2026-03-19 17:49:23,514 [INFO] ✅ 기초 자료 및 매핑 로드 완료 (Mode: DAILY, Target Date: 2026-03-16)
2026-03-19 17:49:23,514 [INFO] 🚀 일일 변동분 수집 시작 (2026-03-16 기준)
2026-03-19 17:49:23,515 [INFO] 🔎 [1] 행정안전부_식품_즉석판매제조가공업 조회서비스 조회 중...
2026-03-19 17:49:31,468 [INFO]    ... 20/1494 페이지 로드 중...
2026-03-19 17:49:37,361 [INFO]    ... 40/1494 페이지 로드 중...
2026-03-19 17:49:43,962 [INFO]    ... 60/1494 페이지 로드 중...
2026-03-19 17:49:51,724 [INFO]    ... 80/1494 페이지 로드 중...
2026-03-19 17:50:00,200 [INFO]    ... 100/1494 페이지 로드 중...
2026-03-19 17:50:24,851 [INFO]    ... 120/1494 페이지 로드 중...
2026-03-19 17:50:34,319 [INFO]    ... 140/1494 페이지 로드 중...
2026-03-19 17:50:43,510 [INFO]    ... 160/1494 페이지 로드 중...
2026-03-19 17:50:57,042 [INFO]    ... 180/1494 페이지 로드 중...
2026-03-19 17:51:26,625 [INFO]    ... 200/1494 페이지 로드 중...
2026-03-19 17:51:47,225 [INFO]    ... 220/1494 페이지 로드 중...
2026-03-19 17:52:28,379 [INFO]    ... 240/1494 페이지 로드 중...
2026-03-19 17:52:52,989 [INFO]    ... 260/1494 페이지 로드 중...
2026-03-19 17:53:20,097 [INFO]    ... 280/1494 페이지 로드 중...
2026-03-19 17:53:42,038 [INFO]    ... 300/1494 페이지 로드 중...
2026-03-19 17:54:11,229 [INFO]    ... 320/1494 페이지 로드 중...
2026-03-19 17:54:34,062 [INFO]    ... 340/1494 페이지 로드 중...
2026-03-19 17:54:59,825 [INFO]    ... 360/1494 페이지 로드 중...
2026-03-19 17:55:26,389 [INFO]    ... 380/1494 페이지 로드 중...
2026-03-19 17:55:59,132 [INFO]    ... 400/1494 페이지 로드 중...
2026-03-19 17:56:19,216 [INFO]    ... 420/1494 페이지 로드 중...
2026-03-19 17:57:07,118 [INFO] ✅ 기초 자료 및 매핑 로드 완료 (Mode: DAILY, Target Date: 2026-03-16, Workers: 10)
2026-03-19 17:57:07,119 [INFO] 🚀 일일 변동분 수집 시작 (2026-03-16 기준)
2026-03-19 17:57:07,119 [INFO] 🔎 [1] 행정안전부_식품_즉석판매제조가공업 조회서비스 조회 중...
2026-03-19 17:57:07,249 [INFO]    ... 총 746633건, 1494 페이지 처리 시작 (Workers: 10)
2026-03-19 17:57:08,047 [INFO]       ... 1/1494 페이지 진행 중...
2026-03-19 17:57:10,500 [INFO]       ... 41/1494 페이지 진행 중...
2026-03-19 17:57:14,066 [INFO]       ... 81/1494 페이지 진행 중...
2026-03-19 17:57:18,902 [INFO]       ... 121/1494 페이지 진행 중...
2026-03-19 17:57:23,279 [INFO]       ... 161/1494 페이지 진행 중...
2026-03-19 17:57:27,166 [INFO]       ... 201/1494 페이지 진행 중...
2026-03-19 17:57:33,161 [INFO]       ... 241/1494 페이지 진행 중...
2026-03-19 17:57:38,525 [INFO]       ... 281/1494 페이지 진행 중...
2026-03-19 17:57:42,201 [INFO]       ... 321/1494 페이지 진행 중...
2026-03-19 17:57:46,196 [INFO]       ... 361/1494 페이지 진행 중...
2026-03-19 17:57:50,600 [INFO]       ... 401/1494 페이지 진행 중...
2026-03-19 17:57:56,408 [INFO]       ... 441/1494 페이지 진행 중...
2026-03-19 17:58:02,858 [INFO]       ... 481/1494 페이지 진행 중...
2026-03-19 17:58:10,439 [INFO]       ... 521/1494 페이지 진행 중...
2026-03-19 17:58:17,456 [INFO]       ... 561/1494 페이지 진행 중...
2026-03-19 17:58:26,498 [INFO]       ... 601/1494 페이지 진행 중...
2026-03-19 17:58:34,016 [INFO]       ... 641/1494 페이지 진행 중...
2026-03-19 17:58:42,167 [INFO]       ... 681/1494 페이지 진행 중...
2026-03-19 17:58:50,041 [INFO]       ... 721/1494 페이지 진행 중...
2026-03-19 17:58:58,156 [INFO]       ... 761/1494 페이지 진행 중...
2026-03-19 17:59:06,049 [INFO]       ... 801/1494 페이지 진행 중...
2026-03-19 17:59:16,019 [INFO]       ... 841/1494 페이지 진행 중...
2026-03-19 17:59:24,702 [INFO]       ... 881/1494 페이지 진행 중...
2026-03-19 17:59:33,826 [INFO]       ... 921/1494 페이지 진행 중...
2026-03-19 17:59:43,310 [INFO]       ... 961/1494 페이지 진행 중...
2026-03-19 17:59:53,286 [INFO]       ... 1001/1494 페이지 진행 중...
2026-03-19 18:00:07,383 [INFO]       ... 1041/1494 페이지 진행 중...
2026-03-19 18:00:26,162 [INFO]       ... 1081/1494 페이지 진행 중...
2026-03-19 18:00:43,464 [INFO]       ... 1121/1494 페이지 진행 중...
2026-03-19 18:01:06,874 [INFO]       ... 1161/1494 페이지 진행 중...
2026-03-19 18:01:25,883 [INFO]       ... 1201/1494 페이지 진행 중...
2026-03-19 18:01:46,474 [INFO]       ... 1241/1494 페이지 진행 중...
2026-03-19 18:02:04,217 [INFO]       ... 1281/1494 페이지 진행 중...
2026-03-19 18:02:20,146 [INFO]       ... 1321/1494 페이지 진행 중...
2026-03-19 18:02:35,368 [INFO]       ... 1361/1494 페이지 진행 중...
2026-03-19 18:02:53,239 [INFO]       ... 1401/1494 페이지 진행 중...
2026-03-19 18:03:10,474 [INFO]       ... 1441/1494 페이지 진행 중...
2026-03-19 18:03:23,858 [INFO]       ... 1481/1494 페이지 진행 중...
2026-03-19 18:03:23,861 [INFO]    ℹ️ 변동 사항 없음
2026-03-19 18:03:24,164 [INFO] 🔎 [2] 행정안전부_식품_집단급식소식품판매업 조회 중...
2026-03-19 18:03:24,286 [INFO]    ... 총 23833건, 48 페이지 처리 시작 (Workers: 10)
2026-03-19 18:03:24,940 [INFO]       ... 1/48 페이지 진행 중...
2026-03-19 18:03:25,938 [INFO]       ... 41/48 페이지 진행 중...
2026-03-19 18:03:25,938 [INFO]    ℹ️ 변동 사항 없음
2026-03-19 18:03:26,244 [INFO] 🔎 [3] 행정안전부_식품_집유업 조회서비스 조회 중...
2026-03-19 18:03:26,331 [INFO]    ... 총 89건, 1 페이지 처리 시작 (Workers: 10)
2026-03-19 18:03:26,410 [INFO]       ... 1/1 페이지 진행 중...
2026-03-19 18:03:26,412 [INFO]    ℹ️ 변동 사항 없음
2026-03-19 18:03:26,717 [INFO] 🔎 [4] 행정안전부_식품_축산가공업 조회서비스 조회 중...
2026-03-19 18:03:27,194 [INFO]    ... 총 12001건, 25 페이지 처리 시작 (Workers: 10)
2026-03-19 18:03:27,895 [INFO]       ... 1/25 페이지 진행 중...
2026-03-19 18:03:28,131 [INFO]    ℹ️ 변동 사항 없음
2026-03-19 18:03:28,443 [INFO] 🔎 [135] 행정안전부_기타_담배수입판매업체 조회서비스 조회 중...
2026-03-19 18:03:59,352 [INFO]    ℹ️ 변동 사항 없음
2026-03-19 18:03:59,656 [WARNING] ⚠️ 오늘(타겟 날짜)의 변동 데이터가 없습니다.
2026-03-19 18:03:59,657 [INFO] 🏁 작업 종료.
2026-03-20 01:06:50,473 [INFO] ✅ 기초 자료 및 매핑 로드 완료 (Mode: DAILY, Target Date: 2026-03-17, Workers: 10)
2026-03-20 01:06:50,473 [INFO] 🚀 일일 변동분 수집 시작 (2026-03-17 기준)
2026-03-20 01:06:50,474 [INFO] 🔎 [1] 행정안전부_식품_즉석판매제조가공업 조회서비스 조회 중...
2026-03-20 01:06:51,816 [INFO]    ... 총 746825건, 1494 페이지 처리 시작 (Workers: 10)
2026-03-20 01:07:01,442 [INFO]       ... 1/1494 페이지 진행 중...
2026-03-20 01:07:22,714 [INFO]       ... 41/1494 페이지 진행 중...
2026-03-20 01:07:37,648 [INFO]       ... 81/1494 페이지 진행 중...
2026-03-20 01:07:45,056 [INFO]       ... 121/1494 페이지 진행 중...
2026-03-20 01:07:50,726 [INFO]       ... 161/1494 페이지 진행 중...
2026-03-20 01:07:57,001 [INFO]       ... 201/1494 페이지 진행 중...
2026-03-20 01:08:05,110 [INFO]       ... 241/1494 페이지 진행 중...
2026-03-20 01:08:15,770 [INFO]       ... 281/1494 페이지 진행 중...
2026-03-20 01:08:32,120 [INFO]       ... 321/1494 페이지 진행 중...
2026-03-20 01:08:44,017 [INFO]       ... 361/1494 페이지 진행 중...
2026-03-20 01:08:54,237 [INFO]       ... 401/1494 페이지 진행 중...
2026-03-20 01:09:07,920 [INFO]       ... 441/1494 페이지 진행 중...
2026-03-20 01:09:18,829 [INFO]       ... 481/1494 페이지 진행 중...
2026-03-20 01:09:30,387 [INFO]       ... 521/1494 페이지 진행 중...
2026-03-20 01:09:39,759 [INFO]       ... 561/1494 페이지 진행 중...
2026-03-20 01:09:51,317 [INFO]       ... 601/1494 페이지 진행 중...
2026-03-20 01:10:05,533 [INFO]       ... 641/1494 페이지 진행 중...
2026-03-20 01:10:22,918 [INFO]       ... 681/1494 페이지 진행 중...
2026-03-20 01:10:40,387 [INFO]       ... 721/1494 페이지 진행 중...
2026-03-20 01:10:53,849 [INFO]       ... 761/1494 페이지 진행 중...
2026-03-20 01:11:05,765 [INFO]       ... 801/1494 페이지 진행 중...
2026-03-20 01:11:17,654 [INFO]       ... 841/1494 페이지 진행 중...
2026-03-20 01:11:30,150 [INFO]       ... 881/1494 페이지 진행 중...
2026-03-20 01:11:47,478 [INFO]       ... 921/1494 페이지 진행 중...
2026-03-20 01:12:02,829 [INFO]       ... 961/1494 페이지 진행 중...
2026-03-20 01:12:21,671 [INFO]       ... 1001/1494 페이지 진행 중...
2026-03-20 01:12:40,624 [INFO]       ... 1041/1494 페이지 진행 중...
2026-03-20 01:12:58,563 [INFO]       ... 1081/1494 페이지 진행 중...
2026-03-20 01:13:15,519 [INFO]       ... 1121/1494 페이지 진행 중...
2026-03-20 01:13:31,947 [INFO]       ... 1161/1494 페이지 진행 중...
2026-03-20 01:13:46,815 [INFO]       ... 1201/1494 페이지 진행 중...
2026-03-20 01:14:11,798 [INFO]       ... 1241/1494 페이지 진행 중...
2026-03-20 01:14:29,170 [INFO]       ... 1281/1494 페이지 진행 중...
2026-03-20 01:14:48,451 [INFO]       ... 1321/1494 페이지 진행 중...
2026-03-20 01:15:05,713 [INFO]       ... 1361/1494 페이지 진행 중...
2026-03-20 01:15:31,053 [INFO]       ... 1401/1494 페이지 진행 중...
2026-03-20 01:15:51,816 [INFO]       ... 1441/1494 페이지 진행 중...
2026-03-20 01:16:12,683 [INFO]       ... 1481/1494 페이지 진행 중...
2026-03-20 01:16:12,684 [INFO]    ℹ️ 변동 사항 없음
2026-03-20 01:16:12,985 [INFO] 🔎 [2] 행정안전부_식품_집단급식소식품판매업 조회 중...
2026-03-20 01:16:13,486 [INFO]    ... 총 23840건, 48 페이지 처리 시작 (Workers: 10)
2026-03-20 01:16:18,177 [INFO]       ... 1/48 페이지 진행 중...
2026-03-20 01:16:23,531 [INFO]       ... 41/48 페이지 진행 중...
2026-03-20 01:16:23,532 [INFO]    ℹ️ 변동 사항 없음
2026-03-20 01:16:23,833 [INFO] 🔎 [3] 행정안전부_식품_집유업 조회서비스 조회 중...
2026-03-20 01:16:26,489 [INFO]    ... 총 89건, 1 페이지 처리 시작 (Workers: 10)
2026-03-20 01:16:26,967 [INFO]       ... 1/1 페이지 진행 중...
2026-03-20 01:16:26,968 [INFO]    ℹ️ 변동 사항 없음
2026-03-20 01:16:27,269 [INFO] 🔎 [4] 행정안전부_식품_축산가공업 조회서비스 조회 중...
2026-03-20 01:16:28,394 [INFO]    ... 총 12003건, 25 페이지 처리 시작 (Workers: 10)
2026-03-20 01:16:31,189 [INFO]       ... 1/25 페이지 진행 중...
2026-03-20 01:16:32,756 [INFO]    ℹ️ 변동 사항 없음
2026-03-20 01:16:33,067 [INFO] 🔎 [135] 행정안전부_기타_담배수입판매업체 조회서비스 조회 중...
2026-03-20 01:17:08,301 [INFO]    ℹ️ 변동 사항 없음
2026-03-20 01:17:08,603 [WARNING] ⚠️ 오늘(타겟 날짜)의 변동 데이터가 없습니다.
2026-03-20 01:17:08,603 [INFO] 🏁 작업 종료.
2026-03-20 11:23:12,512 [INFO] ✅ 기초 자료 및 매핑 로드 완료 (Mode: DAILY, Target Date: 2026-03, Workers: 10)
2026-03-20 11:23:12,512 [INFO] 🚀 일일 변동분 수집 시작 (2026-03 기준)
2026-03-20 11:23:12,512 [INFO] 🔎 [1] 행정안전부_문화_게임물제작업 조회서비스 조회 중...
2026-03-20 11:23:14,778 [INFO]    ... 총 13287건, 27 페이지 처리 시작 (Workers: 10)
2026-03-20 11:23:17,733 [INFO]       ... 1/27 페이지 진행 중...
2026-03-20 11:23:19,407 [INFO]    ✅ 118건 저장 완료
2026-03-20 11:23:19,713 [INFO] 🔎 [2] 행정안전부_문화_복합영상물제공업 조회서비스 조회 중...
2026-03-20 11:23:21,980 [INFO]    ... 총 99건, 1 페이지 처리 시작 (Workers: 10)
2026-03-20 11:23:23,813 [INFO]       ... 1/1 페이지 진행 중...
2026-03-20 11:23:23,815 [INFO]    ℹ️ 변동 사항 없음
2026-03-20 11:23:24,121 [INFO] 🔎 [3] 행정안전부_문화_복합유통게임제공업 조회서비스 조회 중...
2026-03-20 11:23:25,636 [INFO]    ... 총 7570건, 16 페이지 처리 시작 (Workers: 10)
2026-03-20 11:23:29,761 [INFO]       ... 1/16 페이지 진행 중...
2026-03-20 11:23:29,766 [INFO]    ✅ 4건 저장 완료
2026-03-20 11:23:30,072 [INFO] 🔎 [4] 행정안전부_문화_인터넷컴퓨터게임시설제공업 조회서비스 조회 중...
2026-03-20 11:23:31,859 [INFO]    ... 총 80948건, 162 페이지 처리 시작 (Workers: 10)
2026-03-20 11:23:36,818 [INFO]       ... 1/162 페이지 진행 중...
2026-03-20 11:23:47,075 [INFO]       ... 41/162 페이지 진행 중...
2026-03-20 11:23:58,492 [INFO]       ... 81/162 페이지 진행 중...
2026-03-20 11:24:07,281 [INFO]       ... 121/162 페이지 진행 중...
2026-03-20 11:24:11,932 [INFO]       ... 161/162 페이지 진행 중...
2026-03-20 11:24:11,964 [INFO]    ✅ 1831건 저장 완료
2026-03-20 11:24:12,269 [INFO] 🔎 [5] 행정안전부_문화_청소년게임제공업 조회서비스 조회 중...
2026-03-20 11:24:13,053 [INFO]    ... 총 29978건, 60 페이지 처리 시작 (Workers: 10)
2026-03-20 11:24:15,091 [INFO]       ... 1/60 페이지 진행 중...
2026-03-20 11:24:18,750 [INFO]       ... 41/60 페이지 진행 중...
2026-03-20 11:24:18,759 [INFO]    ✅ 314건 저장 완료
2026-03-20 11:24:19,065 [INFO] 🔎 [6] 행정안전부_문화_공연장 조회서비스 조회 중...
2026-03-20 11:24:19,181 [INFO]    ... 총 2805건, 6 페이지 처리 시작 (Workers: 10)
2026-03-20 11:24:20,076 [INFO]       ... 1/6 페이지 진행 중...
2026-03-20 11:24:20,078 [INFO]    ✅ 153건 저장 완료
2026-03-20 11:24:20,384 [INFO] 🔎 [7] 행정안전부_문화_관광공연장업 조회서비스 조회 중...
2026-03-20 11:24:20,463 [INFO]    ... 총 29건, 1 페이지 처리 시작 (Workers: 10)
2026-03-20 11:24:21,942 [INFO]       ... 1/1 페이지 진행 중...
2026-03-20 11:24:21,948 [INFO]    ✅ 2건 저장 완료
2026-03-20 11:24:22,254 [INFO] 🔎 [8] 행정안전부_문화_관광극장유흥업 조회서비스 조회 중...
2026-03-20 11:24:23,194 [INFO]    ... 총 185건, 1 페이지 처리 시작 (Workers: 10)
2026-03-20 11:24:23,296 [INFO]       ... 1/1 페이지 진행 중...
2026-03-20 11:24:23,299 [INFO]    ✅ 6건 저장 완료
2026-03-20 11:24:23,616 [INFO] 📦 결과물 압축 중... (LOCALDATA_DAILY_202603.zip)
2026-03-20 11:24:23,647 [INFO] ✨ 최종 압축 완료: /Users/heebonpark/Downloads/내프로젝트모음/미스터리쇼핑_지도적용/data/LOCALDATA_DAILY_202603.zip
2026-03-20 11:24:23,647 [INFO] 🏁 작업 종료.
2026-03-20 11:24:24,985 [INFO] ✅ 기초 자료 및 매핑 로드 완료 (Mode: DAILY, Target Date: 2026-03, Workers: 10)
2026-03-20 11:24:24,985 [INFO] 🚀 일일 변동분 수집 시작 (2026-03 기준)
2026-03-20 11:24:24,985 [INFO] 🔎 [1] 행정안전부_문화_게임물제작업 조회서비스 조회 중...
2026-03-20 11:24:25,328 [INFO]    ... 총 13287건, 27 페이지 처리 시작 (Workers: 10)
2026-03-20 11:24:29,017 [INFO]       ... 1/27 페이지 진행 중...
2026-03-20 11:24:30,299 [INFO]    ✅ 118건 저장 완료
2026-03-20 11:24:30,600 [INFO] 🔎 [2] 행정안전부_문화_복합영상물제공업 조회서비스 조회 중...
2026-03-20 11:24:31,383 [INFO]    ... 총 99건, 1 페이지 처리 시작 (Workers: 10)
2026-03-20 11:24:31,470 [INFO]       ... 1/1 페이지 진행 중...
2026-03-20 11:24:31,471 [INFO]    ℹ️ 변동 사항 없음
2026-03-20 11:24:31,776 [INFO] 🔎 [3] 행정안전부_문화_복합유통게임제공업 조회서비스 조회 중...
2026-03-20 11:24:33,294 [INFO]    ... 총 7570건, 16 페이지 처리 시작 (Workers: 10)
2026-03-20 11:24:34,732 [INFO]       ... 1/16 페이지 진행 중...
2026-03-20 11:24:34,736 [INFO]    ✅ 4건 저장 완료
2026-03-20 11:24:35,038 [INFO] 🔎 [4] 행정안전부_문화_인터넷컴퓨터게임시설제공업 조회서비스 조회 중...
2026-03-20 11:24:35,149 [INFO]    ... 총 80948건, 162 페이지 처리 시작 (Workers: 10)
2026-03-20 11:24:39,000 [INFO]       ... 1/162 페이지 진행 중...
2026-03-20 11:24:43,913 [INFO]       ... 41/162 페이지 진행 중...
2026-03-20 11:24:51,870 [INFO]       ... 81/162 페이지 진행 중...
2026-03-20 11:24:58,931 [INFO]       ... 121/162 페이지 진행 중...
2026-03-20 11:25:02,164 [INFO]       ... 161/162 페이지 진행 중...
2026-03-20 11:25:02,199 [INFO]    ✅ 1831건 저장 완료
2026-03-20 11:25:02,500 [INFO] 🔎 [5] 행정안전부_문화_청소년게임제공업 조회서비스 조회 중...
2026-03-20 11:25:02,628 [INFO]    ... 총 29978건, 60 페이지 처리 시작 (Workers: 10)
2026-03-20 11:25:04,370 [INFO]       ... 1/60 페이지 진행 중...
2026-03-20 11:25:06,789 [INFO]       ... 41/60 페이지 진행 중...
2026-03-20 11:25:06,803 [INFO]    ✅ 314건 저장 완료
2026-03-20 11:25:07,108 [INFO] 🔎 [6] 행정안전부_문화_공연장 조회서비스 조회 중...
2026-03-20 11:25:07,214 [INFO]    ... 총 2805건, 6 페이지 처리 시작 (Workers: 10)
2026-03-20 11:25:07,949 [INFO]       ... 1/6 페이지 진행 중...
2026-03-20 11:25:07,958 [INFO]    ✅ 153건 저장 완료
2026-03-20 11:25:08,259 [INFO] 🔎 [7] 행정안전부_문화_관광공연장업 조회서비스 조회 중...
2026-03-20 11:25:08,328 [INFO]    ... 총 29건, 1 페이지 처리 시작 (Workers: 10)
2026-03-20 11:25:09,148 [INFO]       ... 1/1 페이지 진행 중...
2026-03-20 11:25:09,154 [INFO]    ✅ 2건 저장 완료
2026-03-20 11:25:09,456 [INFO] 🔎 [8] 행정안전부_문화_관광극장유흥업 조회서비스 조회 중...
2026-03-20 11:25:10,443 [INFO]    ... 총 185건, 1 페이지 처리 시작 (Workers: 10)
2026-03-20 11:25:11,572 [INFO]       ... 1/1 페이지 진행 중...
2026-03-20 11:25:11,577 [INFO]    ✅ 6건 저장 완료
2026-03-20 11:25:11,893 [INFO] 📦 결과물 압축 중... (LOCALDATA_DAILY_202603.zip)
2026-03-20 11:25:11,924 [INFO] ✨ 최종 압축 완료: /Users/heebonpark/Downloads/내프로젝트모음/미스터리쇼핑_지도적용/data/LOCALDATA_DAILY_202603.zip
2026-03-20 11:25:11,924 [INFO] 🏁 작업 종료.
2026-03-21 01:02:32,731 [INFO] ✅ 기초 자료 및 매핑 로드 완료 (Mode: DAILY, Target Date: 2026-03-18, Workers: 10)
2026-03-21 01:02:32,731 [INFO] 🚀 일일 변동분 수집 시작 (2026-03-18 기준)
2026-03-21 01:02:32,731 [INFO] 🔎 [1] 행정안전부_생활_체력단련장업 조회서비스 조회 중...
2026-03-21 01:02:34,131 [INFO]    ... 총 27349건, 55 페이지 처리 시작 (Workers: 10)
2026-03-21 01:02:37,368 [INFO]       ... 1/55 페이지 진행 중...
2026-03-21 01:02:44,737 [INFO]       ... 41/55 페이지 진행 중...
2026-03-21 01:02:44,737 [INFO]    ℹ️ 변동 사항 없음
2026-03-21 01:02:45,038 [INFO] 🔎 [2] 행정안전부_생활_체육도장업 조회서비스 조회 중...
2026-03-21 01:02:45,632 [INFO]    ... 총 32500건, 65 페이지 처리 시작 (Workers: 10)
2026-03-21 01:02:48,056 [INFO]       ... 1/65 페이지 진행 중...
2026-03-21 01:02:54,617 [INFO]       ... 41/65 페이지 진행 중...
2026-03-21 01:02:56,701 [INFO]    ℹ️ 변동 사항 없음
2026-03-21 01:02:57,002 [INFO] 🔎 [3] 행정안전부_생활_목욕장업 조회서비스 조회 중...
2026-03-21 01:02:59,023 [INFO]    ... 총 17702건, 36 페이지 처리 시작 (Workers: 10)
2026-03-21 01:03:01,563 [INFO]       ... 1/36 페이지 진행 중...
2026-03-21 01:03:04,065 [INFO]    ✅ 1건 저장 완료
2026-03-21 01:03:04,366 [INFO] 🔎 [4] 행정안전부_자원환경_목재수입유통업 조회서비스 조회 중...
2026-03-21 01:03:04,866 [INFO]    ... 총 3395건, 7 페이지 처리 시작 (Workers: 10)
2026-03-21 01:03:06,076 [INFO]       ... 1/7 페이지 진행 중...
2026-03-21 01:03:06,076 [INFO]    ℹ️ 변동 사항 없음
2026-03-21 01:03:06,377 [INFO] 🔎 [5] 행정안전부_자원환경_원목생산업 조회서비스 조회 중...
2026-03-21 01:03:06,874 [INFO]    ... 총 3568건, 8 페이지 처리 시작 (Workers: 10)
2026-03-21 01:03:08,176 [INFO]       ... 1/8 페이지 진행 중...
2026-03-21 01:03:08,177 [INFO]    ℹ️ 변동 사항 없음
2026-03-21 01:03:08,478 [INFO] 🔎 [6] 행정안전부_자원환경_제재업 조회서비스 조회 중...
2026-03-21 01:03:10,322 [INFO]    ... 총 2833건, 6 페이지 처리 시작 (Workers: 10)
2026-03-21 01:03:13,695 [INFO]       ... 1/6 페이지 진행 중...
2026-03-21 01:03:13,695 [INFO]    ℹ️ 변동 사항 없음
2026-03-21 01:03:13,996 [INFO] 🔎 [7] 행정안전부_자원환경_계량기수리업 조회서비스 조회 중...
2026-03-21 01:03:14,500 [INFO]    ... 총 1155건, 3 페이지 처리 시작 (Workers: 10)
2026-03-21 01:03:16,466 [INFO]       ... 1/3 페이지 진행 중...
2026-03-21 01:03:16,467 [INFO]    ℹ️ 변동 사항 없음
2026-03-21 01:03:16,767 [INFO] 🔎 [8] 행정안전부_자원환경_계량기수입업 조회서비스 조회 중...
2026-03-21 01:03:18,424 [INFO]    ℹ️ 변동 사항 없음
2026-03-21 01:03:18,725 [INFO] 🔎 [9] 행정안전부_자원환경_계량기제조업 조회서비스 조회 중...
2026-03-21 01:03:20,860 [INFO]    ℹ️ 변동 사항 없음
2026-03-21 01:03:21,161 [INFO] 🔎 [10] 행정안전부_자원환경_계량기증명업 조회서비스 조회 중...
2026-03-21 01:03:23,307 [INFO]    ℹ️ 변동 사항 없음
2026-03-21 01:03:23,608 [INFO] 🔎 [11] 행정안전부_자원환경_고압가스업 조회서비스 조회 중...
2026-03-21 01:03:24,573 [INFO]    ℹ️ 변동 사항 없음
2026-03-21 01:03:24,873 [INFO] 🔎 [12] 행정안전부_자원환경_석연탄제조업 조회서비스 조회 중...
2026-03-21 01:03:25,120 [INFO]    ℹ️ 변동 사항 없음
2026-03-21 01:03:25,421 [INFO] 🔎 [13] 행정안전부_자원환경_석유및석유대체연료판매업체 조회서비스 조회 중...
2026-03-21 01:03:26,723 [INFO]    ℹ️ 변동 사항 없음
2026-03-21 01:03:27,024 [INFO] 🔎 [14] 행정안전부_자원환경_석유판매업 조회서비스 조회 중...
2026-03-21 01:03:28,332 [INFO]    ℹ️ 변동 사항 없음
2026-03-21 01:03:28,633 [INFO] 🔎 [15] 행정안전부_자원환경_액화석유가스용품제조업체 조회서비스 조회 중...
2026-03-21 01:03:28,854 [INFO]    ℹ️ 변동 사항 없음
2026-03-21 01:03:29,154 [INFO] 🔎 [16] 행정안전부_자원환경_일반도시가스업체 조회서비스 조회 중...
2026-03-21 01:03:30,306 [INFO]    ℹ️ 변동 사항 없음
2026-03-21 01:03:30,607 [INFO] 🔎 [17] 행정안전부_자원환경_전력기술감리업체 조회서비스 조회 중...
2026-03-21 01:03:30,829 [INFO]    ℹ️ 변동 사항 없음
2026-03-21 01:03:31,129 [INFO] 🔎 [18] 행정안전부_자원환경_전력기술설계업체 조회서비스 조회 중...
2026-03-21 01:03:31,350 [INFO]    ℹ️ 변동 사항 없음
2026-03-21 01:03:31,651 [INFO] 🔎 [19] 행정안전부_자원환경_특정고압가스업 조회서비스 조회 중...
2026-03-21 01:03:32,058 [INFO]    ℹ️ 변동 사항 없음
2026-03-21 01:03:32,359 [INFO] 🔎 [20] 행정안전부_자원환경_지하수시공업체 조회서비스 조회 중...
2026-03-21 01:03:32,688 [INFO]    ℹ️ 변동 사항 없음
2026-03-21 01:03:32,989 [INFO] 🔎 [21] 행정안전부_자원환경_지하수영향조사기관 조회서비스 조회 중...
2026-03-21 01:03:33,214 [INFO]    ℹ️ 변동 사항 없음
2026-03-21 01:03:33,514 [INFO] 🔎 [22] 행정안전부_자원환경_지하수정화업체 조회서비스 조회 중...
2026-03-21 01:03:33,737 [INFO]    ℹ️ 변동 사항 없음
2026-03-21 01:03:34,038 [INFO] 🔎 [23] 행정안전부_자원환경_가축분뇨수집운반업 조회서비스 조회 중...
2026-03-21 01:03:34,409 [INFO]    ℹ️ 변동 사항 없음
2026-03-21 01:03:34,710 [INFO] 🔎 [24] 행정안전부_자원환경_가축분뇨배출시설관리업(사업장) 조회서비스 조회 중...
2026-03-21 01:03:34,990 [INFO]    ℹ️ 변동 사항 없음
2026-03-21 01:03:35,291 [INFO] 🔎 [25] 행정안전부_자원환경_개인하수처리시설관리업(사업장) 조회서비스 조회 중...
2026-03-21 01:03:35,652 [INFO]    ℹ️ 변동 사항 없음
2026-03-21 01:03:35,953 [INFO] 🔎 [26] 행정안전부_자원환경_건물위생관리업 조회서비스 조회 중...
2026-03-21 01:03:36,175 [INFO]    ℹ️ 변동 사항 없음
2026-03-21 01:03:36,476 [INFO] 🔎 [27] 행정안전부_자원환경_건설폐기물처리업 조회서비스 조회 중...
2026-03-21 01:03:36,704 [INFO]    ℹ️ 변동 사항 없음
2026-03-21 01:03:37,005 [INFO] 🔎 [28] 행정안전부_자원환경_급수공사대행업 조회서비스 조회 중...
2026-03-21 01:03:37,226 [INFO]    ℹ️ 변동 사항 없음
2026-03-21 01:03:37,526 [INFO] 🔎 [29] 행정안전부_자원환경_단독정화조 및 오수처리시설설계시공업 조회서비스 조회 중...
2026-03-21 01:03:37,748 [INFO]    ℹ️ 변동 사항 없음
2026-03-21 01:03:38,049 [INFO] 🔎 [30] 행정안전부_자원환경_대기오염물질배출시설설치사업장 조회서비스 조회 중...
2026-03-21 01:03:38,276 [INFO]    ℹ️ 변동 사항 없음
2026-03-21 01:03:38,576 [INFO] 🔎 [31] 행정안전부_자원환경_배출가스전문정비사업자(확인검사대행자) 조회서비스 조회 중...
2026-03-21 01:03:38,801 [INFO]    ℹ️ 변동 사항 없음
2026-03-21 01:03:39,102 [INFO] 🔎 [32] 행정안전부_자원환경_분뇨수집운반업 조회서비스 조회 중...
2026-03-21 01:03:39,491 [INFO]    ℹ️ 변동 사항 없음
2026-03-21 01:03:39,792 [INFO] 🔎 [33] 행정안전부_자원환경_소독업 조회서비스 조회 중...
2026-03-21 01:03:40,015 [INFO]    ℹ️ 변동 사항 없음
2026-03-21 01:03:40,316 [INFO] 🔎 [34] 행정안전부_자원환경_수질오염원설치시설(기타) 조회서비스 조회 중...
2026-03-21 01:03:40,539 [INFO]    ℹ️ 변동 사항 없음
2026-03-21 01:03:40,839 [INFO] 🔎 [35] 행정안전부_자원환경_쓰레기종량제봉투판매업 조회서비스 조회 중...
2026-03-21 01:03:41,961 [INFO]    ℹ️ 변동 사항 없음
2026-03-21 01:03:42,262 [INFO] 🔎 [36] 행정안전부_자원환경_저수조청소업 조회서비스 조회 중...
2026-03-21 01:03:42,491 [INFO]    ℹ️ 변동 사항 없음
2026-03-21 01:03:42,791 [INFO] 🔎 [37] 행정안전부_자원환경_환경관리대행기관 조회서비스 조회 중...
2026-03-21 01:03:43,165 [INFO]    ℹ️ 변동 사항 없음
2026-03-21 01:03:43,466 [INFO] 🔎 [38] 행정안전부_자원환경_환경전문공사업 조회서비스 조회 중...
2026-03-21 01:03:44,145 [INFO]    ℹ️ 변동 사항 없음
2026-03-21 01:03:44,446 [INFO] 🔎 [39] 행정안전부_자원환경_환경측정대행업 조회서비스 조회 중...
2026-03-21 01:03:46,144 [INFO]    ℹ️ 변동 사항 없음
2026-03-21 01:03:46,445 [INFO] 🔎 [40] 행정안전부_자원환경_환경컨설팅회사 조회서비스 조회 중...
2026-03-21 01:03:47,516 [INFO]    ℹ️ 변동 사항 없음
2026-03-21 01:03:47,817 [INFO] 🔎 [41] 행정안전부_기타_옥외광고업 조회서비스 조회 중...
2026-03-21 01:03:48,211 [INFO]    ℹ️ 변동 사항 없음
2026-03-21 01:03:48,512 [INFO] 🔎 [42] 행정안전부_기타_인쇄사 조회서비스 조회 중...
2026-03-21 01:03:49,936 [INFO]    ℹ️ 변동 사항 없음
2026-03-21 01:03:50,237 [INFO] 🔎 [43] 행정안전부_기타_출판사 조회서비스 조회 중...
2026-03-21 01:03:50,457 [INFO]    ℹ️ 변동 사항 없음
2026-03-21 01:03:50,758 [INFO] 🔎 [44] 행정안전부_기타_국제물류주선업 조회서비스 조회 중...
2026-03-21 01:03:51,150 [INFO]    ℹ️ 변동 사항 없음
2026-03-21 01:03:51,451 [INFO] 🔎 [45] 행정안전부_기타_민방위급수시설 조회서비스 조회 중...
2026-03-21 01:03:52,557 [INFO]    ℹ️ 변동 사항 없음
2026-03-21 01:03:52,858 [INFO] 🔎 [46] 행정안전부_기타_승강기유지관리업체 조회서비스 조회 중...
2026-03-21 01:03:53,081 [INFO]    ℹ️ 변동 사항 없음
2026-03-21 01:03:53,382 [INFO] 🔎 [47] 행정안전부_기타_승강기제조및수입업체 조회서비스 조회 중...
2026-03-21 01:03:54,604 [INFO]    ℹ️ 변동 사항 없음
2026-03-21 01:03:54,905 [INFO] 🔎 [48] 행정안전부_기타_요양보호사교육기관 조회서비스 조회 중...
2026-03-21 01:03:55,132 [INFO]    ℹ️ 변동 사항 없음
2026-03-21 01:03:55,433 [INFO] 🔎 [49] 행정안전부_기타_장례지도사 교육기관 조회서비스 조회 중...
2026-03-21 01:03:56,163 [INFO]    ℹ️ 변동 사항 없음
2026-03-21 01:03:56,464 [INFO] 🔎 [50] 행정안전부_기타_무료직업소개소 조회서비스 조회 중...
2026-03-21 01:03:57,193 [INFO]    ℹ️ 변동 사항 없음
2026-03-21 01:03:57,494 [INFO] 🔎 [51] 행정안전부_기타_유료직업소개소 조회서비스 조회 중...
2026-03-21 01:03:58,049 [INFO]    ℹ️ 변동 사항 없음
2026-03-21 01:03:58,349 [INFO] 📦 결과물 압축 중... (LOCALDATA_DAILY_20260318.zip)
2026-03-21 01:03:58,350 [INFO] ✨ 최종 압축 완료: /home/runner/work/field-sales-assistant/field-sales-assistant/data/LOCALDATA_DAILY_20260318.zip
2026-03-21 01:03:58,350 [INFO] 🏁 작업 종료.
2026-03-22 01:09:59,176 [INFO] ✅ 기초 자료 및 매핑 로드 완료 (Mode: DAILY, Target Date: 2026-03-19, Workers: 10)
2026-03-22 01:09:59,176 [INFO] 🚀 일일 변동분 수집 시작 (2026-03-19 기준)
2026-03-22 01:09:59,176 [INFO] 🔎 [1] 행정안전부_생활_체력단련장업 조회서비스 조회 중...
2026-03-22 01:10:00,779 [INFO]    ... 총 27352건, 55 페이지 처리 시작 (Workers: 10)
2026-03-22 01:10:05,798 [INFO]       ... 1/55 페이지 진행 중...
2026-03-22 01:10:11,064 [INFO]       ... 41/55 페이지 진행 중...
2026-03-22 01:10:11,065 [INFO]    ℹ️ 변동 사항 없음
2026-03-22 01:10:11,366 [INFO] 🔎 [2] 행정안전부_생활_체육도장업 조회서비스 조회 중...
2026-03-22 01:10:11,907 [INFO]    ... 총 32503건, 66 페이지 처리 시작 (Workers: 10)
2026-03-22 01:10:15,021 [INFO]       ... 1/66 페이지 진행 중...
2026-03-22 01:10:22,801 [INFO]       ... 41/66 페이지 진행 중...
2026-03-22 01:10:25,079 [INFO]    ℹ️ 변동 사항 없음
2026-03-22 01:10:25,379 [INFO] 🔎 [3] 행정안전부_생활_목욕장업 조회서비스 조회 중...
2026-03-22 01:10:26,951 [INFO]    ... 총 17702건, 36 페이지 처리 시작 (Workers: 10)
2026-03-22 01:10:29,686 [INFO]       ... 1/36 페이지 진행 중...
2026-03-22 01:10:32,340 [INFO]    ✅ 2건 저장 완료
2026-03-22 01:10:32,641 [INFO] 🔎 [4] 행정안전부_자원환경_목재수입유통업 조회서비스 조회 중...
2026-03-22 01:10:33,858 [INFO]    ... 총 3396건, 7 페이지 처리 시작 (Workers: 10)
2026-03-22 01:10:35,747 [INFO]       ... 1/7 페이지 진행 중...
2026-03-22 01:10:35,748 [INFO]    ℹ️ 변동 사항 없음
2026-03-22 01:10:36,049 [INFO] 🔎 [5] 행정안전부_자원환경_원목생산업 조회서비스 조회 중...
2026-03-22 01:10:36,565 [INFO]    ... 총 3571건, 8 페이지 처리 시작 (Workers: 10)
2026-03-22 01:10:38,741 [INFO]       ... 1/8 페이지 진행 중...
2026-03-22 01:10:38,741 [INFO]    ℹ️ 변동 사항 없음
2026-03-22 01:10:39,042 [INFO] 🔎 [6] 행정안전부_자원환경_제재업 조회서비스 조회 중...
2026-03-22 01:10:41,806 [INFO]    ... 총 2834건, 6 페이지 처리 시작 (Workers: 10)
2026-03-22 01:10:44,210 [INFO]       ... 1/6 페이지 진행 중...
2026-03-22 01:10:44,211 [INFO]    ℹ️ 변동 사항 없음
2026-03-22 01:10:44,511 [INFO] 🔎 [7] 행정안전부_자원환경_계량기수리업 조회서비스 조회 중...
2026-03-22 01:10:45,017 [INFO]    ... 총 1155건, 3 페이지 처리 시작 (Workers: 10)
2026-03-22 01:10:46,961 [INFO]       ... 1/3 페이지 진행 중...
2026-03-22 01:10:46,963 [INFO]    ✅ 1건 저장 완료
2026-03-22 01:10:47,263 [INFO] 🔎 [8] 행정안전부_자원환경_계량기수입업 조회서비스 조회 중...
2026-03-22 01:10:47,963 [INFO]    ℹ️ 변동 사항 없음
2026-03-22 01:10:48,264 [INFO] 🔎 [9] 행정안전부_자원환경_계량기제조업 조회서비스 조회 중...
2026-03-22 01:10:48,505 [INFO]    ℹ️ 변동 사항 없음
2026-03-22 01:10:48,805 [INFO] 🔎 [10] 행정안전부_자원환경_계량기증명업 조회서비스 조회 중...
2026-03-22 01:10:50,735 [INFO]    ℹ️ 변동 사항 없음
2026-03-22 01:10:51,036 [INFO] 🔎 [11] 행정안전부_자원환경_고압가스업 조회서비스 조회 중...
2026-03-22 01:10:52,163 [INFO]    ℹ️ 변동 사항 없음
2026-03-22 01:10:52,464 [INFO] 🔎 [12] 행정안전부_자원환경_석연탄제조업 조회서비스 조회 중...
2026-03-22 01:10:52,886 [INFO]    ℹ️ 변동 사항 없음
2026-03-22 01:10:53,187 [INFO] 🔎 [13] 행정안전부_자원환경_석유및석유대체연료판매업체 조회서비스 조회 중...
2026-03-22 01:10:53,424 [INFO]    ℹ️ 변동 사항 없음
2026-03-22 01:10:53,725 [INFO] 🔎 [14] 행정안전부_자원환경_석유판매업 조회서비스 조회 중...
2026-03-22 01:10:55,275 [INFO]    ℹ️ 변동 사항 없음
2026-03-22 01:10:55,576 [INFO] 🔎 [15] 행정안전부_자원환경_액화석유가스용품제조업체 조회서비스 조회 중...
2026-03-22 01:10:57,632 [INFO]    ℹ️ 변동 사항 없음
2026-03-22 01:10:57,933 [INFO] 🔎 [16] 행정안전부_자원환경_일반도시가스업체 조회서비스 조회 중...
2026-03-22 01:10:58,171 [INFO]    ℹ️ 변동 사항 없음
2026-03-22 01:10:58,472 [INFO] 🔎 [17] 행정안전부_자원환경_전력기술감리업체 조회서비스 조회 중...
2026-03-22 01:10:59,464 [INFO]    ℹ️ 변동 사항 없음
2026-03-22 01:10:59,764 [INFO] 🔎 [18] 행정안전부_자원환경_전력기술설계업체 조회서비스 조회 중...
2026-03-22 01:11:00,006 [INFO]    ℹ️ 변동 사항 없음
2026-03-22 01:11:00,307 [INFO] 🔎 [19] 행정안전부_자원환경_특정고압가스업 조회서비스 조회 중...
2026-03-22 01:11:01,378 [INFO]    ℹ️ 변동 사항 없음
2026-03-22 01:11:01,679 [INFO] 🔎 [20] 행정안전부_자원환경_지하수시공업체 조회서비스 조회 중...
2026-03-22 01:11:03,864 [INFO]    ℹ️ 변동 사항 없음
2026-03-22 01:11:04,165 [INFO] 🔎 [21] 행정안전부_자원환경_지하수영향조사기관 조회서비스 조회 중...
2026-03-22 01:11:06,295 [INFO]    ℹ️ 변동 사항 없음
2026-03-22 01:11:06,595 [INFO] 🔎 [22] 행정안전부_자원환경_지하수정화업체 조회서비스 조회 중...
2026-03-22 01:11:08,840 [INFO]    ℹ️ 변동 사항 없음
2026-03-22 01:11:09,141 [INFO] 🔎 [23] 행정안전부_자원환경_가축분뇨수집운반업 조회서비스 조회 중...
2026-03-22 01:11:10,334 [INFO]    ℹ️ 변동 사항 없음
2026-03-22 01:11:10,635 [INFO] 🔎 [24] 행정안전부_자원환경_가축분뇨배출시설관리업(사업장) 조회서비스 조회 중...
2026-03-22 01:11:11,015 [INFO]    ℹ️ 변동 사항 없음
2026-03-22 01:11:11,315 [INFO] 🔎 [25] 행정안전부_자원환경_개인하수처리시설관리업(사업장) 조회서비스 조회 중...
2026-03-22 01:11:11,840 [INFO]    ℹ️ 변동 사항 없음
2026-03-22 01:11:12,141 [INFO] 🔎 [26] 행정안전부_자원환경_건물위생관리업 조회서비스 조회 중...
2026-03-22 01:11:12,379 [INFO]    ℹ️ 변동 사항 없음
2026-03-22 01:11:12,680 [INFO] 🔎 [27] 행정안전부_자원환경_건설폐기물처리업 조회서비스 조회 중...
2026-03-22 01:11:12,993 [INFO]    ℹ️ 변동 사항 없음
2026-03-22 01:11:13,294 [INFO] 🔎 [28] 행정안전부_자원환경_급수공사대행업 조회서비스 조회 중...
2026-03-22 01:11:13,532 [INFO]    ℹ️ 변동 사항 없음
2026-03-22 01:11:13,833 [INFO] 🔎 [29] 행정안전부_자원환경_단독정화조 및 오수처리시설설계시공업 조회서비스 조회 중...
2026-03-22 01:11:14,105 [INFO]    ℹ️ 변동 사항 없음
2026-03-22 01:11:14,406 [INFO] 🔎 [30] 행정안전부_자원환경_대기오염물질배출시설설치사업장 조회서비스 조회 중...
2026-03-22 01:11:14,643 [INFO]    ℹ️ 변동 사항 없음
2026-03-22 01:11:14,943 [INFO] 🔎 [31] 행정안전부_자원환경_배출가스전문정비사업자(확인검사대행자) 조회서비스 조회 중...
2026-03-22 01:11:15,179 [INFO]    ℹ️ 변동 사항 없음
2026-03-22 01:11:15,480 [INFO] 🔎 [32] 행정안전부_자원환경_분뇨수집운반업 조회서비스 조회 중...
2026-03-22 01:11:15,919 [INFO]    ℹ️ 변동 사항 없음
2026-03-22 01:11:16,219 [INFO] 🔎 [33] 행정안전부_자원환경_소독업 조회서비스 조회 중...
2026-03-22 01:11:16,457 [INFO]    ℹ️ 변동 사항 없음
2026-03-22 01:11:16,758 [INFO] 🔎 [34] 행정안전부_자원환경_수질오염원설치시설(기타) 조회서비스 조회 중...
2026-03-22 01:11:16,994 [INFO]    ℹ️ 변동 사항 없음
2026-03-22 01:11:17,295 [INFO] 🔎 [35] 행정안전부_자원환경_쓰레기종량제봉투판매업 조회서비스 조회 중...
2026-03-22 01:11:17,534 [INFO]    ℹ️ 변동 사항 없음
2026-03-22 01:11:17,835 [INFO] 🔎 [36] 행정안전부_자원환경_저수조청소업 조회서비스 조회 중...
2026-03-22 01:11:18,071 [INFO]    ℹ️ 변동 사항 없음
2026-03-22 01:11:18,372 [INFO] 🔎 [37] 행정안전부_자원환경_환경관리대행기관 조회서비스 조회 중...
2026-03-22 01:11:18,963 [INFO]    ℹ️ 변동 사항 없음
2026-03-22 01:11:19,264 [INFO] 🔎 [38] 행정안전부_자원환경_환경전문공사업 조회서비스 조회 중...
2026-03-22 01:11:19,503 [INFO]    ℹ️ 변동 사항 없음
2026-03-22 01:11:19,803 [INFO] 🔎 [39] 행정안전부_자원환경_환경측정대행업 조회서비스 조회 중...
2026-03-22 01:11:20,071 [INFO]    ℹ️ 변동 사항 없음
2026-03-22 01:11:20,372 [INFO] 🔎 [40] 행정안전부_자원환경_환경컨설팅회사 조회서비스 조회 중...
2026-03-22 01:11:20,610 [INFO]    ℹ️ 변동 사항 없음
2026-03-22 01:11:20,911 [INFO] 🔎 [41] 행정안전부_기타_옥외광고업 조회서비스 조회 중...
2026-03-22 01:11:21,149 [INFO]    ℹ️ 변동 사항 없음
2026-03-22 01:11:21,450 [INFO] 🔎 [42] 행정안전부_기타_인쇄사 조회서비스 조회 중...
2026-03-22 01:11:21,890 [INFO]    ℹ️ 변동 사항 없음
2026-03-22 01:11:22,191 [INFO] 🔎 [43] 행정안전부_기타_출판사 조회서비스 조회 중...
2026-03-22 01:11:22,428 [INFO]    ℹ️ 변동 사항 없음
2026-03-22 01:11:22,729 [INFO] 🔎 [44] 행정안전부_기타_국제물류주선업 조회서비스 조회 중...
2026-03-22 01:11:22,966 [INFO]    ℹ️ 변동 사항 없음
2026-03-22 01:11:23,267 [INFO] 🔎 [45] 행정안전부_기타_민방위급수시설 조회서비스 조회 중...
2026-03-22 01:11:23,508 [INFO]    ℹ️ 변동 사항 없음
2026-03-22 01:11:23,808 [INFO] 🔎 [46] 행정안전부_기타_승강기유지관리업체 조회서비스 조회 중...
2026-03-22 01:11:24,045 [INFO]    ℹ️ 변동 사항 없음
2026-03-22 01:11:24,345 [INFO] 🔎 [47] 행정안전부_기타_승강기제조및수입업체 조회서비스 조회 중...
2026-03-22 01:11:24,583 [INFO]    ℹ️ 변동 사항 없음
2026-03-22 01:11:24,884 [INFO] 🔎 [48] 행정안전부_기타_요양보호사교육기관 조회서비스 조회 중...
2026-03-22 01:11:25,123 [INFO]    ℹ️ 변동 사항 없음
2026-03-22 01:11:25,424 [INFO] 🔎 [49] 행정안전부_기타_장례지도사 교육기관 조회서비스 조회 중...
2026-03-22 01:11:25,660 [INFO]    ℹ️ 변동 사항 없음
2026-03-22 01:11:25,961 [INFO] 🔎 [50] 행정안전부_기타_무료직업소개소 조회서비스 조회 중...
2026-03-22 01:11:26,201 [INFO]    ℹ️ 변동 사항 없음
2026-03-22 01:11:26,502 [INFO] 🔎 [51] 행정안전부_기타_유료직업소개소 조회서비스 조회 중...
2026-03-22 01:11:26,739 [INFO]    ℹ️ 변동 사항 없음
2026-03-22 01:11:27,039 [INFO] 📦 결과물 압축 중... (LOCALDATA_DAILY_20260319.zip)
2026-03-22 01:11:27,040 [INFO] ✨ 최종 압축 완료: /home/runner/work/field-sales-assistant/field-sales-assistant/data/LOCALDATA_DAILY_20260319.zip
2026-03-22 01:11:27,040 [INFO] 🏁 작업 종료.
2026-04-08 03:20:22,319 [INFO] ✅ 기초 자료 및 매핑 로드 완료 (Mode: DAILY, Target Date: 2026-04-05, Workers: 10)
2026-04-08 03:20:22,319 [INFO] 🚀 일일 변동분 수집 시작 (2026-04-05 기준)
2026-04-08 03:20:22,319 [INFO] 🔎 [1] 행정안전부_건강_병원 조회서비스 조회 중...
2026-04-08 03:20:24,438 [INFO]    ... 총 8271건, 17 페이지 처리 시작 (Workers: 10)
2026-04-08 03:20:27,206 [INFO]       ... 1/17 페이지 진행 중...
2026-04-08 03:20:27,207 [INFO]    ℹ️ 변동 사항 없음
2026-04-08 03:20:27,508 [INFO] 🔎 [2] 행정안전부_건강_부속의료기관 조회서비스 조회 중...
2026-04-08 03:20:27,957 [INFO]    ... 총 488건, 1 페이지 처리 시작 (Workers: 10)
2026-04-08 03:20:28,279 [INFO]       ... 1/1 페이지 진행 중...
2026-04-08 03:20:28,280 [INFO]    ℹ️ 변동 사항 없음
2026-04-08 03:20:28,581 [INFO] 🔎 [3] 행정안전부_건강_산후조리업 조회서비스 조회 중...
2026-04-08 03:20:30,226 [INFO]    ... 총 1012건, 3 페이지 처리 시작 (Workers: 10)
2026-04-08 03:20:33,538 [INFO]       ... 1/3 페이지 진행 중...
2026-04-08 03:20:33,539 [INFO]    ℹ️ 변동 사항 없음
2026-04-08 03:20:33,840 [INFO] 🔎 [4] 행정안전부_건강_안전상비의약품 판매업소 조회서비스 조회 중...
2026-04-08 03:20:34,416 [INFO]    ... 총 90980건, 182 페이지 처리 시작 (Workers: 10)
2026-04-08 03:20:36,208 [INFO]       ... 1/182 페이지 진행 중...
2026-04-08 03:20:40,542 [INFO]       ... 41/182 페이지 진행 중...
2026-04-08 03:20:45,982 [INFO]       ... 81/182 페이지 진행 중...
2026-04-08 03:20:52,015 [INFO]       ... 121/182 페이지 진행 중...
2026-04-08 03:20:59,406 [INFO]       ... 161/182 페이지 진행 중...
2026-04-08 03:21:01,907 [INFO]    ℹ️ 변동 사항 없음
2026-04-08 03:21:02,208 [INFO] 🔎 [5] 행정안전부_건강_약국 조회서비스 조회 중...
2026-04-08 03:21:03,512 [INFO]    ... 총 70095건, 141 페이지 처리 시작 (Workers: 10)
2026-04-08 03:21:06,351 [INFO]       ... 1/141 페이지 진행 중...
2026-04-08 03:21:13,531 [INFO]       ... 41/141 페이지 진행 중...
2026-04-08 03:21:21,388 [INFO]       ... 81/141 페이지 진행 중...
2026-04-08 03:21:30,568 [INFO]       ... 121/141 페이지 진행 중...
2026-04-08 03:21:33,529 [INFO]    ℹ️ 변동 사항 없음
2026-04-08 03:21:33,830 [INFO] 🔎 [6] 행정안전부_건강_응급환자이송업 조회서비스 조회 중...
2026-04-08 03:21:35,155 [INFO]    ... 총 165건, 1 페이지 처리 시작 (Workers: 10)
2026-04-08 03:21:35,426 [INFO]       ... 1/1 페이지 진행 중...
2026-04-08 03:21:35,426 [INFO]    ℹ️ 변동 사항 없음
2026-04-08 03:21:35,727 [INFO] 🔎 [7] 행정안전부_건강_의료법인 조회서비스 조회 중...
2026-04-08 03:21:36,163 [INFO]    ... 총 1631건, 4 페이지 처리 시작 (Workers: 10)
2026-04-08 03:21:36,836 [INFO]       ... 1/4 페이지 진행 중...
2026-04-08 03:21:36,839 [INFO]    ✅ 1건 저장 완료
2026-04-08 03:21:37,139 [INFO] 🔎 [8] 행정안전부_건강_의료유사업 조회서비스 조회 중...
2026-04-08 03:21:38,286 [INFO]    ... 총 3351건, 7 페이지 처리 시작 (Workers: 10)
2026-04-08 03:21:39,246 [INFO]       ... 1/7 페이지 진행 중...
2026-04-08 03:21:39,247 [INFO]    ℹ️ 변동 사항 없음
2026-04-08 03:21:39,548 [INFO] 🔎 [9] 행정안전부_건강_의원 조회서비스 조회 중...
2026-04-08 03:21:40,987 [INFO]    ... 총 124621건, 250 페이지 처리 시작 (Workers: 10)
2026-04-08 03:21:42,466 [INFO]       ... 1/250 페이지 진행 중...
2026-04-08 03:21:46,675 [INFO]       ... 41/250 페이지 진행 중...
2026-04-08 03:21:50,824 [INFO]       ... 81/250 페이지 진행 중...
2026-04-08 03:21:56,318 [INFO]       ... 121/250 페이지 진행 중...
2026-04-08 03:22:04,014 [INFO]       ... 161/250 페이지 진행 중...
2026-04-08 03:22:12,582 [INFO]       ... 201/250 페이지 진행 중...
2026-04-08 03:22:24,888 [INFO]       ... 241/250 페이지 진행 중...
2026-04-08 03:22:24,889 [INFO]    ℹ️ 변동 사항 없음
2026-04-08 03:22:25,190 [INFO] 🔎 [10] 행정안전부_건강_안경업 조회서비스 조회 중...
2026-04-08 03:22:26,176 [INFO]    ... 총 18593건, 38 페이지 처리 시작 (Workers: 10)
2026-04-08 03:22:27,849 [INFO]       ... 1/38 페이지 진행 중...
2026-04-08 03:22:29,659 [INFO]    ℹ️ 변동 사항 없음
2026-04-08 03:22:29,960 [INFO] 🔎 [11] 행정안전부_건강_의료기기수리업 조회서비스 조회 중...
2026-04-08 03:22:30,409 [INFO]    ... 총 6388건, 13 페이지 처리 시작 (Workers: 10)
2026-04-08 03:22:31,408 [INFO]       ... 1/13 페이지 진행 중...
2026-04-08 03:22:31,409 [INFO]    ℹ️ 변동 사항 없음
2026-04-08 03:22:31,710 [INFO] 🔎 [12] 행정안전부_건강_의료기기판매(임대)업 조회서비스 조회 중...
2026-04-08 03:22:32,235 [INFO]    ... 총 245318건, 491 페이지 처리 시작 (Workers: 10)
2026-04-08 03:22:33,550 [INFO]       ... 1/491 페이지 진행 중...
2026-04-08 03:22:35,438 [INFO]       ... 41/491 페이지 진행 중...
2026-04-08 03:22:38,600 [INFO]       ... 81/491 페이지 진행 중...
2026-04-08 03:22:42,628 [INFO]       ... 121/491 페이지 진행 중...
2026-04-08 03:22:46,755 [INFO]       ... 161/491 페이지 진행 중...
2026-04-08 03:22:50,780 [INFO]       ... 201/491 페이지 진행 중...
2026-04-08 03:22:56,909 [INFO]       ... 241/491 페이지 진행 중...
2026-04-08 03:23:03,461 [INFO]       ... 281/491 페이지 진행 중...
2026-04-08 03:23:09,172 [INFO]       ... 321/491 페이지 진행 중...
2026-04-08 03:23:15,296 [INFO]       ... 361/491 페이지 진행 중...
2026-04-08 03:23:21,774 [INFO]       ... 401/491 페이지 진행 중...
2026-04-08 03:23:28,744 [INFO]       ... 441/491 페이지 진행 중...
2026-04-08 03:23:37,159 [INFO]       ... 481/491 페이지 진행 중...
2026-04-08 03:23:37,160 [INFO]    ℹ️ 변동 사항 없음
2026-04-08 03:23:37,461 [INFO] 🔎 [13] 행정안전부_건강_치과기공소 조회서비스 조회 중...
2026-04-08 03:23:37,996 [INFO]    ... 총 8685건, 18 페이지 처리 시작 (Workers: 10)
2026-04-08 03:23:40,033 [INFO]       ... 1/18 페이지 진행 중...
2026-04-08 03:23:40,033 [INFO]    ℹ️ 변동 사항 없음
2026-04-08 03:23:40,334 [INFO] 🔎 [14] 행정안전부_동물_동물미용업 조회서비스 조회 중...
2026-04-08 03:23:43,059 [INFO]    ... 총 15572건, 32 페이지 처리 시작 (Workers: 10)
2026-04-08 03:23:46,043 [INFO]       ... 1/32 페이지 진행 중...
2026-04-08 03:23:48,297 [INFO]    ℹ️ 변동 사항 없음
2026-04-08 03:23:48,598 [INFO] 🔎 [15] 행정안전부_동물_동물병원 조회서비스 조회 중...
2026-04-08 03:23:49,095 [INFO]    ... 총 10497건, 21 페이지 처리 시작 (Workers: 10)
2026-04-08 03:23:50,477 [INFO]       ... 1/21 페이지 진행 중...
2026-04-08 03:23:52,208 [INFO]    ℹ️ 변동 사항 없음
2026-04-08 03:23:52,509 [INFO] 🔎 [16] 행정안전부_동물_동물생산업 조회서비스 조회 중...
2026-04-08 03:23:53,141 [INFO]    ... 총 27646건, 56 페이지 처리 시작 (Workers: 10)
2026-04-08 03:23:54,518 [INFO]       ... 1/56 페이지 진행 중...
2026-04-08 03:23:58,219 [INFO]       ... 41/56 페이지 진행 중...
2026-04-08 03:23:58,220 [INFO]    ℹ️ 변동 사항 없음
2026-04-08 03:23:58,520 [INFO] 🔎 [17] 행정안전부_동물_동물수입업 조회서비스 조회 중...
2026-04-08 03:24:00,459 [INFO]    ... 총 297건, 1 페이지 처리 시작 (Workers: 10)
2026-04-08 03:24:02,266 [INFO]       ... 1/1 페이지 진행 중...
2026-04-08 03:24:02,267 [INFO]    ℹ️ 변동 사항 없음
2026-04-08 03:24:02,567 [INFO] 🔎 [18] 행정안전부_동물_동물약국 조회서비스 조회 중...
2026-04-08 03:24:05,111 [INFO]    ... 총 20066건, 41 페이지 처리 시작 (Workers: 10)
2026-04-08 03:24:07,417 [INFO]       ... 1/41 페이지 진행 중...
2026-04-08 03:24:10,411 [INFO]       ... 41/41 페이지 진행 중...
2026-04-08 03:24:10,412 [INFO]    ℹ️ 변동 사항 없음
2026-04-08 03:24:10,712 [INFO] 🔎 [19] 행정안전부_동물_동물용의료용구판매업 조회서비스 조회 중...
2026-04-08 03:24:11,008 [INFO]    ℹ️ 변동 사항 없음
2026-04-08 03:24:11,309 [INFO] 🔎 [20] 행정안전부_동물_동물용의약품도매상 조회서비스 조회 중...
2026-04-08 03:24:11,821 [INFO]    ... 총 1303건, 3 페이지 처리 시작 (Workers: 10)
2026-04-08 03:24:12,834 [INFO]       ... 1/3 페이지 진행 중...
2026-04-08 03:24:12,835 [INFO]    ℹ️ 변동 사항 없음
2026-04-08 03:24:13,136 [INFO] 🔎 [21] 행정안전부_동물_동물운송업 조회서비스 조회 중...
2026-04-08 03:24:13,646 [INFO]    ... 총 4371건, 9 페이지 처리 시작 (Workers: 10)
2026-04-08 03:24:14,430 [INFO]       ... 1/9 페이지 진행 중...
2026-04-08 03:24:14,431 [INFO]    ℹ️ 변동 사항 없음
2026-04-08 03:24:14,732 [INFO] 🔎 [22] 행정안전부_동물_동물위탁관리업 조회서비스 조회 중...
2026-04-08 03:24:15,323 [INFO]    ... 총 9701건, 20 페이지 처리 시작 (Workers: 10)
2026-04-08 03:24:17,023 [INFO]       ... 1/20 페이지 진행 중...
2026-04-08 03:24:17,023 [INFO]    ℹ️ 변동 사항 없음
2026-04-08 03:24:17,324 [INFO] 🔎 [23] 행정안전부_동물_동물장묘업 조회서비스 조회 중...
2026-04-08 03:24:20,126 [INFO]    ... 총 99건, 1 페이지 처리 시작 (Workers: 10)
2026-04-08 03:24:20,576 [INFO]       ... 1/1 페이지 진행 중...
2026-04-08 03:24:20,577 [INFO]    ℹ️ 변동 사항 없음
2026-04-08 03:24:20,878 [INFO] 🔎 [24] 행정안전부_동물_동물전시업 조회서비스 조회 중...
2026-04-08 03:24:23,059 [INFO]    ... 총 1334건, 3 페이지 처리 시작 (Workers: 10)
2026-04-08 03:24:23,720 [INFO]       ... 1/3 페이지 진행 중...
2026-04-08 03:24:23,721 [INFO]    ℹ️ 변동 사항 없음
2026-04-08 03:24:24,022 [INFO] 🔎 [25] 행정안전부_동물_동물판매업 조회서비스 조회 중...
2026-04-08 03:24:24,441 [INFO]    ... 총 9507건, 20 페이지 처리 시작 (Workers: 10)
2026-04-08 03:24:26,170 [INFO]       ... 1/20 페이지 진행 중...
2026-04-08 03:24:26,171 [INFO]    ℹ️ 변동 사항 없음
2026-04-08 03:24:26,472 [INFO] 🔎 [26] 행정안전부_동물_가축사육업 조회서비스 조회 중...
2026-04-08 03:24:29,099 [INFO]    ... 총 198819건, 398 페이지 처리 시작 (Workers: 10)
2026-04-08 03:24:31,569 [INFO]       ... 1/398 페이지 진행 중...
2026-04-08 03:24:37,173 [INFO]       ... 41/398 페이지 진행 중...
2026-04-08 03:24:43,574 [INFO]       ... 81/398 페이지 진행 중...
2026-04-08 03:24:47,768 [INFO]       ... 121/398 페이지 진행 중...
2026-04-08 03:24:51,573 [INFO]       ... 161/398 페이지 진행 중...
2026-04-08 03:24:55,767 [INFO]       ... 201/398 페이지 진행 중...
2026-04-08 03:25:01,948 [INFO]       ... 241/398 페이지 진행 중...
2026-04-08 03:25:11,652 [INFO]       ... 281/398 페이지 진행 중...
2026-04-08 03:25:17,594 [INFO]       ... 321/398 페이지 진행 중...
2026-04-08 03:25:24,239 [INFO]       ... 361/398 페이지 진행 중...
2026-04-08 03:25:27,253 [INFO]    ℹ️ 변동 사항 없음
2026-04-08 03:25:27,554 [INFO] 🔎 [27] 행정안전부_동물_가축인공수정소 조회서비스 조회 중...
2026-04-08 03:25:28,205 [INFO]    ... 총 3864건, 8 페이지 처리 시작 (Workers: 10)
2026-04-08 03:25:28,942 [INFO]       ... 1/8 페이지 진행 중...
2026-04-08 03:25:28,943 [INFO]    ℹ️ 변동 사항 없음
2026-04-08 03:25:29,243 [INFO] 🔎 [28] 행정안전부_동물_도축업 조회서비스 조회 중...
2026-04-08 03:25:29,787 [INFO]    ... 총 202건, 1 페이지 처리 시작 (Workers: 10)
2026-04-08 03:25:30,099 [INFO]       ... 1/1 페이지 진행 중...
2026-04-08 03:25:30,099 [INFO]    ℹ️ 변동 사항 없음
2026-04-08 03:25:30,400 [INFO] 🔎 [29] 행정안전부_동물_부화업 조회서비스 조회 중...
2026-04-08 03:25:30,726 [INFO]    ... 총 459건, 1 페이지 처리 시작 (Workers: 10)
2026-04-08 03:25:31,011 [INFO]       ... 1/1 페이지 진행 중...
2026-04-08 03:25:31,012 [INFO]    ℹ️ 변동 사항 없음
2026-04-08 03:25:31,312 [INFO] 🔎 [30] 행정안전부_동물_사료제조업 조회서비스 조회 중...
2026-04-08 03:25:32,055 [INFO]    ... 총 16504건, 34 페이지 처리 시작 (Workers: 10)
2026-04-08 03:25:33,244 [INFO]       ... 1/34 페이지 진행 중...
2026-04-08 03:25:34,243 [INFO]    ℹ️ 변동 사항 없음
2026-04-08 03:25:34,544 [INFO] 🔎 [31] 행정안전부_동물_종축업 조회서비스 조회 중...
2026-04-08 03:25:35,242 [INFO]    ... 총 1629건, 4 페이지 처리 시작 (Workers: 10)
2026-04-08 03:25:35,922 [INFO]       ... 1/4 페이지 진행 중...
2026-04-08 03:25:35,923 [INFO]    ℹ️ 변동 사항 없음
2026-04-08 03:25:36,223 [INFO] 🔎 [32] 행정안전부_식품_위탁급식영업 조회서비스 조회 중...
2026-04-08 03:25:36,690 [INFO]    ... 총 36670건, 74 페이지 처리 시작 (Workers: 10)
2026-04-08 03:25:38,098 [INFO]       ... 1/74 페이지 진행 중...
2026-04-08 03:25:40,777 [INFO]       ... 41/74 페이지 진행 중...
2026-04-08 03:25:42,001 [INFO]    ℹ️ 변동 사항 없음
2026-04-08 03:25:42,301 [INFO] 🔎 [33] 행정안전부_식품_집단급식소 조회서비스 조회 중...
2026-04-08 03:25:42,763 [INFO]    ... 총 82802건, 166 페이지 처리 시작 (Workers: 10)
2026-04-08 03:25:44,754 [INFO]       ... 1/166 페이지 진행 중...
2026-04-08 03:25:47,738 [INFO]       ... 41/166 페이지 진행 중...
2026-04-08 03:25:51,408 [INFO]       ... 81/166 페이지 진행 중...
2026-04-08 03:25:55,963 [INFO]       ... 121/166 페이지 진행 중...
2026-04-08 03:26:00,559 [INFO]       ... 161/166 페이지 진행 중...
2026-04-08 03:26:00,561 [INFO]    ✅ 1건 저장 완료
2026-04-08 03:26:00,862 [INFO] 🔎 [34] 행정안전부_식품_건강기능식품유통전문판매업 조회서비스 조회 중...
2026-04-08 03:26:03,103 [INFO]    ... 총 14759건, 30 페이지 처리 시작 (Workers: 10)
2026-04-08 03:26:06,723 [INFO]       ... 1/30 페이지 진행 중...
2026-04-08 03:26:09,149 [INFO]    ℹ️ 변동 사항 없음
2026-04-08 03:26:09,450 [INFO] 🔎 [35] 행정안전부_식품_건강기능식품일반판매업 조회서비스 조회 중...
2026-04-08 03:26:10,066 [INFO]    ... 총 430545건, 862 페이지 처리 시작 (Workers: 10)
2026-04-08 03:26:11,766 [INFO]       ... 1/862 페이지 진행 중...
2026-04-08 03:26:15,780 [INFO]       ... 41/862 페이지 진행 중...
2026-04-08 03:26:19,176 [INFO]       ... 81/862 페이지 진행 중...
2026-04-08 03:26:23,877 [INFO]       ... 121/862 페이지 진행 중...
2026-04-08 03:26:27,672 [INFO]       ... 161/862 페이지 진행 중...
2026-04-08 03:26:32,644 [INFO]       ... 201/862 페이지 진행 중...
2026-04-08 03:26:40,147 [INFO]       ... 241/862 페이지 진행 중...
2026-04-08 03:26:46,976 [INFO]       ... 281/862 페이지 진행 중...
2026-04-08 03:26:54,864 [INFO]       ... 321/862 페이지 진행 중...
2026-04-08 03:27:02,026 [INFO]       ... 361/862 페이지 진행 중...
2026-04-08 03:27:09,907 [INFO]       ... 401/862 페이지 진행 중...
2026-04-08 03:27:18,241 [INFO]       ... 441/862 페이지 진행 중...
2026-04-08 03:27:27,245 [INFO]       ... 481/862 페이지 진행 중...
2026-04-08 03:27:37,274 [INFO]       ... 521/862 페이지 진행 중...
2026-04-08 03:27:47,145 [INFO]       ... 561/862 페이지 진행 중...
2026-04-08 03:27:57,263 [INFO]       ... 601/862 페이지 진행 중...
2026-04-08 03:28:07,466 [INFO]       ... 641/862 페이지 진행 중...
2026-04-08 03:28:18,556 [INFO]       ... 681/862 페이지 진행 중...
2026-04-08 03:28:29,620 [INFO]       ... 721/862 페이지 진행 중...
2026-04-08 03:28:42,141 [INFO]       ... 761/862 페이지 진행 중...
2026-04-08 03:28:55,655 [INFO]       ... 801/862 페이지 진행 중...
2026-04-08 03:29:08,649 [INFO]       ... 841/862 페이지 진행 중...
2026-04-08 03:29:11,308 [INFO]    ℹ️ 변동 사항 없음
2026-04-08 03:29:11,609 [INFO] 🔎 [36] 행정안전부_식품_식용얼음판매업 조회서비스 조회 중...
2026-04-08 03:29:12,063 [INFO]    ... 총 1583건, 4 페이지 처리 시작 (Workers: 10)
2026-04-08 03:29:13,592 [INFO]       ... 1/4 페이지 진행 중...
2026-04-08 03:29:13,592 [INFO]    ℹ️ 변동 사항 없음
2026-04-08 03:29:13,893 [INFO] 🔎 [37] 행정안전부_식품_식육포장처리업 조회서비스 조회 중...
2026-04-08 03:29:14,320 [INFO]    ... 총 17974건, 36 페이지 처리 시작 (Workers: 10)
2026-04-08 03:29:16,042 [INFO]       ... 1/36 페이지 진행 중...
2026-04-08 03:29:17,616 [INFO]    ✅ 96건 저장 완료
2026-04-08 03:29:17,917 [INFO] 🔎 [38] 행정안전부_식품_식품냉동냉장업 조회서비스 조회 중...
2026-04-08 03:29:18,468 [INFO]    ... 총 1519건, 4 페이지 처리 시작 (Workers: 10)
2026-04-08 03:29:19,586 [INFO]       ... 1/4 페이지 진행 중...
2026-04-08 03:29:19,587 [INFO]    ℹ️ 변동 사항 없음
2026-04-08 03:29:19,888 [INFO] 🔎 [39] 행정안전부_식품_식품소분업 조회서비스 조회 중...
2026-04-08 03:29:20,326 [INFO]    ... 총 57275건, 115 페이지 처리 시작 (Workers: 10)
2026-04-08 03:29:22,893 [INFO]       ... 1/115 페이지 진행 중...
2026-04-08 03:29:25,665 [INFO]       ... 41/115 페이지 진행 중...
2026-04-08 03:29:28,668 [INFO]       ... 81/115 페이지 진행 중...
2026-04-08 03:29:30,028 [INFO]    ℹ️ 변동 사항 없음
2026-04-08 03:29:30,329 [INFO] 🔎 [40] 행정안전부_식품_식품운반업 조회서비스 조회 중...
2026-04-08 03:29:31,061 [INFO]    ... 총 7228건, 15 페이지 처리 시작 (Workers: 10)
2026-04-08 03:29:32,511 [INFO]       ... 1/15 페이지 진행 중...
2026-04-08 03:29:32,512 [INFO]    ℹ️ 변동 사항 없음
2026-04-08 03:29:32,813 [INFO] 🔎 [41] 행정안전부_식품_식품자동판매기업 조회서비스 조회 중...
2026-04-08 03:29:33,342 [INFO]    ... 총 269176건, 539 페이지 처리 시작 (Workers: 10)
2026-04-08 03:29:35,169 [INFO]       ... 1/539 페이지 진행 중...
2026-04-08 03:29:39,344 [INFO]       ... 41/539 페이지 진행 중...
2026-04-08 03:29:43,620 [INFO]       ... 81/539 페이지 진행 중...
2026-04-08 03:29:47,706 [INFO]       ... 121/539 페이지 진행 중...
2026-04-08 03:29:52,792 [INFO]       ... 161/539 페이지 진행 중...
2026-04-08 03:29:58,836 [INFO]       ... 201/539 페이지 진행 중...
2026-04-08 03:30:10,033 [INFO]       ... 241/539 페이지 진행 중...
2026-04-08 03:30:21,112 [INFO]       ... 281/539 페이지 진행 중...
2026-04-08 03:30:32,589 [INFO]       ... 321/539 페이지 진행 중...
2026-04-08 03:30:42,654 [INFO]       ... 361/539 페이지 진행 중...
2026-04-08 03:30:52,485 [INFO]       ... 401/539 페이지 진행 중...
2026-04-08 03:31:04,145 [INFO]       ... 441/539 페이지 진행 중...
2026-04-08 03:31:15,861 [INFO]       ... 481/539 페이지 진행 중...
2026-04-08 03:31:26,026 [INFO]       ... 521/539 페이지 진행 중...
2026-04-08 03:31:26,027 [INFO]    ℹ️ 변동 사항 없음
2026-04-08 03:31:26,327 [INFO] 🔎 [42] 행정안전부_식품_식품제조가공업 조회서비스 조회 중...
2026-04-08 03:31:27,630 [INFO]    ... 총 94613건, 190 페이지 처리 시작 (Workers: 10)
2026-04-08 03:31:30,308 [INFO]       ... 1/190 페이지 진행 중...
2026-04-08 03:31:36,394 [INFO]       ... 41/190 페이지 진행 중...
2026-04-08 03:31:45,239 [INFO]       ... 81/190 페이지 진행 중...
2026-04-08 03:31:53,554 [INFO]       ... 121/190 페이지 진행 중...
2026-04-08 03:32:01,840 [INFO]       ... 161/190 페이지 진행 중...
2026-04-08 03:32:03,499 [INFO]    ✅ 32건 저장 완료
2026-04-08 03:32:03,800 [INFO] 🔎 [43] 행정안전부_식품_식품첨가물제조업 조회서비스 조회 중...
2026-04-08 03:32:05,571 [INFO]    ... 총 3059건, 7 페이지 처리 시작 (Workers: 10)
2026-04-08 03:32:08,407 [INFO]       ... 1/7 페이지 진행 중...
2026-04-08 03:32:08,407 [INFO]    ℹ️ 변동 사항 없음
2026-04-08 03:32:08,708 [INFO] 🔎 [44] 행정안전부_식품_식품판매업(기타) 조회서비스 조회 중...
2026-04-08 03:32:10,555 [INFO]    ... 총 13714건, 28 페이지 처리 시작 (Workers: 10)
2026-04-08 03:32:14,753 [INFO]       ... 1/28 페이지 진행 중...
2026-04-08 03:32:16,235 [INFO]    ✅ 7건 저장 완료
2026-04-08 03:32:16,536 [INFO] 🔎 [45] 행정안전부_식품_옹기류제조업 조회서비스 조회 중...
2026-04-08 03:32:17,960 [INFO]    ... 총 141건, 1 페이지 처리 시작 (Workers: 10)
2026-04-08 03:32:18,767 [INFO]       ... 1/1 페이지 진행 중...
2026-04-08 03:32:18,767 [INFO]    ℹ️ 변동 사항 없음
2026-04-08 03:32:19,068 [INFO] 🔎 [46] 행정안전부_식품_용기및포장지제조업 조회서비스 조회 중...
2026-04-08 03:32:19,594 [INFO]    ... 총 6074건, 13 페이지 처리 시작 (Workers: 10)
2026-04-08 03:32:21,465 [INFO]       ... 1/13 페이지 진행 중...
2026-04-08 03:32:21,466 [INFO]    ℹ️ 변동 사항 없음
2026-04-08 03:32:21,767 [INFO] 🔎 [47] 행정안전부_식품_용기냉동기특정설비 조회서비스 조회 중...
2026-04-08 03:32:22,436 [INFO]    ... 총 2411건, 5 페이지 처리 시작 (Workers: 10)
2026-04-08 03:32:23,798 [INFO]       ... 1/5 페이지 진행 중...
2026-04-08 03:32:23,798 [INFO]    ℹ️ 변동 사항 없음
2026-04-08 03:32:24,099 [INFO] 🔎 [48] 행정안전부_식품_유통전문판매업 조회서비스 조회 중...
2026-04-08 03:32:24,896 [INFO]    ... 총 59692건, 120 페이지 처리 시작 (Workers: 10)
2026-04-08 03:32:26,421 [INFO]       ... 1/120 페이지 진행 중...
2026-04-08 03:32:30,413 [INFO]       ... 41/120 페이지 진행 중...
2026-04-08 03:32:34,695 [INFO]       ... 81/120 페이지 진행 중...
2026-04-08 03:32:39,441 [INFO]    ℹ️ 변동 사항 없음
2026-04-08 03:32:39,742 [INFO] 🔎 [49] 행정안전부_식품_제과점영업 조회서비스 조회 중...
2026-04-08 03:32:40,219 [INFO]    ... 총 68117건, 137 페이지 처리 시작 (Workers: 10)
2026-04-08 03:32:42,542 [INFO]       ... 1/137 페이지 진행 중...
2026-04-08 03:32:48,045 [INFO]       ... 41/137 페이지 진행 중...
2026-04-08 03:32:51,718 [INFO]       ... 81/137 페이지 진행 중...
2026-04-08 03:32:58,067 [INFO]       ... 121/137 페이지 진행 중...
2026-04-08 03:32:58,068 [INFO]    ℹ️ 변동 사항 없음
2026-04-08 03:32:58,368 [INFO] 🔎 [50] 행정안전부_식품_즉석판매제조가공업 조회서비스 조회 중...
2026-04-08 03:32:58,823 [INFO]    ... 총 749344건, 1499 페이지 처리 시작 (Workers: 10)
2026-04-08 03:33:01,656 [INFO]       ... 1/1499 페이지 진행 중...
2026-04-08 03:33:07,481 [INFO]       ... 41/1499 페이지 진행 중...
2026-04-08 03:33:11,712 [INFO]       ... 81/1499 페이지 진행 중...
2026-04-08 03:33:17,914 [INFO]       ... 121/1499 페이지 진행 중...
2026-04-08 03:33:22,661 [INFO]       ... 161/1499 페이지 진행 중...
2026-04-08 03:33:29,579 [INFO]       ... 201/1499 페이지 진행 중...
2026-04-08 03:33:38,318 [INFO]       ... 241/1499 페이지 진행 중...
2026-04-08 03:33:46,406 [INFO]       ... 281/1499 페이지 진행 중...
2026-04-08 03:33:53,551 [INFO]       ... 321/1499 페이지 진행 중...
2026-04-08 03:34:01,119 [INFO]       ... 361/1499 페이지 진행 중...
2026-04-08 03:34:09,740 [INFO]       ... 401/1499 페이지 진행 중...
2026-04-08 03:34:19,055 [INFO]       ... 441/1499 페이지 진행 중...
2026-04-08 03:34:27,765 [INFO]       ... 481/1499 페이지 진행 중...
2026-04-08 03:34:38,439 [INFO]       ... 521/1499 페이지 진행 중...
2026-04-08 03:34:48,403 [INFO]       ... 561/1499 페이지 진행 중...
2026-04-08 03:34:58,834 [INFO]       ... 601/1499 페이지 진행 중...
2026-04-08 03:35:11,803 [INFO]       ... 641/1499 페이지 진행 중...
2026-04-08 03:35:23,564 [INFO]       ... 681/1499 페이지 진행 중...
2026-04-08 03:35:34,633 [INFO]       ... 721/1499 페이지 진행 중...
2026-04-08 03:35:47,252 [INFO]       ... 761/1499 페이지 진행 중...
2026-04-08 03:36:02,341 [INFO]       ... 801/1499 페이지 진행 중...
2026-04-08 03:36:16,005 [INFO]       ... 841/1499 페이지 진행 중...
2026-04-08 03:36:28,939 [INFO]       ... 881/1499 페이지 진행 중...
2026-04-08 03:36:41,607 [INFO]       ... 921/1499 페이지 진행 중...
2026-04-08 03:36:54,740 [INFO]       ... 961/1499 페이지 진행 중...
2026-04-08 03:37:08,813 [INFO]       ... 1001/1499 페이지 진행 중...
2026-04-08 03:37:23,831 [INFO]       ... 1041/1499 페이지 진행 중...
2026-04-08 03:37:40,000 [INFO]       ... 1081/1499 페이지 진행 중...
2026-04-08 03:37:56,687 [INFO]       ... 1121/1499 페이지 진행 중...
2026-04-08 03:38:12,016 [INFO]       ... 1161/1499 페이지 진행 중...
2026-04-08 03:38:29,093 [INFO]       ... 1201/1499 페이지 진행 중...
2026-04-08 03:38:44,854 [INFO]       ... 1241/1499 페이지 진행 중...
2026-04-08 03:39:01,013 [INFO]       ... 1281/1499 페이지 진행 중...
2026-04-08 03:39:19,130 [INFO]       ... 1321/1499 페이지 진행 중...
2026-04-08 03:39:37,024 [INFO]       ... 1361/1499 페이지 진행 중...
2026-04-08 03:39:54,949 [INFO]       ... 1401/1499 페이지 진행 중...
2026-04-08 03:40:16,353 [INFO]       ... 1441/1499 페이지 진행 중...
2026-04-08 03:40:37,253 [INFO]       ... 1481/1499 페이지 진행 중...
2026-04-08 03:40:37,255 [INFO]    ✅ 1건 저장 완료
2026-04-08 03:40:37,556 [INFO] 🔎 [51] 행정안전부_식품_집단급식소식품판매업 조회 중...
2026-04-08 03:40:39,249 [INFO]    ... 총 23912건, 48 페이지 처리 시작 (Workers: 10)
2026-04-08 03:40:41,321 [INFO]       ... 1/48 페이지 진행 중...
2026-04-08 03:40:44,284 [INFO]       ... 41/48 페이지 진행 중...
2026-04-08 03:40:44,285 [INFO]    ℹ️ 변동 사항 없음
2026-04-08 03:40:44,586 [INFO] 🔎 [52] 행정안전부_식품_집유업 조회서비스 조회 중...
2026-04-08 03:40:45,331 [INFO]    ... 총 89건, 1 페이지 처리 시작 (Workers: 10)
2026-04-08 03:40:46,110 [INFO]       ... 1/1 페이지 진행 중...
2026-04-08 03:40:46,111 [INFO]    ℹ️ 변동 사항 없음
2026-04-08 03:40:46,412 [INFO] 🔎 [53] 행정안전부_식품_축산가공업 조회서비스 조회 중...
2026-04-08 03:40:47,254 [INFO]    ... 총 12028건, 25 페이지 처리 시작 (Workers: 10)
2026-04-08 03:40:48,470 [INFO]       ... 1/25 페이지 진행 중...
2026-04-08 03:40:49,391 [INFO]    ℹ️ 변동 사항 없음
2026-04-08 03:40:49,692 [INFO] 🔎 [54] 행정안전부_식품_축산물보관업 조회서비스 조회 중...
2026-04-08 03:40:50,552 [INFO]    ... 총 1632건, 4 페이지 처리 시작 (Workers: 10)
2026-04-08 03:40:51,539 [INFO]       ... 1/4 페이지 진행 중...
2026-04-08 03:40:51,539 [INFO]    ℹ️ 변동 사항 없음
2026-04-08 03:40:51,840 [INFO] 🔎 [55] 행정안전부_식품_축산물운반업 조회서비스 조회 중...
2026-04-08 03:40:52,383 [INFO]    ... 총 5555건, 12 페이지 처리 시작 (Workers: 10)
2026-04-08 03:40:53,374 [INFO]       ... 1/12 페이지 진행 중...
2026-04-08 03:40:53,374 [INFO]    ℹ️ 변동 사항 없음
2026-04-08 03:40:53,675 [INFO] 🔎 [56] 행정안전부_식품_축산판매업 조회서비스 조회 중...
2026-04-08 03:40:54,210 [INFO]    ... 총 204042건, 409 페이지 처리 시작 (Workers: 10)
2026-04-08 03:40:55,329 [INFO]       ... 1/409 페이지 진행 중...
2026-04-08 03:40:57,993 [INFO]       ... 41/409 페이지 진행 중...
2026-04-08 03:41:01,227 [INFO]       ... 81/409 페이지 진행 중...
2026-04-08 03:41:04,922 [INFO]       ... 121/409 페이지 진행 중...
2026-04-08 03:41:09,176 [INFO]       ... 161/409 페이지 진행 중...
2026-04-08 03:41:13,643 [INFO]       ... 201/409 페이지 진행 중...
2026-04-08 03:41:18,864 [INFO]       ... 241/409 페이지 진행 중...
2026-04-08 03:41:24,939 [INFO]       ... 281/409 페이지 진행 중...
2026-04-08 03:41:32,559 [INFO]       ... 321/409 페이지 진행 중...
2026-04-08 03:41:40,596 [INFO]       ... 361/409 페이지 진행 중...
2026-04-08 03:41:45,579 [INFO]       ... 401/409 페이지 진행 중...
2026-04-08 03:41:45,580 [INFO]    ℹ️ 변동 사항 없음
2026-04-08 03:41:45,881 [INFO] 🔎 [57] 행정안전부_식품_단란주점영업 조회서비스 조회 중...
2026-04-08 03:41:48,352 [INFO]    ... 총 41613건, 84 페이지 처리 시작 (Workers: 10)
2026-04-08 03:41:50,655 [INFO]       ... 1/84 페이지 진행 중...
2026-04-08 03:41:56,386 [INFO]       ... 41/84 페이지 진행 중...
2026-04-08 03:42:00,414 [INFO]       ... 81/84 페이지 진행 중...
2026-04-08 03:42:00,414 [INFO]    ℹ️ 변동 사항 없음
2026-04-08 03:42:00,715 [INFO] 🔎 [58] 행정안전부_식품_유흥주점영업 조회서비스 조회 중...
2026-04-08 03:42:01,211 [INFO]    ... 총 53469건, 107 페이지 처리 시작 (Workers: 10)
2026-04-08 03:42:04,679 [INFO]       ... 1/107 페이지 진행 중...
2026-04-08 03:42:11,649 [INFO]       ... 41/107 페이지 진행 중...
2026-04-08 03:42:19,595 [INFO]       ... 81/107 페이지 진행 중...
2026-04-08 03:42:21,304 [INFO]    ℹ️ 변동 사항 없음
2026-04-08 03:42:21,605 [INFO] 🔎 [59] 행정안전부_식품_관광식당 조회서비스 조회 중...
2026-04-08 03:42:23,354 [INFO]    ... 총 519건, 2 페이지 처리 시작 (Workers: 10)
2026-04-08 03:42:25,106 [INFO]       ... 1/2 페이지 진행 중...
2026-04-08 03:42:25,107 [INFO]    ℹ️ 변동 사항 없음
2026-04-08 03:42:25,408 [INFO] 🔎 [60] 행정안전부_식품_관광유흥음식점업 조회서비스 조회 중...
2026-04-08 03:42:27,369 [INFO]    ... 총 23건, 1 페이지 처리 시작 (Workers: 10)
2026-04-08 03:42:27,607 [INFO]       ... 1/1 페이지 진행 중...
2026-04-08 03:42:27,607 [INFO]    ℹ️ 변동 사항 없음
2026-04-08 03:42:27,908 [INFO] 🔎 [61] 행정안전부_식품_외국인전용유흥음식점업 조회서비스 조회 중...
2026-04-08 03:42:29,155 [INFO]    ... 총 669건, 2 페이지 처리 시작 (Workers: 10)
2026-04-08 03:42:30,191 [INFO]       ... 1/2 페이지 진행 중...
2026-04-08 03:42:30,192 [INFO]    ℹ️ 변동 사항 없음
2026-04-08 03:42:30,493 [INFO] 🔎 [62] 행정안전부_식품_일반음식점 조회서비스 조회 중...
2026-04-08 03:43:01,981 [INFO]    ℹ️ 변동 사항 없음
2026-04-08 03:43:02,282 [INFO] 🔎 [63] 행정안전부_식품_휴게음식점 조회서비스 조회 중...
2026-04-08 03:43:03,321 [INFO]    ... 총 631244건, 1263 페이지 처리 시작 (Workers: 10)
2026-04-08 03:43:05,454 [INFO]       ... 1/1263 페이지 진행 중...
2026-04-08 03:43:10,798 [INFO]       ... 41/1263 페이지 진행 중...
2026-04-08 03:43:15,243 [INFO]       ... 81/1263 페이지 진행 중...
2026-04-08 03:43:19,838 [INFO]       ... 121/1263 페이지 진행 중...
2026-04-08 03:43:23,918 [INFO]       ... 161/1263 페이지 진행 중...
2026-04-08 03:43:30,566 [INFO]       ... 201/1263 페이지 진행 중...
2026-04-08 03:43:38,910 [INFO]       ... 241/1263 페이지 진행 중...
2026-04-08 03:43:47,410 [INFO]       ... 281/1263 페이지 진행 중...
2026-04-08 03:43:54,946 [INFO]       ... 321/1263 페이지 진행 중...
2026-04-08 03:44:03,063 [INFO]       ... 361/1263 페이지 진행 중...
2026-04-08 03:44:10,940 [INFO]       ... 401/1263 페이지 진행 중...
2026-04-08 03:44:19,377 [INFO]       ... 441/1263 페이지 진행 중...
2026-04-08 03:44:28,193 [INFO]       ... 481/1263 페이지 진행 중...
2026-04-08 03:44:38,184 [INFO]       ... 521/1263 페이지 진행 중...
2026-04-08 03:44:48,664 [INFO]       ... 561/1263 페이지 진행 중...
2026-04-08 03:44:58,749 [INFO]       ... 601/1263 페이지 진행 중...
2026-04-08 03:45:12,252 [INFO]       ... 641/1263 페이지 진행 중...
2026-04-08 03:45:24,458 [INFO]       ... 681/1263 페이지 진행 중...
2026-04-08 03:45:35,659 [INFO]       ... 721/1263 페이지 진행 중...
2026-04-08 03:45:49,097 [INFO]       ... 761/1263 페이지 진행 중...
2026-04-08 03:46:02,039 [INFO]       ... 801/1263 페이지 진행 중...
2026-04-08 03:46:16,705 [INFO]       ... 841/1263 페이지 진행 중...
2026-04-08 03:46:31,691 [INFO]       ... 881/1263 페이지 진행 중...
2026-04-08 03:46:47,703 [INFO]       ... 921/1263 페이지 진행 중...
2026-04-08 03:47:04,322 [INFO]       ... 961/1263 페이지 진행 중...
2026-04-08 03:47:21,140 [INFO]       ... 1001/1263 페이지 진행 중...
2026-04-08 03:47:38,072 [INFO]       ... 1041/1263 페이지 진행 중...
2026-04-08 03:47:56,992 [INFO]       ... 1081/1263 페이지 진행 중...
2026-04-08 03:48:16,022 [INFO]       ... 1121/1263 페이지 진행 중...
2026-04-08 03:48:34,312 [INFO]       ... 1161/1263 페이지 진행 중...
2026-04-08 03:48:54,851 [INFO]       ... 1201/1263 페이지 진행 중...
2026-04-08 03:49:16,197 [INFO]       ... 1241/1263 페이지 진행 중...
2026-04-08 03:49:19,803 [INFO]    ℹ️ 변동 사항 없음
2026-04-08 03:49:20,104 [INFO] 🔎 [64] 행정안전부_문화_게임물배급업 조회서비스 조회 중...
2026-04-08 03:49:20,642 [INFO]    ... 총 6344건, 13 페이지 처리 시작 (Workers: 10)
2026-04-08 03:49:22,305 [INFO]       ... 1/13 페이지 진행 중...
2026-04-08 03:49:22,305 [INFO]    ℹ️ 변동 사항 없음
2026-04-08 03:49:22,606 [INFO] 🔎 [65] 행정안전부_문화_게임물제작업 조회서비스 조회 중...
2026-04-08 03:49:23,126 [INFO]    ... 총 13391건, 27 페이지 처리 시작 (Workers: 10)
2026-04-08 03:49:24,367 [INFO]       ... 1/27 페이지 진행 중...
2026-04-08 03:49:25,329 [INFO]    ℹ️ 변동 사항 없음
2026-04-08 03:49:25,630 [INFO] 🔎 [66] 행정안전부_문화_복합영상물제공업 조회서비스 조회 중...
2026-04-08 03:49:26,180 [INFO]    ... 총 99건, 1 페이지 처리 시작 (Workers: 10)
2026-04-08 03:49:26,759 [INFO]       ... 1/1 페이지 진행 중...
2026-04-08 03:49:26,760 [INFO]    ℹ️ 변동 사항 없음
2026-04-08 03:49:27,061 [INFO] 🔎 [67] 행정안전부_문화_복합유통게임제공업 조회서비스 조회 중...
2026-04-08 03:49:27,584 [INFO]    ... 총 7585건, 16 페이지 처리 시작 (Workers: 10)
2026-04-08 03:49:29,304 [INFO]       ... 1/16 페이지 진행 중...
2026-04-08 03:49:29,305 [INFO]    ℹ️ 변동 사항 없음
2026-04-08 03:49:29,606 [INFO] 🔎 [68] 행정안전부_문화_인터넷컴퓨터게임시설제공업 조회서비스 조회 중...
2026-04-08 03:49:30,125 [INFO]    ... 총 81091건, 163 페이지 처리 시작 (Workers: 10)
2026-04-08 03:49:31,584 [INFO]       ... 1/163 페이지 진행 중...
2026-04-08 03:49:35,127 [INFO]       ... 41/163 페이지 진행 중...
2026-04-08 03:49:39,140 [INFO]       ... 81/163 페이지 진행 중...
2026-04-08 03:49:45,530 [INFO]       ... 121/163 페이지 진행 중...
2026-04-08 03:49:51,165 [INFO]       ... 161/163 페이지 진행 중...
2026-04-08 03:49:51,165 [INFO]    ℹ️ 변동 사항 없음
2026-04-08 03:49:51,466 [INFO] 🔎 [69] 행정안전부_문화_일반게임제공업 조회서비스 조회 중...
2026-04-08 03:49:52,137 [INFO]    ... 총 45129건, 91 페이지 처리 시작 (Workers: 10)
2026-04-08 03:49:53,592 [INFO]       ... 1/91 페이지 진행 중...
2026-04-08 03:49:56,560 [INFO]       ... 41/91 페이지 진행 중...
2026-04-08 03:50:00,122 [INFO]       ... 81/91 페이지 진행 중...
2026-04-08 03:50:00,122 [INFO]    ℹ️ 변동 사항 없음
2026-04-08 03:50:00,423 [INFO] 🔎 [70] 행정안전부_문화_청소년게임제공업 조회서비스 조회 중...
2026-04-08 03:50:00,948 [INFO]    ... 총 30072건, 61 페이지 처리 시작 (Workers: 10)
2026-04-08 03:50:05,941 [INFO]       ... 1/61 페이지 진행 중...
2026-04-08 03:50:13,594 [INFO]       ... 41/61 페이지 진행 중...
2026-04-08 03:50:16,158 [INFO]    ℹ️ 변동 사항 없음
2026-04-08 03:50:16,459 [INFO] 🔎 [71] 행정안전부_문화_공연장 조회서비스 조회 중...
2026-04-08 03:50:16,934 [INFO]    ... 총 2805건, 6 페이지 처리 시작 (Workers: 10)
2026-04-08 03:50:19,347 [INFO]       ... 1/6 페이지 진행 중...
2026-04-08 03:50:19,347 [INFO]    ℹ️ 변동 사항 없음
2026-04-08 03:50:19,648 [INFO] 🔎 [72] 행정안전부_문화_관광공연장업 조회서비스 조회 중...
2026-04-08 03:50:20,471 [INFO]    ... 총 29건, 1 페이지 처리 시작 (Workers: 10)
2026-04-08 03:50:22,205 [INFO]       ... 1/1 페이지 진행 중...
2026-04-08 03:50:22,205 [INFO]    ℹ️ 변동 사항 없음
2026-04-08 03:50:22,506 [INFO] 🔎 [73] 행정안전부_문화_관광극장유흥업 조회서비스 조회 중...
2026-04-08 03:50:24,083 [INFO]    ... 총 185건, 1 페이지 처리 시작 (Workers: 10)
2026-04-08 03:50:25,462 [INFO]       ... 1/1 페이지 진행 중...
2026-04-08 03:50:25,463 [INFO]    ℹ️ 변동 사항 없음
2026-04-08 03:50:25,764 [INFO] 🔎 [74] 행정안전부_문화_관광궤도업 조회서비스 조회 중...
2026-04-08 03:50:26,639 [INFO]    ... 총 26건, 1 페이지 처리 시작 (Workers: 10)
2026-04-08 03:50:27,589 [INFO]       ... 1/1 페이지 진행 중...
2026-04-08 03:50:27,590 [INFO]    ℹ️ 변동 사항 없음
2026-04-08 03:50:27,891 [INFO] 🔎 [75] 행정안전부_문화_관광사업자 조회서비스 조회 중...
2026-04-08 03:50:29,813 [INFO]    ... 총 2607건, 6 페이지 처리 시작 (Workers: 10)
2026-04-08 03:50:31,267 [INFO]       ... 1/6 페이지 진행 중...
2026-04-08 03:50:31,268 [INFO]    ℹ️ 변동 사항 없음
2026-04-08 03:50:31,569 [INFO] 🔎 [76] 행정안전부_문화_관광유람선업 조회서비스 조회 중...
2026-04-08 03:50:33,381 [INFO]    ... 총 91건, 1 페이지 처리 시작 (Workers: 10)
2026-04-08 03:50:33,645 [INFO]       ... 1/1 페이지 진행 중...
2026-04-08 03:50:33,646 [INFO]    ℹ️ 변동 사항 없음
2026-04-08 03:50:33,947 [INFO] 🔎 [77] 행정안전부_문화_국제회의시설업 조회서비스 조회 중...
2026-04-08 03:50:34,319 [INFO]    ... 총 19건, 1 페이지 처리 시작 (Workers: 10)
2026-04-08 03:50:34,536 [INFO]       ... 1/1 페이지 진행 중...
2026-04-08 03:50:34,536 [INFO]    ℹ️ 변동 사항 없음
2026-04-08 03:50:34,837 [INFO] 🔎 [78] 행정안전부_문화_박물관 및 미술관 조회서비스 조회 중...
2026-04-08 03:50:35,447 [INFO]    ... 총 1262건, 3 페이지 처리 시작 (Workers: 10)
2026-04-08 03:50:36,643 [INFO]       ... 1/3 페이지 진행 중...
2026-04-08 03:50:36,643 [INFO]    ℹ️ 변동 사항 없음
2026-04-08 03:50:36,944 [INFO] 🔎 [79] 행정안전부_문화_시내순환관광업 조회서비스 조회 중...
2026-04-08 03:50:37,435 [INFO]    ... 총 113건, 1 페이지 처리 시작 (Workers: 10)
2026-04-08 03:50:37,701 [INFO]       ... 1/1 페이지 진행 중...
2026-04-08 03:50:37,701 [INFO]    ℹ️ 변동 사항 없음
2026-04-08 03:50:38,002 [INFO] 🔎 [80] 행정안전부_문화_테마파크업(기타) 조회서비스 조회 중...
2026-04-08 03:50:38,439 [INFO]    ... 총 6825건, 14 페이지 처리 시작 (Workers: 10)
2026-04-08 03:50:40,090 [INFO]       ... 1/14 페이지 진행 중...
2026-04-08 03:50:40,091 [INFO]    ℹ️ 변동 사항 없음
2026-04-08 03:50:40,392 [INFO] 🔎 [81] 행정안전부_문화_일반테마파크업 조회서비스 조회 중...
2026-04-08 03:50:41,000 [INFO]    ... 총 1619건, 4 페이지 처리 시작 (Workers: 10)
2026-04-08 03:50:41,891 [INFO]       ... 1/4 페이지 진행 중...
2026-04-08 03:50:41,891 [INFO]    ℹ️ 변동 사항 없음
2026-04-08 03:50:42,192 [INFO] 🔎 [82] 행정안전부_문화_전문휴양업 조회서비스 조회 중...
2026-04-08 03:50:42,645 [INFO]    ... 총 211건, 1 페이지 처리 시작 (Workers: 10)
2026-04-08 03:50:43,033 [INFO]       ... 1/1 페이지 진행 중...
2026-04-08 03:50:43,033 [INFO]    ℹ️ 변동 사항 없음
2026-04-08 03:50:43,334 [INFO] 🔎 [83] 행정안전부_문화_전통사찰 조회서비스 조회 중...
2026-04-08 03:50:43,583 [INFO]    ... 총 1905건, 4 페이지 처리 시작 (Workers: 10)
2026-04-08 03:50:44,627 [INFO]       ... 1/4 페이지 진행 중...
2026-04-08 03:50:44,628 [INFO]    ℹ️ 변동 사항 없음
2026-04-08 03:50:44,928 [INFO] 🔎 [84] 행정안전부_문화_종합테마파크업 조회서비스 조회 중...
2026-04-08 03:50:45,461 [INFO]    ... 총 80건, 1 페이지 처리 시작 (Workers: 10)
2026-04-08 03:50:45,768 [INFO]       ... 1/1 페이지 진행 중...
2026-04-08 03:50:45,768 [INFO]    ℹ️ 변동 사항 없음
2026-04-08 03:50:46,069 [INFO] 🔎 [85] 행정안전부_문화_종합휴양업 조회서비스 조회 중...
2026-04-08 03:50:46,365 [INFO]    ... 총 41건, 1 페이지 처리 시작 (Workers: 10)
2026-04-08 03:50:46,630 [INFO]       ... 1/1 페이지 진행 중...
2026-04-08 03:50:46,630 [INFO]    ℹ️ 변동 사항 없음
2026-04-08 03:50:46,931 [INFO] 🔎 [86] 행정안전부_문화_지방문화원 조회서비스 조회 중...
2026-04-08 03:50:47,485 [INFO]    ... 총 191건, 1 페이지 처리 시작 (Workers: 10)
2026-04-08 03:50:48,428 [INFO]       ... 1/1 페이지 진행 중...
2026-04-08 03:50:48,428 [INFO]    ℹ️ 변동 사항 없음
2026-04-08 03:50:48,729 [INFO] 🔎 [87] 행정안전부_문화_국제회의기획업 조회서비스 조회 중...
2026-04-08 03:50:49,296 [INFO]    ... 총 2546건, 6 페이지 처리 시작 (Workers: 10)
2026-04-08 03:50:50,761 [INFO]       ... 1/6 페이지 진행 중...
2026-04-08 03:50:50,762 [INFO]    ℹ️ 변동 사항 없음
2026-04-08 03:50:51,063 [INFO] 🔎 [88] 행정안전부_문화_대중문화예술기획업 조회서비스 조회 중...
2026-04-08 03:50:51,633 [INFO]    ... 총 9713건, 20 페이지 처리 시작 (Workers: 10)
2026-04-08 03:50:53,740 [INFO]       ... 1/20 페이지 진행 중...
2026-04-08 03:50:53,741 [INFO]    ℹ️ 변동 사항 없음
2026-04-08 03:50:54,042 [INFO] 🔎 [89] 행정안전부_문화_문화예술법인 조회서비스 조회 중...
2026-04-08 03:50:54,556 [INFO]    ... 총 3927건, 8 페이지 처리 시작 (Workers: 10)
2026-04-08 03:50:56,013 [INFO]       ... 1/8 페이지 진행 중...
2026-04-08 03:50:56,014 [INFO]    ℹ️ 변동 사항 없음
2026-04-08 03:50:56,314 [INFO] 🔎 [90] 행정안전부_문화_노래연습장업 조회서비스 조회 중...
2026-04-08 03:50:57,359 [INFO]    ... 총 64324건, 129 페이지 처리 시작 (Workers: 10)
2026-04-08 03:50:58,944 [INFO]       ... 1/129 페이지 진행 중...
2026-04-08 03:51:02,527 [INFO]       ... 41/129 페이지 진행 중...
2026-04-08 03:51:07,285 [INFO]       ... 81/129 페이지 진행 중...
2026-04-08 03:51:14,288 [INFO]       ... 121/129 페이지 진행 중...
2026-04-08 03:51:14,289 [INFO]    ℹ️ 변동 사항 없음
2026-04-08 03:51:14,590 [INFO] 🔎 [91] 행정안전부_문화_비디오물감상실업 조회서비스 조회 중...
2026-04-08 03:51:15,310 [INFO]    ... 총 3627건, 8 페이지 처리 시작 (Workers: 10)
2026-04-08 03:51:17,012 [INFO]       ... 1/8 페이지 진행 중...
2026-04-08 03:51:17,013 [INFO]    ℹ️ 변동 사항 없음
2026-04-08 03:51:17,314 [INFO] 🔎 [92] 행정안전부_문화_비디오물배급업 조회서비스 조회 중...
2026-04-08 03:51:17,745 [INFO]    ... 총 2181건, 5 페이지 처리 시작 (Workers: 10)
2026-04-08 03:51:18,754 [INFO]       ... 1/5 페이지 진행 중...
2026-04-08 03:51:18,754 [INFO]    ℹ️ 변동 사항 없음
2026-04-08 03:51:19,055 [INFO] 🔎 [93] 행정안전부_문화_비디오물소극장업 조회서비스 조회 중...
2026-04-08 03:51:19,602 [INFO]    ... 총 106건, 1 페이지 처리 시작 (Workers: 10)
2026-04-08 03:51:20,552 [INFO]       ... 1/1 페이지 진행 중...
2026-04-08 03:51:20,553 [INFO]    ℹ️ 변동 사항 없음
2026-04-08 03:51:20,854 [INFO] 🔎 [94] 행정안전부_문화_비디오물시청제공업 조회서비스 조회 중...
2026-04-08 03:51:21,399 [INFO]    ... 총 1650건, 4 페이지 처리 시작 (Workers: 10)
2026-04-08 03:51:22,390 [INFO]       ... 1/4 페이지 진행 중...
2026-04-08 03:51:22,390 [INFO]    ℹ️ 변동 사항 없음
2026-04-08 03:51:22,691 [INFO] 🔎 [95] 행정안전부_문화_비디오물제작업 조회서비스 조회 중...
2026-04-08 03:51:23,139 [INFO]    ... 총 23256건, 47 페이지 처리 시작 (Workers: 10)
2026-04-08 03:51:24,335 [INFO]       ... 1/47 페이지 진행 중...
2026-04-08 03:51:26,288 [INFO]       ... 41/47 페이지 진행 중...
2026-04-08 03:51:26,288 [INFO]    ℹ️ 변동 사항 없음
2026-04-08 03:51:26,589 [INFO] 🔎 [96] 행정안전부_문화_관광숙박업 조회서비스 조회 중...
2026-04-08 03:51:27,031 [INFO]    ... 총 4047건, 9 페이지 처리 시작 (Workers: 10)
2026-04-08 03:51:27,975 [INFO]       ... 1/9 페이지 진행 중...
2026-04-08 03:51:27,976 [INFO]    ℹ️ 변동 사항 없음
2026-04-08 03:51:28,277 [INFO] 🔎 [97] 행정안전부_문화_관광펜션업 조회서비스 조회 중...
2026-04-08 03:51:29,243 [INFO]    ... 총 1606건, 4 페이지 처리 시작 (Workers: 10)
2026-04-08 03:51:30,555 [INFO]       ... 1/4 페이지 진행 중...
2026-04-08 03:51:30,556 [INFO]    ℹ️ 변동 사항 없음
2026-04-08 03:51:30,857 [INFO] 🔎 [98] 행정안전부_문화_농어촌민박업 조회서비스 조회 중...
2026-04-08 03:51:31,398 [INFO]    ... 총 54080건, 109 페이지 처리 시작 (Workers: 10)
2026-04-08 03:51:33,115 [INFO]       ... 1/109 페이지 진행 중...
2026-04-08 03:51:37,908 [INFO]       ... 41/109 페이지 진행 중...
2026-04-08 03:51:45,136 [INFO]       ... 81/109 페이지 진행 중...
2026-04-08 03:51:46,642 [INFO]    ℹ️ 변동 사항 없음
2026-04-08 03:51:46,943 [INFO] 🔎 [99] 행정안전부_문화_숙박업 조회서비스 조회 중...
2026-04-08 03:51:48,066 [INFO]    ... 총 58169건, 117 페이지 처리 시작 (Workers: 10)
2026-04-08 03:51:50,300 [INFO]       ... 1/117 페이지 진행 중...
2026-04-08 03:51:54,793 [INFO]       ... 41/117 페이지 진행 중...
2026-04-08 03:51:59,135 [INFO]       ... 81/117 페이지 진행 중...
2026-04-08 03:52:01,187 [INFO]    ✅ 2건 저장 완료
2026-04-08 03:52:01,488 [INFO] 🔎 [100] 행정안전부_문화_외국인관광도시민박업 조회서비스 조회 중...
2026-04-08 03:52:03,332 [INFO]    ... 총 12581건, 26 페이지 처리 시작 (Workers: 10)
2026-04-08 03:52:05,544 [INFO]       ... 1/26 페이지 진행 중...
2026-04-08 03:52:07,744 [INFO]    ℹ️ 변동 사항 없음
2026-04-08 03:52:08,044 [INFO] 🔎 [101] 행정안전부_문화_일반야영장업 조회서비스 조회 중...
2026-04-08 03:52:10,212 [INFO]    ... 총 4746건, 10 페이지 처리 시작 (Workers: 10)
2026-04-08 03:52:11,529 [INFO]       ... 1/10 페이지 진행 중...
2026-04-08 03:52:11,530 [INFO]    ℹ️ 변동 사항 없음
2026-04-08 03:52:11,831 [INFO] 🔎 [102] 행정안전부_문화_자동차야영장업 조회서비스 조회 중...
2026-04-08 03:52:12,376 [INFO]    ... 총 946건, 2 페이지 처리 시작 (Workers: 10)
2026-04-08 03:52:13,946 [INFO]       ... 1/2 페이지 진행 중...
2026-04-08 03:52:13,946 [INFO]    ℹ️ 변동 사항 없음
2026-04-08 03:52:14,247 [INFO] 🔎 [103] 행정안전부_문화_한옥체험업 조회서비스 조회 중...
2026-04-08 03:52:14,768 [INFO]    ... 총 3054건, 7 페이지 처리 시작 (Workers: 10)
2026-04-08 03:52:15,699 [INFO]       ... 1/7 페이지 진행 중...
2026-04-08 03:52:15,699 [INFO]    ℹ️ 변동 사항 없음
2026-04-08 03:52:16,000 [INFO] 🔎 [104] 행정안전부_문화_국내여행업 조회서비스 조회 중...
2026-04-08 03:52:18,055 [INFO]    ... 총 20087건, 41 페이지 처리 시작 (Workers: 10)
2026-04-08 03:52:20,065 [INFO]       ... 1/41 페이지 진행 중...
2026-04-08 03:52:23,683 [INFO]       ... 41/41 페이지 진행 중...
2026-04-08 03:52:23,684 [INFO]    ℹ️ 변동 사항 없음
2026-04-08 03:52:23,985 [INFO] 🔎 [105] 행정안전부_문화_국내외여행업 조회서비스 조회 중...
2026-04-08 03:52:24,478 [INFO]    ... 총 28939건, 58 페이지 처리 시작 (Workers: 10)
2026-04-08 03:52:27,054 [INFO]       ... 1/58 페이지 진행 중...
2026-04-08 03:52:31,025 [INFO]       ... 41/58 페이지 진행 중...
2026-04-08 03:52:31,025 [INFO]    ℹ️ 변동 사항 없음
2026-04-08 03:52:31,326 [INFO] 🔎 [106] 행정안전부_문화_종합여행업 조회서비스 조회 중...
2026-04-08 03:52:31,826 [INFO]    ... 총 19162건, 39 페이지 처리 시작 (Workers: 10)
2026-04-08 03:52:33,398 [INFO]       ... 1/39 페이지 진행 중...
2026-04-08 03:52:38,102 [INFO]    ✅ 1건 저장 완료
2026-04-08 03:52:38,403 [INFO] 🔎 [107] 행정안전부_문화_영화배급업 조회서비스 조회 중...
2026-04-08 03:52:38,822 [INFO]    ... 총 3223건, 7 페이지 처리 시작 (Workers: 10)
2026-04-08 03:52:39,912 [INFO]       ... 1/7 페이지 진행 중...
2026-04-08 03:52:39,913 [INFO]    ℹ️ 변동 사항 없음
2026-04-08 03:52:40,214 [INFO] 🔎 [108] 행정안전부_문화_영화상영관 조회서비스 조회 중...
2026-04-08 03:52:40,896 [INFO]    ... 총 5228건, 11 페이지 처리 시작 (Workers: 10)
2026-04-08 03:52:42,247 [INFO]       ... 1/11 페이지 진행 중...
2026-04-08 03:52:42,248 [INFO]    ℹ️ 변동 사항 없음
2026-04-08 03:52:42,549 [INFO] 🔎 [109] 행정안전부_문화_영화상영업 조회서비스 조회 중...
2026-04-08 03:52:43,129 [INFO]    ... 총 1469건, 3 페이지 처리 시작 (Workers: 10)
2026-04-08 03:52:43,786 [INFO]       ... 1/3 페이지 진행 중...
2026-04-08 03:52:43,787 [INFO]    ℹ️ 변동 사항 없음
2026-04-08 03:52:44,088 [INFO] 🔎 [110] 행정안전부_문화_영화수입업 조회서비스 조회 중...
2026-04-08 03:52:44,566 [INFO]    ... 총 2161건, 5 페이지 처리 시작 (Workers: 10)
2026-04-08 03:52:45,390 [INFO]       ... 1/5 페이지 진행 중...
2026-04-08 03:52:45,391 [INFO]    ℹ️ 변동 사항 없음
2026-04-08 03:52:45,692 [INFO] 🔎 [111] 행정안전부_문화_영화제작업 조회서비스 조회 중...
2026-04-08 03:52:46,117 [INFO]    ... 총 10200건, 21 페이지 처리 시작 (Workers: 10)
2026-04-08 03:52:47,307 [INFO]       ... 1/21 페이지 진행 중...
2026-04-08 03:52:47,660 [INFO]    ℹ️ 변동 사항 없음
2026-04-08 03:52:47,961 [INFO] 🔎 [112] 행정안전부_문화_온라인음악서비스제공업 조회서비스 조회 중...
2026-04-08 03:52:48,479 [INFO]    ... 총 152건, 1 페이지 처리 시작 (Workers: 10)
2026-04-08 03:52:49,200 [INFO]       ... 1/1 페이지 진행 중...
2026-04-08 03:52:49,200 [INFO]    ℹ️ 변동 사항 없음
2026-04-08 03:52:49,501 [INFO] 🔎 [113] 행정안전부_문화_음반및음악영상물배급업 조회서비스 조회 중...
2026-04-08 03:52:50,969 [INFO]    ... 총 1220건, 3 페이지 처리 시작 (Workers: 10)
2026-04-08 03:52:51,780 [INFO]       ... 1/3 페이지 진행 중...
2026-04-08 03:52:51,781 [INFO]    ℹ️ 변동 사항 없음
2026-04-08 03:52:52,082 [INFO] 🔎 [114] 행정안전부_문화_음반및음악영상물제작업 조회서비스 조회 중...
2026-04-08 03:52:52,558 [INFO]    ... 총 5822건, 12 페이지 처리 시작 (Workers: 10)
2026-04-08 03:52:54,126 [INFO]       ... 1/12 페이지 진행 중...
2026-04-08 03:52:54,127 [INFO]    ℹ️ 변동 사항 없음
2026-04-08 03:52:54,427 [INFO] 🔎 [115] 행정안전부_문화_음반물배급업 조회서비스 조회 중...
2026-04-08 03:52:54,970 [INFO]    ... 총 82건, 1 페이지 처리 시작 (Workers: 10)
2026-04-08 03:52:55,715 [INFO]       ... 1/1 페이지 진행 중...
2026-04-08 03:52:55,716 [INFO]    ℹ️ 변동 사항 없음
2026-04-08 03:52:56,017 [INFO] 🔎 [116] 행정안전부_문화_음반물제작업 조회서비스 조회 중...
2026-04-08 03:52:56,615 [INFO]    ... 총 578건, 2 페이지 처리 시작 (Workers: 10)
2026-04-08 03:52:57,914 [INFO]       ... 1/2 페이지 진행 중...
2026-04-08 03:52:57,915 [INFO]    ℹ️ 변동 사항 없음
2026-04-08 03:52:58,215 [INFO] 🔎 [117] 행정안전부_생활_미용업 조회서비스 조회 중...
2026-04-08 03:52:58,784 [INFO]    ... 총 450516건, 902 페이지 처리 시작 (Workers: 10)
2026-04-08 03:53:00,841 [INFO]       ... 1/902 페이지 진행 중...
2026-04-08 03:53:08,966 [INFO]       ... 41/902 페이지 진행 중...
2026-04-08 03:53:16,985 [INFO]       ... 81/902 페이지 진행 중...
2026-04-08 03:53:22,937 [INFO]       ... 121/902 페이지 진행 중...
2026-04-08 03:53:29,960 [INFO]       ... 161/902 페이지 진행 중...
2026-04-08 03:53:36,430 [INFO]       ... 201/902 페이지 진행 중...
2026-04-08 03:53:44,832 [INFO]       ... 241/902 페이지 진행 중...
2026-04-08 03:53:52,761 [INFO]       ... 281/902 페이지 진행 중...
2026-04-08 03:54:00,462 [INFO]       ... 321/902 페이지 진행 중...
2026-04-08 03:54:12,412 [INFO]       ... 361/902 페이지 진행 중...
2026-04-08 03:54:21,958 [INFO]       ... 401/902 페이지 진행 중...
2026-04-08 03:54:32,846 [INFO]       ... 441/902 페이지 진행 중...
2026-04-08 03:54:43,645 [INFO]       ... 481/902 페이지 진행 중...
2026-04-08 03:54:55,156 [INFO]       ... 521/902 페이지 진행 중...
2026-04-08 03:55:05,726 [INFO]       ... 561/902 페이지 진행 중...
2026-04-08 03:55:16,890 [INFO]       ... 601/902 페이지 진행 중...
2026-04-08 03:55:28,876 [INFO]       ... 641/902 페이지 진행 중...
2026-04-08 03:55:41,765 [INFO]       ... 681/902 페이지 진행 중...
2026-04-08 03:55:54,900 [INFO]       ... 721/902 페이지 진행 중...
2026-04-08 03:56:09,523 [INFO]       ... 761/902 페이지 진행 중...
2026-04-08 03:56:23,124 [INFO]       ... 801/902 페이지 진행 중...
2026-04-08 03:56:39,608 [INFO]       ... 841/902 페이지 진행 중...
2026-04-08 03:56:56,008 [INFO]       ... 881/902 페이지 진행 중...
2026-04-08 03:56:59,232 [INFO]    ℹ️ 변동 사항 없음
2026-04-08 03:56:59,533 [INFO] 🔎 [118] 행정안전부_생활_이용업 조회서비스 조회 중...
2026-04-08 03:57:00,057 [INFO]    ... 총 65517건, 132 페이지 처리 시작 (Workers: 10)
2026-04-08 03:57:02,605 [INFO]       ... 1/132 페이지 진행 중...
2026-04-08 03:57:08,966 [INFO]       ... 41/132 페이지 진행 중...
2026-04-08 03:57:16,871 [INFO]       ... 81/132 페이지 진행 중...
2026-04-08 03:57:22,515 [INFO]       ... 121/132 페이지 진행 중...
2026-04-08 03:57:22,515 [INFO]    ℹ️ 변동 사항 없음
2026-04-08 03:57:22,816 [INFO] 🔎 [119] 행정안전부_생활_세탁업 조회서비스 조회 중...
2026-04-08 03:57:23,367 [INFO]    ... 총 67278건, 135 페이지 처리 시작 (Workers: 10)
2026-04-08 03:57:26,677 [INFO]       ... 1/135 페이지 진행 중...
2026-04-08 03:57:31,240 [INFO]       ... 41/135 페이지 진행 중...
2026-04-08 03:57:36,580 [INFO]       ... 81/135 페이지 진행 중...
2026-04-08 03:57:44,127 [INFO]       ... 121/135 페이지 진행 중...
2026-04-08 03:57:44,128 [INFO]    ℹ️ 변동 사항 없음
2026-04-08 03:57:44,429 [INFO] 🔎 [120] 행정안전부_생활_의료기관세탁물처리업 조회서비스 조회 중...
2026-04-08 03:57:44,884 [INFO]    ... 총 265건, 1 페이지 처리 시작 (Workers: 10)
2026-04-08 03:57:46,644 [INFO]       ... 1/1 페이지 진행 중...
2026-04-08 03:57:46,645 [INFO]    ℹ️ 변동 사항 없음
2026-04-08 03:57:46,946 [INFO] 🔎 [121] 행정안전부_생활_다단계판매업체 조회서비스 조회 중...
2026-04-08 03:57:48,303 [INFO]    ... 총 1319건, 3 페이지 처리 시작 (Workers: 10)
2026-04-08 03:57:50,747 [INFO]       ... 1/3 페이지 진행 중...
2026-04-08 03:57:50,748 [INFO]    ℹ️ 변동 사항 없음
2026-04-08 03:57:51,048 [INFO] 🔎 [122] 행정안전부_생활_대규모점포 조회서비스 조회 중...
2026-04-08 03:57:51,474 [INFO]    ... 총 4157건, 9 페이지 처리 시작 (Workers: 10)
2026-04-08 03:57:52,341 [INFO]       ... 1/9 페이지 진행 중...
2026-04-08 03:57:52,341 [INFO]    ℹ️ 변동 사항 없음
2026-04-08 03:57:52,642 [INFO] 🔎 [123] 행정안전부_생활_방문판매업 조회서비스 조회 중...
2026-04-08 03:57:53,976 [INFO]    ... 총 113397건, 227 페이지 처리 시작 (Workers: 10)
2026-04-08 03:57:56,032 [INFO]       ... 1/227 페이지 진행 중...
2026-04-08 03:58:02,709 [INFO]       ... 41/227 페이지 진행 중...
2026-04-08 03:58:08,331 [INFO]       ... 81/227 페이지 진행 중...
2026-04-08 03:58:15,882 [INFO]       ... 121/227 페이지 진행 중...
2026-04-08 03:58:21,105 [INFO]       ... 161/227 페이지 진행 중...
2026-04-08 03:58:29,108 [INFO]       ... 201/227 페이지 진행 중...
2026-04-08 03:58:30,973 [INFO]    ℹ️ 변동 사항 없음
2026-04-08 03:58:31,274 [INFO] 🔎 [124] 행정안전부_생활_전화권유판매업 조회서비스 조회 중...
2026-04-08 03:58:31,850 [INFO]    ... 총 24195건, 49 페이지 처리 시작 (Workers: 10)
2026-04-08 03:58:34,025 [INFO]       ... 1/49 페이지 진행 중...
2026-04-08 03:58:36,374 [INFO]       ... 41/49 페이지 진행 중...
2026-04-08 03:58:36,375 [INFO]    ℹ️ 변동 사항 없음
2026-04-08 03:58:36,675 [INFO] 🔎 [125] 행정안전부_생활_통신판매업 조회서비스 조회 중...
2026-04-08 03:58:37,244 [INFO]    ... 총 2999996건, 6000 페이지 처리 시작 (Workers: 10)
2026-04-08 03:58:39,094 [INFO]       ... 1/6000 페이지 진행 중...
2026-04-08 03:58:44,016 [INFO]       ... 41/6000 페이지 진행 중...
2026-04-08 03:58:49,044 [INFO]       ... 81/6000 페이지 진행 중...
2026-04-08 03:58:56,661 [INFO]       ... 121/6000 페이지 진행 중...
2026-04-08 03:59:03,932 [INFO]       ... 161/6000 페이지 진행 중...
2026-04-08 03:59:11,226 [INFO]       ... 201/6000 페이지 진행 중...
2026-04-08 03:59:19,650 [INFO]       ... 241/6000 페이지 진행 중...
2026-04-08 03:59:27,920 [INFO]       ... 281/6000 페이지 진행 중...
2026-04-08 03:59:38,160 [INFO]       ... 321/6000 페이지 진행 중...
2026-04-08 03:59:48,556 [INFO]       ... 361/6000 페이지 진행 중...
2026-04-08 03:59:57,819 [INFO]       ... 401/6000 페이지 진행 중...
2026-04-08 04:00:08,367 [INFO]       ... 441/6000 페이지 진행 중...
2026-04-08 04:00:20,248 [INFO]       ... 481/6000 페이지 진행 중...
2026-04-08 04:00:31,433 [INFO]       ... 521/6000 페이지 진행 중...
2026-04-08 04:00:42,204 [INFO]       ... 561/6000 페이지 진행 중...
2026-04-08 04:00:54,087 [INFO]       ... 601/6000 페이지 진행 중...
2026-04-08 04:01:06,399 [INFO]       ... 641/6000 페이지 진행 중...
2026-04-08 04:01:17,547 [INFO]       ... 681/6000 페이지 진행 중...
2026-04-08 04:01:31,677 [INFO]       ... 721/6000 페이지 진행 중...
2026-04-08 04:01:47,295 [INFO]       ... 761/6000 페이지 진행 중...
2026-04-08 04:02:05,114 [INFO]       ... 801/6000 페이지 진행 중...
2026-04-08 04:02:19,304 [INFO]       ... 841/6000 페이지 진행 중...
2026-04-08 04:02:36,481 [INFO]       ... 881/6000 페이지 진행 중...
2026-04-08 04:02:56,391 [INFO]       ... 921/6000 페이지 진행 중...
2026-04-08 04:03:16,640 [INFO]       ... 961/6000 페이지 진행 중...
2026-04-08 04:03:38,871 [INFO]       ... 1001/6000 페이지 진행 중...
2026-04-08 04:03:57,717 [INFO]       ... 1041/6000 페이지 진행 중...
2026-04-08 04:04:18,028 [INFO]       ... 1081/6000 페이지 진행 중...
2026-04-08 04:04:40,242 [INFO]       ... 1121/6000 페이지 진행 중...
2026-04-08 04:05:03,306 [INFO]       ... 1161/6000 페이지 진행 중...
2026-04-08 04:05:27,644 [INFO]       ... 1201/6000 페이지 진행 중...
2026-04-08 04:05:50,777 [INFO]       ... 1241/6000 페이지 진행 중...
2026-04-08 04:06:15,793 [INFO]       ... 1281/6000 페이지 진행 중...
2026-04-08 04:06:40,293 [INFO]       ... 1321/6000 페이지 진행 중...
2026-04-08 04:07:06,167 [INFO]       ... 1361/6000 페이지 진행 중...
2026-04-08 04:07:32,778 [INFO]       ... 1401/6000 페이지 진행 중...
2026-04-08 04:08:03,815 [INFO]       ... 1441/6000 페이지 진행 중...
2026-04-08 04:08:31,450 [INFO]       ... 1481/6000 페이지 진행 중...
2026-04-08 04:09:00,261 [INFO]       ... 1521/6000 페이지 진행 중...
2026-04-08 04:09:30,477 [INFO]       ... 1561/6000 페이지 진행 중...
2026-04-08 04:10:00,152 [INFO]       ... 1601/6000 페이지 진행 중...
2026-04-08 04:10:32,305 [INFO]       ... 1641/6000 페이지 진행 중...
2026-04-08 04:11:03,129 [INFO]       ... 1681/6000 페이지 진행 중...
2026-04-08 04:11:35,741 [INFO]       ... 1721/6000 페이지 진행 중...
2026-04-08 04:12:12,667 [INFO]       ... 1761/6000 페이지 진행 중...
2026-04-08 04:12:48,840 [INFO]       ... 1801/6000 페이지 진행 중...
2026-04-08 04:13:23,917 [INFO]       ... 1841/6000 페이지 진행 중...
2026-04-08 04:13:58,524 [INFO]       ... 1881/6000 페이지 진행 중...
2026-04-08 04:14:34,799 [INFO]       ... 1921/6000 페이지 진행 중...
2026-04-08 04:15:14,771 [INFO]       ... 1961/6000 페이지 진행 중...
2026-04-08 04:15:52,072 [INFO]       ... 2001/6000 페이지 진행 중...
2026-04-08 04:16:28,403 [INFO]       ... 2041/6000 페이지 진행 중...
2026-04-08 04:17:12,070 [INFO]       ... 2081/6000 페이지 진행 중...
2026-04-08 04:18:04,981 [INFO]       ... 2121/6000 페이지 진행 중...
2026-04-08 04:19:01,782 [INFO]       ... 2161/6000 페이지 진행 중...
2026-04-08 04:19:42,625 [INFO]       ... 2201/6000 페이지 진행 중...
2026-04-08 04:20:40,727 [INFO]       ... 2241/6000 페이지 진행 중...
2026-04-08 04:21:50,513 [INFO]       ... 2281/6000 페이지 진행 중...
2026-04-08 04:22:46,534 [INFO]       ... 2321/6000 페이지 진행 중...
2026-04-08 04:24:16,000 [INFO]       ... 2361/6000 페이지 진행 중...
2026-04-08 04:25:15,559 [INFO]       ... 2401/6000 페이지 진행 중...
2026-04-08 04:27:20,179 [INFO]       ... 2441/6000 페이지 진행 중...
2026-04-08 04:30:26,498 [INFO]       ... 2481/6000 페이지 진행 중...
2026-04-08 04:33:30,091 [INFO]       ... 2521/6000 페이지 진행 중...
2026-04-08 04:36:11,639 [INFO]       ... 2561/6000 페이지 진행 중...
2026-04-08 04:39:57,914 [INFO]       ... 2601/6000 페이지 진행 중...
2026-04-08 04:44:26,519 [INFO]       ... 2641/6000 페이지 진행 중...
2026-04-08 04:46:58,726 [WARNING]       ⚠️ 페이지 2668 처리 중 오류: not enough values to unpack (expected 3, got 0)
2026-04-08 04:46:59,753 [WARNING]       ⚠️ 페이지 2669 처리 중 오류: not enough values to unpack (expected 3, got 0)
2026-04-08 04:46:59,866 [WARNING]       ⚠️ 페이지 2665 처리 중 오류: not enough values to unpack (expected 3, got 0)
2026-04-08 04:47:00,460 [WARNING]       ⚠️ 페이지 2662 처리 중 오류: not enough values to unpack (expected 3, got 0)
2026-04-08 04:47:00,461 [WARNING]       ⚠️ 페이지 2663 처리 중 오류: not enough values to unpack (expected 3, got 0)
2026-04-08 04:47:00,463 [WARNING]       ⚠️ 페이지 2670 처리 중 오류: not enough values to unpack (expected 3, got 0)
2026-04-08 04:47:00,465 [WARNING]       ⚠️ 페이지 2667 처리 중 오류: not enough values to unpack (expected 3, got 0)
2026-04-08 04:47:00,478 [WARNING]       ⚠️ 페이지 2664 처리 중 오류: not enough values to unpack (expected 3, got 0)
2026-04-08 04:47:00,533 [WARNING]       ⚠️ 페이지 2666 처리 중 오류: not enough values to unpack (expected 3, got 0)
2026-04-08 04:51:26,106 [WARNING]       ⚠️ 페이지 2687 처리 중 오류: not enough values to unpack (expected 3, got 0)
2026-04-08 04:51:26,140 [WARNING]       ⚠️ 페이지 2681 처리 중 오류: not enough values to unpack (expected 3, got 0)
2026-04-08 04:51:26,375 [WARNING]       ⚠️ 페이지 2689 처리 중 오류: not enough values to unpack (expected 3, got 0)
2026-04-08 04:51:26,380 [WARNING]       ⚠️ 페이지 2686 처리 중 오류: not enough values to unpack (expected 3, got 0)
2026-04-08 04:51:26,391 [WARNING]       ⚠️ 페이지 2682 처리 중 오류: not enough values to unpack (expected 3, got 0)
2026-04-08 04:51:26,407 [WARNING]       ⚠️ 페이지 2690 처리 중 오류: not enough values to unpack (expected 3, got 0)
2026-04-08 04:51:26,410 [WARNING]       ⚠️ 페이지 2685 처리 중 오류: not enough values to unpack (expected 3, got 0)
2026-04-08 04:51:26,421 [WARNING]       ⚠️ 페이지 2688 처리 중 오류: not enough values to unpack (expected 3, got 0)
2026-04-08 04:51:26,457 [WARNING]       ⚠️ 페이지 2684 처리 중 오류: not enough values to unpack (expected 3, got 0)
2026-04-08 04:51:29,356 [WARNING]       ⚠️ 페이지 2683 처리 중 오류: not enough values to unpack (expected 3, got 0)
2026-04-08 04:53:58,755 [WARNING]       ⚠️ 페이지 2695 처리 중 오류: not enough values to unpack (expected 3, got 0)
2026-04-08 04:53:58,882 [WARNING]       ⚠️ 페이지 2698 처리 중 오류: not enough values to unpack (expected 3, got 0)
2026-04-08 04:53:58,888 [WARNING]       ⚠️ 페이지 2694 처리 중 오류: not enough values to unpack (expected 3, got 0)
2026-04-08 04:53:59,384 [WARNING]       ⚠️ 페이지 2696 처리 중 오류: not enough values to unpack (expected 3, got 0)
2026-04-08 04:53:59,384 [WARNING]       ⚠️ 페이지 2693 처리 중 오류: not enough values to unpack (expected 3, got 0)
2026-04-08 04:53:59,407 [WARNING]       ⚠️ 페이지 2697 처리 중 오류: not enough values to unpack (expected 3, got 0)
2026-04-08 04:53:59,411 [WARNING]       ⚠️ 페이지 2699 처리 중 오류: not enough values to unpack (expected 3, got 0)
2026-04-08 04:53:59,460 [WARNING]       ⚠️ 페이지 2691 처리 중 오류: not enough values to unpack (expected 3, got 0)
2026-04-08 04:53:59,483 [WARNING]       ⚠️ 페이지 2692 처리 중 오류: not enough values to unpack (expected 3, got 0)
2026-04-08 04:54:08,435 [WARNING]       ⚠️ 페이지 2700 처리 중 오류: not enough values to unpack (expected 3, got 0)
2026-04-08 04:54:08,436 [INFO]       ... 2681/6000 페이지 진행 중...
2026-04-08 04:56:40,488 [WARNING]       ⚠️ 페이지 2705 처리 중 오류: not enough values to unpack (expected 3, got 0)
2026-04-08 04:56:40,601 [WARNING]       ⚠️ 페이지 2708 처리 중 오류: not enough values to unpack (expected 3, got 0)
2026-04-08 04:56:40,676 [WARNING]       ⚠️ 페이지 2701 처리 중 오류: not enough values to unpack (expected 3, got 0)
2026-04-08 04:56:42,815 [WARNING]       ⚠️ 페이지 2707 처리 중 오류: not enough values to unpack (expected 3, got 0)
2026-04-08 04:56:42,866 [WARNING]       ⚠️ 페이지 2704 처리 중 오류: not enough values to unpack (expected 3, got 0)
2026-04-08 04:56:42,870 [WARNING]       ⚠️ 페이지 2702 처리 중 오류: not enough values to unpack (expected 3, got 0)
2026-04-08 04:56:43,144 [WARNING]       ⚠️ 페이지 2710 처리 중 오류: not enough values to unpack (expected 3, got 0)
2026-04-08 04:56:43,147 [WARNING]       ⚠️ 페이지 2709 처리 중 오류: not enough values to unpack (expected 3, got 0)
2026-04-08 04:56:43,147 [WARNING]       ⚠️ 페이지 2703 처리 중 오류: not enough values to unpack (expected 3, got 0)
2026-04-08 04:56:43,149 [WARNING]       ⚠️ 페이지 2706 처리 중 오류: not enough values to unpack (expected 3, got 0)
2026-04-08 04:59:14,054 [WARNING]       ⚠️ 페이지 2711 처리 중 오류: not enough values to unpack (expected 3, got 0)
2026-04-08 04:59:14,970 [WARNING]       ⚠️ 페이지 2712 처리 중 오류: not enough values to unpack (expected 3, got 0)
2026-04-08 04:59:15,049 [WARNING]       ⚠️ 페이지 2714 처리 중 오류: not enough values to unpack (expected 3, got 0)
2026-04-08 04:59:15,234 [WARNING]       ⚠️ 페이지 2720 처리 중 오류: not enough values to unpack (expected 3, got 0)
2026-04-08 04:59:15,669 [WARNING]       ⚠️ 페이지 2713 처리 중 오류: not enough values to unpack (expected 3, got 0)
2026-04-08 04:59:15,673 [WARNING]       ⚠️ 페이지 2718 처리 중 오류: not enough values to unpack (expected 3, got 0)
2026-04-08 04:59:15,698 [WARNING]       ⚠️ 페이지 2717 처리 중 오류: not enough values to unpack (expected 3, got 0)
2026-04-08 04:59:17,122 [WARNING]       ⚠️ 페이지 2719 처리 중 오류: not enough values to unpack (expected 3, got 0)
2026-04-08 04:59:17,127 [WARNING]       ⚠️ 페이지 2716 처리 중 오류: not enough values to unpack (expected 3, got 0)
2026-04-08 04:59:18,605 [WARNING]       ⚠️ 페이지 2715 처리 중 오류: not enough values to unpack (expected 3, got 0)
2026-04-08 05:01:51,100 [WARNING]       ⚠️ 페이지 2728 처리 중 오류: not enough values to unpack (expected 3, got 0)
2026-04-08 05:01:53,211 [WARNING]       ⚠️ 페이지 2726 처리 중 오류: not enough values to unpack (expected 3, got 0)
2026-04-08 05:01:53,212 [WARNING]       ⚠️ 페이지 2723 처리 중 오류: not enough values to unpack (expected 3, got 0)
2026-04-08 05:01:53,212 [WARNING]       ⚠️ 페이지 2721 처리 중 오류: not enough values to unpack (expected 3, got 0)
2026-04-08 05:01:53,226 [WARNING]       ⚠️ 페이지 2724 처리 중 오류: not enough values to unpack (expected 3, got 0)
2026-04-08 05:01:53,229 [WARNING]       ⚠️ 페이지 2730 처리 중 오류: not enough values to unpack (expected 3, got 0)
2026-04-08 05:01:53,230 [WARNING]       ⚠️ 페이지 2722 처리 중 오류: not enough values to unpack (expected 3, got 0)
2026-04-08 05:01:53,239 [WARNING]       ⚠️ 페이지 2725 처리 중 오류: not enough values to unpack (expected 3, got 0)
2026-04-08 05:01:53,276 [WARNING]       ⚠️ 페이지 2729 처리 중 오류: not enough values to unpack (expected 3, got 0)
2026-04-08 05:01:53,307 [WARNING]       ⚠️ 페이지 2727 처리 중 오류: not enough values to unpack (expected 3, got 0)
2026-04-08 05:04:26,204 [WARNING]       ⚠️ 페이지 2731 처리 중 오류: not enough values to unpack (expected 3, got 0)
2026-04-08 05:04:26,256 [WARNING]       ⚠️ 페이지 2734 처리 중 오류: not enough values to unpack (expected 3, got 0)
2026-04-08 05:04:26,561 [WARNING]       ⚠️ 페이지 2732 처리 중 오류: not enough values to unpack (expected 3, got 0)
2026-04-08 05:04:26,584 [WARNING]       ⚠️ 페이지 2737 처리 중 오류: not enough values to unpack (expected 3, got 0)
2026-04-08 05:04:26,641 [WARNING]       ⚠️ 페이지 2735 처리 중 오류: not enough values to unpack (expected 3, got 0)
2026-04-08 05:04:26,646 [WARNING]       ⚠️ 페이지 2740 처리 중 오류: not enough values to unpack (expected 3, got 0)
2026-04-08 05:04:26,668 [WARNING]       ⚠️ 페이지 2738 처리 중 오류: not enough values to unpack (expected 3, got 0)
2026-04-08 05:04:29,671 [WARNING]       ⚠️ 페이지 2739 처리 중 오류: not enough values to unpack (expected 3, got 0)
2026-04-08 05:04:29,672 [WARNING]       ⚠️ 페이지 2733 처리 중 오류: not enough values to unpack (expected 3, got 0)
2026-04-08 05:04:29,674 [WARNING]       ⚠️ 페이지 2736 처리 중 오류: not enough values to unpack (expected 3, got 0)
2026-04-08 05:04:29,675 [INFO]       ... 2721/6000 페이지 진행 중...
2026-04-08 05:07:02,305 [WARNING]       ⚠️ 페이지 2746 처리 중 오류: not enough values to unpack (expected 3, got 0)
2026-04-08 05:07:02,757 [WARNING]       ⚠️ 페이지 2749 처리 중 오류: not enough values to unpack (expected 3, got 0)
2026-04-08 05:07:02,764 [WARNING]       ⚠️ 페이지 2750 처리 중 오류: not enough values to unpack (expected 3, got 0)
2026-04-08 05:07:02,800 [WARNING]       ⚠️ 페이지 2742 처리 중 오류: not enough values to unpack (expected 3, got 0)
2026-04-08 05:07:03,572 [WARNING]       ⚠️ 페이지 2748 처리 중 오류: not enough values to unpack (expected 3, got 0)
2026-04-08 05:07:03,718 [WARNING]       ⚠️ 페이지 2744 처리 중 오류: not enough values to unpack (expected 3, got 0)
2026-04-08 05:07:04,231 [WARNING]       ⚠️ 페이지 2741 처리 중 오류: not enough values to unpack (expected 3, got 0)
2026-04-08 05:07:04,235 [WARNING]       ⚠️ 페이지 2745 처리 중 오류: not enough values to unpack (expected 3, got 0)
2026-04-08 05:07:04,236 [WARNING]       ⚠️ 페이지 2743 처리 중 오류: not enough values to unpack (expected 3, got 0)
2026-04-08 05:07:05,738 [WARNING]       ⚠️ 페이지 2747 처리 중 오류: not enough values to unpack (expected 3, got 0)
2026-04-08 05:09:34,926 [WARNING]       ⚠️ 페이지 2751 처리 중 오류: not enough values to unpack (expected 3, got 0)
2026-04-08 05:09:36,899 [WARNING]       ⚠️ 페이지 2755 처리 중 오류: not enough values to unpack (expected 3, got 0)
2026-04-08 05:09:36,993 [WARNING]       ⚠️ 페이지 2754 처리 중 오류: not enough values to unpack (expected 3, got 0)
2026-04-08 05:09:37,032 [WARNING]       ⚠️ 페이지 2752 처리 중 오류: not enough values to unpack (expected 3, got 0)
2026-04-08 05:09:37,098 [WARNING]       ⚠️ 페이지 2756 처리 중 오류: not enough values to unpack (expected 3, got 0)
2026-04-08 05:09:37,280 [WARNING]       ⚠️ 페이지 2758 처리 중 오류: not enough values to unpack (expected 3, got 0)
2026-04-08 05:09:37,282 [WARNING]       ⚠️ 페이지 2759 처리 중 오류: not enough values to unpack (expected 3, got 0)
2026-04-08 05:09:37,295 [WARNING]       ⚠️ 페이지 2753 처리 중 오류: not enough values to unpack (expected 3, got 0)
2026-04-08 05:09:37,297 [WARNING]       ⚠️ 페이지 2757 처리 중 오류: not enough values to unpack (expected 3, got 0)
2026-04-08 05:09:42,176 [WARNING]       ⚠️ 페이지 2760 처리 중 오류: not enough values to unpack (expected 3, got 0)
2026-04-08 05:12:15,107 [WARNING]       ⚠️ 페이지 2763 처리 중 오류: not enough values to unpack (expected 3, got 0)
2026-04-08 05:12:16,155 [WARNING]       ⚠️ 페이지 2768 처리 중 오류: not enough values to unpack (expected 3, got 0)
2026-04-08 05:12:18,020 [WARNING]       ⚠️ 페이지 2765 처리 중 오류: not enough values to unpack (expected 3, got 0)
2026-04-08 05:12:18,021 [WARNING]       ⚠️ 페이지 2770 처리 중 오류: not enough values to unpack (expected 3, got 0)
2026-04-08 05:12:18,022 [WARNING]       ⚠️ 페이지 2767 처리 중 오류: not enough values to unpack (expected 3, got 0)
2026-04-08 05:12:18,098 [WARNING]       ⚠️ 페이지 2762 처리 중 오류: not enough values to unpack (expected 3, got 0)
2026-04-08 05:12:18,100 [WARNING]       ⚠️ 페이지 2761 처리 중 오류: not enough values to unpack (expected 3, got 0)
2026-04-08 05:12:18,147 [WARNING]       ⚠️ 페이지 2769 처리 중 오류: not enough values to unpack (expected 3, got 0)
2026-04-08 05:12:18,149 [WARNING]       ⚠️ 페이지 2766 처리 중 오류: not enough values to unpack (expected 3, got 0)
2026-04-08 05:12:19,639 [WARNING]       ⚠️ 페이지 2764 처리 중 오류: not enough values to unpack (expected 3, got 0)
2026-04-08 05:14:49,219 [WARNING]       ⚠️ 페이지 2772 처리 중 오류: not enough values to unpack (expected 3, got 0)
2026-04-08 05:14:49,677 [WARNING]       ⚠️ 페이지 2771 처리 중 오류: not enough values to unpack (expected 3, got 0)
2026-04-08 05:14:50,403 [WARNING]       ⚠️ 페이지 2778 처리 중 오류: not enough values to unpack (expected 3, got 0)
2026-04-08 05:14:50,465 [WARNING]       ⚠️ 페이지 2774 처리 중 오류: not enough values to unpack (expected 3, got 0)
2026-04-08 05:14:50,489 [WARNING]       ⚠️ 페이지 2777 처리 중 오류: not enough values to unpack (expected 3, got 0)
2026-04-08 05:14:51,650 [WARNING]       ⚠️ 페이지 2776 처리 중 오류: not enough values to unpack (expected 3, got 0)
2026-04-08 05:14:51,652 [WARNING]       ⚠️ 페이지 2773 처리 중 오류: not enough values to unpack (expected 3, got 0)
2026-04-08 05:14:51,697 [WARNING]       ⚠️ 페이지 2779 처리 중 오류: not enough values to unpack (expected 3, got 0)
2026-04-08 05:14:52,664 [WARNING]       ⚠️ 페이지 2775 처리 중 오류: not enough values to unpack (expected 3, got 0)
2026-04-08 05:14:54,164 [WARNING]       ⚠️ 페이지 2780 처리 중 오류: not enough values to unpack (expected 3, got 0)
2026-04-08 05:14:54,164 [INFO]       ... 2761/6000 페이지 진행 중...
2026-04-08 05:17:25,999 [WARNING]       ⚠️ 페이지 2788 처리 중 오류: not enough values to unpack (expected 3, got 0)
2026-04-08 05:17:26,556 [WARNING]       ⚠️ 페이지 2784 처리 중 오류: not enough values to unpack (expected 3, got 0)
2026-04-08 05:17:27,423 [WARNING]       ⚠️ 페이지 2789 처리 중 오류: not enough values to unpack (expected 3, got 0)
2026-04-08 05:17:27,423 [WARNING]       ⚠️ 페이지 2781 처리 중 오류: not enough values to unpack (expected 3, got 0)
2026-04-08 05:17:27,500 [WARNING]       ⚠️ 페이지 2790 처리 중 오류: not enough values to unpack (expected 3, got 0)
2026-04-08 05:17:27,504 [WARNING]       ⚠️ 페이지 2787 처리 중 오류: not enough values to unpack (expected 3, got 0)
2026-04-08 05:17:28,684 [WARNING]       ⚠️ 페이지 2782 처리 중 오류: not enough values to unpack (expected 3, got 0)
2026-04-08 05:17:28,691 [WARNING]       ⚠️ 페이지 2783 처리 중 오류: not enough values to unpack (expected 3, got 0)
2026-04-08 05:17:28,988 [WARNING]       ⚠️ 페이지 2785 처리 중 오류: not enough values to unpack (expected 3, got 0)
2026-04-08 05:17:28,988 [WARNING]       ⚠️ 페이지 2786 처리 중 오류: not enough values to unpack (expected 3, got 0)
2026-04-08 05:19:59,892 [WARNING]       ⚠️ 페이지 2794 처리 중 오류: not enough values to unpack (expected 3, got 0)
2026-04-08 05:20:00,474 [WARNING]       ⚠️ 페이지 2795 처리 중 오류: not enough values to unpack (expected 3, got 0)
2026-04-08 05:20:00,477 [WARNING]       ⚠️ 페이지 2798 처리 중 오류: not enough values to unpack (expected 3, got 0)
2026-04-08 05:20:01,317 [WARNING]       ⚠️ 페이지 2792 처리 중 오류: not enough values to unpack (expected 3, got 0)
2026-04-08 05:20:01,355 [WARNING]       ⚠️ 페이지 2797 처리 중 오류: not enough values to unpack (expected 3, got 0)
2026-04-08 05:20:02,634 [WARNING]       ⚠️ 페이지 2793 처리 중 오류: not enough values to unpack (expected 3, got 0)
2026-04-08 05:20:04,421 [WARNING]       ⚠️ 페이지 2796 처리 중 오류: not enough values to unpack (expected 3, got 0)
2026-04-08 05:20:04,429 [WARNING]       ⚠️ 페이지 2791 처리 중 오류: not enough values to unpack (expected 3, got 0)
2026-04-08 05:20:04,437 [WARNING]       ⚠️ 페이지 2800 처리 중 오류: not enough values to unpack (expected 3, got 0)
2026-04-08 05:20:04,469 [WARNING]       ⚠️ 페이지 2799 처리 중 오류: not enough values to unpack (expected 3, got 0)
2026-04-08 05:22:38,870 [WARNING]       ⚠️ 페이지 2801 처리 중 오류: not enough values to unpack (expected 3, got 0)
2026-04-08 05:22:40,084 [WARNING]       ⚠️ 페이지 2810 처리 중 오류: not enough values to unpack (expected 3, got 0)
2026-04-08 05:22:40,093 [WARNING]       ⚠️ 페이지 2803 처리 중 오류: not enough values to unpack (expected 3, got 0)
2026-04-08 05:22:40,095 [WARNING]       ⚠️ 페이지 2809 처리 중 오류: not enough values to unpack (expected 3, got 0)
2026-04-08 05:22:40,160 [WARNING]       ⚠️ 페이지 2804 처리 중 오류: not enough values to unpack (expected 3, got 0)
2026-04-08 05:22:40,181 [WARNING]       ⚠️ 페이지 2805 처리 중 오류: not enough values to unpack (expected 3, got 0)
2026-04-08 05:22:40,811 [WARNING]       ⚠️ 페이지 2802 처리 중 오류: not enough values to unpack (expected 3, got 0)
2026-04-08 05:22:41,179 [WARNING]       ⚠️ 페이지 2808 처리 중 오류: not enough values to unpack (expected 3, got 0)
2026-04-08 05:22:41,180 [WARNING]       ⚠️ 페이지 2807 처리 중 오류: not enough values to unpack (expected 3, got 0)
2026-04-08 05:22:44,168 [WARNING]       ⚠️ 페이지 2806 처리 중 오류: not enough values to unpack (expected 3, got 0)
2026-04-08 05:25:11,017 [WARNING]       ⚠️ 페이지 2811 처리 중 오류: not enough values to unpack (expected 3, got 0)
2026-04-08 05:25:11,762 [WARNING]       ⚠️ 페이지 2812 처리 중 오류: not enough values to unpack (expected 3, got 0)
2026-04-08 05:25:11,908 [WARNING]       ⚠️ 페이지 2813 처리 중 오류: not enough values to unpack (expected 3, got 0)
2026-04-08 05:25:11,911 [WARNING]       ⚠️ 페이지 2815 처리 중 오류: not enough values to unpack (expected 3, got 0)
2026-04-08 05:25:11,944 [WARNING]       ⚠️ 페이지 2814 처리 중 오류: not enough values to unpack (expected 3, got 0)
2026-04-08 05:25:12,945 [WARNING]       ⚠️ 페이지 2817 처리 중 오류: not enough values to unpack (expected 3, got 0)
2026-04-08 05:25:12,990 [WARNING]       ⚠️ 페이지 2818 처리 중 오류: not enough values to unpack (expected 3, got 0)
2026-04-08 05:25:13,188 [WARNING]       ⚠️ 페이지 2819 처리 중 오류: not enough values to unpack (expected 3, got 0)
2026-04-08 05:25:13,258 [WARNING]       ⚠️ 페이지 2816 처리 중 오류: not enough values to unpack (expected 3, got 0)
2026-04-08 05:25:15,911 [WARNING]       ⚠️ 페이지 2820 처리 중 오류: not enough values to unpack (expected 3, got 0)
2026-04-08 05:25:15,912 [INFO]       ... 2801/6000 페이지 진행 중...
2026-04-08 05:27:47,523 [WARNING]       ⚠️ 페이지 2825 처리 중 오류: not enough values to unpack (expected 3, got 0)
2026-04-08 05:27:47,533 [WARNING]       ⚠️ 페이지 2828 처리 중 오류: not enough values to unpack (expected 3, got 0)
2026-04-08 05:27:47,766 [WARNING]       ⚠️ 페이지 2823 처리 중 오류: not enough values to unpack (expected 3, got 0)
2026-04-08 05:27:47,768 [WARNING]       ⚠️ 페이지 2827 처리 중 오류: not enough values to unpack (expected 3, got 0)
2026-04-08 05:27:47,769 [WARNING]       ⚠️ 페이지 2830 처리 중 오류: not enough values to unpack (expected 3, got 0)
2026-04-08 05:27:47,770 [WARNING]       ⚠️ 페이지 2829 처리 중 오류: not enough values to unpack (expected 3, got 0)
2026-04-08 05:27:49,420 [WARNING]       ⚠️ 페이지 2821 처리 중 오류: not enough values to unpack (expected 3, got 0)
2026-04-08 05:27:49,675 [WARNING]       ⚠️ 페이지 2824 처리 중 오류: not enough values to unpack (expected 3, got 0)
2026-04-08 05:27:49,775 [WARNING]       ⚠️ 페이지 2826 처리 중 오류: not enough values to unpack (expected 3, got 0)
2026-04-08 05:27:50,410 [WARNING]       ⚠️ 페이지 2822 처리 중 오류: not enough values to unpack (expected 3, got 0)
2026-04-08 05:30:20,268 [WARNING]       ⚠️ 페이지 2835 처리 중 오류: not enough values to unpack (expected 3, got 0)
2026-04-08 05:30:20,283 [WARNING]       ⚠️ 페이지 2832 처리 중 오류: not enough values to unpack (expected 3, got 0)
2026-04-08 05:30:20,318 [WARNING]       ⚠️ 페이지 2831 처리 중 오류: not enough values to unpack (expected 3, got 0)
2026-04-08 05:30:20,427 [WARNING]       ⚠️ 페이지 2834 처리 중 오류: not enough values to unpack (expected 3, got 0)
2026-04-08 05:30:59,758 [WARNING]       ⚠️ 페이지 2836 처리 중 오류: not enough values to unpack (expected 3, got 0)
2026-04-08 05:31:03,379 [WARNING]       ⚠️ 페이지 2840 처리 중 오류: not enough values to unpack (expected 3, got 0)
2026-04-08 05:31:39,642 [WARNING]       ⚠️ 페이지 2833 처리 중 오류: not enough values to unpack (expected 3, got 0)
2026-04-08 05:31:41,294 [WARNING]       ⚠️ 페이지 2838 처리 중 오류: not enough values to unpack (expected 3, got 0)
2026-04-08 05:31:42,010 [WARNING]       ⚠️ 페이지 2839 처리 중 오류: not enough values to unpack (expected 3, got 0)
2026-04-08 05:31:42,010 [WARNING]       ⚠️ 페이지 2837 처리 중 오류: not enough values to unpack (expected 3, got 0)
2026-04-08 05:34:14,250 [WARNING]       ⚠️ 페이지 2848 처리 중 오류: not enough values to unpack (expected 3, got 0)
2026-04-08 05:34:15,268 [WARNING]       ⚠️ 페이지 2842 처리 중 오류: not enough values to unpack (expected 3, got 0)
2026-04-08 05:34:37,533 [WARNING]       ⚠️ 페이지 2849 처리 중 오류: not enough values to unpack (expected 3, got 0)
2026-04-08 05:34:53,533 [WARNING]       ⚠️ 페이지 2841 처리 중 오류: not enough values to unpack (expected 3, got 0)
2026-04-08 05:34:54,431 [WARNING]       ⚠️ 페이지 2844 처리 중 오류: not enough values to unpack (expected 3, got 0)
2026-04-08 05:34:54,658 [WARNING]       ⚠️ 페이지 2847 처리 중 오류: not enough values to unpack (expected 3, got 0)
2026-04-08 05:34:54,826 [WARNING]       ⚠️ 페이지 2843 처리 중 오류: not enough values to unpack (expected 3, got 0)
2026-04-08 05:34:55,288 [WARNING]       ⚠️ 페이지 2850 처리 중 오류: not enough values to unpack (expected 3, got 0)
2026-04-08 05:35:08,801 [WARNING]       ⚠️ 페이지 2845 처리 중 오류: not enough values to unpack (expected 3, got 0)
2026-04-08 05:35:11,187 [WARNING]       ⚠️ 페이지 2846 처리 중 오류: not enough values to unpack (expected 3, got 0)
2026-04-08 05:36:47,400 [WARNING]       ⚠️ 페이지 2852 처리 중 오류: not enough values to unpack (expected 3, got 0)
2026-04-08 05:36:47,464 [WARNING]       ⚠️ 페이지 2851 처리 중 오류: not enough values to unpack (expected 3, got 0)
2026-04-08 05:37:41,552 [WARNING]       ⚠️ 페이지 2859 처리 중 오류: not enough values to unpack (expected 3, got 0)
2026-04-08 05:37:42,639 [WARNING]       ⚠️ 페이지 2854 처리 중 오류: not enough values to unpack (expected 3, got 0)
2026-04-08 05:37:51,021 [WARNING]       ⚠️ 페이지 2853 처리 중 오류: not enough values to unpack (expected 3, got 0)
2026-04-08 05:38:02,029 [WARNING]       ⚠️ 페이지 2860 처리 중 오류: not enough values to unpack (expected 3, got 0)
2026-04-08 05:38:06,254 [WARNING]       ⚠️ 페이지 2856 처리 중 오류: not enough values to unpack (expected 3, got 0)
2026-04-08 05:38:06,386 [WARNING]       ⚠️ 페이지 2857 처리 중 오류: not enough values to unpack (expected 3, got 0)
2026-04-08 05:38:06,534 [WARNING]       ⚠️ 페이지 2855 처리 중 오류: not enough values to unpack (expected 3, got 0)
2026-04-08 05:38:07,321 [WARNING]       ⚠️ 페이지 2858 처리 중 오류: not enough values to unpack (expected 3, got 0)
2026-04-08 05:38:07,322 [INFO]       ... 2841/6000 페이지 진행 중...
2026-04-08 05:40:39,312 [WARNING]       ⚠️ 페이지 2862 처리 중 오류: not enough values to unpack (expected 3, got 0)
2026-04-08 05:40:39,323 [WARNING]       ⚠️ 페이지 2869 처리 중 오류: not enough values to unpack (expected 3, got 0)
2026-04-08 05:40:39,396 [WARNING]       ⚠️ 페이지 2863 처리 중 오류: not enough values to unpack (expected 3, got 0)
2026-04-08 05:40:39,422 [WARNING]       ⚠️ 페이지 2870 처리 중 오류: not enough values to unpack (expected 3, got 0)
2026-04-08 05:40:40,334 [WARNING]       ⚠️ 페이지 2868 처리 중 오류: not enough values to unpack (expected 3, got 0)
2026-04-08 05:40:40,335 [WARNING]       ⚠️ 페이지 2865 처리 중 오류: not enough values to unpack (expected 3, got 0)
2026-04-08 05:40:40,839 [WARNING]       ⚠️ 페이지 2861 처리 중 오류: not enough values to unpack (expected 3, got 0)
2026-04-08 05:40:40,951 [WARNING]       ⚠️ 페이지 2866 처리 중 오류: not enough values to unpack (expected 3, got 0)
2026-04-08 05:40:40,990 [WARNING]       ⚠️ 페이지 2864 처리 중 오류: not enough values to unpack (expected 3, got 0)
2026-04-08 05:40:41,026 [WARNING]       ⚠️ 페이지 2867 처리 중 오류: not enough values to unpack (expected 3, got 0)
2026-04-08 05:43:12,065 [WARNING]       ⚠️ 페이지 2873 처리 중 오류: not enough values to unpack (expected 3, got 0)
2026-04-08 05:43:12,173 [WARNING]       ⚠️ 페이지 2871 처리 중 오류: not enough values to unpack (expected 3, got 0)
2026-04-08 05:43:12,598 [WARNING]       ⚠️ 페이지 2874 처리 중 오류: not enough values to unpack (expected 3, got 0)
2026-04-08 05:43:12,975 [WARNING]       ⚠️ 페이지 2878 처리 중 오류: not enough values to unpack (expected 3, got 0)
2026-04-08 05:43:13,093 [WARNING]       ⚠️ 페이지 2872 처리 중 오류: not enough values to unpack (expected 3, got 0)
2026-04-08 05:43:13,375 [WARNING]       ⚠️ 페이지 2876 처리 중 오류: not enough values to unpack (expected 3, got 0)
2026-04-08 05:43:13,382 [WARNING]       ⚠️ 페이지 2875 처리 중 오류: not enough values to unpack (expected 3, got 0)
2026-04-08 05:43:13,416 [WARNING]       ⚠️ 페이지 2879 처리 중 오류: not enough values to unpack (expected 3, got 0)
2026-04-08 05:43:14,968 [WARNING]       ⚠️ 페이지 2880 처리 중 오류: not enough values to unpack (expected 3, got 0)
2026-04-08 05:43:14,977 [WARNING]       ⚠️ 페이지 2877 처리 중 오류: not enough values to unpack (expected 3, got 0)
2026-04-08 05:45:46,726 [WARNING]       ⚠️ 페이지 2882 처리 중 오류: not enough values to unpack (expected 3, got 0)
2026-04-08 05:45:46,745 [WARNING]       ⚠️ 페이지 2890 처리 중 오류: not enough values to unpack (expected 3, got 0)
2026-04-08 05:45:46,888 [WARNING]       ⚠️ 페이지 2888 처리 중 오류: not enough values to unpack (expected 3, got 0)
2026-04-08 05:45:47,061 [WARNING]       ⚠️ 페이지 2889 처리 중 오류: not enough values to unpack (expected 3, got 0)
2026-04-08 05:45:47,076 [WARNING]       ⚠️ 페이지 2881 처리 중 오류: not enough values to unpack (expected 3, got 0)
2026-04-08 05:45:47,089 [WARNING]       ⚠️ 페이지 2884 처리 중 오류: not enough values to unpack (expected 3, got 0)
2026-04-08 05:45:47,151 [WARNING]       ⚠️ 페이지 2887 처리 중 오류: not enough values to unpack (expected 3, got 0)
2026-04-08 05:45:48,338 [WARNING]       ⚠️ 페이지 2886 처리 중 오류: not enough values to unpack (expected 3, got 0)
2026-04-08 05:45:48,350 [WARNING]       ⚠️ 페이지 2885 처리 중 오류: not enough values to unpack (expected 3, got 0)
2026-04-08 05:45:48,353 [WARNING]       ⚠️ 페이지 2883 처리 중 오류: not enough values to unpack (expected 3, got 0)
2026-04-08 05:48:18,824 [WARNING]       ⚠️ 페이지 2891 처리 중 오류: not enough values to unpack (expected 3, got 0)
2026-04-08 05:48:19,318 [WARNING]       ⚠️ 페이지 2895 처리 중 오류: not enough values to unpack (expected 3, got 0)
2026-04-08 05:48:19,484 [WARNING]       ⚠️ 페이지 2896 처리 중 오류: not enough values to unpack (expected 3, got 0)
2026-04-08 05:48:19,703 [WARNING]       ⚠️ 페이지 2893 처리 중 오류: not enough values to unpack (expected 3, got 0)
2026-04-08 05:48:19,944 [WARNING]       ⚠️ 페이지 2897 처리 중 오류: not enough values to unpack (expected 3, got 0)
2026-04-08 05:48:20,096 [WARNING]       ⚠️ 페이지 2894 처리 중 오류: not enough values to unpack (expected 3, got 0)
2026-04-08 05:48:20,146 [WARNING]       ⚠️ 페이지 2892 처리 중 오류: not enough values to unpack (expected 3, got 0)
2026-04-08 05:48:20,159 [WARNING]       ⚠️ 페이지 2898 처리 중 오류: not enough values to unpack (expected 3, got 0)
2026-04-08 05:48:20,475 [WARNING]       ⚠️ 페이지 2900 처리 중 오류: not enough values to unpack (expected 3, got 0)
2026-04-08 05:48:21,085 [WARNING]       ⚠️ 페이지 2899 처리 중 오류: not enough values to unpack (expected 3, got 0)
2026-04-08 05:48:21,085 [INFO]       ... 2881/6000 페이지 진행 중...
2026-04-08 05:50:52,945 [WARNING]       ⚠️ 페이지 2908 처리 중 오류: not enough values to unpack (expected 3, got 0)
2026-04-08 05:50:53,188 [WARNING]       ⚠️ 페이지 2903 처리 중 오류: not enough values to unpack (expected 3, got 0)
2026-04-08 05:50:53,396 [WARNING]       ⚠️ 페이지 2904 처리 중 오류: not enough values to unpack (expected 3, got 0)
2026-04-08 05:50:53,854 [WARNING]       ⚠️ 페이지 2909 처리 중 오류: not enough values to unpack (expected 3, got 0)
2026-04-08 05:50:53,861 [WARNING]       ⚠️ 페이지 2902 처리 중 오류: not enough values to unpack (expected 3, got 0)
2026-04-08 05:50:53,862 [WARNING]       ⚠️ 페이지 2905 처리 중 오류: not enough values to unpack (expected 3, got 0)
2026-04-08 05:50:53,863 [WARNING]       ⚠️ 페이지 2907 처리 중 오류: not enough values to unpack (expected 3, got 0)
2026-04-08 05:50:53,916 [WARNING]       ⚠️ 페이지 2901 처리 중 오류: not enough values to unpack (expected 3, got 0)
2026-04-08 05:50:55,496 [WARNING]       ⚠️ 페이지 2906 처리 중 오류: not enough values to unpack (expected 3, got 0)
2026-04-08 05:50:55,497 [WARNING]       ⚠️ 페이지 2910 처리 중 오류: not enough values to unpack (expected 3, got 0)
2026-04-08 05:53:25,600 [WARNING]       ⚠️ 페이지 2916 처리 중 오류: not enough values to unpack (expected 3, got 0)
2026-04-08 05:53:26,077 [WARNING]       ⚠️ 페이지 2915 처리 중 오류: not enough values to unpack (expected 3, got 0)
2026-04-08 05:53:26,077 [WARNING]       ⚠️ 페이지 2917 처리 중 오류: not enough values to unpack (expected 3, got 0)
2026-04-08 05:53:26,120 [WARNING]       ⚠️ 페이지 2911 처리 중 오류: not enough values to unpack (expected 3, got 0)
2026-04-08 05:53:27,105 [WARNING]       ⚠️ 페이지 2914 처리 중 오류: not enough values to unpack (expected 3, got 0)
2026-04-08 05:53:27,114 [WARNING]       ⚠️ 페이지 2912 처리 중 오류: not enough values to unpack (expected 3, got 0)
2026-04-08 05:53:27,117 [WARNING]       ⚠️ 페이지 2918 처리 중 오류: not enough values to unpack (expected 3, got 0)
2026-04-08 05:53:27,150 [WARNING]       ⚠️ 페이지 2913 처리 중 오류: not enough values to unpack (expected 3, got 0)
2026-04-08 05:53:28,342 [WARNING]       ⚠️ 페이지 2920 처리 중 오류: not enough values to unpack (expected 3, got 0)
2026-04-08 05:53:28,571 [WARNING]       ⚠️ 페이지 2919 처리 중 오류: not enough values to unpack (expected 3, got 0)
2026-04-08 05:56:01,366 [WARNING]       ⚠️ 페이지 2928 처리 중 오류: not enough values to unpack (expected 3, got 0)
2026-04-08 05:56:01,368 [WARNING]       ⚠️ 페이지 2923 처리 중 오류: not enough values to unpack (expected 3, got 0)
2026-04-08 05:56:01,370 [WARNING]       ⚠️ 페이지 2921 처리 중 오류: not enough values to unpack (expected 3, got 0)
2026-04-08 05:56:01,370 [WARNING]       ⚠️ 페이지 2927 처리 중 오류: not enough values to unpack (expected 3, got 0)
2026-04-08 05:56:01,370 [WARNING]       ⚠️ 페이지 2929 처리 중 오류: not enough values to unpack (expected 3, got 0)
2026-04-08 05:56:01,407 [WARNING]       ⚠️ 페이지 2924 처리 중 오류: not enough values to unpack (expected 3, got 0)
2026-04-08 05:56:01,538 [WARNING]       ⚠️ 페이지 2926 처리 중 오류: not enough values to unpack (expected 3, got 0)
2026-04-08 05:56:01,540 [WARNING]       ⚠️ 페이지 2930 처리 중 오류: not enough values to unpack (expected 3, got 0)
2026-04-08 05:56:01,541 [WARNING]       ⚠️ 페이지 2925 처리 중 오류: not enough values to unpack (expected 3, got 0)
2026-04-08 05:56:01,582 [WARNING]       ⚠️ 페이지 2922 처리 중 오류: not enough values to unpack (expected 3, got 0)
2026-04-08 05:58:33,206 [WARNING]       ⚠️ 페이지 2932 처리 중 오류: not enough values to unpack (expected 3, got 0)
2026-04-08 05:58:33,543 [WARNING]       ⚠️ 페이지 2931 처리 중 오류: not enough values to unpack (expected 3, got 0)
2026-04-08 05:58:33,560 [WARNING]       ⚠️ 페이지 2935 처리 중 오류: not enough values to unpack (expected 3, got 0)
2026-04-08 05:58:34,079 [WARNING]       ⚠️ 페이지 2934 처리 중 오류: not enough values to unpack (expected 3, got 0)
2026-04-08 05:58:34,269 [WARNING]       ⚠️ 페이지 2939 처리 중 오류: not enough values to unpack (expected 3, got 0)
2026-04-08 05:58:34,869 [WARNING]       ⚠️ 페이지 2937 처리 중 오류: not enough values to unpack (expected 3, got 0)
2026-04-08 05:58:35,172 [WARNING]       ⚠️ 페이지 2940 처리 중 오류: not enough values to unpack (expected 3, got 0)
2026-04-08 05:58:35,216 [WARNING]       ⚠️ 페이지 2938 처리 중 오류: not enough values to unpack (expected 3, got 0)
2026-04-08 05:58:35,371 [WARNING]       ⚠️ 페이지 2936 처리 중 오류: not enough values to unpack (expected 3, got 0)
2026-04-08 05:58:35,433 [WARNING]       ⚠️ 페이지 2933 처리 중 오류: not enough values to unpack (expected 3, got 0)
2026-04-08 05:58:35,433 [INFO]       ... 2921/6000 페이지 진행 중...
2026-04-08 06:01:09,796 [WARNING]       ⚠️ 페이지 2946 처리 중 오류: not enough values to unpack (expected 3, got 0)
2026-04-08 06:01:09,798 [WARNING]       ⚠️ 페이지 2945 처리 중 오류: not enough values to unpack (expected 3, got 0)
2026-04-08 06:01:09,800 [WARNING]       ⚠️ 페이지 2949 처리 중 오류: not enough values to unpack (expected 3, got 0)
2026-04-08 06:01:09,841 [WARNING]       ⚠️ 페이지 2948 처리 중 오류: not enough values to unpack (expected 3, got 0)
2026-04-08 06:01:09,848 [WARNING]       ⚠️ 페이지 2943 처리 중 오류: not enough values to unpack (expected 3, got 0)
2026-04-08 06:01:10,947 [WARNING]       ⚠️ 페이지 2944 처리 중 오류: not enough values to unpack (expected 3, got 0)
2026-04-08 06:01:10,949 [WARNING]       ⚠️ 페이지 2947 처리 중 오류: not enough values to unpack (expected 3, got 0)
2026-04-08 06:01:10,952 [WARNING]       ⚠️ 페이지 2950 처리 중 오류: not enough values to unpack (expected 3, got 0)
2026-04-08 06:01:10,972 [WARNING]       ⚠️ 페이지 2941 처리 중 오류: not enough values to unpack (expected 3, got 0)
2026-04-08 06:01:15,145 [WARNING]       ⚠️ 페이지 2942 처리 중 오류: not enough values to unpack (expected 3, got 0)
2026-04-08 06:03:41,898 [WARNING]       ⚠️ 페이지 2955 처리 중 오류: not enough values to unpack (expected 3, got 0)
2026-04-08 06:03:43,011 [WARNING]       ⚠️ 페이지 2957 처리 중 오류: not enough values to unpack (expected 3, got 0)
2026-04-08 06:03:43,096 [WARNING]       ⚠️ 페이지 2958 처리 중 오류: not enough values to unpack (expected 3, got 0)
2026-04-08 06:03:43,182 [WARNING]       ⚠️ 페이지 2953 처리 중 오류: not enough values to unpack (expected 3, got 0)
2026-04-08 06:03:44,509 [WARNING]       ⚠️ 페이지 2951 처리 중 오류: not enough values to unpack (expected 3, got 0)
2026-04-08 06:03:44,535 [WARNING]       ⚠️ 페이지 2959 처리 중 오류: not enough values to unpack (expected 3, got 0)
2026-04-08 06:03:44,585 [WARNING]       ⚠️ 페이지 2954 처리 중 오류: not enough values to unpack (expected 3, got 0)
2026-04-08 06:03:44,599 [WARNING]       ⚠️ 페이지 2952 처리 중 오류: not enough values to unpack (expected 3, got 0)
2026-04-08 06:03:44,940 [WARNING]       ⚠️ 페이지 2956 처리 중 오류: not enough values to unpack (expected 3, got 0)
2026-04-08 06:03:48,239 [WARNING]       ⚠️ 페이지 2960 처리 중 오류: not enough values to unpack (expected 3, got 0)
2026-04-08 06:06:20,483 [WARNING]       ⚠️ 페이지 2963 처리 중 오류: not enough values to unpack (expected 3, got 0)
2026-04-08 06:06:20,574 [WARNING]       ⚠️ 페이지 2970 처리 중 오류: not enough values to unpack (expected 3, got 0)
2026-04-08 06:06:20,917 [WARNING]       ⚠️ 페이지 2964 처리 중 오류: not enough values to unpack (expected 3, got 0)
2026-04-08 06:06:20,989 [WARNING]       ⚠️ 페이지 2966 처리 중 오류: not enough values to unpack (expected 3, got 0)
2026-04-08 06:06:20,990 [WARNING]       ⚠️ 페이지 2961 처리 중 오류: not enough values to unpack (expected 3, got 0)
2026-04-08 06:06:20,993 [WARNING]       ⚠️ 페이지 2965 처리 중 오류: not enough values to unpack (expected 3, got 0)
2026-04-08 06:06:21,092 [WARNING]       ⚠️ 페이지 2962 처리 중 오류: not enough values to unpack (expected 3, got 0)
2026-04-08 06:06:21,226 [WARNING]       ⚠️ 페이지 2969 처리 중 오류: not enough values to unpack (expected 3, got 0)
2026-04-08 06:06:21,231 [WARNING]       ⚠️ 페이지 2967 처리 중 오류: not enough values to unpack (expected 3, got 0)
2026-04-08 06:06:35,509 [WARNING]       ⚠️ 페이지 2968 처리 중 오류: not enough values to unpack (expected 3, got 0)
2026-04-08 06:08:52,213 [WARNING]       ⚠️ 페이지 2971 처리 중 오류: not enough values to unpack (expected 3, got 0)
2026-04-08 06:09:07,090 [WARNING]       ⚠️ 페이지 2980 처리 중 오류: not enough values to unpack (expected 3, got 0)
2026-04-08 06:10:12,405 [WARNING]       ⚠️ 페이지 2973 처리 중 오류: not enough values to unpack (expected 3, got 0)
2026-04-08 06:10:12,488 [WARNING]       ⚠️ 페이지 2975 처리 중 오류: not enough values to unpack (expected 3, got 0)
2026-04-08 06:10:12,558 [WARNING]       ⚠️ 페이지 2972 처리 중 오류: not enough values to unpack (expected 3, got 0)
2026-04-08 06:10:12,726 [WARNING]       ⚠️ 페이지 2977 처리 중 오류: not enough values to unpack (expected 3, got 0)
2026-04-08 06:10:13,013 [WARNING]       ⚠️ 페이지 2978 처리 중 오류: not enough values to unpack (expected 3, got 0)
2026-04-08 06:10:13,026 [WARNING]       ⚠️ 페이지 2976 처리 중 오류: not enough values to unpack (expected 3, got 0)
2026-04-08 06:10:52,987 [WARNING]       ⚠️ 페이지 2979 처리 중 오류: not enough values to unpack (expected 3, got 0)
2026-04-08 06:10:53,007 [WARNING]       ⚠️ 페이지 2974 처리 중 오류: not enough values to unpack (expected 3, got 0)
2026-04-08 06:10:53,007 [INFO]       ... 2961/6000 페이지 진행 중...
2026-04-08 06:13:24,922 [WARNING]       ⚠️ 페이지 2987 처리 중 오류: not enough values to unpack (expected 3, got 0)
2026-04-08 06:13:26,360 [WARNING]       ⚠️ 페이지 2990 처리 중 오류: not enough values to unpack (expected 3, got 0)
2026-04-08 06:13:59,764 [WARNING]       ⚠️ 페이지 2988 처리 중 오류: not enough values to unpack (expected 3, got 0)
2026-04-08 06:14:00,231 [WARNING]       ⚠️ 페이지 2984 처리 중 오류: not enough values to unpack (expected 3, got 0)
2026-04-08 06:14:00,655 [WARNING]       ⚠️ 페이지 2983 처리 중 오류: not enough values to unpack (expected 3, got 0)
2026-04-08 06:14:04,740 [WARNING]       ⚠️ 페이지 2986 처리 중 오류: not enough values to unpack (expected 3, got 0)
2026-04-08 06:14:05,537 [WARNING]       ⚠️ 페이지 2989 처리 중 오류: not enough values to unpack (expected 3, got 0)
2026-04-08 06:14:05,864 [WARNING]       ⚠️ 페이지 2982 처리 중 오류: not enough values to unpack (expected 3, got 0)
2026-04-08 06:14:23,812 [WARNING]       ⚠️ 페이지 2985 처리 중 오류: not enough values to unpack (expected 3, got 0)
2026-04-08 06:15:18,336 [WARNING]       ⚠️ 페이지 2991 처리 중 오류: not enough values to unpack (expected 3, got 0)
2026-04-08 06:15:57,258 [WARNING]       ⚠️ 페이지 2992 처리 중 오류: not enough values to unpack (expected 3, got 0)
2026-04-08 06:15:58,170 [WARNING]       ⚠️ 페이지 2993 처리 중 오류: not enough values to unpack (expected 3, got 0)
2026-04-08 06:17:09,672 [WARNING]       ⚠️ 페이지 3011 처리 중 오류: not enough values to unpack (expected 3, got 0)
2026-04-08 06:17:09,677 [WARNING]       ⚠️ 페이지 3012 처리 중 오류: not enough values to unpack (expected 3, got 0)
2026-04-08 06:17:09,789 [WARNING]       ⚠️ 페이지 3013 처리 중 오류: not enough values to unpack (expected 3, got 0)
2026-04-08 06:17:09,878 [WARNING]       ⚠️ 페이지 3015 처리 중 오류: not enough values to unpack (expected 3, got 0)
2026-04-08 06:17:09,934 [WARNING]       ⚠️ 페이지 3016 처리 중 오류: not enough values to unpack (expected 3, got 0)
2026-04-08 06:17:09,940 [WARNING]       ⚠️ 페이지 3014 처리 중 오류: not enough values to unpack (expected 3, got 0)
2026-04-08 06:17:17,657 [WARNING]       ⚠️ 페이지 3017 처리 중 오류: not enough values to unpack (expected 3, got 0)
2026-04-08 06:17:18,007 [WARNING]       ⚠️ 페이지 3018 처리 중 오류: not enough values to unpack (expected 3, got 0)
2026-04-08 06:17:18,177 [WARNING]       ⚠️ 페이지 3019 처리 중 오류: not enough values to unpack (expected 3, got 0)
2026-04-08 06:17:18,286 [WARNING]       ⚠️ 페이지 3020 처리 중 오류: not enough values to unpack (expected 3, got 0)
2026-04-08 06:17:18,286 [INFO]       ... 3001/6000 페이지 진행 중...
2026-04-08 06:17:49,451 [WARNING]       ⚠️ 페이지 3028 처리 중 오류: not enough values to unpack (expected 3, got 0)
2026-04-08 06:17:49,462 [WARNING]       ⚠️ 페이지 3027 처리 중 오류: not enough values to unpack (expected 3, got 0)
2026-04-08 06:17:49,515 [WARNING]       ⚠️ 페이지 3025 처리 중 오류: not enough values to unpack (expected 3, got 0)
2026-04-08 06:17:49,523 [WARNING]       ⚠️ 페이지 3023 처리 중 오류: not enough values to unpack (expected 3, got 0)
2026-04-08 06:17:49,524 [WARNING]       ⚠️ 페이지 3026 처리 중 오류: not enough values to unpack (expected 3, got 0)
2026-04-08 06:17:49,530 [WARNING]       ⚠️ 페이지 3030 처리 중 오류: not enough values to unpack (expected 3, got 0)
2026-04-08 06:17:49,560 [WARNING]       ⚠️ 페이지 3021 처리 중 오류: not enough values to unpack (expected 3, got 0)
2026-04-08 06:17:49,563 [WARNING]       ⚠️ 페이지 3024 처리 중 오류: not enough values to unpack (expected 3, got 0)
2026-04-08 06:17:49,563 [WARNING]       ⚠️ 페이지 3022 처리 중 오류: not enough values to unpack (expected 3, got 0)
2026-04-08 06:17:49,564 [WARNING]       ⚠️ 페이지 3029 처리 중 오류: not enough values to unpack (expected 3, got 0)
2026-04-08 06:18:20,675 [WARNING]       ⚠️ 페이지 3033 처리 중 오류: not enough values to unpack (expected 3, got 0)
2026-04-08 06:18:20,687 [WARNING]       ⚠️ 페이지 3035 처리 중 오류: not enough values to unpack (expected 3, got 0)
2026-04-08 06:18:20,698 [WARNING]       ⚠️ 페이지 3031 처리 중 오류: not enough values to unpack (expected 3, got 0)
2026-04-08 06:18:20,725 [WARNING]       ⚠️ 페이지 3036 처리 중 오류: not enough values to unpack (expected 3, got 0)
2026-04-08 06:18:20,739 [WARNING]       ⚠️ 페이지 3034 처리 중 오류: not enough values to unpack (expected 3, got 0)
2026-04-08 06:18:20,739 [WARNING]       ⚠️ 페이지 3032 처리 중 오류: not enough values to unpack (expected 3, got 0)
2026-04-08 06:18:20,787 [WARNING]       ⚠️ 페이지 3037 처리 중 오류: not enough values to unpack (expected 3, got 0)
2026-04-08 06:18:20,830 [WARNING]       ⚠️ 페이지 3039 처리 중 오류: not enough values to unpack (expected 3, got 0)
2026-04-08 06:18:20,848 [WARNING]       ⚠️ 페이지 3040 처리 중 오류: not enough values to unpack (expected 3, got 0)
2026-04-08 06:18:20,887 [WARNING]       ⚠️ 페이지 3038 처리 중 오류: not enough values to unpack (expected 3, got 0)
2026-04-08 06:18:52,058 [WARNING]       ⚠️ 페이지 3042 처리 중 오류: not enough values to unpack (expected 3, got 0)
2026-04-08 06:18:52,069 [WARNING]       ⚠️ 페이지 3048 처리 중 오류: not enough values to unpack (expected 3, got 0)
2026-04-08 06:18:52,119 [WARNING]       ⚠️ 페이지 3045 처리 중 오류: not enough values to unpack (expected 3, got 0)
2026-04-08 06:18:52,121 [WARNING]       ⚠️ 페이지 3041 처리 중 오류: not enough values to unpack (expected 3, got 0)
2026-04-08 06:18:52,122 [WARNING]       ⚠️ 페이지 3050 처리 중 오류: not enough values to unpack (expected 3, got 0)
2026-04-08 06:18:52,141 [WARNING]       ⚠️ 페이지 3046 처리 중 오류: not enough values to unpack (expected 3, got 0)
2026-04-08 06:18:52,156 [WARNING]       ⚠️ 페이지 3049 처리 중 오류: not enough values to unpack (expected 3, got 0)
2026-04-08 06:18:52,159 [WARNING]       ⚠️ 페이지 3043 처리 중 오류: not enough values to unpack (expected 3, got 0)
2026-04-08 06:18:52,164 [WARNING]       ⚠️ 페이지 3047 처리 중 오류: not enough values to unpack (expected 3, got 0)
2026-04-08 06:18:52,167 [WARNING]       ⚠️ 페이지 3044 처리 중 오류: not enough values to unpack (expected 3, got 0)
2026-04-08 06:19:23,300 [WARNING]       ⚠️ 페이지 3056 처리 중 오류: not enough values to unpack (expected 3, got 0)
2026-04-08 06:19:23,303 [WARNING]       ⚠️ 페이지 3054 처리 중 오류: not enough values to unpack (expected 3, got 0)
2026-04-08 06:19:23,314 [WARNING]       ⚠️ 페이지 3051 처리 중 오류: not enough values to unpack (expected 3, got 0)
2026-04-08 06:19:23,327 [WARNING]       ⚠️ 페이지 3053 처리 중 오류: not enough values to unpack (expected 3, got 0)
2026-04-08 06:19:23,347 [WARNING]       ⚠️ 페이지 3058 처리 중 오류: not enough values to unpack (expected 3, got 0)
2026-04-08 06:19:23,351 [WARNING]       ⚠️ 페이지 3060 처리 중 오류: not enough values to unpack (expected 3, got 0)
2026-04-08 06:19:23,363 [WARNING]       ⚠️ 페이지 3055 처리 중 오류: not enough values to unpack (expected 3, got 0)
2026-04-08 06:19:23,379 [WARNING]       ⚠️ 페이지 3052 처리 중 오류: not enough values to unpack (expected 3, got 0)
2026-04-08 06:19:23,473 [WARNING]       ⚠️ 페이지 3057 처리 중 오류: not enough values to unpack (expected 3, got 0)
2026-04-08 06:19:23,474 [WARNING]       ⚠️ 페이지 3059 처리 중 오류: not enough values to unpack (expected 3, got 0)
2026-04-08 06:19:23,475 [INFO]       ... 3041/6000 페이지 진행 중...
2026-04-08 06:19:54,673 [WARNING]       ⚠️ 페이지 3067 처리 중 오류: not enough values to unpack (expected 3, got 0)
2026-04-08 06:19:54,675 [WARNING]       ⚠️ 페이지 3068 처리 중 오류: not enough values to unpack (expected 3, got 0)
2026-04-08 06:19:54,702 [WARNING]       ⚠️ 페이지 3069 처리 중 오류: not enough values to unpack (expected 3, got 0)
2026-04-08 06:19:54,708 [WARNING]       ⚠️ 페이지 3062 처리 중 오류: not enough values to unpack (expected 3, got 0)
2026-04-08 06:19:54,713 [WARNING]       ⚠️ 페이지 3066 처리 중 오류: not enough values to unpack (expected 3, got 0)
2026-04-08 06:19:54,752 [WARNING]       ⚠️ 페이지 3061 처리 중 오류: not enough values to unpack (expected 3, got 0)
2026-04-08 06:19:54,753 [WARNING]       ⚠️ 페이지 3063 처리 중 오류: not enough values to unpack (expected 3, got 0)
2026-04-08 06:19:54,756 [WARNING]       ⚠️ 페이지 3070 처리 중 오류: not enough values to unpack (expected 3, got 0)
2026-04-08 06:19:54,758 [WARNING]       ⚠️ 페이지 3064 처리 중 오류: not enough values to unpack (expected 3, got 0)
2026-04-08 06:20:16,214 [WARNING]       ⚠️ 페이지 3071 처리 중 오류: not enough values to unpack (expected 3, got 0)
2026-04-08 06:20:25,883 [WARNING]       ⚠️ 페이지 3072 처리 중 오류: not enough values to unpack (expected 3, got 0)
2026-04-08 06:20:25,898 [WARNING]       ⚠️ 페이지 3076 처리 중 오류: not enough values to unpack (expected 3, got 0)
2026-04-08 06:20:25,924 [WARNING]       ⚠️ 페이지 3077 처리 중 오류: not enough values to unpack (expected 3, got 0)
2026-04-08 06:20:25,932 [WARNING]       ⚠️ 페이지 3080 처리 중 오류: not enough values to unpack (expected 3, got 0)
2026-04-08 06:20:25,977 [WARNING]       ⚠️ 페이지 3078 처리 중 오류: not enough values to unpack (expected 3, got 0)
2026-04-08 06:20:25,985 [WARNING]       ⚠️ 페이지 3075 처리 중 오류: not enough values to unpack (expected 3, got 0)
2026-04-08 06:20:25,986 [WARNING]       ⚠️ 페이지 3073 처리 중 오류: not enough values to unpack (expected 3, got 0)
2026-04-08 06:20:26,030 [WARNING]       ⚠️ 페이지 3079 처리 중 오류: not enough values to unpack (expected 3, got 0)
2026-04-08 06:20:26,030 [WARNING]       ⚠️ 페이지 3074 처리 중 오류: not enough values to unpack (expected 3, got 0)
2026-04-08 06:20:57,209 [WARNING]       ⚠️ 페이지 3086 처리 중 오류: not enough values to unpack (expected 3, got 0)
2026-04-08 06:20:57,226 [WARNING]       ⚠️ 페이지 3087 처리 중 오류: not enough values to unpack (expected 3, got 0)
2026-04-08 06:20:57,266 [WARNING]       ⚠️ 페이지 3082 처리 중 오류: not enough values to unpack (expected 3, got 0)
2026-04-08 06:20:57,275 [WARNING]       ⚠️ 페이지 3081 처리 중 오류: not enough values to unpack (expected 3, got 0)
2026-04-08 06:20:57,276 [WARNING]       ⚠️ 페이지 3089 처리 중 오류: not enough values to unpack (expected 3, got 0)
2026-04-08 06:20:57,281 [WARNING]       ⚠️ 페이지 3090 처리 중 오류: not enough values to unpack (expected 3, got 0)
2026-04-08 06:20:57,303 [WARNING]       ⚠️ 페이지 3085 처리 중 오류: not enough values to unpack (expected 3, got 0)
2026-04-08 06:20:57,304 [WARNING]       ⚠️ 페이지 3084 처리 중 오류: not enough values to unpack (expected 3, got 0)
2026-04-08 06:20:57,309 [WARNING]       ⚠️ 페이지 3088 처리 중 오류: not enough values to unpack (expected 3, got 0)
2026-04-08 06:20:57,313 [WARNING]       ⚠️ 페이지 3083 처리 중 오류: not enough values to unpack (expected 3, got 0)
2026-04-08 06:21:28,444 [WARNING]       ⚠️ 페이지 3093 처리 중 오류: not enough values to unpack (expected 3, got 0)
2026-04-08 06:21:28,453 [WARNING]       ⚠️ 페이지 3094 처리 중 오류: not enough values to unpack (expected 3, got 0)
2026-04-08 06:21:28,455 [WARNING]       ⚠️ 페이지 3091 처리 중 오류: not enough values to unpack (expected 3, got 0)
2026-04-08 06:21:28,489 [WARNING]       ⚠️ 페이지 3095 처리 중 오류: not enough values to unpack (expected 3, got 0)
2026-04-08 06:21:28,491 [WARNING]       ⚠️ 페이지 3092 처리 중 오류: not enough values to unpack (expected 3, got 0)
2026-04-08 06:21:28,502 [WARNING]       ⚠️ 페이지 3100 처리 중 오류: not enough values to unpack (expected 3, got 0)
2026-04-08 06:21:28,544 [WARNING]       ⚠️ 페이지 3098 처리 중 오류: not enough values to unpack (expected 3, got 0)
2026-04-08 06:21:28,545 [WARNING]       ⚠️ 페이지 3096 처리 중 오류: not enough values to unpack (expected 3, got 0)
2026-04-08 06:21:28,624 [WARNING]       ⚠️ 페이지 3099 처리 중 오류: not enough values to unpack (expected 3, got 0)
2026-04-08 06:21:28,632 [WARNING]       ⚠️ 페이지 3097 처리 중 오류: not enough values to unpack (expected 3, got 0)
2026-04-08 06:21:28,633 [INFO]       ... 3081/6000 페이지 진행 중...
2026-04-08 06:21:59,810 [WARNING]       ⚠️ 페이지 3106 처리 중 오류: not enough values to unpack (expected 3, got 0)
2026-04-08 06:21:59,823 [WARNING]       ⚠️ 페이지 3101 처리 중 오류: not enough values to unpack (expected 3, got 0)
2026-04-08 06:21:59,852 [WARNING]       ⚠️ 페이지 3109 처리 중 오류: not enough values to unpack (expected 3, got 0)
2026-04-08 06:21:59,862 [WARNING]       ⚠️ 페이지 3105 처리 중 오류: not enough values to unpack (expected 3, got 0)
2026-04-08 06:21:59,864 [WARNING]       ⚠️ 페이지 3110 처리 중 오류: not enough values to unpack (expected 3, got 0)
2026-04-08 06:21:59,875 [WARNING]       ⚠️ 페이지 3108 처리 중 오류: not enough values to unpack (expected 3, got 0)
2026-04-08 06:21:59,879 [WARNING]       ⚠️ 페이지 3102 처리 중 오류: not enough values to unpack (expected 3, got 0)
2026-04-08 06:21:59,908 [WARNING]       ⚠️ 페이지 3104 처리 중 오류: not enough values to unpack (expected 3, got 0)
2026-04-08 06:21:59,909 [WARNING]       ⚠️ 페이지 3107 처리 중 오류: not enough values to unpack (expected 3, got 0)
2026-04-08 06:21:59,913 [WARNING]       ⚠️ 페이지 3103 처리 중 오류: not enough values to unpack (expected 3, got 0)
2026-04-08 06:22:31,019 [WARNING]       ⚠️ 페이지 3114 처리 중 오류: not enough values to unpack (expected 3, got 0)
2026-04-08 06:22:31,040 [WARNING]       ⚠️ 페이지 3115 처리 중 오류: not enough values to unpack (expected 3, got 0)
2026-04-08 06:22:31,044 [WARNING]       ⚠️ 페이지 3116 처리 중 오류: not enough values to unpack (expected 3, got 0)
2026-04-08 06:22:31,046 [WARNING]       ⚠️ 페이지 3112 처리 중 오류: not enough values to unpack (expected 3, got 0)
2026-04-08 06:22:31,084 [WARNING]       ⚠️ 페이지 3120 처리 중 오류: not enough values to unpack (expected 3, got 0)
2026-04-08 06:22:31,109 [WARNING]       ⚠️ 페이지 3111 처리 중 오류: not enough values to unpack (expected 3, got 0)
2026-04-08 06:22:31,118 [WARNING]       ⚠️ 페이지 3113 처리 중 오류: not enough values to unpack (expected 3, got 0)
2026-04-08 06:22:31,127 [WARNING]       ⚠️ 페이지 3117 처리 중 오류: not enough values to unpack (expected 3, got 0)
2026-04-08 06:22:31,132 [WARNING]       ⚠️ 페이지 3118 처리 중 오류: not enough values to unpack (expected 3, got 0)
2026-04-08 06:22:31,201 [WARNING]       ⚠️ 페이지 3119 처리 중 오류: not enough values to unpack (expected 3, got 0)
2026-04-08 06:23:02,357 [WARNING]       ⚠️ 페이지 3129 처리 중 오류: not enough values to unpack (expected 3, got 0)
2026-04-08 06:23:02,410 [WARNING]       ⚠️ 페이지 3130 처리 중 오류: not enough values to unpack (expected 3, got 0)
2026-04-08 06:23:02,424 [WARNING]       ⚠️ 페이지 3126 처리 중 오류: not enough values to unpack (expected 3, got 0)
2026-04-08 06:23:02,428 [WARNING]       ⚠️ 페이지 3128 처리 중 오류: not enough values to unpack (expected 3, got 0)
2026-04-08 06:23:02,434 [WARNING]       ⚠️ 페이지 3121 처리 중 오류: not enough values to unpack (expected 3, got 0)
2026-04-08 06:23:02,439 [WARNING]       ⚠️ 페이지 3123 처리 중 오류: not enough values to unpack (expected 3, got 0)
2026-04-08 06:23:02,445 [WARNING]       ⚠️ 페이지 3127 처리 중 오류: not enough values to unpack (expected 3, got 0)
2026-04-08 06:23:02,450 [WARNING]       ⚠️ 페이지 3122 처리 중 오류: not enough values to unpack (expected 3, got 0)
2026-04-08 06:23:02,471 [WARNING]       ⚠️ 페이지 3124 처리 중 오류: not enough values to unpack (expected 3, got 0)
2026-04-08 06:23:15,660 [WARNING]       ⚠️ 페이지 3131 처리 중 오류: not enough values to unpack (expected 3, got 0)
2026-04-08 06:23:33,612 [WARNING]       ⚠️ 페이지 3136 처리 중 오류: not enough values to unpack (expected 3, got 0)
2026-04-08 06:23:33,634 [WARNING]       ⚠️ 페이지 3135 처리 중 오류: not enough values to unpack (expected 3, got 0)
2026-04-08 06:23:33,637 [WARNING]       ⚠️ 페이지 3132 처리 중 오류: not enough values to unpack (expected 3, got 0)
2026-04-08 06:23:33,640 [WARNING]       ⚠️ 페이지 3138 처리 중 오류: not enough values to unpack (expected 3, got 0)
2026-04-08 06:23:33,672 [WARNING]       ⚠️ 페이지 3133 처리 중 오류: not enough values to unpack (expected 3, got 0)
2026-04-08 06:23:33,675 [WARNING]       ⚠️ 페이지 3137 처리 중 오류: not enough values to unpack (expected 3, got 0)
2026-04-08 06:23:33,693 [WARNING]       ⚠️ 페이지 3134 처리 중 오류: not enough values to unpack (expected 3, got 0)
2026-04-08 06:23:33,727 [WARNING]       ⚠️ 페이지 3140 처리 중 오류: not enough values to unpack (expected 3, got 0)
2026-04-08 06:23:33,765 [WARNING]       ⚠️ 페이지 3139 처리 중 오류: not enough values to unpack (expected 3, got 0)
2026-04-08 06:23:33,766 [INFO]       ... 3121/6000 페이지 진행 중...
2026-04-08 06:24:04,954 [WARNING]       ⚠️ 페이지 3149 처리 중 오류: not enough values to unpack (expected 3, got 0)
2026-04-08 06:24:04,957 [WARNING]       ⚠️ 페이지 3145 처리 중 오류: not enough values to unpack (expected 3, got 0)
2026-04-08 06:24:04,986 [WARNING]       ⚠️ 페이지 3150 처리 중 오류: not enough values to unpack (expected 3, got 0)
2026-04-08 06:24:05,011 [WARNING]       ⚠️ 페이지 3144 처리 중 오류: not enough values to unpack (expected 3, got 0)
2026-04-08 06:24:05,028 [WARNING]       ⚠️ 페이지 3147 처리 중 오류: not enough values to unpack (expected 3, got 0)
2026-04-08 06:24:05,030 [WARNING]       ⚠️ 페이지 3141 처리 중 오류: not enough values to unpack (expected 3, got 0)
2026-04-08 06:24:05,032 [WARNING]       ⚠️ 페이지 3142 처리 중 오류: not enough values to unpack (expected 3, got 0)
2026-04-08 06:24:05,040 [WARNING]       ⚠️ 페이지 3148 처리 중 오류: not enough values to unpack (expected 3, got 0)
2026-04-08 06:24:05,042 [WARNING]       ⚠️ 페이지 3143 처리 중 오류: not enough values to unpack (expected 3, got 0)
2026-04-08 06:24:05,055 [WARNING]       ⚠️ 페이지 3146 처리 중 오류: not enough values to unpack (expected 3, got 0)
2026-04-08 06:24:36,202 [WARNING]       ⚠️ 페이지 3153 처리 중 오류: not enough values to unpack (expected 3, got 0)
2026-04-08 06:24:36,207 [WARNING]       ⚠️ 페이지 3154 처리 중 오류: not enough values to unpack (expected 3, got 0)
2026-04-08 06:24:36,232 [WARNING]       ⚠️ 페이지 3151 처리 중 오류: not enough values to unpack (expected 3, got 0)
2026-04-08 06:24:36,237 [WARNING]       ⚠️ 페이지 3157 처리 중 오류: not enough values to unpack (expected 3, got 0)
2026-04-08 06:24:36,240 [WARNING]       ⚠️ 페이지 3152 처리 중 오류: not enough values to unpack (expected 3, got 0)
2026-04-08 06:24:36,274 [WARNING]       ⚠️ 페이지 3155 처리 중 오류: not enough values to unpack (expected 3, got 0)
2026-04-08 06:24:36,284 [WARNING]       ⚠️ 페이지 3156 처리 중 오류: not enough values to unpack (expected 3, got 0)
2026-04-08 06:24:36,290 [WARNING]       ⚠️ 페이지 3159 처리 중 오류: not enough values to unpack (expected 3, got 0)
2026-04-08 06:24:36,336 [WARNING]       ⚠️ 페이지 3160 처리 중 오류: not enough values to unpack (expected 3, got 0)
2026-04-08 06:24:36,376 [WARNING]       ⚠️ 페이지 3158 처리 중 오류: not enough values to unpack (expected 3, got 0)
2026-04-08 06:25:07,568 [WARNING]       ⚠️ 페이지 3167 처리 중 오류: not enough values to unpack (expected 3, got 0)
2026-04-08 06:25:07,569 [WARNING]       ⚠️ 페이지 3170 처리 중 오류: not enough values to unpack (expected 3, got 0)
2026-04-08 06:25:07,610 [WARNING]       ⚠️ 페이지 3166 처리 중 오류: not enough values to unpack (expected 3, got 0)
2026-04-08 06:25:07,620 [WARNING]       ⚠️ 페이지 3169 처리 중 오류: not enough values to unpack (expected 3, got 0)
2026-04-08 06:25:07,621 [WARNING]       ⚠️ 페이지 3162 처리 중 오류: not enough values to unpack (expected 3, got 0)
2026-04-08 06:25:07,627 [WARNING]       ⚠️ 페이지 3168 처리 중 오류: not enough values to unpack (expected 3, got 0)
2026-04-08 06:25:07,647 [WARNING]       ⚠️ 페이지 3161 처리 중 오류: not enough values to unpack (expected 3, got 0)
2026-04-08 06:25:07,655 [WARNING]       ⚠️ 페이지 3164 처리 중 오류: not enough values to unpack (expected 3, got 0)
2026-04-08 06:25:07,667 [WARNING]       ⚠️ 페이지 3163 처리 중 오류: not enough values to unpack (expected 3, got 0)
2026-04-08 06:25:07,667 [WARNING]       ⚠️ 페이지 3165 처리 중 오류: not enough values to unpack (expected 3, got 0)
2026-04-08 06:25:38,798 [WARNING]       ⚠️ 페이지 3171 처리 중 오류: not enough values to unpack (expected 3, got 0)
2026-04-08 06:25:38,811 [WARNING]       ⚠️ 페이지 3173 처리 중 오류: not enough values to unpack (expected 3, got 0)
2026-04-08 06:25:38,832 [WARNING]       ⚠️ 페이지 3172 처리 중 오류: not enough values to unpack (expected 3, got 0)
2026-04-08 06:25:38,834 [WARNING]       ⚠️ 페이지 3176 처리 중 오류: not enough values to unpack (expected 3, got 0)
2026-04-08 06:25:38,858 [WARNING]       ⚠️ 페이지 3174 처리 중 오류: not enough values to unpack (expected 3, got 0)
2026-04-08 06:25:38,879 [WARNING]       ⚠️ 페이지 3180 처리 중 오류: not enough values to unpack (expected 3, got 0)
2026-04-08 06:25:38,882 [WARNING]       ⚠️ 페이지 3175 처리 중 오류: not enough values to unpack (expected 3, got 0)
2026-04-08 06:25:38,894 [WARNING]       ⚠️ 페이지 3178 처리 중 오류: not enough values to unpack (expected 3, got 0)
2026-04-08 06:25:38,941 [WARNING]       ⚠️ 페이지 3177 처리 중 오류: not enough values to unpack (expected 3, got 0)
2026-04-08 06:25:38,977 [WARNING]       ⚠️ 페이지 3179 처리 중 오류: not enough values to unpack (expected 3, got 0)
2026-04-08 06:25:38,978 [INFO]       ... 3161/6000 페이지 진행 중...
2026-04-08 06:26:10,193 [WARNING]       ⚠️ 페이지 3182 처리 중 오류: not enough values to unpack (expected 3, got 0)
2026-04-08 06:26:10,199 [WARNING]       ⚠️ 페이지 3189 처리 중 오류: not enough values to unpack (expected 3, got 0)
2026-04-08 06:26:10,224 [WARNING]       ⚠️ 페이지 3183 처리 중 오류: not enough values to unpack (expected 3, got 0)
2026-04-08 06:26:10,251 [WARNING]       ⚠️ 페이지 3186 처리 중 오류: not enough values to unpack (expected 3, got 0)
2026-04-08 06:26:10,268 [WARNING]       ⚠️ 페이지 3184 처리 중 오류: not enough values to unpack (expected 3, got 0)
2026-04-08 06:26:10,269 [WARNING]       ⚠️ 페이지 3190 처리 중 오류: not enough values to unpack (expected 3, got 0)
2026-04-08 06:26:10,269 [WARNING]       ⚠️ 페이지 3188 처리 중 오류: not enough values to unpack (expected 3, got 0)
2026-04-08 06:26:10,304 [WARNING]       ⚠️ 페이지 3185 처리 중 오류: not enough values to unpack (expected 3, got 0)
2026-04-08 06:26:20,157 [WARNING]       ⚠️ 페이지 3191 처리 중 오류: not enough values to unpack (expected 3, got 0)
2026-04-08 06:26:20,979 [WARNING]       ⚠️ 페이지 3192 처리 중 오류: not enough values to unpack (expected 3, got 0)
2026-04-08 06:26:41,448 [WARNING]       ⚠️ 페이지 3194 처리 중 오류: not enough values to unpack (expected 3, got 0)
2026-04-08 06:26:41,476 [WARNING]       ⚠️ 페이지 3198 처리 중 오류: not enough values to unpack (expected 3, got 0)
2026-04-08 06:26:41,487 [WARNING]       ⚠️ 페이지 3195 처리 중 오류: not enough values to unpack (expected 3, got 0)
2026-04-08 06:26:41,491 [WARNING]       ⚠️ 페이지 3197 처리 중 오류: not enough values to unpack (expected 3, got 0)
2026-04-08 06:26:41,534 [WARNING]       ⚠️ 페이지 3200 처리 중 오류: not enough values to unpack (expected 3, got 0)
2026-04-08 06:26:41,538 [WARNING]       ⚠️ 페이지 3193 처리 중 오류: not enough values to unpack (expected 3, got 0)
2026-04-08 06:26:41,591 [WARNING]       ⚠️ 페이지 3196 처리 중 오류: not enough values to unpack (expected 3, got 0)
2026-04-08 06:26:41,602 [WARNING]       ⚠️ 페이지 3199 처리 중 오류: not enough values to unpack (expected 3, got 0)
2026-04-08 06:27:12,765 [WARNING]       ⚠️ 페이지 3210 처리 중 오류: not enough values to unpack (expected 3, got 0)
2026-04-08 06:27:12,784 [WARNING]       ⚠️ 페이지 3205 처리 중 오류: not enough values to unpack (expected 3, got 0)
2026-04-08 06:27:12,827 [WARNING]       ⚠️ 페이지 3207 처리 중 오류: not enough values to unpack (expected 3, got 0)
2026-04-08 06:27:12,838 [WARNING]       ⚠️ 페이지 3202 처리 중 오류: not enough values to unpack (expected 3, got 0)
2026-04-08 06:27:12,843 [WARNING]       ⚠️ 페이지 3208 처리 중 오류: not enough values to unpack (expected 3, got 0)
2026-04-08 06:27:12,848 [WARNING]       ⚠️ 페이지 3206 처리 중 오류: not enough values to unpack (expected 3, got 0)
2026-04-08 06:27:12,862 [WARNING]       ⚠️ 페이지 3209 처리 중 오류: not enough values to unpack (expected 3, got 0)
2026-04-08 06:27:12,884 [WARNING]       ⚠️ 페이지 3204 처리 중 오류: not enough values to unpack (expected 3, got 0)
2026-04-08 06:27:12,887 [WARNING]       ⚠️ 페이지 3201 처리 중 오류: not enough values to unpack (expected 3, got 0)
2026-04-08 06:27:12,900 [WARNING]       ⚠️ 페이지 3203 처리 중 오류: not enough values to unpack (expected 3, got 0)
2026-04-08 06:27:44,003 [WARNING]       ⚠️ 페이지 3213 처리 중 오류: not enough values to unpack (expected 3, got 0)
2026-04-08 06:27:44,004 [WARNING]       ⚠️ 페이지 3216 처리 중 오류: not enough values to unpack (expected 3, got 0)
2026-04-08 06:27:44,015 [WARNING]       ⚠️ 페이지 3215 처리 중 오류: not enough values to unpack (expected 3, got 0)
2026-04-08 06:27:44,036 [WARNING]       ⚠️ 페이지 3214 처리 중 오류: not enough values to unpack (expected 3, got 0)
2026-04-08 06:27:44,045 [WARNING]       ⚠️ 페이지 3219 처리 중 오류: not enough values to unpack (expected 3, got 0)
2026-04-08 06:27:44,083 [WARNING]       ⚠️ 페이지 3212 처리 중 오류: not enough values to unpack (expected 3, got 0)
2026-04-08 06:27:44,089 [WARNING]       ⚠️ 페이지 3211 처리 중 오류: not enough values to unpack (expected 3, got 0)
2026-04-08 06:27:44,115 [WARNING]       ⚠️ 페이지 3220 처리 중 오류: not enough values to unpack (expected 3, got 0)
2026-04-08 06:27:44,170 [WARNING]       ⚠️ 페이지 3217 처리 중 오류: not enough values to unpack (expected 3, got 0)
2026-04-08 06:27:44,197 [WARNING]       ⚠️ 페이지 3218 처리 중 오류: not enough values to unpack (expected 3, got 0)
2026-04-08 06:27:44,197 [INFO]       ... 3201/6000 페이지 진행 중...
2026-04-08 06:28:15,386 [WARNING]       ⚠️ 페이지 3223 처리 중 오류: not enough values to unpack (expected 3, got 0)
2026-04-08 06:28:15,424 [WARNING]       ⚠️ 페이지 3222 처리 중 오류: not enough values to unpack (expected 3, got 0)
2026-04-08 06:28:15,437 [WARNING]       ⚠️ 페이지 3221 처리 중 오류: not enough values to unpack (expected 3, got 0)
2026-04-08 06:28:15,464 [WARNING]       ⚠️ 페이지 3227 처리 중 오류: not enough values to unpack (expected 3, got 0)
2026-04-08 06:28:15,484 [WARNING]       ⚠️ 페이지 3224 처리 중 오류: not enough values to unpack (expected 3, got 0)
2026-04-08 06:28:15,598 [WARNING]       ⚠️ 페이지 3225 처리 중 오류: not enough values to unpack (expected 3, got 0)
2026-04-08 06:28:15,612 [WARNING]       ⚠️ 페이지 3230 처리 중 오류: not enough values to unpack (expected 3, got 0)
2026-04-08 06:28:15,649 [WARNING]       ⚠️ 페이지 3226 처리 중 오류: not enough values to unpack (expected 3, got 0)
2026-04-08 06:28:15,687 [WARNING]       ⚠️ 페이지 3229 처리 중 오류: not enough values to unpack (expected 3, got 0)
2026-04-08 06:28:30,632 [WARNING]       ⚠️ 페이지 3231 처리 중 오류: not enough values to unpack (expected 3, got 0)
2026-04-08 06:28:46,614 [WARNING]       ⚠️ 페이지 3233 처리 중 오류: not enough values to unpack (expected 3, got 0)
2026-04-08 06:28:46,637 [WARNING]       ⚠️ 페이지 3232 처리 중 오류: not enough values to unpack (expected 3, got 0)
2026-04-08 06:28:46,689 [WARNING]       ⚠️ 페이지 3234 처리 중 오류: not enough values to unpack (expected 3, got 0)
2026-04-08 06:28:46,714 [WARNING]       ⚠️ 페이지 3236 처리 중 오류: not enough values to unpack (expected 3, got 0)
2026-04-08 06:28:46,794 [WARNING]       ⚠️ 페이지 3237 처리 중 오류: not enough values to unpack (expected 3, got 0)
2026-04-08 06:28:46,813 [WARNING]       ⚠️ 페이지 3235 처리 중 오류: not enough values to unpack (expected 3, got 0)
2026-04-08 06:28:46,843 [WARNING]       ⚠️ 페이지 3239 처리 중 오류: not enough values to unpack (expected 3, got 0)
2026-04-08 06:28:46,874 [WARNING]       ⚠️ 페이지 3238 처리 중 오류: not enough values to unpack (expected 3, got 0)
2026-04-08 06:28:46,994 [WARNING]       ⚠️ 페이지 3240 처리 중 오류: not enough values to unpack (expected 3, got 0)
2026-04-08 06:29:18,164 [WARNING]       ⚠️ 페이지 3242 처리 중 오류: not enough values to unpack (expected 3, got 0)
2026-04-08 06:29:18,174 [WARNING]       ⚠️ 페이지 3246 처리 중 오류: not enough values to unpack (expected 3, got 0)
2026-04-08 06:29:18,215 [WARNING]       ⚠️ 페이지 3244 처리 중 오류: not enough values to unpack (expected 3, got 0)
2026-04-08 06:29:18,217 [WARNING]       ⚠️ 페이지 3250 처리 중 오류: not enough values to unpack (expected 3, got 0)
2026-04-08 06:29:18,222 [WARNING]       ⚠️ 페이지 3243 처리 중 오류: not enough values to unpack (expected 3, got 0)
2026-04-08 06:29:18,245 [WARNING]       ⚠️ 페이지 3249 처리 중 오류: not enough values to unpack (expected 3, got 0)
2026-04-08 06:29:18,253 [WARNING]       ⚠️ 페이지 3248 처리 중 오류: not enough values to unpack (expected 3, got 0)
2026-04-08 06:29:18,267 [WARNING]       ⚠️ 페이지 3245 처리 중 오류: not enough values to unpack (expected 3, got 0)
2026-04-08 06:29:18,272 [WARNING]       ⚠️ 페이지 3241 처리 중 오류: not enough values to unpack (expected 3, got 0)
2026-04-08 06:29:18,274 [WARNING]       ⚠️ 페이지 3247 처리 중 오류: not enough values to unpack (expected 3, got 0)
2026-04-08 06:29:49,386 [WARNING]       ⚠️ 페이지 3251 처리 중 오류: not enough values to unpack (expected 3, got 0)
2026-04-08 06:29:49,406 [WARNING]       ⚠️ 페이지 3255 처리 중 오류: not enough values to unpack (expected 3, got 0)
2026-04-08 06:29:49,417 [WARNING]       ⚠️ 페이지 3252 처리 중 오류: not enough values to unpack (expected 3, got 0)
2026-04-08 06:29:49,427 [WARNING]       ⚠️ 페이지 3253 처리 중 오류: not enough values to unpack (expected 3, got 0)
2026-04-08 06:29:49,451 [WARNING]       ⚠️ 페이지 3254 처리 중 오류: not enough values to unpack (expected 3, got 0)
2026-04-08 06:29:49,477 [WARNING]       ⚠️ 페이지 3256 처리 중 오류: not enough values to unpack (expected 3, got 0)
2026-04-08 06:29:49,498 [WARNING]       ⚠️ 페이지 3260 처리 중 오류: not enough values to unpack (expected 3, got 0)
2026-04-08 06:29:49,513 [WARNING]       ⚠️ 페이지 3259 처리 중 오류: not enough values to unpack (expected 3, got 0)
2026-04-08 06:29:49,534 [WARNING]       ⚠️ 페이지 3258 처리 중 오류: not enough values to unpack (expected 3, got 0)
2026-04-08 06:29:49,550 [WARNING]       ⚠️ 페이지 3257 처리 중 오류: not enough values to unpack (expected 3, got 0)
2026-04-08 06:29:49,550 [INFO]       ... 3241/6000 페이지 진행 중...
2026-04-08 06:30:20,719 [WARNING]       ⚠️ 페이지 3265 처리 중 오류: not enough values to unpack (expected 3, got 0)
2026-04-08 06:30:20,749 [WARNING]       ⚠️ 페이지 3261 처리 중 오류: not enough values to unpack (expected 3, got 0)
2026-04-08 06:30:20,771 [WARNING]       ⚠️ 페이지 3268 처리 중 오류: not enough values to unpack (expected 3, got 0)
2026-04-08 06:30:20,776 [WARNING]       ⚠️ 페이지 3266 처리 중 오류: not enough values to unpack (expected 3, got 0)
2026-04-08 06:30:20,784 [WARNING]       ⚠️ 페이지 3269 처리 중 오류: not enough values to unpack (expected 3, got 0)
2026-04-08 06:30:20,785 [WARNING]       ⚠️ 페이지 3267 처리 중 오류: not enough values to unpack (expected 3, got 0)
2026-04-08 06:30:20,815 [WARNING]       ⚠️ 페이지 3270 처리 중 오류: not enough values to unpack (expected 3, got 0)
2026-04-08 06:30:20,816 [WARNING]       ⚠️ 페이지 3264 처리 중 오류: not enough values to unpack (expected 3, got 0)
2026-04-08 06:30:20,821 [WARNING]       ⚠️ 페이지 3262 처리 중 오류: not enough values to unpack (expected 3, got 0)
2026-04-08 06:30:20,824 [WARNING]       ⚠️ 페이지 3263 처리 중 오류: not enough values to unpack (expected 3, got 0)
2026-04-08 06:30:51,935 [WARNING]       ⚠️ 페이지 3275 처리 중 오류: not enough values to unpack (expected 3, got 0)
2026-04-08 06:30:51,939 [WARNING]       ⚠️ 페이지 3273 처리 중 오류: not enough values to unpack (expected 3, got 0)
2026-04-08 06:30:51,965 [WARNING]       ⚠️ 페이지 3272 처리 중 오류: not enough values to unpack (expected 3, got 0)
2026-04-08 06:30:51,965 [WARNING]       ⚠️ 페이지 3271 처리 중 오류: not enough values to unpack (expected 3, got 0)
2026-04-08 06:30:51,994 [WARNING]       ⚠️ 페이지 3280 처리 중 오류: not enough values to unpack (expected 3, got 0)
2026-04-08 06:30:52,035 [WARNING]       ⚠️ 페이지 3274 처리 중 오류: not enough values to unpack (expected 3, got 0)
2026-04-08 06:30:52,036 [WARNING]       ⚠️ 페이지 3277 처리 중 오류: not enough values to unpack (expected 3, got 0)
2026-04-08 06:30:52,039 [WARNING]       ⚠️ 페이지 3278 처리 중 오류: not enough values to unpack (expected 3, got 0)
2026-04-08 06:30:52,053 [WARNING]       ⚠️ 페이지 3276 처리 중 오류: not enough values to unpack (expected 3, got 0)
2026-04-08 06:30:52,120 [WARNING]       ⚠️ 페이지 3279 처리 중 오류: not enough values to unpack (expected 3, got 0)
2026-04-08 06:31:23,285 [WARNING]       ⚠️ 페이지 3288 처리 중 오류: not enough values to unpack (expected 3, got 0)
2026-04-08 06:31:23,296 [WARNING]       ⚠️ 페이지 3289 처리 중 오류: not enough values to unpack (expected 3, got 0)
2026-04-08 06:31:23,347 [WARNING]       ⚠️ 페이지 3284 처리 중 오류: not enough values to unpack (expected 3, got 0)
2026-04-08 06:31:23,363 [WARNING]       ⚠️ 페이지 3281 처리 중 오류: not enough values to unpack (expected 3, got 0)
2026-04-08 06:31:23,366 [WARNING]       ⚠️ 페이지 3290 처리 중 오류: not enough values to unpack (expected 3, got 0)
2026-04-08 06:31:23,381 [WARNING]       ⚠️ 페이지 3287 처리 중 오류: not enough values to unpack (expected 3, got 0)
2026-04-08 06:31:23,385 [WARNING]       ⚠️ 페이지 3285 처리 중 오류: not enough values to unpack (expected 3, got 0)
2026-04-08 06:31:23,391 [WARNING]       ⚠️ 페이지 3282 처리 중 오류: not enough values to unpack (expected 3, got 0)
2026-04-08 06:31:23,393 [WARNING]       ⚠️ 페이지 3283 처리 중 오류: not enough values to unpack (expected 3, got 0)
2026-04-08 06:31:23,405 [WARNING]       ⚠️ 페이지 3286 처리 중 오류: not enough values to unpack (expected 3, got 0)
2026-04-08 06:31:54,533 [WARNING]       ⚠️ 페이지 3293 처리 중 오류: not enough values to unpack (expected 3, got 0)
2026-04-08 06:31:54,538 [WARNING]       ⚠️ 페이지 3294 처리 중 오류: not enough values to unpack (expected 3, got 0)
2026-04-08 06:31:54,543 [WARNING]       ⚠️ 페이지 3291 처리 중 오류: not enough values to unpack (expected 3, got 0)
2026-04-08 06:31:54,544 [WARNING]       ⚠️ 페이지 3295 처리 중 오류: not enough values to unpack (expected 3, got 0)
2026-04-08 06:31:54,550 [WARNING]       ⚠️ 페이지 3292 처리 중 오류: not enough values to unpack (expected 3, got 0)
2026-04-08 06:31:54,571 [WARNING]       ⚠️ 페이지 3296 처리 중 오류: not enough values to unpack (expected 3, got 0)
2026-04-08 06:31:54,623 [WARNING]       ⚠️ 페이지 3297 처리 중 오류: not enough values to unpack (expected 3, got 0)
2026-04-08 06:31:54,641 [WARNING]       ⚠️ 페이지 3299 처리 중 오류: not enough values to unpack (expected 3, got 0)
2026-04-08 06:31:54,710 [WARNING]       ⚠️ 페이지 3298 처리 중 오류: not enough values to unpack (expected 3, got 0)
2026-04-08 06:31:54,717 [WARNING]       ⚠️ 페이지 3300 처리 중 오류: not enough values to unpack (expected 3, got 0)
2026-04-08 06:31:54,717 [INFO]       ... 3281/6000 페이지 진행 중...
2026-04-08 06:32:25,901 [WARNING]       ⚠️ 페이지 3309 처리 중 오류: not enough values to unpack (expected 3, got 0)
2026-04-08 06:32:25,909 [WARNING]       ⚠️ 페이지 3307 처리 중 오류: not enough values to unpack (expected 3, got 0)
2026-04-08 06:32:25,958 [WARNING]       ⚠️ 페이지 3310 처리 중 오류: not enough values to unpack (expected 3, got 0)
2026-04-08 06:32:25,968 [WARNING]       ⚠️ 페이지 3306 처리 중 오류: not enough values to unpack (expected 3, got 0)
2026-04-08 06:32:25,973 [WARNING]       ⚠️ 페이지 3305 처리 중 오류: not enough values to unpack (expected 3, got 0)
2026-04-08 06:32:25,975 [WARNING]       ⚠️ 페이지 3308 처리 중 오류: not enough values to unpack (expected 3, got 0)
2026-04-08 06:32:25,980 [WARNING]       ⚠️ 페이지 3301 처리 중 오류: not enough values to unpack (expected 3, got 0)
2026-04-08 06:32:26,003 [WARNING]       ⚠️ 페이지 3304 처리 중 오류: not enough values to unpack (expected 3, got 0)
2026-04-08 06:32:26,007 [WARNING]       ⚠️ 페이지 3302 처리 중 오류: not enough values to unpack (expected 3, got 0)
2026-04-08 06:32:26,009 [WARNING]       ⚠️ 페이지 3303 처리 중 오류: not enough values to unpack (expected 3, got 0)
2026-04-08 06:32:57,134 [WARNING]       ⚠️ 페이지 3311 처리 중 오류: not enough values to unpack (expected 3, got 0)
2026-04-08 06:32:57,141 [WARNING]       ⚠️ 페이지 3315 처리 중 오류: not enough values to unpack (expected 3, got 0)
2026-04-08 06:32:57,152 [WARNING]       ⚠️ 페이지 3314 처리 중 오류: not enough values to unpack (expected 3, got 0)
2026-04-08 06:32:57,184 [WARNING]       ⚠️ 페이지 3313 처리 중 오류: not enough values to unpack (expected 3, got 0)
2026-04-08 06:32:57,228 [WARNING]       ⚠️ 페이지 3318 처리 중 오류: not enough values to unpack (expected 3, got 0)
2026-04-08 06:32:57,239 [WARNING]       ⚠️ 페이지 3312 처리 중 오류: not enough values to unpack (expected 3, got 0)
2026-04-08 06:32:57,240 [WARNING]       ⚠️ 페이지 3316 처리 중 오류: not enough values to unpack (expected 3, got 0)
2026-04-08 06:32:57,260 [WARNING]       ⚠️ 페이지 3320 처리 중 오류: not enough values to unpack (expected 3, got 0)
2026-04-08 06:32:57,282 [WARNING]       ⚠️ 페이지 3317 처리 중 오류: not enough values to unpack (expected 3, got 0)
2026-04-08 06:32:57,300 [WARNING]       ⚠️ 페이지 3319 처리 중 오류: not enough values to unpack (expected 3, got 0)
2026-04-08 06:33:28,475 [WARNING]       ⚠️ 페이지 3327 처리 중 오류: not enough values to unpack (expected 3, got 0)
2026-04-08 06:33:28,487 [WARNING]       ⚠️ 페이지 3322 처리 중 오류: not enough values to unpack (expected 3, got 0)
2026-04-08 06:33:28,537 [WARNING]       ⚠️ 페이지 3330 처리 중 오류: not enough values to unpack (expected 3, got 0)
2026-04-08 06:33:28,539 [WARNING]       ⚠️ 페이지 3321 처리 중 오류: not enough values to unpack (expected 3, got 0)
2026-04-08 06:33:28,539 [WARNING]       ⚠️ 페이지 3323 처리 중 오류: not enough values to unpack (expected 3, got 0)
2026-04-08 06:33:28,547 [WARNING]       ⚠️ 페이지 3326 처리 중 오류: not enough values to unpack (expected 3, got 0)
2026-04-08 06:33:28,571 [WARNING]       ⚠️ 페이지 3324 처리 중 오류: not enough values to unpack (expected 3, got 0)
2026-04-08 06:33:28,572 [WARNING]       ⚠️ 페이지 3328 처리 중 오류: not enough values to unpack (expected 3, got 0)
2026-04-08 06:33:28,584 [WARNING]       ⚠️ 페이지 3325 처리 중 오류: not enough values to unpack (expected 3, got 0)
2026-04-08 06:33:28,605 [WARNING]       ⚠️ 페이지 3329 처리 중 오류: not enough values to unpack (expected 3, got 0)
2026-04-08 06:33:59,728 [WARNING]       ⚠️ 페이지 3335 처리 중 오류: not enough values to unpack (expected 3, got 0)
2026-04-08 06:33:59,730 [WARNING]       ⚠️ 페이지 3336 처리 중 오류: not enough values to unpack (expected 3, got 0)
2026-04-08 06:33:59,747 [WARNING]       ⚠️ 페이지 3337 처리 중 오류: not enough values to unpack (expected 3, got 0)
2026-04-08 06:33:59,750 [WARNING]       ⚠️ 페이지 3332 처리 중 오류: not enough values to unpack (expected 3, got 0)
2026-04-08 06:33:59,755 [WARNING]       ⚠️ 페이지 3338 처리 중 오류: not enough values to unpack (expected 3, got 0)
2026-04-08 06:33:59,763 [WARNING]       ⚠️ 페이지 3333 처리 중 오류: not enough values to unpack (expected 3, got 0)
2026-04-08 06:33:59,765 [WARNING]       ⚠️ 페이지 3339 처리 중 오류: not enough values to unpack (expected 3, got 0)
2026-04-08 06:33:59,803 [WARNING]       ⚠️ 페이지 3331 처리 중 오류: not enough values to unpack (expected 3, got 0)
2026-04-08 06:33:59,845 [WARNING]       ⚠️ 페이지 3334 처리 중 오류: not enough values to unpack (expected 3, got 0)
2026-04-08 06:33:59,993 [WARNING]       ⚠️ 페이지 3340 처리 중 오류: not enough values to unpack (expected 3, got 0)
2026-04-08 06:33:59,994 [INFO]       ... 3321/6000 페이지 진행 중...
2026-04-08 06:34:31,170 [WARNING]       ⚠️ 페이지 3348 처리 중 오류: not enough values to unpack (expected 3, got 0)
2026-04-08 06:34:31,185 [WARNING]       ⚠️ 페이지 3350 처리 중 오류: not enough values to unpack (expected 3, got 0)
2026-04-08 06:34:31,234 [WARNING]       ⚠️ 페이지 3345 처리 중 오류: not enough values to unpack (expected 3, got 0)
2026-04-08 06:34:31,252 [WARNING]       ⚠️ 페이지 3342 처리 중 오류: not enough values to unpack (expected 3, got 0)
2026-04-08 06:34:31,252 [WARNING]       ⚠️ 페이지 3346 처리 중 오류: not enough values to unpack (expected 3, got 0)
2026-04-08 06:34:31,254 [WARNING]       ⚠️ 페이지 3341 처리 중 오류: not enough values to unpack (expected 3, got 0)
2026-04-08 06:34:31,259 [WARNING]       ⚠️ 페이지 3347 처리 중 오류: not enough values to unpack (expected 3, got 0)
2026-04-08 06:34:31,264 [WARNING]       ⚠️ 페이지 3344 처리 중 오류: not enough values to unpack (expected 3, got 0)
2026-04-08 06:34:31,264 [WARNING]       ⚠️ 페이지 3343 처리 중 오류: not enough values to unpack (expected 3, got 0)
2026-04-08 06:34:31,293 [WARNING]       ⚠️ 페이지 3349 처리 중 오류: not enough values to unpack (expected 3, got 0)
2026-04-08 06:35:02,413 [WARNING]       ⚠️ 페이지 3354 처리 중 오류: not enough values to unpack (expected 3, got 0)
2026-04-08 06:35:02,423 [WARNING]       ⚠️ 페이지 3355 처리 중 오류: not enough values to unpack (expected 3, got 0)
2026-04-08 06:35:02,425 [WARNING]       ⚠️ 페이지 3357 처리 중 오류: not enough values to unpack (expected 3, got 0)
2026-04-08 06:35:02,432 [WARNING]       ⚠️ 페이지 3351 처리 중 오류: not enough values to unpack (expected 3, got 0)
2026-04-08 06:35:02,436 [WARNING]       ⚠️ 페이지 3352 처리 중 오류: not enough values to unpack (expected 3, got 0)
2026-04-08 06:35:02,441 [WARNING]       ⚠️ 페이지 3353 처리 중 오류: not enough values to unpack (expected 3, got 0)
2026-04-08 06:35:02,442 [WARNING]       ⚠️ 페이지 3359 처리 중 오류: not enough values to unpack (expected 3, got 0)
2026-04-08 06:35:02,503 [WARNING]       ⚠️ 페이지 3358 처리 중 오류: not enough values to unpack (expected 3, got 0)
2026-04-08 06:35:02,578 [WARNING]       ⚠️ 페이지 3360 처리 중 오류: not enough values to unpack (expected 3, got 0)
2026-04-08 06:35:02,633 [WARNING]       ⚠️ 페이지 3356 처리 중 오류: not enough values to unpack (expected 3, got 0)
2026-04-08 06:35:33,831 [WARNING]       ⚠️ 페이지 3365 처리 중 오류: not enough values to unpack (expected 3, got 0)
2026-04-08 06:35:33,867 [WARNING]       ⚠️ 페이지 3369 처리 중 오류: not enough values to unpack (expected 3, got 0)
2026-04-08 06:35:33,871 [WARNING]       ⚠️ 페이지 3367 처리 중 오류: not enough values to unpack (expected 3, got 0)
2026-04-08 06:35:33,875 [WARNING]       ⚠️ 페이지 3370 처리 중 오류: not enough values to unpack (expected 3, got 0)
2026-04-08 06:35:33,884 [WARNING]       ⚠️ 페이지 3362 처리 중 오류: not enough values to unpack (expected 3, got 0)
2026-04-08 06:35:33,894 [WARNING]       ⚠️ 페이지 3363 처리 중 오류: not enough values to unpack (expected 3, got 0)
2026-04-08 06:35:33,898 [WARNING]       ⚠️ 페이지 3368 처리 중 오류: not enough values to unpack (expected 3, got 0)
2026-04-08 06:35:33,926 [WARNING]       ⚠️ 페이지 3361 처리 중 오류: not enough values to unpack (expected 3, got 0)
2026-04-08 06:35:33,930 [WARNING]       ⚠️ 페이지 3364 처리 중 오류: not enough values to unpack (expected 3, got 0)
2026-04-08 06:35:33,931 [WARNING]       ⚠️ 페이지 3366 처리 중 오류: not enough values to unpack (expected 3, got 0)
2026-04-08 06:36:05,064 [WARNING]       ⚠️ 페이지 3375 처리 중 오류: not enough values to unpack (expected 3, got 0)
2026-04-08 06:36:05,094 [WARNING]       ⚠️ 페이지 3372 처리 중 오류: not enough values to unpack (expected 3, got 0)
2026-04-08 06:36:05,095 [WARNING]       ⚠️ 페이지 3376 처리 중 오류: not enough values to unpack (expected 3, got 0)
2026-04-08 06:36:05,109 [WARNING]       ⚠️ 페이지 3371 처리 중 오류: not enough values to unpack (expected 3, got 0)
2026-04-08 06:36:05,116 [WARNING]       ⚠️ 페이지 3373 처리 중 오류: not enough values to unpack (expected 3, got 0)
2026-04-08 06:36:05,146 [WARNING]       ⚠️ 페이지 3380 처리 중 오류: not enough values to unpack (expected 3, got 0)
2026-04-08 06:36:05,147 [WARNING]       ⚠️ 페이지 3374 처리 중 오류: not enough values to unpack (expected 3, got 0)
2026-04-08 06:36:05,157 [WARNING]       ⚠️ 페이지 3378 처리 중 오류: not enough values to unpack (expected 3, got 0)
2026-04-08 06:36:05,164 [WARNING]       ⚠️ 페이지 3377 처리 중 오류: not enough values to unpack (expected 3, got 0)
2026-04-08 06:36:05,253 [WARNING]       ⚠️ 페이지 3379 처리 중 오류: not enough values to unpack (expected 3, got 0)
2026-04-08 06:36:05,253 [INFO]       ... 3361/6000 페이지 진행 중...
2026-04-08 06:36:36,429 [WARNING]       ⚠️ 페이지 3384 처리 중 오류: not enough values to unpack (expected 3, got 0)
2026-04-08 06:36:36,435 [WARNING]       ⚠️ 페이지 3386 처리 중 오류: not enough values to unpack (expected 3, got 0)
2026-04-08 06:36:36,476 [WARNING]       ⚠️ 페이지 3387 처리 중 오류: not enough values to unpack (expected 3, got 0)
2026-04-08 06:36:36,498 [WARNING]       ⚠️ 페이지 3383 처리 중 오류: not enough values to unpack (expected 3, got 0)
2026-04-08 06:36:36,499 [WARNING]       ⚠️ 페이지 3388 처리 중 오류: not enough values to unpack (expected 3, got 0)
2026-04-08 06:36:36,508 [WARNING]       ⚠️ 페이지 3389 처리 중 오류: not enough values to unpack (expected 3, got 0)
2026-04-08 06:36:36,521 [WARNING]       ⚠️ 페이지 3385 처리 중 오류: not enough values to unpack (expected 3, got 0)
2026-04-08 06:36:36,524 [WARNING]       ⚠️ 페이지 3390 처리 중 오류: not enough values to unpack (expected 3, got 0)
2026-04-08 06:36:36,529 [WARNING]       ⚠️ 페이지 3382 처리 중 오류: not enough values to unpack (expected 3, got 0)
2026-04-08 06:36:36,530 [WARNING]       ⚠️ 페이지 3381 처리 중 오류: not enough values to unpack (expected 3, got 0)
2026-04-08 06:37:07,665 [WARNING]       ⚠️ 페이지 3392 처리 중 오류: not enough values to unpack (expected 3, got 0)
2026-04-08 06:37:07,668 [WARNING]       ⚠️ 페이지 3394 처리 중 오류: not enough values to unpack (expected 3, got 0)
2026-04-08 06:37:07,683 [WARNING]       ⚠️ 페이지 3395 처리 중 오류: not enough values to unpack (expected 3, got 0)
2026-04-08 06:37:07,696 [WARNING]       ⚠️ 페이지 3391 처리 중 오류: not enough values to unpack (expected 3, got 0)
2026-04-08 06:37:07,703 [WARNING]       ⚠️ 페이지 3393 처리 중 오류: not enough values to unpack (expected 3, got 0)
2026-04-08 06:37:07,745 [WARNING]       ⚠️ 페이지 3396 처리 중 오류: not enough values to unpack (expected 3, got 0)
2026-04-08 06:37:07,758 [WARNING]       ⚠️ 페이지 3397 처리 중 오류: not enough values to unpack (expected 3, got 0)
2026-04-08 06:37:07,777 [WARNING]       ⚠️ 페이지 3400 처리 중 오류: not enough values to unpack (expected 3, got 0)
2026-04-08 06:37:07,815 [WARNING]       ⚠️ 페이지 3399 처리 중 오류: not enough values to unpack (expected 3, got 0)
2026-04-08 06:37:07,864 [WARNING]       ⚠️ 페이지 3398 처리 중 오류: not enough values to unpack (expected 3, got 0)
2026-04-08 06:37:39,032 [WARNING]       ⚠️ 페이지 3401 처리 중 오류: not enough values to unpack (expected 3, got 0)
2026-04-08 06:37:39,052 [WARNING]       ⚠️ 페이지 3403 처리 중 오류: not enough values to unpack (expected 3, got 0)
2026-04-08 06:37:39,096 [WARNING]       ⚠️ 페이지 3408 처리 중 오류: not enough values to unpack (expected 3, got 0)
2026-04-08 06:37:39,099 [WARNING]       ⚠️ 페이지 3407 처리 중 오류: not enough values to unpack (expected 3, got 0)
2026-04-08 06:37:39,107 [WARNING]       ⚠️ 페이지 3402 처리 중 오류: not enough values to unpack (expected 3, got 0)
2026-04-08 06:37:39,111 [WARNING]       ⚠️ 페이지 3410 처리 중 오류: not enough values to unpack (expected 3, got 0)
2026-04-08 06:37:39,147 [WARNING]       ⚠️ 페이지 3405 처리 중 오류: not enough values to unpack (expected 3, got 0)
2026-04-08 06:37:39,148 [WARNING]       ⚠️ 페이지 3409 처리 중 오류: not enough values to unpack (expected 3, got 0)
2026-04-08 06:37:39,150 [WARNING]       ⚠️ 페이지 3406 처리 중 오류: not enough values to unpack (expected 3, got 0)
2026-04-08 06:37:39,152 [WARNING]       ⚠️ 페이지 3404 처리 중 오류: not enough values to unpack (expected 3, got 0)
2026-04-08 06:38:10,271 [WARNING]       ⚠️ 페이지 3412 처리 중 오류: not enough values to unpack (expected 3, got 0)
2026-04-08 06:38:10,290 [WARNING]       ⚠️ 페이지 3414 처리 중 오류: not enough values to unpack (expected 3, got 0)
2026-04-08 06:38:10,296 [WARNING]       ⚠️ 페이지 3411 처리 중 오류: not enough values to unpack (expected 3, got 0)
2026-04-08 06:38:10,309 [WARNING]       ⚠️ 페이지 3416 처리 중 오류: not enough values to unpack (expected 3, got 0)
2026-04-08 06:38:10,320 [WARNING]       ⚠️ 페이지 3413 처리 중 오류: not enough values to unpack (expected 3, got 0)
2026-04-08 06:38:10,327 [WARNING]       ⚠️ 페이지 3417 처리 중 오류: not enough values to unpack (expected 3, got 0)
2026-04-08 06:38:10,371 [WARNING]       ⚠️ 페이지 3415 처리 중 오류: not enough values to unpack (expected 3, got 0)
2026-04-08 06:38:10,393 [WARNING]       ⚠️ 페이지 3420 처리 중 오류: not enough values to unpack (expected 3, got 0)
2026-04-08 06:38:10,459 [WARNING]       ⚠️ 페이지 3418 처리 중 오류: not enough values to unpack (expected 3, got 0)
2026-04-08 06:38:10,480 [WARNING]       ⚠️ 페이지 3419 처리 중 오류: not enough values to unpack (expected 3, got 0)
2026-04-08 06:38:10,481 [INFO]       ... 3401/6000 페이지 진행 중...
2026-04-08 06:38:41,665 [WARNING]       ⚠️ 페이지 3430 처리 중 오류: not enough values to unpack (expected 3, got 0)
2026-04-08 06:38:41,666 [WARNING]       ⚠️ 페이지 3428 처리 중 오류: not enough values to unpack (expected 3, got 0)
2026-04-08 06:38:41,714 [WARNING]       ⚠️ 페이지 3421 처리 중 오류: not enough values to unpack (expected 3, got 0)
2026-04-08 06:38:41,717 [WARNING]       ⚠️ 페이지 3429 처리 중 오류: not enough values to unpack (expected 3, got 0)
2026-04-08 06:38:41,721 [WARNING]       ⚠️ 페이지 3427 처리 중 오류: not enough values to unpack (expected 3, got 0)
2026-04-08 06:38:41,742 [WARNING]       ⚠️ 페이지 3423 처리 중 오류: not enough values to unpack (expected 3, got 0)
2026-04-08 06:38:41,743 [WARNING]       ⚠️ 페이지 3422 처리 중 오류: not enough values to unpack (expected 3, got 0)
2026-04-08 06:38:41,746 [WARNING]       ⚠️ 페이지 3425 처리 중 오류: not enough values to unpack (expected 3, got 0)
2026-04-08 06:38:41,750 [WARNING]       ⚠️ 페이지 3424 처리 중 오류: not enough values to unpack (expected 3, got 0)
2026-04-08 06:38:41,752 [WARNING]       ⚠️ 페이지 3426 처리 중 오류: not enough values to unpack (expected 3, got 0)
2026-04-08 06:39:12,890 [WARNING]       ⚠️ 페이지 3431 처리 중 오류: not enough values to unpack (expected 3, got 0)
2026-04-08 06:39:12,898 [WARNING]       ⚠️ 페이지 3434 처리 중 오류: not enough values to unpack (expected 3, got 0)
2026-04-08 06:39:12,922 [WARNING]       ⚠️ 페이지 3435 처리 중 오류: not enough values to unpack (expected 3, got 0)
2026-04-08 06:39:12,925 [WARNING]       ⚠️ 페이지 3432 처리 중 오류: not enough values to unpack (expected 3, got 0)
2026-04-08 06:39:12,938 [WARNING]       ⚠️ 페이지 3436 처리 중 오류: not enough values to unpack (expected 3, got 0)
2026-04-08 06:39:12,983 [WARNING]       ⚠️ 페이지 3439 처리 중 오류: not enough values to unpack (expected 3, got 0)
2026-04-08 06:39:12,985 [WARNING]       ⚠️ 페이지 3433 처리 중 오류: not enough values to unpack (expected 3, got 0)
2026-04-08 06:39:12,990 [WARNING]       ⚠️ 페이지 3440 처리 중 오류: not enough values to unpack (expected 3, got 0)
2026-04-08 06:39:13,032 [WARNING]       ⚠️ 페이지 3437 처리 중 오류: not enough values to unpack (expected 3, got 0)
2026-04-08 06:39:13,077 [WARNING]       ⚠️ 페이지 3438 처리 중 오류: not enough values to unpack (expected 3, got 0)
2026-04-08 06:39:44,261 [WARNING]       ⚠️ 페이지 3450 처리 중 오류: not enough values to unpack (expected 3, got 0)
2026-04-08 06:39:44,261 [WARNING]       ⚠️ 페이지 3448 처리 중 오류: not enough values to unpack (expected 3, got 0)
2026-04-08 06:39:44,327 [WARNING]       ⚠️ 페이지 3443 처리 중 오류: not enough values to unpack (expected 3, got 0)
2026-04-08 06:39:44,329 [WARNING]       ⚠️ 페이지 3442 처리 중 오류: not enough values to unpack (expected 3, got 0)
2026-04-08 06:39:44,331 [WARNING]       ⚠️ 페이지 3445 처리 중 오류: not enough values to unpack (expected 3, got 0)
2026-04-08 06:39:44,334 [WARNING]       ⚠️ 페이지 3449 처리 중 오류: not enough values to unpack (expected 3, got 0)
2026-04-08 06:39:44,338 [WARNING]       ⚠️ 페이지 3444 처리 중 오류: not enough values to unpack (expected 3, got 0)
2026-04-08 06:39:44,342 [WARNING]       ⚠️ 페이지 3446 처리 중 오류: not enough values to unpack (expected 3, got 0)
2026-04-08 06:39:44,360 [WARNING]       ⚠️ 페이지 3441 처리 중 오류: not enough values to unpack (expected 3, got 0)
2026-04-08 06:39:44,362 [WARNING]       ⚠️ 페이지 3447 처리 중 오류: not enough values to unpack (expected 3, got 0)
2026-04-08 06:40:15,505 [WARNING]       ⚠️ 페이지 3455 처리 중 오류: not enough values to unpack (expected 3, got 0)
2026-04-08 06:40:15,507 [WARNING]       ⚠️ 페이지 3456 처리 중 오류: not enough values to unpack (expected 3, got 0)
2026-04-08 06:40:15,513 [WARNING]       ⚠️ 페이지 3453 처리 중 오류: not enough values to unpack (expected 3, got 0)
2026-04-08 06:40:15,527 [WARNING]       ⚠️ 페이지 3452 처리 중 오류: not enough values to unpack (expected 3, got 0)
2026-04-08 06:40:15,528 [WARNING]       ⚠️ 페이지 3451 처리 중 오류: not enough values to unpack (expected 3, got 0)
2026-04-08 06:40:15,535 [WARNING]       ⚠️ 페이지 3454 처리 중 오류: not enough values to unpack (expected 3, got 0)
2026-04-08 06:40:15,562 [WARNING]       ⚠️ 페이지 3458 처리 중 오류: not enough values to unpack (expected 3, got 0)
2026-04-08 06:40:15,582 [WARNING]       ⚠️ 페이지 3457 처리 중 오류: not enough values to unpack (expected 3, got 0)
2026-04-08 06:40:15,678 [WARNING]       ⚠️ 페이지 3460 처리 중 오류: not enough values to unpack (expected 3, got 0)
2026-04-08 06:40:15,682 [WARNING]       ⚠️ 페이지 3459 처리 중 오류: not enough values to unpack (expected 3, got 0)
2026-04-08 06:40:15,682 [INFO]       ... 3441/6000 페이지 진행 중...
2026-04-08 06:40:46,850 [WARNING]       ⚠️ 페이지 3467 처리 중 오류: not enough values to unpack (expected 3, got 0)
2026-04-08 06:40:46,911 [WARNING]       ⚠️ 페이지 3462 처리 중 오류: not enough values to unpack (expected 3, got 0)
2026-04-08 06:40:46,921 [WARNING]       ⚠️ 페이지 3466 처리 중 오류: not enough values to unpack (expected 3, got 0)
2026-04-08 06:40:46,932 [WARNING]       ⚠️ 페이지 3469 처리 중 오류: not enough values to unpack (expected 3, got 0)
2026-04-08 06:40:46,949 [WARNING]       ⚠️ 페이지 3470 처리 중 오류: not enough values to unpack (expected 3, got 0)
2026-04-08 06:40:46,950 [WARNING]       ⚠️ 페이지 3468 처리 중 오류: not enough values to unpack (expected 3, got 0)
2026-04-08 06:40:46,952 [WARNING]       ⚠️ 페이지 3465 처리 중 오류: not enough values to unpack (expected 3, got 0)
2026-04-08 06:40:46,957 [WARNING]       ⚠️ 페이지 3463 처리 중 오류: not enough values to unpack (expected 3, got 0)
2026-04-08 06:40:46,962 [WARNING]       ⚠️ 페이지 3461 처리 중 오류: not enough values to unpack (expected 3, got 0)
2026-04-08 06:40:46,962 [WARNING]       ⚠️ 페이지 3464 처리 중 오류: not enough values to unpack (expected 3, got 0)
2026-04-08 06:41:18,107 [WARNING]       ⚠️ 페이지 3471 처리 중 오류: not enough values to unpack (expected 3, got 0)
2026-04-08 06:41:18,124 [WARNING]       ⚠️ 페이지 3475 처리 중 오류: not enough values to unpack (expected 3, got 0)
2026-04-08 06:41:18,128 [WARNING]       ⚠️ 페이지 3474 처리 중 오류: not enough values to unpack (expected 3, got 0)
2026-04-08 06:41:18,156 [WARNING]       ⚠️ 페이지 3473 처리 중 오류: not enough values to unpack (expected 3, got 0)
2026-04-08 06:41:18,171 [WARNING]       ⚠️ 페이지 3472 처리 중 오류: not enough values to unpack (expected 3, got 0)
2026-04-08 06:41:18,171 [WARNING]       ⚠️ 페이지 3477 처리 중 오류: not enough values to unpack (expected 3, got 0)
2026-04-08 06:41:18,174 [WARNING]       ⚠️ 페이지 3480 처리 중 오류: not enough values to unpack (expected 3, got 0)
2026-04-08 06:41:18,191 [WARNING]       ⚠️ 페이지 3476 처리 중 오류: not enough values to unpack (expected 3, got 0)
2026-04-08 06:41:18,202 [WARNING]       ⚠️ 페이지 3478 처리 중 오류: not enough values to unpack (expected 3, got 0)
2026-04-08 06:41:18,335 [WARNING]       ⚠️ 페이지 3479 처리 중 오류: not enough values to unpack (expected 3, got 0)
2026-04-08 06:41:49,518 [WARNING]       ⚠️ 페이지 3485 처리 중 오류: not enough values to unpack (expected 3, got 0)
2026-04-08 06:41:49,565 [WARNING]       ⚠️ 페이지 3487 처리 중 오류: not enough values to unpack (expected 3, got 0)
2026-04-08 06:41:49,579 [WARNING]       ⚠️ 페이지 3483 처리 중 오류: not enough values to unpack (expected 3, got 0)
2026-04-08 06:41:49,580 [WARNING]       ⚠️ 페이지 3489 처리 중 오류: not enough values to unpack (expected 3, got 0)
2026-04-08 06:41:49,587 [WARNING]       ⚠️ 페이지 3482 처리 중 오류: not enough values to unpack (expected 3, got 0)
2026-04-08 06:41:49,593 [WARNING]       ⚠️ 페이지 3490 처리 중 오류: not enough values to unpack (expected 3, got 0)
2026-04-08 06:41:49,594 [WARNING]       ⚠️ 페이지 3484 처리 중 오류: not enough values to unpack (expected 3, got 0)
2026-04-08 06:41:49,598 [WARNING]       ⚠️ 페이지 3486 처리 중 오류: not enough values to unpack (expected 3, got 0)
2026-04-08 06:41:49,607 [WARNING]       ⚠️ 페이지 3481 처리 중 오류: not enough values to unpack (expected 3, got 0)
2026-04-08 06:41:49,626 [WARNING]       ⚠️ 페이지 3488 처리 중 오류: not enough values to unpack (expected 3, got 0)
2026-04-08 06:42:20,753 [WARNING]       ⚠️ 페이지 3494 처리 중 오류: not enough values to unpack (expected 3, got 0)
2026-04-08 06:42:20,788 [WARNING]       ⚠️ 페이지 3496 처리 중 오류: not enough values to unpack (expected 3, got 0)
2026-04-08 06:42:20,789 [WARNING]       ⚠️ 페이지 3498 처리 중 오류: not enough values to unpack (expected 3, got 0)
2026-04-08 06:42:20,789 [WARNING]       ⚠️ 페이지 3491 처리 중 오류: not enough values to unpack (expected 3, got 0)
2026-04-08 06:42:20,807 [WARNING]       ⚠️ 페이지 3497 처리 중 오류: not enough values to unpack (expected 3, got 0)
2026-04-08 06:42:20,817 [WARNING]       ⚠️ 페이지 3495 처리 중 오류: not enough values to unpack (expected 3, got 0)
2026-04-08 06:42:20,847 [WARNING]       ⚠️ 페이지 3499 처리 중 오류: not enough values to unpack (expected 3, got 0)
2026-04-08 06:42:20,865 [WARNING]       ⚠️ 페이지 3493 처리 중 오류: not enough values to unpack (expected 3, got 0)
2026-04-08 06:42:20,878 [WARNING]       ⚠️ 페이지 3492 처리 중 오류: not enough values to unpack (expected 3, got 0)
2026-04-08 06:42:20,966 [WARNING]       ⚠️ 페이지 3500 처리 중 오류: not enough values to unpack (expected 3, got 0)
2026-04-08 06:42:20,966 [INFO]       ... 3481/6000 페이지 진행 중...
2026-04-08 06:42:52,138 [WARNING]       ⚠️ 페이지 3510 처리 중 오류: not enough values to unpack (expected 3, got 0)
2026-04-08 06:42:52,146 [WARNING]       ⚠️ 페이지 3502 처리 중 오류: not enough values to unpack (expected 3, got 0)
2026-04-08 06:42:52,189 [WARNING]       ⚠️ 페이지 3507 처리 중 오류: not enough values to unpack (expected 3, got 0)
2026-04-08 06:42:52,196 [WARNING]       ⚠️ 페이지 3503 처리 중 오류: not enough values to unpack (expected 3, got 0)
2026-04-08 06:42:52,210 [WARNING]       ⚠️ 페이지 3505 처리 중 오류: not enough values to unpack (expected 3, got 0)
2026-04-08 06:42:52,217 [WARNING]       ⚠️ 페이지 3506 처리 중 오류: not enough values to unpack (expected 3, got 0)
2026-04-08 06:42:52,221 [WARNING]       ⚠️ 페이지 3508 처리 중 오류: not enough values to unpack (expected 3, got 0)
2026-04-08 06:42:52,244 [WARNING]       ⚠️ 페이지 3504 처리 중 오류: not enough values to unpack (expected 3, got 0)
2026-04-08 06:42:52,245 [WARNING]       ⚠️ 페이지 3501 처리 중 오류: not enough values to unpack (expected 3, got 0)
2026-04-08 06:42:52,249 [WARNING]       ⚠️ 페이지 3509 처리 중 오류: not enough values to unpack (expected 3, got 0)
2026-04-08 06:43:23,357 [WARNING]       ⚠️ 페이지 3514 처리 중 오류: not enough values to unpack (expected 3, got 0)
2026-04-08 06:43:23,368 [WARNING]       ⚠️ 페이지 3513 처리 중 오류: not enough values to unpack (expected 3, got 0)
2026-04-08 06:43:23,392 [WARNING]       ⚠️ 페이지 3511 처리 중 오류: not enough values to unpack (expected 3, got 0)
2026-04-08 06:43:23,396 [WARNING]       ⚠️ 페이지 3515 처리 중 오류: not enough values to unpack (expected 3, got 0)
2026-04-08 06:43:23,404 [WARNING]       ⚠️ 페이지 3512 처리 중 오류: not enough values to unpack (expected 3, got 0)
2026-04-08 06:43:23,444 [WARNING]       ⚠️ 페이지 3519 처리 중 오류: not enough values to unpack (expected 3, got 0)
2026-04-08 06:43:23,460 [WARNING]       ⚠️ 페이지 3518 처리 중 오류: not enough values to unpack (expected 3, got 0)
2026-04-08 06:43:23,488 [WARNING]       ⚠️ 페이지 3520 처리 중 오류: not enough values to unpack (expected 3, got 0)
2026-04-08 06:43:23,526 [WARNING]       ⚠️ 페이지 3516 처리 중 오류: not enough values to unpack (expected 3, got 0)
2026-04-08 06:43:23,531 [WARNING]       ⚠️ 페이지 3517 처리 중 오류: not enough values to unpack (expected 3, got 0)
2026-04-08 06:43:54,700 [WARNING]       ⚠️ 페이지 3527 처리 중 오류: not enough values to unpack (expected 3, got 0)
2026-04-08 06:43:54,702 [WARNING]       ⚠️ 페이지 3530 처리 중 오류: not enough values to unpack (expected 3, got 0)
2026-04-08 06:43:54,754 [WARNING]       ⚠️ 페이지 3522 처리 중 오류: not enough values to unpack (expected 3, got 0)
2026-04-08 06:43:54,759 [WARNING]       ⚠️ 페이지 3529 처리 중 오류: not enough values to unpack (expected 3, got 0)
2026-04-08 06:43:54,767 [WARNING]       ⚠️ 페이지 3521 처리 중 오류: not enough values to unpack (expected 3, got 0)
2026-04-08 06:43:54,769 [WARNING]       ⚠️ 페이지 3525 처리 중 오류: not enough values to unpack (expected 3, got 0)
2026-04-08 06:43:54,806 [WARNING]       ⚠️ 페이지 3528 처리 중 오류: not enough values to unpack (expected 3, got 0)
2026-04-08 06:43:54,808 [WARNING]       ⚠️ 페이지 3523 처리 중 오류: not enough values to unpack (expected 3, got 0)
2026-04-08 06:43:54,810 [WARNING]       ⚠️ 페이지 3524 처리 중 오류: not enough values to unpack (expected 3, got 0)
2026-04-08 06:43:54,812 [WARNING]       ⚠️ 페이지 3526 처리 중 오류: not enough values to unpack (expected 3, got 0)
2026-04-08 06:44:25,934 [WARNING]       ⚠️ 페이지 3531 처리 중 오류: not enough values to unpack (expected 3, got 0)
2026-04-08 06:44:25,934 [WARNING]       ⚠️ 페이지 3535 처리 중 오류: not enough values to unpack (expected 3, got 0)
2026-04-08 06:44:25,937 [WARNING]       ⚠️ 페이지 3534 처리 중 오류: not enough values to unpack (expected 3, got 0)
2026-04-08 06:44:25,940 [WARNING]       ⚠️ 페이지 3536 처리 중 오류: not enough values to unpack (expected 3, got 0)
2026-04-08 06:44:25,979 [WARNING]       ⚠️ 페이지 3533 처리 중 오류: not enough values to unpack (expected 3, got 0)
2026-04-08 06:44:25,988 [WARNING]       ⚠️ 페이지 3532 처리 중 오류: not enough values to unpack (expected 3, got 0)
2026-04-08 06:44:26,004 [WARNING]       ⚠️ 페이지 3538 처리 중 오류: not enough values to unpack (expected 3, got 0)
2026-04-08 06:44:26,026 [WARNING]       ⚠️ 페이지 3539 처리 중 오류: not enough values to unpack (expected 3, got 0)
2026-04-08 06:44:26,116 [WARNING]       ⚠️ 페이지 3540 처리 중 오류: not enough values to unpack (expected 3, got 0)
2026-04-08 06:44:26,117 [WARNING]       ⚠️ 페이지 3537 처리 중 오류: not enough values to unpack (expected 3, got 0)
2026-04-08 06:44:26,117 [INFO]       ... 3521/6000 페이지 진행 중...
2026-04-08 06:44:57,302 [WARNING]       ⚠️ 페이지 3544 처리 중 오류: not enough values to unpack (expected 3, got 0)
2026-04-08 06:44:57,315 [WARNING]       ⚠️ 페이지 3543 처리 중 오류: not enough values to unpack (expected 3, got 0)
2026-04-08 06:44:57,361 [WARNING]       ⚠️ 페이지 3547 처리 중 오류: not enough values to unpack (expected 3, got 0)
2026-04-08 06:44:57,365 [WARNING]       ⚠️ 페이지 3546 처리 중 오류: not enough values to unpack (expected 3, got 0)
2026-04-08 06:44:57,372 [WARNING]       ⚠️ 페이지 3549 처리 중 오류: not enough values to unpack (expected 3, got 0)
2026-04-08 06:44:57,374 [WARNING]       ⚠️ 페이지 3550 처리 중 오류: not enough values to unpack (expected 3, got 0)
2026-04-08 06:44:57,392 [WARNING]       ⚠️ 페이지 3545 처리 중 오류: not enough values to unpack (expected 3, got 0)
2026-04-08 06:44:57,393 [WARNING]       ⚠️ 페이지 3541 처리 중 오류: not enough values to unpack (expected 3, got 0)
2026-04-08 06:44:57,398 [WARNING]       ⚠️ 페이지 3548 처리 중 오류: not enough values to unpack (expected 3, got 0)
2026-04-08 06:44:57,403 [WARNING]       ⚠️ 페이지 3542 처리 중 오류: not enough values to unpack (expected 3, got 0)
2026-04-08 06:45:28,543 [WARNING]       ⚠️ 페이지 3555 처리 중 오류: not enough values to unpack (expected 3, got 0)
2026-04-08 06:45:28,549 [WARNING]       ⚠️ 페이지 3554 처리 중 오류: not enough values to unpack (expected 3, got 0)
2026-04-08 06:45:28,559 [WARNING]       ⚠️ 페이지 3558 처리 중 오류: not enough values to unpack (expected 3, got 0)
2026-04-08 06:45:28,571 [WARNING]       ⚠️ 페이지 3551 처리 중 오류: not enough values to unpack (expected 3, got 0)
2026-04-08 06:45:28,574 [WARNING]       ⚠️ 페이지 3553 처리 중 오류: not enough values to unpack (expected 3, got 0)
2026-04-08 06:45:28,577 [WARNING]       ⚠️ 페이지 3556 처리 중 오류: not enough values to unpack (expected 3, got 0)
2026-04-08 06:45:28,619 [WARNING]       ⚠️ 페이지 3552 처리 중 오류: not enough values to unpack (expected 3, got 0)
2026-04-08 06:45:28,622 [WARNING]       ⚠️ 페이지 3557 처리 중 오류: not enough values to unpack (expected 3, got 0)
2026-04-08 06:45:28,726 [WARNING]       ⚠️ 페이지 3560 처리 중 오류: not enough values to unpack (expected 3, got 0)
2026-04-08 06:45:28,729 [WARNING]       ⚠️ 페이지 3559 처리 중 오류: not enough values to unpack (expected 3, got 0)
2026-04-08 06:45:59,904 [WARNING]       ⚠️ 페이지 3565 처리 중 오류: not enough values to unpack (expected 3, got 0)
2026-04-08 06:45:59,909 [WARNING]       ⚠️ 페이지 3567 처리 중 오류: not enough values to unpack (expected 3, got 0)
2026-04-08 06:45:59,955 [WARNING]       ⚠️ 페이지 3562 처리 중 오류: not enough values to unpack (expected 3, got 0)
2026-04-08 06:45:59,956 [WARNING]       ⚠️ 페이지 3566 처리 중 오류: not enough values to unpack (expected 3, got 0)
2026-04-08 06:45:59,970 [WARNING]       ⚠️ 페이지 3569 처리 중 오류: not enough values to unpack (expected 3, got 0)
2026-04-08 06:45:59,978 [WARNING]       ⚠️ 페이지 3564 처리 중 오류: not enough values to unpack (expected 3, got 0)
2026-04-08 06:45:59,978 [WARNING]       ⚠️ 페이지 3568 처리 중 오류: not enough values to unpack (expected 3, got 0)
2026-04-08 06:46:00,004 [WARNING]       ⚠️ 페이지 3561 처리 중 오류: not enough values to unpack (expected 3, got 0)
2026-04-08 06:46:00,011 [WARNING]       ⚠️ 페이지 3570 처리 중 오류: not enough values to unpack (expected 3, got 0)
2026-04-08 06:46:00,026 [WARNING]       ⚠️ 페이지 3563 처리 중 오류: not enough values to unpack (expected 3, got 0)
2026-04-08 06:46:31,145 [WARNING]       ⚠️ 페이지 3573 처리 중 오류: not enough values to unpack (expected 3, got 0)
2026-04-08 06:46:31,156 [WARNING]       ⚠️ 페이지 3574 처리 중 오류: not enough values to unpack (expected 3, got 0)
2026-04-08 06:46:31,159 [WARNING]       ⚠️ 페이지 3575 처리 중 오류: not enough values to unpack (expected 3, got 0)
2026-04-08 06:46:31,164 [WARNING]       ⚠️ 페이지 3571 처리 중 오류: not enough values to unpack (expected 3, got 0)
2026-04-08 06:46:31,173 [WARNING]       ⚠️ 페이지 3577 처리 중 오류: not enough values to unpack (expected 3, got 0)
2026-04-08 06:46:31,206 [WARNING]       ⚠️ 페이지 3576 처리 중 오류: not enough values to unpack (expected 3, got 0)
2026-04-08 06:46:31,216 [WARNING]       ⚠️ 페이지 3580 처리 중 오류: not enough values to unpack (expected 3, got 0)
2026-04-08 06:46:31,225 [WARNING]       ⚠️ 페이지 3572 처리 중 오류: not enough values to unpack (expected 3, got 0)
2026-04-08 06:46:31,322 [WARNING]       ⚠️ 페이지 3578 처리 중 오류: not enough values to unpack (expected 3, got 0)
2026-04-08 06:46:31,339 [WARNING]       ⚠️ 페이지 3579 처리 중 오류: not enough values to unpack (expected 3, got 0)
2026-04-08 06:46:31,340 [INFO]       ... 3561/6000 페이지 진행 중...
2026-04-08 06:47:02,539 [WARNING]       ⚠️ 페이지 3590 처리 중 오류: not enough values to unpack (expected 3, got 0)
2026-04-08 06:47:02,546 [WARNING]       ⚠️ 페이지 3582 처리 중 오류: not enough values to unpack (expected 3, got 0)
2026-04-08 06:47:02,583 [WARNING]       ⚠️ 페이지 3584 처리 중 오류: not enough values to unpack (expected 3, got 0)
2026-04-08 06:47:02,590 [WARNING]       ⚠️ 페이지 3588 처리 중 오류: not enough values to unpack (expected 3, got 0)
2026-04-08 06:47:02,601 [WARNING]       ⚠️ 페이지 3585 처리 중 오류: not enough values to unpack (expected 3, got 0)
2026-04-08 06:47:02,603 [WARNING]       ⚠️ 페이지 3589 처리 중 오류: not enough values to unpack (expected 3, got 0)
2026-04-08 06:47:02,607 [WARNING]       ⚠️ 페이지 3587 처리 중 오류: not enough values to unpack (expected 3, got 0)
2026-04-08 06:47:02,611 [WARNING]       ⚠️ 페이지 3581 처리 중 오류: not enough values to unpack (expected 3, got 0)
2026-04-08 06:47:02,628 [WARNING]       ⚠️ 페이지 3586 처리 중 오류: not enough values to unpack (expected 3, got 0)
2026-04-08 06:47:02,630 [WARNING]       ⚠️ 페이지 3583 처리 중 오류: not enough values to unpack (expected 3, got 0)
2026-04-08 06:47:33,766 [WARNING]       ⚠️ 페이지 3591 처리 중 오류: not enough values to unpack (expected 3, got 0)
2026-04-08 06:47:33,789 [WARNING]       ⚠️ 페이지 3597 처리 중 오류: not enough values to unpack (expected 3, got 0)
2026-04-08 06:47:33,792 [WARNING]       ⚠️ 페이지 3594 처리 중 오류: not enough values to unpack (expected 3, got 0)
2026-04-08 06:47:33,796 [WARNING]       ⚠️ 페이지 3595 처리 중 오류: not enough values to unpack (expected 3, got 0)
2026-04-08 06:47:33,820 [WARNING]       ⚠️ 페이지 3592 처리 중 오류: not enough values to unpack (expected 3, got 0)
2026-04-08 06:47:33,842 [WARNING]       ⚠️ 페이지 3593 처리 중 오류: not enough values to unpack (expected 3, got 0)
2026-04-08 06:47:33,849 [WARNING]       ⚠️ 페이지 3596 처리 중 오류: not enough values to unpack (expected 3, got 0)
2026-04-08 06:47:33,850 [WARNING]       ⚠️ 페이지 3600 처리 중 오류: not enough values to unpack (expected 3, got 0)
2026-04-08 06:47:33,895 [WARNING]       ⚠️ 페이지 3599 처리 중 오류: not enough values to unpack (expected 3, got 0)
2026-04-08 06:47:33,937 [WARNING]       ⚠️ 페이지 3598 처리 중 오류: not enough values to unpack (expected 3, got 0)
2026-04-08 06:48:05,134 [WARNING]       ⚠️ 페이지 3606 처리 중 오류: not enough values to unpack (expected 3, got 0)
2026-04-08 06:48:05,136 [WARNING]       ⚠️ 페이지 3602 처리 중 오류: not enough values to unpack (expected 3, got 0)
2026-04-08 06:48:05,172 [WARNING]       ⚠️ 페이지 3601 처리 중 오류: not enough values to unpack (expected 3, got 0)
2026-04-08 06:48:05,176 [WARNING]       ⚠️ 페이지 3608 처리 중 오류: not enough values to unpack (expected 3, got 0)
2026-04-08 06:48:05,177 [WARNING]       ⚠️ 페이지 3607 처리 중 오류: not enough values to unpack (expected 3, got 0)
2026-04-08 06:48:05,193 [WARNING]       ⚠️ 페이지 3604 처리 중 오류: not enough values to unpack (expected 3, got 0)
2026-04-08 06:48:05,219 [WARNING]       ⚠️ 페이지 3603 처리 중 오류: not enough values to unpack (expected 3, got 0)
2026-04-08 06:48:05,220 [WARNING]       ⚠️ 페이지 3609 처리 중 오류: not enough values to unpack (expected 3, got 0)
2026-04-08 06:48:05,223 [WARNING]       ⚠️ 페이지 3605 처리 중 오류: not enough values to unpack (expected 3, got 0)
2026-04-08 06:48:05,233 [WARNING]       ⚠️ 페이지 3610 처리 중 오류: not enough values to unpack (expected 3, got 0)
2026-04-08 06:48:36,362 [WARNING]       ⚠️ 페이지 3612 처리 중 오류: not enough values to unpack (expected 3, got 0)
2026-04-08 06:48:36,364 [WARNING]       ⚠️ 페이지 3614 처리 중 오류: not enough values to unpack (expected 3, got 0)
2026-04-08 06:48:36,377 [WARNING]       ⚠️ 페이지 3611 처리 중 오류: not enough values to unpack (expected 3, got 0)
2026-04-08 06:48:36,404 [WARNING]       ⚠️ 페이지 3613 처리 중 오류: not enough values to unpack (expected 3, got 0)
2026-04-08 06:48:36,422 [WARNING]       ⚠️ 페이지 3615 처리 중 오류: not enough values to unpack (expected 3, got 0)
2026-04-08 06:48:36,469 [WARNING]       ⚠️ 페이지 3616 처리 중 오류: not enough values to unpack (expected 3, got 0)
2026-04-08 06:48:36,470 [WARNING]       ⚠️ 페이지 3619 처리 중 오류: not enough values to unpack (expected 3, got 0)
2026-04-08 06:48:36,471 [WARNING]       ⚠️ 페이지 3620 처리 중 오류: not enough values to unpack (expected 3, got 0)
2026-04-08 06:48:36,471 [WARNING]       ⚠️ 페이지 3617 처리 중 오류: not enough values to unpack (expected 3, got 0)
2026-04-08 06:48:36,560 [WARNING]       ⚠️ 페이지 3618 처리 중 오류: not enough values to unpack (expected 3, got 0)
2026-04-08 06:48:36,560 [INFO]       ... 3601/6000 페이지 진행 중...
2026-04-08 06:49:07,758 [WARNING]       ⚠️ 페이지 3627 처리 중 오류: not enough values to unpack (expected 3, got 0)
2026-04-08 06:49:07,765 [WARNING]       ⚠️ 페이지 3625 처리 중 오류: not enough values to unpack (expected 3, got 0)
2026-04-08 06:49:07,825 [WARNING]       ⚠️ 페이지 3626 처리 중 오류: not enough values to unpack (expected 3, got 0)
2026-04-08 06:49:07,834 [WARNING]       ⚠️ 페이지 3621 처리 중 오류: not enough values to unpack (expected 3, got 0)
2026-04-08 06:49:07,838 [WARNING]       ⚠️ 페이지 3628 처리 중 오류: not enough values to unpack (expected 3, got 0)
2026-04-08 06:49:07,845 [WARNING]       ⚠️ 페이지 3624 처리 중 오류: not enough values to unpack (expected 3, got 0)
2026-04-08 06:49:07,848 [WARNING]       ⚠️ 페이지 3630 처리 중 오류: not enough values to unpack (expected 3, got 0)
2026-04-08 06:49:07,858 [WARNING]       ⚠️ 페이지 3629 처리 중 오류: not enough values to unpack (expected 3, got 0)
2026-04-08 06:49:07,871 [WARNING]       ⚠️ 페이지 3623 처리 중 오류: not enough values to unpack (expected 3, got 0)
2026-04-08 06:49:07,874 [WARNING]       ⚠️ 페이지 3622 처리 중 오류: not enough values to unpack (expected 3, got 0)
2026-04-08 06:49:39,021 [WARNING]       ⚠️ 페이지 3633 처리 중 오류: not enough values to unpack (expected 3, got 0)
2026-04-08 06:49:39,023 [WARNING]       ⚠️ 페이지 3637 처리 중 오류: not enough values to unpack (expected 3, got 0)
2026-04-08 06:49:39,031 [WARNING]       ⚠️ 페이지 3636 처리 중 오류: not enough values to unpack (expected 3, got 0)
2026-04-08 06:49:39,039 [WARNING]       ⚠️ 페이지 3634 처리 중 오류: not enough values to unpack (expected 3, got 0)
2026-04-08 06:49:39,045 [WARNING]       ⚠️ 페이지 3632 처리 중 오류: not enough values to unpack (expected 3, got 0)
2026-04-08 06:49:39,061 [WARNING]       ⚠️ 페이지 3639 처리 중 오류: not enough values to unpack (expected 3, got 0)
2026-04-08 06:49:39,079 [WARNING]       ⚠️ 페이지 3631 처리 중 오류: not enough values to unpack (expected 3, got 0)
2026-04-08 06:49:39,087 [WARNING]       ⚠️ 페이지 3635 처리 중 오류: not enough values to unpack (expected 3, got 0)
2026-04-08 06:49:39,185 [WARNING]       ⚠️ 페이지 3638 처리 중 오류: not enough values to unpack (expected 3, got 0)
2026-04-08 06:49:39,217 [WARNING]       ⚠️ 페이지 3640 처리 중 오류: not enough values to unpack (expected 3, got 0)
2026-04-08 06:50:10,413 [WARNING]       ⚠️ 페이지 3646 처리 중 오류: not enough values to unpack (expected 3, got 0)
2026-04-08 06:50:10,435 [WARNING]       ⚠️ 페이지 3649 처리 중 오류: not enough values to unpack (expected 3, got 0)
2026-04-08 06:50:10,458 [WARNING]       ⚠️ 페이지 3650 처리 중 오류: not enough values to unpack (expected 3, got 0)
2026-04-08 06:50:10,471 [WARNING]       ⚠️ 페이지 3641 처리 중 오류: not enough values to unpack (expected 3, got 0)
2026-04-08 06:50:10,472 [WARNING]       ⚠️ 페이지 3645 처리 중 오류: not enough values to unpack (expected 3, got 0)
2026-04-08 06:50:10,474 [WARNING]       ⚠️ 페이지 3648 처리 중 오류: not enough values to unpack (expected 3, got 0)
2026-04-08 06:50:10,500 [WARNING]       ⚠️ 페이지 3647 처리 중 오류: not enough values to unpack (expected 3, got 0)
2026-04-08 06:50:10,505 [WARNING]       ⚠️ 페이지 3642 처리 중 오류: not enough values to unpack (expected 3, got 0)
2026-04-08 06:50:10,515 [WARNING]       ⚠️ 페이지 3643 처리 중 오류: not enough values to unpack (expected 3, got 0)
2026-04-08 06:50:10,520 [WARNING]       ⚠️ 페이지 3644 처리 중 오류: not enough values to unpack (expected 3, got 0)
2026-04-08 06:50:41,665 [WARNING]       ⚠️ 페이지 3653 처리 중 오류: not enough values to unpack (expected 3, got 0)
2026-04-08 06:50:41,682 [WARNING]       ⚠️ 페이지 3655 처리 중 오류: not enough values to unpack (expected 3, got 0)
2026-04-08 06:50:41,692 [WARNING]       ⚠️ 페이지 3652 처리 중 오류: not enough values to unpack (expected 3, got 0)
2026-04-08 06:50:41,697 [WARNING]       ⚠️ 페이지 3656 처리 중 오류: not enough values to unpack (expected 3, got 0)
2026-04-08 06:50:41,748 [WARNING]       ⚠️ 페이지 3660 처리 중 오류: not enough values to unpack (expected 3, got 0)
2026-04-08 06:50:41,761 [WARNING]       ⚠️ 페이지 3651 처리 중 오류: not enough values to unpack (expected 3, got 0)
2026-04-08 06:50:41,767 [WARNING]       ⚠️ 페이지 3654 처리 중 오류: not enough values to unpack (expected 3, got 0)
2026-04-08 06:50:41,784 [WARNING]       ⚠️ 페이지 3659 처리 중 오류: not enough values to unpack (expected 3, got 0)
2026-04-08 06:50:41,798 [WARNING]       ⚠️ 페이지 3657 처리 중 오류: not enough values to unpack (expected 3, got 0)
2026-04-08 06:50:41,868 [WARNING]       ⚠️ 페이지 3658 처리 중 오류: not enough values to unpack (expected 3, got 0)
2026-04-08 06:50:41,868 [INFO]       ... 3641/6000 페이지 진행 중...
2026-04-08 06:51:13,072 [WARNING]       ⚠️ 페이지 3666 처리 중 오류: not enough values to unpack (expected 3, got 0)
2026-04-08 06:51:13,076 [WARNING]       ⚠️ 페이지 3662 처리 중 오류: not enough values to unpack (expected 3, got 0)
2026-04-08 06:51:13,130 [WARNING]       ⚠️ 페이지 3668 처리 중 오류: not enough values to unpack (expected 3, got 0)
2026-04-08 06:51:13,137 [WARNING]       ⚠️ 페이지 3670 처리 중 오류: not enough values to unpack (expected 3, got 0)
2026-04-08 06:51:13,145 [WARNING]       ⚠️ 페이지 3667 처리 중 오류: not enough values to unpack (expected 3, got 0)
2026-04-08 06:51:13,149 [WARNING]       ⚠️ 페이지 3661 처리 중 오류: not enough values to unpack (expected 3, got 0)
2026-04-08 06:51:13,157 [WARNING]       ⚠️ 페이지 3663 처리 중 오류: not enough values to unpack (expected 3, got 0)
2026-04-08 06:51:13,161 [WARNING]       ⚠️ 페이지 3665 처리 중 오류: not enough values to unpack (expected 3, got 0)
2026-04-08 06:51:13,174 [WARNING]       ⚠️ 페이지 3669 처리 중 오류: not enough values to unpack (expected 3, got 0)
2026-04-08 06:51:13,185 [WARNING]       ⚠️ 페이지 3664 처리 중 오류: not enough values to unpack (expected 3, got 0)
2026-04-08 06:51:44,324 [WARNING]       ⚠️ 페이지 3673 처리 중 오류: not enough values to unpack (expected 3, got 0)
2026-04-08 06:51:44,351 [WARNING]       ⚠️ 페이지 3672 처리 중 오류: not enough values to unpack (expected 3, got 0)
2026-04-08 06:51:44,361 [WARNING]       ⚠️ 페이지 3671 처리 중 오류: not enough values to unpack (expected 3, got 0)
2026-04-08 06:51:44,364 [WARNING]       ⚠️ 페이지 3676 처리 중 오류: not enough values to unpack (expected 3, got 0)
2026-04-08 06:51:44,397 [WARNING]       ⚠️ 페이지 3678 처리 중 오류: not enough values to unpack (expected 3, got 0)
2026-04-08 06:51:44,404 [WARNING]       ⚠️ 페이지 3680 처리 중 오류: not enough values to unpack (expected 3, got 0)
2026-04-08 06:51:44,415 [WARNING]       ⚠️ 페이지 3675 처리 중 오류: not enough values to unpack (expected 3, got 0)
2026-04-08 06:51:44,430 [WARNING]       ⚠️ 페이지 3674 처리 중 오류: not enough values to unpack (expected 3, got 0)
2026-04-08 06:51:44,449 [WARNING]       ⚠️ 페이지 3677 처리 중 오류: not enough values to unpack (expected 3, got 0)
2026-04-08 06:51:44,527 [WARNING]       ⚠️ 페이지 3679 처리 중 오류: not enough values to unpack (expected 3, got 0)
2026-04-08 06:52:15,726 [WARNING]       ⚠️ 페이지 3682 처리 중 오류: not enough values to unpack (expected 3, got 0)
2026-04-08 06:52:15,742 [WARNING]       ⚠️ 페이지 3688 처리 중 오류: not enough values to unpack (expected 3, got 0)
2026-04-08 06:52:15,774 [WARNING]       ⚠️ 페이지 3686 처리 중 오류: not enough values to unpack (expected 3, got 0)
2026-04-08 06:52:15,783 [WARNING]       ⚠️ 페이지 3690 처리 중 오류: not enough values to unpack (expected 3, got 0)
2026-04-08 06:52:15,784 [WARNING]       ⚠️ 페이지 3685 처리 중 오류: not enough values to unpack (expected 3, got 0)
2026-04-08 06:52:15,801 [WARNING]       ⚠️ 페이지 3687 처리 중 오류: not enough values to unpack (expected 3, got 0)
2026-04-08 06:52:15,806 [WARNING]       ⚠️ 페이지 3684 처리 중 오류: not enough values to unpack (expected 3, got 0)
2026-04-08 06:52:15,817 [WARNING]       ⚠️ 페이지 3689 처리 중 오류: not enough values to unpack (expected 3, got 0)
2026-04-08 06:52:15,819 [WARNING]       ⚠️ 페이지 3683 처리 중 오류: not enough values to unpack (expected 3, got 0)
2026-04-08 06:52:15,822 [WARNING]       ⚠️ 페이지 3681 처리 중 오류: not enough values to unpack (expected 3, got 0)
2026-04-08 06:52:47,001 [WARNING]       ⚠️ 페이지 3692 처리 중 오류: not enough values to unpack (expected 3, got 0)
2026-04-08 06:52:47,007 [WARNING]       ⚠️ 페이지 3691 처리 중 오류: not enough values to unpack (expected 3, got 0)
2026-04-08 06:52:47,010 [WARNING]       ⚠️ 페이지 3697 처리 중 오류: not enough values to unpack (expected 3, got 0)
2026-04-08 06:52:47,012 [WARNING]       ⚠️ 페이지 3698 처리 중 오류: not enough values to unpack (expected 3, got 0)
2026-04-08 06:52:47,012 [WARNING]       ⚠️ 페이지 3695 처리 중 오류: not enough values to unpack (expected 3, got 0)
2026-04-08 06:52:47,012 [WARNING]       ⚠️ 페이지 3694 처리 중 오류: not enough values to unpack (expected 3, got 0)
2026-04-08 06:52:47,030 [WARNING]       ⚠️ 페이지 3696 처리 중 오류: not enough values to unpack (expected 3, got 0)
2026-04-08 06:52:47,045 [WARNING]       ⚠️ 페이지 3699 처리 중 오류: not enough values to unpack (expected 3, got 0)
2026-04-08 06:52:47,160 [WARNING]       ⚠️ 페이지 3693 처리 중 오류: not enough values to unpack (expected 3, got 0)
2026-04-08 06:52:47,186 [WARNING]       ⚠️ 페이지 3700 처리 중 오류: not enough values to unpack (expected 3, got 0)
2026-04-08 06:52:47,186 [INFO]       ... 3681/6000 페이지 진행 중...
2026-04-08 06:53:18,389 [WARNING]       ⚠️ 페이지 3707 처리 중 오류: not enough values to unpack (expected 3, got 0)
2026-04-08 06:53:18,412 [WARNING]       ⚠️ 페이지 3703 처리 중 오류: not enough values to unpack (expected 3, got 0)
2026-04-08 06:53:18,430 [WARNING]       ⚠️ 페이지 3708 처리 중 오류: not enough values to unpack (expected 3, got 0)
2026-04-08 06:53:18,431 [WARNING]       ⚠️ 페이지 3704 처리 중 오류: not enough values to unpack (expected 3, got 0)
2026-04-08 06:53:18,445 [WARNING]       ⚠️ 페이지 3710 처리 중 오류: not enough values to unpack (expected 3, got 0)
2026-04-08 06:53:18,446 [WARNING]       ⚠️ 페이지 3705 처리 중 오류: not enough values to unpack (expected 3, got 0)
2026-04-08 06:53:18,463 [WARNING]       ⚠️ 페이지 3701 처리 중 오류: not enough values to unpack (expected 3, got 0)
2026-04-08 06:53:18,478 [WARNING]       ⚠️ 페이지 3709 처리 중 오류: not enough values to unpack (expected 3, got 0)
2026-04-08 06:53:18,484 [WARNING]       ⚠️ 페이지 3706 처리 중 오류: not enough values to unpack (expected 3, got 0)
2026-04-08 06:53:18,486 [WARNING]       ⚠️ 페이지 3702 처리 중 오류: not enough values to unpack (expected 3, got 0)
2026-04-08 06:53:49,647 [WARNING]       ⚠️ 페이지 3716 처리 중 오류: not enough values to unpack (expected 3, got 0)
2026-04-08 06:53:49,648 [WARNING]       ⚠️ 페이지 3717 처리 중 오류: not enough values to unpack (expected 3, got 0)
2026-04-08 06:53:49,651 [WARNING]       ⚠️ 페이지 3715 처리 중 오류: not enough values to unpack (expected 3, got 0)
2026-04-08 06:53:49,661 [WARNING]       ⚠️ 페이지 3719 처리 중 오류: not enough values to unpack (expected 3, got 0)
2026-04-08 06:53:49,681 [WARNING]       ⚠️ 페이지 3718 처리 중 오류: not enough values to unpack (expected 3, got 0)
2026-04-08 06:53:49,705 [WARNING]       ⚠️ 페이지 3720 처리 중 오류: not enough values to unpack (expected 3, got 0)
2026-04-08 06:53:49,705 [WARNING]       ⚠️ 페이지 3711 처리 중 오류: not enough values to unpack (expected 3, got 0)
2026-04-08 06:53:49,719 [WARNING]       ⚠️ 페이지 3712 처리 중 오류: not enough values to unpack (expected 3, got 0)
2026-04-08 06:53:49,745 [WARNING]       ⚠️ 페이지 3713 처리 중 오류: not enough values to unpack (expected 3, got 0)
2026-04-08 06:53:49,747 [WARNING]       ⚠️ 페이지 3714 처리 중 오류: not enough values to unpack (expected 3, got 0)
2026-04-08 06:54:20,931 [WARNING]       ⚠️ 페이지 3721 처리 중 오류: not enough values to unpack (expected 3, got 0)
2026-04-08 06:54:20,949 [WARNING]       ⚠️ 페이지 3727 처리 중 오류: not enough values to unpack (expected 3, got 0)
2026-04-08 06:54:20,991 [WARNING]       ⚠️ 페이지 3722 처리 중 오류: not enough values to unpack (expected 3, got 0)
2026-04-08 06:54:20,994 [WARNING]       ⚠️ 페이지 3725 처리 중 오류: not enough values to unpack (expected 3, got 0)
2026-04-08 06:54:20,997 [WARNING]       ⚠️ 페이지 3726 처리 중 오류: not enough values to unpack (expected 3, got 0)
2026-04-08 06:54:21,012 [WARNING]       ⚠️ 페이지 3728 처리 중 오류: not enough values to unpack (expected 3, got 0)
2026-04-08 06:54:21,031 [WARNING]       ⚠️ 페이지 3729 처리 중 오류: not enough values to unpack (expected 3, got 0)
2026-04-08 06:54:21,032 [WARNING]       ⚠️ 페이지 3730 처리 중 오류: not enough values to unpack (expected 3, got 0)
2026-04-08 06:54:21,035 [WARNING]       ⚠️ 페이지 3723 처리 중 오류: not enough values to unpack (expected 3, got 0)
2026-04-08 06:54:21,044 [WARNING]       ⚠️ 페이지 3724 처리 중 오류: not enough values to unpack (expected 3, got 0)
2026-04-08 06:54:52,172 [WARNING]       ⚠️ 페이지 3735 처리 중 오류: not enough values to unpack (expected 3, got 0)
2026-04-08 06:54:52,185 [WARNING]       ⚠️ 페이지 3734 처리 중 오류: not enough values to unpack (expected 3, got 0)
2026-04-08 06:54:52,196 [WARNING]       ⚠️ 페이지 3731 처리 중 오류: not enough values to unpack (expected 3, got 0)
2026-04-08 06:54:52,196 [WARNING]       ⚠️ 페이지 3733 처리 중 오류: not enough values to unpack (expected 3, got 0)
2026-04-08 06:54:52,213 [WARNING]       ⚠️ 페이지 3732 처리 중 오류: not enough values to unpack (expected 3, got 0)
2026-04-08 06:54:52,261 [WARNING]       ⚠️ 페이지 3739 처리 중 오류: not enough values to unpack (expected 3, got 0)
2026-04-08 06:54:52,269 [WARNING]       ⚠️ 페이지 3740 처리 중 오류: not enough values to unpack (expected 3, got 0)
2026-04-08 06:54:52,271 [WARNING]       ⚠️ 페이지 3736 처리 중 오류: not enough values to unpack (expected 3, got 0)
2026-04-08 06:54:52,273 [WARNING]       ⚠️ 페이지 3737 처리 중 오류: not enough values to unpack (expected 3, got 0)
2026-04-08 06:54:52,340 [WARNING]       ⚠️ 페이지 3738 처리 중 오류: not enough values to unpack (expected 3, got 0)
2026-04-08 06:54:52,340 [INFO]       ... 3721/6000 페이지 진행 중...
2026-04-08 06:55:23,520 [WARNING]       ⚠️ 페이지 3748 처리 중 오류: not enough values to unpack (expected 3, got 0)
2026-04-08 06:55:23,522 [WARNING]       ⚠️ 페이지 3743 처리 중 오류: not enough values to unpack (expected 3, got 0)
2026-04-08 06:55:23,568 [WARNING]       ⚠️ 페이지 3750 처리 중 오류: not enough values to unpack (expected 3, got 0)
2026-04-08 06:55:23,570 [WARNING]       ⚠️ 페이지 3741 처리 중 오류: not enough values to unpack (expected 3, got 0)
2026-04-08 06:55:23,580 [WARNING]       ⚠️ 페이지 3742 처리 중 오류: not enough values to unpack (expected 3, got 0)
2026-04-08 06:55:23,580 [WARNING]       ⚠️ 페이지 3747 처리 중 오류: not enough values to unpack (expected 3, got 0)
2026-04-08 06:55:23,608 [WARNING]       ⚠️ 페이지 3745 처리 중 오류: not enough values to unpack (expected 3, got 0)
2026-04-08 06:55:23,610 [WARNING]       ⚠️ 페이지 3744 처리 중 오류: not enough values to unpack (expected 3, got 0)
2026-04-08 06:55:23,611 [WARNING]       ⚠️ 페이지 3746 처리 중 오류: not enough values to unpack (expected 3, got 0)
2026-04-08 06:55:23,625 [WARNING]       ⚠️ 페이지 3749 처리 중 오류: not enough values to unpack (expected 3, got 0)
2026-04-08 06:55:54,752 [WARNING]       ⚠️ 페이지 3756 처리 중 오류: not enough values to unpack (expected 3, got 0)
2026-04-08 06:55:54,771 [WARNING]       ⚠️ 페이지 3753 처리 중 오류: not enough values to unpack (expected 3, got 0)
2026-04-08 06:55:54,771 [WARNING]       ⚠️ 페이지 3754 처리 중 오류: not enough values to unpack (expected 3, got 0)
2026-04-08 06:55:54,775 [WARNING]       ⚠️ 페이지 3755 처리 중 오류: not enough values to unpack (expected 3, got 0)
2026-04-08 06:55:54,812 [WARNING]       ⚠️ 페이지 3758 처리 중 오류: not enough values to unpack (expected 3, got 0)
2026-04-08 06:55:54,840 [WARNING]       ⚠️ 페이지 3751 처리 중 오류: not enough values to unpack (expected 3, got 0)
2026-04-08 06:55:54,848 [WARNING]       ⚠️ 페이지 3752 처리 중 오류: not enough values to unpack (expected 3, got 0)
2026-04-08 06:55:54,848 [WARNING]       ⚠️ 페이지 3757 처리 중 오류: not enough values to unpack (expected 3, got 0)
2026-04-08 06:55:54,934 [WARNING]       ⚠️ 페이지 3759 처리 중 오류: not enough values to unpack (expected 3, got 0)
2026-04-08 06:55:54,960 [WARNING]       ⚠️ 페이지 3760 처리 중 오류: not enough values to unpack (expected 3, got 0)
2026-04-08 06:56:26,147 [WARNING]       ⚠️ 페이지 3767 처리 중 오류: not enough values to unpack (expected 3, got 0)
2026-04-08 06:56:26,182 [WARNING]       ⚠️ 페이지 3768 처리 중 오류: not enough values to unpack (expected 3, got 0)
2026-04-08 06:56:26,197 [WARNING]       ⚠️ 페이지 3763 처리 중 오류: not enough values to unpack (expected 3, got 0)
2026-04-08 06:56:26,205 [WARNING]       ⚠️ 페이지 3769 처리 중 오류: not enough values to unpack (expected 3, got 0)
2026-04-08 06:56:26,211 [WARNING]       ⚠️ 페이지 3770 처리 중 오류: not enough values to unpack (expected 3, got 0)
2026-04-08 06:56:26,212 [WARNING]       ⚠️ 페이지 3766 처리 중 오류: not enough values to unpack (expected 3, got 0)
2026-04-08 06:56:26,233 [WARNING]       ⚠️ 페이지 3765 처리 중 오류: not enough values to unpack (expected 3, got 0)
2026-04-08 06:56:26,239 [WARNING]       ⚠️ 페이지 3764 처리 중 오류: not enough values to unpack (expected 3, got 0)
2026-04-08 06:56:26,239 [WARNING]       ⚠️ 페이지 3762 처리 중 오류: not enough values to unpack (expected 3, got 0)
2026-04-08 06:56:26,255 [WARNING]       ⚠️ 페이지 3761 처리 중 오류: not enough values to unpack (expected 3, got 0)
2026-04-08 06:56:57,411 [WARNING]       ⚠️ 페이지 3775 처리 중 오류: not enough values to unpack (expected 3, got 0)
2026-04-08 06:56:57,415 [WARNING]       ⚠️ 페이지 3779 처리 중 오류: not enough values to unpack (expected 3, got 0)
2026-04-08 06:56:57,424 [WARNING]       ⚠️ 페이지 3776 처리 중 오류: not enough values to unpack (expected 3, got 0)
2026-04-08 06:56:57,427 [WARNING]       ⚠️ 페이지 3778 처리 중 오류: not enough values to unpack (expected 3, got 0)
2026-04-08 06:56:57,428 [WARNING]       ⚠️ 페이지 3772 처리 중 오류: not enough values to unpack (expected 3, got 0)
2026-04-08 06:56:57,429 [WARNING]       ⚠️ 페이지 3774 처리 중 오류: not enough values to unpack (expected 3, got 0)
2026-04-08 06:56:57,466 [WARNING]       ⚠️ 페이지 3771 처리 중 오류: not enough values to unpack (expected 3, got 0)
2026-04-08 06:56:57,470 [WARNING]       ⚠️ 페이지 3773 처리 중 오류: not enough values to unpack (expected 3, got 0)
2026-04-08 06:56:57,509 [WARNING]       ⚠️ 페이지 3777 처리 중 오류: not enough values to unpack (expected 3, got 0)
2026-04-08 06:56:57,580 [WARNING]       ⚠️ 페이지 3780 처리 중 오류: not enough values to unpack (expected 3, got 0)
2026-04-08 06:56:57,581 [INFO]       ... 3761/6000 페이지 진행 중...
2026-04-08 06:57:28,764 [WARNING]       ⚠️ 페이지 3788 처리 중 오류: not enough values to unpack (expected 3, got 0)
2026-04-08 06:57:28,768 [WARNING]       ⚠️ 페이지 3782 처리 중 오류: not enough values to unpack (expected 3, got 0)
2026-04-08 06:57:28,810 [WARNING]       ⚠️ 페이지 3789 처리 중 오류: not enough values to unpack (expected 3, got 0)
2026-04-08 06:57:28,818 [WARNING]       ⚠️ 페이지 3787 처리 중 오류: not enough values to unpack (expected 3, got 0)
2026-04-08 06:57:28,821 [WARNING]       ⚠️ 페이지 3790 처리 중 오류: not enough values to unpack (expected 3, got 0)
2026-04-08 06:57:28,835 [WARNING]       ⚠️ 페이지 3785 처리 중 오류: not enough values to unpack (expected 3, got 0)
2026-04-08 06:57:28,849 [WARNING]       ⚠️ 페이지 3783 처리 중 오류: not enough values to unpack (expected 3, got 0)
2026-04-08 06:57:28,852 [WARNING]       ⚠️ 페이지 3781 처리 중 오류: not enough values to unpack (expected 3, got 0)
2026-04-08 06:57:28,854 [WARNING]       ⚠️ 페이지 3784 처리 중 오류: not enough values to unpack (expected 3, got 0)
2026-04-08 06:57:28,865 [WARNING]       ⚠️ 페이지 3786 처리 중 오류: not enough values to unpack (expected 3, got 0)
2026-04-08 06:58:00,008 [WARNING]       ⚠️ 페이지 3799 처리 중 오류: not enough values to unpack (expected 3, got 0)
2026-04-08 06:58:00,009 [WARNING]       ⚠️ 페이지 3794 처리 중 오류: not enough values to unpack (expected 3, got 0)
2026-04-08 06:58:00,009 [WARNING]       ⚠️ 페이지 3795 처리 중 오류: not enough values to unpack (expected 3, got 0)
2026-04-08 06:58:00,019 [WARNING]       ⚠️ 페이지 3796 처리 중 오류: not enough values to unpack (expected 3, got 0)
2026-04-08 06:58:00,040 [WARNING]       ⚠️ 페이지 3791 처리 중 오류: not enough values to unpack (expected 3, got 0)
2026-04-08 06:58:00,043 [WARNING]       ⚠️ 페이지 3798 처리 중 오류: not enough values to unpack (expected 3, got 0)
2026-04-08 06:58:00,060 [WARNING]       ⚠️ 페이지 3797 처리 중 오류: not enough values to unpack (expected 3, got 0)
2026-04-08 06:58:00,068 [WARNING]       ⚠️ 페이지 3792 처리 중 오류: not enough values to unpack (expected 3, got 0)
2026-04-08 06:58:00,113 [WARNING]       ⚠️ 페이지 3793 처리 중 오류: not enough values to unpack (expected 3, got 0)
2026-04-08 06:58:00,180 [WARNING]       ⚠️ 페이지 3800 처리 중 오류: not enough values to unpack (expected 3, got 0)
2026-04-08 06:58:31,355 [WARNING]       ⚠️ 페이지 3802 처리 중 오류: not enough values to unpack (expected 3, got 0)
2026-04-08 06:58:31,372 [WARNING]       ⚠️ 페이지 3805 처리 중 오류: not enough values to unpack (expected 3, got 0)
2026-04-08 06:58:31,419 [WARNING]       ⚠️ 페이지 3809 처리 중 오류: not enough values to unpack (expected 3, got 0)
2026-04-08 06:58:31,422 [WARNING]       ⚠️ 페이지 3806 처리 중 오류: not enough values to unpack (expected 3, got 0)
2026-04-08 06:58:31,436 [WARNING]       ⚠️ 페이지 3810 처리 중 오류: not enough values to unpack (expected 3, got 0)
2026-04-08 06:58:31,439 [WARNING]       ⚠️ 페이지 3807 처리 중 오류: not enough values to unpack (expected 3, got 0)
2026-04-08 06:58:31,451 [WARNING]       ⚠️ 페이지 3801 처리 중 오류: not enough values to unpack (expected 3, got 0)
2026-04-08 06:58:31,456 [WARNING]       ⚠️ 페이지 3808 처리 중 오류: not enough values to unpack (expected 3, got 0)
2026-04-08 06:58:31,459 [WARNING]       ⚠️ 페이지 3804 처리 중 오류: not enough values to unpack (expected 3, got 0)
2026-04-08 06:58:31,470 [WARNING]       ⚠️ 페이지 3803 처리 중 오류: not enough values to unpack (expected 3, got 0)
2026-04-08 06:59:02,605 [WARNING]       ⚠️ 페이지 3812 처리 중 오류: not enough values to unpack (expected 3, got 0)
2026-04-08 06:59:02,618 [WARNING]       ⚠️ 페이지 3815 처리 중 오류: not enough values to unpack (expected 3, got 0)
2026-04-08 06:59:02,632 [WARNING]       ⚠️ 페이지 3814 처리 중 오류: not enough values to unpack (expected 3, got 0)
2026-04-08 06:59:02,638 [WARNING]       ⚠️ 페이지 3811 처리 중 오류: not enough values to unpack (expected 3, got 0)
2026-04-08 06:59:02,646 [WARNING]       ⚠️ 페이지 3813 처리 중 오류: not enough values to unpack (expected 3, got 0)
2026-04-08 06:59:02,676 [WARNING]       ⚠️ 페이지 3820 처리 중 오류: not enough values to unpack (expected 3, got 0)
2026-04-08 06:59:02,692 [WARNING]       ⚠️ 페이지 3817 처리 중 오류: not enough values to unpack (expected 3, got 0)
2026-04-08 06:59:02,701 [WARNING]       ⚠️ 페이지 3819 처리 중 오류: not enough values to unpack (expected 3, got 0)
2026-04-08 06:59:02,759 [WARNING]       ⚠️ 페이지 3816 처리 중 오류: not enough values to unpack (expected 3, got 0)
2026-04-08 06:59:02,780 [WARNING]       ⚠️ 페이지 3818 처리 중 오류: not enough values to unpack (expected 3, got 0)
2026-04-08 06:59:02,780 [INFO]       ... 3801/6000 페이지 진행 중...
2026-04-08 06:59:33,960 [WARNING]       ⚠️ 페이지 3827 처리 중 오류: not enough values to unpack (expected 3, got 0)
2026-04-08 06:59:33,983 [WARNING]       ⚠️ 페이지 3828 처리 중 오류: not enough values to unpack (expected 3, got 0)
2026-04-08 06:59:34,008 [WARNING]       ⚠️ 페이지 3825 처리 중 오류: not enough values to unpack (expected 3, got 0)
2026-04-08 06:59:34,013 [WARNING]       ⚠️ 페이지 3821 처리 중 오류: not enough values to unpack (expected 3, got 0)
2026-04-08 06:59:34,015 [WARNING]       ⚠️ 페이지 3829 처리 중 오류: not enough values to unpack (expected 3, got 0)
2026-04-08 06:59:34,028 [WARNING]       ⚠️ 페이지 3826 처리 중 오류: not enough values to unpack (expected 3, got 0)
2026-04-08 06:59:34,047 [WARNING]       ⚠️ 페이지 3824 처리 중 오류: not enough values to unpack (expected 3, got 0)
2026-04-08 06:59:34,054 [WARNING]       ⚠️ 페이지 3823 처리 중 오류: not enough values to unpack (expected 3, got 0)
2026-04-08 06:59:34,061 [WARNING]       ⚠️ 페이지 3822 처리 중 오류: not enough values to unpack (expected 3, got 0)
2026-04-08 06:59:34,078 [WARNING]       ⚠️ 페이지 3830 처리 중 오류: not enough values to unpack (expected 3, got 0)
2026-04-08 07:00:05,207 [WARNING]       ⚠️ 페이지 3833 처리 중 오류: not enough values to unpack (expected 3, got 0)
2026-04-08 07:00:05,208 [WARNING]       ⚠️ 페이지 3836 처리 중 오류: not enough values to unpack (expected 3, got 0)
2026-04-08 07:00:05,214 [WARNING]       ⚠️ 페이지 3832 처리 중 오류: not enough values to unpack (expected 3, got 0)
2026-04-08 07:00:05,226 [WARNING]       ⚠️ 페이지 3831 처리 중 오류: not enough values to unpack (expected 3, got 0)
2026-04-08 07:00:05,244 [WARNING]       ⚠️ 페이지 3834 처리 중 오류: not enough values to unpack (expected 3, got 0)
2026-04-08 07:00:05,282 [WARNING]       ⚠️ 페이지 3837 처리 중 오류: not enough values to unpack (expected 3, got 0)
2026-04-08 07:00:05,293 [WARNING]       ⚠️ 페이지 3838 처리 중 오류: not enough values to unpack (expected 3, got 0)
2026-04-08 07:00:05,298 [WARNING]       ⚠️ 페이지 3835 처리 중 오류: not enough values to unpack (expected 3, got 0)
2026-04-08 07:00:05,323 [WARNING]       ⚠️ 페이지 3839 처리 중 오류: not enough values to unpack (expected 3, got 0)
2026-04-08 07:00:05,399 [WARNING]       ⚠️ 페이지 3840 처리 중 오류: not enough values to unpack (expected 3, got 0)
2026-04-08 07:00:36,597 [WARNING]       ⚠️ 페이지 3850 처리 중 오류: not enough values to unpack (expected 3, got 0)
2026-04-08 07:00:36,654 [WARNING]       ⚠️ 페이지 3849 처리 중 오류: not enough values to unpack (expected 3, got 0)
2026-04-08 07:00:36,674 [WARNING]       ⚠️ 페이지 3848 처리 중 오류: not enough values to unpack (expected 3, got 0)
2026-04-08 07:00:36,674 [WARNING]       ⚠️ 페이지 3847 처리 중 오류: not enough values to unpack (expected 3, got 0)
2026-04-08 07:00:36,676 [WARNING]       ⚠️ 페이지 3844 처리 중 오류: not enough values to unpack (expected 3, got 0)
2026-04-08 07:00:36,677 [WARNING]       ⚠️ 페이지 3843 처리 중 오류: not enough values to unpack (expected 3, got 0)
2026-04-08 07:00:36,694 [WARNING]       ⚠️ 페이지 3842 처리 중 오류: not enough values to unpack (expected 3, got 0)
2026-04-08 07:00:36,697 [WARNING]       ⚠️ 페이지 3846 처리 중 오류: not enough values to unpack (expected 3, got 0)
2026-04-08 07:00:36,701 [WARNING]       ⚠️ 페이지 3845 처리 중 오류: not enough values to unpack (expected 3, got 0)
2026-04-08 07:00:36,706 [WARNING]       ⚠️ 페이지 3841 처리 중 오류: not enough values to unpack (expected 3, got 0)
2026-04-08 07:01:07,862 [WARNING]       ⚠️ 페이지 3853 처리 중 오류: not enough values to unpack (expected 3, got 0)
2026-04-08 07:01:07,866 [WARNING]       ⚠️ 페이지 3851 처리 중 오류: not enough values to unpack (expected 3, got 0)
2026-04-08 07:01:07,880 [WARNING]       ⚠️ 페이지 3852 처리 중 오류: not enough values to unpack (expected 3, got 0)
2026-04-08 07:01:07,882 [WARNING]       ⚠️ 페이지 3860 처리 중 오류: not enough values to unpack (expected 3, got 0)
2026-04-08 07:01:07,885 [WARNING]       ⚠️ 페이지 3857 처리 중 오류: not enough values to unpack (expected 3, got 0)
2026-04-08 07:01:07,896 [WARNING]       ⚠️ 페이지 3854 처리 중 오류: not enough values to unpack (expected 3, got 0)
2026-04-08 07:01:07,926 [WARNING]       ⚠️ 페이지 3858 처리 중 오류: not enough values to unpack (expected 3, got 0)
2026-04-08 07:01:07,958 [WARNING]       ⚠️ 페이지 3855 처리 중 오류: not enough values to unpack (expected 3, got 0)
2026-04-08 07:01:07,966 [WARNING]       ⚠️ 페이지 3856 처리 중 오류: not enough values to unpack (expected 3, got 0)
2026-04-08 07:01:08,172 [WARNING]       ⚠️ 페이지 3859 처리 중 오류: not enough values to unpack (expected 3, got 0)
2026-04-08 07:01:08,173 [INFO]       ... 3841/6000 페이지 진행 중...
2026-04-08 07:01:39,348 [WARNING]       ⚠️ 페이지 3870 처리 중 오류: not enough values to unpack (expected 3, got 0)
2026-04-08 07:01:39,363 [WARNING]       ⚠️ 페이지 3862 처리 중 오류: not enough values to unpack (expected 3, got 0)
2026-04-08 07:01:39,403 [WARNING]       ⚠️ 페이지 3868 처리 중 오류: not enough values to unpack (expected 3, got 0)
2026-04-08 07:01:39,405 [WARNING]       ⚠️ 페이지 3865 처리 중 오류: not enough values to unpack (expected 3, got 0)
2026-04-08 07:01:39,408 [WARNING]       ⚠️ 페이지 3866 처리 중 오류: not enough values to unpack (expected 3, got 0)
2026-04-08 07:01:39,424 [WARNING]       ⚠️ 페이지 3869 처리 중 오류: not enough values to unpack (expected 3, got 0)
2026-04-08 07:01:39,435 [WARNING]       ⚠️ 페이지 3864 처리 중 오류: not enough values to unpack (expected 3, got 0)
2026-04-08 07:01:39,448 [WARNING]       ⚠️ 페이지 3867 처리 중 오류: not enough values to unpack (expected 3, got 0)
2026-04-08 07:01:39,451 [WARNING]       ⚠️ 페이지 3861 처리 중 오류: not enough values to unpack (expected 3, got 0)
2026-04-08 07:01:39,453 [WARNING]       ⚠️ 페이지 3863 처리 중 오류: not enough values to unpack (expected 3, got 0)
2026-04-08 07:02:10,596 [WARNING]       ⚠️ 페이지 3873 처리 중 오류: not enough values to unpack (expected 3, got 0)
2026-04-08 07:02:10,605 [WARNING]       ⚠️ 페이지 3872 처리 중 오류: not enough values to unpack (expected 3, got 0)
2026-04-08 07:02:10,620 [WARNING]       ⚠️ 페이지 3875 처리 중 오류: not enough values to unpack (expected 3, got 0)
2026-04-08 07:02:10,632 [WARNING]       ⚠️ 페이지 3871 처리 중 오류: not enough values to unpack (expected 3, got 0)
2026-04-08 07:02:10,646 [WARNING]       ⚠️ 페이지 3874 처리 중 오류: not enough values to unpack (expected 3, got 0)
2026-04-08 07:02:10,684 [WARNING]       ⚠️ 페이지 3877 처리 중 오류: not enough values to unpack (expected 3, got 0)
2026-04-08 07:02:10,690 [WARNING]       ⚠️ 페이지 3876 처리 중 오류: not enough values to unpack (expected 3, got 0)
2026-04-08 07:02:10,730 [WARNING]       ⚠️ 페이지 3880 처리 중 오류: not enough values to unpack (expected 3, got 0)
2026-04-08 07:02:10,735 [WARNING]       ⚠️ 페이지 3879 처리 중 오류: not enough values to unpack (expected 3, got 0)
2026-04-08 07:02:10,798 [WARNING]       ⚠️ 페이지 3878 처리 중 오류: not enough values to unpack (expected 3, got 0)
2026-04-08 07:02:42,000 [WARNING]       ⚠️ 페이지 3890 처리 중 오류: not enough values to unpack (expected 3, got 0)
2026-04-08 07:02:42,011 [WARNING]       ⚠️ 페이지 3883 처리 중 오류: not enough values to unpack (expected 3, got 0)
2026-04-08 07:02:42,045 [WARNING]       ⚠️ 페이지 3889 처리 중 오류: not enough values to unpack (expected 3, got 0)
2026-04-08 07:02:42,047 [WARNING]       ⚠️ 페이지 3888 처리 중 오류: not enough values to unpack (expected 3, got 0)
2026-04-08 07:02:42,063 [WARNING]       ⚠️ 페이지 3886 처리 중 오류: not enough values to unpack (expected 3, got 0)
2026-04-08 07:02:42,072 [WARNING]       ⚠️ 페이지 3884 처리 중 오류: not enough values to unpack (expected 3, got 0)
2026-04-08 07:02:42,090 [WARNING]       ⚠️ 페이지 3887 처리 중 오류: not enough values to unpack (expected 3, got 0)
2026-04-08 07:02:42,098 [WARNING]       ⚠️ 페이지 3885 처리 중 오류: not enough values to unpack (expected 3, got 0)
2026-04-08 07:02:42,103 [WARNING]       ⚠️ 페이지 3882 처리 중 오류: not enough values to unpack (expected 3, got 0)
2026-04-08 07:02:42,108 [WARNING]       ⚠️ 페이지 3881 처리 중 오류: not enough values to unpack (expected 3, got 0)
2026-04-08 07:03:13,261 [WARNING]       ⚠️ 페이지 3892 처리 중 오류: not enough values to unpack (expected 3, got 0)
2026-04-08 07:03:13,270 [WARNING]       ⚠️ 페이지 3895 처리 중 오류: not enough values to unpack (expected 3, got 0)
2026-04-08 07:03:13,271 [WARNING]       ⚠️ 페이지 3894 처리 중 오류: not enough values to unpack (expected 3, got 0)
2026-04-08 07:03:13,286 [WARNING]       ⚠️ 페이지 3893 처리 중 오류: not enough values to unpack (expected 3, got 0)
2026-04-08 07:03:13,310 [WARNING]       ⚠️ 페이지 3891 처리 중 오류: not enough values to unpack (expected 3, got 0)
2026-04-08 07:03:13,336 [WARNING]       ⚠️ 페이지 3896 처리 중 오류: not enough values to unpack (expected 3, got 0)
2026-04-08 07:03:13,344 [WARNING]       ⚠️ 페이지 3898 처리 중 오류: not enough values to unpack (expected 3, got 0)
2026-04-08 07:03:13,370 [WARNING]       ⚠️ 페이지 3897 처리 중 오류: not enough values to unpack (expected 3, got 0)
2026-04-08 07:03:13,379 [WARNING]       ⚠️ 페이지 3900 처리 중 오류: not enough values to unpack (expected 3, got 0)
2026-04-08 07:03:13,431 [WARNING]       ⚠️ 페이지 3899 처리 중 오류: not enough values to unpack (expected 3, got 0)
2026-04-08 07:03:13,432 [INFO]       ... 3881/6000 페이지 진행 중...
2026-04-08 07:03:44,624 [WARNING]       ⚠️ 페이지 3906 처리 중 오류: not enough values to unpack (expected 3, got 0)
2026-04-08 07:03:44,628 [WARNING]       ⚠️ 페이지 3908 처리 중 오류: not enough values to unpack (expected 3, got 0)
2026-04-08 07:03:44,676 [WARNING]       ⚠️ 페이지 3902 처리 중 오류: not enough values to unpack (expected 3, got 0)
2026-04-08 07:03:44,679 [WARNING]       ⚠️ 페이지 3901 처리 중 오류: not enough values to unpack (expected 3, got 0)
2026-04-08 07:03:44,680 [WARNING]       ⚠️ 페이지 3907 처리 중 오류: not enough values to unpack (expected 3, got 0)
2026-04-08 07:03:44,697 [WARNING]       ⚠️ 페이지 3909 처리 중 오류: not enough values to unpack (expected 3, got 0)
2026-04-08 07:03:44,708 [WARNING]       ⚠️ 페이지 3903 처리 중 오류: not enough values to unpack (expected 3, got 0)
2026-04-08 07:03:44,720 [WARNING]       ⚠️ 페이지 3910 처리 중 오류: not enough values to unpack (expected 3, got 0)
2026-04-08 07:03:44,721 [WARNING]       ⚠️ 페이지 3905 처리 중 오류: not enough values to unpack (expected 3, got 0)
2026-04-08 07:03:44,725 [WARNING]       ⚠️ 페이지 3904 처리 중 오류: not enough values to unpack (expected 3, got 0)
2026-04-08 07:04:15,850 [WARNING]       ⚠️ 페이지 3915 처리 중 오류: not enough values to unpack (expected 3, got 0)
2026-04-08 07:04:15,852 [WARNING]       ⚠️ 페이지 3914 처리 중 오류: not enough values to unpack (expected 3, got 0)
2026-04-08 07:04:15,863 [WARNING]       ⚠️ 페이지 3913 처리 중 오류: not enough values to unpack (expected 3, got 0)
2026-04-08 07:04:15,889 [WARNING]       ⚠️ 페이지 3911 처리 중 오류: not enough values to unpack (expected 3, got 0)
2026-04-08 07:04:15,894 [WARNING]       ⚠️ 페이지 3912 처리 중 오류: not enough values to unpack (expected 3, got 0)
2026-04-08 07:04:15,940 [WARNING]       ⚠️ 페이지 3919 처리 중 오류: not enough values to unpack (expected 3, got 0)
2026-04-08 07:04:15,944 [WARNING]       ⚠️ 페이지 3916 처리 중 오류: not enough values to unpack (expected 3, got 0)
2026-04-08 07:04:15,959 [WARNING]       ⚠️ 페이지 3920 처리 중 오류: not enough values to unpack (expected 3, got 0)
2026-04-08 07:04:16,039 [WARNING]       ⚠️ 페이지 3917 처리 중 오류: not enough values to unpack (expected 3, got 0)
2026-04-08 07:04:16,047 [WARNING]       ⚠️ 페이지 3918 처리 중 오류: not enough values to unpack (expected 3, got 0)
2026-04-08 07:04:47,238 [WARNING]       ⚠️ 페이지 3928 처리 중 오류: not enough values to unpack (expected 3, got 0)
2026-04-08 07:04:47,249 [WARNING]       ⚠️ 페이지 3930 처리 중 오류: not enough values to unpack (expected 3, got 0)
2026-04-08 07:04:47,277 [WARNING]       ⚠️ 페이지 3921 처리 중 오류: not enough values to unpack (expected 3, got 0)
2026-04-08 07:04:47,293 [WARNING]       ⚠️ 페이지 3925 처리 중 오류: not enough values to unpack (expected 3, got 0)
2026-04-08 07:04:47,296 [WARNING]       ⚠️ 페이지 3926 처리 중 오류: not enough values to unpack (expected 3, got 0)
2026-04-08 07:04:47,301 [WARNING]       ⚠️ 페이지 3927 처리 중 오류: not enough values to unpack (expected 3, got 0)
2026-04-08 07:04:47,320 [WARNING]       ⚠️ 페이지 3922 처리 중 오류: not enough values to unpack (expected 3, got 0)
2026-04-08 07:04:47,335 [WARNING]       ⚠️ 페이지 3923 처리 중 오류: not enough values to unpack (expected 3, got 0)
2026-04-08 07:04:47,339 [WARNING]       ⚠️ 페이지 3924 처리 중 오류: not enough values to unpack (expected 3, got 0)
2026-04-08 07:04:47,344 [WARNING]       ⚠️ 페이지 3929 처리 중 오류: not enough values to unpack (expected 3, got 0)
2026-04-08 07:05:18,471 [WARNING]       ⚠️ 페이지 3933 처리 중 오류: not enough values to unpack (expected 3, got 0)
2026-04-08 07:05:18,478 [WARNING]       ⚠️ 페이지 3934 처리 중 오류: not enough values to unpack (expected 3, got 0)
2026-04-08 07:05:18,481 [WARNING]       ⚠️ 페이지 3932 처리 중 오류: not enough values to unpack (expected 3, got 0)
2026-04-08 07:05:18,502 [WARNING]       ⚠️ 페이지 3931 처리 중 오류: not enough values to unpack (expected 3, got 0)
2026-04-08 07:05:18,532 [WARNING]       ⚠️ 페이지 3939 처리 중 오류: not enough values to unpack (expected 3, got 0)
2026-04-08 07:05:18,549 [WARNING]       ⚠️ 페이지 3936 처리 중 오류: not enough values to unpack (expected 3, got 0)
2026-04-08 07:05:18,580 [WARNING]       ⚠️ 페이지 3935 처리 중 오류: not enough values to unpack (expected 3, got 0)
2026-04-08 07:05:18,580 [WARNING]       ⚠️ 페이지 3938 처리 중 오류: not enough values to unpack (expected 3, got 0)
2026-04-08 07:05:18,643 [WARNING]       ⚠️ 페이지 3940 처리 중 오류: not enough values to unpack (expected 3, got 0)
2026-04-08 07:05:18,689 [WARNING]       ⚠️ 페이지 3937 처리 중 오류: not enough values to unpack (expected 3, got 0)
2026-04-08 07:05:18,689 [INFO]       ... 3921/6000 페이지 진행 중...
2026-04-08 07:05:49,868 [WARNING]       ⚠️ 페이지 3941 처리 중 오류: not enough values to unpack (expected 3, got 0)
2026-04-08 07:05:49,889 [WARNING]       ⚠️ 페이지 3946 처리 중 오류: not enough values to unpack (expected 3, got 0)
2026-04-08 07:05:49,915 [WARNING]       ⚠️ 페이지 3943 처리 중 오류: not enough values to unpack (expected 3, got 0)
2026-04-08 07:05:49,915 [WARNING]       ⚠️ 페이지 3942 처리 중 오류: not enough values to unpack (expected 3, got 0)
2026-04-08 07:05:49,924 [WARNING]       ⚠️ 페이지 3950 처리 중 오류: not enough values to unpack (expected 3, got 0)
2026-04-08 07:05:49,941 [WARNING]       ⚠️ 페이지 3949 처리 중 오류: not enough values to unpack (expected 3, got 0)
2026-04-08 07:05:49,964 [WARNING]       ⚠️ 페이지 3945 처리 중 오류: not enough values to unpack (expected 3, got 0)
2026-04-08 07:05:49,966 [WARNING]       ⚠️ 페이지 3948 처리 중 오류: not enough values to unpack (expected 3, got 0)
2026-04-08 07:05:49,966 [WARNING]       ⚠️ 페이지 3944 처리 중 오류: not enough values to unpack (expected 3, got 0)
2026-04-08 07:05:49,966 [WARNING]       ⚠️ 페이지 3947 처리 중 오류: not enough values to unpack (expected 3, got 0)
2026-04-08 07:06:21,096 [WARNING]       ⚠️ 페이지 3951 처리 중 오류: not enough values to unpack (expected 3, got 0)
2026-04-08 07:06:21,116 [WARNING]       ⚠️ 페이지 3956 처리 중 오류: not enough values to unpack (expected 3, got 0)
2026-04-08 07:06:21,144 [WARNING]       ⚠️ 페이지 3960 처리 중 오류: not enough values to unpack (expected 3, got 0)
2026-04-08 07:06:21,150 [WARNING]       ⚠️ 페이지 3955 처리 중 오류: not enough values to unpack (expected 3, got 0)
2026-04-08 07:06:21,150 [WARNING]       ⚠️ 페이지 3957 처리 중 오류: not enough values to unpack (expected 3, got 0)
2026-04-08 07:06:21,192 [WARNING]       ⚠️ 페이지 3953 처리 중 오류: not enough values to unpack (expected 3, got 0)
2026-04-08 07:06:21,214 [WARNING]       ⚠️ 페이지 3952 처리 중 오류: not enough values to unpack (expected 3, got 0)
2026-04-08 07:06:21,217 [WARNING]       ⚠️ 페이지 3959 처리 중 오류: not enough values to unpack (expected 3, got 0)
2026-04-08 07:06:21,230 [WARNING]       ⚠️ 페이지 3954 처리 중 오류: not enough values to unpack (expected 3, got 0)
2026-04-08 07:06:21,251 [WARNING]       ⚠️ 페이지 3958 처리 중 오류: not enough values to unpack (expected 3, got 0)
2026-04-08 07:06:52,434 [WARNING]       ⚠️ 페이지 3970 처리 중 오류: not enough values to unpack (expected 3, got 0)
2026-04-08 07:06:52,448 [WARNING]       ⚠️ 페이지 3969 처리 중 오류: not enough values to unpack (expected 3, got 0)
2026-04-08 07:06:52,498 [WARNING]       ⚠️ 페이지 3966 처리 중 오류: not enough values to unpack (expected 3, got 0)
2026-04-08 07:06:52,502 [WARNING]       ⚠️ 페이지 3963 처리 중 오류: not enough values to unpack (expected 3, got 0)
2026-04-08 07:06:52,513 [WARNING]       ⚠️ 페이지 3967 처리 중 오류: not enough values to unpack (expected 3, got 0)
2026-04-08 07:06:52,517 [WARNING]       ⚠️ 페이지 3962 처리 중 오류: not enough values to unpack (expected 3, got 0)
2026-04-08 07:06:52,531 [WARNING]       ⚠️ 페이지 3961 처리 중 오류: not enough values to unpack (expected 3, got 0)
2026-04-08 07:06:52,550 [WARNING]       ⚠️ 페이지 3965 처리 중 오류: not enough values to unpack (expected 3, got 0)
2026-04-08 07:06:52,550 [WARNING]       ⚠️ 페이지 3968 처리 중 오류: not enough values to unpack (expected 3, got 0)
2026-04-08 07:06:52,552 [WARNING]       ⚠️ 페이지 3964 처리 중 오류: not enough values to unpack (expected 3, got 0)
2026-04-08 07:07:23,692 [WARNING]       ⚠️ 페이지 3973 처리 중 오류: not enough values to unpack (expected 3, got 0)
2026-04-08 07:07:23,709 [WARNING]       ⚠️ 페이지 3974 처리 중 오류: not enough values to unpack (expected 3, got 0)
2026-04-08 07:07:23,718 [WARNING]       ⚠️ 페이지 3976 처리 중 오류: not enough values to unpack (expected 3, got 0)
2026-04-08 07:07:23,719 [WARNING]       ⚠️ 페이지 3977 처리 중 오류: not enough values to unpack (expected 3, got 0)
2026-04-08 07:07:23,760 [WARNING]       ⚠️ 페이지 3978 처리 중 오류: not enough values to unpack (expected 3, got 0)
2026-04-08 07:07:23,767 [WARNING]       ⚠️ 페이지 3980 처리 중 오류: not enough values to unpack (expected 3, got 0)
2026-04-08 07:07:23,774 [WARNING]       ⚠️ 페이지 3971 처리 중 오류: not enough values to unpack (expected 3, got 0)
2026-04-08 07:07:23,781 [WARNING]       ⚠️ 페이지 3972 처리 중 오류: not enough values to unpack (expected 3, got 0)
2026-04-08 07:07:23,868 [WARNING]       ⚠️ 페이지 3975 처리 중 오류: not enough values to unpack (expected 3, got 0)
2026-04-08 07:07:23,885 [WARNING]       ⚠️ 페이지 3979 처리 중 오류: not enough values to unpack (expected 3, got 0)
2026-04-08 07:07:23,885 [INFO]       ... 3961/6000 페이지 진행 중...
2026-04-08 07:07:55,082 [WARNING]       ⚠️ 페이지 3982 처리 중 오류: not enough values to unpack (expected 3, got 0)
2026-04-08 07:07:55,083 [WARNING]       ⚠️ 페이지 3987 처리 중 오류: not enough values to unpack (expected 3, got 0)
2026-04-08 07:07:55,121 [WARNING]       ⚠️ 페이지 3988 처리 중 오류: not enough values to unpack (expected 3, got 0)
2026-04-08 07:07:55,132 [WARNING]       ⚠️ 페이지 3990 처리 중 오류: not enough values to unpack (expected 3, got 0)
2026-04-08 07:07:55,134 [WARNING]       ⚠️ 페이지 3985 처리 중 오류: not enough values to unpack (expected 3, got 0)
2026-04-08 07:07:55,140 [WARNING]       ⚠️ 페이지 3989 처리 중 오류: not enough values to unpack (expected 3, got 0)
2026-04-08 07:07:55,165 [WARNING]       ⚠️ 페이지 3984 처리 중 오류: not enough values to unpack (expected 3, got 0)
2026-04-08 07:07:55,167 [WARNING]       ⚠️ 페이지 3983 처리 중 오류: not enough values to unpack (expected 3, got 0)
2026-04-08 07:07:55,170 [WARNING]       ⚠️ 페이지 3986 처리 중 오류: not enough values to unpack (expected 3, got 0)
2026-04-08 07:07:55,172 [WARNING]       ⚠️ 페이지 3981 처리 중 오류: not enough values to unpack (expected 3, got 0)
2026-04-08 07:08:26,326 [WARNING]       ⚠️ 페이지 3995 처리 중 오류: not enough values to unpack (expected 3, got 0)
2026-04-08 07:08:26,338 [WARNING]       ⚠️ 페이지 3991 처리 중 오류: not enough values to unpack (expected 3, got 0)
2026-04-08 07:08:26,343 [WARNING]       ⚠️ 페이지 3994 처리 중 오류: not enough values to unpack (expected 3, got 0)
2026-04-08 07:08:26,364 [WARNING]       ⚠️ 페이지 3996 처리 중 오류: not enough values to unpack (expected 3, got 0)
2026-04-08 07:08:26,381 [WARNING]       ⚠️ 페이지 3992 처리 중 오류: not enough values to unpack (expected 3, got 0)
2026-04-08 07:08:26,398 [WARNING]       ⚠️ 페이지 3997 처리 중 오류: not enough values to unpack (expected 3, got 0)
2026-04-08 07:08:26,402 [WARNING]       ⚠️ 페이지 3999 처리 중 오류: not enough values to unpack (expected 3, got 0)
2026-04-08 07:08:26,426 [WARNING]       ⚠️ 페이지 3998 처리 중 오류: not enough values to unpack (expected 3, got 0)
2026-04-08 07:08:26,430 [WARNING]       ⚠️ 페이지 3993 처리 중 오류: not enough values to unpack (expected 3, got 0)
2026-04-08 07:08:26,505 [WARNING]       ⚠️ 페이지 4000 처리 중 오류: not enough values to unpack (expected 3, got 0)
2026-04-08 07:08:57,688 [WARNING]       ⚠️ 페이지 4006 처리 중 오류: not enough values to unpack (expected 3, got 0)
2026-04-08 07:08:57,721 [WARNING]       ⚠️ 페이지 4004 처리 중 오류: not enough values to unpack (expected 3, got 0)
2026-04-08 07:08:57,750 [WARNING]       ⚠️ 페이지 4008 처리 중 오류: not enough values to unpack (expected 3, got 0)
2026-04-08 07:08:57,752 [WARNING]       ⚠️ 페이지 4002 처리 중 오류: not enough values to unpack (expected 3, got 0)
2026-04-08 07:08:57,755 [WARNING]       ⚠️ 페이지 4010 처리 중 오류: not enough values to unpack (expected 3, got 0)
2026-04-08 07:08:57,756 [WARNING]       ⚠️ 페이지 4005 처리 중 오류: not enough values to unpack (expected 3, got 0)
2026-04-08 07:08:57,785 [WARNING]       ⚠️ 페이지 4001 처리 중 오류: not enough values to unpack (expected 3, got 0)
2026-04-08 07:08:57,789 [WARNING]       ⚠️ 페이지 4009 처리 중 오류: not enough values to unpack (expected 3, got 0)
2026-04-08 07:08:57,791 [WARNING]       ⚠️ 페이지 4003 처리 중 오류: not enough values to unpack (expected 3, got 0)
2026-04-08 07:08:57,795 [WARNING]       ⚠️ 페이지 4007 처리 중 오류: not enough values to unpack (expected 3, got 0)
2026-04-08 07:09:28,921 [WARNING]       ⚠️ 페이지 4016 처리 중 오류: not enough values to unpack (expected 3, got 0)
2026-04-08 07:09:28,924 [WARNING]       ⚠️ 페이지 4011 처리 중 오류: not enough values to unpack (expected 3, got 0)
2026-04-08 07:09:28,946 [WARNING]       ⚠️ 페이지 4014 처리 중 오류: not enough values to unpack (expected 3, got 0)
2026-04-08 07:09:28,969 [WARNING]       ⚠️ 페이지 4013 처리 중 오류: not enough values to unpack (expected 3, got 0)
2026-04-08 07:09:28,971 [WARNING]       ⚠️ 페이지 4012 처리 중 오류: not enough values to unpack (expected 3, got 0)
2026-04-08 07:09:28,995 [WARNING]       ⚠️ 페이지 4019 처리 중 오류: not enough values to unpack (expected 3, got 0)
2026-04-08 07:09:29,003 [WARNING]       ⚠️ 페이지 4018 처리 중 오류: not enough values to unpack (expected 3, got 0)
2026-04-08 07:09:29,009 [WARNING]       ⚠️ 페이지 4017 처리 중 오류: not enough values to unpack (expected 3, got 0)
2026-04-08 07:09:29,065 [WARNING]       ⚠️ 페이지 4020 처리 중 오류: not enough values to unpack (expected 3, got 0)
2026-04-08 07:09:29,073 [WARNING]       ⚠️ 페이지 4015 처리 중 오류: not enough values to unpack (expected 3, got 0)
2026-04-08 07:09:29,074 [INFO]       ... 4001/6000 페이지 진행 중...
2026-04-08 07:10:00,235 [WARNING]       ⚠️ 페이지 4029 처리 중 오류: not enough values to unpack (expected 3, got 0)
2026-04-08 07:10:00,259 [WARNING]       ⚠️ 페이지 4022 처리 중 오류: not enough values to unpack (expected 3, got 0)
2026-04-08 07:10:00,293 [WARNING]       ⚠️ 페이지 4021 처리 중 오류: not enough values to unpack (expected 3, got 0)
2026-04-08 07:10:00,297 [WARNING]       ⚠️ 페이지 4025 처리 중 오류: not enough values to unpack (expected 3, got 0)
2026-04-08 07:10:00,302 [WARNING]       ⚠️ 페이지 4027 처리 중 오류: not enough values to unpack (expected 3, got 0)
2026-04-08 07:10:00,311 [WARNING]       ⚠️ 페이지 4030 처리 중 오류: not enough values to unpack (expected 3, got 0)
2026-04-08 07:10:00,346 [WARNING]       ⚠️ 페이지 4026 처리 중 오류: not enough values to unpack (expected 3, got 0)
2026-04-08 07:10:00,348 [WARNING]       ⚠️ 페이지 4024 처리 중 오류: not enough values to unpack (expected 3, got 0)
2026-04-08 07:10:00,352 [WARNING]       ⚠️ 페이지 4028 처리 중 오류: not enough values to unpack (expected 3, got 0)
2026-04-08 07:10:00,359 [WARNING]       ⚠️ 페이지 4023 처리 중 오류: not enough values to unpack (expected 3, got 0)
2026-04-08 07:10:31,470 [WARNING]       ⚠️ 페이지 4032 처리 중 오류: not enough values to unpack (expected 3, got 0)
2026-04-08 07:10:31,475 [WARNING]       ⚠️ 페이지 4034 처리 중 오류: not enough values to unpack (expected 3, got 0)
2026-04-08 07:10:31,476 [WARNING]       ⚠️ 페이지 4036 처리 중 오류: not enough values to unpack (expected 3, got 0)
2026-04-08 07:10:31,503 [WARNING]       ⚠️ 페이지 4031 처리 중 오류: not enough values to unpack (expected 3, got 0)
2026-04-08 07:10:31,507 [WARNING]       ⚠️ 페이지 4033 처리 중 오류: not enough values to unpack (expected 3, got 0)
2026-04-08 07:10:31,571 [WARNING]       ⚠️ 페이지 4040 처리 중 오류: not enough values to unpack (expected 3, got 0)
2026-04-08 07:10:31,574 [WARNING]       ⚠️ 페이지 4035 처리 중 오류: not enough values to unpack (expected 3, got 0)
2026-04-08 07:10:31,591 [WARNING]       ⚠️ 페이지 4038 처리 중 오류: not enough values to unpack (expected 3, got 0)
2026-04-08 07:10:31,593 [WARNING]       ⚠️ 페이지 4037 처리 중 오류: not enough values to unpack (expected 3, got 0)
2026-04-08 07:10:31,697 [WARNING]       ⚠️ 페이지 4039 처리 중 오류: not enough values to unpack (expected 3, got 0)
2026-04-08 07:11:02,881 [WARNING]       ⚠️ 페이지 4048 처리 중 오류: not enough values to unpack (expected 3, got 0)
2026-04-08 07:11:02,894 [WARNING]       ⚠️ 페이지 4045 처리 중 오류: not enough values to unpack (expected 3, got 0)
2026-04-08 07:11:02,933 [WARNING]       ⚠️ 페이지 4050 처리 중 오류: not enough values to unpack (expected 3, got 0)
2026-04-08 07:11:02,949 [WARNING]       ⚠️ 페이지 4046 처리 중 오류: not enough values to unpack (expected 3, got 0)
2026-04-08 07:11:02,949 [WARNING]       ⚠️ 페이지 4049 처리 중 오류: not enough values to unpack (expected 3, got 0)
2026-04-08 07:11:02,960 [WARNING]       ⚠️ 페이지 4042 처리 중 오류: not enough values to unpack (expected 3, got 0)
2026-04-08 07:11:02,965 [WARNING]       ⚠️ 페이지 4044 처리 중 오류: not enough values to unpack (expected 3, got 0)
2026-04-08 07:11:02,966 [WARNING]       ⚠️ 페이지 4041 처리 중 오류: not enough values to unpack (expected 3, got 0)
2026-04-08 07:11:02,985 [WARNING]       ⚠️ 페이지 4043 처리 중 오류: not enough values to unpack (expected 3, got 0)
2026-04-08 07:11:02,998 [WARNING]       ⚠️ 페이지 4047 처리 중 오류: not enough values to unpack (expected 3, got 0)
2026-04-08 07:11:34,137 [WARNING]       ⚠️ 페이지 4053 처리 중 오류: not enough values to unpack (expected 3, got 0)
2026-04-08 07:11:34,154 [WARNING]       ⚠️ 페이지 4055 처리 중 오류: not enough values to unpack (expected 3, got 0)
2026-04-08 07:11:34,169 [WARNING]       ⚠️ 페이지 4058 처리 중 오류: not enough values to unpack (expected 3, got 0)
2026-04-08 07:11:34,181 [WARNING]       ⚠️ 페이지 4051 처리 중 오류: not enough values to unpack (expected 3, got 0)
2026-04-08 07:11:34,190 [WARNING]       ⚠️ 페이지 4057 처리 중 오류: not enough values to unpack (expected 3, got 0)
2026-04-08 07:11:34,197 [WARNING]       ⚠️ 페이지 4059 처리 중 오류: not enough values to unpack (expected 3, got 0)
2026-04-08 07:11:34,205 [WARNING]       ⚠️ 페이지 4052 처리 중 오류: not enough values to unpack (expected 3, got 0)
2026-04-08 07:11:34,233 [WARNING]       ⚠️ 페이지 4054 처리 중 오류: not enough values to unpack (expected 3, got 0)
2026-04-08 07:11:34,285 [WARNING]       ⚠️ 페이지 4056 처리 중 오류: not enough values to unpack (expected 3, got 0)
2026-04-08 07:11:34,318 [WARNING]       ⚠️ 페이지 4060 처리 중 오류: not enough values to unpack (expected 3, got 0)
2026-04-08 07:11:34,319 [INFO]       ... 4041/6000 페이지 진행 중...
2026-04-08 07:12:05,499 [WARNING]       ⚠️ 페이지 4061 처리 중 오류: not enough values to unpack (expected 3, got 0)
2026-04-08 07:12:05,504 [WARNING]       ⚠️ 페이지 4070 처리 중 오류: not enough values to unpack (expected 3, got 0)
2026-04-08 07:12:05,554 [WARNING]       ⚠️ 페이지 4066 처리 중 오류: not enough values to unpack (expected 3, got 0)
2026-04-08 07:12:05,566 [WARNING]       ⚠️ 페이지 4068 처리 중 오류: not enough values to unpack (expected 3, got 0)
2026-04-08 07:12:05,567 [WARNING]       ⚠️ 페이지 4067 처리 중 오류: not enough values to unpack (expected 3, got 0)
2026-04-08 07:12:05,569 [WARNING]       ⚠️ 페이지 4069 처리 중 오류: not enough values to unpack (expected 3, got 0)
2026-04-08 07:12:05,599 [WARNING]       ⚠️ 페이지 4062 처리 중 오류: not enough values to unpack (expected 3, got 0)
2026-04-08 07:12:05,602 [WARNING]       ⚠️ 페이지 4064 처리 중 오류: not enough values to unpack (expected 3, got 0)
2026-04-08 07:12:05,603 [WARNING]       ⚠️ 페이지 4065 처리 중 오류: not enough values to unpack (expected 3, got 0)
2026-04-08 07:12:05,605 [WARNING]       ⚠️ 페이지 4063 처리 중 오류: not enough values to unpack (expected 3, got 0)
2026-04-08 07:12:36,732 [WARNING]       ⚠️ 페이지 4075 처리 중 오류: not enough values to unpack (expected 3, got 0)
2026-04-08 07:12:36,749 [WARNING]       ⚠️ 페이지 4071 처리 중 오류: not enough values to unpack (expected 3, got 0)
2026-04-08 07:12:36,785 [WARNING]       ⚠️ 페이지 4080 처리 중 오류: not enough values to unpack (expected 3, got 0)
2026-04-08 07:12:36,789 [WARNING]       ⚠️ 페이지 4078 처리 중 오류: not enough values to unpack (expected 3, got 0)
2026-04-08 07:12:36,808 [WARNING]       ⚠️ 페이지 4073 처리 중 오류: not enough values to unpack (expected 3, got 0)
2026-04-08 07:12:36,810 [WARNING]       ⚠️ 페이지 4074 처리 중 오류: not enough values to unpack (expected 3, got 0)
2026-04-08 07:12:36,812 [WARNING]       ⚠️ 페이지 4072 처리 중 오류: not enough values to unpack (expected 3, got 0)
2026-04-08 07:12:36,820 [WARNING]       ⚠️ 페이지 4076 처리 중 오류: not enough values to unpack (expected 3, got 0)
2026-04-08 07:12:36,921 [WARNING]       ⚠️ 페이지 4079 처리 중 오류: not enough values to unpack (expected 3, got 0)
2026-04-08 07:12:36,927 [WARNING]       ⚠️ 페이지 4077 처리 중 오류: not enough values to unpack (expected 3, got 0)
2026-04-08 07:13:08,116 [WARNING]       ⚠️ 페이지 4084 처리 중 오류: not enough values to unpack (expected 3, got 0)
2026-04-08 07:13:08,120 [WARNING]       ⚠️ 페이지 4087 처리 중 오류: not enough values to unpack (expected 3, got 0)
2026-04-08 07:13:08,182 [WARNING]       ⚠️ 페이지 4089 처리 중 오류: not enough values to unpack (expected 3, got 0)
2026-04-08 07:13:08,184 [WARNING]       ⚠️ 페이지 4085 처리 중 오류: not enough values to unpack (expected 3, got 0)
2026-04-08 07:13:08,186 [WARNING]       ⚠️ 페이지 4090 처리 중 오류: not enough values to unpack (expected 3, got 0)
2026-04-08 07:13:08,192 [WARNING]       ⚠️ 페이지 4086 처리 중 오류: not enough values to unpack (expected 3, got 0)
2026-04-08 07:13:08,194 [WARNING]       ⚠️ 페이지 4081 처리 중 오류: not enough values to unpack (expected 3, got 0)
2026-04-08 07:13:08,199 [WARNING]       ⚠️ 페이지 4088 처리 중 오류: not enough values to unpack (expected 3, got 0)
2026-04-08 07:13:08,203 [WARNING]       ⚠️ 페이지 4083 처리 중 오류: not enough values to unpack (expected 3, got 0)
2026-04-08 07:13:08,208 [WARNING]       ⚠️ 페이지 4082 처리 중 오류: not enough values to unpack (expected 3, got 0)
2026-04-08 07:13:39,347 [WARNING]       ⚠️ 페이지 4091 처리 중 오류: not enough values to unpack (expected 3, got 0)
2026-04-08 07:13:39,376 [WARNING]       ⚠️ 페이지 4092 처리 중 오류: not enough values to unpack (expected 3, got 0)
2026-04-08 07:13:39,417 [WARNING]       ⚠️ 페이지 4094 처리 중 오류: not enough values to unpack (expected 3, got 0)
2026-04-08 07:13:39,421 [WARNING]       ⚠️ 페이지 4093 처리 중 오류: not enough values to unpack (expected 3, got 0)
2026-04-08 07:13:39,432 [WARNING]       ⚠️ 페이지 4099 처리 중 오류: not enough values to unpack (expected 3, got 0)
2026-04-08 07:13:39,439 [WARNING]       ⚠️ 페이지 4096 처리 중 오류: not enough values to unpack (expected 3, got 0)
2026-04-08 07:13:39,460 [WARNING]       ⚠️ 페이지 4095 처리 중 오류: not enough values to unpack (expected 3, got 0)
2026-04-08 07:13:39,476 [WARNING]       ⚠️ 페이지 4100 처리 중 오류: not enough values to unpack (expected 3, got 0)
2026-04-08 07:13:39,570 [WARNING]       ⚠️ 페이지 4098 처리 중 오류: not enough values to unpack (expected 3, got 0)
2026-04-08 07:13:39,875 [WARNING]       ⚠️ 페이지 4097 처리 중 오류: not enough values to unpack (expected 3, got 0)
2026-04-08 07:13:39,876 [INFO]       ... 4081/6000 페이지 진행 중...
2026-04-08 07:14:11,045 [WARNING]       ⚠️ 페이지 4105 처리 중 오류: not enough values to unpack (expected 3, got 0)
2026-04-08 07:14:11,054 [WARNING]       ⚠️ 페이지 4104 처리 중 오류: not enough values to unpack (expected 3, got 0)
2026-04-08 07:14:11,092 [WARNING]       ⚠️ 페이지 4109 처리 중 오류: not enough values to unpack (expected 3, got 0)
2026-04-08 07:14:11,106 [WARNING]       ⚠️ 페이지 4110 처리 중 오류: not enough values to unpack (expected 3, got 0)
2026-04-08 07:14:11,107 [WARNING]       ⚠️ 페이지 4106 처리 중 오류: not enough values to unpack (expected 3, got 0)
2026-04-08 07:14:11,117 [WARNING]       ⚠️ 페이지 4107 처리 중 오류: not enough values to unpack (expected 3, got 0)
2026-04-08 07:14:11,138 [WARNING]       ⚠️ 페이지 4108 처리 중 오류: not enough values to unpack (expected 3, got 0)
2026-04-08 07:14:11,141 [WARNING]       ⚠️ 페이지 4103 처리 중 오류: not enough values to unpack (expected 3, got 0)
2026-04-08 07:14:11,142 [WARNING]       ⚠️ 페이지 4102 처리 중 오류: not enough values to unpack (expected 3, got 0)
2026-04-08 07:14:11,145 [WARNING]       ⚠️ 페이지 4101 처리 중 오류: not enough values to unpack (expected 3, got 0)
2026-04-08 07:14:42,269 [WARNING]       ⚠️ 페이지 4114 처리 중 오류: not enough values to unpack (expected 3, got 0)
2026-04-08 07:14:42,288 [WARNING]       ⚠️ 페이지 4118 처리 중 오류: not enough values to unpack (expected 3, got 0)
2026-04-08 07:14:42,297 [WARNING]       ⚠️ 페이지 4111 처리 중 오류: not enough values to unpack (expected 3, got 0)
2026-04-08 07:14:42,317 [WARNING]       ⚠️ 페이지 4113 처리 중 오류: not enough values to unpack (expected 3, got 0)
2026-04-08 07:14:42,322 [WARNING]       ⚠️ 페이지 4112 처리 중 오류: not enough values to unpack (expected 3, got 0)
2026-04-08 07:14:42,349 [WARNING]       ⚠️ 페이지 4116 처리 중 오류: not enough values to unpack (expected 3, got 0)
2026-04-08 07:14:42,352 [WARNING]       ⚠️ 페이지 4115 처리 중 오류: not enough values to unpack (expected 3, got 0)
2026-04-08 07:14:42,358 [WARNING]       ⚠️ 페이지 4117 처리 중 오류: not enough values to unpack (expected 3, got 0)
2026-04-08 07:14:42,421 [WARNING]       ⚠️ 페이지 4120 처리 중 오류: not enough values to unpack (expected 3, got 0)
2026-04-08 07:14:42,459 [WARNING]       ⚠️ 페이지 4119 처리 중 오류: not enough values to unpack (expected 3, got 0)
2026-04-08 07:15:13,629 [WARNING]       ⚠️ 페이지 4123 처리 중 오류: not enough values to unpack (expected 3, got 0)
2026-04-08 07:15:13,654 [WARNING]       ⚠️ 페이지 4121 처리 중 오류: not enough values to unpack (expected 3, got 0)
2026-04-08 07:15:13,669 [WARNING]       ⚠️ 페이지 4122 처리 중 오류: not enough values to unpack (expected 3, got 0)
2026-04-08 07:15:13,685 [WARNING]       ⚠️ 페이지 4128 처리 중 오류: not enough values to unpack (expected 3, got 0)
2026-04-08 07:15:13,702 [WARNING]       ⚠️ 페이지 4127 처리 중 오류: not enough values to unpack (expected 3, got 0)
2026-04-08 07:15:13,708 [WARNING]       ⚠️ 페이지 4130 처리 중 오류: not enough values to unpack (expected 3, got 0)
2026-04-08 07:15:13,714 [WARNING]       ⚠️ 페이지 4129 처리 중 오류: not enough values to unpack (expected 3, got 0)
2026-04-08 07:15:13,727 [WARNING]       ⚠️ 페이지 4126 처리 중 오류: not enough values to unpack (expected 3, got 0)
2026-04-08 07:15:13,730 [WARNING]       ⚠️ 페이지 4124 처리 중 오류: not enough values to unpack (expected 3, got 0)
2026-04-08 07:15:13,732 [WARNING]       ⚠️ 페이지 4125 처리 중 오류: not enough values to unpack (expected 3, got 0)
2026-04-08 07:15:44,849 [WARNING]       ⚠️ 페이지 4131 처리 중 오류: not enough values to unpack (expected 3, got 0)
2026-04-08 07:15:44,860 [WARNING]       ⚠️ 페이지 4132 처리 중 오류: not enough values to unpack (expected 3, got 0)
2026-04-08 07:15:44,873 [WARNING]       ⚠️ 페이지 4134 처리 중 오류: not enough values to unpack (expected 3, got 0)
2026-04-08 07:15:44,877 [WARNING]       ⚠️ 페이지 4135 처리 중 오류: not enough values to unpack (expected 3, got 0)
2026-04-08 07:15:44,884 [WARNING]       ⚠️ 페이지 4136 처리 중 오류: not enough values to unpack (expected 3, got 0)
2026-04-08 07:15:44,927 [WARNING]       ⚠️ 페이지 4133 처리 중 오류: not enough values to unpack (expected 3, got 0)
2026-04-08 07:15:44,960 [WARNING]       ⚠️ 페이지 4140 처리 중 오류: not enough values to unpack (expected 3, got 0)
2026-04-08 07:15:44,971 [WARNING]       ⚠️ 페이지 4139 처리 중 오류: not enough values to unpack (expected 3, got 0)
2026-04-08 07:15:44,990 [WARNING]       ⚠️ 페이지 4138 처리 중 오류: not enough values to unpack (expected 3, got 0)
2026-04-08 07:15:45,050 [WARNING]       ⚠️ 페이지 4137 처리 중 오류: not enough values to unpack (expected 3, got 0)
2026-04-08 07:15:45,050 [INFO]       ... 4121/6000 페이지 진행 중...
2026-04-08 07:16:16,215 [WARNING]       ⚠️ 페이지 4147 처리 중 오류: not enough values to unpack (expected 3, got 0)
2026-04-08 07:16:16,223 [WARNING]       ⚠️ 페이지 4143 처리 중 오류: not enough values to unpack (expected 3, got 0)
2026-04-08 07:16:16,274 [WARNING]       ⚠️ 페이지 4148 처리 중 오류: not enough values to unpack (expected 3, got 0)
2026-04-08 07:16:16,287 [WARNING]       ⚠️ 페이지 4142 처리 중 오류: not enough values to unpack (expected 3, got 0)
2026-04-08 07:16:16,290 [WARNING]       ⚠️ 페이지 4150 처리 중 오류: not enough values to unpack (expected 3, got 0)
2026-04-08 07:16:16,294 [WARNING]       ⚠️ 페이지 4141 처리 중 오류: not enough values to unpack (expected 3, got 0)
2026-04-08 07:16:16,317 [WARNING]       ⚠️ 페이지 4146 처리 중 오류: not enough values to unpack (expected 3, got 0)
2026-04-08 07:16:16,317 [WARNING]       ⚠️ 페이지 4149 처리 중 오류: not enough values to unpack (expected 3, got 0)
2026-04-08 07:16:16,320 [WARNING]       ⚠️ 페이지 4145 처리 중 오류: not enough values to unpack (expected 3, got 0)
2026-04-08 07:16:16,321 [WARNING]       ⚠️ 페이지 4144 처리 중 오류: not enough values to unpack (expected 3, got 0)
2026-04-08 07:16:47,439 [WARNING]       ⚠️ 페이지 4154 처리 중 오류: not enough values to unpack (expected 3, got 0)
2026-04-08 07:16:47,457 [WARNING]       ⚠️ 페이지 4153 처리 중 오류: not enough values to unpack (expected 3, got 0)
2026-04-08 07:16:47,466 [WARNING]       ⚠️ 페이지 4151 처리 중 오류: not enough values to unpack (expected 3, got 0)
2026-04-08 07:16:47,477 [WARNING]       ⚠️ 페이지 4155 처리 중 오류: not enough values to unpack (expected 3, got 0)
2026-04-08 07:16:47,490 [WARNING]       ⚠️ 페이지 4152 처리 중 오류: not enough values to unpack (expected 3, got 0)
2026-04-08 07:16:47,494 [WARNING]       ⚠️ 페이지 4159 처리 중 오류: not enough values to unpack (expected 3, got 0)
2026-04-08 07:16:47,535 [WARNING]       ⚠️ 페이지 4160 처리 중 오류: not enough values to unpack (expected 3, got 0)
2026-04-08 07:16:47,549 [WARNING]       ⚠️ 페이지 4156 처리 중 오류: not enough values to unpack (expected 3, got 0)
2026-04-08 07:16:47,629 [WARNING]       ⚠️ 페이지 4158 처리 중 오류: not enough values to unpack (expected 3, got 0)
2026-04-08 07:16:47,631 [WARNING]       ⚠️ 페이지 4157 처리 중 오류: not enough values to unpack (expected 3, got 0)
2026-04-08 07:17:18,808 [WARNING]       ⚠️ 페이지 4161 처리 중 오류: not enough values to unpack (expected 3, got 0)
2026-04-08 07:17:18,817 [WARNING]       ⚠️ 페이지 4165 처리 중 오류: not enough values to unpack (expected 3, got 0)
2026-04-08 07:17:18,862 [WARNING]       ⚠️ 페이지 4168 처리 중 오류: not enough values to unpack (expected 3, got 0)
2026-04-08 07:17:18,873 [WARNING]       ⚠️ 페이지 4166 처리 중 오류: not enough values to unpack (expected 3, got 0)
2026-04-08 07:17:18,875 [WARNING]       ⚠️ 페이지 4169 처리 중 오류: not enough values to unpack (expected 3, got 0)
2026-04-08 07:17:18,892 [WARNING]       ⚠️ 페이지 4162 처리 중 오류: not enough values to unpack (expected 3, got 0)
2026-04-08 07:17:18,912 [WARNING]       ⚠️ 페이지 4164 처리 중 오류: not enough values to unpack (expected 3, got 0)
2026-04-08 07:17:18,912 [WARNING]       ⚠️ 페이지 4167 처리 중 오류: not enough values to unpack (expected 3, got 0)
2026-04-08 07:17:18,913 [WARNING]       ⚠️ 페이지 4170 처리 중 오류: not enough values to unpack (expected 3, got 0)
2026-04-08 07:17:18,916 [WARNING]       ⚠️ 페이지 4163 처리 중 오류: not enough values to unpack (expected 3, got 0)
2026-04-08 07:17:50,038 [WARNING]       ⚠️ 페이지 4173 처리 중 오류: not enough values to unpack (expected 3, got 0)
2026-04-08 07:17:50,044 [WARNING]       ⚠️ 페이지 4174 처리 중 오류: not enough values to unpack (expected 3, got 0)
2026-04-08 07:17:50,066 [WARNING]       ⚠️ 페이지 4171 처리 중 오류: not enough values to unpack (expected 3, got 0)
2026-04-08 07:17:50,069 [WARNING]       ⚠️ 페이지 4175 처리 중 오류: not enough values to unpack (expected 3, got 0)
2026-04-08 07:17:50,079 [WARNING]       ⚠️ 페이지 4172 처리 중 오류: not enough values to unpack (expected 3, got 0)
2026-04-08 07:17:50,100 [WARNING]       ⚠️ 페이지 4177 처리 중 오류: not enough values to unpack (expected 3, got 0)
2026-04-08 07:17:50,138 [WARNING]       ⚠️ 페이지 4176 처리 중 오류: not enough values to unpack (expected 3, got 0)
2026-04-08 07:17:50,157 [WARNING]       ⚠️ 페이지 4180 처리 중 오류: not enough values to unpack (expected 3, got 0)
2026-04-08 07:17:50,237 [WARNING]       ⚠️ 페이지 4179 처리 중 오류: not enough values to unpack (expected 3, got 0)
2026-04-08 07:17:50,248 [WARNING]       ⚠️ 페이지 4178 처리 중 오류: not enough values to unpack (expected 3, got 0)
2026-04-08 07:17:50,248 [INFO]       ... 4161/6000 페이지 진행 중...
2026-04-08 07:18:21,419 [WARNING]       ⚠️ 페이지 4188 처리 중 오류: not enough values to unpack (expected 3, got 0)
2026-04-08 07:18:21,422 [WARNING]       ⚠️ 페이지 4182 처리 중 오류: not enough values to unpack (expected 3, got 0)
2026-04-08 07:18:21,475 [WARNING]       ⚠️ 페이지 4185 처리 중 오류: not enough values to unpack (expected 3, got 0)
2026-04-08 07:18:21,476 [WARNING]       ⚠️ 페이지 4186 처리 중 오류: not enough values to unpack (expected 3, got 0)
2026-04-08 07:18:21,478 [WARNING]       ⚠️ 페이지 4189 처리 중 오류: not enough values to unpack (expected 3, got 0)
2026-04-08 07:18:21,479 [WARNING]       ⚠️ 페이지 4181 처리 중 오류: not enough values to unpack (expected 3, got 0)
2026-04-08 07:18:21,529 [WARNING]       ⚠️ 페이지 4187 처리 중 오류: not enough values to unpack (expected 3, got 0)
2026-04-08 07:18:21,530 [WARNING]       ⚠️ 페이지 4190 처리 중 오류: not enough values to unpack (expected 3, got 0)
2026-04-08 07:18:21,535 [WARNING]       ⚠️ 페이지 4183 처리 중 오류: not enough values to unpack (expected 3, got 0)
2026-04-08 07:18:21,535 [WARNING]       ⚠️ 페이지 4184 처리 중 오류: not enough values to unpack (expected 3, got 0)
2026-04-08 07:18:52,660 [WARNING]       ⚠️ 페이지 4192 처리 중 오류: not enough values to unpack (expected 3, got 0)
2026-04-08 07:18:52,662 [WARNING]       ⚠️ 페이지 4194 처리 중 오류: not enough values to unpack (expected 3, got 0)
2026-04-08 07:18:52,662 [WARNING]       ⚠️ 페이지 4193 처리 중 오류: not enough values to unpack (expected 3, got 0)
2026-04-08 07:18:52,668 [WARNING]       ⚠️ 페이지 4191 처리 중 오류: not enough values to unpack (expected 3, got 0)
2026-04-08 07:18:52,671 [WARNING]       ⚠️ 페이지 4195 처리 중 오류: not enough values to unpack (expected 3, got 0)
2026-04-08 07:18:52,735 [WARNING]       ⚠️ 페이지 4196 처리 중 오류: not enough values to unpack (expected 3, got 0)
2026-04-08 07:18:52,739 [WARNING]       ⚠️ 페이지 4199 처리 중 오류: not enough values to unpack (expected 3, got 0)
2026-04-08 07:18:52,762 [WARNING]       ⚠️ 페이지 4200 처리 중 오류: not enough values to unpack (expected 3, got 0)
2026-04-08 07:18:52,829 [WARNING]       ⚠️ 페이지 4198 처리 중 오류: not enough values to unpack (expected 3, got 0)
2026-04-08 07:18:52,858 [WARNING]       ⚠️ 페이지 4197 처리 중 오류: not enough values to unpack (expected 3, got 0)
2026-04-08 07:19:24,050 [WARNING]       ⚠️ 페이지 4209 처리 중 오류: not enough values to unpack (expected 3, got 0)
2026-04-08 07:19:24,069 [WARNING]       ⚠️ 페이지 4202 처리 중 오류: not enough values to unpack (expected 3, got 0)
2026-04-08 07:19:24,112 [WARNING]       ⚠️ 페이지 4206 처리 중 오류: not enough values to unpack (expected 3, got 0)
2026-04-08 07:19:24,114 [WARNING]       ⚠️ 페이지 4207 처리 중 오류: not enough values to unpack (expected 3, got 0)
2026-04-08 07:19:24,115 [WARNING]       ⚠️ 페이지 4210 처리 중 오류: not enough values to unpack (expected 3, got 0)
2026-04-08 07:19:24,115 [WARNING]       ⚠️ 페이지 4201 처리 중 오류: not enough values to unpack (expected 3, got 0)
2026-04-08 07:19:24,125 [WARNING]       ⚠️ 페이지 4204 처리 중 오류: not enough values to unpack (expected 3, got 0)
2026-04-08 07:19:24,133 [WARNING]       ⚠️ 페이지 4208 처리 중 오류: not enough values to unpack (expected 3, got 0)
2026-04-08 07:19:24,143 [WARNING]       ⚠️ 페이지 4205 처리 중 오류: not enough values to unpack (expected 3, got 0)
2026-04-08 07:19:24,599 [WARNING]       ⚠️ 페이지 4203 처리 중 오류: not enough values to unpack (expected 3, got 0)
2026-04-08 07:19:55,247 [WARNING]       ⚠️ 페이지 4211 처리 중 오류: not enough values to unpack (expected 3, got 0)
2026-04-08 07:19:55,306 [WARNING]       ⚠️ 페이지 4213 처리 중 오류: not enough values to unpack (expected 3, got 0)
2026-04-08 07:19:55,320 [WARNING]       ⚠️ 페이지 4215 처리 중 오류: not enough values to unpack (expected 3, got 0)
2026-04-08 07:19:55,360 [WARNING]       ⚠️ 페이지 4219 처리 중 오류: not enough values to unpack (expected 3, got 0)
2026-04-08 07:19:55,374 [WARNING]       ⚠️ 페이지 4212 처리 중 오류: not enough values to unpack (expected 3, got 0)
2026-04-08 07:19:55,393 [WARNING]       ⚠️ 페이지 4217 처리 중 오류: not enough values to unpack (expected 3, got 0)
2026-04-08 07:19:55,395 [WARNING]       ⚠️ 페이지 4214 처리 중 오류: not enough values to unpack (expected 3, got 0)
2026-04-08 07:19:55,402 [WARNING]       ⚠️ 페이지 4216 처리 중 오류: not enough values to unpack (expected 3, got 0)
2026-04-08 07:19:55,408 [WARNING]       ⚠️ 페이지 4218 처리 중 오류: not enough values to unpack (expected 3, got 0)
2026-04-08 07:19:55,785 [WARNING]       ⚠️ 페이지 4220 처리 중 오류: not enough values to unpack (expected 3, got 0)
2026-04-08 07:19:55,785 [INFO]       ... 4201/6000 페이지 진행 중...
2026-04-08 07:20:26,952 [WARNING]       ⚠️ 페이지 4226 처리 중 오류: not enough values to unpack (expected 3, got 0)
2026-04-08 07:20:26,959 [WARNING]       ⚠️ 페이지 4227 처리 중 오류: not enough values to unpack (expected 3, got 0)
2026-04-08 07:20:27,016 [WARNING]       ⚠️ 페이지 4228 처리 중 오류: not enough values to unpack (expected 3, got 0)
2026-04-08 07:20:27,018 [WARNING]       ⚠️ 페이지 4222 처리 중 오류: not enough values to unpack (expected 3, got 0)
2026-04-08 07:20:27,030 [WARNING]       ⚠️ 페이지 4229 처리 중 오류: not enough values to unpack (expected 3, got 0)
2026-04-08 07:20:27,036 [WARNING]       ⚠️ 페이지 4230 처리 중 오류: not enough values to unpack (expected 3, got 0)
2026-04-08 07:20:27,053 [WARNING]       ⚠️ 페이지 4221 처리 중 오류: not enough values to unpack (expected 3, got 0)
2026-04-08 07:20:27,057 [WARNING]       ⚠️ 페이지 4225 처리 중 오류: not enough values to unpack (expected 3, got 0)
2026-04-08 07:20:27,060 [WARNING]       ⚠️ 페이지 4223 처리 중 오류: not enough values to unpack (expected 3, got 0)
2026-04-08 07:20:27,067 [WARNING]       ⚠️ 페이지 4224 처리 중 오류: not enough values to unpack (expected 3, got 0)
2026-04-08 07:20:58,200 [WARNING]       ⚠️ 페이지 4234 처리 중 오류: not enough values to unpack (expected 3, got 0)
2026-04-08 07:20:58,202 [WARNING]       ⚠️ 페이지 4236 처리 중 오류: not enough values to unpack (expected 3, got 0)
2026-04-08 07:20:58,204 [WARNING]       ⚠️ 페이지 4233 처리 중 오류: not enough values to unpack (expected 3, got 0)
2026-04-08 07:20:58,226 [WARNING]       ⚠️ 페이지 4231 처리 중 오류: not enough values to unpack (expected 3, got 0)
2026-04-08 07:20:58,227 [WARNING]       ⚠️ 페이지 4238 처리 중 오류: not enough values to unpack (expected 3, got 0)
2026-04-08 07:20:58,277 [WARNING]       ⚠️ 페이지 4232 처리 중 오류: not enough values to unpack (expected 3, got 0)
2026-04-08 07:20:58,296 [WARNING]       ⚠️ 페이지 4239 처리 중 오류: not enough values to unpack (expected 3, got 0)
2026-04-08 07:20:58,300 [WARNING]       ⚠️ 페이지 4237 처리 중 오류: not enough values to unpack (expected 3, got 0)
2026-04-08 07:20:58,304 [WARNING]       ⚠️ 페이지 4235 처리 중 오류: not enough values to unpack (expected 3, got 0)
2026-04-08 07:20:58,380 [WARNING]       ⚠️ 페이지 4240 처리 중 오류: not enough values to unpack (expected 3, got 0)
2026-04-08 07:21:29,557 [WARNING]       ⚠️ 페이지 4250 처리 중 오류: not enough values to unpack (expected 3, got 0)
2026-04-08 07:21:29,564 [WARNING]       ⚠️ 페이지 4249 처리 중 오류: not enough values to unpack (expected 3, got 0)
2026-04-08 07:21:29,621 [WARNING]       ⚠️ 페이지 4246 처리 중 오류: not enough values to unpack (expected 3, got 0)
2026-04-08 07:21:29,627 [WARNING]       ⚠️ 페이지 4242 처리 중 오류: not enough values to unpack (expected 3, got 0)
2026-04-08 07:21:29,629 [WARNING]       ⚠️ 페이지 4247 처리 중 오류: not enough values to unpack (expected 3, got 0)
2026-04-08 07:21:29,643 [WARNING]       ⚠️ 페이지 4244 처리 중 오류: not enough values to unpack (expected 3, got 0)
2026-04-08 07:21:29,662 [WARNING]       ⚠️ 페이지 4243 처리 중 오류: not enough values to unpack (expected 3, got 0)
2026-04-08 07:21:29,664 [WARNING]       ⚠️ 페이지 4248 처리 중 오류: not enough values to unpack (expected 3, got 0)
2026-04-08 07:21:29,678 [WARNING]       ⚠️ 페이지 4241 처리 중 오류: not enough values to unpack (expected 3, got 0)
2026-04-08 07:21:29,683 [WARNING]       ⚠️ 페이지 4245 처리 중 오류: not enough values to unpack (expected 3, got 0)
2026-04-08 07:22:00,804 [WARNING]       ⚠️ 페이지 4255 처리 중 오류: not enough values to unpack (expected 3, got 0)
2026-04-08 07:22:00,806 [WARNING]       ⚠️ 페이지 4254 처리 중 오류: not enough values to unpack (expected 3, got 0)
2026-04-08 07:22:00,808 [WARNING]       ⚠️ 페이지 4256 처리 중 오류: not enough values to unpack (expected 3, got 0)
2026-04-08 07:22:00,816 [WARNING]       ⚠️ 페이지 4253 처리 중 오류: not enough values to unpack (expected 3, got 0)
2026-04-08 07:22:00,871 [WARNING]       ⚠️ 페이지 4260 처리 중 오류: not enough values to unpack (expected 3, got 0)
2026-04-08 07:22:00,878 [WARNING]       ⚠️ 페이지 4257 처리 중 오류: not enough values to unpack (expected 3, got 0)
2026-04-08 07:22:00,883 [WARNING]       ⚠️ 페이지 4252 처리 중 오류: not enough values to unpack (expected 3, got 0)
2026-04-08 07:22:00,883 [WARNING]       ⚠️ 페이지 4251 처리 중 오류: not enough values to unpack (expected 3, got 0)
2026-04-08 07:22:00,975 [WARNING]       ⚠️ 페이지 4258 처리 중 오류: not enough values to unpack (expected 3, got 0)
2026-04-08 07:22:01,008 [WARNING]       ⚠️ 페이지 4259 처리 중 오류: not enough values to unpack (expected 3, got 0)
2026-04-08 07:22:01,009 [INFO]       ... 4241/6000 페이지 진행 중...
2026-04-08 07:22:32,192 [WARNING]       ⚠️ 페이지 4266 처리 중 오류: not enough values to unpack (expected 3, got 0)
2026-04-08 07:22:32,238 [WARNING]       ⚠️ 페이지 4267 처리 중 오류: not enough values to unpack (expected 3, got 0)
2026-04-08 07:22:32,239 [WARNING]       ⚠️ 페이지 4270 처리 중 오류: not enough values to unpack (expected 3, got 0)
2026-04-08 07:22:32,241 [WARNING]       ⚠️ 페이지 4261 처리 중 오류: not enough values to unpack (expected 3, got 0)
2026-04-08 07:22:32,260 [WARNING]       ⚠️ 페이지 4268 처리 중 오류: not enough values to unpack (expected 3, got 0)
2026-04-08 07:22:32,262 [WARNING]       ⚠️ 페이지 4265 처리 중 오류: not enough values to unpack (expected 3, got 0)
2026-04-08 07:22:32,266 [WARNING]       ⚠️ 페이지 4263 처리 중 오류: not enough values to unpack (expected 3, got 0)
2026-04-08 07:22:32,273 [WARNING]       ⚠️ 페이지 4264 처리 중 오류: not enough values to unpack (expected 3, got 0)
2026-04-08 07:22:32,274 [WARNING]       ⚠️ 페이지 4262 처리 중 오류: not enough values to unpack (expected 3, got 0)
2026-04-08 07:22:32,308 [WARNING]       ⚠️ 페이지 4269 처리 중 오류: not enough values to unpack (expected 3, got 0)
2026-04-08 07:23:03,446 [WARNING]       ⚠️ 페이지 4273 처리 중 오류: not enough values to unpack (expected 3, got 0)
2026-04-08 07:23:03,453 [WARNING]       ⚠️ 페이지 4275 처리 중 오류: not enough values to unpack (expected 3, got 0)
2026-04-08 07:23:03,471 [WARNING]       ⚠️ 페이지 4277 처리 중 오류: not enough values to unpack (expected 3, got 0)
2026-04-08 07:23:03,481 [WARNING]       ⚠️ 페이지 4271 처리 중 오류: not enough values to unpack (expected 3, got 0)
2026-04-08 07:23:03,485 [WARNING]       ⚠️ 페이지 4278 처리 중 오류: not enough values to unpack (expected 3, got 0)
2026-04-08 07:23:03,492 [WARNING]       ⚠️ 페이지 4276 처리 중 오류: not enough values to unpack (expected 3, got 0)
2026-04-08 07:23:03,502 [WARNING]       ⚠️ 페이지 4279 처리 중 오류: not enough values to unpack (expected 3, got 0)
2026-04-08 07:23:03,532 [WARNING]       ⚠️ 페이지 4272 처리 중 오류: not enough values to unpack (expected 3, got 0)
2026-04-08 07:23:03,536 [WARNING]       ⚠️ 페이지 4274 처리 중 오류: not enough values to unpack (expected 3, got 0)
2026-04-08 07:23:03,626 [WARNING]       ⚠️ 페이지 4280 처리 중 오류: not enough values to unpack (expected 3, got 0)
2026-04-08 07:23:34,799 [WARNING]       ⚠️ 페이지 4289 처리 중 오류: not enough values to unpack (expected 3, got 0)
2026-04-08 07:23:34,824 [WARNING]       ⚠️ 페이지 4285 처리 중 오류: not enough values to unpack (expected 3, got 0)
2026-04-08 07:23:34,856 [WARNING]       ⚠️ 페이지 4288 처리 중 오류: not enough values to unpack (expected 3, got 0)
2026-04-08 07:23:34,858 [WARNING]       ⚠️ 페이지 4283 처리 중 오류: not enough values to unpack (expected 3, got 0)
2026-04-08 07:23:34,873 [WARNING]       ⚠️ 페이지 4287 처리 중 오류: not enough values to unpack (expected 3, got 0)
2026-04-08 07:23:34,874 [WARNING]       ⚠️ 페이지 4290 처리 중 오류: not enough values to unpack (expected 3, got 0)
2026-04-08 07:23:34,898 [WARNING]       ⚠️ 페이지 4286 처리 중 오류: not enough values to unpack (expected 3, got 0)
2026-04-08 07:23:34,901 [WARNING]       ⚠️ 페이지 4282 처리 중 오류: not enough values to unpack (expected 3, got 0)
2026-04-08 07:23:34,915 [WARNING]       ⚠️ 페이지 4281 처리 중 오류: not enough values to unpack (expected 3, got 0)
2026-04-08 07:23:34,921 [WARNING]       ⚠️ 페이지 4284 처리 중 오류: not enough values to unpack (expected 3, got 0)
2026-04-08 07:24:06,021 [WARNING]       ⚠️ 페이지 4294 처리 중 오류: not enough values to unpack (expected 3, got 0)
2026-04-08 07:24:06,033 [WARNING]       ⚠️ 페이지 4291 처리 중 오류: not enough values to unpack (expected 3, got 0)
2026-04-08 07:24:06,065 [WARNING]       ⚠️ 페이지 4292 처리 중 오류: not enough values to unpack (expected 3, got 0)
2026-04-08 07:24:06,072 [WARNING]       ⚠️ 페이지 4293 처리 중 오류: not enough values to unpack (expected 3, got 0)
2026-04-08 07:24:06,108 [WARNING]       ⚠️ 페이지 4296 처리 중 오류: not enough values to unpack (expected 3, got 0)
2026-04-08 07:24:06,152 [WARNING]       ⚠️ 페이지 4295 처리 중 오류: not enough values to unpack (expected 3, got 0)
2026-04-08 07:24:06,169 [WARNING]       ⚠️ 페이지 4297 처리 중 오류: not enough values to unpack (expected 3, got 0)
2026-04-08 07:24:06,170 [WARNING]       ⚠️ 페이지 4298 처리 중 오류: not enough values to unpack (expected 3, got 0)
2026-04-08 07:24:06,174 [WARNING]       ⚠️ 페이지 4299 처리 중 오류: not enough values to unpack (expected 3, got 0)
2026-04-08 07:24:06,176 [WARNING]       ⚠️ 페이지 4300 처리 중 오류: not enough values to unpack (expected 3, got 0)
2026-04-08 07:24:06,176 [INFO]       ... 4281/6000 페이지 진행 중...
2026-04-08 07:24:37,355 [WARNING]       ⚠️ 페이지 4309 처리 중 오류: not enough values to unpack (expected 3, got 0)
2026-04-08 07:24:37,371 [WARNING]       ⚠️ 페이지 4308 처리 중 오류: not enough values to unpack (expected 3, got 0)
2026-04-08 07:24:37,400 [WARNING]       ⚠️ 페이지 4307 처리 중 오류: not enough values to unpack (expected 3, got 0)
2026-04-08 07:24:37,404 [WARNING]       ⚠️ 페이지 4304 처리 중 오류: not enough values to unpack (expected 3, got 0)
2026-04-08 07:24:37,409 [WARNING]       ⚠️ 페이지 4302 처리 중 오류: not enough values to unpack (expected 3, got 0)
2026-04-08 07:24:37,412 [WARNING]       ⚠️ 페이지 4303 처리 중 오류: not enough values to unpack (expected 3, got 0)
2026-04-08 07:24:37,436 [WARNING]       ⚠️ 페이지 4306 처리 중 오류: not enough values to unpack (expected 3, got 0)
2026-04-08 07:24:37,437 [WARNING]       ⚠️ 페이지 4310 처리 중 오류: not enough values to unpack (expected 3, got 0)
2026-04-08 07:24:37,459 [WARNING]       ⚠️ 페이지 4301 처리 중 오류: not enough values to unpack (expected 3, got 0)
2026-04-08 07:24:37,461 [WARNING]       ⚠️ 페이지 4305 처리 중 오류: not enough values to unpack (expected 3, got 0)
2026-04-08 07:25:08,559 [WARNING]       ⚠️ 페이지 4311 처리 중 오류: not enough values to unpack (expected 3, got 0)
2026-04-08 07:25:08,585 [WARNING]       ⚠️ 페이지 4312 처리 중 오류: not enough values to unpack (expected 3, got 0)
2026-04-08 07:25:08,586 [WARNING]       ⚠️ 페이지 4315 처리 중 오류: not enough values to unpack (expected 3, got 0)
2026-04-08 07:25:08,604 [WARNING]       ⚠️ 페이지 4316 처리 중 오류: not enough values to unpack (expected 3, got 0)
2026-04-08 07:25:08,619 [WARNING]       ⚠️ 페이지 4313 처리 중 오류: not enough values to unpack (expected 3, got 0)
2026-04-08 07:25:08,653 [WARNING]       ⚠️ 페이지 4314 처리 중 오류: not enough values to unpack (expected 3, got 0)
2026-04-08 07:25:08,689 [WARNING]       ⚠️ 페이지 4319 처리 중 오류: not enough values to unpack (expected 3, got 0)
2026-04-08 07:25:08,696 [WARNING]       ⚠️ 페이지 4317 처리 중 오류: not enough values to unpack (expected 3, got 0)
2026-04-08 07:25:08,697 [WARNING]       ⚠️ 페이지 4320 처리 중 오류: not enough values to unpack (expected 3, got 0)
2026-04-08 07:25:08,744 [WARNING]       ⚠️ 페이지 4318 처리 중 오류: not enough values to unpack (expected 3, got 0)
2026-04-08 07:25:39,915 [WARNING]       ⚠️ 페이지 4328 처리 중 오류: not enough values to unpack (expected 3, got 0)
2026-04-08 07:25:39,926 [WARNING]       ⚠️ 페이지 4330 처리 중 오류: not enough values to unpack (expected 3, got 0)
2026-04-08 07:25:39,957 [WARNING]       ⚠️ 페이지 4322 처리 중 오류: not enough values to unpack (expected 3, got 0)
2026-04-08 07:25:39,984 [WARNING]       ⚠️ 페이지 4321 처리 중 오류: not enough values to unpack (expected 3, got 0)
2026-04-08 07:25:39,985 [WARNING]       ⚠️ 페이지 4323 처리 중 오류: not enough values to unpack (expected 3, got 0)
2026-04-08 07:25:39,991 [WARNING]       ⚠️ 페이지 4326 처리 중 오류: not enough values to unpack (expected 3, got 0)
2026-04-08 07:25:40,008 [WARNING]       ⚠️ 페이지 4329 처리 중 오류: not enough values to unpack (expected 3, got 0)
2026-04-08 07:25:40,026 [WARNING]       ⚠️ 페이지 4325 처리 중 오류: not enough values to unpack (expected 3, got 0)
2026-04-08 07:25:40,027 [WARNING]       ⚠️ 페이지 4327 처리 중 오류: not enough values to unpack (expected 3, got 0)
2026-04-08 07:25:40,035 [WARNING]       ⚠️ 페이지 4324 처리 중 오류: not enough values to unpack (expected 3, got 0)
2026-04-08 07:26:11,114 [WARNING]       ⚠️ 페이지 4333 처리 중 오류: not enough values to unpack (expected 3, got 0)
2026-04-08 07:26:11,127 [WARNING]       ⚠️ 페이지 4331 처리 중 오류: not enough values to unpack (expected 3, got 0)
2026-04-08 07:26:11,180 [WARNING]       ⚠️ 페이지 4335 처리 중 오류: not enough values to unpack (expected 3, got 0)
2026-04-08 07:26:11,200 [WARNING]       ⚠️ 페이지 4332 처리 중 오류: not enough values to unpack (expected 3, got 0)
2026-04-08 07:26:11,201 [WARNING]       ⚠️ 페이지 4334 처리 중 오류: not enough values to unpack (expected 3, got 0)
2026-04-08 07:26:11,203 [WARNING]       ⚠️ 페이지 4337 처리 중 오류: not enough values to unpack (expected 3, got 0)
2026-04-08 07:26:11,244 [WARNING]       ⚠️ 페이지 4340 처리 중 오류: not enough values to unpack (expected 3, got 0)
2026-04-08 07:26:11,260 [WARNING]       ⚠️ 페이지 4338 처리 중 오류: not enough values to unpack (expected 3, got 0)
2026-04-08 07:26:11,265 [WARNING]       ⚠️ 페이지 4336 처리 중 오류: not enough values to unpack (expected 3, got 0)
2026-04-08 07:26:11,323 [WARNING]       ⚠️ 페이지 4339 처리 중 오류: not enough values to unpack (expected 3, got 0)
2026-04-08 07:26:11,324 [INFO]       ... 4321/6000 페이지 진행 중...
2026-04-08 07:26:42,500 [WARNING]       ⚠️ 페이지 4341 처리 중 오류: not enough values to unpack (expected 3, got 0)
2026-04-08 07:26:42,514 [WARNING]       ⚠️ 페이지 4346 처리 중 오류: not enough values to unpack (expected 3, got 0)
2026-04-08 07:26:42,558 [WARNING]       ⚠️ 페이지 4342 처리 중 오류: not enough values to unpack (expected 3, got 0)
2026-04-08 07:26:42,561 [WARNING]       ⚠️ 페이지 4347 처리 중 오류: not enough values to unpack (expected 3, got 0)
2026-04-08 07:26:42,563 [WARNING]       ⚠️ 페이지 4344 처리 중 오류: not enough values to unpack (expected 3, got 0)
2026-04-08 07:26:42,564 [WARNING]       ⚠️ 페이지 4345 처리 중 오류: not enough values to unpack (expected 3, got 0)
2026-04-08 07:26:42,581 [WARNING]       ⚠️ 페이지 4343 처리 중 오류: not enough values to unpack (expected 3, got 0)
2026-04-08 07:26:42,590 [WARNING]       ⚠️ 페이지 4348 처리 중 오류: not enough values to unpack (expected 3, got 0)
2026-04-08 07:26:42,602 [WARNING]       ⚠️ 페이지 4349 처리 중 오류: not enough values to unpack (expected 3, got 0)
2026-04-08 07:26:42,606 [WARNING]       ⚠️ 페이지 4350 처리 중 오류: not enough values to unpack (expected 3, got 0)
2026-04-08 07:27:13,735 [WARNING]       ⚠️ 페이지 4353 처리 중 오류: not enough values to unpack (expected 3, got 0)
2026-04-08 07:27:13,736 [WARNING]       ⚠️ 페이지 4355 처리 중 오류: not enough values to unpack (expected 3, got 0)
2026-04-08 07:27:13,738 [WARNING]       ⚠️ 페이지 4356 처리 중 오류: not enough values to unpack (expected 3, got 0)
2026-04-08 07:27:13,741 [WARNING]       ⚠️ 페이지 4357 처리 중 오류: not enough values to unpack (expected 3, got 0)
2026-04-08 07:27:13,793 [WARNING]       ⚠️ 페이지 4358 처리 중 오류: not enough values to unpack (expected 3, got 0)
2026-04-08 07:27:13,794 [WARNING]       ⚠️ 페이지 4351 처리 중 오류: not enough values to unpack (expected 3, got 0)
2026-04-08 07:27:13,801 [WARNING]       ⚠️ 페이지 4360 처리 중 오류: not enough values to unpack (expected 3, got 0)
2026-04-08 07:27:13,831 [WARNING]       ⚠️ 페이지 4352 처리 중 오류: not enough values to unpack (expected 3, got 0)
2026-04-08 07:27:13,877 [WARNING]       ⚠️ 페이지 4354 처리 중 오류: not enough values to unpack (expected 3, got 0)
2026-04-08 07:27:13,918 [WARNING]       ⚠️ 페이지 4359 처리 중 오류: not enough values to unpack (expected 3, got 0)
2026-04-08 07:27:45,094 [WARNING]       ⚠️ 페이지 4369 처리 중 오류: not enough values to unpack (expected 3, got 0)
2026-04-08 07:27:45,111 [WARNING]       ⚠️ 페이지 4366 처리 중 오류: not enough values to unpack (expected 3, got 0)
2026-04-08 07:27:45,148 [WARNING]       ⚠️ 페이지 4364 처리 중 오류: not enough values to unpack (expected 3, got 0)
2026-04-08 07:27:45,152 [WARNING]       ⚠️ 페이지 4361 처리 중 오류: not enough values to unpack (expected 3, got 0)
2026-04-08 07:27:45,153 [WARNING]       ⚠️ 페이지 4362 처리 중 오류: not enough values to unpack (expected 3, got 0)
2026-04-08 07:27:45,187 [WARNING]       ⚠️ 페이지 4365 처리 중 오류: not enough values to unpack (expected 3, got 0)
2026-04-08 07:27:45,188 [WARNING]       ⚠️ 페이지 4368 처리 중 오류: not enough values to unpack (expected 3, got 0)
2026-04-08 07:27:45,191 [WARNING]       ⚠️ 페이지 4367 처리 중 오류: not enough values to unpack (expected 3, got 0)
2026-04-08 07:27:45,192 [WARNING]       ⚠️ 페이지 4370 처리 중 오류: not enough values to unpack (expected 3, got 0)
2026-04-08 07:27:45,196 [WARNING]       ⚠️ 페이지 4363 처리 중 오류: not enough values to unpack (expected 3, got 0)
2026-04-08 07:28:16,344 [WARNING]       ⚠️ 페이지 4375 처리 중 오류: not enough values to unpack (expected 3, got 0)
2026-04-08 07:28:16,346 [WARNING]       ⚠️ 페이지 4373 처리 중 오류: not enough values to unpack (expected 3, got 0)
2026-04-08 07:28:16,358 [WARNING]       ⚠️ 페이지 4376 처리 중 오류: not enough values to unpack (expected 3, got 0)
2026-04-08 07:28:16,374 [WARNING]       ⚠️ 페이지 4371 처리 중 오류: not enough values to unpack (expected 3, got 0)
2026-04-08 07:28:16,378 [WARNING]       ⚠️ 페이지 4372 처리 중 오류: not enough values to unpack (expected 3, got 0)
2026-04-08 07:28:16,412 [WARNING]       ⚠️ 페이지 4374 처리 중 오류: not enough values to unpack (expected 3, got 0)
2026-04-08 07:28:16,427 [WARNING]       ⚠️ 페이지 4378 처리 중 오류: not enough values to unpack (expected 3, got 0)
2026-04-08 07:28:16,437 [WARNING]       ⚠️ 페이지 4380 처리 중 오류: not enough values to unpack (expected 3, got 0)
2026-04-08 07:28:16,469 [WARNING]       ⚠️ 페이지 4377 처리 중 오류: not enough values to unpack (expected 3, got 0)
2026-04-08 07:28:16,509 [WARNING]       ⚠️ 페이지 4379 처리 중 오류: not enough values to unpack (expected 3, got 0)
2026-04-08 07:28:16,510 [INFO]       ... 4361/6000 페이지 진행 중...
2026-04-08 07:28:47,721 [WARNING]       ⚠️ 페이지 4382 처리 중 오류: not enough values to unpack (expected 3, got 0)
2026-04-08 07:28:47,724 [WARNING]       ⚠️ 페이지 4387 처리 중 오류: not enough values to unpack (expected 3, got 0)
2026-04-08 07:28:47,755 [WARNING]       ⚠️ 페이지 4390 처리 중 오류: not enough values to unpack (expected 3, got 0)
2026-04-08 07:28:47,758 [WARNING]       ⚠️ 페이지 4388 처리 중 오류: not enough values to unpack (expected 3, got 0)
2026-04-08 07:28:47,759 [WARNING]       ⚠️ 페이지 4386 처리 중 오류: not enough values to unpack (expected 3, got 0)
2026-04-08 07:28:47,764 [WARNING]       ⚠️ 페이지 4383 처리 중 오류: not enough values to unpack (expected 3, got 0)
2026-04-08 07:28:47,784 [WARNING]       ⚠️ 페이지 4385 처리 중 오류: not enough values to unpack (expected 3, got 0)
2026-04-08 07:28:47,784 [WARNING]       ⚠️ 페이지 4384 처리 중 오류: not enough values to unpack (expected 3, got 0)
2026-04-08 07:28:47,794 [WARNING]       ⚠️ 페이지 4381 처리 중 오류: not enough values to unpack (expected 3, got 0)
2026-04-08 07:28:47,794 [WARNING]       ⚠️ 페이지 4389 처리 중 오류: not enough values to unpack (expected 3, got 0)
2026-04-08 07:29:18,942 [WARNING]       ⚠️ 페이지 4393 처리 중 오류: not enough values to unpack (expected 3, got 0)
2026-04-08 07:29:18,943 [WARNING]       ⚠️ 페이지 4396 처리 중 오류: not enough values to unpack (expected 3, got 0)
2026-04-08 07:29:18,945 [WARNING]       ⚠️ 페이지 4395 처리 중 오류: not enough values to unpack (expected 3, got 0)
2026-04-08 07:29:18,997 [WARNING]       ⚠️ 페이지 4398 처리 중 오류: not enough values to unpack (expected 3, got 0)
2026-04-08 07:29:18,998 [WARNING]       ⚠️ 페이지 4392 처리 중 오류: not enough values to unpack (expected 3, got 0)
2026-04-08 07:29:19,024 [WARNING]       ⚠️ 페이지 4394 처리 중 오류: not enough values to unpack (expected 3, got 0)
2026-04-08 07:29:19,026 [WARNING]       ⚠️ 페이지 4391 처리 중 오류: not enough values to unpack (expected 3, got 0)
2026-04-08 07:29:19,037 [WARNING]       ⚠️ 페이지 4397 처리 중 오류: not enough values to unpack (expected 3, got 0)
2026-04-08 07:29:19,065 [WARNING]       ⚠️ 페이지 4399 처리 중 오류: not enough values to unpack (expected 3, got 0)
2026-04-08 07:29:19,082 [WARNING]       ⚠️ 페이지 4400 처리 중 오류: not enough values to unpack (expected 3, got 0)
2026-04-08 07:29:50,262 [WARNING]       ⚠️ 페이지 4403 처리 중 오류: not enough values to unpack (expected 3, got 0)
2026-04-08 07:29:50,262 [WARNING]       ⚠️ 페이지 4401 처리 중 오류: not enough values to unpack (expected 3, got 0)
2026-04-08 07:29:50,307 [WARNING]       ⚠️ 페이지 4406 처리 중 오류: not enough values to unpack (expected 3, got 0)
2026-04-08 07:29:50,334 [WARNING]       ⚠️ 페이지 4409 처리 중 오류: not enough values to unpack (expected 3, got 0)
2026-04-08 07:29:50,335 [WARNING]       ⚠️ 페이지 4408 처리 중 오류: not enough values to unpack (expected 3, got 0)
2026-04-08 07:29:50,348 [WARNING]       ⚠️ 페이지 4407 처리 중 오류: not enough values to unpack (expected 3, got 0)
2026-04-08 07:29:50,370 [WARNING]       ⚠️ 페이지 4404 처리 중 오류: not enough values to unpack (expected 3, got 0)
2026-04-08 07:29:50,371 [WARNING]       ⚠️ 페이지 4405 처리 중 오류: not enough values to unpack (expected 3, got 0)
2026-04-08 07:29:50,373 [WARNING]       ⚠️ 페이지 4402 처리 중 오류: not enough values to unpack (expected 3, got 0)
2026-04-08 07:29:50,374 [WARNING]       ⚠️ 페이지 4410 처리 중 오류: not enough values to unpack (expected 3, got 0)
2026-04-08 07:30:21,487 [WARNING]       ⚠️ 페이지 4413 처리 중 오류: not enough values to unpack (expected 3, got 0)
2026-04-08 07:30:21,509 [WARNING]       ⚠️ 페이지 4414 처리 중 오류: not enough values to unpack (expected 3, got 0)
2026-04-08 07:30:21,515 [WARNING]       ⚠️ 페이지 4415 처리 중 오류: not enough values to unpack (expected 3, got 0)
2026-04-08 07:30:21,519 [WARNING]       ⚠️ 페이지 4412 처리 중 오류: not enough values to unpack (expected 3, got 0)
2026-04-08 07:30:21,523 [WARNING]       ⚠️ 페이지 4411 처리 중 오류: not enough values to unpack (expected 3, got 0)
2026-04-08 07:30:21,581 [WARNING]       ⚠️ 페이지 4418 처리 중 오류: not enough values to unpack (expected 3, got 0)
2026-04-08 07:30:21,613 [WARNING]       ⚠️ 페이지 4416 처리 중 오류: not enough values to unpack (expected 3, got 0)
2026-04-08 07:30:21,616 [WARNING]       ⚠️ 페이지 4417 처리 중 오류: not enough values to unpack (expected 3, got 0)
2026-04-08 07:30:21,691 [WARNING]       ⚠️ 페이지 4420 처리 중 오류: not enough values to unpack (expected 3, got 0)
2026-04-08 07:30:21,696 [WARNING]       ⚠️ 페이지 4419 처리 중 오류: not enough values to unpack (expected 3, got 0)
2026-04-08 07:30:21,697 [INFO]       ... 4401/6000 페이지 진행 중...
2026-04-08 07:30:52,895 [WARNING]       ⚠️ 페이지 4430 처리 중 오류: not enough values to unpack (expected 3, got 0)
2026-04-08 07:30:52,917 [WARNING]       ⚠️ 페이지 4429 처리 중 오류: not enough values to unpack (expected 3, got 0)
2026-04-08 07:30:52,931 [WARNING]       ⚠️ 페이지 4427 처리 중 오류: not enough values to unpack (expected 3, got 0)
2026-04-08 07:30:52,932 [WARNING]       ⚠️ 페이지 4426 처리 중 오류: not enough values to unpack (expected 3, got 0)
2026-04-08 07:30:52,937 [WARNING]       ⚠️ 페이지 4428 처리 중 오류: not enough values to unpack (expected 3, got 0)
2026-04-08 07:30:52,960 [WARNING]       ⚠️ 페이지 4425 처리 중 오류: not enough values to unpack (expected 3, got 0)
2026-04-08 07:30:52,974 [WARNING]       ⚠️ 페이지 4422 처리 중 오류: not enough values to unpack (expected 3, got 0)
2026-04-08 07:30:52,989 [WARNING]       ⚠️ 페이지 4421 처리 중 오류: not enough values to unpack (expected 3, got 0)
2026-04-08 07:30:52,991 [WARNING]       ⚠️ 페이지 4423 처리 중 오류: not enough values to unpack (expected 3, got 0)
2026-04-08 07:30:52,992 [WARNING]       ⚠️ 페이지 4424 처리 중 오류: not enough values to unpack (expected 3, got 0)
2026-04-08 07:31:24,108 [WARNING]       ⚠️ 페이지 4434 처리 중 오류: not enough values to unpack (expected 3, got 0)
2026-04-08 07:31:24,108 [WARNING]       ⚠️ 페이지 4435 처리 중 오류: not enough values to unpack (expected 3, got 0)
2026-04-08 07:31:24,145 [WARNING]       ⚠️ 페이지 4432 처리 중 오류: not enough values to unpack (expected 3, got 0)
2026-04-08 07:31:24,165 [WARNING]       ⚠️ 페이지 4433 처리 중 오류: not enough values to unpack (expected 3, got 0)
2026-04-08 07:31:24,175 [WARNING]       ⚠️ 페이지 4439 처리 중 오류: not enough values to unpack (expected 3, got 0)
2026-04-08 07:31:24,224 [WARNING]       ⚠️ 페이지 4431 처리 중 오류: not enough values to unpack (expected 3, got 0)
2026-04-08 07:31:24,233 [WARNING]       ⚠️ 페이지 4438 처리 중 오류: not enough values to unpack (expected 3, got 0)
2026-04-08 07:31:24,243 [WARNING]       ⚠️ 페이지 4436 처리 중 오류: not enough values to unpack (expected 3, got 0)
2026-04-08 07:31:24,269 [WARNING]       ⚠️ 페이지 4440 처리 중 오류: not enough values to unpack (expected 3, got 0)
2026-04-08 07:31:24,279 [WARNING]       ⚠️ 페이지 4437 처리 중 오류: not enough values to unpack (expected 3, got 0)
2026-04-08 07:31:55,469 [WARNING]       ⚠️ 페이지 4447 처리 중 오류: not enough values to unpack (expected 3, got 0)
2026-04-08 07:31:55,500 [WARNING]       ⚠️ 페이지 4442 처리 중 오류: not enough values to unpack (expected 3, got 0)
2026-04-08 07:31:55,508 [WARNING]       ⚠️ 페이지 4444 처리 중 오류: not enough values to unpack (expected 3, got 0)
2026-04-08 07:31:55,535 [WARNING]       ⚠️ 페이지 4441 처리 중 오류: not enough values to unpack (expected 3, got 0)
2026-04-08 07:31:55,537 [WARNING]       ⚠️ 페이지 4450 처리 중 오류: not enough values to unpack (expected 3, got 0)
2026-04-08 07:31:55,539 [WARNING]       ⚠️ 페이지 4449 처리 중 오류: not enough values to unpack (expected 3, got 0)
2026-04-08 07:31:55,548 [WARNING]       ⚠️ 페이지 4446 처리 중 오류: not enough values to unpack (expected 3, got 0)
2026-04-08 07:31:55,560 [WARNING]       ⚠️ 페이지 4443 처리 중 오류: not enough values to unpack (expected 3, got 0)
2026-04-08 07:31:55,575 [WARNING]       ⚠️ 페이지 4448 처리 중 오류: not enough values to unpack (expected 3, got 0)
2026-04-08 07:31:55,581 [WARNING]       ⚠️ 페이지 4445 처리 중 오류: not enough values to unpack (expected 3, got 0)
2026-04-08 07:32:26,708 [WARNING]       ⚠️ 페이지 4452 처리 중 오류: not enough values to unpack (expected 3, got 0)
2026-04-08 07:32:26,710 [WARNING]       ⚠️ 페이지 4457 처리 중 오류: not enough values to unpack (expected 3, got 0)
2026-04-08 07:32:26,722 [WARNING]       ⚠️ 페이지 4451 처리 중 오류: not enough values to unpack (expected 3, got 0)
2026-04-08 07:32:26,722 [WARNING]       ⚠️ 페이지 4454 처리 중 오류: not enough values to unpack (expected 3, got 0)
2026-04-08 07:32:26,757 [WARNING]       ⚠️ 페이지 4458 처리 중 오류: not enough values to unpack (expected 3, got 0)
2026-04-08 07:32:26,773 [WARNING]       ⚠️ 페이지 4455 처리 중 오류: not enough values to unpack (expected 3, got 0)
2026-04-08 07:32:26,782 [WARNING]       ⚠️ 페이지 4453 처리 중 오류: not enough values to unpack (expected 3, got 0)
2026-04-08 07:32:26,798 [WARNING]       ⚠️ 페이지 4460 처리 중 오류: not enough values to unpack (expected 3, got 0)
2026-04-08 07:32:26,798 [WARNING]       ⚠️ 페이지 4456 처리 중 오류: not enough values to unpack (expected 3, got 0)
2026-04-08 07:32:26,890 [WARNING]       ⚠️ 페이지 4459 처리 중 오류: not enough values to unpack (expected 3, got 0)
2026-04-08 07:32:26,890 [INFO]       ... 4441/6000 페이지 진행 중...
2026-04-08 07:32:58,071 [WARNING]       ⚠️ 페이지 4469 처리 중 오류: not enough values to unpack (expected 3, got 0)
2026-04-08 07:32:58,072 [WARNING]       ⚠️ 페이지 4464 처리 중 오류: not enough values to unpack (expected 3, got 0)
2026-04-08 07:32:58,114 [WARNING]       ⚠️ 페이지 4468 처리 중 오류: not enough values to unpack (expected 3, got 0)
2026-04-08 07:32:58,131 [WARNING]       ⚠️ 페이지 4467 처리 중 오류: not enough values to unpack (expected 3, got 0)
2026-04-08 07:32:58,139 [WARNING]       ⚠️ 페이지 4470 처리 중 오류: not enough values to unpack (expected 3, got 0)
2026-04-08 07:32:58,140 [WARNING]       ⚠️ 페이지 4463 처리 중 오류: not enough values to unpack (expected 3, got 0)
2026-04-08 07:32:58,172 [WARNING]       ⚠️ 페이지 4462 처리 중 오류: not enough values to unpack (expected 3, got 0)
2026-04-08 07:32:58,177 [WARNING]       ⚠️ 페이지 4465 처리 중 오류: not enough values to unpack (expected 3, got 0)
2026-04-08 07:32:58,179 [WARNING]       ⚠️ 페이지 4461 처리 중 오류: not enough values to unpack (expected 3, got 0)
2026-04-08 07:32:58,179 [WARNING]       ⚠️ 페이지 4466 처리 중 오류: not enough values to unpack (expected 3, got 0)
2026-04-08 07:33:29,301 [WARNING]       ⚠️ 페이지 4475 처리 중 오류: not enough values to unpack (expected 3, got 0)
2026-04-08 07:33:29,312 [WARNING]       ⚠️ 페이지 4474 처리 중 오류: not enough values to unpack (expected 3, got 0)
2026-04-08 07:33:29,339 [WARNING]       ⚠️ 페이지 4479 처리 중 오류: not enough values to unpack (expected 3, got 0)
2026-04-08 07:33:29,341 [WARNING]       ⚠️ 페이지 4472 처리 중 오류: not enough values to unpack (expected 3, got 0)
2026-04-08 07:33:29,346 [WARNING]       ⚠️ 페이지 4476 처리 중 오류: not enough values to unpack (expected 3, got 0)
2026-04-08 07:33:29,359 [WARNING]       ⚠️ 페이지 4477 처리 중 오류: not enough values to unpack (expected 3, got 0)
2026-04-08 07:33:29,403 [WARNING]       ⚠️ 페이지 4478 처리 중 오류: not enough values to unpack (expected 3, got 0)
2026-04-08 07:33:29,406 [WARNING]       ⚠️ 페이지 4471 처리 중 오류: not enough values to unpack (expected 3, got 0)
2026-04-08 07:33:29,453 [WARNING]       ⚠️ 페이지 4473 처리 중 오류: not enough values to unpack (expected 3, got 0)
2026-04-08 07:33:29,479 [WARNING]       ⚠️ 페이지 4480 처리 중 오류: not enough values to unpack (expected 3, got 0)
2026-04-08 07:34:00,661 [WARNING]       ⚠️ 페이지 4490 처리 중 오류: not enough values to unpack (expected 3, got 0)
2026-04-08 07:34:00,698 [WARNING]       ⚠️ 페이지 4481 처리 중 오류: not enough values to unpack (expected 3, got 0)
2026-04-08 07:34:00,700 [WARNING]       ⚠️ 페이지 4487 처리 중 오류: not enough values to unpack (expected 3, got 0)
2026-04-08 07:34:00,718 [WARNING]       ⚠️ 페이지 4488 처리 중 오류: not enough values to unpack (expected 3, got 0)
2026-04-08 07:34:00,725 [WARNING]       ⚠️ 페이지 4489 처리 중 오류: not enough values to unpack (expected 3, got 0)
2026-04-08 07:34:00,730 [WARNING]       ⚠️ 페이지 4486 처리 중 오류: not enough values to unpack (expected 3, got 0)
2026-04-08 07:34:00,760 [WARNING]       ⚠️ 페이지 4484 처리 중 오류: not enough values to unpack (expected 3, got 0)
2026-04-08 07:34:00,761 [WARNING]       ⚠️ 페이지 4483 처리 중 오류: not enough values to unpack (expected 3, got 0)
2026-04-08 07:34:00,771 [WARNING]       ⚠️ 페이지 4482 처리 중 오류: not enough values to unpack (expected 3, got 0)
2026-04-08 07:34:00,771 [WARNING]       ⚠️ 페이지 4485 처리 중 오류: not enough values to unpack (expected 3, got 0)
2026-04-08 07:34:31,873 [WARNING]       ⚠️ 페이지 4493 처리 중 오류: not enough values to unpack (expected 3, got 0)
2026-04-08 07:34:31,923 [WARNING]       ⚠️ 페이지 4492 처리 중 오류: not enough values to unpack (expected 3, got 0)
2026-04-08 07:34:31,929 [WARNING]       ⚠️ 페이지 4497 처리 중 오류: not enough values to unpack (expected 3, got 0)
2026-04-08 07:34:31,956 [WARNING]       ⚠️ 페이지 4494 처리 중 오류: not enough values to unpack (expected 3, got 0)
2026-04-08 07:34:31,957 [WARNING]       ⚠️ 페이지 4498 처리 중 오류: not enough values to unpack (expected 3, got 0)
2026-04-08 07:34:31,997 [WARNING]       ⚠️ 페이지 4496 처리 중 오류: not enough values to unpack (expected 3, got 0)
2026-04-08 07:34:32,005 [WARNING]       ⚠️ 페이지 4499 처리 중 오류: not enough values to unpack (expected 3, got 0)
2026-04-08 07:34:32,007 [WARNING]       ⚠️ 페이지 4491 처리 중 오류: not enough values to unpack (expected 3, got 0)
2026-04-08 07:34:32,044 [WARNING]       ⚠️ 페이지 4495 처리 중 오류: not enough values to unpack (expected 3, got 0)
2026-04-08 07:34:32,056 [WARNING]       ⚠️ 페이지 4500 처리 중 오류: not enough values to unpack (expected 3, got 0)
2026-04-08 07:34:32,057 [INFO]       ... 4481/6000 페이지 진행 중...
2026-04-08 07:35:03,260 [WARNING]       ⚠️ 페이지 4507 처리 중 오류: not enough values to unpack (expected 3, got 0)
2026-04-08 07:35:03,261 [WARNING]       ⚠️ 페이지 4502 처리 중 오류: not enough values to unpack (expected 3, got 0)
2026-04-08 07:35:03,286 [WARNING]       ⚠️ 페이지 4504 처리 중 오류: not enough values to unpack (expected 3, got 0)
2026-04-08 07:35:03,299 [WARNING]       ⚠️ 페이지 4510 처리 중 오류: not enough values to unpack (expected 3, got 0)
2026-04-08 07:35:03,307 [WARNING]       ⚠️ 페이지 4509 처리 중 오류: not enough values to unpack (expected 3, got 0)
2026-04-08 07:35:03,319 [WARNING]       ⚠️ 페이지 4508 처리 중 오류: not enough values to unpack (expected 3, got 0)
2026-04-08 07:35:03,329 [WARNING]       ⚠️ 페이지 4501 처리 중 오류: not enough values to unpack (expected 3, got 0)
2026-04-08 07:35:03,335 [WARNING]       ⚠️ 페이지 4506 처리 중 오류: not enough values to unpack (expected 3, got 0)
2026-04-08 07:35:03,337 [WARNING]       ⚠️ 페이지 4503 처리 중 오류: not enough values to unpack (expected 3, got 0)
2026-04-08 07:35:03,339 [WARNING]       ⚠️ 페이지 4505 처리 중 오류: not enough values to unpack (expected 3, got 0)
2026-04-08 07:35:34,481 [WARNING]       ⚠️ 페이지 4514 처리 중 오류: not enough values to unpack (expected 3, got 0)
2026-04-08 07:35:34,498 [WARNING]       ⚠️ 페이지 4513 처리 중 오류: not enough values to unpack (expected 3, got 0)
2026-04-08 07:35:34,517 [WARNING]       ⚠️ 페이지 4519 처리 중 오류: not enough values to unpack (expected 3, got 0)
2026-04-08 07:35:34,527 [WARNING]       ⚠️ 페이지 4520 처리 중 오류: not enough values to unpack (expected 3, got 0)
2026-04-08 07:35:34,544 [WARNING]       ⚠️ 페이지 4511 처리 중 오류: not enough values to unpack (expected 3, got 0)
2026-04-08 07:35:34,547 [WARNING]       ⚠️ 페이지 4512 처리 중 오류: not enough values to unpack (expected 3, got 0)
2026-04-08 07:35:34,565 [WARNING]       ⚠️ 페이지 4515 처리 중 오류: not enough values to unpack (expected 3, got 0)
2026-04-08 07:35:34,566 [WARNING]       ⚠️ 페이지 4516 처리 중 오류: not enough values to unpack (expected 3, got 0)
2026-04-08 07:35:34,670 [WARNING]       ⚠️ 페이지 4518 처리 중 오류: not enough values to unpack (expected 3, got 0)
2026-04-08 07:35:34,678 [WARNING]       ⚠️ 페이지 4517 처리 중 오류: not enough values to unpack (expected 3, got 0)
2026-04-08 07:36:05,874 [WARNING]       ⚠️ 페이지 4529 처리 중 오류: not enough values to unpack (expected 3, got 0)
2026-04-08 07:36:05,882 [WARNING]       ⚠️ 페이지 4525 처리 중 오류: not enough values to unpack (expected 3, got 0)
2026-04-08 07:36:05,890 [WARNING]       ⚠️ 페이지 4528 처리 중 오류: not enough values to unpack (expected 3, got 0)
2026-04-08 07:36:05,918 [WARNING]       ⚠️ 페이지 4526 처리 중 오류: not enough values to unpack (expected 3, got 0)
2026-04-08 07:36:05,919 [WARNING]       ⚠️ 페이지 4527 처리 중 오류: not enough values to unpack (expected 3, got 0)
2026-04-08 07:36:05,919 [WARNING]       ⚠️ 페이지 4521 처리 중 오류: not enough values to unpack (expected 3, got 0)
2026-04-08 07:36:05,955 [WARNING]       ⚠️ 페이지 4530 처리 중 오류: not enough values to unpack (expected 3, got 0)
2026-04-08 07:36:05,963 [WARNING]       ⚠️ 페이지 4522 처리 중 오류: not enough values to unpack (expected 3, got 0)
2026-04-08 07:36:05,972 [WARNING]       ⚠️ 페이지 4523 처리 중 오류: not enough values to unpack (expected 3, got 0)
2026-04-08 07:36:05,976 [WARNING]       ⚠️ 페이지 4524 처리 중 오류: not enough values to unpack (expected 3, got 0)
2026-04-08 07:36:37,085 [WARNING]       ⚠️ 페이지 4533 처리 중 오류: not enough values to unpack (expected 3, got 0)
2026-04-08 07:36:37,109 [WARNING]       ⚠️ 페이지 4532 처리 중 오류: not enough values to unpack (expected 3, got 0)
2026-04-08 07:36:37,114 [WARNING]       ⚠️ 페이지 4535 처리 중 오류: not enough values to unpack (expected 3, got 0)
2026-04-08 07:36:37,161 [WARNING]       ⚠️ 페이지 4534 처리 중 오류: not enough values to unpack (expected 3, got 0)
2026-04-08 07:36:37,162 [WARNING]       ⚠️ 페이지 4531 처리 중 오류: not enough values to unpack (expected 3, got 0)
2026-04-08 07:36:37,207 [WARNING]       ⚠️ 페이지 4536 처리 중 오류: not enough values to unpack (expected 3, got 0)
2026-04-08 07:36:37,213 [WARNING]       ⚠️ 페이지 4539 처리 중 오류: not enough values to unpack (expected 3, got 0)
2026-04-08 07:36:37,218 [WARNING]       ⚠️ 페이지 4540 처리 중 오류: not enough values to unpack (expected 3, got 0)
2026-04-08 07:36:37,239 [WARNING]       ⚠️ 페이지 4538 처리 중 오류: not enough values to unpack (expected 3, got 0)
2026-04-08 07:36:37,260 [WARNING]       ⚠️ 페이지 4537 처리 중 오류: not enough values to unpack (expected 3, got 0)
2026-04-08 07:36:37,261 [INFO]       ... 4521/6000 페이지 진행 중...
2026-04-08 07:37:08,456 [WARNING]       ⚠️ 페이지 4541 처리 중 오류: not enough values to unpack (expected 3, got 0)
2026-04-08 07:37:08,460 [WARNING]       ⚠️ 페이지 4542 처리 중 오류: not enough values to unpack (expected 3, got 0)
2026-04-08 07:37:08,509 [WARNING]       ⚠️ 페이지 4543 처리 중 오류: not enough values to unpack (expected 3, got 0)
2026-04-08 07:37:08,510 [WARNING]       ⚠️ 페이지 4548 처리 중 오류: not enough values to unpack (expected 3, got 0)
2026-04-08 07:37:08,519 [WARNING]       ⚠️ 페이지 4547 처리 중 오류: not enough values to unpack (expected 3, got 0)
2026-04-08 07:37:08,524 [WARNING]       ⚠️ 페이지 4549 처리 중 오류: not enough values to unpack (expected 3, got 0)
2026-04-08 07:37:08,527 [WARNING]       ⚠️ 페이지 4544 처리 중 오류: not enough values to unpack (expected 3, got 0)
2026-04-08 07:37:08,544 [WARNING]       ⚠️ 페이지 4546 처리 중 오류: not enough values to unpack (expected 3, got 0)
2026-04-08 07:37:08,545 [WARNING]       ⚠️ 페이지 4550 처리 중 오류: not enough values to unpack (expected 3, got 0)
2026-04-08 07:37:08,563 [WARNING]       ⚠️ 페이지 4545 처리 중 오류: not enough values to unpack (expected 3, got 0)
2026-04-08 07:37:39,692 [WARNING]       ⚠️ 페이지 4553 처리 중 오류: not enough values to unpack (expected 3, got 0)
2026-04-08 07:37:39,706 [WARNING]       ⚠️ 페이지 4554 처리 중 오류: not enough values to unpack (expected 3, got 0)
2026-04-08 07:37:39,712 [WARNING]       ⚠️ 페이지 4552 처리 중 오류: not enough values to unpack (expected 3, got 0)
2026-04-08 07:37:39,739 [WARNING]       ⚠️ 페이지 4556 처리 중 오류: not enough values to unpack (expected 3, got 0)
2026-04-08 07:37:39,748 [WARNING]       ⚠️ 페이지 4560 처리 중 오류: not enough values to unpack (expected 3, got 0)
2026-04-08 07:37:39,771 [WARNING]       ⚠️ 페이지 4555 처리 중 오류: not enough values to unpack (expected 3, got 0)
2026-04-08 07:37:39,773 [WARNING]       ⚠️ 페이지 4551 처리 중 오류: not enough values to unpack (expected 3, got 0)
2026-04-08 07:37:39,794 [WARNING]       ⚠️ 페이지 4557 처리 중 오류: not enough values to unpack (expected 3, got 0)
2026-04-08 07:37:39,817 [WARNING]       ⚠️ 페이지 4559 처리 중 오류: not enough values to unpack (expected 3, got 0)
2026-04-08 07:37:39,871 [WARNING]       ⚠️ 페이지 4558 처리 중 오류: not enough values to unpack (expected 3, got 0)
2026-04-08 07:38:11,052 [WARNING]       ⚠️ 페이지 4567 처리 중 오류: not enough values to unpack (expected 3, got 0)
2026-04-08 07:38:11,069 [WARNING]       ⚠️ 페이지 4568 처리 중 오류: not enough values to unpack (expected 3, got 0)
2026-04-08 07:38:11,106 [WARNING]       ⚠️ 페이지 4562 처리 중 오류: not enough values to unpack (expected 3, got 0)
2026-04-08 07:38:11,113 [WARNING]       ⚠️ 페이지 4569 처리 중 오류: not enough values to unpack (expected 3, got 0)
2026-04-08 07:38:11,129 [WARNING]       ⚠️ 페이지 4561 처리 중 오류: not enough values to unpack (expected 3, got 0)
2026-04-08 07:38:11,136 [WARNING]       ⚠️ 페이지 4566 처리 중 오류: not enough values to unpack (expected 3, got 0)
2026-04-08 07:38:11,140 [WARNING]       ⚠️ 페이지 4570 처리 중 오류: not enough values to unpack (expected 3, got 0)
2026-04-08 07:38:11,154 [WARNING]       ⚠️ 페이지 4564 처리 중 오류: not enough values to unpack (expected 3, got 0)
2026-04-08 07:38:11,159 [WARNING]       ⚠️ 페이지 4565 처리 중 오류: not enough values to unpack (expected 3, got 0)
2026-04-08 07:38:11,178 [WARNING]       ⚠️ 페이지 4563 처리 중 오류: not enough values to unpack (expected 3, got 0)
2026-04-08 07:38:42,306 [WARNING]       ⚠️ 페이지 4574 처리 중 오류: not enough values to unpack (expected 3, got 0)
2026-04-08 07:38:42,326 [WARNING]       ⚠️ 페이지 4575 처리 중 오류: not enough values to unpack (expected 3, got 0)
2026-04-08 07:38:42,336 [WARNING]       ⚠️ 페이지 4576 처리 중 오류: not enough values to unpack (expected 3, got 0)
2026-04-08 07:38:42,342 [WARNING]       ⚠️ 페이지 4578 처리 중 오류: not enough values to unpack (expected 3, got 0)
2026-04-08 07:38:42,363 [WARNING]       ⚠️ 페이지 4572 처리 중 오류: not enough values to unpack (expected 3, got 0)
2026-04-08 07:38:42,368 [WARNING]       ⚠️ 페이지 4580 처리 중 오류: not enough values to unpack (expected 3, got 0)
2026-04-08 07:38:42,387 [WARNING]       ⚠️ 페이지 4577 처리 중 오류: not enough values to unpack (expected 3, got 0)
2026-04-08 07:38:42,398 [WARNING]       ⚠️ 페이지 4571 처리 중 오류: not enough values to unpack (expected 3, got 0)
2026-04-08 07:38:42,436 [WARNING]       ⚠️ 페이지 4573 처리 중 오류: not enough values to unpack (expected 3, got 0)
2026-04-08 07:38:42,491 [WARNING]       ⚠️ 페이지 4579 처리 중 오류: not enough values to unpack (expected 3, got 0)
2026-04-08 07:38:42,491 [INFO]       ... 4561/6000 페이지 진행 중...
2026-04-08 07:39:13,688 [WARNING]       ⚠️ 페이지 4589 처리 중 오류: not enough values to unpack (expected 3, got 0)
2026-04-08 07:39:13,690 [WARNING]       ⚠️ 페이지 4588 처리 중 오류: not enough values to unpack (expected 3, got 0)
2026-04-08 07:39:13,737 [WARNING]       ⚠️ 페이지 4586 처리 중 오류: not enough values to unpack (expected 3, got 0)
2026-04-08 07:39:13,737 [WARNING]       ⚠️ 페이지 4587 처리 중 오류: not enough values to unpack (expected 3, got 0)
2026-04-08 07:39:13,741 [WARNING]       ⚠️ 페이지 4582 처리 중 오류: not enough values to unpack (expected 3, got 0)
2026-04-08 07:39:13,742 [WARNING]       ⚠️ 페이지 4581 처리 중 오류: not enough values to unpack (expected 3, got 0)
2026-04-08 07:39:13,757 [WARNING]       ⚠️ 페이지 4590 처리 중 오류: not enough values to unpack (expected 3, got 0)
2026-04-08 07:39:13,762 [WARNING]       ⚠️ 페이지 4584 처리 중 오류: not enough values to unpack (expected 3, got 0)
2026-04-08 07:39:13,777 [WARNING]       ⚠️ 페이지 4585 처리 중 오류: not enough values to unpack (expected 3, got 0)
2026-04-08 07:39:13,779 [WARNING]       ⚠️ 페이지 4583 처리 중 오류: not enough values to unpack (expected 3, got 0)
2026-04-08 07:39:44,912 [WARNING]       ⚠️ 페이지 4596 처리 중 오류: not enough values to unpack (expected 3, got 0)
2026-04-08 07:39:44,913 [WARNING]       ⚠️ 페이지 4593 처리 중 오류: not enough values to unpack (expected 3, got 0)
2026-04-08 07:39:44,913 [WARNING]       ⚠️ 페이지 4594 처리 중 오류: not enough values to unpack (expected 3, got 0)
2026-04-08 07:39:44,934 [WARNING]       ⚠️ 페이지 4595 처리 중 오류: not enough values to unpack (expected 3, got 0)
2026-04-08 07:39:44,955 [WARNING]       ⚠️ 페이지 4598 처리 중 오류: not enough values to unpack (expected 3, got 0)
2026-04-08 07:39:44,957 [WARNING]       ⚠️ 페이지 4600 처리 중 오류: not enough values to unpack (expected 3, got 0)
2026-04-08 07:39:44,977 [WARNING]       ⚠️ 페이지 4592 처리 중 오류: not enough values to unpack (expected 3, got 0)
2026-04-08 07:39:44,983 [WARNING]       ⚠️ 페이지 4591 처리 중 오류: not enough values to unpack (expected 3, got 0)
2026-04-08 07:39:45,051 [WARNING]       ⚠️ 페이지 4597 처리 중 오류: not enough values to unpack (expected 3, got 0)
2026-04-08 07:39:45,094 [WARNING]       ⚠️ 페이지 4599 처리 중 오류: not enough values to unpack (expected 3, got 0)
2026-04-08 07:40:16,261 [WARNING]       ⚠️ 페이지 4601 처리 중 오류: not enough values to unpack (expected 3, got 0)
2026-04-08 07:40:16,279 [WARNING]       ⚠️ 페이지 4609 처리 중 오류: not enough values to unpack (expected 3, got 0)
2026-04-08 07:40:16,335 [WARNING]       ⚠️ 페이지 4605 처리 중 오류: not enough values to unpack (expected 3, got 0)
2026-04-08 07:40:16,336 [WARNING]       ⚠️ 페이지 4608 처리 중 오류: not enough values to unpack (expected 3, got 0)
2026-04-08 07:40:16,345 [WARNING]       ⚠️ 페이지 4606 처리 중 오류: not enough values to unpack (expected 3, got 0)
2026-04-08 07:40:16,346 [WARNING]       ⚠️ 페이지 4602 처리 중 오류: not enough values to unpack (expected 3, got 0)
2026-04-08 07:40:16,354 [WARNING]       ⚠️ 페이지 4604 처리 중 오류: not enough values to unpack (expected 3, got 0)
2026-04-08 07:40:16,368 [WARNING]       ⚠️ 페이지 4610 처리 중 오류: not enough values to unpack (expected 3, got 0)
2026-04-08 07:40:16,375 [WARNING]       ⚠️ 페이지 4603 처리 중 오류: not enough values to unpack (expected 3, got 0)
2026-04-08 07:40:16,387 [WARNING]       ⚠️ 페이지 4607 처리 중 오류: not enough values to unpack (expected 3, got 0)
2026-04-08 07:40:47,535 [WARNING]       ⚠️ 페이지 4616 처리 중 오류: not enough values to unpack (expected 3, got 0)
2026-04-08 07:40:47,536 [WARNING]       ⚠️ 페이지 4614 처리 중 오류: not enough values to unpack (expected 3, got 0)
2026-04-08 07:40:47,537 [WARNING]       ⚠️ 페이지 4611 처리 중 오류: not enough values to unpack (expected 3, got 0)
2026-04-08 07:40:47,538 [WARNING]       ⚠️ 페이지 4613 처리 중 오류: not enough values to unpack (expected 3, got 0)
2026-04-08 07:40:47,549 [WARNING]       ⚠️ 페이지 4612 처리 중 오류: not enough values to unpack (expected 3, got 0)
2026-04-08 07:40:47,571 [WARNING]       ⚠️ 페이지 4619 처리 중 오류: not enough values to unpack (expected 3, got 0)
2026-04-08 07:40:47,598 [WARNING]       ⚠️ 페이지 4615 처리 중 오류: not enough values to unpack (expected 3, got 0)
2026-04-08 07:40:47,599 [WARNING]       ⚠️ 페이지 4617 처리 중 오류: not enough values to unpack (expected 3, got 0)
2026-04-08 07:40:47,700 [WARNING]       ⚠️ 페이지 4618 처리 중 오류: not enough values to unpack (expected 3, got 0)
2026-04-08 07:40:47,701 [WARNING]       ⚠️ 페이지 4620 처리 중 오류: not enough values to unpack (expected 3, got 0)
2026-04-08 07:40:47,702 [INFO]       ... 4601/6000 페이지 진행 중...
2026-04-08 07:41:18,915 [WARNING]       ⚠️ 페이지 4622 처리 중 오류: not enough values to unpack (expected 3, got 0)
2026-04-08 07:41:18,918 [WARNING]       ⚠️ 페이지 4628 처리 중 오류: not enough values to unpack (expected 3, got 0)
2026-04-08 07:41:18,946 [WARNING]       ⚠️ 페이지 4621 처리 중 오류: not enough values to unpack (expected 3, got 0)
2026-04-08 07:41:18,950 [WARNING]       ⚠️ 페이지 4627 처리 중 오류: not enough values to unpack (expected 3, got 0)
2026-04-08 07:41:18,957 [WARNING]       ⚠️ 페이지 4629 처리 중 오류: not enough values to unpack (expected 3, got 0)
2026-04-08 07:41:18,970 [WARNING]       ⚠️ 페이지 4626 처리 중 오류: not enough values to unpack (expected 3, got 0)
2026-04-08 07:41:18,977 [WARNING]       ⚠️ 페이지 4625 처리 중 오류: not enough values to unpack (expected 3, got 0)
2026-04-08 07:41:18,978 [WARNING]       ⚠️ 페이지 4630 처리 중 오류: not enough values to unpack (expected 3, got 0)
2026-04-08 07:41:18,991 [WARNING]       ⚠️ 페이지 4623 처리 중 오류: not enough values to unpack (expected 3, got 0)
2026-04-08 07:41:19,010 [WARNING]       ⚠️ 페이지 4624 처리 중 오류: not enough values to unpack (expected 3, got 0)
2026-04-08 07:41:50,123 [WARNING]       ⚠️ 페이지 4634 처리 중 오류: not enough values to unpack (expected 3, got 0)
2026-04-08 07:41:50,151 [WARNING]       ⚠️ 페이지 4631 처리 중 오류: not enough values to unpack (expected 3, got 0)
2026-04-08 07:41:50,159 [WARNING]       ⚠️ 페이지 4632 처리 중 오류: not enough values to unpack (expected 3, got 0)
2026-04-08 07:41:50,176 [WARNING]       ⚠️ 페이지 4635 처리 중 오류: not enough values to unpack (expected 3, got 0)
2026-04-08 07:41:50,181 [WARNING]       ⚠️ 페이지 4633 처리 중 오류: not enough values to unpack (expected 3, got 0)
2026-04-08 07:41:50,215 [WARNING]       ⚠️ 페이지 4639 처리 중 오류: not enough values to unpack (expected 3, got 0)
2026-04-08 07:41:50,244 [WARNING]       ⚠️ 페이지 4638 처리 중 오류: not enough values to unpack (expected 3, got 0)
2026-04-08 07:41:50,246 [WARNING]       ⚠️ 페이지 4636 처리 중 오류: not enough values to unpack (expected 3, got 0)
2026-04-08 07:41:50,253 [WARNING]       ⚠️ 페이지 4637 처리 중 오류: not enough values to unpack (expected 3, got 0)
2026-04-08 07:41:50,272 [WARNING]       ⚠️ 페이지 4640 처리 중 오류: not enough values to unpack (expected 3, got 0)
2026-04-08 07:42:21,453 [WARNING]       ⚠️ 페이지 4645 처리 중 오류: not enough values to unpack (expected 3, got 0)
2026-04-08 07:42:21,453 [WARNING]       ⚠️ 페이지 4648 처리 중 오류: not enough values to unpack (expected 3, got 0)
2026-04-08 07:42:21,504 [WARNING]       ⚠️ 페이지 4644 처리 중 오류: not enough values to unpack (expected 3, got 0)
2026-04-08 07:42:21,516 [WARNING]       ⚠️ 페이지 4641 처리 중 오류: not enough values to unpack (expected 3, got 0)
2026-04-08 07:42:21,523 [WARNING]       ⚠️ 페이지 4650 처리 중 오류: not enough values to unpack (expected 3, got 0)
2026-04-08 07:42:21,541 [WARNING]       ⚠️ 페이지 4647 처리 중 오류: not enough values to unpack (expected 3, got 0)
2026-04-08 07:42:21,542 [WARNING]       ⚠️ 페이지 4643 처리 중 오류: not enough values to unpack (expected 3, got 0)
2026-04-08 07:42:21,545 [WARNING]       ⚠️ 페이지 4642 처리 중 오류: not enough values to unpack (expected 3, got 0)
2026-04-08 07:42:21,547 [WARNING]       ⚠️ 페이지 4646 처리 중 오류: not enough values to unpack (expected 3, got 0)
2026-04-08 07:42:21,555 [WARNING]       ⚠️ 페이지 4649 처리 중 오류: not enough values to unpack (expected 3, got 0)
2026-04-08 07:42:52,689 [WARNING]       ⚠️ 페이지 4653 처리 중 오류: not enough values to unpack (expected 3, got 0)
2026-04-08 07:42:52,691 [WARNING]       ⚠️ 페이지 4654 처리 중 오류: not enough values to unpack (expected 3, got 0)
2026-04-08 07:42:52,694 [WARNING]       ⚠️ 페이지 4657 처리 중 오류: not enough values to unpack (expected 3, got 0)
2026-04-08 07:42:52,706 [WARNING]       ⚠️ 페이지 4655 처리 중 오류: not enough values to unpack (expected 3, got 0)
2026-04-08 07:42:52,734 [WARNING]       ⚠️ 페이지 4656 처리 중 오류: not enough values to unpack (expected 3, got 0)
2026-04-08 07:42:52,744 [WARNING]       ⚠️ 페이지 4658 처리 중 오류: not enough values to unpack (expected 3, got 0)
2026-04-08 07:42:52,774 [WARNING]       ⚠️ 페이지 4651 처리 중 오류: not enough values to unpack (expected 3, got 0)
2026-04-08 07:42:52,782 [WARNING]       ⚠️ 페이지 4652 처리 중 오류: not enough values to unpack (expected 3, got 0)
2026-04-08 07:42:52,844 [WARNING]       ⚠️ 페이지 4659 처리 중 오류: not enough values to unpack (expected 3, got 0)
2026-04-08 07:42:52,883 [WARNING]       ⚠️ 페이지 4660 처리 중 오류: not enough values to unpack (expected 3, got 0)
2026-04-08 07:42:52,883 [INFO]       ... 4641/6000 페이지 진행 중...
2026-04-08 07:43:24,065 [WARNING]       ⚠️ 페이지 4661 처리 중 오류: not enough values to unpack (expected 3, got 0)
2026-04-08 07:43:24,070 [WARNING]       ⚠️ 페이지 4667 처리 중 오류: not enough values to unpack (expected 3, got 0)
2026-04-08 07:43:24,116 [WARNING]       ⚠️ 페이지 4668 처리 중 오류: not enough values to unpack (expected 3, got 0)
2026-04-08 07:43:24,118 [WARNING]       ⚠️ 페이지 4662 처리 중 오류: not enough values to unpack (expected 3, got 0)
2026-04-08 07:43:24,118 [WARNING]       ⚠️ 페이지 4666 처리 중 오류: not enough values to unpack (expected 3, got 0)
2026-04-08 07:43:24,131 [WARNING]       ⚠️ 페이지 4665 처리 중 오류: not enough values to unpack (expected 3, got 0)
2026-04-08 07:43:24,138 [WARNING]       ⚠️ 페이지 4663 처리 중 오류: not enough values to unpack (expected 3, got 0)
2026-04-08 07:43:24,158 [WARNING]       ⚠️ 페이지 4670 처리 중 오류: not enough values to unpack (expected 3, got 0)
2026-04-08 07:43:24,159 [WARNING]       ⚠️ 페이지 4669 처리 중 오류: not enough values to unpack (expected 3, got 0)
2026-04-08 07:43:24,166 [WARNING]       ⚠️ 페이지 4664 처리 중 오류: not enough values to unpack (expected 3, got 0)
2026-04-08 07:43:55,289 [WARNING]       ⚠️ 페이지 4676 처리 중 오류: not enough values to unpack (expected 3, got 0)
2026-04-08 07:43:55,295 [WARNING]       ⚠️ 페이지 4677 처리 중 오류: not enough values to unpack (expected 3, got 0)
2026-04-08 07:43:55,303 [WARNING]       ⚠️ 페이지 4674 처리 중 오류: not enough values to unpack (expected 3, got 0)
2026-04-08 07:43:55,318 [WARNING]       ⚠️ 페이지 4671 처리 중 오류: not enough values to unpack (expected 3, got 0)
2026-04-08 07:43:55,327 [WARNING]       ⚠️ 페이지 4672 처리 중 오류: not enough values to unpack (expected 3, got 0)
2026-04-08 07:43:55,344 [WARNING]       ⚠️ 페이지 4673 처리 중 오류: not enough values to unpack (expected 3, got 0)
2026-04-08 07:43:55,348 [WARNING]       ⚠️ 페이지 4675 처리 중 오류: not enough values to unpack (expected 3, got 0)
2026-04-08 07:43:55,351 [WARNING]       ⚠️ 페이지 4680 처리 중 오류: not enough values to unpack (expected 3, got 0)
2026-04-08 07:43:55,457 [WARNING]       ⚠️ 페이지 4679 처리 중 오류: not enough values to unpack (expected 3, got 0)
2026-04-08 07:43:55,459 [WARNING]       ⚠️ 페이지 4678 처리 중 오류: not enough values to unpack (expected 3, got 0)
2026-04-08 07:44:26,636 [WARNING]       ⚠️ 페이지 4686 처리 중 오류: not enough values to unpack (expected 3, got 0)
2026-04-08 07:44:26,647 [WARNING]       ⚠️ 페이지 4688 처리 중 오류: not enough values to unpack (expected 3, got 0)
2026-04-08 07:44:26,680 [WARNING]       ⚠️ 페이지 4681 처리 중 오류: not enough values to unpack (expected 3, got 0)
2026-04-08 07:44:26,693 [WARNING]       ⚠️ 페이지 4687 처리 중 오류: not enough values to unpack (expected 3, got 0)
2026-04-08 07:44:26,703 [WARNING]       ⚠️ 페이지 4683 처리 중 오류: not enough values to unpack (expected 3, got 0)
2026-04-08 07:44:26,706 [WARNING]       ⚠️ 페이지 4690 처리 중 오류: not enough values to unpack (expected 3, got 0)
2026-04-08 07:44:26,723 [WARNING]       ⚠️ 페이지 4684 처리 중 오류: not enough values to unpack (expected 3, got 0)
2026-04-08 07:44:26,730 [WARNING]       ⚠️ 페이지 4685 처리 중 오류: not enough values to unpack (expected 3, got 0)
2026-04-08 07:44:26,735 [WARNING]       ⚠️ 페이지 4689 처리 중 오류: not enough values to unpack (expected 3, got 0)
2026-04-08 07:44:26,738 [WARNING]       ⚠️ 페이지 4682 처리 중 오류: not enough values to unpack (expected 3, got 0)
2026-04-08 07:44:57,871 [WARNING]       ⚠️ 페이지 4695 처리 중 오류: not enough values to unpack (expected 3, got 0)
2026-04-08 07:44:57,872 [WARNING]       ⚠️ 페이지 4693 처리 중 오류: not enough values to unpack (expected 3, got 0)
2026-04-08 07:44:57,903 [WARNING]       ⚠️ 페이지 4691 처리 중 오류: not enough values to unpack (expected 3, got 0)
2026-04-08 07:44:57,903 [WARNING]       ⚠️ 페이지 4694 처리 중 오류: not enough values to unpack (expected 3, got 0)
2026-04-08 07:44:57,913 [WARNING]       ⚠️ 페이지 4698 처리 중 오류: not enough values to unpack (expected 3, got 0)
2026-04-08 07:44:57,929 [WARNING]       ⚠️ 페이지 4697 처리 중 오류: not enough values to unpack (expected 3, got 0)
2026-04-08 07:44:57,956 [WARNING]       ⚠️ 페이지 4692 처리 중 오류: not enough values to unpack (expected 3, got 0)
2026-04-08 07:44:57,978 [WARNING]       ⚠️ 페이지 4696 처리 중 오류: not enough values to unpack (expected 3, got 0)
2026-04-08 07:44:58,065 [WARNING]       ⚠️ 페이지 4700 처리 중 오류: not enough values to unpack (expected 3, got 0)
2026-04-08 07:44:58,070 [WARNING]       ⚠️ 페이지 4699 처리 중 오류: not enough values to unpack (expected 3, got 0)
2026-04-08 07:44:58,070 [INFO]       ... 4681/6000 페이지 진행 중...
2026-04-08 07:45:29,261 [WARNING]       ⚠️ 페이지 4701 처리 중 오류: not enough values to unpack (expected 3, got 0)
2026-04-08 07:45:29,266 [WARNING]       ⚠️ 페이지 4710 처리 중 오류: not enough values to unpack (expected 3, got 0)
2026-04-08 07:45:29,284 [WARNING]       ⚠️ 페이지 4702 처리 중 오류: not enough values to unpack (expected 3, got 0)
2026-04-08 07:45:29,302 [WARNING]       ⚠️ 페이지 4708 처리 중 오류: not enough values to unpack (expected 3, got 0)
2026-04-08 07:45:29,310 [WARNING]       ⚠️ 페이지 4707 처리 중 오류: not enough values to unpack (expected 3, got 0)
2026-04-08 07:45:29,324 [WARNING]       ⚠️ 페이지 4705 처리 중 오류: not enough values to unpack (expected 3, got 0)
2026-04-08 07:45:29,327 [WARNING]       ⚠️ 페이지 4709 처리 중 오류: not enough values to unpack (expected 3, got 0)
2026-04-08 07:45:29,351 [WARNING]       ⚠️ 페이지 4706 처리 중 오류: not enough values to unpack (expected 3, got 0)
2026-04-08 07:45:29,352 [WARNING]       ⚠️ 페이지 4703 처리 중 오류: not enough values to unpack (expected 3, got 0)
2026-04-08 07:45:29,356 [WARNING]       ⚠️ 페이지 4704 처리 중 오류: not enough values to unpack (expected 3, got 0)
2026-04-08 07:46:00,473 [WARNING]       ⚠️ 페이지 4713 처리 중 오류: not enough values to unpack (expected 3, got 0)
2026-04-08 07:46:00,486 [WARNING]       ⚠️ 페이지 4714 처리 중 오류: not enough values to unpack (expected 3, got 0)
2026-04-08 07:46:00,495 [WARNING]       ⚠️ 페이지 4715 처리 중 오류: not enough values to unpack (expected 3, got 0)
2026-04-08 07:46:00,533 [WARNING]       ⚠️ 페이지 4711 처리 중 오류: not enough values to unpack (expected 3, got 0)
2026-04-08 07:46:00,558 [WARNING]       ⚠️ 페이지 4712 처리 중 오류: not enough values to unpack (expected 3, got 0)
2026-04-08 07:46:00,593 [WARNING]       ⚠️ 페이지 4720 처리 중 오류: not enough values to unpack (expected 3, got 0)
2026-04-08 07:46:00,602 [WARNING]       ⚠️ 페이지 4719 처리 중 오류: not enough values to unpack (expected 3, got 0)
2026-04-08 07:46:00,605 [WARNING]       ⚠️ 페이지 4716 처리 중 오류: not enough values to unpack (expected 3, got 0)
2026-04-08 07:46:00,628 [WARNING]       ⚠️ 페이지 4717 처리 중 오류: not enough values to unpack (expected 3, got 0)
2026-04-08 07:46:00,663 [WARNING]       ⚠️ 페이지 4718 처리 중 오류: not enough values to unpack (expected 3, got 0)
2026-04-08 07:46:31,863 [WARNING]       ⚠️ 페이지 4727 처리 중 오류: not enough values to unpack (expected 3, got 0)
2026-04-08 07:46:31,872 [WARNING]       ⚠️ 페이지 4728 처리 중 오류: not enough values to unpack (expected 3, got 0)
2026-04-08 07:46:31,908 [WARNING]       ⚠️ 페이지 4722 처리 중 오류: not enough values to unpack (expected 3, got 0)
2026-04-08 07:46:31,911 [WARNING]       ⚠️ 페이지 4721 처리 중 오류: not enough values to unpack (expected 3, got 0)
2026-04-08 07:46:31,930 [WARNING]       ⚠️ 페이지 4730 처리 중 오류: not enough values to unpack (expected 3, got 0)
2026-04-08 07:46:31,935 [WARNING]       ⚠️ 페이지 4723 처리 중 오류: not enough values to unpack (expected 3, got 0)
2026-04-08 07:46:31,948 [WARNING]       ⚠️ 페이지 4725 처리 중 오류: not enough values to unpack (expected 3, got 0)
2026-04-08 07:46:31,952 [WARNING]       ⚠️ 페이지 4726 처리 중 오류: not enough values to unpack (expected 3, got 0)
2026-04-08 07:46:31,954 [WARNING]       ⚠️ 페이지 4724 처리 중 오류: not enough values to unpack (expected 3, got 0)
2026-04-08 07:46:31,965 [WARNING]       ⚠️ 페이지 4729 처리 중 오류: not enough values to unpack (expected 3, got 0)
2026-04-08 07:47:03,106 [WARNING]       ⚠️ 페이지 4732 처리 중 오류: not enough values to unpack (expected 3, got 0)
2026-04-08 07:47:03,139 [WARNING]       ⚠️ 페이지 4739 처리 중 오류: not enough values to unpack (expected 3, got 0)
2026-04-08 07:47:03,139 [WARNING]       ⚠️ 페이지 4735 처리 중 오류: not enough values to unpack (expected 3, got 0)
2026-04-08 07:47:03,158 [WARNING]       ⚠️ 페이지 4734 처리 중 오류: not enough values to unpack (expected 3, got 0)
2026-04-08 07:47:03,171 [WARNING]       ⚠️ 페이지 4731 처리 중 오류: not enough values to unpack (expected 3, got 0)
2026-04-08 07:47:03,184 [WARNING]       ⚠️ 페이지 4737 처리 중 오류: not enough values to unpack (expected 3, got 0)
2026-04-08 07:47:03,191 [WARNING]       ⚠️ 페이지 4736 처리 중 오류: not enough values to unpack (expected 3, got 0)
2026-04-08 07:47:03,210 [WARNING]       ⚠️ 페이지 4738 처리 중 오류: not enough values to unpack (expected 3, got 0)
2026-04-08 07:47:03,237 [WARNING]       ⚠️ 페이지 4733 처리 중 오류: not enough values to unpack (expected 3, got 0)
2026-04-08 07:47:03,247 [WARNING]       ⚠️ 페이지 4740 처리 중 오류: not enough values to unpack (expected 3, got 0)
2026-04-08 07:47:03,248 [INFO]       ... 4721/6000 페이지 진행 중...
2026-04-08 07:47:34,443 [WARNING]       ⚠️ 페이지 4746 처리 중 오류: not enough values to unpack (expected 3, got 0)
2026-04-08 07:47:34,456 [WARNING]       ⚠️ 페이지 4749 처리 중 오류: not enough values to unpack (expected 3, got 0)
2026-04-08 07:47:34,496 [WARNING]       ⚠️ 페이지 4747 처리 중 오류: not enough values to unpack (expected 3, got 0)
2026-04-08 07:47:34,497 [WARNING]       ⚠️ 페이지 4741 처리 중 오류: not enough values to unpack (expected 3, got 0)
2026-04-08 07:47:34,516 [WARNING]       ⚠️ 페이지 4750 처리 중 오류: not enough values to unpack (expected 3, got 0)
2026-04-08 07:47:34,521 [WARNING]       ⚠️ 페이지 4748 처리 중 오류: not enough values to unpack (expected 3, got 0)
2026-04-08 07:47:34,541 [WARNING]       ⚠️ 페이지 4744 처리 중 오류: not enough values to unpack (expected 3, got 0)
2026-04-08 07:47:34,545 [WARNING]       ⚠️ 페이지 4745 처리 중 오류: not enough values to unpack (expected 3, got 0)
2026-04-08 07:47:34,546 [WARNING]       ⚠️ 페이지 4742 처리 중 오류: not enough values to unpack (expected 3, got 0)
2026-04-08 07:47:34,546 [WARNING]       ⚠️ 페이지 4743 처리 중 오류: not enough values to unpack (expected 3, got 0)
2026-04-08 07:48:05,678 [WARNING]       ⚠️ 페이지 4753 처리 중 오류: not enough values to unpack (expected 3, got 0)
2026-04-08 07:48:05,681 [WARNING]       ⚠️ 페이지 4754 처리 중 오류: not enough values to unpack (expected 3, got 0)
2026-04-08 07:48:05,710 [WARNING]       ⚠️ 페이지 4757 처리 중 오류: not enough values to unpack (expected 3, got 0)
2026-04-08 07:48:05,712 [WARNING]       ⚠️ 페이지 4756 처리 중 오류: not enough values to unpack (expected 3, got 0)
2026-04-08 07:48:05,775 [WARNING]       ⚠️ 페이지 4760 처리 중 오류: not enough values to unpack (expected 3, got 0)
2026-04-08 07:48:05,777 [WARNING]       ⚠️ 페이지 4752 처리 중 오류: not enough values to unpack (expected 3, got 0)
2026-04-08 07:48:05,780 [WARNING]       ⚠️ 페이지 4755 처리 중 오류: not enough values to unpack (expected 3, got 0)
2026-04-08 07:48:05,781 [WARNING]       ⚠️ 페이지 4758 처리 중 오류: not enough values to unpack (expected 3, got 0)
2026-04-08 07:48:05,795 [WARNING]       ⚠️ 페이지 4751 처리 중 오류: not enough values to unpack (expected 3, got 0)
2026-04-08 07:48:05,825 [WARNING]       ⚠️ 페이지 4759 처리 중 오류: not enough values to unpack (expected 3, got 0)
2026-04-08 07:48:37,003 [WARNING]       ⚠️ 페이지 4770 처리 중 오류: not enough values to unpack (expected 3, got 0)
2026-04-08 07:48:37,025 [WARNING]       ⚠️ 페이지 4767 처리 중 오류: not enough values to unpack (expected 3, got 0)
2026-04-08 07:48:37,060 [WARNING]       ⚠️ 페이지 4762 처리 중 오류: not enough values to unpack (expected 3, got 0)
2026-04-08 07:48:37,076 [WARNING]       ⚠️ 페이지 4768 처리 중 오류: not enough values to unpack (expected 3, got 0)
2026-04-08 07:48:37,076 [WARNING]       ⚠️ 페이지 4763 처리 중 오류: not enough values to unpack (expected 3, got 0)
2026-04-08 07:48:37,079 [WARNING]       ⚠️ 페이지 4769 처리 중 오류: not enough values to unpack (expected 3, got 0)
2026-04-08 07:48:37,091 [WARNING]       ⚠️ 페이지 4765 처리 중 오류: not enough values to unpack (expected 3, got 0)
2026-04-08 07:48:37,092 [WARNING]       ⚠️ 페이지 4761 처리 중 오류: not enough values to unpack (expected 3, got 0)
2026-04-08 07:48:37,096 [WARNING]       ⚠️ 페이지 4766 처리 중 오류: not enough values to unpack (expected 3, got 0)
2026-04-08 07:48:37,125 [WARNING]       ⚠️ 페이지 4764 처리 중 오류: not enough values to unpack (expected 3, got 0)
2026-04-08 07:49:08,259 [WARNING]       ⚠️ 페이지 4774 처리 중 오류: not enough values to unpack (expected 3, got 0)
2026-04-08 07:49:08,280 [WARNING]       ⚠️ 페이지 4777 처리 중 오류: not enough values to unpack (expected 3, got 0)
2026-04-08 07:49:08,283 [WARNING]       ⚠️ 페이지 4775 처리 중 오류: not enough values to unpack (expected 3, got 0)
2026-04-08 07:49:08,305 [WARNING]       ⚠️ 페이지 4778 처리 중 오류: not enough values to unpack (expected 3, got 0)
2026-04-08 07:49:08,309 [WARNING]       ⚠️ 페이지 4772 처리 중 오류: not enough values to unpack (expected 3, got 0)
2026-04-08 07:49:08,332 [WARNING]       ⚠️ 페이지 4776 처리 중 오류: not enough values to unpack (expected 3, got 0)
2026-04-08 07:49:08,341 [WARNING]       ⚠️ 페이지 4773 처리 중 오류: not enough values to unpack (expected 3, got 0)
2026-04-08 07:49:08,359 [WARNING]       ⚠️ 페이지 4779 처리 중 오류: not enough values to unpack (expected 3, got 0)
2026-04-08 07:49:08,363 [WARNING]       ⚠️ 페이지 4771 처리 중 오류: not enough values to unpack (expected 3, got 0)
2026-04-08 07:49:08,484 [WARNING]       ⚠️ 페이지 4780 처리 중 오류: not enough values to unpack (expected 3, got 0)
2026-04-08 07:49:08,485 [INFO]       ... 4761/6000 페이지 진행 중...
2026-04-08 07:49:10,879 [WARNING] Retrying (Retry(total=3, connect=None, read=None, redirect=None, status=None)) after connection broken by 'RemoteDisconnected('Remote end closed connection without response')': /1741000/ecommerce_businesses/info?serviceKey=DvyS97s%2FWyCWPJjBU7bvoebRE%2B4lxRphMHewhAcQQrGMPT%2F8PcP0bOCO8bTs2b7H25qViKWruSqim57HphOAjA%3D%3D&pageNo=4789&numOfRows=500&type=json
2026-04-08 07:49:39,677 [WARNING]       ⚠️ 페이지 4784 처리 중 오류: not enough values to unpack (expected 3, got 0)
2026-04-08 07:49:39,726 [WARNING]       ⚠️ 페이지 4787 처리 중 오류: not enough values to unpack (expected 3, got 0)
2026-04-08 07:49:39,728 [WARNING]       ⚠️ 페이지 4786 처리 중 오류: not enough values to unpack (expected 3, got 0)
2026-04-08 07:49:39,731 [WARNING]       ⚠️ 페이지 4783 처리 중 오류: not enough values to unpack (expected 3, got 0)
2026-04-08 07:49:39,734 [WARNING]       ⚠️ 페이지 4782 처리 중 오류: not enough values to unpack (expected 3, got 0)
2026-04-08 07:49:39,736 [WARNING]       ⚠️ 페이지 4790 처리 중 오류: not enough values to unpack (expected 3, got 0)
2026-04-08 07:49:39,773 [WARNING]       ⚠️ 페이지 4788 처리 중 오류: not enough values to unpack (expected 3, got 0)
2026-04-08 07:49:39,775 [WARNING]       ⚠️ 페이지 4781 처리 중 오류: not enough values to unpack (expected 3, got 0)
2026-04-08 07:49:39,799 [WARNING]       ⚠️ 페이지 4785 처리 중 오류: not enough values to unpack (expected 3, got 0)
2026-04-08 07:49:40,543 [WARNING]       ⚠️ 페이지 4789 처리 중 오류: not enough values to unpack (expected 3, got 0)
2026-04-08 07:50:10,926 [WARNING]       ⚠️ 페이지 4796 처리 중 오류: not enough values to unpack (expected 3, got 0)
2026-04-08 07:50:10,949 [WARNING]       ⚠️ 페이지 4791 처리 중 오류: not enough values to unpack (expected 3, got 0)
2026-04-08 07:50:10,967 [WARNING]       ⚠️ 페이지 4798 처리 중 오류: not enough values to unpack (expected 3, got 0)
2026-04-08 07:50:10,977 [WARNING]       ⚠️ 페이지 4793 처리 중 오류: not enough values to unpack (expected 3, got 0)
2026-04-08 07:50:10,979 [WARNING]       ⚠️ 페이지 4794 처리 중 오류: not enough values to unpack (expected 3, got 0)
2026-04-08 07:50:10,982 [WARNING]       ⚠️ 페이지 4795 처리 중 오류: not enough values to unpack (expected 3, got 0)
2026-04-08 07:50:11,020 [WARNING]       ⚠️ 페이지 4797 처리 중 오류: not enough values to unpack (expected 3, got 0)
2026-04-08 07:50:11,104 [WARNING]       ⚠️ 페이지 4792 처리 중 오류: not enough values to unpack (expected 3, got 0)
2026-04-08 07:50:11,124 [WARNING]       ⚠️ 페이지 4799 처리 중 오류: not enough values to unpack (expected 3, got 0)
2026-04-08 07:50:11,856 [WARNING]       ⚠️ 페이지 4800 처리 중 오류: not enough values to unpack (expected 3, got 0)
2026-04-08 07:50:43,059 [WARNING]       ⚠️ 페이지 4804 처리 중 오류: not enough values to unpack (expected 3, got 0)
2026-04-08 07:50:43,059 [WARNING]       ⚠️ 페이지 4807 처리 중 오류: not enough values to unpack (expected 3, got 0)
2026-04-08 07:50:43,088 [WARNING]       ⚠️ 페이지 4809 처리 중 오류: not enough values to unpack (expected 3, got 0)
2026-04-08 07:50:43,097 [WARNING]       ⚠️ 페이지 4810 처리 중 오류: not enough values to unpack (expected 3, got 0)
2026-04-08 07:50:43,098 [WARNING]       ⚠️ 페이지 4808 처리 중 오류: not enough values to unpack (expected 3, got 0)
2026-04-08 07:50:43,099 [WARNING]       ⚠️ 페이지 4806 처리 중 오류: not enough values to unpack (expected 3, got 0)
2026-04-08 07:50:43,136 [WARNING]       ⚠️ 페이지 4802 처리 중 오류: not enough values to unpack (expected 3, got 0)
2026-04-08 07:50:43,140 [WARNING]       ⚠️ 페이지 4805 처리 중 오류: not enough values to unpack (expected 3, got 0)
2026-04-08 07:50:43,167 [WARNING]       ⚠️ 페이지 4801 처리 중 오류: not enough values to unpack (expected 3, got 0)
2026-04-08 07:50:43,169 [WARNING]       ⚠️ 페이지 4803 처리 중 오류: not enough values to unpack (expected 3, got 0)
2026-04-08 07:51:14,278 [WARNING]       ⚠️ 페이지 4814 처리 중 오류: not enough values to unpack (expected 3, got 0)
2026-04-08 07:51:14,278 [WARNING]       ⚠️ 페이지 4815 처리 중 오류: not enough values to unpack (expected 3, got 0)
2026-04-08 07:51:14,320 [WARNING]       ⚠️ 페이지 4813 처리 중 오류: not enough values to unpack (expected 3, got 0)
2026-04-08 07:51:14,327 [WARNING]       ⚠️ 페이지 4816 처리 중 오류: not enough values to unpack (expected 3, got 0)
2026-04-08 07:51:14,356 [WARNING]       ⚠️ 페이지 4820 처리 중 오류: not enough values to unpack (expected 3, got 0)
2026-04-08 07:51:14,361 [WARNING]       ⚠️ 페이지 4819 처리 중 오류: not enough values to unpack (expected 3, got 0)
2026-04-08 07:51:14,386 [WARNING]       ⚠️ 페이지 4812 처리 중 오류: not enough values to unpack (expected 3, got 0)
2026-04-08 07:51:14,389 [WARNING]       ⚠️ 페이지 4817 처리 중 오류: not enough values to unpack (expected 3, got 0)
2026-04-08 07:51:14,396 [WARNING]       ⚠️ 페이지 4811 처리 중 오류: not enough values to unpack (expected 3, got 0)
2026-04-08 07:51:14,430 [WARNING]       ⚠️ 페이지 4818 처리 중 오류: not enough values to unpack (expected 3, got 0)
2026-04-08 07:51:14,431 [INFO]       ... 4801/6000 페이지 진행 중...
2026-04-08 07:51:45,602 [WARNING]       ⚠️ 페이지 4830 처리 중 오류: not enough values to unpack (expected 3, got 0)
2026-04-08 07:51:45,609 [WARNING]       ⚠️ 페이지 4829 처리 중 오류: not enough values to unpack (expected 3, got 0)
2026-04-08 07:51:45,654 [WARNING]       ⚠️ 페이지 4825 처리 중 오류: not enough values to unpack (expected 3, got 0)
2026-04-08 07:51:45,668 [WARNING]       ⚠️ 페이지 4826 처리 중 오류: not enough values to unpack (expected 3, got 0)
2026-04-08 07:51:45,669 [WARNING]       ⚠️ 페이지 4822 처리 중 오류: not enough values to unpack (expected 3, got 0)
2026-04-08 07:51:45,670 [WARNING]       ⚠️ 페이지 4821 처리 중 오류: not enough values to unpack (expected 3, got 0)
2026-04-08 07:51:45,714 [WARNING]       ⚠️ 페이지 4824 처리 중 오류: not enough values to unpack (expected 3, got 0)
2026-04-08 07:51:45,717 [WARNING]       ⚠️ 페이지 4827 처리 중 오류: not enough values to unpack (expected 3, got 0)
2026-04-08 07:51:45,718 [WARNING]       ⚠️ 페이지 4823 처리 중 오류: not enough values to unpack (expected 3, got 0)
2026-04-08 07:51:45,726 [WARNING]       ⚠️ 페이지 4828 처리 중 오류: not enough values to unpack (expected 3, got 0)
2026-04-08 07:52:16,852 [WARNING]       ⚠️ 페이지 4835 처리 중 오류: not enough values to unpack (expected 3, got 0)
2026-04-08 07:52:16,856 [WARNING]       ⚠️ 페이지 4834 처리 중 오류: not enough values to unpack (expected 3, got 0)
2026-04-08 07:52:16,865 [WARNING]       ⚠️ 페이지 4836 처리 중 오류: not enough values to unpack (expected 3, got 0)
2026-04-08 07:52:16,879 [WARNING]       ⚠️ 페이지 4831 처리 중 오류: not enough values to unpack (expected 3, got 0)
2026-04-08 07:52:16,892 [WARNING]       ⚠️ 페이지 4832 처리 중 오류: not enough values to unpack (expected 3, got 0)
2026-04-08 07:52:16,926 [WARNING]       ⚠️ 페이지 4833 처리 중 오류: not enough values to unpack (expected 3, got 0)
2026-04-08 07:52:16,928 [WARNING]       ⚠️ 페이지 4840 처리 중 오류: not enough values to unpack (expected 3, got 0)
2026-04-08 07:52:16,966 [WARNING]       ⚠️ 페이지 4838 처리 중 오류: not enough values to unpack (expected 3, got 0)
2026-04-08 07:52:17,024 [WARNING]       ⚠️ 페이지 4837 처리 중 오류: not enough values to unpack (expected 3, got 0)
2026-04-08 07:52:17,061 [WARNING]       ⚠️ 페이지 4839 처리 중 오류: not enough values to unpack (expected 3, got 0)
2026-04-08 07:52:48,242 [WARNING]       ⚠️ 페이지 4847 처리 중 오류: not enough values to unpack (expected 3, got 0)
2026-04-08 07:52:48,265 [WARNING]       ⚠️ 페이지 4848 처리 중 오류: not enough values to unpack (expected 3, got 0)
2026-04-08 07:52:48,305 [WARNING]       ⚠️ 페이지 4842 처리 중 오류: not enough values to unpack (expected 3, got 0)
2026-04-08 07:52:48,313 [WARNING]       ⚠️ 페이지 4844 처리 중 오류: not enough values to unpack (expected 3, got 0)
2026-04-08 07:52:48,315 [WARNING]       ⚠️ 페이지 4846 처리 중 오류: not enough values to unpack (expected 3, got 0)
2026-04-08 07:52:48,318 [WARNING]       ⚠️ 페이지 4849 처리 중 오류: not enough values to unpack (expected 3, got 0)
2026-04-08 07:52:48,339 [WARNING]       ⚠️ 페이지 4850 처리 중 오류: not enough values to unpack (expected 3, got 0)
2026-04-08 07:52:48,349 [WARNING]       ⚠️ 페이지 4845 처리 중 오류: not enough values to unpack (expected 3, got 0)
2026-04-08 07:52:48,371 [WARNING]       ⚠️ 페이지 4841 처리 중 오류: not enough values to unpack (expected 3, got 0)
2026-04-08 07:52:48,385 [WARNING]       ⚠️ 페이지 4843 처리 중 오류: not enough values to unpack (expected 3, got 0)
2026-04-08 07:53:19,490 [WARNING]       ⚠️ 페이지 4852 처리 중 오류: not enough values to unpack (expected 3, got 0)
2026-04-08 07:53:19,502 [WARNING]       ⚠️ 페이지 4856 처리 중 오류: not enough values to unpack (expected 3, got 0)
2026-04-08 07:53:19,530 [WARNING]       ⚠️ 페이지 4851 처리 중 오류: not enough values to unpack (expected 3, got 0)
2026-04-08 07:53:19,560 [WARNING]       ⚠️ 페이지 4858 처리 중 오류: not enough values to unpack (expected 3, got 0)
2026-04-08 07:53:19,572 [WARNING]       ⚠️ 페이지 4855 처리 중 오류: not enough values to unpack (expected 3, got 0)
2026-04-08 07:53:19,583 [WARNING]       ⚠️ 페이지 4857 처리 중 오류: not enough values to unpack (expected 3, got 0)
2026-04-08 07:53:19,611 [WARNING]       ⚠️ 페이지 4854 처리 중 오류: not enough values to unpack (expected 3, got 0)
2026-04-08 07:53:19,642 [WARNING]       ⚠️ 페이지 4860 처리 중 오류: not enough values to unpack (expected 3, got 0)
2026-04-08 07:53:19,656 [WARNING]       ⚠️ 페이지 4853 처리 중 오류: not enough values to unpack (expected 3, got 0)
2026-04-08 07:53:19,697 [WARNING]       ⚠️ 페이지 4859 처리 중 오류: not enough values to unpack (expected 3, got 0)
2026-04-08 07:53:19,697 [INFO]       ... 4841/6000 페이지 진행 중...
2026-04-08 07:53:50,881 [WARNING]       ⚠️ 페이지 4861 처리 중 오류: not enough values to unpack (expected 3, got 0)
2026-04-08 07:53:50,894 [WARNING]       ⚠️ 페이지 4869 처리 중 오류: not enough values to unpack (expected 3, got 0)
2026-04-08 07:53:50,935 [WARNING]       ⚠️ 페이지 4866 처리 중 오류: not enough values to unpack (expected 3, got 0)
2026-04-08 07:53:50,939 [WARNING]       ⚠️ 페이지 4868 처리 중 오류: not enough values to unpack (expected 3, got 0)
2026-04-08 07:53:50,941 [WARNING]       ⚠️ 페이지 4862 처리 중 오류: not enough values to unpack (expected 3, got 0)
2026-04-08 07:53:50,942 [WARNING]       ⚠️ 페이지 4870 처리 중 오류: not enough values to unpack (expected 3, got 0)
2026-04-08 07:53:50,973 [WARNING]       ⚠️ 페이지 4867 처리 중 오류: not enough values to unpack (expected 3, got 0)
2026-04-08 07:53:50,981 [WARNING]       ⚠️ 페이지 4865 처리 중 오류: not enough values to unpack (expected 3, got 0)
2026-04-08 07:53:50,990 [WARNING]       ⚠️ 페이지 4864 처리 중 오류: not enough values to unpack (expected 3, got 0)
2026-04-08 07:53:50,992 [WARNING]       ⚠️ 페이지 4863 처리 중 오류: not enough values to unpack (expected 3, got 0)
2026-04-08 07:54:22,117 [WARNING]       ⚠️ 페이지 4872 처리 중 오류: not enough values to unpack (expected 3, got 0)
2026-04-08 07:54:22,118 [WARNING]       ⚠️ 페이지 4876 처리 중 오류: not enough values to unpack (expected 3, got 0)
2026-04-08 07:54:22,135 [WARNING]       ⚠️ 페이지 4874 처리 중 오류: not enough values to unpack (expected 3, got 0)
2026-04-08 07:54:22,138 [WARNING]       ⚠️ 페이지 4873 처리 중 오류: not enough values to unpack (expected 3, got 0)
2026-04-08 07:54:22,189 [WARNING]       ⚠️ 페이지 4871 처리 중 오류: not enough values to unpack (expected 3, got 0)
2026-04-08 07:54:22,199 [WARNING]       ⚠️ 페이지 4879 처리 중 오류: not enough values to unpack (expected 3, got 0)
2026-04-08 07:54:22,204 [WARNING]       ⚠️ 페이지 4880 처리 중 오류: not enough values to unpack (expected 3, got 0)
2026-04-08 07:54:22,209 [WARNING]       ⚠️ 페이지 4875 처리 중 오류: not enough values to unpack (expected 3, got 0)
2026-04-08 07:54:22,245 [WARNING]       ⚠️ 페이지 4877 처리 중 오류: not enough values to unpack (expected 3, got 0)
2026-04-08 07:54:22,308 [WARNING]       ⚠️ 페이지 4878 처리 중 오류: not enough values to unpack (expected 3, got 0)
2026-04-08 07:54:53,489 [WARNING]       ⚠️ 페이지 4885 처리 중 오류: not enough values to unpack (expected 3, got 0)
2026-04-08 07:54:53,512 [WARNING]       ⚠️ 페이지 4884 처리 중 오류: not enough values to unpack (expected 3, got 0)
2026-04-08 07:54:53,535 [WARNING]       ⚠️ 페이지 4881 처리 중 오류: not enough values to unpack (expected 3, got 0)
2026-04-08 07:54:53,557 [WARNING]       ⚠️ 페이지 4890 처리 중 오류: not enough values to unpack (expected 3, got 0)
2026-04-08 07:54:53,571 [WARNING]       ⚠️ 페이지 4888 처리 중 오류: not enough values to unpack (expected 3, got 0)
2026-04-08 07:54:53,579 [WARNING]       ⚠️ 페이지 4887 처리 중 오류: not enough values to unpack (expected 3, got 0)
2026-04-08 07:54:53,581 [WARNING]       ⚠️ 페이지 4883 처리 중 오류: not enough values to unpack (expected 3, got 0)
2026-04-08 07:54:53,584 [WARNING]       ⚠️ 페이지 4886 처리 중 오류: not enough values to unpack (expected 3, got 0)
2026-04-08 07:54:53,587 [WARNING]       ⚠️ 페이지 4889 처리 중 오류: not enough values to unpack (expected 3, got 0)
2026-04-08 07:54:53,588 [WARNING]       ⚠️ 페이지 4882 처리 중 오류: not enough values to unpack (expected 3, got 0)
2026-04-08 07:55:24,756 [WARNING]       ⚠️ 페이지 4891 처리 중 오류: not enough values to unpack (expected 3, got 0)
2026-04-08 07:55:24,757 [WARNING]       ⚠️ 페이지 4897 처리 중 오류: not enough values to unpack (expected 3, got 0)
2026-04-08 07:55:24,760 [WARNING]       ⚠️ 페이지 4895 처리 중 오류: not enough values to unpack (expected 3, got 0)
2026-04-08 07:55:24,785 [WARNING]       ⚠️ 페이지 4896 처리 중 오류: not enough values to unpack (expected 3, got 0)
2026-04-08 07:55:24,787 [WARNING]       ⚠️ 페이지 4892 처리 중 오류: not enough values to unpack (expected 3, got 0)
2026-04-08 07:55:24,798 [WARNING]       ⚠️ 페이지 4899 처리 중 오류: not enough values to unpack (expected 3, got 0)
2026-04-08 07:55:24,802 [WARNING]       ⚠️ 페이지 4894 처리 중 오류: not enough values to unpack (expected 3, got 0)
2026-04-08 07:55:24,820 [WARNING]       ⚠️ 페이지 4898 처리 중 오류: not enough values to unpack (expected 3, got 0)
2026-04-08 07:55:24,853 [WARNING]       ⚠️ 페이지 4893 처리 중 오류: not enough values to unpack (expected 3, got 0)
2026-04-08 07:55:24,957 [WARNING]       ⚠️ 페이지 4900 처리 중 오류: not enough values to unpack (expected 3, got 0)
2026-04-08 07:55:24,958 [INFO]       ... 4881/6000 페이지 진행 중...
2026-04-08 07:55:56,151 [WARNING]       ⚠️ 페이지 4910 처리 중 오류: not enough values to unpack (expected 3, got 0)
2026-04-08 07:55:56,155 [WARNING]       ⚠️ 페이지 4901 처리 중 오류: not enough values to unpack (expected 3, got 0)
2026-04-08 07:55:56,183 [WARNING]       ⚠️ 페이지 4909 처리 중 오류: not enough values to unpack (expected 3, got 0)
2026-04-08 07:55:56,203 [WARNING]       ⚠️ 페이지 4905 처리 중 오류: not enough values to unpack (expected 3, got 0)
2026-04-08 07:55:56,216 [WARNING]       ⚠️ 페이지 4907 처리 중 오류: not enough values to unpack (expected 3, got 0)
2026-04-08 07:55:56,217 [WARNING]       ⚠️ 페이지 4904 처리 중 오류: not enough values to unpack (expected 3, got 0)
2026-04-08 07:55:56,228 [WARNING]       ⚠️ 페이지 4908 처리 중 오류: not enough values to unpack (expected 3, got 0)
2026-04-08 07:55:56,231 [WARNING]       ⚠️ 페이지 4903 처리 중 오류: not enough values to unpack (expected 3, got 0)
2026-04-08 07:55:56,263 [WARNING]       ⚠️ 페이지 4906 처리 중 오류: not enough values to unpack (expected 3, got 0)
2026-04-08 07:55:56,264 [WARNING]       ⚠️ 페이지 4902 처리 중 오류: not enough values to unpack (expected 3, got 0)
2026-04-08 07:56:27,396 [WARNING]       ⚠️ 페이지 4916 처리 중 오류: not enough values to unpack (expected 3, got 0)
2026-04-08 07:56:27,407 [WARNING]       ⚠️ 페이지 4913 처리 중 오류: not enough values to unpack (expected 3, got 0)
2026-04-08 07:56:27,408 [WARNING]       ⚠️ 페이지 4912 처리 중 오류: not enough values to unpack (expected 3, got 0)
2026-04-08 07:56:27,413 [WARNING]       ⚠️ 페이지 4911 처리 중 오류: not enough values to unpack (expected 3, got 0)
2026-04-08 07:56:27,463 [WARNING]       ⚠️ 페이지 4915 처리 중 오류: not enough values to unpack (expected 3, got 0)
2026-04-08 07:56:27,472 [WARNING]       ⚠️ 페이지 4920 처리 중 오류: not enough values to unpack (expected 3, got 0)
2026-04-08 07:56:27,497 [WARNING]       ⚠️ 페이지 4918 처리 중 오류: not enough values to unpack (expected 3, got 0)
2026-04-08 07:56:27,513 [WARNING]       ⚠️ 페이지 4917 처리 중 오류: not enough values to unpack (expected 3, got 0)
2026-04-08 07:56:27,524 [WARNING]       ⚠️ 페이지 4914 처리 중 오류: not enough values to unpack (expected 3, got 0)
2026-04-08 07:56:27,607 [WARNING]       ⚠️ 페이지 4919 처리 중 오류: not enough values to unpack (expected 3, got 0)
2026-04-08 07:56:58,811 [WARNING]       ⚠️ 페이지 4927 처리 중 오류: not enough values to unpack (expected 3, got 0)
2026-04-08 07:56:58,811 [WARNING]       ⚠️ 페이지 4925 처리 중 오류: not enough values to unpack (expected 3, got 0)
2026-04-08 07:56:58,862 [WARNING]       ⚠️ 페이지 4923 처리 중 오류: not enough values to unpack (expected 3, got 0)
2026-04-08 07:56:58,871 [WARNING]       ⚠️ 페이지 4929 처리 중 오류: not enough values to unpack (expected 3, got 0)
2026-04-08 07:56:58,877 [WARNING]       ⚠️ 페이지 4926 처리 중 오류: not enough values to unpack (expected 3, got 0)
2026-04-08 07:56:58,882 [WARNING]       ⚠️ 페이지 4922 처리 중 오류: not enough values to unpack (expected 3, got 0)
2026-04-08 07:56:58,891 [WARNING]       ⚠️ 페이지 4928 처리 중 오류: not enough values to unpack (expected 3, got 0)
2026-04-08 07:56:58,905 [WARNING]       ⚠️ 페이지 4930 처리 중 오류: not enough values to unpack (expected 3, got 0)
2026-04-08 07:56:58,908 [WARNING]       ⚠️ 페이지 4921 처리 중 오류: not enough values to unpack (expected 3, got 0)
2026-04-08 07:56:58,937 [WARNING]       ⚠️ 페이지 4924 처리 중 오류: not enough values to unpack (expected 3, got 0)
2026-04-08 07:57:30,054 [WARNING]       ⚠️ 페이지 4932 처리 중 오류: not enough values to unpack (expected 3, got 0)
2026-04-08 07:57:30,078 [WARNING]       ⚠️ 페이지 4933 처리 중 오류: not enough values to unpack (expected 3, got 0)
2026-04-08 07:57:30,082 [WARNING]       ⚠️ 페이지 4931 처리 중 오류: not enough values to unpack (expected 3, got 0)
2026-04-08 07:57:30,087 [WARNING]       ⚠️ 페이지 4934 처리 중 오류: not enough values to unpack (expected 3, got 0)
2026-04-08 07:57:30,090 [WARNING]       ⚠️ 페이지 4935 처리 중 오류: not enough values to unpack (expected 3, got 0)
2026-04-08 07:57:30,124 [WARNING]       ⚠️ 페이지 4936 처리 중 오류: not enough values to unpack (expected 3, got 0)
2026-04-08 07:57:30,152 [WARNING]       ⚠️ 페이지 4940 처리 중 오류: not enough values to unpack (expected 3, got 0)
2026-04-08 07:57:30,163 [WARNING]       ⚠️ 페이지 4939 처리 중 오류: not enough values to unpack (expected 3, got 0)
2026-04-08 07:57:30,266 [WARNING]       ⚠️ 페이지 4938 처리 중 오류: not enough values to unpack (expected 3, got 0)
2026-04-08 07:57:30,279 [WARNING]       ⚠️ 페이지 4937 처리 중 오류: not enough values to unpack (expected 3, got 0)
2026-04-08 07:57:30,280 [INFO]       ... 4921/6000 페이지 진행 중...
2026-04-08 07:58:01,464 [WARNING]       ⚠️ 페이지 4946 처리 중 오류: not enough values to unpack (expected 3, got 0)
2026-04-08 07:58:01,472 [WARNING]       ⚠️ 페이지 4944 처리 중 오류: not enough values to unpack (expected 3, got 0)
2026-04-08 07:58:01,529 [WARNING]       ⚠️ 페이지 4950 처리 중 오류: not enough values to unpack (expected 3, got 0)
2026-04-08 07:58:01,532 [WARNING]       ⚠️ 페이지 4948 처리 중 오류: not enough values to unpack (expected 3, got 0)
2026-04-08 07:58:01,540 [WARNING]       ⚠️ 페이지 4947 처리 중 오류: not enough values to unpack (expected 3, got 0)
2026-04-08 07:58:01,552 [WARNING]       ⚠️ 페이지 4945 처리 중 오류: not enough values to unpack (expected 3, got 0)
2026-04-08 07:58:01,570 [WARNING]       ⚠️ 페이지 4942 처리 중 오류: not enough values to unpack (expected 3, got 0)
2026-04-08 07:58:01,575 [WARNING]       ⚠️ 페이지 4941 처리 중 오류: not enough values to unpack (expected 3, got 0)
2026-04-08 07:58:01,579 [WARNING]       ⚠️ 페이지 4949 처리 중 오류: not enough values to unpack (expected 3, got 0)
2026-04-08 07:58:01,588 [WARNING]       ⚠️ 페이지 4943 처리 중 오류: not enough values to unpack (expected 3, got 0)
2026-04-08 07:58:32,716 [WARNING]       ⚠️ 페이지 4954 처리 중 오류: not enough values to unpack (expected 3, got 0)
2026-04-08 07:58:32,719 [WARNING]       ⚠️ 페이지 4951 처리 중 오류: not enough values to unpack (expected 3, got 0)
2026-04-08 07:58:32,741 [WARNING]       ⚠️ 페이지 4955 처리 중 오류: not enough values to unpack (expected 3, got 0)
2026-04-08 07:58:32,742 [WARNING]       ⚠️ 페이지 4952 처리 중 오류: not enough values to unpack (expected 3, got 0)
2026-04-08 07:58:32,745 [WARNING]       ⚠️ 페이지 4956 처리 중 오류: not enough values to unpack (expected 3, got 0)
2026-04-08 07:58:32,746 [WARNING]       ⚠️ 페이지 4953 처리 중 오류: not enough values to unpack (expected 3, got 0)
2026-04-08 07:58:32,774 [WARNING]       ⚠️ 페이지 4960 처리 중 오류: not enough values to unpack (expected 3, got 0)
2026-04-08 07:58:32,797 [WARNING]       ⚠️ 페이지 4957 처리 중 오류: not enough values to unpack (expected 3, got 0)
2026-04-08 07:58:32,895 [WARNING]       ⚠️ 페이지 4959 처리 중 오류: not enough values to unpack (expected 3, got 0)
2026-04-08 07:58:32,938 [WARNING]       ⚠️ 페이지 4958 처리 중 오류: not enough values to unpack (expected 3, got 0)
2026-04-08 07:59:04,121 [WARNING]       ⚠️ 페이지 4964 처리 중 오류: not enough values to unpack (expected 3, got 0)
2026-04-08 07:59:04,124 [WARNING]       ⚠️ 페이지 4965 처리 중 오류: not enough values to unpack (expected 3, got 0)
2026-04-08 07:59:04,182 [WARNING]       ⚠️ 페이지 4966 처리 중 오류: not enough values to unpack (expected 3, got 0)
2026-04-08 07:59:04,183 [WARNING]       ⚠️ 페이지 4967 처리 중 오류: not enough values to unpack (expected 3, got 0)
2026-04-08 07:59:04,187 [WARNING]       ⚠️ 페이지 4968 처리 중 오류: not enough values to unpack (expected 3, got 0)
2026-04-08 07:59:04,195 [WARNING]       ⚠️ 페이지 4969 처리 중 오류: not enough values to unpack (expected 3, got 0)
2026-04-08 07:59:04,203 [WARNING]       ⚠️ 페이지 4962 처리 중 오류: not enough values to unpack (expected 3, got 0)
2026-04-08 07:59:04,207 [WARNING]       ⚠️ 페이지 4961 처리 중 오류: not enough values to unpack (expected 3, got 0)
2026-04-08 07:59:04,208 [WARNING]       ⚠️ 페이지 4963 처리 중 오류: not enough values to unpack (expected 3, got 0)
2026-04-08 07:59:04,211 [WARNING]       ⚠️ 페이지 4970 처리 중 오류: not enough values to unpack (expected 3, got 0)
2026-04-08 07:59:35,365 [WARNING]       ⚠️ 페이지 4975 처리 중 오류: not enough values to unpack (expected 3, got 0)
2026-04-08 07:59:35,365 [WARNING]       ⚠️ 페이지 4972 처리 중 오류: not enough values to unpack (expected 3, got 0)
2026-04-08 07:59:35,378 [WARNING]       ⚠️ 페이지 4971 처리 중 오류: not enough values to unpack (expected 3, got 0)
2026-04-08 07:59:35,380 [WARNING]       ⚠️ 페이지 4974 처리 중 오류: not enough values to unpack (expected 3, got 0)
2026-04-08 07:59:35,382 [WARNING]       ⚠️ 페이지 4979 처리 중 오류: not enough values to unpack (expected 3, got 0)
2026-04-08 07:59:35,385 [WARNING]       ⚠️ 페이지 4973 처리 중 오류: not enough values to unpack (expected 3, got 0)
2026-04-08 07:59:35,420 [WARNING]       ⚠️ 페이지 4976 처리 중 오류: not enough values to unpack (expected 3, got 0)
2026-04-08 07:59:35,431 [WARNING]       ⚠️ 페이지 4978 처리 중 오류: not enough values to unpack (expected 3, got 0)
2026-04-08 07:59:35,551 [WARNING]       ⚠️ 페이지 4980 처리 중 오류: not enough values to unpack (expected 3, got 0)
2026-04-08 07:59:35,560 [WARNING]       ⚠️ 페이지 4977 처리 중 오류: not enough values to unpack (expected 3, got 0)
2026-04-08 07:59:35,561 [INFO]       ... 4961/6000 페이지 진행 중...
2026-04-08 08:00:06,755 [WARNING]       ⚠️ 페이지 4989 처리 중 오류: not enough values to unpack (expected 3, got 0)
2026-04-08 08:00:06,756 [WARNING]       ⚠️ 페이지 4987 처리 중 오류: not enough values to unpack (expected 3, got 0)
2026-04-08 08:00:06,810 [WARNING]       ⚠️ 페이지 4990 처리 중 오류: not enough values to unpack (expected 3, got 0)
2026-04-08 08:00:06,815 [WARNING]       ⚠️ 페이지 4985 처리 중 오류: not enough values to unpack (expected 3, got 0)
2026-04-08 08:00:06,817 [WARNING]       ⚠️ 페이지 4986 처리 중 오류: not enough values to unpack (expected 3, got 0)
2026-04-08 08:00:06,828 [WARNING]       ⚠️ 페이지 4988 처리 중 오류: not enough values to unpack (expected 3, got 0)
2026-04-08 08:00:06,849 [WARNING]       ⚠️ 페이지 4983 처리 중 오류: not enough values to unpack (expected 3, got 0)
2026-04-08 08:00:06,852 [WARNING]       ⚠️ 페이지 4981 처리 중 오류: not enough values to unpack (expected 3, got 0)
2026-04-08 08:00:06,854 [WARNING]       ⚠️ 페이지 4984 처리 중 오류: not enough values to unpack (expected 3, got 0)
2026-04-08 08:00:06,858 [WARNING]       ⚠️ 페이지 4982 처리 중 오류: not enough values to unpack (expected 3, got 0)
2026-04-08 08:00:37,994 [WARNING]       ⚠️ 페이지 4994 처리 중 오류: not enough values to unpack (expected 3, got 0)
2026-04-08 08:00:38,024 [WARNING]       ⚠️ 페이지 4993 처리 중 오류: not enough values to unpack (expected 3, got 0)
2026-04-08 08:00:38,033 [WARNING]       ⚠️ 페이지 4991 처리 중 오류: not enough values to unpack (expected 3, got 0)
2026-04-08 08:00:38,038 [WARNING]       ⚠️ 페이지 4996 처리 중 오류: not enough values to unpack (expected 3, got 0)
2026-04-08 08:00:38,064 [WARNING]       ⚠️ 페이지 4992 처리 중 오류: not enough values to unpack (expected 3, got 0)
2026-04-08 08:00:38,081 [WARNING]       ⚠️ 페이지 4995 처리 중 오류: not enough values to unpack (expected 3, got 0)
2026-04-08 08:00:38,090 [WARNING]       ⚠️ 페이지 5000 처리 중 오류: not enough values to unpack (expected 3, got 0)
2026-04-08 08:00:38,105 [WARNING]       ⚠️ 페이지 4998 처리 중 오류: not enough values to unpack (expected 3, got 0)
2026-04-08 08:00:38,124 [WARNING]       ⚠️ 페이지 4997 처리 중 오류: not enough values to unpack (expected 3, got 0)
2026-04-08 08:00:38,184 [WARNING]       ⚠️ 페이지 4999 처리 중 오류: not enough values to unpack (expected 3, got 0)
2026-04-08 08:01:09,372 [WARNING]       ⚠️ 페이지 5009 처리 중 오류: not enough values to unpack (expected 3, got 0)
2026-04-08 08:01:09,385 [WARNING]       ⚠️ 페이지 5006 처리 중 오류: not enough values to unpack (expected 3, got 0)
2026-04-08 08:01:09,435 [WARNING]       ⚠️ 페이지 5010 처리 중 오류: not enough values to unpack (expected 3, got 0)
2026-04-08 08:01:09,452 [WARNING]       ⚠️ 페이지 5007 처리 중 오류: not enough values to unpack (expected 3, got 0)
2026-04-08 08:01:09,457 [WARNING]       ⚠️ 페이지 5001 처리 중 오류: not enough values to unpack (expected 3, got 0)
2026-04-08 08:01:09,465 [WARNING]       ⚠️ 페이지 5004 처리 중 오류: not enough values to unpack (expected 3, got 0)
2026-04-08 08:01:09,466 [WARNING]       ⚠️ 페이지 5003 처리 중 오류: not enough values to unpack (expected 3, got 0)
2026-04-08 08:01:09,469 [WARNING]       ⚠️ 페이지 5005 처리 중 오류: not enough values to unpack (expected 3, got 0)
2026-04-08 08:01:09,479 [WARNING]       ⚠️ 페이지 5008 처리 중 오류: not enough values to unpack (expected 3, got 0)
2026-04-08 08:01:09,495 [WARNING]       ⚠️ 페이지 5002 처리 중 오류: not enough values to unpack (expected 3, got 0)
2026-04-08 08:01:40,622 [WARNING]       ⚠️ 페이지 5013 처리 중 오류: not enough values to unpack (expected 3, got 0)
2026-04-08 08:01:40,647 [WARNING]       ⚠️ 페이지 5011 처리 중 오류: not enough values to unpack (expected 3, got 0)
2026-04-08 08:01:40,649 [WARNING]       ⚠️ 페이지 5016 처리 중 오류: not enough values to unpack (expected 3, got 0)
2026-04-08 08:01:40,657 [WARNING]       ⚠️ 페이지 5018 처리 중 오류: not enough values to unpack (expected 3, got 0)
2026-04-08 08:01:40,658 [WARNING]       ⚠️ 페이지 5015 처리 중 오류: not enough values to unpack (expected 3, got 0)
2026-04-08 08:01:40,663 [WARNING]       ⚠️ 페이지 5012 처리 중 오류: not enough values to unpack (expected 3, got 0)
2026-04-08 08:01:40,673 [WARNING]       ⚠️ 페이지 5017 처리 중 오류: not enough values to unpack (expected 3, got 0)
2026-04-08 08:01:40,704 [WARNING]       ⚠️ 페이지 5014 처리 중 오류: not enough values to unpack (expected 3, got 0)
2026-04-08 08:01:40,810 [WARNING]       ⚠️ 페이지 5020 처리 중 오류: not enough values to unpack (expected 3, got 0)
2026-04-08 08:01:40,826 [WARNING]       ⚠️ 페이지 5019 처리 중 오류: not enough values to unpack (expected 3, got 0)
2026-04-08 08:01:40,826 [INFO]       ... 5001/6000 페이지 진행 중...
2026-04-08 08:02:12,013 [WARNING]       ⚠️ 페이지 5027 처리 중 오류: not enough values to unpack (expected 3, got 0)
2026-04-08 08:02:12,015 [WARNING]       ⚠️ 페이지 5021 처리 중 오류: not enough values to unpack (expected 3, got 0)
2026-04-08 08:02:12,063 [WARNING]       ⚠️ 페이지 5028 처리 중 오류: not enough values to unpack (expected 3, got 0)
2026-04-08 08:02:12,082 [WARNING]       ⚠️ 페이지 5026 처리 중 오류: not enough values to unpack (expected 3, got 0)
2026-04-08 08:02:12,091 [WARNING]       ⚠️ 페이지 5030 처리 중 오류: not enough values to unpack (expected 3, got 0)
2026-04-08 08:02:12,098 [WARNING]       ⚠️ 페이지 5022 처리 중 오류: not enough values to unpack (expected 3, got 0)
2026-04-08 08:02:12,101 [WARNING]       ⚠️ 페이지 5023 처리 중 오류: not enough values to unpack (expected 3, got 0)
2026-04-08 08:02:12,103 [WARNING]       ⚠️ 페이지 5029 처리 중 오류: not enough values to unpack (expected 3, got 0)
2026-04-08 08:02:12,121 [WARNING]       ⚠️ 페이지 5024 처리 중 오류: not enough values to unpack (expected 3, got 0)
2026-04-08 08:02:12,482 [WARNING]       ⚠️ 페이지 5025 처리 중 오류: not enough values to unpack (expected 3, got 0)
2026-04-08 08:02:43,216 [WARNING]       ⚠️ 페이지 5031 처리 중 오류: not enough values to unpack (expected 3, got 0)
2026-04-08 08:02:43,242 [WARNING]       ⚠️ 페이지 5032 처리 중 오류: not enough values to unpack (expected 3, got 0)
2026-04-08 08:02:43,277 [WARNING]       ⚠️ 페이지 5034 처리 중 오류: not enough values to unpack (expected 3, got 0)
2026-04-08 08:02:43,298 [WARNING]       ⚠️ 페이지 5033 처리 중 오류: not enough values to unpack (expected 3, got 0)
2026-04-08 08:02:43,318 [WARNING]       ⚠️ 페이지 5036 처리 중 오류: not enough values to unpack (expected 3, got 0)
2026-04-08 08:02:43,340 [WARNING]       ⚠️ 페이지 5035 처리 중 오류: not enough values to unpack (expected 3, got 0)
2026-04-08 08:02:43,344 [WARNING]       ⚠️ 페이지 5037 처리 중 오류: not enough values to unpack (expected 3, got 0)
2026-04-08 08:02:43,452 [WARNING]       ⚠️ 페이지 5038 처리 중 오류: not enough values to unpack (expected 3, got 0)
2026-04-08 08:02:43,468 [WARNING]       ⚠️ 페이지 5039 처리 중 오류: not enough values to unpack (expected 3, got 0)
2026-04-08 08:02:43,724 [WARNING]       ⚠️ 페이지 5040 처리 중 오류: not enough values to unpack (expected 3, got 0)
2026-04-08 08:03:14,909 [WARNING]       ⚠️ 페이지 5049 처리 중 오류: not enough values to unpack (expected 3, got 0)
2026-04-08 08:03:14,916 [WARNING]       ⚠️ 페이지 5042 처리 중 오류: not enough values to unpack (expected 3, got 0)
2026-04-08 08:03:14,977 [WARNING]       ⚠️ 페이지 5044 처리 중 오류: not enough values to unpack (expected 3, got 0)
2026-04-08 08:03:14,983 [WARNING]       ⚠️ 페이지 5045 처리 중 오류: not enough values to unpack (expected 3, got 0)
2026-04-08 08:03:14,996 [WARNING]       ⚠️ 페이지 5048 처리 중 오류: not enough values to unpack (expected 3, got 0)
2026-04-08 08:03:14,997 [WARNING]       ⚠️ 페이지 5050 처리 중 오류: not enough values to unpack (expected 3, got 0)
2026-04-08 08:03:15,004 [WARNING]       ⚠️ 페이지 5043 처리 중 오류: not enough values to unpack (expected 3, got 0)
2026-04-08 08:03:15,012 [WARNING]       ⚠️ 페이지 5046 처리 중 오류: not enough values to unpack (expected 3, got 0)
2026-04-08 08:03:15,013 [WARNING]       ⚠️ 페이지 5047 처리 중 오류: not enough values to unpack (expected 3, got 0)
2026-04-08 08:03:15,023 [WARNING]       ⚠️ 페이지 5041 처리 중 오류: not enough values to unpack (expected 3, got 0)
2026-04-08 08:03:46,156 [WARNING]       ⚠️ 페이지 5051 처리 중 오류: not enough values to unpack (expected 3, got 0)
2026-04-08 08:03:46,168 [WARNING]       ⚠️ 페이지 5054 처리 중 오류: not enough values to unpack (expected 3, got 0)
2026-04-08 08:03:46,181 [WARNING]       ⚠️ 페이지 5055 처리 중 오류: not enough values to unpack (expected 3, got 0)
2026-04-08 08:03:46,188 [WARNING]       ⚠️ 페이지 5053 처리 중 오류: not enough values to unpack (expected 3, got 0)
2026-04-08 08:03:46,193 [WARNING]       ⚠️ 페이지 5052 처리 중 오류: not enough values to unpack (expected 3, got 0)
2026-04-08 08:03:46,207 [WARNING]       ⚠️ 페이지 5060 처리 중 오류: not enough values to unpack (expected 3, got 0)
2026-04-08 08:03:46,209 [WARNING]       ⚠️ 페이지 5058 처리 중 오류: not enough values to unpack (expected 3, got 0)
2026-04-08 08:03:46,248 [WARNING]       ⚠️ 페이지 5057 처리 중 오류: not enough values to unpack (expected 3, got 0)
2026-04-08 08:03:46,334 [WARNING]       ⚠️ 페이지 5056 처리 중 오류: not enough values to unpack (expected 3, got 0)
2026-04-08 08:03:46,381 [WARNING]       ⚠️ 페이지 5059 처리 중 오류: not enough values to unpack (expected 3, got 0)
2026-04-08 08:03:46,381 [INFO]       ... 5041/6000 페이지 진행 중...
2026-04-08 08:04:17,553 [WARNING]       ⚠️ 페이지 5068 처리 중 오류: not enough values to unpack (expected 3, got 0)
2026-04-08 08:04:17,611 [WARNING]       ⚠️ 페이지 5069 처리 중 오류: not enough values to unpack (expected 3, got 0)
2026-04-08 08:04:17,612 [WARNING]       ⚠️ 페이지 5070 처리 중 오류: not enough values to unpack (expected 3, got 0)
2026-04-08 08:04:17,623 [WARNING]       ⚠️ 페이지 5064 처리 중 오류: not enough values to unpack (expected 3, got 0)
2026-04-08 08:04:17,631 [WARNING]       ⚠️ 페이지 5067 처리 중 오류: not enough values to unpack (expected 3, got 0)
2026-04-08 08:04:17,651 [WARNING]       ⚠️ 페이지 5065 처리 중 오류: not enough values to unpack (expected 3, got 0)
2026-04-08 08:04:17,654 [WARNING]       ⚠️ 페이지 5062 처리 중 오류: not enough values to unpack (expected 3, got 0)
2026-04-08 08:04:17,664 [WARNING]       ⚠️ 페이지 5063 처리 중 오류: not enough values to unpack (expected 3, got 0)
2026-04-08 08:04:17,676 [WARNING]       ⚠️ 페이지 5061 처리 중 오류: not enough values to unpack (expected 3, got 0)
2026-04-08 08:04:17,682 [WARNING]       ⚠️ 페이지 5066 처리 중 오류: not enough values to unpack (expected 3, got 0)
2026-04-08 08:04:48,824 [WARNING]       ⚠️ 페이지 5076 처리 중 오류: not enough values to unpack (expected 3, got 0)
2026-04-08 08:04:48,827 [WARNING]       ⚠️ 페이지 5073 처리 중 오류: not enough values to unpack (expected 3, got 0)
2026-04-08 08:04:48,831 [WARNING]       ⚠️ 페이지 5075 처리 중 오류: not enough values to unpack (expected 3, got 0)
2026-04-08 08:04:48,836 [WARNING]       ⚠️ 페이지 5071 처리 중 오류: not enough values to unpack (expected 3, got 0)
2026-04-08 08:04:48,857 [WARNING]       ⚠️ 페이지 5074 처리 중 오류: not enough values to unpack (expected 3, got 0)
2026-04-08 08:04:48,886 [WARNING]       ⚠️ 페이지 5079 처리 중 오류: not enough values to unpack (expected 3, got 0)
2026-04-08 08:04:48,888 [WARNING]       ⚠️ 페이지 5078 처리 중 오류: not enough values to unpack (expected 3, got 0)
2026-04-08 08:04:48,890 [WARNING]       ⚠️ 페이지 5077 처리 중 오류: not enough values to unpack (expected 3, got 0)
2026-04-08 08:04:48,942 [WARNING]       ⚠️ 페이지 5072 처리 중 오류: not enough values to unpack (expected 3, got 0)
2026-04-08 08:04:49,018 [WARNING]       ⚠️ 페이지 5080 처리 중 오류: not enough values to unpack (expected 3, got 0)
2026-04-08 08:05:20,208 [WARNING]       ⚠️ 페이지 5084 처리 중 오류: not enough values to unpack (expected 3, got 0)
2026-04-08 08:05:20,209 [WARNING]       ⚠️ 페이지 5082 처리 중 오류: not enough values to unpack (expected 3, got 0)
2026-04-08 08:05:20,269 [WARNING]       ⚠️ 페이지 5085 처리 중 오류: not enough values to unpack (expected 3, got 0)
2026-04-08 08:05:20,276 [WARNING]       ⚠️ 페이지 5090 처리 중 오류: not enough values to unpack (expected 3, got 0)
2026-04-08 08:05:20,284 [WARNING]       ⚠️ 페이지 5088 처리 중 오류: not enough values to unpack (expected 3, got 0)
2026-04-08 08:05:20,292 [WARNING]       ⚠️ 페이지 5083 처리 중 오류: not enough values to unpack (expected 3, got 0)
2026-04-08 08:05:20,294 [WARNING]       ⚠️ 페이지 5089 처리 중 오류: not enough values to unpack (expected 3, got 0)
2026-04-08 08:05:20,297 [WARNING]       ⚠️ 페이지 5087 처리 중 오류: not enough values to unpack (expected 3, got 0)
2026-04-08 08:05:20,298 [WARNING]       ⚠️ 페이지 5081 처리 중 오류: not enough values to unpack (expected 3, got 0)
2026-04-08 08:05:20,329 [WARNING]       ⚠️ 페이지 5086 처리 중 오류: not enough values to unpack (expected 3, got 0)
2026-04-08 08:05:51,450 [WARNING]       ⚠️ 페이지 5094 처리 중 오류: not enough values to unpack (expected 3, got 0)
2026-04-08 08:05:51,468 [WARNING]       ⚠️ 페이지 5093 처리 중 오류: not enough values to unpack (expected 3, got 0)
2026-04-08 08:05:51,479 [WARNING]       ⚠️ 페이지 5092 처리 중 오류: not enough values to unpack (expected 3, got 0)
2026-04-08 08:05:51,482 [WARNING]       ⚠️ 페이지 5095 처리 중 오류: not enough values to unpack (expected 3, got 0)
2026-04-08 08:05:51,498 [WARNING]       ⚠️ 페이지 5097 처리 중 오류: not enough values to unpack (expected 3, got 0)
2026-04-08 08:05:51,499 [WARNING]       ⚠️ 페이지 5099 처리 중 오류: not enough values to unpack (expected 3, got 0)
2026-04-08 08:05:51,528 [WARNING]       ⚠️ 페이지 5096 처리 중 오류: not enough values to unpack (expected 3, got 0)
2026-04-08 08:05:51,538 [WARNING]       ⚠️ 페이지 5091 처리 중 오류: not enough values to unpack (expected 3, got 0)
2026-04-08 08:05:51,643 [WARNING]       ⚠️ 페이지 5100 처리 중 오류: not enough values to unpack (expected 3, got 0)
2026-04-08 08:05:51,649 [WARNING]       ⚠️ 페이지 5098 처리 중 오류: not enough values to unpack (expected 3, got 0)
2026-04-08 08:05:51,650 [INFO]       ... 5081/6000 페이지 진행 중...
2026-04-08 08:06:22,850 [WARNING]       ⚠️ 페이지 5108 처리 중 오류: not enough values to unpack (expected 3, got 0)
2026-04-08 08:06:22,852 [WARNING]       ⚠️ 페이지 5109 처리 중 오류: not enough values to unpack (expected 3, got 0)
2026-04-08 08:06:22,893 [WARNING]       ⚠️ 페이지 5106 처리 중 오류: not enough values to unpack (expected 3, got 0)
2026-04-08 08:06:22,900 [WARNING]       ⚠️ 페이지 5107 처리 중 오류: not enough values to unpack (expected 3, got 0)
2026-04-08 08:06:22,906 [WARNING]       ⚠️ 페이지 5110 처리 중 오류: not enough values to unpack (expected 3, got 0)
2026-04-08 08:06:22,908 [WARNING]       ⚠️ 페이지 5101 처리 중 오류: not enough values to unpack (expected 3, got 0)
2026-04-08 08:06:22,915 [WARNING]       ⚠️ 페이지 5102 처리 중 오류: not enough values to unpack (expected 3, got 0)
2026-04-08 08:06:22,939 [WARNING]       ⚠️ 페이지 5105 처리 중 오류: not enough values to unpack (expected 3, got 0)
2026-04-08 08:06:22,953 [WARNING]       ⚠️ 페이지 5103 처리 중 오류: not enough values to unpack (expected 3, got 0)
2026-04-08 08:06:22,955 [WARNING]       ⚠️ 페이지 5104 처리 중 오류: not enough values to unpack (expected 3, got 0)
2026-04-08 08:06:54,074 [WARNING]       ⚠️ 페이지 5114 처리 중 오류: not enough values to unpack (expected 3, got 0)
2026-04-08 08:06:54,078 [WARNING]       ⚠️ 페이지 5115 처리 중 오류: not enough values to unpack (expected 3, got 0)
2026-04-08 08:06:54,093 [WARNING]       ⚠️ 페이지 5116 처리 중 오류: not enough values to unpack (expected 3, got 0)
2026-04-08 08:06:54,101 [WARNING]       ⚠️ 페이지 5113 처리 중 오류: not enough values to unpack (expected 3, got 0)
2026-04-08 08:06:54,134 [WARNING]       ⚠️ 페이지 5119 처리 중 오류: not enough values to unpack (expected 3, got 0)
2026-04-08 08:06:54,147 [WARNING]       ⚠️ 페이지 5111 처리 중 오류: not enough values to unpack (expected 3, got 0)
2026-04-08 08:06:54,178 [WARNING]       ⚠️ 페이지 5112 처리 중 오류: not enough values to unpack (expected 3, got 0)
2026-04-08 08:06:54,213 [WARNING]       ⚠️ 페이지 5120 처리 중 오류: not enough values to unpack (expected 3, got 0)
2026-04-08 08:06:54,217 [WARNING]       ⚠️ 페이지 5117 처리 중 오류: not enough values to unpack (expected 3, got 0)
2026-04-08 08:06:54,269 [WARNING]       ⚠️ 페이지 5118 처리 중 오류: not enough values to unpack (expected 3, got 0)
2026-04-08 08:07:25,462 [WARNING]       ⚠️ 페이지 5130 처리 중 오류: not enough values to unpack (expected 3, got 0)
2026-04-08 08:07:25,465 [WARNING]       ⚠️ 페이지 5122 처리 중 오류: not enough values to unpack (expected 3, got 0)
2026-04-08 08:07:25,504 [WARNING]       ⚠️ 페이지 5121 처리 중 오류: not enough values to unpack (expected 3, got 0)
2026-04-08 08:07:25,518 [WARNING]       ⚠️ 페이지 5127 처리 중 오류: not enough values to unpack (expected 3, got 0)
2026-04-08 08:07:25,525 [WARNING]       ⚠️ 페이지 5123 처리 중 오류: not enough values to unpack (expected 3, got 0)
2026-04-08 08:07:25,539 [WARNING]       ⚠️ 페이지 5126 처리 중 오류: not enough values to unpack (expected 3, got 0)
2026-04-08 08:07:25,542 [WARNING]       ⚠️ 페이지 5124 처리 중 오류: not enough values to unpack (expected 3, got 0)
2026-04-08 08:07:25,546 [WARNING]       ⚠️ 페이지 5125 처리 중 오류: not enough values to unpack (expected 3, got 0)
2026-04-08 08:07:25,559 [WARNING]       ⚠️ 페이지 5128 처리 중 오류: not enough values to unpack (expected 3, got 0)
2026-04-08 08:07:25,572 [WARNING]       ⚠️ 페이지 5129 처리 중 오류: not enough values to unpack (expected 3, got 0)
2026-04-08 08:07:56,705 [WARNING]       ⚠️ 페이지 5134 처리 중 오류: not enough values to unpack (expected 3, got 0)
2026-04-08 08:07:56,707 [WARNING]       ⚠️ 페이지 5131 처리 중 오류: not enough values to unpack (expected 3, got 0)
2026-04-08 08:07:56,713 [WARNING]       ⚠️ 페이지 5132 처리 중 오류: not enough values to unpack (expected 3, got 0)
2026-04-08 08:07:56,732 [WARNING]       ⚠️ 페이지 5133 처리 중 오류: not enough values to unpack (expected 3, got 0)
2026-04-08 08:07:56,743 [WARNING]       ⚠️ 페이지 5135 처리 중 오류: not enough values to unpack (expected 3, got 0)
2026-04-08 08:07:56,785 [WARNING]       ⚠️ 페이지 5138 처리 중 오류: not enough values to unpack (expected 3, got 0)
2026-04-08 08:07:56,787 [WARNING]       ⚠️ 페이지 5136 처리 중 오류: not enough values to unpack (expected 3, got 0)
2026-04-08 08:07:56,787 [WARNING]       ⚠️ 페이지 5137 처리 중 오류: not enough values to unpack (expected 3, got 0)
2026-04-08 08:07:56,858 [WARNING]       ⚠️ 페이지 5140 처리 중 오류: not enough values to unpack (expected 3, got 0)
2026-04-08 08:07:56,888 [WARNING]       ⚠️ 페이지 5139 처리 중 오류: not enough values to unpack (expected 3, got 0)
2026-04-08 08:07:56,888 [INFO]       ... 5121/6000 페이지 진행 중...
2026-04-08 08:08:28,086 [WARNING]       ⚠️ 페이지 5141 처리 중 오류: not enough values to unpack (expected 3, got 0)
2026-04-08 08:08:28,088 [WARNING]       ⚠️ 페이지 5146 처리 중 오류: not enough values to unpack (expected 3, got 0)
2026-04-08 08:08:28,131 [WARNING]       ⚠️ 페이지 5144 처리 중 오류: not enough values to unpack (expected 3, got 0)
2026-04-08 08:08:28,140 [WARNING]       ⚠️ 페이지 5149 처리 중 오류: not enough values to unpack (expected 3, got 0)
2026-04-08 08:08:28,153 [WARNING]       ⚠️ 페이지 5142 처리 중 오류: not enough values to unpack (expected 3, got 0)
2026-04-08 08:08:28,154 [WARNING]       ⚠️ 페이지 5150 처리 중 오류: not enough values to unpack (expected 3, got 0)
2026-04-08 08:08:28,166 [WARNING]       ⚠️ 페이지 5143 처리 중 오류: not enough values to unpack (expected 3, got 0)
2026-04-08 08:08:28,175 [WARNING]       ⚠️ 페이지 5147 처리 중 오류: not enough values to unpack (expected 3, got 0)
2026-04-08 08:08:28,177 [WARNING]       ⚠️ 페이지 5148 처리 중 오류: not enough values to unpack (expected 3, got 0)
2026-04-08 08:08:28,179 [WARNING]       ⚠️ 페이지 5145 처리 중 오류: not enough values to unpack (expected 3, got 0)
2026-04-08 08:08:59,310 [WARNING]       ⚠️ 페이지 5155 처리 중 오류: not enough values to unpack (expected 3, got 0)
2026-04-08 08:08:59,321 [WARNING]       ⚠️ 페이지 5154 처리 중 오류: not enough values to unpack (expected 3, got 0)
2026-04-08 08:08:59,339 [WARNING]       ⚠️ 페이지 5153 처리 중 오류: not enough values to unpack (expected 3, got 0)
2026-04-08 08:08:59,352 [WARNING]       ⚠️ 페이지 5156 처리 중 오류: not enough values to unpack (expected 3, got 0)
2026-04-08 08:08:59,353 [WARNING]       ⚠️ 페이지 5157 처리 중 오류: not enough values to unpack (expected 3, got 0)
2026-04-08 08:08:59,394 [WARNING]       ⚠️ 페이지 5151 처리 중 오류: not enough values to unpack (expected 3, got 0)
2026-04-08 08:08:59,419 [WARNING]       ⚠️ 페이지 5160 처리 중 오류: not enough values to unpack (expected 3, got 0)
2026-04-08 08:08:59,425 [WARNING]       ⚠️ 페이지 5152 처리 중 오류: not enough values to unpack (expected 3, got 0)
2026-04-08 08:08:59,441 [WARNING]       ⚠️ 페이지 5159 처리 중 오류: not enough values to unpack (expected 3, got 0)
2026-04-08 08:08:59,496 [WARNING]       ⚠️ 페이지 5158 처리 중 오류: not enough values to unpack (expected 3, got 0)
2026-04-08 08:09:30,681 [WARNING]       ⚠️ 페이지 5164 처리 중 오류: not enough values to unpack (expected 3, got 0)
2026-04-08 08:09:30,691 [WARNING]       ⚠️ 페이지 5167 처리 중 오류: not enough values to unpack (expected 3, got 0)
2026-04-08 08:09:30,748 [WARNING]       ⚠️ 페이지 5170 처리 중 오류: not enough values to unpack (expected 3, got 0)
2026-04-08 08:09:30,753 [WARNING]       ⚠️ 페이지 5166 처리 중 오류: not enough values to unpack (expected 3, got 0)
2026-04-08 08:09:30,755 [WARNING]       ⚠️ 페이지 5161 처리 중 오류: not enough values to unpack (expected 3, got 0)
2026-04-08 08:09:30,761 [WARNING]       ⚠️ 페이지 5169 처리 중 오류: not enough values to unpack (expected 3, got 0)
2026-04-08 08:09:30,790 [WARNING]       ⚠️ 페이지 5162 처리 중 오류: not enough values to unpack (expected 3, got 0)
2026-04-08 08:09:30,791 [WARNING]       ⚠️ 페이지 5165 처리 중 오류: not enough values to unpack (expected 3, got 0)
2026-04-08 08:09:30,798 [WARNING]       ⚠️ 페이지 5168 처리 중 오류: not enough values to unpack (expected 3, got 0)
2026-04-08 08:09:30,804 [WARNING]       ⚠️ 페이지 5163 처리 중 오류: not enough values to unpack (expected 3, got 0)
2026-04-08 08:10:01,931 [WARNING]       ⚠️ 페이지 5174 처리 중 오류: not enough values to unpack (expected 3, got 0)
2026-04-08 08:10:01,941 [WARNING]       ⚠️ 페이지 5173 처리 중 오류: not enough values to unpack (expected 3, got 0)
2026-04-08 08:10:01,943 [WARNING]       ⚠️ 페이지 5175 처리 중 오류: not enough values to unpack (expected 3, got 0)
2026-04-08 08:10:01,992 [WARNING]       ⚠️ 페이지 5178 처리 중 오류: not enough values to unpack (expected 3, got 0)
2026-04-08 08:10:02,000 [WARNING]       ⚠️ 페이지 5172 처리 중 오류: not enough values to unpack (expected 3, got 0)
2026-04-08 08:10:02,011 [WARNING]       ⚠️ 페이지 5180 처리 중 오류: not enough values to unpack (expected 3, got 0)
2026-04-08 08:10:02,034 [WARNING]       ⚠️ 페이지 5171 처리 중 오류: not enough values to unpack (expected 3, got 0)
2026-04-08 08:10:02,054 [WARNING]       ⚠️ 페이지 5177 처리 중 오류: not enough values to unpack (expected 3, got 0)
2026-04-08 08:10:02,092 [WARNING]       ⚠️ 페이지 5176 처리 중 오류: not enough values to unpack (expected 3, got 0)
2026-04-08 08:10:02,141 [WARNING]       ⚠️ 페이지 5179 처리 중 오류: not enough values to unpack (expected 3, got 0)
2026-04-08 08:10:02,141 [INFO]       ... 5161/6000 페이지 진행 중...
2026-04-08 08:10:33,338 [WARNING]       ⚠️ 페이지 5187 처리 중 오류: not enough values to unpack (expected 3, got 0)
2026-04-08 08:10:33,353 [WARNING]       ⚠️ 페이지 5185 처리 중 오류: not enough values to unpack (expected 3, got 0)
2026-04-08 08:10:33,387 [WARNING]       ⚠️ 페이지 5182 처리 중 오류: not enough values to unpack (expected 3, got 0)
2026-04-08 08:10:33,389 [WARNING]       ⚠️ 페이지 5190 처리 중 오류: not enough values to unpack (expected 3, got 0)
2026-04-08 08:10:33,393 [WARNING]       ⚠️ 페이지 5189 처리 중 오류: not enough values to unpack (expected 3, got 0)
2026-04-08 08:10:33,394 [WARNING]       ⚠️ 페이지 5181 처리 중 오류: not enough values to unpack (expected 3, got 0)
2026-04-08 08:10:33,428 [WARNING]       ⚠️ 페이지 5186 처리 중 오류: not enough values to unpack (expected 3, got 0)
2026-04-08 08:10:33,429 [WARNING]       ⚠️ 페이지 5184 처리 중 오류: not enough values to unpack (expected 3, got 0)
2026-04-08 08:10:33,438 [WARNING]       ⚠️ 페이지 5188 처리 중 오류: not enough values to unpack (expected 3, got 0)
2026-04-08 08:10:33,475 [WARNING]       ⚠️ 페이지 5183 처리 중 오류: not enough values to unpack (expected 3, got 0)
2026-04-08 08:11:04,561 [WARNING]       ⚠️ 페이지 5193 처리 중 오류: not enough values to unpack (expected 3, got 0)
2026-04-08 08:11:04,564 [WARNING]       ⚠️ 페이지 5195 처리 중 오류: not enough values to unpack (expected 3, got 0)
2026-04-08 08:11:04,591 [WARNING]       ⚠️ 페이지 5194 처리 중 오류: not enough values to unpack (expected 3, got 0)
2026-04-08 08:11:04,608 [WARNING]       ⚠️ 페이지 5191 처리 중 오류: not enough values to unpack (expected 3, got 0)
2026-04-08 08:11:04,642 [WARNING]       ⚠️ 페이지 5196 처리 중 오류: not enough values to unpack (expected 3, got 0)
2026-04-08 08:11:04,662 [WARNING]       ⚠️ 페이지 5198 처리 중 오류: not enough values to unpack (expected 3, got 0)
2026-04-08 08:11:04,682 [WARNING]       ⚠️ 페이지 5200 처리 중 오류: not enough values to unpack (expected 3, got 0)
2026-04-08 08:11:04,686 [WARNING]       ⚠️ 페이지 5192 처리 중 오류: not enough values to unpack (expected 3, got 0)
2026-04-08 08:11:04,728 [WARNING]       ⚠️ 페이지 5199 처리 중 오류: not enough values to unpack (expected 3, got 0)
2026-04-08 08:11:04,785 [WARNING]       ⚠️ 페이지 5197 처리 중 오류: not enough values to unpack (expected 3, got 0)
2026-04-08 08:11:35,978 [WARNING]       ⚠️ 페이지 5208 처리 중 오류: not enough values to unpack (expected 3, got 0)
2026-04-08 08:11:35,989 [WARNING]       ⚠️ 페이지 5207 처리 중 오류: not enough values to unpack (expected 3, got 0)
2026-04-08 08:11:36,034 [WARNING]       ⚠️ 페이지 5210 처리 중 오류: not enough values to unpack (expected 3, got 0)
2026-04-08 08:11:36,040 [WARNING]       ⚠️ 페이지 5204 처리 중 오류: not enough values to unpack (expected 3, got 0)
2026-04-08 08:11:36,043 [WARNING]       ⚠️ 페이지 5206 처리 중 오류: not enough values to unpack (expected 3, got 0)
2026-04-08 08:11:36,063 [WARNING]       ⚠️ 페이지 5209 처리 중 오류: not enough values to unpack (expected 3, got 0)
2026-04-08 08:11:36,066 [WARNING]       ⚠️ 페이지 5202 처리 중 오류: not enough values to unpack (expected 3, got 0)
2026-04-08 08:11:36,067 [WARNING]       ⚠️ 페이지 5201 처리 중 오류: not enough values to unpack (expected 3, got 0)
2026-04-08 08:11:36,070 [WARNING]       ⚠️ 페이지 5205 처리 중 오류: not enough values to unpack (expected 3, got 0)
2026-04-08 08:11:36,074 [WARNING]       ⚠️ 페이지 5203 처리 중 오류: not enough values to unpack (expected 3, got 0)
2026-04-08 08:12:07,233 [WARNING]       ⚠️ 페이지 5213 처리 중 오류: not enough values to unpack (expected 3, got 0)
2026-04-08 08:12:07,242 [WARNING]       ⚠️ 페이지 5214 처리 중 오류: not enough values to unpack (expected 3, got 0)
2026-04-08 08:12:07,242 [WARNING]       ⚠️ 페이지 5212 처리 중 오류: not enough values to unpack (expected 3, got 0)
2026-04-08 08:12:07,269 [WARNING]       ⚠️ 페이지 5219 처리 중 오류: not enough values to unpack (expected 3, got 0)
2026-04-08 08:12:07,277 [WARNING]       ⚠️ 페이지 5216 처리 중 오류: not enough values to unpack (expected 3, got 0)
2026-04-08 08:12:07,286 [WARNING]       ⚠️ 페이지 5211 처리 중 오류: not enough values to unpack (expected 3, got 0)
2026-04-08 08:12:07,305 [WARNING]       ⚠️ 페이지 5220 처리 중 오류: not enough values to unpack (expected 3, got 0)
2026-04-08 08:12:07,336 [WARNING]       ⚠️ 페이지 5215 처리 중 오류: not enough values to unpack (expected 3, got 0)
2026-04-08 08:12:07,356 [WARNING]       ⚠️ 페이지 5217 처리 중 오류: not enough values to unpack (expected 3, got 0)
2026-04-08 08:12:07,429 [WARNING]       ⚠️ 페이지 5218 처리 중 오류: not enough values to unpack (expected 3, got 0)
2026-04-08 08:12:07,430 [INFO]       ... 5201/6000 페이지 진행 중...
2026-04-08 08:12:38,631 [WARNING]       ⚠️ 페이지 5223 처리 중 오류: not enough values to unpack (expected 3, got 0)
2026-04-08 08:12:38,635 [WARNING]       ⚠️ 페이지 5230 처리 중 오류: not enough values to unpack (expected 3, got 0)
2026-04-08 08:12:38,667 [WARNING]       ⚠️ 페이지 5227 처리 중 오류: not enough values to unpack (expected 3, got 0)
2026-04-08 08:12:38,684 [WARNING]       ⚠️ 페이지 5229 처리 중 오류: not enough values to unpack (expected 3, got 0)
2026-04-08 08:12:38,690 [WARNING]       ⚠️ 페이지 5228 처리 중 오류: not enough values to unpack (expected 3, got 0)
2026-04-08 08:12:38,693 [WARNING]       ⚠️ 페이지 5222 처리 중 오류: not enough values to unpack (expected 3, got 0)
2026-04-08 08:12:38,710 [WARNING]       ⚠️ 페이지 5226 처리 중 오류: not enough values to unpack (expected 3, got 0)
2026-04-08 08:12:38,720 [WARNING]       ⚠️ 페이지 5221 처리 중 오류: not enough values to unpack (expected 3, got 0)
2026-04-08 08:12:38,724 [WARNING]       ⚠️ 페이지 5224 처리 중 오류: not enough values to unpack (expected 3, got 0)
2026-04-08 08:12:38,728 [WARNING]       ⚠️ 페이지 5225 처리 중 오류: not enough values to unpack (expected 3, got 0)
2026-04-08 08:13:09,873 [WARNING]       ⚠️ 페이지 5231 처리 중 오류: not enough values to unpack (expected 3, got 0)
2026-04-08 08:13:09,878 [WARNING]       ⚠️ 페이지 5235 처리 중 오류: not enough values to unpack (expected 3, got 0)
2026-04-08 08:13:09,888 [WARNING]       ⚠️ 페이지 5234 처리 중 오류: not enough values to unpack (expected 3, got 0)
2026-04-08 08:13:09,906 [WARNING]       ⚠️ 페이지 5233 처리 중 오류: not enough values to unpack (expected 3, got 0)
2026-04-08 08:13:09,916 [WARNING]       ⚠️ 페이지 5232 처리 중 오류: not enough values to unpack (expected 3, got 0)
2026-04-08 08:13:09,939 [WARNING]       ⚠️ 페이지 5240 처리 중 오류: not enough values to unpack (expected 3, got 0)
2026-04-08 08:13:09,964 [WARNING]       ⚠️ 페이지 5236 처리 중 오류: not enough values to unpack (expected 3, got 0)
2026-04-08 08:13:09,983 [WARNING]       ⚠️ 페이지 5239 처리 중 오류: not enough values to unpack (expected 3, got 0)
2026-04-08 08:13:10,003 [WARNING]       ⚠️ 페이지 5237 처리 중 오류: not enough values to unpack (expected 3, got 0)
2026-04-08 08:13:10,039 [WARNING]       ⚠️ 페이지 5238 처리 중 오류: not enough values to unpack (expected 3, got 0)
2026-04-08 08:13:41,229 [WARNING]       ⚠️ 페이지 5242 처리 중 오류: not enough values to unpack (expected 3, got 0)
2026-04-08 08:13:41,240 [WARNING]       ⚠️ 페이지 5241 처리 중 오류: not enough values to unpack (expected 3, got 0)
2026-04-08 08:13:41,275 [WARNING]       ⚠️ 페이지 5245 처리 중 오류: not enough values to unpack (expected 3, got 0)
2026-04-08 08:13:41,278 [WARNING]       ⚠️ 페이지 5246 처리 중 오류: not enough values to unpack (expected 3, got 0)
2026-04-08 08:13:41,286 [WARNING]       ⚠️ 페이지 5248 처리 중 오류: not enough values to unpack (expected 3, got 0)
2026-04-08 08:13:41,296 [WARNING]       ⚠️ 페이지 5250 처리 중 오류: not enough values to unpack (expected 3, got 0)
2026-04-08 08:13:41,305 [WARNING]       ⚠️ 페이지 5243 처리 중 오류: not enough values to unpack (expected 3, got 0)
2026-04-08 08:13:41,310 [WARNING]       ⚠️ 페이지 5244 처리 중 오류: not enough values to unpack (expected 3, got 0)
2026-04-08 08:13:41,324 [WARNING]       ⚠️ 페이지 5249 처리 중 오류: not enough values to unpack (expected 3, got 0)
2026-04-08 08:13:41,327 [WARNING]       ⚠️ 페이지 5247 처리 중 오류: not enough values to unpack (expected 3, got 0)
2026-04-08 08:14:12,471 [WARNING]       ⚠️ 페이지 5251 처리 중 오류: not enough values to unpack (expected 3, got 0)
2026-04-08 08:14:12,472 [WARNING]       ⚠️ 페이지 5253 처리 중 오류: not enough values to unpack (expected 3, got 0)
2026-04-08 08:14:12,476 [WARNING]       ⚠️ 페이지 5255 처리 중 오류: not enough values to unpack (expected 3, got 0)
2026-04-08 08:14:12,502 [WARNING]       ⚠️ 페이지 5252 처리 중 오류: not enough values to unpack (expected 3, got 0)
2026-04-08 08:14:12,519 [WARNING]       ⚠️ 페이지 5254 처리 중 오류: not enough values to unpack (expected 3, got 0)
2026-04-08 08:14:12,542 [WARNING]       ⚠️ 페이지 5256 처리 중 오류: not enough values to unpack (expected 3, got 0)
2026-04-08 08:14:12,578 [WARNING]       ⚠️ 페이지 5257 처리 중 오류: not enough values to unpack (expected 3, got 0)
2026-04-08 08:14:12,584 [WARNING]       ⚠️ 페이지 5258 처리 중 오류: not enough values to unpack (expected 3, got 0)
2026-04-08 08:14:12,615 [WARNING]       ⚠️ 페이지 5260 처리 중 오류: not enough values to unpack (expected 3, got 0)
2026-04-08 08:14:12,646 [WARNING]       ⚠️ 페이지 5259 처리 중 오류: not enough values to unpack (expected 3, got 0)
2026-04-08 08:14:12,646 [INFO]       ... 5241/6000 페이지 진행 중...
2026-04-08 08:14:43,838 [WARNING]       ⚠️ 페이지 5262 처리 중 오류: not enough values to unpack (expected 3, got 0)
2026-04-08 08:14:43,841 [WARNING]       ⚠️ 페이지 5265 처리 중 오류: not enough values to unpack (expected 3, got 0)
2026-04-08 08:14:43,887 [WARNING]       ⚠️ 페이지 5267 처리 중 오류: not enough values to unpack (expected 3, got 0)
2026-04-08 08:14:43,888 [WARNING]       ⚠️ 페이지 5261 처리 중 오류: not enough values to unpack (expected 3, got 0)
2026-04-08 08:14:43,901 [WARNING]       ⚠️ 페이지 5268 처리 중 오류: not enough values to unpack (expected 3, got 0)
2026-04-08 08:14:43,906 [WARNING]       ⚠️ 페이지 5270 처리 중 오류: not enough values to unpack (expected 3, got 0)
2026-04-08 08:14:43,928 [WARNING]       ⚠️ 페이지 5263 처리 중 오류: not enough values to unpack (expected 3, got 0)
2026-04-08 08:14:43,931 [WARNING]       ⚠️ 페이지 5269 처리 중 오류: not enough values to unpack (expected 3, got 0)
2026-04-08 08:14:43,935 [WARNING]       ⚠️ 페이지 5264 처리 중 오류: not enough values to unpack (expected 3, got 0)
2026-04-08 08:14:43,941 [WARNING]       ⚠️ 페이지 5266 처리 중 오류: not enough values to unpack (expected 3, got 0)
2026-04-08 08:15:15,084 [WARNING]       ⚠️ 페이지 5274 처리 중 오류: not enough values to unpack (expected 3, got 0)
2026-04-08 08:15:15,085 [WARNING]       ⚠️ 페이지 5273 처리 중 오류: not enough values to unpack (expected 3, got 0)
2026-04-08 08:15:15,089 [WARNING]       ⚠️ 페이지 5276 처리 중 오류: not enough values to unpack (expected 3, got 0)
2026-04-08 08:15:15,112 [WARNING]       ⚠️ 페이지 5277 처리 중 오류: not enough values to unpack (expected 3, got 0)
2026-04-08 08:15:15,128 [WARNING]       ⚠️ 페이지 5272 처리 중 오류: not enough values to unpack (expected 3, got 0)
2026-04-08 08:15:15,140 [WARNING]       ⚠️ 페이지 5275 처리 중 오류: not enough values to unpack (expected 3, got 0)
2026-04-08 08:15:15,158 [WARNING]       ⚠️ 페이지 5279 처리 중 오류: not enough values to unpack (expected 3, got 0)
2026-04-08 08:15:15,159 [WARNING]       ⚠️ 페이지 5271 처리 중 오류: not enough values to unpack (expected 3, got 0)
2026-04-08 08:15:15,215 [WARNING]       ⚠️ 페이지 5278 처리 중 오류: not enough values to unpack (expected 3, got 0)
2026-04-08 08:15:15,280 [WARNING]       ⚠️ 페이지 5280 처리 중 오류: not enough values to unpack (expected 3, got 0)
2026-04-08 08:15:46,475 [WARNING]       ⚠️ 페이지 5284 처리 중 오류: not enough values to unpack (expected 3, got 0)
2026-04-08 08:15:46,488 [WARNING]       ⚠️ 페이지 5286 처리 중 오류: not enough values to unpack (expected 3, got 0)
2026-04-08 08:15:46,528 [WARNING]       ⚠️ 페이지 5289 처리 중 오류: not enough values to unpack (expected 3, got 0)
2026-04-08 08:15:46,539 [WARNING]       ⚠️ 페이지 5288 처리 중 오류: not enough values to unpack (expected 3, got 0)
2026-04-08 08:15:46,543 [WARNING]       ⚠️ 페이지 5287 처리 중 오류: not enough values to unpack (expected 3, got 0)
2026-04-08 08:15:46,553 [WARNING]       ⚠️ 페이지 5282 처리 중 오류: not enough values to unpack (expected 3, got 0)
2026-04-08 08:15:46,564 [WARNING]       ⚠️ 페이지 5290 처리 중 오류: not enough values to unpack (expected 3, got 0)
2026-04-08 08:15:46,568 [WARNING]       ⚠️ 페이지 5281 처리 중 오류: not enough values to unpack (expected 3, got 0)
2026-04-08 08:15:46,570 [WARNING]       ⚠️ 페이지 5285 처리 중 오류: not enough values to unpack (expected 3, got 0)
2026-04-08 08:15:46,575 [WARNING]       ⚠️ 페이지 5283 처리 중 오류: not enough values to unpack (expected 3, got 0)
2026-04-08 08:16:17,709 [WARNING]       ⚠️ 페이지 5292 처리 중 오류: not enough values to unpack (expected 3, got 0)
2026-04-08 08:16:17,712 [WARNING]       ⚠️ 페이지 5295 처리 중 오류: not enough values to unpack (expected 3, got 0)
2026-04-08 08:16:17,713 [WARNING]       ⚠️ 페이지 5293 처리 중 오류: not enough values to unpack (expected 3, got 0)
2026-04-08 08:16:17,757 [WARNING]       ⚠️ 페이지 5299 처리 중 오류: not enough values to unpack (expected 3, got 0)
2026-04-08 08:16:17,763 [WARNING]       ⚠️ 페이지 5294 처리 중 오류: not enough values to unpack (expected 3, got 0)
2026-04-08 08:16:17,765 [WARNING]       ⚠️ 페이지 5291 처리 중 오류: not enough values to unpack (expected 3, got 0)
2026-04-08 08:16:17,778 [WARNING]       ⚠️ 페이지 5300 처리 중 오류: not enough values to unpack (expected 3, got 0)
2026-04-08 08:16:17,803 [WARNING]       ⚠️ 페이지 5296 처리 중 오류: not enough values to unpack (expected 3, got 0)
2026-04-08 08:16:17,886 [WARNING]       ⚠️ 페이지 5297 처리 중 오류: not enough values to unpack (expected 3, got 0)
2026-04-08 08:16:17,899 [WARNING]       ⚠️ 페이지 5298 처리 중 오류: not enough values to unpack (expected 3, got 0)
2026-04-08 08:16:17,899 [INFO]       ... 5281/6000 페이지 진행 중...
2026-04-08 08:16:49,087 [WARNING]       ⚠️ 페이지 5307 처리 중 오류: not enough values to unpack (expected 3, got 0)
2026-04-08 08:16:49,105 [WARNING]       ⚠️ 페이지 5302 처리 중 오류: not enough values to unpack (expected 3, got 0)
2026-04-08 08:16:49,136 [WARNING]       ⚠️ 페이지 5301 처리 중 오류: not enough values to unpack (expected 3, got 0)
2026-04-08 08:16:49,146 [WARNING]       ⚠️ 페이지 5305 처리 중 오류: not enough values to unpack (expected 3, got 0)
2026-04-08 08:16:49,147 [WARNING]       ⚠️ 페이지 5304 처리 중 오류: not enough values to unpack (expected 3, got 0)
2026-04-08 08:16:49,150 [WARNING]       ⚠️ 페이지 5306 처리 중 오류: not enough values to unpack (expected 3, got 0)
2026-04-08 08:16:49,159 [WARNING]       ⚠️ 페이지 5308 처리 중 오류: not enough values to unpack (expected 3, got 0)
2026-04-08 08:16:49,179 [WARNING]       ⚠️ 페이지 5309 처리 중 오류: not enough values to unpack (expected 3, got 0)
2026-04-08 08:16:49,193 [WARNING]       ⚠️ 페이지 5310 처리 중 오류: not enough values to unpack (expected 3, got 0)
2026-04-08 08:16:49,199 [WARNING]       ⚠️ 페이지 5303 처리 중 오류: not enough values to unpack (expected 3, got 0)
2026-04-08 08:17:20,325 [WARNING]       ⚠️ 페이지 5315 처리 중 오류: not enough values to unpack (expected 3, got 0)
2026-04-08 08:17:20,326 [WARNING]       ⚠️ 페이지 5313 처리 중 오류: not enough values to unpack (expected 3, got 0)
2026-04-08 08:17:20,333 [WARNING]       ⚠️ 페이지 5316 처리 중 오류: not enough values to unpack (expected 3, got 0)
2026-04-08 08:17:20,361 [WARNING]       ⚠️ 페이지 5311 처리 중 오류: not enough values to unpack (expected 3, got 0)
2026-04-08 08:17:20,380 [WARNING]       ⚠️ 페이지 5312 처리 중 오류: not enough values to unpack (expected 3, got 0)
2026-04-08 08:17:20,408 [WARNING]       ⚠️ 페이지 5314 처리 중 오류: not enough values to unpack (expected 3, got 0)
2026-04-08 08:17:20,415 [WARNING]       ⚠️ 페이지 5320 처리 중 오류: not enough values to unpack (expected 3, got 0)
2026-04-08 08:17:20,435 [WARNING]       ⚠️ 페이지 5319 처리 중 오류: not enough values to unpack (expected 3, got 0)
2026-04-08 08:17:20,441 [WARNING]       ⚠️ 페이지 5317 처리 중 오류: not enough values to unpack (expected 3, got 0)
2026-04-08 08:17:20,490 [WARNING]       ⚠️ 페이지 5318 처리 중 오류: not enough values to unpack (expected 3, got 0)
2026-04-08 08:17:51,662 [WARNING]       ⚠️ 페이지 5324 처리 중 오류: not enough values to unpack (expected 3, got 0)
2026-04-08 08:17:51,673 [WARNING]       ⚠️ 페이지 5329 처리 중 오류: not enough values to unpack (expected 3, got 0)
2026-04-08 08:17:51,719 [WARNING]       ⚠️ 페이지 5327 처리 중 오류: not enough values to unpack (expected 3, got 0)
2026-04-08 08:17:51,721 [WARNING]       ⚠️ 페이지 5326 처리 중 오류: not enough values to unpack (expected 3, got 0)
2026-04-08 08:17:51,727 [WARNING]       ⚠️ 페이지 5322 처리 중 오류: not enough values to unpack (expected 3, got 0)
2026-04-08 08:17:51,731 [WARNING]       ⚠️ 페이지 5321 처리 중 오류: not enough values to unpack (expected 3, got 0)
2026-04-08 08:17:51,748 [WARNING]       ⚠️ 페이지 5330 처리 중 오류: not enough values to unpack (expected 3, got 0)
2026-04-08 08:17:51,768 [WARNING]       ⚠️ 페이지 5325 처리 중 오류: not enough values to unpack (expected 3, got 0)
2026-04-08 08:17:51,769 [WARNING]       ⚠️ 페이지 5328 처리 중 오류: not enough values to unpack (expected 3, got 0)
2026-04-08 08:17:51,770 [WARNING]       ⚠️ 페이지 5323 처리 중 오류: not enough values to unpack (expected 3, got 0)
2026-04-08 08:18:22,905 [WARNING]       ⚠️ 페이지 5333 처리 중 오류: not enough values to unpack (expected 3, got 0)
2026-04-08 08:18:22,909 [WARNING]       ⚠️ 페이지 5335 처리 중 오류: not enough values to unpack (expected 3, got 0)
2026-04-08 08:18:22,926 [WARNING]       ⚠️ 페이지 5332 처리 중 오류: not enough values to unpack (expected 3, got 0)
2026-04-08 08:18:22,932 [WARNING]       ⚠️ 페이지 5336 처리 중 오류: not enough values to unpack (expected 3, got 0)
2026-04-08 08:18:22,932 [WARNING]       ⚠️ 페이지 5331 처리 중 오류: not enough values to unpack (expected 3, got 0)
2026-04-08 08:18:22,939 [WARNING]       ⚠️ 페이지 5334 처리 중 오류: not enough values to unpack (expected 3, got 0)
2026-04-08 08:18:23,008 [WARNING]       ⚠️ 페이지 5338 처리 중 오류: not enough values to unpack (expected 3, got 0)
2026-04-08 08:18:23,010 [WARNING]       ⚠️ 페이지 5340 처리 중 오류: not enough values to unpack (expected 3, got 0)
2026-04-08 08:18:23,083 [WARNING]       ⚠️ 페이지 5339 처리 중 오류: not enough values to unpack (expected 3, got 0)
2026-04-08 08:18:23,093 [WARNING]       ⚠️ 페이지 5337 처리 중 오류: not enough values to unpack (expected 3, got 0)
2026-04-08 08:18:23,093 [INFO]       ... 5321/6000 페이지 진행 중...
2026-04-08 08:18:54,265 [WARNING]       ⚠️ 페이지 5349 처리 중 오류: not enough values to unpack (expected 3, got 0)
2026-04-08 08:18:54,272 [WARNING]       ⚠️ 페이지 5346 처리 중 오류: not enough values to unpack (expected 3, got 0)
2026-04-08 08:18:54,315 [WARNING]       ⚠️ 페이지 5347 처리 중 오류: not enough values to unpack (expected 3, got 0)
2026-04-08 08:18:54,328 [WARNING]       ⚠️ 페이지 5350 처리 중 오류: not enough values to unpack (expected 3, got 0)
2026-04-08 08:18:54,330 [WARNING]       ⚠️ 페이지 5345 처리 중 오류: not enough values to unpack (expected 3, got 0)
2026-04-08 08:18:54,338 [WARNING]       ⚠️ 페이지 5341 처리 중 오류: not enough values to unpack (expected 3, got 0)
2026-04-08 08:18:54,375 [WARNING]       ⚠️ 페이지 5344 처리 중 오류: not enough values to unpack (expected 3, got 0)
2026-04-08 08:18:54,375 [WARNING]       ⚠️ 페이지 5343 처리 중 오류: not enough values to unpack (expected 3, got 0)
2026-04-08 08:18:54,377 [WARNING]       ⚠️ 페이지 5348 처리 중 오류: not enough values to unpack (expected 3, got 0)
2026-04-08 08:18:54,378 [WARNING]       ⚠️ 페이지 5342 처리 중 오류: not enough values to unpack (expected 3, got 0)
2026-04-08 08:19:25,516 [WARNING]       ⚠️ 페이지 5356 처리 중 오류: not enough values to unpack (expected 3, got 0)
2026-04-08 08:19:25,520 [WARNING]       ⚠️ 페이지 5355 처리 중 오류: not enough values to unpack (expected 3, got 0)
2026-04-08 08:19:25,526 [WARNING]       ⚠️ 페이지 5354 처리 중 오류: not enough values to unpack (expected 3, got 0)
2026-04-08 08:19:25,548 [WARNING]       ⚠️ 페이지 5351 처리 중 오류: not enough values to unpack (expected 3, got 0)
2026-04-08 08:19:25,562 [WARNING]       ⚠️ 페이지 5357 처리 중 오류: not enough values to unpack (expected 3, got 0)
2026-04-08 08:19:25,588 [WARNING]       ⚠️ 페이지 5359 처리 중 오류: not enough values to unpack (expected 3, got 0)
2026-04-08 08:19:25,594 [WARNING]       ⚠️ 페이지 5358 처리 중 오류: not enough values to unpack (expected 3, got 0)
2026-04-08 08:19:25,607 [WARNING]       ⚠️ 페이지 5352 처리 중 오류: not enough values to unpack (expected 3, got 0)
2026-04-08 08:19:25,643 [WARNING]       ⚠️ 페이지 5353 처리 중 오류: not enough values to unpack (expected 3, got 0)
2026-04-08 08:19:25,703 [WARNING]       ⚠️ 페이지 5360 처리 중 오류: not enough values to unpack (expected 3, got 0)
2026-04-08 08:19:56,877 [WARNING]       ⚠️ 페이지 5369 처리 중 오류: not enough values to unpack (expected 3, got 0)
2026-04-08 08:19:56,893 [WARNING]       ⚠️ 페이지 5366 처리 중 오류: not enough values to unpack (expected 3, got 0)
2026-04-08 08:19:56,941 [WARNING]       ⚠️ 페이지 5367 처리 중 오류: not enough values to unpack (expected 3, got 0)
2026-04-08 08:19:56,948 [WARNING]       ⚠️ 페이지 5368 처리 중 오류: not enough values to unpack (expected 3, got 0)
2026-04-08 08:19:56,948 [WARNING]       ⚠️ 페이지 5370 처리 중 오류: not enough values to unpack (expected 3, got 0)
2026-04-08 08:19:56,965 [WARNING]       ⚠️ 페이지 5365 처리 중 오류: not enough values to unpack (expected 3, got 0)
2026-04-08 08:19:56,967 [WARNING]       ⚠️ 페이지 5364 처리 중 오류: not enough values to unpack (expected 3, got 0)
2026-04-08 08:19:56,988 [WARNING]       ⚠️ 페이지 5361 처리 중 오류: not enough values to unpack (expected 3, got 0)
2026-04-08 08:19:56,992 [WARNING]       ⚠️ 페이지 5363 처리 중 오류: not enough values to unpack (expected 3, got 0)
2026-04-08 08:19:56,992 [WARNING]       ⚠️ 페이지 5362 처리 중 오류: not enough values to unpack (expected 3, got 0)
2026-04-08 08:20:28,128 [WARNING]       ⚠️ 페이지 5374 처리 중 오류: not enough values to unpack (expected 3, got 0)
2026-04-08 08:20:28,132 [WARNING]       ⚠️ 페이지 5373 처리 중 오류: not enough values to unpack (expected 3, got 0)
2026-04-08 08:20:28,133 [WARNING]       ⚠️ 페이지 5376 처리 중 오류: not enough values to unpack (expected 3, got 0)
2026-04-08 08:20:28,164 [WARNING]       ⚠️ 페이지 5371 처리 중 오류: not enough values to unpack (expected 3, got 0)
2026-04-08 08:20:28,168 [WARNING]       ⚠️ 페이지 5372 처리 중 오류: not enough values to unpack (expected 3, got 0)
2026-04-08 08:20:28,187 [WARNING]       ⚠️ 페이지 5375 처리 중 오류: not enough values to unpack (expected 3, got 0)
2026-04-08 08:20:28,189 [WARNING]       ⚠️ 페이지 5379 처리 중 오류: not enough values to unpack (expected 3, got 0)
2026-04-08 08:20:28,208 [WARNING]       ⚠️ 페이지 5377 처리 중 오류: not enough values to unpack (expected 3, got 0)
2026-04-08 08:20:28,318 [WARNING]       ⚠️ 페이지 5380 처리 중 오류: not enough values to unpack (expected 3, got 0)
2026-04-08 08:20:28,328 [WARNING]       ⚠️ 페이지 5378 처리 중 오류: not enough values to unpack (expected 3, got 0)
2026-04-08 08:20:28,328 [INFO]       ... 5361/6000 페이지 진행 중...
2026-04-08 08:20:59,520 [WARNING]       ⚠️ 페이지 5382 처리 중 오류: not enough values to unpack (expected 3, got 0)
2026-04-08 08:20:59,525 [WARNING]       ⚠️ 페이지 5389 처리 중 오류: not enough values to unpack (expected 3, got 0)
2026-04-08 08:20:59,560 [WARNING]       ⚠️ 페이지 5387 처리 중 오류: not enough values to unpack (expected 3, got 0)
2026-04-08 08:20:59,567 [WARNING]       ⚠️ 페이지 5388 처리 중 오류: not enough values to unpack (expected 3, got 0)
2026-04-08 08:20:59,572 [WARNING]       ⚠️ 페이지 5384 처리 중 오류: not enough values to unpack (expected 3, got 0)
2026-04-08 08:20:59,573 [WARNING]       ⚠️ 페이지 5390 처리 중 오류: not enough values to unpack (expected 3, got 0)
2026-04-08 08:20:59,613 [WARNING]       ⚠️ 페이지 5383 처리 중 오류: not enough values to unpack (expected 3, got 0)
2026-04-08 08:20:59,615 [WARNING]       ⚠️ 페이지 5385 처리 중 오류: not enough values to unpack (expected 3, got 0)
2026-04-08 08:20:59,617 [WARNING]       ⚠️ 페이지 5386 처리 중 오류: not enough values to unpack (expected 3, got 0)
2026-04-08 08:20:59,622 [WARNING]       ⚠️ 페이지 5381 처리 중 오류: not enough values to unpack (expected 3, got 0)
2026-04-08 08:21:30,763 [WARNING]       ⚠️ 페이지 5394 처리 중 오류: not enough values to unpack (expected 3, got 0)
2026-04-08 08:21:30,771 [WARNING]       ⚠️ 페이지 5395 처리 중 오류: not enough values to unpack (expected 3, got 0)
2026-04-08 08:21:30,772 [WARNING]       ⚠️ 페이지 5392 처리 중 오류: not enough values to unpack (expected 3, got 0)
2026-04-08 08:21:30,791 [WARNING]       ⚠️ 페이지 5398 처리 중 오류: not enough values to unpack (expected 3, got 0)
2026-04-08 08:21:30,793 [WARNING]       ⚠️ 페이지 5397 처리 중 오류: not enough values to unpack (expected 3, got 0)
2026-04-08 08:21:30,833 [WARNING]       ⚠️ 페이지 5393 처리 중 오류: not enough values to unpack (expected 3, got 0)
2026-04-08 08:21:30,837 [WARNING]       ⚠️ 페이지 5391 처리 중 오류: not enough values to unpack (expected 3, got 0)
2026-04-08 08:21:30,843 [WARNING]       ⚠️ 페이지 5400 처리 중 오류: not enough values to unpack (expected 3, got 0)
2026-04-08 08:21:30,864 [WARNING]       ⚠️ 페이지 5396 처리 중 오류: not enough values to unpack (expected 3, got 0)
2026-04-08 08:21:30,944 [WARNING]       ⚠️ 페이지 5399 처리 중 오류: not enough values to unpack (expected 3, got 0)
2026-04-08 08:22:02,122 [WARNING]       ⚠️ 페이지 5402 처리 중 오류: not enough values to unpack (expected 3, got 0)
2026-04-08 08:22:02,132 [WARNING]       ⚠️ 페이지 5407 처리 중 오류: not enough values to unpack (expected 3, got 0)
2026-04-08 08:22:02,179 [WARNING]       ⚠️ 페이지 5409 처리 중 오류: not enough values to unpack (expected 3, got 0)
2026-04-08 08:22:02,180 [WARNING]       ⚠️ 페이지 5410 처리 중 오류: not enough values to unpack (expected 3, got 0)
2026-04-08 08:22:02,181 [WARNING]       ⚠️ 페이지 5408 처리 중 오류: not enough values to unpack (expected 3, got 0)
2026-04-08 08:22:02,200 [WARNING]       ⚠️ 페이지 5406 처리 중 오류: not enough values to unpack (expected 3, got 0)
2026-04-08 08:22:02,204 [WARNING]       ⚠️ 페이지 5401 처리 중 오류: not enough values to unpack (expected 3, got 0)
2026-04-08 08:22:02,210 [WARNING]       ⚠️ 페이지 5404 처리 중 오류: not enough values to unpack (expected 3, got 0)
2026-04-08 08:22:02,226 [WARNING]       ⚠️ 페이지 5403 처리 중 오류: not enough values to unpack (expected 3, got 0)
2026-04-08 08:22:02,232 [WARNING]       ⚠️ 페이지 5405 처리 중 오류: not enough values to unpack (expected 3, got 0)
2026-04-08 08:22:33,365 [WARNING]       ⚠️ 페이지 5413 처리 중 오류: not enough values to unpack (expected 3, got 0)
2026-04-08 08:22:33,367 [WARNING]       ⚠️ 페이지 5412 처리 중 오류: not enough values to unpack (expected 3, got 0)
2026-04-08 08:22:33,385 [WARNING]       ⚠️ 페이지 5417 처리 중 오류: not enough values to unpack (expected 3, got 0)
2026-04-08 08:22:33,388 [WARNING]       ⚠️ 페이지 5411 처리 중 오류: not enough values to unpack (expected 3, got 0)
2026-04-08 08:22:33,391 [WARNING]       ⚠️ 페이지 5418 처리 중 오류: not enough values to unpack (expected 3, got 0)
2026-04-08 08:22:33,413 [WARNING]       ⚠️ 페이지 5414 처리 중 오류: not enough values to unpack (expected 3, got 0)
2026-04-08 08:22:33,428 [WARNING]       ⚠️ 페이지 5415 처리 중 오류: not enough values to unpack (expected 3, got 0)
2026-04-08 08:22:33,440 [WARNING]       ⚠️ 페이지 5416 처리 중 오류: not enough values to unpack (expected 3, got 0)
2026-04-08 08:22:33,554 [WARNING]       ⚠️ 페이지 5420 처리 중 오류: not enough values to unpack (expected 3, got 0)
2026-04-08 08:22:33,556 [WARNING]       ⚠️ 페이지 5419 처리 중 오류: not enough values to unpack (expected 3, got 0)
2026-04-08 08:22:33,556 [INFO]       ... 5401/6000 페이지 진행 중...
2026-04-08 08:23:04,743 [WARNING]       ⚠️ 페이지 5428 처리 중 오류: not enough values to unpack (expected 3, got 0)
2026-04-08 08:23:04,781 [WARNING]       ⚠️ 페이지 5421 처리 중 오류: not enough values to unpack (expected 3, got 0)
2026-04-08 08:23:04,789 [WARNING]       ⚠️ 페이지 5425 처리 중 오류: not enough values to unpack (expected 3, got 0)
2026-04-08 08:23:04,796 [WARNING]       ⚠️ 페이지 5429 처리 중 오류: not enough values to unpack (expected 3, got 0)
2026-04-08 08:23:04,799 [WARNING]       ⚠️ 페이지 5430 처리 중 오류: not enough values to unpack (expected 3, got 0)
2026-04-08 08:23:04,808 [WARNING]       ⚠️ 페이지 5426 처리 중 오류: not enough values to unpack (expected 3, got 0)
2026-04-08 08:23:04,828 [WARNING]       ⚠️ 페이지 5423 처리 중 오류: not enough values to unpack (expected 3, got 0)
2026-04-08 08:23:04,830 [WARNING]       ⚠️ 페이지 5422 처리 중 오류: not enough values to unpack (expected 3, got 0)
2026-04-08 08:23:04,837 [WARNING]       ⚠️ 페이지 5427 처리 중 오류: not enough values to unpack (expected 3, got 0)
2026-04-08 08:23:04,839 [WARNING]       ⚠️ 페이지 5424 처리 중 오류: not enough values to unpack (expected 3, got 0)
2026-04-08 08:23:35,989 [WARNING]       ⚠️ 페이지 5432 처리 중 오류: not enough values to unpack (expected 3, got 0)
2026-04-08 08:23:35,995 [WARNING]       ⚠️ 페이지 5431 처리 중 오류: not enough values to unpack (expected 3, got 0)
2026-04-08 08:23:35,997 [WARNING]       ⚠️ 페이지 5434 처리 중 오류: not enough values to unpack (expected 3, got 0)
2026-04-08 08:23:36,021 [WARNING]       ⚠️ 페이지 5433 처리 중 오류: not enough values to unpack (expected 3, got 0)
2026-04-08 08:23:36,037 [WARNING]       ⚠️ 페이지 5438 처리 중 오류: not enough values to unpack (expected 3, got 0)
2026-04-08 08:23:36,061 [WARNING]       ⚠️ 페이지 5437 처리 중 오류: not enough values to unpack (expected 3, got 0)
2026-04-08 08:23:36,078 [WARNING]       ⚠️ 페이지 5435 처리 중 오류: not enough values to unpack (expected 3, got 0)
2026-04-08 08:23:36,079 [WARNING]       ⚠️ 페이지 5440 처리 중 오류: not enough values to unpack (expected 3, got 0)
2026-04-08 08:23:36,093 [WARNING]       ⚠️ 페이지 5436 처리 중 오류: not enough values to unpack (expected 3, got 0)
2026-04-08 08:23:36,176 [WARNING]       ⚠️ 페이지 5439 처리 중 오류: not enough values to unpack (expected 3, got 0)
2026-04-08 08:24:07,349 [WARNING]       ⚠️ 페이지 5442 처리 중 오류: not enough values to unpack (expected 3, got 0)
2026-04-08 08:24:07,362 [WARNING]       ⚠️ 페이지 5448 처리 중 오류: not enough values to unpack (expected 3, got 0)
2026-04-08 08:24:07,408 [WARNING]       ⚠️ 페이지 5450 처리 중 오류: not enough values to unpack (expected 3, got 0)
2026-04-08 08:24:07,411 [WARNING]       ⚠️ 페이지 5446 처리 중 오류: not enough values to unpack (expected 3, got 0)
2026-04-08 08:24:07,412 [WARNING]       ⚠️ 페이지 5447 처리 중 오류: not enough values to unpack (expected 3, got 0)
2026-04-08 08:24:07,429 [WARNING]       ⚠️ 페이지 5449 처리 중 오류: not enough values to unpack (expected 3, got 0)
2026-04-08 08:24:07,450 [WARNING]       ⚠️ 페이지 5444 처리 중 오류: not enough values to unpack (expected 3, got 0)
2026-04-08 08:24:07,459 [WARNING]       ⚠️ 페이지 5445 처리 중 오류: not enough values to unpack (expected 3, got 0)
2026-04-08 08:24:07,466 [WARNING]       ⚠️ 페이지 5441 처리 중 오류: not enough values to unpack (expected 3, got 0)
2026-04-08 08:24:07,478 [WARNING]       ⚠️ 페이지 5443 처리 중 오류: not enough values to unpack (expected 3, got 0)
2026-04-08 08:24:38,590 [WARNING]       ⚠️ 페이지 5455 처리 중 오류: not enough values to unpack (expected 3, got 0)
2026-04-08 08:24:38,591 [WARNING]       ⚠️ 페이지 5452 처리 중 오류: not enough values to unpack (expected 3, got 0)
2026-04-08 08:24:38,595 [WARNING]       ⚠️ 페이지 5454 처리 중 오류: not enough values to unpack (expected 3, got 0)
2026-04-08 08:24:38,598 [WARNING]       ⚠️ 페이지 5456 처리 중 오류: not enough values to unpack (expected 3, got 0)
2026-04-08 08:24:38,642 [WARNING]       ⚠️ 페이지 5460 처리 중 오류: not enough values to unpack (expected 3, got 0)
2026-04-08 08:24:38,671 [WARNING]       ⚠️ 페이지 5451 처리 중 오류: not enough values to unpack (expected 3, got 0)
2026-04-08 08:24:38,677 [WARNING]       ⚠️ 페이지 5453 처리 중 오류: not enough values to unpack (expected 3, got 0)
2026-04-08 08:24:38,706 [WARNING]       ⚠️ 페이지 5459 처리 중 오류: not enough values to unpack (expected 3, got 0)
2026-04-08 08:24:38,725 [WARNING]       ⚠️ 페이지 5457 처리 중 오류: not enough values to unpack (expected 3, got 0)
2026-04-08 08:24:38,795 [WARNING]       ⚠️ 페이지 5458 처리 중 오류: not enough values to unpack (expected 3, got 0)
2026-04-08 08:24:38,795 [INFO]       ... 5441/6000 페이지 진행 중...
2026-04-08 08:25:09,964 [WARNING]       ⚠️ 페이지 5461 처리 중 오류: not enough values to unpack (expected 3, got 0)
2026-04-08 08:25:09,971 [WARNING]       ⚠️ 페이지 5463 처리 중 오류: not enough values to unpack (expected 3, got 0)
2026-04-08 08:25:10,020 [WARNING]       ⚠️ 페이지 5468 처리 중 오류: not enough values to unpack (expected 3, got 0)
2026-04-08 08:25:10,023 [WARNING]       ⚠️ 페이지 5469 처리 중 오류: not enough values to unpack (expected 3, got 0)
2026-04-08 08:25:10,026 [WARNING]       ⚠️ 페이지 5462 처리 중 오류: not enough values to unpack (expected 3, got 0)
2026-04-08 08:25:10,036 [WARNING]       ⚠️ 페이지 5466 처리 중 오류: not enough values to unpack (expected 3, got 0)
2026-04-08 08:25:10,070 [WARNING]       ⚠️ 페이지 5470 처리 중 오류: not enough values to unpack (expected 3, got 0)
2026-04-08 08:25:10,074 [WARNING]       ⚠️ 페이지 5467 처리 중 오류: not enough values to unpack (expected 3, got 0)
2026-04-08 08:25:10,081 [WARNING]       ⚠️ 페이지 5465 처리 중 오류: not enough values to unpack (expected 3, got 0)
2026-04-08 08:25:10,082 [WARNING]       ⚠️ 페이지 5464 처리 중 오류: not enough values to unpack (expected 3, got 0)
2026-04-08 08:25:41,203 [WARNING]       ⚠️ 페이지 5473 처리 중 오류: not enough values to unpack (expected 3, got 0)
2026-04-08 08:25:41,215 [WARNING]       ⚠️ 페이지 5474 처리 중 오류: not enough values to unpack (expected 3, got 0)
2026-04-08 08:25:41,227 [WARNING]       ⚠️ 페이지 5471 처리 중 오류: not enough values to unpack (expected 3, got 0)
2026-04-08 08:25:41,231 [WARNING]       ⚠️ 페이지 5475 처리 중 오류: not enough values to unpack (expected 3, got 0)
2026-04-08 08:25:41,253 [WARNING]       ⚠️ 페이지 5472 처리 중 오류: not enough values to unpack (expected 3, got 0)
2026-04-08 08:25:41,262 [WARNING]       ⚠️ 페이지 5479 처리 중 오류: not enough values to unpack (expected 3, got 0)
2026-04-08 08:25:41,282 [WARNING]       ⚠️ 페이지 5476 처리 중 오류: not enough values to unpack (expected 3, got 0)
2026-04-08 08:25:41,306 [WARNING]       ⚠️ 페이지 5480 처리 중 오류: not enough values to unpack (expected 3, got 0)
2026-04-08 08:25:41,382 [WARNING]       ⚠️ 페이지 5477 처리 중 오류: not enough values to unpack (expected 3, got 0)
2026-04-08 08:25:41,387 [WARNING]       ⚠️ 페이지 5478 처리 중 오류: not enough values to unpack (expected 3, got 0)
2026-04-08 08:26:12,576 [WARNING]       ⚠️ 페이지 5482 처리 중 오류: not enough values to unpack (expected 3, got 0)
2026-04-08 08:26:12,578 [WARNING]       ⚠️ 페이지 5487 처리 중 오류: not enough values to unpack (expected 3, got 0)
2026-04-08 08:26:12,635 [WARNING]       ⚠️ 페이지 5488 처리 중 오류: not enough values to unpack (expected 3, got 0)
2026-04-08 08:26:12,637 [WARNING]       ⚠️ 페이지 5485 처리 중 오류: not enough values to unpack (expected 3, got 0)
2026-04-08 08:26:12,642 [WARNING]       ⚠️ 페이지 5490 처리 중 오류: not enough values to unpack (expected 3, got 0)
2026-04-08 08:26:12,658 [WARNING]       ⚠️ 페이지 5489 처리 중 오류: not enough values to unpack (expected 3, got 0)
2026-04-08 08:26:12,660 [WARNING]       ⚠️ 페이지 5484 처리 중 오류: not enough values to unpack (expected 3, got 0)
2026-04-08 08:26:12,662 [WARNING]       ⚠️ 페이지 5481 처리 중 오류: not enough values to unpack (expected 3, got 0)
2026-04-08 08:26:12,666 [WARNING]       ⚠️ 페이지 5483 처리 중 오류: not enough values to unpack (expected 3, got 0)
2026-04-08 08:26:12,687 [WARNING]       ⚠️ 페이지 5486 처리 중 오류: not enough values to unpack (expected 3, got 0)
2026-04-08 08:26:43,814 [WARNING]       ⚠️ 페이지 5493 처리 중 오류: not enough values to unpack (expected 3, got 0)
2026-04-08 08:26:43,816 [WARNING]       ⚠️ 페이지 5497 처리 중 오류: not enough values to unpack (expected 3, got 0)
2026-04-08 08:26:43,820 [WARNING]       ⚠️ 페이지 5494 처리 중 오류: not enough values to unpack (expected 3, got 0)
2026-04-08 08:26:43,839 [WARNING]       ⚠️ 페이지 5495 처리 중 오류: not enough values to unpack (expected 3, got 0)
2026-04-08 08:26:43,841 [WARNING]       ⚠️ 페이지 5496 처리 중 오류: not enough values to unpack (expected 3, got 0)
2026-04-08 08:26:43,882 [WARNING]       ⚠️ 페이지 5491 처리 중 오류: not enough values to unpack (expected 3, got 0)
2026-04-08 08:26:43,890 [WARNING]       ⚠️ 페이지 5499 처리 중 오류: not enough values to unpack (expected 3, got 0)
2026-04-08 08:26:43,896 [WARNING]       ⚠️ 페이지 5492 처리 중 오류: not enough values to unpack (expected 3, got 0)
2026-04-08 08:26:43,940 [WARNING]       ⚠️ 페이지 5498 처리 중 오류: not enough values to unpack (expected 3, got 0)
2026-04-08 08:26:44,017 [WARNING]       ⚠️ 페이지 5500 처리 중 오류: not enough values to unpack (expected 3, got 0)
2026-04-08 08:26:44,017 [INFO]       ... 5481/6000 페이지 진행 중...
2026-04-08 08:27:15,198 [WARNING]       ⚠️ 페이지 5501 처리 중 오류: not enough values to unpack (expected 3, got 0)
2026-04-08 08:27:15,206 [WARNING]       ⚠️ 페이지 5502 처리 중 오류: not enough values to unpack (expected 3, got 0)
2026-04-08 08:27:15,243 [WARNING]       ⚠️ 페이지 5504 처리 중 오류: not enough values to unpack (expected 3, got 0)
2026-04-08 08:27:15,245 [WARNING]       ⚠️ 페이지 5509 처리 중 오류: not enough values to unpack (expected 3, got 0)
2026-04-08 08:27:15,254 [WARNING]       ⚠️ 페이지 5506 처리 중 오류: not enough values to unpack (expected 3, got 0)
2026-04-08 08:27:15,275 [WARNING]       ⚠️ 페이지 5510 처리 중 오류: not enough values to unpack (expected 3, got 0)
2026-04-08 08:27:15,276 [WARNING]       ⚠️ 페이지 5505 처리 중 오류: not enough values to unpack (expected 3, got 0)
2026-04-08 08:27:15,278 [WARNING]       ⚠️ 페이지 5507 처리 중 오류: not enough values to unpack (expected 3, got 0)
2026-04-08 08:27:15,293 [WARNING]       ⚠️ 페이지 5508 처리 중 오류: not enough values to unpack (expected 3, got 0)
2026-04-08 08:27:15,311 [WARNING]       ⚠️ 페이지 5503 처리 중 오류: not enough values to unpack (expected 3, got 0)
2026-04-08 08:27:46,420 [WARNING]       ⚠️ 페이지 5515 처리 중 오류: not enough values to unpack (expected 3, got 0)
2026-04-08 08:27:46,422 [WARNING]       ⚠️ 페이지 5514 처리 중 오류: not enough values to unpack (expected 3, got 0)
2026-04-08 08:27:46,425 [WARNING]       ⚠️ 페이지 5513 처리 중 오류: not enough values to unpack (expected 3, got 0)
2026-04-08 08:27:46,452 [WARNING]       ⚠️ 페이지 5511 처리 중 오류: not enough values to unpack (expected 3, got 0)
2026-04-08 08:27:46,464 [WARNING]       ⚠️ 페이지 5512 처리 중 오류: not enough values to unpack (expected 3, got 0)
2026-04-08 08:27:46,503 [WARNING]       ⚠️ 페이지 5520 처리 중 오류: not enough values to unpack (expected 3, got 0)
2026-04-08 08:27:46,511 [WARNING]       ⚠️ 페이지 5517 처리 중 오류: not enough values to unpack (expected 3, got 0)
2026-04-08 08:27:46,517 [WARNING]       ⚠️ 페이지 5518 처리 중 오류: not enough values to unpack (expected 3, got 0)
2026-04-08 08:27:46,593 [WARNING]       ⚠️ 페이지 5519 처리 중 오류: not enough values to unpack (expected 3, got 0)
2026-04-08 08:27:46,601 [WARNING]       ⚠️ 페이지 5516 처리 중 오류: not enough values to unpack (expected 3, got 0)
2026-04-08 08:28:17,777 [WARNING]       ⚠️ 페이지 5525 처리 중 오류: not enough values to unpack (expected 3, got 0)
2026-04-08 08:28:17,780 [WARNING]       ⚠️ 페이지 5527 처리 중 오류: not enough values to unpack (expected 3, got 0)
2026-04-08 08:28:17,831 [WARNING]       ⚠️ 페이지 5521 처리 중 오류: not enough values to unpack (expected 3, got 0)
2026-04-08 08:28:17,832 [WARNING]       ⚠️ 페이지 5526 처리 중 오류: not enough values to unpack (expected 3, got 0)
2026-04-08 08:28:17,833 [WARNING]       ⚠️ 페이지 5530 처리 중 오류: not enough values to unpack (expected 3, got 0)
2026-04-08 08:28:17,842 [WARNING]       ⚠️ 페이지 5522 처리 중 오류: not enough values to unpack (expected 3, got 0)
2026-04-08 08:28:17,866 [WARNING]       ⚠️ 페이지 5528 처리 중 오류: not enough values to unpack (expected 3, got 0)
2026-04-08 08:28:17,872 [WARNING]       ⚠️ 페이지 5524 처리 중 오류: not enough values to unpack (expected 3, got 0)
2026-04-08 08:28:17,883 [WARNING]       ⚠️ 페이지 5529 처리 중 오류: not enough values to unpack (expected 3, got 0)
2026-04-08 08:28:17,884 [WARNING]       ⚠️ 페이지 5523 처리 중 오류: not enough values to unpack (expected 3, got 0)
2026-04-08 08:28:49,001 [WARNING]       ⚠️ 페이지 5535 처리 중 오류: not enough values to unpack (expected 3, got 0)
2026-04-08 08:28:49,007 [WARNING]       ⚠️ 페이지 5534 처리 중 오류: not enough values to unpack (expected 3, got 0)
2026-04-08 08:28:49,026 [WARNING]       ⚠️ 페이지 5536 처리 중 오류: not enough values to unpack (expected 3, got 0)
2026-04-08 08:28:49,048 [WARNING]       ⚠️ 페이지 5532 처리 중 오류: not enough values to unpack (expected 3, got 0)
2026-04-08 08:28:49,067 [WARNING]       ⚠️ 페이지 5531 처리 중 오류: not enough values to unpack (expected 3, got 0)
2026-04-08 08:28:49,090 [WARNING]       ⚠️ 페이지 5533 처리 중 오류: not enough values to unpack (expected 3, got 0)
2026-04-08 08:28:49,099 [WARNING]       ⚠️ 페이지 5540 처리 중 오류: not enough values to unpack (expected 3, got 0)
2026-04-08 08:28:49,106 [WARNING]       ⚠️ 페이지 5538 처리 중 오류: not enough values to unpack (expected 3, got 0)
2026-04-08 08:28:49,156 [WARNING]       ⚠️ 페이지 5539 처리 중 오류: not enough values to unpack (expected 3, got 0)
2026-04-08 08:28:49,219 [WARNING]       ⚠️ 페이지 5537 처리 중 오류: not enough values to unpack (expected 3, got 0)
2026-04-08 08:28:49,219 [INFO]       ... 5521/6000 페이지 진행 중...
2026-04-08 08:29:20,397 [WARNING]       ⚠️ 페이지 5541 처리 중 오류: not enough values to unpack (expected 3, got 0)
2026-04-08 08:29:20,399 [WARNING]       ⚠️ 페이지 5546 처리 중 오류: not enough values to unpack (expected 3, got 0)
2026-04-08 08:29:20,445 [WARNING]       ⚠️ 페이지 5542 처리 중 오류: not enough values to unpack (expected 3, got 0)
2026-04-08 08:29:20,459 [WARNING]       ⚠️ 페이지 5543 처리 중 오류: not enough values to unpack (expected 3, got 0)
2026-04-08 08:29:20,460 [WARNING]       ⚠️ 페이지 5549 처리 중 오류: not enough values to unpack (expected 3, got 0)
2026-04-08 08:29:20,479 [WARNING]       ⚠️ 페이지 5550 처리 중 오류: not enough values to unpack (expected 3, got 0)
2026-04-08 08:29:20,509 [WARNING]       ⚠️ 페이지 5544 처리 중 오류: not enough values to unpack (expected 3, got 0)
2026-04-08 08:29:20,510 [WARNING]       ⚠️ 페이지 5547 처리 중 오류: not enough values to unpack (expected 3, got 0)
2026-04-08 08:29:20,511 [WARNING]       ⚠️ 페이지 5548 처리 중 오류: not enough values to unpack (expected 3, got 0)
2026-04-08 08:29:20,533 [WARNING]       ⚠️ 페이지 5545 처리 중 오류: not enough values to unpack (expected 3, got 0)
2026-04-08 08:29:51,633 [WARNING]       ⚠️ 페이지 5551 처리 중 오류: not enough values to unpack (expected 3, got 0)
2026-04-08 08:29:51,658 [WARNING]       ⚠️ 페이지 5555 처리 중 오류: not enough values to unpack (expected 3, got 0)
2026-04-08 08:29:51,664 [WARNING]       ⚠️ 페이지 5553 처리 중 오류: not enough values to unpack (expected 3, got 0)
2026-04-08 08:29:51,695 [WARNING]       ⚠️ 페이지 5552 처리 중 오류: not enough values to unpack (expected 3, got 0)
2026-04-08 08:29:51,706 [WARNING]       ⚠️ 페이지 5554 처리 중 오류: not enough values to unpack (expected 3, got 0)
2026-04-08 08:29:51,724 [WARNING]       ⚠️ 페이지 5556 처리 중 오류: not enough values to unpack (expected 3, got 0)
2026-04-08 08:29:51,747 [WARNING]       ⚠️ 페이지 5557 처리 중 오류: not enough values to unpack (expected 3, got 0)
2026-04-08 08:29:51,779 [WARNING]       ⚠️ 페이지 5560 처리 중 오류: not enough values to unpack (expected 3, got 0)
2026-04-08 08:29:51,779 [WARNING]       ⚠️ 페이지 5558 처리 중 오류: not enough values to unpack (expected 3, got 0)
2026-04-08 08:29:51,925 [WARNING]       ⚠️ 페이지 5559 처리 중 오류: not enough values to unpack (expected 3, got 0)
2026-04-08 08:30:23,120 [WARNING]       ⚠️ 페이지 5569 처리 중 오류: not enough values to unpack (expected 3, got 0)
2026-04-08 08:30:23,120 [WARNING]       ⚠️ 페이지 5561 처리 중 오류: not enough values to unpack (expected 3, got 0)
2026-04-08 08:30:23,170 [WARNING]       ⚠️ 페이지 5567 처리 중 오류: not enough values to unpack (expected 3, got 0)
2026-04-08 08:30:23,187 [WARNING]       ⚠️ 페이지 5563 처리 중 오류: not enough values to unpack (expected 3, got 0)
2026-04-08 08:30:23,194 [WARNING]       ⚠️ 페이지 5570 처리 중 오류: not enough values to unpack (expected 3, got 0)
2026-04-08 08:30:23,197 [WARNING]       ⚠️ 페이지 5564 처리 중 오류: not enough values to unpack (expected 3, got 0)
2026-04-08 08:30:23,198 [WARNING]       ⚠️ 페이지 5562 처리 중 오류: not enough values to unpack (expected 3, got 0)
2026-04-08 08:30:23,227 [WARNING]       ⚠️ 페이지 5565 처리 중 오류: not enough values to unpack (expected 3, got 0)
2026-04-08 08:30:23,228 [WARNING]       ⚠️ 페이지 5568 처리 중 오류: not enough values to unpack (expected 3, got 0)
2026-04-08 08:30:23,235 [WARNING]       ⚠️ 페이지 5566 처리 중 오류: not enough values to unpack (expected 3, got 0)
2026-04-08 08:30:54,392 [WARNING]       ⚠️ 페이지 5572 처리 중 오류: not enough values to unpack (expected 3, got 0)
2026-04-08 08:30:54,393 [WARNING]       ⚠️ 페이지 5577 처리 중 오류: not enough values to unpack (expected 3, got 0)
2026-04-08 08:30:54,401 [WARNING]       ⚠️ 페이지 5576 처리 중 오류: not enough values to unpack (expected 3, got 0)
2026-04-08 08:30:54,404 [WARNING]       ⚠️ 페이지 5574 처리 중 오류: not enough values to unpack (expected 3, got 0)
2026-04-08 08:30:54,413 [WARNING]       ⚠️ 페이지 5571 처리 중 오류: not enough values to unpack (expected 3, got 0)
2026-04-08 08:30:54,418 [WARNING]       ⚠️ 페이지 5579 처리 중 오류: not enough values to unpack (expected 3, got 0)
2026-04-08 08:30:54,440 [WARNING]       ⚠️ 페이지 5578 처리 중 오류: not enough values to unpack (expected 3, got 0)
2026-04-08 08:30:54,458 [WARNING]       ⚠️ 페이지 5575 처리 중 오류: not enough values to unpack (expected 3, got 0)
2026-04-08 08:30:54,537 [WARNING]       ⚠️ 페이지 5573 처리 중 오류: not enough values to unpack (expected 3, got 0)
2026-04-08 08:30:54,622 [WARNING]       ⚠️ 페이지 5580 처리 중 오류: not enough values to unpack (expected 3, got 0)
2026-04-08 08:30:54,623 [INFO]       ... 5561/6000 페이지 진행 중...
2026-04-08 08:31:25,815 [WARNING]       ⚠️ 페이지 5586 처리 중 오류: not enough values to unpack (expected 3, got 0)
2026-04-08 08:31:25,818 [WARNING]       ⚠️ 페이지 5589 처리 중 오류: not enough values to unpack (expected 3, got 0)
2026-04-08 08:31:25,863 [WARNING]       ⚠️ 페이지 5587 처리 중 오류: not enough values to unpack (expected 3, got 0)
2026-04-08 08:31:25,867 [WARNING]       ⚠️ 페이지 5581 처리 중 오류: not enough values to unpack (expected 3, got 0)
2026-04-08 08:31:25,877 [WARNING]       ⚠️ 페이지 5584 처리 중 오류: not enough values to unpack (expected 3, got 0)
2026-04-08 08:31:25,882 [WARNING]       ⚠️ 페이지 5588 처리 중 오류: not enough values to unpack (expected 3, got 0)
2026-04-08 08:31:25,905 [WARNING]       ⚠️ 페이지 5583 처리 중 오류: not enough values to unpack (expected 3, got 0)
2026-04-08 08:31:25,909 [WARNING]       ⚠️ 페이지 5582 처리 중 오류: not enough values to unpack (expected 3, got 0)
2026-04-08 08:31:25,910 [WARNING]       ⚠️ 페이지 5585 처리 중 오류: not enough values to unpack (expected 3, got 0)
2026-04-08 08:31:25,966 [WARNING]       ⚠️ 페이지 5590 처리 중 오류: not enough values to unpack (expected 3, got 0)
2026-04-08 08:31:57,071 [WARNING]       ⚠️ 페이지 5592 처리 중 오류: not enough values to unpack (expected 3, got 0)
2026-04-08 08:31:57,082 [WARNING]       ⚠️ 페이지 5595 처리 중 오류: not enough values to unpack (expected 3, got 0)
2026-04-08 08:31:57,100 [WARNING]       ⚠️ 페이지 5597 처리 중 오류: not enough values to unpack (expected 3, got 0)
2026-04-08 08:31:57,111 [WARNING]       ⚠️ 페이지 5596 처리 중 오류: not enough values to unpack (expected 3, got 0)
2026-04-08 08:31:57,123 [WARNING]       ⚠️ 페이지 5598 처리 중 오류: not enough values to unpack (expected 3, got 0)
2026-04-08 08:31:57,158 [WARNING]       ⚠️ 페이지 5591 처리 중 오류: not enough values to unpack (expected 3, got 0)
2026-04-08 08:31:57,184 [WARNING]       ⚠️ 페이지 5594 처리 중 오류: not enough values to unpack (expected 3, got 0)
2026-04-08 08:31:57,191 [WARNING]       ⚠️ 페이지 5593 처리 중 오류: not enough values to unpack (expected 3, got 0)
2026-04-08 08:31:57,221 [WARNING]       ⚠️ 페이지 5600 처리 중 오류: not enough values to unpack (expected 3, got 0)
2026-04-08 08:31:57,273 [WARNING]       ⚠️ 페이지 5599 처리 중 오류: not enough values to unpack (expected 3, got 0)
2026-04-08 08:32:28,453 [WARNING]       ⚠️ 페이지 5602 처리 중 오류: not enough values to unpack (expected 3, got 0)
2026-04-08 08:32:28,489 [WARNING]       ⚠️ 페이지 5603 처리 중 오류: not enough values to unpack (expected 3, got 0)
2026-04-08 08:32:28,514 [WARNING]       ⚠️ 페이지 5606 처리 중 오류: not enough values to unpack (expected 3, got 0)
2026-04-08 08:32:28,525 [WARNING]       ⚠️ 페이지 5608 처리 중 오류: not enough values to unpack (expected 3, got 0)
2026-04-08 08:32:28,531 [WARNING]       ⚠️ 페이지 5609 처리 중 오류: not enough values to unpack (expected 3, got 0)
2026-04-08 08:32:28,532 [WARNING]       ⚠️ 페이지 5607 처리 중 오류: not enough values to unpack (expected 3, got 0)
2026-04-08 08:32:28,565 [WARNING]       ⚠️ 페이지 5605 처리 중 오류: not enough values to unpack (expected 3, got 0)
2026-04-08 08:32:28,569 [WARNING]       ⚠️ 페이지 5610 처리 중 오류: not enough values to unpack (expected 3, got 0)
2026-04-08 08:32:28,570 [WARNING]       ⚠️ 페이지 5601 처리 중 오류: not enough values to unpack (expected 3, got 0)
2026-04-08 08:32:28,597 [WARNING]       ⚠️ 페이지 5604 처리 중 오류: not enough values to unpack (expected 3, got 0)
2026-04-08 08:32:59,716 [WARNING]       ⚠️ 페이지 5616 처리 중 오류: not enough values to unpack (expected 3, got 0)
2026-04-08 08:32:59,723 [WARNING]       ⚠️ 페이지 5611 처리 중 오류: not enough values to unpack (expected 3, got 0)
2026-04-08 08:32:59,743 [WARNING]       ⚠️ 페이지 5615 처리 중 오류: not enough values to unpack (expected 3, got 0)
2026-04-08 08:32:59,753 [WARNING]       ⚠️ 페이지 5612 처리 중 오류: not enough values to unpack (expected 3, got 0)
2026-04-08 08:32:59,793 [WARNING]       ⚠️ 페이지 5614 처리 중 오류: not enough values to unpack (expected 3, got 0)
2026-04-08 08:32:59,798 [WARNING]       ⚠️ 페이지 5618 처리 중 오류: not enough values to unpack (expected 3, got 0)
2026-04-08 08:32:59,811 [WARNING]       ⚠️ 페이지 5620 처리 중 오류: not enough values to unpack (expected 3, got 0)
2026-04-08 08:32:59,836 [WARNING]       ⚠️ 페이지 5617 처리 중 오류: not enough values to unpack (expected 3, got 0)
2026-04-08 08:32:59,864 [WARNING]       ⚠️ 페이지 5613 처리 중 오류: not enough values to unpack (expected 3, got 0)
2026-04-08 08:32:59,899 [WARNING]       ⚠️ 페이지 5619 처리 중 오류: not enough values to unpack (expected 3, got 0)
2026-04-08 08:32:59,900 [INFO]       ... 5601/6000 페이지 진행 중...
2026-04-08 08:33:31,086 [WARNING]       ⚠️ 페이지 5625 처리 중 오류: not enough values to unpack (expected 3, got 0)
2026-04-08 08:33:31,142 [WARNING]       ⚠️ 페이지 5630 처리 중 오류: not enough values to unpack (expected 3, got 0)
2026-04-08 08:33:31,164 [WARNING]       ⚠️ 페이지 5624 처리 중 오류: not enough values to unpack (expected 3, got 0)
2026-04-08 08:33:31,168 [WARNING]       ⚠️ 페이지 5628 처리 중 오류: not enough values to unpack (expected 3, got 0)
2026-04-08 08:33:31,169 [WARNING]       ⚠️ 페이지 5626 처리 중 오류: not enough values to unpack (expected 3, got 0)
2026-04-08 08:33:31,172 [WARNING]       ⚠️ 페이지 5629 처리 중 오류: not enough values to unpack (expected 3, got 0)
2026-04-08 08:33:31,185 [WARNING]       ⚠️ 페이지 5623 처리 중 오류: not enough values to unpack (expected 3, got 0)
2026-04-08 08:33:31,190 [WARNING]       ⚠️ 페이지 5627 처리 중 오류: not enough values to unpack (expected 3, got 0)
2026-04-08 08:33:31,193 [WARNING]       ⚠️ 페이지 5621 처리 중 오류: not enough values to unpack (expected 3, got 0)
2026-04-08 08:33:31,200 [WARNING]       ⚠️ 페이지 5622 처리 중 오류: not enough values to unpack (expected 3, got 0)
2026-04-08 08:34:02,362 [WARNING]       ⚠️ 페이지 5631 처리 중 오류: not enough values to unpack (expected 3, got 0)
2026-04-08 08:34:02,364 [WARNING]       ⚠️ 페이지 5634 처리 중 오류: not enough values to unpack (expected 3, got 0)
2026-04-08 08:34:02,370 [WARNING]       ⚠️ 페이지 5635 처리 중 오류: not enough values to unpack (expected 3, got 0)
2026-04-08 08:34:02,378 [WARNING]       ⚠️ 페이지 5637 처리 중 오류: not enough values to unpack (expected 3, got 0)
2026-04-08 08:34:02,391 [WARNING]       ⚠️ 페이지 5639 처리 중 오류: not enough values to unpack (expected 3, got 0)
2026-04-08 08:34:02,422 [WARNING]       ⚠️ 페이지 5632 처리 중 오류: not enough values to unpack (expected 3, got 0)
2026-04-08 08:34:02,423 [WARNING]       ⚠️ 페이지 5636 처리 중 오류: not enough values to unpack (expected 3, got 0)
2026-04-08 08:34:02,438 [WARNING]       ⚠️ 페이지 5638 처리 중 오류: not enough values to unpack (expected 3, got 0)
2026-04-08 08:34:02,495 [WARNING]       ⚠️ 페이지 5633 처리 중 오류: not enough values to unpack (expected 3, got 0)
2026-04-08 08:34:02,536 [WARNING]       ⚠️ 페이지 5640 처리 중 오류: not enough values to unpack (expected 3, got 0)
2026-04-08 08:34:33,720 [WARNING]       ⚠️ 페이지 5642 처리 중 오류: not enough values to unpack (expected 3, got 0)
2026-04-08 08:34:33,732 [WARNING]       ⚠️ 페이지 5648 처리 중 오류: not enough values to unpack (expected 3, got 0)
2026-04-08 08:34:33,774 [WARNING]       ⚠️ 페이지 5649 처리 중 오류: not enough values to unpack (expected 3, got 0)
2026-04-08 08:34:33,776 [WARNING]       ⚠️ 페이지 5646 처리 중 오류: not enough values to unpack (expected 3, got 0)
2026-04-08 08:34:33,780 [WARNING]       ⚠️ 페이지 5643 처리 중 오류: not enough values to unpack (expected 3, got 0)
2026-04-08 08:34:33,803 [WARNING]       ⚠️ 페이지 5647 처리 중 오류: not enough values to unpack (expected 3, got 0)
2026-04-08 08:34:33,815 [WARNING]       ⚠️ 페이지 5641 처리 중 오류: not enough values to unpack (expected 3, got 0)
2026-04-08 08:34:33,825 [WARNING]       ⚠️ 페이지 5650 처리 중 오류: not enough values to unpack (expected 3, got 0)
2026-04-08 08:34:33,829 [WARNING]       ⚠️ 페이지 5644 처리 중 오류: not enough values to unpack (expected 3, got 0)
2026-04-08 08:34:33,832 [WARNING]       ⚠️ 페이지 5645 처리 중 오류: not enough values to unpack (expected 3, got 0)
2026-04-08 08:35:04,972 [WARNING]       ⚠️ 페이지 5654 처리 중 오류: not enough values to unpack (expected 3, got 0)
2026-04-08 08:35:04,974 [WARNING]       ⚠️ 페이지 5653 처리 중 오류: not enough values to unpack (expected 3, got 0)
2026-04-08 08:35:04,984 [WARNING]       ⚠️ 페이지 5655 처리 중 오류: not enough values to unpack (expected 3, got 0)
2026-04-08 08:35:05,009 [WARNING]       ⚠️ 페이지 5651 처리 중 오류: not enough values to unpack (expected 3, got 0)
2026-04-08 08:35:05,013 [WARNING]       ⚠️ 페이지 5657 처리 중 오류: not enough values to unpack (expected 3, got 0)
2026-04-08 08:35:05,061 [WARNING]       ⚠️ 페이지 5652 처리 중 오류: not enough values to unpack (expected 3, got 0)
2026-04-08 08:35:05,065 [WARNING]       ⚠️ 페이지 5656 처리 중 오류: not enough values to unpack (expected 3, got 0)
2026-04-08 08:35:05,092 [WARNING]       ⚠️ 페이지 5660 처리 중 오류: not enough values to unpack (expected 3, got 0)
2026-04-08 08:35:05,107 [WARNING]       ⚠️ 페이지 5658 처리 중 오류: not enough values to unpack (expected 3, got 0)
2026-04-08 08:35:05,188 [WARNING]       ⚠️ 페이지 5659 처리 중 오류: not enough values to unpack (expected 3, got 0)
2026-04-08 08:35:05,188 [INFO]       ... 5641/6000 페이지 진행 중...
2026-04-08 08:35:36,367 [WARNING]       ⚠️ 페이지 5661 처리 중 오류: not enough values to unpack (expected 3, got 0)
2026-04-08 08:35:36,368 [WARNING]       ⚠️ 페이지 5667 처리 중 오류: not enough values to unpack (expected 3, got 0)
2026-04-08 08:35:36,417 [WARNING]       ⚠️ 페이지 5662 처리 중 오류: not enough values to unpack (expected 3, got 0)
2026-04-08 08:35:36,433 [WARNING]       ⚠️ 페이지 5666 처리 중 오류: not enough values to unpack (expected 3, got 0)
2026-04-08 08:35:36,463 [WARNING]       ⚠️ 페이지 5670 처리 중 오류: not enough values to unpack (expected 3, got 0)
2026-04-08 08:35:36,465 [WARNING]       ⚠️ 페이지 5663 처리 중 오류: not enough values to unpack (expected 3, got 0)
2026-04-08 08:35:36,468 [WARNING]       ⚠️ 페이지 5668 처리 중 오류: not enough values to unpack (expected 3, got 0)
2026-04-08 08:35:36,473 [WARNING]       ⚠️ 페이지 5664 처리 중 오류: not enough values to unpack (expected 3, got 0)
2026-04-08 08:35:36,477 [WARNING]       ⚠️ 페이지 5665 처리 중 오류: not enough values to unpack (expected 3, got 0)
2026-04-08 08:35:36,505 [WARNING]       ⚠️ 페이지 5669 처리 중 오류: not enough values to unpack (expected 3, got 0)
2026-04-08 08:36:07,625 [WARNING]       ⚠️ 페이지 5673 처리 중 오류: not enough values to unpack (expected 3, got 0)
2026-04-08 08:36:07,644 [WARNING]       ⚠️ 페이지 5677 처리 중 오류: not enough values to unpack (expected 3, got 0)
2026-04-08 08:36:07,651 [WARNING]       ⚠️ 페이지 5678 처리 중 오류: not enough values to unpack (expected 3, got 0)
2026-04-08 08:36:07,684 [WARNING]       ⚠️ 페이지 5672 처리 중 오류: not enough values to unpack (expected 3, got 0)
2026-04-08 08:36:07,693 [WARNING]       ⚠️ 페이지 5671 처리 중 오류: not enough values to unpack (expected 3, got 0)
2026-04-08 08:36:07,699 [WARNING]       ⚠️ 페이지 5679 처리 중 오류: not enough values to unpack (expected 3, got 0)
2026-04-08 08:36:07,702 [WARNING]       ⚠️ 페이지 5675 처리 중 오류: not enough values to unpack (expected 3, got 0)
2026-04-08 08:36:07,705 [WARNING]       ⚠️ 페이지 5674 처리 중 오류: not enough values to unpack (expected 3, got 0)
2026-04-08 08:36:07,710 [WARNING]       ⚠️ 페이지 5676 처리 중 오류: not enough values to unpack (expected 3, got 0)
2026-04-08 08:36:07,845 [WARNING]       ⚠️ 페이지 5680 처리 중 오류: not enough values to unpack (expected 3, got 0)
2026-04-08 08:36:39,021 [WARNING]       ⚠️ 페이지 5689 처리 중 오류: not enough values to unpack (expected 3, got 0)
2026-04-08 08:36:39,025 [WARNING]       ⚠️ 페이지 5685 처리 중 오류: not enough values to unpack (expected 3, got 0)
2026-04-08 08:36:39,079 [WARNING]       ⚠️ 페이지 5687 처리 중 오류: not enough values to unpack (expected 3, got 0)
2026-04-08 08:36:39,082 [WARNING]       ⚠️ 페이지 5690 처리 중 오류: not enough values to unpack (expected 3, got 0)
2026-04-08 08:36:39,099 [WARNING]       ⚠️ 페이지 5683 처리 중 오류: not enough values to unpack (expected 3, got 0)
2026-04-08 08:36:39,100 [WARNING]       ⚠️ 페이지 5688 처리 중 오류: not enough values to unpack (expected 3, got 0)
2026-04-08 08:36:39,114 [WARNING]       ⚠️ 페이지 5681 처리 중 오류: not enough values to unpack (expected 3, got 0)
2026-04-08 08:36:39,121 [WARNING]       ⚠️ 페이지 5684 처리 중 오류: not enough values to unpack (expected 3, got 0)
2026-04-08 08:36:39,123 [WARNING]       ⚠️ 페이지 5686 처리 중 오류: not enough values to unpack (expected 3, got 0)
2026-04-08 08:36:39,142 [WARNING]       ⚠️ 페이지 5682 처리 중 오류: not enough values to unpack (expected 3, got 0)
2026-04-08 08:37:10,280 [WARNING]       ⚠️ 페이지 5694 처리 중 오류: not enough values to unpack (expected 3, got 0)
2026-04-08 08:37:10,281 [WARNING]       ⚠️ 페이지 5693 처리 중 오류: not enough values to unpack (expected 3, got 0)
2026-04-08 08:37:10,293 [WARNING]       ⚠️ 페이지 5691 처리 중 오류: not enough values to unpack (expected 3, got 0)
2026-04-08 08:37:10,295 [WARNING]       ⚠️ 페이지 5696 처리 중 오류: not enough values to unpack (expected 3, got 0)
2026-04-08 08:37:10,312 [WARNING]       ⚠️ 페이지 5692 처리 중 오류: not enough values to unpack (expected 3, got 0)
2026-04-08 08:37:10,333 [WARNING]       ⚠️ 페이지 5698 처리 중 오류: not enough values to unpack (expected 3, got 0)
2026-04-08 08:37:10,368 [WARNING]       ⚠️ 페이지 5699 처리 중 오류: not enough values to unpack (expected 3, got 0)
2026-04-08 08:37:10,390 [WARNING]       ⚠️ 페이지 5697 처리 중 오류: not enough values to unpack (expected 3, got 0)
2026-04-08 08:37:10,422 [WARNING]       ⚠️ 페이지 5695 처리 중 오류: not enough values to unpack (expected 3, got 0)
2026-04-08 08:37:10,486 [WARNING]       ⚠️ 페이지 5700 처리 중 오류: not enough values to unpack (expected 3, got 0)
2026-04-08 08:37:10,486 [INFO]       ... 5681/6000 페이지 진행 중...
2026-04-08 08:37:41,662 [WARNING]       ⚠️ 페이지 5705 처리 중 오류: not enough values to unpack (expected 3, got 0)
2026-04-08 08:37:41,672 [WARNING]       ⚠️ 페이지 5706 처리 중 오류: not enough values to unpack (expected 3, got 0)
2026-04-08 08:37:41,737 [WARNING]       ⚠️ 페이지 5707 처리 중 오류: not enough values to unpack (expected 3, got 0)
2026-04-08 08:37:41,739 [WARNING]       ⚠️ 페이지 5701 처리 중 오류: not enough values to unpack (expected 3, got 0)
2026-04-08 08:37:41,746 [WARNING]       ⚠️ 페이지 5708 처리 중 오류: not enough values to unpack (expected 3, got 0)
2026-04-08 08:37:41,751 [WARNING]       ⚠️ 페이지 5709 처리 중 오류: not enough values to unpack (expected 3, got 0)
2026-04-08 08:37:41,764 [WARNING]       ⚠️ 페이지 5710 처리 중 오류: not enough values to unpack (expected 3, got 0)
2026-04-08 08:37:41,768 [WARNING]       ⚠️ 페이지 5702 처리 중 오류: not enough values to unpack (expected 3, got 0)
2026-04-08 08:37:41,775 [WARNING]       ⚠️ 페이지 5703 처리 중 오류: not enough values to unpack (expected 3, got 0)
2026-04-08 08:37:41,777 [WARNING]       ⚠️ 페이지 5704 처리 중 오류: not enough values to unpack (expected 3, got 0)
2026-04-08 08:38:12,925 [WARNING]       ⚠️ 페이지 5715 처리 중 오류: not enough values to unpack (expected 3, got 0)
2026-04-08 08:38:12,926 [WARNING]       ⚠️ 페이지 5712 처리 중 오류: not enough values to unpack (expected 3, got 0)
2026-04-08 08:38:12,932 [WARNING]       ⚠️ 페이지 5716 처리 중 오류: not enough values to unpack (expected 3, got 0)
2026-04-08 08:38:12,933 [WARNING]       ⚠️ 페이지 5713 처리 중 오류: not enough values to unpack (expected 3, got 0)
2026-04-08 08:38:12,936 [WARNING]       ⚠️ 페이지 5711 처리 중 오류: not enough values to unpack (expected 3, got 0)
2026-04-08 08:38:12,948 [WARNING]       ⚠️ 페이지 5714 처리 중 오류: not enough values to unpack (expected 3, got 0)
2026-04-08 08:38:12,956 [WARNING]       ⚠️ 페이지 5719 처리 중 오류: not enough values to unpack (expected 3, got 0)
2026-04-08 08:38:13,014 [WARNING]       ⚠️ 페이지 5720 처리 중 오류: not enough values to unpack (expected 3, got 0)
2026-04-08 08:38:13,075 [WARNING]       ⚠️ 페이지 5717 처리 중 오류: not enough values to unpack (expected 3, got 0)
2026-04-08 08:38:13,158 [WARNING]       ⚠️ 페이지 5718 처리 중 오류: not enough values to unpack (expected 3, got 0)
2026-04-08 08:38:44,349 [WARNING]       ⚠️ 페이지 5725 처리 중 오류: not enough values to unpack (expected 3, got 0)
2026-04-08 08:38:44,355 [WARNING]       ⚠️ 페이지 5728 처리 중 오류: not enough values to unpack (expected 3, got 0)
2026-04-08 08:38:44,405 [WARNING]       ⚠️ 페이지 5730 처리 중 오류: not enough values to unpack (expected 3, got 0)
2026-04-08 08:38:44,418 [WARNING]       ⚠️ 페이지 5724 처리 중 오류: not enough values to unpack (expected 3, got 0)
2026-04-08 08:38:44,421 [WARNING]       ⚠️ 페이지 5726 처리 중 오류: not enough values to unpack (expected 3, got 0)
2026-04-08 08:38:44,426 [WARNING]       ⚠️ 페이지 5727 처리 중 오류: not enough values to unpack (expected 3, got 0)
2026-04-08 08:38:44,437 [WARNING]       ⚠️ 페이지 5721 처리 중 오류: not enough values to unpack (expected 3, got 0)
2026-04-08 08:38:44,439 [WARNING]       ⚠️ 페이지 5729 처리 중 오류: not enough values to unpack (expected 3, got 0)
2026-04-08 08:38:44,443 [WARNING]       ⚠️ 페이지 5722 처리 중 오류: not enough values to unpack (expected 3, got 0)
2026-04-08 08:38:44,462 [WARNING]       ⚠️ 페이지 5723 처리 중 오류: not enough values to unpack (expected 3, got 0)
2026-04-08 08:39:15,583 [WARNING]       ⚠️ 페이지 5731 처리 중 오류: not enough values to unpack (expected 3, got 0)
2026-04-08 08:39:15,589 [WARNING]       ⚠️ 페이지 5734 처리 중 오류: not enough values to unpack (expected 3, got 0)
2026-04-08 08:39:15,612 [WARNING]       ⚠️ 페이지 5735 처리 중 오류: not enough values to unpack (expected 3, got 0)
2026-04-08 08:39:15,624 [WARNING]       ⚠️ 페이지 5732 처리 중 오류: not enough values to unpack (expected 3, got 0)
2026-04-08 08:39:15,636 [WARNING]       ⚠️ 페이지 5736 처리 중 오류: not enough values to unpack (expected 3, got 0)
2026-04-08 08:39:15,684 [WARNING]       ⚠️ 페이지 5739 처리 중 오류: not enough values to unpack (expected 3, got 0)
2026-04-08 08:39:15,686 [WARNING]       ⚠️ 페이지 5733 처리 중 오류: not enough values to unpack (expected 3, got 0)
2026-04-08 08:39:15,704 [WARNING]       ⚠️ 페이지 5740 처리 중 오류: not enough values to unpack (expected 3, got 0)
2026-04-08 08:39:15,727 [WARNING]       ⚠️ 페이지 5738 처리 중 오류: not enough values to unpack (expected 3, got 0)
2026-04-08 08:39:15,769 [WARNING]       ⚠️ 페이지 5737 처리 중 오류: not enough values to unpack (expected 3, got 0)
2026-04-08 08:39:15,770 [INFO]       ... 5721/6000 페이지 진행 중...
2026-04-08 08:39:46,956 [WARNING]       ⚠️ 페이지 5746 처리 중 오류: not enough values to unpack (expected 3, got 0)
2026-04-08 08:39:46,964 [WARNING]       ⚠️ 페이지 5742 처리 중 오류: not enough values to unpack (expected 3, got 0)
2026-04-08 08:39:46,999 [WARNING]       ⚠️ 페이지 5750 처리 중 오류: not enough values to unpack (expected 3, got 0)
2026-04-08 08:39:47,015 [WARNING]       ⚠️ 페이지 5743 처리 중 오류: not enough values to unpack (expected 3, got 0)
2026-04-08 08:39:47,016 [WARNING]       ⚠️ 페이지 5747 처리 중 오류: not enough values to unpack (expected 3, got 0)
2026-04-08 08:39:47,019 [WARNING]       ⚠️ 페이지 5741 처리 중 오류: not enough values to unpack (expected 3, got 0)
2026-04-08 08:39:47,040 [WARNING]       ⚠️ 페이지 5749 처리 중 오류: not enough values to unpack (expected 3, got 0)
2026-04-08 08:39:47,043 [WARNING]       ⚠️ 페이지 5748 처리 중 오류: not enough values to unpack (expected 3, got 0)
2026-04-08 08:39:47,045 [WARNING]       ⚠️ 페이지 5744 처리 중 오류: not enough values to unpack (expected 3, got 0)
2026-04-08 08:39:47,058 [WARNING]       ⚠️ 페이지 5745 처리 중 오류: not enough values to unpack (expected 3, got 0)
2026-04-08 08:40:18,193 [WARNING]       ⚠️ 페이지 5752 처리 중 오류: not enough values to unpack (expected 3, got 0)
2026-04-08 08:40:18,199 [WARNING]       ⚠️ 페이지 5756 처리 중 오류: not enough values to unpack (expected 3, got 0)
2026-04-08 08:40:18,207 [WARNING]       ⚠️ 페이지 5754 처리 중 오류: not enough values to unpack (expected 3, got 0)
2026-04-08 08:40:18,236 [WARNING]       ⚠️ 페이지 5751 처리 중 오류: not enough values to unpack (expected 3, got 0)
2026-04-08 08:40:18,258 [WARNING]       ⚠️ 페이지 5753 처리 중 오류: not enough values to unpack (expected 3, got 0)
2026-04-08 08:40:18,268 [WARNING]       ⚠️ 페이지 5755 처리 중 오류: not enough values to unpack (expected 3, got 0)
2026-04-08 08:40:18,289 [WARNING]       ⚠️ 페이지 5760 처리 중 오류: not enough values to unpack (expected 3, got 0)
2026-04-08 08:40:18,297 [WARNING]       ⚠️ 페이지 5759 처리 중 오류: not enough values to unpack (expected 3, got 0)
2026-04-08 08:40:18,331 [WARNING]       ⚠️ 페이지 5757 처리 중 오류: not enough values to unpack (expected 3, got 0)
2026-04-08 08:40:18,388 [WARNING]       ⚠️ 페이지 5758 처리 중 오류: not enough values to unpack (expected 3, got 0)
2026-04-08 08:40:49,572 [WARNING]       ⚠️ 페이지 5768 처리 중 오류: not enough values to unpack (expected 3, got 0)
2026-04-08 08:40:49,576 [WARNING]       ⚠️ 페이지 5763 처리 중 오류: not enough values to unpack (expected 3, got 0)
2026-04-08 08:40:49,622 [WARNING]       ⚠️ 페이지 5762 처리 중 오류: not enough values to unpack (expected 3, got 0)
2026-04-08 08:40:49,625 [WARNING]       ⚠️ 페이지 5766 처리 중 오류: not enough values to unpack (expected 3, got 0)
2026-04-08 08:40:49,627 [WARNING]       ⚠️ 페이지 5767 처리 중 오류: not enough values to unpack (expected 3, got 0)
2026-04-08 08:40:49,633 [WARNING]       ⚠️ 페이지 5761 처리 중 오류: not enough values to unpack (expected 3, got 0)
2026-04-08 08:40:49,658 [WARNING]       ⚠️ 페이지 5770 처리 중 오류: not enough values to unpack (expected 3, got 0)
2026-04-08 08:40:49,672 [WARNING]       ⚠️ 페이지 5769 처리 중 오류: not enough values to unpack (expected 3, got 0)
2026-04-08 08:40:49,672 [WARNING]       ⚠️ 페이지 5765 처리 중 오류: not enough values to unpack (expected 3, got 0)
2026-04-08 08:40:49,686 [WARNING]       ⚠️ 페이지 5764 처리 중 오류: not enough values to unpack (expected 3, got 0)
2026-04-08 08:41:20,812 [WARNING]       ⚠️ 페이지 5773 처리 중 오류: not enough values to unpack (expected 3, got 0)
2026-04-08 08:41:20,816 [WARNING]       ⚠️ 페이지 5776 처리 중 오류: not enough values to unpack (expected 3, got 0)
2026-04-08 08:41:20,824 [WARNING]       ⚠️ 페이지 5775 처리 중 오류: not enough values to unpack (expected 3, got 0)
2026-04-08 08:41:20,827 [WARNING]       ⚠️ 페이지 5771 처리 중 오류: not enough values to unpack (expected 3, got 0)
2026-04-08 08:41:20,872 [WARNING]       ⚠️ 페이지 5772 처리 중 오류: not enough values to unpack (expected 3, got 0)
2026-04-08 08:41:20,875 [WARNING]       ⚠️ 페이지 5780 처리 중 오류: not enough values to unpack (expected 3, got 0)
2026-04-08 08:41:20,878 [WARNING]       ⚠️ 페이지 5774 처리 중 오류: not enough values to unpack (expected 3, got 0)
2026-04-08 08:41:20,910 [WARNING]       ⚠️ 페이지 5779 처리 중 오류: not enough values to unpack (expected 3, got 0)
2026-04-08 08:41:21,001 [WARNING]       ⚠️ 페이지 5778 처리 중 오류: not enough values to unpack (expected 3, got 0)
2026-04-08 08:41:21,006 [WARNING]       ⚠️ 페이지 5777 처리 중 오류: not enough values to unpack (expected 3, got 0)
2026-04-08 08:41:21,006 [INFO]       ... 5761/6000 페이지 진행 중...
2026-04-08 08:41:52,207 [WARNING]       ⚠️ 페이지 5785 처리 중 오류: not enough values to unpack (expected 3, got 0)
2026-04-08 08:41:52,234 [WARNING]       ⚠️ 페이지 5786 처리 중 오류: not enough values to unpack (expected 3, got 0)
2026-04-08 08:41:52,262 [WARNING]       ⚠️ 페이지 5790 처리 중 오류: not enough values to unpack (expected 3, got 0)
2026-04-08 08:41:52,262 [WARNING]       ⚠️ 페이지 5788 처리 중 오류: not enough values to unpack (expected 3, got 0)
2026-04-08 08:41:52,265 [WARNING]       ⚠️ 페이지 5787 처리 중 오류: not enough values to unpack (expected 3, got 0)
2026-04-08 08:41:52,268 [WARNING]       ⚠️ 페이지 5783 처리 중 오류: not enough values to unpack (expected 3, got 0)
2026-04-08 08:41:52,272 [WARNING]       ⚠️ 페이지 5781 처리 중 오류: not enough values to unpack (expected 3, got 0)
2026-04-08 08:41:52,297 [WARNING]       ⚠️ 페이지 5789 처리 중 오류: not enough values to unpack (expected 3, got 0)
2026-04-08 08:41:52,304 [WARNING]       ⚠️ 페이지 5782 처리 중 오류: not enough values to unpack (expected 3, got 0)
2026-04-08 08:41:52,306 [WARNING]       ⚠️ 페이지 5784 처리 중 오류: not enough values to unpack (expected 3, got 0)
2026-04-08 08:42:23,447 [WARNING]       ⚠️ 페이지 5792 처리 중 오류: not enough values to unpack (expected 3, got 0)
2026-04-08 08:42:23,448 [WARNING]       ⚠️ 페이지 5796 처리 중 오류: not enough values to unpack (expected 3, got 0)
2026-04-08 08:42:23,473 [WARNING]       ⚠️ 페이지 5793 처리 중 오류: not enough values to unpack (expected 3, got 0)
2026-04-08 08:42:23,501 [WARNING]       ⚠️ 페이지 5797 처리 중 오류: not enough values to unpack (expected 3, got 0)
2026-04-08 08:42:23,510 [WARNING]       ⚠️ 페이지 5794 처리 중 오류: not enough values to unpack (expected 3, got 0)
2026-04-08 08:42:23,534 [WARNING]       ⚠️ 페이지 5791 처리 중 오류: not enough values to unpack (expected 3, got 0)
2026-04-08 08:42:23,546 [WARNING]       ⚠️ 페이지 5800 처리 중 오류: not enough values to unpack (expected 3, got 0)
2026-04-08 08:42:23,546 [WARNING]       ⚠️ 페이지 5798 처리 중 오류: not enough values to unpack (expected 3, got 0)
2026-04-08 08:42:23,550 [WARNING]       ⚠️ 페이지 5795 처리 중 오류: not enough values to unpack (expected 3, got 0)
2026-04-08 08:42:23,627 [WARNING]       ⚠️ 페이지 5799 처리 중 오류: not enough values to unpack (expected 3, got 0)
2026-04-08 08:42:54,819 [WARNING]       ⚠️ 페이지 5803 처리 중 오류: not enough values to unpack (expected 3, got 0)
2026-04-08 08:42:54,830 [WARNING]       ⚠️ 페이지 5801 처리 중 오류: not enough values to unpack (expected 3, got 0)
2026-04-08 08:42:54,884 [WARNING]       ⚠️ 페이지 5810 처리 중 오류: not enough values to unpack (expected 3, got 0)
2026-04-08 08:42:54,885 [WARNING]       ⚠️ 페이지 5806 처리 중 오류: not enough values to unpack (expected 3, got 0)
2026-04-08 08:42:54,887 [WARNING]       ⚠️ 페이지 5802 처리 중 오류: not enough values to unpack (expected 3, got 0)
2026-04-08 08:42:54,888 [WARNING]       ⚠️ 페이지 5807 처리 중 오류: not enough values to unpack (expected 3, got 0)
2026-04-08 08:42:54,904 [WARNING]       ⚠️ 페이지 5809 처리 중 오류: not enough values to unpack (expected 3, got 0)
2026-04-08 08:42:54,909 [WARNING]       ⚠️ 페이지 5804 처리 중 오류: not enough values to unpack (expected 3, got 0)
2026-04-08 08:42:54,912 [WARNING]       ⚠️ 페이지 5808 처리 중 오류: not enough values to unpack (expected 3, got 0)
2026-04-08 08:42:54,914 [WARNING]       ⚠️ 페이지 5805 처리 중 오류: not enough values to unpack (expected 3, got 0)
2026-04-08 08:43:26,076 [WARNING]       ⚠️ 페이지 5813 처리 중 오류: not enough values to unpack (expected 3, got 0)
2026-04-08 08:43:26,095 [WARNING]       ⚠️ 페이지 5820 처리 중 오류: not enough values to unpack (expected 3, got 0)
2026-04-08 08:43:26,098 [WARNING]       ⚠️ 페이지 5815 처리 중 오류: not enough values to unpack (expected 3, got 0)
2026-04-08 08:43:26,117 [WARNING]       ⚠️ 페이지 5811 처리 중 오류: not enough values to unpack (expected 3, got 0)
2026-04-08 08:43:26,118 [WARNING]       ⚠️ 페이지 5819 처리 중 오류: not enough values to unpack (expected 3, got 0)
2026-04-08 08:43:26,118 [WARNING]       ⚠️ 페이지 5812 처리 중 오류: not enough values to unpack (expected 3, got 0)
2026-04-08 08:43:26,155 [WARNING]       ⚠️ 페이지 5816 처리 중 오류: not enough values to unpack (expected 3, got 0)
2026-04-08 08:43:26,157 [WARNING]       ⚠️ 페이지 5818 처리 중 오류: not enough values to unpack (expected 3, got 0)
2026-04-08 08:43:26,233 [WARNING]       ⚠️ 페이지 5814 처리 중 오류: not enough values to unpack (expected 3, got 0)
2026-04-08 08:43:26,262 [WARNING]       ⚠️ 페이지 5817 처리 중 오류: not enough values to unpack (expected 3, got 0)
2026-04-08 08:43:26,263 [INFO]       ... 5801/6000 페이지 진행 중...
2026-04-08 08:43:57,459 [WARNING]       ⚠️ 페이지 5826 처리 중 오류: not enough values to unpack (expected 3, got 0)
2026-04-08 08:43:57,465 [WARNING]       ⚠️ 페이지 5830 처리 중 오류: not enough values to unpack (expected 3, got 0)
2026-04-08 08:43:57,496 [WARNING]       ⚠️ 페이지 5821 처리 중 오류: not enough values to unpack (expected 3, got 0)
2026-04-08 08:43:57,502 [WARNING]       ⚠️ 페이지 5828 처리 중 오류: not enough values to unpack (expected 3, got 0)
2026-04-08 08:43:57,522 [WARNING]       ⚠️ 페이지 5825 처리 중 오류: not enough values to unpack (expected 3, got 0)
2026-04-08 08:43:57,524 [WARNING]       ⚠️ 페이지 5827 처리 중 오류: not enough values to unpack (expected 3, got 0)
2026-04-08 08:43:57,527 [WARNING]       ⚠️ 페이지 5823 처리 중 오류: not enough values to unpack (expected 3, got 0)
2026-04-08 08:43:57,545 [WARNING]       ⚠️ 페이지 5829 처리 중 오류: not enough values to unpack (expected 3, got 0)
2026-04-08 08:43:57,574 [WARNING]       ⚠️ 페이지 5822 처리 중 오류: not enough values to unpack (expected 3, got 0)
2026-04-08 08:43:57,576 [WARNING]       ⚠️ 페이지 5824 처리 중 오류: not enough values to unpack (expected 3, got 0)
2026-04-08 08:44:28,681 [WARNING]       ⚠️ 페이지 5833 처리 중 오류: not enough values to unpack (expected 3, got 0)
2026-04-08 08:44:28,708 [WARNING]       ⚠️ 페이지 5836 처리 중 오류: not enough values to unpack (expected 3, got 0)
2026-04-08 08:44:28,709 [WARNING]       ⚠️ 페이지 5834 처리 중 오류: not enough values to unpack (expected 3, got 0)
2026-04-08 08:44:28,732 [WARNING]       ⚠️ 페이지 5835 처리 중 오류: not enough values to unpack (expected 3, got 0)
2026-04-08 08:44:28,751 [WARNING]       ⚠️ 페이지 5832 처리 중 오류: not enough values to unpack (expected 3, got 0)
2026-04-08 08:44:28,776 [WARNING]       ⚠️ 페이지 5837 처리 중 오류: not enough values to unpack (expected 3, got 0)
2026-04-08 08:44:28,780 [WARNING]       ⚠️ 페이지 5831 처리 중 오류: not enough values to unpack (expected 3, got 0)
2026-04-08 08:44:28,840 [WARNING]       ⚠️ 페이지 5840 처리 중 오류: not enough values to unpack (expected 3, got 0)
2026-04-08 08:44:28,864 [WARNING]       ⚠️ 페이지 5838 처리 중 오류: not enough values to unpack (expected 3, got 0)
2026-04-08 08:44:28,872 [WARNING]       ⚠️ 페이지 5839 처리 중 오류: not enough values to unpack (expected 3, got 0)
2026-04-08 08:45:00,056 [WARNING]       ⚠️ 페이지 5850 처리 중 오류: not enough values to unpack (expected 3, got 0)
2026-04-08 08:45:00,060 [WARNING]       ⚠️ 페이지 5842 처리 중 오류: not enough values to unpack (expected 3, got 0)
2026-04-08 08:45:00,114 [WARNING]       ⚠️ 페이지 5848 처리 중 오류: not enough values to unpack (expected 3, got 0)
2026-04-08 08:45:00,116 [WARNING]       ⚠️ 페이지 5847 처리 중 오류: not enough values to unpack (expected 3, got 0)
2026-04-08 08:45:00,126 [WARNING]       ⚠️ 페이지 5846 처리 중 오류: not enough values to unpack (expected 3, got 0)
2026-04-08 08:45:00,127 [WARNING]       ⚠️ 페이지 5843 처리 중 오류: not enough values to unpack (expected 3, got 0)
2026-04-08 08:45:00,158 [WARNING]       ⚠️ 페이지 5845 처리 중 오류: not enough values to unpack (expected 3, got 0)
2026-04-08 08:45:00,165 [WARNING]       ⚠️ 페이지 5849 처리 중 오류: not enough values to unpack (expected 3, got 0)
2026-04-08 08:45:00,168 [WARNING]       ⚠️ 페이지 5841 처리 중 오류: not enough values to unpack (expected 3, got 0)
2026-04-08 08:45:00,170 [WARNING]       ⚠️ 페이지 5844 처리 중 오류: not enough values to unpack (expected 3, got 0)
2026-04-08 08:45:31,330 [WARNING]       ⚠️ 페이지 5853 처리 중 오류: not enough values to unpack (expected 3, got 0)
2026-04-08 08:45:31,331 [WARNING]       ⚠️ 페이지 5854 처리 중 오류: not enough values to unpack (expected 3, got 0)
2026-04-08 08:45:31,332 [WARNING]       ⚠️ 페이지 5855 처리 중 오류: not enough values to unpack (expected 3, got 0)
2026-04-08 08:45:31,333 [WARNING]       ⚠️ 페이지 5852 처리 중 오류: not enough values to unpack (expected 3, got 0)
2026-04-08 08:45:31,350 [WARNING]       ⚠️ 페이지 5851 처리 중 오류: not enough values to unpack (expected 3, got 0)
2026-04-08 08:45:31,399 [WARNING]       ⚠️ 페이지 5858 처리 중 오류: not enough values to unpack (expected 3, got 0)
2026-04-08 08:45:31,416 [WARNING]       ⚠️ 페이지 5860 처리 중 오류: not enough values to unpack (expected 3, got 0)
2026-04-08 08:45:31,438 [WARNING]       ⚠️ 페이지 5857 처리 중 오류: not enough values to unpack (expected 3, got 0)
2026-04-08 08:45:31,499 [WARNING]       ⚠️ 페이지 5856 처리 중 오류: not enough values to unpack (expected 3, got 0)
2026-04-08 08:45:31,547 [WARNING]       ⚠️ 페이지 5859 처리 중 오류: not enough values to unpack (expected 3, got 0)
2026-04-08 08:45:31,548 [INFO]       ... 5841/6000 페이지 진행 중...
2026-04-08 08:46:02,737 [WARNING]       ⚠️ 페이지 5870 처리 중 오류: not enough values to unpack (expected 3, got 0)
2026-04-08 08:46:02,742 [WARNING]       ⚠️ 페이지 5862 처리 중 오류: not enough values to unpack (expected 3, got 0)
2026-04-08 08:46:02,787 [WARNING]       ⚠️ 페이지 5861 처리 중 오류: not enough values to unpack (expected 3, got 0)
2026-04-08 08:46:02,799 [WARNING]       ⚠️ 페이지 5867 처리 중 오류: not enough values to unpack (expected 3, got 0)
2026-04-08 08:46:02,801 [WARNING]       ⚠️ 페이지 5865 처리 중 오류: not enough values to unpack (expected 3, got 0)
2026-04-08 08:46:02,829 [WARNING]       ⚠️ 페이지 5868 처리 중 오류: not enough values to unpack (expected 3, got 0)
2026-04-08 08:46:02,836 [WARNING]       ⚠️ 페이지 5863 처리 중 오류: not enough values to unpack (expected 3, got 0)
2026-04-08 08:46:02,838 [WARNING]       ⚠️ 페이지 5866 처리 중 오류: not enough values to unpack (expected 3, got 0)
2026-04-08 08:46:02,843 [WARNING]       ⚠️ 페이지 5869 처리 중 오류: not enough values to unpack (expected 3, got 0)
2026-04-08 08:46:02,857 [WARNING]       ⚠️ 페이지 5864 처리 중 오류: not enough values to unpack (expected 3, got 0)
2026-04-08 08:46:33,989 [WARNING]       ⚠️ 페이지 5873 처리 중 오류: not enough values to unpack (expected 3, got 0)
2026-04-08 08:46:33,992 [WARNING]       ⚠️ 페이지 5872 처리 중 오류: not enough values to unpack (expected 3, got 0)
2026-04-08 08:46:33,997 [WARNING]       ⚠️ 페이지 5874 처리 중 오류: not enough values to unpack (expected 3, got 0)
2026-04-08 08:46:34,023 [WARNING]       ⚠️ 페이지 5875 처리 중 오류: not enough values to unpack (expected 3, got 0)
2026-04-08 08:46:34,024 [WARNING]       ⚠️ 페이지 5871 처리 중 오류: not enough values to unpack (expected 3, got 0)
2026-04-08 08:46:34,073 [WARNING]       ⚠️ 페이지 5876 처리 중 오류: not enough values to unpack (expected 3, got 0)
2026-04-08 08:46:34,087 [WARNING]       ⚠️ 페이지 5877 처리 중 오류: not enough values to unpack (expected 3, got 0)
2026-04-08 08:46:34,097 [WARNING]       ⚠️ 페이지 5880 처리 중 오류: not enough values to unpack (expected 3, got 0)
2026-04-08 08:46:34,112 [WARNING]       ⚠️ 페이지 5878 처리 중 오류: not enough values to unpack (expected 3, got 0)
2026-04-08 08:46:34,159 [WARNING]       ⚠️ 페이지 5879 처리 중 오류: not enough values to unpack (expected 3, got 0)
2026-04-08 08:47:05,359 [WARNING]       ⚠️ 페이지 5882 처리 중 오류: not enough values to unpack (expected 3, got 0)
2026-04-08 08:47:05,362 [WARNING]       ⚠️ 페이지 5890 처리 중 오류: not enough values to unpack (expected 3, got 0)
2026-04-08 08:47:05,417 [WARNING]       ⚠️ 페이지 5883 처리 중 오류: not enough values to unpack (expected 3, got 0)
2026-04-08 08:47:05,417 [WARNING]       ⚠️ 페이지 5889 처리 중 오류: not enough values to unpack (expected 3, got 0)
2026-04-08 08:47:05,422 [WARNING]       ⚠️ 페이지 5886 처리 중 오류: not enough values to unpack (expected 3, got 0)
2026-04-08 08:47:05,430 [WARNING]       ⚠️ 페이지 5887 처리 중 오류: not enough values to unpack (expected 3, got 0)
2026-04-08 08:47:05,446 [WARNING]       ⚠️ 페이지 5881 처리 중 오류: not enough values to unpack (expected 3, got 0)
2026-04-08 08:47:05,447 [WARNING]       ⚠️ 페이지 5888 처리 중 오류: not enough values to unpack (expected 3, got 0)
2026-04-08 08:47:05,459 [WARNING]       ⚠️ 페이지 5885 처리 중 오류: not enough values to unpack (expected 3, got 0)
2026-04-08 08:47:05,468 [WARNING]       ⚠️ 페이지 5884 처리 중 오류: not enough values to unpack (expected 3, got 0)
2026-04-08 08:47:36,590 [WARNING]       ⚠️ 페이지 5893 처리 중 오류: not enough values to unpack (expected 3, got 0)
2026-04-08 08:47:36,597 [WARNING]       ⚠️ 페이지 5894 처리 중 오류: not enough values to unpack (expected 3, got 0)
2026-04-08 08:47:36,628 [WARNING]       ⚠️ 페이지 5895 처리 중 오류: not enough values to unpack (expected 3, got 0)
2026-04-08 08:47:36,643 [WARNING]       ⚠️ 페이지 5892 처리 중 오류: not enough values to unpack (expected 3, got 0)
2026-04-08 08:47:36,651 [WARNING]       ⚠️ 페이지 5896 처리 중 오류: not enough values to unpack (expected 3, got 0)
2026-04-08 08:47:36,670 [WARNING]       ⚠️ 페이지 5900 처리 중 오류: not enough values to unpack (expected 3, got 0)
2026-04-08 08:47:36,695 [WARNING]       ⚠️ 페이지 5891 처리 중 오류: not enough values to unpack (expected 3, got 0)
2026-04-08 08:47:36,708 [WARNING]       ⚠️ 페이지 5899 처리 중 오류: not enough values to unpack (expected 3, got 0)
2026-04-08 08:47:36,784 [WARNING]       ⚠️ 페이지 5898 처리 중 오류: not enough values to unpack (expected 3, got 0)
2026-04-08 08:47:36,803 [WARNING]       ⚠️ 페이지 5897 처리 중 오류: not enough values to unpack (expected 3, got 0)
2026-04-08 08:47:36,803 [INFO]       ... 5881/6000 페이지 진행 중...
2026-04-08 08:48:07,985 [WARNING]       ⚠️ 페이지 5906 처리 중 오류: not enough values to unpack (expected 3, got 0)
2026-04-08 08:48:08,021 [WARNING]       ⚠️ 페이지 5902 처리 중 오류: not enough values to unpack (expected 3, got 0)
2026-04-08 08:48:08,032 [WARNING]       ⚠️ 페이지 5910 처리 중 오류: not enough values to unpack (expected 3, got 0)
2026-04-08 08:48:08,053 [WARNING]       ⚠️ 페이지 5901 처리 중 오류: not enough values to unpack (expected 3, got 0)
2026-04-08 08:48:08,061 [WARNING]       ⚠️ 페이지 5905 처리 중 오류: not enough values to unpack (expected 3, got 0)
2026-04-08 08:48:08,067 [WARNING]       ⚠️ 페이지 5908 처리 중 오류: not enough values to unpack (expected 3, got 0)
2026-04-08 08:48:08,082 [WARNING]       ⚠️ 페이지 5903 처리 중 오류: not enough values to unpack (expected 3, got 0)
2026-04-08 08:48:08,088 [WARNING]       ⚠️ 페이지 5907 처리 중 오류: not enough values to unpack (expected 3, got 0)
2026-04-08 08:48:08,104 [WARNING]       ⚠️ 페이지 5909 처리 중 오류: not enough values to unpack (expected 3, got 0)
2026-04-08 08:48:08,118 [WARNING]       ⚠️ 페이지 5904 처리 중 오류: not enough values to unpack (expected 3, got 0)
2026-04-08 08:48:39,261 [WARNING]       ⚠️ 페이지 5918 처리 중 오류: not enough values to unpack (expected 3, got 0)
2026-04-08 08:48:39,262 [WARNING]       ⚠️ 페이지 5911 처리 중 오류: not enough values to unpack (expected 3, got 0)
2026-04-08 08:48:39,271 [WARNING]       ⚠️ 페이지 5914 처리 중 오류: not enough values to unpack (expected 3, got 0)
2026-04-08 08:48:39,283 [WARNING]       ⚠️ 페이지 5915 처리 중 오류: not enough values to unpack (expected 3, got 0)
2026-04-08 08:48:39,310 [WARNING]       ⚠️ 페이지 5917 처리 중 오류: not enough values to unpack (expected 3, got 0)
2026-04-08 08:48:39,311 [WARNING]       ⚠️ 페이지 5912 처리 중 오류: not enough values to unpack (expected 3, got 0)
2026-04-08 08:48:39,335 [WARNING]       ⚠️ 페이지 5916 처리 중 오류: not enough values to unpack (expected 3, got 0)
2026-04-08 08:48:39,340 [WARNING]       ⚠️ 페이지 5913 처리 중 오류: not enough values to unpack (expected 3, got 0)
2026-04-08 08:48:39,371 [WARNING]       ⚠️ 페이지 5920 처리 중 오류: not enough values to unpack (expected 3, got 0)
2026-04-08 08:48:39,438 [WARNING]       ⚠️ 페이지 5919 처리 중 오류: not enough values to unpack (expected 3, got 0)
2026-04-08 08:49:10,640 [WARNING]       ⚠️ 페이지 5921 처리 중 오류: not enough values to unpack (expected 3, got 0)
2026-04-08 08:49:10,642 [WARNING]       ⚠️ 페이지 5926 처리 중 오류: not enough values to unpack (expected 3, got 0)
2026-04-08 08:49:10,678 [WARNING]       ⚠️ 페이지 5930 처리 중 오류: not enough values to unpack (expected 3, got 0)
2026-04-08 08:49:10,707 [WARNING]       ⚠️ 페이지 5927 처리 중 오류: not enough values to unpack (expected 3, got 0)
2026-04-08 08:49:10,715 [WARNING]       ⚠️ 페이지 5923 처리 중 오류: not enough values to unpack (expected 3, got 0)
2026-04-08 08:49:10,723 [WARNING]       ⚠️ 페이지 5928 처리 중 오류: not enough values to unpack (expected 3, got 0)
2026-04-08 08:49:10,726 [WARNING]       ⚠️ 페이지 5922 처리 중 오류: not enough values to unpack (expected 3, got 0)
2026-04-08 08:49:10,740 [WARNING]       ⚠️ 페이지 5925 처리 중 오류: not enough values to unpack (expected 3, got 0)
2026-04-08 08:49:10,747 [WARNING]       ⚠️ 페이지 5924 처리 중 오류: not enough values to unpack (expected 3, got 0)
2026-04-08 08:49:10,759 [WARNING]       ⚠️ 페이지 5929 처리 중 오류: not enough values to unpack (expected 3, got 0)
2026-04-08 08:49:41,873 [WARNING]       ⚠️ 페이지 5933 처리 중 오류: not enough values to unpack (expected 3, got 0)
2026-04-08 08:49:41,913 [WARNING]       ⚠️ 페이지 5935 처리 중 오류: not enough values to unpack (expected 3, got 0)
2026-04-08 08:49:41,918 [WARNING]       ⚠️ 페이지 5934 처리 중 오류: not enough values to unpack (expected 3, got 0)
2026-04-08 08:49:41,931 [WARNING]       ⚠️ 페이지 5932 처리 중 오류: not enough values to unpack (expected 3, got 0)
2026-04-08 08:49:41,937 [WARNING]       ⚠️ 페이지 5931 처리 중 오류: not enough values to unpack (expected 3, got 0)
2026-04-08 08:49:41,949 [WARNING]       ⚠️ 페이지 5936 처리 중 오류: not enough values to unpack (expected 3, got 0)
2026-04-08 08:49:41,994 [WARNING]       ⚠️ 페이지 5938 처리 중 오류: not enough values to unpack (expected 3, got 0)
2026-04-08 08:49:42,046 [WARNING]       ⚠️ 페이지 5939 처리 중 오류: not enough values to unpack (expected 3, got 0)
2026-04-08 08:49:42,047 [WARNING]       ⚠️ 페이지 5937 처리 중 오류: not enough values to unpack (expected 3, got 0)
2026-04-08 08:49:42,054 [WARNING]       ⚠️ 페이지 5940 처리 중 오류: not enough values to unpack (expected 3, got 0)
2026-04-08 08:49:42,054 [INFO]       ... 5921/6000 페이지 진행 중...
2026-04-08 08:50:13,250 [WARNING]       ⚠️ 페이지 5942 처리 중 오류: not enough values to unpack (expected 3, got 0)
2026-04-08 08:50:13,253 [WARNING]       ⚠️ 페이지 5949 처리 중 오류: not enough values to unpack (expected 3, got 0)
2026-04-08 08:50:13,316 [WARNING]       ⚠️ 페이지 5945 처리 중 오류: not enough values to unpack (expected 3, got 0)
2026-04-08 08:50:13,325 [WARNING]       ⚠️ 페이지 5948 처리 중 오류: not enough values to unpack (expected 3, got 0)
2026-04-08 08:50:13,325 [WARNING]       ⚠️ 페이지 5941 처리 중 오류: not enough values to unpack (expected 3, got 0)
2026-04-08 08:50:13,325 [WARNING]       ⚠️ 페이지 5946 처리 중 오류: not enough values to unpack (expected 3, got 0)
2026-04-08 08:50:13,345 [WARNING]       ⚠️ 페이지 5947 처리 중 오류: not enough values to unpack (expected 3, got 0)
2026-04-08 08:50:13,349 [WARNING]       ⚠️ 페이지 5944 처리 중 오류: not enough values to unpack (expected 3, got 0)
2026-04-08 08:50:13,354 [WARNING]       ⚠️ 페이지 5943 처리 중 오류: not enough values to unpack (expected 3, got 0)
2026-04-08 08:50:13,383 [WARNING]       ⚠️ 페이지 5950 처리 중 오류: not enough values to unpack (expected 3, got 0)
2026-04-08 08:50:44,481 [WARNING]       ⚠️ 페이지 5951 처리 중 오류: not enough values to unpack (expected 3, got 0)
2026-04-08 08:50:44,515 [WARNING]       ⚠️ 페이지 5954 처리 중 오류: not enough values to unpack (expected 3, got 0)
2026-04-08 08:50:44,534 [WARNING]       ⚠️ 페이지 5953 처리 중 오류: not enough values to unpack (expected 3, got 0)
2026-04-08 08:50:44,542 [WARNING]       ⚠️ 페이지 5952 처리 중 오류: not enough values to unpack (expected 3, got 0)
2026-04-08 08:50:44,550 [WARNING]       ⚠️ 페이지 5956 처리 중 오류: not enough values to unpack (expected 3, got 0)
2026-04-08 08:50:44,550 [WARNING]       ⚠️ 페이지 5958 처리 중 오류: not enough values to unpack (expected 3, got 0)
2026-04-08 08:50:44,551 [WARNING]       ⚠️ 페이지 5955 처리 중 오류: not enough values to unpack (expected 3, got 0)
2026-04-08 08:50:44,602 [WARNING]       ⚠️ 페이지 5959 처리 중 오류: not enough values to unpack (expected 3, got 0)
2026-04-08 08:50:44,680 [WARNING]       ⚠️ 페이지 5960 처리 중 오류: not enough values to unpack (expected 3, got 0)
2026-04-08 08:50:44,693 [WARNING]       ⚠️ 페이지 5957 처리 중 오류: not enough values to unpack (expected 3, got 0)
2026-04-08 08:51:15,882 [WARNING]       ⚠️ 페이지 5962 처리 중 오류: not enough values to unpack (expected 3, got 0)
2026-04-08 08:51:15,909 [WARNING]       ⚠️ 페이지 5966 처리 중 오류: not enough values to unpack (expected 3, got 0)
2026-04-08 08:51:15,941 [WARNING]       ⚠️ 페이지 5965 처리 중 오류: not enough values to unpack (expected 3, got 0)
2026-04-08 08:51:15,941 [WARNING]       ⚠️ 페이지 5967 처리 중 오류: not enough values to unpack (expected 3, got 0)
2026-04-08 08:51:15,947 [WARNING]       ⚠️ 페이지 5969 처리 중 오류: not enough values to unpack (expected 3, got 0)
2026-04-08 08:51:15,952 [WARNING]       ⚠️ 페이지 5964 처리 중 오류: not enough values to unpack (expected 3, got 0)
2026-04-08 08:51:15,974 [WARNING]       ⚠️ 페이지 5961 처리 중 오류: not enough values to unpack (expected 3, got 0)
2026-04-08 08:51:15,976 [WARNING]       ⚠️ 페이지 5970 처리 중 오류: not enough values to unpack (expected 3, got 0)
2026-04-08 08:51:15,987 [WARNING]       ⚠️ 페이지 5963 처리 중 오류: not enough values to unpack (expected 3, got 0)
2026-04-08 08:51:15,993 [WARNING]       ⚠️ 페이지 5968 처리 중 오류: not enough values to unpack (expected 3, got 0)
2026-04-08 08:51:47,138 [WARNING]       ⚠️ 페이지 5975 처리 중 오류: not enough values to unpack (expected 3, got 0)
2026-04-08 08:51:47,139 [WARNING]       ⚠️ 페이지 5976 처리 중 오류: not enough values to unpack (expected 3, got 0)
2026-04-08 08:51:47,145 [WARNING]       ⚠️ 페이지 5972 처리 중 오류: not enough values to unpack (expected 3, got 0)
2026-04-08 08:51:47,169 [WARNING]       ⚠️ 페이지 5971 처리 중 오류: not enough values to unpack (expected 3, got 0)
2026-04-08 08:51:47,189 [WARNING]       ⚠️ 페이지 5979 처리 중 오류: not enough values to unpack (expected 3, got 0)
2026-04-08 08:51:47,217 [WARNING]       ⚠️ 페이지 5973 처리 중 오류: not enough values to unpack (expected 3, got 0)
2026-04-08 08:51:47,218 [WARNING]       ⚠️ 페이지 5978 처리 중 오류: not enough values to unpack (expected 3, got 0)
2026-04-08 08:51:47,234 [WARNING]       ⚠️ 페이지 5974 처리 중 오류: not enough values to unpack (expected 3, got 0)
2026-04-08 08:51:47,243 [WARNING]       ⚠️ 페이지 5977 처리 중 오류: not enough values to unpack (expected 3, got 0)
2026-04-08 08:51:47,318 [WARNING]       ⚠️ 페이지 5980 처리 중 오류: not enough values to unpack (expected 3, got 0)
2026-04-08 08:51:47,319 [INFO]       ... 5961/6000 페이지 진행 중...
2026-04-08 08:52:18,526 [WARNING]       ⚠️ 페이지 5989 처리 중 오류: not enough values to unpack (expected 3, got 0)
2026-04-08 08:52:18,544 [WARNING]       ⚠️ 페이지 5982 처리 중 오류: not enough values to unpack (expected 3, got 0)
2026-04-08 08:52:18,548 [WARNING]       ⚠️ 페이지 5990 처리 중 오류: not enough values to unpack (expected 3, got 0)
2026-04-08 08:52:18,580 [WARNING]       ⚠️ 페이지 5983 처리 중 오류: not enough values to unpack (expected 3, got 0)
2026-04-08 08:52:18,582 [WARNING]       ⚠️ 페이지 5984 처리 중 오류: not enough values to unpack (expected 3, got 0)
2026-04-08 08:52:18,582 [WARNING]       ⚠️ 페이지 5987 처리 중 오류: not enough values to unpack (expected 3, got 0)
2026-04-08 08:52:18,590 [WARNING]       ⚠️ 페이지 5988 처리 중 오류: not enough values to unpack (expected 3, got 0)
2026-04-08 08:52:18,592 [WARNING]       ⚠️ 페이지 5981 처리 중 오류: not enough values to unpack (expected 3, got 0)
2026-04-08 08:52:18,596 [WARNING]       ⚠️ 페이지 5986 처리 중 오류: not enough values to unpack (expected 3, got 0)
2026-04-08 08:52:18,624 [WARNING]       ⚠️ 페이지 5985 처리 중 오류: not enough values to unpack (expected 3, got 0)
2026-04-08 08:52:49,750 [WARNING]       ⚠️ 페이지 5991 처리 중 오류: not enough values to unpack (expected 3, got 0)
2026-04-08 08:52:49,768 [WARNING]       ⚠️ 페이지 5994 처리 중 오류: not enough values to unpack (expected 3, got 0)
2026-04-08 08:52:49,787 [WARNING]       ⚠️ 페이지 5993 처리 중 오류: not enough values to unpack (expected 3, got 0)
2026-04-08 08:52:49,797 [WARNING]       ⚠️ 페이지 5998 처리 중 오류: not enough values to unpack (expected 3, got 0)
2026-04-08 08:52:49,814 [WARNING]       ⚠️ 페이지 5992 처리 중 오류: not enough values to unpack (expected 3, got 0)
2026-04-08 08:52:49,823 [WARNING]       ⚠️ 페이지 5995 처리 중 오류: not enough values to unpack (expected 3, got 0)
2026-04-08 08:52:49,843 [WARNING]       ⚠️ 페이지 5999 처리 중 오류: not enough values to unpack (expected 3, got 0)
2026-04-08 08:52:49,875 [WARNING]       ⚠️ 페이지 5997 처리 중 오류: not enough values to unpack (expected 3, got 0)
2026-04-08 08:52:49,917 [WARNING]       ⚠️ 페이지 6000 처리 중 오류: not enough values to unpack (expected 3, got 0)
2026-04-08 08:52:49,922 [WARNING]       ⚠️ 페이지 5996 처리 중 오류: not enough values to unpack (expected 3, got 0)
2026-04-08 08:52:49,923 [INFO]    ℹ️ 변동 사항 없음
2026-04-08 08:52:50,224 [INFO] 🔎 [126] 행정안전부_생활_후원방문판매업체 조회서비스 조회 중...
2026-04-08 08:52:50,891 [INFO]    ... 총 18070건, 37 페이지 처리 시작 (Workers: 10)
2026-04-08 08:52:52,511 [INFO]       ... 1/37 페이지 진행 중...
2026-04-08 08:52:54,282 [INFO]    ℹ️ 변동 사항 없음
2026-04-08 08:52:54,583 [INFO] 🔎 [127] 행정안전부_생활_골프연습장업 조회서비스 조회 중...
2026-04-08 08:52:55,886 [INFO]    ... 총 17882건, 36 페이지 처리 시작 (Workers: 10)
2026-04-08 08:52:57,384 [INFO]       ... 1/36 페이지 진행 중...
2026-04-08 08:52:59,199 [INFO]    ✅ 41건 저장 완료
2026-04-08 08:52:59,500 [INFO] 🔎 [128] 행정안전부_생활_골프장 조회서비스 조회 중...
2026-04-08 08:53:00,576 [INFO]    ... 총 648건, 2 페이지 처리 시작 (Workers: 10)
2026-04-08 08:53:01,555 [INFO]       ... 1/2 페이지 진행 중...
2026-04-08 08:53:01,556 [INFO]    ℹ️ 변동 사항 없음
2026-04-08 08:53:01,856 [INFO] 🔎 [129] 행정안전부_생활_당구장업 조회서비스 조회 중...
2026-04-08 08:53:02,304 [INFO]    ... 총 58561건, 118 페이지 처리 시작 (Workers: 10)
2026-04-08 08:53:04,139 [INFO]       ... 1/118 페이지 진행 중...
2026-04-08 08:53:07,950 [INFO]       ... 41/118 페이지 진행 중...
2026-04-08 08:53:11,473 [INFO]       ... 81/118 페이지 진행 중...
2026-04-08 08:53:13,388 [INFO]    ✅ 367건 저장 완료
2026-04-08 08:53:13,689 [INFO] 🔎 [130] 행정안전부_생활_등록체육시설업 조회서비스 조회 중...
2026-04-08 08:53:14,632 [INFO]    ... 총 5건, 1 페이지 처리 시작 (Workers: 10)
2026-04-08 08:53:14,909 [INFO]       ... 1/1 페이지 진행 중...
2026-04-08 08:53:14,909 [INFO]    ℹ️ 변동 사항 없음
2026-04-08 08:53:15,210 [INFO] 🔎 [131] 행정안전부_생활_무도장업 조회서비스 조회 중...
2026-04-08 08:53:15,857 [INFO]    ... 총 277건, 1 페이지 처리 시작 (Workers: 10)
2026-04-08 08:53:16,564 [INFO]       ... 1/1 페이지 진행 중...
2026-04-08 08:53:16,565 [INFO]    ℹ️ 변동 사항 없음
2026-04-08 08:53:16,866 [INFO] 🔎 [132] 행정안전부_생활_무도학원업 조회서비스 조회 중...
2026-04-08 08:53:17,542 [INFO]    ... 총 2541건, 6 페이지 처리 시작 (Workers: 10)
2026-04-08 08:53:18,663 [INFO]       ... 1/6 페이지 진행 중...
2026-04-08 08:53:18,664 [INFO]    ℹ️ 변동 사항 없음
2026-04-08 08:53:18,965 [INFO] 🔎 [133] 행정안전부_생활_빙상장업 조회서비스 조회 중...
2026-04-08 08:53:19,743 [INFO]    ... 총 244건, 1 페이지 처리 시작 (Workers: 10)
2026-04-08 08:53:20,477 [INFO]       ... 1/1 페이지 진행 중...
2026-04-08 08:53:20,478 [INFO]    ℹ️ 변동 사항 없음
2026-04-08 08:53:20,779 [INFO] 🔎 [134] 행정안전부_생활_수영장업 조회서비스 조회 중...
2026-04-08 08:53:21,377 [INFO]    ... 총 1863건, 4 페이지 처리 시작 (Workers: 10)
2026-04-08 08:53:22,084 [INFO]       ... 1/4 페이지 진행 중...
2026-04-08 08:53:22,086 [INFO]    ✅ 5건 저장 완료
2026-04-08 08:53:22,386 [INFO] 🔎 [135] 행정안전부_생활_스키장 조회서비스 조회 중...
2026-04-08 08:53:22,617 [INFO]    ... 총 23건, 1 페이지 처리 시작 (Workers: 10)
2026-04-08 08:53:22,844 [INFO]       ... 1/1 페이지 진행 중...
2026-04-08 08:53:22,845 [INFO]    ℹ️ 변동 사항 없음
2026-04-08 08:53:23,146 [INFO] 🔎 [136] 행정안전부_생활_승마장업 조회서비스 조회 중...
2026-04-08 08:53:23,784 [INFO]    ... 총 289건, 1 페이지 처리 시작 (Workers: 10)
2026-04-08 08:53:24,042 [INFO]       ... 1/1 페이지 진행 중...
2026-04-08 08:53:24,043 [INFO]    ℹ️ 변동 사항 없음
2026-04-08 08:53:24,344 [INFO] 🔎 [137] 행정안전부_생활_썰매장업 조회서비스 조회 중...
2026-04-08 08:53:24,907 [INFO]    ... 총 522건, 2 페이지 처리 시작 (Workers: 10)
2026-04-08 08:53:25,522 [INFO]       ... 1/2 페이지 진행 중...
2026-04-08 08:53:25,524 [INFO]    ✅ 1건 저장 완료
2026-04-08 08:53:25,824 [INFO] 🔎 [138] 행정안전부_생활_요트장업 조회서비스 조회 중...
2026-04-08 08:53:26,050 [INFO]    ... 총 31건, 1 페이지 처리 시작 (Workers: 10)
2026-04-08 08:53:26,349 [INFO]       ... 1/1 페이지 진행 중...
2026-04-08 08:53:26,349 [INFO]    ℹ️ 변동 사항 없음
2026-04-08 08:53:26,650 [INFO] 🔎 [139] 행정안전부_생활_종합체육시설업 조회서비스 조회 중...
2026-04-08 08:53:27,567 [INFO]    ... 총 614건, 2 페이지 처리 시작 (Workers: 10)
2026-04-08 08:53:28,870 [INFO]       ... 1/2 페이지 진행 중...
2026-04-08 08:53:28,871 [INFO]    ℹ️ 변동 사항 없음
2026-04-08 08:53:29,172 [INFO] 🔎 [140] 행정안전부_생활_체력단련장업 조회서비스 조회 중...
2026-04-08 08:53:29,615 [INFO]    ... 총 27401건, 55 페이지 처리 시작 (Workers: 10)
2026-04-08 08:53:31,891 [INFO]       ... 1/55 페이지 진행 중...
2026-04-08 08:53:35,399 [INFO]       ... 41/55 페이지 진행 중...
2026-04-08 08:53:35,400 [INFO]    ℹ️ 변동 사항 없음
2026-04-08 08:53:35,701 [INFO] 🔎 [141] 행정안전부_생활_체육도장업 조회서비스 조회 중...
2026-04-08 08:53:36,132 [INFO]    ... 총 32539건, 66 페이지 처리 시작 (Workers: 10)
2026-04-08 08:53:37,313 [INFO]       ... 1/66 페이지 진행 중...
2026-04-08 08:53:39,591 [INFO]       ... 41/66 페이지 진행 중...
2026-04-08 08:53:40,301 [INFO]    ✅ 120건 저장 완료
2026-04-08 08:53:40,602 [INFO] 🔎 [142] 행정안전부_생활_목욕장업 조회서비스 조회 중...
2026-04-08 08:53:41,159 [INFO]    ... 총 17707건, 36 페이지 처리 시작 (Workers: 10)
2026-04-08 08:53:42,401 [INFO]       ... 1/36 페이지 진행 중...
2026-04-08 08:53:43,629 [INFO]    ✅ 1건 저장 완료
2026-04-08 08:53:43,930 [INFO] 🔎 [143] 행정안전부_자원환경_목재수입유통업 조회서비스 조회 중...
2026-04-08 08:53:44,459 [INFO]    ... 총 3401건, 7 페이지 처리 시작 (Workers: 10)
2026-04-08 08:53:45,373 [INFO]       ... 1/7 페이지 진행 중...
2026-04-08 08:53:45,374 [INFO]    ℹ️ 변동 사항 없음
2026-04-08 08:53:45,675 [INFO] 🔎 [144] 행정안전부_자원환경_원목생산업 조회서비스 조회 중...
2026-04-08 08:53:46,223 [INFO]    ... 총 3582건, 8 페이지 처리 시작 (Workers: 10)
2026-04-08 08:53:47,032 [INFO]       ... 1/8 페이지 진행 중...
2026-04-08 08:53:47,033 [INFO]    ℹ️ 변동 사항 없음
2026-04-08 08:53:47,333 [INFO] 🔎 [145] 행정안전부_자원환경_제재업 조회서비스 조회 중...
2026-04-08 08:53:47,995 [INFO]    ... 총 2843건, 6 페이지 처리 시작 (Workers: 10)
2026-04-08 08:53:48,770 [INFO]       ... 1/6 페이지 진행 중...
2026-04-08 08:53:48,771 [INFO]    ℹ️ 변동 사항 없음
2026-04-08 08:53:49,071 [INFO] 🔎 [146] 행정안전부_자원환경_계량기수리업 조회서비스 조회 중...
2026-04-08 08:53:49,595 [INFO]    ... 총 1155건, 3 페이지 처리 시작 (Workers: 10)
2026-04-08 08:53:50,265 [INFO]       ... 1/3 페이지 진행 중...
2026-04-08 08:53:50,265 [INFO]    ℹ️ 변동 사항 없음
2026-04-08 08:53:50,566 [INFO] 🔎 [147] 행정안전부_자원환경_계량기수입업 조회서비스 조회 중...
2026-04-08 08:53:51,745 [INFO]    ... 총 348건, 1 페이지 처리 시작 (Workers: 10)
2026-04-08 08:53:52,340 [INFO]       ... 1/1 페이지 진행 중...
2026-04-08 08:53:52,341 [INFO]    ℹ️ 변동 사항 없음
2026-04-08 08:53:52,642 [INFO] 🔎 [148] 행정안전부_자원환경_계량기제조업 조회서비스 조회 중...
2026-04-08 08:53:53,610 [INFO]    ... 총 942건, 2 페이지 처리 시작 (Workers: 10)
2026-04-08 08:53:54,958 [INFO]       ... 1/2 페이지 진행 중...
2026-04-08 08:53:54,959 [INFO]    ℹ️ 변동 사항 없음
2026-04-08 08:53:55,260 [INFO] 🔎 [149] 행정안전부_자원환경_계량기증명업 조회서비스 조회 중...
2026-04-08 08:53:55,707 [INFO]    ... 총 3304건, 7 페이지 처리 시작 (Workers: 10)
2026-04-08 08:53:56,537 [INFO]       ... 1/7 페이지 진행 중...
2026-04-08 08:53:56,537 [INFO]    ℹ️ 변동 사항 없음
2026-04-08 08:53:56,838 [INFO] 🔎 [150] 행정안전부_자원환경_고압가스업 조회서비스 조회 중...
2026-04-08 08:53:57,366 [INFO]    ... 총 29767건, 60 페이지 처리 시작 (Workers: 10)
2026-04-08 08:53:58,745 [INFO]       ... 1/60 페이지 진행 중...
2026-04-08 08:54:02,005 [INFO]       ... 41/60 페이지 진행 중...
2026-04-08 08:54:02,007 [INFO]    ✅ 13건 저장 완료
2026-04-08 08:54:02,308 [INFO] 🔎 [151] 행정안전부_자원환경_석연탄제조업 조회서비스 조회 중...
2026-04-08 08:54:03,252 [INFO]    ... 총 69건, 1 페이지 처리 시작 (Workers: 10)
2026-04-08 08:54:03,494 [INFO]       ... 1/1 페이지 진행 중...
2026-04-08 08:54:03,495 [INFO]    ℹ️ 변동 사항 없음
2026-04-08 08:54:03,796 [INFO] 🔎 [152] 행정안전부_자원환경_석유및석유대체연료판매업체 조회서비스 조회 중...
2026-04-08 08:54:04,243 [INFO]    ... 총 2702건, 6 페이지 처리 시작 (Workers: 10)
2026-04-08 08:54:05,069 [INFO]       ... 1/6 페이지 진행 중...
2026-04-08 08:54:05,070 [INFO]    ℹ️ 변동 사항 없음
2026-04-08 08:54:05,370 [INFO] 🔎 [153] 행정안전부_자원환경_석유판매업 조회서비스 조회 중...
2026-04-08 08:54:06,083 [INFO]    ... 총 29594건, 60 페이지 처리 시작 (Workers: 10)
2026-04-08 08:54:07,444 [INFO]       ... 1/60 페이지 진행 중...
2026-04-08 08:54:10,829 [INFO]       ... 41/60 페이지 진행 중...
2026-04-08 08:54:10,830 [INFO]    ℹ️ 변동 사항 없음
2026-04-08 08:54:11,130 [INFO] 🔎 [154] 행정안전부_자원환경_액화석유가스용품제조업체 조회서비스 조회 중...
2026-04-08 08:54:11,740 [INFO]    ... 총 880건, 2 페이지 처리 시작 (Workers: 10)
2026-04-08 08:54:12,371 [INFO]       ... 1/2 페이지 진행 중...
2026-04-08 08:54:12,372 [INFO]    ℹ️ 변동 사항 없음
2026-04-08 08:54:12,673 [INFO] 🔎 [155] 행정안전부_자원환경_일반도시가스업체 조회서비스 조회 중...
2026-04-08 08:54:13,093 [INFO]    ... 총 86건, 1 페이지 처리 시작 (Workers: 10)
2026-04-08 08:54:13,325 [INFO]       ... 1/1 페이지 진행 중...
2026-04-08 08:54:13,326 [INFO]    ℹ️ 변동 사항 없음
2026-04-08 08:54:13,627 [INFO] 🔎 [156] 행정안전부_자원환경_전력기술감리업체 조회서비스 조회 중...
2026-04-08 08:54:14,300 [INFO]    ... 총 2267건, 5 페이지 처리 시작 (Workers: 10)
2026-04-08 08:54:15,108 [INFO]       ... 1/5 페이지 진행 중...
2026-04-08 08:54:15,109 [INFO]    ℹ️ 변동 사항 없음
2026-04-08 08:54:15,409 [INFO] 🔎 [157] 행정안전부_자원환경_전력기술설계업체 조회서비스 조회 중...
2026-04-08 08:54:15,858 [INFO]    ... 총 1622건, 4 페이지 처리 시작 (Workers: 10)
2026-04-08 08:54:17,016 [INFO]       ... 1/4 페이지 진행 중...
2026-04-08 08:54:17,017 [INFO]    ℹ️ 변동 사항 없음
2026-04-08 08:54:17,318 [INFO] 🔎 [158] 행정안전부_자원환경_특정고압가스업 조회서비스 조회 중...
2026-04-08 08:54:17,848 [INFO]    ... 총 11111건, 23 페이지 처리 시작 (Workers: 10)
2026-04-08 08:54:19,736 [INFO]       ... 1/23 페이지 진행 중...
2026-04-08 08:54:20,601 [INFO]    ℹ️ 변동 사항 없음
2026-04-08 08:54:20,902 [INFO] 🔎 [159] 행정안전부_자원환경_지하수시공업체 조회서비스 조회 중...
2026-04-08 08:54:21,597 [INFO]    ... 총 6464건, 13 페이지 처리 시작 (Workers: 10)
2026-04-08 08:54:22,752 [INFO]       ... 1/13 페이지 진행 중...
2026-04-08 08:54:22,753 [INFO]    ℹ️ 변동 사항 없음
2026-04-08 08:54:23,054 [INFO] 🔎 [160] 행정안전부_자원환경_지하수영향조사기관 조회서비스 조회 중...
2026-04-08 08:54:23,581 [INFO]    ... 총 1569건, 4 페이지 처리 시작 (Workers: 10)
2026-04-08 08:54:24,590 [INFO]       ... 1/4 페이지 진행 중...
2026-04-08 08:54:24,591 [INFO]    ℹ️ 변동 사항 없음
2026-04-08 08:54:24,892 [INFO] 🔎 [161] 행정안전부_자원환경_지하수정화업체 조회서비스 조회 중...
2026-04-08 08:54:25,323 [INFO]    ... 총 182건, 1 페이지 처리 시작 (Workers: 10)
2026-04-08 08:54:25,693 [INFO]       ... 1/1 페이지 진행 중...
2026-04-08 08:54:25,694 [INFO]    ℹ️ 변동 사항 없음
2026-04-08 08:54:25,995 [INFO] 🔎 [162] 행정안전부_자원환경_가축분뇨수집운반업 조회서비스 조회 중...
2026-04-08 08:54:26,421 [INFO]    ... 총 816건, 2 페이지 처리 시작 (Workers: 10)
2026-04-08 08:54:27,028 [INFO]       ... 1/2 페이지 진행 중...
2026-04-08 08:54:27,029 [INFO]    ℹ️ 변동 사항 없음
2026-04-08 08:54:27,330 [INFO] 🔎 [163] 행정안전부_자원환경_가축분뇨배출시설관리업(사업장) 조회서비스 조회 중...
2026-04-08 08:54:27,911 [INFO]    ... 총 394건, 1 페이지 처리 시작 (Workers: 10)
2026-04-08 08:54:28,150 [INFO]       ... 1/1 페이지 진행 중...
2026-04-08 08:54:28,150 [INFO]    ℹ️ 변동 사항 없음
2026-04-08 08:54:28,451 [INFO] 🔎 [164] 행정안전부_자원환경_개인하수처리시설관리업(사업장) 조회서비스 조회 중...
2026-04-08 08:54:28,691 [INFO]    ... 총 1935건, 4 페이지 처리 시작 (Workers: 10)
2026-04-08 08:54:29,446 [INFO]       ... 1/4 페이지 진행 중...
2026-04-08 08:54:29,447 [INFO]    ℹ️ 변동 사항 없음
2026-04-08 08:54:29,748 [INFO] 🔎 [165] 행정안전부_자원환경_건물위생관리업 조회서비스 조회 중...
2026-04-08 08:54:30,860 [INFO]    ... 총 49482건, 99 페이지 처리 시작 (Workers: 10)
2026-04-08 08:54:32,800 [INFO]       ... 1/99 페이지 진행 중...
2026-04-08 08:54:36,594 [INFO]       ... 41/99 페이지 진행 중...
2026-04-08 08:54:41,216 [INFO]       ... 81/99 페이지 진행 중...
2026-04-08 08:54:41,219 [INFO]    ✅ 91건 저장 완료
2026-04-08 08:54:41,520 [INFO] 🔎 [166] 행정안전부_자원환경_건설폐기물처리업 조회서비스 조회 중...
2026-04-08 08:54:41,963 [INFO]    ... 총 5526건, 12 페이지 처리 시작 (Workers: 10)
2026-04-08 08:54:43,608 [INFO]       ... 1/12 페이지 진행 중...
2026-04-08 08:54:43,609 [INFO]    ℹ️ 변동 사항 없음
2026-04-08 08:54:43,910 [INFO] 🔎 [167] 행정안전부_자원환경_급수공사대행업 조회서비스 조회 중...
2026-04-08 08:54:44,444 [INFO]    ... 총 1675건, 4 페이지 처리 시작 (Workers: 10)
2026-04-08 08:54:45,907 [INFO]       ... 1/4 페이지 진행 중...
2026-04-08 08:54:45,908 [INFO]    ℹ️ 변동 사항 없음
2026-04-08 08:54:46,208 [INFO] 🔎 [168] 행정안전부_자원환경_단독정화조 및 오수처리시설설계시공업 조회서비스 조회 중...
2026-04-08 08:54:46,733 [INFO]    ... 총 4858건, 10 페이지 처리 시작 (Workers: 10)
2026-04-08 08:54:47,885 [INFO]       ... 1/10 페이지 진행 중...
2026-04-08 08:54:47,885 [INFO]    ℹ️ 변동 사항 없음
2026-04-08 08:54:48,186 [INFO] 🔎 [169] 행정안전부_자원환경_대기오염물질배출시설설치사업장 조회서비스 조회 중...
2026-04-08 08:54:48,737 [INFO]    ... 총 139144건, 279 페이지 처리 시작 (Workers: 10)
2026-04-08 08:54:50,730 [INFO]       ... 1/279 페이지 진행 중...
2026-04-08 08:54:55,128 [INFO]       ... 41/279 페이지 진행 중...
2026-04-08 08:54:59,512 [INFO]       ... 81/279 페이지 진행 중...
2026-04-08 08:55:06,607 [INFO]       ... 121/279 페이지 진행 중...
2026-04-08 08:55:14,425 [INFO]       ... 161/279 페이지 진행 중...
2026-04-08 08:55:22,590 [INFO]       ... 201/279 페이지 진행 중...
2026-04-08 08:55:30,338 [INFO]       ... 241/279 페이지 진행 중...
2026-04-08 08:55:34,455 [INFO]    ℹ️ 변동 사항 없음
2026-04-08 08:55:34,756 [INFO] 🔎 [170] 행정안전부_자원환경_배출가스전문정비사업자(확인검사대행자) 조회서비스 조회 중...
2026-04-08 08:55:35,189 [INFO]    ... 총 1337건, 3 페이지 처리 시작 (Workers: 10)
2026-04-08 08:55:35,622 [INFO]       ... 1/3 페이지 진행 중...
2026-04-08 08:55:35,622 [INFO]    ℹ️ 변동 사항 없음
2026-04-08 08:55:35,923 [INFO] 🔎 [171] 행정안전부_자원환경_분뇨수집운반업 조회서비스 조회 중...
2026-04-08 08:55:36,352 [INFO]    ... 총 2505건, 6 페이지 처리 시작 (Workers: 10)
2026-04-08 08:55:37,268 [INFO]       ... 1/6 페이지 진행 중...
2026-04-08 08:55:37,269 [INFO]    ℹ️ 변동 사항 없음
2026-04-08 08:55:37,570 [INFO] 🔎 [172] 행정안전부_자원환경_소독업 조회서비스 조회 중...
2026-04-08 08:55:38,109 [INFO]    ... 총 22217건, 45 페이지 처리 시작 (Workers: 10)
2026-04-08 08:55:40,452 [INFO]       ... 1/45 페이지 진행 중...
2026-04-08 08:55:46,590 [INFO]       ... 41/45 페이지 진행 중...
2026-04-08 08:55:46,591 [INFO]    ℹ️ 변동 사항 없음
2026-04-08 08:55:46,891 [INFO] 🔎 [173] 행정안전부_자원환경_수질오염원설치시설(기타) 조회서비스 조회 중...
2026-04-08 08:55:48,608 [INFO]    ... 총 63804건, 128 페이지 처리 시작 (Workers: 10)
2026-04-08 08:55:50,543 [INFO]       ... 1/128 페이지 진행 중...
2026-04-08 08:55:56,790 [INFO]       ... 41/128 페이지 진행 중...
2026-04-08 08:56:02,758 [INFO]       ... 81/128 페이지 진행 중...
2026-04-08 08:56:06,523 [INFO]       ... 121/128 페이지 진행 중...
2026-04-08 08:56:06,531 [INFO]    ✅ 638건 저장 완료
2026-04-08 08:56:06,832 [INFO] 🔎 [174] 행정안전부_자원환경_쓰레기종량제봉투판매업 조회서비스 조회 중...
2026-04-08 08:56:07,266 [INFO]    ... 총 90487건, 181 페이지 처리 시작 (Workers: 10)
2026-04-08 08:56:08,881 [INFO]       ... 1/181 페이지 진행 중...
2026-04-08 08:56:12,444 [INFO]       ... 41/181 페이지 진행 중...
2026-04-08 08:56:16,929 [INFO]       ... 81/181 페이지 진행 중...
2026-04-08 08:56:21,386 [INFO]       ... 121/181 페이지 진행 중...
2026-04-08 08:56:25,838 [INFO]       ... 161/181 페이지 진행 중...
2026-04-08 08:56:26,583 [INFO]    ✅ 10건 저장 완료
2026-04-08 08:56:26,884 [INFO] 🔎 [175] 행정안전부_자원환경_저수조청소업 조회서비스 조회 중...
2026-04-08 08:56:27,320 [INFO]    ... 총 8093건, 17 페이지 처리 시작 (Workers: 10)
2026-04-08 08:56:28,518 [INFO]       ... 1/17 페이지 진행 중...
2026-04-08 08:56:28,519 [INFO]    ℹ️ 변동 사항 없음
2026-04-08 08:56:28,819 [INFO] 🔎 [176] 행정안전부_자원환경_환경관리대행기관 조회서비스 조회 중...
2026-04-08 08:56:29,690 [INFO]    ... 총 2406건, 5 페이지 처리 시작 (Workers: 10)
2026-04-08 08:56:30,957 [INFO]       ... 1/5 페이지 진행 중...
2026-04-08 08:56:30,958 [INFO]    ℹ️ 변동 사항 없음
2026-04-08 08:56:31,259 [INFO] 🔎 [177] 행정안전부_자원환경_환경전문공사업 조회서비스 조회 중...
2026-04-08 08:56:31,732 [INFO]    ... 총 5721건, 12 페이지 처리 시작 (Workers: 10)
2026-04-08 08:56:32,916 [INFO]       ... 1/12 페이지 진행 중...
2026-04-08 08:56:32,916 [INFO]    ℹ️ 변동 사항 없음
2026-04-08 08:56:33,217 [INFO] 🔎 [178] 행정안전부_자원환경_환경측정대행업 조회서비스 조회 중...
2026-04-08 08:56:33,662 [INFO]    ... 총 4225건, 9 페이지 처리 시작 (Workers: 10)
2026-04-08 08:56:35,054 [INFO]       ... 1/9 페이지 진행 중...
2026-04-08 08:56:35,055 [INFO]    ℹ️ 변동 사항 없음
2026-04-08 08:56:35,356 [INFO] 🔎 [179] 행정안전부_자원환경_환경컨설팅회사 조회서비스 조회 중...
2026-04-08 08:56:35,949 [INFO]    ... 총 819건, 2 페이지 처리 시작 (Workers: 10)
2026-04-08 08:56:36,582 [INFO]       ... 1/2 페이지 진행 중...
2026-04-08 08:56:36,582 [INFO]    ℹ️ 변동 사항 없음
2026-04-08 08:56:36,883 [INFO] 🔎 [180] 행정안전부_기타_옥외광고업 조회서비스 조회 중...
2026-04-08 08:56:37,332 [INFO]    ... 총 55949건, 112 페이지 처리 시작 (Workers: 10)
2026-04-08 08:56:38,809 [INFO]       ... 1/112 페이지 진행 중...
2026-04-08 08:56:42,827 [INFO]       ... 41/112 페이지 진행 중...
2026-04-08 08:56:45,175 [WARNING] Retrying (Retry(total=4, connect=None, read=None, redirect=None, status=None)) after connection broken by 'RemoteDisconnected('Remote end closed connection without response')': /1741000/outdoor_advertising_companies/info?serviceKey=DvyS97s%2FWyCWPJjBU7bvoebRE%2B4lxRphMHewhAcQQrGMPT%2F8PcP0bOCO8bTs2b7H25qViKWruSqim57HphOAjA%3D%3D&pageNo=86&numOfRows=500&type=json
2026-04-08 08:56:46,531 [INFO]       ... 81/112 페이지 진행 중...
2026-04-08 08:56:47,926 [INFO]    ℹ️ 변동 사항 없음
2026-04-08 08:56:48,227 [INFO] 🔎 [181] 행정안전부_기타_인쇄사 조회서비스 조회 중...
2026-04-08 08:56:48,766 [INFO]    ... 총 23883건, 48 페이지 처리 시작 (Workers: 10)
2026-04-08 08:56:50,801 [INFO]       ... 1/48 페이지 진행 중...
2026-04-08 08:56:54,607 [INFO]       ... 41/48 페이지 진행 중...
2026-04-08 08:56:54,607 [INFO]    ℹ️ 변동 사항 없음
2026-04-08 08:56:54,908 [INFO] 🔎 [182] 행정안전부_기타_출판사 조회서비스 조회 중...
2026-04-08 08:56:55,992 [INFO]    ... 총 147140건, 295 페이지 처리 시작 (Workers: 10)
2026-04-08 08:56:57,865 [INFO]       ... 1/295 페이지 진행 중...
2026-04-08 08:57:02,126 [INFO]       ... 41/295 페이지 진행 중...
2026-04-08 08:57:06,800 [INFO]       ... 81/295 페이지 진행 중...
2026-04-08 08:57:14,416 [INFO]       ... 121/295 페이지 진행 중...
2026-04-08 08:57:22,152 [INFO]       ... 161/295 페이지 진행 중...
2026-04-08 08:57:28,425 [INFO]       ... 201/295 페이지 진행 중...
2026-04-08 08:57:35,995 [INFO]       ... 241/295 페이지 진행 중...
2026-04-08 08:57:42,694 [INFO]       ... 281/295 페이지 진행 중...
2026-04-08 08:57:42,694 [INFO]    ℹ️ 변동 사항 없음
2026-04-08 08:57:42,995 [INFO] 🔎 [183] 행정안전부_기타_담배도매업 조회서비스 조회 중...
2026-04-08 08:57:43,521 [INFO]    ... 총 1850건, 4 페이지 처리 시작 (Workers: 10)
2026-04-08 08:57:44,317 [INFO]       ... 1/4 페이지 진행 중...
2026-04-08 08:57:44,317 [INFO]    ℹ️ 변동 사항 없음
2026-04-08 08:57:44,618 [INFO] 🔎 [184] 행정안전부_기타_담배소매업 조회서비스 조회 중...
2026-04-08 08:57:45,566 [INFO]    ... 총 652430건, 1305 페이지 처리 시작 (Workers: 10)
2026-04-08 08:57:47,828 [INFO]       ... 1/1305 페이지 진행 중...
2026-04-08 08:57:51,725 [INFO]       ... 41/1305 페이지 진행 중...
2026-04-08 08:57:55,634 [INFO]       ... 81/1305 페이지 진행 중...
2026-04-08 08:57:59,384 [INFO]       ... 121/1305 페이지 진행 중...
2026-04-08 08:58:05,859 [INFO]       ... 161/1305 페이지 진행 중...
2026-04-08 08:58:11,404 [INFO]       ... 201/1305 페이지 진행 중...
2026-04-08 08:58:18,453 [INFO]       ... 241/1305 페이지 진행 중...
2026-04-08 08:58:24,498 [INFO]       ... 281/1305 페이지 진행 중...
2026-04-08 08:58:31,035 [INFO]       ... 321/1305 페이지 진행 중...
2026-04-08 08:58:38,584 [INFO]       ... 361/1305 페이지 진행 중...
2026-04-08 08:58:46,587 [INFO]       ... 401/1305 페이지 진행 중...
2026-04-08 08:58:54,941 [INFO]       ... 441/1305 페이지 진행 중...
2026-04-08 08:59:03,674 [INFO]       ... 481/1305 페이지 진행 중...
2026-04-08 08:59:12,528 [INFO]       ... 521/1305 페이지 진행 중...
2026-04-08 08:59:21,630 [INFO]       ... 561/1305 페이지 진행 중...
2026-04-08 08:59:31,381 [INFO]       ... 601/1305 페이지 진행 중...
2026-04-08 08:59:41,930 [INFO]       ... 641/1305 페이지 진행 중...
2026-04-08 08:59:52,536 [INFO]       ... 681/1305 페이지 진행 중...
2026-04-08 09:00:07,790 [INFO]       ... 721/1305 페이지 진행 중...
2026-04-08 09:00:25,859 [INFO]       ... 761/1305 페이지 진행 중...
2026-04-08 09:00:38,912 [INFO]       ... 801/1305 페이지 진행 중...
2026-04-08 09:00:53,699 [INFO]       ... 841/1305 페이지 진행 중...
2026-04-08 09:01:09,297 [INFO]       ... 881/1305 페이지 진행 중...
2026-04-08 09:01:24,341 [INFO]       ... 921/1305 페이지 진행 중...
2026-04-08 09:01:40,172 [INFO]       ... 961/1305 페이지 진행 중...
2026-04-08 09:01:56,799 [INFO]       ... 1001/1305 페이지 진행 중...
2026-04-08 09:02:13,403 [INFO]       ... 1041/1305 페이지 진행 중...
2026-04-08 09:02:28,801 [INFO]       ... 1081/1305 페이지 진행 중...
2026-04-08 09:02:44,999 [INFO]       ... 1121/1305 페이지 진행 중...
2026-04-08 09:03:01,017 [INFO]       ... 1161/1305 페이지 진행 중...
2026-04-08 09:03:18,307 [INFO]       ... 1201/1305 페이지 진행 중...
2026-04-08 09:03:35,517 [INFO]       ... 1241/1305 페이지 진행 중...
2026-04-08 09:03:49,853 [WARNING] Retrying (Retry(total=4, connect=None, read=None, redirect=None, status=None)) after connection broken by 'RemoteDisconnected('Remote end closed connection without response')': /1741000/tobacco_retailers/info?serviceKey=DvyS97s%2FWyCWPJjBU7bvoebRE%2B4lxRphMHewhAcQQrGMPT%2F8PcP0bOCO8bTs2b7H25qViKWruSqim57HphOAjA%3D%3D&pageNo=1300&numOfRows=500&type=json
2026-04-08 09:03:54,421 [INFO]       ... 1281/1305 페이지 진행 중...
2026-04-08 09:03:57,745 [INFO]    ℹ️ 변동 사항 없음
2026-04-08 09:03:58,046 [INFO] 🔎 [185] 행정안전부_기타_담배수입판매업체 조회서비스 조회 중...
2026-04-08 09:03:58,500 [INFO]    ... 총 726건, 2 페이지 처리 시작 (Workers: 10)
2026-04-08 09:03:59,316 [INFO]       ... 1/2 페이지 진행 중...
2026-04-08 09:03:59,317 [INFO]    ℹ️ 변동 사항 없음
2026-04-08 09:03:59,617 [INFO] 🔎 [186] 행정안전부_기타_국제물류주선업 조회서비스 조회 중...
2026-04-08 09:04:00,234 [INFO]    ... 총 3062건, 7 페이지 처리 시작 (Workers: 10)
2026-04-08 09:04:01,011 [INFO]       ... 1/7 페이지 진행 중...
2026-04-08 09:04:01,011 [INFO]    ℹ️ 변동 사항 없음
2026-04-08 09:04:01,312 [INFO] 🔎 [187] 행정안전부_기타_물류창고업체 조회서비스 조회 중...
2026-04-08 09:04:01,879 [INFO]    ... 총 3555건, 8 페이지 처리 시작 (Workers: 10)
2026-04-08 09:04:02,749 [INFO]       ... 1/8 페이지 진행 중...
2026-04-08 09:04:02,750 [INFO]    ℹ️ 변동 사항 없음
2026-04-08 09:04:03,051 [INFO] 🔎 [188] 행정안전부_기타_민방위급수시설 조회서비스 조회 중...
2026-04-08 09:04:03,483 [INFO]    ... 총 10966건, 22 페이지 처리 시작 (Workers: 10)
2026-04-08 09:04:05,694 [INFO]       ... 1/22 페이지 진행 중...
2026-04-08 09:04:06,156 [INFO]    ℹ️ 변동 사항 없음
2026-04-08 09:04:06,457 [INFO] 🔎 [189] 행정안전부_기타_상조업 조회서비스 조회 중...
2026-04-08 09:04:06,894 [INFO]    ... 총 413건, 1 페이지 처리 시작 (Workers: 10)
2026-04-08 09:04:07,284 [INFO]       ... 1/1 페이지 진행 중...
2026-04-08 09:04:07,285 [INFO]    ℹ️ 변동 사항 없음
2026-04-08 09:04:07,586 [INFO] 🔎 [190] 행정안전부_기타_승강기유지관리업체 조회서비스 조회 중...
2026-04-08 09:04:08,860 [INFO]    ... 총 1701건, 4 페이지 처리 시작 (Workers: 10)
2026-04-08 09:04:09,675 [INFO]       ... 1/4 페이지 진행 중...
2026-04-08 09:04:09,676 [INFO]    ℹ️ 변동 사항 없음
2026-04-08 09:04:09,977 [INFO] 🔎 [191] 행정안전부_기타_승강기제조및수입업체 조회서비스 조회 중...
2026-04-08 09:04:10,542 [INFO]    ... 총 490건, 1 페이지 처리 시작 (Workers: 10)
2026-04-08 09:04:11,214 [INFO]       ... 1/1 페이지 진행 중...
2026-04-08 09:04:11,214 [INFO]    ℹ️ 변동 사항 없음
2026-04-08 09:04:11,515 [INFO] 🔎 [192] 행정안전부_기타_요양보호사교육기관 조회서비스 조회 중...
2026-04-08 09:04:12,048 [INFO]    ... 총 2695건, 6 페이지 처리 시작 (Workers: 10)
2026-04-08 09:04:12,740 [INFO]       ... 1/6 페이지 진행 중...
2026-04-08 09:04:12,741 [INFO]    ℹ️ 변동 사항 없음
2026-04-08 09:04:13,041 [INFO] 🔎 [193] 행정안전부_기타_장례지도사 교육기관 조회서비스 조회 중...
2026-04-08 09:04:13,477 [INFO]    ... 총 205건, 1 페이지 처리 시작 (Workers: 10)
2026-04-08 09:04:13,716 [INFO]       ... 1/1 페이지 진행 중...
2026-04-08 09:04:13,717 [INFO]    ℹ️ 변동 사항 없음
2026-04-08 09:04:14,018 [INFO] 🔎 [194] 행정안전부_기타_무료직업소개소 조회서비스 조회 중...
2026-04-08 09:04:14,263 [INFO]    ... 총 2882건, 6 페이지 처리 시작 (Workers: 10)
2026-04-08 09:04:15,067 [INFO]       ... 1/6 페이지 진행 중...
2026-04-08 09:04:15,067 [INFO]    ℹ️ 변동 사항 없음
2026-04-08 09:04:15,368 [INFO] 🔎 [195] 행정안전부_기타_유료직업소개소 조회서비스 조회 중...
2026-04-08 09:04:16,699 [INFO]    ... 총 59133건, 119 페이지 처리 시작 (Workers: 10)
2026-04-08 09:04:18,344 [INFO]       ... 1/119 페이지 진행 중...
2026-04-08 09:04:22,844 [INFO]       ... 41/119 페이지 진행 중...
2026-04-08 09:04:26,442 [INFO]       ... 81/119 페이지 진행 중...
2026-04-08 09:04:28,239 [INFO]    ℹ️ 변동 사항 없음
2026-04-08 09:04:28,540 [INFO] 📦 결과물 압축 중... (LOCALDATA_DAILY_20260405.zip)
2026-04-08 09:04:28,553 [INFO] ✨ 최종 압축 완료: /home/runner/work/field-sales-assistant/field-sales-assistant/data/LOCALDATA_DAILY_20260405.zip
2026-04-08 09:04:28,553 [INFO] 🏁 작업 종료.
