영업장주변구분명,건물소유구분명,사업장명,업태구분명,폐업일자,좌표X,좌표Y,데이터갱신시점,데이터갱신구분,상세영업상태코드,상세영업상태명,시설총규모,공장사무직직원수,공장생산직직원수,공장판매직직원수,여성종사자수,등급구분명,보증액,본사직원수,홈페이지,최종수정시점,인허가일자,소재지면적,소재지우편번호,지번주소,다중이용업소여부,남성종사자수,관리번호,월세액,개방자치단체코드,도로명주소,도로명우편번호,영업상태구분코드,영업상태명,위생업태명,소재지전화번호,전통업소지정번호,전통업소주된음식,급수시설구분명
,임대,(주)본떼르,유통전문판매업,2025-12-17,201293.629904156,449020.99075508,2026-05-03 22:38:35,I,02,폐업,0,,,,,,,,,2025-12-17 16:12:53,2011-08-05,1.58,133-840,서울특별시 성동구 옥수동 314-11,N,,3030000-113-2011-00007,,3030000,"서울특별시 성동구 한림말3길 28, 2층 (옥수동)",04735,03,폐업,유통전문판매업,,,,
,자가,마음머금,유통전문판매업,2026-01-23,204287.426463329,448770.592460467,2026-05-03 22:38:46,I,02,폐업,0,,,,,,,,,2026-01-23 15:23:18,2021-05-13,1.65,133-819,서울특별시 성동구 성수동1가 72-87,N,,3030000-113-2021-00026,,3030000,"서울특별시 성동구 뚝섬로3길 11-5, 4층 402호 (성수동1가)",04780,03,폐업,유통전문판매업,,,,
,자가,아러바우트,유통전문판매업,2026-01-23,204878.106745027,449093.326405651,2026-05-03 22:38:47,I,02,폐업,0,,,,,,,,,2026-01-23 15:24:14,2021-06-25,148.00,133-835,서울특별시 성동구 성수동2가 315-97 성광빌딩,N,,3030000-113-2021-00033,,3030000,"서울특별시 성동구 아차산로 110, 2층 203호 (성수동2가)",04782,03,폐업,유통전문판매업,070-8827-5994,,,
,자가,주식회사 제이디아이디어스마켓,유통전문판매업,2026-01-23,205527.887051222,451002.807624223,2026-05-03 22:38:48,I,02,폐업,0,0,0,0,,,,0,,2026-01-23 15:24:50,2021-12-01,.00,133-850,서울특별시 성동구 용답동 232-1 신창비바패밀리,N,,3030000-113-2021-00059,,3030000,"서울특별시 성동구 천호대로 400, 11층 1105호 (용답동, 신창비바패밀리)",04808,03,폐업,유통전문판매업,070-8842-1111,,,
,자가,그대로 괜찮은 쿠키,유통전문판매업,2026-01-26,203053.350637549,451286.714895706,2026-05-03 22:38:51,I,02,폐업,0,,,,,,,,,2026-01-26 16:59:37,2023-01-17,3.00,133-882,서울특별시 성동구 도선동 70 창성빌딩,N,,3030000-113-2023-00002,,3030000,"서울특별시 성동구 왕십리로24나길 20, 창성빌딩 2층 219호 (도선동)",04709,03,폐업,유통전문판매업,,,,
,자가,클리어디어,유통전문판매업,2025-12-30,203911.513091074,448508.756036449,2026-05-03 22:38:51,I,02,폐업,0,,,,,,,,,2025-12-30 14:05:43,2023-02-09,35.44,133-923,서울특별시 성동구 성수동1가 718 트리마제,N,,3030000-113-2023-00006,,3030000,"서울특별시 성동구 왕십리로 16, 103동 2층 205호 (성수동1가, 트리마제)",04773,03,폐업,유통전문판매업,,,,
,임대,주식회사 엔터박스,유통전문판매업,2025-12-22,205073.47604441,448797.51637505,2026-05-03 22:38:51,I,02,폐업,0,,,,,,,,,2025-12-22 09:32:22,2023-05-04,16.50,133-831,서울특별시 성동구 성수동2가 271-11 상상플래닛,N,,3030000-113-2023-00017,,3030000,"서울특별시 성동구 뚝섬로13길 38, 상상플래닛 6층 606호 (성수동2가)",04785,03,폐업,유통전문판매업,,,,
,자가,런치랩,유통전문판매업,2026-01-08,204895.642528327,448701.40145153,2026-05-03 22:38:52,I,02,폐업,0,,,,,,,,,2026-01-08 09:38:21,2023-05-25,82.80,133-827,서울특별시 성동구 성수동2가 323 서울숲 드림타워,N,,3030000-113-2023-00021,,3030000,"서울특별시 성동구 성수이로 66, 서울숲 드림타워 지1층 B109호 (성수동2가)",04784,03,폐업,유통전문판매업,070-8811-0102,,,
,임대,쌍떼365,유통전문판매업,2026-01-05,203561.378699177,450439.294711473,2026-05-03 22:38:39,I,02,폐업,0,,,,,,,,,2026-01-05 15:39:40,2015-07-23,14.74,133-862,서울특별시 성동구 행당동 70-6,N,,3030000-113-2015-00012,,3030000,"서울특별시 성동구 살곶이길 346, 3층 303호 (행당동)",04764,03,폐업,유통전문판매업,02-6338-8594,,,
,자가,(주)조선호텔앤리조트김치,유통전문판매업,2026-01-14,205197.247681516,448985.06747453,2026-05-03 22:38:39,I,02,폐업,0,,,,,,,,,2026-01-14 10:45:15,2016-11-22,11.55,133-831,서울특별시 성동구 성수동2가 273-15,N,,3030000-113-2016-00012,,3030000,"서울특별시 성동구 아차산로 144, 1층 103호 (성수동2가, 우영테크노센터)",04783,03,폐업,유통전문판매업,02-461-1579,,,
,자가,쓰리케이유통,유통전문판매업,2026-01-23,204344.153805032,448527.9260926,2026-05-03 22:38:42,I,02,폐업,0,,,,,,,,,2026-01-23 15:21:50,2019-12-11,35.00,133-819,서울특별시 성동구 성수동1가 272,N,,3030000-113-2019-00036,,3030000,"서울특별시 성동구 성덕정9길 10, 1층 (성수동1가)",04775,03,폐업,유통전문판매업,,,,
,자가,한국인삼(KOREA GINSENG),유통전문판매업,2025-12-29,203017.021457357,451346.281102634,2026-05-03 22:38:44,I,02,폐업,0,,,,,,,,,2025-12-29 13:00:26,2020-05-19,21.56,133-882,서울특별시 성동구 도선동 69 성동삼성쉐르빌,N,,3030000-113-2020-00018,,3030000,"서울특별시 성동구 무학로6길 50, 101동 1층 133호 (도선동, 성동삼성쉐르빌)",04709,03,폐업,유통전문판매업,,,,
,자가,맛차차,유통전문판매업,2026-01-23,203520.351688406,449396.290427768,2026-05-03 22:38:44,I,02,폐업,0,,,,,,,,,2026-01-23 15:22:27,2020-11-13,4.00,133-825,서울특별시 성동구 성수동1가 685-450,N,,3030000-113-2020-00045,,3030000,"서울특별시 성동구 서울숲2길 18-11, 1층 (성수동1가)",04768,03,폐업,유통전문판매업,,,,
,자가,스쿼럴,유통전문판매업,2025-12-22,202277.937068105,449393.800969153,2026-05-03 22:38:56,I,02,폐업,0,,,,,,,,,2025-12-22 12:52:59,2024-12-20,6.60,133-094,서울특별시 성동구 금호동4가 1553 힐스테이트 서울숲리버,N,,3030000-113-2024-00060,,3030000,"서울특별시 성동구 독서당로 344, 상가동 지1층 30호 (금호동4가, 힐스테이트 서울숲리버)",04743,03,폐업,유통전문판매업,,,,
,자가,우주상사,유통전문판매업,2025-12-30,204481.098687431,451174.365026424,2026-05-03 22:38:56,I,02,폐업,0,,,,,,,,,2025-12-30 16:33:11,2024-05-30,10.00,133-848,서울특별시 성동구 용답동 51-5,N,,3030000-113-2024-00065,,3030000,"서울특별시 성동구 용답19길 3-1, 2층 B-21호 (용답동)",04804,03,폐업,유통전문판매업,,,,
,자가,주식회사 동아글로벌,유통전문판매업,2026-01-05,203561.378699177,450439.294711473,2026-05-03 22:38:55,I,02,폐업,0,,,,,,,,,2026-01-05 15:42:41,2024-11-26,66.00,133-862,서울특별시 성동구 행당동 70-6,N,,3030000-113-2024-00054,,3030000,"서울특별시 성동구 살곶이길 346, 3층 302호 (행당동)",04764,03,폐업,유통전문판매업,,,,
주택가주변,,대원제약(주),유통전문판매업,,205387.275608249,451027.636797935,2026-05-03 22:38:30,I,01,영업,0,0,0,0,0,기타,,0,,2024-03-20 11:50:23,1999-10-08,30.00,133-850,서울특별시 성동구 용답동 229-3,N,0,3030000-113-1999-00627,,3030000,"서울특별시 성동구 천호대로 386, 3층 (용답동)",04808,01,영업/정상,유통전문판매업,02-2204-7067,,,
,,(주)기정인터내셔날,유통전문판매업,,204522.096092445,448925.421926728,2026-05-03 22:38:30,I,01,영업,0,0,0,0,,,,0,,2022-04-21 10:55:12,2000-02-16,144.00,133-827,서울특별시 성동구 성수동2가 308-4 서울숲코오롱디지털타워,N,,3030000-113-2000-00752,,3030000,"서울특별시 성동구 성수일로4길 25, 서울숲코오롱디지털타워 2층 202호 (성수동2가)",04781,01,영업/정상,유통전문판매업,02-583-7471,,,
,자가,(주)이앤에프메딕스,유통전문판매업,,203887.185047227,449860.057407228,2026-05-03 22:38:32,I,01,영업,0,0,0,0,,,0,0,,2019-02-21 16:35:44,2004-10-05,98.04,133-825,서울특별시 성동구 성수동1가 671-6,N,,3030000-113-2004-00012,0,3030000,"서울특별시 성동구 광나루로 130, 302호 (성수동1가, 서울숲아이티캐슬)",04788,01,영업/정상,유통전문판매업,02-3445-2282,,,
,,오정상사(주),유통전문판매업,,202326.598295857,451988.812476724,2026-05-03 22:38:33,I,01,영업,0,,,,,,,,,2005-10-17 00:00:00,2005-10-17,,133-854,서울특별시 성동구 하왕십리동 291-10,N,,3030000-113-2005-00003,,3030000,서울특별시 성동구 청계천로 452 (하왕십리동),04702,01,영업/정상,유통전문판매업,02-2293-7883,,,
,자가,(주)신세계푸드,유통전문판매업,,204798.346778805,448669.043360044,2026-05-03 22:38:34,I,01,영업,0,,,,,,,,,2026-04-16 14:57:35,2010-04-14,36.01,133-827,서울특별시 성동구 성수동2가 325-2,N,,3030000-113-2010-00002,,3030000,"서울특별시 성동구 성수이로 51, 지하1층 B110호 (성수동2가, 서울숲한라시그마밸리)",04781,01,영업/정상,유통전문판매업,02-3397-6000,,,
,자가,(주) 한국메디칼푸드,유통전문판매업,,204304.435352975,449241.757151863,2026-05-03 22:38:35,I,01,영업,0,0,0,0,,,,0,,2013-03-08 14:31:00,2011-01-21,42.00,133-822,서울특별시 성동구 성수동1가 16-4 sk테크노빌딩 702호 지상7층,N,,3030000-113-2011-00001,,3030000,"서울특별시 성동구 성수일로 55, 지상7층 702호 (성수동1가, 16-4 sk테크노빌딩)",04779,01,영업/정상,유통전문판매업,02-468-7000,,,
,,(주)다인내추럴,유통전문판매업,,203887.185047227,449860.057407228,2026-05-03 22:38:35,I,01,영업,0,,,,,,,,,2021-04-14 10:44:43,2011-01-26,16.27,133-825,서울특별시 성동구 성수동1가 671-6 서울숲IT캐슬,N,,3030000-113-2011-00009,,3030000,"서울특별시 성동구 광나루로 130, 지하3층 B303호 (성수동1가)",04788,01,영업/정상,유통전문판매업,041-575-1599,,,
,자가,(주)나베에스앤에프,유통전문판매업,,200951.206580662,449000.920061846,2026-05-03 22:38:36,I,01,영업,0,,,,,,,,,2022-09-01 10:57:54,2012-02-24,70.00,133-844,서울특별시 성동구 옥수동 428 극동상가 503호,N,,3030000-113-2012-00002,,3030000,"서울특별시 성동구 독서당로 187, 503호 (옥수동, 옥수동 428 극동상가 )",04732,01,영업/정상,유통전문판매업,02-2293-0717,,,
,임대,(주)고미하우스,유통전문판매업,,204824.574210593,448450.76619243,2026-05-03 22:38:37,I,01,영업,0,0,0,0,,,,0,,2025-12-30 11:08:17,2012-11-20,40.00,133-827,서울특별시 성동구 성수동2가 331-243,N,,3030000-113-2012-00014,,3030000,"서울특별시 성동구 성덕정17길 12, 401호 (성수동2가)",04776,01,영업/정상,유통전문판매업,02-336-6665,,,
,자가,비젼스타,유통전문판매업,,202113.869605464,451897.581865192,2026-05-03 22:38:46,I,01,영업,0,,,,,,,,,2021-04-28 09:58:38,2021-04-28,26.93,133-010,서울특별시 성동구 상왕십리동 811 텐즈힐,N,,3030000-113-2021-00022,,3030000,"서울특별시 성동구 마장로 137, 402동 2층 212호 (상왕십리동, 텐즈힐)",04700,01,영업/정상,유통전문판매업,,,,
,자가,해처리,유통전문판매업,,203808.758780095,449612.381770941,2026-05-03 22:38:46,I,01,영업,0,,,,,,,,,2021-04-30 12:55:38,2021-04-28,5.00,133-823,서울특별시 성동구 성수동1가 656-292 KD타워,N,,3030000-113-2021-00023,,3030000,"서울특별시 성동구 왕십리로 125, 5층 513호 (성수동1가)",04766,01,영업/정상,유통전문판매업,,,,
,자가,청록바이오,유통전문판매업,,204435.871170342,449810.174315763,2026-05-03 22:38:46,I,01,영업,0,,,,,,,,,2022-08-08 14:58:32,2021-05-03,31.80,133-822,서울특별시 성동구 성수동1가 13-12 이에스에이리버하우스,N,,3030000-113-2021-00024,,3030000,"서울특별시 성동구 광나루로 190, 이에스에이리버하우스 에이동 3층 308호 (성수동1가)",04791,01,영업/정상,유통전문판매업,,,,
,자가,(주)미래셀바이오,유통전문판매업,,205013.206755565,449538.234799943,2026-05-03 22:38:46,I,01,영업,0,,,,,,,,,2021-05-06 13:52:47,2021-05-06,74.62,133-834,서울특별시 성동구 성수동2가 289-319 아이에스비즈타워,N,,3030000-113-2021-00025,,3030000,"서울특별시 성동구 성수이로 147, 15층 1502호 (성수동2가)",04795,01,영업/정상,유통전문판매업,02-457-8759,,,
,임대,(주)빅케터스,유통전문판매업,,204928.592781023,448351.381425678,2026-05-03 22:38:46,I,01,영업,0,,,,,,,,,2021-05-24 15:08:01,2021-04-26,50.73,133-829,서울특별시 성동구 성수동2가 572-3,N,,3030000-113-2021-00027,,3030000,"서울특별시 성동구 성덕정19길 12, 1층 (성수동2가)",04776,01,영업/정상,유통전문판매업,070-4352-4422,,,
,자가,주식회사 이에이치글로벌,유통전문판매업,,205014.436191811,448961.208329966,2026-05-03 22:38:46,I,01,영업,0,,,,,,,,,2025-02-06 14:05:31,2021-06-21,4.95,133-831,서울특별시 성동구 성수동2가 273-61 우리큐브,N,,3030000-113-2021-00031,,3030000,"서울특별시 성동구 연무장11길 10, 우리큐브 2층 R293호 (성수동2가)",04783,01,영업/정상,유통전문판매업,,,,
,자가,주식회사 위메이커스,유통전문판매업,,204167.721292495,449290.778225677,2026-05-03 22:38:47,I,01,영업,0,,,,,,,,,2021-06-25 10:42:47,2021-06-25,3.30,133-924,서울특별시 성동구 성수동1가 656-1572,N,,3030000-113-2021-00034,,3030000,"서울특별시 성동구 상원1길 25, 4층 4285호 (성수동1가)",04779,01,영업/정상,유통전문판매업,,,,
,자가,(주)케르티갤러리,유통전문판매업,,204895.642528327,448701.40145153,2026-05-03 22:38:47,I,01,영업,0,,,,,,,,,2022-08-26 11:27:16,2021-08-11,15.00,133-827,서울특별시 성동구 성수동2가 323 서울숲 드림타워,N,,3030000-113-2021-00040,,3030000,"서울특별시 성동구 성수이로 66, 서울숲 드림타워 108호 (성수동2가)",04784,01,영업/정상,유통전문판매업,02-3409-9233,,,
,임대,미팩토리,유통전문판매업,,205116.298634583,449289.354711172,2026-05-03 22:38:47,I,01,영업,0,0,0,0,,,,0,,2024-12-26 17:25:37,2021-09-02,84.23,133-832,서울특별시 성동구 성수동2가 277-24,N,,3030000-113-2021-00041,,3030000,"서울특별시 성동구 아차산로9길 20, 2층 (성수동2가)",04797,01,영업/정상,유통전문판매업,02-2039-5528,,,
,자가,야호글로벌,유통전문판매업,,201961.299187512,450253.007279651,2026-05-03 22:38:47,I,01,영업,0,0,0,0,,,,0,,2023-11-06 13:18:32,2021-09-09,.00,133-091,서울특별시 성동구 금호동1가 1823 이편한세상금호파크힐스,N,,3030000-113-2021-00042,,3030000,"서울특별시 성동구 금호로 140, 109동 1202호 (금호동1가, 이편한세상금호파크힐스)",04727,01,영업/정상,유통전문판매업,,,,
,임대,주식회사 디에디트미디어,유통전문판매업,,204995.570924122,449146.879714196,2026-05-03 22:38:47,I,01,영업,0,,,,,,,,,2021-09-24 17:25:07,2021-09-24,50.00,133-832,서울특별시 성동구 성수동2가 277-81 보성빌딩,N,,3030000-113-2021-00043,,3030000,"서울특별시 성동구 성수이로 108, 보성빌딩 4층 401호 (성수동2가)",04797,01,영업/정상,유통전문판매업,02-411-1194,,,
,자가,주식회사 테크트리,유통전문판매업,,204213.931288501,449363.057036726,2026-05-03 22:38:47,I,01,영업,0,0,0,0,,,,0,,2023-07-26 15:13:55,2021-09-30,18.48,133-721,서울특별시 성동구 성수동1가 656-766 개풍빌딩,N,,3030000-113-2021-00044,,3030000,"서울특별시 성동구 아차산로 38, 개풍빌딩 3층 303호 (성수동1가)",04779,01,영업/정상,유통전문판매업,070-4699-3203,,,
,임대,(주)준일레븐,유통전문판매업,,202932.381982673,451169.524277434,2026-05-03 22:38:47,I,01,영업,0,,,,,,,,,2025-12-18 15:09:55,2021-10-01,9.90,133-882,서울특별시 성동구 도선동 58-1 세신빌딩,N,,3030000-113-2021-00045,,3030000,"서울특별시 성동구 왕십리로 326, 세신빌딩 6층 R613호 (도선동)",04709,01,영업/정상,유통전문판매업,,,,
,임대,육회바른연어,유통전문판매업,,203086.926717868,451149.392095853,2026-05-03 22:38:47,I,01,영업,0,,,,,,,,,2024-06-14 16:37:47,2021-10-13,230.38,133-882,서울특별시 성동구 도선동 21-1 케이 타워,N,,3030000-113-2021-00046,,3030000,"서울특별시 성동구 고산자로 255, 케이 타워 11층 (도선동)",04709,01,영업/정상,유통전문판매업,,,,
,임대,엘엔엔푸드(LNN Food),유통전문판매업,,201157.877298502,449563.280012747,2026-05-03 22:38:48,I,01,영업,0,,,,,,,,,2021-11-10 16:30:58,2021-11-10,10.50,133-845,서울특별시 성동구 옥수동 528 이편한세상옥수파크힐스,N,,3030000-113-2021-00052,,3030000,"서울특별시 성동구 매봉길 50, 126동 209호 (옥수동, 이편한세상옥수파크힐스)",04731,01,영업/정상,유통전문판매업,,,,
,임대,(주)아룸디앤씨,유통전문판매업,2026-04-06,204966.098616157,449159.452779834,2026-05-03 22:38:48,I,02,폐업,0,,,,,,,,,2026-04-06 14:54:05,2021-11-17,6.00,133-834,서울특별시 성동구 성수동2가 300-1 삼진빌딩,N,,3030000-113-2021-00055,,3030000,"서울특별시 성동구 아차산로 113, 삼진빌딩 8층 879호 (성수동2가)",04794,03,폐업,유통전문판매업,,,,
,자가,한국바이오인더스트리(주),유통전문판매업,,204798.346778805,448669.043360044,2026-05-03 22:38:37,I,01,영업,0,0,0,0,,,,0,,2025-12-11 15:12:34,2013-04-30,88.00,133-827,서울특별시 성동구 성수동2가 325-2 서울숲한라시그마밸리 707호,N,,3030000-113-2013-00003,,3030000,"서울특별시 성동구 성수이로 51, 지상7층 707호 (성수동2가, 서울숲한라시그마밸리)",04781,01,영업/정상,유통전문판매업,02-424-5270,,,
,자가,농업회사법인 청솔식품주식회사,유통전문판매업,,203008.248340004,450602.441034998,2026-05-03 22:38:37,I,01,영업,0,,,,,,,,,2017-05-26 10:24:15,2013-11-22,20.00,133-869,서울특별시 성동구 행당동 320-5,N,,3030000-113-2013-00005,,3030000,"서울특별시 성동구 고산자로6길 27, 1층 (행당동)",04745,01,영업/정상,유통전문판매업,02-2294-4666,,,
,자가,(주)올박스,유통전문판매업,,203887.185047227,449860.057407228,2026-05-03 22:38:38,I,01,영업,0,,,,,,,,,2024-03-28 09:44:57,2013-09-11,152.62,133-825,서울특별시 성동구 성수동1가 671-6 서울숲IT캐슬,N,,3030000-113-2013-00011,,3030000,"서울특별시 성동구 광나루로 130, 서울숲IT캐슬 11층 1101호 (성수동1가)",04788,01,영업/정상,유통전문판매업,,,,
,,(주)녹십자웰빙,유통전문판매업,,203481.628249668,450468.773302861,2026-05-03 22:38:38,I,01,영업,0,0,0,0,,,,0,,2025-12-23 15:10:33,2013-07-03,966.71,133-070,서울특별시 성동구 행당동 377 서울숲 더샵,N,,3030000-113-2013-00012,,3030000,"서울특별시 성동구 왕십리로 241, 201동 상가401호 (행당동, 서울숲 더샵)",04765,01,영업/정상,유통전문판매업,031-698-4300,,,
,자가,(주)카드랜드,유통전문판매업,,203310.401237613,451542.748921419,2026-05-03 22:38:38,I,01,영업,0,,,,,,,,,2014-12-01 17:05:02,2014-02-10,33.40,133-813,서울특별시 성동구 마장동 498-2,N,,3030000-113-2014-00001,,3030000,서울특별시 성동구 마장로 255 (마장동),04755,01,영업/정상,유통전문판매업,02-2281-6000,,,
,자가,주식회사 엠티엠코,유통전문판매업,,205557.941680639,449473.46380541,2026-05-03 22:38:38,I,01,영업,0,,,,,,,,,2015-03-25 16:56:35,2014-12-22,67.53,133-832,서울특별시 성동구 성수동2가 280-15,N,,3030000-113-2014-00005,,3030000,"서울특별시 성동구 광나루로8길 10, 101호 (성수동2가)",04799,01,영업/정상,유통전문판매업,,,,
,임대,미소포유,유통전문판매업,,203543.956458882,450868.869071348,2026-05-03 22:38:38,I,01,영업,0,,,,,,,,,2021-09-09 17:07:35,2014-07-10,3.30,133-871,서울특별시 성동구 행당동 6-2 제일빌딩,N,,3030000-113-2014-00008,,3030000,"서울특별시 성동구 마조로 25, 제일빌딩 3층 (행당동)",04760,01,영업/정상,유통전문판매업,,,,
,자가,(주)카페베네,유통전문판매업,,203341.479448652,451461.526909724,2026-05-03 22:38:38,I,01,영업,0,,,,,,,,,2025-04-02 14:52:58,2014-11-13,33.00,133-815,서울특별시 성동구 마장동 776-3,N,,3030000-113-2014-00011,,3030000,"서울특별시 성동구 마장로 260, 3층 (마장동)",04759,01,영업/정상,유통전문판매업,,,,상수도전용
,임대,블루빈컴퍼니 주식회사,유통전문판매업,,203735.285180314,449345.626351188,2026-05-03 22:38:39,I,01,영업,0,,,,,,,,,2020-12-29 16:53:14,2015-08-17,74.88,133-824,서울특별시 성동구 성수동1가 668-105,N,,3030000-113-2015-00007,,3030000,"서울특별시 성동구 서울숲2길 40, 4층 (성수동1가)",04768,01,영업/정상,유통전문판매업,070-4351-0188,,,상수도전용
,자가,(주)자임트리디에이치에프,유통전문판매업,,204669.766218859,449087.756734084,2026-05-03 22:38:39,I,01,영업,0,0,0,0,,,,0,,2023-09-13 13:43:21,2015-05-06,7.00,133-835,서울특별시 성동구 성수동2가 314-13 성수역 현대테라스타워,N,,3030000-113-2015-00008,,3030000,"서울특별시 성동구 연무장5가길 7, 성수역 현대테라스타워 1층 113호 (성수동2가)",04782,01,영업/정상,유통전문판매업,,,,상수도전용
,자가,(주)이그니스,유통전문판매업,,204764.658079784,449437.628334972,2026-05-03 22:38:39,I,01,영업,0,0,0,0,,,,0,,2025-07-14 14:29:05,2015-03-04,15.00,133-834,서울특별시 성동구 성수동2가 289-20 신한은행,N,,3030000-113-2015-00013,,3030000,"서울특별시 성동구 아차산로7길 21, 4층 63호 (성수동2가)",04793,01,영업/정상,유통전문판매업,,,,
,임대,(주)에스엠브랜드마케팅,유통전문판매업,,203806.203689412,449125.358927876,2026-05-03 22:38:39,I,01,영업,0,0,0,0,,,,0,,2025-07-15 11:26:06,2015-08-13,545.15,133-825,서울특별시 성동구 성수동1가 685-700 아크로 서울포레스트,N,,3030000-113-2015-00014,,3030000,"서울특별시 성동구 왕십리로 83-21, 8층 (성수동1가, 아크로 서울포레스트)",04769,01,영업/정상,유통전문판매업,02-6240-9812,,,
,자가,(주)이마트24,유통전문판매업,,205613.812674726,449514.559150754,2026-05-03 22:38:39,I,01,영업,0,,,,,,,,,2025-07-25 13:40:29,2016-04-22,330.41,133-832,서울특별시 성동구 성수동2가 281-4,N,,3030000-113-2016-00002,,3030000,"서울특별시 성동구 광나루로 310, 4층 (성수동2가)",04799,01,영업/정상,유통전문판매업,02-6916-1410,,,
,자가,(주)대림비앤씨,유통전문판매업,,203194.856417165,451883.867821498,2026-05-03 22:38:39,I,01,영업,0,,,,,,,,,2026-03-05 15:17:51,2016-08-05,135.66,133-814,서울특별시 성동구 마장동 568-17,N,,3030000-113-2016-00010,,3030000,"서울특별시 성동구 무학로14길 66, 3층 (마장동)",04705,01,영업/정상,유통전문판매업,02-2299-2302,,,
,자가,주식회사 휴채움,유통전문판매업,,205614.244466906,449436.909335702,2026-05-03 22:38:37,I,01,영업,0,0,0,0,,,,0,,2024-01-09 17:23:39,2013-04-03,6.21,133-832,서울특별시 성동구 성수동2가 280-13 삼환디지털벤처타워,N,,3030000-113-2013-00002,,3030000,"서울특별시 성동구 아차산로15길 52, 902-1호 (성수동2가)",04799,01,영업/정상,유통전문판매업,02-466-9051,,,
,자가,주식회사 오라틱스,유통전문판매업,,204522.096092445,448925.421926728,2026-05-03 22:38:39,I,01,영업,0,,,,,,,,,2023-02-21 15:39:43,2016-08-16,281.42,133-827,서울특별시 성동구 성수동2가 308-4 서울숲코오롱디지털타워,N,,3030000-113-2016-00014,,3030000,"서울특별시 성동구 성수일로4길 25, 서울숲코오롱디지털타워 1807호,1808호 (성수동2가)",04781,01,영업/정상,유통전문판매업,070-8350-3288,,,
,자가,한국티소믈리에연구원,유통전문판매업,,203994.658040173,449552.049448345,2026-05-03 22:38:39,I,01,영업,0,,,,,,,,,2022-02-24 15:38:31,2016-03-22,19.80,133-924,서울특별시 성동구 성수동1가 656-1110 서울숲 L-Tower 804호,N,,3030000-113-2016-00015,,3030000,"서울특별시 성동구 아차산로 17, 서울숲 L-Tower 8층 804호 (성수동1가)",04789,01,영업/정상,유통전문판매업,02-3446-7676,,,
,자가,(주)보성녹돈,유통전문판매업,,203246.73254331,452126.951366987,2026-05-03 22:38:39,I,01,영업,0,,,,,,,,,2018-12-10 14:25:38,2016-11-23,126.64,133-812,서울특별시 성동구 마장동 470-2,N,,3030000-113-2016-00016,,3030000,"서울특별시 성동구 청계천로12가길 75-15, 5층 (마장동)",04704,01,영업/정상,유통전문판매업,02-3495-0081,,,
,자가,주식회사 더베네푸드,유통전문판매업,,204244.200540577,448783.561480878,2026-05-03 22:38:40,I,01,영업,0,,,,,,,,,2021-10-01 15:03:24,2016-05-24,87.54,133-819,서울특별시 성동구 성수동1가 72-8 서울숲 ITCT 지식산업센터,N,,3030000-113-2016-00018,,3030000,"서울특별시 성동구 성수일로 10, 서울숲 ITCT 지식산업센터 8층 809호 (성수동1가)",04780,01,영업/정상,유통전문판매업,070-4214-8281,,,
,자가,(주)퍼니엠,유통전문판매업,,205266.060664976,449587.73813698,2026-05-03 22:38:40,I,01,영업,0,0,0,0,,,,0,,2025-01-14 14:04:05,2016-07-29,6.00,133-837,서울특별시 성동구 송정동 81-3 세신빌딩,N,,3030000-113-2016-00020,,3030000,"서울특별시 성동구 광나루로 275, 세신빌딩 3층 315-22호 (송정동)",04802,01,영업/정상,유통전문판매업,,,,
,자가,(주)네이처샵,유통전문판매업,,203647.674359289,451283.819278402,2026-05-03 22:38:40,I,01,영업,0,,,,,,,,,2017-02-01 15:47:43,2017-02-01,62.70,133-816,서울특별시 성동구 마장동 796-6,N,,3030000-113-2017-00001,,3030000,"서울특별시 성동구 마조로 64-11, 지하1층 (마장동)",04758,01,영업/정상,유통전문판매업,,,,
,임대,(주)카파니씨,유통전문판매업,,205469.945237209,449396.956794714,2026-05-03 22:38:40,I,01,영업,0,,,,,,,,,2017-04-11 15:56:11,2017-04-11,105.29,133-832,서울특별시 성동구 성수동2가 280-22 2층,N,,3030000-113-2017-00003,,3030000,"서울특별시 성동구 아차산로13길 48, 2층 (성수동2가)",04799,01,영업/정상,유통전문판매업,02-425-6855,,,
,자가,한국벡스팜제약(주),유통전문판매업,,204798.346778805,448669.043360044,2026-05-03 22:38:40,I,01,영업,0,0,0,0,,,,0,,2023-06-21 17:29:57,2017-11-29,10.00,133-827,서울특별시 성동구 성수동2가 325-2 서울숲한라시그마벨리 1201호,N,,3030000-113-2017-00017,,3030000,"서울특별시 성동구 성수이로 51, 1201호 (성수동2가)",04781,01,영업/정상,유통전문판매업,02-3283-7700,,,
,자가,(주)국민상점,유통전문판매업,,204743.677915464,449357.9464135,2026-05-03 22:38:40,I,01,영업,0,,,,,,,,,2024-04-09 15:34:11,2017-11-09,6.60,133-834,서울특별시 성동구 성수동2가 289-21 효정빌딩,N,,3030000-113-2017-00023,,3030000,"서울특별시 성동구 아차산로7길 15-1, 효정빌딩 3층 3015호 (성수동2가)",04793,01,영업/정상,유통전문판매업,02-518-0090,,,
,자가,(주)힛더티,유통전문판매업,,203798.202665145,449471.210774262,2026-05-03 22:38:40,I,01,영업,0,,,,,,,,,2020-05-29 14:30:41,2017-03-24,112.00,133-824,서울특별시 성동구 성수동1가 668-9,N,,3030000-113-2017-00026,,3030000,"서울특별시 성동구 서울숲6길 19, 지하1층 (성수동1가)",04768,01,영업/정상,유통전문판매업,,,,
,자가,(주)더플랜잇,유통전문판매업,2026-03-24,205091.929422044,448880.7143057,2026-05-03 22:38:40,I,02,폐업,0,0,0,0,,,,0,,2026-03-24 16:16:45,2017-03-30,3.20,133-831,서울특별시 성동구 성수동2가 271-5,N,,3030000-113-2017-00027,,3030000,"서울특별시 성동구 연무장13길 8, 지2층 (성수동2가)",04783,03,폐업,유통전문판매업,,,,
,자가,(주)미궁365,유통전문판매업,,204681.508595269,449047.682409248,2026-05-03 22:38:40,I,01,영업,0,0,0,0,,,,0,,2025-10-17 14:06:46,2017-03-03,73.38,133-835,서울특별시 성동구 성수동2가 316-52,N,,3030000-113-2017-00028,,3030000,"서울특별시 성동구 연무장길 37-29, 5층 (성수동2가)",04782,01,영업/정상,유통전문판매업,070-4115-0365,,,
,자가,주식회사 이강,유통전문판매업,,201394.902963818,448845.190861311,2026-05-03 22:38:41,I,01,영업,0,,,,,,,,,2018-06-20 10:37:24,2018-06-20,50.00,133-840,서울특별시 성동구 옥수동 365-17 중앙골프연습장,N,,3030000-113-2018-00013,,3030000,"서울특별시 성동구 한림말3길 8, 지하1층 (옥수동)",04735,01,영업/정상,유통전문판매업,,,,
,자가,피어커피로스터스,유통전문판매업,,204779.492656955,449629.63323285,2026-05-03 22:38:41,I,01,영업,0,,,,,,,,,2019-09-11 10:01:43,2018-01-23,16.50,133-833,서울특별시 성동구 성수동2가 299-39,N,,3030000-113-2018-00029,,3030000,"서울특별시 성동구 광나루로4가길 24, 1층 (성수동2가)",04792,01,영업/정상,유통전문판매업,02-474-1464,,,
,자가,아이웰그룹(주),유통전문판매업,,202831.585813256,450914.685255994,2026-05-03 22:38:41,I,01,영업,0,,,,,,,,,2023-04-10 15:55:31,2018-07-03,44.55,133-872,서울특별시 성동구 행당동 298-48,N,,3030000-113-2018-00034,,3030000,"서울특별시 성동구 행당로17길 25, 2층 202호 (행당동)",04715,01,영업/정상,유통전문판매업,02-6747-9789,,,
,임대,(주)앳홈스퀘어,유통전문판매업,,203919.575847929,449499.992709594,2026-05-03 22:38:41,I,01,영업,0,0,0,0,,,,0,,2025-04-15 15:03:44,2018-10-24,19.80,133-823,서울특별시 성동구 성수동1가 656-1731 누디트 서울숲,N,,3030000-113-2018-00035,,3030000,"서울특별시 성동구 아차산로 6, 누디트 서울숲 7층 (성수동1가)",04778,01,영업/정상,유통전문판매업,02-1800-6307,,,
,자가,(주)넥스트플레이어,유통전문판매업,,204227.393920538,448904.137360203,2026-05-03 22:38:41,I,01,영업,0,0,0,0,,,,0,,2024-08-07 14:24:20,2018-12-10,306.00,133-823,서울특별시 성동구 성수동1가 656-54 UHAN TOWER(유한타워),N,,3030000-113-2018-00036,,3030000,"서울특별시 성동구 성수일로 19, UHAN TOWER(유한타워) 2,3층 (성수동1가)",04779,01,영업/정상,유통전문판매업,,,,
,자가,(주)우남에프앤씨,유통전문판매업,,202184.94542087,452041.324388638,2026-05-03 22:38:42,I,01,영업,0,,,,,,,,,2019-06-13 16:34:33,2019-03-28,100.22,133-010,서울특별시 성동구 상왕십리동 12-47 센트럴큐브,N,,3030000-113-2019-00007,,3030000,"서울특별시 성동구 난계로24길 19, 2층 201호 (상왕십리동, 센트럴큐브)",04700,01,영업/정상,유통전문판매업,,,,
,,(주)파머시즌,유통전문판매업,,205614.244466906,449436.909335702,2026-05-03 22:38:42,I,01,영업,0,0,0,0,,,,0,,2023-06-22 11:11:18,2019-08-16,3.30,133-832,서울특별시 성동구 성수동2가 280-13 삼환디지털벤처타워,N,,3030000-113-2019-00016,,3030000,"서울특별시 성동구 아차산로15길 52, 9층 902-1호 (성수동2가)",04799,01,영업/정상,유통전문판매업,02-466-9051,,,
,자가,준,유통전문판매업,,204167.721292495,449290.778225677,2026-05-03 22:38:42,I,01,영업,0,,,,,,,,,2025-12-18 15:17:10,2019-10-21,3.30,133-924,서울특별시 성동구 성수동1가 656-1572,N,,3030000-113-2019-00024,,3030000,"서울특별시 성동구 상원1길 25, 4층 4369호 (성수동1가)",04779,01,영업/정상,유통전문판매업,070-7612-9923,,,
,임대,게딩웰라이프,유통전문판매업,,202932.381982673,451169.524277434,2026-05-03 22:38:42,I,01,영업,0,,,,,,,,,2019-12-04 13:02:39,2019-04-22,3.64,133-882,서울특별시 성동구 도선동 58-1,N,,3030000-113-2019-00035,,3030000,"서울특별시 성동구 왕십리로 326, 6층 601A호 (도선동)",04709,01,영업/정상,유통전문판매업,031-765-8277,,,
,자가,주식회사 스마트인핸서,유통전문판매업,,205266.060664976,449587.73813698,2026-05-03 22:38:42,I,01,영업,0,,,,,,,,,2020-06-11 12:09:24,2019-12-11,6.80,133-837,서울특별시 성동구 송정동 81-3 세신빌딩,N,,3030000-113-2019-00037,,3030000,"서울특별시 성동구 광나루로 275, 3층 315-7호 (송정동)",04802,01,영업/정상,유통전문판매업,,,,
,자가,(주)이노에프앤비,유통전문판매업,,204859.957619335,449199.388104109,2026-05-03 22:38:43,I,01,영업,0,,,,,,,,,2022-04-28 13:37:27,2019-11-20,79.61,133-834,서울특별시 성동구 성수동2가 300-4 영동테크노타워,N,,3030000-113-2019-00042,,3030000,"서울특별시 성동구 아차산로 103, 영동테크노타워 9층 903호 (성수동2가)",04794,01,영업/정상,유통전문판매업,,,,
,자가,플레져미디어 주식회사,유통전문판매업,,201845.878720343,449575.508614248,2026-05-03 22:38:43,I,01,영업,0,,,,,,,,,2020-07-01 10:30:19,2019-01-29,45.45,133-805,서울특별시 성동구 금호동3가 414 요가운동처방원,N,,3030000-113-2019-00043,,3030000,"서울특별시 성동구 장터길 51, 3층 (금호동3가)",04730,01,영업/정상,유통전문판매업,,,,
,임대,주식회사 그리너스코퍼레이션,유통전문판매업,,204287.426463329,448770.592460467,2026-05-03 22:38:43,I,01,영업,0,0,0,0,,,,0,,2022-11-24 11:41:50,2019-08-28,12.32,133-819,서울특별시 성동구 성수동1가 72-87,N,,3030000-113-2019-00048,,3030000,"서울특별시 성동구 뚝섬로3길 11-5, 404호 (성수동1가)",04780,01,영업/정상,유통전문판매업,070-4369-0121,,,
,자가,유림티에이치씨 주식회사,유통전문판매업,,205921.703469803,450931.561948791,2026-05-03 22:38:43,I,01,영업,0,0,0,0,,,,0,,2022-10-26 11:13:33,2019-09-30,200.00,133-850,서울특별시 성동구 용답동 235-5 인원빌딩,N,,3030000-113-2019-00049,,3030000,"서울특별시 성동구 천호대로 440, 인원빌딩 5층 (용답동)",04808,01,영업/정상,유통전문판매업,,,,
,자가,(주)파인유얼뷰티,유통전문판매업,,205073.47604441,448797.51637505,2026-05-03 22:38:43,I,01,영업,0,,,,,,,,,2024-10-24 09:09:07,2019-09-24,16.50,133-831,서울특별시 성동구 성수동2가 271-11 상상플래닛,N,,3030000-113-2019-00051,,3030000,"서울특별시 성동구 뚝섬로13길 38, 상상플래닛 4층 (성수동2가)",04785,01,영업/정상,유통전문판매업,02-554-3991,,,
,자가,(주)에디어츠,유통전문판매업,,205346.246613591,449493.845097306,2026-05-03 22:38:43,I,01,영업,0,0,0,0,,,,0,,2022-02-17 10:53:17,2020-01-06,33.00,133-832,서울특별시 성동구 성수동2가 280-38 아인빌딩,N,,3030000-113-2020-00002,,3030000,"서울특별시 성동구 광나루로 286, 9층 (성수동2가)",04796,01,영업/정상,유통전문판매업,02-6933-8578,,,
,자가,(주)인터스텔라,유통전문판매업,2026-03-17,204157.994429687,449901.223143811,2026-05-03 22:38:43,I,02,폐업,0,,,,,,,,,2026-03-17 14:21:41,2020-04-29,265.00,133-822,서울특별시 성동구 성수동1가 13-3,N,,3030000-113-2020-00013,,3030000,"서울특별시 성동구 광나루로 160, 4층 (성수동1가)",04791,03,폐업,유통전문판매업,02-2282-1921,,,
,자가,클라스카컴퍼니(주),유통전문판매업,,205167.535545926,448920.682564138,2026-05-03 22:38:44,I,01,영업,0,,,,,,,,,2020-05-14 09:51:35,2020-05-14,8.00,133-831,서울특별시 성동구 성수동2가 273-13 태광산업,N,,3030000-113-2020-00015,,3030000,"서울특별시 성동구 연무장15길 11, 가동 3층 B303호 (성수동2가)",04783,01,영업/정상,유통전문판매업,02-3409-7701,,,
,자가,(주) 인터포레스트,유통전문판매업,,204157.994429687,449901.223143811,2026-05-03 22:38:44,I,01,영업,0,,,,,,,,,2020-05-18 14:59:10,2020-05-18,17.66,133-822,서울특별시 성동구 성수동1가 13-3,N,,3030000-113-2020-00016,,3030000,"서울특별시 성동구 광나루로 160, 4층 (성수동1가)",04791,01,영업/정상,유통전문판매업,02-2282-1921,,,
,자가,(주) 유디스컴퍼니,유통전문판매업,,204749.401114876,448614.910605472,2026-05-03 22:38:44,I,01,영업,0,,,,,,,,,2023-04-12 14:51:48,2020-06-26,30.00,133-827,서울특별시 성동구 성수동2가 333-15 서울숲 한라시그마밸리Ⅱ,N,,3030000-113-2020-00020,,3030000,"서울특별시 성동구 성수이로7길 7, 4층 406호 (성수동2가)",04781,01,영업/정상,유통전문판매업,02-6020-0691,,,
,자가,리유,유통전문판매업,,203554.296785597,451938.391441696,2026-05-03 22:38:44,I,01,영업,0,,,,,,,,,2020-07-13 12:02:26,2020-07-13,18.00,133-815,서울특별시 성동구 마장동 762-6,N,,3030000-113-2020-00025,,3030000,"서울특별시 성동구 마장로37길 45-10, 3층 2호 (마장동)",04752,01,영업/정상,유통전문판매업,,,,
,자가,주식회사 씨앤팜스,유통전문판매업,,205266.060664976,449587.73813698,2026-05-03 22:38:44,I,01,영업,0,0,0,0,,,,0,,2024-12-12 19:13:43,2020-07-17,5.95,133-837,서울특별시 성동구 송정동 81-3 세신빌딩,N,,3030000-113-2020-00026,,3030000,"서울특별시 성동구 광나루로 275, 3층 315-80호 (송정동)",04802,01,영업/정상,유통전문판매업,,,,
,자가,농업회사법인 주식회사 한근,유통전문판매업,,203926.964154377,451813.41875496,2026-05-03 22:38:44,I,01,영업,0,,,,,,,,,2020-08-06 13:35:42,2020-08-06,20.88,133-815,서울특별시 성동구 마장동 767-4,N,,3030000-113-2020-00029,,3030000,"서울특별시 성동구 마장로35길 112, 1층 (마장동)",04756,01,영업/정상,유통전문판매업,02-2292-0886,,,
,자가,오퍼스메이커스 주식회사,유통전문판매업,,203684.281166499,449280.97521227,2026-05-03 22:38:44,I,01,영업,0,,,,,,,,,2023-12-06 14:43:07,2020-08-12,13.20,133-825,서울특별시 성동구 성수동1가 685-696 갤러리아 포레,N,,3030000-113-2020-00030,,3030000,"서울특별시 성동구 서울숲2길 32-14, 지하1층 119호 (성수동1가, 갤러리아 포레)",04769,01,영업/정상,유통전문판매업,02-538-1014,,,
,자가,주)신영에프에스,유통전문판매업,,203053.350637549,451286.714895706,2026-05-03 22:38:44,I,01,영업,0,,,,,,,,,2020-08-18 12:58:21,2020-08-18,3.00,133-882,서울특별시 성동구 도선동 70 창성빌딩,N,,3030000-113-2020-00031,,3030000,"서울특별시 성동구 왕십리로24나길 20, 창성빌딩 2층 269호 (도선동)",04709,01,영업/정상,유통전문판매업,,,,
,자가,델시푸드(Delthy Food),유통전문판매업,,202288.296247981,450952.055372086,2026-05-03 22:38:44,I,01,영업,0,,,,,,,,,2025-12-30 10:47:31,2020-09-10,5.50,133-859,서울특별시 성동구 하왕십리동 1002 왕십리KCC스위첸,N,,3030000-113-2020-00035,,3030000,"서울특별시 성동구 무학봉길 35, 103동 303호 (하왕십리동, 왕십리KCC스위첸)",04711,01,영업/정상,유통전문판매업,,,,
,임대,(주)넥스트키친,유통전문판매업,,204848.023363176,448790.544244829,2026-05-03 22:38:44,I,01,영업,0,,,,,,,,,2023-06-15 14:13:33,2020-06-26,3.30,133-827,서울특별시 성동구 성수동2가 320-4 삼화빌딩,N,,3030000-113-2020-00040,,3030000,"서울특별시 성동구 성수이로 69, 삼화빌딩 7층 (성수동2가)",04781,01,영업/정상,유통전문판매업,070-5121-8306,,,
,자가,뉴트로마이즈 주식회사,유통전문판매업,,205014.436191811,448961.208329966,2026-05-03 22:38:44,I,01,영업,0,,,,,,,,,2023-11-01 15:10:57,2020-11-04,4.95,133-831,서울특별시 성동구 성수동2가 273-61 우리큐브,N,,3030000-113-2020-00042,,3030000,"서울특별시 성동구 연무장11길 10, 우리큐브 2층 248호 (성수동2가)",04783,01,영업/정상,유통전문판매업,070-8065-1446,,,
,자가,텅 성수 스페이스,유통전문판매업,,204927.936957776,448890.441232057,2026-05-03 22:38:44,I,01,영업,0,,,,,,,,,2022-10-27 16:14:44,2020-11-05,30.18,133-835,서울특별시 성동구 성수동2가 317-9 광림물산,N,,3030000-113-2020-00043,,3030000,"서울특별시 성동구 성수이로 82, 2층 (성수동2가)",04783,01,영업/정상,유통전문판매업,02-498-1113,,,
,자가,그라데이션커피,유통전문판매업,,204374.549131571,449809.257522989,2026-05-03 22:38:44,I,01,영업,0,,,,,,,,,2020-11-09 14:00:36,2020-11-09,9.00,133-822,서울특별시 성동구 성수동1가 13-420,N,,3030000-113-2020-00044,,3030000,"서울특별시 성동구 상원12길 24-1, 1층 (성수동1가)",04791,01,영업/정상,유통전문판매업,,,,
,자가,주식회사 딜리버리랩,유통전문판매업,,204168.936287823,449799.041410024,2026-05-03 22:38:44,I,01,영업,0,,,,,,,,,2025-03-27 15:56:11,2020-11-20,50.00,133-822,서울특별시 성동구 성수동1가 13-277 이노시스빌딩,N,,3030000-113-2020-00046,,3030000,"서울특별시 성동구 상원12길 1, 이노시스빌딩 3층 (성수동1가)",04791,01,영업/정상,유통전문판매업,02-6925-0515,,,
,자가,주식회사 에이앤에이바이오,유통전문판매업,,204167.721292495,449290.778225677,2026-05-03 22:38:44,I,01,영업,0,0,0,0,,,,0,,2024-01-10 13:30:30,2020-11-20,3.30,133-924,서울특별시 성동구 성수동1가 656-1572,N,,3030000-113-2020-00047,,3030000,"서울특별시 성동구 상원1길 25, 4층 4134호 (성수동1가)",04779,01,영업/정상,유통전문판매업,070-4048-2259,,,
,자가,주식회사 오르브,유통전문판매업,,204701.47210078,448851.242341856,2026-05-03 22:38:45,I,01,영업,0,,,,,,,,,2020-11-30 16:44:04,2020-11-30,40.00,133-827,서울특별시 성동구 성수동2가 321-15 빌딩8,N,,3030000-113-2020-00051,,3030000,"서울특별시 성동구 성수이로7길 30, 5층 (성수동2가)",04781,01,영업/정상,유통전문판매업,02-547-5665,,,
,자가,(주)윈홀딩스,유통전문판매업,,204966.098616157,449159.452779834,2026-05-03 22:38:45,I,01,영업,0,0,0,0,,,,0,,2022-11-04 16:37:38,2020-12-07,6.00,133-834,서울특별시 성동구 성수동2가 300-1 삼진빌딩,N,,3030000-113-2020-00054,,3030000,"서울특별시 성동구 아차산로 113, 삼진빌딩 8층 (성수동2가)",04794,01,영업/정상,유통전문판매업,1899-4815,,,
,자가,주식회사 코스모스라이프앤코,유통전문판매업,,205167.535545926,448920.682564138,2026-05-03 22:38:45,I,01,영업,0,,,,,,,,,2020-12-11 12:14:48,2020-12-11,2.64,133-831,서울특별시 성동구 성수동2가 273-13 태광산업,N,,3030000-113-2020-00055,,3030000,"서울특별시 성동구 연무장15길 11, 가(비)동 2층 104호 (성수동2가)",04783,01,영업/정상,유통전문판매업,02-499-4680,,,
,자가,(주)영풍글로벌,유통전문판매업,,204764.658079784,449437.628334972,2026-05-03 22:38:45,I,01,영업,0,,,,,,,,,2020-12-17 17:01:05,2020-12-17,10.00,133-834,서울특별시 성동구 성수동2가 289-20 신한은행,N,,3030000-113-2020-00056,,3030000,"서울특별시 성동구 아차산로7길 21, 4층 102호 (성수동2가)",04793,01,영업/정상,유통전문판매업,02-497-5597,,,
,자가,셀투팜(주),유통전문판매업,,203887.185047227,449860.057407228,2026-05-03 22:38:45,I,01,영업,0,,,,,,,,,2020-12-18 10:09:22,2020-12-18,32.84,133-825,서울특별시 성동구 성수동1가 671-6 서울숲IT캐슬,N,,3030000-113-2020-00057,,3030000,"서울특별시 성동구 광나루로 130, B301호 (성수동1가)",04788,01,영업/정상,유통전문판매업,,,,
,자가,제이투비엔,유통전문판매업,,205948.345792507,450817.818999312,2026-05-03 22:38:45,I,01,영업,0,,,,,,,,,2020-12-29 13:22:19,2020-12-29,10.00,133-851,서울특별시 성동구 용답동 238-2 오르세오피스텔,N,,3030000-113-2020-00061,,3030000,"서울특별시 성동구 자동차시장1길 94-15, 12층 1208호 (용답동)",04808,01,영업/정상,유통전문판매업,,,,
,자가,주식회사 유디컴퍼니,유통전문판매업,,204764.658079784,449437.628334972,2026-05-03 22:38:45,I,01,영업,0,,,,,,,,,2022-12-05 15:48:15,2020-03-20,18.00,133-834,서울특별시 성동구 성수동2가 289-20 신한은행,N,,3030000-113-2020-00067,,3030000,"서울특별시 성동구 아차산로7길 21, 신한은행 4층 115호 (성수동2가)",04793,01,영업/정상,유통전문판매업,,,,
,자가,(주)엘아이지홈앤밀,유통전문판매업,,204775.928788484,449492.421628473,2026-05-03 22:38:45,I,01,영업,0,,,,,,,,,2025-04-02 10:40:22,2020-01-17,200.00,133-833,서울특별시 성동구 성수동2가 299-243,N,,3030000-113-2020-00070,,3030000,"서울특별시 성동구 성수일로12길 35, 5층 (성수동2가)",04792,01,영업/정상,유통전문판매업,070-4281-7905,,,
,자가,주식회사 페이퍼백,유통전문판매업,,204227.393920538,448904.137360203,2026-05-03 22:38:45,I,01,영업,0,0,0,0,,,,0,,2024-08-02 10:04:18,2020-08-21,50.00,133-823,서울특별시 성동구 성수동1가 656-54 UHAN TOWER(유한타워),N,,3030000-113-2020-00072,,3030000,"서울특별시 성동구 성수일로 19, UHAN TOWER(유한타워) 2층 (성수동1가)",04779,01,영업/정상,유통전문판매업,070-4248-7470,,,
,,(주)에스에스인터내셔널,유통전문판매업,,205854.411079573,449710.76258955,2026-05-03 22:38:45,I,01,영업,0,0,0,0,,,,0,,2025-09-29 16:30:32,2020-04-01,63.50,133-837,서울특별시 성동구 송정동 73-637,N,,3030000-113-2020-00073,,3030000,"서울특별시 성동구 송정12라길 8, 1층 (송정동)",04801,01,영업/정상,유통전문판매업,,,,
,자가,주식회사 에이치디앤텍,유통전문판매업,,204629.17269796,449145.686220169,2026-05-03 22:38:45,I,01,영업,0,,,,,,,,,2021-01-11 15:22:52,2021-01-11,234.59,133-835,서울특별시 성동구 성수동2가 314-7 에이치디앤텍빌딩,N,,3030000-113-2021-00002,,3030000,"서울특별시 성동구 연무장5길 18, 7층 (성수동2가)",04782,01,영업/정상,유통전문판매업,02-3409-1181,,,
,,주식회사 바이오스마트,유통전문판매업,,204288.663513284,449872.314972211,2026-05-03 22:38:45,I,01,영업,0,,,,,,,,,2021-01-12 14:50:19,2021-01-12,,133-822,서울특별시 성동구 성수동1가 13-5 린 하우스,N,,3030000-113-2021-00003,,3030000,"서울특별시 성동구 광나루로 172, 린 하우스 4층 (성수동1가)",04791,01,영업/정상,유통전문판매업,02-3218-9000,,,
,자가,(주)케이엔지컴퍼니,유통전문판매업,,202213.429274747,449882.431954641,2026-05-03 22:38:45,I,01,영업,0,,,,,,,,,2021-01-20 16:01:47,2021-01-20,148.00,133-801,서울특별시 성동구 금호동1가 1756-1 금호연풍교회,N,,3030000-113-2021-00006,,3030000,"서울특별시 성동구 금호로 86, 1층 나호 (금호동1가)",04718,01,영업/정상,유통전문판매업,02-2232-5523,,,
,자가,주식회사 브랜드리스,유통전문판매업,,204167.721292495,449290.778225677,2026-05-03 22:38:45,I,01,영업,0,,,,,,,,,2021-12-14 10:06:25,2021-01-29,3.30,133-924,서울특별시 성동구 성수동1가 656-1572,N,,3030000-113-2021-00007,,3030000,"서울특별시 성동구 상원1길 25, 4층 4280호 (성수동1가)",04779,01,영업/정상,유통전문판매업,,,,
,자가,주식회사 태그린,유통전문판매업,,204455.375283853,449681.958957821,2026-05-03 22:38:45,I,01,영업,0,,,,,,,,,2021-02-05 16:55:32,2021-02-05,10.00,133-822,서울특별시 성동구 성수동1가 13-207 서울숲AK밸리 지식산업센터,N,,3030000-113-2021-00008,,3030000,"서울특별시 성동구 성수일로 99, 서울숲AK밸리 지식산업센터 1층 102호 (성수동1가)",04790,01,영업/정상,유통전문판매업,02-6233-8228,,,
,자가,비바에볼루션 주식회사,유통전문판매업,,203808.758780095,449612.381770941,2026-05-03 22:38:46,I,01,영업,0,0,0,0,,,,0,,2024-03-08 15:09:07,2021-03-08,4.84,133-823,서울특별시 성동구 성수동1가 656-292 KD타워,N,,3030000-113-2021-00013,,3030000,"서울특별시 성동구 왕십리로 125, 4층 423호 (성수동1가)",04766,01,영업/정상,유통전문판매업,02-6082-7023,,,
,자가,피카워크샵,유통전문판매업,,204377.591723218,449780.218007773,2026-05-03 22:38:46,I,01,영업,0,,,,,,,,,2021-03-30 09:29:08,2021-03-30,3.00,133-822,서울특별시 성동구 성수동1가 13-384,N,,3030000-113-2021-00016,,3030000,"서울특별시 성동구 상원10길 23, 1층 (성수동1가)",04791,01,영업/정상,유통전문판매업,,,,
,자가,(주)자노탁트코리아 성수점,유통전문판매업,,204167.721292495,449290.778225677,2026-05-03 22:38:46,I,01,영업,0,,,,,,,,,2021-03-30 10:06:34,2021-03-30,3.30,133-924,서울특별시 성동구 성수동1가 656-1572,N,,3030000-113-2021-00017,,3030000,"서울특별시 성동구 상원1길 25, 4층 4194호 (성수동1가)",04779,01,영업/정상,유통전문판매업,02-558-8411,,,
,자가,주식회사 코스한,유통전문판매업,,204764.658079784,449437.628334972,2026-05-03 22:38:46,I,01,영업,0,,,,,,,,,2021-04-06 15:18:34,2021-04-06,15.00,133-834,서울특별시 성동구 성수동2가 289-20 신한은행,N,,3030000-113-2021-00018,,3030000,"서울특별시 성동구 아차산로7길 21, 4층 50호 (성수동2가)",04793,01,영업/정상,유통전문판매업,070-7424-2021,,,
,자가,신세계라이브쇼핑,유통전문판매업,,203994.658040173,449552.049448345,2026-05-03 22:38:46,I,01,영업,0,,,,,,,,,2025-11-24 15:42:08,2021-04-06,353.50,133-924,서울특별시 성동구 성수동1가 656-1110 서울숲 L-Tower,N,,3030000-113-2021-00019,,3030000,"서울특별시 성동구 아차산로 17, 3층 303,304,305호 (성수동1가)",04789,01,영업/정상,유통전문판매업,02-6450-8412,,,
,자가,(주) 클리오라이프케어,유통전문판매업,,203909.731504349,449023.486440953,2026-05-03 22:38:46,I,01,영업,0,,,,,,,,,2025-02-12 11:16:06,2021-04-12,4.48,133-823,서울특별시 성동구 성수동1가 656-447,N,,3030000-113-2021-00020,,3030000,"서울특별시 성동구 왕십리로 66, 7층 (성수동1가)",04778,01,영업/정상,유통전문판매업,02-463-0045,,,
,자가,(주)클리오,유통전문판매업,,203909.731504349,449023.486440953,2026-05-03 22:38:46,I,01,영업,0,,,,,,,,,2021-04-13 15:47:55,2021-04-13,47.20,133-823,서울특별시 성동구 성수동1가 656-447,N,,3030000-113-2021-00021,,3030000,"서울특별시 성동구 왕십리로 66, 10층 (성수동1가)",04778,01,영업/정상,유통전문판매업,02-514-0056,,,
,자가,뉴트리 플러스,유통전문판매업,,202030.25340559,458962.158613007,2026-05-03 22:32:45,I,01,영업,0,,,,,,,,,2025-01-13 13:52:12,2025-01-13,10.00,142-803,서울특별시 강북구 미아동 160-37,N,,3080000-113-2025-00001,,3080000,"서울특별시 강북구 도봉로 274-1, 2층 K-8호 (미아동)",01128,01,영업/정상,유통전문판매업,,,,
,자가,루미셀,유통전문판매업,,202562.189143008,457313.277082398,2026-05-03 22:32:45,I,01,영업,0,,,,,,,,,2025-01-20 14:43:44,2025-01-20,3.63,142-809,서울특별시 강북구 미아동 138-17,N,,3080000-113-2025-00002,,3080000,"서울특별시 강북구 도봉로 102, 2층 23호 (미아동)",01165,01,영업/정상,유통전문판매업,,,,
,자가,주식회사 포레스트앤브라운,유통전문판매업,,200646.580474553,463012.839256379,2026-05-03 22:32:45,I,01,영업,0,,,,,,,,,2025-01-24 13:45:04,2025-01-24,16.66,142-871,서울특별시 강북구 우이동 236 옥류정 일부,N,,3080000-113-2025-00003,,3080000,"서울특별시 강북구 삼양로181길 142, 옥류정 일부 (우이동)",01000,01,영업/정상,유통전문판매업,,,,
,자가,이너스케어,유통전문판매업,,201892.114537193,458840.846634921,2026-05-03 22:32:45,I,01,영업,0,,,,,,,,,2025-02-12 10:55:42,2025-02-12,7.47,142-874,서울특별시 강북구 수유동 50-75 수유대림쇼핑아파트,N,,3080000-113-2025-00004,,3080000,"서울특별시 강북구 도봉로71가길 11, 수유대림쇼핑아파트 323호 (수유동)",01114,01,영업/정상,유통전문판매업,02-982-8288,,,
,자가,에버웰니스,유통전문판매업,,201834.088661143,460056.203792596,2026-05-03 22:32:45,I,01,영업,0,,,,,,,,,2025-02-24 11:00:35,2025-02-24,53.48,142-877,서울특별시 강북구 수유동 237-6,N,,3080000-113-2025-00005,,3080000,"서울특별시 강북구 노해로19길 12, 2층 (수유동)",01043,01,영업/정상,유통전문판매업,,,,
,자가,주식회사 몽블랑,유통전문판매업,2026-04-28,203024.990115682,457135.973713309,2026-05-03 22:32:45,I,02,폐업,0,,,,,,,,,2026-04-28 10:16:54,2025-03-10,33.00,142-801,서울특별시 강북구 미아동 3-29,N,,3080000-113-2025-00006,,3080000,"서울특별시 강북구 오패산로30길 75, 3층 좌측호 (미아동)",01233,03,폐업,유통전문판매업,02-515-0652,,,
,자가,우경에프앤비,유통전문판매업,,201292.284652365,459191.666886035,2026-05-03 22:32:45,I,01,영업,0,,,,,,,,,2025-05-15 15:00:48,2025-05-15,53.00,142-870,서울특별시 강북구 수유동 442-21,N,,3080000-113-2025-00007,,3080000,"서울특별시 강북구 인수봉로52길 42-4, 1층 (수유동)",01094,01,영업/정상,유통전문판매업,,,,
,자가,플랜트 플랜,유통전문판매업,,201645.19674067,460522.497359836,2026-05-03 22:32:45,I,01,영업,0,,,,,,,,,2025-05-21 14:48:49,2025-05-21,29.00,142-879,서울특별시 강북구 수유동 270-27 한양하이빌,N,,3080000-113-2025-00008,,3080000,"서울특별시 강북구 노해로23길 88-10, A동 402호 (수유동, 한양하이빌)",01047,01,영업/정상,유통전문판매업,,,,
,임대,산로스터스,유통전문판매업,,200810.102484629,462722.563068894,2026-05-03 22:32:45,I,01,영업,0,,,,,,,,,2025-06-25 17:35:38,2025-06-25,15.27,142-871,서울특별시 강북구 우이동 219-3,N,,3080000-113-2025-00009,,3080000,"서울특별시 강북구 삼양로181길 66, 1층 (우이동)",01000,01,영업/정상,유통전문판매업,,,,
,자가,히트앤제이,유통전문판매업,,202128.41823526,459616.005143063,2026-05-03 22:32:45,I,01,영업,0,,,,,,,,,2025-07-02 16:14:45,2025-07-02,3.30,142-878,서울특별시 강북구 수유동 192-61 영남빌딩,N,,3080000-113-2025-00010,,3080000,"서울특별시 강북구 한천로139길 42, 3층 301호 (수유동, 영남빌딩)",01072,01,영업/정상,유통전문판매업,,,,
,자가,모다이브(modave),유통전문판매업,,202071.310518981,459514.711297656,2026-05-03 22:32:45,I,01,영업,0,,,,,,,,,2025-07-23 16:12:00,2025-07-23,3.00,142-878,서울특별시 강북구 수유동 229-49 경남아너스빌,N,,3080000-113-2025-00011,,3080000,"서울특별시 강북구 노해로8길 22, 경남아너스빌 4층 402-A01호 (수유동)",01073,01,영업/정상,유통전문판매업,,,,
,자가,파리키트,유통전문판매업,,202096.965074435,458482.661683554,2026-05-03 22:32:45,I,01,영업,0,,,,,,,,,2025-09-29 14:29:50,2025-09-29,2.43,142-810,서울특별시 강북구 미아동 206-7,N,,3080000-113-2025-00012,,3080000,"서울특별시 강북구 도봉로61길 7, 2층 225호 (미아동)",01125,01,영업/정상,유통전문판매업,,,,
,자가,에이치에프 컴퍼니(HF company),유통전문판매업,,202265.854898078,459150.572305245,2026-05-03 22:32:45,I,01,영업,0,,,,,,,,,2025-10-10 14:23:14,2025-10-10,3.30,142-803,서울특별시 강북구 미아동 158-1 대복빌딩,N,,3080000-113-2025-00013,,3080000,"서울특별시 강북구 덕릉로 114-1, 대복빌딩 3층 B503호 (미아동)",01129,01,영업/정상,유통전문판매업,,,,
,자가,어진,유통전문판매업,,202501.910826639,457062.774869812,2026-05-03 22:32:45,I,01,영업,0,,,,,,,,,2025-10-15 16:37:25,2025-10-15,37.18,142-805,서울특별시 강북구 미아동 460-100 제이에스캐슬빌리지,N,,3080000-113-2025-00014,,3080000,"서울특별시 강북구 솔샘로68길 25, 제이에스캐슬빌리지 901호 (미아동)",01205,01,영업/정상,유통전문판매업,,,,
,자가,키스톤웰케어 주식회사,유통전문판매업,,202667.704769102,456939.262375719,2026-05-03 22:32:45,I,01,영업,0,,,,,,,,,2025-10-16 15:46:00,2025-10-16,50.00,142-804,서울특별시 강북구 미아동 73-9 한마음 빌딩,N,,3080000-113-2025-00015,,3080000,"서울특별시 강북구 도봉로10길 48, 한마음 빌딩 3층 (미아동)",01216,01,영업/정상,유통전문판매업,,,,
,자가,해온,유통전문판매업,,202510.278741013,459066.505558864,2026-05-03 22:32:46,I,01,영업,0,,,,,,,,,2026-02-09 14:20:27,2026-02-09,54.87,142-866,서울특별시 강북구 번동 440-3 한성주택,N,,3080000-113-2026-00001,,3080000,"서울특별시 강북구 덕릉로40다길 23, 3층 (번동, 한성주택)",01139,01,영업/정상,유통전문판매업,,,,
,임대,(주)상승에프앤비,유통전문판매업,,205439.460129927,449587.000883761,2026-05-03 22:38:52,I,01,영업,0,,,,,,,,,2023-06-09 11:25:06,2023-06-09,67.51,133-836,서울특별시 성동구 송정동 67-3,N,,3030000-113-2023-00026,,3030000,"서울특별시 성동구 송정길 22, 2층 (송정동)",04802,01,영업/정상,유통전문판매업,02-498-0221,,,
,임대,고마운 선물가게,유통전문판매업,,204178.887702892,448488.088528314,2026-05-03 22:38:52,I,01,영업,0,0,0,0,,,,0,,2024-11-08 13:39:58,2023-07-03,10.00,133-820,서울특별시 성동구 성수동1가 197-2,N,,3030000-113-2023-00027,,3030000,"서울특별시 성동구 성덕정길 40-1, 1층 (성수동1가)",04774,01,영업/정상,유통전문판매업,,,,
,,중앙할인마트,유통전문판매업,,201924.287403479,449505.43323776,2026-05-03 22:38:52,I,01,영업,0,,,,,,,,,2023-07-21 14:50:46,2023-07-21,20.00,133-809,서울특별시 성동구 금호동4가 548-1,N,,3030000-113-2023-00028,,3030000,"서울특별시 성동구 독서당로 302, 가동 1층 (금호동4가)",04737,01,영업/정상,유통전문판매업,02-2294-9114,,,
,자가,주식회사 트루엔뉴트리션,유통전문판매업,,205557.941680639,449473.46380541,2026-05-03 22:38:52,I,01,영업,0,,,,,,,,,2026-01-21 17:03:34,2023-07-25,185.00,133-832,서울특별시 성동구 성수동2가 280-15 에이스성수타워1,N,,3030000-113-2023-00029,,3030000,"서울특별시 성동구 광나루로8길 10, 에이스성수타워1 11층 1103호, 1104호 (성수동2가)",04799,01,영업/정상,유통전문판매업,02-2183-0231,,,
,자가,(주)노아에프엔비,유통전문판매업,,204623.852571397,449191.425363317,2026-05-03 22:38:52,I,01,영업,0,,,,,,,,,2023-07-26 15:04:49,2023-07-26,33.00,133-835,서울특별시 성동구 성수동2가 302-2,N,,3030000-113-2023-00030,,3030000,"서울특별시 성동구 연무장5길 19, 3층 (성수동2가)",04782,01,영업/정상,유통전문판매업,02-2256-0988,,,
,,(주)리드젠,유통전문판매업,,204244.200540577,448783.561480878,2026-05-03 22:38:52,I,01,영업,0,,,,,,,,,2025-11-18 16:33:39,2023-08-07,60.00,133-819,서울특별시 성동구 성수동1가 72-8 서울숲 ITCT 지식산업센터,N,,3030000-113-2023-00031,,3030000,"서울특별시 성동구 성수일로 10, 서울숲 ITCT 지식산업센터 12층 1203호 (성수동1가)",04780,01,영업/정상,유통전문판매업,02-384-1006,,,
,자가,베어베터서비스,유통전문판매업,,204522.096092445,448925.421926728,2026-05-03 22:38:52,I,01,영업,0,,,,,,,,,2023-08-29 11:45:51,2023-08-29,136.19,133-827,서울특별시 성동구 성수동2가 308-4 서울숲코오롱디지털타워,N,,3030000-113-2023-00033,,3030000,"서울특별시 성동구 성수일로4길 25, 서울숲코오롱디지털타워 8층 806호 (성수동2가)",04781,01,영업/정상,유통전문판매업,02-6267-6919,,,
,자가,코쿤스토리,유통전문판매업,,204848.299601913,449551.236385759,2026-05-03 22:38:52,I,01,영업,0,,,,,,,,,2023-09-01 12:17:02,2023-09-01,3.30,133-834,서울특별시 성동구 성수동2가 289-39,N,,3030000-113-2023-00034,,3030000,"서울특별시 성동구 아차산로7길 36, 2층 (성수동2가)",04795,01,영업/정상,유통전문판매업,,,,
,자가,녹연,유통전문판매업,,204764.658079784,449437.628334972,2026-05-03 22:38:52,I,01,영업,0,,,,,,,,,2023-11-27 13:08:40,2023-10-11,18.00,133-834,서울특별시 성동구 성수동2가 289-20 신한은행,N,,3030000-113-2023-00035,,3030000,"서울특별시 성동구 아차산로7길 21, 신한은행 4층 32호 (성수동2가)",04793,01,영업/정상,유통전문판매업,,,,
,자가,파치드 라이스커피,유통전문판매업,,206180.186259158,450249.6237303,2026-05-03 22:38:52,I,01,영업,0,,,,,,,,,2023-10-31 16:52:19,2023-10-31,39.57,133-837,서울특별시 성동구 송정동 87-26,N,,3030000-113-2023-00037,,3030000,"서울특별시 성동구 동일로 255-1, 1층 (송정동)",04800,01,영업/정상,유통전문판매업,,,,
,,씨엘글로벌,유통전문판매업,,205402.082998348,449279.468602518,2026-05-03 22:38:52,I,01,영업,0,0,0,0,,,,0,,2023-12-27 14:03:53,2023-09-21,2.98,133-832,서울특별시 성동구 성수동2가 279-6 성수물류센터,N,,3030000-113-2023-00041,,3030000,"서울특별시 성동구 아차산로13길 30, 성수물류센터 8층 (성수동2가)",04799,01,영업/정상,유통전문판매업,,,,
,자가,주식회사 티에스랩,유통전문판매업,,204167.721292495,449290.778225677,2026-05-03 22:38:52,I,01,영업,0,,,,,,,,,2024-07-11 14:49:50,2023-08-25,3.30,133-924,서울특별시 성동구 성수동1가 656-1572,N,,3030000-113-2023-00042,,3030000,"서울특별시 성동구 상원1길 25, 4층 4321호 (성수동1가)",04779,01,영업/정상,유통전문판매업,,,,
,임대,(주)루미너스리테일,유통전문판매업,,203843.501676692,448746.104640885,2026-05-03 22:38:52,I,01,영업,0,,,,,,,,,2025-02-13 16:11:50,2023-04-17,8.33,133-823,서울특별시 성동구 성수동1가 656-410 홍성빌딩,N,,3030000-113-2023-00044,,3030000,"서울특별시 성동구 왕십리로 38, 홍성빌딩 4층 402호 (성수동1가)",04773,01,영업/정상,유통전문판매업,,,,
,자가,주식회사 테이블코드,유통전문판매업,,204266.230731519,448887.796067656,2026-05-03 22:38:52,I,01,영업,0,,,,,,,,,2026-01-09 11:37:27,2023-05-24,204.37,133-819,서울특별시 성동구 성수동1가 25-2,N,,3030000-113-2023-00045,,3030000,"서울특별시 성동구 성수일로 20, 5층 (성수동1가)",04780,01,영업/정상,유통전문판매업,,,,
,자가,(주)쎈느,유통전문판매업,,204629.17269796,449145.686220169,2026-05-03 22:38:52,I,01,영업,0,,,,,,,,,2024-01-11 15:27:33,2024-01-11,46.17,133-835,서울특별시 성동구 성수동2가 314-7 에이치디앤텍빌딩,N,,3030000-113-2024-00003,,3030000,"서울특별시 성동구 연무장5길 18, 에이치디앤텍빌딩 3층 303호 (성수동2가)",04782,01,영업/정상,유통전문판매업,02-469-2122,,,
,자가,주식회사 로드미르바이오,유통전문판매업,,203911.513091074,448508.756036449,2026-05-03 22:38:52,I,01,영업,0,,,,,,,,,2025-01-22 14:44:22,2024-01-16,62.45,133-923,서울특별시 성동구 성수동1가 718 트리마제,N,,3030000-113-2024-00004,,3030000,"서울특별시 성동구 왕십리로 16, 102동 4103호 (성수동1가, 트리마제)",04773,01,영업/정상,유통전문판매업,,,,
,자가,루즈루틴,유통전문판매업,,205266.060664976,449587.73813698,2026-05-03 22:38:52,I,01,영업,0,,,,,,,,,2024-01-24 14:16:33,2024-01-16,7.43,133-837,서울특별시 성동구 송정동 81-3 세신빌딩,N,,3030000-113-2024-00005,,3030000,"서울특별시 성동구 광나루로 275, 3층 315-23호 (송정동)",04802,01,영업/정상,유통전문판매업,,,,
,자가,신의 한 국수,유통전문판매업,,205710.511071112,449519.091217222,2026-05-03 22:38:52,I,01,영업,0,,,,,,,,,2024-01-24 10:40:40,2024-01-24,43.40,133-832,서울특별시 성동구 성수동2가 281-12 에딘버그골프연습장,N,,3030000-113-2024-00007,,3030000,"서울특별시 성동구 광나루로 320-1, 1층 (성수동2가)",04799,01,영업/정상,유통전문판매업,,,,
,자가,(주)일구오,유통전문판매업,,204047.086637892,449409.339782091,2026-05-03 22:38:52,I,01,영업,0,,,,,,,,,2025-06-09 16:40:05,2024-02-07,50.00,133-822,서울특별시 성동구 성수동1가 8-8,N,,3030000-113-2024-00008,,3030000,"서울특별시 성동구 왕십리로4길 26, 지하1층 (성수동1가)",04778,01,영업/정상,유통전문판매업,,,,
,자가,(주)하나누엘,유통전문판매업,,204657.420622356,449324.025052953,2026-05-03 22:38:52,I,01,영업,0,,,,,,,,,2024-03-14 17:00:58,2024-03-14,145.46,133-833,서울특별시 성동구 성수동2가 284-68 창미빌딩,N,,3030000-113-2024-00010,,3030000,"서울특별시 성동구 성수일로10길 32, 창미빌딩 3층 307호 (성수동2가)",04793,01,영업/정상,유통전문판매업,02-2205-1125,,,
,자가,주식회사 에스비퓨쳐스,유통전문판매업,,203889.052980599,449466.396545778,2026-05-03 22:38:52,I,01,영업,0,,,,,,,,,2024-03-27 12:46:08,2024-03-27,52.00,133-924,서울특별시 성동구 성수동1가 656-1047 라현빌딩,N,,3030000-113-2024-00011,,3030000,"서울특별시 성동구 왕십리로 110, 라현빌딩 3층 (성수동1가)",04778,01,영업/정상,유통전문판매업,0506-814-7582,,,
,자가,그로위드,유통전문판매업,,204669.766218859,449087.756734084,2026-05-03 22:38:52,I,01,영업,0,,,,,,,,,2024-04-17 11:34:57,2024-04-17,5.00,133-835,서울특별시 성동구 성수동2가 314-13 성수역 현대테라스타워,N,,3030000-113-2024-00012,,3030000,"서울특별시 성동구 연무장5가길 7, 성수역 현대테라스타워 1층 113호 (성수동2가)",04782,01,영업/정상,유통전문판매업,,,,
,,(주)메디앤케어,유통전문판매업,,201914.222823422,450063.478301322,2026-05-03 22:38:53,I,01,영업,0,,,,,,,,,2024-04-24 16:05:03,2024-04-24,84.97,133-804,서울특별시 성동구 금호동2가 1215 금호자이1차,N,,3030000-113-2024-00013,,3030000,"서울특별시 성동구 금호로 117, 104동 2004호 (금호동2가, 금호자이1차)",04728,01,영업/정상,유통전문판매업,,,,
,자가,주식회사 킬나잇,유통전문판매업,,204266.812337185,449591.700027929,2026-05-03 22:38:53,I,01,영업,0,,,,,,,,,2024-04-24 17:07:34,2024-04-24,1.00,133-822,서울특별시 성동구 성수동1가 13-316,N,,3030000-113-2024-00014,,3030000,"서울특별시 성동구 상원6길 8, 지1층 D42호 (성수동1가)",04790,01,영업/정상,유통전문판매업,,,,
,자가,퍼널연구소,유통전문판매업,,204286.871229464,448964.841564959,2026-05-03 22:38:53,I,01,영업,0,,,,,,,,,2024-04-30 14:45:51,2024-04-30,33.00,133-819,서울특별시 성동구 성수동1가 27-16,N,,3030000-113-2024-00015,,3030000,"서울특별시 성동구 성수일로 28, 4층 401호 (성수동1가)",04780,01,영업/정상,유통전문판매업,02-6952-7172,,,
,자가,(주)고려생활건강,유통전문판매업,,205039.907145725,449216.223655036,2026-05-03 22:38:53,I,01,영업,0,,,,,,,,,2025-04-15 15:51:28,2024-04-30,70.07,133-832,서울특별시 성동구 성수동2가 277-17 성수아카데미타워,N,,3030000-113-2024-00016,,3030000,"서울특별시 성동구 성수이로 118, 성수아카데미타워 9층 922호 (성수동2가)",04797,01,영업/정상,유통전문판매업,,,,
,임대,개인카페(PRIVATE CAFE),유통전문판매업,,204240.251344198,449293.136511133,2026-05-03 22:38:53,I,01,영업,0,,,,,,,,,2024-05-17 16:47:27,2024-05-17,3.30,133-823,서울특별시 성동구 성수동1가 656-603 신한 IT TOWER,N,,3030000-113-2024-00017,,3030000,"서울특별시 성동구 상원길 19, 신한 IT TOWER 1층 102호 (성수동1가)",04779,01,영업/정상,유통전문판매업,,,,
,자가,에이티에잇,유통전문판매업,,205798.250235624,449901.128163043,2026-05-03 22:38:53,I,01,영업,0,,,,,,,,,2025-02-17 13:46:45,2024-05-22,35.00,133-837,서울특별시 성동구 송정동 73-545,N,,3030000-113-2024-00018,,3030000,"서울특별시 성동구 송정길 70-1, 102호 (송정동)",04801,01,영업/정상,유통전문판매업,,,,
,자가,블루보틀커피코리아 유한회사,유통전문판매업,,203964.415032677,449536.751189942,2026-05-03 22:38:53,I,01,영업,0,,,,,,,,,2024-05-28 11:14:49,2024-05-28,377.50,133-823,서울특별시 성동구 성수동1가 656-302 케이티링커스,N,,3030000-113-2024-00019,,3030000,"서울특별시 성동구 아차산로 7, 케이티링커스 2층 (성수동1가)",04789,01,영업/정상,유통전문판매업,02-6212-6998,,,
,자가,주식회사 온더룩,유통전문판매업,,204390.581096285,449825.862130952,2026-05-03 22:38:53,I,01,영업,0,,,,,,,,,2025-05-22 12:33:28,2024-05-30,206.00,133-822,서울특별시 성동구 성수동1가 13-376,N,,3030000-113-2024-00020,,3030000,"서울특별시 성동구 상원12길 23, 오리엔트빌딩 4층 (성수동1가)",04791,01,영업/정상,유통전문판매업,070-4353-0009,,,
,자가,퓨어티,유통전문판매업,,203911.513091074,448508.756036449,2026-05-03 22:38:53,I,01,영업,0,,,,,,,,,2024-05-30 17:35:20,2024-05-30,69.00,133-923,서울특별시 성동구 성수동1가 718 트리마제,N,,3030000-113-2024-00021,,3030000,"서울특별시 성동구 왕십리로 16, 101동 6층 601호 (성수동1가, 트리마제)",04773,01,영업/정상,유통전문판매업,,,,
,자가,헤이바디,유통전문판매업,,204966.098616157,449159.452779834,2026-05-03 22:38:53,I,01,영업,0,,,,,,,,,2024-06-10 13:30:55,2024-06-10,8.25,133-834,서울특별시 성동구 성수동2가 300-1 삼진빌딩,N,,3030000-113-2024-00022,,3030000,"서울특별시 성동구 아차산로 113, 삼진빌딩 8층 843호 (성수동2가)",04794,01,영업/정상,유통전문판매업,,,,
,임대,(주)해피문데이,유통전문판매업,,204213.931288501,449363.057036726,2026-05-03 22:38:53,I,01,영업,0,,,,,,,,,2024-06-11 09:37:54,2024-06-11,40.00,133-721,서울특별시 성동구 성수동1가 656-766 개풍빌딩,N,,3030000-113-2024-00023,,3030000,"서울특별시 성동구 아차산로 38, 개풍빌딩 5층 501호 (성수동1가)",04779,01,영업/정상,유통전문판매업,070-882-3936,,,
,자가,주식회사 피지컬엑스,유통전문판매업,,204743.677915464,449357.9464135,2026-05-03 22:38:53,I,01,영업,0,,,,,,,,,2024-06-13 14:40:57,2024-06-13,3.30,133-834,서울특별시 성동구 성수동2가 289-21 제이제이빌딩,N,,3030000-113-2024-00024,,3030000,"서울특별시 성동구 아차산로7길 15-1, 제이제이빌딩 3층 321호 (성수동2가)",04793,01,영업/정상,유통전문판매업,,,,
,자가,씨엘에프앤비,유통전문판매업,,203930.337124002,451745.115765598,2026-05-03 22:38:53,I,01,영업,0,,,,,,,,,2024-06-17 17:07:46,2024-06-17,3.30,133-815,서울특별시 성동구 마장동 767-45 군산빌딩,N,,3030000-113-2024-00025,,3030000,"서울특별시 성동구 마장로 327-1, 군산빌딩 3층 (마장동)",04756,01,영업/정상,유통전문판매업,,,,
,임대,순백결정,유통전문판매업,,202326.503044305,450625.58422744,2026-05-03 22:38:53,I,01,영업,0,,,,,,,,,2024-07-18 14:42:37,2024-07-18,114.00,133-070,서울특별시 성동구 행당동 347 행당동 대림아파트,N,,3030000-113-2024-00028,,3030000,"서울특별시 성동구 행당로 79, 124동 8층 803호 (행당동, 행당동 대림아파트)",04713,01,영업/정상,유통전문판매업,,,,
,자가,주식회사 요아정,유통전문판매업,,203927.124706239,449845.164925016,2026-05-03 22:38:53,I,01,영업,0,,,,,,,,,2025-12-11 09:24:15,2024-07-31,3.31,133-823,서울특별시 성동구 성수동1가 656-1835 JC빌딩,N,,3030000-113-2024-00029,,3030000,"서울특별시 성동구 왕십리로16가길 24, JC빌딩 1층 (성수동1가)",04788,01,영업/정상,유통전문판매업,02-6958-8800,,,
,자가,캄파스주식회사,유통전문판매업,2026-03-05,204764.658079784,449437.628334972,2026-05-03 22:38:54,I,02,폐업,0,,,,,,,,,2026-03-05 14:51:45,2024-08-12,9.00,133-834,서울특별시 성동구 성수동2가 289-20 신한은행,N,,3030000-113-2024-00032,,3030000,"서울특별시 성동구 아차산로7길 21, 신한은행 4층 42호 (성수동2가)",04793,03,폐업,유통전문판매업,,,,
,자가,(주)쉐프스푸드,유통전문판매업,,204835.535359114,448752.95835214,2026-05-03 22:38:54,I,01,영업,0,0,0,0,,,,0,,2025-02-19 13:39:40,2024-08-14,340.00,133-827,서울특별시 성동구 성수동2가 309-148 협성빌딩,N,,3030000-113-2024-00033,,3030000,"서울특별시 성동구 성수이로 65, 협성빌딩 2층 202호 (성수동2가)",04781,01,영업/정상,유통전문판매업,02-6952-7644,,,
,자가,주식회사 아이숑,유통전문판매업,,205784.445648184,449451.98622544,2026-05-03 22:38:54,I,01,영업,0,,,,,,,,,2025-04-02 11:34:04,2024-08-16,20.00,133-832,서울특별시 성동구 성수동2가 281-20,N,,3030000-113-2024-00035,,3030000,"서울특별시 성동구 광나루로8길 31, 지1층 FB107호 (성수동2가)",04799,01,영업/정상,유통전문판매업,02-6216-1216,,,
,자가,주식회사 템포컴퍼니,유통전문판매업,,204959.166732468,449214.592233702,2026-05-03 22:38:54,I,01,영업,0,,,,,,,,,2024-08-29 15:32:59,2024-08-29,15.00,133-834,서울특별시 성동구 성수동2가 289-12,N,,3030000-113-2024-00036,,3030000,"서울특별시 성동구 성수일로8길 59, B동 710호 (성수동2가)",04794,01,영업/정상,유통전문판매업,02-6091-7153,,,
,임대,래비티 에프앤비,유통전문판매업,,205014.436191811,448961.208329966,2026-05-03 22:38:54,I,01,영업,0,,,,,,,,,2024-08-30 11:37:40,2024-08-29,5.00,133-831,서울특별시 성동구 성수동2가 273-61 우리큐브,N,,3030000-113-2024-00037,,3030000,"서울특별시 성동구 연무장11길 10, 우리큐브 2층 255호 (성수동2가)",04783,01,영업/정상,유통전문판매업,,,,
,자가,탈라리아코퍼레이션,유통전문판매업,,205167.535545926,448920.682564138,2026-05-03 22:38:54,I,01,영업,0,,,,,,,,,2024-09-02 12:11:41,2024-09-02,2.16,133-831,서울특별시 성동구 성수동2가 273-13 태광산업,N,,3030000-113-2024-00038,,3030000,"서울특별시 성동구 연무장15길 11, 태광산업 가(B)동 2층 217-14호 (성수동2가)",04783,01,영업/정상,유통전문판매업,,,,
,자가,더블유엠파트너스,유통전문판매업,,204475.487519581,448381.806898647,2026-05-03 22:38:54,I,01,영업,0,,,,,,,,,2024-09-04 12:14:13,2024-09-04,33.00,133-828,서울특별시 성동구 성수동2가 351,N,,3030000-113-2024-00039,,3030000,"서울특별시 성동구 둘레9길 20-5, 502호 (성수동2가)",04775,01,영업/정상,유통전문판매업,,,,
,자가,산동축산,유통전문판매업,,203261.445157003,451920.471996571,2026-05-03 22:38:54,I,01,영업,0,,,,,,,,,2024-09-06 14:56:44,2024-09-06,64.98,133-814,서울특별시 성동구 마장동 521-9,N,,3030000-113-2024-00040,,3030000,"서울특별시 성동구 고산자로 336, 1층 (마장동)",04748,01,영업/정상,유통전문판매업,,,,
,임대,(주)지비에프앤에프,유통전문판매업,,205076.420527132,449018.135624378,2026-05-03 22:38:54,I,01,영업,0,,,,,,,,,2024-12-09 15:01:55,2024-09-13,33.46,133-831,서울특별시 성동구 성수동2가 273-52 더리브 세종타워,N,,3030000-113-2024-00041,,3030000,"서울특별시 성동구 아차산로 126, 더리브 세종타워 지1층 B109호 (성수동2가)",04783,01,영업/정상,유통전문판매업,,,,
,자가,주식회사 무신사,유통전문판매업,,205285.668276206,449135.382261814,2026-05-03 22:38:54,I,01,영업,0,,,,,,,,,2024-09-24 16:16:09,2024-09-24,459.31,133-832,서울특별시 성동구 성수동2가 277-47,N,,3030000-113-2024-00043,,3030000,"서울특별시 성동구 아차산로13길 11, 10층 (성수동2가)",04797,01,영업/정상,유통전문판매업,070-8611-9658,,,
,자가,(주)코앤미,유통전문판매업,,204657.420622356,449324.025052953,2026-05-03 22:38:54,I,01,영업,0,,,,,,,,,2025-01-03 09:58:46,2024-09-25,145.46,133-833,서울특별시 성동구 성수동2가 284-68 창미빌딩,N,,3030000-113-2024-00044,,3030000,"서울특별시 성동구 성수일로10길 32, 창미빌딩 3층 307호 (성수동2가)",04793,01,영업/정상,유통전문판매업,,,,
,자가,예스네이처(YesNature),유통전문판매업,,204490.575313625,448999.207731164,2026-05-03 22:38:55,I,01,영업,0,,,,,,,,,2024-09-27 12:09:40,2024-09-27,74.00,133-822,서울특별시 성동구 성수동1가 16-42 미성아트빌,N,,3030000-113-2024-00046,,3030000,"서울특별시 성동구 뚝섬로5길 35, B동 502호 (성수동1가, 미성아트빌)",04781,01,영업/정상,유통전문판매업,070-8027-4185,,,
,자가,(주)디엠비젼,유통전문판매업,,202799.275304092,450325.895701664,2026-05-03 22:38:55,I,01,영업,0,,,,,,,,,2024-10-16 14:33:25,2024-10-16,49.05,133-070,서울특별시 성동구 행당동 376 서울숲행당푸르지오아파트,N,,3030000-113-2024-00048,,3030000,"서울특별시 성동구 고산자로 177, 상가동 104호 (행당동, 서울숲행당푸르지오아파트)",04716,01,영업/정상,유통전문판매업,02-6337-1011,,,
,자가,(주)씨엠엘엔코,유통전문판매업,,203700.056366196,449568.245237231,2026-05-03 22:38:55,I,01,영업,0,0,0,0,,,,0,,2024-12-30 16:59:30,2024-10-22,71.47,133-825,서울특별시 성동구 성수동1가 685-310,N,,3030000-113-2024-00049,,3030000,"서울특별시 성동구 서울숲7길 4, 1층 (성수동1가)",04766,01,영업/정상,유통전문판매업,,,,
,,(주)에이치알큐브,유통전문판매업,,205614.244466906,449436.909335702,2026-05-03 22:38:55,I,01,영업,0,,,,,,,,,2026-03-09 13:46:39,2024-10-23,8.80,133-832,서울특별시 성동구 성수동2가 280-13 삼환디지털벤처타워,N,,3030000-113-2024-00050,,3030000,"서울특별시 성동구 아차산로15길 52, 삼환디지털벤처타워 201호 (성수동2가)",04799,01,영업/정상,유통전문판매업,02-466-9051,,,
,자가,웰가동부총판 주식회사,유통전문판매업,,201288.808106586,448892.040271986,2026-05-03 22:38:55,I,01,영업,0,,,,,,,,,2024-11-01 15:04:04,2024-11-01,162.74,133-839,서울특별시 성동구 옥수동 293 대건속셈학원,N,,3030000-113-2024-00051,,3030000,"서울특별시 성동구 한림말3길 15-16, 대건속셈학원 2층 (옥수동)",04735,01,영업/정상,유통전문판매업,,,,
,자가,싸이코파라다이스(주),유통전문판매업,,204107.721373604,448877.550345327,2026-05-03 22:38:55,I,01,영업,0,,,,,,,,,2024-11-01 16:30:52,2024-11-01,23.96,133-823,서울특별시 성동구 성수동1가 656-432,N,,3030000-113-2024-00052,,3030000,"서울특별시 성동구 성수일로1길 14, 407호 (성수동1가)",04779,01,영업/정상,유통전문판매업,,,,
,자가,(주)크로스로우,유통전문판매업,,203520.706003601,449466.152282351,2026-05-03 22:38:55,I,01,영업,0,,,,,,,,,2024-11-22 16:46:56,2024-11-22,31.93,133-825,서울특별시 성동구 성수동1가 685-431,N,,3030000-113-2024-00053,,3030000,"서울특별시 성동구 서울숲2길 15-12, 201호 (성수동1가)",04768,01,영업/정상,유통전문판매업,,,,
,임대,(주)헬프랩,유통전문판매업,,203684.281166499,449280.97521227,2026-05-03 22:38:55,I,01,영업,0,,,,,,,,,2024-11-27 10:03:06,2024-11-27,106.02,133-825,서울특별시 성동구 성수동1가 685-696 갤러리아 포레,N,,3030000-113-2024-00055,,3030000,"서울특별시 성동구 서울숲2길 32-14, 지1층 B108-1호 (성수동1가, 갤러리아 포레)",04769,01,영업/정상,유통전문판매업,02-6909-5710,,,
,자가,인도천연식품판매원,유통전문판매업,,201775.776465405,449854.413607313,2026-05-03 22:38:55,I,01,영업,0,,,,,,,,,2025-05-29 16:15:12,2024-11-29,40.18,133-807,서울특별시 성동구 금호동3가 1135-1,N,,3030000-113-2024-00056,,3030000,"서울특별시 성동구 금호산10길 12-21, 1층 (금호동3가)",04726,01,영업/정상,유통전문판매업,,,,
,자가,에코이츠 주식회사,유통전문판매업,,205012.463517813,450704.353037905,2026-05-03 22:38:55,I,01,영업,0,,,,,,,,,2024-12-03 10:29:27,2024-12-03,21.06,133-851,서울특별시 성동구 용답동 250-14 서울새활용플라자,N,,3030000-113-2024-00057,,3030000,"서울특별시 성동구 자동차시장길 49, 서울새활용플라자 4층 415호 (용답동)",04807,01,영업/정상,유통전문판매업,070-7954-9380,,,
,자가,주)엄메이징 슈퍼마켓,유통전문판매업,,201669.803556903,449301.451523245,2026-05-03 22:38:56,I,01,영업,0,,,,,,,,,2025-04-09 13:43:18,2024-12-10,13.44,133-781,서울특별시 성동구 금호동4가 800 금호동 대우아파트,N,,3030000-113-2024-00058,,3030000,"서울특별시 성동구 독서당로 270, 금호동 대우아파트 상가동 115호 (금호동4가)",04738,01,영업/정상,유통전문판매업,,,,
,자가,이든푸드서비스 주식회사,유통전문판매업,,204823.87392408,449619.946737571,2026-05-03 22:38:56,I,01,영업,0,,,,,,,,,2025-07-18 09:28:05,2024-01-19,56.35,133-833,서울특별시 성동구 성수동2가 299-16 J16,N,,3030000-113-2024-00062,,3030000,"서울특별시 성동구 광나루로4가길 29, J16 5층 501호 (성수동2가)",04792,01,영업/정상,유통전문판매업,,,,
,임대,(주)도도레이블,유통전문판매업,,204953.424419107,448967.622178537,2026-05-03 22:38:56,I,01,영업,0,,,,,,,,,2025-05-16 17:13:42,2024-08-09,264.00,133-835,서울특별시 성동구 성수동2가 317-15,N,,3030000-113-2024-00064,,3030000,"서울특별시 성동구 성수이로 90, 2층 (성수동2가)",04783,01,영업/정상,유통전문판매업,02-6952-3834,,,
,임대,굿럭G.L,유통전문판매업,,203896.861862441,451749.775509181,2026-05-03 22:38:56,I,01,영업,0,,,,,,,,,2025-07-21 16:45:04,2024-02-23,28.00,133-815,서울특별시 성동구 마장동 767-31,N,,3030000-113-2024-00066,,3030000,"서울특별시 성동구 마장로35길 114-68, 1층 (마장동)",04756,01,영업/정상,유통전문판매업,1577-9509,,,
,자가,어니스트리,유통전문판매업,,203481.628249668,450468.773302861,2026-05-03 22:38:56,I,01,영업,0,,,,,,,,,2025-12-23 15:10:50,2024-07-08,378.85,133-070,서울특별시 성동구 행당동 377 서울숲 더샵,N,,3030000-113-2024-00067,,3030000,"서울특별시 성동구 왕십리로 241, 201동 상가201호 (행당동, 서울숲 더샵)",04765,01,영업/정상,유통전문판매업,02-1577-5560,,,
,임대,주식회사 씨플로우,유통전문판매업,,203808.758780095,449612.381770941,2026-05-03 22:38:56,I,01,영업,0,0,0,0,,,,0,,2026-02-02 14:43:31,2024-06-07,25.00,133-823,서울특별시 성동구 성수동1가 656-292 KD타워,N,,3030000-113-2024-00068,,3030000,"서울특별시 성동구 왕십리로 125, KD타워 5층 502호 (성수동1가)",04766,01,영업/정상,유통전문판매업,,,,
,자가,주식회사 아스트라노바코리아,유통전문판매업,,204743.677915464,449357.9464135,2026-05-03 22:38:56,I,01,영업,0,,,,,,,,,2025-01-20 11:39:21,2025-01-14,3.30,133-834,서울특별시 성동구 성수동2가 289-21 제이제이빌딩,N,,3030000-113-2025-00001,,3030000,"서울특별시 성동구 아차산로7길 15-1, 제이제이빌딩 3층 3345호 (성수동2가)",04793,01,영업/정상,유통전문판매업,,,,
,자가,키토샤인,유통전문판매업,,201157.877298502,449563.280012747,2026-05-03 22:38:56,I,01,영업,0,,,,,,,,,2025-01-17 09:16:52,2025-01-17,32.00,133-845,서울특별시 성동구 옥수동 528 이편한세상옥수파크힐스,N,,3030000-113-2025-00002,,3030000,"서울특별시 성동구 매봉길 50, 103동 604호 (옥수동, 이편한세상옥수파크힐스)",04731,01,영업/정상,유통전문판매업,,,,
,자가,주식회사 마르스랩스,유통전문판매업,,205077.325266776,448924.655109511,2026-05-03 22:38:57,I,01,영업,0,,,,,,,,,2025-01-22 10:34:04,2025-01-22,6.60,133-831,서울특별시 성동구 성수동2가 273-19 아이템플,N,,3030000-113-2025-00005,,3030000,"서울특별시 성동구 연무장13길 9, 아이템플 5662호 (성수동2가)",04783,01,영업/정상,유통전문판매업,,,,
,자가,주식회사 이끌림컴퍼니,유통전문판매업,,205508.384066778,450977.175277874,2026-05-03 22:38:57,I,01,영업,0,,,,,,,,,2025-02-10 16:02:53,2025-02-05,50.00,133-850,서울특별시 성동구 용답동 232-8 화성빌딩,N,,3030000-113-2025-00006,,3030000,"서울특별시 성동구 자동차시장1길 49, 화성빌딩 5층 (용답동)",04808,01,영업/정상,유통전문판매업,,,,
,임대,어프로치 서울,유통전문판매업,,204522.096092445,448925.421926728,2026-05-03 22:38:57,I,01,영업,0,,,,,,,,,2025-02-07 17:06:37,2025-02-07,23.00,133-827,서울특별시 성동구 성수동2가 308-4 서울숲코오롱디지털타워,N,,3030000-113-2025-00007,,3030000,"서울특별시 성동구 성수일로4길 25, 서울숲코오롱디지털타워 308호 (성수동2가)",04781,01,영업/정상,유통전문판매업,070-4924-1151,,,
,자가,주식회사 오일프라이드집,유통전문판매업,,204719.868781115,448999.917220423,2026-05-03 22:38:57,I,01,영업,0,,,,,,,,,2025-02-07 17:39:17,2025-02-07,22.00,133-835,서울특별시 성동구 성수동2가 316-24,N,,3030000-113-2025-00008,,3030000,"서울특별시 성동구 연무장길 41-18, 지층 (성수동2가)",04782,01,영업/정상,유통전문판매업,070-8836-5533,,,
,자가,주식회사 한가한,유통전문판매업,,203952.299414847,449396.006914845,2026-05-03 22:38:57,I,01,영업,0,,,,,,,,,2025-03-14 17:45:59,2025-03-14,62.76,133-823,서울특별시 성동구 성수동1가 656-483,N,,3030000-113-2025-00010,,3030000,"서울특별시 성동구 왕십리로10길 8, 4층 (성수동1가)",04778,01,영업/정상,유통전문판매업,,,,
,자가,(주)미트밴드,유통전문판매업,,203355.61815955,451977.686207707,2026-05-03 22:38:57,I,01,영업,0,,,,,,,,,2025-03-17 15:02:20,2025-03-17,14.00,133-814,서울특별시 성동구 마장동 509-11,N,,3030000-113-2025-00011,,3030000,"서울특별시 성동구 고산자로24길 11, 1동 1층 (마장동)",04748,01,영업/정상,유통전문판매업,,,,
,자가,에프지푸드,유통전문판매업,,204364.466586098,449097.289442035,2026-05-03 22:38:57,I,01,영업,0,,,,,,,,,2025-03-25 13:36:59,2025-03-25,6.61,133-835,서울특별시 성동구 성수동2가 301-20,N,,3030000-113-2025-00012,,3030000,"서울특별시 성동구 연무장길 3-2, 1층 (성수동2가)",04782,01,영업/정상,유통전문판매업,,,,
,자가,주식회사 모트모트,유통전문판매업,,203979.505134338,449405.638012324,2026-05-03 22:38:57,I,01,영업,0,,,,,,,,,2025-04-29 15:17:45,2025-04-29,10.00,133-823,서울특별시 성동구 성수동1가 656-401,N,,3030000-113-2025-00013,,3030000,"서울특별시 성동구 왕십리로10길 9-2, 7층 (성수동1가)",04778,01,영업/정상,유통전문판매업,070-8865-9057,,,
,자가,(주)웨이크버니,유통전문판매업,,204901.926291615,449183.087098575,2026-05-03 22:38:57,I,01,영업,0,,,,,,,,,2025-05-15 10:43:31,2025-05-15,1.00,133-834,서울특별시 성동구 성수동2가 300-3,N,,3030000-113-2025-00014,,3030000,"서울특별시 성동구 아차산로 107, 4층 402 (Z157)호 (성수동2가)",04794,01,영업/정상,유통전문판매업,,,,
,자가,(유)진한케어,유통전문판매업,,204186.288886196,448831.495320007,2026-05-03 22:38:57,I,01,영업,0,,,,,,,,,2025-05-23 14:24:30,2025-05-23,54.00,133-823,서울특별시 성동구 성수동1가 656-108,N,,3030000-113-2025-00015,,3030000,"서울특별시 성동구 성수일로3길 3-16, 1층 (성수동1가)",04779,01,영업/정상,유통전문판매업,,,,
,자가,(주)오케이쇼핑,유통전문판매업,,204743.677915464,449357.9464135,2026-05-03 22:38:57,I,01,영업,0,,,,,,,,,2025-05-27 10:43:17,2025-05-27,16.00,133-834,서울특별시 성동구 성수동2가 289-21 제이제이빌딩,N,,3030000-113-2025-00016,,3030000,"서울특별시 성동구 아차산로7길 15-1, 제이제이빌딩 411호 (성수동2가)",04793,01,영업/정상,유통전문판매업,070-8027-2245,,,
,임대,(주)루센틱,유통전문판매업,,204764.658079784,449437.628334972,2026-05-03 22:38:57,I,01,영업,0,,,,,,,,,2025-05-29 08:41:05,2025-05-29,9.00,133-834,서울특별시 성동구 성수동2가 289-20 신한은행,N,,3030000-113-2025-00017,,3030000,"서울특별시 성동구 아차산로7길 21, 신한은행 4층 183호 (성수동2가)",04793,01,영업/정상,유통전문판매업,,,,
,임대,(주)비플랜트,유통전문판매업,,204498.861587699,449262.816793896,2026-05-03 22:38:57,I,01,영업,0,,,,,,,,,2025-06-04 09:43:52,2025-06-04,236.38,133-835,서울특별시 성동구 성수동2가 301-94 AU COMMERCE,N,,3030000-113-2025-00018,,3030000,"서울특별시 성동구 아차산로 68, AU COMMERCE 12층 1201, 12A, 12B호 (성수동2가)",04782,01,영업/정상,유통전문판매업,,,,
,자가,베러밀,유통전문판매업,,204244.200540577,448783.561480878,2026-05-03 22:38:57,I,01,영업,0,,,,,,,,,2025-06-04 15:31:53,2025-06-04,68.80,133-819,서울특별시 성동구 성수동1가 72-8 서울숲 ITCT 지식산업센터,N,,3030000-113-2025-00019,,3030000,"서울특별시 성동구 성수일로 10, 서울숲 ITCT 지식산업센터 3층 305호 (성수동1가)",04780,01,영업/정상,유통전문판매업,,,,
,자가,웰코아,유통전문판매업,,202123.945372037,449439.208248721,2026-05-03 22:38:57,I,01,영업,0,,,,,,,,,2025-06-18 14:19:19,2025-06-18,62.42,133-808,서울특별시 성동구 금호동4가 187-1,N,,3030000-113-2025-00020,,3030000,"서울특별시 성동구 금호로3길 8, 501호 (금호동4가)",04737,01,영업/정상,유통전문판매업,02-469-9161,,,
,자가,오스크엔터테인먼트(주),유통전문판매업,,201963.961381932,449840.129730007,2026-05-03 22:38:57,I,01,영업,0,,,,,,,,,2025-07-02 17:11:46,2025-07-02,112.21,133-805,서울특별시 성동구 금호동3가 622-2,N,,3030000-113-2025-00021,,3030000,"서울특별시 성동구 무수막길 45, 지하1층 (금호동3가)",04729,01,영업/정상,유통전문판매업,02-541-4625,,,
,임대,트리베어,유통전문판매업,,201570.691797244,450105.738224895,2026-05-03 22:38:57,I,01,영업,0,,,,,,,,,2025-07-03 10:01:24,2025-07-03,30.00,133-803,서울특별시 성동구 금호동2가 421-18 초원빌라,N,,3030000-113-2025-00022,,3030000,"서울특별시 성동구 금호산9가길 59-15, 201호 (금호동2가, 초원빌라)",04723,01,영업/정상,유통전문판매업,,,,
,자가,(주)제이엠디커머스,유통전문판매업,,205077.325266776,448924.655109511,2026-05-03 22:38:57,I,01,영업,0,,,,,,,,,2025-07-03 11:23:29,2025-07-03,6.60,133-831,서울특별시 성동구 성수동2가 273-19 아이템플,N,,3030000-113-2025-00023,,3030000,"서울특별시 성동구 연무장13길 9, 아이템플 7150호 (성수동2가)",04783,01,영업/정상,유통전문판매업,,,,
,자가,포스트린텔,유통전문판매업,,200951.206580662,449000.920061846,2026-05-03 22:38:57,I,01,영업,0,,,,,,,,,2025-07-08 13:49:21,2025-07-08,84.00,133-844,서울특별시 성동구 옥수동 428 옥수동극동아파트,N,,3030000-113-2025-00024,,3030000,"서울특별시 성동구 독서당로 191, 6동 102호 (옥수동, 옥수동극동아파트)",04732,01,영업/정상,유통전문판매업,,,,
,자가,스카이바운드 주식회사,유통전문판매업,,203826.996721314,449353.76111036,2026-05-03 22:38:57,I,01,영업,0,,,,,,,,,2025-07-18 09:13:54,2025-07-18,143.38,133-824,서울특별시 성동구 성수동1가 668-38,N,,3030000-113-2025-00025,,3030000,"서울특별시 성동구 왕십리로5길 9-20, 2층 (성수동1가)",04768,01,영업/정상,유통전문판매업,070-4687-7382,,,
,임대,정구에프앤비 주식회사,유통전문판매업,,204847.846010514,449037.176697228,2026-05-03 22:38:57,I,01,영업,0,,,,,,,,,2025-07-23 13:16:15,2025-07-23,35.20,133-835,서울특별시 성동구 성수동2가 315-61 성수역 SK V1 Tower,N,,3030000-113-2025-00026,,3030000,"서울특별시 성동구 연무장5가길 25, 성수역 SK V1 Tower 4층 418호 (성수동2가)",04782,01,영업/정상,유통전문판매업,,,,
,임대,주식회사 미토스랩,유통전문판매업,,205091.534559816,448856.243978282,2026-05-03 22:38:57,I,01,영업,0,,,,,,,,,2025-07-30 12:53:28,2025-07-30,4.80,133-831,서울특별시 성동구 성수동2가 271-4 통일타워,N,,3030000-113-2025-00027,,3030000,"서울특별시 성동구 연무장13길 4-1, 통일타워 7층 716호 (성수동2가)",04783,01,영업/정상,유통전문판매업,,,,
,자가,주식회사 비바넥사,유통전문판매업,,204740.614749721,449062.0964599,2026-05-03 22:38:57,I,01,영업,0,,,,,,,,,2025-08-05 14:27:47,2025-08-05,50.00,133-835,서울특별시 성동구 성수동2가 314-12,N,,3030000-113-2025-00028,,3030000,"서울특별시 성동구 연무장7길 11, 8층 (성수동2가)",04782,01,영업/정상,유통전문판매업,,,,
,자가,컨버젼스마인드,유통전문판매업,,202800.073267775,451105.26748549,2026-05-03 22:38:58,I,01,영업,0,,,,,,,,,2025-08-05 14:40:18,2025-08-05,5.00,133-858,서울특별시 성동구 하왕십리동 966-22,N,,3030000-113-2025-00029,,3030000,"서울특별시 성동구 무학봉28길 4-1, 4층 402호 (하왕십리동)",04714,01,영업/정상,유통전문판매업,,,,
,임대,탑티어마케팅,유통전문판매업,,205023.444297734,451031.23574065,2026-05-03 22:38:58,I,01,영업,0,,,,,,,,,2025-08-12 09:30:21,2025-08-12,28.87,133-847,서울특별시 성동구 용답동 226-7 그린빌-A,N,,3030000-113-2025-00030,,3030000,"서울특별시 성동구 자동차시장3길 1, 203호 (용답동, 그린빌-A)",04808,01,영업/정상,유통전문판매업,,,,
,자가,그랑도레미,유통전문판매업,,203317.927472762,450325.762102452,2026-05-03 22:38:58,I,01,영업,0,,,,,,,,,2025-08-14 17:19:49,2025-08-14,3.30,133-070,서울특별시 성동구 행당동 380 서울숲리버뷰자이,N,,3030000-113-2025-00031,,3030000,"서울특별시 성동구 고산자로2길 65, 103동 1102호 (행당동, 서울숲리버뷰자이)",04745,01,영업/정상,유통전문판매업,,,,
,자가,성수베이킹스튜디오,유통전문판매업,,203796.430606571,449326.430924597,2026-05-03 22:38:58,I,01,영업,0,,,,,,,,,2025-08-27 15:30:08,2025-08-27,6.99,133-824,서울특별시 성동구 성수동1가 668-123,N,,3030000-113-2025-00032,,3030000,"서울특별시 성동구 서울숲2길 46, 지1층 (성수동1가)",04768,01,영업/정상,유통전문판매업,,,,
,자가,힐라보,유통전문판매업,2026-04-13,204629.17269796,449145.686220169,2026-05-03 22:38:58,I,02,폐업,0,,,,,,,,,2026-04-13 15:44:21,2025-08-28,8.00,133-835,서울특별시 성동구 성수동2가 314-7 에이치디앤텍빌딩,N,,3030000-113-2025-00033,,3030000,"서울특별시 성동구 연무장5길 18, 에이치디앤텍빌딩 302호 (성수동2가)",04782,03,폐업,유통전문판매업,,,,
,임대,원바이제로,유통전문판매업,,203843.501676692,448746.104640885,2026-05-03 22:38:58,I,01,영업,0,0,0,0,,,,0,,2025-08-28 12:49:03,2025-08-28,13.98,133-823,서울특별시 성동구 성수동1가 656-410 홍성빌딩,N,,3030000-113-2025-00034,,3030000,"서울특별시 성동구 왕십리로 38, 홍성빌딩 4층 405호 (성수동1가)",04773,01,영업/정상,유통전문판매업,,,,
,자가,누데이크 티하우스,유통전문판매업,,205118.76991217,448435.996211509,2026-05-03 22:38:58,I,01,영업,0,,,,,,,,,2025-08-29 09:13:56,2025-08-29,111.00,133-826,서울특별시 성동구 성수동2가 261 아이아이컴바인드,N,,3030000-113-2025-00035,,3030000,"서울특별시 성동구 뚝섬로 433, 아이아이컴바인드 5층 (성수동2가)",04785,01,영업/정상,유통전문판매업,1600-2126,,,
,자가,버터플라이어,유통전문판매업,,,,2026-05-03 22:38:58,I,01,영업,0,,,,,,,,,2025-08-29 14:17:27,2025-08-29,5.00,133-923,서울특별시 성동구 성수동1가 721 서울숲아이파크리버포레,N,,3030000-113-2025-00036,,3030000,"서울특별시 성동구 왕십리로 137, 119동 1층 (성수동1가, 서울숲아이파크리버포레)",04766,01,영업/정상,유통전문판매업,,,,
,자가,(주)티오앨리언스,유통전문판매업,,205948.345792507,450817.818999312,2026-05-03 22:38:58,I,01,영업,0,,,,,,,,,2025-09-03 16:23:37,2025-09-03,46.25,133-851,서울특별시 성동구 용답동 238-2 오르세오피스텔,N,,3030000-113-2025-00037,,3030000,"서울특별시 성동구 자동차시장1길 94-15, 오르세오피스텔 806호 (용답동)",04808,01,영업/정상,유통전문판매업,02-790-9868,,,
,자가,아바미 주식회사,유통전문판매업,,204213.931288501,449363.057036726,2026-05-03 22:38:58,I,01,영업,0,,,,,,,,,2025-09-12 16:38:28,2025-09-12,2.23,133-721,서울특별시 성동구 성수동1가 656-766 개풍빌딩,N,,3030000-113-2025-00039,,3030000,"서울특별시 성동구 아차산로 38, 개풍빌딩 101호-2 (성수동1가)",04779,01,영업/정상,유통전문판매업,,,,
,자가,바이탈코리아진생 주식회사,유통전문판매업,,205064.791979951,448781.395002121,2026-05-03 22:38:58,I,01,영업,0,,,,,,,,,2025-09-19 14:03:38,2025-09-19,12.00,133-831,서울특별시 성동구 성수동2가 271-12 위즈엘 성수(WiZ-L SEONGSU),N,,3030000-113-2025-00040,,3030000,"서울특별시 성동구 뚝섬로13길 36, 위즈엘 성수(WiZ-L SEONGSU) 8층 (성수동2가)",04785,01,영업/정상,유통전문판매업,02-1661-2039,,,
,자가,샤도,유통전문판매업,,,,2026-05-03 22:38:58,I,01,영업,0,,,,,,,,,2026-03-03 17:56:24,2025-10-17,5.00,133-923,서울특별시 성동구 성수동1가 721 서울숲아이파크리버포레,N,,3030000-113-2025-00041,,3030000,"서울특별시 성동구 왕십리로 137, 119동 공공청사 1층 (성수동1가, 서울숲아이파크리버포레)",04766,01,영업/정상,유통전문판매업,,,,
,자가,감정생활,유통전문판매업,,203790.553295994,451850.046317312,2026-05-03 22:38:58,I,01,영업,0,,,,,,,,,2025-10-29 09:22:53,2025-10-29,84.99,133-050,서울특별시 성동구 마장동 822 청계미소지움,N,,3030000-113-2025-00042,,3030000,"서울특별시 성동구 마장로39길 43, 102동 1602호 (마장동, 청계미소지움)",04753,01,영업/정상,유통전문판매업,,,,
,자가,주식회사 에이치커머스,유통전문판매업,,203088.567169633,450129.509086036,2026-05-03 22:38:58,I,01,영업,0,,,,,,,,,2025-11-05 13:40:34,2025-11-05,9.90,133-769,서울특별시 성동구 응봉동 15 대림 강변 타운,N,,3030000-113-2025-00043,,3030000,"서울특별시 성동구 고산자로 160, 113동 104호 (응봉동, 대림 강변 타운)",04747,01,영업/정상,유통전문판매업,,,,
,임대,(주)호텔리어코리아,유통전문판매업,,205784.868811814,450883.524006222,2026-05-03 22:38:58,I,01,영업,0,,,,,,,,,2025-11-07 16:35:08,2025-11-07,79.27,133-850,서울특별시 성동구 용답동 234 장안평중고자동차시장,N,,3030000-113-2025-00044,,3030000,"서울특별시 성동구 자동차시장1길 70, 장안평중고자동차시장 B호 C동 3층 10호 (용답동)",04808,01,영업/정상,유통전문판매업,,,,
,자가,주식회사 두더지,유통전문판매업,,202932.381982673,451169.524277434,2026-05-03 22:38:58,I,01,영업,0,,,,,,,,,2025-11-10 11:30:26,2025-11-10,3.64,133-882,서울특별시 성동구 도선동 58-1 세신빌딩,N,,3030000-113-2025-00045,,3030000,"서울특별시 성동구 왕십리로 326, 세신빌딩 6층 R637호 (도선동)",04709,01,영업/정상,유통전문판매업,02-2210-7909,,,
,자가,젠토니카코리아 주식회사,유통전문판매업,,202800.073267775,451105.26748549,2026-05-03 22:38:58,I,01,영업,0,,,,,,,,,2025-11-11 13:16:36,2025-11-11,3.30,133-858,서울특별시 성동구 하왕십리동 966-22,N,,3030000-113-2025-00046,,3030000,"서울특별시 성동구 무학봉28길 4-1, 4층 455호 (하왕십리동)",04714,01,영업/정상,유통전문판매업,070-4687-7273,,,
,자가,자연관 주식회사,유통전문판매업,,204213.931288501,449363.057036726,2026-05-03 22:38:58,I,01,영업,0,,,,,,,,,2026-04-02 11:28:19,2025-11-25,4.29,133-721,서울특별시 성동구 성수동1가 656-766 개풍빌딩,N,,3030000-113-2025-00047,,3030000,"서울특별시 성동구 아차산로 38, 개풍빌딩 3층 312호 (성수동1가)",04779,01,영업/정상,유통전문판매업,,,,
,자가,낫배드컴퍼니,유통전문판매업,,205945.329679551,450667.558099635,2026-05-03 22:38:58,I,01,영업,0,,,,,,,,,2025-12-05 14:11:55,2025-12-05,40.98,133-851,서울특별시 성동구 용답동 238-7,N,,3030000-113-2025-00048,,3030000,"서울특별시 성동구 가람길 267, 1407호 (용답동)",04808,01,영업/정상,유통전문판매업,,,,
,임대,(주)라이온컴퍼니,유통전문판매업,,201157.877298502,449563.280012747,2026-05-03 22:38:58,I,01,영업,0,,,,,,,,,2025-12-23 10:10:35,2025-12-23,59.59,133-845,서울특별시 성동구 옥수동 528 이편한세상옥수파크힐스,N,,3030000-113-2025-00049,,3030000,"서울특별시 성동구 매봉길 50, 119동 6층 3호 (옥수동, 이편한세상옥수파크힐스)",04731,01,영업/정상,유통전문판매업,,,,
,임대,(주)필라멘토,유통전문판매업,,,,2026-05-03 22:38:58,I,01,영업,0,0,0,0,,,,0,,2026-01-26 16:24:22,2025-04-09,3.49,133-923,서울특별시 성동구 성수동1가 721 서울숲아이파크리버포레,N,,3030000-113-2025-00050,,3030000,"서울특별시 성동구 왕십리로 137, 119동 공공청사 1층 (성수동1가, 서울숲아이파크리버포레)",04766,01,영업/정상,유통전문판매업,070-4211-9012,,,
,자가,제이케이디엠,유통전문판매업,,203088.567169633,450129.509086036,2026-05-03 22:38:58,I,01,영업,0,,,,,,,,,2026-01-06 15:36:12,2026-01-06,9.90,133-769,서울특별시 성동구 응봉동 15 대림 강변 타운,N,,3030000-113-2026-00001,,3030000,"서울특별시 성동구 고산자로 160, 101동 1003호 (응봉동, 대림 강변 타운)",04747,01,영업/정상,유통전문판매업,02-6337-1011,,,
,자가,(주)새담에프앤비,유통전문판매업,,205496.0934721,448749.694309062,2026-05-03 22:38:58,I,01,영업,0,,,,,,,,,2026-01-13 10:19:14,2026-01-13,10.00,133-831,서울특별시 성동구 성수동2가 275-3,N,,3030000-113-2026-00002,,3030000,"서울특별시 성동구 동일로 91, 제에이동 4층 401호 (성수동2가)",04787,01,영업/정상,유통전문판매업,02-2039-9477,,,
,임대,주식회사 뉴앵글,유통전문판매업,,204213.931288501,449363.057036726,2026-05-03 22:38:58,I,01,영업,0,,,,,,,,,2025-09-12 15:44:12,2025-09-12,4.57,133-721,서울특별시 성동구 성수동1가 656-766 개풍빌딩,N,,3030000-113-2025-00038,,3030000,"서울특별시 성동구 아차산로 38, 개풍빌딩 3층 314호 (성수동1가)",04779,01,영업/정상,유통전문판매업,,,,
,자가,비에스에이치글로벌,유통전문판매업,,205014.436191811,448961.208329966,2026-05-03 22:38:58,I,01,영업,0,,,,,,,,,2026-01-13 13:07:01,2026-01-13,4.96,133-831,서울특별시 성동구 성수동2가 273-61 우리큐브,N,,3030000-113-2026-00003,,3030000,"서울특별시 성동구 연무장11길 10, 우리큐브 2층 285A호 (성수동2가)",04783,01,영업/정상,유통전문판매업,,,,
,임대,주식회사 벤도어,유통전문판매업,,205073.47604441,448797.51637505,2026-05-03 22:38:58,I,01,영업,0,,,,,,,,,2026-01-16 16:29:24,2026-01-16,10.65,133-831,서울특별시 성동구 성수동2가 271-11 상상플래닛,N,,3030000-113-2026-00004,,3030000,"서울특별시 성동구 뚝섬로13길 38, 상상플래닛 7층 713호 (성수동2가)",04785,01,영업/정상,유통전문판매업,,,,
,자가,(주)로와인터내셔널,유통전문판매업,,203808.758780095,449612.381770941,2026-05-03 22:38:58,I,01,영업,0,,,,,,,,,2026-01-19 16:48:35,2026-01-19,23.91,133-823,서울특별시 성동구 성수동1가 656-292 KD타워,N,,3030000-113-2026-00005,,3030000,"서울특별시 성동구 왕십리로 125, KD타워 6층 612호 (성수동1가)",04766,01,영업/정상,유통전문판매업,1877-7773,,,
,자가,Jullab(쥴랩),유통전문판매업,,203487.538752896,449418.65168669,2026-05-03 22:38:58,I,01,영업,0,,,,,,,,,2026-01-22 15:09:56,2026-01-22,6.60,133-825,서울특별시 성동구 성수동1가 685-462,N,,3030000-113-2026-00006,,3030000,"서울특별시 성동구 서울숲2길 16-8, 1층 (성수동1가)",04768,01,영업/정상,유통전문판매업,,,,
,,맛골,유통전문판매업,,203299.090419064,458350.874125065,2026-05-03 22:32:39,I,01,영업,0,0,0,0,,,,0,,2018-06-26 10:49:29,2003-11-12,16.00,142-860,서울특별시 강북구 번동 148-26,N,,3080000-113-2003-00003,,3080000,서울특별시 강북구 오현로 176 (번동),01223,01,영업/정상,유통전문판매업,02-999-0925,,,
,자가,땡큐푸드,유통전문판매업,,202804.23828949,456997.321899957,2026-05-03 22:32:40,I,01,영업,0,,,,,,,,,2012-02-02 15:00:48,2011-04-15,99.36,142-800,서울특별시 강북구 미아동 87-29,N,,3080000-113-2011-00001,,3080000,"서울특별시 강북구 오현로6길 25 (미아동, 지층)",01217,01,영업/정상,유통전문판매업,02-988-5218,,,
,임대,롯데쇼핑(주)롯데마트 삼양점,유통전문판매업,,201494.627293774,458136.342274236,2026-05-03 22:32:40,I,01,영업,0,,,,,,,,,2026-04-28 11:00:54,2011-09-19,69.00,142-100,서울특별시 강북구 미아동 1359,N,,3080000-113-2011-00003,,3080000,서울특별시 강북구 삼양로 247 (미아동),01110,01,영업/정상,유통전문판매업,02-944-1520,,,
,자가,주식회사 대현푸드빌,유통전문판매업,,202502.334998391,459833.353495151,2026-05-03 22:32:41,I,01,영업,0,,,,,,,,,2015-07-21 17:13:16,2015-07-21,20.00,142-868,서울특별시 강북구 번동 464-8 2층,N,,3080000-113-2015-00006,,3080000,"서울특별시 강북구 도봉로 384, 2층 (번동)",01056,01,영업/정상,유통전문판매업,02-900-8861,,,
,자가,엘디알코스메틱(L.D.R. 코스메틱),유통전문판매업,,201077.357235865,461497.076608921,2026-05-03 22:32:42,I,01,영업,0,,,,,,,,,2017-03-21 15:49:45,2017-03-21,66.00,142-892,서울특별시 강북구 우이동 64-1 지층,N,,3080000-113-2017-00003,,3080000,"서울특별시 강북구 삼양로 593 (우이동, 지층)",01006,01,영업/정상,유통전문판매업,,,,
,자가,마니,유통전문판매업,,202349.19858294,457676.931073605,2026-05-03 22:32:42,I,01,영업,0,,,,,,,,,2017-12-05 15:15:09,2017-12-05,151.00,142-815,서울특별시 강북구 미아동 322-4 미진빌딩2층,N,,3080000-113-2017-00008,,3080000,"서울특별시 강북구 도봉로33길 9, 2층 (미아동)",01176,01,영업/정상,유통전문판매업,,,,
,자가,(주)더준푸드윈,유통전문판매업,,201483.806605109,458564.046357156,2026-05-03 22:32:43,I,01,영업,0,,,,,,,,,2019-02-21 14:39:34,2019-02-21,143.76,142-875,서울특별시 강북구 수유동 482-11 지하1층,N,,3080000-113-2019-00001,,3080000,"서울특별시 강북구 삼양로73길 3, 지하1층 (수유동)",01103,01,영업/정상,유통전문판매업,02-959-2011,,,
,임대,제이내추럴에프앤비,유통전문판매업,,202228.431717714,458158.105668456,2026-05-03 22:32:43,I,01,영업,0,,,,,,,,,2019-07-31 14:39:22,2019-07-31,26.40,142-812,서울특별시 강북구 미아동 304-2 상아빌딩,N,,3080000-113-2019-00002,,3080000,"서울특별시 강북구 도봉로 191, 상아빌딩 4층 (미아동)",01170,01,영업/정상,유통전문판매업,,,,
,자가,하나메디,유통전문판매업,,200906.399676992,462147.247975967,2026-05-03 22:32:43,I,01,영업,0,,,,,,,,,2019-08-08 10:45:55,2019-08-08,20.52,142-871,서울특별시 강북구 우이동 164-8 지층,N,,3080000-113-2019-00003,,3080000,"서울특별시 강북구 삼양로169길 34-11, 지층 (우이동)",01002,01,영업/정상,유통전문판매업,02-6408-1040,,,
,자가,주식회사 두레에프앤비,유통전문판매업,,201396.354357328,460584.002572911,2026-05-03 22:32:43,I,01,영업,0,,,,,,,,,2024-12-13 10:17:44,2019-07-23,137.63,142-879,서울특별시 강북구 수유동 273-64 거목노인요양원,N,,3080000-113-2019-00007,,3080000,"서울특별시 강북구 한천로 1160, 거목노인요양원 2층 좌측호 (수유동)",01046,01,영업/정상,유통전문판매업,,,,
,자가,오안네스푸드 주식회사,유통전문판매업,,202032.757631932,459259.443978524,2026-05-03 22:32:43,I,01,영업,0,,,,,,,,,2020-03-19 14:08:18,2020-03-19,3.64,142-867,서울특별시 강북구 번동 449-1 북한산스카이빌딩,N,,3080000-113-2020-00003,,3080000,"서울특별시 강북구 도봉로 308, 북한산스카이빌딩 8층 R839호 (번동)",01062,01,영업/정상,유통전문판매업,,,,
,자가,주식회사 리디브,유통전문판매업,,205346.246613591,449493.845097306,2026-05-03 22:38:48,I,01,영업,0,,,,,,,,,2021-12-02 16:01:17,2021-12-02,.00,133-832,서울특별시 성동구 성수동2가 280-38 아인빌딩,N,,3030000-113-2021-00060,,3030000,"서울특별시 성동구 광나루로 286, 아인빌딩 9층 (성수동2가)",04796,01,영업/정상,유통전문판매업,,,,
,자가,(주)망원동티라미수,유통전문판매업,,204501.250109507,449210.902758197,2026-05-03 22:38:48,I,01,영업,0,,,,,,,,,2021-12-09 14:17:02,2021-12-09,48.60,133-835,서울특별시 성동구 성수동2가 301-7,N,,3030000-113-2021-00062,,3030000,"서울특별시 성동구 연무장3길 17, 2층 (성수동2가)",04782,01,영업/정상,유통전문판매업,02-3144-7872,,,
,자가,(주)웰썬비즈,유통전문판매업,,204966.098616157,449159.452779834,2026-05-03 22:38:48,I,01,영업,0,0,0,0,,,,0,,2024-01-09 17:51:49,2021-12-13,12.00,133-834,서울특별시 성동구 성수동2가 300-1 삼진빌딩,N,,3030000-113-2021-00063,,3030000,"서울특별시 성동구 아차산로 113, 삼진빌딩 8층 8263호 (성수동2가)",04794,01,영업/정상,유통전문판매업,02-466-0053,,,
,임대,주식회사 딜런티,유통전문판매업,,205077.325266776,448924.655109511,2026-05-03 22:38:48,I,01,영업,0,0,0,0,,,,0,,2023-12-29 16:49:56,2021-12-14,6.60,133-831,서울특별시 성동구 성수동2가 273-19 아이템플,N,,3030000-113-2021-00064,,3030000,"서울특별시 성동구 연무장13길 9, 아이템플 7층 7115호 (성수동2가)",04783,01,영업/정상,유통전문판매업,02-333-5585,,,
,자가,주식회사 잇웨이브,유통전문판매업,,202372.912023599,451536.680876573,2026-05-03 22:38:48,I,01,영업,4,0,0,0,,,,0,,2025-01-14 16:13:51,2021-08-18,4.00,133-020,서울특별시 성동구 하왕십리동 1070 센트라스,N,,3030000-113-2021-00070,,3030000,"서울특별시 성동구 왕십리로 410, 153타워동 6층 610호 (하왕십리동, 센트라스)",04701,01,영업/정상,유통전문판매업,02-1833-5609,,,
,자가,(주)헬스베버리지,유통전문판매업,,205014.436191811,448961.208329966,2026-05-03 22:38:48,I,01,영업,0,0,0,0,,,,0,,2024-12-31 15:52:43,2021-06-10,5.00,133-831,서울특별시 성동구 성수동2가 273-61 우리큐브,N,,3030000-113-2021-00072,,3030000,"서울특별시 성동구 연무장11길 10, 우리큐브 2층 2023호 (성수동2가)",04783,01,영업/정상,유통전문판매업,02-6452-6123,,,
,자가,자연경옥,유통전문판매업,,201383.023709556,449744.280482389,2026-05-03 22:38:48,I,01,영업,0,,,,,,,,,2023-12-01 09:35:27,2021-04-30,6.60,133-751,서울특별시 성동구 금호동3가 1331 두산아파트,N,,3030000-113-2021-00073,,3030000,"서울특별시 성동구 동호로 100, 116동 202호 (금호동3가, 두산아파트)",04724,01,영업/정상,유통전문판매업,,,,
,임대,(주)깊은,유통전문판매업,,204948.345073119,448659.767345547,2026-05-03 22:38:48,I,01,영업,0,,,,,,,,,2024-01-08 10:05:59,2021-08-24,97.32,133-826,서울특별시 성동구 성수동2가 269-25 에이스 하이엔드 성수타워,N,,3030000-113-2021-00074,,3030000,"서울특별시 성동구 성수이로10길 14, 에이스 하이엔드 성수타워 9층 908호 (성수동2가)",04784,01,영업/정상,유통전문판매업,070-4107-9433,,,
,임대,(주)로앤엄,유통전문판매업,,204010.661561346,449568.973691057,2026-05-03 22:38:49,I,01,영업,0,,,,,,,,,2025-06-18 17:10:49,2021-10-12,3.00,133-924,서울특별시 성동구 성수동1가 656-823,N,,3030000-113-2021-00076,,3030000,"서울특별시 성동구 왕십리로14길 24, 1층 (성수동1가)",04789,01,영업/정상,유통전문판매업,,,,
,임대,농산물카페,유통전문판매업,,203818.074325571,451577.054359985,2026-05-03 22:38:49,I,01,영업,0,,,,,,,,,2025-07-04 15:17:26,2022-01-24,10.60,133-815,서울특별시 성동구 마장동 782-6 덕영카센타,N,,3030000-113-2022-00002,,3030000,"서울특별시 성동구 마장로 310, 덕영카센타 1층 (마장동)",04758,01,영업/정상,유통전문판매업,02-2297-1344,,,
,자가,(주)비오비코리아,유통전문판매업,,203209.457162273,451553.461590274,2026-05-03 22:38:49,I,01,영업,0,,,,,,,,,2022-03-04 14:58:35,2022-03-04,57.60,133-814,서울특별시 성동구 마장동 517 동방빌딩,N,,3030000-113-2022-00004,,3030000,"서울특별시 성동구 고산자로 300, 동방빌딩 3층 305호 (마장동)",04749,01,영업/정상,유통전문판매업,,,,
,임대,테이스티컴퍼니,유통전문판매업,,203321.562330114,451001.868687869,2026-05-03 22:38:49,I,01,영업,0,,,,,,,,,2022-03-10 17:07:21,2022-03-10,8.49,133-866,서울특별시 성동구 행당동 168-151 왕십리민자역사,N,,3030000-113-2022-00005,,3030000,"서울특별시 성동구 왕십리광장로 17, 왕십리민자역사 3층 D-06호 (행당동)",04750,01,영업/정상,유통전문판매업,,,,
,자가,데일리워크,유통전문판매업,,204167.721292495,449290.778225677,2026-05-03 22:38:49,I,01,영업,0,0,0,0,,,,0,,2024-12-30 14:34:29,2022-04-04,3.30,133-924,서울특별시 성동구 성수동1가 656-1572,N,,3030000-113-2022-00007,,3030000,"서울특별시 성동구 상원1길 25, 4층 4416호 (성수동1가)",04779,01,영업/정상,유통전문판매업,,,,
,,제프리하우스,유통전문판매업,,201157.877298502,449563.280012747,2026-05-03 22:38:49,I,01,영업,0,0,0,0,,,,0,,2022-05-25 14:41:15,2022-05-25,,133-845,서울특별시 성동구 옥수동 528 이편한세상옥수파크힐스,N,,3030000-113-2022-00010,,3030000,"서울특별시 성동구 매봉길 50, 113동 1404호 (옥수동, 이편한세상옥수파크힐스)",04731,01,영업/정상,유통전문판매업,,,,
,임대,묘차,유통전문판매업,,204372.059675209,449091.675747465,2026-05-03 22:38:49,I,01,영업,0,,,,,,,,,2022-05-26 16:30:42,2022-05-26,4.00,133-835,서울특별시 성동구 성수동2가 301-64,N,,3030000-113-2022-00011,,3030000,"서울특별시 성동구 연무장길 5, 2층 (성수동2가)",04782,01,영업/정상,유통전문판매업,,,,
,자가,모프(MOF),유통전문판매업,,203917.550444386,449293.734509354,2026-05-03 22:38:49,I,01,영업,0,,,,,,,,,2023-04-27 16:08:47,2022-06-02,47.00,133-821,서울특별시 성동구 성수동1가 660-8,N,,3030000-113-2022-00012,,3030000,"서울특별시 성동구 왕십리로6길 4-8, 1층 (성수동1가)",04778,01,영업/정상,유통전문판매업,070-4248-4194,,,
,자가,뭉게네,유통전문판매업,,201135.502804231,460891.466595183,2026-05-03 22:32:43,I,01,영업,0,0,0,0,,,,0,,2022-01-17 17:01:13,2020-04-23,32.00,142-892,서울특별시 강북구 우이동 72-82 1층,N,,3080000-113-2020-00004,,3080000,"서울특별시 강북구 삼양로142길 6-2, 1층 (우이동)",01044,01,영업/정상,유통전문판매업,070-4799-6358,,,
,자가,동네친구와 딴생각,유통전문판매업,,202906.979839402,457069.639210587,2026-05-03 22:32:43,I,01,영업,0,,,,,,,,,2023-03-21 10:12:48,2020-06-19,10.70,142-800,서울특별시 강북구 미아동 87-33 참존빌 1층,N,,3080000-113-2020-00005,,3080000,"서울특별시 강북구 오패산로 160, 1층 (미아동, 참존빌)",01233,01,영업/정상,유통전문판매업,02-983-3714,,,
,자가,카페델마티노,유통전문판매업,,201103.922688635,459664.993381299,2026-05-03 22:32:43,I,01,영업,0,0,0,0,,,,0,,2022-05-23 14:24:22,2020-08-31,6.00,142-884,서울특별시 강북구 수유동 410-34 경원빌딩 1층,N,,3080000-113-2020-00008,,3080000,"서울특별시 강북구 인수봉로 222-1, 경원빌딩 1층 (수유동)",01084,01,영업/정상,유통전문판매업,070-8810-2076,,,
,임대,홈앤쿡 주식회사,유통전문판매업,,200913.430678583,459786.981426691,2026-05-03 22:32:43,I,01,영업,0,,,,,,,,,2026-01-22 15:49:35,2020-09-25,127.74,142-883,서울특별시 강북구 수유동 524-39 다다학원,N,,3080000-113-2020-00009,,3080000,"서울특별시 강북구 인수봉로 243-1, 다다학원 3층 (수유동)",01021,01,영업/정상,유통전문판매업,02-904-0365,,,
,자가,씨지(CZ)커피,유통전문판매업,,202228.431717714,458158.105668456,2026-05-03 22:32:43,I,01,영업,0,,,,,,,,,2020-11-17 14:19:23,2020-11-17,5.50,142-812,서울특별시 강북구 미아동 304-2 상아빌딩,N,,3080000-113-2020-00011,,3080000,"서울특별시 강북구 도봉로 191, 상아빌딩 4층 (미아동)",01170,01,영업/정상,유통전문판매업,,,,
,자가,주식회사 엑스토리,유통전문판매업,2026-04-13,203024.990115682,457135.973713309,2026-05-03 22:32:43,I,02,폐업,0,0,0,0,,,,0,,2026-04-13 10:50:11,2020-03-13,50.00,142-801,서울특별시 강북구 미아동 3-29 꿈꾸는 유치원,N,,3080000-113-2020-00015,,3080000,"서울특별시 강북구 오패산로30길 75, 2층 (미아동)",01233,03,폐업,유통전문판매업,02-9800-0815,,,
,자가,코코스,유통전문판매업,,201155.257007269,458682.632384927,2026-05-03 22:32:43,I,01,영업,0,,,,,,,,,2023-03-07 15:17:50,2020-09-14,45.00,142-875,서울특별시 강북구 수유동 486-544,N,,3080000-113-2020-00018,,3080000,"서울특별시 강북구 인수봉로32길 4, 1층 (수유동)",01101,01,영업/정상,유통전문판매업,,,,
,자가,주식회사 귀한사람들,유통전문판매업,,200249.394326119,460120.492964832,2026-05-03 22:32:43,I,01,영업,0,,,,,,,,,2025-11-07 17:50:26,2020-02-21,269.27,142-887,서울특별시 강북구 수유동 535-144,N,,3080000-113-2020-00019,,3080000,"서울특별시 강북구 4.19로 109, 1,2층 (수유동)",01017,01,영업/정상,유통전문판매업,02-1661-6546,,,
,임대,주식회사 핫픽,유통전문판매업,,200760.093518904,460502.193901696,2026-05-03 22:32:44,I,01,영업,0,,,,,,,,,2021-08-06 11:49:03,2021-05-07,30.00,142-070,서울특별시 강북구 수유동 567-8 2층,N,,3080000-113-2021-00004,,3080000,"서울특별시 강북구 4.19로 45, 2층 (수유동)",01014,01,영업/정상,유통전문판매업,,,,
,자가,지원크레이티브,유통전문판매업,,202052.37985575,459491.573913047,2026-05-03 22:32:44,I,01,영업,0,,,,,,,,,2021-10-29 15:42:15,2021-10-29,40.25,142-878,서울특별시 강북구 수유동 229-50 우암쎈스뷰,N,,3080000-113-2021-00007,,3080000,"서울특별시 강북구 노해로8길 16, 2층 202호 (수유동, 우암쎈스뷰)",01073,01,영업/정상,유통전문판매업,02-904-1998,,,
,자가,디앤아이랩,유통전문판매업,,202468.677974112,459672.818930431,2026-05-03 22:32:44,I,01,영업,0,,,,,,,,,2024-01-23 16:18:34,2021-11-05,15.50,142-868,서울특별시 강북구 번동 461-80 진하우스 454호,N,,3080000-113-2021-00008,,3080000,"서울특별시 강북구 한천로132길 10, 진하우스 454호 (번동)",01058,01,영업/정상,유통전문판매업,,,,
,자가,이박1975,유통전문판매업,,201435.478208652,458639.408140644,2026-05-03 22:32:44,I,01,영업,0,,,,,,,,,2024-05-30 11:54:17,2021-12-17,10.00,142-070,서울특별시 강북구 수유동 605-450,N,,3080000-113-2021-00009,,3080000,"서울특별시 강북구 삼양로73길 21, 1층 (수유동)",01102,01,영업/정상,유통전문판매업,02-903-5900,,,
,임대,주식회사 이너비긴,유통전문판매업,2026-04-13,202000.513660624,458815.97773382,2026-05-03 22:32:44,I,02,폐업,0,0,0,2,,,,0,,2026-04-13 13:56:52,2021-04-02,16.15,142-874,"서울특별시 강북구 수유동 63 삼호아파트, 수유프라자",N,,3080000-113-2021-00010,,3080000,"서울특별시 강북구 도봉로 261, 2층 232호 (수유동, 삼호아파트, 수유프라자)",01114,03,폐업,유통전문판매업,,,,상수도전용
,임대,(주)비비드컴퍼니,유통전문판매업,,202925.816510888,457116.100040301,2026-05-03 22:32:44,I,01,영업,0,,,,,,,,,2022-05-24 15:44:32,2022-05-24,33.00,142-801,서울특별시 강북구 미아동 3-40 2층,N,,3080000-113-2022-00006,,3080000,"서울특별시 강북구 오현로 34, 2층 (미아동)",01233,01,영업/정상,유통전문판매업,,,,
,자가,푸드드라이브,유통전문판매업,,202632.71134547,457074.811678173,2026-05-03 22:32:44,I,01,영업,0,,,,,,,,,2022-08-08 16:22:45,2022-08-08,226.08,142-804,서울특별시 강북구 미아동 860-171 June27,N,,3080000-113-2022-00007,,3080000,"서울특별시 강북구 도봉로10길 73, June27 5층 502호 (미아동)",01215,01,영업/정상,유통전문판매업,,,,
,자가,더블유팡,유통전문판매업,,202500.267291881,456994.627651004,2026-05-03 22:32:44,I,01,영업,0,,,,,,,,,2022-10-04 14:33:01,2022-10-04,16.00,142-805,서울특별시 강북구 미아동 62-19,N,,3080000-113-2022-00008,,3080000,"서울특별시 강북구 솔샘로68길 39, 지하1층 (미아동)",01205,01,영업/정상,유통전문판매업,,,,
,자가,주식회사 취향에프엔비,유통전문판매업,,202024.793160468,458626.062504794,2026-05-03 22:32:44,I,01,영업,0,,,,,,,,,2022-11-25 09:52:57,2022-11-25,125.43,142-810,서울특별시 강북구 미아동 217-12,N,,3080000-113-2022-00009,,3080000,"서울특별시 강북구 솔매로45길 93, 2층 202호 (미아동)",01118,01,영업/정상,유통전문판매업,,,,
,자가,일등에프앤비주식회사,유통전문판매업,,202172.393156909,459824.17922302,2026-05-03 22:32:44,I,01,영업,0,,,,,,,,,2024-05-08 13:38:54,2022-12-07,30.00,142-878,서울특별시 강북구 수유동 190-30,N,,3080000-113-2022-00010,,3080000,"서울특별시 강북구 한천로 1053, 2층 (수유동)",01071,01,영업/정상,유통전문판매업,02-905-5263,,,
,자가,티피지리테일,유통전문판매업,,204878.106745027,449093.326405651,2026-05-03 22:38:49,I,01,영업,0,,,,,,,,,2022-06-02 16:03:00,2022-06-02,131.00,133-835,서울특별시 성동구 성수동2가 315-97 성광빌딩,N,,3030000-113-2022-00014,,3030000,"서울특별시 성동구 아차산로 110, 성광빌딩 2층 203호 (성수동2가)",04782,01,영업/정상,유통전문판매업,,,,
,임대,(주)고려미디어쇼핑,유통전문판매업,,204764.658079784,449437.628334972,2026-05-03 22:38:49,I,01,영업,0,,,,,,,,,2026-03-19 15:38:15,2022-07-01,9.00,133-834,서울특별시 성동구 성수동2가 289-20 신한은행,N,,3030000-113-2022-00017,,3030000,"서울특별시 성동구 아차산로7길 21, 신한은행 4층 197호 (성수동2가)",04793,01,영업/정상,유통전문판매업,02-472-9634,,,
,자가,(주)엑스와이지 서울,유통전문판매업,,205145.318158361,448770.313757742,2026-05-03 22:38:50,I,01,영업,0,,,,,,,,,2025-12-23 16:42:17,2022-07-27,18.00,133-831,서울특별시 성동구 성수동2가 271-25 디플랫,N,,3030000-113-2022-00021,,3030000,"서울특별시 성동구 연무장길 90, 디플랫 지1층 (성수동2가)",04785,01,영업/정상,유통전문판매업,02-466-2560,,,
,자가,주식회사 한국스마트물류,유통전문판매업,,205241.139981016,448272.019031398,2026-05-03 22:38:50,I,01,영업,0,0,0,0,,,,0,,2022-08-01 20:15:16,2022-08-01,59.84,133-826,서울특별시 성동구 성수동2가 233-3 한국생활건강,N,,3030000-113-2022-00022,,3030000,"서울특별시 성동구 성덕정길 151, 4층 (성수동2가)",04777,01,영업/정상,유통전문판매업,070-4640-0243,,,
,임대,(주)극동에프앤비,유통전문판매업,,204764.658079784,449437.628334972,2026-05-03 22:38:50,I,01,영업,0,,,,,,,,,2022-08-10 14:33:57,2022-06-07,9.00,133-834,서울특별시 성동구 성수동2가 289-20 신한은행,N,,3030000-113-2022-00023,,3030000,"서울특별시 성동구 아차산로7길 21, 4층 531호 (성수동2가)",04793,01,영업/정상,유통전문판매업,,,,
,임대,200마일 컴퍼니,유통전문판매업,,204287.426463329,448770.592460467,2026-05-03 22:38:50,I,01,영업,0,,,,,,,,,2022-08-12 16:55:22,2022-08-12,12.32,133-819,서울특별시 성동구 성수동1가 72-87,N,,3030000-113-2022-00025,,3030000,"서울특별시 성동구 뚝섬로3길 11-5, 4층 402호 (성수동1가)",04780,01,영업/정상,유통전문판매업,,,,
,자가,주식회사 엔에이치비,유통전문판매업,,201396.118230344,448897.69738402,2026-05-03 22:38:50,I,01,영업,0,,,,,,,,,2022-09-07 10:05:53,2022-09-07,13.20,133-840,서울특별시 성동구 옥수동 365-6 덕성빌딩,N,,3030000-113-2022-00028,,3030000,"서울특별시 성동구 한림말5길 11, 지1층 (옥수동)",04735,01,영업/정상,유통전문판매업,,,,
,자가,주식회사 인스팅터스,유통전문판매업,,204497.449054052,449047.925489468,2026-05-03 22:38:50,I,01,영업,0,,,,,,,,,2023-09-26 13:50:21,2022-09-07,198.00,133-835,서울특별시 성동구 성수동2가 302-37,N,,3030000-113-2022-00029,,3030000,"서울특별시 성동구 연무장길 17-1, 3층 (성수동2가)",04782,01,영업/정상,유통전문판매업,02-1644-2674,,,
,자가,(주)호랑이에프앤비,유통전문판매업,,203927.124706239,449845.164925016,2026-05-03 22:38:50,I,01,영업,0,,,,,,,,,2022-09-27 15:43:53,2022-09-27,20.00,133-823,서울특별시 성동구 성수동1가 656-1835,N,,3030000-113-2022-00031,,3030000,"서울특별시 성동구 왕십리로16가길 24, 3층 301호 (성수동1가)",04788,01,영업/정상,유통전문판매업,02-966-1028,,,
,,주식회사 헬씨허브,유통전문판매업,,205299.19831082,449367.043438351,2026-05-03 22:38:50,I,01,영업,0,,,,,,,,,2026-02-25 13:16:58,2022-09-28,5.00,133-832,서울특별시 성동구 성수동2가 278-30,N,,3030000-113-2022-00032,,3030000,"서울특별시 성동구 아차산로11가길 3, 4층 (성수동2가)",04796,01,영업/정상,유통전문판매업,02-1533-0901,,,
,자가,보통사람들,유통전문판매업,,204101.869955546,448766.63215721,2026-05-03 22:38:50,I,01,영업,0,,,,,,,,,2025-12-18 15:36:32,2022-10-12,50.00,133-823,서울특별시 성동구 성수동1가 656-251 엣아집 빌딩,N,,3030000-113-2022-00033,,3030000,"서울특별시 성동구 뚝섬로 325-1, 엣아집 빌딩 4층 402호 (성수동1가)",04779,01,영업/정상,유통전문판매업,,,,
,자가,티에스 생활건강,유통전문판매업,,205526.575000919,450973.919950758,2026-05-03 22:38:50,I,01,영업,0,,,,,,,,,2022-10-25 15:04:54,2022-10-25,.00,133-850,서울특별시 성동구 용답동 232-13 영광빌딩,N,,3030000-113-2022-00035,,3030000,"서울특별시 성동구 자동차시장1길 51, 영광빌딩 6층 603호 (용답동)",04808,01,영업/정상,유통전문판매업,,,,
,,리올라이프,유통전문판매업,2026-02-11,202766.803944904,451419.514264779,2026-05-03 22:38:50,I,02,폐업,0,,,,,,,,,2026-02-11 16:23:56,2022-11-08,,133-883,서울특별시 성동구 도선동 329-1 에코하우스빌딩,N,,3030000-113-2022-00037,,3030000,"서울특별시 성동구 무학로6길 18-1, 4층 404호 (도선동, 에코하우스빌딩)",04707,03,폐업,유통전문판매업,,,,
,임대,테그글로벌,유통전문판매업,,204669.766218859,449087.756734084,2026-05-03 22:38:50,I,01,영업,0,0,0,0,,,,0,,2024-12-12 11:06:11,2022-06-22,5.00,133-835,서울특별시 성동구 성수동2가 314-13 성수역 현대테라스타워,N,,3030000-113-2022-00040,,3030000,"서울특별시 성동구 연무장5가길 7, 성수역 현대테라스타워 1층 105호 (성수동2가)",04782,01,영업/정상,유통전문판매업,1811-8442,,,
,자가,어페어커피,유통전문판매업,,204795.395339633,448275.503583388,2026-05-03 22:38:51,I,01,영업,0,,,,,,,,,2022-11-28 15:56:22,2022-11-28,9.90,133-828,서울특별시 성동구 성수동2가 559-4,N,,3030000-113-2022-00041,,3030000,"서울특별시 성동구 성수이로6길 11, 1층 (성수동2가)",04776,01,영업/정상,유통전문판매업,,,,
,자가,미쎄스송팬트리,유통전문판매업,,204823.607777575,448479.580675769,2026-05-03 22:38:51,I,01,영업,0,,,,,,,,,2022-12-13 11:43:00,2022-12-13,50.15,133-827,서울특별시 성동구 성수동2가 331-200 스노화이트성수1,N,,3030000-113-2022-00042,,3030000,"서울특별시 성동구 뚝섬로 404, 스노화이트성수1 3층 301호 (성수동2가)",04776,01,영업/정상,유통전문판매업,,,,
,,일우인터내셔널,유통전문판매업,,203317.927472762,450325.762102452,2026-05-03 22:38:51,I,01,영업,0,,,,,,,,,2022-12-22 10:55:10,2022-12-22,,133-070,서울특별시 성동구 행당동 380 서울숲리버뷰자이,N,,3030000-113-2022-00043,,3030000,"서울특별시 성동구 고산자로2길 65, 102동 6층 601호 (행당동, 서울숲리버뷰자이)",04745,01,영업/정상,유통전문판매업,,,,
,자가,주식회사 라누보,유통전문판매업,,202155.401317068,459411.940883021,2026-05-03 22:32:44,I,01,영업,0,,,,,,,,,2023-06-15 17:53:10,2022-12-15,36.90,142-867,서울특별시 강북구 번동 446-13 가든타워빌딩,N,,3080000-113-2022-00011,,3080000,"서울특별시 강북구 도봉로 328, 가든타워빌딩 915호 (번동)",01062,01,영업/정상,유통전문판매업,,,,
,자가,규봉글로벌,유통전문판매업,,201812.868665672,459109.741250518,2026-05-03 22:32:44,I,01,영업,0,,,,,,,,,2023-02-27 10:11:48,2023-02-27,20.00,142-873,서울특별시 강북구 수유동 48-21 주유소,N,,3080000-113-2023-00001,,3080000,"서울특별시 강북구 덕릉로 70, 주유소 1층 (수유동)",01113,01,영업/정상,유통전문판매업,070-8997-8456,,,
,자가,주식회사 모두에프앤비,유통전문판매업,,202214.822687185,459608.756319762,2026-05-03 22:32:44,I,01,영업,0,,,,,,,,,2023-03-02 17:08:37,2023-03-02,186.38,142-878,서울특별시 강북구 수유동 191-25 윤성빌딩,N,,3080000-113-2023-00002,,3080000,"서울특별시 강북구 도봉로89길 5, 윤성빌딩 6층 (수유동)",01074,01,영업/정상,유통전문판매업,02-902-5800,,,
,자가,굿센,유통전문판매업,,201182.280840665,460768.623268,2026-05-03 22:32:44,I,01,영업,0,0,0,0,,,,0,,2023-07-04 10:25:41,2023-07-04,72.43,142-892,서울특별시 강북구 우이동 72-60,N,,3080000-113-2023-00003,,3080000,"서울특별시 강북구 삼양로138길 3, 지층 (우이동)",01044,01,영업/정상,유통전문판매업,,,,
,자가,세양푸드,유통전문판매업,,202991.403548576,459305.231928498,2026-05-03 22:32:44,I,01,영업,0,,,,,,,,,2023-07-04 15:05:12,2023-07-04,48.33,142-865,서울특별시 강북구 번동 454-89,N,,3080000-113-2023-00004,,3080000,"서울특별시 강북구 덕릉로 191-3, 2층 (번동)",01061,01,영업/정상,유통전문판매업,02-999-8959,,,
,자가,띵크 아워 데일리,유통전문판매업,,201100.957530632,459293.72885542,2026-05-03 22:32:44,I,01,영업,0,,,,,,,,,2023-10-30 10:10:37,2023-10-30,80.00,142-885,서울특별시 강북구 수유동 440-30,N,,3080000-113-2023-00007,,3080000,"서울특별시 강북구 인수봉로 182-1, B1층 (수유동)",01092,01,영업/정상,유통전문판매업,,,,
,,범영홀딩스,유통전문판매업,,201045.611312321,457292.961457264,2026-05-03 22:32:44,I,01,영업,0,,,,,,,,,2023-11-27 11:24:07,2023-11-27,.00,142-100,서울특별시 강북구 미아동 1353 SK북한산시티아파트,N,,3080000-113-2023-00008,,3080000,"서울특별시 강북구 솔샘로 174, 113동 1902층 (미아동, SK북한산시티아파트)",01192,01,영업/정상,유통전문판매업,,,,
,자가,아도르성수,유통전문판매업,,201004.615965866,460621.62823584,2026-05-03 22:32:44,I,01,영업,0,,,,,,,,,2023-12-21 15:06:31,2023-12-21,71.57,142-070,서울특별시 강북구 수유동 279-236 아도르,N,,3080000-113-2023-00009,,3080000,"서울특별시 강북구 4.19로 18, 아도르 4층 (수유동)",01011,01,영업/정상,유통전문판매업,,,,
,자가,시너즈닝,유통전문판매업,,201966.446349557,460449.546699649,2026-05-03 22:32:44,I,01,영업,0,,,,,,,,,2025-05-21 13:40:31,2024-01-24,12.70,142-888,서울특별시 강북구 수유동 721-5,N,,3080000-113-2024-00001,,3080000,"서울특별시 강북구 노해로33길 28, 1층 (수유동)",01050,01,영업/정상,유통전문판매업,,,,
,자가,백초지왕,유통전문판매업,,200367.601031965,460444.090927704,2026-05-03 22:32:45,I,01,영업,0,,,,,,,,,2024-02-07 10:41:08,2024-02-07,4.00,142-070,서울특별시 강북구 수유동 594-6,N,,3080000-113-2024-00002,,3080000,"서울특별시 강북구 4.19로12길 60, 1층 (수유동)",01012,01,영업/정상,유통전문판매업,1644-3379,,,
,자가,주식회사 라와에프앤씨,유통전문판매업,,202352.004852256,457965.209081872,2026-05-03 22:32:45,I,01,영업,0,,,,,,,,,2024-03-05 14:05:38,2024-03-05,160.11,142-808,서울특별시 강북구 미아동 126-22 여은빌딩,N,,3080000-113-2024-00004,,3080000,"서울특별시 강북구 도봉로 170, 여은빌딩 5층 (미아동)",01158,01,영업/정상,유통전문판매업,02-988-8785,,,
,자가,힘찬바이오제약 주식회사,유통전문판매업,,202594.088531017,460048.986252103,2026-05-03 22:32:45,I,01,영업,0,,,,,,,,,2024-03-26 16:22:34,2024-03-26,107.59,142-876,서울특별시 강북구 수유동 168-47,N,,3080000-113-2024-00006,,3080000,"서울특별시 강북구 도봉로101길 5, 지하1층 (수유동)",01055,01,영업/정상,유통전문판매업,02-905-5110,,,
,자가,키스톤에프앤비 주식회사,유통전문판매업,,202667.704769102,456939.262375719,2026-05-03 22:32:45,I,01,영업,0,,,,,,,,,2024-05-13 17:21:14,2024-05-13,82.33,142-804,서울특별시 강북구 미아동 73-9 한마음 빌딩,N,,3080000-113-2024-00007,,3080000,"서울특별시 강북구 도봉로10길 48, 한마음 빌딩 3층 (미아동)",01216,01,영업/정상,유통전문판매업,02-923-5121,,,
,자가,히어스토리,유통전문판매업,,202258.792032553,457363.286513415,2026-05-03 22:32:45,I,01,영업,0,,,,,,,,,2024-08-29 16:05:49,2024-08-29,41.79,142-815,서울특별시 강북구 미아동 329-24,N,,3080000-113-2024-00008,,3080000,"서울특별시 강북구 도봉로23길 45, 2층 (미아동)",01179,01,영업/정상,유통전문판매업,,,,
,자가,레몬스케치,유통전문판매업,,202387.637186988,459370.392167381,2026-05-03 22:32:45,I,01,영업,0,,,,,,,,,2024-09-26 15:58:17,2024-09-26,2.43,142-864,서울특별시 강북구 번동 415-19,N,,3080000-113-2024-00009,,3080000,"서울특별시 강북구 오패산로 396-1, 4층 4020호 (번동)",01064,01,영업/정상,유통전문판매업,,,,
,자가,희원셀링,유통전문판매업,,201276.525166951,457944.583915631,2026-05-03 22:32:45,I,01,영업,0,,,,,,,,,2024-11-12 13:51:50,2024-11-12,27.65,142-822,서울특별시 강북구 미아동 791-2806 경모하늘풍경,N,,3080000-113-2024-00010,,3080000,"서울특별시 강북구 솔매로22길 51, 502호 (미아동, 경모하늘풍경)",01181,01,영업/정상,유통전문판매업,,,,
,임대,주식회사 에이엘에이,유통전문판매업,,201761.47789882,457907.038344708,2026-05-03 22:32:45,I,01,영업,0,,,,,,,,,2025-06-16 17:55:29,2024-06-11,14.20,142-816,서울특별시 강북구 미아동 867-99,N,,3080000-113-2024-00011,,3080000,"서울특별시 강북구 삼양로54길 48, 1층 101호 (미아동)",01167,01,영업/정상,유통전문판매업,,,,
,임대,주식회사 바이비(Vibey Inc.),유통전문판매업,,204485.075569131,449779.82870751,2026-05-03 22:38:51,I,01,영업,0,,,,,,,,,2023-10-17 11:26:32,2022-07-15,67.50,133-822,서울특별시 성동구 성수동1가 13-17,N,,3030000-113-2022-00045,,3030000,"서울특별시 성동구 성수일로 111, 1301호 (성수동1가)",04791,01,영업/정상,유통전문판매업,070-7897-0124,,,
,임대,유어헬스,유통전문판매업,,205073.47604441,448797.51637505,2026-05-03 22:38:51,I,01,영업,0,,,,,,,,,2026-03-04 17:31:29,2022-12-19,26.91,133-831,서울특별시 성동구 성수동2가 271-11 KT&G 상상플래닛,N,,3030000-113-2022-00048,,3030000,"서울특별시 성동구 뚝섬로13길 38, KT&G 상상플래닛 7층 702호 (성수동2가)",04785,01,영업/정상,유통전문판매업,,,,
,자가,(주)아이엠포텐,유통전문판매업,,205753.852922351,449660.553198576,2026-05-03 22:38:51,I,01,영업,0,,,,,,,,,2025-11-13 16:20:18,2022-07-29,6.60,133-836,서울특별시 성동구 송정동 66-108,N,,3030000-113-2022-00049,,3030000,"서울특별시 성동구 광나루로11길 11, 2층 (송정동)",04801,01,영업/정상,유통전문판매업,,,,
,,(주)액트플러스,유통전문판매업,,205167.535545926,448920.682564138,2026-05-03 22:38:51,I,01,영업,0,,,,,,,,,2025-10-23 15:32:50,2023-01-31,69.59,133-831,서울특별시 성동구 성수동2가 273-13 태광산업,N,,3030000-113-2023-00003,,3030000,"서울특별시 성동구 연무장15길 11, B동 1층 119호, 2층 256호 (성수동2가)",04783,01,영업/정상,유통전문판매업,02-6468-6568,,,
,자가,푸딕글로벌(주),유통전문판매업,,202372.912023599,451536.680876573,2026-05-03 22:38:51,I,01,영업,0,,,,,,,,,2023-02-03 10:38:21,2023-02-03,5.50,133-020,서울특별시 성동구 하왕십리동 1070 센트라스,N,,3030000-113-2023-00004,,3030000,"서울특별시 성동구 왕십리로 410, 153타워동 8층 802호 (하왕십리동, 센트라스)",04701,01,영업/정상,유통전문판매업,,,,
,자가,오므오트 코리아(OMOT KOREA),유통전문판매업,2026-04-27,203942.078638003,449328.750086713,2026-05-03 22:38:51,I,02,폐업,0,,,,,,,,,2026-04-27 14:56:42,2023-02-09,32.04,133-823,서울특별시 성동구 성수동1가 656-449 YG FOREST,N,,3030000-113-2023-00005,,3030000,"서울특별시 성동구 왕십리로8길 6, YG FOREST 5층 511호 (성수동1가)",04778,03,폐업,유통전문판매업,,,,
,자가,사이드템포,유통전문판매업,,204442.123671393,448428.969669622,2026-05-03 22:38:51,I,01,영업,0,,,,,,,,,2023-02-10 11:04:54,2023-02-10,9.90,133-819,서울특별시 성동구 성수동1가 294,N,,3030000-113-2023-00007,,3030000,"서울특별시 성동구 성덕정길 67, 1층 (성수동1가)",04775,01,영업/정상,유통전문판매업,02-466-1040,,,
,자가,에이미원더,유통전문판매업,,204175.320860476,448827.490507166,2026-05-03 22:38:51,I,01,영업,0,,,,,,,,,2023-09-26 14:15:25,2023-02-21,41.58,133-823,서울특별시 성동구 성수동1가 656-212,N,,3030000-113-2023-00008,,3030000,"서울특별시 성동구 성수일로3길 5-19, 2층 (성수동1가)",04779,01,영업/정상,유통전문판매업,02-463-4407,,,
,임대,주식회사 타블라,유통전문판매업,,201157.877298502,449563.280012747,2026-05-03 22:38:51,I,01,영업,0,,,,,,,,,2024-04-26 17:08:56,2023-03-03,2.25,133-845,서울특별시 성동구 옥수동 528 이편한세상옥수파크힐스,N,,3030000-113-2023-00009,,3030000,"서울특별시 성동구 매봉길 50, 126동 1층 101호 (옥수동, 이편한세상옥수파크힐스)",04731,01,영업/정상,유통전문판매업,070-4603-2405,,,
,임대,(주)펀집,유통전문판매업,,202698.247300169,451506.334190146,2026-05-03 22:38:51,I,01,영업,0,,,,,,,,,2023-04-10 15:12:03,2023-04-10,85.00,133-881,서울특별시 성동구 홍익동 363,N,,3030000-113-2023-00012,,3030000,"서울특별시 성동구 무학로8길 3, 1층 (홍익동)",04707,01,영업/정상,유통전문판매업,02-2282-6003,,,
,임대,리피즈,유통전문판매업,,204185.465850126,448784.129325861,2026-05-03 22:38:51,I,01,영업,0,,,,,,,,,2024-01-19 16:53:53,2023-04-13,50.00,133-823,서울특별시 성동구 성수동1가 656-25,N,,3030000-113-2023-00014,,3030000,"서울특별시 성동구 성수일로1길 1, 7층 701호 (성수동1가)",04779,01,영업/정상,유통전문판매업,,,,
,자가,(주)버터팬트리,유통전문판매업,,204866.449179166,449600.206908834,2026-05-03 22:38:51,I,01,영업,0,,,,,,,,,2023-04-21 10:38:54,2023-04-21,4.00,133-834,서울특별시 성동구 성수동2가 289-205,N,,3030000-113-2023-00015,,3030000,"서울특별시 성동구 아차산로7길 42, 1층 (성수동2가)",04795,01,영업/정상,유통전문판매업,,,,
,자가,버추어컴퍼니,유통전문판매업,,204073.917950641,448765.337316819,2026-05-03 22:38:51,I,01,영업,0,,,,,,,,,2026-04-15 10:47:47,2023-05-04,77.40,133-823,서울특별시 성동구 성수동1가 656-252 삼진빌딩,N,,3030000-113-2023-00018,,3030000,"서울특별시 성동구 뚝섬로 321-1, 삼진빌딩 3층 (성수동1가)",04779,01,영업/정상,유통전문판매업,,,,
,임대,르 뒥(Le Duc),유통전문판매업,2026-02-24,204764.658079784,449437.628334972,2026-05-03 22:38:51,I,02,폐업,0,,,,,,,,,2026-02-24 15:50:52,2023-05-19,9.00,133-834,서울특별시 성동구 성수동2가 289-20 신한은행,N,,3030000-113-2023-00019,,3030000,"서울특별시 성동구 아차산로7길 21, 4층 136호 (성수동2가)",04793,03,폐업,유통전문판매업,,,,
,자가,주식회사 유나이어드,유통전문판매업,,204552.027741339,449105.740643067,2026-05-03 22:38:52,I,01,영업,0,,,,,,,,,2023-05-19 18:04:34,2023-05-19,3.00,133-835,서울특별시 성동구 성수동2가 302-43,N,,3030000-113-2023-00020,,3030000,"서울특별시 성동구 연무장5길 9-13, 1층 (성수동2가)",04782,01,영업/정상,유통전문판매업,,,,
,자가,온오퍼,유통전문판매업,,205638.676388032,449369.788095658,2026-05-03 22:38:52,I,01,영업,0,,,,,,,,,2023-05-25 17:35:40,2023-05-25,9.90,133-832,서울특별시 성동구 성수동2가 280-6 생각공장데시앙플렉스,N,,3030000-113-2023-00022,,3030000,"서울특별시 성동구 아차산로17길 49, 생각공장데시앙플렉스 2층 205호 (성수동2가)",04799,01,영업/정상,유통전문판매업,,,,
,자가,마아트커피브루어스,유통전문판매업,,204679.422914518,449704.37946494,2026-05-03 22:38:52,I,01,영업,0,,,,,,,,,2023-05-30 11:11:07,2023-05-30,29.52,133-833,서울특별시 성동구 성수동2가 299-104,N,,3030000-113-2023-00023,,3030000,"서울특별시 성동구 광나루로4길 8-1, 1층 3호 (성수동2가)",04792,01,영업/정상,유통전문판매업,,,,
,자가,히치,유통전문판매업,,204600.436621413,449583.131204015,2026-05-03 22:38:52,I,01,영업,0,,,,,,,,,2023-05-30 14:31:22,2023-05-30,71.04,133-833,서울특별시 성동구 성수동2가 284-125,N,,3030000-113-2023-00024,,3030000,"서울특별시 성동구 성수일로12길 16-1, 2층 (성수동2가)",04793,01,영업/정상,유통전문판매업,,,,
,임대,엔트몰,유통전문판매업,,187925.667553697,446739.797762899,2026-05-03 22:35:57,I,01,영업,0,,,,,,,,,2023-08-25 16:38:04,2021-01-06,30.84,158-860,서울특별시 양천구 신정동 1009-6 남부빌딩,N,,3140000-113-2021-00001,,3140000,"서울특별시 양천구 신월로 389, 남부빌딩 8층 811호 (신정동)",08023,01,영업/정상,유통전문판매업,,,,
,임대,디라이프스튜디오,유통전문판매업,,187748.887273814,445935.780018413,2026-05-03 22:35:58,I,01,영업,0,,,,,,,,,2025-10-23 14:45:48,2021-02-17,133.20,158-070,서울특별시 양천구 신정동 323-10 센타프라자,N,,3140000-113-2021-00003,,3140000,"서울특별시 양천구 목동동로 65, 센타프라자 3층 302호 (신정동)",08093,01,영업/정상,유통전문판매업,,,,
,임대,(주)동신바이오텍,유통전문판매업,,189036.361978427,446938.511587968,2026-05-03 22:35:58,I,01,영업,0,,,,,,,,,2021-03-25 15:26:23,2021-03-25,16.50,158-806,서울특별시 양천구 목동 404-256 동신한방병원,N,,3140000-113-2021-00006,,3140000,"서울특별시 양천구 오목로 351, 동신한방병원 606호 (목동)",07999,01,영업/정상,유통전문판매업,,,,
,임대,주식회사 한국화인상사,유통전문판매업,,186399.630008065,446925.645125986,2026-05-03 22:35:58,I,01,영업,0,0,0,0,,,,0,,2022-12-13 17:48:39,2021-05-17,104.00,158-837,서울특별시 양천구 신월동 479-10,N,,3140000-113-2021-00009,,3140000,"서울특별시 양천구 중앙로51길 32, 2층 (신월동)",07934,01,영업/정상,유통전문판매업,02-2601-0729,,,
,임대,삼영아이앤씨,유통전문판매업,,188456.486375706,449112.890911306,2026-05-03 22:35:58,I,01,영업,0,,,,,,,,,2021-05-18 14:32:40,2021-05-18,4.10,158-809,서울특별시 양천구 목동 547-12,N,,3140000-113-2021-00010,,3140000,"서울특별시 양천구 목동중앙본로 95, 2층 16호 (목동)",07953,01,영업/정상,유통전문판매업,,,,
,임대,생기보력,유통전문판매업,,188298.07049973,449201.16645888,2026-05-03 22:35:58,I,01,영업,0,,,,,,,,,2025-06-23 16:10:40,2021-09-01,3.30,158-780,서울특별시 양천구 목동 549 금호베스트빌아파트,N,,3140000-113-2021-00015,,3140000,"서울특별시 양천구 목동중앙북로8길 111, 105동 707호 (목동, 금호베스트빌아파트)",07949,01,영업/정상,유통전문판매업,02-2655-0303,,,
,임대,약초사랑,유통전문판매업,,185719.642287565,447217.707817314,2026-05-03 22:35:58,I,01,영업,0,,,,,,,,,2021-09-03 15:23:42,2021-09-03,10.00,158-831,서울특별시 양천구 신월동 239-8,N,,3140000-113-2021-00016,,3140000,"서울특별시 양천구 월정로13길 8, 1층 (신월동)",07926,01,영업/정상,유통전문판매업,,,,
,임대,주식회사 플랜비,유통전문판매업,,188431.286329151,446909.365903882,2026-05-03 22:35:58,I,01,영업,0,,,,,,,,,2021-09-08 10:20:47,2021-09-08,10.00,158-724,서울특별시 양천구 목동 961 현대하이페리온2,N,,3140000-113-2021-00017,,3140000,"서울특별시 양천구 오목로 300, 205동 2307호 (목동, 현대하이페리온2)",08004,01,영업/정상,유통전문판매업,,,,
,임대,주식회사 밝은희망 목동,유통전문판매업,,188871.512837973,447348.13213342,2026-05-03 22:35:59,I,01,영업,0,,,,,,,,,2022-08-01 15:52:16,2021-10-12,107.40,158-050,서울특별시 양천구 목동 917-1 CBS방송국 18층 일부호,N,,3140000-113-2021-00020,,3140000,"서울특별시 양천구 목동서로 159-1, 18층 일부호 (목동)",07997,01,영업/정상,유통전문판매업,02-1522-9440,,,
,,(주)미래이앤아이,유통전문판매업,,188151.457662108,448323.232113506,2026-05-03 22:35:59,I,01,영업,0,0,0,0,,,,0,,2026-04-09 11:05:13,2021-07-22,3.30,158-814,서울특별시 양천구 목동 727-29,N,,3140000-113-2021-00023,,3140000,"서울특별시 양천구 목동중앙남로 35, 2층 233호 (목동)",07958,01,영업/정상,유통전문판매업,,,,
,임대,주식회사 온누리스토어,유통전문판매업,,188871.512837973,447348.13213342,2026-05-03 22:36:00,I,01,영업,0,0,0,0,,,,0,,2025-03-10 16:44:05,2022-01-25,21.00,158-050,"서울특별시 양천구 목동 917-1 14층,15층",N,,3140000-113-2022-00001,,3140000,"서울특별시 양천구 목동서로 159-1, 14층,15층 (목동)",07997,01,영업/정상,유통전문판매업,02-1833-3128,,,
,자가,월드종합상사,유통전문판매업,,185290.255514327,447243.665284018,2026-05-03 22:36:00,I,01,영업,0,0,0,0,,,,0,,2023-06-21 10:16:37,2022-02-08,409.90,158-831,서울특별시 양천구 신월동 217-5,N,,3140000-113-2022-00002,,3140000,서울특별시 양천구 남부순환로 457 (신월동),07927,01,영업/정상,유통전문판매업,,,,
,임대,유통혁명,유통전문판매업,,187770.137275351,447328.497208518,2026-05-03 22:36:00,I,01,영업,0,,,,,,,,,2025-08-07 15:34:05,2022-02-10,12.00,158-857,서울특별시 양천구 신정동 895-26,N,,3140000-113-2022-00003,,3140000,"서울특별시 양천구 목동로25길 16, 1층 (신정동)",07937,01,영업/정상,유통전문판매업,,,,
,,달판삼,유통전문판매업,,188948.982526599,446456.905292172,2026-05-03 22:36:00,I,01,영업,0,,,,,,,,,2022-03-21 13:20:20,2022-03-21,15.00,158-849,서울특별시 양천구 신정동 120-18,N,,3140000-113-2022-00004,,3140000,"서울특별시 양천구 신목로4길 25, 1층 (신정동)",08009,01,영업/정상,유통전문판매업,,,,
,자가,디와이컴퍼니,유통전문판매업,,187980.799994197,446780.464037958,2026-05-03 22:36:00,I,01,영업,0,0,0,0,,,,0,,2022-12-26 09:33:41,2022-03-24,3.20,158-860,서울특별시 양천구 신정동 1007-11 이스타팰리스,N,,3140000-113-2022-00005,,3140000,"서울특별시 양천구 목동로 163, 104호 (신정동, 이스타팰리스)",08023,01,영업/정상,유통전문판매업,02-2648-0862,,,
,자가,주식회사 케이제이에프앤비,유통전문판매업,,187700.179587787,447132.165539967,2026-05-03 22:36:00,I,01,영업,0,,,,,,,,,2022-04-11 15:21:13,2022-04-11,109.00,158-857,서울특별시 양천구 신정동 902-1,N,,3140000-113-2022-00006,,3140000,"서울특별시 양천구 신정중앙로 90, 401호 (신정동)",07945,01,영업/정상,유통전문판매업,,,,
,임대,(주)오름,유통전문판매업,,187629.657664795,447280.577129897,2026-05-03 22:36:00,I,01,영업,0,0,0,0,,,,0,,2022-10-31 14:06:35,2022-06-02,507.73,158-856,"서울특별시 양천구 신정동 891-20 지하1층, 1층,3층,4층,5층(오름빌딩)",N,,3140000-113-2022-00008,,3140000,"서울특별시 양천구 목동로23길 24, 지하1층, 1층,3층,4층,5층(오름빌딩) (신정동)",07938,01,영업/정상,유통전문판매업,070-4488-7579,,,
,임대,커피스니퍼 로스터리,유통전문판매업,,187347.336316835,446964.309794774,2026-05-03 22:36:00,I,01,영업,0,,,,,,,,,2023-09-11 12:01:35,2022-06-07,99.45,158-859,서울특별시 양천구 신정동 952-8 준 탑스 힐,N,,3140000-113-2022-00009,,3140000,"서울특별시 양천구 은행정로13길 14, 준 탑스 힐 지층 (신정동)",08020,01,영업/정상,유통전문판매업,,,,
,임대,(주)비브레,유통전문판매업,,187823.500716444,447457.457884414,2026-05-03 22:36:00,I,01,영업,0,,,,,,,,,2022-06-16 09:41:32,2022-06-16,6.00,158-857,서울특별시 양천구 신정동 897-5,N,,3140000-113-2022-00010,,3140000,"서울특별시 양천구 국회대로 252, 2층 214호 (신정동)",07937,01,영업/정상,유통전문판매업,,,,
,임대,(주)아이다코스메틱,유통전문판매업,,188635.230900983,449396.806374349,2026-05-03 22:36:00,I,01,영업,0,,,,,,,,,2022-07-13 15:22:39,2022-07-13,19.83,158-808,서울특별시 양천구 목동 513 포미즈 여성병원,N,,3140000-113-2022-00012,,3140000,"서울특별시 양천구 공항대로 610, 포미즈 여성병원 7층 3호 (목동)",07968,01,영업/정상,유통전문판매업,070-7680-0008,,,
,,더포이아시아퍼시픽(주),유통전문판매업,,187838.825895538,446966.45927906,2026-05-03 22:36:00,I,01,영업,0,0,0,0,,,,0,,2022-08-11 13:21:06,2022-08-11,6.60,158-860,서울특별시 양천구 신정동 996-1,N,,3140000-113-2022-00015,,3140000,"서울특별시 양천구 목동로19길 11, 4층 24호 (신정동)",08022,01,영업/정상,유통전문판매업,070-7311-4733,,,
,자가,전주가 신월점,유통전문판매업,,185272.663912493,446611.977833432,2026-05-03 22:36:00,I,01,영업,0,,,,,,,,,2022-09-07 15:55:30,2022-09-07,5.00,158-846,서울특별시 양천구 신월동 961-2 1층,N,,3140000-113-2022-00017,,3140000,"서울특별시 양천구 지양로 66, 1층 (신월동)",08039,01,영업/정상,유통전문판매업,02-2604-1845,,,
,임대,(주)클로버랩스,유통전문판매업,,187832.347175444,447210.907293998,2026-05-03 22:36:00,I,01,영업,0,0,0,0,,,15000000,0,,2023-05-09 16:33:12,2022-11-16,38.69,158-856,서울특별시 양천구 신정동 888-30 1층,N,,3140000-113-2022-00020,1200000,3140000,"서울특별시 양천구 신정중앙로21길 2-12, 1층 (신정동)",07938,01,영업/정상,유통전문판매업,,,,
,,(주)황칠문화연구소,유통전문판매업,,185023.275606938,448276.441944257,2026-05-03 22:36:01,I,01,영업,0,0,0,0,,,,0,,2023-07-31 11:32:35,2022-08-11,50.00,158-825,서울특별시 양천구 신월동 82-14 우리빌딩 401호,N,,3140000-113-2022-00023,,3140000,"서울특별시 양천구 가로공원로 137, 우리빌딩 4층 401호 (신월동)",07906,01,영업/정상,유통전문판매업,,,,
,자가,주식회사 뚝심,유통전문판매업,,188953.066831076,447333.569187997,2026-05-03 22:36:01,I,01,영업,112,,,,,,,,,2024-05-16 09:46:35,2022-05-11,112.00,158-050,서울특별시 양천구 목동 917-9 현대41타워,N,,3140000-113-2022-00025,,3140000,"서울특별시 양천구 목동동로 293, 현대41타워 B-20-2호 일부호 (목동)",07997,01,영업/정상,유통전문판매업,,,,
,자가,디오티 컴퍼니,유통전문판매업,,189017.884633076,446680.05550368,2026-05-03 22:36:01,I,01,영업,0,,,,,,,,,2026-01-29 13:23:44,2023-02-02,23.34,158-849,서울특별시 양천구 신정동 119-9 지하1층,N,,3140000-113-2023-00002,,3140000,"서울특별시 양천구 목동동로12길 48-1, 지하1층 (신정동)",08009,01,영업/정상,유통전문판매업,02-2648-9093,,,
,자가,(주)천유,유통전문판매업,,187733.374753349,446695.979979397,2026-05-03 22:36:01,I,01,영업,0,0,0,0,,,,0,,2023-05-26 15:42:08,2023-03-08,79.12,158-860,서울특별시 양천구 신정동 1013-4 성배법조빌딩 3층 303~304호,N,,3140000-113-2023-00003,,3140000,"서울특별시 양천구 신월로 369, 성배법조빌딩 3층 303~304호 (신정동)",08021,01,영업/정상,유통전문판매업,,,,
,자가,(주)에스에스바이오제약,유통전문판매업,,186950.543605393,446919.002226231,2026-05-03 22:36:01,I,01,영업,0,,,,,,,,,2023-03-22 11:44:50,2023-03-22,70.00,158-859,서울특별시 양천구 신정동 945-4 4층 402호,N,,3140000-113-2023-00005,,3140000,"서울특별시 양천구 오목로 142, 4층 402호 (신정동)",08019,01,영업/정상,유통전문판매업,02-2692-6789,,,
,자가,엄마손,유통전문판매업,,184971.290324023,445601.995865959,2026-05-03 22:36:02,I,01,영업,0,,,,,,,,,2023-04-10 16:55:22,2023-04-10,.00,158-796,서울특별시 양천구 신정동 1316 신정이펜하우스3단지 315동 515호,N,,3140000-113-2023-00006,,3140000,"서울특별시 양천구 신정이펜1로 50, 신정이펜하우스3단지 315동 515호 (신정동, 신정이펜하우스3단지)",08050,01,영업/정상,유통전문판매업,,,,
,임대,카이킬리아,유통전문판매업,,187734.983111761,446030.714521005,2026-05-03 22:36:02,I,01,영업,0,0,0,0,,,,0,,2023-04-24 17:49:58,2023-04-24,17.64,158-070,서울특별시 양천구 신정동 323-9 이스타빌,N,,3140000-113-2023-00007,,3140000,"서울특별시 양천구 목동서로 377, 이스타빌 A동 1804호 (신정동)",08093,01,영업/정상,유통전문판매업,,,,
,자가,주식회사 인재컴퍼니,유통전문판매업,,186951.814251012,447280.546979538,2026-05-03 22:36:02,I,01,영업,0,,,,,,,,,2023-04-28 14:07:27,2023-04-28,76.00,158-858,서울특별시 양천구 신정동 934-7 지하1층,N,,3140000-113-2023-00008,,3140000,"서울특별시 양천구 신정중앙로 14, 지하1층 (신정동)",07941,01,영업/정상,유통전문판매업,1599-2534,,,
,자가,불닭볶음탕,유통전문판매업,,187682.788478906,447297.563927622,2026-05-03 22:36:02,I,01,영업,0,,,,,,,,,2023-06-23 16:35:21,2023-06-23,15.00,158-856,서울특별시 양천구 신정동 891-37 지하1층 일부호,N,,3140000-113-2023-00009,,3140000,"서울특별시 양천구 목동로25길 23-3, 지하1층 일부호 (신정동)",07938,01,영업/정상,유통전문판매업,,,,
,자가,본담,유통전문판매업,,187838.825895538,446966.45927906,2026-05-03 22:36:02,I,01,영업,0,,,,,,,,,2023-06-28 16:48:23,2023-06-28,3.30,158-860,서울특별시 양천구 신정동 996-1 4층 24호,N,,3140000-113-2023-00010,,3140000,"서울특별시 양천구 목동로19길 11, 4층 24호 (신정동)",08022,01,영업/정상,유통전문판매업,,,,
,자가,(주)다완보령건강,유통전문판매업,,188818.834500793,446711.238421156,2026-05-03 22:36:02,I,01,영업,0,,,,,,,,,2023-07-10 17:42:29,2023-07-10,30.00,158-849,서울특별시 양천구 신정동 86-7 3층 301호,N,,3140000-113-2023-00011,,3140000,"서울특별시 양천구 신목로 85, 3층 301호 (신정동)",08010,01,영업/정상,유통전문판매업,02-1522-0013,,,
,자가,새미집,유통전문판매업,,188686.846664111,448854.579418287,2026-05-03 22:36:02,I,01,영업,0,,,,,,,,,2023-11-07 10:52:46,2023-11-07,84.00,158-777,서울특별시 양천구 목동 928 건영아파트,N,,3140000-113-2023-00015,,3140000,"서울특별시 양천구 목동중앙본로22길 63, 102동 1002호 (목동, 건영아파트)",07974,01,영업/정상,유통전문판매업,,,,
,자가,원바이오사이언스,유통전문판매업,,186928.826903187,446591.038133157,2026-05-03 22:36:02,I,01,영업,0,,,,,,,,,2023-12-22 15:35:38,2023-12-22,17.57,158-859,서울특별시 양천구 신정동 972-6 퀸즈 포디엄,N,,3140000-113-2023-00016,,3140000,"서울특별시 양천구 신월로 289, 퀸즈 포디엄 1408호 (신정동)",08026,01,영업/정상,유통전문판매업,,,,
,임대,오늘담,유통전문판매업,,185505.381428112,446337.165995936,2026-05-03 22:36:02,I,01,영업,0,,,,,,,,,2025-04-15 14:31:02,2024-01-05,40.00,158-847,서울특별시 양천구 신월동 991-1,N,,3140000-113-2024-00001,,3140000,"서울특별시 양천구 지양로 30, 2층 좌측 일부호 (신월동)",08041,01,영업/정상,유통전문판매업,070-7624-7689,,,
,자가,여행자의 식탁,유통전문판매업,,186443.256011545,446043.758276544,2026-05-03 22:36:02,I,01,영업,90,,,,,,,,,2024-01-12 14:22:11,2024-01-12,90.00,158-788,서울특별시 양천구 신월동 591-1 신안약수아파트,N,,3140000-113-2024-00002,,3140000,"서울특별시 양천구 중앙로29길 55, 102동 307호 (신월동, 신안약수아파트)",08070,01,영업/정상,유통전문판매업,,,,
,자가,영파워 코리아,유통전문판매업,,188815.060184485,446814.889014242,2026-05-03 22:36:02,I,01,영업,0,,,,,,,,,2024-01-26 09:53:03,2024-01-26,.00,158-806,서울특별시 양천구 목동 405 목동대림아파트,N,,3140000-113-2024-00003,,3140000,"서울특별시 양천구 목동동로12길 23, 상가동 202호 (목동, 목동대림아파트)",08006,01,영업/정상,유통전문판매업,02-2645-4527,,,
,자가,케이디푸드,유통전문판매업,,186679.515116362,447124.449385415,2026-05-03 22:36:02,I,01,영업,21.5,,,,,,,,,2024-03-27 13:56:15,2024-03-27,21.50,158-871,서울특별시 양천구 신정동 939-1,N,,3140000-113-2024-00004,,3140000,"서울특별시 양천구 중앙로 340, 1층 103호 (신정동)",07942,01,영업/정상,유통전문판매업,,,,
,자가,(주)포트코퍼레이션,유통전문판매업,,186908.412208034,446899.767782806,2026-05-03 22:36:02,I,01,영업,61.96,,,,,,,,,2024-04-23 10:01:01,2024-04-23,61.96,158-859,서울특별시 양천구 신정동 945-2 신정스포렉스,N,,3140000-113-2024-00005,,3140000,"서울특별시 양천구 오목로 138, 신정스포렉스 1층 101호,102호 (신정동)",08019,01,영업/정상,유통전문판매업,,,,
,자가,주식회사 스테디스트,유통전문판매업,,187728.969922,446595.053008998,2026-05-03 22:36:02,I,01,영업,15,,,,,,,,,2024-04-26 17:09:33,2024-04-26,15.00,158-861,서울특별시 양천구 신정동 1016-7 남부빌딩,N,,3140000-113-2024-00006,,3140000,"서울특별시 양천구 은행정로6길 22, 남부빌딩 4층 401-3호 (신정동)",08087,01,영업/정상,유통전문판매업,,,,
,자가,이너피스코리아,유통전문판매업,2026-02-27,188052.53760703,448906.794812883,2026-05-03 22:36:02,I,02,폐업,0,,,,,,,,,2026-02-27 15:41:14,2024-05-02,.00,158-804,서울특별시 양천구 목동 318-68,N,,3140000-113-2024-00007,,3140000,"서울특별시 양천구 목동중앙본로7가길 73-16, 2층 202호 (목동)",07955,03,폐업,유통전문판매업,,,,
,자가,"케이영엠엔씨(K.YOUNG M&C Co. ,Ltd)",유통전문판매업,,189474.799447389,449150.424224783,2026-05-03 22:36:02,I,01,영업,10,,,,,,,,,2024-07-01 11:53:06,2024-07-01,10.00,158-801,서울특별시 양천구 목동 131-25 대명파크뷰,N,,3140000-113-2024-00009,,3140000,"서울특별시 양천구 목동중앙로13길 19-31, 303호 (목동, 대명파크뷰)",07969,01,영업/정상,유통전문판매업,,,,
,자가,다이타코리아,유통전문판매업,,185495.447626854,446999.164462045,2026-05-03 22:36:03,I,01,영업,60,,,,,,,,,2025-02-05 17:07:41,2024-07-12,60.00,158-832,서울특별시 양천구 신월동 410-8 강성산업,N,,3140000-113-2024-00010,,3140000,"서울특별시 양천구 국회대로 12, 강성산업 301호 (신월동)",07928,01,영업/정상,유통전문판매업,,,,
,자가,(주)약산바이오,유통전문판매업,,184242.730019702,448537.930084122,2026-05-03 22:36:04,I,01,영업,3.3,,,,,,,,,2025-03-07 11:01:45,2024-08-22,3.30,158-743,서울특별시 양천구 신월동 39-1 서부자동차매매시장,N,,3140000-113-2024-00012,,3140000,"서울특별시 양천구 화곡로 6, 서부자동차매매시장 522호 (신월동)",07909,01,영업/정상,유통전문판매업,,,,
,임대,(주)비움랩스,유통전문판매업,,185005.79221479,447796.176428261,2026-05-03 22:36:04,I,01,영업,3.32,,,,,,,,,2024-08-30 14:27:09,2024-08-30,3.32,158-828,서울특별시 양천구 신월동 136-5,N,,3140000-113-2024-00013,,3140000,"서울특별시 양천구 남부순환로 395, 지하층 일부호 (신월동)",07920,01,영업/정상,유통전문판매업,,,,
,자가,주식회사 비비드비드,유통전문판매업,,187838.825895538,446966.45927906,2026-05-03 22:36:04,I,01,영업,0,,,,,,,,,2025-05-28 11:21:20,2024-08-28,3.30,158-860,서울특별시 양천구 신정동 996-1,N,,3140000-113-2024-00015,,3140000,"서울특별시 양천구 목동로19길 11, 4층 (신정동)",08022,01,영업/정상,유통전문판매업,,,,
,자가,선율,유통전문판매업,,185181.733703624,448817.544734146,2026-05-03 22:36:04,I,01,영업,49.5,,,,,,,,,2024-10-04 17:59:59,2024-10-04,49.50,158-822,서울특별시 양천구 신월동 19-14 상록빌딩,N,,3140000-113-2024-00016,,3140000,"서울특별시 양천구 화곡로13길 33, 상록빌딩 5층 (신월동)",07903,01,영업/정상,유통전문판매업,,,,
,자가,(주)서진제약,유통전문판매업,,188151.457662108,448323.232113506,2026-05-03 22:36:04,I,01,영업,0,0,0,0,,,,0,,2026-04-09 11:04:20,2024-11-07,3.30,158-814,서울특별시 양천구 목동 727-29,N,,3140000-113-2024-00018,,3140000,"서울특별시 양천구 목동중앙남로 35, 234호 (목동)",07958,01,영업/정상,유통전문판매업,,,,
,자가,주식회사 이로컴퍼니,유통전문판매업,,186071.979697827,445297.986765501,2026-05-03 22:36:04,I,01,영업,9.9,,,,,,,,,2024-11-15 13:42:58,2024-11-15,9.90,158-865,서울특별시 양천구 신정동 1290-4 대우미래사랑5차아파트,N,,3140000-113-2024-00019,,3140000,"서울특별시 양천구 신정로13길 3, 대우미래사랑5차아파트 1204호 (신정동)",08081,01,영업/정상,유통전문판매업,,,,
,,트리컴,유통전문판매업,,187955.121454906,449649.016215774,2026-05-03 22:36:04,I,01,영업,0,,,,,,,,,2024-12-10 09:33:59,2024-12-10,,158-050,서울특별시 양천구 목동 960 신한이모르젠 209호,N,,3140000-113-2024-00020,,3140000,"서울특별시 양천구 목동중앙북로 7, 2층 209호 (목동, 신한이모르젠)",07946,01,영업/정상,유통전문판매업,,,,
,자가,제주마을,유통전문판매업,,187791.461819617,446647.027913243,2026-05-03 22:36:04,I,01,영업,0,,,,,,,,,2024-12-17 17:08:35,2024-12-17,3.30,158-861,서울특별시 양천구 신정동 1014-3 법정빌딩,N,,3140000-113-2024-00021,,3140000,"서울특별시 양천구 신월로 376, 법정빌딩 8층 801호 (신정동)",08087,01,영업/정상,유통전문판매업,,,,
,자가,골든트리,유통전문판매업,,187838.825895538,446966.45927906,2026-05-03 22:36:04,I,01,영업,0,,,,,,,,,2024-12-27 16:13:20,2024-12-27,.00,158-860,서울특별시 양천구 신정동 996-1,N,,3140000-113-2024-00022,,3140000,서울특별시 양천구 목동로19길 11 (신정동),08022,01,영업/정상,유통전문판매업,02-3666-0222,,,
,자가,(주)신솔에프앤비,유통전문판매업,,187454.397352696,447053.343570561,2026-05-03 22:36:04,I,01,영업,3,,,,,,,,,2025-01-03 15:39:15,2025-01-03,3.00,158-857,서울특별시 양천구 신정동 908-15,N,,3140000-113-2025-00001,,3140000,"서울특별시 양천구 오목로 193, 4층 (신정동)",07944,01,영업/정상,유통전문판매업,,,,
,자가,티에스에스비 TSSB,유통전문판매업,,187449.079123986,446572.610189146,2026-05-03 22:36:04,I,01,영업,23,,,,,,,,,2026-02-24 11:35:02,2025-02-05,23.00,158-861,서울특별시 양천구 신정동 1026-13,N,,3140000-113-2025-00002,,3140000,"서울특별시 양천구 은행정로5길 10, 103호 (신정동)",08086,01,영업/정상,유통전문판매업,,,,
,자가,주식회사 다이타,유통전문판매업,,185495.447626854,446999.164462045,2026-05-03 22:36:04,I,01,영업,70,,,,,,,,,2025-02-05 17:22:09,2025-02-05,70.00,158-832,서울특별시 양천구 신월동 410-8 강성산업,N,,3140000-113-2025-00003,,3140000,"서울특별시 양천구 국회대로 12, 강성산업 301호 (신월동)",07928,01,영업/정상,유통전문판매업,,,,
,자가,주식회사 골든트리라이프,유통전문판매업,,188456.486375706,449112.890911306,2026-05-03 22:36:04,I,01,영업,3,,,,,,,,,2025-02-20 14:51:39,2025-02-20,3.00,158-809,서울특별시 양천구 목동 547-12,N,,3140000-113-2025-00004,,3140000,"서울특별시 양천구 목동중앙본로 95, 2층 4호 (목동)",07953,01,영업/정상,유통전문판매업,,,,
,자가,브랜뉴,유통전문판매업,,188151.457662108,448323.232113506,2026-05-03 22:36:04,I,01,영업,3.3,,,,,,,,,2025-03-06 15:46:17,2025-03-06,3.30,158-814,서울특별시 양천구 목동 727-29,N,,3140000-113-2025-00005,,3140000,"서울특별시 양천구 목동중앙남로 35, 2층 253호 (목동)",07958,01,영업/정상,유통전문판매업,,,,
,자가,아덴더,유통전문판매업,,189086.853406906,446779.943272419,2026-05-03 22:36:04,I,01,영업,0,,,,,,,,,2025-03-26 16:46:59,2025-03-26,9.00,158-806,서울특별시 양천구 목동 404-108,N,,3140000-113-2025-00006,,3140000,"서울특별시 양천구 신목로2길 62, 1층 (목동)",08007,01,영업/정상,유통전문판매업,,,,
,자가,우리가치,유통전문판매업,,189348.372526225,448186.414032098,2026-05-03 22:36:04,I,01,영업,0,,,,,,,,,2025-04-04 10:18:43,2025-04-04,6.00,158-727,서울특별시 양천구 목동 907-23 현대파크빌,N,,3140000-113-2025-00007,,3140000,"서울특별시 양천구 목동동로 391, B104호 (목동, 현대파크빌)",07983,01,영업/정상,유통전문판매업,,,,
,자가,솔트러스,유통전문판매업,,187962.065939694,446869.135417967,2026-05-03 22:36:04,I,01,영업,0,,,,,,,,,2025-04-29 13:31:33,2025-04-16,3.30,158-860,서울특별시 양천구 신정동 1006-2,N,,3140000-113-2025-00008,,3140000,"서울특별시 양천구 목동로 173, 3층 3029호 (신정동)",08023,01,영업/정상,유통전문판매업,,,,
,자가,주식회사 베프컴 목동지점,유통전문판매업,,189749.776358917,448050.161097073,2026-05-03 22:36:04,I,01,영업,0,,,,,,,,,2025-04-18 16:49:13,2025-04-18,30.00,158-879,서울특별시 양천구 목동 911 목동신시가지아파트6단지,N,,3140000-113-2025-00009,,3140000,"서울특별시 양천구 목동동로 430, 605동 1001호 (목동, 목동신시가지아파트6단지)",07986,01,영업/정상,유통전문판매업,,,,
,자가,조선아뜰리에,유통전문판매업,,187955.121454906,449649.016215774,2026-05-03 22:36:04,I,01,영업,3,,,,,,,,,2025-06-02 10:53:26,2025-06-02,3.00,158-050,서울특별시 양천구 목동 960 목동신한,N,,3140000-113-2025-00010,,3140000,"서울특별시 양천구 목동중앙북로 7, 2층 209호-M101호 (목동, 목동신한)",07946,01,영업/정상,유통전문판매업,,,,
,자가,주식회사 싱글즈키친,유통전문판매업,,185502.74687468,446808.559489437,2026-05-03 22:36:05,I,01,영업,0,,,,,,,,,2025-06-19 13:52:52,2025-06-19,3.30,158-832,서울특별시 양천구 신월동 418-4 탑건위너빌,N,,3140000-113-2025-00012,,3140000,"서울특별시 양천구 오목로1길 27, B동 903호 (신월동, 탑건위너빌)",07928,01,영업/정상,유통전문판매업,,,,
,자가,주식회사 알파랩,유통전문판매업,,184651.515751007,448614.754878563,2026-05-03 22:36:05,I,01,영업,0,,,,,,,,,2025-06-23 15:21:22,2025-06-23,3.30,158-822,서울특별시 양천구 신월동 27-3 어린이재단 양천별관,N,,3140000-113-2025-00013,,3140000,"서울특별시 양천구 화곡로 47, 어린이재단 양천별관 3층 (신월동)",07902,01,영업/정상,유통전문판매업,,,,
,자가,리바엘(Rivael),유통전문판매업,,188331.483799824,448196.036127414,2026-05-03 22:36:05,I,01,영업,0,,,,,,,,,2025-07-08 14:54:17,2025-07-08,3.30,158-050,서울특별시 양천구 목동 945 목동 노블레스 아파트,N,,3140000-113-2025-00014,,3140000,"서울특별시 양천구 목동중앙남로 12-3, 101동 104호 (목동, 목동 노블레스 아파트)",07962,01,영업/정상,유통전문판매업,,,,
,자가,(주)감사,유통전문판매업,,185814.492063604,445768.146016485,2026-05-03 22:36:05,I,01,영업,0,,,,,,,,,2025-07-25 14:22:24,2025-07-25,6.00,158-848,서울특별시 양천구 신월동 1015-7,N,,3140000-113-2025-00015,,3140000,"서울특별시 양천구 남부순환로 614, 2층 (신월동)",08047,01,영업/정상,유통전문판매업,,,,
,자가,비전바이오,유통전문판매업,,184638.966406494,448341.334876652,2026-05-03 22:36:06,I,01,영업,25,,,,,,,,,2025-08-26 11:22:57,2025-08-26,25.00,158-823,서울특별시 양천구 신월동 45-3 덕수펠리체,N,,3140000-113-2025-00016,,3140000,"서울특별시 양천구 남부순환로 330, 덕수펠리체 407호 (신월동)",07909,01,영업/정상,유통전문판매업,,,,
,자가,차온담,유통전문판매업,,187598.593698692,447147.978956091,2026-05-03 22:36:06,I,01,영업,0,,,,,,,,,2025-08-27 10:32:07,2025-08-27,3.00,158-857,서울특별시 양천구 신정동 904-4 양천구 평생학습관·스마트창의인재센터,N,,3140000-113-2025-00017,,3140000,"서울특별시 양천구 신정중앙로 80, 양천구 평생학습관·스마트창의인재센터 지하1층 (신정동)",07945,01,영업/정상,유통전문판매업,,,,
,자가,꿈의 색깔,유통전문판매업,,188895.844080632,447480.979609884,2026-05-03 22:36:06,I,01,영업,0,,,,,,,,,2025-09-22 15:10:10,2025-09-22,6.60,158-761,서울특별시 양천구 목동 917 목동파라곤,N,,3140000-113-2025-00018,,3140000,"서울특별시 양천구 목동서로 155, 목동파라곤 106동 1703호 (목동)",07997,01,영업/정상,유통전문판매업,,,,
,자가,편안습관,유통전문판매업,,188169.180124964,449701.802558519,2026-05-03 22:36:06,I,01,영업,40.3,,,,,,,,,2025-10-30 10:39:24,2025-10-30,40.30,158-811,서울특별시 양천구 목동 603-2 목동대우마이빌,N,,3140000-113-2025-00019,,3140000,"서울특별시 양천구 공항대로 552, 목동대우마이빌 6층 614호 (목동)",07946,01,영업/정상,유통전문판매업,,,,
,자가,(주)스카랩,유통전문판매업,,188792.870913125,449143.109659339,2026-05-03 22:36:06,I,01,영업,0,,,,,,,,,2025-11-12 16:12:57,2025-11-12,40.00,158-809,서울특별시 양천구 목동 536-11 화이트빌,N,,3140000-113-2025-00020,,3140000,"서울특별시 양천구 목동중앙북로16길 39, 4층 401호 (목동, 화이트빌)",07971,01,영업/정상,유통전문판매업,,,,
,자가,(주)지향코퍼레이션,유통전문판매업,,184634.273073563,445858.719234526,2026-05-03 22:36:06,I,01,영업,0,,,,,,,,,2025-11-26 16:34:16,2025-11-26,42.27,158-070,서울특별시 양천구 신정동 1321 신정이펜하우스1단지,N,,3140000-113-2025-00021,,3140000,"서울특별시 양천구 신정이펜1로 99, 상가동 1층 103호 (신정동, 신정이펜하우스1단지)",08046,01,영업/정상,유통전문판매업,02-2603-9095,,,
,자가,주식회사 엔벨로프,유통전문판매업,,188793.497546726,446277.050684118,2026-05-03 22:36:06,I,01,영업,0,,,,,,,,,2025-11-27 09:22:42,2025-11-27,4.40,158-849,서울특별시 양천구 신정동 128-113,N,,3140000-113-2025-00022,,3140000,"서울특별시 양천구 신목로 34, 3층 A40호 (신정동)",08015,01,영업/정상,유통전문판매업,,,,
,자가,로나이,유통전문판매업,,188494.598982992,447318.660520705,2026-05-03 22:36:06,I,01,영업,0,,,,,,,,,2025-12-17 16:40:29,2025-12-17,31.91,158-050,서울특별시 양천구 목동 923 세신비젼프라자,N,,3140000-113-2025-00023,,3140000,"서울특별시 양천구 목동서로 213, 세신비젼프라자 4층 404호 (목동)",07995,01,영업/정상,유통전문판매업,,,,
,자가,굿수제돈까스&냉모밀,유통전문판매업,,188623.954218518,446226.053407873,2026-05-03 22:36:06,I,01,영업,3.3,,,,,,,,,2026-02-05 16:07:01,2026-02-05,3.30,158-849,서울특별시 양천구 신정동 144-107,N,,3140000-113-2026-00001,,3140000,"서울특별시 양천구 목동동로10길 16-19, 1층 (신정동)",08014,01,영업/정상,유통전문판매업,02-6083-6006,,,
,자가,한국인삼차가,유통전문판매업,2025-12-30,185414.236203575,447842.753167744,2026-05-03 22:35:46,I,02,폐업,70,0,0,0,,,,0,,2025-12-30 09:57:23,2009-11-23,70.00,158-827,서울특별시 양천구 신월동 113-38 지층,N,,3140000-113-2009-00003,,3140000,"서울특별시 양천구 곰달래로13길 33 (신월동,지층)",07922,03,폐업,유통전문판매업,02-2691-0014,,,
,임대,기모앤에스(GIMO&S),유통전문판매업,2025-12-23,187791.461819617,446647.027913243,2026-05-03 22:35:47,I,02,폐업,0,0,0,0,,,,0,,2025-12-23 16:51:53,2011-07-20,66.00,158-861,서울특별시 양천구 신정동 1014-3 법정빌딩 지상6층,N,,3140000-113-2011-00006,,3140000,"서울특별시 양천구 신월로 376, 지상6층 (신정동, 법정빌딩)",08087,03,폐업,유통전문판매업,,,,
,자가,키위픽(KIWIPICK),유통전문판매업,2025-12-29,185222.73244302,447665.545654592,2026-05-03 22:35:54,I,02,폐업,0,,,,,,,,,2025-12-29 13:17:05,2018-11-23,100.00,158-827,서울특별시 양천구 신월동 128 신월프라자,N,,3140000-113-2018-00016,,3140000,"서울특별시 양천구 곰달래로5길 17, 신월프라자 110,122호 (신월동)",07921,03,폐업,유통전문판매업,,,,
,자가,이봄인터내셔널,유통전문판매업,2025-12-29,187962.065939694,446869.135417967,2026-05-03 22:35:54,I,02,폐업,0,0,0,0,,,,0,,2025-12-29 18:05:30,2019-05-13,6.60,158-860,서울특별시 양천구 신정동 1006-2 3층 45호,N,,3140000-113-2019-00001,,3140000,"서울특별시 양천구 목동로 173, 3층 45호 (신정동)",08023,03,폐업,유통전문판매업,,,,
,임대,허브먼트 본점,유통전문판매업,2025-12-29,188729.508802651,449390.11431197,2026-05-03 22:35:57,I,02,폐업,0,,,,,,,,,2025-12-29 13:10:27,2020-10-27,16.50,158-808,서울특별시 양천구 목동 513-10,N,,3140000-113-2020-00014,,3140000,"서울특별시 양천구 공항대로 616, 3층 (목동)",07968,03,폐업,유통전문판매업,,,,
,임대,(주)휴먼글로벌비지니스,유통전문판매업,2026-01-02,188493.762740612,447213.539278579,2026-05-03 22:35:57,I,02,폐업,0,,,,,,,,,2026-01-02 10:30:57,2021-01-28,54.45,158-720,서울특별시 양천구 목동 923-6 대한민국예술인센터,N,,3140000-113-2021-00002,,3140000,"서울특별시 양천구 목동서로 225, 대한민국예술인센터 1309호 (목동)",07995,03,폐업,유통전문판매업,,,,
,자가,부만(주),유통전문판매업,2025-12-31,188248.45432693,447406.301288366,2026-05-03 22:36:00,I,02,폐업,0,,,,,,,,,2025-12-31 18:16:14,2022-10-18,10.57,158-050,서울특별시 양천구 목동 925 목동신시가지아파트7단지 상가에이동 209-1호,N,,3140000-113-2022-00018,,3140000,"서울특별시 양천구 목동로 212, 상가에이동 209-1호 (목동, 목동신시가지아파트7단지)",07993,03,폐업,유통전문판매업,070-8997-8408,,,
,자가,지노시아,유통전문판매업,2025-12-30,188669.897150806,449125.190863434,2026-05-03 22:36:01,I,02,폐업,0,0,0,0,,,,0,,2025-12-30 13:26:28,2022-06-24,.00,158-809,서울특별시 양천구 목동 534-44,N,,3140000-113-2022-00022,,3140000,서울특별시 양천구 목동중앙본로30길 38 (목동),07973,03,폐업,유통전문판매업,,,,
,자가,디디에이치(DDH),유통전문판매업,2025-12-26,188700.851169641,448020.090999138,2026-05-03 22:36:05,I,02,폐업,0,,,,,,,,,2025-12-26 14:47:25,2025-06-17,3.30,158-875,서울특별시 양천구 목동 903 목동신시가지아파트3단지,N,,3140000-113-2025-00011,,3140000,"서울특별시 양천구 목동서로 100, 304동 9층 1호 (목동, 목동신시가지아파트3단지)",07982,03,폐업,유통전문판매업,,,,
,자가,(주)여성시대삼육오,유통전문판매업,,188879.448572755,446808.521815814,2026-05-03 22:35:36,I,01,영업,0,0,0,0,,,,0,,2019-10-15 15:28:29,2002-06-22,82.50,158-806,서울특별시 양천구 목동 405-24 정산빌딩503호,N,,3140000-113-2002-00006,,3140000,"서울특별시 양천구 신목로 97 (목동,정산빌딩503호)",08006,01,영업/정상,유통전문판매업,02-2062-2800,,,
,임대,부흥상사,유통전문판매업,,185894.395136423,446931.832341446,2026-05-03 22:35:38,I,01,영업,0,0,1,1,,,,0,,2020-05-12 11:33:50,2004-03-27,79.00,158-832,서울특별시 양천구 신월동 427-9 지층,N,,3140000-113-2004-00004,,3140000,"서울특별시 양천구 오목로7길 28, 지층 (신월동)",07929,01,영업/정상,유통전문판매업,02-2698-7806,,,상수도전용
,임대,유정상사,유통전문판매업,,185686.224314885,446146.409161866,2026-05-03 22:35:44,I,01,영업,0,0,0,0,,,0,0,,2016-11-09 14:17:33,2007-06-28,148.10,158-847,서울특별시 양천구 신월동 994-15 지상1층,N,,3140000-113-2007-00005,0,3140000,"서울특별시 양천구 남부순환로 576, 지상1층 (신월동)",08041,01,영업/정상,유통전문판매업,02-2683-8996,,,
,자가,(주)제이앤미,유통전문판매업,,188431.286329151,446909.365903882,2026-05-03 22:35:46,I,01,영업,0,0,0,0,,,0,0,,2022-12-13 17:44:16,2007-03-09,63.75,158-724,서울특별시 양천구 목동 961 현대하이페리온2 205동 2205호,N,,3140000-113-2007-00016,0,3140000,"서울특별시 양천구 오목로 300, 205동 2205호 (목동, 현대하이페리온2)",08004,01,영업/정상,유통전문판매업,02-2671-9601,,,
,,(주)아마인상사,유통전문판매업,,187766.276177683,446265.890841351,2026-05-03 22:35:46,I,01,영업,0,0,0,0,,,,0,,2016-01-14 16:25:54,2009-04-29,12.20,158-070,서울특별시 양천구 신정동 312 목동신시가지아파트9단지 상가에이동 205호,N,,3140000-113-2009-00005,,3140000,"서울특별시 양천구 목동서로 340, 상가에이동 205호 (신정동, 목동신시가지아파트9단지)",08089,01,영업/정상,유통전문판매업,02-2652-3482,,,
,임대,(주)청우라이프사이언스,유통전문판매업,,188246.471504471,447947.627317323,2026-05-03 22:35:46,I,01,영업,0,2,,,,,,,,2026-03-23 14:40:42,2009-12-14,3.50,158-050,서울특별시 양천구 목동 951 목동금호어울림아파트,N,,3140000-113-2009-00006,,3140000,"서울특별시 양천구 목동중앙서로 37, 107동 304호 (목동, 목동금호어울림아파트)",07964,01,영업/정상,유통전문판매업,,,,
,임대,정윤푸드,유통전문판매업,,185268.664167128,446801.631518906,2026-05-03 22:35:48,I,01,영업,0,0,0,0,,,40000000,0,,2025-12-30 09:32:33,2013-06-18,105.41,158-845,서울특별시 양천구 신월동 927-1 지상2층,N,,3140000-113-2013-00006,1800000,3140000,"서울특별시 양천구 지양로10길 12, 지상2층 (신월동)",08034,01,영업/정상,유통전문판매업,02-2606-6003,,,상수도전용
,자가,(주)다뉴브,유통전문판매업,,186723.502831215,445569.639465968,2026-05-03 22:35:49,I,01,영업,0,0,0,0,,,,0,,2014-07-21 13:55:37,2014-07-03,234.46,158-070,서울특별시 양천구 신정동 1254 양천벤처타운 503호,N,,3140000-113-2014-00009,,3140000,"서울특별시 양천구 신정로 267, 503호 (신정동, 양천벤처타운)",08079,01,영업/정상,유통전문판매업,02-2699-0525,,,
,임대,(주)세렌디브,유통전문판매업,,185771.85864587,447178.820619359,2026-05-03 22:35:49,I,01,영업,0,0,0,0,,,,0,,2022-12-14 11:51:38,2015-09-11,100.00,158-831,서울특별시 양천구 신월동 238-12 지상3층,N,,3140000-113-2015-00004,,3140000,"서울특별시 양천구 국회대로 45, 지상3층 (신월동)",07926,01,영업/정상,유통전문판매업,02-6080-7003,,,
,임대,(주)강화홍삼공사,유통전문판매업,,185982.904177801,446903.316659652,2026-05-03 22:35:49,I,01,영업,0,,,,,,5000000,,,2020-10-21 10:32:04,2015-11-09,6.60,158-834,서울특별시 양천구 신월동 446-2 청솔아파트,N,,3140000-113-2015-00006,300000,3140000,"서울특별시 양천구 월정로 50, 2층 205호 (신월동, 청솔아파트)",07936,01,영업/정상,유통전문판매업,02-2697-0529,,,상수도전용
,자가,(주)디에이치에프,유통전문판매업,,188953.066831076,447333.569187997,2026-05-03 22:35:49,I,01,영업,0,,,,,,,,,2025-11-10 15:22:43,2015-12-30,15.00,158-050,서울특별시 양천구 목동 917-9 현대41타워,N,,3140000-113-2015-00007,,3140000,"서울특별시 양천구 목동동로 293, 현대41타워 28층 2808호 (목동)",07997,01,영업/정상,유통전문판매업,02-6736-8282,,,
,임대,해인에프앤씨(해인fnc),유통전문판매업,,184534.619036954,448182.475058135,2026-05-03 22:35:49,I,01,영업,0,,,,,,,,,2020-04-07 14:11:17,2015-08-20,42.30,158-823,서울특별시 양천구 신월동 48-9 201호,N,,3140000-113-2015-00010,,3140000,"서울특별시 양천구 가로공원로 89, 201호 (신월동)",07909,01,영업/정상,유통전문판매업,02-3665-0677,,,상수도전용
,자가,참좋은사람들,유통전문판매업,,187705.847589649,447292.947700893,2026-05-03 22:35:50,I,01,영업,0,,,,,,,,,2021-08-18 11:07:18,2016-02-03,60.80,158-856,서울특별시 양천구 신정동 891-48,N,,3140000-113-2016-00011,,3140000,"서울특별시 양천구 신정중앙로19길 13, 1층 (신정동)",07938,01,영업/정상,유통전문판매업,02-6404-8055,,,
,임대,주식회사 가포생활건강,유통전문판매업,,187300.949737034,447022.387226156,2026-05-03 22:35:50,I,01,영업,0,0,0,0,,,,0,,2025-04-11 17:00:07,2016-11-09,163.00,158-858,서울특별시 양천구 신정동 916-14,N,,3140000-113-2016-00012,,3140000,"서울특별시 양천구 오목로 177, 6층 602호 (신정동)",07944,01,영업/정상,유통전문판매업,02-2695-0260,,,
,,신창식외식창업연구소,유통전문판매업,,187296.434077864,446974.453134613,2026-05-03 22:35:51,I,01,영업,0,,,,,,,,,2017-05-04 11:43:12,2017-05-04,,158-859,서울특별시 양천구 신정동 952-4 산호빌딩 3층,N,,3140000-113-2017-00002,,3140000,"서울특별시 양천구 오목로 176, 3층 (신정동, 산호빌딩)",08020,01,영업/정상,유통전문판매업,02-521-4496,,,
,임대,주식회사 씨엔에스피셔리,유통전문판매업,,185035.113128292,448837.584130391,2026-05-03 22:35:51,I,01,영업,0,,,,,,,,,2017-07-26 15:17:34,2017-07-26,114.95,158-822,서울특별시 양천구 신월동 18-8 지하1층,N,,3140000-113-2017-00005,,3140000,"서울특별시 양천구 월정로50길 12 (신월동, 지하 1층)",07903,01,영업/정상,유통전문판매업,,,,
,자가,주식회사 이든이노베이션,유통전문판매업,,185852.717246438,446088.106145448,2026-05-03 22:35:52,I,01,영업,0,,,,,,,,,2020-08-07 16:54:30,2017-11-21,21.10,158-841,서울특별시 양천구 신월동 549-21,N,,3140000-113-2017-00008,,3140000,"서울특별시 양천구 남부순환로79길 9, 지층 (신월동)",08065,01,영업/정상,유통전문판매업,,,,
,자가,(주)지앤건강생활,유통전문판매업,,189011.488403267,449390.943275,2026-05-03 22:35:52,I,01,영업,0,0,0,0,,,,0,,2025-04-23 16:36:56,2017-02-14,441.27,158-808,서울특별시 양천구 목동 515-12,N,,3140000-113-2017-00009,,3140000,"서울특별시 양천구 공항대로 644, 5층, 7층 (목동)",07968,01,영업/정상,유통전문판매업,02-2648-2010,,,
,임대,(주) 미트더석세스,유통전문판매업,,187680.23882204,447084.896865409,2026-05-03 22:35:52,I,01,영업,0,,,,,,,,,2018-01-02 16:13:45,2018-01-02,143.29,158-857,서울특별시 양천구 신정동 903-19,N,,3140000-113-2018-00001,,3140000,"서울특별시 양천구 오목로 215, 3층 (신정동)",07945,01,영업/정상,유통전문판매업,02-2601-0821,,,
,자가,(주)알볼로에프앤씨,유통전문판매업,,187954.545940448,447448.783677628,2026-05-03 22:35:52,I,01,영업,0,,,,,,,,,2020-10-29 10:49:23,2018-03-21,53.00,158-050,서울특별시 양천구 목동 808-2 알볼로빌딩,N,,3140000-113-2018-00002,,3140000,"서울특별시 양천구 목동로 232, 알볼로빌딩 3층 (목동)",07993,01,영업/정상,유통전문판매업,070-4880-4463,,,
,임대,잉푸드,유통전문판매업,2026-04-08,187496.753603391,447163.623642728,2026-05-03 22:35:52,I,02,폐업,0,,,,,,,,,2026-04-08 10:43:37,2018-04-27,15.00,158-857,서울특별시 양천구 신정동 905-2 해풍빌딩 1층 102호,N,,3140000-113-2018-00003,,3140000,"서울특별시 양천구 신정중앙로 68, 1층 102호 (신정동, 해풍빌딩)",07945,03,폐업,유통전문판매업,,,,
,임대,상아제약 주식회사,유통전문판매업,,185748.19889897,447173.215393671,2026-05-03 22:35:53,I,01,영업,0,0,0,0,,,,0,,2025-10-24 14:13:24,2018-09-27,86.75,158-831,서울특별시 양천구 신월동 238-7 1층 101호 101호,N,,3140000-113-2018-00007,,3140000,"서울특별시 양천구 국회대로 43, 1층 101호 (신월동)",07926,01,영업/정상,유통전문판매업,02-2690-8529,,,
,자가,주식회사 랩헌드레드,유통전문판매업,,188871.512837973,447348.13213342,2026-05-03 22:35:53,I,01,영업,0,,,,,,,,,2024-08-27 09:36:52,2018-02-06,25.76,158-050,서울특별시 양천구 목동 917-1 15층,N,,3140000-113-2018-00014,,3140000,"서울특별시 양천구 목동서로 159-1, 15층 (목동)",07997,01,영업/정상,유통전문판매업,,,,
,임대,본네이쳐 주식회사,유통전문판매업,,188146.152793151,445081.396522145,2026-05-03 22:35:54,I,01,영업,0,0,0,0,,,2000000,0,,2019-08-30 10:45:26,2019-08-30,20.28,158-070,서울특별시 양천구 신정동 337 목동2차우성아파트 상가에이동 지층 004호,N,,3140000-113-2019-00007,150000,3140000,"서울특별시 양천구 목동남로4길 6-23, 상가에이동 지층 004호 (신정동, 목동2차우성아파트)",08104,01,영업/정상,유통전문판매업,,,,
,임대,주식회사 가치엔제이,유통전문판매업,,186082.175714046,446378.049578238,2026-05-03 22:35:55,I,01,영업,0,0,0,0,,,,0,,2022-12-13 17:49:51,2019-06-10,72.13,158-840,서울특별시 양천구 신월동 535-7 로즈그린타운 2층 206호,N,,3140000-113-2019-00012,,3140000,"서울특별시 양천구 신월로 185, 2층 206호 (신월동, 로즈그린타운)",08030,01,영업/정상,유통전문판매업,,,,
,자가,(주)톡톡뷰티,유통전문판매업,,188489.883030306,449335.572121211,2026-05-03 22:35:55,I,01,영업,0,0,0,0,,,,0,,2023-04-21 14:29:14,2019-10-11,165.18,158-807,서울특별시 양천구 목동 504-14 한성빌딩,N,,3140000-113-2019-00013,,3140000,"서울특별시 양천구 목동중앙북로10길 7-18, 한성빌딩 4층 (목동)",07948,01,영업/정상,유통전문판매업,02-2606-5004,,,
,임대,(주)최고식품,유통전문판매업,,187917.097239178,448665.257157041,2026-05-03 22:35:55,I,01,영업,0,,,,,,,,,2021-04-27 16:44:24,2020-01-22,196.50,158-813,서울특별시 양천구 목동 721-1 목동한강팰리스 5층,N,,3140000-113-2020-00003,,3140000,"서울특별시 양천구 등촌로 114, 목동한강팰리스 5층 (목동)",07957,01,영업/정상,유통전문판매업,,,,
,자가,(주)용형호제,유통전문판매업,,188772.839317175,446886.095776699,2026-05-03 22:35:55,I,01,영업,0,,,,,,,,,2025-10-13 16:51:23,2020-02-21,92.40,158-806,서울특별시 양천구 목동 405-16 102호,N,,3140000-113-2020-00004,,3140000,"서울특별시 양천구 오목로56길 2, 1층 102호 (목동)",08006,01,영업/정상,유통전문판매업,,,,
,임대,(주)신라에프앤비,유통전문판매업,,189460.484490723,449250.69026214,2026-05-03 22:35:55,I,01,영업,0,,,,,,,,,2020-03-06 14:17:27,2020-03-06,99.45,158-801,서울특별시 양천구 목동 128-16 MJ빌딩 3층,N,,3140000-113-2020-00005,,3140000,"서울특별시 양천구 목동중앙로13길 29, MJ빌딩 3층 (목동)",07969,01,영업/정상,유통전문판매업,,,,
,임대,(주)오마켓,유통전문판매업,,188953.066831076,447333.569187997,2026-05-03 22:35:55,I,01,영업,0,,,,,,,,,2020-03-26 16:13:57,2020-03-26,62.10,158-050,서울특별시 양천구 목동 917-9 현대41타워 807호,N,,3140000-113-2020-00006,,3140000,"서울특별시 양천구 목동동로 293, 현대41타워 8층 807호 (목동)",07997,01,영업/정상,유통전문판매업,,,,
,임대,(주)온누리에이치엔씨,유통전문판매업,,188871.512837973,447348.13213342,2026-05-03 22:35:55,I,01,영업,0,,,,,,,,,2020-04-27 14:10:46,2020-04-27,150.00,158-050,서울특별시 양천구 목동 917-1 13층,N,,3140000-113-2020-00007,,3140000,"서울특별시 양천구 목동서로 159-1, 13층 (목동)",07997,01,영업/정상,유통전문판매업,02-569-5662,,,
,임대,진우유통,유통전문판매업,,187496.753603391,447163.623642728,2026-05-03 22:35:55,I,01,영업,0,,,,,,,,,2025-05-09 13:18:50,2020-05-11,5.20,158-857,서울특별시 양천구 신정동 905-2 해풍빌딩,N,,3140000-113-2020-00008,,3140000,"서울특별시 양천구 신정중앙로 68, 4층 403-C4호 (신정동, 해풍빌딩)",07945,01,영업/정상,유통전문판매업,02-2653-0605,,,
,임대,주식회사 베이직아이디어,유통전문판매업,,188493.762740612,447213.539278579,2026-05-03 22:35:57,I,01,영업,0,0,0,0,,,,0,,2020-09-18 16:27:45,2020-02-17,34.25,158-050,서울특별시 양천구 목동 923-6 예술인회관,N,,3140000-113-2020-00013,,3140000,"서울특별시 양천구 목동서로 225, 예술인회관 13층 1301호 (목동)",07995,01,영업/정상,유통전문판매업,,,,
,임대,(주)아이에스비네트,유통전문판매업,,188953.066831076,447333.569187997,2026-05-03 22:35:57,I,01,영업,0,,,,,,,,,2020-11-04 15:59:27,2020-11-04,62.10,158-050,서울특별시 양천구 목동 917-9 현대41타워,N,,3140000-113-2020-00015,,3140000,"서울특별시 양천구 목동동로 293, 현대41타워 8층 806호 (목동)",07997,01,영업/정상,유통전문판매업,,,,
,자가,주식회사 아잇,유통전문판매업,2026-03-25,187766.276177683,446265.890841351,2026-05-03 22:35:57,I,02,폐업,0,,,,,,,,,2026-03-25 17:54:30,2020-06-23,148.00,158-070,서울특별시 양천구 신정동 312 목동신시가지아파트9단지,N,,3140000-113-2020-00018,,3140000,"서울특별시 양천구 목동서로 340, 921동 503호 (신정동, 목동신시가지아파트9단지)",08089,03,폐업,유통전문판매업,,,,
,,상상파크 주식회사,유통전문판매업,,189078.224808079,449363.193667633,2026-05-03 22:35:57,I,01,영업,0,0,0,0,,,,0,,2025-12-29 13:52:02,2020-09-24,85.00,158-808,서울특별시 양천구 목동 516-9,N,,3140000-113-2020-00020,,3140000,"서울특별시 양천구 목동중앙북로 125-1, 2층 (목동)",07968,01,영업/정상,유통전문판매업,02-325-5055,,,
,자가,주식회사 테이블코드,유통전문판매업,2026-01-09,201947.379430526,445949.267405933,2026-05-03 22:50:44,I,02,폐업,176.3,,,,,,,,,2026-01-09 11:31:48,2023-05-24,176.30,135-811,서울특별시 강남구 논현동 15-2,N,,3220000-113-2023-00097,,3220000,"서울특별시 강남구 도산대로8길 17-6, 지상3층 (논현동)",06039,03,폐업,유통전문판매업,,,,
,자가,크랙,유통전문판매업,2025-12-24,202546.845588714,444157.625343329,2026-05-03 22:50:54,I,02,폐업,3.3,0,0,0,,,,0,,2025-12-24 17:26:21,2025-08-18,3.30,135-912,서울특별시 강남구 역삼동 649 유니언타운 강남,N,,3220000-113-2025-00185,,3220000,"서울특별시 강남구 강남대로94길 28, 유니언타운 강남 309호 (역삼동)",06134,03,폐업,유통전문판매업,070-8019-1318,,,
,자가,주식회사 파피용아시아,유통전문판매업,2026-01-15,204257.001574781,446757.679862432,2026-05-03 22:50:54,I,02,폐업,9.8,,,,,,,,,2026-01-15 11:00:50,2025-09-04,9.80,135-953,서울특별시 강남구 청담동 62-3 NAO 빌딩,N,,3220000-113-2025-00202,,3220000,"서울특별시 강남구 도산대로90길 17-4, NAO 빌딩 4층 B호 (청담동)",06070,03,폐업,유통전문판매업,,,,
,자가,유모멘트 주식회사,유통전문판매업,2025-12-15,203455.445577988,446930.524324467,2026-05-03 22:50:44,I,02,폐업,369.3,,,,,,,,,2025-12-15 17:08:38,2023-06-09,369.30,135-954,서울특별시 강남구 청담동 85-17,N,,3220000-113-2023-00112,,3220000,"서울특별시 강남구 선릉로 816, 3층, 4층, 5층 (청담동)",06014,03,폐업,유통전문판매업,02-598-9384,,,
,임대,삼바이타,유통전문판매업,2026-02-03,202429.553277511,444261.087449333,2026-05-03 22:50:50,I,02,폐업,4,,,,,,,,,2026-02-03 14:45:55,2024-11-27,4.00,135-931,서울특별시 강남구 역삼동 817-29,N,,3220000-113-2024-00247,,3220000,"서울특별시 강남구 테헤란로1길 28-11, 5층 5155호 (역삼동)",06129,03,폐업,유통전문판매업,,,,
,자가,푸디셔스,유통전문판매업,2026-02-05,203952.774671757,441675.495465839,2026-05-03 22:50:44,I,02,폐업,4,,,,,,,,,2026-02-05 09:57:10,2023-09-08,4.00,135-964,서울특별시 강남구 개포동 1229-5 지성빌딩,N,,3220000-113-2023-00179,,3220000,"서울특별시 강남구 논현로 80, 지성빌딩 지상3층 3-143호 (개포동)",06307,03,폐업,유통전문판매업,,,,
,임대,포레스트케어,유통전문판매업,2026-01-26,203878.468593528,445430.836868685,2026-05-03 22:50:44,I,02,폐업,9.9,,,,,,,,,2026-01-27 09:41:02,2023-09-15,9.90,135-867,서울특별시 강남구 삼성동 37-7 호암빌딩,N,,3220000-113-2023-00186,,3220000,"서울특별시 강남구 선릉로112길 12-2, 호암빌딩 지상3층 305호 (삼성동)",06097,03,폐업,유통전문판매업,,,,
,자가,(주)블루레시피,유통전문판매업,2025-12-18,203789.673254686,444565.722314842,2026-05-03 22:50:44,I,02,폐업,3.74,,,,,,,,,2025-12-18 17:15:57,2023-10-11,3.74,135-780,서울특별시 강남구 역삼동 701-7 한국기술센터,N,,3220000-113-2023-00195,,3220000,"서울특별시 강남구 테헤란로 305, 한국기술센터 21층 (역삼동)",06152,03,폐업,유통전문판매업,,,,
,임대,주식회사 모두의약국,유통전문판매업,2025-12-24,203702.153462979,444745.362658284,2026-05-03 22:50:44,I,02,폐업,144.08,,,,,,,,,2025-12-24 11:33:38,2023-10-12,144.08,135-513,서울특별시 강남구 역삼동 700-14,N,,3220000-113-2023-00197,,3220000,"서울특별시 강남구 언주로98길 12, 지상3층 (역삼동)",06147,03,폐업,유통전문판매업,1533-4751,,,
,자가,주식회사 푸드바코드,유통전문판매업,2026-01-07,203251.645359611,446106.370890396,2026-05-03 22:50:51,I,02,폐업,0,,,,,,,,,2026-01-07 17:16:39,2024-12-17,90.00,135-821,서울특별시 강남구 논현동 113-15,N,,3220000-113-2024-00277,,3220000,"서울특별시 강남구 학동로43길 14, 6층 602호 (논현동)",06059,03,폐업,유통전문판매업,,,,
,자가,프랜디,유통전문판매업,2025-12-23,203825.142788386,447432.415391304,2026-05-03 22:50:44,I,02,폐업,106.22,,,,,,,,,2025-12-23 11:22:25,2023-10-31,106.22,135-906,서울특별시 강남구 압구정동 528 한양아파트,N,,3220000-113-2023-00209,,3220000,"서울특별시 강남구 압구정로61길 37, 72동 206호 (압구정동, 한양아파트)",06009,03,폐업,유통전문판매업,070-8847-2222,,,
,임대,센시엘,유통전문판매업,2026-02-05,204308.797361501,444932.157842043,2026-05-03 22:50:51,I,02,폐업,0,0,0,0,,,,0,,2026-02-05 11:40:42,2024-12-17,3.00,135-875,서울특별시 강남구 삼성동 140-17 유니콘빌딩,N,,3220000-113-2024-00295,,3220000,"서울특별시 강남구 선릉로100길 30, 유니콘빌딩 지하1층 A-26호 (삼성동)",06161,03,폐업,유통전문판매업,,,,
,임대,주식회사 이너시아,유통전문판매업,2026-02-05,203587.81682069,444254.11370236,2026-05-03 22:50:51,I,02,폐업,192.97,,,,,,,,,2026-02-05 11:00:18,2024-02-07,192.97,135-920,서울특별시 강남구 역삼동 723-7,N,,3220000-113-2024-00300,,3220000,"서울특별시 강남구 언주로85길 23-6, 지상2층 (역삼동)",06222,03,폐업,유통전문판매업,070-7931-2545,,,
,자가,주식회사 티더블유씨,유통전문판매업,2026-02-06,203478.848090516,446036.594200092,2026-05-03 22:50:45,I,02,폐업,75.94,,,,,,,,,2026-02-06 13:18:08,2023-01-03,75.94,135-830,서울특별시 강남구 논현동 241-1 강남파라곤,N,,3220000-113-2023-00265,,3220000,"서울특별시 강남구 학동로 338, 10층 B1004호 (논현동, 강남파라곤)",06099,03,폐업,유통전문판매업,,,,
,자가,(주)에스에이치푸드월드킹 웰티크지점,유통전문판매업,2025-12-17,204915.808710355,446315.090639264,2026-05-03 22:50:51,I,02,폐업,59,,,,,,,,,2025-12-17 16:33:40,2025-02-06,59.00,135-870,서울특별시 강남구 삼성동 58-6 진성빌딩,N,,3220000-113-2025-00024,,3220000,"서울특별시 강남구 영동대로129길 10, 진성빌딩 지상5층 502호 (삼성동)",06085,03,폐업,유통전문판매업,071-8952-2504,,,
,자가,주식회사 크로노웨이,유통전문판매업,2026-01-12,204180.425,444622.13,2026-05-03 22:50:51,I,02,폐업,213.1,,,,,,,,,2026-01-12 13:58:24,2025-03-06,213.10,135-919,서울특별시 강남구 역삼동 708-4 HJ타워,N,,3220000-113-2025-00044,,3220000,"서울특별시 강남구 테헤란로 332, HJ타워 5층 501호 (역삼동)",06212,03,폐업,유통전문판매업,02-3431-9617,,,
,,주식회사 하이톡,유통전문판매업,2026-01-15,202575.560406288,444136.923081339,2026-05-03 22:50:51,I,02,폐업,4,0,0,0,,,,0,,2026-01-15 15:42:48,2025-03-14,4.00,135-912,서울특별시 강남구 역삼동 649-8,N,,3220000-113-2025-00050,,3220000,"서울특별시 강남구 강남대로92길 31, 지상6층 6336호 (역삼동)",06134,03,폐업,유통전문판매업,,,,
,자가,디앤지에프씨,유통전문판매업,2025-12-31,201702.181367055,446530.380219443,2026-05-03 22:50:45,I,02,폐업,56.11,,,,,,,,,2025-12-31 14:52:43,2024-02-07,56.11,135-888,서울특별시 강남구 신사동 522-17,N,,3220000-113-2024-00022,,3220000,"서울특별시 강남구 압구정로4길 14-11, 지상5층 502호 (신사동)",06028,03,폐업,유통전문판매업,02-544-9901,,,
,임대,주식회사 지엘아이엔티,유통전문판매업,2026-01-13,205271.275273064,445852.638814088,2026-05-03 22:50:45,I,02,폐업,1.65,,,,,,,,,2026-01-13 15:04:10,2024-02-13,1.65,135-873,서울특별시 강남구 삼성동 107 삼성동 미켈란 107,N,,3220000-113-2024-00025,,3220000,"서울특별시 강남구 영동대로 602, 6층 C254호 (삼성동, 삼성동 미켈란 107)",06083,03,폐업,유통전문판매업,,,,
,임대,바랑,유통전문판매업,2025-12-30,202724.214297488,445894.305854116,2026-05-03 22:50:45,I,02,폐업,2,0,0,0,,,,0,,2025-12-30 17:54:52,2024-04-26,2.00,135-818,서울특별시 강남구 논현동 86-5,N,,3220000-113-2024-00080,,3220000,"서울특별시 강남구 논현로132길 13, 4층 4685호 (논현동)",06052,03,폐업,유통전문판매업,,,,
,자가,(주)비브이,유통전문판매업,2026-01-14,204257.001574781,446757.679862432,2026-05-03 22:50:52,I,02,폐업,82.56,,,,,,,,,2026-01-14 13:12:22,2025-05-27,82.56,135-953,서울특별시 강남구 청담동 62-3 NAO 빌딩,N,,3220000-113-2025-00107,,3220000,"서울특별시 강남구 도산대로90길 17-4, NAO 빌딩 4층 비호 (청담동)",06070,03,폐업,유통전문판매업,02-545-0919,,,
,자가,주식회사 이그니터즈,유통전문판매업,2025-12-31,203478.688565685,444151.23087509,2026-05-03 22:50:53,I,02,폐업,0,,,,,,,,,2025-12-31 09:28:36,2025-07-03,76.75,135-921,서울특별시 강남구 역삼동 725-20,N,,3220000-113-2025-00138,,3220000,"서울특별시 강남구 언주로81길 42, 4층 1호 (역삼동)",06223,03,폐업,유통전문판매업,,,,
,자가,메디스푼,유통전문판매업,2025-12-23,205940.627824515,443003.318632727,2026-05-03 22:50:54,I,02,폐업,0,,,,,,,,,2025-12-23 13:22:11,2025-08-06,4.00,135-994,서울특별시 강남구 개포동 186-15 소망빌딩,N,,3220000-113-2025-00170,,3220000,"서울특별시 강남구 개포로 508, 소망빌딩 지하1층 중 206호 (개포동)",06329,03,폐업,유통전문판매업,,,,
,,(주)비지에프리테일,유통전문판매업,,204333.137878189,444788.050526082,2026-05-03 22:49:40,I,01,영업,0,0,0,0,,,,0,,2024-03-19 14:03:35,1994-10-19,,135-876,서울특별시 강남구 삼성동 141-32,N,,3220000-113-1994-00227,,3220000,서울특별시 강남구 테헤란로 405 (삼성동),06162,01,영업/정상,유통전문판매업,02-528-7072,,,
기타,,(주)아신,유통전문판매업,,203008.14654417,446054.411349529,2026-05-03 22:49:42,I,01,영업,0,,,,0,기타,,,,2021-11-18 18:28:09,1996-04-04,229.80,135-818,서울특별시 강남구 논현동 84-0 지상8층,N,0,3220000-113-1996-00221,,3220000,"서울특별시 강남구 언주로 709 (논현동,지상8층)",06053,01,영업/정상,유통전문판매업,070-7496-6272,,,상수도전용
기타,,유니레버코리아(주),유통전문판매업,,204914.532475693,445103.936441373,2026-05-03 22:49:42,I,01,영업,0,0,0,0,,기타,,0,,2025-11-21 16:52:57,1996-11-25,"1,177.87",135-880,서울특별시 강남구 삼성동 157-1,N,,3220000-113-1996-01247,,3220000,"서울특별시 강남구 삼성로 512, 10층의일부, 11층 (삼성동)",06168,01,영업/정상,유통전문판매업,02-709-1900,,,
기타,,디케이식품(주),유통전문판매업,,202657.979637924,445962.1423093,2026-05-03 22:49:42,I,01,영업,295.95,,,,0,자율,,,,2003-01-14 00:00:00,1997-06-17,295.95,135-818,서울특별시 강남구 논현동 81-3 지상3층,N,0,3220000-113-1997-01870,,3220000,"서울특별시 강남구 논현로136길 10 (논현동,지상3층)",06052,01,영업/정상,유통전문판매업,02-546-1990,,,
,,앨트웰(주),유통전문판매업,,203652.960949312,445251.842366881,2026-05-03 22:49:42,I,01,영업,0,,,,,,,,,2021-01-15 10:35:51,1997-01-04,,135-916,서울특별시 강남구 역삼동 681-47,N,,3220000-113-1997-01871,,3220000,서울특별시 강남구 봉은사로 322 (역삼동),06143,01,영업/정상,유통전문판매업,02-555-2161,,,
,,(주)산마을,유통전문판매업,,208937.760652081,442873.588039887,2026-05-03 22:49:43,I,01,영업,91.6,,,,,,,,,2017-04-14 11:15:46,1997-07-02,91.60,135-884,서울특별시 강남구 수서동 713,N,,3220000-113-1997-01889,,3220000,"서울특별시 강남구 밤고개로1길 10, 11층 1120호 (수서동, 수서현대벤쳐빌)",06349,01,영업/정상,유통전문판매업,02-3445-0377,,,
기타,,한국허벌라이프(주),유통전문판매업,,202647.939435719,445895.523560174,2026-05-03 22:49:43,I,01,영업,0,,,,0,자율,,,,2020-11-16 15:09:03,1998-03-05,611.99,135-818,서울특별시 강남구 논현동 86-1 아이캐슬빌딩,N,0,3220000-113-1998-01794,,3220000,"서울특별시 강남구 논현로 706, 아이캐슬빌딩 1,2,4층 (논현동)",06052,01,영업/정상,유통전문판매업,02-508-7575,,,
,,뉴스킨코리아(주),유통전문판매업,,204900.638006346,445623.364990468,2026-05-03 22:49:43,I,01,영업,668.16,,,,,,,,,2026-02-26 11:53:23,1998-07-24,668.16,135-878,서울특별시 강남구 삼성동 147-17 빌딩 레베쌍트,N,,3220000-113-1998-01817,,3220000,"서울특별시 강남구 봉은사로86길 6, 4층 (삼성동)",06163,01,영업/정상,유통전문판매업,1588-1440,,,
,임대,(주)지에스리테일,유통전문판매업,,203184.108901561,444431.873863292,2026-05-03 22:49:43,I,01,영업,2000,0,0,0,,,,0,,2025-03-28 17:28:56,1998-11-12,"2,000.00",135-916,서울특별시 강남구 역삼동 679 GS강남타워,N,,3220000-113-1998-01829,,3220000,"서울특별시 강남구 논현로 508, GS강남타워 19층 (역삼동)",06141,01,영업/정상,유통전문판매업,,,,
기타,,(주)쟈뎅,유통전문판매업,,202015.254843555,446085.499379117,2026-05-03 22:49:43,I,01,영업,0,,,,0,기타,,,,2026-01-23 14:23:20,1999-08-04,155.97,135-811,서울특별시 강남구 논현동 4-21 지하1층,N,0,3220000-113-1999-00013,,3220000,"서울특별시 강남구 논현로149길 62 (논현동,지하1층)",06039,01,영업/정상,유통전문판매업,02-547-5881,,,상수도전용
기타,,(주)신화팝빌리지,유통전문판매업,,203954.671961627,441937.43174799,2026-05-03 22:49:43,I,01,영업,0,,,,0,기타,,,,2013-12-23 16:34:18,1999-05-15,134.82,135-964,서울특별시 강남구 개포동 1241-5 3층,N,0,3220000-113-1999-00185,,3220000,"서울특별시 강남구 개포로17길 13-14, 3층 (개포동)",06303,01,영업/정상,유통전문판매업,02-579-8934,,,
기타,,나라통상(주),유통전문판매업,,202558.966746035,443605.422218418,2026-05-03 22:49:43,I,01,영업,0,0,0,0,0,기타,,0,,2021-11-03 13:32:49,1999-05-10,179.95,135-936,서울특별시 강남구 역삼동 831 해천빌딩 4층,N,0,3220000-113-1999-00196,,3220000,"서울특별시 강남구 강남대로 354 (역삼동,해천빌딩 4층)",06242,01,영업/정상,유통전문판매업,02-561-2057,,,
,자가,(주)에스피에스인터네셔널,유통전문판매업,2025-12-31,203242.4464186,443580.618473109,2026-05-03 22:50:28,I,02,폐업,0,,,,,,,,,2025-12-31 14:01:49,2020-01-28,83.00,135-930,서울특별시 강남구 역삼동 792-52,N,,3220000-113-2020-00015,,3220000,"서울특별시 강남구 논현로71길 25, 2층 (역삼동)",06249,03,폐업,유통전문판매업,070-8286-9801,,,
기타,,더휴앤컴퍼니(주),유통전문판매업,,203073.944662237,444434.331368987,2026-05-03 22:49:44,I,01,영업,288.69,,,,0,기타,,,,2021-11-03 12:06:09,1999-12-28,288.69,135-909,서울특별시 강남구 역삼동 641-14,N,0,3220000-113-1999-01033,,3220000,"서울특별시 강남구 논현로93길 6, 지상2층 (역삼동)",06131,01,영업/정상,유통전문판매업,02-556-2194,,,
,,(주)알피바이오,유통전문판매업,,204507.725,446043.48,2026-05-03 22:49:44,I,01,영업,225.87,0,0,0,,,,0,,2026-04-16 16:07:24,1999-10-08,225.87,135-870,서울특별시 강남구 삼성동 65-5,N,,3220000-113-1999-01246,,3220000,"서울특별시 강남구 삼성로 634, 6층 (삼성동)",06084,01,영업/정상,유통전문판매업,031-353-1361,,,
기타,,청오디피케이(주),유통전문판매업,,203364.675830567,444035.58870043,2026-05-03 22:49:44,I,01,영업,0,0,0,0,0,기타,,0,,2022-01-28 14:53:51,2000-10-18,"1,128.52",135-921,서울특별시 강남구 역삼동 726-2 케이큐브타워,N,0,3220000-113-2000-01781,,3220000,"서울특별시 강남구 역삼로25길 35, 지하1층,지상2층,6층,7층 (역삼동)",06223,01,영업/정상,유통전문판매업,02-579-9545,,,
기타,,(주)다판다,유통전문판매업,,204014.018566798,446143.475093311,2026-05-03 22:49:45,I,01,영업,27.1,,,,0,기타,,,,2022-12-27 15:45:30,2000-11-29,27.10,135-863,서울특별시 강남구 삼성동 4-4,N,0,3220000-113-2000-01918,,3220000,"서울특별시 강남구 선릉로130길 57, 지상2층 9호,31호 (삼성동)",06089,01,영업/정상,유통전문판매업,02-3458-8114,,,
,임대,한국델몬트후레쉬프로듀스(주),유통전문판매업,,203217.245860869,444344.534739726,2026-05-03 22:49:46,I,01,영업,588.87,0,0,0,,,0,0,,2024-11-08 14:13:00,2001-10-11,588.87,135-978,서울특별시 강남구 역삼동 679-5 아주빌딩,N,,3220000-113-2001-02242,0,3220000,"서울특별시 강남구 테헤란로 201, 아주빌딩 지상9층 (역삼동)",06141,01,영업/정상,유통전문판매업,02-6242-4200,,,
,,(주)해마글로벌,유통전문판매업,,204182.562258919,441900.400155464,2026-05-03 22:49:49,I,01,영업,132.05,0,0,0,,,,0,,2023-05-26 14:12:33,2001-06-30,132.05,135-965,서울특별시 강남구 개포동 1257-6,N,,3220000-113-2001-02267,,3220000,"서울특별시 강남구 개포로25길 5, 지상2층 (개포동)",06306,01,영업/정상,유통전문판매업,02-575-4362,,,
,임대,(주)에이엠씨코퍼레이션,유통전문판매업,,203008.14654417,446054.411349529,2026-05-03 22:49:52,I,01,영업,0,0,0,0,,,0,0,,2025-04-23 09:41:27,2002-03-20,33.00,135-818,서울특별시 강남구 논현동 84-0 지상8층,N,,3220000-113-2002-00023,0,3220000,"서울특별시 강남구 언주로 709 (논현동,지상8층)",06053,01,영업/정상,유통전문판매업,02-544-8820,,,상수도전용
,임대,(주)아워홈,유통전문판매업,,202764.384151851,443524.920964761,2026-05-03 22:49:52,I,01,영업,672.07,0,0,0,,,0,0,,2025-06-11 14:50:46,2002-06-19,672.07,135-936,서울특별시 강남구 역삼동 830-24 서정빌딩,N,,3220000-113-2002-00045,0,3220000,"서울특별시 강남구 역삼로 115, 서정빌딩 지상6층 (역삼동)",06243,01,영업/정상,유통전문판매업,070-4022-5402,,,상수도전용
,자가,현대약품(주),유통전문판매업,,202526.556900857,444894.426027932,2026-05-03 22:49:53,I,01,영업,363.62,0,0,0,,,,0,,2021-01-28 12:59:21,2002-10-11,363.62,135-545,서울특별시 강남구 논현동 204-4,N,,3220000-113-2002-00103,,3220000,서울특별시 강남구 봉은사로 135 (논현동),06121,01,영업/정상,유통전문판매업,041-868-1231,,,
,자가,(주)이디야,유통전문판매업,,202842.951621597,445363.314426828,2026-05-03 22:49:54,I,01,영업,4107.6,0,0,0,,,0,0,,2016-03-23 15:51:35,2003-04-18,"4,107.60",135-829,서울특별시 강남구 논현동 221-17,N,,3220000-113-2003-00038,0,3220000,"서울특별시 강남구 논현로 636, 지상3~8층 (논현동, 이디야빌딩)",06107,01,영업/정상,유통전문판매업,,,,
,임대,한옥마을,유통전문판매업,,204344.381674952,445902.111118414,2026-05-03 22:49:54,I,01,영업,30,0,0,0,,,0,0,,2024-02-13 15:54:14,2003-05-02,30.00,135-864,서울특별시 강남구 삼성동 24-10,N,,3220000-113-2003-00041,0,3220000,"서울특별시 강남구 삼성로115길 20-13, 지하1층 B01호 (삼성동)",06094,01,영업/정상,유통전문판매업,,,,
,자가,유사나헬스사이언스코리아(유),유통전문판매업,,203267.085853567,444376.272932753,2026-05-03 22:49:54,I,01,영업,2220.41,0,0,0,,,0,0,,2026-04-13 17:03:23,2003-05-16,"2,220.41",135-916,서울특별시 강남구 역삼동 679-4 서울인터내셔널타워,N,,3220000-113-2003-00046,0,3220000,"서울특별시 강남구 테헤란로 203, 서울인터내셔널타워 4층,5층 (역삼동)",06141,01,영업/정상,유통전문판매업,21927300,,,
,자가,유니시티코리아(유),유통전문판매업,,204130.823745399,444612.149927522,2026-05-03 22:50:02,I,01,영업,0,0,0,0,,,0,0,,2016-06-03 16:36:07,2003-08-27,266.00,135-919,서울특별시 강남구 역삼동 708,N,,3220000-113-2003-00079,0,3220000,"서울특별시 강남구 테헤란로 328, 13층 (역삼동)",06212,01,영업/정상,유통전문판매업,34501800,,,
,자가,이비스스타일앰배서더강남,유통전문판매업,,204976.284445723,444767.617235233,2026-05-03 22:50:02,I,01,영업,0,0,0,0,,,0,0,,2025-01-22 15:19:08,2003-10-24,17.47,135-840,서울특별시 강남구 대치동 893-1 지상2층,N,,3220000-113-2003-00100,0,3220000,"서울특별시 강남구 삼성로 431 (대치동,지상2층)",06195,01,영업/정상,유통전문판매업,30118520,,,
,,(주)코호인터내셔날,유통전문판매업,,205730.023172858,444817.999802421,2026-05-03 22:50:03,I,01,영업,203.84,0,0,0,,,,0,,2023-06-22 15:18:49,2003-03-18,203.84,135-851,서울특별시 강남구 대치동 1005-8 보성빌딩,N,,3220000-113-2003-00117,,3220000,"서울특별시 강남구 역삼로 601, 보성빌딩 7층 (대치동)",06176,01,영업/정상,유통전문판매업,20687900,,,
,자가,(주)비오에스,유통전문판매업,,203581.750619195,446223.830383283,2026-05-03 22:50:03,I,01,영업,0,0,0,0,,,0,0,,2004-05-28 00:00:00,2004-05-28,99.76,135-951,서울특별시 강남구 청담동 40-31 청풍빌딩3층,N,,3220000-113-2004-00035,0,3220000,"서울특별시 강남구 선릉로132길 3-3 (청담동,청풍빌딩3층)",06065,01,영업/정상,유통전문판매업,34457964,,,
,자가,(주)에땅,유통전문판매업,,202152.45791626,445612.524844346,2026-05-03 22:50:03,I,01,영업,25,0,0,0,,,,0,,2018-04-13 16:40:43,2004-04-17,25.00,135-815,서울특별시 강남구 논현동 56-14,N,,3220000-113-2004-00065,,3220000,"서울특별시 강남구 학동로11길 6, 3층 (논현동)",06045,01,영업/정상,유통전문판매업,,,,상수도전용
,자가,에이치브로스,유통전문판매업,2025-12-31,203607.068430001,445315.578728921,2026-05-03 22:50:28,I,02,폐업,4,,,,,,,,,2025-12-31 14:38:30,2020-02-27,4.00,135-529,서울특별시 강남구 논현동 277-20 아모제논현빌딩,N,,3220000-113-2020-00039,,3220000,"서울특별시 강남구 봉은사로 317, 아모제논현빌딩 지상2층 2035호 (논현동)",06103,03,폐업,유통전문판매업,,,,
,자가,주식회사 코스베이직,유통전문판매업,2025-12-24,205091.725780982,445178.072127192,2026-05-03 22:50:43,I,02,폐업,100.21,,,,,,,,,2025-12-24 14:30:07,2023-03-16,100.21,135-880,서울특별시 강남구 삼성동 158-10 마젤란 21 아스테리움,N,,3220000-113-2023-00042,,3220000,"서울특별시 강남구 테헤란로87길 17, 마젤란 21 아스테리움 9층 910호 (삼성동)",06169,03,폐업,유통전문판매업,070-5224-1763,,,
,임대,헬스라이프스토리,유통전문판매업,,203172.90655758,442638.597905772,2026-05-03 22:50:03,I,01,영업,3.3,0,0,0,,,0,0,,2024-07-26 10:33:22,2004-10-29,3.30,135-861,서울특별시 강남구 도곡동 959-16,N,,3220000-113-2004-00066,0,3220000,"서울특별시 강남구 남부순환로359길 14, 3층 A359호 (도곡동)",06268,01,영업/정상,유통전문판매업,,,,상수도전용
,자가,(주)멕시카나,유통전문판매업,,203626.467936615,443422.868425421,2026-05-03 22:50:03,I,01,영업,333,0,0,0,,,0,0,,2025-12-19 15:13:50,2004-12-27,333.00,135-515,서울특별시 강남구 역삼동 788-32,N,,3220000-113-2004-00067,0,3220000,"서울특별시 강남구 도곡로 209, 7층 (역삼동)",06231,01,영업/정상,유통전문판매업,02-420-9995,,,
,자가,백록종합식품(주),유통전문판매업,,207636.718678166,443188.1347056,2026-05-03 22:50:03,I,01,영업,0,0,0,0,,,0,0,,2021-05-27 10:43:55,2005-01-04,214.87,135-945,서울특별시 강남구 일원동 645-9 지하1층,N,,3220000-113-2005-00001,0,3220000,"서울특별시 강남구 일원로9길 70 (일원동,지하1층)",06342,01,영업/정상,유통전문판매업,,,,
,자가,(주)봉추푸드시스템,유통전문판매업,,204878.786373971,445669.326740927,2026-05-03 22:50:03,I,01,영업,0,0,0,0,,,0,0,,2006-12-29 00:00:00,2005-02-15,45.47,135-878,서울특별시 강남구 삼성동 147-2 미켈란147  507호,N,,3220000-113-2005-00012,0,3220000,"서울특별시 강남구 봉은사로 516 (삼성동,미켈란147  507호)",06163,01,영업/정상,유통전문판매업,02-508-7381,,,
,자가,오시리 주식회사,유통전문판매업,,204022.338876135,446109.988579909,2026-05-03 22:50:03,I,01,영업,0,0,0,0,,,0,0,,2025-04-09 10:28:39,2005-05-07,102.47,135-863,서울특별시 강남구 삼성동 5-1 지상2층,N,,3220000-113-2005-00027,0,3220000,"서울특별시 강남구 선릉로130길 56 (삼성동,지상2층)",06089,01,영업/정상,유통전문판매업,,,,
,자가,커피빈코리아,유통전문판매업,,205160.337869924,445829.508158488,2026-05-03 22:50:03,I,01,영업,0,0,0,0,,,0,0,,2021-08-26 10:05:44,2005-08-04,117.58,,,N,,3220000-113-2005-00039,0,3220000,"서울특별시 강남구 봉은사로99길 7, 지상3층 (삼성동)",06087,01,영업/정상,유통전문판매업,02-548-2976,,,
,,주식회사 하늘마음바이오,유통전문판매업,,203746.668426908,442299.779488292,2026-05-03 22:50:03,I,01,영업,316.82,0,0,0,,,,0,,2016-10-04 11:17:10,2005-06-10,316.82,135-854,서울특별시 강남구 도곡동 518-7,N,,3220000-113-2005-00061,,3220000,"서울특별시 강남구 논현로30길 6, 4층 (도곡동)",06301,01,영업/정상,유통전문판매업,,,,
,자가,현진그린밀(주),유통전문판매업,,206833.359682718,443497.151520894,2026-05-03 22:50:03,I,01,영업,319.01,0,0,0,,,0,0,,2025-07-14 16:10:00,2005-06-21,319.01,135-240,서울특별시 강남구 개포동 14-4 서울강남우체국,N,,3220000-113-2005-00062,0,3220000,"서울특별시 강남구 개포로 619, 서울강남우체국 지상11층 (개포동)",06336,01,영업/정상,유통전문판매업,34363234,,,
,,주식회사 해밀리,유통전문판매업,,205544.51525555,444693.909355498,2026-05-03 22:50:03,I,01,영업,352.68,0,0,0,,,,0,,2026-02-05 15:47:05,2005-02-11,352.68,135-848,서울특별시 강남구 대치동 967-3 KM 빌딩,N,,3220000-113-2005-00063,,3220000,"서울특별시 강남구 역삼로 552, KM 빌딩 지상4층 (대치동)",06187,01,영업/정상,유통전문판매업,031-701-3377,,,
,자가,주식회사 에스씨케이컴퍼니,유통전문판매업,,203599.062771687,444556.062267296,2026-05-03 22:50:03,I,01,영업,5426.28,0,0,0,,,0,0,,2025-07-08 15:33:44,2005-10-11,"5,426.28",135-915,서울특별시 강남구 역삼동 676 센터필드,N,,3220000-113-2005-00064,0,3220000,"서울특별시 강남구 테헤란로 231, 센터필드이스트 20층~22층 (역삼동)",06142,01,영업/정상,유통전문판매업,02-3015-1279,,,
,자가,(주)삼원가든,유통전문판매업,,202832.761586451,447001.321025411,2026-05-03 22:50:03,I,01,영업,0,0,0,5,,,0,0,,2018-11-22 14:45:58,2006-09-05,16.52,135-895,서울특별시 강남구 신사동 623-4 지하1층,N,,3220000-113-2006-00038,0,3220000,"서울특별시 강남구 언주로 835 (신사동,지하1층)",06023,01,영업/정상,유통전문판매업,,,,상수도전용
,임대,(주)태풍투자,유통전문판매업,,202707.346928606,444987.84028953,2026-05-03 22:50:04,I,01,영업,0,0,0,0,,,0,0,,2009-02-05 15:59:29,2006-09-27,99.00,135-545,서울특별시 강남구 논현동 206-0 일양빌딩별관 지상4층,N,,3220000-113-2006-00040,0,3220000,"서울특별시 강남구 봉은사로21길 6 (논현동,일양빌딩별관 지상4층)",06122,01,영업/정상,유통전문판매업,070-7012-3903,,,상수도전용
,임대,주식회사이연에프엔씨,유통전문판매업,,204304.393449967,445561.50376804,2026-05-03 22:50:04,I,01,영업,434.56,0,0,0,,,0,0,,2024-05-09 09:56:53,2006-11-13,434.56,135-868,서울특별시 강남구 삼성동 45-12 S&C TOWER 삼성,N,,3220000-113-2006-00045,0,3220000,"서울특별시 강남구 봉은사로 457, 10층, 11층 (삼성동)",06096,01,영업/정상,유통전문판매업,02-555-9081,,,
,자가,한국파파존스주식회사,유통전문판매업,,202598.905,447271.99,2026-05-03 22:50:04,I,01,영업,0,0,0,0,,,0,0,,2006-11-16 00:00:00,2006-11-16,110.00,135-894,서울특별시 강남구 신사동 614-3 지상4층,N,,3220000-113-2006-00046,0,3220000,"서울특별시 강남구 압구정로 210 (신사동,지상4층)",06022,01,영업/정상,유통전문판매업,02-518-8080,,,
,자가,(주)오트리푸드,유통전문판매업,,209102.676419706,442131.925676251,2026-05-03 22:50:04,I,01,영업,314.24,0,0,0,,,0,0,,2021-10-22 16:06:12,2006-10-30,314.24,135-200,서울특별시 강남구 자곡동 302-7,N,,3220000-113-2006-00053,0,3220000,서울특별시 강남구 밤고개로14길 15 (자곡동),06364,01,영업/정상,유통전문판매업,,,,
,임대,주식회사 팝푸드,유통전문판매업,,205000.625,445229.15,2026-05-03 22:50:04,I,01,영업,99,0,0,0,,,0,0,,2021-07-01 09:27:42,2006-10-13,99.00,135-879,서울특별시 강남구 삼성동 154-16 청림빌딩,N,,3220000-113-2006-00055,0,3220000,"서울특별시 강남구 삼성로96길 19, 청림빌딩 지상2층 (삼성동)",06167,01,영업/정상,유통전문판매업,02-2043-1714,,,
,임대,주인프래너스(주),유통전문판매업,,208937.760652081,442873.588039887,2026-05-03 22:50:04,I,01,영업,31.72,0,0,0,,,0,0,,2019-02-08 16:50:33,2007-03-20,31.72,135-539,서울특별시 강남구 수서동 713 수서현대벤쳐빌,N,,3220000-113-2007-00010,0,3220000,"서울특별시 강남구 밤고개로1길 10, 수서현대벤쳐빌 10층 1016호 (수서동)",06349,01,영업/정상,유통전문판매업,,,,상수도전용
,자가,(주)보타메디 서울지점,유통전문판매업,2025-12-29,204986.977259092,445021.423615875,2026-05-03 22:50:20,I,02,폐업,10.89,,,,,,,,,2025-12-29 15:00:36,2016-10-21,10.89,135-880,서울특별시 강남구 삼성동 157-33 하이브로빌딩,N,,3220000-113-2016-00067,,3220000,"서울특별시 강남구 테헤란로 503, 하이브로빌딩 7층 723호 (삼성동)",06168,03,폐업,유통전문판매업,,,,
,자가,주식회사 피플트리,유통전문판매업,2025-12-16,209052.072465426,442797.138150563,2026-05-03 22:50:28,I,02,폐업,39.55,,,,,,,,,2025-12-16 17:24:24,2020-04-13,39.55,135-744,서울특별시 강남구 수서동 724 로즈데일오피스텔,N,,3220000-113-2020-00076,,3220000,"서울특별시 강남구 광평로 280, 로즈데일오피스텔 지상18층 1822호 (수서동)",06367,03,폐업,유통전문판매업,,,,
,,주식회사 미톨로지,유통전문판매업,2026-01-29,203133.563150758,444004.464780956,2026-05-03 22:50:28,I,02,폐업,2,,,,,,,,,2026-01-29 17:13:06,2020-05-13,2.00,135-924,서울특별시 강남구 역삼동 739-13 서연빌딩,N,,3220000-113-2020-00093,,3220000,"서울특별시 강남구 역삼로17길 53, 서연빌딩 (역삼동)",,03,폐업,유통전문판매업,02-6933-9506,,,
,자가,(주)고미코퍼레이션,유통전문판매업,2025-12-26,201657.313312924,446139.884099294,2026-05-03 22:50:36,I,02,폐업,372.22,,,,,,,,,2025-12-26 16:08:17,2021-12-14,372.22,135-887,서울특별시 강남구 신사동 502-6 ICT TOWER,N,,3220000-113-2021-00276,,3220000,"서울특별시 강남구 강남대로 624, ICT TOWER 7층 (신사동)",06035,03,폐업,유통전문판매업,,,,
,임대,유성물산교역(주),유통전문판매업,,203081.161708641,444381.101104143,2026-05-03 22:50:04,I,01,영업,0,0,0,0,,,0,0,,2014-03-13 14:31:48,2007-04-05,71.00,135-910,서울특별시 강남구 역삼동 642-1 역삼벤처텔 1709호,N,,3220000-113-2007-00012,0,3220000,"서울특별시 강남구 테헤란로25길 20, 1709호 (역삼동, 역삼벤처텔)",06132,01,영업/정상,유통전문판매업,,,,상수도전용
,임대,케이씨아이인터네셔널(주),유통전문판매업,,204933.423687109,445141.77035067,2026-05-03 22:50:04,I,01,영업,127.01,0,0,0,,,0,0,,2021-11-03 12:17:50,2007-05-09,127.01,135-880,서울특별시 강남구 삼성동 157-8 910호,N,,3220000-113-2007-00016,0,3220000,"서울특별시 강남구 삼성로96길 6, 910호 (삼성동)",06168,01,영업/정상,유통전문판매업,02-565-0304,,,상수도전용
,임대,(주)삼원티앤비,유통전문판매업,,201944.107584542,445918.252062802,2026-05-03 22:50:04,I,01,영업,132,0,0,0,,,0,0,,2017-05-24 12:24:16,2007-07-03,132.00,135-811,서울특별시 강남구 논현동 15-11,N,,3220000-113-2007-00022,0,3220000,"서울특별시 강남구 강남대로146길 33, 2층 (논현동)",06039,01,영업/정상,유통전문판매업,02-571-5358,,,상수도전용
,임대,(주)생그린식품,유통전문판매업,,203823.179945571,444690.596663013,2026-05-03 22:50:04,I,01,영업,0,,,,,,,,,2013-04-19 09:10:12,2007-08-09,270.00,135-513,서울특별시 강남구 역삼동 703-1 에스씨빌딩3층,N,,3220000-113-2007-00025,,3220000,"서울특별시 강남구 테헤란로43길 18, 3층 (역삼동, 에스씨빌딩)",06151,01,영업/정상,유통전문판매업,02-561-3891,,,상수도전용
,임대,(주)비피커머스,유통전문판매업,,202015.254843555,446085.499379117,2026-05-03 22:50:04,I,01,영업,21.51,,,,,,,,,2012-11-30 11:03:22,2007-11-20,21.51,135-811,서울특별시 강남구 논현동 4-21,N,,3220000-113-2007-00034,,3220000,"서울특별시 강남구 논현로149길 62 (논현동, 영빌딩)",06039,01,영업/정상,유통전문판매업,02-546-3881,,,상수도전용
,자가,(주)풍림앤에프,유통전문판매업,,204044.789948927,444529.84042741,2026-05-03 22:50:04,I,01,영업,33.04,,,,,,,,,2011-10-17 10:51:53,2007-11-30,33.04,135-918,서울특별시 강남구 역삼동 707-34 한신인터밸리24 서관 803호,N,,3220000-113-2007-00035,,3220000,"서울특별시 강남구 테헤란로 322, 803호 (역삼동,한신인터밸리24 서관)",06211,01,영업/정상,유통전문판매업,02-3453-1483,,,
,임대,화승종합식품(주),유통전문판매업,,204044.789948927,444529.84042741,2026-05-03 22:50:04,I,01,영업,33.04,,,,,,,,,2011-10-17 10:45:25,2007-11-30,33.04,135-918,서울특별시 강남구 역삼동 707-34 한신인터밸리24 서관 802호,N,,3220000-113-2007-00036,,3220000,"서울특별시 강남구 테헤란로 322, 802호 (역삼동,한신인터밸리24 서관)",06211,01,영업/정상,유통전문판매업,02-3453-3024,,,상수도전용
,임대,(주)알마스캐비아,유통전문판매업,,209052.072465426,442797.138150563,2026-05-03 22:50:04,I,01,영업,39.56,,,,,,,,,2016-12-14 11:12:15,2007-12-17,39.56,135-885,서울특별시 강남구 수서동 724,N,,3220000-113-2007-00044,,3220000,"서울특별시 강남구 광평로 280, 지상16층 1631호 (수서동)",06367,01,영업/정상,유통전문판매업,02-3781-3267,,,상수도전용
,임대,코바상사,유통전문판매업,,203560.410926146,444802.301566298,2026-05-03 22:50:04,I,01,영업,0,,,,,,,,,2008-04-08 14:34:50,2008-04-08,116.00,135-913,서울특별시 강남구 역삼동 662-18 지하1층,N,,3220000-113-2008-00015,,3220000,"서울특별시 강남구 언주로 527 (역삼동,지하1층)",06138,01,영업/정상,유통전문판매업,02-2203-8088,,,상수도전용
,자가,(주)이젠통상,유통전문판매업,,206970.919291372,443574.411625824,2026-05-03 22:50:04,I,01,영업,0,,,,,,,,,2012-12-18 11:39:56,2008-07-24,64.35,135-939,"서울특별시 강남구 개포동 13-3 대청타워1014,1015호",N,,3220000-113-2008-00028,,3220000,"서울특별시 강남구 개포로 623 (개포동,대청타워1014,1015호)",06336,01,영업/정상,유통전문판매업,,,,
,임대,(주)블루베리코리아,유통전문판매업,,209052.072465426,442797.138150563,2026-05-03 22:50:04,I,01,영업,39.55,,,,,,,,,2013-05-10 13:32:49,2008-11-03,39.55,135-885,서울특별시 강남구 수서동 724 로즈데일빌딩1912호,N,,3220000-113-2008-00039,,3220000,"서울특별시 강남구 광평로 280, 지상19층 1912호 (수서동)",06367,01,영업/정상,유통전문판매업,02-523-6782,,,
,임대,(주)리브퓨어코리아,유통전문판매업,,205611.579905873,445395.50794402,2026-05-03 22:50:04,I,01,영업,847.75,,,,,,,,,2022-01-12 16:41:36,2008-03-21,847.75,135-882,서울특별시 강남구 삼성동 169 대화빌딩,N,,3220000-113-2008-00040,,3220000,"서울특별시 강남구 영동대로96길 20, 대화빌딩 지상3층 (삼성동)",06173,01,영업/정상,유통전문판매업,02-2055-2191,,,
,자가,리치푸드(주),유통전문판매업,,203168.14749536,444555.363597916,2026-05-03 22:50:04,I,01,영업,151.43,,,,,,,,,2021-11-10 17:40:52,2008-09-24,151.43,135-914,서울특별시 강남구 역삼동 668-10,N,,3220000-113-2008-00044,,3220000,"서울특별시 강남구 봉은사로30길 68, 지상4층 (역삼동)",06140,01,영업/정상,유통전문판매업,02-326-3187,,,
,,(주)영진그린,유통전문판매업,,202811.890531888,444103.760183634,2026-05-03 22:50:04,I,01,영업,0,,,,,,,,,2026-03-05 11:00:59,2008-04-22,3.30,135-933,서울특별시 강남구 역삼동 823-22 성곡빌딩,N,,3220000-113-2008-00045,,3220000,"서울특별시 강남구 테헤란로 128, 성곡빌딩 3층 116호 (역삼동)",06234,01,영업/정상,유통전문판매업,02-478-8461,,,
,자가,(주)함소아제약,유통전문판매업,,202065.019233438,446007.87652944,2026-05-03 22:50:04,I,01,영업,31.35,,,,,,,,,2023-10-06 17:27:18,2009-02-27,31.35,135-811,서울특별시 강남구 논현동 12-6,N,,3220000-113-2009-00007,,3220000,"서울특별시 강남구 논현로149길 67-13, 지상4층 2호 (논현동)",06039,01,영업/정상,유통전문판매업,02-2176-2193,,,
,임대,이멕스무역(주),유통전문판매업,,205669.742532645,445840.609174842,2026-05-03 22:50:04,I,01,영업,151.6,,,,,,,,,2009-03-04 14:30:40,2009-03-04,151.60,135-881,서울특별시 강남구 삼성동 162-12 5층,N,,3220000-113-2009-00008,,3220000,"서울특별시 강남구 봉은사로 636 (삼성동,5층)",06170,01,영업/정상,유통전문판매업,02-552-7455,,,상수도전용
,,헤밀레라이프랩(주),유통전문판매업,,202713.874511721,445843.602475499,2026-05-03 22:50:04,I,01,영업,120,,,,,,,,,2023-11-15 16:07:38,2009-04-08,120.00,135-818,서울특별시 강남구 논현동 88 남송빌딩,N,,3220000-113-2009-00014,,3220000,"서울특별시 강남구 논현로132길 12, 남송빌딩 6층 (논현동)",06052,01,영업/정상,유통전문판매업,02-3471-4501,,,
,임대,주식회사 컬리,유통전문판매업,,202882.728038934,444215.31666966,2026-05-03 22:50:20,I,01,영업,763.94,0,0,0,,,,0,,2021-05-26 11:59:28,2016-02-29,763.94,135-911,서울특별시 강남구 역삼동 647-14 한국타이어빌딩,N,,3220000-113-2016-00097,,3220000,"서울특별시 강남구 테헤란로 133, 한국타이어빌딩 17층 (역삼동)",06133,01,영업/정상,유통전문판매업,02-6959-0550,,,
,자가,알리바바파트너스 주식회사,유통전문판매업,,208790.93,440518.109999999,2026-05-03 22:50:20,I,01,영업,10,,,,,,,,,2018-07-02 16:24:08,2016-03-15,10.00,135-190,서울특별시 강남구 세곡동 590 라온 프라이빗시티 강남,N,,3220000-113-2016-00099,,3220000,"서울특별시 강남구 헌릉로569길 13, 라온 프라이빗시티 강남 지상8층 802호 (세곡동)",06376,01,영업/정상,유통전문판매업,02-711-4572,,,상수도전용
,임대,주식회사인우에프엔씨,유통전문판매업,,203390.902472016,442601.789760193,2026-05-03 22:50:20,I,01,영업,20,0,0,0,,,,0,,2018-11-28 12:09:16,2016-08-08,20.00,135-859,서울특별시 강남구 도곡동 909-3 한독빌딩,N,,3220000-113-2016-00101,,3220000,"서울특별시 강남구 남부순환로 2645, 한독빌딩 지상4층 461호 (도곡동)",06271,01,영업/정상,유통전문판매업,063-245-8066,,,상수도전용
,자가,더담랩,유통전문판매업,,203070.997074168,443546.343868986,2026-05-03 22:50:20,I,01,영업,55,,,,,,,,,2018-12-10 10:40:29,2016-12-06,55.00,135-929,서울특별시 강남구 역삼동 789-30,N,,3220000-113-2016-00102,,3220000,"서울특별시 강남구 역삼로14길 7, 지하1층 (역삼동)",06249,01,영업/정상,유통전문판매업,02-518-7866,,,
,임대,주식회사 코리아스피루리나,유통전문판매업,,203816.085,446946.905,2026-05-03 22:50:20,I,01,영업,231.85,0,0,0,,,,0,,2019-08-21 15:01:05,2016-07-22,231.85,135-517,서울특별시 강남구 청담동 93-11 원일빌딩,N,,3220000-113-2016-00105,,3220000,"서울특별시 강남구 압구정로80길 34, 원일빌딩 지상2층 (청담동)",06016,01,영업/정상,유통전문판매업,02-6959-2131,,,
,자가,(주)인정푸드테크,유통전문판매업,,201639.245453617,446274.992208549,2026-05-03 22:50:20,I,01,영업,0,,,,,,,,,2026-03-09 17:22:56,2016-08-04,485.00,135-746,서울특별시 강남구 신사동 503-5 두원빌딩,N,,3220000-113-2016-00106,,3220000,"서울특별시 강남구 강남대로 636, 두원빌딩 9층 (신사동)",06034,01,영업/정상,유통전문판매업,02-949-1693,,,
,임대,(주)참바른,유통전문판매업,2026-04-08,208654.34826587,440476.465518089,2026-05-03 22:50:20,I,02,폐업,338.38,0,0,0,,,,0,,2026-04-08 14:12:30,2016-05-26,338.38,135-190,서울특별시 강남구 세곡동 609,N,,3220000-113-2016-00108,,3220000,"서울특별시 강남구 헌릉로569길 39-3, 3층 (세곡동)",06376,03,폐업,유통전문판매업,070-5001-1440,,,상수도전용
,자가,(주)아이비바이오,유통전문판매업,,202746.040061587,443281.216979897,2026-05-03 22:50:20,I,01,영업,10,0,0,0,,,,0,,2021-09-30 09:13:18,2016-11-17,10.00,135-937,서울특별시 강남구 역삼동 837-13 강남역 와이즈 플레이스,N,,3220000-113-2016-00110,,3220000,"서울특별시 강남구 강남대로66길 14, 강남역 와이즈 플레이스 상가 지상1층 110-1호 (역삼동)",06253,01,영업/정상,유통전문판매업,,,,
,임대,셀티바 주식회사,유통전문판매업,,204447.56877258,442881.535240035,2026-05-03 22:50:20,I,01,영업,40,,,,,,,,,2023-07-03 16:21:39,2016-05-18,40.00,135-971,"서울특별시 강남구 도곡동 467-6 대림아크로빌, 대림아크로텔",N,,3220000-113-2016-00115,,3220000,"서울특별시 강남구 언주로30길 13, 씨동 1501호 (도곡동, 대림아크로빌, 대림아크로텔)",06292,01,영업/정상,유통전문판매업,070-7730-7286,,,
,자가,드림스코리아(주),유통전문판매업,,202758.37282587,445276.938341761,2026-05-03 22:50:20,I,01,영업,201.5,,,,,,,,,2025-07-29 15:59:51,2016-08-23,201.50,135-826,서울특별시 강남구 논현동 175-8 대운빌딩,N,,3220000-113-2016-00116,,3220000,"서울특별시 강남구 논현로117길 7, 3층 (논현동)",06117,01,영업/정상,유통전문판매업,02-1661-4365,,,
,임대,(주)에스앤큐플러스,유통전문판매업,,203043.869914125,445391.375404662,2026-05-03 22:50:20,I,01,영업,0,0,0,0,,,,0,,2025-01-20 15:15:12,2016-05-23,45.24,135-829,서울특별시 강남구 논현동 224-10,N,,3220000-113-2016-00117,,3220000,"서울특별시 강남구 봉은사로37길 41, 3층 일부호 (논현동)",06107,01,영업/정상,유통전문판매업,02-537-8296,,,
,자가,(주)커피지아,유통전문판매업,,204091.47667577,441574.450257629,2026-05-03 22:50:20,I,01,영업,50.88,,,,,,,,,2024-03-29 09:11:42,2017-01-11,50.88,135-964,서울특별시 강남구 개포동 1229-17,N,,3220000-113-2017-00007,,3220000,"서울특별시 강남구 논현로16길 9, 지상1층 일부호 (개포동)",06307,01,영업/정상,유통전문판매업,070-8254-1910,,,
,자가,비에스씨,유통전문판매업,2026-04-22,202803.137561335,443189.823482655,2026-05-03 22:50:20,I,02,폐업,28.9,,,,,,,,,2026-04-22 09:28:20,2017-02-03,28.90,135-937,서울특별시 강남구 역삼동 837-26,N,,3220000-113-2017-00010,,3220000,"서울특별시 강남구 도곡로1길 14, 11층 1121호 (역삼동, 삼일프라자오피스텔)",06253,03,폐업,유통전문판매업,,,,
,자가,주식회사 쿠캣,유통전문판매업,,202139.033411877,445080.960029275,2026-05-03 22:50:20,I,01,영업,101.49,0,0,0,,,,0,,2025-12-17 11:42:30,2017-02-10,101.49,135-825,서울특별시 강남구 논현동 166-17,N,,3220000-113-2017-00011,,3220000,서울특별시 강남구 봉은사로1길 42-19 (논현동),06119,01,영업/정상,유통전문판매업,,,,
,자가,(주)싸이클릭푸드,유통전문판매업,,202358.357703321,444441.687421985,2026-05-03 22:50:20,I,01,영업,0,,,,,,,,,2017-02-24 11:15:42,2017-02-24,30.00,135-908,서울특별시 강남구 역삼동 619-7,N,,3220000-113-2017-00017,,3220000,"서울특별시 강남구 강남대로100길 13-7, 4층 401호 (역삼동)",06128,01,영업/정상,유통전문판매업,,,,
,자가,(주)파지티브호텔,유통전문판매업,,203054.274369799,446689.230435799,2026-05-03 22:50:20,I,01,영업,218.34,,,,,,,,,2026-03-19 14:06:39,2017-02-24,218.34,135-895,서울특별시 강남구 신사동 630-30,N,,3220000-113-2017-00018,,3220000,"서울특별시 강남구 도산대로 311, 6층 (신사동)",06021,01,영업/정상,유통전문판매업,,,,
,임대,주식회사 키코로,유통전문판매업,,203390.390363975,443864.765894165,2026-05-03 22:50:13,I,01,영업,341.75,0,0,0,,,,0,,2020-06-12 11:43:51,2011-04-14,341.75,135-921,서울특별시 강남구 역삼동 727-14 평화빌딩,N,,3220000-113-2011-00083,,3220000,"서울특별시 강남구 논현로 412, 평화빌딩 3층 (역삼동)",06224,01,영업/정상,유통전문판매업,,,,
,자가,초록마을,유통전문판매업,,204131.815924792,445859.434557922,2026-05-03 22:50:13,I,01,영업,60,0,0,0,,,,0,,2025-08-05 15:06:01,2011-01-20,60.00,135-864,서울특별시 강남구 삼성동 27,N,,3220000-113-2011-00084,,3220000,"서울특별시 강남구 삼성로119길 49, 지하3,4호 (삼성동)",06094,01,영업/정상,유통전문판매업,02-6715-7116,,,
,,주)놀부,유통전문판매업,,205060.31878451,446343.53848581,2026-05-03 22:50:13,I,01,영업,398.98,0,0,0,,,,0,,2025-12-18 10:09:49,2011-03-24,398.98,135-871,서울특별시 강남구 삼성동 78-3 원일빌딩,N,,3220000-113-2011-00085,,3220000,"서울특별시 강남구 영동대로 644, 원일빌딩 2층 (삼성동)",06078,01,영업/정상,유통전문판매업,031-720-9792,,,
,임대,(주)오가다,유통전문판매업,,202399.87424403,446683.837587169,2026-05-03 22:50:13,I,01,영업,132.23,,,,,,,,,2025-03-06 15:11:40,2011-05-04,132.23,135-892,서울특별시 강남구 신사동 585-11,N,,3220000-113-2011-00086,,3220000,"서울특별시 강남구 논현로 829, 지상2층 201호 (신사동)",06032,01,영업/정상,유통전문판매업,070-8889-0447,,,
,자가,(주) 아자부,유통전문판매업,,202862.870217443,443120.918559833,2026-05-03 22:50:13,I,01,영업,86.02,0,0,0,,,,0,,2022-12-21 18:12:28,2012-01-18,86.02,135-937,서울특별시 강남구 역삼동 838-8,N,,3220000-113-2012-00006,,3220000,"서울특별시 강남구 도곡로 117, 지상3층 (역삼동)",06253,01,영업/정상,유통전문판매업,,,,
,자가,(주)에프엔디인터내셔날,유통전문판매업,,205162.891567826,445884.958994154,2026-05-03 22:50:13,I,01,영업,33,,,,,,,,,2014-03-18 16:44:52,2012-04-18,33.00,135-871,서울특별시 강남구 삼성동 77-1,N,,3220000-113-2012-00021,,3220000,"서울특별시 강남구 영동대로 617, 지상13층 (삼성동, 찬이빌딩)",06087,01,영업/정상,유통전문판매업,02-3452-3480,,,
,임대,(주)에이치앤에이치바이온,유통전문판매업,,203519.98,443841.75,2026-05-03 22:50:13,I,01,영업,0,,,,,,,,,2021-05-21 15:44:08,2012-06-21,3.00,135-514,서울특별시 강남구 역삼동 733-8 남국빌딩,N,,3220000-113-2012-00041,,3220000,"서울특별시 강남구 역삼로 215, 남국빌딩 2층 E29호 (역삼동)",06224,01,영업/정상,유통전문판매업,,,,
,임대,(주)에이치에스피라이프,유통전문판매업,,203607.068430001,445315.578728921,2026-05-03 22:50:14,I,01,영업,112.79,,,,,,,,,2019-01-28 14:14:18,2012-09-06,112.79,135-833,서울특별시 강남구 논현동 277-20,N,,3220000-113-2012-00062,,3220000,"서울특별시 강남구 봉은사로 317 (논현동, 논현빌딩)",06103,01,영업/정상,유통전문판매업,,,,
,자가,(주)정석건강,유통전문판매업,,204740.163611063,444770.580794711,2026-05-03 22:50:14,I,01,영업,0,,,,,,,,,2020-02-05 12:52:34,2012-10-12,91.76,135-840,서울특별시 강남구 대치동 891-36 지상3층,N,,3220000-113-2012-00066,,3220000,"서울특별시 강남구 테헤란로78길 14-14, 지상3층 (대치동)",06194,01,영업/정상,유통전문판매업,02-508-1778,,,
,,화성SNC(주),유통전문판매업,,204240.670247485,441659.24986844,2026-05-03 22:50:14,I,01,영업,151,,,,,,,,,2016-12-15 15:51:18,2012-11-21,151.00,135-963,서울특별시 강남구 개포동 1219 둥지빌딩 지상3층,N,,3220000-113-2012-00073,,3220000,"서울특별시 강남구 논현로16길 30, 지상3층 (개포동, 둥지빌딩)",06312,01,영업/정상,유통전문판매업,02-543-9770,,,
,자가,(주)신세계인터내셔날,유통전문판매업,,203942.681797432,446898.617442304,2026-05-03 22:50:14,I,01,영업,150,,,,,,,,,2026-03-04 16:23:11,2012-12-17,150.00,135-517,서울특별시 강남구 청담동 97-5 SI CHEONGDAM,N,,3220000-113-2012-00078,,3220000,"서울특별시 강남구 도산대로 449, SI CHEONGDAM 지상5층 (청담동)",06015,01,영업/정상,유통전문판매업,02-3440-1043,,,
,자가,주식회사 제이에프씨,유통전문판매업,,202810.078604197,446396.283742625,2026-05-03 22:50:14,I,01,영업,49.75,,,,,,,,,2025-02-17 15:41:29,2012-01-18,49.75,135-816,서울특별시 강남구 논현동 63-15,N,,3220000-113-2012-00088,,3220000,"서울특별시 강남구 언주로147길 20, B동 지상2층 (논현동)",06048,01,영업/정상,유통전문판매업,02-927-1525,,,
,자가,데이즈온(주),유통전문판매업,,202837.389799206,445175.38847648,2026-05-03 22:50:14,I,01,영업,482.08,,,,,,,,,2021-11-30 15:09:36,2012-05-02,482.08,135-826,서울특별시 강남구 논현동 191-14 계현빌딩,N,,3220000-113-2012-00089,,3220000,"서울특별시 강남구 논현로 617, 계현빌딩 지상4~7층 (논현동)",06122,01,영업/정상,유통전문판매업,02-591-5449,,,
,임대,(주)이도감 머천다이즈 세일즈,유통전문판매업,,204652.115684344,444978.03305419,2026-05-03 22:50:14,I,01,영업,0,0,0,0,,,,0,,2019-07-29 11:22:43,2012-07-12,5.68,135-877,서울특별시 강남구 삼성동 143-13 아라타워,N,,3220000-113-2012-00091,,3220000,"서울특별시 강남구 테헤란로77길 11-12, 아라타워 지하1층 (삼성동)",06159,01,영업/정상,유통전문판매업,02-2649-4371,,,상수도전용
,자가,안국건강주식회사,유통전문판매업,,205340.631121567,445354.571117445,2026-05-03 22:50:14,I,01,영업,110,,,,,,,,,2021-12-23 10:09:33,2012-04-05,110.00,135-090,서울특별시 강남구 삼성동 159-1 트레이드타워,N,,3220000-113-2012-00092,,3220000,"서울특별시 강남구 영동대로 511, 트레이드타워 지상11층 1101호 (삼성동)",06164,01,영업/정상,유통전문판매업,031-8059-1386,,,
,자가,디앤코(주),유통전문판매업,,204933.423687109,445141.77035067,2026-05-03 22:50:14,I,01,영업,78.42,,,,,,,,,2021-11-03 12:08:57,2013-03-07,78.42,135-880,서울특별시 강남구 삼성동 157-8 지상10층,N,,3220000-113-2013-00019,,3220000,"서울특별시 강남구 삼성로96길 6, 지상10층 (삼성동)",06168,01,영업/정상,유통전문판매업,02-554-6826,,,
,자가,마이홈스베리,유통전문판매업,,204499.087969675,441219.494091723,2026-05-03 22:50:14,I,01,영업,41,,,,,,,,,2013-03-07 16:04:07,2013-03-07,41.00,135-961,서울특별시 강남구 개포동 1172-6,N,,3220000-113-2013-00020,,3220000,"서울특별시 강남구 논현로4길 19, 지상201호 (개포동)",06314,01,영업/정상,유통전문판매업,02-6081-0469,,,
,자가,주식회사 오아이씨라이프,유통전문판매업,2025-12-29,203112.513055643,447145.973364907,2026-05-03 22:50:21,I,02,폐업,5,0,0,0,,,,0,,2025-12-29 14:30:57,2017-11-21,5.00,135-896,서울특별시 강남구 신사동 644-22 삼일빌딩,N,,3220000-113-2017-00144,,3220000,"서울특별시 강남구 압구정로46길 32, 삼일빌딩 지상4층 (신사동)",06017,03,폐업,유통전문판매업,02-512-3484,,,
,자가,주식회사 호빛,유통전문판매업,2025-12-18,202266.626440515,444821.76360165,2026-05-03 22:50:29,I,02,폐업,15,,,,,,,,,2025-12-18 11:36:54,2020-10-13,15.00,135-545,서울특별시 강남구 논현동 202 코너빌딩,N,,3220000-113-2020-00201,,3220000,"서울특별시 강남구 봉은사로5길 6, 코너빌딩 지상2층 (논현동)",06120,03,폐업,유통전문판매업,,,,
,자가,엘크로파낙스(주),유통전문판매업,,202373.172764981,446654.43883576,2026-05-03 22:50:15,I,01,영업,40.6,0,0,0,,,,0,,2021-09-01 14:01:11,2014-06-17,40.60,135-892,서울특별시 강남구 신사동 585-5,N,,3220000-113-2014-00084,,3220000,"서울특별시 강남구 논현로155길 6, 다동 지상3층 304호 (신사동)",06032,01,영업/정상,유통전문판매업,,,,
,,(주)노랑푸드,유통전문판매업,,204787.481792149,444734.016271584,2026-05-03 22:50:15,I,01,영업,196.14,0,0,0,,,,0,,2023-07-13 15:02:52,2014-09-25,196.14,135-840,서울특별시 강남구 대치동 891-54 우전빌딩,N,,3220000-113-2014-00086,,3220000,"서울특별시 강남구 삼성로85길 28, 우전빌딩 지상10층 (대치동)",06194,01,영업/정상,유통전문판매업,051-623-8726,,,
,자가,(주)피자스쿨,유통전문판매업,,204218.393902727,446381.035094644,2026-05-03 22:50:15,I,01,영업,56.3,,,,,,,,,2022-02-23 15:46:22,2014-08-27,56.30,135-950,서울특별시 강남구 청담동 32-5,N,,3220000-113-2014-00089,,3220000,"서울특별시 강남구 삼성로133길 12, 5층 (청담동)",06068,01,영업/정상,유통전문판매업,02-844-7070,,,
,임대,(주)디디에프엔비,유통전문판매업,,203043.869914125,445391.375404662,2026-05-03 22:50:15,I,01,영업,0,,,,,,,,,2025-01-20 15:18:05,2014-10-23,112.28,135-829,서울특별시 강남구 논현동 224-10,N,,3220000-113-2014-00090,,3220000,"서울특별시 강남구 봉은사로37길 41, 3층 일부호 (논현동)",06107,01,영업/정상,유통전문판매업,02-529-8800,,,
,임대,"(주)솔라벨(SoLabel co.,Ltd.)",유통전문판매업,,201983.874251536,446698.632829152,2026-05-03 22:50:15,I,01,영업,0,,,,,,,,,2025-04-30 14:44:18,2014-05-09,189.73,135-889,서울특별시 강남구 신사동 546-23,N,,3220000-113-2014-00092,,3220000,"서울특별시 강남구 압구정로14길 28, 2층 (신사동)",06029,01,영업/정상,유통전문판매업,02-6263-0303,,,
,자가,주식회사 제이알에프앤씨,유통전문판매업,,202853.511401388,443139.986573483,2026-05-03 22:50:15,I,01,영업,123,,,,,,,,,2023-01-03 13:15:14,2014-02-28,123.00,135-937,서울특별시 강남구 역삼동 838-7,N,,3220000-113-2014-00093,,3220000,"서울특별시 강남구 강남대로62길 18, 3층 302호 (역삼동)",06253,01,영업/정상,유통전문판매업,031-232-5311,,,
,임대,주식회사시디,유통전문판매업,,202726.601777131,444459.063919793,2026-05-03 22:50:15,I,01,영업,85.76,0,0,0,,,,0,,2024-11-18 11:55:46,2014-01-08,85.76,135-908,서울특별시 강남구 역삼동 632-5,N,,3220000-113-2014-00094,,3220000,"서울특별시 강남구 테헤란로13길 42, 지하1층 (역삼동)",06131,01,영업/정상,유통전문판매업,,,,
,,농업회사법인우진에프에스홀딩스(주),유통전문판매업,,209055.480464368,442735.704146657,2026-05-03 22:50:15,I,01,영업,0,,,,,,,,,2024-08-19 16:43:16,2015-01-29,19.00,135-885,서울특별시 강남구 수서동 725 수서타워,N,,3220000-113-2015-00007,,3220000,"서울특별시 강남구 광평로56길 8-13, 수서타워 12층 1214호 (수서동)",06367,01,영업/정상,유통전문판매업,02-2038-8130,,,
,자가,(주)삼진글로벌넷,유통전문판매업,,204741.904828886,445505.098763739,2026-05-03 22:50:15,I,01,영업,96.95,,,,,,,,,2016-12-08 16:05:38,2015-02-03,96.95,135-878,서울특별시 강남구 삼성동 150,N,,3220000-113-2015-00009,,3220000,"서울특별시 강남구 삼성로 562, 지상5층 (삼성동)",06165,01,영업/정상,유통전문판매업,02-3299-0964,,,
,,미코 팩토리,유통전문판매업,,204279.144296719,447023.007955416,2026-05-03 22:50:15,I,01,영업,92.46,,,,,,,,,2021-03-19 12:03:29,2015-02-04,92.46,135-955,서울특별시 강남구 청담동 122-7,N,,3220000-113-2015-00010,,3220000,"서울특별시 강남구 도산대로85길 14, 지하1층 (청담동)",06012,01,영업/정상,유통전문판매업,,,,
,자가,(주)차서커넥톰,유통전문판매업,,203990.270119445,442567.510043468,2026-05-03 22:50:15,I,01,영업,33,,,,,,,,,2015-03-06 17:48:02,2015-03-06,33.00,135-854,서울특별시 강남구 도곡동 419-4,N,,3220000-113-2015-00018,,3220000,"서울특별시 강남구 남부순환로378길 14, 지상2층 (도곡동)",06296,01,영업/정상,유통전문판매업,02-576-1134,,,
,자가,에이치앤제이인터내셔널(주),유통전문판매업,,204852.022914598,445358.338887869,2026-05-03 22:50:15,I,01,영업,0,,,,,,,,,2019-01-16 14:32:56,2015-03-25,35.00,135-878,서울특별시 강남구 삼성동 151-20 연남(Yeon nam)빌딩,N,,3220000-113-2015-00023,,3220000,"서울특별시 강남구 테헤란로81길 51, 연남(Yeon nam)빌딩 6층 (삼성동)",06166,01,영업/정상,유통전문판매업,,,,
,자가,카페데베르,유통전문판매업,,203585.942327815,443887.22112891,2026-05-03 22:50:15,I,01,영업,33,,,,,,,,,2015-04-23 15:31:32,2015-04-23,33.00,135-514,서울특별시 강남구 역삼동 733-22,N,,3220000-113-2015-00029,,3220000,"서울특별시 강남구 역삼로 225, 지하1층 (역삼동, 동훈빌딩)",06224,01,영업/정상,유통전문판매업,,,,
,임대,(주)행복을굽는사람들,유통전문판매업,,204648.89,445715.91,2026-05-03 22:50:15,I,01,영업,330,,,,,,,,,2015-05-18 16:23:29,2015-05-18,330.00,135-870,서울특별시 강남구 삼성동 71-14 지상3층,N,,3220000-113-2015-00033,,3220000,"서울특별시 강남구 삼성로 606, 지상3층 (삼성동)",06086,01,영업/정상,유통전문판매업,02-402-4070,,,
,자가,명인카이젠,유통전문판매업,,204433.34140241,444884.617513,2026-05-03 22:50:15,I,01,영업,13.33,,,,,,,,,2015-06-19 15:25:04,2015-06-19,13.33,135-876,서울특별시 강남구 삼성동 142-3,N,,3220000-113-2015-00041,,3220000,"서울특별시 강남구 테헤란로63길 12, 5층 538호 (삼성동, LG선릉에클라트B )",06160,01,영업/정상,유통전문판매업,02-567-8119,,,
,자가,(주)플러스생활건강,유통전문판매업,,202803.137561335,443189.823482655,2026-05-03 22:50:16,I,01,영업,57.8,,,,,,,,,2017-12-18 16:44:09,2015-08-13,57.80,135-768,서울특별시 강남구 역삼동 837-26 삼일프라자오피스텔,N,,3220000-113-2015-00058,,3220000,"서울특별시 강남구 도곡로1길 14, 삼일프라자오피스텔 13층 1319호 (역삼동)",06253,01,영업/정상,유통전문판매업,02-565-0155,,,
,자가,주식회사 제이에스앤글로벌,유통전문판매업,,202113.230021442,446271.897594007,2026-05-03 22:50:16,I,01,영업,20,,,,,,,,,2015-08-18 11:00:13,2015-08-18,20.00,135-889,서울특별시 강남구 신사동 539-10,N,,3220000-113-2015-00062,,3220000,"서울특별시 강남구 도산대로 149, 3층 302호 (신사동)",06036,01,영업/정상,유통전문판매업,02-541-0122,,,
,자가,주식회사 루비셀,유통전문판매업,,203471.153270722,443709.903235695,2026-05-03 22:50:16,I,01,영업,160,,,,,,,,,2024-07-03 16:32:41,2015-09-04,160.00,135-928,서울특별시 강남구 역삼동 769-9,N,,3220000-113-2015-00067,,3220000,"서울특별시 강남구 논현로72길 7, 1층 (역삼동)",06227,01,영업/정상,유통전문판매업,,,,
,자가,주식회사 제이케이투컴퍼니,유통전문판매업,2025-12-29,203031.683769144,443793.699376289,2026-05-03 22:50:21,I,02,폐업,304,,,,,,,,,2025-12-29 08:37:29,2018-02-02,304.00,135-924,서울특별시 강남구 역삼동 742-8 열린기술 빌딩,N,,3220000-113-2018-00006,,3220000,"서울특별시 강남구 논현로79길 47, 열린기술 빌딩 지상2층 (역삼동)",06245,03,폐업,유통전문판매업,02-561-2141,,,
,자가,(주)야로슬라블코리아,유통전문판매업,2025-12-31,206970.919291372,443574.411625824,2026-05-03 22:50:21,I,02,폐업,37.55,,,,,,,,,2025-12-31 11:07:59,2018-02-13,37.55,135-939,서울특별시 강남구 개포동 13-3 대청타워,N,,3220000-113-2018-00007,,3220000,"서울특별시 강남구 개포로 623, 대청타워 지상19층 1919호 (개포동)",06336,03,폐업,유통전문판매업,,,,
,자가,(주)메디스턴,유통전문판매업,2026-01-06,204447.56877258,442881.535240035,2026-05-03 22:50:38,I,02,폐업,141.12,,,,,,,,,2026-01-06 12:13:55,2022-03-10,141.12,135-971,"서울특별시 강남구 도곡동 467-6 대림아크로빌, 대림아크로텔",N,,3220000-113-2022-00044,,3220000,"서울특별시 강남구 언주로30길 13, 1501호 (도곡동, 대림아크로빌, 대림아크로텔)",06292,03,폐업,유통전문판매업,02-512-0649,,,
,자가,(주)함소아,유통전문판매업,,202065.019233438,446007.87652944,2026-05-03 22:50:04,I,01,영업,39.08,,,,,,,,,2024-02-29 14:25:00,2009-04-29,39.08,135-811,서울특별시 강남구 논현동 12-6,N,,3220000-113-2009-00016,,3220000,"서울특별시 강남구 논현로149길 67-13, 4층 1호 (논현동)",06039,01,영업/정상,유통전문판매업,02-2176-2182,,,
,임대,(주)아성다이소,유통전문판매업,,204096.699106893,442714.510779264,2026-05-03 22:50:04,I,01,영업,810.66,,,,,,,,,2018-01-25 16:57:27,2009-05-13,810.66,135-854,서울특별시 강남구 도곡동 463 한웰빌딩,N,,3220000-113-2009-00019,,3220000,"서울특별시 강남구 남부순환로 2748, 한웰빌딩 지상1층 (도곡동)",06297,01,영업/정상,유통전문판매업,02-579-6016,,,
,임대,엔티에이치인터내셔널(주),유통전문판매업,,201875.165545982,445741.835753233,2026-05-03 22:50:05,I,01,영업,0,0,0,0,,,,0,,2009-06-15 14:34:08,2009-06-15,177.38,135-814,서울특별시 강남구 논현동 23-16 크레아빌딩 지상3층,N,,3220000-113-2009-00028,,3220000,"서울특별시 강남구 강남대로140길 18 (논현동,크레아빌딩 지상3층)",06043,01,영업/정상,유통전문판매업,,,,
,,(주)베네코리아,유통전문판매업,,202640.06145109,446898.689987254,2026-05-03 22:50:05,I,01,영업,0,0,0,0,,,,0,,2009-07-28 10:43:47,2009-06-26,,135-120,"서울특별시 강남구 신사동 625-0 ,2층",N,,3220000-113-2009-00031,,3220000,"서울특별시 강남구 언주로159길 27 (신사동,,2층)",06024,01,영업/정상,유통전문판매업,02-511-5845,,,
,임대,(주)위메드,유통전문판매업,,204933.423687109,445141.77035067,2026-05-03 22:50:05,I,01,영업,0,,,,,,,,,2016-07-25 17:31:12,2009-08-21,35.43,135-880,서울특별시 강남구 삼성동 157-8,N,,3220000-113-2009-00034,,3220000,"서울특별시 강남구 삼성로96길 6, 15층 1510호 (삼성동, LG트윈텔)",06168,01,영업/정상,유통전문판매업,,,,상수도전용
,임대,도투락특판(주),유통전문판매업,,204044.789948927,444529.84042741,2026-05-03 22:50:05,I,01,영업,33.04,,,,,,,,,2011-10-17 10:40:18,2009-08-28,33.04,135-918,서울특별시 강남구 역삼동 707-34 한신인터밸리24 서관 801호,N,,3220000-113-2009-00035,,3220000,"서울특별시 강남구 테헤란로 322, 801호 (역삼동,한신인터밸리24 서관)",06211,01,영업/정상,유통전문판매업,34531420,,,상수도전용
,자가,(주)캘리스코,유통전문판매업,,202764.384151851,443524.920964761,2026-05-03 22:50:05,I,01,영업,149.87,,,,,,,,,2025-02-24 14:53:05,2009-12-24,149.87,135-936,서울특별시 강남구 역삼동 830-24,N,,3220000-113-2009-00053,,3220000,"서울특별시 강남구 역삼로 115, 지상2층 (역삼동)",06243,01,영업/정상,유통전문판매업,02-6719-7306,,,
,임대,(주)굿지앤,유통전문판매업,,202973.705,446342.07,2026-05-03 22:50:05,I,01,영업,420,,,,,,,,,2019-06-03 16:30:02,2009-06-19,420.00,135-530,서울특별시 강남구 논현동 70-13 보전빌딩,N,,3220000-113-2009-00057,,3220000,"서울특별시 강남구 언주로 725, 보전빌딩 동관 11층 (논현동)",06050,01,영업/정상,유통전문판매업,02-400-3970,,,
,,호식이두마리치킨,유통전문판매업,,203459.872769416,446093.124287019,2026-05-03 22:50:05,I,01,영업,243.94,0,0,0,,,,0,,2015-06-29 16:48:42,2009-09-22,243.94,135-821,서울특별시 강남구 논현동 118-16,N,,3220000-113-2009-00060,,3220000,"서울특별시 강남구 학동로 337, 16층 (논현동)",06060,01,영업/정상,유통전문판매업,053-617-9922,,,
,,(주)굿모닝월드,유통전문판매업,,204083.97327314,445514.558124949,2026-05-03 22:50:05,I,01,영업,119.19,0,0,0,,,,0,,2020-03-12 10:59:49,2009-12-03,119.19,135-867,서울특별시 강남구 삼성동 38-18 수목빌딩,N,,3220000-113-2009-00061,,3220000,"서울특별시 강남구 봉은사로63길 7, 수목빌딩 B동 지상2층 (삼성동)",06097,01,영업/정상,유통전문판매업,,,,
,자가,(주)이스터비엔에프,유통전문판매업,,204819.34560229,446662.792093523,2026-05-03 22:50:05,I,01,영업,30.36,0,0,0,,,,0,,2024-10-25 13:40:47,2009-11-18,30.36,135-953,서울특별시 강남구 청담동 68-19 리버뷰오피스텔,N,,3220000-113-2009-00062,,3220000,"서울특별시 강남구 영동대로 721, 리버뷰오피스텔 10층 1010호 (청담동)",06072,01,영업/정상,유통전문판매업,02-514-8109,,,
,,아모제푸드(주),유통전문판매업,,203242.466677462,445211.460368106,2026-05-03 22:50:05,I,01,영업,694.2,,,,,,,,,2025-06-18 11:00:31,2010-04-20,694.20,135-742,서울특별시 강남구 논현동 237-10 서진빌딩,N,,3220000-113-2010-00016,,3220000,"서울특별시 강남구 언주로 603, 지상7층 (논현동)",06109,01,영업/정상,유통전문판매업,02-2185-7444,,,
,,(주)한독,유통전문판매업,,202852.091533547,444118.060464957,2026-05-03 22:50:05,I,01,영업,0,,,,,,,,,2013-07-04 10:18:58,2010-04-22,,135-923,서울특별시 강남구 역삼동 735 17층,N,,3220000-113-2010-00017,,3220000,"서울특별시 강남구 테헤란로 132 (역삼동,17층)",06235,01,영업/정상,유통전문판매업,02-527-5353,,,
,임대,주식회사 오션스퀘어,유통전문판매업,,203754.223563312,442190.058440432,2026-05-03 22:50:05,I,01,영업,169.66,,,,,,,,,2014-01-03 14:25:04,2010-05-07,169.66,135-855,서울특별시 강남구 도곡동 425-0 오션스퀘어빌딩 지상4층,N,,3220000-113-2010-00020,,3220000,"서울특별시 강남구 논현로 136, 지상4층 (도곡동, 오션스퀘어빌딩)",06302,01,영업/정상,유통전문판매업,02-419-8121,,,
,자가,(주)중원에프엔디,유통전문판매업,,205162.891567826,445884.958994154,2026-05-03 22:50:05,I,01,영업,100,,,,,,,,,2015-05-19 11:26:57,2010-06-14,100.00,135-871,서울특별시 강남구 삼성동 77-1 지상13층,N,,3220000-113-2010-00029,,3220000,"서울특별시 강남구 영동대로 617, 지상13층 (삼성동, 찬이빌딩)",06087,01,영업/정상,유통전문판매업,02-3482-2480,,,
,자가,(유)돌코리아,유통전문판매업,,205340.631121567,445354.571117445,2026-05-03 22:50:05,I,01,영업,717.13,,,,,,,,,2020-12-11 16:30:23,2010-07-05,717.13,135-090,서울특별시 강남구 삼성동 159-1 1204호,N,,3220000-113-2010-00033,,3220000,"서울특별시 강남구 영동대로 511, 1204호 (삼성동)",06164,01,영업/정상,유통전문판매업,02-2040-3872,,,
,자가,담토원,유통전문판매업,,207630.50722293,443393.389093034,2026-05-03 22:50:05,I,01,영업,73,0,0,0,,,,0,,2025-04-25 10:21:14,2010-07-06,73.00,135-945,서울특별시 강남구 일원동 643-2 대평빌딩 202호,N,,3220000-113-2010-00035,,3220000,"서울특별시 강남구 양재대로55길 29 (일원동,대평빌딩 202호)",06342,01,영업/정상,유통전문판매업,,,,
,자가,나우팜 에이치앤비,유통전문판매업,,204935.493033357,445063.256199694,2026-05-03 22:50:14,I,01,영업,22,,,,,,,,,2013-03-18 15:07:23,2013-03-18,22.00,135-880,서울특별시 강남구 삼성동 157-3,N,,3220000-113-2013-00023,,3220000,"서울특별시 강남구 삼성로 508, 지상1412호 (삼성동, LG트윈텔2차)",06168,01,영업/정상,유통전문판매업,,,,
,자가,가교수산,유통전문판매업,,205940.627824515,443003.318632727,2026-05-03 22:50:14,I,01,영업,3.3,,,,,,,,,2014-03-11 11:07:39,2013-04-10,3.30,135-994,서울특별시 강남구 개포동 186-15 소망빌딩 지하1층 513호,N,,3220000-113-2013-00024,,3220000,"서울특별시 강남구 개포로 508, 지하1층 513호 (개포동, 소망빌딩)",06329,01,영업/정상,유통전문판매업,,,,
,자가,삼한알에스(주),유통전문판매업,,209144.783150288,442922.611326787,2026-05-03 22:50:14,I,01,영업,40.88,0,0,0,,,,0,,2021-09-30 09:11:32,2013-04-16,40.88,135-884,서울특별시 강남구 수서동 716,N,,3220000-113-2013-00026,,3220000,"서울특별시 강남구 광평로 295, 서관1315호 (수서동, 한신사이룩스)",06349,01,영업/정상,유통전문판매업,,,,
,자가,(주)보나비,유통전문판매업,,203402.547886339,444092.227331564,2026-05-03 22:50:14,I,01,영업,803.9,,,,,,,,,2025-12-12 10:46:17,2013-05-02,803.90,135-921,서울특별시 강남구 역삼동 725-62,N,,3220000-113-2013-00030,,3220000,서울특별시 강남구 테헤란로28길 32 (역삼동),06223,01,영업/정상,유통전문판매업,02-2155-5777,,,
,자가,커피니,유통전문판매업,,203648.383934286,442492.974766287,2026-05-03 22:50:14,I,01,영업,151.19,,,,,,,,,2025-03-12 16:23:09,2013-05-15,151.19,135-854,서울특별시 강남구 도곡동 410-7 은하수빌딩,N,,3220000-113-2013-00032,,3220000,"서울특별시 강남구 논현로 168, 은하수빌딩 지상2층 (도곡동)",06296,01,영업/정상,유통전문판매업,02-546-1325,,,
,자가,(주)휴롬팜,유통전문판매업,,202286.913729168,446265.906646732,2026-05-03 22:50:14,I,01,영업,105,,,,,,,,,2013-09-11 15:55:46,2013-09-11,105.00,135-812,서울특별시 강남구 논현동 7 지하1,N,,3220000-113-2013-00051,,3220000,서울특별시 강남구 도산대로 164 (논현동),06040,01,영업/정상,유통전문판매업,,,,
,임대,키친스토리,유통전문판매업,,203729.224186566,445341.453295328,2026-05-03 22:50:14,I,01,영업,174.96,,,,,,,,,2019-05-02 15:19:38,2013-10-02,174.96,135-833,서울특별시 강남구 논현동 278-22 SH타워,N,,3220000-113-2013-00057,,3220000,"서울특별시 강남구 봉은사로 331, SH타워 지상7층 (논현동)",06103,01,영업/정상,유통전문판매업,,,,
,,(주)씨너지아이앤티,유통전문판매업,,203554.224085959,443948.97665586,2026-05-03 22:50:14,I,01,영업,259.2,,,,,,,,,2025-05-20 13:17:25,2013-11-06,259.20,135-921,서울특별시 강남구 역삼동 728-41 에이포스페이스,N,,3220000-113-2013-00060,,3220000,"서울특별시 강남구 논현로76길 27, 에이포스페이스 지상2층 (역삼동)",06224,01,영업/정상,유통전문판매업,02-3287-3147,,,
,자가,(주)에스지다인힐,유통전문판매업,,202769.366877713,446949.639551095,2026-05-03 22:50:14,I,01,영업,25,,,,,,,,,2019-11-01 12:26:54,2013-12-09,40.00,135-895,서울특별시 강남구 신사동 624-22 1층,N,,3220000-113-2013-00064,,3220000,"서울특별시 강남구 언주로165길 7-20, 1층 (신사동)",06023,01,영업/정상,유통전문판매업,02-6670-3660,,,
,임대,(주)포베이,유통전문판매업,,203420.249245435,446211.996891126,2026-05-03 22:50:14,I,01,영업,97,,,,,,,,,2020-11-17 14:02:42,2013-12-16,97.00,135-821,서울특별시 강남구 논현동 110-19 형민빌딩,N,,3220000-113-2013-00066,,3220000,"서울특별시 강남구 선릉로133길 16, 형민빌딩 지하1층 (논현동)",06059,01,영업/정상,유통전문판매업,02-2057-0799,,,
,임대,홍영재 장수 청국장,유통전문판매업,,202192.448351024,444768.074790382,2026-05-03 22:50:14,I,01,영업,0,,,,,,,,,2017-02-28 15:38:06,2013-03-27,50.00,135-545,서울특별시 강남구 논현동 201-13,N,,3220000-113-2013-00078,,3220000,"서울특별시 강남구 봉은사로 109, 지상12층 (논현동)",06120,01,영업/정상,유통전문판매업,02-598-0037,,,
,자가,주식회사 스쿨스토어,유통전문판매업,,203319.825979193,443785.775176723,2026-05-03 22:50:14,I,01,영업,0,,,,,,,,,2025-10-24 13:08:56,2013-11-15,62.80,135-925,서울특별시 강남구 역삼동 747-15,N,,3220000-113-2013-00081,,3220000,"서울특별시 강남구 논현로75길 5-2, B102호 (역삼동)",06247,01,영업/정상,유통전문판매업,02-548-7300,,,
,,(주)밀빛(미사리밀빛초계국수),유통전문판매업,,204008.208654405,444742.883323766,2026-05-03 22:50:14,I,01,영업,9.9,0,0,0,,,,0,,2023-12-07 12:11:35,2013-07-11,9.90,135-513,서울특별시 강남구 역삼동 704-50 남경선능빌딩,N,,3220000-113-2013-00082,,3220000,"서울특별시 강남구 테헤란로51길 15, 남경선능빌딩 6층 603호 (역삼동)",06148,01,영업/정상,유통전문판매업,031-794-0337,,,
,자가,(주)제이엠바이오,유통전문판매업,,202746.040061587,443281.216979897,2026-05-03 22:50:14,I,01,영업,20.36,0,0,0,,,,0,,2021-09-30 09:12:23,2013-07-08,20.36,135-937,서울특별시 강남구 역삼동 837-13 강남역 와이즈 플레이스,N,,3220000-113-2013-00084,,3220000,"서울특별시 강남구 강남대로66길 14, 강남역 와이즈 플레이스 상가 지상1층 110-1호 (역삼동)",06253,01,영업/정상,유통전문판매업,02-326-3410,,,
,자가,(주)핸디엄,유통전문판매업,,205596.133586677,445779.538809405,2026-05-03 22:50:15,I,01,영업,116,,,,,,,,,2021-12-20 15:05:20,2014-01-15,116.00,135-881,서울특별시 강남구 삼성동 162-24 아리빌딩,N,,3220000-113-2014-00003,,3220000,"서울특별시 강남구 영동대로106길 37, 아리빌딩 지상4층 (삼성동)",06170,01,영업/정상,유통전문판매업,02-2019-8943,,,
,자가,(주)뉴트리파인,유통전문판매업,,204325.143969001,444689.095230482,2026-05-03 22:50:15,I,01,영업,35.7,,,,,,,,,2021-03-18 15:03:22,2014-01-17,35.70,135-839,서울특별시 강남구 대치동 889-5 샹제리제센터,N,,3220000-113-2014-00005,,3220000,"서울특별시 강남구 테헤란로 406, 샹제리제센터 A동 1907호 (대치동)",06192,01,영업/정상,유통전문판매업,02-556-3845,,,
,자가,몽고식품(주)서울영업본부,유통전문판매업,,201639.245453617,446274.992208549,2026-05-03 22:50:15,I,01,영업,0,,,,,,,,,2025-04-17 17:28:35,2014-01-22,496.68,135-746,서울특별시 강남구 신사동 503-5 두원빌딩,N,,3220000-113-2014-00006,,3220000,"서울특별시 강남구 강남대로 636, 두원빌딩 지상4층 (신사동)",06034,01,영업/정상,유통전문판매업,02-548-2208,,,
,임대,주식회사 밀스원,유통전문판매업,2025-12-29,203253.726246178,443777.360830763,2026-05-03 22:50:22,I,02,폐업,3,,,,,,,,,2025-12-29 15:17:07,2018-08-13,3.00,135-925,서울특별시 강남구 역삼동 747-9 역삼동 수양빌딩,N,,3220000-113-2018-00145,,3220000,"서울특별시 강남구 논현로75길 15, 역삼동 수양빌딩 5층 501호 240771호 (역삼동)",06247,03,폐업,유통전문판매업,02-512-8482,,,
,자가,주식회사 더제이알디,유통전문판매업,2026-01-23,203884.939678509,442502.583297933,2026-05-03 22:50:39,I,02,폐업,99,0,0,0,,,,0,,2026-01-23 12:06:34,2022-05-13,99.00,135-854,서울특별시 강남구 도곡동 414-16,N,,3220000-113-2022-00090,,3220000,"서울특별시 강남구 논현로34길 34, 지상4층 (도곡동)",06296,03,폐업,유통전문판매업,,,,
,임대,한국암웨이(주),유통전문판매업,,205130.591678902,445590.096837802,2026-05-03 22:50:16,I,01,영업,48.8,,,,,,,,,2024-11-29 15:51:30,2015-10-13,48.80,135-090,서울특별시 강남구 삼성동 159 아셈타워 28층,N,,3220000-113-2015-00082,,3220000,"서울특별시 강남구 영동대로 517, 28층 (삼성동, 아셈타워)",06164,01,영업/정상,유통전문판매업,02-3468-6000,,,
,자가,제이씨더블유인터네셔널 주식회사(JCW International(주)),유통전문판매업,,204607.480689044,445426.977335785,2026-05-03 22:50:16,I,01,영업,124.34,0,0,0,,,,0,,2025-04-15 17:38:07,2015-11-10,124.34,135-509,서울특별시 강남구 삼성동 121-9,N,,3220000-113-2015-00089,,3220000,"서울특별시 강남구 삼성로107길 11-6, 지하2층, 지하1층, 지상2층, 지상3층 (삼성동)",06155,01,영업/정상,유통전문판매업,02-416-0244,,,
,자가,동원당(주),유통전문판매업,,201650.787158848,446226.277738975,2026-05-03 22:50:16,I,01,영업,29,,,,,,,,,2021-11-03 12:06:58,2015-11-17,29.00,135-887,서울특별시 강남구 신사동 503-2,N,,3220000-113-2015-00091,,3220000,"서울특별시 강남구 강남대로 632, 5층 505호 (신사동)",06034,01,영업/정상,유통전문판매업,02-546-0052,,,
,자가,(주)신라외식개발,유통전문판매업,,202520.972243984,443946.832938881,2026-05-03 22:50:16,I,01,영업,3.3,,,,,,,,,2018-09-20 17:40:37,2015-11-17,3.30,135-934,서울특별시 강남구 역삼동 825-20 센트럴애비뉴(푸르지오시티),N,,3220000-113-2015-00092,,3220000,"서울특별시 강남구 테헤란로4길 6, 센트럴애비뉴(푸르지오시티) 지상3층 304호 (역삼동)",06232,01,영업/정상,유통전문판매업,1588-6338,,,
,자가,(주)뉴온,유통전문판매업,,203272.51,443811.54,2026-05-03 22:50:16,I,01,영업,252.48,,,,,,,,,2024-11-26 16:25:29,2015-07-16,252.48,135-925,서울특별시 강남구 역삼동 746-18,N,,3220000-113-2015-00109,,3220000,"서울특별시 강남구 논현로75길 10, 지상5층 (역삼동)",06247,01,영업/정상,유통전문판매업,031-283-8615,,,
,자가,슬로베이크,유통전문판매업,,204796.409140234,444623.075820577,2026-05-03 22:50:16,I,01,영업,57.43,,,,,,,,,2026-01-07 12:12:18,2015-09-16,57.43,135-841,서울특별시 강남구 대치동 901-43,N,,3220000-113-2015-00111,,3220000,"서울특별시 강남구 삼성로81길 31, 5층 501호 (대치동)",06196,01,영업/정상,유통전문판매업,,,,
,자가,(주)바이오원코리아,유통전문판매업,,204043.337622514,447182.192248468,2026-05-03 22:50:16,I,01,영업,124.6,,,,,,,,,2018-11-22 15:55:33,2015-06-05,124.60,135-956,서울특별시 강남구 청담동 100-14,N,,3220000-113-2015-00112,,3220000,"서울특별시 강남구 도산대로81길 41, 3층 301호 (청담동)",06010,01,영업/정상,유통전문판매업,02-545-7150,,,
,자가,(주) 전한,유통전문판매업,,203423.930512227,443550.251999303,2026-05-03 22:50:16,I,01,영업,103.32,,,,,,,,,2019-02-08 14:45:20,2015-08-07,103.32,135-930,서울특별시 강남구 역삼동 797-19,N,,3220000-113-2015-00114,,3220000,"서울특별시 강남구 논현로 325, 2층 (역삼동)",06257,01,영업/정상,유통전문판매업,,,,
,자가,(주)참트레이딩,유통전문판매업,,201961.638649759,446105.792345334,2026-05-03 22:50:16,I,01,영업,111.84,,,,,,,,,2019-04-10 14:14:54,2015-03-11,111.84,135-811,서울특별시 강남구 논현동 4-18,N,,3220000-113-2015-00115,,3220000,"서울특별시 강남구 도산대로 130, 지상6층 (논현동)",06039,01,영업/정상,유통전문판매업,,,,상수도전용
,,(주)디에이치이비즈,유통전문판매업,,203772.207026412,445185.64308313,2026-05-03 22:50:16,I,01,영업,0,,,,,,,,,2019-09-18 14:29:17,2015-01-22,37.00,135-916,서울특별시 강남구 역삼동 683 현빌딩,N,,3220000-113-2015-00117,,3220000,"서울특별시 강남구 봉은사로50길 19, 현빌딩 2층 203호 (역삼동)",06145,01,영업/정상,유통전문판매업,02-1566-1674,,,
,임대,바르도 유한회사,유통전문판매업,,204072.40503804,446839.935719341,2026-05-03 22:50:16,I,01,영업,33,,,,,,,,,2021-11-11 14:39:23,2015-05-29,33.00,135-949,서울특별시 강남구 청담동 6-5 청담 한국빌딩,N,,3220000-113-2015-00118,,3220000,"서울특별시 강남구 도산대로 458, 청담 한국빌딩 지상2층 205호 (청담동)",06062,01,영업/정상,유통전문판매업,02-540-5418,,,
,자가,주식회사 엠지씨글로벌,유통전문판매업,,201971.35912276,445136.165168602,2026-05-03 22:50:16,I,01,영업,296.85,,,,,,,,,2026-01-08 14:36:34,2015-12-17,296.85,135-825,서울특별시 강남구 논현동 164-1,N,,3220000-113-2015-00119,,3220000,"서울특별시 강남구 강남대로 518, 11층 (논현동)",06114,01,영업/정상,유통전문판매업,1588-0656,,,
,임대,주식회사 투판즈,유통전문판매업,,203507.101506026,443376.735206703,2026-05-03 22:50:16,I,01,영업,222.77,,,,,,,,,2024-06-03 14:58:01,2015-08-31,222.77,135-930,서울특별시 강남구 역삼동 798-16,N,,3220000-113-2015-00121,,3220000,"서울특별시 강남구 논현로 303, 지상3층 (역삼동)",06257,01,영업/정상,유통전문판매업,,,,
,자가,주식회사 거보,유통전문판매업,,208937.760652081,442873.588039887,2026-05-03 22:50:16,I,01,영업,38.79,0,0,0,,,,0,,2024-08-21 13:41:22,2015-09-18,38.79,135-539,서울특별시 강남구 수서동 713 수서현대벤쳐빌,N,,3220000-113-2015-00122,,3220000,"서울특별시 강남구 밤고개로1길 10, 수서현대벤쳐빌 9층 908호 (수서동)",06349,01,영업/정상,유통전문판매업,031-793-7058,,,
,자가,(주)예스미미,유통전문판매업,,204819.34560229,446662.792093523,2026-05-03 22:50:16,I,01,영업,30.36,,,,,,,,,2024-12-31 14:28:05,2015-12-28,30.36,135-953,서울특별시 강남구 청담동 68-19 리버뷰오피스텔,N,,3220000-113-2015-00123,,3220000,"서울특별시 강남구 영동대로 721, 리버뷰오피스텔 지상8층 802호 (청담동)",06072,01,영업/정상,유통전문판매업,070-4042-8011,,,
,자가,(주)바이오아라,유통전문판매업,,204105.787998651,444937.438374587,2026-05-03 22:50:16,I,01,영업,4,,,,,,,,,2025-04-07 13:12:54,2015-09-04,4.00,135-917,서울특별시 강남구 역삼동 696-28,N,,3220000-113-2015-00124,,3220000,"서울특별시 강남구 선릉로 529, 2층 2321호 (역삼동)",06149,01,영업/정상,유통전문판매업,02-6285-0441,,,
,자가,(주)좋은비타민,유통전문판매업,,208547.303164015,440518.651807226,2026-05-03 22:50:16,I,01,영업,6,,,,,,,,,2016-01-08 17:00:58,2016-01-08,6.00,135-190,서울특별시 강남구 세곡동 600,N,,3220000-113-2016-00001,,3220000,"서울특별시 강남구 헌릉로569길 39, 4층 (세곡동, 더좋은빌딩)",06376,01,영업/정상,유통전문판매업,070-7456-5078,,,
,자가,닥터비건,유통전문판매업,,203873.302839902,446630.180852117,2026-05-03 22:50:16,I,01,영업,7,,,,,,,,,2024-07-18 14:23:08,2016-02-01,7.00,135-949,서울특별시 강남구 청담동 17-7,N,,3220000-113-2016-00008,,3220000,"서울특별시 강남구 도산대로68길 25, 지하1층 (청담동)",06064,01,영업/정상,유통전문판매업,02-543-2030,,,
,자가,솔직푸드,유통전문판매업,2026-01-20,203817.509750268,445416.14813354,2026-05-03 22:50:22,I,02,폐업,31.16,,,,,,,,,2026-01-20 16:45:47,2018-10-29,31.16,135-867,서울특별시 강남구 삼성동 37 호산프라자,N,,3220000-113-2018-00160,,3220000,"서울특별시 강남구 선릉로 604, 704호 (삼성동, 호산프라자)",06097,03,폐업,유통전문판매업,,,,
,임대,(주)산타컴퍼니,유통전문판매업,2026-02-04,201825.781527043,446547.308592214,2026-05-03 22:50:39,I,02,폐업,0,,,,,,,,,2026-02-04 16:56:10,2022-08-01,34.00,135-888,서울특별시 강남구 신사동 523-10,N,,3220000-113-2022-00133,,3220000,"서울특별시 강남구 강남대로162길 27-16, 지상3층 (신사동)",06028,03,폐업,유통전문판매업,02-6203-8885,,,
,자가,와이에치푸드(주),유통전문판매업,,202640.06145109,446898.689987254,2026-05-03 22:50:05,I,01,영업,132.57,0,0,0,,,,0,,2010-10-05 10:05:28,2010-07-15,132.57,135-895,서울특별시 강남구 신사동 625-0 제이앤드지빌딩 2층,N,,3220000-113-2010-00036,,3220000,"서울특별시 강남구 언주로159길 27 (신사동,제이앤드지빌딩 2층)",06024,01,영업/정상,유통전문판매업,02-542-3842,,,
,자가,파르나스호텔(주),유통전문판매업,,205314.159889285,445204.709309676,2026-05-03 22:50:05,I,01,영업,10,,,,,,,,,2025-06-16 15:58:29,2010-07-21,10.00,135-090,서울특별시 강남구 삼성동 159-8 1층,N,,3220000-113-2010-00039,,3220000,"서울특별시 강남구 테헤란로 521, 1층 (삼성동)",06164,01,영업/정상,유통전문판매업,02-559-7044,,,
,,주식회사 후코스코리아,유통전문판매업,,204935.493033357,445063.256199694,2026-05-03 22:50:05,I,01,영업,33.21,,,,,,,,,2010-07-30 09:43:59,2010-07-30,33.21,135-880,서울특별시 강남구 삼성동 157-3 엘지트윈텔2-1709호,N,,3220000-113-2010-00044,,3220000,"서울특별시 강남구 삼성로 508 (삼성동,엘지트윈텔2-1709호)",06168,01,영업/정상,유통전문판매업,1588-5584,,,
,,(주)혜성프로비젼,유통전문판매업,,203683.260354891,442456.779128474,2026-05-03 22:50:05,I,01,영업,0,0,0,0,,,,0,,2024-06-14 16:06:19,2010-08-12,763.33,135-854,서울특별시 강남구 도곡동 514-2 유니북스빌딩,N,,3220000-113-2010-00045,,3220000,"서울특별시 강남구 논현로 164, 유니북스빌딩 지상3층 (도곡동)",06296,01,영업/정상,유통전문판매업,02-529-2225,,,
,,(주)콩코드상사,유통전문판매업,,209115.407466251,442733.046268975,2026-05-03 22:50:05,I,01,영업,170.01,0,0,0,,,,0,,2021-04-22 10:16:43,2010-03-03,170.01,135-885,서울특별시 강남구 수서동 726-4 진성빌딩 지상5층,N,,3220000-113-2010-00059,,3220000,"서울특별시 강남구 밤고개로5길 11-4 (수서동,진성빌딩 지상5층)",06367,01,영업/정상,유통전문판매업,02-558-3710,,,
,,(주)하치노다카라코리아,유통전문판매업,,202233.376703439,446247.902496745,2026-05-03 22:50:05,I,01,영업,23.54,0,0,0,,,,0,,2026-03-11 15:04:04,2010-03-23,23.54,135-812,서울특별시 강남구 논현동 6-21 세양 APEX TOWER,N,,3220000-113-2010-00063,,3220000,"서울특별시 강남구 도산대로 158, 세양 APEX TOWER 12층 1209호 (논현동)",06040,01,영업/정상,유통전문판매업,,,,
,임대,(주)테일러팜스,유통전문판매업,,204806.463303166,445355.532674505,2026-05-03 22:50:05,I,01,영업,144,0,0,0,,,,0,,2023-08-29 15:27:03,2010-04-05,144.00,135-878,서울특별시 강남구 삼성동 151-2 흥국에프엔비빌딩,N,,3220000-113-2010-00065,,3220000,"서울특별시 강남구 삼성로 546, 흥국에프엔비빌딩 지상2층 (삼성동)",06166,01,영업/정상,유통전문판매업,02-568-9655,,,
,자가,(주)위담,유통전문판매업,,204734.399313206,444359.892023311,2026-05-03 22:50:06,I,01,영업,133.22,,,,,,,,,2019-11-14 10:46:32,2011-07-06,133.22,135-841,서울특별시 강남구 대치동 910-2 쌔씨존,N,,3220000-113-2011-00032,,3220000,"서울특별시 강남구 역삼로 432, 지상3층 303호,304호 (대치동)",06200,01,영업/정상,유통전문판매업,02-538-2312,,,
,,멜라루카인터내셔날코리아,유통전문판매업,,203360.362160821,445992.746769389,2026-05-03 22:50:13,I,01,영업,0,,,,,,,,,2024-04-22 17:14:33,2011-10-12,153.00,135-830,서울특별시 강남구 논현동 240-2 2층,N,,3220000-113-2011-00054,,3220000,"서울특별시 강남구 학동로 326 (논현동,2층)",06099,01,영업/정상,유통전문판매업,02-3457-8585,,,
,임대,힐링코리아,유통전문판매업,,202371.047259925,446595.472238273,2026-05-03 22:50:13,I,01,영업,33,,,,,,,,,2011-10-12 17:24:11,2011-10-12,33.00,135-892,서울특별시 강남구 신사동 586-14 삼원빌딩 101호,N,,3220000-113-2011-00056,,3220000,"서울특별시 강남구 도산대로27길 26, 101호 (신사동,삼원빌딩)",06032,01,영업/정상,유통전문판매업,02-3446-1361,,,
,임대,메디파트너(주),유통전문판매업,,203110.785501818,445055.475197914,2026-05-03 22:50:13,I,01,영업,299.27,,,,,,,,,2018-06-04 13:04:08,2011-10-13,299.27,135-913,서울특별시 강남구 역삼동 651-5,N,,3220000-113-2011-00058,,3220000,"서울특별시 강남구 봉은사로 218, 지상8층 (역삼동)",06135,01,영업/정상,유통전문판매업,02-554-5767,,,
,자가,보이다원,유통전문판매업,,204393.612264859,445859.15886925,2026-05-03 22:50:13,I,01,영업,29.75,,,,,,,,,2024-09-20 16:22:28,2011-11-28,29.75,135-864,서울특별시 강남구 삼성동 24-21,N,,3220000-113-2011-00064,,3220000,"서울특별시 강남구 삼성로115길 16-5, 지상1층 101호 (삼성동)",06094,01,영업/정상,유통전문판매업,02-545-3983,,,
,자가,(주)루왁파트너스,유통전문판매업,,205185.569667333,444964.438665335,2026-05-03 22:50:13,I,01,영업,27.45,0,0,0,,,,0,,2022-12-21 17:58:04,2011-12-07,27.45,135-845,서울특별시 강남구 대치동 943-24,N,,3220000-113-2011-00069,,3220000,"서울특별시 강남구 테헤란로88길 10, 1211호 (대치동, 신안메트로칸)",06179,01,영업/정상,유통전문판매업,02-2052-1210,,,
,임대,(주)뽀그리,유통전문판매업,,204325.143969001,444689.095230482,2026-05-03 22:50:13,I,01,영업,0,,,,,,,,,2017-06-13 10:01:05,2011-02-09,35.70,135-839,서울특별시 강남구 대치동 889-5,N,,3220000-113-2011-00074,,3220000,"서울특별시 강남구 테헤란로 406, A동 14층 1405호 (대치동, 샹제리제센터)",06192,01,영업/정상,유통전문판매업,02-428-1663,,,
,임대,(주)브이파이브,유통전문판매업,,204054.269255382,441810.07184729,2026-05-03 22:50:13,I,01,영업,163.8,,,,,,,,,2014-12-29 17:04:00,2011-11-22,163.80,135-964,서울특별시 강남구 개포동 1238-8 지상5층,N,,3220000-113-2011-00079,,3220000,"서울특별시 강남구 개포로 218, 지상5층 (개포동)",06307,01,영업/정상,유통전문판매업,,,,
,임대,티에고 주식회사,유통전문판매업,,204265.462439155,446408.696399733,2026-05-03 22:50:13,I,01,영업,141.2,,,,,,,,,2019-01-29 17:10:54,2011-12-14,141.20,135-950,서울특별시 강남구 청담동 31-15,N,,3220000-113-2011-00081,,3220000,"서울특별시 강남구 삼성로133길 4, 3층 (청담동)",06067,01,영업/정상,유통전문판매업,02-434-2966,,,
,자가,(주)더좋은,유통전문판매업,,208547.303164015,440518.651807226,2026-05-03 22:50:13,I,01,영업,3.3,0,0,0,,,,0,,2020-02-20 15:55:49,2011-01-20,3.30,135-190,서울특별시 강남구 세곡동 600 더좋은빌딩,N,,3220000-113-2011-00082,,3220000,"서울특별시 강남구 헌릉로569길 39, 더좋은빌딩 지상4층 (세곡동)",06376,01,영업/정상,유통전문판매업,1577-3596,,,
,자가,(주)바이포엠에프앤티,유통전문판매업,2025-12-22,204935.493033357,445063.256199694,2026-05-03 22:50:22,I,02,폐업,112.24,,,,,,,,,2025-12-22 16:49:19,2019-02-28,112.24,135-880,서울특별시 강남구 삼성동 157-3 LG트윈텔2,N,,3220000-113-2019-00030,,3220000,"서울특별시 강남구 삼성로 508, LG트윈텔2 지상5층 501호, 504호, 506호 (삼성동)",06168,03,폐업,유통전문판매업,070-8864-1116,,,
,자가,(주)퍼플랩스 헬스케어,유통전문판매업,2026-01-05,203598.05846165,446149.711527459,2026-05-03 22:50:22,I,02,폐업,473.65,0,0,0,,,,0,,2026-01-05 16:34:43,2019-03-05,473.65,135-766,서울특별시 강남구 청담동 41-2 금하빌딩,N,,3220000-113-2019-00031,,3220000,"서울특별시 강남구 학동로 401, 금하빌딩 11층 (청담동)",06069,03,폐업,유통전문판매업,070-8859-0614,,,
,자가,주식회사 참존,유통전문판매업,2026-02-04,203032.011012844,444888.041106862,2026-05-03 22:50:22,I,02,폐업,163.4,,,,,,,,,2026-02-04 15:26:10,2019-03-08,163.40,135-913,서울특별시 강남구 역삼동 659-11,N,,3220000-113-2019-00033,,3220000,"서울특별시 강남구 논현로106길 6, 4층 (역삼동)",06136,03,폐업,유통전문판매업,02-3485-9305,,,
,임대,(주)파이토게르마늄,유통전문판매업,,204518.8799802,442703.584823804,2026-05-03 22:50:15,I,01,영업,35.2,,,,,,,,,2016-07-06 15:09:26,2014-02-05,35.20,135-856,서울특별시 강남구 도곡동 467-24,N,,3220000-113-2014-00009,,3220000,"서울특별시 강남구 언주로 118, 13층 1302호 (도곡동, 우성캐릭터199)",06295,01,영업/정상,유통전문판매업,02-558-7795,,,
,자가,(주) 아모제,유통전문판매업,,203242.466677462,445211.460368106,2026-05-03 22:50:15,I,01,영업,185,,,,,,,,,2019-05-02 17:26:02,2014-03-14,185.00,135-742,서울특별시 강남구 논현동 237-10 서진빌딩,N,,3220000-113-2014-00014,,3220000,"서울특별시 강남구 언주로 603, 서진빌딩 지상6층 (논현동)",06109,01,영업/정상,유통전문판매업,02-2185-8842,,,
,자가,(주)엘에프푸드,유통전문판매업,,202980.713680016,447304.491416002,2026-05-03 22:50:15,I,01,영업,0,,,,,,,,,2025-11-20 12:17:27,2014-03-18,46.20,135-896,서울특별시 강남구 신사동 637-15,N,,3220000-113-2014-00016,,3220000,"서울특별시 강남구 언주로172길 7, 6층 일부호 (신사동)",06017,01,영업/정상,유통전문판매업,02-6925-5342,,,
,임대,(주)래오이경제,유통전문판매업,,203013.751045331,446679.160238224,2026-05-03 22:50:15,I,01,영업,100,0,0,0,,,,0,,2023-03-23 17:16:16,2014-04-01,100.00,135-895,서울특별시 강남구 신사동 630-19 백영빌딩,N,,3220000-113-2014-00019,,3220000,"서울특별시 강남구 도산대로 307, 백영빌딩 8층 901호 (신사동)",06021,01,영업/정상,유통전문판매업,,,,
,임대,(주)한솥,유통전문판매업,,204094.831256803,447033.55047013,2026-05-03 22:50:15,I,01,영업,921.7,0,0,0,,,,0,,2023-09-22 10:50:26,2014-04-03,921.70,135-955,서울특별시 강남구 청담동 118-15 한솥빌딩,N,,3220000-113-2014-00022,,3220000,"서울특별시 강남구 압구정로 459, 한솥빌딩 3~8층 (청담동)",06011,01,영업/정상,유통전문판매업,02-585-1114,,,
,자가,(주)풍림푸드,유통전문판매업,,208937.760652081,442873.588039887,2026-05-03 22:50:15,I,01,영업,97.5,,,,,,,,,2014-06-05 15:32:32,2014-06-05,97.50,135-884,서울특별시 강남구 수서동 713-0 수서현대벤처빌 917호,N,,3220000-113-2014-00032,,3220000,"서울특별시 강남구 밤고개로1길 10, 917호 (수서동, 수서현대벤처빌)",06349,01,영업/정상,유통전문판매업,02-2040-6080,,,
,자가,(주)더퍼스트터치,유통전문판매업,,202297.71394427,445971.225095467,2026-05-03 22:50:15,I,01,영업,0,,,,,,,,,2018-10-30 14:49:56,2014-07-25,121.70,135-812,서울특별시 강남구 논현동 27-10,N,,3220000-113-2014-00041,,3220000,"서울특별시 강남구 학동로21길 46, 지상4층 (논현동)",06042,01,영업/정상,유통전문판매업,02-508-5658,,,
,,주식회사 캠프에스엘,유통전문판매업,,205274.07,444028.975,2026-05-03 22:50:15,I,01,영업,46.28,0,0,0,,,,0,,2020-10-14 10:11:58,2014-08-20,46.28,135-500,서울특별시 강남구 대치동 1021-6 정일빌딩,N,,3220000-113-2014-00048,,3220000,"서울특별시 강남구 도곡로 458, 정일빌딩 6층 602호 (대치동)",06279,01,영업/정상,유통전문판매업,02-539-8157,,,
,자가,커피스미스에프씨,유통전문판매업,,202773.963440559,443898.54949954,2026-05-03 22:50:15,I,01,영업,98.88,,,,,,,,,2015-06-23 16:28:13,2014-08-29,98.88,135-935,서울특별시 강남구 역삼동 828,N,,3220000-113-2014-00049,,3220000,"서울특별시 강남구 테헤란로8길 25, 4층 (역삼동, 커피스미스)",06239,01,영업/정상,유통전문판매업,02-797-9745,,,
,자가,(주)코바식품,유통전문판매업,,203560.410926146,444802.301566298,2026-05-03 22:50:15,I,01,영업,149.25,,,,,,,,,2016-03-25 10:47:52,2014-09-16,149.25,135-913,서울특별시 강남구 역삼동 662-18,N,,3220000-113-2014-00050,,3220000,"서울특별시 강남구 언주로 527, 지하1층 2호 (역삼동, 강남텔레피아빌딩)",06138,01,영업/정상,유통전문판매업,02-3431-5244,,,
,임대,(주)세인트벨코리아,유통전문판매업,,202810.078604197,446396.283742625,2026-05-03 22:50:15,I,01,영업,80.38,2,,,,,,,,2021-09-03 17:33:52,2014-08-13,80.38,135-816,서울특별시 강남구 논현동 63-15,N,,3220000-113-2014-00065,,3220000,"서울특별시 강남구 언주로147길 20, 4층 (논현동)",06048,01,영업/정상,유통전문판매업,02-927-1525,,,
,임대,(주)바르다김선생,유통전문판매업,,202810.078604197,446396.283742625,2026-05-03 22:50:15,I,01,영업,73.71,2,,,,,,,,2020-05-21 16:32:42,2014-08-20,73.71,135-816,서울특별시 강남구 논현동 63-15,N,,3220000-113-2014-00066,,3220000,"서울특별시 강남구 언주로147길 20, B동 지상2층 (논현동)",06048,01,영업/정상,유통전문판매업,02-927-1525,,,
,자가,(주)율성푸드랩,유통전문판매업,,208937.760652081,442873.588039887,2026-05-03 22:50:15,I,01,영업,151.52,0,0,0,,,,0,,2021-06-17 14:36:46,2014-06-19,151.52,135-539,서울특별시 강남구 수서동 713 수서현대벤쳐빌,N,,3220000-113-2014-00074,,3220000,"서울특별시 강남구 밤고개로1길 10, 수서현대벤쳐빌 16층 1624호 (수서동)",06349,01,영업/정상,유통전문판매업,070-7425-7740,,,
,자가,보령유통,유통전문판매업,2025-12-30,202987.060320542,445814.606316792,2026-05-03 22:50:05,I,02,폐업,17,,,,,,,,,2025-12-30 14:22:55,2009-12-28,17.00,135-996,서울특별시 강남구 논현동 210-2 재정빌딩301호,N,,3220000-113-2009-00055,,3220000,"서울특별시 강남구 언주로129길 8 (논현동,재정빌딩301호)",06104,03,폐업,유통전문판매업,02-541-8830,,,
,임대,주식회사 얼라이브러쉬,유통전문판매업,,204328.920045846,444853.884834766,2026-05-03 22:50:15,I,01,영업,50,0,0,0,,,,0,,2024-02-13 14:01:17,2014-10-29,50.00,135-876,서울특별시 강남구 삼성동 141-7,N,,3220000-113-2014-00078,,3220000,"서울특별시 강남구 선릉로94길 14, 7층 (삼성동)",06162,01,영업/정상,유통전문판매업,,,,
,,센트럴팜 주식회사,유통전문판매업,,202266.626440515,444821.76360165,2026-05-03 22:50:15,I,01,영업,10,0,0,0,,,,0,,2021-03-04 10:08:20,2014-04-04,10.00,135-545,서울특별시 강남구 논현동 202 코너빌딩,N,,3220000-113-2014-00081,,3220000,"서울특별시 강남구 봉은사로5길 6, 코너빌딩 지상2층 201호 (논현동)",06120,01,영업/정상,유통전문판매업,070-5030-5860,,,
,임대,(주)한국티이아이,유통전문판매업,,203115.585957283,443218.814175061,2026-05-03 22:50:15,I,01,영업,0,,,,,,,,,2019-04-19 11:11:02,2014-02-14,272.59,135-936,서울특별시 강남구 역삼동 840-10 비봉빌딩,N,,3220000-113-2014-00083,,3220000,"서울특별시 강남구 도곡로 147, 비봉빌딩 지상3층 (역삼동)",06255,01,영업/정상,유통전문판매업,34746546,,,
,자가,(주)뉴이스트랩,유통전문판매업,2025-12-29,204829.390807866,446875.023189828,2026-05-03 22:50:43,I,02,폐업,25.2,,,,,,,,,2025-12-29 14:37:11,2022-11-22,25.20,135-957,서울특별시 강남구 청담동 130-9 현대 오피스텔,N,,3220000-113-2022-00201,,3220000,"서울특별시 강남구 영동대로 738, 현대 오피스텔 9층 910호 (청담동)",06075,03,폐업,유통전문판매업,,,,
,자가,(주)굿모닝비엔에프,유통전문판매업,,202533.422046949,446563.604176788,2026-05-03 22:50:16,I,01,영업,5.37,,,,,,,,,2025-09-25 15:49:38,2016-03-08,5.37,135-893,서울특별시 강남구 신사동 590-15,N,,3220000-113-2016-00016,,3220000,"서울특별시 강남구 논현로152길 15, 3층 317호 (신사동)",06025,01,영업/정상,유통전문판매업,02-6204-0034,,,
,자가,(주)노브메타파마,유통전문판매업,,202940.913419566,446374.987406876,2026-05-03 22:50:16,I,01,영업,30,,,,,,,,,2022-03-22 14:27:05,2016-03-21,30.00,135-995,서울특별시 강남구 논현동 70-6,N,,3220000-113-2016-00019,,3220000,"서울특별시 강남구 언주로 727, 13층 (논현동)",06050,01,영업/정상,유통전문판매업,02-538-1893,,,
,자가,(주)부스타코리아,유통전문판매업,,202667.551184905,443299.218136257,2026-05-03 22:50:16,I,01,영업,27.9,,,,,,,,,2017-12-11 16:48:26,2016-04-01,27.90,135-936,서울특별시 강남구 역삼동 832-7 황화빌딩,N,,3220000-113-2016-00026,,3220000,"서울특별시 강남구 강남대로 320, 황화빌딩 지상12층 1205호 (역삼동)",06252,01,영업/정상,유통전문판매업,,,,
,자가,주식회사 바이래오,유통전문판매업,,203117.55580234,443692.226699421,2026-05-03 22:50:16,I,01,영업,30,,,,,,,,,2019-06-25 14:39:38,2016-05-09,30.00,135-925,서울특별시 강남구 역삼동 748-10 부강빌딩,N,,3220000-113-2016-00033,,3220000,"서울특별시 강남구 역삼로17길 10, 부강빌딩 2층 (역삼동)",06246,01,영업/정상,유통전문판매업,02-514-3879,,,
,자가,(주)담소이야기,유통전문판매업,,203057.320145477,443700.695537064,2026-05-03 22:50:16,I,01,영업,0,,,,,,,,,2016-05-25 16:33:01,2016-05-25,31.62,135-925,서울특별시 강남구 역삼동 750-32,N,,3220000-113-2016-00037,,3220000,"서울특별시 강남구 역삼로15길 9, 1층 (역삼동)",06245,01,영업/정상,유통전문판매업,1588-1821,,,
,자가,(주)스페쉬에프엔비,유통전문판매업,,203588.048190661,446183.368328818,2026-05-03 22:50:16,I,01,영업,4.95,,,,,,,,,2024-04-25 17:11:44,2016-07-08,4.95,135-764,서울특별시 강남구 청담동 41 청담빌딩,N,,3220000-113-2016-00042,,3220000,"서울특별시 강남구 선릉로 704, 청담빌딩 12층 1256-2호 (청담동)",06069,01,영업/정상,유통전문판매업,02-512-1444,,,
,자가,주식회사 한방비만학회,유통전문판매업,,204446.310610522,444593.146154758,2026-05-03 22:50:16,I,01,영업,165,,,,,,,,,2016-07-20 11:31:40,2016-07-20,165.00,135-839,서울특별시 강남구 대치동 889-72,N,,3220000-113-2016-00046,,3220000,"서울특별시 강남구 선릉로86길 17, 4층 (대치동, 선릉메디컬센터)",06192,01,영업/정상,유통전문판매업,02-538-8275,,,
,임대,(주)네록리소스,유통전문판매업,,203917.234839195,441753.907610029,2026-05-03 22:50:16,I,01,영업,384.58,,,,,,,,,2017-04-07 11:13:57,2016-07-29,384.58,135-964,서울특별시 강남구 개포동 1229,N,,3220000-113-2016-00049,,3220000,"서울특별시 강남구 논현로 90, 5,6층 (개포동, 보성빌딩)",06307,01,영업/정상,유통전문판매업,02-2052-5558,,,
,자가,프랭크서울,유통전문판매업,,204224.089424285,445797.732226205,2026-05-03 22:50:16,I,01,영업,7,,,,,,,,,2016-08-04 17:38:48,2016-08-04,7.00,135-864,서울특별시 강남구 삼성동 26-35,N,,3220000-113-2016-00050,,3220000,"서울특별시 강남구 봉은사로69길 38, 지하1층 (삼성동)",06094,01,영업/정상,유통전문판매업,02-3443-5650,,,
,자가,포블리스커뮤니티(주),유통전문판매업,,204264.694745769,445774.831790301,2026-05-03 22:50:16,I,01,영업,57.2,,,,,,,,,2019-08-12 14:31:04,2016-08-16,57.20,135-864,서울특별시 강남구 삼성동 26-32,N,,3220000-113-2016-00054,,3220000,"서울특별시 강남구 삼성로115길 38, 2층 (삼성동)",06094,01,영업/정상,유통전문판매업,1577-1426,,,
,임대,심플로트 사우스 코리아 유한회사,유통전문판매업,,203390.902472016,442601.789760193,2026-05-03 22:50:16,I,01,영업,787.1,,,,,,,,,2023-11-02 17:26:45,2016-08-31,787.10,135-859,서울특별시 강남구 도곡동 909-3,N,,3220000-113-2016-00057,,3220000,"서울특별시 강남구 남부순환로 2645, 1층 (도곡동)",06271,01,영업/정상,유통전문판매업,070-4469-1732,,,
,,(주)경희한방제약,유통전문판매업,,203748.368103377,446864.297464047,2026-05-03 22:50:16,I,01,영업,100,0,0,0,,,,0,,2021-08-01 23:14:08,2016-09-02,100.00,135-517,서울특별시 강남구 청담동 92-3,N,,3220000-113-2016-00058,,3220000,"서울특별시 강남구 도산대로 435, 6층 (청담동)",06016,01,영업/정상,유통전문판매업,02-540-1450,,,
,,(주)스포맥스,유통전문판매업,,203070.963059952,444304.746740878,2026-05-03 22:50:20,I,01,영업,20,0,0,0,,,,0,,2020-08-04 17:41:05,2016-09-12,20.00,135-910,서울특별시 강남구 역삼동 642-16 성지하이츠Ⅱ,N,,3220000-113-2016-00061,,3220000,"서울특별시 강남구 테헤란로 147, 성지하이츠Ⅱ 15층 1513-2호 (역삼동)",06132,01,영업/정상,유통전문판매업,1577-9699,,,
,자가,명문제약(주),유통전문판매업,,202850.237359587,442909.853395876,2026-05-03 22:50:20,I,01,영업,289.65,,,,,,,,,2021-04-29 09:18:26,2016-10-14,289.65,135-860,서울특별시 강남구 도곡동 946-18,N,,3220000-113-2016-00065,,3220000,"서울특별시 강남구 강남대로54길 7, 4층 401호 (도곡동, 명문빌딩)",06258,01,영업/정상,유통전문판매업,02-6711-2021,,,
,자가,양향자미식테이블,유통전문판매업,,203390.344768007,443232.788613682,2026-05-03 22:50:20,I,01,영업,0,,,,,,,,,2018-12-11 14:20:54,2016-11-08,17.28,135-857,서울특별시 강남구 도곡동 545-19,N,,3220000-113-2016-00069,,3220000,"서울특별시 강남구 논현로57길 24, 지하1층 (도곡동)",06261,01,영업/정상,유통전문판매업,02-511-1530,,,
,자가,그린하우스 이펙트,유통전문판매업,,204507.402513367,447050.211219202,2026-05-03 22:50:20,I,01,영업,10,,,,,,,,,2016-12-16 11:00:53,2016-12-16,10.00,135-957,서울특별시 강남구 청담동 126-18,N,,3220000-113-2016-00087,,3220000,"서울특별시 강남구 도산대로99길 11, 지하1층 (청담동)",06013,01,영업/정상,유통전문판매업,02-6052-8837,,,
,자가,(주)황금사과,유통전문판매업,,204447.56877258,442881.535240035,2026-05-03 22:50:20,I,01,영업,27.93,0,0,0,,,,0,,2019-11-07 14:12:01,2016-12-30,27.93,135-971,"서울특별시 강남구 도곡동 467-6 대림아크로빌, 대림아크로텔",N,,3220000-113-2016-00091,,3220000,"서울특별시 강남구 언주로30길 13, 1711호 (도곡동, 대림아크로빌, 대림아크로텔)",06292,01,영업/정상,유통전문판매업,02-566-9944,,,
,자가,주식회사 에이플네이처,유통전문판매업,,202288.681463985,446678.558383677,2026-05-03 22:50:20,I,01,영업,0,0,0,0,,,,0,,2025-01-20 11:24:36,2016-09-30,1.20,135-891,서울특별시 강남구 신사동 565-3,N,,3220000-113-2016-00094,,3220000,"서울특별시 강남구 논현로157길 15, 3층 313호 (신사동)",06032,01,영업/정상,유통전문판매업,,,,
,자가,구르메에프앤드비코리아(주),유통전문판매업,2025-12-17,203128.186220377,447331.433280718,2026-05-03 22:50:23,I,02,폐업,340.51,,,,,,,,,2025-12-17 16:43:13,2019-07-12,340.51,135-896,서울특별시 강남구 신사동 639-8,N,,3220000-113-2019-00107,,3220000,"서울특별시 강남구 언주로174길 27, 2층,3층 (신사동)",06017,03,폐업,유통전문판매업,070-4640-6012,,,
,자가,인터내셔널 티 컴퍼니,유통전문판매업,2026-01-06,204152.753011649,446969.58047879,2026-05-03 22:50:33,I,02,폐업,4,,,,,,,,,2026-01-06 16:57:32,2021-05-07,4.00,135-955,서울특별시 강남구 청담동 119-8,N,,3220000-113-2021-00090,,3220000,"서울특별시 강남구 압구정로79길 8, 4층 (청담동)",06011,03,폐업,유통전문판매업,,,,
,임대,주식회사 이오에스에프앤씨,유통전문판매업,2025-12-29,202724.214297488,445894.305854116,2026-05-03 22:50:43,I,02,폐업,2,,,,,,,,,2025-12-29 10:16:09,2022-05-06,2.00,135-818,서울특별시 강남구 논현동 86-5,N,,3220000-113-2022-00233,,3220000,"서울특별시 강남구 논현로132길 13, 4층 4611호 (논현동)",06052,03,폐업,유통전문판매업,,,,
,자가,주식회사 푸드바코드,유통전문판매업,2026-01-07,202994.883065546,447266.572303873,2026-05-03 22:50:28,I,02,폐업,95.1,,,,,,,,,2026-01-07 17:15:33,2019-01-22,95.10,135-896,서울특별시 강남구 신사동 636-14,N,,3220000-113-2019-00219,,3220000,"서울특별시 강남구 언주로172길 12, 5층 (신사동)",06017,03,폐업,유통전문판매업,02-792-2242,,,
,임대,일품진성,유통전문판매업,2025-12-29,204979.055998352,446545.97544971,2026-05-03 22:50:28,I,02,폐업,16.5,0,0,0,,,,0,,2025-12-29 08:35:23,2019-11-25,16.50,135-761,서울특별시 강남구 청담동 132-19 정화빌딩,N,,3220000-113-2019-00220,,3220000,"서울특별시 강남구 영동대로 708, 정화빌딩 지상5층 502호 (청담동)",06075,03,폐업,유통전문판매업,,,,
,자가,주식회사 밝은희망 청담,유통전문판매업,,204616.689378124,446928.436357824,2026-05-03 22:50:36,I,01,영업,0,,,,,,,,,2025-05-26 15:22:39,2021-10-14,171.93,135-952,서울특별시 강남구 청담동 53 542빌딩,N,,3220000-113-2021-00225,,3220000,"서울특별시 강남구 도산대로 542, 542빌딩 5층 (청담동)",06071,01,영업/정상,유통전문판매업,02-1522-5499,,,
,자가,주식회사 자트인사이트,유통전문판매업,,203393.175,443694.515,2026-05-03 22:50:36,I,01,영업,179,,,,,,,,,2023-07-21 16:21:45,2021-10-18,179.00,135-929,서울특별시 강남구 역삼동 790-8,N,,3220000-113-2021-00226,,3220000,"서울특별시 강남구 논현로 339, 지상4층 (역삼동)",06248,01,영업/정상,유통전문판매업,02-6204-1110,,,
,자가,닥터오라클,유통전문판매업,,203794.543081217,445478.143730705,2026-05-03 22:50:36,I,01,영업,51.46,,,,,,,,,2021-10-18 15:10:19,2021-10-18,51.46,135-867,서울특별시 강남구 삼성동 35-8 한일빌딩,N,,3220000-113-2021-00227,,3220000,"서울특별시 강남구 선릉로 612, 한일빌딩 지상4층 (삼성동)",06097,01,영업/정상,유통전문판매업,02-516-8979,,,
,자가,주식회사 벨라벨코스,유통전문판매업,,204842.620168646,445010.636361278,2026-05-03 22:50:36,I,01,영업,1.65,,,,,,,,,2021-10-18 15:45:56,2021-06-02,1.65,135-877,서울특별시 강남구 삼성동 144-19 제이에스타워,N,,3220000-113-2021-00228,,3220000,"서울특별시 강남구 테헤란로79길 6, 제이에스타워 지상4층 브이426호 (삼성동)",06158,01,영업/정상,유통전문판매업,,,,
,자가,주식회사 엠브레스,유통전문판매업,,203140.378880868,443986.681876915,2026-05-03 22:50:36,I,01,영업,4,,,,,,,,,2021-10-20 14:16:22,2021-10-20,4.00,135-924,서울특별시 강남구 역삼동 739-16 미드타운센터 역삼,N,,3220000-113-2021-00230,,3220000,"서울특별시 강남구 역삼로17길 51, 미드타운센터 역삼 지상5층 505호 (역삼동)",06237,01,영업/정상,유통전문판매업,,,,
,자가,(주)원오세븐,유통전문판매업,,204842.620168646,445010.636361278,2026-05-03 22:50:36,I,01,영업,1.65,,,,,,,,,2025-05-20 12:48:06,2021-10-20,1.65,135-877,서울특별시 강남구 삼성동 144-19 제이에스타워,N,,3220000-113-2021-00232,,3220000,"서울특별시 강남구 테헤란로79길 6, 제이에스타워 지상4층 브이448호 (삼성동)",06158,01,영업/정상,유통전문판매업,02-3453-0173,,,
,자가,위드헴프,유통전문판매업,,201812.63828808,446191.708915667,2026-05-03 22:50:36,I,01,영업,51.46,,,,,,,,,2021-10-21 14:00:30,2021-10-21,51.46,135-887,서울특별시 강남구 신사동 512-9 MG타워,N,,3220000-113-2021-00234,,3220000,"서울특별시 강남구 압구정로2길 60, MG타워 지상2층 203호 (신사동)",06035,01,영업/정상,유통전문판매업,,,,
,자가,청담씨디씨앤피(주),유통전문판매업,,204205.159093043,446605.033532586,2026-05-03 22:50:36,I,01,영업,184,,,,,,,,,2021-10-21 16:32:42,2021-10-21,184.00,135-949,서울특별시 강남구 청담동 9-7 예진빌딩,N,,3220000-113-2021-00235,,3220000,"서울특별시 강남구 삼성로 743, 예진빌딩 지상3층 (청담동)",06067,01,영업/정상,유통전문판매업,02-543-1045,,,
,자가,다미,유통전문판매업,,202358.505687227,447232.955697694,2026-05-03 22:50:36,I,01,영업,3.3,,,,,,,,,2021-10-25 11:46:56,2021-10-25,3.30,135-724,서울특별시 강남구 압구정동 429 현대백화점본점,N,,3220000-113-2021-00237,,3220000,"서울특별시 강남구 압구정로 165, 현대백화점본점 지하1층 (압구정동)",06001,01,영업/정상,유통전문판매업,,,,
,자가,다미,유통전문판매업,,205210.358779172,445154.42225208,2026-05-03 22:50:36,I,01,영업,3.3,,,,,,,,,2021-10-25 11:51:31,2021-10-25,3.30,135-730,서울특별시 강남구 삼성동 159-7 현대백화점,N,,3220000-113-2021-00238,,3220000,"서울특별시 강남구 테헤란로 517, 현대백화점 지하1층 (삼성동)",06164,01,영업/정상,유통전문판매업,,,,
,자가,(주)에그엠파이어,유통전문판매업,,202811.890531888,444103.760183634,2026-05-03 22:50:36,I,01,영업,3.4,,,,,,,,,2021-10-27 13:30:37,2021-10-27,3.40,135-933,서울특별시 강남구 역삼동 823-22 성곡빌딩,N,,3220000-113-2021-00241,,3220000,"서울특별시 강남구 테헤란로 128, 성곡빌딩 지상3층 318호 (역삼동)",06234,01,영업/정상,유통전문판매업,02-6956-3226,,,
,자가,(주)김영상회,유통전문판매업,,209055.480464368,442735.704146657,2026-05-03 22:50:36,I,01,영업,39.79,,,,,,,,,2021-10-29 14:46:00,2021-10-29,39.79,135-885,서울특별시 강남구 수서동 725 수서타워,N,,3220000-113-2021-00244,,3220000,"서울특별시 강남구 광평로56길 8-13, 수서타워 20층 2012호 (수서동)",06367,01,영업/정상,유통전문판매업,,,,
,자가,스푼디쉬,유통전문판매업,,202835.924249933,443051.27224413,2026-05-03 22:50:36,I,01,영업,21.59,,,,,,,,,2021-10-29 16:02:27,2021-10-29,21.59,135-860,서울특별시 강남구 도곡동 943-2 서한빌딩,N,,3220000-113-2021-00245,,3220000,"서울특별시 강남구 도곡로 112, 서한빌딩 지상2층 B7호 (도곡동)",06258,01,영업/정상,유통전문판매업,02-6080-1905,,,
,자가,주식회사 어반푸드랩,유통전문판매업,,202606.768916674,443750.512867559,2026-05-03 22:50:36,I,01,영업,12,,,,,,,,,2021-11-01 15:13:40,2021-11-01,12.00,135-935,서울특별시 강남구 역삼동 826-34 태양빌딩,N,,3220000-113-2021-00246,,3220000,"서울특별시 강남구 테헤란로4길 38-4, 태양빌딩 지하1층 (역삼동)",06241,01,영업/정상,유통전문판매업,,,,
,,(주)인성바이오 삼성동지점,유통전문판매업,,205689.250787897,445328.242322909,2026-05-03 22:50:36,I,01,영업,153.67,,,,,,,,,2021-11-03 11:40:28,2021-11-03,153.67,135-882,서울특별시 강남구 삼성동 169-25,N,,3220000-113-2021-00247,,3220000,"서울특별시 강남구 테헤란로103길 8-10, 지상3층 (삼성동)",06173,01,영업/정상,유통전문판매업,02-563-8509,,,
,자가,주식회사 마스터마인드코리아,유통전문판매업,,205271.275273064,445852.638814088,2026-05-03 22:50:36,I,01,영업,9.9,,,,,,,,,2021-11-10 11:14:36,2021-11-10,9.90,135-873,서울특별시 강남구 삼성동 107 삼성동 미켈란 107,N,,3220000-113-2021-00249,,3220000,"서울특별시 강남구 영동대로 602, 지상6층 602호-B22호 (삼성동, 삼성동 미켈란 107)",06083,01,영업/정상,유통전문판매업,,,,
,자가,마이마치컴퍼니,유통전문판매업,,201621.76711437,446540.474919442,2026-05-03 22:50:36,I,01,영업,41.4,,,,,,,,,2023-05-30 11:54:30,2021-11-12,41.40,135-887,서울특별시 강남구 신사동 505-7,N,,3220000-113-2021-00250,,3220000,"서울특별시 강남구 압구정로2길 6, 4층 406호 (신사동)",06027,01,영업/정상,유통전문판매업,,,,
,자가,스케줄코퍼레이션,유통전문판매업,,203496.541193407,446867.266993483,2026-05-03 22:50:43,I,01,영업,111.24,0,0,0,,,,0,,2023-04-12 15:03:16,2023-04-12,111.24,135-954,서울특별시 강남구 청담동 87,N,,3220000-113-2023-00061,,3220000,"서울특별시 강남구 선릉로152길 10, 4층 (청담동)",06014,01,영업/정상,유통전문판매업,02-548-0234,,,
,자가,고든램지레스토랑(주),유통전문판매업,,205210.358779172,445154.42225208,2026-05-03 22:50:43,I,01,영업,6.6,0,0,0,,,,0,,2024-04-05 16:05:59,2023-04-12,6.60,135-730,서울특별시 강남구 삼성동 159-7 현대백화점,N,,3220000-113-2023-00062,,3220000,"서울특별시 강남구 테헤란로 517, 현대백화점 지하1층 (삼성동)",06164,01,영업/정상,유통전문판매업,031-794-9821,,,
,임대,(주)골프존,유통전문판매업,,204760.329339082,446798.455908305,2026-05-03 22:50:43,I,01,영업,3646.26,,,,,,,,,2023-04-13 12:02:57,2023-04-13,"3,646.26",135-953,서울특별시 강남구 청담동 68-22,N,,3220000-113-2023-00063,,3220000,"서울특별시 강남구 영동대로 735, 10층~17층,19층 (청담동)",06072,01,영업/정상,유통전문판매업,070-8640-6491,,,
,자가,다미연구소,유통전문판매업,,209044.652571876,441272.313972925,2026-05-03 22:50:43,I,01,영업,25.69,,,,,,,,,2023-04-13 14:21:35,2023-04-13,25.69,135-200,서울특별시 강남구 자곡동 651 강남유탑유블레스,N,,3220000-113-2023-00064,,3220000,"서울특별시 강남구 자곡로 180, 강남유탑유블레스 비동 4층 409호 (자곡동)",06373,01,영업/정상,유통전문판매업,,,,
,자가,주식회사 케어엑스,유통전문판매업,,202070.164260035,446161.944463499,2026-05-03 22:50:43,I,01,영업,26.44,,,,,,,,,2025-11-26 15:38:50,2023-04-14,26.44,135-812,서울특별시 강남구 논현동 5-6 아이디병원,N,,3220000-113-2023-00066,,3220000,"서울특별시 강남구 도산대로 142, 아이디병원 지하1층 (논현동)",06039,01,영업/정상,유통전문판매업,02-3496-9213,,,
,자가,라이프서클 주식회사,유통전문판매업,,202975.045940135,444034.659792294,2026-05-03 22:50:43,I,01,영업,1.3,,,,,,,,,2025-06-13 10:11:25,2023-04-19,1.30,135-923,서울특별시 강남구 역삼동 735-36,N,,3220000-113-2023-00068,,3220000,"서울특별시 강남구 테헤란로20길 18, 지상2층 97호 (역삼동)",06235,01,영업/정상,유통전문판매업,,,,
,자가,오비맥주 주식회사,유통전문판매업,,205130.591678902,445590.096837802,2026-05-03 22:50:43,I,01,영업,2000,0,0,0,,,,0,,2023-04-19 15:40:26,2023-04-19,"2,000.00",135-090,서울특별시 강남구 삼성동 159 ASEM 및 한국종합무역센타단지,N,,3220000-113-2023-00069,,3220000,"서울특별시 강남구 영동대로 517, ASEM 및 한국종합무역센타단지 8층 (삼성동)",06164,01,영업/정상,유통전문판매업,02-2155-5008,,,
,자가,도토리생활건강 주식회사,유통전문판매업,,203118.12857079,446536.252846366,2026-05-03 22:50:43,I,01,영업,59.45,,,,,,,,,2024-12-31 14:59:57,2023-04-20,59.45,135-819,서울특별시 강남구 논현동 97-7 청호빌딩,N,,3220000-113-2023-00072,,3220000,"서울특별시 강남구 언주로148길 19, 청호빌딩 지상4층 401-2호 (논현동)",06054,01,영업/정상,유통전문판매업,,,,
,자가,엑소바이옴코리아(주),유통전문판매업,,204819.34560229,446662.792093523,2026-05-03 22:50:43,I,01,영업,0,0,0,0,,,,0,,2026-02-06 16:23:14,2023-04-20,51.58,135-953,서울특별시 강남구 청담동 68-19 리버뷰오피스텔,N,,3220000-113-2023-00073,,3220000,"서울특별시 강남구 영동대로 721, 리버뷰오피스텔 6층 601호 (청담동)",06072,01,영업/정상,유통전문판매업,02-1577-3392,,,
,자가,에프디에프 주식회사,유통전문판매업,,204748.541538653,444718.174638292,2026-05-03 22:50:43,I,01,영업,89.41,,,,,,,,,2023-04-21 14:35:33,2023-04-21,89.41,135-840,서울특별시 강남구 대치동 891-51 이노플레이(INNO Play),N,,3220000-113-2023-00076,,3220000,"서울특별시 강남구 삼성로85길 34, 이노플레이(INNO Play) 지상2층 (대치동)",06194,01,영업/정상,유통전문판매업,,,,
,자가,(주)현대백화점,유통전문판매업,,205430.675401509,445034.546016578,2026-05-03 22:50:43,I,01,영업,324,0,0,0,,,,0,,2023-04-24 11:13:22,2023-04-24,324.00,135-846,서울특별시 강남구 대치동 945-11 현대백화점 본사,N,,3220000-113-2023-00077,,3220000,"서울특별시 강남구 테헤란로98길 12, 현대백화점 본사 8층 (대치동)",06181,01,영업/정상,유통전문판매업,,,,
,자가,김진호 푸드앤컬쳐,유통전문판매업,,205079.418138107,444869.834721154,2026-05-03 22:50:43,I,01,영업,3.3,,,,,,,,,2023-04-26 13:50:22,2023-04-26,3.30,135-845,서울특별시 강남구 대치동 942-15,N,,3220000-113-2023-00078,,3220000,"서울특별시 강남구 테헤란로82길 15, 8층 875호 (대치동)",06178,01,영업/정상,유통전문판매업,,,,
,자가,웰링바이컬링,유통전문판매업,,202632.445261107,444024.960364014,2026-05-03 22:50:43,I,01,영업,8.26,,,,,,,,,2023-04-28 15:43:22,2023-04-28,8.26,135-934,서울특별시 강남구 역삼동 824-19 동경빌딩,N,,3220000-113-2023-00081,,3220000,"서울특별시 강남구 테헤란로 116, 동경빌딩 10층 H1069호 (역삼동)",06233,01,영업/정상,유통전문판매업,,,,
,자가,(주)리암스,유통전문판매업,,203321.997982119,446898.525066852,2026-05-03 22:50:43,I,01,영업,16.5,,,,,,,,,2023-05-08 17:12:58,2023-05-08,16.50,135-897,서울특별시 강남구 신사동 654-8,N,,3220000-113-2023-00083,,3220000,"서울특별시 강남구 도산대로53길 17, 지상2층 (신사동)",06019,01,영업/정상,유통전문판매업,,,,
,자가,닥터블릿헬스케어 주식회사,유통전문판매업,,204748.541538653,444718.174638292,2026-05-03 22:50:44,I,01,영업,72.8,,,,,,,,,2025-11-04 08:24:39,2023-03-06,72.80,135-840,서울특별시 강남구 대치동 891-51 이노플레이(INNO Play),N,,3220000-113-2023-00084,,3220000,"서울특별시 강남구 삼성로85길 34, 이노플레이(INNO Play) 3층 (대치동)",06194,01,영업/정상,유통전문판매업,,,,
,자가,(주)제이치컴퍼니,유통전문판매업,,205271.275273064,445852.638814088,2026-05-03 22:50:44,I,01,영업,1.65,,,,,,,,,2024-04-26 17:54:02,2023-05-10,1.65,135-873,서울특별시 강남구 삼성동 107 삼성동 미켈란 107,N,,3220000-113-2023-00085,,3220000,"서울특별시 강남구 영동대로 602, 6층 H104호 (삼성동, 삼성동 미켈란 107)",06083,01,영업/정상,유통전문판매업,,,,
,자가,꽃과나무(Flower tree),유통전문판매업,,205103.06102945,444879.403137903,2026-05-03 22:50:21,I,01,영업,171.9,,,,,,,,,2018-03-28 11:14:15,2018-03-28,171.90,135-845,서울특별시 강남구 대치동 942-18 세풍빌딩,N,,3220000-113-2018-00024,,3220000,"서울특별시 강남구 테헤란로84길 16, 세풍빌딩 지상12층 (대치동)",06178,01,영업/정상,유통전문판매업,02-3390-8982,,,
,자가,좋은현상,유통전문판매업,,202494.424667244,445821.05883258,2026-05-03 22:50:21,I,01,영업,66,,,,,,,,,2018-04-02 13:49:47,2018-04-24,66.00,135-815,서울특별시 강남구 논현동 37-1,N,,3220000-113-2018-00026,,3220000,"서울특별시 강남구 학동로25길 14, 지상2층 202호 (논현동)",06046,01,영업/정상,유통전문판매업,02-6212-1006,,,
,자가,주식회사 엔바이탈,유통전문판매업,,203090.626693466,445882.278020751,2026-05-03 22:50:21,I,01,영업,20,,,,,,,,,2022-04-27 11:15:36,2018-04-10,20.00,135-830,서울특별시 강남구 논현동 238 쿠쿠빌딩,N,,3220000-113-2018-00033,,3220000,"서울특별시 강남구 언주로 652, 쿠쿠빌딩 3층 (논현동)",06098,01,영업/정상,유통전문판매업,02-514-2115,,,
,자가,(주)아비콘헬스케어,유통전문판매업,,204671.159363031,444985.873119757,2026-05-03 22:50:21,I,01,영업,121.92,,,,,,,,,2020-06-05 16:01:52,2018-04-11,121.92,135-877,서울특별시 강남구 삼성동 143-12,N,,3220000-113-2018-00034,,3220000,"서울특별시 강남구 테헤란로77길 11-10, 지상10층 (삼성동)",06159,01,영업/정상,유통전문판매업,02-569-7730,,,
,임대,(주)미자언니에프엔디,유통전문판매업,,203428.440123191,443493.907416219,2026-05-03 22:50:21,I,01,영업,20.59,,,,,,,,,2025-04-01 11:27:46,2018-04-17,20.59,135-930,서울특별시 강남구 역삼동 797-24,N,,3220000-113-2018-00036,,3220000,"서울특별시 강남구 도곡로23길 20, 지하1층 (역삼동)",06257,01,영업/정상,유통전문판매업,02-552-8268,,,상수도전용
,자가,주식회사 더블씨컴퍼니,유통전문판매업,,204384.977690753,445523.738754815,2026-05-03 22:50:21,I,01,영업,9,,,,,,,,,2024-03-27 15:15:41,2018-04-20,9.00,135-509,서울특별시 강남구 삼성동 115-28 세림타워,N,,3220000-113-2018-00038,,3220000,"서울특별시 강남구 봉은사로 462, 세림타워 12층 (삼성동)",06154,01,영업/정상,유통전문판매업,02-6713-0215,,,
,임대,입속행복,유통전문판매업,,202044.934635535,445165.851258667,2026-05-03 22:50:21,I,01,영업,45,,,,,,,,,2018-04-24 11:42:57,2018-04-24,45.00,135-825,서울특별시 강남구 논현동 163-22,N,,3220000-113-2018-00040,,3220000,"서울특별시 강남구 학동로4길 42, 지상1층 (논현동)",06114,01,영업/정상,유통전문판매업,02-501-5737,,,
,임대,곡물나라,유통전문판매업,,205201.530581121,444496.422473998,2026-05-03 22:50:21,I,01,영업,40,,,,,,,,,2018-04-27 14:10:46,2018-04-27,40.00,135-847,서울특별시 강남구 대치동 961-16,N,,3220000-113-2018-00041,,3220000,"서울특별시 강남구 삼성로72길 5, 지상3층 (대치동)",06186,01,영업/정상,유통전문판매업,05714855,,,
,자가,백다인F&C,유통전문판매업,,204758.655655251,443958.224612785,2026-05-03 22:50:21,I,01,영업,5.78,,,,,,,,,2018-05-01 11:19:29,2018-05-01,5.78,135-998,서울특별시 강남구 대치동 935-36 신농플라자,N,,3220000-113-2018-00043,,3220000,"서울특별시 강남구 도곡로63길 12, 신농플라자 지상2층 202호 (대치동)",06207,01,영업/정상,유통전문판매업,,,,
,자가,(주)비넨폴크,유통전문판매업,,203132.433383526,443664.142568725,2026-05-03 22:50:22,I,01,영업,5,,,,,,,,,2024-01-08 15:31:07,2018-05-14,5.00,135-925,서울특별시 강남구 역삼동 748-15 중평빌딩,N,,3220000-113-2018-00051,,3220000,"서울특별시 강남구 역삼로 157, 중평빌딩 지상6층 (역삼동)",06246,01,영업/정상,유통전문판매업,02-512-1005,,,
,자가,움컴퍼니,유통전문판매업,,203588.048190661,446183.368328818,2026-05-03 22:50:22,I,01,영업,4.95,,,,,,,,,2021-05-04 13:46:55,2018-05-25,4.95,135-764,서울특별시 강남구 청담동 41 청담빌딩,N,,3220000-113-2018-00056,,3220000,"서울특별시 강남구 선릉로 704, 청담빌딩 10층 436호 (청담동)",06069,01,영업/정상,유통전문판매업,050-9958-0032,,,
,임대,주식회사 페이스블랑,유통전문판매업,,203893.555630263,446726.005165867,2026-05-03 22:50:22,I,01,영업,0,0,0,0,,,,0,,2022-07-14 17:48:17,2018-05-28,102.50,135-949,서울특별시 강남구 청담동 17-1,N,,3220000-113-2018-00057,,3220000,"서울특별시 강남구 도산대로68길 13, 지상3층 (청담동)",06064,01,영업/정상,유통전문판매업,02-6954-1664,,,
,자가,티컬렉티브,유통전문판매업,,205271.275273064,445852.638814088,2026-05-03 22:50:22,I,01,영업,1.65,,,,,,,,,2020-12-17 18:02:16,2018-05-29,1.65,135-873,서울특별시 강남구 삼성동 107 삼성동 미켈란 107,N,,3220000-113-2018-00058,,3220000,"서울특별시 강남구 영동대로 602, 6층 F138호 (삼성동, 삼성동 미켈란 107)",06083,01,영업/정상,유통전문판매업,02-3443-2259,,,
,자가,데콤포,유통전문판매업,,204615.364777705,444884.394551474,2026-05-03 22:50:22,I,01,영업,10,,,,,,,,,2021-12-28 09:35:04,2018-06-08,10.00,135-877,서울특별시 강남구 삼성동 143-37 현대타워,N,,3220000-113-2018-00062,,3220000,"서울특별시 강남구 테헤란로 423, 지상2층 2359호 (삼성동, 현대타워)",06159,01,영업/정상,유통전문판매업,,,,
,자가,제이제이유케이,유통전문판매업,,205271.275273064,445852.638814088,2026-05-03 22:50:22,I,01,영업,1.65,,,,,,,,,2023-06-26 17:00:12,2018-06-08,1.65,135-873,서울특별시 강남구 삼성동 107 삼성동 미켈란 107,N,,3220000-113-2018-00064,,3220000,"서울특별시 강남구 영동대로 602, 지상6층 n112호 (삼성동, 삼성동 미켈란 107)",06083,01,영업/정상,유통전문판매업,,,,
,자가,주식회사 김남주바이오,유통전문판매업,,202796.411386489,445280.258177923,2026-05-03 22:50:22,I,01,영업,50.33,,,,,,,,,2019-10-15 18:32:22,2018-06-18,50.33,135-826,서울특별시 강남구 논현동 175-13 파낙스빌딩,N,,3220000-113-2018-00067,,3220000,"서울특별시 강남구 논현로 629, 파낙스빌딩 3층 (논현동)",06117,01,영업/정상,유통전문판매업,,,,
,임대,차가블랙,유통전문판매업,,204652.111034177,445353.174360925,2026-05-03 22:50:22,I,01,영업,10,,,,,,,,,2018-07-05 15:09:51,2018-07-05,10.00,135-509,서울특별시 강남구 삼성동 121-38 신도브래뉴주상복합,N,,3220000-113-2018-00074,,3220000,"서울특별시 강남구 삼성로103길 12, 지하1층 B101호 (삼성동, 신도브래뉴주상복합)",06155,01,영업/정상,유통전문판매업,,,,
,자가,(주)에스크루,유통전문판매업,,202681.330745918,443931.009857568,2026-05-03 22:50:28,I,01,영업,38.96,,,,,,,,,2025-09-02 17:44:45,2020-07-06,38.96,135-541,서울특별시 강남구 역삼동 824-25 대우디오빌플러스,N,,3220000-113-2020-00141,,3220000,"서울특별시 강남구 강남대로84길 33, 대우디오빌플러스 11층 1132호 (역삼동)",06233,01,영업/정상,유통전문판매업,,,,
,자가,(주)우루루,유통전문판매업,2026-04-24,202793.399854694,446634.523827808,2026-05-03 22:50:28,I,02,폐업,59.98,,,,,,,,,2026-04-24 15:26:28,2020-07-06,59.98,135-895,서울특별시 강남구 신사동 629-12,N,,3220000-113-2020-00142,,3220000,"서울특별시 강남구 언주로151길 11, 지상2층 (신사동)",06026,03,폐업,유통전문판매업,02-6207-2890,,,
,자가,주식회사 고릴라에프앤디,유통전문판매업,,203371.703620714,446566.223672324,2026-05-03 22:50:28,I,01,영업,68.64,,,,,,,,,2022-07-26 11:12:24,2020-07-07,68.64,135-820,서울특별시 강남구 논현동 101,N,,3220000-113-2020-00144,,3220000,"서울특별시 강남구 선릉로145길 7, 지상6층 (논현동)",06056,01,영업/정상,유통전문판매업,02-544-2472,,,
,자가,주식회사 지구당,유통전문판매업,,203004.766681742,445822.606853521,2026-05-03 22:50:28,I,01,영업,3,,,,,,,,,2025-12-29 14:00:49,2020-07-08,3.00,135-996,서울특별시 강남구 논현동 210-3 SH빌딩,N,,3220000-113-2020-00146,,3220000,"서울특별시 강남구 언주로129길 6, SH빌딩 5층 502-42호 (논현동)",06104,01,영업/정상,유통전문판매업,02-6203-8894,,,
,자가,주식회사 우제아이엠,유통전문판매업,,204734.399313206,444359.892023311,2026-05-03 22:50:28,I,01,영업,174.86,,,,,,,,,2020-07-09 09:38:24,2020-07-09,174.86,135-841,서울특별시 강남구 대치동 910-2 쌔씨존,N,,3220000-113-2020-00147,,3220000,"서울특별시 강남구 역삼로 432, 쌔씨존 4층 403,404호 (대치동)",06200,01,영업/정상,유통전문판매업,,,,
,자가,이니스트팜(주),유통전문판매업,,209052.072465426,442797.138150563,2026-05-03 22:50:28,I,01,영업,39.55,,,,,,,,,2020-07-09 15:16:50,2020-07-09,39.55,135-744,서울특별시 강남구 수서동 724 로즈데일오피스텔,N,,3220000-113-2020-00148,,3220000,"서울특별시 강남구 광평로 280, 로즈데일오피스텔 1429호 (수서동)",06367,01,영업/정상,유통전문판매업,02-2057-3981,,,
,자가,(주)네이처프롬,유통전문판매업,,204056.199691995,443750.88453048,2026-05-03 22:50:29,I,01,영업,10,,,,,,,,,2020-07-17 16:46:26,2020-07-17,10.00,135-927,서울특별시 강남구 역삼동 761-18 강남프라자,N,,3220000-113-2020-00154,,3220000,"서울특별시 강남구 언주로 314, 강남프라자 3층 305호 (역삼동)",06219,01,영업/정상,유통전문판매업,070-8693-2712,,,
,자가,주식회사 뷰티셀렉션,유통전문판매업,,204531.165838312,446740.352978196,2026-05-03 22:50:29,I,01,영업,207.7,0,0,0,,,,0,,2024-08-21 15:41:41,2020-07-22,207.70,135-952,서울특별시 강남구 청담동 59-10,N,,3220000-113-2020-00155,,3220000,"서울특별시 강남구 도산대로100길 22-5, 지하1층, 지상1층 (청담동)",06071,01,영업/정상,유통전문판매업,,,,
,자가,주식회사 56익스프레스,유통전문판매업,,202759.552509435,445935.484116903,2026-05-03 22:50:29,I,01,영업,15,,,,,,,,,2023-05-08 12:14:35,2020-07-23,15.00,135-818,서울특별시 강남구 논현동 82-17 벤쳐캐슬빌딩,N,,3220000-113-2020-00156,,3220000,"서울특별시 강남구 학동로31길 12, 벤쳐캐슬빌딩 7층 에이704호 (논현동)",06052,01,영업/정상,유통전문판매업,,,,
,자가,삼희솔루션 주식회사,유통전문판매업,,202697.889999999,443335.355,2026-05-03 22:50:29,I,01,영업,110,,,,,,,,,2020-07-24 14:49:31,2020-07-24,110.00,135-936,서울특별시 강남구 역삼동 832-12,N,,3220000-113-2020-00157,,3220000,"서울특별시 강남구 역삼로2길 16, 401호 (역삼동)",06252,01,영업/정상,유통전문판매업,02-6205-3232,,,
,자가,(주)쉬즈파트너스,유통전문판매업,,204463.672145739,442729.65855854,2026-05-03 22:50:29,I,01,영업,30.59,,,,,,,,,2025-04-21 15:49:15,2020-07-27,30.59,135-856,서울특별시 강남구 도곡동 467-23 인스토피아,N,,3220000-113-2020-00158,,3220000,"서울특별시 강남구 언주로 120, 인스토피아 10층 1010호 (도곡동)",06295,01,영업/정상,유통전문판매업,02-6956-3435,,,
,자가,(주)참인포텍,유통전문판매업,,203607.068430001,445315.578728921,2026-05-03 22:50:29,I,01,영업,278.83,0,0,0,,,,0,,2024-02-28 16:11:13,2020-07-28,278.83,135-529,서울특별시 강남구 논현동 277-20 아모제논현빌딩,N,,3220000-113-2020-00160,,3220000,"서울특별시 강남구 봉은사로 317, 아모제논현빌딩 8층 801호 (논현동)",06103,01,영업/정상,유통전문판매업,02-571-1955,,,
,자가,로그싱크,유통전문판매업,,203991.742638591,445376.743631329,2026-05-03 22:50:29,I,01,영업,0,,,,,,,,,2024-11-20 16:29:33,2020-08-04,33.66,135-874,서울특별시 강남구 삼성동 113 HS타워(에이치에스타워),N,,3220000-113-2020-00162,,3220000,"서울특별시 강남구 봉은사로 418, HS타워(에이치에스타워) 5층 516호 517호 531호 (삼성동)",06153,01,영업/정상,유통전문판매업,02-568-0877,,,
,자가,유한회사 유닛11,유통전문판매업,,205611.579905873,445395.50794402,2026-05-03 22:50:29,I,01,영업,27.7,,,,,,,,,2020-12-03 14:54:08,2020-08-05,27.70,135-882,서울특별시 강남구 삼성동 169 대화빌딩,N,,3220000-113-2020-00163,,3220000,"서울특별시 강남구 영동대로96길 20, 대화빌딩 4층 (삼성동)",06173,01,영업/정상,유통전문판매업,,,,
,자가,한국청정음료(주),유통전문판매업,,204618.979061851,442941.362378204,2026-05-03 22:50:29,I,01,영업,993.79,,,,,,,,,2024-05-31 15:57:44,2020-08-11,993.79,135-856,서울특별시 강남구 도곡동 467-14 린스퀘어,N,,3220000-113-2020-00164,,3220000,"서울특별시 강남구 언주로30길 39, 린스퀘어 15층 (도곡동)",06292,01,영업/정상,유통전문판매업,02-526-9800,,,
,자가,(주)루크코리아투어,유통전문판매업,,202396.894674836,446141.402255715,2026-05-03 22:50:29,I,01,영업,181.23,,,,,,,,,2020-08-14 13:09:31,2020-08-14,181.23,135-815,서울특별시 강남구 논현동 32-4 논현 힐스빌 5차,N,,3220000-113-2020-00165,,3220000,"서울특별시 강남구 논현로145길 11, 1층 102호 (논현동, 논현 힐스빌 5차)",06041,01,영업/정상,유통전문판매업,070-4066-5508,,,
,임대,(주)성승,유통전문판매업,,204279.15,444942.315,2026-05-03 22:50:29,I,01,영업,82.08,0,0,0,,,,0,,2022-08-10 16:12:05,2020-06-22,82.08,135-875,서울특별시 강남구 삼성동 140-38,N,,3220000-113-2020-00166,,3220000,"서울특별시 강남구 선릉로96길 5-14, 지상1층 (삼성동)",06161,01,영업/정상,유통전문판매업,02-441-2230,,,
,자가,에이치엘비생활건강 주식회사,유통전문판매업,,202711.572138227,445670.22681063,2026-05-03 22:50:36,I,01,영업,170,,,,,,,,,2026-02-20 11:11:05,2021-11-12,170.00,135-829,서울특별시 강남구 논현동 215 헤리츠타워,N,,3220000-113-2021-00251,,3220000,"서울특별시 강남구 논현로 662, 헤리츠타워 2층 (논현동)",06105,01,영업/정상,유통전문판매업,02-2140-7331,,,
,자가,(주)설레임에이치앤비,유통전문판매업,,203107.097549429,444342.472620857,2026-05-03 22:50:36,I,01,영업,3.3,,,,,,,,,2021-11-17 13:13:01,2021-11-17,3.30,135-910,서울특별시 강남구 역삼동 642-3 석암빌딩,N,,3220000-113-2021-00255,,3220000,"서울특별시 강남구 테헤란로25길 6-9, 석암빌딩 5층 554호 (역삼동)",06132,01,영업/정상,유통전문판매업,02-565-2025,,,
,,베지패밀리,유통전문판매업,,205271.275273064,445852.638814088,2026-05-03 22:50:36,I,01,영업,1.65,,,,,,,,,2021-11-17 16:35:21,2021-09-09,1.65,135-873,서울특별시 강남구 삼성동 107 삼성동 미켈란 107,N,,3220000-113-2021-00256,,3220000,"서울특별시 강남구 영동대로 602, 6층 A56호 (삼성동, 삼성동 미켈란 107)",06083,01,영업/정상,유통전문판매업,,,,
,자가,더풀문 주식회사,유통전문판매업,,202795.700216304,446329.221656682,2026-05-03 22:50:36,I,01,영업,147.07,,,,,,,,,2025-12-24 16:02:55,2021-11-18,147.07,135-816,서울특별시 강남구 논현동 68-22,N,,3220000-113-2021-00258,,3220000,"서울특별시 강남구 도산대로38길 24, 3층 (논현동)",06049,01,영업/정상,유통전문판매업,,,,
,자가,달라 디저트,유통전문판매업,,203607.068430001,445315.578728921,2026-05-03 22:50:36,I,01,영업,4,,,,,,,,,2021-11-24 17:31:21,2021-11-24,4.00,135-529,서울특별시 강남구 논현동 277-20 아모제논현빌딩,N,,3220000-113-2021-00262,,3220000,"서울특별시 강남구 봉은사로 317, 아모제논현빌딩 지상2층 2214호 (논현동)",06103,01,영업/정상,유통전문판매업,,,,
,자가,(주)엠피앤비,유통전문판매업,,204197.395,444564.045,2026-05-03 22:50:36,I,01,영업,25,,,,,,,,,2022-12-02 10:33:32,2021-11-30,25.00,135-919,서울특별시 강남구 역삼동 708-22,N,,3220000-113-2021-00263,,3220000,"서울특별시 강남구 선릉로89길 13, 7층 727호 (역삼동)",06212,01,영업/정상,유통전문판매업,02-568-8801,,,
,자가,케이푸드월드,유통전문판매업,,204734.621582483,445348.684039972,2026-05-03 22:50:36,I,01,영업,33,,,,,,,,,2021-12-03 17:21:34,2021-12-03,33.00,135-875,서울특별시 강남구 삼성동 127-13 Bk-Tower,N,,3220000-113-2021-00266,,3220000,"서울특별시 강남구 삼성로 547, Bk-Tower 6층 601호 (삼성동)",06156,01,영업/정상,유통전문판매업,1644-3836,,,
,자가,(주)나투어바이오제약,유통전문판매업,,202520.618826739,443705.648259719,2026-05-03 22:50:36,I,01,영업,7,,,,,,,,,2021-12-06 13:43:43,2021-12-06,7.00,135-935,서울특별시 강남구 역삼동 826-21 미왕빌딩,N,,3220000-113-2021-00267,,3220000,"서울특별시 강남구 강남대로 364, 미왕빌딩 지상12층 1217호 (역삼동)",06241,01,영업/정상,유통전문판매업,,,,
,자가,(주)허닭프렌즈,유통전문판매업,,209052.072465426,442797.138150563,2026-05-03 22:50:36,I,01,영업,117.43,0,0,0,,,,0,,2026-01-14 14:31:02,2021-12-06,117.43,135-744,서울특별시 강남구 수서동 724 로즈데일오피스텔,N,,3220000-113-2021-00268,,3220000,"서울특별시 강남구 광평로 280, 로즈데일오피스텔 지상10층 (수서동)",06367,01,영업/정상,유통전문판매업,02-1661-1355,,,
,자가,엘크로코리아(주),유통전문판매업,,202373.172764981,446654.43883576,2026-05-03 22:50:36,I,01,영업,40.6,,,,,,,,,2021-12-07 10:07:10,2021-12-07,40.60,135-892,서울특별시 강남구 신사동 585-5,N,,3220000-113-2021-00269,,3220000,"서울특별시 강남구 논현로155길 6, 다동 지상3층 304호 (신사동)",06032,01,영업/정상,유통전문판매업,,,,
,자가,주식회사 인생2막,유통전문판매업,,204432.46,444839.755,2026-05-03 22:50:36,I,01,영업,4,,,,,,,,,2021-12-07 10:38:52,2021-12-07,4.00,135-876,서울특별시 강남구 삼성동 142-34,N,,3220000-113-2021-00270,,3220000,"서울특별시 강남구 선릉로92길 28, 지상4층 4173호 (삼성동)",06160,01,영업/정상,유통전문판매업,,,,
,자가,카페로24,유통전문판매업,,204311.662147425,444767.559234168,2026-05-03 22:50:36,I,01,영업,40,0,0,0,,,,0,,2024-02-27 13:19:44,2021-12-08,40.00,135-876,서울특별시 강남구 삼성동 141-33 리치타워,N,,3220000-113-2021-00272,,3220000,"서울특별시 강남구 테헤란로 403, 리치타워 10층 1005호 (삼성동)",06162,01,영업/정상,유통전문판매업,,,,
,자가,(주)커피플랜트,유통전문판매업,,203069.531353812,442658.01202502,2026-05-03 22:50:36,I,01,영업,9,,,,,,,,,2021-12-09 16:27:07,2021-12-09,9.00,135-860,서울특별시 강남구 도곡동 954-24,N,,3220000-113-2021-00274,,3220000,"서울특별시 강남구 강남대로44길 22, 지상1층 (도곡동)",06267,01,영업/정상,유통전문판매업,,,,
,자가,(주)이즈굿,유통전문판매업,,203371.703620714,446566.223672324,2026-05-03 22:50:36,I,01,영업,25,,,,,,,,,2021-12-14 15:56:41,2021-12-14,25.00,135-820,서울특별시 강남구 논현동 101,N,,3220000-113-2021-00277,,3220000,"서울특별시 강남구 선릉로145길 7, 지상2층 (논현동)",06056,01,영업/정상,유통전문판매업,02-6925-5191,,,
,자가,뜸들이다,유통전문판매업,,202309.08215143,446951.990133931,2026-05-03 22:50:36,I,01,영업,16.5,,,,,,,,,2024-01-16 18:14:40,2021-12-14,16.50,135-891,서울특별시 강남구 신사동 576-10,N,,3220000-113-2021-00278,,3220000,"서울특별시 강남구 논현로167길 16, 지상2층 202호 (신사동)",06030,01,영업/정상,유통전문판매업,,,,
,자가,에스디큐어 주식회사,유통전문판매업,,205401.146739192,445724.810086973,2026-05-03 22:50:36,I,01,영업,10,,,,,,,,,2021-12-17 14:44:25,2021-12-17,10.00,135-881,서울특별시 강남구 삼성동 160-21 동화빌딩,N,,3220000-113-2021-00279,,3220000,"서울특별시 강남구 봉은사로104길 10, 동화빌딩 지상2층 (삼성동)",06170,01,영업/정상,유통전문판매업,,,,
,자가,(주)힐리빙,유통전문판매업,,203628.379145993,444413.806440695,2026-05-03 22:50:36,I,01,영업,264.3,,,,,,,,,2023-05-09 10:02:14,2021-12-20,264.30,135-920,서울특별시 강남구 역삼동 720-2 삼익 라비돌 빌딩,N,,3220000-113-2021-00280,,3220000,"서울특별시 강남구 테헤란로 234, 삼익 라비돌 빌딩 지상2층 (역삼동)",06221,01,영업/정상,유통전문판매업,02-423-2581,,,
,자가,주식회사 에브리데이즈코리아,유통전문판매업,,204303.970432605,445911.25390474,2026-05-03 22:50:44,I,01,영업,0,,,,,,,,,2025-05-02 10:55:59,2023-05-12,102.62,135-864,서울특별시 강남구 삼성동 25-4,N,,3220000-113-2023-00088,,3220000,"서울특별시 강남구 봉은사로73길 47, 3층 (삼성동)",06094,01,영업/정상,유통전문판매업,,,,
,자가,주식회사 허니플랜트,유통전문판매업,,203736.905004599,445476.298199996,2026-05-03 22:50:44,I,01,영업,255.77,,,,,,,,,2024-07-26 14:58:36,2023-05-22,255.77,135-833,서울특별시 강남구 논현동 268-11 진영빌딩,N,,3220000-113-2023-00092,,3220000,"서울특별시 강남구 선릉로 613, 진영빌딩 4층 (논현동)",06103,01,영업/정상,유통전문판매업,070-4680-7226,,,
,자가,주식회사 푸름웰니스,유통전문판매업,,202038.261241413,446030.057611998,2026-05-03 22:50:44,I,01,영업,36,,,,,,,,,2024-08-28 11:01:38,2023-05-22,36.00,135-811,서울특별시 강남구 논현동 12-3 명은빌딩,N,,3220000-113-2023-00093,,3220000,"서울특별시 강남구 논현로149길 67-7, 명은빌딩 4층 (논현동)",06039,01,영업/정상,유통전문판매업,,,,
,자가,(주)포모나,유통전문판매업,,203369.422927296,447066.772854997,2026-05-03 22:50:44,I,01,영업,100,,,,,,,,,2023-05-24 11:21:01,2023-05-24,100.00,135-897,서울특별시 강남구 신사동 657-37 신사동 C/K빌딩,N,,3220000-113-2023-00095,,3220000,"서울특별시 강남구 도산대로53길 39, 신사동 C/K빌딩 6층 (신사동)",06018,01,영업/정상,유통전문판매업,070-4352-4634,,,
,자가,주식회사 밀리온,유통전문판매업,,204751.53617578,445061.193217257,2026-05-03 22:50:44,I,01,영업,0,,,,,,,,,2025-03-10 11:03:04,2023-05-26,303.03,135-877,서울특별시 강남구 삼성동 144 천해빌딩,N,,3220000-113-2023-00098,,3220000,"서울특별시 강남구 삼성로95길 15, 천해빌딩 10층 (삼성동)",06158,01,영업/정상,유통전문판매업,070-4736-0985,,,
,자가,(주)코드벤처,유통전문판매업,,203294.070221994,446110.486714202,2026-05-03 22:50:44,I,01,영업,167.73,,,,,,,,,2023-05-30 11:21:48,2023-05-30,167.73,135-529,서울특별시 강남구 논현동 113-12 논현빌딩,N,,3220000-113-2023-00099,,3220000,"서울특별시 강남구 언주로134길 31, 지상2층 201호 (논현동)",06059,01,영업/정상,유통전문판매업,02-6952-8302,,,
,자가,농업회사법인 트루델 주식회사,유통전문판매업,,204447.56877258,442881.535240035,2026-05-03 22:50:44,I,01,영업,174.86,,,,,,,,,2023-05-30 12:06:43,2023-05-30,174.86,135-971,"서울특별시 강남구 도곡동 467-6 대림아크로빌, 대림아크로텔",N,,3220000-113-2023-00100,,3220000,"서울특별시 강남구 언주로30길 13, 14층 1402호 (도곡동, 대림아크로빌, 대림아크로텔)",06292,01,영업/정상,유통전문판매업,02-576-9812,,,
,자가,나인티밸런스,유통전문판매업,,202724.214297488,445894.305854116,2026-05-03 22:50:44,I,01,영업,2,,,,,,,,,2023-05-31 12:51:13,2023-05-31,2.00,135-818,서울특별시 강남구 논현동 86-5,N,,3220000-113-2023-00101,,3220000,"서울특별시 강남구 논현로132길 13, 4층 4211호 (논현동)",06052,01,영업/정상,유통전문판매업,,,,
,임대,주식회사 아난티 서울 제2지점,유통전문판매업,,202672.624040835,446002.693509338,2026-05-03 22:50:44,I,01,영업,12.41,,,,,,,,,2023-12-07 10:23:41,2023-05-31,12.41,135-995,서울특별시 강남구 논현동 79-3,N,,3220000-113-2023-00102,,3220000,"서울특별시 강남구 논현로136길 11, 지하1층 (논현동)",06051,01,영업/정상,유통전문판매업,02-6742-1593,,,
,자가,주식회사 스토리앤미디어,유통전문판매업,,203079.210578844,444795.263051389,2026-05-03 22:50:44,I,01,영업,599.69,,,,,,,,,2023-06-01 11:55:07,2023-06-01,599.69,135-913,서울특별시 강남구 역삼동 659-28,N,,3220000-113-2023-00104,,3220000,"서울특별시 강남구 봉은사로30길 34, 지상2층~6층 (역삼동)",06136,01,영업/정상,유통전문판매업,,,,
,자가,(주)아이피솔루션즈,유통전문판매업,,205769.78075105,445326.634975016,2026-05-03 22:50:44,I,01,영업,3.63,,,,,,,,,2023-06-02 11:50:03,2023-06-02,3.63,135-741,서울특별시 강남구 삼성동 170-9 덕명빌딩,N,,3220000-113-2023-00106,,3220000,"서울특별시 강남구 테헤란로 625, 덕명빌딩 17층 RA1748호 (삼성동)",06173,01,영업/정상,유통전문판매업,,,,
,임대,필살기,유통전문판매업,,205271.275273064,445852.638814088,2026-05-03 22:50:44,I,01,영업,1.65,,,,,,,,,2023-06-05 11:48:01,2023-06-05,1.65,135-873,서울특별시 강남구 삼성동 107 삼성동 미켈란 107,N,,3220000-113-2023-00108,,3220000,"서울특별시 강남구 영동대로 602, 지상6층 n237호 (삼성동, 삼성동 미켈란 107)",06083,01,영업/정상,유통전문판매업,,,,
,임대,(주)에이디엘홀딩스,유통전문판매업,,203588.048190661,446183.368328818,2026-05-03 22:50:44,I,01,영업,0,,,,,,,,,2025-11-13 12:47:13,2023-06-08,4.95,135-764,서울특별시 강남구 청담동 41 청담빌딩,N,,3220000-113-2023-00110,,3220000,"서울특별시 강남구 선릉로 704, 청담빌딩 10층 691호 (청담동)",06069,01,영업/정상,유통전문판매업,,,,
,자가,(주)고우인터내셔날,유통전문판매업,,204181.823243711,444950.728644939,2026-05-03 22:50:44,I,01,영업,45.49,0,0,0,,,,0,,2023-06-12 11:24:59,2023-06-12,45.49,135-875,서울특별시 강남구 삼성동 140-3 선릉대림아크로텔,N,,3220000-113-2023-00113,,3220000,"서울특별시 강남구 선릉로 524, 선릉대림아크로텔 6층 637호 (삼성동)",06161,01,영업/정상,유통전문판매업,02-558-6144,,,
,자가,주식회사 나무그림,유통전문판매업,,204691.655,444968.62,2026-05-03 22:50:44,I,01,영업,3.3,,,,,,,,,2023-06-13 09:55:46,2023-06-13,3.30,135-877,서울특별시 강남구 삼성동 143-24,N,,3220000-113-2023-00115,,3220000,"서울특별시 강남구 테헤란로77길 11-9, 7층 에이74호 (삼성동)",06159,01,영업/정상,유통전문판매업,,,,
,자가,풀리어트,유통전문판매업,,201934.216473152,446334.489138352,2026-05-03 22:50:44,I,01,영업,10,,,,,,,,,2023-06-14 10:31:40,2023-06-14,10.00,135-889,서울특별시 강남구 신사동 535-11,N,,3220000-113-2023-00117,,3220000,"서울특별시 강남구 강남대로156길 47, 3층 (신사동)",06034,01,영업/정상,유통전문판매업,,,,
,자가,라무르,유통전문판매업,,203607.068430001,445315.578728921,2026-05-03 22:50:44,I,01,영업,4,,,,,,,,,2024-10-08 12:41:42,2023-06-14,4.00,135-529,서울특별시 강남구 논현동 277-20 아모제논현빌딩,N,,3220000-113-2023-00118,,3220000,"서울특별시 강남구 봉은사로 317, 아모제논현빌딩 2층 2329호 (논현동)",06103,01,영업/정상,유통전문판매업,,,,
,자가,(주)메디톡스,유통전문판매업,,205799.523483792,445229.183382215,2026-05-03 22:50:22,I,01,영업,27.1,,,,,,,,,2018-07-11 16:17:45,2018-07-11,27.10,135-502,서울특별시 강남구 대치동 997-4 메디톡스빌딩,N,,3220000-113-2018-00077,,3220000,"서울특별시 강남구 테헤란로 626, 메디톡스빌딩 8층 (대치동)",06175,01,영업/정상,유통전문판매업,02-6901-5833,,,
,임대,(주)퓨라토스코리아,유통전문판매업,,203619.737329962,445879.859319977,2026-05-03 22:50:22,I,01,영업,734.82,,,,,,,,,2026-04-09 15:06:26,2018-07-25,734.82,135-830,서울특별시 강남구 논현동 242-51,N,,3220000-113-2018-00082,,3220000,"서울특별시 강남구 선릉로 655, 11층,12층,13층 (논현동)",06099,01,영업/정상,유통전문판매업,02-554-3293,,,
,자가,엠에이치파트너스,유통전문판매업,,201944.107584542,445918.252062802,2026-05-03 22:50:22,I,01,영업,18.38,,,,,,,,,2018-07-31 16:34:35,2018-07-31,18.38,135-811,서울특별시 강남구 논현동 15-11,N,,3220000-113-2018-00084,,3220000,"서울특별시 강남구 강남대로146길 33, 지상2층 (논현동)",06039,01,영업/정상,유통전문판매업,,,,
,자가,(주)플레이버키친,유통전문판매업,,205034.076582582,445158.763300998,2026-05-03 22:50:22,I,01,영업,3.3,0,0,0,,,,0,,2020-05-28 16:59:57,2018-08-06,3.30,135-880,서울특별시 강남구 삼성동 158-25 매직킹덤빌딩,N,,3220000-113-2018-00086,,3220000,"서울특별시 강남구 테헤란로83길 18, 매직킹덤빌딩 지상10층 1002-5호 (삼성동)",06169,01,영업/정상,유통전문판매업,02-1670-8552,,,
,임대,주식회사 윙잇,유통전문판매업,,204615.364777705,444884.394551474,2026-05-03 22:50:22,I,01,영업,5,,,,,,,,,2024-02-13 10:54:51,2018-02-07,5.00,135-877,서울특별시 강남구 삼성동 143-37 현대타워,N,,3220000-113-2018-00091,,3220000,"서울특별시 강남구 테헤란로 423, 9층 9493호 (삼성동, 현대타워)",06159,01,영업/정상,유통전문판매업,,,,
,자가,주식회사 와이엠커뮤니케이션즈,유통전문판매업,,202066.694352243,445103.804376992,2026-05-03 22:50:22,I,01,영업,0,,,,,,,,,2020-03-23 11:24:52,2018-08-31,53.50,135-825,서울특별시 강남구 논현동 163-17 상당빌딩,N,,3220000-113-2018-00092,,3220000,"서울특별시 강남구 강남대로122길 15, 상당빌딩 5층 (논현동)",06114,01,영업/정상,유통전문판매업,,,,
,자가,(주)뷰티라이프헬스케어,유통전문판매업,,203253.726246178,443777.360830763,2026-05-03 22:50:22,I,01,영업,10,,,,,,,,,2018-08-31 12:42:18,2018-08-31,10.00,135-925,서울특별시 강남구 역삼동 747-9 역삼동 수양빌딩 지상5층 502호,N,,3220000-113-2018-00093,,3220000,"서울특별시 강남구 논현로75길 15, 역삼동 수양빌딩 지상5층 502호 (역삼동)",06247,01,영업/정상,유통전문판매업,,,,
,자가,주식회사 뉴본월드,유통전문판매업,,203336.595,444409.025,2026-05-03 22:50:22,I,01,영업,93.17,,,,,,,,,2025-12-29 10:03:34,2018-09-06,93.17,135-915,서울특별시 강남구 역삼동 678-33 우리빌딩,N,,3220000-113-2018-00097,,3220000,"서울특별시 강남구 테헤란로33길 3-12, 우리빌딩 지상5층 (역삼동)",06141,01,영업/정상,유통전문판매업,02-6954-0484,,,
,자가,바이온 주식회사,유통전문판매업,,202996.058944139,445069.839126518,2026-05-03 22:50:22,I,01,영업,266.88,,,,,,,,,2018-09-06 13:58:05,2018-09-06,266.88,135-830,서울특별시 강남구 논현동 234-25,N,,3220000-113-2018-00098,,3220000,"서울특별시 강남구 봉은사로 207, 13층 (논현동)",06109,01,영업/정상,유통전문판매업,02-516-0721,,,
,자가,(주)에이케이크리에이티브,유통전문판매업,,203757.474690728,445748.18020293,2026-05-03 22:50:22,I,01,영업,50,0,0,0,,,,0,,2022-12-22 09:42:10,2018-09-20,50.00,135-864,서울특별시 강남구 삼성동 9-26,N,,3220000-113-2018-00101,,3220000,"서울특별시 강남구 학동로56길 50, 지하1층 (삼성동)",06092,01,영업/정상,유통전문판매업,,,,
,자가,(주)오마뎅,유통전문판매업,,202223.058786049,445645.689511503,2026-05-03 22:50:22,I,01,영업,0,,,,,,,,,2024-01-17 16:09:46,2018-10-25,315.00,135-815,서울특별시 강남구 논현동 56-10,N,,3220000-113-2018-00107,,3220000,"서울특별시 강남구 학동로 137-6, 지상1층 (논현동)",06045,01,영업/정상,유통전문판매업,1522-2965,,,
,자가,버니버닛 주식회사,유통전문판매업,,204433.34140241,444884.617513,2026-05-03 22:50:22,I,01,영업,39.46,,,,,,,,,2018-10-26 09:31:27,2018-10-26,39.46,135-876,서울특별시 강남구 삼성동 142-3 LG 선릉에클라트 B,N,,3220000-113-2018-00108,,3220000,"서울특별시 강남구 테헤란로63길 12, 2층 225호 (삼성동, LG 선릉에클라트 B)",06160,01,영업/정상,유통전문판매업,02-563-5255,,,
,자가,(주)더네이처컴퍼니,유통전문판매업,,202262.29841009,446652.643432355,2026-05-03 22:50:22,I,01,영업,20,,,,,,,,,2024-07-23 16:26:14,2018-11-08,20.00,135-891,서울특별시 강남구 신사동 565-13,N,,3220000-113-2018-00112,,3220000,"서울특별시 강남구 도산대로25길 38, 2층 (신사동)",06032,01,영업/정상,유통전문판매업,02-561-7623,,,
,자가,(주)팜파티아,유통전문판매업,,202431.834114324,445522.161246049,2026-05-03 22:50:22,I,01,영업,177.5,,,,,,,,,2018-11-12 10:37:09,2018-11-12,177.50,135-822,서울특별시 강남구 논현동 134-6,N,,3220000-113-2018-00114,,3220000,"서울특별시 강남구 학동로20길 22, 지상2층 (논현동)",06113,01,영업/정상,유통전문판매업,02-540-0903,,,
,자가,제이슨티,유통전문판매업,,201650.787158848,446226.277738975,2026-05-03 22:50:22,I,01,영업,148.7,,,,,,,,,2021-11-03 12:16:15,2018-11-13,148.70,135-887,서울특별시 강남구 신사동 503-2 영신빌딩 지상2층 205호,N,,3220000-113-2018-00115,,3220000,"서울특별시 강남구 강남대로 632, 영신빌딩 지상2층 205호 (신사동)",06034,01,영업/정상,유통전문판매업,,,,
,자가,센트럴에이디브이,유통전문판매업,,204395.42615042,444539.122331996,2026-05-03 22:50:29,I,01,영업,2.64,,,,,,,,,2021-06-10 15:43:06,2020-08-20,2.64,135-840,서울특별시 강남구 대치동 897-8,N,,3220000-113-2020-00167,,3220000,"서울특별시 강남구 선릉로86길 8, 지하1층 (대치동)",06198,01,영업/정상,유통전문판매업,,,,
,자가,주식회사 아티튜드,유통전문판매업,,202638.095799893,444305.954852056,2026-05-03 22:50:29,I,01,영업,63.38,,,,,,,,,2024-06-14 14:19:19,2020-08-24,63.38,135-703,서울특별시 강남구 역삼동 635-2 한국과학기술회관,N,,3220000-113-2020-00168,,3220000,"서울특별시 강남구 테헤란로7길 22, 한국과학기술회관 2관 9층 920호 (역삼동)",06130,01,영업/정상,유통전문판매업,,,,
,자가,(주)언리얼모닝,유통전문판매업,,205271.275273064,445852.638814088,2026-05-03 22:50:29,I,01,영업,0,,,,,,,,,2025-08-29 16:34:05,2020-08-24,1.65,135-873,서울특별시 강남구 삼성동 107 삼성동 미켈란 107,N,,3220000-113-2020-00169,,3220000,"서울특별시 강남구 영동대로 602, 삼성동 미켈란 107 6층 T151호 (삼성동, 삼성동 미켈란 107)",06083,01,영업/정상,유통전문판매업,070-0514-2624,,,
,자가,주식회사 베네핏츠,유통전문판매업,,202810.149555429,446927.941254362,2026-05-03 22:50:29,I,01,영업,100.65,0,0,0,,,,0,,2023-06-16 16:09:51,2020-08-24,100.65,135-895,서울특별시 강남구 신사동 623-8,N,,3220000-113-2020-00170,,3220000,"서울특별시 강남구 언주로 833, 삼원가든 가동 3층 (신사동)",06023,01,영업/정상,유통전문판매업,02-6670-3638,,,
,,(주)대원물산,유통전문판매업,,205113.4996999,443408.216841672,2026-05-03 22:50:29,I,01,영업,18.15,,,,,,,,,2020-08-27 17:58:02,2020-08-27,18.15,135-838,서울특별시 강남구 대치동 629 동하빌딩,N,,3220000-113-2020-00173,,3220000,"서울특별시 강남구 남부순환로 2913, 동하빌딩 7층 (대치동)",06280,01,영업/정상,유통전문판매업,02-592-5058,,,
,자가,주식회사 그레이고,유통전문판매업,,203264.848499241,446679.890427037,2026-05-03 22:50:29,I,01,영업,458.35,,,,,,,,,2024-04-17 15:58:51,2020-09-01,458.35,135-819,서울특별시 강남구 논현동 93 대동타워,N,,3220000-113-2020-00174,,3220000,"서울특별시 강남구 도산대로 326, 대동타워 8층 (논현동)",06055,01,영업/정상,유통전문판매업,02-2280-2782,,,
,자가,자하연심리상담연구소,유통전문판매업,,203258.5,446781.33,2026-05-03 22:50:29,I,01,영업,15,,,,,,,,,2023-03-08 17:17:46,2020-09-04,15.00,135-897,서울특별시 강남구 신사동 652-20,N,,3220000-113-2020-00176,,3220000,"서울특별시 강남구 도산대로49길 6-4, 4층 (신사동)",06019,01,영업/정상,유통전문판매업,,,,
,자가,(주)로얄훼밀리,유통전문판매업,,203776.517973287,442144.407876575,2026-05-03 22:50:29,I,01,영업,100.77,,,,,,,,,2020-09-07 14:48:40,2020-09-07,100.77,135-855,서울특별시 강남구 도곡동 448-15 다남빌딩,N,,3220000-113-2020-00177,,3220000,"서울특별시 강남구 논현로 130, 다남빌딩 지상4층 (도곡동)",06302,01,영업/정상,유통전문판매업,02-540-3346,,,
,자가,주식회사 비즈피플,유통전문판매업,,204615.364777705,444884.394551474,2026-05-03 22:50:29,I,01,영업,8,,,,,,,,,2020-09-08 09:17:45,2020-09-08,8.00,135-877,서울특별시 강남구 삼성동 143-37 현대타워,N,,3220000-113-2020-00178,,3220000,"서울특별시 강남구 테헤란로 423, 9층 (삼성동, 현대타워)",06159,01,영업/정상,유통전문판매업,02-3453-2222,,,
,자가,(주)육그램,유통전문판매업,,202779.506385614,444212.378808772,2026-05-03 22:50:29,I,01,영업,100,,,,,,,,,2020-09-08 11:40:18,2020-09-08,100.00,135-911,서울특별시 강남구 역삼동 648-9,N,,3220000-113-2020-00179,,3220000,"서울특별시 강남구 테헤란로 129, 지상9층 934호 (역삼동)",06133,01,영업/정상,유통전문판매업,02-6925-7335,,,
,자가,(주)웰에이징,유통전문판매업,,205314.159889285,445204.709309676,2026-05-03 22:50:29,I,01,영업,3.3,,,,,,,,,2020-09-08 16:11:33,2020-09-08,3.30,135-090,서울특별시 강남구 삼성동 159-8 파르나스타워,N,,3220000-113-2020-00180,,3220000,"서울특별시 강남구 테헤란로 521, 파르나스타워 29층 39-19호 (삼성동)",06164,01,영업/정상,유통전문판매업,,,,
,자가,주식회사 티랩,유통전문판매업,2026-04-03,202878.209997962,445613.25879162,2026-05-03 22:50:29,I,02,폐업,3.3,,,,,,,,,2026-04-03 16:02:44,2020-09-09,3.30,135-829,서울특별시 강남구 논현동 214-8,N,,3220000-113-2020-00181,,3220000,"서울특별시 강남구 논현로124길 21, 지상2층 (논현동)",06105,03,폐업,유통전문판매업,,,,
,자가,씽씽라이프,유통전문판매업,,204395.527089426,444408.901937948,2026-05-03 22:50:29,I,01,영업,3.3,,,,,,,,,2020-09-09 14:30:30,2020-09-09,3.30,135-840,서울특별시 강남구 대치동 898-7,N,,3220000-113-2020-00182,,3220000,"서울특별시 강남구 선릉로 414, 지상4층 (대치동)",06198,01,영업/정상,유통전문판매업,,,,
,자가,블루스트리트,유통전문판매업,,203789.673254686,444565.722314842,2026-05-03 22:50:29,I,01,영업,78,,,,,,,,,2024-04-04 13:59:30,2020-09-09,78.00,135-780,서울특별시 강남구 역삼동 701-7 한국기술센터,N,,3220000-113-2020-00183,,3220000,"서울특별시 강남구 테헤란로 305, 한국기술센터 19층 (역삼동)",06152,01,영업/정상,유통전문판매업,,,,
,자가,코디밀,유통전문판매업,,204480.307828948,444672.281771242,2026-05-03 22:50:29,I,01,영업,9.3,,,,,,,,,2020-09-09 18:18:20,2020-09-10,9.30,135-839,서울특별시 강남구 대치동 890-54 선릉역 풍림아이원레몬,N,,3220000-113-2020-00185,,3220000,"서울특별시 강남구 테헤란로64길 13, 8층 제오805A호 (대치동, 선릉역 풍림아이원레몬)",06193,01,영업/정상,유통전문판매업,,,,
,자가,(주)클로리스,유통전문판매업,,203061.918534602,444198.802275436,2026-05-03 22:50:29,I,01,영업,5,,,,,,,,,2023-06-26 15:11:34,2020-09-10,5.00,135-924,서울특별시 강남구 역삼동 736-6 현익빌딩,N,,3220000-113-2020-00186,,3220000,"서울특별시 강남구 테헤란로 146, 현익빌딩 12층 1208호 (역삼동)",06236,01,영업/정상,유통전문판매업,02-557-7523,,,
,자가,주식회사 세니트,유통전문판매업,,202809.750238939,444767.506722182,2026-05-03 22:50:36,I,01,영업,140.62,0,0,0,,,,0,,2021-12-23 16:27:37,2021-12-23,140.62,135-907,서울특별시 강남구 역삼동 609-6 아원빌딩,N,,3220000-113-2021-00285,,3220000,"서울특별시 강남구 봉은사로24길 25, 아원빌딩 지상2층 (역삼동)",06126,01,영업/정상,유통전문판매업,02-6335-9870,,,
,자가,주식회사 가배도,유통전문판매업,,202216.103767773,444653.82552049,2026-05-03 22:50:36,I,01,영업,3,,,,,,,,,2021-12-24 11:13:55,2021-12-24,3.00,135-907,서울특별시 강남구 역삼동 601-12,N,,3220000-113-2021-00287,,3220000,"서울특별시 강남구 강남대로110길 13, 지상3층 (역삼동)",06123,01,영업/정상,유통전문판매업,02-554-4542,,,
,자가,주식회사 아림프레시,유통전문판매업,,204615.364777705,444884.394551474,2026-05-03 22:50:36,I,01,영업,10,,,,,,,,,2021-12-29 17:23:24,2021-12-29,10.00,135-877,서울특별시 강남구 삼성동 143-37 현대타워,N,,3220000-113-2021-00290,,3220000,"서울특별시 강남구 테헤란로 423, 지상2층 2334호 (삼성동, 현대타워)",06159,01,영업/정상,유통전문판매업,,,,
,자가,리노브,유통전문판매업,,203080.815223581,443642.705679389,2026-05-03 22:50:36,I,01,영업,12.08,,,,,,,,,2022-01-25 10:56:00,2021-04-21,12.08,135-925,서울특별시 강남구 역삼동 751-10 삼오빌딩,N,,3220000-113-2021-00292,,3220000,"서울특별시 강남구 역삼로 151, 삼오빌딩 4층 403호 (역삼동)",06244,01,영업/정상,유통전문판매업,02-553-4317,,,
,자가,(주)스타폭스패밀리,유통전문판매업,,201660.523554193,446163.667153226,2026-05-03 22:50:36,I,01,영업,48.82,,,,,,,,,2022-02-18 12:10:03,2021-03-24,48.82,135-887,서울특별시 강남구 신사동 502-5 엠아이타워빌딩,N,,3220000-113-2021-00295,,3220000,"서울특별시 강남구 강남대로 626, 엠아이타워빌딩 5층 (신사동)",06035,01,영업/정상,유통전문판매업,,,,
,임대,(주)스윗피아,유통전문판매업,,202575.560406288,444136.923081339,2026-05-03 22:50:36,I,01,영업,0,,,,,,,,,2022-03-16 11:15:09,2021-11-10,4.00,135-912,서울특별시 강남구 역삼동 649-8,N,,3220000-113-2021-00296,,3220000,"서울특별시 강남구 강남대로92길 31, 6층 6290호 (역삼동)",06134,01,영업/정상,유통전문판매업,,,,
,자가,(주)잇마플,유통전문판매업,,203953.207085977,444715.727185892,2026-05-03 22:50:36,I,01,영업,29.75,,,,,,,,,2023-05-03 17:43:22,2021-06-18,29.75,135-513,서울특별시 강남구 역삼동 704-45,N,,3220000-113-2021-00297,,3220000,"서울특별시 강남구 선릉로93길 40, 4층 408호 (역삼동)",06148,01,영업/정상,유통전문판매업,02-2625-8557,,,
,임대,주식회사 리빙픽,유통전문판매업,,202690.19781214,445554.647438824,2026-05-03 22:50:36,I,01,영업,90,,,,,,,,,2023-07-26 10:25:49,2021-03-08,90.00,135-824,서울특별시 강남구 논현동 130-29,N,,3220000-113-2021-00300,,3220000,"서울특별시 강남구 논현로 653, 지상2층 (논현동)",06112,01,영업/정상,유통전문판매업,070-4070-8652,,,
,,인케이코리아 주식회사,유통전문판매업,,205170.959716696,445264.936337181,2026-05-03 22:50:36,I,01,영업,71.33,0,0,0,,,,0,,2025-10-15 11:32:19,2021-02-26,71.33,135-090,서울특별시 강남구 삼성동 159-6 한국도심공항터미널,N,,3220000-113-2021-00302,,3220000,"서울특별시 강남구 테헤란로87길 22, 한국도심공항터미널 6층 611호 (삼성동)",06164,01,영업/정상,유통전문판매업,02-551-2600,,,
,,루나,유통전문판매업,,204767.377525939,441349.074287866,2026-05-03 22:50:36,I,01,영업,3.3,,,,,,,,,2022-06-03 16:43:50,2021-07-22,3.30,135-960,서울특별시 강남구 개포동 1164-24,N,,3220000-113-2021-00303,,3220000,"서울특별시 강남구 논현로2길 60, 2층 2046호 (개포동)",06313,01,영업/정상,유통전문판매업,070-8018-8014,,,
,,주식회사 위펀,유통전문판매업,,202476.905,443782.865,2026-05-03 22:50:36,I,01,영업,20,0,0,0,,,,0,,2022-06-17 17:38:24,2021-05-10,20.00,135-935,서울특별시 강남구 역삼동 826,N,,3220000-113-2021-00304,,3220000,"서울특별시 강남구 강남대로 374, 15층 (역삼동)",06241,01,영업/정상,유통전문판매업,02-1644-4624,,,
,임대,주식회사상상바이오,유통전문판매업,,203535.518350911,446164.672500619,2026-05-03 22:50:36,I,01,영업,286.23,,,,,,,,,2024-10-28 09:53:58,2021-03-08,286.23,135-820,서울특별시 강남구 논현동 119-2 HS TOWER,N,,3220000-113-2021-00307,,3220000,"서울특별시 강남구 선릉로 703, HS TOWER 7층 (논현동)",06060,01,영업/정상,유통전문판매업,,,,
,자가,주식회사 백년농가,유통전문판매업,,202638.095799893,444305.954852056,2026-05-03 22:50:36,I,01,영업,45.2,,,,,,,,,2025-11-25 14:06:16,2021-03-29,45.20,135-703,서울특별시 강남구 역삼동 635-2 한국과학기술회관,N,,3220000-113-2021-00309,,3220000,"서울특별시 강남구 테헤란로7길 22, 한국과학기술회관 2관 10층 1013호 (역삼동)",06130,01,영업/정상,유통전문판매업,02-720-0884,,,
,자가,블루드림,유통전문판매업,,204691.655,444968.62,2026-05-03 22:50:36,I,01,영업,3.3,0,0,0,,,,0,,2022-09-28 17:25:23,2021-08-19,3.30,135-877,서울특별시 강남구 삼성동 143-24,N,,3220000-113-2021-00310,,3220000,"서울특별시 강남구 테헤란로77길 11-9, 7층 B197호 (삼성동)",06159,01,영업/정상,유통전문판매업,,,,상수도전용
,자가,루에랑 주식회사,유통전문판매업,,201844.478622112,446680.91946499,2026-05-03 22:50:36,I,01,영업,323.1,,,,,,,,,2022-10-19 09:37:50,2021-07-27,323.10,135-888,서울특별시 강남구 신사동 524-36,N,,3220000-113-2021-00311,,3220000,"서울특별시 강남구 압구정로4길 13-20, 지상2,3,4층 (신사동)",06028,01,영업/정상,유통전문판매업,,,,
,,주식회사 이롬헬스케어,유통전문판매업,,205544.51525555,444693.909355498,2026-05-03 22:50:36,I,01,영업,18,0,0,0,,,,0,,2022-12-22 09:29:44,2021-06-21,18.00,135-848,서울특별시 강남구 대치동 967-3 KM 빌딩,N,,3220000-113-2021-00312,,3220000,"서울특별시 강남구 역삼로 552, KM 빌딩 지하1층 (대치동)",06187,01,영업/정상,유통전문판매업,070-7708-8007,,,
,임대,주식회사 마켓메이커,유통전문판매업,,204842.620168646,445010.636361278,2026-05-03 22:50:36,I,01,영업,1.65,0,0,0,,,,0,,2023-03-14 17:26:55,2021-02-08,1.65,135-877,서울특별시 강남구 삼성동 144-19 제이에스타워,N,,3220000-113-2021-00313,,3220000,"서울특별시 강남구 테헤란로79길 6, 제이에스타워 지상5층 브이653호 (삼성동)",06158,01,영업/정상,유통전문판매업,070-7424-7870,,,
,자가,넥스트그라운드,유통전문판매업,,204842.620168646,445010.636361278,2026-05-03 22:50:44,I,01,영업,11.28,,,,,,,,,2023-06-15 15:11:45,2023-06-15,11.28,135-877,서울특별시 강남구 삼성동 144-19 제이에스타워,N,,3220000-113-2023-00120,,3220000,"서울특별시 강남구 테헤란로79길 6, 제이에스타워 지상5층 502호 (삼성동)",06158,01,영업/정상,유통전문판매업,,,,
,자가,운마켓,유통전문판매업,,205034.15838707,446675.932361885,2026-05-03 22:50:44,I,01,영업,17.38,,,,,,,,,2023-12-11 17:39:51,2023-06-21,17.38,135-958,서울특별시 강남구 청담동 134-20 청담 삼익상가,N,,3220000-113-2023-00121,,3220000,"서울특별시 강남구 학동로101길 26, 청담 삼익상가 지상1층 147호 (청담동)",06077,01,영업/정상,유통전문판매업,,,,
,자가,(주)디마코코리아,유통전문판매업,,203294.070221994,446110.486714202,2026-05-03 22:50:44,I,01,영업,316.23,,,,,,,,,2023-06-21 11:43:52,2023-06-21,316.23,135-529,서울특별시 강남구 논현동 113-12 논현빌딩,N,,3220000-113-2023-00122,,3220000,"서울특별시 강남구 언주로134길 31, 논현빌딩 지상3층 (논현동)",06059,01,영업/정상,유통전문판매업,,,,
,자가,스마트푸드네트웍스 주식회사,유통전문판매업,,204098.596031345,442807.317224836,2026-05-03 22:50:44,I,01,영업,498.61,,,,,,,,,2025-05-23 09:50:11,2023-06-26,498.61,135-504,서울특별시 강남구 도곡동 174-3,N,,3220000-113-2023-00124,,3220000,"서울특별시 강남구 남부순환로 2753, 지상3층 (도곡동)",06274,01,영업/정상,유통전문판매업,,,,
,자가,주식회사 인티그레이션,유통전문판매업,,204673.885419693,444906.38806611,2026-05-03 22:50:44,I,01,영업,91.84,0,0,0,,,,0,,2023-06-26 16:25:23,2023-06-26,91.84,135-877,서울특별시 강남구 삼성동 143-40 위워크타워,N,,3220000-113-2023-00126,,3220000,"서울특별시 강남구 테헤란로 427, 위워크타워 지상3층 101호 (삼성동)",06159,01,영업/정상,유통전문판매업,02-1599-9073,,,
,임대,투스,유통전문판매업,,202998.056896632,444660.428687269,2026-05-03 22:50:44,I,01,영업,49.58,,,,,,,,,2023-09-06 16:04:18,2023-06-26,49.58,135-908,서울특별시 강남구 역삼동 628-15,N,,3220000-113-2023-00128,,3220000,"서울특별시 강남구 테헤란로25길 54, 제1동 제2층 201호 내부 2호 (역삼동)",06126,01,영업/정상,유통전문판매업,,,,
,자가,주식회사 포에버코스메틱,유통전문판매업,,202546.845588714,444157.625343329,2026-05-03 22:50:44,I,01,영업,3.3,,,,,,,,,2023-07-04 11:58:50,2023-07-04,3.30,135-912,서울특별시 강남구 역삼동 649 유니언타운 강남,N,,3220000-113-2023-00131,,3220000,"서울특별시 강남구 강남대로94길 28, 유니언타운 강남 지상6층 701-A호 (역삼동)",06134,01,영업/정상,유통전문판매업,,,,
,임대,(주)스테비스,유통전문판매업,,202724.214297488,445894.305854116,2026-05-03 22:50:44,I,01,영업,2,,,,,,,,,2023-07-05 11:32:51,2023-07-05,2.00,135-818,서울특별시 강남구 논현동 86-5,N,,3220000-113-2023-00133,,3220000,"서울특별시 강남구 논현로132길 13, 4층 4261호 (논현동)",06052,01,영업/정상,유통전문판매업,,,,
,임대,주식회사 아임파인코퍼레이션,유통전문판매업,,202147.225661303,446451.147774462,2026-05-03 22:50:44,I,01,영업,33,,,,,,,,,2023-07-05 13:39:13,2023-07-05,33.00,135-890,서울특별시 강남구 신사동 560-3,N,,3220000-113-2023-00134,,3220000,"서울특별시 강남구 도산대로19길 23, 2층 (신사동)",06037,01,영업/정상,유통전문판매업,,,,
,임대,주식회사 리오제이컴퍼니,유통전문판매업,,202369.761783387,446542.037468678,2026-05-03 22:50:44,I,01,영업,20.64,,,,,,,,,2024-02-28 11:32:33,2023-07-07,20.64,135-892,서울특별시 강남구 신사동 586-10,N,,3220000-113-2023-00135,,3220000,"서울특별시 강남구 도산대로27길 20, 지상2층 202호 (신사동)",06032,01,영업/정상,유통전문판매업,,,,
,임대,(주)지니웍스,유통전문판매업,,202690.19781214,445554.647438824,2026-05-03 22:50:44,I,01,영업,626.35,,,,,,,,,2023-07-10 14:53:08,2023-07-10,626.35,135-824,서울특별시 강남구 논현동 130-29,N,,3220000-113-2023-00138,,3220000,"서울특별시 강남구 논현로 653, 지상2층 (논현동)",06112,01,영업/정상,유통전문판매업,02-584-0206,,,
,임대,브라운홀릭,유통전문판매업,,202464.628733445,444321.058349458,2026-05-03 22:50:44,I,01,영업,10,,,,,,,,,2023-07-10 15:35:35,2023-07-10,10.00,135-908,서울특별시 강남구 역삼동 620-15,N,,3220000-113-2023-00139,,3220000,"서울특별시 강남구 강남대로98길 25, 지하1층 (역삼동)",06129,01,영업/정상,유통전문판매업,02-555-5978,,,
,자가,뉴트리어드벤스,유통전문판매업,,203121.029199979,444413.27468267,2026-05-03 22:50:44,I,01,영업,8.5,,,,,,,,,2023-07-10 17:52:03,2023-07-10,8.50,135-910,서울특별시 강남구 역삼동 642-10 송암II빌딩,N,,3220000-113-2023-00140,,3220000,"서울특별시 강남구 논현로 509, 송암II빌딩 7층 (역삼동)",06132,01,영업/정상,유통전문판매업,,,,
,자가,주식회사 푸딘코,유통전문판매업,,201882.009627647,446710.193277045,2026-05-03 22:50:44,I,01,영업,10,,,,,,,,,2023-07-13 16:05:11,2023-07-13,10.00,135-888,서울특별시 강남구 신사동 532-4,N,,3220000-113-2023-00141,,3220000,"서울특별시 강남구 압구정로10길 13, 지상2층 (신사동)",06028,01,영업/정상,유통전문판매업,,,,
,자가,쓰리브로,유통전문판매업,,202470.715339402,445531.235641702,2026-05-03 22:50:44,I,01,영업,9.9,0,0,0,,,,0,,2025-03-05 11:37:14,2023-07-17,9.90,135-823,서울특별시 강남구 논현동 127-9 정금빌딩,N,,3220000-113-2023-00143,,3220000,"서울특별시 강남구 학동로20길 19-1, 정금빌딩 지상1층 (논현동)",06112,01,영업/정상,유통전문판매업,,,,
,,주식회사 티제이라이프,유통전문판매업,,201716.685551826,446198.26983211,2026-05-03 22:50:44,I,01,영업,4,,,,,,,,,2026-04-24 10:12:20,2023-01-10,4.00,135-887,서울특별시 강남구 신사동 511-1 다복빌딩,N,,3220000-113-2023-00145,,3220000,"서울특별시 강남구 강남대로156길 12, 다복빌딩 4층 H77호 (신사동)",06035,01,영업/정상,유통전문판매업,,,,
,자가,브이앤케이,유통전문판매업,2026-02-23,203493.658418146,445474.512706321,2026-05-03 22:50:44,I,02,폐업,137.92,0,0,0,,,,0,,2026-02-23 11:51:32,2023-07-24,137.92,135-833,서울특별시 강남구 논현동 271-1,N,,3220000-113-2023-00146,,3220000,"서울특별시 강남구 선릉로115길 33, 3층 (논현동)",06103,03,폐업,유통전문판매업,,,,
,자가,(주)만랩,유통전문판매업,,202511.808899011,446745.631942254,2026-05-03 22:50:22,I,01,영업,30,,,,,,,,,2023-09-15 11:26:42,2018-11-21,30.00,135-893,서울특별시 강남구 신사동 597-3,N,,3220000-113-2018-00117,,3220000,"서울특별시 강남구 압구정로30길 67, 지상2층 (신사동)",06025,01,영업/정상,유통전문판매업,,,,
,임대,주식회사 위드업,유통전문판매업,,203901.878812978,446783.967552696,2026-05-03 22:50:22,I,01,영업,36,,,,,,,,,2019-05-09 10:45:16,2018-11-30,36.00,135-948,서울특별시 강남구 청담동 5-29,N,,3220000-113-2018-00121,,3220000,"서울특별시 강남구 삼성로149길 32, 지상3층 304호 (청담동)",06062,01,영업/정상,유통전문판매업,070-4242-5886,,,
,자가,(주)세종인터내셔날,유통전문판매업,,203788.224823691,442210.930180775,2026-05-03 22:50:22,I,01,영업,20,,,,,,,,,2020-12-17 16:18:35,2018-12-04,20.00,135-855,서울특별시 강남구 도곡동 425-5 K.HOUSE 2,N,,3220000-113-2018-00123,,3220000,"서울특별시 강남구 논현로26길 7, 지1층 B01호 (도곡동, K.HOUSE 2)",06302,01,영업/정상,유통전문판매업,,,,
,자가,아트앤미 유한회사,유통전문판매업,,203038.978094958,444288.224029026,2026-05-03 22:50:22,I,01,영업,3.64,,,,,,,,,2018-12-05 13:44:26,2018-12-05,3.64,135-911,서울특별시 강남구 역삼동 646-15 지상16층 1694호,N,,3220000-113-2018-00124,,3220000,"서울특별시 강남구 테헤란로 145, 지상16층 1694호 (역삼동)",06132,01,영업/정상,유통전문판매업,,,,
,자가,가온뉴트리케어,유통전문판매업,,204378.186657538,446427.513351242,2026-05-03 22:50:22,I,01,영업,33,,,,,,,,,2018-12-21 17:49:57,2018-12-20,33.00,135-953,서울특별시 강남구 청담동 76-15,N,,3220000-113-2018-00131,,3220000,"서울특별시 강남구 삼성로134길 8, 5층 (청담동)",06074,01,영업/정상,유통전문판매업,,,,
,임대,네이처랩,유통전문판매업,,202721.213833334,443912.486403479,2026-05-03 22:50:22,I,01,영업,3.3,,,,,,,,,2018-12-26 15:27:46,2018-12-26,3.30,135-934,서울특별시 강남구 역삼동 824-29,N,,3220000-113-2018-00132,,3220000,"서울특별시 강남구 테헤란로8길 22, 지상2층 262호 (역삼동)",,01,영업/정상,유통전문판매업,,,,
,임대,(주)미미미,유통전문판매업,,203564.630392125,446844.837336607,2026-05-03 22:50:22,I,01,영업,83.12,0,0,0,,,,0,,2024-05-29 14:00:43,2018-12-28,83.12,135-954,서울특별시 강남구 청담동 87-11,N,,3220000-113-2018-00133,,3220000,"서울특별시 강남구 도산대로 417, 지상3층 (청담동)",06014,01,영업/정상,유통전문판매업,02-410-0080,,,
,임대,애디드컴퍼니 주식회사,유통전문판매업,,201901.16138346,445544.304977053,2026-05-03 22:50:22,I,01,영업,125.86,,,,,,,,,2019-05-20 16:21:37,2018-04-26,125.86,135-814,서울특별시 강남구 논현동 51-8 명림빌딩,N,,3220000-113-2018-00136,,3220000,"서울특별시 강남구 학동로3길 9, 명림빌딩 지상3층 (논현동)",06044,01,영업/정상,유통전문판매업,02-2055-2212,,,
,임대,주식회사 와이즈파워,유통전문판매업,2026-03-05,201987.985738272,445935.081360712,2026-05-03 22:50:22,I,02,폐업,50,0,0,0,,,,0,,2026-03-05 15:48:49,2018-03-08,50.00,135-811,서울특별시 강남구 논현동 15-8,N,,3220000-113-2018-00138,,3220000,"서울특별시 강남구 강남대로146길 39, 지하1층 (논현동)",06039,03,폐업,유통전문판매업,02-2138-2505,,,
,자가,(주)트리즈커머스,유통전문판매업,,203528.915314348,445410.883585561,2026-05-03 22:50:22,I,01,영업,172.2,0,0,0,,,,0,,2024-01-18 14:08:37,2018-01-18,172.20,135-833,서울특별시 강남구 논현동 271-16,N,,3220000-113-2018-00140,,3220000,"서울특별시 강남구 봉은사로47길 19-3, 지상5층 (논현동)",06103,01,영업/정상,유통전문판매업,,,,
,임대,(주)허닭,유통전문판매업,,209052.072465426,442797.138150563,2026-05-03 22:50:22,I,01,영업,130.44,0,0,0,,,,0,,2026-01-14 14:40:44,2018-12-21,130.44,135-744,서울특별시 강남구 수서동 724 로즈데일오피스텔,N,,3220000-113-2018-00143,,3220000,"서울특별시 강남구 광평로 280, 로즈데일오피스텔 지상10층 (수서동)",06367,01,영업/정상,유통전문판매업,,,,
,자가,(주)스튜디오에피소드,유통전문판매업,,202409.704757124,445779.512313378,2026-05-03 22:50:22,I,01,영업,173.71,,,,,,,,,2022-09-16 15:59:35,2018-08-31,173.71,135-815,서울특별시 강남구 논현동 39-22 TSF빌딩,N,,3220000-113-2018-00144,,3220000,"서울특별시 강남구 학동로23길 13, TSF빌딩 4층 (논현동)",06045,01,영업/정상,유통전문판매업,02-6494-1218,,,
,,주식회사 셀핀다,유통전문판매업,,203588.048190661,446183.368328818,2026-05-03 22:50:22,I,01,영업,4.95,,,,,,,,,2023-12-06 17:53:53,2018-12-21,4.95,135-764,서울특별시 강남구 청담동 41 청담빌딩,N,,3220000-113-2018-00149,,3220000,"서울특별시 강남구 선릉로 704, 청담빌딩 10층 421호 (청담동)",06069,01,영업/정상,유통전문판매업,070-4060-7797,,,
,자가,주식회사 바르도아이스크림,유통전문판매업,,204072.40503804,446839.935719341,2026-05-03 22:50:22,I,01,영업,26.4,,,,,,,,,2021-11-11 14:26:09,2018-10-02,26.40,135-949,서울특별시 강남구 청담동 6-5 청담 한국빌딩,N,,3220000-113-2018-00151,,3220000,"서울특별시 강남구 도산대로 458, 청담 한국빌딩 지상2층 204호 (청담동)",06062,01,영업/정상,유통전문판매업,,,,
,임대,(주)엔라이즈,유통전문판매업,,203951.7855642,444854.347926804,2026-05-03 22:50:22,I,01,영업,420,,,,,,,,,2025-07-10 15:38:54,2018-12-14,420.00,135-917,서울특별시 강남구 역삼동 697-19,N,,3220000-113-2018-00152,,3220000,"서울특별시 강남구 테헤란로51길 32-6, 지상2~6층 (역삼동)",06148,01,영업/정상,유통전문판매업,070-4217-0405,,,
,임대,그린에프엔지(주),유통전문판매업,,208937.760652081,442873.588039887,2026-05-03 22:50:22,I,01,영업,47.39,,,,,,,,,2021-12-16 17:08:13,2018-10-12,47.39,135-539,서울특별시 강남구 수서동 713 수서현대벤쳐빌,N,,3220000-113-2018-00153,,3220000,"서울특별시 강남구 밤고개로1길 10, 수서현대벤쳐빌 1611호 (수서동)",06349,01,영업/정상,유통전문판매업,070-4412-8088,,,
,자가,(주)오에스에프앤씨,유통전문판매업,,202024.615630329,444994.659484536,2026-05-03 22:50:22,I,01,영업,4.5,,,,,,,,,2022-03-29 16:25:50,2018-03-15,4.50,135-825,서울특별시 강남구 논현동 165 서희빌딩,N,,3220000-113-2018-00154,,3220000,"서울특별시 강남구 강남대로 502, 서희빌딩 지상8층 868호 (논현동)",06119,01,영업/정상,유통전문판매업,02-521-9694,,,
,자가,(주)재우인터내셔날,유통전문판매업,,203013.751045331,446679.160238224,2026-05-03 22:50:29,I,01,영업,132.1,,,,,,,,,2020-09-17 11:38:39,2020-09-17,132.10,135-895,서울특별시 강남구 신사동 630-19 백영빌딩,N,,3220000-113-2020-00188,,3220000,"서울특별시 강남구 도산대로 307, 백영빌딩 지상2층 201-2호 (신사동)",06021,01,영업/정상,유통전문판매업,,,,
,자가,(주)인스타페이,유통전문판매업,,205285.4,444937.05,2026-05-03 22:50:29,I,01,영업,97,,,,,,,,,2020-09-18 15:29:24,2020-09-18,97.00,135-846,서울특별시 강남구 대치동 944-25 진성빌딩,N,,3220000-113-2020-00190,,3220000,"서울특별시 강남구 영동대로85길 38, 진성빌딩 7층 701호 (대치동)",06180,01,영업/정상,유통전문판매업,,,,
,자가,(주)음식의 전당,유통전문판매업,,202731.25,443440.045000001,2026-05-03 22:50:29,I,01,영업,5.4,,,,,,,,,2020-09-23 15:14:06,2020-09-23,5.40,135-936,서울특별시 강남구 역삼동 832-41 현죽빌딩,N,,3220000-113-2020-00192,,3220000,"서울특별시 강남구 역삼로 114, 현죽빌딩 8층 840호 (역삼동)",06252,01,영업/정상,유통전문판매업,,,,
,자가,엠케이바이오파낙스 주식회사,유통전문판매업,,203292.237837221,444471.171166194,2026-05-03 22:50:29,I,01,영업,156.62,0,0,0,,,,0,,2021-08-26 12:45:38,2020-10-06,156.62,135-915,서울특별시 강남구 역삼동 678-10 BMY역삼타워,N,,3220000-113-2020-00197,,3220000,"서울특별시 강남구 테헤란로27길 16, BMY역삼타워 지상8층 (역삼동)",06141,01,영업/정상,유통전문판매업,02-1670-6022,,,
,자가,센서리 액티비전,유통전문판매업,,204010.242285689,446308.923174683,2026-05-03 22:50:29,I,01,영업,74.97,,,,,,,,,2022-12-14 17:50:34,2020-10-13,74.97,135-950,서울특별시 강남구 청담동 35-12,N,,3220000-113-2020-00202,,3220000,"서울특별시 강남구 선릉로132길 61, B동 2층 201호 (청담동)",06066,01,영업/정상,유통전문판매업,,,,
,자가,웰너스코리아(주),유통전문판매업,,203937.829132239,442489.124114807,2026-05-03 22:50:29,I,01,영업,30,,,,,,,,,2020-10-14 15:15:48,2020-10-14,30.00,135-854,서울특별시 강남구 도곡동 420-15,N,,3220000-113-2020-00204,,3220000,"서울특별시 강남구 논현로28길 45, 6,7층 (도곡동)",06301,01,영업/정상,유통전문판매업,02-577-2585,,,
,자가,(주)네이처앤네이처,유통전문판매업,,204760.329339082,446798.455908305,2026-05-03 22:50:29,I,01,영업,416.2,,,,,,,,,2020-10-14 16:04:05,2020-10-14,416.20,135-953,서울특별시 강남구 청담동 68-22,N,,3220000-113-2020-00205,,3220000,"서울특별시 강남구 영동대로 735, 4층 (청담동)",06072,01,영업/정상,유통전문판매업,070-7826-8753,,,
,자가,주식회사 미라이,유통전문판매업,,202096.176994322,446633.326931503,2026-05-03 22:50:29,I,01,영업,26.4,,,,,,,,,2020-10-16 12:02:23,2020-10-16,26.40,135-890,서울특별시 강남구 신사동 554-5,N,,3220000-113-2020-00208,,3220000,"서울특별시 강남구 논현로159길 47, 지상1층 201호 (신사동)",06033,01,영업/정상,유통전문판매업,,,,
,자가,청명컴퍼니,유통전문판매업,,201815.514393037,445681.105114857,2026-05-03 22:50:29,I,01,영업,16.5,,,,,,,,,2020-10-20 11:41:19,2020-10-20,16.50,135-814,서울특별시 강남구 논현동 20-9,N,,3220000-113-2020-00209,,3220000,"서울특별시 강남구 강남대로136길 5-4, 4층 (논현동)",06043,01,영업/정상,유통전문판매업,,,,
,자가,무탄,유통전문판매업,,202611.880761257,447226.439865359,2026-05-03 22:50:29,I,01,영업,7,,,,,,,,,2020-10-22 13:05:36,2020-10-22,7.00,135-894,서울특별시 강남구 신사동 613-2,N,,3220000-113-2020-00211,,3220000,"서울특별시 강남구 논현로176길 22, 지상1층 (신사동)",06022,01,영업/정상,유통전문판매업,,,,
,자가,키노센트(kinnocent),유통전문판매업,,205079.418138107,444869.834721154,2026-05-03 22:50:29,I,01,영업,3.3,,,,,,,,,2020-10-23 15:11:02,2020-10-23,3.30,135-845,서울특별시 강남구 대치동 942-15,N,,3220000-113-2020-00212,,3220000,"서울특별시 강남구 테헤란로82길 15, 11층 20호 (대치동)",06178,01,영업/정상,유통전문판매업,,,,
,자가,주식회사 지에프에프지,유통전문판매업,,204485.469974058,446250.511597448,2026-05-03 22:50:29,I,01,영업,0,,,,,,,,,2025-10-24 10:11:26,2020-10-27,30.00,135-865,서울특별시 강남구 삼성동 53-1 HYUN빌딩,N,,3220000-113-2020-00213,,3220000,"서울특별시 강남구 학동로82길 7, HYUN빌딩 지상4층 (삼성동)",06084,01,영업/정상,유통전문판매업,070-8860-9377,,,
,자가,만트레이딩,유통전문판매업,,204615.364777705,444884.394551474,2026-05-03 22:50:29,I,01,영업,10,,,,,,,,,2020-10-29 15:31:23,2020-10-29,10.00,135-877,서울특별시 강남구 삼성동 143-37 현대타워,N,,3220000-113-2020-00217,,3220000,"서울특별시 강남구 테헤란로 423, 2층 201호 (삼성동, 현대타워)",06159,01,영업/정상,유통전문판매업,070-7802-7887,,,
,자가,주식회사 미스케이,유통전문판매업,,203442.895594514,446252.481509048,2026-05-03 22:50:29,I,01,영업,119.55,,,,,,,,,2022-07-06 12:23:32,2020-05-14,119.55,135-821,서울특별시 강남구 논현동 110-24,N,,3220000-113-2020-00218,,3220000,"서울특별시 강남구 선릉로135길 11, 지상3층 (논현동)",06059,01,영업/정상,유통전문판매업,070-8822-2101,,,
,자가,(주)제이크리컴퍼니,유통전문판매업,,202605.229449371,446214.674551599,2026-05-03 22:50:29,I,01,영업,493.26,,,,,,,,,2025-05-23 16:23:53,2020-11-03,493.26,135-995,서울특별시 강남구 논현동 73,N,,3220000-113-2020-00219,,3220000,서울특별시 강남구 도산대로30길 27 (논현동),06049,01,영업/정상,유통전문판매업,02-2281-0701,,,
,임대,주식회사 노바메디코리아,유통전문판매업,,201716.685551826,446198.26983211,2026-05-03 22:50:37,I,01,영업,4.95,,,,,,,,,2023-04-12 13:31:11,2021-03-31,4.95,135-887,서울특별시 강남구 신사동 511-1 다복빌딩,N,,3220000-113-2021-00314,,3220000,"서울특별시 강남구 강남대로156길 12, 다복빌딩 4층 D70호 (신사동)",06035,01,영업/정상,유통전문판매업,02-518-8896,,,
,자가,티퍼런스,유통전문판매업,,202902.789114146,445968.084533351,2026-05-03 22:50:37,I,01,영업,170.9,0,0,0,,,,0,,2023-08-04 14:54:14,2021-01-25,170.90,135-818,서울특별시 강남구 논현동 85-14 조일빌딩,N,,3220000-113-2021-00315,,3220000,"서울특별시 강남구 언주로133길 21, 지상2층 (논현동)",06053,01,영업/정상,유통전문판매업,02-6917-7310,,,
,자가,미로컴퍼니,유통전문판매업,,204105.787998651,444937.438374587,2026-05-03 22:50:37,I,01,영업,4,,,,,,,,,2023-08-16 16:36:42,2021-09-03,4.00,135-917,서울특별시 강남구 역삼동 696-28,N,,3220000-113-2021-00316,,3220000,"서울특별시 강남구 선릉로 529, 2층 2208호 (역삼동)",06149,01,영업/정상,유통전문판매업,,,,
,임대,비풀리 주식회사,유통전문판매업,,202724.214297488,445894.305854116,2026-05-03 22:50:37,I,01,영업,2,,,,,,,,,2023-09-07 17:09:31,2021-06-17,2.00,135-818,서울특별시 강남구 논현동 86-5,N,,3220000-113-2021-00317,,3220000,"서울특별시 강남구 논현로132길 13, 4층 4306호 (논현동)",06052,01,영업/정상,유통전문판매업,,,,
,자가,(주)브레이브컴퍼니,유통전문판매업,,202500.71442056,444569.274259064,2026-05-03 22:50:37,I,01,영업,0,,,,,,,,,2025-05-27 15:03:43,2021-07-12,408.45,135-908,서울특별시 강남구 역삼동 622-7 보나밴투라,N,,3220000-113-2021-00319,,3220000,"서울특별시 강남구 봉은사로18길 47, 보나밴투라 지하1층,1층,2층 (역삼동)",06128,01,영업/정상,유통전문판매업,,,,
,임대,(주)네오크레마,유통전문판매업,,203459.357782862,444554.551960967,2026-05-03 22:50:37,I,01,영업,18,,,,,,,,,2026-01-22 14:09:04,2021-03-15,18.00,135-915,서울특별시 강남구 역삼동 677-3,N,,3220000-113-2021-00321,,3220000,"서울특별시 강남구 언주로93길 27, 지하2층 (역삼동)",06142,01,영업/정상,유통전문판매업,,,,
,자가,주식회사 신미글로벌,유통전문판매업,,205330.313614472,445725.236017407,2026-05-03 22:50:37,I,01,영업,1021.49,0,0,0,,,,0,,2024-07-29 16:14:18,2021-04-28,"1,021.49",135-881,서울특별시 강남구 삼성동 160 아이파크타워,N,,3220000-113-2021-00322,,3220000,"서울특별시 강남구 영동대로 520, 아이파크타워 15층 (삼성동)",06170,01,영업/정상,유통전문판매업,02-2257-8791,,,
,임대,주식회사 에임헬스,유통전문판매업,,202502.37792332,446277.181689377,2026-05-03 22:50:38,I,01,영업,80,,,,,,,,,2024-08-01 15:24:34,2021-04-14,80.00,135-816,서울특별시 강남구 논현동 66-9 세화빌딩,N,,3220000-113-2021-00323,,3220000,"서울특별시 강남구 논현로 748, 세화빌딩 지상7층 (논현동)",06049,01,영업/정상,유통전문판매업,,,,
,자가,주식회사 웰니스엠에스,유통전문판매업,,202993.437818281,447400.303560123,2026-05-03 22:50:38,I,01,영업,1.65,0,0,0,,,,0,,2024-08-05 13:57:29,2021-09-17,1.65,135-896,서울특별시 강남구 신사동 638-2,N,,3220000-113-2021-00324,,3220000,"서울특별시 강남구 압구정로 306, 지하1층 4-135호 (신사동)",06017,01,영업/정상,유통전문판매업,070-7543-6470,,,상수도전용
,자가,주식회사 컨비니,유통전문판매업,,203738.395356966,442556.038839045,2026-05-03 22:50:38,I,01,영업,97.2,,,,,,,,,2024-08-12 17:49:20,2021-09-15,97.20,135-854,서울특별시 강남구 도곡동 412-5,N,,3220000-113-2021-00325,,3220000,"서울특별시 강남구 논현로38길 18, 2층 (도곡동)",06296,01,영업/정상,유통전문판매업,070-7525-5391,,,
,임대,우주바이오 주식회사,유통전문판매업,,203001.903314673,447202.164711621,2026-05-03 22:50:38,I,01,영업,103.2,,,,,,,,,2024-10-17 15:53:55,2021-12-14,103.20,135-896,서울특별시 강남구 신사동 636-29,N,,3220000-113-2021-00326,,3220000,"서울특별시 강남구 언주로170길 13, 3층 (신사동)",06017,01,영업/정상,유통전문판매업,,,,
,임대,리버벨 커피(riverbell coffee),유통전문판매업,,204648.647614024,445374.877826055,2026-05-03 22:50:38,I,01,영업,8,,,,,,,,,2024-10-23 14:14:37,2021-01-18,8.00,135-509,서울특별시 강남구 삼성동 121-37,N,,3220000-113-2021-00327,,3220000,"서울특별시 강남구 삼성로107길 11-15, 지상1층 (삼성동)",06155,01,영업/정상,유통전문판매업,,,,
,임대,유한회사 태항,유통전문판매업,,202947.482718991,445523.523457523,2026-05-03 22:50:38,I,01,영업,111.01,,,,,,,,,2024-10-24 14:42:14,2021-03-04,111.01,135-829,서울특별시 강남구 논현동 219-11 N219빌딩(엔이일구빌딩),N,,3220000-113-2021-00328,,3220000,"서울특별시 강남구 학동로30길 37-16, N219빌딩(엔이일구빌딩) 지상3층 (논현동)",06106,01,영업/정상,유통전문판매업,,,,
,임대,(주)오가닉서라운딩,유통전문판매업,,204986.977259092,445021.423615875,2026-05-03 22:50:38,I,01,영업,65,,,,,,,,,2025-09-03 16:00:25,2021-02-23,65.00,135-880,서울특별시 강남구 삼성동 157-33 하이브로빌딩,N,,3220000-113-2021-00329,,3220000,"서울특별시 강남구 테헤란로 503, 하이브로빌딩 11층 1101호 (삼성동)",06168,01,영업/정상,유통전문판매업,,,,
,임대,(주)엘엔티이,유통전문판매업,,202399.089128681,445950.809922804,2026-05-03 22:50:38,I,01,영업,10,0,0,0,,,,0,,2024-12-23 14:48:50,2021-01-08,10.00,135-812,서울특별시 강남구 논현동 29-9,N,,3220000-113-2021-00330,,3220000,"서울특별시 강남구 학동로25길 35, 지상2층 (논현동)",06041,01,영업/정상,유통전문판매업,02-792-7572,,,
,임대,주식회사 에이치에프바이오,유통전문판매업,,203946.726844691,441785.581589162,2026-05-03 22:50:38,I,01,영업,268.74,,,,,,,,,2025-04-14 14:11:05,2021-04-06,268.74,135-964,서울특별시 강남구 개포동 1238-2 금화빌딩,N,,3220000-113-2021-00331,,3220000,"서울특별시 강남구 개포로 206, 금화빌딩 2층 (개포동)",06307,01,영업/정상,유통전문판매업,070-8680-0348,,,
,자가,주식회사 지앤바이오솔루션,유통전문판매업,2026-04-29,204248.476279409,445449.366434481,2026-05-03 22:50:38,I,02,폐업,97.56,,,,,,,,,2026-04-29 14:13:22,2021-11-23,97.56,135-509,서울특별시 강남구 삼성동 114-21,N,,3220000-113-2021-00332,,3220000,"서울특별시 강남구 봉은사로68길 6-12, 2층 (삼성동)",06153,03,폐업,유통전문판매업,,,,
,자가,주식회사 디앤비아이앤씨,유통전문판매업,,203671.645686999,444263.075193786,2026-05-03 22:50:45,I,01,영업,66,,,,,,,,,2024-03-28 16:05:16,2024-03-28,66.00,135-920,서울특별시 강남구 역삼동 722 경남아파트,N,,3220000-113-2024-00058,,3220000,"서울특별시 강남구 언주로85길 13, 지하1층 3호 (역삼동, 경남아파트)",06222,01,영업/정상,유통전문판매업,,,,
,자가,해빙컴퍼니,유통전문판매업,,203125.055,446027.47,2026-05-03 22:50:45,I,01,영업,3.3,,,,,,,,,2024-04-01 12:19:44,2024-04-01,3.30,135-821,서울특별시 강남구 논현동 115-22,N,,3220000-113-2024-00060,,3220000,"서울특별시 강남구 언주로134길 6, 지상2층 202호 B408호 (논현동)",06061,01,영업/정상,유통전문판매업,,,,
,자가,코벨트글로벌 주식회사,유통전문판매업,,209055.480464368,442735.704146657,2026-05-03 22:50:45,I,01,영업,15,0,0,0,,,,0,,2024-04-04 14:53:24,2024-04-04,15.00,135-885,서울특별시 강남구 수서동 725 수서타워,N,,3220000-113-2024-00062,,3220000,"서울특별시 강남구 광평로56길 8-13, 수서타워 17층 1706호 (수서동)",06367,01,영업/정상,유통전문판매업,02-557-0501,,,
,자가,(주)하우인 신사 사업장,유통전문판매업,,202445.756046514,446560.50645578,2026-05-03 22:50:45,I,01,영업,30,0,0,0,,,,0,,2026-01-23 17:10:24,2024-04-04,30.00,135-893,서울특별시 강남구 신사동 590 ICL빌딩,N,,3220000-113-2024-00063,,3220000,"서울특별시 강남구 논현로 816, ICL빌딩 6층 606호 (신사동)",06025,01,영업/정상,유통전문판매업,,,,
,임대,주식회사 슈퍼빅메가,유통전문판매업,,202980.229130822,444692.727490889,2026-05-03 22:50:45,I,01,영업,100,,,,,,,,,2024-04-09 09:28:09,2024-04-09,100.00,135-908,서울특별시 강남구 역삼동 628 중일빌딩,N,,3220000-113-2024-00065,,3220000,"서울특별시 강남구 논현로101길 7, 중일빌딩 3층 302호 (역삼동)",06126,01,영업/정상,유통전문판매업,,,,
,자가,(주)프렌치코스텍,유통전문판매업,,204613.931363088,445538.818870675,2026-05-03 22:50:45,I,01,영업,75.24,0,0,0,,,,0,,2025-04-22 10:18:36,2024-04-12,75.24,135-509,서울특별시 강남구 삼성동 119-13,N,,3220000-113-2024-00067,,3220000,"서울특별시 강남구 봉은사로78길 11, 2층 (삼성동)",06154,01,영업/정상,유통전문판매업,,,,
,자가,주식회사 포도,유통전문판매업,,203934.719263754,441706.866401197,2026-05-03 22:50:45,I,01,영업,10,0,0,0,,,,0,,2024-04-16 11:42:28,2024-04-16,10.00,135-964,서울특별시 강남구 개포동 1229-3 이손빌딩,N,,3220000-113-2024-00068,,3220000,"서울특별시 강남구 논현로 84, 이손빌딩 8층 (개포동)",06307,01,영업/정상,유통전문판매업,,,,
,자가,비비프로젝트,유통전문판매업,,207112.195695469,443163.101895121,2026-05-03 22:50:45,I,01,영업,1.1,,,,,,,,,2024-04-16 13:00:02,2024-04-16,1.10,135-516,서울특별시 강남구 일원동 684 남경빌딩,N,,3220000-113-2024-00069,,3220000,"서울특별시 강남구 일원로 35, 남경빌딩 4층 4883호 (일원동)",06343,01,영업/정상,유통전문판매업,070-8080-2385,,,
,자가,(주)헬스케어플랜잇,유통전문판매업,,203495.929163019,444569.7868923,2026-05-03 22:50:45,I,01,영업,10,,,,,,,,,2024-04-16 15:39:56,2024-04-16,10.00,135-915,서울특별시 강남구 역삼동 677-5 남전타운,N,,3220000-113-2024-00070,,3220000,"서울특별시 강남구 언주로93길 21, 남전타운 6층 (역삼동)",06142,01,영업/정상,유통전문판매업,02-6925-5580,,,
,자가,참다움푸드,유통전문판매업,,203081.161708641,444381.101104143,2026-05-03 22:50:45,I,01,영업,71.14,,,,,,,,,2024-07-10 14:49:51,2024-04-16,71.14,135-910,서울특별시 강남구 역삼동 642-1 역삼현대벤쳐텔,N,,3220000-113-2024-00071,,3220000,"서울특별시 강남구 테헤란로25길 20, 역삼현대벤쳐텔 6층 601호 (역삼동)",06132,01,영업/정상,유통전문판매업,02-558-7105,,,
,자가,로움에프앤비 주식회사,유통전문판매업,,202923.154358268,442967.242383596,2026-05-03 22:50:45,I,01,영업,89,0,0,0,,,,0,,2024-04-17 14:23:31,2024-04-17,89.00,135-860,서울특별시 강남구 도곡동 945-18 광일빌딩,N,,3220000-113-2024-00072,,3220000,"서울특별시 강남구 도곡로4길 18, 광일빌딩 3층 301호 중 302호 (도곡동)",06258,01,영업/정상,유통전문판매업,,,,
,자가,주식회사 라엘코리아,유통전문판매업,,203715.40041884,445751.29272779,2026-05-03 22:50:45,I,01,영업,281.48,0,0,0,,,,0,,2024-04-17 14:29:55,2024-04-17,281.48,135-864,서울특별시 강남구 삼성동 9-22 서경빌딩,N,,3220000-113-2024-00074,,3220000,"서울특별시 강남구 선릉로 642, 서경빌딩 지상5층 (삼성동)",06092,01,영업/정상,유통전문판매업,,,,
,자가,주식회사 챙기고,유통전문판매업,,205271.275273064,445852.638814088,2026-05-03 22:50:45,I,01,영업,1.65,,,,,,,,,2024-04-17 14:53:57,2024-04-17,1.65,135-873,서울특별시 강남구 삼성동 107 삼성동 미켈란 107,N,,3220000-113-2024-00075,,3220000,"서울특별시 강남구 영동대로 602, 6층 z353호 (삼성동, 삼성동 미켈란 107)",06083,01,영업/정상,유통전문판매업,,,,
,자가,(주)스토어인스토리,유통전문판매업,,203228.552414265,444547.81719837,2026-05-03 22:50:45,I,01,영업,164.18,0,0,0,,,,0,,2024-04-18 12:55:41,2024-04-18,164.18,135-915,서울특별시 강남구 역삼동 669-13,N,,3220000-113-2024-00076,,3220000,"서울특별시 강남구 테헤란로27길 27, 지하2층 (역삼동)",06140,01,영업/정상,유통전문판매업,02-552-2307,,,
,자가,주식회사 스웩베리,유통전문판매업,2026-04-06,201716.685551826,446198.26983211,2026-05-03 22:50:45,I,02,폐업,4,0,0,0,,,,0,,2026-04-06 09:22:07,2024-04-18,4.00,135-887,서울특별시 강남구 신사동 511-1 다복빌딩,N,,3220000-113-2024-00077,,3220000,"서울특별시 강남구 강남대로156길 12, 다복빌딩 4층 F76호 (신사동)",06035,03,폐업,유통전문판매업,,,,
,자가,(주)넥스트바이랩,유통전문판매업,,202721.213833334,443912.486403479,2026-05-03 22:50:22,I,01,영업,1.3,,,,,,,,,2022-05-10 11:28:34,2018-12-11,1.30,135-934,서울특별시 강남구 역삼동 824-29,N,,3220000-113-2018-00156,,3220000,"서울특별시 강남구 테헤란로8길 22, 지상2층 202-88호 (역삼동)",,01,영업/정상,유통전문판매업,,,,
,자가,라온에프앤비 주식회사,유통전문판매업,,204762.75,444723.84,2026-05-03 22:50:22,I,01,영업,70,0,0,0,,,,0,,2025-06-12 10:04:08,2018-08-29,70.00,135-840,서울특별시 강남구 대치동 891-52 동보빌딩,N,,3220000-113-2018-00157,,3220000,"서울특별시 강남구 삼성로85길 32, 동보빌딩 7층 (대치동)",06194,01,영업/정상,유통전문판매업,031-224-7861,,,
,임대,주식회사 유호,유통전문판매업,,202170.991539231,446138.785032979,2026-05-03 22:50:22,I,01,영업,229.55,,,,,,,,,2023-05-23 15:30:30,2018-03-27,229.55,135-812,서울특별시 강남구 논현동 10-3,N,,3220000-113-2018-00159,,3220000,"서울특별시 강남구 도산대로16길 13-7, 지하1층 비101호 (논현동)",06040,01,영업/정상,유통전문판매업,02-588-8308,,,
,자가,(주)마이노멀컴퍼니,유통전문판매업,,202024.615630329,444994.659484536,2026-05-03 22:50:22,I,01,영업,439.67,0,0,0,,,,0,,2024-08-05 14:54:37,2018-10-31,439.67,135-825,서울특별시 강남구 논현동 165 서희빌딩,N,,3220000-113-2018-00161,,3220000,"서울특별시 강남구 강남대로 502, 서희빌딩 지상6층 (논현동)",06119,01,영업/정상,유통전문판매업,,,,
,자가,혜인서,유통전문판매업,,201972.719955591,445352.282353774,2026-05-03 22:50:22,I,01,영업,4,0,0,0,,,,0,,2024-08-21 10:28:20,2018-01-22,4.00,135-822,서울특별시 강남구 논현동 141-12,N,,3220000-113-2018-00162,,3220000,"서울특별시 강남구 학동로4길 16, 4층 (논현동)",06110,01,영업/정상,유통전문판매업,070-8809-1987,,,
,임대,(주)볼드인터내셔널,유통전문판매업,,203588.048190661,446183.368328818,2026-05-03 22:50:22,I,01,영업,4.95,,,,,,,,,2024-10-29 16:33:33,2018-04-16,4.95,135-764,서울특별시 강남구 청담동 41 청담빌딩,N,,3220000-113-2018-00163,,3220000,"서울특별시 강남구 선릉로 704, 청담빌딩 10층 614호 (청담동)",06069,01,영업/정상,유통전문판매업,,,,
,임대,(주)슬릭코퍼레이션,유통전문판매업,,203923.219525223,445068.877036978,2026-05-03 22:50:22,I,01,영업,0,0,0,0,,,,0,,2025-03-24 16:59:52,2018-08-09,10.65,135-916,서울특별시 강남구 역삼동 683-34 새롬빌딩,N,,3220000-113-2018-00164,,3220000,"서울특별시 강남구 선릉로 551, 새롬빌딩 지상5층 (역삼동)",06145,01,영업/정상,유통전문판매업,070-4837-4820,,,
,자가,주식회사 캔디드샷,유통전문판매업,,202228.136381639,446786.657602103,2026-05-03 22:50:22,I,01,영업,8,,,,,,,,,2019-01-04 15:10:37,2019-01-04,8.00,135-891,서울특별시 강남구 신사동 567-6,N,,3220000-113-2019-00001,,3220000,"서울특별시 강남구 논현로161길 27, 지하1층 (신사동)",06031,01,영업/정상,유통전문판매업,02-545-7518,,,
,자가,블라써미,유통전문판매업,,204615.364777705,444884.394551474,2026-05-03 22:50:22,I,01,영업,8,,,,,,,,,2019-01-04 17:31:56,2019-01-04,8.00,135-877,서울특별시 강남구 삼성동 143-37 현대타워,N,,3220000-113-2019-00002,,3220000,"서울특별시 강남구 테헤란로 423, 9층 (삼성동, 현대타워)",06159,01,영업/정상,유통전문판매업,,,,
,자가,(주)캐스크파트너스,유통전문판매업,,204070.23835948,445477.407575316,2026-05-03 22:50:22,I,01,영업,10.81,0,0,0,,,,0,,2021-09-30 09:17:02,2019-01-11,10.81,135-867,서울특별시 강남구 삼성동 38-23 위즈빌딩,N,,3220000-113-2019-00004,,3220000,"서울특별시 강남구 봉은사로 429, 위즈빌딩 지하1층 112호 (삼성동)",06097,01,영업/정상,유통전문판매업,02-548-0399,,,
,임대,로페,유통전문판매업,,203588.048190661,446183.368328818,2026-05-03 22:50:22,I,01,영업,4.95,,,,,,,,,2025-08-18 14:39:50,2019-01-17,4.95,135-764,서울특별시 강남구 청담동 41 청담빌딩,N,,3220000-113-2019-00006,,3220000,"서울특별시 강남구 선릉로 704, 청담빌딩 12층 114호 (청담동)",06069,01,영업/정상,유통전문판매업,,,,
,자가,(주)알링크,유통전문판매업,,205649.942111215,445934.141269419,2026-05-03 22:50:22,I,01,영업,33,,,,,,,,,2019-01-18 17:01:42,2019-01-18,33.00,135-873,서울특별시 강남구 삼성동 109-5,N,,3220000-113-2019-00007,,3220000,"서울특별시 강남구 영동대로112길 54, 지상1층 (삼성동)",06083,01,영업/정상,유통전문판매업,,,,
,자가,주식회사 바디나인,유통전문판매업,,203311.975,444417.27,2026-05-03 22:50:22,I,01,영업,195.84,,,,,,,,,2019-06-28 17:44:23,2019-01-22,195.84,135-915,서울특별시 강남구 역삼동 678-23,N,,3220000-113-2019-00008,,3220000,"서울특별시 강남구 테헤란로27길 8, 6층 (역삼동)",06141,01,영업/정상,유통전문판매업,070-4412-0088,,,
,자가,주식회사 디토코리아,유통전문판매업,,202993.114720306,443781.496879116,2026-05-03 22:50:22,I,01,영업,63.6,,,,,,,,,2019-01-24 14:06:37,2019-01-24,63.60,135-924,서울특별시 강남구 역삼동 742-15,N,,3220000-113-2019-00010,,3220000,"서울특별시 강남구 논현로79길 53, 2층 (역삼동)",06245,01,영업/정상,유통전문판매업,02-512-6594,,,
,자가,더경옥,유통전문판매업,,204084.225003479,446682.833086193,2026-05-03 22:50:22,I,01,영업,6,0,0,0,,,,0,,2021-09-30 09:17:22,2019-02-07,6.00,135-949,서울특별시 강남구 청담동 11-1,N,,3220000-113-2019-00014,,3220000,"서울특별시 강남구 삼성로145길 13, 지상1층 102호 (청담동)",06063,01,영업/정상,유통전문판매업,02-3013-1075,,,
,자가,(주)아이언가이즈,유통전문판매업,,202511.808899011,446745.631942254,2026-05-03 22:50:22,I,01,영업,8.67,,,,,,,,,2025-11-06 09:18:47,2019-02-12,8.67,135-893,서울특별시 강남구 신사동 597-3,N,,3220000-113-2019-00020,,3220000,"서울특별시 강남구 압구정로30길 67, 지상2층 (신사동)",06025,01,영업/정상,유통전문판매업,070-4903-5747,,,
,자가,(주)원팩토리,유통전문판매업,,203791.109636919,445577.370703287,2026-05-03 22:50:22,I,01,영업,70,,,,,,,,,2019-02-13 17:15:13,2019-02-13,70.00,135-867,서울특별시 강남구 삼성동 35-19,N,,3220000-113-2019-00021,,3220000,"서울특별시 강남구 선릉로116길 6, 지하1층 (삼성동)",06097,01,영업/정상,유통전문판매업,070-5029-3955,,,
,자가,(주)호족반,유통전문판매업,,203177.880892259,447023.90188843,2026-05-03 22:50:29,I,01,영업,1.29,,,,,,,,,2020-11-10 10:03:15,2020-11-10,1.29,135-896,서울특별시 강남구 신사동 646-23,N,,3220000-113-2020-00223,,3220000,"서울특별시 강남구 언주로164길 39, 1층 (신사동)",06020,01,영업/정상,유통전문판매업,070-8869-3696,,,
,자가,주식회사 자몽컴즈,유통전문판매업,,202779.506385614,444212.378808772,2026-05-03 22:50:29,I,01,영업,9.9,,,,,,,,,2021-04-14 15:59:59,2020-11-12,9.90,135-911,서울특별시 강남구 역삼동 648-9,N,,3220000-113-2020-00227,,3220000,"서울특별시 강남구 테헤란로 129, 지상7층 717호 (역삼동)",06133,01,영업/정상,유통전문판매업,,,,
,자가,주식회사 우성에프앤에스,유통전문판매업,,203048.546113266,445185.32224089,2026-05-03 22:50:29,I,01,영업,46.52,,,,,,,,,2020-11-13 12:36:08,2020-11-13,46.52,135-830,서울특별시 강남구 논현동 233-4,N,,3220000-113-2020-00228,,3220000,"서울특별시 강남구 논현로114길 22, 지하1층 2호 (논현동)",06109,01,영업/정상,유통전문판매업,02-511-4579,,,
,자가,주식회사 로프트랩,유통전문판매업,,204377.539371534,445582.398728238,2026-05-03 22:50:29,I,01,영업,279.46,,,,,,,,,2024-08-21 15:29:50,2020-11-16,279.46,135-868,서울특별시 강남구 삼성동 49-9,N,,3220000-113-2020-00230,,3220000,"서울특별시 강남구 봉은사로 465, 8층 (삼성동)",06096,01,영업/정상,유통전문판매업,,,,
,자가,콘트롤엔 주식회사,유통전문판매업,,202161.020617773,444633.499865115,2026-05-03 22:50:29,I,01,영업,11,,,,,,,,,2022-05-03 12:28:49,2020-04-06,11.00,135-931,서울특별시 강남구 역삼동 809 비제바노,N,,3220000-113-2020-00232,,3220000,"서울특별시 강남구 강남대로 464, 비제바노 지상3층 320호 (역삼동)",06123,01,영업/정상,유통전문판매업,02-6949-1515,,,
,자가,링 컴퍼니,유통전문판매업,,202342.312292366,446442.176186874,2026-05-03 22:50:29,I,01,영업,5,,,,,,,,,2020-11-24 14:30:59,2020-11-24,5.00,135-891,서울특별시 강남구 신사동 563-21,N,,3220000-113-2020-00237,,3220000,"서울특별시 강남구 논현로151길 11, 지상1층 2호 (신사동)",06037,01,영업/정상,유통전문판매업,,,,
,자가,후라이드참잘하는집,유통전문판매업,,203050.783890109,446316.514036122,2026-05-03 22:50:29,I,01,영업,244.86,,,,,,,,,2024-12-18 17:26:00,2020-11-25,244.86,135-714,서울특별시 강남구 논현동 105-7 두산빌딩,N,,3220000-113-2020-00239,,3220000,"서울특별시 강남구 언주로 726, 두산빌딩 16층 (논현동)",06057,01,영업/정상,유통전문판매업,,,,
,자가,아르고코퍼레이션(주),유통전문판매업,,203113.13966686,444772.244087071,2026-05-03 22:50:29,I,01,영업,0,,,,,,,,,2025-04-16 10:20:10,2020-11-25,135.81,135-913,서울특별시 강남구 역삼동 660-2,N,,3220000-113-2020-00241,,3220000,"서울특별시 강남구 논현로102길 11, 3층 (역삼동)",06136,01,영업/정상,유통전문판매업,070-5473-1217,,,
,자가,트루진스,유통전문판매업,,205608.795973174,444726.97838882,2026-05-03 22:50:29,I,01,영업,82.6,,,,,,,,,2024-10-28 16:02:53,2020-11-25,82.60,135-848,서울특별시 강남구 대치동 968 안양빌딩,N,,3220000-113-2020-00242,,3220000,"서울특별시 강남구 역삼로 558, 안양빌딩 8층 (대치동)",06188,01,영업/정상,유통전문판매업,02-534-4211,,,
,자가,(주)이앤아이트레이딩,유통전문판매업,,202113.683266487,445755.743319817,2026-05-03 22:50:29,I,01,영업,86,,,,,,,,,2020-11-26 11:18:36,2020-11-26,86.00,135-815,서울특별시 강남구 논현동 41-1,N,,3220000-113-2020-00243,,3220000,"서울특별시 강남구 강남대로136길 54, 1층 103호 (논현동)",06045,01,영업/정상,유통전문판매업,02-543-5520,,,
,자가,주식회사 인크레더블,유통전문판매업,,204507.402513367,447050.211219202,2026-05-03 22:50:29,I,01,영업,71.19,,,,,,,,,2020-11-30 14:26:39,2020-11-30,71.19,135-957,서울특별시 강남구 청담동 126-18,N,,3220000-113-2020-00246,,3220000,"서울특별시 강남구 도산대로99길 11, 4층 (청담동)",06013,01,영업/정상,유통전문판매업,02-6052-8837,,,
,자가,주식회사 다이닝팩토리,유통전문판매업,,202066.694352243,445103.804376992,2026-05-03 22:50:29,I,01,영업,100,,,,,,,,,2021-08-24 14:20:07,2020-12-01,100.00,135-825,서울특별시 강남구 논현동 163-17 상당빌딩,N,,3220000-113-2020-00247,,3220000,"서울특별시 강남구 강남대로122길 15, 지상6층 (논현동)",06114,01,영업/정상,유통전문판매업,02-3447-1019,,,
,,(주)브라보수산,유통전문판매업,,202066.694352243,445103.804376992,2026-05-03 22:50:29,I,01,영업,19,,,,,,,,,2020-12-01 09:43:01,2020-12-01,19.00,135-825,서울특별시 강남구 논현동 163-17 상당빌딩,N,,3220000-113-2020-00248,,3220000,"서울특별시 강남구 강남대로122길 15, 상당빌딩 6층 (논현동)",06114,01,영업/정상,유통전문판매업,,,,
,자가,(주)브라보이노베이션,유통전문판매업,,202066.694352243,445103.804376992,2026-05-03 22:50:29,I,01,영업,34.18,,,,,,,,,2021-08-24 14:39:19,2020-12-01,34.18,135-825,서울특별시 강남구 논현동 163-17 상당빌딩,N,,3220000-113-2020-00249,,3220000,"서울특별시 강남구 강남대로122길 15, 상당빌딩 6층 (논현동)",06114,01,영업/정상,유통전문판매업,02-3452-3442,,,
,자가,(주)곤,유통전문판매업,,203628.379145993,444413.806440695,2026-05-03 22:50:29,I,01,영업,30,,,,,,,,,2020-12-01 11:26:17,2020-12-01,30.00,135-920,서울특별시 강남구 역삼동 720-2 삼익 라비돌 빌딩,N,,3220000-113-2020-00251,,3220000,"서울특별시 강남구 테헤란로 234, 삼익 라비돌 빌딩 15층 (역삼동)",06221,01,영업/정상,유통전문판매업,070-5180-7799,,,
,자가,주식회사 바이오크로스,유통전문판매업,,209052.072465426,442797.138150563,2026-05-03 22:50:29,I,01,영업,61.51,,,,,,,,,2020-12-02 17:16:57,2020-12-02,61.51,135-744,서울특별시 강남구 수서동 724 로즈데일오피스텔,N,,3220000-113-2020-00252,,3220000,"서울특별시 강남구 광평로 280, 로즈데일오피스텔 18층 1817호 (수서동)",06367,01,영업/정상,유통전문판매업,02-3412-3004,,,
,자가,(주)바이오임팩트,유통전문판매업,,205034.076582582,445158.763300998,2026-05-03 22:50:29,I,01,영업,33,,,,,,,,,2023-10-05 11:23:10,2020-12-03,33.00,135-880,서울특별시 강남구 삼성동 158-25 매직킹덤빌딩,N,,3220000-113-2020-00253,,3220000,"서울특별시 강남구 테헤란로83길 18, 매직킹덤빌딩 7층 (삼성동)",06169,01,영업/정상,유통전문판매업,,,,
,자가,주식회사 썬리취글로벌,유통전문판매업,,202705.380723678,446541.48101064,2026-05-03 22:50:29,I,01,영업,19.77,,,,,,,,,2020-12-04 15:13:52,2020-12-04,19.77,135-893,서울특별시 강남구 신사동 588-16 현대썬앤빌,N,,3220000-113-2020-00254,,3220000,"서울특별시 강남구 도산대로 225, 13층 1310호 (신사동, 현대썬앤빌)",06026,01,영업/정상,유통전문판매업,,,,
,자가,(주)엔라이즈,유통전문판매업,,203107.706816249,444116.304481868,2026-05-03 22:50:38,I,01,영업,199.84,0,0,0,,,,0,,2025-07-18 11:58:45,2021-05-27,199.84,135-924,서울특별시 강남구 역삼동 736-58 위워크빌딩,N,,3220000-113-2021-00333,,3220000,"서울특별시 강남구 테헤란로26길 14, 위워크빌딩 2층 100호 (역삼동)",06236,01,영업/정상,유통전문판매업,,,,
,임대,주식회사로맨시브코자아,유통전문판매업,,203004.766681742,445822.606853521,2026-05-03 22:50:38,I,01,영업,0,,,,,,,,,2025-06-27 10:12:09,2021-10-20,3.00,135-996,서울특별시 강남구 논현동 210-3 SH빌딩,N,,3220000-113-2021-00334,,3220000,"서울특별시 강남구 언주로129길 6, SH빌딩 5층 502-56호 (논현동)",06104,01,영업/정상,유통전문판매업,,,,
,자가,복만당,유통전문판매업,,203311.617902145,445074.121017059,2026-05-03 22:50:38,I,01,영업,0,,,,,,,,,2025-07-25 15:49:06,2021-03-31,2.00,135-913,서울특별시 강남구 역삼동 653-4,N,,3220000-113-2021-00335,,3220000,"서울특별시 강남구 언주로 563, 401(근린생활시설)동 1층 116호 (역삼동)",06135,01,영업/정상,유통전문판매업,02-597-7774,,,
,자가,주식회사 큐라에스,유통전문판매업,,204615.364777705,444884.394551474,2026-05-03 22:50:38,I,01,영업,0,,,,,,,,,2025-08-14 13:11:44,2021-04-07,5.00,135-877,서울특별시 강남구 삼성동 143-37 현대타워,N,,3220000-113-2021-00336,,3220000,"서울특별시 강남구 테헤란로 423, 2층 2466호 (삼성동, 현대타워)",06159,01,영업/정상,유통전문판매업,,,,
,자가,더비욘드코퍼레이션(주),유통전문판매업,,204338.403739614,444582.424929426,2026-05-03 22:50:38,I,01,영업,6.16,0,0,0,,,,0,,2026-02-05 17:08:52,2021-02-05,6.16,135-839,서울특별시 강남구 대치동 889-41,N,,3220000-113-2021-00337,,3220000,"서울특별시 강남구 선릉로 428, 12층 101호 (대치동)",06192,01,영업/정상,유통전문판매업,070-5001-3152,,,
,자가,주식회사 엠제이엔터프라이즈,유통전문판매업,,204463.672145739,442729.65855854,2026-05-03 22:50:38,I,01,영업,170,,,,,,,,,2022-09-15 11:39:17,2022-01-03,170.00,135-856,서울특별시 강남구 도곡동 467-23 인스토피아,N,,3220000-113-2022-00002,,3220000,"서울특별시 강남구 언주로 120, 인스토피아 4층 1호 (도곡동)",06295,01,영업/정상,유통전문판매업,,,,
,자가,워너비즈,유통전문판매업,,203585.14122578,445668.300305917,2026-05-03 22:50:38,I,01,영업,269.8,,,,,,,,,2022-01-03 15:38:34,2022-01-03,269.80,135-833,서울특별시 강남구 논현동 266-1,N,,3220000-113-2022-00003,,3220000,"서울특별시 강남구 선릉로119길 15, 지하2층 (논현동)",06100,01,영업/정상,유통전문판매업,,,,
,자가,주식회사 노머스,유통전문판매업,,202088.929364071,446256.378495372,2026-05-03 22:50:38,I,01,영업,448.92,,,,,,,,,2022-01-05 15:43:07,2022-01-05,448.92,135-889,서울특별시 강남구 신사동 539-11 인우빌딩,N,,3220000-113-2022-00005,,3220000,"서울특별시 강남구 도산대로 145, 인우빌딩 7층 (신사동)",06036,01,영업/정상,유통전문판매업,,,,
,자가,(주)아이비알커머스,유통전문판매업,,202164.446961539,445774.304223053,2026-05-03 22:50:38,I,01,영업,162.24,,,,,,,,,2025-06-05 10:55:29,2022-01-13,162.24,135-815,서울특별시 강남구 논현동 41-4,N,,3220000-113-2022-00007,,3220000,"서울특별시 강남구 강남대로136길 60, 4층 (논현동)",06045,01,영업/정상,유통전문판매업,,,,
,자가,루이앤레이 주식회사,유통전문판매업,,202997.038890849,444258.742826799,2026-05-03 22:50:38,I,01,영업,270.05,,,,,,,,,2022-01-18 16:45:04,2022-01-18,270.05,135-911,서울특별시 강남구 역삼동 646-20,N,,3220000-113-2022-00011,,3220000,"서울특별시 강남구 테헤란로 141, 11층 (역삼동)",06132,01,영업/정상,유통전문판매업,02-3452-7071,,,
,자가,비움(Beum),유통전문판매업,,208882.377353339,439796.044686133,2026-05-03 22:50:38,I,01,영업,0,,,,,,,,,2022-01-20 17:27:35,2022-01-20,.00,135-190,서울특별시 강남구 세곡동 525 강남데시앙파크,N,,3220000-113-2022-00012,,3220000,"서울특별시 강남구 헌릉로590길 63, 515동 103호 (세곡동, 강남데시앙파크)",06366,01,영업/정상,유통전문판매업,,,,
,자가,주식회사 노라잇앤서,유통전문판매업,,203175.63878024,445233.806285677,2026-05-03 22:50:38,I,01,영업,4.5,0,0,0,,,,0,,2024-08-01 13:02:41,2022-01-25,4.50,135-831,서울특별시 강남구 논현동 237 논현 237,N,,3220000-113-2022-00013,,3220000,"서울특별시 강남구 언주로113길 7, 논현 237 3층 328호 (논현동)",06109,01,영업/정상,유통전문판매업,070-8680-6898,,,
,임대,에이치어클락,유통전문판매업,,202668.065422549,446332.171860773,2026-05-03 22:50:38,I,01,영업,3.3,,,,,,,,,2022-01-25 11:15:02,2022-01-25,3.30,135-816,서울특별시 강남구 논현동 65-24,N,,3220000-113-2022-00014,,3220000,"서울특별시 강남구 언주로147길 42, 지상2층 2061호 (논현동)",06049,01,영업/정상,유통전문판매업,,,,
,임대,(주)웰니스플래닛,유통전문판매업,,203441.321284184,447230.505304732,2026-05-03 22:50:38,I,01,영업,71.81,,,,,,,,,2022-01-26 14:55:13,2022-01-26,71.81,135-897,서울특별시 강남구 신사동 664-2 계전빌딩,N,,3220000-113-2022-00015,,3220000,"서울특별시 강남구 선릉로161길 8, 계전빌딩 지상2층 (신사동)",06018,01,영업/정상,유통전문판매업,,,,
,자가,중앙미생물디앤에이랩스,유통전문판매업,,203476.478513546,444648.015521162,2026-05-03 22:50:38,I,01,영업,142.14,,,,,,,,,2022-03-18 15:13:23,2022-02-04,142.14,135-915,서울특별시 강남구 역삼동 673-36,N,,3220000-113-2022-00017,,3220000,"서울특별시 강남구 테헤란로37길 27, 지상3층 (역삼동)",06139,01,영업/정상,유통전문판매업,02-1833-3080,,,
,자가,(주)헤어레시피,유통전문판매업,,203610.123149101,446848.654294053,2026-05-03 22:50:38,I,01,영업,50.78,,,,,,,,,2022-02-04 12:24:08,2022-02-04,50.78,135-954,서울특별시 강남구 청담동 91-2 아노블리81,N,,3220000-113-2022-00018,,3220000,"서울특별시 강남구 도산대로 419, 아노블리81 지상3층 304호 (청담동)",06016,01,영업/정상,유통전문판매업,,,,
,자가,트룰리디플리(TRULY DEEPLY),유통전문판매업,,202724.214297488,445894.305854116,2026-05-03 22:50:44,I,01,영업,2,,,,,,,,,2023-07-24 13:07:48,2023-07-24,2.00,135-818,서울특별시 강남구 논현동 86-5,N,,3220000-113-2023-00147,,3220000,"서울특별시 강남구 논현로132길 13, 지상4층 4290호 (논현동)",06052,01,영업/정상,유통전문판매업,,,,
,자가,주식회사 프레쉬오,유통전문판매업,,201716.685551826,446198.26983211,2026-05-03 22:50:44,I,01,영업,38,,,,,,,,,2025-07-08 13:27:29,2023-07-24,38.00,135-887,서울특별시 강남구 신사동 511-1 다복빌딩,N,,3220000-113-2023-00148,,3220000,"서울특별시 강남구 강남대로156길 12, 다복빌딩 4층 이64호 (신사동)",06035,01,영업/정상,유통전문판매업,,,,
,자가,주식회사 디노스튜디오,유통전문판매업,,204415.943976695,445526.694467345,2026-05-03 22:50:44,I,01,영업,112.65,0,0,0,,,,0,,2023-07-24 15:49:31,2023-07-24,112.65,135-509,서울특별시 강남구 삼성동 116 백우빌딩,N,,3220000-113-2023-00149,,3220000,"서울특별시 강남구 봉은사로 466, 백우빌딩 지상3층 201호 (삼성동)",06154,01,영업/정상,유통전문판매업,,,,
,자가,(주)제너럴네트,유통전문판매업,,205980.489521086,443997.301828734,2026-05-03 22:50:44,I,01,영업,181.04,,,,,,,,,2023-07-25 14:23:07,2023-07-25,181.04,135-501,서울특별시 강남구 대치동 994-9,N,,3220000-113-2023-00150,,3220000,"서울특별시 강남구 영동대로 217, 7층 701호 (대치동)",06283,01,영업/정상,유통전문판매업,02-538-6408,,,
,자가,(주)지앤코스,유통전문판매업,,205980.489521086,443997.301828734,2026-05-03 22:50:44,I,01,영업,60,,,,,,,,,2023-07-25 15:15:19,2023-07-25,60.00,135-501,서울특별시 강남구 대치동 994-9,N,,3220000-113-2023-00151,,3220000,"서울특별시 강남구 영동대로 217, 8층 (대치동)",06283,01,영업/정상,유통전문판매업,02-538-6409,,,
,임대,스트라이프커피 청담점,유통전문판매업,,204184.14316588,447019.754555806,2026-05-03 22:50:44,I,01,영업,3.3,,,,,,,,,2023-07-25 16:54:43,2023-07-25,3.30,135-955,서울특별시 강남구 청담동 117-39 마이우스,N,,3220000-113-2023-00152,,3220000,"서울특별시 강남구 도산대로83길 13, 마이우스 지상1층 101호 (청담동)",06011,01,영업/정상,유통전문판매업,,,,
,자가,리얼빈,유통전문판매업,,208630.753012031,441256.775089725,2026-05-03 22:50:44,I,01,영업,9.9,,,,,,,,,2023-07-27 16:42:47,2023-07-27,9.90,135-200,서울특별시 강남구 자곡동 476-67,N,,3220000-113-2023-00153,,3220000,"서울특별시 강남구 자곡로7길 22-2, 지상1층 (자곡동)",06372,01,영업/정상,유통전문판매업,,,,
,자가,디팟스토어,유통전문판매업,,203189.8868507,446142.280089708,2026-05-03 22:50:44,I,01,영업,129.64,,,,,,,,,2023-07-28 17:19:27,2023-07-28,129.64,135-821,서울특별시 강남구 논현동 107-38,N,,3220000-113-2023-00154,,3220000,"서울특별시 강남구 언주로136길 15, 지상2층 (논현동)",06058,01,영업/정상,유통전문판매업,,,,
,자가,주식회사 골든초이,유통전문판매업,2026-03-18,204480.307828948,444672.281771242,2026-05-03 22:50:44,I,02,폐업,18.64,,,,,,,,,2026-03-18 13:48:40,2023-08-02,18.64,135-839,서울특별시 강남구 대치동 890-54 선릉역 풍림아이원레몬,N,,3220000-113-2023-00155,,3220000,"서울특별시 강남구 테헤란로64길 13, 선릉역 풍림아이원레몬 6층 오605호 (대치동, 선릉역 풍림아이원레몬)",06193,03,폐업,유통전문판매업,,,,
,임대,립톤티앤인퓨전코리아 유한책임회사,유통전문판매업,,204338.403739614,444582.424929426,2026-05-03 22:50:44,I,01,영업,8.86,,,,,,,,,2024-06-21 11:46:50,2023-08-04,8.86,135-839,서울특별시 강남구 대치동 889-41,N,,3220000-113-2023-00156,,3220000,"서울특별시 강남구 선릉로 428, 9층 103호 (대치동)",06192,01,영업/정상,유통전문판매업,,,,
,임대,(주)글로엔트그룹,유통전문판매업,,203698.737137846,444439.683653923,2026-05-03 22:50:44,I,01,영업,106,,,,,,,,,2024-10-23 17:54:28,2023-08-08,106.00,135-920,서울특별시 강남구 역삼동 720-7 아이타워,N,,3220000-113-2023-00160,,3220000,"서울특별시 강남구 테헤란로 242, 아이타워 6층 (역삼동)",06221,01,영업/정상,유통전문판매업,,,,
,자가,주식회사 라라스윗,유통전문판매업,,205665.38350412,444657.728398171,2026-05-03 22:50:44,I,01,영업,928.12,,,,,,,,,2023-11-01 10:59:49,2023-08-08,928.12,135-848,서울특별시 강남구 대치동 968-4 동원빌딩,N,,3220000-113-2023-00161,,3220000,"서울특별시 강남구 영동대로 333, 동원빌딩 지상4층 (대치동)",06188,01,영업/정상,유통전문판매업,,,,
,자가,주식회사 가지랩,유통전문판매업,,203438.289630168,444452.223624735,2026-05-03 22:50:44,I,01,영업,68.8,,,,,,,,,2023-08-08 16:43:26,2023-08-08,68.80,135-915,서울특별시 강남구 역삼동 677-23 오렌지플래닛,N,,3220000-113-2023-00162,,3220000,"서울특별시 강남구 테헤란로 217, 오렌지플래닛 지상6층 601호 (역삼동)",06142,01,영업/정상,유통전문판매업,,,,
,임대,영카츠,유통전문판매업,,205291.089117778,443785.001948647,2026-05-03 22:50:44,I,01,영업,23.1,,,,,,,,,2023-08-08 16:55:35,2023-08-08,23.10,135-835,서울특별시 강남구 대치동 611 강남대학교 카이로스빌딩,N,,3220000-113-2023-00163,,3220000,"서울특별시 강남구 삼성로51길 11, 강남대학교 카이로스빌딩 지상1층 103호 (대치동)",06280,01,영업/정상,유통전문판매업,,,,
,자가,(주)국순당,유통전문판매업,,205716.370100777,445912.225754629,2026-05-03 22:50:44,I,01,영업,100,0,0,0,,,,0,,2023-08-11 14:13:04,2023-08-11,100.00,135-873,서울특별시 강남구 삼성동 110-3 국순당빌딩,N,,3220000-113-2023-00164,,3220000,"서울특별시 강남구 봉은사로 641, 국순당빌딩 4층 (삼성동)",06083,01,영업/정상,유통전문판매업,02-513-8605,,,
,임대,(주)서포트드림,유통전문판매업,,202681.330745918,443931.009857568,2026-05-03 22:50:44,I,01,영업,38.96,,,,,,,,,2023-08-14 11:44:50,2023-08-14,38.96,135-541,서울특별시 강남구 역삼동 824-25 대우디오빌플러스,N,,3220000-113-2023-00165,,3220000,"서울특별시 강남구 강남대로84길 33, 대우디오빌플러스 14층 1411호 (역삼동)",06233,01,영업/정상,유통전문판매업,,,,
,자가,아실,유통전문판매업,,203706.233720401,444858.910345821,2026-05-03 22:50:22,I,01,영업,30,0,0,0,,,,0,,2020-12-30 18:11:09,2019-02-14,30.00,135-917,서울특별시 강남구 역삼동 691-6,N,,3220000-113-2019-00023,,3220000,"서울특별시 강남구 봉은사로48길 44-17, 지상1층 (역삼동)",06146,01,영업/정상,유통전문판매업,02-515-8339,,,
,자가,주)케이앤티더블유,유통전문판매업,,202900.590297224,444136.728684457,2026-05-03 22:50:22,I,01,영업,7.94,,,,,,,,,2019-02-19 17:55:14,2019-02-19,7.94,135-923,서울특별시 강남구 역삼동 735-3 포스코타워 역삼(포스코P&S타워) 지상16층 1648호,N,,3220000-113-2019-00025,,3220000,"서울특별시 강남구 테헤란로 134, 포스코P&S타워 지상16층 1648호 (역삼동)",06235,01,영업/정상,유통전문판매업,070-7006-8888,,,
,자가,(주)스킨에이지코리아,유통전문판매업,,202907.284811703,446433.088094266,2026-05-03 22:50:22,I,01,영업,133.03,,,,,,,,,2019-02-20 16:41:28,2019-02-20,133.03,135-816,서울특별시 강남구 논현동 63-21,N,,3220000-113-2019-00026,,3220000,"서울특별시 강남구 언주로147길 6, 2층 (논현동)",06048,01,영업/정상,유통전문판매업,02-556-1793,,,
,자가,(주)네번째버스,유통전문판매업,,202668.615496816,443416.06894125,2026-05-03 22:50:22,I,01,영업,15,,,,,,,,,2021-11-03 11:14:29,2019-02-21,15.00,135-936,서울특별시 강남구 역삼동 832-16 BIEL 106,N,,3220000-113-2019-00027,,3220000,"서울특별시 강남구 역삼로 106, BIEL 106 지상2층 221호 (역삼동)",06252,01,영업/정상,유통전문판매업,070-4333-1002,,,
,자가,(주) 제이앤드,유통전문판매업,,202195.828858956,446311.052364766,2026-05-03 22:50:22,I,01,영업,49.32,0,0,0,,,,0,,2019-11-19 10:05:28,2019-03-08,49.32,135-890,서울특별시 강남구 신사동 561-31 신웅타워2,N,,3220000-113-2019-00032,,3220000,"서울특별시 강남구 도산대로 157, 신웅타워2 지상5층 (신사동)",06037,01,영업/정상,유통전문판매업,02-511-6685,,,
,자가,에이엠코스메틱(주),유통전문판매업,,205271.275273064,445852.638814088,2026-05-03 22:50:22,I,01,영업,1.65,,,,,,,,,2022-03-29 15:41:52,2019-03-13,1.65,135-873,서울특별시 강남구 삼성동 107 삼성동 미켈란 107,N,,3220000-113-2019-00036,,3220000,"서울특별시 강남구 영동대로 602, 지상6층 E220호 (삼성동, 삼성동 미켈란 107)",06083,01,영업/정상,유통전문판매업,53800000,,,
,자가,주식회사 플룬드,유통전문판매업,,202177.875794229,446647.63598541,2026-05-03 22:50:22,I,01,영업,0,,,,,,,,,2020-02-19 15:07:30,2019-03-14,20.00,135-890,서울특별시 강남구 신사동 553-22 신사주택,N,,3220000-113-2019-00037,,3220000,"서울특별시 강남구 논현로157길 32, 2층 206호 (신사동)",06033,01,영업/정상,유통전문판매업,,,,
,자가,주식회사 글루업,유통전문판매업,,202511.808899011,446745.631942254,2026-05-03 22:50:22,I,01,영업,20,,,,,,,,,2023-05-17 15:02:13,2019-03-18,20.00,135-893,서울특별시 강남구 신사동 597-3,N,,3220000-113-2019-00038,,3220000,"서울특별시 강남구 압구정로30길 67, 4층 (신사동)",06025,01,영업/정상,유통전문판매업,070-4903-5746,,,
,자가,달톤비알엠(주),유통전문판매업,,202065.222306289,445417.77695068,2026-05-03 22:50:22,I,01,영업,99,,,,,,,,,2021-04-12 11:06:47,2019-03-20,99.00,135-822,서울특별시 강남구 논현동 123-7,N,,3220000-113-2019-00039,,3220000,"서울특별시 강남구 학동로6길 11, 지상3층 (논현동)",06111,01,영업/정상,유통전문판매업,02-517-1632,,,
,자가,청운푸드,유통전문판매업,,204480.307828948,444672.281771242,2026-05-03 22:50:22,I,01,영업,18.64,,,,,,,,,2019-03-21 15:56:29,2019-03-21,18.64,135-839,서울특별시 강남구 대치동 890-54 선릉역 풍림아이원레몬,N,,3220000-113-2019-00041,,3220000,"서울특별시 강남구 테헤란로64길 13, 지상7층 708호 (대치동, 선릉역 풍림아이원레몬)",06193,01,영업/정상,유통전문판매업,,,,
,자가,(주)태림바이오텍,유통전문판매업,,203486.566625906,446015.211271969,2026-05-03 22:50:22,I,01,영업,38.26,,,,,,,,,2019-03-26 13:41:11,2019-03-26,38.26,135-830,서울특별시 강남구 논현동 241-14 보광빌딩,N,,3220000-113-2019-00042,,3220000,"서울특별시 강남구 선릉로129길 16, 보광빌딩 지상5층 502호 (논현동)",06099,01,영업/정상,유통전문판매업,02-514-8541,,,
,임대,베일러(주),유통전문판매업,,202713.874511721,445843.602475499,2026-05-03 22:50:23,I,01,영업,100,,,,,,,,,2023-01-10 12:05:08,2019-04-05,100.00,135-818,서울특별시 강남구 논현동 88 남송빌딩,N,,3220000-113-2019-00049,,3220000,"서울특별시 강남구 논현로132길 12, 남송빌딩 6층 (논현동)",06052,01,영업/정상,유통전문판매업,02-3471-4501,,,
,자가,주식회사 제이윤코스메틱,유통전문판매업,,204251.498855356,445610.068975009,2026-05-03 22:50:23,I,01,영업,90,,,,,,,,,2021-09-15 15:06:26,2019-04-11,90.00,135-868,서울특별시 강남구 삼성동 46-11,N,,3220000-113-2019-00051,,3220000,"서울특별시 강남구 선릉로112길 65, 지상3층 (삼성동)",06096,01,영업/정상,유통전문판매업,,,,
,자가,(주)나팔꽃에프앤비,유통전문판매업,,204926.500568736,446665.721313377,2026-05-03 22:50:23,I,01,영업,291.43,,,,,,,,,2020-04-23 11:05:03,2019-04-23,291.43,135-957,서울특별시 강남구 청담동 132-1 원일빌딩,N,,3220000-113-2019-00054,,3220000,"서울특별시 강남구 영동대로 720, 지상4층 (청담동)",06075,01,영업/정상,유통전문판매업,02-518-5455,,,
,자가,주식회사 바이포엠스튜디오,유통전문판매업,,203346.599638902,443798.212844336,2026-05-03 22:50:23,I,01,영업,157.62,0,0,0,,,,0,,2026-01-07 10:14:17,2019-04-23,157.62,135-925,서울특별시 강남구 역삼동 747-25,N,,3220000-113-2019-00055,,3220000,"서울특별시 강남구 논현로 407, 지상4층 (역삼동)",06247,01,영업/정상,유통전문판매업,,,,
,자가,천우신약주식회사,유통전문판매업,,204159.735,441731.32,2026-05-03 22:50:23,I,01,영업,79.8,0,0,0,,,,0,,2019-04-26 10:15:34,2019-03-22,79.80,135-964,서울특별시 강남구 개포동 1231-17 연빌딩,N,,3220000-113-2019-00056,,3220000,"서울특별시 강남구 개포로20길 17, 지상4층 (개포동)",06307,01,영업/정상,유통전문판매업,,,,
,자가,혼쇼핑,유통전문판매업,,202975.045940135,444034.659792294,2026-05-03 22:50:23,I,01,영업,1.3,,,,,,,,,2019-04-30 15:35:43,2019-04-30,1.30,135-923,서울특별시 강남구 역삼동 735-36,N,,3220000-113-2019-00059,,3220000,"서울특별시 강남구 테헤란로20길 18, 지상2층 (역삼동)",06235,01,영업/정상,유통전문판매업,,,,
,자가,(주)만세벤처스,유통전문판매업,,205271.275273064,445852.638814088,2026-05-03 22:50:29,I,01,영업,1.65,,,,,,,,,2020-12-04 17:30:56,2020-12-04,1.65,135-873,서울특별시 강남구 삼성동 107 삼성동 미켈란 107,N,,3220000-113-2020-00255,,3220000,"서울특별시 강남구 영동대로 602, 6층 E38호 (삼성동, 삼성동 미켈란 107)",06083,01,영업/정상,유통전문판매업,,,,
,자가,주식회사 엠에스코,유통전문판매업,,202713.874511721,445843.602475499,2026-05-03 22:50:29,I,01,영업,0,0,0,0,,,,0,,2024-02-27 16:41:39,2020-12-08,297.00,135-818,서울특별시 강남구 논현동 88 남송빌딩,N,,3220000-113-2020-00256,,3220000,"서울특별시 강남구 논현로132길 12, 남송빌딩 지상4층 (논현동)",06052,01,영업/정상,유통전문판매업,02-544-2468,,,
,자가,헤브론컬처스 주식회사,유통전문판매업,,203471.517153828,447181.180021783,2026-05-03 22:50:29,I,01,영업,20,,,,,,,,,2020-12-08 16:30:07,2020-12-08,20.00,135-897,서울특별시 강남구 신사동 664-8 삼희빌딩,N,,3220000-113-2020-00258,,3220000,"서울특별시 강남구 선릉로 837, 삼희빌딩 2층 (신사동)",06018,01,영업/정상,유통전문판매업,,,,
,자가,주식회사 제로모먼트,유통전문판매업,,203033.833519196,444137.076445002,2026-05-03 22:50:29,I,01,영업,199.54,0,0,0,,,,0,,2025-11-28 13:48:53,2020-12-10,199.54,135-924,서울특별시 강남구 역삼동 736-38,N,,3220000-113-2020-00259,,3220000,"서울특별시 강남구 논현로87길 19, 지상6층 (역삼동)",06236,01,영업/정상,유통전문판매업,,,,
,자가,주식회사 쥬비스다이어트,유통전문판매업,,205029.23491486,444833.232387938,2026-05-03 22:50:29,I,01,영업,243.15,,,,,,,,,2024-12-09 15:10:57,2020-12-10,243.15,135-845,서울특별시 강남구 대치동 942-4 익성대치,N,,3220000-113-2020-00261,,3220000,"서울특별시 강남구 삼성로 434, 14층 (대치동)",06178,01,영업/정상,유통전문판매업,02-1600-0441,,,
,자가,농업회사법인 주식회사 티팡,유통전문판매업,,204780.065,446490.77,2026-05-03 22:50:29,I,01,영업,124,,,,,,,,,2020-12-11 11:27:56,2020-12-11,124.00,135-953,서울특별시 강남구 청담동 70-11,N,,3220000-113-2020-00262,,3220000,"서울특별시 강남구 영동대로131길 16, 2층 201호 (청담동)",06072,01,영업/정상,유통전문판매업,,,,
,자가,(주)베러댄투데이,유통전문판매업,,208998.325398639,440929.831806465,2026-05-03 22:50:29,I,01,영업,66,,,,,,,,,2021-11-26 16:08:07,2020-12-11,66.00,135-210,서울특별시 강남구 율현동 324-3,N,,3220000-113-2020-00264,,3220000,"서울특별시 강남구 밤고개로24길 84-23, 지상1층 (율현동)",06377,01,영업/정상,유통전문판매업,02-573-0429,,,
,자가,주식회사 한진휴에프,유통전문판매업,,202303.925407734,446915.662390513,2026-05-03 22:50:29,I,01,영업,169.72,,,,,,,,,2020-12-14 14:49:48,2020-12-14,169.72,135-891,서울특별시 강남구 신사동 570-3,N,,3220000-113-2020-00265,,3220000,"서울특별시 강남구 논현로167길 15, 지상6층 (신사동)",06031,01,영업/정상,유통전문판매업,02-2279-6814,,,
,자가,사단법인 국제푸른나무,유통전문판매업,,203453.60704497,446675.615756198,2026-05-03 22:50:29,I,01,영업,60,,,,,,,,,2020-12-15 10:47:46,2020-12-15,60.00,135-948,서울특별시 강남구 청담동 1-19 청담원빌딩,N,,3220000-113-2020-00266,,3220000,"서울특별시 강남구 선릉로 758-2, 청담원빌딩 지하1층 (청담동)",06062,01,영업/정상,유통전문판매업,02-3482-2000,,,
,자가,(주)파켓,유통전문판매업,,203145.214135042,446735.298655882,2026-05-03 22:50:29,I,01,영업,401.85,,,,,,,,,2025-12-02 12:25:33,2020-12-15,401.85,135-897,서울특별시 강남구 신사동 651-16 호림아트센터 2빌딩,N,,3220000-113-2020-00267,,3220000,"서울특별시 강남구 도산대로45길 6, 호림아트센터 2빌딩 지상2층 202호,203호 (신사동)",06021,01,영업/정상,유통전문판매업,070-7730-5658,,,
,자가,더블유 와이더블유(WYW),유통전문판매업,,205191.3141658,444916.197867865,2026-05-03 22:50:29,I,01,영업,0,,,,,,,,,2024-06-24 16:54:47,2020-12-16,4.00,135-845,서울특별시 강남구 대치동 943-29 동구빌딩,N,,3220000-113-2020-00268,,3220000,"서울특별시 강남구 테헤란로86길 15, 동구빌딩 3층 3178호 (대치동)",06179,01,영업/정상,유통전문판매업,,,,
,자가,(주)더좋은물,유통전문판매업,,204447.56877258,442881.535240035,2026-05-03 22:50:29,I,01,영업,45.57,,,,,,,,,2020-12-17 14:33:21,2020-12-17,45.57,135-971,"서울특별시 강남구 도곡동 467-6 대림아크로빌, 대림아크로텔",N,,3220000-113-2020-00269,,3220000,"서울특별시 강남구 언주로30길 13, C동 2008호 (도곡동, 대림아크로빌, 대림아크로텔)",06292,01,영업/정상,유통전문판매업,,,,
,자가,(주)바로이노베이션,유통전문판매업,,204266.999010413,446987.754977189,2026-05-03 22:50:29,I,01,영업,33,,,,,,,,,2024-02-16 14:59:34,2020-12-17,33.00,135-957,서울특별시 강남구 청담동 124,N,,3220000-113-2020-00270,,3220000,"서울특별시 강남구 도산대로85길 8, 3층 (청담동)",06012,01,영업/정상,유통전문판매업,,,,
,임대,(주)블링크프로젝트,유통전문판매업,,201805.601438215,445756.880381389,2026-05-03 22:50:38,I,01,영업,284.61,,,,,,,,,2024-06-11 17:31:19,2022-02-07,284.61,135-814,서울특별시 강남구 논현동 21-16 비피유,N,,3220000-113-2022-00019,,3220000,"서울특별시 강남구 강남대로140길 9, 비피유 지상6층,7층 (논현동)",06043,01,영업/정상,유통전문판매업,,,,
,자가,(주)리얼파운더스,유통전문판매업,,205011.510080057,445106.457538784,2026-05-03 22:50:38,I,01,영업,25.97,,,,,,,,,2023-06-21 16:17:51,2022-02-08,25.97,135-880,서울특별시 강남구 삼성동 157-18,N,,3220000-113-2022-00021,,3220000,"서울특별시 강남구 테헤란로83길 11, 지상12층 1201호 (삼성동)",06168,01,영업/정상,유통전문판매업,02-6956-6631,,,
,임대,(주)바이오웨이브,유통전문판매업,,203500.977071625,446253.695185339,2026-05-03 22:50:38,I,01,영업,66,,,,,,,,,2022-02-11 11:24:48,2022-02-11,66.00,135-820,서울특별시 강남구 논현동 111-24,N,,3220000-113-2022-00024,,3220000,"서울특별시 강남구 선릉로133길 4, 지상2층 (논현동)",06059,01,영업/정상,유통전문판매업,,,,
,자가,주식회사 감탄주의보,유통전문판매업,,203588.048190661,446183.368328818,2026-05-03 22:50:38,I,01,영업,4.95,,,,,,,,,2022-02-14 17:19:41,2022-02-14,4.95,135-764,서울특별시 강남구 청담동 41 청담빌딩,N,,3220000-113-2022-00025,,3220000,"서울특별시 강남구 선릉로 704, 청담빌딩 10층 590호 (청담동)",06069,01,영업/정상,유통전문판매업,02-6310-6038,,,
,자가,주식회사 콜라자이저,유통전문판매업,,202949.8531865,444097.855142963,2026-05-03 22:50:38,I,01,영업,3.3,,,,,,,,,2022-02-17 11:55:44,2022-02-17,3.30,135-923,서울특별시 강남구 역삼동 735-32 쓰리엠타워,N,,3220000-113-2022-00026,,3220000,"서울특별시 강남구 테헤란로20길 10, 쓰리엠타워 11층 9호 (역삼동)",06235,01,영업/정상,유통전문판매업,070-4259-2573,,,
,자가,주식회사 네이처라우드,유통전문판매업,,203346.599638902,443798.212844336,2026-05-03 22:50:38,I,01,영업,161.5,,,,,,,,,2026-01-28 10:49:16,2022-02-22,161.50,135-925,서울특별시 강남구 역삼동 747-25,N,,3220000-113-2022-00028,,3220000,"서울특별시 강남구 논현로 407, 7층 (역삼동)",06247,01,영업/정상,유통전문판매업,070-4820-2283,,,
,자가,(주)픽푸,유통전문판매업,,203791.262961497,445192.345758004,2026-05-03 22:50:38,I,01,영업,91,,,,,,,,,2024-11-28 16:29:48,2022-02-23,91.00,135-916,서울특별시 강남구 역삼동 683-39,N,,3220000-113-2022-00029,,3220000,"서울특별시 강남구 선릉로107길 7, 지상1층 101호 (역삼동)",06145,01,영업/정상,유통전문판매업,02-332-3344,,,
,임대,주식회사 와이엠헬스케어,유통전문판매업,,202811.016751708,445448.912955288,2026-05-03 22:50:38,I,01,영업,29.7,,,,,,,,,2022-02-24 10:29:34,2022-02-24,29.70,135-829,서울특별시 강남구 논현동 216-18 대용빌딩,N,,3220000-113-2022-00030,,3220000,"서울특별시 강남구 논현로 644, 대용빌딩 지상4층 (논현동)",06106,01,영업/정상,유통전문판매업,,,,
,자가,(주)셀링크커머스,유통전문판매업,,202835.924249933,443051.27224413,2026-05-03 22:50:38,I,01,영업,6.29,,,,,,,,,2022-02-28 11:15:03,2022-02-28,6.29,135-860,서울특별시 강남구 도곡동 943-2 서한빌딩,N,,3220000-113-2022-00031,,3220000,"서울특별시 강남구 도곡로 112, 서한빌딩 2층 C2-2호 (도곡동)",06258,01,영업/정상,유통전문판매업,,,,
,자가,몽페쉬,유통전문판매업,,202422.404397085,444877.223579374,2026-05-03 22:50:38,I,01,영업,13.2,,,,,,,,,2022-02-28 16:39:20,2022-02-28,13.20,135-545,서울특별시 강남구 논현동 203 751빌딩,N,,3220000-113-2022-00032,,3220000,"서울특별시 강남구 봉은사로 129-1, 751빌딩 7층 702-BS25호 (논현동)",06121,01,영업/정상,유통전문판매업,070-8094-0594,,,
,자가,(주)리멤버에프앤비,유통전문판매업,,203762.796496617,442560.08482409,2026-05-03 22:50:38,I,01,영업,9.9,,,,,,,,,2022-03-02 17:18:08,2022-03-02,9.90,135-854,서울특별시 강남구 도곡동 412-7,N,,3220000-113-2022-00034,,3220000,"서울특별시 강남구 논현로38길 22, 5층 (도곡동)",06296,01,영업/정상,유통전문판매업,,,,
,자가,노메 삼성점,유통전문판매업,,205389.8893994,445882.95714527,2026-05-03 22:50:38,I,01,영업,76.65,,,,,,,,,2022-03-03 09:42:11,2022-03-03,76.65,135-873,서울특별시 강남구 삼성동 108 샘빌딩,N,,3220000-113-2022-00035,,3220000,"서울특별시 강남구 봉은사로103길 8, 지상2층 (삼성동)",06083,01,영업/정상,유통전문판매업,,,,
,자가,닥터로이,유통전문판매업,,203036.442019093,443210.821597521,2026-05-03 22:50:38,I,01,영업,8.25,,,,,,,,,2022-03-04 10:36:10,2022-03-04,8.25,135-936,서울특별시 강남구 역삼동 840,N,,3220000-113-2022-00036,,3220000,"서울특별시 강남구 도곡로7길 6, 지상3층 (역삼동)",06255,01,영업/정상,유통전문판매업,,,,
,자가,주식회사 루템바이오,유통전문판매업,,201701.418320002,446697.701706035,2026-05-03 22:50:38,I,01,영업,99,,,,,,,,,2022-03-04 16:28:33,2022-03-04,99.00,135-888,서울특별시 강남구 신사동 528 보암빌딩,N,,3220000-113-2022-00037,,3220000,"서울특별시 강남구 압구정로 104, 보암빌딩 407호 (신사동)",06028,01,영업/정상,유통전문판매업,,,,
,자가,(주)바이오큐브,유통전문판매업,,205291.486713089,445028.209429044,2026-05-03 22:50:38,I,01,영업,10,,,,,,,,,2023-06-15 12:45:08,2022-03-08,10.00,135-846,서울특별시 강남구 대치동 944-31 한국섬유산업연합회,N,,3220000-113-2022-00039,,3220000,"서울특별시 강남구 테헤란로 518, 한국섬유산업연합회 10층 116호 (대치동)",06180,01,영업/정상,유통전문판매업,,,,
,자가,(주)코이,유통전문판매업,,203894.031407652,444624.818170279,2026-05-03 22:50:38,I,01,영업,40.2,,,,,,,,,2022-03-08 17:14:34,2022-03-08,40.20,135-513,서울특별시 강남구 역삼동 702-10 아남타워빌딩,N,,3220000-113-2022-00041,,3220000,"서울특별시 강남구 테헤란로 311, 아남타워빌딩 16층 1603호 (역삼동)",06151,01,영업/정상,유통전문판매업,,,,
,자가,나비트(주),유통전문판매업,,204628.849426719,446786.462612662,2026-05-03 22:50:38,I,01,영업,35.04,,,,,,,,,2022-03-10 13:19:09,2022-03-10,35.04,135-952,서울특별시 강남구 청담동 55-10,N,,3220000-113-2022-00042,,3220000,"서울특별시 강남구 도산대로102길 18-1, 2층 (청담동)",06071,01,영업/정상,유통전문판매업,02-516-6993,,,
,자가,(주)제이엘앤,유통전문판매업,,203316.638977655,443297.864934204,2026-05-03 22:50:38,I,01,영업,130,,,,,,,,,2022-03-10 15:04:09,2022-03-10,130.00,135-930,서울특별시 강남구 역삼동 799-23 천호빌딩,N,,3220000-113-2022-00043,,3220000,"서울특별시 강남구 도곡로 173, 천호빌딩 지상6층 (역삼동)",06256,01,영업/정상,유통전문판매업,070-4820-0108,,,
,자가,(주)비바웰스,유통전문판매업,,204615.364777705,444884.394551474,2026-05-03 22:50:44,I,01,영업,10,,,,,,,,,2023-08-18 11:11:16,2023-08-18,10.00,135-877,서울특별시 강남구 삼성동 143-37 현대타워,N,,3220000-113-2023-00166,,3220000,"서울특별시 강남구 테헤란로 423, 지상2층 SW70호 (삼성동, 현대타워)",06159,01,영업/정상,유통전문판매업,,,,
,자가,(주)유티지,유통전문판매업,,202534.55,447079.205,2026-05-03 22:50:44,I,01,영업,99,,,,,,,,,2023-08-18 15:18:44,2023-08-18,99.00,135-894,서울특별시 강남구 신사동 609-1,N,,3220000-113-2023-00167,,3220000,"서울특별시 강남구 압구정로30길 23, 지하1층 (신사동)",06022,01,영업/정상,유통전문판매업,,,,
,자가,에일리언오더즈(주),유통전문판매업,,203354.385710261,447075.241248017,2026-05-03 22:50:44,I,01,영업,89.1,,,,,,,,,2024-11-07 14:58:43,2023-08-24,89.10,135-897,서울특별시 강남구 신사동 657-36,N,,3220000-113-2023-00169,,3220000,"서울특별시 강남구 선릉로157길 13, 지상1층 (신사동)",06018,01,영업/정상,유통전문판매업,070-8699-8187,,,
,자가,(주)허와유,유통전문판매업,,202735.392597439,447283.161842024,2026-05-03 22:50:44,I,01,영업,10,0,0,0,,,,0,,2023-08-24 12:00:06,2023-08-24,10.00,135-894,서울특별시 강남구 신사동 619,N,,3220000-113-2023-00170,,3220000,"서울특별시 강남구 언주로173길 23, 지상1층 (신사동)",06023,01,영업/정상,유통전문판매업,02-540-0301,,,
,임대,플레이타임중앙(주),유통전문판매업,,209166.05037089,442976.761535575,2026-05-03 22:50:44,I,01,영업,504.03,,,,,,,,,2026-01-16 11:27:42,2023-08-24,504.03,135-884,서울특별시 강남구 수서동 717-3 성우빌딩,N,,3220000-113-2023-00171,,3220000,"서울특별시 강남구 광평로51길 6-27, 성우빌딩 지상5층 501, 502, 503호 (수서동)",06349,01,영업/정상,유통전문판매업,02-2226-0970,,,
,자가,키코리아 주식회사 (청담),유통전문판매업,,203726.10204087,446783.876271996,2026-05-03 22:50:44,I,01,영업,3.3,0,0,0,,,,0,,2023-08-29 16:54:43,2023-08-29,3.30,135-948,서울특별시 강남구 청담동 3-7,N,,3220000-113-2023-00172,,3220000,"서울특별시 강남구 도산대로 430, 지상1층 비호 (청담동)",06062,01,영업/정상,유통전문판매업,,,,
,자가,주식회사 에이엑스알,유통전문판매업,,202660.854881517,443776.172849434,2026-05-03 22:50:44,I,01,영업,50,,,,,,,,,2023-08-31 15:46:44,2023-08-31,50.00,135-935,서울특별시 강남구 역삼동 827-13,N,,3220000-113-2023-00173,,3220000,"서울특별시 강남구 테헤란로4길 37, 지상3층 (역삼동)",06240,01,영업/정상,유통전문판매업,070-5176-5222,,,
,자가,주식회사 두유라이크코퍼레이션,유통전문판매업,,202306.473296304,446244.055756083,2026-05-03 22:50:44,I,01,영업,100,0,0,0,,,,0,,2024-11-11 13:19:36,2023-08-31,100.00,135-812,서울특별시 강남구 논현동 7-5 효진빌딩,N,,3220000-113-2023-00174,,3220000,"서울특별시 강남구 도산대로24길 7, 효진빌딩 지상3층 (논현동)",06040,01,영업/정상,유통전문판매업,,,,
,자가,(주)케어위드,유통전문판매업,,204544.379830553,444468.560663357,2026-05-03 22:50:44,I,01,영업,65,,,,,,,,,2024-08-13 15:07:44,2023-09-06,65.00,135-840,서울특별시 강남구 대치동 900-7,N,,3220000-113-2023-00176,,3220000,"서울특별시 강남구 역삼로63길 20, 3층 302호 (대치동)",06197,01,영업/정상,유통전문판매업,,,,
,임대,수빙고 리테일,유통전문판매업,,202326.796475693,446551.314802442,2026-05-03 22:50:44,I,01,영업,10,,,,,,,,,2023-09-07 16:46:48,2023-09-07,10.00,135-891,서울특별시 강남구 신사동 564-15,N,,3220000-113-2023-00177,,3220000,"서울특별시 강남구 도산대로25길 22, 지상2층 201호 (신사동)",06032,01,영업/정상,유통전문판매업,02-557-3854,,,
,임대,지니즘커머스,유통전문판매업,,204170.084609188,444548.397487122,2026-05-03 22:50:44,I,01,영업,20,,,,,,,,,2023-09-07 17:12:42,2023-09-07,20.00,135-919,서울특별시 강남구 역삼동 708-20 금천빌딩,N,,3220000-113-2023-00178,,3220000,"서울특별시 강남구 테헤란로52길 15, 14층 1409호 (역삼동)",06212,01,영업/정상,유통전문판매업,,,,
,자가,(주)꼬르망,유통전문판매업,,202125.145617353,446454.973937639,2026-05-03 22:50:44,I,01,영업,235.99,,,,,,,,,2023-09-11 16:49:13,2023-09-11,235.99,135-890,서울특별시 강남구 신사동 560-20 CREASE,N,,3220000-113-2023-00180,,3220000,"서울특별시 강남구 논현로153길 41, 지상3층 (신사동)",06037,01,영업/정상,유통전문판매업,,,,
,자가,허니냅스,유통전문판매업,,203045.331066613,444587.808100932,2026-05-03 22:50:44,I,01,영업,500,,,,,,,,,2023-09-12 10:25:33,2023-09-12,500.00,135-908,서울특별시 강남구 역삼동 628-14 마린빌딩,N,,3220000-113-2023-00181,,3220000,"서울특별시 강남구 논현로 529, 마린빌딩 지상4층 (역삼동)",06126,01,영업/정상,유통전문판매업,02-567-0134,,,
,자가,이담랩스(EDOM Labs),유통전문판매업,,202815.931973265,446598.861742162,2026-05-03 22:50:44,I,01,영업,40,,,,,,,,,2023-09-12 11:22:46,2023-09-12,40.00,135-895,서울특별시 강남구 신사동 629-15 평화빌딩,N,,3220000-113-2023-00182,,3220000,"서울특별시 강남구 도산대로 235, 평화빌딩 지상3층 (신사동)",06026,01,영업/정상,유통전문판매업,,,,
,자가,(주)그린마타,유통전문판매업,,205191.3141658,444916.197867865,2026-05-03 22:50:44,I,01,영업,4,0,0,0,,,,0,,2025-04-11 15:16:43,2023-09-12,4.00,135-845,서울특별시 강남구 대치동 943-29 동구빌딩,N,,3220000-113-2023-00183,,3220000,"서울특별시 강남구 테헤란로86길 15, 동구빌딩 지상3층 A16호 (대치동)",06179,01,영업/정상,유통전문판매업,,,,
,자가,(주)테오코퍼레이션,유통전문판매업,,204767.959485912,446474.960025017,2026-05-03 22:50:44,I,01,영업,73.59,,,,,,,,,2023-09-14 11:16:43,2023-09-14,73.59,135-953,서울특별시 강남구 청담동 70-18,N,,3220000-113-2023-00185,,3220000,"서울특별시 강남구 영동대로131길 20, 지상5층 (청담동)",06072,01,영업/정상,유통전문판매업,02-3445-3941,,,
,,주식회사 홈즈앤루팡,유통전문판매업,,202316.193676646,444361.593620159,2026-05-03 22:50:44,I,01,영업,5.7,,,,,,,,,2023-09-15 16:59:08,2023-02-08,5.70,135-908,서울특별시 강남구 역삼동 619-16 강남ELS빌딩,N,,3220000-113-2023-00187,,3220000,"서울특별시 강남구 테헤란로1길 48, 강남ELS빌딩 지상2층 (역삼동)",06129,01,영업/정상,유통전문판매업,070-4292-8332,,,
,임대,(주)비에이치티 생명과학,유통전문판매업,,205205.51222271,444651.495432171,2026-05-03 22:50:23,I,01,영업,67.4,,,,,,,,,2023-07-04 12:18:52,2019-05-02,67.40,135-847,서울특별시 강남구 대치동 960-15,N,,3220000-113-2019-00060,,3220000,"서울특별시 강남구 삼성로76길 16, 지상3층 (대치동)",06185,01,영업/정상,유통전문판매업,02-1644-6079,,,
,임대,주식회사 네오트리플,유통전문판매업,,205079.418138107,444869.834721154,2026-05-03 22:50:23,I,01,영업,3.3,,,,,,,,,2019-05-02 16:43:47,2019-05-02,3.30,135-845,서울특별시 강남구 대치동 942-15,N,,3220000-113-2019-00062,,3220000,"서울특별시 강남구 테헤란로82길 15, 지상7층 742호 (대치동)",06178,01,영업/정상,유통전문판매업,,,,
,자가,가루랑,유통전문판매업,,201847.886451965,445541.582198905,2026-05-03 22:50:23,I,01,영업,49.5,,,,,,,,,2019-05-03 16:28:17,2019-05-03,49.50,135-814,서울특별시 강남구 논현동 50-8,N,,3220000-113-2019-00064,,3220000,"서울특별시 강남구 학동로1길 11, 지상4층 (논현동)",06044,01,영업/정상,유통전문판매업,02-545-8746,,,
,자가,(주)더본코리아,유통전문판매업,,202046.30299297,445003.439705266,2026-05-03 22:50:23,I,01,영업,33,,,,,,,,,2019-05-15 14:06:45,2019-05-15,33.00,135-825,서울특별시 강남구 논현동 165-17 유성빌딩,N,,3220000-113-2019-00068,,3220000,"서울특별시 강남구 봉은사로1길 39, 유성빌딩 지상5,6층 (논현동)",06119,01,영업/정상,유통전문판매업,02-549-3864,,,
,자가,(주)디에이치에코,유통전문판매업,,203806.714143056,446352.033686869,2026-05-03 22:50:23,I,01,영업,6,,,,,,,,,2019-05-15 16:26:14,2019-05-15,6.00,135-950,서울특별시 강남구 청담동 26-36,N,,3220000-113-2019-00069,,3220000,"서울특별시 강남구 학동로59길 29-7, 지하1층 (청담동)",06065,01,영업/정상,유통전문판매업,02-515-1557,,,
,자가,이미나의 블레싱,유통전문판매업,,203234.246182699,446970.093670591,2026-05-03 22:50:23,I,01,영업,53,,,,,,,,,2019-05-16 10:12:34,2019-05-16,53.00,135-897,서울특별시 강남구 신사동 656-18 성준빌딩,N,,3220000-113-2019-00070,,3220000,"서울특별시 강남구 선릉로153길 26, 성준빌딩 지상5층 (신사동)",06019,01,영업/정상,유통전문판매업,02-549-3949,,,
,자가,(주)비원비오에프,유통전문판매업,,202549.887273331,444591.550563767,2026-05-03 22:50:23,I,01,영업,24.76,,,,,,,,,2020-09-21 15:26:21,2019-05-20,24.76,135-908,서울특별시 강남구 역삼동 623-28,N,,3220000-113-2019-00072,,3220000,서울특별시 강남구 강남대로110길 61 (엘층)지하1층 (역삼동),06127,01,영업/정상,유통전문판매업,02-535-3906,,,
,자가,(주)케이에스하니,유통전문판매업,,205707.089399978,443914.194133105,2026-05-03 22:50:23,I,01,영업,10.18,,,,,,,,,2024-09-09 11:20:45,2019-05-20,10.18,135-835,서울특별시 강남구 대치동 316 은마아파트,N,,3220000-113-2019-00073,,3220000,"서울특별시 강남구 삼성로 212, 은마상가동 A블럭  2층 235호 (대치동, 은마아파트)",06284,01,영업/정상,유통전문판매업,02-6013-8114,,,
,,주식회사 씨21,유통전문판매업,,201971.35912276,445136.165168602,2026-05-03 22:50:23,I,01,영업,18,,,,,,,,,2022-12-27 16:29:21,2019-05-21,18.00,135-825,서울특별시 강남구 논현동 164-1,N,,3220000-113-2019-00074,,3220000,"서울특별시 강남구 강남대로 518, 10층 (논현동)",06114,01,영업/정상,유통전문판매업,,,,
,자가,오모리(주),유통전문판매업,,202811.890531888,444103.760183634,2026-05-03 22:50:23,I,01,영업,3.3,0,0,0,,,,0,,2021-09-30 09:17:49,2019-05-21,3.30,135-933,서울특별시 강남구 역삼동 823-22 성곡빌딩,N,,3220000-113-2019-00076,,3220000,"서울특별시 강남구 테헤란로 128, 성곡빌딩 지상3층 (역삼동)",06234,01,영업/정상,유통전문판매업,041-582-5531,,,
,자가,주식회사 브이티바이오,유통전문판매업,,205205.51222271,444651.495432171,2026-05-03 22:50:23,I,01,영업,85.28,,,,,,,,,2020-10-30 10:54:09,2019-05-22,85.28,135-847,서울특별시 강남구 대치동 960-15,N,,3220000-113-2019-00077,,3220000,"서울특별시 강남구 삼성로76길 16, 3층 301호 (대치동)",06185,01,영업/정상,유통전문판매업,02-553-9777,,,
,자가,강남보성한의원,유통전문판매업,,204201.673896874,444786.125869275,2026-05-03 22:50:23,I,01,영업,9.9,,,,,,,,,2019-05-27 13:52:58,2019-05-27,9.90,135-922,서울특별시 강남구 역삼동 705-25 APEXTOWER,N,,3220000-113-2019-00079,,3220000,"서울특별시 강남구 선릉로 513, 지상4층 402호 (역삼동)",06150,01,영업/정상,유통전문판매업,02-588-6600,,,
,임대,어울림 코퍼레이션,유통전문판매업,,201805.601438215,445756.880381389,2026-05-03 22:50:23,I,01,영업,214.57,,,,,,,,,2019-05-31 15:20:21,2019-05-31,214.57,135-814,서울특별시 강남구 논현동 21-16,N,,3220000-113-2019-00083,,3220000,"서울특별시 강남구 강남대로140길 9, 지상3층 (논현동)",06043,01,영업/정상,유통전문판매업,,,,
,자가,(주)만나스,유통전문판매업,,202681.330745918,443931.009857568,2026-05-03 22:50:23,I,01,영업,38.96,,,,,,,,,2023-09-12 15:52:04,2019-06-04,38.96,135-541,서울특별시 강남구 역삼동 824-25 대우디오빌플러스,N,,3220000-113-2019-00085,,3220000,"서울특별시 강남구 강남대로84길 33, 대우디오빌플러스 1034호 (역삼동)",06233,01,영업/정상,유통전문판매업,,,,
,자가,(주)크라클팩토리,유통전문판매업,,204947.909039501,445035.104597245,2026-05-03 22:50:23,I,01,영업,101.93,,,,,,,,,2019-06-11 15:54:06,2019-06-05,101.93,135-880,서울특별시 강남구 삼성동 157-27 브이플렉스,N,,3220000-113-2019-00086,,3220000,"서울특별시 강남구 테헤란로 501, 지상5층 512A호 (삼성동)",06168,01,영업/정상,유통전문판매업,070-4906-5035,,,
,임대,주식회사 네이처와이즈,유통전문판매업,,203850.555536796,444702.038081101,2026-05-03 22:50:23,I,01,영업,33,0,0,0,,,,0,,2021-11-15 15:44:04,2019-06-10,33.00,135-513,서울특별시 강남구 역삼동 703-6 K타워 오피스텔,N,,3220000-113-2019-00088,,3220000,"서울특별시 강남구 언주로98길 32, 지하1층 B101호 (역삼동)",06151,01,영업/정상,유통전문판매업,02-3454-1110,,,
,자가,(주)태림코리아,유통전문판매업,,205130.591678902,445590.096837802,2026-05-03 22:50:23,I,01,영업,63,,,,,,,,,2019-06-11 14:32:01,2019-06-11,63.00,135-731,서울특별시 강남구 삼성동 159 코엑스,N,,3220000-113-2019-00089,,3220000,"서울특별시 강남구 영동대로 513, 코엑스 2층  B-47호,B-32호 (삼성동)",06164,01,영업/정상,유통전문판매업,02-6000-3220,,,
,자가,강남누룽지,유통전문판매업,,205707.089399978,443914.194133105,2026-05-03 22:50:29,I,01,영업,3.3,,,,,,,,,2020-12-29 09:21:01,2020-12-29,3.30,135-835,서울특별시 강남구 대치동 316 은마아파트,N,,3220000-113-2020-00276,,3220000,"서울특별시 강남구 삼성로 212, 1층 172호 (대치동, 은마아파트)",06284,01,영업/정상,유통전문판매업,,,,
,자가,(주)앨런컴퍼니,유통전문판매업,,204654.91014616,447147.000018616,2026-05-03 22:50:29,I,01,영업,79.2,,,,,,,,,2020-12-29 17:13:35,2020-12-29,79.20,135-957,서울특별시 강남구 청담동 128-3,N,,3220000-113-2020-00277,,3220000,"서울특별시 강남구 도산대로101길 28, 3층 (청담동)",06013,01,영업/정상,유통전문판매업,,,,
,자가,주식회사 울솔길,유통전문판매업,,201695.96817082,446639.932541558,2026-05-03 22:50:29,I,01,영업,10,,,,,,,,,2026-02-10 11:14:44,2020-12-18,10.00,135-888,서울특별시 강남구 신사동 526 두인빌딩,N,,3220000-113-2020-00281,,3220000,"서울특별시 강남구 압구정로4길 10, 두인빌딩 지상1층 102호 (신사동)",06027,01,영업/정상,유통전문판매업,,,,
,자가,주식회사푸드컬쳐랩,유통전문판매업,,202960.555,444159.715,2026-05-03 22:50:29,I,01,영업,33.8,,,,,,,,,2022-03-21 14:37:20,2020-08-12,33.80,135-924,서울특별시 강남구 역삼동 736 성홍타워,N,,3220000-113-2020-00285,,3220000,"서울특별시 강남구 테헤란로 138, 성홍타워 지상4층 403호 (역삼동)",06236,01,영업/정상,유통전문판매업,070-7853-0157,,,
,자가,주식회사 미트박스글로벌,유통전문판매업,,203504.238369912,444214.22738519,2026-05-03 22:50:29,I,01,영업,11.4,,,,,,,,,2023-11-02 14:03:39,2020-11-17,11.40,135-921,서울특별시 강남구 역삼동 725-26,N,,3220000-113-2020-00287,,3220000,"서울특별시 강남구 테헤란로34길 22, 지상4층 (역삼동)",06223,01,영업/정상,유통전문판매업,031-739-6800,,,
,자가,윤아네마켓,유통전문판매업,2026-04-20,207519.67,443670.505,2026-05-03 22:50:29,I,02,폐업,15,,,,,,,,,2026-04-20 16:32:25,2020-09-02,15.00,135-943,서울특별시 강남구 일원동 640-1 유성빌딩,N,,3220000-113-2020-00290,,3220000,"서울특별시 강남구 개포로140길 6, 유성빌딩 지상2층 201호 (일원동)",06339,03,폐업,유통전문판매업,,,,
,자가,크레빅컴퍼니,유통전문판매업,,204753.340191764,445621.306252141,2026-05-03 22:50:29,I,01,영업,49.68,0,0,0,,,,0,,2024-01-25 14:35:49,2020-12-24,49.68,135-878,서울특별시 강남구 삼성동 145-5,N,,3220000-113-2020-00291,,3220000,"서울특별시 강남구 봉은사로82길 6, 4층 (삼성동)",06163,01,영업/정상,유통전문판매업,,,,
,자가,주식회사 바이트랩,유통전문판매업,,205808.345,445075.165,2026-05-03 22:50:29,I,01,영업,0,,,,,,,,,2023-02-27 12:40:24,2020-09-15,513.42,135-502,서울특별시 강남구 대치동 999-6,N,,3220000-113-2020-00292,,3220000,"서울특별시 강남구 테헤란로108길 25, 지상4층 (대치동)",06175,01,영업/정상,유통전문판매업,,,,
,자가,주식회사 어딕션컴퍼니,유통전문판매업,,202854.600989552,444653.664059131,2026-05-03 22:50:29,I,01,영업,103.14,,,,,,,,,2025-08-07 13:50:35,2020-11-11,103.14,135-908,서울특별시 강남구 역삼동 626-7,N,,3220000-113-2020-00293,,3220000,"서울특별시 강남구 봉은사로20길 46, 지상1층 (역삼동)",06126,01,영업/정상,유통전문판매업,02-1522-6133,,,
,자가,바이오랩 주식회사,유통전문판매업,,205671.419505721,445320.561533968,2026-05-03 22:50:29,I,01,영업,7,,,,,,,,,2021-10-18 18:09:46,2020-06-15,7.00,135-882,서울특별시 강남구 삼성동 169-13,N,,3220000-113-2020-00294,,3220000,"서울특별시 강남구 테헤란로103길 8-8, 지상5층 (삼성동)",06173,01,영업/정상,유통전문판매업,02-3288-8882,,,
,임대,주식회사 맥그로우앤마리,유통전문판매업,,202849.232289268,443764.881624428,2026-05-03 22:50:29,I,01,영업,0,,,,,,,,,2021-12-07 16:31:15,2020-07-22,97.51,135-935,서울특별시 강남구 역삼동 828-10 올림피아센타,N,,3220000-113-2020-00296,,3220000,"서울특별시 강남구 논현로79길 72, 올림피아센타 605호 (역삼동)",06239,01,영업/정상,유통전문판매업,02-522-3046,,,
,,느린마을,유통전문판매업,,202558.966746035,443605.422218418,2026-05-03 22:50:29,I,01,영업,10,0,0,0,,,,0,,2021-12-14 15:24:23,2020-02-19,10.00,135-792,서울특별시 강남구 역삼동 831 혜천빌딩,N,,3220000-113-2020-00297,,3220000,"서울특별시 강남구 강남대로 354, 혜천빌딩 11층 670호 (역삼동)",06242,01,영업/정상,유통전문판매업,,,,상수도전용
,자가,주식회사 킥더허들 헬스케어,유통전문판매업,,202550.921889373,443816.873367248,2026-05-03 22:50:29,I,01,영업,134,0,0,0,,,,0,,2025-02-07 16:58:58,2020-12-17,134.00,135-935,서울특별시 강남구 역삼동 826-26 패스트파이브빌딩,N,,3220000-113-2020-00301,,3220000,"서울특별시 강남구 테헤란로2길 27, 패스트파이브빌딩 지상14층 1402호 (역삼동)",06241,01,영업/정상,유통전문판매업,,,,
,임대,주식회사 뉴트리그램,유통전문판매업,,203304.58,443670.4,2026-05-03 22:50:29,I,01,영업,24.5,,,,,,,,,2022-05-20 10:13:47,2020-06-04,24.50,135-929,서울특별시 강남구 역삼동 790-4,N,,3220000-113-2020-00304,,3220000,"서울특별시 강남구 역삼로 172, 지상8층 D셀호 (역삼동)",06248,01,영업/정상,유통전문판매업,,,,
,자가,(주)세주그룹,유통전문판매업,,203852.055002405,444671.368760749,2026-05-03 22:50:29,I,01,영업,3.3,,,,,,,,,2023-01-16 15:23:16,2020-09-18,3.30,135-513,서울특별시 강남구 역삼동 703-5 일환빌딩,N,,3220000-113-2020-00308,,3220000,"서울특별시 강남구 선릉로93길 54, 일환빌딩 6층 6076호 (역삼동)",06151,01,영업/정상,유통전문판매업,,,,
,임대,어반랩스(주),유통전문판매업,,202766.944619333,444341.177449913,2026-05-03 22:50:29,I,01,영업,33,,,,,,,,,2023-02-08 13:15:08,2020-10-19,33.00,135-909,서울특별시 강남구 역삼동 637-2,N,,3220000-113-2020-00309,,3220000,"서울특별시 강남구 테헤란로13길 24, 4층 (역삼동)",06131,01,영업/정상,유통전문판매업,,,,상수도전용
,,프라임생활건강,유통전문판매업,,203390.390363975,443864.765894165,2026-05-03 22:50:29,I,01,영업,87.71,,,,,,,,,2024-11-25 15:30:56,2020-04-22,87.71,135-921,서울특별시 강남구 역삼동 727-14 프라임빌딩,N,,3220000-113-2020-00310,,3220000,"서울특별시 강남구 논현로 412, 프라임빌딩 6층 (역삼동)",06224,01,영업/정상,유통전문판매업,1644-2101,,,
,,(주)리퀴파이,유통전문판매업,,204432.46,444839.755,2026-05-03 22:50:38,I,01,영업,0,,,,,,,,,2022-03-15 15:41:57,2022-03-15,,135-876,서울특별시 강남구 삼성동 142-34,N,,3220000-113-2022-00045,,3220000,"서울특별시 강남구 선릉로92길 28, 지상4층 4167호 (삼성동)",06160,01,영업/정상,유통전문판매업,,,,
,임대,자인한약국,유통전문판매업,,204521.216088637,443940.569385358,2026-05-03 22:50:38,I,01,영업,23.41,0,0,0,,,,0,,2022-03-16 11:14:47,2022-03-16,23.41,135-927,서울특별시 강남구 역삼동 756-18 삼미빌딩,N,,3220000-113-2022-00046,,3220000,"서울특별시 강남구 선릉로 313, 삼미빌딩 지상1층 마호 (역삼동)",06218,01,영업/정상,유통전문판매업,,,,
,자가,주식회사 엘피스네이처,유통전문판매업,,203166.396787403,445919.246441063,2026-05-03 22:50:38,I,01,영업,54.54,,,,,,,,,2022-03-18 14:27:37,2022-03-18,54.54,135-830,서울특별시 강남구 논현동 238-11,N,,3220000-113-2022-00048,,3220000,"서울특별시 강남구 학동로 310, 지상5층 501호 (논현동)",06098,01,영업/정상,유통전문판매업,,,,
,자가,(주)리바이오,유통전문판매업,,205412.607475534,445055.346815966,2026-05-03 22:50:38,I,01,영업,50,,,,,,,,,2022-03-18 14:55:40,2022-03-18,50.00,135-846,서울특별시 강남구 대치동 945-10 KOSMO DAECHI,N,,3220000-113-2022-00049,,3220000,"서울특별시 강남구 테헤란로98길 8, KOSMO DAECHI 지상3층 (대치동)",06181,01,영업/정상,유통전문판매업,070-4110-0300,,,
,자가,주식회사 우노헬스케어,유통전문판매업,,202346.571108053,446887.467959345,2026-05-03 22:50:38,I,01,영업,33,,,,,,,,,2025-09-10 10:46:01,2022-03-28,33.00,135-891,서울특별시 강남구 신사동 570-6,N,,3220000-113-2022-00052,,3220000,"서울특별시 강남구 논현로163길 10, 지상5층 2호실 (신사동)",06031,01,영업/정상,유통전문판매업,070-4633-5662,,,
,자가,주식회사 본느,유통전문판매업,,204395.019842206,444652.94916854,2026-05-03 22:50:38,I,01,영업,196.05,,,,,,,,,2025-06-16 16:41:20,2022-03-28,196.05,135-839,서울특별시 강남구 대치동 889-51 프레티늄 빌딩,N,,3220000-113-2022-00053,,3220000,"서울특별시 강남구 선릉로90길 14, 프레티늄 빌딩 8층 (대치동)",06192,01,영업/정상,유통전문판매업,02-6423-4111,,,
,자가,(주)파인드디앤서,유통전문판매업,,201657.313312924,446139.884099294,2026-05-03 22:50:38,I,01,영업,0,,,,,,,,,2025-03-20 14:56:46,2022-03-31,84.17,135-887,서울특별시 강남구 신사동 502-6 ICT TOWER,N,,3220000-113-2022-00059,,3220000,"서울특별시 강남구 강남대로 624, ICT TOWER 11층 (신사동)",06035,01,영업/정상,유통전문판매업,02-6398-0880,,,
,자가,주식회사 925컴퍼니,유통전문판매업,,204479.662754186,441397.212000675,2026-05-03 22:50:38,I,01,영업,125.85,,,,,,,,,2022-04-01 15:34:57,2022-04-01,125.85,135-961,서울특별시 강남구 개포동 1184-6,N,,3220000-113-2022-00060,,3220000,"서울특별시 강남구 개포로22길 74, 3층 (개포동)",06314,01,영업/정상,유통전문판매업,02-575-0925,,,
,자가,주식회사 브리즈붐,유통전문판매업,,204615.364777705,444884.394551474,2026-05-03 22:50:38,I,01,영업,10,,,,,,,,,2022-04-06 13:47:04,2022-04-06,10.00,135-877,서울특별시 강남구 삼성동 143-37 현대타워,N,,3220000-113-2022-00062,,3220000,"서울특별시 강남구 테헤란로 423, 지상2층 2356호 (삼성동, 현대타워)",06159,01,영업/정상,유통전문판매업,02-6264-3275,,,
,자가,주식회사 하우투약,유통전문판매업,,204947.909039501,445035.104597245,2026-05-03 22:50:38,I,01,영업,37,,,,,,,,,2023-07-21 16:47:46,2022-04-06,37.00,135-880,서울특별시 강남구 삼성동 157-27 브이플렉스,N,,3220000-113-2022-00063,,3220000,"서울특별시 강남구 테헤란로 501, 브이플렉스 지상5층 516호 (삼성동)",06168,01,영업/정상,유통전문판매업,02-555-0590,,,
,자가,메종쇼당파리스,유통전문판매업,,203195.636127646,446005.807817654,2026-05-03 22:50:38,I,01,영업,31.19,,,,,,,,,2022-04-07 14:01:25,2022-04-07,31.19,135-821,서울특별시 강남구 논현동 115-7 미성빌딩,N,,3220000-113-2022-00064,,3220000,"서울특별시 강남구 학동로 311, 미성빌딩 지상4층 403호 (논현동)",06061,01,영업/정상,유통전문판매업,,,,
,자가,(주)훼밀리인터내셔날,유통전문판매업,,203572.756487618,446254.564703814,2026-05-03 22:50:38,I,01,영업,387.77,0,0,0,,,,0,,2024-07-05 12:17:47,2022-04-08,387.77,135-951,서울특별시 강남구 청담동 40-27,N,,3220000-113-2022-00066,,3220000,"서울특별시 강남구 선릉로132길 3-7, 3층 (청담동)",06065,01,영업/정상,유통전문판매업,,,,
,자가,로시르,유통전문판매업,,203588.048190661,446183.368328818,2026-05-03 22:50:39,I,01,영업,4.95,,,,,,,,,2022-04-08 15:09:06,2022-04-08,4.95,135-764,서울특별시 강남구 청담동 41 청담빌딩,N,,3220000-113-2022-00067,,3220000,"서울특별시 강남구 선릉로 704, 청담빌딩 10층 356호 (청담동)",06069,01,영업/정상,유통전문판매업,,,,
,자가,네버랜드 컴퍼니,유통전문판매업,,202339.262187674,445032.76056385,2026-05-03 22:50:39,I,01,영업,49.5,,,,,,,,,2022-04-11 15:15:42,2022-04-11,49.50,135-827,서울특별시 강남구 논현동 180-18,N,,3220000-113-2022-00069,,3220000,"서울특별시 강남구 강남대로118길 51, 지상2층 202호 (논현동)",06118,01,영업/정상,유통전문판매업,,,,
,자가,앤비비에이치앤비 주식회사,유통전문판매업,,204634.519392881,444971.246947721,2026-05-03 22:50:39,I,01,영업,0,,,,,,,,,2025-02-17 13:46:35,2022-04-11,80.00,135-877,서울특별시 강남구 삼성동 143-14,N,,3220000-113-2022-00070,,3220000,"서울특별시 강남구 테헤란로77길 11-16, 2층 (삼성동)",06159,01,영업/정상,유통전문판매업,070-4322-1055,,,
,자가,주식회사 도담네이쳐,유통전문판매업,,202306.473296304,446244.055756083,2026-05-03 22:50:39,I,01,영업,30,,,,,,,,,2022-07-12 15:26:14,2022-04-12,30.00,135-812,서울특별시 강남구 논현동 7-5 효진빌딩,N,,3220000-113-2022-00071,,3220000,"서울특별시 강남구 도산대로24길 7, 효진빌딩 지상3층 (논현동)",06040,01,영업/정상,유통전문판매업,,,,
,자가,(주)준바이오랩,유통전문판매업,,203835.590532648,445318.806285714,2026-05-03 22:50:39,I,01,영업,3.3,,,,,,,,,2022-04-12 16:19:00,2022-04-12,3.30,135-874,서울특별시 강남구 삼성동 112 태정빌딩,N,,3220000-113-2022-00072,,3220000,"서울특별시 강남구 선릉로 578, 태정빌딩 지상7층 764호 (삼성동)",06153,01,영업/정상,유통전문판매업,,,,
,자가,(주)아틸라코리아,유통전문판매업,,202946.99686686,443876.701525724,2026-05-03 22:50:44,I,01,영업,29,,,,,,,,,2023-09-22 14:00:22,2023-09-22,29.00,135-924,서울특별시 강남구 역삼동 741-26,N,,3220000-113-2023-00188,,3220000,"서울특별시 강남구 테헤란로14길 35, 지상1층 103호 (역삼동)",06238,01,영업/정상,유통전문판매업,,,,
,자가,주식회사 씨드에프아이씨,유통전문판매업,,204569.456626515,444730.133049153,2026-05-03 22:50:44,I,01,영업,13.33,,,,,,,,,2026-01-12 10:17:12,2023-09-22,13.33,135-839,서울특별시 강남구 대치동 890-31 예감빌딩,N,,3220000-113-2023-00189,,3220000,"서울특별시 강남구 선릉로90길 40, 예감빌딩 6층 (대치동)",06193,01,영업/정상,유통전문판매업,,,,
,자가,랩코인터내셔날,유통전문판매업,,204842.620168646,445010.636361278,2026-05-03 22:50:44,I,01,영업,1.65,,,,,,,,,2023-09-27 11:31:58,2023-09-27,1.65,135-877,서울특별시 강남구 삼성동 144-19 제이에스타워,N,,3220000-113-2023-00191,,3220000,"서울특별시 강남구 테헤란로79길 6, 제이에스타워 지상5층 브이1090호 (삼성동)",06158,01,영업/정상,유통전문판매업,,,,
,임대,주식회사 클레로,유통전문판매업,,202124.262977683,446374.647464072,2026-05-03 22:50:44,I,01,영업,1,,,,,,,,,2025-11-27 17:02:02,2023-04-28,1.00,135-890,서울특별시 강남구 신사동 561,N,,3220000-113-2023-00192,,3220000,"서울특별시 강남구 논현로151길 41, 3층 3029호 (신사동)",06037,01,영업/정상,유통전문판매업,1800-7952,,,
,,두루가게,유통전문판매업,,202758.37282587,445276.938341761,2026-05-03 22:50:44,I,01,영업,10,,,,,,,,,2023-10-06 16:32:29,2023-10-06,10.00,135-826,서울특별시 강남구 논현동 175-8 대운빌딩,N,,3220000-113-2023-00193,,3220000,"서울특별시 강남구 논현로117길 7, 대운빌딩 507호 (논현동)",06117,01,영업/정상,유통전문판매업,,,,
,임대,주식회사 피에트,유통전문판매업,,203497.756458241,445183.747294026,2026-05-03 22:50:44,I,01,영업,115.62,,,,,,,,,2025-11-10 15:23:53,2023-10-10,115.62,135-916,서울특별시 강남구 역삼동 681-1,N,,3220000-113-2023-00194,,3220000,"서울특별시 강남구 봉은사로44길 1, 3층 (역삼동)",06143,01,영업/정상,유통전문판매업,1600-6754,,,
,자가,주식회사 늘품마루,유통전문판매업,,203121.029199979,444413.27468267,2026-05-03 22:50:44,I,01,영업,297.05,0,0,0,,,,0,,2023-10-11 15:22:59,2023-10-11,297.05,135-910,서울특별시 강남구 역삼동 642-10 송암II빌딩,N,,3220000-113-2023-00196,,3220000,"서울특별시 강남구 논현로 509, 송암II빌딩 6층 (역삼동)",06132,01,영업/정상,유통전문판매업,02-1644-7090,,,
,자가,(주)필립월드인터내셔널,유통전문판매업,,209055.480464368,442735.704146657,2026-05-03 22:50:44,I,01,영업,40.76,0,0,0,,,,0,,2023-10-12 17:24:35,2023-10-12,40.76,135-885,서울특별시 강남구 수서동 725 수서타워,N,,3220000-113-2023-00198,,3220000,"서울특별시 강남구 광평로56길 8-13, 수서타워 17층 1703호 (수서동)",06367,01,영업/정상,유통전문판매업,02-558-5768,,,
,자가,(주)네오에이인터내셔날,유통전문판매업,,203991.742638591,445376.743631329,2026-05-03 22:50:44,I,01,영업,416.94,0,0,0,,,,0,,2023-10-17 14:49:30,2023-10-17,416.94,135-874,서울특별시 강남구 삼성동 113 조양빌딩,N,,3220000-113-2023-00199,,3220000,"서울특별시 강남구 봉은사로 418, 조양빌딩 6층 (삼성동)",06153,01,영업/정상,유통전문판매업,02-3288-0133,,,
,자가,주식회사 포라우드,유통전문판매업,,202306.473296304,446244.055756083,2026-05-03 22:50:44,I,01,영업,150,,,,,,,,,2023-10-17 15:36:52,2023-10-17,150.00,135-812,서울특별시 강남구 논현동 7-5 효진빌딩,N,,3220000-113-2023-00200,,3220000,"서울특별시 강남구 도산대로24길 7, 효진빌딩 지상3층 (논현동)",06040,01,영업/정상,유통전문판매업,,,,
,자가,공간학 주식회사,유통전문판매업,,205271.275273064,445852.638814088,2026-05-03 22:50:44,I,01,영업,1.65,0,0,0,,,,0,,2023-10-18 14:39:22,2023-10-18,1.65,135-873,서울특별시 강남구 삼성동 107 삼성동 미켈란 107,N,,3220000-113-2023-00201,,3220000,"서울특별시 강남구 영동대로 602, 6층 V259호 (삼성동, 삼성동 미켈란 107)",06083,01,영업/정상,유통전문판매업,,,,
,자가,주식회사 이로이코퍼레이션,유통전문판매업,,204842.620168646,445010.636361278,2026-05-03 22:50:44,I,01,영업,1.65,,,,,,,,,2025-05-15 12:07:53,2023-10-20,1.65,135-877,서울특별시 강남구 삼성동 144-19 제이에스타워,N,,3220000-113-2023-00202,,3220000,"서울특별시 강남구 테헤란로79길 6, 제이에스타워 3층 브이1012호 (삼성동)",06158,01,영업/정상,유통전문판매업,,,,
,자가,(주)제이에스랩,유통전문판매업,,204090.736502454,444591.776465507,2026-05-03 22:50:44,I,01,영업,7,,,,,,,,,2023-10-23 16:43:03,2023-10-23,7.00,135-918,서울특별시 강남구 역삼동 707-27 태보 역삼 아이타워,N,,3220000-113-2023-00204,,3220000,"서울특별시 강남구 테헤란로 326, 태보 역삼 아이타워 지하1층 A-R-10호 (역삼동)",06211,01,영업/정상,유통전문판매업,,,,
,자가,주식회사 라이프슈티컬,유통전문판매업,,203544.130256261,444833.63559737,2026-05-03 22:50:44,I,01,영업,66.26,,,,,,,,,2023-12-22 10:56:31,2023-10-24,66.26,135-913,서울특별시 강남구 역삼동 662-16,N,,3220000-113-2023-00205,,3220000,"서울특별시 강남구 언주로 533, 지상3층 (역삼동)",06138,01,영업/정상,유통전문판매업,070-4271-1120,,,
,자가,(주)버터풀앤크리멀러스,유통전문판매업,,204917.241642099,445357.382755205,2026-05-03 22:50:44,I,01,영업,26.89,,,,,,,,,2023-10-24 15:07:50,2023-10-24,26.89,135-878,서울특별시 강남구 삼성동 152-68,N,,3220000-113-2023-00206,,3220000,"서울특별시 강남구 테헤란로83길 47, 지상1층 (삼성동)",06166,01,영업/정상,유통전문판매업,02-546-7879,,,
,자가,쿠쿠홈시스 주식회사,유통전문판매업,,203090.626693466,445882.278020751,2026-05-03 22:50:44,I,01,영업,33,,,,,,,,,2023-10-25 14:58:18,2023-10-25,33.00,135-830,서울특별시 강남구 논현동 238 쿠쿠빌딩,N,,3220000-113-2023-00207,,3220000,"서울특별시 강남구 언주로 652, 쿠쿠빌딩 지상8층 (논현동)",06098,01,영업/정상,유통전문판매업,02-2017-6000,,,
,자가,주식회사 써스데이플래닛,유통전문판매업,,205130.591678902,445590.096837802,2026-05-03 22:50:23,I,01,영업,0,0,0,0,,,,0,,2025-11-19 17:14:29,2019-05-08,10.56,135-975,서울특별시 강남구 삼성동 159 코엑스인터콘티넨탈서울,N,,3220000-113-2019-00095,,3220000,"서울특별시 강남구 봉은사로 524, 코엑스인터콘티넨탈서울 지하2층 45호 (삼성동)",06164,01,영업/정상,유통전문판매업,,,,
,자가,에이치디씨현대산업개발(주)서울호텔,유통전문판매업,,205601.904041677,445151.509504571,2026-05-03 22:50:23,I,01,영업,38,,,,,,,,,2025-04-23 12:42:42,2019-06-21,38.00,135-552,서울특별시 강남구 대치동 995-14 호텔아이파크(주),N,,3220000-113-2019-00096,,3220000,"서울특별시 강남구 테헤란로 606, 호텔아이파크(주) 지하1층 (대치동)",06174,01,영업/정상,유통전문판매업,02-2016-4523,,,
,자가,(주)이코니크,유통전문판매업,,203777.763616065,445883.942212161,2026-05-03 22:50:23,I,01,영업,0,,,,,,,,,2021-04-06 13:13:31,2019-06-24,3.30,135-864,서울특별시 강남구 삼성동 10-21 노블,N,,3220000-113-2019-00097,,3220000,"서울특별시 강남구 봉은사로57길 67, 노블 2층 201호 (삼성동)",06092,01,영업/정상,유통전문판매업,,,,
,자가,(주)만경,유통전문판매업,,203018.807421393,444849.310527976,2026-05-03 22:50:23,I,01,영업,230.73,,,,,,,,,2019-06-25 14:55:27,2019-06-25,230.73,135-913,서울특별시 강남구 역삼동 659-2 배민빌딩,N,,3220000-113-2019-00098,,3220000,"서울특별시 강남구 논현로 558, 지상3층 (역삼동)",06136,01,영업/정상,유통전문판매업,,,,
,임대,주식회사 엣지잇겟,유통전문판매업,,202647.238764895,446267.050235967,2026-05-03 22:50:23,I,01,영업,70.4,0,0,0,,,,0,,2021-11-15 15:27:27,2019-07-03,70.40,135-816,서울특별시 강남구 논현동 67-14,N,,3220000-113-2019-00103,,3220000,"서울특별시 강남구 도산대로30길 21-10, 지상4층 (논현동)",06049,01,영업/정상,유통전문판매업,,,,
,자가,투모로 21,유통전문판매업,,202734.025,443336.025,2026-05-03 22:50:23,I,01,영업,33,,,,,,,,,2019-07-11 17:53:35,2019-07-11,33.00,135-936,서울특별시 강남구 역삼동 832-30 원룸,N,,3220000-113-2019-00106,,3220000,"서울특별시 강남구 역삼로2길 17, 지상5층 504호 (역삼동)",06252,01,영업/정상,유통전문판매업,02-556-8856,,,
,자가,(주)미앤네이처,유통전문판매업,,202971.517608056,443975.618078402,2026-05-03 22:50:23,I,01,영업,0,,,,,,,,,2019-07-15 15:00:47,2019-07-15,10.00,135-924,서울특별시 강남구 역삼동 741-11,N,,3220000-113-2019-00108,,3220000,"서울특별시 강남구 논현로85길 47, 3층 303호 (역삼동)",06238,01,영업/정상,유통전문판매업,,,,
,자가,주식회사 큐옴바이오,유통전문판매업,,203571.547246998,447089.909054207,2026-05-03 22:50:23,I,01,영업,0,,,,,,,,,2021-12-07 15:24:47,2019-07-18,56.55,135-954,서울특별시 강남구 청담동 83-6,N,,3220000-113-2019-00113,,3220000,"서울특별시 강남구 선릉로158길 13-7, 지상2층 (청담동)",06014,01,영업/정상,유통전문판매업,02-3443-2001,,,
,자가,메가랩,유통전문판매업,,204631.1905484,445449.11687254,2026-05-03 22:50:23,I,01,영업,97.62,,,,,,,,,2019-07-29 15:09:30,2019-07-29,97.62,135-509,서울특별시 강남구 삼성동 121-24,N,,3220000-113-2019-00115,,3220000,"서울특별시 강남구 봉은사로78길 22, 지상2층 (삼성동)",06155,01,영업/정상,유통전문판매업,,,,
,자가,(주)큐로홀딩스,유통전문판매업,,202731.490523372,444365.586992204,2026-05-03 22:50:27,I,01,영업,60.9,,,,,,,,,2024-03-11 15:14:13,2019-08-02,60.90,135-908,서울특별시 강남구 역삼동 636-7 일리빌딩,N,,3220000-113-2019-00119,,3220000,"서울특별시 강남구 테헤란로13길 31-1, 일리빌딩 지상3층 (역삼동)",06130,01,영업/정상,유통전문판매업,,,,
,자가,구구당,유통전문판매업,,202395.158400046,444562.220853437,2026-05-03 22:50:27,I,01,영업,44.18,,,,,,,,,2019-08-12 10:04:52,2019-08-12,44.18,135-907,서울특별시 강남구 역삼동 617-6,N,,3220000-113-2019-00120,,3220000,"서울특별시 강남구 강남대로102길 35, 지하1층 (역삼동)",06124,01,영업/정상,유통전문판매업,,,,
,자가,레오파드,유통전문판매업,,204219.614507961,444552.051932054,2026-05-03 22:50:27,I,01,영업,4,,,,,,,,,2019-08-14 12:01:44,2019-07-04,4.00,135-919,서울특별시 강남구 역삼동 708-30 송경빌딩,N,,3220000-113-2019-00121,,3220000,"서울특별시 강남구 선릉로87길 12, 지상3층 3110호 (역삼동)",06212,01,영업/정상,유통전문판매업,042-255-0698,,,
,자가,홍도담,유통전문판매업,,203267.407067459,447257.235661158,2026-05-03 22:50:27,I,01,영업,20,,,,,,,,,2024-04-12 09:56:15,2019-08-23,20.00,135-897,서울특별시 강남구 신사동 659-9 혜성빌딩,N,,3220000-113-2019-00124,,3220000,"서울특별시 강남구 선릉로161길 31, 지상4층 (신사동)",06018,01,영업/정상,유통전문판매업,02-541-0801,,,
,자가,주식회사 세정글로벌,유통전문판매업,,205680.251746391,445820.027260482,2026-05-03 22:50:27,I,01,영업,0,,,,,,,,,2021-12-21 14:14:38,2019-08-26,5.28,135-881,서울특별시 강남구 삼성동 162-15 익성빌딩,N,,3220000-113-2019-00126,,3220000,"서울특별시 강남구 봉은사로112길 6, 익성빌딩 지상6층 (삼성동)",06170,01,영업/정상,유통전문판매업,,,,
,자가,(주)위엔아이그룹,유통전문판매업,,203634.241798029,445522.451820073,2026-05-03 22:50:27,I,01,영업,46,,,,,,,,,2019-09-02 15:57:54,2019-09-02,46.00,135-833,서울특별시 강남구 논현동 269-3,N,,3220000-113-2019-00133,,3220000,"서울특별시 강남구 선릉로115길 13, 지상2층 (논현동)",06103,01,영업/정상,유통전문판매업,,,,
,자가,주식회사 봄코리아,유통전문판매업,,204787.481792149,444734.016271584,2026-05-03 22:50:27,I,01,영업,196.14,0,0,0,,,,0,,2021-04-30 09:28:43,2019-09-03,196.14,135-840,서울특별시 강남구 대치동 891-54 우전빌딩,N,,3220000-113-2019-00134,,3220000,"서울특별시 강남구 삼성로85길 28, 지상2층 (대치동)",06194,01,영업/정상,유통전문판매업,02-2052-1288,,,
,자가,주식회사 보라티알,유통전문판매업,,201971.35912276,445136.165168602,2026-05-03 22:50:27,I,01,영업,68.8,,,,,,,,,2026-04-29 10:37:43,2019-09-04,68.80,135-825,서울특별시 강남구 논현동 164-1,N,,3220000-113-2019-00135,,3220000,"서울특별시 강남구 강남대로 518, 10층 (논현동)",06114,01,영업/정상,유통전문판매업,02-538-3373,,,
,자가,주식회사 네오팜,유통전문판매업,,203195.636127646,446005.807817654,2026-05-03 22:50:27,I,01,영업,33,,,,,,,,,2020-08-04 16:42:55,2019-09-10,33.00,135-821,서울특별시 강남구 논현동 115-7 미성빌딩,N,,3220000-113-2019-00140,,3220000,"서울특별시 강남구 학동로 311, 지상2층 (논현동)",06061,01,영업/정상,유통전문판매업,02-591-4511,,,
,임대,(주)아이앰더블유,유통전문판매업,,202811.890531888,444103.760183634,2026-05-03 22:50:29,I,01,영업,3.3,,,,,,,,,2024-08-29 11:33:32,2020-12-24,3.30,135-933,서울특별시 강남구 역삼동 823-22 성곡빌딩,N,,3220000-113-2020-00312,,3220000,"서울특별시 강남구 테헤란로 128, 성곡빌딩 지상2층 221호 (역삼동)",06234,01,영업/정상,유통전문판매업,,,,
,자가,인스코비,유통전문판매업,,203598.05846165,446149.711527459,2026-05-03 22:50:29,I,01,영업,968.95,0,0,0,,,,0,,2023-04-04 15:37:39,2020-05-25,968.95,135-766,서울특별시 강남구 청담동 41-2 금하빌딩,N,,3220000-113-2020-00313,,3220000,"서울특별시 강남구 학동로 401, 금하빌딩 9층 (청담동)",06069,01,영업/정상,유통전문판매업,1661-9641,,,
,임대,주식회사 휴먼네이처코리아,유통전문판매업,,203272.51,443811.54,2026-05-03 22:50:29,I,01,영업,66,0,0,0,,,,0,,2023-05-18 18:03:25,2020-01-21,66.00,135-925,서울특별시 강남구 역삼동 746-18,N,,3220000-113-2020-00314,,3220000,"서울특별시 강남구 논현로75길 10, 5층 (역삼동)",06247,01,영업/정상,유통전문판매업,02-2038-0899,,,
,임대,주식회사 컴플리톤코리아,유통전문판매업,2026-04-09,203615.806695681,443338.221810986,2026-05-03 22:50:29,I,02,폐업,109.06,0,0,0,,,,0,,2026-04-09 16:50:06,2020-10-14,109.06,135-857,서울특별시 강남구 도곡동 543-1,N,,3220000-113-2020-00317,,3220000,"서울특별시 강남구 도곡로 206, 4층 (도곡동)",06272,03,폐업,유통전문판매업,,,,
,자가,(주)식음연구소,유통전문판매업,,203308.505,445949.72,2026-05-03 22:50:29,I,01,영업,33,,,,,,,,,2023-11-16 15:47:06,2020-07-10,33.00,135-830,서울특별시 강남구 논현동 239-6 동양애니메이션빌딩,N,,3220000-113-2020-00318,,3220000,"서울특별시 강남구 언주로130길 35, 지상5층 (논현동)",06098,01,영업/정상,유통전문판매업,02-322-4831,,,
,,이화수 주식회사,유통전문판매업,,202396.738264143,446331.822616635,2026-05-03 22:50:29,I,01,영업,0,,,,,,,,,2025-12-12 14:55:12,2020-12-21,8.51,135-812,서울특별시 강남구 논현동 7-15,N,,3220000-113-2020-00319,,3220000,"서울특별시 강남구 도산대로 176, 6층 606호 중 일부호 (논현동)",06040,01,영업/정상,유통전문판매업,,,,
,자가,(주)비브리브,유통전문판매업,,202531.774371697,445655.39982615,2026-05-03 22:50:29,I,01,영업,186.46,,,,,,,,,2024-06-18 09:36:36,2020-12-10,186.46,135-823,서울특별시 강남구 논현동 128-6,N,,3220000-113-2020-00320,,3220000,"서울특별시 강남구 학동로 168, 지상2층 203호,204호 (논현동)",06112,01,영업/정상,유통전문판매업,02-547-0168,,,
,자가,라이프앤바이오 주식회사,유통전문판매업,,201972.719955591,445352.282353774,2026-05-03 22:50:29,I,01,영업,4,,,,,,,,,2024-08-21 10:25:53,2020-03-18,4.00,135-822,서울특별시 강남구 논현동 141-12,N,,3220000-113-2020-00321,,3220000,"서울특별시 강남구 학동로4길 16, 4층 (논현동)",06110,01,영업/정상,유통전문판매업,070-8885-2016,,,
,임대,(주)홍임,유통전문판매업,,202335.680809309,446793.433827623,2026-05-03 22:50:29,I,01,영업,60,,,,,,,,,2025-01-07 15:51:56,2020-12-02,60.00,135-891,서울특별시 강남구 신사동 567-21,N,,3220000-113-2020-00322,,3220000,"서울특별시 강남구 논현로161길 11, 지상4층 402호 (신사동)",06031,01,영업/정상,유통전문판매업,,,,
,자가,주식회사 에프엠더블유,유통전문판매업,,203133.37337047,444535.275381825,2026-05-03 22:50:29,I,01,영업,202.44,,,,,,,,,2025-04-16 15:18:10,2020-12-23,202.44,135-914,서울특별시 강남구 역삼동 668-3 청송빌딩,N,,3220000-113-2020-00323,,3220000,"서울특별시 강남구 논현로 520, 청송빌딩 3층 (역삼동)",06140,01,영업/정상,유통전문판매업,031-893-6001,,,
,자가,주식회사 더리터,유통전문판매업,,202563.983704418,446575.367750326,2026-05-03 22:50:29,I,01,영업,0,,,,,,,,,2025-04-30 15:15:35,2020-03-18,174.08,135-893,서울특별시 강남구 신사동 590-14 디오사옥,N,,3220000-113-2020-00324,,3220000,"서울특별시 강남구 논현로152길 21, 디오사옥 5층 일부호 (신사동)",06025,01,영업/정상,유통전문판매업,,,,
,임대,(주)뉴솔바이오,유통전문판매업,,203588.048190661,446183.368328818,2026-05-03 22:50:29,I,01,영업,4.95,0,0,0,,,,0,,2025-05-21 13:43:50,2020-05-12,4.95,135-764,서울특별시 강남구 청담동 41 청담빌딩,N,,3220000-113-2020-00325,,3220000,"서울특별시 강남구 선릉로 704, 청담빌딩 10층 386호 (청담동)",06069,01,영업/정상,유통전문판매업,02-1577-6472,,,
,,(주)올앤,유통전문판매업,,208937.760652081,442873.588039887,2026-05-03 22:50:29,I,01,영업,0,0,0,0,,,,0,,2025-07-28 15:30:00,2020-08-28,3.30,135-539,서울특별시 강남구 수서동 713 수서현대벤쳐빌,N,,3220000-113-2020-00326,,3220000,"서울특별시 강남구 밤고개로1길 10, 수서현대벤쳐빌 10층 1025호 (수서동)",06349,01,영업/정상,유통전문판매업,031-712-1186,,,
,임대,주식회사 제이엠헬스팩토리,유통전문판매업,,202716.535,444150.93,2026-05-03 22:50:29,I,01,영업,46.99,0,0,0,,,,0,,2025-08-21 15:58:07,2020-05-21,46.99,135-748,서울특별시 강남구 역삼동 648-23 여삼빌딩,N,,3220000-113-2020-00327,,3220000,"서울특별시 강남구 테헤란로 123, 여삼빌딩 6층 604호 (역삼동)",06133,01,영업/정상,유통전문판매업,02-534-2090,,,
,자가,제이에스가든몰,유통전문판매업,,203296.178408048,446593.859767432,2026-05-03 22:50:29,I,01,영업,169.18,,,,,,,,,2021-01-05 09:21:45,2021-01-05,169.18,135-819,서울특별시 강남구 논현동 95-14 동성빌딩,N,,3220000-113-2021-00001,,3220000,"서울특별시 강남구 선릉로145길 16, 동성빌딩 402호 (논현동)",06055,01,영업/정상,유통전문판매업,,,,
,자가,(주)마초패밀리,유통전문판매업,,204632.580247498,445174.063332207,2026-05-03 22:50:29,I,01,영업,11.88,,,,,,,,,2021-01-05 12:28:58,2021-01-05,11.88,135-875,서울특별시 강남구 삼성동 124-25 정해빌딩,N,,3220000-113-2021-00002,,3220000,"서울특별시 강남구 삼성로99길 24, 정해빌딩 5층 501-1호 (삼성동)",06156,01,영업/정상,유통전문판매업,,,,
,자가,진지 주식회사,유통전문판매업,,202617.106156263,444846.731088491,2026-05-03 22:50:39,I,01,영업,97.35,,,,,,,,,2022-04-20 16:57:18,2022-04-20,97.35,135-907,서울특별시 강남구 역삼동 604-2,N,,3220000-113-2022-00074,,3220000,"서울특별시 강남구 봉은사로18길 4, 지상1층 (역삼동)",06125,01,영업/정상,유통전문판매업,02-815-2040,,,
,자가,노이에아트멍,유통전문판매업,,202221.550617863,446447.093762725,2026-05-03 22:50:39,I,01,영업,74.64,,,,,,,,,2022-04-22 16:10:51,2022-04-22,74.64,135-890,서울특별시 강남구 신사동 559-9,N,,3220000-113-2022-00076,,3220000,"서울특별시 강남구 도산대로23길 19, 지하1층 (신사동)",06037,01,영업/정상,유통전문판매업,,,,
,자가,(주)네이처스위스퍼,유통전문판매업,,203588.048190661,446183.368328818,2026-05-03 22:50:39,I,01,영업,4.95,,,,,,,,,2025-09-09 15:43:36,2022-04-26,4.95,135-764,서울특별시 강남구 청담동 41 청담빌딩,N,,3220000-113-2022-00077,,3220000,"서울특별시 강남구 선릉로 704, 청담빌딩 10층 519호 (청담동)",06069,01,영업/정상,유통전문판매업,,,,
,자가,주식회사 리혜원라이프스타일컴퍼니,유통전문판매업,,204043.337622514,447182.192248468,2026-05-03 22:50:39,I,01,영업,167.98,,,,,,,,,2022-04-26 17:14:20,2022-04-26,167.98,135-956,서울특별시 강남구 청담동 100-14,N,,3220000-113-2022-00078,,3220000,"서울특별시 강남구 도산대로81길 41, 5층 (청담동)",06010,01,영업/정상,유통전문판매업,,,,
,자가,(주)대웅제약,유통전문판매업,,205719.232818889,445808.558519541,2026-05-03 22:50:39,I,01,영업,754.63,,,,,,,,,2022-04-27 14:43:03,2022-04-27,754.63,135-715,서울특별시 강남구 삼성동 163-3 대웅제약빌딩,N,,3220000-113-2022-00079,,3220000,"서울특별시 강남구 봉은사로114길 12, 대웅제약빌딩 지상7층 (삼성동)",06170,01,영업/정상,유통전문판매업,02-550-8800,,,
,자가,주식회사 선승연,유통전문판매업,,202810.078604197,446396.283742625,2026-05-03 22:50:39,I,01,영업,35.55,0,0,0,,,,0,,2024-04-18 13:46:35,2022-04-29,35.55,135-816,서울특별시 강남구 논현동 63-15,N,,3220000-113-2022-00080,,3220000,"서울특별시 강남구 언주로147길 20, B동 지상3층 (논현동)",06048,01,영업/정상,유통전문판매업,02-6207-5418,,,
,자가,주식회사 뽕사부컴퍼니,유통전문판매업,,203049.274652617,443434.322924734,2026-05-03 22:50:39,I,01,영업,33,,,,,,,,,2022-05-04 10:18:52,2022-05-04,33.00,135-569,서울특별시 강남구 역삼동 834-67,N,,3220000-113-2022-00081,,3220000,"서울특별시 강남구 논현로67길 58, 3층 313호 (역삼동)",06250,01,영업/정상,유통전문판매업,,,,
,자가,(주)스노우폭스코리아,유통전문판매업,,204698.725555403,444950.288061059,2026-05-03 22:50:39,I,01,영업,177,,,,,,,,,2022-05-04 16:24:46,2022-05-04,177.00,135-877,서울특별시 강남구 삼성동 143-30 케이엘타워,N,,3220000-113-2022-00082,,3220000,"서울특별시 강남구 삼성로91길 28, 케이엘타워 지상3층 (삼성동)",06159,01,영업/정상,유통전문판매업,02-563-8082,,,
,자가,트웰브굿즈,유통전문판매업,,203125.055,446027.47,2026-05-03 22:50:39,I,01,영업,10,,,,,,,,,2022-05-04 16:40:58,2022-05-04,10.00,135-821,서울특별시 강남구 논현동 115-22,N,,3220000-113-2022-00083,,3220000,"서울특별시 강남구 언주로134길 6, 지상2층 202호 A275호 (논현동)",06061,01,영업/정상,유통전문판매업,070-8818-1212,,,
,자가,(주)스타일디택트,유통전문판매업,,202088.929364071,446256.378495372,2026-05-03 22:50:39,I,01,영업,28,,,,,,,,,2023-06-01 14:41:46,2022-05-06,28.00,135-889,서울특별시 강남구 신사동 539-11 인우빌딩(INWOO),N,,3220000-113-2022-00084,,3220000,"서울특별시 강남구 도산대로 145, 인우빌딩(INWOO) 13층 1303호 (신사동)",06036,01,영업/정상,유통전문판매업,02-3447-5111,,,
,자가,주식회사 에리어플러스,유통전문판매업,,202943.292028763,447084.222779545,2026-05-03 22:50:39,I,01,영업,20,,,,,,,,,2022-05-10 14:17:49,2022-05-10,20.00,135-895,서울특별시 강남구 신사동 634-8,N,,3220000-113-2022-00085,,3220000,"서울특별시 강남구 언주로168길 6-7, 지하1층 (신사동)",06020,01,영업/정상,유통전문판매업,070-7554-7777,,,
,자가,엔씨네이처 주식회사,유통전문판매업,,209205.687910519,441478.676728686,2026-05-03 22:50:39,I,01,영업,25.63,,,,,,,,,2022-05-10 15:45:40,2022-05-10,25.63,135-200,서울특별시 강남구 자곡동 596 강남 더샵 라르고,N,,3220000-113-2022-00086,,3220000,"서울특별시 강남구 자곡로 201, 강남 더샵 라르고 9층 922호 (자곡동)",06372,01,영업/정상,유통전문판매업,,,,
,자가,뮤즈그룹,유통전문판매업,,203248.055158765,445099.542660395,2026-05-03 22:50:39,I,01,영업,400.82,0,0,0,,,,0,,2022-08-17 09:32:59,2022-05-11,400.82,135-913,서울특별시 강남구 역삼동 653 봉암빌딩,N,,3220000-113-2022-00087,,3220000,"서울특별시 강남구 봉은사로 230, 봉암빌딩 지상3층 (역삼동)",06135,01,영업/정상,유통전문판매업,02-693-3450,,,
,자가,(주)모닝화이팅인터내셔널,유통전문판매업,,205004.59007344,445271.791990965,2026-05-03 22:50:39,I,01,영업,52.4,,,,,,,,,2022-05-13 11:29:51,2022-05-13,52.40,135-879,서울특별시 강남구 삼성동 154-3 오트리스빌딩,N,,3220000-113-2022-00089,,3220000,"서울특별시 강남구 삼성로100길 24-1, 오트리스빌딩 A(공부상 1동)동 지상5층 (삼성동)",06167,01,영업/정상,유통전문판매업,070-8803-6530,,,
,자가,기호식품 주식회사,유통전문판매업,,205680.94,444488.305,2026-05-03 22:50:39,I,01,영업,7,,,,,,,,,2023-04-04 15:26:55,2022-05-17,7.00,135-842,서울특별시 강남구 대치동 982-1,N,,3220000-113-2022-00091,,3220000,"서울특별시 강남구 도곡로99길 31, 지하1층 (대치동)",06187,01,영업/정상,유통전문판매업,,,,
,자가,크레센도컴퍼니,유통전문판매업,,201958.941139045,446657.049940081,2026-05-03 22:50:39,I,01,영업,16.5,,,,,,,,,2022-05-18 18:12:40,2022-05-18,16.50,135-889,서울특별시 강남구 신사동 546-3,N,,3220000-113-2022-00093,,3220000,"서울특별시 강남구 가로수길 62, 6층 602호 (신사동)",06029,01,영업/정상,유통전문판매업,02-6369-1211,,,
,자가,주식회사 산노루,유통전문판매업,,204804.24685853,446285.661318619,2026-05-03 22:50:39,I,01,영업,10,,,,,,,,,2022-05-19 16:36:27,2022-05-19,10.00,135-870,서울특별시 강남구 삼성동 60-16,N,,3220000-113-2022-00094,,3220000,"서울특별시 강남구 삼성로122길 35, 지상1층 (삼성동)",06085,01,영업/정상,유통전문판매업,,,,
,자가,주식회사 닥터리비엠씨,유통전문판매업,,204044.789948927,444529.84042741,2026-05-03 22:50:44,I,01,영업,39.1,,,,,,,,,2023-10-30 16:44:14,2023-10-30,39.10,135-918,서울특별시 강남구 역삼동 707-34 한신인터밸리24,N,,3220000-113-2023-00208,,3220000,"서울특별시 강남구 테헤란로 322, 한신인터밸리24 15층 동관 1611호 (역삼동)",06211,01,영업/정상,유통전문판매업,02-322-7501,,,
,자가,커피덴티티(COFFEEDENTITY),유통전문판매업,,202093.063466594,445269.604984671,2026-05-03 22:50:44,I,01,영업,6,,,,,,,,,2024-10-28 13:00:51,2023-11-02,6.00,135-825,서울특별시 강남구 논현동 145-5 초이스 타운,N,,3220000-113-2023-00210,,3220000,"서울특별시 강남구 강남대로126길 24, 초이스 타운 지상1층 (논현동)",06114,01,영업/정상,유통전문판매업,,,,
,임대,엑스인듀어런스 코리아,유통전문판매업,,203528.84577705,444382.002257577,2026-05-03 22:50:44,I,01,영업,241.3,,,,,,,,,2024-12-27 14:24:32,2023-11-03,241.30,135-920,서울특별시 강남구 역삼동 719-4 도원빌딩,N,,3220000-113-2023-00211,,3220000,"서울특별시 강남구 테헤란로 222, 도원빌딩 지상7층 (역삼동)",06221,01,영업/정상,유통전문판매업,,,,
,임대,아이스토리,유통전문판매업,,202425.73,444852.88,2026-05-03 22:50:44,I,01,영업,22.55,,,,,,,,,2023-11-07 14:56:34,2023-11-07,22.55,135-545,서울특별시 강남구 논현동 203-1 거평타운오피스텔,N,,3220000-113-2023-00212,,3220000,"서울특별시 강남구 봉은사로 129, 거평타운오피스텔 8층 812호 (논현동)",06121,01,영업/정상,유통전문판매업,,,,
,자가,팜봇주식회사 농업회사법인,유통전문판매업,,203029.141407313,444083.094719307,2026-05-03 22:50:44,I,01,영업,48,,,,,,,,,2023-11-07 15:13:25,2023-11-07,48.00,135-924,서울특별시 강남구 역삼동 736-31,N,,3220000-113-2023-00213,,3220000,"서울특별시 강남구 테헤란로22길 14, 지상5층 (역삼동)",06236,01,영업/정상,유통전문판매업,02-6203-2692,,,
,자가,주식회사 씨에이치엔,유통전문판매업,,203378.311510386,446084.632044557,2026-05-03 22:50:44,I,01,영업,20.88,0,0,0,,,,0,,2023-11-08 15:56:19,2023-11-08,20.88,135-821,서울특별시 강남구 논현동 118-11 일우빌딩,N,,3220000-113-2023-00214,,3220000,"서울특별시 강남구 학동로47길 6, 일우빌딩 3층 (논현동)",06060,01,영업/정상,유통전문판매업,070-4144-6846,,,
,임대,스위치카페(SWCH),유통전문판매업,,203289.815623879,443198.985457994,2026-05-03 22:50:44,I,01,영업,3.3,,,,,,,,,2024-09-30 11:14:24,2023-11-09,3.30,135-858,서울특별시 강남구 도곡동 546-8,N,,3220000-113-2023-00215,,3220000,"서울특별시 강남구 논현로57길 38, 지상1층 101호 (도곡동)",06261,01,영업/정상,유통전문판매업,,,,
,자가,주식회사 아말,유통전문판매업,,205271.275273064,445852.638814088,2026-05-03 22:50:44,I,01,영업,1.65,,,,,,,,,2023-11-14 15:36:54,2023-11-14,1.65,135-873,서울특별시 강남구 삼성동 107 삼성동 미켈란 107,N,,3220000-113-2023-00217,,3220000,"서울특별시 강남구 영동대로 602, 지상6층 Z130호 (삼성동, 삼성동 미켈란 107)",06083,01,영업/정상,유통전문판매업,,,,
,자가,SAMG엔터테인먼트,유통전문판매업,,204064.306607103,444674.35579425,2026-05-03 22:50:44,I,01,영업,1662.12,,,,,,,,,2023-11-14 15:51:47,2023-11-14,"1,662.12",135-513,서울특별시 강남구 역삼동 702-28 URBAN BENCH,N,,3220000-113-2023-00218,,3220000,"서울특별시 강남구 테헤란로 325, URBAN BENCH 지상6층,8층 (역삼동)",06151,01,영업/정상,유통전문판매업,02-535-6773,,,
,,제이케이(JK)푸드,유통전문판매업,,206943.899783065,443232.721306979,2026-05-03 22:50:44,I,01,영업,0,0,0,0,,,,0,,2023-11-17 14:26:37,2023-11-17,,135-946,서울특별시 강남구 일원동 615-1 개포한신아파트,N,,3220000-113-2023-00220,,3220000,"서울특별시 강남구 개포로110길 43, 104동 1207호 (일원동, 개포한신아파트)",06337,01,영업/정상,유통전문판매업,,,,
,,제이엠와이(주),유통전문판매업,,203661.894875866,444715.72803994,2026-05-03 22:50:44,I,01,영업,0,,,,,,,,,2025-11-21 13:09:08,2023-11-23,152.06,135-513,서울특별시 강남구 역삼동 700-3,N,,3220000-113-2023-00221,,3220000,"서울특별시 강남구 언주로 514, 4층 (역삼동)",06147,01,영업/정상,유통전문판매업,,,,
,임대,에코지나인글로벌,유통전문판매업,,203088.331197815,444183.419792606,2026-05-03 22:50:45,I,01,영업,215.9,,,,,,,,,2023-11-24 11:08:42,2023-11-24,215.90,135-924,서울특별시 강남구 역삼동 736-8,N,,3220000-113-2023-00223,,3220000,"서울특별시 강남구 테헤란로26길 6, 6층 (역삼동)",06236,01,영업/정상,유통전문판매업,02-521-4102,,,
,임대,주식회사 탈모연구소,유통전문판매업,,203162.035583438,443305.241220477,2026-05-03 22:50:45,I,01,영업,20,,,,,,,,,2025-12-09 09:16:50,2023-11-24,20.00,135-930,서울특별시 강남구 역삼동 793-52,N,,3220000-113-2023-00225,,3220000,"서울특별시 강남구 도곡로13길 12, 303호 (역삼동)",06256,01,영업/정상,유통전문판매업,,,,
,자가,청목원,유통전문판매업,,203967.159294381,446782.73164451,2026-05-03 22:50:45,I,01,영업,75.12,,,,,,,,,2023-11-28 18:11:36,2023-11-28,75.12,135-948,서울특별시 강남구 청담동 5-15,N,,3220000-113-2023-00226,,3220000,"서울특별시 강남구 삼성로149길 24, 지상2층 201호, 202호 (청담동)",06062,01,영업/정상,유통전문판매업,,,,
,임대,주식회사 위드랩스,유통전문판매업,,202840.148414366,446675.65345465,2026-05-03 22:50:45,I,01,영업,108.98,,,,,,,,,2023-11-29 16:37:49,2023-11-29,108.98,135-895,서울특별시 강남구 신사동 628-26,N,,3220000-113-2023-00228,,3220000,"서울특별시 강남구 언주로151길 4, 지상3층 (신사동)",06026,01,영업/정상,유통전문판매업,,,,
,자가,주식회사 자하식품,유통전문판매업,,202724.214297488,445894.305854116,2026-05-03 22:50:45,I,01,영업,2,,,,,,,,,2023-11-30 15:50:28,2023-03-08,2.00,135-818,서울특별시 강남구 논현동 86-5,N,,3220000-113-2023-00229,,3220000,"서울특별시 강남구 논현로132길 13, 지상4층 4503호 (논현동)",06052,01,영업/정상,유통전문판매업,,,,
,자가,주식회사 두손웰푸드,유통전문판매업,,208937.760652081,442873.588039887,2026-05-03 22:50:27,I,01,영업,73.74,,,,,,,,,2023-09-20 09:45:59,2019-09-10,73.74,135-539,서울특별시 강남구 수서동 713 수서현대벤쳐빌,N,,3220000-113-2019-00141,,3220000,"서울특별시 강남구 밤고개로1길 10, 수서현대벤쳐빌 지상11층 1115호 (수서동)",06349,01,영업/정상,유통전문판매업,02-459-9638,,,
,자가,한보장,유통전문판매업,,205834.057580829,444596.716943335,2026-05-03 22:50:27,I,01,영업,40.59,,,,,,,,,2019-09-11 12:12:25,2019-09-11,40.59,135-851,서울특별시 강남구 대치동 1008-1 타워크리스탈빌딩,N,,3220000-113-2019-00142,,3220000,"서울특별시 강남구 영동대로 324, 지상9층 907호 (대치동)",06177,01,영업/정상,유통전문판매업,02-556-5373,,,
,자가,주식회사 부스터스,유통전문판매업,,203473.925098875,446939.225244374,2026-05-03 22:50:27,I,01,영업,65.62,,,,,,,,,2021-10-21 11:28:30,2019-09-16,65.62,135-954,서울특별시 강남구 청담동 85-4 디자이너 크럽,N,,3220000-113-2019-00143,,3220000,"서울특별시 강남구 선릉로 818, 디자이너 크럽 지상6층 119호 (청담동)",06014,01,영업/정상,유통전문판매업,,,,
,자가,주식회사 앤그로운,유통전문판매업,,203090.26415877,445954.1514155,2026-05-03 22:50:27,I,01,영업,306.81,0,0,0,,,,0,,2024-02-28 17:24:30,2019-09-16,306.81,135-821,서울특별시 강남구 논현동 115-13 라이브플렉스타워,N,,3220000-113-2019-00144,,3220000,"서울특별시 강남구 언주로 702, 지상13층 (논현동)",06061,01,영업/정상,유통전문판매업,,,,
,자가,유한회사 메디치컴퍼니,유통전문판매업,,205114.177128344,444835.484492475,2026-05-03 22:50:27,I,01,영업,111.1,,,,,,,,,2019-09-18 14:20:15,2019-09-18,111.10,135-847,서울특별시 강남구 대치동 957-5,N,,3220000-113-2019-00146,,3220000,"서울특별시 강남구 삼성로86길 14, 지상3층 (대치동)",06185,01,영업/정상,유통전문판매업,02-3402-9800,,,
,자가,주식회사 제이메디바이오,유통전문판매업,,201848.507662396,445944.751663103,2026-05-03 22:50:27,I,01,영업,0,,,,,,,,,2019-09-23 12:09:25,2019-09-23,30.00,135-811,서울특별시 강남구 논현동 2-10 아이올리빌딩,N,,3220000-113-2019-00148,,3220000,"서울특별시 강남구 도산대로6길 14, 아이올리빌딩 지하1층 (논현동)",06038,01,영업/정상,유통전문판매업,,,,
,자가,(주)랩도쿠,유통전문판매업,,203345.672723925,446435.028982015,2026-05-03 22:50:27,I,01,영업,622.2,,,,,,,,,2019-09-23 15:24:31,2019-09-23,622.20,135-820,서울특별시 강남구 논현동 100-24,N,,3220000-113-2019-00149,,3220000,서울특별시 강남구 선릉로141길 16 (논현동),06056,01,영업/정상,유통전문판매업,,,,
,자가,주식회사 미담제작소,유통전문판매업,,203518.763332969,446051.579831786,2026-05-03 22:50:27,I,01,영업,38.75,,,,,,,,,2019-09-25 13:06:45,2019-09-25,38.75,135-830,서울특별시 강남구 논현동 241-3 에스케이 허브블루,N,,3220000-113-2019-00152,,3220000,"서울특별시 강남구 학동로 342, 에스케이 허브블루 지상9층 923호 (논현동)",06099,01,영업/정상,유통전문판매업,02-514-1860,,,
,자가,제레미에프엔비,유통전문판매업,,202520.972243984,443946.832938881,2026-05-03 22:50:27,I,01,영업,24.61,,,,,,,,,2019-10-01 11:47:59,2019-10-01,24.61,135-934,서울특별시 강남구 역삼동 825-20 강남역 센트럴 푸르지오 시티,N,,3220000-113-2019-00154,,3220000,"서울특별시 강남구 테헤란로4길 6, 강남역 센트럴 푸르지오 시티 지상4층 445호 (역삼동)",06232,01,영업/정상,유통전문판매업,02-2038-3338,,,
,자가,(주)디엔바이오젠,유통전문판매업,,203504.650559696,447000.176027916,2026-05-03 22:50:27,I,01,영업,24.8,,,,,,,,,2019-10-02 13:45:27,2019-10-02,24.80,135-954,서울특별시 강남구 청담동 85-14,N,,3220000-113-2019-00156,,3220000,"서울특별시 강남구 도산대로55길 25, 지상4층 (청담동)",06014,01,영업/정상,유통전문판매업,02-511-0889,,,
,자가,(주)리뉴메디,유통전문판매업,,202951.131851939,444272.491201721,2026-05-03 22:50:27,I,01,영업,0,,,,,,,,,2019-10-04 16:32:35,2019-10-04,195.03,135-911,서울특별시 강남구 역삼동 646-4,N,,3220000-113-2019-00157,,3220000,"서울특별시 강남구 강남대로94길 86, 11층 (역삼동)",06132,01,영업/정상,유통전문판매업,070-4020-4114,,,
,자가,(주)더엘그룹,유통전문판매업,,203234.246182699,446970.093670591,2026-05-03 22:50:27,I,01,영업,53,,,,,,,,,2025-01-16 17:13:56,2019-10-07,53.00,135-897,서울특별시 강남구 신사동 656-18 성준빌딩,N,,3220000-113-2019-00158,,3220000,"서울특별시 강남구 선릉로153길 26, 성준빌딩 지상5층 (신사동)",06019,01,영업/정상,유통전문판매업,02-549-3949,,,
,자가,푸더빌리티,유통전문판매업,,204348.85,441729.915,2026-05-03 22:50:27,I,01,영업,63.24,,,,,,,,,2024-02-06 16:05:48,2019-10-11,63.24,135-962,서울특별시 강남구 개포동 1206-3,N,,3220000-113-2019-00159,,3220000,"서울특별시 강남구 개포로28길 20, 3층 302호 (개포동)",06308,01,영업/정상,유통전문판매업,,,,
,자가,(주)엠피엠글로벌,유통전문판매업,,203781.181231927,444411.73071825,2026-05-03 22:50:27,I,01,영업,160.2,,,,,,,,,2019-10-15 14:48:57,2019-10-15,160.20,135-918,서울특별시 강남구 역삼동 706-13 윤익빌딩,N,,3220000-113-2019-00161,,3220000,"서울특별시 강남구 언주로 430, 윤익빌딩 9층 902호 (역삼동)",06210,01,영업/정상,유통전문판매업,02-2051-0006,,,
,,(주)윈풀루언스,유통전문판매업,,203449.148106643,446654.303404029,2026-05-03 22:50:27,I,01,영업,0,,,,,,,,,2019-10-16 17:53:11,2019-10-16,367.50,135-948,서울특별시 강남구 청담동 1-17 서진빌딩,N,,3220000-113-2019-00162,,3220000,"서울특별시 강남구 선릉로 754, 서진빌딩 4층 (청담동)",06062,01,영업/정상,유통전문판매업,,,,
,자가,에프씨브이(FCV),유통전문판매업,,204655.994638085,443955.77432919,2026-05-03 22:50:27,I,01,영업,82.5,,,,,,,,,2019-10-21 14:52:07,2019-10-21,82.50,135-998,서울특별시 강남구 대치동 936-11,N,,3220000-113-2019-00163,,3220000,"서울특별시 강남구 선릉로64길 14, 지하2층 (대치동)",06206,01,영업/정상,유통전문판매업,02-568-7955,,,
,자가,케이디스,유통전문판매업,,202666.466464074,446775.643996702,2026-05-03 22:50:27,I,01,영업,5,,,,,,,,,2019-10-21 15:28:59,2019-10-21,5.00,135-893,서울특별시 강남구 신사동 595-1,N,,3220000-113-2019-00164,,3220000,"서울특별시 강남구 논현로168길 36, 지상3층 337호 (신사동)",06024,01,영업/정상,유통전문판매업,,,,
,자가,주식회사 서진바이오,유통전문판매업,,202954.420824529,443207.528659777,2026-05-03 22:50:29,I,01,영업,119.57,,,,,,,,,2021-01-06 13:06:05,2021-01-06,119.57,135-937,서울특별시 강남구 역삼동 836-37 (주)브라운하우스 빌딩,N,,3220000-113-2021-00003,,3220000,서울특별시 강남구 강남대로62길 33 (주)브라운하우스 빌딩 지하1층 (역삼동),06254,01,영업/정상,유통전문판매업,,,,
,자가,고메공방,유통전문판매업,,203842.848076594,447071.829548154,2026-05-03 22:50:29,I,01,영업,0,,,,,,,,,2021-03-17 15:35:00,2021-01-06,111.81,135-954,서울특별시 강남구 청담동 81-2 SNOW WHITE,N,,3220000-113-2021-00004,,3220000,"서울특별시 강남구 도산대로67길 27, SNOW WHITE 3층 301호 (청담동)",06015,01,영업/정상,유통전문판매업,,,,
,,주식회사 엄마의부뚜막,유통전문판매업,,201663.632445369,446348.522044876,2026-05-03 22:50:29,I,01,영업,186.99,,,,,,,,,2022-01-21 10:20:51,2021-01-06,186.99,135-887,서울특별시 강남구 신사동 507-11,N,,3220000-113-2021-00005,,3220000,"서울특별시 강남구 도산대로1길 40, 3층 (신사동)",06027,01,영업/정상,유통전문판매업,02-518-5091,,,
,자가,(주)에이치비에프앤비,유통전문판매업,,205340.631121567,445354.571117445,2026-05-03 22:50:29,I,01,영업,135.77,,,,,,,,,2023-12-21 14:45:33,2021-01-08,135.77,135-090,서울특별시 강남구 삼성동 159-1 트레이드타워,N,,3220000-113-2021-00007,,3220000,"서울특별시 강남구 영동대로 511, 트레이드타워 46층 4601호 (삼성동)",06164,01,영업/정상,유통전문판매업,,,,
,자가,마이밸류,유통전문판매업,,204569.981154443,444298.343000426,2026-05-03 22:50:29,I,01,영업,33,,,,,,,,,2021-01-19 10:51:01,2021-01-19,33.00,135-841,서울특별시 강남구 대치동 908-7 愚田家 9087,N,,3220000-113-2021-00008,,3220000,"서울특별시 강남구 역삼로 414, 愚田家 9087 5층 (대치동)",06199,01,영업/정상,유통전문판매업,,,,
,자가,주식회사 이피엔스,유통전문판매업,,203672.738190756,445455.039886265,2026-05-03 22:50:29,I,01,영업,255.64,,,,,,,,,2021-01-19 11:28:55,2021-01-19,255.64,135-833,서울특별시 강남구 논현동 269-10,N,,3220000-113-2021-00009,,3220000,"서울특별시 강남구 봉은사로51길 19, 지상1층 (논현동)",06103,01,영업/정상,유통전문판매업,,,,
,자가,(주)씨믹스,유통전문판매업,,203407.8160666,443259.898442295,2026-05-03 22:50:29,I,01,영업,30,,,,,,,,,2021-01-20 18:16:27,2021-01-21,30.00,135-857,서울특별시 강남구 도곡동 545-14 양제벤처타워,N,,3220000-113-2021-00012,,3220000,"서울특별시 강남구 도곡로 182, 양제벤처타워 9층 (도곡동)",06261,01,영업/정상,유통전문판매업,02-587-5040,,,
,자가,그레이스 커피,유통전문판매업,,205271.275273064,445852.638814088,2026-05-03 22:50:29,I,01,영업,1.65,,,,,,,,,2021-01-22 09:54:52,2021-01-22,1.65,135-873,서울특별시 강남구 삼성동 107 삼성동 미켈란 107,N,,3220000-113-2021-00013,,3220000,"서울특별시 강남구 영동대로 602, 6층 SGI 068호 (삼성동, 삼성동 미켈란 107)",06083,01,영업/정상,유통전문판매업,02-6205-0190,,,
,,우아하우스,유통전문판매업,,203125.055,446027.47,2026-05-03 22:50:29,I,01,영업,10,,,,,,,,,2022-01-26 13:51:52,2021-01-25,10.00,135-821,서울특별시 강남구 논현동 115-22,N,,3220000-113-2021-00014,,3220000,"서울특별시 강남구 언주로134길 6, 2층 202호-A166호 (논현동)",06061,01,영업/정상,유통전문판매업,,,,
,자가,(주)이너뷰티랩,유통전문판매업,,204362.723391737,445623.124603364,2026-05-03 22:50:29,I,01,영업,0,,,,,,,,,2026-04-23 09:30:46,2021-01-27,59.50,135-868,서울특별시 강남구 삼성동 49,N,,3220000-113-2021-00017,,3220000,"서울특별시 강남구 선릉로112길 82, 301호 (삼성동)",06096,01,영업/정상,유통전문판매업,,,,
,자가,디퍼런트밀리언즈(주),유통전문판매업,,202096.515169806,446709.068648492,2026-05-03 22:50:29,I,01,영업,716.94,,,,,,,,,2021-01-27 15:37:22,2021-01-27,716.94,135-890,서울특별시 강남구 신사동 551-34 디밀 테라스 빌딩,N,,3220000-113-2021-00018,,3220000,"서울특별시 강남구 논현로161길 47, 디밀 테라스 빌딩 지하1,지상1~5층 (신사동)",06029,01,영업/정상,유통전문판매업,,,,
,자가,주식회사 스포츠바이브,유통전문판매업,,202960.41511577,446696.629285735,2026-05-03 22:50:29,I,01,영업,165.56,,,,,,,,,2021-01-27 16:37:07,2021-01-27,165.56,135-895,서울특별시 강남구 신사동 630-12 유일빌딩,N,,3220000-113-2021-00019,,3220000,"서울특별시 강남구 언주로152길 8, 유일빌딩 지상6층 (신사동)",06021,01,영업/정상,유통전문판매업,02-2138-6444,,,
,자가,(주)대진엠에스,유통전문판매업,,205201.530581121,444496.422473998,2026-05-03 22:50:29,I,01,영업,145,,,,,,,,,2021-02-01 14:20:07,2021-02-01,145.00,135-847,서울특별시 강남구 대치동 961-16,N,,3220000-113-2021-00020,,3220000,"서울특별시 강남구 삼성로72길 5, 지상2층 (대치동)",06186,01,영업/정상,유통전문판매업,,,,
,자가,(주)플로시,유통전문판매업,,204842.620168646,445010.636361278,2026-05-03 22:50:29,I,01,영업,1.65,,,,,,,,,2022-08-30 14:20:42,2021-02-01,1.65,135-877,서울특별시 강남구 삼성동 144-19 제이에스타워,N,,3220000-113-2021-00021,,3220000,"서울특별시 강남구 테헤란로79길 6, 제이에스타워 지상5층 브이835호 (삼성동)",06158,01,영업/정상,유통전문판매업,,,,
,자가,(주)지엔컨설팅코리아,유통전문판매업,,204127.676940605,444743.256073708,2026-05-03 22:50:29,I,01,영업,105,,,,,,,,,2021-02-03 09:34:32,2021-02-03,105.00,135-922,서울특별시 강남구 역삼동 705-8,N,,3220000-113-2021-00022,,3220000,"서울특별시 강남구 선릉로91길 14, 3층 301호 (역삼동)",06150,01,영업/정상,유통전문판매업,02-561-0858,,,
,자가,아워컴퍼니(Our Company),유통전문판매업,,203607.068430001,445315.578728921,2026-05-03 22:50:29,I,01,영업,4,,,,,,,,,2021-02-03 12:35:13,2021-02-03,4.00,135-529,서울특별시 강남구 논현동 277-20 아모제논현빌딩,N,,3220000-113-2021-00023,,3220000,"서울특별시 강남구 봉은사로 317, 아모제논현빌딩 지상3층 3055호 (논현동)",06103,01,영업/정상,유통전문판매업,,,,
,자가,주식회사 청년부엌,유통전문판매업,,203034.119878188,443237.376559075,2026-05-03 22:50:39,I,01,영업,27.53,0,0,0,,,,0,,2022-05-23 14:21:45,2022-05-23,27.53,135-569,서울특별시 강남구 역삼동 835-6 아라니아 빌딩,N,,3220000-113-2022-00095,,3220000,"서울특별시 강남구 도곡로7길 8, 아라니아 빌딩 지상1층 (역삼동)",06255,01,영업/정상,유통전문판매업,,,,
,자가,주식회사 만두제작단,유통전문판매업,,202642.598110752,446029.197426281,2026-05-03 22:50:39,I,01,영업,95,,,,,,,,,2022-05-25 15:55:12,2022-05-25,95.00,135-818,서울특별시 강남구 논현동 80-12 논현80-12빌딩,N,,3220000-113-2022-00098,,3220000,"서울특별시 강남구 도산대로30길 54, 지상2층 201호 (논현동, 논현80-12빌딩)",06051,01,영업/정상,유통전문판매업,,,,
,자가,튠바이오3,유통전문판매업,,205091.725780982,445178.072127192,2026-05-03 22:50:39,I,01,영업,55.73,,,,,,,,,2023-05-25 14:03:46,2022-05-26,55.73,135-880,서울특별시 강남구 삼성동 158-10 마젤란 21 아스테리움,N,,3220000-113-2022-00099,,3220000,"서울특별시 강남구 테헤란로87길 17, 마젤란 21 아스테리움 9층 904호 (삼성동)",06169,01,영업/정상,유통전문판매업,02-566-3120,,,
,자가,(주)에디스,유통전문판매업,,204615.364777705,444884.394551474,2026-05-03 22:50:39,I,01,영업,10,,,,,,,,,2022-06-08 18:06:44,2022-06-08,10.00,135-877,서울특별시 강남구 삼성동 143-37 현대타워,N,,3220000-113-2022-00103,,3220000,"서울특별시 강남구 테헤란로 423, 9층 9321호 (삼성동, 현대타워)",06159,01,영업/정상,유통전문판매업,,,,
,,주식회사 보타닉케어,유통전문판매업,,203061.918534602,444198.802275436,2026-05-03 22:50:39,I,01,영업,2,,,,,,,,,2022-06-09 15:03:49,2022-06-09,2.00,135-924,서울특별시 강남구 역삼동 736-6 현익빌딩,N,,3220000-113-2022-00104,,3220000,"서울특별시 강남구 테헤란로 146, 현익빌딩 13층 1307호 (역삼동)",06236,01,영업/정상,유통전문판매업,02-515-7943,,,
,자가,글라이던,유통전문판매업,,205271.275273064,445852.638814088,2026-05-03 22:50:39,I,01,영업,1.65,0,0,0,,,,0,,2022-06-09 14:59:25,2022-06-09,1.65,135-873,서울특별시 강남구 삼성동 107 삼성동 미켈란 107,N,,3220000-113-2022-00105,,3220000,"서울특별시 강남구 영동대로 602, 지상6층 K35호 (삼성동, 삼성동 미켈란 107)",06083,01,영업/정상,유통전문판매업,,,,
,자가,주식회사 이노하스,유통전문판매업,,204815.618281359,445334.086623919,2026-05-03 22:50:39,I,01,영업,260.3,,,,,,,,,2023-05-23 14:57:02,2022-06-09,260.30,135-878,서울특별시 강남구 삼성동 151-4 석천빌딩,N,,3220000-113-2022-00106,,3220000,"서울특별시 강남구 삼성로 542, 석천빌딩 5층 (삼성동)",06166,01,영업/정상,유통전문판매업,,,,
,자가,(주)케이첩,유통전문판매업,2026-03-20,201780.851655816,446419.315094933,2026-05-03 22:50:39,I,02,폐업,10,,,,,,,,,2026-03-20 13:41:09,2022-06-14,10.00,135-888,서울특별시 강남구 신사동 521-10,N,,3220000-113-2022-00107,,3220000,"서울특별시 강남구 강남대로160길 27, 지상2층 202호 (신사동)",06028,03,폐업,유통전문판매업,,,,
,자가,(주)더블유씨파워플코리아,유통전문판매업,,204343.091719558,444860.228286616,2026-05-03 22:50:39,I,01,영업,29.37,,,,,,,,,2022-06-14 16:47:13,2022-06-14,29.37,135-876,서울특별시 강남구 삼성동 141-8,N,,3220000-113-2022-00108,,3220000,"서울특별시 강남구 테헤란로63길 9, 4층 412호 (삼성동)",06162,01,영업/정상,유통전문판매업,02-558-0240,,,
,자가,네오큐민,유통전문판매업,,202668.065422549,446332.171860773,2026-05-03 22:50:39,I,01,영업,3.3,,,,,,,,,2022-06-15 11:52:40,2022-06-15,3.30,135-816,서울특별시 강남구 논현동 65-24,N,,3220000-113-2022-00109,,3220000,"서울특별시 강남구 언주로147길 42, 지상2층 255호 (논현동)",06049,01,영업/정상,유통전문판매업,,,,
,자가,(주)원더웰니스,유통전문판매업,,204219.614507961,444552.051932054,2026-05-03 22:50:39,I,01,영업,89.3,,,,,,,,,2022-06-15 15:17:48,2022-06-15,89.30,135-919,서울특별시 강남구 역삼동 708-30 송경빌딩,N,,3220000-113-2022-00110,,3220000,"서울특별시 강남구 선릉로87길 12, 송경빌딩 3층 302호 (역삼동)",06212,01,영업/정상,유통전문판매업,,,,
,자가,주식회사 마이오케어,유통전문판매업,,203175.63878024,445233.806285677,2026-05-03 22:50:39,I,01,영업,7.5,,,,,,,,,2024-10-07 10:13:52,2022-06-16,7.50,135-831,서울특별시 강남구 논현동 237 논현 237,N,,3220000-113-2022-00111,,3220000,"서울특별시 강남구 언주로113길 7, 논현 237 3층 330호 (논현동)",06109,01,영업/정상,유통전문판매업,02-6949-3564,,,
,자가,(주)대송에스엘케이,유통전문판매업,2026-03-30,205004.59007344,445271.791990965,2026-05-03 22:50:39,I,02,폐업,52.2,,,,,,,,,2026-03-30 16:56:54,2022-06-20,52.20,135-879,서울특별시 강남구 삼성동 154-3 오트리스빌딩,N,,3220000-113-2022-00112,,3220000,"서울특별시 강남구 삼성로100길 24-1, 오트리스빌딩 A(공부상 1동)동 지상5층 (삼성동)",06167,03,폐업,유통전문판매업,02-565-2323,,,
,자가,(주)내함물산,유통전문판매업,,203652.831823123,443429.785912697,2026-05-03 22:50:39,I,01,영업,79.34,,,,,,,,,2024-07-01 14:25:38,2022-06-20,79.34,135-515,서울특별시 강남구 역삼동 788-35 마고빌딩,N,,3220000-113-2022-00113,,3220000,"서울특별시 강남구 도곡로 213, 마고빌딩 4층 401호 (역삼동)",06231,01,영업/정상,유통전문판매업,,,,
,자가,주식회사 케번클럽,유통전문판매업,,202811.890531888,444103.760183634,2026-05-03 22:50:39,I,01,영업,3.3,,,,,,,,,2022-06-24 16:13:20,2022-06-24,3.30,135-933,서울특별시 강남구 역삼동 823-22 성곡빌딩,N,,3220000-113-2022-00117,,3220000,"서울특별시 강남구 테헤란로 128, 성곡빌딩 지상2층 236호 (역삼동)",06234,01,영업/정상,유통전문판매업,02-1533-7981,,,
,자가,(주)선진엘엔티,유통전문판매업,,202803.137561335,443189.823482655,2026-05-03 22:50:39,I,01,영업,58.36,,,,,,,,,2022-06-27 15:42:46,2022-06-27,58.36,135-768,서울특별시 강남구 역삼동 837-26 삼일프라자오피스텔,N,,3220000-113-2022-00118,,3220000,"서울특별시 강남구 도곡로1길 14, 삼일프라자오피스텔 15층 1510호 (역삼동)",06253,01,영업/정상,유통전문판매업,,,,
,자가,코스모리아(주),유통전문판매업,,202957.054237272,446720.495526673,2026-05-03 22:50:39,I,01,영업,27.14,,,,,,,,,2023-11-06 14:12:44,2022-07-01,27.14,135-895,서울특별시 강남구 신사동 631-10,N,,3220000-113-2022-00119,,3220000,"서울특별시 강남구 언주로152길 7, 지하1층 (신사동)",06021,01,영업/정상,유통전문판매업,02-515-5515,,,
,자가,(주)부스트랩,유통전문판매업,,203535.8537311,443939.909062086,2026-05-03 22:50:45,I,01,영업,227.61,0,0,0,,,,0,,2024-04-08 17:03:31,2023-12-08,227.61,135-921,서울특별시 강남구 역삼동 728-40,N,,3220000-113-2023-00230,,3220000,"서울특별시 강남구 논현로76길 25, 4층 (역삼동)",06224,01,영업/정상,유통전문판매업,070-4047-0063,,,
,자가,주식회사 수리움푸드,유통전문판매업,,204899.034647664,445318.925634771,2026-05-03 22:50:45,I,01,영업,114.57,,,,,,,,,2023-12-15 16:03:48,2023-12-15,114.57,135-878,서울특별시 강남구 삼성동 152-38,N,,3220000-113-2023-00232,,3220000,"서울특별시 강남구 테헤란로81길 52-4, 지상1층~3층 (삼성동)",06166,01,영업/정상,유통전문판매업,,,,
,임대,해례본컴퍼니,유통전문판매업,,203417.44008967,443839.954274004,2026-05-03 22:50:45,I,01,영업,72.3,,,,,,,,,2025-11-18 11:04:03,2023-05-09,72.30,135-514,서울특별시 강남구 역삼동 734-1,N,,3220000-113-2023-00233,,3220000,"서울특별시 강남구 논현로76길 6, 6층 (역삼동)",06224,01,영업/정상,유통전문판매업,,,,
,자가,주식회사 퍼스트코리아,유통전문판매업,,205126.866995112,444919.30655268,2026-05-03 22:50:45,I,01,영업,392.78,,,,,,,,,2024-05-08 15:16:58,2023-12-19,392.78,135-845,서울특별시 강남구 대치동 943-11,N,,3220000-113-2023-00234,,3220000,"서울특별시 강남구 테헤란로84길 11, 지상2층,3층 (대치동)",06179,01,영업/정상,유통전문판매업,,,,
,자가,주식회사 보다미컴퍼니,유통전문판매업,,202691.936043017,446384.11652222,2026-05-03 22:50:45,I,01,영업,134.34,,,,,,,,,2023-12-21 16:46:27,2023-12-21,134.34,135-816,서울특별시 강남구 논현동 64-1,N,,3220000-113-2023-00235,,3220000,"서울특별시 강남구 논현로150길 34, 6층 (논현동)",06049,01,영업/정상,유통전문판매업,,,,
,자가,주식회사 하이락앤,유통전문판매업,,208547.303164015,440518.651807226,2026-05-03 22:50:45,I,01,영업,30.13,0,0,0,,,,0,,2023-12-22 15:15:08,2023-12-22,30.13,135-190,서울특별시 강남구 세곡동 600 더좋은빌딩,N,,3220000-113-2023-00236,,3220000,"서울특별시 강남구 헌릉로569길 39, 더좋은빌딩 3층 304호 (세곡동)",06376,01,영업/정상,유통전문판매업,070-7456-5078,,,
,자가,로아르 헬시,유통전문판매업,,203218.556833303,447304.209942729,2026-05-03 22:50:45,I,01,영업,39.66,,,,,,,,,2024-01-05 14:54:55,2023-09-21,39.66,135-897,서울특별시 강남구 신사동 660-17 압구정로데오스타,N,,3220000-113-2023-00240,,3220000,"서울특별시 강남구 압구정로46길 5-6, 208호 (신사동)",06018,01,영업/정상,유통전문판매업,02-469-8088,,,
,임대,주식회사 코벨트,유통전문판매업,,204715.649627862,445633.285714882,2026-05-03 22:50:45,I,01,영업,82.6,0,0,0,,,,0,,2024-01-16 16:02:58,2023-03-27,82.60,135-878,서울특별시 강남구 삼성동 145-2 진양빌딩,N,,3220000-113-2023-00241,,3220000,"서울특별시 강남구 봉은사로 504, 진양빌딩 지상4층 402호 (삼성동)",06163,01,영업/정상,유통전문판매업,02-557-0501,,,
,임대,주식회사 이포에이,유통전문판매업,,202617.106156263,444846.731088491,2026-05-03 22:50:45,I,01,영업,100,,,,,,,,,2026-04-17 12:42:33,2023-01-06,100.00,135-907,서울특별시 강남구 역삼동 604-2,N,,3220000-113-2023-00242,,3220000,"서울특별시 강남구 봉은사로18길 4, 4층 (역삼동)",06125,01,영업/정상,유통전문판매업,,,,
,임대,에이앰에이치앤비주식회사,유통전문판매업,,203890.256002,444513.330351497,2026-05-03 22:50:45,I,01,영업,39.05,,,,,,,,,2024-01-18 11:07:15,2023-03-23,39.05,135-918,서울특별시 강남구 역삼동 707-1 두꺼비빌딩,N,,3220000-113-2023-00243,,3220000,"서울특별시 강남구 테헤란로 310, 두꺼비빌딩 1001호 (역삼동)",06211,01,영업/정상,유통전문판매업,02-559-5352,,,
,,주식회사 루다컴퍼니,유통전문판매업,,202396.738264143,446331.822616635,2026-05-03 22:50:45,I,01,영업,9.91,,,,,,,,,2025-12-12 14:55:39,2023-01-10,9.91,135-812,서울특별시 강남구 논현동 7-15,N,,3220000-113-2023-00244,,3220000,"서울특별시 강남구 도산대로 176, 6층 606 중 일부호 (논현동)",06040,01,영업/정상,유통전문판매업,,,,
,임대,주식회사 인터파크커머스,유통전문판매업,,205534.332417883,445272.310347112,2026-05-03 22:50:45,I,01,영업,643,0,0,0,,,,0,,2024-03-27 15:17:20,2023-08-04,643.00,135-882,서울특별시 강남구 삼성동 168-6,N,,3220000-113-2023-00245,,3220000,"서울특별시 강남구 영동대로 502, 지상2층 (삼성동)",06173,01,영업/정상,유통전문판매업,,,,
,자가,바이탈스코프 주식회사,유통전문판매업,,202724.214297488,445894.305854116,2026-05-03 22:50:45,I,01,영업,2,0,0,0,,,,0,,2025-02-18 16:00:59,2023-11-08,2.00,135-818,서울특별시 강남구 논현동 86-5,N,,3220000-113-2023-00246,,3220000,"서울특별시 강남구 논현로132길 13, 4층 4585호 (논현동)",06052,01,영업/정상,유통전문판매업,,,,
,자가,류&마케팅 컴퍼니,유통전문판매업,,202162.281625975,444783.30832928,2026-05-03 22:50:45,I,01,영업,4,,,,,,,,,2024-04-23 11:31:48,2023-05-30,4.00,135-545,서울특별시 강남구 논현동 201-1,N,,3220000-113-2023-00247,,3220000,"서울특별시 강남구 봉은사로1길 6, 5층 5062호 (논현동)",06120,01,영업/정상,유통전문판매업,,,,
,자가,(주)디디코,유통전문판매업,,202161.020617773,444633.499865115,2026-05-03 22:50:45,I,01,영업,23,0,0,0,,,,0,,2024-05-16 11:37:39,2023-02-16,23.00,135-931,서울특별시 강남구 역삼동 809 비제바노,N,,3220000-113-2023-00248,,3220000,"서울특별시 강남구 강남대로 464, 비제바노 지상3층 307호 (역삼동)",06123,01,영업/정상,유통전문판매업,,,,상수도전용
,임대,(주)인세이버,유통전문판매업,,203519.270921541,444294.842473848,2026-05-03 22:50:45,I,01,영업,5,,,,,,,,,2024-06-14 15:41:42,2023-03-07,5.00,135-920,서울특별시 강남구 역삼동 719-24 역삼역센트럴푸르지오,N,,3220000-113-2023-00250,,3220000,"서울특별시 강남구 언주로85길 32, 역삼역센트럴푸르지오 지하1층 B110호 CA34-1호 (역삼동)",06221,01,영업/정상,유통전문판매업,,,,
,임대,더다감 주식회사,유통전문판매업,,204827.018681988,444966.44321062,2026-05-03 22:50:45,I,01,영업,6,,,,,,,,,2024-07-02 11:10:25,2023-12-11,6.00,135-877,서울특별시 강남구 삼성동 144-24 송암빌딩 III,N,,3220000-113-2023-00251,,3220000,"서울특별시 강남구 테헤란로 441, 송암빌딩 III 5층 S11호 (삼성동)",06158,01,영업/정상,유통전문판매업,02-6229-9000,,,
,,(주)마이샵인샵,유통전문판매업,,204219.614507961,444552.051932054,2026-05-03 22:50:27,I,01,영업,0,,,,,,,,,2019-10-23 12:13:32,2019-10-23,4.00,135-919,서울특별시 강남구 역삼동 708-30 송경빌딩,N,,3220000-113-2019-00166,,3220000,"서울특별시 강남구 선릉로87길 12, 송경빌딩 3층 3117호 (역삼동)",06212,01,영업/정상,유통전문판매업,,,,
,자가,(주)올리브케어,유통전문판매업,,202854.331492934,446692.602290735,2026-05-03 22:50:27,I,01,영업,33,,,,,,,,,2019-10-30 10:09:35,2019-10-30,33.00,135-895,서울특별시 강남구 신사동 628-23 소촌빌딩,N,,3220000-113-2019-00169,,3220000,"서울특별시 강남구 언주로 807, 지상5층 (신사동)",06026,01,영업/정상,유통전문판매업,02-1544-5032,,,
,자가,(주)스킨메드,유통전문판매업,,203060.834674254,444090.798804412,2026-05-03 22:50:27,I,01,영업,0,,,,,,,,,2025-01-03 14:32:56,2019-11-01,172.80,135-924,서울특별시 강남구 역삼동 736-44 건축문화사옥,N,,3220000-113-2019-00171,,3220000,"서울특별시 강남구 테헤란로22길 15, 건축문화사옥 3층 (역삼동)",06236,01,영업/정상,유통전문판매업,070-5118-8430,,,
,자가,(주)캐칭몬,유통전문판매업,,202680.269604539,443573.362816552,2026-05-03 22:50:27,I,01,영업,33,,,,,,,,,2019-11-07 10:03:26,2019-11-07,33.00,135-936,서울특별시 강남구 역삼동 831-37 케어랩스타워,N,,3220000-113-2019-00174,,3220000,"서울특별시 강남구 역삼로3길 13, 케어랩스타워 지상7층 (역삼동)",,01,영업/정상,유통전문판매업,070-4727-3813,,,
,자가,웰바이오텍(주),유통전문판매업,,205454.555,445726.295000001,2026-05-03 22:50:27,I,01,영업,246.28,,,,,,,,,2024-04-15 16:15:57,2019-11-18,246.28,135-881,서울특별시 강남구 삼성동 161-17 경진빌딩,N,,3220000-113-2019-00175,,3220000,"서울특별시 강남구 영동대로106길 17, 경진빌딩 지상5층 (삼성동)",06170,01,영업/정상,유통전문판매업,,,,
,자가,(주)비에스케이코퍼레이션,유통전문판매업,,202959.009024512,445836.755782223,2026-05-03 22:50:27,I,01,영업,90.8,,,,,,,,,2025-08-08 10:08:29,2019-11-19,90.80,135-996,서울특별시 강남구 논현동 209-4 유빔빌딩,N,,3220000-113-2019-00176,,3220000,"서울특별시 강남구 학동로 230, 유빔빌딩 6층 (논현동)",06104,01,영업/정상,유통전문판매업,02-759-0789,,,
,자가,금산미학 바이오헬스,유통전문판매업,,203034.658805791,446445.535888377,2026-05-03 22:50:27,I,01,영업,162.3,,,,,,,,,2019-11-20 13:47:26,2019-11-20,162.30,135-819,서울특별시 강남구 논현동 98-6,N,,3220000-113-2019-00177,,3220000,"서울특별시 강남구 언주로148길 6, 지상6층 (논현동)",06057,01,영업/정상,유통전문판매업,02-3448-9321,,,
,자가,(유)차서공방,유통전문판매업,,203929.669732531,442504.861722046,2026-05-03 22:50:27,I,01,영업,0,,,,,,,,,2019-11-20 16:33:17,2019-11-20,10.00,135-854,서울특별시 강남구 도곡동 420-3,N,,3220000-113-2019-00178,,3220000,"서울특별시 강남구 논현로30길 44, 4층 (도곡동)",06301,01,영업/정상,유통전문판매업,,,,
,자가,주식회사 엠에이비,유통전문판매업,,203283.401133108,443491.664740543,2026-05-03 22:50:27,I,01,영업,115.7,,,,,,,,,2021-07-20 13:58:52,2019-12-02,115.70,135-930,서울특별시 강남구 역삼동 795-1,N,,3220000-113-2019-00186,,3220000,"서울특별시 강남구 논현로67길 25, 지상4층 (역삼동)",06256,01,영업/정상,유통전문판매업,,,,
,자가,(주)이노바인코리아,유통전문판매업,,202038.261241413,446030.057611998,2026-05-03 22:50:27,I,01,영업,206.19,0,0,0,,,,0,,2024-01-12 15:54:11,2019-12-04,206.19,135-811,서울특별시 강남구 논현동 12-3 명은빌딩,N,,3220000-113-2019-00188,,3220000,"서울특별시 강남구 논현로149길 67-7, 명은빌딩 지상2층 (논현동)",06039,01,영업/정상,유통전문판매업,070-7797-7000,,,
,자가,주식회사 맥브레인즈,유통전문판매업,,203431.580924483,444973.293092643,2026-05-03 22:50:27,I,01,영업,276,0,0,0,,,,0,,2019-12-04 18:09:41,2019-12-04,276.00,135-913,서울특별시 강남구 역삼동 654-3,N,,3220000-113-2019-00189,,3220000,"서울특별시 강남구 언주로 551, 지상7층 (역삼동)",06138,01,영업/정상,유통전문판매업,02-6010-8891,,,
,자가,(주)진사나글로벌,유통전문판매업,,202835.924249933,443051.27224413,2026-05-03 22:50:27,I,01,영업,6.29,,,,,,,,,2019-12-06 13:29:13,2019-12-06,6.29,135-860,서울특별시 강남구 도곡동 943-2 서한빌딩,N,,3220000-113-2019-00191,,3220000,"서울특별시 강남구 도곡로 112, 지상2층 D-6호 (도곡동)",06258,01,영업/정상,유통전문판매업,,,,
,,(주)셀렙스(Sellabs Inc.),유통전문판매업,,203473.925098875,446939.225244374,2026-05-03 22:50:27,I,01,영업,36.88,,,,,,,,,2019-12-09 14:18:53,2019-12-09,36.88,135-954,서울특별시 강남구 청담동 85-4 디자이너클럽,N,,3220000-113-2019-00192,,3220000,"서울특별시 강남구 선릉로 818, 디자이너클럽 지상6층 105호 (청담동)",06014,01,영업/정상,유통전문판매업,,,,
,,(주)내츄럴사이언스,유통전문판매업,,203964.95229299,443674.009038739,2026-05-03 22:50:27,I,01,영업,172.48,,,,,,,,,2020-10-13 15:52:56,2019-12-10,172.48,135-515,서울특별시 강남구 역삼동 784-4 로즈1타워,N,,3220000-113-2019-00193,,3220000,"서울특별시 강남구 언주로 311, 로즈1타워 지상4층 401호 (역삼동)",06229,01,영업/정상,유통전문판매업,02-6737-5111,,,
,자가,(주)컴플리먼투,유통전문판매업,,201956.561428209,445325.198366946,2026-05-03 22:50:27,I,01,영업,3.3,,,,,,,,,2019-12-12 14:19:41,2019-12-12,3.30,135-822,서울특별시 강남구 논현동 141-7 세일빌딩,N,,3220000-113-2019-00195,,3220000,"서울특별시 강남구 학동로2길 19, 지상2층 2232호 (논현동)",06110,01,영업/정상,유통전문판매업,,,,
,자가,주식회사 다울랩,유통전문판매업,,202779.506385614,444212.378808772,2026-05-03 22:50:27,I,01,영업,5.69,,,,,,,,,2019-12-17 17:40:19,2019-12-17,5.69,135-911,서울특별시 강남구 역삼동 648-9,N,,3220000-113-2019-00198,,3220000,"서울특별시 강남구 테헤란로 129, 지상8층 818호 (역삼동)",06133,01,영업/정상,유통전문판매업,,,,
,자가,(주)엘까페딸,유통전문판매업,,202266.682287959,446742.929377974,2026-05-03 22:50:27,I,01,영업,0,,,,,,,,,2019-12-20 13:26:00,2019-12-20,50.00,135-891,서울특별시 강남구 신사동 566-13 신사빌딩,N,,3220000-113-2019-00200,,3220000,"서울특별시 강남구 논현로159길 21, 신사빌딩 1층 (신사동)",06032,01,영업/정상,유통전문판매업,,,,
,자가,스템잇,유통전문판매업,,202598.254443727,443789.062260079,2026-05-03 22:50:29,I,01,영업,15.64,,,,,,,,,2022-12-20 11:49:09,2021-02-08,15.64,135-935,서울특별시 강남구 역삼동 826-29 역삼동우정에쉐르1,N,,3220000-113-2021-00025,,3220000,"서울특별시 강남구 테헤란로4길 32, 지하1층 B107호 (역삼동, 역삼동우정에쉐르1)",06241,01,영업/정상,유통전문판매업,02-555-0676,,,
,자가,주식회사 파프리카,유통전문판매업,,204105.787998651,444937.438374587,2026-05-03 22:50:29,I,01,영업,4,,,,,,,,,2022-12-06 15:31:12,2021-02-08,4.00,135-917,서울특별시 강남구 역삼동 696-28,N,,3220000-113-2021-00026,,3220000,"서울특별시 강남구 선릉로 529, 5층 5191호 (역삼동)",06149,01,영업/정상,유통전문판매업,,,,
,임대,(주)NKCL바이오그룹,유통전문판매업,,202971.404192476,444802.761941582,2026-05-03 22:50:29,I,01,영업,338.14,,,,,,,,,2021-02-10 10:57:50,2021-02-10,338.14,135-907,서울특별시 강남구 역삼동 607-13 삼정빌딩,N,,3220000-113-2021-00027,,3220000,"서울특별시 강남구 논현로 553, 삼정빌딩 지상5층 (역삼동)",06126,01,영업/정상,유통전문판매업,02-557-9330,,,
,자가,(주)비앤어스 가람국시 청담점,유통전문판매업,,203523.798397901,446896.784627336,2026-05-03 22:50:29,I,01,영업,6.6,,,,,,,,,2025-10-15 09:30:53,2021-02-15,6.60,135-954,서울특별시 강남구 청담동 88-10,N,,3220000-113-2021-00028,,3220000,"서울특별시 강남구 선릉로152길 15, 지상1층 (청담동)",06014,01,영업/정상,유통전문판매업,,,,
,자가,양출쿠킹,유통전문판매업,,202800.227569127,446045.365629869,2026-05-03 22:50:29,I,01,영업,6.6,,,,,,,,,2021-02-15 13:08:09,2021-02-15,6.60,135-995,서울특별시 강남구 논현동 77-8,N,,3220000-113-2021-00029,,3220000,"서울특별시 강남구 언주로135길 34, 지상1층 (논현동)",06051,01,영업/정상,유통전문판매업,02-547-4420,,,
,자가,새들러하우스,유통전문판매업,,202134.120814965,446353.02366467,2026-05-03 22:50:29,I,01,영업,102.22,,,,,,,,,2022-07-14 16:33:29,2021-02-16,102.22,135-890,서울특별시 강남구 신사동 561-8,N,,3220000-113-2021-00030,,3220000,"서울특별시 강남구 도산대로17길 10, 지하1층 (신사동)",06037,01,영업/정상,유통전문판매업,,,,
,자가,(주)큐브릭코퍼레이션,유통전문판매업,,203667.071618363,445350.9481257,2026-05-03 22:50:29,I,01,영업,103.83,,,,,,,,,2025-01-22 13:06:56,2021-02-23,103.83,135-833,서울특별시 강남구 논현동 278-12,N,,3220000-113-2021-00031,,3220000,"서울특별시 강남구 봉은사로49길 6, 4층 (논현동)",06103,01,영업/정상,유통전문판매업,070-4640-7045,,,
,자가,주식회사 블랙루머,유통전문판매업,,203218.556833303,447304.209942729,2026-05-03 22:50:29,I,01,영업,9.9,,,,,,,,,2021-02-23 14:03:06,2021-02-23,9.90,135-897,서울특별시 강남구 신사동 660-17 압구정로데오스타,N,,3220000-113-2021-00032,,3220000,"서울특별시 강남구 압구정로46길 5-6, 압구정로데오스타 지하1층 B105호 (신사동)",06018,01,영업/정상,유통전문판매업,,,,
,자가,엘본더테이블 주식회사,유통전문판매업,,204950.839068454,445256.671909901,2026-05-03 22:50:33,I,01,영업,10,,,,,,,,,2021-03-02 14:43:20,2021-03-02,10.00,135-879,서울특별시 강남구 삼성동 155-3,N,,3220000-113-2021-00037,,3220000,"서울특별시 강남구 테헤란로83길 33, 지상3층 (삼성동)",06167,01,영업/정상,유통전문판매업,02-3440-0316,,,
,자가,주식회사 에스엔피이,유통전문판매업,,203403.459602989,447041.856582807,2026-05-03 22:50:33,I,01,영업,39.6,,,,,,,,,2021-03-09 11:25:46,2021-03-09,39.60,135-897,서울특별시 강남구 신사동 665-1 한양타운빌딩,N,,3220000-113-2021-00041,,3220000,"서울특별시 강남구 선릉로 823, 한양타운빌딩 지상3층 (신사동)",06018,01,영업/정상,유통전문판매업,,,,
,자가,칼로리얼,유통전문판매업,,203539.676607641,443898.899570257,2026-05-03 22:50:33,I,01,영업,3.8,,,,,,,,,2021-06-16 15:33:30,2021-03-11,3.80,135-514,서울특별시 강남구 역삼동 733-11,N,,3220000-113-2021-00045,,3220000,"서울특별시 강남구 논현로76길 24, 지상6층 653호 (역삼동)",06224,01,영업/정상,유통전문판매업,,,,
,자가,삼성동 명인등심,유통전문판매업,,204950.322100627,445467.002723074,2026-05-03 22:50:33,I,01,영업,30,,,,,,,,,2021-03-17 15:00:50,2021-03-17,30.00,135-878,서울특별시 강남구 삼성동 148-15,N,,3220000-113-2021-00050,,3220000,"서울특별시 강남구 봉은사로86길 30, 지상2,3층 (삼성동)",06165,01,영업/정상,유통전문판매업,02-3446-5544,,,
,자가,(주)바를참스킨,유통전문판매업,,202994.357721941,443984.299439162,2026-05-03 22:50:33,I,01,영업,33,,,,,,,,,2021-06-16 15:08:19,2021-03-17,33.00,135-924,서울특별시 강남구 역삼동 741-12,N,,3220000-113-2021-00051,,3220000,"서울특별시 강남구 논현로85길 43, 지상6층 (역삼동)",06238,01,영업/정상,유통전문판매업,,,,
,자가,(주)네이처엔헬스,유통전문판매업,,203016.183843955,444168.205988118,2026-05-03 22:50:33,I,01,영업,17,,,,,,,,,2021-03-22 16:06:10,2021-03-22,17.00,135-924,서울특별시 강남구 역삼동 736-1 캐피탈타워,N,,3220000-113-2021-00052,,3220000,"서울특별시 강남구 테헤란로 142, 캐피탈타워 지상5층 141호 (역삼동)",06236,01,영업/정상,유통전문판매업,,,,
,자가,주식회사 퓨어아일랜드,유통전문판매업,,205271.275273064,445852.638814088,2026-05-03 22:50:33,I,01,영업,1.65,,,,,,,,,2021-03-23 15:45:20,2021-03-23,1.65,135-873,서울특별시 강남구 삼성동 107 삼성동 미켈란 107,N,,3220000-113-2021-00053,,3220000,"서울특별시 강남구 영동대로 602, 6층 에이191호 (삼성동, 삼성동 미켈란 107)",06083,01,영업/정상,유통전문판매업,,,,
,자가,(주)엘앤엘,유통전문판매업,,209144.783150288,442922.611326787,2026-05-03 22:50:29,I,01,영업,42,,,,,,,,,2021-02-04 17:47:00,2021-02-04,42.00,135-560,서울특별시 강남구 수서동 716 사이룩스오피스텔,N,,3220000-113-2021-00024,,3220000,"서울특별시 강남구 광평로 295, 사이룩스오피스텔 4층 408호 (수서동)",06349,01,영업/정상,유통전문판매업,070-8700-2155,,,
,임대,(주)바디프랜드,유통전문판매업,,203822.388292808,442131.941663523,2026-05-03 22:50:39,I,01,영업,160,,,,,,,,,2025-09-11 13:58:42,2022-07-05,160.00,135-855,서울특별시 강남구 도곡동 448-2 바디프랜드 도곡타워,N,,3220000-113-2022-00121,,3220000,"서울특별시 강남구 양재천로 163, 바디프랜드 도곡타워 지상3층 (도곡동)",06302,01,영업/정상,유통전문판매업,02-3448-8980,,,
,자가,주식회사 케이씨씨코리아,유통전문판매업,,203529.72124542,444859.188711678,2026-05-03 22:50:39,I,01,영업,39.66,,,,,,,,,2022-07-18 13:41:30,2022-07-18,39.66,135-913,서울특별시 강남구 역삼동 662-14 에이비티타워,N,,3220000-113-2022-00124,,3220000,"서울특별시 강남구 언주로 537, 에이비티타워 지상2층 (역삼동)",06138,01,영업/정상,유통전문판매업,,,,
,임대,라티브(LATIB),유통전문판매업,,202423.773138655,444111.046932553,2026-05-03 22:50:39,I,01,영업,12.14,,,,,,,,,2022-07-19 16:27:51,2022-07-19,12.14,135-932,서울특별시 강남구 역삼동 819,N,,3220000-113-2022-00126,,3220000,"서울특별시 강남구 강남대로94길 10, 9층 902-1호 (역삼동)",06134,01,영업/정상,유통전문판매업,070-4133-9999,,,
,자가,힐린,유통전문판매업,,202890.701410324,444070.444071342,2026-05-03 22:50:39,I,01,영업,49,,,,,,,,,2022-07-19 16:50:29,2022-07-19,49.00,135-923,서울특별시 강남구 역삼동 735-11 신일유토빌,N,,3220000-113-2022-00127,,3220000,"서울특별시 강남구 논현로87길 41, 신일유토빌 지상2층 209호 (역삼동)",06235,01,영업/정상,유통전문판매업,02-566-9144,,,
,자가,스마트케이,유통전문판매업,,202759.552509435,445935.484116903,2026-05-03 22:50:39,I,01,영업,10,,,,,,,,,2022-07-20 14:25:40,2022-07-20,10.00,135-818,서울특별시 강남구 논현동 82-17 벤쳐캐슬빌딩,N,,3220000-113-2022-00128,,3220000,"서울특별시 강남구 학동로31길 12, 벤쳐캐슬빌딩 7층 739호 (논현동)",06052,01,영업/정상,유통전문판매업,,,,
,자가,오케이에프주식회사,유통전문판매업,,202241.611680493,446026.379700822,2026-05-03 22:50:39,I,01,영업,587.49,0,0,0,,,,0,,2025-10-14 15:58:07,2022-07-20,587.49,135-812,서울특별시 강남구 논현동 27-1,N,,3220000-113-2022-00129,,3220000,"서울특별시 강남구 학동로21길 54, 2층~4층 (논현동)",06042,01,영업/정상,유통전문판매업,02-491-1830,,,
,임대,티슬림인터내셔날,유통전문판매업,,204829.390807866,446875.023189828,2026-05-03 22:50:39,I,01,영업,25.2,,,,,,,,,2022-08-02 17:49:16,2022-08-02,25.20,135-957,서울특별시 강남구 청담동 130-9 현대 오피스텔,N,,3220000-113-2022-00134,,3220000,"서울특별시 강남구 영동대로 738, 현대 오피스텔 8층 812호 (청담동)",06075,01,영업/정상,유통전문판매업,,,,
,임대,주식회사 케이에스에프,유통전문판매업,,202484.065140723,445740.326734106,2026-05-03 22:50:39,I,01,영업,3,,,,,,,,,2022-08-03 15:03:58,2022-08-03,3.00,135-815,서울특별시 강남구 논현동 58-2 마일스디오빌,N,,3220000-113-2022-00136,,3220000,"서울특별시 강남구 학동로 165, 2층 208호 B-20호 (논현동, 마일스디오빌)",06046,01,영업/정상,유통전문판매업,031-531-9920,,,
,자가,주식회사 디테,유통전문판매업,,202975.045940135,444034.659792294,2026-05-03 22:50:39,I,01,영업,1.3,,,,,,,,,2023-05-15 14:42:24,2022-08-04,1.30,135-923,서울특별시 강남구 역삼동 735-36,N,,3220000-113-2022-00137,,3220000,"서울특별시 강남구 테헤란로20길 18, 지상2층 42호 (역삼동)",06235,01,영업/정상,유통전문판매업,1588-2773,,,
,자가,(주)씨엠코퍼레이션,유통전문판매업,2026-04-21,201826.252584817,446715.315756057,2026-05-03 22:50:39,I,02,폐업,137.65,,,,,,,,,2026-04-21 09:40:13,2022-08-04,137.65,135-888,서울특별시 강남구 신사동 525-21 타래하우스텔,N,,3220000-113-2022-00138,,3220000,"서울특별시 강남구 압구정로8길 12, 타래하우스텔 지상3층 (신사동)",06028,03,폐업,유통전문판매업,,,,
,임대,아해하제 사회적협동조합,유통전문판매업,,208488.496157162,440615.262732903,2026-05-03 22:50:39,I,01,영업,16.36,,,,,,,,,2022-08-17 15:50:41,2022-08-17,16.36,135-190,서울특별시 강남구 세곡동 418,N,,3220000-113-2022-00140,,3220000,"서울특별시 강남구 헌릉로569길 46-6, 지하1층 (세곡동)",06376,01,영업/정상,유통전문판매업,,,,
,임대,(주)와이드모어,유통전문판매업,,207112.195695469,443163.101895121,2026-05-03 22:50:39,I,01,영업,2.2,,,,,,,,,2024-05-08 16:46:04,2022-08-17,2.20,135-516,서울특별시 강남구 일원동 684 남경빌딩,N,,3220000-113-2022-00141,,3220000,"서울특별시 강남구 일원로 35, 남경빌딩 4층 4424호 (일원동)",06343,01,영업/정상,유통전문판매업,02-545-0127,,,
,자가,매니폴드,유통전문판매업,,202409.704757124,445779.512313378,2026-05-03 22:50:39,I,01,영업,33,0,0,0,,,,0,,2024-03-15 15:42:34,2022-08-18,33.00,135-815,서울특별시 강남구 논현동 39-22 에피소드그룹 빌딩,N,,3220000-113-2022-00142,,3220000,"서울특별시 강남구 학동로23길 13, 에피소드그룹 빌딩 지하2층 일부호 (논현동)",06045,01,영업/정상,유통전문판매업,,,,
,자가,주식회사 헤이유니버스,유통전문판매업,,203467.536164782,445926.46795198,2026-05-03 22:50:39,I,01,영업,66,,,,,,,,,2022-08-18 15:39:20,2022-08-18,66.00,135-832,서울특별시 강남구 논현동 243-15 영빌딩,N,,3220000-113-2022-00143,,3220000,"서울특별시 강남구 학동로50길 16, 영빌딩 지상3층 (논현동)",06099,01,영업/정상,유통전문판매업,,,,
,자가,유주얼디비마켓(주),유통전문판매업,,204766.113362433,445274.910029421,2026-05-03 22:50:39,I,01,영업,46,,,,,,,,,2022-08-23 15:24:30,2022-08-23,46.00,135-875,서울특별시 강남구 삼성동 127-9 삼화빌딩,N,,3220000-113-2022-00144,,3220000,"서울특별시 강남구 삼성로 535, 삼화빌딩 지상2층 203호 (삼성동)",06156,01,영업/정상,유통전문판매업,,,,
,자가,주식회사 델리코리아,유통전문판매업,,205808.345,445075.165,2026-05-03 22:50:39,I,01,영업,10,,,,,,,,,2022-08-24 09:52:24,2022-08-24,10.00,135-502,서울특별시 강남구 대치동 999-6 대동빌딩,N,,3220000-113-2022-00145,,3220000,"서울특별시 강남구 테헤란로108길 25, 대동빌딩 5층 527-5호 (대치동)",06175,01,영업/정상,유통전문판매업,02-6271-2000,,,
,자가,주식회사 델리코리아에프앤비,유통전문판매업,,205808.345,445075.165,2026-05-03 22:50:39,I,01,영업,10,,,,,,,,,2022-08-24 09:56:25,2022-08-24,10.00,135-502,서울특별시 강남구 대치동 999-6 대동빌딩,N,,3220000-113-2022-00146,,3220000,"서울특별시 강남구 테헤란로108길 25, 대동빌딩 5층 527-9호 (대치동)",06175,01,영업/정상,유통전문판매업,,,,
,,비와이제이(비와이J),유통전문판매업,,205271.275273064,445852.638814088,2026-05-03 22:50:45,I,01,영업,1.65,,,,,,,,,2024-07-04 13:59:20,2023-11-13,1.65,135-873,서울특별시 강남구 삼성동 107 삼성동 미켈란 107,N,,3220000-113-2023-00252,,3220000,"서울특별시 강남구 영동대로 602, 6층 g4호 (삼성동, 삼성동 미켈란 107)",06083,01,영업/정상,유통전문판매업,,,,
,임대,(주)산들그린,유통전문판매업,,203806.080407052,442443.368521448,2026-05-03 22:50:45,I,01,영업,162.52,,,,,,,,,2025-10-23 08:53:19,2023-03-27,162.52,135-854,서울특별시 강남구 도곡동 515-12,N,,3220000-113-2023-00253,,3220000,"서울특별시 강남구 논현로30길 25, 지상2층 (도곡동)",06301,01,영업/정상,유통전문판매업,,,,
,자가,주식회사 라브,유통전문판매업,,202606.298810258,444820.311556747,2026-05-03 22:50:45,I,01,영업,134,,,,,,,,,2024-07-09 16:15:32,2023-06-26,134.00,135-907,서울특별시 강남구 역삼동 604-1,N,,3220000-113-2023-00254,,3220000,"서울특별시 강남구 논현로105길 48, 3층 300호 (역삼동)",06125,01,영업/정상,유통전문판매업,,,,
,,(주)씨더블유커머스,유통전문판매업,,202260.923668142,446156.703344253,2026-05-03 22:50:45,I,01,영업,9.9,0,0,0,,,,0,,2025-11-05 10:51:35,2023-05-15,9.90,135-812,서울특별시 강남구 논현동 10-31 청구빌딩,N,,3220000-113-2023-00255,,3220000,"서울특별시 강남구 도산대로16길 13-20, 청구빌딩 지하1층 (논현동)",06040,01,영업/정상,유통전문판매업,,,,
,자가,(주)푸디버스,유통전문판매업,,203024.830811905,447363.519208839,2026-05-03 22:50:45,I,01,영업,75.42,,,,,,,,,2026-04-21 14:15:42,2023-06-02,75.42,135-896,서울특별시 강남구 신사동 638-9,N,,3220000-113-2023-00258,,3220000,"서울특별시 강남구 언주로174길 13, 4층 (신사동)",06017,01,영업/정상,유통전문판매업,02-2299-8911,,,
,임대,스펙트라,유통전문판매업,,203081.161708641,444381.101104143,2026-05-03 22:50:45,I,01,영업,10,,,,,,,,,2024-11-22 13:56:23,2023-10-12,10.00,135-910,서울특별시 강남구 역삼동 642-1 역삼현대벤쳐텔,N,,3220000-113-2023-00259,,3220000,"서울특별시 강남구 테헤란로25길 20, 역삼현대벤쳐텔 13층 1319호 (역삼동)",06132,01,영업/정상,유통전문판매업,,,,
,자가,에이치앤파이 주식회사,유통전문판매업,,203194.33483699,444044.750750238,2026-05-03 22:50:45,I,01,영업,73.8,,,,,,,,,2024-12-09 15:52:30,2023-12-11,73.80,135-924,서울특별시 강남구 역삼동 738-3 제이에스빌딩,N,,3220000-113-2023-00260,,3220000,"서울특별시 강남구 논현로85길 5-12, 제이에스빌딩 지상4층 (역삼동)",06237,01,영업/정상,유통전문판매업,02-415-2068,,,
,자가,(주)이커머스플레이어,유통전문판매업,,202910.175598874,446473.493520206,2026-05-03 22:50:45,I,01,영업,124.71,,,,,,,,,2025-01-09 09:03:22,2023-05-31,124.71,135-816,서울특별시 강남구 논현동 63-6,N,,3220000-113-2023-00261,,3220000,"서울특별시 강남구 언주로149길 5, 401호 (논현동)",06048,01,영업/정상,유통전문판매업,,,,
,자가,메가박스중앙(주),유통전문판매업,,205170.959716696,445264.936337181,2026-05-03 22:50:45,I,01,영업,46.66,,,,,,,,,2025-02-06 12:06:07,2023-11-23,46.66,135-090,서울특별시 강남구 삼성동 159-6 한국도심공항터미널,N,,3220000-113-2023-00262,,3220000,"서울특별시 강남구 테헤란로87길 22, 한국도심공항터미널 4층 408호 (삼성동)",06164,01,영업/정상,유통전문판매업,02-3017-3461,,,
,자가,주식회사 테라퓨젠바이오,유통전문판매업,,203539.168706663,443716.403617473,2026-05-03 22:50:45,I,01,영업,5,,,,,,,,,2025-02-17 09:49:14,2023-10-18,5.00,135-928,서울특별시 강남구 역삼동 775-2 초원빌딩,N,,3220000-113-2023-00263,,3220000,"서울특별시 강남구 논현로72길 16, 초원빌딩 4층 437호 (역삼동)",06227,01,영업/정상,유통전문판매업,,,,
,자가,(주)넥스트렌드,유통전문판매업,,204639.090092973,444728.353701831,2026-05-03 22:50:45,I,01,영업,0,0,0,0,,,,0,,2025-02-21 17:34:48,2023-12-22,3.30,135-839,서울특별시 강남구 대치동 890-60 H 타워,N,,3220000-113-2023-00264,,3220000,"서울특별시 강남구 테헤란로70길 12, H 타워 402-제이370호 (대치동)",06193,01,영업/정상,유통전문판매업,,,,
,임대,블루지니아,유통전문판매업,,201956.561428209,445325.198366946,2026-05-03 22:50:45,I,01,영업,3.3,,,,,,,,,2025-05-16 16:36:18,2023-12-21,3.30,135-822,서울특별시 강남구 논현동 141-7 세일빌딩,N,,3220000-113-2023-00266,,3220000,"서울특별시 강남구 학동로2길 19, 세일빌딩 2층 2766호 (논현동)",06110,01,영업/정상,유통전문판매업,,,,
,자가,(주)이너탭,유통전문판매업,,204652.111034177,445353.174360925,2026-05-03 22:50:45,I,01,영업,87.66,,,,,,,,,2025-06-20 09:28:06,2023-04-20,87.66,135-509,서울특별시 강남구 삼성동 121-38 신도브래뉴주상복합,N,,3220000-113-2023-00268,,3220000,"서울특별시 강남구 삼성로103길 12, 지상3층 304호 (삼성동, 신도브래뉴주상복합)",06155,01,영업/정상,유통전문판매업,,,,
,자가,피지스랩,유통전문판매업,,203253.726246178,443777.360830763,2026-05-03 22:50:45,I,01,영업,3,,,,,,,,,2025-07-21 15:41:39,2023-12-28,3.00,135-925,서울특별시 강남구 역삼동 747-9 역삼동 수양빌딩,N,,3220000-113-2023-00269,,3220000,"서울특별시 강남구 논현로75길 15, 역삼동 수양빌딩 5층 501호 240827호 (역삼동)",06247,01,영업/정상,유통전문판매업,,,,
,자가,오롯프레시,유통전문판매업,,202187.682792898,445433.211814401,2026-05-03 22:50:45,I,01,영업,10,,,,,,,,,2025-07-30 11:55:54,2023-07-05,10.00,135-822,서울특별시 강남구 논현동 139-9,N,,3220000-113-2023-00270,,3220000,"서울특별시 강남구 강남대로128길 46, 지상1층 103호 (논현동)",06113,01,영업/정상,유통전문판매업,,,,
,자가,주식회사 와이즐리컴퍼니,유통전문판매업,,202423.773138655,444111.046932553,2026-05-03 22:50:45,I,01,영업,3,0,0,0,,,,0,,2025-08-22 13:10:28,2023-01-04,3.00,135-932,서울특별시 강남구 역삼동 819,N,,3220000-113-2023-00271,,3220000,"서울특별시 강남구 강남대로94길 10, 12층 1206호 (역삼동)",06134,01,영업/정상,유통전문판매업,02-1833-9133,,,
,임대,주식회사 큐라엘,유통전문판매업,,202713.874511721,445843.602475499,2026-05-03 22:50:45,I,01,영업,0,0,0,0,,,,0,,2025-10-13 16:33:04,2023-12-22,79.40,135-818,서울특별시 강남구 논현동 88 남송빌딩,N,,3220000-113-2023-00272,,3220000,"서울특별시 강남구 논현로132길 12, 남송빌딩 지상2층 202호 (논현동)",06052,01,영업/정상,유통전문판매업,02-935-9843,,,
,자가,(주)그릿글로벌,유통전문판매업,,202680.800642647,443822.485945659,2026-05-03 22:50:27,I,01,영업,0,,,,,,,,,2019-12-26 17:01:45,2019-12-26,3.30,135-935,서울특별시 강남구 역삼동 827-37,N,,3220000-113-2019-00202,,3220000,"서울특별시 강남구 테헤란로6길 30, 229호 (역삼동)",06240,01,영업/정상,유통전문판매업,,,,
,자가,(주)근본,유통전문판매업,,203845.878172475,442233.6159261,2026-05-03 22:50:27,I,01,영업,0,,,,,,,,,2022-02-10 10:14:29,2019-04-26,77.28,135-855,서울특별시 강남구 도곡동 450-1,N,,3220000-113-2019-00204,,3220000,"서울특별시 강남구 논현로26길 18-4, 지상1층 (도곡동)",06302,01,영업/정상,유통전문판매업,070-4757-3299,,,
,,주식회사 해밀리헬스,유통전문판매업,,205544.51525555,444693.909355498,2026-05-03 22:50:27,I,01,영업,62.24,,,,,,,,,2026-02-20 11:39:32,2019-11-01,62.24,135-848,서울특별시 강남구 대치동 967-3 KM 빌딩,N,,3220000-113-2019-00206,,3220000,"서울특별시 강남구 역삼로 552, KM 빌딩 지상5층 (대치동)",06187,01,영업/정상,유통전문판매업,080-345-0700,,,
,자가,주식회사 웰리프코퍼레이션,유통전문판매업,,203017.517715903,445514.511562006,2026-05-03 22:50:27,I,01,영업,70.69,,,,,,,,,2022-02-11 12:02:02,2019-05-27,70.69,135-829,서울특별시 강남구 논현동 218-19,N,,3220000-113-2019-00208,,3220000,"서울특별시 강남구 학동로38길 47, 지상5층 (논현동)",06106,01,영업/정상,유통전문판매업,02-963-7911,,,
,,(주)익스트림,유통전문판매업,,202940.913419566,446374.987406876,2026-05-03 22:50:28,I,01,영업,267.01,0,0,0,,,,0,,2024-05-29 14:37:11,2019-11-27,267.01,135-995,서울특별시 강남구 논현동 70-6 트리스빌딩,N,,3220000-113-2019-00209,,3220000,"서울특별시 강남구 언주로 727, 트리스빌딩 지상3층 (논현동)",06050,01,영업/정상,유통전문판매업,,,,
,임대,주식회사 브레드앤로즈,유통전문판매업,,202429.553277511,444261.087449333,2026-05-03 22:50:28,I,01,영업,4,,,,,,,,,2023-11-27 16:30:57,2019-12-03,4.00,135-931,서울특별시 강남구 역삼동 817-29,N,,3220000-113-2019-00212,,3220000,"서울특별시 강남구 테헤란로1길 28-11, 4층 4110호 (역삼동)",06129,01,영업/정상,유통전문판매업,070-8869-0308,,,
,,닥터밀로,유통전문판매업,,203628.547007318,445165.337460451,2026-05-03 22:50:28,I,01,영업,53.5,,,,,,,,,2020-08-28 17:33:19,2019-07-19,53.50,135-916,서울특별시 강남구 역삼동 684-1,N,,3220000-113-2019-00214,,3220000,"서울특별시 강남구 선릉로107길 29, 지상2층 (역삼동)",06144,01,영업/정상,유통전문판매업,02-557-4578,,,
,자가,(주)그레이스앤,유통전문판매업,,202271.155211169,446637.695096022,2026-05-03 22:50:28,I,01,영업,180.96,0,0,0,,,,0,,2024-05-08 13:14:40,2019-11-15,180.96,135-891,서울특별시 강남구 신사동 565-14,N,,3220000-113-2019-00215,,3220000,"서울특별시 강남구 도산대로25길 36, 3층 (신사동)",06032,01,영업/정상,유통전문판매업,,,,
,자가,(주)세컨즈쓰리미디어,유통전문판매업,,204986.977259092,445021.423615875,2026-05-03 22:50:28,I,01,영업,14,,,,,,,,,2021-01-20 17:27:42,2019-11-01,14.00,135-880,서울특별시 강남구 삼성동 157-33 하이브로빌딩,N,,3220000-113-2019-00221,,3220000,"서울특별시 강남구 테헤란로 503, 하이브로빌딩 12층 1202호 (삼성동)",06168,01,영업/정상,유통전문판매업,,,,
,임대,주식회사 기영에프앤비,유통전문판매업,,203665.585,443357.415,2026-05-03 22:50:28,I,01,영업,275.13,,,,,,,,,2024-04-08 15:20:02,2019-11-01,275.13,135-857,서울특별시 강남구 도곡동 543-4,N,,3220000-113-2019-00224,,3220000,"서울특별시 강남구 도곡로 212, 지상4층,5층,8층 (도곡동)",06272,01,영업/정상,유통전문판매업,02-6954-1160,,,
,자가,노블 뉴트리,유통전문판매업,,203609.924951285,445913.690821398,2026-05-03 22:50:28,I,01,영업,33,,,,,,,,,2022-08-22 13:26:31,2019-10-31,33.00,135-830,서울특별시 강남구 논현동 242-53 가헌빌딩,N,,3220000-113-2019-00229,,3220000,"서울특별시 강남구 선릉로 659, 가헌빌딩 4층 405호 (논현동)",06099,01,영업/정상,유통전문판매업,,,,
,자가,주식회사 닥터라이즈,유통전문판매업,,202948.528059547,444479.526756706,2026-05-03 22:50:28,I,01,영업,64,,,,,,,,,2022-09-07 13:35:44,2019-06-20,64.00,135-909,서울특별시 강남구 역삼동 639-9,N,,3220000-113-2019-00230,,3220000,"서울특별시 강남구 논현로97길 19-6, 3층 301호 (역삼동)",06131,01,영업/정상,유통전문판매업,031-267-1933,,,
,자가,(주)한성생활건강,유통전문판매업,,202725.962072631,443203.561575728,2026-05-03 22:50:28,I,01,영업,57.6,,,,,,,,,2022-12-07 16:19:42,2019-12-12,57.60,135-754,서울특별시 강남구 역삼동 837-11 유니온센터오피스텔,N,,3220000-113-2019-00231,,3220000,"서울특별시 강남구 강남대로 310, 11층 1102호 (역삼동)",06253,01,영업/정상,유통전문판매업,070-8816-0212,,,
,자가,주식회사 생활한방연구소,유통전문판매업,,204807.452851039,445621.255079847,2026-05-03 22:50:28,I,01,영업,89.25,,,,,,,,,2026-03-11 15:24:44,2019-10-11,89.25,135-878,서울특별시 강남구 삼성동 146-11 씨라인빌,N,,3220000-113-2019-00234,,3220000,"서울특별시 강남구 봉은사로82길 9-3, 씨라인빌 3층 405호 (삼성동)",06163,01,영업/정상,유통전문판매업,,,,
,자가,(주)카페덱스터,유통전문판매업,,202960.555,444159.715,2026-05-03 22:50:28,I,01,영업,7.8,,,,,,,,,2023-06-26 14:52:20,2019-08-16,7.80,135-924,서울특별시 강남구 역삼동 736 성홍타워,N,,3220000-113-2019-00235,,3220000,"서울특별시 강남구 테헤란로 138, 성홍타워 지상4층 411호 (역삼동)",06236,01,영업/정상,유통전문판매업,02-3473-8283,,,
,자가,(주)그레이앤코,유통전문판매업,,202212.53881654,446464.144330913,2026-05-03 22:50:33,I,01,영업,86.05,,,,,,,,,2025-11-06 15:22:47,2021-03-26,86.05,135-890,서울특별시 강남구 신사동 559-6,N,,3220000-113-2021-00054,,3220000,"서울특별시 강남구 도산대로23길 21, 지상1층 (신사동)",06037,01,영업/정상,유통전문판매업,02-515-5933,,,
,자가,주식회사 콘랩컴퍼니,유통전문판매업,,204842.620168646,445010.636361278,2026-05-03 22:50:33,I,01,영업,76.56,,,,,,,,,2021-09-08 17:20:42,2021-03-26,76.56,135-877,서울특별시 강남구 삼성동 144-19 제이에스타워,N,,3220000-113-2021-00055,,3220000,"서울특별시 강남구 테헤란로79길 6, 제이에스타워 3층 315호 (삼성동)",06158,01,영업/정상,유통전문판매업,,,,
,자가,주식회사 요리조리,유통전문판매업,,204080.715333921,444814.069054935,2026-05-03 22:50:33,I,01,영업,3.3,,,,,,,,,2021-03-29 15:08:54,2021-03-29,3.30,135-917,서울특별시 강남구 역삼동 696-3 예안빌딩,N,,3220000-113-2021-00056,,3220000,"서울특별시 강남구 테헤란로53길 16, 예안빌딩 지상3층 (역삼동)",06149,01,영업/정상,유통전문판매업,,,,
,자가,유알픽,유통전문판매업,,202776.929514456,445484.241943393,2026-05-03 22:50:33,I,01,영업,130,,,,,,,,,2022-07-04 11:05:55,2021-03-29,130.00,135-829,서울특별시 강남구 논현동 216-5 선기빌딩,N,,3220000-113-2021-00057,,3220000,"서울특별시 강남구 논현로 648, 5층 501호 (논현동)",06106,01,영업/정상,유통전문판매업,,,,
,자가,헤이컴온 주식회사,유통전문판매업,,203125.055,446027.47,2026-05-03 22:50:33,I,01,영업,1.78,,,,,,,,,2023-10-20 13:46:59,2021-03-31,1.78,135-821,서울특별시 강남구 논현동 115-22,N,,3220000-113-2021-00061,,3220000,"서울특별시 강남구 언주로134길 6, 지상2층 202호-A458호 (논현동)",06061,01,영업/정상,유통전문판매업,,,,
,자가,코오롱인더스트리(주) FnC부문,유통전문판매업,,204903.730969582,445130.212277428,2026-05-03 22:50:33,I,01,영업,195,,,,,,,,,2021-04-02 14:47:43,2021-04-02,195.00,135-880,서울특별시 강남구 삼성동 157 코오롱인더스트리,N,,3220000-113-2021-00063,,3220000,"서울특별시 강남구 삼성로 518, 코오롱인더스트리 지상7층 (삼성동)",06168,01,영업/정상,유통전문판매업,02-3677-8796,,,
,자가,주식회사 홍신애요리연구소,유통전문판매업,,202878.423070992,445887.374218493,2026-05-03 22:50:33,I,01,영업,11.96,,,,,,,,,2024-10-14 14:42:39,2021-04-06,11.96,135-818,서울특별시 강남구 논현동 89-20,N,,3220000-113-2021-00065,,3220000,"서울특별시 강남구 학동로 223-9, 지상2층 202호 (논현동)",06053,01,영업/정상,유통전문판매업,,,,
,자가,(주)샤인내츄럴,유통전문판매업,,203404.024382624,444561.659492857,2026-05-03 22:50:33,I,01,영업,127.79,,,,,,,,,2021-04-08 17:50:25,2021-04-08,127.79,135-915,서울특별시 강남구 역삼동 672-31,N,,3220000-113-2021-00068,,3220000,"서울특별시 강남구 언주로93길 34, 3층 (역삼동)",06139,01,영업/정상,유통전문판매업,02-568-0997,,,
,자가,(주)브이지에프 코리아,유통전문판매업,,205314.159889285,445204.709309676,2026-05-03 22:50:33,I,01,영업,6.6,,,,,,,,,2021-07-20 10:01:50,2021-04-09,6.60,135-090,서울특별시 강남구 삼성동 159-8 파르나스타워,N,,3220000-113-2021-00069,,3220000,"서울특별시 강남구 테헤란로 521, 파르나스타워 29층 (삼성동)",06164,01,영업/정상,유통전문판매업,070-8822-1477,,,
,,블랜디스주식회사(Blendy's Corp),유통전문판매업,,202960.555,444159.715,2026-05-03 22:50:33,I,01,영업,6.9,,,,,,,,,2022-03-22 14:18:52,2021-04-09,6.90,135-924,서울특별시 강남구 역삼동 736 성홍타워,N,,3220000-113-2021-00070,,3220000,"서울특별시 강남구 테헤란로 138, 성홍타워 5층 515호 (역삼동)",06236,01,영업/정상,유통전문판매업,,,,
,자가,(주)스마트키오스크,유통전문판매업,,203454.86058282,443887.547168667,2026-05-03 22:50:33,I,01,영업,65.54,,,,,,,,,2021-04-12 17:39:06,2021-04-12,65.54,135-921,서울특별시 강남구 역삼동 728-22,N,,3220000-113-2021-00071,,3220000,"서울특별시 강남구 논현로76길 11, 지상5층 (역삼동)",06224,01,영업/정상,유통전문판매업,02-1811-6359,,,
,자가,띵크커피코리아,유통전문판매업,,204304.901083962,447215.162733571,2026-05-03 22:50:33,I,01,영업,6.24,,,,,,,,,2021-04-13 14:31:54,2021-04-13,6.24,135-955,서울특별시 강남구 청담동 112-28,N,,3220000-113-2021-00072,,3220000,"서울특별시 강남구 도산대로85길 39, 지상2층 201호 (청담동)",06011,01,영업/정상,유통전문판매업,02-518-6860,,,
,자가,류아키키(ryuahkk),유통전문판매업,,201710.293057008,446319.130586952,2026-05-03 22:50:33,I,01,영업,100,,,,,,,,,2021-04-13 16:41:12,2021-04-13,100.00,135-887,서울특별시 강남구 신사동 508-9,N,,3220000-113-2021-00073,,3220000,"서울특별시 강남구 강남대로158길 15, 지상2층 (신사동)",06034,01,영업/정상,유통전문판매업,,,,
,자가,(주)네이처리퍼블릭,유통전문판매업,,205446.736406275,445116.280153369,2026-05-03 22:50:33,I,01,영업,1254,,,,,,,,,2025-04-16 15:46:50,2021-04-14,"1,254.00",135-846,서울특별시 강남구 대치동 946-1 글라스타워빌딩,N,,3220000-113-2021-00074,,3220000,"서울특별시 강남구 테헤란로 534, 글라스타워빌딩 24층 (대치동)",06181,01,영업/정상,유통전문판매업,,,,
,자가,주식회사 칼스랩,유통전문판매업,,203904.015752932,442366.073965682,2026-05-03 22:50:33,I,01,영업,36.55,,,,,,,,,2021-04-16 17:25:40,2021-04-16,36.55,135-855,서울특별시 강남구 도곡동 423-14,N,,3220000-113-2021-00078,,3220000,"서울특별시 강남구 논현로26길 33, 지상3층 302호 (도곡동)",06300,01,영업/정상,유통전문판매업,02-529-8450,,,
,자가,주식회사 라스트핏,유통전문판매업,,202801.931560719,446742.604270992,2026-05-03 22:50:33,I,01,영업,277.85,,,,,,,,,2021-06-01 15:35:29,2021-04-21,277.85,135-895,서울특별시 강남구 신사동 627-23 수연빌딩,N,,3220000-113-2021-00079,,3220000,"서울특별시 강남구 언주로153길 8, 수연빌딩 지하1층 (신사동)",06024,01,영업/정상,유통전문판매업,,,,
,자가,쿠산코리아(주),유통전문판매업,,201882.009627647,446710.193277045,2026-05-03 22:50:33,I,01,영업,50,,,,,,,,,2021-08-05 15:35:41,2021-04-26,50.00,135-888,서울특별시 강남구 신사동 532-4,N,,3220000-113-2021-00080,,3220000,"서울특별시 강남구 압구정로10길 13, 지상3층 (신사동)",06028,01,영업/정상,유통전문판매업,02-3144-0122,,,
,자가,(주)하이브리온,유통전문판매업,,204215.162571746,444731.386522359,2026-05-03 22:50:39,I,01,영업,70.02,0,0,0,,,,0,,2024-05-29 15:39:12,2022-08-24,70.02,135-922,서울특별시 강남구 역삼동 705-27,N,,3220000-113-2022-00147,,3220000,"서울특별시 강남구 테헤란로 337, 지상7-9층 (역삼동)",06150,01,영업/정상,유통전문판매업,,,,
,임대,(주)홈스밀,유통전문판매업,,209055.480464368,442735.704146657,2026-05-03 22:50:39,I,01,영업,54.65,,,,,,,,,2026-03-12 12:14:49,2022-08-01,54.65,135-885,서울특별시 강남구 수서동 725 수서타워,N,,3220000-113-2022-00148,,3220000,"서울특별시 강남구 광평로56길 8-13, 수서타워 6층 610호 (수서동)",06367,01,영업/정상,유통전문판매업,,,,
,임대,에이치앤에스(Hns),유통전문판매업,,204105.787998651,444937.438374587,2026-05-03 22:50:39,I,01,영업,4,,,,,,,,,2022-08-24 12:15:57,2022-08-24,4.00,135-917,서울특별시 강남구 역삼동 696-28,N,,3220000-113-2022-00149,,3220000,"서울특별시 강남구 선릉로 529, 지상2층 2154호 (역삼동)",06149,01,영업/정상,유통전문판매업,,,,
,자가,진상공방,유통전문판매업,,209196.592526494,441017.06438222,2026-05-03 22:50:39,I,01,영업,69.87,,,,,,,,,2022-08-26 16:37:05,2022-08-26,69.87,135-210,서울특별시 강남구 율현동 309-2,N,,3220000-113-2022-00153,,3220000,"서울특별시 강남구 밤고개로24길 62-12, 지상2층 (율현동)",06377,01,영업/정상,유통전문판매업,,,,
,자가,주식회사 새순에프앤비,유통전문판매업,,204950.839068454,445256.671909901,2026-05-03 22:50:39,I,01,영업,44.85,,,,,,,,,2022-08-29 11:09:25,2022-08-29,44.85,135-879,서울특별시 강남구 삼성동 155-3,N,,3220000-113-2022-00154,,3220000,"서울특별시 강남구 테헤란로83길 33, 지상3층 (삼성동)",06167,01,영업/정상,유통전문판매업,,,,
,자가,(주)브랜드리팩터링,유통전문판매업,,202903.044770042,446058.075180315,2026-05-03 22:50:39,I,01,영업,0,,,,,,,,,2024-11-11 13:09:27,2022-08-30,26.45,135-818,서울특별시 강남구 논현동 83-12,N,,3220000-113-2022-00155,,3220000,"서울특별시 강남구 언주로135길 19, 지하1층 오른쪽 일부호 (논현동)",06053,01,영업/정상,유통전문판매업,,,,
,자가,(주)테헤란컴퍼니그룹,유통전문판매업,,203433.735236619,444672.103609731,2026-05-03 22:50:39,I,01,영업,108.03,,,,,,,,,2025-01-13 16:04:31,2022-09-02,108.03,135-915,서울특별시 강남구 역삼동 673-10,N,,3220000-113-2022-00157,,3220000,"서울특별시 강남구 언주로97길 23-12, 지상3층 (역삼동)",06139,01,영업/정상,유통전문판매업,02-549-9102,,,
,자가,주식회사 약손명가헬스케어,유통전문판매업,,204338.350359665,445452.852321464,2026-05-03 22:50:39,I,01,영업,344.13,,,,,,,,,2024-04-18 14:46:55,2022-09-06,344.13,135-509,서울특별시 강남구 삼성동 114-44 DECKS 빌딩,N,,3220000-113-2022-00158,,3220000,"서울특별시 강남구 봉은사로68길 8, DECKS 빌딩 지상1층 (삼성동)",06153,01,영업/정상,유통전문판매업,,,,
,임대,닥터미니쉬,유통전문판매업,,202952.184669216,446411.73867071,2026-05-03 22:50:40,I,01,영업,248.89,,,,,,,,,2026-01-22 12:52:39,2022-09-08,248.89,135-995,서울특별시 강남구 논현동 70-11 마스터스729빌딩,N,,3220000-113-2022-00161,,3220000,"서울특별시 강남구 언주로 729, 마스터스729빌딩 12층 (논현동)",06050,01,영업/정상,유통전문판매업,070-4217-2274,,,
,자가,동국헬스케어엠앤아이 주식회사,유통전문판매업,,205769.60616856,445202.30105529,2026-05-03 22:50:40,I,01,영업,51.14,0,0,0,,,,0,,2024-08-12 14:54:59,2022-09-13,51.14,135-502,서울특별시 강남구 대치동 997-8 동국빌딩,N,,3220000-113-2022-00162,,3220000,"서울특별시 강남구 테헤란로108길 7, 동국빌딩 지상3층 (대치동)",06175,01,영업/정상,유통전문판매업,,,,
,자가,주식회사 두호코퍼레이션,유통전문판매업,,204821.705,445319.86,2026-05-03 22:50:40,I,01,영업,394,,,,,,,,,2022-09-14 15:57:26,2022-09-14,394.00,135-878,서울특별시 강남구 삼성동 151-5 빌딩 브로모,N,,3220000-113-2022-00163,,3220000,"서울특별시 강남구 삼성로 540, 빌딩 브로모 지하1층 (삼성동)",06166,01,영업/정상,유통전문판매업,,,,
,자가,고진 인터내셔널,유통전문판매업,,203588.048190661,446183.368328818,2026-05-03 22:50:40,I,01,영업,4.95,0,0,0,,,,0,,2022-09-15 14:19:49,2022-09-15,4.95,135-764,서울특별시 강남구 청담동 41 청담빌딩,N,,3220000-113-2022-00164,,3220000,"서울특별시 강남구 선릉로 704, 청담빌딩 10층 637호 (청담동)",06069,01,영업/정상,유통전문판매업,,,,
,자가,주식회사 디에코컴퍼니,유통전문판매업,,203089.66799418,444036.257390816,2026-05-03 22:50:40,I,01,영업,149.75,,,,,,,,,2022-09-15 10:27:58,2022-09-15,149.75,135-924,서울특별시 강남구 역삼동 739-8,N,,3220000-113-2022-00165,,3220000,"서울특별시 강남구 논현로85길 29, 지상6층 (역삼동)",06237,01,영업/정상,유통전문판매업,,,,
,임대,주식회사 와이지에프트레이딩,유통전문판매업,2026-02-25,203648.383934286,442492.974766287,2026-05-03 22:50:40,I,02,폐업,100,,,,,,,,,2026-02-25 09:21:20,2022-09-15,100.00,135-854,서울특별시 강남구 도곡동 410-7 은하수빌딩,N,,3220000-113-2022-00166,,3220000,"서울특별시 강남구 논현로 168, 은하수빌딩 지상1층 (도곡동)",06296,03,폐업,유통전문판매업,02-573-9981,,,
,자가,(주)알지엠컨설팅,유통전문판매업,,202356.949343633,445524.814631267,2026-05-03 22:50:40,I,01,영업,126.48,0,0,0,,,,0,,2022-09-15 14:17:14,2022-09-15,126.48,135-822,서울특별시 강남구 논현동 135-11,N,,3220000-113-2022-00167,,3220000,"서울특별시 강남구 학동로18길 13, 지상2층 202호 (논현동)",06113,01,영업/정상,유통전문판매업,,,,
,자가,주식회사 데이지에스앤씨,유통전문판매업,,203063.436089827,442566.652357126,2026-05-03 22:50:45,I,01,영업,0,0,0,0,,,,0,,2025-11-20 15:12:25,2023-04-10,160.96,135-860,서울특별시 강남구 도곡동 957-4 양재 정인빌딩,N,,3220000-113-2023-00273,,3220000,"서울특별시 강남구 강남대로42길 18, 양재 정인빌딩 10층 (도곡동)",06267,01,영업/정상,유통전문판매업,02-504-5382,,,
,자가,(주)모흐,유통전문판매업,,205215.777796925,444562.147119752,2026-05-03 22:50:45,I,01,영업,3.3,0,0,0,,,,0,,2025-12-10 10:26:30,2023-10-06,3.30,135-847,서울특별시 강남구 대치동 961-4 인테크빌딩,N,,3220000-113-2023-00274,,3220000,"서울특별시 강남구 역삼로 512, 인테크빌딩 5층 733호 (대치동)",06186,01,영업/정상,유통전문판매업,070-8810-6512,,,
,임대,서울미생물연구소,유통전문판매업,,204639.090092973,444728.353701831,2026-05-03 22:50:45,I,01,영업,3.3,0,0,0,,,,0,,2026-01-19 17:08:34,2023-06-28,3.30,135-839,서울특별시 강남구 대치동 890-60 H 타워,N,,3220000-113-2023-00275,,3220000,"서울특별시 강남구 테헤란로70길 12, H 타워 4층 402호-제이233호 (대치동)",06193,01,영업/정상,유통전문판매업,,,,
,자가,라운드포 주식회사,유통전문판매업,,202391.165285532,446510.648483785,2026-05-03 22:50:45,I,01,영업,29,0,0,0,,,,0,,2026-01-22 09:54:22,2023-11-24,29.00,135-892,서울특별시 강남구 신사동 586-6,N,,3220000-113-2023-00276,,3220000,"서울특별시 강남구 논현로 807, 지하1층 B01호 (신사동)",06032,01,영업/정상,유통전문판매업,,,,
,자가,주식회사 엠원플러스,유통전문판매업,,204125.312646525,444715.426086333,2026-05-03 22:50:45,I,01,영업,41.4,0,0,0,,,,0,,2024-01-04 15:25:34,2024-01-04,41.40,135-922,서울특별시 강남구 역삼동 705-9 삼흥오피스텔,N,,3220000-113-2024-00001,,3220000,"서울특별시 강남구 테헤란로 329, 삼흥오피스텔 10층 1005호 (역삼동)",06150,01,영업/정상,유통전문판매업,,,,
,자가,주식회사 이삼오구,유통전문판매업,,202419.238142823,445834.739775309,2026-05-03 22:50:45,I,01,영업,0,0,0,0,,,,0,,2025-09-25 17:00:16,2024-01-05,100.00,135-815,서울특별시 강남구 논현동 38-3,N,,3220000-113-2024-00002,,3220000,"서울특별시 강남구 학동로23길 18, 3층 (논현동)",06046,01,영업/정상,유통전문판매업,,,,
,임대,뉴트라케어,유통전문판매업,,202724.214297488,445894.305854116,2026-05-03 22:50:45,I,01,영업,2,,,,,,,,,2024-01-08 09:58:08,2024-01-08,2.00,135-818,서울특별시 강남구 논현동 86-5,N,,3220000-113-2024-00003,,3220000,"서울특별시 강남구 논현로132길 13, 4층 4535호 (논현동)",06052,01,영업/정상,유통전문판매업,,,,
,자가,제니스,유통전문판매업,,203968.771830676,441722.428603732,2026-05-03 22:50:45,I,01,영업,39,,,,,,,,,2024-01-08 10:58:00,2024-01-08,39.00,135-964,서울특별시 강남구 개포동 1236,N,,3220000-113-2024-00004,,3220000,"서울특별시 강남구 논현로18길 8, 지상2층 201호 (개포동)",06307,01,영업/정상,유통전문판매업,,,,
,임대,주식회사 비온뒤컴퍼니,유통전문판매업,,202224.687390502,446167.05438459,2026-05-03 22:50:45,I,01,영업,148.8,,,,,,,,,2024-01-08 14:53:35,2024-01-08,148.80,135-812,서울특별시 강남구 논현동 10-7,N,,3220000-113-2024-00005,,3220000,"서울특별시 강남구 논현로149길 31, 2호동 4층 401호 (논현동)",06040,01,영업/정상,유통전문판매업,,,,
,자가,주식회사 개항로1978,유통전문판매업,,202724.214297488,445894.305854116,2026-05-03 22:50:45,I,01,영업,1.65,0,0,0,,,,0,,2024-01-08 15:25:21,2024-01-08,1.65,135-818,서울특별시 강남구 논현동 86-5,N,,3220000-113-2024-00006,,3220000,"서울특별시 강남구 논현로132길 13, 4층 4387호 (논현동)",06052,01,영업/정상,유통전문판매업,,,,
,자가,주식회사 파마브로스,유통전문판매업,,203359.25133546,444515.467926026,2026-05-03 22:50:45,I,01,영업,593.61,,,,,,,,,2024-12-20 09:40:42,2024-01-10,593.61,135-915,서울특별시 강남구 역삼동 678-4 효빌딩,N,,3220000-113-2024-00007,,3220000,"서울특별시 강남구 논현로94길 30, 효빌딩 지상 2층,3층,4층 (역삼동)",06141,01,영업/정상,유통전문판매업,,,,
,자가,주식회사 에이랜드,유통전문판매업,,205130.591678902,445590.096837802,2026-05-03 22:50:45,I,01,영업,994.34,,,,,,,,,2024-01-10 10:57:13,2024-01-10,994.34,135-731,서울특별시 강남구 삼성동 159 코엑스,N,,3220000-113-2024-00008,,3220000,"서울특별시 강남구 영동대로 513, 코엑스 지하1층 F113-A호 (삼성동)",06164,01,영업/정상,유통전문판매업,,,,
,임대,기욤,유통전문판매업,,203559.800138386,446912.293422992,2026-05-03 22:50:45,I,01,영업,3.3,,,,,,,,,2024-01-12 17:37:49,2024-01-12,3.30,135-954,서울특별시 강남구 청담동 88-37 아시아청담부띠끄,N,,3220000-113-2024-00009,,3220000,"서울특별시 강남구 선릉로152길 17, 지상1층 101호 (청담동)",06014,01,영업/정상,유통전문판매업,070-8282-6723,,,
,자가,셀레브리티글로벌 주식회사,유통전문판매업,,202606.851049978,444776.674227005,2026-05-03 22:50:45,I,01,영업,16.5,0,0,0,,,,0,,2024-01-15 13:54:48,2024-01-15,16.50,135-907,서울특별시 강남구 역삼동 614-22,N,,3220000-113-2024-00010,,3220000,"서울특별시 강남구 논현로105길 51, 지상2층 201호 (역삼동)",06127,01,영업/정상,유통전문판매업,,,,
,자가,(주)에이스바이옴,유통전문판매업,,205340.631121567,445354.571117445,2026-05-03 22:50:45,I,01,영업,191.71,,,,,,,,,2024-01-16 13:39:22,2024-01-16,191.71,135-090,서울특별시 강남구 삼성동 159-1 트레이드타워,N,,3220000-113-2024-00011,,3220000,"서울특별시 강남구 영동대로 511, 트레이드타워 42층 4203호 (삼성동)",06164,01,영업/정상,유통전문판매업,02-6160-5046,,,
,자가,태원물산 주식회사,유통전문판매업,,205155.688814812,444914.731755454,2026-05-03 22:50:45,I,01,영업,218.87,,,,,,,,,2024-01-16 15:49:48,2024-01-16,218.87,135-845,서울특별시 강남구 대치동 943-13 윤천빌딩,N,,3220000-113-2024-00012,,3220000,"서울특별시 강남구 테헤란로86길 14, 윤천빌딩 9층 (대치동)",06179,01,영업/정상,유통전문판매업,,,,
,자가,(주)한국메디컬헬스케어,유통전문판매업,,203588.048190661,446183.368328818,2026-05-03 22:50:45,I,01,영업,4.95,,,,,,,,,2024-01-18 12:23:29,2024-01-18,4.95,135-764,서울특별시 강남구 청담동 41 청담빌딩,N,,3220000-113-2024-00013,,3220000,"서울특별시 강남구 선릉로 704, 청담빌딩 지상12층 186호 (청담동)",06069,01,영업/정상,유통전문판매업,02-3443-1119,,,
,자가,주식회사 마성,유통전문판매업,,208693.457500264,440518.108261144,2026-05-03 22:50:28,I,01,영업,254.45,,,,,,,,,2026-03-05 10:07:05,2019-12-13,254.45,135-190,서울특별시 강남구 세곡동 593-1,N,,3220000-113-2019-00236,,3220000,"서울특별시 강남구 헌릉로569길 25, 3층 (세곡동)",06376,01,영업/정상,유통전문판매업,1522-8633,,,
,자가,주식회사 리하베스트,유통전문판매업,,203529.413259327,444231.985812056,2026-05-03 22:50:28,I,01,영업,105.8,,,,,,,,,2026-01-14 13:06:04,2019-08-19,105.80,135-707,서울특별시 강남구 역삼동 723-28 영빌딩,N,,3220000-113-2019-00237,,3220000,"서울특별시 강남구 테헤란로34길 19, 5층 502호 (역삼동)",06222,01,영업/정상,유통전문판매업,02-541-6464,,,
,자가,(주)수성인터내셔널,유통전문판매업,,201772.671195889,445683.344339981,2026-05-03 22:50:28,I,01,영업,9.9,0,0,0,,,,0,,2024-01-11 09:20:13,2019-01-25,9.90,135-813,서울특별시 강남구 논현동 19-2 성현빌딩,N,,3220000-113-2019-00238,,3220000,"서울특별시 강남구 강남대로 578, 6층 603호 (논현동)",06043,01,영업/정상,유통전문판매업,031-705-1914,,,
,자가,(주)아더리시,유통전문판매업,,205271.275273064,445852.638814088,2026-05-03 22:50:28,I,01,영업,1.65,0,0,0,,,,0,,2024-01-15 12:02:26,2019-07-08,1.65,135-873,서울특별시 강남구 삼성동 107 삼성동 미켈란 107,N,,3220000-113-2019-00239,,3220000,"서울특별시 강남구 영동대로 602, 6층 지121호 (삼성동, 삼성동 미켈란 107)",06083,01,영업/정상,유통전문판매업,044-867-1151,,,
,자가,주식회사 프로젝트비,유통전문판매업,,202905.303175817,443996.984822547,2026-05-03 22:50:28,I,01,영업,31.94,,,,,,,,,2024-03-06 17:14:45,2019-12-04,31.94,135-923,서울특별시 강남구 역삼동 735-17 역삼 푸르지오 시티,N,,3220000-113-2019-00240,,3220000,"서울특별시 강남구 논현로85길 52, 역삼 푸르지오 시티 지상2층 205호 (역삼동)",06235,01,영업/정상,유통전문판매업,070-7455-7220,,,
,자가,슈퍼그레잇,유통전문판매업,,204333.421834018,447023.575041925,2026-05-03 22:50:28,I,01,영업,0,,,,,,,,,2024-04-22 14:27:57,2019-12-02,20.00,135-955,서울특별시 강남구 청담동 122-30,N,,3220000-113-2019-00242,,3220000,"서울특별시 강남구 도산대로87길 11, 지상5층 (청담동)",06012,01,영업/정상,유통전문판매업,02-332-7118,,,
,자가,(주)고알레,유통전문판매업,,203296.178408048,446593.859767432,2026-05-03 22:50:28,I,01,영업,300.36,,,,,,,,,2024-04-26 16:36:32,2019-01-28,300.36,135-819,서울특별시 강남구 논현동 95-14 동성빌딩,N,,3220000-113-2019-00243,,3220000,"서울특별시 강남구 선릉로145길 16, 동성빌딩 지상2층 (논현동)",06055,01,영업/정상,유통전문판매업,,,,
,자가,(주)페리시움,유통전문판매업,,204488.365267013,444832.873128843,2026-05-03 22:50:28,I,01,영업,20.45,0,0,0,,,,0,,2024-07-30 10:58:14,2019-06-21,20.45,135-876,서울특별시 강남구 삼성동 142-41 L7 HOTELS 강남타워,N,,3220000-113-2019-00244,,3220000,"서울특별시 강남구 테헤란로 415, L7 HOTELS 강남타워 지상2층 208호 (삼성동)",06160,01,영업/정상,유통전문판매업,070-5055-2912,,,
,자가,흑보목,유통전문판매업,,201972.719955591,445352.282353774,2026-05-03 22:50:28,I,01,영업,4,0,0,0,,,,0,,2024-08-21 10:26:41,2019-02-08,4.00,135-822,서울특별시 강남구 논현동 141-12,N,,3220000-113-2019-00245,,3220000,"서울특별시 강남구 학동로4길 16, 4층 (논현동)",06110,01,영업/정상,유통전문판매업,070-8885-2016,,,
,임대,주식회사 엠엔에프앤비,유통전문판매업,,204808.960746173,446589.329345465,2026-05-03 22:50:28,I,01,영업,14.96,,,,,,,,,2024-09-24 16:29:45,2019-05-07,14.96,135-953,서울특별시 강남구 청담동 71-1 청담갤러리,N,,3220000-113-2019-00246,,3220000,"서울특별시 강남구 학동로97길 26, 청담갤러리 4층 A호 (청담동)",06072,01,영업/정상,유통전문판매업,,,,
,자가,(주)데일리비어,유통전문판매업,,202598.122849009,446344.334744008,2026-05-03 22:50:28,I,01,영업,107.2,,,,,,,,,2024-10-17 13:27:15,2019-07-09,107.20,135-816,서울특별시 강남구 논현동 65-4 성원빌딩,N,,3220000-113-2019-00247,,3220000,"서울특별시 강남구 논현로150길 20, 성원빌딩 지상7층 (논현동)",06049,01,영업/정상,유통전문판매업,02-783-9663,,,
,임대,(주)조은음식드림,유통전문판매업,,202001.423084141,445126.217841289,2026-05-03 22:50:28,I,01,영업,245.39,,,,,,,,,2026-02-12 14:15:27,2019-12-24,245.39,135-825,서울특별시 강남구 논현동 164-16,N,,3220000-113-2019-00248,,3220000,"서울특별시 강남구 학동로2길 50, 5층 (논현동)",06114,01,영업/정상,유통전문판매업,1644-6672,,,
,,주식회사 디에스네이처,유통전문판매업,,202134.89848582,445022.469522468,2026-05-03 22:50:28,I,01,영업,0,0,0,0,,,,0,,2025-10-02 18:46:35,2019-03-28,96.31,135-825,서울특별시 강남구 논현동 167-23,N,,3220000-113-2019-00250,,3220000,"서울특별시 강남구 강남대로120길 19, 5층 (논현동)",06119,01,영업/정상,유통전문판매업,1577-3666,,,
,자가,(주)아이비알컴퍼니,유통전문판매업,2026-04-30,202164.446961539,445774.304223053,2026-05-03 22:50:28,I,02,폐업,111.96,0,0,0,,,,0,,2026-04-30 14:15:50,2019-02-07,111.96,135-815,서울특별시 강남구 논현동 41-4,N,,3220000-113-2019-00251,,3220000,"서울특별시 강남구 강남대로136길 60, 3층 (논현동)",06045,03,폐업,유통전문판매업,,,,
,임대,(주)오픈더테이블,유통전문판매업,,202336.992751678,445821.523066852,2026-05-03 22:50:28,I,01,영업,10,,,,,,,,,2025-06-16 14:53:52,2019-01-23,10.00,135-815,서울특별시 강남구 논현동 39-1 스카이빌라,N,,3220000-113-2019-00252,,3220000,"서울특별시 강남구 학동로19길 24, 스카이빌라 지하1층 (논현동)",06045,01,영업/정상,유통전문판매업,,,,
,임대,주식회사 엠에프지코리아,유통전문판매업,,203126.310743154,445903.708065656,2026-05-03 22:50:28,I,01,영업,0,,,,,,,,,2025-07-23 15:02:35,2019-04-16,175.27,135-830,서울특별시 강남구 논현동 238-2 곤비,N,,3220000-113-2019-00253,,3220000,"서울특별시 강남구 학동로 306, 곤비 지하1층,지하2층 (논현동)",06098,01,영업/정상,유통전문판매업,02-2286-8800,,,
,자가,(주)닥터발란스뷰티,유통전문판매업,,203750.274842879,443882.963685219,2026-05-03 22:50:28,I,01,영업,119.48,,,,,,,,,2025-09-26 15:55:51,2019-08-07,119.48,135-928,서울특별시 강남구 역삼동 771-13,N,,3220000-113-2019-00254,,3220000,"서울특별시 강남구 언주로71길 22, 5층 (역삼동)",06226,01,영업/정상,유통전문판매업,,,,
,자가,주식회사 온도,유통전문판매업,,204986.977259092,445021.423615875,2026-05-03 22:50:33,I,01,영업,47,,,,,,,,,2026-03-25 13:51:23,2021-04-26,47.00,135-880,서울특별시 강남구 삼성동 157-33 하이브로빌딩,N,,3220000-113-2021-00081,,3220000,"서울특별시 강남구 테헤란로 503, 하이브로빌딩 9층 906호 (삼성동)",06168,01,영업/정상,유통전문판매업,,,,
,자가,더 그레이트 홍연,유통전문판매업,,203599.062771687,444556.062267296,2026-05-03 22:50:33,I,01,영업,0,,,,,,,,,2025-12-17 14:34:45,2021-04-28,30.40,135-915,서울특별시 강남구 역삼동 676 센터필드,N,,3220000-113-2021-00083,,3220000,"서울특별시 강남구 테헤란로 231, 센터필드 지상36층 (역삼동)",06142,01,영업/정상,유통전문판매업,02-727-7361,,,
,자가,온푸(ONFU),유통전문판매업,,204108.792571337,446716.276443016,2026-05-03 22:50:33,I,01,영업,33,,,,,,,,,2023-01-31 11:30:20,2021-04-28,33.00,135-949,서울특별시 강남구 청담동 7-13,N,,3220000-113-2021-00084,,3220000,"서울특별시 강남구 삼성로149길 3-11, 지상1층 101호 (청담동)",06063,01,영업/정상,유통전문판매업,,,,
,자가,주식회사 푸브먼트,유통전문판매업,,202310.496343967,445673.280490307,2026-05-03 22:50:33,I,01,영업,98,,,,,,,,,2021-05-06 14:53:48,2021-05-06,98.00,135-815,서울특별시 강남구 논현동 57-22,N,,3220000-113-2021-00088,,3220000,"서울특별시 강남구 학동로17길 4-5, 지상1층 (논현동)",06045,01,영업/정상,유통전문판매업,070-7834-2665,,,
,자가,주식회사 오드리코리아,유통전문판매업,,202759.552509435,445935.484116903,2026-05-03 22:50:33,I,01,영업,10,,,,,,,,,2022-02-10 15:12:41,2021-05-06,10.00,135-818,서울특별시 강남구 논현동 82-17 벤쳐캐슬빌딩,N,,3220000-113-2021-00089,,3220000,"서울특별시 강남구 학동로31길 12, 벤쳐캐슬빌딩 7층 A730호 (논현동)",06052,01,영업/정상,유통전문판매업,,,,
,자가,씽크(THINC),유통전문판매업,,203702.477207367,445271.241490281,2026-05-03 22:50:33,I,01,영업,4.95,,,,,,,,,2021-05-11 14:46:32,2021-05-11,4.95,135-916,서울특별시 강남구 역삼동 682 남전빌딩,N,,3220000-113-2021-00091,,3220000,"서울특별시 강남구 봉은사로 326, 남전빌딩 지상8층 826호 (역삼동)",06143,01,영업/정상,유통전문판매업,,,,
,자가,주식회사 데이원컴퍼니,유통전문판매업,,203599.062771687,444556.062267296,2026-05-03 22:50:33,I,01,영업,17.02,,,,,,,,,2021-10-20 11:59:40,2021-05-11,17.02,135-915,서울특별시 강남구 역삼동 676 센터필드,N,,3220000-113-2021-00092,,3220000,"서울특별시 강남구 테헤란로 231, 센터필드 West동 지상6층 (역삼동)",06142,01,영업/정상,유통전문판매업,02-501-9396,,,
,자가,주식회사 라이트커머스,유통전문판매업,,202811.890531888,444103.760183634,2026-05-03 22:50:33,I,01,영업,3.3,,,,,,,,,2021-05-11 15:39:45,2021-05-11,3.30,135-933,서울특별시 강남구 역삼동 823-22 성곡빌딩,N,,3220000-113-2021-00093,,3220000,"서울특별시 강남구 테헤란로 128, 성곡빌딩 2층 213호 (역삼동)",06234,01,영업/정상,유통전문판매업,070-8872-9717,,,
,자가,(주)에이비코리안메드,유통전문판매업,,209110.791493694,442771.616373056,2026-05-03 22:50:33,I,01,영업,10,,,,,,,,,2021-05-11 16:31:25,2021-05-11,10.00,135-885,서울특별시 강남구 수서동 726,N,,3220000-113-2021-00094,,3220000,"서울특별시 강남구 광평로56길 10, 4층 LS20호 (수서동)",06367,01,영업/정상,유통전문판매업,,,,
,임대,주식회사 인큐텐,유통전문판매업,,203805.402040058,444420.936778414,2026-05-03 22:50:33,I,01,영업,195.84,,,,,,,,,2025-05-20 15:07:41,2021-01-20,195.84,135-918,서울특별시 강남구 역삼동 706-15 성보빌딩Ⅱ,N,,3220000-113-2021-00096,,3220000,"서울특별시 강남구 언주로 432-6, 성보빌딩Ⅱ 10층 (역삼동)",06210,01,영업/정상,유통전문판매업,02-1577-8923,,,
,자가,올드페리도넛,유통전문판매업,,201882.009627647,446710.193277045,2026-05-03 22:50:33,I,01,영업,109,,,,,,,,,2024-08-28 12:42:31,2021-05-18,109.00,135-888,서울특별시 강남구 신사동 532-4,N,,3220000-113-2021-00097,,3220000,"서울특별시 강남구 압구정로10길 13, 2층 (신사동)",06028,01,영업/정상,유통전문판매업,070-4904-9082,,,
,자가,(주)루씨베이전씨,유통전문판매업,,205123.421917042,445835.821287264,2026-05-03 22:50:33,I,01,영업,120.07,,,,,,,,,2023-06-14 10:02:22,2021-05-20,120.07,135-871,서울특별시 강남구 삼성동 76-11,N,,3220000-113-2021-00099,,3220000,"서울특별시 강남구 영동대로115길 12, 2층 201호 (삼성동)",06087,01,영업/정상,유통전문판매업,070-4647-3180,,,
,자가,디제이 주식회사,유통전문판매업,,208937.760652081,442873.588039887,2026-05-03 22:50:33,I,01,영업,91.6,,,,,,,,,2021-05-21 10:48:31,2021-05-21,91.60,135-539,서울특별시 강남구 수서동 713 수서현대벤쳐빌,N,,3220000-113-2021-00100,,3220000,"서울특별시 강남구 밤고개로1길 10, 수서현대벤쳐빌 지상17층 1720호 (수서동)",06349,01,영업/정상,유통전문판매업,,,,
,자가,주식회사 반트로미,유통전문판매업,,202502.111899175,446464.940373234,2026-05-03 22:50:33,I,01,영업,10,,,,,,,,,2021-05-21 14:41:27,2021-05-21,10.00,135-747,서울특별시 강남구 신사동 587-23 성도빌딩,N,,3220000-113-2021-00101,,3220000,"서울특별시 강남구 도산대로 207, 성도빌딩 지하2층 (신사동)",06026,01,영업/정상,유통전문판매업,,,,
,자가,주식회사 셀틴,유통전문판매업,,205271.275273064,445852.638814088,2026-05-03 22:50:33,I,01,영업,1.65,,,,,,,,,2021-05-21 15:07:30,2021-05-21,1.65,135-873,서울특별시 강남구 삼성동 107 삼성동 미켈란 107,N,,3220000-113-2021-00102,,3220000,"서울특별시 강남구 영동대로 602, 지상6층 지154호 (삼성동, 삼성동 미켈란 107)",06083,01,영업/정상,유통전문판매업,,,,
,자가,(주)제원인터내쇼날,유통전문판매업,,202081.555212565,445491.328168987,2026-05-03 22:50:33,I,01,영업,664.8,,,,,,,,,2021-05-21 16:31:42,2021-05-21,664.80,135-822,서울특별시 강남구 논현동 124 한국가구,N,,3220000-113-2021-00103,,3220000,"서울특별시 강남구 학동로 120, 한국가구 지하1층 (논현동)",06111,01,영업/정상,유통전문판매업,02-998-9672,,,
,자가,(주)이태,유통전문판매업,,202749.656063038,446027.638252515,2026-05-03 22:50:33,I,01,영업,135.59,,,,,,,,,2021-05-24 10:56:38,2021-05-24,135.59,135-995,서울특별시 강남구 논현동 78-10,N,,3220000-113-2021-00104,,3220000,"서울특별시 강남구 논현로136길 23, 지상1층 (논현동)",06051,01,영업/정상,유통전문판매업,02-318-7707,,,
,자가,카레섬 소바다,유통전문판매업,,203108.361768367,445369.429120975,2026-05-03 22:50:40,I,01,영업,3,,,,,,,,,2024-06-20 14:01:16,2022-09-21,3.00,135-829,서울특별시 강남구 논현동 225-6 논현 아이파크,N,,3220000-113-2022-00170,,3220000,"서울특별시 강남구 언주로 615, 논현 아이파크 103동 지하1층 B132호 (논현동)",06107,01,영업/정상,유통전문판매업,,,,
,자가,위시컴퍼니(주),유통전문판매업,,202108.308146668,446481.192479352,2026-05-03 22:50:40,I,01,영업,85.03,,,,,,,,,2022-09-22 16:02:54,2022-09-22,85.03,135-890,서울특별시 강남구 신사동 555-12,N,,3220000-113-2022-00171,,3220000,"서울특별시 강남구 논현로153길 44, 지상1층 (신사동)",06033,01,영업/정상,유통전문판매업,,,,
,자가,(주)온리니,유통전문판매업,,203576.452546233,445943.12512672,2026-05-03 22:50:40,I,01,영업,161.28,,,,,,,,,2026-01-13 14:07:00,2022-10-06,161.28,135-830,서울특별시 강남구 논현동 242-24,N,,3220000-113-2022-00177,,3220000,"서울특별시 강남구 선릉로127길 6, 지상2층 (논현동)",06099,01,영업/정상,유통전문판매업,070-801-9474,,,
,자가,(주)가치비지니스그룹,유통전문판매업,,204177.838361905,446821.69032636,2026-05-03 22:50:40,I,01,영업,70,,,,,,,,,2022-10-14 13:27:53,2022-10-14,70.00,135-952,서울특별시 강남구 청담동 48-7,N,,3220000-113-2022-00179,,3220000,"서울특별시 강남구 삼성로 772, 603호 (청담동)",06070,01,영업/정상,유통전문판매업,1533-3815,,,
,자가,주식회사 브레디365,유통전문판매업,,203539.676607641,443898.899570257,2026-05-03 22:50:40,I,01,영업,3.8,,,,,,,,,2022-10-14 13:51:46,2022-10-14,3.80,135-514,서울특별시 강남구 역삼동 733-11,N,,3220000-113-2022-00180,,3220000,"서울특별시 강남구 논현로76길 24, 6층 657호 (역삼동)",06224,01,영업/정상,유통전문판매업,,,,
,자가,별양집,유통전문판매업,,203793.102687803,444692.68056368,2026-05-03 22:50:40,I,01,영업,45.5,0,0,0,,,,0,,2022-10-17 15:52:09,2022-10-17,45.50,135-513,서울특별시 강남구 역삼동 700-33,N,,3220000-113-2022-00182,,3220000,"서울특별시 강남구 테헤란로43길 17, 지상1층 (역삼동)",06147,01,영업/정상,유통전문판매업,,,,
,임대,주식회사 닥터장솔루션,유통전문판매업,,209088.967130828,441319.173130387,2026-05-03 22:50:40,I,01,영업,58.7,,,,,,,,,2022-10-20 11:18:02,2022-10-20,58.70,135-200,서울특별시 강남구 자곡동 653,N,,3220000-113-2022-00183,,3220000,"서울특별시 강남구 자곡로 186, 지상2층 204호 (자곡동)",06373,01,영업/정상,유통전문판매업,,,,
,자가,주식회사 닥터닷,유통전문판매업,,204767.377525939,441349.074287866,2026-05-03 22:50:40,I,01,영업,3.3,,,,,,,,,2022-10-21 13:51:15,2022-10-21,3.30,135-960,서울특별시 강남구 개포동 1164-24,N,,3220000-113-2022-00185,,3220000,"서울특별시 강남구 논현로2길 60, 지상2층 2023호 (개포동)",06313,01,영업/정상,유통전문판매업,,,,
,자가,얼티밋포텐셜,유통전문판매업,,204105.787998651,444937.438374587,2026-05-03 22:50:40,I,01,영업,4,,,,,,,,,2025-02-13 11:31:12,2022-10-24,4.00,135-917,서울특별시 강남구 역삼동 696-28,N,,3220000-113-2022-00187,,3220000,"서울특별시 강남구 선릉로 529, 2층 2294호 (역삼동)",06149,01,영업/정상,유통전문판매업,,,,
,자가,시모나티엠,유통전문판매업,,204433.34140241,444884.617513,2026-05-03 22:50:40,I,01,영업,33,,,,,,,,,2022-10-26 10:12:01,2022-10-26,33.00,135-876,서울특별시 강남구 삼성동 142-3 LG 선릉에클라트 B,N,,3220000-113-2022-00188,,3220000,"서울특별시 강남구 테헤란로63길 12, 8층 838호 (삼성동, LG 선릉에클라트 B)",06160,01,영업/정상,유통전문판매업,,,,
,자가,주식회사 몽페쉬,유통전문판매업,,202088.929364071,446256.378495372,2026-05-03 22:50:40,I,01,영업,8,,,,,,,,,2022-10-26 16:16:54,2022-10-26,8.00,135-889,서울특별시 강남구 신사동 539-11 인우빌딩,N,,3220000-113-2022-00190,,3220000,"서울특별시 강남구 도산대로 145, 인우빌딩 12층 1211호 (신사동)",06036,01,영업/정상,유통전문판매업,070-8094-0594,,,
,자가,포스톤즈커피로스터스,유통전문판매업,,205589.056548442,445294.29816001,2026-05-03 22:50:40,I,01,영업,6.6,,,,,,,,,2022-10-31 11:55:21,2022-10-31,6.60,135-882,서울특별시 강남구 삼성동 168-27,N,,3220000-113-2022-00191,,3220000,"서울특별시 강남구 테헤란로103길 5, 지상1층 (삼성동)",06173,01,영업/정상,유통전문판매업,02-568-7778,,,
,자가,대익인터내셔날코리아 주식회사,유통전문판매업,,205198.14976699,442423.163372735,2026-05-03 22:50:40,I,01,영업,132.98,,,,,,,,,2023-12-20 15:21:03,2022-11-04,132.98,135-800,서울특별시 강남구 개포동 172-1,N,,3220000-113-2022-00193,,3220000,"서울특별시 강남구 선릉로18길 4, 지상3층 (개포동)",06325,01,영업/정상,유통전문판매업,02-734-7542,,,
,자가,(주)친에이치알,유통전문판매업,,204180.655,441574.62,2026-05-03 22:50:40,I,01,영업,17,,,,,,,,,2022-11-04 16:57:32,2022-11-04,17.00,135-963,서울특별시 강남구 개포동 1222-10,N,,3220000-113-2022-00194,,3220000,"서울특별시 강남구 논현로16길 14-5, 지상2층 202호 (개포동)",06312,01,영업/정상,유통전문판매업,,,,
,자가,(주)에스엔엘트레이더스,유통전문판매업,,202619.098126049,443688.691713202,2026-05-03 22:50:40,I,01,영업,20,,,,,,,,,2022-11-11 12:17:48,2022-11-11,20.00,135-935,서울특별시 강남구 역삼동 826-37 쌍용플래티넘밸류,N,,3220000-113-2022-00197,,3220000,"서울특별시 강남구 테헤란로4길 46, 104동 3층 303호 (역삼동, 쌍용플래티넘밸류)",06241,01,영업/정상,유통전문판매업,,,,
,자가,도스트,유통전문판매업,,203901.878812978,446783.967552696,2026-05-03 22:50:43,I,01,영업,17.58,,,,,,,,,2022-11-18 11:38:06,2022-11-18,17.58,135-948,서울특별시 강남구 청담동 5-29,N,,3220000-113-2022-00198,,3220000,"서울특별시 강남구 삼성로149길 32, 지상3층 301호 (청담동)",06062,01,영업/정상,유통전문판매업,070-4440-2672,,,
,자가,주식회사 헤이그린스,유통전문판매업,,202983.911878234,444109.138798396,2026-05-03 22:50:43,I,01,영업,29.6,0,0,0,,,,0,,2022-11-25 14:30:20,2022-11-25,29.60,135-924,서울특별시 강남구 역삼동 736-17 동궁빌딩,N,,3220000-113-2022-00202,,3220000,"서울특별시 강남구 테헤란로20길 9, 동궁빌딩 7층 (역삼동)",06236,01,영업/정상,유통전문판매업,070-4369-8426,,,
,자가,주식회사 루디엠그룹,유통전문판매업,,205271.275273064,445852.638814088,2026-05-03 22:50:43,I,01,영업,1.65,,,,,,,,,2022-11-28 15:11:46,2022-11-28,1.65,135-873,서울특별시 강남구 삼성동 107 삼성동 미켈란 107,N,,3220000-113-2022-00204,,3220000,"서울특별시 강남구 영동대로 602, 6층 D91호 (삼성동, 삼성동 미켈란 107)",06083,01,영업/정상,유통전문판매업,,,,
,임대,모던케이,유통전문판매업,,203924.230719984,442241.8628479,2026-05-03 22:50:45,I,01,영업,3.3,,,,,,,,,2024-01-23 14:56:05,2024-01-23,3.30,135-855,서울특별시 강남구 도곡동 452-7 나무빌딩,N,,3220000-113-2024-00014,,3220000,"서울특별시 강남구 논현로24길 29, 지상2층 (도곡동)",06302,01,영업/정상,유통전문판매업,02-6081-9898,,,
,자가,주식회사 청담황제홀딩스,유통전문판매업,,203588.048190661,446183.368328818,2026-05-03 22:50:45,I,01,영업,4.95,0,0,0,,,,0,,2024-01-24 11:39:17,2024-01-24,4.95,135-764,서울특별시 강남구 청담동 41 청담빌딩,N,,3220000-113-2024-00015,,3220000,"서울특별시 강남구 선릉로 704, 청담빌딩 12층 1237-4호 (청담동)",06069,01,영업/정상,유통전문판매업,02-2138-2294,,,
,자가,주식회사 지온메디텍,유통전문판매업,,201733.702293954,445858.012764071,2026-05-03 22:50:45,I,01,영업,165,,,,,,,,,2024-01-31 15:54:42,2024-01-31,165.00,135-811,서울특별시 강남구 논현동 17-5 극동빌딩,N,,3220000-113-2024-00016,,3220000,"서울특별시 강남구 강남대로 596, 극동빌딩 지하1층 101호 (논현동)",06038,01,영업/정상,유통전문판매업,031-8002-0079,,,
,임대,(주)마음제곱,유통전문판매업,,203108.361768367,445369.429120975,2026-05-03 22:50:45,I,01,영업,30.67,,,,,,,,,2024-02-01 09:54:47,2024-02-01,30.67,135-829,서울특별시 강남구 논현동 225-6 논현 아이파크,N,,3220000-113-2024-00017,,3220000,"서울특별시 강남구 언주로 615, 논현 아이파크 제103동 제지1층 제비125호 (논현동)",06107,01,영업/정상,유통전문판매업,02-6013-1277,,,
,자가,주식회사 발효바이오,유통전문판매업,,203107.097549429,444342.472620857,2026-05-03 22:50:45,I,01,영업,3.45,,,,,,,,,2024-02-01 16:01:10,2024-02-01,3.45,135-910,서울특별시 강남구 역삼동 642-3 석암빌딩,N,,3220000-113-2024-00018,,3220000,"서울특별시 강남구 테헤란로25길 6-9, 석암빌딩 지상5층 583호 (역삼동)",06132,01,영업/정상,유통전문판매업,,,,
,자가,주식회사 뿌리아이엔씨(BBURI inc),유통전문판매업,,208937.760652081,442873.588039887,2026-05-03 22:50:45,I,01,영업,151.83,,,,,,,,,2025-08-13 11:26:28,2024-02-05,151.83,135-539,서울특별시 강남구 수서동 713 수서현대벤쳐빌,N,,3220000-113-2024-00021,,3220000,"서울특별시 강남구 밤고개로1길 10, 수서현대벤쳐빌 421호 (수서동)",06349,01,영업/정상,유통전문판매업,02-1661-3321,,,
,자가,주식회사 아셀바이오,유통전문판매업,,203253.726246178,443777.360830763,2026-05-03 22:50:45,I,01,영업,3,,,,,,,,,2024-02-08 11:26:49,2024-02-08,3.00,135-925,서울특별시 강남구 역삼동 747-9 역삼동 수양빌딩,N,,3220000-113-2024-00023,,3220000,"서울특별시 강남구 논현로75길 15, 역삼동 수양빌딩 5층 501호 (역삼동)",06247,01,영업/정상,유통전문판매업,,,,
,임대,주식회사 씨테라수면연구소,유통전문판매업,,203715.725244115,442543.967923504,2026-05-03 22:50:45,I,01,영업,6.6,,,,,,,,,2024-05-23 15:46:53,2024-02-13,6.60,135-854,서울특별시 강남구 도곡동 412-3,N,,3220000-113-2024-00024,,3220000,"서울특별시 강남구 논현로38길 14, 지상2층 (도곡동)",06296,01,영업/정상,유통전문판매업,,,,
,임대,주식회사 애드쿠아인터렉티브,유통전문판매업,2026-02-24,203027.099967197,445685.273683512,2026-05-03 22:50:45,I,02,폐업,328.41,,,,,,,,,2026-02-24 15:34:41,2024-02-15,328.41,135-996,서울특별시 강남구 논현동 211-14 싸이칸타워,N,,3220000-113-2024-00026,,3220000,"서울특별시 강남구 언주로 637, 싸이칸타워 지상2층 (논현동)",06105,03,폐업,유통전문판매업,,,,
,임대,틴지오브소울 유한회사,유통전문판매업,2026-04-28,205996.639125311,442966.118102956,2026-05-03 22:50:45,I,02,폐업,6.6,,,,,,,,,2026-04-28 13:23:07,2024-02-16,6.60,135-994,서울특별시 강남구 개포동 186-7,N,,3220000-113-2024-00027,,3220000,"서울특별시 강남구 개포로82길 13-17, 지상4층 402-1호 (개포동)",06329,03,폐업,유통전문판매업,,,,
,자가,몽퓨어,유통전문판매업,,202724.214297488,445894.305854116,2026-05-03 22:50:45,I,01,영업,2,,,,,,,,,2024-02-20 14:51:24,2024-02-20,2.00,135-818,서울특별시 강남구 논현동 86-5,N,,3220000-113-2024-00028,,3220000,"서울특별시 강남구 논현로132길 13, 4층 4741호 (논현동)",06052,01,영업/정상,유통전문판매업,070-8098-7831,,,
,자가,주식회사 보딩패스,유통전문판매업,,203175.63878024,445233.806285677,2026-05-03 22:50:45,I,01,영업,7.13,,,,,,,,,2024-02-21 15:41:42,2024-02-21,7.13,135-831,서울특별시 강남구 논현동 237 논현 237,N,,3220000-113-2024-00029,,3220000,"서울특별시 강남구 언주로113길 7, 논현 237 3층 372호 (논현동)",06109,01,영업/정상,유통전문판매업,,,,
,자가,패션지오(주),유통전문판매업,,204411.542196545,445622.401993235,2026-05-03 22:50:45,I,01,영업,116.38,0,0,0,,,,0,,2025-11-26 17:25:45,2024-02-26,116.38,135-868,서울특별시 강남구 삼성동 49-7,N,,3220000-113-2024-00030,,3220000,"서울특별시 강남구 봉은사로73길 5, 비젼빌딩 5층 (삼성동)",06096,01,영업/정상,유통전문판매업,,,,
,자가,(주)프롬헤라스,유통전문판매업,,203122.401498689,447099.030940329,2026-05-03 22:50:45,I,01,영업,105.46,,,,,,,,,2024-02-27 14:59:12,2024-02-27,105.46,135-896,서울특별시 강남구 신사동 642-23,N,,3220000-113-2024-00031,,3220000,"서울특별시 강남구 언주로168길 29, 지하1층 (신사동)",06017,01,영업/정상,유통전문판매업,,,,
,자가,(주)닥터피부광컴퍼니,유통전문판매업,,203143.583584843,446642.96217824,2026-05-03 22:50:45,I,01,영업,16.5,,,,,,,,,2024-10-07 14:27:27,2024-02-27,16.50,135-819,서울특별시 강남구 논현동 92 SB타워,N,,3220000-113-2024-00032,,3220000,"서울특별시 강남구 도산대로 318, SB타워 14층 3-1호 (논현동)",06054,01,영업/정상,유통전문판매업,02-566-0111,,,
,자가,주식회사 이엔푸드 서울지점,유통전문판매업,,201830.491067264,445497.959632683,2026-05-03 22:50:45,I,01,영업,8.55,0,0,0,,,,0,,2025-08-04 10:40:03,2024-02-28,8.55,135-814,서울특별시 강남구 논현동 50-1 이투데이빌딩,N,,3220000-113-2024-00033,,3220000,"서울특별시 강남구 강남대로 556, 이투데이빌딩 지하1층 (논현동)",06044,01,영업/정상,유통전문판매업,,,,
,자가,주식회사 컬쳐앤커머스,유통전문판매업,,201808.685856377,446763.450177069,2026-05-03 22:50:45,I,01,영업,110.9,0,0,0,,,,0,,2024-02-29 11:11:00,2024-02-29,110.90,135-888,서울특별시 강남구 신사동 529-8,N,,3220000-113-2024-00034,,3220000,"서울특별시 강남구 압구정로8길 3, 지상3층 (신사동)",06028,01,영업/정상,유통전문판매업,,,,
,자가,주식회사 에이티움,유통전문판매업,,203329.026493114,443868.344315643,2026-05-03 22:50:28,I,01,영업,41.61,,,,,,,,,2025-12-17 14:46:49,2019-07-23,41.61,135-925,서울특별시 강남구 역삼동 746-11 브릭스타워,N,,3220000-113-2019-00255,,3220000,"서울특별시 강남구 논현로 413, 브릭스타워 3층 (역삼동)",06247,01,영업/정상,유통전문판매업,02-593-3625,,,
,자가,원바이오,유통전문판매업,,204219.614507961,444552.051932054,2026-05-03 22:50:28,I,01,영업,6,,,,,,,,,2020-01-02 15:49:45,2020-01-02,6.00,135-919,서울특별시 강남구 역삼동 708-30 송경빌딩,N,,3220000-113-2020-00001,,3220000,"서울특별시 강남구 선릉로87길 12, 송경빌딩 3층 304호 (역삼동)",06212,01,영업/정상,유통전문판매업,,,,
,자가,(주)상우인터내셔날,유통전문판매업,,209144.783150288,442922.611326787,2026-05-03 22:50:28,I,01,영업,0,,,,,,,,,2020-01-09 14:10:28,2020-01-09,42.13,135-560,서울특별시 강남구 수서동 716 사이룩스오피스텔,N,,3220000-113-2020-00002,,3220000,"서울특별시 강남구 광평로 295, 사이룩스오피스텔 동관 1310호 (수서동)",06349,01,영업/정상,유통전문판매업,02-2149-0660,,,
,자가,주식회사 피지컬랩,유통전문판매업,,203607.068430001,445315.578728921,2026-05-03 22:50:28,I,01,영업,0,,,,,,,,,2022-04-27 12:14:36,2020-01-10,4.00,135-529,서울특별시 강남구 논현동 277-20 아모제논현빌딩,N,,3220000-113-2020-00003,,3220000,"서울특별시 강남구 봉은사로 317, 아모제논현빌딩 2층 2072호 (논현동)",06103,01,영업/정상,유통전문판매업,,,,
,자가,한반도 유통,유통전문판매업,,204212.680492499,444569.938067579,2026-05-03 22:50:28,I,01,영업,12,,,,,,,,,2020-01-14 10:29:36,2020-01-14,12.00,135-919,서울특별시 강남구 역삼동 708-23,N,,3220000-113-2020-00004,,3220000,"서울특별시 강남구 선릉로89길 11, 지상5층 (역삼동)",06212,01,영업/정상,유통전문판매업,,,,
,자가,자민경(주),유통전문판매업,,205432.354405544,444500.810197541,2026-05-03 22:50:28,I,01,영업,147.01,,,,,,,,,2020-01-14 17:11:54,2020-01-14,147.01,135-842,서울특별시 강남구 대치동 979,N,,3220000-113-2020-00006,,3220000,"서울특별시 강남구 삼성로72길 33-6, 지하1층 (대치동)",06187,01,영업/정상,유통전문판매업,02-577-4956,,,
,자가,주식회사 에스티제이,유통전문판매업,,201864.621365862,446056.767714455,2026-05-03 22:50:28,I,01,영업,0,,,,,,,,,2023-01-18 10:18:43,2020-01-15,98.35,135-811,서울특별시 강남구 논현동 3-2 청호빌딩,N,,3220000-113-2020-00008,,3220000,"서울특별시 강남구 도산대로 120, 청호빌딩 11층 일부 (논현동)",06038,01,영업/정상,유통전문판매업,070-7709-5597,,,
,자가,(주)어태치,유통전문판매업,,204615.364777705,444884.394551474,2026-05-03 22:50:28,I,01,영업,0,,,,,,,,,2024-06-05 16:03:10,2020-01-16,10.00,135-877,서울특별시 강남구 삼성동 143-37 현대타워,N,,3220000-113-2020-00010,,3220000,"서울특별시 강남구 테헤란로 423, 2층 2433호 (삼성동, 현대타워)",06159,01,영업/정상,유통전문판매업,,,,
,자가,(주)썬로이,유통전문판매업,,205621.388149762,444802.610808409,2026-05-03 22:50:28,I,01,영업,195.26,,,,,,,,,2020-01-22 15:18:43,2020-01-22,195.26,135-847,서울특별시 강남구 대치동 949-8 세원빌딩,N,,3220000-113-2020-00013,,3220000,"서울특별시 강남구 영동대로 405, 지상5층 (대치동)",06182,01,영업/정상,유통전문판매업,02-6203-8090,,,
,자가,(주)샐러디,유통전문판매업,,202801.293856321,443952.335566124,2026-05-03 22:50:28,I,01,영업,0,,,,,,,,,2025-08-21 10:17:07,2020-01-28,533.76,135-933,서울특별시 강남구 역삼동 823-16,N,,3220000-113-2020-00014,,3220000,"서울특별시 강남구 논현로85길 70, 13층 (역삼동)",06234,01,영업/정상,유통전문판매업,02-554-9905,,,
,자가,(주)글로메딕,유통전문판매업,,202755.782972982,446574.883086142,2026-05-03 22:50:28,I,01,영업,37,,,,,,,,,2020-02-24 14:36:35,2020-01-28,37.00,135-895,서울특별시 강남구 신사동 629-34 Genesis 빌딩,N,,3220000-113-2020-00016,,3220000,"서울특별시 강남구 도산대로 229, Genesis 빌딩 6층 (신사동)",,01,영업/정상,유통전문판매업,070-8672-0794,,,
,자가,해피니티 주식회사,유통전문판매업,,205084.953778088,444675.719942399,2026-05-03 22:50:28,I,01,영업,108.54,,,,,,,,,2020-01-29 17:02:17,2020-01-29,108.54,135-847,서울특별시 강남구 대치동 959-4 은혜빌딩,N,,3220000-113-2020-00017,,3220000,"서울특별시 강남구 삼성로 416, 은혜빌딩 지상4층 (대치동)",06185,01,영업/정상,유통전문판매업,,,,
,자가,(주)트루팜,유통전문판매업,,204782.264298585,444809.911034236,2026-05-03 22:50:28,I,01,영업,100,,,,,,,,,2020-09-17 17:30:12,2020-01-31,100.00,135-840,서울특별시 강남구 대치동 891-40,N,,3220000-113-2020-00018,,3220000,"서울특별시 강남구 선릉로90길 70, 2층 (대치동)",06194,01,영업/정상,유통전문판매업,,,,
,자가,(주)가온앤,유통전문판매업,,202300.014795583,446769.645329232,2026-05-03 22:50:28,I,01,영업,152,0,0,0,,,,0,,2022-05-04 15:09:42,2020-01-31,152.00,135-891,서울특별시 강남구 신사동 567-27,N,,3220000-113-2020-00019,,3220000,"서울특별시 강남구 논현로159길 16, 지상4층 (신사동)",06031,01,영업/정상,유통전문판매업,02-363-5123,,,
,자가,주식회사 퓨전,유통전문판매업,,203008.14654417,446054.411349529,2026-05-03 22:50:28,I,01,영업,289.5,,,,,,,,,2020-02-04 11:35:48,2020-02-04,289.50,135-734,서울특별시 강남구 논현동 84 송암빌딩,N,,3220000-113-2020-00021,,3220000,"서울특별시 강남구 언주로 709, 송암빌딩 지상13층 (논현동)",06053,01,영업/정상,유통전문판매업,02-547-7688,,,
,자가,성해 주식회사,유통전문판매업,,203607.068430001,445315.578728921,2026-05-03 22:50:28,I,01,영업,4,,,,,,,,,2020-02-05 12:08:11,2020-02-05,4.00,135-529,서울특별시 강남구 논현동 277-20 아모제논현빌딩,N,,3220000-113-2020-00022,,3220000,"서울특별시 강남구 봉은사로 317, 아모제논현빌딩 지상3층 3082호 (논현동)",06103,01,영업/정상,유통전문판매업,,,,
,자가,주식회사 하랑애,유통전문판매업,,203340.626274416,444634.234213187,2026-05-03 22:50:28,I,01,영업,0,,,,,,,,,2020-02-05 16:02:24,2020-02-05,105.17,135-915,서울특별시 강남구 역삼동 671-11 태양빌딩,N,,3220000-113-2020-00023,,3220000,"서울특별시 강남구 테헤란로33길 33, 태양빌딩 3층 (역삼동)",06140,01,영업/정상,유통전문판매업,02-558-3399,,,
,자가,씨앤제이 인터내셔널 컴퍼니,유통전문판매업,,203588.048190661,446183.368328818,2026-05-03 22:50:28,I,01,영업,9.9,,,,,,,,,2020-02-06 11:48:24,2020-02-06,9.90,135-764,서울특별시 강남구 청담동 41 청담빌딩,N,,3220000-113-2020-00025,,3220000,"서울특별시 강남구 선릉로 704, 청담빌딩 지상12층 1268-3호 (청담동)",06069,01,영업/정상,유통전문판매업,,,,
,자가,아린,유통전문판매업,,202374.317790828,446731.457768407,2026-05-03 22:50:34,I,01,영업,6.93,,,,,,,,,2021-05-25 14:28:26,2021-05-25,6.93,135-892,서울특별시 강남구 신사동 585 재경빌딩,N,,3220000-113-2021-00105,,3220000,"서울특별시 강남구 논현로 833, 재경빌딩 지상4층 402호 (신사동)",06032,01,영업/정상,유통전문판매업,,,,
,자가,씨케이코퍼레이션즈(주),유통전문판매업,,201916.927207859,445502.846440244,2026-05-03 22:50:34,I,01,영업,376.77,,,,,,,,,2025-03-19 15:11:13,2021-05-25,376.77,135-814,서울특별시 강남구 논현동 51-6 더 퍼스트 빌딩,N,,3220000-113-2021-00106,,3220000,"서울특별시 강남구 학동로 107, 더 퍼스트 빌딩 지상5층 (논현동)",06044,01,영업/정상,유통전문판매업,,,,
,자가,이십사절기,유통전문판매업,,202124.262977683,446374.647464072,2026-05-03 22:50:34,I,01,영업,1,,,,,,,,,2023-05-17 16:33:22,2021-05-27,1.00,135-890,서울특별시 강남구 신사동 561,N,,3220000-113-2021-00108,,3220000,"서울특별시 강남구 논현로151길 41, 3층 3912호 (신사동)",06037,01,영업/정상,유통전문판매업,,,,
,자가,주식회사 에브리바디,유통전문판매업,,205079.418138107,444869.834721154,2026-05-03 22:50:34,I,01,영업,3.3,,,,,,,,,2021-05-28 14:58:12,2021-05-28,3.30,135-845,서울특별시 강남구 대치동 942-15,N,,3220000-113-2021-00111,,3220000,"서울특별시 강남구 테헤란로82길 15, 지상6층 68호 (대치동)",06178,01,영업/정상,유통전문판매업,,,,
,자가,우리이앤엘하루틴(주),유통전문판매업,,203628.379145993,444413.806440695,2026-05-03 22:50:34,I,01,영업,286.52,,,,,,,,,2026-04-28 10:38:36,2021-05-31,286.52,135-920,서울특별시 강남구 역삼동 720-2 삼익 라비돌 빌딩,N,,3220000-113-2021-00112,,3220000,"서울특별시 강남구 테헤란로 234, 삼익 라비돌 빌딩 지상8층 (역삼동)",06221,01,영업/정상,유통전문판매업,02-561-5813,,,
,자가,주)한국산삼공사,유통전문판매업,,202758.987323143,445201.326827139,2026-05-03 22:50:34,I,01,영업,130.05,,,,,,,,,2023-03-16 16:01:25,2021-05-31,130.05,135-826,서울특별시 강남구 논현동 176-24,N,,3220000-113-2021-00113,,3220000,"서울특별시 강남구 논현로115길 10, 2층 (논현동)",06117,01,영업/정상,유통전문판매업,02-543-3337,,,
,자가,후후물산,유통전문판매업,,203292.307005445,446247.511537864,2026-05-03 22:50:34,I,01,영업,5.31,,,,,,,,,2021-05-31 15:03:31,2021-05-31,5.31,135-820,서울특별시 강남구 논현동 108 논현웰스톤,N,,3220000-113-2021-00114,,3220000,"서울특별시 강남구 학동로43길 38, 지하1층 B147호 (논현동, 논현웰스톤)",06059,01,영업/정상,유통전문판매업,,,,
,자가,주식회사 라르크인터내셔널,유통전문판매업,,202177.875794229,446647.63598541,2026-05-03 22:50:35,I,01,영업,117,,,,,,,,,2026-01-06 15:57:17,2021-06-02,117.00,135-890,서울특별시 강남구 신사동 553-22 브릴리언트빌딩,N,,3220000-113-2021-00116,,3220000,"서울특별시 강남구 논현로157길 32, 브릴리언트빌딩 3층 (신사동)",06033,01,영업/정상,유통전문판매업,070-7733-5799,,,
,자가,조우,유통전문판매업,,202378.390574465,446705.197148871,2026-05-03 22:50:35,I,01,영업,6.75,,,,,,,,,2021-06-03 16:05:36,2021-06-03,6.75,135-892,서울특별시 강남구 신사동 585-1 네오스,N,,3220000-113-2021-00119,,3220000,"서울특별시 강남구 논현로 831, 네오스 지상1층 102호 (신사동)",06032,01,영업/정상,유통전문판매업,02-547-5800,,,
,자가,주식회사 아디씨,유통전문판매업,,204167.751250659,441658.845609759,2026-05-03 22:50:35,I,01,영업,42.97,,,,,,,,,2021-09-07 14:12:31,2021-06-04,42.97,135-964,서울특별시 강남구 개포동 1230-4,N,,3220000-113-2021-00120,,3220000,"서울특별시 강남구 개포로20길 24-3, 지상2층 201호 (개포동)",06307,01,영업/정상,유통전문판매업,,,,
,자가,주식회사 할랄식품,유통전문판매업,,204334.538528879,446977.379397024,2026-05-03 22:50:35,I,01,영업,33.3,,,,,,,,,2021-06-04 10:39:56,2021-06-04,33.30,135-957,서울특별시 강남구 청담동 124-11,N,,3220000-113-2021-00121,,3220000,"서울특별시 강남구 압구정로79길 32, 지하1층 B04-2호 (청담동)",06012,01,영업/정상,유통전문판매업,,,,
,자가,주식회사 닥터봄,유통전문판매업,,203486.566625906,446015.211271969,2026-05-03 22:50:35,I,01,영업,132.29,,,,,,,,,2022-01-14 17:21:49,2021-06-10,132.29,135-830,서울특별시 강남구 논현동 241-14 보광빌딩,N,,3220000-113-2021-00128,,3220000,"서울특별시 강남구 선릉로129길 16, 보광빌딩 지상8층 (논현동)",06099,01,영업/정상,유통전문판매업,,,,
,자가,주식회사 파워풀엑스,유통전문판매업,,202750.998310841,445165.896444114,2026-05-03 22:50:35,I,01,영업,164.97,,,,,,,,,2021-06-10 16:02:17,2021-06-10,164.97,135-826,서울특별시 강남구 논현동 190-5,N,,3220000-113-2021-00130,,3220000,"서울특별시 강남구 논현로115길 13, 지상1층 (논현동)",06122,01,영업/정상,유통전문판매업,,,,
,자가,아임베이커리,유통전문판매업,,204078.135,446319.38,2026-05-03 22:50:35,I,01,영업,125.82,,,,,,,,,2021-06-11 17:39:25,2021-06-11,125.82,135-950,서울특별시 강남구 청담동 34-6,N,,3220000-113-2021-00131,,3220000,"서울특별시 강남구 선릉로132길 69, 지상2층 (청담동)",06068,01,영업/정상,유통전문판매업,02-545-7801,,,
,자가,(주)어스앤케이,유통전문판매업,,204491.132109017,447189.860251293,2026-05-03 22:50:35,I,01,영업,99,,,,,,,,,2021-06-14 12:06:36,2021-06-14,99.00,135-955,서울특별시 강남구 청담동 109-6,N,,3220000-113-2021-00132,,3220000,"서울특별시 강남구 도산대로99길 28-16, 지상2층 (청담동)",06012,01,영업/정상,유통전문판매업,02-517-3444,,,
,자가,제주메이드,유통전문판매업,,202573.370704171,446633.675982691,2026-05-03 22:50:35,I,01,영업,33,,,,,,,,,2021-06-17 10:14:38,2021-06-17,33.00,135-893,서울특별시 강남구 신사동 589 제이에스 빌딩,N,,3220000-113-2021-00135,,3220000,"서울특별시 강남구 도산대로33길 20, 제이에스 빌딩 지상2층 204호 (신사동)",06025,01,영업/정상,유통전문판매업,,,,
,자가,(주)란체스터그룹,유통전문판매업,,204556.847570459,444724.987313686,2026-05-03 22:50:35,I,01,영업,175,,,,,,,,,2023-03-07 15:44:33,2021-06-17,175.00,135-839,서울특별시 강남구 대치동 890-32 현민타워,N,,3220000-113-2021-00138,,3220000,"서울특별시 강남구 선릉로90길 38, 현민타워 지상7층 (대치동)",06193,01,영업/정상,유통전문판매업,,,,
,자가,브이케이코퍼레이션(주),유통전문판매업,,203588.048190661,446183.368328818,2026-05-03 22:50:43,I,01,영업,4.95,,,,,,,,,2023-07-31 17:14:36,2022-11-28,4.95,135-764,서울특별시 강남구 청담동 41 청담빌딩,N,,3220000-113-2022-00205,,3220000,"서울특별시 강남구 선릉로 704, 청담빌딩 10층 293호 (청담동)",06069,01,영업/정상,유통전문판매업,02-516-9558,,,
,,주식회사 헥토헬스케어,유통전문판매업,,203530.602564335,444462.193486504,2026-05-03 22:50:43,I,01,영업,829.21,,,,,,,,,2025-12-03 11:09:28,2022-12-06,829.21,135-915,서울특별시 강남구 역삼동 677-25 큰길타워빌딩,N,,3220000-113-2022-00209,,3220000,"서울특별시 강남구 테헤란로 223, 큰길타워빌딩 5층 (역삼동)",06142,01,영업/정상,유통전문판매업,02-6941-0649,,,
,자가,주식회사 오드아이콘,유통전문판매업,,205271.275273064,445852.638814088,2026-05-03 22:50:43,I,01,영업,1.65,,,,,,,,,2024-07-17 16:35:26,2022-12-13,1.65,135-873,서울특별시 강남구 삼성동 107 삼성동 미켈란 107,N,,3220000-113-2022-00210,,3220000,"서울특별시 강남구 영동대로 602, 6층 티119호 (삼성동, 삼성동 미켈란 107)",06083,01,영업/정상,유통전문판매업,02-2135-5590,,,
,자가,(주)크리에이티브굿즈,유통전문판매업,,203839.019267921,445432.158209834,2026-05-03 22:50:43,I,01,영업,116,,,,,,,,,2022-12-15 13:30:01,2022-12-15,116.00,135-867,서울특별시 강남구 삼성동 37-2 중건빌딩,N,,3220000-113-2022-00211,,3220000,"서울특별시 강남구 선릉로112길 6, 5층 (삼성동)",06097,01,영업/정상,유통전문판매업,02-907-0697,,,
,,에스알투 컴퍼니,유통전문판매업,,204135.813604993,441493.358286969,2026-05-03 22:50:43,I,01,영업,0,,,,,,,,,2022-12-16 16:35:56,2022-12-16,,135-963,서울특별시 강남구 개포동 1227-7 포이아트빌1차,N,,3220000-113-2022-00212,,3220000,"서울특별시 강남구 논현로16길 4-9, 202호 (개포동, 포이아트빌1차)",06312,01,영업/정상,유통전문판매업,,,,
,자가,2000에프엔비,유통전문판매업,,204639.090092973,444728.353701831,2026-05-03 22:50:43,I,01,영업,3.3,,,,,,,,,2022-12-21 14:02:53,2022-12-21,3.30,135-839,서울특별시 강남구 대치동 890-60 H 타워,N,,3220000-113-2022-00213,,3220000,"서울특별시 강남구 테헤란로70길 12, H 타워 4층 402호-B448호 (대치동)",06193,01,영업/정상,유통전문판매업,,,,
,자가,신스패밀리,유통전문판매업,,203240.918405434,444514.680105978,2026-05-03 22:50:43,I,01,영업,0,,,,,,,,,2025-07-30 11:56:05,2022-12-21,5.00,135-915,서울특별시 강남구 역삼동 669-21,N,,3220000-113-2022-00214,,3220000,"서울특별시 강남구 테헤란로27길 23, 지하1층 6호 (역삼동)",06140,01,영업/정상,유통전문판매업,1811-0154,,,
,자가,주식회사 비유니크,유통전문판매업,,203588.048190661,446183.368328818,2026-05-03 22:50:43,I,01,영업,4.95,,,,,,,,,2022-12-23 14:07:30,2022-12-23,4.95,135-764,서울특별시 강남구 청담동 41 청담빌딩,N,,3220000-113-2022-00215,,3220000,"서울특별시 강남구 선릉로 704, 청담빌딩 12층 1283-2호 (청담동)",06069,01,영업/정상,유통전문판매업,,,,
,자가,코서인터내셔널(리틀캘리커피),유통전문판매업,,202422.404397085,444877.223579374,2026-05-03 22:50:43,I,01,영업,4,,,,,,,,,2023-05-17 13:25:50,2022-12-27,4.00,135-545,서울특별시 강남구 논현동 203,N,,3220000-113-2022-00216,,3220000,"서울특별시 강남구 봉은사로 129-1, 지상7층 702-MS01호 (논현동)",06121,01,영업/정상,유통전문판매업,,,,
,자가,주식회사 시미코퍼레이션,유통전문판매업,,202842.37559352,444049.698783782,2026-05-03 22:50:43,I,01,영업,28.7,0,0,0,,,,0,,2024-05-27 14:26:21,2022-12-28,28.70,135-933,서울특별시 강남구 역삼동 823-26 강남역두산위브센티움,N,,3220000-113-2022-00217,,3220000,"서울특별시 강남구 테헤란로14길 8, 강남역두산위브센티움 13층 1326호 (역삼동)",06234,01,영업/정상,유통전문판매업,,,,
,,주식회사 케이웨이컴퍼니,유통전문판매업,,205503.696889541,445747.700544202,2026-05-03 22:50:43,I,01,영업,291.15,,,,,,,,,2023-01-04 14:42:40,2022-04-14,291.15,135-881,서울특별시 강남구 삼성동 161-15 중앙빌딩,N,,3220000-113-2022-00219,,3220000,"서울특별시 강남구 영동대로106길 23, 중앙빌딩 지상1층 (삼성동)",06170,01,영업/정상,유통전문판매업,,,,
,임대,주식회사 이너릿,유통전문판매업,,203588.048190661,446183.368328818,2026-05-03 22:50:43,I,01,영업,0,,,,,,,,,2023-03-30 13:07:33,2022-04-12,4.95,135-764,서울특별시 강남구 청담동 41 청담빌딩,N,,3220000-113-2022-00221,,3220000,"서울특별시 강남구 선릉로 704, 청담빌딩 10층 229호 (청담동)",06069,01,영업/정상,유통전문판매업,02-6677-0878,,,
,임대,대단한에프앤비,유통전문판매업,,204718.327233933,445034.184823625,2026-05-03 22:50:43,I,01,영업,50,0,0,0,,,,0,,2023-04-14 15:44:26,2022-02-17,50.00,135-877,서울특별시 강남구 삼성동 143-8 승광빌딩,N,,3220000-113-2022-00222,,3220000,"서울특별시 강남구 테헤란로77길 17, 승광빌딩 지상9층 (삼성동)",06159,01,영업/정상,유통전문판매업,032-719-7784,,,
,임대,주식회사 디메이트 코퍼레이션,유통전문판매업,,202124.262977683,446374.647464072,2026-05-03 22:50:43,I,01,영업,1,,,,,,,,,2023-04-27 13:14:19,2022-09-21,1.00,135-890,서울특별시 강남구 신사동 561,N,,3220000-113-2022-00224,,3220000,"서울특별시 강남구 논현로151길 41, 지상3층 3752호 (신사동)",06037,01,영업/정상,유통전문판매업,,,,
,,(주)자연주의 건강,유통전문판매업,,202625.937695192,445714.833704665,2026-05-03 22:50:43,I,01,영업,33,0,0,0,,,,0,,2023-05-22 16:12:01,2022-03-17,33.00,135-823,서울특별시 강남구 논현동 129-1 진우빌딩,N,,3220000-113-2022-00225,,3220000,"서울특별시 강남구 논현로 667, 진우빌딩 지하1층 1-1호 (논현동)",06112,01,영업/정상,유통전문판매업,,,,
,자가,주식회사 에픽코퍼레이션,유통전문판매업,,202178.147545442,444820.951451923,2026-05-03 22:50:43,I,01,영업,1.3,0,0,0,,,,0,,2023-06-01 14:12:17,2022-08-30,1.30,135-827,서울특별시 강남구 논현동 198-18,N,,3220000-113-2022-00226,,3220000,"서울특별시 강남구 강남대로112길 13, 지상1층 205호 (논현동)",06120,01,영업/정상,유통전문판매업,070-8018-8014,,,
,자가,쇼쿠지,유통전문판매업,,202250.956106369,444844.103240117,2026-05-03 22:50:43,I,01,영업,39.44,,,,,,,,,2023-06-07 15:58:47,2022-01-18,39.44,135-827,서울특별시 강남구 논현동 197-25,N,,3220000-113-2022-00227,,3220000,"서울특별시 강남구 봉은사로5길 10, 지상5층 (논현동)",06120,01,영업/정상,유통전문판매업,,,,상수도전용
,자가,메디쏠라(주),유통전문판매업,,203855.785093809,442329.35280463,2026-05-03 22:50:43,I,01,영업,254.07,,,,,,,,,2023-07-04 17:34:10,2022-01-18,254.07,135-855,서울특별시 강남구 도곡동 424-6,N,,3220000-113-2022-00228,,3220000,"서울특별시 강남구 논현로28길 24, 6층 (도곡동)",06302,01,영업/정상,유통전문판매업,,,,
,자가,(주)써치엠,유통전문판매업,,203450.825,443514.595000001,2026-05-03 22:50:45,I,01,영업,429.29,0,0,0,,,,0,,2024-02-29 13:12:24,2024-02-29,429.29,135-930,서울특별시 강남구 역삼동 797-22 정유빌딩,N,,3220000-113-2024-00035,,3220000,"서울특별시 강남구 논현로 319, 정유빌딩 3층 (역삼동)",06257,01,영업/정상,유통전문판매업,02-3446-7260,,,
,자가,모두의푸드,유통전문판매업,,202724.214297488,445894.305854116,2026-05-03 22:50:45,I,01,영업,2,0,0,0,,,,0,,2024-03-06 14:25:00,2024-03-06,2.00,135-818,서울특별시 강남구 논현동 86-5,N,,3220000-113-2024-00037,,3220000,"서울특별시 강남구 논현로132길 13, 지상4층 4763호 (논현동)",06052,01,영업/정상,유통전문판매업,,,,
,자가,유한회사 서강컴퍼니,유통전문판매업,,205026.399941685,445067.07146082,2026-05-03 22:50:45,I,01,영업,1.65,,,,,,,,,2024-03-06 14:44:47,2024-03-06,1.65,135-880,서울특별시 강남구 삼성동 157-37 WeWork빌딩,N,,3220000-113-2024-00038,,3220000,"서울특별시 강남구 테헤란로 507, WeWork빌딩 11층 118-01호 (삼성동)",06168,01,영업/정상,유통전문판매업,070-8680-0148,,,
,자가,송강상회,유통전문판매업,2026-03-06,204639.090092973,444728.353701831,2026-05-03 22:50:45,I,02,폐업,3.3,0,0,0,,,,0,,2026-03-06 14:24:40,2024-03-07,3.30,135-839,서울특별시 강남구 대치동 890-60 H 타워,N,,3220000-113-2024-00039,,3220000,"서울특별시 강남구 테헤란로70길 12, H 타워 4층 402-A1792호 (대치동)",06193,03,폐업,유통전문판매업,,,,
,자가,케이디닥터스,유통전문판매업,,202462.604763481,443960.186302868,2026-05-03 22:50:45,I,01,영업,60,,,,,,,,,2024-12-12 15:29:38,2024-03-08,60.00,135-934,서울특별시 강남구 역삼동 825 미진프라자,N,,3220000-113-2024-00041,,3220000,"서울특별시 강남구 강남대로 390, 미진프라자 17층 1701호 (역삼동)",06232,01,영업/정상,유통전문판매업,02-1644-2931,,,
,임대,첼시스하이볼,유통전문판매업,,204279.144296719,447023.007955416,2026-05-03 22:50:45,I,01,영업,10,0,0,0,,,,0,,2024-03-11 13:01:33,2024-03-11,10.00,135-955,서울특별시 강남구 청담동 122-7,N,,3220000-113-2024-00043,,3220000,"서울특별시 강남구 도산대로85길 14, 지상1층 (청담동)",06012,01,영업/정상,유통전문판매업,,,,
,자가,팩브라더,유통전문판매업,,203642.523657705,446317.468057025,2026-05-03 22:50:45,I,01,영업,174.79,,,,,,,,,2024-03-12 14:10:46,2024-03-12,174.79,135-951,서울특별시 강남구 청담동 39-9,N,,3220000-113-2024-00044,,3220000,"서울특별시 강남구 학동로55길 12-11, 지하2층 (청담동)",06065,01,영업/정상,유통전문판매업,,,,
,임대,주식회사 더올바른선택,유통전문판매업,,202558.966746035,443605.422218418,2026-05-03 22:50:45,I,01,영업,10,,,,,,,,,2024-03-12 15:35:16,2024-03-12,10.00,135-792,서울특별시 강남구 역삼동 831 혜천빌딩,N,,3220000-113-2024-00045,,3220000,"서울특별시 강남구 강남대로 354, 혜천빌딩 11층 1127호 (역삼동)",06242,01,영업/정상,유통전문판매업,070-8959-1121,,,
,자가,(주)라라브레드,유통전문판매업,,202552.61084201,445167.070693617,2026-05-03 22:50:45,I,01,영업,143.26,,,,,,,,,2024-11-21 10:53:16,2024-03-14,143.26,135-817,서울특별시 강남구 논현동 172-26,N,,3220000-113-2024-00046,,3220000,"서울특별시 강남구 논현로119길 42, 4층 (논현동)",06116,01,영업/정상,유통전문판매업,070-7505-7163,,,
,자가,(주)로이비쥬얼,유통전문판매업,,202775.501119756,445730.123504232,2026-05-03 22:50:45,I,01,영업,33,,,,,,,,,2024-03-18 16:28:24,2024-03-18,33.00,135-996,서울특별시 강남구 논현동 208-13,N,,3220000-113-2024-00047,,3220000,"서울특별시 강남구 학동로30길 5, 지상6층 (논현동)",06104,01,영업/정상,유통전문판매업,02-3445-2192,,,
,,프리터박스,유통전문판매업,,202350.841044355,445689.04920561,2026-05-03 22:50:45,I,01,영업,0,0,0,0,,,,0,,2024-03-26 09:39:18,2024-03-26,,135-815,서울특별시 강남구 논현동 57-18,N,,3220000-113-2024-00049,,3220000,"서울특별시 강남구 학동로19길 5, 401호 (논현동)",06045,01,영업/정상,유통전문판매업,02-522-6169,,,
,자가,주식회사 단송코리아,유통전문판매업,,202804.103132239,445759.452732939,2026-05-03 22:50:45,I,01,영업,51.55,0,0,0,,,,0,,2024-03-26 14:42:10,2024-03-26,51.55,135-996,서울특별시 강남구 논현동 208-5 post ville(서울논현동우체국),N,,3220000-113-2024-00051,,3220000,"서울특별시 강남구 학동로 212, post ville(서울논현동우체국) 7층 703호 (논현동)",06104,01,영업/정상,유통전문판매업,,,,
,자가,주식회사 보금,유통전문판매업,,205271.275273064,445852.638814088,2026-05-03 22:50:45,I,01,영업,1.65,0,0,0,,,,0,,2024-03-26 16:07:17,2024-03-26,1.65,135-873,서울특별시 강남구 삼성동 107 삼성동 미켈란 107,N,,3220000-113-2024-00052,,3220000,"서울특별시 강남구 영동대로 602, 지상6층 P22호 (삼성동, 삼성동 미켈란 107)",06083,01,영업/정상,유통전문판매업,,,,
,자가,써스티데이(Thirsty Day),유통전문판매업,,202429.553277511,444261.087449333,2026-05-03 22:50:45,I,01,영업,4,,,,,,,,,2024-03-26 17:26:00,2024-03-26,4.00,135-931,서울특별시 강남구 역삼동 817-29,N,,3220000-113-2024-00053,,3220000,"서울특별시 강남구 테헤란로1길 28-11, 5층 5047호 (역삼동)",06129,01,영업/정상,유통전문판매업,070-4715-5110,,,
,자가,케이프(주),유통전문판매업,,205034.076582582,445158.763300998,2026-05-03 22:50:45,I,01,영업,2,0,0,0,,,,0,,2026-02-05 17:50:44,2024-03-27,2.00,135-880,서울특별시 강남구 삼성동 158-25 매직킹덤빌딩,N,,3220000-113-2024-00054,,3220000,"서울특별시 강남구 테헤란로83길 18, 매직킹덤빌딩 4층 S-101호 (삼성동)",06169,01,영업/정상,유통전문판매업,,,,
,자가,주식회사 엘핀컴퍼니,유통전문판매업,,203876.65494992,446925.480533226,2026-05-03 22:50:45,I,01,영업,16.44,,,,,,,,,2025-07-10 09:58:48,2024-03-27,16.44,135-517,서울특별시 강남구 청담동 97 M빌딩,N,,3220000-113-2024-00055,,3220000,"서울특별시 강남구 도산대로 445, M빌딩 8층 (청담동)",06015,01,영업/정상,유통전문판매업,,,,
,자가,주식회사 닥터엘인터내셔널,유통전문판매업,,202369.761783387,446542.037468678,2026-05-03 22:50:45,I,01,영업,20.16,,,,,,,,,2024-03-28 11:50:05,2024-03-28,20.16,135-892,서울특별시 강남구 신사동 586-10,N,,3220000-113-2024-00056,,3220000,"서울특별시 강남구 도산대로27길 20, 지상2층 202호 (신사동)",06032,01,영업/정상,유통전문판매업,,,,
,자가,(주)비티앤엠씨,유통전문판매업,,203535.8537311,443939.909062086,2026-05-03 22:50:28,I,01,영업,1.3,,,,,,,,,2023-12-08 17:35:09,2020-02-11,1.30,135-921,서울특별시 강남구 역삼동 728-40,N,,3220000-113-2020-00026,,3220000,"서울특별시 강남구 논현로76길 25, 3층 (역삼동)",06224,01,영업/정상,유통전문판매업,070-4015-0308,,,
,자가,(주)청담라이프,유통전문판매업,,203771.546095222,445777.820905935,2026-05-03 22:50:28,I,01,영업,30,,,,,,,,,2020-02-20 15:22:42,2020-02-20,30.00,135-864,서울특별시 강남구 삼성동 10-7,N,,3220000-113-2020-00035,,3220000,"서울특별시 강남구 학동로56길 47, 지하1층 (삼성동)",06092,01,영업/정상,유통전문판매업,,,,
,자가,에스더포뮬러(주),유통전문판매업,,203143.583584843,446642.96217824,2026-05-03 22:50:28,I,01,영업,496.6,0,0,0,,,,0,,2024-09-19 16:31:54,2020-03-04,496.60,135-819,서울특별시 강남구 논현동 92 SB타워,N,,3220000-113-2020-00043,,3220000,"서울특별시 강남구 도산대로 318, SB타워 5층 1호,2호 (논현동)",06054,01,영업/정상,유통전문판매업,02-1588-4966,,,
,자가,주식회사 안드레아플러스,유통전문판매업,,202775.039226657,444467.38813447,2026-05-03 22:50:28,I,01,영업,126,,,,,,,,,2023-06-16 14:42:56,2020-03-13,126.00,135-908,서울특별시 강남구 역삼동 631,N,,3220000-113-2020-00047,,3220000,"서울특별시 강남구 봉은사로24길 69, 지상2층 (역삼동)",06131,01,영업/정상,유통전문판매업,02-539-8902,,,
,자가,(주)프레시고메이,유통전문판매업,,203330.628090467,443742.731248429,2026-05-03 22:50:28,I,01,영업,0,,,,,,,,,2020-03-19 10:58:36,2020-03-19,59.50,135-925,서울특별시 강남구 역삼동 747-19 EZ빌딩,N,,3220000-113-2020-00053,,3220000,"서울특별시 강남구 역삼로 177, 4층 (역삼동)",06247,01,영업/정상,유통전문판매업,,,,
,자가,(주)트래디인터내셔널,유통전문판매업,,202124.989064072,444866.310456521,2026-05-03 22:50:28,I,01,영업,70.68,,,,,,,,,2020-03-20 17:08:28,2020-03-20,70.68,135-827,서울특별시 강남구 논현동 184-29,N,,3220000-113-2020-00056,,3220000,"서울특별시 강남구 봉은사로1길 18, 지상4층 (논현동)",06120,01,영업/정상,유통전문판매업,070-7012-7177,,,
,자가,주식회사 유에프오버거,유통전문판매업,,203675.670255881,445683.31367995,2026-05-03 22:50:28,I,01,영업,35.4,,,,,,,,,2020-12-28 14:07:29,2020-03-25,35.40,135-833,서울특별시 강남구 논현동 267-3 디블렌트빌딩,N,,3220000-113-2020-00058,,3220000,"서울특별시 강남구 선릉로 637, 디블렌트빌딩 6층 (논현동)",06100,01,영업/정상,유통전문판매업,,,,
,자가,주식회사 엘바이오랩,유통전문판매업,,202681.330745918,443931.009857568,2026-05-03 22:50:28,I,01,영업,0,0,0,0,,,,0,,2022-01-19 14:07:26,2020-03-26,36.96,135-541,서울특별시 강남구 역삼동 824-25 대우디오빌플러스,N,,3220000-113-2020-00059,,3220000,"서울특별시 강남구 강남대로84길 33, 대우디오빌플러스 16층 1614호 (역삼동)",06233,01,영업/정상,유통전문판매업,02-1566-8739,,,
,자가,(주)이음헬스앤케어,유통전문판매업,,203552.326068876,445220.556210276,2026-05-03 22:50:28,I,01,영업,33,,,,,,,,,2020-03-27 10:59:05,2020-03-27,33.00,135-916,서울특별시 강남구 역삼동 681-17 숨빌딩,N,,3220000-113-2020-00062,,3220000,"서울특별시 강남구 봉은사로 310, 숨빌딩 지상10층 (역삼동)",06143,01,영업/정상,유통전문판매업,,,,
,자가,주식회사 메디컬오,유통전문판매업,,202458.471249225,446599.705908901,2026-05-03 22:50:28,I,01,영업,363.5,,,,,,,,,2020-03-31 16:35:19,2020-03-31,363.50,135-893,서울특별시 강남구 신사동 591-16 제이씨빌딩,N,,3220000-113-2020-00064,,3220000,"서울특별시 강남구 논현로 820, 지상4층 (신사동)",06025,01,영업/정상,유통전문판매업,02-544-1074,,,
,자가,칸트사이언스(주),유통전문판매업,,203552.326068876,445220.556210276,2026-05-03 22:50:28,I,01,영업,33,,,,,,,,,2020-04-01 16:35:23,2020-04-01,33.00,135-916,서울특별시 강남구 역삼동 681-17 숨빌딩,N,,3220000-113-2020-00067,,3220000,"서울특별시 강남구 봉은사로 310, 숨빌딩 10층 (역삼동)",06143,01,영업/정상,유통전문판매업,02-2088-8875,,,
,자가,(주)피에스인터네셔널,유통전문판매업,,202722.768896324,446097.724254733,2026-05-03 22:50:28,I,01,영업,132.01,,,,,,,,,2021-09-08 14:08:23,2020-04-07,132.01,135-995,서울특별시 강남구 논현동 78,N,,3220000-113-2020-00069,,3220000,"서울특별시 강남구 논현로140길 28, 5층 (논현동)",06051,01,영업/정상,유통전문판매업,02-532-6847,,,
,자가,주식회사 베르생활건강,유통전문판매업,,203327.516408622,443771.074333271,2026-05-03 22:50:28,I,01,영업,3,,,,,,,,,2020-04-08 12:31:38,2020-04-08,3.00,135-925,서울특별시 강남구 역삼동 747-16,N,,3220000-113-2020-00070,,3220000,"서울특별시 강남구 논현로75길 5-4, 지상2층 211호 (역삼동)",06247,01,영업/정상,유통전문판매업,02-6080-6011,,,
,자가,(주)올카인드코퍼레이션,유통전문판매업,,203757.474690728,445748.18020293,2026-05-03 22:50:28,I,01,영업,0,,,,,,,,,2020-04-08 14:22:19,2020-04-08,20.00,135-864,서울특별시 강남구 삼성동 9-26,N,,3220000-113-2020-00071,,3220000,"서울특별시 강남구 학동로56길 50, 지하1층 (삼성동)",06092,01,영업/정상,유통전문판매업,02-3444-5558,,,
,자가,(주)이제이인터내셔날,유통전문판매업,,204947.909039501,445035.104597245,2026-05-03 22:50:28,I,01,영업,3,,,,,,,,,2020-04-08 14:45:49,2020-04-08,3.00,135-880,서울특별시 강남구 삼성동 157-27 브이플렉스,N,,3220000-113-2020-00072,,3220000,"서울특별시 강남구 테헤란로 501, 7층 731호 (삼성동)",06168,01,영업/정상,유통전문판매업,02-561-5004,,,
,자가,주식회사 씨스팡,유통전문판매업,,204044.789948927,444529.84042741,2026-05-03 22:50:28,I,01,영업,416.41,,,,,,,,,2020-04-08 17:29:38,2020-04-08,416.41,135-918,서울특별시 강남구 역삼동 707-34 한신인터밸리24빌딩,N,,3220000-113-2020-00073,,3220000,"서울특별시 강남구 테헤란로 322, 한신인터밸리24빌딩 동관 1901호~1911호 (역삼동)",06211,01,영업/정상,유통전문판매업,02-2183-1745,,,
,자가,엔비에스티 주식회사,유통전문판매업,,202716.535,444150.93,2026-05-03 22:50:28,I,01,영업,7.1,,,,,,,,,2025-11-19 15:54:04,2020-04-10,7.10,135-748,서울특별시 강남구 역삼동 648-23 여삼빌딩,N,,3220000-113-2020-00075,,3220000,"서울특별시 강남구 테헤란로 123, 여삼빌딩 6층 605호 (역삼동)",06133,01,영업/정상,유통전문판매업,02-2138-8688,,,
,자가,익기차,유통전문판매업,,204311.432539532,441933.380722722,2026-05-03 22:50:35,I,01,영업,92,,,,,,,,,2021-06-18 09:18:36,2021-06-18,92.00,135-965,서울특별시 강남구 개포동 1260-7,N,,3220000-113-2021-00140,,3220000,"서울특별시 강남구 개포로31길 7, 지상4층 (개포동)",06306,01,영업/정상,유통전문판매업,,,,
,자가,보보떼코리아,유통전문판매업,,202181.620656972,445686.15537205,2026-05-03 22:50:35,I,01,영업,10,,,,,,,,,2021-06-18 17:30:41,2021-06-18,10.00,135-815,서울특별시 강남구 논현동 42-9 엠브이타워,N,,3220000-113-2021-00141,,3220000,"서울특별시 강남구 강남대로132길 55, 엠브이타워 지상5층 527호 (논현동)",06045,01,영업/정상,유통전문판매업,02-536-5338,,,
,자가,뉴테나,유통전문판매업,,205330.662482901,445066.848108475,2026-05-03 22:50:35,I,01,영업,33.06,,,,,,,,,2022-05-09 13:48:17,2021-06-18,33.06,135-846,서울특별시 강남구 대치동 945 삼안빌딩,N,,3220000-113-2021-00142,,3220000,"서울특별시 강남구 테헤란로 520, 삼안빌딩 7층 (대치동)",06181,01,영업/정상,유통전문판매업,,,,
,자가,이로운생활 주식회사,유통전문판매업,,203607.068430001,445315.578728921,2026-05-03 22:50:35,I,01,영업,4,,,,,,,,,2024-05-02 13:34:44,2021-06-22,4.00,135-529,서울특별시 강남구 논현동 277-20 아모제논현빌딩,N,,3220000-113-2021-00143,,3220000,"서울특별시 강남구 봉은사로 317, 아모제논현빌딩 3층 3038호 (논현동)",06103,01,영업/정상,유통전문판매업,02-558-7710,,,
,자가,스킨리버스랩 주식회사,유통전문판매업,,202806.711195844,444292.344286527,2026-05-03 22:50:35,I,01,영업,34.96,,,,,,,,,2021-06-24 14:57:18,2021-06-24,34.96,135-909,서울특별시 강남구 역삼동 637-20 도연빌딩,N,,3220000-113-2021-00146,,3220000,"서울특별시 강남구 강남대로94길 67, 도연빌딩 5층 502호 (역삼동)",06131,01,영업/정상,유통전문판매업,,,,
,자가,(주)미큐어,유통전문판매업,,204767.959485912,446474.960025017,2026-05-03 22:50:35,I,01,영업,148.46,,,,,,,,,2023-08-07 10:44:30,2021-06-25,148.46,135-953,서울특별시 강남구 청담동 70-18,N,,3220000-113-2021-00147,,3220000,"서울특별시 강남구 영동대로131길 20, 지상4층 (청담동)",06072,01,영업/정상,유통전문판매업,02-6225-0220,,,
,자가,에스케이텔레콤 씨에스티원 주식회사,유통전문판매업,,203711.560426788,445580.80495433,2026-05-03 22:50:35,I,01,영업,422.62,,,,,,,,,2021-06-28 15:41:50,2021-06-28,422.62,135-833,서울특별시 강남구 논현동 267-21,N,,3220000-113-2021-00149,,3220000,"서울특별시 강남구 선릉로 627, 지하1층, 지하2층 (논현동)",06100,01,영업/정상,유통전문판매업,02-6009-2500,,,
,자가,(주)온고지식,유통전문판매업,,203588.048190661,446183.368328818,2026-05-03 22:50:35,I,01,영업,4.95,,,,,,,,,2021-06-28 16:49:33,2021-06-28,4.95,135-764,서울특별시 강남구 청담동 41 청담빌딩,N,,3220000-113-2021-00150,,3220000,"서울특별시 강남구 선릉로 704, 청담빌딩 지상10층 302호 (청담동)",06069,01,영업/정상,유통전문판매업,070-4866-0081,,,
,자가,(주)그래오늘은,유통전문판매업,2026-04-22,203609.924951285,445913.690821398,2026-05-03 22:50:35,I,02,폐업,33,,,,,,,,,2026-04-22 17:20:31,2021-06-28,33.00,135-830,서울특별시 강남구 논현동 242-53 가헌빌딩,N,,3220000-113-2021-00151,,3220000,"서울특별시 강남구 선릉로 659, 가헌빌딩 지상3층 301호 (논현동)",06099,03,폐업,유통전문판매업,02-522-6404,,,
,자가,알제이글로벌그룹 주식회사,유통전문판매업,,202305.709663645,446527.857787834,2026-05-03 22:50:35,I,01,영업,25,,,,,,,,,2026-01-20 10:42:01,2021-06-29,25.00,135-890,서울특별시 강남구 신사동 558-9,N,,3220000-113-2021-00153,,3220000,"서울특별시 강남구 도산대로25길 19, 2층 (신사동)",06037,01,영업/정상,유통전문판매업,02-1544-9698,,,
,자가,주식회사 더참,유통전문판매업,,203729.224186566,445341.453295328,2026-05-03 22:50:35,I,01,영업,3,,,,,,,,,2021-06-30 17:07:45,2021-06-30,3.00,135-833,서울특별시 강남구 논현동 278-22 SH타워,N,,3220000-113-2021-00154,,3220000,"서울특별시 강남구 봉은사로 331, SH타워 지상7층 (논현동)",06103,01,영업/정상,유통전문판매업,02-540-3250,,,
,자가,주식회사 소울키친,유통전문판매업,,203729.224186566,445341.453295328,2026-05-03 22:50:36,I,01,영업,6,,,,,,,,,2021-07-05 16:07:18,2021-07-05,6.00,135-833,서울특별시 강남구 논현동 278-22 SH타워,N,,3220000-113-2021-00157,,3220000,"서울특별시 강남구 봉은사로 331, SH타워 지상7층 (논현동)",06103,01,영업/정상,유통전문판매업,,,,
,자가,주식회사 캡스톤홀딩스,유통전문판매업,,202484.065140723,445740.326734106,2026-05-03 22:50:36,I,01,영업,3,,,,,,,,,2025-05-19 13:37:12,2021-07-07,3.00,135-815,서울특별시 강남구 논현동 58-2 마일스디오빌,N,,3220000-113-2021-00158,,3220000,"서울특별시 강남구 학동로 165, 2층 208-씨-10호 (논현동, 마일스디오빌)",06046,01,영업/정상,유통전문판매업,02-6205-1380,,,
,자가,스티븐홀스마스터즈,유통전문판매업,,202636.268814478,447237.901660234,2026-05-03 22:50:36,I,01,영업,87.42,,,,,,,,,2021-07-08 09:50:54,2021-07-08,87.42,135-894,서울특별시 강남구 신사동 613,N,,3220000-113-2021-00159,,3220000,"서울특별시 강남구 압구정로34길 12, 지상2층 (신사동)",06022,01,영업/정상,유통전문판매업,02-3443-5572,,,
,자가,주식회사 라네뜨,유통전문판매업,,204432.46,444839.755,2026-05-03 22:50:36,I,01,영업,4,,,,,,,,,2021-07-09 11:37:48,2021-07-09,4.00,135-876,서울특별시 강남구 삼성동 142-34,N,,3220000-113-2021-00161,,3220000,"서울특별시 강남구 선릉로92길 28, 지상4층 4112호 (삼성동)",06160,01,영업/정상,유통전문판매업,,,,
,,(주)리부트라이프,유통전문판매업,,204071.532430183,446725.057144161,2026-05-03 22:50:36,I,01,영업,85.92,,,,,,,,,2021-07-09 16:55:41,2021-05-07,85.92,135-949,서울특별시 강남구 청담동 7-7 인화빌딩,N,,3220000-113-2021-00162,,3220000,"서울특별시 강남구 도산대로78길 19, 인화빌딩 4,5층 (청담동)",06063,01,영업/정상,유통전문판매업,070-4417-2788,,,
,,(주)페이보넥스코리아,유통전문판매업,,203875.071238205,445261.063895063,2026-05-03 22:50:43,I,01,영업,172.8,0,0,0,,,,0,,2023-12-28 10:26:25,2022-09-13,172.80,135-874,서울특별시 강남구 삼성동 112-20,N,,3220000-113-2022-00230,,3220000,"서울특별시 강남구 선릉로108길 5, 지상2층 (삼성동)",06153,01,영업/정상,유통전문판매업,031-698-3896,,,
,자가,파운탱,유통전문판매업,,202304.150498278,446821.277864067,2026-05-03 22:50:43,I,01,영업,24,0,0,0,,,,0,,2024-01-23 13:03:24,2022-11-22,24.00,135-891,서울특별시 강남구 신사동 569-18,N,,3220000-113-2022-00231,,3220000,"서울특별시 강남구 논현로161길 16, 5층 (신사동)",06031,01,영업/정상,유통전문판매업,,,,
,자가,엔지팜,유통전문판매업,,201918.704826472,446631.350199688,2026-05-03 22:50:43,I,01,영업,33,,,,,,,,,2024-04-19 17:56:34,2022-08-01,33.00,135-889,서울특별시 강남구 신사동 533-11,N,,3220000-113-2022-00232,,3220000,"서울특별시 강남구 가로수길 59, 4층 (신사동)",06028,01,영업/정상,유통전문판매업,,,,
,임대,포에버코리아(유),유통전문판매업,,204809.356678073,444959.618486655,2026-05-03 22:50:43,I,01,영업,128.7,,,,,,,,,2024-05-27 17:20:11,2022-11-01,128.70,135-877,서울특별시 강남구 삼성동 144-23,N,,3220000-113-2022-00234,,3220000,"서울특별시 강남구 테헤란로 439, 4층 401호 (삼성동)",06158,01,영업/정상,유통전문판매업,02-523-2631,,,
,,케이컴퍼니,유통전문판매업,,204072.40503804,446839.935719341,2026-05-03 22:50:43,I,01,영업,102.72,0,0,0,,,,0,,2024-10-18 13:55:39,2022-03-15,102.72,135-949,서울특별시 강남구 청담동 6-5 청담 한국빌딩,N,,3220000-113-2022-00235,,3220000,"서울특별시 강남구 도산대로 458, 청담 한국빌딩 9층 (청담동)",06062,01,영업/정상,유통전문판매업,,,,
,자가,주식회사 디피션시랩,유통전문판매업,,202520.618826739,443705.648259719,2026-05-03 22:50:43,I,01,영업,11,0,0,0,,,,0,,2024-12-05 13:15:47,2022-08-23,11.00,135-935,서울특별시 강남구 역삼동 826-21 미왕빌딩,N,,3220000-113-2022-00237,,3220000,"서울특별시 강남구 강남대로 364, 미왕빌딩 14층 1408호 (역삼동)",06241,01,영업/정상,유통전문판매업,,,,
,임대,나무이노베이션,유통전문판매업,,203214.358581702,443698.278815682,2026-05-03 22:50:43,I,01,영업,10.6,0,0,0,,,,0,,2024-12-16 17:32:40,2022-12-19,10.60,135-925,서울특별시 강남구 역삼동 747-2 해성빌딩,N,,3220000-113-2022-00238,,3220000,"서울특별시 강남구 역삼로 165, 해성빌딩 6층 608호 (역삼동)",06247,01,영업/정상,유통전문판매업,,,,
,임대,주식회사 모노랩스,유통전문판매업,,203888.911218931,442375.628608427,2026-05-03 22:50:43,I,01,영업,163.69,0,0,0,,,,0,,2025-01-07 11:44:57,2022-04-28,163.69,135-855,서울특별시 강남구 도곡동 423-1 대원빌딩 201호,N,,3220000-113-2022-00239,,3220000,"서울특별시 강남구 논현로28길 30, 대원빌딩 2층 201호 (도곡동)",06300,01,영업/정상,유통전문판매업,02-561-7771,,,
,임대,웰바이오,유통전문판매업,,203079.917199208,444756.667241516,2026-05-03 22:50:43,I,01,영업,6.6,0,0,0,,,,0,,2026-04-16 15:57:24,2022-11-08,6.60,135-913,서울특별시 강남구 역삼동 659-25,N,,3220000-113-2022-00240,,3220000,"서울특별시 강남구 논현로102길 5, 2층 1호 (역삼동)",06136,01,영업/정상,유통전문판매업,,,,
,자가,주식회사 블루밍식스,유통전문판매업,,205808.345,445075.165,2026-05-03 22:50:43,I,01,영업,17.55,0,0,0,,,,0,,2025-08-06 11:45:44,2022-08-24,17.55,135-502,서울특별시 강남구 대치동 999-6,N,,3220000-113-2022-00241,,3220000,"서울특별시 강남구 테헤란로108길 25, 대동빌딩 3층 (대치동)",06175,01,영업/정상,유통전문판매업,02-568-1426,,,
,임대,주식회사 더바이오마,유통전문판매업,,201912.886054069,445530.61610407,2026-05-03 22:50:43,I,01,영업,100.49,,,,,,,,,2025-09-05 14:56:29,2022-12-16,100.49,135-814,서울특별시 강남구 논현동 51-11,N,,3220000-113-2022-00242,,3220000,"서울특별시 강남구 학동로3길 7, 2층 (논현동)",06044,01,영업/정상,유통전문판매업,,,,
,임대,주식회사 로와이드,유통전문판매업,,202127.696516512,446984.562228163,2026-05-03 22:50:43,I,01,영업,75.94,,,,,,,,,2025-11-19 17:51:16,2022-11-25,75.94,135-891,서울특별시 강남구 신사동 574-1 성우빌딩,N,,3220000-113-2022-00243,,3220000,"서울특별시 강남구 압구정로 146, 성우빌딩 지상3층 일부 (신사동)",06030,01,영업/정상,유통전문판매업,,,,
,자가,세발자전거(주),유통전문판매업,,207263.915,443049.36,2026-05-03 22:50:43,I,01,영업,4,0,0,0,,,,0,,2023-01-11 11:05:30,2023-01-11,4.00,135-516,서울특별시 강남구 일원동 687-6,N,,3220000-113-2023-00006,,3220000,"서울특별시 강남구 일원로9길 16, 지상2층 (일원동)",06343,01,영업/정상,유통전문판매업,,,,
,자가,굿모닝굿나잇(GMGN),유통전문판매업,,204947.909039501,445035.104597245,2026-05-03 22:50:43,I,01,영업,25,,,,,,,,,2024-03-07 11:04:13,2023-01-11,25.00,135-880,서울특별시 강남구 삼성동 157-27 브이플렉스,N,,3220000-113-2023-00008,,3220000,"서울특별시 강남구 테헤란로 501, 브이플렉스 7층 718호 (삼성동)",06168,01,영업/정상,유통전문판매업,02-422-0866,,,
,자가,주식회사 활산가,유통전문판매업,,205707.089399978,443914.194133105,2026-05-03 22:50:43,I,01,영업,44,0,0,0,,,,0,,2023-01-12 16:35:43,2023-01-12,44.00,135-835,서울특별시 강남구 대치동 316 은마아파트,N,,3220000-113-2023-00009,,3220000,"서울특별시 강남구 삼성로 212, 은마상가 에이블럭동 지상1층 102호 (대치동, 은마아파트)",06284,01,영업/정상,유통전문판매업,,,,
,자가,먹삼,유통전문판매업,,203721.860395771,445697.773310868,2026-05-03 22:50:43,I,01,영업,128.13,,,,,,,,,2023-01-12 15:13:31,2023-01-12,128.13,135-867,서울특별시 강남구 삼성동 34-1 예림빌딩,N,,3220000-113-2023-00010,,3220000,"서울특별시 강남구 선릉로 638, 예림빌딩 5층 (삼성동)",06093,01,영업/정상,유통전문판매업,02-547-5771,,,
,자가,주식회사 차테라피,유통전문판매업,,204091.578937267,444708.182570037,2026-05-03 22:50:43,I,01,영업,9.9,0,0,0,,,,0,,2023-01-12 16:58:16,2023-01-12,9.90,135-922,서울특별시 강남구 역삼동 705-1 빅토리아오피스텔,N,,3220000-113-2023-00011,,3220000,"서울특별시 강남구 테헤란로 327, 빅토리아오피스텔 지상5층 502호 (역삼동)",06150,01,영업/정상,유통전문판매업,,,,
,,주식회사 노투스팜,유통전문판매업,2026-03-17,203588.048190661,446183.368328818,2026-05-03 22:50:43,I,02,폐업,13.48,,,,,,,,,2026-03-17 13:47:43,2023-01-13,13.48,135-764,서울특별시 강남구 청담동 41 청담빌딩,N,,3220000-113-2023-00012,,3220000,"서울특별시 강남구 선릉로 704, 청담빌딩 10층 1019호 (청담동)",06069,03,폐업,유통전문판매업,02-1544-6083,,,
,자가,주식회사 에스디플랫폼,유통전문판매업,,204377.539371534,445582.398728238,2026-05-03 22:50:20,I,01,영업,219.91,,,,,,,,,2023-11-22 13:38:09,2017-03-10,219.91,135-868,서울특별시 강남구 삼성동 49-9,N,,3220000-113-2017-00027,,3220000,"서울특별시 강남구 봉은사로 465, 7층 (삼성동)",06096,01,영업/정상,유통전문판매업,02-549-9560,,,
,자가,차칸맘푸,유통전문판매업,,203404.207131826,444028.842845734,2026-05-03 22:50:21,I,01,영업,0,,,,,,,,,2020-04-03 11:27:09,2017-03-23,20.00,135-921,서울특별시 강남구 역삼동 725-68 제이하우스,N,,3220000-113-2017-00034,,3220000,"서울특별시 강남구 역삼로25길 34, 지하1층 1호 (역삼동, 제이하우스)",06223,01,영업/정상,유통전문판매업,,,,
,자가,세렌디피티,유통전문판매업,,203893.555630263,446726.005165867,2026-05-03 22:50:21,I,01,영업,111.23,0,0,0,,,,0,,2022-07-14 17:49:54,2017-04-18,111.23,135-949,서울특별시 강남구 청담동 17-1,N,,3220000-113-2017-00046,,3220000,"서울특별시 강남구 도산대로68길 13, 지상2층 (청담동)",06064,01,영업/정상,유통전문판매업,,,,
,자가,유한책임회사 매나테크코리아,유통전문판매업,,202557.007830645,443648.622539856,2026-05-03 22:50:21,I,01,영업,773.98,,,,,,,,,2020-09-10 10:23:27,2017-04-26,773.98,135-935,서울특별시 강남구 역삼동 826-14,N,,3220000-113-2017-00049,,3220000,"서울특별시 강남구 강남대로 358, 9층 (역삼동)",06241,01,영업/정상,유통전문판매업,02-6252-5248,,,
,자가,비즈월드코리아(주),유통전문판매업,,204044.789948927,444529.84042741,2026-05-03 22:50:21,I,01,영업,338.57,,,,,,,,,2022-06-20 15:09:20,2017-04-27,338.57,135-918,서울특별시 강남구 역삼동 707-34 한신인터밸리24빌딩,N,,3220000-113-2017-00050,,3220000,"서울특별시 강남구 테헤란로 322, 지상18층 서관1901~1909호 (역삼동)",06211,01,영업/정상,유통전문판매업,1670-3362,,,
,자가,주식회사 제이피에프지,유통전문판매업,,203641.311573119,443507.070095577,2026-05-03 22:50:21,I,01,영업,63.9,,,,,,,,,2024-03-29 12:29:59,2017-05-15,63.90,135-515,서울특별시 강남구 역삼동 782-41,N,,3220000-113-2017-00054,,3220000,"서울특별시 강남구 논현로64길 17, 지상4층 (역삼동)",06228,01,영업/정상,유통전문판매업,02-566-5330,,,
,자가,(주)프리미엄푸드,유통전문판매업,,204652.111034177,445353.174360925,2026-05-03 22:50:21,I,01,영업,199.66,,,,,,,,,2019-10-16 14:34:01,2017-05-16,199.66,135-509,서울특별시 강남구 삼성동 121-38,N,,3220000-113-2017-00056,,3220000,"서울특별시 강남구 삼성로103길 12, 지하1층 B101호 (삼성동)",06155,01,영업/정상,유통전문판매업,02-569-4311,,,
,자가,원우트레이딩,유통전문판매업,,209144.783150288,442922.611326787,2026-05-03 22:50:21,I,01,영업,42.13,,,,,,,,,2021-11-03 12:14:50,2017-05-19,42.13,135-884,서울특별시 강남구 수서동 716,N,,3220000-113-2017-00058,,3220000,"서울특별시 강남구 광평로 295, 사이룩스 서관동 15층 1504호 (수서동)",06349,01,영업/정상,유통전문판매업,,,,
,자가,주식회사 퍼플유,유통전문판매업,,204308.797361501,444932.157842043,2026-05-03 22:50:21,I,01,영업,25.7,0,0,0,,,,0,,2024-08-29 09:50:47,2017-05-24,25.70,135-875,서울특별시 강남구 삼성동 140-17 유니콘빌딩,N,,3220000-113-2017-00061,,3220000,"서울특별시 강남구 선릉로100길 30, 유니콘빌딩 지하1층 101호 (삼성동)",06161,01,영업/정상,유통전문판매업,,,,
,자가,(주)태웅물산,유통전문판매업,,202195.828858956,446311.052364766,2026-05-03 22:50:21,I,01,영업,99,,,,,,,,,2022-04-19 14:41:05,2017-06-09,99.00,135-890,서울특별시 강남구 신사동 561-31 신웅타워2,N,,3220000-113-2017-00069,,3220000,"서울특별시 강남구 도산대로 157, 신웅타워2 지하2층 (신사동)",06037,01,영업/정상,유통전문판매업,02-540-2811,,,
,자가,제이미푸드(Jmeefood),유통전문판매업,,204311.432539532,441933.380722722,2026-05-03 22:50:21,I,01,영업,55,,,,,,,,,2017-06-26 14:49:16,2017-06-26,55.00,135-965,서울특별시 강남구 개포동 1260-7,N,,3220000-113-2017-00078,,3220000,"서울특별시 강남구 개포로31길 7, 2층 202호 (개포동)",06306,01,영업/정상,유통전문판매업,070-4414-1915,,,
,자가,주식회사 고집,유통전문판매업,,201956.561428209,445325.198366946,2026-05-03 22:50:21,I,01,영업,3.3,,,,,,,,,2020-12-08 16:37:11,2017-07-04,3.30,135-822,서울특별시 강남구 논현동 141-7,N,,3220000-113-2017-00080,,3220000,"서울특별시 강남구 학동로2길 19, 지상2층 A2073호 (논현동, 세일빌딩)",06110,01,영업/정상,유통전문판매업,,,,
,자가,(주)블랭크코퍼레이션,유통전문판매업,,203345.009841848,443748.211335937,2026-05-03 22:50:21,I,01,영업,242.98,0,0,0,,,,0,,2023-05-02 15:57:33,2017-07-11,242.98,135-925,서울특별시 강남구 역삼동 747-20 한빛빌딩,N,,3220000-113-2017-00081,,3220000,"서울특별시 강남구 역삼로 179, 한빛빌딩 지상2층 (역삼동)",06247,01,영업/정상,유통전문판매업,,,,
,자가,타바론코리아 주식회사,유통전문판매업,,203771.546095222,445777.820905935,2026-05-03 22:50:21,I,01,영업,0,,,,,,,,,2025-05-15 15:30:00,2017-07-20,60.00,135-864,서울특별시 강남구 삼성동 10-7,N,,3220000-113-2017-00087,,3220000,"서울특별시 강남구 학동로56길 47, 2층 (삼성동)",06092,01,영업/정상,유통전문판매업,02-518-0819,,,
,자가,주식회사 트렌드헌터,유통전문판매업,,204599.96212909,444712.51281423,2026-05-03 22:50:21,I,01,영업,15,,,,,,,,,2019-07-02 12:32:12,2017-08-03,15.00,135-839,서울특별시 강남구 대치동 890-34 세왕개발빌딩,N,,3220000-113-2017-00090,,3220000,"서울특별시 강남구 테헤란로70길 14-8, 세왕개발빌딩 A동 지상7층 (대치동)",06193,01,영업/정상,유통전문판매업,1800-2850,,,
,자가,(주)제이앤쿡,유통전문판매업,,203705.022134018,444361.30601261,2026-05-03 22:50:21,I,01,영업,34.8,,,,,,,,,2019-07-08 16:37:30,2017-08-03,34.80,135-920,서울특별시 강남구 역삼동 720-25 디오빌역삼,N,,3220000-113-2017-00091,,3220000,"서울특별시 강남구 언주로 427, 322호 (역삼동, 디오빌역삼)",06221,01,영업/정상,유통전문판매업,,,,
,자가,주식회사 호라인터내셔날,유통전문판매업,,204432.46,444839.755,2026-05-03 22:50:28,I,01,영업,3.3,,,,,,,,,2020-04-20 11:22:01,2020-04-20,3.30,135-876,서울특별시 강남구 삼성동 142-34,N,,3220000-113-2020-00077,,3220000,"서울특별시 강남구 선릉로92길 28, 4층 426호 (삼성동)",06160,01,영업/정상,유통전문판매업,,,,
,자가,준푸드,유통전문판매업,,203607.068430001,445315.578728921,2026-05-03 22:50:28,I,01,영업,0,,,,,,,,,2020-04-21 10:54:52,2020-04-21,3.30,135-529,서울특별시 강남구 논현동 277-20 아모제논현빌딩,N,,3220000-113-2020-00079,,3220000,"서울특별시 강남구 봉은사로 317, 아모제논현빌딩 3층 3137호 (논현동)",06103,01,영업/정상,유통전문판매업,,,,
,자가,주식회사 비채온,유통전문판매업,,204737.981901359,444791.890438071,2026-05-03 22:50:28,I,01,영업,0,,,,,,,,,2023-03-17 16:33:03,2020-04-24,55.00,135-840,서울특별시 강남구 대치동 891-37,N,,3220000-113-2020-00082,,3220000,"서울특별시 강남구 선릉로90길 64, 4층 (대치동)",06194,01,영업/정상,유통전문판매업,02-553-0975,,,
,자가,(주)에스피앤지,유통전문판매업,,204275.368345494,446808.315060568,2026-05-03 22:50:28,I,01,영업,22.6,,,,,,,,,2023-02-23 16:46:51,2020-05-07,22.60,135-952,서울특별시 강남구 청담동 50-8,N,,3220000-113-2020-00086,,3220000,"서울특별시 강남구 도산대로90길 13, 지상6층 (청담동)",06070,01,영업/정상,유통전문판매업,02-511-7969,,,
,자가,(주)노블러스,유통전문판매업,,202785.298958442,445943.8587993,2026-05-03 22:50:28,I,01,영업,169,,,,,,,,,2020-05-08 12:16:53,2020-05-08,169.00,135-818,서울특별시 강남구 논현동 82-15 논현오성빌딩,N,,3220000-113-2020-00088,,3220000,"서울특별시 강남구 학동로33길 15, 논현오성빌딩 지상4층 401호 (논현동)",06052,01,영업/정상,유통전문판매업,02-548-0059,,,
,자가,(주)엘씨드인터내셔널,유통전문판매업,,202397.823303745,445326.024685853,2026-05-03 22:50:28,I,01,영업,90.41,,,,,,,,,2024-01-02 15:18:54,2020-05-08,90.41,135-824,서울특별시 강남구 논현동 149-34 엘씨드빌딩,N,,3220000-113-2020-00089,,3220000,"서울특별시 강남구 논현로123길 52-3, 엘씨드빌딩 지상2층 (논현동)",06115,01,영업/정상,유통전문판매업,,,,
,자가,주식회사 제뉴인바이오,유통전문판매업,,204103.04193011,444558.775468448,2026-05-03 22:50:28,I,01,영업,37.58,,,,,,,,,2020-05-13 14:45:19,2020-05-13,37.58,135-918,서울특별시 강남구 역삼동 707-38 테헤란로오피스빌딩,N,,3220000-113-2020-00094,,3220000,"서울특별시 강남구 테헤란로52길 6, 테헤란로오피스빌딩 1513호 (역삼동)",06211,01,영업/정상,유통전문판매업,,,,
,자가,(주)에프비홀딩스,유통전문판매업,,202392.551636109,445697.808600681,2026-05-03 22:50:28,I,01,영업,397.8,,,,,,,,,2021-04-05 17:19:47,2020-05-13,397.80,135-815,서울특별시 강남구 논현동 57-30 원일빌딩,N,,3220000-113-2020-00096,,3220000,"서울특별시 강남구 학동로 157, 원일빌딩 지상4층 (논현동)",06045,01,영업/정상,유통전문판매업,02-540-0296,,,
,자가,미아전(miajeon),유통전문판매업,,201701.134309792,446592.027949394,2026-05-03 22:50:28,I,01,영업,20,,,,,,,,,2025-07-31 15:37:35,2020-05-19,20.00,135-888,서울특별시 강남구 신사동 526-16,N,,3220000-113-2020-00098,,3220000,"서울특별시 강남구 압구정로4길 14-4, 1층 101호 (신사동)",06027,01,영업/정상,유통전문판매업,,,,
,자가,주식회사 한길상회,유통전문판매업,,202594.594696308,446671.135771464,2026-05-03 22:50:28,I,01,영업,118.05,,,,,,,,,2023-05-25 15:40:02,2020-05-20,118.05,135-893,서울특별시 강남구 신사동 593-28,N,,3220000-113-2020-00100,,3220000,"서울특별시 강남구 도산대로35길 21-1, 2층 201호 (신사동)",06025,01,영업/정상,유통전문판매업,,,,
,자가,(주)예일비알엠,유통전문판매업,,202065.222306289,445417.77695068,2026-05-03 22:50:28,I,01,영업,140,,,,,,,,,2020-05-25 14:10:37,2020-05-25,140.00,135-822,서울특별시 강남구 논현동 123-7,N,,3220000-113-2020-00102,,3220000,"서울특별시 강남구 학동로6길 11, 3층 (논현동)",06111,01,영업/정상,유통전문판매업,02-545-2440,,,
,자가,(주)지니어트,유통전문판매업,,202673.099652589,443495.674295935,2026-05-03 22:50:28,I,01,영업,106.47,0,0,0,,,,0,,2023-03-24 10:28:22,2020-05-27,106.47,135-936,서울특별시 강남구 역삼동 831-45 에스케이허브젠,N,,3220000-113-2020-00105,,3220000,"서울특별시 강남구 역삼로 109, 지하1층 B01호 (역삼동, 에스케이허브젠)",06242,01,영업/정상,유통전문판매업,,,,
,자가,(주)우텐더코리아,유통전문판매업,,203093.52803808,447194.039177002,2026-05-03 22:50:28,I,01,영업,118.4,,,,,,,,,2020-05-29 11:25:13,2020-05-29,118.40,135-896,서울특별시 강남구 신사동 643-20,N,,3220000-113-2020-00107,,3220000,"서울특별시 강남구 압구정로42길 25-10, 2층 (신사동)",06017,01,영업/정상,유통전문판매업,,,,
,자가,아웃고잉푸드,유통전문판매업,,203539.676607641,443898.899570257,2026-05-03 22:50:28,I,01,영업,3.3,,,,,,,,,2020-05-29 16:48:21,2020-05-29,3.30,135-514,서울특별시 강남구 역삼동 733-11,N,,3220000-113-2020-00108,,3220000,"서울특별시 강남구 논현로76길 24, 5층 5068호 (역삼동)",06224,01,영업/정상,유통전문판매업,,,,
,자가,닥터프라나,유통전문판매업,,203588.048190661,446183.368328818,2026-05-03 22:50:28,I,01,영업,4.95,,,,,,,,,2020-06-02 14:50:16,2020-06-02,4.95,135-764,서울특별시 강남구 청담동 41 청담빌딩,N,,3220000-113-2020-00110,,3220000,"서울특별시 강남구 선릉로 704, 12층 164호 (청담동)",06069,01,영업/정상,유통전문판매업,,,,
,자가,유로인터글로벌(주),유통전문판매업,,202425.73,444852.88,2026-05-03 22:50:28,I,01,영업,32.8,,,,,,,,,2020-06-05 16:33:11,2020-06-05,32.80,135-726,서울특별시 강남구 논현동 203-1 거평타운,N,,3220000-113-2020-00111,,3220000,"서울특별시 강남구 봉은사로 129, 거평타운 818호 (논현동)",06121,01,영업/정상,유통전문판매업,,,,
,자가,(주)미식모험,유통전문판매업,,205559.15,445914.69,2026-05-03 22:50:28,I,01,영업,82.5,,,,,,,,,2020-06-08 17:10:12,2020-06-08,82.50,135-873,서울특별시 강남구 삼성동 109-1 인우빌딩,N,,3220000-113-2020-00113,,3220000,"서울특별시 강남구 영동대로112길 42, 인우빌딩 지상1층 (삼성동)",06083,01,영업/정상,유통전문판매업,,,,
,자가,브릭스코리아 주식회사,유통전문판매업,,206970.919291372,443574.411625824,2026-05-03 22:50:36,I,01,영업,32,0,0,0,,,,0,,2021-07-13 12:09:38,2021-07-13,32.00,135-939,서울특별시 강남구 개포동 13-3 대청타워,N,,3220000-113-2021-00163,,3220000,"서울특별시 강남구 개포로 623, 대청타워 6층 603호 (개포동)",06336,01,영업/정상,유통전문판매업,02-741-0839,,,
,자가,(주)스키너리즘,유통전문판매업,,204729.486889116,444506.05823838,2026-05-03 22:50:36,I,01,영업,21,,,,,,,,,2021-07-14 13:10:58,2021-07-14,21.00,135-841,서울특별시 강남구 대치동 901-7,N,,3220000-113-2021-00166,,3220000,"서울특별시 강남구 역삼로71길 13, 지상1층 101-1호 (대치동)",06196,01,영업/정상,유통전문판매업,,,,
,자가,푸드트리오,유통전문판매업,,203822.375016139,444774.428960634,2026-05-03 22:50:36,I,01,영업,9.4,,,,,,,,,2025-04-04 11:49:41,2021-07-14,9.40,135-917,서울특별시 강남구 역삼동 699-29 예원빌딩,N,,3220000-113-2021-00168,,3220000,"서울특별시 강남구 테헤란로43길 29, 예원빌딩 지상1층 101호 (역삼동)",06147,01,영업/정상,유통전문판매업,,,,
,자가,차차컴퍼니,유통전문판매업,,203494.009664824,446639.472708127,2026-05-03 22:50:36,I,01,영업,92.5,,,,,,,,,2021-07-16 16:48:06,2021-07-16,92.50,135-948,서울특별시 강남구 청담동 1-14,N,,3220000-113-2021-00169,,3220000,"서울특별시 강남구 도산대로56길 16, 지상3층 302호 (청담동)",06062,01,영업/정상,유통전문판매업,,,,
,,주식회사 서피란,유통전문판매업,,204479.662754186,441397.212000675,2026-05-03 22:50:36,I,01,영업,3.3,,,,,,,,,2023-01-12 14:47:19,2021-06-22,3.30,135-961,서울특별시 강남구 개포동 1184-6,N,,3220000-113-2021-00171,,3220000,"서울특별시 강남구 개포로22길 74, 5층 501호 (개포동)",06314,01,영업/정상,유통전문판매업,,,,
,자가,주식회사 다이트랩,유통전문판매업,,201837.081659378,446148.334812048,2026-05-03 22:50:36,I,01,영업,122.76,,,,,,,,,2025-08-04 17:00:14,2021-07-21,122.76,135-887,서울특별시 강남구 신사동 514-21 세현빌딩,N,,3220000-113-2021-00172,,3220000,"서울특별시 강남구 강남대로152길 26, 세현빌딩 지상5층 (신사동)",06035,01,영업/정상,유통전문판매업,,,,
,자가,강오 주식회사,유통전문판매업,,204256.531482769,446946.91293269,2026-05-03 22:50:36,I,01,영업,10.25,,,,,,,,,2021-07-22 16:57:29,2021-07-22,10.25,135-957,서울특별시 강남구 청담동 124-3 에스디바이오센서,N,,3220000-113-2021-00174,,3220000,"서울특별시 강남구 도산대로 509, 에스디바이오센서 11층 (청담동)",06012,01,영업/정상,유통전문판매업,,,,
,자가,(주)벤디스,유통전문판매업,,205359.898726792,445864.805913342,2026-05-03 22:50:36,I,01,영업,379,,,,,,,,,2021-07-23 15:58:43,2021-07-23,379.00,135-873,서울특별시 강남구 삼성동 107-6 성재빌딩,N,,3220000-113-2021-00177,,3220000,"서울특별시 강남구 봉은사로103길 5, 성재빌딩 지상4층 (삼성동)",06083,01,영업/정상,유통전문판매업,1644-5047,,,
,자가,너나들,유통전문판매업,,205271.275273064,445852.638814088,2026-05-03 22:50:36,I,01,영업,1.65,,,,,,,,,2021-07-23 17:40:26,2021-07-23,1.65,135-873,서울특별시 강남구 삼성동 107 삼성동 미켈란 107,N,,3220000-113-2021-00178,,3220000,"서울특별시 강남구 영동대로 602, 6층 H168호 (삼성동, 삼성동 미켈란 107)",06083,01,영업/정상,유통전문판매업,,,,
,자가,(유)네이션임팩트,유통전문판매업,,203453.60704497,446675.615756198,2026-05-03 22:50:36,I,01,영업,69.36,,,,,,,,,2021-07-26 17:18:14,2021-07-26,69.36,135-948,서울특별시 강남구 청담동 1-19 청담원빌딩,N,,3220000-113-2021-00179,,3220000,"서울특별시 강남구 선릉로 758-2, 청담원빌딩 지하1층 (청담동)",06062,01,영업/정상,유통전문판매업,070-4901-2002,,,
,자가,주식회사 오퓨랩,유통전문판매업,,202671.583408888,445590.827111878,2026-05-03 22:50:36,I,01,영업,33,,,,,,,,,2021-07-28 16:27:12,2021-07-28,33.00,135-824,서울특별시 강남구 논현동 130-17 그린빌딩,N,,3220000-113-2021-00182,,3220000,"서울특별시 강남구 논현로 657, 그린빌딩 지하1층 (논현동)",06112,01,영업/정상,유통전문판매업,02-6249-3239,,,
,자가,(주)제이어스코퍼레이션,유통전문판매업,,202477.944034374,446713.622223372,2026-05-03 22:50:36,I,01,영업,3.3,,,,,,,,,2021-07-28 17:49:33,2021-07-28,3.30,135-893,서울특별시 강남구 신사동 592-11,N,,3220000-113-2021-00183,,3220000,"서울특별시 강남구 압구정로30길 72, 지상2층 249호 (신사동)",06025,01,영업/정상,유통전문판매업,,,,
,자가,주식회사 벤티스,유통전문판매업,,203763.966966523,442544.416548171,2026-05-03 22:50:36,I,01,영업,66,,,,,,,,,2021-07-29 12:29:34,2021-07-29,66.00,135-854,서울특별시 강남구 도곡동 412-8,N,,3220000-113-2021-00184,,3220000,"서울특별시 강남구 논현로36길 19, 지상2층 202호 (도곡동)",06296,01,영업/정상,유통전문판매업,070-8623-0888,,,
,자가,디카커피랩,유통전문판매업,,205271.275273064,445852.638814088,2026-05-03 22:50:36,I,01,영업,1.65,,,,,,,,,2021-08-02 17:56:53,2021-08-02,1.65,135-873,서울특별시 강남구 삼성동 107 삼성동 미켈란 107,N,,3220000-113-2021-00187,,3220000,"서울특별시 강남구 영동대로 602, 6층 F179호 (삼성동, 삼성동 미켈란 107)",06083,01,영업/정상,유통전문판매업,02-2616-1217,,,
,자가,(주)하나마이,유통전문판매업,,203626.595529586,443806.466145925,2026-05-03 22:50:36,I,01,영업,139.07,,,,,,,,,2021-08-03 11:59:37,2021-08-03,139.07,135-928,서울특별시 강남구 역삼동 770-14,N,,3220000-113-2021-00188,,3220000,"서울특별시 강남구 논현로72길 31, 지상5층 (역삼동)",06227,01,영업/정상,유통전문판매업,02-571-2508,,,
,자가,윤스오리지널 주식회사,유통전문판매업,,204518.8799802,442703.584823804,2026-05-03 22:50:36,I,01,영업,35,,,,,,,,,2021-08-05 16:20:12,2021-08-05,35.00,135-555,서울특별시 강남구 도곡동 467-24 우성캐릭터199,N,,3220000-113-2021-00189,,3220000,"서울특별시 강남구 언주로 118, 1605호 (도곡동, 우성캐릭터199)",06295,01,영업/정상,유통전문판매업,,,,
,자가,(주)피엔알,유통전문판매업,,209144.783150288,442922.611326787,2026-05-03 22:50:36,I,01,영업,38.02,,,,,,,,,2023-08-09 14:51:54,2021-08-12,38.02,135-560,서울특별시 강남구 수서동 716 사이룩스오피스텔,N,,3220000-113-2021-00190,,3220000,"서울특별시 강남구 광평로 295, 사이룩스오피스텔 동관 1101호 (수서동)",06349,01,영업/정상,유통전문판매업,02-555-0111,,,
,자가,이웃집통통이,유통전문판매업,,203357.638380065,447231.009843882,2026-05-03 22:50:43,I,01,영업,3.3,,,,,,,,,2024-12-09 14:27:05,2023-01-13,3.30,135-897,서울특별시 강남구 신사동 662-9,N,,3220000-113-2023-00013,,3220000,"서울특별시 강남구 선릉로161길 19, 지상1층 (신사동)",06018,01,영업/정상,유통전문판매업,,,,
,자가,주식회사 클로이컴퍼니,유통전문판매업,,202610.295311256,445973.524578466,2026-05-03 22:50:43,I,01,영업,99,,,,,,,,,2023-01-19 12:31:38,2023-01-19,99.00,135-818,서울특별시 강남구 논현동 80-23,N,,3220000-113-2023-00014,,3220000,"서울특별시 강남구 논현로136길 3, 3층 301호 (논현동)",06051,01,영업/정상,유통전문판매업,070-7178-4022,,,
,자가,주식회사 잇그레이스,유통전문판매업,,202065.222306289,445417.77695068,2026-05-03 22:50:43,I,01,영업,86.5,,,,,,,,,2023-01-26 14:48:46,2023-01-26,86.50,135-822,서울특별시 강남구 논현동 123-7,N,,3220000-113-2023-00015,,3220000,"서울특별시 강남구 학동로6길 11, 지상5층 (논현동)",06111,01,영업/정상,유통전문판매업,,,,
,자가,(주)에스에이엘컴퍼니,유통전문판매업,,205079.418138107,444869.834721154,2026-05-03 22:50:43,I,01,영업,3.3,,,,,,,,,2023-01-31 17:39:59,2023-01-31,3.30,135-845,서울특별시 강남구 대치동 942-15,N,,3220000-113-2023-00016,,3220000,"서울특별시 강남구 테헤란로82길 15, 지상13층 1357호 (대치동)",06178,01,영업/정상,유통전문판매업,,,,
,자가,더마일스톤(Themilestone),유통전문판매업,,202071.266009178,446578.595717741,2026-05-03 22:50:43,I,01,영업,36.39,,,,,,,,,2023-02-01 16:21:41,2023-02-24,36.39,135-890,서울특별시 강남구 신사동 554-17,N,,3220000-113-2023-00017,,3220000,"서울특별시 강남구 도산대로19길 45, 202호 (신사동)",06033,01,영업/정상,유통전문판매업,,,,
,자가,딥마인드플랫폼,유통전문판매업,,203477.730936006,446264.035091856,2026-05-03 22:50:43,I,01,영업,777.18,,,,,,,,,2025-08-18 12:14:53,2023-02-02,777.18,135-820,서울특별시 강남구 논현동 111-6 드래곤타워,N,,3220000-113-2023-00019,,3220000,"서울특별시 강남구 선릉로135길 5, 드래곤타워 (논현동)",06059,01,영업/정상,유통전문판매업,02-3012-0033,,,
,자가,주식회사 에스비제이컴퍼니,유통전문판매업,,204632.042870396,447092.470273007,2026-05-03 22:50:43,I,01,영업,95.43,,,,,,,,,2023-02-02 15:46:48,2023-02-02,95.43,135-957,서울특별시 강남구 청담동 128-12,N,,3220000-113-2023-00020,,3220000,"서울특별시 강남구 압구정로79길 73-2, 4층 (청담동)",06013,01,영업/정상,유통전문판매업,,,,
,,주식회사 투데이헬스케어,유통전문판매업,,204765.635,444751.96,2026-05-03 22:50:43,I,01,영업,157.36,,,,,,,,,2025-07-15 12:32:52,2023-02-02,157.36,135-840,서울특별시 강남구 대치동 891-48 돌채타워,N,,3220000-113-2023-00021,,3220000,"서울특별시 강남구 테헤란로78길 14-11, 돌채타워 4층 (대치동)",06194,01,영업/정상,유통전문판매업,070-8019-0733,,,
,자가,트랜서핑,유통전문판매업,,202668.065422549,446332.171860773,2026-05-03 22:50:43,I,01,영업,3.3,,,,,,,,,2023-02-03 17:46:57,2023-02-03,3.30,135-816,서울특별시 강남구 논현동 65-24,N,,3220000-113-2023-00023,,3220000,"서울특별시 강남구 언주로147길 42, 2층 2402호 (논현동)",06049,01,영업/정상,유통전문판매업,070-9480-7895,,,
,자가,지니어스 키친(Genius Kitchen),유통전문판매업,,205271.275273064,445852.638814088,2026-05-03 22:50:43,I,01,영업,1.65,0,0,0,,,,0,,2023-02-07 14:38:48,2023-02-07,1.65,135-873,서울특별시 강남구 삼성동 107 삼성동 미켈란 107,N,,3220000-113-2023-00024,,3220000,"서울특별시 강남구 영동대로 602, 지상6층 P34호 (삼성동, 삼성동 미켈란 107)",06083,01,영업/정상,유통전문판매업,,,,
,자가,청담예마,유통전문판매업,,204470.581867921,446209.061657,2026-05-03 22:50:43,I,01,영업,37.5,0,0,0,,,,0,,2023-02-10 11:21:19,2023-02-10,37.50,135-869,서울특별시 강남구 삼성동 52-4,N,,3220000-113-2023-00027,,3220000,"서울특별시 강남구 학동로82길 12, 지상3층 301호 (삼성동)",06084,01,영업/정상,유통전문판매업,,,,
,자가,슬론스 카페(Sloane's Cafe),유통전문판매업,,202358.505687227,447232.955697694,2026-05-03 22:50:43,I,01,영업,2,,,,,,,,,2025-09-02 16:49:59,2023-02-17,2.00,135-724,서울특별시 강남구 압구정동 429 현대백화점본점,N,,3220000-113-2023-00028,,3220000,"서울특별시 강남구 압구정로 165, 현대백화점본점 지상4층 (압구정동)",06001,01,영업/정상,유통전문판매업,02-3438-6298,,,
,자가,건강식품연구소 주식회사,유통전문판매업,,205079.418138107,444869.834721154,2026-05-03 22:50:43,I,01,영업,3.3,,,,,,,,,2023-03-07 16:45:38,2023-02-21,3.30,135-845,서울특별시 강남구 대치동 942-15,N,,3220000-113-2023-00029,,3220000,"서울특별시 강남구 테헤란로82길 15, 9층 977호 (대치동)",06178,01,영업/정상,유통전문판매업,,,,
,자가,그린페어트레이드 주식회사,유통전문판매업,,208937.760652081,442873.588039887,2026-05-03 22:50:43,I,01,영업,31.4,,,,,,,,,2024-04-18 09:30:36,2023-02-21,31.40,135-539,서울특별시 강남구 수서동 713 수서현대벤쳐빌,N,,3220000-113-2023-00030,,3220000,"서울특별시 강남구 밤고개로1길 10, 수서현대벤쳐빌 14층 1409호 (수서동)",06349,01,영업/정상,유통전문판매업,,,,
,자가,주식회사 신환인터네셔널,유통전문판매업,,209052.072465426,442797.138150563,2026-05-03 22:50:43,I,01,영업,42.2,,,,,,,,,2023-02-24 17:45:37,2023-02-24,42.20,135-744,서울특별시 강남구 수서동 724 로즈데일오피스텔,N,,3220000-113-2023-00033,,3220000,"서울특별시 강남구 광평로 280, 로즈데일오피스텔 11층 1135호 (수서동)",06367,01,영업/정상,유통전문판매업,,,,
,자가,(주)장전,유통전문판매업,,204879.102514766,445439.726537053,2026-05-03 22:50:43,I,01,영업,13.2,,,,,,,,,2023-02-28 11:34:48,2023-02-28,13.20,135-878,서울특별시 강남구 삼성동 149-29 대모빌딩,N,,3220000-113-2023-00034,,3220000,"서울특별시 강남구 삼성로104길 17, 4층 (삼성동)",06165,01,영업/정상,유통전문판매업,02-554-4944,,,
,자가,주식회사 잭앤존,유통전문판매업,,203313.448609708,446043.8368013,2026-05-03 22:50:43,I,01,영업,40,,,,,,,,,2023-02-28 14:19:02,2023-02-28,40.00,135-821,서울특별시 강남구 논현동 117-1 한미빌딩,N,,3220000-113-2023-00035,,3220000,"서울특별시 강남구 학동로 323, 한미빌딩 3층 302호 (논현동)",06060,01,영업/정상,유통전문판매업,,,,
,자가,주식회사 코리엘,유통전문판매업,,203213.845649652,443968.354266375,2026-05-03 22:50:43,I,01,영업,0,,,,,,,,,2025-04-23 10:55:10,2023-02-28,72.00,135-924,서울특별시 강남구 역삼동 738-40,N,,3220000-113-2023-00036,,3220000,"서울특별시 강남구 논현로81길 11, 3층 일부호 (역삼동)",06237,01,영업/정상,유통전문판매업,070-4218-4850,,,
,자가,주식회사 뉴트로직(Nutrogic),유통전문판매업,,202811.890531888,444103.760183634,2026-05-03 22:50:21,I,01,영업,3.3,,,,,,,,,2020-07-15 15:16:21,2017-08-03,3.30,135-933,서울특별시 강남구 역삼동 823-22 성곡빌딩,N,,3220000-113-2017-00092,,3220000,"서울특별시 강남구 테헤란로 128, 성곡빌딩 지상2층 256호 (역삼동)",06234,01,영업/정상,유통전문판매업,1566-7079,,,
,자가,엘본에프앤비 주식회사,유통전문판매업,,204950.839068454,445256.671909901,2026-05-03 22:50:21,I,01,영업,100,,,,,,,,,2020-11-10 17:17:49,2017-08-09,100.00,135-879,서울특별시 강남구 삼성동 155-3,N,,3220000-113-2017-00093,,3220000,"서울특별시 강남구 테헤란로83길 33, 지상3층 (삼성동)",06167,01,영업/정상,유통전문판매업,,,,
,자가,(주)네오파인즈,유통전문판매업,,207112.195695469,443163.101895121,2026-05-03 22:50:21,I,01,영업,2.2,,,,,,,,,2024-08-19 15:20:58,2017-08-23,2.20,135-516,서울특별시 강남구 일원동 684 남경빌딩,N,,3220000-113-2017-00096,,3220000,"서울특별시 강남구 일원로 35, 남경빌딩 5층 5036호 (일원동)",06343,01,영업/정상,유통전문판매업,070-7432-2223,,,
,자가,위드얼스,유통전문판매업,,203588.048190661,446183.368328818,2026-05-03 22:50:21,I,01,영업,3.3,,,,,,,,,2018-06-08 09:46:06,2017-08-30,3.30,135-951,서울특별시 강남구 청담동 41,N,,3220000-113-2017-00099,,3220000,"서울특별시 강남구 선릉로 704, 12층 1245호 (청담동)",06069,01,영업/정상,유통전문판매업,,,,
,자가,주식회사 메디쿼터스,유통전문판매업,,202811.016751708,445448.912955288,2026-05-03 22:50:21,I,01,영업,180,0,0,0,,,,0,,2021-04-29 11:27:41,2017-09-15,180.00,135-829,서울특별시 강남구 논현동 216-18 대용빌딩,N,,3220000-113-2017-00101,,3220000,"서울특별시 강남구 논현로 644, 지영빌딩 지상2층,3층 (논현동)",06106,01,영업/정상,유통전문판매업,,,,
,자가,(주)에슬로우,유통전문판매업,,203607.068430001,445315.578728921,2026-05-03 22:50:21,I,01,영업,4,,,,,,,,,2024-05-02 13:32:34,2017-09-21,4.00,135-529,서울특별시 강남구 논현동 277-20 아모제논현빌딩,N,,3220000-113-2017-00103,,3220000,"서울특별시 강남구 봉은사로 317, 아모제논현빌딩 2층 2070호 (논현동)",06103,01,영업/정상,유통전문판매업,02-318-0367,,,
,자가,샐러드영,유통전문판매업,,204295.874529197,446836.603474332,2026-05-03 22:50:21,I,01,영업,6.6,,,,,,,,,2017-09-28 14:36:11,2017-09-28,6.60,135-952,서울특별시 강남구 청담동 50-11,N,,3220000-113-2017-00105,,3220000,"서울특별시 강남구 도산대로90길 7, 지상1층 (청담동)",06070,01,영업/정상,유통전문판매업,,,,
,자가,(주)블루브릿지,유통전문판매업,,202178.147545442,444820.951451923,2026-05-03 22:50:21,I,01,영업,3.3,0,0,0,,,,0,,2024-06-11 13:17:05,2017-10-11,3.30,135-827,서울특별시 강남구 논현동 198-18,N,,3220000-113-2017-00107,,3220000,"서울특별시 강남구 강남대로112길 13, 지상1층 118호 (논현동)",06120,01,영업/정상,유통전문판매업,02-543-3370,,,
,자가,(주)핀쿡,유통전문판매업,,202470.1,443933.005000001,2026-05-03 22:50:21,I,01,영업,9.9,0,0,0,,,,0,,2019-07-29 11:23:40,2017-10-19,9.90,135-934,서울특별시 강남구 역삼동 825-1,N,,3220000-113-2017-00111,,3220000,"서울특별시 강남구 테헤란로2길 8, 4층 (역삼동)",06232,01,영업/정상,유통전문판매업,02-561-7282,,,
,자가,(주)베베쿡,유통전문판매업,,205340.631121567,445354.571117445,2026-05-03 22:50:21,I,01,영업,69,,,,,,,,,2023-11-23 14:28:53,2017-10-27,69.00,135-090,서울특별시 강남구 삼성동 159-1 트레이드타워,N,,3220000-113-2017-00115,,3220000,"서울특별시 강남구 영동대로 511, 46층 4602호 (삼성동)",06164,01,영업/정상,유통전문판매업,,,,
,자가,루안코리아(주),유통전문판매업,,201760.731993253,445848.065951128,2026-05-03 22:50:21,I,01,영업,0,,,,,,,,,2022-03-11 16:38:29,2017-11-03,49.50,135-811,서울특별시 강남구 논현동 16-40,N,,3220000-113-2017-00116,,3220000,"서울특별시 강남구 강남대로146길 7, 5층 501호 (논현동)",06038,01,영업/정상,유통전문판매업,,,,
,임대,주식회사 어댑트,유통전문판매업,,204849.998753087,445280.596880852,2026-05-03 22:50:21,I,01,영업,903.68,0,0,0,,,,0,,2020-02-03 16:58:59,2017-07-31,903.68,135-878,서울특별시 강남구 삼성동 151-7 싹아트센터,N,,3220000-113-2017-00117,,3220000,"서울특별시 강남구 삼성로 534, 지상4층 (삼성동)",06166,01,영업/정상,유통전문판매업,02-6952-3396,,,상수도전용
,,주식회사 엔잭타,유통전문판매업,,204511.261869377,444757.911128383,2026-05-03 22:50:21,I,01,영업,618.77,,,,,,,,,2023-05-25 17:04:41,2017-11-14,618.77,135-839,서울특별시 강남구 대치동 890-8 연봉빌딩,N,,3220000-113-2017-00119,,3220000,"서울특별시 강남구 테헤란로 416, 연봉빌딩 12층 (대치동)",06193,01,영업/정상,유통전문판매업,02-565-4011,,,
,자가,주식회사 옐로우버켓,유통전문판매업,,204325.143969001,444689.095230482,2026-05-03 22:50:21,I,01,영업,45.9,0,0,0,,,,0,,2021-08-17 12:51:10,2017-11-22,45.90,135-839,서울특별시 강남구 대치동 889-5 샹제리제센터,N,,3220000-113-2017-00121,,3220000,"서울특별시 강남구 테헤란로 406, 샹제리제센터 에이동 20층 2012호 (대치동)",06192,01,영업/정상,유통전문판매업,1833-5436,,,
,자가,로코타코에프에스,유통전문판매업,,204389.356959707,441457.423640678,2026-05-03 22:50:21,I,01,영업,269.36,0,0,0,,,,0,,2021-09-30 09:14:10,2017-11-23,269.36,135-962,서울특별시 강남구 개포동 1197-2 친환경식품유통센터,N,,3220000-113-2017-00122,,3220000,"서울특별시 강남구 논현로10길 29, 지상3층 300호 (개포동)",06312,01,영업/정상,유통전문판매업,02-529-2908,,,
,자가,백미당,유통전문판매업,,202891.984409173,446528.587048816,2026-05-03 22:50:21,I,01,영업,100,,,,,,,,,2020-04-17 16:46:53,2017-12-01,100.00,135-816,서울특별시 강남구 논현동 62-10,N,,3220000-113-2017-00126,,3220000,"서울특별시 강남구 도산대로 240, 6층 (논현동)",06048,01,영업/정상,유통전문판매업,,,,
,,(주)셀큐,유통전문판매업,,204251.498855356,445610.068975009,2026-05-03 22:50:21,I,01,영업,70,0,0,0,,,,0,,2021-12-16 11:42:46,2017-02-09,70.00,135-868,서울특별시 강남구 삼성동 46-11,N,,3220000-113-2017-00128,,3220000,"서울특별시 강남구 선릉로112길 65, 지상3층 (삼성동)",06096,01,영업/정상,유통전문판매업,070-4276-6780,,,
,임대,(주)비읍이너뷰티,유통전문판매업,,203529.72124542,444859.188711678,2026-05-03 22:50:21,I,01,영업,25.2,0,0,0,,,,0,,2019-07-15 10:05:08,2017-10-13,25.20,135-913,서울특별시 강남구 역삼동 662-14 코스토리타워,N,,3220000-113-2017-00136,,3220000,"서울특별시 강남구 언주로 537, 코스토리타워 2층 (역삼동)",06138,01,영업/정상,유통전문판매업,070-4407-9832,,,상수도전용
,자가,피앤인터내셔널(주),유통전문판매업,,205271.275273064,445852.638814088,2026-05-03 22:50:28,I,01,영업,1.65,,,,,,,,,2020-06-11 17:41:13,2020-06-11,1.65,135-873,서울특별시 강남구 삼성동 107 삼성동 미켈란 107,N,,3220000-113-2020-00118,,3220000,"서울특별시 강남구 영동대로 602, 지상6층 TA88호 (삼성동, 삼성동 미켈란 107)",06083,01,영업/정상,유통전문판매업,,,,
,자가,원앤원주식회사 유통지점,유통전문판매업,,202079.398223892,444993.856791868,2026-05-03 22:50:28,I,01,영업,51.49,,,,,,,,,2025-01-17 17:51:45,2020-06-12,51.49,135-825,서울특별시 강남구 논현동 167-31,N,,3220000-113-2020-00120,,3220000,"서울특별시 강남구 강남대로120길 9, 지상4층 (논현동)",06119,01,영업/정상,유통전문판매업,02-460-8646,,,
,자가,스타 빌리온,유통전문판매업,,202632.445261107,444024.960364014,2026-05-03 22:50:28,I,01,영업,13.22,,,,,,,,,2020-06-16 12:59:27,2020-06-16,13.22,135-934,서울특별시 강남구 역삼동 824-19 동경빌딩,N,,3220000-113-2020-00121,,3220000,"서울특별시 강남구 테헤란로 116, 동경빌딩 10층 s1010호 (역삼동)",06233,01,영업/정상,유통전문판매업,,,,
,자가,푸드스타 에프앤비,유통전문판매업,,203539.676607641,443898.899570257,2026-05-03 22:50:28,I,01,영업,3.8,,,,,,,,,2020-06-18 15:38:54,2020-06-18,3.80,135-514,서울특별시 강남구 역삼동 733-11,N,,3220000-113-2020-00123,,3220000,"서울특별시 강남구 논현로76길 24, 지상6층 632호 (역삼동)",06224,01,영업/정상,유통전문판매업,,,,
,자가,라운지샵,유통전문판매업,,202779.506385614,444212.378808772,2026-05-03 22:50:28,I,01,영업,45,,,,,,,,,2020-06-18 14:37:51,2020-06-18,45.00,135-911,서울특별시 강남구 역삼동 648-9,N,,3220000-113-2020-00124,,3220000,"서울특별시 강남구 테헤란로 129, 935호 (역삼동)",06133,01,영업/정상,유통전문판매업,02-6250-0924,,,
,자가,(주)필로스 씨엔에프,유통전문판매업,,202390.794120164,446575.70467617,2026-05-03 22:50:28,I,01,영업,250.8,,,,,,,,,2021-04-05 16:55:53,2020-06-19,250.80,135-892,서울특별시 강남구 신사동 586-1 Burda Moon 빌딩,N,,3220000-113-2020-00125,,3220000,"서울특별시 강남구 논현로 815, Burda Moon 빌딩 2층 (신사동)",06032,01,영업/정상,유통전문판매업,070-4195-7701,,,
,자가,(주)진루아쏘,유통전문판매업,,204161.991759334,441807.224486323,2026-05-03 22:50:28,I,01,영업,64,,,,,,,,,2020-06-26 11:47:08,2020-06-26,64.00,135-962,서울특별시 강남구 개포동 1218-30,N,,3220000-113-2020-00130,,3220000,"서울특별시 강남구 개포로22길 5, 3층 (개포동)",06308,01,영업/정상,유통전문판매업,02-888-0065,,,
,자가,번짐,유통전문판매업,,202832.629627891,444436.805939168,2026-05-03 22:50:28,I,01,영업,0,,,,,,,,,2022-03-28 14:14:27,2020-06-29,234.79,135-908,서울특별시 강남구 역삼동 631-12,N,,3220000-113-2020-00131,,3220000,"서울특별시 강남구 테헤란로19길 31, 지하1층,지상1,2층 (역삼동)",06131,01,영업/정상,유통전문판매업,070-7755-5251,,,
,자가,주식회사 데이랩스,유통전문판매업,,204884.770066515,445000.247139068,2026-05-03 22:50:28,I,01,영업,195,,,,,,,,,2022-02-11 10:40:57,2020-06-30,195.00,135-877,서울특별시 강남구 삼성동 144-29 KB우준타워,N,,3220000-113-2020-00133,,3220000,"서울특별시 강남구 테헤란로 447, KB우준타워 10층 (삼성동)",06158,01,영업/정상,유통전문판매업,02-6959-3877,,,
,자가,(주)지엘리코퍼레이션,유통전문판매업,,202093.425394751,445455.848432175,2026-05-03 22:50:28,I,01,영업,171.42,,,,,,,,,2025-02-28 11:20:10,2020-07-01,171.42,135-822,서울특별시 강남구 논현동 124-24,N,,3220000-113-2020-00134,,3220000,"서울특별시 강남구 학동로8길 9, 지상1층 (논현동)",06111,01,영업/정상,유통전문판매업,070-7805-8471,,,
,자가,주식회사 캐비아,유통전문판매업,,202810.149555429,446927.941254362,2026-05-03 22:50:28,I,01,영업,132,,,,,,,,,2022-07-15 15:37:08,2020-07-03,132.00,135-895,서울특별시 강남구 신사동 623-8,N,,3220000-113-2020-00136,,3220000,"서울특별시 강남구 언주로 833, 삼원가든 가동 3층 (신사동)",06023,01,영업/정상,유통전문판매업,,,,
,자가,주식회사 메코이,유통전문판매업,,202973.705,446342.07,2026-05-03 22:50:28,I,01,영업,9.9,,,,,,,,,2024-04-04 17:36:06,2020-07-03,9.90,135-530,서울특별시 강남구 논현동 70-13 보전빌딩,N,,3220000-113-2020-00137,,3220000,"서울특별시 강남구 언주로 725, 보전빌딩 11층 (논현동)",06050,01,영업/정상,유통전문판매업,070-7575-0032,,,
,자가,(주)케이푸드홀딩스,유통전문판매업,,204645.262082395,444999.458565143,2026-05-03 22:50:28,I,01,영업,227.52,,,,,,,,,2024-05-03 16:22:36,2020-07-03,227.52,135-877,서울특별시 강남구 삼성동 143-4 세진빌딩,N,,3220000-113-2020-00139,,3220000,"서울특별시 강남구 삼성로95길 31, 세진빌딩 지상5층 (삼성동)",06159,01,영업/정상,유통전문판매업,,,,
,자가,대삼식당,유통전문판매업,,203126.994975598,446143.377985945,2026-05-03 22:50:28,I,01,영업,111.5,,,,,,,,,2020-07-06 15:19:46,2020-07-06,111.50,135-821,서울특별시 강남구 논현동 106-17,N,,3220000-113-2020-00140,,3220000,"서울특별시 강남구 학동로41길 23, 1층 (논현동)",06058,01,영업/정상,유통전문판매업,02-545-2255,,,
,자가,성승237,유통전문판매업,,204279.15,444942.315,2026-05-03 22:50:36,I,01,영업,82.08,,,,,,,,,2022-08-10 16:16:01,2021-08-17,82.08,135-875,서울특별시 강남구 삼성동 140-38,N,,3220000-113-2021-00193,,3220000,"서울특별시 강남구 선릉로96길 5-14, 지상2층 (삼성동)",06161,01,영업/정상,유통전문판매업,02-441-2230,,,
,자가,주식회사 부티크브쥬르,유통전문판매업,,203798.986455095,446715.378995335,2026-05-03 22:50:36,I,01,영업,46.05,,,,,,,,,2021-08-24 15:26:18,2021-08-24,46.05,135-949,서울특별시 강남구 청담동 19-38,N,,3220000-113-2021-00198,,3220000,"서울특별시 강남구 선릉로148길 52-6, 지상3층 (청담동)",06064,01,영업/정상,유통전문판매업,02-6338-6117,,,
,자가,주식회사 로터스티,유통전문판매업,,202975.045940135,444034.659792294,2026-05-03 22:50:36,I,01,영업,1.3,,,,,,,,,2021-08-30 11:49:08,2021-08-30,1.30,135-923,서울특별시 강남구 역삼동 735-36,N,,3220000-113-2021-00199,,3220000,"서울특별시 강남구 테헤란로20길 18, 지상2층 72호 (역삼동)",06235,01,영업/정상,유통전문판매업,02-6951-3383,,,
,자가,(주)인포벨,유통전문판매업,,209052.072465426,442797.138150563,2026-05-03 22:50:36,I,01,영업,6.6,0,0,0,,,,0,,2023-04-26 14:15:05,2021-08-30,6.60,135-744,서울특별시 강남구 수서동 724 로즈데일오피스텔,N,,3220000-113-2021-00200,,3220000,"서울특별시 강남구 광평로 280, 로즈데일오피스텔 지상18층 1838호 (수서동)",06367,01,영업/정상,유통전문판매업,070-7714-3233,,,
,자가,(주)애드크로스,유통전문판매업,,209052.072465426,442797.138150563,2026-05-03 22:50:36,I,01,영업,6.6,,,,,,,,,2021-08-30 15:17:52,2021-08-30,6.60,135-744,서울특별시 강남구 수서동 724 로즈데일오피스텔,N,,3220000-113-2021-00201,,3220000,"서울특별시 강남구 광평로 280, 로즈데일오피스텔 지상18층 1839호 (수서동)",06367,01,영업/정상,유통전문판매업,070-7714-3233,,,
,자가,(주)트리플나인솔트팜,유통전문판매업,,204447.56877258,442881.535240035,2026-05-03 22:50:36,I,01,영업,16,,,,,,,,,2021-09-01 16:20:32,2021-09-01,16.00,135-971,"서울특별시 강남구 도곡동 467-6 대림아크로빌, 대림아크로텔",N,,3220000-113-2021-00203,,3220000,"서울특별시 강남구 언주로30길 13, 4층 401호 (도곡동, 대림아크로빌, 대림아크로텔)",06292,01,영업/정상,유통전문판매업,,,,
,자가,골드락퍼플코리아,유통전문판매업,,203723.095765489,444322.736195237,2026-05-03 22:50:36,I,01,영업,9,,,,,,,,,2021-09-02 10:59:58,2021-09-02,9.00,135-920,서울특별시 강남구 역삼동 721-13 아레나빌딩,N,,3220000-113-2021-00205,,3220000,"서울특별시 강남구 언주로 425, 아레나빌딩 지하1층 35호 (역삼동)",06222,01,영업/정상,유통전문판매업,,,,
,자가,(주)마인얼라이언스,유통전문판매업,,203917.234839195,441753.907610029,2026-05-03 22:50:36,I,01,영업,80,,,,,,,,,2022-07-07 15:55:54,2021-09-03,80.00,135-964,서울특별시 강남구 개포동 1229 보성빌딩,N,,3220000-113-2021-00206,,3220000,"서울특별시 강남구 논현로 90, 보성빌딩 지하1층 (개포동)",06307,01,영업/정상,유통전문판매업,02-2052-5558,,,
,자가,큐로에프앤비,유통전문판매업,,204746.52560931,444968.02756788,2026-05-03 22:50:36,I,01,영업,143.8,,,,,,,,,2021-09-08 09:57:03,2021-09-08,143.80,135-877,서울특별시 강남구 삼성동 143-28 동원빌딩,N,,3220000-113-2021-00207,,3220000,"서울특별시 강남구 테헤란로77길 7, 동원빌딩 지상2층 (삼성동)",06159,01,영업/정상,유통전문판매업,02-3460-4960,,,
,자가,(주)여의도떡방,유통전문판매업,,205886.286776047,443467.611815598,2026-05-03 22:50:36,I,01,영업,14.56,,,,,,,,,2021-09-08 11:59:03,2021-09-08,14.56,135-280,서울특별시 강남구 대치동 511 한보미도맨션,N,,3220000-113-2021-00208,,3220000,"서울특별시 강남구 삼성로 150, 지하1층 82호 (대치동, 한보미도맨션)",06288,01,영업/정상,유통전문판매업,02-563-2050,,,
,자가,튼튼한사람들,유통전문판매업,,203143.205270763,445284.699244331,2026-05-03 22:50:36,I,01,영업,100,,,,,,,,,2021-10-15 16:10:58,2021-09-09,100.00,135-830,서울특별시 강남구 논현동 231-4,N,,3220000-113-2021-00210,,3220000,"서울특별시 강남구 봉은사로37길 22, 지상2층 (논현동)",06108,01,영업/정상,유통전문판매업,,,,
,자가,주식회사 아마푸드,유통전문판매업,,204615.364777705,444884.394551474,2026-05-03 22:50:36,I,01,영업,10,,,,,,,,,2023-08-18 10:04:38,2021-09-10,10.00,135-877,서울특별시 강남구 삼성동 143-37 현대타워,N,,3220000-113-2021-00211,,3220000,"서울특별시 강남구 테헤란로 423, 지상2층 2291호 (삼성동, 현대타워)",06159,01,영업/정상,유통전문판매업,,,,
,자가,주식회사 퓨어랩스,유통전문판매업,,202118.122803265,444900.263571515,2026-05-03 22:50:36,I,01,영업,21,,,,,,,,,2021-09-13 12:35:00,2021-09-13,21.00,135-827,서울특별시 강남구 논현동 183 부경빌딩,N,,3220000-113-2021-00213,,3220000,"서울특별시 강남구 강남대로118길 12, 부경빌딩 지상4층 (논현동)",06120,01,영업/정상,유통전문판매업,02-517-5553,,,
,자가,(주)드높,유통전문판매업,,204947.909039501,445035.104597245,2026-05-03 22:50:36,I,01,영업,8,,,,,,,,,2021-09-24 12:56:52,2021-09-24,8.00,135-880,서울특별시 강남구 삼성동 157-27 브이플렉스,N,,3220000-113-2021-00217,,3220000,"서울특별시 강남구 테헤란로 501, 브이플렉스 지상5층 539호 (삼성동)",06168,01,영업/정상,유통전문판매업,,,,
,자가,주식회사 삼정하누,유통전문판매업,,202854.675,444874.51,2026-05-03 22:50:36,I,01,영업,9.9,,,,,,,,,2021-10-05 13:40:42,2021-10-05,9.90,135-907,서울특별시 강남구 역삼동 605-22,N,,3220000-113-2021-00218,,3220000,"서울특별시 강남구 봉은사로26길 12, 지상1층 (역삼동)",06125,01,영업/정상,유통전문판매업,,,,
,자가,로담바이오 주식회사,유통전문판매업,,202422.404397085,444877.223579374,2026-05-03 22:50:36,I,01,영업,165.29,,,,,,,,,2021-10-05 15:38:06,2021-10-05,165.29,135-545,서울특별시 강남구 논현동 203 751빌딩,N,,3220000-113-2021-00219,,3220000,"서울특별시 강남구 봉은사로 129-1, 751빌딩 지상6층 608호 (논현동)",06121,01,영업/정상,유통전문판매업,070-7163-9085,,,
,자가,박앤박,유통전문판매업,,202719.63,444713.04,2026-05-03 22:50:36,I,01,영업,434.63,,,,,,,,,2021-10-06 17:37:22,2021-10-06,434.63,135-907,서울특별시 강남구 역삼동 612-9,N,,3220000-113-2021-00221,,3220000,"서울특별시 강남구 테헤란로19길 76, 지하1층~지상2층 (역삼동)",06127,01,영업/정상,유통전문판매업,02-558-2025,,,
,자가,나이스웨더,유통전문판매업,,201819.330871901,446515.066300685,2026-05-03 22:50:36,I,01,영업,7,,,,,,,,,2022-06-28 16:42:52,2021-10-07,7.00,135-888,서울특별시 강남구 신사동 523-18,N,,3220000-113-2021-00223,,3220000,"서울특별시 강남구 강남대로162길 37, 지상2층 (신사동)",06028,01,영업/정상,유통전문판매업,070-4904-9081,,,
,자가,주식회사 더퓨처랩스,유통전문판매업,,205066.713515047,444718.406582536,2026-05-03 22:50:43,I,01,영업,108,,,,,,,,,2023-03-03 13:20:57,2023-03-03,108.00,135-847,서울특별시 강남구 대치동 959-1,N,,3220000-113-2023-00038,,3220000,"서울특별시 강남구 삼성로 422, 4층 (대치동)",06185,01,영업/정상,유통전문판매업,,,,
,자가,(주)레볼루스나인,유통전문판매업,,203784.123703419,446941.933243271,2026-05-03 22:50:43,I,01,영업,33,,,,,,,,,2023-03-09 16:09:02,2023-03-09,33.00,135-517,서울특별시 강남구 청담동 93-9,N,,3220000-113-2023-00040,,3220000,"서울특별시 강남구 압구정로80길 38, 지상4층 (청담동)",06016,01,영업/정상,유통전문판매업,,,,
,자가,(주)담미온에프앤비,유통전문판매업,,204129.799621507,446787.726657287,2026-05-03 22:50:43,I,01,영업,70,,,,,,,,,2023-03-10 13:04:36,2023-03-10,70.00,135-949,서울특별시 강남구 청담동 7-17 백암빌딩,N,,3220000-113-2023-00041,,3220000,"서울특별시 강남구 삼성로 771, 백암빌딩 지하1층 (청담동)",06063,01,영업/정상,유통전문판매업,02-518-0717,,,
,자가,주식회사 윤춘프레쉬,유통전문판매업,,202345.237548721,444492.462589056,2026-05-03 22:50:43,I,01,영업,30,,,,,,,,,2023-03-17 14:14:27,2023-03-17,30.00,135-931,서울특별시 강남구 역삼동 812-15,N,,3220000-113-2023-00043,,3220000,"서울특별시 강남구 강남대로102길 23, 지하1층 B02호 (역삼동)",06123,01,영업/정상,유통전문판매업,,,,
,자가,주식회사 엔티엔코리아,유통전문판매업,,202667.551184905,443299.218136257,2026-05-03 22:50:43,I,01,영업,3,0,0,0,,,,0,,2023-03-20 14:40:49,2023-03-20,3.00,135-936,서울특별시 강남구 역삼동 832-7 황화빌딩,N,,3220000-113-2023-00044,,3220000,"서울특별시 강남구 강남대로 320, 황화빌딩 11층 1108호 (역삼동)",06252,01,영업/정상,유통전문판매업,,,,
,자가,주식회사 에이비랩코리아,유통전문판매업,,203588.048190661,446183.368328818,2026-05-03 22:50:43,I,01,영업,4.95,,,,,,,,,2025-02-07 09:34:14,2023-03-21,4.95,135-764,서울특별시 강남구 청담동 41 청담빌딩,N,,3220000-113-2023-00045,,3220000,"서울특별시 강남구 선릉로 704, 청담빌딩 지상10층 419호 (청담동)",06069,01,영업/정상,유통전문판매업,02-406-8333,,,
,자가,케이팝서포터즈 협동조합,유통전문판매업,,205041.775299371,444788.739503896,2026-05-03 22:50:43,I,01,영업,163,,,,,,,,,2023-03-21 12:25:02,2023-03-21,163.00,135-847,서울특별시 강남구 대치동 957-13 하이글로빌딩,N,,3220000-113-2023-00046,,3220000,"서울특별시 강남구 삼성로 430, 하이글로빌딩 4층 501호 (대치동)",06185,01,영업/정상,유통전문판매업,,,,
,자가,주식회사 마스밀,유통전문판매업,,204605.525437825,441435.887894692,2026-05-03 22:50:43,I,01,영업,70,0,0,0,,,,0,,2025-04-15 17:24:15,2023-03-23,70.00,135-961,서울특별시 강남구 개포동 1183-1,N,,3220000-113-2023-00047,,3220000,"서울특별시 강남구 개포로22길 92, 5층 501호 (개포동)",06315,01,영업/정상,유통전문판매업,,,,
,자가,다우,유통전문판매업,,209036.736755263,442309.547088157,2026-05-03 22:50:43,I,01,영업,99,,,,,,,,,2023-03-23 14:54:24,2023-03-23,99.00,135-200,서울특별시 강남구 자곡동 218-1,N,,3220000-113-2023-00048,,3220000,"서울특별시 강남구 밤고개로12길 16, 지상2층 (자곡동)",06364,01,영업/정상,유통전문판매업,,,,
,자가,디에이치인터내셔널,유통전문판매업,,205227.243400915,443215.482015837,2026-05-03 22:50:43,I,01,영업,3.3,,,,,,,,,2023-03-30 15:15:49,2023-03-30,3.30,135-280,서울특별시 강남구 대치동 503 개포1차우성아파트,N,,3220000-113-2023-00050,,3220000,"서울특별시 강남구 선릉로 120, 12동 302호 (대치동, 개포1차우성아파트)",06289,01,영업/정상,유통전문판매업,,,,
,자가,주식회사 닥터제안,유통전문판매업,,204947.909039501,445035.104597245,2026-05-03 22:50:43,I,01,영업,5,,,,,,,,,2023-03-31 16:51:53,2023-03-31,5.00,135-880,서울특별시 강남구 삼성동 157-27 브이플렉스,N,,3220000-113-2023-00051,,3220000,"서울특별시 강남구 테헤란로 501, 브이플렉스 지상5층 522호 (삼성동)",06168,01,영업/정상,유통전문판매업,070-4335-8838,,,
,자가,주식회사 지구인살리기,유통전문판매업,,201714.828853529,446145.579680947,2026-05-03 22:50:43,I,01,영업,96.6,,,,,,,,,2024-01-16 12:54:00,2023-04-03,96.60,135-887,서울특별시 강남구 신사동 512,N,,3220000-113-2023-00052,,3220000,"서울특별시 강남구 강남대로154길 10, 지상4층 (신사동)",06035,01,영업/정상,유통전문판매업,,,,
,자가,심플리 SIMPLY,유통전문판매업,,205271.275273064,445852.638814088,2026-05-03 22:50:43,I,01,영업,1.65,0,0,0,,,,0,,2023-04-03 17:08:19,2023-04-03,1.65,135-873,서울특별시 강남구 삼성동 107 삼성동 미켈란 107,N,,3220000-113-2023-00053,,3220000,"서울특별시 강남구 영동대로 602, 6층 P94호 (삼성동, 삼성동 미켈란 107)",06083,01,영업/정상,유통전문판매업,,,,
,자가,(주)트로픽트레이드,유통전문판매업,,207155.227614316,443163.963263293,2026-05-03 22:50:43,I,01,영업,0,,,,,,,,,2024-02-02 15:33:00,2023-04-05,56.61,135-516,서울특별시 강남구 일원동 682-13 하늘마루,N,,3220000-113-2023-00055,,3220000,"서울특별시 강남구 양재대로33길 23-14, 지상3층 302호 (일원동, 하늘마루)",06343,01,영업/정상,유통전문판매업,070-8983-7522,,,
,자가,디케이경기센터(주),유통전문판매업,,202632.445261107,444024.960364014,2026-05-03 22:50:43,I,01,영업,0,,,,,,,,,2023-04-06 11:32:10,2023-04-06,6.60,135-934,서울특별시 강남구 역삼동 824-19 동경빌딩,N,,3220000-113-2023-00056,,3220000,"서울특별시 강남구 테헤란로 116, 동경빌딩 지상10층 1027호 (역삼동)",06233,01,영업/정상,유통전문판매업,070-4367-1544,,,
,자가,(주)더널리임팩트,유통전문판매업,,202124.262977683,446374.647464072,2026-05-03 22:50:43,I,01,영업,1,,,,,,,,,2023-04-10 14:51:02,2023-04-10,1.00,135-890,서울특별시 강남구 신사동 561,N,,3220000-113-2023-00057,,3220000,"서울특별시 강남구 논현로151길 41, 3층 3690호 (신사동)",06037,01,영업/정상,유통전문판매업,070-4791-9200,,,
,자가,위미닛,유통전문판매업,,205271.275273064,445852.638814088,2026-05-03 22:50:43,I,01,영업,1.65,0,0,0,,,,0,,2023-04-10 16:18:17,2023-04-10,1.65,135-873,서울특별시 강남구 삼성동 107 삼성동 미켈란 107,N,,3220000-113-2023-00059,,3220000,"서울특별시 강남구 영동대로 602, 6층 P245호 (삼성동, 삼성동 미켈란 107)",06083,01,영업/정상,유통전문판매업,,,,
,자가,주식회사 호체,유통전문판매업,,203062.242198693,444465.581502871,2026-05-03 22:50:43,I,01,영업,66,,,,,,,,,2024-12-03 14:36:01,2023-04-12,66.00,135-909,서울특별시 강남구 역삼동 641-16 충암빌딩,N,,3220000-113-2023-00060,,3220000,"서울특별시 강남구 테헤란로25길 28, 충암빌딩 지상2층 (역삼동)",06131,01,영업/정상,유통전문판매업,,,,
,자가,위낫미 컴퍼니,유통전문판매업,,202418.090672911,444911.502269899,2026-05-03 22:50:21,I,01,영업,3.3,,,,,,,,,2026-01-02 16:22:12,2017-11-16,3.30,135-827,서울특별시 강남구 논현동 196-6,N,,3220000-113-2017-00141,,3220000,"서울특별시 강남구 강남대로112길 47, 2층 J749호 (논현동)",06121,01,영업/정상,유통전문판매업,,,,
,자가,(주)더케이홀딩스,유통전문판매업,,205250.986514314,444701.273030733,2026-05-03 22:50:21,I,01,영업,34,,,,,,,,,2023-09-18 14:38:09,2017-12-13,34.00,135-847,서울특별시 강남구 대치동 955-26,N,,3220000-113-2017-00147,,3220000,"서울특별시 강남구 삼성로76길 23, 5층 (대치동)",06184,01,영업/정상,유통전문판매업,070-7777-4994,,,
,임대,(주)잭팟,유통전문판매업,,205271.275273064,445852.638814088,2026-05-03 22:50:21,I,01,영업,1.65,,,,,,,,,2021-10-20 13:54:00,2017-11-28,1.65,135-873,서울특별시 강남구 삼성동 107 삼성동 미켈란 107,N,,3220000-113-2017-00150,,3220000,"서울특별시 강남구 영동대로 602, 지상6층 J78호 (삼성동, 삼성동 미켈란 107)",06083,01,영업/정상,유통전문판매업,,,,상수도전용
,자가,주식회사 진심코리아,유통전문판매업,,205828.559749581,445126.394438977,2026-05-03 22:50:21,I,01,영업,77.52,0,0,0,,,,0,,2023-10-17 15:45:28,2017-09-27,77.52,135-502,서울특별시 강남구 대치동 999-2,N,,3220000-113-2017-00151,,3220000,"서울특별시 강남구 테헤란로114길 20, 6층 601호 (대치동)",06175,01,영업/정상,유통전문판매업,070-7799-8980,,,
,임대,(주)허니코,유통전문판매업,,204760.156938577,445649.116125736,2026-05-03 22:50:21,I,01,영업,30,,,,,,,,,2021-04-05 15:45:07,2017-04-14,30.00,135-878,서울특별시 강남구 삼성동 146 삼성동포스코 더샵,N,,3220000-113-2017-00153,,3220000,"서울특별시 강남구 봉은사로 510, 305호 (삼성동, 삼성동포스코 더샵)",06163,01,영업/정상,유통전문판매업,031-938-5230,,,
,,(주)이안홈케어뉴트리션,유통전문판매업,,205314.473810709,444975.112614413,2026-05-03 22:50:21,I,01,영업,2.62,,,,,,,,,2024-05-20 14:06:46,2017-03-30,2.62,135-846,서울특별시 강남구 대치동 944-21 대치2차 아이파크,N,,3220000-113-2017-00154,,3220000,"서울특별시 강남구 영동대로85길 34, 대치2차 아이파크 9층 사무실901호 중 921호 (대치동)",06180,01,영업/정상,유통전문판매업,02-400-3346,,,
,자가,주식회사지구인컴퍼니,유통전문판매업,,203291.948010402,443526.124950534,2026-05-03 22:50:21,I,01,영업,315.34,0,0,0,,,,0,,2023-05-19 14:29:04,2017-09-25,315.34,135-930,서울특별시 강남구 역삼동 792-82 KM빌딩,N,,3220000-113-2017-00156,,3220000,"서울특별시 강남구 논현로67길 22, 2층,3층 (역삼동, KM빌딩)",06249,01,영업/정상,유통전문판매업,,,,
,임대,주식회사 육대장,유통전문판매업,,202396.738264143,446331.822616635,2026-05-03 22:50:21,I,01,영업,7.95,0,0,0,,,,0,,2025-12-12 14:51:44,2017-04-19,7.95,135-812,서울특별시 강남구 논현동 7-15,N,,3220000-113-2017-00159,,3220000,"서울특별시 강남구 도산대로 176, 6층 606호 중 일부호 (논현동)",06040,01,영업/정상,유통전문판매업,032-822-4570,,,
,임대,쥬씨 주식회사,유통전문판매업,,202998.673803966,444643.006870438,2026-05-03 22:50:21,I,01,영업,299.86,0,0,0,,,,0,,2025-12-29 10:56:04,2017-05-12,299.86,135-908,서울특별시 강남구 역삼동 628-3,N,,3220000-113-2017-00160,,3220000,"서울특별시 강남구 테헤란로25길 52, 3층 301호 (역삼동)",06126,01,영업/정상,유통전문판매업,,,,
,임대,비상,유통전문판매업,,203079.917199208,444756.667241516,2026-05-03 22:50:21,I,01,영업,6.6,,,,,,,,,2026-04-16 15:55:11,2017-11-30,6.60,135-913,서울특별시 강남구 역삼동 659-25,N,,3220000-113-2017-00161,,3220000,"서울특별시 강남구 논현로102길 5, 3층 1호 (역삼동)",06136,01,영업/정상,유통전문판매업,070-4351-0247,,,
,,지에프에스 주식회사,유통전문판매업,,204909.625742537,443942.474248361,2026-05-03 22:50:21,I,01,영업,0,0,0,0,,,,0,,2021-09-30 09:15:13,2018-01-18,,135-998,서울특별시 강남구 대치동 939-20 쇼핑넷빌딩,N,,3220000-113-2018-00003,,3220000,"서울특별시 강남구 도곡로 419, 쇼핑넷빌딩 지상2층 (대치동)",06208,01,영업/정상,유통전문판매업,02-568-4646,,,
,자가,(주)케이센트,유통전문판매업,,204251.498855356,445610.068975009,2026-05-03 22:50:21,I,01,영업,50,0,0,0,,,,0,,2021-08-01 23:16:25,2018-01-24,50.00,135-868,서울특별시 강남구 삼성동 46-11,N,,3220000-113-2018-00004,,3220000,"서울특별시 강남구 선릉로112길 65, 지상2층 (삼성동)",06096,01,영업/정상,유통전문판매업,02-568-1902,,,
,자가,시크릿다이렉트코리아(주),유통전문판매업,,205511.545,445869.825,2026-05-03 22:50:21,I,01,영업,100,,,,,,,,,2021-01-06 14:54:43,2018-02-23,100.00,135-873,서울특별시 강남구 삼성동 108-6 JBK TOWER 빌딩,N,,3220000-113-2018-00011,,3220000,"서울특별시 강남구 봉은사로 619, JBK TOWER 빌딩 지상4층 (삼성동)",06083,01,영업/정상,유통전문판매업,02-2222-2900,,,
,자가,더피움에이치엔비,유통전문판매업,,204507.725,446043.48,2026-05-03 22:50:21,I,01,영업,13.22,,,,,,,,,2021-12-22 11:15:39,2018-02-26,13.22,135-870,서울특별시 강남구 삼성동 65-5,N,,3220000-113-2018-00012,,3220000,"서울특별시 강남구 삼성로 634, 6층 (삼성동)",06084,01,영업/정상,유통전문판매업,02-2002-9815,,,
,자가,비케이리테일,유통전문판매업,,203894.031407652,444624.818170279,2026-05-03 22:50:21,I,01,영업,0,0,0,0,,,,0,,2020-04-02 10:47:39,2018-03-08,66.11,135-513,서울특별시 강남구 역삼동 702-10 아남타워빌딩,N,,3220000-113-2018-00016,,3220000,"서울특별시 강남구 테헤란로 311, 아남타워빌딩 4층 (역삼동)",06151,01,영업/정상,유통전문판매업,,,,
,자가,브이앤코 주식회사,유통전문판매업,,205340.631121567,445354.571117445,2026-05-03 22:50:21,I,01,영업,191.48,,,,,,,,,2021-04-14 16:49:55,2018-03-15,191.48,135-090,서울특별시 강남구 삼성동 159-1 트레이드타워,N,,3220000-113-2018-00017,,3220000,"서울특별시 강남구 영동대로 511, 트레이드타워 25층 2502호 (삼성동)",06164,01,영업/정상,유통전문판매업,02-6204-4079,,,
,자가,이엔엘 인터내셔널,유통전문판매업,,203578.245549629,443776.551129661,2026-05-03 22:50:21,I,01,영업,182.44,,,,,,,,,2019-07-16 11:15:27,2018-03-20,182.44,135-928,서울특별시 강남구 역삼동 770-18 옹정빌,N,,3220000-113-2018-00019,,3220000,"서울특별시 강남구 논현로72길 23, 옹정빌 지상4층 (역삼동)",06227,01,영업/정상,유통전문판매업,02-6447-0406,,,
,임대,주식회사 어로프트,유통전문판매업,,202759.552509435,445935.484116903,2026-05-03 22:50:46,I,01,영업,15,,,,,,,,,2024-08-27 11:37:32,2024-07-29,15.00,135-818,서울특별시 강남구 논현동 82-17 벤쳐캐슬빌딩,N,,3220000-113-2024-00142,,3220000,"서울특별시 강남구 학동로31길 12, 벤쳐캐슬빌딩 7층 A764호 (논현동)",06052,01,영업/정상,유통전문판매업,02-6952-3396,,,
,자가,주식회사 세양에프엠씨,유통전문판매업,,204819.34560229,446662.792093523,2026-05-03 22:50:46,I,01,영업,15.18,,,,,,,,,2024-07-30 10:28:50,2024-07-30,15.18,135-953,서울특별시 강남구 청담동 68-19 리버뷰오피스텔,N,,3220000-113-2024-00143,,3220000,"서울특별시 강남구 영동대로 721, 리버뷰오피스텔 404호 (청담동)",06072,01,영업/정상,유통전문판매업,02-3445-4603,,,
,자가,스티머스커피팩토리,유통전문판매업,,201695.96817082,446639.932541558,2026-05-03 22:50:46,I,01,영업,3.3,,,,,,,,,2024-07-30 15:51:30,2024-07-30,3.30,135-888,서울특별시 강남구 신사동 526 두인빌딩,N,,3220000-113-2024-00144,,3220000,"서울특별시 강남구 압구정로4길 10, 두인빌딩 지하1층 B02호 (신사동)",06027,01,영업/정상,유통전문판매업,02-518-4697,,,
,자가,밸류스팜,유통전문판매업,,201956.561428209,445325.198366946,2026-05-03 22:50:46,I,01,영업,3.3,,,,,,,,,2025-06-13 17:14:12,2024-03-07,3.30,135-822,서울특별시 강남구 논현동 141-7 세일빌딩,N,,3220000-113-2024-00145,,3220000,"서울특별시 강남구 학동로2길 19, 세일빌딩 2층 2517호 (논현동)",06110,01,영업/정상,유통전문판매업,,,,
,자가,주식회사 텍스처,유통전문판매업,,203604.807447233,444900.308983357,2026-05-03 22:50:46,I,01,영업,3.3,,,,,,,,,2024-08-02 16:14:32,2024-08-02,3.30,135-917,서울특별시 강남구 역삼동 689-27 역삼동 689-27 도시형생활주택,N,,3220000-113-2024-00146,,3220000,"서울특별시 강남구 봉은사로44길 48, 3층 (역삼동, 역삼동 689-27 도시형생활주택)",06147,01,영업/정상,유통전문판매업,02-555-4143,,,
,자가,한국뉴초이스푸드 주식회사,유통전문판매업,,204447.56877258,442881.535240035,2026-05-03 22:50:46,I,01,영업,221.42,,,,,,,,,2024-08-06 14:58:05,2024-08-06,221.42,135-971,"서울특별시 강남구 도곡동 467-6 대림아크로빌, 대림아크로텔",N,,3220000-113-2024-00147,,3220000,"서울특별시 강남구 언주로30길 13, 2105호 (도곡동, 대림아크로빌, 대림아크로텔)",06292,01,영업/정상,유통전문판매업,02-6925-1371,,,
,자가,(주)루미온랩,유통전문판매업,,205271.275273064,445852.638814088,2026-05-03 22:50:46,I,01,영업,1.65,,,,,,,,,2024-08-06 16:34:38,2024-08-06,1.65,135-873,서울특별시 강남구 삼성동 107 삼성동 미켈란 107,N,,3220000-113-2024-00149,,3220000,"서울특별시 강남구 영동대로 602, 6층 T338호 (삼성동, 삼성동 미켈란 107)",06083,01,영업/정상,유통전문판매업,,,,
,임대,주식회사 무송엘티씨,유통전문판매업,,203975.581673876,445436.018491269,2026-05-03 22:50:46,I,01,영업,179.45,,,,,,,,,2024-08-06 17:06:38,2024-08-06,179.45,135-867,서울특별시 강남구 삼성동 38-29,N,,3220000-113-2024-00150,,3220000,"서울특별시 강남구 봉은사로 417, 지상5층 (삼성동)",06097,01,영업/정상,유통전문판매업,02-3444-1888,,,
,자가,삼성물산 주식회사,유통전문판매업,,204600.180680453,443010.642202848,2026-05-03 22:50:46,I,01,영업,100,,,,,,,,,2024-08-07 16:43:43,2024-08-07,100.00,135-700,서울특별시 강남구 도곡동 467-12 군인공제회관,N,,3220000-113-2024-00151,,3220000,"서울특별시 강남구 남부순환로 2806, 군인공제회관 10층 (도곡동)",06292,01,영업/정상,유통전문판매업,,,,
,자가,(주)케이이피글로벌,유통전문판매업,,202638.095799893,444305.954852056,2026-05-03 22:50:47,I,01,영업,1.46,,,,,,,,,2024-08-12 10:33:10,2024-08-12,1.46,135-703,서울특별시 강남구 역삼동 635-2 한국과학기술회관,N,,3220000-113-2024-00153,,3220000,"서울특별시 강남구 테헤란로7길 22, 한국과학기술회관 2관 9층 922호 (역삼동)",06130,01,영업/정상,유통전문판매업,,,,
,임대,아우름,유통전문판매업,,202124.262977683,446374.647464072,2026-05-03 22:50:47,I,01,영업,1,,,,,,,,,2024-08-21 17:09:50,2024-08-21,1.00,135-890,서울특별시 강남구 신사동 561,N,,3220000-113-2024-00155,,3220000,"서울특별시 강남구 논현로151길 41, 3층 3041호 (신사동)",06037,01,영업/정상,유통전문판매업,,,,
,자가,(주)디알비앤에이치,유통전문판매업,,204070.23835948,445477.407575316,2026-05-03 22:50:47,I,01,영업,288.79,,,,,,,,,2024-08-23 15:54:37,2024-08-23,288.79,135-867,서울특별시 강남구 삼성동 38-23 위즈빌딩,N,,3220000-113-2024-00157,,3220000,"서울특별시 강남구 봉은사로 429, 위즈빌딩 지상4층 (삼성동)",06097,01,영업/정상,유통전문판매업,02-2293-3131,,,
,자가,(주)에이스원글로벌,유통전문판매업,,205144.28196028,444942.441561097,2026-05-03 22:50:47,I,01,영업,198,,,,,,,,,2024-08-26 14:27:51,2024-08-26,198.00,135-845,서울특별시 강남구 대치동 943-9 명진빌딩,N,,3220000-113-2024-00158,,3220000,"서울특별시 강남구 테헤란로86길 10, 명진빌딩 지상3층 (대치동)",06179,01,영업/정상,유통전문판매업,,,,
,자가,셀타민,유통전문판매업,,203588.048190661,446183.368328818,2026-05-03 22:50:47,I,01,영업,4.95,,,,,,,,,2024-08-26 15:49:03,2024-08-26,4.95,135-764,서울특별시 강남구 청담동 41 청담빌딩,N,,3220000-113-2024-00159,,3220000,"서울특별시 강남구 선릉로 704, 청담빌딩 12층 1285-3호 (청담동)",06069,01,영업/정상,유통전문판매업,,,,
,자가,주식회사 자연수,유통전문판매업,,205695.255,445153.685,2026-05-03 22:50:47,I,01,영업,119.63,,,,,,,,,2025-07-07 09:37:23,2024-08-28,119.63,135-502,서울특별시 강남구 대치동 996-9,N,,3220000-113-2024-00161,,3220000,"서울특별시 강남구 테헤란로104길 9, 3층 (대치동)",06174,01,영업/정상,유통전문판매업,02-1551-1504,,,
,자가,주식회사 엘젠바이오,유통전문판매업,,203108.361768367,445369.429120975,2026-05-03 22:50:47,I,01,영업,27.56,,,,,,,,,2024-08-29 09:36:44,2024-08-29,27.56,135-829,서울특별시 강남구 논현동 225-6 논현 아이파크,N,,3220000-113-2024-00163,,3220000,"서울특별시 강남구 언주로 615, 논현 아이파크 102동 1608호 (논현동)",06107,01,영업/정상,유통전문판매업,,,,
,,뵈르뵈르 주식회사,유통전문판매업,,204748.541538653,444718.174638292,2026-05-03 22:50:53,I,01,영업,40.7,,,,,,,,,2025-07-09 11:40:06,2025-07-09,40.70,135-840,서울특별시 강남구 대치동 891-51 이노플레이(INNO Play),N,,3220000-113-2025-00143,,3220000,"서울특별시 강남구 삼성로85길 34, 이노플레이(INNO Play) 3층 (대치동)",06194,01,영업/정상,유통전문판매업,,,,
,자가,주식회사 한결엘에스,유통전문판매업,2026-02-26,203063.48501682,443440.903034937,2026-05-03 22:50:53,I,02,폐업,200,,,,,,,,,2026-02-26 15:58:47,2025-07-10,200.00,135-569,서울특별시 강남구 역삼동 834-66 이루미,N,,3220000-113-2025-00144,,3220000,"서울특별시 강남구 논현로67길 56, 이루미 지상2층 202호 (역삼동)",06250,03,폐업,유통전문판매업,02-563-5448,,,
,자가,(주)이루아,유통전문판매업,,202575.560406288,444136.923081339,2026-05-03 22:50:53,I,01,영업,7,,,,,,,,,2025-07-11 10:30:37,2025-07-11,7.00,135-912,서울특별시 강남구 역삼동 649-8,N,,3220000-113-2025-00145,,3220000,"서울특별시 강남구 강남대로92길 31, 6층 6001호 (역삼동)",06134,01,영업/정상,유통전문판매업,,,,
,자가,핏라이프 주식회사,유통전문판매업,,202668.065422549,446332.171860773,2026-05-03 22:50:53,I,01,영업,6.6,,,,,,,,,2025-07-11 15:09:33,2025-07-11,6.60,135-816,서울특별시 강남구 논현동 65-24,N,,3220000-113-2025-00146,,3220000,"서울특별시 강남구 언주로147길 42, 2층 217호 (논현동)",06049,01,영업/정상,유통전문판매업,,,,
,자가,주식회사 당아,유통전문판매업,,204192.277450513,446940.195787115,2026-05-03 22:50:53,I,01,영업,26.27,,,,,,,,,2025-07-11 17:13:48,2025-07-11,26.27,135-955,서울특별시 강남구 청담동 120-2 QUORUM 505,N,,3220000-113-2025-00147,,3220000,"서울특별시 강남구 도산대로 505, QUORUM 505 지하1층 비102호 (청담동)",06011,01,영업/정상,유통전문판매업,,,,
,자가,(주)한일헬스케어,유통전문판매업,,204776.5482642,444677.642984538,2026-05-03 22:50:53,I,01,영업,3.3,,,,,,,,,2025-08-25 11:11:19,2025-07-11,3.30,135-840,서울특별시 강남구 대치동 894,N,,3220000-113-2025-00148,,3220000,"서울특별시 강남구 삼성로85길 33, B04-에이77호 (대치동)",06196,01,영업/정상,유통전문판매업,,,,
,자가,우나더데이,유통전문판매업,,202124.262977683,446374.647464072,2026-05-03 22:50:53,I,01,영업,1,,,,,,,,,2025-07-14 11:32:06,2025-07-14,1.00,135-890,서울특별시 강남구 신사동 561,N,,3220000-113-2025-00149,,3220000,"서울특별시 강남구 논현로151길 41, 3층 3667호 (신사동)",06037,01,영업/정상,유통전문판매업,070-8064-0611,,,
,자가,세계관,유통전문판매업,,204952.006872429,445195.026116081,2026-05-03 22:50:53,I,01,영업,0,,,,,,,,,2025-07-14 11:55:21,2025-07-14,6.00,135-879,서울특별시 강남구 삼성동 155-11,N,,3220000-113-2025-00150,,3220000,"서울특별시 강남구 삼성로96길 11, 2층 (삼성동)",06167,01,영업/정상,유통전문판매업,,,,
,자가,세계관 컴퍼니,유통전문판매업,,203328.669110509,443395.654549328,2026-05-03 22:50:53,I,01,영업,0,,,,,,,,,2025-07-14 12:05:35,2025-07-14,10.00,135-930,서울특별시 강남구 역삼동 795-41 역삼동월드메르디앙아파트,N,,3220000-113-2025-00151,,3220000,"서울특별시 강남구 도곡로21길 15, 101동 403호 (역삼동, 역삼동월드메르디앙아파트)",06256,01,영업/정상,유통전문판매업,,,,
,자가,소스코,유통전문판매업,,203529.72124542,444859.188711678,2026-05-03 22:50:53,I,01,영업,200.69,,,,,,,,,2025-11-07 17:17:47,2025-07-11,200.69,135-913,서울특별시 강남구 역삼동 662-14 에이비티타워,N,,3220000-113-2025-00152,,3220000,"서울특별시 강남구 언주로 537, 에이비티타워 9층 (역삼동)",06138,01,영업/정상,유통전문판매업,02-2135-6864,,,
,자가,바이탈린 주식회사,유통전문판매업,,204154.366949312,444886.63138831,2026-05-03 22:50:53,I,01,영업,0,,,,,,,,,2025-07-14 15:22:08,2025-07-14,5.00,135-917,서울특별시 강남구 역삼동 696-36,N,,3220000-113-2025-00153,,3220000,"서울특별시 강남구 선릉로 523, 5층 일부호 (역삼동)",06149,01,영업/정상,유통전문판매업,,,,
,자가,주식회사 뮤지엄컴퍼니,유통전문판매업,,203168.14749536,444555.363597916,2026-05-03 22:50:53,I,01,영업,1.65,,,,,,,,,2025-07-15 10:08:03,2025-07-15,1.65,135-914,서울특별시 강남구 역삼동 668-10,N,,3220000-113-2025-00154,,3220000,"서울특별시 강남구 봉은사로30길 68, 6층 23호 (역삼동)",06140,01,영업/정상,유통전문판매업,02-6677-1225,,,
,자가,주식회사 이롬,유통전문판매업,2026-03-18,205544.51525555,444693.909355498,2026-05-03 22:50:53,I,02,폐업,290.44,,,,,,,,,2026-03-18 16:38:48,2025-07-16,290.44,135-848,서울특별시 강남구 대치동 967-3 KM 빌딩,N,,3220000-113-2025-00155,,3220000,"서울특별시 강남구 역삼로 552, KM 빌딩 5층 (대치동)",06187,03,폐업,유통전문판매업,,,,
,임대,(주)제이피바이오,유통전문판매업,,202418.090672911,444911.502269899,2026-05-03 22:50:53,I,01,영업,3.3,,,,,,,,,2025-07-17 17:20:49,2025-04-10,3.30,135-827,서울특별시 강남구 논현동 196-6,N,,3220000-113-2025-00156,,3220000,"서울특별시 강남구 강남대로112길 47, 2층 J685호 (논현동)",06121,01,영업/정상,유통전문판매업,,,,
,자가,주식회사 엘이이,유통전문판매업,,202972.097965892,443678.44692317,2026-05-03 22:50:54,I,01,영업,29.6,,,,,,,,,2025-07-21 15:29:31,2025-07-21,29.60,135-925,서울특별시 강남구 역삼동 752-9,N,,3220000-113-2025-00157,,3220000,"서울특별시 강남구 역삼로11길 3-14, 3층 (역삼동)",06244,01,영업/정상,유통전문판매업,02-568-2226,,,
,자가,(주)오디너리퍼슨,유통전문판매업,,203292.237837221,444471.171166194,2026-05-03 22:50:47,I,01,영업,156.62,,,,,,,,,2024-10-04 15:18:42,2024-03-20,156.62,135-915,서울특별시 강남구 역삼동 678-10 BMY역삼타워,N,,3220000-113-2024-00165,,3220000,"서울특별시 강남구 테헤란로27길 16, BMY역삼타워 10층 (역삼동)",06141,01,영업/정상,유통전문판매업,,,,
,자가,주식회사 화이트빌,유통전문판매업,,202418.090672911,444911.502269899,2026-05-03 22:50:47,I,01,영업,3.3,,,,,,,,,2025-07-24 17:12:46,2024-09-02,3.30,135-827,서울특별시 강남구 논현동 196-6,N,,3220000-113-2024-00166,,3220000,"서울특별시 강남구 강남대로112길 47, 2층 에이1139호 (논현동)",06121,01,영업/정상,유통전문판매업,,,,
,임대,주식회사 메이크디,유통전문판매업,,204986.977259092,445021.423615875,2026-05-03 22:50:47,I,01,영업,3.3,,,,,,,,,2024-09-03 11:15:12,2024-09-03,3.30,135-880,서울특별시 강남구 삼성동 157-33 하이브로빌딩,N,,3220000-113-2024-00167,,3220000,"서울특별시 강남구 테헤란로 503, 하이브로빌딩 지상8층 807호 (삼성동)",06168,01,영업/정상,유통전문판매업,070-8970-8692,,,
,,주식회사 블리스바인,유통전문판매업,,202124.262977683,446374.647464072,2026-05-03 22:50:47,I,01,영업,1,,,,,,,,,2024-09-03 15:44:11,2024-08-19,1.00,135-890,서울특별시 강남구 신사동 561,N,,3220000-113-2024-00168,,3220000,"서울특별시 강남구 논현로151길 41, 3층 3350호 (신사동)",06037,01,영업/정상,유통전문판매업,070-8064-0263,,,
,,주식회사 굿플로,유통전문판매업,,203571.472504528,445891.298938452,2026-05-03 22:50:47,I,01,영업,1,,,,,,,,,2024-09-04 16:23:30,2024-03-12,1.00,135-830,서울특별시 강남구 논현동 242-45 논현 더라움,N,,3220000-113-2024-00169,,3220000,"서울특별시 강남구 선릉로127길 5-6, 지상2층 203호 중 2116호 (논현동, 논현 더라움)",06099,01,영업/정상,유통전문판매업,,,,
,자가,트루웰케어,유통전문판매업,,203879.796602677,443746.102548934,2026-05-03 22:50:47,I,01,영업,29.94,,,,,,,,,2024-09-06 11:43:31,2024-09-06,29.94,135-928,서울특별시 강남구 역삼동 778-38,N,,3220000-113-2024-00170,,3220000,"서울특별시 강남구 도곡로37길 33, 지상2층 203호 (역삼동)",06226,01,영업/정상,유통전문판매업,,,,
,자가,주식회사 퍼포즈드,유통전문판매업,,202806.711195844,444292.344286527,2026-05-03 22:50:47,I,01,영업,37.34,,,,,,,,,2024-09-06 14:17:57,2024-09-06,37.34,135-909,서울특별시 강남구 역삼동 637-20 도연빌딩,N,,3220000-113-2024-00171,,3220000,"서울특별시 강남구 강남대로94길 67, 도연빌딩 405호 (역삼동)",06131,01,영업/정상,유통전문판매업,,,,
,자가,체인지라이프,유통전문판매업,,202418.090672911,444911.502269899,2026-05-03 22:50:47,I,01,영업,0,,,,,,,,,2024-09-06 15:02:43,2024-09-06,3.30,135-827,서울특별시 강남구 논현동 196-6,N,,3220000-113-2024-00173,,3220000,"서울특별시 강남구 강남대로112길 47, 2층 32A호 (논현동)",06121,01,영업/정상,유통전문판매업,,,,
,임대,코코엔비,유통전문판매업,,203702.477207367,445271.241490281,2026-05-03 22:50:47,I,01,영업,7.2,,,,,,,,,2024-09-09 14:11:34,2024-09-09,7.20,135-916,서울특별시 강남구 역삼동 682 남전빌딩,N,,3220000-113-2024-00174,,3220000,"서울특별시 강남구 봉은사로 326, 남전빌딩 8층 804호 (역삼동)",06143,01,영업/정상,유통전문판매업,,,,
,,(주)고앤아소시에,유통전문판매업,,202592.140792901,446766.187671236,2026-05-03 22:50:47,I,01,영업,0,,,,,,,,,2024-09-11 16:29:28,2024-09-11,,135-893,서울특별시 강남구 신사동 596-11,N,,3220000-113-2024-00175,,3220000,"서울특별시 강남구 논현로164길 22, 지하1층 (신사동)",06025,01,영업/정상,유통전문판매업,02-6010-5634,,,
,자가,주식회사 피디큐,유통전문판매업,,201823.394492126,445942.992629187,2026-05-03 22:50:49,I,01,영업,23,,,,,,,,,2024-09-11 17:56:04,2024-09-11,23.00,135-811,서울특별시 강남구 논현동 2-9,N,,3220000-113-2024-00177,,3220000,"서울특별시 강남구 도산대로4길 13, 3층 (논현동)",06038,01,영업/정상,유통전문판매업,,,,
,임대,제이의계획,유통전문판매업,,203695.230292685,444139.86021031,2026-05-03 22:50:49,I,01,영업,125.52,,,,,,,,,2024-09-12 16:32:42,2024-09-12,125.52,135-920,서울특별시 강남구 역삼동 724-36 한강빌딩,N,,3220000-113-2024-00178,,3220000,"서울특별시 강남구 언주로79길 14-5, 한강빌딩 2층 (역삼동)",06222,01,영업/정상,유통전문판매업,,,,
,,주식회사 투애니포,유통전문판매업,,204842.620168646,445010.636361278,2026-05-03 22:50:49,I,01,영업,1.65,,,,,,,,,2024-09-12 17:07:20,2024-03-06,1.65,135-877,서울특별시 강남구 삼성동 144-19 제이에스타워,N,,3220000-113-2024-00179,,3220000,"서울특별시 강남구 테헤란로79길 6, 제이에스타워 지상3층 브이1348호 (삼성동)",06158,01,영업/정상,유통전문판매업,,,,
,자가,주식회사 에스루트,유통전문판매업,,203795.036855802,442415.878436655,2026-05-03 22:50:50,I,01,영업,75.24,,,,,,,,,2024-09-12 17:32:34,2024-09-12,75.24,135-854,서울특별시 강남구 도곡동 515-17 AK빌딩,N,,3220000-113-2024-00180,,3220000,"서울특별시 강남구 논현로30길 21, AK빌딩 지상3층 (도곡동)",06301,01,영업/정상,유통전문판매업,,,,
,자가,에스이오,유통전문판매업,,205079.418138107,444869.834721154,2026-05-03 22:50:50,I,01,영업,3.3,,,,,,,,,2024-09-20 11:58:07,2024-09-20,3.30,135-845,서울특별시 강남구 대치동 942-15,N,,3220000-113-2024-00183,,3220000,"서울특별시 강남구 테헤란로82길 15, 10층 1082호 (대치동)",06178,01,영업/정상,유통전문판매업,,,,
,자가,홈 앤 플레이스,유통전문판매업,,203805.402040058,444420.936778414,2026-05-03 22:50:50,I,01,영업,3.96,,,,,,,,,2024-09-23 11:28:41,2024-09-23,3.96,135-918,서울특별시 강남구 역삼동 706-15 성보빌딩Ⅱ,N,,3220000-113-2024-00184,,3220000,"서울특별시 강남구 언주로 432-6, 성보빌딩Ⅱ 4층 94호 (역삼동)",06210,01,영업/정상,유통전문판매업,,,,
,자가,주식회사 제이푸드션,유통전문판매업,,203607.068430001,445315.578728921,2026-05-03 22:50:50,I,01,영업,4,,,,,,,,,2024-09-23 11:41:51,2024-09-23,4.00,135-529,서울특별시 강남구 논현동 277-20 아모제논현빌딩,N,,3220000-113-2024-00185,,3220000,"서울특별시 강남구 봉은사로 317, 아모제논현빌딩 지상2층 2337호 (논현동)",06103,01,영업/정상,유통전문판매업,,,,
,자가,짐키친,유통전문판매업,,204808.960746173,446589.329345465,2026-05-03 22:50:50,I,01,영업,20,,,,,,,,,2024-09-24 10:02:44,2024-09-24,20.00,135-953,서울특별시 강남구 청담동 71-1 청담갤러리,N,,3220000-113-2024-00186,,3220000,"서울특별시 강남구 학동로97길 26, 청담갤러리 4층 (청담동)",06072,01,영업/정상,유통전문판매업,,,,
,자가,(주)디앤비욘드,유통전문판매업,,203863.803557981,444248.827380981,2026-05-03 22:50:54,I,01,영업,0,,,,,,,,,2025-07-23 10:13:52,2025-07-23,.00,135-919,서울특별시 강남구 역삼동 711-3 역삼자이아파트,N,,3220000-113-2025-00158,,3220000,"서울특별시 강남구 언주로 420, 101동 1702호 (역삼동, 역삼자이아파트)",06214,01,영업/정상,유통전문판매업,,,,
,자가,(주)참앤뉴,유통전문판매업,,204639.134845077,445571.79533281,2026-05-03 22:50:54,I,01,영업,278.96,,,,,,,,,2025-07-24 15:49:38,2025-07-24,278.96,135-509,서울특별시 강남구 삼성동 119-9 케이빌딩,N,,3220000-113-2025-00159,,3220000,"서울특별시 강남구 삼성로 571, 케이빌딩 8층 (삼성동)",06154,01,영업/정상,유통전문판매업,,,,
,임대,바이타힐 주식회사,유통전문판매업,,203253.726246178,443777.360830763,2026-05-03 22:50:54,I,01,영업,3,,,,,,,,,2025-07-25 13:12:08,2025-06-02,3.00,135-925,서울특별시 강남구 역삼동 747-9 역삼동 수양빌딩,N,,3220000-113-2025-00160,,3220000,"서울특별시 강남구 논현로75길 15, 역삼동 수양빌딩 5층 501호 241215호 (역삼동)",06247,01,영업/정상,유통전문판매업,,,,
,자가,네덜란드레시피코리아 주식회사,유통전문판매업,,203253.726246178,443777.360830763,2026-05-03 22:50:54,I,01,영업,0,,,,,,,,,2025-07-25 16:25:34,2025-07-25,3.00,135-925,서울특별시 강남구 역삼동 747-9 역삼동 수양빌딩,N,,3220000-113-2025-00161,,3220000,"서울특별시 강남구 논현로75길 15, 역삼동 수양빌딩 5층 501중 일부호 (역삼동)",06247,01,영업/정상,유통전문판매업,,,,
,자가,에이트뷰티,유통전문판매업,2026-02-11,205079.418138107,444869.834721154,2026-05-03 22:50:54,I,02,폐업,3.3,,,,,,,,,2026-02-11 10:21:50,2025-07-29,3.30,135-845,서울특별시 강남구 대치동 942-15,N,,3220000-113-2025-00162,,3220000,"서울특별시 강남구 테헤란로82길 15, 5층 540호 (대치동)",06178,03,폐업,유통전문판매업,,,,
,자가,아토머스(주),유통전문판매업,,205611.579905873,445395.50794402,2026-05-03 22:50:54,I,01,영업,128,,,,,,,,,2025-07-29 15:07:44,2025-07-29,128.00,135-882,서울특별시 강남구 삼성동 169 대화빌딩,N,,3220000-113-2025-00163,,3220000,"서울특별시 강남구 영동대로96길 20, 대화빌딩 4층 (삼성동)",06173,01,영업/정상,유통전문판매업,02-555-9811,,,
,자가,팜밀리1987,유통전문판매업,,203588.048190661,446183.368328818,2026-05-03 22:50:54,I,01,영업,0,,,,,,,,,2025-07-29 16:06:56,2025-07-29,4.95,135-764,서울특별시 강남구 청담동 41 청담빌딩,N,,3220000-113-2025-00164,,3220000,"서울특별시 강남구 선릉로 704, 청담빌딩 10층 699호 (청담동)",06069,01,영업/정상,유통전문판매업,,,,
,자가,주식회사 셀럽코리아,유통전문판매업,,204399.988565377,444849.431548294,2026-05-03 22:50:54,I,01,영업,186,,,,,,,,,2025-07-30 09:33:19,2025-07-30,186.00,135-876,서울특별시 강남구 삼성동 142-5,N,,3220000-113-2025-00165,,3220000,"서울특별시 강남구 테헤란로63길 8, 4층, 5층 (삼성동)",06160,01,영업/정상,유통전문판매업,1544-9780,,,
,자가,주식회사 온드컴퍼니,유통전문판매업,,201701.418320002,446697.701706035,2026-05-03 22:50:54,I,01,영업,69,,,,,,,,,2025-07-30 14:10:51,2025-07-30,69.00,135-888,서울특별시 강남구 신사동 528 보암빌딩,N,,3220000-113-2025-00166,,3220000,"서울특별시 강남구 압구정로 104, 보암빌딩 6층 (신사동)",06028,01,영업/정상,유통전문판매업,,,,
,자가,한국펩시콜라 주식회사,유통전문판매업,,205412.607475534,445055.346815966,2026-05-03 22:50:54,I,01,영업,0,,,,,,,,,2025-07-31 12:58:57,2025-07-31,482.60,135-846,서울특별시 강남구 대치동 945-10 KOSMO DAECHI,N,,3220000-113-2025-00167,,3220000,"서울특별시 강남구 테헤란로98길 8, KOSMO DAECHI 14층 일부호 (대치동)",06181,01,영업/정상,유통전문판매업,,,,
,자가,서로,유통전문판매업,,202791.408103498,443281.64936354,2026-05-03 22:50:54,I,01,영업,42.25,,,,,,,,,2025-08-01 15:51:22,2025-08-01,42.25,135-937,서울특별시 강남구 역삼동 837-17 삼성애니텔,N,,3220000-113-2025-00168,,3220000,"서울특별시 강남구 도곡로3길 25, 삼성애니텔 309호 (역삼동)",06253,01,영업/정상,유통전문판매업,,,,
,자가,(주)위글로우,유통전문판매업,2026-03-27,203332.547177571,447264.001473259,2026-05-03 22:50:54,I,02,폐업,147.28,,,,,,,,,2026-03-27 10:55:07,2025-08-04,147.28,135-897,서울특별시 강남구 신사동 661-16 Y&B 찬화빌딩,N,,3220000-113-2025-00169,,3220000,"서울특별시 강남구 선릉로161길 24, Y&B 찬화빌딩 4층 (신사동)",06018,03,폐업,유통전문판매업,,,,
,자가,주식회사 이뮤시아,유통전문판매업,,203805.402040058,444420.936778414,2026-05-03 22:50:54,I,01,영업,3.96,,,,,,,,,2025-08-07 09:45:44,2025-08-07,3.96,135-918,서울특별시 강남구 역삼동 706-15 성보빌딩Ⅱ,N,,3220000-113-2025-00171,,3220000,"서울특별시 강남구 언주로 432-6, 성보빌딩Ⅱ 4층 38호 (역삼동)",06210,01,영업/정상,유통전문판매업,1611-8013,,,
,자가,주식회사 유니오,유통전문판매업,,203057.854668681,444976.940385804,2026-05-03 22:50:54,I,01,영업,0,,,,,,,,,2025-08-07 16:48:48,2025-08-07,108.55,135-913,서울특별시 강남구 역삼동 651-19,N,,3220000-113-2025-00172,,3220000,"서울특별시 강남구 언주로107길 48, 3층 (역삼동)",06135,01,영업/정상,유통전문판매업,,,,
,자가,주식회사 보넬,유통전문판매업,,202161.020617773,444633.499865115,2026-05-03 22:50:54,I,01,영업,8,,,,,,,,,2025-08-08 12:55:37,2025-08-08,8.00,135-931,서울특별시 강남구 역삼동 809 비제바노,N,,3220000-113-2025-00173,,3220000,"서울특별시 강남구 강남대로 464, 비제바노 5층 525호 (역삼동)",06123,01,영업/정상,유통전문판매업,,,,
,자가,소연코퍼레이션 주식회사,유통전문판매업,,203175.63878024,445233.806285677,2026-05-03 22:50:54,I,01,영업,0,,,,,,,,,2025-08-08 16:38:15,2025-08-08,5.50,135-831,서울특별시 강남구 논현동 237 논현 237,N,,3220000-113-2025-00174,,3220000,"서울특별시 강남구 언주로113길 7, 논현 237 3층 368호 (논현동)",06109,01,영업/정상,유통전문판매업,,,,
,,와이케이 코퍼레이션,유통전문판매업,,204538.144891563,442942.853505354,2026-05-03 22:50:54,I,01,영업,0,,,,,,,,,2025-08-08 16:44:19,2025-08-08,,135-856,서울특별시 강남구 도곡동 467-7 아카데미스위트,N,,3220000-113-2025-00175,,3220000,"서울특별시 강남구 언주로30길 21, A동 3104호 (도곡동, 아카데미스위트)",06292,01,영업/정상,유통전문판매업,,,,
,자가,비넥스트,유통전문판매업,,202432.699729092,445221.51390022,2026-05-03 22:50:54,I,01,영업,56.41,,,,,,,,,2025-08-08 16:52:06,2025-08-08,56.41,135-824,서울특별시 강남구 논현동 157-30,N,,3220000-113-2025-00176,,3220000,"서울특별시 강남구 학동로26길 72, 2층 (논현동)",06115,01,영업/정상,유통전문판매업,,,,
,임대,주식회사 제이컬렉션,유통전문판매업,,205359.898726792,445864.805913342,2026-05-03 22:50:50,I,01,영업,379,,,,,,,,,2024-09-24 10:55:58,2024-09-24,379.00,135-873,서울특별시 강남구 삼성동 107-6 성재빌딩,N,,3220000-113-2024-00187,,3220000,"서울특별시 강남구 봉은사로103길 5, 성재빌딩 3층 (삼성동)",06083,01,영업/정상,유통전문판매업,02-1588-2644,,,
,자가,주식회사 레딜코리아,유통전문판매업,,205079.418138107,444869.834721154,2026-05-03 22:50:50,I,01,영업,0,,,,,,,,,2025-10-15 17:58:20,2024-09-24,3.30,135-845,서울특별시 강남구 대치동 942-15,N,,3220000-113-2024-00188,,3220000,"서울특별시 강남구 테헤란로82길 15, 9층 921호 (대치동)",06178,01,영업/정상,유통전문판매업,,,,
,자가,주식회사 가치글로벌,유통전문판매업,,203702.477207367,445271.241490281,2026-05-03 22:50:50,I,01,영업,0,,,,,,,,,2024-09-24 14:07:14,2024-09-24,5.50,135-916,서울특별시 강남구 역삼동 682 남전빌딩,N,,3220000-113-2024-00189,,3220000,"서울특별시 강남구 봉은사로 326, 남전빌딩 8층 987호 (역삼동)",06143,01,영업/정상,유통전문판매업,,,,
,자가,얼리소프트,유통전문판매업,,204933.423687109,445141.77035067,2026-05-03 22:50:50,I,01,영업,67.87,,,,,,,,,2024-09-24 17:41:15,2024-09-24,67.87,135-880,서울특별시 강남구 삼성동 157-8 LG트윈텔1,N,,3220000-113-2024-00190,,3220000,"서울특별시 강남구 삼성로96길 6, LG트윈텔1 13층 1306호 (삼성동)",06168,01,영업/정상,유통전문판매업,,,,
,자가,주식회사 삼오푸드,유통전문판매업,,202971.404192476,444802.761941582,2026-05-03 22:50:50,I,01,영업,9,,,,,,,,,2024-09-26 16:33:43,2024-09-26,9.00,135-907,서울특별시 강남구 역삼동 607-13 삼정빌딩,N,,3220000-113-2024-00191,,3220000,"서울특별시 강남구 논현로 553, 삼정빌딩 비1층 301호 (역삼동)",06126,01,영업/정상,유통전문판매업,02-3442-1999,,,
,자가,(주)유어유니콘,유통전문판매업,,202497.854137533,445521.516841662,2026-05-03 22:50:50,I,01,영업,1.65,,,,,,,,,2025-02-05 10:29:13,2024-09-26,1.65,135-823,서울특별시 강남구 논현동 127-11 참존빌딩,N,,3220000-113-2024-00192,,3220000,"서울특별시 강남구 학동로24길 20, 참존빌딩 4층 402호 a439호 (논현동)",06112,01,영업/정상,유통전문판매업,,,,
,자가,주식회사 수성코퍼레이션,유통전문판매업,,205215.777796925,444562.147119752,2026-05-03 22:50:50,I,01,영업,3.3,,,,,,,,,2024-10-02 17:32:28,2024-10-02,3.30,135-847,서울특별시 강남구 대치동 961-4 인테크빌딩,N,,3220000-113-2024-00193,,3220000,"서울특별시 강남구 역삼로 512, 인테크빌딩 5층 580호 (대치동)",06186,01,영업/정상,유통전문판매업,,,,
,자가,노커피서울,유통전문판매업,,202206.570094368,446951.967880494,2026-05-03 22:50:50,I,01,영업,5,,,,,,,,,2024-10-07 12:03:14,2024-10-07,5.00,135-891,서울특별시 강남구 신사동 572-3,N,,3220000-113-2024-00194,,3220000,"서울특별시 강남구 압구정로20길 19, 지상1층 (신사동)",06030,01,영업/정상,유통전문판매업,,,,
,자가,소노팜,유통전문판매업,,203081.161708641,444381.101104143,2026-05-03 22:50:50,I,01,영업,60,,,,,,,,,2024-10-11 10:43:25,2024-10-11,60.00,135-910,서울특별시 강남구 역삼동 642-1 역삼현대벤쳐텔,N,,3220000-113-2024-00195,,3220000,"서울특별시 강남구 테헤란로25길 20, 역삼현대벤쳐텔 지상3층 302호 (역삼동)",06132,01,영업/정상,유통전문판매업,,,,
,자가,크로비스,유통전문판매업,,203253.726246178,443777.360830763,2026-05-03 22:50:50,I,01,영업,3,0,0,0,,,,0,,2024-10-11 16:57:44,2024-10-11,3.00,135-925,서울특별시 강남구 역삼동 747-9 역삼동 수양빌딩,N,,3220000-113-2024-00196,,3220000,"서울특별시 강남구 논현로75길 15, 역삼동 수양빌딩 5층 501호 (역삼동)",06247,01,영업/정상,유통전문판매업,,,,
,임대,앤오앤앤,유통전문판매업,,202892.251806597,443917.502499367,2026-05-03 22:50:50,I,01,영업,71.9,,,,,,,,,2024-10-11 17:25:14,2024-10-11,71.90,135-935,서울특별시 강남구 역삼동 828-26 AIP빌딩,N,,3220000-113-2024-00197,,3220000,"서울특별시 강남구 테헤란로14길 30-1, AIP빌딩 지상1층 (역삼동)",06239,01,영업/정상,유통전문판매업,,,,
,자가,청담바이오랩,유통전문판매업,,205271.275273064,445852.638814088,2026-05-03 22:50:50,I,01,영업,1.65,,,,,,,,,2024-10-14 07:59:01,2024-10-14,1.65,135-873,서울특별시 강남구 삼성동 107 삼성동 미켈란 107,N,,3220000-113-2024-00198,,3220000,"서울특별시 강남구 영동대로 602, 6층 Z67호 (삼성동, 삼성동 미켈란 107)",06083,01,영업/정상,유통전문판매업,,,,
,임대,슬로우하이,유통전문판매업,,204639.090092973,444728.353701831,2026-05-03 22:50:50,I,01,영업,3.3,,,,,,,,,2024-10-14 11:18:58,2024-10-14,3.30,135-839,서울특별시 강남구 대치동 890-60 H 타워,N,,3220000-113-2024-00200,,3220000,"서울특별시 강남구 테헤란로70길 12, H 타워 4층 402-32A호 (대치동)",06193,01,영업/정상,유통전문판매업,,,,
,임대,주식회사 센스파마시글로벌,유통전문판매업,,204373.117613098,446870.994795997,2026-05-03 22:50:50,I,01,영업,20,,,,,,,,,2024-10-14 11:47:22,2024-10-14,20.00,135-952,서울특별시 강남구 청담동 50-3 삼성빌딩,N,,3220000-113-2024-00201,,3220000,"서울특별시 강남구 도산대로92길 6, 삼성빌딩 2층 202호 (청담동)",06070,01,영업/정상,유통전문판매업,070-7785-3310,,,
,자가,롯데정밀화학 주식회사,유통전문판매업,,205446.736406275,445116.280153369,2026-05-03 22:50:50,I,01,영업,1254.97,,,,,,,,,2025-04-17 15:55:59,2024-10-14,"1,254.97",135-846,서울특별시 강남구 대치동 946-1 글라스타워빌딩,N,,3220000-113-2024-00202,,3220000,"서울특별시 강남구 테헤란로 534, 글라스타워빌딩 26층 (대치동)",06181,01,영업/정상,유통전문판매업,052-270-6114,,,
,임대,하이스(Hyce),유통전문판매업,,205952.208956606,444376.266849449,2026-05-03 22:50:50,I,01,영업,65,,,,,,,,,2024-10-16 09:23:28,2024-10-16,65.00,135-851,서울특별시 강남구 대치동 1009-4 대치동상지리츠빌카일룸,N,,3220000-113-2024-00204,,3220000,"서울특별시 강남구 도곡로 603, 2층 201호 (대치동, 대치동상지리츠빌카일룸)",06177,01,영업/정상,유통전문판매업,02-575-7084,,,
,자가,(주)메이크테이스트,유통전문판매업,,201815.514393037,445681.105114857,2026-05-03 22:50:50,I,01,영업,3.3,,,,,,,,,2024-10-16 16:19:22,2024-10-16,3.30,135-814,서울특별시 강남구 논현동 20-9 정빌딩,N,,3220000-113-2024-00205,,3220000,"서울특별시 강남구 강남대로136길 5-4, 정빌딩 지상4층 (논현동)",06043,01,영업/정상,유통전문판매업,,,,
,자가,(주)엑스퍼트케어링크,유통전문판매업,,205189.161136356,445818.67320465,2026-05-03 22:50:54,I,01,영업,33.05,,,,,,,,,2025-08-11 12:33:11,2025-08-11,33.05,135-871,서울특별시 강남구 삼성동 77-11 랜드마크빌딩,N,,3220000-113-2025-00177,,3220000,"서울특별시 강남구 영동대로 607, 랜드마크빌딩 6층 (삼성동)",06087,01,영업/정상,유통전문판매업,,,,
,자가,컨티뉴엄파트너스(주),유통전문판매업,,202647.939435719,445895.523560174,2026-05-03 22:50:54,I,01,영업,561.29,,,,,,,,,2025-08-11 15:06:02,2025-08-11,561.29,135-818,서울특별시 강남구 논현동 86-1 아이캐슬빌딩,N,,3220000-113-2025-00178,,3220000,"서울특별시 강남구 논현로 706, 아이캐슬빌딩 6층 (논현동)",06052,01,영업/정상,유통전문판매업,02-6081-8804,,,
,자가,주식회사 대아트레이딩,유통전문판매업,,205130.591678902,445590.096837802,2026-05-03 22:50:54,I,01,영업,2.04,,,,,,,,,2025-08-11 15:09:07,2025-08-11,2.04,135-975,서울특별시 강남구 삼성동 159 코엑스인터콘티넨탈서울,N,,3220000-113-2025-00179,,3220000,"서울특별시 강남구 봉은사로 524, 코엑스인터콘티넨탈서울 비2층 200-10호 (삼성동)",06164,01,영업/정상,유통전문판매업,,,,
,자가,주식회사 원더와이즈커뮤니케이션,유통전문판매업,,203427.357947311,446305.425461886,2026-05-03 22:50:54,I,01,영업,42.8,,,,,,,,,2025-08-12 10:39:19,2025-08-12,42.80,135-821,서울특별시 강남구 논현동 109-26,N,,3220000-113-2025-00180,,3220000,"서울특별시 강남구 학동로53길 29, 지하1층 (논현동)",06059,01,영업/정상,유통전문판매업,02-3448-8800,,,
,자가,섹타나인 도곡지점,유통전문판매업,,203551.136335585,442643.023090302,2026-05-03 22:50:54,I,01,영업,1646.48,,,,,,,,,2025-08-12 11:18:46,2025-08-12,"1,646.48",135-859,서울특별시 강남구 도곡동 907-54,N,,3220000-113-2025-00181,,3220000,"서울특별시 강남구 논현로 201, 6층, 7층 (도곡동)",06271,01,영업/정상,유통전문판매업,02-2276-6800,,,
,자가,바이오제니크,유통전문판매업,,202086.415168706,445005.433815594,2026-05-03 22:50:54,I,01,영업,5.5,,,,,,,,,2025-08-12 12:37:50,2025-08-12,5.50,135-825,서울특별시 강남구 논현동 167-29,N,,3220000-113-2025-00182,,3220000,"서울특별시 강남구 강남대로120길 11, 4층 B411호 (논현동)",06119,01,영업/정상,유통전문판매업,,,,
,자가,쿠파스,유통전문판매업,,203645.92181561,445336.01235689,2026-05-03 22:50:54,I,01,영업,46.22,,,,,,,,,2025-08-13 11:45:18,2025-08-13,46.22,135-833,서울특별시 강남구 논현동 277-18,N,,3220000-113-2025-00183,,3220000,"서울특별시 강남구 봉은사로49길 5, 403호 (논현동)",06103,01,영업/정상,유통전문판매업,,,,
,자가,지키지키,유통전문판매업,,204639.090092973,444728.353701831,2026-05-03 22:50:54,I,01,영업,0,,,,,,,,,2025-08-14 16:44:19,2025-08-14,3.30,135-839,서울특별시 강남구 대치동 890-60 H 타워,N,,3220000-113-2025-00184,,3220000,"서울특별시 강남구 테헤란로70길 12, H 타워 4층 402호중 J787호 (대치동)",06193,01,영업/정상,유통전문판매업,070-8983-3432,,,
,,주식회사 시너지인터내셔널,유통전문판매업,,203359.496312367,446065.989722453,2026-05-03 22:50:54,I,01,영업,58.22,,,,,,,,,2025-08-19 15:09:49,2025-08-19,58.22,135-821,서울특별시 강남구 논현동 117-5,N,,3220000-113-2025-00186,,3220000,"서울특별시 강남구 학동로47길 3, 4층 (논현동)",06060,01,영업/정상,유통전문판매업,,,,
,자가,주식회사 리틈,유통전문판매업,,202233.376703439,446247.902496745,2026-05-03 22:50:54,I,01,영업,26.91,,,,,,,,,2025-08-20 11:45:07,2025-08-20,26.91,135-812,서울특별시 강남구 논현동 6-21 세양 APEX TOWER,N,,3220000-113-2025-00187,,3220000,"서울특별시 강남구 도산대로 158, 세양 APEX TOWER 9층 915호 (논현동)",06040,01,영업/정상,유통전문판매업,,,,
,자가,에스트리,유통전문판매업,,202990.404385463,443816.04248395,2026-05-03 22:50:54,I,01,영업,1.64,,,,,,,,,2025-08-20 12:34:58,2025-08-20,1.64,135-924,서울특별시 강남구 역삼동 741-39,N,,3220000-113-2025-00188,,3220000,"서울특별시 강남구 논현로79길 48-1, 2층 1141호 (역삼동)",06238,01,영업/정상,유통전문판매업,,,,
,자가,주식회사 이너리치,유통전문판매업,,203851.702886164,442606.195243796,2026-05-03 22:50:54,I,01,영업,0,,,,,,,,,2025-08-21 09:49:50,2025-08-21,1.00,135-854,서울특별시 강남구 도곡동 411-14 유일빌딩,N,,3220000-113-2025-00189,,3220000,"서울특별시 강남구 남부순환로 2728, 유일빌딩 3층 A33호 (도곡동)",06296,01,영업/정상,유통전문판매업,,,,
,자가,수젠텍,유통전문판매업,,202854.593559695,444017.61354874,2026-05-03 22:50:54,I,01,영업,761.77,,,,,,,,,2025-08-21 16:45:21,2025-08-21,761.77,135-933,서울특별시 강남구 역삼동 823-30 라인빌딩,N,,3220000-113-2025-00190,,3220000,"서울특별시 강남구 테헤란로14길 16, 라인빌딩 9층 (역삼동)",06234,01,영업/정상,유통전문판매업,02-2014-5603,,,
,자가,벨포도,유통전문판매업,,204639.090092973,444728.353701831,2026-05-03 22:50:54,I,01,영업,3.3,,,,,,,,,2025-08-22 13:40:09,2025-08-22,3.30,135-839,서울특별시 강남구 대치동 890-60 H 타워,N,,3220000-113-2025-00191,,3220000,"서울특별시 강남구 테헤란로70길 12, H 타워 4층 402-493A호 (대치동)",06193,01,영업/정상,유통전문판매업,,,,
,자가,웨스틴 서울 파르나스,유통전문판매업,,205130.591678902,445590.096837802,2026-05-03 22:50:54,I,01,영업,0,,,,,,,,,2025-08-25 15:01:12,2025-08-25,34.05,135-975,서울특별시 강남구 삼성동 159 코엑스인터콘티넨탈서울,N,,3220000-113-2025-00192,,3220000,"서울특별시 강남구 봉은사로 524, 코엑스인터콘티넨탈서울 1층 (삼성동)",06164,01,영업/정상,유통전문판매업,02-3430-8653,,,
,자가,주식회사 어니스트캄,유통전문판매업,,203043.869914125,445391.375404662,2026-05-03 22:50:54,I,01,영업,9.91,,,,,,,,,2025-08-26 17:21:23,2025-08-26,9.91,135-829,서울특별시 강남구 논현동 224-10,N,,3220000-113-2025-00193,,3220000,"서울특별시 강남구 봉은사로37길 41, 지상2층 (논현동)",06107,01,영업/정상,유통전문판매업,,,,
,자가,제이엔알코리아,유통전문판매업,,203168.14749536,444555.363597916,2026-05-03 22:50:54,I,01,영업,1.65,,,,,,,,,2025-08-26 17:24:10,2025-08-26,1.65,135-914,서울특별시 강남구 역삼동 668-10,N,,3220000-113-2025-00194,,3220000,"서울특별시 강남구 봉은사로30길 68, 6층 168호 (역삼동)",06140,01,영업/정상,유통전문판매업,,,,
,자가,에삐,유통전문판매업,,204227.711565004,444848.857595227,2026-05-03 22:50:54,I,01,영업,10,,,,,,,,,2025-08-28 16:14:55,2025-08-28,10.00,135-875,서울특별시 강남구 삼성동 140-25,N,,3220000-113-2025-00195,,3220000,"서울특별시 강남구 선릉로 518, 지상1층 (삼성동)",06161,01,영업/정상,유통전문판매업,,,,
,임대,고은산(주),유통전문판매업,,205073.617414103,445130.551396344,2026-05-03 22:50:50,I,01,영업,24,,,,,,,,,2024-10-16 16:26:49,2024-10-16,24.00,135-880,서울특별시 강남구 삼성동 158-6 조영빌딩,N,,3220000-113-2024-00206,,3220000,"서울특별시 강남구 삼성로96길 26-12, 조영빌딩 3층 302호 (삼성동)",06169,01,영업/정상,유통전문판매업,,,,
,자가,주식회사 아워코퍼레이션,유통전문판매업,,203535.518350911,446164.672500619,2026-05-03 22:50:50,I,01,영업,286.23,,,,,,,,,2026-01-29 14:14:03,2024-10-17,286.23,135-820,서울특별시 강남구 논현동 119-2 HS TOWER,N,,3220000-113-2024-00207,,3220000,"서울특별시 강남구 선릉로 703, HS TOWER 11층 (논현동)",06060,01,영업/정상,유통전문판매업,,,,
,임대,주식회사 절기,유통전문판매업,,203524.537614998,445210.315728429,2026-05-03 22:50:50,I,01,영업,13.5,,,,,,,,,2024-10-22 12:50:33,2024-10-22,13.50,135-916,서울특별시 강남구 역삼동 681-16 나강타워,N,,3220000-113-2024-00209,,3220000,"서울특별시 강남구 봉은사로 306, 나강타워 지하1층 (역삼동)",06143,01,영업/정상,유통전문판매업,,,,
,자가,벨라벨벳,유통전문판매업,,203253.726246178,443777.360830763,2026-05-03 22:50:50,I,01,영업,3,,,,,,,,,2024-10-23 09:34:21,2024-08-08,3.00,135-925,서울특별시 강남구 역삼동 747-9 역삼동 수양빌딩,N,,3220000-113-2024-00210,,3220000,"서울특별시 강남구 논현로75길 15, 역삼동 수양빌딩 5층 501호 242379호 (역삼동)",06247,01,영업/정상,유통전문판매업,070-8080-4843,,,
,자가,주식회사 만개,유통전문판매업,,205448.68677717,445003.809877312,2026-05-03 22:50:50,I,01,영업,45.2,,,,,,,,,2024-10-23 16:51:43,2024-10-23,45.20,135-846,서울특별시 강남구 대치동 945-15 제주장학회관,N,,3220000-113-2024-00211,,3220000,"서울특별시 강남구 테헤란로98길 16, 제주장학회관 8층 802호 (대치동)",06181,01,영업/정상,유통전문판매업,,,,
,임대,주식회사 유피랩스,유통전문판매업,,204091.578937267,444708.182570037,2026-05-03 22:50:50,I,01,영업,9.9,0,0,0,,,,0,,2024-10-24 15:28:19,2024-05-29,9.90,135-922,서울특별시 강남구 역삼동 705-1 빅토리아오피스텔,N,,3220000-113-2024-00213,,3220000,"서울특별시 강남구 테헤란로 327, 빅토리아오피스텔 6층 605호 (역삼동)",06150,01,영업/정상,유통전문판매업,,,,
,자가,(주)그래디언트,유통전문판매업,,204840.45,445059.75,2026-05-03 22:50:50,I,01,영업,1007,,,,,,,,,2025-05-13 16:16:31,2024-10-25,"1,007.00",135-877,서울특별시 강남구 삼성동 144-17 아이콘 삼성,N,,3220000-113-2024-00214,,3220000,"서울특별시 강남구 삼성로 511, 아이콘 삼성 20층 (삼성동)",06158,01,영업/정상,유통전문판매업,02-6203-5169,,,
,임대,(주)지에스랜드,유통전문판매업,,203164.598074469,445984.629178283,2026-05-03 22:50:50,I,01,영업,151.86,,,,,,,,,2024-10-29 09:32:19,2024-10-29,151.86,135-821,서울특별시 강남구 논현동 115-17 영동정형외과,N,,3220000-113-2024-00215,,3220000,"서울특별시 강남구 학동로 309, 영동정형외과 6층 (논현동)",06061,01,영업/정상,유통전문판매업,02-515-2026,,,
,자가,디노랩,유통전문판매업,,205271.275273064,445852.638814088,2026-05-03 22:50:50,I,01,영업,1.65,,,,,,,,,2024-10-29 11:23:13,2024-10-29,1.65,135-873,서울특별시 강남구 삼성동 107 삼성동 미켈란 107,N,,3220000-113-2024-00216,,3220000,"서울특별시 강남구 영동대로 602, 6층 g145호 (삼성동, 삼성동 미켈란 107)",06083,01,영업/정상,유통전문판매업,070-8027-8722,,,
,임대,주식회사 웰니스레시피,유통전문판매업,,202852.218829414,447198.096095919,2026-05-03 22:50:50,I,01,영업,35,,,,,,,,,2024-10-29 16:06:16,2024-10-29,35.00,135-894,서울특별시 강남구 신사동 621-3,N,,3220000-113-2024-00217,,3220000,"서울특별시 강남구 언주로 857, 4층 402호 (신사동)",06023,01,영업/정상,유통전문판매업,02-2039-0733,,,
,자가,웰밸런스(Well Balance),유통전문판매업,,203912.778626691,441843.261084323,2026-05-03 22:50:50,I,01,영업,3.3,,,,,,,,,2024-10-30 12:29:55,2024-10-30,3.30,135-964,서울특별시 강남구 개포동 1240-5,N,,3220000-113-2024-00218,,3220000,"서울특별시 강남구 개포로15길 3-4, 지하1층 지101호-A020호 (개포동)",06303,01,영업/정상,유통전문판매업,,,,
,자가,아토마케팅,유통전문판매업,,202724.214297488,445894.305854116,2026-05-03 22:50:50,I,01,영업,0,,,,,,,,,2024-10-30 14:39:31,2024-10-30,2.00,135-818,서울특별시 강남구 논현동 86-5,N,,3220000-113-2024-00219,,3220000,"서울특별시 강남구 논현로132길 13, 4층 4932호 (논현동)",06052,01,영업/정상,유통전문판매업,,,,
,자가,주식회사 린뷰티,유통전문판매업,,201810.69838187,446016.003556929,2026-05-03 22:50:50,I,01,영업,0,,,,,,,,,2024-10-30 15:43:51,2024-10-30,50.00,135-811,서울특별시 강남구 논현동 2-15 수일빌딩,N,,3220000-113-2024-00220,,3220000,"서울특별시 강남구 도산대로 114, 수일빌딩 7층 (논현동)",06038,01,영업/정상,유통전문판매업,02-518-1317,,,
,자가,(주)지인푸드,유통전문판매업,,202776.774951944,445965.176877659,2026-05-03 22:50:50,I,01,영업,0,,,,,,,,,2025-04-10 14:31:12,2024-10-31,92.60,135-818,서울특별시 강남구 논현동 82-13 수산 빌딩,N,,3220000-113-2024-00221,,3220000,"서울특별시 강남구 학동로33길 17, 수산 빌딩 6층 602호 (논현동)",06052,01,영업/정상,유통전문판매업,02-1661-1887,,,
,자가,농업회사법인 주식회사 올리,유통전문판매업,,202601.635042432,444763.31238073,2026-05-03 22:50:50,I,01,영업,0,,,,,,,,,2026-04-30 09:24:11,2024-10-31,30.00,135-907,서울특별시 강남구 역삼동 614-24,N,,3220000-113-2024-00222,,3220000,"서울특별시 강남구 봉은사로18길 18, 1층 101호 (역삼동)",06127,01,영업/정상,유통전문판매업,,,,
,자가,더블유씨엘,유통전문판매업,,204615.364777705,444884.394551474,2026-05-03 22:50:50,I,01,영업,5,,,,,,,,,2024-10-31 16:18:07,2024-10-31,5.00,135-877,서울특별시 강남구 삼성동 143-37 현대타워,N,,3220000-113-2024-00223,,3220000,"서울특별시 강남구 테헤란로 423, 지상2층 2470호 (삼성동, 현대타워)",06159,01,영업/정상,유통전문판매업,,,,
,자가,에스제이네버더레스 주식회사,유통전문판매업,,201826.154599102,445628.759023835,2026-05-03 22:50:50,I,01,영업,3.3,,,,,,,,,2024-11-01 16:43:54,2024-11-01,3.30,135-814,서울특별시 강남구 논현동 49-7,N,,3220000-113-2024-00224,,3220000,"서울특별시 강남구 강남대로136길 10, 6층 605B호 (논현동)",06044,01,영업/정상,유통전문판매업,,,,
,자가,루틴톡(RoutinTok),유통전문판매업,,205215.777796925,444562.147119752,2026-05-03 22:50:54,I,01,영업,0,,,,,,,,,2025-09-02 11:28:10,2025-08-29,3.30,135-847,서울특별시 강남구 대치동 961-4 인테크빌딩,N,,3220000-113-2025-00196,,3220000,"서울특별시 강남구 역삼로 512, 인테크빌딩 5층 564호 (대치동)",06186,01,영업/정상,유통전문판매업,,,,
,자가,(주)어게인(AGAIN),유통전문판매업,,204842.620168646,445010.636361278,2026-05-03 22:50:54,I,01,영업,1.65,,,,,,,,,2025-08-29 15:28:34,2025-08-29,1.65,135-877,서울특별시 강남구 삼성동 144-19 제이에스타워,N,,3220000-113-2025-00197,,3220000,"서울특별시 강남구 테헤란로79길 6, 제이에스타워 지상3층 브이958호 (삼성동)",06158,01,영업/정상,유통전문판매업,,,,
,자가,비욘드유,유통전문판매업,,203004.766681742,445822.606853521,2026-05-03 22:50:54,I,01,영업,3,,,,,,,,,2025-08-29 16:39:12,2025-08-29,3.00,135-996,서울특별시 강남구 논현동 210-3 SH빌딩,N,,3220000-113-2025-00198,,3220000,"서울특별시 강남구 언주로129길 6, SH빌딩 5층 502-156호 (논현동)",06104,01,영업/정상,유통전문판매업,,,,
,자가,리즈바이옴,유통전문판매업,,203365.280632035,446970.807277881,2026-05-03 22:50:54,I,01,영업,107.52,,,,,,,,,2025-09-01 10:29:44,2025-09-01,107.52,135-897,서울특별시 강남구 신사동 665-8,N,,3220000-113-2025-00199,,3220000,"서울특별시 강남구 선릉로153길 8, 5층 (신사동)",06019,01,영업/정상,유통전문판매업,,,,
,자가,조이앤그룹,유통전문판매업,,202575.560406288,444136.923081339,2026-05-03 22:50:54,I,01,영업,4,,,,,,,,,2025-09-02 11:04:21,2025-09-02,4.00,135-912,서울특별시 강남구 역삼동 649-8,N,,3220000-113-2025-00200,,3220000,"서울특별시 강남구 강남대로92길 31, 6층 6476호 (역삼동)",06134,01,영업/정상,유통전문판매업,,,,
,자가,주식회사 비엔코,유통전문판매업,,208603.19,440518.109999999,2026-05-03 22:50:54,I,01,영업,25,,,,,,,,,2025-09-03 17:08:18,2025-09-03,25.00,135-190,서울특별시 강남구 세곡동 597 비엔빌딩,N,,3220000-113-2025-00201,,3220000,"서울특별시 강남구 헌릉로569길 33, 비엔빌딩 3층 (세곡동)",06376,01,영업/정상,유통전문판매업,,,,
,자가,웰로라,유통전문판매업,,204639.090092973,444728.353701831,2026-05-03 22:50:54,I,01,영업,3.3,,,,,,,,,2025-09-09 10:25:18,2025-09-09,3.30,135-839,서울특별시 강남구 대치동 890-60 H 타워,N,,3220000-113-2025-00203,,3220000,"서울특별시 강남구 테헤란로70길 12, H 타워 402-610A호 (대치동)",06193,01,영업/정상,유통전문판매업,,,,
,자가,주식회사 에버리브,유통전문판매업,,201716.685551826,446198.26983211,2026-05-03 22:50:54,I,01,영업,4,,,,,,,,,2025-09-12 14:24:27,2025-09-12,4.00,135-887,서울특별시 강남구 신사동 511-1 다복빌딩,N,,3220000-113-2025-00204,,3220000,"서울특별시 강남구 강남대로156길 12, 다복빌딩 4층 에이치16호 (신사동)",06035,01,영업/정상,유통전문판매업,,,,
,자가,주식회사 아이비알글로벌,유통전문판매업,,203610.123149101,446848.654294053,2026-05-03 22:50:54,I,01,영업,35,,,,,,,,,2025-09-12 14:44:57,2025-09-12,35.00,135-954,서울특별시 강남구 청담동 91-2 아노블리81,N,,3220000-113-2025-00205,,3220000,"서울특별시 강남구 도산대로 419, 아노블리81 1동 1307호 (청담동)",06016,01,영업/정상,유통전문판매업,,,,
,자가,(주)매직랩,유통전문판매업,,203459.494884569,445328.54450635,2026-05-03 22:50:54,I,01,영업,264,,,,,,,,,2025-09-12 16:00:45,2025-09-12,264.00,135-833,서울특별시 강남구 논현동 272-31,N,,3220000-113-2025-00206,,3220000,"서울특별시 강남구 봉은사로43길 14, 1층 101호 (논현동)",06103,01,영업/정상,유통전문판매업,,,,
,자가,주식회사 하입스튜디오,유통전문판매업,,201956.561428209,445325.198366946,2026-05-03 22:50:54,I,01,영업,0,,,,,,,,,2025-09-12 16:20:59,2025-09-12,3.30,135-822,서울특별시 강남구 논현동 141-7 세일빌딩,N,,3220000-113-2025-00207,,3220000,"서울특별시 강남구 학동로2길 19, 세일빌딩 2층 2526호 (논현동)",06110,01,영업/정상,유통전문판매업,,,,
,자가,주식회사 바른파트너즈,유통전문판매업,,202668.981712752,444688.357600488,2026-05-03 22:50:54,I,01,영업,148.37,0,0,0,,,,0,,2026-03-26 17:07:19,2025-09-18,148.37,135-908,서울특별시 강남구 역삼동 624-5,N,,3220000-113-2025-00208,,3220000,"서울특별시 강남구 테헤란로19길 77-6, 1층 (역삼동)",06127,01,영업/정상,유통전문판매업,,,,
,자가,주식회사 밀레니얼머니스쿨,유통전문판매업,,203073.052932395,444122.554624023,2026-05-03 22:50:54,I,01,영업,0,,,,,,,,,2025-09-18 16:28:11,2025-09-18,172.40,135-924,서울특별시 강남구 역삼동 736-50 역삼동오피스,N,,3220000-113-2025-00209,,3220000,"서울특별시 강남구 논현로87길 15-6, 역삼동오피스 5층 (역삼동)",06236,01,영업/정상,유통전문판매업,,,,
,자가,주식회사 웰네이처스(WellNatures),유통전문판매업,,204308.797361501,444932.157842043,2026-05-03 22:50:54,I,01,영업,3,,,,,,,,,2025-09-19 11:31:10,2025-09-19,3.00,135-875,서울특별시 강남구 삼성동 140-17 유니콘빌딩,N,,3220000-113-2025-00210,,3220000,"서울특별시 강남구 선릉로100길 30, 유니콘빌딩 지하1층 A-22호 (삼성동)",06161,01,영업/정상,유통전문판매업,070-815-7737,,,
,자가,아엘리에,유통전문판매업,,203912.778626691,441843.261084323,2026-05-03 22:50:54,I,01,영업,0,,,,,,,,,2025-09-19 13:43:51,2025-09-19,3.30,135-964,서울특별시 강남구 개포동 1240-5,N,,3220000-113-2025-00211,,3220000,"서울특별시 강남구 개포로15길 3-4, 지하1층 C040호 (개포동)",06303,01,영업/정상,유통전문판매업,,,,
,자가,(주)라스팜,유통전문판매업,,202429.553277511,444261.087449333,2026-05-03 22:50:54,I,01,영업,4,,,,,,,,,2025-09-22 14:25:03,2025-09-22,4.00,135-931,서울특별시 강남구 역삼동 817-29,N,,3220000-113-2025-00212,,3220000,"서울특별시 강남구 테헤란로1길 28-11, 5층 5103호 (역삼동)",06129,01,영업/정상,유통전문판매업,,,,
,자가,아르고티코리아 주식회사,유통전문판매업,,204734.399313206,444359.892023311,2026-05-03 22:50:54,I,01,영업,56.87,,,,,,,,,2025-09-23 14:50:34,2025-09-23,56.87,135-841,서울특별시 강남구 대치동 910-2 루가빌딩,N,,3220000-113-2025-00213,,3220000,"서울특별시 강남구 역삼로 432, 루가빌딩 지상1층 (대치동)",06200,01,영업/정상,유통전문판매업,,,,
,자가,(주)우리푸드앤델리,유통전문판매업,,204105.787998651,444937.438374587,2026-05-03 22:50:54,I,01,영업,4,,,,,,,,,2025-09-23 16:08:36,2025-09-23,4.00,135-917,서울특별시 강남구 역삼동 696-28,N,,3220000-113-2025-00214,,3220000,"서울특별시 강남구 선릉로 529, 2층 2123호 (역삼동)",06149,01,영업/정상,유통전문판매업,02-6337-0231,,,
,임대,에프엠헬스케어 주식회사,유통전문판매업,,202562.731919583,443869.275108259,2026-05-03 22:50:50,I,01,영업,25.73,,,,,,,,,2024-11-01 17:03:16,2024-11-01,25.73,135-934,서울특별시 강남구 역삼동 825-24,N,,3220000-113-2024-00225,,3220000,"서울특별시 강남구 강남대로84길 15, 5층 522호 (역삼동)",06232,01,영업/정상,유통전문판매업,070-7704-0919,,,
,자가,주식회사 와이제이티위즈,유통전문판매업,,209144.783150288,442922.611326787,2026-05-03 22:50:50,I,01,영업,42.13,,,,,,,,,2024-11-04 14:20:37,2024-11-04,42.13,135-560,서울특별시 강남구 수서동 716 사이룩스오피스텔,N,,3220000-113-2024-00226,,3220000,"서울특별시 강남구 광평로 295, 사이룩스오피스텔 동관동 1304호 (수서동)",06349,01,영업/정상,유통전문판매업,070-8118-9988,,,
,자가,(주)밀본,유통전문판매업,,204740.163611063,444770.580794711,2026-05-03 22:50:50,I,01,영업,153.34,,,,,,,,,2025-11-11 15:32:54,2024-11-04,153.34,135-840,서울특별시 강남구 대치동 891-36 제나빌딩,N,,3220000-113-2024-00227,,3220000,"서울특별시 강남구 테헤란로78길 14-14, 제나빌딩 지상7층 (대치동)",06194,01,영업/정상,유통전문판매업,,,,
,자가,주식회사 퍼시픽코리아,유통전문판매업,,202717.894306407,446712.722533599,2026-05-03 22:50:50,I,01,영업,348.72,,,,,,,,,2024-11-05 14:10:34,2024-11-05,348.72,135-895,서울특별시 강남구 신사동 626-78 LAMP빌딩,N,,3220000-113-2024-00228,,3220000,"서울특별시 강남구 도산대로37길 26, LAMP빌딩 지상2층 (신사동)",06024,01,영업/정상,유통전문판매업,,,,
,임대,주식회사 진심네이처,유통전문판매업,,203172.90655758,442638.597905772,2026-05-03 22:50:50,I,01,영업,3.3,,,,,,,,,2024-11-07 14:22:06,2024-11-07,3.30,135-861,서울특별시 강남구 도곡동 959-16,N,,3220000-113-2024-00229,,3220000,"서울특별시 강남구 남부순환로359길 14, 3층 C392호 (도곡동)",06268,01,영업/정상,유통전문판매업,,,,
,자가,(주)원퍼스트글로벌,유통전문판매업,2026-04-30,204953.774534051,445163.736903243,2026-05-03 22:50:50,I,02,폐업,166.8,,,,,,,,,2026-04-30 15:12:47,2024-11-08,166.80,135-880,서울특별시 강남구 삼성동 157-10 유림빌딩,N,,3220000-113-2024-00230,,3220000,"서울특별시 강남구 테헤란로81길 26, 유림빌딩 4층 (삼성동)",06168,03,폐업,유통전문판매업,,,,
,임대,(주)풀릭스,유통전문판매업,,202747.789345988,443648.031305595,2026-05-03 22:50:50,I,01,영업,113.12,,,,,,,,,2025-10-17 15:10:45,2024-11-12,113.12,135-936,서울특별시 강남구 역삼동 830-11,N,,3220000-113-2024-00232,,3220000,"서울특별시 강남구 역삼로5길 19, 3층 (역삼동)",06243,01,영업/정상,유통전문판매업,070-7954-2341,,,
,자가,유니콘커피컴퍼니 주식회사,유통전문판매업,,203976.358290674,445042.403742601,2026-05-03 22:50:50,I,01,영업,30,,,,,,,,,2024-11-12 12:05:11,2024-11-12,30.00,135-917,서울특별시 강남구 역삼동 694-34 역선빌딩,N,,3220000-113-2024-00233,,3220000,"서울특별시 강남구 선릉로 547, 역선빌딩 3층 (역삼동)",06149,01,영업/정상,유통전문판매업,,,,
,자가,(주)미베르,유통전문판매업,,205060.31878451,446343.53848581,2026-05-03 22:50:50,I,01,영업,40,,,,,,,,,2024-11-15 15:15:05,2024-11-15,40.00,135-871,서울특별시 강남구 삼성동 78-3 원일빌딩,N,,3220000-113-2024-00235,,3220000,"서울특별시 강남구 영동대로 644, 원일빌딩 지상3층 (삼성동)",06078,01,영업/정상,유통전문판매업,,,,
,자가,주식회사 지엠에스리테일,유통전문판매업,,203253.726246178,443777.360830763,2026-05-03 22:50:50,I,01,영업,3,,,,,,,,,2024-11-18 14:07:56,2024-11-18,3.00,135-925,서울특별시 강남구 역삼동 747-9 역삼동 수양빌딩,N,,3220000-113-2024-00236,,3220000,"서울특별시 강남구 논현로75길 15, 역삼동 수양빌딩 5층 501호 242248호 (역삼동)",06247,01,영업/정상,유통전문판매업,,,,
,임대,아이노맥스,유통전문판매업,,202557.373782799,444807.337686024,2026-05-03 22:50:50,I,01,영업,9,,,,,,,,,2024-11-19 17:33:37,2024-11-19,9.00,135-907,서울특별시 강남구 역삼동 603-4,N,,3220000-113-2024-00237,,3220000,"서울특별시 강남구 봉은사로16길 14, 지하1층 103호 (역삼동)",06124,01,영업/정상,유통전문판매업,,,,
,자가,나비팜,유통전문판매업,2026-02-19,203895.199860064,445452.704203821,2026-05-03 22:50:50,I,02,폐업,59.4,,,,,,,,,2026-02-19 15:05:46,2024-11-20,59.40,135-867,서울특별시 강남구 삼성동 37-10 제이에스빌딩,N,,3220000-113-2024-00238,,3220000,"서울특별시 강남구 선릉로112길 14, 제이에스빌딩 6층 601호 (삼성동)",06097,03,폐업,유통전문판매업,02-538-5688,,,
,임대,(주)케이팝서포터즈,유통전문판매업,,202245.965249577,444856.139642279,2026-05-03 22:50:50,I,01,영업,71,,,,,,,,,2024-11-20 17:34:32,2024-11-20,71.00,135-827,서울특별시 강남구 논현동 197-1 샤넬빌딩,N,,3220000-113-2024-00240,,3220000,"서울특별시 강남구 봉은사로5길 12, 샤넬빌딩 지상2층 201호 (논현동)",06120,01,영업/정상,유통전문판매업,02-553-5880,,,
,자가,에이드,유통전문판매업,,202124.262977683,446374.647464072,2026-05-03 22:50:50,I,01,영업,1,,,,,,,,,2024-11-21 14:14:55,2024-06-07,1.00,135-890,서울특별시 강남구 신사동 561,N,,3220000-113-2024-00241,,3220000,"서울특별시 강남구 논현로151길 41, 3층 3338호 (신사동)",06037,01,영업/정상,유통전문판매업,,,,
,자가,신중사,유통전문판매업,,202429.553277511,444261.087449333,2026-05-03 22:50:50,I,01,영업,4,,,,,,,,,2024-11-22 13:06:39,2024-11-22,4.00,135-931,서울특별시 강남구 역삼동 817-29,N,,3220000-113-2024-00242,,3220000,"서울특별시 강남구 테헤란로1길 28-11, 4층 4206호 (역삼동)",06129,01,영업/정상,유통전문판매업,,,,
,자가,메디슨 벨,유통전문판매업,,202533.422046949,446563.604176788,2026-05-03 22:50:50,I,01,영업,0,,,,,,,,,2025-11-11 15:17:48,2024-11-22,3.00,135-893,서울특별시 강남구 신사동 590-15,N,,3220000-113-2024-00243,,3220000,"서울특별시 강남구 논현로152길 15, 4층 401호중 412호 (신사동)",06025,01,영업/정상,유통전문판매업,,,,
,자가,유니언하우스,유통전문판매업,,204947.909039501,445035.104597245,2026-05-03 22:50:50,I,01,영업,7.39,,,,,,,,,2024-11-25 18:09:03,2024-11-25,7.39,135-880,서울특별시 강남구 삼성동 157-27 브이플렉스,N,,3220000-113-2024-00244,,3220000,"서울특별시 강남구 테헤란로 501, 브이플렉스 지상4층 425호 (삼성동)",06168,01,영업/정상,유통전문판매업,,,,
,자가,닥터루크(Dr.Luke),유통전문판매업,,203519.98,443841.75,2026-05-03 22:50:54,I,01,영업,3.3,,,,,,,,,2025-09-24 11:55:51,2025-09-24,3.30,135-514,서울특별시 강남구 역삼동 733-8 남국빌딩,N,,3220000-113-2025-00215,,3220000,"서울특별시 강남구 역삼로 215, 남국빌딩 2층 B47호 (역삼동)",06224,01,영업/정상,유통전문판매업,,,,
,자가,요나도르,유통전문판매업,,201956.561428209,445325.198366946,2026-05-03 22:50:55,I,01,영업,0,,,,,,,,,2025-09-26 11:05:15,2025-09-26,3.30,135-822,서울특별시 강남구 논현동 141-7 세일빌딩,N,,3220000-113-2025-00216,,3220000,"서울특별시 강남구 학동로2길 19, 세일빌딩 2층 2783호 (논현동)",06110,01,영업/정상,유통전문판매업,,,,
,자가,(주)에프엠씨에프앤비,유통전문판매업,,203846.905722439,444606.040629202,2026-05-03 22:50:55,I,01,영업,45.11,,,,,,,,,2025-09-26 13:42:23,2025-09-26,45.11,135-751,서울특별시 강남구 역삼동 702-2 삼성제일빌딩,N,,3220000-113-2025-00217,,3220000,"서울특별시 강남구 테헤란로 309, 삼성제일빌딩 17층 1717호 (역삼동)",06151,01,영업/정상,유통전문판매업,,,,
,자가,아마레코리아(주),유통전문판매업,,204177.81730398,444784.602861831,2026-05-03 22:50:55,I,01,영업,410.27,,,,,,,,,2026-03-06 14:37:45,2025-09-26,410.27,135-922,서울특별시 강남구 역삼동 705-23 광희타워,N,,3220000-113-2025-00218,,3220000,"서울특별시 강남구 선릉로93길 5, 광희타워 지상7층 (역삼동)",06150,01,영업/정상,유통전문판매업,02-2187-2900,,,
,자가,푸드케미,유통전문판매업,,202290.942202123,444631.510421761,2026-05-03 22:50:55,I,01,영업,60,,,,,,,,,2026-04-24 15:35:35,2025-09-30,60.00,135-907,서울특별시 강남구 역삼동 601-30,N,,3220000-113-2025-00219,,3220000,"서울특별시 강남구 강남대로110길 21, 지하1층 (역삼동)",06123,01,영업/정상,유통전문판매업,,,,
,자가,주식회사 아이디바이오,유통전문판매업,,203519.98,443841.75,2026-05-03 22:50:55,I,01,영업,3.5,,,,,,,,,2025-09-30 15:16:46,2025-09-30,3.50,135-514,서울특별시 강남구 역삼동 733-8 남국빌딩,N,,3220000-113-2025-00220,,3220000,"서울특별시 강남구 역삼로 215, 남국빌딩 2층 비40호 (역삼동)",06224,01,영업/정상,유통전문판매업,,,,
,자가,주식회사 에버린컴퍼니,유통전문판매업,,204189.322480985,445561.336517339,2026-05-03 22:50:55,I,01,영업,56.2,,,,,,,,,2025-09-30 16:10:50,2025-09-30,56.20,135-868,서울특별시 강남구 삼성동 44-31,N,,3220000-113-2025-00221,,3220000,"서울특별시 강남구 선릉로112길 56, 5층 (삼성동)",06097,01,영업/정상,유통전문판매업,,,,
,자가,비타컴퍼니,유통전문판매업,,204639.090092973,444728.353701831,2026-05-03 22:50:55,I,01,영업,0,,,,,,,,,2025-10-01 10:42:24,2025-10-01,3.30,135-839,서울특별시 강남구 대치동 890-60 H 타워,N,,3220000-113-2025-00222,,3220000,"서울특별시 강남구 테헤란로70길 12, H 타워 4층 402호 중 616A호 (대치동)",06193,01,영업/정상,유통전문판매업,,,,
,자가,주식회사 텍사큐어,유통전문판매업,,202600.132889759,443497.668910998,2026-05-03 22:50:55,I,01,영업,6.5,,,,,,,,,2025-10-01 12:12:22,2025-10-01,6.50,135-753,서울특별시 강남구 역삼동 831-18 역삼빌딩,N,,3220000-113-2025-00223,,3220000,"서울특별시 강남구 강남대로 342, 역삼빌딩 5층 501-35호 (역삼동)",06242,01,영업/정상,유통전문판매업,,,,
,자가,주식회사 씨앤씨랩스,유통전문판매업,,205215.777796925,444562.147119752,2026-05-03 22:50:55,I,01,영업,3.3,,,,,,,,,2025-10-01 16:53:32,2025-10-01,3.30,135-847,서울특별시 강남구 대치동 961-4 인테크빌딩,N,,3220000-113-2025-00224,,3220000,"서울특별시 강남구 역삼로 512, 인테크빌딩 5층 722호 (대치동)",06186,01,영업/정상,유통전문판매업,,,,
,자가,김태완스시상점,유통전문판매업,,204700.075909835,443974.587144246,2026-05-03 22:50:55,I,01,영업,10,,,,,,,,,2025-10-10 14:43:11,2025-10-10,10.00,135-998,서울특별시 강남구 대치동 936-16,N,,3220000-113-2025-00225,,3220000,"서울특별시 강남구 선릉로64길 20, 지상1층 (대치동)",06206,01,영업/정상,유통전문판매업,,,,
,자가,주식회사 이지피,유통전문판매업,,202762.861644881,445147.318632261,2026-05-03 22:50:55,I,01,영업,126.05,,,,,,,,,2025-10-14 15:43:21,2025-10-14,126.05,135-826,서울특별시 강남구 논현동 190-11,N,,3220000-113-2025-00226,,3220000,"서울특별시 강남구 봉은사로25길 23, 2층 (논현동)",06122,01,영업/정상,유통전문판매업,070-4518-9401,,,
,자가,주식회사 디렉션코퍼레이션,유통전문판매업,,202600.132889759,443497.668910998,2026-05-03 22:50:55,I,01,영업,6.5,,,,,,,,,2025-10-14 17:06:56,2025-10-14,6.50,135-753,서울특별시 강남구 역삼동 831-18 역삼빌딩,N,,3220000-113-2025-00227,,3220000,"서울특별시 강남구 강남대로 342, 역삼빌딩 5층 501-37호 (역삼동)",06242,01,영업/정상,유통전문판매업,070-8019-3298,,,
,자가,에이지가든,유통전문판매업,,204639.090092973,444728.353701831,2026-05-03 22:50:55,I,01,영업,3.3,,,,,,,,,2025-10-15 11:30:24,2025-10-15,3.30,135-839,서울특별시 강남구 대치동 890-60 H 타워,N,,3220000-113-2025-00228,,3220000,"서울특별시 강남구 테헤란로70길 12, H 타워 4층 402-J861호 (대치동)",06193,01,영업/정상,유통전문판매업,,,,
,자가,에이지비앤에이치 주식회사,유통전문판매업,,202429.553277511,444261.087449333,2026-05-03 22:50:55,I,01,영업,0,,,,,,,,,2026-01-20 16:23:53,2025-10-16,4.00,135-931,서울특별시 강남구 역삼동 817-29,N,,3220000-113-2025-00229,,3220000,"서울특별시 강남구 테헤란로1길 28-11, 4층 4101호 (역삼동)",06129,01,영업/정상,유통전문판매업,,,,
,자가,(주)비채담,유통전문판매업,,204574.779777346,444866.645823879,2026-05-03 22:50:55,I,01,영업,80,,,,,,,,,2025-10-17 13:31:14,2025-10-17,80.00,135-876,서울특별시 강남구 삼성동 142-46 암천BLDG,N,,3220000-113-2025-00230,,3220000,"서울특별시 강남구 테헤란로 421, 암천BLDG 6층 2호 (삼성동)",06160,01,영업/정상,유통전문판매업,070-4667-4544,,,
,자가,(주)팀드리븐,유통전문판매업,,203061.918534602,444198.802275436,2026-05-03 22:50:55,I,01,영업,8,0,0,0,,,,0,,2025-10-17 14:58:06,2025-10-17,8.00,135-924,서울특별시 강남구 역삼동 736-6 현익빌딩,N,,3220000-113-2025-00231,,3220000,"서울특별시 강남구 테헤란로 146, 현익빌딩 지상13층 1313호 (역삼동)",06236,01,영업/정상,유통전문판매업,,,,
,자가,주식회사 아툰인,유통전문판매업,,205769.78075105,445326.634975016,2026-05-03 22:50:50,I,01,영업,11.28,,,,,,,,,2024-11-26 15:36:08,2024-11-26,11.28,135-741,서울특별시 강남구 삼성동 170-9 덕명빌딩,N,,3220000-113-2024-00246,,3220000,"서울특별시 강남구 테헤란로 625, 덕명빌딩 지상17층 1704호 (삼성동)",06173,01,영업/정상,유통전문판매업,02-557-0761,,,
,자가,주식회사 보라톡스,유통전문판매업,,202724.214297488,445894.305854116,2026-05-03 22:50:50,I,01,영업,2,,,,,,,,,2024-11-27 16:54:34,2024-11-27,2.00,135-818,서울특별시 강남구 논현동 86-5,N,,3220000-113-2024-00248,,3220000,"서울특별시 강남구 논현로132길 13, 4층 451호 (논현동)",06052,01,영업/정상,유통전문판매업,070-4284-7650,,,
,자가,김영모과자점,유통전문판매업,,204469.51446846,442797.361773867,2026-05-03 22:50:50,I,01,영업,10,,,,,,,,,2024-11-28 17:21:40,2024-11-28,10.00,135-972,서울특별시 강남구 도곡동 467-19 현대비전21,N,,3220000-113-2024-00249,,3220000,"서울특별시 강남구 언주로30길 10, 현대비전21 지상1층 101호 (도곡동)",06295,01,영업/정상,유통전문판매업,,,,
,자가,주식회사 브라이트라이즈,유통전문판매업,,203253.726246178,443777.360830763,2026-05-03 22:50:50,I,01,영업,3,,,,,,,,,2024-11-29 10:55:06,2024-11-29,3.00,135-925,서울특별시 강남구 역삼동 747-9 역삼동 수양빌딩,N,,3220000-113-2024-00251,,3220000,"서울특별시 강남구 논현로75길 15, 역삼동 수양빌딩 지상5층 501호 242251호 (역삼동)",06247,01,영업/정상,유통전문판매업,070-4571-5583,,,
,임대,(주)바나바에프앤비,유통전문판매업,,205638.05,445825.865,2026-05-03 22:50:50,I,01,영업,165.59,,,,,,,,,2024-11-29 11:10:02,2024-11-29,165.59,135-881,서울특별시 강남구 삼성동 162-7 JK빌딩,N,,3220000-113-2024-00252,,3220000,"서울특별시 강남구 봉은사로 632, JK빌딩 지상2층 (삼성동)",06170,01,영업/정상,유통전문판매업,02-563-9592,,,
,자가,(주)이뮨셀헬스케어,유통전문판매업,,203588.048190661,446183.368328818,2026-05-03 22:50:50,I,01,영업,4.95,,,,,,,,,2024-11-29 12:07:57,2024-11-29,4.95,135-764,서울특별시 강남구 청담동 41 청담빌딩,N,,3220000-113-2024-00253,,3220000,"서울특별시 강남구 선릉로 704, 청담빌딩 지상10층 685호 (청담동)",06069,01,영업/정상,유통전문판매업,070-4138-4119,,,
,자가,주식회사 블랑두부,유통전문판매업,,205372.889102359,445049.523887163,2026-05-03 22:50:50,I,01,영업,155.7,,,,,,,,,2024-11-29 15:49:59,2024-11-29,155.70,135-846,서울특별시 강남구 대치동 945-25,N,,3220000-113-2024-00254,,3220000,"서울특별시 강남구 테헤란로98길 6-9, 지상7층 (대치동)",06181,01,영업/정상,유통전문판매업,,,,
,임대,(주)와이지푸드,유통전문판매업,,208937.760652081,442873.588039887,2026-05-03 22:50:50,I,01,영업,38.79,,,,,,,,,2025-09-19 11:01:17,2024-12-02,38.79,135-539,서울특별시 강남구 수서동 713 수서현대벤쳐빌,N,,3220000-113-2024-00255,,3220000,"서울특별시 강남구 밤고개로1길 10, 수서현대벤쳐빌 11층 1106호 (수서동)",06349,01,영업/정상,유통전문판매업,02-2039-1559,,,
,임대,주식회사 오터킹덤,유통전문판매업,,206706.292163465,443790.427845357,2026-05-03 22:50:50,I,01,영업,14.66,,,,,,,,,2024-12-02 14:34:50,2024-12-02,14.66,135-939,서울특별시 강남구 개포동 12-2 개포자이,N,,3220000-113-2024-00256,,3220000,"서울특별시 강남구 개포로109길 69, 개포자이 101동 702호 (개포동)",06334,01,영업/정상,유통전문판매업,,,,
,자가,코소나,유통전문판매업,,207423.21,443242.12,2026-05-03 22:50:50,I,01,영업,67.15,0,0,0,,,,0,,2024-12-03 10:25:31,2024-07-31,67.15,135-945,서울특별시 강남구 일원동 664-8,N,,3220000-113-2024-00257,,3220000,"서울특별시 강남구 양재대로43길 21, 지상2층 (일원동)",06343,01,영업/정상,유통전문판매업,,,,
,자가,유한책임회사 닥터리본,유통전문판매업,,203750.274842879,443882.963685219,2026-05-03 22:50:50,I,01,영업,106.84,,,,,,,,,2025-09-18 15:06:21,2024-12-03,106.84,135-928,서울특별시 강남구 역삼동 771-13,N,,3220000-113-2024-00258,,3220000,"서울특별시 강남구 언주로71길 22, 6층 (역삼동)",06226,01,영업/정상,유통전문판매업,,,,
,임대,앤투아이,유통전문판매업,,204639.090092973,444728.353701831,2026-05-03 22:50:50,I,01,영업,3.3,,,,,,,,,2024-12-03 17:34:52,2024-12-03,3.30,135-839,서울특별시 강남구 대치동 890-60 H 타워,N,,3220000-113-2024-00259,,3220000,"서울특별시 강남구 테헤란로70길 12, H 타워 4층 402-31A호 (대치동)",06193,01,영업/정상,유통전문판매업,,,,
,임대,(주)아쿠아링크,유통전문판매업,,204863.450820818,444699.062504797,2026-05-03 22:50:50,I,01,영업,182.52,,,,,,,,,2024-12-04 15:18:21,2024-12-04,182.52,135-840,서울특별시 강남구 대치동 894-4,N,,3220000-113-2024-00260,,3220000,"서울특별시 강남구 테헤란로78길 26, 지상5층 (대치동)",06196,01,영업/정상,유통전문판매업,02-3472-4400,,,
,임대,원파디 (One Fine Dish),유통전문판매업,,202631.163194922,443511.186979114,2026-05-03 22:50:50,I,01,영업,14,,,,,,,,,2025-12-17 13:47:32,2024-12-06,14.00,135-936,서울특별시 강남구 역삼동 831-11,N,,3220000-113-2024-00262,,3220000,"서울특별시 강남구 강남대로 338, 지상1층 107호 (역삼동)",06242,01,영업/정상,유통전문판매업,070-4138-1164,,,
,자가,주식회사 호호호,유통전문판매업,,203274.462547065,445557.75672879,2026-05-03 22:50:50,I,01,영업,169,,,,,,,,,2025-10-23 15:37:15,2024-11-26,169.00,135-832,서울특별시 강남구 논현동 259-15,N,,3220000-113-2024-00245,,3220000,"서울특별시 강남구 언주로122길 23, 지상3층 (논현동)",06101,01,영업/정상,유통전문판매업,02-6958-0650,,,
,자가,피엔케이(PNK),유통전문판매업,,209144.783150288,442922.611326787,2026-05-03 22:50:55,I,01,영업,33.52,,,,,,,,,2025-10-17 15:44:39,2025-10-17,33.52,135-560,서울특별시 강남구 수서동 716 사이룩스오피스텔,N,,3220000-113-2025-00232,,3220000,"서울특별시 강남구 광평로 295, 사이룩스오피스텔 동관 1219호 (수서동)",06349,01,영업/정상,유통전문판매업,,,,
,자가,메이플아지트,유통전문판매업,,202520.618826739,443705.648259719,2026-05-03 22:50:55,I,01,영업,22,,,,,,,,,2025-10-21 10:48:46,2025-10-21,22.00,135-935,서울특별시 강남구 역삼동 826-21 미왕빌딩,N,,3220000-113-2025-00233,,3220000,"서울특별시 강남구 강남대로 364, 미왕빌딩 지상1층 (역삼동)",06241,01,영업/정상,유통전문판매업,,,,
,자가,주식회사 스타팅웨이브,유통전문판매업,,204105.787998651,444937.438374587,2026-05-03 22:50:55,I,01,영업,4,,,,,,,,,2025-10-21 17:24:02,2025-10-21,4.00,135-917,서울특별시 강남구 역삼동 696-28,N,,3220000-113-2025-00234,,3220000,"서울특별시 강남구 선릉로 529, 2층 2317호 (역삼동)",06149,01,영업/정상,유통전문판매업,,,,
,자가,(주)오픈한,유통전문판매업,,202499.221334164,444449.180946843,2026-05-03 22:50:55,I,01,영업,134.87,,,,,,,,,2025-10-22 13:56:31,2025-10-22,134.87,135-908,서울특별시 강남구 역삼동 621-11,N,,3220000-113-2025-00235,,3220000,"서울특별시 강남구 강남대로100길 37, 지상2층 (역삼동)",06128,01,영업/정상,유통전문판매업,070-5014-2235,,,
,자가,월넛커머스,유통전문판매업,,203835.590532648,445318.806285714,2026-05-03 22:50:55,I,01,영업,3.3,,,,,,,,,2025-10-24 15:07:10,2025-10-24,3.30,135-874,서울특별시 강남구 삼성동 112 태정빌딩,N,,3220000-113-2025-00236,,3220000,"서울특별시 강남구 선릉로 578, 태정빌딩 7층 54호 (삼성동)",06153,01,영업/정상,유통전문판매업,070-8098-5456,,,
,자가,베러하루,유통전문판매업,,204105.787998651,444937.438374587,2026-05-03 22:50:55,I,01,영업,4,,,,,,,,,2025-10-27 13:19:52,2025-10-27,4.00,135-917,서울특별시 강남구 역삼동 696-28,N,,3220000-113-2025-00237,,3220000,"서울특별시 강남구 선릉로 529, 5층 5328호 (역삼동)",06149,01,영업/정상,유통전문판매업,,,,
,자가,주식회사 디에스바이오,유통전문판매업,,203952.774671757,441675.495465839,2026-05-03 22:50:55,I,01,영업,2,,,,,,,,,2025-10-28 08:49:10,2025-10-28,2.00,135-964,서울특별시 강남구 개포동 1229-5 지성빌딩,N,,3220000-113-2025-00238,,3220000,"서울특별시 강남구 논현로 80, 지성빌딩 3층 3-41호 (개포동)",06307,01,영업/정상,유통전문판매업,,,,
,자가,엔엘이스트아시아 유한회사,유통전문판매업,,204353.139588107,444636.716818796,2026-05-03 22:50:55,I,01,영업,0,,,,,,,,,2025-10-28 13:07:00,2025-10-28,153.97,135-839,서울특별시 강남구 대치동 889-47 샹제리제센터,N,,3220000-113-2025-00239,,3220000,"서울특별시 강남구 선릉로90길 10, 샹제리제센터 B동 2층 203호 (대치동)",06192,01,영업/정상,유통전문판매업,,,,
,자가,주식회사 블리맘,유통전문판매업,,201716.685551826,446198.26983211,2026-05-03 22:50:55,I,01,영업,0,,,,,,,,,2025-10-28 14:07:19,2025-10-28,4.00,135-887,서울특별시 강남구 신사동 511-1 다복빌딩,N,,3220000-113-2025-00240,,3220000,"서울특별시 강남구 강남대로156길 12, 다복빌딩 4층 H17호 (신사동)",06035,01,영업/정상,유통전문판매업,,,,
,자가,주식회사 플리랩,유통전문판매업,,205271.275273064,445852.638814088,2026-05-03 22:50:55,I,01,영업,0,,,,,,,,,2025-10-30 14:51:27,2025-10-30,1.65,135-873,서울특별시 강남구 삼성동 107 삼성동 미켈란 107,N,,3220000-113-2025-00241,,3220000,"서울특별시 강남구 영동대로 602, 6층 602호중 G191호 (삼성동, 삼성동 미켈란 107)",06083,01,영업/정상,유통전문판매업,,,,
,임대,주식회사 트윈에프앤비,유통전문판매업,,203519.98,443841.75,2026-05-03 22:50:55,I,01,영업,3.3,,,,,,,,,2025-11-04 11:31:30,2025-03-12,3.30,135-514,서울특별시 강남구 역삼동 733-8 남국빌딩,N,,3220000-113-2025-00242,,3220000,"서울특별시 강남구 역삼로 215, 남국빌딩 2층 비49호 (역삼동)",06224,01,영업/정상,유통전문판매업,,,,
,자가,좋은여행연구소,유통전문판매업,,202425.73,444852.88,2026-05-03 22:50:55,I,01,영업,65.6,,,,,,,,,2025-11-05 10:27:27,2025-07-17,65.60,135-545,서울특별시 강남구 논현동 203-1 거평타운오피스텔,N,,3220000-113-2025-00243,,3220000,"서울특별시 강남구 봉은사로 129, 거평타운오피스텔 307호 (논현동)",06121,01,영업/정상,유통전문판매업,,,,
,자가,주식회사 테트라큐어,유통전문판매업,,204105.787998651,444937.438374587,2026-05-03 22:50:55,I,01,영업,4,,,,,,,,,2025-11-06 10:03:28,2025-11-06,4.00,135-917,서울특별시 강남구 역삼동 696-28,N,,3220000-113-2025-00244,,3220000,"서울특별시 강남구 선릉로 529, 2층 2201호 (역삼동)",06149,01,영업/정상,유통전문판매업,,,,
,자가,주식회사 도이재웰니스,유통전문판매업,,204381.329826938,446992.598235772,2026-05-03 22:50:55,I,01,영업,66,,,,,,,,,2025-11-06 10:35:05,2025-11-06,66.00,135-957,서울특별시 강남구 청담동 124-17,N,,3220000-113-2025-00245,,3220000,"서울특별시 강남구 도산대로89길 7, 지상1층 (청담동)",06012,01,영업/정상,유통전문판매업,,,,
,자가,(주)모스가든디자인컴퍼니,유통전문판매업,,202369.06044212,446121.995540202,2026-05-03 22:50:55,I,01,영업,0,,,,,,,,,2025-11-06 11:28:44,2025-11-06,37.25,135-815,서울특별시 강남구 논현동 32-6,N,,3220000-113-2025-00246,,3220000,"서울특별시 강남구 논현로145길 15-1, 가동 지하1층 101호 (논현동)",06041,01,영업/정상,유통전문판매업,,,,
,자가,달리(Darlie),유통전문판매업,,204488.365267013,444832.873128843,2026-05-03 22:50:55,I,01,영업,0,,,,,,,,,2025-11-06 13:08:04,2025-11-06,2.67,135-876,서울특별시 강남구 삼성동 142-41 L7 HOTELS 강남타워,N,,3220000-113-2025-00247,,3220000,"서울특별시 강남구 테헤란로 415, L7 HOTELS 강남타워 2층 201호중 6호 (삼성동)",06160,01,영업/정상,유통전문판매업,,,,
,자가,주식회사 타르틴코리아,유통전문판매업,,203455.445577988,446930.524324467,2026-05-03 22:50:55,I,01,영업,0,,,,,,,,,2025-11-06 16:19:53,2025-11-06,66.60,135-954,서울특별시 강남구 청담동 85-17,N,,3220000-113-2025-00248,,3220000,"서울특별시 강남구 선릉로 816, 2층 (청담동)",06014,01,영업/정상,유통전문판매업,,,,
,자가,주식회사 닥터박스,유통전문판매업,,203172.90655758,442638.597905772,2026-05-03 22:50:51,I,01,영업,3.3,,,,,,,,,2024-12-09 10:46:47,2024-12-09,3.30,135-861,서울특별시 강남구 도곡동 959-16,N,,3220000-113-2024-00263,,3220000,"서울특별시 강남구 남부순환로359길 14, 3층 씨374호 (도곡동)",06268,01,영업/정상,유통전문판매업,,,,
,자가,태림,유통전문판매업,,204402.089762824,441863.115952009,2026-05-03 22:50:51,I,01,영업,45.7,,,,,,,,,2024-12-09 11:10:05,2024-12-09,45.70,135-962,서울특별시 강남구 개포동 1212-7,N,,3220000-113-2024-00264,,3220000,"서울특별시 강남구 개포로36길 4-4, 지상4층 402호 (개포동)",06309,01,영업/정상,유통전문판매업,,,,
,임대,주식회사 비알랩,유통전문판매업,,204253.562094788,444823.936628416,2026-05-03 22:50:51,I,01,영업,890.71,,,,,,,,,2024-12-09 15:43:07,2024-12-09,890.71,135-876,서울특별시 강남구 삼성동 141 성원타워,N,,3220000-113-2024-00265,,3220000,"서울특별시 강남구 선릉로 514, 성원타워 16층 1603호 (삼성동)",06162,01,영업/정상,유통전문판매업,070-4196-3979,,,
,자가,주식회사 업사이더,유통전문판매업,,202484.065140723,445740.326734106,2026-05-03 22:50:51,I,01,영업,3,,,,,,,,,2024-12-09 15:54:03,2024-12-09,3.00,135-815,서울특별시 강남구 논현동 58-2 마일스디오빌,N,,3220000-113-2024-00266,,3220000,"서울특별시 강남구 학동로 165, 2층 208-비-14호 (논현동, 마일스디오빌)",06046,01,영업/정상,유통전문판매업,,,,
,임대,에센시아,유통전문판매업,,202530.779356423,443846.791232238,2026-05-03 22:50:51,I,01,영업,313.48,,,,,,,,,2024-12-10 16:09:38,2024-12-10,313.48,135-934,서울특별시 강남구 역삼동 825-27,N,,3220000-113-2024-00269,,3220000,"서울특별시 강남구 테헤란로2길 21, 11층 (역삼동)",06232,01,영업/정상,유통전문판매업,070-4488-7719,,,
,자가,버스트빈,유통전문판매업,,202575.560406288,444136.923081339,2026-05-03 22:50:51,I,01,영업,4,,,,,,,,,2024-12-27 16:44:00,2024-12-11,4.00,135-912,서울특별시 강남구 역삼동 649-8,N,,3220000-113-2024-00270,,3220000,"서울특별시 강남구 강남대로92길 31, 지상6층 6309호 (역삼동)",06134,01,영업/정상,유통전문판매업,,,,
,자가,주식회사 덴트올로지,유통전문판매업,,203172.90655758,442638.597905772,2026-05-03 22:50:51,I,01,영업,3.3,,,,,,,,,2024-12-12 13:49:57,2024-12-12,3.30,135-861,서울특별시 강남구 도곡동 959-16,N,,3220000-113-2024-00271,,3220000,"서울특별시 강남구 남부순환로359길 14, 지상3층 C386호 (도곡동)",06268,01,영업/정상,유통전문판매업,070-8019-0300,,,
,임대,더타코부스,유통전문판매업,,203221.940996323,447193.644528914,2026-05-03 22:50:51,I,01,영업,42.9,,,,,,,,,2024-12-12 15:40:15,2024-01-25,42.90,135-897,서울특별시 강남구 신사동 658 로데오현대아파트,N,,3220000-113-2024-00272,,3220000,"서울특별시 강남구 압구정로50길 28, 상가101동 지하1층 3호 (신사동, 로데오현대아파트)",06018,01,영업/정상,유통전문판매업,,,,
,자가,더루트바이오,유통전문판매업,,205540.528227064,445808.086044114,2026-05-03 22:50:51,I,01,영업,10,,,,,,,,,2024-12-12 17:53:29,2024-12-12,10.00,135-881,서울특별시 강남구 삼성동 161-7 공조회관,N,,3220000-113-2024-00273,,3220000,"서울특별시 강남구 봉은사로 622, 공조회관 지상2층 (삼성동)",06170,01,영업/정상,유통전문판매업,,,,
,자가,월드와이드비즈(worldwide biz),유통전문판매업,,202724.214297488,445894.305854116,2026-05-03 22:50:51,I,01,영업,2,,,,,,,,,2024-12-13 11:43:01,2024-12-13,2.00,135-818,서울특별시 강남구 논현동 86-5,N,,3220000-113-2024-00274,,3220000,"서울특별시 강남구 논현로132길 13, 4층 4493호 (논현동)",06052,01,영업/정상,유통전문판매업,070-8018-8924,,,
,자가,스마트라이프텍 주식회사,유통전문판매업,,204639.090092973,444728.353701831,2026-05-03 22:50:51,I,01,영업,3.3,,,,,,,,,2024-12-13 15:30:53,2024-12-13,3.30,135-839,서울특별시 강남구 대치동 890-60 H 타워,N,,3220000-113-2024-00275,,3220000,"서울특별시 강남구 테헤란로70길 12, H 타워 4층 402-J81호 (대치동)",06193,01,영업/정상,유통전문판매업,,,,
,임대,톡시트,유통전문판매업,,204338.403739614,444582.424929426,2026-05-03 22:50:51,I,01,영업,0,,,,,,,,,2025-08-20 15:46:00,2024-12-23,3.16,135-839,서울특별시 강남구 대치동 889-41,N,,3220000-113-2024-00278,,3220000,"서울특별시 강남구 선릉로 428, 9층 111호 (대치동)",06192,01,영업/정상,유통전문판매업,,,,
,임대,(주)국수본가면심,유통전문판매업,,209525.843073914,441273.393147776,2026-05-03 22:50:51,I,01,영업,26.4,,,,,,,,,2024-12-26 14:27:45,2024-12-26,26.40,135-210,서울특별시 강남구 율현동 196-34,N,,3220000-113-2024-00279,,3220000,"서울특별시 강남구 밤고개로23길 20, 지하1층 (율현동)",06378,01,영업/정상,유통전문판매업,02-445-6955,,,
,임대,(주)에스엠홀푸드,유통전문판매업,,203951.7855642,444854.347926804,2026-05-03 22:50:51,I,01,영업,89.54,,,,,,,,,2025-07-11 16:38:16,2024-12-31,89.54,135-917,서울특별시 강남구 역삼동 697-19,N,,3220000-113-2024-00281,,3220000,"서울특별시 강남구 테헤란로51길 32-6, 지하1층 (역삼동)",06148,01,영업/정상,유통전문판매업,070-4217-0405,,,
,임대,(주)퓨어라우드,유통전문판매업,,203390.390363975,443864.765894165,2026-05-03 22:50:51,I,01,영업,5,,,,,,,,,2024-12-31 16:04:40,2024-12-31,5.00,135-921,서울특별시 강남구 역삼동 727-14 프라임빌딩,N,,3220000-113-2024-00282,,3220000,"서울특별시 강남구 논현로 412, 프라임빌딩 6층 601호 (역삼동)",06224,01,영업/정상,유통전문판매업,,,,
,임대,퓨어마인즈(주),유통전문판매업,,203390.390363975,443864.765894165,2026-05-03 22:50:51,I,01,영업,5,,,,,,,,,2024-12-31 16:11:07,2024-12-31,5.00,135-921,서울특별시 강남구 역삼동 727-14 프라임빌딩,N,,3220000-113-2024-00283,,3220000,"서울특별시 강남구 논현로 412, 프라임빌딩 6층 601호 (역삼동)",06224,01,영업/정상,유통전문판매업,,,,
,,주식회사 코스멘토코리아,유통전문판매업,,203535.518350911,446164.672500619,2026-05-03 22:50:51,I,01,영업,286.23,0,0,0,,,,0,,2025-01-14 16:00:11,2024-06-05,286.23,135-820,서울특별시 강남구 논현동 119-2 HS TOWER,N,,3220000-113-2024-00284,,3220000,"서울특별시 강남구 선릉로 703, HS TOWER 8층 (논현동)",06060,01,영업/정상,유통전문판매업,070-8648-3458,,,
,자가,오리지널아카이브 주식회사,유통전문판매업,,204575.366988885,444772.891101986,2026-05-03 22:50:55,I,01,영업,74.36,,,,,,,,,2025-11-07 17:21:45,2025-11-07,74.36,135-839,서울특별시 강남구 대치동 890-16 KT 선릉타워 West,N,,3220000-113-2025-00249,,3220000,"서울특별시 강남구 테헤란로 420, KT 선릉타워 West 15층 (대치동)",06193,01,영업/정상,유통전문판매업,,,,
,자가,도하(DoHa),유통전문판매업,,205271.275273064,445852.638814088,2026-05-03 22:50:55,I,01,영업,0,,,,,,,,,2025-11-10 14:25:26,2025-11-10,1.65,135-873,서울특별시 강남구 삼성동 107 삼성동 미켈란 107,N,,3220000-113-2025-00250,,3220000,"서울특별시 강남구 영동대로 602, 6층 602호중 E4호 (삼성동, 삼성동 미켈란 107)",06083,01,영업/정상,유통전문판매업,,,,
,자가,유한회사 바이오넥스컴퍼니,유통전문판매업,,204947.909039501,445035.104597245,2026-05-03 22:50:55,I,01,영업,0,,,,,,,,,2025-11-11 14:24:28,2025-11-11,33.00,135-880,서울특별시 강남구 삼성동 157-27 브이플렉스,N,,3220000-113-2025-00251,,3220000,"서울특별시 강남구 테헤란로 501, 브이플렉스 3층 301호 (삼성동)",06168,01,영업/정상,유통전문판매업,,,,
,자가,주식회사 에스제이그룹,유통전문판매업,,203209.043077255,443192.004127298,2026-05-03 22:50:55,I,01,영업,337.82,,,,,,,,,2025-11-26 17:12:21,2025-11-11,337.82,135-858,서울특별시 강남구 도곡동 546 SJ빌딩,N,,3220000-113-2025-00252,,3220000,"서울특별시 강남구 도곡로 156, SJ빌딩 6층 (도곡동)",06261,01,영업/정상,유통전문판매업,02-3433-6608,,,
,자가,주식회사 모두얼라이언스,유통전문판매업,,202449.399766219,444593.01829551,2026-05-03 22:50:55,I,01,영업,10,,,,,,,,,2025-11-11 16:32:15,2025-11-11,10.00,135-907,서울특별시 강남구 역삼동 618-2 is1997,N,,3220000-113-2025-00253,,3220000,"서울특별시 강남구 강남대로102길 42, is1997 2층 (역삼동)",06128,01,영업/정상,유통전문판매업,1533-4751,,,
,자가,주식회사 스피어코퍼레이션,유통전문판매업,,204680.345441461,445016.718553355,2026-05-03 22:50:55,I,01,영업,240.98,0,0,0,,,,0,,2025-11-11 16:49:06,2025-11-11,240.98,135-877,서울특별시 강남구 삼성동 143-6 영창빌딩,N,,3220000-113-2025-00254,,3220000,"서울특별시 강남구 삼성로95길 27, 영창빌딩 지상3층 (삼성동)",06159,01,영업/정상,유통전문판매업,070-4271-1120,,,
,자가,(주)동일팜텍,유통전문판매업,,203916.374667639,442627.18661187,2026-05-03 22:50:55,I,01,영업,93,,,,,,,,,2025-11-12 11:13:02,2025-11-12,93.00,135-854,서울특별시 강남구 도곡동 411-18 중앙빌딩,N,,3220000-113-2025-00255,,3220000,"서울특별시 강남구 남부순환로 2734, 중앙빌딩 지상3층 (도곡동)",06296,01,영업/정상,유통전문판매업,,,,
,자가,(주)유다담,유통전문판매업,,203021.099149298,445777.870600531,2026-05-03 22:50:55,I,01,영업,0,,,,,,,,,2025-11-12 16:07:29,2025-11-12,178.56,135-996,서울특별시 강남구 논현동 211-19,N,,3220000-113-2025-00256,,3220000,"서울특별시 강남구 언주로 645, 2층 (논현동)",06105,01,영업/정상,유통전문판매업,02-544-4599,,,
,자가,주식회사 윌바이,유통전문판매업,,202692.197581641,445975.807689711,2026-05-03 22:50:55,I,01,영업,123.4,,,,,,,,,2025-11-12 16:43:51,2025-11-12,123.40,135-818,서울특별시 강남구 논현동 81-14,N,,3220000-113-2025-00257,,3220000,"서울특별시 강남구 논현로136길 14, 4층 (논현동)",06052,01,영업/정상,유통전문판매업,070-8872-1068,,,
,자가,주식회사 투솔,유통전문판매업,,202731.25,443440.045000001,2026-05-03 22:50:55,I,01,영업,3.8,,,,,,,,,2025-11-14 09:35:09,2025-11-14,3.80,135-936,서울특별시 강남구 역삼동 832-41 현죽빌딩,N,,3220000-113-2025-00258,,3220000,"서울특별시 강남구 역삼로 114, 현죽빌딩 8층 8114호 (역삼동)",06252,01,영업/정상,유통전문판매업,,,,
,자가,(주)바움인티그레이션,유통전문판매업,,202731.25,443440.045000001,2026-05-03 22:50:55,I,01,영업,5.4,,,,,,,,,2025-11-14 10:30:06,2025-11-14,5.40,135-936,서울특별시 강남구 역삼동 832-41 현죽빌딩,N,,3220000-113-2025-00259,,3220000,"서울특별시 강남구 역삼로 114, 현죽빌딩 8층 8018호 (역삼동)",06252,01,영업/정상,유통전문판매업,,,,
,자가,주식회사 로지컬컴퍼니,유통전문판매업,,202990.404385463,443816.04248395,2026-05-03 22:50:55,I,01,영업,1.64,,,,,,,,,2025-11-14 11:11:24,2025-11-14,1.64,135-924,서울특별시 강남구 역삼동 741-39,N,,3220000-113-2025-00260,,3220000,"서울특별시 강남구 논현로79길 48-1, 2층 1115호 (역삼동)",06238,01,영업/정상,유통전문판매업,,,,
,자가,주식회사 돌산등대집,유통전문판매업,,204647.421249695,444687.506114255,2026-05-03 22:50:55,I,01,영업,0.85,,,,,,,,,2025-11-17 17:29:40,2025-11-17,.85,135-839,서울특별시 강남구 대치동 890-38,N,,3220000-113-2025-00261,,3220000,"서울특별시 강남구 테헤란로70길 16, 지상1층 A-2호 (대치동)",06193,01,영업/정상,유통전문판매업,02-558-1116,,,
,자가,에이치엘비글로벌(주),유통전문판매업,,204575.366988885,444772.891101986,2026-05-03 22:50:55,I,01,영업,490.59,,,,,,,,,2025-11-25 10:02:19,2025-11-25,490.59,135-839,서울특별시 강남구 대치동 890-16 KT 선릉타워 West,N,,3220000-113-2025-00262,,3220000,"서울특별시 강남구 테헤란로 420, KT 선릉타워 West 7층 (대치동)",06193,01,영업/정상,유통전문판매업,070-5220-1717,,,
,,주식회사 마린스타컴퍼니,유통전문판매업,,203415.607918785,443874.20560732,2026-05-03 22:50:55,I,01,영업,82.5,,,,,,,,,2025-11-25 15:25:30,2025-01-10,82.50,135-921,서울특별시 강남구 역삼동 727-15,N,,3220000-113-2025-00263,,3220000,"서울특별시 강남구 논현로76길 7, 4층 402호 (역삼동)",06224,01,영업/정상,유통전문판매업,02-501-5126,,,
,자가,(주)힐미,유통전문판매업,,202929.491028466,444433.242669456,2026-05-03 22:50:55,I,01,영업,151.52,,,,,,,,,2025-11-25 15:34:10,2025-11-25,151.52,135-909,서울특별시 강남구 역삼동 639-15,N,,3220000-113-2025-00264,,3220000,"서울특별시 강남구 논현로95길 24, 2층 (역삼동)",06131,01,영업/정상,유통전문판매업,02-6925-0350,,,
,자가,주식회사 제이에이치와이그룹,유통전문판매업,,202775.039226657,444467.38813447,2026-05-03 22:50:55,I,01,영업,126.84,,,,,,,,,2026-02-04 11:59:04,2025-11-25,126.84,135-908,서울특별시 강남구 역삼동 631 AP빌딩,N,,3220000-113-2025-00266,,3220000,"서울특별시 강남구 봉은사로24길 69, 1층 (역삼동, AP빌딩)",06131,01,영업/정상,유통전문판매업,,,,
,,닥터비도씨(Dr.bdoc),유통전문판매업,,203588.048190661,446183.368328818,2026-05-03 22:50:55,I,01,영업,4.95,0,0,0,,,,0,,2025-11-26 14:32:33,2025-03-04,4.95,135-764,서울특별시 강남구 청담동 41 청담빌딩,N,,3220000-113-2025-00267,,3220000,"서울특별시 강남구 선릉로 704, 청담빌딩 12층 132호 (청담동)",06069,01,영업/정상,유통전문판매업,,,,
,,(주)미진유통,유통전문판매업,,203107.097549429,444342.472620857,2026-05-03 22:50:51,I,01,영업,3,,,,,,,,,2025-01-22 11:17:13,2024-03-20,3.00,135-910,서울특별시 강남구 역삼동 642-3 석암빌딩,N,,3220000-113-2024-00285,,3220000,"서울특별시 강남구 테헤란로25길 6-9, 석암빌딩 5층 564호 (역삼동)",06132,01,영업/정상,유통전문판매업,02-971-6777,,,
,,더 하이웨이,유통전문판매업,,203175.34942825,443621.342018504,2026-05-03 22:50:51,I,01,영업,0,0,0,0,,,,0,,2025-01-31 16:28:40,2024-09-27,3.30,135-929,서울특별시 강남구 역삼동 789-11 강남취창업허브센터,N,,3220000-113-2024-00286,,3220000,"서울특별시 강남구 역삼로 160, 강남취창업허브센터 지하 2층 (역삼동)",06249,01,영업/정상,유통전문판매업,,,,
,자가,귀여운게 세상을 지배한다,유통전문판매업,,207112.195695469,443163.101895121,2026-05-03 22:50:51,I,01,영업,0,,,,,,,,,2025-02-11 10:53:46,2024-10-04,1.10,135-516,서울특별시 강남구 일원동 684 남경빌딩,N,,3220000-113-2024-00287,,3220000,"서울특별시 강남구 일원로 35, 남경빌딩 4층 5816호 (일원동)",06343,01,영업/정상,유통전문판매업,,,,
,자가,샤르네글렌티,유통전문판매업,,202097.843693887,444826.917303677,2026-05-03 22:50:51,I,01,영업,0,,,,,,,,,2025-02-21 10:27:50,2024-05-01,7.00,135-827,서울특별시 강남구 논현동 199-2 HK빌딩,N,,3220000-113-2024-00288,,3220000,"서울특별시 강남구 강남대로 484, HK빌딩 6층 619호 (논현동)",06120,01,영업/정상,유통전문판매업,,,,
,자가,트로피티 아일랜드,유통전문판매업,,203706.947845426,444167.109101495,2026-05-03 22:50:51,I,01,영업,100,,,,,,,,,2025-07-01 13:38:05,2024-03-13,100.00,135-920,서울특별시 강남구 역삼동 724-41,N,,3220000-113-2024-00289,,3220000,"서울특별시 강남구 테헤란로38길 40-3, 지상1층 (역삼동)",06222,01,영업/정상,유통전문판매업,,,,
,자가,퍼스트바이트,유통전문판매업,,202476.905,443782.865,2026-05-03 22:50:51,I,01,영업,1,,,,,,,,,2025-11-20 15:26:13,2024-12-18,1.00,135-935,서울특별시 강남구 역삼동 826,N,,3220000-113-2024-00290,,3220000,"서울특별시 강남구 강남대로 374, B3층 B230-24호 (역삼동)",06241,01,영업/정상,유통전문판매업,,,,
,자가,(주)이안인터내셔널 서울지사,유통전문판매업,,205271.275273064,445852.638814088,2026-05-03 22:50:51,I,01,영업,1.65,,,,,,,,,2025-04-04 13:27:38,2024-01-05,1.65,135-873,서울특별시 강남구 삼성동 107 삼성동 미켈란 107,N,,3220000-113-2024-00291,,3220000,"서울특별시 강남구 영동대로 602, 6층 H108호 (삼성동, 삼성동 미켈란 107)",06083,01,영업/정상,유통전문판매업,,,,
,자가,그레이더,유통전문판매업,,202425.73,444852.88,2026-05-03 22:50:51,I,01,영업,40.8,0,0,0,,,,0,,2025-07-03 15:23:15,2024-01-09,40.80,135-545,서울특별시 강남구 논현동 203-1 거평타운오피스텔,N,,3220000-113-2024-00292,,3220000,"서울특별시 강남구 봉은사로 129, 거평타운오피스텔 6층 619호 (논현동)",06121,01,영업/정상,유통전문판매업,,,,
,임대,리제이,유통전문판매업,,202425.73,444852.88,2026-05-03 22:50:51,I,01,영업,6.8,0,0,0,,,,0,,2025-04-23 16:36:49,2024-05-23,6.80,135-545,서울특별시 강남구 논현동 203-1 거평타운오피스텔,N,,3220000-113-2024-00293,,3220000,"서울특별시 강남구 봉은사로 129, 거평타운오피스텔 7층 727호 A116호 (논현동)",06121,01,영업/정상,유통전문판매업,,,,
,임대,주식회사 비엑스바이오,유통전문판매업,,202783.936866375,443610.403479254,2026-05-03 22:50:51,I,01,영업,47.85,0,0,0,,,,0,,2025-04-25 11:04:33,2024-04-30,47.85,135-936,서울특별시 강남구 역삼동 830-59,N,,3220000-113-2024-00294,,3220000,"서울특별시 강남구 역삼로5길 12, 5층 (역삼동)",06243,01,영업/정상,유통전문판매업,,,,
,자가,스트레잇 주식회사,유통전문판매업,,202497.854137533,445521.516841662,2026-05-03 22:50:51,I,01,영업,1.65,,,,,,,,,2025-05-16 16:21:10,2024-03-11,1.65,135-823,서울특별시 강남구 논현동 127-11 참존빌딩,N,,3220000-113-2024-00296,,3220000,"서울특별시 강남구 학동로24길 20, 참존빌딩 4층 402호 에이403호 (논현동)",06112,01,영업/정상,유통전문판매업,,,,
,자가,에이티라이프,유통전문판매업,,202429.553277511,444261.087449333,2026-05-03 22:50:51,I,01,영업,4,,,,,,,,,2025-05-22 09:15:55,2024-08-22,4.00,135-931,서울특별시 강남구 역삼동 817-29,N,,3220000-113-2024-00297,,3220000,"서울특별시 강남구 테헤란로1길 28-11, 5층 5106호 (역삼동)",06129,01,영업/정상,유통전문판매업,,,,
,자가,티엠스마일,유통전문판매업,,203805.402040058,444420.936778414,2026-05-03 22:50:51,I,01,영업,3.96,,,,,,,,,2025-06-19 13:25:45,2024-08-05,3.96,135-918,서울특별시 강남구 역삼동 706-15 성보빌딩Ⅱ,N,,3220000-113-2024-00298,,3220000,"서울특별시 강남구 언주로 432-6, 성보빌딩Ⅱ 4층 065호 (역삼동)",06210,01,영업/정상,유통전문판매업,,,,
,자가,주식회사 페슬,유통전문판매업,,202162.281625975,444783.30832928,2026-05-03 22:50:51,I,01,영업,4,0,0,0,,,,0,,2025-05-23 17:11:01,2024-04-01,4.00,135-545,서울특별시 강남구 논현동 201-1,N,,3220000-113-2024-00299,,3220000,"서울특별시 강남구 봉은사로1길 6, 5층 5335호 (논현동)",06120,01,영업/정상,유통전문판매업,,,,
,,주식회사 에스피알티,유통전문판매업,,203168.14749536,444555.363597916,2026-05-03 22:50:51,I,01,영업,1.65,0,0,0,,,,0,,2025-05-29 13:11:14,2024-02-29,1.65,135-914,서울특별시 강남구 역삼동 668-10,N,,3220000-113-2024-00301,,3220000,"서울특별시 강남구 봉은사로30길 68, 6층 166호 (역삼동)",06140,01,영업/정상,유통전문판매업,,,,
,자가,주식회사 일품진진수라,유통전문판매업,,204828.002550249,444777.618635215,2026-05-03 22:50:51,I,01,영업,3.3,,,,,,,,,2025-06-09 12:05:51,2024-09-23,3.30,135-840,서울특별시 강남구 대치동 891-44 노벨과개미,N,,3220000-113-2024-00302,,3220000,"서울특별시 강남구 테헤란로78길 16, 노벨과개미 지하1층 (대치동)",06194,01,영업/정상,유통전문판매업,02-6250-3110,,,
,자가,(주)뉴디어,유통전문판매업,,201845.667622959,446238.445755527,2026-05-03 22:50:51,I,01,영업,105.6,0,0,0,,,,0,,2025-06-13 15:51:51,2024-11-14,105.60,135-888,서울특별시 강남구 신사동 516-16,N,,3220000-113-2024-00303,,3220000,"서울특별시 강남구 강남대로154길 33, 3층 (신사동)",06035,01,영업/정상,유통전문판매업,070-4245-9281,,,
,자가,워크빌더,유통전문판매업,,203004.766681742,445822.606853521,2026-05-03 22:50:51,I,01,영업,0,,,,,,,,,2025-06-27 15:17:44,2024-01-10,3.00,135-996,서울특별시 강남구 논현동 210-3 SH빌딩,N,,3220000-113-2024-00304,,3220000,"서울특별시 강남구 언주로129길 6, SH빌딩 5층 502-122호 (논현동)",06104,01,영업/정상,유통전문판매업,,,,
,자가,주식회사 리젠트,유통전문판매업,,202558.445840824,446363.599327342,2026-05-03 22:50:55,I,01,영업,50,,,,,,,,,2026-01-20 13:17:50,2025-11-26,50.00,135-816,서울특별시 강남구 논현동 60-12,N,,3220000-113-2025-00268,,3220000,"서울특별시 강남구 논현로150길 15, 6층 602호 (논현동)",06047,01,영업/정상,유통전문판매업,,,,
,자가,조선마켓 주식회사,유통전문판매업,,201757.105695785,445748.245178254,2026-05-03 22:50:55,I,01,영업,5.94,,,,,,,,,2025-11-27 12:11:41,2025-11-27,5.94,135-813,서울특별시 강남구 논현동 18-4 성일빌딩,N,,3220000-113-2025-00269,,3220000,"서울특별시 강남구 강남대로 584, 성일빌딩 지상6층 613호 (논현동)",06043,01,영업/정상,유통전문판매업,,,,
,자가,주식회사 신성에프엔비,유통전문판매업,,202544.786803627,443737.090151119,2026-05-03 22:50:55,I,01,영업,0,,,,,,,,,2026-03-16 10:28:16,2025-11-28,11.00,135-935,서울특별시 강남구 역삼동 826-9,N,,3220000-113-2025-00270,,3220000,"서울특별시 강남구 테헤란로2길 36, 3층 301-1호 (역삼동)",06241,01,영업/정상,유통전문판매업,,,,
,자가,더웰스컴퍼니주식회사,유통전문판매업,,201947.879818637,446456.167348467,2026-05-03 22:50:55,I,01,영업,9,,,,,,,,,2025-11-28 11:24:28,2025-11-25,9.00,135-889,서울특별시 강남구 신사동 535-26 소호빌딩,N,,3220000-113-2025-00271,,3220000,"서울특별시 강남구 가로수길 35, 소호빌딩 6층 (신사동)",06034,01,영업/정상,유통전문판매업,,,,
,자가,주식회사 버팀,유통전문판매업,,202429.553277511,444261.087449333,2026-05-03 22:50:55,I,01,영업,4,,,,,,,,,2025-11-28 11:40:12,2025-11-28,4.00,135-931,서울특별시 강남구 역삼동 817-29,N,,3220000-113-2025-00272,,3220000,"서울특별시 강남구 테헤란로1길 28-11, 5층 5200호 (역삼동)",06129,01,영업/정상,유통전문판매업,,,,
,자가,(주)정림에프앤에이치,유통전문판매업,,202251.819568108,446621.326076229,2026-05-03 22:50:55,I,01,영업,10,,,,,,,,,2025-11-28 14:47:42,2025-11-28,10.00,135-890,서울특별시 강남구 신사동 556-26,N,,3220000-113-2025-00273,,3220000,"서울특별시 강남구 도산대로25길 35, 4층 (신사동)",06033,01,영업/정상,유통전문판매업,,,,
,자가,엘리본드,유통전문판매업,,204776.5482642,444677.642984538,2026-05-03 22:50:55,I,01,영업,0,,,,,,,,,2025-12-01 12:38:07,2025-12-01,3.30,135-840,서울특별시 강남구 대치동 894,N,,3220000-113-2025-00274,,3220000,"서울특별시 강남구 삼성로85길 33, 지하1층 B04-C38호 (대치동)",06196,01,영업/정상,유통전문판매업,070-4948-8101,,,
,자가,(주)와이비케이코퍼레이션,유통전문판매업,,202786.663035581,445840.335439718,2026-05-03 22:50:55,I,01,영업,171.24,,,,,,,,,2025-12-01 15:56:59,2025-12-01,171.24,135-818,서울특별시 강남구 논현동 88-8 제현빌딩,N,,3220000-113-2025-00275,,3220000,"서울특별시 강남구 학동로 213, 제현빌딩 2층 (논현동)",06052,01,영업/정상,유통전문판매업,070-4322-2880,,,
,자가,주식회사 이정파트너스,유통전문판매업,,204748.50158101,445493.129918317,2026-05-03 22:50:55,I,01,영업,66,,,,,,,,,2025-12-08 16:06:16,2025-12-08,66.00,135-878,서울특별시 강남구 삼성동 150-1,N,,3220000-113-2025-00276,,3220000,"서울특별시 강남구 삼성로 560, 5층 (삼성동)",06165,01,영업/정상,유통전문판매업,,,,
,자가,주식회사 넬리브,유통전문판매업,,201757.494098748,446282.45446652,2026-05-03 22:50:55,I,01,영업,1.65,,,,,,,,,2025-12-10 09:37:51,2025-12-10,1.65,135-887,서울특별시 강남구 신사동 510-11 ---------,N,,3220000-113-2025-00277,,3220000,"서울특별시 강남구 압구정로2길 46, 지상2층 214-115호 (신사동, ---------)",06034,01,영업/정상,유통전문판매업,,,,
,자가,주식회사 트리플에이랩,유통전문판매업,,201956.561428209,445325.198366946,2026-05-03 22:50:55,I,01,영업,9.9,,,,,,,,,2026-03-30 13:33:23,2025-12-10,9.90,135-822,서울특별시 강남구 논현동 141-7 세일빌딩,N,,3220000-113-2025-00278,,3220000,"서울특별시 강남구 학동로2길 19, 세일빌딩 2층 2562호 (논현동)",06110,01,영업/정상,유통전문판매업,,,,
,자가,주식회사 훅왔더,유통전문판매업,,202557.373782799,444807.337686024,2026-05-03 22:50:55,I,01,영업,9,,,,,,,,,2025-12-11 13:22:48,2025-01-21,9.00,135-907,서울특별시 강남구 역삼동 603-4,N,,3220000-113-2025-00279,,3220000,"서울특별시 강남구 봉은사로16길 14, 지하1층 132호 (역삼동)",06124,01,영업/정상,유통전문판매업,,,,
,자가,(주)굿데이나이스데이,유통전문판매업,,202575.560406288,444136.923081339,2026-05-03 22:50:55,I,01,영업,3.3,,,,,,,,,2025-12-12 13:43:34,2025-12-12,3.30,135-912,서울특별시 강남구 역삼동 649-8,N,,3220000-113-2025-00280,,3220000,"서울특별시 강남구 강남대로92길 31, 6층 6116호 (역삼동)",06134,01,영업/정상,유통전문판매업,,,,
,자가,마이 셀렉트,유통전문판매업,,202975.045940135,444034.659792294,2026-05-03 22:50:55,I,01,영업,3.3,,,,,,,,,2025-12-12 15:37:18,2025-12-12,3.30,135-923,서울특별시 강남구 역삼동 735-36,N,,3220000-113-2025-00281,,3220000,"서울특별시 강남구 테헤란로20길 18, 지상2층 19호 (역삼동)",06235,01,영업/정상,유통전문판매업,,,,
,자가,주식회사 씨엘케이에프앤비,유통전문판매업,,204979.055998352,446545.97544971,2026-05-03 22:50:55,I,01,영업,115.7,,,,,,,,,2025-12-12 15:43:59,2025-12-12,115.70,135-761,서울특별시 강남구 청담동 132-19 정화빌딩,N,,3220000-113-2025-00282,,3220000,"서울특별시 강남구 영동대로 708, 정화빌딩 8층 806호 (청담동)",06075,01,영업/정상,유통전문판매업,,,,
,자가,커즈메그,유통전문판매업,,202952.433219108,442626.792455577,2026-05-03 22:50:55,I,01,영업,5.8,,,,,,,,,2025-12-16 13:43:23,2025-12-16,5.80,135-860,서울특별시 강남구 도곡동 952-11 글수레빌딩,N,,3220000-113-2025-00283,,3220000,"서울특별시 강남구 강남대로44길 7, 글수레빌딩 3층 (도곡동)",06266,01,영업/정상,유통전문판매업,,,,
,자가,(주)굿뉴스삼일육,유통전문판매업,,205189.161136356,445818.67320465,2026-05-03 22:50:55,I,01,영업,92,,,,,,,,,2025-12-16 14:32:16,2025-12-16,92.00,135-871,서울특별시 강남구 삼성동 77-11 랜드마크빌딩,N,,3220000-113-2025-00284,,3220000,"서울특별시 강남구 영동대로 607, 랜드마크빌딩 6층 601호 (삼성동)",06087,01,영업/정상,유통전문판매업,,,,
,자가,씨엠에이글로벌,유통전문판매업,,203175.63878024,445233.806285677,2026-05-03 22:50:51,I,01,영업,8.23,,,,,,,,,2025-07-10 15:31:45,2024-07-03,8.23,135-831,서울특별시 강남구 논현동 237 논현 237,N,,3220000-113-2024-00305,,3220000,"서울특별시 강남구 언주로113길 7, 논현 237 3층 307호 (논현동)",06109,01,영업/정상,유통전문판매업,,,,
,자가,하이바잉,유통전문판매업,,202575.560406288,444136.923081339,2026-05-03 22:50:51,I,01,영업,4,,,,,,,,,2025-07-24 09:46:45,2024-12-06,4.00,135-912,서울특별시 강남구 역삼동 649-8,N,,3220000-113-2024-00306,,3220000,"서울특별시 강남구 강남대로92길 31, 6층 6153호 (역삼동)",06134,01,영업/정상,유통전문판매업,,,,
,,아이디어웨이브 주식회사,유통전문판매업,,205271.275273064,445852.638814088,2026-05-03 22:50:51,I,01,영업,1.65,,,,,,,,,2025-09-11 17:43:21,2024-09-30,1.65,135-873,서울특별시 강남구 삼성동 107 삼성동 미켈란 107,N,,3220000-113-2024-00308,,3220000,"서울특별시 강남구 영동대로 602, 6층 제트191호 (삼성동, 삼성동 미켈란 107)",06083,01,영업/정상,유통전문판매업,,,,
,자가,주식회사 볼트랩스,유통전문판매업,,204640.74,444948.985,2026-05-03 22:50:51,I,01,영업,0,,,,,,,,,2025-11-19 11:57:38,2024-06-25,36.00,135-877,서울특별시 강남구 삼성동 143-21,N,,3220000-113-2024-00309,,3220000,"서울특별시 강남구 테헤란로77길 11-15, 4층 402호 (삼성동)",06159,01,영업/정상,유통전문판매업,,,,
,자가,주식회사 미밍,유통전문판매업,,203063.436089827,442566.652357126,2026-05-03 22:50:51,I,01,영업,160.96,,,,,,,,,2025-11-20 15:15:02,2024-03-28,160.96,135-860,서울특별시 강남구 도곡동 957-4 양재 정인빌딩,N,,3220000-113-2024-00310,,3220000,"서울특별시 강남구 강남대로42길 18, 양재 정인빌딩 9층 (도곡동)",06267,01,영업/정상,유통전문판매업,02-504-5382,,,
,자가,주식회사 소버리언,유통전문판매업,,204915.808710355,446315.090639264,2026-05-03 22:50:51,I,01,영업,59,0,0,0,,,,0,,2025-12-17 17:31:13,2024-03-12,59.00,135-870,서울특별시 강남구 삼성동 58-6 진성빌딩,N,,3220000-113-2024-00311,,3220000,"서울특별시 강남구 영동대로129길 10, 진성빌딩 5층 502호 (삼성동)",06085,01,영업/정상,유통전문판매업,,,,
,자가,만년해로,유통전문판매업,,204690.550491779,444994.384231241,2026-05-03 22:50:51,I,01,영업,3.3,,,,,,,,,2026-01-26 12:29:58,2024-09-09,3.30,135-877,서울특별시 강남구 삼성동 143-11 강남143,N,,3220000-113-2024-00312,,3220000,"서울특별시 강남구 테헤란로77길 11-8, 2층 (삼성동)",06159,01,영업/정상,유통전문판매업,,,,
,자가,에스디시너지랩,유통전문판매업,,204639.090092973,444728.353701831,2026-05-03 22:50:51,I,01,영업,3.3,,,,,,,,,2026-02-03 13:23:41,2024-04-30,3.30,135-839,서울특별시 강남구 대치동 890-60 H 타워,N,,3220000-113-2024-00313,,3220000,"서울특별시 강남구 테헤란로70길 12, H 타워 4층 402-767A호 (대치동)",06193,01,영업/정상,유통전문판매업,,,,
,자가,아이언스에이치앤비 주식회사,유통전문판매업,,205401.146739192,445724.810086973,2026-05-03 22:50:51,I,01,영업,33,,,,,,,,,2025-01-06 15:18:58,2025-01-06,33.00,135-881,서울특별시 강남구 삼성동 160-21 아이큐어타워,N,,3220000-113-2025-00001,,3220000,"서울특별시 강남구 봉은사로104길 10, 아이큐어타워 지상2층 (삼성동)",06170,01,영업/정상,유통전문판매업,,,,
,자가,주식회사 이즈디스,유통전문판매업,,209044.652571876,441272.313972925,2026-05-03 22:50:51,I,01,영업,25.69,,,,,,,,,2025-01-06 15:45:01,2025-01-06,25.69,135-200,서울특별시 강남구 자곡동 651 강남유탑유블레스,N,,3220000-113-2025-00002,,3220000,"서울특별시 강남구 자곡로 180, 강남유탑유블레스 A동 지상2층 222호 (자곡동)",06373,01,영업/정상,유통전문판매업,02-2138-0328,,,
,자가,주식회사 라포랩스,유통전문판매업,,205412.607475534,445055.346815966,2026-05-03 22:50:51,I,01,영업,888.23,,,,,,,,,2025-01-07 17:59:24,2025-01-07,888.23,135-846,서울특별시 강남구 대치동 945-10 KOSMO DAECHI,N,,3220000-113-2025-00003,,3220000,"서울특별시 강남구 테헤란로98길 8, KOSMO DAECHI 6층 (대치동)",06181,01,영업/정상,유통전문판매업,,,,
,,마음심리연구소,유통전문판매업,,202724.214297488,445894.305854116,2026-05-03 22:50:51,I,01,영업,2,,,,,,,,,2025-01-08 10:31:55,2025-01-08,2.00,135-818,서울특별시 강남구 논현동 86-5,N,,3220000-113-2025-00004,,3220000,"서울특별시 강남구 논현로132길 13, 4층 4181호 (논현동)",06052,01,영업/정상,유통전문판매업,,,,
,자가,주식회사 스티븐푸드테크,유통전문판매업,,203679.945734221,447187.003951297,2026-05-03 22:50:51,I,01,영업,40,,,,,,,,,2025-01-09 10:56:56,2025-01-09,40.00,135-954,서울특별시 강남구 청담동 79,N,,3220000-113-2025-00005,,3220000,"서울특별시 강남구 압구정로 416, 지하2층 (청담동)",06015,01,영업/정상,유통전문판매업,,,,
,자가,(주)필리얼,유통전문판매업,,202195.828858956,446311.052364766,2026-05-03 22:50:51,I,01,영업,33.05,,,,,,,,,2025-01-10 16:51:23,2025-01-10,33.05,135-890,서울특별시 강남구 신사동 561-31 신웅타워2,N,,3220000-113-2025-00006,,3220000,"서울특별시 강남구 도산대로 157, 신웅타워2 지하2층 (신사동)",06037,01,영업/정상,유통전문판매업,02-540-2811,,,
,자가,(주)모스가든디자인컴퍼니,유통전문판매업,,202338.936347616,446138.045359134,2026-05-03 22:50:51,I,01,영업,143.5,,,,,,,,,2025-01-14 15:04:56,2025-01-14,143.50,135-815,서울특별시 강남구 논현동 32-18 (주)꽃피는 봄이오면,N,,3220000-113-2025-00007,,3220000,서울특별시 강남구 논현로145길 19 (주)꽃피는 봄이오면 3층 (논현동),06041,01,영업/정상,유통전문판매업,,,,
,자가,(주)잇츠커머스,유통전문판매업,,203805.402040058,444420.936778414,2026-05-03 22:50:51,I,01,영업,195.84,,,,,,,,,2025-01-14 15:38:59,2025-01-14,195.84,135-918,서울특별시 강남구 역삼동 706-15 성보빌딩Ⅱ,N,,3220000-113-2025-00008,,3220000,"서울특별시 강남구 언주로 432-6, 성보빌딩Ⅱ 2층 (역삼동)",06210,01,영업/정상,유통전문판매업,,,,
,임대,온이브,유통전문판매업,,203257.555575215,447334.651098516,2026-05-03 22:50:51,I,01,영업,122.91,,,,,,,,,2025-01-14 16:59:16,2025-01-14,122.91,135-897,서울특별시 강남구 신사동 660-6,N,,3220000-113-2025-00009,,3220000,"서울특별시 강남구 압구정로 330, 지상2층 201호 (신사동)",06018,01,영업/정상,유통전문판매업,02-540-8365,,,
,자가,대한민국농산,유통전문판매업,,205271.275273064,445852.638814088,2026-05-03 22:50:51,I,01,영업,1.65,,,,,,,,,2025-01-15 11:14:21,2025-01-15,1.65,135-873,서울특별시 강남구 삼성동 107 삼성동 미켈란 107,N,,3220000-113-2025-00010,,3220000,"서울특별시 강남구 영동대로 602, 6층 이111호 (삼성동, 삼성동 미켈란 107)",06083,01,영업/정상,유통전문판매업,,,,
,자가,오브트(ovdt),유통전문판매업,,204639.090092973,444728.353701831,2026-05-03 22:50:55,I,01,영업,3.3,,,,,,,,,2025-12-16 16:44:46,2025-12-16,3.30,135-839,서울특별시 강남구 대치동 890-60 H 타워,N,,3220000-113-2025-00285,,3220000,"서울특별시 강남구 테헤란로70길 12, H 타워 4층 402-701A호 (대치동)",06193,01,영업/정상,유통전문판매업,,,,
,자가,(주)티제이넥스트,유통전문판매업,,202952.433219108,442626.792455577,2026-05-03 22:50:55,I,01,영업,8.7,,,,,,,,,2025-12-17 11:11:57,2025-12-17,8.70,135-860,서울특별시 강남구 도곡동 952-11 글수레빌딩,N,,3220000-113-2025-00286,,3220000,"서울특별시 강남구 강남대로44길 7, 글수레빌딩 3층 344호 (도곡동)",06266,01,영업/정상,유통전문판매업,,,,
,자가,주식회사 청춘오가닉,유통전문판매업,,201794.516386292,446182.315581436,2026-05-03 22:50:55,I,01,영업,125.11,,,,,,,,,2025-12-17 12:42:04,2025-12-17,125.11,135-887,서울특별시 강남구 신사동 512-8 준영빌딩,N,,3220000-113-2025-00287,,3220000,"서울특별시 강남구 강남대로154길 24, 준영빌딩 지하2층 (신사동)",06035,01,영업/정상,유통전문판매업,02-533-0231,,,
,자가,에이치 와이 셀 바이오(HY CELL BIO),유통전문판매업,,203931.098064589,444622.849264371,2026-05-03 22:50:55,I,01,영업,72.96,,,,,,,,,2025-12-17 16:29:32,2025-12-17,72.96,135-513,서울특별시 강남구 역삼동 702-13 성지하이츠1,N,,3220000-113-2025-00288,,3220000,"서울특별시 강남구 테헤란로 313, 성지하이츠1 14층 1404호 (역삼동)",06151,01,영업/정상,유통전문판매업,,,,
,자가,(주)커피파는아저씨,유통전문판매업,,202563.983704418,446575.367750326,2026-05-03 22:50:55,I,01,영업,66.23,,,,,,,,,2026-02-13 10:54:06,2025-12-18,66.23,135-893,서울특별시 강남구 신사동 590-14 디오사옥,N,,3220000-113-2025-00289,,3220000,"서울특별시 강남구 논현로152길 21, 디오사옥 6층 (신사동)",06025,01,영업/정상,유통전문판매업,,,,
,자가,(주)플랜비즈글로벌,유통전문판매업,,202827.735520424,445429.505463679,2026-05-03 22:50:55,I,01,영업,300,,,,,,,,,2025-12-22 17:02:17,2025-12-22,300.00,135-829,서울특별시 강남구 논현동 216-11 원일빌딩,N,,3220000-113-2025-00290,,3220000,"서울특별시 강남구 논현로120길 7, 원일빌딩 3층 301호 (논현동)",06106,01,영업/정상,유통전문판매업,02-548-4389,,,
,자가,모르,유통전문판매업,,203817.115,444396.52,2026-05-03 22:50:55,I,01,영업,0,,,,,,,,,2025-12-23 13:44:55,2025-12-23,3.30,135-918,서울특별시 강남구 역삼동 706-24 진넥스빌2,N,,3220000-113-2025-00291,,3220000,"서울특별시 강남구 언주로86길 7, 8층 805호 (역삼동, 진넥스빌2)",06210,01,영업/정상,유통전문판매업,,,,
,자가,주식회사 엄마손에프엔비,유통전문판매업,,203723.095765489,444322.736195237,2026-05-03 22:50:55,I,01,영업,27,,,,,,,,,2025-12-23 15:50:59,2025-12-23,27.00,135-920,서울특별시 강남구 역삼동 721-13 아레나빌딩,N,,3220000-113-2025-00292,,3220000,"서울특별시 강남구 언주로 425, 아레나빌딩 지하1층 31호 (역삼동)",06222,01,영업/정상,유통전문판매업,02-1577-2640,,,
,,늘품헬스케어,유통전문판매업,,204437.797140616,441421.796511143,2026-05-03 22:50:55,I,01,영업,1.65,,,,,,,,,2025-12-24 16:57:24,2025-09-29,1.65,135-961,서울특별시 강남구 개포동 1184-3,N,,3220000-113-2025-00293,,3220000,"서울특별시 강남구 논현로10길 30, 5층 505-S70호 (개포동)",06314,01,영업/정상,유통전문판매업,,,,
,자가,투웨니투센추리,유통전문판매업,,204213.643236507,444113.028210915,2026-05-03 22:50:55,I,01,영업,32.51,,,,,,,,,2025-12-26 13:16:58,2025-12-26,32.51,135-926,서울특별시 강남구 역삼동 755 한솔필리아,N,,3220000-113-2025-00294,,3220000,"서울특별시 강남구 역삼로 310, 한솔필리아 지상1층 92호 (역삼동)",06217,01,영업/정상,유통전문판매업,,,,
,자가,주식회사 스팬서,유통전문판매업,,203004.766681742,445822.606853521,2026-05-03 22:50:55,I,01,영업,3.3,,,,,,,,,2025-12-30 15:35:23,2025-12-30,3.30,135-996,서울특별시 강남구 논현동 210-3 SH빌딩,N,,3220000-113-2025-00295,,3220000,"서울특별시 강남구 언주로129길 6, SH빌딩 5층 502-158호 (논현동)",06104,01,영업/정상,유통전문판매업,,,,
,,딜라잇플랜트,유통전문판매업,,202086.415168706,445005.433815594,2026-05-03 22:50:55,I,01,영업,5.5,,,,,,,,,2026-02-02 15:27:44,2025-05-09,5.50,135-825,서울특별시 강남구 논현동 167-29,N,,3220000-113-2025-00296,,3220000,"서울특별시 강남구 강남대로120길 11, 4층 125호 (논현동)",06119,01,영업/정상,유통전문판매업,,,,
,자가,주식회사 위스팟바이오랩,유통전문판매업,,202161.020617773,444633.499865115,2026-05-03 22:50:55,I,01,영업,3,,,,,,,,,2026-01-02 15:42:23,2026-01-02,3.00,135-931,서울특별시 강남구 역삼동 809 비제바노,N,,3220000-113-2026-00001,,3220000,"서울특별시 강남구 강남대로 464, 비제바노 4층 442호 (역삼동)",06123,01,영업/정상,유통전문판매업,070-8800-1337,,,
,자가,큐런에이치디 주식회사,유통전문판매업,,202575.560406288,444136.923081339,2026-05-03 22:50:55,I,01,영업,50,,,,,,,,,2026-01-07 09:31:40,2026-01-07,50.00,135-912,서울특별시 강남구 역삼동 649-8,N,,3220000-113-2026-00002,,3220000,"서울특별시 강남구 강남대로92길 31, 6층 6134호 (역삼동)",06134,01,영업/정상,유통전문판매업,,,,
,,주식회사 늘품프레시마일,유통전문판매업,,203121.029199979,444413.27468267,2026-05-03 22:50:55,I,01,영업,0,,,,,,,,,2026-01-07 13:43:45,2026-01-07,,135-910,서울특별시 강남구 역삼동 642-10 송암II빌딩,N,,3220000-113-2026-00003,,3220000,"서울특별시 강남구 논현로 509, 송암II빌딩 9층 일부호 (역삼동)",06132,01,영업/정상,유통전문판매업,,,,
,자가,다심향 역삼점,유통전문판매업,,203246.304125326,443291.623180752,2026-05-03 22:50:55,I,01,영업,14,,,,,,,,,2026-01-07 14:54:14,2026-01-07,14.00,135-930,서울특별시 강남구 역삼동 799-5 대일빌딩,N,,3220000-113-2026-00004,,3220000,"서울특별시 강남구 논현로63길 43, 대일빌딩 지상1층 (역삼동)",06256,01,영업/정상,유통전문판매업,,,,
,자가,(주) 이야이야앤프렌즈,유통전문판매업,,203288.180286746,446918.471554312,2026-05-03 22:50:51,I,01,영업,72.56,,,,,,,,,2025-01-16 17:31:57,2025-01-16,72.56,135-897,서울특별시 강남구 신사동 654-18,N,,3220000-113-2025-00011,,3220000,"서울특별시 강남구 도산대로51길 22, 지하1층, 지상4층 (신사동)",06019,01,영업/정상,유통전문판매업,02-567-7107,,,
,자가,(주)스낵포,유통전문판매업,,203027.161514897,443977.011126824,2026-05-03 22:50:51,I,01,영업,72.71,,,,,,,,,2025-01-17 15:47:05,2025-01-17,72.71,135-924,서울특별시 강남구 역삼동 740-5,N,,3220000-113-2025-00012,,3220000,"서울특별시 강남구 테헤란로20길 27, 지상3층 303호 (역삼동)",06237,01,영업/정상,유통전문판매업,,,,
,자가,힉스커피,유통전문판매업,,202501.80715229,444622.014096713,2026-05-03 22:50:51,I,01,영업,20,,,,,,,,,2025-01-21 10:01:32,2025-01-21,20.00,135-907,서울특별시 강남구 역삼동 614-2,N,,3220000-113-2025-00013,,3220000,"서울특별시 강남구 강남대로110길 51, 지하1층 (역삼동)",06127,01,영업/정상,유통전문판매업,070-8098-6581,,,
,자가,주식회사 골드펜더,유통전문판매업,,202425.73,444852.88,2026-05-03 22:50:51,I,01,영업,73.03,,,,,,,,,2025-01-21 11:32:12,2025-01-21,73.03,135-545,서울특별시 강남구 논현동 203-1 거평타운오피스텔,N,,3220000-113-2025-00014,,3220000,"서울특별시 강남구 봉은사로 129, 거평타운오피스텔 1603호 (논현동)",06121,01,영업/정상,유통전문판매업,,,,
,자가,주식회사 비비엔그루,유통전문판매업,,204729.093044878,441319.038630854,2026-05-03 22:50:51,I,01,영업,443.5,,,,,,,,,2025-01-22 13:52:12,2025-01-22,443.50,135-960,서울특별시 강남구 개포동 1164-21 인바디빌딩,N,,3220000-113-2025-00015,,3220000,"서울특별시 강남구 논현로2길 54, 인바디빌딩 2층 (개포동)",06313,01,영업/정상,유통전문판매업,,,,
,,주식회사 나인컬렉티브,유통전문판매업,,203164.963466383,447128.922937678,2026-05-03 22:50:51,I,01,영업,20,0,0,0,,,,0,,2025-01-22 14:19:42,2025-01-22,20.00,135-896,서울특별시 강남구 신사동 642-14 지와이빌딩,N,,3220000-113-2025-00016,,3220000,"서울특별시 강남구 언주로170길 36, 지와이빌딩 5층 (신사동)",06017,01,영업/정상,유통전문판매업,,,,
,자가,(주)삼아에프앤비,유통전문판매업,,204546.820289027,444366.857694459,2026-05-03 22:50:51,I,01,영업,0,,,,,,,,,2025-06-17 09:55:52,2025-01-22,3.30,135-841,서울특별시 강남구 대치동 907-3,N,,3220000-113-2025-00017,,3220000,"서울특별시 강남구 역삼로63길 5, 5층 C호 (대치동)",06198,01,영업/정상,유통전문판매업,,,,
,자가,몸컴퍼니(momm company),유통전문판매업,,202668.065422549,446332.171860773,2026-05-03 22:50:51,I,01,영업,3.3,,,,,,,,,2025-01-23 11:39:51,2025-01-23,3.30,135-816,서울특별시 강남구 논현동 65-24,N,,3220000-113-2025-00018,,3220000,"서울특별시 강남구 언주로147길 42, 2층 2750호 (논현동)",06049,01,영업/정상,유통전문판매업,,,,
,자가,주식회사 메딕스랩,유통전문판매업,,204615.364777705,444884.394551474,2026-05-03 22:50:51,I,01,영업,5,,,,,,,,,2025-01-23 12:13:34,2025-01-23,5.00,135-877,서울특별시 강남구 삼성동 143-37 현대타워,N,,3220000-113-2025-00019,,3220000,"서울특별시 강남구 테헤란로 423, 2층 2478호 (삼성동, 현대타워)",06159,01,영업/정상,유통전문판매업,,,,
,자가,헤아림,유통전문판매업,,202162.281625975,444783.30832928,2026-05-03 22:50:51,I,01,영업,4,,,,,,,,,2025-01-24 11:24:39,2025-01-24,4.00,135-545,서울특별시 강남구 논현동 201-1,N,,3220000-113-2025-00020,,3220000,"서울특별시 강남구 봉은사로1길 6, 5층 5273호 (논현동)",06120,01,영업/정상,유통전문판매업,,,,
,자가,주식회사 어노커,유통전문판매업,,202086.415168706,445005.433815594,2026-05-03 22:50:51,I,01,영업,0,,,,,,,,,2025-05-23 15:39:59,2025-01-24,5.50,135-825,서울특별시 강남구 논현동 167-29,N,,3220000-113-2025-00021,,3220000,"서울특별시 강남구 강남대로120길 11, 4층 B402호 (논현동)",06119,01,영업/정상,유통전문판매업,,,,
,자가,고요시엘(GOYO CIEL),유통전문판매업,,204072.40503804,446839.935719341,2026-05-03 22:50:51,I,01,영업,301.05,,,,,,,,,2025-01-24 17:00:01,2025-01-24,301.05,135-949,서울특별시 강남구 청담동 6-5 청담 한국빌딩,N,,3220000-113-2025-00022,,3220000,"서울특별시 강남구 도산대로 458, 청담 한국빌딩 지상5층 (청담동)",06062,01,영업/정상,유통전문판매업,,,,
,자가,주식회사 플로제이,유통전문판매업,,203107.097549429,444342.472620857,2026-05-03 22:50:51,I,01,영업,3.3,,,,,,,,,2025-02-04 10:48:17,2025-02-04,3.30,135-910,서울특별시 강남구 역삼동 642-3 석암빌딩,N,,3220000-113-2025-00023,,3220000,"서울특별시 강남구 테헤란로25길 6-9, 석암빌딩 5층 570호 (역삼동)",06132,01,영업/정상,유통전문판매업,,,,
,자가,웰트 주식회사,유통전문판매업,,202852.091533547,444118.060464957,2026-05-03 22:50:51,I,01,영업,500,,,,,,,,,2025-02-07 16:56:59,2025-02-07,500.00,135-755,서울특별시 강남구 역삼동 735 한독약품빌딩,N,,3220000-113-2025-00025,,3220000,"서울특별시 강남구 테헤란로 132, 한독약품빌딩 14층 (역삼동)",06235,01,영업/정상,유통전문판매업,,,,
,자가,주식회사 제누,유통전문판매업,,202038.261241413,446030.057611998,2026-05-03 22:50:51,I,01,영업,18.2,,,,,,,,,2025-02-11 12:19:51,2025-02-11,18.20,135-811,서울특별시 강남구 논현동 12-3 명은빌딩,N,,3220000-113-2025-00028,,3220000,"서울특별시 강남구 논현로149길 67-7, 명은빌딩 지상3층 (논현동)",06039,01,영업/정상,유통전문판매업,,,,
,자가,(주)디케이에스,유통전문판매업,,202575.560406288,444136.923081339,2026-05-03 22:50:51,I,01,영업,4,,,,,,,,,2025-07-02 15:39:44,2025-02-14,4.00,135-912,서울특별시 강남구 역삼동 649-8,N,,3220000-113-2025-00030,,3220000,"서울특별시 강남구 강남대로92길 31, 6층 6525호 (역삼동)",06134,01,영업/정상,유통전문판매업,,,,
,자가,건하다,유통전문판매업,,202668.065422549,446332.171860773,2026-05-03 22:50:51,I,01,영업,3.3,,,,,,,,,2025-02-18 12:42:38,2025-02-18,3.30,135-816,서울특별시 강남구 논현동 65-24,N,,3220000-113-2025-00031,,3220000,"서울특별시 강남구 언주로147길 42, 지상2층 2770호 (논현동)",06049,01,영업/정상,유통전문판매업,,,,
,자가,주식회사 에프씨알,유통전문판매업,,201840.36428146,446528.927107673,2026-05-03 22:50:55,I,01,영업,94.78,,,,,,,,,2026-01-07 16:09:27,2026-01-07,94.78,135-888,서울특별시 강남구 신사동 523-20 동원빌딩,N,,3220000-113-2026-00006,,3220000,"서울특별시 강남구 강남대로162길 41, 동원빌딩 6층 (신사동)",06028,01,영업/정상,유통전문판매업,,,,
,,유픽허브,유통전문판매업,,203259.245679192,445348.918289414,2026-05-03 22:50:55,I,01,영업,0,,,,,,,,,2026-01-09 13:34:06,2026-01-09,,135-833,서울특별시 강남구 논현동 275 동부센트레빌,N,,3220000-113-2026-00007,,3220000,"서울특별시 강남구 언주로116길 6, 101동 1201호 (논현동, 동부센트레빌)",06102,01,영업/정상,유통전문판매업,,,,
,자가,아르,유통전문판매업,,204437.797140616,441421.796511143,2026-05-03 22:50:55,I,01,영업,1.65,,,,,,,,,2026-01-12 16:15:17,2026-01-12,1.65,135-961,서울특별시 강남구 개포동 1184-3,N,,3220000-113-2026-00008,,3220000,"서울특별시 강남구 논현로10길 30, 5층 505-S71호 (개포동)",06314,01,영업/정상,유통전문판매업,,,,
,자가,제이네스트 주식회사,유통전문판매업,,203362.056528557,444460.672759185,2026-05-03 22:50:55,I,01,영업,98,,,,,,,,,2026-01-13 11:55:40,2026-01-13,98.00,135-915,서울특별시 강남구 역삼동 678-19 정안빌딩,N,,3220000-113-2026-00009,,3220000,"서울특별시 강남구 테헤란로29길 10, 정안빌딩 9층 (역삼동)",06141,01,영업/정상,유통전문판매업,070-4350-1661,,,
,자가,주식회사 멜로우빈,유통전문판매업,,201701.418320002,446697.701706035,2026-05-03 22:50:55,I,01,영업,221.1,,,,,,,,,2026-01-13 12:01:00,2026-01-13,221.10,135-888,서울특별시 강남구 신사동 528 보암빌딩,N,,3220000-113-2026-00010,,3220000,"서울특별시 강남구 압구정로 104, 보암빌딩 4층 401호 (신사동)",06028,01,영업/정상,유통전문판매업,,,,
,,주식회사 글로우팜,유통전문판매업,2026-04-17,202252.316209901,445014.86288781,2026-05-03 22:50:55,I,02,폐업,0,,,,,,,,,2026-04-17 10:53:43,2026-01-13,,135-827,서울특별시 강남구 논현동 181-12,N,,3220000-113-2026-00011,,3220000,"서울특별시 강남구 강남대로118길 39, 3층 다-202호 (논현동)",06119,03,폐업,유통전문판매업,,,,
,자가,(주)에이엠인터내셔널,유통전문판매업,,203588.048190661,446183.368328818,2026-05-03 22:50:55,I,01,영업,4.95,,,,,,,,,2026-01-15 15:55:53,2026-01-15,4.95,135-764,서울특별시 강남구 청담동 41 청담빌딩,N,,3220000-113-2026-00012,,3220000,"서울특별시 강남구 선릉로 704, 청담빌딩 10층 640호 (청담동)",06069,01,영업/정상,유통전문판매업,,,,
,자가,주식회사 에픽민트,유통전문판매업,,202454.970010312,447748.161018109,2026-05-03 22:50:55,I,01,영업,56.63,,,,,,,,,2026-01-15 16:14:37,2026-01-15,56.63,135-903,서울특별시 강남구 압구정동 455 현대아파트,N,,3220000-113-2026-00013,,3220000,"서울특별시 강남구 압구정로29길 68, 주구센타 제2호동 3층 304호 (압구정동, 현대아파트)",06004,01,영업/정상,유통전문판매업,,,,
,자가,경옥채,유통전문판매업,,204084.225003479,446682.833086193,2026-05-03 22:50:55,I,01,영업,6,,,,,,,,,2026-01-16 12:11:10,2026-01-16,6.00,135-949,서울특별시 강남구 청담동 11-1,N,,3220000-113-2026-00014,,3220000,"서울특별시 강남구 삼성로145길 13, 102호 (청담동)",06063,01,영업/정상,유통전문판매업,,,,
,자가,주식회사 라움리테일,유통전문판매업,,204776.5482642,444677.642984538,2026-05-03 22:50:55,I,01,영업,3.3,,,,,,,,,2026-01-16 15:36:18,2026-01-16,3.30,135-840,서울특별시 강남구 대치동 894,N,,3220000-113-2026-00015,,3220000,"서울특별시 강남구 삼성로85길 33, 지하1층 B04-C77호 (대치동)",06196,01,영업/정상,유통전문판매업,,,,
,자가,지앤케이 컴퍼니(G&K Company),유통전문판매업,,201956.561428209,445325.198366946,2026-05-03 22:50:55,I,01,영업,3.3,,,,,,,,,2026-01-16 16:07:34,2026-01-16,3.30,135-822,서울특별시 강남구 논현동 141-7 세일빌딩,N,,3220000-113-2026-00016,,3220000,"서울특별시 강남구 학동로2길 19, 세일빌딩 2층 2808호 (논현동)",06110,01,영업/정상,유통전문판매업,,,,
,자가,더원지비와이 주식회사,유통전문판매업,,204582.63342488,444735.231813542,2026-05-03 22:50:55,I,01,영업,98.14,,,,,,,,,2026-03-04 11:40:14,2026-01-19,98.14,135-839,서울특별시 강남구 대치동 890-30 썬타워빌딩,N,,3220000-113-2026-00017,,3220000,"서울특별시 강남구 선릉로90길 42, 8층 (대치동)",06193,01,영업/정상,유통전문판매업,02-569-0045,,,
,자가,(주)지엔에프인터내셔널,유통전문판매업,,204649.22,444896.875,2026-05-03 22:50:55,I,01,영업,3.3,,,,,,,,,2026-01-19 16:13:47,2026-01-19,3.30,135-877,서울특별시 강남구 삼성동 143-39 신일빌딩,N,,3220000-113-2026-00018,,3220000,"서울특별시 강남구 테헤란로 425, 신일빌딩 4층 4539호 (삼성동)",06159,01,영업/정상,유통전문판매업,,,,
,,주식회사 솔라랩,유통전문판매업,,205034.076582582,445158.763300998,2026-05-03 22:50:55,I,01,영업,10,,,,,,,,,2026-01-19 17:21:32,2026-01-16,10.00,135-880,서울특별시 강남구 삼성동 158-25 매직킹덤빌딩,N,,3220000-113-2026-00019,,3220000,"서울특별시 강남구 테헤란로83길 18, 4층 에스57호 (삼성동)",06169,01,영업/정상,유통전문판매업,,,,
,자가,주식회사 팝쎈토이,유통전문판매업,,203661.894875866,444715.72803994,2026-05-03 22:50:56,I,01,영업,178,,,,,,,,,2026-01-20 09:33:15,2026-01-20,178.00,135-513,서울특별시 강남구 역삼동 700-3,N,,3220000-113-2026-00020,,3220000,"서울특별시 강남구 언주로 514, 5층 (역삼동)",06147,01,영업/정상,유통전문판매업,02-303-1173,,,
,자가,주식회사 이소디자인,유통전문판매업,,203318.346165418,445124.761143703,2026-05-03 22:50:56,I,01,영업,56,,,,,,,,,2026-01-20 09:47:39,2026-01-20,56.00,135-913,서울특별시 강남구 역삼동 653-3 상지 카일룸 블랙,N,,3220000-113-2026-00021,,3220000,"서울특별시 강남구 언주로 565, 501호 (역삼동, 상지 카일룸 블랙)",06135,01,영업/정상,유통전문판매업,,,,
,자가,지앤인터내셔널,유통전문판매업,,202759.552509435,445935.484116903,2026-05-03 22:50:55,I,01,영업,15,,,,,,,,,2026-01-07 16:07:40,2026-01-07,15.00,135-818,서울특별시 강남구 논현동 82-17 벤쳐캐슬빌딩,N,,3220000-113-2026-00005,,3220000,"서울특별시 강남구 학동로31길 12, 벤쳐캐슬빌딩 7층 789호 (논현동)",06052,01,영업/정상,유통전문판매업,,,,
,자가,티엘인터내셔날,유통전문판매업,,207112.195695469,443163.101895121,2026-05-03 22:50:51,I,01,영업,3.5,,,,,,,,,2025-02-19 10:16:42,2025-02-19,3.50,135-516,서울특별시 강남구 일원동 684 남경빌딩,N,,3220000-113-2025-00032,,3220000,"서울특별시 강남구 일원로 35, 남경빌딩 4882호 (일원동)",06343,01,영업/정상,유통전문판매업,,,,
,자가,주식회사 에이피크,유통전문판매업,,203004.766681742,445822.606853521,2026-05-03 22:50:51,I,01,영업,0,,,,,,,,,2025-02-20 10:03:57,2025-02-20,3.00,135-996,서울특별시 강남구 논현동 210-3 SH빌딩,N,,3220000-113-2025-00033,,3220000,"서울특별시 강남구 언주로129길 6, SH빌딩 5층 502-23호 (논현동)",06104,01,영업/정상,유통전문판매업,02-6954-7589,,,
,자가,주식회사 에이피크(백두지점),유통전문판매업,,203004.766681742,445822.606853521,2026-05-03 22:50:51,I,01,영업,3,,,,,,,,,2025-02-20 13:48:04,2025-02-20,3.00,135-996,서울특별시 강남구 논현동 210-3 SH빌딩,N,,3220000-113-2025-00034,,3220000,"서울특별시 강남구 언주로129길 6, SH빌딩 지상5층 502-41호 (논현동)",06104,01,영업/정상,유통전문판매업,,,,
,자가,(주)신웅이앤씨,유통전문판매업,,202195.828858956,446311.052364766,2026-05-03 22:50:51,I,01,영업,0,,,,,,,,,2025-11-20 15:06:05,2025-02-20,99.00,135-890,서울특별시 강남구 신사동 561-31 신웅타워2,N,,3220000-113-2025-00035,,3220000,"서울특별시 강남구 도산대로 157, 신웅타워2 지하2층 (신사동)",06037,01,영업/정상,유통전문판매업,02-540-2811,,,
,,치타몰(치타MaLL),유통전문판매업,,204400.333433217,443483.209967215,2026-05-03 22:50:51,I,01,영업,0,,,,,,,,,2025-02-21 10:27:44,2025-02-21,,135-506,서울특별시 강남구 도곡동 527 도곡렉슬아파트,N,,3220000-113-2025-00036,,3220000,"서울특별시 강남구 선릉로 221, 407동 1204호 (도곡동, 도곡렉슬아파트)",06276,01,영업/정상,유통전문판매업,,,,
,자가,더블유와이컴퍼니,유통전문판매업,,202993.437818281,447400.303560123,2026-05-03 22:50:51,I,01,영업,0,,,,,,,,,2025-02-25 14:34:14,2025-02-25,1.65,135-896,서울특별시 강남구 신사동 638-2,N,,3220000-113-2025-00038,,3220000,"서울특별시 강남구 압구정로 306, 지하1층 4-279호(4호 일부중 279)호 (신사동)",06017,01,영업/정상,유통전문판매업,,,,
,자가,주식회사 닥터스랩,유통전문판매업,,204674.280067241,444735.596578398,2026-05-03 22:50:51,I,01,영업,0,,,,,,,,,2025-07-17 11:29:23,2025-02-25,6.60,135-840,서울특별시 강남구 대치동 891-25 보성빌딩,N,,3220000-113-2025-00039,,3220000,"서울특별시 강남구 테헤란로70길 13, 보성빌딩 9층 일부호 (대치동)",06194,01,영업/정상,유통전문판매업,02-553-2705,,,
,자가,주식회사 이든컬처,유통전문판매업,,202086.415168706,445005.433815594,2026-05-03 22:50:51,I,01,영업,5.5,,,,,,,,,2025-02-26 15:58:42,2025-02-26,5.50,135-825,서울특별시 강남구 논현동 167-29,N,,3220000-113-2025-00040,,3220000,"서울특별시 강남구 강남대로120길 11, 지상4층 453호 (논현동)",06119,01,영업/정상,유통전문판매업,02-1688-3208,,,
,자가,셀몬드,유통전문판매업,,204114.399677458,446336.860877099,2026-05-03 22:50:51,I,01,영업,13.42,,,,,,,,,2025-02-27 10:20:10,2025-02-27,13.42,135-950,서울특별시 강남구 청담동 34-13 청담 스위트,N,,3220000-113-2025-00042,,3220000,"서울특별시 강남구 학동로73길 13, 510호 (청담동, 청담 스위트)",06068,01,영업/정상,유통전문판매업,,,,
,자가,위캔,유통전문판매업,,202731.25,443440.045000001,2026-05-03 22:50:51,I,01,영업,49.77,,,,,,,,,2026-04-28 17:37:08,2025-03-10,49.77,135-936,서울특별시 강남구 역삼동 832-41 현죽빌딩,N,,3220000-113-2025-00045,,3220000,"서울특별시 강남구 역삼로 114, 현죽빌딩 8153호 (역삼동)",06252,01,영업/정상,유통전문판매업,070-7954-4987,,,
,자가,주식회사 정남테크,유통전문판매업,,203770.884753854,444229.62729692,2026-05-03 22:50:51,I,01,영업,30,,,,,,,,,2025-03-10 15:15:39,2025-03-10,30.00,135-920,서울특별시 강남구 역삼동 721-39 행남자기,N,,3220000-113-2025-00046,,3220000,"서울특별시 강남구 언주로 419, 행남자기 6층 3호 (역삼동)",06222,01,영업/정상,유통전문판매업,070-7576-0655,,,
,자가,그리드플로우,유통전문판매업,2026-04-20,202628.685707483,446698.713704671,2026-05-03 22:50:51,I,02,폐업,0,,,,,,,,,2026-04-20 14:41:58,2025-03-11,11.57,135-893,서울특별시 강남구 신사동 594-6,N,,3220000-113-2025-00047,,3220000,"서울특별시 강남구 도산대로35길 28, 4층 (신사동)",06024,03,폐업,유통전문판매업,,,,
,자가,메디포엘 주식회사,유통전문판매업,,205079.418138107,444869.834721154,2026-05-03 22:50:51,I,01,영업,3.3,,,,,,,,,2025-03-13 13:57:29,2025-03-13,3.30,135-845,서울특별시 강남구 대치동 942-15,N,,3220000-113-2025-00048,,3220000,"서울특별시 강남구 테헤란로82길 15, 지상3층 308호 (대치동)",06178,01,영업/정상,유통전문판매업,,,,
,,주식회사 이너온,유통전문판매업,,203172.90655758,442638.597905772,2026-05-03 22:50:51,I,01,영업,3.3,,,,,,,,,2025-03-14 14:02:17,2025-03-14,3.30,135-861,서울특별시 강남구 도곡동 959-16,N,,3220000-113-2025-00049,,3220000,"서울특별시 강남구 남부순환로359길 14, 3층 씨360호 (도곡동)",06268,01,영업/정상,유통전문판매업,,,,
,자가,주식회사 엘씨에이인터내셔널,유통전문판매업,,207112.195695469,443163.101895121,2026-05-03 22:50:51,I,01,영업,1.1,,,,,,,,,2025-03-14 15:41:26,2025-03-14,1.10,135-516,서울특별시 강남구 일원동 684 남경빌딩,N,,3220000-113-2025-00051,,3220000,"서울특별시 강남구 일원로 35, 남경빌딩 4층 4912호 (일원동)",06343,01,영업/정상,유통전문판매업,,,,
,임대,세라몰,유통전문판매업,,203912.778626691,441843.261084323,2026-05-03 22:50:51,I,01,영업,3.3,,,,,,,,,2025-03-17 12:06:49,2025-03-17,3.30,135-964,서울특별시 강남구 개포동 1240-5,N,,3220000-113-2025-00052,,3220000,"서울특별시 강남구 개포로15길 3-4, 지하1층 101호-A193호 (개포동)",06303,01,영업/정상,유통전문판매업,,,,
,자가,닥터엘릭헬스케어,유통전문판매업,,203253.726246178,443777.360830763,2026-05-03 22:50:51,I,01,영업,3,,,,,,,,,2025-03-21 13:48:13,2025-02-19,3.00,135-925,서울특별시 강남구 역삼동 747-9 역삼동 수양빌딩,N,,3220000-113-2025-00054,,3220000,"서울특별시 강남구 논현로75길 15, 역삼동 수양빌딩 5층 501호 250989호 (역삼동)",06247,01,영업/정상,유통전문판매업,,,,
,자가,주식회사 유스티티아,유통전문판매업,,205079.418138107,444869.834721154,2026-05-03 22:50:56,I,01,영업,3.3,,,,,,,,,2026-01-23 10:02:13,2026-01-23,3.30,135-845,서울특별시 강남구 대치동 942-15,N,,3220000-113-2026-00022,,3220000,"서울특별시 강남구 테헤란로82길 15, 12층 1208호 (대치동)",06178,01,영업/정상,유통전문판매업,,,,
,자가,주식회사 어베일,유통전문판매업,,205079.418138107,444869.834721154,2026-05-03 22:50:56,I,01,영업,3.3,,,,,,,,,2026-01-23 10:03:48,2026-01-23,3.30,135-845,서울특별시 강남구 대치동 942-15,N,,3220000-113-2026-00023,,3220000,"서울특별시 강남구 테헤란로82길 15, 11층 40호 (대치동)",06178,01,영업/정상,유통전문판매업,,,,
,자가,모던스리빙,유통전문판매업,,202668.065422549,446332.171860773,2026-05-03 22:50:56,I,01,영업,3.3,,,,,,,,,2026-01-23 17:45:12,2026-01-23,3.30,135-816,서울특별시 강남구 논현동 65-24,N,,3220000-113-2026-00024,,3220000,"서울특별시 강남구 언주로147길 42, 2층 2699호 (논현동)",06049,01,영업/정상,유통전문판매업,,,,
,자가,스미후루코리아주식회사,유통전문판매업,,205170.959716696,445264.936337181,2026-05-03 22:50:56,I,01,영업,405.03,,,,,,,,,2026-01-27 10:26:21,2026-01-27,405.03,135-090,서울특별시 강남구 삼성동 159-6 한국도심공항터미널,N,,3220000-113-2026-00025,,3220000,"서울특별시 강남구 테헤란로87길 22, 703~705호 (삼성동)",06164,01,영업/정상,유통전문판매업,02-3453-4611,,,
,자가,가람별 주식회사,유통전문판매업,,205178.155049653,444671.464079318,2026-05-03 22:50:56,I,01,영업,30,,,,,,,,,2026-01-28 09:24:08,2026-01-28,30.00,135-847,서울특별시 강남구 대치동 958-22 와이피빌딩,N,,3220000-113-2026-00026,,3220000,"서울특별시 강남구 삼성로76길 13, 와이피빌딩 2층 일부호 (대치동)",06185,01,영업/정상,유통전문판매업,,,,
,자가,주식회사 제이에스뉴트리션,유통전문판매업,,204639.090092973,444728.353701831,2026-05-03 22:50:56,I,01,영업,3.3,,,,,,,,,2026-01-28 16:27:26,2026-01-28,3.30,135-839,서울특별시 강남구 대치동 890-60 H 타워,N,,3220000-113-2026-00027,,3220000,"서울특별시 강남구 테헤란로70길 12, H 타워 4층 402-688A호 (대치동)",06193,01,영업/정상,유통전문판매업,,,,
,자가,리브스트라이프 주식회사,유통전문판매업,,203519.98,443841.75,2026-05-03 22:50:56,I,01,영업,3.3,,,,,,,,,2026-01-28 17:08:16,2026-01-28,3.30,135-514,서울특별시 강남구 역삼동 733-8 남국빌딩,N,,3220000-113-2026-00028,,3220000,"서울특별시 강남구 역삼로 215, 남국빌딩 2층 B30호 (역삼동)",06224,01,영업/정상,유통전문판매업,,,,
,자가,주식회사 웨이브웨이,유통전문판매업,,203323.848663233,446121.192473963,2026-05-03 22:50:56,I,01,영업,92,,,,,,,,,2026-04-15 12:09:15,2026-01-29,92.00,135-821,서울특별시 강남구 논현동 113-20,N,,3220000-113-2026-00029,,3220000,"서울특별시 강남구 언주로134길 35, 3층 일부호 (논현동)",06059,01,영업/정상,유통전문판매업,070-8691-3643,,,
,자가,(주)다람쥐장터,유통전문판매업,,203588.048190661,446183.368328818,2026-05-03 22:50:56,I,01,영업,4.95,,,,,,,,,2026-02-04 12:51:34,2026-02-04,4.95,135-764,서울특별시 강남구 청담동 41 청담빌딩,N,,3220000-113-2026-00030,,3220000,"서울특별시 강남구 선릉로 704, 청담빌딩 12층 1271-1호 (청담동)",06069,01,영업/정상,유통전문판매업,,,,
,자가,주식회사 은휘,유통전문판매업,,202722.53183055,444055.07069569,2026-05-03 22:50:56,I,01,영업,27.7,,,,,,,,,2026-02-04 16:17:33,2026-02-04,27.70,135-933,서울특별시 강남구 역삼동 823 삼원타워,N,,3220000-113-2026-00031,,3220000,"서울특별시 강남구 테헤란로 124, 삼원타워 지하1층 B123호 (역삼동)",06234,01,영업/정상,유통전문판매업,,,,
,자가,주식회사 고객만족,유통전문판매업,,203125.055,446027.47,2026-05-03 22:50:56,I,01,영업,1.7,,,,,,,,,2026-02-05 17:16:59,2026-02-05,1.70,135-821,서울특별시 강남구 논현동 115-22,N,,3220000-113-2026-00032,,3220000,"서울특별시 강남구 언주로134길 6, 7층 A-14호 (논현동)",06061,01,영업/정상,유통전문판매업,,,,
,자가,(주)흰달,유통전문판매업,,204014.018566798,446143.475093311,2026-05-03 22:50:56,I,01,영업,10,,,,,,,,,2026-02-09 14:27:44,2026-02-09,10.00,135-863,서울특별시 강남구 삼성동 4-4,N,,3220000-113-2026-00033,,3220000,"서울특별시 강남구 선릉로130길 57, 지상2층 21호 (삼성동)",06089,01,영업/정상,유통전문판매업,,,,
,자가,(주)와이다,유통전문판매업,,203837.328280271,442304.546236049,2026-05-03 22:50:56,I,01,영업,6.6,,,,,,,,,2026-02-09 16:42:52,2026-02-09,6.60,135-855,서울특별시 강남구 도곡동 424-4,N,,3220000-113-2026-00034,,3220000,"서울특별시 강남구 논현로28길 18, 5층 502호 (도곡동)",06302,01,영업/정상,유통전문판매업,,,,
,자가,라포미 (LaForme),유통전문판매업,,203253.726246178,443777.360830763,2026-05-03 22:50:51,I,01,영업,3,,,,,,,,,2025-03-31 16:22:58,2025-03-21,3.00,135-925,서울특별시 강남구 역삼동 747-9 역삼동 수양빌딩,N,,3220000-113-2025-00056,,3220000,"서울특별시 강남구 논현로75길 15, 역삼동 수양빌딩 501호 251105호 (역삼동)",06247,01,영업/정상,유통전문판매업,,,,
,자가,라라루모,유통전문판매업,,202288.681463985,446678.558383677,2026-05-03 22:50:51,I,01,영업,10,,,,,,,,,2025-03-21 16:43:12,2025-03-21,10.00,135-891,서울특별시 강남구 신사동 565-3,N,,3220000-113-2025-00057,,3220000,"서울특별시 강남구 논현로157길 15, 3층 317호 (신사동)",06032,01,영업/정상,유통전문판매업,,,,
,자가,주식회사 모어라이트,유통전문판매업,,204432.46,444839.755,2026-05-03 22:50:51,I,01,영업,4,,,,,,,,,2025-03-25 14:27:56,2025-03-25,4.00,135-876,서울특별시 강남구 삼성동 142-34,N,,3220000-113-2025-00058,,3220000,"서울특별시 강남구 선릉로92길 28, 4층 443호 (삼성동)",06160,01,영업/정상,유통전문판매업,,,,
,자가,헤이리스트,유통전문판매업,,204639.090092973,444728.353701831,2026-05-03 22:50:52,I,01,영업,3.3,,,,,,,,,2025-03-27 10:37:59,2025-03-27,3.30,135-839,서울특별시 강남구 대치동 890-60 H 타워,N,,3220000-113-2025-00059,,3220000,"서울특별시 강남구 테헤란로70길 12, H 타워 4층 402-J427호 (대치동)",06193,01,영업/정상,유통전문판매업,,,,
,자가,주식회사 엠와이컴퍼니,유통전문판매업,,204196.759732208,446852.753335861,2026-05-03 22:50:52,I,01,영업,0,,,,,,,,,2025-03-31 13:41:32,2025-03-31,46.28,135-952,서울특별시 강남구 청담동 48-2 재정빌딩,N,,3220000-113-2025-00061,,3220000,"서울특별시 강남구 도산대로 506, 재정빌딩 3층 301의 일부호 (청담동)",06070,01,영업/정상,유통전문판매업,02-511-7788,,,
,자가,아이데이션,유통전문판매업,,202920.852840493,443144.116076589,2026-05-03 22:50:52,I,01,영업,61.3,,,,,,,,,2025-04-02 17:17:25,2025-04-02,61.30,135-935,서울특별시 강남구 역삼동 839-15 대경빌딩,N,,3220000-113-2025-00062,,3220000,"서울특별시 강남구 도곡로 123, 대경빌딩 지하1층 일부호 (역삼동)",06254,01,영업/정상,유통전문판매업,02-565-8889,,,
,자가,(주)오렌지가든,유통전문판매업,,203042.376409352,445341.282642282,2026-05-03 22:50:52,I,01,영업,168.65,,,,,,,,,2026-04-14 15:44:31,2025-04-03,168.65,135-829,서울특별시 강남구 논현동 226-1,N,,3220000-113-2025-00063,,3220000,"서울특별시 강남구 논현로118길 28, 3층 (논현동)",06107,01,영업/정상,유통전문판매업,,,,
,자가,주식회사 로즈앤케이,유통전문판매업,,203805.402040058,444420.936778414,2026-05-03 22:50:52,I,01,영업,0,,,,,,,,,2025-04-07 11:58:25,2025-04-07,4.40,135-918,서울특별시 강남구 역삼동 706-15 성보빌딩Ⅱ,N,,3220000-113-2025-00064,,3220000,"서울특별시 강남구 언주로 432-6, 성보빌딩Ⅱ 4층 024호 (역삼동)",06210,01,영업/정상,유통전문판매업,,,,
,,주식회사 셀레스트라,유통전문판매업,,202903.044770042,446058.075180315,2026-05-03 22:50:52,I,01,영업,32.71,0,0,0,,,,0,,2025-04-07 14:05:18,2025-01-03,32.71,135-818,서울특별시 강남구 논현동 83-12,N,,3220000-113-2025-00065,,3220000,"서울특별시 강남구 언주로135길 19, 지상1층 (논현동)",06053,01,영업/정상,유통전문판매업,,,,
,자가,푸딧,유통전문판매업,,203588.048190661,446183.368328818,2026-05-03 22:50:52,I,01,영업,4.95,,,,,,,,,2025-04-08 09:46:06,2025-02-28,4.95,135-764,서울특별시 강남구 청담동 41 청담빌딩,N,,3220000-113-2025-00066,,3220000,"서울특별시 강남구 선릉로 704, 청담빌딩 12층 1278-5호 (청담동)",06069,01,영업/정상,유통전문판매업,,,,
,자가,(주)웰니스바이오,유통전문판매업,,204433.34140241,444884.617513,2026-05-03 22:50:52,I,01,영업,10,,,,,,,,,2025-04-09 13:52:52,2025-04-09,10.00,135-876,서울특별시 강남구 삼성동 142-3 LG 선릉에클라트 B,N,,3220000-113-2025-00067,,3220000,"서울특별시 강남구 테헤란로63길 12, B동 3층 322호 (삼성동, LG 선릉에클라트 B)",06160,01,영업/정상,유통전문판매업,,,,
,자가,리영글로벌 주식회사,유통전문판매업,,203783.104789692,444384.005869231,2026-05-03 22:50:52,I,01,영업,100,,,,,,,,,2025-04-10 13:24:13,2025-04-10,100.00,135-918,서울특별시 강남구 역삼동 706-26 모제림,N,,3220000-113-2025-00068,,3220000,"서울특별시 강남구 언주로 428, 모제림 지상10층 (역삼동)",06210,01,영업/정상,유통전문판매업,,,,
,자가,위즈토피아,유통전문판매업,,202990.404385463,443816.04248395,2026-05-03 22:50:52,I,01,영업,0,,,,,,,,,2025-04-11 12:32:56,2025-04-11,1.64,135-924,서울특별시 강남구 역삼동 741-39,N,,3220000-113-2025-00069,,3220000,"서울특별시 강남구 논현로79길 48-1, 2층 1093호 (역삼동)",06238,01,영업/정상,유통전문판매업,,,,
,자가,온더랩,유통전문판매업,,203723.095765489,444322.736195237,2026-05-03 22:50:52,I,01,영업,9,,,,,,,,,2025-04-14 09:43:08,2025-04-14,9.00,135-920,서울특별시 강남구 역삼동 721-13 아레나빌딩,N,,3220000-113-2025-00070,,3220000,"서울특별시 강남구 언주로 425, 아레나빌딩 지하1층 264호 (역삼동)",06222,01,영업/정상,유통전문판매업,,,,
,자가,주식회사 컨택터,유통전문판매업,,202153.475801663,446018.659749508,2026-05-03 22:50:52,I,01,영업,347.55,,,,,,,,,2025-04-14 11:11:41,2025-04-14,347.55,135-812,서울특별시 강남구 논현동 11-24 세븐스텝,N,,3220000-113-2025-00071,,3220000,"서울특별시 강남구 논현로145길 50, 세븐스텝 지하1층 (논현동)",06039,01,영업/정상,유통전문판매업,,,,
,자가,청애아,유통전문판매업,2026-03-04,202288.681463985,446678.558383677,2026-05-03 22:50:51,I,02,폐업,10,,,,,,,,,2026-03-04 16:51:09,2025-03-21,10.00,135-891,서울특별시 강남구 신사동 565-3,N,,3220000-113-2025-00055,,3220000,"서울특별시 강남구 논현로157길 15, 3층 318호 (신사동)",06032,03,폐업,유통전문판매업,,,,
,자가,주식회사 베네큐어,유통전문판매업,,204308.797361501,444932.157842043,2026-05-03 22:50:52,I,01,영업,3.5,,,,,,,,,2026-03-12 16:27:00,2025-04-14,3.50,135-875,서울특별시 강남구 삼성동 140-17 유니콘빌딩,N,,3220000-113-2025-00072,,3220000,"서울특별시 강남구 선릉로100길 30, 유니콘빌딩 지하1층 309호 (삼성동)",06161,01,영업/정상,유통전문판매업,02-6970-3500,,,
,자가,더블유지유,유통전문판매업,,202398.022535049,446869.307086395,2026-05-03 22:50:52,I,01,영업,72.18,,,,,,,,,2025-04-15 11:27:59,2025-04-15,72.18,135-892,서울특별시 강남구 신사동 583-3 제이비 미소 빌딩,N,,3220000-113-2025-00073,,3220000,"서울특별시 강남구 논현로 841, 제이비 미소 빌딩 지상2층 202호 (신사동)",06031,01,영업/정상,유통전문판매업,,,,
,자가,더그로브,유통전문판매업,,202012.792910946,445567.987021149,2026-05-03 22:50:52,I,01,영업,134,,,,,,,,,2025-04-16 11:54:40,2025-04-16,134.00,135-814,서울특별시 강남구 논현동 54-2 베틀빌딩,N,,3220000-113-2025-00074,,3220000,"서울특별시 강남구 학동로7길 5, 베틀빌딩 7층 (논현동)",06044,01,영업/정상,유통전문판매업,,,,
,자가,주식회사 셀렉코퍼레이션,유통전문판매업,,203519.839932949,444829.608184661,2026-05-03 22:50:52,I,01,영업,20,,,,,,,,,2025-04-17 15:53:15,2025-04-17,20.00,135-913,서울특별시 강남구 역삼동 662-12,N,,3220000-113-2025-00075,,3220000,"서울특별시 강남구 테헤란로39길 50, 1층 (역삼동)",06138,01,영업/정상,유통전문판매업,,,,
,자가,비로소,유통전문판매업,,202940.913419566,446374.987406876,2026-05-03 22:50:52,I,01,영업,200,,,,,,,,,2025-04-22 15:47:31,2025-04-22,200.00,135-995,서울특별시 강남구 논현동 70-6 트리스빌딩,N,,3220000-113-2025-00076,,3220000,"서울특별시 강남구 언주로 727, 트리스빌딩 지상3층 (논현동)",06050,01,영업/정상,유통전문판매업,,,,
,자가,(주)롱제비티,유통전문판매업,,205079.418138107,444869.834721154,2026-05-03 22:50:52,I,01,영업,0,,,,,,,,,2025-04-23 09:51:32,2025-04-23,3.30,135-845,서울특별시 강남구 대치동 942-15,N,,3220000-113-2025-00077,,3220000,"서울특별시 강남구 테헤란로82길 15, 8층 883호 (대치동)",06178,01,영업/정상,유통전문판매업,,,,
,자가,퓨어 웰니스,유통전문판매업,,202288.681463985,446678.558383677,2026-05-03 22:50:52,I,01,영업,10,,,,,,,,,2025-04-24 15:07:48,2025-04-24,10.00,135-891,서울특별시 강남구 신사동 565-3,N,,3220000-113-2025-00078,,3220000,"서울특별시 강남구 논현로157길 15, 3층 320호 (신사동)",06032,01,영업/정상,유통전문판매업,,,,
,자가,제로바디,유통전문판매업,,202774.428680624,443300.447678658,2026-05-03 22:50:52,I,01,영업,66.68,,,,,,,,,2026-02-09 15:16:19,2025-04-28,66.68,135-937,서울특별시 강남구 역삼동 837-15,N,,3220000-113-2025-00079,,3220000,"서울특별시 강남구 강남대로66길 16, 4층 401호 (역삼동)",06253,01,영업/정상,유통전문판매업,,,,
,자가,나드플러스,유통전문판매업,,202497.854137533,445521.516841662,2026-05-03 22:50:52,I,01,영업,1.65,,,,,,,,,2025-04-28 13:08:22,2025-01-22,1.65,135-823,서울특별시 강남구 논현동 127-11 참존빌딩,N,,3220000-113-2025-00080,,3220000,"서울특별시 강남구 학동로24길 20, 참존빌딩 402호 a462호 (논현동)",06112,01,영업/정상,유통전문판매업,,,,
,자가,(주)엠에이유엠플러스,유통전문판매업,,205026.12335825,446479.893605702,2026-05-03 22:50:52,I,01,영업,23.68,,,,,,,,,2025-04-29 14:49:10,2025-04-29,23.68,135-958,서울특별시 강남구 청담동 133-3 화천회관빌딩,N,,3220000-113-2025-00081,,3220000,"서울특별시 강남구 영동대로 702, 화천회관빌딩 지하1층 (청담동)",06075,01,영업/정상,유통전문판매업,02-541-0601,,,
,자가,씨워너,유통전문판매업,,203253.726246178,443777.360830763,2026-05-03 22:50:52,I,01,영업,0,,,,,,,,,2025-04-29 14:51:53,2025-04-29,3.00,135-925,서울특별시 강남구 역삼동 747-9 역삼동 수양빌딩,N,,3220000-113-2025-00082,,3220000,"서울특별시 강남구 논현로75길 15, 역삼동 수양빌딩 5층 501호 (역삼동)",06247,01,영업/정상,유통전문판매업,070-7954-8562,,,
,자가,주식회사 진생식품,유통전문판매업,,202935.791122385,443254.762706514,2026-05-03 22:50:52,I,01,영업,0,,,,,,,,,2025-04-29 16:01:43,2025-04-08,83.13,135-937,서울특별시 강남구 역삼동 836-40,N,,3220000-113-2025-00083,,3220000,"서울특별시 강남구 강남대로62길 31-8, 5층 (역삼동)",06254,01,영업/정상,유통전문판매업,,,,
,자가,토스티 워터,유통전문판매업,,205271.275273064,445852.638814088,2026-05-03 22:50:52,I,01,영업,0,,,,,,,,,2025-04-29 16:14:36,2025-04-29,1.65,135-873,서울특별시 강남구 삼성동 107 삼성동 미켈란 107,N,,3220000-113-2025-00084,,3220000,"서울특별시 강남구 영동대로 602, 6층 z176호 (삼성동, 삼성동 미켈란 107)",06083,01,영업/정상,유통전문판매업,,,,
,자가,(주)에스앤제이코어,유통전문판매업,,205398.199428017,445702.416889962,2026-05-03 22:50:52,I,01,영업,159.28,,,,,,,,,2025-04-29 17:09:12,2025-04-29,159.28,135-881,서울특별시 강남구 삼성동 160-22 S&J 빌딩,N,,3220000-113-2025-00085,,3220000,"서울특별시 강남구 영동대로106길 9, S&J 빌딩 3층 (삼성동)",06170,01,영업/정상,유통전문판매업,02-6204-3613,,,
,자가,(주)메디커넥트,유통전문판매업,,204639.090092973,444728.353701831,2026-05-03 22:50:52,I,01,영업,3.3,,,,,,,,,2025-04-30 11:58:31,2025-04-30,3.30,135-839,서울특별시 강남구 대치동 890-60 H 타워,N,,3220000-113-2025-00086,,3220000,"서울특별시 강남구 테헤란로70길 12, H 타워 402-A 1702호 (대치동)",06193,01,영업/정상,유통전문판매업,070-4138-0176,,,
,자가,주식회사 제이디아이컴퍼니,유통전문판매업,,204842.620168646,445010.636361278,2026-05-03 22:50:52,I,01,영업,1.65,,,,,,,,,2025-05-01 10:06:55,2025-05-01,1.65,135-877,서울특별시 강남구 삼성동 144-19 제이에스타워,N,,3220000-113-2025-00087,,3220000,"서울특별시 강남구 테헤란로79길 6, 제이에스타워 지상3층 브이1305호 (삼성동)",06158,01,영업/정상,유통전문판매업,,,,
,자가,주식회사 컨텍스트디,유통전문판매업,,203213.575,445853.265,2026-05-03 22:50:52,I,01,영업,25,,,,,,,,,2025-05-02 12:07:54,2025-05-02,25.00,135-832,서울특별시 강남구 논현동 246-18 호연빌딩,N,,3220000-113-2025-00088,,3220000,"서울특별시 강남구 학동로44길 14, 호연빌딩 지상1층 201호 (논현동, 호연빌딩)",06098,01,영업/정상,유통전문판매업,,,,
,자가,페르웰,유통전문판매업,2026-03-12,209253.71833848,441349.165858561,2026-05-03 22:50:45,I,02,폐업,29.49,0,0,0,,,,0,,2026-03-12 14:46:30,2024-04-18,29.49,135-200,서울특별시 강남구 자곡동 662 강남 지웰홈스,N,,3220000-113-2024-00078,,3220000,"서울특별시 강남구 자곡로 204-5, 강남 지웰홈스 A동 7층 709호 (자곡동)",06373,03,폐업,유통전문판매업,,,,
,자가,주식회사 오라라인터내셔널,유통전문판매업,,202177.875794229,446647.63598541,2026-05-03 22:50:45,I,01,영업,117,,,,,,,,,2025-12-31 13:50:56,2024-04-19,117.00,135-890,서울특별시 강남구 신사동 553-22 브릴리언트빌딩,N,,3220000-113-2024-00079,,3220000,"서울특별시 강남구 논현로157길 32, 브릴리언트빌딩 3층 302호 (신사동)",06033,01,영업/정상,유통전문판매업,,,,
,자가,주식회사 우아한생활바이오,유통전문판매업,,201757.105695785,445748.245178254,2026-05-03 22:50:45,I,01,영업,12.61,,,,,,,,,2024-04-29 14:34:27,2024-04-29,12.61,135-813,서울특별시 강남구 논현동 18-4 성일빌딩,N,,3220000-113-2024-00081,,3220000,"서울특별시 강남구 강남대로 584, 성일빌딩 6층 651호 (논현동)",06043,01,영업/정상,유통전문판매업,,,,
,자가,레몬트리엔코,유통전문판매업,,202429.553277511,444261.087449333,2026-05-03 22:50:45,I,01,영업,4,,,,,,,,,2024-04-30 14:07:05,2024-04-30,4.00,135-931,서울특별시 강남구 역삼동 817-29,N,,3220000-113-2024-00082,,3220000,"서울특별시 강남구 테헤란로1길 28-11, 4층 4017호 (역삼동)",06129,01,영업/정상,유통전문판매업,,,,
,자가,(주)트윈클굿즈,유통전문판매업,,203607.068430001,445315.578728921,2026-05-03 22:50:45,I,01,영업,4,0,0,0,,,,0,,2024-05-01 10:33:29,2024-05-01,4.00,135-529,서울특별시 강남구 논현동 277-20 아모제논현빌딩,N,,3220000-113-2024-00083,,3220000,"서울특별시 강남구 봉은사로 317, 아모제논현빌딩 지상3층 3187호 (논현동)",06103,01,영업/정상,유통전문판매업,,,,
,자가,더플레이스바이,유통전문판매업,,201705.954107722,446604.082059021,2026-05-03 22:50:45,I,01,영업,83.17,,,,,,,,,2025-08-19 10:03:57,2024-05-02,83.17,135-888,서울특별시 강남구 신사동 526-17,N,,3220000-113-2024-00084,,3220000,"서울특별시 강남구 압구정로4길 14-2, 4층 (신사동)",06027,01,영업/정상,유통전문판매업,070-7576-1746,,,
,자가,델시,유통전문판매업,,204245.179769691,445530.481746841,2026-05-03 22:50:45,I,01,영업,147.02,,,,,,,,,2024-12-13 09:31:07,2024-05-03,147.02,135-868,서울특별시 강남구 삼성동 44-17 BAMBU TOWER,N,,3220000-113-2024-00085,,3220000,"서울특별시 강남구 봉은사로 449, BAMBU TOWER 12층 (삼성동)",06097,01,영업/정상,유통전문판매업,,,,
,자가,에이엘디컴퍼니 주식회사,유통전문판매업,,205271.275273064,445852.638814088,2026-05-03 22:50:45,I,01,영업,1.65,,,,,,,,,2024-05-08 15:52:06,2024-05-08,1.65,135-873,서울특별시 강남구 삼성동 107 삼성동 미켈란 107,N,,3220000-113-2024-00086,,3220000,"서울특별시 강남구 영동대로 602, 6층 C202호 (삼성동, 삼성동 미켈란 107)",06083,01,영업/정상,유통전문판매업,,,,
,자가,나프라우드,유통전문판매업,,202775.382426205,443578.694621922,2026-05-03 22:50:45,I,01,영업,89.57,0,0,0,,,,0,,2025-07-25 12:06:30,2024-05-09,89.57,135-936,서울특별시 강남구 역삼동 830-19 CENTRE-19,N,,3220000-113-2024-00087,,3220000,"서울특별시 강남구 역삼로5길 9, CENTRE-19 3층 (역삼동)",06243,01,영업/정상,유통전문판매업,,,,
,,(주)앤앤더블유커뮤니케이션,유통전문판매업,,204530.403222434,445546.967374528,2026-05-03 22:50:45,I,01,영업,108.28,,,,,,,,,2024-10-25 16:39:19,2024-05-09,108.28,135-509,서울특별시 강남구 삼성동 117-6,N,,3220000-113-2024-00088,,3220000,"서울특별시 강남구 봉은사로74길 7-7, 2층 (삼성동)",06154,01,영업/정상,유통전문판매업,02-6487-8886,,,
,자가,(주)에이에이씨헬스케어,유통전문판매업,,204241.165946906,446444.407429826,2026-05-03 22:50:45,I,01,영업,93.05,,,,,,,,,2025-03-26 15:30:17,2024-05-10,93.05,135-950,서울특별시 강남구 청담동 31-18,N,,3220000-113-2024-00090,,3220000,"서울특별시 강남구 학동로77길 24, 6층 (청담동)",06067,01,영업/정상,유통전문판매업,,,,
,임대,홀드에이지,유통전문판매업,,202724.214297488,445894.305854116,2026-05-03 22:50:45,I,01,영업,2,,,,,,,,,2024-05-10 14:10:32,2024-05-10,2.00,135-818,서울특별시 강남구 논현동 86-5,N,,3220000-113-2024-00091,,3220000,"서울특별시 강남구 논현로132길 13, 4층 4695호 (논현동)",06052,01,영업/정상,유통전문판매업,,,,
,자가,미노,유통전문판매업,,205321.843255713,444292.411805979,2026-05-03 22:50:45,I,01,영업,33,,,,,,,,,2024-05-13 09:55:33,2024-05-13,33.00,135-850,서울특별시 강남구 대치동 974 대치현대아파트,N,,3220000-113-2024-00092,,3220000,"서울특별시 강남구 삼성로64길 5, 상가동 지하1층 B101호 (대치동, 대치현대아파트)",06191,01,영업/정상,유통전문판매업,,,,
,자가,(주)두겟,유통전문판매업,,203473.925098875,446939.225244374,2026-05-03 22:50:45,I,01,영업,10,,,,,,,,,2024-05-13 17:26:16,2024-05-13,10.00,135-954,서울특별시 강남구 청담동 85-4 디자이너 크럽,N,,3220000-113-2024-00093,,3220000,"서울특별시 강남구 선릉로 818, 디자이너 크럽 4층 108호 (청담동)",06014,01,영업/정상,유통전문판매업,,,,
,자가,위글위글 집 도산,유통전문판매업,,203136.96963329,447094.698818509,2026-05-03 22:50:45,I,01,영업,118.74,0,0,0,,,,0,,2025-06-11 09:33:24,2024-05-14,118.74,135-896,서울특별시 강남구 신사동 642-24,N,,3220000-113-2024-00094,,3220000,"서울특별시 강남구 언주로168길 31, 지상1층 (신사동)",06017,01,영업/정상,유통전문판매업,02-6959-2051,,,
,임대,웰라핏,유통전문판매업,,202724.214297488,445894.305854116,2026-05-03 22:50:45,I,01,영업,2,,,,,,,,,2024-05-16 13:00:44,2024-05-16,2.00,135-818,서울특별시 강남구 논현동 86-5,N,,3220000-113-2024-00095,,3220000,"서울특별시 강남구 논현로132길 13, 4층 4680호 (논현동)",06052,01,영업/정상,유통전문판매업,,,,
,자가,주식회사 블렌디크,유통전문판매업,,205033.011281068,446418.580759378,2026-05-03 22:50:45,I,01,영업,0,0,0,0,,,,0,,2024-11-26 16:11:30,2024-05-16,286.78,135-871,서울특별시 강남구 삼성동 78 삼안빌딩,N,,3220000-113-2024-00096,,3220000,"서울특별시 강남구 영동대로 648, 삼안빌딩 7층 (삼성동)",06078,01,영업/정상,유통전문판매업,,,,
,자가,한국꽃차협동조합,유통전문판매업,,207145.375975717,443544.507397894,2026-05-03 22:50:45,I,01,영업,30,,,,,,,,,2024-05-16 16:55:01,2024-05-16,30.00,135-943,서울특별시 강남구 일원동 619-1 현대빌딩,N,,3220000-113-2024-00097,,3220000,"서울특별시 강남구 개포로 628, 현대빌딩 6층 603호 (일원동)",06338,01,영업/정상,유통전문판매업,,,,
,자가,(주)얼리버드프렌즈,유통전문판매업,,203253.726246178,443777.360830763,2026-05-03 22:50:52,I,01,영업,3,,,,,,,,,2025-05-07 14:42:41,2025-02-24,3.00,135-925,서울특별시 강남구 역삼동 747-9 역삼동 수양빌딩,N,,3220000-113-2025-00089,,3220000,"서울특별시 강남구 논현로75길 15, 역삼동 수양빌딩 5층 501호 (역삼동)",06247,01,영업/정상,유통전문판매업,,,,
,자가,에이피309,유통전문판매업,,205271.275273064,445852.638814088,2026-05-03 22:50:52,I,01,영업,1.65,,,,,,,,,2025-05-08 09:41:48,2025-05-08,1.65,135-873,서울특별시 강남구 삼성동 107 삼성동 미켈란 107,N,,3220000-113-2025-00090,,3220000,"서울특별시 강남구 영동대로 602, 6층 z262호 (삼성동, 삼성동 미켈란 107)",06083,01,영업/정상,유통전문판매업,,,,
,자가,주식회사 포컴퍼니,유통전문판매업,,203578.231981479,444914.190156501,2026-05-03 22:50:52,I,01,영업,473.55,,,,,,,,,2025-05-08 11:23:54,2025-05-08,473.55,135-917,서울특별시 강남구 역삼동 689-4 대웅빌딩,N,,3220000-113-2025-00091,,3220000,"서울특별시 강남구 언주로 538, 대웅빌딩 지상5층 501호 (역삼동)",06147,01,영업/정상,유통전문판매업,070-4610-6891,,,
,자가,(주)아르뜨뷰티메디컬그룹,유통전문판매업,,201729.055,445983.52,2026-05-03 22:50:52,I,01,영업,10,,,,,,,,,2025-05-09 14:51:06,2025-05-09,10.00,135-811,서울특별시 강남구 논현동 1-1 1st Avenue,N,,3220000-113-2025-00092,,3220000,"서울특별시 강남구 도산대로 104, 1st Avenue 15층 1호 (논현동)",06038,01,영업/정상,유통전문판매업,,,,
,자가,디에이치엑스컴퍼니,유통전문판매업,,205611.579905873,445395.50794402,2026-05-03 22:50:52,I,01,영업,490.56,,,,,,,,,2025-05-13 14:24:53,2025-05-13,490.56,135-882,서울특별시 강남구 삼성동 169 대화빌딩,N,,3220000-113-2025-00093,,3220000,"서울특별시 강남구 영동대로96길 20, 대화빌딩 7층 (삼성동)",06173,01,영업/정상,유통전문판매업,02-2106-5417,,,
,자가,에이치,유통전문판매업,,203253.726246178,443777.360830763,2026-05-03 22:50:52,I,01,영업,3,,,,,,,,,2025-05-14 15:54:27,2025-05-14,3.00,135-925,서울특별시 강남구 역삼동 747-9 역삼동 수양빌딩,N,,3220000-113-2025-00094,,3220000,"서울특별시 강남구 논현로75길 15, 역삼동 수양빌딩 5층 501호 (역삼동)",06247,01,영업/정상,유통전문판매업,,,,
,자가,주식회사 인에스티,유통전문판매업,,203805.402040058,444420.936778414,2026-05-03 22:50:52,I,01,영업,3.96,,,,,,,,,2025-05-16 10:39:43,2025-05-16,3.96,135-918,서울특별시 강남구 역삼동 706-15 성보빌딩Ⅱ,N,,3220000-113-2025-00095,,3220000,"서울특별시 강남구 언주로 432-6, 성보빌딩Ⅱ 4층 001호 (역삼동)",06210,01,영업/정상,유통전문판매업,,,,
,자가,피에스피에스(PSPS),유통전문판매업,,202242.709169912,444925.958348559,2026-05-03 22:50:52,I,01,영업,22,,,,,,,,,2025-05-22 10:16:37,2025-05-22,22.00,135-827,서울특별시 강남구 논현동 184-13,N,,3220000-113-2025-00096,,3220000,"서울특별시 강남구 강남대로116길 26, 지상2층 203호 (논현동)",06120,01,영업/정상,유통전문판매업,,,,
,자가,엠비즈원,유통전문판매업,,203588.048190661,446183.368328818,2026-05-03 22:50:52,I,01,영업,4.95,,,,,,,,,2025-05-22 11:39:57,2025-05-22,4.95,135-764,서울특별시 강남구 청담동 41 청담빌딩,N,,3220000-113-2025-00097,,3220000,"서울특별시 강남구 선릉로 704, 청담빌딩 10층 555호 (청담동)",06069,01,영업/정상,유통전문판매업,,,,
,자가,임정은 연잎밥,유통전문판매업,,204105.787998651,444937.438374587,2026-05-03 22:50:52,I,01,영업,0,,,,,,,,,2025-05-22 15:23:36,2025-05-22,4.00,135-917,서울특별시 강남구 역삼동 696-28,N,,3220000-113-2025-00098,,3220000,"서울특별시 강남구 선릉로 529, 5층 5220호 (역삼동)",06149,01,영업/정상,유통전문판매업,02-1660-4883,,,
,자가,엠필,유통전문판매업,,201935.406805544,445540.511117372,2026-05-03 22:50:52,I,01,영업,0,,,,,,,,,2025-05-23 14:47:29,2025-05-23,126.52,135-814,서울특별시 강남구 논현동 52-1 환윤빌딩,N,,3220000-113-2025-00099,,3220000,"서울특별시 강남구 학동로3길 8, 환윤빌딩 4층 (논현동)",06044,01,영업/정상,유통전문판매업,02-549-2024,,,
,자가,헤르메딕스,유통전문판매업,,203004.766681742,445822.606853521,2026-05-03 22:50:52,I,01,영업,0,,,,,,,,,2025-05-26 17:00:46,2025-05-26,3.30,135-996,서울특별시 강남구 논현동 210-3 SH빌딩,N,,3220000-113-2025-00100,,3220000,"서울특별시 강남구 언주로129길 6, SH빌딩 5층 502-83호 (논현동)",06104,01,영업/정상,유통전문판매업,,,,
,자가,메디에이징,유통전문판매업,,203004.766681742,445822.606853521,2026-05-03 22:50:52,I,01,영업,0,,,,,,,,,2025-05-26 17:16:02,2025-05-26,3.30,135-996,서울특별시 강남구 논현동 210-3 SH빌딩,N,,3220000-113-2025-00101,,3220000,"서울특별시 강남구 언주로129길 6, SH빌딩 5층 502-81호 (논현동)",06104,01,영업/정상,유통전문판매업,,,,
,자가,캡슐베지터블스토어,유통전문판매업,,204792.406558748,446320.399887078,2026-05-03 22:50:52,I,01,영업,80,,,,,,,,,2025-05-27 09:59:24,2025-05-27,80.00,135-870,서울특별시 강남구 삼성동 57-9 현대삼성동1차아파트,N,,3220000-113-2025-00102,,3220000,"서울특별시 강남구 삼성로120길 52-5, 2층 201호 (삼성동, 현대삼성동1차아파트)",06085,01,영업/정상,유통전문판매업,,,,
,자가,(주)한독헬스케어,유통전문판매업,,202852.091533547,444118.060464957,2026-05-03 22:50:52,I,01,영업,0,,,,,,,,,2025-05-27 11:08:03,2025-05-27,133.50,135-755,서울특별시 강남구 역삼동 735 한독약품빌딩,N,,3220000-113-2025-00103,,3220000,"서울특별시 강남구 테헤란로 132, 한독약품빌딩 4층 (역삼동)",06235,01,영업/정상,유통전문판매업,02-527-5114,,,
,자가,오투사이언스 주식회사,유통전문판매업,,204715.145338271,444672.590689929,2026-05-03 22:50:52,I,01,영업,6.6,,,,,,,,,2025-05-27 11:08:39,2025-05-27,6.60,135-840,서울특별시 강남구 대치동 895-1 가리온,N,,3220000-113-2025-00104,,3220000,"서울특별시 강남구 삼성로85길 39, 가리온 지상3층 이304호 (대치동)",06196,01,영업/정상,유통전문판매업,,,,
,자가,우잇(wooeat),유통전문판매업,,202350.465252606,445166.071957185,2026-05-03 22:50:52,I,01,영업,54.74,,,,,,,,,2025-05-27 11:21:10,2025-03-10,54.74,135-824,서울특별시 강남구 논현동 169-5,N,,3220000-113-2025-00105,,3220000,"서울특별시 강남구 봉은사로21길 57-18, 4층 (논현동)",06115,01,영업/정상,유통전문판매업,,,,
,자가,바디마인드라이프,유통전문판매업,,203372.840590865,443340.286878555,2026-05-03 22:50:52,I,01,영업,0,,,,,,,,,2025-05-27 15:35:44,2025-05-27,3.30,135-930,서울특별시 강남구 역삼동 799-18,N,,3220000-113-2025-00106,,3220000,"서울특별시 강남구 논현로63길 25, 3층 301호 (역삼동)",06256,01,영업/정상,유통전문판매업,,,,
,자가,주식회사 디티엘코리아,유통전문판매업,,205271.275273064,445852.638814088,2026-05-03 22:50:45,I,01,영업,1.65,,,,,,,,,2024-05-17 14:48:56,2024-05-17,1.65,135-873,서울특별시 강남구 삼성동 107 삼성동 미켈란 107,N,,3220000-113-2024-00098,,3220000,"서울특별시 강남구 영동대로 602, 6층 P76호 (삼성동, 삼성동 미켈란 107)",06083,01,영업/정상,유통전문판매업,,,,
,,다가가다,유통전문판매업,,208882.377353339,439796.044686133,2026-05-03 22:50:45,I,01,영업,0,,,,,,,,,2024-05-21 09:46:39,2024-05-21,,135-190,서울특별시 강남구 세곡동 525 강남데시앙파크,N,,3220000-113-2024-00099,,3220000,"서울특별시 강남구 헌릉로590길 63, 505동 603호 (세곡동, 강남데시앙파크)",06366,01,영업/정상,유통전문판매업,,,,
,자가,주식회사 뉴픽,유통전문판매업,,202893.18129854,443608.942953003,2026-05-03 22:50:45,I,01,영업,142.66,0,0,0,,,,0,,2024-10-04 14:40:41,2024-05-28,142.66,135-925,서울특별시 강남구 역삼동 752-49 명화빌딩,N,,3220000-113-2024-00101,,3220000,"서울특별시 강남구 역삼로9길 9, 명화빌딩 지하1층 (역삼동)",06244,01,영업/정상,유통전문판매업,,,,
,자가,주식회사 소프레시,유통전문판매업,,204842.620168646,445010.636361278,2026-05-03 22:50:45,I,01,영업,1.65,,,,,,,,,2024-05-28 15:25:07,2024-05-28,1.65,135-877,서울특별시 강남구 삼성동 144-19 제이에스타워,N,,3220000-113-2024-00102,,3220000,"서울특별시 강남구 테헤란로79길 6, 제이에스타워 지상3층 브이1321호 (삼성동)",06158,01,영업/정상,유통전문판매업,,,,
,임대,헬로레이지,유통전문판매업,,202993.437818281,447400.303560123,2026-05-03 22:50:45,I,01,영업,1.65,,,,,,,,,2024-05-29 15:19:20,2024-05-29,1.65,135-896,서울특별시 강남구 신사동 638-2,N,,3220000-113-2024-00103,,3220000,"서울특별시 강남구 압구정로 306, 지하1층 4-13호 (신사동)",06017,01,영업/정상,유통전문판매업,,,,
,자가,주식회사 데이즈,유통전문판매업,,203702.477207367,445271.241490281,2026-05-03 22:50:45,I,01,영업,5.5,,,,,,,,,2024-07-25 16:09:52,2024-05-29,5.50,135-916,서울특별시 강남구 역삼동 682 남전빌딩,N,,3220000-113-2024-00104,,3220000,"서울특별시 강남구 봉은사로 326, 남전빌딩 8층 868호 (역삼동)",06143,01,영업/정상,유통전문판매업,,,,
,자가,티하우스 청담,유통전문판매업,,204765.756433985,446302.919616543,2026-05-03 22:50:45,I,01,영업,3.3,,,,,,,,,2024-06-04 14:46:33,2024-06-04,3.30,135-870,서울특별시 강남구 삼성동 57-11 하랑빌딩,N,,3220000-113-2024-00105,,3220000,"서울특별시 강남구 삼성로120길 52-1, 하랑빌딩 지상1층 (삼성동)",06085,01,영업/정상,유통전문판매업,,,,
,자가,더노벨바이오컴퍼니,유통전문판매업,,204829.390807866,446875.023189828,2026-05-03 22:50:45,I,01,영업,11.68,,,,,,,,,2024-12-10 15:27:38,2024-06-05,11.68,135-957,서울특별시 강남구 청담동 130-9 현대 오피스텔,N,,3220000-113-2024-00107,,3220000,"서울특별시 강남구 영동대로 738, 현대 오피스텔 5층 515호 (청담동)",06075,01,영업/정상,유통전문판매업,070-7814-1788,,,
,자가,주식회사 더청담,유통전문판매업,,203300.715916038,446789.650787302,2026-05-03 22:50:45,I,01,영업,17.15,,,,,,,,,2024-06-07 10:36:59,2024-06-07,17.15,135-897,서울특별시 강남구 신사동 652-14,N,,3220000-113-2024-00109,,3220000,"서울특별시 강남구 도산대로 331, 5층 (신사동)",06019,01,영업/정상,유통전문판매업,070-8667-3179,,,
,임대,주식회사 파치노,유통전문판매업,,201819.330871901,446515.066300685,2026-05-03 22:50:45,I,01,영업,3.3,,,,,,,,,2024-06-07 16:19:12,2024-06-07,3.30,135-888,서울특별시 강남구 신사동 523-18,N,,3220000-113-2024-00110,,3220000,"서울특별시 강남구 강남대로162길 37, 지상1층 (신사동)",06028,01,영업/정상,유통전문판매업,,,,
,임대,(주)유스,유통전문판매업,,201887.52207232,446430.26744186,2026-05-03 22:50:45,I,01,영업,73,,,,,,,,,2024-06-12 17:32:30,2024-06-12,73.00,135-888,서울특별시 강남구 신사동 519-17,N,,3220000-113-2024-00113,,3220000,"서울특별시 강남구 강남대로158길 45, 지상3층 301호 (신사동)",06034,01,영업/정상,유통전문판매업,02-6203-3007,,,
,자가,에스피엔비티 주식회사,유통전문판매업,,201716.685551826,446198.26983211,2026-05-03 22:50:45,I,01,영업,4.95,,,,,,,,,2024-06-14 14:10:03,2024-06-14,4.95,135-887,서울특별시 강남구 신사동 511-1 다복빌딩,N,,3220000-113-2024-00115,,3220000,"서울특별시 강남구 강남대로156길 12, 다복빌딩 지상4층 에이422호 (신사동)",06035,01,영업/정상,유통전문판매업,,,,
,자가,(주)에이치투글로벌컴퍼니,유통전문판매업,,203417.97856298,444244.603204385,2026-05-03 22:50:45,I,01,영업,66,0,0,0,,,,0,,2024-06-19 16:32:29,2024-06-19,66.00,135-920,서울특별시 강남구 역삼동 718-34,N,,3220000-113-2024-00116,,3220000,"서울특별시 강남구 논현로86길 25, 3층 302호 (역삼동)",06220,01,영업/정상,유통전문판매업,,,,
,자가,두잇플래닛,유통전문판매업,,204829.390807866,446875.023189828,2026-05-03 22:50:45,I,01,영업,25.2,0,0,0,,,,0,,2024-06-20 17:00:37,2024-06-20,25.20,135-957,서울특별시 강남구 청담동 130-9 현대 오피스텔,N,,3220000-113-2024-00117,,3220000,"서울특별시 강남구 영동대로 738, 현대 오피스텔 6층 611호 (청담동)",06075,01,영업/정상,유통전문판매업,,,,
,자가,주식회사 티컬렉티브,유통전문판매업,,203213.845649652,443968.354266375,2026-05-03 22:50:45,I,01,영업,229.04,0,0,0,,,,0,,2024-06-21 10:06:53,2024-06-21,229.04,135-924,서울특별시 강남구 역삼동 738-40,N,,3220000-113-2024-00118,,3220000,"서울특별시 강남구 논현로81길 11, 지상1층 (역삼동)",06237,01,영업/정상,유통전문판매업,02-556-1125,,,
,자가,백설왕자,유통전문판매업,,203571.472504528,445891.298938452,2026-05-03 22:50:45,I,01,영업,1,,,,,,,,,2024-06-26 17:19:31,2024-06-26,1.00,135-830,서울특별시 강남구 논현동 242-45 논현 더라움,N,,3220000-113-2024-00120,,3220000,"서울특별시 강남구 선릉로127길 5-6, 지상2층 203호 중 2171호 (논현동, 논현 더라움)",06099,01,영업/정상,유통전문판매업,,,,
,자가,크리머리 리테일(Kreamery Retail),유통전문판매업,,204244.834286985,442996.108945095,2026-05-03 22:50:52,I,01,영업,59.82,,,,,,,,,2025-05-27 17:29:00,2025-05-27,59.82,135-504,서울특별시 강남구 도곡동 966 매봉삼성아파트,N,,3220000-113-2025-00108,,3220000,"서울특별시 강남구 언주로 203, 101동 406호 (도곡동, 매봉삼성아파트)",06274,01,영업/정상,유통전문판매업,,,,
,자가,주식회사 코리앤코,유통전문판매업,,204639.090092973,444728.353701831,2026-05-03 22:50:52,I,01,영업,0,0,0,0,,,,0,,2025-05-28 14:31:02,2025-05-28,3.30,135-839,서울특별시 강남구 대치동 890-60 H 타워,N,,3220000-113-2025-00109,,3220000,"서울특별시 강남구 테헤란로70길 12, H 타워 402-제이542호 (대치동)",06193,01,영업/정상,유통전문판매업,,,,
,자가,주식회사 위스팟,유통전문판매업,,202161.020617773,444633.499865115,2026-05-03 22:50:53,I,01,영업,0,,,,,,,,,2025-05-28 17:46:46,2025-05-28,38.00,135-931,서울특별시 강남구 역삼동 809 비제바노,N,,3220000-113-2025-00110,,3220000,"서울특별시 강남구 강남대로 464, 비제바노 4층 416호 (역삼동)",06123,01,영업/정상,유통전문판매업,070-8800-1337,,,
,자가,홀블렌딩,유통전문판매업,,203473.925098875,446939.225244374,2026-05-03 22:50:53,I,01,영업,7.76,,,,,,,,,2025-05-29 11:53:08,2025-05-29,7.76,135-954,서울특별시 강남구 청담동 85-4 디자이너 크럽,N,,3220000-113-2025-00111,,3220000,"서울특별시 강남구 선릉로 818, 디자이너 크럽 지상5층 132호 (청담동)",06014,01,영업/정상,유통전문판매업,070-7612-8897,,,
,자가,알렉산더 커피,유통전문판매업,,202621.737502216,443605.981492176,2026-05-03 22:50:53,I,01,영업,0,,,,,,,,,2025-05-30 11:17:43,2025-05-30,3.30,135-936,서울특별시 강남구 역삼동 831-31,N,,3220000-113-2025-00113,,3220000,"서울특별시 강남구 역삼로1길 20, 1층 (역삼동)",06242,01,영업/정상,유통전문판매업,,,,
,자가,주식회사 인헤이즈,유통전문판매업,,204776.5482642,444677.642984538,2026-05-03 22:50:53,I,01,영업,0,,,,,,,,,2025-05-30 14:19:15,2025-05-30,3.30,135-840,서울특별시 강남구 대치동 894,N,,3220000-113-2025-00114,,3220000,"서울특별시 강남구 삼성로85길 33, 지하1층 B04-A9호 (대치동)",06196,01,영업/정상,유통전문판매업,070-8800-4280,,,
,자가,나루,유통전문판매업,,203148.09005584,446757.371615714,2026-05-03 22:50:53,I,01,영업,38.97,,,,,,,,,2025-06-02 17:27:03,2025-06-02,38.97,135-897,서울특별시 강남구 신사동 651-6,N,,3220000-113-2025-00115,,3220000,"서울특별시 강남구 도산대로45길 8-7, 3층 302호 (신사동)",06021,01,영업/정상,유통전문판매업,,,,
,자가,주식회사 마이사라,유통전문판매업,,203253.726246178,443777.360830763,2026-05-03 22:50:53,I,01,영업,0,,,,,,,,,2025-06-04 17:57:35,2025-06-04,3.00,135-925,서울특별시 강남구 역삼동 747-9 역삼동 수양빌딩,N,,3220000-113-2025-00116,,3220000,"서울특별시 강남구 논현로75길 15, 역삼동 수양빌딩 5층 501호 242196호 (역삼동)",06247,01,영업/정상,유통전문판매업,,,,
,자가,제이우 코퍼레이션,유통전문판매업,,205271.275273064,445852.638814088,2026-05-03 22:50:53,I,01,영업,1.65,,,,,,,,,2025-06-05 13:32:26,2025-06-05,1.65,135-873,서울특별시 강남구 삼성동 107 삼성동 미켈란 107,N,,3220000-113-2025-00117,,3220000,"서울특별시 강남구 영동대로 602, 6층 V20호 (삼성동, 삼성동 미켈란 107)",06083,01,영업/정상,유통전문판매업,,,,
,자가,(주)그린레몬,유통전문판매업,,205271.275273064,445852.638814088,2026-05-03 22:50:53,I,01,영업,0,,,,,,,,,2025-06-05 14:05:19,2025-06-05,1.65,135-873,서울특별시 강남구 삼성동 107 삼성동 미켈란 107,N,,3220000-113-2025-00118,,3220000,"서울특별시 강남구 영동대로 602, 6층 T259호 (삼성동, 삼성동 미켈란 107)",06083,01,영업/정상,유통전문판매업,,,,
,자가,헬프유어셀프(helpyourself),유통전문판매업,,204450.364244717,446256.587947581,2026-05-03 22:50:53,I,01,영업,30,,,,,,,,,2025-06-10 17:12:29,2025-06-10,30.00,135-869,서울특별시 강남구 삼성동 52-9 삼성리치빌,N,,3220000-113-2025-00119,,3220000,"서울특별시 강남구 학동로82길 6, 지상1층 110호 (삼성동, 삼성리치빌)",06084,01,영업/정상,유통전문판매업,,,,
,자가,로지트코리아,유통전문판매업,,202782.933391,444300.987508642,2026-05-03 22:50:53,I,01,영업,119.51,,,,,,,,,2025-06-11 11:24:01,2025-06-11,119.51,135-909,서울특별시 강남구 역삼동 637-18 우진빌딩,N,,3220000-113-2025-00120,,3220000,"서울특별시 강남구 테헤란로13길 18, 우진빌딩 4층 (역삼동)",06131,01,영업/정상,유통전문판매업,,,,
,자가,로칼커피,유통전문판매업,,203255.453659317,446127.166333858,2026-05-03 22:50:53,I,01,영업,6.6,,,,,,,,,2025-06-11 13:34:45,2025-06-11,6.60,135-821,서울특별시 강남구 논현동 113-1,N,,3220000-113-2025-00121,,3220000,"서울특별시 강남구 학동로43길 18, 1층 (논현동)",06059,01,영업/정상,유통전문판매업,,,,
,자가,올디어랩,유통전문판매업,,205271.275273064,445852.638814088,2026-05-03 22:50:53,I,01,영업,1.65,,,,,,,,,2025-06-12 10:52:51,2025-06-12,1.65,135-873,서울특별시 강남구 삼성동 107 삼성동 미켈란 107,N,,3220000-113-2025-00122,,3220000,"서울특별시 강남구 영동대로 602, 6층 602-T216호 (삼성동, 삼성동 미켈란 107)",06083,01,영업/정상,유통전문판매업,,,,
,자가,주)스와로브스키코리아,유통전문판매업,,203109.493889863,447020.805108648,2026-05-03 22:50:53,I,01,영업,0,0,0,0,,,,0,,2026-01-13 16:20:35,2025-06-12,23.18,135-896,서울특별시 강남구 신사동 647,N,,3220000-113-2025-00123,,3220000,"서울특별시 강남구 언주로164길 30, 3층 (신사동)",06020,01,영업/정상,유통전문판매업,,,,
,자가,에이이엘 주식회사,유통전문판매업,,204776.5482642,444677.642984538,2026-05-03 22:50:53,I,01,영업,0,,,,,,,,,2025-09-05 13:57:00,2025-06-13,3.30,135-840,서울특별시 강남구 대치동 894,N,,3220000-113-2025-00125,,3220000,"서울특별시 강남구 삼성로85길 33, 지하1층 B04-에이52호 (대치동)",06196,01,영업/정상,유통전문판매업,,,,
,자가,(주)세인트마린,유통전문판매업,,205271.275273064,445852.638814088,2026-05-03 22:50:45,I,01,영업,1.65,,,,,,,,,2024-07-01 09:52:04,2024-07-01,1.65,135-873,서울특별시 강남구 삼성동 107 삼성동 미켈란 107,N,,3220000-113-2024-00121,,3220000,"서울특별시 강남구 영동대로 602, 지상6층 티241호 (삼성동, 삼성동 미켈란 107)",06083,01,영업/정상,유통전문판매업,,,,
,자가,아리야미( Ari Yummi),유통전문판매업,,205271.275273064,445852.638814088,2026-05-03 22:50:45,I,01,영업,1.65,,,,,,,,,2024-07-01 15:47:23,2024-07-01,1.65,135-873,서울특별시 강남구 삼성동 107 삼성동 미켈란 107,N,,3220000-113-2024-00122,,3220000,"서울특별시 강남구 영동대로 602, 6층 t322호 (삼성동, 삼성동 미켈란 107)",06083,01,영업/정상,유통전문판매업,,,,
,자가,에센셜,유통전문판매업,,202477.340987416,444696.563797787,2026-05-03 22:50:45,I,01,영업,287.64,,,,,,,,,2025-03-17 16:41:52,2024-07-01,287.64,135-907,서울특별시 강남구 역삼동 615-33,N,,3220000-113-2024-00123,,3220000,"서울특별시 강남구 봉은사로16길 32, 비1층 (역삼동)",06124,01,영업/정상,유통전문판매업,02-6404-3344,,,
,자가,해피메이커,유통전문판매업,,205191.3141658,444916.197867865,2026-05-03 22:50:45,I,01,영업,4,0,0,0,,,,0,,2024-07-03 12:57:09,2024-07-03,4.00,135-845,서울특별시 강남구 대치동 943-29 동구빌딩,N,,3220000-113-2024-00125,,3220000,"서울특별시 강남구 테헤란로86길 15, 동구빌딩 3층 3125호 (대치동)",06179,01,영업/정상,유통전문판매업,,,,
,,서울상회,유통전문판매업,,204842.620168646,445010.636361278,2026-05-03 22:50:45,I,01,영업,1.65,,,,,,,,,2024-07-03 17:17:01,2024-07-03,1.65,135-877,서울특별시 강남구 삼성동 144-19 제이에스타워,N,,3220000-113-2024-00126,,3220000,"서울특별시 강남구 테헤란로79길 6, 제이에스타워 3층 브이781호 (삼성동)",06158,01,영업/정상,유통전문판매업,,,,
,자가,주식회사 루시아이 (LUXIAI Inc.),유통전문판매업,,204842.620168646,445010.636361278,2026-05-03 22:50:45,I,01,영업,0,,,,,,,,,2024-07-05 14:35:21,2024-07-05,1.65,135-877,서울특별시 강남구 삼성동 144-19 제이에스타워,N,,3220000-113-2024-00127,,3220000,"서울특별시 강남구 테헤란로79길 6, 제이에스타워 3층 브이1082호 (삼성동)",06158,01,영업/정상,유통전문판매업,,,,
,자가,주식회사 꿈을나누는사람들의무리들,유통전문판매업,,204090.736502454,444591.776465507,2026-05-03 22:50:45,I,01,영업,7,,,,,,,,,2024-07-05 18:05:02,2024-07-05,7.00,135-918,서울특별시 강남구 역삼동 707-27 태보 역삼 아이타워,N,,3220000-113-2024-00129,,3220000,"서울특별시 강남구 테헤란로 326, 태보 역삼 아이타워 지하1층 I-R-02호 (역삼동)",06211,01,영업/정상,유통전문판매업,,,,
,자가,주식회사 미오컴퍼니,유통전문판매업,,203471.153270722,443709.903235695,2026-05-03 22:50:45,I,01,영업,145.59,,,,,,,,,2026-04-15 12:09:32,2024-07-09,145.59,135-928,서울특별시 강남구 역삼동 769-9 현성제2빌딩,N,,3220000-113-2024-00130,,3220000,"서울특별시 강남구 논현로72길 7, 현성제2빌딩 3층 (역삼동)",06227,01,영업/정상,유통전문판매업,02-555-4368,,,
,자가,이모가있는집,유통전문판매업,,203173.202356912,446564.894133439,2026-05-03 22:50:45,I,01,영업,23.1,,,,,,,,,2024-07-09 17:34:39,2024-07-09,23.10,135-819,서울특별시 강남구 논현동 96,N,,3220000-113-2024-00131,,3220000,"서울특별시 강남구 도산대로46길 11, 201호 중 2호 (논현동)",06054,01,영업/정상,유통전문판매업,,,,
,자가,주식회사 심부룸,유통전문판매업,,204328.920045846,444853.884834766,2026-05-03 22:50:45,I,01,영업,85,,,,,,,,,2024-07-10 15:26:08,2024-07-10,85.00,135-876,서울특별시 강남구 삼성동 141-7,N,,3220000-113-2024-00132,,3220000,"서울특별시 강남구 선릉로94길 14, 7층 (삼성동)",06162,01,영업/정상,유통전문판매업,02-1670-8390,,,
,임대,굿데이굿티,유통전문판매업,,202724.214297488,445894.305854116,2026-05-03 22:50:45,I,01,영업,2,,,,,,,,,2024-07-10 16:48:35,2024-07-10,2.00,135-818,서울특별시 강남구 논현동 86-5,N,,3220000-113-2024-00133,,3220000,"서울특별시 강남구 논현로132길 13, 4층 4799호 (논현동)",06052,01,영업/정상,유통전문판매업,,,,
,자가,주식회사 미라클 바이러스,유통전문판매업,,209201.961413428,441399.856009506,2026-05-03 22:50:45,I,01,영업,21.52,,,,,,,,,2024-07-11 14:36:21,2024-07-11,21.52,135-200,서울특별시 강남구 자곡동 658 강남힐스테이트에코,N,,3220000-113-2024-00134,,3220000,"서울특별시 강남구 자곡로 202, 강남힐스테이트에코 지상5층 509호 (자곡동)",06373,01,영업/정상,유통전문판매업,,,,
,자가,퍼포즈어테인,유통전문판매업,,202418.090672911,444911.502269899,2026-05-03 22:50:46,I,01,영업,3.3,,,,,,,,,2024-07-12 14:22:45,2024-07-12,3.30,135-827,서울특별시 강남구 논현동 196-6,N,,3220000-113-2024-00135,,3220000,"서울특별시 강남구 강남대로112길 47, 2층 A981호 (논현동)",06121,01,영업/정상,유통전문판매업,,,,
,자가,주식회사 앤에이미디어,유통전문판매업,,203588.048190661,446183.368328818,2026-05-03 22:50:46,I,01,영업,4.95,,,,,,,,,2024-07-12 17:46:03,2024-07-12,4.95,135-764,서울특별시 강남구 청담동 41 청담빌딩,N,,3220000-113-2024-00136,,3220000,"서울특별시 강남구 선릉로 704, 청담빌딩 12층 157호 (청담동)",06069,01,영업/정상,유통전문판매업,,,,
,자가,나폴레옹베이커리유통(주),유통전문판매업,,204156.51955992,445388.447171995,2026-05-03 22:50:46,I,01,영업,13.2,,,,,,,,,2024-07-19 14:38:52,2024-07-19,13.20,135-874,서울특별시 강남구 삼성동 113-10 성심빌딩,N,,3220000-113-2024-00138,,3220000,"서울특별시 강남구 봉은사로64길 8, 성심빌딩 지하1층 (삼성동)",06153,01,영업/정상,유통전문판매업,,,,
,자가,(주)프로즌랩,유통전문판매업,,203588.048190661,446183.368328818,2026-05-03 22:50:46,I,01,영업,4.95,,,,,,,,,2024-07-22 14:06:48,2024-07-22,4.95,135-764,서울특별시 강남구 청담동 41 청담빌딩,N,,3220000-113-2024-00139,,3220000,"서울특별시 강남구 선릉로 704, 청담빌딩 10층 360호 (청담동)",06069,01,영업/정상,유통전문판매업,,,,
,자가,(주)뉴다운씨앤씨,유통전문판매업,2026-02-11,203211.859170789,444523.693911647,2026-05-03 22:50:46,I,02,폐업,0,,,,,,,,,2026-02-11 12:19:39,2024-07-24,3.30,135-915,서울특별시 강남구 역삼동 669-9,N,,3220000-113-2024-00140,,3220000,"서울특별시 강남구 봉은사로30길 73, 2층 3호 (역삼동)",06140,03,폐업,유통전문판매업,,,,
,자가,모던블링,유통전문판매업,,202124.262977683,446374.647464072,2026-05-03 22:50:46,I,01,영업,1,0,0,0,,,,0,,2024-07-25 09:14:41,2024-01-22,1.00,135-890,서울특별시 강남구 신사동 561,N,,3220000-113-2024-00141,,3220000,"서울특별시 강남구 논현로151길 41, 3층 3173호 (신사동)",06037,01,영업/정상,유통전문판매업,,,,상수도전용
,자가,우리엔터프라이즈(주),유통전문판매업,,203628.379145993,444413.806440695,2026-05-03 22:50:53,I,01,영업,9.92,,,,,,,,,2025-10-21 16:28:57,2025-06-17,9.92,135-920,서울특별시 강남구 역삼동 720-2 삼익 라비돌 빌딩,N,,3220000-113-2025-00126,,3220000,"서울특별시 강남구 테헤란로 234, 삼익 라비돌 빌딩 13층 (역삼동)",06221,01,영업/정상,유통전문판매업,02-561-0631,,,
,자가,주식회사 도산인터내셔널,유통전문판매업,,202660.854881517,443776.172849434,2026-05-03 22:50:53,I,01,영업,30,,,,,,,,,2025-06-19 10:41:19,2025-06-19,30.00,135-935,서울특별시 강남구 역삼동 827-13,N,,3220000-113-2025-00127,,3220000,"서울특별시 강남구 테헤란로4길 37, 3층 (역삼동)",06240,01,영업/정상,유통전문판매업,,,,
,자가,주식회사 꽁티드툴레아,유통전문판매업,,203223.392985436,447024.077711503,2026-05-03 22:50:53,I,01,영업,113.95,,,,,,,,,2025-06-19 10:47:54,2025-06-19,113.95,135-897,서울특별시 강남구 신사동 656-25,N,,3220000-113-2025-00128,,3220000,"서울특별시 강남구 도산대로49길 38, 지상3층 (신사동)",06019,01,영업/정상,유통전문판매업,,,,
,자가,주식회사 펄송,유통전문판매업,,203107.706816249,444116.304481868,2026-05-03 22:50:53,I,01,영업,73.33,,,,,,,,,2025-06-19 17:16:33,2025-06-19,73.33,135-924,서울특별시 강남구 역삼동 736-58 위워크빌딩,N,,3220000-113-2025-00129,,3220000,"서울특별시 강남구 테헤란로26길 14, 위워크빌딩 13층 101호 (역삼동)",06236,01,영업/정상,유통전문판매업,,,,
,자가,젤리필리,유통전문판매업,,203588.048190661,446183.368328818,2026-05-03 22:50:53,I,01,영업,4.95,,,,,,,,,2025-06-23 11:42:35,2025-06-23,4.95,135-764,서울특별시 강남구 청담동 41 청담빌딩,N,,3220000-113-2025-00130,,3220000,"서울특별시 강남구 선릉로 704, 청담빌딩 10층 702호 (청담동)",06069,01,영업/정상,유통전문판매업,,,,
,자가,주식회사 투젠바이오,유통전문판매업,,205034.076582582,445158.763300998,2026-05-03 22:50:53,I,01,영업,1.5,,,,,,,,,2025-06-25 12:18:31,2025-06-25,1.50,135-880,서울특별시 강남구 삼성동 158-25 매직킹덤빌딩,N,,3220000-113-2025-00131,,3220000,"서울특별시 강남구 테헤란로83길 18, 매직킹덤빌딩 4층 에이-24호 (삼성동)",06169,01,영업/정상,유통전문판매업,,,,
,자가,(주)더블엘컴퍼니,유통전문판매업,,203346.918115234,444674.624499276,2026-05-03 22:50:53,I,01,영업,34.1,,,,,,,,,2025-06-25 15:35:46,2025-06-25,34.10,135-915,서울특별시 강남구 역삼동 672-2,N,,3220000-113-2025-00132,,3220000,"서울특별시 강남구 테헤란로33길 38, 1층 (역삼동)",06139,01,영업/정상,유통전문판매업,,,,
,자가,주식회사 퍼블릭푸드,유통전문판매업,,203816.560646558,443801.150238448,2026-05-03 22:50:53,I,01,영업,6,,,,,,,,,2025-06-25 16:02:31,2025-06-25,6.00,135-928,서울특별시 강남구 역삼동 774-31,N,,3220000-113-2025-00133,,3220000,"서울특별시 강남구 언주로69길 16, 지상1층 101-2호 (역삼동)",06226,01,영업/정상,유통전문판매업,,,,
,자가,삼초닥터,유통전문판매업,,203253.726246178,443777.360830763,2026-05-03 22:50:53,I,01,영업,0,,,,,,,,,2025-06-26 11:13:47,2025-06-26,3.00,135-925,서울특별시 강남구 역삼동 747-9 역삼동 수양빌딩,N,,3220000-113-2025-00134,,3220000,"서울특별시 강남구 논현로75길 15, 역삼동 수양빌딩 5층 501-251682호 (역삼동)",06247,01,영업/정상,유통전문판매업,,,,
,자가,주식회사 아모제에프앤엘,유통전문판매업,,203242.466677462,445211.460368106,2026-05-03 22:50:53,I,01,영업,184.8,,,,,,,,,2025-07-01 16:49:24,2025-07-01,184.80,135-742,서울특별시 강남구 논현동 237-10 서진빌딩,N,,3220000-113-2025-00135,,3220000,"서울특별시 강남구 언주로 603, 서진빌딩 지상5층 (논현동)",06109,01,영업/정상,유통전문판매업,02-2185-7779,,,
,자가,바밀(bameal),유통전문판매업,,203168.14749536,444555.363597916,2026-05-03 22:50:53,I,01,영업,1.65,,,,,,,,,2025-07-02 12:09:25,2025-07-02,1.65,135-914,서울특별시 강남구 역삼동 668-10,N,,3220000-113-2025-00136,,3220000,"서울특별시 강남구 봉은사로30길 68, 6층 210호 (역삼동)",06140,01,영업/정상,유통전문판매업,070-8027-1250,,,
,자가,주식회사 리셋미(ResetMe Inc.),유통전문판매업,,203151.905,443626.51,2026-05-03 22:50:53,I,01,영업,0,0,0,0,,,,0,,2025-08-07 10:41:07,2025-07-03,3.30,135-929,서울특별시 강남구 역삼동 789-9 역삼하우스,N,,3220000-113-2025-00137,,3220000,"서울특별시 강남구 역삼로 158, 레지던스H2 8층 805호 (역삼동)",06249,01,영업/정상,유통전문판매업,,,,
,자가,(주)베베홀딩컴퍼니,유통전문판매업,,205079.418138107,444869.834721154,2026-05-03 22:50:53,I,01,영업,3.3,,,,,,,,,2025-07-07 09:55:51,2025-07-07,3.30,135-845,서울특별시 강남구 대치동 942-15,N,,3220000-113-2025-00139,,3220000,"서울특별시 강남구 테헤란로82길 15, 14층 1450호 (대치동)",06178,01,영업/정상,유통전문판매업,,,,
,자가,(주)스타럭스,유통전문판매업,,204678.116835916,445479.460248169,2026-05-03 22:50:53,I,01,영업,34,,,,,,,,,2025-07-07 13:15:10,2025-07-07,34.00,135-509,서울특별시 강남구 삼성동 120-2 스타럭스빌딩,N,,3220000-113-2025-00140,,3220000,"서울특별시 강남구 삼성로 561, 스타럭스빌딩 4층 (삼성동)",06155,01,영업/정상,유통전문판매업,,,,
,자가,주식회사 씨드에프앤에스,유통전문판매업,,204569.456626515,444730.133049153,2026-05-03 22:50:53,I,01,영업,162,,,,,,,,,2025-07-08 11:10:59,2025-07-08,162.00,135-839,서울특별시 강남구 대치동 890-31 예감빌딩,N,,3220000-113-2025-00141,,3220000,"서울특별시 강남구 선릉로90길 40, 예감빌딩 6층 (대치동)",06193,01,영업/정상,유통전문판매업,02-6235-2300,,,
,자가,제이엠 컴퍼니(JM Company),유통전문판매업,,202762.268960113,443356.78768548,2026-05-03 22:50:53,I,01,영업,0,,,,,,,,,2025-07-08 16:25:41,2025-07-08,37.49,135-936,서울특별시 강남구 역삼동 832-33 성우스타우스오피스텔,N,,3220000-113-2025-00142,,3220000,"서울특별시 강남구 역삼로4길 16, 성우스타우스오피스텔 10층 1020호 (역삼동)",06252,01,영업/정상,유통전문판매업,,,,
,,경성식품,유통전문판매업,,166121.752444026,442855.708677902,2026-05-03 22:46:12,I,01,영업,0,0,0,0,,,,0,,2017-06-12 15:34:10,2013-01-25,58.50,401-010,인천광역시 동구 만석동 2-465,N,,3500000-113-2013-00001,,3500000,"인천광역시 동구 보세로42번길 7-22, 3층 (만석동)",22500,01,영업/정상,유통전문판매업,032-461-7770,,,
,자가,(주)동기바르네,유통전문판매업,,169067.018032922,442999.371664966,2026-05-03 22:46:12,I,01,영업,0,0,0,0,,,,0,,2017-10-13 11:26:29,2017-09-18,25.90,401-040,인천광역시 동구 송현동 140-14,N,,3500000-113-2017-00001,,3500000,"인천광역시 동구 방축로23번길 44, 2층 (송현동)",22527,01,영업/정상,유통전문판매업,032-582-8152,,,
,임대,풍경엔,유통전문판매업,,169978.453261346,442479.916786829,2026-05-03 22:46:12,I,01,영업,0,0,0,0,,,,0,,2018-02-14 11:34:48,2017-10-13,27.06,401-821,인천광역시 동구 송림동 296 C동 232호,N,,3500000-113-2017-00003,,3500000,"인천광역시 동구 봉수대로 98, C동 2층 232호 (송림동, 송림동공구상가)",22531,01,영업/정상,유통전문판매업,,,,
,자가,주식회사 더브릿지,유통전문판매업,,167477.332873635,442690.241234722,2026-05-03 22:46:12,I,01,영업,33,0,0,0,,,,0,,2025-10-23 09:16:57,2022-05-25,33.00,401-804,인천광역시 동구 화수동 5-5 일진중공업 14동,N,,3500000-113-2022-00002,,3500000,"인천광역시 동구 인중로 547, 일진중공업 14동 1층 (화수동)",22514,01,영업/정상,유통전문판매업,070-8693-2934,,,
,자가,주식회사 신우트레이드,유통전문판매업,,167477.332873635,442690.241234722,2026-05-03 22:46:12,I,01,영업,498,,,,,,,,,2022-06-22 09:40:39,2022-06-22,498.00,401-804,인천광역시 동구 화수동 5-5 1동,N,,3500000-113-2022-00004,,3500000,"인천광역시 동구 인중로 547, 1동 1층 (화수동)",22514,01,영업/정상,유통전문판매업,,,,
,자가,뉴트리퓨어,유통전문판매업,,169424.109924844,442692.722669138,2026-05-03 22:46:12,I,01,영업,0,0,0,0,,,,0,,2024-12-05 17:20:46,2023-09-18,26.06,401-821,인천광역시 동구 송림동 294 인천산업용품유통단지 16동 218호,N,,3500000-113-2023-00001,,3500000,"인천광역시 동구 방축로83번길 23, 인천산업용품유통단지 16동 218호 (송림동)",22530,01,영업/정상,유통전문판매업,,,,
,,에이치비컴퍼니,유통전문판매업,,167816.651034315,441843.07833343,2026-05-03 22:46:12,I,01,영업,28.08,0,0,0,,,,0,,2025-03-10 15:21:20,2025-03-10,28.08,401-040,인천광역시 동구 송현동 154 솔빛마을 상가A동 303호,N,,3500000-113-2025-00001,,3500000,"인천광역시 동구 송현로 44, 솔빛마을 상가A동 3층 303호 (송현동)",22547,01,영업/정상,유통전문판매업,,,,
