건물지상층수,건물소유구분명,건물지하층수,사업장명,업태구분명,폐업일자,조건부허가시작일자,조건부허가신고사유,조건부허가종료일자,좌표X,좌표Y,데이터갱신시점,데이터갱신구분,상세영업상태코드,상세영업상태명,여성종사자수,최종수정시점,인허가일자,소재지면적,소재지우편번호,지번주소,다중이용업소여부,남성종사자수,관리번호,개방자치단체코드,도로명주소,도로명우편번호,회수건조기수,영업상태구분코드,영업상태명,위생업태명,소재지전화번호,사용시작지상층,사용시작지하층,사용끝지상층,사용끝지하층,세탁기수
0,,0,맵시크린,일반세탁업,,,,,199547.194595295,444540.23951026,2026-05-03 22:32:03,I,01,영업,,2017-11-06 17:59:04,2010-11-11,25.69,137-040,서울특별시 서초구 반포동 18-4 래미안퍼스티지 신반포역상가 211호,N,,3210000-205-2010-00018,3210000,"서울특별시 서초구 신반포로 100, 211호 (반포동,래미안퍼스티지 신반포역상가)",06547,1,01,영업/정상,일반세탁업,02-591-9669,2,0,2,0,3
0,임대,0,리더스크린,일반세탁업,,,,,200954.306292388,443150.288045011,2026-05-03 22:32:03,I,01,영업,,2020-06-29 15:19:24,2011-09-16,31.72,137-873,서울특별시 서초구 서초동 1558-17 101호,N,,3210000-205-2011-00007,3210000,"서울특별시 서초구 반포대로22길 59, 101호 (서초동)",06646,1,01,영업/정상,일반세탁업,,1,,1,,2
0,임대,0,노블레스명품크리닝,일반세탁업,,,,,201590.052736,443511.234013843,2026-05-03 22:32:03,I,01,영업,,2020-06-28 14:11:47,2011-10-31,100.00,137-880,서울특별시 서초구 서초동 1640-2 1층(전체라고 함),N,,3210000-205-2011-00008,3210000,"서울특별시 서초구 서초대로60길 27, 1층 (서초동)",06632,,01,영업/정상,일반세탁업,02-3487-2422,1,,1,,2
0,임대,0,노블레스 명품세탁,일반세탁업,,,,,204853.673349105,438648.715942165,2026-05-03 22:32:04,I,01,영업,,2017-06-29 13:56:59,2011-12-01,47.37,137-160,서울특별시 서초구 신원동 285 상가동 105호,N,,3210000-205-2011-00010,3210000,"서울특별시 서초구 청계산로9길 1-12, 상가동 105호 (신원동, 서초포레스타6단지)",06802,0,01,영업/정상,일반세탁업,,1,0,1,0,3
0,임대,0,주부세탁,일반세탁업,,,,,199407.319403883,443010.722991491,2026-05-03 22:32:03,I,01,영업,,2020-06-29 14:46:20,2012-03-13,13.20,137-840,서울특별시 서초구 방배동 876-41 1층,N,,3210000-205-2012-00004,3210000,"서울특별시 서초구 방배로26길 22, 1층 (방배동)",06588,1,01,영업/정상,일반세탁업,02-593-2795,1,,1,,1
0,,0,행복세탁,일반세탁업,,,,,201694.236917729,440159.876550139,2026-05-03 22:32:03,I,01,영업,,2020-06-29 15:27:58,2012-11-12,27.20,137-140,서울특별시 서초구 우면동 707 서초네이처힐1단지 상가동 101호,N,,3210000-205-2012-00010,3210000,"서울특별시 서초구 형촌길 35, 상가동 101호 (우면동, 서초네이처힐1단지)",06765,1,01,영업/정상,일반세탁업,02-593-8939,1,,1,,2
0,임대,0,명품세탁,일반세탁업,,,,,201529.037866706,439470.889363188,2026-05-03 22:32:03,I,01,영업,,2015-08-13 12:47:21,2013-02-05,33.00,137-140,서울특별시 서초구 우면동 773 상가동1 지1층 102호,N,,3210000-205-2013-00001,3210000,"서울특별시 서초구 양재대로2길 90, 지1층 102호 (우면동, 상가동1)",06767,0,01,영업/정상,일반세탁업,,,1,,1,3
0,임대,0,디오빌세탁소,일반세탁업,,,,,202580.644821513,443264.557852558,2026-05-03 22:32:03,I,01,영업,,2017-06-02 15:06:59,2013-06-04,39.75,137-860,서울특별시 서초구 서초동 1337-22 지하1층 B109호,N,,3210000-205-2013-00006,3210000,"서울특별시 서초구 강남대로 321, 지하1층 B109호 (서초동)",06627,0,01,영업/정상,일반세탁업,,0,1,0,1,3
0,임대,0,아이파크세탁,일반세탁업,,,,,202044.629093538,444504.112782023,2026-05-03 22:32:04,I,01,영업,,2020-06-29 15:23:48,2013-11-27,43.16,137-855,서울특별시 서초구 서초동 1303-16 강남역 I`PARK B115호,N,,3210000-205-2013-00011,3210000,"서울특별시 서초구 서초대로77길 62, B115호 (서초동, 강남역 I`PARK)",06611,0,01,영업/정상,일반세탁업,,,1,,1,1
0,임대,0,매직 크리너,일반세탁업,,,,,199603.835618501,442462.527282533,2026-05-03 22:32:03,I,01,영업,,2020-06-29 14:32:52,2013-12-27,41.67,137-842,서울특별시 서초구 방배동 907-3 1층,N,,3210000-205-2013-00013,3210000,"서울특별시 서초구 효령로33길 71, 1층 (방배동)",06665,1,01,영업/정상,일반세탁업,,1,,1,,2
0,임대,0,스타명품세탁,일반세탁업,,,,,205570.093214399,438907.277212806,2026-05-03 22:32:03,I,01,영업,0,2020-06-29 17:09:15,2014-10-10,44.34,137-180,서울특별시 서초구 내곡동 77 (내곡보금자리주택지구 1블럭) 상가동 206호,N,0,3210000-205-2014-00004,3210000,"서울특별시 서초구 헌릉로8길 58, 206호 (내곡동, 내곡보금자리주택지구 1블록 서초더샵포레 상가동)",06800,0,01,영업/정상,일반세탁업,,2,,2,,3
0,임대,0,서초 세탁,일반세탁업,,,,,204984.537386457,438840.103774693,2026-05-03 22:32:03,I,01,영업,0,2014-11-05 10:58:28,2014-11-05,23.00,137-160,서울특별시 서초구 신원동 374 서초포레스타5단지 상가동 102호,N,0,3210000-205-2014-00005,3210000,"서울특별시 서초구 청계산로7길 43, 상가동 102호 (신원동, 서초포레스타5단지)",06798,0,01,영업/정상,일반세탁업,,1,,1,,1
0,임대,0,중앙세탁소,일반세탁업,,,,,201643.318591414,443772.466475611,2026-05-03 22:32:03,I,01,영업,0,2015-09-09 12:19:12,2014-11-12,27.75,137-882,서울특별시 서초구 서초동 1687-2 서초중앙프라자 110호,N,0,3210000-205-2014-00006,3210000,"서울특별시 서초구 서초중앙로24길 55, 110호 (서초동, 서초중앙프라자)",06603,1,01,영업/정상,일반세탁업,,1,,1,,2
0,임대,0,강남사,일반세탁업,,,,,201853.889908967,444549.812390159,2026-05-03 22:32:04,I,01,영업,0,2020-09-08 16:11:26,2014-12-09,19.10,137-070,"서울특별시 서초구 서초동 1302-1 ,18호,19호 서초오피스텔 지상1층 112호",N,0,3210000-205-2014-00008,3210000,"서울특별시 서초구 서운로 226, 지상 1층 112호 (서초동, 서초오피스텔)",06609,0,01,영업/정상,일반세탁업,,1,,1,,2
0,임대,0,디오빌 명품 세탁,일반세탁업,,,,,198532.940717328,442650.053868097,2026-05-03 22:32:04,I,01,영업,0,2020-06-29 14:46:48,2015-01-02,32.20,137-838,서울특별시 서초구 방배동 866-20 외 5필지 107호,N,0,3210000-205-2015-00001,3210000,"서울특별시 서초구 서초대로 17, 107호 (방배동)",06569,0,01,영업/정상,일반세탁업,02-0525-2775,1,,1,,1
0,임대,0,슈페리움 세탁소,일반세탁업,,,,,198432.354182494,442643.16392201,2026-05-03 22:32:04,I,01,영업,0,2022-12-05 13:38:06,2015-02-11,31.17,137-974,서울특별시 서초구 방배동 3001-2 방배디오슈페리움Ⅰ,N,0,3210000-205-2015-00002,3210000,"서울특별시 서초구 서초대로 3-4 (방배동, 방배디오슈페리움Ⅰ)",06568,1,01,영업/정상,일반세탁업,34832200,,1,,1,1
0,임대,0,삼성명품세탁소,일반세탁업,,,,,202395.888113518,443528.815453782,2026-05-03 22:32:04,I,01,영업,0,2015-07-06 15:36:24,2015-07-06,57.18,137-858,서울특별시 서초구 서초동 1330 205호,N,0,3210000-205-2015-00004,3210000,"서울특별시 서초구 강남대로53길 11, 205호 (서초동)",06626,1,01,영업/정상,일반세탁업,,2,,2,,2
0,임대,0,현대 세탁,일반세탁업,,,,,200701.042562185,443142.856303911,2026-05-03 22:32:04,I,01,영업,0,2015-08-25 15:37:10,2015-08-25,40.00,137-872,서울특별시 서초구 서초동 1542-13 비01호 내 103호,N,0,3210000-205-2015-00005,3210000,"서울특별시 서초구 반포대로 114, 비01호 내 103호 (서초동)",06647,1,01,영업/정상,일반세탁업,,,,,,1
3,,0,조양컴퓨터세탁,일반세탁업,,,,,193785.988630662,442985.601235284,2026-05-03 22:32:59,I,01,영업,,2024-12-05 16:54:52,1987-09-01,34.00,151-821,서울특별시 관악구 봉천동 670-62 지하1층,N,,3200000-205-1987-02669,3200000,"서울특별시 관악구 봉천로13가길 3 (봉천동, 지하1층)",08720,0,01,영업/정상,일반세탁업,02-883-8140,1,0,1,0,0
1,,,제일세탁,일반세탁업,,,,,191267.931278367,442263.733212466,2026-05-03 22:32:59,I,01,영업,,2024-12-06 13:58:33,1987-09-15,31.00,151-903,서울특별시 관악구 신림동 1655-35,N,,3200000-205-1987-02674,3200000,"서울특별시 관악구 조원로2길 26, 1층 102호 (신림동)",08769,,01,영업/정상,일반세탁업,02-863-3906,1,,1,,
,,,보라매세탁,일반세탁업,,,,,196964.694091569,441452.928723636,2026-05-03 22:32:52,I,01,영업,,2024-12-05 16:27:48,1987-10-05,.00,151-832,서울특별시 관악구 봉천동 1656-19,N,,3200000-205-1987-02686,3200000,서울특별시 관악구 인헌2길 8 (봉천동),08793,,01,영업/정상,일반세탁업,02-885-9172,,,1,,
2,,0,경진사,일반세탁업,,,,,192771.560200014,441553.67583587,2026-05-03 22:32:51,I,01,영업,,2024-12-06 14:02:52,1987-09-01,25.00,151-878,서울특별시 관악구 신림동 597-37,N,,3200000-205-1987-02700,3200000,서울특별시 관악구 난우10길 25 (신림동),08850,0,01,영업/정상,일반세탁업,02-867-3180,1,0,1,0,0
,,,한양세탁,일반세탁업,2025-12-29,,,,210114.813592851,444339.513905272,2026-05-03 22:32:17,I,02,폐업,,2025-12-29 16:37:03,2005-07-08,25.00,138-854,서울특별시 송파구 송파동 180 지상1층,N,,3230000-205-2005-00015,3230000,"서울특별시 송파구 송파대로36길 32, 지상1층 (송파동)",05678,,03,폐업,일반세탁업,02-443-1979,2,,2,,2
0,,0,백양사,일반세탁업,,,,,192857.772172077,442209.958377527,2026-05-03 22:32:51,I,01,영업,,2021-11-19 11:25:10,1987-09-01,.00,151-899,서울특별시 관악구 신림동 1574-3,N,,3200000-205-1987-02708,3200000,서울특별시 관악구 남부순환로172길 105 (신림동),08773,0,01,영업/정상,일반세탁업,02-863-4854,0,0,0,0,0
3,,1,스타사,일반세탁업,,,,,193627.116209426,441793.758077485,2026-05-03 22:32:51,I,01,영업,,2024-12-05 17:06:11,1987-09-01,19.80,151-901,서울특별시 관악구 신림동 1629-98,N,,3200000-205-1987-02714,3200000,서울특별시 관악구 문성로32길 22 (신림동),08843,,01,영업/정상,일반세탁업,02-865-8585,1,,1,,
2,임대,,백경세탁소,일반세탁업,,,,,193822.488696953,441018.13174282,2026-05-03 22:32:51,I,01,영업,,2024-12-05 17:04:21,1987-09-01,13.20,151-862,서울특별시 관악구 신림동 381-5,N,,3200000-205-1987-02715,3200000,서울특별시 관악구 양지6길 4 (신림동),08846,,01,영업/정상,일반세탁업,02-871-2999,1,,1,,
3,,,행운사,일반세탁업,,,,,193228.359190229,442474.635411574,2026-05-03 22:32:57,I,01,영업,,2024-12-05 16:46:33,1987-07-15,.00,151-893,서울특별시 관악구 신림동 1465-26,N,,3200000-205-1987-02719,3200000,서울특별시 관악구 관천로11길 12 (신림동),08764,,01,영업/정상,일반세탁업,02-854-3060,1,,1,,
1,,,문화사,일반세탁업,,,,,194972.318549641,442157.21100266,2026-05-03 22:32:52,I,01,영업,,2024-12-06 13:33:24,1987-06-27,.00,151-842,서울특별시 관악구 봉천동 922-33,N,,3200000-205-1987-02745,3200000,"서울특별시 관악구 청룡2길 40, 1층 (봉천동)",08785,,01,영업/정상,일반세탁업,02-878-8249,1,,1,,
3,,,새서울세탁,일반세탁업,,,,,195541.499755716,441839.829017649,2026-05-03 22:32:57,I,01,영업,,2024-12-06 13:33:04,1987-06-27,27.00,151-846,서울특별시 관악구 봉천동 1572-16,N,,3200000-205-1987-02747,3200000,서울특별시 관악구 쑥고개로 126 (봉천동),08832,,01,영업/정상,일반세탁업,02-889-7086,1,,1,,
1,임대,0,아도사,일반세탁업,,,,,194616.0045611,442163.414772065,2026-05-03 22:32:52,I,01,영업,,2024-12-06 13:32:05,1987-06-27,40.34,151-845,서울특별시 관악구 봉천동 1525-1,N,,3200000-205-1987-02752,3200000,"서울특별시 관악구 장군봉길 25, 1층 (봉천동)",08784,1,01,영업/정상,일반세탁업,02-883-8337,1,0,1,0,1
0,임대,0,래미안세탁,일반세탁업,,,,,202478.1048837,443306.064904505,2026-05-03 22:32:06,I,01,영업,0,2017-02-21 11:00:23,2017-02-21,21.53,137-860,서울특별시 서초구 서초동 1337-2 107호,N,0,3210000-205-2017-00003,3210000,"서울특별시 서초구 효령로77길 34, 107호 (서초동, 아크로텔 강남역)",06627,0,01,영업/정상,일반세탁업,,1,,1,,2
0,임대,0,노블레스,일반세탁업,,,,,200567.880516251,442263.018280321,2026-05-03 22:32:05,I,01,영업,0,2020-06-29 15:20:58,2017-03-23,105.33,137-869,서울특별시 서초구 서초동 1487-55 1층,N,0,3210000-205-2017-00004,3210000,"서울특별시 서초구 반포대로9길 79, 1층 (서초동)",06708,1,01,영업/정상,일반세탁업,,1,,1,,4
0,임대,0,동양세탁소,일반세탁업,,,,,202014.97768308,441020.098836819,2026-05-03 22:32:05,I,01,영업,0,2017-10-12 15:37:43,2017-10-12,25.23,137-900,서울특별시 서초구 우면동 59 (지분 104호) 상가동 지001호,N,0,3210000-205-2017-00006,3210000,"서울특별시 서초구 바우뫼로7길 27, 상가동 지001호 (우면동, 동고아파트)",06762,0,01,영업/정상,일반세탁업,,,1,,1,1
0,임대,0,미진 명품 크리닝,일반세탁업,,,,,198857.988211871,443026.910980186,2026-05-03 22:32:05,I,01,영업,0,2018-06-12 11:14:39,2018-06-12,33.00,137-834,서울특별시 서초구 방배동 831-1 1층,N,0,3210000-205-2018-00002,3210000,"서울특별시 서초구 방배중앙로 114, 1층 (방배동)",06563,0,01,영업/정상,일반세탁업,02-593-0825,,,,,0
0,임대,0,LG에클라트,일반세탁업,,,,,201213.64069933,442739.647017252,2026-05-03 22:32:05,I,01,영업,0,2018-08-27 10:12:54,2018-08-27,28.83,137-876,서울특별시 서초구 서초동 1599-2 215호,N,0,3210000-205-2018-00004,3210000,"서울특별시 서초구 반포대로14길 71, LG서초에클라트 2층 215호 (서초동)",06651,0,01,영업/정상,일반세탁업,02-521-5222,2,,2,,3
0,임대,0,석탑세탁소,일반세탁업,,,,,201162.55241589,442589.558473708,2026-05-03 22:32:05,I,01,영업,0,2020-06-29 15:21:26,2018-10-18,30.15,137-876,서울특별시 서초구 서초동 1588-7 101호,N,0,3210000-205-2018-00007,3210000,"서울특별시 서초구 효령로53길 18, 101호 (서초동)",06654,0,01,영업/정상,일반세탁업,02-585-1580,1,,1,,3
0,임대,0,반포 해원 세탁,일반세탁업,,,,,199988.339466379,445001.037013007,2026-05-03 22:32:06,I,01,영업,0,2020-06-29 14:26:06,2019-01-09,29.10,137-909,서울특별시 서초구 잠원동 76 101호,N,0,3210000-205-2019-00001,3210000,"서울특별시 서초구 반포대로 316, 1층 101호 (잠원동)",06509,0,01,영업/정상,일반세탁업,02-534-4540,1,,1,,0
0,임대,0,경남세탁소,일반세탁업,,,,,200153.048702612,441653.370911653,2026-05-03 22:32:04,I,01,영업,0,2019-11-04 10:43:24,2019-11-04,29.70,137-850,서울특별시 서초구 방배동 1015 1층,N,0,3210000-205-2019-00006,3210000,"서울특별시 서초구 방배로 14, 상가동 1층 (방배동, 임광아파트)",06715,0,01,영업/정상,일반세탁업,02-583-6778,1,,1,,3
0,,0,서리풀 명품 세탁,일반세탁업,,,,,199671.498325418,442695.854457681,2026-05-03 22:32:05,I,01,영업,0,2020-08-03 11:43:56,2020-08-03,49.50,137-841,서울특별시 서초구 방배동 890-20,N,0,3210000-205-2020-00004,3210000,"서울특별시 서초구 서초대로30길 45, 1층 (방배동)",06663,1,01,영업/정상,일반세탁업,02-522-4170,1,,1,,1
0,임대,0,몸만가,일반세탁업,,,,,203586.557018726,441217.3383017,2026-05-03 22:32:05,I,01,영업,0,2020-09-04 14:25:29,2020-09-04,141.52,137-894,서울특별시 서초구 양재동 250-3 1층,N,0,3210000-205-2020-00006,3210000,"서울특별시 서초구 마방로4길 28, 1층 (양재동)",06778,0,01,영업/정상,일반세탁업,02-1833-2833,1,,1,,2
0,,0,주영세탁,일반세탁업,,,,,198845.657797775,443825.9650708,2026-05-03 22:32:05,I,01,영업,0,2020-09-09 11:18:24,2020-09-09,50.28,137-828,서울특별시 서초구 방배동 758-2 삼호상가 221호,N,0,3210000-205-2020-00007,3210000,"서울특별시 서초구 방배로 269, 삼호상가 221호 (방배동)",06553,0,01,영업/정상,일반세탁업,02-3477-8355,2,,2,,2
0,,0,센트럴아이파크세탁,일반세탁업,,,,,200958.146177387,442749.959049103,2026-05-03 22:32:05,I,01,영업,0,2022-03-04 16:57:18,2020-09-11,23.14,137-875,서울특별시 서초구 서초동 1582-3 서초센트럴IPARK,N,0,3210000-205-2020-00008,3210000,"서울특별시 서초구 반포대로18길 36, 101호 (서초동, 서초센트럴IPARK)",06652,1,01,영업/정상,일반세탁업,02-534-5732,,,,,3
0,,0,영동세탁,일반세탁업,,,,,201053.257791161,443234.11748494,2026-05-03 22:32:05,I,01,영업,0,2020-10-23 11:55:59,2020-10-23,33.00,137-874,서울특별시 서초구 서초동 1569-12,N,0,3210000-205-2020-00010,3210000,"서울특별시 서초구 반포대로26길 66, 1층 (서초동)",06645,1,01,영업/정상,일반세탁업,02-584-6930,1,,1,,1
0,임대,0,한강명품세탁,일반세탁업,,,,,201435.516661404,445751.943418466,2026-05-03 22:32:05,I,01,영업,0,2024-02-26 15:01:23,2022-04-06,76.00,137-903,서울특별시 서초구 잠원동 24-6 성일빌딩 1층 103호,N,1,3210000-205-2022-00001,3210000,"서울특별시 서초구 강남대로97길 51, 성일빌딩 1층 103호 (잠원동)",06527,0,01,영업/정상,일반세탁업,,1,,1,,4
0,임대,0,삼성세탁소,일반세탁업,,,,,201472.668856726,444193.267014675,2026-05-03 22:32:05,I,01,영업,0,2022-05-18 13:28:43,2022-05-18,58.47,137-882,서울특별시 서초구 서초동 1684-1 서초쇼핑,N,0,3210000-205-2022-00002,3210000,"서울특별시 서초구 고무래로 90-7, 2층 9호 (서초동)",06602,1,01,영업/정상,일반세탁업,02-3477-5036,2,,2,,2
0,임대,0,알파명품크리닝,일반세탁업,,,,,202245.377899369,442987.986999742,2026-05-03 22:32:05,I,01,영업,0,2022-12-26 13:53:50,2022-12-26,39.02,137-859,서울특별시 서초구 서초동 1335 207호,N,0,3210000-205-2022-00004,3210000,"서울특별시 서초구 효령로 403, 그랑몰 207호 (서초동)",06630,0,01,영업/정상,일반세탁업,,2,,2,,3
0,임대,0,센트럴세탁소,일반세탁업,,,,,201070.374374053,442706.851934959,2026-05-03 22:32:04,I,01,영업,0,2022-12-30 10:27:01,2022-12-30,41.94,137-963,서울특별시 서초구 서초동 1593-7 서초이오빌,N,0,3210000-205-2022-00005,3210000,"서울특별시 서초구 효령로53길 45, 지하1층 B103호 (서초동, 서초이오빌)",06652,0,01,영업/정상,일반세탁업,,,1,,1,3
0,,0,자이명품세탁,일반세탁업,,,,,202245.377899369,442987.986999742,2026-05-03 22:32:05,I,01,영업,0,2023-11-08 14:10:57,2023-05-12,11.36,137-070,서울특별시 서초구 서초동 1757-1,N,0,3210000-205-2023-00001,3210000,"서울특별시 서초구 효령로 403, 1층 131호 (서초동)",06630,1,01,영업/정상,일반세탁업,,,,,,3
3,,,라이프세탁소,일반세탁업,2025-12-18,,,,197027.505430844,440867.173105501,2026-05-03 22:32:46,I,02,폐업,,2025-12-18 10:41:21,1998-11-23,69.72,151-815,서울특별시 관악구 봉천동 180-529,N,,3200000-205-1998-02892,3200000,서울특별시 관악구 인헌16길 15 (봉천동),08800,,03,폐업,일반세탁업,02-872-5668,1,,1,,
,,,대흥사,일반세탁업,,,,,208407.37371852,444806.128722949,2026-05-03 22:32:29,I,01,영업,,2005-07-20 00:00:00,2003-02-27,.00,138-840,서울특별시 송파구 삼전동 126-0,N,,3230000-205-1987-02705,3230000,서울특별시 송파구 백제고분로31길 32 (삼전동),05602,,01,영업/정상,일반세탁업,02-0417-3726,,,,,
,,,뉴 월드사,일반세탁업,,,,,208083.24370318,444920.505076547,2026-05-03 22:32:48,I,01,영업,,2011-06-17 13:47:58,2003-02-27,.00,138-837,서울특별시 송파구 삼전동 26-18,N,,3230000-205-1987-02758,3230000,서울특별시 송파구 백제고분로23길 30 (삼전동),05600,,01,영업/정상,일반세탁업,02-0422-0153,,,,,
,,,명동사,일반세탁업,,,,,209665.067950896,445646.679759104,2026-05-03 22:32:31,I,01,영업,,2005-07-20 00:00:00,2003-02-27,.00,138-829,서울특별시 송파구 방이동 71-9,N,,3230000-205-1987-02780,3230000,서울특별시 송파구 올림픽로32길 36 (방이동),05549,,01,영업/정상,일반세탁업,02-416-7726,,,,,
,,,장미사,일반세탁업,,,,,208707.089897534,446299.352775446,2026-05-03 22:32:34,I,01,영업,,2013-12-23 13:31:12,2003-02-27,21.35,138-934,서울특별시 송파구 신천동 7-0 장미A상가 2동 214호,N,,3230000-205-1987-02797,3230000,"서울특별시 송파구 올림픽로35길 124 (신천동, 장미아파트 A상가2동214호)",05504,,01,영업/정상,일반세탁업,02-423-9945,,,,,
,,,백곰사,일반세탁업,,,,,209329.256114624,444375.009457575,2026-05-03 22:32:34,I,01,영업,,2022-05-17 11:34:27,2003-02-27,24.00,138-846,서울특별시 송파구 석촌동 272-1,N,,3230000-205-1987-02818,3230000,"서울특별시 송파구 가락로15길 7-1, 1층 103호 (석촌동)",05688,,01,영업/정상,일반세탁업,02-0423-9914,,,,,
,,,은혜사,일반세탁업,,,,,209814.185978717,444992.22203177,2026-05-03 22:32:32,I,01,영업,,2005-09-14 00:00:00,2003-02-27,.00,138-851,서울특별시 송파구 송파동 117-0,N,,3230000-205-1987-02841,3230000,서울특별시 송파구 백제고분로44길 12 (송파동),05669,,01,영업/정상,일반세탁업,02-0413-9884,,,,,
,,,백양세탁,일반세탁업,,,,,209865.363176414,445147.899854318,2026-05-03 22:32:32,I,01,영업,,2005-07-21 00:00:00,2003-02-27,.00,138-852,서울특별시 송파구 송파동 137-8,N,,3230000-205-1987-02843,3230000,서울특별시 송파구 백제고분로46길 9 (송파동),05662,,01,영업/정상,일반세탁업,02-0414-2969,,,,,
,,,퍼펙트 크리닝,일반세탁업,,,,,210407.537549406,448533.609644264,2026-05-03 22:32:44,I,01,영업,,2007-07-19 09:16:56,2003-02-27,.00,138-872,서울특별시 송파구 풍납동 88-15,N,,3230000-205-1987-02848,3230000,서울특별시 송파구 바람드리5길 16 (풍납동),05513,,01,영업/정상,일반세탁업,02-0474-8560,,,,,
,,,현대 세탁소,일반세탁업,,,,,207733.269329991,444896.657859935,2026-05-03 22:32:18,I,01,영업,,2005-07-21 00:00:00,2003-02-27,.00,138-864,서울특별시 송파구 잠실동 246-4 1층,N,,3230000-205-1987-02853,3230000,"서울특별시 송파구 삼전로9길 9 (잠실동,1층)",05567,,01,영업/정상,일반세탁업,02-0414-5115,,,,,
,,,현대사,일반세탁업,,,,,208652.935686673,444356.869739848,2026-05-03 22:32:33,I,01,영업,,2005-07-21 00:00:00,2003-02-27,.00,138-845,서울특별시 송파구 석촌동 212-5,N,,3230000-205-1987-02855,3230000,서울특별시 송파구 백제고분로34길 14 (석촌동),05679,,01,영업/정상,일반세탁업,02-417-3468,,,,,
,,,잠실명품크리닝,일반세탁업,,,,,207135.295103874,445023.359991844,2026-05-03 22:32:47,I,01,영업,,2011-12-15 10:11:28,2003-02-27,33.00,138-863,서울특별시 송파구 잠실동 224-7 101호,N,,3230000-205-1987-02876,3230000,"서울특별시 송파구 올림픽로10길 48-1, 101호 (잠실동)",05570,,01,영업/정상,일반세탁업,02-0412-3685,,,,,
3,,1,남양세탁소,일반세탁업,,,,,195131.655084007,441720.29732064,2026-05-03 22:32:40,I,01,영업,,2024-12-06 13:31:44,1987-06-27,15.03,151-847,서울특별시 관악구 봉천동 1578-1,N,,3200000-205-1987-02756,3200000,서울특별시 관악구 청룡길 93 (봉천동),08831,,01,영업/정상,일반세탁업,02-877-0736,,1,,1,
4,,1,백양세탁,일반세탁업,,,,,195289.999653342,441960.687862828,2026-05-03 22:32:52,I,01,영업,,2024-12-06 13:31:19,1987-06-27,29.70,151-836,서울특별시 관악구 봉천동 881-28,N,,3200000-205-1987-02763,3200000,서울특별시 관악구 남부순환로214길 41 (봉천동),08786,0,01,영업/정상,일반세탁업,02-886-5924,1,0,1,0,0
3,,,세한사,일반세탁업,,,,,195392.599735738,441814.431614554,2026-05-03 22:32:52,I,01,영업,,2024-12-06 13:30:56,1987-06-27,23.10,151-847,서울특별시 관악구 봉천동 1573-8,N,,3200000-205-1987-02764,3200000,서울특별시 관악구 관악로11길 64 (봉천동),08832,,01,영업/정상,일반세탁업,02-883-9061,1,,1,,
,,,문화세탁,일반세탁업,,,,,195257.93899948,441843.040844887,2026-05-03 22:32:57,I,01,영업,,2024-12-06 13:29:55,1987-06-27,.00,151-847,서울특별시 관악구 봉천동 1575-34,N,,3200000-205-1987-02765,3200000,서울특별시 관악구 청룡중앙길 8 (봉천동),08831,,01,영업/정상,일반세탁업,02-889-5506,,,1,,
2,임대,1,종윤사,일반세탁업,,,,,194561.966771601,442287.961496584,2026-05-03 22:32:57,I,01,영업,,2024-12-06 13:29:09,1987-06-27,26.40,151-820,서울특별시 관악구 봉천동 945-37,N,,3200000-205-1987-02767,3200000,서울특별시 관악구 장군봉2길 18 (봉천동),08782,,01,영업/정상,일반세탁업,02-885-2607,1,,1,,2
3,,,백영사,일반세탁업,,,,,197111.185886374,440910.761513555,2026-05-03 22:32:56,I,01,영업,,2024-12-05 16:28:26,1987-06-23,26.40,151-815,서울특별시 관악구 봉천동 180-153,N,,3200000-205-1987-02770,3200000,서울특별시 관악구 인헌길 123 (봉천동),08800,,01,영업/정상,일반세탁업,02-879-0609,1,,1,,
1,,,백영사,일반세탁업,,,,,191748.146441927,442186.415047375,2026-05-03 22:32:56,I,01,영업,,2024-12-06 13:57:47,1987-06-23,.00,151-877,서울특별시 관악구 신림동 568-12,N,,3200000-205-1987-02780,3200000,서울특별시 관악구 남부순환로131길 24 (신림동),08766,,01,영업/정상,일반세탁업,02-866-7215,1,,1,,
2,,,백조사,일반세탁업,,,,,192185.182001775,442208.633498739,2026-05-03 22:32:52,I,01,영업,,2024-12-06 13:57:26,1987-06-23,33.00,151-876,서울특별시 관악구 신림동 538-18,N,,3200000-205-1987-02785,3200000,"서울특별시 관악구 난곡로65길 33, 1층 (신림동)",08767,,01,영업/정상,일반세탁업,02-863-8204,1,,1,,
1,,,유미사,일반세탁업,,,,,194240.312006658,441279.651233708,2026-05-03 22:32:56,I,01,영업,,2024-12-05 17:12:27,1987-06-20,.00,151-855,서울특별시 관악구 신림동 107-69,N,,3200000-205-1987-02797,3200000,서울특별시 관악구 신림로30길 10 (신림동),08838,,01,영업/정상,일반세탁업,02-885-4862,1,,1,,
3,,0,신림사,일반세탁업,,,,,193853.22553852,442259.528893727,2026-05-03 22:32:56,I,01,영업,,2024-12-26 09:50:34,1987-06-04,33.00,151-852,서울특별시 관악구 신림동 10-644,N,,3200000-205-1987-02814,3200000,서울특별시 관악구 신림로58길 25 (신림동),08777,0,01,영업/정상,일반세탁업,02-883-4726,1,0,1,0,0
1,,0,광신사,일반세탁업,,,,,193445.280050427,440204.907693533,2026-05-03 22:32:56,I,01,영업,,2024-12-05 16:55:32,1987-06-20,20.35,151-015,서울특별시 관악구 신림동 1713 주공2단지(아)상가104호,N,,3200000-205-1987-02823,3200000,"서울특별시 관악구 광신길 86 (신림동,주공2단지(아)상가104호)",08848,0,01,영업/정상,일반세탁업,02-888-0380,1,0,1,0,0
3,,1,영광사,일반세탁업,,,,,192575.494401062,442626.864824057,2026-05-03 22:32:56,I,01,영업,,2024-12-05 16:47:00,1987-06-04,27.06,151-872,서울특별시 관악구 신림동 503-1,N,,3200000-205-1987-02838,3200000,서울특별시 관악구 관천로15길 103 (신림동),08705,,01,영업/정상,일반세탁업,02-863-5458,1,,1,,
1,,,백석사,일반세탁업,,,,,192646.802917371,442420.071417502,2026-05-03 22:32:56,I,01,영업,,2024-12-05 16:47:19,1987-06-04,26.55,151-872,서울특별시 관악구 신림동 509-7,N,,3200000-205-1987-02840,3200000,서울특별시 관악구 남부순환로155길 25 (신림동),08762,,01,영업/정상,일반세탁업,02-864-5277,1,,1,,
1,,,제일사,일반세탁업,,,,,192648.332156914,442517.024286477,2026-05-03 22:32:56,I,01,영업,,2024-12-05 16:47:56,1987-06-04,33.00,151-872,서울특별시 관악구 신림동 491-32,N,,3200000-205-1987-02841,3200000,서울특별시 관악구 남부순환로157길 60 (신림동),08762,,01,영업/정상,일반세탁업,02-866-8465,1,,1,,
2,,,현진세탁소,일반세탁업,,,,,192918.235636815,440534.458877694,2026-05-03 22:32:56,I,01,영업,,2024-12-06 14:05:29,1987-06-04,16.45,151-889,서울특별시 관악구 신림동 661-1,N,,3200000-205-1987-02861,3200000,서울특별시 관악구 난곡로16가길 2 (신림동),08857,,01,영업/정상,일반세탁업,02-855-1225,1,,1,,
2,임대,1,한일사,일반세탁업,,,,,196425.347179365,441868.37331497,2026-05-03 22:32:57,I,01,영업,,2024-12-06 13:46:42,1987-05-28,42.90,151-849,서울특별시 관악구 봉천동 1680-1,N,,3200000-205-1987-02871,3200000,서울특별시 관악구 행운2길 28 (봉천동),08742,,01,영업/정상,일반세탁업,02-885-8766,1,,1,,
4,,1,대우세탁소,일반세탁업,,,,,196668.413776743,441822.36634508,2026-05-03 22:32:41,I,01,영업,,2024-12-06 13:46:14,1987-06-04,26.40,151-812,서울특별시 관악구 봉천동 1689-1,N,,3200000-205-1987-02872,3200000,서울특별시 관악구 솔밭로 12-1 (봉천동),08801,,01,영업/정상,일반세탁업,02-886-7587,1,,1,,
3,,1,현대세탁,일반세탁업,,,,,192036.694904403,442554.550222889,2026-05-03 22:32:49,I,01,영업,,2024-12-06 13:57:07,1988-03-02,.00,151-902,서울특별시 관악구 신림동 550-29,N,,3200000-205-1988-02640,3200000,서울특별시 관악구 조원로13길 45 (신림동),08701,,01,영업/정상,일반세탁업,02-859-7648,1,,1,,
2,,,한미사,일반세탁업,,,,,193625.846146877,442672.467725354,2026-05-03 22:32:49,I,01,영업,,2024-12-05 16:21:25,1988-06-04,26.40,151-892,서울특별시 관악구 신림동 1431-20,N,,3200000-205-1988-02643,3200000,서울특별시 관악구 신림로67길 8 (신림동),08760,,01,영업/정상,일반세탁업,02-889-7167,1,,1,,
3,,1,백영크리닝,일반세탁업,,,,,196863.345683636,441396.846975247,2026-05-03 22:33:00,I,01,영업,,2024-12-06 13:45:44,1988-08-10,36.00,151-832,서울특별시 관악구 봉천동 1636-2,N,,3200000-205-1988-02649,3200000,"서울특별시 관악구 남부순환로246나길 24, 1층 103호 (봉천동)",08793,,01,영업/정상,일반세탁업,02-888-5340,1,,1,,
0,,0,원베일리 참좋은세탁소,일반세탁업,,,,,,,2026-05-03 22:32:05,I,01,영업,0,2023-09-15 12:28:52,2023-09-15,34.00,137-040,서울특별시 서초구 반포동 0 원베일리 스퀘어,N,0,3210000-205-2023-00005,3210000,"서울특별시 서초구 반포대로 291, 원베일리 스퀘어 B105호 (반포동)",06506,0,01,영업/정상,일반세탁업,,,1,,,2
0,,0,원베일리 그레이스 세탁,일반세탁업,,,,,,,2026-05-03 22:32:05,I,01,영업,0,2023-11-28 15:18:04,2023-10-23,28.80,137-040,서울특별시 서초구 반포동 0 원베일리 스퀘어,N,0,3210000-205-2023-00006,3210000,"서울특별시 서초구 반포대로 291, 원베일리 스퀘어 B1층 B144호, B145호 (반포동)",06506,0,01,영업/정상,일반세탁업,,,,,,3
0,,0,유일세탁소,일반세탁업,,,,,199012.155192767,440442.343040201,2026-05-03 22:32:04,I,01,영업,0,2024-02-01 10:48:53,2023-04-10,28.34,137-853,서울특별시 서초구 방배동 2762-22 리츠하우스 지하1층 B01호,N,0,3210000-205-2023-00007,3210000,"서울특별시 서초구 전원말6길 2, 지하1층 B01호 (방배동, 리츠하우스)",06761,1,01,영업/정상,일반세탁업,,,,,,2
0,임대,0,프로명품세탁,일반세탁업,,,,,202044.926541949,442642.000687576,2026-05-03 22:32:05,I,01,영업,0,2024-06-03 14:38:30,2024-06-03,22.50,137-865,서울특별시 서초구 서초동 1436-1 현대상가 서쪽단지 1층 102호,N,0,3210000-205-2024-00001,3210000,"서울특별시 서초구 효령로68길 9-2, 현대상가 서쪽단지 1층 102호 (서초동)",06723,1,01,영업/정상,일반세탁업,,,,,,1
0,,0,강남세탁소,일반세탁업,,,,,202014.206600227,444556.487126756,2026-05-03 22:32:05,I,01,영업,0,2024-10-10 13:47:37,2024-10-10,42.92,137-855,서울특별시 서초구 서초동 1303-10 지하1층 B123호,N,0,3210000-205-2024-00002,3210000,"서울특별시 서초구 사평대로56길 7, 지하1층 B123호 (서초동, 서초한일유앤아이주상복합)",06611,1,01,영업/정상,일반세탁업,,,,,,1
0,임대,0,지크린,일반세탁업,,,,,201024.481364815,445492.334204608,2026-05-03 22:32:05,I,01,영업,0,2025-08-06 14:22:21,2025-08-06,60.90,137-907,서울특별시 서초구 잠원동 60-3 메이플 자이 근린생활시설 지하1층 2-B111호,N,0,3210000-205-2025-00001,3210000,"서울특별시 서초구 잠원로4길 50, 메이플 자이 근린생활시설 지하1층 2-B111호 (잠원동)",06522,0,01,영업/정상,일반세탁업,,,,,,1
0,임대,0,미도세탁소,일반세탁업,,,,,200706.565400409,444349.181060423,2026-05-03 22:32:05,I,01,영업,0,2025-09-04 10:13:42,2025-09-04,45.36,137-040,서울특별시 서초구 반포동 60-4 반포미도아파트 상가동 2층 202호,N,0,3210000-205-2025-00002,3210000,"서울특별시 서초구 서초중앙로29길 28, 상가동 2층 202호 (반포동, 반포미도아파트)",06592,1,01,영업/정상,일반세탁업,,2,,2,,2
0,임대,0,장미세탁,일반세탁업,,,,,201825.949542024,445146.14277446,2026-05-03 22:32:05,I,01,영업,0,2025-10-13 12:40:52,2025-10-13,29.00,137-809,서울특별시 서초구 반포동 724-4 1층 101호,N,0,3210000-205-2025-00003,3210000,"서울특별시 서초구 사평대로57길 105, 1층 101호 (반포동)",06536,1,01,영업/정상,일반세탁업,02-511-5107,,,,,1
0,임대,0,아크로비스타,일반세탁업,,,,,201107.634736928,443999.067092566,2026-05-03 22:32:05,I,01,영업,0,2025-11-14 16:39:01,2025-11-14,53.54,137-882,서울특별시 서초구 서초동 1685-3 아크로비스타 제지하3층 제지하에이-336호,N,0,3210000-205-2025-00004,3210000,"서울특별시 서초구 서초중앙로 188, 제지하3층 제지하에이-336호 (서초동, 아크로비스타)",06600,2,01,영업/정상,일반세탁업,,,3,,3,2
0,,0,크린에코,일반세탁업,,,,,198522.378903836,443658.098277933,2026-05-03 22:32:04,I,01,영업,0,2026-01-02 17:00:07,2026-01-02,174.75,137-829,서울특별시 서초구 방배동 766-2,N,0,3210000-205-2026-00001,3210000,"서울특별시 서초구 방배중앙로27길 29, 1층 101호 (방배동)",06555,2,01,영업/정상,일반세탁업,,1,,1,,2
1,,0,마마운동화 이불 빨래방,세탁업 기타,,,,,198771.112974038,442870.390239061,2026-05-03 22:32:05,I,01,영업,0,2026-01-06 11:11:20,2026-01-06,.00,137-834,서울특별시 서초구 방배동 828-28 창희림,N,0,3210000-205-2026-00002,3210000,"서울특별시 서초구 방배천로30길 22, 101호 (방배동, 창희림)",06564,0,01,영업/정상,세탁업 기타,,,,,,3
0,임대,0,미미세탁소,일반세탁업,,,,,200958.810528572,445792.191399183,2026-05-03 22:32:06,I,01,영업,0,2026-01-30 10:29:06,2026-01-30,51.41,137-907,서울특별시 서초구 잠원동 57-20 지하1층 110호,N,0,3210000-205-2026-00003,3210000,"서울특별시 서초구 잠원로8길 25, 지하1층 110호 (잠원동)",06518,1,01,영업/정상,일반세탁업,,,,,,2
,,,제일사,일반세탁업,,,,,210264.563981294,447459.242238036,2026-05-03 22:32:32,I,01,영업,,2020-05-11 12:26:58,2003-02-27,42.90,138-879,서울특별시 송파구 풍납동 405-2,N,,3230000-205-1987-02879,3230000,서울특별시 송파구 토성로15길 3-3 (풍납동),05531,,01,영업/정상,일반세탁업,02-487-2182,,,,,
0,,0,파크호텔세탁소,일반세탁업,,,,,212609.377447603,441586.029967716,2026-05-03 22:32:50,I,01,영업,,2019-12-31 15:59:32,1987-05-12,33.80,138-926,서울특별시 송파구 장지동 895,N,,3230000-205-1987-03094,3230000,"서울특별시 송파구 위례광장로 270, 그린생활시설y동 1층 119호 (장지동, 송파와이즈더샵)",05852,,01,영업/정상,일반세탁업,031-745-7447,0,0,,,
,,,새서울세탁소,일반세탁업,,,,,211531.753173381,443847.708199267,2026-05-03 22:32:49,I,01,영업,,2023-06-05 11:04:42,1987-06-19,39.60,138-810,서울특별시 송파구 가락동 164-5,N,,3230000-205-1987-03095,3230000,"서울특별시 송파구 동남로17길 11, 1층 (가락동)",05820,,01,영업/정상,일반세탁업,02-814-8194,1,,1,,1
,,,유미사,일반세탁업,,,,,211900.023246443,443803.126494202,2026-05-03 22:32:30,I,01,영업,,2014-09-04 15:25:52,2003-02-27,26.00,138-811,서울특별시 송파구 가락동 174-8 지상1층,N,,3230000-205-1988-02703,3230000,"서울특별시 송파구 오금로44길 11, 1층 (가락동)",05769,,01,영업/정상,일반세탁업,02-0408-6375,,,,,
,,,수진사,일반세탁업,,,,,208575.519070141,444699.95835484,2026-05-03 22:32:30,I,01,영업,,2005-07-21 00:00:00,2003-02-27,.00,138-842,서울특별시 송파구 석촌동 6-5,N,,3230000-205-1988-02704,3230000,서울특별시 송파구 삼학사로18길 5 (석촌동),05612,,01,영업/정상,일반세탁업,02-0403-5620,,,,,
,,,라운드리,일반세탁업,,,,,208589.363343145,445455.90405262,2026-05-03 22:32:30,I,01,영업,,2025-02-11 15:32:51,2003-02-27,.00,138-915,서울특별시 송파구 잠실동 40-1 지하3층,N,,3230000-205-1988-02710,3230000,"서울특별시 송파구 올림픽로 240, 지하3층 (잠실동)",05554,,01,영업/정상,일반세탁업,02-0419-7000,,,,,
,,,동백세탁소,일반세탁업,,,,,209754.929421747,445771.34572749,2026-05-03 22:32:24,I,01,영업,,2005-07-21 00:00:00,2003-02-27,83.16,138-829,서울특별시 송파구 방이동 98,N,,3230000-205-1988-02718,3230000,서울특별시 송파구 올림픽로32길 19-36 (방이동),05547,,01,영업/정상,일반세탁업,02-0420-6993,,,,,
,,,백양세탁,일반세탁업,,,,,209568.816317316,444307.032127093,2026-05-03 22:32:49,I,01,영업,,2024-03-14 12:52:43,2003-02-27,43.20,138-847,서울특별시 송파구 석촌동 297-39 지상1층,N,,3230000-205-1988-02747,3230000,"서울특별시 송파구 송파대로37길 30, 지상1층 (석촌동)",05697,,01,영업/정상,일반세탁업,02-400-6040,,,,,
,,,석촌사,일반세탁업,,,,,208945.414338133,444218.739630623,2026-05-03 22:32:38,I,01,영업,,2016-06-28 10:46:46,2003-02-27,.00,138-845,서울특별시 송파구 석촌동 242-4,N,,3230000-205-1989-02660,3230000,서울특별시 송파구 가락로5길 7 (석촌동),05691,,01,영업/정상,일반세탁업,02-0412-6332,,,,,
,,,신우사,일반세탁업,,,,,210591.355843488,448176.432092651,2026-05-03 22:32:30,I,01,영업,,2010-12-22 15:20:44,2003-02-27,.00,138-873,서울특별시 송파구 풍납동 152-76,N,,3230000-205-1989-02676,3230000,서울특별시 송파구 풍성로25다길 3 (풍납동),05521,,01,영업/정상,일반세탁업,02-0478-4362,,,,,
,,,칠성사,일반세탁업,,,,,213036.723954419,443294.751928921,2026-05-03 22:32:30,I,01,영업,,2005-07-21 00:00:00,2003-02-27,.00,138-815,서울특별시 송파구 거여동 548,N,,3230000-205-1989-02677,3230000,서울특별시 송파구 오금로64나길 10 (거여동),05777,,01,영업/정상,일반세탁업,02-406-0068,,,,,
,,,라이프세탁,일반세탁업,,,,,208707.089897534,446299.352775446,2026-05-03 22:32:30,I,01,영업,,2013-12-23 13:36:50,2003-02-27,.00,138-934,서울특별시 송파구 신천동 7 장미 B상가 211호,N,,3230000-205-1989-02683,3230000,"서울특별시 송파구 올림픽로35길 112 (신천동, 장미아파트B상가211호)",05504,,01,영업/정상,일반세탁업,02-0423-5259,,,,,
,,,한국세탁,일반세탁업,,,,,210160.56239438,444201.504023806,2026-05-03 22:32:30,I,01,영업,,2014-09-05 13:34:35,2003-02-27,30.00,138-854,서울특별시 송파구 송파동 183-8 지상1층,N,,3230000-205-1989-02685,3230000,"서울특별시 송파구 송파대로36가길 17, 지상1층 (송파동)",05678,,01,영업/정상,일반세탁업,02-0402-5778,,,,,
,,,한일사,일반세탁업,,,,,210042.050016062,445036.28060846,2026-05-03 22:32:31,I,01,영업,,2005-09-14 00:00:00,2003-02-27,.00,138-852,서울특별시 송파구 송파동 144-3,N,,3230000-205-1989-02690,3230000,서울특별시 송파구 백제고분로46길 31 (송파동),05663,,01,영업/정상,일반세탁업,02-0420-2395,,,,,
,,,백성사,일반세탁업,,,,,211141.896944214,443411.561959657,2026-05-03 22:32:27,I,01,영업,,2005-07-21 00:00:00,2003-02-27,16.50,138-807,서울특별시 송파구 가락동 133-10,N,,3230000-205-1990-02586,3230000,서울특별시 송파구 동남로11길 20 (가락동),05827,,01,영업/정상,일반세탁업,02-407-7103,,,,,
,,,백성사,일반세탁업,,,,,211290.596153282,445226.867048882,2026-05-03 22:32:27,I,01,영업,,2012-12-17 14:22:09,2003-02-27,9.99,138-855,서울특별시 송파구 오금동 20-1 지상1층,N,,3230000-205-1990-02588,3230000,"서울특별시 송파구 양재대로72길 16, 지상1층 (오금동)",05656,,01,영업/정상,일반세탁업,02-402-0414,,,,,
,,,은혜사,일반세탁업,,,,,210492.711926541,445643.889981483,2026-05-03 22:32:28,I,01,영업,,2005-07-21 00:00:00,2003-02-27,15.12,138-830,서울특별시 송파구 방이동 168-17,N,,3230000-205-1990-02591,3230000,서울특별시 송파구 백제고분로50길 43 (방이동),05628,,01,영업/정상,일반세탁업,02-416-9157,,,,,
,,,지명사,일반세탁업,,,,,212134.827534762,444193.481289172,2026-05-03 22:32:26,I,01,영업,,2010-04-16 10:31:47,2003-02-27,126.18,138-860,서울특별시 송파구 오금동 154-15,N,,3230000-205-1990-02600,3230000,서울특별시 송파구 성내천로14길 11 (오금동),05740,,01,영업/정상,일반세탁업,02-0404-6590,,,,,
,,,현대세탁,일반세탁업,,,,,209726.884002074,445333.11700143,2026-05-03 22:32:40,I,01,영업,,2005-07-20 00:00:00,2003-02-27,165.68,138-849,서울특별시 송파구 송파동 50-9,N,,3230000-205-1990-02621,3230000,서울특별시 송파구 오금로18길 5 (송파동),05620,,01,영업/정상,일반세탁업,02-412-3064,,,,,
,,,삼전세탁,일반세탁업,,,,,208019.709604953,444267.803579515,2026-05-03 22:32:40,I,01,영업,,2016-01-07 16:00:45,2003-02-27,11.77,138-838,서울특별시 송파구 삼전동 65-9,N,,3230000-205-1990-02624,3230000,서울특별시 송파구 백제고분로28길 27 (삼전동),05590,,01,영업/정상,일반세탁업,02-0419-0064,,,,,
,,,남부세탁소,일반세탁업,,,,,192096.349629652,442339.213626523,2026-05-03 22:32:49,I,01,영업,,2024-12-06 13:56:33,1988-02-26,21.00,151-876,서울특별시 관악구 신림동 541,N,,3200000-205-1988-02691,3200000,서울특별시 관악구 조원로16길 27 (신림동),08767,,01,영업/정상,일반세탁업,02-862-7230,,,1,,
,,,청미,일반세탁업,,,,,194718.932619367,442725.823298144,2026-05-03 22:32:50,I,01,영업,,2024-12-06 13:53:15,1989-08-09,.00,151-826,서울특별시 관악구 봉천동 938-13,N,,3200000-205-1989-02613,3200000,서울특별시 관악구 국회단지2길 27 (봉천동),08716,,01,영업/정상,일반세탁업,02-884-4034,,,,,
,,,선영사,일반세탁업,,,,,194499.35226944,442576.562116363,2026-05-03 22:32:42,I,01,영업,,2024-12-06 13:52:51,1989-08-30,.00,151-843,서울특별시 관악구 봉천동 950-2,N,,3200000-205-1989-02616,3200000,서울특별시 관악구 은천로2길 36 (봉천동),08749,,01,영업/정상,일반세탁업,02-882-3374,,,,,
1,,,신성세탁,일반세탁업,,,,,193893.592346314,440262.310417983,2026-05-03 22:32:50,I,01,영업,,2024-12-05 16:56:21,1989-09-07,.00,151-861,서울특별시 관악구 신림동 307-6,N,,3200000-205-1989-02618,3200000,서울특별시 관악구 호암로 526 (신림동),08821,,01,영업/정상,일반세탁업,02-884-5340,1,,1,,
1,,0,백양사,일반세탁업,,,,,192384.5273272,442599.897703757,2026-05-03 22:32:50,I,01,영업,,2024-12-26 09:51:04,1989-09-25,33.00,151-873,서울특별시 관악구 신림동 515-13 (1층),N,,3200000-205-1989-02619,3200000,"서울특별시 관악구 난곡로72길 15 (신림동,(1층))",08705,0,01,영업/정상,일반세탁업,02-854-4482,1,0,1,0,0
1,,0,제일사,일반세탁업,,,,,193204.842412836,442458.890430244,2026-05-03 22:32:50,I,01,영업,,2024-12-05 16:42:27,1989-04-08,.00,151-893,서울특별시 관악구 신림동 1465-67,N,,3200000-205-1989-02663,3200000,"서울특별시 관악구 관천로11길 18, 1층 (신림동)",08764,0,01,영업/정상,일반세탁업,02-857-5712,1,0,1,0,0
1,,0,건영세탁,일반세탁업,,,,,192581.162594344,440966.75003203,2026-05-03 22:32:50,I,01,영업,,2024-12-06 14:05:06,1989-06-03,.00,151-881,서울특별시 관악구 신림동 721-2 건영아파트,N,,3200000-205-1989-02664,3200000,"서울특별시 관악구 난곡로35길 28-5, 건영아파트 상가동 104호 (신림동)",08858,0,01,영업/정상,일반세탁업,02-868-6614,1,0,1,0,0
1,,0,일광사,일반세탁업,,,,,195151.653339069,442061.221331728,2026-05-03 22:32:50,I,01,영업,,2024-12-06 13:28:43,1989-07-08,.00,151-841,서울특별시 관악구 봉천동 915-1,N,,3200000-205-1989-02665,3200000,서울특별시 관악구 청룡길 24 (봉천동),08785,0,01,영업/정상,일반세탁업,02-885-5777,1,0,1,0,0
4,임대,1,신사의 명품세탁,일반세탁업,,,,,192879.294347287,442480.597002734,2026-05-03 22:32:59,I,01,영업,,2025-08-08 16:28:20,1989-10-16,57.84,151-893,서울특별시 관악구 신림동 485-28,N,,3200000-205-1989-02850,3200000,"서울특별시 관악구 남부순환로161길 36, 1층 상가2칸호 (신림동)",08763,0,01,영업/정상,일반세탁업,02-866-6991,1,0,1,0,0
1,,,보라사,일반세탁업,,,,,193397.880297489,442543.901226621,2026-05-03 22:32:50,I,01,영업,,2024-12-05 16:21:54,1990-02-06,47.08,151-892,서울특별시 관악구 신림동 1433-193,N,,3200000-205-1990-02623,3200000,"서울특별시 관악구 관천로10길 14, 1층 (신림동)",08759,,01,영업/정상,일반세탁업,02-871-6277,1,,1,,
0,,0,백미사,일반세탁업,,,,,194303.224693813,442748.520576821,2026-05-03 22:32:50,I,01,영업,,2024-12-26 09:51:22,1990-08-28,25.00,151-913,서울특별시 관악구 봉천동 963-20 1층,N,,3200000-205-1990-02629,3200000,"서울특별시 관악구 봉천로23나길 18, 1층 (봉천동)",08719,0,01,영업/정상,일반세탁업,02-889-1368,0,0,0,0,0
2,임대,,백설사,일반세탁업,,,,,193026.923471579,441169.941597151,2026-05-03 22:32:50,I,01,영업,,2024-12-06 14:04:41,1990-09-20,21.00,151-882,서울특별시 관악구 신림동 1678-5,N,,3200000-205-1990-02632,3200000,서울특별시 관악구 난곡로34나길 26 (신림동),08854,,01,영업/정상,일반세탁업,02-857-6949,1,,1,,
2,,0,영원세탁크리닉,일반세탁업,,,,,193718.722093109,440793.112699162,2026-05-03 22:32:56,I,01,영업,,2024-12-05 17:04:55,1990-08-17,20.00,151-864,서울특별시 관악구 신림동 357-2,N,,3200000-205-1990-02793,3200000,서울특별시 관악구 양지14길 4 (신림동),08846,0,01,영업/정상,일반세탁업,02-877-5525,1,0,1,0,0
4,임대,,명진세탁소,일반세탁업,,,,,194577.924146084,442073.476608666,2026-05-03 22:32:58,I,01,영업,,2024-12-06 13:28:21,1990-02-06,42.90,151-845,서울특별시 관악구 봉천동 1530-18 (1층),N,,3200000-205-1990-02865,3200000,"서울특별시 관악구 장군봉7길 1 (봉천동,(1층))",08784,,01,영업/정상,일반세탁업,02-866-3208,1,,1,,
1,,,신신세탁,일반세탁업,,,,,192913.487015927,442497.399538389,2026-05-03 22:32:51,I,01,영업,,2024-12-05 16:43:14,1991-03-08,.00,151-893,서울특별시 관악구 신림동 485-3,N,,3200000-205-1991-02588,3200000,서울특별시 관악구 남부순환로163가길 17 (신림동),08763,,01,영업/정상,일반세탁업,02-851-6954,1,,1,,
4,자가,1,경일사,일반세탁업,,,,,192906.530971599,440824.599967693,2026-05-03 22:32:52,I,01,영업,,2024-12-06 14:04:16,1991-12-24,21.28,151-889,서울특별시 관악구 신림동 702-15,N,,3200000-205-1991-02605,3200000,서울특별시 관악구 난곡로24길 12 (신림동),08857,1,01,영업/정상,일반세탁업,02-856-5445,1,0,1,0,0
,임대,1,수정사,일반세탁업,,,,,192978.863904056,441348.98099796,2026-05-03 22:32:51,I,01,영업,,2024-12-06 14:03:55,1991-01-31,36.34,151-879,서울특별시 관악구 신림동 611-92 B01호,N,,3200000-205-1991-02638,3200000,"서울특별시 관악구 법원단지길 77, 지하1층 B01호 (신림동)",08852,0,01,영업/정상,일반세탁업,02-869-2480,,1,,1,3
2,,,행운사,일반세탁업,,,,,194156.312481241,441184.425274862,2026-05-03 22:32:45,I,01,영업,,2024-12-05 17:10:32,1992-11-10,12.26,151-927,서울특별시 관악구 신림동 110-63 세원맨션,N,,3200000-205-1992-02536,3200000,"서울특별시 관악구 신림로26길 20, 디동 109호 (신림동, 세원맨션)",08838,,01,영업/정상,일반세탁업,02-882-1762,1,,1,,
3,,1,한미세탁,일반세탁업,,,,,192411.453785886,442640.258327662,2026-05-03 22:32:53,I,01,영업,,2024-12-05 16:43:35,1992-03-13,33.16,151-873,서울특별시 관악구 신림동 515-1,N,,3200000-205-1992-02563,3200000,"서울특별시 관악구 난곡로74길 22, 1층 (신림동)",08705,,01,영업/정상,일반세탁업,02-868-4888,1,,1,,
,,,단골사,일반세탁업,,,,,211778.735699452,443541.606406414,2026-05-03 22:32:41,I,01,영업,,2005-07-21 00:00:00,2003-02-27,99.30,138-812,서울특별시 송파구 가락동 187-9,N,,3230000-205-1990-02630,3230000,서울특별시 송파구 문정로11길 20 (가락동),05782,,01,영업/정상,일반세탁업,02-0448-5847,,,,,
,,,은혜세탁,일반세탁업,,,,,212491.405364999,444014.60527602,2026-05-03 22:32:41,I,01,영업,,2006-02-14 00:00:00,2003-02-27,23.10,138-813,서울특별시 송파구 거여동 5-16,N,,3230000-205-1990-02631,3230000,서울특별시 송파구 성내천로18길 12-1 (거여동),05736,,01,영업/정상,일반세탁업,02-0448-7667,,,,,
,,,공주사,일반세탁업,,,,,210629.180661576,448038.291539748,2026-05-03 22:32:41,I,01,영업,,2005-07-21 00:00:00,2003-02-27,77.19,138-873,서울특별시 송파구 풍납동 491-1,N,,3230000-205-1990-02632,3230000,서울특별시 송파구 올림픽로57길 7 (풍납동),05520,,01,영업/정상,일반세탁업,02-0474-9345,,,,,
0,,0,백조사,일반세탁업,,,,,210045.748264305,442930.687284628,2026-05-03 22:32:39,I,01,영업,,2013-07-19 16:03:38,2003-02-27,23.10,138-885,서울특별시 송파구 문정동 150 호돌이상가 지상1층 103호,N,,3230000-205-1990-02635,3230000,"서울특별시 송파구 중대로 24, 지상1층 103호 (문정동, 호돌이상가)",05834,0,01,영업/정상,일반세탁업,02-404-5363,1,0,1,0,1
,,,선경사,일반세탁업,,,,,210774.395304083,442920.761946994,2026-05-03 22:32:40,I,01,영업,,2005-07-21 00:00:00,2003-02-27,.00,138-825,서울특별시 송파구 문정동 44-9,N,,3230000-205-1990-02645,3230000,서울특별시 송파구 동남로2길 9 (문정동),05805,,01,영업/정상,일반세탁업,02-408-8871,,,,,
,,,혜민사,일반세탁업,,,,,210952.627222126,442559.407557274,2026-05-03 22:32:40,I,01,영업,,2015-06-08 16:55:28,2003-02-27,115.83,138-826,서울특별시 송파구 문정동 60-6,N,,3230000-205-1990-02647,3230000,서울특별시 송파구 송파대로18길 7-1 (문정동),05807,,01,영업/정상,일반세탁업,02-401-0832,,,,,
,,,하얀사,일반세탁업,,,,,210711.224768987,443936.646397027,2026-05-03 22:32:39,I,01,영업,,2005-09-14 00:00:00,2003-02-27,.00,138-802,서울특별시 송파구 가락동 52-7,N,,3230000-205-1990-02670,3230000,서울특별시 송파구 송이로19길 5 (가락동),05714,,01,영업/정상,일반세탁업,02-0400-7870,,,,,
,,,은하사,일반세탁업,,,,,213795.835875629,443318.249008627,2026-05-03 22:32:28,I,01,영업,,2005-07-20 00:00:00,2003-02-27,35.10,138-821,서울특별시 송파구 마천동 329-30 (1층),N,,3230000-205-1990-03074,3230000,"서울특별시 송파구 성내천로 325 (마천동,(1층))",05762,,01,영업/정상,일반세탁업,02-448-0260,,,,,
,,,현대사,일반세탁업,,,,,213010.753370845,444078.664823955,2026-05-03 22:32:25,I,01,영업,,2005-07-21 00:00:00,2003-02-27,.00,138-818,서울특별시 송파구 마천동 120-5,N,,3230000-205-1991-03021,3230000,서울특별시 송파구 마천로39길 16 (마천동),05755,,01,영업/정상,일반세탁업,02-404-6198,,,,,
,,,한강사,일반세탁업,,,,,211266.598802933,444959.891111782,2026-05-03 22:32:25,I,01,영업,,2005-07-21 00:00:00,2003-02-27,.00,138-856,서울특별시 송파구 오금동 41-9,N,,3230000-205-1991-03024,3230000,서울특별시 송파구 마천로8길 19 (오금동),05659,,01,영업/정상,일반세탁업,02-0404-6700,,,,,
,,,한강세탁소,일반세탁업,,,,,212650.418028885,443013.887195707,2026-05-03 22:32:17,I,01,영업,,2005-09-22 00:00:00,2003-02-27,.00,138-110,서울특별시 송파구 거여동 293 거여4단지 아파트 406동상가  103호,N,,3230000-205-1991-03048,3230000,"서울특별시 송파구 양산로4길 8 (거여동,거여4단지 아파트 406동상가  103호)",05787,,01,영업/정상,일반세탁업,02-400-5330,,,,,
,,,효성세탁소,일반세탁업,,,,,210068.709244252,445895.515259907,2026-05-03 22:32:19,I,01,영업,,2013-12-23 13:45:30,2003-02-27,19.40,138-828,서울특별시 송파구 방이동 51-02 지하상가 B1  119호,N,,3230000-205-1991-03049,3230000,"서울특별시 송파구 백제고분로 501 (방이동, 지하상가B1 119호)",05545,,01,영업/정상,일반세탁업,02-0422-1416,,,,,
,,,백영사,일반세탁업,,,,,208187.623477261,445589.718583334,2026-05-03 22:32:24,I,01,영업,,2005-07-21 00:00:00,2003-02-27,.00,138-916,서울특별시 송파구 잠실동 27-6 5단지상가 3층동 319호,N,,3230000-205-1991-03055,3230000,"서울특별시 송파구 올림픽로 203, 3층동 319호 (잠실동,5단지상가)",05503,,01,영업/정상,일반세탁업,02-414-3939,,,,,
,,,현대사,일반세탁업,,,,,212713.286760893,444007.190288148,2026-05-03 22:32:29,I,01,영업,,2013-05-24 17:26:49,2003-02-27,.00,138-813,서울특별시 송파구 거여동 128-15 지상1층,N,,3230000-205-1991-03060,3230000,"서울특별시 송파구 오금로53길 50, 지상1층 (거여동)",05735,,01,영업/정상,일반세탁업,02-0431-2823,,,,,
,,,한양세탁,일반세탁업,,,,,208153.865301632,444642.452937264,2026-05-03 22:32:28,I,01,영업,,2023-12-28 11:50:10,2003-02-27,19.80,138-839,서울특별시 송파구 삼전동 103-8,N,,3230000-205-1991-03086,3230000,"서울특별시 송파구 백제고분로27길 10, 1층 (삼전동)",05604,,01,영업/정상,일반세탁업,02-417-6821,,,,,
,,,래미안 명품세탁,일반세탁업,,,,,211611.3536395,444006.154467815,2026-05-03 22:32:49,I,01,영업,,2020-12-16 10:57:15,2003-02-27,30.00,138-810,서울특별시 송파구 가락동 165 래미안파크팰리스 상가,N,,3230000-205-1991-03087,3230000,"서울특별시 송파구 동남로 227, 래미안파크팰리스 상가 1층 114호 (가락동)",05820,,01,영업/정상,일반세탁업,02-449-0391,,,,,
,,,백성 명품 크리닝,일반세탁업,,,,,209953.199606404,448113.567155547,2026-05-03 22:32:51,I,01,영업,,2019-08-06 15:49:42,2003-02-27,23.10,138-877,서울특별시 송파구 풍납동 203-19,N,,3230000-205-1992-02961,3230000,"서울특별시 송파구 풍성로 6, 1층 (풍납동)",05525,,01,영업/정상,일반세탁업,02-422-3383,,,,,
,,,SKY명품세탁,일반세탁업,2026-04-30,,,,207053.654109318,445132.409819111,2026-05-03 22:32:45,I,02,폐업,,2026-04-30 15:53:09,2003-02-27,29.70,138-862,서울특별시 송파구 잠실동 198-4 (1층),N,,3230000-205-1992-02973,3230000,"서울특별시 송파구 석촌호수로12길 52 (잠실동,(1층))",05562,,03,폐업,일반세탁업,02-417-2081,,,,,
,,,백성세탁,일반세탁업,,,,,208674.454997649,444118.833842654,2026-05-03 22:32:42,I,01,영업,,2013-06-13 15:28:04,2003-02-27,19.70,138-845,서울특별시 송파구 석촌동 227 지상1층,N,,3230000-205-1992-02980,3230000,"서울특별시 송파구 백제고분로34길 35, 지상1층 (석촌동)",05691,,01,영업/정상,일반세탁업,02-412-1823,,,,,
,,,대우세탁,일반세탁업,,,,,211233.250878951,442809.167803478,2026-05-03 22:32:19,I,01,영업,,2005-07-21 00:00:00,2003-02-27,.00,138-824,서울특별시 송파구 문정동 14-5,N,,3230000-205-1992-02993,3230000,서울특별시 송파구 문정로5길 17-19 (문정동),05797,,01,영업/정상,일반세탁업,02-443-4453,,,,,
,,,태양세탁,일반세탁업,,,,,194805.526776458,443077.339058147,2026-05-03 22:32:53,I,01,영업,,2024-12-06 13:52:30,1992-07-07,44.33,151-828,서울특별시 관악구 봉천동 635-131 지층,N,,3200000-205-1992-02575,3200000,"서울특별시 관악구 국회단지길 97, 지층 (봉천동)",08713,,01,영업/정상,일반세탁업,02-873-9272,,,,,
2,,,하얀사,일반세탁업,,,,,192399.688848584,442490.97215213,2026-05-03 22:32:49,I,01,영업,,2024-12-05 16:43:57,1992-08-08,.00,151-873,서울특별시 관악구 신림동 513-5,N,,3200000-205-1992-02581,3200000,서울특별시 관악구 남부순환로161가길 70 (신림동),08762,,01,영업/정상,일반세탁업,02-852-3325,1,,1,,
,,,서울사,일반세탁업,,,,,192498.283258,440063.920325898,2026-05-03 22:32:49,I,01,영업,,2024-12-05 16:25:22,1992-10-15,.00,151-885,서울특별시 관악구 신림동 675-149,N,,3200000-205-1992-02584,3200000,서울특별시 관악구 난향길 62 (신림동),08859,,01,영업/정상,일반세탁업,02-866-4024,,,,,
2,,,라이프크리닝,일반세탁업,,,,,192250.323983074,441659.758886721,2026-05-03 22:32:45,I,01,영업,,2024-12-06 14:02:33,1992-01-21,20.00,151-015,서울특별시 관악구 신림동 1700,N,,3200000-205-1992-02610,3200000,서울특별시 관악구 문성로 86 (신림동),08863,,01,영업/정상,일반세탁업,02-854-7283,1,,1,,
1,,,백양사,일반세탁업,,,,,194285.320892161,440630.736888232,2026-05-03 22:32:52,I,01,영업,,2024-12-05 17:02:07,1992-02-10,20.70,151-860,서울특별시 관악구 신림동 257-20,N,,3200000-205-1992-02611,3200000,"서울특별시 관악구 신림로17길 66, 나호 (신림동)",08819,,01,영업/정상,일반세탁업,02-878-2847,1,,1,,
1,,,부흥사,일반세탁업,,,,,193192.318112683,440829.075009293,2026-05-03 22:32:52,I,01,영업,,2022-09-28 13:27:56,1992-02-10,.00,151-883,서울특별시 관악구 신림동 646-127,N,,3200000-205-1992-02612,3200000,서울특별시 관악구 난곡로26길 76 (신림동),08856,,01,영업/정상,일반세탁업,02-857-0751,1,,1,,
3,,,협신사,일반세탁업,,,,,193441.378191575,442258.705838748,2026-05-03 22:32:56,I,01,영업,,2025-12-31 12:57:32,1992-10-09,19.80,151-869,서울특별시 관악구 신림동 1595-5,N,,3200000-205-1992-02818,3200000,서울특별시 관악구 신원로3길 40 (신림동),08774,,01,영업/정상,일반세탁업,02-854-0903,1,,1,,
2,,1,백운사,일반세탁업,,,,,193910.831607912,440671.140394618,2026-05-03 22:32:56,I,01,영업,,2024-12-05 16:57:02,1992-10-15,26.40,151-862,서울특별시 관악구 신림동 1529-6,N,,3200000-205-1992-02825,3200000,서울특별시 관악구 호암로 567 (신림동),08846,0,01,영업/정상,일반세탁업,02-886-8931,1,0,1,0,0
3,,1,건영세탁소,일반세탁업,,,,,194882.821846735,440553.71626053,2026-05-03 22:32:48,I,01,영업,,2024-12-05 16:57:33,1993-09-08,24.00,151-015,서울특별시 관악구 신림동 1703-1 건영아파트,N,,3200000-205-1993-02511,3200000,"서울특별시 관악구 신림로3길 40, 상가동 1층 (신림동, 건영아파트)",08816,1,01,영업/정상,일반세탁업,02-871-5888,1,0,1,0,0
,임대,,현대사,일반세탁업,,,,,194375.297374224,440176.635022518,2026-05-03 22:32:48,I,01,영업,,2024-12-05 17:00:47,1993-09-13,.00,151-860,서울특별시 관악구 신림동 255-189,N,,3200000-205-1993-02517,3200000,서울특별시 관악구 대학20길 27 (신림동),08824,,01,영업/정상,일반세탁업,02-874-8441,,,1,,
2,,,세라,일반세탁업,,,,,196257.833652996,443341.379446435,2026-05-03 22:32:48,I,01,영업,,2024-12-06 13:40:59,1993-09-16,23.00,151-050,서울특별시 관악구 봉천동 1000 현대상가,N,,3200000-205-1993-02518,3200000,"서울특별시 관악구 관악로 306, 현대상가 223호 (봉천동)",08730,,01,영업/정상,일반세탁업,02-874-5788,1,,1,,
3,,1,세탁나라,일반세탁업,,,,,196277.97489676,441966.460834342,2026-05-03 22:32:59,I,01,영업,,2024-12-06 13:45:17,1993-05-01,23.10,151-849,서울특별시 관악구 봉천동 1675-14,N,,3200000-205-1993-02550,3200000,서울특별시 관악구 행운1길 8 (봉천동),08740,,01,영업/정상,일반세탁업,02-873-8394,1,,1,,
1,임대,1,태양세탁소,일반세탁업,,,,,192967.315180253,441672.519557131,2026-05-03 22:32:44,I,01,영업,,2024-12-06 14:02:12,1993-01-20,20.20,151-878,서울특별시 관악구 신림동 598-20,N,,3200000-205-1993-02879,3200000,서울특별시 관악구 법원단지5다길 12 (신림동),08851,,01,영업/정상,일반세탁업,02-865-9108,1,,1,,
1,임대,,중앙사,일반세탁업,,,,,194846.144722897,441986.675105482,2026-05-03 22:32:52,I,01,영업,,2024-12-06 13:27:52,1994-06-18,20.50,151-844,서울특별시 관악구 봉천동 929-27 1층,N,,3200000-205-1994-02492,3200000,"서울특별시 관악구 쑥고개로11길 7, 1층 (봉천동)",08784,,01,영업/정상,일반세탁업,02-875-5214,1,,1,,
2,,,한일,일반세탁업,,,,,194653.458143166,442511.258096203,2026-05-03 22:32:52,I,01,영업,,2024-12-06 13:52:00,1994-07-08,26.40,151-843,서울특별시 관악구 봉천동 934-25,N,,3200000-205-1994-02494,3200000,서울특별시 관악구 봉천로29길 14 (봉천동),08750,,01,영업/정상,일반세탁업,02-873-9904,1,,1,,
1,임대,,영일세탁,일반세탁업,,,,,193837.455382375,443121.580007271,2026-05-03 22:32:49,I,01,영업,,2024-12-05 16:51:27,1994-03-11,23.10,151-821,서울특별시 관악구 봉천동 690-2,N,,3200000-205-1994-02531,3200000,서울특별시 관악구 봉천로13길 41 (봉천동),08711,,01,영업/정상,일반세탁업,02-878-3683,1,,1,,
2,,,명문,일반세탁업,,,,,196289.662669841,442999.957878081,2026-05-03 22:32:49,I,01,영업,,2024-12-06 13:39:08,1994-03-28,33.00,151-803,서울특별시 관악구 봉천동 10-20,N,,3200000-205-1994-02534,3200000,서울특별시 관악구 청림3길 19 (봉천동),08732,,01,영업/정상,일반세탁업,02-887-8651,1,,1,,
2,,1,해성사,일반세탁업,,,,,193756.626669209,441724.498077062,2026-05-03 22:32:52,I,01,영업,,2024-12-05 17:07:42,1995-05-02,91.03,151-867,서울특별시 관악구 신림동 412-45 (1층),N,,3200000-205-1995-02509,3200000,서울특별시 관악구 문성로38길 22 (신림동),08843,0,01,영업/정상,일반세탁업,02-866-9085,1,0,1,0,0
0,,0,에덴사,일반세탁업,,,,,192185.263628058,442506.822748445,2026-05-03 22:32:52,I,01,영업,,2024-12-06 13:56:10,1995-10-07,.00,151-876,서울특별시 관악구 신림동 533-16,N,,3200000-205-1995-02786,3200000,서울특별시 관악구 조원로 91-1 (신림동),08701,0,01,영업/정상,일반세탁업,02-854-8407,0,0,1,0,0
1,,,제일사,일반세탁업,,,,,195707.946534782,442488.677034214,2026-05-03 22:32:47,I,01,영업,,2024-12-06 13:35:40,1995-10-30,16.50,151-811,서울특별시 관악구 봉천동 49-11,N,,3200000-205-1995-02939,3200000,서울특별시 관악구 중앙길 45 (봉천동),08746,,01,영업/정상,일반세탁업,02-878-3485,1,,1,,
0,임대,0,현대 세탁소,일반세탁업,,,,,207765.345117075,444230.811991104,2026-05-03 22:32:51,I,01,영업,0,2022-10-12 15:28:29,2020-05-21,24.91,138-838,서울특별시 송파구 삼전동 39 현대아파트,N,0,3230000-205-2020-00006,3230000,"서울특별시 송파구 백제고분로22길 37, 현대아파트 1층 103호 (삼전동)",05595,1,01,영업/정상,일반세탁업,,1,,1,,1
0,임대,0,거여 파워 명품세탁,일반세탁업,,,,,212899.338951049,442943.338506955,2026-05-03 22:32:49,I,01,영업,0,2020-12-24 13:52:36,2020-12-24,39.00,138-110,서울특별시 송파구 거여동 295 거여6단지아파트,N,0,3230000-205-2020-00011,3230000,"서울특별시 송파구 양산로2길 38, 상가 101-2호 (거여동, 거여6단지아파트)",05789,1,01,영업/정상,일반세탁업,,1,,1,,1
0,임대,0,구두수선.운동화빨래방,운동화전문세탁업,,,,,207738.684481531,444299.035916761,2026-05-03 22:32:49,I,01,영업,0,2021-02-15 09:19:47,2021-02-15,25.00,138-838,서울특별시 송파구 삼전동 40,N,0,3230000-205-2021-00002,3230000,"서울특별시 송파구 백제고분로22길 33, 1층 (삼전동)",05595,1,01,영업/정상,운동화전문세탁업,,1,,1,,1
0,임대,0,현대세탁소,일반세탁업,,,,,209699.732038203,444731.118589596,2026-05-03 22:32:49,I,01,영업,0,2021-06-16 14:15:32,2021-06-16,31.85,138-850,서울특별시 송파구 송파동 91-17,N,0,3230000-205-2021-00003,3230000,"서울특별시 송파구 가락로21길 31, 1층 102호 (송파동)",05667,0,01,영업/정상,일반세탁업,,1,,1,,1
0,,0,운동화 이불 빠는 날,운동화전문세탁업,,,,,213523.631762485,443884.077303995,2026-05-03 22:32:49,I,01,영업,0,2021-12-08 15:11:20,2021-12-08,33.00,138-820,서울특별시 송파구 마천동 190-27,N,0,3230000-205-2021-00005,3230000,"서울특별시 송파구 마천로51길 40, 1층 2호 (마천동)",05758,1,01,영업/정상,운동화전문세탁업,,,,,,1
0,임대,0,크린홈,일반세탁업,,,,,208648.435932928,444561.035152708,2026-05-03 22:32:49,I,01,영업,0,2021-12-10 16:24:55,2021-12-10,69.75,138-842,서울특별시 송파구 석촌동 13-13,N,0,3230000-205-2021-00006,3230000,"서울특별시 송파구 삼학사로14길 14-1, 101호,102호 (석촌동)",05613,2,01,영업/정상,일반세탁업,,1,,1,,3
0,,0,럭키 세탁소,일반세탁업,,,,,208853.600352589,444458.036691859,2026-05-03 22:32:49,I,01,영업,0,2022-08-22 10:02:32,2022-08-22,23.10,138-845,서울특별시 송파구 석촌동 245-4,N,0,3230000-205-2022-00002,3230000,"서울특별시 송파구 가락로5길 33, 1층 101호 (석촌동)",05680,1,01,영업/정상,일반세탁업,,1,,1,,1
0,,0,헬리오 명품세탁소,일반세탁업,,,,,209412.197809542,443928.783342251,2026-05-03 22:32:49,I,01,영업,0,2022-08-26 11:13:54,2022-08-26,28.26,138-160,서울특별시 송파구 가락동 913 헬리오시티,N,0,3230000-205-2022-00003,3230000,"서울특별시 송파구 송파대로 345, 그린생활시설 1B동 지하1층 155호 (가락동, 헬리오시티)",05698,1,01,영업/정상,일반세탁업,,,1,,1,2
0,,0,현대세탁소,일반세탁업,,,,,212403.643733203,443417.837902915,2026-05-03 22:32:49,I,01,영업,0,2022-12-05 14:03:55,2022-12-05,16.65,138-816,서울특별시 송파구 거여동 362 현대아파트,N,0,3230000-205-2022-00004,3230000,"서울특별시 송파구 오금로54길 10, 103, 104호 (거여동, 현대아파트)",05771,1,01,영업/정상,일반세탁업,,,,,,1
0,,0,현대 명품 세탁,일반세탁업,,,,,211908.776682936,443163.745015781,2026-05-03 22:32:49,I,01,영업,0,2024-01-17 16:37:24,2024-01-17,.00,138-200,서울특별시 송파구 문정동 145 문정시영아파트상가,N,0,3230000-205-2024-00001,3230000,"서울특별시 송파구 송이로31길 52, 문정시영아파트상가 1층 107호 (문정동)",05786,1,01,영업/정상,일반세탁업,,,,,,2
0,,0,송파시니어클럽 버블세탁소,일반세탁업,,,,,209636.916608671,444858.989436237,2026-05-03 22:32:49,I,01,영업,0,2024-01-22 14:49:10,2024-01-17,82.00,138-851,서울특별시 송파구 송파동 113-2 송파여성문화회관,N,0,3230000-205-2024-00002,3230000,"서울특별시 송파구 백제고분로42길 5, 송파여성문화회관 4층 (송파동)",05666,4,01,영업/정상,일반세탁업,02-424-1255,,,,,4
0,,0,파인항균세탁,일반세탁업,,,,,211474.833458827,441716.229439967,2026-05-03 22:32:49,I,01,영업,0,2024-04-01 13:08:51,2024-04-01,34.56,138-925,서울특별시 송파구 장지동 856 송파파인타운10단지,N,0,3230000-205-2024-00003,3230000,"서울특별시 송파구 송파대로8길 20, 202호 (장지동, 송파파인타운10단지)",05813,1,01,영업/정상,일반세탁업,,,,,,2
0,,0,한양세탁소,일반세탁업,,,,,208317.419891103,445894.98085039,2026-05-03 22:32:49,I,01,영업,0,2025-01-09 17:41:38,2025-01-09,40.07,138-916,서울특별시 송파구 잠실동 27 잠실주공아파트,N,0,3230000-205-2025-00001,3230000,"서울특별시 송파구 송파대로 567, 2층 제201-가호내 제2층호 (잠실동, 잠실주공아파트)",05503,1,01,영업/정상,일반세탁업,,,,,,1
0,,0,키즈리턴 세탁,일반세탁업,,,,,212563.050500552,441406.981434166,2026-05-03 22:32:49,I,01,영업,0,2025-04-16 10:47:19,2025-04-16,50.80,138-926,서울특별시 송파구 장지동 896 위례중앙푸르지오2단지,N,0,3230000-205-2025-00002,3230000,"서울특별시 송파구 위례광장로 290, 상가동 1층 132호 (장지동, 위례중앙푸르지오2단지)",05852,2,01,영업/정상,일반세탁업,,1,,,,2
0,,0,모아사,일반세탁업,,,,,210340.826709555,447840.280039071,2026-05-03 22:32:50,I,01,영업,0,2025-06-16 14:27:52,2025-06-16,28.00,138-874,서울특별시 송파구 풍납동 231-21,N,0,3230000-205-2025-00003,3230000,"서울특별시 송파구 올림픽로51길 31, 1층 (풍납동)",05532,1,01,영업/정상,일반세탁업,,,,,,2
0,,0,서울송파지역자활센터(따뜻한 빨래터),일반세탁업,,,,,212721.851392853,443595.751962782,2026-05-03 22:32:49,I,01,영업,0,2025-06-20 16:01:02,2025-06-20,90.00,138-813,서울특별시 송파구 거여동 174-4 대화빌딩,N,0,3230000-205-2025-00004,3230000,"서울특별시 송파구 거마로 13, 1층 (거여동)",05744,2,01,영업/정상,일반세탁업,,,,,,2
0,,0,코인워시 송파삼전호수점,빨래방업,,,,,208378.058421945,444811.316666732,2026-05-03 22:32:49,I,01,영업,0,2025-07-14 10:02:57,2025-07-14,46.24,138-840,서울특별시 송파구 삼전동 113-8,N,0,3230000-205-2025-00005,3230000,"서울특별시 송파구 백제고분로31길 31, 104호 (삼전동)",05601,3,01,영업/정상,빨래방업,,,,,,3
0,,0,파워 명품 세탁소,일반세탁업,2026-04-24,,,,,,2026-05-03 22:32:49,I,02,폐업,0,2026-04-24 15:26:22,2025-12-11,50.22,138-888,서울특별시 송파구 문정동 639-5 힐스테이트에코송파,N,0,3230000-205-2025-00006,3230000,"서울특별시 송파구 정의로7길 13, 힐스테이트에코송파 1층 130호 (문정동)",05835,1,03,폐업,일반세탁업,,,,,,1
3,임대,1,복음세탁소,일반세탁업,2026-01-02,,,,194465.827595477,442731.374990484,2026-05-03 22:32:59,I,02,폐업,0,2026-01-02 09:16:56,2019-09-23,30.00,151-913,서울특별시 관악구 봉천동 952-9,N,0,3200000-205-2019-00003,3200000,"서울특별시 관악구 봉천로23나길 52, 1층 (봉천동)",08717,0,03,폐업,일반세탁업,,1,0,1,0,1
3,,1,명동사,일반세탁업,,,,,194563.967098127,441513.376340074,2026-05-03 22:32:47,I,01,영업,,2024-12-05 17:08:22,1995-08-07,12.00,151-854,서울특별시 관악구 신림동 1564-59,N,,3200000-205-1995-02958,3200000,서울특별시 관악구 쑥고개로2길 40 (신림동),08828,0,01,영업/정상,일반세탁업,02-884-8507,1,0,1,0,0
3,,1,신봉세탁,일반세탁업,,,,,195415.178117697,442459.962936231,2026-05-03 22:32:46,I,01,영업,,2024-12-06 13:35:18,1995-05-11,23.10,151-837,서울특별시 관악구 봉천동 886-33,N,,3200000-205-1995-02965,3200000,서울특별시 관악구 양녕로6길 40 (봉천동),08748,,01,영업/정상,일반세탁업,02-883-1093,1,,1,,
3,,1,대원사,일반세탁업,,,,,191872.123648545,442157.163713083,2026-05-03 22:32:46,I,01,영업,,2024-12-06 13:55:39,1995-05-19,.00,151-877,서울특별시 관악구 신림동 563-75,N,,3200000-205-1995-02968,3200000,서울특별시 관악구 조원중앙로2길 73 (신림동),08766,,01,영업/정상,일반세탁업,02-838-8077,1,,1,,
2,,1,한양,일반세탁업,,,,,192414.83245623,441207.232322404,2026-05-03 22:32:46,I,01,영업,,2024-12-06 14:01:48,1995-05-20,23.10,151-898,서울특별시 관악구 신림동 1563-82 상가동 1층 1호,N,,3200000-205-1995-02969,3200000,"서울특별시 관악구 미성5길 33, 1호 (신림동,상가동 1층)",08865,,01,영업/정상,일반세탁업,02-837-4461,1,,1,,
4,,,크린패밀리,일반세탁업,,,,,194599.074743665,440781.588263507,2026-05-03 22:32:46,I,01,영업,,2024-12-05 16:58:52,1995-06-20,24.00,151-859,서울특별시 관악구 신림동 244-175,N,,3200000-205-1995-02975,3200000,서울특별시 관악구 대학5길 36 (신림동),08814,,01,영업/정상,일반세탁업,02-877-2049,1,,1,,
2,임대,1,명성세탁,일반세탁업,,,,,194378.302669279,442344.816620211,2026-05-03 22:32:46,I,01,영업,,2024-12-05 16:50:04,1995-06-23,24.00,151-852,서울특별시 관악구 신림동 1502-0,N,,3200000-205-1995-02976,3200000,서울특별시 관악구 남부순환로200가길 7 (신림동),08780,,01,영업/정상,일반세탁업,02-886-6154,1,,1,,
4,,1,백양세탁,일반세탁업,,,,,193957.944323928,441437.774867372,2026-05-03 22:32:47,I,01,영업,,2024-12-05 17:11:02,1995-07-06,79.20,151-015,서울특별시 관악구 신림동 1694 신림현대종합상가 A동 210호,N,,3200000-205-1995-02979,3200000,"서울특별시 관악구 신림로29길 3-20, 신림현대종합상가 상가A동 210호 (신림동)",08845,,01,영업/정상,일반세탁업,02-877-5977,2,,2,,
3,,1,한성사,일반세탁업,,,,,193957.944323928,441437.774867372,2026-05-03 22:32:47,I,01,영업,,2024-12-05 17:12:01,1995-07-18,46.40,151-015,서울특별시 관악구 신림동 1694 신림현대종합상가 B동 204호,N,,3200000-205-1995-02980,3200000,"서울특별시 관악구 신림로29길 3-20, 신림현대종합상가 상가B동 204호 (신림동)",08845,,01,영업/정상,일반세탁업,02-874-7885,2,,2,,
,임대,,뽀솜이빨래방,일반세탁업,,,,,194048.026097337,440788.535149303,2026-05-03 22:32:47,I,01,영업,,2024-12-05 17:03:42,1995-07-28,38.00,151-895,서울특별시 관악구 신림동 1532-15,N,,3200000-205-1995-02983,3200000,서울특별시 관악구 호암로26가길 35 (신림동),08812,,01,영업/정상,일반세탁업,02-872-0062,,,1,,
2,임대,1,오리온,일반세탁업,,,,,193929.357294778,443270.944256046,2026-05-03 22:32:48,I,01,영업,,2024-12-05 16:51:59,1996-08-23,26.40,151-821,서울특별시 관악구 봉천동 686,N,,3200000-205-1996-02916,3200000,서울특별시 관악구 봉천로13길 77-3 (봉천동),08711,,01,영업/정상,일반세탁업,02-882-0880,1,,1,,
2,,1,시온세탁의집,일반세탁업,,,,,196044.192957121,442376.676370519,2026-05-03 22:32:48,I,01,영업,,2024-12-06 13:44:46,1996-09-10,23.97,151-809,서울특별시 관악구 봉천동 30-6,N,,3200000-205-1996-02918,3200000,서울특별시 관악구 행운1길 113 (봉천동),08737,,01,영업/정상,일반세탁업,02-885-0761,1,,1,,
5,임대,1,월풀빨래방,일반세탁업,,,,,194147.629656623,440818.646959829,2026-05-03 22:32:48,I,01,영업,,2024-12-05 17:03:09,1996-11-04,39.60,151-895,서울특별시 관악구 신림동 1533-3,N,,3200000-205-1996-02921,3200000,서울특별시 관악구 신림로23길 34 (신림동),08812,,01,영업/정상,일반세탁업,02-877-4495,1,,1,,
0,,0,EVERYDAY 새신발세탁소,운동화전문세탁업,2025-12-29,,,,208194.202952444,446000.543751385,2026-05-03 22:32:49,I,02,폐업,0,2025-12-29 13:36:00,2021-01-13,25.05,138-916,서울특별시 송파구 잠실동 27-2 주공아파트,N,0,3230000-205-2021-00001,3230000,"서울특별시 송파구 잠실로 15, 1층 2호 (잠실동)",05503,1,03,폐업,운동화전문세탁업,,,,,,2
4,임대,1,사계절세탁소,일반세탁업,,,,,194448.375878518,440386.551276542,2026-05-03 22:32:55,I,01,영업,,2024-12-05 17:00:05,1996-11-18,33.00,151-860,서울특별시 관악구 신림동 255-274,N,,3200000-205-1996-02923,3200000,서울특별시 관악구 대학길 119 (신림동),08818,,01,영업/정상,일반세탁업,02-885-8010,1,,1,,
3,,0,미광사,일반세탁업,,,,,191607.695219217,442289.604269344,2026-05-03 22:32:55,I,01,영업,,2024-12-06 13:55:19,1996-12-11,19.80,151-903,서울특별시 관악구 신림동 1650-0,N,,3200000-205-1996-02928,3200000,서울특별시 관악구 조원로10길 15 (신림동),08769,0,01,영업/정상,일반세탁업,02-3281-3386,1,0,1,0,0
2,임대,1,햇빛세탁,일반세탁업,,,,,193658.409655939,440493.683748942,2026-05-03 22:32:48,I,01,영업,,2024-12-05 16:55:50,1996-08-06,24.69,151-015,서울특별시 관악구 신림동 1704-2 신림1단지주공(아)상가동 104호,N,,3200000-205-1996-02934,3200000,"서울특별시 관악구 광신길 210 (신림동,신림1단지주공(아)상가동 104호)",08848,,01,영업/정상,일반세탁업,02-871-3394,1,,1,,3
17,,1,미강세탁,일반세탁업,,,,,193671.349359142,442039.985895904,2026-05-03 22:32:47,I,01,영업,,2024-12-05 17:07:21,1996-05-14,39.60,151-783,서울특별시 관악구 신림동 1695 동부아파트상가121호동,N,,3200000-205-1996-02954,3200000,"서울특별시 관악구 신원로 26 (신림동,동부아파트상가121호동)",08775,,01,영업/정상,일반세탁업,02-863-8821,1,,1,,
3,,1,모아그린드라이방,일반세탁업,,,,,193838.505350431,441884.430548453,2026-05-03 22:32:47,I,01,영업,,2024-12-05 17:05:21,1996-05-31,66.00,151-900,서울특별시 관악구 신림동 1634-12,N,,3200000-205-1996-02956,3200000,서울특별시 관악구 신림로 275-1 (신림동),08775,0,01,영업/정상,일반세탁업,02-865-2484,1,0,1,0,0
4,,1,천하세탁소,일반세탁업,,,,,192817.818457133,440263.768319604,2026-05-03 22:32:58,I,01,영업,,2024-12-05 16:25:54,1997-04-03,36.80,151-015,서울특별시 관악구 신림동 1738 지1층 B05호,N,,3200000-205-1997-02903,3200000,"서울특별시 관악구 난곡로 100, 지1층 B05호 (신림동)",08860,,01,영업/정상,일반세탁업,02-3281-7720,1,,1,,
,,,제일세탁,일반세탁업,,,,,210045.748264305,442930.687284628,2026-05-03 22:32:19,I,01,영업,,2005-07-21 00:00:00,2003-02-27,.00,138-885,서울특별시 송파구 문정동 150 훼밀리(아) 호순이상가 204호,N,,3230000-205-2003-00064,3230000,"서울특별시 송파구 중대로 24 (문정동,훼밀리(아) 호순이상가 204호)",05834,,01,영업/정상,일반세탁업,02-401-7573,,,,,
,,,백양사,일반세탁업,,,,,208548.19135796,444260.08022155,2026-05-03 22:32:18,I,01,영업,,2005-07-21 00:00:00,2003-02-27,.00,138-845,서울특별시 송파구 석촌동 215-9,N,,3230000-205-2003-00066,3230000,서울특별시 송파구 삼학사로10길 5 (석촌동),05679,,01,영업/정상,일반세탁업,02-414-7663,,,,,
,,,아남세탁,일반세탁업,,,,,212780.755745814,444261.78281416,2026-05-03 22:32:18,I,01,영업,,2009-08-14 17:14:38,2003-02-27,.00,138-817,서울특별시 송파구 마천동 20-6,N,,3230000-205-2003-00070,3230000,서울특별시 송파구 마천로35길 13 (마천동),05733,,01,영업/정상,일반세탁업,02-443-4715,,,,,
,,,백합사,일반세탁업,,,,,210282.478607038,445741.888861314,2026-05-03 22:32:18,I,01,영업,,2005-07-21 00:00:00,2003-02-27,.00,138-830,서울특별시 송파구 방이동 175-7,N,,3230000-205-2003-00071,3230000,서울특별시 송파구 백제고분로50길 19 (방이동),05627,,01,영업/정상,일반세탁업,02-418-4473,,,,,
,,,삼성세탁,일반세탁업,,,,,208707.089897534,446299.352775446,2026-05-03 22:32:19,I,01,영업,,2013-12-23 14:06:58,2003-02-27,.00,138-934,서울특별시 송파구 신천동 7 장미B상가 219호,N,,3230000-205-2003-00077,3230000,"서울특별시 송파구 올림픽로35길 112 (신천동, 장미아파트B상가219호)",05504,,01,영업/정상,일반세탁업,02-422-3426,,,,,
,,,백광세탁,일반세탁업,,,,,210422.574505583,443987.754829695,2026-05-03 22:32:20,I,01,영업,,2008-12-03 16:38:02,2003-02-27,.00,138-804,서울특별시 송파구 가락동 91-10,N,,3230000-205-2003-00091,3230000,서울특별시 송파구 양재대로62길 18 (가락동),05711,,01,영업/정상,일반세탁업,02-402-8995,,,,,
,,,캠브리지세탁,일반세탁업,,,,,210821.88195506,445490.718810581,2026-05-03 22:32:20,I,01,영업,,2005-07-21 00:00:00,2003-02-27,.00,138-834,서울특별시 송파구 방이동 193-31,N,,3230000-205-2003-00092,3230000,서울특별시 송파구 양재대로71길 36 (방이동),05637,,01,영업/정상,일반세탁업,02-422-9242,,,,,
,,,큐,일반세탁업,,,,,211105.493085487,443095.853323074,2026-05-03 22:32:18,I,01,영업,,2005-07-21 00:00:00,2003-06-02,.00,138-824,서울특별시 송파구 문정동 7,N,,3230000-205-2003-00102,3230000,서울특별시 송파구 송이로28길 9 (문정동),05796,,01,영업/정상,일반세탁업,02-448-2353,,,,,
,,,레이크팰리스 세탁소,일반세탁업,,,,,208105.938904596,445043.97737109,2026-05-03 22:32:50,I,01,영업,,2016-10-04 15:41:53,2003-02-27,28.00,138-915,서울특별시 송파구 잠실동 44-3,N,,3230000-205-2003-00105,3230000,"서울특별시 송파구 석촌호수로 135, 209,210호 (잠실동, 레이크팰리스 상가)",05607,,01,영업/정상,일반세탁업,02-414-6617,,,,,
,,,쌍용 세탁,일반세탁업,,,,,210334.58191272,447229.829463482,2026-05-03 22:32:50,I,01,영업,,2016-01-20 13:16:13,2003-02-27,33.00,138-879,서울특별시 송파구 풍납동 401-1,N,,3230000-205-2003-00111,3230000,"서울특별시 송파구 올림픽로47길 9, 9호 (풍납동)",05538,,01,영업/정상,일반세탁업,02-486-7881,,,,,
,,,현대세탁,일반세탁업,,,,,210440.282511104,447466.879214999,2026-05-03 22:32:18,I,01,영업,,2005-07-21 00:00:00,2003-02-27,.00,138-879,서울특별시 송파구 풍납동 413-1 현대(아)상가,N,,3230000-205-2003-00116,3230000,"서울특별시 송파구 올림픽로 525 (풍납동,현대(아)상가)",05530,,01,영업/정상,일반세탁업,02-472-4604,,,,,
,,,국제세탁,일반세탁업,,,,,211834.079335928,443488.453242124,2026-05-03 22:32:18,I,01,영업,,2005-07-20 00:00:00,2003-02-27,.00,138-812,서울특별시 송파구 가락동 185-5,N,,3230000-205-2003-00117,3230000,서울특별시 송파구 문정로11길 12 (가락동),05782,,01,영업/정상,일반세탁업,02-409-1914,,,,,
,,,현대세탁,일반세탁업,,,,,210247.704064266,445407.250335161,2026-05-03 22:32:18,I,01,영업,,2013-06-07 15:01:49,2003-02-27,30.00,138-832,서울특별시 송파구 방이동 141-6 지상1층,N,,3230000-205-2003-00119,3230000,"서울특별시 송파구 오금로23길 25, 지상1층 (방이동)",05633,,01,영업/정상,일반세탁업,02-413-6486,,,,,
,,,이태리세탁,일반세탁업,,,,,210645.909994655,445563.528704879,2026-05-03 22:32:18,I,01,영업,,2007-03-22 00:00:00,2003-02-27,.00,138-833,서울특별시 송파구 방이동 166-18,N,,3230000-205-2003-00121,3230000,서울특별시 송파구 가락로42길 13 (방이동),05636,,01,영업/정상,일반세탁업,02-424-2959,,,,,
,,,수경사,일반세탁업,,,,,207754.944944432,444423.821030541,2026-05-03 22:32:18,I,01,영업,,2005-07-21 00:00:00,2003-02-27,.00,138-838,서울특별시 송파구 삼전동 34-4,N,,3230000-205-2003-00123,3230000,서울특별시 송파구 백제고분로22길 22 (삼전동),05593,,01,영업/정상,일반세탁업,02-417-6566,,,,,
,,,그린세탁,일반세탁업,,,,,211986.297245596,446156.529775445,2026-05-03 22:32:19,I,01,영업,,2005-07-21 00:00:00,2003-02-27,.00,138-829,서울특별시 송파구 방이동 89 올림픽(아) F상가 102호,N,,3230000-205-2003-00128,3230000,"서울특별시 송파구 양재대로 1218 (방이동,올림픽(아) F상가 102호)",05649,,01,영업/정상,일반세탁업,02-449-0065,,,,,
,,,프라자세탁,일반세탁업,,,,,211986.297245596,446156.529775445,2026-05-03 22:32:19,I,01,영업,,2005-07-21 00:00:00,2003-02-27,.00,138-829,서울특별시 송파구 방이동 89 올림픽(아) 프라자상가 3층2호,N,,3230000-205-2003-00129,3230000,"서울특별시 송파구 양재대로 1218 (방이동,올림픽(아) 프라자상가 3층2호)",05649,,01,영업/정상,일반세탁업,02-401-5666,,,,,
,,,유림사,일반세탁업,,,,,210194.323888361,447906.297359597,2026-05-03 22:32:18,I,01,영업,,2005-07-21 00:00:00,2003-07-18,.00,138-874,서울특별시 송파구 풍납동 228-4,N,,3230000-205-2003-00134,3230000,서울특별시 송파구 풍성로14길 14 (풍납동),05526,,01,영업/정상,일반세탁업,02-474-3278,,,,,
5,임대,,삼양세탁,일반세탁업,,,,,206397.34797252,444963.233863255,2026-05-03 22:32:18,I,01,영업,,2013-12-23 14:24:23,2003-09-03,67.00,138-892,서울특별시 송파구 잠실동 101-1 우성상가 311호,N,,3230000-205-2003-00140,3230000,"서울특별시 송파구 올림픽로4길 48 (잠실동, 우성아파트 프리마상가311호)",05571,,01,영업/정상,일반세탁업,02-422-2134,3,,3,,
4,,,미래,일반세탁업,,,,,211259.909777857,443711.702922024,2026-05-03 22:32:18,I,01,영업,,2013-12-23 14:26:06,2003-10-30,25.00,138-808,서울특별시 송파구 가락동 140 쌍용(아)27동 202호,N,,3230000-205-2003-00143,3230000,"서울특별시 송파구 동남로 189 (가락동, 가락쌍용아파트27동202호)",05823,,01,영업/정상,일반세탁업,02-406-2341,2,,2,,
,,,타워세탁,일반세탁업,2026-03-04,,,,194206.929046371,441173.613185363,2026-05-03 22:33:00,I,02,폐업,,2026-03-04 09:13:51,1997-06-09,24.00,151-855,서울특별시 관악구 신림동 107-37,N,,3200000-205-1997-02907,3200000,서울특별시 관악구 신림로28길 27 (신림동),08838,,03,폐업,일반세탁업,02-874-4311,,,,,
1,임대,,백마사,일반세탁업,,,,,193725.543987399,443161.514841219,2026-05-03 22:32:59,I,01,영업,,2024-12-05 16:52:26,1998-01-15,33.00,151-821,서울특별시 관악구 봉천동 692-7,N,,3200000-205-1998-02882,3200000,"서울특별시 관악구 당곡2길 14, 1층 (봉천동)",08711,,01,영업/정상,일반세탁업,02-882-0768,1,,1,,
1,임대,0,왕성세탁,일반세탁업,,,,,193635.584969735,443437.692580028,2026-05-03 22:32:44,I,01,영업,,2013-12-11 08:40:40,1998-05-12,22.58,151-831,서울특별시 관악구 봉천동 1500,N,,3200000-205-1998-02887,3200000,서울특별시 관악구 보라매로6길 33 (봉천동),08709,0,01,영업/정상,일반세탁업,02-884-3068,1,0,1,0,0
,,,빨리셀프크리닝,일반세탁업,,,,,194330.049596207,441712.378175578,2026-05-03 22:32:56,I,01,영업,,2024-12-05 16:50:37,1998-11-10,47.19,151-853,서울특별시 관악구 신림동 92-285,N,,3200000-205-1998-02891,3200000,서울특별시 관악구 신림로 224 (신림동),08783,,01,영업/정상,일반세탁업,02-872-8253,,,,,
2,자가,,한국세탁소,일반세탁업,,,,,198206.437327566,441254.586829678,2026-05-03 22:32:43,I,01,영업,,2024-12-06 13:54:28,1998-05-07,62.12,151-801,서울특별시 관악구 남현동 602-182 A동 B101호,N,,3200000-205-1998-02893,3200000,"서울특별시 관악구 승방길 27, A동 지1층 B101호 (남현동)",08808,1,01,영업/정상,일반세탁업,02-598-3228,1,,1,,3
0,,0,서광세탁,일반세탁업,,,,,195084.631134892,442661.670322754,2026-05-03 22:32:59,I,01,영업,,2024-12-06 13:49:28,1998-12-20,26.98,151-050,서울특별시 관악구 봉천동 1708-1 두산아파트,N,,3200000-205-1998-02894,3200000,"서울특별시 관악구 은천로 92, 두산아파트 상가2동 1층 120,121호 (봉천동)",08751,1,01,영업/정상,일반세탁업,02-587-5539,0,0,0,0,2
0,,0,최신사,일반세탁업,,,,,195033.308301004,442094.857550487,2026-05-03 22:32:50,I,01,영업,,2024-12-06 13:27:23,1999-12-06,39.66,151-842,서울특별시 관악구 봉천동 921-3 1층,N,,3200000-205-1999-02627,3200000,"서울특별시 관악구 청룡4길 28, 1층 (봉천동)",08785,0,01,영업/정상,일반세탁업,02-883-6393,0,0,0,0,0
0,,0,진성 크린,일반세탁업,,,,,192546.741986263,442849.18037902,2026-05-03 22:32:58,I,01,영업,,2024-12-05 16:44:58,1999-08-24,52.80,151-871,서울특별시 관악구 신림동 496-37 1층,N,,3200000-205-1999-02881,3200000,"서울특별시 관악구 신사로14길 19 (신림동,1층)",08702,0,01,영업/정상,일반세탁업,02-853-0042,0,0,1,0,0
,,,민경세탁,일반세탁업,,,,,195067.084060535,442385.180103819,2026-05-03 22:32:59,I,01,영업,,2024-12-06 13:49:05,1999-06-16,33.00,151-840,서울특별시 관악구 봉천동 908-31,N,,3200000-205-1999-02988,3200000,서울특별시 관악구 양녕로1길 28 (봉천동),08752,,01,영업/정상,일반세탁업,,,,,,
5,임대,1,우성세탁소,일반세탁업,,,,,196350.708293561,442532.440501316,2026-05-03 22:32:55,I,01,영업,,2024-12-06 13:44:14,2000-05-30,57.37,151-050,서울특별시 관악구 봉천동 1706 봉천우성(아)상가동 214호,N,,3200000-205-2000-00002,3200000,"서울특별시 관악구 관악로30길 12 (봉천동,봉천우성(아)상가동 214호)",08735,,01,영업/정상,일반세탁업,02-888-4399,2,,2,,3
,임대,,우성세탁소,일반세탁업,,,,,195318.022438085,442337.99007505,2026-05-03 22:33:00,I,01,영업,,2024-12-06 13:34:47,2000-02-28,23.00,151-823,서울특별시 관악구 봉천동 892-1 1층,N,,3200000-205-2000-00005,3200000,"서울특별시 관악구 양녕로2길 22, 1층 (봉천동)",08748,0,01,영업/정상,일반세탁업,,1,,1,,2
5,,1,임광세탁,일반세탁업,,,,,192773.751831861,440839.689205962,2026-05-03 22:32:42,I,01,영업,,2025-12-31 15:19:03,2000-11-13,20.63,151-015,서울특별시 관악구 신림동 1727 임광관악파크 105동 지하204호,N,,3200000-205-2000-00009,3200000,"서울특별시 관악구 난곡로 167, 105동 지하204호 (신림동,임광관악파크)",08858,,01,영업/정상,일반세탁업,02-837-4742,2,,2,,
3,,,샤론사,일반세탁업,,,,,192584.881292257,440101.356983392,2026-05-03 22:32:44,I,01,영업,,2024-12-05 16:26:37,2000-03-13,.00,151-885,서울특별시 관악구 신림동 675-167,N,,3200000-205-2000-00011,3200000,서울특별시 관악구 난향길 38 (신림동),08859,,01,영업/정상,일반세탁업,02-838-6512,1,,1,,
0,임대,0,경일사,일반세탁업,,,,,193904.479934241,442899.764933,2026-05-03 22:32:53,I,01,영업,,2024-12-05 16:52:48,2001-05-24,.00,151-829,서울특별시 관악구 봉천동 969-1,N,,3200000-205-2001-00003,3200000,서울특별시 관악구 봉천로17길 7 (봉천동),08720,1,01,영업/정상,일반세탁업,02-889-3980,0,0,1,0,0
,,,백영사,일반세탁업,,,,,192536.914133415,441323.398130517,2026-05-03 22:32:44,I,01,영업,,2024-12-06 14:01:16,2001-09-25,.00,151-887,서울특별시 관악구 신림동 728-13,N,,3200000-205-2001-00004,3200000,서울특별시 관악구 미성3길 8 (신림동),08865,,01,영업/정상,일반세탁업,02-866-6779,,,1,,
3,임대,1,현대세탁,일반세탁업,,,,,196955.001439946,441135.1517822,2026-05-03 22:32:44,I,01,영업,,2024-12-05 16:29:30,2001-05-30,23.17,151-815,"서울특별시 관악구 봉천동 179-58 현대아파트상가 6.7호(A상가 1층 1-6호,1-7호)",N,,3200000-205-2001-00009,3200000,"서울특별시 관악구 인헌길 68 (봉천동,현대아파트상가 6.7호(A상가 1층 1-6호,1-7호))",08797,0,01,영업/정상,일반세탁업,02-885-2121,1,0,1,0,0
4,자가,1,현대세탁,일반세탁업,,,,,196244.529387362,442144.530301091,2026-05-03 22:32:44,I,01,영업,,2024-12-06 13:43:35,2001-12-01,41.73,151-813,서울특별시 관악구 봉천동 100-125,N,,3200000-205-2001-00013,3200000,"서울특별시 관악구 행운1라길 60, 102호 (봉천동)",08740,0,01,영업/정상,일반세탁업,02-882-8669,1,0,1,0,0
,,,래미안,일반세탁업,,,,,195345.358939177,443273.487218185,2026-05-03 22:32:44,I,01,영업,,2024-12-06 13:37:40,2001-12-07,31.65,151-050,서울특별시 관악구 봉천동 1712-1 관악드림타운아파트 분산상가동 101호,N,,3200000-205-2001-00014,3200000,"서울특별시 관악구 구암길 98, 관악드림타운아파트 분산상가동 101호 (봉천동)",08725,,01,영업/정상,일반세탁업,02-3285-2223,,,,,
3,,1,백양크리닝,일반세탁업,,,,,196257.833652996,443341.379446435,2026-05-03 22:32:44,I,01,영업,,2024-12-06 13:38:45,2002-02-08,33.00,151-050,서울특별시 관악구 봉천동 1000 현대상가 2동 109호,N,,3200000-205-2002-00001,3200000,"서울특별시 관악구 관악로 306, 2동 109호 (봉천동, 현대상가)",08730,0,01,영업/정상,일반세탁업,02-884-1800,1,0,1,0,0
0,임대,0,자연과 사람을 위한 세탁,일반세탁업,,,,,209140.885315651,446042.592367722,2026-05-03 22:32:50,I,01,영업,,2015-09-18 17:42:12,2008-07-14,38.55,138-934,서울특별시 송파구 신천동 11-9 한신오피스텔 지상1층 136호,N,,3230000-205-2008-00019,3230000,"서울특별시 송파구 올림픽로35가길 11 (신천동, 한신오피스텔지상1층136호)",05510,,01,영업/정상,일반세탁업,02-416-8511,1,,1,,2
0,임대,0,포스코명품세탁소,일반세탁업,,,,,209160.342515348,446201.867636819,2026-05-03 22:32:45,I,01,영업,,2017-04-03 15:17:43,2008-07-22,53.98,138-934,서울특별시 송파구 신천동 11-8 더샵스타리버B-1  127호,N,,3230000-205-2008-00020,3230000,"서울특별시 송파구 올림픽로35길 93 (신천동,더샵스타리버B-1  127호)",05510,,01,영업/정상,일반세탁업,02-413-3600,,1,,1,2
1,임대,0,새로나세탁소,일반세탁업,,,,,210939.779013793,443013.216501314,2026-05-03 22:32:45,I,01,영업,,2020-01-15 14:43:11,2008-08-20,20.00,138-825,서울특별시 송파구 문정동 29,N,,3230000-205-2008-00021,3230000,"서울특별시 송파구 동남로6길 12, 1층 3호 (문정동)",05804,,01,영업/정상,일반세탁업,,,,,,1
0,임대,0,그린세탁소,일반세탁업,,,,,212782.077867109,442975.231990698,2026-05-03 22:32:45,I,01,영업,,2008-08-26 16:28:35,2008-08-26,21.60,138-110,서울특별시 송파구 거여동 294 거여5단지상가 지상1층101호,N,,3230000-205-2008-00022,3230000,"서울특별시 송파구 양산로4길 16 (거여동,거여5단지상가 지상1층101호)",05788,,01,영업/정상,일반세탁업,02-407-0906,1,,1,,2
0,임대,0,유미,일반세탁업,,,,,207076.817630991,444821.065944761,2026-05-03 22:32:45,I,01,영업,,2017-01-17 13:47:23,2008-09-16,26.40,138-865,서울특별시 송파구 잠실동 295-5,N,,3230000-205-2008-00023,3230000,"서울특별시 송파구 백제고분로12길 8, 104호 (잠실동)",05574,,01,영업/정상,일반세탁업,02-419-0983,1,,1,,1
0,임대,0,서울세탁소,일반세탁업,,,,,211358.758041198,445248.724359252,2026-05-03 22:32:45,I,01,영업,,2019-01-03 16:05:48,2008-09-25,33.12,138-855,서울특별시 송파구 오금동 11 현대백조아파트,N,,3230000-205-2008-00024,3230000,"서울특별시 송파구 양재대로72길 15, 현대백조아파트 2동 1층 103호 (오금동)",05652,,01,영업/정상,일반세탁업,,1,,1,,1
0,임대,0,크린토피아잠실지사,일반세탁업,,,,,208920.64415948,444699.745659167,2026-05-03 22:32:46,I,01,영업,,2009-01-14 13:13:26,2009-01-14,148.00,138-842,서울특별시 송파구 석촌동 58-24 지상1층,N,,3230000-205-2009-00002,3230000,"서울특별시 송파구 백제고분로36가길 15 (석촌동,지상1층)",05614,,01,영업/정상,일반세탁업,02-2202-2020,1,,1,,2
0,임대,0,신동아명품세탁소,일반세탁업,,,,,209708.127928039,445937.543455637,2026-05-03 22:32:46,I,01,영업,,2014-12-14 12:24:15,2009-02-02,23.85,138-827,서울특별시 송파구 방이동 39-2 신동아타워 지상1층 105호,N,,3230000-205-2009-00005,3230000,"서울특별시 송파구 오금로11길 33, 지상1층 105호 (방이동, 신동아타워)",05543,,01,영업/정상,일반세탁업,02-420-8982,1,,1,,1
0,임대,0,파인애플세탁소,일반세탁업,,,,,207373.50021477,445545.656024061,2026-05-03 22:32:46,I,01,영업,,2009-02-11 14:03:23,2009-02-11,26.00,138-908,"서울특별시 송파구 잠실동 19-9 잠실파인애플상가 지하1층 A60,A61호",N,,3230000-205-2009-00006,3230000,"서울특별시 송파구 올림픽로 119 (잠실동,잠실파인애플상가 지하1층 A60,A61호)",05501,1,01,영업/정상,일반세탁업,02-412-3022,,1,,1,2
,임대,,명품세탁소,일반세탁업,,,,,209151.713940169,446519.612162961,2026-05-03 22:32:46,I,01,영업,,2014-12-14 11:57:45,2009-04-01,51.88,138-240,"서울특별시 송파구 신천동 17-4 파크리오상가A동 지하115,116호",N,,3230000-205-2009-00012,3230000,"서울특별시 송파구 올림픽로 435 (신천동,파크리오상가A동 지하115,116호)",05507,1,01,영업/정상,일반세탁업,02-424-1150,1,,1,,1
0,임대,0,백양드라이크리닝,일반세탁업,,,,,208898.516315598,444831.618104023,2026-05-03 22:32:48,I,01,영업,,2020-03-03 10:59:38,2009-07-02,34.00,138-843,서울특별시 송파구 석촌동 155-2 지상1층,N,,3230000-205-2009-00015,3230000,"서울특별시 송파구 석촌호수로18길 15, 지상1층 (석촌동)",05610,1,01,영업/정상,일반세탁업,02-415-3150,,,,,1
0,임대,0,노블레스 명품세탁,일반세탁업,,,,,209933.823276344,446455.526715924,2026-05-03 22:32:49,I,01,영업,,2022-02-25 09:45:56,2009-07-27,54.07,138-240,서울특별시 송파구 신천동 20-6 파크리오,N,,3230000-205-2009-00017,3230000,"서울특별시 송파구 올림픽로35길 10, 상가B동 지하 118,145,146호 (신천동, 파크리오)",05507,1,01,영업/정상,일반세탁업,02-419-0470,,,,,2
1,,0,(주)송파오금크린토피아,일반세탁업,,,,,211826.68000214,444929.825011576,2026-05-03 22:32:49,I,01,영업,,2021-06-18 11:38:20,2009-10-26,202.00,138-858,서울특별시 송파구 오금동 87-10,N,,3230000-205-2009-00019,3230000,"서울특별시 송파구 중대로38길 18, 지하1층 (오금동)",05724,4,01,영업/정상,일반세탁업,02-6326-5341,,,,,2
0,,0,참 좋은 세탁,일반세탁업,,,,,209884.335708781,447565.432250402,2026-05-03 22:32:51,I,01,영업,,2020-03-27 13:12:00,2009-01-22,115.50,138-874,서울특별시 송파구 풍납동 269-10,N,,3230000-205-2009-00023,3230000,"서울특별시 송파구 토성로6길 8, 1층 (풍납동)",05535,,01,영업/정상,일반세탁업,02-427-9884,,,,,1
0,임대,0,벧엘 세탁,일반세탁업,,,,,212333.678772284,444120.516033919,2026-05-03 22:32:46,I,01,영업,,2024-04-01 14:46:20,2010-03-29,46.00,138-859,서울특별시 송파구 오금동 146-5 지상 1층,N,,3230000-205-2010-00002,3230000,"서울특별시 송파구 문정로19길 9 (오금동,지상 1층)",05742,2,01,영업/정상,일반세탁업,,1,0,1,0,2
0,임대,0,호텔명품세탁소,일반세탁업,,,,,207373.50021477,445545.656024061,2026-05-03 22:32:46,I,01,영업,,2014-12-12 18:03:22,2010-05-14,41.53,138-908,서울특별시 송파구 잠실동 19-9 파인애풀상가 2층,N,,3230000-205-2010-00004,3230000,"서울특별시 송파구 올림픽로 119 (잠실동,파인애풀상가 2층)",05501,1,01,영업/정상,일반세탁업,02-417-2788,2,,2,,1
0,,0,거성세탁소,일반세탁업,,,,,213152.75570926,444160.193027127,2026-05-03 22:32:46,I,01,영업,,2017-09-28 11:53:05,2010-07-09,89.00,138-818,서울특별시 송파구 마천동 87-17,N,,3230000-205-2010-00008,3230000,"서울특별시 송파구 마천로51가길 43-6, 1층 (마천동)",05753,1,01,영업/정상,일반세탁업,02-407-3370,,,,,1
1,,,명동사,일반세탁업,,,,,195817.742265401,442365.522691751,2026-05-03 22:32:43,I,01,영업,,2024-12-06 13:34:23,2002-05-20,46.20,151-811,서울특별시 관악구 봉천동 56-7,N,,3200000-205-2002-00005,3200000,서울특별시 관악구 중앙1나길 3 (봉천동),08745,,01,영업/정상,일반세탁업,02-885-3772,1,,1,,
2,임대,,서림사,일반세탁업,,,,,194382.896303517,440461.491779593,2026-05-03 22:32:43,I,01,영업,,2024-12-05 17:01:03,2002-07-05,33.36,151-860,서울특별시 관악구 신림동 255-10,N,,3200000-205-2002-00007,3200000,"서울특별시 관악구 대학14길 8, 1층 (신림동)",08819,,01,영업/정상,일반세탁업,02-874-4878,1,,1,,
4,,0,로얄,일반세탁업,,,,,196304.397193003,442025.396032201,2026-05-03 22:32:43,I,01,영업,,2024-12-06 13:43:05,2002-09-02,50.14,151-813,서울특별시 관악구 봉천동 101-3,N,,3200000-205-2002-00011,3200000,"서울특별시 관악구 남부순환로233길 32, 1층 (봉천동)",08740,0,01,영업/정상,일반세탁업,02-875-4120,1,0,1,0,0
4,,1,쌍용세탁,일반세탁업,,,,,192124.872482217,441111.187331377,2026-05-03 22:32:46,I,01,영업,,2024-12-06 14:00:56,2002-11-29,45.00,151-015,서울특별시 관악구 신림동 1686 쌍용상가,N,,3200000-205-2002-00018,3200000,"서울특별시 관악구 미성길 122 (신림동,쌍용상가)",08866,,01,영업/정상,일반세탁업,02-861-6660,1,,1,,
2,임대,,영광사,일반세탁업,,,,,192338.072656792,441952.418498311,2026-05-03 22:32:46,I,01,영업,,2024-12-06 14:00:30,2003-01-27,16.50,151-894,서울특별시 관악구 신림동 1481-21,N,,3200000-205-2003-00010,3200000,서울특별시 관악구 난곡로63가길 30 (신림동),08771,,01,영업/정상,일반세탁업,02-862-8722,1,,1,,
3,,1,99세탁,일반세탁업,,,,,196754.865346277,441472.278146881,2026-05-03 22:32:45,I,01,영업,,2024-12-05 16:39:37,2003-02-19,24.00,151-832,서울특별시 관악구 봉천동 1633-20,N,,3200000-205-2003-00025,3200000,서울특별시 관악구 남부순환로246길 26 (봉천동),08793,1,01,영업/정상,일반세탁업,02-871-4508,1,0,1,0,0
0,,0,대한명인세탁,일반세탁업,,,,,194282.556431268,442873.008247086,2026-05-03 22:32:59,I,01,영업,,2025-01-16 13:02:24,2003-02-20,49.50,151-829,서울특별시 관악구 봉천동 647-13,N,,3200000-205-2003-00042,3200000,"서울특별시 관악구 봉천로23길 40, 1층 (봉천동)",08718,0,01,영업/정상,일반세탁업,02-882-8548,0,0,0,0,0
1,,1,옷의나라,일반세탁업,,,,,197895.722663856,441480.101748774,2026-05-03 22:32:42,I,01,영업,,2024-12-06 13:54:08,2003-02-20,25.00,151-800,서울특별시 관악구 남현동 1067-22,N,,3200000-205-2003-00045,3200000,서울특별시 관악구 남현길 24 (남현동),08805,,01,영업/정상,일반세탁업,02-587-4249,1,,1,,
4,,1,샤로수 크리닝,일반세탁업,,,,,196051.736868014,441713.641011126,2026-05-03 22:33:00,I,01,영업,,2026-03-13 10:52:25,2003-03-07,26.44,151-848,서울특별시 관악구 봉천동 1619-23,N,,3200000-205-2003-00046,3200000,"서울특별시 관악구 관악로12길 67, 1층 (봉천동)",08789,,01,영업/정상,일반세탁업,02-885-7880,1,,1,,
2,,1,백양사,일반세탁업,,,,,196556.86596804,441555.363527531,2026-05-03 22:32:42,I,01,영업,,2024-12-05 16:40:12,2003-04-22,49.58,151-832,서울특별시 관악구 봉천동 1630-13 지상1층,N,,3200000-205-2003-00047,3200000,"서울특별시 관악구 낙성대역3길 5 (봉천동,지상1층)",08793,0,01,영업/정상,일반세탁업,02-889-4693,1,0,1,0,0
4,,1,크린세탁,일반세탁업,,,,,193525.989466283,442180.152899125,2026-05-03 22:33:00,I,01,영업,,2025-07-21 15:29:56,2003-07-09,30.00,151-869,서울특별시 관악구 신림동 1600-6,N,,3200000-205-2003-00051,3200000,서울특별시 관악구 신원로3길 14 (신림동),08774,0,01,영업/정상,일반세탁업,02-861-4964,1,0,1,0,0
4,,1,벽산종합세탁,일반세탁업,,,,,195045.515107949,443011.455007816,2026-05-03 22:32:41,I,01,영업,,2024-12-06 13:48:13,2003-10-09,58.95,151-806,서울특별시 관악구 봉천동 1718 벽산블루밍아파트 제1상가동 317호,N,,3200000-205-2003-00057,3200000,"서울특별시 관악구 은천로 93, 제1상가동 3층 317호 (봉천동, 벽산블루밍아파트)",08715,,01,영업/정상,일반세탁업,02-878-7713,4,,4,,
4,임대,1,벧엘세탁,일반세탁업,,,,,192917.077120448,441305.623113006,2026-05-03 22:32:40,I,01,영업,,2024-12-06 14:03:33,2004-06-24,30.66,151-880,서울특별시 관악구 신림동 612-27,N,,3200000-205-2004-00009,3200000,"서울특별시 관악구 법원단지길 55, 지층 B01호 (신림동, 우석빌라6차)",08852,1,01,영업/정상,일반세탁업,02-837-3332,0,1,0,1,2
4,임대,1,푸르지오세탁소,일반세탁업,,,,,196384.544308046,442822.980265735,2026-05-03 22:32:43,I,01,영업,,2024-12-06 13:38:23,2004-09-08,49.50,151-050,서울특별시 관악구 봉천동 1717-3 관악푸르지오상가 306호,N,,3200000-205-2004-00013,3200000,"서울특별시 관악구 청림6길 3 (봉천동,관악푸르지오상가 306호)",08734,,01,영업/정상,일반세탁업,02-877-1959,3,,3,,
4,임대,1,태양세탁,일반세탁업,,,,,196557.94122929,441873.123717754,2026-05-03 22:32:43,I,01,영업,,2024-12-06 13:42:38,2004-09-13,40.11,151-756,서울특별시 관악구 봉천동 1684-1 금강맨션,N,,3200000-205-2004-00014,3200000,"서울특별시 관악구 행운4길 50, 지1층 (봉천동, 금강맨션)",08742,,01,영업/정상,일반세탁업,02-873-6296,1,,1,,
2,임대,1,푸르지오컴퓨터크리닝,일반세탁업,,,,,192012.500669524,441885.529640794,2026-05-03 22:32:40,I,01,영업,,2024-12-06 14:00:09,2004-09-30,28.05,151-015,서울특별시 관악구 신림동 1730 신림푸르지오(아)상가103호,N,,3200000-205-2004-00017,3200000,"서울특별시 관악구 남부순환로 1430 (신림동,신림푸르지오(아)상가103호)",08770,0,01,영업/정상,일반세탁업,02-855-6507,1,0,1,0,0
4,자가,,미림세탁,일반세탁업,,,,,192735.729648027,442767.971804287,2026-05-03 22:32:40,I,01,영업,,2024-12-05 16:45:17,2004-10-18,23.10,151-871,서울특별시 관악구 신림동 478-11 현라빌딩 1층,N,,3200000-205-2004-00018,3200000,"서울특별시 관악구 관천로19길 61 (신림동,현라빌딩 1층)",08704,,01,영업/정상,일반세탁업,02-867-2818,1,,1,,
4,임대,1,대한 명인세탁,일반세탁업,,,,,196319.752471415,442483.779048811,2026-05-03 22:32:59,I,01,영업,,2024-12-06 13:42:11,2004-12-14,67.04,151-809,서울특별시 관악구 봉천동 23-19 수성드림빌,N,,3200000-205-2004-00020,3200000,"서울특별시 관악구 관악로28길 58, 1층 102호 (봉천동, 수성드림빌)",08736,,01,영업/정상,일반세탁업,02-888-2297,1,,1,,3
6,임대,1,우리드라이방,일반세탁업,,,,,194504.251083035,440606.434075036,2026-05-03 22:32:43,I,01,영업,,2024-12-05 16:59:42,2005-01-06,23.10,151-859,서울특별시 관악구 신림동 251-41,N,,3200000-205-2005-00001,3200000,"서울특별시 관악구 신림로11길 64, 1층 (신림동)",08818,,01,영업/정상,일반세탁업,02-871-0133,1,,1,,3
,,,잉꼬세탁,일반세탁업,,,,,211388.548494162,442311.350677044,2026-05-03 22:32:26,I,01,영업,,2014-12-12 17:50:50,2003-02-27,585.65,138-200,서울특별시 송파구 문정동 98-3,N,,3230000-205-1992-02998,3230000,서울특별시 송파구 새말로6길 42 (문정동),05799,,01,영업/정상,일반세탁업,02-403-9133,,,,,
,,,그린사,일반세탁업,,,,,207988.824731905,444167.799859011,2026-05-03 22:32:19,I,01,영업,,2005-08-18 00:00:00,2003-02-27,.00,138-838,서울특별시 송파구 삼전동 68-19,N,,3230000-205-1992-03001,3230000,서울특별시 송파구 백제고분로28길 37 (삼전동),05597,,01,영업/정상,일반세탁업,02-417-2683,,,,,
,,,삼일사,일반세탁업,,,,,210278.638277202,444220.702974348,2026-05-03 22:32:26,I,01,영업,,2016-02-11 15:23:58,2003-02-27,121.80,138-854,서울특별시 송파구 송파동 171,N,,3230000-205-1992-03005,3230000,"서울특별시 송파구 송이로12길 17, 지상1층 105호 (송파동, 성지상가)",05678,,01,영업/정상,일반세탁업,02-412-8590,,,,,
,,,우성세탁,일반세탁업,,,,,208380.71845702,444602.428173057,2026-05-03 22:32:26,I,01,영업,,2005-07-21 00:00:00,2003-02-27,33.00,138-840,서울특별시 송파구 삼전동 121,N,,3230000-205-1992-03007,3230000,서울특별시 송파구 백제고분로31길 12 (삼전동),05603,,01,영업/정상,일반세탁업,02-0414-8527,,,,,
,,,혁신종합세탁,일반세탁업,,,,,208335.118279566,444242.997339459,2026-05-03 22:32:42,I,01,영업,,2010-11-01 15:20:49,2003-02-27,131.89,138-841,서울특별시 송파구 삼전동 175-0,N,,3230000-205-1992-03009,3230000,서울특별시 송파구 백제고분로32길 23 (삼전동),05587,,01,영업/정상,일반세탁업,02-413-7238,,,,,
,,,일광사,일반세탁업,,,,,209724.343287306,444543.378733294,2026-05-03 22:32:20,I,01,영업,,2005-07-21 00:00:00,2003-02-27,23.50,138-850,서울특별시 송파구 송파동 95-19,N,,3230000-205-1994-02541,3230000,서울특별시 송파구 가락로19길 9 (송파동),05668,,01,영업/정상,일반세탁업,02-0425-3256,,,,,
,,,한양세탁소,일반세탁업,,,,,209663.792470281,444768.479053968,2026-05-03 22:32:17,I,01,영업,,2021-06-30 16:03:27,2003-02-27,23.40,138-850,서울특별시 송파구 송파동 88-0,N,,3230000-205-1994-02542,3230000,서울특별시 송파구 백제고분로42길 16 (송파동),05667,,01,영업/정상,일반세탁업,02-420-5933,,,,,
,,,현대컴퓨터세탁,일반세탁업,,,,,210256.141192751,447933.58825307,2026-05-03 22:32:21,I,01,영업,,2005-07-22 00:00:00,2003-02-27,21.76,138-874,서울특별시 송파구 풍납동 229-7,N,,3230000-205-1995-02517,3230000,서울특별시 송파구 풍성로16길 8-1 (풍납동),05528,,01,영업/정상,일반세탁업,02-488-8375,,,,,
,,,수지세탁,일반세탁업,,,,,209344.465747481,444346.512002985,2026-05-03 22:32:20,I,01,영업,,2005-07-20 00:00:00,2003-02-27,16.56,138-846,서울특별시 송파구 석촌동 272-18,N,,3230000-205-1995-02545,3230000,서울특별시 송파구 가락로15길 3 (석촌동),05688,,01,영업/정상,일반세탁업,02-0414-8268,,,,,
,,,효성세탁,일반세탁업,,,,,213455.869154313,444070.893749145,2026-05-03 22:32:20,I,01,영업,,2005-07-21 00:00:00,2003-02-27,32.40,138-819,서울특별시 송파구 마천동 167-6 1층동,N,,3230000-205-1995-02547,3230000,"서울특별시 송파구 성내천로34가길 3, 1층동 (마천동)",05750,,01,영업/정상,일반세탁업,02-402-5111,,,,,
,,,퍼펙트세탁소,일반세탁업,,,,,211049.287447183,442171.661862666,2026-05-03 22:32:21,I,01,영업,,2013-12-23 13:48:37,2003-02-27,24.82,138-200,서울특별시 송파구 문정동 72-3,N,,3230000-205-1995-02553,3230000,"서울특별시 송파구 새말로8길 14 (문정동, 건영아파트)",05817,,01,영업/정상,일반세탁업,02-448-6533,,,,,
,,,학사컴퓨터세탁소,일반세탁업,,,,,207053.964667229,444674.651721443,2026-05-03 22:32:23,I,01,영업,,2005-07-21 00:00:00,2003-02-27,18.80,138-865,서울특별시 송파구 잠실동 307-0,N,,3230000-205-1996-02509,3230000,서울특별시 송파구 백제고분로12길 21 (잠실동),05575,,01,영업/정상,일반세탁업,02-423-7821,,,,,
,,,VIP대형 세탁소,일반세탁업,,,,,212862.73508821,443134.847566929,2026-05-03 22:32:17,I,01,영업,,2014-12-12 17:54:40,2003-02-27,39.60,138-110,서울특별시 송파구 거여동 291,N,,3230000-205-1997-02450,3230000,"서울특별시 송파구 양산로8길 18 (거여동, 거여2단지아파트)",05778,,01,영업/정상,일반세탁업,02-400-5255,,,,,
,,,동남세탁,일반세탁업,,,,,211211.107086635,442238.066971295,2026-05-03 22:32:24,I,01,영업,,2005-07-21 00:00:00,2003-02-27,17.60,138-200,서울특별시 송파구 문정동 81-5 (1층),N,,3230000-205-1997-02451,3230000,"서울특별시 송파구 새말로10길 7 (문정동,(1층))",05810,,01,영업/정상,일반세탁업,02-401-5403,,,,,
,,,한강세탁소,일반세탁업,2026-02-13,,,,211059.519718976,443678.555678945,2026-05-03 22:32:47,I,02,폐업,,2026-02-13 10:01:16,1997-05-24,33.00,138-808,서울특별시 송파구 가락동 144-8 1층,N,,3230000-205-1997-02490,3230000,"서울특별시 송파구 중대로16길 20, 1층 (가락동)",05825,,03,폐업,일반세탁업,02-2635-7705,,,,,
,,,백양사,일반세탁업,,,,,207223.253818941,445143.771529554,2026-05-03 22:32:44,I,01,영업,,2005-07-20 00:00:00,2003-02-27,96.00,138-863,서울특별시 송파구 잠실동 218-17 (1층),N,,3230000-205-1998-02422,3230000,"서울특별시 송파구 석촌호수로12길 35-1 (잠실동,(1층))",05563,,01,영업/정상,일반세탁업,02-419-5979,,,,,
,,,으뜸세탁소,일반세탁업,,,,,213653.354731827,443872.953450959,2026-05-03 22:32:44,I,01,영업,,2019-11-22 13:49:44,2003-02-27,.00,138-821,서울특별시 송파구 마천동 356-16,N,,3230000-205-1998-02423,3230000,서울특별시 송파구 성내천로41길 10 (마천동),05749,,01,영업/정상,일반세탁업,02-0443-5680,,,,,
,,,뉴스타세탁소,일반세탁업,,,,,208868.915206729,444835.662848076,2026-05-03 22:32:20,I,01,영업,,2015-12-01 15:45:00,2003-02-27,33.30,138-842,서울특별시 송파구 석촌동 55-14 지상1층,N,,3230000-205-1998-02427,3230000,"서울특별시 송파구 석촌호수로18길 14, 지상1층 (석촌동)",05611,,01,영업/정상,일반세탁업,02-414-0350,,,,,
,,,월드세탁소,일반세탁업,,,,,208194.202952444,446000.543751385,2026-05-03 22:32:20,I,01,영업,,2005-08-04 00:00:00,2003-02-27,37.80,138-916,서울특별시 송파구 잠실동 27-2 상가2층,N,,3230000-205-1998-02429,3230000,"서울특별시 송파구 잠실로 15 (잠실동,상가2층)",05503,,01,영업/정상,일반세탁업,02-418-4205,,,,,
,,,코오롱사,일반세탁업,,,,,210749.224970991,445161.258714865,2026-05-03 22:32:20,I,01,영업,,2005-07-21 00:00:00,2003-02-27,23.84,138-772,서울특별시 송파구 방이동 212-8 코오롱아파트B상가 203호,N,,3230000-205-1998-02434,3230000,"서울특별시 송파구 오금로31길 27 (방이동,코오롱아파트B상가 203호)",05646,,01,영업/정상,일반세탁업,02-417-2959,,,,,
3,임대,1,화이트세탁소,일반세탁업,,,,,193485.359576517,442907.565997245,2026-05-03 22:32:43,I,01,영업,,2024-12-05 16:22:30,2005-02-14,26.19,151-891,서울특별시 관악구 신림동 1429-55 1층,N,,3200000-205-2005-00003,3200000,"서울특별시 관악구 봉천로8길 25 (신림동,1층)",08707,0,01,영업/정상,일반세탁업,02-882-4883,1,0,1,0,3
5,임대,2,백성세탁,일반세탁업,,,,,196652.336117235,441423.8995905,2026-05-03 22:32:58,I,01,영업,,2024-12-26 09:51:46,2005-05-13,43.00,151-817,서울특별시 관악구 봉천동 196-247,N,,3200000-205-2005-00006,3200000,서울특별시 관악구 낙성대역길 71 (봉천동),08793,0,01,영업/정상,일반세탁업,02-887-3709,1,0,1,0,2
4,임대,1,미성세탁,일반세탁업,,,,,192385.262851284,441477.377550734,2026-05-03 22:32:43,I,01,영업,,2025-07-04 10:08:56,2005-06-03,46.20,151-898,서울특별시 관악구 신림동 758,N,,3200000-205-2005-00008,3200000,서울특별시 관악구 문성로16가길 39 (신림동),08864,0,01,영업/정상,일반세탁업,02-839-3379,1,0,1,0,4
0,,0,엘림,일반세탁업,,,,,195045.515107949,443011.455007816,2026-05-03 22:32:40,I,01,영업,,2024-12-06 13:47:51,2005-11-14,19.03,151-806,서울특별시 관악구 봉천동 1718 벽산블루밍아파트,N,,3200000-205-2005-00016,3200000,"서울특별시 관악구 은천로 95, 벽산블루밍아파트 1상가 501동 3층 307호 (봉천동)",08715,0,01,영업/정상,일반세탁업,02-872-9146,0,0,0,0,0
,임대,,풍림,일반세탁업,,,,,195124.195142531,441866.856627108,2026-05-03 22:32:40,I,01,영업,,2024-12-06 13:26:57,2006-02-14,18.00,151-841,서울특별시 관악구 봉천동 1562-32,N,,3200000-205-2006-00003,3200000,서울특별시 관악구 청룡길 64 (봉천동),08831,,01,영업/정상,일반세탁업,02-872-9333,,,,,
,임대,,은천,일반세탁업,,,,,196821.205189853,441024.17031497,2026-05-03 22:32:40,I,01,영업,,2024-12-05 16:41:11,2006-03-13,21.00,151-050,서울특별시 관악구 봉천동 1707 은천(아)상가 0동 203호,N,,3200000-205-2006-00006,3200000,"서울특별시 관악구 인헌12길 46-2, 0동 203호 (봉천동,은천(아)상가)",08797,,01,영업/정상,일반세탁업,02-3285-7878,1,,1,,
5,임대,,덕성빨래방,일반세탁업,,,,,195519.715669149,442732.956116344,2026-05-03 22:32:58,I,01,영업,,2024-12-06 13:37:20,2006-07-04,165.29,151-823,서울특별시 관악구 봉천동 457-324 지하1층,N,,3200000-205-2006-00012,3200000,"서울특별시 관악구 은천로 133, 지하1층 (봉천동)",08729,,01,영업/정상,일반세탁업,02-583-8454,,1,,1,5
2,임대,,원당세탁,일반세탁업,,,,,196041.317689947,442248.678442365,2026-05-03 22:32:39,I,01,영업,,2024-12-06 13:41:36,2006-07-06,27.00,151-809,서울특별시 관악구 봉천동 63-19,N,,3200000-205-2006-00013,3200000,서울특별시 관악구 행운1길 85 (봉천동),08737,,01,영업/정상,일반세탁업,02-871-7035,1,,1,,1
0,임대,0,대성컴퓨터크리닝,일반세탁업,,,,,193897.406494013,440358.537758338,2026-05-03 22:32:39,I,01,영업,,2024-12-05 16:56:38,2006-07-28,21.00,151-929,서울특별시 관악구 신림동 306-78,N,,3200000-205-2006-00014,3200000,서울특별시 관악구 호암로18길 4 (신림동),08821,0,01,영업/정상,일반세탁업,02-875-3991,1,0,1,0,0
,임대,,세탁천국,일반세탁업,,,,,193507.280112401,442639.897579455,2026-05-03 22:32:40,I,01,영업,,2026-01-02 15:21:26,2006-09-07,24.00,151-892,서울특별시 관악구 신림동 1436-4,N,,3200000-205-2006-00017,3200000,서울특별시 관악구 신림동5길 28 (신림동),08760,,01,영업/정상,일반세탁업,02-886-5009,1,,1,,
5,임대,,싸이버,일반세탁업,,,,,195563.161650411,443064.437566493,2026-05-03 22:32:40,I,01,영업,,2024-12-06 13:36:54,2006-10-16,45.00,151-050,서울특별시 관악구 봉천동 1712 관악드림타운 주상가 0동 207호,N,,3200000-205-2006-00019,3200000,"서울특별시 관악구 성현로 80, 0동 207호 (봉천동,관악드림타운 주상가)",08725,,01,영업/정상,일반세탁업,02-875-1670,2,,2,,
15,임대,,신원,일반세탁업,,,,,195635.738009117,442172.892032644,2026-05-03 22:32:39,I,01,영업,,2024-12-06 13:34:01,2006-11-30,30.00,151-822,서울특별시 관악구 봉천동 870-13 신원메트빌 0동 113호,N,,3200000-205-2006-00021,3200000,"서울특별시 관악구 남부순환로 1811, 0동 113호 (봉천동,신원메트빌)",08758,,01,영업/정상,일반세탁업,02-877-8083,1,,1,,
10,임대,0,삼성세탁소,일반세탁업,,,,,193578.742465284,443547.049696825,2026-05-03 22:32:57,I,01,영업,,2024-12-05 16:53:57,2007-07-02,33.00,151-769,서울특별시 관악구 봉천동 1698-1 보라매삼성아파트상가 0동 206호,N,,3200000-205-2007-00003,3200000,"서울특별시 관악구 보라매로 62, 0동 206호 (봉천동,보라매삼성아파트상가)",08709,,01,영업/정상,일반세탁업,02-887-9700,2,0,2,0,0
4,임대,0,한울세탁,일반세탁업,,,,,195572.774825165,441942.462369482,2026-05-03 22:32:57,I,01,영업,,2024-12-06 13:26:37,2007-08-24,24.00,151-836,서울특별시 관악구 봉천동 867-10,N,,3200000-205-2007-00007,3200000,서울특별시 관악구 관악로15길 23-16 (봉천동),08787,,01,영업/정상,일반세탁업,,1,0,1,0,0
0,임대,0,명품한화세탁소,일반세탁업,,,,,192795.435013527,439787.715563055,2026-05-03 22:32:57,I,01,영업,,2024-12-05 16:27:08,2007-11-16,43.00,151-015,서울특별시 관악구 신림동 1735-3 아파트상가308,N,,3200000-205-2007-00008,3200000,"서울특별시 관악구 난곡로 53 (신림동,아파트상가308)",08862,1,01,영업/정상,일반세탁업,,3,0,3,0,0
2,임대,1,현대화이트,일반세탁업,,,,,194034.234241893,441329.366705286,2026-05-03 22:32:58,I,01,영업,,2024-12-05 17:12:45,2008-05-13,27.00,151-865,서울특별시 관악구 신림동 403-9,N,,3200000-205-2008-00002,3200000,서울특별시 관악구 양산길 1 (신림동),08846,,01,영업/정상,일반세탁업,02-2611-0209,1,,1,,3
4,임대,1,서림명품세탁,일반세탁업,,,,,194457.767266752,441071.548662168,2026-05-03 22:32:59,I,01,영업,,2024-12-05 17:09:24,2008-06-27,36.00,151-856,서울특별시 관악구 신림동 122-29,N,,3200000-205-2008-00003,3200000,"서울특별시 관악구 신림로14길 22, 1층 (신림동)",08839,1,01,영업/정상,일반세탁업,02-877-5240,1,0,0,0,2
0,,0,그린세탁,일반세탁업,,,,,193957.944323928,441437.774867372,2026-05-03 22:32:58,I,01,영업,,2025-07-28 16:14:23,2009-01-05,36.40,151-015,서울특별시 관악구 신림동 1694 신림현대종합상가 상가A동 306호,N,,3200000-205-2009-00001,3200000,"서울특별시 관악구 신림로29길 3-20, 신림현대종합상가 상가A동 306호 (신림동)",08845,1,01,영업/정상,일반세탁업,02-886-0100,3,0,3,0,2
2,,,상아세탁소,일반세탁업,,,,,212020.879871583,443978.656400094,2026-05-03 22:32:17,I,01,영업,,2005-07-20 00:00:00,2004-08-02,49.50,138-738,서울특별시 송파구 오금동 165 상아아파트 상가2층202호,N,,3230000-205-2004-00011,3230000,"서울특별시 송파구 오금로 407 (오금동,상아아파트 상가2층202호)",05741,,01,영업/정상,일반세탁업,,2,,2,,
3,,,서울세탁소,일반세탁업,,,,,206397.34797252,444963.233863255,2026-05-03 22:32:17,I,01,영업,,2013-12-23 14:29:15,2004-08-06,52.80,138-892,서울특별시 송파구 잠실동 101-1 우성(아) B상가 3층,N,,3230000-205-2004-00012,3230000,"서울특별시 송파구 올림픽로4길 40 (잠실동, 우성아파트B상가3층)",05571,,01,영업/정상,일반세탁업,,3,,3,,
1,,,백곰세탁소,일반세탁업,,,,,210137.108317369,445396.999230578,2026-05-03 22:32:17,I,01,영업,,2014-12-30 12:14:39,2004-09-03,39.60,138-830,서울특별시 송파구 방이동 119-12 지상1층,N,,3230000-205-2004-00015,3230000,"서울특별시 송파구 백제고분로48나길 3, 지상1층 (방이동)",05642,,01,영업/정상,일반세탁업,02-415-8096,1,,1,,
2,,,현대세탁소,일반세탁업,,,,,206726.499021996,445188.639267934,2026-05-03 22:32:17,I,01,영업,,2014-12-14 11:49:08,2004-09-07,59.40,138-892,"서울특별시 송파구 잠실동 85 아시아선수촌상가 263,264,270호",N,,3230000-205-2004-00016,3230000,"서울특별시 송파구 올림픽로4길 17 (잠실동,아시아선수촌상가 263,264,270호)",05572,,01,영업/정상,일반세탁업,02-416-6462,2,,2,,
3,,,학사세탁소,일반세탁업,,,,,206726.499021996,445188.639267934,2026-05-03 22:32:17,I,01,영업,,2017-01-11 14:37:37,2004-09-08,52.80,138-892,"서울특별시 송파구 잠실동 85 아시아선수촌상가 236,237,238호",N,,3230000-205-2004-00017,3230000,"서울특별시 송파구 올림픽로4길 17 (잠실동,아시아선수촌상가 236,237,238호)",05572,,01,영업/정상,일반세탁업,02-423-9946,2,,2,,
4,,,극동세탁,일반세탁업,,,,,210377.461670244,448601.324644324,2026-05-03 22:32:17,I,01,영업,,2014-06-26 13:53:03,2004-10-13,49.50,138-040,서울특별시 송파구 풍납동 509 CT상가 205호,N,,3230000-205-2004-00019,3230000,"서울특별시 송파구 한가람로 478 (풍납동,CT상가 205호)",05514,,01,영업/정상,일반세탁업,,2,,2,,
1,,,New 궁전,일반세탁업,,,,,210347.070743819,443830.404153393,2026-05-03 22:32:51,I,01,영업,,2018-04-20 16:23:28,2004-11-02,51.30,138-753,서울특별시 송파구 가락동 96-1 가락우성아파트,N,,3230000-205-2004-00021,3230000,"서울특별시 송파구 송파대로32길 8, 1층 16호, 17호 (가락동, 가락우성아파트)",05711,,01,영업/정상,일반세탁업,02-475-3337,1,,1,,
6,,,황제세탁,일반세탁업,,,,,209331.085732361,445156.584105605,2026-05-03 22:32:17,I,01,영업,,2017-03-22 14:18:05,2004-11-29,39.00,138-848,서울특별시 송파구 송파동 10-7,N,,3230000-205-2004-00023,3230000,"서울특별시 송파구 백제고분로41길 33, 1층 (송파동)",05624,,01,영업/정상,일반세탁업,02-421-8982,1,,1,,
1,,,한솔세탁,일반세탁업,,,,,209183.020364809,444605.102413775,2026-05-03 22:32:17,I,01,영업,,2013-12-23 14:34:08,2004-12-07,34.56,138-847,서울특별시 송파구 석촌동 285 한솔(아)상가102호,N,,3230000-205-2004-00024,3230000,"서울특별시 송파구 가락로11길 36 (석촌동, 잠실한솔아파트상가102호)",05684,,01,영업/정상,일반세탁업,02-420-7779,1,,1,,
46,임대,5,갤러리아 항균세탁,일반세탁업,,,,,208233.926974585,445435.257647797,2026-05-03 22:32:16,I,01,영업,,2017-07-03 17:43:38,2005-02-24,59.05,138-915,서울특별시 송파구 잠실동 40,N,,3230000-205-2005-00002,3230000,"서울특별시 송파구 올림픽로 212, 지하1층 120호 (잠실동, 갤러리아팰리스)",05553,,01,영업/정상,일반세탁업,02-2145-4441,,1,,1,
3,임대,1,모아모아세탁,일반세탁업,,,,,210223.218491189,444582.734842114,2026-05-03 22:32:17,I,01,영업,,2005-07-21 00:00:00,2005-05-09,49.50,138-853,서울특별시 송파구 송파동 163-1 1층,N,,3230000-205-2005-00008,3230000,"서울특별시 송파구 송이로 19 (송파동,1층)",05672,,01,영업/정상,일반세탁업,02-419-1242,1,,1,,3
,,,올림픽세탁소,일반세탁업,,,,,211749.697770638,445385.082559283,2026-05-03 22:32:17,I,01,영업,,2024-11-04 16:12:50,2005-07-01,18.20,138-829,서울특별시 송파구 방이동 89-18 올림픽아파트 디상가 104호,N,,3230000-205-2005-00014,3230000,"서울특별시 송파구 양재대로 1218 (방이동,올림픽아파트 디상가 104호)",05649,,01,영업/정상,일반세탁업,02-406-8000,1,,1,,2
,,,성은사,일반세탁업,,,,,208233.926974585,445435.257647797,2026-05-03 22:32:17,I,01,영업,,2008-01-02 10:42:08,2005-07-26,25.15,138-791,서울특별시 송파구 잠실동 40 갤러리아팰리스 2층 15호,N,,3230000-205-2005-00016,3230000,"서울특별시 송파구 올림픽로 212 (잠실동,갤러리아팰리스 2층 15호)",05553,,01,영업/정상,일반세탁업,02-2145-4886,2,,2,,1
5,,1,프로세탁,일반세탁업,,,,,210729.788797009,444138.294943841,2026-05-03 22:32:17,I,01,영업,,2005-07-26 00:00:00,2005-07-26,49.50,138-801,서울특별시 송파구 가락동 46,N,,3230000-205-2005-00017,3230000,서울특별시 송파구 오금로34길 51 (가락동),05706,,01,영업/정상,일반세탁업,02-404-9667,1,,1,,1
4,,1,화이트 세탁,일반세탁업,,,,,208200.609210951,444774.538216289,2026-05-03 22:32:49,I,01,영업,,2022-03-16 13:27:55,2005-07-29,26.40,138-840,서울특별시 송파구 삼전동 106,N,,3230000-205-2005-00018,3230000,서울특별시 송파구 백제고분로27길 24 (삼전동),05601,,01,영업/정상,일반세탁업,02-413-1820,1,,1,,
4,임대,1,에덴세탁소,일반세탁업,,,,,212645.771257875,443931.028648751,2026-05-03 22:32:18,I,01,영업,,2005-12-08 00:00:00,2005-08-01,46.20,138-813,서울특별시 송파구 거여동 135-8,N,,3230000-205-2005-00019,3230000,서울특별시 송파구 오금로53길 38 (거여동),05735,,01,영업/정상,일반세탁업,02-409-1158,1,,1,,2
4,임대,1,팔팔세탁소,일반세탁업,,,,,210546.9652719,445449.051716058,2026-05-03 22:32:17,I,01,영업,,2010-09-16 11:25:45,2005-10-04,33.00,138-833,서울특별시 송파구 방이동 161-5,N,,3230000-205-2005-00025,3230000,서울특별시 송파구 가락로40길 9 (방이동),05635,,01,영업/정상,일반세탁업,02-406-8088,1,,1,,1
,임대,,대림세탁,일반세탁업,,,,,211294.712229733,445114.439867921,2026-05-03 22:32:18,I,01,영업,,2016-01-21 11:09:58,2005-12-12,16.36,138-737,서울특별시 송파구 오금동 19 대림아파트B상가 101호,N,,3230000-205-2005-00039,3230000,"서울특별시 송파구 마천로7길 6, 101호 (오금동, 대림아파트B상가)",05656,,01,영업/정상,일반세탁업,02-431-3989,1,,1,,
4,임대,1,백옥세탁소,일반세탁업,,,,,210914.755,444513.935,2026-05-03 22:32:18,I,01,영업,,2017-01-11 16:22:49,2006-01-05,30.00,138-800,서울특별시 송파구 가락동 5-16,N,,3230000-205-2006-00001,3230000,"서울특별시 송파구 오금로34길 12-8, 1층 (가락동)",05700,,01,영업/정상,일반세탁업,02-407-6613,1,,1,,2
0,,0,대우세탁소,일반세탁업,,,,,192012.500669524,441885.529640794,2026-05-03 22:32:58,I,01,영업,,2024-12-06 13:59:18,2009-12-14,33.05,151-015,서울특별시 관악구 신림동 1730-0 신림푸르지오아파트 상가동 101호,N,,3200000-205-2009-00014,3200000,"서울특별시 관악구 남부순환로 1430 (신림동,신림푸르지오아파트 상가동 101호)",08770,1,01,영업/정상,일반세탁업,02-869-6454,1,,1,,1
0,,0,우림세탁소,일반세탁업,,,,,194620.639602605,441830.934519695,2026-05-03 22:32:58,I,01,영업,,2013-03-14 14:15:35,2009-08-28,28.60,151-845,서울특별시 관악구 봉천동 1536-7,N,,3200000-205-2009-00015,3200000,"서울특별시 관악구 쑥고개로 29 (봉천동, 제1동 지상1층)",08784,1,01,영업/정상,일반세탁업,,1,,1,,5
4,임대,1,인헌세탁,일반세탁업,,,,,197027.097780793,441015.069437276,2026-05-03 22:32:57,I,01,영업,,2024-12-05 16:41:35,2010-04-14,86.44,151-815,서울특별시 관악구 봉천동 180-101 지1,N,,3200000-205-2010-00002,3200000,"서울특별시 관악구 인헌길 98 (봉천동,지1)",08797,1,01,영업/정상,일반세탁업,02-889-4105,0,1,0,1,1
3,,1,프로세탁소,일반세탁업,,,,,194818.940972785,440723.826806097,2026-05-03 22:32:58,I,01,영업,,2024-12-05 16:58:03,2010-10-18,19.80,151-858,서울특별시 관악구 신림동 220-20,N,,3200000-205-2010-00013,3200000,서울특별시 관악구 신림로3가길 45-5 (신림동),08816,1,01,영업/정상,일반세탁업,02-886-8510,1,,1,,1
3,임대,1,월풀세탁빨래방,일반세탁업,,,,,193515.281081931,442607.550362732,2026-05-03 22:32:58,I,01,영업,,2024-12-05 16:23:35,2011-04-05,33.00,151-015,"서울특별시 관악구 신림동 1435-2 , 1층",N,,3200000-205-2011-00001,3200000,"서울특별시 관악구 신림동5길 36 (신림동,, 1층)",08760,1,01,영업/정상,일반세탁업,02-872-4166,1,,1,,2
0,임대,0,백양세탁소,일반세탁업,,,,,194642.741636823,441216.853785375,2026-05-03 22:32:58,I,01,영업,,2024-12-05 17:09:08,2011-05-09,21.00,151-856,서울특별시 관악구 신림동 103-33,N,,3200000-205-2011-00003,3200000,서울특별시 관악구 서림3길 27 (신림동),08840,0,01,영업/정상,일반세탁업,,1,,1,,2
6,임대,1,민강,일반세탁업,,,,,195521.566309148,442015.719738593,2026-05-03 22:32:58,I,01,영업,,2024-12-06 13:25:52,2011-05-16,23.00,151-836,서울특별시 관악구 봉천동 877-1 (1층),N,,3200000-205-2011-00004,3200000,"서울특별시 관악구 관악로15길 39 (봉천동,(1층))",08786,0,01,영업/정상,일반세탁업,02-876-5088,1,,1,,2
4,임대,1,대성세탁소,일반세탁업,,,,,194522.833805246,440704.028535667,2026-05-03 22:32:58,I,01,영업,,2024-12-05 16:59:20,2011-07-20,16.50,151-859,서울특별시 관악구 신림동 251-2,N,,3200000-205-2011-00007,3200000,"서울특별시 관악구 대학7길 21, 1층 (신림동)",08814,1,01,영업/정상,일반세탁업,02-877-1856,1,,1,,2
0,,0,젤죤사,일반세탁업,,,,,194456.838736005,441409.531933051,2026-05-03 22:32:58,I,01,영업,,2024-12-05 17:08:46,2012-02-21,20.00,151-855,서울특별시 관악구 신림동 96-107 1층,N,,3200000-205-2012-00001,3200000,"서울특별시 관악구 서림길 29, 1층 (신림동)",08835,0,01,영업/정상,일반세탁업,02-878-7720,0,0,0,0,1
0,,0,신우사,일반세탁업,,,,,194650.550328905,442867.173353409,2026-05-03 22:32:58,I,01,영업,,2024-12-06 13:47:19,2012-05-31,46.27,151-828,서울특별시 관악구 봉천동 635-550,N,,3200000-205-2012-00002,3200000,서울특별시 관악구 국회단지길 41 (봉천동),08713,1,01,영업/정상,일반세탁업,,1,,1,,1
0,,0,버블세탁소,일반세탁업,,,,,194287.785974791,440729.359042656,2026-05-03 22:32:58,I,01,영업,,2024-12-05 17:02:35,2012-06-12,26.40,151-895,서울특별시 관악구 신림동 1536-16,N,,3200000-205-2012-00004,3200000,서울특별시 관악구 호암로22길 61 (신림동),08813,1,01,영업/정상,일반세탁업,02-875-1085,1,,1,,2
0,,0,산장세탁소,일반세탁업,,,,,193545.593415385,439853.488919065,2026-05-03 22:32:59,I,01,영업,,2024-12-05 16:55:13,2014-03-27,24.00,151-015,서울특별시 관악구 신림동 1693 국제산장아파트 115동 404호,N,,3200000-205-2014-00003,3200000,"서울특별시 관악구 호암로 417, 115동 4층 404호 (신림동, 국제산장아파트)",08848,0,01,영업/정상,일반세탁업,02-871-8409,4,,4,,2
0,임대,0,보람세탁,일반세탁업,,,,,194520.158529845,441385.324128773,2026-05-03 22:32:59,I,01,영업,,2024-12-05 17:07:56,2014-05-22,26.40,151-855,서울특별시 관악구 신림동 99-3 1층 1호,N,,3200000-205-2014-00005,3200000,"서울특별시 관악구 복은길 53, 1층 1호 (신림동)",08835,0,01,영업/정상,일반세탁업,02-888-3045,1,,1,,1
0,임대,0,문화기업,세탁업 기타,,,,,193143.169861662,442391.942626496,2026-05-03 22:32:59,I,01,영업,0,2024-12-05 16:45:34,2015-03-03,79.56,151-893,서울특별시 관악구 신림동 464-5 지하1층,N,0,3200000-205-2015-00004,3200000,"서울특별시 관악구 남부순환로 1555, 지하1층 (신림동)",08764,0,01,영업/정상,세탁업 기타,02-862-0416,,1,,1,4
0,자가,0,핑클세탁소,일반세탁업,,,,,196140.260379618,442971.065859133,2026-05-03 22:32:59,I,01,영업,0,2024-12-06 13:36:12,2015-03-06,78.00,151-803,서울특별시 관악구 봉천동 7-312 동아타운21 215호,N,0,3200000-205-2015-00005,3200000,"서울특별시 관악구 관악로37길 15, 2층 215호 (봉천동, 동아타운21)",08727,0,01,영업/정상,일반세탁업,,2,,2,,2
4,임대,1,백광사,일반세탁업,,,,,194193.380237246,442748.237174904,2026-05-03 22:32:59,I,01,영업,0,2020-09-09 10:57:19,2015-07-10,36.40,151-829,서울특별시 관악구 봉천동 967-1,N,0,3200000-205-2015-00008,3200000,서울특별시 관악구 봉천로23길 7 (봉천동),08719,1,01,영업/정상,일반세탁업,02-883-8449,1,,1,,1
0,,0,명품현대 세탁소,일반세탁업,,,,,196257.833652996,443341.379446435,2026-05-03 22:32:59,I,01,영업,0,2024-12-06 13:37:55,2015-11-23,31.97,151-050,서울특별시 관악구 봉천동 1000 상가동 216호,N,0,3200000-205-2015-00012,3200000,서울특별시 관악구 관악로 306 (봉천동),08730,1,01,영업/정상,일반세탁업,,,,,,1
0,임대,0,믿음세탁,일반세탁업,,,,,193978.133840758,442618.768736291,2026-05-03 22:33:00,I,01,영업,0,2024-12-05 16:24:03,2016-03-03,40.00,151-890,서울특별시 관악구 신림동 1413-25 1층,N,0,3200000-205-2016-00002,3200000,"서울특별시 관악구 신림로66길 54, 1층 (신림동)",08755,0,01,영업/정상,일반세탁업,02-882-4970,1,,1,,1
0,임대,0,제일세탁,일반세탁업,,,,,197148.658582886,441337.010768655,2026-05-03 22:32:59,I,01,영업,0,2024-12-05 16:42:00,2016-11-14,33.00,151-814,서울특별시 관악구 봉천동 1644-31 101호,N,0,3200000-205-2016-00010,3200000,"서울특별시 관악구 인헌3길 31, 101호 (봉천동)",08795,1,01,영업/정상,일반세탁업,,1,,1,,2
0,,0,파크리오세탁,일반세탁업,,,,,209151.713940169,446519.612162961,2026-05-03 22:32:47,I,01,영업,,2017-01-06 15:44:50,2010-10-07,33.00,138-240,서울특별시 송파구 신천동 17-4,N,,3230000-205-2010-00012,3230000,"서울특별시 송파구 올림픽로37길 130, 219호 (신천동, 파크리오 A상가)",05507,0,01,영업/정상,일반세탁업,02-419-2379,,,,,0
0,,0,나나세탁,일반세탁업,,,,,208214.746411273,444892.067049241,2026-05-03 22:32:47,I,01,영업,,2010-11-24 15:04:28,2010-11-24,35.24,138-839,서울특별시 송파구 삼전동 91-11 /101호,N,,3230000-205-2010-00016,3230000,"서울특별시 송파구 삼학사로19길 29 (삼전동,/101호)",05600,1,01,영업/정상,일반세탁업,02-3431-1948,1,,1,,1
0,,0,아주세탁,일반세탁업,,,,,210474.753103022,444865.156674134,2026-05-03 22:32:47,I,01,영업,,2013-12-23 14:44:35,2010-12-28,14.80,138-853,서울특별시 송파구 송파동 161 /1층 5호,N,,3230000-205-2010-00017,3230000,"서울특별시 송파구 오금로24길 13 (송파동, 미성상가1층5호)",05672,0,01,영업/정상,일반세탁업,02-420-0235,1,,1,,1
0,,0,스타세탁소,일반세탁업,,,,,212109.389196219,444576.702750499,2026-05-03 22:32:47,I,01,영업,,2011-06-22 15:44:39,2011-04-21,89.76,138-859,서울특별시 송파구 오금동 126-6 / 1층,N,,3230000-205-2011-00003,3230000,"서울특별시 송파구 동남로 309-6 (오금동,/ 1층)",05729,2,01,영업/정상,일반세탁업,,1,,1,,2
1,,0,파크세탁,일반세탁업,,,,,213999.956783491,444094.808111947,2026-05-03 22:32:48,I,01,영업,,2011-06-01 10:31:22,2011-06-01,34.93,138-120,서울특별시 송파구 마천동 582 송파파크데일1단지상가101호,N,,3230000-205-2011-00007,3230000,"서울특별시 송파구 성내천로37길 37 (마천동,송파파크데일1단지상가101호)",05748,1,01,영업/정상,일반세탁업,,,,,,1
0,,0,그린카페트 소파세탁,일반세탁업,,,,,207412.996560787,445073.714453779,2026-05-03 22:32:50,I,01,영업,,2016-04-11 14:33:31,2011-06-22,20.00,138-863,서울특별시 송파구 잠실동 212-15,N,,3230000-205-2011-00008,3230000,"서울특별시 송파구 삼전로13길 52, 101호 (잠실동)",05564,1,01,영업/정상,일반세탁업,,,,,,2
0,임대,0,현대세탁,일반세탁업,,,,,211262.754658782,443270.546001431,2026-05-03 22:32:48,I,01,영업,,2014-12-12 17:42:37,2011-09-05,77.50,138-824,서울특별시 송파구 문정동 3 현대상가 2층 205호,N,,3230000-205-2011-00010,3230000,"서울특별시 송파구 송이로 199 (문정동, 현대아파트상가2층205호)",05795,1,01,영업/정상,일반세탁업,02-400-4908,2,,2,,1
0,,0,한양 명품세탁,일반세탁업,,,,,210929.436228543,442428.00220931,2026-05-03 22:32:47,I,01,영업,,2014-10-02 15:20:08,2012-03-16,25.44,138-826,서울특별시 송파구 문정동 58-16 1층 102호,N,,3230000-205-2012-00002,3230000,"서울특별시 송파구 새말로5길 16, 1층 102호 (문정동)",05807,1,01,영업/정상,일반세탁업,02-401-0031,1,,1,,1
0,,0,래미안 명품세탁소,일반세탁업,,,,,210541.58005606,444502.583662659,2026-05-03 22:32:49,I,01,영업,,2014-12-14 12:12:45,2012-10-02,38.44,138-170,서울특별시 송파구 송파동 243 래미안파인탑상가 202호,N,,3230000-205-2012-00009,3230000,"서울특별시 송파구 오금로32길 31, 지상2층 202호 (송파동, 래미안파인탑상가)",05673,1,01,영업/정상,일반세탁업,02-414-8430,2,,2,,1
0,,0,크린토피아 코인워시(송파마천공원점),일반세탁업,,,,,212720.51573851,444332.923370661,2026-05-03 22:32:48,I,01,영업,,2014-12-12 18:00:04,2013-08-07,68.44,138-817,서울특별시 송파구 마천동 19-14 지상1층,N,,3230000-205-2013-00006,3230000,"서울특별시 송파구 마천로33길 11-14, 지상1층 (마천동)",05733,3,01,영업/정상,일반세탁업,02-430-1430,1,,1,,3
0,,0,그린어스,일반세탁업,,,,,210516.191915095,441996.227705236,2026-05-03 22:32:51,I,01,영업,,2019-02-26 13:43:16,2013-08-29,33.07,138-888,서울특별시 송파구 문정동 622 송파한화오벨리스크 지상1층 105호,N,,3230000-205-2013-00008,3230000,"서울특별시 송파구 충민로 5, 지상1층 105호 (문정동, 송파한화오벨리스크)",05841,1,01,영업/정상,일반세탁업,02-400-3339,1,,1,,1
0,,0,푸르지오 탑크린,일반세탁업,,,,,209087.122362019,446139.152554604,2026-05-03 22:32:48,I,01,영업,,2015-11-23 15:11:16,2013-09-06,36.80,138-934,서울특별시 송파구 신천동 11-4 푸르지오월드마크 상가 지하1층 B105호,N,,3230000-205-2013-00010,3230000,"서울특별시 송파구 올림픽로35가길 9, 지하1층 B105호 (신천동, 푸르지오월드마크 상가)",05510,1,01,영업/정상,일반세탁업,02-416-0844,2,,2,,2
0,,0,크린토피아 잠실잠전초교점,세탁업 기타,,,,,207622.1073088,444918.899622572,2026-05-03 22:32:49,I,01,영업,,2025-06-30 14:47:21,2013-11-06,70.00,138-864,서울특별시 송파구 잠실동 238-19 청암빌딩,N,,3230000-205-2013-00014,3230000,"서울특별시 송파구 백제고분로19길 17, 청암빌딩 1층 101,102호 (잠실동)",05565,4,01,영업/정상,세탁업 기타,02-420-8353,1,0,1,0,3
0,,0,드라이하우스,일반세탁업,,,,,210654.50616628,442070.575741668,2026-05-03 22:32:48,I,01,영업,,2014-12-12 17:45:35,2013-12-05,67.58,138-888,서울특별시 송파구 문정동 620 송파푸르지오상가 지상1층 155호,N,,3230000-205-2013-00015,3230000,"서울특별시 송파구 새말로 62, 155호 (문정동, 송파푸르지오상가)",05841,2,01,영업/정상,일반세탁업,02-408-7887,1,,1,,2
16,,6,문정세탁,일반세탁업,,,,,,,2026-05-03 22:32:51,I,01,영업,,2019-01-03 13:08:50,2013-12-04,41.16,138-888,서울특별시 송파구 문정동 652-2 문정 오벨리스크,N,,3230000-205-2013-00016,3230000,"서울특별시 송파구 송파대로 145, 문정 오벨리스크 1층 123호 (문정동)",05855,1,01,영업/정상,일반세탁업,031-704-4482,1,0,1,0,1
0,,0,쌍용세탁소,일반세탁업,,,,,210837.742075584,444382.793829797,2026-05-03 22:32:51,I,01,영업,,2014-12-14 12:05:21,2014-05-08,29.00,138-800,서울특별시 송파구 가락동 20-11 지상1층,N,,3230000-205-2014-00002,3230000,"서울특별시 송파구 송이로15길 42, 지상1층 (가락동)",05700,1,01,영업/정상,일반세탁업,02-404-0355,1,,1,,1
1,,1,런드리 코인 세탁,일반세탁업,,,,,212626.299677786,443563.194734071,2026-05-03 22:32:49,I,01,영업,,2023-08-02 16:04:27,2014-03-14,40.08,138-813,서울특별시 송파구 거여동 22-4 SP센트리움시티,N,,3230000-205-2014-00009,3230000,"서울특별시 송파구 거마로3길 7, 105호 (거여동, SP센트리움시티)",05744,1,01,영업/정상,일반세탁업,031-968-8285,1,0,1,0,2
0,,0,백양세탁소,일반세탁업,,,,,209430.450574499,445913.088912404,2026-05-03 22:32:47,I,01,영업,0,2015-01-12 13:43:20,2015-01-12,49.94,138-827,서울특별시 송파구 방이동 22 대우유토피아오피스텔 B07호,N,0,3230000-205-2015-00001,3230000,"서울특별시 송파구 올림픽로 336, B07호 (방이동, 대우유토피아오피스텔)",05542,1,01,영업/정상,일반세탁업,,,1,,1,1
0,임대,0,광성세탁,일반세탁업,,,,,193132.127689295,440777.704525817,2026-05-03 22:32:59,I,01,영업,0,2024-12-06 14:03:06,2016-11-30,41.82,151-883,서울특별시 관악구 신림동 646-226 1층,N,0,3200000-205-2016-00011,3200000,"서울특별시 관악구 난곡로26나길 17, 1층 (신림동)",08856,0,01,영업/정상,일반세탁업,,1,,1,,1
4,임대,1,삼화세탁소,일반세탁업,,,,,194055.858666948,442626.038696093,2026-05-03 22:32:59,I,01,영업,0,2017-03-31 10:41:30,2017-02-08,33.00,151-890,서울특별시 관악구 신림동 1409-18 1층,N,0,3200000-205-2017-00001,3200000,"서울특별시 관악구 남부순환로187길 22, 1층 (신림동)",08755,0,01,영업/정상,일반세탁업,,1,,1,,1
0,임대,0,명품세탁소,일반세탁업,,,,,197591.531656394,441057.855865365,2026-05-03 22:32:59,I,01,영업,0,2024-12-06 13:53:47,2017-04-26,26.00,151-802,서울특별시 관악구 남현동 1136 103동 B01호,N,0,3200000-205-2017-00002,3200000,"서울특별시 관악구 남부순환로256라길 25, 103동 B01호 (남현동)",08803,1,01,영업/정상,일반세탁업,,,1,,1,2
0,임대,0,명품세탁소,일반세탁업,,,,,192341.451542303,442092.482513439,2026-05-03 22:32:59,I,01,영업,0,2024-12-06 13:58:54,2017-11-27,20.00,151-894,서울특별시 관악구 신림동 1475-30,N,0,3200000-205-2017-00007,3200000,"서울특별시 관악구 난곡로63가길 1, 1층 (신림동)",08771,0,01,영업/정상,일반세탁업,,,,,,1
0,임대,0,현대크리닝,일반세탁업,,,,,194777.829553262,440858.76358818,2026-05-03 22:33:00,I,01,영업,0,2018-01-10 17:07:13,2018-01-10,26.00,151-858,서울특별시 관악구 신림동 230-1,N,0,3200000-205-2018-00001,3200000,"서울특별시 관악구 신림로7가길 4, 1층 (신림동)",08815,0,01,영업/정상,일반세탁업,,1,,1,,1
0,임대,0,백양세탁소,일반세탁업,,,,,193493.186550771,441847.331474642,2026-05-03 22:33:00,I,01,영업,0,2024-12-05 17:05:48,2018-01-16,29.70,151-901,서울특별시 관악구 신림동 1627-99,N,0,3200000-205-2018-00002,3200000,"서울특별시 관악구 문성로28길 10, 1층 (신림동)",08842,0,01,영업/정상,일반세탁업,,1,,1,,1
0,임대,0,은광세탁소,일반세탁업,,,,,192913.921670563,441147.400158797,2026-05-03 22:32:59,I,01,영업,0,2018-03-13 10:33:59,2018-03-13,30.00,151-880,서울특별시 관악구 신림동 626-9,N,0,3200000-205-2018-00003,3200000,"서울특별시 관악구 난곡로34길 23, 1층 (신림동)",08854,1,01,영업/정상,일반세탁업,,,,,,1
1,임대,0,봉자빨래,일반세탁업,,,,,194464.3177091,441659.091213792,2026-05-03 22:32:59,I,01,영업,3,2026-03-24 13:59:39,2018-08-13,108.75,151-854,서울특별시 관악구 신림동 94-271,N,1,3200000-205-2018-00004,3200000,"서울특별시 관악구 쑥고개로 8, 1층 (신림동)",08828,0,01,영업/정상,일반세탁업,02-876-6730,1,0,1,0,3
4,임대,3,한빛세탁소,빨래방업,,,,,195999.574887132,443044.700996218,2026-05-03 22:32:59,I,01,영업,0,2024-12-06 13:35:58,2019-08-21,43.45,151-050,서울특별시 관악구 봉천동 1703 성현동아아파트,N,0,3200000-205-2019-00002,3200000,"서울특별시 관악구 관악로 287, 성현동아아파트 상가A동 101,102호 (봉천동)",08726,0,01,영업/정상,빨래방업,,1,,1,,2
4,임대,1,황금세탁,일반세탁업,,,,,197645.105571384,441486.244360503,2026-05-03 22:32:59,I,01,영업,0,2024-12-06 13:53:30,2019-11-07,33.00,151-802,서울특별시 관악구 남현동 1055-20,N,0,3200000-205-2019-00004,3200000,"서울특별시 관악구 남현2길 58, 1층 (남현동)",08804,1,01,영업/정상,일반세탁업,,1,,1,,1
0,,0,"화이트크린, 라이프크린",일반세탁업,,,,,194398.040992366,440500.997606642,2026-05-03 22:33:00,I,01,영업,0,2024-12-05 17:01:29,2020-09-24,171.76,151-860,서울특별시 관악구 신림동 253-8,N,0,3200000-205-2020-00001,3200000,서울특별시 관악구 대학길 90 (신림동),08819,0,01,영업/정상,일반세탁업,,1,,,,1
0,임대,0,대한민국 세탁소,일반세탁업,,,,,193921.422461379,442661.192841366,2026-05-03 22:32:59,I,01,영업,0,2020-10-13 09:37:37,2020-10-13,50.00,151-890,서울특별시 관악구 신림동 1420-1,N,0,3200000-205-2020-00002,3200000,"서울특별시 관악구 남부순환로185길 33, 1층 (신림동)",08754,1,01,영업/정상,일반세탁업,02-887-2358,1,,1,,1
0,,0,클린케이 운동화 이불 빨래방,운동화전문세탁업,,,,,196110.287317553,442007.526899035,2026-05-03 22:32:59,I,01,영업,0,2024-12-06 13:41:14,2021-01-28,40.40,151-849,서울특별시 관악구 봉천동 1673-1,N,0,3200000-205-2021-00001,3200000,서울특별시 관악구 남부순환로231길 10 (봉천동),08739,0,01,영업/정상,운동화전문세탁업,,1,1,,,6
0,,0,백설사 세탁소,일반세탁업,,,,,192443.972470596,442501.001143616,2026-05-03 22:33:00,I,01,영업,0,2021-02-19 11:44:19,2021-02-19,25.00,151-873,서울특별시 관악구 신림동 513-23,N,0,3200000-205-2021-00002,3200000,서울특별시 관악구 남부순환로153길 53 (신림동),08762,0,01,영업/정상,일반세탁업,,,,,,2
0,,0,구두 운동화 빨래방,운동화전문세탁업,,,,,195030.712738534,442759.389334244,2026-05-03 22:32:59,I,01,영업,0,2024-12-06 13:46:58,2021-07-28,30.00,151-826,서울특별시 관악구 봉천동 622-61,N,0,3200000-205-2021-00003,3200000,서울특별시 관악구 은천로 83-1 (봉천동),08715,0,01,영업/정상,운동화전문세탁업,,1,,1,,3
0,임대,0,명동크리닝,일반세탁업,,,,,194730.053726951,442179.162073432,2026-05-03 22:32:59,I,01,영업,0,2024-12-06 13:25:05,2023-03-23,30.00,151-845,서울특별시 관악구 봉천동 1522-2,N,0,3200000-205-2023-00001,3200000,"서울특별시 관악구 장군봉1길 20, 1층 (봉천동)",08784,0,01,영업/정상,일반세탁업,02-884-4731,1,,,,2
0,임대,0,세탁앤빨래방,일반세탁업,,,,,195463.738249912,442335.900488069,2026-05-03 22:33:00,I,01,영업,0,2024-12-06 13:33:43,2023-05-02,9.00,151-822,서울특별시 관악구 봉천동 872-37,N,0,3200000-205-2023-00002,3200000,"서울특별시 관악구 봉천로45길 12, 1층 (봉천동)",08748,0,01,영업/정상,일반세탁업,,1,,1,,1
0,임대,0,클린케어,일반세탁업,,,,,194328.6099498,442744.269804274,2026-05-03 22:32:59,I,01,영업,0,2025-01-02 17:29:45,2024-02-21,92.40,151-913,서울특별시 관악구 봉천동 955-1,N,0,3200000-205-2024-00001,3200000,"서울특별시 관악구 봉천로23나길 24, 2층 (봉천동)",08719,0,01,영업/정상,일반세탁업,,2,0,2,0,2
0,임대,0,프리미엄 세탁소,일반세탁업,,,,,192186.232542052,442076.098824469,2026-05-03 22:33:00,I,01,영업,0,2024-06-26 10:56:42,2024-06-26,45.00,151-894,서울특별시 관악구 신림동 1484-25,N,0,3200000-205-2024-00002,3200000,"서울특별시 관악구 난곡로63길 38, 1층 (신림동)",08771,1,01,영업/정상,일반세탁업,02-851-3505,1,,1,,2
,,,미래 명품세탁,일반세탁업,,,,,207263.474567538,444514.794473568,2026-05-03 22:32:50,I,01,영업,,2017-03-09 12:10:35,2003-02-27,27.00,138-867,서울특별시 송파구 잠실동 320,N,,3230000-205-1999-03094,3230000,"서울특별시 송파구 백제고분로18길 26, 106호 (잠실동)",05580,,01,영업/정상,일반세탁업,02-416-4007,,,,,
,,,백조사,일반세탁업,,,,,209167.198359654,444882.107789953,2026-05-03 22:32:44,I,01,영업,,2005-07-21 00:00:00,2003-02-27,.00,138-844,서울특별시 송파구 석촌동 178-5,N,,3230000-205-1999-03096,3230000,서울특별시 송파구 송파대로45길 12 (석촌동),05609,,01,영업/정상,일반세탁업,02-415-2129,,,,,
,,,백양,일반세탁업,,,,,207472.755895569,445068.181049008,2026-05-03 22:32:44,I,01,영업,,2005-07-20 00:00:00,2003-02-27,181.80,138-864,서울특별시 송파구 잠실동 232-3,N,,3230000-205-1999-03098,3230000,서울특별시 송파구 삼전로13길 47 (잠실동),05565,,01,영업/정상,일반세탁업,02-416-1220,,,,,
,,,연화사,일반세탁업,,,,,209427.61782299,445082.870644486,2026-05-03 22:32:44,I,01,영업,,2013-05-10 16:07:37,2003-02-27,29.70,138-848,서울특별시 송파구 송파동 25-3 지상1층,N,,3230000-205-1999-03100,3230000,"서울특별시 송파구 백제고분로41길 22, 지상1층 (송파동)",05622,,01,영업/정상,일반세탁업,02-415-5625,,,,,
,,,종합사,일반세탁업,,,,,213342.485537232,444282.290263364,2026-05-03 22:32:19,I,01,영업,,2005-07-21 00:00:00,2003-02-27,.00,138-819,서울특별시 송파구 마천동 156-322,N,,3230000-205-2002-02779,3230000,서울특별시 송파구 성내천로29길 5 (마천동),05745,,01,영업/정상,일반세탁업,02-0431-9430,,,,,
,,,삼양세탁소,일반세탁업,,,,,211741.048550472,443318.264543412,2026-05-03 22:32:19,I,01,영업,,2013-12-23 13:53:49,2003-02-27,.00,138-746,서울특별시 송파구 가락동 199 가락프라자아파트상가 203호,N,,3230000-205-2002-02781,3230000,"서울특별시 송파구 동남로18길 40 (가락동, 프라자아파트상가203호)",05785,,01,영업/정상,일반세탁업,02-402-9733,,,,,
,,,월드컴퓨터세탁,일반세탁업,,,,,208217.080037859,444949.200745641,2026-05-03 22:32:19,I,01,영업,,2005-07-21 00:00:00,2003-02-27,.00,138-837,서울특별시 송파구 삼전동 22-10,N,,3230000-205-2003-00003,3230000,서울특별시 송파구 백제고분로27길 39-6 (삼전동),05600,,01,영업/정상,일반세탁업,02-3431-3838,,,,,
,,,백양사,일반세탁업,,,,,211368.009653058,444867.340750705,2026-05-03 22:32:19,I,01,영업,,2005-07-21 00:00:00,2003-02-27,.00,138-855,서울특별시 송파구 오금동 36-10,N,,3230000-205-2003-00024,3230000,서울특별시 송파구 중대로31가길 3-26 (오금동),05660,,01,영업/정상,일반세탁업,02-430-2502,,,,,
,,,조양사,일반세탁업,,,,,212564.492791849,443417.514476395,2026-05-03 22:32:19,I,01,영업,,2005-07-21 00:00:00,2003-02-27,.00,138-816,서울특별시 송파구 거여동 564-22,N,,3230000-205-2003-00030,3230000,서울특별시 송파구 오금로56길 23 (거여동),05772,,01,영업/정상,일반세탁업,02-443-1467,,,,,
,,,백영사,일반세탁업,,,,,211048.29631737,444742.809208914,2026-05-03 22:32:19,I,01,영업,,2011-08-04 16:02:18,2003-02-27,.00,138-856,서울특별시 송파구 오금동 44 상가 29호,N,,3230000-205-2003-00031,3230000,"서울특별시 송파구 오금로35길 17 (오금동,상가 29호)",05658,,01,영업/정상,일반세탁업,02-408-8855,,,,,
,,,한아름,일반세탁업,,,,,213598.967136548,443856.070927387,2026-05-03 22:32:19,I,01,영업,,2005-07-21 00:00:00,2003-02-27,.00,138-820,서울특별시 송파구 마천동 207-28,N,,3230000-205-2003-00032,3230000,서울특별시 송파구 성내천로41길 4 (마천동),05749,,01,영업/정상,일반세탁업,02-403-6471,,,,,
,,,송파세탁소,일반세탁업,,,,,210111.836077523,445108.430914115,2026-05-03 22:32:19,I,01,영업,,2005-09-14 00:00:00,2003-02-27,.00,138-852,서울특별시 송파구 송파동 142,N,,3230000-205-2003-00034,3230000,서울특별시 송파구 가락로31길 16 (송파동),05663,,01,영업/정상,일반세탁업,02-422-0877,,,,,
,,,백조사,일반세탁업,,,,,210043.411237201,445300.738521598,2026-05-03 22:32:19,I,01,영업,,2020-09-17 14:17:24,2003-02-27,.00,138-830,서울특별시 송파구 방이동 117,N,,3230000-205-2003-00035,3230000,서울특별시 송파구 가락로33길 30 (방이동),05642,,01,영업/정상,일반세탁업,02-413-5422,,,,,
,,,극동세탁,일반세탁업,,,,,211663.023884921,443729.39590421,2026-05-03 22:32:19,I,01,영업,,2013-12-23 14:01:09,2003-02-27,.00,138-812,서울특별시 송파구 가락동 192 극동상가 지하 13호,N,,3230000-205-2003-00038,3230000,"서울특별시 송파구 동남로 208 (가락동, 극동아파트상가지하13호)",05783,,01,영업/정상,일반세탁업,02-400-2616,,,,,
,,,빙그레사,일반세탁업,,,,,210405.512082488,448556.908326858,2026-05-03 22:32:19,I,01,영업,,2005-07-21 00:00:00,2003-02-27,.00,138-872,서울특별시 송파구 풍납동 89-59,N,,3230000-205-2003-00042,3230000,서울특별시 송파구 바람드리5길 17 (풍납동),05514,,01,영업/정상,일반세탁업,02-489-3476,,,,,
,,,노블레스,일반세탁업,,,,,209852.350642305,445557.094917436,2026-05-03 22:32:48,I,01,영업,,2013-12-10 11:50:36,2003-02-27,23.10,138-829,서울특별시 송파구 방이동 105 지상1층,N,,3230000-205-2003-00044,3230000,"서울특별시 송파구 올림픽로32길 56, 지상1층 (방이동)",05550,,01,영업/정상,일반세탁업,02-418-7166,,,,,
,,,백영 세탁소,일반세탁업,,,,,207104.683758568,444947.277651327,2026-05-03 22:32:47,I,01,영업,,2011-12-28 14:29:42,2003-02-27,.00,138-863,서울특별시 송파구 잠실동 222-10,N,,3230000-205-2003-00047,3230000,서울특별시 송파구 올림픽로10길 58 (잠실동),05570,,01,영업/정상,일반세탁업,02-423-2202,,,,,
,,,보화세탁,일반세탁업,,,,,212856.954448818,443465.864791638,2026-05-03 22:32:19,I,01,영업,,2005-07-21 00:00:00,2003-04-10,.00,138-814,서울특별시 송파구 거여동 36-7,N,,3230000-205-2003-00048,3230000,서울특별시 송파구 거마로2길 14 (거여동),05768,,01,영업/정상,일반세탁업,02-402-6048,,,,,
,,,백옥세탁,일반세탁업,,,,,210981.855327495,443724.459189715,2026-05-03 22:32:19,I,01,영업,,2005-07-21 00:00:00,2003-02-27,.00,138-808,서울특별시 송파구 가락동 145,N,,3230000-205-2003-00053,3230000,서울특별시 송파구 송이로23길 16 (가락동),05825,,01,영업/정상,일반세탁업,02-443-0751,,,,,
,,,스타사,일반세탁업,,,,,212254.71716908,444488.822833668,2026-05-03 22:32:19,I,01,영업,,2005-07-21 00:00:00,2003-02-27,.00,138-859,서울특별시 송파구 오금동 131-7,N,,3230000-205-2003-00054,3230000,서울특별시 송파구 마천로26길 3 (오금동),05739,,01,영업/정상,일반세탁업,02-406-9439,,,,,
,,,가나안세탁,일반세탁업,,,,,207595.933395787,444841.213535357,2026-05-03 22:32:19,I,01,영업,,2005-07-21 00:00:00,2003-02-27,.00,138-864,서울특별시 송파구 잠실동 236-20,N,,3230000-205-2003-00058,3230000,서울특별시 송파구 삼전로7길 18 (잠실동),05568,,01,영업/정상,일반세탁업,02-423-2460,,,,,
0,,0,한양사,일반세탁업,,,,,195593.083721827,442552.818667014,2026-05-03 22:32:59,I,01,영업,0,2024-11-22 10:23:40,2024-11-22,24.00,151-811,서울특별시 관악구 봉천동 50-196,N,0,3200000-205-2024-00003,3200000,"서울특별시 관악구 중앙길 73, 1층 (봉천동)",08746,0,01,영업/정상,일반세탁업,,1,,1,,1
0,,0,런드리랩,일반세탁업,,,,,192167.964155244,442307.599625384,2026-05-03 22:33:00,I,01,영업,0,2025-06-23 10:01:22,2025-06-23,71.79,151-876,서울특별시 관악구 신림동 539-2,N,0,3200000-205-2025-00001,3200000,"서울특별시 관악구 조원로16가길 30, 1층 (신림동)",08767,0,01,영업/정상,일반세탁업,,1,,1,,1
0,,0,두산세탁,일반세탁업,,,,,194879.596231677,442483.131081868,2026-05-03 22:33:00,I,01,영업,0,2025-09-29 17:49:09,2025-09-29,23.76,151-050,서울특별시 관악구 봉천동 1708 두산아파트,N,0,3200000-205-2025-00002,3200000,"서울특별시 관악구 봉천로 391, 두산아파트 제1상가동 1층 109호 (봉천동)",08750,1,01,영업/정상,일반세탁업,,,,,,1
0,,0,육천세탁,일반세탁업,,,,,198653.523860181,443213.052957675,2026-05-03 22:32:01,I,01,영업,,2020-06-29 14:48:06,1987-09-21,.00,137-830,서울특별시 서초구 방배동 789-40,N,,3210000-205-1987-01751,3210000,서울특별시 서초구 동광로 23 (방배동),06560,,01,영업/정상,일반세탁업,02-0593-6000,0,0,,,
,,,백미크리닝,일반세탁업,,,,,203450.478331838,442235.465640866,2026-05-03 22:31:50,I,01,영업,,2020-06-29 15:24:35,1987-06-01,.00,137-888,"서울특별시 서초구 양재동 18-3 (102호, 면적 7평)",N,,3210000-205-1987-01760,3210000,서울특별시 서초구 강남대로30길 48-2 (양재동),06745,,01,영업/정상,일반세탁업,02-573-7937,,,,,
0,임대,0,현대세탁,일반세탁업,,,,,200842.943481075,442199.844483406,2026-05-03 22:32:00,I,01,영업,,2020-06-29 15:14:30,1987-06-09,21.35,137-868,서울특별시 서초구 서초동 1476-11 1층(전용 16.5),N,,3210000-205-1987-01767,3210000,"서울특별시 서초구 반포대로7길 31, 1층 (서초동)",06709,1,01,영업/정상,일반세탁업,02-583-9808,1,0,1,0,1
0,,0,동명세탁,일반세탁업,,,,,203349.085391684,442223.076514572,2026-05-03 22:32:01,I,01,영업,,2020-06-29 15:24:48,1987-06-01,.00,137-887,서울특별시 서초구 양재동 9-9 (1층),N,,3210000-205-1987-01772,3210000,서울특별시 서초구 남부순환로356길 61 (양재동),06742,0,01,영업/정상,일반세탁업,02-574-8555,1,0,1,0,0
0,,0,아성세탁소,일반세탁업,,,,,199448.513021585,444800.550772527,2026-05-03 22:32:00,I,01,영업,,2020-06-29 14:24:40,1988-07-27,.00,137-800,서울특별시 서초구 반포동 2-8 (1층),N,,3210000-205-1988-01693,3210000,서울특별시 서초구 신반포로15길 29 (반포동),06503,0,01,영업/정상,일반세탁업,02-0537-1276,1,0,1,0,0
0,,0,우성세탁,일반세탁업,,,,,201835.975454515,442837.338350887,2026-05-03 22:32:03,I,01,영업,,2021-08-11 17:30:17,1988-01-29,41.26,137-877,서울특별시 서초구 서초동 1617-17 1층101호,N,,3210000-205-1988-01712,3210000,"서울특별시 서초구 서리풀2길 13, 1층 101호 (서초동)",06642,1,01,영업/정상,일반세탁업,02-3473-4432,1,0,1,0,1
,,,한신,일반세탁업,,,,,200126.805375737,445334.308692995,2026-05-03 22:31:53,I,01,영업,,2020-06-29 14:52:05,1988-09-14,.00,137-909,서울특별시 서초구 잠원동 73 잠원쇼핑 113호,N,,3210000-205-1988-01786,3210000,"서울특별시 서초구 신반포로23길 41 (잠원동,잠원쇼핑 113호)",06509,,01,영업/정상,일반세탁업,02-0591-9944,,,,,
0,,0,백영세탁소,일반세탁업,,,,,203943.702122945,440825.147482856,2026-05-03 22:32:00,I,01,영업,,2020-06-29 16:36:31,1989-12-04,27.00,137-898,서울특별시 서초구 양재동 367-3 103호,N,,3210000-205-1989-01655,3210000,"서울특별시 서초구 동산로6길 41-14 (양재동,103호)",06786,,01,영업/정상,일반세탁업,02-572-0893,0,0,,,
,,,미광사,일반세탁업,,,,,201717.947931886,442768.492857664,2026-05-03 22:31:49,I,01,영업,,2020-06-29 15:02:38,1989-02-28,.00,137-878,서울특별시 서초구 서초동 1618-13,N,,3210000-205-1989-01680,3210000,서울특별시 서초구 서초중앙로8길 85 (서초동),06641,,01,영업/정상,일반세탁업,02-588-6060,,,,,
0,,0,백하세탁소,일반세탁업,,,,,203797.479679719,441423.604971003,2026-05-03 22:32:00,I,01,영업,,2020-06-29 16:37:08,1990-11-27,.00,137-895,서울특별시 서초구 양재동 270-15,N,,3210000-205-1990-01624,3210000,서울특별시 서초구 언남11길 16-1 (양재동),06776,,01,영업/정상,일반세탁업,02-0576-9487,0,0,,,
,,,풍림세탁소,일반세탁업,,,,,203615.107935808,442370.80949662,2026-05-03 22:32:00,I,01,영업,,2020-06-29 15:25:04,1990-05-23,.00,137-886,서울특별시 서초구 양재동 3-8 107호,N,,3210000-205-1990-01640,3210000,"서울특별시 서초구 바우뫼로43길 46 (양재동,107호)",06740,,01,영업/정상,일반세탁업,02-574-3203,,,,,
0,,0,동광세탁소,일반세탁업,,,,,203945.842548254,440789.084367906,2026-05-03 22:32:00,I,01,영업,,2020-06-29 16:37:45,1990-01-04,.00,137-898,서울특별시 서초구 양재동 366-13,N,,3210000-205-1990-01659,3210000,서울특별시 서초구 강남대로6길 90-1 (양재동),06789,,01,영업/정상,일반세탁업,02-572-9681,0,0,,,
0,,0,경복세탁,일반세탁업,,,,,203955.234091775,440967.953749073,2026-05-03 22:32:01,I,01,영업,,2020-06-29 16:38:34,1990-06-13,33.00,137-898,서울특별시 서초구 양재동 375 1층 104호,N,,3210000-205-1990-01743,3210000,"서울특별시 서초구 강남대로8길 106, 1층 104호 (양재동)",06784,0,01,영업/정상,일반세탁업,02-572-0706,1,0,1,0,0
,,,벧엘사,일반세탁업,,,,,198707.029031306,442459.326997103,2026-05-03 22:31:43,I,01,영업,,2020-06-29 14:33:47,1991-12-18,33.00,137-845,서울특별시 서초구 방배동 954-28 1층,N,,3210000-205-1991-01953,3210000,"서울특별시 서초구 도구로 89-1, 1층 (방배동)",06675,,01,영업/정상,일반세탁업,02-584-1420,,,,,
0,,0,한일사세탁소,일반세탁업,,,,,201866.720174337,443011.533608262,2026-05-03 22:31:59,I,01,영업,,2020-06-29 15:03:16,1991-07-08,.00,137-877,서울특별시 서초구 서초동 1614-5,N,,3210000-205-1991-01978,3210000,서울특별시 서초구 사임당로20길 34 (서초동),06642,,01,영업/정상,일반세탁업,02-585-8797,0,0,,,
0,임대,0,명품 마스터 크리닝,일반세탁업,,,,,201654.192332948,444746.519731908,2026-05-03 22:32:06,I,01,영업,,2019-03-26 10:56:04,1991-10-30,30.00,137-810,서울특별시 서초구 반포동 730-31 지1층 일부,N,,3210000-205-1991-01981,3210000,"서울특별시 서초구 주흥5길 4, 지1층 (반포동)",06539,0,01,영업/정상,일반세탁업,,0,1,0,1,0
,,,뉴욕세탁,일반세탁업,,,,,201651.365841758,444817.166638262,2026-05-03 22:31:57,I,01,영업,,2020-06-29 14:57:22,1991-01-28,.00,137-810,서울특별시 서초구 반포동 731-27,N,,3210000-205-1991-01982,3210000,서울특별시 서초구 주흥길 30-4 (반포동),06540,,01,영업/정상,일반세탁업,02-514-4625,,,,,
,임대,,오륜 세탁소,일반세탁업,,,,,210045.748264305,442930.687284628,2026-05-03 22:32:18,I,01,영업,,2006-01-13 00:00:00,2006-01-13,33.00,138-885,서울특별시 송파구 문정동 150 오륜상가 206호,N,,3230000-205-2006-00002,3230000,"서울특별시 송파구 중대로 24 (문정동,오륜상가 206호)",05834,,01,영업/정상,일반세탁업,02-403-6756,2,,2,,1
,임대,,삼성세탁,일반세탁업,,,,,210423.60497199,444729.592842278,2026-05-03 22:32:16,I,01,영업,,2006-02-13 00:00:00,2006-02-13,33.00,138-853,서울특별시 송파구 송파동 162 삼성래미안상가 204호,N,,3230000-205-2006-00005,3230000,"서울특별시 송파구 오금로32길 14 (송파동,삼성래미안상가 204호)",05672,,01,영업/정상,일반세탁업,02-2042-5022,2,,2,,2
4,임대,1,맵시나 명품세탁소,일반세탁업,,,,,211738.925367922,444961.735865156,2026-05-03 22:32:47,I,01,영업,,2012-01-27 17:35:40,2006-04-12,31.82,138-858,서울특별시 송파구 오금동 88-4 1층,N,,3230000-205-2006-00009,3230000,"서울특별시 송파구 중대로36길 5, 1층 (오금동)",05724,,01,영업/정상,일반세탁업,,1,,,,1
,임대,,오벨리스크세탁소,일반세탁업,,,,,210712.567041314,443631.302105101,2026-05-03 22:32:16,I,01,영업,,2022-10-27 14:04:45,2006-04-17,40.00,138-951,서울특별시 송파구 가락동 78-1 한화 오벨리스크1층6호,N,,3230000-205-2006-00010,3230000,"서울특별시 송파구 중대로 127 (가락동,한화 오벨리스크1층6호)",05717,,01,영업/정상,일반세탁업,02-442-8281,1,,1,,2
,,,그린컴퓨터세탁,일반세탁업,,,,,208651.166125665,444442.348010503,2026-05-03 22:32:16,I,01,영업,,2006-07-07 00:00:00,2006-07-07,.00,138-845,서울특별시 송파구 석촌동 210-10,N,,3230000-205-2006-00013,3230000,서울특별시 송파구 백제고분로34길 4 (석촌동),05679,,01,영업/정상,일반세탁업,,,,,,
,자가,,광장세탁소,일반세탁업,,,,,209895.702319556,447471.180557382,2026-05-03 22:32:16,I,01,영업,,2006-07-21 00:00:00,2006-07-21,42.00,138-040,"서울특별시 송파구 풍납동 508 한강극동상가1층106호,106-1호",N,,3230000-205-2006-00014,3230000,"서울특별시 송파구 토성로 38-6 (풍납동,한강극동상가1층106호,106-1호)",05536,,01,영업/정상,일반세탁업,,1,,,,
,임대,,현대향기세탁,일반세탁업,,,,,212876.204732166,443613.17845847,2026-05-03 22:32:16,I,01,영업,,2014-12-12 17:56:58,2006-08-11,36.23,138-814,서울특별시 송파구 거여동 44 외1필지 현대아파트상가(102호),N,,3230000-205-2006-00016,3230000,"서울특별시 송파구 오금로61길 20 (거여동,외1필지 현대아파트상가(102호))",05768,,01,영업/정상,일반세탁업,02-400-6903,1,,,,
,임대,,베니베니,일반세탁업,,,,,212542.823424368,443610.196080623,2026-05-03 22:32:16,I,01,영업,,2024-08-26 10:35:17,2006-08-11,52.80,138-813,서울특별시 송파구 거여동 22,N,,3230000-205-2006-00017,3230000,"서울특별시 송파구 오금로57길 6, 1층 (거여동)",05744,,01,영업/정상,일반세탁업,02-406-4273,1,,,,
3,임대,,훼미리세탁소,일반세탁업,,,,,210045.748264305,442930.687284628,2026-05-03 22:32:16,I,01,영업,,2018-01-11 14:28:50,2006-11-13,43.56,138-885,서울특별시 송파구 문정동 150 올림픽훼밀리타운,N,,3230000-205-2006-00023,3230000,"서울특별시 송파구 중대로 24, 상가1동 지하1층 B106,B107호 (문정동, 올림픽훼밀리타운)",05834,,01,영업/정상,일반세탁업,,3,,3,,
0,,0,서울세탁소,일반세탁업,,,,,210289.311711976,445327.319791703,2026-05-03 22:32:44,I,01,영업,,2023-12-22 10:08:30,2007-10-11,33.00,138-830,서울특별시 송파구 방이동 123-9,N,,3230000-205-2007-00005,3230000,"서울특별시 송파구 위례성대로8길 55, 1층 101호 (방이동)",05643,,01,영업/정상,일반세탁업,02-418-4420,,,,,2
0,임대,0,크린에코 서초지사,일반세탁업,2026-01-02,,,,198522.378903836,443658.098277933,2026-05-03 22:32:03,I,02,폐업,0,2026-01-02 16:39:41,2014-12-01,174.75,137-829,서울특별시 서초구 방배동 766-2 101호,N,0,3210000-205-2014-00007,3210000,"서울특별시 서초구 방배중앙로27길 29, 1층 101호 (방배동)",06555,0,03,폐업,일반세탁업,02-532-3012,1,,1,,7
1,임대,0,명품세탁소,일반세탁업,,,,,211501.295184297,441892.362032579,2026-05-03 22:32:45,I,01,영업,,2011-02-11 13:56:35,2008-03-21,26.40,138-888,서울특별시 송파구 장지동 844 파인타운장지지구단재상가2호,N,,3230000-205-2008-00006,3230000,"서울특별시 송파구 충민로4길 19 (장지동,파인타운장지지구단재상가2호)",05812,,01,영업/정상,일반세탁업,02-400-1012,1,,1,,2
3,임대,0,동아세탁,일반세탁업,,,,,210149.26634657,448364.723368836,2026-05-03 22:32:45,I,01,영업,,2013-12-23 14:39:42,2008-03-21,39.95,138-873,서울특별시 송파구 풍납동 506 동아한가람(아)상가 지상2층201호,N,,3230000-205-2008-00007,3230000,"서울특별시 송파구 한가람로16길 7 (풍납동, 동아한가람아파트지상2층201호)",05516,,01,영업/정상,일반세탁업,,2,,2,,2
4,임대,0,오붓크리닝,일반세탁업,2026-04-29,,,,209904.342474669,445178.31268802,2026-05-03 22:32:45,I,02,폐업,,2026-04-29 16:00:59,2008-03-31,36.65,138-852,서울특별시 송파구 송파동 137-5 지상1층,N,,3230000-205-2008-00008,3230000,"서울특별시 송파구 오금로20길 10 (송파동,지상1층)",05662,,03,폐업,일반세탁업,02-713-6794,1,,1,,2
0,임대,0,트리지움세탁,일반세탁업,,,,,207553.918225133,445383.338011122,2026-05-03 22:32:45,I,01,영업,,2014-12-14 11:44:27,2008-03-31,73.71,138-915,서울특별시 송파구 잠실동 35-2 트리지움상가 지하1층 B108호,N,,3230000-205-2008-00009,3230000,"서울특별시 송파구 석촌호수로 61, 지하1층 B108호 (잠실동, 트리지움상가 )",05555,,01,영업/정상,일반세탁업,02-422-9111,,1,,1,1
5,임대,0,레이크명품세탁,일반세탁업,,,,,208105.938904596,445043.97737109,2026-05-03 22:32:45,I,01,영업,,2016-12-20 12:59:51,2008-05-01,36.09,138-915,서울특별시 송파구 잠실동 44-3 상가 지상2층 205호,N,,3230000-205-2008-00012,3230000,"서울특별시 송파구 석촌호수로 135 (잠실동,상가 지상2층 205호)",05607,,01,영업/정상,일반세탁업,02-413-1482,2,,2,,4
1,임대,1,삼전세탁소,일반세탁업,,,,,208120.888038,444909.401003611,2026-05-03 22:32:45,I,01,영업,,2014-12-14 11:52:39,2008-05-15,26.00,138-839,서울특별시 송파구 삼전동 91-5 (102),N,,3230000-205-2008-00013,3230000,"서울특별시 송파구 백제고분로25길 30 (삼전동,(102))",05600,,01,영업/정상,일반세탁업,02-416-1629,1,,1,,1
0,임대,0,성진크리닝,일반세탁업,,,,,210169.670770566,447725.18620098,2026-05-03 22:32:45,I,01,영업,,2008-07-14 10:09:42,2008-07-14,46.00,138-874,서울특별시 송파구 풍납동 250-9 지상1층,N,,3230000-205-2008-00018,3230000,"서울특별시 송파구 풍성로20길 34 (풍납동,지상1층)",05533,,01,영업/정상,일반세탁업,02-477-5477,1,,1,,2
0,,0,한일사,일반세탁업,,,,,201846.031127641,444834.106322431,2026-05-03 22:31:57,I,01,영업,,2015-09-03 13:59:16,1991-12-06,16.25,137-810,서울특별시 서초구 반포동 734-33 1층(착오 직권 정정),N,,3210000-205-1991-01983,3210000,"서울특별시 서초구 강남대로83길 36, 1층 (반포동)",06540,1,01,영업/정상,일반세탁업,02-548-8311,0,0,0,0,1
0,임대,0,새서울,일반세탁업,,,,,199591.520398328,442851.658904151,2026-05-03 22:31:59,I,01,영업,,2018-07-19 09:11:48,1992-12-01,26.40,137-815,서울특별시 서초구 방배동 141-32 1층 일부,N,,3210000-205-1992-01919,3210000,"서울특별시 서초구 서초대로30길 9, 1층 (방배동)",06662,,01,영업/정상,일반세탁업,02-522-1889,1,,1,,
0,,0,얼룩빼기 이박사 행복크리닝,일반세탁업,,,,,203797.635,440819.395,2026-05-03 22:32:04,I,01,영업,,2015-08-28 14:17:52,1992-12-11,55.20,137-897,서울특별시 서초구 양재동 339-8 102호,N,,3210000-205-1992-01921,3210000,"서울특별시 서초구 강남대로8길 39-26, 102호 (양재동)",06785,1,01,영업/정상,일반세탁업,34613012,0,0,0,0,1
0,,0,베스트크리닝,일반세탁업,,,,,199212.327851209,443210.729359899,2026-05-03 22:32:02,I,01,영업,,2022-07-21 15:25:46,1992-12-31,.00,137-835,서울특별시 서초구 방배동 837-1 1층 108호,N,,3210000-205-1992-01928,3210000,"서울특별시 서초구 방배로 196, 1층 108호 (방배동)",06586,0,01,영업/정상,일반세탁업,,0,0,0,0,0
0,,0,서초브띠빨래방,일반세탁업,,,,,201270.012577683,442622.709265401,2026-05-03 22:32:02,I,01,영업,,2020-06-29 15:14:55,1992-06-12,.00,137-953,서울특별시 서초구 서초동 1600-9 우성브띠 103호,N,,3210000-205-1992-01930,3210000,"서울특별시 서초구 서초중앙로5길 10-8 (서초동,우성브띠 103호)",06654,,01,영업/정상,일반세탁업,02-525-8083,0,0,,,
0,,0,현대세탁,일반세탁업,,,,,199824.853433456,444119.379040951,2026-05-03 22:32:05,I,01,영업,,2020-12-01 14:10:26,1992-05-04,70.00,137-806,서울특별시 서초구 반포동 92-3 지하,N,,3210000-205-1992-01961,3210000,"서울특별시 서초구 서래로10길 10 (반포동,지하)",06577,1,01,영업/정상,일반세탁업,02-593-7621,0,0,0,0,1
,,,크린빨래방,일반세탁업,,,,,201706.770802482,445172.014790202,2026-05-03 22:31:59,I,01,영업,,2020-06-29 14:58:31,1993-05-07,.00,137-809,서울특별시 서초구 반포동 720-1,N,,3210000-205-1993-01902,3210000,서울특별시 서초구 사평대로53길 104 (반포동),06537,,01,영업/정상,일반세탁업,02-0517-2239,,,,,
0,임대,0,삼성사 세탁,일반세탁업,,,,,198761.754332876,442865.540556106,2026-05-03 22:32:03,I,01,영업,,2020-06-29 14:43:22,1993-05-19,47.09,137-834,서울특별시 서초구 방배동 828-29 1층,N,,3210000-205-1993-01904,3210000,"서울특별시 서초구 방배중앙로15길 28, 1층 (방배동)",06564,0,01,영업/정상,일반세탁업,02-593-3258,1,0,1,0,1
0,,0,효성퍼크로크리닝,일반세탁업,,,,,199734.610715634,443974.209011721,2026-05-03 22:31:56,I,01,영업,,2020-06-29 14:58:48,1993-07-27,.00,137-806,서울특별시 서초구 반포동 95-11,N,,3210000-205-1993-01911,3210000,서울특별시 서초구 사평대로22길 37 (반포동),06576,,01,영업/정상,일반세탁업,02-0000-0000,0,0,,,
1,,,갤러리세탁소,일반세탁업,,,,,201522.568390522,445011.107065394,2026-05-03 22:32:04,I,01,영업,,2024-09-09 15:47:02,1993-06-12,66.00,137-808,서울특별시 서초구 반포동 714-19 1층,N,,3210000-205-1993-01916,3210000,"서울특별시 서초구 주흥11길 38-4, 1층 (반포동)",06538,,01,영업/정상,일반세탁업,02-545-4482,,,1,,
,,,유원세탁,일반세탁업,,,,,201545.503195417,443788.298282562,2026-05-03 22:31:57,I,01,영업,,2022-02-28 14:29:02,1994-08-02,5.64,137-882,서울특별시 서초구 서초동 1687 지하2층 236호,N,,3210000-205-1994-01848,3210000,"서울특별시 서초구 서초중앙로24길 43, 지하2층 236호 (서초동, 유원서초아파트)",06603,,01,영업/정상,일반세탁업,02-596-2022,,,,,
,,,그린사,일반세탁업,,,,,201453.884239133,445485.893223652,2026-05-03 22:31:58,I,01,영업,,2020-06-29 14:53:00,1994-09-28,15.96,137-906,서울특별시 서초구 잠원동 44-5,N,,3210000-205-1994-01853,3210000,서울특별시 서초구 신반포로43길 33 (잠원동),06529,,01,영업/정상,일반세탁업,02-0543-1840,,,,,
,,,한강세탁소,일반세탁업,,,,,201267.867834297,446565.028672992,2026-05-03 22:32:04,I,01,영업,,2020-11-20 10:44:27,1994-11-18,24.53,137-906,서울특별시 서초구 잠원동 49-8,N,,3210000-205-1994-01856,3210000,"서울특별시 서초구 잠원로 221, 208호 (잠원동)",06514,,01,영업/정상,일반세탁업,02-0537-6746,,,,,
,,,국제사,일반세탁업,,,,,200569.040049069,442761.696184283,2026-05-03 22:31:57,I,01,영업,,2020-06-29 15:03:52,1994-06-16,.00,137-871,서울특별시 서초구 서초동 1508-45,N,,3210000-205-1994-01859,3210000,서울특별시 서초구 명달로22길 59 (서초동),06659,,01,영업/정상,일반세탁업,02-585-7080,,,,,
0,,0,화이트라이프,일반세탁업,,,,,202771.40666547,441438.293101641,2026-05-03 22:31:58,I,01,영업,,2017-03-07 12:34:37,1994-12-14,17.34,137-892,서울특별시 서초구 양재동 138-4 (산51-6에서 지번 번경) 1층 4호,N,,3210000-205-1994-01863,3210000,"서울특별시 서초구 바우뫼로 101, 1층 4호 (양재동, 경인프라자)",06751,0,01,영업/정상,일반세탁업,02-0575-7751,0,0,0,0,0
,,,스피드워시빨래방,일반세탁업,,,,,201911.030426471,444973.48739389,2026-05-03 22:31:54,I,01,영업,,2020-06-29 14:29:31,1994-01-07,.00,137-810,서울특별시 서초구 반포동 736-11 1층,N,,3210000-205-1994-01895,3210000,"서울특별시 서초구 사평대로57길 62 (반포동,1층)",06536,,01,영업/정상,일반세탁업,02-547-8722,,,,,
0,,0,신성세탁소,일반세탁업,,,,,201153.543582527,442643.280772,2026-05-03 22:31:58,I,01,영업,,2020-06-29 15:15:57,1995-04-29,54.00,137-876,서울특별시 서초구 서초동 1588-1,N,,3210000-205-1995-01830,3210000,서울특별시 서초구 반포대로14길 54 (서초동),06654,,01,영업/정상,일반세탁업,02-525-1532,0,0,,,
,,,매직크린,일반세탁업,,,,,200008.448105672,444099.363020068,2026-05-03 22:31:58,I,01,영업,,2020-06-29 14:26:21,1995-05-10,295.90,137-804,서울특별시 서초구 반포동 70-1 한신서래상가 1층,N,,3210000-205-1995-01833,3210000,"서울특별시 서초구 사평대로28길 31 (반포동,한신서래상가 1층)",06578,,01,영업/정상,일반세탁업,02-535-3554,,,,,
0,,0,한강세탁소,일반세탁업,,,,,203825.995269664,441487.319471149,2026-05-03 22:31:58,I,01,영업,,2020-10-22 11:28:44,1995-12-23,82.68,137-895,서울특별시 서초구 양재동 269-5 1층,N,,3210000-205-1995-01843,3210000,"서울특별시 서초구 언남11길 22-13, 1층 (양재동)",06776,0,01,영업/정상,일반세탁업,02-529-6024,0,0,0,0,0
0,,0,한양 명품 세탁소,일반세탁업,,,,,210612.850862974,445576.723548467,2026-05-03 22:32:45,I,01,영업,0,2015-01-26 16:38:09,2015-01-26,30.00,138-833,서울특별시 송파구 방이동 167-7 지상1층,N,0,3230000-205-2015-00002,3230000,"서울특별시 송파구 가락로42길 9, 지상1층 (방이동)",05636,1,01,영업/정상,일반세탁업,02-416-0036,1,,1,,2
0,,0,동양 세탁소,일반세탁업,,,,,211476.863672721,442721.232457485,2026-05-03 22:32:50,I,01,영업,0,2015-08-27 14:55:51,2015-08-27,20.00,138-200,서울특별시 송파구 문정동 108 지상1층,N,0,3230000-205-2015-00009,3230000,"서울특별시 송파구 새말로17길 16, 지상1층 (문정동)",05800,1,01,영업/정상,일반세탁업,02-404-5838,,,,,1
0,,0,크린토피아 삼전 배명점,빨래방업,,,,,208327.173629047,444185.235125681,2026-05-03 22:32:50,I,01,영업,0,2021-06-15 16:54:57,2015-10-14,41.60,138-841,서울특별시 송파구 삼전동 174-5 용선하우스,N,0,3230000-205-2015-00011,3230000,"서울특별시 송파구 백제고분로32길 29, 1층 101호 (삼전동, 용선하우스)",05587,0,01,영업/정상,빨래방업,02-425-1966,1,,1,,3
0,,0,오륜 세탁소,일반세탁업,,,,,210208.243205071,445778.785697749,2026-05-03 22:32:50,I,01,영업,0,2016-06-14 11:43:30,2016-06-14,33.00,138-830,서울특별시 송파구 방이동 178-4,N,0,3230000-205-2016-00004,3230000,"서울특별시 송파구 백제고분로50길 11, 지상1층 (방이동)",05627,0,01,영업/정상,일반세탁업,02-417-4910,1,,1,,1
0,,0,혁진크린,일반세탁업,,,,,211826.68000214,444929.825011576,2026-05-03 22:32:50,I,01,영업,0,2021-06-17 16:05:54,2017-01-04,124.00,138-858,서울특별시 송파구 오금동 87-10,N,0,3230000-205-2017-00002,3230000,"서울특별시 송파구 중대로38길 18, 1층 (오금동)",05724,2,01,영업/정상,일반세탁업,,1,,1,,1
0,임대,0,마마운동화이불빨래방,일반세탁업,2026-01-06,,,,198771.112974038,442870.390239061,2026-05-03 22:32:05,I,02,폐업,0,2026-01-06 11:56:03,2020-02-21,29.55,137-834,서울특별시 서초구 방배동 828-28 1동 101호,N,0,3210000-205-2020-00001,3210000,"서울특별시 서초구 방배천로30길 22, 1층 101호 (방배동, 창희림)",06564,0,03,폐업,일반세탁업,,1,,1,,4
0,,0,시그니엘 서울호텔 라운드리,일반세탁업,,,,,209074.900840074,445657.80932984,2026-05-03 22:32:50,I,01,영업,0,2025-02-17 14:57:33,2017-03-28,235.32,138-934,서울특별시 송파구 신천동 29,N,0,3230000-205-2017-00003,3230000,"서울특별시 송파구 올림픽로 300, 지하2층 (신천동, 롯데월드타워 시그니엘서울호텔)",05551,2,01,영업/정상,일반세탁업,,,2,,2,3
0,,0,운동화 빠는날,운동화전문세탁업,,,,,211869.963565083,443560.228034801,2026-05-03 22:32:50,I,01,영업,0,2023-07-11 11:33:57,2017-07-03,29.00,138-812,서울특별시 송파구 가락동 186-6,N,0,3230000-205-2017-00005,3230000,"서울특별시 송파구 문정로13길 11-8, 1층 (가락동)",05782,1,01,영업/정상,운동화전문세탁업,,1,,1,,2
0,,0,극동 컴퓨터크리닝,일반세탁업,,,,,210061.73145072,447507.493855788,2026-05-03 22:32:50,I,01,영업,0,2017-07-19 11:39:19,2017-07-19,23.00,138-874,서울특별시 송파구 풍납동 265-7,N,0,3230000-205-2017-00007,3230000,"서울특별시 송파구 토성로 40, 1층 (풍납동)",05536,1,01,영업/정상,일반세탁업,,1,,1,,1
0,,0,킴스명품세탁소,일반세탁업,,,,,212711.714410254,443202.356789327,2026-05-03 22:32:51,I,01,영업,0,2018-05-02 09:53:44,2018-05-02,18.00,138-110,서울특별시 송파구 거여동 290 거여1단지아파트,N,0,3230000-205-2018-00003,3230000,"서울특별시 송파구 양산로8길 4, 거여1단지아파트 상가 205호 (거여동)",05779,1,01,영업/정상,일반세탁업,,2,,2,,1
0,,0,운동화빨래방,운동화전문세탁업,,,,,208920.64415948,444699.745659167,2026-05-03 22:32:51,I,01,영업,0,2018-11-26 10:35:55,2018-11-26,60.00,138-842,서울특별시 송파구 석촌동 58-24 미주빌딩,N,0,3230000-205-2018-00008,3230000,"서울특별시 송파구 백제고분로36가길 15, 미주빌딩 지하1층 (석촌동)",05614,1,01,영업/정상,운동화전문세탁업,,,1,,,1
0,,0,삼익 명품세탁,일반세탁업,,,,,210657.024580332,444667.864970738,2026-05-03 22:32:51,I,01,영업,0,2020-04-29 13:09:00,2019-03-29,29.21,138-853,서울특별시 송파구 송파동 166 가락삼익맨숀,N,0,3230000-205-2019-00005,3230000,"서울특별시 송파구 오금로32길 5, 14호 (송파동, 가락삼익맨숀)",05673,1,01,영업/정상,일반세탁업,,,,,,1
0,임대,0,그린어스코리아(유),일반세탁업,,,,,210654.50616628,442070.575741668,2026-05-03 22:32:51,I,01,영업,0,2019-04-05 09:27:14,2019-04-05,80.90,138-888,서울특별시 송파구 문정동 620 송파 푸르지오시티,N,0,3230000-205-2019-00006,3230000,"서울특별시 송파구 새말로 62, 송파 푸르지오시티 지하1층 B101호 (문정동)",05841,2,01,영업/정상,일반세탁업,02-576-0844,,1,,1,1
0,,0,헤리츠 명품크리닝,일반세탁업,,,,,209934.09577329,446031.802965689,2026-05-03 22:32:50,I,01,영업,0,2024-07-08 15:35:04,2019-07-15,35.88,138-828,서울특별시 송파구 방이동 47 새천년잠실헤리츠오피스텔,N,0,3230000-205-2019-00008,3230000,"서울특별시 송파구 위례성대로2길 8, 116호 (방이동)",05544,1,01,영업/정상,일반세탁업,,,,,,2
0,,0,백양세탁,일반세탁업,,,,,210403.825298326,443562.753075246,2026-05-03 22:32:51,I,01,영업,0,2019-10-31 17:14:17,2019-10-31,23.00,138-805,서울특별시 송파구 가락동 98-2 훼밀리오피스텔,N,0,3230000-205-2019-00009,3230000,"서울특별시 송파구 송파대로30길 8, 훼밀리오피스텔 지하1층 B116호 (가락동)",05719,1,01,영업/정상,일반세탁업,,,,,,1
0,임대,0,그린어스,일반세탁업,,,,,209412.197809542,443928.783342251,2026-05-03 22:32:51,I,01,영업,0,2020-12-29 11:47:52,2019-12-20,51.43,138-883,서울특별시 송파구 가락동 479 헬리오시티,N,0,3230000-205-2019-00010,3230000,"서울특별시 송파구 송파대로 345, 5블럭동 지하1층 6호 (가락동, 헬리오시티)",05698,1,01,영업/정상,일반세탁업,,,1,,1,1
0,임대,0,명성세탁소,일반세탁업,,,,,210944.715024077,443566.850011402,2026-05-03 22:32:51,I,01,영업,0,2020-02-26 15:09:26,2020-02-26,59.40,138-807,서울특별시 송파구 가락동 123-19,N,0,3230000-205-2020-00002,3230000,"서울특별시 송파구 동남로13길 48-7, 1층 (가락동)",05828,1,01,영업/정상,일반세탁업,,,,,,1
0,임대,0,롯데월드 세탁소,일반세탁업,,,,,211739.189009889,444488.29921429,2026-05-03 22:32:49,I,01,영업,0,2025-03-17 11:39:30,2020-04-28,33.00,138-857,서울특별시 송파구 오금동 53-15,N,0,3230000-205-2020-00004,3230000,"서울특별시 송파구 동남로23길 33, 1층 (오금동)",05727,1,01,영업/정상,일반세탁업,,1,,1,,3
,,,유미사,일반세탁업,,,,,199022.868453712,443881.411090312,2026-05-03 22:31:43,I,01,영업,,2020-06-29 14:49:00,1995-04-29,.00,137-827,서울특별시 서초구 방배동 724 신삼호상가203호,N,,3210000-205-1995-01870,3210000,서울특별시 서초구 방배로 268 (방배동),06574,,01,영업/정상,일반세탁업,02-593-4027,,,,,
0,,0,아남세탁,일반세탁업,,,,,201826.043084817,443495.30508397,2026-05-03 22:31:58,I,01,영업,,2023-08-03 15:35:39,1996-08-02,52.80,137-879,서울특별시 서초구 서초동 1635-9 태성빌딩 1층 103호,N,,3210000-205-1996-01805,3210000,"서울특별시 서초구 서초대로64길 47, 태성빌딩 1층 103호 (서초동)",06636,0,01,영업/정상,일반세탁업,02-585-3624,1,0,1,0,2
0,,0,백양사,일반세탁업,,,,,203596.679691016,441163.61666834,2026-05-03 22:31:57,I,01,영업,,2020-06-29 17:04:06,1997-07-29,37.40,137-894,서울특별시 서초구 양재동 246-4,N,,3210000-205-1997-01819,3210000,서울특별시 서초구 언남5길 1 (양재동),06778,,01,영업/정상,일반세탁업,02-577-8107,0,0,,,
,,,현대세탁소,일반세탁업,,,,,201748.896022989,442842.250455256,2026-05-03 22:31:57,I,01,영업,,2020-06-29 15:04:52,1999-09-15,20.00,137-878,서울특별시 서초구 서초동 1618-29,N,,3210000-205-1997-01820,3210000,서울특별시 서초구 서리풀길 15 (서초동),06641,,01,영업/정상,일반세탁업,02-525-6392,,,,,
0,,0,삼양세탁소,일반세탁업,,,,,198726.6869648,443677.130376294,2026-05-03 22:31:51,I,01,영업,,2020-06-29 14:49:16,1998-12-20,.00,137-829,서울특별시 서초구 방배동 769-2,N,,3210000-205-1998-01740,3210000,서울특별시 서초구 방배로43길 37 (방배동),06556,,01,영업/정상,일반세탁업,02-0590-9909,0,0,,,
,,,화성세탁소,일반세탁업,,,,,198507.645953028,442067.594374377,2026-05-03 22:31:57,I,01,영업,,2020-06-30 11:10:40,1998-03-13,39.60,137-819,서울특별시 서초구 방배동 456-15,N,,3210000-205-1998-01785,3210000,서울특별시 서초구 방배천로2안길 83 (방배동),06677,,01,영업/정상,일반세탁업,02-585-8519,,,,,
,,,현대세탁,일반세탁업,,,,,201054.363548303,446247.719636035,2026-05-03 22:31:55,I,01,영업,,2014-01-06 10:28:21,1998-07-21,37.38,137-907,서울특별시 서초구 잠원동 53 현대상가 203호,N,,3210000-205-1998-01796,3210000,"서울특별시 서초구 잠원로12길 6, 203호 (잠원동, 현대상가)",06517,,01,영업/정상,일반세탁업,02-534-5025,,,,,
0,,0,신광세탁소,일반세탁업,,,,,199299.997690232,442165.404369247,2026-05-03 22:31:55,I,01,영업,,2020-06-29 14:31:27,1998-07-21,.00,137-843,서울특별시 서초구 방배동 918-1,N,,3210000-205-1998-01797,3210000,서울특별시 서초구 방배중앙로 18 (방배동),06687,,01,영업/정상,일반세탁업,02-583-1572,0,0,,,
0,,0,명성세탁소,일반세탁업,,,,,201458.787242306,445354.452726228,2026-05-03 22:31:55,I,01,영업,,2020-06-29 14:54:07,1998-08-31,17.67,137-906,서울특별시 서초구 잠원동 46-9,N,,3210000-205-1998-01798,3210000,서울특별시 서초구 신반포로43길 11-11 (잠원동),06532,,01,영업/정상,일반세탁업,02-3443-3831,0,0,,,
0,자가,0,백합세탁소,일반세탁업,,,,,201848.84806058,444363.963061623,2026-05-03 22:31:52,I,01,영업,,2020-06-29 15:21:49,1998-01-03,32.57,137-856,서울특별시 서초구 서초동 1310 삼호상가 123호,N,,3210000-205-1998-01805,3210000,"서울특별시 서초구 서운로 207, 123호 (서초동, 삼호상가)",06608,0,01,영업/정상,일반세탁업,02-3481-4682,1,0,1,0,2
,,,백양세탁소,일반세탁업,,,,,198533.25295593,442222.307915059,2026-05-03 22:31:53,I,01,영업,,2020-06-29 14:34:20,1998-12-20,.00,137-817,서울특별시 서초구 방배동 436-10,N,,3210000-205-1998-01807,3210000,서울특별시 서초구 방배천로2안길 118 (방배동),06677,,01,영업/정상,일반세탁업,02-0587-4094,,,,,
,임대,,맵시크린,일반세탁업,,,,,199477.30227359,443204.861714848,2026-05-03 22:31:44,I,01,영업,,2015-11-12 14:44:01,1998-01-07,27.00,137-836,서울특별시 서초구 방배동 849-12 1층,N,,3210000-205-1998-01809,3210000,"서울특별시 서초구 방배로28길 50-3, 1층 (방배동)",06586,1,01,영업/정상,일반세탁업,,1,,1,,2
0,임대,0,현대세탁,일반세탁업,,,,,201472.668856726,444193.267014675,2026-05-03 22:32:04,I,01,영업,,2019-05-16 15:27:24,1998-03-17,32.37,137-882,서울특별시 서초구 서초동 1684-1 2층 7호,N,,3210000-205-1998-01810,3210000,"서울특별시 서초구 고무래로 90-7, 2층 7호 (서초동, 서초쇼핑)",06602,1,01,영업/정상,일반세탁업,,2,0,2,0,1
,,,진용사,일반세탁업,,,,,198649.78105154,442110.489600944,2026-05-03 22:31:55,I,01,영업,,2020-06-29 14:34:37,1999-07-08,20.15,137-819,서울특별시 서초구 방배동 458-25 1층 102호,N,,3210000-205-1999-01986,3210000,"서울특별시 서초구 청두곶길 50 (방배동,1층 102호)",06678,,01,영업/정상,일반세탁업,02-581-4882,,,,,
0,,0,자이세탁,일반세탁업,,,,,200800.417027918,444989.874340522,2026-05-03 22:32:02,I,01,영업,,2020-06-29 14:59:19,2001-09-18,23.10,137-040,서울특별시 서초구 반포동 20-45 반포자이프라자 B08호,N,,3210000-205-2001-00003,3210000,"서울특별시 서초구 잠원로 24 (반포동,반포자이프라자 B08호)",06544,1,01,영업/정상,일반세탁업,02-515-6497,0,0,0,0,0
0,,0,현대세탁소,일반세탁업,,,,,198824.163014387,442896.166727361,2026-05-03 22:31:56,I,01,영업,,2020-06-29 14:44:37,2001-11-16,33.00,137-834,서울특별시 서초구 방배동 829-39 1층,N,,3210000-205-2001-00006,3210000,"서울특별시 서초구 방배천로34길 24 (방배동,1층)",06564,,01,영업/정상,일반세탁업,02-599-5965,0,0,,,
0,,0,로얄세탁소,일반세탁업,,,,,201713.667554424,443198.87061602,2026-05-03 22:32:03,I,01,영업,,2022-07-15 14:23:11,2001-09-19,17.82,137-880,서울특별시 서초구 서초동 1648-2 서초현대아파트 상가 202호,N,,3210000-205-2001-00012,3210000,"서울특별시 서초구 사임당로19길 6, 202호 (서초동, 서초현대아파트 상가)",06637,0,01,영업/정상,일반세탁업,02-0571-3995,0,0,0,0,0
,,,양재세탁,일반세탁업,,,,,203892.621668281,440782.095019323,2026-05-03 22:31:56,I,01,영업,,2020-06-29 17:06:04,2002-08-02,.00,137-897,서울특별시 서초구 양재동 341-5 1층,N,,3210000-205-2002-00004,3210000,"서울특별시 서초구 동산로6길 46 (양재동,1층)",06786,,01,영업/정상,일반세탁업,02-577-9028,,,,,
,,,현대크리닝,일반세탁업,,,,,203499.12567016,441055.274791714,2026-05-03 22:31:53,I,01,영업,,2020-06-29 17:06:35,2003-04-03,.00,137-896,서울특별시 서초구 양재동 312-8 1층,N,,3210000-205-2003-00010,3210000,"서울특별시 서초구 강남대로18길 24-7 (양재동,1층)",06779,,01,영업/정상,일반세탁업,02-579-3533,,,,,
,,,우성세탁,일반세탁업,,,,,199372.214875872,442385.60521869,2026-05-03 22:31:54,I,01,영업,,2020-06-29 14:31:47,2003-07-16,,137-843,서울특별시 서초구 방배동 928-30 (1층),N,,3210000-205-2003-00025,3210000,"서울특별시 서초구 방배로15길 38 (방배동,(1층))",06681,,01,영업/정상,일반세탁업,02-523-7406,,,,,
0,임대,0,신광세탁,일반세탁업,,,,,201930.969436347,443049.504256928,2026-05-03 22:32:01,I,01,영업,,2017-11-30 14:26:42,2003-09-17,36.40,137-877,서울특별시 서초구 서초동 1610-18 1층,N,,3210000-205-2003-00028,3210000,"서울특별시 서초구 효령로67길 55, 1층 (서초동)",06642,1,01,영업/정상,일반세탁업,02-584-9931,1,0,1,0,2
,,,백양세탁,일반세탁업,,,,,201116.138875375,442371.131909477,2026-05-03 22:31:53,I,01,영업,,2022-05-13 13:59:48,2004-01-08,52.41,137-927,서울특별시 서초구 서초동 1451-29 호수빌딩 102호,N,,3210000-205-2004-00001,3210000,"서울특별시 서초구 남부순환로323길 59, 102호 (서초동, 호수빌딩)",06716,,01,영업/정상,일반세탁업,02-525-6409,,,,,
0,자가,0,JW메리어트호텔서울,일반세탁업,,,,,200250.447804795,444683.220506107,2026-05-03 22:31:53,I,01,영업,,2025-04-02 14:14:34,2004-02-23,624.06,137-713,서울특별시 서초구 반포동 19-3 지하 4충,N,,3210000-205-2004-00004,3210000,"서울특별시 서초구 신반포로 176, 지하 4층 (반포동, JW메리어트호텔서울)",06546,2,01,영업/정상,일반세탁업,02-6282-6262,0,4,0,4,8
0,임대,0,스위트크리닝,일반세탁업,,,,,202814.547442793,442662.268719493,2026-05-03 22:31:55,I,01,영업,,2020-06-29 15:09:46,2004-10-16,45.40,137-863,서울특별시 서초구 서초동 1362 B201호,N,,3210000-205-2004-00012,3210000,"서울특별시 서초구 강남대로39길 5, B201호 (서초동, 서초동두산위브)",06735,0,01,영업/정상,일반세탁업,02-587-7674,0,2,0,2,1
0,임대,0,강남디오빌,일반세탁업,,,,,202053.5363317,444426.026431763,2026-05-03 22:31:55,I,01,영업,,2020-06-29 15:22:23,2004-11-03,30.00,137-856,서울특별시 서초구 서초동 1309-1 디오빌 107호,N,,3210000-205-2004-00014,3210000,"서울특별시 서초구 서초대로73길 54, 107호 (서초동, 디오빌)",06611,0,01,영업/정상,일반세탁업,02-591-7239,2,0,2,0,0
,임대,,형제세탁소,일반세탁업,,,,,200733.711347799,442498.592992337,2026-05-03 22:31:55,I,01,영업,,2020-06-29 15:16:40,2004-11-26,27.00,137-871,서울특별시 서초구 서초동 1530-9 101호,N,,3210000-205-2004-00015,3210000,"서울특별시 서초구 효령로45길 24 (서초동,101호)",06670,,01,영업/정상,일반세탁업,02-585-0689,1,,1,,
0,임대,0,부부세탁소,일반세탁업,,,,,201162.021500864,442322.198135809,2026-05-03 22:31:50,I,01,영업,,2017-01-18 11:53:51,2005-01-14,33.00,137-867,서울특별시 서초구 서초동 1455-8 102호,N,,3210000-205-2005-00001,3210000,"서울특별시 서초구 남부순환로323길 44-3, 102호 (서초동)",06717,1,01,영업/정상,일반세탁업,02-581-3285,1,,1,,2
,임대,,하얀나라,일반세탁업,,,,,198506.458385404,442915.881978231,2026-05-03 22:32:01,I,01,영업,,2020-06-29 14:44:57,2005-02-01,27.00,137-852,서울특별시 서초구 방배동 1344 현대(아)상가비동 107호,N,,3210000-205-2005-00002,3210000,"서울특별시 서초구 서초대로1길 30 (방배동,현대(아)상가비동 107호)",06567,,01,영업/정상,일반세탁업,02-3477-8885,1,,1,,
,,,백미,일반세탁업,,,,,200883.46902532,445971.21278915,2026-05-03 22:31:56,I,01,영업,,2015-03-09 13:58:35,2005-03-18,33.00,137-907,서울특별시 서초구 잠원동 56-3 잠원연합상가 204호,N,,3210000-205-2005-00005,3210000,"서울특별시 서초구 잠원로 148, 204호 (잠원동, 잠원연합상가)",06518,,01,영업/정상,일반세탁업,,2,,2,,
,임대,,현대 명품호텔 세탁,일반세탁업,,,,,202638.948768564,443109.509930091,2026-05-03 22:32:03,I,01,영업,,2016-11-01 14:33:10,2005-03-29,.00,137-860,서울특별시 서초구 서초동 1338-20 지하 1층 109-1호,N,,3210000-205-2005-00007,3210000,"서울특별시 서초구 강남대로 305, 지하 1층 109-1호 (서초동)",06628,1,01,영업/정상,일반세탁업,02-2182-5110,,1,,1,2
,,,진솔세탁,일반세탁업,,,,,199275.546594367,442652.974401921,2026-05-03 22:31:51,I,01,영업,,2008-09-18 10:15:01,2005-04-21,33.00,137-844,서울특별시 서초구 방배동 938-24,N,,3210000-205-2005-00009,3210000,서울특별시 서초구 방배로23길 32-4 (방배동),06673,,01,영업/정상,일반세탁업,02-581-8976,1,,1,,
,,,양재전자크리닝,일반세탁업,,,,,203585.275851574,442124.078137654,2026-05-03 22:31:52,I,01,영업,,2022-07-11 10:52:17,2005-06-13,26.40,137-886,서울특별시 서초구 양재동 6-39 1층 103호,N,,3210000-205-2005-00010,3210000,"서울특별시 서초구 바우뫼로41길 16, 1층 103호 (양재동)",06741,,01,영업/정상,일반세탁업,02-529-5366,1,,1,,
,임대,,삼성명품세탁,일반세탁업,,,,,200382.677670522,441721.278243893,2026-05-03 22:32:04,I,01,영업,,2015-02-17 09:51:07,2005-06-16,19.75,137-850,서울특별시 서초구 방배동 1008-2 래미안상가 106호,N,,3210000-205-2005-00012,3210000,"서울특별시 서초구 남부순환로 2311-12, 106호 (방배동, 래미안상가)",06714,1,01,영업/정상,일반세탁업,02-521-6693,1,,1,,1
,,,백양세탁소,일반세탁업,,,,,201801.742900428,442561.161206816,2026-05-03 22:31:51,I,01,영업,,2020-06-29 15:07:35,2005-06-22,21.35,137-865,서울특별시 서초구 서초동 1442-2 (1층),N,,3210000-205-2005-00013,3210000,서울특별시 서초구 서초중앙로2길 82 (서초동),06725,,01,영업/정상,일반세탁업,02-588-2488,1,,1,,
,,,래미안세탁소,일반세탁업,,,,,199087.169864736,441429.509508387,2026-05-03 22:31:51,I,01,영업,,2020-06-29 14:40:36,2005-06-23,24.25,137-060,서울특별시 서초구 방배동 485-3 래미안상가 B02,N,,3210000-205-2005-00014,3210000,"서울특별시 서초구 남부순환로 2183 (방배동,래미안상가 B02)",06701,,01,영업/정상,일반세탁업,02-587-0388,,1,,1,
,,,반포명품세탁소,일반세탁업,,,,,200958.810528572,445792.191399183,2026-05-03 22:31:51,I,01,영업,,2026-04-01 11:41:40,2005-09-12,30.28,137-907,서울특별시 서초구 잠원동 57-20 신반포스퀘어 101호,N,,3210000-205-2005-00020,3210000,"서울특별시 서초구 잠원로8길 25, 신반포스퀘어 101호 (잠원동)",06518,,01,영업/정상,일반세탁업,,2,,2,,
,,,드림 세탁소,일반세탁업,,,,,199547.272568387,443957.183990711,2026-05-03 22:32:03,I,01,영업,,2020-06-29 14:27:14,2005-11-01,9.00,137-806,서울특별시 서초구 반포동 107-49 지층 1호,N,,3210000-205-2005-00021,3210000,"서울특별시 서초구 사평대로16길 21 (반포동,지층 1호)",06575,,01,영업/정상,일반세탁업,02-532-7533,,1,,1,
,임대,,부부세탁소,일반세탁업,,,,,203706.422099116,442017.134913609,2026-05-03 22:32:05,I,01,영업,,2017-09-19 10:34:02,2005-11-04,53.33,137-890,서울특별시 서초구 양재동 86-2 1층,N,,3210000-205-2005-00024,3210000,"서울특별시 서초구 양재천로31길 11, 1층 (양재동, 기산빌딩)",06746,1,01,영업/정상,일반세탁업,02-576-3586,1,,1,,2
,,,반포 래아·디에이치 세탁,일반세탁업,,,,,201100.600979283,444376.532945802,2026-05-03 22:32:06,I,01,영업,,2019-02-12 09:24:52,2006-02-01,29.00,137-040,"서울특별시 서초구 반포동 32-5 113, 124호",N,,3210000-205-2006-00002,3210000,"서울특별시 서초구 서초중앙로 224, 113호, 124호 (반포동)",06599,,01,영업/정상,일반세탁업,,2,,2,,
,,,슈퍼빌세탁,일반세탁업,,,,,201347.665918617,442312.725051308,2026-05-03 22:31:47,I,01,영업,,2024-03-12 13:06:15,2006-05-26,44.85,137-919,서울특별시 서초구 서초동 1446-11 현대슈퍼빌상가 E동 107호,N,,3210000-205-2006-00011,3210000,"서울특별시 서초구 서초중앙로 15 (서초동,현대슈퍼빌상가 E동 107호)",06718,,01,영업/정상,일반세탁업,,1,,1,,
0,임대,0,강남세탁의 명가,일반세탁업,,,,,202346.535594063,442718.740826215,2026-05-03 22:31:43,I,01,영업,,2018-03-16 10:13:17,2006-07-03,45.00,137-861,서울특별시 서초구 서초동 1349-22 1층,N,,3210000-205-2006-00013,3210000,"서울특별시 서초구 효령로72길 42, 1층 (서초동)",06726,1,01,영업/정상,일반세탁업,02-581-5558,1,0,1,0,1
0,임대,0,리체 크린월드,일반세탁업,,,,,200996.974700931,444526.688404154,2026-05-03 22:32:06,I,01,영업,,2017-02-07 14:21:13,2006-07-13,54.00,137-040,"서울특별시 서초구 반포동 30-25 ,2호 삼호가든상가 248호",N,,3210000-205-2006-00014,3210000,"서울특별시 서초구 서초중앙로 238, 248호 (반포동, 삼호가든상가)",06597,1,01,영업/정상,일반세탁업,,2,0,2,0,2
21,자가,6,더 샾 크린,일반세탁업,,,,,201463.690299789,442429.147525901,2026-05-03 22:31:44,I,01,영업,,2020-06-29 15:07:51,2006-08-22,43.90,137-866,서울특별시 서초구 서초동 1445-13 쌍용플래티넘 201호,N,,3210000-205-2006-00015,3210000,"서울특별시 서초구 서초중앙로 18 (서초동,쌍용플래티넘 201호)",06720,,01,영업/정상,일반세탁업,02-523-0266,2,,2,,
3,임대,1,주영세탁,일반세탁업,,,,,202345.105478333,440743.388496514,2026-05-03 22:31:43,I,01,영업,,2020-06-29 15:27:07,2006-11-22,33.00,137-900,서울특별시 서초구 우면동 8-4 동우빌딩 1층,N,,3210000-205-2006-00020,3210000,"서울특별시 서초구 바우뫼로6길 46 (우면동,동우빌딩 1층)",06763,,01,영업/정상,일반세탁업,02-529-1870,1,,1,,3
,임대,,뉴코아세탁소,일반세탁업,,,,,200628.43767533,445580.594039349,2026-05-03 22:31:49,I,01,영업,,2025-11-10 09:22:40,2006-12-20,56.87,137-030,"서울특별시 서초구 잠원동 65-32 ,34호 상가 지하 1층",N,,3210000-205-2006-00024,3210000,"서울특별시 서초구 잠원로 94, 지하 1층 (잠원동, 상가)",06520,1,01,영업/정상,일반세탁업,02-535-9815,0,1,0,1,2
,임대,,삼호세탁소,일반세탁업,,,,,198791.828233967,443667.105204328,2026-05-03 22:31:43,I,01,영업,,2020-06-29 14:50:18,2007-02-26,31.70,137-829,서울특별시 서초구 방배동 770-1 삼호상가 103호,N,,3210000-205-2007-00005,3210000,"서울특별시 서초구 방배로43길 5, 103호 (방배동, 삼호상가)",06556,,01,영업/정상,일반세탁업,02-3476-2807,1,,1,,3
3,임대,2,래미안세탁소,일반세탁업,,,,,201600.394681612,444038.762540109,2026-05-03 22:31:43,I,01,영업,,2022-07-15 14:16:10,2007-03-15,35.70,137-882,서울특별시 서초구 서초동 1682 서초 래미안 상가동 2층 209호,N,,3210000-205-2007-00006,3210000,"서울특별시 서초구 서초대로65길 13-10, 서초 래미안 상가동 2층 209호 (서초동)",06602,0,01,영업/정상,일반세탁업,02-533-3235,2,0,2,0,3
,임대,,나리명품세탁,일반세탁업,,,,,201270.060514318,442658.850361045,2026-05-03 22:32:05,I,01,영업,,2019-12-30 15:24:33,2007-05-08,21.12,137-953,서울특별시 서초구 서초동 1600-7 106호,N,,3210000-205-2007-00011,3210000,"서울특별시 서초구 서초중앙로 49, 동양라디안루키 1층 106호 (서초동)",06654,,01,영업/정상,일반세탁업,02-523-5110,1,,1,,3
2,임대,1,한강세탁,일반세탁업,,,,,204428.320643004,439988.378011805,2026-05-03 22:32:02,I,01,영업,,2020-06-29 17:08:25,2007-07-05,26.40,137-170,서울특별시 서초구 염곡동 102-7,N,,3210000-205-2007-00014,3210000,서울특별시 서초구 염곡안길 12 (염곡동),06793,,01,영업/정상,일반세탁업,02-3463-6024,1,,1,,
,임대,,밝은세탁,일반세탁업,,,,,200454.458096778,442159.290708781,2026-05-03 22:32:02,I,01,영업,,2020-06-29 15:17:44,2007-07-06,88.91,137-869,서울특별시 서초구 서초동 1487-108 1층,N,,3210000-205-2007-00015,3210000,"서울특별시 서초구 명달로8길 14 (서초동,1층)",06708,,01,영업/정상,일반세탁업,02-3472-8959,1,,1,,
5,임대,1,다이아몬드크리닝,일반세탁업,,,,,200367.283065678,442709.073837696,2026-05-03 22:32:02,I,01,영업,,2007-08-09 10:00:34,2007-08-09,47.16,137-871,서울특별시 서초구 서초동 1515-10,N,,3210000-205-2007-00016,3210000,서울특별시 서초구 명달로22길 12 (서초동),06668,,01,영업/정상,일반세탁업,02-598-5282,1,0,1,0,3
15,임대,5,이즈세탁소,일반세탁업,,,,,202503.871647418,443326.129565179,2026-05-03 22:32:02,I,01,영업,,2020-06-29 15:12:14,2007-09-13,20.87,137-860,서울특별시 서초구 서초동 1337-14 1층 122호,N,,3210000-205-2007-00018,3210000,"서울특별시 서초구 사임당로 178 (서초동,1층 122호)",06627,,01,영업/정상,일반세탁업,02-525-5758,1,0,1,0,4
3,임대,2,한신세탁소,일반세탁업,,,,,201600.394681612,444038.762540109,2026-05-03 22:32:02,I,01,영업,,2020-06-29 15:22:53,2007-09-20,20.80,137-882,서울특별시 서초구 서초동 1682 서초래미안상가 103호,N,,3210000-205-2007-00019,3210000,"서울특별시 서초구 서초대로65길 13-10 (서초동,서초래미안상가 103호)",06602,,01,영업/정상,일반세탁업,02-3482-4002,1,0,1,0,4
5,임대,1,현대 베스트 세탁소,일반세탁업,,,,,200590.783332239,442264.8692763,2026-05-03 22:32:02,I,01,영업,,2025-06-25 10:23:20,2007-11-08,38.25,137-868,서울특별시 서초구 서초동 1480-1 두현빌딩 104호,N,,3210000-205-2007-00021,3210000,"서울특별시 서초구 반포대로9길 75, 104호 (서초동, 두현빌딩)",06709,,01,영업/정상,일반세탁업,,1,0,1,0,4
3,임대,1,래미안세탁,일반세탁업,,,,,198468.076641337,441248.720166519,2026-05-03 22:32:02,I,01,영업,,2020-06-29 14:35:57,2008-01-10,46.79,137-853,서울특별시 서초구 방배동 2626-1 방배래미안아파트상가 202호,N,,3210000-205-2008-00001,3210000,"서울특별시 서초구 방배선행길 8 (방배동,방배래미안아파트상가 202호)",06760,,01,영업/정상,일반세탁업,02-582-2240,2,0,2,0,2
0,임대,0,메니아크린,일반세탁업,,,,,199463.408639252,442921.017316527,2026-05-03 22:32:02,I,01,영업,,2020-06-29 14:45:27,2008-01-17,54.02,137-840,서울특별시 서초구 방배동 876-26 1층 101호,N,,3210000-205-2008-00002,3210000,"서울특별시 서초구 서초대로27길 7 (방배동,1층 101호)",06588,,01,영업/정상,일반세탁업,,1,0,1,0,2
20,임대,7,화이트명품세탁,일반세탁업,,,,,202459.257859185,443620.263219246,2026-05-03 22:32:02,I,01,영업,,2020-06-29 15:12:32,2008-01-18,37.32,137-858,서울특별시 서초구 서초동 1328-11 대우도씨에빛2 지하1층 B107호,N,,3210000-205-2008-00003,3210000,"서울특별시 서초구 강남대로 359 (서초동,대우도씨에빛2 지하1층 B107호)",06621,,01,영업/정상,일반세탁업,,0,1,0,1,2
4,임대,1,노블레스크리닝,일반세탁업,,,,,199626.518334836,442672.992940829,2026-05-03 22:32:03,I,01,영업,,2020-06-29 14:32:25,2008-02-29,31.32,137-841,서울특별시 서초구 방배동 900-13 1층,N,,3210000-205-2008-00005,3210000,"서울특별시 서초구 서초대로28길 50, 1층 (방배동)",06664,0,01,영업/정상,일반세탁업,02-584-5281,1,0,1,0,3
0,,0,금성세탁소,일반세탁업,,,,,199298.89656786,443929.838595002,2026-05-03 22:32:02,I,01,영업,,2020-06-29 14:27:46,2008-07-16,51.20,137-807,서울특별시 서초구 반포동 612-57 (1층),N,,3210000-205-2008-00013,3210000,"서울특별시 서초구 서래로5길 97 (반포동,(1층))",06575,,01,영업/정상,일반세탁업,02-534-0801,0,1,0,1,2
,,,현대세탁,일반세탁업,,,,,201495.160617047,445620.854259414,2026-05-03 22:32:05,I,01,영업,,2024-05-16 11:35:05,2008-04-14,33.00,137-905,서울특별시 서초구 잠원동 35-1 1층 1호 내,N,,3210000-205-2008-00020,3210000,"서울특별시 서초구 강남대로95길 47-4, 1층 1호 (잠원동)",06530,0,01,영업/정상,일반세탁업,02-549-6060,1,,1,,1
0,임대,0,백양세탁,일반세탁업,,,,,199390.558094651,441930.413285718,2026-05-03 22:32:05,I,01,영업,,2022-07-12 11:33:49,2008-08-19,30.00,137-060,서울특별시 서초구 방배동 1038 대우프라자 상가동 3층 8호,N,,3210000-205-2008-00021,3210000,"서울특별시 서초구 효령로 92, 대우프라자 상가동 3층 8호 (방배동)",06696,0,01,영업/정상,일반세탁업,02-583-9056,1,0,1,0,2
0,,0,대림세탁소,일반세탁업,,,,,203243.026612342,441666.152978715,2026-05-03 22:31:44,I,01,영업,,2020-06-29 15:27:40,2009-01-19,42.90,137-891,서울특별시 서초구 양재동 108-5 삼화빌딩 1층,N,,3210000-205-2009-00001,3210000,"서울특별시 서초구 바우뫼로 156 (양재동,삼화빌딩 1층)",06753,,01,영업/정상,일반세탁업,02-576-1848,1,,1,,3
0,,0,세계명품세탁,일반세탁업,,,,,200606.009435765,442017.133455062,2026-05-03 22:31:43,I,01,영업,,2020-06-29 15:19:07,2009-02-10,43.43,137-868,서울특별시 서초구 서초동 1467-65 1층,N,,3210000-205-2009-00002,3210000,"서울특별시 서초구 명달로4길 32 (서초동,1층)",06713,1,01,영업/정상,일반세탁업,,1,,1,,1
0,,0,노블레스 명품세탁소,일반세탁업,,,,,201162.735,444940.180000001,2026-05-03 22:32:05,I,01,영업,,2023-09-12 15:10:46,2009-04-09,37.67,137-040,서울특별시 서초구 반포동 20-51 베리타스타운 B103호,N,,3210000-205-2009-00004,3210000,"서울특별시 서초구 사평대로45길 10-25 (반포동,베리타스타운 B103호)",06544,1,01,영업/정상,일반세탁업,02-565-5575,,1,,1,1
0,임대,0,제일세탁소,일반세탁업,,,,,198554.622804054,442381.361375584,2026-05-03 22:32:03,I,01,영업,,2017-07-18 14:55:24,2009-06-25,73.87,137-817,서울특별시 서초구 방배동 424-28 상가A동 103호,N,,3210000-205-2009-00009,3210000,"서울특별시 서초구 방배천로18길 11, 상가A동 103호 (방배동, 방배롯데캐슬아르떼)",06676,1,01,영업/정상,일반세탁업,02-585-7925,1,0,1,0,2
,임대,,우리세탁,일반세탁업,,,,,198944.828079434,443264.422825354,2026-05-03 22:32:02,I,01,영업,,2022-01-06 14:12:50,2009-07-27,82.48,137-832,서울특별시 서초구 방배동 814-3 이수아트빌 101호,N,,3210000-205-2009-00011,3210000,"서울특별시 서초구 서초대로19길 110, 101호 (방배동, 이수아트빌)",06562,1,01,영업/정상,일반세탁업,02-532-8880,1,,1,,1
0,,0,노블레스 크리닝,일반세탁업,,,,,200005.626362552,444680.521703344,2026-05-03 22:32:02,I,01,영업,,2020-06-29 14:25:05,2009-08-20,70.20,137-040,서울특별시 서초구 반포동 18-3 반포레미안퍼스티지주공상가 B10호,N,,3210000-205-2009-00012,3210000,"서울특별시 서초구 반포대로 287 (반포동,반포레미안퍼스티지주공상가 B10호)",06547,0,01,영업/정상,일반세탁업,02-544-0056,,1,,1,2
0,임대,0,매직세탁,일반세탁업,,,,,201560.321518226,443896.428918783,2026-05-03 22:32:02,I,01,영업,,2017-11-22 14:31:53,2009-10-26,26.40,137-882,서울특별시 서초구 서초동 1686-2 102호,N,,3210000-205-2009-00018,3210000,"서울특별시 서초구 서초대로65길 13-18, 1층 102호 (서초동)",06603,1,01,영업/정상,일반세탁업,02-531-3181,1,0,1,0,1
0,임대,0,화이트세탁,일반세탁업,,,,,198923.211504997,442947.870709453,2026-05-03 22:32:03,I,01,영업,,2021-12-31 13:41:32,2010-08-02,26.00,137-834,서울특별시 서초구 방배동 831-17 1층(계약서 102호),N,,3210000-205-2010-00012,3210000,"서울특별시 서초구 방배로27길 68, 1층 (방배동)",06563,1,01,영업/정상,일반세탁업,02-535-9130,1,0,1,0,2
0,임대,1,맵시크린,일반세탁업,,,,,200800.417027918,444989.874340522,2026-05-03 22:32:05,I,01,영업,,2025-03-14 17:13:43,2010-09-24,37.94,137-040,서울특별시 서초구 반포동 20-45 반포자이중심상가 1동 B37호,N,,3210000-205-2010-00017,3210000,"서울특별시 서초구 잠원로 24, 1동 B37호 (반포동,반포자이중심상가)",06544,1,01,영업/정상,일반세탁업,,,,,,3
0,,0,르엘 명품세탁,일반세탁업,,,,,209393.076054654,446147.977949052,2026-05-03 22:32:49,I,01,영업,0,2026-01-29 13:57:31,2026-01-29,44.10,138-240,서울특별시 송파구 신천동 17-6,N,0,3230000-205-2026-00001,3230000,"서울특별시 송파구 올림픽로 329, 르엘 근린생활시설 B107호 (신천동)",05509,1,01,영업/정상,일반세탁업,,,1,,,1
