건물용도명,사업장명,폐업일자,좌표X,좌표Y,문화사업자구분명,문화체육업종명,데이터갱신시점,데이터갱신구분,상세영업상태코드,상세영업상태명,제작취급품목내용,시설면적,지상층수,최종수정시점,인허가취소일자,인허가일자,소재지우편번호,지번주소,관리번호,개방자치단체코드,지역구분명,도로명주소,도로명우편번호,영업상태구분코드,영업상태명,주변환경명,휴업시작일자,휴업종료일자,소재지전화번호,총층수,지하층수
,농업협동조합,2004-11-10,,,출판인쇄업,출판사,2026-05-03 22:43:36,I,03,폐업,,,,2004-11-10 09:00:09,,1955-09-13,100-151,서울특별시 중구 충정로*가 **,CDFG1251001955000001,3010000,,,,03,폐업,,,,,,
,삼화출판사,2011-11-07,,,출판인쇄업,출판사,2026-05-03 22:43:36,I,03,폐업,,0,,2011-11-11 10:45:14,,1962-01-26,100-844,서울특별시 중구 을지로*가 ** 삼화출판사,CDFG1251001962000001,3010000,,,,03,폐업,,,,,,
,한양사업연구,2000-01-25,,,출판인쇄업,출판사,2026-05-03 22:43:38,I,03,폐업,,0,,2003-05-06 11:23:16,,1965-07-19,100-200,서울특별시 중구 삼각동 **-*,CDFG1251001965000001,3010000,,,,03,폐업,,,,,,
,보이스사,1997-10-23,199101.705148458,451201.720892908,출판인쇄업,출판사,2026-05-03 22:43:39,I,03,폐업,,0,,2003-05-06 11:23:16,,1966-02-23,100-013,서울특별시 중구 충무로*가 **-**,CDFG1251001966000003,3010000,,서울특별시 중구 수표로 **-*  (충무로*가),,03,폐업,,,,,,
,(주)아래맘,1996-10-24,200046.387821399,451705.339747718,출판인쇄업,출판사,2026-05-03 22:43:39,I,03,폐업,,0,,2003-05-06 11:23:16,,1966-01-18,100-320,서울특별시 중구 방산동 ***-*,CDFG1251001966000004,3010000,,서울특별시 중구 을지로**길 **-*  (방산동),,03,폐업,,,,,,
,고욤나무글방,2000-08-09,197553.417234076,450672.904532996,출판인쇄업,출판사,2026-05-03 22:43:41,I,03,폐업,,0,,2003-05-06 11:23:16,,1968-07-16,100-800,서울특별시 중구 남대문로*가 *-* 화남빌딩 ***동,CDFG1251001968000001,3010000,,"서울특별시 중구 세종대로 **, ***동 (남대문로*가,화남빌딩)",,03,폐업,,,,,,
,매일경제신문출판국,2014-09-23,199353.466357857,451021.472538308,출판인쇄업,출판사,2026-05-03 22:43:41,I,03,폐업,,0,,2014-09-23 13:41:57,,1968-02-13,100-867,서울특별시 중구 필동*가 **-*,CDFG1251001968000003,3010000,,,,03,폐업,,,,,,
,고문당,2001-04-06,201245.375175242,451380.726183779,출판인쇄업,출판사,2026-05-03 22:43:41,I,03,폐업,,0,,2003-05-06 11:23:16,,1968-07-29,100-420,서울특별시 중구 무학동 **-* 임창빌딩** *호동,CDFG1251001968000005,3010000,,"서울특별시 중구 퇴계로**길 *, *호동 (무학동,임창빌딩**)",,03,폐업,,,,,,
근린생활시설,과학도서,2001-06-23,199524.099510798,451258.896710836,출판인쇄업,출판사,2026-05-03 22:43:42,I,03,폐업,,0,,2003-05-06 11:23:16,,1968-12-05,100-282,서울특별시 중구 인현동*가 ***-** 병암프라자***호,CDFG1251001968000006,3010000,,"서울특별시 중구 퇴계로**길 **  (인현동*가,병암프라자***호)",,03,폐업,,,,36631939,,
,도서출판과기원,1999-04-19,199519.649768304,450977.250545081,출판인쇄업,출판사,2026-05-03 22:43:42,I,03,폐업,,0,0,2003-05-06 11:23:16,,1968-01-21,100-272,서울특별시 중구 필동*가 **-*,CDFG1251001968000008,3010000,,서울특별시 중구 퇴계로 ***  (필동*가),,03,폐업,,,,,0,0
,한국브리태니커회사 주식회사,2015-09-30,199101.132483391,451111.22018454,출판인쇄업,출판사,2026-05-03 22:43:42,I,03,폐업,,0,,2015-09-30 08:53:10,,1970-01-27,100-013,서울특별시 중구 충무로*가 **-** *층,CDFG1251001970000003,3010000,,"서울특별시 중구 수표로 **, *층 (충무로*가)",,03,폐업,,,,02-2275-4983,,
근린생활시설,도서출판고시원,2006-04-11,199524.099510798,451258.896710836,출판인쇄업,출판사,2026-05-03 22:43:43,I,03,폐업,,,,2006-04-11 15:37:24,,1971-02-24,100-282,서울특별시 중구 인현동*가 ***-** 정암프라자***호,CDFG1251001971000003,3010000,,"서울특별시 중구 퇴계로**길 **  (인현동*가,정암프라자***호)",,03,폐업,,,,,,
,계원출판사,2007-01-17,,,출판인쇄업,출판사,2026-05-03 22:43:43,I,03,폐업,,,,2007-01-17 14:38:15,,1972-08-21,100-196,서울특별시 중구 을지로*가 **-*,CDFG1251001972000002,3010000,,,,03,폐업,,,,,,
,향우산업(주),1998-03-27,,,출판인쇄업,출판사,2026-05-03 22:43:43,I,03,폐업,,0,,2003-05-06 11:23:16,,1972-06-21,100-162,서울특별시 중구 봉래동*가 *,CDFG1251001972000003,3010000,,,,03,폐업,,,,,,
,한국무역써비스쎈터,2004-06-01,,,출판인쇄업,출판사,2026-05-03 22:43:43,I,03,폐업,,,,2004-06-07 13:30:04,,1973-01-06,100-080,서울특별시 중구 북창동 * 성원빌딩 ***동,CDFG1251001973000003,3010000,,,,03,폐업,,,,,,
,국제패션문화사,2004-08-27,198767.020309114,450914.705009758,출판인쇄업,출판사,2026-05-03 22:43:44,I,03,폐업,,,,2004-08-27 10:04:48,,1974-10-12,100-043,서울특별시 중구 남산동*가 **-**,CDFG1251001974000001,3010000,,서울특별시 중구 퇴계로**길 **-*  (남산동*가),,03,폐업,,,,,,
,(주)신아인쇄출판,2017-10-31,197471.039917994,451548.724649763,출판인쇄업,출판사,2026-05-03 22:43:44,I,03,폐업,,0,,2018-03-23 11:24:24,,1975-10-29,,서울특별시 중구 정동 *-** 신아일보,CDFG1251001975000002,3010000,,"서울특별시 중구 정동길 **, 신아일보 (정동)",04518,03,폐업,,,,,,
,효문사,2009-06-01,200508.568011682,451184.005734658,출판인쇄업,출판사,2026-05-03 22:43:47,I,03,폐업,,0,,2009-06-01 13:52:22,,1976-09-06,,서울특별시 중구 장충동*가 **-** 삼양빌딩** *동,CDFG1251001976000007,3010000,,"서울특별시 중구 장충단로 ***, *동 (장충동*가,삼양빌딩**)",,03,폐업,,,,,,
,양우당,2000-02-21,201384.456643466,451334.342960082,출판인쇄업,출판사,2026-05-03 22:43:48,I,03,폐업,,0,,2003-05-06 11:23:16,,1976-10-18,100-819,서울특별시 중구 신당동 ***-* 남흥빌딩 ***동,CDFG1251001976000012,3010000,,"서울특별시 중구 다산로 ***, ***동 (신당동,남흥빌딩)",,03,폐업,,,,,,
,선광문화사,2001-06-25,197155.375441346,451679.255811805,출판인쇄업,출판사,2026-05-03 22:43:48,I,03,폐업,,0,,2003-05-06 11:23:16,,1976-05-12,100-151,서울특별시 중구 충정로*가 **-** *층,CDFG1251001976000013,3010000,,"서울특별시 중구 새문안로 **  (충정로*가,*층)",,03,폐업,,,,,,
,민중서관,1997-06-17,200319.694937286,451420.494242866,출판인쇄업,출판사,2026-05-03 22:43:49,I,03,폐업,,0,,2003-05-06 11:23:16,,1977-12-09,100-411,서울특별시 중구 광희동*가 **-*,CDFG1251001977000006,3010000,,서울특별시 중구 동호로**길 **  (광희동*가),,03,폐업,,,,,,
근린생활시설,하얀누리교육원,2004-01-12,201039.337398323,450218.977052913,출판인쇄업,출판사,2026-05-03 22:43:49,I,03,폐업,,,,2004-11-29 15:25:08,,1977-10-13,100-827,서울특별시 중구 신당동 ***-**,CDFG1251001977000007,3010000,,서울특별시 중구 동호로**길 *-**  (신당동),,03,폐업,,,,22530123,,
,도서출판선문,1999-03-26,,,출판인쇄업,출판사,2026-05-03 22:43:50,I,03,폐업,,0,0,2003-05-06 11:23:16,,1977-11-03,100-400,서울특별시 중구 쌍림동 ***-*,CDFG1251001977000013,3010000,,,,03,폐업,,,,,0,0
,세정문화사,2001-03-31,,,출판인쇄업,출판사,2026-05-03 22:43:51,I,03,폐업,,0,,2003-05-06 11:23:16,,1978-02-06,100-802,서울특별시 중구 남대문로*가 *** 보림빌딩 ***동,CDFG1251001978000002,3010000,,"서울특별시 중구 세종대로*길 **, ***동 (남대문로*가,보림빌딩)",,03,폐업,,,,,,
,원음사,2000-08-09,,,출판인쇄업,출판사,2026-05-03 22:43:51,I,03,폐업,,0,,2003-05-06 11:23:16,,1978-07-24,100-855,서울특별시 중구 장충동*가 **-**,CDFG1251001978000003,3010000,,,,03,폐업,,,,,,
,자유평론사,1998-04-21,198529.914388176,450892.957567335,출판인쇄업,출판사,2026-05-03 22:43:51,I,03,폐업,,0,,2003-05-06 11:23:16,,1978-03-27,100-053,서울특별시 중구 회현동*가 *-**,CDFG1251001978000006,3010000,,서울특별시 중구 퇴계로 ***  (회현동*가),,03,폐업,,,,,,
,기술문화사,2001-08-09,201442.237612467,451323.638593627,출판인쇄업,출판사,2026-05-03 22:43:54,I,03,폐업,,0,0,2003-05-06 11:23:16,,1978-02-21,100-819,서울특별시 중구 신당동 ***-*,CDFG1251001978000013,3010000,,서울특별시 중구 다산로**가길 **  (신당동),,03,폐업,,,,22335041,0,0
,한국금융경제연구소,2004-03-25,199215.334750654,450894.184672028,출판인쇄업,출판사,2026-05-03 22:43:54,I,03,폐업,,,,2004-03-25 10:34:02,,1978-11-24,100-866,서울특별시 중구 필동*가 **-** **-**삼원빌딩*층,CDFG1251001978000015,3010000,,"서울특별시 중구 퇴계로**길 **  (필동*가,**-**삼원빌딩*층)",,03,폐업,,,,22745254,,
,국제문화,2002-04-02,200712.27666148,450866.844743416,출판인쇄업,출판사,2026-05-03 22:43:54,I,03,폐업,,0,,2003-05-06 11:23:16,,1978-10-05,100-391,서울특별시 중구 장충동*가 **-**,CDFG1251001978000017,3010000,,서울특별시 중구 장충단로*길 **  (장충동*가),,03,폐업,,,,,,
,도서출판 한국양서원,2018-03-21,198944.086180882,451593.728689433,출판인쇄업,출판사,2026-05-03 22:43:55,I,03,폐업,,,,2018-03-21 18:00:03,,1979-08-28,100-845,서울특별시 중구 을지로*가 ***-** 덕양빌딩,CDFG1251001979000003,3010000,,"서울특별시 중구 삼일대로**길 ** (을지로*가,덕양빌딩)",,03,폐업,,,,22694783,,
,주.시사출판부,2000-01-26,199810.591813598,451300.59780961,출판인쇄업,출판사,2026-05-03 22:43:55,I,03,폐업,,0,,2003-05-06 11:23:16,,1979-06-07,100-290,서울특별시 중구 예관동 **-** 시사빌딩** *동,CDFG1251001979000006,3010000,,"서울특별시 중구 창경궁로 **-*, *동 (예관동,시사빌딩**)",,03,폐업,,,,,,
,보성,1999-01-02,198696.222824287,450876.735232255,출판인쇄업,출판사,2026-05-03 22:43:55,I,03,폐업,,0,,2003-05-06 11:23:16,,1979-12-07,100-042,서울특별시 중구 남산동*가 *-*,CDFG1251001979000014,3010000,,서울특별시 중구 퇴계로**길 *-*  (남산동*가),,03,폐업,,,,,,
,세광공사,2003-04-09,200050.613469219,451298.411614352,출판인쇄업,출판사,2026-05-03 22:43:55,I,03,폐업,,0,0,2003-05-06 11:23:16,,1979-03-02,100-015,서울특별시 중구 충무로*가 **-*,CDFG1251001979000015,3010000,,,,03,폐업,,,,,0,0
,청육출판사,1997-07-03,,,출판인쇄업,출판사,2026-05-03 22:43:57,I,03,폐업,,0,,2003-05-06 11:23:16,,1979-02-17,100-845,서울특별시 중구 을지로*가 **-*,CDFG1251001979000018,3010000,,,,03,폐업,,,,,,
,정암,2005-08-02,200780.00820275,451438.72083332,출판인쇄업,출판사,2026-05-03 22:43:58,I,03,폐업,,,,2005-10-04 14:09:31,,1979-05-02,100-197,서울특별시 중구 을지로*가 **,CDFG1251001979000020,3010000,,서울특별시 중구 을지로 ***  (을지로*가),,03,폐업,,,,,,
,용진문화원,2001-03-30,201327.387622146,451095.252176055,출판인쇄업,출판사,2026-05-03 22:43:59,I,03,폐업,,0,,2003-05-06 11:23:16,,1980-01-21,100-824,서울특별시 중구 신당동 ***-**,CDFG1251001980000004,3010000,,서울특별시 중구 청구로*길 **  (신당동),,03,폐업,,,,,,
,한국문화재보호재단,1997-12-22,199453.708082221,450873.675554692,출판인쇄업,출판사,2026-05-03 22:43:59,I,03,폐업,,0,,2003-05-06 11:23:16,,1980-10-31,100-272,서울특별시 중구 필동*가 **-*,CDFG1251001980000005,3010000,,,,03,폐업,,,,,,
,한얼,2005-04-01,199992.579396897,451139.304001968,출판인쇄업,출판사,2026-05-03 22:43:59,I,03,폐업,,,,2005-04-24 16:27:11,,1980-05-02,100-380,서울특별시 중구 묵정동 **-** 아세아빌딩 *층호,CDFG1251001980000006,3010000,,"서울특별시 중구 퇴계로 ***,  *층호 (묵정동,아세아빌딩)",,03,폐업,,,,,,
,대한조산협회,1998-11-06,200559.938028293,451047.823957222,출판인쇄업,출판사,2026-05-03 22:43:59,I,03,폐업,,0,,2003-05-06 11:23:16,,1980-02-06,100-391,서울특별시 중구 장충동*가 **-*,CDFG1251001980000007,3010000,,서울특별시 중구 장충단로*길 **  (장충동*가),,03,폐업,,,,,,
,어린이왕국,2007-11-26,200632.626027009,451011.517791999,출판인쇄업,출판사,2026-05-03 22:44:00,I,03,폐업,,,,2007-11-26 16:20:43,,1980-04-09,100-391,서울특별시 중구 장충동*가 **-**,CDFG1251001980000008,3010000,,서울특별시 중구 장충단로*가길 **  (장충동*가),,03,폐업,,,,02-2279-9358,,
,매일건강신문사,1998-04-23,197471.039917994,451548.724649763,출판인쇄업,출판사,2026-05-03 22:44:00,I,03,폐업,,0,,2003-05-06 11:23:16,,1980-03-29,100-120,서울특별시 중구 정동 *-**,CDFG1251001980000010,3010000,,서울특별시 중구 정동길 **  (정동),,03,폐업,,,,,,
,성우츨판사,2006-04-20,199332.962417091,451761.351611669,출판인쇄업,출판사,2026-05-03 22:44:00,I,03,폐업,,,,2006-04-20 11:47:53,,1980-09-19,100-852,서울특별시 중구 입정동 *** 금도빌딩 * **호동,CDFG1251001980000011,3010000,,"서울특별시 중구 청계천로 ***, **호동 (입정동,금도빌딩 *)",,03,폐업,,,,,,
,서명,2000-08-09,,,출판인쇄업,출판사,2026-05-03 22:44:00,I,03,폐업,,0,,2003-05-06 11:23:16,,1980-05-29,100-859,서울특별시 중구 중림동 ***,CDFG1251001980000014,3010000,,,,03,폐업,,,,,,
근린생활시설,민족문화사,2003-12-31,200092.165872111,451408.699344817,출판인쇄업,출판사,2026-05-03 22:44:01,I,03,폐업,,,,2003-12-31 12:42:24,,1980-04-16,100-310,서울특별시 중구 오장동 ***-** *층(***-A호),CDFG1251001980000015,3010000,,"서울특별시 중구 을지로**길 **  (오장동,*층(***-A호))",,03,폐업,,,,22730489,,
,도서출판상문사,2015-01-22,198985.747445864,451062.925841941,출판인쇄업,출판사,2026-05-03 22:44:01,I,03,폐업,,,,2015-01-22 14:54:22,,1980-11-17,100-012,서울특별시 중구 충무로*가 **-** 관서빌딩 *층,CDFG1251001980000020,3010000,,"서울특별시 중구 삼일대로*길 * (충무로*가,관서빌딩 *층)",,03,폐업,,,,02-2274-9420,,
근린생활시설,도서출판(주)한경비피,2025-05-30,197032.923485936,450872.934795885,출판인쇄업,출판사,2026-05-03 22:44:04,I,03,폐업,,0,0,2025-06-25 14:58:55,,1984-12-12,100-859,서울특별시 중구 중림동 ***-*,CDFG1251001984000001,3010000,,서울특별시 중구 청파로 *** (중림동),,03,폐업,,,,02-360-4553,0,0
,한누리,2002-04-02,,,출판인쇄업,출판사,2026-05-03 22:44:05,I,03,폐업,,0,,2003-05-06 11:23:16,,1987-11-23,100-845,서울특별시 중구 을지로*가 ***-**,CDFG1251001987000003,3010000,,,,03,폐업,,,,,,
,을지서적,2002-02-06,198477.517150403,451579.634210825,출판인쇄업,출판사,2026-05-03 22:44:05,I,03,폐업,,0,,2003-05-06 11:23:16,,1987-11-23,100-844,서울특별시 중구 을지로*가 * 내외빌딩 지하동,CDFG1251001987000004,3010000,,"서울특별시 중구 을지로 **, 지하동 (을지로*가,내외빌딩)",,03,폐업,,,,,,
,(주)흑자경영,2005-04-16,198973.079395962,451143.919160674,출판인쇄업,출판사,2026-05-03 22:44:06,I,03,폐업,,,,2005-04-24 16:33:37,,1987-12-01,100-861,서울특별시 중구 충무로*가 **-** 조양빌딩 ****동,CDFG1251001987000013,3010000,,"서울특별시 중구 삼일대로*길 *, ****동 (충무로*가,조양빌딩)",,03,폐업,,,,,,
,작은돌,2003-12-08,199408.448858593,451519.217647031,출판인쇄업,출판사,2026-05-03 22:44:06,I,03,폐업,,,,2003-12-08 10:23:10,,1987-12-01,100-847,서울특별시 중구 을지로*가 *** 양정사빌딩 ***동,CDFG1251001987000015,3010000,,"서울특별시 중구 을지로**길 *-**, ***동 (을지로*가,양정사빌딩)",,03,폐업,,,,,,
,한국비즈니스정보사,2002-04-02,,,출판인쇄업,출판사,2026-05-03 22:44:06,I,03,폐업,,0,,2003-05-06 11:23:16,,1987-12-03,100-845,서울특별시 중구 을지로*가 ***-** 대영빌딩**,CDFG1251001987000017,3010000,,,,03,폐업,,,,,,
,이공자료사,1999-01-07,199101.764020399,451275.041722952,출판인쇄업,출판사,2026-05-03 22:44:07,I,03,폐업,,0,,2003-05-06 11:23:16,,1987-12-12,100-032,서울특별시 중구 저동*가 **-**,CDFG1251001987000020,3010000,,서울특별시 중구 수표로**길 *-*  (저동*가),,03,폐업,,,,,,
,정문,2002-04-02,199091.89419632,450905.619158809,출판인쇄업,출판사,2026-05-03 22:44:07,I,03,폐업,,0,,2003-05-06 11:23:16,,1987-12-12,100-260,서울특별시 중구 남학동 **-*,CDFG1251001987000023,3010000,,서울특별시 중구 퇴계로**길 **  (남학동),,03,폐업,,,,,,
,(주)시명문화,2001-08-09,199401.908701836,451134.131723252,출판인쇄업,출판사,2026-05-03 22:44:07,I,03,폐업,,0,,2003-05-06 11:23:16,,1987-12-21,100-862,서울특별시 중구 충무로*가 *** (*층),CDFG1251001987000025,3010000,,"서울특별시 중구 충무로*길 **  (충무로*가,(*층))",,03,폐업,,,,,,
,서일,2000-08-09,199095.658698458,450883.382063013,출판인쇄업,출판사,2026-05-03 22:44:07,I,03,폐업,,0,,2003-05-06 11:23:16,,1987-12-21,100-260,서울특별시 중구 남학동 **-**,CDFG1251001987000029,3010000,,서울특별시 중구 퇴계로**길 **  (남학동),,03,폐업,,,,,,
,제삼편집태장,2001-03-31,197870.760842967,451109.466184929,출판인쇄업,출판사,2026-05-03 22:44:07,I,03,폐업,,0,,2003-05-06 11:23:16,,1987-12-21,100-864,서울특별시 중구 태평로*가 **-**,CDFG1251001987000030,3010000,,서울특별시 중구 세종대로 **  (태평로*가),,03,폐업,,,,,,
,공업자료사,2001-08-09,199519.649768304,450977.250545081,출판인쇄업,출판사,2026-05-03 22:44:08,I,03,폐업,,0,,2003-05-06 11:23:16,,1987-12-21,100-272,서울특별시 중구 필동*가 **-*,CDFG1251001987000035,3010000,,서울특별시 중구 퇴계로 ***  (필동*가),,03,폐업,,,,,,
,이서방,2001-08-09,199259.229454827,451188.833533808,출판인쇄업,출판사,2026-05-03 22:44:08,I,03,폐업,,0,,2003-05-06 11:23:16,,1987-12-21,100-013,서울특별시 중구 충무로*가 **-* 대원빌딩,CDFG1251001987000037,3010000,,"서울특별시 중구 수표로*길 **-*  (충무로*가,대원빌딩)",,03,폐업,,,,,,
,페닌슬러퍼브리케이션,2001-03-29,198493.064786756,450878.208263047,출판인쇄업,출판사,2026-05-03 22:44:08,I,03,폐업,,0,,2003-05-06 11:23:16,,1987-12-29,100-053,서울특별시 중구 회현동*가 *-*,CDFG1251001987000039,3010000,,서울특별시 중구 퇴계로**길 *  (회현동*가),,03,폐업,,,,,,
,미레컴퓨터,2001-08-09,199323.638867183,450944.799308273,출판인쇄업,출판사,2026-05-03 22:44:08,I,03,폐업,,0,,2003-05-06 11:23:16,,1987-12-29,100-866,서울특별시 중구 필동*가 **-* 영한빌딩 *층동,CDFG1251001987000040,3010000,,"서울특별시 중구 퇴계로 ***, *층동 (필동*가,영한빌딩)",,03,폐업,,,,,,
,사단법인수우회,2010-02-10,197620.676444642,450361.506112161,출판인쇄업,출판사,2026-05-03 22:44:08,I,03,폐업,,0,,2010-02-10 08:44:30,,1987-12-29,100-802,서울특별시 중구 남대문로*가 *** 대우빌딩 **층동,CDFG1251001987000042,3010000,,"서울특별시 중구 한강대로 ***, **층동 (남대문로*가,대우빌딩)",,03,폐업,,,,,,
,도서출판오늘의말씀,2010-03-30,200782.517248066,451038.996079306,출판인쇄업,출판사,2026-05-03 22:44:08,I,03,폐업,,,,2010-03-30 16:13:41,,1987-11-27,100-833,서울특별시 중구 신당동 ***-** 지층,CDFG1251001987000043,3010000,,"서울특별시 중구 동호로**길 **  (신당동,지층)",,03,폐업,,,,02-2277-4776,,
,우진교육,1998-08-25,197489.820082993,451531.255928052,출판인쇄업,출판사,2026-05-03 22:44:09,I,03,폐업,,0,,2003-05-06 11:23:16,,1987-11-19,100-120,서울특별시 중구 정동 **-*,CDFG1251001987000045,3010000,,서울특별시 중구 정동길 **  (정동),,03,폐업,,,,,,
,아마출판사,2001-08-09,,,출판인쇄업,출판사,2026-05-03 22:44:11,I,03,폐업,,0,,2003-05-06 11:23:16,,1988-01-09,100-011,서울특별시 중구 충무로*가 **-** 회현지하 가동 **호,CDFG1251001988000004,3010000,,,,03,폐업,,,,,,
,(주)월포,1999-04-15,,,출판인쇄업,출판사,2026-05-03 22:44:11,I,03,폐업,,0,0,2003-05-06 11:23:16,,1988-01-22,100-861,서울특별시 중구 충무로*가 **-**,CDFG1251001988000005,3010000,,,,03,폐업,,,,22735300,0,0
,경신사,1999-08-21,199834.648575444,451319.668359752,출판인쇄업,출판사,2026-05-03 22:44:11,I,03,폐업,,0,,2003-05-06 11:23:16,,1988-01-22,100-290,서울특별시 중구 예관동 **-*,CDFG1251001988000007,3010000,,서울특별시 중구 퇴계로**길 **  (예관동),,03,폐업,,,,,,
,라브리출판사,1997-02-04,199306.314762628,451489.674370906,출판인쇄업,출판사,2026-05-03 22:44:12,I,03,폐업,,0,,2003-05-06 11:23:16,,1988-01-28,100-847,서울특별시 중구 을지로*가 ***-**,CDFG1251001988000008,3010000,,서울특별시 중구 충무로 **-*  (을지로*가),,03,폐업,,,,,,
,한국잼코,1999-05-13,198070.62243258,451396.405352137,출판인쇄업,출판사,2026-05-03 22:44:13,I,03,폐업,,0,,2003-05-06 11:23:16,,1988-02-01,100-070,서울특별시 중구 소공동 **-* 쌘타빌딩 ***동,CDFG1251001988000011,3010000,,"서울특별시 중구 소공로 ***, ***동 (소공동,쌘타빌딩)",,03,폐업,,,,,,
,중화서원,1996-02-14,199659.622928752,451636.436130466,출판인쇄업,출판사,2026-05-03 22:44:13,I,03,폐업,,0,,2003-05-06 11:23:16,,1988-02-06,100-848,서울특별시 중구 을지로*가 **,CDFG1251001988000013,3010000,,서울특별시 중구 창경궁로*길 **  (을지로*가),,03,폐업,,,,,,
,월드산업정보센타,2007-06-25,197996.303190059,451214.940443595,출판인쇄업,출판사,2026-05-03 22:44:14,I,03,폐업,,,,2007-06-25 11:58:03,,1988-02-16,100-080,서울특별시 중구 북창동 **-*,CDFG1251001988000017,3010000,,서울특별시 중구 세종대로**길 **  (북창동),,03,폐업,,,,,,
,한국정신개발원,2008-04-01,199066.45756917,451625.182627685,출판인쇄업,출판사,2026-05-03 22:44:16,I,03,폐업,,,,2008-04-01 18:44:07,,1988-02-26,100-230,서울특별시 중구 수표동 **-* 수표빌딩 **동,CDFG1251001988000023,3010000,,"서울특별시 중구 충무로*길 **, **동 (수표동,수표빌딩)",,03,폐업,,,,,,
,세븐스가든,2022-12-27,199100.412856507,451298.414680803,출판인쇄업,출판사,2026-05-03 22:44:16,I,03,폐업,,0,,2022-12-27 14:50:55,,1988-03-03,,서울특별시 중구 저동*가 **-*,CDFG1251001988000025,3010000,,"서울특별시 중구 수표로**길 *, *층 (저동*가, 정양빌딩)",04555,03,폐업,,,,02-2263-0066,,
,글모인,2001-08-09,199071.112853674,451407.961644379,출판인쇄업,출판사,2026-05-03 22:44:17,I,03,폐업,,0,,2003-05-06 11:23:16,,1988-03-10,100-032,서울특별시 중구 저동*가 **-*,CDFG1251001988000029,3010000,,서울특별시 중구 마른내로 **  (저동*가),,03,폐업,,,,,,
,코리아파노라마 (주),1999-12-10,200360.08991283,450863.333926625,출판인쇄업,출판사,2026-05-03 22:44:18,I,03,폐업,,0,,2003-05-06 11:23:16,,1988-03-18,100-855,서울특별시 중구 장충동*가 ***-* 난정빌딩 ***동,CDFG1251001988000032,3010000,,"서울특별시 중구 동호로**길 **-**, ***동 (장충동*가,난정빌딩)",,03,폐업,,,,,,
,밝음,2001-08-09,198735.068338007,450940.759928037,출판인쇄업,출판사,2026-05-03 22:44:18,I,03,폐업,,0,,2003-05-06 11:23:16,,1988-03-21,100-043,서울특별시 중구 남산동*가 **-** 경양빌딩 ***동,CDFG1251001988000033,3010000,,"서울특별시 중구 퇴계로 ***, ***동 (남산동*가,경양빌딩)",,03,폐업,,,,,,
,성모마리아,2004-11-26,200107.216597103,451253.580444066,출판인쇄업,출판사,2026-05-03 22:44:18,I,03,폐업,,,,2004-11-29 15:39:11,,1988-03-21,100-310,서울특별시 중구 오장동 ***-**,CDFG1251001988000034,3010000,,서울특별시 중구 동호로**길 **  (오장동),,03,폐업,,,,,,
,남성,2011-10-27,,,출판인쇄업,출판사,2026-05-03 22:44:18,I,03,폐업,,0,,2011-10-27 15:52:55,,1988-05-06,100-400,서울특별시 중구 쌍림동 **-* 남일빌딩*,CDFG1251001988000044,3010000,,,,03,폐업,,,,,,
,회명아트크레이션,2001-08-09,199550.506270874,451392.219693582,출판인쇄업,출판사,2026-05-03 22:44:19,I,03,폐업,,0,,2003-05-06 11:23:16,,1988-05-06,100-282,서울특별시 중구 인현동*가 **-* 풍전빌딩 ***동,CDFG1251001988000045,3010000,,"서울특별시 중구 마른내로 **, ***동 (인현동*가,풍전빌딩)",,03,폐업,,,,,,
,빛나래,2000-07-04,200946.38703495,450118.110225733,출판인쇄업,출판사,2026-05-03 22:44:19,I,03,폐업,,0,,2003-05-06 11:23:16,,1988-05-06,100-840,서울특별시 중구 신당동 ***-*,CDFG1251001988000048,3010000,,서울특별시 중구 동호로 ***  (신당동),,03,폐업,,,,,,
,신서문고,2000-08-09,201384.456643466,451334.342960082,출판인쇄업,출판사,2026-05-03 22:44:19,I,03,폐업,,0,,2003-05-06 11:23:16,,1988-05-06,100-819,서울특별시 중구 신당동 ***-* 남흥빌딩 ***동,CDFG1251001988000049,3010000,,"서울특별시 중구 다산로 ***, ***동 (신당동,남흥빌딩)",,03,폐업,,,,,,
,도서출판 아진,2011-03-07,200705.461996749,451113.096991312,출판인쇄업,출판사,2026-05-03 22:44:19,I,03,폐업,,0,,2011-03-07 15:04:15,,1988-05-26,100-391,서울특별시 중구 장충동*가 **-**,CDFG1251001988000052,3010000,,서울특별시 중구 장충단로*길 **  (장충동*가),,03,폐업,,,,,,
,국제지리문화사,2013-08-21,201261.071859743,451408.121614041,출판인쇄업,출판사,2026-05-03 22:44:19,I,03,폐업,,0,,2013-08-21 10:09:49,,1988-05-28,100-420,서울특별시 중구 무학동 **-*,CDFG1251001988000054,3010000,,서울특별시 중구 퇴계로**길 *  (무학동),,03,폐업,,,,,,
,제흥기획,1998-01-08,,,출판인쇄업,출판사,2026-05-03 22:44:20,I,03,폐업,,0,,2003-05-06 11:23:16,,1988-06-07,100-220,서울특별시 중구 장교동 **,CDFG1251001988000056,3010000,,,,03,폐업,,,,,,
,한백사,2003-01-23,,,출판인쇄업,출판사,2026-05-03 22:44:21,I,03,폐업,,0,0,2003-05-06 11:23:16,,1988-06-17,100-282,서울특별시 중구 인현동*가 **-*,CDFG1251001988000058,3010000,,,,03,폐업,,,,,0,0
,나눔기획,2012-06-21,199871.992879938,451216.500151445,출판인쇄업,출판사,2026-05-03 22:44:21,I,03,폐업,,0,,2012-06-21 11:04:09,,1988-06-20,100-015,서울특별시 중구 충무로*가 **-* 일호빌딩** *동,CDFG1251001988000061,3010000,,"서울특별시 중구 퇴계로**길 **, *동 (충무로*가,일호빌딩**)",,03,폐업,,,,,,
,대한미디어,1999-10-22,199559.81287492,451275.242508566,출판인쇄업,출판사,2026-05-03 22:44:44,I,03,폐업,,,,2004-10-14 11:50:59,,1989-12-05,100-282,서울특별시 중구 인현동*가 ***-** 신성상가 ***동,CDFG1251001989000088,3010000,,"서울특별시 중구 마른내로 **, ***동 (인현동*가,신성상가)",,03,폐업,,,,,,
,서울전자,1996-06-18,199089.94439365,451300.220808296,출판인쇄업,출판사,2026-05-03 22:44:44,I,03,폐업,,0,,2003-05-06 11:23:16,,1989-12-07,100-032,서울특별시 중구 저동*가 **-*,CDFG1251001989000089,3010000,,서울특별시 중구 수표로**길 *  (저동*가),,03,폐업,,,,,,
,화일,1996-05-31,,,출판인쇄업,출판사,2026-05-03 22:44:44,I,03,폐업,,0,,2003-05-06 11:23:16,,1989-12-09,100-210,서울특별시 중구 수하동 **,CDFG1251001989000090,3010000,,,,03,폐업,,,,,,
근린생활시설,자연,1999-03-09,199176.391363557,451534.562247086,출판인쇄업,출판사,2026-05-03 22:44:44,I,03,폐업,,0,0,2003-05-06 11:23:16,,1989-12-19,100-846,서울특별시 중구 을지로*가 ***-**,CDFG1251001989000091,3010000,,서울특별시 중구 을지로 ***  (을지로*가),,03,폐업,,,,,0,0
,고시연구원,2004-01-12,198760.36713586,450941.12530733,출판인쇄업,출판사,2026-05-03 22:44:44,I,03,폐업,,,,2004-03-24 18:15:33,,1989-12-19,100-043,서울특별시 중구 남산동*가 **-** 남산빌딩 ***동,CDFG1251001989000092,3010000,,"서울특별시 중구 퇴계로**길 *-*, ***동 (남산동*가,남산빌딩)",,03,폐업,,,,,,
,가가,2020-04-21,199517.786860136,451242.915456119,출판인쇄업,출판사,2026-05-03 22:44:44,I,03,폐업,,0,,2020-04-21 17:23:46,,1989-12-21,100-282,서울특별시 중구 인현동*가 ***-*,CDFG1251001989000094,3010000,,서울특별시 중구 마른내로*길 **  (인현동*가),,03,폐업,,,,,,
,도서출판시화사,1997-07-16,199066.45756917,451625.182627685,출판인쇄업,출판사,2026-05-03 22:44:44,I,03,폐업,,0,,2003-05-06 11:23:16,,1989-12-27,100-230,서울특별시 중구 수표동 **-*,CDFG1251001989000095,3010000,,서울특별시 중구 충무로*길 **  (수표동),,03,폐업,,,,,,
,도서출판신필승사,2006-12-27,200098.006851067,451307.510521326,출판인쇄업,출판사,2026-05-03 22:44:44,I,03,폐업,,,,2006-12-27 11:05:41,,1989-05-22,100-310,서울특별시 중구 오장동 ***-* 넥서스타워 ***호,CDFG1251001989000100,3010000,,"서울특별시 중구 퇴계로**길 **,  ***호 (오장동,넥서스타워)",,03,폐업,,,,22666211,,
근린생활시설,새벽문화,2001-02-06,199023.967503662,451105.474557896,출판인쇄업,출판사,2026-05-03 22:44:44,I,03,폐업,,0,,2003-05-06 11:23:16,,1989-06-16,100-861,서울특별시 중구 충무로*가 **-* 라이온스 ***동,CDFG1251001989000101,3010000,,"서울특별시 중구 삼일대로*길 *, ***동 (충무로*가,라이온스)",,03,폐업,,,,,,
,(사)도시행정학회,1999-01-23,,,출판인쇄업,출판사,2026-05-03 22:44:44,I,03,폐업,,0,,2003-05-06 11:23:16,,1990-06-12,100-836,서울특별시 중구 신당동 ***,CDFG1251001990000001,3010000,,,,03,폐업,,,,22477393,,
,주가연구원,1999-05-28,199003.096037905,451625.936357959,출판인쇄업,출판사,2026-05-03 22:44:44,I,03,폐업,,0,,2003-05-06 11:23:16,,1990-01-17,100-230,서울특별시 중구 수표동 **-* 신흥빌딩 ***동,CDFG1251001990000003,3010000,,"서울특별시 중구 수표로 **-*, ***동 (수표동,신흥빌딩)",,03,폐업,,,,,,
,울림출판사,2001-08-09,199243.719707907,451518.197727854,출판인쇄업,출판사,2026-05-03 22:44:45,I,03,폐업,,0,,2003-05-06 11:23:16,,1990-01-19,100-846,서울특별시 중구 을지로*가 ***-* 양지빌딩 ***동,CDFG1251001990000004,3010000,,,,03,폐업,,,,,,
,농민,2001-08-09,,,출판인쇄업,출판사,2026-05-03 22:44:45,I,03,폐업,,0,,2003-05-06 11:23:16,,1990-01-25,100-845,서울특별시 중구 을지로*가 ***-***,CDFG1251001990000006,3010000,,,,03,폐업,,,,,,
,드림사,1998-07-11,199995.471931689,451090.563649507,출판인쇄업,출판사,2026-05-03 22:44:45,I,03,폐업,,0,,2003-05-06 11:23:16,,1990-02-06,100-380,서울특별시 중구 묵정동 **-* 명성빌딩 ***동,CDFG1251001990000007,3010000,,"서울특별시 중구 퇴계로**길 **-*, ***동 (묵정동,명성빌딩)",,03,폐업,,,,,,
,다온,2000-10-31,199115.162515675,451501.106828934,출판인쇄업,출판사,2026-05-03 22:44:45,I,03,폐업,,0,,2003-05-06 11:23:16,,1990-02-06,100-846,서울특별시 중구 을지로*가 *** 상지빌딩 ***동,CDFG1251001990000009,3010000,,"서울특별시 중구 을지로 ***-**, ***동 (을지로*가,상지빌딩)",,03,폐업,,,,,,
,이녕,2001-08-09,200369.603677755,450908.368974146,출판인쇄업,출판사,2026-05-03 22:44:45,I,03,폐업,,0,,2003-05-06 11:23:16,,1990-02-19,100-855,서울특별시 중구 장충동*가 ***-* 상록빌딩 *층동,CDFG1251001990000011,3010000,,"서울특별시 중구 동호로**길 **-*, *층동 (장충동*가,상록빌딩)",,03,폐업,,,,,,
,전원사,2000-08-09,200364.899605791,451125.266274637,출판인쇄업,출판사,2026-05-03 22:44:45,I,03,폐업,,0,,2003-05-06 11:23:16,,1990-03-06,100-855,서울특별시 중구 장충동*가 ***-* 동아빌딩 ***동,CDFG1251001990000014,3010000,,"서울특별시 중구 장충단로*길 **, ***동 (장충동*가,동아빌딩)",,03,폐업,,,,,,
,옥답,2001-08-09,199243.719707907,451518.197727854,출판인쇄업,출판사,2026-05-03 22:44:45,I,03,폐업,,0,,2003-05-06 11:23:16,,1990-03-06,100-846,서울특별시 중구 을지로*가 ***-* 성진빌딩 ***동,CDFG1251001990000015,3010000,,,,03,폐업,,,,,,
,기린,2000-08-09,201744.608195905,451382.627215663,출판인쇄업,출판사,2026-05-03 22:44:45,I,03,폐업,,0,,2003-05-06 11:23:16,,1990-03-15,100-819,서울특별시 중구 신당동 ***-* 정문빌딩 ***동,CDFG1251001990000017,3010000,,"서울특별시 중구 퇴계로**길 **-*, ***동 (신당동,정문빌딩)",,03,폐업,,,,,,
,대신문화사,1999-01-27,199066.45756917,451625.182627685,출판인쇄업,출판사,2026-05-03 22:44:45,I,03,폐업,,0,,2003-05-06 11:23:16,,1990-03-15,100-230,서울특별시 중구 수표동 **-*,CDFG1251001990000018,3010000,,서울특별시 중구 충무로*길 **  (수표동),,03,폐업,,,,,,
,국일기획,2004-11-10,199350.626939916,451484.798211766,출판인쇄업,출판사,2026-05-03 22:44:45,I,03,폐업,,,,2004-11-10 10:10:05,,1990-03-20,100-847,서울특별시 중구 을지로*가 ***-** ***호,CDFG1251001990000019,3010000,,"서울특별시 중구 을지로**길 **  (을지로*가,***호)",,03,폐업,,,,,,
,도서출판 풍남,2019-11-08,199240.782802808,451496.078387552,출판인쇄업,출판사,2026-05-03 22:44:46,I,03,폐업,,,,2019-11-08 15:06:28,,1990-03-29,100-846,서울특별시 중구 을지로*가 ***-** 정암빌딩 *층,CDFG1251001990000020,3010000,,"서울특별시 중구 을지로**길 ** (을지로*가,정암빌딩 *층)",,03,폐업,,,,02-2274-7800,,
,신호사,1997-03-28,199956.84259826,451023.807434729,출판인쇄업,출판사,2026-05-03 22:44:46,I,03,폐업,,0,,2003-05-06 11:23:16,,1990-03-29,100-380,서울특별시 중구 묵정동 **-*,CDFG1251001990000021,3010000,,서울특별시 중구 퇴계로**길 **  (묵정동),,03,폐업,,,,,,
,인우,2002-10-24,199333.801387448,451328.479487075,출판인쇄업,출판사,2026-05-03 22:44:46,I,03,폐업,,0,0,2003-05-06 11:23:16,,1990-04-07,100-281,서울특별시 중구 인현동*가 ***-*,CDFG1251001990000022,3010000,,서울특별시 중구 마른내로 **  (인현동*가),,03,폐업,,,,,0,0
,미완,1998-04-24,200298.383749957,450837.577050271,출판인쇄업,출판사,2026-05-03 22:44:46,I,03,폐업,,0,,2003-05-06 11:23:16,,1990-04-07,100-855,서울특별시 중구 장충동*가 ***-***,CDFG1251001990000023,3010000,,서울특별시 중구 동호로 ***  (장충동*가),,03,폐업,,,,,,
,새생활사,2001-03-23,199466.265265278,451498.473446472,출판인쇄업,출판사,2026-05-03 22:44:46,I,03,폐업,,0,,2003-05-06 11:23:16,,1990-04-07,100-281,서울특별시 중구 인현동*가 **-**,CDFG1251001990000025,3010000,,서울특별시 중구 을지로**길 **-*  (인현동*가),,03,폐업,,,,,,
,도서출판미래기획,1997-08-23,,,출판인쇄업,출판사,2026-05-03 22:44:46,I,03,폐업,,0,,2003-05-06 11:23:16,,1990-04-24,100-272,서울특별시 중구 필동*가 ***-*,CDFG1251001990000028,3010000,,,,03,폐업,,,,,,
,두전,2001-07-05,,,출판인쇄업,출판사,2026-05-03 22:44:47,I,03,폐업,,0,,2003-05-06 11:23:16,,1990-04-24,100-011,서울특별시 중구 충무로*가 **-*,CDFG1251001990000029,3010000,,,,03,폐업,,,,,,
,도서출판어린이뜰,2006-05-17,200247.098067944,451193.482960446,출판인쇄업,출판사,2026-05-03 22:44:47,I,03,폐업,,,,2006-05-17 11:52:18,,1990-04-24,100-400,서울특별시 중구 쌍림동 ***-** 쌍림빌딩 ****동,CDFG1251001990000030,3010000,,"서울특별시 중구 퇴계로 ***, ****동 (쌍림동,쌍림빌딩)",,03,폐업,,,,,,
,이일,1999-07-07,198534.851681626,451393.553344275,출판인쇄업,출판사,2026-05-03 22:44:47,I,03,폐업,,0,,2003-05-06 11:23:16,,1990-04-24,100-845,서울특별시 중구 을지로*가 ***-** 대교빌딩 ***동,CDFG1251001990000031,3010000,,"서울특별시 중구 명동*길 **, ***동 (을지로*가,대교빌딩)",,03,폐업,,,,,,
,사목상담연구소,2000-02-01,,,출판인쇄업,출판사,2026-05-03 22:44:47,I,03,폐업,,0,,2003-05-06 11:23:16,,1990-05-04,100-809,서울특별시 중구 명동*가 * 카톨릭회관 *동호,CDFG1251001990000033,3010000,,,,03,폐업,,,,,,
,인간시대,1997-06-21,199550.506270874,451392.219693582,출판인쇄업,출판사,2026-05-03 22:44:47,I,03,폐업,,0,,2003-05-06 11:23:16,,1990-05-08,100-282,서울특별시 중구 인현동*가 **-* 풍전빌딩 ***동,CDFG1251001990000034,3010000,,"서울특별시 중구 마른내로 **, ***동 (인현동*가,풍전빌딩)",,03,폐업,,,,,,
,지육사,1999-02-03,201187.990063865,451558.419120747,출판인쇄업,출판사,2026-05-03 22:44:47,I,03,폐업,,0,,2003-05-06 11:23:16,,1990-05-09,100-880,서울특별시 중구 흥인동 ***,CDFG1251001990000035,3010000,,서울특별시 중구 퇴계로**길 **  (흥인동),,03,폐업,,,,,,
,일산,2005-01-13,199287.951004531,451641.999450368,출판인쇄업,출판사,2026-05-03 22:44:52,I,03,폐업,,,,2005-01-15 11:17:37,,1990-05-23,100-847,서울특별시 중구 을지로*가 ***-*,CDFG1251001990000039,3010000,,서울특별시 중구 충무로 **-*  (을지로*가),,03,폐업,,,,,,
,투어타임스,1997-08-14,198113.370663648,451483.299976911,출판인쇄업,출판사,2026-05-03 22:44:52,I,03,폐업,,0,,2003-05-06 11:23:16,,1990-05-24,100-191,서울특별시 중구 을지로*가 ***-*,CDFG1251001990000040,3010000,,서울특별시 중구 을지로 **  (을지로*가),,03,폐업,,,,,,
,문화한국사,1997-05-30,198989.418298672,451567.72348261,출판인쇄업,출판사,2026-05-03 22:44:53,I,03,폐업,,0,,2003-05-06 11:23:16,,1990-06-05,100-845,서울특별시 중구 을지로*가 ***-* 대명빌딩 ***동,CDFG1251001990000043,3010000,,"서울특별시 중구 을지로 ***, ***동 (을지로*가,대명빌딩)",,03,폐업,,,,,,
,(주)국제언론문화사,2001-08-09,197183.918975215,451720.396597,출판인쇄업,출판사,2026-05-03 22:44:53,I,03,폐업,,0,,2003-05-06 11:23:16,,1990-06-08,100-151,서울특별시 중구 충정로*가 **-* EMI빌딩 *층동,CDFG1251001990000044,3010000,,,,03,폐업,,,,,,
,예명사,2000-08-09,,,출판인쇄업,출판사,2026-05-03 22:44:53,I,03,폐업,,0,,2003-05-06 11:23:16,,1990-06-20,100-400,서울특별시 중구 쌍림동 ***-** 한성빌딩 ***동,CDFG1251001990000046,3010000,,,,03,폐업,,,,,,
,삼왕,2001-06-25,198973.649823525,451566.236976727,출판인쇄업,출판사,2026-05-03 22:44:53,I,03,폐업,,0,,2003-05-06 11:23:16,,1990-06-22,100-845,서울특별시 중구 을지로*가 ***-** 정의빌딩 ***동,CDFG1251001990000047,3010000,,"서울특별시 중구 을지로 ***, ***동 (을지로*가,정의빌딩)",,03,폐업,,,,,,
,전통문화사,1996-02-08,197133.181826761,450929.253706925,출판인쇄업,출판사,2026-05-03 22:44:53,I,03,폐업,,0,,2003-05-06 11:23:16,,1990-07-11,100-859,서울특별시 중구 중림동 *** 대왕빌딩 ***동,CDFG1251001990000051,3010000,,"서울특별시 중구 청파로 ***, ***동 (중림동,대왕빌딩)",,03,폐업,,,,,,
,예그린,2001-08-09,199215.980905399,451084.356972474,출판인쇄업,출판사,2026-05-03 22:44:53,I,03,폐업,,0,,2003-05-06 11:23:16,,1990-07-13,100-866,서울특별시 중구 필동*가 *-* 서울빌딩 ***동,CDFG1251001990000052,3010000,,"서울특별시 중구 수표로*길 **, ***동 (필동*가,서울빌딩)",,03,폐업,,,,,,
,시사공론사,2020-05-13,198915.273125863,451579.409521186,출판인쇄업,출판사,2026-05-03 22:44:53,I,03,폐업,,0,,2020-05-13 17:13:36,,1990-07-14,100-845,서울특별시 중구 을지로*가 ***-** 남석빌딩 ***동,CDFG1251001990000054,3010000,,"서울특별시 중구 을지로*길 *, ***동 (을지로*가,남석빌딩)",,03,폐업,,,,,,
,(주)누리기획,1997-03-21,199530.789114489,451084.660834553,출판인쇄업,출판사,2026-05-03 22:44:53,I,03,폐업,,0,,2003-05-06 11:23:16,,1990-07-18,100-863,서울특별시 중구 충무로*가 ***-*,CDFG1251001990000055,3010000,,서울특별시 중구 퇴계로 ***  (충무로*가),,03,폐업,,,,,,
,(주)서울맥,2004-01-12,199941.744032253,451314.073491563,출판인쇄업,출판사,2026-05-03 22:44:53,I,03,폐업,,,,2004-03-24 18:00:59,,1990-07-20,100-310,서울특별시 중구 오장동 **-*,CDFG1251001990000057,3010000,,서울특별시 중구 퇴계로**길 **-**  (오장동),,03,폐업,,,,22671930,,
,언더라인,2000-02-07,,,출판인쇄업,출판사,2026-05-03 22:44:53,I,03,폐업,,0,,2003-05-06 11:23:16,,1990-08-02,100-031,서울특별시 중구 저동*가 **-* 삼림빌딩 ***동,CDFG1251001990000058,3010000,,,,03,폐업,,,,,,
,종소리,2000-02-17,198934.53385891,451620.639707565,출판인쇄업,출판사,2026-05-03 22:44:53,I,03,폐업,,0,,2003-05-06 11:23:16,,1990-08-09,100-230,서울특별시 중구 수표동 **-* 대동빌딩 ***동,CDFG1251001990000059,3010000,,"서울특별시 중구 삼일대로**길 **, ***동 (수표동,대동빌딩)",,03,폐업,,,,,,
,(주)새봄,2001-08-09,199603.040706779,451543.643423302,출판인쇄업,출판사,2026-05-03 22:44:53,I,03,폐업,,0,,2003-05-06 11:23:16,,1990-08-09,100-849,서울특별시 중구 을지로*가 *** 국도빌딩 ***동,CDFG1251001990000060,3010000,,"서울특별시 중구 을지로 ***, ***동 (을지로*가,국도빌딩)",,03,폐업,,,,,,
,새한문화,2000-06-27,199559.81287492,451275.242508566,출판인쇄업,출판사,2026-05-03 22:44:53,I,03,폐업,,0,,2003-05-06 11:23:16,,1990-08-13,100-282,서울특별시 중구 인현동*가 ***-** 신성상가 ***동,CDFG1251001990000061,3010000,,"서울특별시 중구 마른내로 **, ***동 (인현동*가,신성상가)",,03,폐업,,,,,,
,도서출판 불이,2018-05-31,199089.190193832,451457.433935225,출판인쇄업,출판사,2026-05-03 22:44:53,I,03,폐업,,,,2018-06-08 13:06:59,,1990-08-17,100-032,서울특별시 중구 저동*가 *-*,CDFG1251001990000062,3010000,,서울특별시 중구 수표로 **-** (저동*가),,03,폐업,,,,,,
,삼미상사,1998-02-24,199355.955958656,451592.333189699,출판인쇄업,출판사,2026-05-03 22:44:54,I,03,폐업,,0,,2003-05-06 11:23:16,,1990-08-18,100-847,서울특별시 중구 을지로*가 ***-*,CDFG1251001990000063,3010000,,서울특별시 중구 을지로 ***  (을지로*가),,03,폐업,,,,,,
,한성,1998-07-15,,,출판인쇄업,출판사,2026-05-03 22:44:54,I,03,폐업,,0,,2003-05-06 11:23:16,,1990-09-07,100-863,서울특별시 중구 충무로*가 **-*,CDFG1251001990000065,3010000,,,,03,폐업,,,,,,
,석은사,2001-08-09,198921.618245179,451618.046232106,출판인쇄업,출판사,2026-05-03 22:44:54,I,03,폐업,,0,,2003-05-06 11:23:16,,1990-09-10,100-230,서울특별시 중구 수표동 **-** 이정빌딩 ***동,CDFG1251001990000066,3010000,,"서울특별시 중구 삼일대로**길 **, ***동 (수표동,이정빌딩)",,03,폐업,,,,,,
,(주)우남에이전시,2004-04-21,200678.056441636,451229.219474808,출판인쇄업,출판사,2026-05-03 22:44:54,I,03,폐업,,,,2004-04-21 11:49:43,,1990-09-20,100-412,서울특별시 중구 광희동*가 ***-* 동산빌딩 *층동,CDFG1251001990000068,3010000,,"서울특별시 중구 장충단로*가길 **-**, *층동 (광희동*가,동산빌딩)",,03,폐업,,,,,,
,슬기샘,2001-08-09,199511.766167005,450565.40280769,출판인쇄업,출판사,2026-05-03 22:44:54,I,03,폐업,,0,,2003-05-06 11:23:16,,1990-09-27,100-272,서울특별시 중구 필동*가 ***-*,CDFG1251001990000071,3010000,,서울특별시 중구 퇴계로**가길 **  (필동*가),,03,폐업,,,,,,
,삼희,2001-08-09,199064.746569701,451155.251086533,출판인쇄업,출판사,2026-05-03 22:44:54,I,03,폐업,,0,,2003-05-06 11:23:16,,1990-09-27,100-861,서울특별시 중구 충무로*가 **-* 영광빌딩 ***동,CDFG1251001990000072,3010000,,"서울특별시 중구 수표로 **-*, ***동 (충무로*가,영광빌딩)",,03,폐업,,,,,,
,익산각,2001-08-09,199243.719707907,451518.197727854,출판인쇄업,출판사,2026-05-03 22:44:54,I,03,폐업,,0,,2003-05-06 11:23:16,,1990-10-12,100-846,서울특별시 중구 을지로*가 ***-* 성진빌딩 ***동,CDFG1251001990000073,3010000,,,,03,폐업,,,,,,
,도서출판문예사조,1997-02-25,,,출판인쇄업,출판사,2026-05-03 22:44:54,I,03,폐업,,0,,2003-05-06 11:23:16,,1990-10-15,100-713,서울특별시 중구 충무로*가 ***-* 진양상가 ***동,CDFG1251001990000075,3010000,,,,03,폐업,,,,72339588,,
,주이레,2007-08-27,197917.209654029,450920.53485754,출판인쇄업,출판사,2026-05-03 22:44:55,I,03,폐업,,,,2007-08-27 11:21:23,,1990-10-17,100-094,서울특별시 중구 남대문로*가 **-* 남대문지하상가 *호,CDFG1251001990000077,3010000,,"서울특별시 중구 남대문로 **  (남대문로*가,남대문지하상가 *호)",,03,폐업,,,,,,
,글화랑,2000-08-09,197119.839626021,450513.86676026,출판인쇄업,출판사,2026-05-03 22:44:55,I,03,폐업,,0,,2003-05-06 11:23:16,,1990-10-19,100-808,서울특별시 중구 만리동*가 **-* 서부빌딩 ***동,CDFG1251001990000078,3010000,,,,03,폐업,,,,,,
,병학출판공사,2001-06-23,197119.839626021,450513.86676026,출판인쇄업,출판사,2026-05-03 22:44:55,I,03,폐업,,0,,2003-05-06 11:23:16,,1990-10-19,100-808,서울특별시 중구 만리동*가 **-* 서부빌딩 ***동,CDFG1251001990000079,3010000,,,,03,폐업,,,,,,
,복지출판공사,2002-05-07,197094.378476554,450380.362366777,출판인쇄업,출판사,2026-05-03 22:44:55,I,03,폐업,,0,0,2003-05-06 11:23:16,,1990-10-19,100-371,서울특별시 중구 만리동*가 **-** *층,CDFG1251001990000080,3010000,,"서울특별시 중구 만리재로 ***  (만리동*가,*층)",,03,폐업,,,,,0,0
,양성각,2010-12-20,197700.367608527,450733.831413898,출판인쇄업,출판사,2026-05-03 22:44:55,I,03,폐업,,0,,2010-12-21 09:47:11,,1990-10-24,100-800,서울특별시 중구 남대문로*가 **-* 청송빌딩 ***동,CDFG1251001990000081,3010000,,"서울특별시 중구 세종대로 **, ***동 (남대문로*가,청송빌딩)",,03,폐업,,,,,,
,한국사회복지연구소,2011-03-24,198113.370663648,451483.299976911,출판인쇄업,출판사,2026-05-03 22:44:55,I,03,폐업,,0,,2011-03-24 11:00:58,,1990-10-26,100-191,서울특별시 중구 을지로*가 ***-* 백남빌딩 ****동,CDFG1251001990000082,3010000,,"서울특별시 중구 을지로 **, ****동 (을지로*가,백남빌딩)",,03,폐업,,,,,,
,지인당,2008-01-30,199559.81287492,451275.242508566,출판인쇄업,출판사,2026-05-03 22:44:55,I,03,폐업,,,,2008-01-30 17:35:30,,1990-10-30,100-282,서울특별시 중구 인현동*가 ***-** 신성상가 라열 ***호,CDFG1251001990000083,3010000,,"서울특별시 중구 마른내로 **  (인현동*가,신성상가 라열 ***호)",,03,폐업,,,,22747477,,
,국영출판사,2001-08-09,,,출판인쇄업,출판사,2026-05-03 22:44:55,I,03,폐업,,0,,2003-05-06 11:23:16,,1990-10-31,100-411,서울특별시 중구 광희동*가 ***-** 서울빌딩 ***동,CDFG1251001990000084,3010000,,,,03,폐업,,,,,,
,수정당,1994-12-05,,,출판인쇄업,출판사,2026-05-03 22:44:55,I,03,폐업,,0,,2003-05-06 11:23:16,,1990-11-12,100-845,서울특별시 중구 을지로*가 ***-**,CDFG1251001990000087,3010000,,,,03,폐업,,,,,,
,동화세걔,1996-07-05,199382.503213245,451508.557819931,출판인쇄업,출판사,2026-05-03 22:44:55,I,03,폐업,,0,,2003-05-06 11:23:16,,1990-11-13,100-300,서울특별시 중구 초동 *-* 한도B***호,CDFG1251001990000088,3010000,,"서울특별시 중구 을지로**길 *  (초동,한도B***호)",,03,폐업,,,,,,
,글바다,2001-08-09,199348.394344173,451543.166361731,출판인쇄업,출판사,2026-05-03 22:44:55,I,03,폐업,,0,,2003-05-06 11:23:16,,1990-11-26,100-847,서울특별시 중구 을지로*가 ***-* 삼성빌딩 ***동,CDFG1251001990000091,3010000,,"서울특별시 중구 을지로 ***, ***동 (을지로*가,삼성빌딩)",,03,폐업,,,,,,
,삼흥기획,2005-01-26,199835.402512225,451535.209671211,출판인쇄업,출판사,2026-05-03 22:44:55,I,03,폐업,,,,2005-01-26 11:42:11,,1990-11-27,100-848,서울특별시 중구 을지로*가 ***-* *층,CDFG1251001990000092,3010000,,"서울특별시 중구 을지로**길 **  (을지로*가,*층)",,03,폐업,,,,,,
,브랜미술사,2001-06-26,199632.593469236,451344.248667865,출판인쇄업,출판사,2026-05-03 22:44:55,I,03,폐업,,0,,2003-05-06 11:23:16,,1990-11-28,100-282,서울특별시 중구 인현동*가 ***-* 대림빌딩 ***동,CDFG1251001990000093,3010000,,"서울특별시 중구 마른내로 **, ***동 (인현동*가,대림빌딩)",,03,폐업,,,,,,
,미림사,2001-08-09,200120.682920771,451400.785692972,출판인쇄업,출판사,2026-05-03 22:44:55,I,03,폐업,,0,,2003-05-06 11:23:16,,1990-12-06,100-310,서울특별시 중구 오장동 ***-*,CDFG1251001990000095,3010000,,서울특별시 중구 동호로 ***  (오장동),,03,폐업,,,,,,
,유니텍코리아,2001-03-31,,,출판인쇄업,출판사,2026-05-03 22:44:56,I,03,폐업,,0,,2003-05-06 11:23:16,,1990-12-07,100-230,서울특별시 중구 수표동 ** 그랜드빌딩 ***동,CDFG1251001990000096,3010000,,,,03,폐업,,,,,,
,진주문화사,2001-08-09,199489.179291924,451106.951844227,출판인쇄업,출판사,2026-05-03 22:44:56,I,03,폐업,,0,,2003-05-06 11:23:16,,1990-12-11,100-862,서울특별시 중구 충무로*가 ***-*,CDFG1251001990000097,3010000,,서울특별시 중구 충무로*길 **-*  (충무로*가),,03,폐업,,,,,,
,향음사,2000-05-24,201058.847745813,450537.642315652,출판인쇄업,출판사,2026-05-03 22:44:56,I,03,폐업,,0,,2003-05-06 11:23:16,,1990-12-12,100-826,서울특별시 중구 신당동 ***-** 수창빌딩 ***동,CDFG1251001990000098,3010000,,"서울특별시 중구 다산로**길 **, ***동 (신당동,수창빌딩)",,03,폐업,,,,,,
,오미정사,2003-12-03,199421.310732041,451142.799989808,출판인쇄업,출판사,2026-05-03 22:44:56,I,03,폐업,,,,2003-12-03 09:51:12,,1990-12-19,100-862,서울특별시 중구 충무로*가 **-*,CDFG1251001990000100,3010000,,서울특별시 중구 충무로*길 **  (충무로*가),,03,폐업,,,,,,
,큰빛,1996-02-28,199835.265120247,451479.566334116,출판인쇄업,출판사,2026-05-03 22:44:56,I,03,폐업,,0,,2003-05-06 11:23:16,,1990-12-20,100-290,서울특별시 중구 예관동 *-*,CDFG1251001990000101,3010000,,서울특별시 중구 을지로**길 **  (예관동),,03,폐업,,,,,,
,도서출판낚시문화,2016-04-28,199213.995842161,451479.251307215,출판인쇄업,출판사,2026-05-03 22:44:57,I,03,폐업,,0,,2016-04-28 15:45:05,,1990-12-24,,서울특별시 중구 을지로*가 ***-*,CDFG1251001990000104,3010000,,"서울특별시 중구 을지로**길 ** (을지로*가, 을지빌딩 별관)",04550,03,폐업,,,,,,
,책터,2001-03-27,,,출판인쇄업,출판사,2026-05-03 22:44:57,I,03,폐업,,0,,2003-05-06 11:23:16,,1990-01-10,100-031,서울특별시 중구 저동*가 ** 중앙빌딩 *층동,CDFG1251001990000105,3010000,,"서울특별시 중구 삼일대로 ***, *층동 (저동*가,중앙빌딩)",,03,폐업,,,,,,
,재단법인 한국통신문화재단,2005-02-03,200314.646974736,451554.066925226,출판인쇄업,출판사,2026-05-03 22:44:57,I,03,폐업,,,,2005-02-07 10:09:06,,1990-11-28,100-196,서울특별시 중구 을지로*가 **-* 을지전화국*층,CDFG1251001990000107,3010000,,"서울특별시 중구 을지로 ***  (을지로*가,을지전화국*층)",,03,폐업,,,,22664917,,
,시월,2001-04-06,201058.847745813,450537.642315652,출판인쇄업,출판사,2026-05-03 22:44:57,I,03,폐업,,0,,2003-05-06 11:23:16,,1990-12-08,100-826,서울특별시 중구 신당동 ***-** 수창빌딩 ***동,CDFG1251001990000108,3010000,,"서울특별시 중구 다산로**길 **, ***동 (신당동,수창빌딩)",,03,폐업,,,,,,
,기계정보사,1999-06-04,,,출판인쇄업,출판사,2026-05-03 22:44:57,I,03,폐업,,0,,2003-05-06 11:23:16,,1990-02-19,100-845,서울특별시 중구 을지로*가 ***-** 수정빌딩 *층동,CDFG1251001990000111,3010000,,,,03,폐업,,,,,,
,신세대사,1999-04-08,199300.597750755,451534.120156209,출판인쇄업,출판사,2026-05-03 22:44:58,I,03,폐업,,0,0,2003-05-06 11:23:16,,1990-03-02,100-847,서울특별시 중구 을지로*가 ***-**,CDFG1251001990000115,3010000,,서울특별시 중구 충무로 **  (을지로*가),,03,폐업,,,,,0,0
,현대문화,2003-10-28,199089.796600316,451204.411258024,출판인쇄업,출판사,2026-05-03 22:44:58,I,03,폐업,,,,2003-10-29 08:58:00,,1990-02-14,100-013,서울특별시 중구 충무로*가 **-* 아세아빌딩 ***호,CDFG1251001990000116,3010000,,"서울특별시 중구 수표로 **,  ***호 (충무로*가,아세아빌딩)",,03,폐업,,,,,,
,시사판례사,2004-12-28,199191.819222952,451636.275321387,출판인쇄업,출판사,2026-05-03 22:44:59,I,03,폐업,,,,2004-12-28 09:32:14,,1990-12-20,100-846,서울특별시 중구 을지로*가 **-* 길영빌딩 ***동,CDFG1251001990000124,3010000,,,,03,폐업,,,,,,
,생활경제,2001-06-26,199598.351705658,451193.562575176,출판인쇄업,출판사,2026-05-03 22:44:59,I,03,폐업,,0,,2003-05-06 11:23:16,,1991-01-08,100-282,서울특별시 중구 인현동*가 ***-** 오스카빌딩 ***동,CDFG1251001991000002,3010000,,"서울특별시 중구 퇴계로**길 **, ***동 (인현동*가,오스카빌딩)",,03,폐업,,,,,,
,신한종합연구소,2002-01-21,197699.396252332,450972.803825672,출판인쇄업,출판사,2026-05-03 22:44:59,I,03,폐업,,0,,2003-05-06 11:23:16,,1991-01-29,100-724,서울특별시 중구 태평로*가 *** 대경빌딩 *층동,CDFG1251001991000004,3010000,,"서울특별시 중구 세종대로*길 **, *층동 (태평로*가,대경빌딩)",,03,폐업,,,,,,
,도서출판도솔,1998-02-02,199455.00556933,451158.224725429,출판인쇄업,출판사,2026-05-03 22:45:00,I,03,폐업,,0,,2003-05-06 11:23:16,,1991-02-08,100-863,서울특별시 중구 충무로*가 **-*,CDFG1251001991000007,3010000,,서울특별시 중구 마른내로*가길 **  (충무로*가),,03,폐업,,,,,,
,한국전력기술인협회,1997-09-10,199090.091049701,451723.585099121,출판인쇄업,출판사,2026-05-03 22:45:00,I,03,폐업,,0,,2003-05-06 11:23:16,,1991-02-20,100-230,서울특별시 중구 수표동 **-*,CDFG1251001991000014,3010000,,서울특별시 중구 수표로 **-**  (수표동),,03,폐업,,,,,,
,말티콤,2000-08-09,198924.248972075,451080.071402645,출판인쇄업,출판사,2026-05-03 22:45:00,I,03,폐업,,0,,2003-05-06 11:23:16,,1991-02-23,100-860,서울특별시 중구 충무로*가 **-* 동북빌딩 지하동,CDFG1251001991000016,3010000,,"서울특별시 중구 삼일대로 ***, 지하동 (충무로*가,동북빌딩)",,03,폐업,,,,,,
,씨네마아트,2000-08-09,201775.682523178,451396.878132704,출판인쇄업,출판사,2026-05-03 22:45:00,I,03,폐업,,0,,2003-05-06 11:23:16,,1991-03-05,100-819,서울특별시 중구 신당동 ***-* 성환빌딩 B동동 ***호,CDFG1251001991000017,3010000,,"서울특별시 중구 퇴계로**길 **, B동동 ***호 (신당동,성환빌딩)",,03,폐업,,,,,,
,어코드,2001-08-09,,,출판인쇄업,출판사,2026-05-03 22:45:00,I,03,폐업,,0,,2003-05-06 11:23:16,,1991-03-09,100-400,서울특별시 중구 쌍림동 ***-** 한성빌딩 ***동,CDFG1251001991000019,3010000,,,,03,폐업,,,,,,
,건창사,2001-08-09,199534.329650967,451608.222852119,출판인쇄업,출판사,2026-05-03 22:45:00,I,03,폐업,,0,,2003-05-06 11:23:16,,1991-04-04,100-848,서울특별시 중구 을지로*가 *-* 대림상가 ***동,CDFG1251001991000025,3010000,,"서울특별시 중구 을지로 ***, ***동 (을지로*가,대림상가)",,03,폐업,,,,,,
,우석교육문화연구원,2000-02-07,197579.6119606,451207.320313674,출판인쇄업,출판사,2026-05-03 22:45:00,I,03,폐업,,0,,2003-05-06 11:23:16,,1991-04-09,100-813,서울특별시 중구 서소문동 **-* 심영빌딩 ***동,CDFG1251001991000026,3010000,,"서울특별시 중구 서소문로 ***, ***동 (서소문동,심영빌딩)",,03,폐업,,,,,,
,포스트모던,2000-07-31,,,출판인쇄업,출판사,2026-05-03 22:45:01,I,03,폐업,,0,,2003-05-06 11:23:16,,1991-04-30,100-220,서울특별시 중구 장교동 ** 삼진빌딩 ***동,CDFG1251001991000032,3010000,,,,03,폐업,,,,,,
,태문각,1999-12-31,,,출판인쇄업,출판사,2026-05-03 22:45:01,I,03,폐업,,0,,2003-05-06 11:23:16,,1991-05-06,100-844,서울특별시 중구 을지로*가 **-* 영서빌딩 *층동,CDFG1251001991000034,3010000,,,,03,폐업,,,,,,
,파암서각,2004-01-28,198827.727238114,451005.205964888,출판인쇄업,출판사,2026-05-03 22:45:01,I,03,폐업,,,,2004-01-29 16:15:58,,1991-05-13,100-861,서울특별시 중구 충무로*가 **-* 세룡빌딩 ***동,CDFG1251001991000035,3010000,,"서울특별시 중구 퇴계로 ***, ***동 (충무로*가,세룡빌딩)",,03,폐업,,,,,,
,한국전산교육출판사,2001-08-09,,,출판인쇄업,출판사,2026-05-03 22:44:23,I,03,폐업,,0,,2003-05-06 11:23:16,,1988-07-06,100-845,서울특별시 중구 을지로*가 ***-** 중앙회관 *층동,CDFG1251001988000064,3010000,,,,03,폐업,,,,,,
,한국출판사,1998-04-06,199166.232434684,451237.737732233,출판인쇄업,출판사,2026-05-03 22:44:24,I,03,폐업,,0,,2003-05-06 11:23:16,,1988-07-16,100-300,서울특별시 중구 초동 ***-*,CDFG1251001988000066,3010000,,서울특별시 중구 마른내로*길 **-*  (초동),,03,폐업,,,,,,
,편집문화연구소,1997-05-01,201649.749660151,451853.291465826,출판인쇄업,출판사,2026-05-03 22:44:26,I,03,폐업,,0,,2003-05-06 11:23:16,,1988-07-21,100-870,서울특별시 중구 황학동 ****,CDFG1251001988000069,3010000,,서울특별시 중구 마장로*길 **  (황학동),,03,폐업,,,,,,
,참한출판사,1999-02-06,199352.279317955,451429.092657369,출판인쇄업,출판사,2026-05-03 22:44:28,I,03,폐업,,0,,2003-05-06 11:23:16,,1988-08-01,100-300,서울특별시 중구 초동 **-*,CDFG1251001988000073,3010000,,서울특별시 중구 을지로**길 **  (초동),,03,폐업,,,,22746950,,
,파발마,2000-01-27,197481.848548378,451269.851755861,출판인쇄업,출판사,2026-05-03 22:44:30,I,03,폐업,,0,,2003-05-06 11:23:16,,1988-08-06,100-120,서울특별시 중구 정동 **-* 배제학교빌 딩동 ***호,CDFG1251001988000076,3010000,,"서울특별시 중구 서소문로**길 **, 딩동 ***호 (정동,배제학교빌)",,03,폐업,,,,,,
,은혜사,2001-08-09,199142.029536002,451105.230428519,출판인쇄업,출판사,2026-05-03 22:44:31,I,03,폐업,,0,,2003-05-06 11:23:16,,1988-08-23,100-013,서울특별시 중구 충무로*가 **-* 예림빌딩 ***동,CDFG1251001988000080,3010000,,"서울특별시 중구 수표로*길 *, ***동 (충무로*가,예림빌딩)",,03,폐업,,,,,,
,한길문화사,2001-06-26,199603.856463953,451350.499922133,출판인쇄업,출판사,2026-05-03 22:44:31,I,03,폐업,,0,,2003-05-06 11:23:16,,1988-08-24,100-282,서울특별시 중구 인현동*가 ***-* 흥인빌딩 ***동,CDFG1251001988000081,3010000,,"서울특별시 중구 마른내로 **, ***동 (인현동*가,흥인빌딩)",,03,폐업,,,,,,
,삼정문화출판사,2008-06-27,199857.253945559,451307.781735894,출판인쇄업,출판사,2026-05-03 22:44:31,I,03,폐업,,,,2008-06-27 08:58:30,,1988-08-26,100-310,서울특별시 중구 오장동 **-*,CDFG1251001988000082,3010000,,,,03,폐업,,,,,,
,민족과문화,2001-08-09,,,출판인쇄업,출판사,2026-05-03 22:44:31,I,03,폐업,,0,,2003-05-06 11:23:16,,1988-09-01,100-846,서울특별시 중구 을지로*가 *** 홍원빌딩 ***동,CDFG1251001988000084,3010000,,,,03,폐업,,,,,,
근린생활시설,세무교육개발원,1999-04-20,197476.733641931,450632.159070388,출판인쇄업,출판사,2026-05-03 22:44:31,I,03,폐업,,0,0,2003-05-06 11:23:16,,1988-09-01,100-161,서울특별시 중구 봉래동*가 ***-* 일신빌딩 ***동,CDFG1251001988000086,3010000,,"서울특별시 중구 통일로 **, ***동 (봉래동*가,일신빌딩)",,03,폐업,,,,,0,0
,덕수출판사,2017-01-02,199128.532494751,451289.163248332,출판인쇄업,출판사,2026-05-03 22:44:32,I,03,폐업,,0,,2017-01-02 10:58:34,,1988-09-01,100-032,서울특별시 중구 저동*가 **-**,CDFG1251001988000089,3010000,,서울특별시 중구 수표로**길 *-** (저동*가),,03,폐업,,,,,,
,대영,2001-06-26,199598.351705658,451193.562575176,출판인쇄업,출판사,2026-05-03 22:44:32,I,03,폐업,,0,,2003-05-06 11:23:16,,1988-09-02,100-282,서울특별시 중구 인현동*가 ***-** 오스카빌딩 ***호,CDFG1251001988000092,3010000,,"서울특별시 중구 퇴계로**길 **,  ***호 (인현동*가,오스카빌딩)",,03,폐업,,,,,,
,일흥출판사,2000-08-09,,,출판인쇄업,출판사,2026-05-03 22:44:33,I,03,폐업,,0,,2003-05-06 11:23:16,,1988-09-15,100-230,서울특별시 중구 수표동 **-* 수표교빌딩 ***호,CDFG1251001988000100,3010000,,,,03,폐업,,,,,,
,도서출판새남,1998-07-27,197036.542728288,450756.028376469,출판인쇄업,출판사,2026-05-03 22:44:33,I,03,폐업,,0,,2003-05-06 11:23:16,,1988-09-21,100-858,서울특별시 중구 중림동 ***-*,CDFG1251001988000102,3010000,,,,03,폐업,,,,,,
,고려종합경제연구소,2001-08-09,198388.365585519,450963.241815173,출판인쇄업,출판사,2026-05-03 22:44:34,I,03,폐업,,0,,2003-05-06 11:23:16,,1988-10-04,100-011,서울특별시 중구 충무로*가 **-* 대연각센타 **층동,CDFG1251001988000106,3010000,,"서울특별시 중구 퇴계로 **, **층동 (충무로*가,대연각센타)",,03,폐업,,,,,,
,능인,2001-08-09,199511.558012697,451125.383543955,출판인쇄업,출판사,2026-05-03 22:44:34,I,03,폐업,,0,,2003-05-06 11:23:16,,1988-10-06,100-863,서울특별시 중구 충무로*가 **,CDFG1251001988000107,3010000,,서울특별시 중구 충무로*길 **  (충무로*가),,03,폐업,,,,,,
,한주서관,1997-02-21,200224.815166574,451582.627103843,출판인쇄업,출판사,2026-05-03 22:44:34,I,03,폐업,,0,,2003-05-06 11:23:16,,1988-10-25,100-195,서울특별시 중구 을지로*가 **-* 평안b***,CDFG1251001988000109,3010000,,"서울특별시 중구 을지로 ***  (을지로*가,평안b***)",,03,폐업,,,,,,
,푸른동산,1999-03-09,198109.617344821,451640.773996802,출판인쇄업,출판사,2026-05-03 22:44:34,I,03,폐업,,0,0,2003-05-06 11:23:16,,1988-10-31,100-170,서울특별시 중구 무교동 **-*,CDFG1251001988000110,3010000,,서울특별시 중구 무교로 **  (무교동),,03,폐업,,,,,0,0
,오메가,2001-08-09,199358.34804369,451371.595692328,출판인쇄업,출판사,2026-05-03 22:44:35,I,03,폐업,,0,,2003-05-06 11:23:16,,1988-11-04,100-281,서울특별시 중구 인현동*가 ***-* 근화빌딩 ***동,CDFG1251001988000112,3010000,,"서울특별시 중구 을지로**길 **, ***동 (인현동*가,근화빌딩)",,03,폐업,,,,,,
,경원각,2001-08-09,197119.839626021,450513.86676026,출판인쇄업,출판사,2026-05-03 22:44:35,I,03,폐업,,0,,2003-05-06 11:23:16,,1988-11-11,100-808,서울특별시 중구 만리동*가 **-* 서부빌딩 ***동,CDFG1251001988000113,3010000,,,,03,폐업,,,,,,
,해운무역신문사,1998-08-10,197481.848548378,451269.851755861,출판인쇄업,출판사,2026-05-03 22:44:36,I,03,폐업,,0,,2003-05-06 11:23:16,,1988-12-08,100-120,서울특별시 중구 정동 **-*,CDFG1251001988000116,3010000,,서울특별시 중구 서소문로**길 **  (정동),,03,폐업,,,,,,
,동양경제신문사,1999-02-01,199190.880726593,451328.700167218,출판인쇄업,출판사,2026-05-03 22:44:36,I,03,폐업,,0,,2003-05-06 11:23:16,,1988-12-29,100-300,서울특별시 중구 초동 ***-*,CDFG1251001988000119,3010000,,서울특별시 중구 마른내로 **  (초동),,03,폐업,,,,,,
,기업환경생산성조사소,2016-12-15,199348.394344173,451543.166361731,출판인쇄업,출판사,2026-05-03 22:44:36,I,03,폐업,,0,,2016-12-15 15:47:37,,1988-09-02,100-847,서울특별시 중구 을지로*가 ***-*,CDFG1251001988000123,3010000,,서울특별시 중구 을지로 *** (을지로*가),,03,폐업,,,,,,
,화인재,2004-11-01,,,출판인쇄업,출판사,2026-05-03 22:44:36,I,03,폐업,,,,2004-11-02 09:26:33,,1988-09-21,100-845,서울특별시 중구 을지로*가 ***-* ***호,CDFG1251001988000125,3010000,,,,03,폐업,,,,,,
,경신출판사,1998-11-11,199323.638867183,450944.799308273,출판인쇄업,출판사,2026-05-03 22:44:37,I,03,폐업,,0,,2003-05-06 11:23:16,,1988-03-08,100-866,서울특별시 중구 필동*가 **-*,CDFG1251001988000130,3010000,,서울특별시 중구 퇴계로 ***  (필동*가),,03,폐업,,,,,,
근린생활시설,명현사,1999-04-08,201245.570813292,451608.806007384,출판인쇄업,출판사,2026-05-03 22:44:37,I,03,폐업,,0,0,2003-05-06 11:23:16,,1988-04-13,100-880,서울특별시 중구 흥인동 ***-* 신풍빌딩 ***동,CDFG1251001988000132,3010000,,"서울특별시 중구 다산로**길 **, ***동 (흥인동,신풍빌딩)",,03,폐업,,,,22323092,0,0
,재성,1993-12-01,197119.839626021,450513.86676026,출판인쇄업,출판사,2026-05-03 22:44:37,I,03,폐업,,0,,2003-05-06 11:23:16,,1988-04-11,100-808,서울특별시 중구 만리동*가 **-*,CDFG1251001988000135,3010000,,,,03,폐업,,,,,,
,도서출판제일,2006-06-02,199513.555281005,451397.138401457,출판인쇄업,출판사,2026-05-03 22:44:37,I,03,폐업,,,,2006-06-02 15:38:19,,1988-06-29,100-282,서울특별시 중구 인현동*가 **-*,CDFG1251001988000136,3010000,,서울특별시 중구 마른내로 **-**  (인현동*가),,03,폐업,,,,,,
,보험신보사,2004-12-09,197264.095798068,453617.884907388,출판인쇄업,출판사,2026-05-03 22:44:38,I,03,폐업,,,,2004-12-09 09:13:28,,1988-03-14,110-030,서울특별시 종로구 청운동 ***-*,CDFG1251001988000138,3010000,,서울특별시 종로구 자하문로 **-*  (청운동),,03,폐업,,,,,,
,(주)한국가능성계발원,2008-10-13,201518.354245777,451300.137809207,출판인쇄업,출판사,2026-05-03 22:44:38,I,03,폐업,,,,2008-10-13 11:46:53,,1989-10-17,100-819,서울특별시 중구 신당동 ***-* ***-*(***호),CDFG1251001989000001,3010000,,"서울특별시 중구 퇴계로**길 **  (신당동,***-*(***호))",,03,폐업,,,,22695000,,
,아이나라,1999-04-15,199188.866819036,451191.18032867,출판인쇄업,출판사,2026-05-03 22:44:38,I,03,폐업,,0,0,2003-05-06 11:23:16,,1989-01-10,100-013,서울특별시 중구 충무로*가 **-**,CDFG1251001989000002,3010000,,서울특별시 중구 수표로*길 **-*  (충무로*가),,03,폐업,,,,,0,0
,만민문화사,2023-12-29,199393.748061831,451020.317219361,출판인쇄업,출판사,2026-05-03 22:44:39,I,03,폐업,,0,,2024-01-26 15:55:42,,1989-01-20,100-272,서울특별시 중구 필동*가 ** 충무빌딩 ***동,CDFG1251001989000005,3010000,,,,03,폐업,,,,,,
,유연,2017-07-24,199328.793332517,451550.237760114,출판인쇄업,출판사,2026-05-03 22:44:39,I,03,폐업,,0,,2017-07-24 19:25:43,,1989-01-24,100-847,서울특별시 중구 을지로*가 ***-*,CDFG1251001989000006,3010000,,서울특별시 중구 을지로 *** (을지로*가),,03,폐업,,,,,,
,대한입찰,1998-04-10,,,출판인쇄업,출판사,2026-05-03 22:44:39,I,03,폐업,,0,,2003-05-06 11:23:16,,1989-01-27,100-846,서울특별시 중구 을지로*가 ***,CDFG1251001989000009,3010000,,,,03,폐업,,,,,,
,한국전산조판(주),2001-06-26,199559.81287492,451275.242508566,출판인쇄업,출판사,2026-05-03 22:44:39,I,03,폐업,,0,,2003-05-06 11:23:16,,1989-02-03,100-282,서울특별시 중구 인현동*가 ***-** 신성상가 ***동,CDFG1251001989000010,3010000,,"서울특별시 중구 마른내로 **, ***동 (인현동*가,신성상가)",,03,폐업,,,,,,
,사회교육,2001-03-22,198973.649823525,451566.236976727,출판인쇄업,출판사,2026-05-03 22:44:39,I,03,폐업,,0,,2003-05-06 11:23:16,,1989-02-03,100-845,서울특별시 중구 을지로*가 ***-** 정익빌딩 ***동,CDFG1251001989000012,3010000,,"서울특별시 중구 을지로 ***, ***동 (을지로*가,정익빌딩)",,03,폐업,,,,,,
,금강서원,2001-08-09,199300.597750755,451534.120156209,출판인쇄업,출판사,2026-05-03 22:44:40,I,03,폐업,,0,,2003-05-06 11:23:16,,1989-02-16,100-847,서울특별시 중구 을지로*가 ***-**,CDFG1251001989000013,3010000,,서울특별시 중구 충무로 **  (을지로*가),,03,폐업,,,,,,
,디자인프라자,1997-10-13,,,출판인쇄업,출판사,2026-05-03 22:44:40,I,03,폐업,,0,,2003-05-06 11:23:16,,1989-02-22,100-013,서울특별시 중구 충무로*가 **-**,CDFG1251001989000015,3010000,,,,03,폐업,,,,,,
,서화인,2001-08-09,199947.761081625,451111.261863471,출판인쇄업,출판사,2026-05-03 22:44:40,I,03,폐업,,0,,2003-05-06 11:23:16,,1989-03-06,100-380,서울특별시 중구 묵정동 **-* 삼광빌딩 ***동,CDFG1251001989000017,3010000,,"서울특별시 중구 퇴계로**길 *, ***동 (묵정동,삼광빌딩)",,03,폐업,,,,,,
,한강출판사,2001-08-09,198537.634392897,451684.504129471,출판인쇄업,출판사,2026-05-03 22:44:40,I,03,폐업,,0,,2003-05-06 11:23:16,,1989-03-08,100-210,서울특별시 중구 수하동 **-* 우석빌딩 ***동,CDFG1251001989000019,3010000,,"서울특별시 중구 남대문로**길 **, ***동 (수하동,우석빌딩)",,03,폐업,,,,,,
,한국교육자료사,2000-02-02,199343.8350731,451086.194574544,출판인쇄업,출판사,2026-05-03 22:44:40,I,03,폐업,,0,,2003-05-06 11:23:16,,1989-03-20,100-867,서울특별시 중구 필동*가 **-*,CDFG1251001989000022,3010000,,서울특별시 중구 충무로 *  (필동*가),,03,폐업,,,,,,
,A.M.R,2004-04-06,199100.110580901,451284.734837059,출판인쇄업,출판사,2026-05-03 22:44:40,I,03,폐업,,,,2004-04-06 11:01:55,,1989-04-07,100-032,서울특별시 중구 저동*가 **-** 금정빌딩 ***동,CDFG1251001989000025,3010000,,"서울특별시 중구 수표로**길 *-*, ***동 (저동*가,금정빌딩)",,03,폐업,,,,,,
,한국불교연구소출판부,1997-10-15,197848.198611066,451046.595942899,출판인쇄업,출판사,2026-05-03 22:44:40,I,03,폐업,,0,,2003-05-06 11:23:16,,1989-04-10,100-094,서울특별시 중구 남대문로*가 **-*,CDFG1251001989000028,3010000,,서울특별시 중구 세종대로 **  (남대문로*가),,03,폐업,,,,,,
,진화,1996-05-29,198997.675303045,451419.72778562,출판인쇄업,출판사,2026-05-03 22:44:41,I,03,폐업,,0,,2003-05-06 11:23:16,,1989-04-11,100-032,서울특별시 중구 저동*가 **-*,CDFG1251001989000029,3010000,,,,03,폐업,,,,,,
,석영교육미디어,1996-10-29,199267.488373997,451014.120821014,출판인쇄업,출판사,2026-05-03 22:44:41,I,03,폐업,,0,,2003-05-06 11:23:16,,1989-04-21,100-866,서울특별시 중구 필동*가 **-*,CDFG1251001989000031,3010000,,서울특별시 중구 퇴계로 ***  (필동*가),,03,폐업,,,,,,
,석경출판사,1998-04-01,198027.449388886,451652.048972483,출판인쇄업,출판사,2026-05-03 22:44:41,I,03,폐업,,0,,2003-05-06 11:23:16,,1989-04-21,100-101,서울특별시 중구 태평로*가 **-**,CDFG1251001989000032,3010000,,서울특별시 중구 세종대로**길 **  (태평로*가),,03,폐업,,,,,,
,수요출판사,1998-02-09,,,출판인쇄업,출판사,2026-05-03 22:44:41,I,03,폐업,,0,,2003-05-06 11:23:16,,1989-05-10,100-840,서울특별시 중구 신당동 ***-****,CDFG1251001989000034,3010000,,,,03,폐업,,,,,,
,한국미술연감사,1998-11-10,197481.848548378,451269.851755861,출판인쇄업,출판사,2026-05-03 22:44:41,I,03,폐업,,0,,2003-05-06 11:23:16,,1989-05-26,100-120,서울특별시 중구 정동 **-*,CDFG1251001989000037,3010000,,서울특별시 중구 서소문로**길 **  (정동),,03,폐업,,,,,,
,가나원,2001-08-09,,,출판인쇄업,출판사,2026-05-03 22:44:41,I,03,폐업,,0,,2003-05-06 11:23:16,,1989-05-26,100-814,서울특별시 중구 서소문동 **-*,CDFG1251001989000038,3010000,,서울특별시 중구 서소문로 ***-*  (서소문동),,03,폐업,,,,,,
,신세계백화점,2001-04-25,198388.365585519,450963.241815173,출판인쇄업,출판사,2026-05-03 22:44:41,I,03,폐업,,0,,2003-05-06 11:23:16,,1989-05-26,100-011,서울특별시 중구 충무로*가 **-* 대연각빌딩 ***동,CDFG1251001989000039,3010000,,"서울특별시 중구 퇴계로 **, ***동 (충무로*가,대연각빌딩)",,03,폐업,,,,,,
,동서문학사,2005-02-18,200298.383749957,450837.577050271,출판인쇄업,출판사,2026-05-03 22:44:41,I,03,폐업,,,,2005-02-18 15:30:25,,1989-05-26,100-855,서울특별시 중구 장충동*가 ***-*** 파라다이스 구관동 ***호,CDFG1251001989000040,3010000,,"서울특별시 중구 동호로 ***, 구관동 ***호 (장충동*가,파라다이스)",,03,폐업,,,,,,
,도서출판예인,2000-07-31,197298.131577069,451121.178745127,출판인쇄업,출판사,2026-05-03 22:44:41,I,03,폐업,,0,,2003-05-06 11:23:16,,1989-06-02,100-130,서울특별시 중구 순화동 *-**,CDFG1251001989000044,3010000,,서울특별시 중구 서소문로 **  (순화동),,03,폐업,,,,,,
,한국마케팅연구원,1998-06-09,197620.648923884,450919.874344114,출판인쇄업,출판사,2026-05-03 22:44:41,I,03,폐업,,0,,2003-05-06 11:23:16,,1989-06-14,100-094,서울특별시 중구 남대문로*가 **,CDFG1251001989000045,3010000,,서울특별시 중구 세종대로 **  (남대문로*가),,03,폐업,,,,,,
,한,2006-02-21,,,출판인쇄업,출판사,2026-05-03 22:44:41,I,03,폐업,,,,2006-03-13 16:30:48,,1989-06-14,100-865,서울특별시 중구 태평로*가 ***,CDFG1251001989000046,3010000,,,,03,폐업,,,,,,
,월간시계사,2008-03-24,199278.572040059,451068.070427603,출판인쇄업,출판사,2026-05-03 22:44:42,I,03,폐업,,,,2008-03-24 14:22:08,,1989-06-21,100-013,서울특별시 중구 충무로*가 **-* 해봉빌딩 ***동,CDFG1251001989000049,3010000,,"서울특별시 중구 충무로 *-*, ***동 (충무로*가,해봉빌딩)",,03,폐업,,,,,,
,하모니문화사,2009-09-04,199846.150738385,451170.433808127,출판인쇄업,출판사,2026-05-03 22:44:42,I,03,폐업,,0,,2009-09-04 16:22:53,,1989-07-06,100-015,서울특별시 중구 충무로*가 **-*,CDFG1251001989000052,3010000,,서울특별시 중구 퇴계로**길 *  (충무로*가),,03,폐업,,,,,,
,글바우,2001-08-09,,,출판인쇄업,출판사,2026-05-03 22:44:42,I,03,폐업,,0,,2003-05-06 11:23:16,,1989-07-07,100-013,서울특별시 중구 충무로*가 **-*,CDFG1251001989000053,3010000,,,,03,폐업,,,,,,
,해오름,2001-08-09,200510.28666759,451400.561935357,출판인쇄업,출판사,2026-05-03 22:44:42,I,03,폐업,,0,,2003-05-06 11:23:16,,1989-07-07,100-411,서울특별시 중구 광희동*가 ***-*,CDFG1251001989000054,3010000,,서울특별시 중구 을지로**길 **  (광희동*가),,03,폐업,,,,,,
,조명문화사,1996-11-08,199550.506270874,451392.219693582,출판인쇄업,출판사,2026-05-03 22:44:42,I,03,폐업,,0,,2003-05-06 11:23:16,,1989-07-13,100-282,서울특별시 중구 인현동*가 **-*,CDFG1251001989000055,3010000,,서울특별시 중구 마른내로 **  (인현동*가),,03,폐업,,,,,,
,박우사,2002-03-04,199387.835284151,451531.646202737,출판인쇄업,출판사,2026-05-03 22:44:42,I,03,폐업,,0,,2003-05-06 11:23:16,,1989-07-21,100-847,서울특별시 중구 을지로*가 ***,CDFG1251001989000058,3010000,,서울특별시 중구 을지로**길 *-*  (을지로*가),,03,폐업,,,,,,
,동원화인,2001-08-09,200588.959909937,451679.884050444,출판인쇄업,출판사,2026-05-03 22:44:42,I,03,폐업,,0,,2003-05-06 11:23:16,,1989-08-01,100-851,서울특별시 중구 을지로*가 **-** 미진빌딩 ***동,CDFG1251001989000062,3010000,,"서울특별시 중구 을지로**길 **, ***동 (을지로*가,미진빌딩)",,03,폐업,,,,,,
,성신사,2000-02-08,199831.467489032,451296.322784138,출판인쇄업,출판사,2026-05-03 22:44:42,I,03,폐업,,0,,2003-05-06 11:23:16,,1989-08-17,100-290,서울특별시 중구 예관동 **-* 유성빌딩 ***동,CDFG1251001989000065,3010000,,"서울특별시 중구 퇴계로**길 **, ***동 (예관동,유성빌딩)",,03,폐업,,,,,,
,빛들,2000-08-09,198604.849196174,450684.467011547,출판인쇄업,출판사,2026-05-03 22:44:42,I,03,폐업,,0,,2003-05-06 11:23:16,,1989-08-17,100-042,서울특별시 중구 남산동*가 **-*,CDFG1251001989000066,3010000,,서울특별시 중구 소공로*길 **  (남산동*가),,03,폐업,,,,,,
,주의일군사,2001-08-09,199159.358708769,451121.161011502,출판인쇄업,출판사,2026-05-03 22:44:43,I,03,폐업,,0,,2003-05-06 11:23:16,,1989-08-29,100-013,서울특별시 중구 충무로*가 **-* 청림빌딩 ***동,CDFG1251001989000067,3010000,,"서울특별시 중구 퇴계로**길 **, ***동 (충무로*가,청림빌딩)",,03,폐업,,,,,,
,마일드 북,2014-11-12,199914.413946025,451164.770966457,출판인쇄업,출판사,2026-05-03 22:44:43,I,03,폐업,,0,,2014-11-12 11:23:37,,1989-09-08,100-015,서울특별시 중구 충무로*가 **-** 삼오빌딩 ***호,CDFG1251001989000070,3010000,,"서울특별시 중구 퇴계로 *** (충무로*가,삼오빌딩 ***호)",,03,폐업,,,,22647023,,
,극동출판사,2000-08-09,,,출판인쇄업,출판사,2026-05-03 22:44:43,I,03,폐업,,0,,2003-05-06 11:23:16,,1989-10-04,100-210,서울특별시 중구 수하동 **,CDFG1251001989000072,3010000,,,,03,폐업,,,,,,
,제일,1999-01-20,199259.032782872,451458.991092733,출판인쇄업,출판사,2026-05-03 22:44:43,I,03,폐업,,0,,2003-05-06 11:23:16,,1989-10-11,100-846,서울특별시 중구 을지로*가 ***-*,CDFG1251001989000074,3010000,,서울특별시 중구 을지로**길 **-*  (을지로*가),,03,폐업,,,,22729280,,
,하늘나라,2001-08-09,199134.917472391,451720.261991441,출판인쇄업,출판사,2026-05-03 22:44:43,I,03,폐업,,0,,2003-05-06 11:23:16,,1989-10-16,100-854,서울특별시 중구 입정동 ***-* 대성빌딩 ***동,CDFG1251001989000075,3010000,,"서울특별시 중구 을지로**길 **, ***동 (입정동,대성빌딩)",,03,폐업,,,,,,
,자양출판사,2005-04-28,201096.681322159,451715.830447841,출판인쇄업,출판사,2026-05-03 22:44:43,I,03,폐업,,,,2005-04-28 13:54:10,,1989-10-18,100-886,서울특별시 중구 신당동 ***-** 동남빌딩 *층동,CDFG1251001989000077,3010000,,"서울특별시 중구 마장로 **, *층동 (신당동,동남빌딩)",,03,폐업,,,,,,
,정문사,2001-08-09,,,출판인쇄업,출판사,2026-05-03 22:44:43,I,03,폐업,,0,,2003-05-06 11:23:16,,1989-10-30,100-846,서울특별시 중구 을지로*가 **-*,CDFG1251001989000078,3010000,,,,03,폐업,,,,,,
,교회교사출판사,2001-08-09,199041.026996345,451515.55509199,출판인쇄업,출판사,2026-05-03 22:44:43,I,03,폐업,,0,,2003-05-06 11:23:16,,1989-10-30,100-846,서울특별시 중구 을지로*가 ***-*,CDFG1251001989000079,3010000,,서울특별시 중구 수표로 **  (을지로*가),,03,폐업,,,,,,
,경기투자,2000-08-09,198744.433228989,451677.065126229,출판인쇄업,출판사,2026-05-03 22:44:43,I,03,폐업,,0,,2003-05-06 11:23:16,,1989-10-30,100-760,서울특별시 중구 장교동 * 장교빌딩 ****동,CDFG1251001989000080,3010000,,,,03,폐업,,,,,,
,베스트월드,2001-08-09,199096.084382581,451220.610104615,출판인쇄업,출판사,2026-05-03 22:44:43,I,03,폐업,,0,,2003-05-06 11:23:16,,1989-11-08,100-032,서울특별시 중구 저동*가 **-** 영보빌딩 *호동,CDFG1251001989000082,3010000,,"서울특별시 중구 수표로 **-*, *호동 (저동*가,영보빌딩)",,03,폐업,,,,,,
,휴먼스킬,2005-01-13,197036.542728288,450756.028376469,출판인쇄업,출판사,2026-05-03 22:45:17,I,03,폐업,,,,2005-01-15 09:46:00,,1992-10-01,100-858,서울특별시 중구 중림동 ***-* 카톨릭출판 ***동,CDFG1251001992000085,3010000,,,,03,폐업,,,,,,
,시네마,1992-12-31,199393.220446774,450963.954842175,출판인쇄업,출판사,2026-05-03 22:45:17,I,03,폐업,,0,,2003-05-06 11:23:16,,1992-10-07,100-272,서울특별시 중구 필동*가 *-* 대림 *층동,CDFG1251001992000086,3010000,,"서울특별시 중구 퇴계로 ***, *층동 (필동*가,대림)",,03,폐업,,,,,,
,나인기획출판사,1998-02-02,199995.471931689,451090.563649507,출판인쇄업,출판사,2026-05-03 22:45:17,I,03,폐업,,0,,2003-05-06 11:23:16,,1992-10-13,100-380,서울특별시 중구 묵정동 **-*,CDFG1251001992000088,3010000,,서울특별시 중구 퇴계로**길 **-*  (묵정동),,03,폐업,,,,,,
,대로교육,2000-08-09,200219.078239632,451350.33615118,출판인쇄업,출판사,2026-05-03 22:45:17,I,03,폐업,,0,,2003-05-06 11:23:16,,1992-10-16,100-400,서울특별시 중구 쌍림동 ***-* 국제빌딩 ***동,CDFG1251001992000089,3010000,,,,03,폐업,,,,,,
근린생활시설,교보각,2004-01-12,200010.961949965,451109.177749733,출판인쇄업,출판사,2026-05-03 22:45:17,I,03,폐업,,,,2004-03-24 18:03:09,,1992-10-17,100-380,서울특별시 중구 묵정동 **-*,CDFG1251001992000091,3010000,,서울특별시 중구 퇴계로**길 **-*  (묵정동),,03,폐업,,,,22740808,,
,양지원,2001-08-09,199206.914896853,451599.389109094,출판인쇄업,출판사,2026-05-03 22:45:17,I,03,폐업,,0,,2003-05-06 11:23:16,,1992-10-19,100-846,서울특별시 중구 을지로*가 **-*,CDFG1251001992000092,3010000,,서울특별시 중구 을지로**길 *  (을지로*가),,03,폐업,,,,,,
,모세원,2001-08-09,199189.786245108,451121.34232144,출판인쇄업,출판사,2026-05-03 22:45:17,I,03,폐업,,0,,2003-05-06 11:23:16,,1992-10-20,100-013,서울특별시 중구 충무로*가 **-* 한영빌딩 ***동,CDFG1251001992000094,3010000,,"서울특별시 중구 퇴계로**길 **, ***동 (충무로*가,한영빌딩)",,03,폐업,,,,,,
,새싹나라,2001-08-09,200193.3290473,451414.650169934,출판인쇄업,출판사,2026-05-03 22:45:17,I,03,폐업,,0,,2003-05-06 11:23:16,,1992-10-22,100-310,서울특별시 중구 오장동 ***-* *층,CDFG1251001992000095,3010000,,"서울특별시 중구 을지로**길 **  (오장동,*층)",,03,폐업,,,,,,
,하상출판사,2001-03-26,,,출판인쇄업,출판사,2026-05-03 22:45:17,I,03,폐업,,0,,2003-05-06 11:23:16,,1992-10-27,100-809,서울특별시 중구 명동*가 * 카톨릭회관 ***호,CDFG1251001992000097,3010000,,,,03,폐업,,,,,,
,바리데기,1996-03-18,,,출판인쇄업,출판사,2026-05-03 22:45:18,I,03,폐업,,0,,2003-05-06 11:23:16,,1992-11-05,100-861,서울특별시 중구 충무로*가 **-**,CDFG1251001992000098,3010000,,,,03,폐업,,,,,,
,좋은세상,2001-08-09,199810.591813598,451300.59780961,출판인쇄업,출판사,2026-05-03 22:45:18,I,03,폐업,,0,,2003-05-06 11:23:16,,1992-11-05,100-290,서울특별시 중구 예관동 **-** 시사빌딩 ***동,CDFG1251001992000099,3010000,,"서울특별시 중구 창경궁로 **-*, ***동 (예관동,시사빌딩)",,03,폐업,,,,,,
,도서출판예린원,2004-01-05,197553.417234076,450672.904532996,출판인쇄업,출판사,2026-05-03 22:45:18,I,03,폐업,,,,2004-01-06 13:58:32,,1992-11-14,100-800,서울특별시 중구 남대문로*가 *-* 화남빌딩,CDFG1251001992000100,3010000,,"서울특별시 중구 세종대로 **  (남대문로*가,화남빌딩)",,03,폐업,,,,,,
,파피루스,2001-01-22,199170.677028258,451519.369414946,출판인쇄업,출판사,2026-05-03 22:45:18,I,03,폐업,,0,,2003-05-06 11:23:16,,1992-11-21,100-846,서울특별시 중구 을지로*가 ***-** 동화빌딩 ***동,CDFG1251001992000101,3010000,,"서울특별시 중구 을지로**길 *, ***동 (을지로*가,동화빌딩)",,03,폐업,,,,,,
,예그린문고,2014-04-29,197968.205037015,451266.007618073,출판인쇄업,출판사,2026-05-03 22:45:18,I,03,폐업,,0,,2014-04-29 13:01:51,,1992-12-01,100-080,서울특별시 중구 북창동 **-* 문치과 ***동,CDFG1251001992000104,3010000,,"서울특별시 중구 남대문로*길 **, ***동 (북창동,문치과)",,03,폐업,,,,,,
,신한문화사,2000-01-25,199430.521269151,451500.258047782,출판인쇄업,출판사,2026-05-03 22:45:18,I,03,폐업,,0,,2003-05-06 11:23:16,,1992-12-07,100-847,서울특별시 중구 을지로*가 ***-* 우신빌딩 ***동,CDFG1251001992000105,3010000,,"서울특별시 중구 을지로**길 *-**, ***동 (을지로*가,우신빌딩)",,03,폐업,,,,,,
,광민출판,2001-09-24,199209.769531853,451294.057256481,출판인쇄업,출판사,2026-05-03 22:45:18,I,03,폐업,,0,,2003-05-06 11:23:16,,1992-12-07,100-300,서울특별시 중구 초동 ***-* 덕양빌딩 ***동,CDFG1251001992000107,3010000,,"서울특별시 중구 수표로**길 **, ***동 (초동,덕양빌딩)",,03,폐업,,,,,,
,주인,2001-01-11,199542.992306669,451105.21221699,출판인쇄업,출판사,2026-05-03 22:45:18,I,03,폐업,,0,,2003-05-06 11:23:16,,1992-12-28,100-863,서울특별시 중구 충무로*가 ***-* *층,CDFG1251001992000110,3010000,,"서울특별시 중구 충무로*길 **-*  (충무로*가,*층)",,03,폐업,,,,,,
근린생활시설,선경정보인쇄(주),2017-07-19,198128.260047148,451644.7374498,출판인쇄업,출판사,2026-05-03 22:45:18,I,03,폐업,,0,0,2017-07-19 09:31:13,,1992-12-31,100-170,서울특별시 중구 무교동 **-* 영일빌딩***호,CDFG1251001992000111,3010000,,"서울특별시 중구 남대문로*길 ** (무교동,영일빌딩***호)",,03,폐업,,,,,0,0
,참미디어,2004-01-12,197623.289093114,451736.29039288,출판인쇄업,출판사,2026-05-03 22:45:18,I,03,폐업,,,,2004-03-24 18:10:57,,1992-12-31,100-120,서울특별시 중구 정동 *-**,CDFG1251001992000113,3010000,,서울특별시 중구 덕수궁길 ***  (정동),,03,폐업,,,,,,
,도서출판책나라,2005-09-30,199007.511865949,451169.72596514,출판인쇄업,출판사,2026-05-03 22:45:18,I,03,폐업,,,,2005-09-30 11:56:51,,1992-01-07,100-861,서울특별시 중구 충무로*가 **-* 대성빌딩** *동,CDFG1251001992000114,3010000,,"서울특별시 중구 삼일대로*길 *, *동 (충무로*가,대성빌딩**)",,03,폐업,,,,,,
,도서출판새누리,2012-06-29,199599.297361826,451495.520020102,출판인쇄업,출판사,2026-05-03 22:45:18,I,03,폐업,,0,,2012-06-29 12:54:38,,1992-09-05,100-849,서울특별시 중구 을지로*가 ***-* ***호,CDFG1251001992000117,3010000,,"서울특별시 중구 을지로**길 **  (을지로*가,***호)",,03,폐업,,,,02-336-3703,,
근린생활시설,도서출판더불어,2002-03-02,201039.337398323,450218.977052913,출판인쇄업,출판사,2026-05-03 22:45:18,I,03,폐업,,0,0,2003-05-06 11:23:16,,1992-09-07,100-827,서울특별시 중구 신당동 ***-**,CDFG1251001992000119,3010000,,서울특별시 중구 동호로**길 *-**  (신당동),,03,폐업,,,,22530727,0,0
,감골,2000-01-29,,,출판인쇄업,출판사,2026-05-03 22:45:19,I,03,폐업,,0,,2003-05-06 11:23:16,,1992-07-10,100-196,서울특별시 중구 을지로*가 **-** *층,CDFG1251001992000122,3010000,,,,03,폐업,,,,,,
,도서출판하나두나,2013-05-27,199279.173644915,451377.789533632,출판인쇄업,출판사,2026-05-03 22:45:19,I,03,폐업,,0,,2013-05-27 10:50:48,,1992-04-30,100-300,서울특별시 중구 초동 **-*,CDFG1251001992000123,3010000,,,,03,폐업,,,,,,
,민석,2007-07-04,199840.775920594,451243.408041958,출판인쇄업,출판사,2026-05-03 22:45:19,I,03,폐업,,,,2007-07-04 14:42:37,,1992-08-19,100-290,서울특별시 중구 예관동 **-** 충일빌딩 ***호,CDFG1251001992000125,3010000,,"서울특별시 중구 퇴계로**길 **,  ***호 (예관동,충일빌딩)",,03,폐업,,,,,,
,(주)그라피카,2003-09-16,199068.684655215,451014.022130635,출판인쇄업,출판사,2026-05-03 22:45:19,I,03,폐업,,,,2003-09-17 16:59:47,,1993-01-19,100-861,서울특별시 중구 충무로*가 **-** 신민상호 금고동 *층호,CDFG1251001993000003,3010000,,"서울특별시 중구 퇴계로 ***, 금고동 *층호 (충무로*가,신민상호)",,03,폐업,,,,,,
,두람,1997-04-01,199866.453306525,451182.3490614,출판인쇄업,출판사,2026-05-03 22:45:19,I,03,폐업,,0,,2003-05-06 11:23:16,,1993-01-21,100-015,서울특별시 중구 충무로*가 **-** 삼공빌딩 *층동,CDFG1251001993000005,3010000,,"서울특별시 중구 퇴계로**길 **, *층동 (충무로*가,삼공빌딩)",,03,폐업,,,,,,
,한국기행출판사,2001-08-09,199064.746569701,451155.251086533,출판인쇄업,출판사,2026-05-03 22:45:19,I,03,폐업,,0,,2003-05-06 11:23:16,,1993-02-06,100-861,서울특별시 중구 충무로*가 **-* 영광빌딩 ***동,CDFG1251001993000007,3010000,,"서울특별시 중구 수표로 **-*, ***동 (충무로*가,영광빌딩)",,03,폐업,,,,,,
,인돌,2007-10-26,199314.197658416,451382.269126877,출판인쇄업,출판사,2026-05-03 22:45:19,I,03,폐업,,,,2007-10-26 22:03:04,,1993-02-09,100-300,서울특별시 중구 초동 **-** 삼훈빌딩 ***동,CDFG1251001993000008,3010000,,"서울특별시 중구 충무로 **, ***동 (초동,삼훈빌딩)",,03,폐업,,,,,,
,포지션,2005-02-07,198991.480652031,451591.912071216,출판인쇄업,출판사,2026-05-03 22:45:19,I,03,폐업,,,,2005-02-07 11:33:01,,1993-02-10,100-845,서울특별시 중구 을지로*가 ***-* 판코리아 ***동,CDFG1251001993000009,3010000,,,,03,폐업,,,,,,
,대동,2001-10-25,,,출판인쇄업,출판사,2026-05-03 22:45:19,I,03,폐업,,0,,2003-05-06 11:23:16,,1993-02-10,100-845,서울특별시 중구 을지로*가 ***-* 유니온 ***동,CDFG1251001993000010,3010000,,,,03,폐업,,,,,,
,산동회계법인,1998-02-20,197867.156641113,451779.880897566,출판인쇄업,출판사,2026-05-03 22:45:20,I,03,폐업,,0,,2003-05-06 11:23:16,,1993-02-11,100-101,서울특별시 중구 태평로*가 **-*,CDFG1251001993000012,3010000,,서울특별시 중구 세종대로 ***  (태평로*가),,03,폐업,,,,34422345,,
,한국애드프린(주),2020-12-28,199236.565584504,451305.387227211,출판인쇄업,출판사,2026-05-03 22:45:20,I,03,폐업,,,,2020-12-29 09:27:50,,1993-02-19,100-300,서울특별시 중구 초동 **,CDFG1251001993000013,3010000,,서울특별시 중구 수표로**길 **  (초동),,03,폐업,,,,,,
,(주)건설공업신문,2001-08-09,198022.935216607,451668.244370462,출판인쇄업,출판사,2026-05-03 22:45:20,I,03,폐업,,0,,2003-05-06 11:23:16,,1993-02-20,100-101,서울특별시 중구 태평로*가 **-**,CDFG1251001993000014,3010000,,서울특별시 중구 세종대로**길 **  (태평로*가),,03,폐업,,,,,,
,글새암,1999-04-22,199040.267069982,451521.300802736,출판인쇄업,출판사,2026-05-03 22:45:20,I,03,폐업,,0,0,2003-05-06 11:23:16,,1993-02-27,100-846,서울특별시 중구 을지로*가 ***-*,CDFG1251001993000016,3010000,,서울특별시 중구 수표로 **-*  (을지로*가),,03,폐업,,,,,0,0
,한백출판문화사,2000-08-09,201143.417111499,450593.662627536,출판인쇄업,출판사,2026-05-03 22:45:20,I,03,폐업,,0,,2003-05-06 11:23:16,,1993-02-27,100-826,서울특별시 중구 신당동 ***-** 동산빌딩 ***동,CDFG1251001993000017,3010000,,"서울특별시 중구 다산로**길 **, ***동 (신당동,동산빌딩)",,03,폐업,,,,,,
,경기문화사,2001-08-09,199359.931265438,451068.41491924,출판인쇄업,출판사,2026-05-03 22:45:20,I,03,폐업,,0,,2003-05-06 11:23:16,,1993-03-04,100-867,서울특별시 중구 필동*가 **-* *층,CDFG1251001993000019,3010000,,"서울특별시 중구 퇴계로**길 **  (필동*가,*층)",,03,폐업,,,,,,
,(주)한밭페이퍼,2001-08-09,199382.503213245,451508.557819931,출판인쇄업,출판사,2026-05-03 22:45:20,I,03,폐업,,0,,2003-05-06 11:23:16,,1993-03-09,100-300,서울특별시 중구 초동 *-* 한도빌딩 ***동,CDFG1251001993000022,3010000,,"서울특별시 중구 을지로**길 *, ***동 (초동,한도빌딩)",,03,폐업,,,,,,
,후세,2001-08-09,199423.280334655,451373.54790283,출판인쇄업,출판사,2026-05-03 22:45:20,I,03,폐업,,0,,2003-05-06 11:23:16,,1993-03-09,100-281,서울특별시 중구 인현동*가 **-* 조성빌딩 *층동,CDFG1251001993000023,3010000,,"서울특별시 중구 을지로**길 **, *층동 (인현동*가,조성빌딩)",,03,폐업,,,,,,
,포시즌,2000-08-09,199275.808606237,450799.144180213,출판인쇄업,출판사,2026-05-03 22:45:20,I,03,폐업,,0,,2003-05-06 11:23:16,,1993-03-11,100-250,서울특별시 중구 예장동 *-** 예봉빌딩 *층동,CDFG1251001993000026,3010000,,"서울특별시 중구 퇴계로**길 **, *층동 (예장동,예봉빌딩)",,03,폐업,,,,,,
,광장커뮤니케이션,2000-08-09,201336.225851572,451496.960803881,출판인쇄업,출판사,2026-05-03 22:45:20,I,03,폐업,,0,,2003-05-06 11:23:16,,1993-03-17,100-880,서울특별시 중구 흥인동 *** 대양빌딩 *층동,CDFG1251001993000027,3010000,,"서울특별시 중구 다산로 ***-*, *층동 (흥인동,대양빌딩)",,03,폐업,,,,,,
,대영,2001-04-02,,,출판인쇄업,출판사,2026-05-03 22:45:20,I,03,폐업,,0,,2003-05-06 11:23:16,,1993-03-19,100-210,서울특별시 중구 수하동 **,CDFG1251001993000028,3010000,,,,03,폐업,,,,,,
,터밭,2006-05-04,199315.590898473,451545.977670316,출판인쇄업,출판사,2026-05-03 22:45:20,I,03,폐업,,,,2006-05-04 15:58:41,,1993-03-23,100-847,서울특별시 중구 을지로*가 ***-** 덕흥빌딩 ***동,CDFG1251001993000029,3010000,,"서울특별시 중구 을지로 ***, ***동 (을지로*가,덕흥빌딩)",,03,폐업,,,,,,
,심향,2000-08-14,199516.114029899,451473.705249863,출판인쇄업,출판사,2026-05-03 22:45:20,I,03,폐업,,0,,2003-05-06 11:23:16,,1993-03-25,100-281,서울특별시 중구 인현동*가 **-** 화원빌딩 ***동,CDFG1251001993000031,3010000,,"서울특별시 중구 을지로**길 **, ***동 (인현동*가,화원빌딩)",,03,폐업,,,,,,
,일국,2008-04-16,199533.588293517,451186.417433147,출판인쇄업,출판사,2026-05-03 22:45:20,I,03,폐업,,,,2008-04-16 17:54:59,,1993-03-31,100-282,서울특별시 중구 인현동*가 ***-** 무림빌딩 *층동,CDFG1251001993000033,3010000,,"서울특별시 중구 퇴계로**길 **, *층동 (인현동*가,무림빌딩)",,03,폐업,,,,,,
,희승,2001-08-09,,,출판인쇄업,출판사,2026-05-03 22:45:20,I,03,폐업,,0,,2003-05-06 11:23:16,,1993-04-02,100-281,서울특별시 중구 인현동*가 ***-* 청호빌딩 ***동,CDFG1251001993000034,3010000,,,,03,폐업,,,,,,
,팔마기획,2001-08-09,199363.129622048,451008.456459696,출판인쇄업,출판사,2026-05-03 22:45:20,I,03,폐업,,0,,2003-05-06 11:23:16,,1993-04-03,100-867,서울특별시 중구 필동*가 **-** 하니맨션 ***동,CDFG1251001993000035,3010000,,"서울특별시 중구 퇴계로 ***, ***동 (필동*가,하니맨션)",,03,폐업,,,,,,
,마리나기획,2001-08-09,200674.136246652,450572.4243827,출판인쇄업,출판사,2026-05-03 22:45:21,I,03,폐업,,0,,2003-05-06 11:23:16,,1993-04-12,100-838,서울특별시 중구 신당동 ***-* 원성빌딩 *층동,CDFG1251001993000039,3010000,,"서울특별시 중구 동호로**길 **, *층동 (신당동,원성빌딩)",,03,폐업,,,,,,
,생명의떡집,2001-08-09,199430.521269151,451500.258047782,출판인쇄업,출판사,2026-05-03 22:45:21,I,03,폐업,,0,,2003-05-06 11:23:16,,1993-04-13,100-847,서울특별시 중구 을지로*가 ***-* 우신빌딩 ***동,CDFG1251001993000042,3010000,,"서울특별시 중구 을지로**길 *-**, ***동 (을지로*가,우신빌딩)",,03,폐업,,,,,,
,(주)세진기획,2007-04-03,200204.18566084,450992.48880821,출판인쇄업,출판사,2026-05-03 22:45:21,I,03,폐업,,,,2007-04-03 14:30:24,,1993-04-14,100-855,서울특별시 중구 장충동*가 ***-*** *층,CDFG1251001993000044,3010000,,"서울특별시 중구 동호로 ***  (장충동*가,*층)",,03,폐업,,,,,,
,다산문화,2001-04-07,,,출판인쇄업,출판사,2026-05-03 22:45:21,I,03,폐업,,0,,2003-05-06 11:23:16,,1993-04-26,100-400,서울특별시 중구 쌍림동 ***-** *층,CDFG1251001993000049,3010000,,,,03,폐업,,,,,,
,예본출판사,2001-01-26,199471.269284407,451041.0342788,출판인쇄업,출판사,2026-05-03 22:45:21,I,03,폐업,,0,,2003-05-06 11:23:16,,1993-04-28,100-862,서울특별시 중구 충무로*가 ***-* *층,CDFG1251001993000052,3010000,,"서울특별시 중구 퇴계로 ***  (충무로*가,*층)",,03,폐업,,,,,,
,달란트,1996-04-29,200007.564073707,451337.827291888,출판인쇄업,출판사,2026-05-03 22:45:21,I,03,폐업,,0,,2003-05-06 11:23:16,,1993-05-11,100-310,서울특별시 중구 오장동 ***-*,CDFG1251001993000054,3010000,,서울특별시 중구 마른내로 ***  (오장동),,03,폐업,,,,,,
,일송출판사,2001-08-09,,,출판인쇄업,출판사,2026-05-03 22:45:21,I,03,폐업,,0,,2003-05-06 11:23:16,,1993-05-11,100-200,서울특별시 중구 삼각동 **-* 금봉빌딩 ***동,CDFG1251001993000056,3010000,,,,03,폐업,,,,,,
,국일미디어,2001-08-09,199243.719707907,451518.197727854,출판인쇄업,출판사,2026-05-03 22:45:21,I,03,폐업,,0,,2003-05-06 11:23:16,,1993-05-12,100-846,서울특별시 중구 을지로*가 ***-* 성진빌딩 ***동,CDFG1251001993000059,3010000,,,,03,폐업,,,,,,
,용수출판,2000-02-25,198022.935216607,451668.244370462,출판인쇄업,출판사,2026-05-03 22:45:21,I,03,폐업,,0,,2003-05-06 11:23:16,,1993-05-12,100-101,서울특별시 중구 태평로*가 **-** 건설회관 ***동,CDFG1251001993000060,3010000,,"서울특별시 중구 세종대로**길 **, ***동 (태평로*가,건설회관)",,03,폐업,,,,,,
,다은,2000-02-14,199204.779501683,450922.629545851,출판인쇄업,출판사,2026-05-03 22:45:21,I,03,폐업,,0,,2003-05-06 11:23:16,,1993-05-24,100-866,서울특별시 중구 필동*가 **-* *층,CDFG1251001993000061,3010000,,"서울특별시 중구 퇴계로 ***-*  (필동*가,*층)",,03,폐업,,,,,,
,민선주,2001-08-09,201193.490805612,451494.679302364,출판인쇄업,출판사,2026-05-03 22:45:21,I,03,폐업,,0,,2003-05-06 11:23:16,,1993-05-24,100-880,서울특별시 중구 흥인동 *** 흥인빌딩 ***동,CDFG1251001993000062,3010000,,"서울특별시 중구 퇴계로**길 **, ***동 (흥인동,흥인빌딩)",,03,폐업,,,,,,
,감람원,2005-02-02,199443.460848955,451305.750686779,출판인쇄업,출판사,2026-05-03 22:45:21,I,03,폐업,,,,2005-02-02 15:07:55,,1993-05-25,100-281,서울특별시 중구 인현동*가 **-** 구그린탕 *층동,CDFG1251001993000064,3010000,,,,03,폐업,,,,,,
,실천시대,2001-08-09,199389.257171219,451326.825886905,출판인쇄업,출판사,2026-05-03 22:45:22,I,03,폐업,,0,,2003-05-06 11:23:16,,1993-05-27,100-281,서울특별시 중구 인현동*가 **-* 강인빌딩 ***동,CDFG1251001993000065,3010000,,"서울특별시 중구 마른내로 **-*, ***동 (인현동*가,강인빌딩)",,03,폐업,,,,,,
,한국라이센스,2001-03-29,197365.094626051,451701.65750808,출판인쇄업,출판사,2026-05-03 22:45:22,I,03,폐업,,0,,2003-05-06 11:23:16,,1993-05-27,100-784,서울특별시 중구 정동 **-* 정동빌딩 ****동,CDFG1251001993000066,3010000,,"서울특별시 중구 정동길 **-**, ****동 (정동,정동빌딩)",,03,폐업,,,,,,
,우평,2011-11-29,199397.929192719,451527.53625738,출판인쇄업,출판사,2026-05-03 22:45:22,I,03,폐업,,0,,2011-11-29 16:13:05,,1993-05-27,100-847,서울특별시 중구 을지로*가 *** 유일빌딩 ***동,CDFG1251001993000067,3010000,,"서울특별시 중구 을지로**길 *-*, ***동 (을지로*가,유일빌딩)",,03,폐업,,,,,,
,세진기획,2001-08-09,199871.992879938,451216.500151445,출판인쇄업,출판사,2026-05-03 22:45:22,I,03,폐업,,0,,2003-05-06 11:23:16,,1993-06-02,100-015,서울특별시 중구 충무로*가 **-* 일호빌딩 ***동,CDFG1251001993000068,3010000,,"서울특별시 중구 퇴계로**길 **, ***동 (충무로*가,일호빌딩)",,03,폐업,,,,,,
,D.I.R.I,2001-08-09,,,출판인쇄업,출판사,2026-05-03 22:45:22,I,03,폐업,,0,,2003-05-06 11:23:16,,1993-06-03,100-180,서울특별시 중구 다동 *** 종원빌딩 ***동,CDFG1251001993000069,3010000,,,,03,폐업,,,,,,
,불국토,2000-01-31,199995.471931689,451090.563649507,출판인쇄업,출판사,2026-05-03 22:45:22,I,03,폐업,,0,,2003-05-06 11:23:16,,1993-06-05,100-380,서울특별시 중구 묵정동 **-* 명성빌딩 ***동,CDFG1251001993000073,3010000,,"서울특별시 중구 퇴계로**길 **-*, ***동 (묵정동,명성빌딩)",,03,폐업,,,,,,
,도서출판대종,1997-09-08,200106.974259769,451524.136747165,출판인쇄업,출판사,2026-05-03 22:45:22,I,03,폐업,,0,,2003-05-06 11:23:16,,1993-06-11,100-195,서울특별시 중구 을지로*가 ***-*,CDFG1251001993000074,3010000,,서울특별시 중구 동호로 ***  (을지로*가),,03,폐업,,,,,,
근린생활시설,정기획,1999-04-30,201143.417111499,450593.662627536,출판인쇄업,출판사,2026-05-03 22:45:22,I,03,폐업,,0,0,2003-05-06 11:23:16,,1993-06-11,100-826,서울특별시 중구 신당동 ***-** 동산빌딩 ***동,CDFG1251001993000075,3010000,,"서울특별시 중구 다산로**길 **, ***동 (신당동,동산빌딩)",,03,폐업,,,,,0,0
,태융당,2001-08-09,199419.643695968,451319.55169995,출판인쇄업,출판사,2026-05-03 22:45:22,I,03,폐업,,0,,2003-05-06 11:23:16,,1993-06-15,100-281,서울특별시 중구 인현동*가 **-** 명보빌딩 ***동,CDFG1251001993000076,3010000,,"서울특별시 중구 마른내로 **, ***동 (인현동*가,명보빌딩)",,03,폐업,,,,,,
,책과함께,2017-06-02,199101.132483391,451111.22018454,출판인쇄업,출판사,2026-05-03 22:45:22,I,03,폐업,,0,,2017-06-02 16:22:37,,1993-06-19,100-013,서울특별시 중구 충무로*가 **-** 영한빌딩 ****동,CDFG1251001993000078,3010000,,"서울특별시 중구 수표로 **, ****동 (충무로*가,영한빌딩)",,03,폐업,,,,,,
,대영기획,2001-08-09,200548.038848161,451497.626572161,출판인쇄업,출판사,2026-05-03 22:45:22,I,03,폐업,,0,,2003-05-06 11:23:16,,1993-06-19,100-196,서울특별시 중구 을지로*가 **-** 금용빌딩 ***동,CDFG1251001993000079,3010000,,"서울특별시 중구 을지로 ***, ***동 (을지로*가,금용빌딩)",,03,폐업,,,,,,
,부루나,2007-08-06,199995.471931689,451090.563649507,출판인쇄업,출판사,2026-05-03 22:45:22,I,03,폐업,,,,2007-08-15 17:03:46,,1993-06-19,100-380,서울특별시 중구 묵정동 **-* 명성빌딩 ***동,CDFG1251001993000080,3010000,,"서울특별시 중구 퇴계로**길 **-*, ***동 (묵정동,명성빌딩)",,03,폐업,,,,,,
,북코아,2001-08-09,200721.553140234,450429.736770424,출판인쇄업,출판사,2026-05-03 22:45:22,I,03,폐업,,0,,2003-05-06 11:23:16,,1993-06-29,100-828,서울특별시 중구 신당동 ***-* 금성빌딩 A동 ***호,CDFG1251001993000082,3010000,,,,03,폐업,,,,,,
,씨네북,2000-02-01,199533.69827292,450617.508730255,출판인쇄업,출판사,2026-05-03 22:45:22,I,03,폐업,,0,,2003-05-06 11:23:16,,1993-06-29,100-272,서울특별시 중구 필동*가 ***-* *층,CDFG1251001993000083,3010000,,,,03,폐업,,,,,,
,오르,2001-10-04,199397.147619054,451545.552347045,출판인쇄업,출판사,2026-05-03 22:45:22,I,03,폐업,,0,,2003-05-06 11:23:16,,1993-06-29,100-847,서울특별시 중구 을지로*가 ***-* *층,CDFG1251001993000084,3010000,,"서울특별시 중구 을지로 ***  (을지로*가,*층)",,03,폐업,,,,,,
,도서출판진도서원,1997-08-08,199383.669651112,451291.606965427,출판인쇄업,출판사,2026-05-03 22:45:23,I,03,폐업,,0,,2003-05-06 11:23:16,,1993-07-08,100-281,서울특별시 중구 인현동*가 ***-*,CDFG1251001993000088,3010000,,서울특별시 중구 마른내로*길 **  (인현동*가),,03,폐업,,,,,,
,재진,2020-07-22,199531.046802555,451198.957550552,출판인쇄업,출판사,2026-05-03 22:45:23,I,03,폐업,,0,,2025-07-24 09:23:25,,1993-07-12,100-282,서울특별시 중구 인현동*가 ***-* 상오빌딩 ***동,CDFG1251001993000090,3010000,,"서울특별시 중구 퇴계로**길 **, ***동 (인현동*가,상오빌딩)",,03,폐업,,,,,,
,공해대책사,2002-03-04,197489.820082993,451531.255928052,출판인쇄업,출판사,2026-05-03 22:45:23,I,03,폐업,,0,,2003-05-06 11:23:16,,1993-07-19,100-120,서울특별시 중구 정동 **-* 풍전빌딩 ***동,CDFG1251001993000095,3010000,,"서울특별시 중구 정동길 **, ***동 (정동,풍전빌딩)",,03,폐업,,,,,,
,병들의사랑방,2000-08-09,,,출판인쇄업,출판사,2026-05-03 22:45:23,I,03,폐업,,0,,2003-05-06 11:23:16,,1993-07-19,100-031,서울특별시 중구 저동*가 ** 중앙빌딩 ***동,CDFG1251001993000096,3010000,,"서울특별시 중구 삼일대로 ***, ***동 (저동*가,중앙빌딩)",,03,폐업,,,,,,
,교서당,2001-07-03,,,출판인쇄업,출판사,2026-05-03 22:45:23,I,03,폐업,,0,,2003-05-06 11:23:16,,1993-07-24,100-859,서울특별시 중구 중림동 ***-* *층,CDFG1251001993000099,3010000,,,,03,폐업,,,,,,
,도서출판 시선,2013-04-03,199672.111238438,451159.54689876,출판인쇄업,출판사,2026-05-03 22:45:23,I,03,폐업,,,,2013-04-03 17:28:07,,1993-07-24,100-014,서울특별시 중구 충무로*가 **-* ***호,CDFG1251001993000100,3010000,,"서울특별시 중구 창경궁로*길 **,  ***호 (충무로*가)",,03,폐업,,,,02-2272-1235,,
,개벽,2001-08-09,201518.354245777,451300.137809207,출판인쇄업,출판사,2026-05-03 22:45:25,I,03,폐업,,0,,2003-05-06 11:23:16,,1993-08-09,100-819,서울특별시 중구 신당동 ***-* 원풍빌딩 ***동,CDFG1251001993000103,3010000,,"서울특별시 중구 퇴계로**길 **, ***동 (신당동,원풍빌딩)",,03,폐업,,,,,,
,도서출판현진사,2025-08-11,199465.774349086,451200.190749197,출판인쇄업,출판사,2026-05-03 22:45:25,I,03,폐업,,,,2025-08-13 15:06:16,,1993-08-10,,서울특별시 중구 인현동*가 ***-*,CDFG1251001993000104,3010000,,"서울특별시 중구 퇴계로**가길 **, *층 (인현동*가)",04556,03,폐업,,,,02-2268-8613,,
,한국대학교욱기획,2000-08-09,197676.735448276,450271.308724138,출판인쇄업,출판사,2026-05-03 22:45:25,I,03,폐업,,0,,2003-05-06 11:23:16,,1993-08-17,100-803,서울특별시 중구 남대문로*가 *** 초원빌딩 *층동,CDFG1251001993000105,3010000,,,,03,폐업,,,,,,
,김한기획,2001-08-09,197489.820082993,451531.255928052,출판인쇄업,출판사,2026-05-03 22:45:26,I,03,폐업,,0,,2003-05-06 11:23:16,,1993-08-27,100-120,서울특별시 중구 정동 **-* 풍전빌딩 ***동,CDFG1251001993000107,3010000,,"서울특별시 중구 정동길 **, ***동 (정동,풍전빌딩)",,03,폐업,,,,,,
,삼문,2001-08-09,,,출판인쇄업,출판사,2026-05-03 22:45:27,I,03,폐업,,0,,2003-05-06 11:23:16,,1993-09-10,100-411,서울특별시 중구 광희동*가 ***-***,CDFG1251001993000111,3010000,,,,03,폐업,,,,,,
,고려컴,1998-08-28,199867.937256754,451624.546965781,출판인쇄업,출판사,2026-05-03 22:45:27,I,03,폐업,,0,,2003-05-06 11:23:16,,1993-09-10,100-848,서울특별시 중구 을지로*가 ***,CDFG1251001993000112,3010000,,서울특별시 중구 을지로 ***  (을지로*가),,03,폐업,,,,,,
,애드포인트,2001-08-09,199159.933187356,450864.449621814,출판인쇄업,출판사,2026-05-03 22:45:27,I,03,폐업,,0,,2003-05-06 11:23:16,,1993-09-17,100-250,서울특별시 중구 예장동 *-** 종화빌딩 ***동,CDFG1251001993000113,3010000,,"서울특별시 중구 삼일대로*길 **, ***동 (예장동,종화빌딩)",,03,폐업,,,,,,
,소리,1998-02-16,200548.038848161,451497.626572161,출판인쇄업,출판사,2026-05-03 22:45:27,I,03,폐업,,0,,2003-05-06 11:23:16,,1993-09-18,100-196,서울특별시 중구 을지로*가 **-**,CDFG1251001993000115,3010000,,서울특별시 중구 을지로 ***  (을지로*가),,03,폐업,,,,,,
,다다기획,2001-08-09,199471.269284407,451041.0342788,출판인쇄업,출판사,2026-05-03 22:45:27,I,03,폐업,,0,,2003-05-06 11:23:16,,1993-09-21,100-862,서울특별시 중구 충무로*가 ***-* *층,CDFG1251001993000117,3010000,,"서울특별시 중구 퇴계로 ***  (충무로*가,*층)",,03,폐업,,,,,,
근린생활시설,삼원정보미디어(주),1999-04-09,199616.863579167,451290.679771363,출판인쇄업,출판사,2026-05-03 22:45:28,I,03,폐업,,0,0,2003-05-06 11:23:16,,1993-09-27,100-282,서울특별시 중구 인현동*가 ***-** 유일빌딩 *층동,CDFG1251001993000118,3010000,,,,03,폐업,,,,,0,0
,솟대기획,1999-02-01,,,출판인쇄업,출판사,2026-05-03 22:45:28,I,03,폐업,,0,,2003-05-06 11:23:16,,1993-10-06,100-272,서울특별시 중구 필동*가 ***-*,CDFG1251001993000121,3010000,,,,03,폐업,,,,,,
,북한문제연구소,1999-01-04,199039.325257607,450952.020564408,출판인쇄업,출판사,2026-05-03 22:45:28,I,03,폐업,,0,,2003-05-06 11:23:16,,1993-10-06,100-240,서울특별시 중구 주자동 **-* 내외빌딩 ***동,CDFG1251001993000122,3010000,,"서울특별시 중구 퇴계로 ***-*, ***동 (주자동,내외빌딩)",,03,폐업,,,,22670439,,
,아름,1998-01-13,199610.699165036,450983.597020359,출판인쇄업,출판사,2026-05-03 22:45:28,I,03,폐업,,0,,2003-05-06 11:23:16,,1993-10-12,100-272,서울특별시 중구 필동*가 **-*,CDFG1251001993000124,3010000,,서울특별시 중구 퇴계로 ***-*  (필동*가),,03,폐업,,,,,,
,평화아카데미,1998-06-01,198901.465405306,451325.006079008,출판인쇄업,출판사,2026-05-03 22:45:28,I,03,폐업,,0,,2003-05-06 11:23:16,,1993-10-19,100-031,서울특별시 중구 저동*가 *-*,CDFG1251001993000127,3010000,,서울특별시 중구 삼일대로 ***  (저동*가),,03,폐업,,,,,,
,태성,2001-06-26,199559.81287492,451275.242508566,출판인쇄업,출판사,2026-05-03 22:45:29,I,03,폐업,,0,,2003-05-06 11:23:16,,1993-10-19,100-282,서울특별시 중구 인현동*가 ***-** 신성상가 ***동,CDFG1251001993000128,3010000,,"서울특별시 중구 마른내로 **, ***동 (인현동*가,신성상가)",,03,폐업,,,,,,
,서경사,2012-12-10,199408.704733636,450968.796572417,출판인쇄업,출판사,2026-05-03 22:45:29,I,03,폐업,,0,,2012-12-10 16:18:50,,1993-10-21,100-272,서울특별시 중구 필동*가 *-* 흥도빌딩 ***호,CDFG1251001993000129,3010000,,,,03,폐업,,,,22771002,,
,엠싸와이,2001-08-09,199539.156770894,450725.899914959,출판인쇄업,출판사,2026-05-03 22:45:29,I,03,폐업,,0,,2003-05-06 11:23:16,,1993-11-02,100-272,서울특별시 중구 필동*가 ***-** 적산빌딩 *층동,CDFG1251001993000130,3010000,,"서울특별시 중구 필동로 **, *층동 (필동*가,적산빌딩)",,03,폐업,,,,,,
,원탑문화,2001-08-09,198928.143651142,451595.852417051,출판인쇄업,출판사,2026-05-03 22:45:02,I,03,폐업,,0,,2003-05-06 11:23:16,,1991-05-14,100-845,서울특별시 중구 을지로*가 ***-** 을지로빌딩 ***동,CDFG1251001991000036,3010000,,"서울특별시 중구 삼일대로**길 **, ***동 (을지로*가,을지로빌딩)",,03,폐업,,,,,,
,돈암학술연구회,2013-12-30,197893.809216764,451189.608611678,출판인쇄업,출판사,2026-05-03 22:45:02,I,03,폐업,,0,,2013-12-30 17:03:22,,1991-05-16,100-864,서울특별시 중구 태평로*가 **-* 대영빌딩 *층동,CDFG1251001991000038,3010000,,"서울특별시 중구 세종대로 **-*, *층동 (태평로*가,대영빌딩)",,03,폐업,,,,,,
,금융문화사,1999-03-09,,,출판인쇄업,출판사,2026-05-03 22:45:02,I,03,폐업,,0,0,2003-05-06 11:23:16,,1991-05-20,100-210,서울특별시 중구 수하동 **-*,CDFG1251001991000039,3010000,,,,03,폐업,,,,,0,0
,도서출판성수,1999-03-29,199873.561333862,451582.088048767,출판인쇄업,출판사,2026-05-03 22:45:02,I,03,폐업,,0,0,2003-05-06 11:23:16,,1991-05-20,100-848,서울특별시 중구 을지로*가 ***-*,CDFG1251001991000040,3010000,,서울특별시 중구 을지로 ***  (을지로*가),,03,폐업,,,,,0,0
,큰길,1998-09-02,200761.329789349,451162.341075151,출판인쇄업,출판사,2026-05-03 22:45:02,I,03,폐업,,0,,2003-05-06 11:23:16,,1991-05-24,100-391,서울특별시 중구 장충동*가 **-**,CDFG1251001991000041,3010000,,서울특별시 중구 장충단로*나길 **  (장충동*가),,03,폐업,,,,,,
,제일뮤지카,2000-08-09,198989.394558244,451675.09180947,출판인쇄업,출판사,2026-05-03 22:45:02,I,03,폐업,,0,,2003-05-06 11:23:16,,1991-05-25,100-230,서울특별시 중구 수표동 **-* 천수빌딩,CDFG1251001991000042,3010000,,"서울특별시 중구 수표로 **  (수표동,천수빌딩)",,03,폐업,,,,,,
,다래,2017-06-13,199007.511865949,451169.72596514,출판인쇄업,출판사,2026-05-03 22:45:02,I,03,폐업,,0,,2017-06-13 11:18:03,,1991-06-03,100-861,서울특별시 중구 충무로*가 **-* 대성빌딩 ***동,CDFG1251001991000045,3010000,,"서울특별시 중구 삼일대로*길 *, ***동 (충무로*가,대성빌딩)",,03,폐업,,,,,,
,명진기획,2001-08-09,199430.521269151,451500.258047782,출판인쇄업,출판사,2026-05-03 22:45:02,I,03,폐업,,0,,2003-05-06 11:23:16,,1991-06-10,100-847,서울특별시 중구 을지로*가 ***-*,CDFG1251001991000048,3010000,,서울특별시 중구 을지로**길 *-**  (을지로*가),,03,폐업,,,,,,
,로고스시스템,1999-11-27,,,출판인쇄업,출판사,2026-05-03 22:45:02,I,03,폐업,,0,,2003-05-06 11:23:16,,1991-06-18,100-210,서울특별시 중구 수하동 **-* 덕창빌딩 *층동,CDFG1251001991000050,3010000,,,,03,폐업,,,,,,
,칠보,2001-08-09,199199.380652489,450953.812479101,출판인쇄업,출판사,2026-05-03 22:45:03,I,03,폐업,,0,,2003-05-06 11:23:16,,1991-06-24,100-866,서울특별시 중구 필동*가 **-** 일신빌딩 ***동,CDFG1251001991000052,3010000,,"서울특별시 중구 퇴계로 ***, ***동 (필동*가,일신빌딩)",,03,폐업,,,,,,
,장인정신,2000-08-09,201744.608195905,451382.627215663,출판인쇄업,출판사,2026-05-03 22:45:03,I,03,폐업,,0,,2003-05-06 11:23:16,,1991-07-08,100-819,서울특별시 중구 신당동 ***-* 정문빌딩,CDFG1251001991000057,3010000,,"서울특별시 중구 퇴계로**길 **-*  (신당동,정문빌딩)",,03,폐업,,,,,,
,내외프랜,2001-08-09,199024.954128898,450930.705094537,출판인쇄업,출판사,2026-05-03 22:45:03,I,03,폐업,,0,,2003-05-06 11:23:16,,1991-07-18,100-240,서울특별시 중구 주자동 **-* 대도빌딩 지하동,CDFG1251001991000058,3010000,,"서울특별시 중구 삼일대로*길 **, 지하동 (주자동,대도빌딩)",,03,폐업,,,,,,
,아하,2004-04-19,199359.065499507,451058.606986195,출판인쇄업,출판사,2026-05-03 22:45:03,I,03,폐업,,,,2004-04-19 15:13:16,,1991-07-20,100-867,서울특별시 중구 필동*가 **-* 샘빌딩 ***동,CDFG1251001991000059,3010000,,,,03,폐업,,,,,,
,모딤,2001-08-09,,,출판인쇄업,출판사,2026-05-03 22:45:03,I,03,폐업,,0,,2003-05-06 11:23:16,,1991-07-27,100-855,서울특별시 중구 장충동*가 ***-** 장충빌딩 ***동,CDFG1251001991000061,3010000,,,,03,폐업,,,,,,
,태종기획,1998-07-30,199144.232344128,451225.7676101,출판인쇄업,출판사,2026-05-03 22:45:03,I,03,폐업,,0,,2003-05-06 11:23:16,,1991-07-27,100-032,서울특별시 중구 저동*가 **-**,CDFG1251001991000062,3010000,,서울특별시 중구 수표로 **-**  (저동*가),,03,폐업,,,,,,
,마인즈,2001-08-09,199333.526365756,451192.161641056,출판인쇄업,출판사,2026-05-03 22:45:03,I,03,폐업,,0,,2003-05-06 11:23:16,,1991-07-27,100-013,서울특별시 중구 충무로*가 **-* 대한빌딩 ***동,CDFG1251001991000063,3010000,,"서울특별시 중구 충무로 **-*, ***동 (충무로*가,대한빌딩)",,03,폐업,,,,,,
,정문기획,2004-01-12,197555.296705092,451220.38493325,출판인쇄업,출판사,2026-05-03 22:45:03,I,03,폐업,,,,2004-01-13 13:18:54,,1991-08-07,100-813,서울특별시 중구 서소문동 **-* 한성빌딩 ***동,CDFG1251001991000065,3010000,,"서울특별시 중구 서소문로**길 *, ***동 (서소문동,한성빌딩)",,03,폐업,,,,,,
,주성,1998-09-14,199475.167711782,450468.661969666,출판인쇄업,출판사,2026-05-03 22:45:03,I,03,폐업,,0,,2003-05-06 11:23:16,,1991-08-19,100-272,서울특별시 중구 필동*가 ***-**,CDFG1251001991000070,3010000,,서울특별시 중구 퇴계로**가길 **-*  (필동*가),,03,폐업,,,,,,
,자농,1997-07-03,199240.782802808,451496.078387552,출판인쇄업,출판사,2026-05-03 22:45:03,I,03,폐업,,0,,2003-05-06 11:23:16,,1991-09-04,100-846,서울특별시 중구 을지로*가 ***-** 명소빌딩 ***동,CDFG1251001991000075,3010000,,"서울특별시 중구 을지로**길 **, ***동 (을지로*가,명소빌딩)",,03,폐업,,,,,,
,현대경영문화사,2001-08-09,199115.162515675,451501.106828934,출판인쇄업,출판사,2026-05-03 22:45:04,I,03,폐업,,0,,2003-05-06 11:23:16,,1991-09-04,100-846,서울특별시 중구 을지로*가 *** 상지빌딩 ***동,CDFG1251001991000076,3010000,,"서울특별시 중구 을지로 ***-**, ***동 (을지로*가,상지빌딩)",,03,폐업,,,,,,
,산샘,2003-08-26,199396.183391582,451351.585732524,출판인쇄업,출판사,2026-05-03 22:45:04,I,03,폐업,,,,2003-08-27 10:40:47,,1991-09-05,100-281,서울특별시 중구 인현동*가 **-*,CDFG1251001991000077,3010000,,서울특별시 중구 마른내로 **  (인현동*가),,03,폐업,,,,,,
,생명빛출판사,2000-06-27,199325.174260461,451256.240312334,출판인쇄업,출판사,2026-05-03 22:45:04,I,03,폐업,,0,,2003-05-06 11:23:16,,1991-09-05,100-300,서울특별시 중구 초동 **-*,CDFG1251001991000078,3010000,,서울특별시 중구 충무로 **  (초동),,03,폐업,,,,,,
,인화,2001-08-09,197454.835760386,450733.6954596,출판인쇄업,출판사,2026-05-03 22:45:04,I,03,폐업,,0,,2003-05-06 11:23:16,,1991-09-09,100-161,서울특별시 중구 봉래동*가 **-* 청암빌딩 ***동,CDFG1251001991000079,3010000,,"서울특별시 중구 통일로 **, ***동 (봉래동*가,청암빌딩)",,03,폐업,,,,,,
,공훈사발간위원회,1996-12-11,198744.433228989,451677.065126229,출판인쇄업,출판사,2026-05-03 22:45:04,I,03,폐업,,0,,2003-05-06 11:23:16,,1991-09-13,100-220,서울특별시 중구 장교동 *,CDFG1251001991000082,3010000,,,,03,폐업,,,,,,
,한우,2001-08-09,199357.340859295,451170.693864601,출판인쇄업,출판사,2026-05-03 22:45:04,I,03,폐업,,0,,2003-05-06 11:23:16,,1991-09-19,100-862,서울특별시 중구 충무로*가 *-**,CDFG1251001991000085,3010000,,서울특별시 중구 마른내로*길 **-*  (충무로*가),,03,폐업,,,,,,
,수산문화사,2021-06-25,198543.771463401,451259.594300721,출판인쇄업,출판사,2026-05-03 22:45:04,I,03,폐업,,0,,2021-06-29 14:01:46,,1991-09-27,100-810,서울특별시 중구 명동*가 **-* *층,CDFG1251001991000086,3010000,,"서울특별시 중구 명동길 **-*  (명동*가,*층)",,03,폐업,,,,,,
,유니온그라픽,2000-08-09,,,출판인쇄업,출판사,2026-05-03 22:45:04,I,03,폐업,,0,,2003-05-06 11:23:16,,1991-10-08,100-809,서울특별시 중구 명동*가 ** 지암빌딩 ***동,CDFG1251001991000090,3010000,,,,03,폐업,,,,,,
,도서출판한아름,1997-08-14,,,출판인쇄업,출판사,2026-05-03 22:45:05,I,03,폐업,,0,,2003-05-06 11:23:16,,1991-10-09,100-191,서울특별시 중구 을지로*가 ***-*,CDFG1251001991000091,3010000,,,,03,폐업,,,,,,
,정보,2001-08-09,200114.634092464,451239.849349064,출판인쇄업,출판사,2026-05-03 22:45:05,I,03,폐업,,0,,2003-05-06 11:23:16,,1991-10-11,100-310,서울특별시 중구 오장동 ***-** 영수빌딩 ***동,CDFG1251001991000092,3010000,,"서울특별시 중구 퇴계로 ***, ***동 (오장동,영수빌딩)",,03,폐업,,,,,,
,가나의혼인잔치,2017-04-24,199653.199966826,451020.059639893,출판인쇄업,출판사,2026-05-03 22:45:05,I,03,폐업,,0,,2017-04-24 18:34:39,,1991-11-04,100-272,서울특별시 중구 필동*가 **,CDFG1251001991000095,3010000,,서울특별시 중구 퇴계로**길 * (필동*가),,03,폐업,,,,,,
,백향목,2004-02-02,199796.465463213,451488.344883734,출판인쇄업,출판사,2026-05-03 22:45:05,I,03,폐업,,,,2004-02-02 15:19:41,,1991-11-06,100-290,서울특별시 중구 예관동 *-* 고려빌딩 ***동,CDFG1251001991000096,3010000,,"서울특별시 중구 창경궁로 **-*, ***동 (예관동,고려빌딩)",,03,폐업,,,,,,
,태평서적,2007-04-06,197914.553676317,451265.233502429,출판인쇄업,출판사,2026-05-03 22:45:05,I,03,폐업,,,,2007-04-06 13:31:26,,1991-11-06,100-864,서울특별시 중구 태평로*가 **-*,CDFG1251001991000097,3010000,,서울특별시 중구 세종대로 **  (태평로*가),,03,폐업,,,,,,
,(주)채송,2000-08-09,,,출판인쇄업,출판사,2026-05-03 22:45:05,I,03,폐업,,0,,2003-05-06 11:23:16,,1991-11-07,100-845,서울특별시 중구 을지로*가 ***-** 신화빌딩 *층동,CDFG1251001991000098,3010000,,,,03,폐업,,,,,,
,신세대,2001-08-09,200535.613345678,451633.505223364,출판인쇄업,출판사,2026-05-03 22:45:05,I,03,폐업,,0,,2003-05-06 11:23:16,,1991-11-09,100-851,서울특별시 중구 을지로*가 **-** 석원빌딩 ***동,CDFG1251001991000099,3010000,,"서울특별시 중구 을지로**길 **, ***동 (을지로*가,석원빌딩)",,03,폐업,,,,,,
,정인,2001-08-09,199516.114029899,451473.705249863,출판인쇄업,출판사,2026-05-03 22:45:05,I,03,폐업,,0,,2003-05-06 11:23:16,,1991-11-09,100-281,서울특별시 중구 인현동*가 **-** 화원빌딩 ***동,CDFG1251001991000100,3010000,,"서울특별시 중구 을지로**길 **, ***동 (인현동*가,화원빌딩)",,03,폐업,,,,,,
,성민문화사,2003-02-12,199379.143195882,451444.955692254,출판인쇄업,출판사,2026-05-03 22:45:05,I,03,폐업,,0,0,2003-05-06 11:23:16,,1991-11-23,100-300,서울특별시 중구 초동 **-* ***,CDFG1251001991000102,3010000,,"서울특별시 중구 을지로**길 **  (초동,***)",,03,폐업,,,,,0,0
,에스페로문고,2016-03-25,198148.625285141,451217.4875902,출판인쇄업,출판사,2026-05-03 22:45:06,I,03,폐업,,0,,2016-03-25 10:09:28,,1991-11-25,100-070,서울특별시 중구 소공동 ***-** 부원빌딩 ***동,CDFG1251001991000103,3010000,,"서울특별시 중구 소공로 **, ***동 (소공동,부원빌딩)",,03,폐업,,,,,,
,드림,2001-08-09,199698.506191905,450834.215332881,출판인쇄업,출판사,2026-05-03 22:45:06,I,03,폐업,,0,,2003-05-06 11:23:16,,1991-11-26,100-273,서울특별시 중구 필동*가 **-* ***,CDFG1251001991000104,3010000,,"서울특별시 중구 서애로*길 **  (필동*가,***)",,03,폐업,,,,,,
,도서출판시그마,1998-11-06,199810.591813598,451300.59780961,출판인쇄업,출판사,2026-05-03 22:45:06,I,03,폐업,,0,,2003-05-06 11:23:16,,1991-12-05,100-290,서울특별시 중구 예관동 **-**,CDFG1251001991000107,3010000,,서울특별시 중구 창경궁로 **-*  (예관동),,03,폐업,,,,,,
근린생활시설,동인문예,2000-07-24,199526.416139264,451693.211256949,출판인쇄업,출판사,2026-05-03 22:45:06,I,03,폐업,,0,0,2003-05-06 11:23:16,,1991-12-06,100-340,서울특별시 중구 산림동 ***-* 대림상가****호,CDFG1251001991000108,3010000,,"서울특별시 중구 을지로 ***  (산림동,대림상가****호)",,03,폐업,,,,,0,0
,도서출판 두레,2014-12-11,,,출판인쇄업,출판사,2026-05-03 22:45:06,I,03,폐업,,0,0,2014-12-11 13:15:09,,1991-12-09,100-859,서울특별시 중구 중림동 ***-*,CDFG1251001991000109,3010000,,,,03,폐업,,,,22633333,0,0
,우수문화사,2001-08-09,199995.946197698,451285.600689181,출판인쇄업,출판사,2026-05-03 22:45:06,I,03,폐업,,0,,2003-05-06 11:23:16,,1991-12-11,100-015,서울특별시 중구 충무로*가 **-* 정음빌딩 ***동,CDFG1251001991000110,3010000,,"서울특별시 중구 마른내로**길 *-*, ***동 (충무로*가,정음빌딩)",,03,폐업,,,,,,
,제오기획,2001-08-09,199268.444861177,451489.916400631,출판인쇄업,출판사,2026-05-03 22:45:06,I,03,폐업,,0,,2003-05-06 11:23:16,,1991-12-28,100-846,서울특별시 중구 을지로*가 ***-** 천을빌딩 ***동,CDFG1251001991000116,3010000,,"서울특별시 중구 충무로 **-*, ***동 (을지로*가,천을빌딩)",,03,폐업,,,,,,
,도서출판구구,1997-01-16,200765.160379712,450524.469488368,출판인쇄업,출판사,2026-05-03 22:45:07,I,03,폐업,,0,,2003-05-06 11:23:16,,1991-08-09,100-834,서울특별시 중구 신당동 ***-*,CDFG1251001991000122,3010000,,서울특별시 중구 동호로 ***  (신당동),,03,폐업,,,,,,
,꼭지,2003-02-06,,,출판인쇄업,출판사,2026-05-03 22:45:07,I,03,폐업,,0,0,2003-05-06 11:23:16,,1991-08-22,100-281,서울특별시 중구 인현동*가 **-* ***호,CDFG1251001991000127,3010000,,,,03,폐업,,,,,0,0
,대한금융경제연구소,2004-01-12,201442.237612467,451323.638593627,출판인쇄업,출판사,2026-05-03 22:45:07,I,03,폐업,,,,2005-07-27 15:26:03,,1991-01-09,100-819,서울특별시 중구 신당동 ***-*,CDFG1251001991000128,3010000,,서울특별시 중구 다산로**가길 **  (신당동),,03,폐업,,,,22335041,,
,도서출판 다음세대,1996-11-30,199828.382578404,451249.574098116,출판인쇄업,출판사,2026-05-03 22:45:07,I,03,폐업,,0,,2003-05-06 11:23:16,,1991-03-28,100-290,서울특별시 중구 예관동 **-**,CDFG1251001991000129,3010000,,서울특별시 중구 퇴계로**길 **  (예관동),,03,폐업,,,,,,
,뉴스와정보,1998-09-10,200247.098067944,451193.482960446,출판인쇄업,출판사,2026-05-03 22:45:07,I,03,폐업,,0,,2003-05-06 11:23:16,,1991-10-05,100-400,서울특별시 중구 쌍림동 ***-**,CDFG1251001991000131,3010000,,서울특별시 중구 퇴계로 ***  (쌍림동),,03,폐업,,,,,,
,테제,2014-10-22,201038.887343348,450143.384549862,출판인쇄업,출판사,2026-05-03 22:45:07,I,03,폐업,,,,2014-10-22 15:05:34,,1991-03-13,100-827,서울특별시 중구 신당동 ***-*** 동호빌딩 ***동,CDFG1251001991000133,3010000,,"서울특별시 중구 동호로*길 **, ***동 (신당동,동호빌딩)",,03,폐업,,,,,,
,(주)나중출판사,2008-10-30,198529.914388176,450892.957567335,출판인쇄업,출판사,2026-05-03 22:45:07,I,03,폐업,,,,2008-10-30 13:25:02,,1991-11-16,100-053,서울특별시 중구 회현동*가 *-** 코리아빌딩 **층동 *호,CDFG1251001991000135,3010000,,"서울특별시 중구 퇴계로 ***, **층동 *호 (회현동*가,코리아빌딩)",,03,폐업,,,,,,
,뭉클,2000-08-29,199447.832382888,451091.867376943,출판인쇄업,출판사,2026-05-03 22:45:07,I,03,폐업,,0,,2003-05-06 11:23:16,,1991-03-08,100-862,서울특별시 중구 충무로*가 ***-** *층,CDFG1251001991000136,3010000,,"서울특별시 중구 퇴계로**길 **-**  (충무로*가,*층)",,03,폐업,,,,,,
,도서출판 서원,2003-09-24,199207.538777842,451529.342819592,출판인쇄업,출판사,2026-05-03 22:45:07,I,03,폐업,,,,2003-09-24 13:22:21,,1991-03-22,100-846,서울특별시 중구 을지로*가 ***-* 을지빌딩본관***호,CDFG1251001991000137,3010000,,"서울특별시 중구 을지로**길 *  (을지로*가,을지빌딩본관***호)",,03,폐업,,,,22645023,,
,주식회사 디앤비애드,2022-12-31,199213.870668625,451164.985054559,출판인쇄업,출판사,2026-05-03 22:45:08,I,03,폐업,,,,2023-01-16 10:28:09,,1991-03-19,,서울특별시 중구 충무로*가 **-**,CDFG1251001991000141,3010000,,"서울특별시 중구 수표로*길 **, *층 (충무로*가)",04554,03,폐업,,,,02-2273-9701,,
,경성기획,2000-09-19,199437.720727547,450939.451952622,출판인쇄업,출판사,2026-05-03 22:45:08,I,03,폐업,,0,,2003-05-06 11:23:16,,1992-03-18,100-272,서울특별시 중구 필동*가 **-* *층,CDFG1251001992000002,3010000,,,,03,폐업,,,,,,
,인재개발센타,2001-08-09,197190.690592831,451726.397172958,출판인쇄업,출판사,2026-05-03 22:45:08,I,03,폐업,,0,,2003-05-06 11:23:16,,1992-01-06,100-151,서울특별시 중구 충정로*가 **-* 서대문빌딩 ***호,CDFG1251001992000003,3010000,,"서울특별시 중구 새문안로 **,  ***호 (충정로*가,서대문빌딩)",,03,폐업,,,,,,
,도서출판새남의책,1997-01-28,199115.162515675,451501.106828934,출판인쇄업,출판사,2026-05-03 22:45:08,I,03,폐업,,0,,2003-05-06 11:23:16,,1992-01-15,100-846,서울특별시 중구 을지로*가 ***,CDFG1251001992000006,3010000,,서울특별시 중구 을지로 ***-**  (을지로*가),,03,폐업,,,,,,
,신우미디어,2000-07-26,199155.649117384,451163.357850613,출판인쇄업,출판사,2026-05-03 22:45:08,I,03,폐업,,0,,2003-05-06 11:23:16,,1992-01-15,100-013,서울특별시 중구 충무로*가 **-* ***,CDFG1251001992000007,3010000,,"서울특별시 중구 퇴계로**길 **  (충무로*가,***)",,03,폐업,,,,,,
,해동기획,2002-04-02,199441.472212144,451515.879403152,출판인쇄업,출판사,2026-05-03 22:45:08,I,03,폐업,,0,,2003-05-06 11:23:16,,1992-01-29,100-847,서울특별시 중구 을지로*가 ***-**,CDFG1251001992000012,3010000,,서울특별시 중구 을지로**길 **-*  (을지로*가),,03,폐업,,,,,,
,도서출판대우서적,1997-02-21,199559.81287492,451275.242508566,출판인쇄업,출판사,2026-05-03 22:45:08,I,03,폐업,,0,,2003-05-06 11:23:16,,1992-02-17,100-282,서울특별시 중구 인현동*가 ***-** 신성상가 ***동,CDFG1251001992000016,3010000,,"서울특별시 중구 마른내로 **, ***동 (인현동*가,신성상가)",,03,폐업,,,,,,
,새눈닷컴,2017-04-14,198916.265218099,451636.075556878,출판인쇄업,출판사,2026-05-03 22:45:08,I,03,폐업,,0,,2017-04-17 08:42:20,,1992-02-18,100-230,서울특별시 중구 수표동 **-** 동신빌딩***호,CDFG1251001992000017,3010000,,"서울특별시 중구 을지로*길 ** (수표동,동신빌딩***호)",,03,폐업,,,,22630035,,
,금강애드,1999-02-12,199362.680321685,451382.399120181,출판인쇄업,출판사,2026-05-03 22:45:08,I,03,폐업,,0,,2003-05-06 11:23:16,,1992-03-07,100-281,서울특별시 중구 인현동*가 ***-*,CDFG1251001992000019,3010000,,서울특별시 중구 을지로**길 **-**  (인현동*가),,03,폐업,,,,,,
,신언사,2001-08-09,199115.162515675,451501.106828934,출판인쇄업,출판사,2026-05-03 22:45:08,I,03,폐업,,0,,2003-05-06 11:23:16,,1992-03-17,100-846,서울특별시 중구 을지로*가 *** 상지빌딩 ***동,CDFG1251001992000021,3010000,,"서울특별시 중구 을지로 ***-**, ***동 (을지로*가,상지빌딩)",,03,폐업,,,,,,
,대어기획,2001-08-09,201775.682523178,451396.878132704,출판인쇄업,출판사,2026-05-03 22:45:09,I,03,폐업,,0,,2003-05-06 11:23:16,,1992-03-18,100-819,서울특별시 중구 신당동 ***-* 성환빌딩 비동동 ***호,CDFG1251001992000022,3010000,,"서울특별시 중구 퇴계로**길 **, 비동동 ***호 (신당동,성환빌딩)",,03,폐업,,,,,,
,기종,1996-04-13,199397.013822421,451070.763689185,출판인쇄업,출판사,2026-05-03 22:45:09,I,03,폐업,,0,,2003-05-06 11:23:16,,1992-03-23,100-862,서울특별시 중구 충무로*가 ***-*,CDFG1251001992000024,3010000,,서울특별시 중구 퇴계로**길 **  (충무로*가),,03,폐업,,,,,,
,엡윗,1997-04-11,,,출판인쇄업,출판사,2026-05-03 22:45:09,I,03,폐업,,0,,2003-05-06 11:23:16,,1992-03-23,100-845,서울특별시 중구 을지로*가 **-*,CDFG1251001992000025,3010000,,,,03,폐업,,,,,,
,도서출판(주)코데컴,1999-02-10,199097.276818501,451645.274277074,출판인쇄업,출판사,2026-05-03 22:45:09,I,03,폐업,,0,,2003-05-06 11:23:16,,1992-03-30,100-230,서울특별시 중구 수표동 **-*,CDFG1251001992000028,3010000,,서울특별시 중구 을지로**길 **  (수표동),,03,폐업,,,,,,
,서진실업,2011-04-15,199397.013822421,451070.763689185,출판인쇄업,출판사,2026-05-03 22:45:09,I,03,폐업,,0,,2011-04-15 14:48:20,,1992-04-07,100-862,서울특별시 중구 충무로*가 ***-* 기종빌딩 *층동,CDFG1251001992000030,3010000,,"서울특별시 중구 퇴계로**길 **, *층동 (충무로*가,기종빌딩)",,03,폐업,,,,,,
,홍진,2005-01-20,199193.313778562,451285.165241025,출판인쇄업,출판사,2026-05-03 22:45:09,I,03,폐업,,,,2005-01-20 16:23:49,,1992-04-08,100-300,서울특별시 중구 초동 ***-*,CDFG1251001992000034,3010000,,서울특별시 중구 수표로**길 **  (초동),,03,폐업,,,,,,
,예림문화,2004-03-23,200319.694937286,451420.494242866,출판인쇄업,출판사,2026-05-03 22:45:09,I,03,폐업,,,,2004-03-24 11:14:04,,1992-04-09,100-411,서울특별시 중구 광희동*가 **-* 삼지빌딩 ***호,CDFG1251001992000035,3010000,,"서울특별시 중구 동호로**길 **,  ***호 (광희동*가,삼지빌딩)",,03,폐업,,,,,,
,대한민국국사오천년,1999-04-02,201009.880148149,450540.559161681,출판인쇄업,출판사,2026-05-03 22:45:09,I,03,폐업,,0,0,2003-05-06 11:23:16,,1992-04-09,100-826,서울특별시 중구 신당동 ***-**,CDFG1251001992000036,3010000,,서울특별시 중구 다산로 ***  (신당동),,03,폐업,,,,,0,0
,성지교재개발원,2000-08-09,200094.513268208,451775.399423089,출판인쇄업,출판사,2026-05-03 22:45:09,I,03,폐업,,0,,2003-05-06 11:23:16,,1992-04-09,100-812,서울특별시 중구 방산동 **-* 신안빌딩 ***호,CDFG1251001992000037,3010000,,"서울특별시 중구 동호로 ***,  ***호 (방산동,신안빌딩)",,03,폐업,,,,,,
,잠보원,2000-12-30,199396.153180945,451273.577177369,출판인쇄업,출판사,2026-05-03 22:45:09,I,03,폐업,,0,,2003-05-06 11:23:16,,1992-04-10,100-281,서울특별시 중구 인현동*가 ***-* *층,CDFG1251001992000039,3010000,,"서울특별시 중구 마른내로*길 **  (인현동*가,*층)",,03,폐업,,,,,,
,도서출판 덕,2020-02-03,199448.102922035,451548.668257947,출판인쇄업,출판사,2026-05-03 22:45:09,I,03,폐업,,0,0,2020-02-04 14:01:20,,1992-04-10,,서울특별시 중구 을지로*가 ***-*,CDFG1251001992000040,3010000,,"서울특별시 중구 을지로 ***, ****호 (을지로*가, 중앙데코프라자)",04549,03,폐업,,,,02-2263-2171,0,0
,독매출판사,2001-08-09,199746.240122471,450791.536909294,출판인쇄업,출판사,2026-05-03 22:45:09,I,03,폐업,,0,,2003-05-06 11:23:16,,1992-04-21,100-273,서울특별시 중구 필동*가 **-* 제이제이 ***동,CDFG1251001992000042,3010000,,"서울특별시 중구 서애로*길 **, ***동 (필동*가,제이제이)",,03,폐업,,,,,,
,거산,2001-08-09,200171.012558601,451488.661607815,출판인쇄업,출판사,2026-05-03 22:45:09,I,03,폐업,,0,,2003-05-06 11:23:16,,1992-04-28,100-195,서울특별시 중구 을지로*가 ***-* 동신빌딩 ***동,CDFG1251001992000044,3010000,,"서울특별시 중구 동호로 ***, ***동 (을지로*가,동신빌딩)",,03,폐업,,,,,,
,(주)오성문화,2001-08-09,199195.660765733,451494.072925993,출판인쇄업,출판사,2026-05-03 22:45:09,I,03,폐업,,0,,2003-05-06 11:23:16,,1992-05-14,100-846,"서울특별시 중구 을지로*가 ***-** *,*층",CDFG1251001992000045,3010000,,"서울특별시 중구 충무로*길 **  (을지로*가,*,*층)",,03,폐업,,,,,,
,두린,2001-08-09,199224.489152775,451457.768390612,출판인쇄업,출판사,2026-05-03 22:45:09,I,03,폐업,,0,,2003-05-06 11:23:16,,1992-05-15,100-846,서울특별시 중구 을지로*가 ***-* 승팔빌딩 ***동,CDFG1251001992000046,3010000,,,,03,폐업,,,,,,
,행동과학사,2002-04-02,,,출판인쇄업,출판사,2026-05-03 22:45:09,I,03,폐업,,0,,2003-05-06 11:23:16,,1992-05-15,100-230,서울특별시 중구 수표동 **-* 유진빌딩 ***동,CDFG1251001992000047,3010000,,,,03,폐업,,,,,,
,정우서적,1997-09-08,199606.111306323,451137.895818696,출판인쇄업,출판사,2026-05-03 22:45:10,I,03,폐업,,0,,2003-05-06 11:23:16,,1992-05-16,100-863,서울특별시 중구 충무로*가 **-**,CDFG1251001992000048,3010000,,서울특별시 중구 창경궁로*길 **  (충무로*가),,03,폐업,,,,,,
,풀그림,2001-08-09,200653.453828451,451718.128484063,출판인쇄업,출판사,2026-05-03 22:45:10,I,03,폐업,,0,,2003-05-06 11:23:16,,1992-05-22,100-851,서울특별시 중구 을지로*가 **-** 을호빌딩 ***동,CDFG1251001992000050,3010000,,"서울특별시 중구 장충단로**길 *, ***동 (을지로*가,을호빌딩)",,03,폐업,,,,,,
,길벗,1999-06-23,199571.599470393,451124.851387624,출판인쇄업,출판사,2026-05-03 22:45:11,I,03,폐업,,0,,2003-05-06 11:23:16,,1992-05-28,100-713,서울특별시 중구 충무로*가 ***-* 진양상가 ***동 *호호,CDFG1251001992000051,3010000,,"서울특별시 중구 퇴계로 ***, ***동 *호호 (충무로*가,진양상가)",,03,폐업,,,,,,
,아이사랑,2001-08-09,199995.946197698,451285.600689181,출판인쇄업,출판사,2026-05-03 22:45:12,I,03,폐업,,0,,2003-05-06 11:23:16,,1992-06-15,100-015,서울특별시 중구 충무로*가 **-* 정음빌딩 ***동 *호,CDFG1251001992000056,3010000,,"서울특별시 중구 마른내로**길 *-*, ***동 *호 (충무로*가,정음빌딩)",,03,폐업,,,,,,
,대한기획,2001-08-09,199115.162515675,451501.106828934,출판인쇄업,출판사,2026-05-03 22:45:12,I,03,폐업,,0,,2003-05-06 11:23:16,,1992-06-22,100-846,서울특별시 중구 을지로*가 *** 상지빌딩 ***동,CDFG1251001992000058,3010000,,"서울특별시 중구 을지로 ***-**, ***동 (을지로*가,상지빌딩)",,03,폐업,,,,,,
,세광문화사,2007-06-25,199528.479126357,451130.498839091,출판인쇄업,출판사,2026-05-03 22:45:12,I,03,폐업,,,,2007-06-25 16:58:04,,1992-07-13,100-863,서울특별시 중구 충무로*가 **-*,CDFG1251001992000063,3010000,,,,03,폐업,,,,,,
,한국고객관리개발,2001-08-09,198388.365585519,450963.241815173,출판인쇄업,출판사,2026-05-03 22:45:13,I,03,폐업,,0,,2003-05-06 11:23:16,,1992-07-24,100-011,서울특별시 중구 충무로*가 **-*,CDFG1251001992000066,3010000,,서울특별시 중구 퇴계로 **  (충무로*가),,03,폐업,,,,,,
,계명서각,2021-12-16,199602.475193716,451435.154074036,출판인쇄업,출판사,2026-05-03 22:45:13,I,03,폐업,,0,,2021-12-17 10:51:50,,1992-07-31,100-282,서울특별시 중구 인현동*가 **-*,CDFG1251001992000068,3010000,,서울특별시 중구 마른내로*길 **  (인현동*가),,03,폐업,,,,,,
,영원문화사,1999-01-28,199523.348932455,451311.73592696,출판인쇄업,출판사,2026-05-03 22:45:14,I,03,폐업,,0,,2003-05-06 11:23:16,,1992-08-04,100-282,서울특별시 중구 인현동*가 ***,CDFG1251001992000070,3010000,,서울특별시 중구 마른내로 **  (인현동*가),,03,폐업,,,,22696610,,
,돈오,2004-01-12,199571.599470393,451124.851387624,출판인쇄업,출판사,2026-05-03 22:45:14,I,03,폐업,,,,2004-03-24 18:01:41,,1992-08-06,100-713,서울특별시 중구 충무로*가 ***-* 진양상가 ***동,CDFG1251001992000071,3010000,,"서울특별시 중구 퇴계로 ***, ***동 (충무로*가,진양상가)",,03,폐업,,,,,,
,샘물문화사,2001-08-09,199141.633753079,451495.444665489,출판인쇄업,출판사,2026-05-03 22:45:15,I,03,폐업,,0,,2003-05-06 11:23:16,,1992-08-08,100-846,서울특별시 중구 을지로*가 *** 동신빌딩 ***동,CDFG1251001992000072,3010000,,"서울특별시 중구 을지로**길 **, ***동 (을지로*가,동신빌딩)",,03,폐업,,,,,,
,닥나무,2000-07-14,199115.162515675,451501.106828934,출판인쇄업,출판사,2026-05-03 22:45:15,I,03,폐업,,0,,2003-05-06 11:23:16,,1992-08-24,100-846,서울특별시 중구 을지로*가 *** 상지빌딩 ****동,CDFG1251001992000073,3010000,,"서울특별시 중구 을지로 ***-**, ****동 (을지로*가,상지빌딩)",,03,폐업,,,,,,
근린생활시설,다보디자인,2013-03-21,199101.778968106,451504.226438824,출판인쇄업,출판사,2026-05-03 22:45:16,I,03,폐업,,,,2013-03-21 17:00:11,,1992-08-24,100-846,서울특별시 중구 을지로*가 ***-* 홍원빌딩***호,CDFG1251001992000074,3010000,,"서울특별시 중구 을지로 ***-*  (을지로*가,홍원빌딩***호)",,03,폐업,,,,22688082,,
,용진기획,2001-08-09,199393.748061831,451020.317219361,출판인쇄업,출판사,2026-05-03 22:45:16,I,03,폐업,,0,,2003-05-06 11:23:16,,1992-08-26,100-272,서울특별시 중구 필동*가 ** 충무빌딩 ***동,CDFG1251001992000075,3010000,,,,03,폐업,,,,,,
,보물,2001-08-09,197258.590020479,451650.507619575,출판인쇄업,출판사,2026-05-03 22:45:16,I,03,폐업,,0,,2003-05-06 11:23:16,,1992-09-21,100-120,서울특별시 중구 정동 **-** 정경빌딩 *층동,CDFG1251001992000080,3010000,,"서울특별시 중구 정동길 **, *층동 (정동,정경빌딩)",,03,폐업,,,,,,
,범연출판사,1997-07-16,199275.808606237,450799.144180213,출판인쇄업,출판사,2026-05-03 22:45:16,I,03,폐업,,0,,2003-05-06 11:23:16,,1992-09-24,100-250,서울특별시 중구 예장동 *-**,CDFG1251001992000082,3010000,,서울특별시 중구 퇴계로**길 **  (예장동),,03,폐업,,,,37853606,,
,새글크리에이티브,2002-04-02,200048.85942052,451244.66496635,출판인쇄업,출판사,2026-05-03 22:45:17,I,03,폐업,,0,,2003-05-06 11:23:16,,1992-09-26,100-015,서울특별시 중구 충무로*가 *-**,CDFG1251001992000083,3010000,,서울특별시 중구 동호로**길 **-*  (충무로*가),,03,폐업,,,,,,
,건강다이제스트,2001-08-09,200712.27666148,450866.844743416,출판인쇄업,출판사,2026-05-03 22:45:43,I,03,폐업,,0,,2003-05-06 11:23:16,,1994-05-06,100-391,서울특별시 중구 장충동*가 **-** *층,CDFG1251001994000066,3010000,,"서울특별시 중구 장충단로*길 **  (장충동*가,*층)",,03,폐업,,,,,,
,책사랑,2004-01-12,199108.633332823,451245.264855884,출판인쇄업,출판사,2026-05-03 22:45:43,I,03,폐업,,,,2004-01-13 13:20:39,,1994-05-07,100-032,서울특별시 중구 저동*가 **-** *층동,CDFG1251001994000067,3010000,,"서울특별시 중구 수표로**길 *, *층동 (저동*가)",,03,폐업,,,,,,
,가람과뫼,2001-08-09,201749.522310148,451261.910140064,출판인쇄업,출판사,2026-05-03 22:45:43,I,03,폐업,,0,,2003-05-06 11:23:16,,1994-05-07,100-819,서울특별시 중구 신당동 ***-* 곡지빌딩 ***동,CDFG1251001994000068,3010000,,"서울특별시 중구 다산로**길 **, ***동 (신당동,곡지빌딩)",,03,폐업,,,,,,
,문창출판사,1998-11-11,199732.845410561,451217.911928939,출판인쇄업,출판사,2026-05-03 22:45:43,I,03,폐업,,0,,2003-05-06 11:23:16,,1994-05-07,100-290,서울특별시 중구 예관동 ***-*,CDFG1251001994000069,3010000,,서울특별시 중구 창경궁로 **-*  (예관동),,03,폐업,,,,,,
,유민기획,2001-08-09,199519.649768304,450977.250545081,출판인쇄업,출판사,2026-05-03 22:45:43,I,03,폐업,,0,,2003-05-06 11:23:16,,1994-05-07,100-272,서울특별시 중구 필동*가 **-* 대한극장 ***동,CDFG1251001994000070,3010000,,"서울특별시 중구 퇴계로 ***, ***동 (필동*가,대한극장)",,03,폐업,,,,,,
,책과몽상,2001-08-09,200617.721231068,450712.559963504,출판인쇄업,출판사,2026-05-03 22:45:43,I,03,폐업,,0,,2003-05-06 11:23:16,,1994-05-10,100-391,서울특별시 중구 장충동*가 ***-* 장충빌딩 ***동,CDFG1251001994000071,3010000,,"서울특별시 중구 동호로 ***, ***동 (장충동*가,장충빌딩)",,03,폐업,,,,,,
,유림,2001-12-31,197588.589989441,450556.561989956,출판인쇄업,출판사,2026-05-03 22:45:43,I,03,폐업,,0,,2003-05-06 11:23:16,,1994-05-14,100-800,서울특별시 중구 남대문로*가 **-** 덕우빌딩 ***동,CDFG1251001994000072,3010000,,"서울특별시 중구 세종대로 **, ***동 (남대문로*가,덕우빌딩)",,03,폐업,,,,,,
,글터,1999-01-26,199526.198792541,450646.511996529,출판인쇄업,출판사,2026-05-03 22:45:44,I,03,폐업,,0,,2003-05-06 11:23:16,,1994-05-25,100-272,서울특별시 중구 필동*가 ***-*,CDFG1251001994000075,3010000,,서울특별시 중구 퇴계로**가길 **-*  (필동*가),,03,폐업,,,,22771963,,
,네트워크,1997-10-13,197235.105099414,451722.35842394,출판인쇄업,출판사,2026-05-03 22:45:44,I,03,폐업,,0,,2003-05-06 11:23:16,,1994-05-28,100-120,서울특별시 중구 정동 **-**,CDFG1251001994000078,3010000,,서울특별시 중구 정동길 *  (정동),,03,폐업,,,,,,
,계림,2007-11-14,199937.011928599,451179.167732596,출판인쇄업,출판사,2026-05-03 22:45:44,I,03,폐업,,,,2007-11-14 16:37:21,,1994-06-02,100-015,서울특별시 중구 충무로*가 **-*,CDFG1251001994000082,3010000,,서울특별시 중구 퇴계로 ***-*  (충무로*가),,03,폐업,,,,,,
,태극전자출판,2001-08-09,199967.587317496,451254.045547798,출판인쇄업,출판사,2026-05-03 22:45:44,I,03,폐업,,0,,2003-05-06 11:23:16,,1994-06-02,100-015,서울특별시 중구 충무로*가 **-* 경원빌딩 *층동,CDFG1251001994000083,3010000,,"서울특별시 중구 퇴계로**길 **-**, *층동 (충무로*가,경원빌딩)",,03,폐업,,,,,,
,한국적성개발출판사,2001-08-09,201749.522310148,451261.910140064,출판인쇄업,출판사,2026-05-03 22:45:44,I,03,폐업,,0,,2003-05-06 11:23:16,,1994-06-02,100-819,서울특별시 중구 신당동 ***-* 곡지빌딩 ***동,CDFG1251001994000084,3010000,,"서울특별시 중구 다산로**길 **, ***동 (신당동,곡지빌딩)",,03,폐업,,,,,,
,B.B.C 문화센타,2000-02-28,197761.352668418,450694.317526664,출판인쇄업,출판사,2026-05-03 22:45:44,I,03,폐업,,0,,2003-05-06 11:23:16,,1994-06-03,100-801,서울특별시 중구 남대문로*가 *** 국제빌딩 **층동,CDFG1251001994000085,3010000,,"서울특별시 중구 소월로 **, **층동 (남대문로*가,국제빌딩)",,03,폐업,,,,,,
,엘림,2004-03-19,199435.845257129,451462.301312693,출판인쇄업,출판사,2026-05-03 22:45:44,I,03,폐업,,,,2004-03-19 11:17:49,,1994-06-03,100-281,서울특별시 중구 인현동*가 **-* *층,CDFG1251001994000086,3010000,,"서울특별시 중구 을지로**길 **  (인현동*가,*층)",,03,폐업,,,,,,
,도서출판단청,2004-01-12,198783.056789386,450732.471972874,출판인쇄업,출판사,2026-05-03 22:45:44,I,03,폐업,,,,2004-03-24 17:58:11,,1994-06-03,100-042,서울특별시 중구 남산동*가 **-* 명지빌딩***호,CDFG1251001994000087,3010000,,"서울특별시 중구 소파로 ***  (남산동*가,명지빌딩***호)",,03,폐업,,,,22646244,,
,대안문화,2001-08-09,198934.53385891,451620.639707565,출판인쇄업,출판사,2026-05-03 22:45:44,I,03,폐업,,0,,2003-05-06 11:23:16,,1994-06-08,100-230,서울특별시 중구 수표동 **-* 대동빌딩 ***동,CDFG1251001994000088,3010000,,"서울특별시 중구 삼일대로**길 **, ***동 (수표동,대동빌딩)",,03,폐업,,,,,,
,신문로포럼,1997-05-08,199364.715550086,451414.101964219,출판인쇄업,출판사,2026-05-03 22:45:44,I,03,폐업,,0,,2003-05-06 11:23:16,,1994-06-13,100-281,서울특별시 중구 인현동*가 ***-* ***동,CDFG1251001994000090,3010000,,"서울특별시 중구 충무로*길 **, ***동 (인현동*가)",,03,폐업,,,,,,
,한국아이비,1996-04-29,200504.484976466,451629.36076151,출판인쇄업,출판사,2026-05-03 22:45:45,I,03,폐업,,0,,2003-05-06 11:23:16,,1994-06-16,100-851,서울특별시 중구 을지로*가 **-**,CDFG1251001994000093,3010000,,서울특별시 중구 을지로**길 *-*  (을지로*가),,03,폐업,,,,,,
,이화앤터프라이스,1998-12-31,199226.770415208,451664.850574391,출판인쇄업,출판사,2026-05-03 22:45:45,I,03,폐업,,0,,2003-05-06 11:23:16,,1994-06-20,100-846,서울특별시 중구 을지로*가 ***-*,CDFG1251001994000095,3010000,,서울특별시 중구 을지로**길 **  (을지로*가),,03,폐업,,,,,,
,한솔,2001-08-09,201991.076017364,451542.677230348,출판인쇄업,출판사,2026-05-03 22:45:45,I,03,폐업,,0,,2003-05-06 11:23:16,,1994-06-23,100-870,서울특별시 중구 황학동 ***,CDFG1251001994000096,3010000,,서울특별시 중구 난계로 ***  (황학동),,03,폐업,,,,,,
,(주)학생신문사,2001-08-09,200224.815166574,451582.627103843,출판인쇄업,출판사,2026-05-03 22:45:45,I,03,폐업,,0,,2003-05-06 11:23:16,,1994-06-23,100-195,서울특별시 중구 을지로*가 **-*,CDFG1251001994000098,3010000,,서울특별시 중구 을지로 ***  (을지로*가),,03,폐업,,,,,,
,석림서원,2004-11-17,199529.757889089,451313.011145589,출판인쇄업,출판사,2026-05-03 22:45:45,I,03,폐업,,,,2004-11-17 13:16:04,,1994-06-25,100-282,서울특별시 중구 인현동*가 ***-** ***,CDFG1251001994000099,3010000,,"서울특별시 중구 퇴계로**길 **  (인현동*가,***)",,03,폐업,,,,,,
,한글나라,2002-03-28,200004.313041532,451199.795046305,출판인쇄업,출판사,2026-05-03 22:45:45,I,03,폐업,,0,,2003-05-06 11:23:16,,1994-06-25,100-015,서울특별시 중구 충무로*가 *-* 삼인빌딩 ***동,CDFG1251001994000101,3010000,,,,03,폐업,,,,,,
,서울미시간프래스,2012-09-06,199115.162515675,451501.106828934,출판인쇄업,출판사,2026-05-03 22:45:45,I,03,폐업,,0,,2012-09-06 14:13:30,,1994-06-25,100-846,서울특별시 중구 을지로*가 *** 상지빌딩 ***동,CDFG1251001994000102,3010000,,"서울특별시 중구 을지로 ***-**, ***동 (을지로*가,상지빌딩)",,03,폐업,,,,,,
,열린시대,2001-08-09,199336.009340872,451201.823851272,출판인쇄업,출판사,2026-05-03 22:45:46,I,03,폐업,,0,,2003-05-06 11:23:16,,1994-07-11,100-281,서울특별시 중구 인현동*가 ***-* 청화빌딩 ***동,CDFG1251001994000107,3010000,,"서울특별시 중구 충무로 **, ***동 (인현동*가,청화빌딩)",,03,폐업,,,,,,
,서진사,2001-08-09,200965.750446959,450692.920857769,출판인쇄업,출판사,2026-05-03 22:45:46,I,03,폐업,,0,,2003-05-06 11:23:16,,1994-07-11,100-834,서울특별시 중구 신당동 ***-** 대원빌딩 ***동,CDFG1251001994000108,3010000,,"서울특별시 중구 동호로**길 **, ***동 (신당동,대원빌딩)",,03,폐업,,,,,,
,가나다출판,1999-01-27,200093.570356571,451597.609579149,출판인쇄업,출판사,2026-05-03 22:45:46,I,03,폐업,,0,,2003-05-06 11:23:16,,1994-07-18,100-195,서울특별시 중구 을지로*가 ***-*,CDFG1251001994000111,3010000,,서울특별시 중구 을지로 ***  (을지로*가),,03,폐업,,,,,,
,서영문화사,1996-09-16,,,출판인쇄업,출판사,2026-05-03 22:45:46,I,03,폐업,,0,,2003-05-06 11:23:16,,1994-07-21,100-220,서울특별시 중구 장교동 **-**,CDFG1251001994000112,3010000,,,,03,폐업,,,,,,
,아람문화사,1999-07-08,,,출판인쇄업,출판사,2026-05-03 22:45:46,I,03,폐업,,0,,2003-05-06 11:23:16,,1994-07-23,100-130,서울특별시 중구 순화동 **-** 지하*층,CDFG1251001994000113,3010000,,,,03,폐업,,,,,,
,달해문화사,1996-12-27,198999.039495321,451620.778033902,출판인쇄업,출판사,2026-05-03 22:45:46,I,03,폐업,,0,,2003-05-06 11:23:16,,1994-07-23,100-230,서울특별시 중구 수표동 **-*,CDFG1251001994000114,3010000,,서울특별시 중구 수표로 **  (수표동),,03,폐업,,,,,,
,일송기획출판,1997-10-15,199243.719707907,451518.197727854,출판인쇄업,출판사,2026-05-03 22:45:46,I,03,폐업,,0,,2003-05-06 11:23:16,,1994-07-23,100-846,서울특별시 중구 을지로*가 ***-*,CDFG1251001994000116,3010000,,,,03,폐업,,,,,,
,서경문화사,1998-03-30,199170.677028258,451519.369414946,출판인쇄업,출판사,2026-05-03 22:45:46,I,03,폐업,,0,,2003-05-06 11:23:16,,1994-07-23,100-846,서울특별시 중구 을지로*가 ***-**,CDFG1251001994000117,3010000,,서울특별시 중구 을지로**길 *  (을지로*가),,03,폐업,,,,,,
,(주)그린테크노피아,2004-03-19,199245.020604696,451300.426900916,출판인쇄업,출판사,2026-05-03 22:45:46,I,03,폐업,,,,2004-03-24 11:10:54,,1994-08-01,100-300,서울특별시 중구 초동 ** 초동빌딩 *층동,CDFG1251001994000118,3010000,,"서울특별시 중구 마른내로*길 **, *층동 (초동,초동빌딩)",,03,폐업,,,,,,
,어문학사,1998-08-17,200054.51719162,451439.62397297,출판인쇄업,출판사,2026-05-03 22:45:46,I,03,폐업,,0,,2003-05-06 11:23:16,,1994-08-01,100-310,서울특별시 중구 오장동 ***-*,CDFG1251001994000119,3010000,,서울특별시 중구 동호로**길 **  (오장동),,03,폐업,,,,,,
,경민출판사,2003-07-31,199438.671694039,451260.610919828,출판인쇄업,출판사,2026-05-03 22:45:46,I,03,폐업,,,,2003-07-31 13:43:20,,1994-08-02,100-281,서울특별시 중구 인현동*가 ***-*,CDFG1251001994000121,3010000,,서울특별시 중구 마른내로*가길 **-*  (인현동*가),,03,폐업,,,,,,
,민정출판사,2001-08-09,199397.500732331,451097.743680417,출판인쇄업,출판사,2026-05-03 22:45:46,I,03,폐업,,0,,2003-05-06 11:23:16,,1994-08-03,100-862,서울특별시 중구 충무로*가 ***-* *층,CDFG1251001994000122,3010000,,"서울특별시 중구 퇴계로**길 **-**  (충무로*가,*층)",,03,폐업,,,,,,
,열린출판사,2001-08-09,199810.591813598,451300.59780961,출판인쇄업,출판사,2026-05-03 22:45:46,I,03,폐업,,0,,2003-05-06 11:23:16,,1994-08-04,100-290,서울특별시 중구 예관동 **-** 시사빌딩 ***동,CDFG1251001994000123,3010000,,"서울특별시 중구 창경궁로 **-*, ***동 (예관동,시사빌딩)",,03,폐업,,,,,,
,벧엘문화사,1998-10-30,,,출판인쇄업,출판사,2026-05-03 22:45:46,I,03,폐업,,0,,2003-05-06 11:23:16,,1994-08-06,100-845,서울특별시 중구 을지로*가 ***-*,CDFG1251001994000125,3010000,,,,03,폐업,,,,,,
,새빛문화사,2000-08-09,201009.82972147,450494.057284186,출판인쇄업,출판사,2026-05-03 22:45:46,I,03,폐업,,0,,2003-05-06 11:23:16,,1994-08-06,100-826,서울특별시 중구 신당동 ***-** 신영빌딩 *층동,CDFG1251001994000127,3010000,,"서울특별시 중구 다산로**길 *, *층동 (신당동,신영빌딩)",,03,폐업,,,,,,
,연합출판사,2003-06-19,201384.456643466,451334.342960082,출판인쇄업,출판사,2026-05-03 22:45:46,I,03,폐업,,,,2003-06-19 09:40:02,,1994-08-10,100-819,서울특별시 중구 신당동 ***-* 남흥빌딩 ***동,CDFG1251001994000128,3010000,,"서울특별시 중구 다산로 ***, ***동 (신당동,남흥빌딩)",,03,폐업,,,,,,
,주-티피에스,2019-06-28,201108.604914416,450514.4752149,출판인쇄업,출판사,2026-05-03 22:45:46,I,03,폐업,,0,0,2019-06-28 14:31:38,,1994-08-11,100-826,서울특별시 중구 신당동 ***-* *층,CDFG1251001994000129,3010000,,"서울특별시 중구 동호로**길 ** (신당동,*층)",,03,폐업,,,,22535400,0,0
,세림출판사,2006-01-20,199656.718929163,451320.373478515,출판인쇄업,출판사,2026-05-03 22:45:47,I,03,폐업,,,,2006-01-20 13:18:16,,1994-08-11,100-282,서울특별시 중구 인현동*가 ***-**,CDFG1251001994000132,3010000,,서울특별시 중구 마른내로 **  (인현동*가),,03,폐업,,,,,,
,신선사,2016-08-24,199397.929192719,451527.53625738,출판인쇄업,출판사,2026-05-03 22:45:47,I,03,폐업,,0,,2016-08-24 10:17:55,,1994-08-11,100-847,서울특별시 중구 을지로*가 *** 유일빌딩 ***동,CDFG1251001994000133,3010000,,"서울특별시 중구 을지로**길 *-*, ***동 (을지로*가,유일빌딩)",,03,폐업,,,,,,
,하여가,2000-08-09,,,출판인쇄업,출판사,2026-05-03 22:45:47,I,03,폐업,,0,,2003-05-06 11:23:16,,1994-08-23,100-844,서울특별시 중구 을지로*가 **-* 영서빌딩 *층동,CDFG1251001994000136,3010000,,,,03,폐업,,,,,,
,길눈기획,2005-04-01,198840.291875239,450898.702989824,출판인쇄업,출판사,2026-05-03 22:45:47,I,03,폐업,,,,2005-04-01 09:08:17,,1994-08-26,100-043,서울특별시 중구 남산동*가 **-* 수여빌딩 *층동,CDFG1251001994000137,3010000,,"서울특별시 중구 퇴계로**길 **-*, *층동 (남산동*가,수여빌딩)",,03,폐업,,,,77904200,,
,청화출판사,2013-12-30,200965.750446959,450692.920857769,출판인쇄업,출판사,2026-05-03 22:45:47,I,03,폐업,,,,2013-12-30 17:32:41,,1994-08-26,100-452,서울특별시 중구 신당동 ***-** ***호,CDFG1251001994000138,3010000,,"서울특별시 중구 동호로**길 **, ***호 (신당동)",,03,폐업,,,,02-2234-2241,,
,세종미디어,2008-03-21,198857.710407155,451050.354751416,출판인쇄업,출판사,2026-05-03 22:45:47,I,03,폐업,,,,2008-03-21 16:52:55,,1994-09-05,100-861,서울특별시 중구 충무로*가 **-* 세종별관 *층동,CDFG1251001994000139,3010000,,"서울특별시 중구 명동*가길 **, *층동 (충무로*가,세종별관)",,03,폐업,,,,,,
,함주,2001-03-22,198654.244129669,451056.468131622,출판인쇄업,출판사,2026-05-03 22:45:47,I,03,폐업,,0,,2003-05-06 11:23:16,,1994-09-05,100-861,서울특별시 중구 충무로*가 **-* *층,CDFG1251001994000140,3010000,,"서울특별시 중구 명동*가길 *-*  (충무로*가,*층)",,03,폐업,,,,,,
,원장문화사,2001-06-26,,,출판인쇄업,출판사,2026-05-03 22:45:47,I,03,폐업,,0,,2003-05-06 11:23:16,,1994-09-05,100-282,서울특별시 중구 인현동*가 ***-** 신성상가 ***동,CDFG1251001994000141,3010000,,,,03,폐업,,,,,,
,대봉출판사,2007-04-04,200204.18566084,450992.48880821,출판인쇄업,출판사,2026-05-03 22:45:47,I,03,폐업,,,,2007-04-04 14:54:36,,1994-09-05,100-855,서울특별시 중구 장충동*가 ***-*** 동남빌딩 *층동,CDFG1251001994000142,3010000,,"서울특별시 중구 동호로 ***, *층동 (장충동*가,동남빌딩)",,03,폐업,,,,,,
,글무리,2001-08-09,199455.047882542,450463.90622863,출판인쇄업,출판사,2026-05-03 22:45:47,I,03,폐업,,0,,2003-05-06 11:23:16,,1994-09-07,100-272,서울특별시 중구 필동*가 ***-*,CDFG1251001994000143,3010000,,서울특별시 중구 퇴계로**가길 **-**  (필동*가),,03,폐업,,,,,,
,네오컨셉,2001-08-09,199024.954128898,450930.705094537,출판인쇄업,출판사,2026-05-03 22:45:47,I,03,폐업,,0,,2003-05-06 11:23:16,,1994-09-07,100-240,서울특별시 중구 주자동 **-* 대도빌딩 *층동,CDFG1251001994000144,3010000,,"서울특별시 중구 삼일대로*길 **, *층동 (주자동,대도빌딩)",,03,폐업,,,,,,
,하날오름,2005-10-18,200423.189208445,451056.138976104,출판인쇄업,출판사,2026-05-03 22:45:47,I,03,폐업,,,,2005-10-18 15:20:18,,1994-09-26,100-855,서울특별시 중구 장충동*가 **-*,CDFG1251001994000151,3010000,,서울특별시 중구 퇴계로**길 **  (장충동*가),,03,폐업,,,,,,
,신새벽,2005-12-19,199571.599470393,451124.851387624,출판인쇄업,출판사,2026-05-03 22:45:47,I,03,폐업,,,,2005-12-19 15:13:13,,1994-09-26,100-863,서울특별시 중구 충무로*가 ***-* 진양빌딩 ***동,CDFG1251001994000152,3010000,,"서울특별시 중구 퇴계로 ***, ***동 (충무로*가,진양빌딩)",,03,폐업,,,,,,
,미디어시평사,2001-06-26,199559.81287492,451275.242508566,출판인쇄업,출판사,2026-05-03 22:45:47,I,03,폐업,,0,,2003-05-06 11:23:16,,1994-09-29,100-282,서울특별시 중구 인현동*가 ***-** 신성빌딩 ***동,CDFG1251001994000154,3010000,,"서울특별시 중구 마른내로 **, ***동 (인현동*가,신성빌딩)",,03,폐업,,,,,,
,복지,1999-05-26,201024.827476964,450771.243956975,출판인쇄업,출판사,2026-05-03 22:45:47,I,03,폐업,,0,,2003-05-06 11:23:16,,1994-09-30,100-829,서울특별시 중구 신당동 ***-** 장충빌딩 ***동,CDFG1251001994000155,3010000,,,,03,폐업,,,,,,
,지혜악보출판사,2001-08-09,,,출판인쇄업,출판사,2026-05-03 22:45:47,I,03,폐업,,0,,2003-05-06 11:23:16,,1994-10-04,100-281,서울특별시 중구 인현동*가 **-** 신도빌딩 ***동,CDFG1251001994000156,3010000,,,,03,폐업,,,,,,
,도서출판맑은샘,1996-09-25,,,출판인쇄업,출판사,2026-05-03 22:45:47,I,03,폐업,,0,,2003-05-06 11:23:16,,1994-10-06,100-013,서울특별시 중구 충무로*가 **,CDFG1251001994000157,3010000,,,,03,폐업,,,,,,
,한국구매자재관리협회,2001-03-29,200226.319205055,451207.304538571,출판인쇄업,출판사,2026-05-03 22:45:47,I,03,폐업,,0,,2003-05-06 11:23:16,,1994-10-06,100-400,서울특별시 중구 쌍림동 ***-** 쌍수빌딩 *층동,CDFG1251001994000158,3010000,,"서울특별시 중구 퇴계로 ***, *층동 (쌍림동,쌍수빌딩)",,03,폐업,,,,,,
,우리들,2020-12-30,199170.677028258,451519.369414946,출판인쇄업,출판사,2026-05-03 22:45:47,I,03,폐업,,0,,2020-12-30 16:50:39,,1994-10-12,100-846,서울특별시 중구 을지로*가 ***-** 동화빌딩 ***동,CDFG1251001994000159,3010000,,"서울특별시 중구 을지로**길 *, ***동 (을지로*가,동화빌딩)",,03,폐업,,,,,,
,화동,2000-07-03,200020.63978071,451141.036979227,출판인쇄업,출판사,2026-05-03 22:45:47,I,03,폐업,,0,,2003-05-06 11:23:16,,1994-10-12,100-380,서울특별시 중구 묵정동 **-* 보림빌딩 ***동,CDFG1251001994000161,3010000,,"서울특별시 중구 퇴계로 ***, ***동 (묵정동,보림빌딩)",,03,폐업,,,,,,
,형제아트컴,2021-04-20,199516.621609758,451459.670469528,출판인쇄업,출판사,2026-05-03 22:45:47,I,03,폐업,,0,,2021-04-20 15:23:38,,1994-10-14,100-281,서울특별시 중구 인현동*가 **-* 혜란빌딩 *층동,CDFG1251001994000162,3010000,,"서울특별시 중구 을지로**길 **, *층동 (인현동*가,혜란빌딩)",,03,폐업,,,,,,
,선재마을,2000-07-31,199141.633753079,451495.444665489,출판인쇄업,출판사,2026-05-03 22:45:47,I,03,폐업,,0,,2003-05-06 11:23:16,,1994-10-14,100-846,서울특별시 중구 을지로*가 *** 동신빌딩 ***동,CDFG1251001994000163,3010000,,"서울특별시 중구 을지로**길 **, ***동 (을지로*가,동신빌딩)",,03,폐업,,,,,,
,열매,2001-08-09,199941.744032253,451314.073491563,출판인쇄업,출판사,2026-05-03 22:45:47,I,03,폐업,,0,,2003-05-06 11:23:16,,1994-10-12,100-310,서울특별시 중구 오장동 **-* 코발트빌딩 *층호,CDFG1251001994000165,3010000,,"서울특별시 중구 퇴계로**길 **-**,  *층호 (오장동,코발트빌딩)",,03,폐업,,,,,,
,관훈마케팅리서치,2001-08-09,198063.008987729,451052.004950709,출판인쇄업,출판사,2026-05-03 22:45:47,I,03,폐업,,0,,2003-05-06 11:23:16,,1994-10-26,100-080,서울특별시 중구 북창동 **-* 삼옥빌딩 ***동,CDFG1251001994000167,3010000,,"서울특별시 중구 남대문로*길 *, ***동 (북창동,삼옥빌딩)",,03,폐업,,,,,,
,바이칼문화쎈타,2000-08-09,200349.704652903,451312.763287331,출판인쇄업,출판사,2026-05-03 22:45:47,I,03,폐업,,0,,2003-05-06 11:23:16,,1994-10-26,100-400,서울특별시 중구 쌍림동 **-* 벽산빌딩 ***동,CDFG1251001994000168,3010000,,"서울특별시 중구 퇴계로 ***, ***동 (쌍림동,벽산빌딩)",,03,폐업,,,,,,
,정론,2001-08-09,,,출판인쇄업,출판사,2026-05-03 22:45:47,I,03,폐업,,0,,2003-05-06 11:23:16,,1994-11-10,100-845,서울특별시 중구 을지로*가 ***-* 칼라빌딩 ***동,CDFG1251001994000171,3010000,,,,03,폐업,,,,,,
,아트예원,2001-08-09,,,출판인쇄업,출판사,2026-05-03 22:45:47,I,03,폐업,,0,,2003-05-06 11:23:16,,1994-11-10,100-845,서울특별시 중구 을지로*가 ***-* *층,CDFG1251001994000174,3010000,,,,03,폐업,,,,,,
,갑을전산,2000-01-31,,,출판인쇄업,출판사,2026-05-03 22:45:47,I,03,폐업,,0,,2003-05-06 11:23:16,,1994-11-10,100-282,서울특별시 중구 인현동*가 ***-*** *층,CDFG1251001994000175,3010000,,,,03,폐업,,,,,,
,대주기획,2001-08-09,200118.849500872,451290.362422129,출판인쇄업,출판사,2026-05-03 22:45:47,I,03,폐업,,0,,2003-05-06 11:23:16,,1994-11-16,100-310,서울특별시 중구 오장동 ***-** 대동빌딩 *층동,CDFG1251001994000176,3010000,,"서울특별시 중구 동호로**길 *-*, *층동 (오장동,대동빌딩)",,03,폐업,,,,,,
,한국교회문화사,2004-12-30,199526.416139264,451693.211256949,출판인쇄업,출판사,2026-05-03 22:45:48,I,03,폐업,,,,2005-01-03 09:37:43,,1994-11-17,100-340,서울특별시 중구 산림동 ***-* 대림상가 ***동 *호,CDFG1251001994000177,3010000,,"서울특별시 중구 을지로 ***, ***동 *호 (산림동,대림상가)",,03,폐업,,,,,,
,나무꾼,1997-03-11,198991.480652031,451591.912071216,출판인쇄업,출판사,2026-05-03 22:45:48,I,03,폐업,,0,,2003-05-06 11:23:16,,1994-11-20,100-845,서울특별시 중구 을지로*가 ***-* 판코리아빌 딩동 ***호,CDFG1251001994000179,3010000,,,,03,폐업,,,,,,
,예진기획,2000-08-01,,,출판인쇄업,출판사,2026-05-03 22:45:48,I,03,폐업,,0,,2003-05-06 11:23:16,,1994-11-21,100-846,서울특별시 중구 을지로*가 ***-* 상지빌딩 *층동,CDFG1251001994000180,3010000,,,,03,폐업,,,,,,
,타임스폐이스,1996-09-12,199189.786245108,451121.34232144,출판인쇄업,출판사,2026-05-03 22:45:48,I,03,폐업,,0,,2003-05-06 11:23:16,,1994-12-01,100-013,서울특별시 중구 충무로*가 **-*,CDFG1251001994000181,3010000,,서울특별시 중구 퇴계로**길 **  (충무로*가),,03,폐업,,,,,,
,도우미출판사,2014-02-11,199448.102922035,451548.668257947,출판인쇄업,출판사,2026-05-03 22:45:48,I,03,폐업,,,,2014-02-11 17:15:19,,1994-12-01,100-193,서울특별시 중구 을지로*가 ***-* 중앙데코프라자 ***호,CDFG1251001994000182,3010000,,"서울특별시 중구 을지로 ***, ***호 (을지로*가,중앙데코프라자)",,03,폐업,,,,02-2271-2526,,
,열림,2020-07-28,199438.671694039,451260.610919828,출판인쇄업,출판사,2026-05-03 22:45:48,I,03,폐업,,0,,2020-07-28 17:50:58,,1994-12-06,100-281,서울특별시 중구 인현동*가 ***-* 호수빌딩 *층동,CDFG1251001994000183,3010000,,"서울특별시 중구 마른내로*가길 **-*, *층동 (인현동*가,호수빌딩)",,03,폐업,,,,,,
,탈,2001-08-09,199992.358454797,451223.506348874,출판인쇄업,출판사,2026-05-03 22:45:48,I,03,폐업,,0,,2003-05-06 11:23:16,,1994-12-10,100-015,서울특별시 중구 충무로*가 *-** *층,CDFG1251001994000185,3010000,,"서울특별시 중구 마른내로**길 **  (충무로*가,*층)",,03,폐업,,,,,,
,신즈데코,2009-12-23,200809.914617529,450438.308878994,출판인쇄업,출판사,2026-05-03 22:45:48,I,03,폐업,,0,,2009-12-23 15:48:38,,1994-12-10,100-834,서울특별시 중구 신당동 ***-* 덕암빌딩 *층동,CDFG1251001994000186,3010000,,"서울특별시 중구 동호로 ***, *층동 (신당동,덕암빌딩)",,03,폐업,,,,,,
,신광수전천후영어사,2023-10-26,198402.001354738,450526.11810499,출판인쇄업,출판사,2026-05-03 22:45:48,I,03,폐업,,0,,2023-10-27 14:10:52,,1994-12-10,100-877,서울특별시 중구 회현동*가 **-* 아일빌딩 ***동,CDFG1251001994000187,3010000,,"서울특별시 중구 소공로*길 **, ***동 (회현동*가,아일빌딩)",,03,폐업,,,,,,
,카프카,2001-08-09,200096.300426302,451282.16532931,출판인쇄업,출판사,2026-05-03 22:45:48,I,03,폐업,,0,,2003-05-06 11:23:16,,1994-12-10,100-310,서울특별시 중구 오장동 ***-*,CDFG1251001994000188,3010000,,서울특별시 중구 퇴계로**길 **  (오장동),,03,폐업,,,,,,
,서진,2000-06-29,,,출판인쇄업,출판사,2026-05-03 22:45:48,I,03,폐업,,0,,2003-05-06 11:23:16,,1994-12-12,100-130,서울특별시 중구 순화동 ** 지하,CDFG1251001994000191,3010000,,,,03,폐업,,,,,,
,원이네,1998-01-26,200224.815166574,451582.627103843,출판인쇄업,출판사,2026-05-03 22:45:48,I,03,폐업,,0,,2003-05-06 11:23:16,,1994-12-16,100-195,서울특별시 중구 을지로*가 **-*,CDFG1251001994000192,3010000,,서울특별시 중구 을지로 ***  (을지로*가),,03,폐업,,,,,,
,도봉,1996-02-01,199243.719707907,451518.197727854,출판인쇄업,출판사,2026-05-03 22:45:48,I,03,폐업,,0,,2003-05-06 11:23:16,,1994-12-16,100-846,서울특별시 중구 을지로*가 ***-* 양지빌딩 ***동,CDFG1251001994000193,3010000,,,,03,폐업,,,,,,
,민창,2000-08-16,199914.413946025,451164.770966457,출판인쇄업,출판사,2026-05-03 22:45:48,I,03,폐업,,0,,2003-05-06 11:23:16,,1994-12-16,100-015,서울특별시 중구 충무로*가 **-** 삼호빌딩 *층동,CDFG1251001994000194,3010000,,"서울특별시 중구 퇴계로 ***, *층동 (충무로*가,삼호빌딩)",,03,폐업,,,,,,
,하이터치,2001-02-13,200864.459766006,451352.433715488,출판인쇄업,출판사,2026-05-03 22:45:48,I,03,폐업,,0,,2003-05-06 11:23:16,,1994-12-22,100-888,서울특별시 중구 신당동 ***-**,CDFG1251001994000195,3010000,,,,03,폐업,,,,,,
,좋은세상만들기,2000-01-29,,,출판인쇄업,출판사,2026-05-03 22:45:48,I,03,폐업,,0,,2003-05-06 11:23:16,,1994-12-30,100-196,서울특별시 중구 을지로*가 **-** 백림빌딩 *층동,CDFG1251001994000197,3010000,,,,03,폐업,,,,,,
,디드커뮤니케이션,2001-08-09,201300.630310811,451524.229861945,출판인쇄업,출판사,2026-05-03 22:45:48,I,03,폐업,,0,,2003-05-06 11:23:16,,1994-12-30,100-880,서울특별시 중구 흥인동 *** *층,CDFG1251001994000201,3010000,,"서울특별시 중구 퇴계로**길 **  (흥인동,*층)",,03,폐업,,,,,,
,정성문화사,2001-08-09,,,출판인쇄업,출판사,2026-05-03 22:45:48,I,03,폐업,,0,,2003-05-06 11:23:16,,1994-12-31,100-210,서울특별시 중구 수하동 * 고려빌딩 ***동,CDFG1251001994000203,3010000,,,,03,폐업,,,,,,
,정문당,2005-03-30,198825.069980637,451046.81426101,출판인쇄업,출판사,2026-05-03 22:45:48,I,03,폐업,,,,2005-03-30 09:38:19,,1994-10-08,100-861,서울특별시 중구 충무로*가 **-*,CDFG1251001994000205,3010000,,서울특별시 중구 명동*가길 **-*  (충무로*가),,03,폐업,,,,,,
,새로운제안,2006-01-12,201410.570832424,451046.862222861,출판인쇄업,출판사,2026-05-03 22:45:48,I,03,폐업,,,,2006-01-12 16:04:38,,1994-10-04,100-824,서울특별시 중구 신당동 ***-* 선진문화빌딩*층,CDFG1251001994000206,3010000,,"서울특별시 중구 다산로**길 **  (신당동,선진문화빌딩*층)",,03,폐업,,,,22389740,,
,청노루,2001-04-06,201245.570813292,451608.806007384,출판인쇄업,출판사,2026-05-03 22:45:48,I,03,폐업,,0,,2003-05-06 11:23:16,,1994-01-26,100-880,서울특별시 중구 흥인동 ***-* 신충빌딩 *층동,CDFG1251001994000207,3010000,,"서울특별시 중구 다산로**길 **, *층동 (흥인동,신충빌딩)",,03,폐업,,,,,,
,전기정보사,2008-08-29,199941.744032253,451314.073491563,출판인쇄업,출판사,2026-05-03 22:45:48,I,03,폐업,,,,2008-08-29 15:18:25,,1994-05-27,100-310,서울특별시 중구 오장동 **-* 코발트빌딩 ***호,CDFG1251001994000208,3010000,,"서울특별시 중구 퇴계로**길 **-**  (오장동,코발트빌딩 ***호)",,03,폐업,,,,22645432,,
,도서출판금융승진교육,2000-08-29,197365.094626051,451701.65750808,출판인쇄업,출판사,2026-05-03 22:45:48,I,03,폐업,,0,,2003-05-06 11:23:16,,1994-11-17,100-120,서울특별시 중구 정동 **-*,CDFG1251001994000210,3010000,,서울특별시 중구 정동길 **-**  (정동),,03,폐업,,,,,,
,(주)트리마드,2000-02-23,197271.110826728,451730.615153309,출판인쇄업,출판사,2026-05-03 22:45:48,I,03,폐업,,0,,2003-05-06 11:23:16,,1994-06-01,100-702,서울특별시 중구 정동 **-* 경향신문사 *층동,CDFG1251001994000214,3010000,,"서울특별시 중구 정동길 *, *층동 (정동,경향신문사)",,03,폐업,,,,,,
,세진미디어,2004-01-12,199438.671694039,451260.610919828,출판인쇄업,출판사,2026-05-03 22:45:48,I,03,폐업,,,,2004-03-24 18:20:52,,1994-07-19,100-281,서울특별시 중구 인현동*가 ***-* 호수빌딩 *층동,CDFG1251001994000216,3010000,,"서울특별시 중구 마른내로*가길 **-*, *층동 (인현동*가,호수빌딩)",,03,폐업,,,,,,
,(주)올리브커뮤니케이,1998-04-08,198388.365585519,450963.241815173,출판인쇄업,출판사,2026-05-03 22:45:48,I,03,폐업,,0,,2003-05-06 11:23:16,,1994-05-16,100-011,서울특별시 중구 충무로*가 **-*,CDFG1251001994000217,3010000,,서울특별시 중구 퇴계로 **  (충무로*가),,03,폐업,,,,,,
,일본어연구사,1999-02-01,199442.259700094,451429.482921382,출판인쇄업,출판사,2026-05-03 22:45:29,I,03,폐업,,0,,2003-05-06 11:23:16,,1993-11-09,100-281,서울특별시 중구 인현동*가 **,CDFG1251001993000131,3010000,,서울특별시 중구 을지로**길 **  (인현동*가),,03,폐업,,,,,,
,양우,2001-08-09,199269.527925864,451465.042156905,출판인쇄업,출판사,2026-05-03 22:45:29,I,03,폐업,,0,,2003-05-06 11:23:16,,1993-11-15,100-846,서울특별시 중구 을지로*가 ***-* 상립빌딩 ***동,CDFG1251001993000132,3010000,,,,03,폐업,,,,,,
,코릭스,1998-04-09,198455.731668414,451374.257435598,출판인쇄업,출판사,2026-05-03 22:45:29,I,03,폐업,,0,,2003-05-06 11:23:16,,1993-11-17,100-845,서울특별시 중구 을지로*가 ***-**,CDFG1251001993000133,3010000,,서울특별시 중구 명동*가길 **-*  (을지로*가),,03,폐업,,,,,,
,장강,2000-08-08,199924.812948436,451097.997481373,출판인쇄업,출판사,2026-05-03 22:45:29,I,03,폐업,,0,,2003-05-06 11:23:16,,1993-11-17,100-380,서울특별시 중구 묵정동 *-** 승담빌딩 ***동,CDFG1251001993000134,3010000,,"서울특별시 중구 퇴계로**길 *, ***동 (묵정동,승담빌딩)",,03,폐업,,,,,,
,석필스키피프레스,2005-06-30,200580.861436141,450739.111331078,출판인쇄업,출판사,2026-05-03 22:45:29,I,03,폐업,,,,2005-06-30 13:57:47,,1993-11-22,100-391,서울특별시 중구 장충동*가 *** 환경빌딩*층,CDFG1251001993000138,3010000,,"서울특별시 중구 동호로 ***  (장충동*가,환경빌딩*층)",,03,폐업,,,,22653943,,
,크로스,2001-06-30,199198.649726286,451216.422597341,출판인쇄업,출판사,2026-05-03 22:45:35,I,03,폐업,,0,,2003-05-06 11:23:16,,1993-11-30,100-300,서울특별시 중구 초동 **-** *층,CDFG1251001993000142,3010000,,"서울특별시 중구 마른내로*길 **  (초동,*층)",,03,폐업,,,,,,
,이레아트,2001-03-03,199924.812948436,451097.997481373,출판인쇄업,출판사,2026-05-03 22:45:35,I,03,폐업,,0,,2003-05-06 11:23:16,,1993-11-30,100-380,서울특별시 중구 묵정동 *-** 승담빌딩 ***동,CDFG1251001993000144,3010000,,"서울특별시 중구 퇴계로**길 *, ***동 (묵정동,승담빌딩)",,03,폐업,,,,,,
,챔프교육개발원,2000-12-20,200067.55769401,451391.93131654,출판인쇄업,출판사,2026-05-03 22:45:35,I,03,폐업,,0,,2003-05-06 11:23:16,,1993-11-30,100-310,서울특별시 중구 오장동 ***-** 평원빌딩 ***동,CDFG1251001993000145,3010000,,"서울특별시 중구 을지로**길 **, ***동 (오장동,평원빌딩)",,03,폐업,,,,,,
,금융저널사,2001-08-09,,,출판인쇄업,출판사,2026-05-03 22:45:35,I,03,폐업,,0,,2003-05-06 11:23:16,,1993-11-30,100-210,서울특별시 중구 수하동 ** 환성빌딩 ***동,CDFG1251001993000146,3010000,,,,03,폐업,,,,,,
,(주)두봉미디어,2000-01-27,201009.82972147,450494.057284186,출판인쇄업,출판사,2026-05-03 22:45:36,I,03,폐업,,0,,2003-05-06 11:23:16,,1993-12-03,100-826,서울특별시 중구 신당동 ***-** 신영빌딩 *층동,CDFG1251001993000147,3010000,,"서울특별시 중구 다산로**길 *, *층동 (신당동,신영빌딩)",,03,폐업,,,,,,
,새롬미디어,2001-08-09,199115.162515675,451501.106828934,출판인쇄업,출판사,2026-05-03 22:45:36,I,03,폐업,,0,,2003-05-06 11:23:16,,1993-12-03,100-846,서울특별시 중구 을지로*가 *** 상지빌딩 ***동,CDFG1251001993000148,3010000,,"서울특별시 중구 을지로 ***-**, ***동 (을지로*가,상지빌딩)",,03,폐업,,,,,,
,신성미디어,2006-03-23,199963.784267847,451101.02324467,출판인쇄업,출판사,2026-05-03 22:45:36,I,03,폐업,,,,2007-01-02 10:59:11,,1993-12-10,100-380,서울특별시 중구 묵정동 **-**,CDFG1251001993000149,3010000,,서울특별시 중구 퇴계로**길 **  (묵정동),,03,폐업,,,,,,
,개혁신앙,2001-08-09,199497.335216342,451166.221431998,출판인쇄업,출판사,2026-05-03 22:45:37,I,03,폐업,,0,,2003-05-06 11:23:16,,1993-12-17,100-282,서울특별시 중구 인현동*가 ***-** *층,CDFG1251001993000151,3010000,,"서울특별시 중구 마른내로*길 **  (인현동*가,*층)",,03,폐업,,,,,,
,진재출판사,2001-08-09,200091.793057495,451440.686773535,출판인쇄업,출판사,2026-05-03 22:45:37,I,03,폐업,,0,,2003-05-06 11:23:16,,1993-12-21,100-310,서울특별시 중구 오장동 ***-** ***,CDFG1251001993000152,3010000,,,,03,폐업,,,,,,
,정원사,1997-08-23,200224.815166574,451582.627103843,출판인쇄업,출판사,2026-05-03 22:45:37,I,03,폐업,,0,,2003-05-06 11:23:16,,1993-12-24,100-195,서울특별시 중구 을지로*가 **-*,CDFG1251001993000153,3010000,,서울특별시 중구 을지로 ***  (을지로*가),,03,폐업,,,,,,
,책마당,2001-08-09,200223.086047814,451405.061128061,출판인쇄업,출판사,2026-05-03 22:45:37,I,03,폐업,,0,,2003-05-06 11:23:16,,1993-12-24,100-411,서울특별시 중구 광희동*가 ***-* 상명빌딩 ***동,CDFG1251001993000154,3010000,,"서울특별시 중구 마른내로 ***, ***동 (광희동*가,상명빌딩)",,03,폐업,,,,,,
근린생활시설,(주)세나쥬미디어,2002-04-02,201320.289041965,451036.942483482,출판인쇄업,출판사,2026-05-03 22:45:37,I,03,폐업,,0,0,2003-05-06 11:23:16,,1993-05-27,100-824,서울특별시 중구 신당동 ***-**,CDFG1251001993000158,3010000,,서울특별시 중구 청구로*길 **  (신당동),,03,폐업,,,,22372171,0,0
,도서출판 민.진.운.,1999-03-26,200098.006851067,451307.510521326,출판인쇄업,출판사,2026-05-03 22:45:37,I,03,폐업,,0,0,2003-05-06 11:23:16,,1993-05-29,100-310,서울특별시 중구 오장동 ***-* 넥서스타워***호,CDFG1251001993000159,3010000,,"서울특별시 중구 퇴계로**길 **  (오장동,넥서스타워***호)",,03,폐업,,,,,0,0
,(주)채널사팔,2004-09-22,,,출판인쇄업,출판사,2026-05-03 22:45:37,I,03,폐업,,,,2004-09-22 14:21:47,,1993-07-21,100-043,서울특별시 중구 남산동*가 **-** 남산빌딩 *층동,CDFG1251001993000160,3010000,,,,03,폐업,,,,,,
,에스디기획,2002-04-02,200580.861436141,450739.111331078,출판인쇄업,출판사,2026-05-03 22:45:37,I,03,폐업,,0,,2003-05-06 11:23:16,,1993-08-16,100-391,서울특별시 중구 장충동*가 *** 환경빌딩 *층동,CDFG1251001993000161,3010000,,"서울특별시 중구 동호로 ***, *층동 (장충동*가,환경빌딩)",,03,폐업,,,,,,
,보람,2000-10-26,199232.345917588,451069.902564679,출판인쇄업,출판사,2026-05-03 22:45:37,I,03,폐업,,0,,2003-05-06 11:23:16,,1993-09-14,100-866,서울특별시 중구 필동*가 *-* 세원빌딩 ***동,CDFG1251001993000162,3010000,,,,03,폐업,,,,,,
근린생활시설,선녀와나무꾼,2001-04-23,199253.913998846,451227.693913066,출판인쇄업,출판사,2026-05-03 22:45:37,I,03,폐업,,0,0,2003-05-06 11:23:16,,1993-11-24,100-300,서울특별시 중구 초동 **-* 초동빌딩 ***동,CDFG1251001993000163,3010000,,"서울특별시 중구 충무로 **-**, ***동 (초동,초동빌딩)",,03,폐업,,,,22648760,0,0
,선우도량,2006-05-03,200360.668298363,450827.577188449,출판인쇄업,출판사,2026-05-03 22:45:37,I,03,폐업,,,,2006-05-03 16:00:01,,1993-12-18,100-855,서울특별시 중구 장충동*가 ***-* 뉴장충빌딩 *층호,CDFG1251001993000168,3010000,,"서울특별시 중구 동호로**길 *-*,  *층호 (장충동*가,뉴장충빌딩)",,03,폐업,,,,,,
,도서출판 문예당,2001-03-14,199058.775381882,451672.282242238,출판인쇄업,출판사,2026-05-03 22:45:37,I,03,폐업,,0,,2003-05-06 11:23:16,,1993-02-26,100-230,서울특별시 중구 수표동 **-*,CDFG1251001993000169,3010000,,서울특별시 중구 충무로*길 **-*  (수표동),,03,폐업,,,,,,
,하늘출판사,1997-05-23,200229.445040175,451067.548779357,출판인쇄업,출판사,2026-05-03 22:45:37,I,03,폐업,,0,,2003-05-06 11:23:16,,1993-09-24,100-855,서울특별시 중구 장충동*가 ***-* 태광빌딩 *층동,CDFG1251001993000173,3010000,,"서울특별시 중구 동호로 ***, *층동 (장충동*가,태광빌딩)",,03,폐업,,,,,,
,(주)미디어시스템,2003-02-06,200229.445040175,451067.548779357,출판인쇄업,출판사,2026-05-03 22:45:37,I,03,폐업,,0,0,2003-05-06 11:23:16,,1993-09-24,100-855,서울특별시 중구 장충동*가 ***-*,CDFG1251001993000174,3010000,,서울특별시 중구 동호로 ***  (장충동*가),,03,폐업,,,,,0,0
,안암미디어,2002-07-12,199207.538777842,451529.342819592,출판인쇄업,출판사,2026-05-03 22:45:37,I,03,폐업,,0,0,2003-05-06 11:23:16,,1993-11-21,100-846,서울특별시 중구 을지로*가 ***-* 을지빌딩 ***동,CDFG1251001993000176,3010000,,"서울특별시 중구 을지로**길 *, ***동 (을지로*가,을지빌딩)",,03,폐업,,,,,0,0
,크로즈업,2001-08-09,199144.232344128,451225.7676101,출판인쇄업,출판사,2026-05-03 22:45:38,I,03,폐업,,0,,2003-05-06 11:23:16,,1994-01-07,100-032,서울특별시 중구 저동*가 **-** 경구빌딩 ***동,CDFG1251001994000001,3010000,,"서울특별시 중구 수표로 **-**, ***동 (저동*가,경구빌딩)",,03,폐업,,,,,,
,삼장,2001-08-09,,,출판인쇄업,출판사,2026-05-03 22:45:38,I,03,폐업,,0,,2003-05-06 11:23:16,,1994-01-07,100-220,서울특별시 중구 장교동 **-* 삼진빌딩 ***동,CDFG1251001994000003,3010000,,,,03,폐업,,,,,,
,주.애드컴,1996-02-02,197279.328436862,451765.426505347,출판인쇄업,출판사,2026-05-03 22:45:39,I,03,폐업,,0,,2003-05-06 11:23:16,,1994-01-14,100-120,서울특별시 중구 정동 **,CDFG1251001994000004,3010000,,서울특별시 중구 정동길 *  (정동),,03,폐업,,,,32723322,,
,영민출판사,2001-08-09,199442.571726631,451166.930101883,출판인쇄업,출판사,2026-05-03 22:45:39,I,03,폐업,,0,,2003-05-06 11:23:16,,1994-01-21,100-863,서울특별시 중구 충무로*가 **-** *층,CDFG1251001994000006,3010000,,"서울특별시 중구 마른내로*가길 **-*  (충무로*가,*층)",,03,폐업,,,,,,
,도서출판 바른글,1996-08-09,199559.81287492,451275.242508566,출판인쇄업,출판사,2026-05-03 22:45:40,I,03,폐업,,0,,2003-05-06 11:23:16,,1994-01-26,100-282,서울특별시 중구 인현동*가 ***-**,CDFG1251001994000008,3010000,,서울특별시 중구 마른내로 **  (인현동*가),,03,폐업,,,,,,
,인쇄저널,1999-08-03,200717.632950779,450453.629398887,출판인쇄업,출판사,2026-05-03 22:45:40,I,03,폐업,,0,,2003-05-06 11:23:16,,1994-01-27,100-894,서울특별시 중구 신당동 ***-* 장충빌딩 ***동,CDFG1251001994000009,3010000,,"서울특별시 중구 동호로**길 *, ***동 (신당동,장충빌딩)",,03,폐업,,,,,,
,퓨리탄,2000-08-09,197199.98375752,450649.107806091,출판인쇄업,출판사,2026-05-03 22:45:40,I,03,폐업,,0,,2003-05-06 11:23:16,,1994-01-29,100-858,서울특별시 중구 중림동 ***-** 삼창빌딩 ***동,CDFG1251001994000010,3010000,,"서울특별시 중구 청파로 ***, ***동 (중림동,삼창빌딩)",,03,폐업,,,,,,
,우성미디어,1996-05-07,201108.604914416,450514.4752149,출판인쇄업,출판사,2026-05-03 22:45:40,I,03,폐업,,0,,2003-05-06 11:23:16,,1994-02-02,100-826,서울특별시 중구 신당동 ***-*,CDFG1251001994000014,3010000,,서울특별시 중구 동호로**길 **  (신당동),,03,폐업,,,,,,
,대건문화,2000-08-09,200553.663307382,450756.588079434,출판인쇄업,출판사,2026-05-03 22:45:40,I,03,폐업,,0,,2003-05-06 11:23:16,,1994-02-02,100-391,서울특별시 중구 장충동*가 *** 제일상호 금고동 ***호,CDFG1251001994000015,3010000,,"서울특별시 중구 동호로 ***, 금고동 ***호 (장충동*가,제일상호)",,03,폐업,,,,,,
,동윤문화,1999-06-12,199279.677406441,451120.517700578,출판인쇄업,출판사,2026-05-03 22:45:40,I,03,폐업,,0,,2003-05-06 11:23:16,,1994-02-12,100-013,서울특별시 중구 충무로*가 ** 지산빌딩 ***동,CDFG1251001994000016,3010000,,"서울특별시 중구 충무로 **, ***동 (충무로*가,지산빌딩)",,03,폐업,,,,,,
,형제미디어,1999-03-29,199115.162515675,451501.106828934,출판인쇄업,출판사,2026-05-03 22:45:41,I,03,폐업,,0,0,2003-05-06 11:23:16,,1994-02-12,100-846,서울특별시 중구 을지로*가 ***-* 상지빌딩 ***동,CDFG1251001994000017,3010000,,"서울특별시 중구 을지로 ***-**, ***동 (을지로*가,상지빌딩)",,03,폐업,,,,,0,0
,오월오일,2003-04-22,200054.51719162,451439.62397297,출판인쇄업,출판사,2026-05-03 22:45:41,I,03,폐업,,0,0,2003-05-06 11:23:16,,1994-02-18,100-310,서울특별시 중구 오장동 ***-* ***호,CDFG1251001994000019,3010000,,"서울특별시 중구 동호로**길 **  (오장동,***호)",,03,폐업,,,,,0,0
,작가클럽,1998-02-07,201775.682523178,451396.878132704,출판인쇄업,출판사,2026-05-03 22:45:41,I,03,폐업,,0,,2003-05-06 11:23:16,,1994-02-19,100-819,서울특별시 중구 신당동 ***-*,CDFG1251001994000020,3010000,,서울특별시 중구 퇴계로**길 **  (신당동),,03,폐업,,,,,,
,향조기획,2017-03-29,197517.157288952,451193.921380271,출판인쇄업,출판사,2026-05-03 22:45:41,I,03,폐업,,0,,2017-03-29 11:39:37,,1994-02-21,100-738,서울특별시 중구 서소문동 **-* 배재빌딩 ***동,CDFG1251001994000021,3010000,,"서울특별시 중구 서소문로 ***, ***동 (서소문동,배재빌딩)",,03,폐업,,,,,,
,(주)시사통신사,2000-01-27,199810.591813598,451300.59780961,출판인쇄업,출판사,2026-05-03 22:45:41,I,03,폐업,,0,,2003-05-06 11:23:16,,1994-02-23,100-290,서울특별시 중구 예관동 **-** 시사빌딩 ***동,CDFG1251001994000022,3010000,,"서울특별시 중구 창경궁로 **-*, ***동 (예관동,시사빌딩)",,03,폐업,,,,,,
,헤브론,2000-08-09,200224.815166574,451582.627103843,출판인쇄업,출판사,2026-05-03 22:45:41,I,03,폐업,,0,,2003-05-06 11:23:16,,1994-03-10,100-195,서울특별시 중구 을지로*가 **-* A동 *층동 *호호,CDFG1251001994000027,3010000,,"서울특별시 중구 을지로 ***, *층동 *호호 (을지로*가,A동)",,03,폐업,,,,,,
,에센시,2000-06-21,199096.873608411,451430.950357021,출판인쇄업,출판사,2026-05-03 22:45:41,I,03,폐업,,0,,2003-05-06 11:23:16,,1994-03-18,100-032,서울특별시 중구 저동*가 *-* 저동빌딩 *층동,CDFG1251001994000030,3010000,,,,03,폐업,,,,,,
,월드기획,2001-08-09,201094.094727939,450549.159880216,출판인쇄업,출판사,2026-05-03 22:45:41,I,03,폐업,,,,2005-03-30 11:01:30,,1994-03-18,100-826,서울특별시 중구 신당동 ***-** 하나로빌딩 ***호,CDFG1251001994000031,3010000,,"서울특별시 중구 다산로**길 **,  ***호 (신당동,하나로빌딩)",,03,폐업,,,,,,
,(주)두비,2015-09-30,197489.820082993,451531.255928052,출판인쇄업,출판사,2026-05-03 22:45:41,I,03,폐업,,,,2015-09-30 15:03:31,,1994-03-21,100-120,"서울특별시 중구 정동 **-* *, *층",CDFG1251001994000032,3010000,,"서울특별시 중구 정동길 ** (정동,*, *층)",,03,폐업,,,,37021730,,
,예은,2011-04-07,199669.630600665,451201.89838731,출판인쇄업,출판사,2026-05-03 22:45:41,I,03,폐업,,0,,2011-04-07 15:43:08,,1994-03-21,100-290,서울특별시 중구 예관동 ***,CDFG1251001994000033,3010000,,서울특별시 중구 마른내로**길 **  (예관동),,03,폐업,,,,,,
,도서출판라그래픽,1999-02-06,199148.448171223,451106.077839979,출판인쇄업,출판사,2026-05-03 22:45:41,I,03,폐업,,0,,2003-05-06 11:23:16,,1994-03-25,100-013,서울특별시 중구 충무로*가 **-*,CDFG1251001994000035,3010000,,서울특별시 중구 수표로*길 **  (충무로*가),,03,폐업,,,,22632927,,
,화학공업조사,2001-08-09,197579.6119606,451207.320313674,출판인쇄업,출판사,2026-05-03 22:45:41,I,03,폐업,,0,,2003-05-06 11:23:16,,1994-03-26,100-813,서울특별시 중구 서소문동 **-* 삼령빌딩 지하동,CDFG1251001994000036,3010000,,"서울특별시 중구 서소문로 ***, 지하동 (서소문동,삼령빌딩)",,03,폐업,,,,,,
,설까치,2001-08-09,199606.111306323,451137.895818696,출판인쇄업,출판사,2026-05-03 22:45:41,I,03,폐업,,0,,2003-05-06 11:23:16,,1994-03-26,100-863,서울특별시 중구 충무로*가 **-** *층,CDFG1251001994000037,3010000,,"서울특별시 중구 창경궁로*길 **  (충무로*가,*층)",,03,폐업,,,,,,
,삼보기획,2004-01-12,199393.748061831,451020.317219361,출판인쇄업,출판사,2026-05-03 22:45:42,I,03,폐업,,,,2004-03-24 18:02:31,,1994-03-31,100-272,서울특별시 중구 필동*가 ** 충무빌딩 ***동,CDFG1251001994000040,3010000,,,,03,폐업,,,,,,
,동광문화사,2004-10-28,198933.368225877,451641.143432307,출판인쇄업,출판사,2026-05-03 22:45:42,I,03,폐업,,,,2004-10-29 09:54:52,,1994-04-01,100-230,서울특별시 중구 수표동 **-** 금속빌딩 ***동,CDFG1251001994000041,3010000,,"서울특별시 중구 을지로*길 **, ***동 (수표동,금속빌딩)",,03,폐업,,,,,,
,세방교육문화,2007-07-20,198455.495014106,451360.795584007,출판인쇄업,출판사,2026-05-03 22:45:42,I,03,폐업,,,,2007-07-20 13:20:37,,1994-04-01,100-845,서울특별시 중구 을지로*가 ***-** *층,CDFG1251001994000043,3010000,,"서울특별시 중구 명동*가길 **  (을지로*가,*층)",,03,폐업,,,,,,
,금정기획,1998-07-15,200219.078239632,451350.33615118,출판인쇄업,출판사,2026-05-03 22:45:42,I,03,폐업,,0,,2003-05-06 11:23:16,,1994-04-02,100-400,서울특별시 중구 쌍림동 ***-*,CDFG1251001994000044,3010000,,,,03,폐업,,,,,,
,그날,2005-01-25,,,출판인쇄업,출판사,2026-05-03 22:45:42,I,03,폐업,,,,2005-01-26 09:24:05,,1994-04-07,100-851,서울특별시 중구 을지로*가 **-** 성산빌딩 ***동,CDFG1251001994000045,3010000,,,,03,폐업,,,,,,
,글빛문화사,2001-02-19,201852.90567805,451278.460868549,출판인쇄업,출판사,2026-05-03 22:45:42,I,03,폐업,,0,,2003-05-06 11:23:16,,1994-04-07,100-819,서울특별시 중구 신당동 ***-** *층,CDFG1251001994000046,3010000,,"서울특별시 중구 퇴계로**길 **  (신당동,*층)",,03,폐업,,,,,,
,기획출판크레파스,1996-12-19,200118.849500872,451290.362422129,출판인쇄업,출판사,2026-05-03 22:45:42,I,03,폐업,,0,,2003-05-06 11:23:16,,1994-04-08,100-310,서울특별시 중구 오장동 ***-**,CDFG1251001994000047,3010000,,서울특별시 중구 동호로**길 *-*  (오장동),,03,폐업,,,,,,
,보문,2001-08-09,197588.589989441,450556.561989956,출판인쇄업,출판사,2026-05-03 22:45:42,I,03,폐업,,0,0,2003-05-06 11:23:16,,1994-04-11,100-800,서울특별시 중구 남대문로*가 **-** 덕우빌딩 ***동,CDFG1251001994000049,3010000,,"서울특별시 중구 세종대로 **, ***동 (남대문로*가,덕우빌딩)",,03,폐업,,,,,0,0
,사진개발원,2009-01-14,199055.551450467,451190.625636477,출판인쇄업,출판사,2026-05-03 22:45:42,I,03,폐업,,,,2009-01-14 14:11:14,,1994-04-11,100-032,서울특별시 중구 저동*가 **-*,CDFG1251001994000050,3010000,,서울특별시 중구 수표로 **  (저동*가),,03,폐업,,,,22790382,,
,국제문화상사,1997-04-18,199447.776675846,451506.332636518,출판인쇄업,출판사,2026-05-03 22:45:42,I,03,폐업,,0,,2003-05-06 11:23:16,,1994-04-15,100-847,서울특별시 중구 을지로*가 ***-*,CDFG1251001994000053,3010000,,서울특별시 중구 을지로**길 **  (을지로*가),,03,폐업,,,,,,
,명성기획,2001-08-09,199373.105346354,451204.793660469,출판인쇄업,출판사,2026-05-03 22:45:42,I,03,폐업,,0,,2003-05-06 11:23:16,,1994-04-16,100-281,서울특별시 중구 인현동*가 ***-* 영림빌딩 *층동,CDFG1251001994000054,3010000,,"서울특별시 중구 마른내로*길 **, *층동 (인현동*가,영림빌딩)",,03,폐업,,,,,,
,맺힘과풀림,2001-08-09,201744.608195905,451382.627215663,출판인쇄업,출판사,2026-05-03 22:45:42,I,03,폐업,,,,2005-10-20 15:58:42,,1994-04-19,100-819,서울특별시 중구 신당동 ***-* 정문빌딩 ***동,CDFG1251001994000055,3010000,,"서울특별시 중구 퇴계로**길 **-*, ***동 (신당동,정문빌딩)",,03,폐업,,,,,,
,환희출판사,2001-06-26,199664.139554783,451348.42374001,출판인쇄업,출판사,2026-05-03 22:45:43,I,03,폐업,,0,,2003-05-06 11:23:16,,1994-04-25,100-282,서울특별시 중구 인현동*가 ***-* 인현빌딩 ***동,CDFG1251001994000056,3010000,,"서울특별시 중구 마른내로 **, ***동 (인현동*가,인현빌딩)",,03,폐업,,,,,,
,중앙학력개발원,2001-08-09,198744.433228989,451677.065126229,출판인쇄업,출판사,2026-05-03 22:45:43,I,03,폐업,,0,,2003-05-06 11:23:16,,1994-04-16,100-760,서울특별시 중구 장교동 * 장교빌딩 ****동,CDFG1251001994000057,3010000,,,,03,폐업,,,,,,
,유디자인,2001-08-09,199345.537896557,451328.888559506,출판인쇄업,출판사,2026-05-03 22:45:43,I,03,폐업,,0,,2003-05-06 11:23:16,,1994-04-16,100-281,서울특별시 중구 인현동*가 ***-* 원일빌딩 ***동,CDFG1251001994000058,3010000,,"서울특별시 중구 마른내로 **-*, ***동 (인현동*가,원일빌딩)",,03,폐업,,,,,,
,성문기술,2001-08-09,199336.561282513,451483.203653197,출판인쇄업,출판사,2026-05-03 22:45:43,I,03,폐업,,0,,2003-05-06 11:23:16,,1994-04-27,100-847,서울특별시 중구 을지로*가 ***-** 삼지빌딩 ***동,CDFG1251001994000059,3010000,,"서울특별시 중구 충무로 **-*, ***동 (을지로*가,삼지빌딩)",,03,폐업,,,,,,
,남지,2008-08-28,199686.500051321,450981.732138047,출판인쇄업,출판사,2026-05-03 22:45:43,I,03,폐업,,,,2008-08-28 09:57:45,,1994-04-27,100-273,서울특별시 중구 필동*가 **-* *층,CDFG1251001994000060,3010000,,"서울특별시 중구 퇴계로**길 **  (필동*가,*층)",,03,폐업,,,,,,
,택산,2000-08-09,198966.75756329,451566.040264397,출판인쇄업,출판사,2026-05-03 22:45:43,I,03,폐업,,0,,2003-05-06 11:23:16,,1994-04-29,100-845,서울특별시 중구 을지로*가 ***-** 미광빌딩 ***동,CDFG1251001994000061,3010000,,"서울특별시 중구 을지로 **-*, ***동 (을지로*가,미광빌딩)",,03,폐업,,,,,,
,플라워기획,1996-07-22,199550.506270874,451392.219693582,출판인쇄업,출판사,2026-05-03 22:45:43,I,03,폐업,,0,,2003-05-06 11:23:16,,1994-04-29,100-282,서울특별시 중구 인현동*가 **-*,CDFG1251001994000062,3010000,,서울특별시 중구 마른내로 **  (인현동*가),,03,폐업,,,,,,
,시너지,1998-10-13,199206.79266091,451430.539792649,출판인쇄업,출판사,2026-05-03 22:45:56,I,03,폐업,,0,,2003-05-06 11:23:16,,1995-11-07,100-300,서울특별시 중구 초동 ***-**,CDFG1251001995000167,3010000,,서울특별시 중구 충무로*길 **  (초동),,03,폐업,,,,,,
,제일교육문화사,1997-05-10,198402.001354738,450526.11810499,출판인쇄업,출판사,2026-05-03 22:45:56,I,03,폐업,,0,,2003-05-06 11:23:16,,1995-11-14,100-877,서울특별시 중구 회현동*가 **-* 아일빌딩 ***동 A호,CDFG1251001995000170,3010000,,"서울특별시 중구 소공로*길 **, ***동 A호 (회현동*가,아일빌딩)",,03,폐업,,,,,,
,도서출판담비,1996-10-23,199297.876590178,451025.516575091,출판인쇄업,출판사,2026-05-03 22:45:56,I,03,폐업,,0,,2003-05-06 11:23:16,,1995-11-24,100-866,서울특별시 중구 필동*가 **-*,CDFG1251001995000176,3010000,,서울특별시 중구 퇴계로 ***  (필동*가),,03,폐업,,,,,,
,성조문화,2008-03-12,200070.96552289,451287.201381002,출판인쇄업,출판사,2026-05-03 22:45:56,I,03,폐업,,,,2008-03-12 13:47:34,,1995-12-02,100-015,서울특별시 중구 충무로*가 **-*,CDFG1251001995000178,3010000,,서울특별시 중구 퇴계로**길 **  (충무로*가),,03,폐업,,,,,,
,미래,2001-08-09,199531.046802555,451198.957550552,출판인쇄업,출판사,2026-05-03 22:45:56,I,03,폐업,,0,,2003-05-06 11:23:16,,1995-12-08,100-282,서울특별시 중구 인현동*가 ***-* 삼호빌딩 ***동,CDFG1251001995000179,3010000,,"서울특별시 중구 퇴계로**길 **, ***동 (인현동*가,삼호빌딩)",,03,폐업,,,,,,
,(주)동양프로세서,2001-08-09,199291.1619227,451171.005842739,출판인쇄업,출판사,2026-05-03 22:45:56,I,03,폐업,,0,,2003-05-06 11:23:16,,1995-12-11,100-013,서울특별시 중구 충무로*가 **-* *층,CDFG1251001995000181,3010000,,"서울특별시 중구 수표로*길 **-*  (충무로*가,*층)",,03,폐업,,,,,,
,한림저널,2001-08-09,199112.26210706,451742.749584731,출판인쇄업,출판사,2026-05-03 22:45:56,I,03,폐업,,0,,2003-05-06 11:23:16,,1995-12-11,100-230,서울특별시 중구 수표동 **-* 자원빌딩 ***동,CDFG1251001995000182,3010000,,"서울특별시 중구 청계천로 ***-*, ***동 (수표동,자원빌딩)",,03,폐업,,,,,,
,어당,1996-03-13,199517.786860136,451242.915456119,출판인쇄업,출판사,2026-05-03 22:45:56,I,03,폐업,,0,,2003-05-06 11:23:16,,1995-12-14,100-282,서울특별시 중구 인현동*가 ***-*,CDFG1251001995000183,3010000,,서울특별시 중구 마른내로*길 **  (인현동*가),,03,폐업,,,,,,
,수박기획,2001-08-09,199191.819222952,451636.275321387,출판인쇄업,출판사,2026-05-03 22:45:56,I,03,폐업,,0,,2003-05-06 11:23:16,,1995-12-23,100-846,서울특별시 중구 을지로*가 **-* 길영빌딩 ***동,CDFG1251001995000185,3010000,,,,03,폐업,,,,,,
,인포리서치,2001-08-09,199243.719707907,451518.197727854,출판인쇄업,출판사,2026-05-03 22:45:56,I,03,폐업,,0,,2003-05-06 11:23:16,,1995-12-23,100-846,서울특별시 중구 을지로*가 ***-* 성진빌딩 ***동,CDFG1251001995000186,3010000,,,,03,폐업,,,,,,
,수아트,2001-08-09,199243.719707907,451518.197727854,출판인쇄업,출판사,2026-05-03 22:45:57,I,03,폐업,,0,,2003-05-06 11:23:16,,1995-12-26,100-846,서울특별시 중구 을지로*가 ***-* 성진빌딩 ***동,CDFG1251001995000188,3010000,,,,03,폐업,,,,,,
,(주)한국경영기술지도,2000-08-09,200362.999982745,451491.458439952,출판인쇄업,출판사,2026-05-03 22:45:57,I,03,폐업,,0,,2003-05-06 11:23:16,,1995-12-26,100-196,서울특별시 중구 을지로*가 ** 쌍둥이빌딩 *층동,CDFG1251001995000189,3010000,,"서울특별시 중구 을지로**길 **-*, *층동 (을지로*가,쌍둥이빌딩)",,03,폐업,,,,,,
,한가람,2007-04-20,,,출판인쇄업,출판사,2026-05-03 22:45:57,I,03,폐업,,,,2007-04-20 11:08:31,,1995-04-29,100-845,서울특별시 중구 을지로*가 ***-* 삼진빌딩 ***동,CDFG1251001995000195,3010000,,,,03,폐업,,,,,,
,책과길,2004-08-23,199609.925255529,450783.157740456,출판인쇄업,출판사,2026-05-03 22:45:57,I,03,폐업,,,,2004-08-23 17:29:20,,1995-12-29,100-273,서울특별시 중구 필동*가 **-* *층,CDFG1251001995000196,3010000,,"서울특별시 중구 필동로 **  (필동*가,*층)",,03,폐업,,,,,,
,도서출판대화,1998-08-11,199323.638867183,450944.799308273,출판인쇄업,출판사,2026-05-03 22:45:57,I,03,폐업,,0,,2003-05-06 11:23:16,,1995-11-18,100-866,서울특별시 중구 필동*가 **-*,CDFG1251001995000200,3010000,,서울특별시 중구 퇴계로 ***  (필동*가),,03,폐업,,,,,,
,전미디어,1999-04-13,200247.098067944,451193.482960446,출판인쇄업,출판사,2026-05-03 22:45:57,I,03,폐업,,0,0,2003-05-06 11:23:16,,1995-08-30,100-400,서울특별시 중구 쌍림동 ***-** 쌍림빌딩 ****동,CDFG1251001995000203,3010000,,"서울특별시 중구 퇴계로 ***, ****동 (쌍림동,쌍림빌딩)",,03,폐업,,,,,0,0
,이니스프리,1998-02-12,198989.394558244,451675.09180947,출판인쇄업,출판사,2026-05-03 22:45:57,I,03,폐업,,0,,2003-05-06 11:23:16,,1995-10-16,100-230,서울특별시 중구 수표동 **-*,CDFG1251001995000205,3010000,,서울특별시 중구 수표로 **  (수표동),,03,폐업,,,,,,
,미래가이드,2013-09-25,201153.270333178,450614.328368754,출판인쇄업,출판사,2026-05-03 22:45:57,I,03,폐업,,0,,2013-09-25 14:54:32,,1995-03-02,100-826,서울특별시 중구 신당동 ***-** 청구빌딩 ***호,CDFG1251001995000207,3010000,,"서울특별시 중구 다산로**길 **,  ***호 (신당동,청구빌딩)",,03,폐업,,,,,,
,수수꽃다리,2005-03-14,200067.329848249,451325.520661529,출판인쇄업,출판사,2026-05-03 22:45:57,I,03,폐업,,,,2005-03-30 09:01:31,,1995-01-05,100-310,서울특별시 중구 오장동 ***-** *층,CDFG1251001995000209,3010000,,"서울특별시 중구 퇴계로**길 **  (오장동,*층)",,03,폐업,,,,,,
,성우인쇄,1998-09-01,199392.839440815,451411.336859041,출판인쇄업,출판사,2026-05-03 22:45:57,I,03,폐업,,0,,2003-05-06 11:23:16,,1996-02-29,100-281,서울특별시 중구 인현동*가 **-*,CDFG1251001996000001,3010000,,서울특별시 중구 충무로*길 **  (인현동*가),,03,폐업,,,,,,
,(주)금원종합상사,2000-04-19,199419.224640501,451089.581919218,출판인쇄업,출판사,2026-05-03 22:45:57,I,03,폐업,,0,,2003-05-06 11:23:16,,1996-08-26,100-862,서울특별시 중구 충무로*가 ***-**,CDFG1251001996000002,3010000,,서울특별시 중구 퇴계로**길 **  (충무로*가),,03,폐업,,,,,,
,동일문화사,2006-12-14,199365.054011861,451405.786219092,출판인쇄업,출판사,2026-05-03 22:45:57,I,03,폐업,,,,2006-12-14 17:45:50,,1996-07-29,100-281,서울특별시 중구 인현동*가 **-* *층,CDFG1251001996000003,3010000,,"서울특별시 중구 을지로**길 **-**  (인현동*가,*층)",,03,폐업,,,,,,
,(주)국민문화,1996-01-19,200078.73567993,450959.761311543,출판인쇄업,출판사,2026-05-03 22:45:57,I,03,폐업,,0,,2003-05-06 11:23:16,,1996-01-12,100-380,서울특별시 중구 묵정동 **-*,CDFG1251001996000004,3010000,,,,03,폐업,,,,,,
,대동기획인쇄,2002-04-02,199426.847208021,451393.68530822,출판인쇄업,출판사,2026-05-03 22:45:57,I,03,폐업,,0,0,2003-05-06 11:23:16,,1996-01-16,100-281,서울특별시 중구 인현동*가 **-*,CDFG1251001996000005,3010000,,서울특별시 중구 을지로**길 **  (인현동*가),,03,폐업,,,,22773488,0,0
,국민문화,2000-02-22,200078.73567993,450959.761311543,출판인쇄업,출판사,2026-05-03 22:45:57,I,03,폐업,,0,,2003-05-06 11:23:16,,1996-01-18,100-380,서울특별시 중구 묵정동 **-*,CDFG1251001996000007,3010000,,,,03,폐업,,,,,,
,송강,2000-08-16,199988.396580376,451182.074588582,출판인쇄업,출판사,2026-05-03 22:45:57,I,03,폐업,,0,,2003-05-06 11:23:16,,1996-01-24,100-015,서울특별시 중구 충무로*가 **-*,CDFG1251001996000008,3010000,,서울특별시 중구 퇴계로 ***  (충무로*가),,03,폐업,,,,,,
,시각공간,1999-03-09,199538.324142749,451030.247845607,출판인쇄업,출판사,2026-05-03 22:45:57,I,03,폐업,,0,0,2003-05-06 11:23:16,,1996-01-24,100-863,서울특별시 중구 충무로*가 ***-*,CDFG1251001996000009,3010000,,,,03,폐업,,,,,0,0
,한국사진선교센타,1997-01-22,198933.368225877,451641.143432307,출판인쇄업,출판사,2026-05-03 22:45:57,I,03,폐업,,0,,2003-05-06 11:23:16,,1996-02-06,100-230,서울특별시 중구 수표동 **-** 금속빌딩 ***동,CDFG1251001996000010,3010000,,"서울특별시 중구 을지로*길 **, ***동 (수표동,금속빌딩)",,03,폐업,,,,,,
,닥터스,2000-02-25,198744.433228989,451677.065126229,출판인쇄업,출판사,2026-05-03 22:45:57,I,03,폐업,,0,,2003-05-06 11:23:16,,1996-02-06,100-220,서울특별시 중구 장교동 *,CDFG1251001996000012,3010000,,,,03,폐업,,,,,,
,삼일,2001-03-26,199633.934569301,451265.433421283,출판인쇄업,출판사,2026-05-03 22:45:58,I,03,폐업,,0,,2003-05-06 11:23:16,,1996-02-09,100-282,서울특별시 중구 인현동*가 ***-*,CDFG1251001996000016,3010000,,서울특별시 중구 마른내로*길 **  (인현동*가),,03,폐업,,,,,,
,도서출판교육서당,1999-02-01,201775.682523178,451396.878132704,출판인쇄업,출판사,2026-05-03 22:45:58,I,03,폐업,,0,,2003-05-06 11:23:16,,1996-02-09,100-819,서울특별시 중구 신당동 ***-*,CDFG1251001996000017,3010000,,서울특별시 중구 퇴계로**길 **  (신당동),,03,폐업,,,,,,
,자료백과,1996-04-09,198769.460182908,451515.092636588,출판인쇄업,출판사,2026-05-03 22:45:58,I,03,폐업,,0,,2003-05-06 11:23:16,,1996-02-14,100-845,서울특별시 중구 을지로*가 ***-* 풍한빌딩 ***동,CDFG1251001996000019,3010000,,,,03,폐업,,,,,,
,남영,2001-08-09,200048.85942052,451244.66496635,출판인쇄업,출판사,2026-05-03 22:45:58,I,03,폐업,,0,,2003-05-06 11:23:16,,1996-02-14,100-015,서울특별시 중구 충무로*가 *-**,CDFG1251001996000020,3010000,,서울특별시 중구 동호로**길 **-*  (충무로*가),,03,폐업,,,,,,
,경찬문화사,2001-08-09,199991.512579052,451380.751558186,출판인쇄업,출판사,2026-05-03 22:45:58,I,03,폐업,,0,,2003-05-06 11:23:16,,1996-02-16,100-310,서울특별시 중구 오장동 ***-**,CDFG1251001996000021,3010000,,,,03,폐업,,,,,,
근린생활시설,도서출판22세기,2000-06-23,199097.276818501,451645.274277074,출판인쇄업,출판사,2026-05-03 22:45:58,I,03,폐업,,0,0,2003-05-06 11:23:16,,1996-02-26,100-230,서울특별시 중구 수표동 **-* 새한빌딩***호,CDFG1251001996000022,3010000,,"서울특별시 중구 을지로**길 **  (수표동,새한빌딩***호)",,03,폐업,,,,22637302,0,0
,아림,2001-08-09,199231.91976982,451153.256496419,출판인쇄업,출판사,2026-05-03 22:46:03,I,03,폐업,,0,,2003-05-06 11:23:16,,1996-03-08,100-013,서울특별시 중구 충무로*가 **-** 아림빌딩*,CDFG1251001996000027,3010000,,"서울특별시 중구 퇴계로**길 **  (충무로*가,아림빌딩*)",,03,폐업,,,,,,
,그루터기,1996-12-14,,,출판인쇄업,출판사,2026-05-03 22:46:03,I,03,폐업,,0,,2003-05-06 11:23:16,,1996-03-08,100-013,서울특별시 중구 충무로*가 **-*,CDFG1251001996000028,3010000,,,,03,폐업,,,,,,
,진우교재,1999-07-27,199727.627659869,450774.346691589,출판인쇄업,출판사,2026-05-03 22:46:03,I,03,폐업,,0,,2003-05-06 11:23:16,,1996-03-12,100-273,서울특별시 중구 필동*가 **-**,CDFG1251001996000029,3010000,,서울특별시 중구 서애로*길 **  (필동*가),,03,폐업,,,,,,
,꿈의사랑,2015-03-24,200993.950427338,450503.754799491,출판인쇄업,출판사,2026-05-03 22:46:03,I,03,폐업,,,,2015-03-24 14:54:59,,1996-03-18,100-893,서울특별시 중구 신당동 ***-**,CDFG1251001996000033,3010000,,서울특별시 중구 다산로 ***-* (신당동),,03,폐업,,,,,,
,달과별,1997-05-07,199508.932755703,451505.837093004,출판인쇄업,출판사,2026-05-03 22:46:03,I,03,폐업,,0,,2003-05-06 11:23:16,,1996-03-18,100-281,서울특별시 중구 인현동*가 **-* 대성빌딩 ***동,CDFG1251001996000034,3010000,,"서울특별시 중구 을지로**길 **, ***동 (인현동*가,대성빌딩)",,03,폐업,,,,,,
,한신미디어,2019-03-20,199141.271695928,451268.381982675,출판인쇄업,출판사,2026-05-03 22:46:03,I,03,폐업,,0,,2019-03-20 17:50:29,,1996-03-19,100-032,서울특별시 중구 저동*가 **-*,CDFG1251001996000036,3010000,,서울특별시 중구 퇴계로**길 ** (저동*가),,03,폐업,,,,,,
,청우,2006-01-05,,,출판인쇄업,출판사,2026-05-03 22:46:03,I,03,폐업,,,,2006-01-05 09:30:59,,1996-03-26,100-845,서울특별시 중구 을지로*가 ***-*,CDFG1251001996000037,3010000,,,,03,폐업,,,,,,
,행정,2000-08-09,,,출판인쇄업,출판사,2026-05-03 22:46:03,I,03,폐업,,0,,2003-05-06 11:23:16,,1996-03-26,100-412,서울특별시 중구 광희동*가 *-** 대창빌딩,CDFG1251001996000038,3010000,,,,03,폐업,,,,,,
,책내는데달못,2006-03-21,,,출판인쇄업,출판사,2026-05-03 22:46:03,I,03,폐업,,,,2006-03-21 15:10:19,,1996-04-01,100-814,서울특별시 중구 서소문동 ** 삼성빌딩 ***동,CDFG1251001996000039,3010000,,"서울특별시 중구 서소문로 ***, ***동 (서소문동,삼성빌딩)",,03,폐업,,,,,,
,설악,2000-08-29,199367.842585665,451247.97237671,출판인쇄업,출판사,2026-05-03 22:46:03,I,03,폐업,,0,,2003-05-06 11:23:16,,1996-04-01,100-281,서울특별시 중구 인현동*가 ***-*,CDFG1251001996000040,3010000,,서울특별시 중구 마른내로*길 **-*  (인현동*가),,03,폐업,,,,,,
,온누리,2001-08-09,199333.801387448,451328.479487075,출판인쇄업,출판사,2026-05-03 22:46:03,I,03,폐업,,0,,2003-05-06 11:23:16,,1996-04-04,100-281,서울특별시 중구 인현동*가 ***-* *층,CDFG1251001996000044,3010000,,"서울특별시 중구 마른내로 **  (인현동*가,*층)",,03,폐업,,,,,,
,선물거래전략연구소,2000-08-29,197365.094626051,451701.65750808,출판인쇄업,출판사,2026-05-03 22:46:04,I,03,폐업,,0,,2003-05-06 11:23:16,,1996-04-10,100-784,서울특별시 중구 정동 **-* 정동빌딩 ***동,CDFG1251001996000046,3010000,,"서울특별시 중구 정동길 **-**, ***동 (정동,정동빌딩)",,03,폐업,,,,,,
,삼영인쇄사,1999-02-24,199802.230095793,451470.283392979,출판인쇄업,출판사,2026-05-03 22:46:04,I,03,폐업,,0,,2003-05-06 11:23:16,,1996-04-17,100-290,서울특별시 중구 예관동 **-*,CDFG1251001996000052,3010000,,서울특별시 중구 창경궁로 **  (예관동),,03,폐업,,,,,,
,정민사,2004-01-12,199115.162515675,451501.106828934,출판인쇄업,출판사,2026-05-03 22:46:04,I,03,폐업,,,,2004-03-24 18:09:40,,1996-04-19,100-846,서울특별시 중구 을지로*가 *** 상지빌딩,CDFG1251001996000055,3010000,,"서울특별시 중구 을지로 ***-**  (을지로*가,상지빌딩)",,03,폐업,,,,,,
,법향,2001-02-22,199351.93143427,451403.728933572,출판인쇄업,출판사,2026-05-03 22:46:04,I,03,폐업,,0,,2003-05-06 11:23:16,,1996-04-22,100-281,서울특별시 중구 인현동*가 ***-* 근화빌딩 ***동,CDFG1251001996000056,3010000,,"서울특별시 중구 을지로**길 **, ***동 (인현동*가,근화빌딩)",,03,폐업,,,,,,
,해뜨는나라,2001-11-30,199282.256841704,451198.82621051,출판인쇄업,출판사,2026-05-03 22:46:04,I,03,폐업,,0,,2003-05-06 11:23:16,,1996-04-22,100-013,서울특별시 중구 충무로*가 **-**,CDFG1251001996000057,3010000,,서울특별시 중구 충무로 **-*  (충무로*가),,03,폐업,,,,,,
,공익출판사,2002-01-15,199607.368086835,451431.605057375,출판인쇄업,출판사,2026-05-03 22:46:04,I,03,폐업,,0,,2003-05-06 11:23:16,,1996-04-23,100-282,서울특별시 중구 인현동*가 **,CDFG1251001996000058,3010000,,서울특별시 중구 마른내로*가길 *-*  (인현동*가),,03,폐업,,,,,,
,한컴,2002-04-02,,,출판인쇄업,출판사,2026-05-03 22:46:04,I,03,폐업,,0,,2003-05-06 11:23:16,,1996-04-26,100-845,서울특별시 중구 을지로*가 ***-**,CDFG1251001996000059,3010000,,,,03,폐업,,,,,,
,제일금융연구원,1997-10-25,198206.467077996,450965.174670729,출판인쇄업,출판사,2026-05-03 22:46:04,I,03,폐업,,0,,2003-05-06 11:23:16,,1996-04-26,100-011,서울특별시 중구 충무로*가 **-*,CDFG1251001996000060,3010000,,서울특별시 중구 남대문로 **  (충무로*가),,03,폐업,,,,,,
,도서출판세가,1997-01-27,201859.57751126,451313.02772821,출판인쇄업,출판사,2026-05-03 22:46:04,I,03,폐업,,0,,2003-05-06 11:23:16,,1996-04-29,100-819,서울특별시 중구 신당동 ***-**,CDFG1251001996000062,3010000,,서울특별시 중구 퇴계로**길 **  (신당동),,03,폐업,,,,,,
,도서출판이룸,1997-03-17,199101.764020399,451275.041722952,출판인쇄업,출판사,2026-05-03 22:46:04,I,03,폐업,,0,,2003-05-06 11:23:16,,1996-04-29,100-032,서울특별시 중구 저동*가 **-**,CDFG1251001996000063,3010000,,서울특별시 중구 수표로**길 *-*  (저동*가),,03,폐업,,,,,,
,2002월드,2001-08-09,198025.423145944,451233.281723117,출판인쇄업,출판사,2026-05-03 22:46:04,I,03,폐업,,0,,2003-05-06 11:23:16,,1996-05-03,100-080,서울특별시 중구 북창동 **-*,CDFG1251001996000064,3010000,,서울특별시 중구 세종대로**길 **  (북창동),,03,폐업,,,,,,
,한국문화사,2009-10-07,199382.157680224,451322.314347998,출판인쇄업,출판사,2026-05-03 22:46:04,I,03,폐업,,0,,2009-10-08 10:20:18,,1996-05-03,100-281,서울특별시 중구 인현동*가 ***-*,CDFG1251001996000065,3010000,,서울특별시 중구 마른내로*길 *-*  (인현동*가),,03,폐업,,,,,,
,현대문화사,1997-10-10,,,출판인쇄업,출판사,2026-05-03 22:46:04,I,03,폐업,,0,,2003-05-06 11:23:16,,1996-05-07,100-845,서울특별시 중구 을지로*가 ***-*,CDFG1251001996000066,3010000,,,,03,폐업,,,,,,
,열린출판사,2001-08-09,199133.147053161,451479.55561169,출판인쇄업,출판사,2026-05-03 22:46:04,I,03,폐업,,0,,2003-05-06 11:23:16,,1996-05-07,100-846,서울특별시 중구 을지로*가 ***-* *층,CDFG1251001996000067,3010000,,"서울특별시 중구 을지로**길 **  (을지로*가,*층)",,03,폐업,,,,,,
,한주출판사,1998-04-01,200224.815166574,451582.627103843,출판인쇄업,출판사,2026-05-03 22:46:04,I,03,폐업,,0,,2003-05-06 11:23:16,,1996-05-09,100-195,서울특별시 중구 을지로*가 **-* *층,CDFG1251001996000069,3010000,,"서울특별시 중구 을지로 ***  (을지로*가,*층)",,03,폐업,,,,,,
,정문사,2019-04-05,199663.989241815,450758.189337952,출판인쇄업,출판사,2026-05-03 22:46:04,I,03,폐업,,,,2019-04-05 16:34:24,,1996-05-09,100-273,서울특별시 중구 필동*가 **-* 정문빌딩 *층(A),CDFG1251001996000070,3010000,,"서울특별시 중구 서애로*길 **-** (필동*가,정문빌딩 *층(A))",,03,폐업,,,,,,
,신세대인쇄문화사,2000-05-27,199620.561686751,451187.653922523,출판인쇄업,출판사,2026-05-03 22:46:04,I,03,폐업,,0,,2003-05-06 11:23:16,,1996-05-10,100-282,서울특별시 중구 인현동*가 ***-**,CDFG1251001996000073,3010000,,서울특별시 중구 마른내로*길 **  (인현동*가),,03,폐업,,,,,,
,에덴아트컴,2004-01-12,,,출판인쇄업,출판사,2026-05-03 22:46:04,I,03,폐업,,,,2004-03-24 18:23:09,,1996-05-10,100-867,서울특별시 중구 필동*가 **-* 샘빌딩***,CDFG1251001996000074,3010000,,,,03,폐업,,,,,,
,도서출판통로멀티미디어(주),2013-01-23,199559.81287492,451275.242508566,출판인쇄업,출판사,2026-05-03 22:46:04,I,03,폐업,,0,0,2013-01-23 17:24:48,,1996-05-10,100-282,서울특별시 중구 인현동*가 ***-** 신성상가***호,CDFG1251001996000075,3010000,,"서울특별시 중구 마른내로 **  (인현동*가,신성상가***호)",,03,폐업,,,,22712054,0,0
,현대출판사,2001-07-03,198529.914388176,450892.957567335,출판인쇄업,출판사,2026-05-03 22:46:04,I,03,폐업,,0,,2003-05-06 11:23:16,,1996-05-15,100-053,서울특별시 중구 회현동*가 *-** 코리아헤럴 드동 ****호,CDFG1251001996000078,3010000,,"서울특별시 중구 퇴계로 ***, 드동 ****호 (회현동*가,코리아헤럴)",,03,폐업,,,,,,
,향유옥합,1998-01-13,197831.859040235,451793.472953086,출판인쇄업,출판사,2026-05-03 22:46:04,I,03,폐업,,0,,2003-05-06 11:23:16,,1996-05-15,100-101,서울특별시 중구 태평로*가 **-*,CDFG1251001996000079,3010000,,서울특별시 중구 세종대로 ***-*  (태평로*가),,03,폐업,,,,31427560,,
,성지,2000-08-09,200224.815166574,451582.627103843,출판인쇄업,출판사,2026-05-03 22:46:04,I,03,폐업,,0,,2003-05-06 11:23:16,,1996-05-17,100-195,서울특별시 중구 을지로*가 **-*,CDFG1251001996000080,3010000,,서울특별시 중구 을지로 ***  (을지로*가),,03,폐업,,,,,,
,영진사,2004-01-12,199599.822095734,451373.232177241,출판인쇄업,출판사,2026-05-03 22:46:04,I,03,폐업,,,,2004-03-24 18:05:42,,1996-05-17,100-282,서울특별시 중구 인현동*가 ***-*,CDFG1251001996000081,3010000,,,,03,폐업,,,,,,
,세롬,1997-02-21,200224.815166574,451582.627103843,출판인쇄업,출판사,2026-05-03 22:46:04,I,03,폐업,,0,,2003-05-06 11:23:16,,1996-05-22,100-195,서울특별시 중구 을지로*가 **-*,CDFG1251001996000082,3010000,,서울특별시 중구 을지로 ***  (을지로*가),,03,폐업,,,,,,
,한국유학컨설팅,1996-12-10,,,출판인쇄업,출판사,2026-05-03 22:46:04,I,03,폐업,,0,,2003-05-06 11:23:16,,1996-06-03,100-031,서울특별시 중구 저동*가 **,CDFG1251001996000087,3010000,,서울특별시 중구 삼일대로 ***  (저동*가),,03,폐업,,,,,,
,흑자도산연구소,2004-06-21,199810.591813598,451300.59780961,출판인쇄업,출판사,2026-05-03 22:46:04,I,03,폐업,,,,2004-06-22 09:37:07,,1996-06-05,100-290,서울특별시 중구 예관동 **-**,CDFG1251001996000088,3010000,,서울특별시 중구 창경궁로 **-*  (예관동),,03,폐업,,,,,,
,두성아트,2001-08-09,199810.591813598,451300.59780961,출판인쇄업,출판사,2026-05-03 22:46:04,I,03,폐업,,0,,2003-05-06 11:23:16,,1996-06-05,100-290,서울특별시 중구 예관동 **-**,CDFG1251001996000089,3010000,,서울특별시 중구 창경궁로 **-*  (예관동),,03,폐업,,,,,,
,(주)영상아카데미,2000-07-25,197346.664858178,451164.44975357,출판인쇄업,출판사,2026-05-03 22:46:04,I,03,폐업,,0,,2003-05-06 11:23:16,,1996-06-07,100-130,서울특별시 중구 순화동 *-* 순화b*층,CDFG1251001996000091,3010000,,"서울특별시 중구 서소문로 **  (순화동,순화b*층)",,03,폐업,,,,,,
,하와모두,2004-02-04,199297.876590178,451025.516575091,출판인쇄업,출판사,2026-05-03 22:46:04,I,03,폐업,,,,2004-02-04 09:51:44,,1996-06-14,100-866,서울특별시 중구 필동*가 **-* 동화빌딩 ***동,CDFG1251001996000093,3010000,,"서울특별시 중구 퇴계로 ***, ***동 (필동*가,동화빌딩)",,03,폐업,,,,,,
,법우사,1997-06-26,199694.256281317,451661.939604022,출판인쇄업,출판사,2026-05-03 22:46:04,I,03,폐업,,0,,2003-05-06 11:23:16,,1996-06-19,100-340,서울특별시 중구 산림동 ** 동양빌딩 *층동,CDFG1251001996000095,3010000,,,,03,폐업,,,,,,
,한국교육문화원,1998-01-05,200692.621953936,450678.741174633,출판인쇄업,출판사,2026-05-03 22:46:04,I,03,폐업,,0,,2003-05-06 11:23:16,,1996-06-26,100-833,서울특별시 중구 신당동 ***-**,CDFG1251001996000098,3010000,,서울특별시 중구 동호로**길 *  (신당동),,03,폐업,,,,,,
,한보연,1999-02-26,199810.591813598,451300.59780961,출판인쇄업,출판사,2026-05-03 22:46:04,I,03,폐업,,0,,2003-05-06 11:23:16,,1996-07-05,100-290,서울특별시 중구 예관동 **-**,CDFG1251001996000101,3010000,,서울특별시 중구 창경궁로 **-*  (예관동),,03,폐업,,,,22683954,,
,일심출판사,2014-11-27,,,출판인쇄업,출판사,2026-05-03 22:46:04,I,03,폐업,,0,,2014-11-27 10:16:06,,1996-07-05,100-851,서울특별시 중구 을지로*가 **-* *층,CDFG1251001996000102,3010000,,,,03,폐업,,,,,,
,선양출판,2009-07-07,198933.368225877,451641.143432307,출판인쇄업,출판사,2026-05-03 22:46:04,I,03,폐업,,,,2009-07-08 10:49:24,,1996-07-12,,서울특별시 중구 수표동 **-** 금속빌딩*층,CDFG1251001996000106,3010000,,"서울특별시 중구 을지로*길 **  (수표동,금속빌딩*층)",,03,폐업,,,,22643287,,
,단우문화사,1998-10-27,,,출판인쇄업,출판사,2026-05-03 22:46:04,I,03,폐업,,0,,2003-05-06 11:23:16,,1996-07-18,100-845,서울특별시 중구 을지로*가 ***-** 현흥B***호,CDFG1251001996000108,3010000,,,,03,폐업,,,,,,
,불꽃,2016-11-28,199376.650770635,451519.940975515,출판인쇄업,출판사,2026-05-03 22:46:05,I,03,폐업,,0,,2016-11-29 08:14:45,,1996-07-18,100-300,서울특별시 중구 초동 *-*,CDFG1251001996000110,3010000,,서울특별시 중구 을지로**길 * (초동),,03,폐업,,,,,,
,씨쓰리,2008-10-01,199570.988815536,451523.433459147,출판인쇄업,출판사,2026-05-03 22:46:05,I,03,폐업,,,,2008-10-01 09:36:15,,1996-07-27,100-849,서울특별시 중구 을지로*가 ***-*,CDFG1251001996000111,3010000,,서울특별시 중구 을지로**길 *  (을지로*가),,03,폐업,,,,,,
근린생활시설,도서출판 호연지기,2008-01-03,199278.572040059,451068.070427603,출판인쇄업,출판사,2026-05-03 22:46:05,I,03,폐업,,,,2008-01-03 17:12:08,,1996-07-27,100-013,서울특별시 중구 충무로*가 **-* 해봉빌딩 ***호,CDFG1251001996000112,3010000,,"서울특별시 중구 충무로 *-*,  ***호 (충무로*가,해봉빌딩)",,03,폐업,,,,22747688,,
,굿아이디어,1999-07-13,199538.324142749,451030.247845607,출판인쇄업,출판사,2026-05-03 22:46:05,I,03,폐업,,0,,2003-05-06 11:23:16,,1996-07-27,100-863,서울특별시 중구 충무로*가 ***,CDFG1251001996000113,3010000,,,,03,폐업,,,,,,
,도서출판삼호광고기획,2023-08-07,199822.10979662,451182.266913412,출판인쇄업,출판사,2026-05-03 22:46:05,I,03,폐업,,0,,2023-08-07 14:29:35,,1996-08-01,100-015,서울특별시 중구 충무로*가 **-* 부성빌딩 ***동,CDFG1251001996000116,3010000,,"서울특별시 중구 창경궁로 *, ***동 (충무로*가,부성빌딩)",,03,폐업,,,,02-267-0530,,
,양우,1997-04-03,199559.81287492,451275.242508566,출판인쇄업,출판사,2026-05-03 22:46:05,I,03,폐업,,0,,2003-05-06 11:23:16,,1996-08-01,100-282,서울특별시 중구 인현동*가 ***-** 신성 ***동,CDFG1251001996000117,3010000,,"서울특별시 중구 마른내로 **, ***동 (인현동*가,신성)",,03,폐업,,,,,,
근린생활시설,도서출판하늘씨앗,1999-04-23,199571.599470393,451124.851387624,출판인쇄업,출판사,2026-05-03 22:46:05,I,03,폐업,,0,0,2003-05-06 11:23:16,,1996-08-03,100-863,서울특별시 중구 충무로*가 ***-*,CDFG1251001996000118,3010000,,서울특별시 중구 퇴계로 ***  (충무로*가),,03,폐업,,,,22688081,0,0
근린생활시설,도서출판아래아의학,2005-08-11,200905.762937458,450638.067761796,출판인쇄업,출판사,2026-05-03 22:46:05,I,03,폐업,,,,2005-10-04 14:22:05,,1996-08-16,100-834,서울특별시 중구 신당동 ***-*** *층***호,CDFG1251001996000119,3010000,,"서울특별시 중구 동호로**길 **  (신당동,*층***호)",,03,폐업,,,,22314797,,
,도서출판이산,1998-05-29,198015.667603016,450640.471159963,출판인쇄업,출판사,2026-05-03 22:46:05,I,03,폐업,,0,,2003-05-06 11:23:16,,1996-08-09,100-874,서울특별시 중구 회현동*가 ***-*,CDFG1251001996000121,3010000,,서울특별시 중구 퇴계로*길 *  (회현동*가),,03,폐업,,,,,,
,대우교육,1997-07-11,197579.6119606,451207.320313674,출판인쇄업,출판사,2026-05-03 22:46:05,I,03,폐업,,0,,2003-05-06 11:23:16,,1996-08-16,100-813,서울특별시 중구 서소문동 **-* 삼영빌딩 ***동,CDFG1251001996000122,3010000,,"서울특별시 중구 서소문로 ***, ***동 (서소문동,삼영빌딩)",,03,폐업,,,,,,
,샘소리미디어,2001-08-09,,,출판인쇄업,출판사,2026-05-03 22:46:05,I,03,폐업,,0,,2003-05-06 11:23:16,,1996-08-19,100-195,서울특별시 중구 을지로*가 *-** 양지빌딩 ***호,CDFG1251001996000123,3010000,,,,03,폐업,,,,,,
,(주)토탈미디어,2001-08-09,198983.732935904,451092.140285241,출판인쇄업,출판사,2026-05-03 22:46:05,I,03,폐업,,0,,2003-05-06 11:23:16,,1996-08-29,100-861,서울특별시 중구 충무로*가 **-** 조양빌딩 **층동,CDFG1251001996000125,3010000,,"서울특별시 중구 삼일대로 ***, **층동 (충무로*가,조양빌딩)",,03,폐업,,,,,,
,국조문화사,2001-08-09,,,출판인쇄업,출판사,2026-05-03 22:46:05,I,03,폐업,,0,,2003-05-06 11:23:16,,1996-08-29,100-032,서울특별시 중구 저동*가 **-*,CDFG1251001996000126,3010000,,서울특별시 중구 마른내로 **-**  (저동*가),,03,폐업,,,,,,
,날개,1999-01-26,200893.119043422,451354.677273034,출판인쇄업,출판사,2026-05-03 22:46:05,I,03,폐업,,0,,2003-05-06 11:23:16,,1996-09-03,100-888,서울특별시 중구 신당동 ***-*,CDFG1251001996000127,3010000,,서울특별시 중구 퇴계로 ***  (신당동),,03,폐업,,,,,,
,참길미디어,2001-08-09,200523.291875424,451462.625533766,출판인쇄업,출판사,2026-05-03 22:46:05,I,03,폐업,,0,,2003-05-06 11:23:16,,1996-09-09,100-411,서울특별시 중구 광희동*가 ***-** 신생빌딩 ***호,CDFG1251001996000129,3010000,,"서울특별시 중구 을지로**길 **,  ***호 (광희동*가,신생빌딩)",,03,폐업,,,,,,
,경일문화사,2006-01-19,199266.445620489,451500.917372629,출판인쇄업,출판사,2026-05-03 22:46:05,I,03,폐업,,,,2006-01-19 10:53:54,,1996-09-11,100-846,서울특별시 중구 을지로*가 ***-* *층,CDFG1251001996000132,3010000,,"서울특별시 중구 충무로 **  (을지로*가,*층)",,03,폐업,,,,,,
,저널하우스,1995-12-31,199363.129622048,451008.456459696,출판인쇄업,출판사,2026-05-03 22:45:48,I,03,폐업,,0,,2003-05-06 11:23:16,,1994-05-21,100-867,서울특별시 중구 필동*가 **-** 하니 ****동,CDFG1251001994000218,3010000,,"서울특별시 중구 퇴계로 ***, ****동 (필동*가,하니)",,03,폐업,,,,,,
,서울시정개발연구원,2004-01-20,,,출판인쇄업,출판사,2026-05-03 22:45:48,I,03,폐업,,,,2004-01-20 10:12:06,,1994-04-08,100-250,서울특별시 중구 예장동 *-*,CDFG1251001994000219,3010000,,,,03,폐업,,,,,,
근린생활시설,한국번역개발원,2004-01-12,198529.914388176,450892.957567335,출판인쇄업,출판사,2026-05-03 22:45:49,I,03,폐업,,,,2004-03-24 18:09:03,,1994-04-16,100-053,서울특별시 중구 회현동*가 *-** 코리아헤럴드빌딩**층*-*호,CDFG1251001994000222,3010000,,"서울특별시 중구 퇴계로 ***  (회현동*가,코리아헤럴드빌딩**층*-*호)",,03,폐업,,,,,,
,성민기업,2012-02-16,199332.984027781,451408.541940369,출판인쇄업,출판사,2026-05-03 22:45:49,I,03,폐업,,0,,2012-02-16 11:14:36,,1995-01-06,100-300,서울특별시 중구 초동 **-* 초동빌딩 ***동,CDFG1251001995000001,3010000,,"서울특별시 중구 충무로*길 *, ***동 (초동,초동빌딩)",,03,폐업,,,,,,
,서연문화사,2001-04-23,199239.129040945,451229.173299808,출판인쇄업,출판사,2026-05-03 22:45:49,I,03,폐업,,0,,2003-05-06 11:23:16,,1995-01-12,100-300,서울특별시 중구 초동 **-**,CDFG1251001995000005,3010000,,서울특별시 중구 충무로 **-**  (초동),,03,폐업,,,,,,
,창신프로젝트,1996-01-29,,,출판인쇄업,출판사,2026-05-03 22:45:49,I,03,폐업,,0,,2003-05-06 11:23:16,,1995-01-20,100-310,서울특별시 중구 오장동 ***-**,CDFG1251001995000010,3010000,,,,03,폐업,,,,,,
,남경씨스템,2000-03-04,199419.643695968,451319.55169995,출판인쇄업,출판사,2026-05-03 22:45:49,I,03,폐업,,0,,2003-05-06 11:23:16,,1995-01-22,100-281,서울특별시 중구 인현동*가 **-** 병룡빌딩 ***동,CDFG1251001995000011,3010000,,"서울특별시 중구 마른내로 **, ***동 (인현동*가,병룡빌딩)",,03,폐업,,,,,,
,예술시대,2001-08-09,199747.578977895,450878.349328345,출판인쇄업,출판사,2026-05-03 22:45:49,I,03,폐업,,0,,2003-05-06 11:23:16,,1995-01-23,100-856,서울특별시 중구 장충동*가 ***-**,CDFG1251001995000012,3010000,,서울특별시 중구 서애로*길 **-*  (장충동*가),,03,폐업,,,,,,
,세계의여성들,1998-06-24,199569.779347082,451561.368896953,출판인쇄업,출판사,2026-05-03 22:45:49,I,03,폐업,,0,,2003-05-06 11:23:16,,1995-02-01,100-849,서울특별시 중구 을지로*가 ***-*,CDFG1251001995000015,3010000,,서울특별시 중구 을지로 ***  (을지로*가),,03,폐업,,,,,,
,열두사람,2001-01-29,199090.112337836,451196.211778665,출판인쇄업,출판사,2026-05-03 22:45:49,I,03,폐업,,0,,2003-05-06 11:23:16,,1995-02-01,100-013,서울특별시 중구 충무로*가 **-**,CDFG1251001995000016,3010000,,서울특별시 중구 수표로 **-*  (충무로*가),,03,폐업,,,,,,
,세종문화사,2004-01-12,,,출판인쇄업,출판사,2026-05-03 22:45:49,I,03,폐업,,,,2004-03-24 18:07:10,,1995-02-02,100-230,서울특별시 중구 수표동 ** 그랜드빌딩 ***호,CDFG1251001995000017,3010000,,,,03,폐업,,,,,,
,엔애치케이,2001-08-09,201775.682523178,451396.878132704,출판인쇄업,출판사,2026-05-03 22:45:49,I,03,폐업,,0,,2003-05-06 11:23:16,,1995-02-03,100-819,서울특별시 중구 신당동 ***-* 성환빌딩 ***동,CDFG1251001995000019,3010000,,"서울특별시 중구 퇴계로**길 **, ***동 (신당동,성환빌딩)",,03,폐업,,,,,,
,수연산업,2015-06-09,199571.599470393,451124.851387624,출판인쇄업,출판사,2026-05-03 22:45:49,I,03,폐업,,0,,2015-06-09 10:47:56,,1995-02-10,100-863,서울특별시 중구 충무로*가 ***-* 진양빌딩 ***동,CDFG1251001995000021,3010000,,"서울특별시 중구 퇴계로 ***, ***동 (충무로*가,진양빌딩)",,03,폐업,,,,,,
,삼영출판사,2001-08-09,199469.543915351,451382.017045741,출판인쇄업,출판사,2026-05-03 22:45:49,I,03,폐업,,0,,2003-05-06 11:23:16,,1995-02-22,100-281,서울특별시 중구 인현동*가 **-*,CDFG1251001995000022,3010000,,서울특별시 중구 을지로**길 **-**  (인현동*가),,03,폐업,,,,,,
,솔마루,2001-08-09,199240.311931188,450931.856328285,출판인쇄업,출판사,2026-05-03 22:45:49,I,03,폐업,,0,,2003-05-06 11:23:16,,1995-02-24,100-866,서울특별시 중구 필동*가 **-*,CDFG1251001995000023,3010000,,서울특별시 중구 퇴계로**길 *-*  (필동*가),,03,폐업,,,,,,
,원컴주식회사,2001-08-09,201358.65484088,451258.777949759,출판인쇄업,출판사,2026-05-03 22:45:49,I,03,폐업,,0,,2003-05-06 11:23:16,,1995-03-06,100-819,서울특별시 중구 신당동 ***-* 창원빌딩 ***동,CDFG1251001995000025,3010000,,"서울특별시 중구 다산로 ***, ***동 (신당동,창원빌딩)",,03,폐업,,,,,,
,글로벨북스,2001-08-09,199834.648575444,451319.668359752,출판인쇄업,출판사,2026-05-03 22:45:49,I,03,폐업,,0,,2003-05-06 11:23:16,,1995-03-13,100-290,서울특별시 중구 예관동 **-* 호수빌딩 *층동,CDFG1251001995000027,3010000,,"서울특별시 중구 퇴계로**길 **, *층동 (예관동,호수빌딩)",,03,폐업,,,,,,
,도서출판의계,2002-01-24,201407.53815745,451409.963780062,출판인쇄업,출판사,2026-05-03 22:45:49,I,03,폐업,,0,,2003-05-06 11:23:16,,1995-03-14,100-450,서울특별시 중구 신당동 ***-*,CDFG1251001995000029,3010000,,서울특별시 중구 다산로**길 *  (신당동),,03,폐업,,,,,,
,아성,2001-06-26,199606.899079899,451377.273523276,출판인쇄업,출판사,2026-05-03 22:45:49,I,03,폐업,,,,2004-03-24 18:29:55,,1995-03-28,100-282,서울특별시 중구 인현동*가 ***-*,CDFG1251001995000032,3010000,,서울특별시 중구 을지로**길 **-**  (인현동*가),,03,폐업,,,,,,
,다솔,2001-08-09,200020.63978071,451141.036979227,출판인쇄업,출판사,2026-05-03 22:45:49,I,03,폐업,,0,,2003-05-06 11:23:16,,1995-03-28,100-380,서울특별시 중구 묵정동 **-* 보림빌딩** *동,CDFG1251001995000033,3010000,,"서울특별시 중구 퇴계로 ***, *동 (묵정동,보림빌딩**)",,03,폐업,,,,,,
,청윤,2001-08-09,200369.603677755,450908.368974146,출판인쇄업,출판사,2026-05-03 22:45:49,I,03,폐업,,0,,2003-05-06 11:23:16,,1995-03-31,100-855,서울특별시 중구 장충동*가 ***-* 상록빌딩 *층동,CDFG1251001995000034,3010000,,"서울특별시 중구 동호로**길 **-*, *층동 (장충동*가,상록빌딩)",,03,폐업,,,,,,
,삼동윤리,2004-01-12,199194.102358533,451275.173041651,출판인쇄업,출판사,2026-05-03 22:45:49,I,03,폐업,,,,2004-03-24 18:08:00,,1995-04-01,100-300,서울특별시 중구 초동 ***-* 안흥빌딩 ***동,CDFG1251001995000035,3010000,,"서울특별시 중구 수표로**길 **, ***동 (초동,안흥빌딩)",,03,폐업,,,,,,
,인시,2004-01-12,200067.762535733,451339.521538855,출판인쇄업,출판사,2026-05-03 22:45:49,I,03,폐업,,,,2004-03-24 17:56:45,,1995-04-01,100-310,서울특별시 중구 오장동 ***-** *층,CDFG1251001995000036,3010000,,"서울특별시 중구 퇴계로**길 **  (오장동,*층)",,03,폐업,,,,,,
,예솔기획,2001-08-09,199391.997585062,450948.306605251,출판인쇄업,출판사,2026-05-03 22:45:50,I,03,폐업,,0,,2003-05-06 11:23:16,,1995-04-10,100-272,서울특별시 중구 필동*가 *-* ***호,CDFG1251001995000038,3010000,,"서울특별시 중구 퇴계로**길 *  (필동*가,***호)",,03,폐업,,,,,,
,모형,2001-08-09,200748.142875917,450245.124860792,출판인쇄업,출판사,2026-05-03 22:45:50,I,03,폐업,,0,,2003-05-06 11:23:16,,1995-04-13,100-835,서울특별시 중구 신당동 ***-* 백석빌딩,CDFG1251001995000040,3010000,,,,03,폐업,,,,,,
,성도,2002-04-02,198994.634641641,451642.776625769,출판인쇄업,출판사,2026-05-03 22:45:50,I,03,폐업,,0,,2003-05-06 11:23:16,,1995-04-13,100-230,서울특별시 중구 수표동 **-* 강남빌딩 ***동,CDFG1251001995000041,3010000,,"서울특별시 중구 수표로 **, ***동 (수표동,강남빌딩)",,03,폐업,,,,,,
,지성출판사,1996-10-28,200041.151368923,451022.370096851,출판인쇄업,출판사,2026-05-03 22:45:50,I,03,폐업,,0,,2003-05-06 11:23:16,,1995-04-13,100-380,서울특별시 중구 묵정동 **-**,CDFG1251001995000042,3010000,,서울특별시 중구 퇴계로**가길 *  (묵정동),,03,폐업,,,,,,
,해동미디어,1999-01-27,199348.394344173,451543.166361731,출판인쇄업,출판사,2026-05-03 22:45:50,I,03,폐업,,0,,2003-05-06 11:23:16,,1995-04-17,100-847,서울특별시 중구 을지로*가 ***-*,CDFG1251001995000044,3010000,,서울특별시 중구 을지로 ***  (을지로*가),,03,폐업,,,,,,
,명문기획,2009-04-14,,,출판인쇄업,출판사,2026-05-03 22:45:50,I,03,폐업,,,,2009-04-14 08:37:24,,1995-04-22,100-844,서울특별시 중구 을지로*가 **-* 양서빌딩 ***동,CDFG1251001995000049,3010000,,,,03,폐업,,,,,,
,대우,2001-08-09,199964.003955505,451126.484221279,출판인쇄업,출판사,2026-05-03 22:45:50,I,03,폐업,,0,,2003-05-06 11:23:16,,1995-04-25,100-380,서울특별시 중구 묵정동 **-**,CDFG1251001995000051,3010000,,서울특별시 중구 퇴계로 ***  (묵정동),,03,폐업,,,,,,
,정원문화사,1999-06-24,199127.56726304,451523.379820208,출판인쇄업,출판사,2026-05-03 22:45:50,I,03,폐업,,0,,2003-05-06 11:23:16,,1995-04-25,100-846,서울특별시 중구 을지로*가 ***-* 청호빌딩 ***동,CDFG1251001995000053,3010000,,"서울특별시 중구 을지로 ***, ***동 (을지로*가,청호빌딩)",,03,폐업,,,,,,
,우림,1998-04-09,,,출판인쇄업,출판사,2026-05-03 22:45:50,I,03,폐업,,0,,2003-05-06 11:23:16,,1995-05-01,100-849,서울특별시 중구 을지로*가 ***-*,CDFG1251001995000054,3010000,,,,03,폐업,,,,,,
,연기획,2001-01-22,199269.527925864,451465.042156905,출판인쇄업,출판사,2026-05-03 22:45:50,I,03,폐업,,0,,2003-05-06 11:23:16,,1995-05-04,100-846,서울특별시 중구 을지로*가 ***-* 상립빌딩 ***동,CDFG1251001995000056,3010000,,,,03,폐업,,,,,,
,세룡,1999-03-26,199992.579396897,451139.304001968,출판인쇄업,출판사,2026-05-03 22:45:50,I,03,폐업,,0,0,2003-05-06 11:23:16,,1995-05-11,100-380,서울특별시 중구 묵정동 **-**,CDFG1251001995000059,3010000,,서울특별시 중구 퇴계로 ***  (묵정동),,03,폐업,,,,22792358,0,0
,한다미디어,2001-08-09,199499.314733864,450458.337013025,출판인쇄업,출판사,2026-05-03 22:45:50,I,03,폐업,,0,,2003-05-06 11:23:16,,1995-05-13,100-272,서울특별시 중구 필동*가 ***-* 서울빌딩 *층동,CDFG1251001995000060,3010000,,"서울특별시 중구 퇴계로**가길 **, *층동 (필동*가,서울빌딩)",,03,폐업,,,,,,
,이젠,1999-06-21,199363.129622048,451008.456459696,출판인쇄업,출판사,2026-05-03 22:45:50,I,03,폐업,,0,,2003-05-06 11:23:16,,1995-05-27,100-867,서울특별시 중구 필동*가 **-** 하니맨숀 ***동,CDFG1251001995000063,3010000,,"서울특별시 중구 퇴계로 ***, ***동 (필동*가,하니맨숀)",,03,폐업,,,,,,
,맑은날,2005-04-18,201282.702396161,450956.700799105,출판인쇄업,출판사,2026-05-03 22:45:50,I,03,폐업,,,,2005-04-24 16:47:12,,1995-05-30,100-824,서울특별시 중구 신당동 ***-* 두왕빌딩 ***동,CDFG1251001995000066,3010000,,"서울특별시 중구 다산로**길 **, ***동 (신당동,두왕빌딩)",,03,폐업,,,,,,
,도서출판 천부동사람들,2007-07-09,199089.796600316,451204.411258024,출판인쇄업,출판사,2026-05-03 22:45:50,I,03,폐업,,,,2007-07-09 16:00:24,,1995-06-01,100-013,서울특별시 중구 충무로*가 **-* 아세아빌딩 ***호,CDFG1251001995000067,3010000,,"서울특별시 중구 수표로 **  (충무로*가,아세아빌딩 ***호)",,03,폐업,,,,,,
,일강,2002-04-02,201728.946189994,451359.805693054,출판인쇄업,출판사,2026-05-03 22:45:50,I,03,폐업,,0,,2003-05-06 11:23:16,,1995-06-03,100-819,서울특별시 중구 신당동 ***-*,CDFG1251001995000070,3010000,,서울특별시 중구 퇴계로**길 **-*  (신당동),,03,폐업,,,,,,
,주신문화인쇄주식회사,2001-08-09,199500.419899982,451531.491822476,출판인쇄업,출판사,2026-05-03 22:45:51,I,03,폐업,,0,,2003-05-06 11:23:16,,1995-06-03,100-194,서울특별시 중구 을지로*가 ***-* 종현빌딩 *층동,CDFG1251001995000072,3010000,,"서울특별시 중구 을지로**길 **-*, *층동 (을지로*가,종현빌딩)",,03,폐업,,,,,,
,땅의사람들,1998-07-30,199269.527925864,451465.042156905,출판인쇄업,출판사,2026-05-03 22:45:51,I,03,폐업,,0,,2003-05-06 11:23:16,,1995-06-03,100-846,서울특별시 중구 을지로*가 ***-*,CDFG1251001995000073,3010000,,,,03,폐업,,,,,,
,세명문화사,1998-03-24,199269.527925864,451465.042156905,출판인쇄업,출판사,2026-05-03 22:45:51,I,03,폐업,,0,,2003-05-06 11:23:16,,1995-06-09,100-846,서울특별시 중구 을지로*가 ***-*,CDFG1251001995000074,3010000,,,,03,폐업,,,,,,
근린생활시설,도서출판 미래문학,2003-02-24,199213.995842161,451479.251307215,출판인쇄업,출판사,2026-05-03 22:45:51,I,03,폐업,,0,0,2003-05-06 11:23:16,,1995-06-09,100-846,서울특별시 중구 을지로*가 ***-* 을지빌딩별관 ***호,CDFG1251001995000075,3010000,,,,03,폐업,,,,22784211,0,0
,대산문화,2001-08-09,199522.003867124,450442.569989607,출판인쇄업,출판사,2026-05-03 22:45:51,I,03,폐업,,0,,2003-05-06 11:23:16,,1995-06-09,100-272,서울특별시 중구 필동*가 ***-* *층,CDFG1251001995000076,3010000,,"서울특별시 중구 필동로 **  (필동*가,*층)",,03,폐업,,,,,,
,아트동방,1999-12-28,199401.908701836,451134.131723252,출판인쇄업,출판사,2026-05-03 22:45:51,I,03,폐업,,0,,2003-05-06 11:23:16,,1995-06-14,100-862,서울특별시 중구 충무로*가 *** 동영빌딩 ***동,CDFG1251001995000081,3010000,,"서울특별시 중구 충무로*길 **, ***동 (충무로*가,동영빌딩)",,03,폐업,,,,,,
,도서출판아이스,1996-09-20,,,출판인쇄업,출판사,2026-05-03 22:45:51,I,03,폐업,,0,,2003-05-06 11:23:16,,1995-06-16,100-400,서울특별시 중구 쌍림동 ***-**,CDFG1251001995000083,3010000,,,,03,폐업,,,,,,
,인흥,2000-01-28,199550.506270874,451392.219693582,출판인쇄업,출판사,2026-05-03 22:45:51,I,03,폐업,,0,,2003-05-06 11:23:16,,1995-06-17,100-282,서울특별시 중구 인현동*가 **-* 풍전빌딩 ***동,CDFG1251001995000084,3010000,,"서울특별시 중구 마른내로 **, ***동 (인현동*가,풍전빌딩)",,03,폐업,,,,,,
,목근통,1998-05-12,200114.047054556,451422.383765796,출판인쇄업,출판사,2026-05-03 22:45:51,I,03,폐업,,0,,2003-05-06 11:23:16,,1995-06-17,100-310,서울특별시 중구 오장동 ***-**,CDFG1251001995000085,3010000,,서울특별시 중구 동호로 ***-*  (오장동),,03,폐업,,,,,,
,일영커뮤니케이션,2003-01-21,199396.183391582,451351.585732524,출판인쇄업,출판사,2026-05-03 22:45:51,I,03,폐업,,0,0,2003-05-06 11:23:16,,1995-06-19,100-281,서울특별시 중구 인현동*가 **-*,CDFG1251001995000087,3010000,,서울특별시 중구 마른내로 **  (인현동*가),,03,폐업,,,,,0,0
,여암문화사,2001-08-09,196689.378204656,450686.358866751,출판인쇄업,출판사,2026-05-03 22:45:51,I,03,폐업,,0,,2003-05-06 11:23:16,,1995-06-21,100-859,서울특별시 중구 중림동 ***-** *층,CDFG1251001995000088,3010000,,"서울특별시 중구 중림로*길 **  (중림동,*층)",,03,폐업,,,,,,
,(주)대산인쇄,2001-08-09,199266.825899664,451204.399358462,출판인쇄업,출판사,2026-05-03 22:45:52,I,03,폐업,,0,,2003-05-06 11:23:16,,1995-06-24,100-013,서울특별시 중구 충무로*가 **-*,CDFG1251001995000090,3010000,,서울특별시 중구 수표로*길 **-*  (충무로*가),,03,폐업,,,,,,
,타운,2001-04-03,199964.003955505,451126.484221279,출판인쇄업,출판사,2026-05-03 22:45:52,I,03,폐업,,0,,2003-05-06 11:23:16,,1995-06-29,100-380,서울특별시 중구 묵정동 **-** 시사빌딩 *층동,CDFG1251001995000092,3010000,,"서울특별시 중구 퇴계로 ***, *층동 (묵정동,시사빌딩)",,03,폐업,,,,,,
,신사조,2001-03-31,198353.066587345,450971.489112471,출판인쇄업,출판사,2026-05-03 22:45:52,I,03,폐업,,0,,2003-05-06 11:23:16,,1995-06-29,100-011,서울특별시 중구 충무로*가 **-* 동남빌딩 ***동,CDFG1251001995000094,3010000,,,,03,폐업,,,,,,
,두루마리,2002-03-08,199372.694471976,451498.605472331,출판인쇄업,출판사,2026-05-03 22:45:52,I,03,폐업,,0,,2003-05-06 11:23:16,,1995-07-03,100-300,서울특별시 중구 초동 *-* *층,CDFG1251001995000095,3010000,,"서울특별시 중구 을지로**길 **  (초동,*층)",,03,폐업,,,,,,
,(주)네이처테라퓨라틱스,2007-01-24,,,출판인쇄업,출판사,2026-05-03 22:45:52,I,03,폐업,,,,2007-01-24 16:14:12,,1995-07-05,100-863,서울특별시 중구 충무로*가 ** *층,CDFG1251001995000097,3010000,,"서울특별시 중구 창경궁로*길 *  (충무로*가,*층)",,03,폐업,,,,22727878,,
,한국응용출판회,1998-04-18,200364.899605791,451125.266274637,출판인쇄업,출판사,2026-05-03 22:45:52,I,03,폐업,,0,,2003-05-06 11:23:16,,1995-07-05,100-855,서울특별시 중구 장충동*가 ***-*,CDFG1251001995000099,3010000,,서울특별시 중구 장충단로*길 **  (장충동*가),,03,폐업,,,,,,
,생활자연식,2000-03-27,199600.029506028,451423.817892721,출판인쇄업,출판사,2026-05-03 22:45:52,I,03,폐업,,0,,2003-05-06 11:23:16,,1995-07-05,100-282,서울특별시 중구 인현동*가 **-* *층,CDFG1251001995000100,3010000,,"서울특별시 중구 마른내로*길 **  (인현동*가,*층)",,03,폐업,,,,,,
,중국통신,2001-05-23,199667.464688622,451098.699702399,출판인쇄업,출판사,2026-05-03 22:45:52,I,03,폐업,,0,,2003-05-06 11:23:16,,1995-07-19,100-863,서울특별시 중구 충무로*가 **-* *층,CDFG1251001995000103,3010000,,"서울특별시 중구 퇴계로 ***-*  (충무로*가,*층)",,03,폐업,,,,,,
,벽서정,1997-05-28,199320.990837164,451501.209707641,출판인쇄업,출판사,2026-05-03 22:45:52,I,03,폐업,,0,,2003-05-06 11:23:16,,1995-07-21,100-847,서울특별시 중구 을지로*가 ***-** 명성빌딩 *층동,CDFG1251001995000105,3010000,,"서울특별시 중구 충무로 **-*, *층동 (을지로*가,명성빌딩)",,03,폐업,,,,,,
,용진미디어,1998-06-30,201327.387622146,451095.252176055,출판인쇄업,출판사,2026-05-03 22:45:52,I,03,폐업,,0,,2003-05-06 11:23:16,,1995-07-21,100-824,서울특별시 중구 신당동 ***-**,CDFG1251001995000106,3010000,,서울특별시 중구 청구로*길 **  (신당동),,03,폐업,,,,,,
,미진기획,2001-08-09,199810.591813598,451300.59780961,출판인쇄업,출판사,2026-05-03 22:45:52,I,03,폐업,,0,,2003-05-06 11:23:16,,1995-07-25,100-290,서울특별시 중구 예관동 **-** 시사빌딩 ***동,CDFG1251001995000107,3010000,,"서울특별시 중구 창경궁로 **-*, ***동 (예관동,시사빌딩)",,03,폐업,,,,,,
,대도,2001-08-09,199336.561282513,451483.203653197,출판인쇄업,출판사,2026-05-03 22:45:52,I,03,폐업,,0,,2003-05-06 11:23:16,,1995-07-25,100-847,서울특별시 중구 을지로*가 ***-** 삼지빌딩 ***동,CDFG1251001995000108,3010000,,"서울특별시 중구 충무로 **-*, ***동 (을지로*가,삼지빌딩)",,03,폐업,,,,,,
,무른모,2002-01-05,199569.075587635,450899.280902089,출판인쇄업,출판사,2026-05-03 22:45:52,I,03,폐업,,0,,2003-05-06 11:23:16,,1995-07-26,100-272,서울특별시 중구 필동*가 **-** 태평빌딩 ***동,CDFG1251001995000109,3010000,,"서울특별시 중구 필동로 **, ***동 (필동*가,태평빌딩)",,03,폐업,,,,,,
,(주)봉명,2004-04-01,199475.167711782,450468.661969666,출판인쇄업,출판사,2026-05-03 22:45:52,I,03,폐업,,,,2004-05-20 14:53:25,,1995-07-26,100-272,서울특별시 중구 필동*가 ***-**,CDFG1251001995000110,3010000,,서울특별시 중구 퇴계로**가길 **-*  (필동*가),,03,폐업,,,,22637534,,
,영인문화,2000-05-12,198989.394558244,451675.09180947,출판인쇄업,출판사,2026-05-03 22:45:52,I,03,폐업,,0,,2003-05-06 11:23:16,,1995-07-26,100-230,서울특별시 중구 수표동 **-* 천수빌딩,CDFG1251001995000111,3010000,,"서울특별시 중구 수표로 **  (수표동,천수빌딩)",,03,폐업,,,,,,
,도인,2019-04-02,200636.225622201,450355.111470275,출판인쇄업,출판사,2026-05-03 22:45:52,I,03,폐업,,,,2019-04-02 17:42:16,,1995-08-02,100-835,서울특별시 중구 신당동 ***-**,CDFG1251001995000113,3010000,,서울특별시 중구 동호로**가길 ** (신당동),,03,폐업,,,,02-2269-7711,,
,도서출판메시지,2002-04-02,199067.117479015,451599.955678445,출판인쇄업,출판사,2026-05-03 22:45:52,I,03,폐업,,0,,2003-05-06 11:23:16,,1995-08-02,100-846,서울특별시 중구 을지로*가 *-** 양지빌딩 ***동,CDFG1251001995000114,3010000,,"서울특별시 중구 충무로*길 **, ***동 (을지로*가,양지빌딩)",,03,폐업,,,,,,
,문창,2001-03-29,199956.749570265,451320.260186725,출판인쇄업,출판사,2026-05-03 22:45:52,I,03,폐업,,0,,2003-05-06 11:23:16,,1995-08-07,100-310,서울특별시 중구 오장동 **-* 지하,CDFG1251001995000118,3010000,,"서울특별시 중구 마른내로**길 *  (오장동,지하)",,03,폐업,,,,,,
,삼보문화,2001-08-09,199354.034706942,451068.209034196,출판인쇄업,출판사,2026-05-03 22:45:52,I,03,폐업,,0,,2003-05-06 11:23:16,,1995-08-07,100-867,서울특별시 중구 필동*가 **-* *층,CDFG1251001995000120,3010000,,"서울특별시 중구 퇴계로**길 **  (필동*가,*층)",,03,폐업,,,,,,
근린생활시설,도서출판서광문화사,2003-10-30,199559.81287492,451275.242508566,출판인쇄업,출판사,2026-05-03 22:45:52,I,03,폐업,,,,2003-10-30 14:18:50,,1995-08-11,100-282,서울특별시 중구 인현동*가 ***-** 신성상가***호,CDFG1251001995000121,3010000,,"서울특별시 중구 마른내로 **  (인현동*가,신성상가***호)",,03,폐업,,,,22779736,,
,화통,2001-08-09,201749.522310148,451261.910140064,출판인쇄업,출판사,2026-05-03 22:45:53,I,03,폐업,,0,,2003-05-06 11:23:16,,1995-08-22,100-819,서울특별시 중구 신당동 ***-* 곡지빌딩 ***동,CDFG1251001995000125,3010000,,"서울특별시 중구 다산로**길 **, ***동 (신당동,곡지빌딩)",,03,폐업,,,,,,
,서울상사,2023-12-07,199470.279006881,451549.234451197,출판인쇄업,출판사,2026-05-03 22:45:53,I,03,폐업,,0,,2023-12-07 15:11:06,,1995-08-22,100-847,서울특별시 중구 을지로*가 ***-* *층,CDFG1251001995000126,3010000,,"서울특별시 중구 을지로**길 *  (을지로*가,*층)",,03,폐업,,,,,,
,유연홀딩스(주),2010-11-05,199101.132483391,451111.22018454,출판인쇄업,출판사,2026-05-03 22:45:53,I,03,폐업,,,,2010-11-05 15:12:07,,1995-08-22,100-013,서울특별시 중구 충무로*가 **-** 영한빌딩 ***호,CDFG1251001995000127,3010000,,"서울특별시 중구 수표로 **  (충무로*가,영한빌딩 ***호)",,03,폐업,,,,22793583,,
,한빛디자인,2001-08-09,199004.726181069,451062.792882607,출판인쇄업,출판사,2026-05-03 22:45:53,I,03,폐업,,0,,2003-05-06 11:23:16,,1995-08-26,100-861,서울특별시 중구 충무로*가 **-** 라이온스B* ***동,CDFG1251001995000128,3010000,,"서울특별시 중구 삼일대로*길 *, ***동 (충무로*가,라이온스B*)",,03,폐업,,,,,,
,조은기획,2016-12-27,199379.143195882,451444.955692254,출판인쇄업,출판사,2026-05-03 22:45:53,I,03,폐업,,0,,2016-12-27 13:27:24,,1995-08-26,100-300,서울특별시 중구 초동 **-* 이화빌딩 ***동,CDFG1251001995000129,3010000,,"서울특별시 중구 을지로**길 **, ***동 (초동,이화빌딩)",,03,폐업,,,,,,
,신성,2003-03-31,200067.338724831,451318.02743008,출판인쇄업,출판사,2026-05-03 22:45:53,I,03,폐업,,0,0,2003-05-06 11:23:16,,1995-08-26,100-310,서울특별시 중구 오장동 ***-* 상지빌딩 ***동,CDFG1251001995000130,3010000,,"서울특별시 중구 퇴계로**길 **, ***동 (오장동,상지빌딩)",,03,폐업,,,,,0,0
,크리드,2016-04-01,199822.10979662,451182.266913412,출판인쇄업,출판사,2026-05-03 22:45:53,I,03,폐업,,,,2016-04-01 13:47:49,,1995-09-05,100-015,서울특별시 중구 충무로*가 **-* 부성빌딩 ***호,CDFG1251001995000132,3010000,,"서울특별시 중구 창경궁로 * (충무로*가,부성빌딩 ***호)",,03,폐업,,,,22721107,,
,타래,2001-08-09,199014.617658965,451424.722282842,출판인쇄업,출판사,2026-05-03 22:45:53,I,03,폐업,,0,,2003-05-06 11:23:16,,1995-09-13,100-032,서울특별시 중구 저동*가 **-* 락희빌딩 ***동,CDFG1251001995000133,3010000,,"서울특별시 중구 수표로 **, ***동 (저동*가,락희빌딩)",,03,폐업,,,,,,
,동진,2000-06-29,199059.503320994,451689.10390472,출판인쇄업,출판사,2026-05-03 22:45:53,I,03,폐업,,0,,2003-05-06 11:23:16,,1995-09-13,100-230,서울특별시 중구 수표동 **-*,CDFG1251001995000134,3010000,,서울특별시 중구 수표로 **-**  (수표동),,03,폐업,,,,,,
,서광문화사,2019-08-19,199559.81287492,451275.242508566,출판인쇄업,출판사,2026-05-03 22:45:53,I,03,폐업,,0,,2019-08-19 10:05:56,,1995-09-13,100-282,서울특별시 중구 인현동*가 ***-** 신성상가 ***동,CDFG1251001995000135,3010000,,"서울특별시 중구 마른내로 **, ***동 (인현동*가,신성상가)",,03,폐업,,,,,,
,KL저널,1997-06-11,200802.727701072,450100.127638921,출판인쇄업,출판사,2026-05-03 22:45:54,I,03,폐업,,0,,2003-05-06 11:23:16,,1995-09-21,100-827,서울특별시 중구 신당동 ***-* 현대빌딩 ***동,CDFG1251001995000142,3010000,,"서울특별시 중구 다산로 ***, ***동 (신당동,현대빌딩)",,03,폐업,,,,,,
,엔젤프렌,2000-01-25,201295.907134834,451100.20295785,출판인쇄업,출판사,2026-05-03 22:45:54,I,03,폐업,,0,,2003-05-06 11:23:16,,1995-09-25,100-824,서울특별시 중구 신당동 ***-***,CDFG1251001995000143,3010000,,서울특별시 중구 청구로*길 **  (신당동),,03,폐업,,,,,,
,삼경,2002-04-07,198986.492471488,451373.295296007,출판인쇄업,출판사,2026-05-03 22:45:55,I,03,폐업,,0,,2003-05-06 11:23:16,,1995-09-30,100-032,서울특별시 중구 저동*가 **-** 삼양빌딩 ***동,CDFG1251001995000145,3010000,,"서울특별시 중구 마른내로 **, ***동 (저동*가,삼양빌딩)",,03,폐업,,,,,,
,늘푸른기획,2002-04-02,199037.825320441,451103.680774888,출판인쇄업,출판사,2026-05-03 22:45:55,I,03,폐업,,0,,2003-05-06 11:23:16,,1995-09-30,100-861,서울특별시 중구 충무로*가 **-* *층,CDFG1251001995000147,3010000,,,,03,폐업,,,,,,
,도서출판동아리,1997-01-25,199437.720727547,450939.451952622,출판인쇄업,출판사,2026-05-03 22:45:55,I,03,폐업,,0,,2003-05-06 11:23:16,,1995-09-30,100-272,서울특별시 중구 필동*가 **-*,CDFG1251001995000148,3010000,,,,03,폐업,,,,,,
,인텔리젼스,2001-08-09,199387.835284151,451531.646202737,출판인쇄업,출판사,2026-05-03 22:45:55,I,03,폐업,,0,,2003-05-06 11:23:16,,1995-10-04,100-847,서울특별시 중구 을지로*가 *** 동아빌딩 ***동,CDFG1251001995000149,3010000,,"서울특별시 중구 을지로**길 *-*, ***동 (을지로*가,동아빌딩)",,03,폐업,,,,,,
,에목,2001-08-09,199435.845257129,451462.301312693,출판인쇄업,출판사,2026-05-03 22:45:55,I,03,폐업,,0,,2003-05-06 11:23:16,,1995-10-04,100-281,서울특별시 중구 인현동*가 **-* *층,CDFG1251001995000151,3010000,,"서울특별시 중구 을지로**길 **  (인현동*가,*층)",,03,폐업,,,,,,
,세두잘,2001-08-09,199571.599470393,451124.851387624,출판인쇄업,출판사,2026-05-03 22:45:55,I,03,폐업,,0,,2003-05-06 11:23:16,,1995-10-25,100-863,서울특별시 중구 충무로*가 ***-* 진양빌딩 ****동,CDFG1251001995000159,3010000,,"서울특별시 중구 퇴계로 ***, ****동 (충무로*가,진양빌딩)",,03,폐업,,,,,,
,태영사,2007-04-30,200067.329848249,451325.520661529,출판인쇄업,출판사,2026-05-03 22:45:55,I,03,폐업,,,,2007-04-30 14:18:59,,1995-10-25,100-310,서울특별시 중구 오장동 ***-** *층,CDFG1251001995000160,3010000,,"서울특별시 중구 퇴계로**길 **  (오장동,*층)",,03,폐업,,,,,,
,코마콤,1996-01-16,199115.903640292,450908.429663519,출판인쇄업,출판사,2026-05-03 22:45:55,I,03,폐업,,0,,2003-05-06 11:23:16,,1995-10-31,100-260,서울특별시 중구 남학동 **-*,CDFG1251001995000161,3010000,,서울특별시 중구 퇴계로**길 *-*  (남학동),,03,폐업,,,,,,
,한글미디어,2001-08-09,199243.719707907,451518.197727854,출판인쇄업,출판사,2026-05-03 22:45:55,I,03,폐업,,0,,2003-05-06 11:23:16,,1995-10-31,100-846,서울특별시 중구 을지로*가 ***-* 성진빌딩 ***동,CDFG1251001995000163,3010000,,,,03,폐업,,,,,,
,인터프러스,1998-11-14,199559.81287492,451275.242508566,출판인쇄업,출판사,2026-05-03 22:45:56,I,03,폐업,,0,,2003-05-06 11:23:16,,1995-11-02,100-282,서울특별시 중구 인현동*가 ***-**,CDFG1251001995000165,3010000,,서울특별시 중구 마른내로 **  (인현동*가),,03,폐업,,,,,,
,시와시,2004-01-12,201775.682523178,451396.878132704,출판인쇄업,출판사,2026-05-03 22:46:07,I,03,폐업,,,,2004-03-24 18:06:19,,1997-04-02,100-819,서울특별시 중구 신당동 ***-* 성환빌딩 B동동 ***호,CDFG1251001997000047,3010000,,"서울특별시 중구 퇴계로**길 **, B동동 ***호 (신당동,성환빌딩)",,03,폐업,,,,,,
,을지,1999-10-07,199559.81287492,451275.242508566,출판인쇄업,출판사,2026-05-03 22:46:07,I,03,폐업,,0,,2003-05-06 11:23:16,,1997-04-04,100-282,서울특별시 중구 인현동*가 ***-** 신성상가 ***동,CDFG1251001997000049,3010000,,"서울특별시 중구 마른내로 **, ***동 (인현동*가,신성상가)",,03,폐업,,,,,,
,책이랑,2009-03-23,199320.990837164,451501.209707641,출판인쇄업,출판사,2026-05-03 22:46:08,I,03,폐업,,0,,2009-03-23 14:30:50,,1997-04-10,100-847,서울특별시 중구 을지로*가 ***-** 명성빌딩 ***동,CDFG1251001997000051,3010000,,"서울특별시 중구 충무로 **-*, ***동 (을지로*가,명성빌딩)",,03,폐업,,,,,,
,영인,2001-08-09,199871.992879938,451216.500151445,출판인쇄업,출판사,2026-05-03 22:46:08,I,03,폐업,,0,,2003-05-06 11:23:16,,1997-04-10,100-015,서울특별시 중구 충무로*가 **-*,CDFG1251001997000052,3010000,,서울특별시 중구 퇴계로**길 **  (충무로*가),,03,폐업,,,,,,
,도서출판 진리창조,2022-07-20,,,출판인쇄업,출판사,2026-05-03 22:46:08,I,03,폐업,,0,,2022-07-20 14:11:47,,1997-04-10,100-814,서울특별시 중구 서소문동 **-**,CDFG1251001997000053,3010000,,,,03,폐업,,,,,,
,환은경제연구소,1998-12-24,198654.42352636,451406.949541276,출판인쇄업,출판사,2026-05-03 22:46:08,I,03,폐업,,0,,2003-05-06 11:23:16,,1997-04-17,100-021,서울특별시 중구 명동*가 *-*,CDFG1251001997000059,3010000,,서울특별시 중구 명동**길 **  (명동*가),,03,폐업,,,,37055001,,
,민족통일연구원,1998-07-27,,,출판인쇄업,출판사,2026-05-03 22:46:08,I,03,폐업,,0,,2003-05-06 11:23:16,,1997-04-23,100-855,서울특별시 중구 장충동*가 *-**,CDFG1251001997000063,3010000,,,,03,폐업,,,,,,
,도서출판 시심,1998-01-07,197470.535483079,451184.591163055,출판인쇄업,출판사,2026-05-03 22:46:08,I,03,폐업,,0,,2003-05-06 11:23:16,,1997-04-30,100-814,서울특별시 중구 서소문동 **-*,CDFG1251001997000065,3010000,,서울특별시 중구 서소문로 **  (서소문동),,03,폐업,,,,,,
,금강문화인쇄,2012-01-30,199382.955773318,451037.967651563,출판인쇄업,출판사,2026-05-03 22:46:08,I,03,폐업,,0,,2012-01-30 14:44:31,,1997-05-08,100-272,서울특별시 중구 필동*가 **-*,CDFG1251001997000069,3010000,,,,03,폐업,,,,,,
,대림디자인,2001-08-09,199393.748061831,451020.317219361,출판인쇄업,출판사,2026-05-03 22:46:08,I,03,폐업,,0,,2003-05-06 11:23:16,,1997-05-20,100-272,서울특별시 중구 필동*가 ** 충무빌딩 ***동,CDFG1251001997000075,3010000,,,,03,폐업,,,,,,
,밝은빛,2021-01-15,199185.340856583,451494.716105765,출판인쇄업,출판사,2026-05-03 22:46:08,I,03,폐업,,0,,2021-01-15 17:24:10,,1997-05-22,100-846,서울특별시 중구 을지로*가 ***-** 유화빌딩 ***동,CDFG1251001997000076,3010000,,"서울특별시 중구 충무로*길 **, ***동 (을지로*가,유화빌딩)",,03,폐업,,,,,,
,세인기획,2001-01-03,199444.258233994,451355.853375383,출판인쇄업,출판사,2026-05-03 22:46:08,I,03,폐업,,0,,2003-05-06 11:23:16,,1997-05-26,100-281,서울특별시 중구 인현동*가 **-** *층동,CDFG1251001997000077,3010000,,"서울특별시 중구 마른내로 **, *층동 (인현동*가)",,03,폐업,,,,,,
,중원,1998-03-12,199199.380652489,450953.812479101,출판인쇄업,출판사,2026-05-03 22:46:08,I,03,폐업,,0,,2003-05-06 11:23:16,,1997-05-28,100-866,서울특별시 중구 필동*가 **-**,CDFG1251001997000079,3010000,,서울특별시 중구 퇴계로 ***  (필동*가),,03,폐업,,,,,,
,코메드,1998-10-09,201159.507123918,451391.220187921,출판인쇄업,출판사,2026-05-03 22:46:08,I,03,폐업,,0,,2003-05-06 11:23:16,,1997-06-04,100-823,서울특별시 중구 신당동 ***-* 태화빌딩 ***동,CDFG1251001997000085,3010000,,"서울특별시 중구 퇴계로 ***, ***동 (신당동,태화빌딩)",,03,폐업,,,,,,
,법정출판사,2003-08-12,197877.371573439,450909.730431376,출판인쇄업,출판사,2026-05-03 22:46:08,I,03,폐업,,,,2003-08-12 17:37:41,,1997-06-04,100-094,서울특별시 중구 남대문로*가 **-*,CDFG1251001997000086,3010000,,서울특별시 중구 남대문로 *-*  (남대문로*가),,03,폐업,,,,,,
,형미디어,1998-04-24,197489.820082993,451531.255928052,출판인쇄업,출판사,2026-05-03 22:46:08,I,03,폐업,,0,,2003-05-06 11:23:16,,1997-06-17,100-120,서울특별시 중구 정동 **-*,CDFG1251001997000092,3010000,,서울특별시 중구 정동길 **  (정동),,03,폐업,,,,,,
,앙글로필,2001-08-09,198969.501124475,451369.406665283,출판인쇄업,출판사,2026-05-03 22:46:08,I,03,폐업,,0,,2003-05-06 11:23:16,,1997-06-19,100-032,서울특별시 중구 저동*가 **-*,CDFG1251001997000093,3010000,,서울특별시 중구 마른내로 **  (저동*가),,03,폐업,,,,,,
,포도어린이교육원,2009-12-31,199621.601922534,450877.745478175,출판인쇄업,출판사,2026-05-03 22:46:08,I,03,폐업,,0,,2010-01-04 08:52:10,,1997-06-21,100-272,서울특별시 중구 필동*가 **-*,CDFG1251001997000094,3010000,,서울특별시 중구 퇴계로**길 **  (필동*가),,03,폐업,,,,02-2273-8384,,
,제일,2012-06-29,199632.593469236,451344.248667865,출판인쇄업,출판사,2026-05-03 22:46:08,I,03,폐업,,0,,2012-06-29 16:52:55,,1997-06-21,100-282,서울특별시 중구 인현동*가 ***-* 대림빌딩 ***동,CDFG1251001997000095,3010000,,"서울특별시 중구 마른내로 **, ***동 (인현동*가,대림빌딩)",,03,폐업,,,,,,
,에스코,2001-08-09,199598.919267432,451027.764382279,출판인쇄업,출판사,2026-05-03 22:46:08,I,03,폐업,,0,,2003-05-06 11:23:16,,1997-06-30,100-863,서울특별시 중구 충무로*가 ***-** *층동,CDFG1251001997000098,3010000,,"서울특별시 중구 퇴계로 ***, *층동 (충무로*가)",,03,폐업,,,,,,
,도서출판애디트,2005-01-26,200118.849500872,451290.362422129,출판인쇄업,출판사,2026-05-03 22:46:08,I,03,폐업,,,,2005-01-26 17:02:49,,1997-07-02,100-310,서울특별시 중구 오장동 ***-** 대동빌딩*층,CDFG1251001997000099,3010000,,"서울특별시 중구 동호로**길 *-*  (오장동,대동빌딩*층)",,03,폐업,,,,22772500,,
,문덕출판사,2001-06-26,199559.81287492,451275.242508566,출판인쇄업,출판사,2026-05-03 22:46:08,I,03,폐업,,0,,2003-05-06 11:23:16,,1997-07-05,100-282,서울특별시 중구 인현동*가 ***-** 신성빌딩 ***동,CDFG1251001997000100,3010000,,"서울특별시 중구 마른내로 **, ***동 (인현동*가,신성빌딩)",,03,폐업,,,,,,
,코리아랭컨,2000-06-26,,,출판인쇄업,출판사,2026-05-03 22:46:08,I,03,폐업,,0,,2003-05-06 11:23:16,,1997-07-05,100-372,서울특별시 중구 만리동*가 ***-*,CDFG1251001997000102,3010000,,서울특별시 중구 만리재로 ***  (만리동*가),,03,폐업,,,,,,
,산호,2000-07-18,201108.604914416,450514.4752149,출판인쇄업,출판사,2026-05-03 22:46:08,I,03,폐업,,0,,2003-05-06 11:23:16,,1997-07-10,100-826,서울특별시 중구 신당동 ***-* 우당빌딩 *층동,CDFG1251001997000103,3010000,,"서울특별시 중구 동호로**길 **, *층동 (신당동,우당빌딩)",,03,폐업,,,,,,
,케미칼인쇄공사,2005-04-28,,,출판인쇄업,출판사,2026-05-03 22:46:08,I,03,폐업,,,,2005-04-28 15:50:12,,1997-07-10,100-849,서울특별시 중구 을지로*가 *** *층동,CDFG1251001997000105,3010000,,"서울특별시 중구 을지로**길 *, *층동 (을지로*가)",,03,폐업,,,,,,
,크리스찬꼬마,1997-10-23,199127.56726304,451523.379820208,출판인쇄업,출판사,2026-05-03 22:46:08,I,03,폐업,,0,,2003-05-06 11:23:16,,1997-07-15,100-846,서울특별시 중구 을지로*가 ***-*,CDFG1251001997000107,3010000,,서울특별시 중구 을지로 ***  (을지로*가),,03,폐업,,,,,,
,도서출판클라이밍,2001-08-09,200081.469293867,451213.461083172,출판인쇄업,출판사,2026-05-03 22:46:08,I,03,폐업,,0,,2003-05-06 11:23:16,,1997-07-15,100-015,서울특별시 중구 충무로*가 *-**,CDFG1251001997000108,3010000,,,,03,폐업,,,,,,
,태양미디어,2001-08-09,199345.587857833,451199.590115289,출판인쇄업,출판사,2026-05-03 22:46:08,I,03,폐업,,0,,2003-05-06 11:23:16,,1997-07-15,100-281,서울특별시 중구 인현동*가 ***,CDFG1251001997000109,3010000,,서울특별시 중구 마른내로*길 **  (인현동*가),,03,폐업,,,,,,
,도서출판하이톤,2004-11-03,200983.446989151,450479.298866634,출판인쇄업,출판사,2026-05-03 22:46:08,I,03,폐업,,,,2004-11-03 16:18:10,,1997-07-21,100-893,서울특별시 중구 신당동 ***-**,CDFG1251001997000111,3010000,,서울특별시 중구 다산로 ***  (신당동),,03,폐업,,,,,,
,청서각,1997-11-27,201775.682523178,451396.878132704,출판인쇄업,출판사,2026-05-03 22:46:08,I,03,폐업,,0,,2003-05-06 11:23:16,,1997-08-11,100-819,서울특별시 중구 신당동 ***-*,CDFG1251001997000117,3010000,,서울특별시 중구 퇴계로**길 **  (신당동),,03,폐업,,,,,,
,도서출판책과사람들,2001-08-09,199358.34804369,451371.595692328,출판인쇄업,출판사,2026-05-03 22:46:08,I,03,폐업,,0,,2003-05-06 11:23:16,,1997-08-11,100-281,서울특별시 중구 인현동*가 ***-* 근화빌딩 ***동,CDFG1251001997000119,3010000,,"서울특별시 중구 을지로**길 **, ***동 (인현동*가,근화빌딩)",,03,폐업,,,,,,
,한마음사랑,2001-08-09,200672.85020833,450072.485315804,출판인쇄업,출판사,2026-05-03 22:46:09,I,03,폐업,,0,,2003-05-06 11:23:16,,1997-08-13,100-828,서울특별시 중구 신당동 ***-**,CDFG1251001997000120,3010000,,서울특별시 중구 동호로**길 **  (신당동),,03,폐업,,,,,,
,을지미디어 (주),2001-08-09,198537.634392897,451684.504129471,출판인쇄업,출판사,2026-05-03 22:46:09,I,03,폐업,,0,,2003-05-06 11:23:16,,1997-09-12,100-210,서울특별시 중구 수하동 **-* 우석빌딩 ***동,CDFG1251001997000124,3010000,,"서울특별시 중구 남대문로**길 **, ***동 (수하동,우석빌딩)",,03,폐업,,,,,,
,수산출판 (주),1999-09-08,201384.456643466,451334.342960082,출판인쇄업,출판사,2026-05-03 22:46:09,I,03,폐업,,0,,2003-05-06 11:23:16,,1997-09-12,100-819,서울특별시 중구 신당동 ***-* 동원빌딩 ***동,CDFG1251001997000125,3010000,,"서울특별시 중구 다산로 ***, ***동 (신당동,동원빌딩)",,03,폐업,,,,,,
,도서출판문영사,2005-06-29,197836.402101893,451263.716163965,출판인쇄업,출판사,2026-05-03 22:46:09,I,03,폐업,,,,2005-06-29 13:42:48,,1997-09-12,100-865,서울특별시 중구 태평로*가 ***-* 대한일보빌 딩동 ***호,CDFG1251001997000126,3010000,,"서울특별시 중구 서소문로 ***, 딩동 ***호 (태평로*가,대한일보빌)",,03,폐업,,,,,,
,에벤에셀,2004-08-31,200050.613469219,451298.411614352,출판인쇄업,출판사,2026-05-03 22:46:09,I,03,폐업,,,,2004-09-01 09:50:27,,1997-09-23,100-015,서울특별시 중구 충무로*가 **-* ***호,CDFG1251001997000128,3010000,,,,03,폐업,,,,,,
,한빛,2014-03-24,199133.686855624,451627.458338686,출판인쇄업,출판사,2026-05-03 22:46:09,I,03,폐업,,0,,2014-03-24 11:05:58,,1997-09-26,100-846,서울특별시 중구 을지로*가 **-** 천이빌딩 ***동,CDFG1251001997000131,3010000,,"서울특별시 중구 을지로**길 **, ***동 (을지로*가,천이빌딩)",,03,폐업,,,,,,
,팰북,1998-06-05,199297.876590178,451025.516575091,출판인쇄업,출판사,2026-05-03 22:46:09,I,03,폐업,,0,,2003-05-06 11:23:16,,1997-10-02,100-866,서울특별시 중구 필동*가 **-*,CDFG1251001997000136,3010000,,서울특별시 중구 퇴계로 ***  (필동*가),,03,폐업,,,,34462072,,
,도서출판좋은건축,1999-10-04,201430.566610162,451272.46647653,출판인쇄업,출판사,2026-05-03 22:46:09,I,03,폐업,,0,,2003-05-06 11:23:16,,1997-10-08,100-450,서울특별시 중구 신당동 **-** 우진빌딩 ***동,CDFG1251001997000138,3010000,,"서울특별시 중구 다산로**길 **, ***동 (신당동,우진빌딩)",,03,폐업,,,,,,
,명문미디어,2001-10-31,199055.288923974,451579.319762379,출판인쇄업,출판사,2026-05-03 22:46:09,I,03,폐업,,0,0,2003-05-06 11:23:16,,1997-10-13,100-846,서울특별시 중구 을지로*가 *-* 칠보빌딩 ***동,CDFG1251001997000139,3010000,,"서울특별시 중구 을지로 ***, ***동 (을지로*가,칠보빌딩)",,03,폐업,,,,,0,0
,세화인쇄,1999-04-13,199588.473286385,451408.455339572,출판인쇄업,출판사,2026-05-03 22:46:09,I,03,폐업,,0,0,2003-05-06 11:23:16,,1997-10-13,100-282,서울특별시 중구 인현동*가 ***-**,CDFG1251001997000141,3010000,,서울특별시 중구 마른내로*길 **  (인현동*가),,03,폐업,,,,22722768,0,0
,우리문화,2003-09-02,,,출판인쇄업,출판사,2026-05-03 22:46:09,I,03,폐업,,,,2003-09-02 11:53:14,,1997-10-16,100-230,서울특별시 중구 수표동 **-* 광명빌딩 *층동,CDFG1251001997000142,3010000,,"서울특별시 중구 청계천로 ***, *층동 (수표동,광명빌딩)",,03,폐업,,,,,,
,호세야,2006-01-04,,,출판인쇄업,출판사,2026-05-03 22:46:09,I,03,폐업,,,,2006-01-04 13:37:00,,1997-10-30,100-400,서울특별시 중구 쌍림동 **-* 남일빌딩 *층동,CDFG1251001997000146,3010000,,,,03,폐업,,,,,,
,고려,1998-08-25,199466.91201106,451283.418347379,출판인쇄업,출판사,2026-05-03 22:46:09,I,03,폐업,,0,,2003-05-06 11:23:16,,1997-10-30,100-282,서울특별시 중구 인현동*가 ***-* *층,CDFG1251001997000147,3010000,,"서울특별시 중구 마른내로*가길 **  (인현동*가,*층)",,03,폐업,,,,,,
,디지털미디어,2005-03-23,199297.876590178,451025.516575091,출판인쇄업,출판사,2026-05-03 22:46:09,I,03,폐업,,,,2005-03-23 15:01:05,,1997-11-05,100-866,서울특별시 중구 필동*가 **-* 동화빌딩 ***동,CDFG1251001997000148,3010000,,"서울특별시 중구 퇴계로 ***, ***동 (필동*가,동화빌딩)",,03,폐업,,,,,,
,크리스챤,2001-03-23,199615.028562588,451390.070536806,출판인쇄업,출판사,2026-05-03 22:46:09,I,03,폐업,,0,,2003-05-06 11:23:16,,1997-11-05,100-282,서울특별시 중구 인현동*가 ***,CDFG1251001997000150,3010000,,서울특별시 중구 마른내로*길 **  (인현동*가),,03,폐업,,,,22777567,,
근린생활시설,도서출판하나디앤피,2001-10-25,199158.592912112,451485.503392316,출판인쇄업,출판사,2026-05-03 22:46:09,I,03,폐업,,0,0,2003-05-06 11:23:16,,1997-11-10,100-846,서울특별시 중구 을지로*가 ***-* 삼정빌딩 ***,CDFG1251001997000151,3010000,,"서울특별시 중구 을지로**길 **  (을지로*가,삼정빌딩 ***)",,03,폐업,,,,22713428,0,0
,(주)신덕테크,2006-10-27,199831.467489032,451296.322784138,출판인쇄업,출판사,2026-05-03 22:46:09,I,03,폐업,,,,2006-10-27 16:33:59,,1997-11-10,100-290,서울특별시 중구 예관동 **-* **-*유성빌딩***호,CDFG1251001997000153,3010000,,"서울특별시 중구 퇴계로**길 **  (예관동,**-*유성빌딩***호)",,03,폐업,,,,22744186,,
,민현,1998-09-23,199914.413946025,451164.770966457,출판인쇄업,출판사,2026-05-03 22:46:09,I,03,폐업,,0,,2003-05-06 11:23:16,,1997-11-13,100-015,서울특별시 중구 충무로*가 **-**,CDFG1251001997000156,3010000,,서울특별시 중구 퇴계로 ***  (충무로*가),,03,폐업,,,,,,
,동국문화사,2010-12-01,199381.6429335,451540.323626928,출판인쇄업,출판사,2026-05-03 22:46:09,I,03,폐업,,0,,2010-12-01 16:08:50,,1997-11-17,100-847,서울특별시 중구 을지로*가 *** 경흥빌딩 ***-동 *호,CDFG1251001997000157,3010000,,"서울특별시 중구 을지로**길 *-*, ***-동 *호 (을지로*가,경흥빌딩)",,03,폐업,,,,,,
,프로하우스,1999-12-27,199022.817662005,451132.890892721,출판인쇄업,출판사,2026-05-03 22:46:09,I,03,폐업,,0,,2003-05-06 11:23:16,,1997-11-17,100-861,서울특별시 중구 충무로*가 **-**,CDFG1251001997000158,3010000,,,,03,폐업,,,,,,
근린생활시설,소호스트리트,2015-05-06,199075.987743505,451295.723818453,출판인쇄업,출판사,2026-05-03 22:46:09,I,03,폐업,,0,0,2015-05-06 11:21:58,,1997-11-27,100-032,서울특별시 중구 저동*가 **-** 애플빌딩 ***동,CDFG1251001997000161,3010000,,"서울특별시 중구 수표로 **, ***동 (저동*가,애플빌딩)",,03,폐업,,,,22713083,0,0
,봉림문화사,2000-12-15,199358.34804369,451371.595692328,출판인쇄업,출판사,2026-05-03 22:46:09,I,03,폐업,,0,,2003-05-06 11:23:16,,1997-12-02,100-281,서울특별시 중구 인현동*가 ***-* ***호,CDFG1251001997000165,3010000,,"서울특별시 중구 을지로**길 **  (인현동*가,***호)",,03,폐업,,,,,,
,재동종합기획,1998-07-30,198124.204055354,451706.593888287,출판인쇄업,출판사,2026-05-03 22:46:09,I,03,폐업,,0,,2003-05-06 11:23:16,,1997-12-09,100-170,서울특별시 중구 무교동 **,CDFG1251001997000168,3010000,,서울특별시 중구 무교로 **  (무교동),,03,폐업,,,,,,
,탐미미디어,2001-07-04,,,출판인쇄업,출판사,2026-05-03 22:46:09,I,03,폐업,,0,,2003-05-06 11:23:16,,1997-12-19,100-845,서울특별시 중구 을지로*가 ***-* 유니온빌딩 ***동,CDFG1251001997000173,3010000,,,,03,폐업,,,,,,
,성진사,2013-03-07,199523.348932455,451311.73592696,출판인쇄업,출판사,2026-05-03 22:46:09,I,03,폐업,,0,,2013-03-07 14:01:57,,1997-12-27,100-282,서울특별시 중구 인현동*가 *** 복현빌딩 ***호,CDFG1251001997000178,3010000,,"서울특별시 중구 마른내로 **  (인현동*가,복현빌딩 ***호)",,03,폐업,,,,,,
,도서출판 용,2001-08-09,199250.501251471,451472.193020952,출판인쇄업,출판사,2026-05-03 22:46:09,I,03,폐업,,0,,2003-05-06 11:23:16,,1997-12-31,100-846,서울특별시 중구 을지로*가 ***-**,CDFG1251001997000180,3010000,,서울특별시 중구 을지로**길 **  (을지로*가),,03,폐업,,,,,,
,찬흥,2014-03-24,,,출판인쇄업,출판사,2026-05-03 22:46:09,I,03,폐업,,0,,2014-03-24 14:59:42,,1997-07-02,100-273,서울특별시 중구 필동*가 **-* *층동,CDFG1251001997000181,3010000,,,,03,폐업,,,,,,
,열린기획,2001-09-05,200734.588277161,451159.002070281,출판인쇄업,출판사,2026-05-03 22:46:09,I,03,폐업,,0,,2003-05-06 11:23:16,,1997-08-16,100-391,서울특별시 중구 장충동*가 **-** *층,CDFG1251001997000184,3010000,,"서울특별시 중구 장충단로*길 **-**  (장충동*가,*층)",,03,폐업,,,,,,
,통보문예사,2005-07-11,199523.348932455,451311.73592696,출판인쇄업,출판사,2026-05-03 22:46:09,I,03,폐업,,,,2005-10-04 14:03:31,,1997-08-29,100-282,서울특별시 중구 인현동*가 ***,CDFG1251001997000186,3010000,,서울특별시 중구 마른내로 **  (인현동*가),,03,폐업,,,,,,
,사진마을,2005-05-10,,,출판인쇄업,출판사,2026-05-03 22:46:09,I,03,폐업,,,,2005-05-10 09:16:18,,1997-08-29,100-220,서울특별시 중구 장교동 **-*,CDFG1251001997000188,3010000,,,,03,폐업,,,,,,
,맥라인,1998-09-01,199279.677406441,451120.517700578,출판인쇄업,출판사,2026-05-03 22:46:09,I,03,폐업,,0,,2003-05-06 11:23:16,,1997-04-09,100-013,서울특별시 중구 충무로*가 **,CDFG1251001997000198,3010000,,서울특별시 중구 충무로 **  (충무로*가),,03,폐업,,,,,,
,도서출판 고월드트래블아카데미 출판부,2013-03-15,199570.94218383,451509.160416598,출판인쇄업,출판사,2026-05-03 22:46:09,I,03,폐업,,,,2021-04-08 17:25:10,,1997-02-18,100-849,서울특별시 중구 을지로*가 ***-* 광덕빌딩 ***호,CDFG1251001997000201,3010000,,"서울특별시 중구 을지로**길 **,  ***호 (을지로*가,광덕빌딩)",,03,폐업,,,,02-2279-9648,,
,연기획,2001-08-09,198973.649823525,451566.236976727,출판인쇄업,출판사,2026-05-03 22:46:10,I,03,폐업,,0,,2003-05-06 11:23:16,,1998-01-12,100-845,서울특별시 중구 을지로*가 ***-**,CDFG1251001998000003,3010000,,서울특별시 중구 을지로 ***  (을지로*가),,03,폐업,,,,,,
,손미디어,2003-06-27,201124.283618204,451261.40832085,출판인쇄업,출판사,2026-05-03 22:46:10,I,03,폐업,,,,2003-06-28 11:57:22,,1998-01-12,100-890,서울특별시 중구 신당동 ***-**,CDFG1251001998000005,3010000,,서울특별시 중구 다산로**다길 **  (신당동),,03,폐업,,,,,,
,유토피안,2003-06-27,201124.283618204,451261.40832085,출판인쇄업,출판사,2026-05-03 22:46:10,I,03,폐업,,,,2003-06-28 11:56:14,,1998-01-14,100-890,서울특별시 중구 신당동 ***-**,CDFG1251001998000007,3010000,,서울특별시 중구 다산로**다길 **  (신당동),,03,폐업,,,,,,
,리드컴,2001-03-13,,,출판인쇄업,출판사,2026-05-03 22:46:10,I,03,폐업,,0,,2003-05-06 11:23:16,,1998-01-30,100-013,서울특별시 중구 충무로*가 **,CDFG1251001998000009,3010000,,,,03,폐업,,,,,,
,실사구시,2000-08-09,200613.510297669,451817.515366883,출판인쇄업,출판사,2026-05-03 22:46:10,I,03,폐업,,0,,2003-05-06 11:23:16,,1998-02-03,100-850,서울특별시 중구 을지로*가 **-* 거평프레야 **층호,CDFG1251001998000010,3010000,,"서울특별시 중구 장충단로**길 **,  **층호 (을지로*가,거평프레야)",,03,폐업,,,,,,
,다운출판,2001-08-09,199941.744032253,451314.073491563,출판인쇄업,출판사,2026-05-03 22:46:10,I,03,폐업,,0,,2003-05-06 11:23:16,,1998-02-03,100-310,서울특별시 중구 오장동 **-* 우담빌딩 ***동,CDFG1251001998000011,3010000,,"서울특별시 중구 퇴계로**길 **-**, ***동 (오장동,우담빌딩)",,03,폐업,,,,,,
근린생활시설,도서출판 신학문사,2022-04-20,199267.488373997,451014.120821014,출판인쇄업,출판사,2026-05-03 22:46:10,I,03,폐업,,0,0,2022-04-20 18:12:41,,1998-02-03,100-866,서울특별시 중구 필동*가 **-* 국제빌딩***호,CDFG1251001998000012,3010000,,"서울특별시 중구 퇴계로 ***  (필동*가,국제빌딩***호)",,03,폐업,,,,22686131,0,0
,하영출판사,2001-08-09,200247.098067944,451193.482960446,출판인쇄업,출판사,2026-05-03 22:46:10,I,03,폐업,,0,,2003-05-06 11:23:16,,1998-02-06,100-400,서울특별시 중구 쌍림동 ***-** 쌍림빌딩 ****동,CDFG1251001998000013,3010000,,"서울특별시 중구 퇴계로 ***, ****동 (쌍림동,쌍림빌딩)",,03,폐업,,,,,,
,대유문화사,2000-09-20,198025.02439973,451080.031757893,출판인쇄업,출판사,2026-05-03 22:46:10,I,03,폐업,,0,,2003-05-06 11:23:16,,1998-02-06,100-080,서울특별시 중구 북창동 *** ***호,CDFG1251001998000014,3010000,,"서울특별시 중구 남대문로 **-**  (북창동,***호)",,03,폐업,,,,,,
,일러스트뱅크,1999-02-01,199663.235719703,450964.917367929,출판인쇄업,출판사,2026-05-03 22:46:10,I,03,폐업,,0,,2003-05-06 11:23:16,,1998-02-06,100-273,서울특별시 중구 필동*가 *,CDFG1251001998000015,3010000,,서울특별시 중구 퇴계로**길 **  (필동*가),,03,폐업,,,,22677470,,
,비티에이코리아,1999-12-09,197799.544196134,451775.169253151,출판인쇄업,출판사,2026-05-03 22:46:10,I,03,폐업,,0,,2003-05-06 11:23:16,,1998-02-06,100-101,서울특별시 중구 태평로*가 **-** 중후빌딩,CDFG1251001998000016,3010000,,"서울특별시 중구 세종대로**길 **  (태평로*가,중후빌딩)",,03,폐업,,,,37020600,,
,가람아카데미,2001-08-09,199569.075587635,450899.280902089,출판인쇄업,출판사,2026-05-03 22:46:10,I,03,폐업,,0,,2003-05-06 11:23:16,,1998-02-10,100-272,서울특별시 중구 필동*가 **-** 대평빌딩 *층*동,CDFG1251001998000018,3010000,,"서울특별시 중구 필동로 **, *층*동 (필동*가,대평빌딩)",,03,폐업,,,,,,
,명동비지네스,2002-04-02,199752.667494456,450818.242890776,출판인쇄업,출판사,2026-05-03 22:46:10,I,03,폐업,,0,,2003-05-06 11:23:16,,1998-02-18,100-273,서울특별시 중구 필동*가 **-*,CDFG1251001998000022,3010000,,서울특별시 중구 서애로*길 **  (필동*가),,03,폐업,,,,,,
,민법사,1998-05-08,199332.984027781,451408.541940369,출판인쇄업,출판사,2026-05-03 22:46:10,I,03,폐업,,0,,2003-05-06 11:23:16,,1998-02-20,100-300,서울특별시 중구 초동 **-*,CDFG1251001998000023,3010000,,서울특별시 중구 충무로*길 *  (초동),,03,폐업,,,,,,
,청운미디어,1999-01-25,199822.10979662,451182.266913412,출판인쇄업,출판사,2026-05-03 22:46:10,I,03,폐업,,0,,2003-05-06 11:23:16,,1998-02-23,100-015,서울특별시 중구 충무로*가 **-*,CDFG1251001998000024,3010000,,서울특별시 중구 창경궁로 *  (충무로*가),,03,폐업,,,,,,
,나라컴,2010-01-29,199559.81287492,451275.242508566,출판인쇄업,출판사,2026-05-03 22:46:10,I,03,폐업,,0,,2010-01-29 11:42:00,,1998-02-23,100-282,서울특별시 중구 인현동*가 ***-** 신성상가 ***동,CDFG1251001998000025,3010000,,"서울특별시 중구 마른내로 **, ***동 (인현동*가,신성상가)",,03,폐업,,,,,,
,심산문학,2002-12-27,200104.391382832,451166.330668547,출판인쇄업,출판사,2026-05-03 22:46:10,I,03,폐업,,0,0,2003-05-06 11:23:16,,1998-03-02,100-855,서울특별시 중구 장충동*가 ***-* 충무빌딩 ***동,CDFG1251001998000026,3010000,,"서울특별시 중구 퇴계로 ***, ***동 (장충동*가,충무빌딩)",,03,폐업,,,,,0,0
,기동정문사,1998-10-12,199332.984027781,451408.541940369,출판인쇄업,출판사,2026-05-03 22:46:10,I,03,폐업,,0,,2003-05-06 11:23:16,,1998-03-11,100-300,서울특별시 중구 초동 **-* * *동 *호,CDFG1251001998000035,3010000,,"서울특별시 중구 충무로*길 *, *동 *호 (초동,*)",,03,폐업,,,,,,
,나우미디어,1999-05-31,199315.590898473,451545.977670316,출판인쇄업,출판사,2026-05-03 22:46:10,I,03,폐업,,0,,2003-05-06 11:23:16,,1998-03-27,100-847,서울특별시 중구 을지로*가 ***-** 덕흥빌딩 ***동,CDFG1251001998000042,3010000,,"서울특별시 중구 을지로 ***, ***동 (을지로*가,덕흥빌딩)",,03,폐업,,,,,,
,진성엠엔비,2001-08-09,,,출판인쇄업,출판사,2026-05-03 22:46:11,I,03,폐업,,0,,2003-05-06 11:23:16,,1998-04-01,100-272,서울특별시 중구 필동*가 **-** 대평빌딩 ***동,CDFG1251001998000043,3010000,,,,03,폐업,,,,,,
,금강종합기획,2010-03-08,199559.81287492,451275.242508566,출판인쇄업,출판사,2026-05-03 22:46:11,I,03,폐업,,,,2010-03-08 13:54:31,,1998-04-01,100-282,서울특별시 중구 인현동*가 ***-** 신성상가 ***호,CDFG1251001998000044,3010000,,"서울특별시 중구 마른내로 **  (인현동*가,신성상가 ***호)",,03,폐업,,,,22631580,,
,한얼출판사,2001-08-09,199515.853752603,450810.495362416,출판인쇄업,출판사,2026-05-03 22:46:11,I,03,폐업,,0,,2003-05-06 11:23:16,,1998-04-01,100-272,서울특별시 중구 필동*가 **-*,CDFG1251001998000045,3010000,,서울특별시 중구 퇴계로**가길 **  (필동*가),,03,폐업,,,,,,
,광영문화사,1998-04-29,199925.463095015,451190.417267894,출판인쇄업,출판사,2026-05-03 22:46:11,I,03,폐업,,0,,2003-05-06 11:23:16,,1998-04-06,100-015,서울특별시 중구 충무로*가 **-*,CDFG1251001998000046,3010000,,서울특별시 중구 퇴계로 ***-*  (충무로*가),,03,폐업,,,,,,
,한국산업자료원,2006-09-18,199727.627659869,450774.346691589,출판인쇄업,출판사,2026-05-03 22:46:11,I,03,폐업,,,,2006-09-18 13:27:50,,1998-04-10,100-273,서울특별시 중구 필동*가 **-** 태광빌딩 지하*층,CDFG1251001998000051,3010000,,"서울특별시 중구 서애로*길 **  (필동*가,태광빌딩 지하*층)",,03,폐업,,,,,,
,문화정보,2004-02-21,200091.720573441,451416.474197689,출판인쇄업,출판사,2026-05-03 22:46:11,I,03,폐업,,,,2004-02-21 12:57:55,,1998-04-15,100-310,서울특별시 중구 오장동 ***-**,CDFG1251001998000052,3010000,,서울특별시 중구 을지로**길 **  (오장동),,03,폐업,,,,,,
,한길,2001-08-09,199510.34944578,450506.735254011,출판인쇄업,출판사,2026-05-03 22:46:11,I,03,폐업,,0,,2003-05-06 11:23:16,,1998-04-20,100-272,서울특별시 중구 필동*가 ***-* 고려빌딩 ***동,CDFG1251001998000056,3010000,,"서울특별시 중구 퇴계로**가길 **, ***동 (필동*가,고려빌딩)",,03,폐업,,,,,,
,삼덕미디어,2010-03-29,199224.489152775,451457.768390612,출판인쇄업,출판사,2026-05-03 22:46:11,I,03,폐업,,0,,2010-03-29 09:01:43,,1998-04-22,100-846,서울특별시 중구 을지로*가 ***-* 수정빌딩 ***동,CDFG1251001998000060,3010000,,,,03,폐업,,,,,,
,신우기획,2004-01-12,199559.81287492,451275.242508566,출판인쇄업,출판사,2026-05-03 22:46:11,I,03,폐업,,,,2004-03-24 18:12:15,,1998-04-22,100-282,서울특별시 중구 인현동*가 ***-** 신성상가 ***동,CDFG1251001998000061,3010000,,"서울특별시 중구 마른내로 **, ***동 (인현동*가,신성상가)",,03,폐업,,,,,,
,유학,2003-04-03,198181.2456998,451808.048376715,출판인쇄업,출판사,2026-05-03 22:46:11,I,03,폐업,,0,0,2003-05-06 11:23:16,,1998-04-29,100-180,서울특별시 중구 다동 **-*,CDFG1251001998000062,3010000,,서울특별시 중구 청계천로 **  (다동),,03,폐업,,,,34552718,0,0
근린생활시설,주손프론티어(주),2002-04-02,199995.946197698,451285.600689181,출판인쇄업,출판사,2026-05-03 22:46:11,I,03,폐업,,0,0,2003-05-06 11:23:16,,1998-04-29,100-015,서울특별시 중구 충무로*가 **-*,CDFG1251001998000063,3010000,,서울특별시 중구 마른내로**길 *-*  (충무로*가),,03,폐업,,,,22687252,0,0
,도서출판가람문화사,2004-08-31,199947.761081625,451111.261863471,출판인쇄업,출판사,2026-05-03 22:46:05,I,03,폐업,,,,2004-08-31 13:15:40,,1996-09-13,100-380,서울특별시 중구 묵정동 **-* 삼광빌딩 ***동,CDFG1251001996000135,3010000,,"서울특별시 중구 퇴계로**길 *, ***동 (묵정동,삼광빌딩)",,03,폐업,,,,,,
,도서출판 건웅,2013-03-27,199664.139554783,451348.42374001,출판인쇄업,출판사,2026-05-03 22:46:05,I,03,폐업,,0,,2013-03-27 16:19:15,,1996-09-16,100-282,서울특별시 중구 인현동*가 ***-* 인현빌딩 ***동,CDFG1251001996000139,3010000,,"서울특별시 중구 마른내로 **, ***동 (인현동*가,인현빌딩)",,03,폐업,,,,,,
,도서출판창영,1998-12-26,,,출판인쇄업,출판사,2026-05-03 22:46:05,I,03,폐업,,0,,2003-05-06 11:23:16,,1996-12-20,100-310,서울특별시 중구 오장동 *,CDFG1251001996000140,3010000,,,,03,폐업,,,,,,
,도서출판대덕문화,2000-08-09,,,출판인쇄업,출판사,2026-05-03 22:46:05,I,03,폐업,,0,,2003-05-06 11:23:16,,1996-09-24,100-210,서울특별시 중구 수하동 ** 환성빌딩 ***동,CDFG1251001996000141,3010000,,,,03,폐업,,,,,,
,도서출판하나콤,2001-08-09,199522.003867124,450442.569989607,출판인쇄업,출판사,2026-05-03 22:46:05,I,03,폐업,,0,,2003-05-06 11:23:16,,1996-10-01,100-272,서울특별시 중구 필동*가 ***-*,CDFG1251001996000142,3010000,,서울특별시 중구 필동로 **  (필동*가),,03,폐업,,,,,,
,도서출판글원,2016-04-04,200114.047054556,451422.383765796,출판인쇄업,출판사,2026-05-03 22:46:05,I,03,폐업,,0,,2016-04-04 10:48:13,,1996-10-21,100-310,서울특별시 중구 오장동 ***-** 문명빌딩 *층동,CDFG1251001996000147,3010000,,"서울특별시 중구 동호로 ***-*, *층동 (오장동,문명빌딩)",,03,폐업,,,,,,
,예림,1999-02-03,198004.737917005,451589.338993848,출판인쇄업,출판사,2026-05-03 22:46:05,I,03,폐업,,0,,2003-05-06 11:23:16,,1996-11-05,100-101,서울특별시 중구 태평로*가 **,CDFG1251001996000153,3010000,,서울특별시 중구 세종대로 ***  (태평로*가),,03,폐업,,,,,,
,목비,1998-01-26,200104.391382832,451166.330668547,출판인쇄업,출판사,2026-05-03 22:46:05,I,03,폐업,,0,,2003-05-06 11:23:16,,1996-11-07,100-855,서울특별시 중구 장충동*가 ***-*,CDFG1251001996000154,3010000,,서울특별시 중구 퇴계로 ***  (장충동*가),,03,폐업,,,,,,
근린생활시설,삼인커뮤니케이션,2002-03-22,,,출판인쇄업,출판사,2026-05-03 22:46:05,I,03,폐업,,0,,2003-05-06 11:23:16,,1996-11-12,100-863,서울특별시 중구 충무로*가 ***-* 진양*동 ***호,CDFG1251001996000157,3010000,,,,03,폐업,,,,22689183,,
,도서출판연네트,2001-08-09,199508.932755703,451505.837093004,출판인쇄업,출판사,2026-05-03 22:46:05,I,03,폐업,,0,,2003-05-06 11:23:16,,1996-11-18,100-281,서울특별시 중구 인현동*가 **-*,CDFG1251001996000162,3010000,,서울특별시 중구 을지로**길 **  (인현동*가),,03,폐업,,,,,,
,도서출판중앙사,2001-07-07,199071.895624639,451456.929364344,출판인쇄업,출판사,2026-05-03 22:46:05,I,03,폐업,,0,,2003-05-06 11:23:16,,1996-11-18,100-032,서울특별시 중구 저동*가 * *,CDFG1251001996000163,3010000,,"서울특별시 중구 수표로 **-**  (저동*가,*)",,03,폐업,,,,,,
,한국디지탈미디어,1997-06-05,199225.616261119,451652.803572868,출판인쇄업,출판사,2026-05-03 22:46:05,I,03,폐업,,0,,2003-05-06 11:23:16,,1996-11-22,100-846,서울특별시 중구 을지로*가 ***-* 신성빌딩 ***동,CDFG1251001996000165,3010000,,"서울특별시 중구 을지로**길 **, ***동 (을지로*가,신성빌딩)",,03,폐업,,,,,,
,도서출판 영,1998-02-12,199055.288923974,451579.319762379,출판인쇄업,출판사,2026-05-03 22:46:05,I,03,폐업,,0,,2003-05-06 11:23:16,,1996-11-28,100-846,서울특별시 중구 을지로*가 *-*,CDFG1251001996000166,3010000,,서울특별시 중구 을지로 ***  (을지로*가),,03,폐업,,,,,,
,우일프로,2003-08-22,199616.863579167,451290.679771363,출판인쇄업,출판사,2026-05-03 22:46:05,I,03,폐업,,,,2003-08-27 10:42:53,,1996-12-03,100-282,서울특별시 중구 인현동*가 ***-**,CDFG1251001996000167,3010000,,,,03,폐업,,,,,,
,도서출판녹두미디어,2001-08-09,,,출판인쇄업,출판사,2026-05-03 22:46:05,I,03,폐업,,0,,2003-05-06 11:23:16,,1996-12-04,100-845,서울특별시 중구 을지로*가 ***-*,CDFG1251001996000168,3010000,,,,03,폐업,,,,,,
,서울중구신문사 출판부,2018-03-23,198850.292076822,451274.589084161,출판인쇄업,출판사,2026-05-03 22:46:05,I,03,폐업,,0,,2018-03-23 16:29:37,,1996-12-04,100-031,서울특별시 중구 저동*가 **-*,CDFG1251001996000169,3010000,,서울특별시 중구 삼일대로*길 *-* (저동*가),,03,폐업,,,,02-773-4114,,
,방림정판사,2002-11-20,199249.889138708,451238.287486335,출판인쇄업,출판사,2026-05-03 22:46:06,I,03,폐업,,0,0,2003-05-06 11:23:16,,1996-12-04,100-300,서울특별시 중구 초동 **-*,CDFG1251001996000170,3010000,,서울특별시 중구 충무로 **-**  (초동),,03,폐업,,,,,0,0
,도서출판 세광,2016-10-19,199528.084976639,451222.552513192,출판인쇄업,출판사,2026-05-03 22:46:06,I,03,폐업,,0,,2016-10-19 13:51:46,,1996-12-06,100-282,서울특별시 중구 인현동*가 ***-*,CDFG1251001996000171,3010000,,서울특별시 중구 퇴계로**가길 ***-* (인현동*가),,03,폐업,,,,02-2268-5088,,
,단우문화사,1998-10-27,,,출판인쇄업,출판사,2026-05-03 22:46:06,I,03,폐업,,0,,2003-05-06 11:23:16,,1996-12-13,100-845,서울특별시 중구 을지로*가 ***-**,CDFG1251001996000174,3010000,,,,03,폐업,,,,27906738,,
,도서출판에프,2009-02-11,199223.988881003,450927.408591403,출판인쇄업,출판사,2026-05-03 22:46:06,I,03,폐업,,,,2009-02-11 16:52:58,,1996-12-20,100-866,서울특별시 중구 필동*가 **-**,CDFG1251001996000177,3010000,,서울특별시 중구 퇴계로**길 **  (필동*가),,03,폐업,,,,,,
,지구촌,2005-12-29,199754.090247433,451193.310541565,출판인쇄업,출판사,2026-05-03 22:46:06,I,03,폐업,,,,2005-12-29 16:34:18,,1996-12-26,100-863,서울특별시 중구 충무로*가 **-*,CDFG1251001996000178,3010000,,서울특별시 중구 창경궁로*길 *-*  (충무로*가),,03,폐업,,,,,,
,법학서당,1998-06-05,199322.094949755,451406.901162916,출판인쇄업,출판사,2026-05-03 22:46:06,I,03,폐업,,0,,2003-05-06 11:23:16,,1996-12-26,100-300,서울특별시 중구 초동 **-*,CDFG1251001996000179,3010000,,서울특별시 중구 충무로*길 *-*  (초동),,03,폐업,,,,34533840,,
,대한예수교장로회남대,2003-03-20,197704.092840396,450370.996110904,출판인쇄업,출판사,2026-05-03 22:46:06,I,03,폐업,,0,0,2003-05-06 11:23:16,,1996-12-26,100-802,서울특별시 중구 남대문로*가 ***-*,CDFG1251001996000180,3010000,,서울특별시 중구 퇴계로 *  (남대문로*가),,03,폐업,,,,,0,0
,선문,2004-01-12,199534.162582634,451211.355310549,출판인쇄업,출판사,2026-05-03 22:46:06,I,03,폐업,,,,2004-03-24 18:03:55,,1996-12-28,100-282,서울특별시 중구 인현동*가 ***-*,CDFG1251001996000183,3010000,,서울특별시 중구 퇴계로**길 **  (인현동*가),,03,폐업,,,,,,
,기획인쇄 대원,2004-01-12,,,출판인쇄업,출판사,2026-05-03 22:46:06,I,03,폐업,,,,2004-03-24 18:04:58,,1996-08-26,100-032,서울특별시 중구 저동*가 **-**,CDFG1251001996000184,3010000,,서울특별시 중구 수표로 **-**  (저동*가),,03,폐업,,,,,,
,시와비평사,2006-10-18,198825.069980637,451046.81426101,출판인쇄업,출판사,2026-05-03 22:46:06,I,03,폐업,,,,2006-10-18 17:00:26,,1996-01-04,100-861,서울특별시 중구 충무로*가 **-* 국도빌딩 *층동,CDFG1251001996000185,3010000,,"서울특별시 중구 명동*가길 **-*, *층동 (충무로*가,국도빌딩)",,03,폐업,,,,,,
,국민문화,1996-01-19,200078.73567993,450959.761311543,출판인쇄업,출판사,2026-05-03 22:46:06,I,03,폐업,,0,,2003-05-06 11:23:16,,1996-01-12,100-380,서울특별시 중구 묵정동 **-*,CDFG1251001996000187,3010000,,,,03,폐업,,,,,,
,600,2002-04-02,199426.847208021,451393.68530822,출판인쇄업,출판사,2026-05-03 22:46:06,I,03,폐업,,0,,2003-05-06 11:23:16,,1996-01-16,100-281,서울특별시 중구 인현동*가 **,CDFG1251001996000188,3010000,,서울특별시 중구 을지로**길 **  (인현동*가),,03,폐업,,,,,,
,해외유학정보센타,2001-01-22,198712.290937471,451344.614137454,출판인쇄업,출판사,2026-05-03 22:46:06,I,03,폐업,,0,,2003-05-06 11:23:16,,1996-02-02,100-021,서울특별시 중구 명동*가 *-*,CDFG1251001996000190,3010000,,서울특별시 중구 명동길 **  (명동*가),,03,폐업,,,,,,
,22세기,2000-06-23,200224.815166574,451582.627103843,출판인쇄업,출판사,2026-05-03 22:46:06,I,03,폐업,,0,,2003-05-06 11:23:16,,1996-02-26,100-195,서울특별시 중구 을지로*가 **-*,CDFG1251001996000191,3010000,,서울특별시 중구 을지로 ***  (을지로*가),,03,폐업,,,,,,
,성우출판사,2015-10-02,199430.106834129,451385.250295214,출판인쇄업,출판사,2026-05-03 22:46:06,I,03,폐업,,,,2015-10-02 14:22:32,,1996-02-26,100-281,서울특별시 중구 인현동*가 **,CDFG1251001996000192,3010000,,서울특별시 중구 을지로**길 ** (인현동*가),,03,폐업,,,,,,
,도서출판그래그,1997-02-25,199250.501251471,451472.193020952,출판인쇄업,출판사,2026-05-03 22:46:06,I,03,폐업,,0,,2003-05-06 11:23:16,,1996-02-26,100-846,서울특별시 중구 을지로*가 ***-**,CDFG1251001996000193,3010000,,서울특별시 중구 을지로**길 **  (을지로*가),,03,폐업,,,,,,
,도서출판 아이엠,2019-12-16,199438.082056928,451098.688614418,출판인쇄업,출판사,2026-05-03 22:46:06,I,03,폐업,,0,,2019-12-18 11:42:20,,1996-08-08,100-862,서울특별시 중구 충무로*가 ***-* 길빌딩,CDFG1251001996000196,3010000,,"서울특별시 중구 퇴계로**길 **  (충무로*가,길빌딩)",,03,폐업,,,,,,
,도서출판시와사회,1996-10-21,200336.95376738,450971.207469423,출판인쇄업,출판사,2026-05-03 22:46:06,I,03,폐업,,0,,2003-05-06 11:23:16,,1996-08-08,100-855,서울특별시 중구 장충동*가 **-*,CDFG1251001996000197,3010000,,서울특별시 중구 동호로**길 **  (장충동*가),,03,폐업,,,,,,
,도서출판위너스출판사,2002-01-29,199941.744032253,451314.073491563,출판인쇄업,출판사,2026-05-03 22:46:06,I,03,폐업,,0,,2003-05-06 11:23:16,,1996-09-06,100-310,서울특별시 중구 오장동 **-*,CDFG1251001996000198,3010000,,서울특별시 중구 퇴계로**길 **-**  (오장동),,03,폐업,,,,,,
,밝은글,1997-10-31,199495.153221359,451041.976434801,출판인쇄업,출판사,2026-05-03 22:46:06,I,03,폐업,,0,,2003-05-06 11:23:16,,1996-10-16,100-862,서울특별시 중구 충무로*가 ***-*,CDFG1251001996000200,3010000,,서울특별시 중구 퇴계로 ***  (충무로*가),,03,폐업,,,,,,
,에프원,1997-07-03,200224.815166574,451582.627103843,출판인쇄업,출판사,2026-05-03 22:46:06,I,03,폐업,,0,,2003-05-06 11:23:16,,1996-09-20,100-195,서울특별시 중구 을지로*가 **-*,CDFG1251001996000201,3010000,,서울특별시 중구 을지로 ***  (을지로*가),,03,폐업,,,,,,
,수험정보라인,2004-01-12,197183.918975215,451720.396597,출판인쇄업,출판사,2026-05-03 22:46:06,I,03,폐업,,,,2004-03-24 18:14:34,,1996-11-18,100-151,서울특별시 중구 충정로*가 **-* 시사저널빌 딩동 *층호,CDFG1251001996000204,3010000,,,,03,폐업,,,,,,
,도서출판하루한권,1996-09-24,199243.719707907,451518.197727854,출판인쇄업,출판사,2026-05-03 22:46:06,I,03,폐업,,0,,2003-05-06 11:23:16,,1996-09-24,100-846,서울특별시 중구 을지로*가 ***-*,CDFG1251001996000207,3010000,,,,03,폐업,,,,,,
,도서출판전형,1997-10-23,199100.412856507,451298.414680803,출판인쇄업,출판사,2026-05-03 22:46:06,I,03,폐업,,0,,2003-05-06 11:23:16,,1996-09-24,100-032,서울특별시 중구 저동*가 **-*,CDFG1251001996000211,3010000,,서울특별시 중구 수표로**길 *  (저동*가),,03,폐업,,,,,,
,세상만들기,1997-10-15,199746.275794865,451062.245617121,출판인쇄업,출판사,2026-05-03 22:46:06,I,03,폐업,,0,,2003-05-06 11:23:16,,1996-05-10,100-015,서울특별시 중구 충무로*가 **-*,CDFG1251001996000213,3010000,,서울특별시 중구 퇴계로 ***  (충무로*가),,03,폐업,,,,,,
,달란트,2004-09-23,200071.428691968,451348.345627405,출판인쇄업,출판사,2026-05-03 22:46:06,I,03,폐업,,,,2004-09-30 08:32:41,,1996-05-01,100-310,서울특별시 중구 오장동 ***-**,CDFG1251001996000216,3010000,,서울특별시 중구 마른내로 ***-*  (오장동),,03,폐업,,,,,,
,도서출판솔루션,1999-01-28,200247.098067944,451193.482960446,출판인쇄업,출판사,2026-05-03 22:46:06,I,03,폐업,,0,,2003-05-06 11:23:16,,1996-10-02,100-400,서울특별시 중구 쌍림동 ***-**,CDFG1251001996000217,3010000,,서울특별시 중구 퇴계로 ***  (쌍림동),,03,폐업,,,,22647100,,
,도서출판 빛무리,2008-07-22,199482.269861171,450949.007435534,출판인쇄업,출판사,2026-05-03 22:46:06,I,03,폐업,,,,2008-07-22 13:40:18,,1996-10-08,100-272,서울특별시 중구 필동*가 **-* 덕우빌딩 ***호,CDFG1251001996000223,3010000,,"서울특별시 중구 퇴계로 ***-**  (필동*가,덕우빌딩 ***호)",,03,폐업,,,,,,
,도서출판 시사중국어사,2020-07-22,,,출판인쇄업,출판사,2026-05-03 22:46:07,I,03,폐업,,,,2020-07-22 15:37:03,,1996-12-05,100-372,서울특별시 중구 만리동*가 ***-* ***호,CDFG1251001996000225,3010000,,"서울특별시 중구 만리재로 ***-*  (만리동*가,***호)",,03,폐업,,,,02-393-9509,,
,광원출판사,2001-08-09,199393.748061831,451020.317219361,출판인쇄업,출판사,2026-05-03 22:46:07,I,03,폐업,,0,,2003-05-06 11:23:16,,1997-01-17,100-272,서울특별시 중구 필동*가 **,CDFG1251001997000001,3010000,,,,03,폐업,,,,,,
,극동출판사,2001-08-09,199148.448171223,451106.077839979,출판인쇄업,출판사,2026-05-03 22:46:07,I,03,폐업,,0,,2003-05-06 11:23:16,,1997-01-11,100-013,서울특별시 중구 충무로*가 **-*,CDFG1251001997000002,3010000,,서울특별시 중구 수표로*길 **  (충무로*가),,03,폐업,,,,,,
,광명문화사,2008-06-26,,,출판인쇄업,출판사,2026-05-03 22:46:07,I,03,폐업,,,,2008-06-26 13:12:25,,1997-01-17,100-845,서울특별시 중구 을지로*가 **-*,CDFG1251001997000004,3010000,,,,03,폐업,,,,,,
,창조의샘,2011-12-06,199240.782802808,451496.078387552,출판인쇄업,출판사,2026-05-03 22:46:07,I,03,폐업,,0,,2011-12-06 15:49:27,,1997-01-25,100-846,서울특별시 중구 을지로*가 ***-**,CDFG1251001997000009,3010000,,서울특별시 중구 을지로**길 **  (을지로*가),,03,폐업,,,,,,
,무역경제,2000-10-05,200948.181068453,450504.158549939,출판인쇄업,출판사,2026-05-03 22:46:07,I,03,폐업,,0,,2003-05-06 11:23:16,,1997-01-31,100-893,서울특별시 중구 신당동 ***-**,CDFG1251001997000010,3010000,,서울특별시 중구 다산로 ***  (신당동),,03,폐업,,,,,,
,스케치,2000-08-09,201384.456643466,451334.342960082,출판인쇄업,출판사,2026-05-03 22:46:07,I,03,폐업,,0,,2003-05-06 11:23:16,,1997-01-31,100-819,서울특별시 중구 신당동 ***-* 새한기획내 *층동,CDFG1251001997000011,3010000,,"서울특별시 중구 다산로 ***, *층동 (신당동,새한기획내)",,03,폐업,,,,,,
,동일문화사,2002-04-02,199533.70668185,451164.88128675,출판인쇄업,출판사,2026-05-03 22:46:07,I,03,폐업,,0,,2003-05-06 11:23:16,,1997-02-04,100-282,서울특별시 중구 인현동*가 ***-*,CDFG1251001997000013,3010000,,서울특별시 중구 퇴계로**길 **  (인현동*가),,03,폐업,,,,,,
,송림,1997-12-06,199278.572040059,451068.070427603,출판인쇄업,출판사,2026-05-03 22:46:07,I,03,폐업,,0,,2003-05-06 11:23:16,,1997-02-05,100-013,서울특별시 중구 충무로*가 **-*,CDFG1251001997000016,3010000,,서울특별시 중구 충무로 *-*  (충무로*가),,03,폐업,,,,,,
,도서출판지명원,2001-08-09,199243.819646237,451538.099475916,출판인쇄업,출판사,2026-05-03 22:46:07,I,03,폐업,,0,,2003-05-06 11:23:16,,1997-02-17,100-846,서울특별시 중구 을지로*가 ***-*,CDFG1251001997000019,3010000,,서울특별시 중구 충무로 **  (을지로*가),,03,폐업,,,,,,
,도서출판동보,2001-08-09,199571.599470393,451124.851387624,출판인쇄업,출판사,2026-05-03 22:46:07,I,03,폐업,,0,,2003-05-06 11:23:16,,1997-02-25,100-713,서울특별시 중구 충무로*가 ***-* 진양상가 ***동,CDFG1251001997000020,3010000,,"서울특별시 중구 퇴계로 ***, ***동 (충무로*가,진양상가)",,03,폐업,,,,,,
,수화미디어,2005-11-08,200224.815166574,451582.627103843,출판인쇄업,출판사,2026-05-03 22:46:07,I,03,폐업,,,,2005-11-08 14:17:57,,1997-02-28,100-195,서울특별시 중구 을지로*가 **-*,CDFG1251001997000022,3010000,,서울특별시 중구 을지로 ***  (을지로*가),,03,폐업,,,,,,
,광문,1998-09-01,200224.815166574,451582.627103843,출판인쇄업,출판사,2026-05-03 22:46:07,I,03,폐업,,0,,2003-05-06 11:23:16,,1997-02-28,100-195,서울특별시 중구 을지로*가 **-*,CDFG1251001997000024,3010000,,서울특별시 중구 을지로 ***  (을지로*가),,03,폐업,,,,,,
근린생활시설,신우,1999-04-12,199389.257171219,451326.825886905,출판인쇄업,출판사,2026-05-03 22:46:07,I,03,폐업,,0,0,2003-05-06 11:23:16,,1997-03-04,100-281,서울특별시 중구 인현동*가 **-*,CDFG1251001997000025,3010000,,서울특별시 중구 마른내로 **-*  (인현동*가),,03,폐업,,,,,0,0
,도서출판큐비전,2000-08-09,199100.345942064,451122.183955886,출판인쇄업,출판사,2026-05-03 22:46:07,I,03,폐업,,0,,2003-05-06 11:23:16,,1997-03-11,100-013,서울특별시 중구 충무로*가 **-**,CDFG1251001997000026,3010000,,서울특별시 중구 수표로 **  (충무로*가),,03,폐업,,,,,,
,도서출판트레봉,2006-03-31,197481.848548378,451269.851755861,출판인쇄업,출판사,2026-05-03 22:46:07,I,03,폐업,,,,2006-03-31 20:14:09,,1997-03-13,100-120,서울특별시 중구 정동 **-* 배제별관 D동 ***호,CDFG1251001997000028,3010000,,"서울특별시 중구 서소문로**길 **, D동 ***호 (정동,배제별관)",,03,폐업,,,,,,
,도서출판도고,2000-04-01,200247.098067944,451193.482960446,출판인쇄업,출판사,2026-05-03 22:46:07,I,03,폐업,,0,,2003-05-06 11:23:16,,1997-03-13,100-400,서울특별시 중구 쌍림동 ***-** 쌍림빌딩 ****동,CDFG1251001997000030,3010000,,"서울특별시 중구 퇴계로 ***, ****동 (쌍림동,쌍림빌딩)",,03,폐업,,,,,,
,BH 미디어,2015-10-08,200572.522632906,451053.148242212,출판인쇄업,출판사,2026-05-03 22:46:07,I,03,폐업,,,,2015-10-08 10:44:36,,1997-03-13,100-391,서울특별시 중구 장충동*가 **-* 탑빌딩 ***호,CDFG1251001997000031,3010000,,"서울특별시 중구 장충단로*길 ** (장충동*가,탑빌딩 ***호)",,03,폐업,,,,02-2277-6107,,
,아담미디어,2001-08-09,199423.200318817,451484.39782129,출판인쇄업,출판사,2026-05-03 22:46:07,I,03,폐업,,0,,2003-05-06 11:23:16,,1997-03-20,100-281,서울특별시 중구 인현동*가 **-* *층,CDFG1251001997000032,3010000,,"서울특별시 중구 을지로**길 *-**  (인현동*가,*층)",,03,폐업,,,,,,
,인터비젼,2001-08-09,199297.876590178,451025.516575091,출판인쇄업,출판사,2026-05-03 22:46:07,I,03,폐업,,0,,2003-05-06 11:23:16,,1997-03-20,100-866,서울특별시 중구 필동*가 **-* ***호,CDFG1251001997000034,3010000,,"서울특별시 중구 퇴계로 ***  (필동*가,***호)",,03,폐업,,,,,,
,도서출판진,2003-07-01,200553.663307382,450756.588079434,출판인쇄업,출판사,2026-05-03 22:46:07,I,03,폐업,,,,2003-07-01 14:04:57,,1997-03-20,100-391,서울특별시 중구 장충동*가 *** 제일상호신 용동 ***호,CDFG1251001997000036,3010000,,"서울특별시 중구 동호로 ***, 용동 ***호 (장충동*가,제일상호신)",,03,폐업,,,,,,
,(주)열린기획,2001-08-09,197279.328436862,451765.426505347,출판인쇄업,출판사,2026-05-03 22:46:07,I,03,폐업,,0,,2003-05-06 11:23:16,,1997-03-22,100-702,서울특별시 중구 정동 ** 경향신문사 **층호,CDFG1251001997000037,3010000,,"서울특별시 중구 정동길 *,  **층호 (정동,경향신문사)",,03,폐업,,,,,,
,조은느낌,2001-08-09,199269.527925864,451465.042156905,출판인쇄업,출판사,2026-05-03 22:46:07,I,03,폐업,,0,,2003-05-06 11:23:16,,1997-03-22,100-846,서울특별시 중구 을지로*가 ***-* 상립빌딩 ***동,CDFG1251001997000038,3010000,,,,03,폐업,,,,,,
,천우문화사,2010-02-18,199141.502961815,451532.999563762,출판인쇄업,출판사,2026-05-03 22:46:07,I,03,폐업,,0,,2010-02-18 19:02:52,,1997-03-22,100-846,서울특별시 중구 을지로*가 ***-* 삼진빌딩 ***동,CDFG1251001997000039,3010000,,"서울특별시 중구 을지로 ***-*, ***동 (을지로*가,삼진빌딩)",,03,폐업,,,,,,
,주식회사 게임저널,2001-07-27,199822.10979662,451182.266913412,출판인쇄업,출판사,2026-05-03 22:46:07,I,03,폐업,,0,,2003-05-06 11:23:16,,1997-03-24,100-015,서울특별시 중구 충무로*가 **-* 부성빌딩****호,CDFG1251001997000041,3010000,,"서울특별시 중구 창경궁로 *  (충무로*가,부성빌딩****호)",,03,폐업,,,,22851025,,
,도서출판우신,2004-01-12,199616.863579167,451290.679771363,출판인쇄업,출판사,2026-05-03 22:46:07,I,03,폐업,,,,2004-03-24 17:56:08,,1997-03-27,100-282,서울특별시 중구 인현동*가 ***-**,CDFG1251001997000042,3010000,,,,03,폐업,,,,,,
,나눔,2004-01-12,199007.414040148,451572.318728939,출판인쇄업,출판사,2026-05-03 22:46:07,I,03,폐업,,,,2004-03-24 18:19:03,,1997-04-02,100-845,서울특별시 중구 을지로*가 ***-* 이화빌딩 ***동,CDFG1251001997000043,3010000,,"서울특별시 중구 을지로 ***, ***동 (을지로*가,이화빌딩)",,03,폐업,,,,,,
,남일문화사,2009-07-01,199559.81287492,451275.242508566,출판인쇄업,출판사,2026-05-03 22:46:07,I,03,폐업,,0,,2009-07-01 11:29:48,,1997-04-02,,서울특별시 중구 인현동*가 ***-**,CDFG1251001997000045,3010000,,서울특별시 중구 마른내로 **  (인현동*가),,03,폐업,,,,,,
,아비컴,2010-04-22,199269.527925864,451465.042156905,출판인쇄업,출판사,2026-05-03 22:46:07,I,03,폐업,,0,,2010-04-22 14:48:50,,1997-04-02,100-846,서울특별시 중구 을지로*가 ***-* 죽전빌딩 ***동,CDFG1251001997000046,3010000,,,,03,폐업,,,,,,
,도서출판원진,2002-03-27,199510.34944578,450506.735254011,출판인쇄업,출판사,2026-05-03 22:46:26,I,03,폐업,,0,,2003-05-06 11:23:16,,1999-02-04,100-272,서울특별시 중구 필동*가 ***-*,CDFG1251001999000031,3010000,,서울특별시 중구 퇴계로**가길 **  (필동*가),,03,폐업,,,,22777281,,
,동신출판사,2007-05-02,199300.597750755,451534.120156209,출판인쇄업,출판사,2026-05-03 22:46:26,I,03,폐업,,,,2007-05-11 10:52:12,,1999-02-09,100-847,서울특별시 중구 을지로*가 ***-**,CDFG1251001999000037,3010000,,서울특별시 중구 충무로 **  (을지로*가),,03,폐업,,,,22657253,,
,주탑월드애드코어,2010-03-08,199647.545024088,450775.679612201,출판인쇄업,출판사,2026-05-03 22:46:27,I,03,폐업,,0,,2010-03-08 13:53:09,,1999-02-19,100-273,서울특별시 중구 필동*가 **-*,CDFG1251001999000041,3010000,,서울특별시 중구 서애로*길 **-*  (필동*가),,03,폐업,,,,02-2273-7526,,
,유성사,2004-08-20,199513.483909908,450728.555924236,출판인쇄업,출판사,2026-05-03 22:46:27,I,03,폐업,,,,2004-08-20 17:18:50,,1999-02-25,100-272,서울특별시 중구 필동*가 ***-*,CDFG1251001999000046,3010000,,서울특별시 중구 퇴계로**가길 **  (필동*가),,03,폐업,,,,22668785,,
,주-엠케이휴스닥,2003-04-21,,,출판인쇄업,출판사,2026-05-03 22:46:27,I,03,폐업,,0,0,2003-05-06 11:23:16,,1999-02-25,100-867,서울특별시 중구 필동*가 **-*,CDFG1251001999000048,3010000,,,,03,폐업,,,,34061234,0,0
근린생활시설,영어교육원,1999-07-01,199297.876590178,451025.516575091,출판인쇄업,출판사,2026-05-03 22:46:27,I,03,폐업,,0,0,2003-05-06 11:23:16,,1999-03-05,100-866,서울특별시 중구 필동*가 **-*,CDFG1251001999000049,3010000,,서울특별시 중구 퇴계로 ***  (필동*가),,03,폐업,,,,22693369,0,0
근린생활시설,토마토커뮤니케이션,2004-01-12,199822.10979662,451182.266913412,출판인쇄업,출판사,2026-05-03 22:46:27,I,03,폐업,,,,2004-03-24 18:29:28,,1999-03-05,100-015,서울특별시 중구 충무로*가 **-*,CDFG1251001999000052,3010000,,서울특별시 중구 창경궁로 *  (충무로*가),,03,폐업,,,,22850042,,
근린생활시설,바나바출판,2016-06-07,199014.617658965,451424.722282842,출판인쇄업,출판사,2026-05-03 22:46:27,I,03,폐업,,0,0,2016-06-07 15:01:55,,1999-03-05,100-032,서울특별시 중구 저동*가 **-*,CDFG1251001999000053,3010000,,서울특별시 중구 수표로 ** (저동*가),,03,폐업,,,,22728512,0,0
근린생활시설,예송엔터테인먼트,2001-04-23,,,출판인쇄업,출판사,2026-05-03 22:46:27,I,03,폐업,,0,0,2003-05-06 11:23:16,,1999-03-08,100-863,서울특별시 중구 충무로*가 **-* 제일빌딩*층,CDFG1251001999000059,3010000,,,,03,폐업,,,,22728954,0,0
근린생활시설,도서출판 가야원,2001-09-19,199422.332965738,451288.282455139,출판인쇄업,출판사,2026-05-03 22:46:27,I,03,폐업,,0,0,2003-05-06 11:23:16,,1999-03-15,100-281,서울특별시 중구 인현동*가 ***-* ***,CDFG1251001999000062,3010000,,"서울특별시 중구 마른내로*가길 *  (인현동*가,***)",,03,폐업,,,,,0,0
근린생활시설,도서출판자연,2008-12-22,200011.174311318,451382.793108753,출판인쇄업,출판사,2026-05-03 22:46:27,I,03,폐업,,,,2008-12-22 16:10:14,,1999-03-18,100-310,서울특별시 중구 오장동 ***-** 삼중빌딩***호,CDFG1251001999000065,3010000,,"서울특별시 중구 마른내로 ***  (오장동,삼중빌딩***호)",,03,폐업,,,,22683147,,
근린생활시설,도서출판 예성기획,2016-12-20,199336.561282513,451483.203653197,출판인쇄업,출판사,2026-05-03 22:46:27,I,03,폐업,,,,2016-12-20 12:18:45,,1999-03-24,100-847,서울특별시 중구 을지로*가 ***-** 삼지빌딩 ***,CDFG1251001999000069,3010000,,"서울특별시 중구 충무로 **-* (을지로*가,삼지빌딩 ***)",,03,폐업,,,,22683463,,
근린생활시설,도서출판한천,2016-03-31,199268.444861177,451489.916400631,출판인쇄업,출판사,2026-05-03 22:46:27,I,03,폐업,,0,0,2016-04-01 08:39:40,,1999-03-30,100-846,서울특별시 중구 을지로*가 ***-** 천일빌딩 ***동,CDFG1251001999000072,3010000,,"서울특별시 중구 충무로 **-*, ***동 (을지로*가,천일빌딩)",,03,폐업,,,,22734660,0,0
근린생활시설,도서출판삼정,2001-09-10,,,출판인쇄업,출판사,2026-05-03 22:46:27,I,03,폐업,,0,0,2003-05-06 11:23:16,,1999-04-06,100-210,서울특별시 중구 수하동 **-* 환승빌딩 ***동,CDFG1251001999000077,3010000,,,,03,폐업,,,,,0,0
근린생활시설,흥부네박,2002-12-30,199378.514693981,451305.346890697,출판인쇄업,출판사,2026-05-03 22:46:27,I,03,폐업,,0,0,2003-05-06 11:23:16,,1999-04-06,100-281,서울특별시 중구 인현동*가 ***-* 강서빌딩,CDFG1251001999000079,3010000,,,,03,폐업,,,,,0,0
근린생활시설,프로세스,2001-11-12,,,출판인쇄업,출판사,2026-05-03 22:46:28,I,03,폐업,,0,0,2003-05-06 11:23:16,,1999-04-16,100-210,서울특별시 중구 수하동 **-* 환성빌딩 ***동,CDFG1251001999000086,3010000,,,,03,폐업,,,,,0,0
근린생활시설,(주)미누기획,2004-01-12,199810.591813598,451300.59780961,출판인쇄업,출판사,2026-05-03 22:46:28,I,03,폐업,,,,2004-03-24 18:26:11,,1999-04-19,100-290,서울특별시 중구 예관동 **-** 시사빌딩 ***동,CDFG1251001999000089,3010000,,"서울특별시 중구 창경궁로 **-*, ***동 (예관동,시사빌딩)",,03,폐업,,,,22777187,,
근린생활시설,도서출판가나안,2001-07-27,199484.942932114,451416.327774621,출판인쇄업,출판사,2026-05-03 22:46:28,I,03,폐업,,0,0,2003-05-06 11:23:16,,1999-04-19,100-281,서울특별시 중구 인현동*가 **-*,CDFG1251001999000092,3010000,,서울특별시 중구 을지로**길 **-*  (인현동*가),,03,폐업,,,,22750939,0,0
근린생활시설,하나파피루스(주),2003-02-04,199297.876590178,451025.516575091,출판인쇄업,출판사,2026-05-03 22:46:28,I,03,폐업,,0,0,2003-05-06 11:23:16,,1999-04-30,100-866,서울특별시 중구 필동*가 **-* 동화빌딩 ***동,CDFG1251001999000102,3010000,,"서울특별시 중구 퇴계로 ***, ***동 (필동*가,동화빌딩)",,03,폐업,,,,22632640,0,0
근린생활시설,세림기획,2015-04-24,,,출판인쇄업,출판사,2026-05-03 22:46:28,I,03,폐업,,0,0,2015-04-24 15:24:18,,1999-04-30,100-713,서울특별시 중구 충무로*가 ***-* 진양상가 ***동 *호,CDFG1251001999000104,3010000,,,,03,폐업,,,,22725068,0,0
근린생활시설,교실미디어,2002-11-08,199561.83545868,450642.758973678,출판인쇄업,출판사,2026-05-03 22:46:28,I,03,폐업,,0,0,2003-05-06 11:23:16,,1999-04-30,100-272,서울특별시 중구 필동*가 ***-** 필현빌딩***호,CDFG1251001999000105,3010000,,"서울특별시 중구 퇴계로**가길 **  (필동*가,필현빌딩***호)",,03,폐업,,,,22731181,0,0
근린생활시설,보나미클럽,2014-02-03,201157.216162045,450492.251448126,출판인쇄업,출판사,2026-05-03 22:46:28,I,03,폐업,,0,0,2014-02-03 13:31:52,,1999-05-06,100-826,서울특별시 중구 신당동 ***-* 아르텍빌딩 *층동,CDFG1251001999000106,3010000,,"서울특별시 중구 다산로**길 **, *층동 (신당동,아르텍빌딩)",,03,폐업,,,,22528430,0,0
근린생활시설,한국체육기자연맹VUSWLQ,2003-02-26,197279.328436862,451765.426505347,출판인쇄업,출판사,2026-05-03 22:46:28,I,03,폐업,,0,0,2003-05-06 11:23:16,,1999-05-06,100-702,서울특별시 중구 정동 **-* 경향신문사,CDFG1251001999000107,3010000,,"서울특별시 중구 정동길 *  (정동,경향신문사)",,03,폐업,,,,,0,0
근린생활시설,에이컴,2001-12-11,199269.527925864,451465.042156905,출판인쇄업,출판사,2026-05-03 22:46:28,I,03,폐업,,0,0,2003-05-06 11:23:16,,1999-05-10,100-846,서울특별시 중구 을지로*가 ***-* 상립빌딩 ***동,CDFG1251001999000110,3010000,,,,03,폐업,,,,22634202,0,0
근린생활시설,뚝따기,2004-10-16,200002.100291132,451139.374889292,출판인쇄업,출판사,2026-05-03 22:46:28,I,03,폐업,,,,2004-10-16 10:00:42,,1999-05-12,100-380,서울특별시 중구 묵정동 **-**,CDFG1251001999000112,3010000,,서울특별시 중구 퇴계로 ***  (묵정동),,03,폐업,,,,22738227,,
근린생활시설,하남출판사,2019-07-01,199430.521269151,451500.258047782,출판인쇄업,출판사,2026-05-03 22:46:28,I,03,폐업,,0,0,2019-07-01 18:48:55,,1999-05-14,100-847,서울특별시 중구 을지로*가 ***-* 우신빌딩***호,CDFG1251001999000115,3010000,일반주거지역,"서울특별시 중구 을지로**길 *-** (을지로*가,우신빌딩***호)",,03,폐업,,,,22693337,0,0
근린생활시설,유앤아이,2004-01-12,201237.097980528,451217.38904764,출판인쇄업,출판사,2026-05-03 22:46:28,I,03,폐업,,,,2004-03-24 18:20:03,,1999-05-15,100-450,서울특별시 중구 신당동 ***-* 신동화빌딩 ***동,CDFG1251001999000117,3010000,,,,03,폐업,,,,22360549,,
근린생활시설,성림문화,2011-01-20,198850.292076822,451274.589084161,출판인쇄업,출판사,2026-05-03 22:46:28,I,03,폐업,,,,2011-01-21 09:09:24,,1999-05-19,100-031,서울특별시 중구 저동*가 **-* 이화빌딩*층,CDFG1251001999000118,3010000,,"서울특별시 중구 삼일대로*길 *-*  (저동*가,이화빌딩*층)",,03,폐업,,,,,,
근린생활시설,하나마음,2011-12-15,,,출판인쇄업,출판사,2026-05-03 22:46:28,I,03,폐업,,0,0,2011-12-15 11:07:28,,1999-05-19,100-282,서울특별시 중구 인현동*가 **-*,CDFG1251001999000119,3010000,,,,03,폐업,,,,22799239,0,0
근린생활시설,대한부동산경제연구소,2006-06-21,199297.876590178,451025.516575091,출판인쇄업,출판사,2026-05-03 22:46:28,I,03,폐업,,,,2006-06-21 14:00:31,,1999-05-19,100-866,서울특별시 중구 필동*가 **-* 동화빌딩 ***동,CDFG1251001999000122,3010000,,"서울특별시 중구 퇴계로 ***, ***동 (필동*가,동화빌딩)",,03,폐업,,,,22676025,,
근린생활시설,도서출판 동양기획,2014-10-22,200103.87506089,451347.72849702,출판인쇄업,출판사,2026-05-03 22:46:28,I,03,폐업,,,,2014-10-22 13:47:30,,1999-05-21,100-310,서울특별시 중구 오장동 ***-** (***호),CDFG1251001999000123,3010000,,"서울특별시 중구 마른내로 ***-* (오장동,(***호))",,03,폐업,,,,22741507,,
근린생활시설,아르떼디자인신문,2001-12-05,199186.079053543,450883.887973042,출판인쇄업,출판사,2026-05-03 22:46:29,I,03,폐업,,0,0,2003-05-06 11:23:16,,1999-05-25,100-866,서울특별시 중구 필동*가 **-* 동화빌딩 ***동,CDFG1251001999000128,3010000,,"서울특별시 중구 퇴계로 ***-**, ***동 (필동*가,동화빌딩)",,03,폐업,,,,22852558,0,0
근린생활시설,아시아나선교연구소출판부,2000-12-20,199044.63428657,451498.581820607,출판인쇄업,출판사,2026-05-03 22:46:29,I,03,폐업,,0,0,2003-05-06 11:23:16,,1999-05-25,100-846,서울특별시 중구 을지로*가 ***-*,CDFG1251001999000129,3010000,,서울특별시 중구 수표로 **  (을지로*가),,03,폐업,,,,22734856,0,0
근린생활시설,도서출판삼진,2003-01-15,199421.760522428,451265.39754298,출판인쇄업,출판사,2026-05-03 22:46:29,I,03,폐업,,0,0,2003-05-06 11:23:16,,1999-05-27,100-281,서울특별시 중구 인현동*가 ***-*,CDFG1251001999000131,3010000,,,,03,폐업,,,,22771700,0,0
근린생활시설,파인딩,1999-06-29,200721.553140234,450429.736770424,출판인쇄업,출판사,2026-05-03 22:46:29,I,03,폐업,,0,0,2003-05-06 11:23:16,,1999-05-27,100-828,서울특별시 중구 신당동 ***-*,CDFG1251001999000132,3010000,,,,03,폐업,,,,22324727,0,0
근린생활시설,정미사,1999-10-02,,,출판인쇄업,출판사,2026-05-03 22:46:29,I,03,폐업,,0,0,2003-05-06 11:23:16,,1999-06-05,100-210,서울특별시 중구 수하동 **-* 환성빌딩 ***동,CDFG1251001999000139,3010000,,,,03,폐업,,,,,0,0
근린생활시설,정문미디어,2004-01-12,199091.89419632,450905.619158809,출판인쇄업,출판사,2026-05-03 22:46:29,I,03,폐업,,,,2004-03-24 17:59:06,,1999-06-05,100-260,서울특별시 중구 남학동 **-*,CDFG1251001999000141,3010000,,서울특별시 중구 퇴계로**길 **  (남학동),,03,폐업,,,,22664555,,
근린생활시설,성진문화,2001-04-23,,,출판인쇄업,출판사,2026-05-03 22:46:29,I,03,폐업,,0,0,2003-05-06 11:23:16,,1999-06-17,100-845,서울특별시 중구 을지로*가 ***-*,CDFG1251001999000144,3010000,,,,03,폐업,,,,22664456,0,0
근린생활시설,메카커뮤니케이션즈,2007-03-07,198957.119075726,451594.323429848,출판인쇄업,출판사,2026-05-03 22:46:29,I,03,폐업,,,,2007-03-07 11:31:49,,1999-06-17,100-845,서울특별시 중구 을지로*가 ***-**,CDFG1251001999000145,3010000,,서울특별시 중구 삼일대로**길 **-*  (을지로*가),,03,폐업,,,,22733030,,
근린생활시설,(주)아이비교육,2002-04-02,199633.669160245,450813.801387447,출판인쇄업,출판사,2026-05-03 22:46:29,I,03,폐업,,0,0,2003-05-06 11:23:16,,1999-06-22,100-273,서울특별시 중구 필동*가 **-* 미도파빌딩*층,CDFG1251001999000151,3010000,,"서울특별시 중구 서애로 **  (필동*가,미도파빌딩*층)",,03,폐업,,,,22688101,0,0
근린생활시설,픽션뱅크,2018-06-29,200004.036011284,451250.266273323,출판인쇄업,출판사,2026-05-03 22:46:29,I,03,폐업,,0,0,2018-07-02 11:09:52,,1999-06-26,100-015,서울특별시 중구 충무로*가 *-** 청송빌딩***호,CDFG1251001999000153,3010000,,"서울특별시 중구 마른내로**길 **-* (충무로*가,청송빌딩***호)",,03,폐업,,,,22773626,0,0
근린생활시설,도서출판 일호,2002-12-06,199487.477681997,451541.463050985,출판인쇄업,출판사,2026-05-03 22:46:29,I,03,폐업,,0,0,2003-05-06 11:23:16,,1999-06-29,100-194,서울특별시 중구 을지로*가 ***-* 무광빌딩***호,CDFG1251001999000155,3010000,,"서울특별시 중구 을지로**길 *  (을지로*가,무광빌딩***호)",,03,폐업,,,,22744312,0,0
근린생활시설,아이앤씨21,2004-04-20,201282.702396161,450956.700799105,출판인쇄업,출판사,2026-05-03 22:46:29,I,03,폐업,,,,2004-04-20 16:04:06,,1999-07-02,100-824,서울특별시 중구 신당동 ***-* 두왕빌딩***,CDFG1251001999000157,3010000,,"서울특별시 중구 다산로**길 **  (신당동,두왕빌딩***)",,03,폐업,,,,22344296,,
근린생활시설,도서출판씨티미디어,2001-04-04,199191.819222952,451636.275321387,출판인쇄업,출판사,2026-05-03 22:46:29,I,03,폐업,,0,0,2003-05-06 11:23:16,,1999-07-02,100-846,서울특별시 중구 을지로*가 **-* 길영빌딩***호,CDFG1251001999000160,3010000,,,,03,폐업,,,,22728716,0,0
근린생활시설,연일,2014-09-23,199603.856463953,451350.499922133,출판인쇄업,출판사,2026-05-03 22:46:29,I,03,폐업,,0,0,2014-09-23 11:13:33,,1999-07-07,100-282,서울특별시 중구 인현동*가 ***-* 충인빌딩***호,CDFG1251001999000162,3010000,,"서울특별시 중구 마른내로 ** (인현동*가,충인빌딩***호)",,03,폐업,,,,22735830,0,0
근린생활시설,근우칼라,2004-11-26,199268.778511211,451180.536451888,출판인쇄업,출판사,2026-05-03 22:46:29,I,03,폐업,,,,2004-11-26 14:46:19,,1999-07-09,100-013,서울특별시 중구 충무로*가 **-*,CDFG1251001999000165,3010000,,,,03,폐업,,,,22788854,,
근린생활시설,디아스포라,1999-12-10,199871.620410891,451095.99482144,출판인쇄업,출판사,2026-05-03 22:46:29,I,03,폐업,,0,0,2003-05-06 11:23:16,,1999-07-09,100-380,서울특별시 중구 묵정동 **-*,CDFG1251001999000166,3010000,,,,03,폐업,,,,22765505,0,0
근린생활시설,맥그리,2001-11-12,,,출판인쇄업,출판사,2026-05-03 22:46:30,I,03,폐업,,0,0,2003-05-06 11:23:16,,1999-07-15,100-210,서울특별시 중구 수하동 **-* 환성빌딩***호,CDFG1251001999000169,3010000,,,,03,폐업,,,,,0,0
근린생활시설,도서출판아트센타,2009-12-03,199265.254258393,451044.894239877,출판인쇄업,출판사,2026-05-03 22:46:30,I,03,폐업,,0,0,2009-12-03 14:11:55,,1999-07-24,100-866,서울특별시 중구 필동*가 **-* 지중해빌딩*층,CDFG1251001999000177,3010000,,"서울특별시 중구 퇴계로**길 **  (필동*가,지중해빌딩*층)",,03,폐업,,,,22789046,0,0
,연화사,2001-04-03,199447.832382888,451091.867376943,출판인쇄업,출판사,2026-05-03 22:46:30,I,03,폐업,,0,0,2003-05-06 11:23:16,,1999-07-29,100-862,서울특별시 중구 충무로*가 ***-**,CDFG1251001999000178,3010000,,서울특별시 중구 퇴계로**길 **-**  (충무로*가),,03,폐업,,,,22794137,0,0
근린생활시설,도서출판진흥,2004-07-21,199710.843140266,451230.071965467,출판인쇄업,출판사,2026-05-03 22:46:30,I,03,폐업,,,,2004-07-26 09:46:04,,1999-08-06,100-290,서울특별시 중구 예관동 ***-*,CDFG1251001999000182,3010000,,서울특별시 중구 창경궁로 **-**  (예관동),,03,폐업,,,,22651120,,
근린생활시설,한국사회교육개발원,2004-01-12,200717.632950779,450453.629398887,출판인쇄업,출판사,2026-05-03 22:46:30,I,03,폐업,,,,2004-03-24 17:59:51,,1999-08-12,100-894,서울특별시 중구 신당동 ***-* 장충빌딩***호,CDFG1251001999000183,3010000,,"서울특별시 중구 동호로**길 *  (신당동,장충빌딩***호)",,03,폐업,,,,22360515,,
근린생활시설,한중문화원,2021-02-08,199378.514693981,451305.346890697,출판인쇄업,출판사,2026-05-03 22:46:30,I,03,폐업,,0,0,2021-02-08 16:47:08,,1999-08-12,100-281,서울특별시 중구 인현동*가 ***-* (*층),CDFG1251001999000184,3010000,,,,03,폐업,,,,22791098,0,0
근린생활시설,(사)효령출판문화사,2015-04-01,198126.501924718,451827.973207366,출판인쇄업,출판사,2026-05-03 22:46:30,I,03,폐업,,0,0,2015-04-01 16:46:31,,1999-08-12,100-170,서울특별시 중구 무교동 *-*,CDFG1251001999000186,3010000,,서울특별시 중구 무교로 ** (무교동),,03,폐업,,,,,0,0
근린생활시설,교육정보,2009-04-30,199454.377475591,450980.500325449,출판인쇄업,출판사,2026-05-03 22:46:30,I,03,폐업,,0,0,2009-04-30 13:09:29,,1999-08-13,,서울특별시 중구 필동*가 **-**,CDFG1251001999000187,3010000,,서울특별시 중구 퇴계로 ***-*  (필동*가),,03,폐업,,,,22670095,0,0
근린생활시설,중앙토지수용문제연구사,2000-04-10,201237.097980528,451217.38904764,출판인쇄업,출판사,2026-05-03 22:46:30,I,03,폐업,,0,0,2003-05-06 11:23:16,,1999-08-13,100-450,서울특별시 중구 신당동 ***-*,CDFG1251001999000189,3010000,,,,03,폐업,,,,,0,0
근린생활시설,한글시대출판사,1999-12-02,199499.627135531,451471.318901658,출판인쇄업,출판사,2026-05-03 22:46:30,I,03,폐업,,0,0,2003-05-06 11:23:16,,1999-08-18,100-281,서울특별시 중구 인현동*가 **-*,CDFG1251001999000190,3010000,,서울특별시 중구 을지로**길 **-*  (인현동*가),,03,폐업,,,,22756605,0,0
근린생활시설,정명인쇄사,2005-03-09,199378.514693981,451305.346890697,출판인쇄업,출판사,2026-05-03 22:46:30,I,03,폐업,,,,2005-03-09 15:56:22,,1999-08-18,100-281,서울특별시 중구 인현동*가 ***-*,CDFG1251001999000191,3010000,,,,03,폐업,,,,22772984,,
근린생활시설,코리아헤럴드사이버아카데미,2015-06-30,198529.914388176,450892.957567335,출판인쇄업,출판사,2026-05-03 22:46:30,I,03,폐업,,0,0,2015-07-13 15:27:27,,1999-08-24,100-053,서울특별시 중구 회현동*가 *-**,CDFG1251001999000192,3010000,,서울특별시 중구 퇴계로 *** (회현동*가),,03,폐업,,,,,0,0
근린생활시설,신미디어,2002-03-20,200282.480666044,451528.755883208,출판인쇄업,출판사,2026-05-03 22:46:30,I,03,폐업,,0,0,2003-05-06 11:23:16,,1999-08-19,100-411,서울특별시 중구 광희동*가 **-* 용전빌딩***호,CDFG1251001999000193,3010000,,"서울특별시 중구 을지로**길 *-*  (광희동*가,용전빌딩***호)",,03,폐업,,,,22777281,0,0
근린생활시설,(주)민정일보출판국,2002-04-02,201303.750031176,451581.792273263,출판인쇄업,출판사,2026-05-03 22:46:30,I,03,폐업,,0,0,2003-05-06 11:23:16,,1999-08-24,100-880,서울특별시 중구 흥인동 ***-* (*층),CDFG1251001999000196,3010000,,"서울특별시 중구 퇴계로**길 **  (흥인동,(*층))",,03,폐업,,,,22374790,0,0
근린생활시설,(주)야스미디어,2001-10-30,197579.6119606,451207.320313674,출판인쇄업,출판사,2026-05-03 22:46:30,I,03,폐업,,0,0,2003-05-06 11:23:16,,1999-08-24,100-813,서울특별시 중구 서소문동 **-* 삼영빌딩**층,CDFG1251001999000197,3010000,,"서울특별시 중구 서소문로 ***  (서소문동,삼영빌딩**층)",,03,폐업,,,,,0,0
근린생활시설,서울출판사,2019-05-30,199802.975225852,451512.127665321,출판인쇄업,출판사,2026-05-03 22:46:30,I,03,폐업,,0,0,2019-05-30 18:08:01,,1999-08-24,100-848,서울특별시 중구 을지로*가 ***-*,CDFG1251001999000199,3010000,,서울특별시 중구 창경궁로 **-* (을지로*가),,03,폐업,,,,02-2277-7991,0,0
근린생활시설,도서출판 자오선,2007-06-26,,,출판인쇄업,출판사,2026-05-03 22:46:30,I,03,폐업,,,,2007-06-26 13:30:57,,1999-08-24,100-411,서울특별시 중구 광희동*가 *-*,CDFG1251001999000200,3010000,,,,03,폐업,,,,22711490,,
근린생활시설,서울기획,2008-08-29,,,출판인쇄업,출판사,2026-05-03 22:46:30,I,03,폐업,,,,2008-08-29 12:20:22,,1999-08-30,100-845,서울특별시 중구 을지로*가 ***-*,CDFG1251001999000201,3010000,,,,03,폐업,,,,22742326,,
근린생활시설,청암,2001-04-14,199533.648785241,450512.664584546,출판인쇄업,출판사,2026-05-03 22:46:31,I,03,폐업,,0,0,2003-05-06 11:23:16,,1999-09-09,100-272,서울특별시 중구 필동*가 ***-* 필동빌딩***호,CDFG1251001999000205,3010000,,"서울특별시 중구 퇴계로**가길 **  (필동*가,필동빌딩***호)",,03,폐업,,,,22781528,0,0
근린생활시설,도서출판원영,2000-02-24,197184.353783176,450592.44238391,출판인쇄업,출판사,2026-05-03 22:46:31,I,03,폐업,,0,0,2003-05-06 11:23:16,,1999-09-16,100-858,서울특별시 중구 중림동 ***-**,CDFG1251001999000211,3010000,,서울특별시 중구 청파로 ***-*  (중림동),,03,폐업,,,,,0,0
근린생활시설,(주)중앙일보 미디어인터내셔널,2005-06-09,197375.183833059,451036.59540776,출판인쇄업,출판사,2026-05-03 22:46:31,I,03,폐업,,,,2005-06-09 16:18:41,,1999-09-18,100-130,서울특별시 중구 순화동 *-* 중앙일보빌딩 M층,CDFG1251001999000213,3010000,,"서울특별시 중구 서소문로 **  (순화동,중앙일보빌딩 M층)",,03,폐업,,,,,,
근린생활시설,도서출판바로,2007-09-06,199532.682455001,450480.512348563,출판인쇄업,출판사,2026-05-03 22:46:31,I,03,폐업,,,,2007-09-06 18:14:50,,1999-09-28,100-273,서울특별시 중구 필동*가 **-*,CDFG1251001999000216,3010000,,서울특별시 중구 필동로 **  (필동*가),,03,폐업,,,,22632010,,
근린생활시설,도서출판해든,2022-09-16,200219.078239632,451350.33615118,출판인쇄업,출판사,2026-05-03 22:46:31,I,03,폐업,,0,0,2022-09-19 09:51:51,,1999-09-29,100-400,서울특별시 중구 쌍림동 ***-* 국제빌딩***호,CDFG1251001999000218,3010000,,,,03,폐업,,,,22748037,0,0
근린생활시설,월간주얼리우먼,2003-10-09,199990.377699928,451243.597938952,출판인쇄업,출판사,2026-05-03 22:46:31,I,03,폐업,,,,2003-10-16 08:08:03,,1999-10-05,100-015,서울특별시 중구 충무로*가 *-** 경성빌딩***호,CDFG1251001999000223,3010000,,"서울특별시 중구 마른내로**길 **  (충무로*가,경성빌딩***호)",,03,폐업,,,,22694686,,
근린생활시설,도서출판좋은아침,2002-05-20,198933.368225877,451641.143432307,출판인쇄업,출판사,2026-05-03 22:46:31,I,03,폐업,,0,0,2003-05-06 11:23:16,,1999-10-05,100-230,서울특별시 중구 수표동 **-** 금속빌딩***호,CDFG1251001999000224,3010000,,"서울특별시 중구 을지로*길 **  (수표동,금속빌딩***호)",,03,폐업,,,,22711226,0,0
근린생활시설,한진인쇄공사,2020-01-21,199127.56726304,451523.379820208,출판인쇄업,출판사,2026-05-03 22:46:31,I,03,폐업,,0,0,2020-01-21 17:36:27,,1999-10-07,100-846,서울특별시 중구 을지로*가 ***-*,CDFG1251001999000225,3010000,,서울특별시 중구 을지로 *** (을지로*가),,03,폐업,,,,22741224,0,0
근린생활시설,대륙문화인쇄사,2001-01-15,199394.192242645,451394.79948971,출판인쇄업,출판사,2026-05-03 22:46:31,I,03,폐업,,0,0,2003-05-06 11:23:16,,1999-10-09,100-281,서울특별시 중구 인현동*가 **-*,CDFG1251001999000229,3010000,,서울특별시 중구 을지로**길 **-**  (인현동*가),,03,폐업,,,,22692210,0,0
근린생활시설,도서출판태인,2008-06-25,199243.719707907,451518.197727854,출판인쇄업,출판사,2026-05-03 22:46:31,I,03,폐업,,,,2008-06-25 13:08:29,,1999-10-12,100-846,서울특별시 중구 을지로*가 ***-* 성진빌딩***호,CDFG1251001999000231,3010000,,,,03,폐업,,,,22780612,,
,도서출판에벤에셀,2000-07-20,199604.860117124,450840.399259201,출판인쇄업,출판사,2026-05-03 22:46:31,I,03,폐업,,0,0,2003-05-06 11:23:16,,1999-10-19,100-273,서울특별시 중구 필동*가 **-* 삼가빌딩*층,CDFG1251001999000234,3010000,,"서울특별시 중구 필동로 **  (필동*가,삼가빌딩*층)",,03,폐업,,,,22797590,0,0
근린생활시설,도서출판정미사,2001-11-12,,,출판인쇄업,출판사,2026-05-03 22:46:31,I,03,폐업,,0,0,2003-05-06 11:23:16,,1999-10-19,100-210,서울특별시 중구 수하동 **-* 환성빌딩***호,CDFG1251001999000236,3010000,,,,03,폐업,,,,,0,0
근린생활시설,주-대한미디어,2004-10-13,199559.81287492,451275.242508566,출판인쇄업,출판사,2026-05-03 22:46:31,I,03,폐업,,,,2004-10-14 11:50:16,,1999-10-21,100-282,서울특별시 중구 인현동*가 ***-** 신성상가***호,CDFG1251001999000237,3010000,,"서울특별시 중구 마른내로 **  (인현동*가,신성상가***호)",,03,폐업,,,,22760977,,
근린생활시설,도서출판 독서당,2000-03-15,200004.036011284,451250.266273323,출판인쇄업,출판사,2026-05-03 22:46:31,I,03,폐업,,0,0,2003-05-06 11:23:16,,1999-10-29,100-015,서울특별시 중구 충무로*가 *-**,CDFG1251001999000239,3010000,,서울특별시 중구 마른내로**길 **-*  (충무로*가),,03,폐업,,,,22773626,0,0
근린생활시설,플러스,2020-12-30,199456.444510193,451082.897799502,출판인쇄업,출판사,2026-05-03 22:46:31,I,03,폐업,,0,0,2020-12-31 14:22:39,,1999-10-29,100-862,서울특별시 중구 충무로*가 ***-**,CDFG1251001999000244,3010000,,,,03,폐업,,,,22776991,0,0
근린생활시설,작은곰자리,2011-05-11,,,출판인쇄업,출판사,2026-05-03 22:46:31,I,03,폐업,,0,0,2011-05-11 14:57:39,,1999-11-01,100-814,서울특별시 중구 서소문동 **-* 삼성빌딩***,CDFG1251001999000246,3010000,,"서울특별시 중구 서소문로 ***  (서소문동,삼성빌딩***)",,03,폐업,,,,,0,0
근린생활시설,몽당연필,2004-04-26,199127.56726304,451523.379820208,출판인쇄업,출판사,2026-05-03 22:46:32,I,03,폐업,,,,2004-04-26 14:31:21,,1999-11-10,100-846,서울특별시 중구 을지로*가 ***-* 청호빌딩***호,CDFG1251001999000254,3010000,,"서울특별시 중구 을지로 ***  (을지로*가,청호빌딩***호)",,03,폐업,,,,22794589,,
근린생활시설,나중출판사,2008-10-30,198670.422124464,451235.966257345,출판인쇄업,출판사,2026-05-03 22:46:32,I,03,폐업,,,,2008-10-30 10:53:47,,1999-11-10,100-809,서울특별시 중구 명동*가 *-**,CDFG1251001999000255,3010000,,서울특별시 중구 명동**길 *-*  (명동*가),,03,폐업,,,,,,
근린생활시설,언론개혁시민연대,2005-07-14,197964.095481472,451694.035675644,출판인쇄업,출판사,2026-05-03 22:46:32,I,03,폐업,,,,2005-07-15 09:22:48,,1999-11-12,100-101,서울특별시 중구 태평로*가 **-* 한국언론회관 ****호,CDFG1251001999000257,3010000,,"서울특별시 중구 세종대로 ***  (태평로*가,한국언론회관 ****호)",,03,폐업,,,,,,
근린생활시설,미리출판사,2004-01-12,199914.413946025,451164.770966457,출판인쇄업,출판사,2026-05-03 22:46:32,I,03,폐업,,,,2004-03-24 18:13:31,,1999-11-12,100-015,서울특별시 중구 충무로*가 **-** 삼오빌딩***호,CDFG1251001999000258,3010000,,"서울특별시 중구 퇴계로 ***  (충무로*가,삼오빌딩***호)",,03,폐업,,,,22611127,,
근린생활시설,예당아이디,2000-03-30,197085.500414206,450880.510535794,출판인쇄업,출판사,2026-05-03 22:46:33,I,03,폐업,,0,0,2003-05-06 11:23:16,,1999-11-22,100-859,서울특별시 중구 중림동 ***-* 삼정B  ***,CDFG1251001999000263,3010000,,"서울특별시 중구 청파로 ***-*  (중림동,삼정B  ***)",,03,폐업,,,,,0,0
근린생활시설,서울미디어,2014-09-16,199664.139554783,451348.42374001,출판인쇄업,출판사,2026-05-03 22:46:33,I,03,폐업,,0,0,2014-09-16 11:04:19,,1999-11-25,100-282,서울특별시 중구 인현동*가 ***-* 대우인현B/D***호,CDFG1251001999000265,3010000,,"서울특별시 중구 마른내로 ** (인현동*가,대우인현B/D***호)",,03,폐업,,,,22754964,0,0
근린생활시설,도서출판 서도출판사,2003-07-01,199096.873608411,451430.950357021,출판인쇄업,출판사,2026-05-03 22:46:34,I,03,폐업,,,,2003-07-01 14:06:17,,1999-12-01,100-032,서울특별시 중구 저동*가 *-* 저동빌딩 ***호,CDFG1251001999000267,3010000,,,,03,폐업,,,,22750400,,
근린생활시설,도서출판양지사,2003-04-26,,,출판인쇄업,출판사,2026-05-03 22:46:34,I,03,폐업,,0,0,2003-05-06 11:23:16,,1999-12-03,100-210,서울특별시 중구 수하동 **-* 환성빌딩***호,CDFG1251001999000268,3010000,,,,03,폐업,,,,,0,0
,영화인회의,2003-03-25,198788.539144019,450788.372794142,출판인쇄업,출판사,2026-05-03 22:46:34,I,03,폐업,,0,0,2003-05-06 11:23:16,,1999-12-03,100-043,서울특별시 중구 남산동*가 **-* 남산빌딩*층***호,CDFG1251001999000270,3010000,,"서울특별시 중구 소파로 ***  (남산동*가,남산빌딩*층***호)",,03,폐업,,,,,0,0
근린생활시설,솔기획,2002-05-09,199466.91201106,451283.418347379,출판인쇄업,출판사,2026-05-03 22:46:34,I,03,폐업,,0,0,2003-05-06 11:23:16,,1999-12-07,100-282,서울특별시 중구 인현동*가 ***-*,CDFG1251001999000271,3010000,,서울특별시 중구 마른내로*가길 **  (인현동*가),,03,폐업,,,,22751401,0,0
,지엠미디어,2000-02-03,200282.480666044,451528.755883208,출판인쇄업,출판사,2026-05-03 22:46:34,I,03,폐업,,0,0,2003-05-06 11:23:16,,1999-12-09,100-411,서울특별시 중구 광희동*가 **-*,CDFG1251001999000272,3010000,,서울특별시 중구 을지로**길 *-*  (광희동*가),,03,폐업,,,,,0,0
,도서출판혜힐,1999-08-23,199220.324272667,451420.433192288,출판인쇄업,출판사,2026-05-03 22:46:11,I,03,폐업,,0,,2003-05-06 11:23:16,,1998-04-29,100-300,서울특별시 중구 초동 **-* 기영빌딩 *층동,CDFG1251001998000064,3010000,,"서울특별시 중구 충무로*길 **, *층동 (초동,기영빌딩)",,03,폐업,,,,,,
,민족과지성사,2001-10-16,197184.353783176,450592.44238391,출판인쇄업,출판사,2026-05-03 22:46:11,I,03,폐업,,0,,2003-05-06 11:23:16,,1998-05-06,100-858,서울특별시 중구 중림동 ***-** *층,CDFG1251001998000068,3010000,,"서울특별시 중구 청파로 ***-*  (중림동,*층)",,03,폐업,,,,,,
,도리원,2011-04-07,199113.21955277,451598.649754157,출판인쇄업,출판사,2026-05-03 22:46:11,I,03,폐업,,0,,2011-04-08 09:44:17,,1998-05-08,100-846,서울특별시 중구 을지로*가 *-* 천일빌딩 ***동,CDFG1251001998000069,3010000,,"서울특별시 중구 충무로*길 **, ***동 (을지로*가,천일빌딩)",,03,폐업,,,,,,
,협성인쇄사,2006-01-27,198933.97195053,451577.493486131,출판인쇄업,출판사,2026-05-03 22:46:11,I,03,폐업,,,,2006-01-27 14:02:19,,1998-05-13,100-845,서울특별시 중구 을지로*가 ***-** 수연빌딩 ***동,CDFG1251001998000072,3010000,,"서울특별시 중구 삼일대로**길 **-*, ***동 (을지로*가,수연빌딩)",,03,폐업,,,,,,
,율가필림,2001-08-09,199101.132483391,451111.22018454,출판인쇄업,출판사,2026-05-03 22:46:11,I,03,폐업,,0,,2003-05-06 11:23:16,,1998-05-22,100-013,서울특별시 중구 충무로*가 **-** 영한빌딩 ***동,CDFG1251001998000080,3010000,,"서울특별시 중구 수표로 **, ***동 (충무로*가,영한빌딩)",,03,폐업,,,,,,
,도서출판책이랑,1998-10-30,199322.667,451248.158,출판인쇄업,출판사,2026-05-03 22:46:11,I,03,폐업,,0,,2003-05-06 11:23:16,,1998-05-27,100-300,서울특별시 중구 초동 **-*,CDFG1251001998000082,3010000,,서울특별시 중구 충무로 **  (초동),,03,폐업,,,,,,
,제영문화사,2001-08-09,199393.748061831,451020.317219361,출판인쇄업,출판사,2026-05-03 22:46:11,I,03,폐업,,0,,2003-05-06 11:23:16,,1998-06-03,100-272,서울특별시 중구 필동*가 ** 충무빌딩 ***동,CDFG1251001998000085,3010000,,,,03,폐업,,,,,,
,(주)나의마을,2000-08-09,197870.760842967,451109.466184929,출판인쇄업,출판사,2026-05-03 22:46:11,I,03,폐업,,0,,2003-05-06 11:23:16,,1998-06-09,100-864,서울특별시 중구 태평로*가 **-** ***동,CDFG1251001998000086,3010000,,"서울특별시 중구 세종대로 **, ***동 (태평로*가)",,03,폐업,,,,,,
,참터출판,2000-02-21,200020.63978071,451141.036979227,출판인쇄업,출판사,2026-05-03 22:46:11,I,03,폐업,,0,,2003-05-06 11:23:16,,1998-06-20,100-380,서울특별시 중구 묵정동 **-* 보림빌딩 ***동 C호,CDFG1251001998000091,3010000,,"서울특별시 중구 퇴계로 ***, ***동 C호 (묵정동,보림빌딩)",,03,폐업,,,,,,
근린생활시설,(주)나래상건,1999-07-14,199440.353780101,451396.512309871,출판인쇄업,출판사,2026-05-03 22:46:11,I,03,폐업,,0,0,2003-05-06 11:23:16,,1998-06-26,100-281,서울특별시 중구 인현동*가 **-*,CDFG1251001998000094,3010000,,,,03,폐업,,,,,0,0
,캐이앤시컨설팅,1998-10-17,199597.820012911,450481.644152211,출판인쇄업,출판사,2026-05-03 22:46:11,I,03,폐업,,0,,2003-05-06 11:23:16,,1998-07-02,100-273,서울특별시 중구 필동*가 **-**,CDFG1251001998000095,3010000,,서울특별시 중구 필동로 **  (필동*가),,03,폐업,,,,34534396,,
,현대그래픽출판,2014-03-24,199353.766828919,451164.010026609,출판인쇄업,출판사,2026-05-03 22:46:11,I,03,폐업,,0,,2014-03-24 10:17:25,,1998-07-02,100-862,서울특별시 중구 충무로*가 *-*,CDFG1251001998000096,3010000,,서울특별시 중구 마른내로*길 ** (충무로*가),,03,폐업,,,,,,
,로뎀,2000-08-09,199021.976621749,451038.249872441,출판인쇄업,출판사,2026-05-03 22:46:16,I,03,폐업,,0,,2003-05-06 11:23:16,,1998-07-09,100-861,서울특별시 중구 충무로*가 **-** *층,CDFG1251001998000097,3010000,,,,03,폐업,,,,,,
,평화문화,2001-01-29,,,출판인쇄업,출판사,2026-05-03 22:46:17,I,03,폐업,,0,,2003-05-06 11:23:16,,1998-07-09,100-210,서울특별시 중구 수하동 * 용궁빌딩 ***동,CDFG1251001998000098,3010000,,,,03,폐업,,,,,,
,TS기획출판사,2005-05-31,199022.921941521,451052.745285454,출판인쇄업,출판사,2026-05-03 22:46:17,I,03,폐업,,,,2005-05-31 14:09:16,,1998-07-09,100-861,서울특별시 중구 충무로*가 **-** *층,CDFG1251001998000099,3010000,,,,03,폐업,,,,,,
,신교당,2006-03-27,201729.243163099,451236.632834952,출판인쇄업,출판사,2026-05-03 22:46:17,I,03,폐업,,,,2006-03-27 10:24:59,,1998-07-16,100-818,서울특별시 중구 신당동 **-**,CDFG1251001998000103,3010000,,서울특별시 중구 퇴계로**길 **  (신당동),,03,폐업,,,,,,
,매물정보,1999-06-24,199498.577291646,451195.502802277,출판인쇄업,출판사,2026-05-03 22:46:17,I,03,폐업,,0,,2003-05-06 11:23:16,,1998-07-22,100-282,서울특별시 중구 인현동*가 ***-*,CDFG1251001998000106,3010000,,서울특별시 중구 마른내로*길 **  (인현동*가),,03,폐업,,,,,,
,도서출판윤정,2001-06-26,199639.560969079,451277.64986781,출판인쇄업,출판사,2026-05-03 22:46:17,I,03,폐업,,0,,2003-05-06 11:23:16,,1998-07-23,100-282,서울특별시 중구 인현동*가 ***-*,CDFG1251001998000108,3010000,,서울특별시 중구 마른내로*길 *  (인현동*가),,03,폐업,,,,,,
근린생활시설,명성,1999-04-09,201685.267701902,451291.714109943,출판인쇄업,출판사,2026-05-03 22:46:17,I,03,폐업,,0,0,2003-05-06 11:23:16,,1998-07-23,100-819,서울특별시 중구 신당동 ***-*,CDFG1251001998000109,3010000,,서울특별시 중구 다산로**길 **  (신당동),,03,폐업,,,,,0,0
,위너스,2004-01-12,199236.189363229,450824.703563447,출판인쇄업,출판사,2026-05-03 22:46:18,I,03,폐업,,,,2004-03-24 18:21:35,,1998-07-29,100-250,서울특별시 중구 예장동 *-*,CDFG1251001998000115,3010000,,서울특별시 중구 퇴계로**길 **-*  (예장동),,03,폐업,,,,,,
,도서출판 다인,2020-12-30,199172.640125469,451493.688292935,출판인쇄업,출판사,2026-05-03 22:46:18,I,03,폐업,,0,,2020-12-30 16:47:55,,1998-08-07,100-846,서울특별시 중구 을지로*가 ***-**,CDFG1251001998000117,3010000,,서울특별시 중구 충무로*길 **  (을지로*가),,03,폐업,,,,,,
,삼진미디어,2003-12-03,,,출판인쇄업,출판사,2026-05-03 22:46:18,I,03,폐업,,,,2003-12-03 09:48:47,,1998-08-08,100-193,서울특별시 중구 을지로*가 ***-*,CDFG1251001998000118,3010000,,,,03,폐업,,,,,,
,두태기획,1998-09-19,199559.81287492,451275.242508566,출판인쇄업,출판사,2026-05-03 22:46:18,I,03,폐업,,0,,2003-05-06 11:23:16,,1998-08-08,100-282,서울특별시 중구 인현동*가 ***-**,CDFG1251001998000119,3010000,,서울특별시 중구 마른내로 **  (인현동*가),,03,폐업,,,,,,
,을파소,1998-09-02,199535.089929276,450495.643935173,출판인쇄업,출판사,2026-05-03 22:46:18,I,03,폐업,,0,,2003-05-06 11:23:16,,1998-08-14,100-273,서울특별시 중구 필동*가 **-*,CDFG1251001998000121,3010000,,서울특별시 중구 필동로 **  (필동*가),,03,폐업,,,,,,
,미디어앤마케팅,2000-10-13,197861.454595185,451379.089909811,출판인쇄업,출판사,2026-05-03 22:46:18,I,03,폐업,,0,,2003-05-06 11:23:16,,1998-08-18,100-102,서울특별시 중구 태평로*가 ***-*,CDFG1251001998000124,3010000,,서울특별시 중구 세종대로 **  (태평로*가),,03,폐업,,,,,,
,삼영미디어,1998-12-29,199524.099510798,451258.896710836,출판인쇄업,출판사,2026-05-03 22:46:18,I,03,폐업,,0,,2003-05-06 11:23:16,,1998-08-20,100-282,서울특별시 중구 인현동*가 ***-**,CDFG1251001998000125,3010000,,서울특별시 중구 퇴계로**길 **  (인현동*가),,03,폐업,,,,,,
,도서출판아이엠씨,1999-07-20,199051.18306436,451112.708897733,출판인쇄업,출판사,2026-05-03 22:46:18,I,03,폐업,,0,,2003-05-06 11:23:16,,1998-08-20,100-861,서울특별시 중구 충무로*가 **-* 중산빌딩 ***동,CDFG1251001998000126,3010000,,"서울특별시 중구 삼일대로*길 **, ***동 (충무로*가,중산빌딩)",,03,폐업,,,,,,
,법률다이제스트,2001-12-27,201719.503117227,451390.192284726,출판인쇄업,출판사,2026-05-03 22:46:18,I,03,폐업,,0,,2003-05-06 11:23:16,,1998-08-20,100-819,서울특별시 중구 신당동 ***-** * *동 *호,CDFG1251001998000127,3010000,,"서울특별시 중구 퇴계로**길 **-**, *동 *호 (신당동,*)",,03,폐업,,,,,,
,신영출판사,2009-01-21,198914.045047277,451592.009911991,출판인쇄업,출판사,2026-05-03 22:46:18,I,03,폐업,,,,2009-01-21 16:44:32,,1998-09-02,100-845,서울특별시 중구 을지로*가 ***-**,CDFG1251001998000132,3010000,,서울특별시 중구 을지로*길 *  (을지로*가),,03,폐업,,,,,,
,원트,2003-11-14,199266.572028462,451437.585243822,출판인쇄업,출판사,2026-05-03 22:46:18,I,03,폐업,,,,2003-11-14 09:35:37,,1998-09-02,100-846,서울특별시 중구 을지로*가 ***-*,CDFG1251001998000133,3010000,,서울특별시 중구 충무로*길 *  (을지로*가),,03,폐업,,,,,,
,스타사랑,2009-01-30,,,출판인쇄업,출판사,2026-05-03 22:46:18,I,03,폐업,,,,2009-01-30 14:37:29,,1998-09-02,100-200,서울특별시 중구 삼각동 **-*,CDFG1251001998000134,3010000,,,,03,폐업,,,,,,
,국민출판,2001-08-09,197915.798229407,451231.388561472,출판인쇄업,출판사,2026-05-03 22:46:19,I,03,폐업,,0,,2003-05-06 11:23:16,,1998-09-07,100-864,서울특별시 중구 태평로*가 **-*,CDFG1251001998000136,3010000,,서울특별시 중구 세종대로**길 *  (태평로*가),,03,폐업,,,,,,
,법률다이제스트,1998-10-12,,,출판인쇄업,출판사,2026-05-03 22:46:19,I,03,폐업,,0,,2003-05-06 11:23:16,,1998-09-07,100-281,서울특별시 중구 인현동*가 * * *동 *호,CDFG1251001998000137,3010000,,,,03,폐업,,,,,,
,도서출판미진,2009-02-17,,,출판인쇄업,출판사,2026-05-03 22:46:19,I,03,폐업,,,,2009-02-17 16:41:24,,1998-09-08,100-847,서울특별시 중구 을지로*가 ***-* ***호,CDFG1251001998000140,3010000,,,,03,폐업,,,,,,
,미래나무,2001-08-09,200048.85942052,451244.66496635,출판인쇄업,출판사,2026-05-03 22:46:19,I,03,폐업,,0,,2003-05-06 11:23:16,,1998-09-09,100-015,서울특별시 중구 충무로*가 *-**,CDFG1251001998000142,3010000,,서울특별시 중구 동호로**길 **-*  (충무로*가),,03,폐업,,,,,,
근린생활시설,은혜와평강출판사,2001-03-26,199604.860117124,450840.399259201,출판인쇄업,출판사,2026-05-03 22:46:19,I,03,폐업,,0,0,2003-05-06 11:23:16,,1998-09-09,100-273,서울특별시 중구 필동*가 **-* 삼가빌딩*층,CDFG1251001998000143,3010000,,"서울특별시 중구 필동로 **  (필동*가,삼가빌딩*층)",,03,폐업,,,,22797590,0,0
,도서출판 한삶,2001-08-09,199442.398081407,451378.366138248,출판인쇄업,출판사,2026-05-03 22:46:20,I,03,폐업,,0,,2003-05-06 11:23:16,,1998-09-14,100-281,서울특별시 중구 인현동*가 **,CDFG1251001998000146,3010000,,서울특별시 중구 을지로**길 **-**  (인현동*가),,03,폐업,,,,,,
,열린케뮤니케이션,2002-04-02,198997.675303045,451419.72778562,출판인쇄업,출판사,2026-05-03 22:46:20,I,03,폐업,,0,,2003-05-06 11:23:16,,1998-09-14,100-032,서울특별시 중구 저동*가 **-* 창강빌딩 ***호,CDFG1251001998000147,3010000,,,,03,폐업,,,,22761223,,
,베이직,2001-02-02,201237.097980528,451217.38904764,출판인쇄업,출판사,2026-05-03 22:46:20,I,03,폐업,,0,,2003-05-06 11:23:16,,1998-09-15,100-450,서울특별시 중구 신당동 ***-*,CDFG1251001998000148,3010000,,,,03,폐업,,,,,,
,도서출판 의림사,2006-10-11,201384.456643466,451334.342960082,출판인쇄업,출판사,2026-05-03 22:46:20,I,03,폐업,,,,2006-10-11 17:32:10,,1998-09-15,100-819,서울특별시 중구 신당동 ***-* 동원빌딩지층*호,CDFG1251001998000149,3010000,,"서울특별시 중구 다산로 ***  (신당동,동원빌딩지층*호)",,03,폐업,,,,22533224,,
근린생활시설,정우출판사,2002-04-02,200077.887999455,450952.564679352,출판인쇄업,출판사,2026-05-03 22:46:20,I,03,폐업,,0,0,2003-05-06 11:23:16,,1998-09-16,100-380,서울특별시 중구 묵정동 **-* *층,CDFG1251001998000150,3010000,,,,03,폐업,,,,22678123,0,0
,열린출판사,2002-04-02,201978.367154735,451560.576720007,출판인쇄업,출판사,2026-05-03 22:46:20,I,03,폐업,,0,,2003-05-06 11:23:16,,1998-09-18,100-870,서울특별시 중구 황학동 ***,CDFG1251001998000152,3010000,,서울특별시 중구 마장로**길 **  (황학동),,03,폐업,,,,,,
,아름다운세상,2009-08-28,199325.174260461,451256.240312334,출판인쇄업,출판사,2026-05-03 22:46:20,I,03,폐업,,0,,2009-08-28 18:25:26,,1998-09-28,100-300,서울특별시 중구 초동 **-*,CDFG1251001998000155,3010000,,서울특별시 중구 충무로 **  (초동),,03,폐업,,,,,,
,도서출판포럼,2001-08-09,200685.842109469,451143.254766177,출판인쇄업,출판사,2026-05-03 22:46:20,I,03,폐업,,0,,2003-05-06 11:23:16,,1998-09-28,100-391,서울특별시 중구 장충동*가 **-**,CDFG1251001998000156,3010000,,서울특별시 중구 장충단로*가길 *-*  (장충동*가),,03,폐업,,,,,,
,한국창업지원쎈터,2008-02-11,198584.797257551,450705.210249383,출판인쇄업,출판사,2026-05-03 22:46:20,I,03,폐업,,,,2008-02-11 15:41:38,,1998-09-30,100-042,서울특별시 중구 남산동*가 **-*,CDFG1251001998000158,3010000,,서울특별시 중구 소공로*길 **  (남산동*가),,03,폐업,,,,,,
,이야기나라,2000-08-02,199226.770415208,451664.850574391,출판인쇄업,출판사,2026-05-03 22:46:20,I,03,폐업,,0,,2003-05-06 11:23:16,,1998-10-15,100-846,서울특별시 중구 을지로*가 ***-* * *동 *호,CDFG1251001998000160,3010000,,"서울특별시 중구 을지로**길 **, *동 *호 (을지로*가,*)",,03,폐업,,,,,,
,남미,2003-11-14,199100.412856507,451298.414680803,출판인쇄업,출판사,2026-05-03 22:46:21,I,03,폐업,,,,2003-11-14 09:34:53,,1998-10-26,100-032,서울특별시 중구 저동*가 **-*,CDFG1251001998000169,3010000,,서울특별시 중구 수표로**길 *  (저동*가),,03,폐업,,,,,,
,건양사,2012-05-23,199424.506480119,451439.766299955,출판인쇄업,출판사,2026-05-03 22:46:21,I,03,폐업,,0,,2012-05-23 14:30:31,,1998-10-29,100-281,서울특별시 중구 인현동*가 **-*,CDFG1251001998000171,3010000,,서울특별시 중구 을지로**길 **  (인현동*가),,03,폐업,,,,,,
,도서출판 흥문,2022-01-30,199476.416060929,451400.623789203,출판인쇄업,출판사,2026-05-03 22:46:21,I,03,폐업,,0,0,2022-01-28 09:31:32,,1998-10-31,100-281,서울특별시 중구 인현동*가 **-* *층일부,CDFG1251001998000173,3010000,,"서울특별시 중구 마른내로 **-** (인현동*가,*층일부)",,03,폐업,,,,22738463,0,0
,동원상사,2011-07-04,199943.299685658,451664.609496224,출판인쇄업,출판사,2026-05-03 22:46:21,I,03,폐업,,0,,2011-07-04 14:48:36,,1998-11-04,100-330,서울특별시 중구 주교동 ***,CDFG1251001998000174,3010000,,서울특별시 중구 을지로**길 *-*  (주교동),,03,폐업,,,,,,
,청현출판사,2005-02-18,200092.165872111,451408.699344817,출판인쇄업,출판사,2026-05-03 22:46:21,I,03,폐업,,,,2005-02-18 13:33:49,,1998-11-04,100-310,서울특별시 중구 오장동 ***-**,CDFG1251001998000175,3010000,,서울특별시 중구 을지로**길 **  (오장동),,03,폐업,,,,,,
,영지기획인쇄,2005-03-02,199352.279317955,451429.092657369,출판인쇄업,출판사,2026-05-03 22:46:22,I,03,폐업,,,,2005-03-03 09:21:42,,1998-11-11,100-300,서울특별시 중구 초동 **-*,CDFG1251001998000179,3010000,,서울특별시 중구 을지로**길 **  (초동),,03,폐업,,,,22642596,,
,장인정신,2000-12-23,199322.667,451248.158,출판인쇄업,출판사,2026-05-03 22:46:22,I,03,폐업,,0,,2003-05-06 11:23:16,,1998-11-11,100-300,서울특별시 중구 초동 **-*,CDFG1251001998000180,3010000,,서울특별시 중구 충무로 **  (초동),,03,폐업,,,,,,
,동보공사,2008-12-29,199477.451706125,451203.624478146,출판인쇄업,출판사,2026-05-03 22:46:22,I,03,폐업,,,,2008-12-29 15:27:37,,1998-11-11,100-282,서울특별시 중구 인현동*가 ***-*,CDFG1251001998000181,3010000,,서울특별시 중구 퇴계로**가길 **-*  (인현동*가),,03,폐업,,,,,,
,푸른미디어,2002-02-04,199625.81790461,451149.009149343,출판인쇄업,출판사,2026-05-03 22:46:22,I,03,폐업,,0,,2003-05-06 11:23:16,,1998-11-14,100-863,서울특별시 중구 충무로*가 **-**,CDFG1251001998000187,3010000,,서울특별시 중구 창경궁로*길 **  (충무로*가),,03,폐업,,,,,,
,오렌지파워잉글리쉬,2001-03-27,199315.590898473,451545.977670316,출판인쇄업,출판사,2026-05-03 22:46:22,I,03,폐업,,0,,2003-05-06 11:23:16,,1998-11-17,100-847,서울특별시 중구 을지로*가 ***-**,CDFG1251001998000188,3010000,,서울특별시 중구 을지로 ***  (을지로*가),,03,폐업,,,,,,
,오성문화,2023-07-21,199489.850219243,451174.498467992,출판인쇄업,출판사,2026-05-03 22:46:22,I,03,폐업,,0,,2024-02-02 17:10:02,,1998-11-18,100-282,서울특별시 중구 인현동*가 ***-*,CDFG1251001998000189,3010000,,서울특별시 중구 퇴계로**가길 **-*  (인현동*가),,03,폐업,,,,,,
,삼화출판공사,2006-08-28,197038.995249839,450616.470380788,출판인쇄업,출판사,2026-05-03 22:46:22,I,03,폐업,,,,2006-08-28 15:22:07,,1998-11-18,100-859,서울특별시 중구 중림동 ***-*,CDFG1251001998000190,3010000,,서울특별시 중구 중림로 **  (중림동),,03,폐업,,,,,,
,광장에이전시,2000-05-15,198079.00314369,451680.359927905,출판인쇄업,출판사,2026-05-03 22:46:22,I,03,폐업,,0,,2003-05-06 11:23:16,,1998-11-25,100-170,서울특별시 중구 무교동 **-*,CDFG1251001998000193,3010000,,서울특별시 중구 무교로 **  (무교동),,03,폐업,,,,,,
,보경문화사,2004-01-26,199240.782802808,451496.078387552,출판인쇄업,출판사,2026-05-03 22:46:23,I,03,폐업,,,,2004-01-29 16:15:13,,1998-12-02,100-846,서울특별시 중구 을지로*가 ***-**,CDFG1251001998000196,3010000,,서울특별시 중구 을지로**길 **  (을지로*가),,03,폐업,,,,,,
,스타랜드,1999-01-26,199173.027655071,450905.733767525,출판인쇄업,출판사,2026-05-03 22:46:23,I,03,폐업,,0,,2003-05-06 11:23:16,,1998-12-02,100-866,서울특별시 중구 필동*가 **-**,CDFG1251001998000197,3010000,,서울특별시 중구 퇴계로 ***-**  (필동*가),,03,폐업,,,,,,
,정보세상,1999-07-19,199297.876590178,451025.516575091,출판인쇄업,출판사,2026-05-03 22:46:23,I,03,폐업,,0,,2003-05-06 11:23:16,,1998-12-02,100-866,서울특별시 중구 필동*가 **-*,CDFG1251001998000198,3010000,,서울특별시 중구 퇴계로 ***  (필동*가),,03,폐업,,,,,,
,도서출판한국와이피,2006-01-17,200349.704652903,451312.763287331,출판인쇄업,출판사,2026-05-03 22:46:23,I,03,폐업,,,,2006-01-17 16:10:54,,1998-12-15,100-400,서울특별시 중구 쌍림동 **-* 벽산빌딩**층,CDFG1251001998000202,3010000,,"서울특별시 중구 퇴계로 ***  (쌍림동,벽산빌딩**층)",,03,폐업,,,,22732992,,
,대명인쇄,2011-12-30,,,출판인쇄업,출판사,2026-05-03 22:46:23,I,03,폐업,,0,,2012-01-04 12:55:57,,1998-12-16,100-281,서울특별시 중구 인현동*가 ***,CDFG1251001998000206,3010000,,서울특별시 중구 마른내로*길 **  (인현동*가),,03,폐업,,,,,,
,파피루스,2001-04-23,200721.553140234,450429.736770424,출판인쇄업,출판사,2026-05-03 22:46:23,I,03,폐업,,0,,2003-05-06 11:23:16,,1998-12-17,100-828,서울특별시 중구 신당동 ***-*,CDFG1251001998000207,3010000,,,,03,폐업,,,,,,
,자동화신문사,2001-08-09,199245.264836491,451184.789734499,출판인쇄업,출판사,2026-05-03 22:46:23,I,03,폐업,,0,,2003-05-06 11:23:16,,1998-12-24,100-013,서울특별시 중구 충무로*가 **-*,CDFG1251001998000212,3010000,,서울특별시 중구 수표로*길 **  (충무로*가),,03,폐업,,,,,,
,도서출판함지,2001-01-27,199037.825320441,451103.680774888,출판인쇄업,출판사,2026-05-03 22:46:23,I,03,폐업,,0,,2003-05-06 11:23:16,,1998-12-26,100-861,서울특별시 중구 충무로*가 **-* 태호빌딩 ***동,CDFG1251001998000213,3010000,,,,03,폐업,,,,,,
,책을만드는사람칼럼,2001-08-09,199025.825275946,451419.170289805,출판인쇄업,출판사,2026-05-03 22:46:23,I,03,폐업,,0,,2003-05-06 11:23:16,,1998-12-26,100-032,서울특별시 중구 저동*가 **-* 락희빌딩 ***동,CDFG1251001998000214,3010000,,"서울특별시 중구 수표로 **, ***동 (저동*가,락희빌딩)",,03,폐업,,,,,,
,도서출판 동아사시아,2017-04-26,198692.093190362,450775.68194305,출판인쇄업,출판사,2026-05-03 22:46:23,I,03,폐업,,0,,2017-04-26 18:03:24,,1998-03-05,100-042,서울특별시 중구 남산동*가 **-** *층***호,CDFG1251001998000216,3010000,,"서울특별시 중구 퇴계로**길 ** (남산동*가,*층***호)",,03,폐업,,,,,,
,홍일,2018-08-30,199049.025989121,451709.766104575,출판인쇄업,출판사,2026-05-03 22:46:24,I,03,폐업,,0,,2018-08-30 17:35:52,,1998-01-21,100-230,서울특별시 중구 수표동 **-*,CDFG1251001998000219,3010000,,서울특별시 중구 수표로 **-* (수표동),,03,폐업,,,,22755575,,
,한국아동교육연구소,2001-06-21,199569.075587635,450899.280902089,출판인쇄업,출판사,2026-05-03 22:46:24,I,03,폐업,,0,,2003-05-06 11:23:16,,1998-01-21,100-272,서울특별시 중구 필동*가 **-**,CDFG1251001998000220,3010000,,서울특별시 중구 필동로 **  (필동*가),,03,폐업,,,,,,
,열린케뮤니케이션,2002-04-02,199653.94273677,451158.236123943,출판인쇄업,출판사,2026-05-03 22:46:24,I,03,폐업,,0,,2003-05-06 11:23:16,,1998-10-07,100-863,서울특별시 중구 충무로*가 **-* *층,CDFG1251001998000222,3010000,,,,03,폐업,,,,,,
,도서출판광화문,2000-03-17,,,출판인쇄업,출판사,2026-05-03 22:46:24,I,03,폐업,,0,,2003-05-06 11:23:16,,1998-01-19,100-210,서울특별시 중구 수하동 **-*,CDFG1251001998000224,3010000,,,,03,폐업,,,,,,
근린생활시설,도서출판한주,2006-08-08,199097.276818501,451645.274277074,출판인쇄업,출판사,2026-05-03 22:46:24,I,03,폐업,,,,2006-08-08 16:16:10,,1998-04-13,100-230,서울특별시 중구 수표동 **-* 세한빌딩***-*,CDFG1251001998000227,3010000,,"서울특별시 중구 을지로**길 **  (수표동,세한빌딩***-*)",,03,폐업,,,,22637302,,
근린생활시설,도서출판넓은세상,2011-07-05,,,출판인쇄업,출판사,2026-05-03 22:46:24,I,03,폐업,,0,0,2011-07-05 18:29:12,,1998-12-16,100-846,서울특별시 중구 을지로*가 ***-* 홍원빌딩,CDFG1251001998000228,3010000,,,,03,폐업,,,,22611543,0,0
,초록이야기,2001-04-23,199213.995842161,451479.251307215,출판인쇄업,출판사,2026-05-03 22:46:24,I,03,폐업,,0,,2003-05-06 11:23:16,,1998-04-13,100-846,서울특별시 중구 을지로*가 ***-* ***동,CDFG1251001998000229,3010000,,,,03,폐업,,,,,,
근린생활시설,글향기,1999-10-27,198118.88012816,451614.362900051,출판인쇄업,출판사,2026-05-03 22:46:25,I,03,폐업,,0,,2003-05-06 11:23:16,,1998-10-26,100-842,서울특별시 중구 을지로*가 ** 효덕빌딩***,CDFG1251001998000233,3010000,,"서울특별시 중구 남대문로*길 **  (을지로*가,효덕빌딩***)",,03,폐업,,,,22726999,,
근린생활시설,동산기획,2024-08-30,199100.110580901,451284.734837059,출판인쇄업,출판사,2026-05-03 22:46:25,I,03,폐업,,0,0,2024-09-02 10:52:43,,1998-07-04,100-032,서울특별시 중구 저동*가 **-** 금정빌딩지하***호,CDFG1251001998000236,3010000,,"서울특별시 중구 수표로**길 *-*  (저동*가,금정빌딩지하***호)",,03,폐업,,,,22772472,0,0
근린생활시설,아이네트,1999-07-15,199133.686855624,451627.458338686,출판인쇄업,출판사,2026-05-03 22:46:25,I,03,폐업,,,,2004-03-24 16:48:35,,1998-11-14,100-846,서울특별시 중구 을지로*가 **-** 천이빌딩 ***동,CDFG1251001998000237,3010000,,"서울특별시 중구 을지로**길 **, ***동 (을지로*가,천이빌딩)",,03,폐업,,,,22774160,,
,잉글리쉬뱅크미디어,2004-01-12,199561.83545868,450642.758973678,출판인쇄업,출판사,2026-05-03 22:46:25,I,03,폐업,,,,2004-03-24 18:24:25,,1998-05-09,100-272,서울특별시 중구 필동*가 ***-**,CDFG1251001998000241,3010000,,서울특별시 중구 퇴계로**가길 **  (필동*가),,03,폐업,,,,22646133,,
,도서출판 애드피아,2019-06-18,199296.108642436,451206.305214258,출판인쇄업,출판사,2026-05-03 22:46:25,I,03,폐업,,,,2019-06-18 11:43:41,,1998-11-07,100-013,서울특별시 중구 충무로*가 **-** *층,CDFG1251001998000245,3010000,,"서울특별시 중구 충무로 ** (충무로*가,*층)",,03,폐업,,,,,,
,아이존,2017-04-07,199279.677406441,451120.517700578,출판인쇄업,출판사,2026-05-03 22:46:25,I,03,폐업,,0,,2017-04-07 15:01:13,,1999-01-05,100-013,서울특별시 중구 충무로*가 ** 지산빌딩 ***동,CDFG1251001999000001,3010000,,"서울특별시 중구 충무로 **, ***동 (충무로*가,지산빌딩)",,03,폐업,,,,,,
,게임저널,2005-03-29,199822.10979662,451182.266913412,출판인쇄업,출판사,2026-05-03 22:46:25,I,03,폐업,,,,2005-03-30 11:32:39,,1999-01-05,100-015,서울특별시 중구 충무로*가 **-* 부성빌딩 **층동,CDFG1251001999000002,3010000,,"서울특별시 중구 창경궁로 *, **층동 (충무로*가,부성빌딩)",,03,폐업,,,,,,
,국일증권연구소,2005-07-18,201108.604914416,450514.4752149,출판인쇄업,출판사,2026-05-03 22:46:25,I,03,폐업,,,,2005-07-18 14:47:43,,1999-01-05,100-826,서울특별시 중구 신당동 ***-* 우당빌딩 *층동,CDFG1251001999000003,3010000,,"서울특별시 중구 동호로**길 **, *층동 (신당동,우당빌딩)",,03,폐업,,,,,,
근린생활시설,윤컴,2002-06-10,199382.955773318,451037.967651563,출판인쇄업,출판사,2026-05-03 22:46:25,I,03,폐업,,0,0,2003-05-06 11:23:16,,1999-01-07,100-272,서울특별시 중구 필동*가 **-*,CDFG1251001999000004,3010000,,,,03,폐업,,,,22686341,0,0
,조은문화,2004-02-17,199133.147053161,451479.55561169,출판인쇄업,출판사,2026-05-03 22:46:26,I,03,폐업,,,,2004-02-19 09:15:12,,1999-01-07,100-846,서울특별시 중구 을지로*가 ***-*,CDFG1251001999000007,3010000,,서울특별시 중구 을지로**길 **  (을지로*가),,03,폐업,,,,22789777,,
,마른하늘에책벼락,1999-01-18,201282.702396161,450956.700799105,출판인쇄업,출판사,2026-05-03 22:46:26,I,03,폐업,,0,,2003-05-06 11:23:16,,1999-01-07,100-824,서울특별시 중구 신당동 ***-*,CDFG1251001999000008,3010000,,서울특별시 중구 다산로**길 **  (신당동),,03,폐업,,,,22344296,,
근린생활시설,도서출판승림문화사,2018-12-17,199363.129622048,451008.456459696,출판인쇄업,출판사,2026-05-03 22:46:26,I,03,폐업,,0,0,2018-12-17 13:09:58,,1999-01-08,100-867,서울특별시 중구 필동*가 **-** 하니빌딩***호,CDFG1251001999000009,3010000,,"서울특별시 중구 퇴계로 *** (필동*가,하니빌딩***호)",,03,폐업,,,,22770661,0,0
근린생활시설,정은문화사,2005-12-29,199871.992879938,451216.500151445,출판인쇄업,출판사,2026-05-03 22:46:26,I,03,폐업,,,,2005-12-29 16:33:33,,1999-01-08,100-015,서울특별시 중구 충무로*가 **-* 금성빌딩***호,CDFG1251001999000011,3010000,,"서울특별시 중구 퇴계로**길 **  (충무로*가,금성빌딩***호)",,03,폐업,,,,22729280,,
,청원,2003-02-25,199022.817662005,451132.890892721,출판인쇄업,출판사,2026-05-03 22:46:26,I,03,폐업,,0,0,2003-05-06 11:23:16,,1999-01-14,100-861,서울특별시 중구 충무로*가 **-** 태광빌딩 B*동,CDFG1251001999000016,3010000,,,,03,폐업,,,,22788968,0,0
,도서출판건일,2003-03-24,,,출판인쇄업,출판사,2026-05-03 22:46:26,I,03,폐업,,0,0,2003-05-06 11:23:16,,1999-01-15,100-849,서울특별시 중구 을지로*가 ***-*,CDFG1251001999000018,3010000,,서울특별시 중구 을지로 ***-**  (을지로*가),,03,폐업,,,,22727834,0,0
,도서출판명진,2001-09-19,200213.989748637,451203.242858334,출판인쇄업,출판사,2026-05-03 22:46:26,I,03,폐업,,0,,2003-05-06 11:23:16,,1999-01-19,100-400,서울특별시 중구 쌍림동 ***-*,CDFG1251001999000020,3010000,,서울특별시 중구 퇴계로 ***  (쌍림동),,03,폐업,,,,22727491,,
,일신기획,2006-04-24,198827.727238114,451005.205964888,출판인쇄업,출판사,2026-05-03 22:46:26,I,03,폐업,,,,2006-04-24 13:50:55,,1999-01-26,100-861,서울특별시 중구 충무로*가 **-*,CDFG1251001999000023,3010000,,서울특별시 중구 퇴계로 ***  (충무로*가),,03,폐업,,,,22853187,,
,도서출판 녹원,2007-03-12,199575.793355037,451465.208840803,출판인쇄업,출판사,2026-05-03 22:46:26,I,03,폐업,,,,2007-03-12 17:17:06,,1999-01-26,100-282,서울특별시 중구 인현동*가 **-* *층***호,CDFG1251001999000024,3010000,,"서울특별시 중구 을지로**길 **  (인현동*가,*층***호)",,03,폐업,,,,22685866,,
,대원문화,2009-04-03,199260.412957504,451514.297978711,출판인쇄업,출판사,2026-05-03 22:46:26,I,03,폐업,,0,,2009-04-03 10:34:49,,1999-01-27,100-846,서울특별시 중구 을지로*가 ***-*,CDFG1251001999000026,3010000,,서울특별시 중구 충무로*길 *  (을지로*가),,03,폐업,,,,22636845,,
,미디어하우스,2005-04-27,201089.690427251,450153.479921894,출판인쇄업,출판사,2026-05-03 22:46:26,I,03,폐업,,,,2005-04-27 15:42:44,,1999-01-29,100-827,서울특별시 중구 신당동 ***-***,CDFG1251001999000028,3010000,,서울특별시 중구 동호로*가길 *  (신당동),,03,폐업,,,,22790199,,
,세민사,2002-10-19,199241.57373147,451455.391812157,출판인쇄업,출판사,2026-05-03 22:46:26,I,03,폐업,,0,0,2003-05-06 11:23:16,,1999-02-04,100-846,서울특별시 중구 을지로*가 ***-**,CDFG1251001999000030,3010000,,서울특별시 중구 을지로**길 **  (을지로*가),,03,폐업,,,,22720461,0,0
,주식회사 힐러스,2024-11-05,197620.676444642,450361.506112161,출판인쇄업,출판사,2026-05-03 22:49:16,I,03,폐업,,,,2024-11-05 13:10:31,,2021-05-07,,서울특별시 중구 남대문로*가 *** 서울스퀘어,CDFG1251002021000061,3010000,,"서울특별시 중구 한강대로 ***, 서울스퀘어 **층 ***호 (남대문로*가)",04637,03,폐업,,,,070-7805-1033,,
,주식회사 공부의신,2021-12-23,197963.789217064,451793.816975812,출판인쇄업,출판사,2026-05-03 22:49:17,I,03,폐업,,,,2021-12-23 13:06:49,,2012-07-24,,서울특별시 중구 태평로*가 ** 파이낸스빌딩,CDFG1251002021000083,3010000,,"서울특별시 중구 세종대로 ***, 파이낸스빌딩 *층 (태평로*가)",04520,03,폐업,,,,,,
,두성칼라,2022-12-30,199446.093156621,450980.022396922,출판인쇄업,출판사,2026-05-03 22:49:17,I,03,폐업,,,,2022-12-30 17:28:17,,2013-12-18,,서울특별시 중구 필동*가 **-**,CDFG1251002021000090,3010000,,"서울특별시 중구 퇴계로 ***, *층 (필동*가)",04625,03,폐업,,,,02-2275-8300,,
,북힐링,2024-12-06,199995.946197698,451285.600689181,출판인쇄업,출판사,2026-05-03 22:49:17,I,03,폐업,,,,2024-12-06 17:14:53,,2015-07-28,,서울특별시 중구 충무로*가 **-* 충무로 현대 프레스타워,CDFG1251002021000107,3010000,,"서울특별시 중구 마른내로**길 *-*, 충무로 현대 프레스타워 ***호 (충무로*가)",04559,03,폐업,,,,070-4100-6868,,
,(주)브랜드콘텐츠,2025-01-20,199020.607295698,451148.336104531,출판인쇄업,출판사,2026-05-03 22:49:17,I,03,폐업,,,,2025-01-21 11:17:16,,2019-12-02,,서울특별시 중구 충무로*가 **-**,CDFG1251002021000127,3010000,,"서울특별시 중구 삼일대로*길 **, *층 (충무로*가)",04553,03,폐업,,,,,,
,언타이틀드 로우 레이어,2022-09-15,201249.742950595,450404.317089218,출판인쇄업,출판사,2026-05-03 22:49:17,I,03,폐업,,,,2022-09-15 11:02:09,,2021-10-26,,서울특별시 중구 신당동 ***-***,CDFG1251002021000137,3010000,,"서울특별시 중구 청구로*길 **, *층 ***호 (신당동)",04591,03,폐업,,,,,,
,아키타입컴퍼니 주식회사,2023-01-06,198170.661094714,451256.151029714,출판인쇄업,출판사,2026-05-03 22:49:17,I,03,폐업,,,,2023-02-16 10:14:19,,2021-11-04,,서울특별시 중구 소공동 **-* 지에스지빌딩,CDFG1251002021000141,3010000,,"서울특별시 중구 소공로 **, 지에스지빌딩 *층 (소공동)",04532,03,폐업,,,,02-6367-2580,,
,오프셋,2022-12-30,200997.224883974,450396.93408049,출판인쇄업,출판사,2026-05-03 22:49:17,I,03,폐업,,,,2022-12-30 17:35:12,,2021-11-10,,서울특별시 중구 신당동 ***-***,CDFG1251002021000143,3010000,,"서울특별시 중구 다산로**길 **, *층 *호 (신당동)",04590,03,폐업,,,,,,
,석가출판사(釋迦出版社) Buddha Publishing Co.,2024-01-26,199879.833119774,451243.930510687,출판인쇄업,출판사,2026-05-03 22:49:17,I,03,폐업,,,,2024-01-26 14:51:06,,2022-01-25,,서울특별시 중구 충무로*가 **-** 일호빌딩,CDFG1251002022000012,3010000,,"서울특별시 중구 퇴계로**길 **-*, 일호빌딩 ***호 (충무로*가)",04559,03,폐업,,,,02-2276-0078,,
,희망지기,2022-03-08,201248.370762473,450999.250076052,출판인쇄업,출판사,2026-05-03 22:49:17,I,03,폐업,,,,2022-03-08 13:44:43,,2022-02-25,,서울특별시 중구 신당동 ***-** 중구여성플라자,CDFG1251002022000026,3010000,,"서울특별시 중구 다산로**길 *, 중구여성플라자 (신당동)",04586,03,폐업,,,,02-2263-2626,,
,비전사,2024-08-14,199508.932755703,451505.837093004,출판인쇄업,출판사,2026-05-03 22:49:18,I,03,폐업,,,,2024-08-16 09:41:07,,2005-03-21,,서울특별시 중구 인현동*가 **-* 대성빌딩,CDFG1251002022000041,3010000,,"서울특별시 중구 을지로**길 **, 대성빌딩 ***호 (인현동*가)",04549,03,폐업,,,,,,
,도서출판 이혜,2024-12-31,201408.599237925,450908.065972047,출판인쇄업,출판사,2026-05-03 22:49:18,I,03,폐업,,,,2024-12-31 14:47:30,,2022-05-24,,서울특별시 중구 신당동 *** 청구 e편한세상,CDFG1251002022000056,3010000,,"서울특별시 중구 청구로 **, ***동 ***호 (신당동, 청구 e편한세상)",04587,03,폐업,,,,,,
,풍류문화컨텐츠기업 정말,2022-12-31,197346.664858178,451164.44975357,출판인쇄업,출판사,2026-05-03 22:49:18,I,03,폐업,,58.4,,2023-01-16 10:39:42,,2017-11-16,,서울특별시 중구 순화동 *-* 순화빌딩,CDFG1251002022000070,3010000,,"서울특별시 중구 서소문로 **, 순화빌딩 **층 LS-****호 (순화동)",04516,03,폐업,,,,,,
,동아문화사,2025-02-10,199278.572040059,451068.070427603,출판인쇄업,출판사,2026-05-03 22:49:18,I,03,폐업,,,,2025-02-11 14:01:30,,2022-07-14,,서울특별시 중구 충무로*가 **-*,CDFG1251002022000073,3010000,,"서울특별시 중구 충무로 *-*, ***호 (충무로*가)",04554,03,폐업,,,,02-2267-7718,,
,에르고숨,2025-11-24,197133.181826761,450929.253706925,출판인쇄업,출판사,2026-05-03 22:49:20,I,03,폐업,,,,2025-11-24 13:56:33,,2022-11-04,,서울특별시 중구 중림동 *** 브라운스톤서울,CDFG1251002022000121,3010000,,"서울특별시 중구 청파로 ***, 브라운스톤서울 ***동 ***호 (중림동)",04510,03,폐업,,,,,,
,도서출판 대영미디어콘텐츠,2024-06-13,199115.162515675,451501.106828934,출판인쇄업,출판사,2026-05-03 22:49:20,I,03,폐업,,,,2024-06-14 13:45:14,,2019-04-12,,서울특별시 중구 을지로*가 *** 상지빌딩,CDFG1251002022000148,3010000,,"서울특별시 중구 을지로 ***-**, 상지빌딩 *층 ***A호 (을지로*가)",04550,03,폐업,,,,02-469-9696,,
,에커(Ecke),2023-08-07,199564.30215135,450654.789091384,출판인쇄업,출판사,2026-05-03 22:49:20,I,03,폐업,,,,2023-08-07 14:29:47,,2023-01-04,,서울특별시 중구 필동*가 ***-*,CDFG1251002023000002,3010000,,"서울특별시 중구 필동로 **, ***호 (필동*가)",04626,03,폐업,,,,,,
,주식회사 레이블홀더,2023-05-04,201400.547521448,451250.544596432,출판인쇄업,출판사,2026-05-03 22:49:21,I,03,폐업,,,,2023-05-10 14:45:31,,2023-01-26,,서울특별시 중구 신당동 ***-***,CDFG1251002023000020,3010000,,"서울특별시 중구 퇴계로**길 **-*, 지*층 비***호 (신당동)",04585,03,폐업,,,,,,
,스타일 위너,2024-07-03,197912.140727901,450460.229192568,출판인쇄업,출판사,2026-05-03 22:49:21,I,03,폐업,,,,2024-07-03 14:24:17,,2023-01-31,,서울특별시 중구 남창동 ***-**,CDFG1251002023000022,3010000,,"서울특별시 중구 퇴계로*길 **, *층 (남창동)",04635,03,폐업,,,,070-7799-0070,,
,탈란톤 출판사,2023-12-29,199393.748061831,451020.317219361,출판인쇄업,출판사,2026-05-03 22:49:21,I,03,폐업,,,,2024-01-18 17:04:47,,2022-04-18,,서울특별시 중구 필동*가 ** 충무빌딩,CDFG1251002023000024,3010000,,"서울특별시 중구 퇴계로 ***, 충무빌딩 ***호 (필동*가)",04557,03,폐업,,,,,,
,티모 주식회사,2023-02-24,197034.02843741,450305.644873169,출판인쇄업,출판사,2026-05-03 22:49:21,I,03,폐업,,,,2023-02-24 14:33:48,,2018-06-05,,서울특별시 중구 만리동*가 **-* 서울역 디오빌,CDFG1251002023000031,3010000,,"서울특별시 중구 만리재로 ***, 서울역 디오빌 ***호 (만리동*가)",04501,03,폐업,,,,,,
,PEOPLES,2024-11-30,201156.929434502,450143.301957832,출판인쇄업,출판사,2026-05-03 22:49:21,I,03,폐업,,,,2024-12-27 14:21:00,,2023-03-21,,서울특별시 중구 신당동 ***-*** 에덴빌라 D동 ***호,CDFG1251002023000042,3010000,,"서울특별시 중구 동호로*가길 **-**, D동 ***호 (신당동, 에덴빌라)",04594,03,폐업,,,,,,
,성진문화사,2010-12-27,199066.041499545,451444.252780883,출판인쇄업,출판사,2026-05-03 22:46:45,I,03,폐업,,,,2010-12-27 13:07:29,,2000-03-14,100-032,서울특별시 중구 저동*가 *-*,CDFG1251002000000041,3010000,,서울특별시 중구 수표로 **-*  (저동*가),,03,폐업,,,,22652139,,
,(주)한국보건교육연구,2016-03-14,200697.821203755,451764.474808456,출판인쇄업,출판사,2026-05-03 22:46:45,I,03,폐업,,0,0,2016-03-14 15:25:36,,2000-03-17,100-851,서울특별시 중구 을지로*가 **-** 밀리오레상가 ****호,CDFG1251002000000043,3010000,,"서울특별시 중구 장충단로 *** (을지로*가,밀리오레상가 ****호)",,03,폐업,,,,33931200,0,0
,엠앤비닷컴,2007-02-22,197446.325172007,451215.406399929,출판인쇄업,출판사,2026-05-03 22:46:46,I,03,폐업,,,,2007-02-22 14:10:13,,2000-11-20,100-120,서울특별시 중구 정동 **-* 동양빌딩*층,CDFG1251002000000051,3010000,,"서울특별시 중구 서소문로 **-**  (정동,동양빌딩*층)",,03,폐업,,,,,,
,서원문화사,2008-11-26,198128.260047148,451644.7374498,출판인쇄업,출판사,2026-05-03 22:46:46,I,03,폐업,,,,2008-11-26 14:56:23,,2000-03-27,100-170,서울특별시 중구 무교동 **-* 영일빌딩*층***,CDFG1251002000000055,3010000,,"서울특별시 중구 남대문로*길 **  (무교동,영일빌딩*층***)",,03,폐업,,,,,,
,우림기획,2002-03-22,199250.501251471,451472.193020952,출판인쇄업,출판사,2026-05-03 22:46:46,I,03,폐업,,0,0,2003-05-06 11:23:16,,2000-03-31,100-846,서울특별시 중구 을지로*가 ***-** 한일빌딩***호,CDFG1251002000000058,3010000,,"서울특별시 중구 을지로**길 **  (을지로*가,한일빌딩***호)",,03,폐업,,,,22660412,0,0
,대성,2007-11-02,199345.12133773,451468.756573325,출판인쇄업,출판사,2026-05-03 22:46:46,I,03,폐업,,,,2007-11-02 15:54:43,,2000-03-29,100-847,서울특별시 중구 을지로*가 ***-** 삼흥빌딩***호,CDFG1251002000000060,3010000,,"서울특별시 중구 을지로**길 **  (을지로*가,삼흥빌딩***호)",,03,폐업,,,,22780018,,
,공간,2001-02-05,199411.078749004,451049.223436174,출판인쇄업,출판사,2026-05-03 22:46:47,I,03,폐업,,,,2003-10-31 17:45:26,,2000-03-29,100-272,서울특별시 중구 필동*가 **-*,CDFG1251002000000062,3010000,,서울특별시 중구 퇴계로**길 *  (필동*가),,03,폐업,,,,22775062,,
,도서출판언약,2001-11-12,,,출판인쇄업,출판사,2026-05-03 22:46:47,I,03,폐업,,0,0,2003-05-06 11:23:16,,2000-04-04,100-210,서울특별시 중구 수하동 **-* 환승빌딩***호,CDFG1251002000000065,3010000,,,,03,폐업,,,,,0,0
,백마문화출판,2007-12-17,199614.934465425,451443.116397646,출판인쇄업,출판사,2026-05-03 22:46:47,I,03,폐업,,,,2007-12-17 15:21:37,,2000-04-04,100-282,서울특별시 중구 인현동*가 **-*,CDFG1251002000000067,3010000,,서울특별시 중구 마른내로*가길 *  (인현동*가),,03,폐업,,,,22760012,,
,도서출판거민,2007-08-27,199617.533704985,451104.368183845,출판인쇄업,출판사,2026-05-03 22:46:47,I,03,폐업,,,,2007-08-27 10:11:22,,2000-04-04,100-863,서울특별시 중구 충무로*가 ***-**,CDFG1251002000000068,3010000,,서울특별시 중구 퇴계로 ***-*  (충무로*가),,03,폐업,,,,22672993,,
,중앙일보디앤이(주),2003-10-02,197214.205778633,451259.671938774,출판인쇄업,출판사,2026-05-03 22:46:47,I,03,폐업,,,,2003-10-08 16:54:46,,2000-04-04,100-130,서울특별시 중구 순화동 *-*** 삼도빌딩**층,CDFG1251002000000069,3010000,,"서울특별시 중구 통일로 **  (순화동,삼도빌딩**층)",,03,폐업,,,,62633700,,
,연애드컴,2009-03-31,198559.623213644,450772.042180644,출판인쇄업,출판사,2026-05-03 22:46:48,I,03,폐업,,0,0,2009-03-31 11:31:20,,2000-04-25,100-041,서울특별시 중구 남산동*가 **-* 일문빌딩***호,CDFG1251002000000073,3010000,,"서울특별시 중구 퇴계로**길 **  (남산동*가,일문빌딩***호)",,03,폐업,,,,,0,0
,도서출판아인슈타인,2006-12-08,199533.640738134,451241.433988806,출판인쇄업,출판사,2026-05-03 22:46:48,I,03,폐업,,,,2006-12-08 17:42:02,,2000-04-26,100-282,서울특별시 중구 인현동*가 ***-**,CDFG1251002000000074,3010000,,서울특별시 중구 퇴계로**길 **  (인현동*가),,03,폐업,,,,22737007,,
,도서출판한스컴,2002-04-03,199170.677028258,451519.369414946,출판인쇄업,출판사,2026-05-03 22:46:48,I,03,폐업,,0,0,2003-05-06 11:23:16,,2000-04-28,100-846,서울특별시 중구 을지로*가 ***-** 동화빌딩***호,CDFG1251002000000075,3010000,,"서울특별시 중구 을지로**길 *  (을지로*가,동화빌딩***호)",,03,폐업,,,,22684430,0,0
,청남출판사,2001-04-19,200538.457324135,451003.259286595,출판인쇄업,출판사,2026-05-03 22:46:48,I,03,폐업,,0,0,2003-05-06 11:23:16,,2000-04-28,100-391,서울특별시 중구 장충동*가 **-**,CDFG1251002000000077,3010000,,서울특별시 중구 장충단로*길 **  (장충동*가),,03,폐업,,,,22794766,0,0
,한국회계연구원,2005-03-23,197612.995083649,450539.857693464,출판인쇄업,출판사,2026-05-03 22:46:48,I,03,폐업,,,,2005-03-23 09:09:00,,2000-05-03,100-801,서울특별시 중구 남대문로*가 **-** 세브란스빌딩**층한국회계연구원,CDFG1251002000000081,3010000,,"서울특별시 중구 통일로 **  (남대문로*가,세브란스빌딩**층한국회계연구원)",,03,폐업,,,,22590150,,
,나은출판,2007-03-05,199213.995842161,451479.251307215,출판인쇄업,출판사,2026-05-03 22:46:48,I,03,폐업,,,,2007-03-05 14:22:56,,2000-05-15,100-846,서울특별시 중구 을지로*가 ***-*,CDFG1251002000000085,3010000,,,,03,폐업,,,,,,
,도서출판글방,2002-05-30,197964.095481472,451694.035675644,출판인쇄업,출판사,2026-05-03 22:46:48,I,03,폐업,,0,0,2003-05-06 11:23:16,,2000-05-22,100-101,서울특별시 중구 태평로*가 **-*,CDFG1251002000000087,3010000,,서울특별시 중구 세종대로 ***  (태평로*가),,03,폐업,,,,20010235,0,0
,13B2,2004-06-21,199630.137323232,450688.22302491,출판인쇄업,출판사,2026-05-03 22:46:48,I,03,폐업,,,,2004-06-22 09:28:08,,2000-05-25,100-273,서울특별시 중구 필동*가 **-** B*F,CDFG1251002000000092,3010000,,"서울특별시 중구 필동로*길 **  (필동*가,B*F)",,03,폐업,,,,22852556,,
,도서출판예작,2012-09-10,199359.463944557,451520.232863859,출판인쇄업,출판사,2026-05-03 22:46:48,I,03,폐업,,0,0,2012-09-10 15:07:52,,2000-05-25,100-847,서울특별시 중구 을지로*가 ***-* *층,CDFG1251002000000093,3010000,,"서울특별시 중구 을지로**길 *  (을지로*가,*층)",,03,폐업,,,,22855904,0,0
,영 문화사,2016-03-25,199840.775920594,451243.408041958,출판인쇄업,출판사,2026-05-03 22:46:49,I,03,폐업,,0,0,2016-03-25 14:20:34,,2000-05-25,100-290,서울특별시 중구 예관동 **-** 원창빌딩***호,CDFG1251002000000094,3010000,,"서울특별시 중구 퇴계로**길 ** (예관동,원창빌딩***호)",,03,폐업,,,,22658176,0,0
,도서출판 고시미디어,2001-11-28,197231.35367709,451733.932631705,출판인쇄업,출판사,2026-05-03 22:46:49,I,03,폐업,,0,0,2003-05-06 11:23:16,,2000-05-29,100-120,서울특별시 중구 정동 **-* 문화비링 *층,CDFG1251002000000097,3010000,,"서울특별시 중구 정동길 *-*  (정동,문화비링 *층)",,03,폐업,,,,,0,0
,도서출판두문포,2013-06-13,199213.995842161,451479.251307215,출판인쇄업,출판사,2026-05-03 22:46:49,I,03,폐업,,0,0,2013-06-13 14:44:46,,2000-05-29,100-846,서울특별시 중구 을지로*가 ***-* 을지빌딩별관 ***호,CDFG1251002000000098,3010000,,,,03,폐업,,,,22677302,0,0
,회원맞춤여행클럽고니,2010-02-10,198043.635511275,450686.849956646,출판인쇄업,출판사,2026-05-03 22:47:51,I,03,폐업,,,,2010-02-10 15:04:39,,2004-03-11,100-952,서울특별시 중구 회현동*가 ***-** 인송빌딩**층,CDFG1251002004000054,3010000,,,,03,폐업,,,,1588-6555,,
,바울서원,2020-06-30,199064.746569701,451155.251086533,출판인쇄업,출판사,2026-05-03 22:47:51,I,03,폐업,,,,2020-06-30 16:33:11,,2004-03-19,100-861,서울특별시 중구 충무로*가 **-* 영광빌딩*층,CDFG1251002004000057,3010000,,"서울특별시 중구 수표로 **-*  (충무로*가,영광빌딩*층)",,03,폐업,,,,22777747,,
,삼성엘리트(주),2006-01-02,179585.866642594,459868.678367944,출판인쇄업,출판사,2026-05-03 22:47:51,I,03,폐업,,,,2007-01-02 10:58:07,,2004-03-19,410-834,경기도 고양시 일산동구 장항동 ***-*,CDFG1251002004000058,3010000,,경기도 고양시 일산동구 장대길 **-**  (장항동),,03,폐업,,,,22776111,,
,내츄럴,2005-12-09,199300.673801853,451514.818463264,출판인쇄업,출판사,2026-05-03 22:47:51,I,03,폐업,,,,2005-12-09 13:50:48,,2004-03-22,100-847,서울특별시 중구 을지로*가 ***-** 동성빌딩 ***호,CDFG1251002004000060,3010000,,"서울특별시 중구 충무로 **  (을지로*가,동성빌딩 ***호)",,03,폐업,,,,,,
,(주)폴리브레인,2006-01-12,199249.740845859,450849.49398477,출판인쇄업,출판사,2026-05-03 22:47:51,I,03,폐업,,,,2006-01-12 20:23:50,,2004-03-25,100-250,서울특별시 중구 예장동 *-* *층일부,CDFG1251002004000064,3010000,,"서울특별시 중구 퇴계로**길 **  (예장동,*층일부)",,03,폐업,,,,22739940,,
,도서출판 을원사,2006-01-16,,,출판인쇄업,출판사,2026-05-03 22:47:51,I,03,폐업,,,,2006-01-16 19:52:22,,2004-04-03,100-845,서울특별시 중구 을지로*가 ***-* 삼진빌딩 ***호,CDFG1251002004000068,3010000,,,,03,폐업,,,,,,
,레인보우에이디,2005-01-20,200316.6812994,451357.883696434,출판인쇄업,출판사,2026-05-03 22:47:52,I,03,폐업,,,,2005-01-20 15:20:31,,2004-04-16,100-400,서울특별시 중구 쌍림동 **-*,CDFG1251002004000072,3010000,,서울특별시 중구 퇴계로**길 **-*  (쌍림동),,03,폐업,,,,22646580,,
,(주)서보미디어,2018-08-09,201134.003632131,450530.141572785,출판인쇄업,출판사,2026-05-03 22:47:52,I,03,폐업,,,,2018-08-10 21:39:46,,2004-04-20,,서울특별시 중구 신당동 ***-**,CDFG1251002004000077,3010000,,서울특별시 중구 다산로**길 ** (신당동),,03,폐업,,,,22537800,,
,도서출판 이환,2008-07-03,201153.100980668,450542.151840757,출판인쇄업,출판사,2026-05-03 22:47:52,I,03,폐업,,,,2008-07-03 11:44:52,,2004-04-26,100-826,서울특별시 중구 신당동 ***-*** *층,CDFG1251002004000081,3010000,,"서울특별시 중구 다산로**길 **  (신당동,*층)",,03,폐업,,,,,,
,삼성인터컴,2015-03-31,199184.182925682,451187.061632672,출판인쇄업,출판사,2026-05-03 22:47:52,I,03,폐업,,,,2015-03-31 15:27:50,,2004-05-03,100-013,서울특별시 중구 충무로*가 **-** *층,CDFG1251002004000085,3010000,,"서울특별시 중구 수표로*길 ** (충무로*가,*층)",,03,폐업,,,,22686065,,
,씨디앤에이,2005-01-06,199389.257171219,451326.825886905,출판인쇄업,출판사,2026-05-03 22:47:52,I,03,폐업,,,,2005-01-06 14:53:58,,2004-05-03,100-281,서울특별시 중구 인현동*가 **-* *층***호,CDFG1251002004000086,3010000,,"서울특별시 중구 마른내로 **-*  (인현동*가,*층***호)",,03,폐업,,,,,,
,역사와문학사,2007-05-10,,,출판인쇄업,출판사,2026-05-03 22:47:52,I,03,폐업,,,,2012-01-19 19:30:23,,2004-05-06,100-845,서울특별시 중구 을지로*가 ***-** 신하빌딩 ***호,CDFG1251002004000087,3010000,,,,03,폐업,,,,22784513,,
,예하프리플러스,2004-08-02,199597.820012911,450481.644152211,출판인쇄업,출판사,2026-05-03 22:47:52,I,03,폐업,,,,2004-08-03 15:54:14,,2004-05-19,100-273,서울특별시 중구 필동*가 **-** 삼경빌딩*층,CDFG1251002004000094,3010000,,"서울특별시 중구 필동로 **  (필동*가,삼경빌딩*층)",,03,폐업,,,,22781732,,
,부경출판사,2007-07-09,200798.474719197,450340.176926109,출판인쇄업,출판사,2026-05-03 22:47:52,I,03,폐업,,,,2007-07-09 17:13:09,,2004-05-19,100-828,서울특별시 중구 신당동 ***-* 지층,CDFG1251002004000095,3010000,,"서울특별시 중구 동호로 ***  (신당동,지층)",,03,폐업,,,,22311787,,
,(주)엔코글로벌,2012-04-05,200732.187356297,450038.888747528,출판인쇄업,출판사,2026-05-03 22:47:53,I,03,폐업,,,,2012-04-05 13:40:29,,2004-06-08,100-830,서울특별시 중구 신당동 ***-** 약수동교회*층,CDFG1251002004000108,3010000,,"서울특별시 중구 다산로 **  (신당동,약수동교회*층)",,03,폐업,,,,22300410,,
,도서출판 인컴,2017-03-27,199081.042757203,451484.294442495,출판인쇄업,출판사,2026-05-03 22:47:53,I,03,폐업,,,,2017-03-27 16:43:35,,2004-06-17,100-846,서울특별시 중구 을지로*가 ***-* 홍일빌딩*층,CDFG1251002004000115,3010000,,"서울특별시 중구 수표로 **-* (을지로*가,홍일빌딩*층)",,03,폐업,,,,22779451,,
,도서출판 비앤프로,2007-04-17,198137.354306134,451759.123871901,출판인쇄업,출판사,2026-05-03 22:47:53,I,03,폐업,,,,2007-04-17 11:14:33,,2004-07-08,100-170,서울특별시 중구 무교동 ** 광일빌딩 ****호,CDFG1251002004000126,3010000,,"서울특별시 중구 다동길 *  (무교동,광일빌딩 ****호)",,03,폐업,,,,,,
,옹기장이,2006-04-20,199170.677028258,451519.369414946,출판인쇄업,출판사,2026-05-03 22:47:53,I,03,폐업,,,,2006-04-20 14:49:54,,2004-07-12,100-846,서울특별시 중구 을지로*가 ***-** 동화빌딩***호,CDFG1251002004000129,3010000,,"서울특별시 중구 을지로**길 *  (을지로*가,동화빌딩***호)",,03,폐업,,,,,,
,족보사,2013-01-29,199426.579253872,451468.997428407,출판인쇄업,출판사,2026-05-03 22:47:54,I,03,폐업,,,,2013-01-29 10:48:38,,2004-07-12,100-281,서울특별시 중구 인현동*가 ** 동심빌딩*-*호,CDFG1251002004000130,3010000,,"서울특별시 중구 을지로**길 **-*  (인현동*가,동심빌딩*-*호)",,03,폐업,,,,22742821,,
,도서출판 새찬사,2004-08-03,198031.189119468,451135.944148655,출판인쇄업,출판사,2026-05-03 22:47:54,I,03,폐업,,,,2004-08-03 15:54:58,,2004-07-14,100-080,서울특별시 중구 북창동 ** 도서빌딩 구***호,CDFG1251002004000131,3010000,,"서울특별시 중구 세종대로**길 **-*  (북창동,도서빌딩 구***호)",,03,폐업,,,,,,
,삼보문고,2005-05-23,199669.630600665,451201.89838731,출판인쇄업,출판사,2026-05-03 22:47:54,I,03,폐업,,,,2005-05-23 14:43:49,,2004-07-16,100-290,서울특별시 중구 예관동 *** *층,CDFG1251002004000132,3010000,,"서울특별시 중구 마른내로**길 **  (예관동,*층)",,03,폐업,,,,22676070,,
,청운 교역,2007-07-04,201320.289041965,451036.942483482,출판인쇄업,출판사,2026-05-03 22:47:54,I,03,폐업,,,,2007-08-17 13:15:56,,2004-07-26,100-824,서울특별시 중구 신당동 ***-** 청운빌딩 *층,CDFG1251002004000136,3010000,,"서울특별시 중구 청구로*길 **  (신당동,청운빌딩 *층)",,03,폐업,,,,22360802,,
,예수컴,2011-05-12,199235.411961971,450895.946965004,출판인쇄업,출판사,2026-05-03 22:47:54,I,03,폐업,,,,2011-05-13 09:42:04,,2004-07-30,100-866,서울특별시 중구 필동*가 **-** (*층 전부),CDFG1251002004000138,3010000,,"서울특별시 중구 퇴계로**길 **-*  (필동*가,(*층 전부))",,03,폐업,,,,22647850,,
,도서출판씨에스디(CSD),2011-08-08,200095.261182808,451680.793663218,출판인쇄업,출판사,2026-05-03 22:48:31,I,03,폐업,,,,2011-08-08 17:11:28,,2009-10-28,100-195,서울특별시 중구 을지로*가 **-** 계산빌딩 ***호,CDFG1251002010000060,3010000,,"서울특별시 중구 동호로 ***,  ***호 (을지로*가,계산빌딩)",,03,폐업,,,,02-2285-0579,,
,가톨릭문화기획,2020-05-06,199018.466688723,451463.482685622,출판인쇄업,출판사,2026-05-03 22:48:31,I,03,폐업,,,,2020-05-06 15:18:08,,2010-04-02,100-032,서울특별시 중구 저동*가 ** 비즈센터 ***호,CDFG1251002010000067,3010000,,"서울특별시 중구 수표로 **,  ***호 (저동*가,비즈센터)",,03,폐업,,,,02-2272-7202,,
,프린트랜드,2018-11-19,199601.188599843,450862.402540517,출판인쇄업,출판사,2026-05-03 22:48:31,I,03,폐업,,,,2018-11-19 11:11:35,,2010-04-12,100-272,서울특별시 중구 필동*가 ** 실로암빌딩 *층,CDFG1251002010000076,3010000,,"서울특별시 중구 필동로 ** (필동*가,실로암빌딩 *층)",,03,폐업,,,,,,
,도서출판멍석,2014-04-03,199125.822799564,451471.254692067,출판인쇄업,출판사,2026-05-03 22:48:31,I,03,폐업,,,,2014-04-03 13:38:13,,2010-04-13,100-193,서울특별시 중구 을지로*가 ***-*,CDFG1251002010000078,3010000,,,,03,폐업,,,,070-4122-7573,,
,(주)티와이에듀,2023-02-17,201039.337398323,450218.977052913,출판인쇄업,출판사,2026-05-03 22:48:31,I,03,폐업,,,,2023-02-17 16:32:31,,2010-04-13,,서울특별시 중구 신당동 ***-**,CDFG1251002010000080,3010000,,"서울특별시 중구 동호로**길 *-**, 블루빌빌딩 *층 (신당동)",04594,03,폐업,,,,02-1600-9679,,
,(주)보리디앤엠,2019-04-01,199559.471179434,450849.738287361,출판인쇄업,출판사,2026-05-03 22:48:31,I,03,폐업,,,,2019-04-01 16:37:33,,2010-04-15,,서울특별시 중구 필동*가 **-*,CDFG1251002010000081,3010000,,"서울특별시 중구 퇴계로**길 **, *층 (필동*가, 유창빌딩)",04626,03,폐업,,,,02-2272-1550,,
,대명디지털출판,2019-09-02,199358.286474474,451174.555848583,출판인쇄업,출판사,2026-05-03 22:48:31,I,03,폐업,,,,2019-09-02 13:35:50,,2010-04-15,100-014,서울특별시 중구 충무로*가 *-** *층,CDFG1251002010000082,3010000,,"서울특별시 중구 마른내로*길 ** (충무로*가,*층)",,03,폐업,,,,02-2274-0274,,
,CK기획,2020-08-05,199876.605969597,451389.942357661,출판인쇄업,출판사,2026-05-03 22:48:31,I,03,폐업,,,,2020-08-05 16:00:47,,2010-04-16,100-310,서울특별시 중구 오장동 **-** 태양빌딩 *층,CDFG1251002010000084,3010000,,"서울특별시 중구 을지로**길 **-**  (오장동,태양빌딩 *층)",,03,폐업,,,,02-2274-2242,,
,성광D&P,2016-07-26,199571.599470393,451124.851387624,출판인쇄업,출판사,2026-05-03 22:48:31,I,03,폐업,,,,2016-07-26 17:37:42,,2010-04-23,100-713,서울특별시 중구 충무로*가 ***-*,CDFG1251002010000088,3010000,,"서울특별시 중구 퇴계로 ***, *동 ***호 (충무로*가, 진양상가)",,03,폐업,,,,02-2265-8018,,
,신일출판인쇄,2011-05-04,199943.852805535,451199.175329123,출판인쇄업,출판사,2026-05-03 22:48:31,I,03,폐업,,,,2011-05-04 13:20:23,,2010-05-06,100-015,서울특별시 중구 충무로*가 **-**,CDFG1251002010000095,3010000,,서울특별시 중구 퇴계로**길 **  (충무로*가),,03,폐업,,,,02-2277-6480,,
,한화시스템(주),2022-08-22,198921.241301241,451495.985361171,출판인쇄업,출판사,2026-05-03 22:48:31,I,03,폐업,,,,2022-08-22 09:27:37,,2010-05-10,,서울특별시 중구 을지로*가 ***,CDFG1251002010000098,3010000,,"서울특별시 중구 을지로 ***, B동 **층 (을지로*가, 파인애비뉴)",04551,03,폐업,,,,02-6313-3069,,
,티티이출판사,2011-03-29,199055.551450467,451190.625636477,출판인쇄업,출판사,2026-05-03 22:48:31,I,03,폐업,,,,2011-03-29 16:16:07,,2010-05-20,100-032,서울특별시 중구 저동*가 **-* 대경빌딩 ***호,CDFG1251002010000105,3010000,,"서울특별시 중구 수표로 **,  ***호 (저동*가,대경빌딩)",,03,폐업,,,,02-2266-3455,,
,문화구창작동,2012-01-19,199016.982076626,450955.859967323,출판인쇄업,출판사,2026-05-03 22:48:31,I,03,폐업,,,,2012-01-19 19:28:00,,2010-05-31,100-240,서울특별시 중구 주자동 **-* 장현빌딩 ***호,CDFG1251002010000110,3010000,,"서울특별시 중구 퇴계로 ***-*  (주자동,장현빌딩 ***호)",,03,폐업,,,,02-2253-0222,,
,두보CMC,2014-08-06,200247.445072989,451352.512042888,출판인쇄업,출판사,2026-05-03 22:48:31,I,03,폐업,,,,2014-08-06 16:28:38,,2010-07-02,100-400,서울특별시 중구 쌍림동 ***-* 지층,CDFG1251002010000127,3010000,,"서울특별시 중구 마른내로 *** (쌍림동,지층)",,03,폐업,,,,02-3141-6217,,
,제이씽킹,2023-12-21,199389.257171219,451326.825886905,출판인쇄업,출판사,2026-05-03 22:48:31,I,03,폐업,,,,2023-12-21 14:01:45,,2010-07-14,100-281,서울특별시 중구 인현동*가 **-*,CDFG1251002010000134,3010000,,서울특별시 중구 마른내로 **-* (인현동*가),,03,폐업,,,,02-2267-6877,,
,한국생애개발연구원 (1인무점포),2011-01-10,200584.655934544,449973.864549787,출판인쇄업,출판사,2026-05-03 22:48:32,I,03,폐업,,,,2011-01-10 15:19:10,,2010-08-10,100-451,서울특별시 중구 신당동 ***-**,CDFG1251002010000153,3010000,,서울특별시 중구 동호로**다길 **  (신당동),,03,폐업,,,,02-2235-7110,,
,씽크로,2011-03-30,201273.694367641,451207.31987784,출판인쇄업,출판사,2026-05-03 22:48:32,I,03,폐업,,,,2011-03-30 16:17:28,,2010-08-10,100-451,서울특별시 중구 신당동 ***-** 신당빌딩 *층 ***호,CDFG1251002010000154,3010000,,"서울특별시 중구 다산로 ***  (신당동,신당빌딩 *층 ***호)",,03,폐업,,,,070-7788-2277,,
,도서출판우양,2018-06-20,199042.793072668,451016.465652051,출판인쇄업,출판사,2026-05-03 22:48:32,I,03,폐업,,,,2018-06-20 17:18:41,,2010-09-07,100-012,서울특별시 중구 충무로*가 **-** 허주회관 ***호,CDFG1251002010000168,3010000,,"서울특별시 중구 퇴계로 ***, ***호 (충무로*가,허주회관)",,03,폐업,,,,02-2276-0825,,
,동서문화사,2018-12-18,199423.324950482,451238.608556371,출판인쇄업,출판사,2026-05-03 22:48:32,I,03,폐업,,,,2018-12-18 12:56:10,,2010-09-09,,서울특별시 중구 인현동*가 ***-*,CDFG1251002010000169,3010000,,서울특별시 중구 마른내로*가길 **-* (인현동*가),04556,03,폐업,,,,02-2277-4353,,
,혜전문화사,2016-04-28,199353.409062771,451394.349814085,출판인쇄업,출판사,2026-05-03 22:48:32,I,03,폐업,,,,2016-04-28 15:42:02,,2010-09-09,100-281,서울특별시 중구 인현동*가 ***-* 조광빌딩 ***호,CDFG1251002010000170,3010000,,"서울특별시 중구 을지로**길 ** (인현동*가,조광빌딩 ***호)",,03,폐업,,,,02-2274-0374,,
,올리브컴,2012-09-21,199267.488373997,451014.120821014,출판인쇄업,출판사,2026-05-03 22:48:32,I,03,폐업,,,,2012-09-21 15:46:08,,2010-09-14,100-271,서울특별시 중구 필동*가 **-* 국제빌딩 ***호,CDFG1251002010000173,3010000,,"서울특별시 중구 퇴계로 ***,  ***호 (필동*가,국제빌딩)",,03,폐업,,,,02-2265-2539,,
,니힐앤죠퍼블리싱컴퍼니(1인무점포),2012-01-16,199571.599470393,451124.851387624,출판인쇄업,출판사,2026-05-03 22:48:32,I,03,폐업,,,,2012-01-16 17:22:46,,2010-09-30,100-014,서울특별시 중구 충무로*가 ***-* 진양상가(아) *동 ***호,CDFG1251002010000180,3010000,,"서울특별시 중구 퇴계로 ***, *동 ***호 (충무로*가,진양상가(아))",,03,폐업,,,,02-2273-1085,,
,휴먼러브클럽,2024-06-21,200750.455125653,449638.824308081,출판인쇄업,출판사,2026-05-03 22:49:21,I,03,폐업,,,,2024-06-21 16:19:10,,2023-05-08,,서울특별시 중구 신당동 *** 남산타운 **동 ****호,CDFG1251002023000063,3010000,,"서울특별시 중구 다산로 **, **동 ****호 (신당동, 남산타운)",04595,03,폐업,,,,,,
,범프헤드(Bumphead),2024-04-12,199841.475723417,451234.320724816,출판인쇄업,출판사,2026-05-03 22:49:21,I,03,폐업,,,,2024-04-12 13:36:40,,2023-06-08,,서울특별시 중구 예관동 **-** 중일빌딩 *층 ***호,CDFG1251002023000069,3010000,,"서울특별시 중구 퇴계로**길 **, 중일빌딩 *층 ***호 (예관동)",04559,03,폐업,,,,,,
,라이프 진,2024-12-31,,,출판인쇄업,출판사,2026-05-03 22:49:22,I,03,폐업,,,,2025-01-23 15:48:08,,2023-07-24,,서울특별시 중구 입정동 *** 힐스테이트세운센트럴 *단지 ****호,CDFG1251002023000089,3010000,,"서울특별시 중구 을지로**길 **, 힐스테이트세운센트럴 *단지 ****호 (입정동)",04544,03,폐업,,,,,,
,주식회사 실버스타랩,2025-05-23,198070.62243258,451396.405352137,출판인쇄업,출판사,2026-05-03 22:49:22,I,03,폐업,,15.84,,2025-05-30 11:37:54,,2022-07-14,,서울특별시 중구 소공동 **-* 서울센타빌딩,CDFG1251002023000092,3010000,,"서울특별시 중구 소공로 ***, 서울센타빌딩 *층 ***호 (소공동)",04533,03,폐업,,,,,,
,(주)블랭크체크,2025-04-21,198401.701305913,451374.312212737,출판인쇄업,출판사,2026-05-03 22:49:22,I,03,폐업,,,,2025-04-22 13:24:40,,2023-11-30,,서울특별시 중구 남대문로*가 *-*,CDFG1251002023000133,3010000,,"서울특별시 중구 남대문로 **, *층 (남대문로*가)",04534,03,폐업,,,,,,
,임팩(IMPAC),2024-03-05,199262.977439861,450882.574677759,출판인쇄업,출판사,2026-05-03 22:49:22,I,03,폐업,,,,2024-03-05 15:09:14,,2020-12-21,,서울특별시 중구 필동*가 ** 무석빌딩,CDFG1251002023000144,3010000,,"서울특별시 중구 퇴계로**길 **-*, 무석빌딩 ***호 (필동*가)",04627,03,폐업,,,,02-6409-6877,,
,출판도서 혜원,2025-06-11,199499.627135531,451471.318901658,출판인쇄업,출판사,2026-05-03 22:49:22,I,03,폐업,,,,2025-06-12 17:51:39,,2024-01-02,,서울특별시 중구 인현동*가 **-*,CDFG1251002024000001,3010000,,"서울특별시 중구 을지로**길 **-*, *층 ***호 (인현동*가)",04549,03,폐업,,,,02-2269-8321,,
,NIBC,2025-10-13,201937.814426024,451038.095327564,출판인쇄업,출판사,2026-05-03 22:49:23,I,03,폐업,,,,2025-10-16 09:20:40,,2024-08-21,,서울특별시 중구 신당동 *** 래미안신당하이베르아파트,CDFG1251002024000084,3010000,,"서울특별시 중구 퇴계로**길 **, ***동 ****호 (신당동, 래미안신당하이베르아파트)",04582,03,폐업,,,,,,
,법무법인(유한) 지평,2024-12-31,197666.569166046,450622.931217442,출판인쇄업,출판사,2026-05-03 22:49:23,I,03,폐업,,,,2025-01-24 16:09:47,,2024-11-01,,서울특별시 중구 남대문로*가 *** 그랜드센트럴(GRAND CENTRAL),CDFG1251002024000118,3010000,,서울특별시 중구 세종대로 ** (남대문로*가),04527,03,폐업,,,,02-6200-1600,,
,국가고시교육원,2001-04-23,200394.851756721,451398.897492225,출판인쇄업,출판사,2026-05-03 22:46:49,I,03,폐업,,0,0,2003-05-06 11:23:16,,2000-05-31,100-411,서울특별시 중구 광희동*가 **-* 금호트윈오피스텔*-***,CDFG1251002000000099,3010000,,"서울특별시 중구 마른내로 ***  (광희동*가,금호트윈오피스텔*-***)",,03,폐업,,,,22631144,0,0
,한국역학연구원,2000-11-01,197769.10049981,451242.910011755,출판인쇄업,출판사,2026-05-03 22:46:49,I,03,폐업,,0,0,2003-05-06 11:23:16,,2000-06-05,100-814,서울특별시 중구 서소문동 **-* 대양빌딩***호,CDFG1251002000000101,3010000,,"서울특별시 중구 서소문로 ***  (서소문동,대양빌딩***호)",,03,폐업,,,,,0,0
,제이디시,2002-04-02,199186.971559131,450840.2405318,출판인쇄업,출판사,2026-05-03 22:46:49,I,03,폐업,,0,0,2003-05-06 11:23:16,,2000-06-09,100-250,서울특별시 중구 예장동 *-* 삼익벤처빌 지하***,CDFG1251002000000103,3010000,,"서울특별시 중구 퇴계로**길 **  (예장동,삼익벤처빌 지하***)",,03,폐업,,,,22692293,0,0
,도서출판한아름,2015-01-16,199447.832382888,451091.867376943,출판인쇄업,출판사,2026-05-03 22:46:49,I,03,폐업,,0,0,2015-01-16 10:17:43,,2000-06-12,100-862,서울특별시 중구 충무로*가 ***-** *층,CDFG1251002000000104,3010000,,"서울특별시 중구 퇴계로**길 **-** (충무로*가,*층)",,03,폐업,,,,22633048,0,0
,주-투어터치,2004-04-26,197346.664858178,451164.44975357,출판인쇄업,출판사,2026-05-03 22:46:51,I,03,폐업,,,,2004-04-26 14:33:03,,2000-06-28,100-731,서울특별시 중구 순화동 *-* 순화빌딩***호,CDFG1251002000000114,3010000,,"서울특별시 중구 서소문로 **  (순화동,순화빌딩***호)",,03,폐업,,,,,,
,세손기획,2004-01-12,,,출판인쇄업,출판사,2026-05-03 22:46:53,I,03,폐업,,,,2004-03-24 18:17:53,,2000-07-05,100-846,서울특별시 중구 을지로*가 ***-* ***-**,CDFG1251002000000119,3010000,,,,03,폐업,,,,22721447,,
,책 과 마음,2004-08-13,199559.81287492,451275.242508566,출판인쇄업,출판사,2026-05-03 22:46:53,I,03,폐업,,,,2004-08-16 14:40:44,,2000-07-11,100-282,서울특별시 중구 인현동*가 ***-** 신성상가 ***호,CDFG1251002000000120,3010000,,"서울특별시 중구 마른내로 **  (인현동*가,신성상가 ***호)",,03,폐업,,,,22770762,,
,도서출판 세창,2000-10-23,201159.507123918,451391.220187921,출판인쇄업,출판사,2026-05-03 22:46:53,I,03,폐업,,0,0,2003-05-06 11:23:16,,2000-07-13,100-823,서울특별시 중구 신당동 ***-* 태화빌딩***호,CDFG1251002000000122,3010000,,"서울특별시 중구 퇴계로 ***  (신당동,태화빌딩***호)",,03,폐업,,,,22347974,0,0
,아이디어파크,2004-01-12,,,출판인쇄업,출판사,2026-05-03 22:46:53,I,03,폐업,,,,2004-03-24 18:22:21,,2000-07-13,100-300,서울특별시 중구 초동 **-*,CDFG1251002000000123,3010000,,,,03,폐업,,,,22722667,,
,나무,2002-12-29,199592.627728451,450577.844016542,출판인쇄업,출판사,2026-05-03 22:46:53,I,03,폐업,,0,0,2003-05-06 11:23:16,,2000-07-13,100-273,서울특별시 중구 필동*가 **-* 조양빌딩***호,CDFG1251002000000125,3010000,,"서울특별시 중구 필동로 **  (필동*가,조양빌딩***호)",,03,폐업,,,,22782377,0,0
,위드.COM,2018-05-03,199393.748061831,451020.317219361,출판인쇄업,출판사,2026-05-03 22:46:53,I,03,폐업,,0,0,2018-05-03 17:19:42,,2000-07-19,,서울특별시 중구 필동*가 ** 충무빌딩,CDFG1251002000000126,3010000,,"서울특별시 중구 퇴계로 ***, 충무빌딩 ***호 (필동*가)",04557,03,폐업,,,,22634366,0,0
,유진문화,2019-07-12,199115.162515675,451501.106828934,출판인쇄업,출판사,2026-05-03 22:46:54,I,03,폐업,,0,0,2019-07-12 14:25:36,,2000-07-25,100-846,서울특별시 중구 을지로*가 ***-* 상지빌딩***호,CDFG1251002000000134,3010000,,"서울특별시 중구 을지로 ***-** (을지로*가,상지빌딩***호)",,03,폐업,,,,22774132,0,0
,이룸출판사,2001-11-28,199379.143195882,451444.955692254,출판인쇄업,출판사,2026-05-03 22:46:55,I,03,폐업,,0,0,2003-05-06 11:23:16,,2000-08-12,100-300,서울특별시 중구 초동 **-* 태극빌딩***호,CDFG1251002000000143,3010000,,"서울특별시 중구 을지로**길 **  (초동,태극빌딩***호)",,03,폐업,,,,22789470,0,0
,도서출판WEB21,2002-05-30,197964.095481472,451694.035675644,출판인쇄업,출판사,2026-05-03 22:46:55,I,03,폐업,,0,0,2003-05-06 11:23:16,,2000-08-19,100-101,서울특별시 중구 태평로*가 **-*,CDFG1251002000000145,3010000,,서울특별시 중구 세종대로 ***  (태평로*가),,03,폐업,,,,20010235,0,0
,(주)엘프미디어,2005-01-28,199810.591813598,451300.59780961,출판인쇄업,출판사,2026-05-03 22:46:55,I,03,폐업,,,,2005-01-28 13:41:31,,2000-08-22,100-290,서울특별시 중구 예관동 **-** 시사빌딩 ***호,CDFG1251002000000148,3010000,,"서울특별시 중구 창경궁로 **-*  (예관동,시사빌딩 ***호)",,03,폐업,,,,22646900,,
,맑음,2001-07-25,199571.599470393,451124.851387624,출판인쇄업,출판사,2026-05-03 22:46:56,I,03,폐업,,0,0,2003-05-06 11:23:16,,2000-08-31,100-863,서울특별시 중구 충무로*가 ***-* 진양빌딩*층 다호,CDFG1251002000000150,3010000,,"서울특별시 중구 퇴계로 ***  (충무로*가,진양빌딩*층 다호)",,03,폐업,,,,22770780,0,0
,삼연통상,2001-08-13,201508.726469982,451210.070892418,출판인쇄업,출판사,2026-05-03 22:46:56,I,03,폐업,,0,0,2003-05-06 11:23:16,,2000-09-02,100-450,서울특별시 중구 신당동 **-*** 한수빌딩 ***호,CDFG1251002000000153,3010000,,"서울특별시 중구 퇴계로**길 **-*  (신당동,한수빌딩 ***호)",,03,폐업,,,,22374620,0,0
,대성기획정보컨설팅,2005-05-23,199570.94218383,451509.160416598,출판인쇄업,출판사,2026-05-03 22:46:57,I,03,폐업,,,,2005-05-23 09:52:26,,2000-09-08,100-849,서울특별시 중구 을지로*가 ***-* 광덕빌딩*층***호,CDFG1251002000000159,3010000,,"서울특별시 중구 을지로**길 **  (을지로*가,광덕빌딩*층***호)",,03,폐업,,,,22697787,,
,VISION COM-EDIT,2001-08-20,199358.34804369,451371.595692328,출판인쇄업,출판사,2026-05-03 22:46:57,I,03,폐업,,0,0,2003-05-06 11:23:16,,2000-09-18,100-281,서울특별시 중구 인현동*가 ***-* 근화빌딩***호,CDFG1251002000000160,3010000,,"서울특별시 중구 을지로**길 **  (인현동*가,근화빌딩***호)",,03,폐업,,,,22711358,0,0
,도서출판책수레,2012-07-26,199243.719707907,451518.197727854,출판인쇄업,출판사,2026-05-03 22:46:57,I,03,폐업,,0,0,2012-07-26 15:46:10,,2000-09-22,100-846,서울특별시 중구 을지로*가 ***-* 성진빌딩 ***호,CDFG1251002000000166,3010000,,,,03,폐업,,,,22639399,0,0
,도서출판 한린,2004-12-28,199575.840998088,450848.039243807,출판인쇄업,출판사,2026-05-03 22:46:57,I,03,폐업,,,,2004-12-28 10:37:39,,2000-09-23,100-272,서울특별시 중구 필동*가 **-* 일신빌딩 지하*호,CDFG1251002000000167,3010000,,"서울특별시 중구 필동로 **  (필동*가,일신빌딩 지하*호)",,03,폐업,,,,34521218,,
,한국심리자문연구소,2014-07-18,200130.485133167,451009.185523959,출판인쇄업,출판사,2026-05-03 22:46:58,I,03,폐업,,0,0,2014-07-18 14:53:34,,2000-09-27,100-380,서울특별시 중구 묵정동 **-* 신현빌딩 *층,CDFG1251002000000169,3010000,,"서울특별시 중구 퇴계로**가길 ** (묵정동,신현빌딩 *층)",,03,폐업,,,,,0,0
,도서출판 의전,2003-04-26,,,출판인쇄업,출판사,2026-05-03 22:46:58,I,03,폐업,,0,0,2003-05-06 11:23:16,,2000-09-30,100-210,서울특별시 중구 수하동 **-* 환성빌딩***호,CDFG1251002000000171,3010000,,,,03,폐업,,,,,0,0
,도서출판 월간사진출판사,2011-05-02,198126.501924718,451827.973207366,출판인쇄업,출판사,2026-05-03 22:47:54,I,03,폐업,,,,2011-05-02 13:15:10,,2004-08-16,100-170,서울특별시 중구 무교동 * 효경빌딩**층,CDFG1251002004000142,3010000,,"서울특별시 중구 무교로 **  (무교동,효경빌딩**층)",,03,폐업,,,,02-774-7200,,
,아이앤지출판사,2006-04-05,199873.049613635,451165.135155055,출판인쇄업,출판사,2026-05-03 22:47:54,I,03,폐업,,,,2006-04-05 13:47:35,,2004-08-18,100-015,서울특별시 중구 충무로*가 **-** 대창빌딩*층,CDFG1251002004000143,3010000,,"서울특별시 중구 퇴계로**길 *  (충무로*가,대창빌딩*층)",,03,폐업,,,,22759231,,
,에이앤디,2013-12-30,197434.046487463,451174.870094459,출판인쇄업,출판사,2026-05-03 22:47:54,I,03,폐업,,,,2013-12-30 16:58:33,,2004-08-26,100-814,서울특별시 중구 서소문동 **-** 정안빌딩*층*호,CDFG1251002004000149,3010000,,"서울특별시 중구 서소문로 ** (서소문동,정안빌딩*층*호)",,03,폐업,,,,34511351,,
,국회총람편찬위원회,2005-05-30,199676.030283312,450852.14351829,출판인쇄업,출판사,2026-05-03 22:47:54,I,03,폐업,,,,2005-05-30 16:32:14,,2004-09-02,100-273,서울특별시 중구 필동*가 **-* 캐피탈빌딩 ***호,CDFG1251002004000155,3010000,,"서울특별시 중구 서애로 **  (필동*가,캐피탈빌딩 ***호)",,03,폐업,,,,22792049,,
,반디컴,2023-04-20,199600.076469505,450885.525487678,출판인쇄업,출판사,2026-05-03 22:47:54,I,03,폐업,,,,2023-04-20 17:50:31,,2004-09-08,,서울특별시 중구 필동*가 **-* 탑필 빌딩,CDFG1251002004000158,3010000,,"서울특별시 중구 필동로 **, 탑필 빌딩 *층 (필동*가)",04624,03,폐업,,,,,,
,광명종합인쇄사,2009-10-20,199135.424564574,451303.872753152,출판인쇄업,출판사,2026-05-03 22:47:54,I,03,폐업,,,,2009-10-20 10:42:42,,2004-09-08,100-032,서울특별시 중구 저동*가 **-** *층,CDFG1251002004000160,3010000,,"서울특별시 중구 수표로**길 **  (저동*가,*층)",,03,폐업,,,,02-2266-7112,,
,도서출판영산,2013-02-06,200075.824410168,451279.142911865,출판인쇄업,출판사,2026-05-03 22:47:54,I,03,폐업,,,,2013-02-06 11:04:17,,2004-09-13,100-015,서울특별시 중구 충무로*가 **-* (*층),CDFG1251002004000161,3010000,,"서울특별시 중구 퇴계로**길 **  (충무로*가,(*층))",,03,폐업,,,,22791260,,
,영태출판사,2023-06-08,199633.934569301,451265.433421283,출판인쇄업,출판사,2026-05-03 22:47:54,I,03,폐업,,,,2023-07-12 14:37:53,,2004-09-18,100-282,서울특별시 중구 인현동*가 ***-* 세운빌딩*층***호,CDFG1251002004000163,3010000,,"서울특별시 중구 마른내로*길 **  (인현동*가,세운빌딩*층***호)",,03,폐업,,,,22732979,,
,신영문화사,2021-12-31,199291.708889971,451262.329837663,출판인쇄업,출판사,2026-05-03 22:47:54,I,03,폐업,,,,2021-12-31 16:01:54,,2004-09-18,100-300,서울특별시 중구 초동 **-*,CDFG1251002004000164,3010000,,,,03,폐업,,,,02-2277-0260,,
,서울일러스트,2007-02-02,,,출판인쇄업,출판사,2026-05-03 22:47:55,I,03,폐업,,,,2007-02-02 16:36:11,,2004-10-18,100-863,서울특별시 중구 충무로*가 **-* 일우빌딩 *층,CDFG1251002004000170,3010000,,,,03,폐업,,,,,,
,도서출판 지엠,2008-09-29,200721.553140234,450429.736770424,출판인쇄업,출판사,2026-05-03 22:47:55,I,03,폐업,,,,2008-09-29 10:40:59,,2004-10-25,100-828,서울특별시 중구 신당동 ***-* 금성빌딩 ***호,CDFG1251002004000172,3010000,,,,03,폐업,,,,22356066,,
,(주)기림미디어,2005-03-21,197118.982921493,450533.253226771,출판인쇄업,출판사,2026-05-03 22:47:55,I,03,폐업,,,,2005-03-21 13:18:53,,2004-10-29,100-808,서울특별시 중구 만리동*가 **-* 동일빌딩 ***호,CDFG1251002004000175,3010000,,"서울특별시 중구 중림로 **-*  (만리동*가,동일빌딩 ***호)",,03,폐업,,,,,,
,대향이중섭기념사업회->이중섭.박수근기념 미발표작전시위원회,2020-04-20,201827.334118537,451956.230791489,출판인쇄업,출판사,2026-05-03 22:47:55,I,03,폐업,,,,2020-04-20 15:14:32,,2004-11-10,100-871,서울특별시 중구 황학동 **** 지하*층,CDFG1251002004000179,3010000,,"서울특별시 중구 난계로**길 **-**  (황학동,지하*층)",,03,폐업,,,,22319189,,
,자원봉사자세계재단,2006-12-27,198827.727238114,451005.205964888,출판인쇄업,출판사,2026-05-03 22:47:55,I,03,폐업,,,,2006-12-27 11:17:13,,2004-11-12,100-861,서울특별시 중구 충무로*가 **-* 세룡빌딩***호,CDFG1251002004000181,3010000,,"서울특별시 중구 퇴계로 ***  (충무로*가,세룡빌딩***호)",,03,폐업,,,,,,
,영진문화기획,2007-06-08,198933.368225877,451641.143432307,출판인쇄업,출판사,2026-05-03 22:47:55,I,03,폐업,,,,2007-06-08 15:26:49,,2004-11-20,100-230,서울특별시 중구 수표동 **-** 금속빌딩 ***호,CDFG1251002004000186,3010000,,"서울특별시 중구 을지로*길 **  (수표동,금속빌딩 ***호)",,03,폐업,,,,22688517,,
,도서출판 사이버스컴,2010-12-09,199603.856463953,451350.499922133,출판인쇄업,출판사,2026-05-03 22:47:55,I,03,폐업,,,,2010-12-09 14:51:24,,2004-11-24,100-282,서울특별시 중구 인현동*가 ***-* 충인빌딩 ***호,CDFG1251002004000188,3010000,,"서울특별시 중구 마른내로 **  (인현동*가,충인빌딩 ***호)",,03,폐업,,,,22720558,,
,(주)지티유,2011-06-02,199297.876590178,451025.516575091,출판인쇄업,출판사,2026-05-03 22:47:55,I,03,폐업,,,,2011-06-02 13:07:34,,2004-12-09,100-271,서울특별시 중구 필동*가 **-* 동화빌딩 ***호,CDFG1251002004000196,3010000,,"서울특별시 중구 퇴계로 ***,  ***호 (필동*가,동화빌딩)",,03,폐업,,,,02-2278-8822,,
,국제문화인쇄사,2015-01-22,199251.140284029,450825.088401229,출판인쇄업,출판사,2026-05-03 22:47:55,I,03,폐업,,,,2015-01-22 13:55:52,,2004-12-20,100-250,서울특별시 중구 예장동 *-** *층,CDFG1251002004000205,3010000,,"서울특별시 중구 퇴계로**길 **-* (예장동,*층)",,03,폐업,,,,22748500,,
,도서출판 이레미디어,2022-12-30,199554.646544735,451336.428273658,출판인쇄업,출판사,2026-05-03 22:47:55,I,03,폐업,,,,2023-03-24 15:41:13,,2004-12-20,,서울특별시 중구 인현동*가 ***-** 인현지하쇼핑센터 ***호,CDFG1251002004000206,3010000,,"서울특별시 중구 마른내로 지하 **, 인현지하쇼핑센터 ***호 (인현동*가)",04548,03,폐업,,,,22742485,,
,피데,2012-03-28,,,출판인쇄업,출판사,2026-05-03 22:47:55,I,03,폐업,,,,2012-03-28 15:14:42,,2004-12-23,100-250,서울특별시 중구 예장동 **-** *층,CDFG1251002004000207,3010000,,,,03,폐업,,,,22742350,,
,셀타출판사,2010-02-25,200243.575264841,451678.907720732,출판인쇄업,출판사,2026-05-03 22:47:55,I,03,폐업,,,,2010-02-25 17:58:07,,2004-12-23,100-195,서울특별시 중구 을지로*가 **-* 훈련원 공원 지하*층 ***호,CDFG1251002004000208,3010000,,,,03,폐업,,,,22634265,,
,새삶신문,2005-08-19,199039.325257607,450952.020564408,출판인쇄업,출판사,2026-05-03 22:47:55,I,03,폐업,,,,2005-08-19 11:35:36,,2004-12-23,100-240,서울특별시 중구 주자동 **-* 내외빌딩 ***호,CDFG1251002004000209,3010000,,"서울특별시 중구 퇴계로 ***-*  (주자동,내외빌딩 ***호)",,03,폐업,,,,22649347,,
,유로피움퍼블리싱,2006-07-13,200750.455125653,449638.824308081,출판인쇄업,출판사,2026-05-03 22:47:55,I,03,폐업,,,,2006-07-13 15:06:18,,2004-12-07,100-754,서울특별시 중구 신당동 *** 남산타운 **동 ****호,CDFG1251002004000213,3010000,,"서울특별시 중구 다산로 **, **동 ****호 (신당동,남산타운)",,03,폐업,,,,22567976,,
,두번째책방,2021-04-06,199462.324649708,451491.153643945,출판인쇄업,출판사,2026-05-03 22:48:32,I,03,폐업,,,,2021-04-06 17:15:50,,2010-10-01,100-281,서울특별시 중구 인현동*가 **-*,CDFG1251002010000181,3010000,,서울특별시 중구 을지로**길 **  (인현동*가),,03,폐업,,,,02-2274-6629,,
,오성프린테크,2012-04-03,199553.085438002,450962.416861247,출판인쇄업,출판사,2026-05-03 22:48:32,I,03,폐업,,,,2012-04-03 17:08:42,,2009-01-06,100-272,서울특별시 중구 필동*가 **-*,CDFG1251002010000183,3010000,,서울특별시 중구 퇴계로 ***-**  (필동*가),,03,폐업,,,,,,
,예조원,2024-12-31,199218.335245263,450941.216034041,출판인쇄업,출판사,2026-05-03 22:48:32,I,03,폐업,,,,2025-01-20 17:25:40,,2009-10-15,100-271,서울특별시 중구 필동*가 **-*,CDFG1251002010000184,3010000,,서울특별시 중구 퇴계로 ***-*  (필동*가),,03,폐업,,,,02-2272-7272,,
,화옥(禾沃),2016-02-26,200750.455125653,449638.824308081,출판인쇄업,출판사,2026-05-03 22:48:32,I,03,폐업,,,,2016-02-26 15:05:55,,2010-10-04,100-453,서울특별시 중구 신당동 *** 남산타운아파트 **동 ***호,CDFG1251002010000185,3010000,,"서울특별시 중구 다산로 **, **동 ***호 (신당동,남산타운아파트)",,03,폐업,,,,,,
,도서출판큰자람,2015-08-21,199282.256841704,451198.82621051,출판인쇄업,출판사,2026-05-03 22:48:32,I,03,폐업,,,,2015-08-21 13:48:26,,2010-10-04,100-013,서울특별시 중구 충무로*가 **-** 국제빌딩 *층,CDFG1251002010000186,3010000,,"서울특별시 중구 충무로 **-* (충무로*가,국제빌딩 *층)",,03,폐업,,,,02-2266-4241,,
,대영문화사,2012-01-30,199524.099510798,451258.896710836,출판인쇄업,출판사,2026-05-03 22:48:32,I,03,폐업,,,,2012-01-30 18:07:44,,2010-10-08,100-282,서울특별시 중구 인현동*가 ***-** 정암프라자 ***호,CDFG1251002010000189,3010000,,"서울특별시 중구 퇴계로**길 **,  ***호 (인현동*가,정암프라자)",,03,폐업,,,,02-2263-7002,,
,도서출판흑백,2020-10-26,199603.856463953,451350.499922133,출판인쇄업,출판사,2026-05-03 22:48:32,I,03,폐업,,,,2020-10-26 15:23:08,,2010-10-13,100-282,서울특별시 중구 인현동*가 ***-*,CDFG1251002010000193,3010000,,서울특별시 중구 마른내로 **  (인현동*가),,03,폐업,,,,,,
,아이숲출판사,2012-09-06,199213.870668625,451164.985054559,출판인쇄업,출판사,2026-05-03 22:48:32,I,03,폐업,,,,2012-09-06 16:42:28,,2010-10-13,100-013,서울특별시 중구 충무로*가 **-**,CDFG1251002010000194,3010000,,서울특별시 중구 수표로*길 **  (충무로*가),,03,폐업,,,,,,
,에디터조선,2015-04-07,197737.769132139,451736.379234358,출판인쇄업,출판사,2026-05-03 22:48:32,I,03,폐업,,,,2015-04-07 16:49:27,,2010-10-14,100-120,서울특별시 중구 정동 *-** 조선일보사 *층,CDFG1251002010000197,3010000,,"서울특별시 중구 세종대로**길 ** (정동,조선일보사 *층)",,03,폐업,,,,02-724-5471,,
,(주)메이스톤,2013-06-07,,,출판인쇄업,출판사,2026-05-03 22:48:32,I,03,폐업,,,,2013-06-07 10:29:19,,2010-10-21,100-120,서울특별시 중구 정동 **-* 동양빌딩 *층,CDFG1251002010000199,3010000,,,,03,폐업,,,,02-752-1063,,
,한국호텔관광디자인연구소(1인무점포),2021-04-20,201089.152080955,450862.581865406,출판인쇄업,출판사,2026-05-03 22:48:32,I,03,폐업,,,,2021-04-20 17:33:41,,2010-10-22,100-452,서울특별시 중구 신당동 ***-** ***호,CDFG1251002010000202,3010000,,"서울특별시 중구 청구로 **-**,  ***호 (신당동)",,03,폐업,,,,,,
,지식출판사,2023-01-30,198933.368225877,451641.143432307,출판인쇄업,출판사,2026-05-03 22:48:32,I,03,폐업,,,,2023-01-30 17:54:43,,2010-11-04,100-230,서울특별시 중구 수표동 **-** 금속빌딩 ***호,CDFG1251002010000209,3010000,,"서울특별시 중구 을지로*길 **,  ***호 (수표동,금속빌딩)",,03,폐업,,,,02-2264-3287,,
,예지커뮤니케이션,2019-01-23,199579.796273998,450383.336246276,출판인쇄업,출판사,2026-05-03 22:48:32,I,03,폐업,,,,2019-01-23 15:14:24,,2010-11-05,100-273,서울특별시 중구 필동*가 **-*,CDFG1251002010000211,3010000,,서울특별시 중구 필동로 **-* (필동*가),,03,폐업,,,,02-2263-5720,,
,을묘출판사,2013-08-30,199419.643695968,451319.55169995,출판인쇄업,출판사,2026-05-03 22:48:32,I,03,폐업,,,,2013-08-30 11:09:39,,2010-11-08,100-281,서울특별시 중구 인현동*가 **-** 스마일빌딩 ***호,CDFG1251002010000213,3010000,,"서울특별시 중구 마른내로 **,  ***호 (인현동*가,스마일빌딩)",,03,폐업,,,,,,
,영인인쇄,2012-07-06,199855.320902765,451374.926120261,출판인쇄업,출판사,2026-05-03 22:48:32,I,03,폐업,,,,2012-07-06 11:01:36,,2010-11-19,100-310,서울특별시 중구 오장동 **-** 경림빌딩 ***호,CDFG1251002010000225,3010000,,"서울특별시 중구 을지로**길 **  (오장동,경림빌딩 ***호)",,03,폐업,,,,02-2273-4800,,
,프레전트,2015-06-19,199253.373977887,451330.942871413,출판인쇄업,출판사,2026-05-03 22:48:32,I,03,폐업,,,,2015-06-19 16:40:52,,2006-07-19,100-300,서울특별시 중구 초동 **-* 성광빌딩 *층,CDFG1251002010000234,3010000,,"서울특별시 중구 마른내로 ** (초동,성광빌딩 *층)",,03,폐업,,,,02-479-3835,,
,나진매거진,2024-12-31,198147.05862925,451219.035063709,출판인쇄업,출판사,2026-05-03 22:48:32,I,03,폐업,,,,2025-02-04 11:09:00,,2008-11-05,100-070,서울특별시 중구 소공동 ***-** *층,CDFG1251002010000238,3010000,,,,03,폐업,,,,02-6084-6451,,
,삼영문화인쇄사,2018-03-28,199496.595099092,451515.838198323,출판인쇄업,출판사,2026-05-03 22:48:32,I,03,폐업,,,,2018-03-29 16:08:09,,2010-12-22,100-281,서울특별시 중구 인현동*가 **-*,CDFG1251002010000243,3010000,,서울특별시 중구 을지로**길 **-* (인현동*가),,03,폐업,,,,02-2271-2799,,
,진아,2016-08-10,200634.671252265,451179.334244111,출판인쇄업,출판사,2026-05-03 22:48:32,I,03,폐업,,0,,2016-08-10 14:46:06,,2009-04-14,100-412,서울특별시 중구 광희동*가 ***-** 청옥빌라트 ***호,CDFG1251002011000002,3010000,,"서울특별시 중구 장충단로*가길 **-*, ***호 (광희동*가,청옥빌라트)",,03,폐업,,,,02-706-0552,,
,정은출판,2025-06-24,200016.893678544,451343.068167585,출판인쇄업,출판사,2026-05-03 22:48:33,I,03,폐업,,,,2025-06-24 17:31:43,,2004-10-27,100-310,서울특별시 중구 오장동 ***-*,CDFG1251002011000008,3010000,,서울특별시 중구 마른내로 *** (오장동),,03,폐업,,,,02-2272-9280,,
,한국헤밍웨이,2015-10-27,198994.634641641,451642.776625769,출판인쇄업,출판사,2026-05-03 22:48:33,I,03,폐업,,,,2015-10-27 15:15:48,,2011-01-14,100-230,서울특별시 중구 수표동 **-*,CDFG1251002011000009,3010000,,서울특별시 중구 수표로 ** (수표동),,03,폐업,,,,,,
,정휘문화,2020-12-31,199651.062151472,451207.328393606,출판인쇄업,출판사,2026-05-03 22:48:33,I,03,폐업,,,,2020-12-31 16:09:30,,2011-01-17,100-282,서울특별시 중구 인현동*가 ***-*,CDFG1251002011000010,3010000,,서울특별시 중구 마른내로**길 **  (인현동*가),,03,폐업,,,,070-7524-5753,,
,한국가곡연구소,2016-10-11,200750.455125653,449638.824308081,출판인쇄업,출판사,2026-05-03 22:48:33,I,03,폐업,,,,2016-10-11 08:37:02,,2011-01-20,100-451,서울특별시 중구 신당동 *** 남산타운아파트 **동 ***호,CDFG1251002011000014,3010000,,"서울특별시 중구 다산로 **, **동 ***호 (신당동,남산타운아파트)",,03,폐업,,,,02-2237-5207,,
,도서출판 석실,2001-01-26,199663.989241815,450758.189337952,출판인쇄업,출판사,2026-05-03 22:46:58,I,03,폐업,,0,0,2003-05-06 11:23:16,,2000-10-05,100-273,서울특별시 중구 필동*가 **-* *층***호,CDFG1251002000000173,3010000,,"서울특별시 중구 서애로*길 **-**  (필동*가,*층***호)",,03,폐업,,,,,0,0
,도서출판 오거서,2007-07-23,199042.793072668,451016.465652051,출판인쇄업,출판사,2026-05-03 22:46:58,I,03,폐업,,,,2007-07-23 15:39:59,,2000-10-11,100-861,서울특별시 중구 충무로*가 **-** 고려빌딩***호,CDFG1251002000000177,3010000,,"서울특별시 중구 퇴계로 ***  (충무로*가,고려빌딩***호)",,03,폐업,,,,22696667,,
,한국정보과학아카데미(주),2010-08-10,197738.779048425,450468.943076736,출판인쇄업,출판사,2026-05-03 22:46:58,I,03,폐업,,0,0,2010-08-10 13:45:15,,2000-10-11,100-802,서울특별시 중구 남대문로*가 ***-* 대우재단빌딩*층,CDFG1251002000000178,3010000,,"서울특별시 중구 퇴계로 **  (남대문로*가,대우재단빌딩*층)",,03,폐업,,,,,0,0
,도서출판 뉴 컴퓨터,2003-04-26,,,출판인쇄업,출판사,2026-05-03 22:46:58,I,03,폐업,,0,0,2003-05-06 11:23:16,,2000-10-16,100-210,서울특별시 중구 수하동 **-* 환성빌딩***호,CDFG1251002000000179,3010000,,,,03,폐업,,,,,0,0
,터인,2002-03-28,200900.926475987,450278.135145343,출판인쇄업,출판사,2026-05-03 22:46:58,I,03,폐업,,0,0,2003-05-06 11:23:16,,2000-10-19,100-841,서울특별시 중구 신당동 ***-** *층,CDFG1251002000000180,3010000,,"서울특별시 중구 다산로 ***  (신당동,*층)",,03,폐업,,,,,0,0
,도서출판흐르는강,2013-03-25,200091.700436283,451318.981345495,출판인쇄업,출판사,2026-05-03 22:46:58,I,03,폐업,,0,0,2013-04-04 13:01:49,,2000-10-19,100-310,서울특별시 중구 오장동 ***-** *층,CDFG1251002000000182,3010000,,"서울특별시 중구 퇴계로**길 **  (오장동,*층)",,03,폐업,,,,22654183,0,0
,디자인포름,2020-12-04,199810.591813598,451300.59780961,출판인쇄업,출판사,2026-05-03 22:46:59,I,03,폐업,,0,0,2020-12-04 17:44:23,,2000-10-21,100-290,서울특별시 중구 예관동 **-**,CDFG1251002000000183,3010000,,"서울특별시 중구 창경궁로 **-*, ****호 (예관동, 미디센터)",,03,폐업,,,,02-2263-6668,0,0
,나현문화사,2019-12-30,199345.587857833,451199.590115289,출판인쇄업,출판사,2026-05-03 22:46:59,I,03,폐업,,0,0,2019-12-31 11:17:25,,2000-10-21,100-281,서울특별시 중구 인현동*가 *** ***호,CDFG1251002000000185,3010000,,"서울특별시 중구 마른내로*길 **,  ***호 (인현동*가)",,03,폐업,,,,02-2275-6636,0,0
,도서출판 문학천국,2011-07-27,199390.311895092,451319.526457876,출판인쇄업,출판사,2026-05-03 22:47:00,I,03,폐업,,0,0,2011-07-27 13:16:20,,2000-11-15,100-281,서울특별시 중구 인현동*가 ***-* 명궁빌딩*층,CDFG1251002000000197,3010000,,"서울특별시 중구 마른내로*길 *  (인현동*가,명궁빌딩*층)",,03,폐업,,,,22779881,0,0
,e새천년,2008-04-07,,,출판인쇄업,출판사,2026-05-03 22:47:00,I,03,폐업,,,,2008-04-07 15:31:23,,2000-11-17,100-845,서울특별시 중구 을지로*가 ***-* 이원빌딩***호,CDFG1251002000000198,3010000,,,,03,폐업,,,,22797790,,
,우성기획,2003-07-12,199182.529034232,451605.405089685,출판인쇄업,출판사,2026-05-03 22:47:00,I,03,폐업,,,,2003-07-14 15:11:57,,2000-11-20,100-846,서울특별시 중구 을지로*가 **-** 송담빌딩***호,CDFG1251002000000200,3010000,,"서울특별시 중구 충무로*길 **  (을지로*가,송담빌딩***호)",,03,폐업,,,,22696258,,
,매스인(MATHIN),2003-10-20,200394.851756721,451398.897492225,출판인쇄업,출판사,2026-05-03 22:47:01,I,03,폐업,,,,2003-10-20 17:06:29,,2000-11-20,100-411,서울특별시 중구 광희동*가 **-* 금호트윈오피스텔*-***,CDFG1251002000000201,3010000,,"서울특별시 중구 마른내로 ***  (광희동*가,금호트윈오피스텔*-***)",,03,폐업,,,,22691351,,
,도서출판정도,2016-07-08,199496.595099092,451515.838198323,출판인쇄업,출판사,2026-05-03 22:47:01,I,03,폐업,,0,0,2016-07-12 17:27:50,,2000-11-20,100-281,서울특별시 중구 인현동*가 **-* 대운빌딩*층,CDFG1251002000000202,3010000,,"서울특별시 중구 을지로**길 **-* (인현동*가,대운빌딩*층)",,03,폐업,,,,22712799,0,0
,행복한사람들,2009-07-03,201159.507123918,451391.220187921,출판인쇄업,출판사,2026-05-03 22:47:01,I,03,폐업,,0,0,2009-07-03 09:28:33,,2000-11-23,,서울특별시 중구 신당동 ***-* 태화빌딩***호,CDFG1251002000000203,3010000,,"서울특별시 중구 퇴계로 ***  (신당동,태화빌딩***호)",,03,폐업,,,,22347974,0,0
,(주)인스손해보험중개,2010-03-22,197554.559528663,450865.625894953,출판인쇄업,출판사,2026-05-03 22:47:01,I,03,폐업,,,,2010-03-22 17:04:19,,2000-11-23,100-161,서울특별시 중구 봉래동*가 ** HSBC빌딩 **층,CDFG1251002000000204,3010000,,"서울특별시 중구 칠패로 **  (봉래동*가,HSBC빌딩 **층)",,03,폐업,,,,20882727,,
,오가원,2018-03-07,199243.719707907,451518.197727854,출판인쇄업,출판사,2026-05-03 22:47:01,I,03,폐업,,,,2018-03-10 10:40:39,,2000-11-24,,서울특별시 중구 을지로*가 ***-* 성진빌딩,CDFG1251002000000206,3010000,,"서울특별시 중구 을지로**길 *, 성진빌딩 (을지로*가)",04550,03,폐업,,,,22856267,,
,도서출판 드림워커,2002-05-30,197964.095481472,451694.035675644,출판인쇄업,출판사,2026-05-03 22:47:01,I,03,폐업,,0,0,2003-05-06 11:23:16,,2000-11-24,100-101,서울특별시 중구 태평로*가 **-*,CDFG1251002000000208,3010000,,서울특별시 중구 세종대로 ***  (태평로*가),,03,폐업,,,,20010088,0,0
,도서출판퓨쳐 워커,2002-05-30,197964.095481472,451694.035675644,출판인쇄업,출판사,2026-05-03 22:47:01,I,03,폐업,,0,0,2003-05-06 11:23:16,,2000-11-24,100-101,서울특별시 중구 태평로*가 **-*,CDFG1251002000000209,3010000,,서울특별시 중구 세종대로 ***  (태평로*가),,03,폐업,,,,20010088,0,0
,도서출판오언,2008-02-11,200091.331460589,451334.723678882,출판인쇄업,출판사,2026-05-03 22:47:01,I,03,폐업,,,,2008-02-11 11:19:57,,2000-11-27,100-310,서울특별시 중구 오장동 ***-** *층,CDFG1251002000000210,3010000,,"서울특별시 중구 퇴계로**길 **  (오장동,*층)",,03,폐업,,,,22733615,,
,명진인쇄공사,2004-07-27,199700.456902483,450776.448781671,출판인쇄업,출판사,2026-05-03 22:47:01,I,03,폐업,,,,2004-07-28 09:23:27,,2000-12-04,100-273,서울특별시 중구 필동*가 **-** 진성빌딩***호,CDFG1251002000000213,3010000,,"서울특별시 중구 서애로*길 **  (필동*가,진성빌딩***호)",,03,폐업,,,,22786105,,
,동양기획,2001-04-23,199571.599470393,451124.851387624,출판인쇄업,출판사,2026-05-03 22:47:02,I,03,폐업,,0,0,2003-05-06 11:23:16,,2000-12-13,100-863,서울특별시 중구 충무로*가 ***-* 진양프라자 ****호,CDFG1251002000000222,3010000,,"서울특별시 중구 퇴계로 ***  (충무로*가,진양프라자 ****호)",,03,폐업,,,,22712458,0,0
근린생활시설,(주)이나우스,2024-12-26,200809.411043139,450318.80879106,출판인쇄업,출판사,2026-05-03 22:47:02,I,03,폐업,,0,0,2024-12-27 16:39:43,,2000-12-16,100-828,서울특별시 중구 신당동 ***-* 동진빌딩 ***호,CDFG1251002000000225,3010000,,"서울특별시 중구 동호로 *** (신당동,동진빌딩 ***호)",,03,폐업,,,,22333046,0,0
,그리신 애드,2016-12-30,199410.292082322,451276.021553156,출판인쇄업,출판사,2026-05-03 22:47:02,I,03,폐업,,0,,2016-12-30 11:37:37,,2000-12-23,100-281,서울특별시 중구 인현동*가 ***-* 삼보빌딩 ***호,CDFG1251002000000229,3010000,,"서울특별시 중구 마른내로*길 *-* (인현동*가,삼보빌딩 ***호)",,03,폐업,,,,22685033,,
,도서출판 형민사,2016-02-15,199018.466688723,451463.482685622,출판인쇄업,출판사,2026-05-03 22:47:55,I,03,폐업,,,,2016-02-15 11:06:15,,2004-01-28,100-032,서울특별시 중구 저동*가 ** 을지비즈센터 ***호,CDFG1251002004000223,3010000,,"서울특별시 중구 수표로 ** (저동*가,을지비즈센터 ***호)",,03,폐업,,,,02-736-7694,,
,(사)한국신체장애인복지회,2010-02-08,199233.182867608,451054.573357739,출판인쇄업,출판사,2026-05-03 22:47:55,I,03,폐업,,,,2010-02-08 13:00:49,,2004-04-12,100-866,서울특별시 중구 필동*가 *-** *층,CDFG1251002004000226,3010000,,"서울특별시 중구 퇴계로**길 **-*  (필동*가,*층)",,03,폐업,,,,64018891,,
,노둣돌,2006-02-10,199269.527925864,451465.042156905,출판인쇄업,출판사,2026-05-03 22:47:55,I,03,폐업,,,,2006-02-13 18:40:28,,2005-01-05,100-846,서울특별시 중구 을지로*가 ***-*,CDFG1251002005000003,3010000,,,,03,폐업,,,,22725520,,
,리아트,2007-01-31,200745.598076308,450950.962169463,출판인쇄업,출판사,2026-05-03 22:47:55,I,03,폐업,,,,2007-01-31 13:51:14,,2005-01-06,100-391,서울특별시 중구 장충동*가 **-* (*층),CDFG1251002005000004,3010000,,"서울특별시 중구 장충단로*가길 **-*  (장충동*가,(*층))",,03,폐업,,,,22567915,,
,클레버,2017-09-12,199475.29674921,451494.005055749,출판인쇄업,출판사,2026-05-03 22:47:55,I,03,폐업,,,,2017-09-14 10:47:30,,2005-01-07,100-281,서울특별시 중구 인현동*가 **-*,CDFG1251002005000006,3010000,,서울특별시 중구 을지로**길 ** (인현동*가),,03,폐업,,,,02-2271-2408,,
,도서출판뜰채,2016-12-13,200236.353739247,450860.98832957,출판인쇄업,출판사,2026-05-03 22:47:56,I,03,폐업,,,,2016-12-13 19:34:30,,2005-01-20,,서울특별시 중구 장충동*가 ***-** 동우빌딩 ***호,CDFG1251002005000012,3010000,,"서울특별시 중구 동호로**길 **, ***호 (장충동*가, 동우빌딩)",04617,03,폐업,,,,22642171,,
,푸른소,2018-05-30,199743.203006028,450725.631151645,출판인쇄업,출판사,2026-05-03 22:47:56,I,03,폐업,,,,2018-05-31 15:44:04,,2005-01-27,100-273,서울특별시 중구 필동*가 **-** 장유빌딩 (지하),CDFG1251002005000017,3010000,,"서울특별시 중구 서애로*길 ** (필동*가,장유빌딩 (지하))",,03,폐업,,,,22856866,,
,한국원색,2005-01-28,199398.543510307,451359.07223799,출판인쇄업,출판사,2026-05-03 22:47:56,I,03,폐업,,,,2005-01-28 11:30:54,,2005-01-27,100-281,서울특별시 중구 인현동*가 ** (*층),CDFG1251002005000018,3010000,,"서울특별시 중구 을지로**길 **-*  (인현동*가,(*층))",,03,폐업,,,,22757161,,
,느낌출판사,2018-08-24,199089.94439365,451300.220808296,출판인쇄업,출판사,2026-05-03 22:47:56,I,03,폐업,,,,2018-08-24 16:55:43,,2005-02-03,100-032,서울특별시 중구 저동*가 **-* 정인빌딩 ***호,CDFG1251002005000024,3010000,,"서울특별시 중구 수표로**길 * (저동*가,정인빌딩 ***호)",,03,폐업,,,,02-2265-4242,,
,(주)한국신문방송인클럽,2007-12-11,197964.095481472,451694.035675644,출판인쇄업,출판사,2026-05-03 22:47:56,I,03,폐업,,,,2007-12-11 16:27:12,,2005-02-04,100-101,서울특별시 중구 태평로*가 ** 한국언론재단,CDFG1251002005000027,3010000,,"서울특별시 중구 세종대로 ***  (태평로*가,한국언론재단)",,03,폐업,,,,,,
,세별교육개발원,2006-07-21,197118.852339559,450420.816407882,출판인쇄업,출판사,2026-05-03 22:47:56,I,03,폐업,,,,2006-07-21 11:12:23,,2005-02-18,100-371,서울특별시 중구 만리동*가 **-** (*층 일부),CDFG1251002005000033,3010000,,"서울특별시 중구 만리재로 ***  (만리동*가,(*층 일부))",,03,폐업,,,,,,
,아이씽크컨텐츠(주),2005-11-04,199674.250967627,450736.389411098,출판인쇄업,출판사,2026-05-03 22:47:56,I,03,폐업,,,,2005-11-04 18:09:19,,2005-02-18,100-273,서울특별시 중구 필동*가 **-* 수송빌딩 ***,CDFG1251002005000034,3010000,,"서울특별시 중구 서애로*길 **-**  (필동*가,수송빌딩 ***)",,03,폐업,,,,22688018,,
,도서출판지식과경영,2012-11-19,199430.521269151,451500.258047782,출판인쇄업,출판사,2026-05-03 22:47:56,I,03,폐업,,,,2012-11-19 16:44:40,,2005-02-23,100-847,서울특별시 중구 을지로*가 ***-* *층,CDFG1251002005000036,3010000,,"서울특별시 중구 을지로**길 *-**  (을지로*가,*층)",,03,폐업,,,,02-2277-8008,,
,인터액티브미디어,2020-12-31,199058.775381882,451672.282242238,출판인쇄업,출판사,2026-05-03 22:47:56,I,03,폐업,,,,2021-03-29 10:40:22,,2005-02-23,100-230,서울특별시 중구 수표동 **-*,CDFG1251002005000037,3010000,,서울특별시 중구 충무로*길 **-*  (수표동),,03,폐업,,,,02-2269-9791,,
,윤성문화인쇄사,2025-10-22,199444.727898228,451499.978507783,출판인쇄업,출판사,2026-05-03 22:47:56,I,03,폐업,,,,2025-10-24 15:08:16,,2005-03-02,100-847,서울특별시 중구 을지로*가 ***-* (*층일부),CDFG1251002005000039,3010000,,"서울특별시 중구 을지로**길 **  (을지로*가,(*층일부))",,03,폐업,,,,02-2271-3008,,
,도서출판규장각,2014-08-07,199448.102922035,451548.668257947,출판인쇄업,출판사,2026-05-03 22:47:56,I,03,폐업,,,,2014-08-07 15:27:50,,2005-03-04,100-847,서울특별시 중구 을지로*가 ***-* 드림오피스타운 ****호,CDFG1251002005000041,3010000,,"서울특별시 중구 을지로 *** (을지로*가,드림오피스타운 ****호)",,03,폐업,,,,22852216,,
,영재홈스쿨,2020-12-31,199058.775381882,451672.282242238,출판인쇄업,출판사,2026-05-03 22:47:56,I,03,폐업,,,,2021-03-29 10:40:33,,2005-03-08,100-230,서울특별시 중구 수표동 **-*,CDFG1251002005000043,3010000,,서울특별시 중구 충무로*길 **-*  (수표동),,03,폐업,,,,22644061,,
,도서출판 애석,2007-01-30,201247.920457626,450590.048390414,출판인쇄업,출판사,2026-05-03 22:47:56,I,03,폐업,,,,2007-01-30 14:02:27,,2005-03-15,100-826,서울특별시 중구 신당동 ***-*** 청강빌딩,CDFG1251002005000048,3010000,,"서울특별시 중구 청구로*길 **  (신당동,청강빌딩)",,03,폐업,,,,22342076,,
,마루디자인,2011-01-01,199709.823651954,451210.027809119,출판인쇄업,출판사,2026-05-03 22:47:57,I,03,폐업,,,,2021-02-02 17:29:31,,2005-03-17,100-290,서울특별시 중구 예관동 *** 예관빌딩 ***호,CDFG1251002005000051,3010000,,"서울특별시 중구 창경궁로*길 *  (예관동,예관빌딩 ***호)",,03,폐업,,,,02-2263-6504,,
,도서출판 나온,2005-12-08,199243.719707907,451518.197727854,출판인쇄업,출판사,2026-05-03 22:47:57,I,03,폐업,,,,2005-12-08 15:42:19,,2005-03-22,100-846,서울특별시 중구 을지로*가 ***-* 성진빌딩 ***호,CDFG1251002005000054,3010000,,,,03,폐업,,,,22698210,,
,스피드북스,2008-01-30,199592.627728451,450577.844016542,출판인쇄업,출판사,2026-05-03 22:47:57,I,03,폐업,,,,2008-01-30 14:54:43,,2005-03-23,100-273,서울특별시 중구 필동*가 **-* *층 ***호,CDFG1251002005000056,3010000,,"서울특별시 중구 필동로 **  (필동*가,*층 ***호)",,03,폐업,,,,,,
,애드온,2006-12-20,199663.989241815,450758.189337952,출판인쇄업,출판사,2026-05-03 22:47:57,I,03,폐업,,,,2006-12-20 17:00:31,,2005-03-24,100-273,서울특별시 중구 필동*가 **-* 정운빌딩 ***호,CDFG1251002005000059,3010000,,"서울특별시 중구 서애로*길 **-**  (필동*가,정운빌딩 ***호)",,03,폐업,,,,22674657,,
,도서출판 클릭,2005-04-20,199799.208083924,451816.806629958,출판인쇄업,출판사,2026-05-03 22:47:57,I,03,폐업,,,,2005-04-20 16:58:11,,2005-03-10,100-330,서울특별시 중구 주교동 **-* 코리아빌딩,CDFG1251002005000060,3010000,,"서울특별시 중구 청계천로 ***  (주교동,코리아빌딩)",,03,폐업,,,,,,
,대종문화인쇄,2018-03-21,199571.599470393,451124.851387624,출판인쇄업,출판사,2026-05-03 22:48:33,I,03,폐업,,,,2018-03-21 18:02:00,,2011-02-01,100-014,서울특별시 중구 충무로*가 ***-* 진양상가 ***호,CDFG1251002011000020,3010000,,"서울특별시 중구 퇴계로 ***, ***호 (충무로*가,진양상가)",,03,폐업,,,,02-2274-5414,,
,예일기획,2024-12-30,200247.098067944,451193.482960446,출판인쇄업,출판사,2026-05-03 22:48:33,I,03,폐업,,,,2025-01-02 16:03:56,,2011-02-01,,서울특별시 중구 쌍림동 ***-** 쌍림빌딩,CDFG1251002011000021,3010000,,"서울특별시 중구 퇴계로 ***, 쌍림빌딩 *층 ***호 (쌍림동)",04615,03,폐업,,,,02-2277-6693,,
,(주)오을,2016-06-21,199616.978101685,450692.099740382,출판인쇄업,출판사,2026-05-03 22:48:33,I,03,폐업,,,,2016-06-21 13:37:49,,2011-02-14,100-273,서울특별시 중구 필동*가 **-*,CDFG1251002011000027,3010000,,서울특별시 중구 필동로*길 * (필동*가),,03,폐업,,,,02-2264-3055,,
,홍명기획인쇄(1인무점포),2011-09-08,201631.148941099,450955.475560878,출판인쇄업,출판사,2026-05-03 22:48:33,I,03,폐업,,,,2011-09-08 14:12:16,,2011-02-14,100-456,서울특별시 중구 신당동 **-* 우석타운 ***호,CDFG1251002011000028,3010000,,"서울특별시 중구 다산로**가길 **,  ***호 (신당동,우석타운)",,03,폐업,,,,02-2238-9703,,
,예지안,2014-08-06,199345.047620157,451552.839134945,출판인쇄업,출판사,2026-05-03 22:48:33,I,03,폐업,,,,2014-08-06 14:02:57,,2011-02-28,100-193,서울특별시 중구 을지로*가 ***-* *층,CDFG1251002011000038,3010000,,"서울특별시 중구 을지로 ***-* (을지로*가,*층)",,03,폐업,,,,02-2285-5835,,
,도서출판 새갈마노,2012-12-31,199345.047620157,451552.839134945,출판인쇄업,출판사,2026-05-03 22:48:33,I,03,폐업,,,,2012-12-31 13:02:30,,2007-02-26,100-193,서울특별시 중구 을지로*가 ***-* *층,CDFG1251002011000039,3010000,,"서울특별시 중구 을지로 ***-*  (을지로*가,*층)",,03,폐업,,,,02-6052-1499,,
,삼보프로세스,2019-06-27,199693.486899193,450792.885208258,출판인쇄업,출판사,2026-05-03 22:48:33,I,03,폐업,,,,2019-06-27 17:29:34,,2011-03-09,100-273,서울특별시 중구 필동*가 **-** 애드원빌딩 *층,CDFG1251002011000044,3010000,,"서울특별시 중구 서애로*길 ** (필동*가,애드원빌딩 *층)",,03,폐업,,,,02-2269-8338,,
,도서출판 미디어네트,2016-12-01,200748.00863009,450276.693544934,출판인쇄업,출판사,2026-05-03 22:48:33,I,03,폐업,,0,,2016-12-01 13:23:08,,1995-05-08,,서울특별시 중구 신당동 ***-* 백석빌딩딩신관 ***호,CDFG1251002011000051,3010000,,"서울특별시 중구 다산로**길 ** (신당동, 백석빌딩)",04598,03,폐업,,,,02-522-4507,,
,한국가능성계발원,2016-03-07,199389.257171219,451326.825886905,출판인쇄업,출판사,2026-05-03 22:48:33,I,03,폐업,,,,2016-03-07 13:30:50,,2008-10-13,100-281,서울특별시 중구 인현동*가 **-* 강인빌딩 ***호,CDFG1251002011000054,3010000,,"서울특별시 중구 마른내로 **-* (인현동*가,강인빌딩 ***호)",,03,폐업,,,,02-2269-5000,,
,비씨애드,2014-12-01,199037.665146429,451040.57822169,출판인쇄업,출판사,2026-05-03 22:48:33,I,03,폐업,,,,2014-12-01 19:42:39,,2011-04-05,100-012,서울특별시 중구 충무로*가 **-** 하얀빌딩 *층,CDFG1251002011000055,3010000,,"서울특별시 중구 퇴계로 ***-* (충무로*가,하얀빌딩 *층)",,03,폐업,,,,02-2285-6350,,
,프린트나라,2016-02-11,199598.351705658,451193.562575176,출판인쇄업,출판사,2026-05-03 22:48:33,I,03,폐업,,,,2016-02-11 17:42:24,,2011-04-11,100-282,서울특별시 중구 인현동*가 ***-** *층 ***호,CDFG1251002011000060,3010000,,"서울특별시 중구 퇴계로**길 ** (인현동*가,*층 ***호)",,03,폐업,,,,02-2275-3331,,
,SDI,2024-06-07,199100.412856507,451298.414680803,출판인쇄업,출판사,2026-05-03 22:48:33,I,03,폐업,,,,2024-06-07 16:18:50,,2006-05-11,100-032,서울특별시 중구 저동*가 **-* 정양빌딩 *층,CDFG1251002011000062,3010000,,"서울특별시 중구 수표로**길 *  (저동*가,정양빌딩 *층)",,03,폐업,,,,02-2275-8034,,
,니트러브,2019-03-29,200002.952736046,451823.532462914,출판인쇄업,출판사,2026-05-03 22:48:33,I,03,폐업,,,,2019-03-29 14:54:31,,2011-04-13,100-330,서울특별시 중구 주교동 **-* 방산시장 A동 ***호,CDFG1251002011000065,3010000,,"서울특별시 중구 동호로**길 ** (주교동,방산시장 A동 ***호)",,03,폐업,,,,02-2273-3409,,
,한울정보통신,2013-12-16,200488.829655917,450237.434043797,출판인쇄업,출판사,2026-05-03 22:48:33,I,03,폐업,,,,2013-12-30 18:05:39,,2011-04-21,100-452,서울특별시 중구 신당동 ***-* ***호,CDFG1251002011000068,3010000,,"서울특별시 중구 동호로**나길 **-** (신당동,***호)",,03,폐업,,,,02-796-2465,,
,에스케이네트웍스인터넷(주),2013-01-29,198459.656304955,451484.997004171,출판인쇄업,출판사,2026-05-03 22:48:33,I,03,폐업,,,,2013-02-13 16:24:11,,2008-04-11,100-192,서울특별시 중구 을지로*가 *** 오퍼스**빌딩 **층,CDFG1251002011000074,3010000,,"서울특별시 중구 을지로 **  (을지로*가,오퍼스**빌딩 **층)",,03,폐업,,,,070-7800-3694,,
,유림사,2016-12-27,199711.361226004,450917.308709127,출판인쇄업,출판사,2026-05-03 22:48:33,I,03,폐업,,,,2016-12-27 09:44:48,,2011-05-06,100-273,서울특별시 중구 필동*가 **-**,CDFG1251002011000078,3010000,,서울특별시 중구 서애로 ** (필동*가),,03,폐업,,,,02-2265-6862,,
,라온북스,2014-05-27,199735.618700364,450934.519208378,출판인쇄업,출판사,2026-05-03 22:48:33,I,03,폐업,,,,2014-05-27 10:49:43,,2011-05-24,100-273,서울특별시 중구 필동*가 **-* *층,CDFG1251002011000088,3010000,,"서울특별시 중구 서애로 ** (필동*가,*층)",,03,폐업,,,,,,
,CM중앙문화,2013-05-02,,,출판인쇄업,출판사,2026-05-03 22:48:33,I,03,폐업,,,,2013-05-02 18:03:40,,2011-06-10,100-014,서울특별시 중구 충무로*가 **,CDFG1251002011000100,3010000,,서울특별시 중구 창경궁로*길 *  (충무로*가),,03,폐업,,,,02-2272-8181,,
,애디즈,2019-01-18,199407.554813355,451316.122180983,출판인쇄업,출판사,2026-05-03 22:48:33,I,03,폐업,,,,2019-01-18 17:36:14,,2011-06-15,100-281,서울특별시 중구 인현동*가 ***-* ***호,CDFG1251002011000103,3010000,,"서울특별시 중구 마른내로*길 *, ***호 (인현동*가)",,03,폐업,,,,02-2261-5402,,
,도서출판해뜨는나라,2016-03-02,199559.81287492,451275.242508566,출판인쇄업,출판사,2026-05-03 22:48:34,I,03,폐업,,,,2016-03-02 16:29:56,,2011-06-23,100-282,서울특별시 중구 인현동*가 ***-** 신성빌딩 ***호,CDFG1251002011000111,3010000,,"서울특별시 중구 마른내로 **, ***호 (인현동*가,신성빌딩)",,03,폐업,,,,02-2272-9850,,
,(주)CS24,2002-04-02,200229.445040175,451067.548779357,출판인쇄업,출판사,2026-05-03 22:47:02,I,03,폐업,,,,2004-05-14 11:27:41,,2000-12-29,100-855,서울특별시 중구 장충동*가 ***-* 태광빌딩 ***호,CDFG1251002000000231,3010000,,"서울특별시 중구 동호로 ***  (장충동*가,태광빌딩 ***호)",,03,폐업,,,,22850993,,
,대흥인쇄,2005-04-15,199526.672042045,450667.419378499,출판인쇄업,출판사,2026-05-03 22:47:03,I,03,폐업,,,,2005-04-15 14:53:03,,2000-10-14,100-272,서울특별시 중구 필동*가 ***-* *층,CDFG1251002000000235,3010000,,"서울특별시 중구 퇴계로**가길 **  (필동*가,*층)",,03,폐업,,,,22664023,,
,세계미용아카데미,2001-11-28,199241.57373147,451455.391812157,출판인쇄업,출판사,2026-05-03 22:47:03,I,03,폐업,,0,,2003-05-06 11:23:16,,2000-03-22,100-846,서울특별시 중구 을지로*가 ***-** *층,CDFG1251002000000238,3010000,,"서울특별시 중구 을지로**길 **  (을지로*가,*층)",,03,폐업,,,,22720461,,
,남북통일출판사,2006-02-10,199689.466050977,451717.292347428,출판인쇄업,출판사,2026-05-03 22:47:03,I,03,폐업,,,,2006-02-14 20:39:25,,2000-07-01,100-340,서울특별시 중구 산림동 **,CDFG1251002000000240,3010000,,서울특별시 중구 창경궁로*나길 **-*  (산림동),,03,폐업,,,,,,
,다원,2002-07-08,199576.174293051,451561.784894749,출판인쇄업,출판사,2026-05-03 22:47:03,I,03,폐업,,0,0,2003-05-06 11:23:16,,2000-04-11,100-849,서울특별시 중구 을지로*가 ***-*,CDFG1251002000000241,3010000,,서울특별시 중구 을지로 ***-*  (을지로*가),,03,폐업,,,,22697144,0,0
,인스캠퍼스,2001-01-04,197620.676444642,450361.506112161,출판인쇄업,출판사,2026-05-03 22:47:04,I,03,폐업,,0,,2003-05-06 11:23:16,,2000-12-02,100-802,서울특별시 중구 남대문로*가 *** 대우센타빌딩 ****호,CDFG1251002000000258,3010000,,"서울특별시 중구 한강대로 ***  (남대문로*가,대우센타빌딩 ****호)",,03,폐업,,,,62451702,,
,도서출판 석향기획,2009-11-06,201204.907590126,451082.83643823,출판인쇄업,출판사,2026-05-03 22:47:04,I,03,폐업,,0,0,2009-11-06 13:26:26,,2000-02-03,100-450,서울특별시 중구 신당동 ***-* 한영빌딩 *층,CDFG1251002000000261,3010000,,"서울특별시 중구 다산로 ***  (신당동,한영빌딩 *층)",,03,폐업,,,,,0,0
,도서출판 열린문화,2021-09-07,197365.094626051,451701.65750808,출판인쇄업,출판사,2026-05-03 22:47:04,I,03,폐업,,0,,2021-09-07 17:53:59,,2000-03-03,100-784,서울특별시 중구 정동 **-* 정동빌딩별관 *층,CDFG1251002000000264,3010000,,"서울특별시 중구 정동길 **-**  (정동,정동빌딩별관 *층)",,03,폐업,,,,,,
,도서출판 나우북스,2005-01-19,199310.400608061,451425.459277876,출판인쇄업,출판사,2026-05-03 22:47:05,I,03,폐업,,,,2005-01-20 13:57:26,,2000-06-13,100-300,서울특별시 중구 초동 **-* *층,CDFG1251002000000268,3010000,,,,03,폐업,,,,22697182,,
,도서출판지식여행,2000-09-06,200983.446989151,450479.298866634,출판인쇄업,출판사,2026-05-03 22:47:05,I,03,폐업,,0,0,2003-05-06 11:23:16,,2000-05-26,100-893,서울특별시 중구 신당동 ***-** 서광빌딩***호,CDFG1251002000000273,3010000,,"서울특별시 중구 다산로 ***  (신당동,서광빌딩***호)",,03,폐업,,,,22311361,0,0
,하늘소,2004-06-10,197739.803508714,451200.496953953,출판인쇄업,출판사,2026-05-03 22:47:05,I,03,폐업,,,,2004-06-10 17:03:17,,2000-07-25,100-814,서울특별시 중구 서소문동 **-* 알라안츠제일생명 **층,CDFG1251002000000279,3010000,,"서울특별시 중구 서소문로 ***  (서소문동,알라안츠제일생명 **층)",,03,폐업,,,,34445577,,
,씨알커뮤니케이션,2005-07-08,199144.232344128,451225.7676101,출판인쇄업,출판사,2026-05-03 22:47:06,I,03,폐업,,,,2005-07-08 13:49:45,,2000-12-19,100-032,서울특별시 중구 저동*가 **-** 경구빌딩 ***호,CDFG1251002000000284,3010000,,"서울특별시 중구 수표로 **-**  (저동*가,경구빌딩 ***호)",,03,폐업,,,,,,
,이투비즈,2005-04-18,198319.007190038,451622.506327407,출판인쇄업,출판사,2026-05-03 22:47:06,I,03,폐업,,,,2005-04-24 16:52:21,,2001-12-05,100-180,서울특별시 중구 다동 *** 라전빌딩***호,CDFG1251002001000002,3010000,,"서울특별시 중구 남대문로*길 **  (다동,라전빌딩***호)",,03,폐업,,,,,,
근린생활시설,이호문화사,2018-12-26,199733.225714011,451140.879758189,출판인쇄업,출판사,2026-05-03 22:47:07,I,03,폐업,,0,,2018-12-26 11:15:34,,2001-02-28,100-014,서울특별시 중구 충무로*가 ***,CDFG1251002001000022,3010000,,"서울특별시 중구 퇴계로 ***, ***호 (충무로*가, 남산센트럴자이)",,03,폐업,,,,02-2274-1492,,
근린생활시설,송죽문화사,2016-10-31,199420.191511235,451474.483321601,출판인쇄업,출판사,2026-05-03 22:47:07,I,03,폐업,,0,,2016-10-31 09:44:44,,2001-02-28,100-281,서울특별시 중구 인현동*가 **-* **-*,CDFG1251002001000025,3010000,,"서울특별시 중구 을지로**길 **-* (인현동*가,**-*)",,03,폐업,,,,22747277,,
,한스클럽(han's club),2009-09-03,200748.00863009,450276.693544934,출판인쇄업,출판사,2026-05-03 22:47:08,I,03,폐업,,0,,2009-09-03 10:48:43,,2001-01-05,100-828,서울특별시 중구 신당동 ***-* *통*반 백석빌딩신관 ***호,CDFG1251002001000032,3010000,,,,03,폐업,,,,,,
,클립.넷,2004-01-12,199111.950226012,451725.143004102,출판인쇄업,출판사,2026-05-03 22:47:08,I,03,폐업,,,,2004-03-24 18:27:52,,2001-01-08,100-230,서울특별시 중구 수표동 **-* **통*반 정성빌딩 ***호 ***동 ***호,CDFG1251002001000033,3010000,,"서울특별시 중구 을지로**길 **, ***동 ***호 (수표동,정성빌딩 ***호)",,03,폐업,,,,22773645,,
,도서출판 최상위,2023-03-31,,,출판인쇄업,출판사,2026-05-03 22:47:08,I,03,폐업,,0,,2023-03-31 14:59:39,,2001-01-08,100-220,서울특별시 중구 장교동 **-** 장생빌딩 ***호,CDFG1251002001000034,3010000,,,,03,폐업,,,,,,
,Humble and Noble,2010-01-29,197844.190666667,451742.363666667,출판인쇄업,출판사,2026-05-03 22:47:08,I,03,폐업,,0,,2010-01-29 16:13:48,,2001-01-09,100-101,서울특별시 중구 태평로*가 **-** 조선일보 구관 *층,CDFG1251002001000038,3010000,,"서울특별시 중구 세종대로**길 **  (태평로*가,조선일보 구관 *층)",,03,폐업,,,,,,
,이모션,2003-10-20,200394.851756721,451398.897492225,출판인쇄업,출판사,2026-05-03 22:47:08,I,03,폐업,,,,2003-10-20 17:05:15,,2001-01-09,100-411,서울특별시 중구 광희동*가 **-* **통*반 광희동금호트윈오피스텔 *동 ***호,CDFG1251002001000039,3010000,,"서울특별시 중구 마른내로 ***, *동 ***호 (광희동*가,광희동금호트윈오피스텔)",,03,폐업,,,,22691351,,
,SBD/English 114,2001-06-05,198021.663012088,451686.057974985,출판인쇄업,출판사,2026-05-03 22:47:08,I,03,폐업,,0,,2003-05-06 11:23:16,,2001-01-12,100-101,서울특별시 중구 태평로*가 **-** **통*반 대원빌딩 ***호 ****동 ***호,CDFG1251002001000041,3010000,,"서울특별시 중구 무교로 **-**, ****동 ***호 (태평로*가,대원빌딩 ***호)",,03,폐업,,,,,,
,서울맥,2002-03-08,199569.075587635,450899.280902089,출판인쇄업,출판사,2026-05-03 22:47:08,I,03,폐업,,,,2005-01-28 12:49:10,,2001-01-13,100-272,서울특별시 중구 필동*가 **-** **통*반 대평빌딩 ***호,CDFG1251002001000042,3010000,,"서울특별시 중구 필동로 **  (필동*가,대평빌딩 ***호)",,03,폐업,,,,22739965,,
,도서출판 한진,2008-01-14,,,출판인쇄업,출판사,2026-05-03 22:47:57,I,03,폐업,,,,2008-01-14 13:59:31,,2005-03-28,100-220,서울특별시 중구 장교동 **-** 삼진빌딩 ***호,CDFG1251002005000061,3010000,,,,03,폐업,,,,22731993,,
,도서출판 신화,2012-09-25,199213.995842161,451479.251307215,출판인쇄업,출판사,2026-05-03 22:47:57,I,03,폐업,,,,2012-09-25 16:43:27,,2005-03-28,100-846,서울특별시 중구 을지로*가 ***-* 을지빌딩 별관 ***호,CDFG1251002005000062,3010000,,,,03,폐업,,,,22683532,,
,태성칼라,2010-06-21,199382.955486585,451084.382659701,출판인쇄업,출판사,2026-05-03 22:47:57,I,03,폐업,,,,2010-06-21 15:35:46,,2005-03-28,100-862,서울특별시 중구 충무로*가 ***-* 기종빌딩 별관 *층,CDFG1251002005000063,3010000,,"서울특별시 중구 퇴계로**길 **  (충무로*가,기종빌딩 별관 *층)",,03,폐업,,,,22788876,,
,(주)얼트씨,2018-07-02,197204.402975748,451661.620959062,출판인쇄업,출판사,2026-05-03 22:47:57,I,03,폐업,,,,2018-07-02 11:05:40,,2005-04-14,100-120,서울특별시 중구 정동 **-** *층,CDFG1251002005000069,3010000,,"서울특별시 중구 정동길 **-** (정동,*층)",,03,폐업,,,,,,
,도서출판 문민,2014-06-30,199241.624701159,451462.377902321,출판인쇄업,출판사,2026-05-03 22:47:57,I,03,폐업,,,,2014-06-30 16:05:45,,2005-04-14,100-846,서울특별시 중구 을지로*가 ***-** ***호,CDFG1251002005000070,3010000,,"서울특별시 중구 을지로**길 ** (을지로*가,***호)",,03,폐업,,,,22771078,,
,건웅커뮤니케이션,2005-09-28,199336.009340872,451201.823851272,출판인쇄업,출판사,2026-05-03 22:47:57,I,03,폐업,,,,2005-09-28 14:39:07,,2005-04-18,100-281,서울특별시 중구 인현동*가 ***-* 정화빌딩 ***호,CDFG1251002005000073,3010000,,"서울특별시 중구 충무로 **  (인현동*가,정화빌딩 ***호)",,03,폐업,,,,22735515,,
,(주)아이나래,2016-11-03,199159.358708769,451121.161011502,출판인쇄업,출판사,2026-05-03 22:47:57,I,03,폐업,,,,2016-11-03 15:29:24,,2005-04-18,100-013,서울특별시 중구 충무로*가 **-* 청림빌딩 ***호,CDFG1251002005000074,3010000,,"서울특별시 중구 퇴계로**길 ** (충무로*가,청림빌딩 ***호)",,03,폐업,,,,02-2272-8458,,
,명진도서출판,2013-06-28,198984.202504896,451410.864267667,출판인쇄업,출판사,2026-05-03 22:47:57,I,03,폐업,,,,2013-06-28 10:23:21,,2005-04-20,100-032,서울특별시 중구 저동*가 **-** ***호,CDFG1251002005000076,3010000,,"서울특별시 중구 마른내로 **-*  (저동*가,***호)",,03,폐업,,,,22655068,,
,엠씨에스닷컴(MCS.com),2010-01-29,,,출판인쇄업,출판사,2026-05-03 22:47:57,I,03,폐업,,,,2010-01-29 16:16:24,,2005-04-21,100-756,서울특별시 중구 태평로*가 ** 조선일보사 건물 월간조선사 *층 **호,CDFG1251002005000078,3010000,,,,03,폐업,,,,,,
,엠씨에스북(MCS북),2010-01-29,,,출판인쇄업,출판사,2026-05-03 22:47:57,I,03,폐업,,,,2010-01-29 16:15:37,,2005-04-21,100-756,서울특별시 중구 태평로*가 ** 조선일보사 건물 월간조선사 *층 **호,CDFG1251002005000079,3010000,,,,03,폐업,,,,,,
,엠씨에스미디어(MCS미디어),2010-01-29,,,출판인쇄업,출판사,2026-05-03 22:47:57,I,03,폐업,,,,2010-01-29 16:14:46,,2005-04-21,100-756,서울특별시 중구 태평로*가 ** 조선일보사 건물 월간조선사 *층 **호,CDFG1251002005000080,3010000,,,,03,폐업,,,,,,
,(주)이십일세기 가교,2008-09-03,200094.513268208,451775.399423089,출판인쇄업,출판사,2026-05-03 22:47:57,I,03,폐업,,,,2008-09-03 15:22:36,,2005-04-22,100-812,서울특별시 중구 방산동 **-* *층,CDFG1251002005000082,3010000,,"서울특별시 중구 동호로 ***  (방산동,*층)",,03,폐업,,,,22634523,,
,성덕애드컴,2015-12-10,199426.579253872,451468.997428407,출판인쇄업,출판사,2026-05-03 22:47:57,I,03,폐업,,,,2015-12-10 18:49:52,,2005-04-26,100-281,서울특별시 중구 인현동*가 ** *층 ***호,CDFG1251002005000085,3010000,,"서울특별시 중구 을지로**길 **-* (인현동*가,*층 ***호)",,03,폐업,,,,22680186,,
,삼정비지네스,2017-03-29,199196.342485675,451435.807231674,출판인쇄업,출판사,2026-05-03 22:47:57,I,03,폐업,,,,2017-03-29 17:53:38,,2005-05-10,100-300,서울특별시 중구 초동 ***-** 양지빌딩 ***호,CDFG1251002005000087,3010000,,"서울특별시 중구 충무로*길 ** (초동,양지빌딩 ***호)",,03,폐업,,,,22773621,,
,도서출판 상익문화사,2024-12-31,199486.406775167,451161.097544836,출판인쇄업,출판사,2026-05-03 22:47:57,I,03,폐업,,,,2025-04-25 14:23:59,,2005-05-11,100-863,서울특별시 중구 충무로*가 ** *층,CDFG1251002005000088,3010000,,"서울특별시 중구 퇴계로**가길 **-**  (충무로*가,*층)",,03,폐업,,,,22678077,,
,에스앤제이,2008-11-13,200692.621953936,450678.741174633,출판인쇄업,출판사,2026-05-03 22:47:57,I,03,폐업,,,,2008-11-13 16:17:21,,2005-05-11,100-833,서울특별시 중구 신당동 ***-** 아세아빌딩 *층,CDFG1251002005000089,3010000,,"서울특별시 중구 동호로**길 *  (신당동,아세아빌딩 *층)",,03,폐업,,,,22337447,,
,합송피앤디,2007-03-21,199616.863579167,451290.679771363,출판인쇄업,출판사,2026-05-03 22:47:57,I,03,폐업,,,,2007-03-22 16:16:49,,2005-05-20,100-282,서울특별시 중구 인현동*가 ***-** 세광빌딩 ***호,CDFG1251002005000095,3010000,,,,03,폐업,,,,22634886,,
,피플,2019-04-23,199553.578155556,450571.448167029,출판인쇄업,출판사,2026-05-03 22:47:58,I,03,폐업,,,,2019-04-23 18:07:19,,2005-05-27,100-272,서울특별시 중구 필동*가 *** 서울빌딩 ***호,CDFG1251002005000101,3010000,,"서울특별시 중구 필동로 ** (필동*가,서울빌딩 ***호)",,03,폐업,,,,22798385,,
,(주)인쇄마당,2010-08-05,199403.416460552,451380.431807347,출판인쇄업,출판사,2026-05-03 22:47:58,I,03,폐업,,,,2010-08-05 13:22:08,,2005-06-17,100-281,서울특별시 중구 인현동*가 ** *층,CDFG1251002005000109,3010000,,"서울특별시 중구 을지로**길 **  (인현동*가,*층)",,03,폐업,,,,22647222,,
,해피데이,2024-03-25,196808.867024038,450549.52730636,출판인쇄업,출판사,2026-05-03 22:47:58,I,03,폐업,,,,2024-03-25 15:12:36,,2005-07-04,100-859,서울특별시 중구 중림동 *** 삼성아파트 ***동 ****호,CDFG1251002005000113,3010000,,"서울특별시 중구 중림로*길 **, ***동 ****호 (중림동,삼성아파트)",,03,폐업,,,,,,
,서창기획,2010-07-06,200023.458516388,451343.568979156,출판인쇄업,출판사,2026-05-03 22:47:59,I,03,폐업,,,,2010-07-06 16:38:36,,2005-07-06,100-310,서울특별시 중구 오장동 ***-** 아성빌딩 ***호,CDFG1251002005000116,3010000,,"서울특별시 중구 마른내로 ***-*,  ***호 (오장동,아성빌딩)",,03,폐업,,,,22737665,,
,천주교서울대교구 통합사목연구소,2008-08-20,198870.463085301,451196.860483878,출판인쇄업,출판사,2026-05-03 22:47:59,I,03,폐업,,,,2008-08-20 16:07:31,,2005-07-06,100-809,서울특별시 중구 명동*가 *-* 사목센터 *층,CDFG1251002005000117,3010000,,"서울특별시 중구 명동길 **-*  (명동*가,사목센터 *층)",,03,폐업,,,,02-727-2083,,
,진경출판사,2014-12-24,200530.361925283,450216.060894391,출판인쇄업,출판사,2026-05-03 22:48:34,I,03,폐업,,,,2014-12-26 08:40:32,,2011-08-02,100-452,서울특별시 중구 신당동 ***-**** 비젼빌라트 *-***,CDFG1251002011000137,3010000,,"서울특별시 중구 동호로**길 **-** (신당동,비젼빌라트 *-***)",,03,폐업,,,,,,
,대한신불교천우종,2011-12-12,201955.053062924,451493.939871536,출판인쇄업,출판사,2026-05-03 22:48:34,I,03,폐업,,,,2011-12-12 15:25:06,,2011-08-03,100-440,서울특별시 중구 황학동 **** 청수빌딩 *층,CDFG1251002011000138,3010000,,"서울특별시 중구 난계로**길 *  (황학동,청수빌딩 *층)",,03,폐업,,,,,,
,열린문학연대 (1인무점포),2014-08-27,196643.03972807,450667.44215396,출판인쇄업,출판사,2026-05-03 22:48:34,I,03,폐업,,,,2014-08-27 16:32:34,,2011-08-08,100-360,서울특별시 중구 중림동 ***-* ***호,CDFG1251002011000143,3010000,,"서울특별시 중구 서소문로*길 **, ***호 (중림동)",,03,폐업,,,,,,
,도서출판도선,2013-10-11,196864.942838297,450649.69804319,출판인쇄업,출판사,2026-05-03 22:48:34,I,03,폐업,,,,2013-10-16 10:41:59,,2011-03-02,100-360,서울특별시 중구 중림동 *** 삼성사이버빌리지 ***동 ***호,CDFG1251002011000161,3010000,,"서울특별시 중구 중림로 **, ***동 ***호 (중림동,삼성사이버빌리지)",,03,폐업,,,,02-313-4488,,
,삼아기획인쇄,2019-10-11,199865.097662357,451193.20447075,출판인쇄업,출판사,2026-05-03 22:48:34,I,03,폐업,,,,2019-10-11 15:12:41,,2011-09-16,100-015,서울특별시 중구 충무로*가 **-**,CDFG1251002011000162,3010000,,서울특별시 중구 퇴계로**길 ** (충무로*가),,03,폐업,,,,02-2273-6406,,
,승림기획인쇄,2013-11-05,199108.051771449,451225.552115194,출판인쇄업,출판사,2026-05-03 22:48:34,I,03,폐업,,,,2013-11-11 15:09:42,,2011-09-21,100-032,서울특별시 중구 저동*가 **-** ***호,CDFG1251002011000163,3010000,,"서울특별시 중구 수표로 **-*,  ***호 (저동*가)",,03,폐업,,,,02-2263-3457,,
,애드모리아,2015-12-24,199842.84196362,451212.703504613,출판인쇄업,출판사,2026-05-03 22:48:34,I,03,폐업,,,,2015-12-24 17:14:51,,2011-09-21,100-290,서울특별시 중구 예관동 **-** 원창빌딩 ***,CDFG1251002011000164,3010000,,"서울특별시 중구 퇴계로**길 ** (예관동,원창빌딩 ***)",,03,폐업,,,,02-2272-3613,,
,세원인쇄,2013-02-15,199420.948724749,451458.836993967,출판인쇄업,출판사,2026-05-03 22:48:34,I,03,폐업,,,,2013-02-15 11:22:37,,2011-09-22,100-281,서울특별시 중구 인현동*가 **-*,CDFG1251002011000166,3010000,,,,03,폐업,,,,22754378,,
,좋은날 인쇄/ 출판,2020-02-20,199363.129622048,451008.456459696,출판인쇄업,출판사,2026-05-03 22:48:34,I,03,폐업,,,,2020-02-20 16:59:42,,2011-10-24,100-271,서울특별시 중구 필동*가 **-** 하나빌딩 ****호,CDFG1251002011000179,3010000,,"서울특별시 중구 퇴계로 ***,  ****호 (필동*가,하나빌딩)",,03,폐업,,,,,,
,사이노 베이션,2024-12-02,199130.921940126,451225.871801101,출판인쇄업,출판사,2026-05-03 22:48:34,I,03,폐업,,,,2024-12-02 17:51:09,,2011-10-25,100-032,서울특별시 중구 저동*가,CDFG1251002011000181,3010000,,서울특별시 중구 수표로 **-** (저동*가),,03,폐업,,,,02-2273-4592,,
,아트인,2016-08-25,199087.796403835,451182.706049883,출판인쇄업,출판사,2026-05-03 22:48:34,I,03,폐업,,,,2016-08-25 13:39:41,,2011-10-27,100-013,서울특별시 중구 충무로*가 **-** 세림빌딩 *층,CDFG1251002011000183,3010000,,"서울특별시 중구 수표로 ** (충무로*가,세림빌딩 *층)",,03,폐업,,,,02-2263-7167,,
,(주)그린피쉬하우스,2012-10-08,199033.568438002,451170.952725868,출판인쇄업,출판사,2026-05-03 22:48:34,I,03,폐업,,,,2012-10-08 15:32:07,,2011-10-31,100-012,서울특별시 중구 충무로*가 **-*,CDFG1251002011000188,3010000,,서울특별시 중구 삼일대로*길 ** (충무로*가),,03,폐업,,,,,,
,정 디자인,2016-01-29,199088.322667,451230.610149193,출판인쇄업,출판사,2026-05-03 22:48:34,I,03,폐업,,,,2016-01-29 09:08:42,,2011-11-07,100-032,서울특별시 중구 저동*가 **-** 금풍빌딩 ***호,CDFG1251002011000194,3010000,,"서울특별시 중구 수표로 ** (저동*가,금풍빌딩 ***호)",,03,폐업,,,,02-2285-0916,,
,(주)일요주간,2011-12-14,200104.391382832,451166.330668547,출판인쇄업,출판사,2026-05-03 22:48:34,I,03,폐업,,,,2011-12-14 18:16:24,,2011-11-16,100-392,서울특별시 중구 장충동*가 ***-*,CDFG1251002011000203,3010000,,서울특별시 중구 퇴계로 *** (장충동*가),,03,폐업,,,,,,
,유한회사 벼리,2017-05-25,198781.109495932,450896.4845597,출판인쇄업,출판사,2026-05-03 22:48:35,I,03,폐업,,,,2017-05-25 11:39:59,,2011-11-30,100-043,서울특별시 중구 남산동*가 **-* *층,CDFG1251002011000213,3010000,,서울특별시 중구 퇴계로**길 **-* (남산동*가),,03,폐업,,,,02-562-9849,,
,정인기획,2015-05-01,199490.458091927,451377.351278976,출판인쇄업,출판사,2026-05-03 22:48:35,I,03,폐업,,,,2015-05-01 15:28:06,,2011-11-30,100-282,서울특별시 중구 인현동*가 **-**,CDFG1251002011000214,3010000,,서울특별시 중구 마른내로 **-** (인현동*가),,03,폐업,,,,,,
,지식트리,2022-12-28,197844.190666667,451742.363666667,출판인쇄업,출판사,2026-05-03 22:48:35,I,03,폐업,,,,2022-12-28 17:20:37,,2011-12-05,100-101,서울특별시 중구 태평로*가 **-**,CDFG1251002011000217,3010000,,서울특별시 중구 세종대로**길 ** (태평로*가),,03,폐업,,,,02-724-7812,,
,북.에벤에셀,2016-01-26,199621.601922534,450877.745478175,출판인쇄업,출판사,2026-05-03 22:48:35,I,03,폐업,,,,2016-01-26 17:01:39,,2011-12-05,100-272,서울특별시 중구 필동*가 **-*,CDFG1251002011000218,3010000,,서울특별시 중구 필동로 **-* (필동*가),,03,폐업,,,,,,
,협진디지탈 인쇄,2021-05-31,199641.540429196,451187.258078141,출판인쇄업,출판사,2026-05-03 22:48:35,I,03,폐업,,,,2021-05-14 16:30:26,,2011-12-14,100-282,서울특별시 중구 인현동*가 ***,CDFG1251002011000220,3010000,,서울특별시 중구 마른내로**길 **-* (인현동*가),,03,폐업,,,,,,
,모두 봄,2014-12-19,199496.595099092,451515.838198323,출판인쇄업,출판사,2026-05-03 22:48:35,I,03,폐업,,,,2014-12-19 15:11:13,,2011-12-21,100-281,서울특별시 중구 인현동*가 **-*,CDFG1251002011000225,3010000,,서울특별시 중구 을지로**길 **-* (인현동*가),,03,폐업,,,,02-2263-2847,,
,에스케이플레닛(주),2012-01-03,198614.978577595,451577.838950867,출판인쇄업,출판사,2026-05-03 22:48:35,I,03,폐업,,,,2012-01-03 11:44:11,,2011-12-21,100-192,서울특별시 중구 을지로*가 **,CDFG1251002011000226,3010000,,서울특별시 중구 을지로 ** (을지로*가),,03,폐업,,,,1599-0011,,
,(주)애드원커뮤니케이션즈,2025-02-12,197361.474662827,451214.436831196,출판인쇄업,출판사,2026-05-03 22:48:35,I,03,폐업,,,,2025-02-13 17:44:13,,2011-12-23,100-130,서울특별시 중구 순화동 *-*,CDFG1251002011000228,3010000,,서울특별시 중구 서소문로 **-** (순화동),,03,폐업,,,,02-779-0202,,
,(주)모두모두,2021-10-08,199676.030283312,450852.14351829,출판인쇄업,출판사,2026-05-03 22:48:35,I,03,폐업,,,,2021-10-08 11:53:14,,2011-12-28,100-273,서울특별시 중구 필동*가 **-* 서울캐피탈빌딩 ***호,CDFG1251002011000231,3010000,,서울특별시 중구 서애로 ** (필동*가),,03,폐업,,,,02-6263-2877,,
,열린애드 E & C,2014-01-03,199046.136217827,451509.637277001,출판인쇄업,출판사,2026-05-03 22:47:09,I,03,폐업,,0,,2014-01-03 17:48:12,,2001-01-15,100-846,서울특별시 중구 을지로*가 ***-* *층,CDFG1251002001000044,3010000,,"서울특별시 중구 수표로 **-* (을지로*가,*층)",,03,폐업,,,,22747001,,
근린생활시설,주)정우씨엔아이,2002-04-02,199116.472443266,451202.231856189,출판인쇄업,출판사,2026-05-03 22:47:09,I,03,폐업,,0,,2003-05-06 11:23:16,,2001-01-17,100-013,서울특별시 중구 충무로*가 **-* 제복빌딩*층,CDFG1251002001000045,3010000,,"서울특별시 중구 수표로 **-*  (충무로*가,제복빌딩*층)",,03,폐업,,,,22676111,,
근린생활시설,두원기획인쇄(주),2005-02-14,199559.81287492,451275.242508566,출판인쇄업,출판사,2026-05-03 22:47:09,I,03,폐업,,,,2005-02-14 13:24:14,,2001-01-17,100-282,서울특별시 중구 인현동*가 ***-** 신성빌딩 ***-*,CDFG1251002001000046,3010000,,"서울특별시 중구 마른내로 **  (인현동*가,신성빌딩 ***-*)",,03,폐업,,,,22759797,,
,민지미디어,2007-02-05,199393.748061831,451020.317219361,출판인쇄업,출판사,2026-05-03 22:47:09,I,03,폐업,,,,2008-03-25 13:34:06,,2001-01-17,100-272,서울특별시 중구 필동*가 ** 충무빌딩 ***호,CDFG1251002001000047,3010000,,,,03,폐업,,,,22633598,,
,디자인네트,2011-06-28,199466.374101883,451374.42589096,출판인쇄업,출판사,2026-05-03 22:47:09,I,03,폐업,,0,,2011-06-28 15:30:46,,2001-01-18,100-281,서울특별시 중구 인현동*가 **,CDFG1251002001000051,3010000,,서울특별시 중구 마른내로 **-*  (인현동*가),,03,폐업,,,,22712422,,
근린생활시설,도서출판 젤죤,2001-07-28,199039.325257607,450952.020564408,출판인쇄업,출판사,2026-05-03 22:47:09,I,03,폐업,,0,,2003-05-06 11:23:16,,2001-02-28,100-240,서울특별시 중구 주자동 **-* **-*,CDFG1251002001000067,3010000,,"서울특별시 중구 퇴계로 ***-*  (주자동,**-*)",,03,폐업,,,,22651501,,
근린생활시설,두레박,2013-01-28,200660.283936926,450882.975072182,출판인쇄업,출판사,2026-05-03 22:47:09,I,03,폐업,,0,,2013-01-29 10:44:03,,2001-02-14,100-391,서울특별시 중구 장충동*가 **-** 태성빌딩***,CDFG1251002001000069,3010000,,,,03,폐업,,,,22699395,,
근린생활시설,국자감,2005-03-23,199297.937259125,450912.574992552,출판인쇄업,출판사,2026-05-03 22:47:10,I,03,폐업,,,,2005-03-23 15:02:07,,2001-02-14,100-866,서울특별시 중구 필동*가 **-* 구 매일경제빌딩***호,CDFG1251002001000070,3010000,,"서울특별시 중구 퇴계로 ***  (필동*가,구 매일경제빌딩***호)",,03,폐업,,,,22774333,,
,공동선,2001-10-04,,,출판인쇄업,출판사,2026-05-03 22:47:10,I,03,폐업,,0,,2003-05-06 11:23:16,,2001-03-06,100-272,서울특별시 중구 필동*가 **-** 한민빌딩***호,CDFG1251002001000078,3010000,,,,03,폐업,,,,22692745,,
,도서출판 디오디,2011-04-21,199138.81962653,451294.76508571,출판인쇄업,출판사,2026-05-03 22:47:10,I,03,폐업,,0,,2011-04-21 14:07:28,,2001-03-06,100-032,서울특별시 중구 저동*가 **-* *층,CDFG1251002001000079,3010000,,"서울특별시 중구 퇴계로**길 **  (저동*가,*층)",,03,폐업,,,,22797404,,
근린생활시설,도서출판 좋은만남,2017-07-14,199207.538777842,451529.342819592,출판인쇄업,출판사,2026-05-03 22:47:10,I,03,폐업,,,,2017-07-14 09:17:44,,2001-02-28,100-846,서울특별시 중구 을지로*가 ***-* 을지빌딩 ***호,CDFG1251002001000080,3010000,,"서울특별시 중구 을지로**길 * (을지로*가,을지빌딩 ***호)",,03,폐업,,,,,,
,옥스포드유니버스티프레스코리아,2018-11-22,197365.094626051,451701.65750808,출판인쇄업,출판사,2026-05-03 22:47:11,I,03,폐업,,0,,2018-11-22 15:26:30,,2001-03-12,100-784,서울특별시 중구 정동 **-* 정동빌딩 ***,CDFG1251002001000084,3010000,,"서울특별시 중구 정동길 **-** (정동,정동빌딩 ***)",,03,폐업,,,,,,
,반도 PP,2017-03-27,199420.654852235,451106.606407911,출판인쇄업,출판사,2026-05-03 22:47:11,I,03,폐업,,,,2017-03-27 16:45:17,,2001-03-16,100-862,서울특별시 중구 충무로*가 ***-* *층,CDFG1251002001000085,3010000,,"서울특별시 중구 퇴계로**길 ** (충무로*가,*층)",,03,폐업,,,,22663924,,
,노문사,2024-08-31,199559.81287492,451275.242508566,출판인쇄업,출판사,2026-05-03 22:47:11,I,03,폐업,,0,,2024-09-06 09:57:59,,2001-03-19,100-282,서울특별시 중구 인현동*가 ***-** 신성상가 *층 ***-B호,CDFG1251002001000089,3010000,,"서울특별시 중구 마른내로 ** (인현동*가,신성상가 *층 ***-B호)",,03,폐업,,,,02-2264-3311,,
,기출(GICHOOL),2011-11-21,199397.013822421,451070.763689185,출판인쇄업,출판사,2026-05-03 22:47:11,I,03,폐업,,,,2011-11-21 18:00:50,,2001-03-22,100-862,서울특별시 중구 충무로*가 ***-* 기종빌딩 ***호,CDFG1251002001000090,3010000,,"서울특별시 중구 퇴계로**길 **  (충무로*가,기종빌딩 ***호)",,03,폐업,,,,02-2269-1100,,
,플러스하나,2002-01-22,199186.079053543,450883.887973042,출판인쇄업,출판사,2026-05-03 22:47:11,I,03,폐업,,0,,2003-05-06 11:23:16,,2001-03-22,100-866,서울특별시 중구 필동*가 **-* 동화빌딩 ***호,CDFG1251002001000091,3010000,,"서울특별시 중구 퇴계로 ***-**  (필동*가,동화빌딩 ***호)",,03,폐업,,,,22697074,,
,문화닷컴,2003-01-20,199218.335245263,450941.216034041,출판인쇄업,출판사,2026-05-03 22:47:11,I,03,폐업,,0,0,2003-05-06 11:23:16,,2001-03-22,100-866,서울특별시 중구 필동*가 **-* **-*,CDFG1251002001000092,3010000,,"서울특별시 중구 퇴계로 ***-*  (필동*가,**-*)",,03,폐업,,,,22686832,0,0
,크리컴,2011-06-14,199115.162515675,451501.106828934,출판인쇄업,출판사,2026-05-03 22:47:11,I,03,폐업,,0,,2011-06-14 15:01:26,,2001-03-30,100-846,서울특별시 중구 을지로*가 *** 상지빌딩***호,CDFG1251002001000094,3010000,,"서울특별시 중구 을지로 ***-**  (을지로*가,상지빌딩***호)",,03,폐업,,,,22776502,,
,한자연구원,2010-04-13,199524.099510798,451258.896710836,출판인쇄업,출판사,2026-05-03 22:47:11,I,03,폐업,,0,,2010-04-13 11:52:30,,2001-03-30,100-282,서울특별시 중구 인현동*가 ***-** ***-**정암프라자 ***호,CDFG1251002001000098,3010000,,"서울특별시 중구 퇴계로**길 **  (인현동*가,***-**정암프라자 ***호)",,03,폐업,,,,22771564,,
,엠아이지,2020-05-21,199186.079053543,450883.887973042,출판인쇄업,출판사,2026-05-03 22:47:11,I,03,폐업,,0,,2020-05-21 17:08:07,,2001-04-06,100-866,서울특별시 중구 필동*가 **-* 뉴동화빌딩 ***호,CDFG1251002001000100,3010000,,"서울특별시 중구 퇴계로 ***-**  (필동*가,뉴동화빌딩 ***호)",,03,폐업,,,,02-2275-1966,,
,도서출판 만나,2003-01-13,199353.409062771,451394.349814085,출판인쇄업,출판사,2026-05-03 22:47:12,I,03,폐업,,,,2004-04-12 10:47:58,,2001-04-13,100-281,서울특별시 중구 인현동*가 ***-* ***-*조광빌딩***호,CDFG1251002001000109,3010000,,"서울특별시 중구 을지로**길 **  (인현동*가,***-*조광빌딩***호)",,03,폐업,,,,22729859,,
,씨엠씨애드,2011-11-29,199540.014446067,451538.669466551,출판인쇄업,출판사,2026-05-03 22:47:12,I,03,폐업,,,,2011-11-29 11:13:59,,2001-04-17,100-849,서울특별시 중구 을지로*가 ***-** 삼풍빌딩***호,CDFG1251002001000113,3010000,,"서울특별시 중구 을지로 ***  (을지로*가,삼풍빌딩***호)",,03,폐업,,,,,,
,도서출판 하제,2007-03-20,199686.500051321,450981.732138047,출판인쇄업,출판사,2026-05-03 22:47:59,I,03,폐업,,,,2007-03-20 10:24:44,,2005-07-20,100-273,서울특별시 중구 필동*가 **-* *층,CDFG1251002005000124,3010000,,"서울특별시 중구 퇴계로**길 **  (필동*가,*층)",,03,폐업,,,,22760530,,
,홍광상사,2014-11-17,199417.524020715,451210.994063232,출판인쇄업,출판사,2026-05-03 22:47:59,I,03,폐업,,,,2014-11-17 10:39:52,,2005-07-28,100-281,서울특별시 중구 인현동*가 ***-* *층,CDFG1251002005000131,3010000,,"서울특별시 중구 마른내로*길 **-** (인현동*가,*층)",,03,폐업,,,,22727005,,
,월드 시학(詩學),2006-10-09,,,출판인쇄업,출판사,2026-05-03 22:48:00,I,03,폐업,,,,2006-10-11 17:29:08,,2005-08-08,100-845,서울특별시 중구 을지로*가 **-* 동원빌딩 ***호,CDFG1251002005000137,3010000,,,,03,폐업,,,,22756540,,
,종이와 연필,2019-12-13,199571.599470393,451124.851387624,출판인쇄업,출판사,2026-05-03 22:48:00,I,03,폐업,,,,2019-12-13 17:39:26,,2005-08-12,100-014,서울특별시 중구 충무로*가 ***-* 진양상가 *동 ***호,CDFG1251002005000140,3010000,,"서울특별시 중구 퇴계로 ***, *동 ***호 (충무로*가,진양상가)",,03,폐업,,,,02-2234-4211,,
,(주)조이에듀넷 도서출판 좋은세상경찰승진정보,2006-05-03,201200.506104345,451798.681896632,출판인쇄업,출판사,2026-05-03 22:48:00,I,03,폐업,,,,2006-05-03 10:40:46,,2005-08-22,100-885,서울특별시 중구 신당동 ***-** *층,CDFG1251002005000143,3010000,,,,03,폐업,,,,,,
,블루핀커뮤니케이션,2013-03-21,199087.216155975,451188.671067014,출판인쇄업,출판사,2026-05-03 22:48:00,I,03,폐업,,,,2013-03-21 17:21:10,,2005-09-07,100-013,서울특별시 중구 충무로*가 **-** 위지상 *호,CDFG1251002005000155,3010000,,"서울특별시 중구 수표로 **  (충무로*가,위지상 *호)",,03,폐업,,,,02-2264-1436,,
,곰비임비,2012-07-26,199617.923204128,451141.544205093,출판인쇄업,출판사,2026-05-03 22:48:00,I,03,폐업,,,,2012-07-26 11:47:07,,2005-09-09,100-863,서울특별시 중구 충무로*가 **-* *층,CDFG1251002005000157,3010000,,"서울특별시 중구 창경궁로*길 **  (충무로*가,*층)",,03,폐업,,,,22697734,,
,성진문화인쇄,2008-05-13,199014.617658965,451424.722282842,출판인쇄업,출판사,2026-05-03 22:48:00,I,03,폐업,,,,2008-05-13 11:42:07,,2005-09-09,100-032,서울특별시 중구 저동*가 **-* 수정빌딩 ***호,CDFG1251002005000158,3010000,,"서울특별시 중구 수표로 **  (저동*가,수정빌딩 ***호)",,03,폐업,,,,02-2278-2480,,
,도서출판 예맥,2010-04-30,197964.095481472,451694.035675644,출판인쇄업,출판사,2026-05-03 22:48:00,I,03,폐업,,,,2010-04-30 13:14:30,,2005-09-22,100-750,서울특별시 중구 태평로*가 ** 프레스센터 ****호,CDFG1251002005000162,3010000,,"서울특별시 중구 세종대로 ***,  ****호 (태평로*가,프레스센터)",,03,폐업,,,,,,
,현대미술,2019-12-03,199756.157212638,451200.922510911,출판인쇄업,출판사,2026-05-03 22:48:00,I,03,폐업,,,,2019-12-03 15:05:48,,2005-09-28,100-014,서울특별시 중구 충무로*가 **-*,CDFG1251002005000166,3010000,,서울특별시 중구 창경궁로 **-* (충무로*가),,03,폐업,,,,02-2273-3644,,
,국립의료원 중앙응급의료센터,2006-01-31,200461.421710224,451682.120811509,출판인쇄업,출판사,2026-05-03 22:48:01,I,03,폐업,,,,2006-01-31 18:11:09,,2005-09-30,100-851,서울특별시 중구 을지로*가 **-**,CDFG1251002005000171,3010000,,서울특별시 중구 을지로 ***  (을지로*가),,03,폐업,,,,22607114,,
,메아리,2011-03-16,199550.506270874,451392.219693582,출판인쇄업,출판사,2026-05-03 22:48:01,I,03,폐업,,,,2011-03-16 13:27:04,,2005-10-13,100-282,서울특별시 중구 인현동*가 **-* 풍전빌딩 ***호,CDFG1251002005000177,3010000,,"서울특별시 중구 마른내로 **,  ***호 (인현동*가,풍전빌딩)",,03,폐업,,,,22738446,,
,태교몰,2007-04-05,201039.337398323,450218.977052913,출판인쇄업,출판사,2026-05-03 22:48:01,I,03,폐업,,,,2007-04-05 16:07:24,,2005-10-13,100-827,서울특별시 중구 신당동 ***-** 하얀누리빌딩 *층,CDFG1251002005000179,3010000,,"서울특별시 중구 동호로**길 *-**  (신당동,하얀누리빌딩 *층)",,03,폐업,,,,,,
,성수출판사,2013-12-30,199764.819482297,450726.336696133,출판인쇄업,출판사,2026-05-03 22:48:01,I,03,폐업,,,,2013-12-30 17:34:33,,2005-10-17,100-856,서울특별시 중구 장충동*가 ***-***,CDFG1251002005000181,3010000,,,,03,폐업,,,,22854880,,
,클럽디자인,2020-11-19,199150.079374192,451207.991055599,출판인쇄업,출판사,2026-05-03 22:48:01,I,03,폐업,,,,2020-11-25 15:39:33,,2005-10-18,,서울특별시 중구 충무로*가 **-*,CDFG1251002005000183,3010000,,"서울특별시 중구 퇴계로**길 **, ***호 (충무로*가)",04555,03,폐업,,,,02-2264-7464,,
,도서출판비비컴,2012-10-22,197454.835760386,450733.6954596,출판인쇄업,출판사,2026-05-03 22:48:06,I,03,폐업,,,,2013-03-25 10:01:04,,2005-11-03,100-161,서울특별시 중구 봉래동*가 **-* 청암빌딩 ***호,CDFG1251002005000194,3010000,,"서울특별시 중구 통일로 **  (봉래동*가,청암빌딩 ***호)",,03,폐업,,,,02-573-6270,,
,사람사는세상,2006-07-13,199215.980905399,451084.356972474,출판인쇄업,출판사,2026-05-03 22:48:06,I,03,폐업,,,,2006-07-13 13:15:37,,2005-11-08,100-866,서울특별시 중구 필동*가 *-* 서울빌딩 ***,CDFG1251002005000196,3010000,,"서울특별시 중구 수표로*길 **  (필동*가,서울빌딩 ***)",,03,폐업,,,,22721219,,
,"세광디자인,프린팅",2021-06-25,199376.650770635,451519.940975515,출판인쇄업,출판사,2026-05-03 22:48:06,I,03,폐업,,,,2021-06-11 16:28:18,,2005-11-18,,서울특별시 중구 초동 *-*,CDFG1251002005000200,3010000,,"서울특별시 중구 을지로**길 *, ***호 (초동)",04549,03,폐업,,,,02-2278-2490,,
,도서출판 현대침구원,2012-09-12,197553.417234076,450672.904532996,출판인쇄업,출판사,2026-05-03 22:48:06,I,03,폐업,,,,2012-09-12 15:54:44,,2005-11-24,100-800,서울특별시 중구 남대문로*가 *-* 화남빌딩 ***,CDFG1251002005000205,3010000,,"서울특별시 중구 세종대로 **  (남대문로*가,화남빌딩 ***)",,03,폐업,,,,,,
,웅그래픽,2007-04-12,199430.521269151,451500.258047782,출판인쇄업,출판사,2026-05-03 22:48:06,I,03,폐업,,,,2007-04-12 13:29:36,,2005-12-05,100-847,서울특별시 중구 을지로*가 ***-* 우신빌딩 ***호,CDFG1251002005000209,3010000,,"서울특별시 중구 을지로**길 *-**  (을지로*가,우신빌딩 ***호)",,03,폐업,,,,22785645,,
,씨티파트너,2013-12-31,200794.532258435,450565.207319656,출판인쇄업,출판사,2026-05-03 22:48:06,I,03,폐업,,,,2014-01-03 18:14:04,,2005-12-08,100-834,서울특별시 중구 신당동 ***-** *층,CDFG1251002005000211,3010000,,"서울특별시 중구 다산로**길 ** (신당동,*층)",,03,폐업,,,,,,
,(주)씨티파트너,2013-12-30,200794.532258435,450565.207319656,출판인쇄업,출판사,2026-05-03 22:48:06,I,03,폐업,,,,2013-12-30 18:24:38,,2005-12-08,100-834,서울특별시 중구 신당동 ***-** *층,CDFG1251002005000212,3010000,,"서울특별시 중구 다산로**길 ** (신당동,*층)",,03,폐업,,,,,,
,맥향커뮤니케이션,2021-07-21,,,출판인쇄업,출판사,2026-05-03 22:48:35,I,03,폐업,,,,2021-07-21 13:47:44,,2012-01-05,100-846,서울특별시 중구 을지로*가 -*** **통,CDFG1251002012000003,3010000,,서울특별시 중구 을지로**길 ***-** (을지로*가),,03,폐업,,,,02-2272-7890,,
,(주)여행천하,2013-01-29,199803.37296067,450779.092503874,출판인쇄업,출판사,2026-05-03 22:48:35,I,03,폐업,,,,2013-01-29 10:51:05,,2012-01-12,100-715,서울특별시 중구 필동*가 **-*,CDFG1251002012000009,3010000,,서울특별시 중구 필동로*길 ** (필동*가),,03,폐업,,,,02-365-8000,,
,미래출판,2015-03-30,199604.860117124,450840.399259201,출판인쇄업,출판사,2026-05-03 22:48:35,I,03,폐업,,,,2015-03-30 15:57:39,,2012-02-01,100-273,서울특별시 중구 필동*가 **-*,CDFG1251002012000020,3010000,,서울특별시 중구 필동로 ** (필동*가),,03,폐업,,,,02-2275-3239,,
,데일리 스류디오,2021-04-06,198403.083197305,451049.012425837,출판인쇄업,출판사,2026-05-03 22:48:35,I,03,폐업,,,,2021-04-06 17:14:11,,2012-02-06,100-011,서울특별시 중구 충무로*가 **-**,CDFG1251002012000024,3010000,,"서울특별시 중구 명동*길 ** (충무로*가, kt 중앙지사 *층 ***호)",,03,폐업,,,,070-8654-4769,,
,세종무역,2020-11-23,197455.900840084,450713.397606763,출판인쇄업,출판사,2026-05-03 22:48:35,I,03,폐업,,,,2020-11-24 15:05:50,,2011-06-17,100-161,서울특별시 중구 봉래동*가 **-***,CDFG1251002012000032,3010000,,서울특별시 중구 통일로 ** (봉래동*가),,03,폐업,,,,02-778-2809,,
,도서출판 계룡서원,2014-12-24,199489.424535995,451517.398827191,출판인쇄업,출판사,2026-05-03 22:48:35,I,03,폐업,,,,2014-12-26 08:37:09,,2011-08-29,100-281,서울특별시 중구 인현동*가 **-*,CDFG1251002012000033,3010000,,서울특별시 중구 을지로**길 **-** (인현동*가),,03,폐업,,,,02-2265-6618,,
,윌 디자인,2022-10-19,199267.488373997,451014.120821014,출판인쇄업,출판사,2026-05-03 22:48:36,I,03,폐업,,,,2022-10-19 17:15:44,,2012-02-17,100-271,서울특별시 중구 필동*가 **-*,CDFG1251002012000037,3010000,,서울특별시 중구 퇴계로 *** (필동*가),,03,폐업,,,,02-2263-9607,,
,(주)글로벌한경네트웍스,2014-01-31,196948.933328771,450906.177832843,출판인쇄업,출판사,2026-05-03 22:48:36,I,03,폐업,,,,2025-02-07 15:59:46,,2012-02-22,100-953,서울특별시 중구 중림동 ***,CDFG1251002012000041,3010000,,서울특별시 중구 서소문로 ** (중림동),,03,폐업,,,,02-365-7900,,
,클로버북스,2023-02-13,199207.538777842,451529.342819592,출판인쇄업,출판사,2026-05-03 22:48:36,I,03,폐업,,,,2024-02-08 08:43:28,,2012-02-24,,서울특별시 중구 을지로*가 ***-*,CDFG1251002012000045,3010000,,서울특별시 중구 을지로**길 * (을지로*가),04550,03,폐업,,,,02-2269-7882,,
,영그라픽스,2020-06-29,199322.667,451248.158,출판인쇄업,출판사,2026-05-03 22:48:36,I,03,폐업,,,,2020-06-29 18:03:10,,2012-02-29,100-300,서울특별시 중구 초동 **-*,CDFG1251002012000048,3010000,,서울특별시 중구 충무로 ** (초동),,03,폐업,,,,02-2272-4042,,
,성공회 출판사,2014-01-28,197802.206297578,451649.782849822,출판인쇄업,출판사,2026-05-03 22:48:36,I,03,폐업,,,,2014-01-28 15:44:08,,2012-03-05,100-120,서울특별시 중구 정동 *,CDFG1251002012000050,3010000,,서울특별시 중구 세종대로 **-** (정동),,03,폐업,,,,02-736-6990,,
,(주)프로맥스트랜스레이션,2016-07-13,199189.786245108,451121.34232144,출판인쇄업,출판사,2026-05-03 22:48:36,I,03,폐업,,,,2016-07-13 17:08:28,,2012-03-21,100-013,서울특별시 중구 충무로*가 **-*,CDFG1251002012000057,3010000,,서울특별시 중구 퇴계로 **-** (충무로*가),,03,폐업,,,,02-2277-0533,,
,래더출판(주),2024-12-17,199173.685284871,451195.158960665,출판인쇄업,출판사,2026-05-03 22:48:41,I,03,폐업,,0,0,2024-12-17 16:11:08,,2000-01-14,,서울특별시 중구 충무로*가 **-*,CDFG1251002012000070,3010000,,"서울특별시 중구 마른내로*길 **, ***호 (충무로*가)",04555,03,폐업,,,,,0,0
,영은그래픽스,2014-10-13,199539.699590143,450844.241735971,출판인쇄업,출판사,2026-05-03 22:48:41,I,03,폐업,,,,2014-10-13 19:08:28,,2012-04-13,100-272,서울특별시 중구 필동*가 **-* 영은빌딩 ***,CDFG1251002012000074,3010000,,서울특별시 중구 퇴계로 ** (필동*가),,03,폐업,,,,02-2279-4321,,
,세종아트콤,2012-11-27,199822.10979662,451182.266913412,출판인쇄업,출판사,2026-05-03 22:48:42,I,03,폐업,,,,2012-11-27 17:28:19,,2012-04-23,100-015,서울특별시 중구 충무로*가 **-*,CDFG1251002012000079,3010000,,서울특별시 중구 창경궁로 * (충무로*가),,03,폐업,,,,02-2272-5120,,
,우호애드컴,2014-10-27,199266.445620489,451500.917372629,출판인쇄업,출판사,2026-05-03 22:48:42,I,03,폐업,,,,2014-10-27 16:28:26,,2012-04-26,100-846,서울특별시 중구 을지로*가 ***-* 장양빌딩 ***호,CDFG1251002012000083,3010000,,"서울특별시 중구 을지로**길 ** (을지로*가, 장양빌딩 ***호)",,03,폐업,,,,,,
,(주)교원하이퍼센트,2021-01-27,198477.517150403,451579.634210825,출판인쇄업,출판사,2026-05-03 22:48:42,I,03,폐업,,,,2021-02-03 16:59:32,,2009-07-20,100-844,서울특별시 중구 을지로*가 *,CDFG1251002012000085,3010000,,서울특별시 중구 을지로 ** (을지로*가),,03,폐업,,,,02-397-9046,,
,(주)교원크리에이티브,2013-10-16,198477.517150403,451579.634210825,출판인쇄업,출판사,2026-05-03 22:48:42,I,03,폐업,,,,2021-07-01 09:11:30,,2010-12-07,100-844,서울특별시 중구 을지로*가 *,CDFG1251002012000086,3010000,,서울특별시 중구 을지로 ** (을지로*가),,03,폐업,,,,02-397-9046,,
,(주)나눔씨패스,2023-12-13,199186.971559131,450840.2405318,출판인쇄업,출판사,2026-05-03 22:48:43,I,03,폐업,,,,2023-12-13 14:27:53,,2010-02-04,100-250,서울특별시 중구 예장동 * 삼익(아),CDFG1251002012000088,3010000,,서울특별시 중구 퇴계로**길 ** (예장동),,03,폐업,,,,02-2263-9001,,
,도서출판 H&M,2023-01-17,199861.870155389,451244.003390078,출판인쇄업,출판사,2026-05-03 22:48:43,I,03,폐업,,,,2023-01-18 13:18:50,,2012-05-02,,서울특별시 중구 충무로*가 **-** 금성빌딩,CDFG1251002012000089,3010000,,서울특별시 중구 퇴계로**길 ** (충무로*가),04559,03,폐업,,,,02-2278-4550,,
,정광씨앤피,2020-04-27,199007.511865949,451169.72596514,출판인쇄업,출판사,2026-05-03 22:48:43,I,03,폐업,,,,2020-04-27 17:42:33,,2012-05-02,100-012,서울특별시 중구 충무로*가 **-* 제일빌딩*층,CDFG1251002012000090,3010000,,서울특별시 중구 삼일대로*길 * (충무로*가),,03,폐업,,,,,,
,넥센북,2016-04-11,199855.547336716,451327.295014574,출판인쇄업,출판사,2026-05-03 22:48:43,I,03,폐업,,,,2016-04-11 15:56:43,,2012-05-04,100-310,서울특별시 중구 오장동,CDFG1251002012000091,3010000,,서울특별시 중구 마른내로 *** (오장동),,03,폐업,,,,070-7819-8799,,
,도서출판 TL,2024-12-31,200750.455125653,449638.824308081,출판인쇄업,출판사,2026-05-03 22:48:43,I,03,폐업,,,,2025-01-17 17:33:32,,2012-05-09,100-453,서울특별시 중구 신당동 ***,CDFG1251002012000094,3010000,,서울특별시 중구 다산로 ** (신당동),,03,폐업,,,,02-2236-1491,,
,성우에이앤피(주),2015-01-19,199259.032782872,451458.991092733,출판인쇄업,출판사,2026-05-03 22:48:43,I,03,폐업,,,,2015-01-19 15:08:54,,2012-05-16,100-193,서울특별시 중구 을지로*가,CDFG1251002012000100,3010000,,서울특별시 중구 을지로**길 **-* (을지로*가),,03,폐업,,,,02-2266-5599,,
,(주)멀티비츠,2003-10-22,199189.786245108,451121.34232144,출판인쇄업,출판사,2026-05-03 22:47:12,I,03,폐업,,,,2003-10-24 10:40:16,,2001-04-17,100-013,서울특별시 중구 충무로*가 **-* **-*한영빌딩***호,CDFG1251002001000114,3010000,,"서울특별시 중구 퇴계로**길 **  (충무로*가,**-*한영빌딩***호)",,03,폐업,,,,22654233,,
,예듀 콤,2002-03-18,199810.591813598,451300.59780961,출판인쇄업,출판사,2026-05-03 22:47:13,I,03,폐업,,0,,2003-05-06 11:23:16,,2001-04-19,100-290,서울특별시 중구 예관동 **-** **-**시사빌딩 ***호,CDFG1251002001000118,3010000,,"서울특별시 중구 창경궁로 **-*  (예관동,**-**시사빌딩 ***호)",,03,폐업,,,,,,
,(주)제닉스,2007-12-12,200632.626027009,451011.517791999,출판인쇄업,출판사,2026-05-03 22:47:13,I,03,폐업,,,,2007-12-12 14:28:40,,2001-04-21,100-391,서울특별시 중구 장충동*가 **-** ***호,CDFG1251002001000121,3010000,,"서울특별시 중구 장충단로*가길 **  (장충동*가,***호)",,03,폐업,,,,02-2279-9358,,
,건우기획,2001-05-24,201775.682523178,451396.878132704,출판인쇄업,출판사,2026-05-03 22:47:13,I,03,폐업,,0,,2003-05-06 11:23:16,,2001-04-25,100-819,서울특별시 중구 신당동 ***-* ***-*성환빌딩 ***호,CDFG1251002001000124,3010000,,"서울특별시 중구 퇴계로**길 **  (신당동,***-*성환빌딩 ***호)",,03,폐업,,,,22364844,,
,진주기획,2024-12-31,199511.766167005,450565.40280769,출판인쇄업,출판사,2026-05-03 22:47:13,I,03,폐업,,0,,2025-05-02 11:24:25,,2001-04-26,100-272,서울특별시 중구 필동*가 ***-* ***-*(*층),CDFG1251002001000126,3010000,,"서울특별시 중구 퇴계로**가길 **  (필동*가,***-*(*층))",,03,폐업,,,,22668860,,
,원기획,2002-01-16,199220.324272667,451420.433192288,출판인쇄업,출판사,2026-05-03 22:47:13,I,03,폐업,,0,,2003-05-06 11:23:16,,2001-04-26,100-300,서울특별시 중구 초동 **-* 기영빌딩***호,CDFG1251002001000127,3010000,,"서울특별시 중구 충무로*길 **  (초동,기영빌딩***호)",,03,폐업,,,,22788876,,
,주신문화사,2002-12-10,199500.419899982,451531.491822476,출판인쇄업,출판사,2026-05-03 22:47:13,I,03,폐업,,0,0,2003-05-06 11:23:16,,2001-05-04,100-194,서울특별시 중구 을지로*가 ***-* ***-*무관빌딩 ***호,CDFG1251002001000128,3010000,,"서울특별시 중구 을지로**길 **-*  (을지로*가,***-*무관빌딩 ***호)",,03,폐업,,,,22787341,0,0
,주식회사 레녹스,2005-08-19,200540.96297047,451042.864555968,출판인쇄업,출판사,2026-05-03 22:47:13,I,03,폐업,,,,2005-08-19 11:34:38,,2001-05-07,100-391,서울특별시 중구 장충동*가 **-* **-*금강빌딩***호,CDFG1251002001000129,3010000,,"서울특별시 중구 장충단로*길 *  (장충동*가,**-*금강빌딩***호)",,03,폐업,,,,22632351,,
,반도산업인쇄,2007-03-15,199356.875103566,451078.6999272,출판인쇄업,출판사,2026-05-03 22:47:13,I,03,폐업,,,,2007-03-15 16:39:30,,2001-05-16,100-867,서울특별시 중구 필동*가 **,CDFG1251002001000133,3010000,,서울특별시 중구 퇴계로**길 **  (필동*가),,03,폐업,,,,02-2277-2620,,
,안암문화사,2012-09-12,199599.297361826,451495.520020102,출판인쇄업,출판사,2026-05-03 22:47:13,I,03,폐업,,0,,2012-09-12 16:12:06,,2001-06-04,100-849,서울특별시 중구 을지로*가 ***-* (*층),CDFG1251002001000142,3010000,,"서울특별시 중구 을지로**길 **  (을지로*가,(*층))",,03,폐업,,,,22380491,,
,오성사,2007-04-23,199522.77462506,451168.267356195,출판인쇄업,출판사,2026-05-03 22:47:13,I,03,폐업,,,,2007-04-23 16:15:48,,2001-06-05,100-282,서울특별시 중구 인현동*가 ***-** ***-**,CDFG1251002001000144,3010000,,"서울특별시 중구 마른내로*길 **-**  (인현동*가,***-**)",,03,폐업,,,,22660795,,
,(주)지오네이티브,2004-01-12,200553.663307382,450756.588079434,출판인쇄업,출판사,2026-05-03 22:47:13,I,03,폐업,,,,2004-01-13 13:23:10,,2001-06-07,100-391,서울특별시 중구 장충동*가 *** 제일상호신용금고빌딩***호,CDFG1251002001000146,3010000,,"서울특별시 중구 동호로 ***  (장충동*가,제일상호신용금고빌딩***호)",,03,폐업,,,,22648945,,
,(주)보우넷,2003-12-31,197945.549281823,451122.468848517,출판인쇄업,출판사,2026-05-03 22:47:13,I,03,폐업,,,,2003-12-31 12:41:05,,2001-06-11,100-080,서울특별시 중구 북창동 **-* 삼영빌딩***호,CDFG1251002001000151,3010000,,"서울특별시 중구 남대문로*길 **  (북창동,삼영빌딩***호)",,03,폐업,,,,,,
,삼여재,2004-11-30,201518.354245777,451300.137809207,출판인쇄업,출판사,2026-05-03 22:47:14,I,03,폐업,,,,2004-11-30 09:26:58,,2001-06-11,100-819,서울특별시 중구 신당동 ***-* 원풍빌딩***호,CDFG1251002001000153,3010000,,"서울특별시 중구 퇴계로**길 **  (신당동,원풍빌딩***호)",,03,폐업,,,,22368681,,
,도서출판 세계백과,2005-08-03,,,출판인쇄업,출판사,2026-05-03 22:47:14,I,03,폐업,,,,2005-08-03 17:57:34,,2001-06-13,100-210,서울특별시 중구 수하동 ** 환성빌딩***호,CDFG1251002001000154,3010000,,,,03,폐업,,,,,,
,법문사,2002-12-04,201159.507123918,451391.220187921,출판인쇄업,출판사,2026-05-03 22:47:14,I,03,폐업,,0,0,2003-05-06 11:23:16,,2001-06-18,100-823,서울특별시 중구 신당동 ***-* ***-*태화빌딩***호,CDFG1251002001000156,3010000,,"서울특별시 중구 퇴계로 ***  (신당동,***-*태화빌딩***호)",,03,폐업,,,,22538378,0,0
,화인문화기획,2006-11-06,199810.591813598,451300.59780961,출판인쇄업,출판사,2026-05-03 22:47:14,I,03,폐업,,,,2006-11-06 16:05:37,,2001-06-18,100-290,서울특별시 중구 예관동 **-** 시사빌딩****호,CDFG1251002001000157,3010000,,"서울특별시 중구 창경궁로 **-*  (예관동,시사빌딩****호)",,03,폐업,,,,,,
,도서출판 J&C,2020-04-23,199559.81287492,451275.242508566,출판인쇄업,출판사,2026-05-03 22:47:14,I,03,폐업,,0,,2020-04-23 17:10:10,,2001-06-22,100-282,서울특별시 중구 인현동*가 ***-** 정암프라자***호,CDFG1251002001000159,3010000,,"서울특별시 중구 마른내로 **  (인현동*가,정암프라자***호)",,03,폐업,,,,22730661,,
,아이씽크커뮤니케이션즈(주),2012-01-26,199678.404500928,450633.746163826,출판인쇄업,출판사,2026-05-03 22:47:14,I,03,폐업,,,,2012-01-26 13:44:08,,2001-06-25,100-273,서울특별시 중구 필동*가 **-*,CDFG1251002001000162,3010000,,서울특별시 중구 필동로 **-**  (필동*가),,03,폐업,,,,02-2269-1300,,
,금융인쇄공사,2015-01-07,,,출판인쇄업,출판사,2026-05-03 22:47:14,I,03,폐업,,0,,2015-01-07 13:00:23,,2001-06-25,100-845,서울특별시 중구 을지로*가 ***-** 신아빌딩***호,CDFG1251002001000163,3010000,,,,03,폐업,,,,22711595,,
,(주)서울항공여행사,2018-10-22,198093.956965633,451453.497370975,출판인쇄업,출판사,2026-05-03 22:47:14,I,03,폐업,,0,,2018-10-22 11:03:36,,2001-06-25,100-191,서울특별시 중구 을지로*가 ***-** 재능빌딩***호,CDFG1251002001000164,3010000,,"서울특별시 중구 을지로 * (을지로*가,재능빌딩***호)",,03,폐업,,,,,,
,미디어 창,2002-04-07,199783.428666798,450667.43054997,출판인쇄업,출판사,2026-05-03 22:47:14,I,03,폐업,,0,,2003-05-06 11:23:16,,2001-06-29,100-273,서울특별시 중구 필동*가 **-** **-**(***호),CDFG1251002001000169,3010000,,"서울특별시 중구 필동로*길 **  (필동*가,**-**(***호))",,03,폐업,,,,22789125,,
,(주)비오스컴,2012-03-09,199663.235719703,450964.917367929,출판인쇄업,출판사,2026-05-03 22:48:07,I,03,폐업,,,,2012-03-12 10:20:12,,2005-12-19,100-273,서울특별시 중구 필동*가 * *층,CDFG1251002005000225,3010000,,"서울특별시 중구 퇴계로**길 **  (필동*가,*층)",,03,폐업,,,,02-2267-0618,,
,우르르선교단,2007-01-25,201230.167293495,450277.600241968,출판인쇄업,출판사,2026-05-03 22:48:07,I,03,폐업,,,,2007-01-25 11:33:49,,2005-12-19,100-450,서울특별시 중구 신당동 *** 약수하이츠(아)***-****,CDFG1251002005000226,3010000,,"서울특별시 중구 동호로**길 **  (신당동,약수하이츠(아)***-****)",,03,폐업,,,,22530203,,
,조선출판마케팅(주),2010-03-15,,,출판인쇄업,출판사,2026-05-03 22:48:07,I,03,폐업,,,,2010-03-16 09:31:06,,2005-06-30,100-101,서울특별시 중구 태평로*가 **,CDFG1251002005000242,3010000,,,,03,폐업,,,,02-724-7575,,
,다빛출판사,2007-11-28,199579.280666667,451347.858333333,출판인쇄업,출판사,2026-05-03 22:48:07,I,03,폐업,,,,2007-12-24 14:56:23,,2005-03-11,100-282,서울특별시 중구 인현동*가 ***-* 우일빌딩 ***호,CDFG1251002005000244,3010000,,"서울특별시 중구 마른내로 **  (인현동*가,우일빌딩 ***호)",,03,폐업,,,,,,
,도서출판연필,2006-12-27,199336.561282513,451483.203653197,출판인쇄업,출판사,2026-05-03 22:48:08,I,03,폐업,,,,2006-12-27 13:31:28,,2006-01-10,100-847,서울특별시 중구 을지로*가 ***-** 삼지빌딩 ***,CDFG1251002006000013,3010000,,"서울특별시 중구 충무로 **-*  (을지로*가,삼지빌딩 ***)",,03,폐업,,,,22696150,,
,씽거스,2014-12-30,198053.591672742,451652.397672222,출판인쇄업,출판사,2026-05-03 22:48:08,I,03,폐업,,,,2014-12-30 13:14:52,,2006-01-12,100-170,서울특별시 중구 무교동 **-* 원창빌딩 ***호,CDFG1251002006000015,3010000,,"서울특별시 중구 세종대로**길 ** (무교동,원창빌딩 ***호)",,03,폐업,,,,,,
,태영문화인쇄사,2011-09-30,199475.257784786,451215.429802778,출판인쇄업,출판사,2026-05-03 22:48:08,I,03,폐업,,,,2011-09-30 16:09:04,,2006-01-16,100-282,서울특별시 중구 인현동*가 ***-* *층,CDFG1251002006000019,3010000,,"서울특별시 중구 퇴계로**가길 **  (인현동*가,*층)",,03,폐업,,,,22741448,,
,한솔피엔피,2016-12-26,199421.760522428,451265.39754298,출판인쇄업,출판사,2026-05-03 22:48:08,I,03,폐업,,,,2016-12-26 14:42:03,,2006-01-20,,서울특별시 중구 인현동*가 ***-* ***호,CDFG1251002006000024,3010000,,서울특별시 중구 마른내로*길 **-* (인현동*가),04556,03,폐업,,,,22797530,,
,동림출판사,2006-12-07,200066.692316218,451259.423172824,출판인쇄업,출판사,2026-05-03 22:48:08,I,03,폐업,,,,2006-12-07 15:15:48,,2006-01-20,100-015,서울특별시 중구 충무로*가 *-*,CDFG1251002006000025,3010000,,서울특별시 중구 마른내로**길 **-**  (충무로*가),,03,폐업,,,,22688323,,
,좋은세상미디어,2022-10-27,,,출판인쇄업,출판사,2026-05-03 22:48:08,I,03,폐업,,,,2022-10-27 15:44:08,,2006-01-24,100-885,서울특별시 중구 신당동 *** 무궁화회관 *층,CDFG1251002006000027,3010000,,,,03,폐업,,,,,,
,(주)하나영재원,2014-04-24,198025.02439973,451080.031757893,출판인쇄업,출판사,2026-05-03 22:48:08,I,03,폐업,,,,2014-04-24 14:32:21,,2006-01-26,100-080,서울특별시 중구 북창동 *** 우남빌딩 ***,CDFG1251002006000030,3010000,,"서울특별시 중구 남대문로 **-** (북창동,우남빌딩 ***)",,03,폐업,,,,,,
,세인기획,2019-03-05,199756.157212638,451200.922510911,출판인쇄업,출판사,2026-05-03 22:48:08,I,03,폐업,,,,2019-03-05 15:19:44,,2006-02-13,100-863,서울특별시 중구 충무로*가 **-* 신도빌딩 ***호,CDFG1251002006000035,3010000,,"서울특별시 중구 창경궁로 **-* (충무로*가,신도빌딩 ***호)",,03,폐업,,,,22851619,,
,도서출판 실과바늘,2007-12-28,199980.905554356,451331.897268379,출판인쇄업,출판사,2026-05-03 22:48:08,I,03,폐업,,,,2007-12-28 14:49:02,,2006-02-22,100-310,서울특별시 중구 오장동 ***-* 흥남빌딩 *층,CDFG1251002006000041,3010000,,,,03,폐업,,,,,,
,티벳하우스,2011-04-04,200820.552669659,450622.243337425,출판인쇄업,출판사,2026-05-03 22:48:08,I,03,폐업,,,,2011-04-04 15:51:32,,2006-02-27,100-833,서울특별시 중구 신당동 ***-**,CDFG1251002006000043,3010000,,서울특별시 중구 동호로**길 **  (신당동),,03,폐업,,,,02-2254-1052,,
,도서출판 현진,2021-12-09,198989.394558244,451675.09180947,출판인쇄업,출판사,2026-05-03 22:48:08,I,03,폐업,,,,2021-12-09 13:47:20,,2006-02-27,100-230,서울특별시 중구 수표동 **-* 천수빌딩 ***호,CDFG1251002006000044,3010000,,"서울특별시 중구 수표로 **  (수표동,천수빌딩 ***호)",,03,폐업,,,,02-334-0145,,
,도서출판 새로,2012-01-19,,,출판인쇄업,출판사,2026-05-03 22:48:08,I,03,폐업,,,,2012-01-19 19:29:14,,2006-02-28,100-812,서울특별시 중구 방산동 **-*,CDFG1251002006000045,3010000,,,,03,폐업,,,,02-2263-4361,,
,(주)인터노보르코포레이션,2007-04-27,200724.333286678,450384.666336412,출판인쇄업,출판사,2026-05-03 22:48:08,I,03,폐업,,,,2007-04-27 16:10:18,,2006-03-13,100-894,서울특별시 중구 신당동 ***-**,CDFG1251002006000046,3010000,,서울특별시 중구 동호로**길 **-**  (신당동),,03,폐업,,,,02-2233-2469,,
,이노Bcom,2009-01-06,199397.013822421,451070.763689185,출판인쇄업,출판사,2026-05-03 22:48:08,I,03,폐업,,,,2009-01-06 17:44:54,,2006-03-15,100-862,서울특별시 중구 충무로*가 ***-* 기종빌딩 ***호,CDFG1251002006000047,3010000,,"서울특별시 중구 퇴계로**길 **  (충무로*가,기종빌딩 ***호)",,03,폐업,,,,02-2264-6677,,
,(주)이얼싼중국문화원,2019-01-29,197861.454595185,451379.089909811,출판인쇄업,출판사,2026-05-03 22:48:08,I,03,폐업,,,,2019-01-29 14:08:12,,2006-03-20,100-102,서울특별시 중구 태평로*가 ***-* 광학빌딩,CDFG1251002006000050,3010000,,"서울특별시 중구 세종대로 ** (태평로*가,광학빌딩)",,03,폐업,,,,02-777-8868,,
,KN커뮤니케이션,2014-08-14,199664.139554783,451348.42374001,출판인쇄업,출판사,2026-05-03 22:48:08,I,03,폐업,,,,2014-08-18 10:08:33,,2006-03-20,100-282,서울특별시 중구 인현동*가 ***-* 국일빌딩 ***호,CDFG1251002006000051,3010000,,"서울특별시 중구 마른내로 ** (인현동*가,국일빌딩 ***호)",,03,폐업,,,,02-2266-3740,,
,프로특수인쇄사,2011-12-02,199240.782802808,451496.078387552,출판인쇄업,출판사,2026-05-03 22:48:09,I,03,폐업,,,,2011-12-02 13:56:44,,2006-03-24,100-846,서울특별시 중구 을지로*가 ***-** 정앙빌딩,CDFG1251002006000054,3010000,,"서울특별시 중구 을지로**길 **  (을지로*가,정앙빌딩)",,03,폐업,,,,02-2269-1531,,
,도서출판 인터웰,2007-05-03,199382.955773318,451037.967651563,출판인쇄업,출판사,2026-05-03 22:48:09,I,03,폐업,,,,2007-05-03 13:55:50,,2006-04-03,100-272,서울특별시 중구 필동*가 **-* 풍전빌딩 *층,CDFG1251002006000060,3010000,,,,03,폐업,,,,02-2268-8871,,
,성우사,2012-06-26,199332.962417091,451761.351611669,출판인쇄업,출판사,2026-05-03 22:48:09,I,03,폐업,,,,2012-06-26 17:38:39,,2006-04-03,100-852,서울특별시 중구 입정동 *** 금도빌딩 ***호,CDFG1251002006000061,3010000,,"서울특별시 중구 청계천로 ***  (입정동,금도빌딩 ***호)",,03,폐업,,,,02-2265-7731,,
,디티피아(DTPIA),2014-02-10,,,출판인쇄업,출판사,2026-05-03 22:48:43,I,03,폐업,,,,2014-02-10 14:30:54,,2012-05-18,100-282,서울특별시 중구 인현동*가 ***,CDFG1251002012000101,3010000,,서울특별시 중구 마른내로 ** (인현동*가),,03,폐업,,,,02-3393-6203,,
,(주)디티피아,2016-09-07,199230.878555905,451126.570700442,출판인쇄업,출판사,2026-05-03 22:48:44,I,03,폐업,,,,2016-09-07 17:52:21,,2012-05-18,100-013,서울특별시 중구 충무로*가 **-**,CDFG1251002012000102,3010000,,서울특별시 중구 퇴계로 **-** (충무로*가),,03,폐업,,,,02-2285-0664,,
,솔텍,2018-04-30,199725.946355477,450992.130264524,출판인쇄업,출판사,2026-05-03 22:48:44,I,03,폐업,,,,2018-04-30 14:36:34,,2012-05-21,100-273,서울특별시 중구 필동*가 **-*,CDFG1251002012000104,3010000,,서울특별시 중구 서애로 **-* (필동*가),,03,폐업,,,,02-2269-5014,,
,한국인쇄공사,2022-03-03,199465.774349086,451200.190749197,출판인쇄업,출판사,2026-05-03 22:48:45,I,03,폐업,,,,2022-03-07 15:42:54,,2012-06-18,100-282,서울특별시 중구 인현동*가,CDFG1251002012000123,3010000,,서울특별시 중구 퇴계로**가길 ** (인현동*가),,03,폐업,,,,02-2273-7866,,
,한국소방신문,2012-12-31,198852.918056574,451263.814717966,출판인쇄업,출판사,2026-05-03 22:48:46,I,03,폐업,,,,2012-12-31 13:10:02,,2012-07-03,100-031,서울특별시 중구 저동*가 **-* 명진빌딩 ***호,CDFG1251002012000133,3010000,,서울특별시 중구 삼일대로*길 * (저동*가),,03,폐업,,,,070-7437-7123,,
,(주)디아츠엔코,2016-02-04,198403.083197305,451049.012425837,출판인쇄업,출판사,2026-05-03 22:48:46,I,03,폐업,,,,2016-02-04 16:59:43,,2012-07-04,100-709,서울특별시 중구 충무로*가 **-**,CDFG1251002012000136,3010000,,서울특별시 중구 명동*길 **-** (충무로*가),,03,폐업,,,,02-730-0088,,
,에디터유나이티드,2015-05-13,200419.481783272,449678.849475128,출판인쇄업,출판사,2026-05-03 22:48:46,I,03,폐업,,,,2015-05-13 14:43:31,,2009-07-16,100-454,서울특별시 중구 신당동,CDFG1251002012000144,3010000,,서울특별시 중구 동호로**길 ***-* (신당동),,03,폐업,,,,02-518-7749,,
,제일피알(주),2015-02-02,200727.25125512,450675.266315752,출판인쇄업,출판사,2026-05-03 22:48:46,I,03,폐업,,,,2015-02-03 19:05:25,,2012-08-03,100-451,서울특별시 중구 신당동 ***-*,CDFG1251002012000158,3010000,,서울특별시 중구 동호로**길 * (신당동),,03,폐업,,,,02-790-7355,,
,월드그래픽,2023-03-22,199598.615023569,450641.555963439,출판인쇄업,출판사,2026-05-03 22:48:46,I,03,폐업,,,,2023-03-22 11:35:35,,2012-08-14,,서울특별시 중구 필동*가 **-* 평강빌딩,CDFG1251002012000166,3010000,,"서울특별시 중구 필동로 **, 평강빌딩 B*층 (필동*가)",04622,03,폐업,,,,,,
,니힐빌리양퍼블리싱컴퍼니,2014-03-12,199571.599470393,451124.851387624,출판인쇄업,출판사,2026-05-03 22:48:46,I,03,폐업,,,,2014-03-12 17:02:55,,2012-08-20,100-713,서울특별시 중구 충무로*가 ***-*,CDFG1251002012000168,3010000,,서울특별시 중구 퇴계로 *** (충무로*가),,03,폐업,,,,,,
,디투,2020-07-03,199796.465463213,451488.344883734,출판인쇄업,출판사,2026-05-03 22:48:48,I,03,폐업,,,,2020-07-03 17:22:20,,2012-09-04,100-290,서울특별시 중구 예관동 *-* 고려빌딩 ***-*,CDFG1251002012000185,3010000,,서울특별시 중구 창경궁로 **-* (예관동),,03,폐업,,,,02-2276-1426,,
,디지털컨버전스인증센터,2024-03-25,199530.789114489,451084.660834553,출판인쇄업,출판사,2026-05-03 22:48:48,I,03,폐업,,,,2024-04-02 11:03:50,,2010-07-02,100-014,서울특별시 중구 충무로*가 ***-*,CDFG1251002012000187,3010000,,서울특별시 중구 퇴계로 *** (충무로*가),,03,폐업,,,,,,
,알원,2023-05-18,199443.840391258,451178.935537859,출판인쇄업,출판사,2026-05-03 22:48:48,I,03,폐업,,,,2023-05-18 15:34:01,,2012-09-12,100-863,서울특별시 중구 충무로*가 **-**,CDFG1251002012000193,3010000,,서울특별시 중구 마른내로*가길 **-* (충무로*가),,03,폐업,,,,02-2269-1851,,
,해바라기 피는 마을,2015-01-13,199664.139554783,451348.42374001,출판인쇄업,출판사,2026-05-03 22:48:49,I,03,폐업,,,,2015-01-13 15:10:48,,2012-09-28,100-282,서울특별시 중구 인현동*가 ***-* 국일빌딩 ***호,CDFG1251002012000203,3010000,,서울특별시 중구 마른내로 ** (인현동*가),,03,폐업,,,,02-2263-1276,,
,이지아트,2013-11-05,199232.345917588,451069.902564679,출판인쇄업,출판사,2026-05-03 22:48:49,I,03,폐업,,,,2013-11-11 15:07:17,,2012-10-24,100-271,서울특별시 중구 필동*가 *-*,CDFG1251002012000214,3010000,,서울특별시 중구 퇴계로**길 ** (필동*가),,03,폐업,,,,02-2268-9156,,
,살며 사랑하며,2023-03-23,199269.527925864,451465.042156905,출판인쇄업,출판사,2026-05-03 22:48:49,I,03,폐업,,,,2023-03-23 13:17:44,,2012-10-26,100-846,서울특별시 중구 을지로*가 ***-*,CDFG1251002012000215,3010000,,서울특별시 중구 충무로 ** (을지로*가),,03,폐업,,,,070-8785-9668,,
,37+α,2021-06-29,198733.033970439,450704.944926926,출판인쇄업,출판사,2026-05-03 22:48:49,I,03,폐업,,,,2021-06-29 14:37:43,,2012-10-26,100-042,서울특별시 중구 남산동*가 **-* 청어람빌딩 *층,CDFG1251002012000216,3010000,,서울특별시 중구 퇴계로**길 ** (남산동*가),,03,폐업,,,,070-7569-3960,,
,양동출판사,2018-04-06,199400.888854256,451471.054582253,출판인쇄업,출판사,2026-05-03 22:48:49,I,03,폐업,,,,2018-04-09 20:27:57,,2001-08-24,100-281,서울특별시 중구 인현동*가 **-*,CDFG1251002012000217,3010000,,서울특별시 중구 을지로**길 **-* (인현동*가),,03,폐업,,,,,,
,레알멘토즈(REAL MENTORS),2016-07-08,199378.798616193,450888.785362222,출판인쇄업,출판사,2026-05-03 22:48:49,I,03,폐업,,,,2016-07-08 15:30:12,,2012-11-08,100-272,서울특별시 중구 필동*가 **-*,CDFG1251002012000221,3010000,,서울특별시 중구 퇴계로**길 * (필동*가),,03,폐업,,,,02-2267-1235,,
,(주)반도문화사,2015-09-17,199561.680479626,450807.646221645,출판인쇄업,출판사,2026-05-03 22:48:49,I,03,폐업,,,,2015-09-18 09:01:13,,2007-04-26,100-272,서울특별시 중구 필동*가 비 ***호,CDFG1251002012000225,3010000,,서울특별시 중구 필동로 **-* (필동*가),,03,폐업,,,,02-723-1001,,
,지식인,2015-04-14,199688.621135549,450808.913989243,출판인쇄업,출판사,2026-05-03 22:48:49,I,03,폐업,,,,2015-04-14 15:16:12,,2012-11-19,100-273,서울특별시 중구 필동*가 **-*,CDFG1251002012000227,3010000,,서울특별시 중구 서애로*길 ** (필동*가),,03,폐업,,,,02-2266-8607,,
,(주)온리원씨앤피,2021-12-03,199170.677028258,451519.369414946,출판인쇄업,출판사,2026-05-03 22:48:50,I,03,폐업,,,,2021-12-03 13:36:09,,2012-11-19,100-846,서울특별시 중구 을지로*가 ***-**,CDFG1251002012000228,3010000,,서울특별시 중구 을지로**길 * (을지로*가),,03,폐업,,,,02-2265-2723,,
,토탈디자인북스,2007-07-26,199363.129622048,451008.456459696,출판인쇄업,출판사,2026-05-03 22:47:14,I,03,폐업,,,,2007-07-26 11:22:21,,2001-07-05,100-867,서울특별시 중구 필동*가 **-** 하니빌딩****,CDFG1251002001000172,3010000,,"서울특별시 중구 퇴계로 ***  (필동*가,하니빌딩****)",,03,폐업,,,,22788430,,
,유일상사,2010-12-30,,,출판인쇄업,출판사,2026-05-03 22:47:14,I,03,폐업,,0,,2010-12-30 14:19:01,,2001-07-05,100-845,서울특별시 중구 을지로*가 **-* **-*한일빌딩***호,CDFG1251002001000173,3010000,,,,03,폐업,,,,22799440,,
,세일출판사,2004-01-12,199127.56726304,451523.379820208,출판인쇄업,출판사,2026-05-03 22:47:14,I,03,폐업,,,,2004-03-24 18:26:56,,2001-07-10,100-846,서울특별시 중구 을지로*가 ***-*,CDFG1251002001000175,3010000,,서울특별시 중구 을지로 ***  (을지로*가),,03,폐업,,,,22663946,,
,디아이에스,2002-08-20,199632.593469236,451344.248667865,출판인쇄업,출판사,2026-05-03 22:47:15,I,03,폐업,,0,0,2003-05-06 11:23:16,,2001-07-12,100-282,서울특별시 중구 인현동*가 ***-* 젤코바빌딩***,CDFG1251002001000178,3010000,,"서울특별시 중구 마른내로 **  (인현동*가,젤코바빌딩***)",,03,폐업,,,,22691321,0,0
근린생활시설,도서출판 도담꽃,2008-12-30,197107.255461475,450569.451264203,출판인쇄업,출판사,2026-05-03 22:47:15,I,03,폐업,,,,2008-12-30 15:20:24,,2001-08-01,100-859,서울특별시 중구 중림동 ***-*,CDFG1251002001000183,3010000,,,,03,폐업,,,,,,
,법문사,2001-12-24,199145.32420106,451040.432662092,출판인쇄업,출판사,2026-05-03 22:47:15,I,03,폐업,,0,,2003-05-06 11:23:16,,2001-08-06,100-705,서울특별시 중구 충무로*가 **-* 극동빌딩***,CDFG1251002001000186,3010000,,"서울특별시 중구 퇴계로 ***  (충무로*가,극동빌딩***)",,03,폐업,,,,22655530,,
,도서출판 송원,2014-02-12,199481.033744155,450924.241094565,출판인쇄업,출판사,2026-05-03 22:47:15,I,03,폐업,,,,2014-02-12 11:40:43,,2001-08-06,100-272,서울특별시 중구 필동*가 **-* *층,CDFG1251002001000189,3010000,,,,03,폐업,,,,02-2264-0156,,
,동방인쇄공사,2006-06-22,,,출판인쇄업,출판사,2026-05-03 22:47:15,I,03,폐업,,,,2006-06-22 11:41:23,,2001-08-13,100-282,서울특별시 중구 인현동*가 **-* (*층),CDFG1251002001000191,3010000,,,,03,폐업,,,,22663961,,
,동원문화사,2008-08-29,199332.984027781,451408.541940369,출판인쇄업,출판사,2026-05-03 22:47:15,I,03,폐업,,,,2008-08-29 14:33:01,,2001-08-20,100-300,서울특별시 중구 초동 **-* 초동빌딩***호,CDFG1251002001000193,3010000,,"서울특별시 중구 충무로*길 *  (초동,초동빌딩***호)",,03,폐업,,,,22680333,,
,도서출판 케이 엔 시,2004-01-12,199209.769531853,451294.057256481,출판인쇄업,출판사,2026-05-03 22:47:15,I,03,폐업,,,,2004-03-24 18:31:39,,2001-08-24,100-300,서울특별시 중구 초동 ***-* 덕양빌딩*층 ***호,CDFG1251002001000195,3010000,,"서울특별시 중구 수표로**길 **  (초동,덕양빌딩*층 ***호)",,03,폐업,,,,22634256,,
근린생활시설,월간마음을 밝히는 글 사,2001-11-02,,,출판인쇄업,출판사,2026-05-03 22:47:16,I,03,폐업,,0,,2003-05-06 11:23:16,,2001-08-29,100-141,서울특별시 중구 의주로*가 ** *층,CDFG1251002001000197,3010000,,,,03,폐업,기타,,,,,
,드림스 월드,2002-03-27,201159.507123918,451391.220187921,출판인쇄업,출판사,2026-05-03 22:47:16,I,03,폐업,,0,,2003-05-06 11:23:16,,2001-08-31,100-823,서울특별시 중구 신당동 ***-* 대화빌딩***,CDFG1251002001000198,3010000,,"서울특별시 중구 퇴계로 ***  (신당동,대화빌딩***)",,03,폐업,,,,22521760,,
,도서출판 대자보,2004-07-15,199226.682502131,451440.249193917,출판인쇄업,출판사,2026-05-03 22:47:16,I,03,폐업,,,,2004-07-16 09:32:09,,2001-09-03,100-846,서울특별시 중구 을지로*가 ***-* 상록수빌딩 ***호,CDFG1251002001000200,3010000,,,,03,폐업,,,,22795121,,
,녹인,2007-04-26,,,출판인쇄업,출판사,2026-05-03 22:47:16,I,03,폐업,,,,2007-04-26 11:21:08,,2001-09-03,100-400,서울특별시 중구 쌍림동 ***-** 신한빌딩***호,CDFG1251002001000201,3010000,,,,03,폐업,,,,22795121,,
,도서출판신의손,2006-06-29,199268.444861177,451489.916400631,출판인쇄업,출판사,2026-05-03 22:47:16,I,03,폐업,,,,2006-06-29 13:57:02,,2001-09-04,100-846,서울특별시 중구 을지로*가 ***-** 천을빌딩***-비,CDFG1251002001000203,3010000,,"서울특별시 중구 충무로 **-*  (을지로*가,천을빌딩***-비)",,03,폐업,,,,22692352,,
,미디어 칸,2004-02-03,197271.110826728,451730.615153309,출판인쇄업,출판사,2026-05-03 22:47:16,I,03,폐업,,,,2004-02-04 09:50:20,,2001-09-14,100-120,서울특별시 중구 정동 **-* 경향신문 별관 *층,CDFG1251002001000210,3010000,,"서울특별시 중구 정동길 *  (정동,경향신문 별관 *층)",,03,폐업,,,,,,
,도덕연대해럴드,2003-03-03,199540.014446067,451538.669466551,출판인쇄업,출판사,2026-05-03 22:47:16,I,03,폐업,,0,0,2003-05-06 11:23:16,,2001-09-18,100-849,서울특별시 중구 을지로*가 ***-** 삼풍빌딩 **층****호,CDFG1251002001000212,3010000,,"서울특별시 중구 을지로 ***  (을지로*가,삼풍빌딩 **층****호)",,03,폐업,,,,22648940,0,0
,도서출판 해동문학,2003-10-07,,,출판인쇄업,출판사,2026-05-03 22:47:16,I,03,폐업,,,,2003-10-08 16:53:51,,2001-09-24,100-845,서울특별시 중구 을지로*가 ***-* 유니온빌딩 ***호,CDFG1251002001000217,3010000,,,,03,폐업,,,,22744550,,
,헤르메스북,2004-02-02,198924.260724823,451587.47893685,출판인쇄업,출판사,2026-05-03 22:47:17,I,03,폐업,,,,2004-02-02 15:23:26,,2001-10-12,100-845,서울특별시 중구 을지로*가 ***-** *층,CDFG1251002001000224,3010000,,"서울특별시 중구 삼일대로**길 **-*  (을지로*가,*층)",,03,폐업,,,,22746303,,
,한국생활불교사,2003-08-12,199115.162515675,451501.106828934,출판인쇄업,출판사,2026-05-03 22:47:17,I,03,폐업,,,,2003-08-12 17:45:11,,2001-10-22,100-846,서울특별시 중구 을지로*가 *** 상지빌딩***호,CDFG1251002001000229,3010000,,"서울특별시 중구 을지로 ***-**  (을지로*가,상지빌딩***호)",,03,폐업,,,,22713999,,
,대일기획인쇄,2008-06-26,199397.929192719,451527.53625738,출판인쇄업,출판사,2026-05-03 22:47:17,I,03,폐업,,,,2008-06-26 16:55:09,,2001-10-22,100-847,서울특별시 중구 을지로*가 *** 유일빌딩***호,CDFG1251002001000230,3010000,,"서울특별시 중구 을지로**길 *-*  (을지로*가,유일빌딩***호)",,03,폐업,,,,22748397,,
,명성서림,2014-01-16,199060.787041141,451176.75873046,출판인쇄업,출판사,2026-05-03 22:47:17,I,03,폐업,,,,2014-02-06 19:25:49,,2001-10-22,100-861,서울특별시 중구 충무로*가 **-* (*층),CDFG1251002001000231,3010000,,,,03,폐업,,,,22630486,,
,하나영어사,2013-11-11,200717.632950779,450453.629398887,출판인쇄업,출판사,2026-05-03 22:47:18,I,03,폐업,,0,,2013-11-11 15:04:20,,2001-10-25,100-894,서울특별시 중구 신당동 ***-* 장충빌딩***호,CDFG1251002001000232,3010000,,"서울특별시 중구 동호로**길 *  (신당동,장충빌딩***호)",,03,폐업,,,,22523528,,
,홍일디자인,2007-03-26,199303.523789232,451086.415293019,출판인쇄업,출판사,2026-05-03 22:47:19,I,03,폐업,,,,2007-03-26 14:11:52,,2001-10-30,100-013,서울특별시 중구 충무로*가 **-* 해창빌딩 *층 ***호,CDFG1251002001000235,3010000,,"서울특별시 중구 충무로 *  (충무로*가,해창빌딩 *층 ***호)",,03,폐업,,,,02-2285-2407,,
,원일인쇄상사,2012-08-28,199058.122817314,451481.04672057,출판인쇄업,출판사,2026-05-03 22:48:09,I,03,폐업,,,,2012-08-30 09:11:22,,2006-04-04,100-846,서울특별시 중구 을지로*가 ***-**,CDFG1251002006000065,3010000,,서울특별시 중구 수표로 **-*  (을지로*가),,03,폐업,,,,22723644,,
,비솔,2007-03-22,200708.11920015,450197.564744948,출판인쇄업,출판사,2026-05-03 22:48:09,I,03,폐업,,,,2007-03-22 15:55:05,,2006-04-10,100-835,서울특별시 중구 신당동 ***-** 퍼시픽빌딩 *층,CDFG1251002006000069,3010000,,"서울특별시 중구 동호로**길 **  (신당동,퍼시픽빌딩 *층)",,03,폐업,,,,02-2234-1690,,
,금강학술원,2011-04-11,201449.333148313,451482.686244977,출판인쇄업,출판사,2026-05-03 22:48:09,I,03,폐업,,,,2011-04-11 14:46:23,,2006-04-13,100-879,서울특별시 중구 흥인동 ** *층,CDFG1251002006000072,3010000,,"서울특별시 중구 퇴계로 ***  (흥인동,*층)",,03,폐업,,,,02-2234-5081,,
,중앙일보NIE 연구소,2009-05-22,197249.357745588,451208.560235989,출판인쇄업,출판사,2026-05-03 22:48:09,I,03,폐업,,,,2009-05-25 10:17:46,,2006-05-09,,서울특별시 중구 순화동 *** 바비엥 *층,CDFG1251002006000083,3010000,,"서울특별시 중구 통일로 **  (순화동,바비엥 *층)",,03,폐업,,,,02-6399-6871,,
,필기획,2011-04-20,199933.154169174,450973.073969283,출판인쇄업,출판사,2026-05-03 22:48:09,I,03,폐업,,,,2011-04-21 09:28:10,,2006-05-11,100-380,서울특별시 중구 묵정동 **-**,CDFG1251002006000086,3010000,,서울특별시 중구 서애로*길 **  (묵정동),,03,폐업,,,,02-2275-8005,,
,도서출판 서울,2017-03-21,199664.139554783,451348.42374001,출판인쇄업,출판사,2026-05-03 22:48:09,I,03,폐업,,,,2017-03-21 18:23:11,,2006-06-02,100-282,서울특별시 중구 인현동*가 ***-* 국일빌딩 ***호,CDFG1251002006000093,3010000,,"서울특별시 중구 마른내로 ** (인현동*가,국일빌딩 ***호)",,03,폐업,,,,02-2272-1533,,
,하나원,2011-12-01,200122.236694315,450936.131009737,출판인쇄업,출판사,2026-05-03 22:48:09,I,03,폐업,,,,2011-12-01 08:43:19,,2006-06-20,100-380,서울특별시 중구 묵정동 **-** 대학문화원 ***호,CDFG1251002006000095,3010000,,"서울특별시 중구 동호로**길 **  (묵정동,대학문화원 ***호)",,03,폐업,,,,02-2273-7068,,
,비스컨,2007-04-17,199401.908701836,451134.131723252,출판인쇄업,출판사,2026-05-03 22:48:09,I,03,폐업,,,,2007-04-17 11:16:53,,2006-07-06,100-862,서울특별시 중구 충무로*가 *** 동영빌딩 ***호,CDFG1251002006000103,3010000,,"서울특별시 중구 충무로*길 **  (충무로*가,동영빌딩 ***호)",,03,폐업,,,,02-2268-8077,,
,안성미디어,2013-04-22,199230.890676183,451412.731252711,출판인쇄업,출판사,2026-05-03 22:48:09,I,03,폐업,,,,2013-04-23 10:02:55,,2006-07-10,100-300,서울특별시 중구 초동 **-** *층,CDFG1251002006000104,3010000,,"서울특별시 중구 을지로**길 **  (초동,*층)",,03,폐업,,,,02-2264-6873,,
,선암사,2021-02-02,196948.933328771,450906.177832843,출판인쇄업,출판사,2026-05-03 22:48:09,I,03,폐업,,,,2021-02-03 16:59:23,,2006-07-19,,서울특별시 중구 중림동 *** 센트럴타워,CDFG1251002006000110,3010000,,"서울특별시 중구 서소문로 **, 센트럴타워 ***호 (중림동)",04505,03,폐업,,,,,,
,실천신학연구소,2022-10-07,197008.559372704,450621.988039575,출판인쇄업,출판사,2026-05-03 22:48:09,I,03,폐업,,,,2022-10-07 16:16:42,,2006-07-28,100-859,서울특별시 중구 중림동 *** *층,CDFG1251002006000112,3010000,,"서울특별시 중구 중림로 **  (중림동,*층)",,03,폐업,,,,02-362-1199,,
,(주)유아림,2016-09-05,201320.289041965,451036.942483482,출판인쇄업,출판사,2026-05-03 22:48:09,I,03,폐업,,,,2016-09-05 16:41:51,,2006-07-31,100-824,서울특별시 중구 신당동 ***-**,CDFG1251002006000116,3010000,,서울특별시 중구 청구로*길 ** (신당동),,03,폐업,,,,02-2231-3201,,
,한움커뮤니케이션,2019-03-22,199725.873589087,450887.68312129,출판인쇄업,출판사,2026-05-03 22:48:09,I,03,폐업,,,,2019-03-22 17:01:43,,2006-07-31,100-273,서울특별시 중구 필동*가 **-** *층,CDFG1251002006000117,3010000,,"서울특별시 중구 서애로 **-* (필동*가,*층)",,03,폐업,,,,02-2277-0870,,
,세진종합미술,2013-12-30,199162.415075612,451283.435490131,출판인쇄업,출판사,2026-05-03 22:48:10,I,03,폐업,,,,2013-12-30 17:56:36,,2006-08-23,100-300,서울특별시 중구 초동 ***-**,CDFG1251002006000129,3010000,,서울특별시 중구 퇴계로**길 ** (초동),,03,폐업,,,,02-2269-4502,,
,샤크커뮤니케이션,2024-04-02,199693.572506989,450879.051155782,출판인쇄업,출판사,2026-05-03 22:48:10,I,03,폐업,,,,2024-04-02 11:03:59,,2006-08-23,100-273,서울특별시 중구 필동*가 **-* 통일회관 *층,CDFG1251002006000132,3010000,,"서울특별시 중구 서애로 **  (필동*가,통일회관 *층)",,03,폐업,,,,02-2268-1383,,
,천세,2014-03-21,,,출판인쇄업,출판사,2026-05-03 22:48:10,I,03,폐업,,,,2014-03-27 21:47:03,,2006-09-04,100-290,서울특별시 중구 예관동,CDFG1251002006000135,3010000,,서울특별시 중구 창경궁로*길 **-* (예관동),,03,폐업,,,,02-2272-2727,,
,북차이나21,2016-02-26,201016.89007232,450183.509346463,출판인쇄업,출판사,2026-05-03 22:48:10,I,03,폐업,,,,2016-02-26 15:32:29,,2006-09-05,,서울특별시 중구 신당동 ***-** 사단법인 양지회,CDFG1251002006000137,3010000,,"서울특별시 중구 동호로*길 ** (신당동, 유현빌딩)",04594,03,폐업,,,,02-2231-0819,,
,도서출판 케이빌더,2011-10-07,199423.280334655,451373.54790283,출판인쇄업,출판사,2026-05-03 22:48:10,I,03,폐업,,,,2011-10-07 14:56:06,,2006-09-08,100-281,서울특별시 중구 인현동*가 **-* 조성빌딩 *층,CDFG1251002006000139,3010000,,"서울특별시 중구 을지로**길 **  (인현동*가,조성빌딩 *층)",,03,폐업,,,,02-780-1007,,
,디자인팜,2007-09-03,,,출판인쇄업,출판사,2026-05-03 22:48:10,I,03,폐업,,,,2007-09-03 09:21:25,,2006-05-17,100-310,서울특별시 중구 오장동 ***-** 문명빌딩 ***호,CDFG1251002006000140,3010000,,,,03,폐업,,,,,,
,(주)타임투어,2010-02-18,198061.507665253,450727.901463786,출판인쇄업,출판사,2026-05-03 22:48:10,I,03,폐업,,,,2024-02-16 11:09:34,,2006-06-23,100-805,서울특별시 중구 남창동 ***-* 정훈빌딩 *층,CDFG1251002006000141,3010000,,"서울특별시 중구 퇴계로 ** (남창동,정훈빌딩 *층)",,03,폐업,,,,02-720-0898,,
,우리문화사,2013-02-27,199267.488373997,451014.120821014,출판인쇄업,출판사,2026-05-03 22:48:10,I,03,폐업,,,,2014-01-10 14:43:49,,2006-09-13,100-866,서울특별시 중구 필동*가 **-* 국제빌딩 ***호,CDFG1251002006000143,3010000,,"서울특별시 중구 퇴계로 *** (필동*가,국제빌딩 ***호)",,03,폐업,,,,02-2269-7115,,
,독서당,2019-05-30,199162.082687084,450928.290573878,출판인쇄업,출판사,2026-05-03 22:48:10,I,03,폐업,,,,2019-05-30 17:55:12,,2006-09-18,100-260,서울특별시 중구 남학동 **-* 만수빌딩 ***호,CDFG1251002006000145,3010000,,"서울특별시 중구 퇴계로**길 * (남학동,만수빌딩 ***호)",,03,폐업,,,,02-2273-9816,,
,한성,2008-12-31,199377.133577069,451405.988430225,출판인쇄업,출판사,2026-05-03 22:48:10,I,03,폐업,,,,2009-01-02 11:49:02,,2006-09-22,100-281,서울특별시 중구 인현동*가 **-** 삼우빌딩 *층 ***호,CDFG1251002006000146,3010000,,,,03,폐업,,,,02-2271-2722,,
,책과나,2006-11-22,,,출판인쇄업,출판사,2026-05-03 22:48:10,I,03,폐업,,,,2006-11-22 11:48:02,,2006-10-02,100-095,서울특별시 중구 남대문로*가 대우재단빌딩 **층,CDFG1251002006000150,3010000,,,,03,폐업,,,,02-6366-0511,,
,한국특허신문사,2021-09-09,199571.599470393,451124.851387624,출판인쇄업,출판사,2026-05-03 22:48:50,I,03,폐업,,,,2021-09-10 09:53:17,,2012-11-27,100-713,서울특별시 중구 충무로*가 ***-*,CDFG1251002012000233,3010000,,"서울특별시 중구 퇴계로 ***, *층 ***-*호 (충무로*가, 진양상가)",,03,폐업,,,,02-2238-4345,,
,인쇄/디자인 우정 P&P,2017-10-16,199601.188599843,450862.402540517,출판인쇄업,출판사,2026-05-03 22:48:50,I,03,폐업,,,,2017-10-16 10:07:41,,2012-11-30,100-272,서울특별시 중구 필동*가 **,CDFG1251002012000234,3010000,,서울특별시 중구 필동로 ** (필동*가),,03,폐업,,,,02-2285-1589,,
,나인플러스,2024-12-31,199132.611344259,451161.528501415,출판인쇄업,출판사,2026-05-03 22:48:50,I,03,폐업,,,,2025-03-24 13:32:12,,2012-12-04,,서울특별시 중구 충무로*가 **-**,CDFG1251002012000235,3010000,,"서울특별시 중구 수표로*길 **, ***호 (충무로*가, 유진빌딩)",04554,03,폐업,,,,02-2273-7503,,
,한벗문화사,2018-05-14,199422.332965738,451288.282455139,출판인쇄업,출판사,2026-05-03 22:48:50,I,03,폐업,,,,2018-05-25 11:26:36,,2013-01-08,100-281,서울특별시 중구 인현동*가 *** ***호,CDFG1251002013000006,3010000,,서울특별시 중구 마른내로*가길 * (인현동*가),,03,폐업,,,,02-2278-7788,,
,대림기획,2019-12-27,199496.15608424,451414.073254738,출판인쇄업,출판사,2026-05-03 22:48:50,I,03,폐업,,,,2019-12-27 09:20:21,,2013-01-14,100-282,서울특별시 중구 인현동*가 **-*,CDFG1251002013000007,3010000,,서울특별시 중구 을지로**길 **-* (인현동*가),,03,폐업,,,,02-2279-8382,,
,월드기획,2013-01-29,199023.967503662,451105.474557896,출판인쇄업,출판사,2026-05-03 22:48:51,I,03,폐업,,,,2013-02-13 16:19:10,,2013-01-15,100-861,서울특별시 중구 충무로*가 **-* 라이온스빌딩 ***,CDFG1251002013000010,3010000,,서울특별시 중구 삼일대로*길 * (충무로*가),,03,폐업,,,,02-2277-4060,,
,(주)남산 피앤피,2020-07-03,199663.989241815,450758.189337952,출판인쇄업,출판사,2026-05-03 22:48:52,I,03,폐업,,,,2020-07-03 13:56:57,,2013-02-25,,서울특별시 중구 필동*가 **-* 정문출판사(주),CDFG1251002013000047,3010000,,서울특별시 중구 서애로*길 **-** (필동*가),04623,03,폐업,,,,02-2279-6245,,
,휴먼스토리,2013-12-31,200912.763957462,450078.855010335,출판인쇄업,출판사,2026-05-03 22:48:52,I,03,폐업,,,,2013-12-31 11:00:21,,2013-02-28,100-840,서울특별시 중구 신당동 ***-** 임마뉴엘빌딩 ***,CDFG1251002013000050,3010000,,서울특별시 중구 동호로*길 ** (신당동),,03,폐업,,,,02-2231-0441,,
,아데코플랜,2015-08-06,199321.766652414,451546.874463243,출판인쇄업,출판사,2026-05-03 22:48:52,I,03,폐업,,,,2015-08-06 11:39:28,,2013-03-06,100-847,서울특별시 중구 을지로*가 ***-** ***,CDFG1251002013000054,3010000,,서울특별시 중구 을지로 ***-* (을지로*가),,03,폐업,,,,02-2266-0700,,
,익스,2015-11-26,199101.705148458,451201.720892908,출판인쇄업,출판사,2026-05-03 22:48:52,I,03,폐업,,,,2015-11-26 14:28:38,,2012-12-11,100-013,서울특별시 중구 충무로*가 **-**,CDFG1251002013000060,3010000,,서울특별시 중구 수표로 **-* (충무로*가),,03,폐업,,,,02-2263-3842,,
,컴팩트,2015-01-15,199438.671694039,451260.610919828,출판인쇄업,출판사,2026-05-03 22:48:52,I,03,폐업,,,,2015-01-15 16:18:52,,2013-03-13,100-281,서울특별시 중구 인현동*가 ***-*,CDFG1251002013000063,3010000,,서울특별시 중구 마른내로*가길 **-* (인현동*가),,03,폐업,,,,02-6080-1795,,
,(주)씨앤디자인,2017-01-06,198997.675303045,451419.72778562,출판인쇄업,출판사,2026-05-03 22:48:52,I,03,폐업,,,,2017-01-06 16:12:16,,2013-03-15,100-032,서울특별시 중구 저동*가 **-*,CDFG1251002013000067,3010000,,"서울특별시 중구 마른내로 **, ***-A호 (저동*가, 창강빌딩)",,03,폐업,,,,22687885,,
,전가시선,2020-06-09,199559.81287492,451275.242508566,출판인쇄업,출판사,2026-05-03 22:48:53,I,03,폐업,,,,2020-06-09 15:30:47,,2013-03-19,100-282,서울특별시 중구 인현동*가 ***-** 신성(아)*층 ***호,CDFG1251002013000069,3010000,,서울특별시 중구 마른내로 ** (인현동*가),,03,폐업,,,,070-4645-4551,,
,무영아트,2019-03-25,199235.338949436,451113.148084908,출판인쇄업,출판사,2026-05-03 22:48:53,I,03,폐업,,,,2019-03-25 16:13:27,,2013-03-21,100-013,서울특별시 중구 충무로*가 **-* 스타빌딩 *층,CDFG1251002013000071,3010000,,서울특별시 중구 수표로*길 ** (충무로*가),,03,폐업,,,,02-2266-4372,,
,건양사,2021-12-27,199269.407920007,451282.308761837,출판인쇄업,출판사,2026-05-03 22:48:53,I,03,폐업,,,,2021-12-28 09:57:13,,2013-03-21,100-300,"서울특별시 중구 초동 ** 아시아미디어타워 ***,***,***호",CDFG1251002013000072,3010000,,서울특별시 중구 충무로 ** (초동),,03,폐업,,,,02-2272-4331,,
,삼화칼라,2017-03-27,199163.089714552,451273.359878421,출판인쇄업,출판사,2026-05-03 22:48:53,I,03,폐업,,,,2017-03-27 16:47:02,,2013-04-01,100-300,서울특별시 중구 초동 ***-*,CDFG1251002013000078,3010000,,"서울특별시 중구 퇴계로**길 **, *층 (초동, 민성빌딩)",,03,폐업,,,,02-2273-7589,,
,갭인디고,2023-05-02,199196.688780377,451192.898035114,출판인쇄업,출판사,2026-05-03 22:48:53,I,03,폐업,,,,2023-05-09 16:02:06,,2013-04-02,100-013,서울특별시 중구 충무로*가 **-* *층,CDFG1251002013000079,3010000,,서울특별시 중구 수표로*길 ** (충무로*가),,03,폐업,,,,,,
,(주)제니스문화사업단,2022-09-16,199122.001973881,450893.222372434,출판인쇄업,출판사,2026-05-03 22:48:54,I,03,폐업,,,,2022-09-19 09:50:34,,2013-04-24,,서울특별시 중구 남학동 **-*,CDFG1251002013000091,3010000,,"서울특별시 중구 퇴계로**길 **-*, *층 (남학동)",04627,03,폐업,,,,02-723-1012,,
,중구문화사,2015-10-06,197462.198757043,450878.211786274,출판인쇄업,출판사,2026-05-03 22:48:54,I,03,폐업,,,,2015-10-06 11:16:39,,2013-04-29,100-130,서울특별시 중구 순화동 *** 포스코더샾 A동 ***-*호,CDFG1251002013000094,3010000,,서울특별시 중구 칠패로 ** (순화동),,03,폐업,,,,,,
,(사)한국장애인연맹 인쇄사업소,2016-02-02,199224.489152775,451457.768390612,출판인쇄업,출판사,2026-05-03 22:48:54,I,03,폐업,,,,2016-06-14 09:39:53,,2013-04-29,100-193,서울특별시 중구 을지로*가,CDFG1251002013000095,3010000,,서울특별시 중구 을지로**길 ** (을지로*가),,03,폐업,,,,02-2279-6686,,
사무실,대성의학사,2015-03-06,199219.874290689,451537.550935489,출판인쇄업,출판사,2026-05-03 22:48:54,I,03,폐업,,82.64,5,2015-03-06 14:43:02,,2009-06-22,100-846,서울특별시 중구 을지로*가 ***-*,CDFG1251002013000096,3010000,근린상업지역,서울특별시 중구 을지로 ***-* (을지로*가),,03,폐업,기타,,,02-2295-3444,5,
,그래집 주식회사,2014-06-25,,,출판인쇄업,출판사,2026-05-03 22:48:54,I,03,폐업,,,,2014-06-25 11:32:55,,2013-05-08,100-451,서울특별시 중구 신당동,CDFG1251002013000100,3010000,,서울특별시 중구 동호로**가길 ***-** (신당동),,03,폐업,,,,,,
,플럭스(PLUX),2024-12-31,199213.779315911,451517.58035169,출판인쇄업,출판사,2026-05-03 22:48:54,I,03,폐업,,,,2025-05-12 18:07:26,,2013-05-24,100-193,서울특별시 중구 을지로*가 ***-*,CDFG1251002013000107,3010000,,"서울특별시 중구 을지로**길 *, ***호 (을지로*가, 을지빌딩본관)",,03,폐업,,,,02-3785-2738,,
,사회와연대,2006-05-04,201101.941207052,450565.862783088,출판인쇄업,출판사,2026-05-03 22:47:19,I,03,폐업,,,,2008-01-14 15:37:34,,2001-11-06,100-826,서울특별시 중구 신당동 ***-*** *층,CDFG1251002001000240,3010000,,"서울특별시 중구 다산로**길 **  (신당동,*층)",,03,폐업,,,,,,
,(주)와이에이치기획,2010-03-11,199559.81287492,451275.242508566,출판인쇄업,출판사,2026-05-03 22:47:19,I,03,폐업,,,,2010-03-12 15:38:03,,2001-11-09,100-282,서울특별시 중구 인현동*가 ***-** 신설상가***호,CDFG1251002001000242,3010000,,"서울특별시 중구 마른내로 **  (인현동*가,신설상가***호)",,03,폐업,,,,,,
,생각샘,2012-05-21,200004.313041532,451199.795046305,출판인쇄업,출판사,2026-05-03 22:47:19,I,03,폐업,,0,,2012-05-21 11:05:33,,2001-11-13,100-015,서울특별시 중구 충무로*가 *-* 삼인빌딩***호,CDFG1251002001000243,3010000,,,,03,폐업,,,,22671268,,
,두주북스,2008-07-07,199700.456902483,450776.448781671,출판인쇄업,출판사,2026-05-03 22:47:19,I,03,폐업,,,,2008-07-07 14:33:00,,2001-11-16,100-273,서울특별시 중구 필동*가 **-** 진성빌딩***호,CDFG1251002001000245,3010000,,"서울특별시 중구 서애로*길 **  (필동*가,진성빌딩***호)",,03,폐업,,,,22785244,,
,덕산매딕스,2011-01-21,199664.139554783,451348.42374001,출판인쇄업,출판사,2026-05-03 22:47:20,I,03,폐업,,0,,2011-01-21 16:24:47,,2001-11-21,100-282,서울특별시 중구 인현동*가 ***-* 국일빌딩***호,CDFG1251002001000247,3010000,,"서울특별시 중구 마른내로 **  (인현동*가,국일빌딩***호)",,03,폐업,,,,22638811,,
,도서출판 설 송,2001-11-28,199376.650770635,451519.940975515,출판인쇄업,출판사,2026-05-03 22:47:20,I,03,폐업,,0,,2003-05-06 11:23:16,,2001-11-28,100-300,서울특별시 중구 초동 *-* *층*호,CDFG1251002001000250,3010000,,"서울특별시 중구 을지로**길 *  (초동,*층*호)",,03,폐업,,,,22630828,,
,도서출판 선우,2003-03-10,198370.985051327,451125.023125833,출판인쇄업,출판사,2026-05-03 22:47:20,I,03,폐업,,0,0,2003-05-06 11:23:16,,2001-11-28,100-810,서울특별시 중구 명동*가 **-*,CDFG1251002001000251,3010000,,서울특별시 중구 명동*길 **  (명동*가),,03,폐업,,,,,0,0
,시제이기획,2006-10-16,199170.677028258,451519.369414946,출판인쇄업,출판사,2026-05-03 22:47:25,I,03,폐업,,,,2006-10-16 14:06:07,,2001-11-30,100-846,서울특별시 중구 을지로*가 ***-** 동화빌딩 ***호,CDFG1251002001000252,3010000,,"서울특별시 중구 을지로**길 *  (을지로*가,동화빌딩 ***호)",,03,폐업,,,,,,
,(주)연합지류유통,2008-02-15,199260.771686775,451078.821244109,출판인쇄업,출판사,2026-05-03 22:47:25,I,03,폐업,,,,2008-02-15 15:17:21,,2001-12-05,100-013,서울특별시 중구 충무로*가 **-* 용봉빌딩*층,CDFG1251002001000253,3010000,,"서울특별시 중구 퇴계로**길 **  (충무로*가,용봉빌딩*층)",,03,폐업,,,,22653100,,
,그린페이지,2011-01-20,199125.822799564,451471.254692067,출판인쇄업,출판사,2026-05-03 22:47:25,I,03,폐업,,0,,2011-01-20 11:49:28,,2001-12-05,100-846,서울특별시 중구 을지로*가 ***-* (*층),CDFG1251002001000256,3010000,,,,03,폐업,,,,22794386,,
,경희정보인쇄(주),2003-03-25,199541.76831886,450792.116073306,출판인쇄업,출판사,2026-05-03 22:47:25,I,03,폐업,,,,2004-03-30 16:04:58,,2001-12-20,100-272,서울특별시 중구 필동*가 **-*,CDFG1251002001000262,3010000,,서울특별시 중구 퇴계로**가길 **  (필동*가),,03,폐업,,,,22637534,,
,선진마케팅,2006-04-11,200095.261182808,451680.793663218,출판인쇄업,출판사,2026-05-03 22:47:25,I,03,폐업,,,,2006-04-11 16:02:36,,2001-12-20,100-195,서울특별시 중구 을지로*가 **-** 계산빌딩***호,CDFG1251002001000263,3010000,,"서울특별시 중구 동호로 ***  (을지로*가,계산빌딩***호)",,03,폐업,,,,22660787,,
,디자인캠프,2005-07-08,199267.488373997,451014.120821014,출판인쇄업,출판사,2026-05-03 22:47:25,I,03,폐업,,,,2005-07-08 17:48:33,,2001-12-20,100-866,서울특별시 중구 필동*가 **-* 국제빌딩***-*,CDFG1251002001000265,3010000,,"서울특별시 중구 퇴계로 ***  (필동*가,국제빌딩***-*)",,03,폐업,,,,22682770,,
,(주)KS 프린팅,2014-03-21,199871.992879938,451216.500151445,출판인쇄업,출판사,2026-05-03 22:47:25,I,03,폐업,,0,,2014-03-21 15:42:15,,2001-03-22,100-015,서울특별시 중구 충무로*가 **-* 일호빌딩 ***,CDFG1251002001000269,3010000,,"서울특별시 중구 퇴계로**길 ** (충무로*가,일호빌딩 ***)",,03,폐업,,,,22631220,,
,세종인쇄,2016-03-17,199989.733799063,451111.367623735,출판인쇄업,출판사,2026-05-03 22:47:25,I,03,폐업,,0,,2016-03-17 13:48:25,,2001-01-22,100-380,서울특별시 중구 묵정동 **-* *~*층,CDFG1251002001000270,3010000,,"서울특별시 중구 퇴계로**길 * (묵정동,*~*층)",,03,폐업,,,,22639839,,
,한국출판무역(주),2004-07-12,200553.663307382,450756.588079434,출판인쇄업,출판사,2026-05-03 22:47:25,I,03,폐업,,,,2004-07-12 15:38:37,,2001-03-13,100-391,서울특별시 중구 장충동*가 ***,CDFG1251002001000272,3010000,,서울특별시 중구 동호로 ***  (장충동*가),,03,폐업,,,,,,
근린생활시설,책과사람,2013-08-28,199162.082687084,450928.290573878,출판인쇄업,출판사,2026-05-03 22:47:25,I,03,폐업,,0,,2013-08-28 10:41:08,,2001-03-05,100-260,서울특별시 중구 남학동 **-* 만수빌딩 ***,CDFG1251002001000277,3010000,,"서울특별시 중구 퇴계로**길 *  (남학동,만수빌딩 ***)",,03,폐업,,,,22677851,,
,도서출판 제교이앤피,2004-01-26,,,출판인쇄업,출판사,2026-05-03 22:47:26,I,03,폐업,,,,2004-01-29 16:13:58,,2001-11-02,100-260,서울특별시 중구 남학동 ** 만수빌딩***호,CDFG1251002001000284,3010000,,,,03,폐업,,,,22647780,,
,도서출판 진학교육사,2015-02-16,199773.362167326,451195.313878136,출판인쇄업,출판사,2026-05-03 22:47:26,I,03,폐업,,,,2015-02-16 15:06:31,,2001-01-29,100-863,서울특별시 중구 충무로*가 **-* 창빌딩 ***호,CDFG1251002001000287,3010000,,"서울특별시 중구 창경궁로 * (충무로*가,창빌딩 ***호)",,03,폐업,,,,,,
,두레,2010-07-01,199207.538777842,451529.342819592,출판인쇄업,출판사,2026-05-03 22:47:26,I,03,폐업,,,,2010-07-02 10:19:47,,2001-09-29,100-846,서울특별시 중구 을지로*가 ***-* 을지빌딩 ***호,CDFG1251002001000289,3010000,,"서울특별시 중구 을지로**길 *  (을지로*가,을지빌딩 ***호)",,03,폐업,,,,02-3142-7023,,
,부성프린텍,2022-11-30,199186.079053543,450883.887973042,출판인쇄업,출판사,2026-05-03 22:47:26,I,03,폐업,,0,0,2022-11-30 17:21:16,,2002-05-01,,서울특별시 중구 필동*가 **-*,CDFG1251002002000001,3010000,,"서울특별시 중구 퇴계로 ***-**, ***호 (필동*가)",04627,03,폐업,,,,,0,0
,보물창고,2010-12-09,199307.292612419,451545.787281717,출판인쇄업,출판사,2026-05-03 22:47:26,I,03,폐업,,0,0,2010-12-09 13:48:30,,2002-05-03,100-847,서울특별시 중구 을지로*가 ***-** 황금빌딩*층***호,CDFG1251002002000004,3010000,,"서울특별시 중구 을지로 ***  (을지로*가,황금빌딩*층***호)",,03,폐업,,,,22856348,0,0
,도서출판 파피루스,2003-03-31,199453.487226161,451365.720461658,출판인쇄업,출판사,2026-05-03 22:47:26,I,03,폐업,,0,0,2003-05-06 11:23:16,,2002-05-13,100-281,서울특별시 중구 인현동*가 **-* *층,CDFG1251002002000010,3010000,,"서울특별시 중구 을지로**길 **-**  (인현동*가,*층)",,03,폐업,,,,22736384,0,0
,명립기획,2017-11-28,199811.182700349,451290.163339193,출판인쇄업,출판사,2026-05-03 22:48:10,I,03,폐업,,,,2017-11-28 20:28:42,,2006-10-02,100-290,서울특별시 중구 예관동 **-**,CDFG1251002006000151,3010000,,서울특별시 중구 창경궁로 ** (예관동),,03,폐업,,,,,,
,북커스,2006-11-22,,,출판인쇄업,출판사,2026-05-03 22:48:10,I,03,폐업,,,,2006-11-22 11:47:26,,2006-10-02,100-095,서울특별시 중구 남대문로*가 대우재단빌딩 **층,CDFG1251002006000152,3010000,,,,03,폐업,,,,02-6366-0511,,
,밝은미래위한역사창조연구회본부,2012-07-20,200442.673396536,451087.423875988,출판인쇄업,출판사,2026-05-03 22:48:10,I,03,폐업,,,,2012-07-20 11:06:43,,2006-10-16,100-855,서울특별시 중구 장충동*가 **-*,CDFG1251002006000156,3010000,,서울특별시 중구 퇴계로**길 **  (장충동*가),,03,폐업,,,,02-2275-0516,,
,한성출판사,2007-11-15,200750.455125653,449638.824308081,출판인쇄업,출판사,2026-05-03 22:48:10,I,03,폐업,,,,2007-11-15 15:26:31,,2006-10-16,100-450,서울특별시 중구 신당동 *** 남산타운(아) **동 ****gh호,CDFG1251002006000157,3010000,,"서울특별시 중구 다산로 **,  ****gh호 (신당동,남산타운(아) **동)",,03,폐업,,,,02-2236-5154,,
,(주)에이스로드,2008-01-23,200497.611599873,451816.979053973,출판인쇄업,출판사,2026-05-03 22:48:10,I,03,폐업,,,,2008-01-23 14:50:44,,2006-10-20,100-851,서울특별시 중구 을지로*가 **-***,CDFG1251002006000159,3010000,,서울특별시 중구 청계천로 ***-**  (을지로*가),,03,폐업,,,,02-2263-9160,,
,승림문화사,2009-03-26,199460.177880357,451479.736299287,출판인쇄업,출판사,2026-05-03 22:48:10,I,03,폐업,,,,2009-03-26 14:03:15,,2006-11-03,100-281,서울특별시 중구 인현동*가 **-* 신도빌딩 *층,CDFG1251002006000161,3010000,,"서울특별시 중구 을지로**길 **  (인현동*가,신도빌딩 *층)",,03,폐업,,,,02-2274-8951,,
,도서출판 엘에스이,2020-03-27,198609.654267051,451404.404906149,출판인쇄업,출판사,2026-05-03 22:48:10,I,03,폐업,,,,2020-03-27 17:30:12,,2006-11-03,100-845,서울특별시 중구 을지로*가 ***-*,CDFG1251002006000162,3010000,,서울특별시 중구 명동*길 **  (을지로*가),,03,폐업,,,,02-777-1332,,
,주식회사 감이오,2022-12-31,199743.58334877,450844.527267097,출판인쇄업,출판사,2026-05-03 22:48:10,I,03,폐업,,,,2023-01-19 13:49:04,,2006-11-03,100-273,서울특별시 중구 필동*가 **-* 새움빌딩 ***호,CDFG1251002006000169,3010000,,"서울특별시 중구 서애로*길 **  (필동*가,새움빌딩 ***호)",,03,폐업,,,,02-2266-2521,,
,도서출판청운 북카페,2018-11-05,199177.2466426,451507.949760597,출판인쇄업,출판사,2026-05-03 22:48:10,I,03,폐업,,,,2018-11-05 10:33:53,,2006-11-08,,서울특별시 중구 을지로*가 ***-*,CDFG1251002006000172,3010000,,"서울특별시 중구 충무로*길 **, 청운빌딩 (을지로*가)",04550,03,폐업,,,,02-2277-1122,,
,도서출판 드림엔터,2015-04-30,201025.078827658,450148.439192478,출판인쇄업,출판사,2026-05-03 22:48:10,I,03,폐업,,,,2015-04-30 10:19:34,,2006-11-08,100-453,서울특별시 중구 신당동 ***-**,CDFG1251002006000173,3010000,,서울특별시 중구 동호로*길 ** (신당동),,03,폐업,,,,02-2231-2114,,
,도서출판POD코리아,2014-02-10,199664.139554783,451348.42374001,출판인쇄업,출판사,2026-05-03 22:48:11,I,03,폐업,,,,2014-02-10 14:29:17,,2006-11-27,100-282,서울특별시 중구 인현동*가 ***-* 국일빌딩 ***호,CDFG1251002006000185,3010000,,"서울특별시 중구 마른내로 ** (인현동*가,국일빌딩 ***호)",,03,폐업,,,,02-2285-1173,,
,아시아선교연구소,2024-06-12,199118.311770078,451267.520604406,출판인쇄업,출판사,2026-05-03 22:48:11,I,03,폐업,,,,2024-06-12 14:28:20,,2006-12-04,100-032,서울특별시 중구 저동*가 **-* 신원빌딩 *층,CDFG1251002006000187,3010000,,"서울특별시 중구 수표로**길 *  (저동*가,신원빌딩 *층)",,03,폐업,,,,02-2273-4856,,
,투라인인터내셔날 주식회사,2021-04-28,197792.860310492,451842.045761983,출판인쇄업,출판사,2026-05-03 22:48:11,I,03,폐업,,,,2021-04-30 18:18:13,,2006-12-06,100-101,서울특별시 중구 태평로*가 **-* 오양수산빌딩,CDFG1251002006000191,3010000,,"서울특별시 중구 세종대로**길 **  (태평로*가,오양수산빌딩)",,03,폐업,,,,02-739-3800,,
,도서출판 다함께,2010-01-08,,,출판인쇄업,출판사,2026-05-03 22:48:11,I,03,폐업,,,,2010-01-11 11:12:27,,2006-12-08,100-220,서울특별시 중구 장교동 **-** 삼진빌딩 *층 ***호,CDFG1251002006000193,3010000,,,,03,폐업,,,,02-2271-2395,,
,도서출판 광양사,2016-04-25,199442.555505394,451112.09621849,출판인쇄업,출판사,2026-05-03 22:48:11,I,03,폐업,,,,2016-04-25 13:02:39,,2006-12-10,,서울특별시 중구 충무로*가 ***,CDFG1251002006000194,3010000,,서울특별시 중구 퇴계로**길 ** (충무로*가),04557,03,폐업,,,,02-2269-9088,,
,나눔프린팅,2020-12-23,199402.595564608,451443.301143868,출판인쇄업,출판사,2026-05-03 22:48:11,I,03,폐업,,,,2020-12-23 18:35:41,,2006-12-12,100-281,서울특별시 중구 인현동*가 **-* *층,CDFG1251002006000196,3010000,,"서울특별시 중구 충무로*길 **-*  (인현동*가,*층)",,03,폐업,,,,02-2277-9302,,
,(주)잉큐영어교실,2011-03-17,199598.351705658,451193.562575176,출판인쇄업,출판사,2026-05-03 22:48:11,I,03,폐업,,,,2011-03-17 16:29:23,,2006-12-20,100-282,서울특별시 중구 인현동*가 ***-** *층,CDFG1251002006000197,3010000,,"서울특별시 중구 퇴계로**길 **  (인현동*가,*층)",,03,폐업,,,,02-2273-4411,,
,한국상고사연구회,2010-12-10,199089.445748597,451581.050454118,출판인쇄업,출판사,2026-05-03 22:48:11,I,03,폐업,,,,2010-12-10 13:53:46,,2006-05-10,100-846,서울특별시 중구 을지로*가 *-** 대성빌딩 ***호,CDFG1251002006000204,3010000,,"서울특별시 중구 을지로 ***-*  (을지로*가,대성빌딩 ***호)",,03,폐업,,,,,,
,도서출판 책속에 미래,2008-07-15,,,출판인쇄업,출판사,2026-05-03 22:48:11,I,03,폐업,,,,2008-07-15 15:47:28,,2006-01-19,100-450,서울특별시 중구 신당동 약수하이츠 ***동 ****,CDFG1251002006000205,3010000,,,,03,폐업,,,,,,
,(주)지평커뮤니케이션,2012-05-30,198985.357052776,451169.474058254,출판인쇄업,출판사,2026-05-03 22:48:11,I,03,폐업,,,,2012-05-31 17:57:03,,2006-04-21,100-861,서울특별시 중구 충무로*가 **-* 은광빌딩 *층,CDFG1251002006000206,3010000,,"서울특별시 중구 삼일대로*길 *  (충무로*가,은광빌딩 *층)",,03,폐업,,,,02-2277-6601,,
,리드릭,2013-12-30,199526.610802569,451179.487933922,출판인쇄업,출판사,2026-05-03 22:48:11,I,03,폐업,,,,2013-12-30 17:48:28,,2007-01-04,100-282,서울특별시 중구 인현동*가 ***-**,CDFG1251002007000002,3010000,,서울특별시 중구 퇴계로**길 ** (인현동*가),,03,폐업,,,,02-2269-1919,,
,한국장애인고용안정협회,2015-01-19,199409.067333333,451233.669666667,출판인쇄업,출판사,2026-05-03 22:48:11,I,03,폐업,,,,2015-01-20 15:58:19,,2007-01-22,100-281,서울특별시 중구 인현동*가,CDFG1251002007000010,3010000,,서울특별시 중구 마른내로*가길 **-* (인현동*가),,03,폐업,,,,02-2272-4722,,
,프로젝트 두유,2016-11-18,200139.270926654,450730.280291727,출판인쇄업,출판사,2026-05-03 22:48:55,I,03,폐업,,,,2016-11-18 14:53:23,,2013-06-03,100-856,서울특별시 중구 장충동*가 ***-*** ***호,CDFG1251002013000109,3010000,,서울특별시 중구 동호로**길 * (장충동*가),,03,폐업,,,,,,
,금원기획-주,2023-04-18,199615.928620157,450225.996419093,출판인쇄업,출판사,2026-05-03 22:48:55,I,03,폐업,,,,2023-04-18 17:58:50,,1998-05-22,100-273,서울특별시 중구 필동*가,CDFG1251002013000112,3010000,,서울특별시 중구 필동로 ** (필동*가),,03,폐업,,,,02-2285-2201,,
,플라워앤가든 토브,2024-08-01,198620.934275413,451681.95803574,출판인쇄업,출판사,2026-05-03 22:48:55,I,03,폐업,,,,2024-08-02 17:47:42,,2013-06-19,100-210,서울특별시 중구 수하동 ** 미래에셋센터원빌딩 B***호,CDFG1251002013000125,3010000,,서울특별시 중구 을지로*길 ** (수하동),,03,폐업,,,,02-6030-8945,,
,(주)이모션티피에스,2022-09-30,199532.084458879,451067.194729829,출판인쇄업,출판사,2026-05-03 22:48:55,I,03,폐업,,,,2022-09-22 10:58:58,,2007-08-28,,서울특별시 중구 충무로*가 ***-* 일흥빌딩,CDFG1251002013000129,3010000,,"서울특별시 중구 퇴계로 ***, 일흥빌딩 ***-*호 (충무로*가)",04557,03,폐업,,,,,,
,한국조사기자협회 편집실,2014-04-16,198022.935216607,451668.244370462,출판인쇄업,출판사,2026-05-03 22:48:55,I,03,폐업,,,,2014-04-16 15:39:24,,2013-07-04,100-101,서울특별시 중구 태평로*가 **-** 건설회관 ***호,CDFG1251002013000136,3010000,,서울특별시 중구 세종대로**길 ** (태평로*가),,03,폐업,,,,02-730-1986,,
,정 씨앤피,2023-02-02,199490.097943767,450509.058197507,출판인쇄업,출판사,2026-05-03 22:48:55,I,03,폐업,,,,2023-02-02 17:05:45,,2013-07-16,100-272,서울특별시 중구 필동*가 ***-** *층 좌측,CDFG1251002013000146,3010000,,서울특별시 중구 퇴계로**나길 * (필동*가),,03,폐업,,,,,,
,지에이피,2013-12-30,199196.688780377,451192.898035114,출판인쇄업,출판사,2026-05-03 22:48:55,I,03,폐업,,,,2013-12-30 17:37:03,,2013-07-19,100-013,서울특별시 중구 충무로*가 **-*,CDFG1251002013000151,3010000,,서울특별시 중구 수표로*길 ** (충무로*가),,03,폐업,,,,02-2265-8522,,
,산밑에서,2014-06-24,201358.1250745,450500.364834086,출판인쇄업,출판사,2026-05-03 22:48:55,I,03,폐업,,,,2018-02-13 15:38:35,,2013-07-22,100-826,서울특별시 중구 신당동 ***-***,CDFG1251002013000152,3010000,,서울특별시 중구 다산로**길 ** (신당동),,03,폐업,,,,,,
,고양이 버스,2016-07-08,201200.026221063,450838.678035565,출판인쇄업,출판사,2026-05-03 22:48:56,I,03,폐업,,,,2016-07-08 13:04:31,,2013-07-25,100-824,서울특별시 중구 신당동 ***-** 청구오피스텔 ***호,CDFG1251002013000154,3010000,,서울특별시 중구 청구로 ** (신당동),,03,폐업,,,,,,
,중앙프린팅,2018-09-06,,,출판인쇄업,출판사,2026-05-03 22:48:56,I,03,폐업,,,,2018-09-06 18:45:46,,2013-07-26,100-282,서울특별시 중구 인현동*가,CDFG1251002013000156,3010000,,서울특별시 중구 퇴계로**가길 ** (인현동*가),,03,폐업,,,,02-2277-6416,,
,(사)주한유럽상공회의소,2016-10-12,197620.676444642,450361.506112161,출판인쇄업,출판사,2026-05-03 22:48:56,I,03,폐업,,,,2016-10-12 18:42:17,,2013-08-08,100-095,"서울특별시 중구 남대문로*가 *층, 서울스퀘어",CDFG1251002013000163,3010000,,서울특별시 중구 한강대로 *** (남대문로*가),,03,폐업,,,,02-6261-2700,,
,대현프린팅,2024-12-31,199395.866919518,451033.055077914,출판인쇄업,출판사,2026-05-03 22:48:56,I,03,폐업,,,,2025-04-07 09:35:31,,2013-08-14,100-272,서울특별시 중구 필동*가 **-**,CDFG1251002013000165,3010000,,서울특별시 중구 퇴계로**길 *-* (필동*가),,03,폐업,,,,02-2265-3760,,
,넥스텍스트(Nex-Text),2017-01-12,200634.729998323,450405.142987543,출판인쇄업,출판사,2026-05-03 22:48:56,I,03,폐업,,,,2017-01-12 16:47:33,,2013-08-19,100-452,서울특별시 중구 신당동 ***호,CDFG1251002013000168,3010000,,서울특별시 중구 동호로**가길 *-* (신당동),,03,폐업,,,,,,
,한국문화인쇄사,2024-12-31,199056.230351484,451458.992921013,출판인쇄업,출판사,2026-05-03 22:48:56,I,03,폐업,,,,2025-01-21 14:28:13,,2013-08-29,,서울특별시 중구 저동*가 * 고당기념관,CDFG1251002013000173,3010000,,"서울특별시 중구 수표로 **-*, *층 (저동*가)",04550,03,폐업,,,,02-2274-2311,,
,기획출판 아시아일보,2014-03-26,199389.257171219,451326.825886905,출판인쇄업,출판사,2026-05-03 22:48:56,I,03,폐업,,,,2014-03-26 15:32:44,,2013-09-03,100-281,서울특별시 중구 인현동*가 **-* 강인빌딩 ***호,CDFG1251002013000178,3010000,,서울특별시 중구 마른내로 **-* (인현동*가),,03,폐업,,,,02-2261-3336,,
,서울 컴,2019-10-11,199143.472023078,451193.990944798,출판인쇄업,출판사,2026-05-03 22:48:56,I,03,폐업,,,,2019-10-11 15:00:38,,2013-09-05,100-013,서울특별시 중구 충무로*가 **-* *층,CDFG1251002013000180,3010000,,서울특별시 중구 퇴계로**길 ** (충무로*가),,03,폐업,,,,02-2263-9394,,
,언론중재위원회,2014-03-18,197964.095481472,451694.035675644,출판인쇄업,출판사,2026-05-03 22:48:56,I,03,폐업,,,,2014-03-18 16:40:37,,2013-09-10,100-745,서울특별시 중구 태평로*가 ** 프레스센터 **층,CDFG1251002013000182,3010000,,서울특별시 중구 세종대로 *** (태평로*가),,03,폐업,,,,02-397-3114,,
,K&Y(케이앤와이),2018-05-31,199980.905554356,451331.897268379,출판인쇄업,출판사,2026-05-03 22:48:56,I,03,폐업,,,,2018-05-31 10:04:11,,2013-09-26,100-310,서울특별시 중구 오장동 ***-* 흥남빌딩 *층,CDFG1251002013000187,3010000,,서울특별시 중구 마른내로**길 * (오장동),,03,폐업,,,,02-2274-9755,,
,한국미디어,2016-10-05,199448.102922035,451548.668257947,출판인쇄업,출판사,2026-05-03 22:48:56,I,03,폐업,,,,2016-10-05 09:42:20,,2013-10-04,100-847,서울특별시 중구 을지로*가 ***-* 드림오피스 ***호,CDFG1251002013000190,3010000,,서울특별시 중구 을지로 *** (을지로*가),,03,폐업,,,,070-8956-3010,,
,(주)힘앤글로리,2015-10-06,197462.198757043,450878.211786274,출판인쇄업,출판사,2026-05-03 22:48:56,I,03,폐업,,,,2015-10-06 11:18:31,,2013-10-14,100-130,서울특별시 중구 순화동 포스코더샾 에이동 ***-*,CDFG1251002013000194,3010000,,서울특별시 중구 칠패로 ** (순화동),,03,폐업,,,,,,
,광도교육,2015-07-01,198744.433228989,451677.065126229,출판인쇄업,출판사,2026-05-03 22:48:56,I,03,폐업,,,,2015-07-01 14:53:34,,2013-10-24,100-760,서울특별시 중구 장교동 비*층 **호,CDFG1251002013000199,3010000,,서울특별시 중구 삼일대로 *** (장교동),,03,폐업,,,,,,
,성진문화 인쇄사,2019-02-11,199193.313778562,451285.165241025,출판인쇄업,출판사,2026-05-03 22:48:57,I,03,폐업,,,,2019-02-11 15:46:43,,2013-11-19,,서울특별시 중구 초동 ***-* 안흥빌딩 *층,CDFG1251002013000211,3010000,,"서울특별시 중구 수표로**길 **, *층 (초동, 안흥빌딩)",04555,03,폐업,,,,02-2274-5004,,
,합진그래픽,2015-01-16,199411.078749004,451049.223436174,출판인쇄업,출판사,2026-05-03 22:48:57,I,03,폐업,,,,2015-01-16 11:49:59,,2013-12-10,100-272,서울특별시 중구 필동*가 **-* 윤미빌딩 ***호,CDFG1251002013000222,3010000,,서울특별시 중구 퇴계로**길 * (필동*가),,03,폐업,,,,02-2268-4778,,
,새한기획,2016-01-04,199269.407920007,451282.308761837,출판인쇄업,출판사,2026-05-03 22:47:26,I,03,폐업,,0,0,2016-01-04 11:06:47,,2002-05-13,100-300,서울특별시 중구 초동 ** 아시아미디어 ***-*,CDFG1251002002000011,3010000,,서울특별시 중구 충무로 ** (초동),,03,폐업,,,,02-2272-5077,0,0
,새천년문학사,2013-10-30,199579.280666667,451347.858333333,출판인쇄업,출판사,2026-05-03 22:47:27,I,03,폐업,,0,0,2013-10-30 18:03:50,,2002-05-13,100-282,서울특별시 중구 인현동*가 ***-* 우일빌딩 ***호,CDFG1251002002000012,3010000,,"서울특별시 중구 마른내로 **  (인현동*가,우일빌딩 ***호)",,03,폐업,,,,02-779-4757,0,0
,외신기자클럽연감편찬실,2004-01-29,197964.095481472,451694.035675644,출판인쇄업,출판사,2026-05-03 22:47:27,I,03,폐업,,,,2004-01-29 16:18:04,,2002-05-20,100-101,서울특별시 중구 태평로*가 **-* 언론재단빌딩****호,CDFG1251002002000013,3010000,,"서울특별시 중구 세종대로 ***  (태평로*가,언론재단빌딩****호)",,03,폐업,,,,,,
,샘닷컴,2003-03-03,199016.982076626,450955.859967323,출판인쇄업,출판사,2026-05-03 22:47:27,I,03,폐업,,0,0,2003-05-06 11:23:16,,2002-05-23,100-240,서울특별시 중구 주자동 **-* *층***호,CDFG1251002002000016,3010000,,"서울특별시 중구 퇴계로 ***-*  (주자동,*층***호)",,03,폐업,,,,22666256,0,0
,삼매경,2002-12-30,199616.863579167,451290.679771363,출판인쇄업,출판사,2026-05-03 22:47:27,I,03,폐업,,0,0,2003-05-06 11:23:16,,2002-06-04,100-282,서울특별시 중구 인현동*가 ***-** (*층일부),CDFG1251002002000017,3010000,,,,03,폐업,,,,22786833,0,0
,예성디앤피,2014-06-17,198911.748645951,451618.046716067,출판인쇄업,출판사,2026-05-03 22:47:27,I,03,폐업,,,,2014-06-17 17:44:57,,2002-06-17,100-230,서울특별시 중구 수표동 **-** 삼원빌딩***호,CDFG1251002002000020,3010000,,"서울특별시 중구 을지로*길 ** (수표동,삼원빌딩***호)",,03,폐업,,,,22736901,,
,성공사례,2008-10-13,199419.643695968,451319.55169995,출판인쇄업,출판사,2026-05-03 22:47:27,I,03,폐업,,,,2008-10-13 12:00:43,,2002-06-19,100-281,서울특별시 중구 인현동*가 **-** 대성빌딩***-에이,CDFG1251002002000022,3010000,,"서울특별시 중구 마른내로 **  (인현동*가,대성빌딩***-에이)",,03,폐업,,,,22695000,,
,성막의집,2008-10-13,199419.643695968,451319.55169995,출판인쇄업,출판사,2026-05-03 22:47:27,I,03,폐업,,,,2008-10-13 11:57:42,,2002-06-19,100-281,서울특별시 중구 인현동*가 **-** 대성빌딩비,CDFG1251002002000023,3010000,,"서울특별시 중구 마른내로 **  (인현동*가,대성빌딩비)",,03,폐업,,,,22695000,,
,문장연구사,2004-09-03,199215.980905399,451084.356972474,출판인쇄업,출판사,2026-05-03 22:47:27,I,03,폐업,,,,2004-09-03 16:55:52,,2002-04-09,100-866,서울특별시 중구 필동*가 *-* 서울빌딩***호,CDFG1251002002000028,3010000,,"서울특별시 중구 수표로*길 **  (필동*가,서울빌딩***호)",,03,폐업,,,,22977190,,
,도서출판한국기자클럽,2021-03-25,198027.449388886,451652.048972483,출판인쇄업,출판사,2026-05-03 22:47:27,I,03,폐업,,0,0,2021-03-25 17:22:14,,2002-11-30,100-101,서울특별시 중구 태평로*가 **-** 유성빌딩***호,CDFG1251002002000032,3010000,,"서울특별시 중구 세종대로**길 **  (태평로*가,유성빌딩***호)",,03,폐업,,,,,0,0
,(주)민족이십일,2005-10-31,199147.505940418,451670.233047067,출판인쇄업,출판사,2026-05-03 22:47:27,I,03,폐업,,,,2005-10-31 18:15:39,,2002-02-02,100-846,서울특별시 중구 을지로*가 **-* 민족빌딩*층,CDFG1251002002000033,3010000,,"서울특별시 중구 충무로**길 **  (을지로*가,민족빌딩*층)",,03,폐업,,,,22643508,,
,(주)두일넷,2003-12-31,199213.995842161,451479.251307215,출판인쇄업,출판사,2026-05-03 22:47:28,I,03,폐업,,,,2003-12-31 12:41:41,,2002-03-15,100-846,서울특별시 중구 을지로*가 ***-* 을지빌딩별관***호,CDFG1251002002000040,3010000,,,,03,폐업,,,,22852102,,
,도서출판 현무,2005-01-04,199115.265335635,451248.319909414,출판인쇄업,출판사,2026-05-03 22:47:28,I,03,폐업,,,,2005-01-06 13:28:17,,2002-06-12,100-032,서울특별시 중구 저동*가 **-* 해강빌딩***호,CDFG1251002002000044,3010000,,"서울특별시 중구 수표로**길 *-*  (저동*가,해강빌딩***호)",,03,폐업,기타,,,22687253,,
,도서출판 책벌레,2003-09-03,199219.595009634,450957.263884439,출판인쇄업,출판사,2026-05-03 22:47:28,I,03,폐업,,,,2003-09-03 14:42:33,,2002-02-08,100-866,서울특별시 중구 필동*가 **-* 대덕빌딩 ***호,CDFG1251002002000045,3010000,,"서울특별시 중구 퇴계로 ***  (필동*가,대덕빌딩 ***호)",,03,폐업,,,,22687608,,
,토토웍스,2003-10-20,,,출판인쇄업,출판사,2026-05-03 22:47:28,I,03,폐업,,,,2003-10-20 17:09:57,,2002-06-04,100-450,서울특별시 중구 신당동 **-** 우진빌딩***호,CDFG1251002002000048,3010000,,,,03,폐업,,,,22539365,,
,북박스(주),2004-04-08,197214.205778633,451259.671938774,출판인쇄업,출판사,2026-05-03 22:47:29,I,03,폐업,,,,2004-04-12 10:39:32,,2002-01-07,100-130,서울특별시 중구 순화동 *-*** 에이스타워*층,CDFG1251002002000065,3010000,,"서울특별시 중구 통일로 **  (순화동,에이스타워*층)",,03,폐업,,,,,,
,도서출판 한국문화사,2004-02-02,,,출판인쇄업,출판사,2026-05-03 22:47:29,I,03,폐업,,,,2004-02-02 15:24:53,,2002-01-15,100-210,서울특별시 중구 수하동 ** 환성빌딩***,CDFG1251002002000071,3010000,,,,03,폐업,,,,,,
,한문화사,2004-08-27,,,출판인쇄업,출판사,2026-05-03 22:47:29,I,03,폐업,,,,2004-08-27 16:59:29,,2002-01-16,100-220,서울특별시 중구 장교동 **-* 함경남도빌딩 ***호,CDFG1251002002000073,3010000,,,,03,폐업,,,,22753652,,
,윌미디어,2003-01-29,199532.682455001,450480.512348563,출판인쇄업,출판사,2026-05-03 22:47:30,I,03,폐업,,0,0,2003-05-06 11:23:16,,2002-01-19,100-273,서울특별시 중구 필동*가 **-* 동흥빌딩 *층,CDFG1251002002000075,3010000,,"서울특별시 중구 필동로 **  (필동*가,동흥빌딩 *층)",,03,폐업,,,,22665124,0,0
,여성신학사,2007-08-08,200740.096872407,451102.129426775,출판인쇄업,출판사,2026-05-03 22:47:30,I,03,폐업,,,,2007-08-08 09:22:48,,2002-01-23,100-391,서울특별시 중구 장충동*가 **-** 여성평화의집*층,CDFG1251002002000077,3010000,,"서울특별시 중구 장충단로*길 **  (장충동*가,여성평화의집*층)",,03,폐업,,,,22757754,,
,도서출판 이앤지,2005-04-18,198319.007190038,451622.506327407,출판인쇄업,출판사,2026-05-03 22:47:30,I,03,폐업,,,,2005-04-24 16:48:29,,2002-01-28,100-180,서울특별시 중구 다동 *** 라전빌딩***호,CDFG1251002002000082,3010000,,"서울특별시 중구 남대문로*길 **  (다동,라전빌딩***호)",,03,폐업,,,,,,
,유니코스기획,2005-01-31,199715.189159992,451039.529232326,출판인쇄업,출판사,2026-05-03 22:47:30,I,03,폐업,,,,2005-01-31 12:41:18,,2002-01-29,100-015,서울특별시 중구 충무로*가 **-* (*층),CDFG1251002002000083,3010000,,"서울특별시 중구 퇴계로 ***-**  (충무로*가,(*층))",,03,폐업,,,,22680452,,
근린생활시설,기가컨설팅연구소,2012-07-30,199592.627728451,450577.844016542,출판인쇄업,출판사,2026-05-03 22:47:30,I,03,폐업,,0,,2012-07-30 16:26:30,,2002-03-02,100-273,서울특별시 중구 필동*가 **-*,CDFG1251002002000089,3010000,,서울특별시 중구 필동로 **  (필동*가),,03,폐업,기타,,,22676949,,
,이마주,2007-07-12,201191.444596607,450054.472899937,출판인쇄업,출판사,2026-05-03 22:48:11,I,03,폐업,,,,2007-07-12 15:42:44,,2007-01-22,100-895,서울특별시 중구 신당동 ***-*** 남산스카이 A동 ***호,CDFG1251002007000013,3010000,,,,03,폐업,,,,02-2235-5580,,
,평강토탈프린팅,2024-11-22,199327.268552357,451427.992439409,출판인쇄업,출판사,2026-05-03 22:48:11,I,03,폐업,,,,2025-01-23 17:25:05,,2007-01-24,,서울특별시 중구 초동 **-* 태창빌딩 ***호,CDFG1251002007000015,3010000,,"서울특별시 중구 충무로*길 *, 태창빌딩 ***호 (초동)",04549,03,폐업,,,,02-2263-2332,,
,브레인아트컴,2016-05-17,199297.876590178,451025.516575091,출판인쇄업,출판사,2026-05-03 22:48:11,I,03,폐업,,,,2016-05-17 13:02:57,,2007-01-24,100-271,서울특별시 중구 필동*가 **-* 동화빌딩 B*층 *호,CDFG1251002007000016,3010000,,"서울특별시 중구 퇴계로 *** (필동*가,동화빌딩 B*층 *호)",,03,폐업,,,,02-2267-2015,,
,청계출판,2007-05-07,199524.099510798,451258.896710836,출판인쇄업,출판사,2026-05-03 22:48:12,I,03,폐업,,,,2007-05-07 13:45:19,,2007-02-07,100-282,서울특별시 중구 인현동*가 ***-** 정암프라자 ***호,CDFG1251002007000024,3010000,,"서울특별시 중구 퇴계로**길 **,  ***호 (인현동*가,정암프라자)",,03,폐업,,,,02-2272-7950,,
,(주)수산출판,2008-11-05,201230.167293495,450277.600241968,출판인쇄업,출판사,2026-05-03 22:48:12,I,03,폐업,,,,2008-11-05 16:46:36,,2007-02-14,100-761,서울특별시 중구 신당동 *** 약수하이츠 ***동 ***호,CDFG1251002007000031,3010000,,"서울특별시 중구 동호로**길 **, ***동 ***호 (신당동,약수하이츠)",,03,폐업,,,,02-3298-1122,,
,위드에프피,2010-03-31,199018.466688723,451463.482685622,출판인쇄업,출판사,2026-05-03 22:48:12,I,03,폐업,,,,2010-03-31 15:27:06,,2007-02-20,100-032,서울특별시 중구 저동*가 ** 비즈센터 **층 ****호,CDFG1251002007000033,3010000,,"서울특별시 중구 수표로 **  (저동*가,비즈센터 **층 ****호)",,03,폐업,,,,1566-5401,,
,성림문화,2023-06-30,200690.299171635,451218.942509251,출판인쇄업,출판사,2026-05-03 22:48:12,I,03,폐업,,,,2023-07-18 14:36:40,,2007-02-26,,서울특별시 중구 광희동*가 ***-* 유앤정빌,CDFG1251002007000037,3010000,,"서울특별시 중구 장충단로*가길 **-**, 유앤정빌 B*층 (광희동*가)",04614,03,폐업,,,,02-2263-5111,,
,사회복지재단 세림복지재단,2019-12-20,198129.435542814,450900.239718295,출판인쇄업,출판사,2026-05-03 22:48:12,I,03,폐업,,,,2019-12-20 16:07:49,,2007-02-28,100-881,서울특별시 중구 회현동*가 *** 메사빌딩 **층,CDFG1251002007000040,3010000,,"서울특별시 중구 남대문시장**길 *  (회현동*가,메사빌딩 **층)",,03,폐업,,,,02-2128-7102,,
,광명문화사,2015-06-29,199743.677983799,451354.33236701,출판인쇄업,출판사,2026-05-03 22:48:12,I,03,폐업,,,,2015-06-29 11:41:01,,2007-03-07,,서울특별시 중구 예관동 **-**,CDFG1251002007000043,3010000,,서울특별시 중구 마른내로 ** (예관동),,03,폐업,,,,02-2264-6748,,
,하늘구경,2023-03-22,201371.411015869,450522.254629544,출판인쇄업,출판사,2026-05-03 22:48:12,I,03,폐업,,,,2023-03-24 16:56:56,,2007-03-07,100-450,서울특별시 중구 신당동 ***-*** 서울빌라 ***호,CDFG1251002007000045,3010000,,"서울특별시 중구 다산로**길 **, ***호 (신당동,서울빌라)",,03,폐업,,,,02-2234-0341,,
,로스차일드 출판사(ROTHSCHILD PUBLISHING Co.),2022-09-14,200018.071750299,451589.704477946,출판인쇄업,출판사,2026-05-03 22:48:12,I,03,폐업,,,,2022-09-14 11:07:39,,2007-03-26,100-195,서울특별시 중구 을지로*가 ***-** *층,CDFG1251002007000049,3010000,,"서울특별시 중구 을지로 *** (을지로*가,*층)",,03,폐업,,,,02-2267-0001,,
,천국의 열쇠 출판사(KEY TO HEAVEN PUBLISHER Co.),2022-09-14,200018.071750299,451589.704477946,출판인쇄업,출판사,2026-05-03 22:48:12,I,03,폐업,,,,2022-09-14 11:10:26,,2007-03-26,100-195,서울특별시 중구 을지로*가 ***-** *층,CDFG1251002007000050,3010000,,"서울특별시 중구 을지로 *** (을지로*가,*층)",,03,폐업,,,,02-2267-0001,,
,반도산업인쇄,2023-06-30,199442.555505394,451112.09621849,출판인쇄업,출판사,2026-05-03 22:48:12,I,03,폐업,,,,2023-06-27 17:54:41,,2007-03-26,,서울특별시 중구 충무로*가 ***,CDFG1251002007000052,3010000,,서울특별시 중구 퇴계로**길 ** (충무로*가),04557,03,폐업,,,,02-2277-2620,,
,신명종합인쇄사,2018-06-22,199633.934569301,451265.433421283,출판인쇄업,출판사,2026-05-03 22:48:12,I,03,폐업,,,,2018-06-22 10:58:49,,2007-04-11,,서울특별시 중구 인현동*가 ***-*,CDFG1251002007000062,3010000,,"서울특별시 중구 마른내로*길 **, *층 (인현동*가)",04558,03,폐업,,,,02-2265-8817,,
,한국CTP,2016-04-04,199499.314733864,450458.337013025,출판인쇄업,출판사,2026-05-03 22:48:12,I,03,폐업,,,,2016-04-04 15:50:46,,2007-04-12,100-272,서울특별시 중구 필동*가 ***-*,CDFG1251002007000063,3010000,,서울특별시 중구 퇴계로**가길 ** (필동*가),,03,폐업,,,,02-2266-4528,,
,준커뮤니케이션,2009-01-21,199674.250967627,450736.389411098,출판인쇄업,출판사,2026-05-03 22:48:12,I,03,폐업,,,,2009-01-21 16:11:13,,2007-04-16,100-273,서울특별시 중구 필동*가 **-* 수송빌딩 ***호,CDFG1251002007000067,3010000,,"서울특별시 중구 서애로*길 **-**  (필동*가,수송빌딩 ***호)",,03,폐업,,,,02-2274-1938,,
,도서출판 훈,2015-01-02,,,출판인쇄업,출판사,2026-05-03 22:48:12,I,03,폐업,,,,2015-01-02 11:16:56,,2007-04-16,100-300,서울특별시 중구 초동 ** 메트로빌딩 ***호,CDFG1251002007000069,3010000,,,,03,폐업,,,,02-2279-0116,,
,함초롬,2007-08-21,199323.959697421,450440.642802224,출판인쇄업,출판사,2026-05-03 22:48:12,I,03,폐업,,,,2007-08-21 13:50:37,,2007-04-19,100-250,서울특별시 중구 예장동 *-** 지층,CDFG1251002007000070,3010000,,"서울특별시 중구 필동로*길 **-**  (예장동,지층)",,03,폐업,,,,02-2274-0808,,
,메구스 교육저널,2009-02-04,200724.333286678,450384.666336412,출판인쇄업,출판사,2026-05-03 22:48:13,I,03,폐업,,,,2009-02-04 17:03:21,,2007-05-07,100-894,서울특별시 중구 신당동 ***-**,CDFG1251002007000079,3010000,,서울특별시 중구 동호로**길 **-**  (신당동),,03,폐업,,,,02-2233-2469,,
,(유)컬쳐마인드,2015-04-14,197963.789217064,451793.816975812,출판인쇄업,출판사,2026-05-03 22:48:13,I,03,폐업,,,,2015-04-14 17:01:03,,2007-05-15,100-768,서울특별시 중구 태평로*가 **,CDFG1251002007000081,3010000,,서울특별시 중구 세종대로 *** (태평로*가),,03,폐업,,,,02-3782-4827,,
,에이브이컨텐츠,2009-04-29,199526.416139264,451693.211256949,출판인쇄업,출판사,2026-05-03 22:48:13,I,03,폐업,,,,2009-04-29 17:16:48,,2007-05-21,,서울특별시 중구 산림동 ***-* 대림(아) *층 ***호,CDFG1251002007000086,3010000,,"서울특별시 중구 을지로 ***  (산림동,대림(아) *층 ***호)",,03,폐업,,,,02-2266-1565,,
,파피루스,2013-04-26,199327.268552357,451427.992439409,출판인쇄업,출판사,2026-05-03 22:48:13,I,03,폐업,,,,2013-04-26 13:38:15,,2007-06-08,100-300,서울특별시 중구 초동 **-* 태창빌딩 *층,CDFG1251002007000096,3010000,,"서울특별시 중구 충무로*길 *  (초동,태창빌딩 *층)",,03,폐업,,,,02-2277-7813,,
,데세오,2012-06-26,199540.014446067,451538.669466551,출판인쇄업,출판사,2026-05-03 22:48:13,I,03,폐업,,,,2012-06-26 17:36:52,,2007-06-08,100-849,서울특별시 중구 을지로*가 ***-** 삼풍빌딩 ***호,CDFG1251002007000097,3010000,,"서울특별시 중구 을지로 ***  (을지로*가,삼풍빌딩 ***호)",,03,폐업,,,,02-2277-1683,,
,코리아뉴스와이어(주),2022-05-13,197395.761334091,451285.616477562,출판인쇄업,출판사,2026-05-03 22:48:57,I,03,폐업,,,,2022-05-25 13:12:47,,2005-11-09,,서울특별시 중구 순화동 *-* N빌딩,CDFG1251002014000016,3010000,,"서울특별시 중구 서소문로 **-**, N빌딩 *층 (순화동)",04516,03,폐업,,,,02-737-3600,,
,씨제이에듀케이션즈 주식회사,2015-01-05,200219.375254761,451288.386735763,출판인쇄업,출판사,2026-05-03 22:48:58,I,03,폐업,,,,2015-01-05 10:34:46,,2012-01-05,100-400,서울특별시 중구 쌍림동 ***,CDFG1251002014000022,3010000,,서울특별시 중구 동호로 *** (쌍림동),,03,폐업,,,,02-2008-5790,,
,나인인쇄문화,2016-04-20,198997.675303045,451419.72778562,출판인쇄업,출판사,2026-05-03 22:48:58,I,03,폐업,,,,2016-04-21 09:03:44,,2014-02-03,100-032,서울특별시 중구 저동*가 **-*,CDFG1251002014000024,3010000,,"서울특별시 중구 마른내로 **, *층 ***호 (저동*가, 창강빌딩)",,03,폐업,,,,,,
,서경기획출판,2017-09-01,200015.499568016,451485.349952584,출판인쇄업,출판사,2026-05-03 22:48:58,I,03,폐업,,,,2017-09-01 14:47:33,,2014-03-24,100-310,서울특별시 중구 오장동 ***-*,CDFG1251002014000048,3010000,,서울특별시 중구 동호로**길 ** (오장동),,03,폐업,,,,02-2232-3239,,
,목아트,2017-10-30,199162.082687084,450928.290573878,출판인쇄업,출판사,2026-05-03 22:48:58,I,03,폐업,,,,2017-10-30 17:34:38,,2014-04-01,100-260,서울특별시 중구 남학동 **-*,CDFG1251002014000053,3010000,,"서울특별시 중구 퇴계로**길 *, ***호 (남학동, 만수빌딩)",,03,폐업,,,,02-2266-2806,,
,예지출판,2015-06-23,199300.673801853,451514.818463264,출판인쇄업,출판사,2026-05-03 22:48:58,I,03,폐업,,,,2015-06-23 17:46:27,,2014-04-25,100-193,서울특별시 중구 을지로*가 ***-**,CDFG1251002014000067,3010000,,"서울특별시 중구 충무로 **, *층층 (을지로*가)",,03,폐업,,,,02-2279-5381,,
,(주)보명씨앤아이,2015-05-27,198946.411094248,451616.941412181,출판인쇄업,출판사,2026-05-03 22:48:58,I,03,폐업,,,,2015-05-27 17:20:51,,2009-03-04,100-230,서울특별시 중구 수표동 **-*,CDFG1251002014000068,3010000,,서울특별시 중구 삼일대로**길 ** (수표동),,03,폐업,,,,02-2274-4545,,
,화 음,2014-08-13,196808.867024038,450549.52730636,출판인쇄업,출판사,2026-05-03 22:48:59,I,03,폐업,,,,2014-08-18 10:30:50,,2014-05-26,100-727,서울특별시 중구 중림동 ***,CDFG1251002014000079,3010000,,"서울특별시 중구 중림로*길 **, ***동 ****호 (중림동, 삼성래미안)",,03,폐업,,,,02-392-8088,,
,쉬플리코리아(주),2016-07-11,197489.820082993,451531.255928052,출판인쇄업,출판사,2026-05-03 22:49:01,I,03,폐업,,,,2016-07-11 16:10:19,,2014-06-23,100-120,서울특별시 중구 정동 **-*,CDFG1251002014000093,3010000,,"서울특별시 중구 정동길 **, ***호 (정동, 두비빌딩)",,03,폐업,,,,02-862-8450,,
,더크리에이티브,2020-06-01,200098.006851067,451307.510521326,출판인쇄업,출판사,2026-05-03 22:49:01,I,03,폐업,,,,2020-06-01 09:36:08,,2014-06-26,100-310,서울특별시 중구 오장동 ***-*,CDFG1251002014000095,3010000,,"서울특별시 중구 퇴계로**길 **, ***호 (오장동, 넥서스타워)",,03,폐업,,,,02-2269-7740,,
,이음기획,2022-12-31,199410.292082322,451276.021553156,출판인쇄업,출판사,2026-05-03 22:49:01,I,03,폐업,,,,2023-01-12 14:07:35,,2014-07-01,100-281,서울특별시 중구 인현동*가 ***-*,CDFG1251002014000098,3010000,,"서울특별시 중구 마른내로*길 *-*, ***호 (인현동*가, 정산장학재단 신관)",,03,폐업,,,,02-2268-6146,,
,한국고시저널,2018-06-29,199353.409062771,451394.349814085,출판인쇄업,출판사,2026-05-03 22:49:01,I,03,폐업,,,,2018-07-02 11:07:35,,2014-07-03,100-281,서울특별시 중구 인현동*가 ***-*,CDFG1251002014000099,3010000,,"서울특별시 중구 을지로**길 **, ***호 (인현동*가, 조광빌딩)",,03,폐업,,,,02-2277-0909,,
,주식회사 티시스,2023-12-31,200229.445040175,451067.548779357,출판인쇄업,출판사,2026-05-03 22:49:01,I,03,폐업,,,,2023-12-27 16:58:17,,2014-07-04,,서울특별시 중구 장충동*가 ***-*,CDFG1251002014000100,3010000,,"서울특별시 중구 동호로 ***, 별관 *층 (장충동*가)",04616,03,폐업,,,,070-8189-0212,,
,주식회사 비엔드에이치디자인,2015-09-11,199621.172623675,450961.32210792,출판인쇄업,출판사,2026-05-03 22:49:02,I,03,폐업,,,,2015-09-11 10:17:04,,2014-07-18,100-272,서울특별시 중구 필동*가 **-*,CDFG1251002014000109,3010000,,서울특별시 중구 퇴계로**길 ** (필동*가),,03,폐업,,,,02-2272-3587,,
,영진피엔피,2023-09-10,199526.610802569,451179.487933922,출판인쇄업,출판사,2026-05-03 22:49:02,I,03,폐업,,,,2024-01-19 15:09:56,,2004-03-23,,서울특별시 중구 인현동*가 ***-**,CDFG1251002014000126,3010000,,서울특별시 중구 퇴계로**길 ** (인현동*가),04556,03,폐업,,,,02-734-3713,,
,주식회사 솔리데르,2017-06-07,198446.349545101,451684.808530273,출판인쇄업,출판사,2026-05-03 22:49:02,I,03,폐업,,,,2017-06-07 18:34:51,,2014-09-01,100-200,서울특별시 중구 삼각동 ***,CDFG1251002014000132,3010000,,"서울특별시 중구 남대문로 ***-*, ***호 (삼각동, 범양빌딩)",,03,폐업,,,,070-4849-1616,,
,연꽃향기,2015-12-22,199088.322667,451230.610149193,출판인쇄업,출판사,2026-05-03 22:49:02,I,03,폐업,,,,2015-12-22 13:57:16,,2014-09-12,100-032,서울특별시 중구 저동*가 **-**,CDFG1251002014000135,3010000,,"서울특별시 중구 수표로 **, ***호 (저동*가, 금풍빌딩)",,03,폐업,,,,,,
,일흥아트,2017-07-19,199364.252785808,451460.617979832,출판인쇄업,출판사,2026-05-03 22:49:02,I,03,폐업,,,,2017-07-19 09:39:45,,2014-10-06,100-300,서울특별시 중구 초동 **-*,CDFG1251002014000143,3010000,,"서울특별시 중구 을지로**길 **, *층 ***호 (초동)",,03,폐업,,,,02-2274-7688,,
,(주)화인존,2018-10-08,198367.639004526,451720.217970577,출판인쇄업,출판사,2026-05-03 22:49:02,I,03,폐업,,,,2018-10-08 15:14:24,,2002-03-18,100-180,서울특별시 중구 다동 **,CDFG1251002014000147,3010000,,"서울특별시 중구 남대문로 ***, ***호 (다동, 동아빌딩)",,03,폐업,,,,02-725-8233,,
,주식회사 예프린테크,2017-12-18,199539.699590143,450844.241735971,출판인쇄업,출판사,2026-05-03 22:49:02,I,03,폐업,,,,2018-01-03 18:36:33,,2014-10-14,100-272,서울특별시 중구 필동*가 **-*,CDFG1251002014000148,3010000,,"서울특별시 중구 퇴계로**가길 *, ***호 (필동*가)",,03,폐업,,,,02-2279-4321,,
,CNL,2018-05-09,199541.76831886,450792.116073306,출판인쇄업,출판사,2026-05-03 22:49:02,I,03,폐업,,,,2018-05-09 13:28:51,,2014-10-14,100-272,서울특별시 중구 필동*가 **-*,CDFG1251002014000149,3010000,,"서울특별시 중구 퇴계로**가길 **, *층 ***-*호 (필동*가)",,03,폐업,,,,02-2273-4100,,
,友山文化社,2018-07-17,200784.723366571,449967.933613245,출판인쇄업,출판사,2026-05-03 22:49:02,I,03,폐업,,,,2018-07-17 09:53:29,,2014-11-17,100-452,서울특별시 중구 신당동 ***-***,CDFG1251002014000165,3010000,,"서울특별시 중구 다산로*길 **-**, ***호 (신당동, 삼성빌)",,03,폐업,,,,02-2265-6054,,
,화음,2023-02-14,196808.867024038,450549.52730636,출판인쇄업,출판사,2026-05-03 22:49:02,I,03,폐업,,,,2023-02-17 10:06:42,,2014-11-27,100-727,서울특별시 중구 중림동 ***,CDFG1251002014000169,3010000,,"서울특별시 중구 중림로*길 **, ***동 ****호 (중림동, 중림사이버아파트)",,03,폐업,,,,02-364-8088,,
,덕성문화사,2022-08-17,199637.270193436,451167.257538421,출판인쇄업,출판사,2026-05-03 22:47:30,I,03,폐업,,0,,2022-08-17 10:21:09,,2002-03-04,100-863,서울특별시 중구 충무로*가 **-**,CDFG1251002002000090,3010000,,서울특별시 중구 마른내로**길 **  (충무로*가),,03,폐업,,,,02-2274-5916,,
,씨피테크,2006-12-19,199679.878380013,451138.042295525,출판인쇄업,출판사,2026-05-03 22:47:30,I,03,폐업,,,,2006-12-19 18:42:31,,2002-03-08,100-863,서울특별시 중구 충무로*가 **-*,CDFG1251002002000094,3010000,,서울특별시 중구 창경궁로*길 **  (충무로*가),,03,폐업,,,,22851508,,
,아이웍이미지,2002-11-25,199419.643695968,451319.55169995,출판인쇄업,출판사,2026-05-03 22:47:30,I,03,폐업,,0,0,2003-05-06 11:23:16,,2002-03-12,100-281,서울특별시 중구 인현동*가 **-** 대성빌딩***,CDFG1251002002000095,3010000,,"서울특별시 중구 마른내로 **  (인현동*가,대성빌딩***)",,03,폐업,,,,22699138,0,0
,도서출판 두솔,2005-04-25,201683.242461483,451271.172208403,출판인쇄업,출판사,2026-05-03 22:47:30,I,03,폐업,,,,2005-04-25 11:43:25,,2002-03-15,100-819,서울특별시 중구 신당동 ***-* (지하),CDFG1251002002000099,3010000,,,,03,폐업,,,,22537369,,
,국일리틀엔젤,2005-07-18,201313.243777435,450524.218794891,출판인쇄업,출판사,2026-05-03 22:47:30,I,03,폐업,,,,2005-07-18 14:46:57,,2002-03-19,100-826,서울특별시 중구 신당동 ***-*** (*층),CDFG1251002002000102,3010000,,"서울특별시 중구 다산로**길 **  (신당동,(*층))",,03,폐업,,,,22374523,,
,누가문서선교회,2004-02-10,198608.927223501,450707.580510567,출판인쇄업,출판사,2026-05-03 22:47:30,I,03,폐업,,,,2004-02-10 16:51:04,,2002-03-27,100-042,서울특별시 중구 남산동*가 **-* *층*호,CDFG1251002002000106,3010000,,"서울특별시 중구 소공로*길 **  (남산동*가,*층*호)",,03,폐업,,,,,,
,동호문화사,2010-12-27,199400.218529054,451372.918036209,출판인쇄업,출판사,2026-05-03 22:47:30,I,03,폐업,,0,,2010-12-27 15:07:56,,2002-03-27,100-281,서울특별시 중구 인현동*가 **-*,CDFG1251002002000107,3010000,,서울특별시 중구 을지로**길 **  (인현동*가),,03,폐업,,,,22746259,,
,비오스,2005-08-04,199796.465463213,451488.344883734,출판인쇄업,출판사,2026-05-03 22:47:31,I,03,폐업,,,,2005-08-04 17:06:10,,2002-04-09,100-290,서울특별시 중구 예관동 *-* 고려빌딩***-*호,CDFG1251002002000111,3010000,,"서울특별시 중구 창경궁로 **-*  (예관동,고려빌딩***-*호)",,03,폐업,,,,22670618,,
,대명문화기획,2004-04-12,199373.105346354,451204.793660469,출판인쇄업,출판사,2026-05-03 22:47:31,I,03,폐업,,,,2004-04-12 15:09:31,,2002-04-11,100-281,서울특별시 중구 인현동*가 ***-*,CDFG1251002002000116,3010000,,서울특별시 중구 마른내로*길 **  (인현동*가),,03,폐업,,,,22713056,,
,사진교육원,2003-07-24,199237.859130196,451136.460303062,출판인쇄업,출판사,2026-05-03 22:47:31,I,03,폐업,,,,2003-07-24 10:18:56,,2002-04-15,100-013,서울특별시 중구 충무로*가 **-* 양지빌딩*층,CDFG1251002002000117,3010000,,"서울특별시 중구 퇴계로**길 **  (충무로*가,양지빌딩*층)",,03,폐업,,,,22664757,,
,현대시단사,2017-03-07,199579.280666667,451347.858333333,출판인쇄업,출판사,2026-05-03 22:47:31,I,03,폐업,,0,,2017-04-17 09:04:23,,2002-04-15,100-282,서울특별시 중구 인현동*가 ***-* 우일빌딩 ***호,CDFG1251002002000118,3010000,,"서울특별시 중구 마른내로 ** (인현동*가,우일빌딩 ***호)",,03,폐업,,,,02-779-4757,,
,(도)마음산책,2005-11-29,199931.503389691,451508.06589301,출판인쇄업,출판사,2026-05-03 22:47:31,I,03,폐업,,,,2005-11-29 15:49:43,,2002-04-22,100-195,서울특별시 중구 을지로*가 ***-* *층,CDFG1251002002000122,3010000,,"서울특별시 중구 을지로**길 **  (을지로*가,*층)",,03,폐업,,,,22792573,,
,백수당,2008-06-13,199346.955197054,451473.937705784,출판인쇄업,출판사,2026-05-03 22:47:31,I,03,폐업,,,,2008-06-13 11:02:15,,2002-04-22,100-847,서울특별시 중구 을지로*가 ***-**,CDFG1251002002000123,3010000,,서울특별시 중구 을지로**길 **  (을지로*가),,03,폐업,,,,22668138,,
,리브가,2016-08-12,199592.627728451,450577.844016542,출판인쇄업,출판사,2026-05-03 22:47:31,I,03,폐업,,0,0,2016-08-12 14:04:57,,2002-04-25,100-273,서울특별시 중구 필동*가 **-* 조양빌딩***호,CDFG1251002002000124,3010000,,"서울특별시 중구 필동로 ** (필동*가,조양빌딩***호)",,03,폐업,,,,22784211,0,0
,도서출판 경복,2002-10-31,199466.356251343,451367.349205911,출판인쇄업,출판사,2026-05-03 22:47:31,I,03,폐업,,0,0,2003-05-06 11:23:16,,2002-04-25,100-281,서울특별시 중구 인현동*가 **-* (*층일부),CDFG1251002002000126,3010000,,"서울특별시 중구 마른내로 **-*  (인현동*가,(*층일부))",,03,폐업,,,,,0,0
,사해,2004-04-12,199571.599470393,451124.851387624,출판인쇄업,출판사,2026-05-03 22:47:31,I,03,폐업,,,,2004-04-16 11:19:11,,2002-07-05,100-863,서울특별시 중구 충무로*가 ***-* 진양프라자 ***호,CDFG1251002002000134,3010000,,"서울특별시 중구 퇴계로 ***  (충무로*가,진양프라자 ***호)",,03,폐업,,,,22646130,,
,북스텍,2007-12-31,201631.148941099,450955.475560878,출판인쇄업,출판사,2026-05-03 22:47:32,I,03,폐업,,,,2007-12-31 11:37:27,,2002-07-08,100-450,서울특별시 중구 신당동 **-* 우석타운 ***호,CDFG1251002002000135,3010000,,"서울특별시 중구 다산로**가길 **  (신당동,우석타운 ***호)",,03,폐업,,,,22322036,,
,도서출판 예빛서원,2010-12-17,200098.006851067,451307.510521326,출판인쇄업,출판사,2026-05-03 22:47:32,I,03,폐업,,0,0,2010-12-17 11:44:10,,2002-07-08,100-310,서울특별시 중구 오장동 ***-* 넥서스타워***호,CDFG1251002002000136,3010000,,"서울특별시 중구 퇴계로**길 **  (오장동,넥서스타워***호)",,03,폐업,,,,22738740,0,0
,디자인메이저,2005-12-26,199539.699590143,450844.241735971,출판인쇄업,출판사,2026-05-03 22:47:32,I,03,폐업,,,,2006-01-05 17:01:34,,2002-07-11,100-272,서울특별시 중구 필동*가 **-* 영은빌딩*층*-*호,CDFG1251002002000140,3010000,,"서울특별시 중구 퇴계로**가길 *  (필동*가,영은빌딩*층*-*호)",,03,폐업,,,,22647130,,
,아트컴,2008-03-24,199240.782802808,451496.078387552,출판인쇄업,출판사,2026-05-03 22:47:32,I,03,폐업,,,,2008-03-24 11:36:54,,2002-07-15,100-846,서울특별시 중구 을지로*가 ***-** 정암빌딩***호,CDFG1251002002000142,3010000,,"서울특별시 중구 을지로**길 **  (을지로*가,정암빌딩***호)",,03,폐업,,,,22757870,,
,경일문화인쇄사,2017-03-15,199316.927452685,451478.892992407,출판인쇄업,출판사,2026-05-03 22:47:32,I,03,폐업,,0,0,2017-03-15 14:18:06,,2002-07-19,100-193,서울특별시 중구 을지로*가 ***-**,CDFG1251002002000143,3010000,,서울특별시 중구 충무로 **-* (을지로*가),,03,폐업,,,,02-2266-6221,0,0
,아람에디트,2022-12-31,199810.591813598,451300.59780961,출판인쇄업,출판사,2026-05-03 22:47:32,I,03,폐업,,,,2023-01-16 11:44:20,,2002-07-24,,서울특별시 중구 예관동 **-** 동림비즈센터,CDFG1251002002000146,3010000,,"서울특별시 중구 창경궁로 **-*, 동림비즈센터 **층 ****호 (예관동)",04559,03,폐업,,,,02-2273-2497,,
,자연과사냥,2004-01-12,198659.446197759,451198.789321829,출판인쇄업,출판사,2026-05-03 22:47:32,I,03,폐업,,,,2004-03-24 17:57:37,,2002-08-05,100-809,서울특별시 중구 명동*가 *-* 삼존빌딩***호,CDFG1251002002000152,3010000,,"서울특별시 중구 명동**길 **-*  (명동*가,삼존빌딩***호)",,03,폐업,,,,,,
,서원기업(주),2020-10-06,198162.595385815,451097.082869101,출판인쇄업,출판사,2026-05-03 22:48:13,I,03,폐업,,,,2020-10-06 16:03:46,,2007-06-14,100-093,서울특별시 중구 남대문로*가 ***,CDFG1251002007000100,3010000,,서울특별시 중구 남대문로 ** (남대문로*가),,03,폐업,,,,02-759-4934,,
,D자인,2018-11-13,199240.782802808,451496.078387552,출판인쇄업,출판사,2026-05-03 22:48:13,I,03,폐업,,,,2018-11-13 10:21:41,,2007-06-20,100-846,서울특별시 중구 을지로*가 ***-** ***호,CDFG1251002007000101,3010000,,"서울특별시 중구 을지로**길 ** (을지로*가,***호)",,03,폐업,,,,02-2277-2640,,
,그래픽 아트,2015-06-04,200090.428459125,451647.218394571,출판인쇄업,출판사,2026-05-03 22:48:13,I,03,폐업,,,,2015-06-05 15:32:47,,2007-06-26,100-195,서울특별시 중구 을지로*가 **-* 정건벨라지오 ****호,CDFG1251002007000105,3010000,,"서울특별시 중구 을지로 *** (을지로*가,정건벨라지오 ****호)",,03,폐업,,,,02-2273-5931,,
,신원기획,2008-01-22,199648.991542761,451215.915247327,출판인쇄업,출판사,2026-05-03 22:48:13,I,03,폐업,,,,2008-01-22 11:51:02,,2007-07-06,100-282,서울특별시 중구 인현동*가 ***-** *통*반,CDFG1251002007000110,3010000,,,,03,폐업,,,,02-2274-3599,,
,인디고,2018-12-26,199407.554813355,451316.122180983,출판인쇄업,출판사,2026-05-03 22:48:13,I,03,폐업,,,,2018-12-26 13:04:49,,2007-07-09,100-281,서울특별시 중구 인현동*가 ***-*,CDFG1251002007000112,3010000,,서울특별시 중구 마른내로*길 * (인현동*가),,03,폐업,,,,02-2264-0410,,
,영창기획,2016-12-09,199655.746062675,451086.874410496,출판인쇄업,출판사,2026-05-03 22:48:13,I,03,폐업,,,,2016-12-09 15:12:09,,2007-07-09,,서울특별시 중구 충무로*가 **-*,CDFG1251002007000113,3010000,,서울특별시 중구 퇴계로 *** (충무로*가),04558,03,폐업,,,,02-2271-2849,,
,(주)사이버엠비에이,2008-08-13,197738.779048425,450468.943076736,출판인쇄업,출판사,2026-05-03 22:48:13,I,03,폐업,,,,2008-08-13 17:00:16,,2007-07-11,100-802,서울특별시 중구 남대문로*가 *** 대우재단빌딩 *층,CDFG1251002007000117,3010000,,"서울특별시 중구 퇴계로 **  (남대문로*가,대우재단빌딩 *층)",,03,폐업,,,,02-757-9783,,
,설기문마음연구소,2017-01-13,198164.81474774,451278.901392417,출판인쇄업,출판사,2026-05-03 22:48:13,I,03,폐업,,,,2017-01-13 16:19:38,,2007-07-11,100-070,서울특별시 중구 소공동 ** 소공빌딩 *층,CDFG1251002007000119,3010000,,"서울특별시 중구 남대문로*길 ** (소공동,소공빌딩 *층)",,03,폐업,,,,02-757-8008,,
,에쓰비프린팅,2014-01-21,199603.856463953,451350.499922133,출판인쇄업,출판사,2026-05-03 22:48:13,I,03,폐업,,,,2014-02-06 19:31:24,,2007-07-16,100-282,"서울특별시 중구 인현동*가 ***-* 충인빌딩 ***호,***호",CDFG1251002007000125,3010000,,"서울특별시 중구 마른내로 ** (인현동*가,충인빌딩 ***호,***호)",,03,폐업,,,,02-2275-8598,,
,(주)토탈메디칼,2009-01-29,199207.538777842,451529.342819592,출판인쇄업,출판사,2026-05-03 22:48:14,I,03,폐업,,,,2009-01-29 15:52:54,,2007-07-18,100-846,서울특별시 중구 을지로*가 ***-* 지하*층,CDFG1251002007000128,3010000,,"서울특별시 중구 을지로**길 *  (을지로*가,지하*층)",,03,폐업,,,,02-2277-2333,,
,금호 C&D.P,2024-12-31,199072.60256921,451467.407749601,출판인쇄업,출판사,2026-05-03 22:48:14,I,03,폐업,,,,2025-01-16 16:20:22,,2007-07-18,100-846,서울특별시 중구 을지로*가 ***-**,CDFG1251002007000129,3010000,,서울특별시 중구 수표로 **-* (을지로*가),,03,폐업,,,,02-2266-2212,,
,(주)간삼건축종합건축사사무소,2011-01-31,200755.967643177,450684.655915949,출판인쇄업,출판사,2026-05-03 22:48:14,I,03,폐업,,,,2011-02-01 10:09:58,,2007-07-25,100-833,서울특별시 중구 신당동 ***-** 간삼파트너스 사옥,CDFG1251002007000130,3010000,,"서울특별시 중구 동호로**다길 **  (신당동,간삼파트너스 사옥)",,03,폐업,,,,02-2250-6249,,
,아르키,2014-01-27,199663.989241815,450758.189337952,출판인쇄업,출판사,2026-05-03 22:48:14,I,03,폐업,,,,2014-01-27 15:41:19,,2007-07-30,100-273,서울특별시 중구 필동*가 **-* 정문출판사빌딩 ***호,CDFG1251002007000132,3010000,,"서울특별시 중구 서애로*길 **-** (필동*가,정문출판사빌딩 ***호)",,03,폐업,,,,02-2264-3387,,
,나비프린팅,2013-02-22,200091.448296853,451391.621366403,출판인쇄업,출판사,2026-05-03 22:48:14,I,03,폐업,,,,2013-02-22 16:00:33,,2007-08-20,100-310,서울특별시 중구 오장동 ***-* ***호,CDFG1251002007000139,3010000,,"서울특별시 중구 을지로**길 **  (오장동,***호)",,03,폐업,,,,02-2267-3335,,
,이노북,2016-04-12,199500.419899982,451531.491822476,출판인쇄업,출판사,2026-05-03 22:48:14,I,03,폐업,,,,2016-04-12 11:30:57,,2007-08-27,100-194,서울특별시 중구 을지로*가 ***-* 종현빌딩 ***호,CDFG1251002007000141,3010000,,"서울특별시 중구 을지로**길 **-* (을지로*가,종현빌딩 ***호)",,03,폐업,,,,02-2275-7218,,
,헬로라이더스,2009-02-12,199202.690789937,450909.875271347,출판인쇄업,출판사,2026-05-03 22:48:14,I,03,폐업,,,,2009-02-12 14:25:05,,2007-08-27,100-866,서울특별시 중구 필동*가 **-*,CDFG1251002007000143,3010000,,서울특별시 중구 퇴계로 ***-**  (필동*가),,03,폐업,,,,02-2273-2045,,
,광일인쇄,2024-04-02,199499.627135531,451471.318901658,출판인쇄업,출판사,2026-05-03 22:48:14,I,03,폐업,,,,2024-04-03 14:48:30,,2007-09-18,,서울특별시 중구 인현동*가 **-*,CDFG1251002007000151,3010000,,"서울특별시 중구 을지로**길 **-*, 지하*층 *호 (인현동*가)",04549,03,폐업,,,,02-2264-3354,,
,SM기획,2019-03-22,199243.719707907,451518.197727854,출판인쇄업,출판사,2026-05-03 22:48:14,I,03,폐업,,,,2019-03-22 16:57:48,,2007-10-01,,서울특별시 중구 을지로*가 ***-* 성진빌딩,CDFG1251002007000156,3010000,,"서울특별시 중구 을지로**길 *, 성진빌딩 ***호 (을지로*가)",04550,03,폐업,,,,02-2279-5033,,
,데오기획,2023-11-23,199243.719707907,451518.197727854,출판인쇄업,출판사,2026-05-03 22:48:14,I,03,폐업,,,,2023-11-27 17:20:52,,2007-10-08,100-846,서울특별시 중구 을지로*가 ***-* 양지빌딩 ***호,CDFG1251002007000158,3010000,,,,03,폐업,,,,02-2263-3566,,
,도서출판 일홍,2011-02-22,199056.230351484,451458.992921013,출판인쇄업,출판사,2026-05-03 22:48:14,I,03,폐업,,,,2011-02-23 09:02:30,,2007-10-11,100-032,서울특별시 중구 저동*가 * 고당기념관 ***호,CDFG1251002007000161,3010000,,"서울특별시 중구 수표로 **-*  (저동*가,고당기념관 ***호)",,03,폐업,,,,02-2264-7759,,
,한글세계화본부,2008-01-07,199676.030283312,450852.14351829,출판인쇄업,출판사,2026-05-03 22:48:14,I,03,폐업,,,,2008-01-07 11:16:23,,2007-10-15,100-273,서울특별시 중구 필동*가 **-* 서울캐피탈빌딩 ***호,CDFG1251002007000162,3010000,,"서울특별시 중구 서애로 **  (필동*가,서울캐피탈빌딩 ***호)",,03,폐업,,,,02-2279-2049,,
,삼정기획,2008-12-11,199541.65128345,451141.561003048,출판인쇄업,출판사,2026-05-03 22:48:14,I,03,폐업,,,,2008-12-11 14:22:40,,2007-10-17,100-863,서울특별시 중구 충무로*가 **-** *층,CDFG1251002007000164,3010000,,"서울특별시 중구 퇴계로**길 **  (충무로*가,*층)",,03,폐업,,,,02-2272-1246,,
,지식누리,2015-10-23,199170.677028258,451519.369414946,출판인쇄업,출판사,2026-05-03 22:49:02,I,03,폐업,,,,2015-10-26 08:46:55,,2014-12-02,100-193,서울특별시 중구 을지로*가 ***-**,CDFG1251002014000171,3010000,,"서울특별시 중구 을지로**길 *, ***호 (을지로*가, 동화빌딩)",,03,폐업,,,,02-6123-9899,,
,메인플러스,2021-05-01,199381.6429335,451540.323626928,출판인쇄업,출판사,2026-05-03 22:49:02,I,03,폐업,,,,2022-01-20 09:46:15,,2014-12-12,,서울특별시 중구 을지로*가 *** 경흥빌딩,CDFG1251002014000177,3010000,,"서울특별시 중구 을지로**길 *-*, 경흥빌딩 ***호 (을지로*가)",04549,03,폐업,,,,,,
,중앙일보 헬스미디어(주),2014-12-31,197488.74764406,451087.533696416,출판인쇄업,출판사,2026-05-03 22:49:02,I,03,폐업,,,,2014-12-26 18:00:08,,2011-12-08,100-110,서울특별시 중구 서소문동 **-**,CDFG1251002014000180,3010000,,서울특별시 중구 서소문로 *** (서소문동),,03,폐업,,,,02-2031-1403,,
,문화나눔협동조합목선재,2022-12-21,199615.50051295,450924.253097648,출판인쇄업,출판사,2026-05-03 22:49:02,I,03,폐업,,,,2022-12-21 09:52:52,,2014-12-18,100-272,서울특별시 중구 필동*가 **,CDFG1251002014000185,3010000,,"서울특별시 중구 퇴계로**길 **, ***호 (필동*가, 중앙빌딩)",,03,폐업,,,,02-2266-2296,,
,중앙엔터테인먼트앤드스포츠(주),2015-10-23,197497.808380954,451049.966777525,출판인쇄업,출판사,2026-05-03 22:49:02,I,03,폐업,,,,2015-10-26 08:49:01,,2005-04-25,100-110,서울특별시 중구 서소문동 **-**,CDFG1251002014000186,3010000,,서울특별시 중구 세종대로*길 ** (서소문동),,03,폐업,,,,02-2013-1161,,
,재미씨미디어,2015-10-23,197497.808380954,451049.966777525,출판인쇄업,출판사,2026-05-03 22:49:03,I,03,폐업,,,,2015-10-26 08:49:58,,2010-04-01,100-110,서울특별시 중구 서소문동 **-**,CDFG1251002014000188,3010000,,서울특별시 중구 세종대로*길 ** (서소문동),,03,폐업,,,,20311162,,
,주식회사 서우재,2021-03-18,199115.162515675,451501.106828934,출판인쇄업,출판사,2026-05-03 22:49:03,I,03,폐업,,,,2021-03-18 17:58:15,,2014-12-29,,서울특별시 중구 을지로*가 *** 상지빌딩,CDFG1251002014000195,3010000,,"서울특별시 중구 을지로 ***-**, 상지빌딩 *층 ***호 (을지로*가)",04550,03,폐업,,,,02-2268-8082,,
,(사)국제직업문화교류진흥재단,2023-09-06,199536.775529354,451671.464020672,출판인쇄업,출판사,2026-05-03 22:49:03,I,03,폐업,,,,2023-09-08 15:21:34,,2015-01-09,100-340,서울특별시 중구 산림동 ***-*,CDFG1251002015000005,3010000,,"서울특별시 중구 을지로 ***, ***호 (산림동, 대림상가)",,03,폐업,,,,02-2282-0988,,
,중앙매스컴시니어직능클럽,2021-06-08,197488.74764406,451087.533696416,출판인쇄업,출판사,2026-05-03 22:49:03,I,03,폐업,,,,2021-06-08 17:03:14,,2015-01-13,100-110,서울특별시 중구 서소문동 **-**,CDFG1251002015000009,3010000,,"서울특별시 중구 서소문로 ***, *A*호 (서소문동, 중앙일보)",,03,폐업,,,,02-751-9965,,
,에이출판,2015-01-28,199266.445620489,451500.917372629,출판인쇄업,출판사,2026-05-03 22:49:03,I,03,폐업,,,,2015-01-28 09:26:51,,2015-01-22,100-847,서울특별시 중구 을지로*가 ***-*,CDFG1251002015000016,3010000,,"서울특별시 중구 충무로 **, *층 (을지로*가)",,03,폐업,,,,02-2279-7493,,
,도서출판 다물아사달,2020-08-20,197037.368787577,450812.939747734,출판인쇄업,출판사,2026-05-03 22:49:03,I,03,폐업,,,,2020-08-20 14:16:43,,2015-02-03,100-360,서울특별시 중구 중림동 ***,CDFG1251002015000025,3010000,,"서울특별시 중구 서소문로*길 **, ***호 (중림동)",,03,폐업,,,,,,
,영일출판인쇄,2020-09-11,199377.133577069,451405.988430225,출판인쇄업,출판사,2026-05-03 22:49:03,I,03,폐업,,,,2020-09-11 11:06:24,,2015-02-06,,서울특별시 중구 인현동*가 **-**,CDFG1251002015000029,3010000,,"서울특별시 중구 충무로*길 **, *층 (인현동*가)",04549,03,폐업,,,,02-2272-9463,,
,(주)이지펍,2017-09-22,199220.324272667,451420.433192288,출판인쇄업,출판사,2026-05-03 22:49:03,I,03,폐업,,,,2017-09-22 17:05:44,,2012-05-17,100-300,서울특별시 중구 초동 **-*,CDFG1251002015000031,3010000,,"서울특별시 중구 충무로*길 **, ***호 (초동, 기영빌딩)",,03,폐업,,,,02-336-6450,,
,바람처럼,2020-01-28,199089.94439365,451300.220808296,출판인쇄업,출판사,2026-05-03 22:49:03,I,03,폐업,,,,2020-01-29 09:35:12,,2015-02-16,100-032,서울특별시 중구 저동*가 **-*,CDFG1251002015000033,3010000,,"서울특별시 중구 수표로**길 *, *층 (저동*가, 정인빌딩)",,03,폐업,,,,,,
,블랙썬,2016-01-20,197134.048708388,450576.986055373,출판인쇄업,출판사,2026-05-03 22:49:03,I,03,폐업,,,,2016-01-21 11:24:22,,2015-02-24,100-360,서울특별시 중구 중림동 ***-**,CDFG1251002015000037,3010000,,"서울특별시 중구 중림로 **, *층 (중림동, 구봉빌딩)",,03,폐업,,,,,,
,주식회사 한조연,2016-02-01,197762.688791164,451235.311580083,출판인쇄업,출판사,2026-05-03 22:49:03,I,03,폐업,,,,2016-02-01 10:25:25,,2015-02-26,100-110,서울특별시 중구 서소문동 **-*,CDFG1251002015000040,3010000,,"서울특별시 중구 서소문로 ***, ***호 (서소문동)",,03,폐업,,,,070-7786-3060,,
,학문출판,2015-06-01,199599.297361826,451495.520020102,출판인쇄업,출판사,2026-05-03 22:49:03,I,03,폐업,,,,2015-06-01 14:54:30,,2015-03-04,100-194,서울특별시 중구 을지로*가 ***-*,CDFG1251002015000049,3010000,,"서울특별시 중구 을지로**길 **, *층 (을지로*가)",,03,폐업,,,,070-8673-5151,,
,다재다능,2018-12-04,200984.713668049,449703.239755874,출판인쇄업,출판사,2026-05-03 22:49:03,I,03,폐업,,,,2018-12-05 09:05:42,,2015-03-05,100-452,서울특별시 중구 신당동 ***-*,CDFG1251002015000050,3010000,,"서울특별시 중구 다산로 **, **동 ****호 (신당동)",,03,폐업,,,,070-8782-9819,,
,하은기획,2022-12-07,199399.499093513,451286.853519265,출판인쇄업,출판사,2026-05-03 22:49:03,I,03,폐업,,,,2022-12-07 10:24:01,,2013-04-08,100-281,서울특별시 중구 인현동*가 ***-*,CDFG1251002015000051,3010000,,"서울특별시 중구 마른내로*길 *, *층 (인현동*가)",,03,폐업,,,,02-2264-2240,,
,주식회사 베리굿미디어,2015-12-18,199353.466357857,451021.472538308,출판인쇄업,출판사,2026-05-03 22:49:03,I,03,폐업,,,,2015-12-18 13:32:00,,2015-03-17,100-271,서울특별시 중구 필동*가 **-*,CDFG1251002015000060,3010000,,"서울특별시 중구 충무로 *, 별관*층 (필동*가, 매일경제신문사빌딩)",,03,폐업,,,,02-2000-2618,,
,마인드케어북스,2018-09-10,200901.962760956,450874.587329821,출판인쇄업,출판사,2026-05-03 22:49:03,I,03,폐업,,,,2018-09-10 13:06:59,,2015-03-31,100-452,서울특별시 중구 신당동 ***-**,CDFG1251002015000066,3010000,,"서울특별시 중구 청구로**길 **-**, ***호 (신당동)",,03,폐업,,,,070-4103-7895,,
,CEO에너지,2015-12-08,200984.713668049,449703.239755874,출판인쇄업,출판사,2026-05-03 22:49:04,I,03,폐업,,,,2015-12-08 16:57:05,,2012-12-12,100-754,서울특별시 중구 신당동 ***-*,CDFG1251002015000070,3010000,,"서울특별시 중구 다산로 **, *상가층 ***호 (신당동, 남산타운)",,03,폐업,,,,02-2238-2122,,
,사고뭉치,2014-07-17,200394.851756721,451398.897492225,출판인쇄업,출판사,2026-05-03 22:47:32,I,03,폐업,,0,0,2014-07-17 10:57:07,,2002-08-14,100-411,서울특별시 중구 광희동*가 **-* 금호오피스텔*동 ****호,CDFG1251002002000154,3010000,,"서울특별시 중구 마른내로 *** (광희동*가,금호오피스텔*동 ****호)",,03,폐업,,,,22647771,0,0
,오즈북오즈프레스,2014-03-31,199725.661143176,451049.270040673,출판인쇄업,출판사,2026-05-03 22:47:32,I,03,폐업,,0,0,2014-03-31 11:38:32,,2002-08-14,100-015,서울특별시 중구 충무로*가 **-* *층***호,CDFG1251002002000155,3010000,,"서울특별시 중구 퇴계로 ***-** (충무로*가,*층***호)",,03,폐업,,,,22729304,0,0
,(주)이디엠하우스,2004-05-18,199240.782802808,451496.078387552,출판인쇄업,출판사,2026-05-03 22:47:32,I,03,폐업,,,,2004-05-19 15:40:14,,2002-08-21,100-846,서울특별시 중구 을지로*가 ***-** 삼호빌딩***,CDFG1251002002000158,3010000,,"서울특별시 중구 을지로**길 **  (을지로*가,삼호빌딩***)",,03,폐업,,,,22772783,,
,에스에이취,2003-10-08,199822.10979662,451182.266913412,출판인쇄업,출판사,2026-05-03 22:47:32,I,03,폐업,,,,2003-10-08 16:55:26,,2002-08-30,100-015,서울특별시 중구 충무로*가 **-*,CDFG1251002002000160,3010000,,서울특별시 중구 창경궁로 *  (충무로*가),,03,폐업,,,,22667174,,
,도서출판 메디칼북,2012-06-26,,,출판인쇄업,출판사,2026-05-03 22:47:32,I,03,폐업,,0,0,2012-06-26 11:10:00,,2002-09-05,100-846,서울특별시 중구 을지로*가 ***-* (***호),CDFG1251002002000163,3010000,,,,03,폐업,,,,22656579,0,0
,베스트동명기획,2023-07-12,199243.719707907,451518.197727854,출판인쇄업,출판사,2026-05-03 22:47:32,I,03,폐업,,0,0,2023-07-19 14:53:39,,2002-09-05,100-846,서울특별시 중구 을지로*가 ***-* 성진빌딩 ***,CDFG1251002002000164,3010000,,서울특별시 중구 을지로**길 * (을지로*가),,03,폐업,,,,02-2285-4411,0,0
,제이에스퍼블리싱,2003-04-28,199723.504550105,451226.161229615,출판인쇄업,출판사,2026-05-03 22:47:33,I,03,폐업,,0,0,2003-05-06 11:23:16,,2002-09-13,100-290,서울특별시 중구 예관동 ***-* ***호,CDFG1251002002000175,3010000,,"서울특별시 중구 창경궁로 **-**  (예관동,***호)",,03,폐업,,,,22735946,0,0
,도서출판 새론기획,2002-11-05,,,출판인쇄업,출판사,2026-05-03 22:47:33,I,03,폐업,,0,0,2003-05-06 11:23:16,,2002-10-01,100-846,서울특별시 중구 을지로*가 ***-* 홍원빌딩 ***호,CDFG1251002002000183,3010000,,,,03,폐업,,,,22642900,0,0
,도서출판 희트월드,2004-08-27,199243.719707907,451518.197727854,출판인쇄업,출판사,2026-05-03 22:47:33,I,03,폐업,,,,2004-08-27 16:37:44,,2002-10-11,100-846,서울특별시 중구 을지로*가 ***-* 성진빌딩 ***호,CDFG1251002002000188,3010000,,,,03,폐업,,,,22855284,,
,(주)아데코플랜,2013-03-06,199321.766652414,451546.874463243,출판인쇄업,출판사,2026-05-03 22:47:33,I,03,폐업,,0,0,2013-03-06 14:43:10,,2002-10-11,100-847,서울특별시 중구 을지로*가 ***-**,CDFG1251002002000190,3010000,,서울특별시 중구 을지로 ***-*  (을지로*가),,03,폐업,,,,22660700,0,0
,도서출판 혜원,2023-10-26,,,출판인쇄업,출판사,2026-05-03 22:47:33,I,03,폐업,,0,0,2023-10-26 14:44:57,,2002-10-11,100-847,서울특별시 중구 을지로*가 ***-* 우신 빌딩 ***호,CDFG1251002002000191,3010000,,,,03,폐업,,,,22698321,0,0
,에스엔티미디어,2015-08-18,200282.480666044,451528.755883208,출판인쇄업,출판사,2026-05-03 22:47:33,I,03,폐업,,0,0,2015-08-18 11:45:15,,2002-10-16,100-411,서울특별시 중구 광희동*가 **-* 용전빌딩 ***호,CDFG1251002002000193,3010000,,"서울특별시 중구 을지로**길 *-* (광희동*가,용전빌딩 ***호)",,03,폐업,,,,22726124,0,0
,도서출판 묵,2018-11-19,199469.563677579,451411.539781874,출판인쇄업,출판사,2026-05-03 22:47:33,I,03,폐업,,0,0,2018-11-19 15:32:10,,2002-10-16,100-281,서울특별시 중구 인현동*가 **-* *층***호,CDFG1251002002000199,3010000,,"서울특별시 중구 을지로**길 **-** (인현동*가,*층***호)",,03,폐업,,,,22666102,0,0
,제일지앤피,2004-09-20,199443.460848955,451305.750686779,출판인쇄업,출판사,2026-05-03 22:47:33,I,03,폐업,,,,2004-09-20 11:15:09,,2002-10-21,100-281,서울특별시 중구 인현동*가 **-**,CDFG1251002002000201,3010000,,,,03,폐업,,,,22850997,,
,정환문화,2016-04-27,199379.143195882,451444.955692254,출판인쇄업,출판사,2026-05-03 22:47:33,I,03,폐업,,0,0,2016-04-27 15:57:16,,2002-10-21,100-300,서울특별시 중구 초동 **-* 이화빌딩 ***호,CDFG1251002002000202,3010000,,"서울특별시 중구 을지로**길 ** (초동,이화빌딩 ***호)",,03,폐업,,,,22781065,0,0
,자료백과,2003-03-12,,,출판인쇄업,출판사,2026-05-03 22:47:33,I,03,폐업,,0,0,2003-05-06 11:23:16,,2002-10-24,100-220,서울특별시 중구 장교동 **-** 삼진빌딩 ***호,CDFG1251002002000203,3010000,,,,03,폐업,,,,,0,0
,(주) 거성문화,2011-02-16,199810.591813598,451300.59780961,출판인쇄업,출판사,2026-05-03 22:47:33,I,03,폐업,,0,0,2011-02-16 14:32:20,,2002-10-24,100-290,서울특별시 중구 예관동 **-** 시사빌딩 ****호,CDFG1251002002000204,3010000,,"서울특별시 중구 창경궁로 **-*  (예관동,시사빌딩 ****호)",,03,폐업,,,,22781981,0,0
,도서출판해피북스,2008-09-22,200122.236694315,450936.131009737,출판인쇄업,출판사,2026-05-03 22:47:33,I,03,폐업,,,,2008-09-22 13:54:32,,2002-11-05,100-380,서울특별시 중구 묵정동 **-** 대학문화원***호,CDFG1251002002000209,3010000,,"서울특별시 중구 동호로**길 **  (묵정동,대학문화원***호)",,03,폐업,,,,22637064,,
,팝디자인,2004-02-02,199358.286474474,451174.555848583,출판인쇄업,출판사,2026-05-03 22:47:33,I,03,폐업,,,,2004-02-02 09:15:44,,2002-11-06,100-862,서울특별시 중구 충무로*가 *-** *층,CDFG1251002002000210,3010000,,"서울특별시 중구 마른내로*길 **  (충무로*가,*층)",,03,폐업,,,,22699364,,
,하반이출판사,2005-04-27,199209.769531853,451294.057256481,출판인쇄업,출판사,2026-05-03 22:47:33,I,03,폐업,,,,2005-04-27 15:39:38,,2002-11-19,100-300,서울특별시 중구 초동 ***-* 덕양빌딩 ***호,CDFG1251002002000220,3010000,,"서울특별시 중구 수표로**길 **  (초동,덕양빌딩 ***호)",,03,폐업,,,,22697451,,
,에스엔제이,2003-03-31,,,출판인쇄업,출판사,2026-05-03 22:47:34,I,03,폐업,,0,0,2003-05-06 11:23:16,,2002-11-30,100-814,서울특별시 중구 서소문동 **-* 한국빌딩 ***호,CDFG1251002002000225,3010000,,"서울특별시 중구 서소문로 ***-*  (서소문동,한국빌딩 ***호)",,03,폐업,,,,,0,0
,삼영21,2010-02-18,,,출판인쇄업,출판사,2026-05-03 22:47:34,I,03,폐업,,0,0,2010-02-18 15:43:59,,2002-12-03,100-210,서울특별시 중구 수하동 **-* 환성빌딩 ***호,CDFG1251002002000227,3010000,,,,03,폐업,,,,,0,0
,미래지식,2004-01-20,199195.660765733,451494.072925993,출판인쇄업,출판사,2026-05-03 22:47:34,I,03,폐업,,,,2004-01-20 10:09:55,,2002-12-05,100-846,서울특별시 중구 을지로*가 ***-** 란빌딩*층,CDFG1251002002000229,3010000,,"서울특별시 중구 충무로*길 **  (을지로*가,란빌딩*층)",,03,폐업,,,,22681267,,
,도서출판 생명샘,2012-05-11,199571.599470393,451124.851387624,출판인쇄업,출판사,2026-05-03 22:47:34,I,03,폐업,,0,0,2012-05-11 10:28:01,,2002-12-06,100-713,서울특별시 중구 충무로*가 ***-* 진양상가 ***호,CDFG1251002002000230,3010000,,"서울특별시 중구 퇴계로 ***  (충무로*가,진양상가 ***호)",,03,폐업,,,,22637038,0,0
,라스토리아,2011-12-13,199087.216155975,451188.671067014,출판인쇄업,출판사,2026-05-03 22:48:14,I,03,폐업,,,,2011-12-13 15:50:12,,2007-10-29,100-013,서울특별시 중구 충무로*가 **-** 위지상 *호,CDFG1251002007000172,3010000,,"서울특별시 중구 수표로 **  (충무로*가,위지상 *호)",,03,폐업,,,,02-2264-1436,,
,국자감,2014-02-20,199243.595084393,450951.535436388,출판인쇄업,출판사,2026-05-03 22:48:14,I,03,폐업,,,,2014-02-20 08:24:55,,2007-11-01,100-866,서울특별시 중구 필동*가 **-* 스타빌딩 *층,CDFG1251002007000177,3010000,,"서울특별시 중구 퇴계로 *** (필동*가,스타빌딩 *층)",,03,폐업,,,,02-2275-7333,,
,UNITED COREA,2012-08-21,199523.66570398,450684.530126295,출판인쇄업,출판사,2026-05-03 22:48:14,I,03,폐업,,,,2012-08-21 18:28:19,,2007-11-06,100-272,서울특별시 중구 필동*가 ***-*,CDFG1251002007000180,3010000,,서울특별시 중구 퇴계로**가길 **  (필동*가),,03,폐업,,,,02-2269-8624,,
,시디안기획,2011-03-23,199637.678311901,450731.342832108,출판인쇄업,출판사,2026-05-03 22:48:14,I,03,폐업,,,,2011-03-23 16:42:02,,2007-11-08,100-273,서울특별시 중구 필동*가 **-** 성운빌딩 ***호,CDFG1251002007000181,3010000,,"서울특별시 중구 서애로*길 **-**  (필동*가,성운빌딩 ***호)",,03,폐업,,,,02-2264-9449,,
,도서출판 문제 해결,2014-11-26,199300.597750755,451534.120156209,출판인쇄업,출판사,2026-05-03 22:48:14,I,03,폐업,,,,2014-11-26 10:15:13,,2007-11-12,100-847,서울특별시 중구 을지로*가 ***-**,CDFG1251002007000184,3010000,,서울특별시 중구 충무로 ** (을지로*가),,03,폐업,,,,02-2268-0809,,
,도서출판 조은누리,2008-06-18,199599.297361826,451495.520020102,출판인쇄업,출판사,2026-05-03 22:48:15,I,03,폐업,,,,2008-06-18 16:55:12,,2007-11-19,100-849,서울특별시 중구 을지로*가 ***-* ***호,CDFG1251002007000189,3010000,,"서울특별시 중구 을지로**길 **  (을지로*가,***호)",,03,폐업,,,,02-2267-7642,,
,(주)여행춘추,2012-02-03,197249.357745588,451208.560235989,출판인쇄업,출판사,2026-05-03 22:48:15,I,03,폐업,,,,2012-02-03 14:16:43,,2007-11-26,100-130,서울특별시 중구 순화동 *** 바비엥*차 ***호,CDFG1251002007000194,3010000,,"서울특별시 중구 통일로 **  (순화동,바비엥*차 ***호)",,03,폐업,,,,02-508-3933,,
,혜성기획,2020-12-31,199506.341099022,451410.701543859,출판인쇄업,출판사,2026-05-03 22:48:15,I,03,폐업,,,,2020-12-31 14:28:49,,2007-12-04,100-282,서울특별시 중구 인현동*가 **-* *층,CDFG1251002007000203,3010000,,"서울특별시 중구 을지로**길 **-*  (인현동*가,*층)",,03,폐업,,,,02-2274-6414,,
,영진문화사,2013-12-30,199743.674941719,451375.137641035,출판인쇄업,출판사,2026-05-03 22:48:15,I,03,폐업,,,,2013-12-30 18:00:37,,2007-12-14,100-290,서울특별시 중구 예관동 **-*,CDFG1251002007000208,3010000,,서울특별시 중구 창경궁로 **-* (예관동),,03,폐업,,,,02-2264-0686,,
,쏠프랜드,2015-06-04,200799.425969999,450188.654390401,출판인쇄업,출판사,2026-05-03 22:48:15,I,03,폐업,,,,2015-06-04 15:46:19,,2007-12-17,100-828,서울특별시 중구 신당동 ***-** 한미빌딩 *층,CDFG1251002007000209,3010000,,"서울특별시 중구 다산로 *** (신당동,한미빌딩 *층)",,03,폐업,,,,02-2232-2134,,
,도서출판 모던,2015-09-15,199356.034823079,451526.588812612,출판인쇄업,출판사,2026-05-03 22:48:15,I,03,폐업,,,,2015-10-08 16:58:51,,2007-12-20,100-847,서울특별시 중구 을지로*가 *** 새마을빌딩 ***호,CDFG1251002007000210,3010000,,"서울특별시 중구 을지로**길 *-* (을지로*가,새마을빌딩 ***호)",,03,폐업,,,,02-2274-7444,,
,진성인쇄사,2014-06-18,199433.688628539,451517.360244999,출판인쇄업,출판사,2026-05-03 22:48:15,I,03,폐업,,,,2014-06-18 17:51:57,,2007-12-31,100-847,서울특별시 중구 을지로*가 ***-**,CDFG1251002007000215,3010000,,서울특별시 중구 을지로**길 **-* (을지로*가),,03,폐업,,,,02-2275-5754,,
,신우커뮤니케이션,2015-06-30,199515.853752603,450810.495362416,출판인쇄업,출판사,2026-05-03 22:48:15,I,03,폐업,,,,2015-06-30 16:40:30,,2008-01-07,100-272,서울특별시 중구 필동*가 **-* 동림빌딩 ***호,CDFG1251002008000002,3010000,,"서울특별시 중구 퇴계로**가길 ** (필동*가,동림빌딩 ***호)",,03,폐업,,,,02-2279-8580,,
,도서출판 북터,2014-10-28,198916.265218099,451636.075556878,출판인쇄업,출판사,2026-05-03 22:48:15,I,03,폐업,,,,2014-10-28 11:32:20,,2008-01-07,100-230,서울특별시 중구 수표동 **-** 신일빌딩 ***호,CDFG1251002008000003,3010000,,"서울특별시 중구 을지로*길 ** (수표동,신일빌딩 ***호)",,03,폐업,,,,02-2264-0464,,
,서울경영연구원,2009-09-21,199535.089929276,450495.643935173,출판인쇄업,출판사,2026-05-03 22:48:19,I,03,폐업,,,,2009-09-21 14:16:27,,2008-01-08,100-273,서울특별시 중구 필동*가 **-* ***호,CDFG1251002008000009,3010000,,"서울특별시 중구 필동로 **  (필동*가,***호)",,03,폐업,,,,02-2051-5754,,
,맛있는공부,2022-12-28,197844.190666667,451742.363666667,출판인쇄업,출판사,2026-05-03 22:48:19,I,03,폐업,,,,2022-12-28 17:21:44,,2008-01-09,,서울특별시 중구 태평로*가 **-** 조선일보사건물,CDFG1251002008000010,3010000,,"서울특별시 중구 세종대로**길 **, 조선일보사건물 *층 (태평로*가)",04519,03,폐업,,,,02-724-7812,,
,(주)사보이투자개발,2009-04-15,198685.379305504,450717.172958139,출판인쇄업,출판사,2026-05-03 22:48:19,I,03,폐업,,,,2009-04-15 17:18:39,,2008-01-09,100-042,서울특별시 중구 남산동*가 **-*,CDFG1251002008000012,3010000,,서울특별시 중구 퇴계로**길 **  (남산동*가),,03,폐업,,,,02-2149-5682,,
,(주)장안인쇄,2022-06-17,199599.297361826,451495.520020102,출판인쇄업,출판사,2026-05-03 22:48:19,I,03,폐업,,,,2022-06-20 09:46:12,,2008-01-22,100-849,서울특별시 중구 을지로*가 ***-*,CDFG1251002008000022,3010000,,서울특별시 중구 을지로**길 **  (을지로*가),,03,폐업,,,,02-2267-7643,,
,에스케이텔링크(주),2018-05-14,197814.567521224,450454.122259014,출판인쇄업,출판사,2026-05-03 22:48:19,I,03,폐업,,,,2018-05-14 18:18:12,,2008-01-25,100-802,서울특별시 중구 남대문로*가 *** SK남산빌딩 **층 교육사업팀,CDFG1251002008000029,3010000,,"서울특별시 중구 퇴계로 ** (남대문로*가,SK남산빌딩 **층 교육사업팀)",,03,폐업,,,,070-7400-1133,,
,도서출판 씨아이알,2009-02-03,199397.755513999,450366.209181376,출판인쇄업,출판사,2026-05-03 22:48:19,I,03,폐업,,,,2009-02-03 16:07:19,,2008-01-31,100-250,서울특별시 중구 예장동 *-*** 지하 *층,CDFG1251002008000031,3010000,,"서울특별시 중구 필동로*길 **  (예장동,지하 *층)",,03,폐업,,,,,,
,도서출판 오병이어,2019-04-08,199363.129622048,451008.456459696,출판인쇄업,출판사,2026-05-03 22:48:19,I,03,폐업,,,,2019-04-08 10:02:03,,2008-02-01,100-867,서울특별시 중구 필동*가 **-** 하니빌딩 ***호,CDFG1251002008000034,3010000,,"서울특별시 중구 퇴계로 *** (필동*가,하니빌딩 ***호)",,03,폐업,,,,02-2279-9387,,
,반월문화인쇄사,2022-01-13,199460.177880357,451479.736299287,출판인쇄업,출판사,2026-05-03 22:48:19,I,03,폐업,,,,2022-01-13 17:00:58,,2008-02-14,100-281,서울특별시 중구 인현동*가 **-* 신도빌딩 *층,CDFG1251002008000041,3010000,,"서울특별시 중구 을지로**길 **  (인현동*가,신도빌딩 *층)",,03,폐업,,,,22742158,,
,상림사,2020-02-28,,,출판인쇄업,출판사,2026-05-03 22:49:04,I,03,폐업,,,,2020-02-28 17:52:02,,2015-04-14,,서울특별시 중구 오장동 ***-**,CDFG1251002015000071,3010000,,"서울특별시 중구 마른내로 ***, *층 (오장동, 삼중빌딩)",04547,03,폐업,,,,02-2267-5081,,
,The Church,2015-06-17,201237.097980528,451217.38904764,출판인쇄업,출판사,2026-05-03 22:49:04,I,03,폐업,,,,2015-06-24 09:15:25,,2014-07-10,100-823,서울특별시 중구 신당동 ***-*,CDFG1251002015000075,3010000,,"서울특별시 중구 퇴계로**길 **, ***호 (신당동, 성완빌딩)",,03,폐업,,,,,,
,주식회사 컨사이트,2017-06-30,197566.862311117,451100.772883934,출판인쇄업,출판사,2026-05-03 22:49:04,I,03,폐업,,,,2017-06-30 11:02:28,,2015-05-14,100-110,서울특별시 중구 서소문동 ***-**,CDFG1251002015000087,3010000,,"서울특별시 중구 세종대로*길 **, ****호 (서소문동, 동화빌딩별관)",,03,폐업,,,,070-8800-0409,,
,잠재능력개발,2016-03-23,199570.94218383,451509.160416598,출판인쇄업,출판사,2026-05-03 22:49:04,I,03,폐업,,,,2016-03-23 11:14:39,,2015-06-08,100-194,서울특별시 중구 을지로*가 ***-*,CDFG1251002015000103,3010000,,"서울특별시 중구 을지로**길 **, *층 *호 (을지로*가, 광덕빌딩)",,03,폐업,,,,02-2274-7524,,
,종금기획,2019-03-19,199144.232344128,451225.7676101,출판인쇄업,출판사,2026-05-03 22:49:04,I,03,폐업,,,,2019-03-19 17:39:02,,2015-06-15,100-032,서울특별시 중구 저동*가 **-**,CDFG1251002015000106,3010000,,"서울특별시 중구 수표로 **-**, ***호 (저동*가, 경구빌딩)",,03,폐업,,,,02-2267-3327,,
,보이스코칭,2025-02-17,197133.181826761,450929.253706925,출판인쇄업,출판사,2026-05-03 22:49:04,I,03,폐업,,,,2025-02-18 11:22:34,,2015-06-29,,서울특별시 중구 중림동 *** 브라운스톤서울,CDFG1251002015000112,3010000,,"서울특별시 중구 청파로 ***, ***동 ****호 (중림동)",04510,03,폐업,,,,,,
,영어능력자,2017-01-10,199571.599470393,451124.851387624,출판인쇄업,출판사,2026-05-03 22:49:04,I,03,폐업,,,,2017-01-10 20:00:57,,2015-06-30,100-713,서울특별시 중구 충무로*가 ***-*,CDFG1251002015000113,3010000,,"서울특별시 중구 퇴계로 ***, **층 ****호 (충무로*가)",,03,폐업,,,,02-3437-2693,,
,캐릭터메구스,2023-01-20,200724.333286678,450384.666336412,출판인쇄업,출판사,2026-05-03 22:49:04,I,03,폐업,,,,2023-01-17 14:58:12,,2015-07-03,100-894,서울특별시 중구 신당동 ***-**,CDFG1251002015000117,3010000,,"서울특별시 중구 동호로**길 **-**, B***호 (신당동)",,03,폐업,,,,02-2233-2679,,
,G성사,2023-06-30,199541.76831886,450792.116073306,출판인쇄업,출판사,2026-05-03 22:49:04,I,03,폐업,,,,2026-01-26 09:57:31,,2015-08-11,,서울특별시 중구 필동*가 **-*,CDFG1251002015000141,3010000,,"서울특별시 중구 퇴계로**가길 **, *층 (필동*가, 근아빌딩)",04626,03,폐업,,,,,,
,태원인쇄,2023-01-19,199252.96267076,451481.447082787,출판인쇄업,출판사,2026-05-03 22:49:04,I,03,폐업,,,,2023-01-20 14:01:19,,2015-08-20,,서울특별시 중구 을지로*가 ***-** 장양빌딩,CDFG1251002015000144,3010000,,"서울특별시 중구 을지로**길 **, 장양빌딩 **호 (을지로*가)",04550,03,폐업,,,,02-2264-0796,,
,한국기독문화원,2016-03-09,199173.685284871,451195.158960665,출판인쇄업,출판사,2026-05-03 22:49:04,I,03,폐업,,,,2016-03-09 17:25:14,,2015-09-03,,서울특별시 중구 충무로*가 **-*,CDFG1251002015000151,3010000,,"서울특별시 중구 마른내로*길 **, *층 (충무로*가)",04555,03,폐업,,,,02-708-4321,,
,주식회사 모두그룹종합건축사사무소,2016-11-08,197260.154536775,450641.685902545,출판인쇄업,출판사,2026-05-03 22:49:04,I,03,폐업,,,3,2016-11-08 13:18:51,,2015-06-09,,서울특별시 중구 봉래동*가 ***-**,CDFG1251002015000153,3010000,,"서울특별시 중구 청파로 *** (봉래동*가, 철도산업개발빌딩)",04509,03,폐업,,,,02-313-0887,3,
,참글세종,2017-07-03,199363.134676897,451397.177705514,출판인쇄업,출판사,2026-05-03 22:49:04,I,03,폐업,,,,2017-07-07 16:28:38,,2015-09-23,,서울특별시 중구 인현동*가 **-**,CDFG1251002015000160,3010000,,"서울특별시 중구 을지로**길 **, ***호 (인현동*가, 조광빌딩)",04549,03,폐업,,,,02-2265-1174,,
,바람숲 미디어,2015-10-12,200120.002367773,450666.979783348,출판인쇄업,출판사,2026-05-03 22:49:05,I,03,폐업,,,,2015-10-12 17:38:56,,2015-09-30,,서울특별시 중구 장충동*가 ***-**,CDFG1251002015000165,3010000,,"서울특별시 중구 동호로**가길 *-*, ***호 (장충동*가, 신일빌라)",04618,03,폐업,,,,,,
,제이케이디앤피,2018-07-27,199688.621135549,450808.913989243,출판인쇄업,출판사,2026-05-03 22:49:05,I,03,폐업,,,,2018-07-27 17:54:03,,2015-09-30,,서울특별시 중구 필동*가 **-*,CDFG1251002015000166,3010000,,"서울특별시 중구 서애로*길 **, *층 (필동*가, 리금빌딩)",04623,03,폐업,,,,02-2274-1938,,
,코어프린팅,2018-09-18,199143.599218612,451519.362994972,출판인쇄업,출판사,2026-05-03 22:49:05,I,03,폐업,,,,2018-09-18 10:27:40,,2015-10-08,,서울특별시 중구 을지로*가 ***-*,CDFG1251002015000169,3010000,,"서울특별시 중구 을지로**길 *, *층 ***호 (을지로*가)",04550,03,폐업,,,,070-8733-4794,,
,(주)베스터프,2020-01-17,198539.456544039,450652.404968864,출판인쇄업,출판사,2026-05-03 22:49:05,I,03,폐업,,102.82,,2020-01-17 17:45:17,,2012-03-28,,서울특별시 중구 남산동*가 **,CDFG1251002015000172,3010000,,"서울특별시 중구 퇴계로**길 **, *층 (남산동*가, 제일빌딩)",04630,03,폐업,,,,02-540-4074,,
,동선미디어,2022-01-26,199366.443667542,451426.285760249,출판인쇄업,출판사,2026-05-03 22:49:05,I,03,폐업,,,,2022-01-26 10:51:12,,2015-11-23,,서울특별시 중구 초동 **-*,CDFG1251002015000184,3010000,,"서울특별시 중구 충무로*길 **, *층 (초동, 금오빌딩)",04549,03,폐업,,,,02-2274-9441,,
,피닉스 커뮤니케이션,2018-02-01,199209.769531853,451294.057256481,출판인쇄업,출판사,2026-05-03 22:49:05,I,03,폐업,,,,2018-02-02 11:32:12,,2016-01-04,,서울특별시 중구 초동 ***-* ***호,CDFG1251002016000001,3010000,,"서울특별시 중구 수표로**길 **, *층 ***호 (초동)",04555,03,폐업,,,,02-6384-1234,,
,씨디에스에듀 주식회사,2020-09-22,198492.730625257,450912.159237941,출판인쇄업,출판사,2026-05-03 22:49:05,I,03,폐업,,,,2020-09-22 15:25:46,,2016-01-07,,서울특별시 중구 회현동*가 **-*,CDFG1251002016000009,3010000,,"서울특별시 중구 퇴계로 ***, ***호 (회현동*가, 세대빌딩)",04631,03,폐업,,,,02-771-0510,,
,주식회사 일식조리기술원,2024-01-22,200971.301073505,450297.873617696,출판인쇄업,출판사,2026-05-03 22:49:05,I,03,폐업,,,,2024-01-22 11:01:02,,2011-10-25,,서울특별시 중구 신당동 ***-***,CDFG1251002016000012,3010000,,"서울특별시 중구 동호로**길 **, *층 (신당동, 광영빌딩)",04590,03,폐업,,,,,,
,주식회사 태산인디고(아시아지점),2025-09-26,199269.407920007,451282.308761837,출판인쇄업,출판사,2026-05-03 22:49:05,I,03,폐업,,,,2025-09-30 14:41:16,,2016-01-20,,서울특별시 중구 초동 **,CDFG1251002016000014,3010000,,"서울특별시 중구 충무로 **, *층 ***호 (초동, 아시아미디어타워)",04555,03,폐업,,,,02-2269-2488,,
,비숍,2004-12-02,,,출판인쇄업,출판사,2026-05-03 22:47:34,I,03,폐업,,,,2004-12-02 09:30:40,,2002-12-16,100-372,서울특별시 중구 만리동*가 **-**,CDFG1251002002000240,3010000,,서울특별시 중구 손기정로**길 **  (만리동*가),,03,폐업,,,,,,
,세정타임스,2004-07-14,199408.704733636,450968.796572417,출판인쇄업,출판사,2026-05-03 22:47:34,I,03,폐업,,,,2004-07-16 09:31:01,,2002-12-20,100-272,서울특별시 중구 필동*가 *-*,CDFG1251002002000243,3010000,,,,03,폐업,,,,,,
,도서출판 디오,2005-01-18,199039.325257607,450952.020564408,출판인쇄업,출판사,2026-05-03 22:47:34,I,03,폐업,,,,2005-01-18 14:55:38,,2002-12-24,100-240,서울특별시 중구 주자동 **-* 내외빌딩***호,CDFG1251002002000245,3010000,,"서울특별시 중구 퇴계로 ***-*  (주자동,내외빌딩***호)",,03,폐업,,,,22735674,,
,저널뉴코리아,2003-03-31,201159.507123918,451391.220187921,출판인쇄업,출판사,2026-05-03 22:47:34,I,03,폐업,,0,0,2003-05-06 11:23:16,,2002-12-30,100-823,서울특별시 중구 신당동 ***-* 태화빌딩***호,CDFG1251002002000247,3010000,,"서울특별시 중구 퇴계로 ***  (신당동,태화빌딩***호)",,03,폐업,,,,22347978,0,0
,보자기,2006-01-18,200097.709791851,450774.775199241,출판인쇄업,출판사,2026-05-03 22:47:34,I,03,폐업,,,,2006-01-18 17:54:44,,2002-12-30,100-856,서울특별시 중구 장충동*가 ***-*** 지하***호,CDFG1251002002000249,3010000,,"서울특별시 중구 동호로**길 **-**  (장충동*가,지하***호)",,03,폐업,,,,22771368,,
,미래지식산업,2003-12-03,,,출판인쇄업,출판사,2026-05-03 22:47:34,I,03,폐업,,,,2003-12-03 09:47:21,,2002-03-19,100-866,서울특별시 중구 필동*가 ** 서울빌딩***호,CDFG1251002002000251,3010000,,,,03,폐업,,,,22777135,,
,도서출판 철학아카데미,2025-07-18,200298.409667108,450914.272319339,출판인쇄업,출판사,2026-05-03 22:47:34,I,03,폐업,,,,2025-07-18 16:47:34,,2002-02-26,100-855,서울특별시 중구 장충동*가 ***-** 우리함께빌딩 *층,CDFG1251002002000262,3010000,,"서울특별시 중구 동호로**길 **-** (장충동*가,우리함께빌딩 *층)",,03,폐업,,,,02-2279-2871,,
,(주)제이제이미디어그룹,2008-02-19,198066.113553176,451017.562827077,출판인쇄업,출판사,2026-05-03 22:47:35,I,03,폐업,,,,2008-02-19 17:25:42,,2002-05-09,100-093,서울특별시 중구 남대문로*가 ** 청남빌딩 ***-*,CDFG1251002002000263,3010000,,"서울특별시 중구 남대문로 **-*  (남대문로*가,청남빌딩 ***-*)",,03,폐업,,,,02-318-9321,,
,도서출판 살강,2010-02-09,200748.142875917,450245.124860792,출판인쇄업,출판사,2026-05-03 22:47:35,I,03,폐업,,171.6,,2010-02-09 13:26:17,,2002-12-30,100-835,서울특별시 중구 신당동 ***-* 백석빌딩 ***호,CDFG1251002002000266,3010000,,,,03,폐업,,,,22811220,,
,도서출판 쨈,2008-04-03,199322.667,451248.158,출판인쇄업,출판사,2026-05-03 22:47:35,I,03,폐업,,,,2008-04-03 15:35:41,,2003-01-14,100-300,서울특별시 중구 초동 **-* 썬라이즈빌딩 *층,CDFG1251002003000008,3010000,,"서울특별시 중구 충무로 **  (초동,썬라이즈빌딩 *층)",,03,폐업,,,,22696010,,
,쉴만한물가,2005-03-30,199834.648575444,451319.668359752,출판인쇄업,출판사,2026-05-03 22:47:35,I,03,폐업,,,,2005-03-30 09:54:35,,2003-04-26,100-290,서울특별시 중구 예관동 **-* 호수빌딩*층,CDFG1251002003000011,3010000,,"서울특별시 중구 퇴계로**길 **  (예관동,호수빌딩*층)",,03,폐업,,,,22697201,,
,삼매경,2004-06-19,199616.863579167,451290.679771363,출판인쇄업,출판사,2026-05-03 22:47:35,I,03,폐업,,,,2004-06-22 09:25:52,,2003-01-04,100-282,서울특별시 중구 인현동*가 ***-** *층일부,CDFG1251002003000015,3010000,,,,03,폐업,,,,22786832,,
,곰솔기획,2004-08-20,199419.643695968,451319.55169995,출판인쇄업,출판사,2026-05-03 22:47:35,I,03,폐업,,,,2004-08-20 17:18:35,,2003-01-10,100-281,서울특별시 중구 인현동*가 **-** 대성빌딩***호,CDFG1251002003000018,3010000,,"서울특별시 중구 마른내로 **  (인현동*가,대성빌딩***호)",,03,폐업,,,,22738896,,
,도서출판 글터,2013-12-24,199571.968830075,451484.21574791,출판인쇄업,출판사,2026-05-03 22:47:35,I,03,폐업,,0,0,2013-12-30 17:51:24,,2003-01-10,100-281,서울특별시 중구 인현동*가 *-** *층,CDFG1251002003000019,3010000,,"서울특별시 중구 을지로**길 ** (인현동*가,*층)",,03,폐업,,,,22761208,0,0
,백범사상실천연합출판국,2004-03-06,199220.324272667,451420.433192288,출판인쇄업,출판사,2026-05-03 22:47:35,I,03,폐업,,,,2004-03-06 11:22:52,,2003-01-10,100-300,서울특별시 중구 초동 **-* 기영빌딩 ***호,CDFG1251002003000020,3010000,,"서울특별시 중구 충무로*길 **  (초동,기영빌딩 ***호)",,03,폐업,,,,22661239,,
,(주)아바타이천,2005-11-30,199322.667,451248.158,출판인쇄업,출판사,2026-05-03 22:47:35,I,03,폐업,,,,2005-11-30 10:37:56,,2003-01-10,100-300,서울특별시 중구 초동 **-* 선라이즈빌딩 ***호,CDFG1251002003000021,3010000,,"서울특별시 중구 충무로 **  (초동,선라이즈빌딩 ***호)",,03,폐업,,,,22699777,,
,도서출판 만나,2003-09-02,199559.81287492,451275.242508566,출판인쇄업,출판사,2026-05-03 22:47:35,I,03,폐업,,,,2003-09-02 16:50:37,,2003-01-17,100-282,서울특별시 중구 인현동*가 ***-** 신성상가*층 ***호,CDFG1251002003000026,3010000,,"서울특별시 중구 마른내로 **  (인현동*가,신성상가*층 ***호)",,03,폐업,,,,22729859,,
,중앙일보포브스(주),2005-06-09,197346.664858178,451164.44975357,출판인쇄업,출판사,2026-05-03 22:47:36,I,03,폐업,,,,2005-06-09 16:20:02,,2003-01-29,100-130,서울특별시 중구 순화동 *-*,CDFG1251002003000034,3010000,,서울특별시 중구 서소문로 **  (순화동),,03,폐업,,,,62621322,,
,피알프린테크,2007-08-03,201467.790455905,451234.389247127,출판인쇄업,출판사,2026-05-03 22:47:36,I,03,폐업,,,,2007-08-03 13:44:17,,2003-02-05,100-450,서울특별시 중구 신당동 **-*** *층 *호,CDFG1251002003000036,3010000,,"서울특별시 중구 퇴계로**길 **  (신당동,*층 *호)",,03,폐업,,,,22368787,,
,태영사,2003-12-31,199517.786860136,451242.915456119,출판인쇄업,출판사,2026-05-03 22:47:36,I,03,폐업,,,,2003-12-31 12:43:19,,2003-02-08,100-282,서울특별시 중구 인현동*가 ***-*,CDFG1251002003000039,3010000,,서울특별시 중구 마른내로*길 **  (인현동*가),,03,폐업,,,,22680150,,
,굳 윌,2003-07-03,199100.110580901,451284.734837059,출판인쇄업,출판사,2026-05-03 22:47:36,I,03,폐업,,,,2003-07-03 16:49:52,,2003-02-12,100-032,서울특별시 중구 저동*가 **-** 금정빌딩 ***호,CDFG1251002003000041,3010000,,"서울특별시 중구 수표로**길 *-*  (저동*가,금정빌딩 ***호)",,03,폐업,,,,,,
,스크린스타,2004-08-18,199815.763550928,451141.619094066,출판인쇄업,출판사,2026-05-03 22:47:36,I,03,폐업,,,,2004-08-18 15:55:04,,2003-02-18,100-015,서울특별시 중구 충무로*가 **-* 남경빌딩 ***호,CDFG1251002003000046,3010000,,"서울특별시 중구 창경궁로 *  (충무로*가,남경빌딩 ***호)",,03,폐업,,,,22748126,,
,피알하우스,2007-05-11,199632.593469236,451344.248667865,출판인쇄업,출판사,2026-05-03 22:47:36,I,03,폐업,,,,2007-05-11 10:48:21,,2003-02-20,100-282,서울특별시 중구 인현동*가 ***-* 젤코바빌딩 ***호,CDFG1251002003000047,3010000,,"서울특별시 중구 마른내로 **  (인현동*가,젤코바빌딩 ***호)",,03,폐업,,,,22851688,,
,하이브리드,2017-04-26,198711.004408276,450729.70372038,출판인쇄업,출판사,2026-05-03 22:48:19,I,03,폐업,,,,2017-04-26 18:02:06,,2008-02-19,100-042,서울특별시 중구 남산동*가 **-* ***호,CDFG1251002008000043,3010000,,"서울특별시 중구 퇴계로**길 **, ***호 (남산동*가)",,03,폐업,,,,02-757-9724,,
,코디프프린팅(주),2010-03-29,199143.472023078,451193.990944798,출판인쇄업,출판사,2026-05-03 22:48:19,I,03,폐업,,,,2010-03-30 09:09:07,,2008-02-21,100-013,서울특별시 중구 충무로*가 **-*,CDFG1251002008000048,3010000,,,,03,폐업,,,,22757671,,
,로마인쇄,2014-01-27,199967.587317496,451254.045547798,출판인쇄업,출판사,2026-05-03 22:48:20,I,03,폐업,,,,2014-01-27 15:39:35,,2008-02-25,100-015,서울특별시 중구 충무로*가 **-*,CDFG1251002008000054,3010000,,서울특별시 중구 퇴계로**길 **-** (충무로*가),,03,폐업,,,,22662017,,
,디자인모드,2015-07-08,199571.599470393,451124.851387624,출판인쇄업,출판사,2026-05-03 22:48:20,I,03,폐업,,,,2015-07-08 14:40:46,,2008-03-13,100-713,서울특별시 중구 충무로*가 ***-* 진양상가 *층 ***호,CDFG1251002008000070,3010000,,"서울특별시 중구 퇴계로 *** (충무로*가,진양상가 *층 ***호)",,03,폐업,,,,02-2278-3161,,
,사회정책,2008-03-19,199303.523789232,451086.415293019,출판인쇄업,출판사,2026-05-03 22:48:20,I,03,폐업,,,,2008-03-25 13:35:43,,2008-03-17,100-013,서울특별시 중구 충무로*가 **-* 해창빌딩 B ***,CDFG1251002008000073,3010000,,"서울특별시 중구 충무로 *  (충무로*가,해창빌딩 B ***)",,03,폐업,,,,,,
,카르마에듀 인터내셔날,2017-01-17,197566.862311117,451100.772883934,출판인쇄업,출판사,2026-05-03 22:48:20,I,03,폐업,,,,2017-01-17 15:02:22,,2008-03-24,100-736,서울특별시 중구 서소문동 ***-** 동화빌딩 별관 ****호,CDFG1251002008000081,3010000,,"서울특별시 중구 세종대로*길 ** (서소문동,동화빌딩 별관 ****호)",,03,폐업,,,,02-777-3347,,
,사회정책,2020-12-24,199303.523789232,451086.415293019,출판인쇄업,출판사,2026-05-03 22:48:20,I,03,폐업,,,,2020-12-24 17:21:42,,2008-03-25,100-013,서울특별시 중구 충무로*가 **-* 해창빌딩 B ***,CDFG1251002008000083,3010000,,"서울특별시 중구 충무로 *  (충무로*가,해창빌딩 B ***)",,03,폐업,,,,22781068,,
,대웅문화사,2016-10-31,199140.065721905,451435.719898536,출판인쇄업,출판사,2026-05-03 22:48:20,I,03,폐업,,,,2016-10-31 14:28:34,,2008-03-27,,서울특별시 중구 초동 ***,CDFG1251002008000085,3010000,,서울특별시 중구 을지로**길 ** (초동),04550,03,폐업,,,,22730222,,
,도서출판 대양,2013-12-30,199134.917472391,451720.261991441,출판인쇄업,출판사,2026-05-03 22:48:20,I,03,폐업,,,,2013-12-30 17:54:22,,2008-04-08,100-854,서울특별시 중구 입정동 ***-* 대성빌딩 ***,CDFG1251002008000092,3010000,,"서울특별시 중구 을지로**길 ** (입정동,대성빌딩 ***)",,03,폐업,,,,22758757,,
,대동출판사,2019-02-15,199435.845257129,451462.301312693,출판인쇄업,출판사,2026-05-03 22:48:20,I,03,폐업,,,,2019-02-15 17:42:07,,2008-04-08,100-281,서울특별시 중구 인현동*가 **-*,CDFG1251002008000093,3010000,,서울특별시 중구 을지로**길 ** (인현동*가),,03,폐업,,,,,,
,도서출판 필기,2012-05-22,199133.686855624,451627.458338686,출판인쇄업,출판사,2026-05-03 22:48:20,I,03,폐업,,,,2012-05-22 15:38:57,,2008-04-17,100-846,서울특별시 중구 을지로*가 **-** 천이빌딩 *층,CDFG1251002008000099,3010000,,"서울특별시 중구 을지로**길 **  (을지로*가,천이빌딩 *층)",,03,폐업,,,,22654558,,
,풍경,2011-12-12,199646.387883843,451195.789369339,출판인쇄업,출판사,2026-05-03 22:48:20,I,03,폐업,,,,2011-12-12 15:23:34,,2008-04-21,100-282,서울특별시 중구 인현동*가 *** *층,CDFG1251002008000100,3010000,,"서울특별시 중구 마른내로**길 **  (인현동*가,*층)",,03,폐업,,,,22630015,,
,대호문화사,2020-04-28,198933.97195053,451577.493486131,출판인쇄업,출판사,2026-05-03 22:48:21,I,03,폐업,,,,2020-04-28 16:57:48,,2008-05-16,100-845,서울특별시 중구 을지로*가 ***-** 수연빌딩 ***호,CDFG1251002008000110,3010000,,"서울특별시 중구 삼일대로**길 **-*  (을지로*가,수연빌딩 ***호)",,03,폐업,,,,22653388,,
,디자인 소풍,2015-01-13,199991.22425811,450944.658887631,출판인쇄업,출판사,2026-05-03 22:48:21,I,03,폐업,,,,2015-01-14 15:37:24,,2008-05-26,100-380,서울특별시 중구 묵정동 **-* 충무아파트 ***호,CDFG1251002008000111,3010000,,"서울특별시 중구 퇴계로**길 ** (묵정동,충무아파트 ***호)",,03,폐업,,,,22720646,,
,(주)비에이비컴,2011-06-17,199155.649117384,451163.357850613,출판인쇄업,출판사,2026-05-03 22:48:21,I,03,폐업,,,,2011-06-17 13:29:32,,2008-06-10,100-013,서울특별시 중구 충무로*가 **-*,CDFG1251002008000115,3010000,,서울특별시 중구 퇴계로**길 **  (충무로*가),,03,폐업,,,,02-2269-1155,,
,도서출판 샤먼,2012-01-30,199991.466418424,451233.74692803,출판인쇄업,출판사,2026-05-03 22:48:21,I,03,폐업,,,,2012-01-30 15:34:29,,2008-06-11,100-015,서울특별시 중구 충무로*가 *-** 유창빌딩,CDFG1251002008000116,3010000,,"서울특별시 중구 마른내로**길 **  (충무로*가,유창빌딩)",,03,폐업,,,,02-2265-1775,,
,크는나무,2009-09-24,199487.477681997,451541.463050985,출판인쇄업,출판사,2026-05-03 22:48:21,I,03,폐업,,,,2009-09-24 15:44:00,,2008-06-12,100-194,서울특별시 중구 을지로*가 ***-* 무광빌딩 *층,CDFG1251002008000118,3010000,,"서울특별시 중구 을지로**길 *  (을지로*가,무광빌딩 *층)",,03,폐업,,,,02-2279-5514,,
,도서출판 仁康文化社,2009-09-28,199796.465463213,451488.344883734,출판인쇄업,출판사,2026-05-03 22:48:21,I,03,폐업,,,,2009-09-28 09:54:32,,2008-06-17,100-290,서울특별시 중구 예관동 *-* 고려빌딩 ***호,CDFG1251002008000121,3010000,,"서울특별시 중구 창경궁로 **-*  (예관동,고려빌딩 ***호)",,03,폐업,,,,22683650,,
,프리미엄월드(주),2024-07-22,199024.954128898,450930.705094537,출판인쇄업,출판사,2026-05-03 22:48:21,I,03,폐업,,,,2024-07-24 17:27:49,,2008-06-17,100-240,서울특별시 중구 주자동 **-* 대도빌딩 ***호,CDFG1251002008000122,3010000,,"서울특별시 중구 삼일대로*길 **,  ***호 (주자동,대도빌딩)",,03,폐업,,,,02-2264-8492,,
사무실,더노피,2011-12-06,199482.40367807,451129.283562157,출판인쇄업,출판사,2026-05-03 22:48:21,I,03,폐업,,,,2011-12-07 18:09:07,,2008-06-24,100-014,서울특별시 중구 충무로*가 **-** 금룡빌딩 *층 ***호,CDFG1251002008000124,3010000,,"서울특별시 중구 충무로*길 **-*,  ***호 (충무로*가,금룡빌딩 *층)",,03,폐업,,,,,,
,성광페이퍼,2010-05-25,200114.047054556,451422.383765796,출판인쇄업,출판사,2026-05-03 22:48:21,I,03,폐업,,,,2010-05-25 13:56:47,,2008-06-27,100-310,서울특별시 중구 오장동 ***-**,CDFG1251002008000127,3010000,,서울특별시 중구 동호로 ***-*  (오장동),,03,폐업,,,,02-2273-7336,,
,대산문화사,2010-01-21,,,출판인쇄업,출판사,2026-05-03 22:48:21,I,03,폐업,,,,2010-01-21 14:51:27,,2008-07-01,100-862,서울특별시 중구 충무로*가 ***-* 극동극장 ***호,CDFG1251002008000130,3010000,,"서울특별시 중구 퇴계로 ***-*  (충무로*가,극동극장 ***호)",,03,폐업,,,,02-2278-0958,,
,문창콘,2020-12-30,199213.779315911,451517.58035169,출판인쇄업,출판사,2026-05-03 22:49:05,I,03,폐업,,,,2021-03-29 18:10:40,,2011-11-30,,서울특별시 중구 을지로*가 ***-*,CDFG1251002016000020,3010000,,"서울특별시 중구 을지로**길 *, ***호 (을지로*가, 을지빌딩 본관)",04550,03,폐업,,,,02-6351-6516,,
,글로컬 아트앤컬처,2020-12-16,198733.033970439,450704.944926926,출판인쇄업,출판사,2026-05-03 22:49:05,I,03,폐업,,,,2020-12-16 16:43:44,,2016-02-01,,서울특별시 중구 남산동*가 **-*,CDFG1251002016000024,3010000,,"서울특별시 중구 퇴계로**길 **, ***호 (남산동*가, 열매나눔빌딩)",04629,03,폐업,,,,,,
,힌트(HINT),2017-05-01,198492.730625257,450912.159237941,출판인쇄업,출판사,2026-05-03 22:49:06,I,03,폐업,,,,2017-05-01 15:45:19,,2016-02-15,,서울특별시 중구 회현동*가 **-*,CDFG1251002016000027,3010000,,"서울특별시 중구 퇴계로 ***, ****호 (회현동*가, 세대빌딩)",04631,03,폐업,,,,,,
,도서출판 시선,2019-12-03,201852.931048042,450855.26449377,출판인쇄업,출판사,2026-05-03 22:49:06,I,03,폐업,,,,2019-12-03 14:54:01,,2016-03-07,,서울특별시 중구 신당동 ***,CDFG1251002016000036,3010000,,"서울특별시 중구 다산로**길 ***, *동 ***호 (신당동, 현대아파트)",04582,03,폐업,,,,02-2332-1021,,
,주식회사 영프로세스프린팅,2024-03-14,199158.089273854,451290.6183311,출판인쇄업,출판사,2026-05-03 22:49:06,I,03,폐업,,,,2024-03-14 14:38:34,,2016-03-30,,서울특별시 중구 초동 ***-**,CDFG1251002016000052,3010000,,"서울특별시 중구 퇴계로**길 **, *층 (초동)",04555,03,폐업,,,,02-2267-5931,,
,한국특수인쇄. 한국금박,2024-12-31,199617.533704985,451104.368183845,출판인쇄업,출판사,2026-05-03 22:49:06,I,03,폐업,,,,2024-12-31 17:25:30,,2016-03-30,,서울특별시 중구 충무로*가 ***-**,CDFG1251002016000053,3010000,,"서울특별시 중구 퇴계로 ***-*, *층 (충무로*가)",04558,03,폐업,,,,,,
,좋은하루,2022-06-14,200123.671716415,451612.700077323,출판인쇄업,출판사,2026-05-03 22:49:06,I,03,폐업,,,,2022-06-14 16:41:31,,2016-04-12,,서울특별시 중구 을지로*가 **-*,CDFG1251002016000057,3010000,,"서울특별시 중구 을지로 지하 ***, 지하층 *-**호 (을지로*가)",04562,03,폐업,,,,02-2277-4003,,
,국립중앙의료원,2023-01-31,200461.421710224,451682.120811509,출판인쇄업,출판사,2026-05-03 22:49:06,I,03,폐업,,,,2023-01-31 14:24:14,,2016-04-18,,서울특별시 중구 을지로*가 **-**,CDFG1251002016000060,3010000,,"서울특별시 중구 을지로 *** (을지로*가, 국립중앙의료원)",04564,03,폐업,,,,02-2276-2337,,
,현,2020-03-24,199693.486899193,450792.885208258,출판인쇄업,출판사,2026-05-03 22:49:06,I,03,폐업,,,,2020-03-24 17:24:22,,2009-02-24,,서울특별시 중구 필동*가 **-**,CDFG1251002016000063,3010000,근린상업지역,"서울특별시 중구 서애로*길 **, *층 ***호 (필동*가, LSY)",04623,03,폐업,,,,02-2273-7142,,
,(주)씨에스컨설팅앤드미디어(CS Consultiong & Media),2017-04-14,197821.219011153,451827.081005774,출판인쇄업,출판사,2026-05-03 22:49:06,I,03,폐업,,,,2017-04-17 09:49:47,,2010-02-12,,서울특별시 중구 태평로*가 **-*,CDFG1251002016000074,3010000,,"서울특별시 중구 세종대로**길 ** (태평로*가, 조선일보광화문빌딩)",04519,03,폐업,,,,02-725-5521,,
,도서출판 허 신,2025-12-11,199902.978873567,451114.759444985,출판인쇄업,출판사,2026-05-03 22:49:06,I,03,폐업,,,,2025-12-11 14:25:45,,2016-06-02,,서울특별시 중구 묵정동 **-**,CDFG1251002016000088,3010000,,"서울특별시 중구 퇴계로 ***, *층 (묵정동)",04619,03,폐업,,,,,,
,에코민트,2020-04-02,199570.94218383,451509.160416598,출판인쇄업,출판사,2026-05-03 22:49:06,I,03,폐업,,,,2020-04-02 18:10:49,,2016-06-03,,서울특별시 중구 을지로*가 ***-*,CDFG1251002016000089,3010000,,"서울특별시 중구 을지로**길 **, *층 ***호 (을지로*가, 광덕빌딩)",04548,03,폐업,,,,02-2269-7795,,
,주식회사 바른프린테크,2024-12-31,199159.358708769,451121.161011502,출판인쇄업,출판사,2026-05-03 22:49:06,I,03,폐업,,,,2025-02-06 14:05:21,,2016-06-03,,서울특별시 중구 충무로*가 **-*,CDFG1251002016000091,3010000,,"서울특별시 중구 퇴계로**길 **, 청림빌딩 ***호 (충무로*가)",04554,03,폐업,,,,,,
,매씨브록,2020-06-29,199615.354319746,451264.147166493,출판인쇄업,출판사,2026-05-03 22:49:06,I,03,폐업,,,,2020-06-29 18:01:35,,2016-06-09,,서울특별시 중구 인현동*가 ***-**,CDFG1251002016000093,3010000,,"서울특별시 중구 마른내로*길 **, *층 (인현동*가)",04558,03,폐업,,,,,,
,마음봄 인성교육 연구소,2022-12-28,197844.190666667,451742.363666667,출판인쇄업,출판사,2026-05-03 22:49:06,I,03,폐업,,,,2022-12-28 17:19:28,,2016-07-13,,서울특별시 중구 태평로*가 **-**,CDFG1251002016000116,3010000,,"서울특별시 중구 세종대로**길 ** (태평로*가, 조선일보사건물)",04519,03,폐업,,,,02-724-7851,,
,동림문화사,2024-06-24,200066.892541187,451278.220384666,출판인쇄업,출판사,2026-05-03 22:49:06,I,03,폐업,,,,2025-05-27 17:28:42,,2016-08-03,,서울특별시 중구 충무로*가 **-**,CDFG1251002016000128,3010000,,"서울특별시 중구 마른내로**길 **-**, *층 (충무로*가)",04559,03,폐업,,,,02-2265-8195,,
,네이플,2021-01-15,199559.81287492,451275.242508566,출판인쇄업,출판사,2026-05-03 22:49:06,I,03,폐업,,,,2021-01-15 17:25:31,,2010-06-14,,서울특별시 중구 인현동*가 ***-**,CDFG1251002016000129,3010000,,"서울특별시 중구 마른내로 **, ***호 (인현동*가, 인현상가)",04558,03,폐업,,,,02-6677-7330,,
,휘슬,2019-12-04,199926.293186604,451234.452170761,출판인쇄업,출판사,2026-05-03 22:49:06,I,03,폐업,,,,2019-12-05 09:42:22,,2016-08-10,,서울특별시 중구 충무로*가 **-*,CDFG1251002016000132,3010000,,"서울특별시 중구 퇴계로**길 **, *층 ***호 (충무로*가, 충무로엘크루메트로시티Ⅱ)",04559,03,폐업,,,,070-7847-8284,,
,주식회사 브랜드메이커 약속의나무,2018-09-18,198403.083197305,451049.012425837,출판인쇄업,출판사,2026-05-03 22:49:06,I,03,폐업,,42.94,,2018-09-18 10:05:48,,2011-06-21,,서울특별시 중구 충무로*가 **-**,CDFG1251002016000134,3010000,,"서울특별시 중구 명동*길 **, *층 ***호 (충무로*가, 중앙전화국)",04535,03,폐업,,,,,,
,예인에디션,2024-08-21,199693.486899193,450792.885208258,출판인쇄업,출판사,2026-05-03 22:49:06,I,03,폐업,,,,2024-08-23 09:50:25,,2016-08-17,,서울특별시 중구 필동*가 **-** LSY,CDFG1251002016000136,3010000,,"서울특별시 중구 서애로*길 **, *층 (필동*가)",04623,03,폐업,,,,,,
,부영인쇄,2019-12-31,199937.011928599,451179.167732596,출판인쇄업,출판사,2026-05-03 22:49:06,I,03,폐업,,,,2020-01-03 17:26:37,,2016-09-05,,서울특별시 중구 충무로*가 **-*,CDFG1251002016000141,3010000,,"서울특별시 중구 퇴계로 ***-*, *층 (충무로*가, 삼일빌딩)",04559,03,폐업,,,,02-2263-3544,,
,주식회사 교원크리에이티브,2021-10-01,198477.517150403,451579.634210825,출판인쇄업,출판사,2026-05-03 22:49:06,I,03,폐업,,,,2021-10-26 15:48:31,,2016-09-05,,서울특별시 중구 을지로*가 *,CDFG1251002016000142,3010000,,"서울특별시 중구 을지로 **, **층 (을지로*가, 내외빌딩)",04539,03,폐업,,,,02-397-9046,,
,황금소나무,2003-07-01,197901.591381115,450558.528407008,출판인쇄업,출판사,2026-05-03 22:47:36,I,03,폐업,,,,2003-07-01 14:17:14,,2003-02-22,100-806,서울특별시 중구 남창동 ***-* 삼성빌딩 ***호,CDFG1251002003000051,3010000,,"서울특별시 중구 퇴계로 **  (남창동,삼성빌딩 ***호)",,03,폐업,,,,,,
,코리아캠퍼스,2007-02-02,200098.006851067,451307.510521326,출판인쇄업,출판사,2026-05-03 22:47:36,I,03,폐업,,,,2007-02-02 14:58:18,,2003-02-22,100-310,서울특별시 중구 오장동 ***-* 넥서스타워*층 ***호,CDFG1251002003000053,3010000,,"서울특별시 중구 퇴계로**길 **  (오장동,넥서스타워*층 ***호)",,03,폐업,,,,22796666,,
,도서출판 창해,2024-12-31,199228.390062359,451308.861218064,출판인쇄업,출판사,2026-05-03 22:47:36,I,03,폐업,,,,2025-02-21 16:14:33,,2003-02-28,100-300,서울특별시 중구 초동 **-* *층,CDFG1251002003000056,3010000,,"서울특별시 중구 수표로**길 **  (초동,*층)",,03,폐업,,,,02-2285-3033,,
,헤럴드사이버아카데미,2005-06-29,198529.914388176,450892.957567335,출판인쇄업,출판사,2026-05-03 22:47:36,I,03,폐업,,,,2005-06-29 10:36:23,,2003-02-28,100-053,서울특별시 중구 회현동*가 *-** *층,CDFG1251002003000057,3010000,,"서울특별시 중구 퇴계로 ***  (회현동*가,*층)",,03,폐업,,,,,,
,새문화교육,2003-06-12,199588.424177606,451309.633150565,출판인쇄업,출판사,2026-05-03 22:47:36,I,03,폐업,,,,2003-06-12 15:34:58,,2003-03-10,100-282,서울특별시 중구 인현동*가 ***-** *층***호,CDFG1251002003000062,3010000,,"서울특별시 중구 마른내로 **  (인현동*가,*층***호)",,03,폐업,,,,22758002,,
,대원아이앤시,2007-06-20,199332.984027781,451408.541940369,출판인쇄업,출판사,2026-05-03 22:47:36,I,03,폐업,,,,2007-06-20 15:41:14,,2003-03-11,100-300,서울특별시 중구 초동 **-*,CDFG1251002003000064,3010000,,서울특별시 중구 충무로*길 *  (초동),,03,폐업,,,,22683054,,
,컴아트,2005-08-29,199541.76831886,450792.116073306,출판인쇄업,출판사,2026-05-03 22:47:36,I,03,폐업,,,,2005-08-29 13:44:46,,2003-03-15,100-272,서울특별시 중구 필동*가 **-* 근아빌딩 ***호,CDFG1251002003000068,3010000,,"서울특별시 중구 퇴계로**가길 **  (필동*가,근아빌딩 ***호)",,03,폐업,,,,22725400,,
,인포아트,2004-03-30,199115.162515675,451501.106828934,출판인쇄업,출판사,2026-05-03 22:47:36,I,03,폐업,,,,2004-03-30 16:04:12,,2003-03-17,100-846,서울특별시 중구 을지로*가 ***-* 상지빌딩 ***호,CDFG1251002003000070,3010000,,"서울특별시 중구 을지로 ***-**  (을지로*가,상지빌딩 ***호)",,03,폐업,,,,22695029,,
,제이씨그래픽스,2008-05-09,199205.25409535,451196.640474041,출판인쇄업,출판사,2026-05-03 22:47:36,I,03,폐업,,,,2008-05-09 10:25:24,,2003-03-19,100-013,서울특별시 중구 충무로*가 **-** (*층),CDFG1251002003000071,3010000,,"서울특별시 중구 수표로*길 **  (충무로*가,(*층))",,03,폐업,,,,22695611,,
,비즈엔,2005-01-27,199115.162515675,451501.106828934,출판인쇄업,출판사,2026-05-03 22:47:36,I,03,폐업,,,,2005-01-27 14:37:13,,2003-03-19,100-846,서울특별시 중구 을지로*가 ***-* 상지빌딩***호,CDFG1251002003000072,3010000,,"서울특별시 중구 을지로 ***-**  (을지로*가,상지빌딩***호)",,03,폐업,,,,22663841,,
,백송미래문학,2004-03-10,199985.17371424,451079.06000301,출판인쇄업,출판사,2026-05-03 22:47:36,I,03,폐업,,,,2004-03-11 10:15:22,,2003-04-07,100-380,서울특별시 중구 묵정동 **-**,CDFG1251002003000080,3010000,,서울특별시 중구 퇴계로**길 **  (묵정동),,03,폐업,,,,22728039,,
,정한피앤피,2006-01-09,199511.766167005,450565.40280769,출판인쇄업,출판사,2026-05-03 22:47:37,I,03,폐업,,,,2006-01-09 19:55:27,,2003-04-07,100-272,서울특별시 중구 필동*가 ***-*,CDFG1251002003000082,3010000,,서울특별시 중구 퇴계로**가길 **  (필동*가),,03,폐업,,,,22726234,,
,소림프레스,2004-08-16,197051.915350262,450471.503691248,출판인쇄업,출판사,2026-05-03 22:47:37,I,03,폐업,,,,2004-08-16 14:38:27,,2003-04-09,100-807,서울특별시 중구 만리동*가 **-*,CDFG1251002003000084,3010000,,서울특별시 중구 만리재로**길 **  (만리동*가),,03,폐업,,,,,,
,북스코리아,2004-06-25,200478.426467315,450822.610226713,출판인쇄업,출판사,2026-05-03 22:47:37,I,03,폐업,,,,2004-06-25 16:13:40,,2003-04-09,100-391,서울특별시 중구 장충동*가 **-**,CDFG1251002003000085,3010000,,서울특별시 중구 장충단로 ***  (장충동*가),,03,폐업,,,,,,
,일산피앤피,2008-01-11,199115.903640292,450908.429663519,출판인쇄업,출판사,2026-05-03 22:47:37,I,03,폐업,,,,2008-01-11 15:40:36,,2003-04-10,100-260,서울특별시 중구 남학동 **-* *층,CDFG1251002003000087,3010000,,"서울특별시 중구 퇴계로**길 *-*  (남학동,*층)",,03,폐업,,,,22740212,,
,푸른기획,2014-04-02,,,출판인쇄업,출판사,2026-05-03 22:47:37,I,03,폐업,,0,0,2014-04-02 15:07:32,,2003-04-14,100-803,서울특별시 중구 남대문로*가 ***-* 철로빌딩*층,CDFG1251002003000088,3010000,,,,03,폐업,,,,,0,0
,트레블프레스,2007-02-21,198492.730625257,450912.159237941,출판인쇄업,출판사,2026-05-03 22:47:37,I,03,폐업,,,,2007-02-21 14:34:19,,2003-04-14,100-053,서울특별시 중구 회현동*가 **-* 세대빌딩 ***호,CDFG1251002003000089,3010000,,"서울특별시 중구 퇴계로 ***  (회현동*가,세대빌딩 ***호)",,03,폐업,,,,,,
,비플러스,2003-12-08,198442.468273746,450732.108783398,출판인쇄업,출판사,2026-05-03 22:47:37,I,03,폐업,,,,2004-02-02 09:14:46,,2003-04-14,100-876,서울특별시 중구 회현동*가 **-* 삼정빌딩*층,CDFG1251002003000091,3010000,,"서울특별시 중구 소공로 **  (회현동*가,삼정빌딩*층)",,03,폐업,,,,,,
,도서출판 한올,2004-11-29,,,출판인쇄업,출판사,2026-05-03 22:47:37,I,03,폐업,,,,2004-11-29 15:35:08,,2003-04-16,100-220,서울특별시 중구 장교동 **-** 삼진빌딩***호,CDFG1251002003000092,3010000,,,,03,폐업,,,,22855127,,
,이모션,2010-04-13,199162.082687084,450928.290573878,출판인쇄업,출판사,2026-05-03 22:47:37,I,03,폐업,,0,0,2010-04-13 11:53:25,,2003-04-28,100-260,서울특별시 중구 남학동 **-* 만수빌딩 ***,CDFG1251002003000097,3010000,,"서울특별시 중구 퇴계로**길 *  (남학동,만수빌딩 ***)",,03,폐업,,,,22632563,0,0
,금원문화사,2007-11-28,199599.308969244,450959.488508242,출판인쇄업,출판사,2026-05-03 22:47:37,I,03,폐업,,,,2007-11-28 17:13:16,,2003-04-28,100-272,서울특별시 중구 필동*가 **-**,CDFG1251002003000098,3010000,,서울특별시 중구 필동로 *-*  (필동*가),,03,폐업,,,,22852201,,
,삼우미디어,2012-07-02,198916.265218099,451636.075556878,출판인쇄업,출판사,2026-05-03 22:47:37,I,03,폐업,,,,2012-07-02 12:56:28,,2003-04-28,100-230,서울특별시 중구 수표동 **-** 동신빌딩 ***호,CDFG1251002003000099,3010000,,"서울특별시 중구 을지로*길 **  (수표동,동신빌딩 ***호)",,03,폐업,,,,22785714,,
,신영출판사,2020-08-03,199571.599470393,451124.851387624,출판인쇄업,출판사,2026-05-03 22:47:37,I,03,폐업,,0,0,2020-08-03 16:09:55,,2003-04-28,100-863,서울특별시 중구 충무로*가 ***-* 진양빌딩 ***호,CDFG1251002003000102,3010000,,"서울특별시 중구 퇴계로 ***  (충무로*가,진양빌딩 ***호)",,03,폐업,,,,02-2279-7480,0,0
,혜전,2009-11-11,199353.409062771,451394.349814085,출판인쇄업,출판사,2026-05-03 22:48:21,I,03,폐업,,,,2009-11-11 13:47:44,,2008-07-14,100-281,서울특별시 중구 인현동*가 ***-* 조광빌딩 ***호,CDFG1251002008000135,3010000,,"서울특별시 중구 을지로**길 **  (인현동*가,조광빌딩 ***호)",,03,폐업,,,,02-2268-0374,,
,(주)경향닷컴,2011-01-24,197279.328436862,451765.426505347,출판인쇄업,출판사,2026-05-03 22:48:21,I,03,폐업,,,,2011-01-24 14:10:32,,2008-08-20,100-120,서울특별시 중구 정동 ** 경향신문사본관 **층,CDFG1251002008000152,3010000,,"서울특별시 중구 정동길 *  (정동,경향신문사본관 **층)",,03,폐업,,,,02-3701-1764,,
,창조기획,2011-06-09,199417.34923053,451080.268805825,출판인쇄업,출판사,2026-05-03 22:48:21,I,03,폐업,,,,2011-06-09 10:46:19,,2008-08-26,100-014,서울특별시 중구 충무로*가 ***-*,CDFG1251002008000156,3010000,,서울특별시 중구 퇴계로**길 **  (충무로*가),,03,폐업,,,,02-2272-9726,,
,도서출판 태멘,2019-05-23,199399.153990059,451233.114454894,출판인쇄업,출판사,2026-05-03 22:48:22,I,03,폐업,,,,2019-05-23 15:22:13,,2008-09-09,100-281,서울특별시 중구 인현동*가 ***-*,CDFG1251002008000164,3010000,,서울특별시 중구 마른내로*길 **-** (인현동*가),,03,폐업,,,,02-2273-7891,,
,창이디자인,2013-12-30,199676.030283312,450852.14351829,출판인쇄업,출판사,2026-05-03 22:48:22,I,03,폐업,,,,2013-12-30 17:29:40,,2008-09-25,100-273,서울특별시 중구 필동*가 **-* 서울캐피탈빌딩 ***-*,CDFG1251002008000169,3010000,,"서울특별시 중구 서애로 ** (필동*가,서울캐피탈빌딩 ***-*)",,03,폐업,,,,02-2266-0569,,
,대성출력센타,2016-01-05,199213.94068956,451151.859988012,출판인쇄업,출판사,2026-05-03 22:48:22,I,03,폐업,,,,2016-01-05 20:43:34,,2008-09-25,100-013,서울특별시 중구 충무로*가 **-**,CDFG1251002008000170,3010000,,서울특별시 중구 수표로*길 ** (충무로*가),,03,폐업,,,,02-2268-7478,,
,양인사,2018-05-24,198043.635511275,450686.849956646,출판인쇄업,출판사,2026-05-03 22:48:22,I,03,폐업,,,,2018-05-24 15:32:32,,2008-09-29,,서울특별시 중구 회현동*가 ***-** 회현 치안센터,CDFG1251002008000171,3010000,,서울특별시 중구 퇴계로*길 *-** (회현동*가),04634,03,폐업,,,,02-777-2323,,
,성경사관,2015-04-03,199358.34804369,451371.595692328,출판인쇄업,출판사,2026-05-03 22:48:22,I,03,폐업,,,,2015-04-03 15:10:04,,2008-10-02,100-281,서울특별시 중구 인현동*가 ***-* 근화빌딩 ***호,CDFG1251002008000173,3010000,,"서울특별시 중구 을지로**길 **, ***호 (인현동*가,근화빌딩)",,03,폐업,,,,02-2275-2420,,
,삼희문화,2020-11-12,199401.908701836,451134.131723252,출판인쇄업,출판사,2026-05-03 22:48:22,I,03,폐업,,,,2020-11-12 14:47:20,,2008-10-02,100-014,서울특별시 중구 충무로*가 *** 동영빌딩 ***호,CDFG1251002008000176,3010000,,"서울특별시 중구 충무로*길 **,  ***호 (충무로*가,동영빌딩)",,03,폐업,,,,,,
,도서출판 레이스,2015-02-13,199659.622928752,451636.436130466,출판인쇄업,출판사,2026-05-03 22:48:22,I,03,폐업,,,,2015-02-13 15:35:48,,2008-10-14,100-848,서울특별시 중구 을지로*가 ** 보은빌딩 ***호,CDFG1251002008000180,3010000,,"서울특별시 중구 창경궁로*길 **, ***호 (을지로*가,보은빌딩)",,03,폐업,,,,02-352-8381,,
,드림디앤디,2011-01-06,199444.727898228,451499.978507783,출판인쇄업,출판사,2026-05-03 22:48:22,I,03,폐업,,,,2011-01-06 16:28:37,,2008-10-14,100-193,서울특별시 중구 을지로*가 ***-*,CDFG1251002008000181,3010000,,서울특별시 중구 을지로**길 **  (을지로*가),,03,폐업,,,,02-2268-6940,,
,한국벧엘,2019-09-18,199143.599218612,451519.362994972,출판인쇄업,출판사,2026-05-03 22:48:22,I,03,폐업,,,,2019-09-18 17:28:13,,2008-10-15,,서울특별시 중구 을지로*가 ***-*,CDFG1251002008000183,3010000,,"서울특별시 중구 을지로**길 *, *층 (을지로*가)",04550,03,폐업,,,,02-2266-7443,,
,도서출판 한국문인,2025-06-24,199644.869714843,451127.948922754,출판인쇄업,출판사,2026-05-03 22:48:22,I,03,폐업,,,,2025-06-24 17:32:28,,2008-10-15,100-863,서울특별시 중구 충무로*가 ***-*,CDFG1251002008000184,3010000,,서울특별시 중구 창경궁로*길 ** (충무로*가),,03,폐업,,,,02-2272-8807,,
,서경문화,2014-03-11,199124.505494523,451151.934774689,출판인쇄업,출판사,2026-05-03 22:48:22,I,03,폐업,,,,2014-03-11 15:12:19,,2008-10-28,100-013,서울특별시 중구 충무로*가 **-* 유진빌딩 ***호,CDFG1251002008000189,3010000,,,,03,폐업,,,,02-2278-1365,,
,연우인쇄사,2014-01-20,199332.984027781,451408.541940369,출판인쇄업,출판사,2026-05-03 22:48:22,I,03,폐업,,,,2014-02-06 19:23:11,,2008-11-18,100-300,서울특별시 중구 초동 **-*,CDFG1251002008000199,3010000,,서울특별시 중구 충무로*길 * (초동),,03,폐업,,,,02-2268-7532,,
,정광씨앤피,2010-10-18,200004.036011284,451250.266273323,출판인쇄업,출판사,2026-05-03 22:48:22,I,03,폐업,,,,2010-10-18 15:57:18,,2008-11-18,100-015,서울특별시 중구 충무로*가 *-** 청송빌딩 ***호,CDFG1251002008000200,3010000,,"서울특별시 중구 마른내로**길 **-*,  ***호 (충무로*가,청송빌딩)",,03,폐업,,,,02-2272-2771,,
,하우드 그래픽앤디자인,2018-03-30,199393.748061831,451020.317219361,출판인쇄업,출판사,2026-05-03 22:48:22,I,03,폐업,,,,2018-04-02 19:29:18,,2008-11-27,,서울특별시 중구 필동*가 ** 충무빌딩,CDFG1251002008000209,3010000,,"서울특별시 중구 퇴계로 ***, 충무빌딩 (필동*가)",04557,03,폐업,,,,02-2285-0886,,
,도서출판 성문기획,2020-05-28,199448.102922035,451548.668257947,출판인쇄업,출판사,2026-05-03 22:48:23,I,03,폐업,,,,2020-05-28 13:38:14,,2008-12-10,100-847,서울특별시 중구 을지로*가 ***-* 중앙데코플라자 ****호,CDFG1251002008000212,3010000,,"서울특별시 중구 을지로 ***,  ****호 (을지로*가,중앙데코플라자)",,03,폐업,,,,02-2272-1977,,
,칼라아트,2009-11-16,199644.374619805,451313.040165024,출판인쇄업,출판사,2026-05-03 22:48:23,I,03,폐업,,,,2009-11-16 13:12:41,,2008-12-18,100-282,서울특별시 중구 인현동*가 ***-*,CDFG1251002008000215,3010000,,서울특별시 중구 마른내로 **  (인현동*가),,03,폐업,,,,02-2263-3517,,
,광성프린테크(주),2014-12-30,199352.279317955,451429.092657369,출판인쇄업,출판사,2026-05-03 22:48:23,I,03,폐업,,,,2014-12-30 13:46:10,,2008-12-26,100-300,서울특별시 중구 초동 **-* 서일빌딩 ***호,CDFG1251002008000218,3010000,,"서울특별시 중구 을지로**길 **, ***호 (초동,서일빌딩)",,03,폐업,,,,02-2285-2042,,
,도서출판 지명원,2024-09-13,199516.114029899,451473.705249863,출판인쇄업,출판사,2026-05-03 22:48:23,I,03,폐업,,,,2024-09-13 17:45:50,,2009-01-20,100-281,서울특별시 중구 인현동*가 **-** 화원빌딩 ***호,CDFG1251002009000006,3010000,,"서울특별시 중구 을지로**길 **,  ***호 (인현동*가,화원빌딩)",,03,폐업,,,,02-2273-7296,,
,예슬기획,2013-09-05,199868.391067264,451170.504709151,출판인쇄업,출판사,2026-05-03 22:48:23,I,03,폐업,,,,2013-09-05 08:43:40,,2009-02-02,100-015,서울특별시 중구 충무로*가 **-**,CDFG1251002009000013,3010000,,서울특별시 중구 퇴계로**길 *  (충무로*가),,03,폐업,,,,02-2277-5037,,
,정수출판,2011-11-21,199397.013822421,451070.763689185,출판인쇄업,출판사,2026-05-03 22:48:23,I,03,폐업,,,,2011-11-21 18:01:48,,2009-02-12,100-862,서울특별시 중구 충무로*가 ***-* 기종빌딩 ***호,CDFG1251002009000022,3010000,,"서울특별시 중구 퇴계로**길 **  (충무로*가,기종빌딩 ***호)",,03,폐업,,,,02-2269-1100,,
,세광디지털 C& P,2018-07-31,199220.324272667,451420.433192288,출판인쇄업,출판사,2026-05-03 22:49:07,I,03,폐업,,,,2018-07-31 11:08:14,,2016-09-07,,서울특별시 중구 초동 **-*,CDFG1251002016000145,3010000,,"서울특별시 중구 충무로*길 **, ***호 (초동, 기영빌딩)",04550,03,폐업,,,,02222770272,,
,도서출판 북방,2023-03-14,199733.225714011,451140.879758189,출판인쇄업,출판사,2026-05-03 22:49:07,I,03,폐업,,,,2023-03-14 15:20:08,,2016-10-06,,서울특별시 중구 충무로*가 ***,CDFG1251002016000155,3010000,,"서울특별시 중구 퇴계로 ***, ***호 (충무로*가, 남산 센트럴 자이)",04558,03,폐업,,,,02-2269-9856,,
,프린팅 바닥,2020-04-27,199393.748061831,451020.317219361,출판인쇄업,출판사,2026-05-03 22:49:07,I,03,폐업,,,,2020-04-27 17:36:15,,2016-10-12,,서울특별시 중구 필동*가 **,CDFG1251002016000158,3010000,,"서울특별시 중구 퇴계로 ***, ***호 (필동*가, 충무빌딩)",04557,03,폐업,,,,02-2269-0738,,
,(재)천주교서울대교구유지재단(도서출판 톨),2019-12-18,197036.542728288,450756.028376469,출판인쇄업,출판사,2026-05-03 22:49:07,I,03,폐업,,,,2019-12-18 17:52:00,,2016-11-10,,서울특별시 중구 중림동 ***-*,CDFG1251002016000172,3010000,,"서울특별시 중구 중림로 ** (중림동, 가톨릭출판사)",04506,03,폐업,,,,02-6365-1828,,
,동천출판문화,2017-08-14,199924.686105994,451203.240682234,출판인쇄업,출판사,2026-05-03 22:49:07,I,03,폐업,,,,2017-08-14 19:23:32,,2016-11-17,,서울특별시 중구 충무로*가 **-**,CDFG1251002016000178,3010000,,"서울특별시 중구 퇴계로**길 **-*, *층 (충무로*가)",04559,03,폐업,,,,02-468-0590,,
,온새미,2023-01-03,199430.448895226,451074.668833654,출판인쇄업,출판사,2026-05-03 22:49:07,I,03,폐업,,,,2023-02-17 13:05:10,,2016-11-29,,서울특별시 중구 충무로*가 ***,CDFG1251002016000183,3010000,,"서울특별시 중구 퇴계로**길 **, *층 (충무로*가)",04557,03,폐업,,,,02-2264-7078,,
,더나은북스,2023-12-28,197034.02843741,450305.644873169,출판인쇄업,출판사,2026-05-03 22:49:09,I,03,폐업,,,,2023-12-28 15:13:34,,2016-12-01,,서울특별시 중구 만리동*가 **-*,CDFG1251002016000189,3010000,,"서울특별시 중구 만리재로 ***, ****호 (만리동*가, 서울역 디오빌)",04501,03,폐업,,,,,,
,맨트립,2019-03-19,199193.313778562,451285.165241025,출판인쇄업,출판사,2026-05-03 22:49:09,I,03,폐업,,,,2019-03-19 14:14:13,,2016-12-05,,서울특별시 중구 초동 ***-*,CDFG1251002016000191,3010000,,"서울특별시 중구 수표로**길 **, ***호 (초동, 안흥빌딩)",04555,03,폐업,,,,,,
,청솔기획,2021-08-11,199377.699014175,451217.17325614,출판인쇄업,출판사,2026-05-03 22:49:09,I,03,폐업,,,,2021-10-12 14:55:55,,2016-12-08,,서울특별시 중구 인현동*가 ***-*,CDFG1251002016000194,3010000,,"서울특별시 중구 마른내로*길 **, *층 (인현동*가, 동아빌딩)",04556,03,폐업,,,,02-2277-6045,,
,아코 필 지니,2020-12-30,199653.615844718,450829.439465105,출판인쇄업,출판사,2026-05-03 22:49:09,I,03,폐업,,,,2021-01-07 13:05:58,,2016-12-09,,서울특별시 중구 필동*가 **-**,CDFG1251002016000195,3010000,,"서울특별시 중구 서애로*길 **, *층 ***호 (필동*가)",04623,03,폐업,,,,,,
,디자인오감,2024-12-31,199363.129622048,451008.456459696,출판인쇄업,출판사,2026-05-03 22:49:09,I,03,폐업,,,,2025-03-31 10:32:54,,2017-01-02,,서울특별시 중구 필동*가 **-**,CDFG1251002017000002,3010000,,"서울특별시 중구 퇴계로 ***, ***호 (필동*가, 하니빌딩)",04557,03,폐업,,,,02-2275-1773,,
,주식회사 하이디자인,2020-11-18,199988.92537926,451042.320835363,출판인쇄업,출판사,2026-05-03 22:49:09,I,03,폐업,,,,2020-11-18 15:57:57,,2017-01-18,,서울특별시 중구 묵정동 **-**,CDFG1251002017000011,3010000,,"서울특별시 중구 퇴계로**길 **-*, *,*,*층 (묵정동)",04619,03,폐업,,,,070-7592-9876,,
,제일교육,2018-03-30,200984.713668049,449703.239755874,출판인쇄업,출판사,2026-05-03 22:49:09,I,03,폐업,,,,2018-04-02 19:31:03,,2017-02-01,,서울특별시 중구 신당동 ***-*,CDFG1251002017000019,3010000,,"서울특별시 중구 다산로 **, ***호 (신당동, 남산타운)",04595,03,폐업,,,,,,
,센스터치,2017-07-28,199541.76831886,450792.116073306,출판인쇄업,출판사,2026-05-03 22:49:10,I,03,폐업,,,,2017-07-28 19:38:35,,2017-03-10,,서울특별시 중구 필동*가 **-*,CDFG1251002017000032,3010000,,"서울특별시 중구 퇴계로**가길 **, ***호 (필동*가)",04626,03,폐업,,,,,,
,(주)서울비주얼웍스,2020-09-03,199023.967503662,451105.474557896,출판인쇄업,출판사,2026-05-03 22:49:10,I,03,폐업,,,,2020-09-03 13:33:36,,2014-04-02,,서울특별시 중구 충무로*가 **-* 라이온스빌딩,CDFG1251002017000073,3010000,,"서울특별시 중구 삼일대로*길 *, 라이온스빌딩 ****호 (충무로*가)",04553,03,폐업,,,,02-796-7070,,
,(주)그레뱅코리아,2021-09-23,198199.284129059,451562.060027035,출판인쇄업,출판사,2026-05-03 22:49:10,I,03,폐업,,,,2021-09-23 15:40:53,,2017-07-11,,서울특별시 중구 을지로*가 **,CDFG1251002017000077,3010000,,"서울특별시 중구 을지로 **, *층 (을지로*가, 그레뱅뮤지엄)",04523,03,폐업,,,,070-4280-8826,,
,도서출판 메가스,2022-04-25,199351.879902757,450465.406849059,출판인쇄업,출판사,2026-05-03 22:49:10,I,03,폐업,,,,2022-04-25 15:01:43,,2017-07-20,,서울특별시 중구 필동*가 **-***,CDFG1251002017000080,3010000,,"서울특별시 중구 필동로*길 **, *층 (필동*가)",04626,03,폐업,,,,,,
,도서출판 새로운 생각,2024-12-31,199275.341322361,451312.790409024,출판인쇄업,출판사,2026-05-03 22:49:10,I,03,폐업,,,,2025-04-17 13:45:59,,2017-07-28,,서울특별시 중구 초동 **-*,CDFG1251002017000085,3010000,,"서울특별시 중구 마른내로*길 *, *층 (초동)",04555,03,폐업,,,,,,
,어쩌면,2021-08-30,201076.141852966,450054.539250606,출판인쇄업,출판사,2026-05-03 22:49:10,I,03,폐업,,,,2021-09-02 10:54:47,,2017-08-23,,서울특별시 중구 신당동 ***-***,CDFG1251002017000096,3010000,,"서울특별시 중구 동호로*나길 **, B**호 (신당동, 파인힐스)",04594,03,폐업,,,,,,
,도서출판 썩세스북,2017-11-01,199531.046802555,451198.957550552,출판인쇄업,출판사,2026-05-03 22:47:37,I,03,폐업,,,,2017-11-01 17:57:30,,2003-05-06,100-282,서울특별시 중구 인현동*가 ***-* 상오빌딩 ***호,CDFG1251002003000103,3010000,전용주거지역,"서울특별시 중구 퇴계로**길 ** (인현동*가,상오빌딩 ***호)",,03,폐업,기타,,,02-2275-1287,,
,동호마을,2003-07-21,200563.037740256,449611.221496994,출판인쇄업,출판사,2026-05-03 22:47:37,I,03,폐업,,,,2003-07-21 15:08:27,,2003-05-14,100-830,서울특별시 중구 신당동 ***-*** 경호빌딩*층***호,CDFG1251002003000107,3010000,,"서울특별시 중구 다산로 **  (신당동,경호빌딩*층***호)",,03,폐업,,,,22797253,,
,새한문화사,2008-06-19,199465.774349086,451200.190749197,출판인쇄업,출판사,2026-05-03 22:47:37,I,03,폐업,,,,2008-06-19 09:37:29,,2003-05-23,100-282,서울특별시 중구 인현동*가 ***-* (*층),CDFG1251002003000112,3010000,,"서울특별시 중구 퇴계로**가길 **  (인현동*가,(*층))",,03,폐업,,,,,,
,에이디시 디자인,2012-05-30,199536.593629068,451154.287998629,출판인쇄업,출판사,2026-05-03 22:47:38,I,03,폐업,,,,2012-05-31 17:59:22,,2003-05-24,100-282,서울특별시 중구 인현동*가 ***-** 동우빌딩 ***호,CDFG1251002003000115,3010000,,"서울특별시 중구 퇴계로**길 **  (인현동*가,동우빌딩 ***호)",,03,폐업,,,,22760222,,
,(주)해토교육,2004-12-22,199676.030283312,450852.14351829,출판인쇄업,출판사,2026-05-03 22:47:38,I,03,폐업,,,,2004-12-23 08:57:10,,2003-05-29,100-273,서울특별시 중구 필동*가 **-* 케피탈빌딩***호,CDFG1251002003000120,3010000,,"서울특별시 중구 서애로 **  (필동*가,케피탈빌딩***호)",,03,폐업,,,,02-2276-0135,,
,도서출판 진우기획,2015-10-13,198994.634641641,451642.776625769,출판인쇄업,출판사,2026-05-03 22:47:39,I,03,폐업,,,,2015-10-13 16:36:07,,2003-06-23,100-230,서울특별시 중구 수표동 **-* 강남빌딩***호,CDFG1251002003000138,3010000,,"서울특별시 중구 수표로 ** (수표동,강남빌딩***호)",,03,폐업,,,,02-2279-8132,,
,(주)굿윌솔루션즈,2015-10-19,199100.110580901,451284.734837059,출판인쇄업,출판사,2026-05-03 22:47:39,I,03,폐업,,,,2015-10-19 11:29:12,,2003-07-07,100-032,서울특별시 중구 저동*가 **-** 금정빌딩 ***호,CDFG1251002003000148,3010000,,"서울특별시 중구 수표로**길 *-* (저동*가,금정빌딩 ***호)",,03,폐업,,,,02-2275-3764,,
,도서출판 에디슨,2006-05-08,200617.427067008,451224.829440277,출판인쇄업,출판사,2026-05-03 22:47:39,I,03,폐업,,,,2024-02-16 11:07:31,,2003-07-08,100-412,서울특별시 중구 광희동*가 ***-** 대영빌딩 *층,CDFG1251002003000149,3010000,,"서울특별시 중구 장충단로*가길 ** (광희동*가,대영빌딩 *층)",,03,폐업,,,,02-2277-2474,,
,따예르,2004-03-15,199346.069401328,450484.171200561,출판인쇄업,출판사,2026-05-03 22:47:39,I,03,폐업,,,,2004-03-15 14:43:36,,2003-07-10,100-272,서울특별시 중구 필동*가 **-** 혜만빌딩*층,CDFG1251002003000150,3010000,,"서울특별시 중구 필동로*길 **  (필동*가,혜만빌딩*층)",,03,폐업,,,,,,
,도서출판 가을글방,2007-03-07,,,출판인쇄업,출판사,2026-05-03 22:47:39,I,03,폐업,,,,2007-03-07 14:05:14,,2003-07-10,100-220,서울특별시 중구 장교동 **-** 삼진빌딩***호,CDFG1251002003000151,3010000,,,,03,폐업,,,,02-2277-0624,,
,도서출판 믹스앤매치,2004-07-19,199124.505494523,451151.934774689,출판인쇄업,출판사,2026-05-03 22:47:39,I,03,폐업,,,,2004-07-19 14:33:53,,2003-07-21,100-013,서울특별시 중구 충무로*가 **-* *층,CDFG1251002003000160,3010000,,,,03,폐업,,,,02-2273-3686,,
,도서출판 해뜨는나라,2007-05-02,199447.832382888,451091.867376943,출판인쇄업,출판사,2026-05-03 22:47:39,I,03,폐업,,,,2007-05-02 14:30:42,,2003-07-24,100-862,서울특별시 중구 충무로*가 ***-** (*층),CDFG1251002003000165,3010000,,"서울특별시 중구 퇴계로**길 **-**  (충무로*가,(*층))",,03,폐업,,,,02-2272-9850,,
,건강한세상,2013-08-22,199598.539947463,450340.636274307,출판인쇄업,출판사,2026-05-03 22:47:39,I,03,폐업,,,,2013-08-22 10:43:58,,2003-07-28,100-273,서울특별시 중구 필동*가 **-* 서울빌딩*층,CDFG1251002003000168,3010000,,"서울특별시 중구 필동로 **  (필동*가,서울빌딩*층)",,03,폐업,,,,02-2277-6501,,
,개미들출판사에셀문화사,2006-03-27,,,출판인쇄업,출판사,2026-05-03 22:47:40,I,03,폐업,,,,2006-03-27 16:18:08,,2003-07-28,100-282,서울특별시 중구 인현동*가 **-** (*층),CDFG1251002003000169,3010000,,,,03,폐업,,,,22735171,,
,(주)머니챌,2004-07-09,198744.433228989,451677.065126229,출판인쇄업,출판사,2026-05-03 22:47:40,I,03,폐업,,,,2004-07-12 13:16:26,,2003-07-31,100-760,서울특별시 중구 장교동 * 장교빌딩****호,CDFG1251002003000173,3010000,,,,03,폐업,,,,,,
,우성씨앤피,2006-03-07,199113.429842388,450853.112168318,출판인쇄업,출판사,2026-05-03 22:47:40,I,03,폐업,,,,2006-03-08 19:40:47,,2003-08-08,100-250,서울특별시 중구 예장동 *-** 신원빌딩*층,CDFG1251002003000175,3010000,,"서울특별시 중구 삼일대로*길 **  (예장동,신원빌딩*층)",,03,폐업,,,,02-2275-0501,,
,도서출판 국자감,2003-11-11,199243.595084393,450951.535436388,출판인쇄업,출판사,2026-05-03 22:47:40,I,03,폐업,,,,2003-11-14 09:25:53,,2003-08-09,100-866,서울특별시 중구 필동*가 **-* 스타빌딩***호,CDFG1251002003000177,3010000,,"서울특별시 중구 퇴계로 ***  (필동*가,스타빌딩***호)",,03,폐업,,,,02-1588-1557,,
,호인,2011-04-15,198966.75756329,451566.040264397,출판인쇄업,출판사,2026-05-03 22:47:40,I,03,폐업,,,,2011-04-15 10:46:18,,2003-09-02,100-845,서울특별시 중구 을지로*가 ***-** 미광빌딩 ***호,CDFG1251002003000186,3010000,,"서울특별시 중구 을지로 **-*  (을지로*가,미광빌딩 ***호)",,03,폐업,,,,02-2273-1498,,
,경희교육컴퍼니,2011-05-31,199539.890991252,450528.551922803,출판인쇄업,출판사,2026-05-03 22:47:40,I,03,폐업,,,,2011-06-01 10:18:25,,2003-09-15,100-272,서울특별시 중구 필동*가 ***-* 도향촌빌딩 *층,CDFG1251002003000193,3010000,,"서울특별시 중구 필동로 **  (필동*가,도향촌빌딩 *층)",,03,폐업,,,,02-2263-6043,,
,미디어밸류,2006-01-20,201384.456643466,451334.342960082,출판인쇄업,출판사,2026-05-03 22:47:45,I,03,폐업,,,,2006-01-20 17:33:53,,2003-09-17,100-819,서울특별시 중구 신당동 ***-* 동원빌딩 ***호,CDFG1251002003000198,3010000,,"서울특별시 중구 다산로 ***  (신당동,동원빌딩 ***호)",,03,폐업,,,,22367020,,
,(주)예진피앤플러스,2024-12-31,199569.075587635,450899.280902089,출판인쇄업,출판사,2026-05-03 22:48:23,I,03,폐업,,,,2025-01-24 16:09:39,,2009-02-13,100-272,서울특별시 중구 필동*가 **-** 대평빌딩 ***호,CDFG1251002009000026,3010000,,"서울특별시 중구 필동로 **,  ***호 (필동*가,대평빌딩)",,03,폐업,,,,02-2272-8000,,
,예손디자인,2009-11-24,199039.325257607,450952.020564408,출판인쇄업,출판사,2026-05-03 22:48:23,I,03,폐업,,,,2009-11-25 19:03:11,,2009-02-16,100-240,서울특별시 중구 주자동 **-* 내외빌딩 ***호,CDFG1251002009000027,3010000,,"서울특별시 중구 퇴계로 ***-*,  ***호 (주자동,내외빌딩)",,03,폐업,,,,02-2277-3404,,
,슈퍼그래픽,2024-05-02,199562.311550532,450785.65746653,출판인쇄업,출판사,2026-05-03 22:48:23,I,03,폐업,,,,2024-05-03 11:02:24,,2009-02-24,100-272,서울특별시 중구 필동*가 ** *층,CDFG1251002009000032,3010000,,"서울특별시 중구 필동로 **-**  (필동*가,*층)",,03,폐업,,,,02-2264-6422,,
,도서출판 세아,2010-02-05,200004.313041532,451199.795046305,출판인쇄업,출판사,2026-05-03 22:48:23,I,03,폐업,,,,2010-02-05 11:28:06,,2009-02-25,100-015,서울특별시 중구 충무로*가 *-* 삼인빌딩 ***호,CDFG1251002009000035,3010000,,,,03,폐업,,,,02-711-6488,,
,에코디자인,2023-09-12,199369.834817461,451129.486747368,출판인쇄업,출판사,2026-05-03 22:48:23,I,03,폐업,,,,2023-09-12 15:23:54,,2009-03-05,100-862,서울특별시 중구 충무로*가 ***-* 중앙빌딩 ***호,CDFG1251002009000045,3010000,,"서울특별시 중구 충무로*길 *,  ***호 (충무로*가,중앙빌딩)",,03,폐업,,,,02-2277-9843,,
,푸른소나무,2011-08-19,199447.520408734,451450.337548039,출판인쇄업,출판사,2026-05-03 22:48:24,I,03,폐업,,,,2011-08-19 09:24:57,,2009-03-10,100-281,서울특별시 중구 인현동*가 **-*,CDFG1251002009000049,3010000,,서울특별시 중구 을지로**길 **-*  (인현동*가),,03,폐업,,,,02-2268-8381,,
,메디메이트,2011-07-21,197901.591381115,450558.528407008,출판인쇄업,출판사,2026-05-03 22:48:24,I,03,폐업,,,,2011-07-21 16:36:53,,2009-03-10,100-798,서울특별시 중구 남창동 ***-* 삼선빌딩 ****호,CDFG1251002009000051,3010000,,"서울특별시 중구 퇴계로 **,  ****호 (남창동,삼선빌딩)",,03,폐업,,,,,,
,월간파워스포츠,2009-06-24,199259.032782872,451458.991092733,출판인쇄업,출판사,2026-05-03 22:48:24,I,03,폐업,,,,2009-06-24 13:59:00,,2009-03-18,,서울특별시 중구 을지로*가 ***-*,CDFG1251002009000057,3010000,,서울특별시 중구 을지로**길 **-*  (을지로*가),,03,폐업,,,,02-2277-5554,,
,도서출판 생각의 자유,2012-02-27,199796.465463213,451488.344883734,출판인쇄업,출판사,2026-05-03 22:48:24,I,03,폐업,,,,2012-02-27 17:27:02,,2009-03-20,100-290,서울특별시 중구 예관동 *-* 고려빌딩 ***-*호,CDFG1251002009000059,3010000,,"서울특별시 중구 창경궁로 **-*  (예관동,고려빌딩 ***-*호)",,03,폐업,,,,02-2268-8120,,
,(주)한국언론문화진흥원,2019-03-04,199633.669160245,450813.801387447,출판인쇄업,출판사,2026-05-03 22:48:24,I,03,폐업,,,,2019-03-04 15:18:08,,2009-04-03,100-273,서울특별시 중구 필동*가 **-* 선일빌딩 ***호,CDFG1251002009000069,3010000,,"서울특별시 중구 서애로 **, ***호 (필동*가,선일빌딩)",,03,폐업,,,,02-702-0111,,
,도서출판 로뎀,2024-05-31,199363.129622048,451008.456459696,출판인쇄업,출판사,2026-05-03 22:48:24,I,03,폐업,,,,2024-06-03 11:24:03,,2009-04-08,100-867,서울특별시 중구 필동*가 **-** 하니빌딩 ***호,CDFG1251002009000072,3010000,,"서울특별시 중구 퇴계로 ***  (필동*가,하니빌딩 ***호)",,03,폐업,,,,02-2281-3110,,
,제일문화사,2014-01-02,199466.034514939,451190.753660759,출판인쇄업,출판사,2026-05-03 22:48:24,I,03,폐업,,,,2014-02-06 19:29:19,,2009-04-09,100-282,서울특별시 중구 인현동*가 ***-*,CDFG1251002009000074,3010000,,서울특별시 중구 마른내로*가길 **-* (인현동*가),,03,폐업,,,,02-2263-0274,,
,세종인쇄,2016-03-17,199671.377606506,450684.851856115,출판인쇄업,출판사,2026-05-03 22:48:24,I,03,폐업,,,,2016-03-17 13:49:54,,2009-04-14,100-273,서울특별시 중구 필동*가 **-**,CDFG1251002009000078,3010000,,서울특별시 중구 필동로*길 ** (필동*가),,03,폐업,,,,031-965-2604,,
,한국교육원,2009-08-25,199023.967503662,451105.474557896,출판인쇄업,출판사,2026-05-03 22:48:24,I,03,폐업,,,,2009-08-25 10:41:43,,2009-04-17,100-861,서울특별시 중구 충무로*가 **-* 라이온스빌딩 *층,CDFG1251002009000085,3010000,,"서울특별시 중구 삼일대로*길 *  (충무로*가,라이온스빌딩 *층)",,03,폐업,,,,02-708-4144,,
,(주)예컴즈,2020-12-31,199018.466688723,451463.482685622,출판인쇄업,출판사,2026-05-03 22:48:24,I,03,폐업,,,,2020-12-31 14:31:16,,2009-04-21,100-032,서울특별시 중구 저동*가 ** 비즈센터빌딩 **층,CDFG1251002009000087,3010000,,"서울특별시 중구 수표로 **  (저동*가,비즈센터빌딩 **층)",,03,폐업,,,,02-764-2525,,
,경진문화사,2014-07-24,199620.30697426,451200.863539605,출판인쇄업,출판사,2026-05-03 22:48:24,I,03,폐업,,,,2014-07-24 15:30:40,,2009-04-23,100-282,서울특별시 중구 인현동*가 ***-**,CDFG1251002009000090,3010000,,서울특별시 중구 마른내로*길 **-* (인현동*가),,03,폐업,,,,02-2267-5454,,
,태그스,2015-11-25,200171.012558601,451488.661607815,출판인쇄업,출판사,2026-05-03 22:48:24,I,03,폐업,,4.96,4,2015-11-25 16:24:50,,2009-03-17,100-195,서울특별시 중구 을지로*가 ***-* 동신빌딩 ***호,CDFG1251002009000095,3010000,,"서울특별시 중구 동호로 ***, ***호 (을지로*가,동신빌딩)",,03,폐업,,,,,,
,페이지디자인,2015-10-13,201039.337398323,450218.977052913,출판인쇄업,출판사,2026-05-03 22:48:24,I,03,폐업,,,,2015-10-13 12:58:42,,2009-05-11,100-453,서울특별시 중구 신당동 ***-** *층 ***호,CDFG1251002009000097,3010000,,"서울특별시 중구 동호로**길 *-**, ***호 (신당동,*층)",,03,폐업,,,,,,
,문학사,2011-04-01,,,출판인쇄업,출판사,2026-05-03 22:48:24,I,03,폐업,,,,2011-04-04 08:46:34,,2009-05-12,100-031,서울특별시 중구 저동*가 **-* 대길빌딩 ***호,CDFG1251002009000098,3010000,,"서울특별시 중구 명동길 **,  ***호 (저동*가,대길빌딩)",,03,폐업,,,,02-318-0180,,
,디자인216,2015-03-03,199581.368046931,450732.918935016,출판인쇄업,출판사,2026-05-03 22:48:24,I,03,폐업,,,,2015-03-03 13:09:06,,2009-05-18,100-272,서울특별시 중구 필동*가 **-* 낙원빌딩 ***호,CDFG1251002009000101,3010000,,"서울특별시 중구 필동로 **, ***호 (필동*가,낙원빌딩)",,03,폐업,,,,02-2268-0216,,
,엘엔씨애드컴,2014-06-10,200100.295663248,451272.73282664,출판인쇄업,출판사,2026-05-03 22:48:24,I,03,폐업,,,,2014-06-10 11:23:43,,2009-05-27,100-310,서울특별시 중구 오장동 ***-* *층,CDFG1251002009000103,3010000,,"서울특별시 중구 퇴계로**길 ** (오장동,*층)",,03,폐업,,,,02-2285-5581,,
,의미있는만남,2017-02-01,199866.453306525,451182.3490614,출판인쇄업,출판사,2026-05-03 22:48:24,I,03,폐업,,,,2017-02-01 09:18:40,,2009-05-29,,서울특별시 중구 충무로*가 **-** *층,CDFG1251002009000106,3010000,,서울특별시 중구 퇴계로**길 ** (충무로*가),04559,03,폐업,,,,02-2277-3975,,
,엔티에스,2011-10-27,200122.236694315,450936.131009737,출판인쇄업,출판사,2026-05-03 22:48:24,I,03,폐업,,,,2011-10-27 15:54:25,,2009-06-03,100-380,서울특별시 중구 묵정동 **-** 대학문화원 ***호,CDFG1251002009000112,3010000,,"서울특별시 중구 동호로**길 **,  ***호 (묵정동,대학문화원)",,03,폐업,,,,02-2278-9160,,
,SJ라벨,2017-09-25,199810.591813598,451300.59780961,출판인쇄업,출판사,2026-05-03 22:49:10,I,03,폐업,,,,2017-09-25 19:58:03,,2017-09-22,,서울특별시 중구 예관동 **-**,CDFG1251002017000112,3010000,,"서울특별시 중구 창경궁로 **-*, ***-**호 (예관동, 동림비즈센터)",04559,03,폐업,,,,,,
,(주)위드네이버,2019-03-06,200461.223528919,451808.563758166,출판인쇄업,출판사,2026-05-03 22:49:11,I,03,폐업,,,,2019-03-06 16:03:35,,2017-10-12,,서울특별시 중구 을지로*가 **-**,CDFG1251002017000121,3010000,,"서울특별시 중구 을지로**길 **, *층 (을지로*가, 구민회관)",04563,03,폐업,,,,070-7779-2302,,
,더바인씨엔엠월드와이드,2020-03-05,200263.363740556,450782.418260174,출판인쇄업,출판사,2026-05-03 22:49:11,I,03,폐업,,,,2021-04-29 18:24:47,,2017-10-17,,서울특별시 중구 장충동*가 ***-**,CDFG1251002017000122,3010000,,"서울특별시 중구 동호로 ***, *층 E룸호 (장충동*가, Welcommcity)",04617,03,폐업,,,,,,
,도서출판 바른생각,2024-01-25,201653.75549585,450769.57625805,출판인쇄업,출판사,2026-05-03 22:49:11,I,03,폐업,,,,2024-01-29 09:44:07,,2017-10-31,,서울특별시 중구 신당동 *** 신당푸르지오,CDFG1251002017000125,3010000,,"서울특별시 중구 다산로**길 ***, ***동 ***호 (신당동, 신당푸르지오)",04587,03,폐업,,,,,,
,선두기획,2019-01-04,199490.097943767,450509.058197507,출판인쇄업,출판사,2026-05-03 22:49:11,I,03,폐업,,,,2019-01-04 17:41:59,,2017-11-15,,서울특별시 중구 필동*가 ***-**,CDFG1251002017000133,3010000,,"서울특별시 중구 퇴계로**나길 *, *층 (필동*가)",04626,03,폐업,,,,,,
,에이스트 씨앤피,2021-12-22,199861.870155389,451244.003390078,출판인쇄업,출판사,2026-05-03 22:49:11,I,03,폐업,,,,2021-12-22 14:56:45,,2017-12-12,,서울특별시 중구 충무로*가 **-** 금성빌딩,CDFG1251002017000142,3010000,,"서울특별시 중구 퇴계로**길 **, 금성빌딩 ***호 (충무로*가)",04559,03,폐업,,,,,,
,예술공학창작소 craker,2021-11-30,199796.465463213,451488.344883734,출판인쇄업,출판사,2026-05-03 22:49:11,I,03,폐업,,,,2021-12-02 15:03:25,,2017-02-16,,서울특별시 중구 예관동 *-*,CDFG1251002018000002,3010000,,"서울특별시 중구 창경궁로 **-*, ***호 (예관동)",04547,03,폐업,,,,070-5030-5200,,
,신화애드컴,2023-07-25,199359.065499507,451058.606986195,출판인쇄업,출판사,2026-05-03 22:49:11,I,03,폐업,,,,2023-07-25 13:01:08,,2016-04-04,,서울특별시 중구 필동*가 **-* 샘빌딩,CDFG1251002018000013,3010000,,"서울특별시 중구 퇴계로**길 **, 샘빌딩 *층 ***호 (필동*가)",04557,03,폐업,,,,02-335-0955,,
,주식회사 이윤,2025-01-14,197566.862311117,451100.772883934,출판인쇄업,출판사,2026-05-03 22:49:11,I,03,폐업,,,,2025-01-14 15:28:59,,2018-03-14,,서울특별시 중구 서소문동 ***-** 동화주차빌딩,CDFG1251002018000031,3010000,,"서울특별시 중구 세종대로*길 **, 동화주차빌딩 ****호 (서소문동)",04513,03,폐업,,,,,,
,주식회사 넥센미디어,2019-11-14,199855.547336716,451327.295014574,출판인쇄업,출판사,2026-05-03 22:49:11,I,03,폐업,,,,2019-11-14 13:58:31,,2017-05-15,,서울특별시 중구 오장동 **-**,CDFG1251002018000036,3010000,,"서울특별시 중구 마른내로 ***, *층 (오장동)",04559,03,폐업,,,,070-7868-8799,,
,나무아이티커뮤니케이션(주),2021-11-22,199186.971559131,450840.2405318,출판인쇄업,출판사,2026-05-03 22:49:11,I,03,폐업,,,,2023-12-12 19:15:04,,2018-04-10,,서울특별시 중구 예장동 * 예장동 삼익아파트,CDFG1251002018000042,3010000,,"서울특별시 중구 퇴계로**길 **, 비***호 (예장동, 예장동 삼익아파트)",04627,03,폐업,,,,,,
,메이저북스,2019-04-08,197620.676444642,450361.506112161,출판인쇄업,출판사,2026-05-03 22:49:11,I,03,폐업,,,,2019-04-08 17:51:38,,2017-11-16,,서울특별시 중구 남대문로*가 *** 서울스퀘어 **층 ***호,CDFG1251002018000069,3010000,,"서울특별시 중구 한강대로 ***, 서울스퀘어 **층 ***호 (남대문로*가)",04637,03,폐업,,,,02-566-1884,,
,예원북스,2023-02-20,199448.102922035,451548.668257947,출판인쇄업,출판사,2026-05-03 22:49:11,I,03,폐업,,,,2023-02-20 16:01:13,,2018-06-21,,서울특별시 중구 을지로*가 ***-* 드림오피스타운,CDFG1251002018000072,3010000,,"서울특별시 중구 을지로 ***, 드림오피스타운 ****호 (을지로*가)",04549,03,폐업,,,,02-6959-8310,,
,주식회사 국제언론진흥원,2018-12-31,199490.888397338,450985.207697631,출판인쇄업,출판사,2026-05-03 22:49:11,I,03,폐업,,,,2018-12-31 17:24:28,,2018-06-22,,서울특별시 중구 필동*가 **-**,CDFG1251002018000073,3010000,,"서울특별시 중구 퇴계로 ***-*, ***호 (필동*가)",04625,03,폐업,,,,,,
,주식회사 이얼싼중국어어학원,2019-01-28,197861.454595185,451379.089909811,출판인쇄업,출판사,2026-05-03 22:49:12,I,03,폐업,,,,2019-01-28 19:28:20,,2018-06-26,,서울특별시 중구 태평로*가 ***-* 광학빌딩,CDFG1251002018000076,3010000,,"서울특별시 중구 세종대로 **, 광학빌딩 ****호 (태평로*가)",04515,03,폐업,,,,02-777-8868,,
,(주)넘버스,2023-04-05,199510.34944578,450506.735254011,출판인쇄업,출판사,2026-05-03 22:49:12,I,03,폐업,,,,2023-04-05 17:17:21,,2018-07-04,,서울특별시 중구 필동*가 ***-*,CDFG1251002018000079,3010000,,"서울특별시 중구 퇴계로**가길 **, ***호 (필동*가)",04626,03,폐업,,,,02-2268-8087,,
,주빛디자인,2021-02-05,199387.835284151,451531.646202737,출판인쇄업,출판사,2026-05-03 22:49:12,I,03,폐업,,,,2021-02-05 17:32:22,,2018-07-05,,서울특별시 중구 을지로*가 *** 동아빌딩,CDFG1251002018000080,3010000,,"서울특별시 중구 을지로**길 *-*, 동아빌딩 *층 (을지로*가)",04549,03,폐업,,,,02-763-7756,,
,디자인 파피루스,2022-11-30,200247.098067944,451193.482960446,출판인쇄업,출판사,2026-05-03 22:49:12,I,03,폐업,,,,2022-11-30 17:17:48,,2017-11-09,,서울특별시 중구 쌍림동 ***-** 쌍림빌딩,CDFG1251002018000093,3010000,,"서울특별시 중구 퇴계로 ***, 쌍림빌딩 *층 ***호 (쌍림동)",04615,03,폐업,,,,070-7090-1174,,
,장이와 쟁이,2023-07-24,199018.466688723,451463.482685622,출판인쇄업,출판사,2026-05-03 22:49:12,I,03,폐업,,,,2023-07-25 10:59:58,,2018-10-12,,서울특별시 중구 저동*가 ** 비즈센터,CDFG1251002018000116,3010000,,"서울특별시 중구 수표로 **, 비즈센터 **층 ****호 (저동*가)",04551,03,폐업,,,,070-4261-8129,,
,주식회사 비즈앤와이즈 (Biz&Wise),2024-12-31,197814.337747467,451705.306153084,출판인쇄업,출판사,2026-05-03 22:49:12,I,03,폐업,,,,2025-01-31 17:19:39,,2018-07-24,,서울특별시 중구 태평로*가 **-** 태성빌딩,CDFG1251002018000124,3010000,,"서울특별시 중구 세종대로**길 **, 태성빌딩 ***호 (태평로*가)",04519,03,폐업,,,,02-769-6865,,
,도서출판 창하,2021-09-07,201408.599237925,450908.065972047,출판인쇄업,출판사,2026-05-03 22:49:12,I,03,폐업,,,,2021-09-08 10:59:40,,2018-11-19,,서울특별시 중구 신당동 *** 청구 e편한세상,CDFG1251002018000131,3010000,,"서울특별시 중구 청구로 **, ***동 ***호 (신당동, 청구 e편한세상)",04587,03,폐업,,,,,,
,예원문화,2025-04-04,199332.984027781,451408.541940369,출판인쇄업,출판사,2026-05-03 22:49:12,I,03,폐업,,,,2025-04-07 09:35:23,,2018-11-19,,서울특별시 중구 초동 **-* 초동빌딩,CDFG1251002018000132,3010000,,"서울특별시 중구 충무로*길 *, 초동빌딩 *층 ***호 (초동)",04549,03,폐업,,,,02-2277-7756,,
,에코프레스,2011-03-28,198744.433228989,451677.065126229,출판인쇄업,출판사,2026-05-03 22:47:45,I,03,폐업,,,,2011-03-28 13:47:18,,2003-09-22,100-760,서울특별시 중구 장교동 * 장교빌딩****호,CDFG1251002003000199,3010000,,,,03,폐업,,,,,,
,광산출판사,2005-12-27,199017.095646874,451027.837044758,출판인쇄업,출판사,2026-05-03 22:47:45,I,03,폐업,,,,2005-12-27 16:28:51,,2003-09-22,100-861,서울특별시 중구 충무로*가 **-* *층,CDFG1251002003000200,3010000,,,,03,폐업,,,,34634995,,
,규문사,2009-03-27,200050.613469219,451298.411614352,출판인쇄업,출판사,2026-05-03 22:47:46,I,03,폐업,,,,2009-03-27 17:45:00,,2003-09-22,100-015,서울특별시 중구 충무로*가 **-* 문경빌딩 ***호,CDFG1251002003000203,3010000,,,,03,폐업,,,,02-2278-1057,,
,한국조사기자협회편집실,2013-01-28,,,출판인쇄업,출판사,2026-05-03 22:47:46,I,03,폐업,,,,2013-01-29 10:46:44,,2003-09-25,100-101,서울특별시 중구 태평로*가 **-** 건설회관***호,CDFG1251002003000204,3010000,,,,03,폐업,,,,,,
,국제중앙출판사,2014-01-21,,,출판인쇄업,출판사,2026-05-03 22:47:46,I,03,폐업,,,,2014-02-06 19:34:13,,2003-09-29,100-372,서울특별시 중구 만리동*가 ***-*,CDFG1251002003000207,3010000,,,,03,폐업,,,,,,
,에스에이취,2011-08-31,199822.10979662,451182.266913412,출판인쇄업,출판사,2026-05-03 22:47:46,I,03,폐업,,,,2011-08-31 11:40:16,,2003-10-08,100-015,서울특별시 중구 충무로*가 **-* 부성빌딩 ***호,CDFG1251002003000209,3010000,,"서울특별시 중구 창경궁로 *  (충무로*가,부성빌딩 ***호)",,03,폐업,,,,02-2266-7174,,
,국가공훈사편찬회,2012-04-02,200265.598194628,451446.234252256,출판인쇄업,출판사,2026-05-03 22:47:46,I,03,폐업,,,,2012-04-02 17:13:33,,2003-10-08,100-411,서울특별시 중구 광희동*가 *-* 화성빌딩*층,CDFG1251002003000211,3010000,,,,03,폐업,,,,22782025,,
,도서출판 백두산,2008-12-04,197869.047729535,451120.116168362,출판인쇄업,출판사,2026-05-03 22:47:46,I,03,폐업,,,,2008-12-05 17:22:25,,2003-10-04,100-864,서울특별시 중구 태평로*가 **-** 덕제빌딩***호,CDFG1251002003000213,3010000,,"서울특별시 중구 세종대로 **  (태평로*가,덕제빌딩***호)",,03,폐업,,,,,,
,도서출판 만나,2004-04-12,199559.81287492,451275.242508566,출판인쇄업,출판사,2026-05-03 22:47:46,I,03,폐업,,,,2004-04-12 10:47:41,,2003-10-10,100-282,서울특별시 중구 인현동*가 ***-** 신성상가***호,CDFG1251002003000214,3010000,,"서울특별시 중구 마른내로 **  (인현동*가,신성상가***호)",,03,폐업,,,,22729859,,
,마루출판사,2005-03-10,199593.663304199,450274.326069994,출판인쇄업,출판사,2026-05-03 22:47:47,I,03,폐업,,,,2005-03-10 16:17:18,,2003-10-16,100-273,서울특별시 중구 필동*가 **-* 세정타워***호,CDFG1251002003000217,3010000,,"서울특별시 중구 필동로 **  (필동*가,세정타워***호)",,03,폐업,,,,22787764,,
,도움앤조이,2008-08-27,199698.506191905,450834.215332881,출판인쇄업,출판사,2026-05-03 22:47:47,I,03,폐업,,,,2008-08-27 16:18:38,,2003-10-16,100-273,서울특별시 중구 필동*가 **-* 영빌딩***호,CDFG1251002003000219,3010000,,"서울특별시 중구 서애로*길 **  (필동*가,영빌딩***호)",,03,폐업,,,,,,
,바다가보이는교실,2006-02-01,,,출판인쇄업,출판사,2026-05-03 22:47:47,I,03,폐업,,,,2006-02-14 20:37:06,,2003-10-22,100-300,서울특별시 중구 초동 ***-* ***호,CDFG1251002003000224,3010000,,,,03,폐업,,,,22710263,,
,(주)에스케이문화,2015-04-09,199559.81287492,451275.242508566,출판인쇄업,출판사,2026-05-03 22:47:47,I,03,폐업,,,,2015-04-09 13:47:58,,2003-10-27,100-282,서울특별시 중구 인현동*가 ***-** 신성상가***호,CDFG1251002003000228,3010000,,"서울특별시 중구 마른내로 ** (인현동*가,신성상가***호)",,03,폐업,,,,22776633,,
,씨엔에스,2006-06-22,199089.190193832,451457.433935225,출판인쇄업,출판사,2026-05-03 22:47:47,I,03,폐업,,,,2006-06-22 11:28:26,,2003-11-03,100-032,서울특별시 중구 저동*가 *-* *층***호,CDFG1251002003000232,3010000,,"서울특별시 중구 수표로 **-**  (저동*가,*층***호)",,03,폐업,,,,22680322,,
,리컴,2007-09-18,199189.786245108,451121.34232144,출판인쇄업,출판사,2026-05-03 22:47:48,I,03,폐업,,,,2007-09-18 15:21:44,,2003-11-11,100-013,서울특별시 중구 충무로*가 **-* 한영빌딩 ***호,CDFG1251002003000235,3010000,,"서울특별시 중구 퇴계로**길 **  (충무로*가,한영빌딩 ***호)",,03,폐업,,,,22771904,,
,원트,2017-03-30,199266.572028462,451437.585243822,출판인쇄업,출판사,2026-05-03 22:47:48,I,03,폐업,,,,2017-04-17 08:57:31,,2003-11-15,100-846,서울특별시 중구 을지로*가 ***-* 청원빌딩***호,CDFG1251002003000242,3010000,,"서울특별시 중구 충무로*길 * (을지로*가,청원빌딩***호)",,03,폐업,,,,22687832,,
,도서출판이책,2005-03-23,199448.102922035,451548.668257947,출판인쇄업,출판사,2026-05-03 22:47:48,I,03,폐업,,,,2005-03-23 16:03:48,,2003-11-24,100-847,서울특별시 중구 을지로*가 ***-* 중앙빌딩 ***호,CDFG1251002003000248,3010000,,"서울특별시 중구 을지로 ***  (을지로*가,중앙빌딩 ***호)",,03,폐업,,,,22712526,,
,도서출판 카리스마,2011-04-05,199186.971559131,450840.2405318,출판인쇄업,출판사,2026-05-03 22:47:48,I,03,폐업,,,,2011-04-05 13:09:34,,2003-12-03,100-250,서울특별시 중구 예장동 * 삼익파크빌 지하 ***호,CDFG1251002003000253,3010000,,"서울특별시 중구 퇴계로**길 **  (예장동,삼익파크빌 지하 ***호)",,03,폐업,,,,22789612,,
,예광 출판사,2005-01-18,199207.538777842,451529.342819592,출판인쇄업,출판사,2026-05-03 22:47:48,I,03,폐업,,,,2005-01-18 11:47:21,,2003-12-08,100-846,서울특별시 중구 을지로*가 ***-* 을지빌딩 본관 ***,CDFG1251002003000256,3010000,,"서울특별시 중구 을지로**길 *  (을지로*가,을지빌딩 본관 ***)",,03,폐업,,,,22663331,,
,나무,2023-11-27,199469.563677579,451411.539781874,출판인쇄업,출판사,2026-05-03 22:47:48,I,03,폐업,,,,2023-12-12 19:12:32,,2003-12-11,100-281,서울특별시 중구 인현동*가 **-* (*층),CDFG1251002003000258,3010000,,"서울특별시 중구 을지로**길 **-**  (인현동*가,(*층))",,03,폐업,,,,22745035,,
,아이위클리(주),2004-04-28,197446.325172007,451215.406399929,출판인쇄업,출판사,2026-05-03 22:47:48,I,03,폐업,,,,2004-04-28 16:55:05,,2003-12-12,100-120,서울특별시 중구 정동 **-* 동양빌딩 비동 ***호,CDFG1251002003000260,3010000,,"서울특별시 중구 서소문로 **-**  (정동,동양빌딩 비동 ***호)",,03,폐업,,,,63582112,,
,우인미디어,2004-04-13,199487.587524199,451444.704611278,출판인쇄업,출판사,2026-05-03 22:47:48,I,03,폐업,,,,2004-04-16 11:18:17,,2003-12-17,100-281,서울특별시 중구 인현동*가 **-* 덕산빌딩***호,CDFG1251002003000263,3010000,,"서울특별시 중구 을지로**길 **-**  (인현동*가,덕산빌딩***호)",,03,폐업,,,,22720931,,
,(주)리더스넷,2008-04-16,199593.663304199,450274.326069994,출판인쇄업,출판사,2026-05-03 22:47:49,I,03,폐업,,,,2008-04-16 15:56:28,,2003-10-11,100-273,서울특별시 중구 필동*가 **-* 세정타워 ***호,CDFG1251002003000267,3010000,,"서울특별시 중구 필동로 **  (필동*가,세정타워 ***호)",,03,폐업,,,,02-2267-3078,,
,파란,2018-09-13,199232.345917588,451069.902564679,출판인쇄업,출판사,2026-05-03 22:47:49,I,03,폐업,,,,2018-09-13 15:16:04,,2003-09-29,,서울특별시 중구 필동*가 *-* 세원빌딩 ***호,CDFG1251002003000269,3010000,,"서울특별시 중구 퇴계로**길 **, ***호 (필동*가, 세원빌딩)",04554,03,폐업,,,,02-2272-7242,,
,이꼴북스,2015-12-29,200196.265948967,451492.827784653,출판인쇄업,출판사,2026-05-03 22:48:25,I,03,폐업,,,,2015-12-29 13:03:23,,2009-06-24,,서울특별시 중구 을지로*가 ***-* 경성빌딩 *층,CDFG1251002009000123,3010000,,서울특별시 중구 동호로**길 *-* (을지로*가),04561,03,폐업,,,,,,
,와이즈미디어,2019-04-09,197279.328436862,451765.426505347,출판인쇄업,출판사,2026-05-03 22:48:25,I,03,폐업,,,,2019-04-09 18:12:20,,2009-07-02,100-120,서울특별시 중구 정동 **,CDFG1251002009000128,3010000,,서울특별시 중구 정동길 * (정동),,03,폐업,,,,02-722-0431,,
,송림출판사,2011-02-15,200718.812050742,449956.279810244,출판인쇄업,출판사,2026-05-03 22:48:25,I,03,폐업,,,,2011-02-15 10:35:18,,2009-07-02,100-453,서울특별시 중구 신당동 ***-** 영동하이츠 ***호,CDFG1251002009000129,3010000,,"서울특별시 중구 다산로*길 **,  ***호 (신당동,영동하이츠)",,03,폐업,,,,02-2232-1416,,
,피시스,2011-04-08,201720.176169153,451008.873569108,출판인쇄업,출판사,2026-05-03 22:48:25,I,03,폐업,,,,2011-04-08 13:19:51,,2009-07-17,100-451,서울특별시 중구 신당동 **-** 상영빌딩 *층,CDFG1251002009000137,3010000,,"서울특별시 중구 다산로**가길 **  (신당동,상영빌딩 *층)",,03,폐업,,,,02-2253-0222,,
,공감문화원(주),2017-02-06,199037.825320441,451103.680774888,출판인쇄업,출판사,2026-05-03 22:48:25,I,03,폐업,,,,2017-02-06 17:31:50,,2009-07-24,,서울특별시 중구 충무로*가 **-*,CDFG1251002009000139,3010000,,"서울특별시 중구 삼일대로*길 ** (충무로*가, 태호빌딩)",04553,03,폐업,,,,02-730-4009,,
,예찬스코프,2010-10-05,200224.815166574,451582.627103843,출판인쇄업,출판사,2026-05-03 22:48:25,I,03,폐업,,,,2010-10-05 14:14:43,,2009-08-04,100-195,서울특별시 중구 을지로*가 **-* 대성을지로오피스텔 ***호,CDFG1251002009000145,3010000,,"서울특별시 중구 을지로 ***,  ***호 (을지로*가,대성을지로오피스텔)",,03,폐업,,,,,,
,(주)비엠컴,2021-07-27,198977.251055117,451061.697002614,출판인쇄업,출판사,2026-05-03 22:48:25,I,03,폐업,,,,2021-07-27 15:11:39,,2009-08-05,100-012,서울특별시 중구 충무로*가 **-* 황실빌딩 *층,CDFG1251002009000146,3010000,,"서울특별시 중구 삼일대로 ***  (충무로*가,황실빌딩 *층)",,03,폐업,,,,02-720-0267,,
,(주)도서출판종이나라-서울,2011-06-03,200478.426467315,450822.610226713,출판인쇄업,출판사,2026-05-03 22:48:25,I,03,폐업,,,,2011-06-03 14:30:12,,2009-08-07,100-391,서울특별시 중구 장충동*가 **-** 종이나라빌딩 *층,CDFG1251002009000149,3010000,,"서울특별시 중구 장충단로 ***  (장충동*가,종이나라빌딩 *층)",,03,폐업,,,,02-2264-7667,,
,에듀고시,2010-04-02,199822.10979662,451182.266913412,출판인쇄업,출판사,2026-05-03 22:48:25,I,03,폐업,,,,2010-04-05 09:00:53,,2009-08-19,100-015,서울특별시 중구 충무로*가 **-* 부성빌딩 *층 ***호,CDFG1251002009000155,3010000,,"서울특별시 중구 창경궁로 *,  ***호 (충무로*가,부성빌딩 *층)",,03,폐업,,,,02-2266-3075,,
,푸른하늘BluesKy,2023-02-08,199444.258233994,451355.853375383,출판인쇄업,출판사,2026-05-03 22:48:25,I,03,폐업,,,,2023-02-08 09:57:50,,2009-08-24,,서울특별시 중구 인현동*가 **-**,CDFG1251002009000158,3010000,,"서울특별시 중구 마른내로 **, *층 (인현동*가)",04549,03,폐업,,,,02-2271-1375,,
,예문지,2017-08-18,199269.527925864,451465.042156905,출판인쇄업,출판사,2026-05-03 22:48:25,I,03,폐업,,,,2017-08-18 19:01:37,,2007-08-07,,서울특별시 중구 을지로*가 ***-* *층,CDFG1251002009000159,3010000,,서울특별시 중구 충무로 **-* (을지로*가),04550,03,폐업,,,,02-539-5122,,
,티앤씨,2014-10-15,200114.047054556,451422.383765796,출판인쇄업,출판사,2026-05-03 22:48:25,I,03,폐업,,,,2014-10-15 16:08:27,,2009-08-26,100-310,서울특별시 중구 오장동 ***-** 문명빌딩 ***호,CDFG1251002009000161,3010000,,"서울특별시 중구 동호로 ***-*, ***호 (오장동,문명빌딩)",,03,폐업,,,,02-3142-7357,,
,도서출판선물,2010-01-26,196954.724406179,450307.274146843,출판인쇄업,출판사,2026-05-03 22:48:25,I,03,폐업,,,,2010-01-26 11:35:01,,2009-08-28,100-372,서울특별시 중구 만리동*가 **-* KCC 파크타운 ***동 ***호,CDFG1251002009000163,3010000,,"서울특별시 중구 만리재로 ***, ***동 ***호 (만리동*가,KCC 파크타운)",,03,폐업,,,,,,
,도서출판 미석,2022-10-31,199455.00556933,451158.224725429,출판인쇄업,출판사,2026-05-03 22:48:25,I,03,폐업,,,,2022-11-15 16:14:40,,2009-09-09,100-014,서울특별시 중구 충무로*가 **-* 인쇄빌딩 ***호,CDFG1251002009000168,3010000,,"서울특별시 중구 마른내로*가길 **,  ***호 (충무로*가,인쇄빌딩)",,03,폐업,,,,02-2278-1023,,
,(주)국제일보,2009-10-22,199147.240116001,451462.438530525,출판인쇄업,출판사,2026-05-03 22:48:25,I,03,폐업,,,,2009-10-22 16:20:04,,2009-09-10,100-193,서울특별시 중구 을지로*가 ***-** *층,CDFG1251002009000169,3010000,,"서울특별시 중구 을지로**길 **  (을지로*가,*층)",,03,폐업,,,,02-2261-1117,,
,세바기획,2025-03-17,198957.119075726,451594.323429848,출판인쇄업,출판사,2026-05-03 22:48:25,I,03,폐업,,,,2025-03-18 14:18:19,,2009-09-18,100-192,서울특별시 중구 을지로*가 ***-**,CDFG1251002009000174,3010000,,서울특별시 중구 삼일대로**길 **-*  (을지로*가),,03,폐업,,,,,,
,자유기획인쇄,2014-01-14,199436.074498528,451072.439570606,출판인쇄업,출판사,2026-05-03 22:48:26,I,03,폐업,,,,2014-02-06 19:27:27,,2009-09-24,100-014,서울특별시 중구 충무로*가 ***-*,CDFG1251002009000176,3010000,,서울특별시 중구 퇴계로**길 **-* (충무로*가),,03,폐업,,,,02-2263-0270,,
,크로바출판,2012-05-30,199586.294097337,450558.373089799,출판인쇄업,출판사,2026-05-03 22:48:26,I,03,폐업,,,,2012-05-31 17:55:50,,2009-09-25,100-273,서울특별시 중구 필동*가 **-* 정문빌딩 *층,CDFG1251002009000179,3010000,,"서울특별시 중구 필동로 **  (필동*가,정문빌딩 *층)",,03,폐업,,,,02-2269-5975,,
근린생활시설,(주)크리큐브커뮤니케이션,2010-02-23,199371.155010022,451371.394331184,출판인쇄업,출판사,2026-05-03 22:48:26,I,03,폐업,,,,2010-02-23 17:18:27,,2001-04-09,100-281,서울특별시 중구 인현동*가 ***-* *층,CDFG1251002009000183,3010000,,"서울특별시 중구 을지로**길 **-*  (인현동*가,*층)",,03,폐업,,,,,,
,비솔,2011-05-18,200708.11920015,450197.564744948,출판인쇄업,출판사,2026-05-03 22:48:26,I,03,폐업,,,,2011-05-18 14:20:25,,2009-10-15,100-452,서울특별시 중구 신당동 ***-** 퍼시픽빌딩 지층,CDFG1251002009000190,3010000,,"서울특별시 중구 동호로**길 **  (신당동,퍼시픽빌딩 지층)",,03,폐업,,,,02-2234-1690,,
,교재닷컴,2017-07-07,199682.958511238,450826.15367003,출판인쇄업,출판사,2026-05-03 22:48:26,I,03,폐업,,,,2017-07-07 16:26:29,,2009-10-28,100-273,서울특별시 중구 필동*가 **-*,CDFG1251002009000199,3010000,,서울특별시 중구 서애로*길 * (필동*가),,03,폐업,,,,02-2266-6826,,
,디자인아트,2014-08-01,199476.706955958,451453.068848282,출판인쇄업,출판사,2026-05-03 22:48:26,I,03,폐업,,,,2014-08-01 10:26:49,,2009-11-05,100-281,서울특별시 중구 인현동*가 **-* *층,CDFG1251002009000209,3010000,,"서울특별시 중구 을지로**길 **-** (인현동*가,*층)",,03,폐업,,,,02-2269-7255,,
,아이엘 컴퍼니,2021-11-18,199320.990837164,451501.209707641,출판인쇄업,출판사,2026-05-03 22:49:12,I,03,폐업,,,,2021-11-18 15:14:23,,2018-12-14,,서울특별시 중구 을지로*가 ***-** 명성빌딩,CDFG1251002018000146,3010000,,"서울특별시 중구 충무로 **-*, 명성빌딩 ***호 (을지로*가)",04549,03,폐업,,,,,,
,하나애 인쇄,2024-03-11,199266.516672023,450828.711541553,출판인쇄업,출판사,2026-05-03 22:49:12,I,03,폐업,,,,2024-03-12 16:49:44,,2019-01-21,,서울특별시 중구 예장동 *-**,CDFG1251002019000009,3010000,,"서울특별시 중구 퇴계로**길 **, ***호 (예장동)",04627,03,폐업,,,,,,
,(주)한평원,2020-12-02,199308.2427501,450462.783376915,출판인쇄업,출판사,2026-05-03 22:49:12,I,03,폐업,,,,2020-12-02 17:06:58,,2015-12-24,,서울특별시 중구 예장동 *-**,CDFG1251002019000013,3010000,,"서울특별시 중구 필동로*가길 **, *층 (예장동)",04626,03,폐업,,,,02-719-6313,,
,비담ENM,2019-03-25,197566.862311117,451100.772883934,출판인쇄업,출판사,2026-05-03 22:49:12,I,03,폐업,,,,2019-03-26 10:04:05,,2019-03-14,,서울특별시 중구 서소문동 ***-** 동화주차빌딩,CDFG1251002019000037,3010000,,"서울특별시 중구 세종대로*길 **, 동화빌딩 별관**층 (서소문동)",04513,03,폐업,,,,,,
연립주택,엘케이아이에프,2021-02-17,200477.695854504,449562.637395928,출판인쇄업,출판사,2026-05-03 22:49:13,I,03,폐업,,,,2021-02-18 13:29:46,,2019-07-08,,서울특별시 중구 신당동 ***-**** 남산그린빌,CDFG1251002019000089,3010000,주거지역,"서울특별시 중구 동호로**길 ***-**, ***호 (신당동, 남산그린빌)",04601,03,폐업,,,,,,
,모조인더스트리(Mojo Industry),2023-01-10,199043.485783486,451529.573403571,출판인쇄업,출판사,2026-05-03 22:49:13,I,03,폐업,,,,2023-01-10 11:16:53,,2015-03-05,,서울특별시 중구 을지로*가 ***-*,CDFG1251002019000100,3010000,,"서울특별시 중구 을지로 ***, 경성빌딩 ***호 (을지로*가)",04550,03,폐업,,,,,,
,(주)컬처메이커스,2023-02-10,204617.039939677,444986.824409638,출판인쇄업,출판사,2026-05-03 22:49:13,I,03,폐업,,,,2023-02-14 09:38:45,,2014-01-16,,서울특별시 강남구 삼성동 ***-*,CDFG1251002019000102,3010000,,서울특별시 강남구 삼성로**길 ** (삼성동),06159,03,폐업,,,,,,
,유니콘즈(UNI:CONS),2020-03-02,197963.789217064,451793.816975812,출판인쇄업,출판사,2026-05-03 22:49:13,I,03,폐업,,,,2020-03-02 15:50:49,,2013-07-24,,서울특별시 중구 태평로*가 ** 파이낸스빌딩,CDFG1251002019000114,3010000,,"서울특별시 중구 세종대로 ***, 파이낸스빌딩 *층 (태평로*가)",04520,03,폐업,,,,02-6380-5261,,
,비제이퍼블릭,2023-01-10,198916.653480187,451694.842893728,출판인쇄업,출판사,2026-05-03 22:49:13,I,03,폐업,,,,2023-01-10 18:04:17,,2009-04-10,,서울특별시 중구 수표동 ** 시그니쳐타워,CDFG1251002019000121,3010000,,"서울특별시 중구 청계천로 ***, 시그니쳐타워 서관 ****호 (수표동)",04542,03,폐업,,,,02-739-0739,,
,디파인디자인 스튜디오,2024-04-05,199676.030283312,450852.14351829,출판인쇄업,출판사,2026-05-03 22:49:13,I,03,폐업,,,,2024-04-05 16:21:13,,2019-10-01,,서울특별시 중구 필동*가 **-* 서울캐피탈빌딩,CDFG1251002019000122,3010000,,"서울특별시 중구 서애로 **, 서울캐피탈빌딩 ***호 (필동*가)",04623,03,폐업,,,,02-6327-2025,,
,O.C (오씨),2023-12-29,199424.506480119,451439.766299955,출판인쇄업,출판사,2026-05-03 22:49:13,I,03,폐업,,,,2023-12-29 16:53:41,,2019-10-24,,서울특별시 중구 인현동*가 **-*,CDFG1251002019000128,3010000,,"서울특별시 중구 을지로**길 **, ***호 (인현동*가)",04549,03,폐업,,,,,,
,다이얼,2024-12-30,197620.676444642,450361.506112161,출판인쇄업,출판사,2026-05-03 22:49:13,I,03,폐업,,,,2024-12-31 17:36:24,,2017-08-14,,서울특별시 중구 남대문로*가 *** 서울스퀘어,CDFG1251002019000130,3010000,,"서울특별시 중구 한강대로 ***, 서울스퀘어 **층 (남대문로*가)",04637,03,폐업,,,,02-396-6266,,
,메리맥,2024-12-30,197620.676444642,450361.506112161,출판인쇄업,출판사,2026-05-03 22:49:13,I,03,폐업,,,,2024-12-31 17:36:17,,2016-03-21,,서울특별시 중구 남대문로*가 *** 서울스퀘어,CDFG1251002019000131,3010000,,"서울특별시 중구 한강대로 ***, 서울스퀘어 **층 (남대문로*가)",04637,03,폐업,,,,02-396-6266,,
,성심문학,2023-10-20,196907.998491537,450316.399509271,출판인쇄업,출판사,2026-05-03 22:49:13,I,03,폐업,,,,2023-10-20 19:37:19,,2019-10-31,,서울특별시 중구 만리동*가 *** 서울역한라비발디센트럴,CDFG1251002019000136,3010000,,"서울특별시 중구 만리재로 ***, ***동 ***호 (만리동*가, 서울역한라비발디센트럴)",04501,03,폐업,,,,,,
,랜드미디어,2025-07-10,199995.946197698,451285.600689181,출판인쇄업,출판사,2026-05-03 22:49:13,I,03,폐업,,,,2025-07-11 15:41:44,,2019-11-15,,서울특별시 중구 충무로*가 **-* 충무로 현대 프레스타워,CDFG1251002019000142,3010000,,"서울특별시 중구 마른내로**길 *-*, 충무로 현대 프레스타워 ****호 (충무로*가)",04559,03,폐업,,,,02-2273-2816,,
,기쁨감사,2024-08-12,198753.691681048,450879.102700609,출판인쇄업,출판사,2026-05-03 22:49:13,I,03,폐업,,,,2024-08-16 15:39:11,,2019-11-22,,서울특별시 중구 남산동*가 **-**,CDFG1251002019000144,3010000,,서울특별시 중구 퇴계로**길 ** (남산동*가),04629,03,폐업,,,,,,
,푸른지구,2019-12-18,199571.599470393,451124.851387624,출판인쇄업,출판사,2026-05-03 22:49:13,I,03,폐업,,,,2019-12-19 10:30:37,,2005-07-05,,"서울특별시 중구 충무로*가 ***-* 진양상가, 진양아파트",CDFG1251002019000153,3010000,,"서울특별시 중구 퇴계로 ***, *동 ****호 (충무로*가, 진양상가, 진양아파트)",04558,03,폐업,,,,,,
,주식회사 삼양아트인쇄,2024-12-31,199062.450237334,451419.359900684,출판인쇄업,출판사,2026-05-03 22:49:13,I,03,폐업,,,,2025-01-24 15:53:28,,2019-12-26,,서울특별시 중구 저동*가 **-*,CDFG1251002019000157,3010000,,서울특별시 중구 수표로 **-* (저동*가),04550,03,폐업,,,,02-2273-3819,,
,(주)디지아이,2024-04-22,199559.81287492,451275.242508566,출판인쇄업,출판사,2026-05-03 22:49:13,I,03,폐업,,,,2024-04-22 16:49:41,,2020-01-02,,서울특별시 중구 인현동*가 ***-** 인현상가,CDFG1251002020000002,3010000,,"서울특별시 중구 마른내로 **, ***호 (인현동*가)",04558,03,폐업,,,,02-2277-7072,,
,한국문학,2023-11-15,199049.828160321,451175.464786252,출판인쇄업,출판사,2026-05-03 22:49:13,I,03,폐업,,,,2023-11-15 17:30:45,,2020-01-06,,서울특별시 중구 충무로*가 **-**,CDFG1251002020000007,3010000,,"서울특별시 중구 삼일대로*길 **, *층 (충무로*가)",04552,03,폐업,,,,02-2277-2800,,
,(주)택스박스,2023-08-04,200833.562483359,450440.524940745,출판인쇄업,출판사,2026-05-03 22:49:13,I,03,폐업,,,,2023-08-04 15:46:30,,2020-01-17,,서울특별시 중구 신당동 ***-*,CDFG1251002020000016,3010000,,"서울특별시 중구 동호로**길 *-*, *층 (신당동)",04607,03,폐업,,,,02-2262-5795,,
,동아시아 사이언스 주니어,2025-09-17,199339.495349299,450481.806127993,출판인쇄업,출판사,2026-05-03 22:49:15,I,03,폐업,,,,2025-09-17 17:32:52,,2020-02-07,,서울특별시 중구 예장동 *-** 동아시아빌딩,CDFG1251002020000029,3010000,,"서울특별시 중구 필동로*길 **, 동아시아빌딩 *-*층 (예장동)",04626,03,폐업,,,,02-757-9724,,
근린생활시설,다시서기,2007-10-11,197454.835760386,450733.6954596,출판인쇄업,출판사,2026-05-03 22:46:34,I,03,폐업,,,,2007-10-11 17:21:16,,1999-12-13,100-161,서울특별시 중구 봉래동*가 **-*,CDFG1251001999000273,3010000,,서울특별시 중구 통일로 **  (봉래동*가),,03,폐업,,,,,,
근린생활시설,도서출판솔임풀,2001-04-30,200613.510297669,451817.515366883,출판인쇄업,출판사,2026-05-03 22:46:34,I,03,폐업,,0,0,2003-05-06 11:23:16,,1999-12-16,100-850,서울특별시 중구 을지로*가 **-* 프레야타운**층**호,CDFG1251001999000279,3010000,,"서울특별시 중구 장충단로**길 **  (을지로*가,프레야타운**층**호)",,03,폐업,,,,22666304,0,0
근린생활시설,삼양미디어,2001-02-05,199411.078749004,451049.223436174,출판인쇄업,출판사,2026-05-03 22:46:34,I,03,폐업,,0,0,2003-05-06 11:23:16,,1999-12-22,100-272,서울특별시 중구 필동*가 **-*,CDFG1251001999000280,3010000,,서울특별시 중구 퇴계로**길 *  (필동*가),,03,폐업,,,,22774197,0,0
근린생활시설,동남출판사,2000-12-30,199664.139554783,451348.42374001,출판인쇄업,출판사,2026-05-03 22:46:35,I,03,폐업,,0,0,2003-05-06 11:23:16,,1999-12-22,100-282,서울특별시 중구 인현동*가 ***-*,CDFG1251001999000283,3010000,,서울특별시 중구 마른내로 **  (인현동*가),,03,폐업,,,,,0,0
,밀레니엄,2000-09-18,199389.257171219,451326.825886905,출판인쇄업,출판사,2026-05-03 22:46:35,I,03,폐업,,0,0,2003-05-06 11:23:16,,1999-12-30,100-281,서울특별시 중구 인현동*가 **-*,CDFG1251001999000285,3010000,,서울특별시 중구 마른내로 **-*  (인현동*가),,03,폐업,,,,22633191,0,0
,청파,2009-06-16,199383.669651112,451291.606965427,출판인쇄업,출판사,2026-05-03 22:46:35,I,03,폐업,,,,2009-06-17 10:29:14,,1999-12-29,,서울특별시 중구 인현동*가 ***-* 삼보빌딩 구관 ***호,CDFG1251001999000286,3010000,,"서울특별시 중구 마른내로*길 **  (인현동*가,삼보빌딩 구관 ***호)",,03,폐업,,,,22687751,,
근린생활시설,씨뿌리는사람들,2000-04-03,199698.506191905,450834.215332881,출판인쇄업,출판사,2026-05-03 22:46:38,I,03,폐업,,0,,2003-05-06 11:23:16,,1999-11-22,100-273,서울특별시 중구 필동*가 **-* 매일빌딩***호,CDFG1251001999000299,3010000,,"서울특별시 중구 서애로*길 **  (필동*가,매일빌딩***호)",,03,폐업,,,,22856633,,
근린생활시설,나나,2001-04-30,199250.501251471,451472.193020952,출판인쇄업,출판사,2026-05-03 22:46:38,I,03,폐업,,0,,2003-05-06 11:23:16,,1999-01-16,100-846,서울특별시 중구 을지로*가 ***-** *층,CDFG1251001999000300,3010000,,"서울특별시 중구 을지로**길 **  (을지로*가,*층)",,03,폐업,,,,22754061,,
근린생활시설,블루미디어,2009-08-31,199389.257171219,451326.825886905,출판인쇄업,출판사,2026-05-03 22:46:38,I,03,폐업,,,,2009-08-31 11:54:02,,2000-01-10,100-281,서울특별시 중구 인현동*가 **-* 강인빌딩 ***호,CDFG1251002000000002,3010000,,"서울특별시 중구 마른내로 **-*  (인현동*가,강인빌딩 ***호)",,03,폐업,,,,22775060,,
,(주)기마산업,2013-12-27,199215.980905399,451084.356972474,출판인쇄업,출판사,2026-05-03 22:46:38,I,03,폐업,,0,0,2013-12-27 13:50:44,,2000-01-08,100-866,서울특별시 중구 필동*가 *-*,CDFG1251002000000004,3010000,,서울특별시 중구 수표로*길 ** (필동*가),,03,폐업,,,,22755250,0,0
,예진컴앤씨,2006-03-03,199571.599470393,451124.851387624,출판인쇄업,출판사,2026-05-03 22:46:38,I,03,폐업,,,,2006-03-06 11:19:34,,2000-01-20,100-863,서울특별시 중구 충무로*가 ***-* *층*호,CDFG1251002000000010,3010000,,"서울특별시 중구 퇴계로 ***  (충무로*가,*층*호)",,03,폐업,,,,22770751,,
근린생활시설,공생대,2014-04-18,199096.873608411,451430.950357021,출판인쇄업,출판사,2026-05-03 22:46:39,I,03,폐업,,0,0,2014-04-18 16:19:21,,2000-01-27,100-032,서울특별시 중구 저동*가 *-* 저동빌딩***호,CDFG1251002000000014,3010000,,,,03,폐업,,,,22853579,0,0
,(주)코린프인터내쇼날,2006-08-03,200224.815166574,451582.627103843,출판인쇄업,출판사,2026-05-03 22:46:39,I,03,폐업,,,,2006-08-03 13:06:25,,2000-01-28,100-195,서울특별시 중구 을지로*가 **-* 평안빌딩***호,CDFG1251002000000016,3010000,,"서울특별시 중구 을지로 ***  (을지로*가,평안빌딩***호)",,03,폐업,,,,22727456,,
,상원사,2018-12-28,199558.260599171,450609.250447125,출판인쇄업,출판사,2026-05-03 22:46:39,I,03,폐업,,0,0,2018-12-31 09:12:21,,2000-02-02,100-272,서울특별시 중구 필동*가 ***-*,CDFG1251002000000020,3010000,,서울특별시 중구 필동로 **-* (필동*가),,03,폐업,,,,22761827,0,0
,스튜디오그리니,2001-04-09,199226.770415208,451664.850574391,출판인쇄업,출판사,2026-05-03 22:46:39,I,03,폐업,,0,0,2003-05-06 11:23:16,,2000-02-10,100-846,서울특별시 중구 을지로*가 ***-* 서울빌딩***호,CDFG1251002000000023,3010000,,"서울특별시 중구 을지로**길 **  (을지로*가,서울빌딩***호)",,03,폐업,,,,22733647,0,0
,동신,2003-02-11,199499.627135531,451471.318901658,출판인쇄업,출판사,2026-05-03 22:46:39,I,03,폐업,,0,0,2003-05-06 11:23:16,,2000-02-14,100-281,서울특별시 중구 인현동*가 **-*,CDFG1251002000000026,3010000,,서울특별시 중구 을지로**길 **-*  (인현동*가),,03,폐업,,,,22661764,0,0
,한국조사기자회,2007-08-29,197471.039917994,451548.724649763,출판인쇄업,출판사,2026-05-03 22:46:39,I,03,폐업,,,,2007-08-29 10:46:38,,2000-02-18,100-120,서울특별시 중구 정동 *-** 신아별관***,CDFG1251002000000029,3010000,,"서울특별시 중구 정동길 **  (정동,신아별관***)",,03,폐업,,,,,,
,새생각창조기획사,2000-09-01,,,출판인쇄업,출판사,2026-05-03 22:46:39,I,03,폐업,,0,0,2003-05-06 11:23:16,,2000-02-25,100-015,서울특별시 중구 충무로*가 **-* 일문빌딩***호,CDFG1251002000000031,3010000,,,,03,폐업,,,,22852270,0,0
,녹인C&P,2001-09-05,200526.217374032,451373.823316146,출판인쇄업,출판사,2026-05-03 22:46:39,I,03,폐업,,0,0,2003-05-06 11:23:16,,2000-02-28,100-411,서울특별시 중구 광희동*가 ***-* 구암빌딩***호,CDFG1251002000000032,3010000,,"서울특별시 중구 마른내로 ***-*  (광희동*가,구암빌딩***호)",,03,폐업,,,,22795122,0,0
,도서출판동강,2017-04-04,199399.747019738,451223.618422156,출판인쇄업,출판사,2026-05-03 22:46:39,I,03,폐업,,0,0,2017-04-04 11:36:38,,2000-02-28,100-281,서울특별시 중구 인현동*가 ***-**,CDFG1251002000000033,3010000,,서울특별시 중구 마른내로*길 **-* (인현동*가),,03,폐업,,,,22667398,0,0
,세진아카데미,2005-04-14,200393.995831308,451462.128427596,출판인쇄업,출판사,2026-05-03 22:46:39,I,03,폐업,,,,2005-04-14 09:02:31,,2000-02-29,100-411,서울특별시 중구 광희동*가 **-*,CDFG1251002000000035,3010000,,서울특별시 중구 을지로**길 **-**  (광희동*가),,03,폐업,,,,22722425,,
,라이트북닷컴,2001-09-24,199500.419899982,451531.491822476,출판인쇄업,출판사,2026-05-03 22:46:39,I,03,폐업,,0,0,2003-05-06 11:23:16,,2000-03-03,100-194,서울특별시 중구 을지로*가 ***-* 종현빌딩***호,CDFG1251002000000037,3010000,,"서울특별시 중구 을지로**길 **-*  (을지로*가,종현빌딩***호)",,03,폐업,,,,22757218,0,0
,브레인 뱅크,2021-12-30,199297.876590178,451025.516575091,출판인쇄업,출판사,2026-05-03 22:46:45,I,03,폐업,,,,2021-12-31 13:44:02,,2000-03-07,100-866,서울특별시 중구 필동*가 **-* 동화빌딩 ***,CDFG1251002000000039,3010000,,"서울특별시 중구 퇴계로 ***  (필동*가,동화빌딩 ***)",,03,폐업,,,,22788772,,
,세실뮤직,2006-01-05,198852.918056574,451263.814717966,출판인쇄업,출판사,2026-05-03 22:47:49,I,03,폐업,,,,2006-01-05 09:31:41,,2003-06-09,100-031,서울특별시 중구 저동*가 **-* 명진빌딩 ***호,CDFG1251002003000272,3010000,,"서울특별시 중구 삼일대로*길 *  (저동*가,명진빌딩 ***호)",,03,폐업,,,,,,
,도서출판 해마,2011-02-01,198924.260724823,451587.47893685,출판인쇄업,출판사,2026-05-03 22:47:49,I,03,폐업,,,,2011-02-07 09:56:10,,2003-10-21,100-845,서울특별시 중구 을지로*가 ***-** *층,CDFG1251002003000275,3010000,,"서울특별시 중구 삼일대로**길 **-*  (을지로*가,*층)",,03,폐업,,,,050-2345-3825,,
,하늬북스,2006-01-27,199630.137323232,450688.22302491,출판인쇄업,출판사,2026-05-03 22:47:49,I,03,폐업,,,,2006-01-27 15:00:48,,2004-01-02,100-273,서울특별시 중구 필동*가 **-** (*층),CDFG1251002004000001,3010000,,"서울특별시 중구 필동로*길 **  (필동*가,(*층))",,03,폐업,,,,22781287,,
,한국사진기자협회편집실,2014-05-14,197964.095481472,451694.035675644,출판인쇄업,출판사,2026-05-03 22:47:49,I,03,폐업,,,,2014-05-14 11:36:20,,2004-01-06,100-101,서울특별시 중구 태평로*가 ** 한국언론재단 ****호,CDFG1251002004000002,3010000,,"서울특별시 중구 세종대로 *** (태평로*가,한국언론재단 ****호)",,03,폐업,,,,,,
,토마토,2004-10-12,199598.351705658,451193.562575176,출판인쇄업,출판사,2026-05-03 22:47:49,I,03,폐업,,,,2004-10-12 14:50:24,,2004-01-06,100-282,서울특별시 중구 인현동*가 ***-** *층***호,CDFG1251002004000004,3010000,,"서울특별시 중구 퇴계로**길 **  (인현동*가,*층***호)",,03,폐업,,,,22640017,,
,세일문화출판,2012-01-16,200098.006851067,451307.510521326,출판인쇄업,출판사,2026-05-03 22:47:49,I,03,폐업,,,,2012-01-16 17:24:01,,2004-01-06,100-310,서울특별시 중구 오장동 ***-* 넥서스타워 ***호,CDFG1251002004000005,3010000,,"서울특별시 중구 퇴계로**길 **,  ***호 (오장동,넥서스타워)",,03,폐업,,,,02-2236-3654,,
,조선매거진(주),2013-12-30,197821.219011153,451827.081005774,출판인쇄업,출판사,2026-05-03 22:47:49,I,03,폐업,,,,2013-12-30 18:10:07,,2004-01-06,100-101,서울특별시 중구 태평로*가 **-* 조선일보광화문빌딩 *층,CDFG1251002004000006,3010000,,"서울특별시 중구 세종대로**길 ** (태평로*가,조선일보광화문빌딩 *층)",,03,폐업,,,,,,
,와이엠에스미디어,2007-04-06,199101.132483391,451111.22018454,출판인쇄업,출판사,2026-05-03 22:47:49,I,03,폐업,,,,2007-04-06 15:28:20,,2004-01-10,100-013,서울특별시 중구 충무로*가 **-** 영한빌딩***호,CDFG1251002004000008,3010000,,"서울특별시 중구 수표로 **  (충무로*가,영한빌딩***호)",,03,폐업,,,,22749411,,
,투데이미디어,2006-02-07,199129.633376163,451200.314163047,출판인쇄업,출판사,2026-05-03 22:47:49,I,03,폐업,,,,2006-02-14 20:38:24,,2004-02-03,100-013,서울특별시 중구 충무로*가 **-* (*층),CDFG1251002004000016,3010000,,"서울특별시 중구 수표로 **-**  (충무로*가,(*층))",,03,폐업,,,,22775557,,
,제로원기획,2015-10-16,199941.744032253,451314.073491563,출판인쇄업,출판사,2026-05-03 22:47:49,I,03,폐업,,,,2015-10-16 15:56:10,,2004-02-09,100-310,서울특별시 중구 오장동 **-* 코발트빌딩***호,CDFG1251002004000020,3010000,,"서울특별시 중구 퇴계로**길 **-** (오장동,코발트빌딩***호)",,03,폐업,,,,22675111,,
,예응출판사,2017-11-10,199207.538777842,451529.342819592,출판인쇄업,출판사,2026-05-03 22:47:49,I,03,폐업,,,,2017-11-10 18:10:51,,2004-02-16,100-846,서울특별시 중구 을지로*가 ***-* 을지빌딩 ***호,CDFG1251002004000022,3010000,,"서울특별시 중구 을지로**길 * (을지로*가,을지빌딩 ***호)",,03,폐업,,,,22772393,,
,창경사,2004-03-19,199067.419469273,451106.903130898,출판인쇄업,출판사,2026-05-03 22:47:50,I,03,폐업,,,,2004-03-24 11:11:43,,2004-02-17,100-861,서울특별시 중구 충무로*가 **-* 예인빌딩***호,CDFG1251002004000026,3010000,,"서울특별시 중구 삼일대로*길 **  (충무로*가,예인빌딩***호)",,03,폐업,,,,22797042,,
,한국신문방송인클럽,2007-12-11,197964.095481472,451694.035675644,출판인쇄업,출판사,2026-05-03 22:47:50,I,03,폐업,,,,2007-12-11 16:26:49,,2004-02-20,100-101,서울특별시 중구 태평로*가 ** 프레스센타*층,CDFG1251002004000027,3010000,,"서울특별시 중구 세종대로 ***  (태평로*가,프레스센타*층)",,03,폐업,,,,,,
,삶의메아리,2015-06-08,199460.177880357,451479.736299287,출판인쇄업,출판사,2026-05-03 22:47:50,I,03,폐업,,,,2015-06-08 17:34:19,,2004-02-20,100-281,서울특별시 중구 인현동*가 **-* 신도빌딩 ***호,CDFG1251002004000028,3010000,,"서울특별시 중구 을지로**길 ** (인현동*가,신도빌딩 ***호)",,03,폐업,,,,22678662,,
,지씨넷문화기획출판,2006-01-18,199297.876590178,451025.516575091,출판인쇄업,출판사,2026-05-03 22:47:50,I,03,폐업,,,,2006-01-18 14:20:36,,2004-02-20,100-866,서울특별시 중구 필동*가 **-* 동화빌딩 ***호,CDFG1251002004000029,3010000,,"서울특별시 중구 퇴계로 ***  (필동*가,동화빌딩 ***호)",,03,폐업,,,,22644750,,
,삼일문화정보(주),2008-06-23,199320.990837164,451501.209707641,출판인쇄업,출판사,2026-05-03 22:47:50,I,03,폐업,,,,2008-06-23 17:52:56,,2004-02-26,100-847,서울특별시 중구 을지로*가 ***-** 명성빌딩 ***호,CDFG1251002004000038,3010000,,"서울특별시 중구 충무로 **-*  (을지로*가,명성빌딩 ***호)",,03,폐업,,,,02-2277-7122,,
,밝은미래,2015-02-13,199100.345942064,451122.183955886,출판인쇄업,출판사,2026-05-03 22:47:51,I,03,폐업,,,,2015-02-13 18:25:43,,2004-02-26,100-013,서울특별시 중구 충무로*가 **-** 영한빌딩 별관 ***호,CDFG1251002004000041,3010000,,"서울특별시 중구 수표로 ** (충무로*가,영한빌딩 별관 ***호)",,03,폐업,,,,22774780,,
,세영포토스튜디오,2013-04-04,199100.345942064,451122.183955886,출판인쇄업,출판사,2026-05-03 22:47:51,I,03,폐업,,,,2013-04-04 15:17:47,,2004-02-26,100-013,서울특별시 중구 충무로*가 **-** 영한빌딩***호,CDFG1251002004000042,3010000,,"서울특별시 중구 수표로 **  (충무로*가,영한빌딩***호)",,03,폐업,,,,22774770,,
,열린세상,2009-11-20,199314.197658416,451382.269126877,출판인쇄업,출판사,2026-05-03 22:47:51,I,03,폐업,,,,2009-11-20 11:53:01,,2004-03-02,100-300,서울특별시 중구 초동 **-** 삼훈빌딩 ***호,CDFG1251002004000043,3010000,,"서울특별시 중구 충무로 **  (초동,삼훈빌딩 ***호)",,03,폐업,,,,22731590,,
,한국스킨아트협회,2008-04-08,199822.10979662,451182.266913412,출판인쇄업,출판사,2026-05-03 22:47:51,I,03,폐업,,,,2008-04-08 11:06:50,,2004-03-06,100-015,서울특별시 중구 충무로*가 **-* 부성빌딩***호,CDFG1251002004000047,3010000,,"서울특별시 중구 창경궁로 *  (충무로*가,부성빌딩***호)",,03,폐업,,,,,,
,크레디아,2016-01-28,197375.183833059,451036.59540776,출판인쇄업,출판사,2026-05-03 22:47:51,I,03,폐업,,,,2016-01-28 14:51:39,,2004-03-09,100-130,서울특별시 중구 순화동 * 중앙일보 빌딩 지하*층,CDFG1251002004000052,3010000,,"서울특별시 중구 서소문로 ** (순화동,중앙일보 빌딩 지하*층)",,03,폐업,,,,,,
,식스디자인,2006-08-16,199526.416139264,451693.211256949,출판인쇄업,출판사,2026-05-03 22:47:51,I,03,폐업,,,,2006-08-16 16:28:57,,2004-03-11,100-340,서울특별시 중구 산림동 ***-* 대림아파트 ***-*,CDFG1251002004000053,3010000,,"서울특별시 중구 을지로 ***  (산림동,대림아파트 ***-*)",,03,폐업,,,,22682584,,
,도서출판자양(慈陽),2015-08-21,198783.056789386,450732.471972874,출판인쇄업,출판사,2026-05-03 22:48:26,I,03,폐업,,,,2015-08-21 17:47:25,,2009-11-06,100-042,서울특별시 중구 남산동*가 ** 명지빌딩 ***호,CDFG1251002009000211,3010000,,"서울특별시 중구 소파로 ***, ***호 (남산동*가,명지빌딩)",,03,폐업,,,,02-3789-0920,,
,(주)오니엠,2011-12-30,198123.904576393,451671.110698942,출판인쇄업,출판사,2026-05-03 22:48:26,I,03,폐업,,,,2012-01-04 10:19:28,,2008-09-30,100-170,서울특별시 중구 무교동 ** 체육회관 *층 ***호,CDFG1251002009000215,3010000,,"서울특별시 중구 무교로 **  (무교동,체육회관 *층 ***호)",,03,폐업,,,,02-777-7695,,
,혜전문화사,2010-09-09,199353.409062771,451394.349814085,출판인쇄업,출판사,2026-05-03 22:48:26,I,03,폐업,,,,2010-09-09 10:33:43,,2009-11-11,100-281,서울특별시 중구 인현동*가 ***-* 조광빌딩 ***호,CDFG1251002009000216,3010000,,"서울특별시 중구 을지로**길 **,  ***호 (인현동*가,조광빌딩)",,03,폐업,,,,02-2274-0374,,
,바오로뜨락,2010-05-24,198874.259008588,451127.200498433,출판인쇄업,출판사,2026-05-03 22:48:26,I,03,폐업,,,,2010-05-24 16:23:58,,2009-11-16,100-022,서울특별시 중구 명동*가 *-*,CDFG1251002009000217,3010000,,서울특별시 중구 명동길 **-*  (명동*가),,03,폐업,,,,02-3706-3213,,
,황학,2012-08-08,201801.667760135,451610.950013795,출판인쇄업,출판사,2026-05-03 22:48:26,I,03,폐업,,,,2012-08-08 17:04:50,,2009-11-19,100-440,서울특별시 중구 황학동 ***,CDFG1251002009000218,3010000,,서울특별시 중구 퇴계로**길 **  (황학동),,03,폐업,,,,02-2232-3709,,
,동아씨앤피,2020-04-21,,,출판인쇄업,출판사,2026-05-03 22:48:26,I,03,폐업,,,,2020-04-21 15:21:52,,2009-11-25,100-849,서울특별시 중구 을지로*가 ***,CDFG1251002009000220,3010000,,서울특별시 중구 을지로 ***-*  (을지로*가),,03,폐업,,,,22659396,,
,주식회사 트래블뉴스,2013-02-06,198123.904576393,451671.110698942,출판인쇄업,출판사,2026-05-03 22:48:26,I,03,폐업,,,,2013-02-13 16:17:33,,2009-11-25,100-170,서울특별시 중구 무교동 ** 체육회관 *층 ***호,CDFG1251002009000222,3010000,,"서울특별시 중구 무교로 **  (무교동,체육회관 *층 ***호)",,03,폐업,,,,02-730-1161,,
,엔씨광고,2015-12-04,200015.499568016,451485.349952584,출판인쇄업,출판사,2026-05-03 22:48:26,I,03,폐업,,,,2015-12-04 11:39:17,,2009-11-27,100-310,서울특별시 중구 오장동 ***-* 센트마빌딩 ****호,CDFG1251002009000225,3010000,,"서울특별시 중구 동호로**길 **, ****호 (오장동,센트마빌딩)",,03,폐업,,,,02-2285-2766,,
,선과색,2010-02-23,199410.292082322,451276.021553156,출판인쇄업,출판사,2026-05-03 22:48:27,I,03,폐업,,,,2010-02-23 13:59:32,,2009-12-09,100-281,서울특별시 중구 인현동*가 ***-* 신삼보빌딩 ***호,CDFG1251002009000232,3010000,,"서울특별시 중구 마른내로*길 *-*,  ***호 (인현동*가,신삼보빌딩)",,03,폐업,,,,02-2263-6420,,
,칠성출판사,2011-04-05,200487.622183519,451223.182651984,출판인쇄업,출판사,2026-05-03 22:48:27,I,03,폐업,,,,2011-04-05 09:43:00,,2009-12-09,100-391,서울특별시 중구 장충동*가 *-*,CDFG1251002009000233,3010000,,서울특별시 중구 퇴계로**길 **  (장충동*가),,03,폐업,,,,,,
,도서출판찬샘,2012-10-10,199162.082687084,450928.290573878,출판인쇄업,출판사,2026-05-03 22:48:27,I,03,폐업,,,,2012-10-10 11:30:03,,2009-12-23,100-260,서울특별시 중구 남학동 **-* 만수빌딩 ***호,CDFG1251002009000237,3010000,,"서울특별시 중구 퇴계로**길 *,  ***호 (남학동,만수빌딩)",,03,폐업,,,,02-2264-1573,,
,한문화사,2021-03-11,199115.162515675,451501.106828934,출판인쇄업,출판사,2026-05-03 22:48:27,I,03,폐업,,,,2021-03-11 16:50:11,,2009-12-24,100-193,서울특별시 중구 을지로*가 *** ***호,CDFG1251002009000238,3010000,,"서울특별시 중구 을지로 ***-**,  ***호 (을지로*가)",,03,폐업,,,,02-2268-1324,,
,이지프린팅,2018-10-05,199291.708889971,451262.329837663,출판인쇄업,출판사,2026-05-03 22:48:27,I,03,폐업,,,,2018-10-08 09:19:16,,2009-12-24,,서울특별시 중구 초동 **-*,CDFG1251002009000239,3010000,,서울특별시 중구 충무로 ** (초동),04555,03,폐업,,,,02-2274-1998,,
,빛크리에이션,2022-12-19,199209.769531853,451294.057256481,출판인쇄업,출판사,2026-05-03 22:48:27,I,03,폐업,,,,2022-12-19 13:42:00,,2010-01-06,100-300,서울특별시 중구 초동 ***-* 덕양빌딩 ***호,CDFG1251002010000002,3010000,,"서울특별시 중구 수표로**길 **,  ***호 (초동,덕양빌딩)",,03,폐업,,,,02-2266-6208,,
,북스홀릭,2011-02-07,199090.112337836,451196.211778665,출판인쇄업,출판사,2026-05-03 22:48:27,I,03,폐업,,,,2011-02-08 09:08:36,,2010-01-07,100-013,서울특별시 중구 충무로*가 **-** 인보빌딩 *층,CDFG1251002010000005,3010000,,"서울특별시 중구 수표로 **-*  (충무로*가,인보빌딩 *층)",,03,폐업,,,,02-3142-3600,,
,(주)에프앤비컨설팅,2010-12-31,198053.591672742,451652.397672222,출판인쇄업,출판사,2026-05-03 22:48:27,I,03,폐업,,,,2011-01-03 09:31:36,,2010-01-13,100-170,서울특별시 중구 무교동 **-* 원창빌딩 ***호,CDFG1251002010000010,3010000,,"서울특별시 중구 세종대로**길 **,  ***호 (무교동,원창빌딩)",,03,폐업,,,,02-3789-4001,,
,서광출판사,2024-12-31,199199.276704786,451455.339320516,출판인쇄업,출판사,2026-05-03 22:48:27,I,03,폐업,,,,2025-05-23 11:31:16,,2010-02-09,100-193,서울특별시 중구 을지로*가 ***-* *층,CDFG1251002010000030,3010000,,"서울특별시 중구 충무로*길 **-*  (을지로*가,*층)",,03,폐업,,,,02-2277-3593,,
,동아디앤피,2017-02-01,,,출판인쇄업,출판사,2026-05-03 22:48:27,I,03,폐업,,,,2017-02-01 17:36:29,,2010-02-11,100-032,서울특별시 중구 저동*가 **-*,CDFG1251002010000031,3010000,,서울특별시 중구 삼일대로**길 ** (저동*가),,03,폐업,,,,02-2273-7153,,
,(주)닥터레이디,2016-03-29,199108.051771449,451225.552115194,출판인쇄업,출판사,2026-05-03 22:48:27,I,03,폐업,,,,2016-03-30 09:59:45,,2003-12-03,100-032,서울특별시 중구 저동*가 **-**,CDFG1251002010000035,3010000,,서울특별시 중구 수표로 **-* (저동*가),,03,폐업,,,,02-511-7592,,
,(주)비앤씨기획,2017-02-14,199243.595084393,450951.535436388,출판인쇄업,출판사,2026-05-03 22:48:31,I,03,폐업,,,,2017-02-14 10:54:27,,2010-03-02,100-271,서울특별시 중구 필동*가 **-* 스타빌딩 ***호,CDFG1251002010000047,3010000,,"서울특별시 중구 퇴계로 ***, ***호 (필동*가,스타빌딩)",,03,폐업,,,,02-2274-6544,,
,(주)반프로,2014-12-22,199560.420690833,450625.895975661,출판인쇄업,출판사,2026-05-03 22:48:31,I,03,폐업,,,,2014-12-23 09:58:18,,2010-03-11,100-272,서울특별시 중구 필동*가 ***-*,CDFG1251002010000053,3010000,,서울특별시 중구 필동로 ** (필동*가),,03,폐업,,,,02-2275-4044,,
,이지디자인 주식회사,2022-05-09,199101.132483391,451111.22018454,출판인쇄업,출판사,2026-05-03 22:48:31,I,03,폐업,,,,2022-05-10 09:06:18,,2010-03-22,100-013,서울특별시 중구 충무로*가 **-**,CDFG1251002010000056,3010000,,"서울특별시 중구 수표로 **, *층 (충무로*가, 영한빌딩)",,03,폐업,,,,02-2278-1472,,
,브리프(brief),2020-10-30,201909.343061482,451914.07826355,출판인쇄업,출판사,2026-05-03 22:49:15,I,03,폐업,,,,2020-10-30 16:27:38,,2020-02-11,,서울특별시 중구 황학동 **** 블루카운티Ⅱ,CDFG1251002020000032,3010000,,"서울특별시 중구 난계로**길 **, ***호 (황학동)",04573,03,폐업,,,,,,
,다래,2021-12-20,199604.860117124,450840.399259201,출판인쇄업,출판사,2026-05-03 22:49:15,I,03,폐업,,,,2021-12-20 10:16:58,,2020-02-19,,서울특별시 중구 필동*가 **-* 삼가빌딩,CDFG1251002020000039,3010000,,"서울특별시 중구 필동로 **, 삼가빌딩 *층 (필동*가)",04624,03,폐업,,,,,,
,리본크리에이티브랩,2021-09-08,198744.433228989,451677.065126229,출판인쇄업,출판사,2026-05-03 22:49:15,I,03,폐업,,,,2021-09-08 14:59:15,,2019-12-09,,서울특별시 중구 장교동 * 장교빌딩,CDFG1251002020000054,3010000,,"서울특별시 중구 삼일대로 ***, 장교빌딩 ***호 (장교동)",04541,03,폐업,,,,070-7756-3939,,
,에이도,2023-12-01,196864.942838297,450649.69804319,출판인쇄업,출판사,2026-05-03 22:49:15,I,03,폐업,,,,2025-12-03 16:51:11,,2020-03-13,,서울특별시 중구 중림동 *** 중림동 삼성 사이버 빌리지,CDFG1251002020000055,3010000,,"서울특별시 중구 중림로 **, ***동 ***호 (중림동, 중림동 삼성 사이버 빌리지)",04502,03,폐업,,,,,,
,부자마을,2025-02-04,201823.908977364,452076.818664092,출판인쇄업,출판사,2026-05-03 22:49:15,I,03,폐업,,,,2025-02-05 17:16:39,,2016-09-23,,서울특별시 중구 황학동 **** 롯데캐슬베네치아,CDFG1251002020000067,3010000,,"서울특별시 중구 청계천로 ***, ***동 ****호 (황학동, 롯데캐슬베네치아)",04572,03,폐업,,,,,,
,도서출판 잔물결,2022-08-22,201986.280829801,451589.000615845,출판인쇄업,출판사,2026-05-03 22:49:15,I,03,폐업,,,,2022-08-22 15:42:11,,2020-06-01,,서울특별시 중구 황학동 *** 황학동 복합시설(DUO***),CDFG1251002020000090,3010000,,"서울특별시 중구 난계로 ***, ****호 (황학동)",04575,03,폐업,,,,,,
,바이탈경영교육원,2024-03-14,200750.455125653,449638.824308081,출판인쇄업,출판사,2026-05-03 22:49:15,I,03,폐업,,,,2024-03-14 15:47:15,,2020-06-29,,서울특별시 중구 신당동 *** 남산타운,CDFG1251002020000100,3010000,,"서울특별시 중구 다산로 **, *동 ***호 (신당동, 남산타운)",04595,03,폐업,,,,02-525-3811,,
,블루그린페퍼,2022-04-19,200098.006851067,451307.510521326,출판인쇄업,출판사,2026-05-03 22:49:15,I,03,폐업,,,,2022-04-20 11:16:08,,2020-06-25,,서울특별시 중구 오장동 ***-* 넥서스타워,CDFG1251002020000119,3010000,,"서울특별시 중구 퇴계로**길 **, 넥서스타워 B***호 (오장동)",04559,03,폐업,,,,,,
,썬디자인,2023-11-21,199500.419899982,451531.491822476,출판인쇄업,출판사,2026-05-03 22:49:15,I,03,폐업,,,,2023-11-21 15:56:30,,2020-08-20,,서울특별시 중구 을지로*가 ***-*,CDFG1251002020000127,3010000,,"서울특별시 중구 을지로**길 **-*, *층 (을지로*가)",04549,03,폐업,,,,02-2265-9330,,
,사단법인 변화를 꿈꾸는 과학기술인 네트워크,2022-04-19,200382.183303279,450908.382396408,출판인쇄업,출판사,2026-05-03 22:49:15,I,03,폐업,,,,2022-04-20 11:16:16,,2020-09-03,,서울특별시 중구 장충동*가 ***-*,CDFG1251002020000133,3010000,,"서울특별시 중구 동호로**길 **-*, ***호 (장충동*가)",04617,03,폐업,,,,1811-1547,,
,록 펠러 출판사(ROCKEFELLER PUBLISHING Co.),2022-09-14,200018.071750299,451589.704477946,출판인쇄업,출판사,2026-05-03 22:49:15,I,03,폐업,,,,2022-09-14 11:06:25,,2020-09-11,,서울특별시 중구 을지로*가 ***-**,CDFG1251002020000140,3010000,,"서울특별시 중구 을지로 ***, *층 (을지로*가)",04547,03,폐업,,,,,,
,월가 출판사(WALL STREET PUBLISHING Co.),2022-09-14,200018.071750299,451589.704477946,출판인쇄업,출판사,2026-05-03 22:49:15,I,03,폐업,,,,2022-09-14 11:11:34,,2020-09-11,,서울특별시 중구 을지로*가 ***-**,CDFG1251002020000141,3010000,,"서울특별시 중구 을지로 ***, *층 (을지로*가)",04547,03,폐업,,,,,,
,페페미디어,2020-09-16,201230.167293495,450277.600241968,출판인쇄업,출판사,2026-05-03 22:49:15,I,03,폐업,,,,2020-09-17 10:06:08,,2020-09-16,,서울특별시 중구 신당동 *** 약수하이츠,CDFG1251002020000145,3010000,,"서울특별시 중구 동호로**길 **, ***동 ****호 (신당동, 약수하이츠)",04593,03,폐업,,,,,,
,엔젤스리딩 Angel's Leading,2023-01-04,196761.301440114,450710.549195134,출판인쇄업,출판사,2026-05-03 22:49:16,I,03,폐업,,,,2023-01-05 17:56:38,,2020-10-22,,서울특별시 중구 중림동 ***-**,CDFG1251002020000158,3010000,,"서울특별시 중구 중림로*길 **, ***호 (중림동)",04503,03,폐업,,,,,,
,(주)생각의 힘,2025-02-03,199855.547336716,451327.295014574,출판인쇄업,출판사,2026-05-03 22:49:16,I,03,폐업,,,,2025-02-05 17:20:11,,2020-10-22,,서울특별시 중구 오장동 **-**,CDFG1251002020000159,3010000,,"서울특별시 중구 마른내로 ***, *층 (오장동)",04559,03,폐업,,,,070-7868-8799,,
,마음이다,2024-12-31,199083.051022836,451246.391115302,출판인쇄업,출판사,2026-05-03 22:49:16,I,03,폐업,,,,2025-01-14 15:35:57,,2020-01-14,,서울특별시 중구 저동*가 **-*,CDFG1251002020000166,3010000,,"서울특별시 중구 수표로 **, ***호 (저동*가)",04555,03,폐업,,,,,,
,싱크온커뮤니케이션,2023-01-27,199532.084458879,451067.194729829,출판인쇄업,출판사,2026-05-03 22:49:16,I,03,폐업,,,,2023-08-04 13:59:22,,2018-09-12,,서울특별시 중구 충무로*가 ***-* 일흥빌딩,CDFG1251002021000021,3010000,,"서울특별시 중구 퇴계로 ***, 일흥빌딩 *층 ***-**호 (충무로*가)",04557,03,폐업,,,,,,
,주식회사 케이엠에이,2022-03-22,199397.013822421,451070.763689185,출판인쇄업,출판사,2026-05-03 22:49:16,I,03,폐업,,,,2022-03-22 17:04:52,,2021-02-09,,서울특별시 중구 충무로*가 ***-* 기종빌딩,CDFG1251002021000024,3010000,,"서울특별시 중구 퇴계로**길 **, 기종빌딩 ***호 (충무로*가)",04557,03,폐업,,,,02-2273-7970,,
,문학秀출판부,2025-06-24,199644.869714843,451127.948922754,출판인쇄업,출판사,2026-05-03 22:49:16,I,03,폐업,,,,2025-06-24 17:32:06,,2021-04-15,,서울특별시 중구 충무로*가 ***-* 금미특수지,CDFG1251002021000050,3010000,,"서울특별시 중구 창경궁로*길 **, 금미특수지 ***호 (충무로*가)",04558,03,폐업,,,,02-2272-8807,,
,포코그란데,2024-07-25,199207.538777842,451529.342819592,출판인쇄업,출판사,2026-05-03 22:49:16,I,03,폐업,,,,2024-07-25 17:08:14,,2021-04-16,,서울특별시 중구 을지로*가 ***-*,CDFG1251002021000052,3010000,,"서울특별시 중구 을지로**길 *, ***호 (을지로*가)",04550,03,폐업,,,,,,
,한국시조문학진흥회,2021-04-22,199855.547336716,451327.295014574,출판인쇄업,출판사,2026-05-03 22:49:16,I,03,폐업,,,,2021-05-07 14:54:47,,2021-04-20,,서울특별시 중구 오장동 **-**,CDFG1251002021000053,3010000,,"서울특별시 중구 마른내로 ***, *층 (오장동)",04559,03,폐업,,,,,,
,미디어토탈,2022-09-20,199980.905554356,451331.897268379,출판인쇄업,출판사,2026-05-03 22:49:16,I,03,폐업,,,,2022-09-20 14:52:41,,2021-04-30,,서울특별시 중구 오장동 ***-* 흥남빌딩,CDFG1251002021000058,3010000,,"서울특별시 중구 마른내로**길 *, 흥남빌딩 *층 (오장동)",04559,03,폐업,,,,02-2274-9755,,
,뮤직라이브러리,2020-02-10,168122.236870766,439502.774648838,출판인쇄업,출판사,2026-05-03 22:44:17,I,03,폐업,,53,,2020-02-10 10:12:12,,2019-04-08,,인천광역시 미추홀구 용현동 ***-** 미소가 *차 ***호,CDFG1251002019000007,3510500,,"인천광역시 미추홀구 낙섬중로***번길 **, ***호 (용현동, 미소가 *차)",22175,03,폐업,,,,,,
,아바서적 기독출판,2021-01-15,172586.988374595,440374.814604559,출판인쇄업,출판사,2026-05-03 22:44:17,I,03,폐업,,33.25,,2021-01-15 17:28:27,,2019-05-02,,인천광역시 미추홀구 주안동 **-** 동아그린빌라 ***호,CDFG1251002019000008,3510500,,"인천광역시 미추홀구 경원대로***번길 **, ***호 (주안동, 동아그린빌라)",22131,03,폐업,,,,,,
아파트,치얼스,2021-09-10,,,출판인쇄업,출판사,2026-05-03 22:44:19,I,03,폐업,,29,,2021-09-10 13:13:37,,2020-01-07,,인천광역시 미추홀구 용현동 * 엘에이치미추홀*단지 ***동 ****호,CDFG1251002020000001,3510500,주거지역,"인천광역시 미추홀구 낙섬중로 ***, ***동 ****호 (용현동, 엘에이치미추홀*단지)",22176,03,폐업,,,,,,
,탑프린팅 출판사,2022-02-09,169287.085740384,442020.87556535,출판인쇄업,출판사,2026-05-03 22:44:19,I,03,폐업,,54.5,,2022-02-09 12:32:30,,2020-01-17,,인천광역시 미추홀구 도화동 *** 테크노텔 ***호,CDFG1251002020000002,3510500,,"인천광역시 미추홀구 봉수대로 **, 테크노텔 ***호 (도화동)",22109,03,폐업,,,,,,
,코딩앤메이커 협동조합,2021-04-01,172745.153357555,439735.191818583,출판인쇄업,출판사,2026-05-03 22:44:19,I,03,폐업,,16,,2021-04-01 17:59:22,,2019-08-22,,인천광역시 미추홀구 주안동 ***-* 계림빌딩,CDFG1251002020000003,3510500,,"인천광역시 미추홀구 경인로 ***, 계림빌딩 *층 (주안동)",22144,03,폐업,,,,,6,
,나이스,2020-12-21,172425.209910668,439849.221555354,출판인쇄업,출판사,2026-05-03 22:44:19,I,03,폐업,,26,,2020-12-21 14:09:13,,2020-02-12,,인천광역시 미추홀구 주안동 ***-* 르네상스빌딩 ****호,CDFG1251002020000004,3510500,,"인천광역시 미추홀구 경원대로 ***, 르네상스빌딩 **층 ****호 (주안동)",22134,03,폐업,,,,070-4175-9949,,
,디자인토리,2020-10-21,168737.711108775,438415.682288606,출판인쇄업,출판사,2026-05-03 22:44:21,I,03,폐업,,49.5,,2020-10-21 13:57:45,,2010-08-11,,인천광역시 미추홀구 용현동 ***-** e편한세상 시티 인하대역 ***동 ****호,CDFG1251002020000009,3510500,,"인천광역시 미추홀구 용정공원로**번길 **, e편한세상 시티 인하대역 ***동 ****호 (용현동)",22188,03,폐업,,,,,,
,식구디자인 출판사,2021-07-29,169890.91483087,440775.975490242,출판인쇄업,출판사,2026-05-03 22:44:21,I,03,폐업,,38,,2021-07-29 12:06:46,,2020-04-12,,인천광역시 미추홀구 도화동 **** 행정타운및JST ****호,CDFG1251002020000010,3510500,,"인천광역시 미추홀구 석정로 ***, 행정타운및JST **층 ****호 (도화동)",22101,03,폐업,,,,,,
다가구용 주택(공동주택적용),시인의사회,2025-02-12,171207.717073449,439783.407707802,출판인쇄업,출판사,2026-05-03 22:44:30,I,03,폐업,,58,,2025-02-14 14:12:26,,2021-02-02,,인천광역시 미추홀구 도화동 ***-** 아이홈아파트 ***호,CDFG1251002021000002,3510500,,"인천광역시 미추홀구 경인로 ***, 아이홈아파트 ***호 (도화동)",22139,03,폐업,,,,,,
,주식회사 은하수미술관,2025-02-03,172700.279903004,439219.232725006,출판인쇄업,출판사,2026-05-03 22:44:30,I,03,폐업,,10,,2025-02-03 16:14:32,,2021-03-02,,인천광역시 미추홀구 주안동 ****-**,CDFG1251002021000004,3510500,,인천광역시 미추홀구 구월남로 ** (주안동),22147,03,폐업,,,,,,
,지식로그,2023-07-04,172004.108798321,440376.037338056,출판인쇄업,출판사,2026-05-03 22:44:31,I,03,폐업,,59.98,,2023-07-04 17:51:09,,2021-03-16,,인천광역시 미추홀구 주안동 **-* 현광아파트,CDFG1251002021000005,3510500,,"인천광역시 미추홀구 염창로 **, ****호 (주안동, 현광아파트)",22129,03,폐업,,,,,,
,알파 코리안 클래스,2023-10-23,167996.172452561,440074.260511703,출판인쇄업,출판사,2026-05-03 22:44:32,I,03,폐업,,74,,2023-10-23 16:59:08,,2021-08-09,,인천광역시 미추홀구 숭의동 ***-* 새빛타운 ***동 ****호,CDFG1251002021000017,3510500,,"인천광역시 미추홀구 제물량로**번길 **, 새빛타운 ***동 ****호 (숭의동)",22174,03,폐업,,,,070-4046-3222,,
,이스트인베스트,2021-12-08,169890.91483087,440775.975490242,출판인쇄업,출판사,2026-05-03 22:44:32,I,03,폐업,,10,,2021-12-13 13:54:13,,2021-08-19,,인천광역시 미추홀구 도화동 **** JST타워 *층,CDFG1251002021000019,3510500,,"인천광역시 미추홀구 석정로 ***, JST타워 *층 (도화동)",22101,03,폐업,,,,,,
아파트,keep on (킵온),2023-02-23,172252.910599078,438353.213413256,출판인쇄업,출판사,2026-05-03 22:44:34,I,03,폐업,,109,20,2023-02-23 17:37:05,,2022-02-24,,인천광역시 미추홀구 주안동 **** 인천관교 한신휴플러스 ***동 ***호,CDFG1251002022000009,3510500,일반주거지역,"인천광역시 미추홀구 경원대로 ***, ***동 ***호 (주안동, 인천관교 한신휴플러스)",22229,03,폐업,아파트지역,,,,,
다중주택(공동주택적용),알고나라,2025-02-11,169853.852527766,440485.835320072,출판인쇄업,출판사,2026-05-03 22:44:35,I,03,폐업,,49.71,15,2025-02-19 11:42:51,,2022-05-12,,인천광역시 미추홀구 숭의동 *-** 새힘아파트 ****호,CDFG1251002022000015,3510500,일반상업지역,"인천광역시 미추홀구 경인로 ***, **층 ****호 (숭의동, 새힘아파트)",22164,03,폐업,기타,,,,16,1
아파트,Juensung,2024-12-26,169451.835770301,437842.053265594,출판인쇄업,출판사,2026-05-03 22:44:36,I,03,폐업,,84,,2024-12-26 16:10:45,,2022-09-02,,인천광역시 미추홀구 학익동 *** 인천학익 두산위브 ***동 ****호,CDFG1251002022000023,3510500,,"인천광역시 미추홀구 노적산로 **, ***동 ****호 (학익동, 인천학익 두산위브)",22203,03,폐업,아파트지역,,,,,
,출판사 오솔길,2025-02-27,169527.665804276,441837.065545116,출판인쇄업,출판사,2026-05-03 22:44:36,I,03,폐업,,,,2025-02-28 09:58:45,,2022-11-09,,인천광역시 미추홀구 도화동 *** 대동아파트 나동 ***호,CDFG1251002022000027,3510500,,"인천광역시 미추홀구 염전로***번길 **, 나동 ***호 (도화동, 대동아파트)",22110,03,폐업,,,,,,
,고요 이웃,2024-07-15,171960.747116733,438323.47014793,출판인쇄업,출판사,2026-05-03 22:44:36,I,03,폐업,,,,2024-07-15 13:09:11,,2022-11-16,,인천광역시 미추홀구 주안동 ****-*,CDFG1251002022000029,3510500,,인천광역시 미추홀구 인하로***번길 **-* (주안동),22230,03,폐업,,,,,,
아파트,더 로고스,2024-01-31,173043.056485841,437724.332715869,출판인쇄업,출판사,2026-05-03 22:44:39,I,03,폐업,,84,,2024-01-31 17:37:36,,2023-06-08,,인천광역시 미추홀구 관교동 **-** 동부아파트 ***동 ***호,CDFG1251002023000017,3510500,,"인천광역시 미추홀구 주승로 ***, ***동 ***호 (관교동, 동부아파트)",22241,03,폐업,아파트지역,,,,,
,아델북스,2025-11-25,172696.281461775,439139.172365615,출판인쇄업,출판사,2026-05-03 22:44:39,I,03,폐업,,,,2025-11-25 11:06:40,,2022-04-19,,인천광역시 미추홀구 주안동 ****-** 주안캐슬앤더샵에듀포레아파트,CDFG1251002023000023,3510500,,"인천광역시 미추홀구 경원대로***번길 **, ***동 ****호 (주안동, 주안캐슬앤더샵에듀포레아파트)",22147,03,폐업,,,,,,
,쌓음(stack),2024-11-12,171804.670702515,440512.414430088,출판인쇄업,출판사,2026-05-03 22:44:40,I,03,폐업,,,,2024-11-12 15:20:46,,2024-01-30,,인천광역시 미추홀구 주안동 **-* 주안프라움에스,CDFG1251002024000004,3510500,,"인천광역시 미추홀구 주염로 *, 주안프라움에스 *층 ***호 (주안동)",22129,03,폐업,,,,,,
,황보인,2025-01-23,170002.179295669,438768.534668419,출판인쇄업,출판사,2026-05-03 22:44:41,I,03,폐업,,,,2025-01-23 16:22:21,,2024-03-20,,인천광역시 미추홀구 용현동 **-**,CDFG1251002024000014,3510500,,"인천광역시 미추홀구 인하로***번길 **, 금호타운 *동 *층 ***호 (용현동)",22208,03,폐업,,,,,,
,지성소미디어,2025-10-23,169841.802918464,438537.429226138,출판인쇄업,출판사,2026-05-03 22:44:41,I,03,폐업,,,,2025-10-23 17:29:47,,2024-04-01,,인천광역시 미추홀구 용현동 **-** 남궁홈타운,CDFG1251002024000015,3510500,,"인천광역시 미추홀구 재넘이길 ***, ***동 *층 ***호 (용현동, 남궁홈타운)",22211,03,폐업,,,,,,
,오후 일곱시,2025-05-23,170409.665802934,441325.435619254,출판인쇄업,출판사,2026-05-03 22:44:41,I,03,폐업,,,,2025-05-26 14:13:57,,2024-07-10,,인천광역시 미추홀구 도화동 **** e편한세상도화 *-*단지,CDFG1251002024000027,3510500,,"인천광역시 미추홀구 숙골로**번길 **, ***동 **층 ****호 (도화동, e편한세상도화 *-*단지)",22115,03,폐업,,,,,,
,하다출판,2025-11-10,171114.521471369,440603.981725594,출판인쇄업,출판사,2026-05-03 22:44:44,I,03,폐업,,,,2025-11-10 09:56:57,,2025-10-29,,인천광역시 미추홀구 주안동 **-*** 오필리아 *차 ***호,CDFG1251002025000030,3510500,,"인천광역시 미추홀구 석정로 ***, ***호 (주안동, 오필리아 *차)",22127,03,폐업,,,,,,
사무실,인천광역시인터넷교육방송주식회사,2013-01-15,175126.717022995,446169.201205367,출판인쇄업,출판사,2026-05-03 22:43:21,I,03,폐업,,68,12,2013-03-22 10:58:47,,2009-07-01,403-911,인천광역시 부평구 청천동 *** 부평우림라이온스밸리 A동 ***호,CDFG1251002009000009,3540000,일반공업지역,"인천광역시 부평구 부평대로 ***, A동 ***호 (청천동,부평우림라이온스밸리)",,03,폐업,기타,,,032-715-7000,14,2
단독주택,도서출판 현진,2011-08-08,173267.020153391,445413.606942187,출판인쇄업,출판사,2026-05-03 22:43:21,I,03,폐업,,83.24,2,2011-08-10 15:37:00,,2010-01-07,403-832,인천광역시 부평구 산곡동 **-** 송광아트빌 A동 B**호,CDFG1251002010000001,3540000,일반주거지역,"인천광역시 부평구 산청로**번길 **-*, A동 B**호 (산곡동,송광아트빌)",,03,폐업,주택가주변,,,070-7591-0092,3,1
,조기쌤교육,2018-09-27,176707.124335974,445929.28955778,출판인쇄업,출판사,2026-05-03 22:43:26,I,03,폐업,,,,2019-02-08 11:31:55,,2010-08-05,403-909,인천광역시 부평구 삼산동 ***-* 삼산타운*단지 두산위브아파트 ***동 ***호,CDFG1251002010000013,3540000,,"인천광역시 부평구 수변로 ***, ***동 ***호 (삼산동,삼산타운*단지 두산위브아파트)",,03,폐업,,,,032-516-0340,,
,다온애드,2012-12-20,173484.768945277,440740.329956567,출판인쇄업,출판사,2026-05-03 22:43:32,I,03,폐업,,,,2013-06-11 11:32:05,,2010-11-08,403-848,인천광역시 부평구 십정동 ***-* 우일빌딩 ***호,CDFG1251002010000022,3540000,,"인천광역시 부평구 백범로 ***-* (십정동,우일빌딩 ***호)",,03,폐업,,,,032-426-7795,,
,더올림출판사,2022-02-04,,,출판인쇄업,출판사,2026-05-03 22:43:33,I,03,폐업,,,,2022-02-07 17:01:04,,2010-12-20,403-911,인천광역시 부평구 청천동 ***-* 부평우림라이온스밸리 A동 ***호,CDFG1251002010000024,3540000,,,,03,폐업,,,,,,
다세대주택,비알 에이전시(BR AGENCY),2020-09-21,173911.576477615,445512.495274444,출판인쇄업,출판사,2026-05-03 22:43:36,I,03,폐업,,37.02,4,2020-09-21 15:18:05,,2012-03-16,403-857,인천광역시 부평구 청천동 ***-*** 넥스빌 ***동 ***호,CDFG1251002012000007,3540000,준공업지역,"인천광역시 부평구 마장로***번길 **-**, ***동 ***호 (청천동, 넥스빌)",,03,폐업,주택가주변,,,032-506-8626,4,
아파트,도서출판 화평,2018-02-09,173988.21006324,444026.766104728,출판인쇄업,출판사,2026-05-03 22:43:36,I,03,폐업,,59.42,15,2018-02-09 13:11:38,,2012-04-10,403-837,인천광역시 부평구 산곡동 ***-** 프리쌍뜨아파트 ***동 ***호,CDFG1251002012000010,3540000,일반주거지역,"인천광역시 부평구 마장로***번길 **, ***동 ***호 (산곡동, 프리쌍뜨아파트)",,03,폐업,아파트지역,,,032-291-6318,16,1
아파트,룬미디어,2014-01-17,174965.817679665,444472.094212085,출판인쇄업,출판사,2026-05-03 22:43:37,I,03,폐업,,50.15,15,2014-01-17 17:27:24,,2012-06-11,403-763,인천광역시 부평구 부평동 **-** 대림아파트 **동 ****호,CDFG1251002012000012,3540000,일반주거지역,"인천광역시 부평구 부영로 ***, **동 ****호 (부평동, 대림아파트)",,03,폐업,아파트지역,,,032-525-3495,16,1
사무실,한국행정사시험정보센터,2014-07-31,175395.134217269,443358.66077951,출판인쇄업,출판사,2026-05-03 22:43:38,I,03,폐업,,39.4,15,2014-08-04 10:46:35,,2012-06-29,403-825,인천광역시 부평구 부평동 ***-** 문화드림빌 ****호,CDFG1251002012000014,3540000,일반상업지역,"인천광역시 부평구 부평대로 *, ****호 (부평동, 문화드림빌)",,03,폐업,유흥업소밀집지역,,,,17,2
아파트,이코드,2015-09-01,176583.856897483,444909.738888042,출판인쇄업,출판사,2026-05-03 22:43:40,I,03,폐업,,39.48,1,2015-09-01 17:45:08,,2013-01-21,403-726,인천광역시 부평구 부개동 ***-* 뉴서울아파트 *동 ***호,CDFG1251002013000003,3540000,주거지역,인천광역시 부평구 충선로 *** (부개동),,03,폐업,아파트지역,,,,,1
근린생활시설,미래이룸,2014-07-28,173837.197767988,443235.93667907,출판인쇄업,출판사,2026-05-03 22:43:42,I,03,폐업,,93.12,3,2014-07-28 17:34:41,,2013-05-22,403-840,인천광역시 부평구 산곡동 ***-*** *층,CDFG1251002013000013,3540000,일반주거지역,인천광역시 부평구 마장로 *** (산곡동),,03,폐업,기타,,,032-205-3699,4,1
,대각성,2018-01-31,175920.062437976,443116.263351063,출판인쇄업,출판사,2026-05-03 22:43:43,I,03,폐업,,,3,2018-01-31 13:50:05,,2011-04-05,403-819,인천광역시 부평구 부평동 ***-* 더원레뷰 *동 ***호,CDFG1251002013000020,3540000,,인천광역시 부평구 광장로**번길 ** (부평동),,03,폐업,,,,,,
,도서출판 하늘,2019-09-19,173635.231487471,443147.918015673,출판인쇄업,출판사,2026-05-03 22:43:43,I,03,폐업,,,,2019-10-28 19:53:25,,2013-05-15,,인천광역시 부평구 산곡동 ***-***,CDFG1251002013000024,3540000,,"인천광역시 부평구 화랑로**번길 **, *층 (산곡동)",21374,03,폐업,,,,032-322-5885,,
근린생활시설,이지북스,2017-01-12,173786.970667674,441718.355563765,출판인쇄업,출판사,2026-05-03 22:43:43,I,03,폐업,,59.8,11,2017-01-12 16:28:58,,2014-01-17,403-759,인천광역시 부평구 십정동 *** 동암신동아아파트 ***동 ****호,CDFG1251002014000003,3540000,일반주거지역,인천광역시 부평구 아트센터로 *** (십정동),,03,폐업,기타,,,,11,
,엘에프팩토리(LF Factory),2019-10-04,175362.743527272,444864.647164333,출판인쇄업,출판사,2026-05-03 22:43:44,I,03,폐업,,,,2019-12-06 09:44:40,,2014-06-09,403-826,인천광역시 부평구 부평동 ***-**,CDFG1251002014000018,3540000,,"인천광역시 부평구 신트리로*번길 **, ***호 (부평동, 마이홈)",,03,폐업,,,,,,
단독주택,(주)가우스미디어,2024-03-14,174105.570634628,446702.356925597,출판인쇄업,출판사,2026-05-03 22:43:45,I,03,폐업,,61.5,1,2024-03-14 16:32:11,,2012-01-20,403-858,인천광역시 부평구 청천동 ***-**,CDFG1251002014000021,3540000,,인천광역시 부평구 평천로***번길 ** (청천동),,03,폐업,주택가주변,,,,1,
,만경출판사,2024-01-25,177166.157429541,445479.155664019,출판인쇄업,출판사,2026-05-03 22:43:46,I,03,폐업,,,,2024-01-25 15:38:34,,2014-09-23,403-866,인천광역시 부평구 삼산동 ***-*,CDFG1251002014000027,3540000,,"인천광역시 부평구 체육관로 ***, ***동 *층 ***호 (삼산동)",,03,폐업,,,,,,
,와이즈이닛,2020-12-16,174052.737643228,444449.312786997,출판인쇄업,출판사,2026-05-03 22:43:48,I,03,폐업,,,,2020-12-16 13:15:09,,2014-11-11,403-836,인천광역시 부평구 산곡동 ***-*,CDFG1251002014000032,3540000,,인천광역시 부평구 마장로***번길 ** (산곡동),,03,폐업,,,,032-525-2017,,
,도서출판 사회과학,2017-10-26,173966.884666666,443455.119333333,출판인쇄업,출판사,2026-05-03 22:43:48,I,03,폐업,,,,2018-01-30 14:05:53,,2014-05-08,403-839,인천광역시 부평구 산곡동 ***-***,CDFG1251002014000035,3540000,,"인천광역시 부평구 안남로 **, ***동 ****호 (산곡동)",,03,폐업,,,,,,
,도서출판 일월선사,2018-09-05,176955.548251521,446212.765366885,출판인쇄업,출판사,2026-05-03 22:43:49,I,03,폐업,,,,2019-02-08 11:34:07,,2014-12-30,403-862,인천광역시 부평구 삼산동 *** ***동 ***호,CDFG1251002014000038,3540000,,"인천광역시 부평구 평천로 ***, ***동 ***호 (삼산동)",,03,폐업,,,,,,
,들꽃영화상,2016-01-20,173823.467762646,444234.594012174,출판인쇄업,출판사,2026-05-03 22:43:49,I,03,폐업,,,,2016-01-20 15:41:32,,2015-03-05,403-837,인천광역시 부평구 산곡동 ***-*,CDFG1251002015000004,3540000,,"인천광역시 부평구 부흥로***번길 **, ***동 ****호 (산곡동)",,03,폐업,,,,,,
,에듀과학실험,2017-03-29,175310.218498474,443808.389823508,출판인쇄업,출판사,2026-05-03 22:43:54,I,03,폐업,,,,2018-01-30 13:18:27,,2015-12-07,,인천광역시 부평구 부평동 ***-** 해오름아파트 ***호,CDFG1251002015000026,3540000,,"인천광역시 부평구 부평문화로**번길 **-*, ***호 (부평동, 해오름아파트)",21388,03,폐업,,,,,,
,오은문학사,2016-04-27,175395.134217269,443358.66077951,출판인쇄업,출판사,2026-05-03 22:43:54,I,03,폐업,,,,2016-04-29 09:10:40,,2015-12-15,,인천광역시 부평구 부평동 ***-** ***호,CDFG1251002015000030,3540000,,"인천광역시 부평구 부평대로 *, ***호 (부평동, 문화드림빌)",21389,03,폐업,,,,,,
,디자인꼼,2024-12-31,174109.184539612,442356.111148905,출판인쇄업,출판사,2026-05-03 22:43:55,I,03,폐업,,,,2025-03-24 10:48:27,,2016-04-01,,인천광역시 부평구 십정동 ***-** 대주상가 ***동 ***호,CDFG1251002016000009,3540000,,"인천광역시 부평구 마장로 **, ***동 ***호 (십정동)",21433,03,폐업,,,,032-427-9496,,
,(사) 녹색사랑실천협회,2016-11-18,176023.13776561,442924.6514284,출판인쇄업,출판사,2026-05-03 22:43:55,I,03,폐업,,,,2016-11-18 14:48:36,,2016-04-05,,인천광역시 부평구 부평동 ***,CDFG1251002016000010,3540000,,"인천광역시 부평구 장제로 **, ***호 (부평동, 동일빌딩)",21414,03,폐업,,,,032-517-1397,,
,TNT 미디어,2024-07-17,176281.639000864,443977.013573259,출판인쇄업,출판사,2026-05-03 22:43:55,I,03,폐업,,,,2024-07-17 14:18:57,,2016-06-10,,인천광역시 부평구 부평동 ***-**,CDFG1251002016000015,3540000,,인천광역시 부평구 부흥로***번길 * (부평동),21397,03,폐업,,,,,,
,라이프엔진,2018-01-30,176079.646847546,444247.476746099,출판인쇄업,출판사,2026-05-03 22:43:56,I,03,폐업,,,,2018-03-20 15:15:23,,2016-07-21,,인천광역시 부평구 부평동 ***-** ****호,CDFG1251002016000019,3540000,,"인천광역시 부평구 장제로 ***, ****호 (부평동, 카리스뷰*차)",21360,03,폐업,,,,,,
,예스비비,2021-11-18,176881.872908278,445450.366357265,출판인쇄업,출판사,2026-05-03 22:43:59,I,03,폐업,,,,2021-11-18 15:43:35,,2016-10-13,,인천광역시 부평구 삼산동 ***-* 행복한마을서해그랑블 ***동 ****호,CDFG1251002016000027,3540000,주거지역,"인천광역시 부평구 굴포로 ***, ***동 ****호 (삼산동, 행복한마을서해그랑블)",21341,03,폐업,,,,,,
,에스엠코리아,2023-03-28,172357.024171475,446489.055480717,출판인쇄업,출판사,2026-05-03 22:44:00,I,03,폐업,,,,2023-03-29 09:00:23,,2016-11-24,,인천광역시 부평구 청천동 **-**,CDFG1251002016000029,3540000,,인천광역시 부평구 서달로***번길 ** (청천동),21300,03,폐업,,,,,,
,도서출판 무명재,2022-01-25,173821.699842873,444600.260449152,출판인쇄업,출판사,2026-05-03 22:44:01,I,03,폐업,,,,2022-01-25 15:47:44,,2017-02-02,,인천광역시 부평구 산곡동 *** 금호이수마운트밸리 ***동 ****호,CDFG1251002017000006,3540000,,"인천광역시 부평구 원적로 ***, ***동 ****호 (산곡동, 금호이수마운트밸리)",21376,03,폐업,,,,,,
,도서출판 좋은님,2018-09-21,176585.320893159,443210.541798086,출판인쇄업,출판사,2026-05-03 22:44:03,I,03,폐업,,,,2019-02-08 11:32:51,,2017-05-16,,인천광역시 부평구 부개동 ***-***,CDFG1251002017000019,3540000,,"인천광역시 부평구 부일로 **, ***동 ****호 (부개동, 부개역푸르지오)",21401,03,폐업,,,,,,
,미술로 팡팡,2020-04-06,174035.018924992,445043.608510667,출판인쇄업,출판사,2026-05-03 22:44:05,I,03,폐업,,,,2020-04-06 17:50:22,,2017-07-26,,인천광역시 부평구 산곡동 *** 부평산곡푸르지오아파트,CDFG1251002017000023,3540000,,"인천광역시 부평구 안남로 ***, ***동 ***호 (산곡동, 부평산곡푸르지오아파트)",21361,03,폐업,,,,,,
,스크린스타,2018-12-19,175162.150439746,443305.69946926,출판인쇄업,출판사,2026-05-03 22:44:05,I,03,폐업,,,,2019-02-08 11:27:52,,2017-08-24,,,CDFG1251002017000026,3540000,,인천광역시 부평구 경원대로****번길 *-** (부평동),21389,03,폐업,,,,,,
,청풍,2018-05-28,177296.162725635,442334.342586081,출판인쇄업,출판사,2026-05-03 22:44:05,I,03,폐업,,,,2018-05-28 15:25:35,,2017-10-30,,인천광역시 부평구 일신동 *** 풍림아파트,CDFG1251002017000028,3540000,,"인천광역시 부평구 일신로**번길 **, ***동 ***호 (일신동, 풍림아파트)",21422,03,폐업,,,,,,
,도서출판 책통,2018-06-07,174135.560622332,443432.720533656,출판인쇄업,출판사,2026-05-03 22:44:05,I,03,폐업,,,,2018-06-07 16:28:22,,2017-10-30,,인천광역시 부평구 산곡동 ***-*** 현대아파트,CDFG1251002017000030,3540000,,"인천광역시 부평구 안남로 **, ***동 ****호 (산곡동, 현대아파트)",21381,03,폐업,,,,,,
,다올북스,2019-02-08,175126.717022995,446169.201205367,출판인쇄업,출판사,2026-05-03 22:44:05,I,03,폐업,,,,2019-02-08 11:25:52,,2017-11-06,,인천광역시 부평구 청천동 *** 부평우림라이온스밸리,CDFG1251002017000031,3540000,,"인천광역시 부평구 부평대로 ***, 부평우림라이온스밸리 A동 B***-**호 (청천동)",21315,03,폐업,,,,,,
,맘스드림,2023-03-31,176120.4166755,446691.465131122,출판인쇄업,출판사,2026-05-03 22:44:05,I,03,폐업,,,,2023-04-03 13:26:07,,2017-12-11,,인천광역시 부평구 갈산동 *** 갈산동 대성유니드아파트,CDFG1251002017000034,3540000,,"인천광역시 부평구 새갈로 **, ***동 ****호 (갈산동, 갈산동 대성유니드아파트)",21317,03,폐업,,,,,,
,희설,2018-11-23,175078.134825746,442445.554212108,출판인쇄업,출판사,2026-05-03 22:44:05,I,03,폐업,,,,2019-02-08 11:29:08,,2017-12-19,,인천광역시 부평구 부평동 ***-*** 삼능그린빌,CDFG1251002017000035,3540000,,"인천광역시 부평구 경인로***번길 **, *동 B**호 (부평동, 삼능그린빌)",21429,03,폐업,,,,,,
,하나둘,2020-11-19,177117.282608159,443300.800495405,출판인쇄업,출판사,2026-05-03 22:44:07,I,03,폐업,,,,2020-11-20 08:55:11,,2018-05-24,,인천광역시 부평구 부개동 ***-*,CDFG1251002018000012,3540000,,인천광역시 부평구 부일로***번길 ** (부개동),21402,03,폐업,,,,,,
,글.소리,2019-10-21,175760.637222882,442715.29771109,출판인쇄업,출판사,2026-05-03 22:44:08,I,03,폐업,,59.74,,2020-06-22 11:18:57,,2018-12-17,,인천광역시 부평구 부평동 ***-* 균정타운 ***호,CDFG1251002018000030,3540000,,"인천광역시 부평구 경인로***번길 **-*, ***호 (부평동, 균정타운)",21425,03,폐업,,,,,,
,도서출판 프레임,2024-05-23,174069.677661288,443147.059788965,출판인쇄업,출판사,2026-05-03 22:44:08,I,03,폐업,,,,2024-05-23 13:24:06,,2018-05-21,,인천광역시 부평구 산곡동 *** 현대아파트,CDFG1251002018000031,3540000,,"인천광역시 부평구 경원대로 ****, ***동 ***호 (산곡동, 현대아파트)",21384,03,폐업,,,,,,
,도서출판 청심당,2007-10-16,176661.541099363,442548.141521202,출판인쇄업,출판사,2026-05-03 22:42:37,I,03,폐업,,,,2008-01-16 15:33:38,,1989-09-21,403-810,인천광역시 부평구 부개동 ***-*,CDFG1251001989000001,3540000,,인천광역시 부평구 동수로***번길 **  (부개동),,03,폐업,,,,,,
근린생활시설,예스컬리너교육연구소,2022-12-19,176579.988879996,442725.339394428,출판인쇄업,출판사,2026-05-03 22:42:40,I,03,폐업,,164.62,,2022-12-19 16:07:54,,1994-06-16,403-810,인천광역시 부평구 부개동 ***-*,CDFG1251001994000002,3540000,,인천광역시 부평구 경인로****번길 **  (부개동),,03,폐업,,,,,2,
,한국제일영재교육원,2018-09-27,175759.639579751,446243.40697042,출판인쇄업,출판사,2026-05-03 22:42:41,I,03,폐업,,,,2019-02-08 11:30:50,,1997-06-26,403-801,인천광역시 부평구 갈산동 ***-**,CDFG1251001997000001,3540000,,인천광역시 부평구 평천로 *** (갈산동),,03,폐업,,,,032-512-9258,,
,세계기독교문화원,2013-03-27,173606.946362948,445926.504512924,출판인쇄업,출판사,2026-05-03 22:42:42,I,03,폐업,,,,2013-03-28 10:19:48,,1999-06-12,403-855,인천광역시 부평구 청천동 **-*,CDFG1251001999000002,3540000,,인천광역시 부평구 산청로 ** (청천동),,03,폐업,,,,,,
,부평문학,2017-02-06,173589.089543315,443216.150594782,출판인쇄업,출판사,2026-05-03 22:42:44,I,03,폐업,,,,2018-01-30 12:42:18,,1999-11-13,403-840,인천광역시 부평구 산곡동 ***-***,CDFG1251001999000003,3540000,,인천광역시 부평구 화랑로**번길 ** (산곡동),,03,폐업,,,,,,
,일각서림,2006-03-08,176179.018755739,442837.605638836,출판인쇄업,출판사,2026-05-03 22:42:45,I,03,폐업,,,,2014-09-18 14:09:12,,1999-11-29,403-827,인천광역시 부평구 부평동 ***-** A동 ***호,CDFG1251001999000004,3540000,,"인천광역시 부평구 경인로***번길 *-**, A동 ***호 (부평동)",,03,폐업,,,,,,
,도서출판I.C.E.M,2011-04-11,171255.73618742,440307.672194919,출판인쇄업,출판사,2026-05-03 22:42:49,I,03,폐업,,,,2011-04-11 16:41:24,,1995-09-26,402-839,인천광역시 미추홀구 주안동 ***-**,CDFG1251001995000002,3510500,,인천광역시 미추홀구 주안로 **  (주안동),,03,폐업,,,,,,
,BS 출판사,2004-01-28,171582.169786881,439086.404375573,출판인쇄업,출판사,2026-05-03 22:42:51,I,03,폐업,,,,2006-10-20 14:45:32,,1998-05-07,402-857,인천광역시 미추홀구 주안동 ****-**,CDFG1251001998000002,3510500,,인천광역시 미추홀구 미추홀대로 ***  (주안동),,03,폐업,,,,,,
,마젤란출판사,2005-12-09,171774.061275602,440213.743560844,출판인쇄업,출판사,2026-05-03 22:42:53,I,03,폐업,,,,2005-12-09 11:38:51,,1998-10-23,402-835,인천광역시 미추홀구 주안동 ***-* 경향프라자 ***,CDFG1251001998000005,3510500,,"인천광역시 미추홀구 주안로 ***  (주안동,경향프라자 ***)",,03,폐업,,,,,,
,도서출판기초공사,2007-03-28,,,출판인쇄업,출판사,2026-05-03 22:42:56,I,03,폐업,,,,2007-04-16 10:12:43,,1999-03-23,402-835,인천광역시 미추홀구 주안동 ***-**,CDFG1251001999000001,3510500,,,,03,폐업,,,,,,
,도서출판 여울,2013-08-26,169596.167499504,438840.950793855,출판인쇄업,출판사,2026-05-03 22:42:56,I,03,폐업,,,,2013-08-26 16:34:09,,1999-06-28,402-825,인천광역시 미추홀구 용현동 ***-**,CDFG1251001999000002,3510500,,인천광역시 미추홀구 인하로 **  (용현동),,03,폐업,,,,,,
,도서출판 미추,2011-01-21,169778.792351698,439085.792168281,출판인쇄업,출판사,2026-05-03 22:43:01,I,03,폐업,,,,2012-11-28 15:01:56,,2001-08-06,402-822,인천광역시 미추홀구 용현동 ***-**,CDFG1251002001000004,3510500,,인천광역시 미추홀구 인하로**번길 **  (용현동),,03,폐업,,,,,,
,도서출판 새벽마당,2009-09-09,169778.792351698,439085.792168281,출판인쇄업,출판사,2026-05-03 22:43:01,I,03,폐업,,,,2009-09-10 11:24:11,,2001-10-25,402-822,인천광역시 미추홀구 용현동 ***-**,CDFG1251002001000005,3510500,,인천광역시 미추홀구 인하로**번길 **  (용현동),,03,폐업,,,,,,
,도서출판 예일,2024-03-04,169449.180463861,440540.293043098,출판인쇄업,출판사,2026-05-03 22:43:01,I,03,폐업,,,,2024-03-04 17:33:37,,2001-11-14,402-813,인천광역시 미추홀구 숭의동 **-*,CDFG1251002001000006,3510500,,인천광역시 미추홀구 경인로 ***  (숭의동),,03,폐업,,,,,,
,솔루션 라인,2007-11-07,,,출판인쇄업,출판사,2026-05-03 22:43:02,I,03,폐업,,,,2007-11-07 17:35:20,,2001-12-14,402-200,인천광역시 미추홀구 주안동 시범공단 ***,CDFG1251002001000008,3510500,,,,03,폐업,,,,,,
,블루칩,2006-01-31,171454.600944859,439787.867540136,출판인쇄업,출판사,2026-05-03 22:43:02,I,03,폐업,,,,2006-01-31 16:24:59,,2001-10-30,402-835,인천광역시 미추홀구 주안동 ***-**,CDFG1251002001000009,3510500,,인천광역시 미추홀구 미추홀대로***번길 **  (주안동),,03,폐업,,,,,,
,미디어이즈,2008-09-30,,,출판인쇄업,출판사,2026-05-03 22:43:02,I,03,폐업,,,,2008-10-01 13:55:47,,2002-01-07,402-200,인천광역시 미추홀구 주안동 ****-*,CDFG1251002002000001,3510500,,,,03,폐업,,,,,,
근린생활시설,목동출판사,2012-11-08,169101.163993139,440598.568202705,출판인쇄업,출판사,2026-05-03 22:43:05,I,03,폐업,,,2,2012-11-08 10:09:55,,2003-07-22,402-813,인천광역시 미추홀구 숭의동 **-*,CDFG1251002003000007,3510500,일반주거지역,,,03,폐업,기타,,,,3,1
종교시설,샬롬문화사,2022-02-03,171073.28273205,438615.81811198,출판인쇄업,출판사,2026-05-03 22:43:09,I,03,폐업,,16.5,4,2022-02-03 13:26:45,,2003-12-03,402-856,인천광역시 미추홀구 주안동 ****-** 신광교회(*층),CDFG1251002003000012,3510500,준주거지역,"인천광역시 미추홀구 미추홀대로***번길 ***  (주안동,신광교회(*층))",,03,폐업,기타,,,,5,1
,(주)인천예총문화사업단,2007-01-23,170048.859682189,439984.879733747,출판인쇄업,출판사,2026-05-03 22:43:09,I,03,폐업,,,,2007-01-25 13:48:54,,2003-03-08,402-812,인천광역시 미추홀구 숭의동 *-* 인천문화회관*층,CDFG1251002003000015,3510500,,"인천광역시 미추홀구 수봉안길 **  (숭의동,인천문화회관*층)",,03,폐업,,,,,,
,참조은글,2004-06-07,171702.029450334,438936.197902994,출판인쇄업,출판사,2026-05-03 22:43:10,I,03,폐업,,,,2004-06-07 11:32:52,,2004-01-06,402-859,인천광역시 미추홀구 주안동 ****-* ***호,CDFG1251002004000001,3510500,,"인천광역시 미추홀구 미추홀대로***번길 **  (주안동,***호)",,03,폐업,,,,,,
근린생활시설,(주)써머스매거진,2004-12-21,171253.751346299,440253.519918292,출판인쇄업,출판사,2026-05-03 22:43:10,I,03,폐업,,165,,2004-12-21 10:45:21,,2004-03-18,402-839,인천광역시 미추홀구 주안동 ***-* 한남빌딩 ***호,CDFG1251002004000006,3510500,,,,03,폐업,,,,,,
근린생활시설,새로운 사람들,2008-04-11,168629.562268385,440345.8441823,출판인쇄업,출판사,2026-05-03 22:43:15,I,03,폐업,,267.5,,2008-04-15 14:11:40,,2004-12-16,402-816,인천광역시 미추홀구 숭의동 ***-*,CDFG1251002004000016,3510500,,인천광역시 미추홀구 미추로 **  (숭의동),,03,폐업,,,,032-891-6016,5,
근린생활시설,청림출판,2023-12-29,169732.152515276,440676.123745216,출판인쇄업,출판사,2026-05-03 22:43:16,I,03,폐업,,,,2023-12-29 14:54:17,,2005-01-04,402-806,인천광역시 미추홀구 도화동 **-**,CDFG1251002005000001,3510500,,인천광역시 미추홀구 석정로 ***  (도화동),,03,폐업,,,,,,
,032디자인,2008-03-24,169062.279674273,440398.107004793,출판인쇄업,출판사,2026-05-03 22:43:16,I,03,폐업,,,,2008-03-24 14:15:15,,2005-01-10,402-812,인천광역시 미추홀구 숭의동 ***-**,CDFG1251002005000002,3510500,,인천광역시 미추홀구 경인로 **  (숭의동),,03,폐업,,,,032-888-8032,,
,도서출판 리토피아,2006-06-15,169068.597188148,440448.171693141,출판인쇄업,출판사,2026-05-03 22:43:16,I,03,폐업,,,,2006-06-15 16:59:41,,2005-01-19,402-814,인천광역시 미추홀구 숭의동 ***-*,CDFG1251002005000004,3510500,,인천광역시 미추홀구 경인로 **  (숭의동),,03,폐업,,,,032-883-5356,,
,제일출판인쇄,2017-04-07,169623.479577004,438838.603484787,출판인쇄업,출판사,2026-05-03 22:43:17,I,03,폐업,,,,2017-04-07 17:56:28,,2005-02-04,402-825,인천광역시 미추홀구 용현동 ***-**,CDFG1251002005000005,3510500,,인천광역시 미추홀구 인하로 **-* (용현동),,03,폐업,,,,032-864-1165,,
,블루칩,2007-01-03,169266.705328666,438699.027984623,출판인쇄업,출판사,2026-05-03 22:43:17,I,03,폐업,,,,2007-01-10 10:49:56,,2005-04-07,402-751,인천광역시 미추홀구 용현동 *** 인하대학교 *호관 ***-*호,CDFG1251002005000007,3510500,,"인천광역시 미추홀구 인하로 ***  (용현동,인하대학교 *호관 ***-*호)",,03,폐업,,,,,,
,글소리,2008-11-10,168763.04203695,439801.343047877,출판인쇄업,출판사,2026-05-03 22:43:20,I,03,폐업,,,,2008-11-11 09:05:42,,2005-11-28,402-010,인천광역시 미추홀구 숭의동 ***-* ***호,CDFG1251002005000016,3510500,,,,03,폐업,,,,,,
근린생활시설,인천어린이박물관,2018-12-31,172576.611809597,437142.079770801,출판인쇄업,출판사,2026-05-03 22:43:20,I,03,폐업,,,,2019-03-15 15:10:33,,2006-03-15,402-799,인천광역시 미추홀구 문학동 *** 문학경기장내,CDFG1251002006000004,3510500,상업지역,"인천광역시 미추홀구 매소홀로 *** (문학동,문학경기장내)",,03,폐업,기타,,,032-432-5600,,
,학산문학사,2011-05-17,170048.859682189,439984.879733747,출판인쇄업,출판사,2026-05-03 22:43:20,I,03,폐업,,,,2011-07-27 16:26:37,,2006-03-21,402-812,인천광역시 미추홀구 숭의동 *-*,CDFG1251002006000005,3510500,녹지지역,인천광역시 미추홀구 수봉안길 **  (숭의동),,03,폐업,기타,,,032-863-1797,,
,꿈의학교,2010-12-16,171381.138966698,440491.958201089,출판인쇄업,출판사,2026-05-03 22:43:21,I,03,폐업,,,,2010-12-16 10:25:37,,2006-06-05,402-836,인천광역시 미추홀구 주안동 **-** 상가주택*층***호,CDFG1251002006000010,3510500,,"인천광역시 미추홀구 석정로***번길 **  (주안동,상가주택*층***호)",,03,폐업,,,,,,
,에이텍디자인,2009-01-07,170424.900395728,440539.495296499,출판인쇄업,출판사,2026-05-03 22:43:21,I,03,폐업,,,,2009-01-07 15:34:20,,2006-06-23,402-806,인천광역시 미추홀구 도화동 **-**,CDFG1251002006000013,3510500,,인천광역시 미추홀구 숙골로 **  (도화동),,03,폐업,,,,,,
,한 디자인,2015-12-28,169700.703240344,438819.122288426,출판인쇄업,출판사,2026-05-03 22:43:21,I,03,폐업,,,,2015-12-29 16:01:51,,2006-09-21,402-825,인천광역시 미추홀구 용현동 ***-*,CDFG1251002006000016,3510500,,인천광역시 미추홀구 인하로**번길 *-** (용현동),,03,폐업,,,,032-862-7869,,
,(주)인천신문,2007-09-18,172442.030678114,439035.183761717,출판인쇄업,출판사,2026-05-03 22:43:22,I,03,폐업,,,,2007-09-18 16:51:05,,2007-01-12,402-859,인천광역시 미추홀구 주안동 ****-** 정도빌딩,CDFG1251002007000001,3510500,,"인천광역시 미추홀구 경원대로 ***-*  (주안동,정도빌딩)",,03,폐업,,,,032-451-4511,,
,다윗의 노래,2025-08-11,172297.752423407,438218.631933207,출판인쇄업,출판사,2026-05-03 22:43:24,I,03,폐업,,,,2025-08-11 15:23:31,,2007-03-20,,인천광역시 미추홀구 관교동 ***-** 공신빌라 가동 B**호,CDFG1251002007000006,3510500,,"인천광역시 미추홀구 주승로 ***-*, 가동 B**호 (관교동, 공신빌라)",22229,03,폐업,,,,0505-267-0691,,
,협신종합인쇄,2009-02-02,172766.663459583,439618.597078294,출판인쇄업,출판사,2026-05-03 22:43:26,I,03,폐업,,,,2009-02-03 18:53:23,,2007-05-03,402-848,인천광역시 미추홀구 주안동 ****-**,CDFG1251002007000010,3510500,,인천광역시 미추홀구 구월로**번길 **  (주안동),,03,폐업,,,,032-428-3653,,
,도서출판 여명,2015-10-13,172414.602471658,439896.088853316,출판인쇄업,출판사,2026-05-03 22:43:26,I,03,폐업,,,,2015-10-13 10:53:02,,2007-05-07,402-848,인천광역시 미추홀구 주안동 ***-*,CDFG1251002007000011,3510500,,인천광역시 미추홀구 경원대로***번길 * (주안동),,03,폐업,,,,032-426-2111,,
,두디스,2008-01-16,172083.096263809,440374.633514572,출판인쇄업,출판사,2026-05-03 22:43:27,I,03,폐업,,,,2008-01-16 17:29:06,,2007-05-18,402-836,인천광역시 미추홀구 주안동 **-*,CDFG1251002007000013,3510500,,인천광역시 미추홀구 염창로 ***  (주안동),,03,폐업,,,,,,
,모닝기획,2011-04-12,167963.14610302,439954.153371453,출판인쇄업,출판사,2026-05-03 22:43:33,I,03,폐업,,,,2011-04-12 11:15:16,,2008-03-06,402-816,인천광역시 미추홀구 숭의동 ***-**,CDFG1251002008000002,3510500,,,,03,폐업,,,,,,
근린생활시설,씨제이에스교육센터(주),2024-01-19,171243.398318118,437478.762335575,출판인쇄업,출판사,2026-05-03 22:43:35,I,03,폐업,,87.69,3,2024-01-19 13:31:54,,2009-04-20,,인천광역시 미추홀구 학익동 ***-* *층,CDFG1251002009000007,3510500,일반주거지역,"인천광역시 미추홀구 매소홀로***번길 *-**, *층 (학익동)",22223,03,폐업,아파트지역,,,,4,1
,HD센터코리아,2016-02-03,170560.798827806,440325.53291132,출판인쇄업,출판사,2026-05-03 22:43:35,I,03,폐업,,,,2016-02-03 14:23:27,,2009-08-11,,인천광역시 미추홀구 도화동 ***-* 인천IT타워 ****호,CDFG1251002009000012,3510500,,"인천광역시 미추홀구 경인로 ***, ****호 (도화동, 인천IT타워)",22106,03,폐업,,,,070-8611-9990,,
근린생활시설,도서출판 상원,2021-07-22,,,출판인쇄업,출판사,2026-05-03 22:43:35,I,03,폐업,,191.36,1,2021-07-22 10:55:59,,2007-09-03,402-836,인천광역시 미추홀구 주안동 **-*** 삼미하우스 *동 ***호,CDFG1251002009000014,3510500,자연녹지지역,"인천광역시 미추홀구 석정로***번길 *-*, *동 ***호 (주안동,삼미하우스)",,03,폐업,기타,,,032-874-9373,1,
,한연구원,2012-12-11,170675.265577101,440568.595481222,출판인쇄업,출판사,2026-05-03 22:43:36,I,03,폐업,,,,2012-12-12 09:23:19,,2009-09-03,402-727,인천광역시 미추홀구 도화동 ***-* 신태양아파트 가동 ***호,CDFG1251002009000015,3510500,,"인천광역시 미추홀구 석정로***번길 **, 가동 ***호 (도화동,신태양아파트)",,03,폐업,,,,070-7757-3338,,
,도서출판 히스토리아,2012-04-20,172078.491517068,438996.791611881,출판인쇄업,출판사,2026-05-03 22:43:36,I,03,폐업,,,,2012-04-20 11:35:15,,2009-12-02,402-859,인천광역시 미추홀구 주안동 ****-**,CDFG1251002009000018,3510500,,인천광역시 미추홀구 경원대로***번길 **-*  (주안동),,03,폐업,,,,,,
,동원P&D,2010-01-21,169287.085740384,442020.87556535,출판인쇄업,출판사,2026-05-03 22:43:37,I,03,폐업,,,,2010-01-21 14:26:50,,2009-12-22,402-060,인천광역시 미추홀구 도화동 *** 테크노텔 ***호,CDFG1251002009000021,3510500,,"인천광역시 미추홀구 봉수대로 **,  ***호 (도화동,테크노텔)",,03,폐업,,,,,,
,드림프린팅,2022-02-14,169287.085740384,442020.87556535,출판인쇄업,출판사,2026-05-03 22:43:38,I,03,폐업,,1443,,2022-02-14 14:06:52,,2010-01-21,402-060,인천광역시 미추홀구 도화동 *** 동인천테크노텔 ***호,CDFG1251002010000003,3510500,준공업지역,"인천광역시 미추홀구 봉수대로 **,  ***호 (도화동,동인천테크노텔)",,03,폐업,,,,,5,
,본향출판사,2013-05-06,171287.537057214,439152.754218467,출판인쇄업,출판사,2026-05-03 22:43:39,I,03,폐업,,,,2013-05-06 14:18:42,,1995-06-23,402-844,인천광역시 미추홀구 주안동 ***-**,CDFG1251002010000009,3510500,,인천광역시 미추홀구 남주길***번길 *  (주안동),,03,폐업,,,,,,
근린생활시설,토크랜드,2012-03-15,172539.545092726,438160.824692257,출판인쇄업,출판사,2026-05-03 22:43:40,I,03,폐업,,27.28,3,2012-03-15 15:12:43,,2010-06-10,402-080,인천광역시 미추홀구 관교동 ***-*,CDFG1251002010000011,3510500,일반주거지역,인천광역시 미추홀구 주승로 ***-**  (관교동),,03,폐업,,,,,3,1
사무실,(주)말이나그림언미디어,2011-05-18,171517.436587551,438893.697725193,출판인쇄업,출판사,2026-05-03 22:43:40,I,03,폐업,,66,5,2012-01-26 10:33:18,,2010-07-02,402-857,인천광역시 미추홀구 주안동 ****-**,CDFG1251002010000013,3510500,일반주거지역,,,03,폐업,,,,,7,
사무실,(주)펀섬,2011-02-17,171754.747007861,439902.626081898,출판인쇄업,출판사,2026-05-03 22:43:41,I,03,폐업,,174.96,9,2012-11-28 15:00:32,,2010-07-16,402-835,인천광역시 미추홀구 주안동 ***-* 남구문화콘텐츠산업지원센터 ***호,CDFG1251002010000017,3510500,일반상업지역,"인천광역시 미추홀구 석바위로 **,  ***호 (주안동,남구문화콘텐츠산업지원센터)",,03,폐업,,,,070-8242-4345,10,2
근린생활시설,예영사,2020-01-31,168648.665855295,440712.106253583,출판인쇄업,출판사,2026-05-03 22:43:41,I,03,폐업,,344.34,1,2020-01-31 16:04:53,,2010-08-10,402-013,인천광역시 미추홀구 숭의동 ***-*,CDFG1251002010000018,3510500,중심상업지역,인천광역시 미추홀구 석정로 **  (숭의동),,03,폐업,,,,,2,1
기타,(주)아트센터 인스티튜트,2012-01-27,171754.747007861,439902.626081898,출판인쇄업,출판사,2026-05-03 22:43:42,I,03,폐업,,240.2,4,2012-01-27 09:40:00,,2010-08-24,402-835,인천광역시 미추홀구 주안동 ***-* 남구문화콘텐츠산업지원센터 *층,CDFG1251002010000019,3510500,일반상업지역,"인천광역시 미추홀구 석바위로 **  (주안동,남구문화콘텐츠산업지원센터 *층)",,03,폐업,,,,,10,2
,LIMP,2011-03-07,168778.253236938,437057.91618096,출판인쇄업,출판사,2026-05-03 22:43:42,I,03,폐업,,46.5,1,2011-03-07 18:05:45,,2010-08-26,402-865,인천광역시 미추홀구 학익동 ***-*,CDFG1251002010000021,3510500,,,,03,폐업,,,,,1,
교육연구시설,국제성서박물관,2015-01-22,171541.505703897,439750.353192484,출판인쇄업,출판사,2026-05-03 22:43:42,I,03,폐업,,35,4,2015-01-22 16:43:53,,2010-10-01,402-835,인천광역시 미추홀구 주안동 ***-* *층,CDFG1251002010000023,3510500,일반상업지역,"인천광역시 미추홀구 경인로***번길 ** (주안동,*층)",,03,폐업,,,,,5,
단독주택,도서출판 열린하늘,2017-02-03,170914.619332989,439433.001223159,출판인쇄업,출판사,2026-05-03 22:43:42,I,03,폐업,,79.95,1,2017-02-03 13:22:26,,2010-10-11,402-844,인천광역시 미추홀구 주안동 ***-**,CDFG1251002010000025,3510500,,인천광역시 미추홀구 남주길**번길 **-* (주안동),,03,폐업,,,,,1,1
아파트,에코북,2012-03-29,170838.054444162,437690.127289096,출판인쇄업,출판사,2026-05-03 22:43:43,I,03,폐업,,49.03,2,2012-03-29 10:02:57,,2010-11-19,402-779,인천광역시 미추홀구 학익동 ***-* 신동아아파트 *동 ***호,CDFG1251002010000027,3510500,,"인천광역시 미추홀구 소성로 ***  (학익동,신동아아파트 *동 ***호)",,03,폐업,,,,,,
다세대주택,일월역학문화출판사,2011-03-11,169097.393383058,440358.833957904,출판인쇄업,출판사,2026-05-03 22:43:43,I,03,폐업,,46.89,4,2011-03-11 11:48:44,,2011-01-18,402-014,인천광역시 미추홀구 숭의동 **-** 주원빌라 ***호,CDFG1251002011000003,3510500,,"인천광역시 미추홀구 독정이로***번길 **-**  (숭의동,주원빌라 ***호)",,03,폐업,,,,,,
,(주)이녹,2007-07-11,176980.114749443,443377.663008397,출판인쇄업,출판사,2026-05-03 22:42:51,I,03,폐업,,,,2008-01-16 15:34:49,,2002-05-08,403-808,인천광역시 부평구 부개동 ***-** 부개성심병원 *층,CDFG1251002002000004,3540000,,"인천광역시 부평구 수변로 **  (부개동,부개성심병원 *층)",,03,폐업,,,,,,
,상상출판사,2006-07-24,173388.513481052,445964.778023381,출판인쇄업,출판사,2026-05-03 22:42:56,I,03,폐업,,,,2008-01-16 15:36:44,,2004-03-26,403-855,인천광역시 부평구 청천동 **-* *층,CDFG1251002004000002,3540000,,"인천광역시 부평구 산청로**번길 **  (청천동,*층)",,03,폐업,,,,,,
,굿뉴스,2007-07-26,175115.506384099,442967.199348356,출판인쇄업,출판사,2026-05-03 22:42:56,I,03,폐업,,,,2008-01-16 15:42:25,,2004-04-30,403-830,인천광역시 부평구 부평동 ***-***,CDFG1251002004000005,3540000,,인천광역시 부평구 부영로**번길 **-**  (부평동),,03,폐업,,,,,,
,즐거운아이,2009-12-14,174207.324314127,441536.594316468,출판인쇄업,출판사,2026-05-03 22:42:59,I,03,폐업,,,,2010-01-29 10:33:36,,2004-11-18,403-849,인천광역시 부평구 십정동 ***-* 삼정빌딩 ***호,CDFG1251002004000010,3540000,,"인천광역시 부평구 경인로 ***  (십정동,삼정빌딩 ***호)",,03,폐업,,,,,,
,사랑이야기,2009-08-03,175843.641508326,444517.983113087,출판인쇄업,출판사,2026-05-03 22:43:00,I,03,폐업,,,,2009-12-14 11:44:51,,2004-11-22,403-816,인천광역시 부평구 부평동 **-*** *층,CDFG1251002004000011,3540000,,"인천광역시 부평구 주부토로**번길 **  (부평동,*층)",,03,폐업,,,,,,
사무실,이담 미디어,2012-10-16,175018.041619481,444182.206354193,출판인쇄업,출판사,2026-05-03 22:43:01,I,03,폐업,,55.8,,2012-10-17 09:21:22,,2005-04-11,403-734,인천광역시 부평구 부평동 **-*** 대우아파트 ***동 ****호,CDFG1251002005000002,3540000,일반상업지역,"인천광역시 부평구 부흥로***번길 *, ***동 ****호 (부평동,대우아파트)",,03,폐업,주택가주변,,,032-523-2388,,
아파트,세연문화,2007-01-30,175455.349973168,446184.321612955,출판인쇄업,출판사,2026-05-03 22:43:02,I,03,폐업,,16.5,,2008-01-16 15:47:42,,2006-02-22,403-801,인천광역시 부평구 갈산동 *** 대우아파트 ***동 ***호,CDFG1251002006000002,3540000,주거지역,"인천광역시 부평구 평천로***번길 **, ***동 ***호 (갈산동,대우아파트)",,03,폐업,주택가주변,,,032-504-2344,,
아파트,인재출판사,2006-09-04,175012.272686866,443946.523450184,출판인쇄업,출판사,2026-05-03 22:43:02,I,03,폐업,,59.82,,2008-01-16 15:49:46,,2006-04-25,403-818,인천광역시 부평구 부평동 **-*** 동아아파트 **동 ****호,CDFG1251002006000004,3540000,주거지역,,,03,폐업,아파트지역,,,032-514-4319,,
,도서출판 준우,2009-12-23,175012.272686866,443946.523450184,출판인쇄업,출판사,2026-05-03 22:43:03,I,03,폐업,,,,2010-01-29 10:33:05,,2006-05-03,403-818,인천광역시 부평구 부평동 **-*** 동아아파트 **동 ****호,CDFG1251002006000005,3540000,,,,03,폐업,,,,032-515-6191,,
아파트,홍익아트,2006-06-23,174791.159952708,444532.645630189,출판인쇄업,출판사,2026-05-03 22:43:04,I,03,폐업,,73.96,,2008-01-16 15:51:08,,2006-06-01,403-784,인천광역시 부평구 산곡동 ***-** 우성아파트 ***동 ***호,CDFG1251002006000006,3540000,주거지역,"인천광역시 부평구 부영로 ***, ***동 ***호 (산곡동,우성아파트)",,03,폐업,아파트지역,,,,,
,코스모라마,2013-09-23,173892.575046002,446095.566712246,출판인쇄업,출판사,2026-05-03 22:43:09,I,03,폐업,,,,2013-09-23 15:32:10,,2006-11-21,403-853,인천광역시 부평구 청천동 ***-** 하나빌리지 ***동 B**호,CDFG1251002006000013,3540000,주거지역,"인천광역시 부평구 마장로***번길 **, ***동 B**호 (청천동,하나빌리지)",,03,폐업,,,,032-519-9989,,
,도서출판현대종교사상연구회,2010-02-01,175389.252420569,444285.341324149,출판인쇄업,출판사,2026-05-03 22:43:09,I,03,폐업,,,,2010-02-01 13:35:31,,2006-11-27,403-826,인천광역시 부평구 부평동 ***-** 대우마이빌 ***호,CDFG1251002006000014,3540000,,"인천광역시 부평구 부평대로 ***,  ***호 (부평동,대우마이빌)",,03,폐업,,,,,,
,도서출판 법률시대,2009-04-30,,,출판인쇄업,출판사,2026-05-03 22:43:09,I,03,폐업,,,,2010-01-29 11:14:03,,2006-07-11,403-826,인천광역시 부평구 부평동 ***-**,CDFG1251002006000016,3540000,,,,03,폐업,,,,,,
,입시미술 창조의 아침,2007-06-13,175418.006480148,443953.121950366,출판인쇄업,출판사,2026-05-03 22:43:10,I,03,폐업,,,,2008-01-16 15:54:21,,2007-02-21,403-820,인천광역시 부평구 부평동 ***-*,CDFG1251002007000004,3540000,,인천광역시 부평구 부평대로 **  (부평동),,03,폐업,,,,,,
근린생활시설,주택지도기술단,2009-06-19,175625.570804475,442634.835781896,출판인쇄업,출판사,2026-05-03 22:43:10,I,03,폐업,,,,2009-06-19 15:32:11,,2007-04-13,,인천광역시 부평구 부평동 ***-** 공익스포렉스 ***호,CDFG1251002007000005,3540000,준주거지역,"인천광역시 부평구 동수로 **,  ***호 (부평동,공익스포렉스)",,03,폐업,,,,032-509-8867,,
,도서출판 현대출판사,2008-01-30,175460.134571125,442876.691334029,출판인쇄업,출판사,2026-05-03 22:43:11,I,03,폐업,,,,2008-01-30 14:28:24,,2007-08-01,403-828,인천광역시 부평구 부평동 ***-*,CDFG1251002007000009,3540000,,인천광역시 부평구 경인로 ***  (부평동),,03,폐업,,,,,,
근린생활시설,사단법인한국행정정책연구원,2015-06-24,175187.769824374,444177.190162046,출판인쇄업,출판사,2026-05-03 22:43:12,I,03,폐업,,119.43,,2015-06-24 15:12:24,,2007-10-30,403-818,인천광역시 부평구 부평동 **-*** *층,CDFG1251002007000010,3540000,,"인천광역시 부평구 부흥로 ***-** (부평동,*층)",,03,폐업,,,,032-5497-8123,,
,도서출판입시미술WA창조의아침,2008-11-13,175418.006480148,443953.121950366,출판인쇄업,출판사,2026-05-03 22:43:13,I,03,폐업,,165,,2008-11-13 13:05:22,,2007-11-28,403-820,인천광역시 부평구 부평동 ***-* *층,CDFG1251002007000011,3540000,,"인천광역시 부평구 부평대로 **  (부평동,*층)",,03,폐업,,,,032-528-4990,,
,"생명, 평화",2022-04-14,176809.894631397,446751.589186512,출판인쇄업,출판사,2026-05-03 22:43:17,I,03,폐업,,,4,2022-04-15 14:46:03,,2008-07-17,403-090,인천광역시 부평구 삼산동 **-* 광명상가 ***,CDFG1251002008000010,3540000,일반주거지역,"인천광역시 부평구 후정동로 **  (삼산동,광명상가 ***)",,03,폐업,아파트지역,,,,5,1
근린생활시설,업브레인,2021-11-19,172208.544908848,441467.538875449,출판인쇄업,출판사,2026-05-03 22:43:19,I,03,폐업,,127.4,5,2021-11-19 17:54:55,,2008-11-06,403-847,인천광역시 부평구 십정동 ***-* 테크노*공장 *동 ***호,CDFG1251002008000018,3540000,준공업지역,"인천광역시 부평구 가재울로 ***, *동 ***호 (십정동)",,03,폐업,학교정화(상대),,,032-556-6898,5,
다세대주택,디자인 애,2013-12-27,172693.54792728,439188.159778316,출판인쇄업,출판사,2026-05-03 22:43:43,I,03,폐업,,38.06,,2013-12-27 15:31:34,,2011-02-08,402-859,인천광역시 미추홀구 주안동 ****-** 삼정빌라 가-지*,CDFG1251002011000004,3510500,,"인천광역시 미추홀구 인주대로***번길 ** (주안동,삼정빌라 가-지*)",,03,폐업,,,,,,1
,리드유어드림,2016-02-29,171559.220855577,440292.143678819,출판인쇄업,출판사,2026-05-03 22:43:44,I,03,폐업,,,,2016-03-07 09:38:59,,2011-05-19,402-835,인천광역시 미추홀구 주안동 ***-* 오피스텔이에이리베로 *동 ***호,CDFG1251002011000012,3510500,,"인천광역시 미추홀구 주안로 **, *동 ***호 (주안동,오피스텔이에이리베로)",,03,폐업,,,,070-4213-3331,,
,BrainPAPS(브레인팝스),2018-02-13,169266.705328666,438699.027984623,출판인쇄업,출판사,2026-05-03 22:43:44,I,03,폐업,,13.2,,2018-02-13 09:48:06,,2011-08-10,402-021,인천광역시 미추홀구 용현동 *** 인하대학교 벤처창업*관 ***-*호,CDFG1251002011000017,3510500,,"인천광역시 미추홀구 인하로 ***, ***-*호 (용현동,인하대학교 벤처창업*관)",,03,폐업,,,,032-860-9167,,
,인워드(In Word),2014-05-20,171317.163782296,440338.060696144,출판인쇄업,출판사,2026-05-03 22:43:44,I,03,폐업,,,,2017-09-22 13:26:24,,2011-08-03,402-839,인천광역시 미추홀구 주안동 ***-* ***호,CDFG1251002011000018,3510500,,"인천광역시 미추홀구 주안로**번길 **, ***호 (주안동)",,03,폐업,,,,,,
,깊은샘물,2023-01-20,172417.074522451,438468.554820798,출판인쇄업,출판사,2026-05-03 22:43:44,I,03,폐업,,,,2023-01-20 14:28:34,,2011-08-30,402-860,인천광역시 미추홀구 주안동 ****-*,CDFG1251002011000020,3510500,,인천광역시 미추홀구 인하로 ***-*  (주안동),,03,폐업,,,,,,
,일동출판사,2014-01-29,168764.356814227,440811.944549731,출판인쇄업,출판사,2026-05-03 22:43:44,I,03,폐업,,,,2014-01-29 15:04:52,,2011-09-02,402-011,인천광역시 미추홀구 숭의동 ***-**,CDFG1251002011000021,3510500,,인천광역시 미추홀구 새천년로 *-* (숭의동),,03,폐업,,,,032-762-1605,,
,에코북,2013-01-11,171068.628825464,437395.747699133,출판인쇄업,출판사,2026-05-03 22:43:45,I,03,폐업,,,,2013-01-11 09:52:35,,2012-04-02,402-780,인천광역시 미추홀구 학익동 ***-* 영남들국화아파트 *동 ***호,CDFG1251002012000002,3510500,,"인천광역시 미추홀구 소성로 ***, *동 ***호 (학익동, 영남들국화 아파트)",,03,폐업,,,,032-871-1148,,
,필수학,2012-11-06,171371.785301003,440068.811876234,출판인쇄업,출판사,2026-05-03 22:43:48,I,03,폐업,,,,2012-11-06 14:03:57,,2012-10-19,402-835,인천광역시 미추홀구 주안동 ***-** 명성빌라 B**호,CDFG1251002012000012,3510500,,인천광역시 미추홀구 석바위로**번길 **-* (주안동),,03,폐업,,,,032-834-5577,,
,회계와 세무,2015-05-28,170416.543064875,437782.211544992,출판인쇄업,출판사,2026-05-03 22:43:49,I,03,폐업,,,,2015-05-28 15:13:53,,2013-02-07,402-867,인천광역시 미추홀구 학익동 ***-* ***호,CDFG1251002013000004,3510500,,인천광역시 미추홀구 소성로 *** (학익동),,03,폐업,,,,032-867-4023,,
,도서출판 시온의대로,2017-07-04,169060.420669394,440218.437710707,출판인쇄업,출판사,2026-05-03 22:43:50,I,03,폐업,,,,2017-07-04 09:20:34,,2013-04-16,402-011,인천광역시 미추홀구 숭의동 ***-* *층 ***호,CDFG1251002013000008,3510500,,"인천광역시 미추홀구 독정이로 **, *층 ***호 (숭의동)",,03,폐업,,,,,,
,백경,2014-04-14,171356.392801096,437953.617979842,출판인쇄업,출판사,2026-05-03 22:43:50,I,03,폐업,,,,2014-04-14 11:33:35,,2013-06-17,402-866,인천광역시 미추홀구 학익동 **-* 신동아아파트 **동 ****호,CDFG1251002013000010,3510500,,"인천광역시 미추홀구 학익소로**번길 ***, **동 ****호 (학익동, 신동아아파트)",,03,폐업,,,,,,
,성문밖편지,2015-12-02,170030.443117388,440173.197756532,출판인쇄업,출판사,2026-05-03 22:43:51,I,03,폐업,,,,2015-12-02 15:17:06,,2004-01-08,402-811,인천광역시 미추홀구 도화동 ***-*** 산호빌라 나동 ***호,CDFG1251002013000018,3510500,,"인천광역시 미추홀구 수봉로**번길 ***-**, 나동 ***호 (도화동, 산호빌라)",,03,폐업,,,,070-7571-1011,,
,도서출판 푸름,2016-04-22,172872.056291895,439712.57107686,출판인쇄업,출판사,2026-05-03 22:43:51,I,03,폐업,,,,2016-04-22 16:35:18,,2013-10-16,,인천광역시 미추홀구 주안동 ****-* 호림빌라 A동 ***호,CDFG1251002013000021,3510500,,"인천광역시 미추홀구 구월로**번길 **, A동 ***호 (주안동, 호림빌라)",22145,03,폐업,,,,,,
,케이란,2021-12-16,,,출판인쇄업,출판사,2026-05-03 22:43:53,I,03,폐업,,,,2021-12-16 18:10:18,,2013-12-09,402-836,인천광역시 미추홀구 주안동 **-** *호,CDFG1251002013000027,3510500,,"인천광역시 미추홀구 석정로***번길 **-**, *호 (주안동)",,03,폐업,,,,,,
,온정북스,2023-04-27,167965.700701843,438340.214819879,출판인쇄업,출판사,2026-05-03 22:43:54,I,03,폐업,,,,2023-04-27 10:56:49,,2014-06-10,402-740,인천광역시 미추홀구 용현동 ***-** 한국아파트 상가 ***호,CDFG1251002014000008,3510500,,"인천광역시 미추홀구 매소홀로 ***, *층 *호 (용현동, 한국아파트 상가)",,03,폐업,,,,,,
,J&J books,2020-12-30,167965.700701843,438340.214819879,출판인쇄업,출판사,2026-05-03 22:43:54,I,03,폐업,,,,2020-12-30 15:42:56,,2014-06-10,402-740,인천광역시 미추홀구 용현동 ***-** 한국아파트 상가 ***호,CDFG1251002014000009,3510500,,"인천광역시 미추홀구 매소홀로 ***, *층 *호 (용현동, 한국아파트 상가)",,03,폐업,,,,032-882-9298,,
,코리아리더스,2017-06-21,168446.42645328,439180.916760089,출판인쇄업,출판사,2026-05-03 22:43:55,I,03,폐업,,,,2017-06-21 17:50:38,,2010-01-18,402-021,인천광역시 미추홀구 용현동 *** 용현성원상떼빌아파트 ***동 ****호,CDFG1251002014000012,3510500,,"인천광역시 미추홀구 낙섬동로 ***, ***동 ****호 (용현동, 용현성원상떼빌아파트)",,03,폐업,,,,,,
,스페셜데이북,2017-06-21,168446.42645328,439180.916760089,출판인쇄업,출판사,2026-05-03 22:43:55,I,03,폐업,,,,2017-06-21 17:52:41,,2010-02-11,402-021,인천광역시 미추홀구 용현동 *** 용현성원상떼빌아파트 ***동 ****호,CDFG1251002014000013,3510500,,"인천광역시 미추홀구 낙섬동로 ***, ***동 ****호 (용현동, 용현성원상떼빌아파트)",,03,폐업,,,,,,
,갓블레스유,2017-06-21,168446.42645328,439180.916760089,출판인쇄업,출판사,2026-05-03 22:43:55,I,03,폐업,,,,2017-06-21 17:51:42,,2011-09-20,402-020,인천광역시 미추홀구 용현동 *** 용현성원상떼빌아파트 ***동 ****호,CDFG1251002014000014,3510500,,"인천광역시 미추홀구 낙섬동로 ***, ***동 ****호 (용현동, 용현성원상떼빌아파트)",,03,폐업,,,,,,
,shiny books,2019-03-15,171713.403924533,438415.550627431,출판인쇄업,출판사,2026-05-03 22:43:55,I,03,폐업,,,,2019-03-15 15:06:41,,2014-07-18,402-759,인천광역시 미추홀구 주안동 **** 쌍용아파트 *동 ****호,CDFG1251002014000016,3510500,,"인천광역시 미추홀구 인하로 ***, *동 ****호 (주안동, 쌍용아파트)",,03,폐업,,,,032-422-7398,,
,GALAHAD,2022-01-27,171713.403924533,438415.550627431,출판인쇄업,출판사,2026-05-03 22:43:55,I,03,폐업,,,,2022-01-27 14:52:47,,2014-07-24,402-759,인천광역시 미추홀구 주안동 ****,CDFG1251002014000017,3510500,,"인천광역시 미추홀구 인하로 ***, *동 ***호 (주안동, 쌍용아파트)",,03,폐업,,,,070-4095-7385,,
,로포커스 온,2015-02-06,169890.91483087,440775.975490242,출판인쇄업,출판사,2026-05-03 22:43:55,I,03,폐업,,,,2015-02-06 16:07:33,,2014-08-25,402-803,인천광역시 미추홀구 도화동 **-** JST스마트타운 ***-*호,CDFG1251002014000021,3510500,,"인천광역시 미추홀구 석정로 ***, ***-*호 (도화동, JST스마트타운)",,03,폐업,,,,,,
,더큰숲,2017-11-14,171643.360682376,437978.356750553,출판인쇄업,출판사,2026-05-03 22:43:56,I,03,폐업,,,,2017-11-14 09:23:01,,2014-11-18,402-757,인천광역시 미추홀구 주안동 **** 태평아파트 *동 ***호,CDFG1251002014000026,3510500,,"인천광역시 미추홀구 승학길 **, *동 ***호 (주안동, 태평아파트)",,03,폐업,,,,032-872-1148,,
,스텀프,2021-04-01,169630.745452479,439843.249371141,출판인쇄업,출판사,2026-05-03 22:43:57,I,03,폐업,,,,2021-04-01 17:22:15,,2013-05-23,402-812,인천광역시 미추홀구 숭의동 **-** 지층,CDFG1251002015000001,3510500,,"인천광역시 미추홀구 수봉로**번길 **, 지층 (숭의동)",,03,폐업,,,,,,
아파트,스케치북스,2019-03-22,169972.059456338,437905.936221986,출판인쇄업,출판사,2026-05-03 22:43:59,I,03,폐업,,167.26,,2019-03-22 11:12:28,,2015-03-10,402-041,인천광역시 미추홀구 학익동 *** 동아풍림 ***동 ****호,CDFG1251002015000008,3510500,주거지역,"인천광역시 미추홀구 소성로 ***, ***동 ****호 (학익동, 동아풍림)",,03,폐업,아파트지역,,,070-8256-8274,,
,손으로 엮는 마음,2025-02-04,168987.753650115,439655.476097085,출판인쇄업,출판사,2026-05-03 22:44:03,I,03,폐업,,,,2025-02-05 17:54:53,,2015-09-03,,인천광역시 미추홀구 숭의동 ***-** *층,CDFG1251002015000032,3510500,,"인천광역시 미추홀구 독배로***번길 **, *층 (숭의동)",22178,03,폐업,,,,,,
,준우월드,2020-06-11,169813.219357111,440152.939040285,출판인쇄업,출판사,2026-05-03 22:44:05,I,03,폐업,,,,2020-06-11 17:37:46,,2011-09-01,,인천광역시 미추홀구 숭의동 *-*** ***호,CDFG1251002015000036,3510500,,"인천광역시 미추홀구 수봉로**번길 **, ***호 (숭의동)",22167,03,폐업,,,,,,
,제이엠북스(JM북스),2016-07-25,169042.525366954,439129.896724081,출판인쇄업,출판사,2026-05-03 22:44:05,I,03,폐업,,,,2016-07-25 15:05:38,,2015-10-30,,인천광역시 미추홀구 용현동 ***-*,CDFG1251002015000039,3510500,,인천광역시 미추홀구 독배로***번길 **-* (용현동),22183,03,폐업,,,,032-822-9125,,
,은진기획,2017-06-26,173181.480354309,437938.823773452,출판인쇄업,출판사,2026-05-03 22:44:05,I,03,폐업,,,,2017-06-26 17:53:26,,2015-12-17,,인천광역시 미추홀구 관교동 **-* 풀림아파트 ***동 ***호,CDFG1251002015000041,3510500,,"인천광역시 미추홀구 문화로 **, ***동 ***호 (관교동, 풍림아파트)",22241,03,폐업,,,,032-233-7539,,
,성은기획,2017-06-26,173181.480354309,437938.823773452,출판인쇄업,출판사,2026-05-03 22:44:05,I,03,폐업,,,,2017-06-26 17:52:30,,2015-12-17,,인천광역시 미추홀구 관교동 **-* 풍림아파트 ***동 ***호,CDFG1251002015000042,3510500,,"인천광역시 미추홀구 문화로 **, ***동 ***호 (관교동, 풍림아파트)",22241,03,폐업,,,,032-233-7539,,
,미라클미디어,2017-11-20,168996.44922675,440337.245460437,출판인쇄업,출판사,2026-05-03 22:44:05,I,03,폐업,,,,2017-11-24 16:39:30,,2015-12-17,,인천광역시 미추홀구 숭의동 ***-** *층,CDFG1251002015000043,3510500,,"인천광역시 미추홀구 독정이로 ***-*, *층 (숭의동)",22163,03,폐업,,,,,,
,두개의연못,2020-12-09,172564.972666116,439929.950581426,출판인쇄업,출판사,2026-05-03 22:44:05,I,03,폐업,,,,2020-12-09 15:17:30,,2016-01-27,,인천광역시 미추홀구 주안동 **** 더월드스테이트아파트 ***동 ****호,CDFG1251002016000002,3510500,,"인천광역시 미추홀구 경원대로 ***, ***동 ****호 (주안동, 주안더월드스테이트)",22143,03,폐업,,,,,,
,한국선교사자녀교육개발원 KOMKED,2018-11-08,171170.144298484,438193.072304198,출판인쇄업,출판사,2026-05-03 22:44:05,I,03,폐업,,,,2018-11-08 12:47:07,,2011-11-03,,인천광역시 미추홀구 주안동 ***-** 하나맨션 ***호,CDFG1251002016000005,3510500,,"인천광역시 미추홀구 신기길**번길 **, ***호 (주안동, 하나맨션)",22217,03,폐업,,,,,,
,도서출판 높은산,2016-07-27,172896.209503438,439398.169797171,출판인쇄업,출판사,2026-05-03 22:44:06,I,03,폐업,,,,2016-07-27 15:22:55,,2016-07-15,,인천광역시 미추홀구 주안동 ****-*,CDFG1251002016000012,3510500,,인천광역시 미추홀구 구월로**번길 ** (주안동),22146,03,폐업,,,,032-434-3146,,
,윈디북스,2022-10-25,171173.282827242,440584.402719387,출판인쇄업,출판사,2026-05-03 22:44:07,I,03,폐업,,64.82,,2022-10-25 17:38:26,,2016-10-26,,인천광역시 미추홀구 주안동 **-* 광명아파트 나동 ***호,CDFG1251002016000024,3510500,,"인천광역시 미추홀구 석정로 ***, 나동 ***호 (주안동, 광명아파트)",22127,03,폐업,,,,,,
,와이,2017-02-13,169223.512620535,439181.114337937,출판인쇄업,출판사,2026-05-03 22:44:07,I,03,폐업,,78.14,,2017-02-13 17:26:38,,2016-10-26,,인천광역시 미추홀구 용현동 ***-*,CDFG1251002016000025,3510500,,인천광역시 미추홀구 비룡길**번길 **-* (용현동),22183,03,폐업,,,,,,
,이루다,2017-11-24,171200.945864377,437825.247694239,출판인쇄업,출판사,2026-05-03 22:44:07,I,03,폐업,,59.4,,2017-11-24 16:40:31,,2016-11-03,,인천광역시 미추홀구 학익동 ** 주안*차신동아아파트 ***동 ***호,CDFG1251002016000026,3510500,,"인천광역시 미추홀구 매소홀로***번길 **, ***동 ***호 (학익동, 주안*차신동아아파트)",22222,03,폐업,,,,,,
,미래사회건강교육협동조합,2024-11-29,,,출판인쇄업,출판사,2026-05-03 22:44:08,I,03,폐업,,33.2,,2024-11-29 15:07:56,,2017-03-07,,인천광역시 미추홀구 용현동 * 엘에이치미추홀*단지 ***동 ***호,CDFG1251002017000004,3510500,,"인천광역시 미추홀구 낙섬중로 ***, ***동 ***호 (용현동, 엘에이치미추홀*단지)",22176,03,폐업,,,,,,
,책하나,2018-05-02,170850.179431285,438887.045114891,출판인쇄업,출판사,2026-05-03 22:44:08,I,03,폐업,,12,,2018-05-02 16:59:14,,2015-04-07,,인천광역시 미추홀구 주안동 ***-** *층,CDFG1251002017000005,3510500,,"인천광역시 미추홀구 인주대로 ***-*, *층 (주안동)",22213,03,폐업,,,,,,
,백강,2025-02-03,170830.647986964,437404.238909464,출판인쇄업,출판사,2026-05-03 22:44:11,I,03,폐업,,39.04,,2025-02-03 11:29:42,,2018-02-02,,인천광역시 미추홀구 학익동 ***-** 고려빌라 A동 B**호,CDFG1251002018000003,3510500,,"인천광역시 미추홀구 매소홀로***번길 **-**, A동 B**호 (학익동, 고려빌라)",22226,03,폐업,,,,,,
,C&S 출판,2019-03-21,169281.711680701,439221.356618449,출판인쇄업,출판사,2026-05-03 22:44:12,I,03,폐업,,23,,2019-03-21 14:43:42,,2018-02-23,,인천광역시 미추홀구 용현동 ***-*** 국일원룸빌라 ***호,CDFG1251002018000007,3510500,,"인천광역시 미추홀구 비룡길**번길 **, 국일원룸빌라 ***호 (용현동)",22183,03,폐업,,,,,,
다세대주택,함께 쓰다,2021-01-14,169360.050021664,439793.588383744,출판인쇄업,출판사,2026-05-03 22:44:16,I,03,폐업,,33,,2021-01-14 17:40:43,,2019-01-14,,인천광역시 미추홀구 숭의동 ***-*** 대종빌라 ***호,CDFG1251002019000001,3510500,,"인천광역시 미추홀구 독정안길 **-*, ***호 (숭의동, 대종빌라)",22168,03,폐업,,,,,,
근린생활시설,지식나무,2012-07-30,,,출판인쇄업,출판사,2026-05-03 22:42:24,I,03,폐업,,,1,2013-01-22 14:43:56,,2009-02-02,409-832,인천광역시 옹진군 북도면 신도리 ***-**,CDFG1251002009000001,3580000,관리지역,,,03,폐업,기타,,,,2,
,반걸음,2021-01-26,173649.259289289,442131.792401588,출판인쇄업,출판사,2026-05-03 22:44:13,I,03,폐업,,,,2021-01-26 10:56:14,,2019-06-07,,인천광역시 부평구 십정동 ***-* 한국아파트 ***동 ***호,CDFG1251002019000019,3540000,,"인천광역시 부평구 이규보로**번길 **, ***동 ***호 (십정동, 한국아파트)",21441,03,폐업,,,,,,
,보이스마블,2019-08-29,176299.294594619,442660.574970776,출판인쇄업,출판사,2026-05-03 22:44:13,I,03,폐업,,,,2019-08-29 17:09:03,,2019-06-11,,인천광역시 부평구 부개동 ***-**,CDFG1251002019000020,3540000,상업지역,인천광역시 부평구 경인로****번길 **-** (부개동),21426,03,폐업,,,,,,
,아농,2019-09-26,174560.458080471,444998.436777672,출판인쇄업,출판사,2026-05-03 22:44:14,I,03,폐업,,,,2019-09-26 14:17:08,,2019-06-25,,인천광역시 부평구 청천동 *** 부평*차 금호타운 ***동 ****호,CDFG1251002019000022,3540000,,"인천광역시 부평구 안남로 ***, ***동 ****호 (청천동, 부평*차 금호타운)",21363,03,폐업,,,,,,
,담연퍼블리싱,2025-03-28,176264.733506672,444932.185202998,출판인쇄업,출판사,2026-05-03 22:44:16,I,03,폐업,,,,2025-03-31 10:47:42,,2019-09-18,,인천광역시 부평구 부개동 *** 욱일아파트,CDFG1251002019000031,3540000,,"인천광역시 부평구 장제로 ***, 나동 ***호 (부개동, 욱일아파트)",21351,03,폐업,,,,,,
,호작담,2023-01-30,175920.28248194,444852.352306502,출판인쇄업,출판사,2026-05-03 22:44:16,I,03,폐업,,,,2023-01-30 14:45:02,,2019-09-20,,인천광역시 부평구 부평동 ***-*,CDFG1251002019000032,3540000,,인천광역시 부평구 신트리로 **-** (부평동),21355,03,폐업,,,,,,
,웡과 콩나물,2020-05-08,176792.467792121,444159.261468842,출판인쇄업,출판사,2026-05-03 22:44:18,I,03,폐업,,,,2020-05-08 13:34:39,,2020-04-20,,인천광역시 부평구 부개동 ***-* 부개*단지 주공아파트,CDFG1251002020000007,3540000,,"인천광역시 부평구 부개로 **, ***동 ****호 (부개동, 부개*단지 주공아파트)",21349,03,폐업,,,,,,
,루다 미디어,2024-12-31,175605.812885914,444114.245511914,출판인쇄업,출판사,2026-05-03 22:44:18,I,03,폐업,,,,2025-01-03 11:46:34,,2020-05-06,,인천광역시 부평구 부평동 ***-* 센트럴타워,CDFG1251002020000009,3540000,,"인천광역시 부평구 부흥로***번길 *, 센트럴타워 ****호 (부평동)",21359,03,폐업,,,,,,
,들롱,2022-04-22,174453.809112357,442461.70751215,출판인쇄업,출판사,2026-05-03 22:44:18,I,03,폐업,,,,2022-04-12 15:58:11,,2020-06-23,,인천광역시 부평구 부평동 ***-*** 희망빌라,CDFG1251002020000011,3540000,,"인천광역시 부평구 창휘로**번길 **, ***호 (부평동, 희망빌라)",21411,03,폐업,,,,,,
,명심,2025-03-16,175452.370150185,445828.350468815,출판인쇄업,출판사,2026-05-03 22:44:19,I,03,폐업,,,,2025-03-17 10:04:16,,2020-07-15,,인천광역시 부평구 갈산동 ***-*,CDFG1251002020000014,3540000,,"인천광역시 부평구 부평대로***번길 **-*, 대원빌라 A동 ***호 (갈산동)",21333,03,폐업,,,,032-556-8880,,
,상쾌한달,2021-04-22,177116.92445844,442846.137888245,출판인쇄업,출판사,2026-05-03 22:44:20,I,03,폐업,,,,2021-04-23 09:13:01,,2020-10-12,,인천광역시 부평구 부개동 ***-* 부개동동도센트리움,CDFG1251002020000026,3540000,,"인천광역시 부평구 경인로****번길 **, ***동 ***호 (부개동, 부개동동도센트리움)",21416,03,폐업,,,,,,
,키맨출판사,2024-03-08,174873.49619279,444188.57524713,출판인쇄업,출판사,2026-05-03 22:44:21,I,03,폐업,,,,2024-03-08 17:00:35,,2020-11-02,,인천광역시 부평구 부평동 **-*** 한국아파트,CDFG1251002020000027,3540000,,"인천광역시 부평구 부영로***번길 **, ***동 ***호 (부평동, 한국아파트)",21378,03,폐업,,,,,,
,집쇼코리아,2024-01-18,175261.519298799,446199.289952872,출판인쇄업,출판사,2026-05-03 22:44:28,I,03,폐업,,,,2024-01-18 16:24:20,,2021-02-26,,인천광역시 부평구 청천동 ***-* 부평테크시티,CDFG1251002021000012,3540000,,"인천광역시 부평구 부평대로 ***, 부평테크시티 ***호 (청천동)",21315,03,폐업,,,,,,
,1인칭 주인공 시점,2022-11-03,173964.428146516,444177.282126788,출판인쇄업,출판사,2026-05-03 22:44:31,I,03,폐업,,,,2022-11-03 17:07:21,,2021-06-01,,인천광역시 부평구 산곡동 ***-* 뉴서울*차아파트,CDFG1251002021000024,3540000,,"인천광역시 부평구 부흥로***번길 **, ***동 ***호 (산곡동, 뉴서울*차아파트)",21376,03,폐업,,,,,,
,타오르,2024-11-13,177116.92445844,442846.137888245,출판인쇄업,출판사,2026-05-03 22:44:37,I,03,폐업,,,,2024-11-15 16:41:18,,2022-05-10,,인천광역시 부평구 부개동 ***-* 부개동동도센트리움,CDFG1251002022000016,3540000,,"인천광역시 부평구 경인로****번길 **, ***동 ***호 (부개동, 부개동동도센트리움)",21416,03,폐업,,,,,,
,레온 네트워크,2024-01-12,175126.717022995,446169.201205367,출판인쇄업,출판사,2026-05-03 22:44:40,I,03,폐업,,,,2024-01-12 11:29:29,,2022-12-14,,인천광역시 부평구 청천동 *** 부평우림라이온스밸리,CDFG1251002022000039,3540000,,"인천광역시 부평구 부평대로 ***, 부평우림라이온스밸리 A동 ***호 (청천동)",21315,03,폐업,,,,032-425-1713,,
,(주)국제일보,2023-05-12,176170.224084781,443334.89099328,출판인쇄업,출판사,2026-05-03 22:44:41,I,03,폐업,,,,2023-05-12 10:00:08,,2022-06-16,,인천광역시 부평구 부평동 ***-* 이레빌딩,CDFG1251002023000009,3540000,,"인천광역시 부평구 충선로 *, 이레빌딩 ***호 (부평동)",21399,03,폐업,,,,032-502-3111,,
,소리든,2024-10-10,174336.502608179,444859.765407744,출판인쇄업,출판사,2026-05-03 22:44:41,I,03,폐업,,,,2024-10-10 17:15:11,,2023-08-08,,인천광역시 부평구 산곡동 ***-* 현대아파트,CDFG1251002023000021,3540000,,"인천광역시 부평구 안남로 ***, ***동 ***호 (산곡동, 현대아파트)",21363,03,폐업,,,,,,
,SOMINI BOOKS,2024-02-07,176801.651702113,444469.420056303,출판인쇄업,출판사,2026-05-03 22:44:42,I,03,폐업,,,,2024-02-07 15:21:16,,2023-11-07,,인천광역시 부평구 부개동 ***-* 부개주공아파트(*단지),CDFG1251002023000032,3540000,,"인천광역시 부평구 길주남로 ***, ***동 ***호 (부개동, 부개주공아파트(*단지))",21348,03,폐업,,,,,,
,한국출판미디어,2025-11-28,176479.501804551,444807.552726648,출판인쇄업,출판사,2026-05-03 22:44:43,I,03,폐업,,,,2025-12-02 16:25:22,,2024-05-28,,인천광역시 부평구 부개동 ***-* 동아APT,CDFG1251002024000017,3540000,,"인천광역시 부평구 길주남로***번길 **, *동 ***호 (부개동, 동아APT)",21351,03,폐업,,,,,,
,고요17,2025-01-10,175549.510281249,444034.183586656,출판인쇄업,출판사,2026-05-03 22:44:43,I,03,폐업,,,,2025-01-10 14:10:03,,2024-07-31,,인천광역시 부평구 부평동 ***-** 추인타워,CDFG1251002024000026,3540000,,"인천광역시 부평구 부흥로***번길 *, 추인타워 *층 ***호 일부(B**)호 (부평동)",21390,03,폐업,,,,,,
,AM8,2025-08-26,173015.986392356,441523.117017035,출판인쇄업,출판사,2026-05-03 22:44:44,I,03,폐업,,,,2025-08-26 15:44:05,,2025-01-03,,인천광역시 부평구 십정동 ***-** 삼정연립,CDFG1251002025000001,3540000,,"인천광역시 부평구 열우물로***번길 **, A동 ***호 (십정동, 삼정연립)",21451,03,폐업,,,,,,
