사업장명,폐업일자,좌표X,좌표Y,데이터갱신시점,데이터갱신구분,상세영업상태코드,상세영업상태명,DTL_TASK_SE_NM,최종수정시점,인허가취소일자,인허가일자,소재지면적,소재지우편번호,지번주소,관리번호,개방자치단체코드,권리주체일련번호,도로명주소,도로명우편번호,재개업일자,영업상태구분코드,영업상태명,휴업시작일자,휴업종료일자,소재지전화번호
캣돌 캐터리,2025-12-05,160571.338532604,445277.018946759,2026-04-26 22:33:03,I,0002,폐업,,2025-12-16 10:52:17,,2018-04-10,0,,인천광역시 중구 중산동 ****-**,349000003720180003,3490000,000,인천광역시 중구 영종순환로***번길 *** (중산동),22358,,03,폐업,,,
캣플라워,2025-11-28,154820.503218349,444443.101822965,2026-04-26 22:33:03,I,0002,폐업,,2025-12-17 10:17:56,,2018-05-12,0,,인천광역시 중구 운서동 ****-*,349000003720180012,3490000,000,인천광역시 중구 백년로**번길 * (운서동),22363,,03,폐업,,,
부개,2025-10-10,160467.883581587,445182.052472013,2026-04-26 22:33:04,I,0002,폐업,,2025-12-16 10:55:03,,2019-01-22,0,,인천광역시 중구 중산동 ****-*,349000003720190006,3490000,000,인천광역시 중구 중산로**번길 **-* (중산동),22358,,03,폐업,,,
해피캣,2025-11-24,159339.642169621,445843.963286596,2026-04-26 22:33:04,I,0002,폐업,,2025-12-16 10:53:50,,2019-12-04,0,,인천광역시 중구 운북동 ****-**,349000003720190018,3490000,000,인천광역시 중구 논골*길 **-*(운북동),22357,,03,폐업,,,
제이케이,,170260.994951677,437852.445093062,2026-04-26 22:33:08,I,0000,정상,,2026-04-08 14:33:32,,2026-04-08,0,,인천광역시 미추홀구 학익동 ***-**,351050003720260001,3510500,000,인천광역시 미추홀구 소성로 ***-** (학익동),22224,,01,영업/정상,,,
LOVELY CAT,,193700.120764594,455898.374124897,2026-04-26 22:33:06,I,0000,정상,,2023-06-02 14:52:01,,2020-12-10,0,,서울특별시 은평구 녹번동 ***-**,311000003720200021,3110000,000,"서울특별시 은평구 녹번로 **, *층 (녹번동)",03381,,01,영업/정상,,,
그냥,,192836.856800669,454545.38895101,2026-04-26 22:33:06,I,0000,정상,,2023-06-02 14:57:39,,2021-01-06,0,,서울특별시 은평구 응암동 ***-**,311000003720210002,3110000,000,"서울특별시 은평구 응암로**길 **-**, *층 (응암동)",03467,,01,영업/정상,,,
Marilovelle,,194109.446430035,456064.931550049,2026-04-26 22:33:06,I,0000,정상,,2024-03-05 16:08:19,,2024-03-04,0,,서울특별시 은평구 녹번동 *-*,311000003720240001,3110000,000,서울특별시 은평구 통일로**길 **-* (녹번동),03370,,01,영업/정상,,,
씨티퍼피,,193212.372537141,455025.896272192,2026-04-26 22:33:06,I,0000,정상,,2024-10-28 09:56:35,,2024-10-28,0,,서울특별시 은평구 응암동 ***-** *층,311000003720240003,3110000,000,"서울특별시 은평구 응암로**길 **-*, *층 (응암동)",03463,,01,영업/정상,,,
푸르메 캐터리,,213537.639491012,444259.502587716,2026-04-26 22:33:02,I,0000,정상,,2023-08-07 18:04:03,,2019-09-20,0,,서울특별시 송파구 마천동 ***-*,323000003720190055,3230000,000,서울특별시 송파구 성내천로**길 **-* (마천동),05747,,01,영업/정상,,,
냥스타그램,,210257.398087205,447906.846309687,2026-04-26 22:33:03,I,0000,정상,,2023-08-08 13:02:17,,2021-04-12,0,,서울특별시 송파구 풍납동 ***-**,323000003720210007,3230000,000,"서울특별시 송파구 풍성로**길 *, *층 (풍납동)",05533,,01,영업/정상,,,
모던켄넬,,156026.865509107,445726.538282163,2026-04-26 22:33:03,I,0000,정상,,2023-11-01 13:19:53,,2016-03-03,0,,인천광역시 중구 운북동 ***-***,349000003720160001,3490000,000,인천광역시 중구 백운로***번길 **-** (운북동),22356,,01,영업/정상,,,
뽀삐네,,161103.978275099,445759.369915514,2026-04-26 22:33:03,I,0001,휴업,,2023-06-13 09:13:21,,2016-06-15,0,,인천광역시 중구 중산동 ****-**,349000003720160003,3490000,000,인천광역시 중구 영종순환로***번길 **-** (중산동),22358,,02,휴업,2023-06-12,2028-06-12,
펫콤마,,161126.503849044,445780.754432446,2026-04-26 22:33:03,I,0000,정상,,2023-05-30 10:44:57,,2017-01-17,0,,인천광역시 중구 중산동 ****-**,349000003720170001,3490000,000,인천광역시 중구 영종순환로***번길 **-** (중산동),22358,,01,영업/정상,,,
WOW 켄넬,,159866.081593313,445247.23951521,2026-04-26 22:33:04,I,0000,정상,,2024-08-28 11:40:13,,2019-01-04,0,,인천광역시 중구 중산동 ****-**,349000003720190001,3490000,000,인천광역시 중구 마장포로**번길 *-** (중산동),22358,,01,영업/정상,,,
화이트포메라니안,,159495.711626021,444673.712188726,2026-04-26 22:33:04,I,0000,정상,,2022-07-11 10:47:21,,2019-08-01,0,,인천광역시 중구 중산동 ****-**,349000003720190014,3490000,F00,인천광역시 중구 백운로 ***-* (중산동),22358,,01,영업/정상,,,
캣냥,,160626.593790697,445189.858520772,2026-04-26 22:33:04,I,0000,정상,,2022-07-11 10:48:19,,2019-08-07,0,,인천광역시 중구 중산동 ****-**,349000003720190015,3490000,000,인천광역시 중구 영종순환로***번길 *** (중산동),22358,,01,영업/정상,,,
하루,,146465.154476357,439082.090955366,2026-04-26 22:33:04,I,0000,정상,,2020-07-09 09:38:07,,2020-07-09,0,,인천광역시 중구 을왕동 ***-*,349000003720200004,3490000,000,인천광역시 중구 늘목로 ** (을왕동),22384,,01,영업/정상,,,
바비독,,156467.356395947,445810.14333878,2026-04-26 22:33:04,I,0000,정상,,2022-07-11 10:52:53,,2020-09-29,0,,인천광역시 중구 운북동 ***-**,349000003720200007,3490000,000,인천광역시 중구 백운로안길 ** (운북동),22356,,01,영업/정상,,,
Lavenders,,160058.544646641,445250.05018598,2026-04-26 22:33:04,I,0000,정상,,2022-07-11 10:53:43,,2021-01-16,0,,인천광역시 중구 중산동 ****-**,349000003720210002,3490000,000,인천광역시 중구 마장포로**번길 ** (중산동),22358,,01,영업/정상,,,
도담도담 달빛,,159879.627393695,445319.042440096,2026-04-26 22:33:04,I,0000,정상,,2025-08-11 10:12:21,,2021-07-26,0,,인천광역시 중구 중산동 ****-*,349000003720210022,3490000,000,인천광역시 중구 마장포로 ** (중산동),22358,,01,영업/정상,,,
판도라독,,156422.305177478,445760.381929515,2026-04-26 22:33:04,I,0000,정상,,2022-07-11 11:04:11,,2022-01-11,0,,인천광역시 중구 운북동 ***-**,349000003720220001,3490000,000,인천광역시 중구 백운로안길 **-**(운북동),22356,,01,영업/정상,,,
영종도차우차우(차우랑),,159887.165133919,444479.66593806,2026-04-26 22:33:05,I,0000,정상,,2023-01-16 10:52:59,,2022-02-21,0,,인천광역시 중구 중산동 ****-**,349000003720220005,3490000,000,인천광역시 중구 백운로 **-**(중산동),22358,,01,영업/정상,,,
Noble laurent dog(노블로렌독),,160482.686662983,444256.998547527,2026-04-26 22:33:05,I,0000,정상,,2022-06-21 09:43:27,,2022-06-21,0,,인천광역시 중구 중산동 ****-*,349000003720220013,3490000,000,"인천광역시 중구 운중로 ***-*, *층 (중산동)",22358,,01,영업/정상,,,
헬로우브리 캐터리,,160632.943495691,445316.623524986,2026-04-26 22:33:05,I,0000,정상,,2024-10-15 09:05:18,,2022-10-11,0,,인천광역시 중구 중산동 ****-**,349000003720220014,3490000,000,인천광역시 중구 영종순환로***번길 ***-* (중산동),22358,,01,영업/정상,,,
렉컴퍼니,,158940.004170412,445433.83250221,2026-04-26 22:33:05,I,0000,정상,,2024-01-11 14:48:21,,2024-01-11,0,,인천광역시 중구 운북동 **-**,349000003720240001,3490000,000,인천광역시 중구 논골*길 **-* (운북동),22357,,01,영업/정상,,,
스카이마린,,158863.025830683,443401.782335165,2026-04-26 22:33:05,I,0000,정상,,2024-09-20 09:16:55,,2024-09-20,0,,인천광역시 중구 운남동 ***-*,349000003720240002,3490000,000,인천광역시 중구 운남동로 **-** (운남동),22359,,01,영업/정상,,,
꾸꾸네 친구들,,169484.272350124,439187.611782566,2026-04-26 22:33:04,I,0000,정상,,2022-07-12 14:05:46,,2018-04-25,0,,인천광역시 미추홀구 용현동 ***-***,351000003720180006,3510500,000,인천광역시 미추홀구 비룡길**번길 ** (용현동),22182,,01,영업/정상,,,
한울타리,,169336.21866265,439098.390965606,2026-04-26 22:33:06,I,0000,정상,,2022-07-11 14:57:25,,2018-07-26,0,,인천광역시 미추홀구 용현동 ***-**,351050003720180007,3510500,000,인천광역시 미추홀구 비룡길**번길 **-** (용현동),22183,,01,영업/정상,,,
대성,,170704.241547743,439505.773302721,2026-04-26 22:33:06,I,0000,정상,,2023-06-08 15:21:02,,2018-12-13,0,,인천광역시 미추홀구 주안동 ***-**,351050003720180044,3510500,000,인천광역시 미추홀구 한나루로***번길 **-** (주안동),22152,,01,영업/정상,,,
피니엔스,,171246.815426949,438356.53321353,2026-04-26 22:33:07,I,0000,정상,,2022-07-11 14:11:00,,2021-03-31,0,,인천광역시 미추홀구 주안동 ****-***,351050003720210006,3510500,000,"인천광역시 미추홀구 인하로***번길 **-**, *층 (주안동)",22217,,01,영업/정상,,,
루루캣,,170864.925824912,439834.900364328,2026-04-26 22:33:08,I,0000,정상,,2022-07-12 10:37:09,,2021-09-15,0,,인천광역시 미추홀구 도화동 ***-**,351050003720210022,3510500,000,인천광역시 미추홀구 경인남길 ***-*(도화동),22137,,01,영업/정상,,,
미니하우스,,168985.512019235,439500.73006926,2026-04-26 22:33:08,I,0000,정상,,2023-08-09 17:10:59,,2023-08-09,0,,인천광역시 미추홀구 용현동 ***-**,351050003720230001,3510500,000,"인천광역시 미추홀구 인주대로***번길 **, *층 (용현동)",22179,,01,영업/정상,,,
네코켓,,170332.386659573,440280.986978089,2026-04-26 22:33:08,I,0000,정상,,2024-03-28 16:37:12,,2024-03-28,0,,인천광역시 미추홀구 도화동 ***-***,351050003720240001,3510500,000,"인천광역시 미추홀구 경인로***번길 **, *층 (도화동)",22165,,01,영업/정상,,,
쉬크독,,171591.274215393,439320.485290207,2026-04-26 22:33:08,I,0000,정상,,2024-08-28 13:21:28,,2024-08-28,0,,인천광역시 미추홀구 주안동 ***-** 우진빌딩,351050003720240002,3510500,000,"인천광역시 미추홀구 미추홀대로 ***, 우진빌딩 *층 (주안동)",22155,,01,영업/정상,,,
애플트리,,170104.576194919,440278.298429999,2026-04-26 22:33:08,I,0000,정상,,2024-12-17 13:33:11,,2024-12-17,0,,인천광역시 미추홀구 도화동 ***-***,351050003720240003,3510500,000,인천광역시 미추홀구 수봉북로 **-** (도화동),22164,,01,영업/정상,,,
카페왈,2022-04-28,169173.79,447961.405,2026-04-26 22:33:03,I,0004,말소,,2018-09-18 10:12:11,,2014-06-30,0,,인천광역시 서구 연희동 ***-*번지 *층 애견카페왈,356000003720140005,3560000,000,"인천광역시 서구 중봉대로***번길 **-**, *층 (연희동, 청라프라자)",22736,,04,취소/말소/만료/정지/중지,,,032-568-7757
도그탑,2023-09-15,172277.053305511,449977.393462,2026-04-26 22:33:05,I,0002,폐업,,2023-09-15 13:50:41,,2018-08-22,0,,인천광역시 서구 공촌동 ***,356000003720180040,3560000,000,인천광역시 서구 경명대로***번길 * (공촌동),22709,,03,폐업,,,
언니네,2022-04-28,171711.14582326,449130.667344719,2026-04-26 22:33:07,I,0004,말소,,2021-02-26 15:50:56,,2021-02-26,0,,인천광역시 서구 심곡동 ***,356000003720210007,3560000,000,"인천광역시 서구 탁옥로**번길 *-*, *층 ***호 (심곡동)",22714,,04,취소/말소/만료/정지/중지,,,032-567-6665
아이퍼피,2022-04-28,206507.287509192,449547.997746211,2026-04-26 22:32:34,I,0004,말소,,2013-12-19 17:12:02,,2013-09-26,0,,서울특별시 광진구 군자동 ***,304000003720090016,3040000,000,서울특별시 광진구 능동로 *** (군자동),,,04,취소/말소/만료/정지/중지,,,02-497-3111
독한 녀석들,2022-04-28,208170.424696466,448630.631340317,2026-04-26 22:32:34,I,0004,말소,,2015-12-30 11:38:13,,2015-04-30,0,,서울특별시 광진구 구의동 윤화빌딩 *층,304000003720150004,3040000,000,"서울특별시 광진구 아차산로 ***, *층 (구의동, 윤화빌딩)",05035,,04,취소/말소/만료/정지/중지,,,070-8822-5959
마루동물병원,2022-04-28,212732.224573984,443096.786433541,2026-04-26 22:33:01,I,0004,말소,,2018-06-26 14:31:10,,2017-07-05,0,,,323000003720170005,3230000,000,"서울특별시 송파구 양산로*길 **, *층 ***호 (거여동, 우토 파크빌딩)",05779,,04,취소/말소/만료/정지/중지,,,02-443-8898
멍멍멍,2022-04-28,210357.375077208,444083.716311538,2026-04-26 22:33:03,I,0004,말소,,2021-12-30 15:58:10,,2020-03-31,0,,서울특별시 송파구 가락동 ** 금강빌딩,323000003720200011,3230000,000,"서울특별시 송파구 양재대로**길 *, 금강빌딩 *층 (가락동)",05708,,04,취소/말소/만료/정지/중지,,,
위드멍,2022-04-28,209393.579690936,444298.606562109,2026-04-26 22:33:03,I,0004,말소,,2021-12-02 09:52:33,,2021-12-02,0,,서울특별시 송파구 석촌동 *** 림스빌딩,323000003720210045,3230000,000,"서울특별시 송파구 가락로 **, 림스빌딩 *층 (석촌동)",05696,,04,취소/말소/만료/정지/중지,,,
한국시바견클럽,,198393.998851488,426932.375325361,2026-04-26 22:00:48,I,0000,정상,,2024-11-11 08:49:26,,2021-12-08,0,,경기도 의왕시 왕곡동 *** 남강농원,403000003720210010,4030000,000,"경기도 의왕시 왕곡로 **, 남강농원 (왕곡동)",16066,,01,영업/정상,,,
새한 캐터리,,200103.084970998,432715.367291688,2026-04-26 22:00:48,I,0000,정상,,2024-03-20 10:13:06,,2023-09-07,0,,경기도 의왕시 청계동 ***-*,403000003720230001,4030000,000,"경기도 의왕시 옥박골서길 **, *층 (청계동)",16007,,01,영업/정상,,,
목욕하는고양이,2025-01-03,199944.763582872,447653.015180652,2026-04-26 22:33:03,I,0002,폐업,,2025-01-07 08:10:20,,2018-06-08,0,,서울특별시 용산구 보광동 ***-***,302000003720180005,3020000,000,서울특별시 용산구 우사단로*라길 ** (보광동),04413,,03,폐업,,,02-796-4648
리틀프랜드,2015-07-07,205523.648004219,448661.867079586,2026-04-26 22:32:34,I,0002,폐업,,2015-07-07 17:07:54,,2009-01-06,0,,서울특별시 광진구 자양동 **-**,304000003720090014,3040000,000,서울특별시 광진구 동일로 ** (자양동),05071,,03,폐업,,,02-461-3770
원더펫,2020-01-31,207096.304182846,450926.602603168,2026-04-26 22:32:34,I,0002,폐업,,2020-02-03 09:12:05,,2017-03-17,0,,,304000003720170003,3040000,000,"서울특별시 광진구 능동로 ***-*, *층 (중곡동, 동남빌딩)",04915,,03,폐업,,,
강아지발바닥,2021-11-29,207864.316908535,448824.977636527,2026-04-26 22:32:35,I,0002,폐업,,2021-11-29 17:35:43,,2018-04-23,0,,서울특별시 광진구 구의동 ***-**,304000003720180007,3040000,000,"서울특별시 광진구 구의로 **-*, *층 (구의동)",05037,,03,폐업,,,
도로시,2021-01-28,206925.451356317,450626.390454701,2026-04-26 22:32:35,I,0002,폐업,,2021-01-28 13:26:29,,2018-04-30,0,,서울특별시 광진구 중곡동 ***-**,304000003720180011,3040000,000,서울특별시 광진구 능동로**길 *-* (중곡동),04919,,03,폐업,,,
은평애견,2018-08-10,193211.220659405,457149.350968864,2026-04-26 22:33:04,I,0002,폐업,,2018-08-10 16:38:44,,2017-08-29,,,서울특별시 은평구 불광동 ***-*,311000003720170009,3110000,000,서울특별시 은평구 통일로 ***-* (불광동),03351,,03,폐업,,,
야옹하우스,2019-10-18,192898.249763129,456416.932461548,2026-04-26 22:33:04,I,0002,폐업,,2019-10-18 16:26:42,,2018-05-03,0,,서울특별시 은평구 대조동 ***-** 지층,311000003720180007,3110000,000,"서울특별시 은평구 역말로 ***-**, 지층 (대조동)",03393,,03,폐업,,,
노버래그 캐터리,2024-06-28,193329.748443156,455503.022360376,2026-04-26 22:33:04,I,0002,폐업,,2024-06-28 17:15:35,,2018-07-30,0,,서울특별시 은평구 응암동 **-**,311000003720180021,3110000,000,서울특별시 은평구 은평로**길 *-* (응암동),03460,,03,폐업,,,02-357-7497
쿠키돌,2024-07-05,191940.953016821,453788.449184071,2026-04-26 22:33:04,I,0002,폐업,,2024-12-06 18:03:02,,2018-09-17,0,,서울특별시 은평구 증산동 ***-*,311000003720180032,3110000,000,서울특별시 은평구 증산서길 ***-** (증산동),03496,,03,폐업,,,
우리집고양이,2024-12-08,192286.960437257,458131.439331831,2026-04-26 22:33:06,I,0002,폐업,,2024-12-12 11:08:59,,2020-07-03,0,,서울특별시 은평구 갈현동 ***-**,311000003720200016,3110000,000,서울특별시 은평구 갈현로**가길 **-** (갈현동),03317,,03,폐업,,,
조아라펫,2024-10-15,192911.322022432,455624.659828118,2026-04-26 22:33:06,I,0002,폐업,,2024-10-16 10:25:35,,2024-06-28,0,,서울특별시 은평구 역촌동 **-**,311000003720240002,3110000,000,"서울특별시 은평구 진흥로*길 *-*, *층 (역촌동)",03405,,03,폐업,,,
캣스토리,2022-06-15,212605.069862684,443420.85223664,2026-04-26 22:33:01,I,0002,폐업,,2022-07-18 15:13:03,,2018-06-08,0,,서울특별시 송파구 거여동 ***-**,323000003720180035,3230000,000,"서울특별시 송파구 양산로*길 *-*, *층 (거여동)",05772,,03,폐업,,,
토야몰,2020-01-21,170656.961758871,443423.138573147,2026-04-26 22:33:04,I,0002,폐업,,2020-01-21 17:54:01,,2015-06-16,0,,인천광역시 서구 가좌동 ***-***,356000003720150021,3560000,000,인천광역시 서구 가정로**번길 ** (가좌동),22837,,03,폐업,,,
인천 우리,2017-01-16,171353.184471962,443962.980868441,2026-04-26 22:33:04,I,0002,폐업,,2017-01-17 09:51:53,,2015-09-16,0,,인천광역시 서구 가좌동 ***-*,356000003720150025,3560000,000,인천광역시 서구 가석로***번길 **-* (가좌동),22808,,03,폐업,,,
스퀘어독스,2024-03-12,169954.955,447670.33,2026-04-26 22:33:04,I,0002,폐업,,2024-03-12 12:47:31,,2018-04-10,0,,인천광역시 서구 연희동 ***-**,356000003720180007,3560000,000,"인천광역시 서구 담지로*번길 **, *층 (연희동)",22733,,03,폐업,,,032-568-1063
깜순이,2023-12-21,171344.942785911,444652.617515094,2026-04-26 22:33:04,I,0002,폐업,,2023-12-22 17:40:38,,2018-05-02,0,,인천광역시 서구 석남동 ***-**,356000003720180015,3560000,000,인천광역시 서구 길주로***번길 **-* (석남동),22803,,03,폐업,,,
BLUE&amp;CO,2021-09-23,171424.18068857,443268.403900928,2026-04-26 22:33:05,I,0002,폐업,,2021-09-24 17:19:37,,2018-09-20,0,,인천광역시 서구 가좌동 ***-** *층,356000003720180054,3560000,000,"인천광역시 서구 원적로**번길 **-*, *층 (가좌동)",22818,,03,폐업,,,
블루하우스,2024-04-12,171180.491248057,443682.125177892,2026-04-26 22:33:05,I,0002,폐업,,2024-04-12 15:46:06,,2019-01-15,0,,인천광역시 서구 가좌동 ***-** *층,356000003720190002,3560000,000,"인천광역시 서구 가남로 ***-*, *층 (가좌동)",22834,,03,폐업,,,
C-curl,2022-03-30,170375.100641044,458803.947904994,2026-04-26 22:33:06,I,0002,폐업,,2022-03-30 16:00:06,,2019-07-18,0,,인천광역시 서구 대곡동 ***-*,356000003720190025,3560000,000,인천광역시 서구 대곡로***번길 **-* (대곡동),22600,,03,폐업,,,
오드리샵,2024-02-06,167013.697472589,448814.77985103,2026-04-26 22:33:07,I,0002,폐업,,2024-02-06 17:41:34,,2022-09-22,0,,인천광역시 서구 청라동 **-*,356000003720220028,3560000,000,인천광역시 서구 청라한내로***번길 *-**(청라동),22752,,03,폐업,,,
K.F.C 켄넬,2023-05-11,154279.427174811,443486.154922787,2026-04-26 22:33:03,I,0002,폐업,,2023-05-11 15:15:15,,2018-04-10,0,,인천광역시 중구 운서동 ****-*,349000003720180004,3490000,000,"인천광역시 중구 신도시남로**번길 *, *동 *층 (운서동)",22369,,03,폐업,,,
닥스라인 불리 코리아,2022-04-04,147578.821014652,439048.188253835,2026-04-26 22:33:03,I,0002,폐업,,2022-04-08 10:02:20,,2018-04-16,0,,인천광역시 중구 남북동 ***-*,349000003720180005,3490000,000,인천광역시 중구 남북로**번길 **-* (남북동),22384,,03,폐업,,,
ONG,2021-02-10,159134.642388786,446124.690035274,2026-04-26 22:33:03,I,0002,폐업,,2021-02-10 16:07:20,,2018-04-17,0,,인천광역시 중구 운북동 *-**,349000003720180006,3490000,000,인천광역시 중구 논골길 **-* (운북동),22357,,03,폐업,,,
캐츠 파파,2023-12-20,159395.928361779,443799.523105569,2026-04-26 22:33:03,I,0002,폐업,,2023-12-21 09:20:26,,2018-05-03,0,,인천광역시 중구 운남동 ***-**,349000003720180011,3490000,000,인천광역시 중구 운중로**번길 **-* (운남동),22359,,03,폐업,,,
엘리네,2019-11-14,167021.026451267,441391.525246579,2026-04-26 22:33:03,I,0002,폐업,,2019-11-14 14:02:57,,2018-08-14,0,,인천광역시 중구 내동 **-**,349000003720180015,3490000,000,인천광역시 중구 개항로**번길 **-** (내동),22316,,03,폐업,,,
우다다돌스,2019-12-01,158987.242860361,445655.255059667,2026-04-26 22:33:04,I,0002,폐업,,2020-01-14 16:38:48,,2019-02-21,0,,인천광역시 중구 운북동 **-*,349000003720190010,3490000,000,인천광역시 중구 논골*길 ** (운북동),22357,,03,폐업,,,
콩이,2023-12-26,158287.336369359,445162.137326873,2026-04-26 22:33:04,I,0002,폐업,,2023-12-26 17:30:33,,2019-07-18,0,,인천광역시 중구 운북동 **-*,349000003720190013,3490000,000,인천광역시 중구 백운로***번길 ** (운북동),22357,,03,폐업,,,
불리 갱스터,2022-10-20,158254.828182391,444835.37818629,2026-04-26 22:33:04,I,0002,폐업,,2023-12-18 14:23:52,,2019-08-14,0,,인천광역시 중구 운북동 **-**,349000003720190016,3490000,000,인천광역시 중구 백운로***번길 * (운북동),22360,2020-09-21,03,폐업,,,
버니즈동산,2022-12-21,160632.943495691,445316.623524986,2026-04-26 22:33:04,I,0002,폐업,,2022-12-22 10:24:06,,2021-06-18,0,,인천광역시 중구 중산동 ****-**,349000003720210012,3490000,000,인천광역시 중구 영종순환로***번길 ***-* (중산동),22358,,03,폐업,,,
가루시루,2022-03-22,168124.945933102,440805.534486608,2026-04-26 22:33:04,I,0002,폐업,,2022-03-24 10:35:19,,2021-07-06,0,,인천광역시 중구 도원동 **-**,349000003720210014,3490000,000,인천광역시 중구 도원로**번길 **-**(도원동),22327,,03,폐업,,,
래브라도 홈,2024-07-24,154845.044728322,443829.960203364,2026-04-26 22:33:05,I,0002,폐업,,2024-07-24 14:47:43,,2023-06-02,0,,인천광역시 중구 운서동 ****-*,349000003720230001,3490000,000,인천광역시 중구 신도시북로***번길 ** (운서동),22366,,03,폐업,,,
pet house 진영,2019-04-15,172236.839574614,439561.023407517,2026-04-26 22:33:04,I,0002,폐업,,2019-04-16 10:29:43,,2016-01-08,,,인천광역시 미추홀구 주안동 ***-**,351000003720160002,3510500,000,인천광역시 미추홀구 경인로 ***-* (주안동),22149,,03,폐업,,,
파란하늘천사,2020-04-20,170831.71148866,438565.726578329,2026-04-26 22:33:04,I,0002,폐업,,2020-04-20 13:18:13,,2016-07-20,0,,인천광역시 미추홀구 주안동 ***-**,351000003720160008,3510500,000,인천광역시 미추홀구 인하로 *** (주안동),22213,,03,폐업,,,
꽃개,2020-10-08,172126.34515082,437211.993888593,2026-04-26 22:33:04,I,0002,폐업,,2020-10-08 12:35:17,,2016-07-28,0,,인천광역시 미추홀구 문학동 ***-*,351000003720160010,3510500,000,인천광역시 미추홀구 소성로***번길 ** (문학동),22238,,03,폐업,,,
미도애견나라,2018-08-07,170475.417862056,438295.815709952,2026-04-26 22:33:04,I,0002,폐업,,2018-08-07 15:26:35,,2016-09-12,0,,인천광역시 미추홀구 학익동 ***-*,351000003720160014,3510500,000,인천광역시 미추홀구 한나루로 ***-* (학익동),22219,,03,폐업,,,
아가네,2019-08-08,171630.727219941,440896.381042022,2026-04-26 22:33:04,I,0002,폐업,,2019-08-09 11:37:46,,2016-09-30,0,,인천광역시 미추홀구 주안동 **-**,351000003720160018,3510500,000,인천광역시 미추홀구 길파로 ** (주안동),22125,,03,폐업,,,
배달캔넬,2020-07-20,170714.450591538,438537.792034962,2026-04-26 22:33:04,I,0002,폐업,,2023-06-16 17:53:34,,2016-10-11,0,,인천광역시 미추홀구 주안동 ***-*,351000003720160020,3510500,000,인천광역시 미추홀구 인하로 ***-* (주안동),22218,,03,폐업,,,
한국동물원운영,2019-08-26,170606.634103205,438333.458912795,2026-04-26 22:33:04,I,0002,폐업,,2019-08-26 17:01:34,,2018-04-16,0,,인천광역시 미추홀구 학익동 *-**,351000003720180002,3510500,000,인천광역시 미추홀구 학익소로*번길 ** (학익동),22218,,03,폐업,,,
미미,2019-10-28,172752.363269424,439630.639681688,2026-04-26 22:33:06,I,0002,폐업,,2019-10-28 14:06:48,,2018-08-16,0,,인천광역시 미추홀구 주안동 ****-**,351050003720180009,3510500,000,인천광역시 미추홀구 구월로**번길 **-** (주안동),22145,,03,폐업,,,
써니네,2019-12-03,172668.522039319,438493.870088571,2026-04-26 22:33:06,I,0002,폐업,,2019-12-03 17:32:45,,2018-08-29,0,,인천광역시 미추홀구 주안동 ****-*,351050003720180013,3510500,000,인천광역시 미추홀구 인주대로***번길 **-** (주안동),22239,,03,폐업,,,
미미캣츠,2019-12-15,170020.238538536,438982.973154027,2026-04-26 22:33:06,I,0002,폐업,,2023-06-13 17:24:51,,2018-10-11,0,,인천광역시 미추홀구 용현동 **-**,351050003720180035,3510500,000,인천광역시 미추홀구 인주대로***번길 **-** (용현동),22208,,03,폐업,,,
아띠,2022-12-27,171210.201484637,439349.61516069,2026-04-26 22:33:07,I,0002,폐업,,2022-12-27 10:08:00,,2019-06-28,0,,인천광역시 미추홀구 주안동 ***-**,351050003720190016,3510500,000,인천광역시 미추홀구 제일로**번길 **-** (주안동),22156,,03,폐업,,,
H&amp;H켓,2021-04-09,168538.368821978,439733.35962887,2026-04-26 22:33:07,I,0002,폐업,,2025-02-19 16:29:45,,2019-07-16,0,,인천광역시 미추홀구 숭의동 ***-**,351050003720190019,3510500,000,인천광역시 미추홀구 장천로 *-** (숭의동),22173,,03,폐업,,,
HJ,2023-01-31,171384.529198407,439297.418641762,2026-04-26 22:33:07,I,0002,폐업,,2023-01-31 11:17:49,,2019-09-03,0,,인천광역시 미추홀구 주안동 ***-**,351050003720190024,3510500,000,"인천광역시 미추홀구 남주길***번길 **-**, *층 (주안동)",22155,,03,폐업,,,
야옹숲,2021-08-22,171960.887496885,439141.94662973,2026-04-26 22:33:07,I,0002,폐업,,2021-10-14 13:20:00,,2019-12-02,0,,인천광역시 미추홀구 주안동 ***-**,351050003720190033,3510500,000,"인천광역시 미추홀구 동주길**번길 **-*, *층 (주안동)",22151,,03,폐업,,,
Elin Cat,2023-03-03,170223.550744475,438193.903430634,2026-04-26 22:33:07,I,0002,폐업,,2023-03-08 09:37:10,,2020-04-17,0,,인천광역시 미추홀구 학익동 ***-***,351050003720200007,3510500,000,인천광역시 미추홀구 재넘이길**번길 ** (학익동),22210,,03,폐업,,,
오구귀엽냥,2021-08-01,172340.995979581,439261.823330854,2026-04-26 22:33:07,I,0002,폐업,,2022-10-05 15:47:54,,2020-10-05,0,,인천광역시 미추홀구 주안동 ***-**,351050003720200017,3510500,000,인천광역시 미추홀구 동주길**번길 **-* (주안동),22149,,03,폐업,,,
메르시켄넬,,198393.998851488,426932.375325361,2026-04-26 22:00:48,I,0000,정상,,2021-04-05 15:33:05,,2021-03-25,0,,경기도 의왕시 왕곡동 *** 남강농원,403000003720210001,4030000,000,"경기도 의왕시 왕곡로 **, 남강농원 (왕곡동)",16066,,01,영업/정상,,,
베스트도그앤캣,2022-04-28,201612.375604261,451967.88007363,2026-04-26 22:33:06,I,0004,말소,,2018-04-09 17:46:11,,2008-11-13,0,,서울특별시 중구 황학동,301000003720070001,3010000,000,서울특별시 중구 마장로*길 **-* (황학동),04571,,04,취소/말소/만료/정지/중지,,,22527772
삼성애견,2022-04-28,201117.708068807,450630.553974066,2026-04-26 22:33:06,I,0004,말소,,2021-12-03 16:15:43,,2008-10-31,0,,서울특별시 중구 신당동 ***-***,301000003720080001,3010000,000,"서울특별시 중구 다산로**길 **, *층 (신당동)",04589,,04,취소/말소/만료/정지/중지,,,
애견일번지,2022-04-28,,,2026-04-26 22:33:06,I,0004,말소,,2018-04-27 09:06:09,,2008-10-31,0,,서울특별시 중구 충무로*가,301000003720080002,3010000,000,서울특별시 중구 퇴계로**길 *** (충무로*가),,,04,취소/말소/만료/정지/중지,,,22795474
참피온애견,2022-04-28,,,2026-04-26 22:33:06,I,0004,말소,,2013-11-05 18:37:22,,2008-10-31,,,서울특별시 중구 충무로*가 ***-*,301000003720080003,3010000,000,,,,04,취소/말소/만료/정지/중지,,,22677743
뉴욕애견,2022-04-28,199618.547455422,451079.717791291,2026-04-26 22:33:06,I,0004,말소,,2014-01-02 14:58:26,,2008-10-31,0,,서울특별시 중구 충무로*가,301000003720080004,3010000,000,서울특별시 중구 퇴계로 *** (충무로*가),04558,,04,취소/말소/만료/정지/중지,,,22649032
SM애견,2022-04-28,,,2026-04-26 22:33:06,I,0004,말소,,2011-12-30 15:03:20,,2008-10-31,,,서울특별시 중구 충무로*가 ***,301000003720080005,3010000,000,,,,04,취소/말소/만료/정지/중지,,,22741259
우리집막내둥이,2022-04-28,199627.573737549,451090.724286748,2026-04-26 22:33:06,I,0004,말소,,2019-12-03 14:11:31,,2014-06-23,0,,서울특별시 중구 충무로*가 ***-**,301000003720080006,3010000,000,서울특별시 중구 퇴계로 *** (충무로*가),04558,,04,취소/말소/만료/정지/중지,,,22724326
뚜뚜애견,2022-04-28,199902.978873567,451114.759444985,2026-04-26 22:33:06,I,0004,말소,,2018-04-27 09:06:34,,2008-10-31,0,,서울특별시 중구 묵정동 **-**,301000003720080007,3010000,000,서울특별시 중구 퇴계로 *** (묵정동),04619,,04,취소/말소/만료/정지/중지,,,22795505
준애견,2022-04-28,,,2026-04-26 22:33:06,I,0004,말소,,2011-02-15 11:41:59,,2008-10-31,,,서울특별시 중구 묵정동 **-*,301000003720080008,3010000,000,,,,04,취소/말소/만료/정지/중지,,,22782309
한국애견경매장,2022-04-28,199917.446868146,451116.166518376,2026-04-26 22:33:06,I,0004,말소,,2014-08-29 14:03:42,,2008-10-31,0,,서울특별시 중구 묵정동 **-*,301000003720080009,3010000,000,"서울특별시 중구 퇴계로 ***-*, *층 (묵정동)",04619,,04,취소/말소/만료/정지/중지,,,22789822
서울애견도매센타,2022-04-28,,,2026-04-26 22:33:06,I,0004,말소,,2013-11-05 18:31:25,,2008-10-31,,,서울특별시 중구 충무로*가 **-*,301000003720080010,3010000,000,,,,04,취소/말소/만료/정지/중지,,,22697565
프로애견,2022-04-28,199618.547455422,451079.717791291,2026-04-26 22:33:06,I,0004,말소,,2021-06-09 15:13:37,,2008-10-31,0,,서울특별시 중구 충무로*가 ***,301000003720080011,3010000,000,서울특별시 중구 퇴계로 *** (충무로*가),04558,,04,취소/말소/만료/정지/중지,,,22784091
광일애견,2022-04-28,,,2026-04-26 22:33:06,I,0004,말소,,2012-10-11 11:17:04,,2008-10-31,,,서울특별시 중구 충무로*가 **-*,301000003720080012,3010000,000,,,,04,취소/말소/만료/정지/중지,,,22761238
탑애견,2022-04-28,199713.657726079,451055.847208306,2026-04-26 22:33:06,I,0004,말소,,2018-04-27 09:05:16,,2008-10-31,0,,서울특별시 중구 충무로*가 **-*,301000003720080013,3010000,000,서울특별시 중구 퇴계로 *** (충무로*가),04624,,04,취소/말소/만료/정지/중지,,,22795742
명품애견,2022-04-28,199768.512299332,451071.022960139,2026-04-26 22:33:06,I,0004,말소,,2015-02-13 16:50:30,,2008-10-31,0,,서울특별시 중구 충무로*가 **-*,301000003720080014,3010000,000,서울특별시 중구 퇴계로 *** (충무로*가),04624,,04,취소/말소/만료/정지/중지,,,22641829
일번지애견,2022-04-28,199667.464688622,451098.699702399,2026-04-26 22:33:06,I,0004,말소,,2020-10-27 16:06:12,,2008-10-31,0,,서울특별시 중구 충무로*가 **-*,301000003720080015,3010000,000,서울특별시 중구 퇴계로 ***-* (충무로*가),04558,,04,취소/말소/만료/정지/중지,,,22692933
파빌론애견,2022-04-28,199865.756125116,451102.390346095,2026-04-26 22:33:06,I,0004,말소,,2018-04-27 09:06:52,,2008-10-31,0,,서울특별시 중구 묵정동 **-*,301000003720080016,3010000,000,서울특별시 중구 퇴계로 *** (묵정동),,,04,취소/말소/만료/정지/중지,,,22791016
펫,2022-04-28,199646.87000512,451091.938273853,2026-04-26 22:33:06,I,0004,말소,,2021-05-04 15:33:19,,2010-08-27,0,,서울특별시 중구 충무로*가 ***-* *층,301000003720100001,3010000,000,"서울특별시 중구 퇴계로 ***, *층 (충무로*가)",04558,,04,취소/말소/만료/정지/중지,,,22681255
월드컵애견,2022-04-28,199930.85829926,451121.344849729,2026-04-26 22:33:06,I,0004,말소,,2011-10-24 13:21:35,,2011-02-18,,,서울특별시 중구 묵정동 **-*,301000003720110001,3010000,000,서울특별시 중구 퇴계로 ***-* (묵정동),,,04,취소/말소/만료/정지/중지,,,22782309
웰펫동물병원,2022-04-28,200945.265627675,450226.825477041,2026-04-26 22:33:06,I,0004,말소,,2013-10-21 16:41:43,,2011-04-12,,,서울특별시 중구 신당동 ***-**,301000003720110002,3010000,000,서울특별시 중구 동호로 *** (신당동),,,04,취소/말소/만료/정지/중지,,,22567582
스타독,2022-04-28,199657.381819462,451092.981919045,2026-04-26 22:33:06,I,0004,말소,,2019-12-18 17:00:17,,2011-06-15,0,,서울특별시 중구 충무로*가 **-* *층,301000003720110003,3010000,000,"서울특별시 중구 퇴계로 ***, *층 (충무로*가)",04558,,04,취소/말소/만료/정지/중지,,,22662805
위즈펫,2022-04-28,197242.994816102,450658.947895548,2026-04-26 22:33:06,I,0004,말소,,2018-02-27 14:34:43,,2011-07-19,0,,서울특별시 중구 봉래동*가 ***,301000003720110004,3010000,000,"서울특별시 중구 청파로 ***, *층 (봉래동*가, 롯데마트)",04509,,04,취소/말소/만료/정지/중지,,,
하주립애견,2022-04-28,199930.85829926,451121.344849729,2026-04-26 22:33:06,I,0004,말소,,2016-01-29 15:18:43,,2011-10-31,0,,서울특별시 중구 묵정동 **-*,301000003720110005,3010000,000,서울특별시 중구 퇴계로 ***-* (묵정동),04619,,04,취소/말소/만료/정지/중지,,,22782309
펫하우스,2022-04-28,199618.547455422,451079.717791291,2026-04-26 22:33:06,I,0004,말소,,2021-04-05 15:03:21,,2012-01-05,0,,서울특별시 중구 충무로*가 ***,301000003720120001,3010000,000,서울특별시 중구 퇴계로 *** (충무로*가),04558,,04,취소/말소/만료/정지/중지,,,02-2274-1259
(주)이마트 청계천점,2022-04-28,201823.908977364,452076.818664092,2026-04-26 22:33:06,I,0004,말소,,2019-10-25 09:35:49,,2012-08-13,0,,서울특별시 중구 황학동 **** 이마트청계천점 지하*층,301000003720120002,3010000,L00,"서울특별시 중구 청계천로 ***, 지하*층 (황학동, 이마트청계천점)",04572,,04,취소/말소/만료/정지/중지,,,02-2290-1052
롯데마트 서울역점 2층 수족관,2022-04-28,197242.994816102,450658.947895548,2026-04-26 22:33:06,I,0004,말소,,2017-03-31 09:34:01,,2012-09-04,0,,서울특별시 중구 봉래동*가 ***,301000003720120003,3010000,000,서울특별시 중구 청파로 *** (봉래동*가),,,04,취소/말소/만료/정지/중지,,,02-2601-7064
Mr. Pet,2022-04-28,199930.85829926,451121.344849729,2026-04-26 22:33:06,I,0004,말소,,2016-11-28 13:28:55,,2014-04-09,0,,서울특별시 중구 묵정동 **-*,301000003720140001,3010000,000,서울특별시 중구 퇴계로 ***-* (묵정동),04619,,04,취소/말소/만료/정지/중지,,,070-8235-6191
빠리빠리,2022-04-28,200809.914617529,450438.308878994,2026-04-26 22:33:06,I,0004,말소,,2018-04-27 09:07:20,,2015-05-14,0,,서울특별시 중구 신당동 ***-*,301000003720150001,3010000,000,"서울특별시 중구 동호로 ***, *층 (신당동, 청화빌딩)",04607,,04,취소/말소/만료/정지/중지,,,02-2233-8220
굿독,2022-04-28,199646.87000512,451091.938273853,2026-04-26 22:33:06,I,0004,말소,,2019-04-10 12:41:18,,2015-10-21,0,,서울특별시 중구 충무로*가,301000003720150002,3010000,000,서울특별시 중구 퇴계로 *** (충무로*가),04558,,04,취소/말소/만료/정지/중지,,,
엠씨멍,2022-04-28,201423.682428171,451344.551966398,2026-04-26 22:33:06,I,0004,말소,,2018-04-27 09:05:38,,2015-10-30,0,,서울특별시 중구 신당동,301000003720150003,3010000,000,서울특별시 중구 퇴계로**길 ** (신당동),04585,,04,취소/말소/만료/정지/중지,,,
이그조틱코리아,2022-04-28,201866.039519433,451543.337800303,2026-04-26 22:33:06,I,0004,말소,,2018-05-31 09:31:06,,2018-05-31,0,,서울특별시 중구 황학동,301000003720160001,3010000,000,"서울특별시 중구 퇴계로 ***, *층 ***호 (황학동, 황학 아크로타워)",04575,,04,취소/말소/만료/정지/중지,,,
(주)밀레펫 청계천점,2022-04-28,201823.908977364,452076.818664092,2026-04-26 22:33:06,I,0004,말소,,2017-08-01 16:06:45,,2017-08-01,0,,서울특별시 중구 황학동 ****,301000003720170001,3010000,L00,"서울특별시 중구 청계천로 ***, 지하*층 (황학동, 롯데캐슬베네치아)",04572,,04,취소/말소/만료/정지/중지,,,
동물보육원,2022-04-28,200893.0430559,449947.401377686,2026-04-26 22:33:06,I,0004,말소,,2022-01-28 17:18:38,,2018-02-28,0,,서울특별시 중구 신당동 ***-***,301000003720180001,3010000,000,"서울특별시 중구 동호로*길 **, *층 ***호 (신당동)",04596,,04,취소/말소/만료/정지/중지,,,
대한동물병원,2022-04-28,199655.746062675,451086.874410496,2026-04-26 22:33:06,I,0004,말소,,2021-12-01 13:33:42,,2018-04-10,0,,서울특별시 중구 충무로*가 **-*,301000003720180002,3010000,000,"서울특별시 중구 퇴계로 ***, *층 (충무로*가)",04558,,04,취소/말소/만료/정지/중지,,,02-2263-6134
(주)코리아팩토리,2022-04-28,200743.604803356,450138.549769796,2026-04-26 22:33:06,I,0004,말소,,2020-02-25 17:23:28,,2018-05-02,0,,서울특별시 중구 신당동 ***-* 전진빌딩,301000003720180003,3010000,L00,"서울특별시 중구 동호로**길 **, 전진빌딩 *층 (신당동)",04598,,04,취소/말소/만료/정지/중지,,,02-2256-7112
(주)써니스펫,2022-04-28,201823.908977364,452076.818664092,2026-04-26 22:33:06,I,0004,말소,,2021-12-15 17:41:59,,2018-05-10,0,,서울특별시 중구 황학동 **** 롯데캐슬베네치아 지하*층,301000003720180004,3010000,L00,"서울특별시 중구 청계천로 ***, 지하 *층 (황학동, 롯데캐슬베네치아)",04572,,04,취소/말소/만료/정지/중지,,,
바우미우동물병원,2022-04-28,201064.963697104,450779.720971036,2026-04-26 22:33:06,I,0004,말소,,2018-05-17 13:10:26,,2018-05-17,0,,서울특별시 중구 신당동 ***-* 명덕빌딩,301000003720180005,3010000,000,"서울특별시 중구 다산로 ***, 명덕빌딩 *층 (신당동)",04608,,04,취소/말소/만료/정지/중지,,,02-2237-3366
COZY,2022-04-28,201252.508004421,450817.329698139,2026-04-26 22:33:06,I,0004,말소,,2018-09-13 07:32:01,,2018-09-12,0,,서울특별시 중구 신당동 ***-**,301000003720180006,3010000,000,"서울특별시 중구 청구로 **, *층 (신당동)",04589,,04,취소/말소/만료/정지/중지,,,02-2253-6686
바른동물병원,2022-04-28,201866.039519433,451543.337800303,2026-04-26 22:33:06,I,0004,말소,,2018-09-14 09:31:17,,2018-09-14,0,,서울특별시 중구 황학동 **** 황학 아크로타워,301000003720180007,3010000,000,"서울특별시 중구 퇴계로 ***, *층 ***호 (황학동, 황학 아크로타워)",04575,,04,취소/말소/만료/정지/중지,,,22327975
백슬동물병원,2022-04-28,196907.998491537,450316.399509271,2026-04-26 22:33:06,I,0004,말소,,2022-02-16 14:23:46,,2018-10-01,0,,서울특별시 중구 만리동*가 **-*,301000003720180008,3010000,000,"서울특별시 중구 만리재로 ***, 한라비발디센트럴 *층상가 (만리동*가)",04501,,04,취소/말소/만료/정지/중지,,,
남산동물병원,2022-04-28,200750.455125653,449638.824308081,2026-04-26 22:33:06,I,0004,말소,,2018-10-01 17:12:34,,2018-10-01,0,,서울특별시 중구 신당동 *** 남산타운,301000003720180009,3010000,000,"서울특별시 중구 다산로 **, *상가동 ***호 (신당동, 남산타운)",04595,,04,취소/말소/만료/정지/중지,,,22568275
좋아요동물병원,2022-04-28,201618.834979518,450916.705246197,2026-04-26 22:33:06,I,0004,말소,,2018-10-01 17:17:05,,2018-10-01,0,,서울특별시 중구 신당동 **-**,301000003720180010,3010000,000,"서울특별시 중구 다산로**길 **, *층 (신당동)",04584,,04,취소/말소/만료/정지/중지,,,22336675
미래지동물의료센터,2022-04-28,200783.119589726,450153.784342829,2026-04-26 22:33:06,I,0004,말소,,2018-10-11 09:53:41,,2018-10-11,0,,서울특별시 중구 신당동 ***-**,301000003720180011,3010000,000,"서울특별시 중구 다산로 ***, *층 (신당동)",04598,,04,취소/말소/만료/정지/중지,,,22337574
올펫,2022-04-28,200561.819980209,449752.254511833,2026-04-26 22:33:06,I,0004,말소,,2020-02-25 17:26:27,,2019-03-06,0,,서울특별시 중구 신당동 ***-***,301000003720190001,3010000,000,서울특별시 중구 다산로*길 * (신당동),04600,,04,취소/말소/만료/정지/중지,,,
애뚜애뚜,2022-04-28,201556.450686404,450973.268089566,2026-04-26 22:33:06,I,0004,말소,,2019-03-07 10:53:01,,2019-03-07,0,,서울특별시 중구 신당동 **-**,301000003720190002,3010000,000,"서울특별시 중구 다산로**길 **, *-*층 (신당동)",04584,,04,취소/말소/만료/정지/중지,,,02-2233-7943
마이티그루밍 약수점,2022-04-28,200640.466334248,449978.493556843,2026-04-26 22:33:06,I,0004,말소,,2022-03-25 17:27:38,,2019-04-15,0,,서울특별시 중구 신당동 ***-***,301000003720190004,3010000,000,"서울특별시 중구 다산로 **-*, *층 (신당동)",04599,,04,취소/말소/만료/정지/중지,,,22329702
엔젤펫택시,2022-04-28,200700.79062404,449989.090556399,2026-04-26 22:33:06,I,0004,말소,,2019-05-22 16:46:02,,2019-04-17,0,,서울특별시 중구 신당동 ***-**,301000003720190005,3010000,L00,"서울특별시 중구 다산로 **, *층 (신당동)",04597,,04,취소/말소/만료/정지/중지,,,1577-0423
강아지 마법사 골드맘,2022-04-28,201470.91154056,451066.603311893,2026-04-26 22:33:06,I,0004,말소,,2021-04-22 10:46:38,,2019-05-03,0,,서울특별시 중구 신당동 ***-**,301000003720190006,3010000,000,"서울특별시 중구 다산로**나길 **, 동심빌딩 ***호 (신당동)",04585,,04,취소/말소/만료/정지/중지,,,
동물보육원,2022-04-28,200893.0430559,449947.401377686,2026-04-26 22:33:06,I,0004,말소,,2022-01-28 17:16:47,,2019-05-03,0,,서울특별시 중구 신당동 ***-***,301000003720190007,3010000,000,"서울특별시 중구 동호로*길 **, *층 ***호 (신당동)",04596,,04,취소/말소/만료/정지/중지,,,02-2233-2513
메종동물병원,2022-04-28,201341.792321443,451246.571908878,2026-04-26 22:33:06,I,0004,말소,,2019-05-14 10:52:40,,2019-05-14,0,,서울특별시 중구 신당동 ***-*,301000003720190008,3010000,000,"서울특별시 중구 다산로 ***, 하나빌딩 *층 (신당동)",04585,,04,취소/말소/만료/정지/중지,,,02-2038-7555
애뚜애뚜,2022-04-28,201556.450686404,450973.268089566,2026-04-26 22:33:06,I,0004,말소,,2019-05-29 11:43:28,,2019-05-29,0,,서울특별시 중구 신당동 **-**,301000003720190009,3010000,000,"서울특별시 중구 다산로**길 **, *층 (신당동)",04584,,04,취소/말소/만료/정지/중지,,,02-2233-7943
웰펫동물병원,2022-04-28,200945.265627675,450226.825477041,2026-04-26 22:33:06,I,0004,말소,,2019-07-29 16:08:19,,2019-07-29,0,,서울특별시 중구 신당동 ***-**,301000003720190010,3010000,000,서울특별시 중구 동호로 *** (신당동),04590,,04,취소/말소/만료/정지/중지,,,02-2256-7582
펫미업,2022-04-28,196697.116895888,450217.095147509,2026-04-26 22:33:06,I,0004,말소,,2019-12-05 14:02:22,,2019-10-28,0,,서울특별시 중구 만리동*가 ***-* 서울역센트럴자이 ***동 ***호,301000003720190011,3010000,000,"서울특별시 중구 만리재로 ***, ***동 ***호 (만리동*가, 서울역센트럴자이)",04500,,04,취소/말소/만료/정지/중지,,,
아이엠코리아트래블,2022-04-28,199023.967503662,451105.474557896,2026-04-26 22:33:06,I,0004,말소,,2020-12-30 14:51:14,,2019-11-25,0,,서울특별시 중구 충무로*가 **-* 라이온스빌딩,301000003720190012,3010000,000,"서울특별시 중구 삼일대로*길 *, 라이온스빌딩 *층 ****호 (충무로*가)",04553,,04,취소/말소/만료/정지/중지,,,
스타독,2022-04-28,199655.746062675,451086.874410496,2026-04-26 22:33:06,I,0004,말소,,2020-01-14 16:34:56,,2020-01-14,0,,서울특별시 중구 충무로*가 **-*,301000003720200001,3010000,000,서울특별시 중구 퇴계로 *** (충무로*가),04558,,04,취소/말소/만료/정지/중지,,,02-2266-2805
하늘을 걷는 고양이 카페,2022-04-28,198467.126665171,451240.860896184,2026-04-26 22:33:06,I,0004,말소,,2020-08-12 10:47:40,,2020-08-12,0,,서울특별시 중구 명동*가 **-*,301000003720200002,3010000,000,"서울특별시 중구 명동*길 *, *층 (명동*가)",04536,,04,취소/말소/만료/정지/중지,,,02-319-7647
고양이 다락방,2022-04-28,198539.24646227,451217.150102455,2026-04-26 22:33:06,I,0004,말소,,2021-08-30 14:25:35,,2020-08-12,0,,서울특별시 중구 명동*가 **-**,301000003720200003,3010000,000,"서울특별시 중구 명동*길 *-*, *층 (명동*가)",04536,,04,취소/말소/만료/정지/중지,,,02-318-3123
멍이요,2022-04-28,197133.181826761,450929.253706925,2026-04-26 22:33:06,I,0004,말소,,2020-09-17 10:22:04,,2020-09-17,0,,서울특별시 중구 중림동 *** 브라운스톤서울,301000003720200004,3010000,000,"서울특별시 중구 청파로 ***, 브라운스톤서울 ***동 ****호 (중림동)",04510,,04,취소/말소/만료/정지/중지,,,
디어코코,2022-04-28,201006.881961001,450751.769791936,2026-04-26 22:33:07,I,0004,말소,,2021-10-14 16:39:37,,2021-10-13,0,,서울특별시 중구 신당동 ***-* 디오빌딩,301000003720210001,3010000,000,"서울특별시 중구 동호로**길 **, 디오빌딩 *층, *층 (신당동)",04608,,04,취소/말소/만료/정지/중지,,,
pet 29모5325,2022-04-28,200520.943614208,449639.378330415,2026-04-26 22:33:07,I,0004,말소,,2022-04-27 15:48:33,,2022-04-19,0,,서울특별시 중구 신당동 ***-****,301000003720220001,3010000,000,"서울특별시 중구 동호로**길 ***-**, 성우연립 ***호 (신당동)",04601,,04,취소/말소/만료/정지/중지,,,
펫프렌즈,2022-04-28,196762.077394917,447480.039577359,2026-04-26 22:33:03,I,0004,말소,,2012-05-24 14:02:33,,2008-10-08,,,서울특별시 용산구 한강로*가 **-*** 지하*층,302000003720080001,3020000,L00,,,,04,취소/말소/만료/정지/중지,,,20121256
원효애견,2022-04-28,196864.344729208,448426.417529312,2026-04-26 22:33:03,I,0004,말소,,2019-01-30 10:22:55,,2008-10-08,,,서울특별시 용산구 원효로*가 *-** 외*필지(지상*층),302000003720080002,3020000,000,"서울특별시 용산구 백범로 *** (원효로*가,외*필지(지상*층))",,,04,취소/말소/만료/정지/중지,,,
요키랑말티랑,2022-04-28,197430.678489006,449798.694865635,2026-04-26 22:33:03,I,0004,말소,,2015-10-29 13:19:33,,2008-11-13,0,,서울특별시 용산구 동자동 **-**,302000003720080003,3020000,000,"서울특별시 용산구 한강대로 ***-* (동자동, 요키랑 말티랑)",04320,,04,취소/말소/만료/정지/중지,,,
쿨펫동물병원,2022-04-28,196762.077394917,447480.039577359,2026-04-26 22:33:03,I,0004,말소,,2010-12-06 12:42:23,,2009-01-09,,,서울특별시 용산구 한강로*가 **-*** (지상*층),302000003720090001,3020000,000,,,,04,취소/말소/만료/정지/중지,,,20123875
목욕하는 고양이,2022-04-28,199705.84188025,447093.567638279,2026-04-26 22:33:03,I,0004,말소,,2016-11-09 10:54:41,,2009-04-06,0,,서울특별시 용산구 보광동 ***-*,302000003720090002,3020000,000,서울특별시 용산구 장문로 ** (보광동),04394,,04,취소/말소/만료/정지/중지,,,
라온동물병원,2022-04-28,199007.769113841,448599.20104052,2026-04-26 22:33:03,I,0004,말소,,2015-09-22 14:28:12,,2009-05-18,0,,서울특별시 용산구 이태원동 ***-** *층,302000003720090003,3020000,000,"서울특별시 용산구 회나무로**길 *, *층 (이태원동)",04344,,04,취소/말소/만료/정지/중지,,,
HOTDOG & COOLCAT,2022-04-28,199471.895294254,446663.174667201,2026-04-26 22:33:03,I,0004,말소,,2013-05-22 17:36:25,,2009-07-30,,,서울특별시 용산구 동빙고동 ***,302000003720090004,3020000,000,서울특별시 용산구 서빙고로**길 **-** (동빙고동),,,04,취소/말소/만료/정지/중지,,,
YOU & PET,2022-04-28,197373.117346281,447848.033446994,2026-04-26 22:33:03,I,0004,말소,,2013-08-22 12:39:17,,2009-08-06,0,,서울특별시 용산구 한강로*가 ***-*,302000003720090005,3020000,000,서울특별시 용산구 한강대로 *** (한강로*가),,,04,취소/말소/만료/정지/중지,,,
i109,2022-04-28,197425.329589358,449746.79133351,2026-04-26 22:33:03,I,0004,말소,,2015-09-18 14:57:02,,2009-08-27,,,서울특별시 용산구 동자동 **-***,302000003720090006,3020000,000,,,,04,취소/말소/만료/정지/중지,,,
튼실이네애견샵,2022-04-28,198375.194937662,446272.36306167,2026-04-26 22:33:03,I,0004,말소,,2015-11-03 10:18:57,,2010-01-18,0,,서울특별시 용산구 이촌동 ***-*** 현대상가 라동 ***호,302000003720100001,3020000,000,"서울특별시 용산구 이촌로 ***, 라동 ***층 (이촌동, 현대상가)",04424,,04,취소/말소/만료/정지/중지,,,
멍멍,2022-04-28,199518.740496785,448597.782930067,2026-04-26 22:33:03,I,0004,말소,,2011-05-18 14:07:57,,2010-03-02,,,서울특별시 용산구 이태원동 ***-** (지상*층),302000003720100002,3020000,000,"서울특별시 용산구 회나무로**길 ** (이태원동,(지상*층))",,,04,취소/말소/만료/정지/중지,,,
유일무이한내강쥐,2022-04-28,198810.765919712,448800.973307563,2026-04-26 22:33:03,I,0004,말소,,2014-03-27 09:53:30,,2010-04-13,,,서울특별시 용산구 용산동*가 **-* (지상*층),302000003720100003,3020000,000,,,,04,취소/말소/만료/정지/중지,,,070-7571-0134
펫토이동물병원,2022-04-28,200079.108817319,447917.947059496,2026-04-26 22:33:03,I,0004,말소,,2010-11-25 13:48:14,,2010-11-25,,,서울특별시 용산구 한남동 ***-**,302000003720100004,3020000,000,서울특별시 용산구 대사관로 ** (한남동),,,04,취소/말소/만료/정지/중지,,,
러브펫동물병원,2022-04-28,196762.077394917,447480.039577359,2026-04-26 22:33:03,I,0004,말소,,2017-10-12 11:30:42,,2010-12-09,0,,서울특별시 용산구 한강로*가 **-*** 아이파크몰 패션관 *층,302000003720100005,3020000,000,"서울특별시 용산구 한강대로**길 **, *층 (한강로*가, 아이파크몰 패션관)",04377,,04,취소/말소/만료/정지/중지,,,20123875
롤리펍스펫샵,2022-04-28,198820.809379195,448951.947437107,2026-04-26 22:33:03,I,0004,말소,,2015-11-09 16:19:54,,2011-03-24,0,,서울특별시 용산구 용산동*가 **-* 가-*(지상*층),302000003720110001,3020000,000,"서울특별시 용산구 신흥로 ** (용산동*가,가-*(지상*층))",,,04,취소/말소/만료/정지/중지,,,
펫동물병원,2022-04-28,196490.844311727,448594.448927151,2026-04-26 22:33:03,I,0004,말소,,2015-11-03 10:21:15,,2011-06-27,,,서울특별시 용산구 효창동 **-* (지상*층),302000003720110002,3020000,000,"서울특별시 용산구 백범로 *** (효창동,(지상*층))",,,04,취소/말소/만료/정지/중지,,,32750079
쿨독앤핫독,2022-04-28,197269.60480727,447630.777424575,2026-04-26 22:33:03,I,0004,말소,,2012-12-07 13:52:29,,2012-01-29,,,서울특별시 용산구 한강로*가 ***-*,302000003720120001,3020000,000,서울특별시 용산구 한강대로 *** (한강로*가),,,04,취소/말소/만료/정지/중지,,,070-8210-5453
민트동물병원,2022-04-28,195547.140326252,447976.775939762,2026-04-26 22:33:03,I,0004,말소,,2018-05-24 17:59:20,,2012-04-06,,,서울특별시 용산구 산천동 *** *층 ***호,302000003720120002,3020000,000,"서울특별시 용산구 원효로 ** (산천동,*층 ***호)",,,04,취소/말소/만료/정지/중지,,,
펫세상동물병원,2022-04-28,196762.077394917,447480.039577359,2026-04-26 22:33:03,I,0004,말소,,2017-11-24 16:34:17,,2012-05-24,0,,서울특별시 용산구 한강로*가 **-***,302000003720120003,3020000,000,"서울특별시 용산구 한강대로**길 **, 지하*층 (한강로*가)",04377,,04,취소/말소/만료/정지/중지,,,20121256
아이파크몰용산점,2022-04-28,196762.077394917,447480.039577359,2026-04-26 22:33:03,I,0004,말소,,2014-10-07 09:16:13,,2012-08-13,,,서울특별시 용산구 한강로*가 **-*** 아이파크 지상*층,302000003720120004,3020000,L00,,,,04,취소/말소/만료/정지/중지,,,20120101
한남동강아지,2022-04-28,199780.996106991,448255.65839672,2026-04-26 22:33:03,I,0004,말소,,2016-05-31 14:54:42,,2013-01-18,0,,서울특별시 용산구 한남동 ***-*,302000003720130001,3020000,L00,서울특별시 용산구 이태원로**길 ** (한남동),04348,,04,취소/말소/만료/정지/중지,,,
더펫,2022-04-28,196752.59291523,447075.09554889,2026-04-26 22:33:03,I,0004,말소,,2017-11-09 15:26:12,,2013-11-13,0,,서울특별시 용산구 한강로*가 **-*** *층,302000003720130002,3020000,000,"서울특별시 용산구 한강대로**길 *, *층 (한강로*가)",04379,,04,취소/말소/만료/정지/중지,,,02-711-1245
우쭈쭈,2022-04-28,199396.732140732,447874.334199952,2026-04-26 22:33:03,I,0004,말소,,2018-06-01 16:47:59,,2014-02-14,0,,서울특별시 용산구 이태원동 ***-** *층,302000003720140001,3020000,000,"서울특별시 용산구 이태원로**길 **-*, *층 (이태원동)",04391,,04,취소/말소/만료/정지/중지,,,62127411
몽슈슈 강아지,2022-04-28,192579.673233986,459159.521813851,2026-04-26 22:33:06,I,0004,말소,,2021-12-15 13:23:28,,2020-03-05,0,,서울특별시 은평구 진관동 ** 은평뉴타운 제각말,311000003720200004,3110000,000,"서울특별시 은평구 연서로 ***, ***동 ***호 (진관동, 은평뉴타운 제각말)",03305,,04,취소/말소/만료/정지/중지,,,
몽슈슈 강아지,2022-04-28,192579.673233986,459159.521813851,2026-04-26 22:33:06,I,0004,말소,,2020-03-05 16:15:12,,2020-03-05,0,,서울특별시 은평구 진관동 ** 은평뉴타운 제각말,311000003720200005,3110000,000,"서울특별시 은평구 연서로 ***, ***동 ***호 (진관동, 은평뉴타운 제각말)",03305,,04,취소/말소/만료/정지/중지,,,
멍멍택시,2022-04-28,193052.26610831,458363.641289753,2026-04-26 22:33:06,I,0004,말소,,2021-01-22 14:41:31,,2020-03-12,0,,서울특별시 은평구 불광동 ***-** 동진홈타운,311000003720200006,3110000,000,"서울특별시 은평구 통일로**길 **-*, ***호 (불광동, 동진홈타운)",03337,,04,취소/말소/만료/정지/중지,,,
멍멍택시,2022-04-28,193677.448995058,455842.688366355,2026-04-26 22:33:06,I,0004,말소,,2021-07-28 13:39:21,,2020-04-24,0,,서울특별시 은평구 녹번동 ***-** 현대 아파트,311000003720200007,3110000,000,"서울특별시 은평구 녹번로 **, ***동 ****호 (녹번동, 현대 아파트)",03381,,04,취소/말소/만료/정지/중지,,,
강아지 나라 애완용품 할인점,2022-04-28,192864.966855814,458342.089220475,2026-04-26 22:33:06,I,0004,말소,,2020-06-10 13:14:54,,2020-06-10,0,,서울특별시 은평구 불광동 ***,311000003720200008,3110000,000,"서울특별시 은평구 통일로 ***, *층 (불광동)",03337,,04,취소/말소/만료/정지/중지,,,02-384-7585
마카롱티1 서울33자8323,2022-04-28,,,2026-04-26 22:33:06,I,0004,말소,,2020-06-23 09:43:04,,2020-06-23,0,,서울특별시 은평구 진관동 **-*,311000003720200009,3110000,L00,"서울특별시 은평구 통일로 ****, 서울**자**** (진관동)",03300,,04,취소/말소/만료/정지/중지,,,02-918-2131
마카롱티1 서울37바2441,2022-04-28,,,2026-04-26 22:33:06,I,0004,말소,,2020-06-23 09:51:37,,2020-06-23,0,,서울특별시 은평구 진관동 **-*,311000003720200010,3110000,L00,"서울특별시 은평구 통일로 ****, 서울**바**** (진관동)",03300,,04,취소/말소/만료/정지/중지,,,02-918-2131
마카롱티1 서울37바2445,2022-04-28,,,2026-04-26 22:33:06,I,0004,말소,,2020-06-23 09:56:49,,2020-06-23,0,,서울특별시 은평구 진관동 **-*,311000003720200011,3110000,L00,"서울특별시 은평구 통일로 ****, 서울**바**** (진관동)",03300,,04,취소/말소/만료/정지/중지,,,02-918-2131
마카롱티1 서울33자8309,2022-04-28,,,2026-04-26 22:33:06,I,0004,말소,,2020-06-23 10:07:42,,2020-06-23,0,,서울특별시 은평구 진관동 **-*,311000003720200012,3110000,L00,"서울특별시 은평구 통일로 ****, 서울**자**** (진관동)",03300,,04,취소/말소/만료/정지/중지,,,02-918-2131
낭만고양이,2022-04-28,192819.69760967,454611.174732564,2026-04-26 22:33:06,I,0004,말소,,2021-11-03 14:26:14,,2020-06-26,0,,서울특별시 은평구 응암동 ***-**,311000003720200013,3110000,000,"서울특별시 은평구 응암로**길 **-*, *층 (응암동)",03466,,04,취소/말소/만료/정지/중지,,,02-6014-4777
낭만고양이,2022-04-28,192819.69760967,454611.174732564,2026-04-26 22:33:06,I,0004,말소,,2021-11-03 18:09:59,,2020-06-29,0,,서울특별시 은평구 응암동 ***-**,311000003720200014,3110000,000,"서울특별시 은평구 응암로**길 **-*, *층 (응암동)",03466,,04,취소/말소/만료/정지/중지,,,02-6014-4777
낭만고양이,2022-04-28,192819.69760967,454611.174732564,2026-04-26 22:33:06,I,0004,말소,,2021-11-03 18:09:08,,2020-06-29,0,,서울특별시 은평구 응암동 ***-**,311000003720200015,3110000,000,"서울특별시 은평구 응암로**길 **-*, *층 (응암동)",03466,,04,취소/말소/만료/정지/중지,,,02-6014-4777
애견발자국,2022-04-28,192015.980679868,455278.57072966,2026-04-26 22:33:06,I,0004,말소,,2020-08-03 10:19:49,,2020-08-03,0,,서울특별시 은평구 신사동 *-**,311000003720200017,3110000,000,"서울특별시 은평구 갈현로 **, *층 (신사동)",03423,,04,취소/말소/만료/정지/중지,,,02-388-8800
어울동물의료센터,2022-04-28,194068.721660716,455951.192726429,2026-04-26 22:33:06,I,0004,말소,,2020-09-15 09:20:52,,2020-09-15,0,,서울특별시 은평구 녹번동 **-*,311000003720200018,3110000,000,서울특별시 은평구 통일로 *** (녹번동),03382,,04,취소/말소/만료/정지/중지,,,02-384-1110
어울동물의료센터,2022-04-28,194068.721660716,455951.192726429,2026-04-26 22:33:06,I,0004,말소,,2020-09-15 09:34:45,,2020-09-15,0,,서울특별시 은평구 녹번동 **-*,311000003720200019,3110000,000,서울특별시 은평구 통일로 *** (녹번동),03382,,04,취소/말소/만료/정지/중지,,,02-384-1110
동물병원 움,2022-04-28,193901.054217708,456670.845810295,2026-04-26 22:33:06,I,0004,말소,,2020-11-16 10:14:06,,2020-11-16,0,,서울특별시 은평구 불광동 ***-**,311000003720200020,3110000,000,"서울특별시 은평구 불광로 **, *층 (불광동)",03358,,04,취소/말소/만료/정지/중지,,,02-6956-7599
에이펫,2022-04-28,192616.056571496,454732.412593791,2026-04-26 22:33:06,I,0004,말소,,2021-01-05 15:17:43,,2021-01-05,0,,서울특별시 은평구 응암동 ***-**,311000003720210001,3110000,000,"서울특별시 은평구 응암로**가길 **, *층 (응암동)",03456,,04,취소/말소/만료/정지/중지,,,02-351-4441
별이&체리,2022-04-28,192814.497870745,454189.379216465,2026-04-26 22:33:06,I,0004,말소,,2021-04-09 14:13:44,,2021-04-09,0,,서울특별시 은평구 응암동 ***-**,311000003720210003,3110000,000,"서울특별시 은평구 응암로**길 **, *층 (응암동)",03469,,04,취소/말소/만료/정지/중지,,,
별이&체리,2022-04-28,192814.497870745,454189.379216465,2026-04-26 22:33:06,I,0004,말소,,2021-04-09 14:19:42,,2021-04-09,0,,서울특별시 은평구 응암동 ***-**,311000003720210004,3110000,000,"서울특별시 은평구 응암로**길 **, *층 (응암동)",03469,,04,취소/말소/만료/정지/중지,,,
오!뚜기,2022-04-28,192036.48286475,455756.06329012,2026-04-26 22:33:06,I,0004,말소,,2021-04-22 15:52:15,,2021-04-22,0,,서울특별시 은평구 역촌동 **-**,311000003720210005,3110000,000,"서울특별시 은평구 갈현로 **, *층 (역촌동)",03419,,04,취소/말소/만료/정지/중지,,,02-6014-1121
반려하다,2022-04-28,192748.956689864,458397.325167407,2026-04-26 22:33:06,I,0004,말소,,2021-04-23 10:16:49,,2021-04-23,0,,서울특별시 은평구 갈현동 *-**,311000003720210006,3110000,000,"서울특별시 은평구 갈현로**길 **-*, ***루**** ***호 (갈현동)",03314,,04,취소/말소/만료/정지/중지,,,
투숑펫살롱,2022-04-28,192153.101190079,456147.354789321,2026-04-26 22:33:06,I,0004,말소,,2021-05-12 11:15:52,,2021-05-12,0,,서울특별시 은평구 구산동 **-** 구산동주택,311000003720210007,3110000,000,"서울특별시 은평구 연서로*길 **, 구산동주택 *층 (구산동)",03414,,04,취소/말소/만료/정지/중지,,,
라움,2022-04-28,192550.595264087,455758.744310113,2026-04-26 22:33:06,I,0004,말소,,2021-05-13 15:56:59,,2021-05-13,0,,서울특별시 은평구 역촌동 **-* 더클래스,311000003720210008,3110000,000,"서울특별시 은평구 연서로*길 *, ***호 (역촌동, 더클래스)",03406,,04,취소/말소/만료/정지/중지,,,
몽냥몽냥 강아지분양 은평점,2022-04-28,190028.982761489,453844.108723968,2026-04-26 22:33:06,I,0004,말소,,2021-05-17 13:05:02,,2021-05-17,0,,서울특별시 은평구 수색동 ***-**,311000003720210009,3110000,000,"서울특별시 은평구 수색로 ***, *층 (수색동)",03487,,04,취소/말소/만료/정지/중지,,,
더이쁘개,2022-04-28,192245.664999104,456190.350663037,2026-04-26 22:33:06,I,0004,말소,,2021-05-20 13:53:11,,2021-05-20,0,,서울특별시 은평구 구산동 **-**,311000003720210010,3110000,000,"서울특별시 은평구 갈현로**길 **-*, *층 (구산동)",03413,,04,취소/말소/만료/정지/중지,,,
블랑드펫,2022-04-28,193715.252004549,455244.771170185,2026-04-26 22:33:06,I,0004,말소,,2021-06-04 15:41:04,,2021-06-04,0,,서울특별시 은평구 응암동 **-** 신일빌딩,311000003720210011,3110000,000,"서울특별시 은평구 은평로**길 **, 신일빌딩 *층 (응암동)",03471,,04,취소/말소/만료/정지/중지,,,02-357-9623
스머프동물병원,2022-04-28,193308.296586844,455092.392266802,2026-04-26 22:33:06,I,0004,말소,,2021-07-14 10:58:13,,2021-07-07,0,,서울특별시 은평구 응암동 ***-**,311000003720210012,3110000,000,서울특별시 은평구 백련산로 ***-*(응암동),03463,,04,취소/말소/만료/정지/중지,,,
몽실몽실펫살롱,2022-04-28,191910.188821954,454942.95018707,2026-04-26 22:33:06,I,0004,말소,,2021-08-26 13:51:36,,2021-08-20,0,,서울특별시 은평구 신사동 **-***,311000003720210013,3110000,000,서울특별시 은평구 은평로 *(신사동),03437,,04,취소/말소/만료/정지/중지,,,02-388-3108
은평 알라딘펫택시,2022-04-28,192023.008136463,457854.148431867,2026-04-26 22:33:06,I,0004,말소,,2022-01-10 10:49:53,,2022-01-10,0,,서울특별시 은평구 갈현동 ***-* 라이프시티아파트,311000003720220001,3110000,000,"서울특별시 은평구 갈현로**길 **, ****호 (갈현동, 라이프시티아파트)",03322,,04,취소/말소/만료/정지/중지,,,
꽃길만 걷장,2022-04-28,191582.323190274,453325.37044026,2026-04-26 22:33:06,I,0004,말소,,2022-02-16 15:46:34,,2022-02-16,0,,서울특별시 은평구 증산동 ***-**,311000003720220002,3110000,000,서울특별시 은평구 증산서길 **(증산동),03500,,04,취소/말소/만료/정지/중지,,,
알라딘펫택시,2022-04-28,192709.734507804,455750.255701576,2026-04-26 22:33:06,I,0004,말소,,2022-02-28 16:54:32,,2022-02-28,0,,서울특별시 은평구 역촌동 **-* 명남뉴아파트,311000003720220003,3110000,000,"서울특별시 은평구 진흥로*길 **, ***호 (역촌동, 명남뉴아파트)",03406,,04,취소/말소/만료/정지/중지,,,
pet53수0985,2022-04-28,193416.961615375,455928.212979926,2026-04-26 22:33:06,I,0004,말소,,2022-03-21 08:55:52,,2022-03-21,0,,서울특별시 은평구 녹번동 ***-**,311000003720220004,3110000,000,"서울특별시 은평구 서오릉로*길 **, 대신아파트 ***호 (녹번동)",03380,,04,취소/말소/만료/정지/중지,,,
피어나개,2022-04-28,193973.673621564,457400.585742127,2026-04-26 22:33:06,I,0004,말소,,2022-04-12 15:59:03,,2022-04-12,0,,서울특별시 은평구 불광동 ***-* 유니파크 ***호,311000003720220005,3110000,000,"서울특별시 은평구 불광로 ***, 유니파크 *층 ***호 (불광동)",03354,,04,취소/말소/만료/정지/중지,,,
피어나개,2022-04-28,193973.673621564,457400.585742127,2026-04-26 22:33:06,I,0004,말소,,2022-04-12 15:59:36,,2022-04-12,0,,서울특별시 은평구 불광동 ***-* 유니파크 ***호,311000003720220006,3110000,000,"서울특별시 은평구 불광로 ***, 유니파크 *층 ***호 (불광동)",03354,,04,취소/말소/만료/정지/중지,,,
빵댕이넷,2022-04-28,192985.345285159,456927.507920024,2026-04-26 22:33:06,I,0004,말소,,2022-04-21 15:19:59,,2022-04-19,0,,서울특별시 은평구 대조동 ***-**,311000003720220007,3110000,000,서울특별시 은평구 통일로**길 **(대조동),03386,,04,취소/말소/만료/정지/중지,,,
디어도그,2022-04-28,192863.858372328,453842.02636248,2026-04-26 22:33:05,I,0004,말소,,2021-06-24 10:30:49,,2019-03-28,0,,서울특별시 은평구 응암동 ***-*,311000003720190004,3110000,000,서울특별시 은평구 응암로**길 **-* (응암동),03480,,04,취소/말소/만료/정지/중지,,,
스머프 애견미용실,2022-04-28,193308.296586844,455092.392266802,2026-04-26 22:33:05,I,0004,말소,,2019-04-05 16:14:10,,2019-04-05,0,,서울특별시 은평구 응암동 ***-**,311000003720190005,3110000,000,서울특별시 은평구 백련산로 ***-* (응암동),03463,,04,취소/말소/만료/정지/중지,,,
댕댕이미용실,2022-04-28,193314.982945046,455685.411947507,2026-04-26 22:33:05,I,0004,말소,,2019-04-18 13:16:45,,2019-04-18,0,,서울특별시 은평구 녹번동 ***-*,311000003720190006,3110000,000,서울특별시 은평구 서오릉로 ** (녹번동),03459,,04,취소/말소/만료/정지/중지,,,
똥강아지,2022-04-28,191592.597391116,454308.619263477,2026-04-26 22:33:05,I,0004,말소,,2019-04-22 09:04:22,,2019-04-22,0,,서울특별시 은평구 신사동 ***-*,311000003720190007,3110000,000,서울특별시 은평구 은평터널로 *** (신사동),03444,,04,취소/말소/만료/정지/중지,,,02-309-1485
애견천국,2022-04-28,192800.846246726,453458.70649577,2026-04-26 22:33:05,I,0004,말소,,2019-05-08 11:30:06,,2019-05-08,0,,서울특별시 은평구 응암동 ***-*,311000003720190008,3110000,000,서울특별시 은평구 가좌로*나길 ** (응암동),03483,,04,취소/말소/만료/정지/중지,,,
24시치유동물의료센터,2022-04-28,193868.154939764,455457.016651431,2026-04-26 22:33:05,I,0004,말소,,2019-05-30 18:46:53,,2019-05-30,0,,서울특별시 은평구 녹번동 ***,311000003720190009,3110000,000,"서울특별시 은평구 은평로 ***, *층 (녹번동)",03383,,04,취소/말소/만료/정지/중지,,,02-6964-8276
메르시몽프레,2022-04-28,192907.128010724,457599.061362597,2026-04-26 22:33:05,I,0004,말소,,2020-02-14 09:00:20,,2019-06-09,0,,서울특별시 은평구 불광동 ***-***,311000003720190010,3110000,000,"서울특별시 은평구 통일로 ***, M타워 지*층 (불광동)",03344,,04,취소/말소/만료/정지/중지,,,
메르시몽프레,2022-04-28,192907.128010724,457599.061362597,2026-04-26 22:33:05,I,0004,말소,,2020-02-14 08:45:44,,2019-06-09,0,,서울특별시 은평구 불광동 ***-***,311000003720190011,3110000,000,"서울특별시 은평구 통일로 ***, M타워 지*층 (불광동)",03344,,04,취소/말소/만료/정지/중지,,,
아름다운 애견,2022-04-28,192679.807964469,453722.832519172,2026-04-26 22:33:05,I,0004,말소,,2019-07-31 17:47:13,,2019-07-31,0,,서울특별시 은평구 응암동 ***-**,311000003720190012,3110000,000,"서울특별시 은평구 가좌로*길 **-*, 지하층 (응암동)",03482,,04,취소/말소/만료/정지/중지,,,
금지옥엽,2022-04-28,192874.344674623,458321.955024495,2026-04-26 22:33:05,I,0004,말소,,2019-10-18 10:30:08,,2019-10-18,0,,서울특별시 은평구 불광동 ***,311000003720190013,3110000,000,서울특별시 은평구 통일로 *** (불광동),03337,,04,취소/말소/만료/정지/중지,,,
애견미니호텔,2022-04-28,192691.207658184,454508.152255488,2026-04-26 22:33:05,I,0004,말소,,2021-12-10 14:08:27,,2019-10-24,0,,서울특별시 은평구 응암동 ***-**,311000003720190014,3110000,000,"서울특별시 은평구 응암로 ***, *층 (응암동)",03467,,04,취소/말소/만료/정지/중지,,,
애견미니호텔,2022-04-28,192691.207658184,454508.152255488,2026-04-26 22:33:05,I,0004,말소,,2021-12-10 15:12:21,,2019-10-24,0,,서울특별시 은평구 응암동 ***-**,311000003720190015,3110000,000,"서울특별시 은평구 응암로 ***, *층 (응암동)",03467,,04,취소/말소/만료/정지/중지,,,
메르시몽프레,2022-04-28,192907.128010724,457599.061362597,2026-04-26 22:33:05,I,0004,말소,,2020-02-14 09:13:52,,2019-11-20,0,,서울특별시 은평구 불광동 ***-***,311000003720190016,3110000,000,"서울특별시 은평구 통일로 ***, M타워 지층 (불광동)",03344,,04,취소/말소/만료/정지/중지,,,
honapet(호나펫),2022-04-28,193011.026498811,454575.919199341,2026-04-26 22:33:05,I,0004,말소,,2019-11-22 09:53:05,,2019-11-22,0,,서울특별시 은평구 응암동 ***-**,311000003720190017,3110000,000,"서울특별시 은평구 응암로**길 **, *층 (응암동)",03466,,04,취소/말소/만료/정지/중지,,,02-353-5803
honapet(호나펫),2022-04-28,193011.026498811,454575.919199341,2026-04-26 22:33:05,I,0004,말소,,2019-11-22 10:06:45,,2019-11-22,0,,서울특별시 은평구 응암동 ***-**,311000003720190018,3110000,000,"서울특별시 은평구 응암로**길 **, *층 (응암동)",03466,,04,취소/말소/만료/정지/중지,,,02-353-5803
스마트독까페,2022-04-28,191918.833139325,453724.168763358,2026-04-26 22:33:05,I,0004,말소,,2019-11-25 10:56:37,,2019-11-25,0,,서울특별시 은평구 증산동 ***-**,311000003720190019,3110000,000,"서울특별시 은평구 증산서길 ***, 제*층 제*호 (증산동)",03496,,04,취소/말소/만료/정지/중지,,,
개털깎개,2022-04-28,194319.569950958,455231.891004333,2026-04-26 22:33:05,I,0004,말소,,2019-11-26 08:55:23,,2019-11-26,0,,서울특별시 은평구 응암동 **-*,311000003720190021,3110000,000,"서울특별시 은평구 통일로 ***, *층 (응암동)",03473,,04,취소/말소/만료/정지/중지,,,
스마트독까페,2022-04-28,191918.833139325,453724.168763358,2026-04-26 22:33:06,I,0004,말소,,2020-04-09 09:17:09,,2019-11-26,0,,서울특별시 은평구 증산동 ***-**,311000003720190022,3110000,000,"서울특별시 은평구 증산서길 ***, 제*층 제*호 (증산동)",03496,,04,취소/말소/만료/정지/중지,,,
고인걸애견미용샾,2022-04-28,193948.481525933,456910.894080245,2026-04-26 22:33:06,I,0004,말소,,2019-11-28 10:35:25,,2019-11-28,0,,서울특별시 은평구 불광동 ***-*,311000003720190023,3110000,000,"서울특별시 은평구 불광로 **, *층 (불광동)",03355,,04,취소/말소/만료/정지/중지,,,
뽀송펫,2022-04-28,192319.267112972,457099.430398749,2026-04-26 22:33:06,I,0004,말소,,2019-11-28 13:29:00,,2019-11-28,0,,서울특별시 은평구 갈현동 ***-**,311000003720190024,3110000,000,"서울특별시 은평구 갈현로 ***, *층 (갈현동)",03324,,04,취소/말소/만료/정지/중지,,,
새은평동물의료센터,2022-04-28,193059.53692408,456143.236850271,2026-04-26 22:33:06,I,0004,말소,,2022-03-14 16:04:44,,2019-11-28,0,,서울특별시 은평구 대조동 ***-** 북한산 포레스트,311000003720190025,3110000,000,"서울특별시 은평구 서오릉로 **(대조동, 북한산 포레스트)",03395,,04,취소/말소/만료/정지/중지,,,
조이펫샾,2022-04-28,192441.146366445,457290.445569543,2026-04-26 22:33:06,I,0004,말소,,2020-01-03 17:40:20,,2020-01-03,0,,서울특별시 은평구 갈현동 ***-**,311000003720200001,3110000,000,"서울특별시 은평구 갈현로 ***, *층 (갈현동)",03332,,04,취소/말소/만료/정지/중지,,,02-385-8884
The 이뿌개,2022-04-28,193278.564871738,455325.431216289,2026-04-26 22:33:06,I,0004,말소,,2020-01-30 09:20:33,,2020-01-30,0,,서울특별시 은평구 응암동 **-**,311000003720200002,3110000,000,"서울특별시 은평구 은평로**길 *-**, *층 (응암동)",03462,,04,취소/말소/만료/정지/중지,,,
The 이뿌개,2022-04-28,193278.564871738,455325.431216289,2026-04-26 22:33:06,I,0004,말소,,2020-01-30 09:26:53,,2020-01-30,0,,서울특별시 은평구 응암동 **-**,311000003720200003,3110000,000,"서울특별시 은평구 은평로**길 *-**, *층 (응암동)",03462,,04,취소/말소/만료/정지/중지,,,
24시 시유동물메디컬센터,2022-04-28,197270.042278677,446419.923247168,2026-04-26 22:33:03,I,0004,말소,,2018-09-06 16:01:12,,2018-09-06,0,,서울특별시 용산구 이촌동 ***-**,302000003720180016,3020000,000,서울특별시 용산구 이촌로**길 ** (이촌동),04427,,04,취소/말소/만료/정지/중지,,,02-793-0075
24시 시유동물메디컬센터,2022-04-28,197270.042278677,446419.923247168,2026-04-26 22:33:03,I,0004,말소,,2018-09-06 16:02:47,,2018-09-06,0,,서울특별시 용산구 이촌동 ***-**,302000003720180017,3020000,000,서울특별시 용산구 이촌로**길 ** (이촌동),04427,,04,취소/말소/만료/정지/중지,,,02-793-0075
펫토이동믈병원,2022-04-28,200079.108817319,447917.947059496,2026-04-26 22:33:03,I,0004,말소,,2018-09-06 16:24:56,,2018-09-06,0,,서울특별시 용산구 한남동 ***-**,302000003720180018,3020000,000,서울특별시 용산구 대사관로 ** (한남동),04403,,04,취소/말소/만료/정지/중지,,,02-795-2184
펫토이동물병원,2022-04-28,200079.108817319,447917.947059496,2026-04-26 22:33:03,I,0004,말소,,2018-09-06 16:27:15,,2018-09-06,0,,서울특별시 용산구 한남동 ***-**,302000003720180019,3020000,000,서울특별시 용산구 대사관로 ** (한남동),04403,,04,취소/말소/만료/정지/중지,,,02-795-2184
금강동물병원,2022-04-28,198165.767858385,446185.244544796,2026-04-26 22:33:03,I,0004,말소,,2021-07-19 17:14:45,,2018-09-06,0,,"서울특별시 용산구 이촌동 ***-*** 렉스상가 *-*,*-*",302000003720180020,3020000,000,"서울특별시 용산구 이촌로 ***, 렉스상가 *-*,*-*호 (이촌동)",04425,,04,취소/말소/만료/정지/중지,,,02-798-7512
좋아서하는동물병원,2022-04-28,197045.849468346,448447.558967085,2026-04-26 22:33:03,I,0004,말소,,2022-04-12 17:14:03,,2018-09-06,0,,"서울특별시 용산구 원효로*가 ***-* 리첸시아 용산 B동 ***,***호",302000003720180021,3020000,000,"서울특별시 용산구 백범로 ***, B동 ***,***호 (원효로*가, 리첸시아 용산)",04315,,04,취소/말소/만료/정지/중지,,,02-703-0075
엉클장동물병원,2022-04-28,197045.849468346,448447.558967085,2026-04-26 22:33:03,I,0004,말소,,2018-09-06 16:59:34,,2018-09-06,0,,서울특별시 용산구 원효로*가 ***-* 리첸시아 용산 A동 ***호,302000003720180022,3020000,000,"서울특별시 용산구 백범로 ***, A동 ***호 (원효로*가, 리첸시아 용산)",04315,,04,취소/말소/만료/정지/중지,,,02-713-0053
다독,2022-04-28,198791.952672996,448364.553023469,2026-04-26 22:33:03,I,0004,말소,,2020-11-23 17:19:24,,2018-09-14,0,,서울특별시 용산구 이태원동 *** *층,302000003720180023,3020000,000,"서울특별시 용산구 녹사평대로**길 *, *층 (이태원동)",04345,,04,취소/말소/만료/정지/중지,,,02-749-9519
다독,2022-04-28,198791.952672996,448364.553023469,2026-04-26 22:33:03,I,0004,말소,,2020-11-23 17:20:06,,2018-09-14,0,,서울특별시 용산구 이태원동 *** *층,302000003720180024,3020000,000,"서울특별시 용산구 녹사평대로**길 *, *층 (이태원동)",04345,,04,취소/말소/만료/정지/중지,,,02-749-9519
다독,2022-04-28,198791.952672996,448364.553023469,2026-04-26 22:33:03,I,0004,말소,,2020-11-23 17:20:45,,2018-09-14,0,,서울특별시 용산구 이태원동 *** *층,302000003720180025,3020000,000,"서울특별시 용산구 녹사평대로**길 *, *층 (이태원동)",04345,,04,취소/말소/만료/정지/중지,,,02-749-9519
메이펫케어,2022-04-28,200175.519852569,447940.562169519,2026-04-26 22:33:03,I,0004,말소,,2018-09-14 16:01:36,,2018-09-14,0,,서울특별시 용산구 한남동 ***-*** *층,302000003720180026,3020000,000,"서울특별시 용산구 대사관로 **, *층 (한남동)",04401,,04,취소/말소/만료/정지/중지,,,02-797-4410
메이펫케어,2022-04-28,200175.519852569,447940.562169519,2026-04-26 22:33:03,I,0004,말소,,2018-09-14 16:03:35,,2018-09-14,0,,서울특별시 용산구 한남동 ***-*** *층,302000003720180027,3020000,000,"서울특별시 용산구 대사관로 **, *층 (한남동)",04401,,04,취소/말소/만료/정지/중지,,,02-797-4410
남산동물병원,2022-04-28,197907.242547187,449803.89961095,2026-04-26 22:33:03,I,0004,말소,,2018-09-14 16:05:49,,2018-09-14,0,,서울특별시 용산구 후암동 **-*,302000003720180028,3020000,000,서울특별시 용산구 후암로 ** (후암동),04325,,04,취소/말소/만료/정지/중지,,,02-778-7582
남산동물병원,2022-04-28,197907.242547187,449803.89961095,2026-04-26 22:33:03,I,0004,말소,,2018-09-14 16:07:26,,2018-09-14,0,,서울특별시 용산구 후암동 **-*,302000003720180029,3020000,000,서울특별시 용산구 후암로 ** (후암동),04325,,04,취소/말소/만료/정지/중지,,,02-778-7582
라온동물병원,2022-04-28,199007.769113841,448599.20104052,2026-04-26 22:33:03,I,0004,말소,,2018-09-14 16:09:36,,2018-09-14,0,,서울특별시 용산구 이태원동 ***-**,302000003720180030,3020000,000,서울특별시 용산구 회나무로**길 * (이태원동),04344,,04,취소/말소/만료/정지/중지,,,02-792-7585
라온동물병원,2022-04-28,199007.769113841,448599.20104052,2026-04-26 22:33:03,I,0004,말소,,2018-09-14 16:12:03,,2018-09-14,0,,서울특별시 용산구 이태원동 ***-**,302000003720180031,3020000,000,서울특별시 용산구 회나무로**길 * (이태원동),04344,,04,취소/말소/만료/정지/중지,,,02-792-7585
민트동물병원,2022-04-28,195547.140326252,447976.775939762,2026-04-26 22:33:03,I,0004,말소,,2018-09-14 16:16:42,,2018-09-14,0,,서울특별시 용산구 산천동 *** 삼성테마트 ***호,302000003720180033,3020000,000,"서울특별시 용산구 원효로 **, ***호 (산천동, 삼성테마트)",04359,,04,취소/말소/만료/정지/중지,,,02-707-2235
달래동물의료센터,2022-04-28,200506.187313451,448146.173245501,2026-04-26 22:33:03,I,0004,말소,,2019-11-26 13:05:19,,2018-09-14,0,,서울특별시 용산구 한남동 ***-** 한남프라자 *층,302000003720180034,3020000,000,"서울특별시 용산구 한남대로 **, 한남프라자 *층 (한남동)",04418,,04,취소/말소/만료/정지/중지,,,02-794-1255
달래동물의료센터,2022-04-28,200506.187313451,448146.173245501,2026-04-26 22:33:03,I,0004,말소,,2019-11-26 13:07:23,,2018-09-14,0,,서울특별시 용산구 한남동 ***-** 한남프라자 *층,302000003720180035,3020000,000,"서울특별시 용산구 한남대로 **, 한남프라자 *층 (한남동)",04418,,04,취소/말소/만료/정지/중지,,,02-794-1255
21세기동물병원,2022-04-28,199860.819809374,447348.10086997,2026-04-26 22:33:03,I,0004,말소,,2018-09-14 16:51:29,,2018-09-14,0,,서울특별시 용산구 보광동 ***-* 용호빌딩 *층,302000003720180036,3020000,000,"서울특별시 용산구 보광로 **, 용호빌딩 *층 (보광동)",04414,,04,취소/말소/만료/정지/중지,,,02-749-6750
차오름동물병원,2022-04-28,195610.363553274,448004.722288371,2026-04-26 22:33:04,I,0004,말소,,2018-09-14 16:55:01,,2018-09-14,0,,서울특별시 용산구 산천동 **-*,302000003720180037,3020000,000,서울특별시 용산구 효창원로 ** (산천동),04360,,04,취소/말소/만료/정지/중지,,,02-706-7975
원효동물병원,2022-04-28,196673.674826329,448243.135708121,2026-04-26 22:33:04,I,0004,말소,,2018-09-14 16:56:40,,2018-09-14,0,,서울특별시 용산구 원효로*가 **-* 송원빌딩,302000003720180038,3020000,000,"서울특별시 용산구 원효로 ***, 송원빌딩 (원효로*가)",04364,,04,취소/말소/만료/정지/중지,,,02-719-7070
컴투펫,2022-04-28,207479.773457925,447846.233112232,2026-04-26 22:32:36,I,0004,말소,,2019-03-13 13:27:25,,2019-03-11,0,,서울특별시 광진구 자양동 ***-**,304000003720190002,3040000,L00,"서울특별시 광진구 자양로 **, 지층, *층, *층 (자양동)",05052,,04,취소/말소/만료/정지/중지,,,
컴투펫,2022-04-28,207479.773457925,447846.233112232,2026-04-26 22:32:36,I,0004,말소,,2019-03-13 13:29:18,,2019-03-13,0,,서울특별시 광진구 자양동 ***-**,304000003720190003,3040000,L00,"서울특별시 광진구 자양로 **, 지하, *층, *층 (자양동)",05052,,04,취소/말소/만료/정지/중지,,,
짤냥이네,2022-04-28,206091.938587177,449581.249922815,2026-04-26 22:32:36,I,0004,말소,,2020-10-21 18:09:54,,2019-03-15,0,,서울특별시 광진구 군자동 ***-* 광진 동양파라곤 *단지,304000003720190004,3040000,000,"서울특별시 광진구 광나루로 ***, *단지 ***호 (군자동, 광진 동양파라곤 *단지)",05003,,04,취소/말소/만료/정지/중지,,,02-3395-8252
올리스 애견셀프목욕 & 펫살롱,2022-04-28,207556.55619105,449273.419560893,2026-04-26 22:32:36,I,0004,말소,,2019-04-25 21:38:17,,2019-04-25,0,,서울특별시 광진구 구의동 **-** *층 우측*호,304000003720190005,3040000,000,"서울특별시 광진구 광나루로 ***-**, *층 우측*호 (구의동)",04976,,04,취소/말소/만료/정지/중지,,,
로얄퍼피카페,2022-04-28,207119.964190229,450871.92748589,2026-04-26 22:32:36,I,0004,말소,,2020-11-25 22:04:40,,2019-05-17,0,,서울특별시 광진구 중곡동 **-** 동진빌딩 ***호,304000003720190006,3040000,000,"서울특별시 광진구 능동로 ***, 동진빌딩 ***호 (중곡동)",04927,,04,취소/말소/만료/정지/중지,,,02-447-8874
글로벌,2022-04-28,207770.560166721,450525.242839152,2026-04-26 22:32:36,I,0004,말소,,2019-06-20 16:36:40,,2019-06-20,0,,서울특별시 광진구 중곡동 **-** *층,304000003720190007,3040000,000,"서울특별시 광진구 자양로**길 ***, *층 (중곡동)",04949,,04,취소/말소/만료/정지/중지,,,02-456-9359
엄마 잘 다녀와,2022-04-28,207295.58093608,451079.008997952,2026-04-26 22:32:36,I,0004,말소,,2019-08-08 07:31:18,,2019-08-08,0,,서울특별시 광진구 중곡동 **-** *층,304000003720190009,3040000,000,"서울특별시 광진구 긴고랑로 **, *층 (중곡동)",04937,,04,취소/말소/만료/정지/중지,,,02-446-0123
디어독,2022-04-28,205900.907866005,447964.288794784,2026-04-26 22:32:36,I,0004,말소,,2021-05-13 17:47:22,,2019-10-04,0,,서울특별시 광진구 자양동 **-*,304000003720190010,3040000,000,"서울특별시 광진구 능동로 **, *층 (자양동)",05085,,04,취소/말소/만료/정지/중지,,,02-499-6678
디어독,2022-04-28,205900.907866005,447964.288794784,2026-04-26 22:32:36,I,0004,말소,,2021-05-13 11:35:02,,2019-10-04,0,,서울특별시 광진구 자양동 **-*,304000003720190011,3040000,000,"서울특별시 광진구 능동로 **, *층 (자양동)",05085,,04,취소/말소/만료/정지/중지,,,02-499-6678
김언니 펫살롱,2022-04-28,206511.740411572,447611.91267031,2026-04-26 22:32:36,I,0004,말소,,2019-10-08 15:45:13,,2019-10-08,0,,서울특별시 광진구 자양동 ***-**,304000003720190012,3040000,000,"서울특별시 광진구 자양번영로*길 *, *층 (자양동)",05093,,04,취소/말소/만료/정지/중지,,,02-456-6996
김언니 펫살롱,2022-04-28,206511.740411572,447611.91267031,2026-04-26 22:32:36,I,0004,말소,,2019-10-08 15:49:41,,2019-10-08,0,,서울특별시 광진구 자양동 ***-**,304000003720190013,3040000,000,"서울특별시 광진구 자양번영로*길 *, *층 (자양동)",05093,,04,취소/말소/만료/정지/중지,,,02-456-6996
Onene(오네네),2022-04-28,207595.795460477,451183.630387566,2026-04-26 22:32:36,I,0004,말소,,2019-11-06 18:10:09,,2019-10-30,0,,서울특별시 광진구 중곡동 **-* 바우하우스,304000003720190014,3040000,000,"서울특별시 광진구 용마산로 ***, *층 (중곡동, 바우하우스)",04935,,04,취소/말소/만료/정지/중지,,,
펫몬스터,2022-04-28,207557.626774765,447759.035379058,2026-04-26 22:32:36,I,0004,말소,,2020-01-14 10:46:45,,2020-01-14,0,,서울특별시 광진구 자양동 ***-**,304000003720200001,3040000,000,"서울특별시 광진구 자양로*길 *, *층 (자양동)",05112,,04,취소/말소/만료/정지/중지,,,
버블링,2022-04-28,207650.888245221,447610.619424514,2026-04-26 22:32:36,I,0004,말소,,2020-01-30 13:27:37,,2020-01-30,0,,서울특별시 광진구 자양동 ***-**,304000003720200002,3040000,000,"서울특별시 광진구 자양로*길 *, *층 (자양동)",05113,,04,취소/말소/만료/정지/중지,,,
김고은그루밍#,2022-04-28,206947.8678812,451111.552739276,2026-04-26 22:32:36,I,0004,말소,,2020-03-03 21:57:57,,2020-03-03,0,,서울특별시 광진구 중곡동 ***-*,304000003720200003,3040000,000,"서울특별시 광진구 면목로 **, *층 (중곡동)",04914,,04,취소/말소/만료/정지/중지,,,
버드라운지,2022-04-28,207339.945213839,448905.562845289,2026-04-26 22:32:36,I,0004,말소,,2020-12-22 18:00:43,,2020-03-19,0,,서울특별시 광진구 구의동 ***-*** 송곡회관,304000003720200004,3040000,000,"서울특별시 광진구 자양로 ***, 송곡회관 지층 (구의동)",05024,,04,취소/말소/만료/정지/중지,,,
버드라운지,2022-04-28,207339.945213839,448905.562845289,2026-04-26 22:32:36,I,0004,말소,,2020-12-22 18:06:31,,2020-04-07,0,,서울특별시 광진구 구의동 ***-*** 송곡회관,304000003720200005,3040000,000,"서울특별시 광진구 자양로 ***, 송곡회관 지하층 (구의동)",05024,,04,취소/말소/만료/정지/중지,,,
아낌,2022-04-28,208155.95752727,450213.852586083,2026-04-26 22:32:36,I,0004,말소,,2022-04-08 17:40:21,,2020-05-22,0,,서울특별시 광진구 구의동 **-**,304000003720200006,3040000,000,"서울특별시 광진구 자양로**길 **, *층 (구의동)",04955,,04,취소/말소/만료/정지/중지,,,
아낌,2022-04-28,208155.95752727,450213.852586083,2026-04-26 22:32:36,I,0004,말소,,2020-05-22 19:20:47,,2020-05-22,0,,서울특별시 광진구 구의동 **-**,304000003720200007,3040000,000,"서울특별시 광진구 자양로**길 **, *층 (구의동)",04955,,04,취소/말소/만료/정지/중지,,,
펠리스 펫(웰니스),2022-04-28,207624.830311441,447727.902710768,2026-04-26 22:32:36,I,0004,말소,,2021-12-10 10:55:50,,2020-06-10,0,,서울특별시 광진구 자양동 ***-** 양자빌딩,304000003720200008,3040000,F00,"서울특별시 광진구 자양로*길 **, 양자빌딩 *층 *호 (자양동)",05112,,04,취소/말소/만료/정지/중지,,,
클린펫,2022-04-28,205900.907866005,447964.288794784,2026-04-26 22:32:36,I,0004,말소,,2020-11-17 15:37:41,,2020-11-17,0,,서울특별시 광진구 자양동 **-*,304000003720200009,3040000,000,"서울특별시 광진구 능동로 **, *층 (자양동)",05085,,04,취소/말소/만료/정지/중지,,,
순수,2022-04-28,207784.372646292,450293.317028633,2026-04-26 22:32:36,I,0004,말소,,2021-04-30 09:47:51,,2021-04-30,0,,서울특별시 광진구 중곡동 **-**,304000003720210001,3040000,000,"서울특별시 광진구 용마산로*길 *, *층 (중곡동)",04953,,04,취소/말소/만료/정지/중지,,,
꽃강아지,2022-04-28,207699.647823745,450403.945877367,2026-04-26 22:32:36,I,0004,말소,,2021-05-24 14:21:03,,2021-05-24,0,,서울특별시 광진구 중곡동 ***-* 재영빌딩,304000003720210002,3040000,000,"서울특별시 광진구 용마산로 **, 재영빌딩 *층 (중곡동)",04931,,04,취소/말소/만료/정지/중지,,,
멍멍샾,2022-04-28,199970.606533845,447451.736547777,2026-04-26 22:33:04,I,0004,말소,,2018-09-17 17:02:52,,2018-09-17,0,,서울특별시 용산구 보광동 ***-*** *층,302000003720180039,3020000,000,"서울특별시 용산구 장문로**길 **, *층 (보광동)",04413,,04,취소/말소/만료/정지/중지,,,02-795-0765
워너비동물병원 용산점,2022-04-28,197202.846269061,446986.411557186,2026-04-26 22:33:04,I,0004,말소,,2020-10-08 17:13:45,,2018-09-21,0,,서울특별시 용산구 한강로*가 **-*** 용산시티파크*단지 ***동 ***호,302000003720180040,3020000,000,"서울특별시 용산구 서빙고로 **, ***동 ***호 (한강로*가, 용산시티파크*단지)",04385,,04,취소/말소/만료/정지/중지,,,02-797-1275
바다동물병원,2022-04-28,197338.915067396,446893.484429691,2026-04-26 22:33:04,I,0004,말소,,2018-09-21 13:32:24,,2018-09-21,0,,서울특별시 용산구 용산동*가 ** 파크타워 ***동 B**호,302000003720180041,3020000,000,"서울특별시 용산구 서빙고로 **, ***동 B**호 (용산동*가, 파크타워)",04385,,04,취소/말소/만료/정지/중지,,,02-792-2561
바다동물병원,2022-04-28,197338.915067396,446893.484429691,2026-04-26 22:33:04,I,0004,말소,,2018-09-21 13:34:41,,2018-09-21,0,,서울특별시 용산구 용산동*가 ** 파크타워 ***동 B**호,302000003720180042,3020000,000,"서울특별시 용산구 서빙고로 **, ***동 B**호 (용산동*가, 파크타워)",04385,,04,취소/말소/만료/정지/중지,,,02-792-2561
우쭈쭈,2022-04-28,199396.732140732,447874.334199952,2026-04-26 22:33:04,I,0004,말소,,2018-09-21 17:23:05,,2018-09-21,0,,서울특별시 용산구 이태원동 ***-** *층,302000003720180043,3020000,000,"서울특별시 용산구 이태원로**길 **-*, *층 (이태원동)",04391,,04,취소/말소/만료/정지/중지,,,02-6212-7411
우쭈쭈,2022-04-28,199396.732140732,447874.334199952,2026-04-26 22:33:04,I,0004,말소,,2018-09-21 17:25:30,,2018-09-21,0,,서울특별시 용산구 이태원동 ***-** *층,302000003720180044,3020000,000,"서울특별시 용산구 이태원로**길 **-*, *층 (이태원동)",04391,,04,취소/말소/만료/정지/중지,,,02-6212-7411
아프리카동물병원,2022-04-28,197980.868340519,449605.434772664,2026-04-26 22:33:04,I,0004,말소,,2018-09-21 17:28:01,,2018-09-21,0,,서울특별시 용산구 후암동 ***-** 현석빌딩 *층,302000003720180045,3020000,000,"서울특별시 용산구 후암로 **, 현석빌딩 *층 (후암동)",04331,,04,취소/말소/만료/정지/중지,,,02-773-1119
효창동물병원,2022-04-28,196561.891893717,448563.455747747,2026-04-26 22:33:04,I,0004,말소,,2018-10-11 09:16:52,,2018-10-11,0,,서울특별시 용산구 효창동 **-**,302000003720180046,3020000,000,서울특별시 용산구 백범로 *** (효창동),04317,,04,취소/말소/만료/정지/중지,,,02-711-4527
청화동물병원,2022-04-28,199561.725326528,447651.513862738,2026-04-26 22:33:04,I,0004,말소,,2022-02-17 13:45:26,,2018-10-26,0,,서울특별시 용산구 이태원동 **-* 태광빌딩,302000003720180047,3020000,000,"서울특별시 용산구 보광로 **, 태광빌딩 *층 (이태원동)",04406,,04,취소/말소/만료/정지/중지,,,02-792-7602
청화동물병원,2022-04-28,199561.725326528,447651.513862738,2026-04-26 22:33:04,I,0004,말소,,2020-06-24 16:33:07,,2018-10-26,0,,서울특별시 용산구 이태원동 **-* 태광빌딩 *층,302000003720180048,3020000,000,"서울특별시 용산구 보광로 **, 태광빌딩 *층 (이태원동)",04406,,04,취소/말소/만료/정지/중지,,,02-792-7602
프랑소와펫,2022-04-28,197722.571038558,446344.591216568,2026-04-26 22:33:04,I,0004,말소,,2021-12-28 18:33:54,,2018-11-28,0,,서울특별시 용산구 이촌동 ***-** 한강맨션 **동 ***호,302000003720180049,3020000,000,"서울특별시 용산구 이촌로 ***, **동 ***호 (이촌동, 한강맨션)",04426,,04,취소/말소/만료/정지/중지,,,02-749-4700
타다펫,2022-04-28,200033.139251257,447173.469171546,2026-04-26 22:33:04,I,0004,말소,,2018-12-06 13:47:21,,2018-12-06,0,,서울특별시 용산구 보광동 **-*,302000003720180050,3020000,000,서울특별시 용산구 보광로**가길 * (보광동),04415,,04,취소/말소/만료/정지/중지,,,
독특,2022-04-28,199236.418710775,448771.868913954,2026-04-26 22:33:04,I,0004,말소,,2020-12-01 15:24:22,,2019-03-13,0,,서울특별시 용산구 이태원동 ***-***,302000003720190001,3020000,000,서울특별시 용산구 회나무로**가길 **-** (이태원동),04344,,04,취소/말소/만료/정지/중지,,,
소월집,2022-04-28,199289.314399999,448764.719282408,2026-04-26 22:33:04,I,0004,말소,,2019-03-27 09:59:03,,2019-03-27,0,,서울특별시 용산구 이태원동 ***-*** 지상*층,302000003720190002,3020000,000,"서울특별시 용산구 소월로**길 **, 지상*층 (이태원동)",04344,,04,취소/말소/만료/정지/중지,,,
복실이네,2022-04-28,198236.296378418,446262.544080318,2026-04-26 22:33:04,I,0004,말소,,2020-09-07 18:10:57,,2019-03-27,0,,서울특별시 용산구 이촌동 ***-*** 현대아파트 **동 ***호,302000003720190003,3020000,000,"서울특별시 용산구 이촌로 ***, **동 ***호 (이촌동, 현대아파트)",04424,,04,취소/말소/만료/정지/중지,,,
펫그라운드_해방촌,2022-04-28,198824.282615415,449019.314987909,2026-04-26 22:33:04,I,0004,말소,,2019-04-04 10:09:43,,2019-04-04,0,,서울특별시 용산구 용산동*가 **-* 지하*층,302000003720190004,3020000,000,"서울특별시 용산구 신흥로 **, 지하*층 (용산동*가)",04338,,04,취소/말소/만료/정지/중지,,,02-749-9990
펫그라운드_해방촌,2022-04-28,198824.282615415,449019.314987909,2026-04-26 22:33:04,I,0004,말소,,2019-04-04 10:12:34,,2019-04-04,0,,서울특별시 용산구 용산동*가 **-* 지하*층,302000003720190005,3020000,000,"서울특별시 용산구 신흥로 **, 지하*층 (용산동*가)",04338,,04,취소/말소/만료/정지/중지,,,02-749-9990
원스동물병원,2022-04-28,197234.131475852,449191.560826572,2026-04-26 22:33:04,I,0004,말소,,2019-04-19 14:48:55,,2019-04-19,0,,서울특별시 용산구 청파동*가 **-** 지상*층,302000003720190006,3020000,000,"서울특별시 용산구 청파로**길 **, 지상*층 (청파동*가)",04309,,04,취소/말소/만료/정지/중지,,,02-719-8275
원스동물병원,2022-04-28,197234.131475852,449191.560826572,2026-04-26 22:33:04,I,0004,말소,,2019-05-07 11:09:53,,2019-05-07,0,,서울특별시 용산구 청파동*가 **-**,302000003720190007,3020000,000,"서울특별시 용산구 청파로**길 **, *층 (청파동*가)",04309,,04,취소/말소/만료/정지/중지,,,02-719-8275
미스터앤미세스멍 본점,2022-04-28,200559.36615505,447696.887165762,2026-04-26 22:33:04,I,0004,말소,,2020-03-23 15:44:53,,2019-05-21,0,,서울특별시 용산구 한남동 **-* 신성미소시티 상가 ***호,302000003720190008,3020000,000,"서울특별시 용산구 독서당로 **, ***호 (한남동, 신성미소시티)",04410,,04,취소/말소/만료/정지/중지,,,02-792-8085
해피펫드라이버,2022-04-28,197979.935893007,446427.192414074,2026-04-26 22:33:04,I,0004,말소,,2021-11-09 16:57:25,,2019-10-22,0,,서울특별시 용산구 이촌동 *** 이촌아파트 ***동 ***호,302000003720190009,3020000,000,"서울특별시 용산구 이촌로**길 **, ***동 ***호 (이촌동, 이촌아파트)",04423,,04,취소/말소/만료/정지/중지,,,
꼬리살랑,2022-04-28,196370.91788949,448005.891835529,2026-04-26 22:33:04,I,0004,말소,,2021-11-23 14:55:54,,2019-12-04,0,,서울특별시 용산구 원효로*가 **-* *층,302000003720190010,3020000,000,"서울특별시 용산구 원효로 ***, *층 (원효로*가)",04366,,04,취소/말소/만료/정지/중지,,,02-1670-1612
디어독,2022-04-28,205900.907866005,447964.288794784,2026-04-26 22:32:36,I,0004,말소,,2021-05-24 16:20:11,,2021-05-24,0,,서울특별시 광진구 자양동 **-*,304000003720210003,3040000,000,"서울특별시 광진구 능동로 **, *층 (자양동)",05085,,04,취소/말소/만료/정지/중지,,,02-499-6678
우기부기샵,2022-04-28,208558.286631653,448353.905156369,2026-04-26 22:32:36,I,0004,말소,,2021-12-28 15:54:32,,2021-05-25,0,,서울특별시 광진구 구의동 ***-* 현대프라임아파트,304000003720210004,3040000,000,"서울특별시 광진구 광나루로**길 **, *동 ***호 (구의동, 현대프라임아파트)",05119,,04,취소/말소/만료/정지/중지,,,070-8874-0564
펫뜨락,2022-04-28,206586.084386085,449194.461283313,2026-04-26 22:32:36,I,0004,말소,,2021-06-07 10:53:06,,2021-06-07,0,,서울특별시 광진구 화양동 ***-*,304000003720210005,3040000,000,"서울특별시 광진구 능동로**길 **, ***호 (화양동)",05021,,04,취소/말소/만료/정지/중지,,,
꿀강아지 테리하우스,2022-04-28,206978.736672669,451028.317525745,2026-04-26 22:32:37,I,0004,말소,,2021-06-23 13:22:30,,2021-06-23,0,,서울특별시 광진구 중곡동 ***-**,304000003720210006,3040000,000,"서울특별시 광진구 긴고랑로**길 **, *층 (중곡동)",04915,,04,취소/말소/만료/정지/중지,,,
toutou miel,2022-04-28,207235.581247334,451072.124043842,2026-04-26 22:32:37,I,0004,말소,,2021-08-26 15:00:24,,2021-08-26,0,,서울특별시 광진구 중곡동 **-*,304000003720210007,3040000,000,서울특별시 광진구 긴고랑로 **(중곡동),04921,,04,취소/말소/만료/정지/중지,,,
toutou miel,2022-04-28,207235.581247334,451072.124043842,2026-04-26 22:32:37,I,0004,말소,,2021-08-26 14:59:12,,2021-08-26,0,,서울특별시 광진구 중곡동 **-*,304000003720210008,3040000,000,서울특별시 광진구 긴고랑로 **(중곡동),04921,,04,취소/말소/만료/정지/중지,,,
루비숑 펫살롱,2022-04-28,208049.154377798,449936.9950875,2026-04-26 22:32:37,I,0004,말소,,2021-09-29 10:04:54,,2021-09-29,0,,서울특별시 광진구 구의동 **-** 옥석빌,304000003720210009,3040000,000,"서울특별시 광진구 자양로 ***, *층 (구의동, 옥석빌)",04954,,04,취소/말소/만료/정지/중지,,,
메이의 하루,2022-04-28,207595.751262991,449380.475530894,2026-04-26 22:32:37,I,0004,말소,,2021-10-18 09:57:07,,2021-10-18,0,,서울특별시 광진구 구의동 **-**,304000003720210010,3040000,000,"서울특별시 광진구 자양로 ***-*, *호 (구의동)",04993,,04,취소/말소/만료/정지/중지,,,070-7543-0502
냥이네 하우스,2022-04-28,206094.706599251,448582.083585779,2026-04-26 22:32:37,I,0004,말소,,2022-01-20 17:30:21,,2021-12-06,0,,서울특별시 광진구 자양동 *-* *층,304000003720210011,3040000,000,"서울특별시 광진구 동일로**길 ***, *층 (자양동)",05073,,04,취소/말소/만료/정지/중지,,,02-465-0329
댕바라기,2022-04-28,208191.427915437,448785.295643001,2026-04-26 22:32:37,I,0004,말소,,2021-12-09 19:51:53,,2021-12-09,0,,서울특별시 광진구 구의동 ***-* 선앙빌라 ***-*호,304000003720210012,3040000,000,"서울특별시 광진구 아차산로**길 **, ***-*호 (구의동, 선앙빌라)",05035,,04,취소/말소/만료/정지/중지,,,
집사의 하루 건대점,2022-04-28,205993.83264866,448828.43265301,2026-04-26 22:32:37,I,0004,말소,,2021-12-10 16:14:25,,2021-12-10,0,,서울특별시 광진구 화양동 *-** 화양동근생,304000003720210013,3040000,000,"서울특별시 광진구 아차산로**길 **, *층 (화양동, 화양동근생)",05018,,04,취소/말소/만료/정지/중지,,,
펫스워드,2022-04-28,207430.058384095,448962.901811223,2026-04-26 22:32:37,I,0004,말소,,2021-12-13 10:28:41,,2021-12-13,0,,서울특별시 광진구 구의동 ***-* 제이드빌 ***호,304000003720210014,3040000,000,"서울특별시 광진구 자양로 ***-**, ***호 (구의동, 제이드빌)",05038,,04,취소/말소/만료/정지/중지,,,
버블링,2022-04-28,207650.888245221,447610.619424514,2026-04-26 22:32:37,I,0004,말소,,2022-02-08 10:37:35,,2022-02-08,0,,서울특별시 광진구 자양동 ***-** *층,304000003720220001,3040000,000,"서울특별시 광진구 자양로*길 *, *층 (자양동)",05113,,04,취소/말소/만료/정지/중지,,,02-542-0233
럽퍼피,2022-04-28,206521.463812099,451031.250965314,2026-04-26 22:32:37,I,0004,말소,,2022-02-24 17:50:43,,2022-02-24,0,,서울특별시 광진구 중곡동 ***-* *층,304000003720220002,3040000,000,"서울특별시 광진구 동일로 ***, *층 (중곡동)",04900,,04,취소/말소/만료/정지/중지,,,
럽퍼피,2022-04-28,206521.463812099,451031.250965314,2026-04-26 22:32:37,I,0004,말소,,2022-02-24 17:53:39,,2022-02-24,0,,서울특별시 광진구 중곡동 ***-* *층,304000003720220003,3040000,000,"서울특별시 광진구 동일로 ***, *층 (중곡동)",04900,,04,취소/말소/만료/정지/중지,,,
우주로캣,2022-04-28,206109.987109224,448630.832988973,2026-04-26 22:32:37,I,0004,말소,,2022-03-02 09:44:29,,2022-03-02,0,,서울특별시 광진구 자양동 *-* *층,304000003720220004,3040000,000,"서울특별시 광진구 아차산로 ***, 아차산로 *층 (자양동)",05073,,04,취소/말소/만료/정지/중지,,,02-2205-3123
오늘은 꽃단장,2022-04-28,206708.067969374,448342.640937082,2026-04-26 22:32:37,I,0004,말소,,2022-03-16 18:02:53,,2022-03-16,0,,서울특별시 광진구 자양동 ***-***,304000003720220005,3040000,000,서울특별시 광진구 자양번영로**길 *-*(자양동),05066,,04,취소/말소/만료/정지/중지,,,
비비앤독,2022-04-28,207815.953840302,449152.165246611,2026-04-26 22:32:37,I,0004,말소,,2022-04-20 10:59:33,,2022-04-20,0,,서울특별시 광진구 구의동 ***-* 송원빌딩,304000003720220006,3040000,000,"서울특별시 광진구 광나루로 ***, 송원빌딩 *층 (구의동)",05032,,04,취소/말소/만료/정지/중지,,,
pet169소2689,2022-04-28,206120.623915253,448158.641460407,2026-04-26 22:32:37,I,0004,말소,,2022-04-27 14:08:48,,2022-04-27,0,,서울특별시 광진구 자양동 *** 한라아파트 ***동 ****호,304000003720220007,3040000,000,"서울특별시 광진구 뚝섬로**길 **, ***동 ****호 (자양동, 한라아파트)",05070,,04,취소/말소/만료/정지/중지,,,
pet63마5476,2022-04-28,208223.906472309,450766.749713517,2026-04-26 22:32:37,I,0004,말소,,2022-04-28 10:22:56,,2022-04-27,0,,서울특별시 광진구 중곡동 **-* *층,304000003720220008,3040000,000,"서울특별시 광진구 긴고랑로 ***, *층 (중곡동)",04944,,04,취소/말소/만료/정지/중지,,,
이예슬펫택시,2022-04-28,197047.874906939,447903.232439359,2026-04-26 22:33:04,I,0004,말소,,2020-01-17 10:08:04,,2020-01-17,0,,서울특별시 용산구 한강로*가 *-*** 용산아이피아대주피오레 ****호,302000003720200001,3020000,000,"서울특별시 용산구 청파로**길 *, ****호 (한강로*가, 용산아이피아대주피오레)",04371,,04,취소/말소/만료/정지/중지,,,
도기캠프,2022-04-28,196704.745506143,448591.786383215,2026-04-26 22:33:04,I,0004,말소,,2020-01-28 11:21:03,,2020-01-28,0,,"서울특별시 용산구 효창동 **-* 용산 롯데캐슬 센터포레 B***, B***호",302000003720200002,3020000,000,"서울특별시 용산구 백범로 ***, 상가동 B***,B***호 (효창동, 용산 롯데캐슬 센터포레)",04317,,04,취소/말소/만료/정지/중지,,,02-714-5999
도기캠프,2022-04-28,196704.745506143,448591.786383215,2026-04-26 22:33:04,I,0004,말소,,2020-01-28 11:24:44,,2020-01-28,0,,"서울특별시 용산구 효창동 **-* 용산 롯데캐슬 센터포레 B***,B***호",302000003720200003,3020000,000,"서울특별시 용산구 백범로 ***, 상가동 B***,B***호 (효창동, 용산 롯데캐슬 센터포레)",04317,,04,취소/말소/만료/정지/중지,,,02-714-5999
꼬리살랑,2022-04-28,196370.91788949,448005.891835529,2026-04-26 22:33:04,I,0004,말소,,2021-11-23 14:55:06,,2020-02-05,0,,서울특별시 용산구 원효로*가 **-* *층,302000003720200004,3020000,000,"서울특별시 용산구 원효로 ***, *층 (원효로*가)",04366,,04,취소/말소/만료/정지/중지,,,02-1670-1612
트리밍807,2022-04-28,200231.538140657,448226.481350525,2026-04-26 22:33:04,I,0004,말소,,2020-04-10 12:41:04,,2020-04-10,0,,서울특별시 용산구 한남동 *** 나인원 한남 지하*층,302000003720200005,3020000,000,"서울특별시 용산구 한남대로 **, 지하*층 (한남동, 나인원 한남)",04401,,04,취소/말소/만료/정지/중지,,,
(주)플래닛오브독스,2022-04-28,200227.605775761,448888.288681311,2026-04-26 22:33:04,I,0004,말소,,2021-09-06 15:29:19,,2020-04-10,0,,서울특별시 용산구 한남동 ***-*** 지하*층,302000003720200006,3020000,L00,"서울특별시 용산구 한남대로**길 **, 지하*층 (한남동)",04417,,04,취소/말소/만료/정지/중지,,,02-795-9644
(주)플래닛오브독스,2022-04-28,200227.605775761,448888.288681311,2026-04-26 22:33:04,I,0004,말소,,2021-09-06 15:30:56,,2020-04-10,0,,"서울특별시 용산구 한남동 ***-*** 지하*층, 지상*층",302000003720200007,3020000,L00,"서울특별시 용산구 한남대로**길 **, 지하*층, 지상*층 (한남동)",04417,,04,취소/말소/만료/정지/중지,,,02-795-9644
유임정펫택시,2022-04-28,198236.296378418,446262.544080318,2026-04-26 22:33:04,I,0004,말소,,2020-05-11 17:27:43,,2020-05-11,0,,서울특별시 용산구 이촌동 ***-*** 현대아파트 **동 ****호,302000003720200008,3020000,000,"서울특별시 용산구 이촌로 ***, **동 ****호 (이촌동, 현대아파트)",04424,,04,취소/말소/만료/정지/중지,,,
정관열펫택시,2022-04-28,200248.92371748,447179.452674537,2026-04-26 22:33:04,I,0004,말소,,2020-08-27 17:24:40,,2020-05-14,0,,서울특별시 용산구 보광동 **-* CASA빌라 ***호,302000003720200009,3020000,000,"서울특별시 용산구 서빙고로**길 *-*, ***호 (보광동, CASA빌라)",04416,,04,취소/말소/만료/정지/중지,,,
아츠,2022-04-28,199378.290134936,448878.152794079,2026-04-26 22:33:04,I,0004,말소,,2020-08-24 11:00:21,,2020-08-24,0,,서울특별시 용산구 이태원동 ***-** *층,302000003720200010,3020000,000,"서울특별시 용산구 회나무로**길 **, *층 (이태원동)",04344,,04,취소/말소/만료/정지/중지,,,
아츠,2022-04-28,199378.290134936,448878.152794079,2026-04-26 22:33:04,I,0004,말소,,2020-08-24 11:45:02,,2020-08-24,0,,서울특별시 용산구 이태원동 ***-** *층,302000003720200011,3020000,000,"서울특별시 용산구 회나무로**길 **, *층 (이태원동)",04344,,04,취소/말소/만료/정지/중지,,,
(주)플래닛오브독스,2022-04-28,200227.605775761,448888.288681311,2026-04-26 22:33:04,I,0004,말소,,2021-09-06 15:31:52,,2020-11-12,0,,서울특별시 용산구 한남동 ***-***,302000003720200012,3020000,L00,서울특별시 용산구 한남대로**길 ** (한남동),04417,,04,취소/말소/만료/정지/중지,,,02-790-9644
다줄,2022-04-28,197056.728931087,447077.126289262,2026-04-26 22:33:04,I,0004,말소,,2020-12-01 16:29:17,,2020-12-01,0,,서울특별시 용산구 한강로*가 **-** 용산센트럴파크 해링턴스퀘어 *층 **호,302000003720200013,3020000,000,"서울특별시 용산구 서빙고로 **, 용산센트럴파크 해링턴스퀘어 *층 **호 (한강로*가)",04387,,04,취소/말소/만료/정지/중지,,,02-798-0077
마스카라 퍼피(mascara puppy),2022-04-28,199100.175617042,447891.852728133,2026-04-26 22:33:04,I,0004,말소,,2021-12-28 18:45:33,,2021-01-19,0,,서울특별시 용산구 이태원동 **-** *층,302000003720210001,3020000,000,"서울특별시 용산구 녹사평대로**길 **-*, *층 (이태원동)",04390,,04,취소/말소/만료/정지/중지,,,
엠펫,2022-04-28,197828.692365032,449638.917481712,2026-04-26 22:33:04,I,0004,말소,,2021-02-08 14:24:53,,2021-02-08,0,,서울특별시 용산구 후암동 ***-**,302000003720210002,3020000,000,서울특별시 용산구 후암로**길 ** (후암동),04332,,04,취소/말소/만료/정지/중지,,,
조은주펫택시,2022-04-28,199675.351093141,447238.619694603,2026-04-26 22:33:04,I,0004,말소,,2021-02-09 14:36:00,,2021-02-09,0,,서울특별시 용산구 보광동 ***-***,302000003720210003,3020000,000,서울특별시 용산구 보광로**길 **-* (보광동),04394,,04,취소/말소/만료/정지/중지,,,
꼬리살랑,2022-04-28,196370.91788949,448005.891835529,2026-04-26 22:33:04,I,0004,말소,,2021-11-23 15:13:09,,2021-03-29,0,,서울특별시 용산구 원효로*가 **-*,302000003720210004,3020000,000,서울특별시 용산구 원효로 *** (원효로*가),04366,,04,취소/말소/만료/정지/중지,,,02-1670-1612
몽스빌리지,2022-04-28,196211.287232401,448572.36200051,2026-04-26 22:33:04,I,0004,말소,,2021-04-12 09:31:53,,2021-04-12,0,,서울특별시 용산구 도원동 *-** *층,302000003720210005,3020000,000,"서울특별시 용산구 새창로**길 *, *층 (도원동)",04356,,04,취소/말소/만료/정지/중지,,,02-6052-7877
베럴라이프(BetterLife),2022-04-28,199003.844877925,448030.3064588,2026-04-26 22:33:04,I,0004,말소,,2021-04-12 10:15:13,,2021-04-12,0,,서울특별시 용산구 이태원동 **-** *층,302000003720210006,3020000,000,"서울특별시 용산구 이태원로 ***-*, *층 (이태원동)",04351,,04,취소/말소/만료/정지/중지,,,
베럴라이프(BetterLife),2022-04-28,199003.844877925,448030.3064588,2026-04-26 22:33:04,I,0004,말소,,2021-04-12 10:18:31,,2021-04-12,0,,서울특별시 용산구 이태원동 **-** *층,302000003720210007,3020000,000,"서울특별시 용산구 이태원로 ***-*, *층 (이태원동)",04351,,04,취소/말소/만료/정지/중지,,,
올리스용산점,2022-04-28,198781.156108801,448403.550394735,2026-04-26 22:33:04,I,0004,말소,,2021-05-04 15:43:41,,2021-05-04,0,,서울특별시 용산구 이태원동 ***,302000003720210008,3020000,000,"서울특별시 용산구 녹사평대로 ***-*, *층 (이태원동)",04345,,04,취소/말소/만료/정지/중지,,,070-4193-1000
케이나인클럽하우스(K9 ClubHouse),2022-04-28,199095.51043807,448569.368547126,2026-04-26 22:33:04,I,0004,말소,,2021-07-12 09:04:51,,2021-07-12,0,,서울특별시 용산구 이태원동 ***-**,302000003720210009,3020000,000,서울특별시 용산구 회나무로 **-*(이태원동),04345,,04,취소/말소/만료/정지/중지,,,
금강동물병원,2022-04-28,198165.767858385,446185.244544796,2026-04-26 22:33:04,I,0004,말소,,2021-07-19 17:38:49,,2021-07-19,0,,"서울특별시 용산구 이촌동 ***-*** 렉스상가 *-*,*-*호",302000003720210010,3020000,000,"서울특별시 용산구 이촌로 ***, 렉스상가 *-*, *-*호 (이촌동)",04425,,04,취소/말소/만료/정지/중지,,,02-798-7512
크린랲 한남지점-하울팟,2022-04-28,200955.892430557,448262.752932404,2026-04-26 22:33:04,I,0004,말소,,2021-10-08 14:01:50,,2021-10-08,0,,서울특별시 용산구 한남동 *-* *층,302000003720210011,3020000,L00,"서울특별시 용산구 독서당로 ***, *층 (한남동)",04419,,04,취소/말소/만료/정지/중지,,,
크린랲 한남지점-하울팟,2022-04-28,200955.892430557,448262.752932404,2026-04-26 22:33:04,I,0004,말소,,2021-10-08 14:08:00,,2021-10-08,0,,"서울특별시 용산구 한남동 *-* *,*층",302000003720210012,3020000,L00,"서울특별시 용산구 독서당로 ***, *,*층 (한남동)",04419,,04,취소/말소/만료/정지/중지,,,
프리독스,2022-04-28,196692.10104013,448261.78417646,2026-04-26 22:33:04,I,0004,말소,,2021-10-20 09:29:52,,2021-10-20,0,,서울특별시 용산구 원효로*가 **-* *층,302000003720210013,3020000,000,"서울특별시 용산구 원효로 ***-*, *층 (원효로*가)",04364,,04,취소/말소/만료/정지/중지,,,
독클래스,2022-04-28,199563.989700202,448722.238885216,2026-04-26 22:33:04,I,0004,말소,,2021-11-03 15:10:37,,2021-11-03,0,,서울특별시 용산구 이태원동 *-* 지하*층,302000003720210014,3020000,000,"서울특별시 용산구 회나무로**길 *, 지하*층 (이태원동)",04346,,04,취소/말소/만료/정지/중지,,,02-6014-4242
독클래스,2022-04-28,199563.989700202,448722.238885216,2026-04-26 22:33:04,I,0004,말소,,2021-11-03 15:15:19,,2021-11-03,0,,"서울특별시 용산구 이태원동 *-* *,*층",302000003720210015,3020000,000,"서울특별시 용산구 회나무로**길 *, *,*층 (이태원동)",04346,,04,취소/말소/만료/정지/중지,,,02-6014-4242
도미네로,2022-04-28,198869.731394516,448335.147113736,2026-04-26 22:33:04,I,0004,말소,,2021-12-28 13:17:23,,2021-12-28,0,,서울특별시 용산구 이태원동 ***-*,302000003720210016,3020000,000,서울특별시 용산구 녹사평대로**길 **(이태원동),04345,,04,취소/말소/만료/정지/중지,,,
피앤피(PnP)펫택시,2022-04-28,197200.336541864,448951.415427228,2026-04-26 22:33:04,I,0004,말소,,2022-01-21 13:04:06,,2022-01-03,0,,서울특별시 용산구 청파동*가 ***-*** ***호,302000003720220001,3020000,000,"서울특별시 용산구 청파로**다길 **-*, ***호 (청파동*가)",04313,,04,취소/말소/만료/정지/중지,,,
개님살롱,2022-04-28,197287.50506674,448662.153501017,2026-04-26 22:33:04,I,0004,말소,,2022-01-06 09:54:34,,2022-01-06,0,,서울특별시 용산구 원효로*가 ** 용산더프라임 주거동 ***호,302000003720220002,3020000,000,"서울특별시 용산구 원효로**길 **, *층 ***호 (원효로*가, 용산더프라임)",04315,,04,취소/말소/만료/정지/중지,,,02-704-9887
개님살롱,2022-04-28,197287.50506674,448662.153501017,2026-04-26 22:33:04,I,0004,말소,,2022-01-06 16:54:28,,2022-01-06,0,,서울특별시 용산구 원효로*가 ** 용산더프라임 주거동 ***호,302000003720220003,3020000,000,"서울특별시 용산구 원효로**길 **, *층 ***호 (원효로*가, 용산더프라임)",04315,,04,취소/말소/만료/정지/중지,,,02-704-9887
루피네,2022-04-28,199458.491145508,447881.290589084,2026-04-26 22:33:04,I,0004,말소,,2022-03-02 08:41:03,,2022-03-02,0,,서울특별시 용산구 이태원동 ***-** 지층***호,302000003720220004,3020000,000,"서울특별시 용산구 보광로 ***-*, 지하*층 ***호 (이태원동)",04406,,04,취소/말소/만료/정지/중지,,,02-6487-8716
쿨펫동물병원,2022-04-28,193661.732383169,456379.193899276,2026-04-26 22:33:03,I,0004,말소,,2013-04-10 17:30:10,,2009-04-08,0,,서울특별시 은평구 대조동 *** 이천일아울렛 *층,311000003720080001,3110000,000,"서울특별시 은평구 불광로 ** (대조동,이천일아울렛 *층)",,,04,취소/말소/만료/정지/중지,,,
은평애견백화점,2022-04-28,193211.220659405,457149.350968864,2026-04-26 22:33:03,I,0004,말소,,2017-09-29 14:08:06,,2008-06-10,,,서울특별시 은평구 불광동 ***-*,311000003720080002,3110000,000,서울특별시 은평구 통일로 ***-* (불광동),,,04,취소/말소/만료/정지/중지,,,
펫프렌즈동물병원 은평,2022-04-28,192882.837727443,455340.54056388,2026-04-26 22:33:03,I,0004,말소,,2013-04-10 17:28:24,,2009-12-04,0,,서울특별시 은평구 응암동 **-* 이마트 *층,311000003720090001,3110000,L00,"서울특별시 은평구 은평로 *** (응암동,이마트 *층)",,,04,취소/말소/만료/정지/중지,,,
강아지야 놀자,2022-04-28,192461.989032033,457392.447225178,2026-04-26 22:33:03,I,0004,말소,,2019-04-30 20:08:58,,2010-06-03,0,,서울특별시 은평구 갈현동 ***-*,311000003720100001,3110000,000,서울특별시 은평구 갈현로 *** (갈현동),,,04,취소/말소/만료/정지/중지,,,
앤젤퍼피,2022-04-28,192647.478411454,458080.54397743,2026-04-26 22:33:03,I,0004,말소,,2021-03-02 10:37:37,,2010-11-12,0,,서울특별시 은평구 갈현동 ***-**,311000003720100002,3110000,000,서울특별시 은평구 갈현로 *** (갈현동),,,04,취소/말소/만료/정지/중지,,,31571657
러브펫,2022-04-28,192563.153718835,457704.115314695,2026-04-26 22:33:03,I,0004,말소,,2014-12-31 17:24:23,,2011-05-18,0,,서울특별시 은평구 갈현동 ***-* *층,311000003720110001,3110000,000,"서울특별시 은평구 갈현로 *** (갈현동,*층)",,,04,취소/말소/만료/정지/중지,,,
고인걸애견미용샾,2022-04-28,193948.481525933,456910.894080245,2026-04-26 22:33:03,I,0004,말소,,2015-12-08 16:18:26,,2011-08-01,0,,서울특별시 은평구 불광동 ***-*,311000003720110002,3110000,000,서울특별시 은평구 불광로 ** (불광동),03355,,04,취소/말소/만료/정지/중지,,,
치포팸,2022-04-28,192378.231401976,454791.136001539,2026-04-26 22:33:03,I,0004,말소,,2015-08-17 12:44:10,,2013-02-26,0,,서울특별시 은평구 신사동 **-** *층,311000003720130001,3110000,000,서울특별시 은평구 증산로 *** (신사동),03451,,04,취소/말소/만료/정지/중지,,,
쿨펫동물병원 은평점,2022-04-28,192882.837727443,455340.54056388,2026-04-26 22:33:03,I,0004,말소,,2015-03-10 11:19:21,,2011-09-28,0,,서울특별시 은평구 응암동 **-* 이마트 *층,311000003720130002,3110000,000,"서울특별시 은평구 은평로 ***, *층 (응암동, 이마트)",03461,,04,취소/말소/만료/정지/중지,,,02-356-3375
제니 펫 살롱,2022-04-28,192961.495459069,456191.757559834,2026-04-26 22:33:03,I,0004,말소,,2013-07-14 10:11:55,,2011-11-04,0,,서울특별시 은평구 역촌동 **-**,311000003720130003,3110000,000,서울특별시 은평구 서오릉로 ** (역촌동),03404,,04,취소/말소/만료/정지/중지,,,02-6338-7142
쿨펫동물병원,2022-04-28,193661.732383169,456379.193899276,2026-04-26 22:33:03,I,0004,말소,,2016-12-02 18:32:05,,2011-11-04,0,,서울특별시 은평구 대조동 *** 팜스퀘어 *층,311000003720130004,3110000,000,서울특별시 은평구 불광로 ** (대조동),03397,,04,취소/말소/만료/정지/중지,,,02-350-7272
자미원 애견,2022-04-28,192636.223179119,455316.428545363,2026-04-26 22:33:03,I,0004,말소,,2018-12-18 14:45:57,,2011-12-08,0,,서울특별시 은평구 역촌동 **-**,311000003720130005,3110000,000,서울특별시 은평구 진흥로 ** (역촌동),03409,,04,취소/말소/만료/정지/중지,,,02-355-8575
강아지풀,2022-04-28,193103.427054842,459986.856034813,2026-04-26 22:33:03,I,0004,말소,,2018-01-31 15:56:49,,2012-03-26,0,,서울특별시 은평구 진관동 ** 롯데캐슬아파트 ***동 ***호,311000003720130006,3110000,000,서울특별시 은평구 진관*로 ** (진관동),03302,,04,취소/말소/만료/정지/중지,,,02-388-2533
지오아쿠아,2022-04-28,193661.732383169,456379.193899276,2026-04-26 22:33:03,I,0004,말소,,2021-05-07 17:18:31,,2012-06-15,0,,서울특별시 은평구 대조동 *** 팜스퀘어 지하*층,311000003720130007,3110000,000,서울특별시 은평구 불광로 ** (대조동),03397,,04,취소/말소/만료/정지/중지,,,
드림동물나라,2022-04-28,193244.450328833,457041.588034585,2026-04-26 22:33:03,I,0004,말소,,2016-03-30 13:01:47,,2013-05-21,0,,서울특별시 은평구 대조동 ***-*,311000003720130008,3110000,000,서울특별시 은평구 통일로 ***-* (대조동),03390,,04,취소/말소/만료/정지/중지,,,02-355-7775
로얄수족관(본사: 2690-7311),2022-04-28,192882.837727443,455340.54056388,2026-04-26 22:33:03,I,0004,말소,,2019-04-30 16:46:01,,2012-08-23,0,,서울특별시 은평구 응암동 **-* *층,311000003720130009,3110000,000,"서울특별시 은평구 은평로 ***, *층 (응암동)",03461,,04,취소/말소/만료/정지/중지,,,02-380-1054
로얄 수족관(본사: 2690-7311),2022-04-28,190977.850603548,453037.787995874,2026-04-26 22:33:03,I,0004,말소,,2019-04-30 16:46:14,,2012-08-22,0,,서울특별시 은평구 수색동 ** *층,311000003720130010,3110000,000,"서울특별시 은평구 수색로 ***, *층 (수색동)",03504,,04,취소/말소/만료/정지/중지,,,02-6943-1052
왈왈,2022-04-28,192215.455804859,456121.497240358,2026-04-26 22:33:03,I,0004,말소,,2015-08-17 12:43:10,,2013-11-21,0,,서울특별시 은평구 역촌동 **-** 지하*층,311000003720130011,3110000,000,"서울특별시 은평구 연서로*길 **, 지하*층 (역촌동)",03415,,04,취소/말소/만료/정지/중지,,,070-8269-0909
제니펫살롱,2022-04-28,192961.495459069,456191.757559834,2026-04-26 22:33:04,I,0004,말소,,2014-06-05 16:08:35,,2014-02-14,0,,서울특별시 은평구 역촌동 **-**,311000003720140001,3110000,000,서울특별시 은평구 서오릉로 ** (역촌동),03404,,04,취소/말소/만료/정지/중지,,,02-6338-7142
Pet#,2022-04-28,192961.495459069,456191.757559834,2026-04-26 22:33:04,I,0004,말소,,2014-06-24 14:33:36,,2014-06-24,0,,서울특별시 은평구 역촌동 **-**,311000003720140002,3110000,000,서울특별시 은평구 서오릉로 ** (역촌동),03404,,04,취소/말소/만료/정지/중지,,,
디지탈디자인(INTERZOO),2022-04-28,191040.327177392,452926.321686795,2026-04-26 22:33:04,I,0004,말소,,2015-08-07 16:25:39,,2014-07-04,0,,서울특별시 은평구 수색동 **-** ***호,311000003720140003,3110000,000,"서울특별시 은평구 수색로 ***-*, ***호 (수색동)",03505,,04,취소/말소/만료/정지/중지,,,02-308-8494
에이플코리아(주) 범서점 롯데슈퍼내,2022-04-28,193035.279146132,457365.911737494,2026-04-26 22:33:04,I,0004,말소,,2015-06-26 15:54:47,,2014-08-20,0,,서울특별시 은평구 불광동 ***-* 롯데슈퍼 *층,311000003720140004,3110000,L00,"서울특별시 은평구 통일로 ***-*, *층 (불광동, 롯데슈퍼)",03350,,04,취소/말소/만료/정지/중지,,,02-382-8654
Kitty fam,2022-04-28,192624.633299948,457978.243527307,2026-04-26 22:33:04,I,0004,말소,,2019-12-31 18:10:59,,2014-11-06,0,,서울특별시 은평구 갈현동 ***-**,311000003720140005,3110000,000,서울특별시 은평구 갈현로 *** (갈현동),03328,,04,취소/말소/만료/정지/중지,,,070-4685-1318
대송애견샵,2022-04-28,194172.041254505,455571.733417973,2026-04-26 22:33:04,I,0004,말소,,2015-08-17 12:45:00,,2014-11-06,0,,서울특별시 은평구 녹번동 **-**,311000003720140006,3110000,000,서울특별시 은평구 통일로 *** (녹번동),03382,,04,취소/말소/만료/정지/중지,,,02-383-3351
해피투개독,2022-04-28,192437.66396064,454353.018154981,2026-04-26 22:33:04,I,0004,말소,,2014-12-31 13:30:37,,2014-11-21,0,,서울특별시 은평구 응암동 ***-** *층,311000003720140007,3110000,000,서울특별시 은평구 가좌로 *** (응암동),03484,,04,취소/말소/만료/정지/중지,,,
디지탈디자인(INTERZOO),2022-04-28,191040.327177392,452926.321686795,2026-04-26 22:33:04,I,0004,말소,,2015-08-07 16:26:03,,2014-11-27,0,,서울특별시 은평구 수색동 **-** ***호,311000003720140008,3110000,000,"서울특별시 은평구 수색로 ***-*, ***호 (수색동)",03505,,04,취소/말소/만료/정지/중지,,,02-308-8494
런닝독,2022-04-28,192437.66396064,454353.018154981,2026-04-26 22:33:04,I,0004,말소,,2015-06-01 15:21:09,,2015-01-13,0,,서울특별시 은평구 응암동 ***-** *층,311000003720150001,3110000,000,"서울특별시 은평구 가좌로 ***, *층 (응암동)",03484,,04,취소/말소/만료/정지/중지,,,
톰스캣,2022-04-28,192001.271821027,455595.889045616,2026-04-26 22:33:04,I,0004,말소,,2019-10-17 17:29:47,,2015-04-30,0,,서울특별시 은평구 역촌동 **-**,311000003720150002,3110000,000,서울특별시 은평구 갈현로 ** (역촌동),03432,,04,취소/말소/만료/정지/중지,,,
멍멍이,2022-04-28,193260.233184107,457038.504421161,2026-04-26 22:33:04,I,0004,말소,,2015-07-14 16:11:56,,2015-07-14,0,,서울특별시 은평구 대조동 ***-* *층 우측,311000003720150003,3110000,000,서울특별시 은평구 통일로 *** (대조동),03390,,04,취소/말소/만료/정지/중지,,,02-384-0079
도그원 펫센터,2022-04-28,192667.438048047,457480.990067897,2026-04-26 22:33:04,I,0004,말소,,2020-02-14 17:39:50,,2012-07-05,0,,"서울특별시 은평구 갈현동 ***-* 지층, *층",311000003720150004,3110000,L00,"서울특별시 은평구 연서로**길 **, 지,*층 (갈현동, 정운빌딩)",03330,,04,취소/말소/만료/정지/중지,,,02-358-1591
쿨펫동물병원,2022-04-28,192636.223179119,455316.428545363,2026-04-26 22:33:04,I,0004,말소,,2019-05-14 11:27:15,,2011-11-01,0,,서울특별시 은평구 역촌동 **-**,311000003720160001,3110000,000,서울특별시 은평구 진흥로 ** (역촌동),03409,,04,취소/말소/만료/정지/중지,,,
튼튼동물병원,2022-04-28,192636.223179119,455316.428545363,2026-04-26 22:33:04,I,0004,말소,,2016-02-03 14:21:18,,2014-01-02,,,서울특별시 은평구 역촌동 **-** *층,311000003720160002,3110000,000,서울특별시 은평구 진흥로 ** (역촌동),03409,,04,취소/말소/만료/정지/중지,,,
도리도리펫샵,2022-04-28,192828.815751937,454965.25061689,2026-04-26 22:33:04,I,0004,말소,,2017-05-18 20:49:20,,2016-02-29,0,,서울특별시 은평구 응암동 ***-**,311000003720160003,3110000,000,서울특별시 은평구 응암로 *** (응암동),03454,,04,취소/말소/만료/정지/중지,,,02-383-8024
보름애견,2022-04-28,207204.907754885,451378.26853404,2026-04-26 22:32:33,I,0004,말소,,2020-04-23 17:53:46,,2009-03-26,0,,서울특별시 광진구 중곡동 ***-**,304000003720090001,3040000,000,서울특별시 광진구 능동로**길 ** (중곡동),04908,,04,취소/말소/만료/정지/중지,,,02-6326-2108
통키애견,2022-04-28,207169.472578116,451764.33065101,2026-04-26 22:32:33,I,0004,말소,,2016-03-04 17:33:54,,2008-02-12,,,서울특별시 광진구 중곡동 ***-*,304000003720090002,3040000,000,서울특별시 광진구 동일로**길 ** (중곡동),04905,,04,취소/말소/만료/정지/중지,,,02-3409-1374
코코애견,2022-04-28,207137.911997179,451552.095614422,2026-04-26 22:32:33,I,0004,말소,,2018-04-03 10:05:17,,2008-05-13,0,,서울특별시 광진구 중곡동 ***-**,304000003720090003,3040000,000,"서울특별시 광진구 면목로 ***, *층 (중곡동)",04908,,04,취소/말소/만료/정지/중지,,,02-469-0413
광진Pet,2022-04-28,207507.856816415,449223.123544348,2026-04-26 22:32:34,I,0004,말소,,2018-09-06 09:55:12,,2008-05-13,0,,서울특별시 광진구 구의동 **-**,304000003720090004,3040000,000,서울특별시 광진구 광나루로 *** (구의동),04976,,04,취소/말소/만료/정지/중지,,,02-3437-0704
특별한 강아지,2022-04-28,,,2026-04-26 22:32:34,I,0004,말소,,2021-12-13 10:49:12,,2008-05-28,0,,서울특별시 광진구 화양동 **-** *층,304000003720090005,3040000,000,,,,04,취소/말소/만료/정지/중지,,,02-468-8536
광진구 아이러브독 강아지 고양이 서울본점,2022-04-28,207899.687194357,449725.833138665,2026-04-26 22:32:34,I,0004,말소,,2021-05-14 10:46:33,,2008-06-30,0,,서울특별시 광진구 구의동 **-**,304000003720090006,3040000,000,서울특별시 광진구 자양로 *** (구의동),04992,,04,취소/말소/만료/정지/중지,,,
소연애견,2022-04-28,205695.74632433,448321.010766663,2026-04-26 22:32:34,I,0004,말소,,2019-11-19 11:02:04,,2008-06-30,0,,서울특별시 광진구 자양동 ***-***,304000003720090007,3040000,000,서울특별시 광진구 뚝섬로**길 ** (자양동),05077,,04,취소/말소/만료/정지/중지,,,02-464-1009
프리티애견,2022-04-28,206907.638864965,448195.131015631,2026-04-26 22:32:34,I,0004,말소,,2021-01-28 13:32:20,,2008-06-30,0,,서울특별시 광진구 자양동 ***-**,304000003720090008,3040000,000,서울특별시 광진구 아차산로**길 ** (자양동),05054,,04,취소/말소/만료/정지/중지,,,02-457-3451
해피애견타운,2022-04-28,206781.108977747,450677.243772466,2026-04-26 22:32:34,I,0004,말소,,2021-12-31 16:18:57,,2008-07-07,,,서울특별시 광진구 중곡동 ***-*,304000003720090009,3040000,000,서울특별시 광진구 천호대로 *** (중곡동),04919,,04,취소/말소/만료/정지/중지,,,02-462-1100
개판오분전,2022-04-28,206694.400375078,450780.251867356,2026-04-26 22:32:34,I,0004,말소,,2021-12-31 16:19:41,,2008-08-01,0,,서울특별시 광진구 중곡동 ***-*,304000003720090010,3040000,000,서울특별시 광진구 동일로**길 ** (중곡동),04920,,04,취소/말소/만료/정지/중지,,,
멍이멍이,2022-04-28,,,2026-04-26 22:32:34,I,0004,말소,,2010-11-10 16:42:54,,2008-11-04,0,,서울특별시 광진구 구의동 ***-** *층,304000003720090011,3040000,000,,,,04,취소/말소/만료/정지/중지,,,02-2201-1008
아이퍼리,2022-04-28,,,2026-04-26 22:32:34,I,0004,말소,,2009-04-01 11:04:53,,2008-11-05,0,,서울특별시 광진구 군자동 ***번지,304000003720090012,3040000,000,,,,04,취소/말소/만료/정지/중지,,,02-457-3111
행복한세상,2022-04-28,,,2026-04-26 22:32:34,I,0004,말소,,2009-04-01 11:07:24,,2008-11-05,0,,서울특별시 광진구 자양동 ***-*,304000003720090013,3040000,000,,,,04,취소/말소/만료/정지/중지,,,02-455-6386
로얄도그앤캣메디컬센터,2022-04-28,205969.966011569,448175.917404606,2026-04-26 22:32:34,I,0004,말소,,2017-07-24 13:49:52,,2013-04-18,0,,서울특별시 광진구 자양동 ***-*,304000003720090015,3040000,000,서울특별시 광진구 능동로 ** (자양동),,,04,취소/말소/만료/정지/중지,,,02-468-6612
강아지들의 수다,2022-04-28,206596.744319375,450292.509748357,2026-04-26 22:32:34,I,0004,말소,,2015-05-06 10:54:58,,2009-09-29,0,,서울특별시 광진구 군자동 **-**,304000003720090017,3040000,000,"서울특별시 광진구 면목로 *, *층 (군자동)",04996,,04,취소/말소/만료/정지/중지,,,02-462-6200
중앙애견,2022-04-28,205917.094215315,448157.172390235,2026-04-26 22:32:34,I,0004,말소,,2018-08-31 09:45:29,,2009-10-22,0,,서울특별시 광진구 자양동 ***-***,304000003720100001,3040000,000,서울특별시 광진구 뚝섬로 *** (자양동),05074,,04,취소/말소/만료/정지/중지,,,02-462-6200
강아지발바닥,2022-04-28,207864.316908535,448824.977636527,2026-04-26 22:32:34,I,0004,말소,,2018-04-17 14:04:35,,2010-03-15,0,,서울특별시 광진구 구의동 ***-**,304000003720100002,3040000,000,서울특별시 광진구 구의로 **-* (구의동),05037,,04,취소/말소/만료/정지/중지,,,02-453-8383
개바라기,2022-04-28,206036.545800463,449162.889650193,2026-04-26 22:32:34,I,0004,말소,,2011-03-07 11:22:30,,2010-08-11,,,서울특별시 광진구 화양동 **-** *층,304000003720100003,3040000,000,"서울특별시 광진구 능동로**길 ** (화양동,*층)",,,04,취소/말소/만료/정지/중지,,,
특별한 강아지,2022-04-28,206120.690168397,449104.862789789,2026-04-26 22:32:34,I,0004,말소,,2021-12-13 10:50:38,,2010-10-06,0,,서울특별시 광진구 화양동 **-**,304000003720100004,3040000,000,서울특별시 광진구 군자로*길 ** (화양동),05011,,04,취소/말소/만료/정지/중지,,,02-468-8536
똥강아지,2022-04-28,206014.599715389,448359.990459515,2026-04-26 22:32:34,I,0004,말소,,2015-07-08 14:31:20,,2010-11-01,0,,서울특별시 광진구 자양동 ***-**,304000003720100005,3040000,000,"서울특별시 광진구 능동로 **, *층 (자양동)",05074,,04,취소/말소/만료/정지/중지,,,070-4038-5511
PET HOUSE,2022-04-28,207434.293278091,449030.265727732,2026-04-26 22:32:34,I,0004,말소,,2014-09-11 08:31:08,,2010-11-19,,,서울특별시 광진구 구의동 ***-**,304000003720100006,3040000,000,서울특별시 광진구 자양로 *** (구의동),,,04,취소/말소/만료/정지/중지,,,02-453-7338
스누피독,2022-04-28,205903.418852706,448130.177867213,2026-04-26 22:32:34,I,0004,말소,,2020-01-15 18:23:17,,2010-12-23,0,,서울특별시 광진구 자양동 ***-***,304000003720100007,3040000,000,서울특별시 광진구 뚝섬로 *** (자양동),05085,,04,취소/말소/만료/정지/중지,,,
티컵나라,2022-04-28,207177.382910794,450588.799552382,2026-04-26 22:32:34,I,0004,말소,,2013-11-12 16:57:18,,2011-01-05,,,서울특별시 광진구 중곡동 ***-*,304000003720110001,3040000,000,서울특별시 광진구 능동로**길 ** (중곡동),,,04,취소/말소/만료/정지/중지,,,070-7561-5690
강아지놀이터,2022-04-28,208166.468613698,448569.800693182,2026-04-26 22:32:34,I,0004,말소,,2018-04-10 09:21:29,,2011-02-18,0,,서울특별시 광진구 구의동 ***-*,304000003720110002,3040000,000,"서울특별시 광진구 아차산로 ***, *층 (구의동)",05047,,04,취소/말소/만료/정지/중지,,,
예일애견,2022-04-28,192838.696088238,453857.098616756,2026-04-26 22:33:04,I,0004,말소,,2017-10-19 09:26:09,,2016-04-14,0,,서울특별시 은평구 응암동 ***-*,311000003720160004,3110000,000,서울특별시 은평구 응암로**길 ** (응암동),03480,,04,취소/말소/만료/정지/중지,,,02-373-2067
더탑동물병원,2022-04-28,193917.79591497,456163.763992789,2026-04-26 22:33:04,I,0004,말소,,2016-05-26 10:57:54,,2016-05-26,,,서울특별시 은평구 녹번동 ***-**,311000003720160005,3110000,000,서울특별시 은평구 통일로 *** (녹번동),03375,,04,취소/말소/만료/정지/중지,,,
아엠펫,2022-04-28,192961.495459069,456191.757559834,2026-04-26 22:33:04,I,0004,말소,,2019-05-23 09:34:02,,2016-08-31,0,,서울특별시 은평구 역촌동 **-**,311000003720160006,3110000,000,"서울특별시 은평구 서오릉로 **, *층 (역촌동)",03404,,04,취소/말소/만료/정지/중지,,,
퍼피하우스,2022-04-28,192379.648300999,454844.979806447,2026-04-26 22:33:04,I,0004,말소,,2020-01-28 17:54:18,,2016-10-31,0,,서울특별시 은평구 신사동 **-**,311000003720160007,3110000,000,서울특별시 은평구 증산로**길 * (신사동),03450,,04,취소/말소/만료/정지/중지,,,02-6012-7477
오제이(OJ),2022-04-28,192961.495459069,456191.757559834,2026-04-26 22:33:04,I,0004,말소,,2020-09-21 13:25:20,,2017-01-10,0,,서울특별시 은평구 역촌동 **-**,311000003720170001,3110000,000,서울특별시 은평구 서오릉로 **-* (역촌동),03404,,04,취소/말소/만료/정지/중지,,,
메르시몽프레,2022-04-28,,,2026-04-26 22:33:04,I,0004,말소,,2020-02-14 09:29:10,,2017-02-07,0,,,311000003720170002,3110000,000,서울특별시 은평구 통일로 지하 ***-* (불광동),03344,,04,취소/말소/만료/정지/중지,,,
GG클럽,2022-04-28,193000.838667781,456465.287204225,2026-04-26 22:33:04,I,0004,말소,,2017-02-14 13:13:31,,2017-02-14,0,,서울특별시 은평구 대조동 ***-***,311000003720170003,3110000,000,"서울특별시 은평구 역말로 *** (대조동, 대조월드빌라트)",03393,,04,취소/말소/만료/정지/중지,,,02-356-0045
롯데쇼핑토이저러스은평점,2022-04-28,192694.92374224,459461.236119623,2026-04-26 22:33:04,I,0004,말소,,2022-04-28 09:58:24,,2017-05-08,0,,,311000003720170004,3110000,L00,"서울특별시 은평구 통일로 ****, *층 (진관동, 롯데몰은평점)",03306,,04,취소/말소/만료/정지/중지,,,02-2097-2600
러브독스,2022-04-28,,,2026-04-26 22:33:04,I,0004,말소,,2017-05-22 14:26:29,,2017-05-22,,,서울특별시 은평구 진관동 ** ***동 ***호,311000003720170005,3110000,000,"서울특별시 은평구 진관*로 **-*, ***동 ***호 (진관동, 은평뉴타운구파발)",03301,,04,취소/말소/만료/정지/중지,,,
은평애견,2022-04-28,192516.898531697,455652.785661652,2026-04-26 22:33:04,I,0004,말소,,2019-02-14 14:55:54,,2017-06-12,0,,서울특별시 은평구 역촌동 **-**,311000003720170006,3110000,000,"서울특별시 은평구 연서로 **, ***호 (역촌동)",03406,,04,취소/말소/만료/정지/중지,,,02-359-0456
개샵,2022-04-28,192787.346831048,453585.65095991,2026-04-26 22:33:04,I,0004,말소,,2017-06-28 10:56:27,,2017-06-27,0,,서울특별시 은평구 응암동 ***-**,311000003720170007,3110000,000,서울특별시 은평구 가좌로*나길 ** (응암동),03481,,04,취소/말소/만료/정지/중지,,,02-6406-3644
스윗퍼피,2022-04-28,192220.1539455,457719.753084231,2026-04-26 22:33:04,I,0004,말소,,2019-05-14 11:38:27,,2017-08-28,0,,서울특별시 은평구 갈현동 ***-*,311000003720170008,3110000,000,서울특별시 은평구 갈현로**길 ** (갈현동),03319,,04,취소/말소/만료/정지/중지,,,
야옹하우스,2022-04-28,192802.536014217,457344.670175355,2026-04-26 22:33:04,I,0004,말소,,2018-11-13 13:14:06,,2018-02-23,0,,서울특별시 은평구 갈현동 ***-** *층,311000003720180001,3110000,000,"서울특별시 은평구 연서로**길 *-**, *층 (갈현동)",03331,,04,취소/말소/만료/정지/중지,,,
강아지풀,2022-04-28,,,2026-04-26 22:33:04,I,0004,말소,,2018-05-02 17:38:29,,2018-03-06,0,,서울특별시 은평구 진관동 ** 은평뉴타운 구파발 ***동 ***호,311000003720180002,3110000,000,"서울특별시 은평구 진관*로 **, ***동 *층 ***호 (진관동, 은평뉴타운 구파발)",03301,,04,취소/말소/만료/정지/중지,,,
블루슈가,2022-04-28,194008.766795018,457174.901501955,2026-04-26 22:33:04,I,0004,말소,,2019-12-30 13:31:37,,2018-04-04,0,,서울특별시 은평구 불광동 **-**,311000003720180003,3110000,000,"서울특별시 은평구 불광로 ***, *층 (불광동)",03363,,04,취소/말소/만료/정지/중지,,,
루비펫,2022-04-28,192985.345285159,456927.507920024,2026-04-26 22:33:04,I,0004,말소,,2020-04-17 08:22:36,,2018-04-19,0,,서울특별시 은평구 대조동 ***-**,311000003720180004,3110000,000,"서울특별시 은평구 통일로**길 **, *층 (대조동)",03386,,04,취소/말소/만료/정지/중지,,,
강아지풀,2022-04-28,,,2026-04-26 22:33:04,I,0004,말소,,2018-05-04 15:54:32,,2018-05-03,0,,서울특별시 은평구 진관동 ** 은평뉴타운 구파발 ***동 ***호,311000003720180005,3110000,000,"서울특별시 은평구 진관*로 **, ***동 ***호 (진관동, 은평뉴타운 구파발)",03301,,04,취소/말소/만료/정지/중지,,,02-388-2533
강아지풀,2022-04-28,,,2026-04-26 22:33:04,I,0004,말소,,2018-12-26 13:22:09,,2018-05-03,0,,서울특별시 은평구 진관동 ** 은평뉴타운 구파발 ***동 ***호,311000003720180006,3110000,000,"서울특별시 은평구 진관*로 **, ***동 ***호 (진관동, 은평뉴타운 구파발)",03301,,04,취소/말소/만료/정지/중지,,,02-388-2533
24시스마트동물메디컬센터,2022-04-28,192700.377628737,455276.729077644,2026-04-26 22:33:04,I,0004,말소,,2018-05-15 20:54:35,,2018-05-15,0,,서울특별시 은평구 응암동 **-*,311000003720180008,3110000,000,서울특별시 은평구 은평로 ** (응암동),03461,,04,취소/말소/만료/정지/중지,,,02-387-7582
이주헌,2022-04-28,193304.926585972,460316.757008927,2026-04-26 22:33:04,I,0004,말소,,2020-12-14 13:30:01,,2018-05-28,0,,서울특별시 은평구 진관동 ** 은평뉴타운상림마을 ***동 ***호,311000003720180009,3110000,000,"서울특별시 은평구 진관*로 **, ***동 ***호 (진관동, 은평뉴타운상림마을)",03302,,04,취소/말소/만료/정지/중지,,,
멍멍냐옹,2022-04-28,193011.026498811,454575.919199341,2026-04-26 22:33:04,I,0004,말소,,2019-11-21 17:05:59,,2018-05-31,0,,서울특별시 은평구 응암동 ***-** *층,311000003720180010,3110000,000,"서울특별시 은평구 응암로**길 **, *층 (응암동)",03466,,04,취소/말소/만료/정지/중지,,,
멍멍냐옹,2022-04-28,193011.026498811,454575.919199341,2026-04-26 22:33:04,I,0004,말소,,2019-11-21 17:18:02,,2018-05-31,0,,서울특별시 은평구 응암동 ***-** *층,311000003720180011,3110000,000,"서울특별시 은평구 응암로**길 **, *층 (응암동)",03466,,04,취소/말소/만료/정지/중지,,,02-6032-2588
펫위드미강북지점,2022-04-28,192259.43071026,455483.789724843,2026-04-26 22:33:04,I,0004,말소,,2019-12-31 16:57:12,,2018-06-18,0,,서울특별시 은평구 역촌동 **-** 우방이지빌 ***호,311000003720180012,3110000,000,"서울특별시 은평구 연서로*길 **-**, ***호 (역촌동, 우방이지빌)",03420,,04,취소/말소/만료/정지/중지,,,
마이뷰티독,2022-04-28,192694.92374224,459461.236119623,2026-04-26 22:33:04,I,0004,말소,,2018-06-18 16:02:09,,2018-06-18,0,,서울특별시 은평구 진관동 ** 롯데몰 은평점,311000003720180013,3110000,000,"서울특별시 은평구 통일로 ****, 롯데몰 은평점 *층 (진관동)",03306,,04,취소/말소/만료/정지/중지,,,02-2097-2663
시밀레,2022-04-28,207034.926545493,450794.332474972,2026-04-26 22:32:34,I,0004,말소,,2013-10-23 17:19:54,,2011-03-25,,,서울특별시 광진구 중곡동 ***-**,304000003720110003,3040000,000,서울특별시 광진구 능동로 *** (중곡동),,,04,취소/말소/만료/정지/중지,,,64028820
B puppy,2022-04-28,206188.473749485,449502.39384526,2026-04-26 22:32:34,I,0004,말소,,2014-10-13 09:57:56,,2011-05-11,,,서울특별시 광진구 화양동 ***-**,304000003720110004,3040000,000,서울특별시 광진구 광나루로 ***-* (화양동),,,04,취소/말소/만료/정지/중지,,,
캣's 맘,2022-04-28,207817.998256169,450317.216624634,2026-04-26 22:32:34,I,0004,말소,,2012-01-13 13:38:41,,2011-07-07,,,서울특별시 광진구 중곡동 **-**,304000003720110005,3040000,000,서울특별시 광진구 용마산로*길 ** (중곡동),,,04,취소/말소/만료/정지/중지,,,
준동물병원,2022-04-28,206150.655471501,448076.720689255,2026-04-26 22:32:34,I,0004,말소,,2021-11-29 17:30:12,,2011-07-15,0,,서울특별시 광진구 자양동 ***-***,304000003720110006,3040000,000,서울특별시 광진구 뚝섬로 *** (자양동),,,04,취소/말소/만료/정지/중지,,,02-457-2220
이도그,2022-04-28,206831.407942062,448430.205705735,2026-04-26 22:32:34,I,0004,말소,,2012-11-21 17:55:19,,2011-08-31,,,서울특별시 광진구 자양동 ***-** ***호,304000003720110007,3040000,000,"서울특별시 광진구 아차산로 ***, ***호 (자양동)",,,04,취소/말소/만료/정지/중지,,,
(주)밀레펫 자양점,2022-04-28,206349.675048285,448396.939704285,2026-04-26 22:32:34,I,0004,말소,,2021-01-12 16:46:35,,2011-10-20,0,,서울특별시 광진구 자양동,304000003720110008,3040000,L00,"서울특별시 광진구 아차산로 *** (자양동, 지하*층 더샵스타시티)",05065,,04,취소/말소/만료/정지/중지,,,
Show Dog,2022-04-28,206661.100483832,450452.017344786,2026-04-26 22:32:34,I,0004,말소,,2012-11-21 17:57:02,,2011-12-09,,,서울특별시 광진구 군자동 **-*,304000003720110009,3040000,000,서울특별시 광진구 면목로 **-* (군자동),,,04,취소/말소/만료/정지/중지,,,
멍군과 냥양이,2022-04-28,207817.998256169,450317.216624634,2026-04-26 22:32:34,I,0004,말소,,2014-09-12 17:24:44,,2012-01-13,,,서울특별시 광진구 중곡동 **-**,304000003720120001,3040000,000,서울특별시 광진구 용마산로*길 ** (중곡동),,,04,취소/말소/만료/정지/중지,,,070-7503-3743
도그카페,2022-04-28,207479.773457925,447846.233112232,2026-04-26 22:32:34,I,0004,말소,,2015-03-04 08:12:13,,2012-02-03,0,,서울특별시 광진구 자양동 ***-**,304000003720120002,3040000,000,서울특별시 광진구 자양로 ** (자양동),,,04,취소/말소/만료/정지/중지,,,
크라운독,2022-04-28,207199.831794836,450322.061638328,2026-04-26 22:32:34,I,0004,말소,,2017-12-08 16:52:50,,2012-10-24,0,,서울특별시 광진구 능동 ***-** *층,304000003720120003,3040000,000,"서울특별시 광진구 능동로**길 ** (능동,*층)",,,04,취소/말소/만료/정지/중지,,,
아롱애견,2022-04-28,205966.153586842,449291.246476244,2026-04-26 22:32:34,I,0004,말소,,2014-11-17 10:56:14,,2013-02-22,0,,서울특별시 광진구 화양동 **-** *층,304000003720130001,3040000,000,"서울특별시 광진구 능동로**길 ***, *층 (화양동)",,,04,취소/말소/만료/정지/중지,,,
퍼피가든,2022-04-28,207182.846272646,451543.07010079,2026-04-26 22:32:34,I,0004,말소,,2016-06-23 18:05:12,,2013-04-09,0,,서울특별시 광진구 중곡동 ***-* *층,304000003720130002,3040000,000,"서울특별시 광진구 긴고랑로*길 **, *층 (중곡동)",04908,,04,취소/말소/만료/정지/중지,,,
愛개,2022-04-28,205494.094618063,448631.107848699,2026-04-26 22:32:34,I,0004,말소,,2021-11-23 11:14:58,,2013-04-04,0,,서울특별시 광진구 자양동 **-*,304000003720130003,3040000,000,"서울특별시 광진구 동일로 **, *층 (자양동)",05079,,04,취소/말소/만료/정지/중지,,,
드림펫,2022-04-28,207218.589539429,451215.011172233,2026-04-26 22:32:34,I,0004,말소,,2019-01-30 16:06:36,,2013-11-04,0,,서울특별시 광진구 중곡동 ***-*,304000003720130004,3040000,000,서울특별시 광진구 능동로 *** (중곡동),04909,,04,취소/말소/만료/정지/중지,,,
준펫샵,2022-04-28,207991.17997472,450479.894025307,2026-04-26 22:32:34,I,0004,말소,,2021-01-29 10:15:30,,2013-12-06,0,,서울특별시 광진구 중곡동 **-**,304000003720130005,3040000,000,서울특별시 광진구 영화사로 **-* (중곡동),04946,,04,취소/말소/만료/정지/중지,,,
펫뷰티 스토리,2022-04-28,206511.740411572,447611.91267031,2026-04-26 22:32:34,I,0004,말소,,2019-10-08 20:16:02,,2014-02-13,0,,서울특별시 광진구 자양동 ***-**,304000003720140001,3040000,000,"서울특별시 광진구 자양번영로*길 *, *층 (자양동)",05093,,04,취소/말소/만료/정지/중지,,,
퍼피N,2022-04-28,206931.870393284,451947.617644766,2026-04-26 22:32:34,I,0004,말소,,2021-01-28 13:31:02,,2014-03-27,0,,서울특별시 광진구 중곡동 ***-*,304000003720140002,3040000,000,"서울특별시 광진구 동일로 ***, *,*층 (중곡동)",04900,,04,취소/말소/만료/정지/중지,,,22449004
슈퍼독,2022-04-28,207509.04296926,449285.020450024,2026-04-26 22:32:34,I,0004,말소,,2015-06-29 17:05:14,,2014-07-29,0,,서울특별시 광진구 구의동 **-**,304000003720140003,3040000,000,"서울특별시 광진구 자양로 ***, 지층 (구의동)",04991,,04,취소/말소/만료/정지/중지,,,
나비캣 서울고양이분양 본점,2022-04-28,207434.293278091,449030.265727732,2026-04-26 22:32:34,I,0004,말소,,2021-09-16 14:01:38,,2014-09-15,0,,서울특별시 광진구 구의동 ***-**,304000003720140004,3040000,000,"서울특별시 광진구 자양로 ***, *층 (구의동)",05038,,04,취소/말소/만료/정지/중지,,,
몰리스펫샵 자양점,2022-04-28,206349.675048285,448396.939704285,2026-04-26 22:32:34,I,0004,말소,,2021-05-13 17:42:06,,2014-09-18,0,,서울특별시 광진구 자양동 ***-*,304000003720140005,3040000,L00,"서울특별시 광진구 아차산로 ***, 지하*층 (자양동)",05065,,04,취소/말소/만료/정지/중지,,,02-2104-5008
피플캣,2022-04-28,,,2026-04-26 22:32:34,I,0004,말소,,2015-04-28 10:29:51,,2014-10-23,0,,서울특별시 광진구 화양동 ***-**,304000003720140006,3040000,000,"서울특별시 광진구 능동로 ***-*, *층 (화양동)",05021,,04,취소/말소/만료/정지/중지,,,
오라펫,2022-04-28,207009.585881564,448089.06649761,2026-04-26 22:32:34,I,0004,말소,,2018-08-06 14:05:37,,2015-01-20,0,,서울특별시 광진구 자양동 ***-**,304000003720150001,3040000,000,서울특별시 광진구 자양로**길 ** (자양동),05057,,04,취소/말소/만료/정지/중지,,,
주식회사 컴투펫,2022-04-28,207479.773457925,447846.233112232,2026-04-26 22:32:34,I,0004,말소,,2019-03-11 10:55:29,,2015-01-23,0,,서울특별시 광진구 자양동 ***-**,304000003720150002,3040000,L00,"서울특별시 광진구 자양로 **, 지하, *, *층 (자양동)",05052,,04,취소/말소/만료/정지/중지,,,
퍼피프린스,2022-04-28,206278.982112971,449425.131943862,2026-04-26 22:32:34,I,0004,말소,,2016-10-05 15:17:25,,2015-04-23,0,,서울특별시 광진구 화양동 ***-* 광진코지웰 B***,304000003720150003,3040000,000,"서울특별시 광진구 능동로**길 ** (화양동, 광진코지웰 B***)",05009,,04,취소/말소/만료/정지/중지,,,
참좋은동물병원,2022-04-28,193081.852188715,453992.56368201,2026-04-26 22:33:04,I,0004,말소,,2018-06-18 16:10:37,,2018-06-18,0,,서울특별시 은평구 응암동 ***-***,311000003720180014,3110000,000,"서울특별시 은평구 백련산로 **, *층 (응암동)",03470,,04,취소/말소/만료/정지/중지,,,02-3152-0075
참좋은동물병원,2022-04-28,193081.852188715,453992.56368201,2026-04-26 22:33:04,I,0004,말소,,2019-11-25 09:24:37,,2018-06-18,0,,서울특별시 은평구 응암동 ***-***,311000003720180015,3110000,000,"서울특별시 은평구 백련산로 **, *층 (응암동)",03470,,04,취소/말소/만료/정지/중지,,,02-3152-9075
녹번동물병원,2022-04-28,193903.333435372,456197.927159351,2026-04-26 22:33:04,I,0004,말소,,2019-11-05 13:55:18,,2018-06-27,0,,서울특별시 은평구 녹번동 ***-*** 남영빌딩,311000003720180016,3110000,000,"서울특별시 은평구 통일로 ***, 남영빌딩 *층 (녹번동)",03375,,04,취소/말소/만료/정지/중지,,,02-354-4110
hola(올라),2022-04-28,191865.491876147,457046.603633131,2026-04-26 22:33:04,I,0004,말소,,2018-06-27 16:06:36,,2018-06-27,0,,서울특별시 은평구 갈현동 ***-** *층,311000003720180017,3110000,000,"서울특별시 은평구 서오릉로 ***, *층 (갈현동)",03327,,04,취소/말소/만료/정지/중지,,,
뉴타운동물병원,2022-04-28,193103.427054842,459986.856034813,2026-04-26 22:33:04,I,0004,말소,,2018-06-27 16:36:28,,2018-06-27,0,,서울특별시 은평구 진관동 ** 은평뉴타운상림마을 ***동 상가***호,311000003720180018,3110000,000,"서울특별시 은평구 진관*로 **, ***동 상가 ***호 (진관동, 은평뉴타운상림마을)",03302,,04,취소/말소/만료/정지/중지,,,02-385-8275
미니펫,2022-04-28,192782.80458622,454959.212129513,2026-04-26 22:33:04,I,0004,말소,,2018-07-09 17:42:12,,2018-07-09,0,,서울특별시 은평구 응암동 ***-** 응암동하이포룸 ***호,311000003720180019,3110000,000,"서울특별시 은평구 은평로*길 **, ***호 (응암동, 응암동하이포룸)",03454,,04,취소/말소/만료/정지/중지,,,02-357-9111
미니펫,2022-04-28,192782.80458622,454959.212129513,2026-04-26 22:33:04,I,0004,말소,,2018-07-09 18:09:00,,2018-07-09,0,,서울특별시 은평구 응암동 ***-** 응암동하이포룸 ***호,311000003720180020,3110000,000,"서울특별시 은평구 은평로*길 **, ***호 (응암동, 응암동하이포룸)",03454,,04,취소/말소/만료/정지/중지,,,02-357-9111
퍼피하우스,2022-04-28,193120.784460028,456238.65857545,2026-04-26 22:33:04,I,0004,말소,,2020-01-03 12:23:44,,2018-08-22,0,,서울특별시 은평구 대조동 **-* *층,311000003720180022,3110000,000,"서울특별시 은평구 서오릉로*길 **, *층 (대조동)",03392,,04,취소/말소/만료/정지/중지,,,
도그#,2022-04-28,192744.086090872,454218.765002996,2026-04-26 22:33:04,I,0004,말소,,2018-08-28 10:22:52,,2018-08-28,0,,서울특별시 은평구 응암동 ***-**,311000003720180023,3110000,000,서울특별시 은평구 응암로**길 ** (응암동),03467,,04,취소/말소/만료/정지/중지,,,63680221
모모펫,2022-04-28,192555.254305767,455943.377640928,2026-04-26 22:33:04,I,0004,말소,,2020-01-15 09:27:43,,2018-08-29,0,,서울특별시 은평구 역촌동 **-** *층,311000003720180024,3110000,000,"서울특별시 은평구 역말로 **, *층 (역촌동)",03402,,04,취소/말소/만료/정지/중지,,,
개빡빡펫샵,2022-04-28,192563.153718835,457704.115314695,2026-04-26 22:33:04,I,0004,말소,,2018-09-14 10:43:11,,2018-09-14,0,,서울특별시 은평구 갈현동 ***-*,311000003720180025,3110000,000,서울특별시 은평구 갈현로 *** (갈현동),03320,,04,취소/말소/만료/정지/중지,,,
행복한 강아지,2022-04-28,192831.890771242,457944.191911493,2026-04-26 22:33:04,I,0004,말소,,2018-09-14 10:57:52,,2018-09-14,0,,서울특별시 은평구 갈현동 ***-* *층,311000003720180026,3110000,000,"서울특별시 은평구 통일로 ***, *층 (갈현동)",03328,,04,취소/말소/만료/정지/중지,,,
행복한 강아지,2022-04-28,192831.890771242,457944.191911493,2026-04-26 22:33:04,I,0004,말소,,2018-09-14 11:00:15,,2018-09-14,0,,서울특별시 은평구 갈현동 ***-* *층,311000003720180027,3110000,000,"서울특별시 은평구 통일로 ***, *층 (갈현동)",03328,,04,취소/말소/만료/정지/중지,,,
한마음 동물병원,2022-04-28,191993.241663672,455411.934758025,2026-04-26 22:33:04,I,0004,말소,,2018-09-14 11:06:48,,2018-09-14,0,,서울특별시 은평구 신사동 *-** *층,311000003720180028,3110000,000,"서울특별시 은평구 갈현로 **, *층 (신사동)",03435,,04,취소/말소/만료/정지/중지,,,
다루동물병원,2022-04-28,193936.125681025,456673.805557751,2026-04-26 22:33:04,I,0004,말소,,2018-09-17 14:08:19,,2018-09-17,0,,서울특별시 은평구 불광동 ***-* 불광동라비앙프라자 ***호,311000003720180029,3110000,000,"서울특별시 은평구 불광로 **, 불광동라비앙프라자 ***호 (불광동)",03365,,04,취소/말소/만료/정지/중지,,,
은평애견,2022-04-28,192516.898531697,455652.785661652,2026-04-26 22:33:04,I,0004,말소,,2019-02-14 14:44:08,,2018-09-17,0,,서울특별시 은평구 역촌동 **-**,311000003720180030,3110000,000,"서울특별시 은평구 연서로 **, ***호 (역촌동)",03406,,04,취소/말소/만료/정지/중지,,,
은평애견,2022-04-28,192516.898531697,455652.785661652,2026-04-26 22:33:04,I,0004,말소,,2019-02-14 14:50:12,,2018-09-17,0,,서울특별시 은평구 역촌동 **-**,311000003720180031,3110000,000,"서울특별시 은평구 연서로 **, ***호 (역촌동)",03406,,04,취소/말소/만료/정지/중지,,,
한빛동물병원,2022-04-28,193651.20265608,460623.370836706,2026-04-26 22:33:04,I,0004,말소,,2018-09-27 17:44:34,,2018-09-27,0,,서울특별시 은평구 진관동 * 은평뉴타운상림마을 ***동 ***호,311000003720180033,3110000,000,"서울특별시 은평구 진관*로 **, ***동 ***호 (진관동, 은평뉴타운상림마을)",03304,,04,취소/말소/만료/정지/중지,,,
한빛동물병원,2022-04-28,193651.20265608,460623.370836706,2026-04-26 22:33:04,I,0004,말소,,2018-09-27 17:46:50,,2018-09-27,0,,서울특별시 은평구 진관동 * 은평뉴타운상림마을 ***동 ***호,311000003720180034,3110000,000,"서울특별시 은평구 진관*로 **, ***동 ***호 (진관동, 은평뉴타운상림마을)",03304,,04,취소/말소/만료/정지/중지,,,
우리덕구 동물병원,2022-04-28,193537.151289241,459136.547595152,2026-04-26 22:33:04,I,0004,말소,,2018-09-27 17:56:03,,2018-09-27,0,,서울특별시 은평구 진관동 ** 은평뉴타운우물골 상가B ***동 ***호,311000003720180035,3110000,000,"서울특별시 은평구 진관*로 **, ***동 상가B층 ***호 (진관동, 은평뉴타운우물골)",03306,,04,취소/말소/만료/정지/중지,,,69538275
우리덕구 동물병원,2022-04-28,193537.151289241,459136.547595152,2026-04-26 22:33:04,I,0004,말소,,2018-09-27 17:58:06,,2018-09-27,0,,서울특별시 은평구 진관동 ** 은평뉴타운우물골 ***동 ***호,311000003720180036,3110000,000,"서울특별시 은평구 진관*로 **, ***동 상가B층 ***호 (진관동, 은평뉴타운우물골)",03306,,04,취소/말소/만료/정지/중지,,,69538275
서울햇빛동물병원,2022-04-28,193270.912416702,459138.861975567,2026-04-26 22:33:04,I,0004,말소,,2018-09-27 18:00:54,,2018-09-27,0,,서울특별시 은평구 진관동 ** 은평뉴타운 우물골 ***동 B***호,311000003720180037,3110000,000,"서울특별시 은평구 진관*로 **, ***동 B***호 (진관동, 은평뉴타운 우물골)",03306,,04,취소/말소/만료/정지/중지,,,
요치엔 캣,2022-04-28,207315.231849756,449008.167156775,2026-04-26 22:32:34,I,0004,말소,,2018-03-28 16:01:36,,2015-05-04,0,,서울특별시 광진구 구의동 ***-* *층,304000003720150005,3040000,000,"서울특별시 광진구 자양로**길 **, *층 (구의동)",05023,,04,취소/말소/만료/정지/중지,,,
아라우나 동물병원,2022-04-28,206190.256185653,448027.866873885,2026-04-26 22:32:34,I,0004,말소,,2021-05-17 16:40:17,,2015-05-21,0,,서울특별시 광진구 자양동 ***-***,304000003720150006,3040000,000,서울특별시 광진구 뚝섬로 *** (자양동),05090,,04,취소/말소/만료/정지/중지,,,02-455-7975
Pet Galleria,2022-04-28,207116.537060087,448287.662138508,2026-04-26 22:32:34,I,0004,말소,,2021-01-28 13:33:10,,2015-07-14,0,,,304000003720150007,3040000,000,서울특별시 광진구 아차산로 *** (자양동),05055,,04,취소/말소/만료/정지/중지,,,
프라임동물병원,2022-04-28,208060.467769154,448564.992528913,2026-04-26 22:32:34,I,0004,말소,,2016-06-13 16:00:16,,2015-10-16,0,,,304000003720150008,3040000,000,"서울특별시 광진구 아차산로 *** (구의동, 세림리오빌아파트)",05046,,04,취소/말소/만료/정지/중지,,,
오(5)도바이크,2022-04-28,205494.094618063,448631.107848699,2026-04-26 22:32:34,I,0004,말소,,2016-06-30 17:49:50,,2015-10-27,0,,,304000003720150009,3040000,000,서울특별시 광진구 동일로 ** (자양동),05079,,04,취소/말소/만료/정지/중지,,,
버블링,2022-04-28,207694.971411264,447795.042152004,2026-04-26 22:32:34,I,0004,말소,,2016-12-23 13:38:56,,2016-01-14,0,,서울특별시 광진구 자양동 ***-**,304000003720160001,3040000,000,"서울특별시 광진구 뚝섬로**길 **, *층 (자양동)",05112,,04,취소/말소/만료/정지/중지,,,
펫타임(Pet time),2022-04-28,207558.075851123,448848.708348657,2026-04-26 22:32:34,I,0004,말소,,2021-01-28 13:28:08,,2016-07-29,0,,서울특별시 광진구 구의동 ***-**,304000003720160002,3040000,000,서울특별시 광진구 자양로**길 ** (구의동),05040,,04,취소/말소/만료/정지/중지,,,
퍼피 민트,2022-04-28,206841.694004418,450684.211872313,2026-04-26 22:32:34,I,0004,말소,,2021-12-13 10:51:46,,2016-12-14,0,,,304000003720160003,3040000,000,서울특별시 광진구 능동로**길 ** (중곡동),04919,,04,취소/말소/만료/정지/중지,,,
러브펫,2022-04-28,206713.157322436,448365.797832835,2026-04-26 22:32:34,I,0004,말소,,2021-12-31 16:17:52,,2017-01-10,0,,서울특별시 광진구 자양동 ***-** *층,304000003720170001,3040000,000,"서울특별시 광진구 자양번영로 **, *층 (자양동, Grace B/D)",05066,,04,취소/말소/만료/정지/중지,,,
우리 강아지,2022-04-28,207377.358783027,451026.558656352,2026-04-26 22:32:34,I,0004,말소,,2021-12-13 16:17:27,,2017-02-28,0,,서울특별시 광진구 중곡동 **-** *층,304000003720170002,3040000,000,"서울특별시 광진구 긴고랑로 **-*, *층 (중곡동)",04937,,04,취소/말소/만료/정지/중지,,,02-6101-3818
키티퍼피,2022-04-28,206159.518167875,449267.716437222,2026-04-26 22:32:34,I,0004,말소,,2022-02-21 11:18:41,,2017-03-31,0,,,304000003720170004,3040000,000,"서울특별시 광진구 군자로 **, *층 (화양동)",05012,,04,취소/말소/만료/정지/중지,,,
샹그리라,2022-04-28,206365.390067544,449214.379198645,2026-04-26 22:32:35,I,0004,말소,,2021-01-15 16:41:50,,2017-04-25,0,,서울특별시 광진구 화양동 **-*,304000003720170005,3040000,000,서울특별시 광진구 능동로 *** (화양동),05010,,04,취소/말소/만료/정지/중지,,,
도그숑,2022-04-28,207371.011900609,451303.402053799,2026-04-26 22:32:35,I,0004,말소,,2017-05-11 10:45:48,,2017-05-11,0,,서울특별시 광진구 중곡동 **-**,304000003720170006,3040000,000,서울특별시 광진구 능동로**길 ** (중곡동),04933,,04,취소/말소/만료/정지/중지,,,
로얄퍼피,2022-04-28,207119.964190229,450871.92748589,2026-04-26 22:32:35,I,0004,말소,,2019-05-09 11:17:04,,2017-05-22,0,,서울특별시 광진구 중곡동 **-**,304000003720170007,3040000,000,"서울특별시 광진구 능동로 *** (중곡동, 동진빌딩)",04927,,04,취소/말소/만료/정지/중지,,,
coffee pet#,2022-04-28,207114.406978584,450968.166497544,2026-04-26 22:32:35,I,0004,말소,,2020-02-13 17:15:45,,2017-10-20,0,,,304000003720170008,3040000,000,"서울특별시 광진구 능동로 *** (중곡동, 성학빌딩)",04915,,04,취소/말소/만료/정지/중지,,,02-465-7700
도그메리트,2022-04-28,206212.747883666,449662.64732366,2026-04-26 22:32:35,I,0004,말소,,2019-03-27 15:07:28,,2018-04-06,0,,서울특별시 광진구 군자동 ***-* 동일흥업주식회사,304000003720180001,3040000,000,"서울특별시 광진구 군자로 **, 동일흥업주식회사 나동 *층 ***호 (군자동)",05004,,04,취소/말소/만료/정지/중지,,,
코코애견,2022-04-28,207137.911997179,451552.095614422,2026-04-26 22:32:35,I,0004,말소,,2018-04-10 09:23:13,,2018-04-10,0,,서울특별시 광진구 중곡동 ***-**,304000003720180002,3040000,000,서울특별시 광진구 면목로 *** (중곡동),04908,,04,취소/말소/만료/정지/중지,,,02-469-0413
강아지놀이터,2022-04-28,208166.468613698,448569.800693182,2026-04-26 22:32:35,I,0004,말소,,2018-04-11 15:31:20,,2018-04-11,0,,서울특별시 광진구 구의동 ***-*,304000003720180003,3040000,000,"서울특별시 광진구 아차산로 ***, ***호 (구의동)",05047,,04,취소/말소/만료/정지/중지,,,02-455-5582
서울동물병원,2022-04-28,207624.556805359,450257.044484869,2026-04-26 22:32:35,I,0004,말소,,2018-04-23 10:24:43,,2018-04-23,0,,서울특별시 광진구 중곡동 ***-*,304000003720180004,3040000,000,서울특별시 광진구 천호대로 ***-* (중곡동),04931,,04,취소/말소/만료/정지/중지,,,
서울동물병원,2022-04-28,207624.556805359,450257.044484869,2026-04-26 22:32:35,I,0004,말소,,2018-04-23 10:26:05,,2018-04-23,0,,서울특별시 광진구 중곡동 ***-*,304000003720180005,3040000,000,서울특별시 광진구 천호대로 ***-* (중곡동),04931,,04,취소/말소/만료/정지/중지,,,
드림펫,2022-04-28,207333.639771374,451464.267096677,2026-04-26 22:32:35,I,0004,말소,,2019-01-31 15:55:57,,2018-04-23,0,,서울특별시 광진구 중곡동 ***-*,304000003720180006,3040000,000,"서울특별시 광진구 능동로 ***, *층 (중곡동)",04908,,04,취소/말소/만료/정지/중지,,,
멍미,2022-04-28,207864.316908535,448824.977636527,2026-04-26 22:32:35,I,0004,말소,,2018-04-25 09:12:49,,2018-04-25,0,,서울특별시 광진구 구의동 ***-**,304000003720180008,3040000,000,"서울특별시 광진구 구의로 **-*, *층 (구의동)",05037,,04,취소/말소/만료/정지/중지,,,02-453-8383
마이아지트,2022-04-28,206063.576004737,449619.094909145,2026-04-26 22:32:35,I,0004,말소,,2020-06-29 11:11:27,,2018-04-30,0,,서울특별시 광진구 군자동 ***-*,304000003720180009,3040000,000,"서울특별시 광진구 광나루로**길 **, *층 (군자동)",05003,,04,취소/말소/만료/정지/중지,,,
봉구의간식,2022-04-28,206043.358791333,448141.665395069,2026-04-26 22:32:35,I,0004,말소,,2021-06-03 16:47:18,,2018-04-30,0,,서울특별시 광진구 자양동 ***-* 이튼타워리버*차,304000003720180010,3040000,000,"서울특별시 광진구 능동로 **, ***호 (자양동, 이튼타워리버*차)",05070,,04,취소/말소/만료/정지/중지,,,
중곡동물병원,2022-04-28,207137.468593835,451166.351150671,2026-04-26 22:32:35,I,0004,말소,,2018-05-09 09:25:15,,2018-05-09,0,,서울특별시 광진구 중곡동 ***-**,304000003720180012,3040000,000,서울특별시 광진구 긴고랑로 ** (중곡동),04909,,04,취소/말소/만료/정지/중지,,,02-462-5595
개와냥이 동물병원,2022-04-28,193680.56470639,456432.993552717,2026-04-26 22:33:04,I,0004,말소,,2021-09-24 17:53:40,,2018-09-27,0,,서울특별시 은평구 대조동 **-** *층,311000003720180038,3110000,000,"서울특별시 은평구 통일로 ***-*, *층 (대조동)",03397,,04,취소/말소/만료/정지/중지,,,
개와냥이 동물병원,2022-04-28,193680.56470639,456432.993552717,2026-04-26 22:33:04,I,0004,말소,,2018-09-27 18:06:27,,2018-09-27,0,,서울특별시 은평구 대조동 **-** *층,311000003720180039,3110000,000,"서울특별시 은평구 통일로 ***-*, *층 (대조동)",03397,,04,취소/말소/만료/정지/중지,,,
미래펫미용,2022-04-28,192190.266278977,456830.528394439,2026-04-26 22:33:05,I,0004,말소,,2018-09-27 18:09:22,,2018-09-27,0,,서울특별시 은평구 갈현동 ***-* 제영빌딩,311000003720180040,3110000,000,"서울특별시 은평구 서오릉로 ***, 제영빌딩 (갈현동)",03335,,04,취소/말소/만료/정지/중지,,,
미용하는 강아지,2022-04-28,192184.577591695,454048.396678519,2026-04-26 22:33:05,I,0004,말소,,2018-09-27 18:14:18,,2018-09-27,0,,서울특별시 은평구 증산동 ***-*,311000003720180041,3110000,000,서울특별시 은평구 증산서길 *** (증산동),03495,,04,취소/말소/만료/정지/중지,,,
미용하는 강아지,2022-04-28,192184.577591695,454048.396678519,2026-04-26 22:33:05,I,0004,말소,,2018-09-27 18:15:45,,2018-09-27,0,,서울특별시 은평구 증산동 ***-*,311000003720180042,3110000,000,서울특별시 은평구 증산서길 *** (증산동),03495,,04,취소/말소/만료/정지/중지,,,
디엠씨동물병원,2022-04-28,190977.850603548,453037.787995874,2026-04-26 22:33:05,I,0004,말소,,2020-02-28 10:56:29,,2018-09-28,0,,서울특별시 은평구 수색동 ** 디엠씨 자이*단지(DMC 자이*) ***호,311000003720180043,3110000,000,"서울특별시 은평구 수색로 ***, ***호 (수색동, 디엠씨 자이*단지(DMC 자이*))",03504,,04,취소/말소/만료/정지/중지,,,31528575
스머프동물병원,2022-04-28,193315.117219499,455100.955115916,2026-04-26 22:33:05,I,0004,말소,,2019-06-09 18:42:52,,2018-09-28,0,,서울특별시 은평구 응암동 ***-**,311000003720180044,3110000,000,서울특별시 은평구 백련산로 *** (응암동),03463,,04,취소/말소/만료/정지/중지,,,
한수 동물병원,2022-04-28,192994.628012876,455276.677445927,2026-04-26 22:33:05,I,0004,말소,,2018-09-28 09:33:36,,2018-09-28,0,,서울특별시 은평구 응암동 ***-* 서강스카이빌 상가동 ***호,311000003720180045,3110000,000,"서울특별시 은평구 응암로 ***, 상가동 ***호 (응암동, 서강스카이빌)",03454,,04,취소/말소/만료/정지/중지,,,
늘푸른동물병원,2022-04-28,192071.591415703,455108.657872656,2026-04-26 22:33:05,I,0004,말소,,2018-09-28 09:38:46,,2018-09-28,0,,서울특별시 은평구 신사동 **-**,311000003720180046,3110000,000,서울특별시 은평구 은평로 ** (신사동),03423,,04,취소/말소/만료/정지/중지,,,
김정복 동물병원,2022-04-28,192829.740402573,457673.877898237,2026-04-26 22:33:05,I,0004,말소,,2018-09-28 09:41:03,,2018-09-28,0,,서울특별시 은평구 갈현동 ***-**,311000003720180047,3110000,000,서울특별시 은평구 통일로 *** (갈현동),03329,,04,취소/말소/만료/정지/중지,,,
담은 동물병원,2022-04-28,193457.698457409,457135.217659827,2026-04-26 22:33:05,I,0004,말소,,2020-02-26 14:13:32,,2018-09-28,0,,서울특별시 은평구 불광동 *** 북한산 힐스테이트*차 상가동 ***호,311000003720180048,3110000,000,"서울특별시 은평구 통일로 ***, 상가동 지하*층 ***호 (불광동, 북한산 힐스테이트*차)",03357,,04,취소/말소/만료/정지/중지,,,
Dr.윤24시동물병원,2022-04-28,193147.639432277,457137.15515349,2026-04-26 22:33:05,I,0004,말소,,2018-09-28 09:51:08,,2018-09-28,0,,서울특별시 은평구 대조동 ***-**,311000003720180049,3110000,000,서울특별시 은평구 통일로 *** (대조동),03385,,04,취소/말소/만료/정지/중지,,,
Dr.윤24시동물병원,2022-04-28,193147.639432277,457137.15515349,2026-04-26 22:33:05,I,0004,말소,,2018-09-28 10:01:15,,2018-09-28,0,,서울특별시 은평구 대조동 ***-**,311000003720180050,3110000,000,서울특별시 은평구 통일로 *** (대조동),03385,,04,취소/말소/만료/정지/중지,,,
커피볶는 너구리,2022-04-28,192770.358540615,457483.301786443,2026-04-26 22:33:05,I,0004,말소,,2021-01-21 13:57:10,,2018-10-08,0,,서울특별시 은평구 갈현동 ***-* *층,311000003720180051,3110000,000,"서울특별시 은평구 연서로**길 **-**, *층 (갈현동)",03330,,04,취소/말소/만료/정지/중지,,,
커피 볶는 고양이,2022-04-28,192661.034387179,457449.976857799,2026-04-26 22:33:05,I,0004,말소,,2021-01-21 14:30:58,,2018-10-08,0,,서울특별시 은평구 갈현동 ***-**,311000003720180052,3110000,000,서울특별시 은평구 연서로**길 ** (갈현동),03331,,04,취소/말소/만료/정지/중지,,,
도리도리펫샵,2022-04-28,192807.402028727,454944.698067524,2026-04-26 22:33:05,I,0004,말소,,2020-08-03 16:19:46,,2018-10-08,0,,서울특별시 은평구 응암동 ***-** 삼흥리치아파트 ***호,311000003720180053,3110000,000,"서울특별시 은평구 응암로 ***, ***호 (응암동, 삼흥리치아파트)",03454,,04,취소/말소/만료/정지/중지,,,
금쪽같은 내새끼 동물병원,2022-04-28,192675.457894782,457005.682881862,2026-04-26 22:33:05,I,0004,말소,,2018-10-08 14:11:45,,2018-10-08,0,,서울특별시 은평구 갈현동 ***-**,311000003720180054,3110000,000,서울특별시 은평구 연서로 *** (갈현동),03334,,04,취소/말소/만료/정지/중지,,,
금쪽같은 내새끼 동물병원,2022-04-28,192675.457894782,457005.682881862,2026-04-26 22:33:05,I,0004,말소,,2018-10-08 14:13:59,,2018-10-08,0,,서울특별시 은평구 갈현동 ***-**,311000003720180055,3110000,000,서울특별시 은평구 연서로 *** (갈현동),03334,,04,취소/말소/만료/정지/중지,,,
몽룡이와 춘냥이 애견샵,2022-04-28,192889.145266482,454239.641202969,2026-04-26 22:33:05,I,0004,말소,,2020-10-26 15:46:58,,2018-10-15,0,,서울특별시 은평구 응암동 ***-**,311000003720180056,3110000,000,서울특별시 은평구 응암로**가길 **-** (응암동),03469,,04,취소/말소/만료/정지/중지,,,
몽룡이와 춘냥이 애견샵,2022-04-28,192889.145266482,454239.641202969,2026-04-26 22:33:05,I,0004,말소,,2020-10-26 15:49:11,,2018-10-15,0,,서울특별시 은평구 응암동 ***-**,311000003720180057,3110000,000,서울특별시 은평구 응암로**가길 **-** (응암동),03469,,04,취소/말소/만료/정지/중지,,,
개이쁜냥,2022-04-28,192047.897123219,456335.964683183,2026-04-26 22:33:05,I,0004,말소,,2018-10-15 17:58:17,,2018-10-15,0,,서울특별시 은평구 구산동 **-** 예일노블레스,311000003720180058,3110000,000,"서울특별시 은평구 갈현로 *** (구산동, 예일노블레스)",03429,,04,취소/말소/만료/정지/중지,,,
둘레길 동물병원,2022-04-28,193547.680584007,457936.994776678,2026-04-26 22:33:05,I,0004,말소,,2018-10-15 18:04:55,,2018-10-15,0,,서울특별시 은평구 불광동 ***-** 동윤빌딩*층,311000003720180059,3110000,000,"서울특별시 은평구 연서로 ***, 동윤빌딩 *층 (불광동)",03343,,04,취소/말소/만료/정지/중지,,,
Love My Pet 동물병원,2022-04-28,193814.07118236,455415.979099363,2026-04-26 22:33:05,I,0004,말소,,2018-10-15 18:07:38,,2018-10-15,0,,서울특별시 은평구 응암동 **-**,311000003720180060,3110000,000,서울특별시 은평구 은평로 *** (응암동),03472,,04,취소/말소/만료/정지/중지,,,
다온동물병원,2022-04-28,207128.898416579,451521.824189635,2026-04-26 22:32:35,I,0004,말소,,2018-05-11 09:28:41,,2018-05-11,0,,서울특별시 광진구 중곡동 ***-**,304000003720180013,3040000,000,서울특별시 광진구 면목로 *** (중곡동),04908,,04,취소/말소/만료/정지/중지,,,02-499-7582
보람동물병원,2022-04-28,206218.599101694,449808.490100535,2026-04-26 22:32:35,I,0004,말소,,2018-05-17 09:52:55,,2018-05-17,0,,서울특별시 광진구 군자동 ***-*,304000003720180014,3040000,000,서울특별시 광진구 군자로 ** (군자동),05004,,04,취소/말소/만료/정지/중지,,,02-465-7582
프라임동물병원,2022-04-28,208060.467769154,448564.992528913,2026-04-26 22:32:35,I,0004,말소,,2018-05-25 11:05:30,,2018-05-25,0,,서울특별시 광진구 구의동 *** 세림리오빌아파트,304000003720180015,3040000,000,"서울특별시 광진구 아차산로 ***, 비-*-*호 (구의동, 세림리오빌아파트)",05046,,04,취소/말소/만료/정지/중지,,,
로얄도그앤캣메디컬센터,2022-04-28,205969.966011569,448175.917404606,2026-04-26 22:32:35,I,0004,말소,,2018-09-06 10:01:59,,2018-05-25,0,,서울특별시 광진구 자양동 ***-* 영지빌딩,304000003720180016,3040000,000,서울특별시 광진구 능동로 ** (자양동),05074,,04,취소/말소/만료/정지/중지,,,
로얄도그앤캣메디컬센터,2022-04-28,205969.966011569,448175.917404606,2026-04-26 22:32:35,I,0004,말소,,2018-09-06 10:04:57,,2018-05-25,0,,서울특별시 광진구 자양동 ***-* 영지빌딩,304000003720180017,3040000,000,서울특별시 광진구 능동로 ** (자양동),05074,,04,취소/말소/만료/정지/중지,,,
준동물병원,2022-04-28,206150.655471501,448076.720689255,2026-04-26 22:32:35,I,0004,말소,,2018-05-25 11:22:08,,2018-05-25,0,,서울특별시 광진구 자양동 ***-***,304000003720180018,3040000,000,서울특별시 광진구 뚝섬로 *** (자양동),05070,,04,취소/말소/만료/정지/중지,,,
준동물병원,2022-04-28,206150.655471501,448076.720689255,2026-04-26 22:32:35,I,0004,말소,,2018-05-25 11:23:14,,2018-05-25,0,,서울특별시 광진구 자양동 ***-***,304000003720180019,3040000,000,서울특별시 광진구 뚝섬로 *** (자양동),05070,,04,취소/말소/만료/정지/중지,,,
(주)이마트 자양점,2022-04-28,206349.675048285,448396.939704285,2026-04-26 22:32:35,I,0004,말소,,2020-07-03 15:02:21,,2018-05-29,0,,서울특별시 광진구 자양동 ***-* 더샵스타시티,304000003720180020,3040000,L00,"서울특별시 광진구 아차산로 ***, 더샵스타시티 (자양동)",05065,,04,취소/말소/만료/정지/중지,,,02-2024-1234
(주)이마트 자양점,2022-04-28,206349.675048285,448396.939704285,2026-04-26 22:32:35,I,0004,말소,,2020-11-27 10:43:54,,2018-05-29,0,,서울특별시 광진구 자양동 ***-* 더샵스타시티,304000003720180021,3040000,L00,"서울특별시 광진구 아차산로 ***, 더샵스타시티 (자양동)",05065,,04,취소/말소/만료/정지/중지,,,02-2024-1234
연두동물병원,2022-04-28,207679.128954008,449166.073716992,2026-04-26 22:32:35,I,0004,말소,,2018-06-04 09:34:33,,2018-06-04,0,,서울특별시 광진구 구의동 ***-**,304000003720180022,3040000,000,"서울특별시 광진구 광나루로 ***, *층 (구의동)",05031,,04,취소/말소/만료/정지/중지,,,02-455-0975
용마동물병원,2022-04-28,207695.480720925,450809.028344187,2026-04-26 22:32:35,I,0004,말소,,2018-06-04 09:35:46,,2018-06-04,0,,서울특별시 광진구 중곡동 **-**,304000003720180023,3040000,000,서울특별시 광진구 용마산로 ** (중곡동),04944,,04,취소/말소/만료/정지/중지,,,02-446-2349
피카소 동물병원 미용,2022-04-28,206405.844680642,449450.171000912,2026-04-26 22:32:35,I,0004,말소,,2020-11-26 09:53:39,,2018-06-15,0,,서울특별시 광진구 화양동 ***,304000003720180024,3040000,000,서울특별시 광진구 광나루로 ***-* (화양동),05009,,04,취소/말소/만료/정지/중지,,,02-467-3673
피카소 동물병원 미용,2022-04-28,206405.844680642,449450.171000912,2026-04-26 22:32:35,I,0004,말소,,2020-11-26 10:09:33,,2018-06-15,0,,서울특별시 광진구 화양동 ***,304000003720180025,3040000,000,서울특별시 광진구 광나루로 ***-* (화양동),05009,,04,취소/말소/만료/정지/중지,,,
방주종합동물병원,2022-04-28,207082.19653446,450786.420735596,2026-04-26 22:32:35,I,0004,말소,,2018-06-26 09:32:48,,2018-06-26,0,,서울특별시 광진구 중곡동 ***-** 경남빌딩,304000003720180026,3040000,000,"서울특별시 광진구 능동로 ***, 경남빌딩 (중곡동)",04928,,04,취소/말소/만료/정지/중지,,,02-454-9975
방주종합동물병원,2022-04-28,207082.19653446,450786.420735596,2026-04-26 22:32:35,I,0004,말소,,2018-06-26 09:33:50,,2018-06-26,0,,서울특별시 광진구 중곡동 ***-** 경남빌딩,304000003720180027,3040000,000,"서울특별시 광진구 능동로 ***, 경남빌딩 (중곡동)",04928,,04,취소/말소/만료/정지/중지,,,02-454-9975
롯데쇼핑(주) 롯데마트 강변점,2022-04-28,208394.416382167,448165.279999905,2026-04-26 22:32:35,I,0004,말소,,2021-12-20 15:33:52,,2018-07-05,0,,서울특별시 광진구 구의동 ***-* 테크노-마트**,304000003720180028,3040000,L00,"서울특별시 광진구 광나루로**길 **, 테크노-마트** 지하*층 ***호 (구의동)",05116,,04,취소/말소/만료/정지/중지,,,02-3424-2500
이다애견미용실,2022-04-28,205770.381275106,448175.187322101,2026-04-26 22:32:35,I,0004,말소,,2018-07-25 09:38:45,,2018-07-25,0,,서울특별시 광진구 자양동 ***-*** 이다종합동물병원,304000003720180029,3040000,000,"서울특별시 광진구 뚝섬로 ***, 이다종합동물병원 (자양동)",05085,,04,취소/말소/만료/정지/중지,,,02-463-7075
스마트동물병원 군자점,2022-04-28,207107.928644491,450953.281007512,2026-04-26 22:32:35,I,0004,말소,,2018-08-01 10:26:20,,2018-08-01,0,,서울특별시 광진구 중곡동 ***-*,304000003720180030,3040000,000,서울특별시 광진구 능동로**길 *-* (중곡동),04915,,04,취소/말소/만료/정지/중지,,,02-464-7582
스마트동물병원 군자점,2022-04-28,207107.928644491,450953.281007512,2026-04-26 22:32:35,I,0004,말소,,2018-08-01 10:34:56,,2018-08-01,0,,서울특별시 광진구 중곡동 ***-*,304000003720180031,3040000,000,서울특별시 광진구 능동로**길 *-* (중곡동),04915,,04,취소/말소/만료/정지/중지,,,02-464-7582
coffee pet#,2022-04-28,207114.406978584,450968.166497544,2026-04-26 22:32:35,I,0004,말소,,2020-02-13 17:48:31,,2018-08-01,0,,서울특별시 광진구 중곡동 ***-* 성학빌딩,304000003720180032,3040000,000,"서울특별시 광진구 능동로 ***, 성학빌딩 *층 (중곡동)",04915,,04,취소/말소/만료/정지/중지,,,02-465-7700
coffee pet#,2022-04-28,207114.406978584,450968.166497544,2026-04-26 22:32:35,I,0004,말소,,2020-02-13 17:50:02,,2018-08-01,0,,서울특별시 광진구 중곡동 ***-* 성학빌딩,304000003720180033,3040000,000,"서울특별시 광진구 능동로 ***, 성학빌딩 *층 (중곡동)",04915,,04,취소/말소/만료/정지/중지,,,02-465-7700
coffee pet#,2022-04-28,207114.406978584,450968.166497544,2026-04-26 22:32:35,I,0004,말소,,2020-02-13 17:51:13,,2018-08-01,0,,서울특별시 광진구 중곡동 ***-* 성학빌딩,304000003720180034,3040000,000,"서울특별시 광진구 능동로 ***, 성학빌딩 *층 (중곡동)",04915,,04,취소/말소/만료/정지/중지,,,02-465-7700
펫뷰티스토리,2022-04-28,206511.740411572,447611.91267031,2026-04-26 22:32:35,I,0004,말소,,2019-10-07 18:46:37,,2019-10-07,0,,서울특별시 광진구 자양동 ***-**,304000003720180035,3040000,000,"서울특별시 광진구 자양번영로*길 *, *층 (자양동)",05093,,04,취소/말소/만료/정지/중지,,,02-456-6996
퍼피하우스,2022-04-28,192379.648300999,454844.979806447,2026-04-26 22:33:05,I,0004,말소,,2020-01-29 16:58:31,,2018-10-16,0,,서울특별시 은평구 신사동 **-**,311000003720180061,3110000,000,"서울특별시 은평구 증산로**길 *, *층 (신사동)",03450,,04,취소/말소/만료/정지/중지,,,60127477
퍼피하우스,2022-04-28,192379.648300999,454844.979806447,2026-04-26 22:33:05,I,0004,말소,,2020-01-29 16:57:19,,2018-10-16,0,,서울특별시 은평구 신사동 **-**,311000003720180062,3110000,000,"서울특별시 은평구 증산로**길 *, *층 (신사동)",03450,,04,취소/말소/만료/정지/중지,,,60127477
메디펫 동물병원,2022-04-28,192825.79571149,457740.673229191,2026-04-26 22:33:05,I,0004,말소,,2018-10-16 09:36:12,,2018-10-16,0,,서울특별시 은평구 갈현동 ***-**,311000003720180063,3110000,000,서울특별시 은평구 통일로 *** (갈현동),03329,,04,취소/말소/만료/정지/중지,,,
메디펫 동물병원,2022-04-28,192825.79571149,457740.673229191,2026-04-26 22:33:05,I,0004,말소,,2018-10-16 09:38:36,,2018-10-16,0,,서울특별시 은평구 갈현동 ***-**,311000003720180064,3110000,000,서울특별시 은평구 통일로 *** (갈현동),03329,,04,취소/말소/만료/정지/중지,,,
"아,이뻐 펫샵",2022-04-28,192702.578806614,459703.972784634,2026-04-26 22:33:05,I,0004,말소,,2018-10-23 17:54:22,,2018-10-23,0,,서울특별시 은평구 진관동 ** A동 ***호,311000003720180065,3110000,000,"서울특별시 은평구 통일로 ****, 은평뉴타운솔하임 A동 ***층 (진관동)",03300,,04,취소/말소/만료/정지/중지,,,
더독 동물병원,2022-04-28,192656.302129643,456562.163418874,2026-04-26 22:33:05,I,0004,말소,,2018-10-23 18:00:33,,2018-10-23,0,,서울특별시 은평구 대조동 ***-**,311000003720180066,3110000,000,서울특별시 은평구 서오릉로 *** (대조동),03394,,04,취소/말소/만료/정지/중지,,,
도담동물병원,2022-04-28,192084.679813973,455936.970379394,2026-04-26 22:33:05,I,0004,말소,,2018-10-23 18:07:21,,2018-10-23,0,,서울특별시 은평구 역촌동 **-**,311000003720180067,3110000,000,서울특별시 은평구 역말로 * (역촌동),03415,,04,취소/말소/만료/정지/중지,,,
우신동물병원,2022-04-28,192499.264952138,455920.490562559,2026-04-26 22:33:05,I,0004,말소,,2018-10-30 13:04:42,,2018-10-30,0,,서울특별시 은평구 역촌동 **-**,311000003720180068,3110000,000,서울특별시 은평구 연서로 ** (역촌동),03402,,04,취소/말소/만료/정지/중지,,,
고마워 MIN,2022-04-28,192236.341615786,455569.564231832,2026-04-26 22:33:05,I,0004,말소,,2018-10-30 13:08:59,,2018-10-30,0,,서울특별시 은평구 역촌동 **-**,311000003720180069,3110000,000,서울특별시 은평구 연서로*길 ** (역촌동),03419,,04,취소/말소/만료/정지/중지,,,31520112
고마워 MIN,2022-04-28,192236.341615786,455569.564231832,2026-04-26 22:33:05,I,0004,말소,,2018-10-30 13:11:10,,2018-10-30,0,,서울특별시 은평구 역촌동 **-**,311000003720180070,3110000,000,서울특별시 은평구 연서로*길 ** (역촌동),03419,,04,취소/말소/만료/정지/중지,,,31520112
연서 동물병원,2022-04-28,192679.159197802,456765.950221384,2026-04-26 22:33:05,I,0004,말소,,2018-10-30 13:28:00,,2018-10-30,0,,서울특별시 은평구 대조동 ***-**,311000003720180071,3110000,000,서울특별시 은평구 연서로 *** (대조동),03388,,04,취소/말소/만료/정지/중지,,,
도무스 펫샵,2022-04-28,194021.217110427,456037.784727081,2026-04-26 22:33:05,I,0004,말소,,2018-11-14 10:42:08,,2018-11-14,0,,서울특별시 은평구 녹번동 **-* *층,311000003720180072,3110000,000,"서울특별시 은평구 통일로 ***, *층 (녹번동)",03382,,04,취소/말소/만료/정지/중지,,,
도무스 펫샵,2022-04-28,194021.217110427,456037.784727081,2026-04-26 22:33:05,I,0004,말소,,2018-11-14 10:45:22,,2018-11-14,0,,서울특별시 은평구 녹번동 **-* *층,311000003720180073,3110000,000,"서울특별시 은평구 통일로 ***, *층 (녹번동)",03382,,04,취소/말소/만료/정지/중지,,,
도그원,2022-04-28,192667.438048047,457480.990067897,2026-04-26 22:33:05,I,0004,말소,,2019-11-13 13:05:06,,2018-11-26,0,,서울특별시 은평구 갈현동 ***-* 정운빌딩*층,311000003720180074,3110000,L00,"서울특별시 은평구 연서로**길 **, 정운빌딩 *층 (갈현동)",03330,,04,취소/말소/만료/정지/중지,,,
도그원,2022-04-28,192667.438048047,457480.990067897,2026-04-26 22:33:05,I,0004,말소,,2019-11-13 13:05:41,,2018-11-26,0,,서울특별시 은평구 갈현동 ***-* 정운빌딩 *층,311000003720180075,3110000,000,"서울특별시 은평구 연서로**길 **, 정운빌딩 *층 (갈현동)",03330,,04,취소/말소/만료/정지/중지,,,
도그원,2022-04-28,192654.167300609,457455.656745945,2026-04-26 22:33:05,I,0004,말소,,2019-11-13 13:04:27,,2018-11-26,0,,서울특별시 은평구 갈현동 ***-* *층,311000003720180076,3110000,L00,"서울특별시 은평구 연서로**길 **, *층 (갈현동)",03331,,04,취소/말소/만료/정지/중지,,,
안녕 멍멍아,2022-04-28,192597.22192272,455303.491582147,2026-04-26 22:33:05,I,0004,말소,,2018-12-12 16:26:28,,2018-12-12,0,,서울특별시 은평구 역촌동 **-*,311000003720180077,3110000,000,"서울특별시 은평구 진흥로 **, *층 (역촌동)",03409,,04,취소/말소/만료/정지/중지,,,
해피멍,2022-04-28,192381.654810529,455825.461698826,2026-04-26 22:33:05,I,0004,말소,,2018-12-21 17:14:27,,2018-12-21,0,,서울특별시 은평구 역촌동 **-*,311000003720180078,3110000,000,서울특별시 은평구 역말로*길 ** (역촌동),03417,,04,취소/말소/만료/정지/중지,,,
해피멍,2022-04-28,192381.654810529,455825.461698826,2026-04-26 22:33:05,I,0004,말소,,2018-12-21 17:17:11,,2018-12-21,0,,서울특별시 은평구 역촌동 **-*,311000003720180079,3110000,000,서울특별시 은평구 역말로*길 ** (역촌동),03417,,04,취소/말소/만료/정지/중지,,,
도그아지트,2022-04-28,192514.242136605,455667.824020723,2026-04-26 22:33:05,I,0004,말소,,2021-05-31 16:52:15,,2018-12-28,0,,서울특별시 은평구 역촌동 **-**,311000003720180080,3110000,000,서울특별시 은평구 연서로 **-* (역촌동),03406,,04,취소/말소/만료/정지/중지,,,
도그아지트,2022-04-28,192514.242136605,455667.824020723,2026-04-26 22:33:05,I,0004,말소,,2021-05-31 16:36:10,,2018-12-28,0,,서울특별시 은평구 역촌동 **-**,311000003720180081,3110000,000,서울특별시 은평구 연서로 **-* (역촌동),03406,,04,취소/말소/만료/정지/중지,,,
도그아지트,2022-04-28,192514.242136605,455667.824020723,2026-04-26 22:33:05,I,0004,말소,,2021-05-31 16:46:41,,2018-12-28,0,,서울특별시 은평구 역촌동 **-**,311000003720180082,3110000,000,서울특별시 은평구 연서로 **-* (역촌동),03406,,04,취소/말소/만료/정지/중지,,,
국립공원 특산품 판매점,2022-04-28,195358.535748819,461455.876513588,2026-04-26 22:33:05,I,0004,말소,,2021-11-05 09:14:31,,2019-02-25,0,,서울특별시 은평구 진관동 ***-**,311000003720190001,3110000,000,"서울특별시 은평구 대서문길 **, 북한산성상가 A동 ***호 (진관동)",03307,,04,취소/말소/만료/정지/중지,,,
디어도그,2022-04-28,192863.858372328,453842.02636248,2026-04-26 22:33:05,I,0004,말소,,2021-06-24 10:33:27,,2019-03-28,0,,서울특별시 은평구 응암동 ***-*,311000003720190003,3110000,000,서울특별시 은평구 응암로**길 **-* (응암동),03480,,04,취소/말소/만료/정지/중지,,,
펫뷰티스토리,2022-04-28,206511.740411572,447611.91267031,2026-04-26 22:32:35,I,0004,말소,,2019-10-07 18:48:31,,2019-10-07,0,,서울특별시 광진구 자양동 ***-**,304000003720180036,3040000,000,"서울특별시 광진구 자양번영로*길 *, *층 (자양동)",05093,,04,취소/말소/만료/정지/중지,,,02-456-6996
펫 살롱 유니크,2022-04-28,207889.341204624,450570.309620751,2026-04-26 22:32:35,I,0004,말소,,2020-10-05 18:25:41,,2018-08-22,0,,서울특별시 광진구 중곡동 **-**,304000003720180037,3040000,000,서울특별시 광진구 영화사로 **-* (중곡동),04945,,04,취소/말소/만료/정지/중지,,,070-8987-3311
펫 살롱 유니크,2022-04-28,207889.341204624,450570.309620751,2026-04-26 22:32:35,I,0004,말소,,2020-10-05 18:26:59,,2018-08-22,0,,서울특별시 광진구 중곡동 **-**,304000003720180038,3040000,000,서울특별시 광진구 영화사로 **-* (중곡동),04945,,04,취소/말소/만료/정지/중지,,,070-8987-3311
에디슨동물병원,2022-04-28,208738.952014366,448858.223522999,2026-04-26 22:32:35,I,0004,말소,,2019-08-22 18:22:31,,2018-09-03,0,,서울특별시 광진구 광장동 ***,304000003720180039,3040000,000,"서울특별시 광진구 아차산로 ***, 현대프라자 상가 ***호 ***호호 (광장동)",04974,,04,취소/말소/만료/정지/중지,,,02-447-5975
에디슨동물병원,2022-04-28,208738.952014366,448858.223522999,2026-04-26 22:32:35,I,0004,말소,,2019-08-23 09:46:45,,2018-09-03,0,,서울특별시 광진구 광장동 ***,304000003720180040,3040000,000,"서울특별시 광진구 아차산로 ***, 현대프라자 상가 ***호 ***호 (광장동)",04974,,04,취소/말소/만료/정지/중지,,,02-447-5975
우리동물병원,2022-04-28,207020.941426428,447715.520541118,2026-04-26 22:32:35,I,0004,말소,,2021-05-28 13:21:27,,2018-09-03,0,,서울특별시 광진구 자양동 ***-**,304000003720180041,3040000,000,서울특별시 광진구 뚝섬로 *** (자양동),05100,,04,취소/말소/만료/정지/중지,,,02-457-0231
우리동물병원,2022-04-28,207020.941426428,447715.520541118,2026-04-26 22:32:35,I,0004,말소,,2021-05-28 13:22:23,,2018-09-03,0,,서울특별시 광진구 자양동 ***-**,304000003720180042,3040000,000,서울특별시 광진구 뚝섬로 *** (자양동),05100,,04,취소/말소/만료/정지/중지,,,02-457-0231
로엘동물병원,2022-04-28,206893.84345075,447758.903010754,2026-04-26 22:32:35,I,0004,말소,,2018-09-06 10:16:22,,2018-09-06,0,,서울특별시 광진구 자양동 ***-**,304000003720180043,3040000,000,"서울특별시 광진구 뚝섬로 ***-*, *층 (자양동)",05099,,04,취소/말소/만료/정지/중지,,,02-457-8575
중앙애견,2022-04-28,205917.094215315,448157.172390235,2026-04-26 22:32:35,I,0004,말소,,2018-09-06 10:23:01,,2018-09-06,0,,서울특별시 광진구 자양동 ***-***,304000003720180044,3040000,000,서울특별시 광진구 뚝섬로 *** (자양동),05074,,04,취소/말소/만료/정지/중지,,,02-455-0015
중앙애견,2022-04-28,205917.094215315,448157.172390235,2026-04-26 22:32:35,I,0004,말소,,2018-09-06 10:27:45,,2018-09-06,0,,서울특별시 광진구 자양동 ***-***,304000003720180045,3040000,000,서울특별시 광진구 뚝섬로 *** (자양동),05074,,04,취소/말소/만료/정지/중지,,,02-455-0015
나루동물병원,2022-04-28,208729.170395929,448995.808404463,2026-04-26 22:32:35,I,0004,말소,,2018-09-06 10:38:30,,2018-09-06,0,,서울특별시 광진구 광장동 *** 광장힐스테이트,304000003720180046,3040000,000,"서울특별시 광진구 아차산로 ***-**, **호 (광장동, 광장힐스테이트)",04983,,04,취소/말소/만료/정지/중지,,,02-457-7582
나루동물병원,2022-04-28,208729.170395929,448995.808404463,2026-04-26 22:32:35,I,0004,말소,,2018-09-06 10:42:21,,2018-09-06,0,,서울특별시 광진구 광장동 *** 광장힐스테이트,304000003720180047,3040000,000,"서울특별시 광진구 아차산로 ***-**, **호 (광장동, 광장힐스테이트)",04983,,04,취소/말소/만료/정지/중지,,,02-457-7582
희망애견샵,2022-04-28,208009.547522976,449968.787570106,2026-04-26 22:32:35,I,0004,말소,,2018-09-07 09:54:27,,2018-09-07,0,,서울특별시 광진구 구의동 **-**,304000003720180048,3040000,000,서울특별시 광진구 자양로**길 ** (구의동),04954,,04,취소/말소/만료/정지/중지,,,02-447-1110
아차산동물병원,2022-04-28,207903.068321627,449950.902116323,2026-04-26 22:32:35,I,0004,말소,,2018-09-07 10:00:33,,2018-09-07,0,,서울특별시 광진구 구의동 **-*,304000003720180049,3040000,000,서울특별시 광진구 천호대로 *** (구의동),04954,,04,취소/말소/만료/정지/중지,,,02-452-7580
준펫샵,2022-04-28,207991.17997472,450479.894025307,2026-04-26 22:32:35,I,0004,말소,,2021-01-29 10:12:52,,2018-09-07,0,,서울특별시 광진구 중곡동 **-**,304000003720180050,3040000,000,서울특별시 광진구 영화사로 **-* (중곡동),04946,,04,취소/말소/만료/정지/중지,,,02-000-0000
애플동물병원,2022-04-28,207743.292003062,450093.204643372,2026-04-26 22:32:35,I,0004,말소,,2018-09-10 09:51:09,,2018-09-10,0,,서울특별시 광진구 능동 ***-*,304000003720180051,3040000,000,서울특별시 광진구 천호대로 *** (능동),04987,,04,취소/말소/만료/정지/중지,,,02-455-0077
베이비독,2022-04-28,206011.728357801,447910.588323863,2026-04-26 22:32:36,I,0004,말소,,2018-09-10 10:17:30,,2018-09-10,0,,서울특별시 광진구 자양동 ***-*** 원우상가,304000003720180052,3040000,000,"서울특별시 광진구 능동로*길 **, 원우상가 *층 (자양동)",05090,,04,취소/말소/만료/정지/중지,,,070-7608-4184
베이비독,2022-04-28,206011.728357801,447910.588323863,2026-04-26 22:32:36,I,0004,말소,,2018-09-10 10:21:58,,2018-09-10,0,,서울특별시 광진구 자양동 ***-*** 원우상가,304000003720180053,3040000,000,"서울특별시 광진구 능동로*길 **, 원우상가 *층 (자양동)",05090,,04,취소/말소/만료/정지/중지,,,070-7608-4184
광진 pet,2022-04-28,207507.856816415,449223.123544348,2026-04-26 22:32:36,I,0004,말소,,2018-09-12 10:53:01,,2018-09-12,0,,서울특별시 광진구 구의동 **-**,304000003720180054,3040000,000,"서울특별시 광진구 광나루로 ***, *층 (구의동)",04976,,04,취소/말소/만료/정지/중지,,,02-3437-0704
로얄에이알씨(주),2022-04-28,205969.966011569,448175.917404606,2026-04-26 22:32:36,I,0004,말소,,2018-09-12 10:59:58,,2018-09-12,0,,서울특별시 광진구 자양동 ***-* 영지빌딩,304000003720180055,3040000,L00,"서울특별시 광진구 능동로 **, 영지빌딩 *층 ***호 (자양동)",05074,,04,취소/말소/만료/정지/중지,,,02-468-0955
로얄에이알씨(주),2022-04-28,205969.966011569,448175.917404606,2026-04-26 22:32:36,I,0004,말소,,2018-09-12 11:04:30,,2018-09-12,0,,서울특별시 광진구 자양동 ***-* 영지빌딩,304000003720180056,3040000,L00,"서울특별시 광진구 능동로 **, 영지빌딩 *층 ***호 (자양동)",05074,,04,취소/말소/만료/정지/중지,,,02-468-0955
로얄에이알씨(주),2022-04-28,205969.966011569,448175.917404606,2026-04-26 22:32:36,I,0004,말소,,2018-09-12 11:06:11,,2018-09-12,0,,서울특별시 광진구 자양동 ***-* 영지빌딩,304000003720180057,3040000,L00,"서울특별시 광진구 능동로 **, 영지빌딩 *층 ***호 (자양동)",05074,,04,취소/말소/만료/정지/중지,,,02-468-0955
개판오분전,2022-04-28,206694.400375078,450780.251867356,2026-04-26 22:32:36,I,0004,말소,,2021-12-31 16:20:23,,2018-09-14,0,,서울특별시 광진구 중곡동 ***-*,304000003720180058,3040000,000,서울특별시 광진구 동일로**길 ** (중곡동),04920,,04,취소/말소/만료/정지/중지,,,02-462-7080
원효동물병원,2022-04-28,196673.674826329,448243.135708121,2026-04-26 22:33:03,I,0004,말소,,2015-11-03 10:20:02,,2014-03-27,0,,서울특별시 용산구 원효로*가 **-*,302000003720140002,3020000,000,"서울특별시 용산구 원효로 ***, *층 (원효로*가)",04364,,04,취소/말소/만료/정지/중지,,,02-719-7070
그린프레밀리,2022-04-28,196762.077394917,447480.039577359,2026-04-26 22:33:03,I,0004,말소,,2016-02-01 11:06:43,,2014-06-17,0,,서울특별시 용산구 한강로*가 **-*** 지하*층,302000003720140003,3020000,L00,"서울특별시 용산구 한강대로**길 **, 지하*층 (한강로*가)",04377,,04,취소/말소/만료/정지/중지,,,
블랑살롱(Blanc Salon),2022-04-28,200036.956818909,448219.694994273,2026-04-26 22:33:03,I,0004,말소,,2016-08-08 13:31:55,,2015-02-06,0,,서울특별시 용산구 한남동 ***-**,302000003720150001,3020000,000,서울특별시 용산구 이태원로**길 ** (한남동),04400,,04,취소/말소/만료/정지/중지,,,02-6398-3030
CHU,2022-04-28,199947.382121776,447467.500779125,2026-04-26 22:33:03,I,0004,말소,,2018-11-21 09:10:06,,2015-04-17,0,,서울특별시 용산구 보광동 ***-**,302000003720150002,3020000,000,서울특별시 용산구 장문로**길 ** (보광동),04413,,04,취소/말소/만료/정지/중지,,,
견리단길,2022-04-28,199006.896091199,448562.481341231,2026-04-26 22:33:03,I,0004,말소,,2018-10-31 15:34:13,,2015-06-12,0,,서울특별시 용산구 이태원동 ***-**,302000003720150003,3020000,000,서울특별시 용산구 회나무로 ** (이태원동),04345,,04,취소/말소/만료/정지/중지,,,
요미독앤캣,2022-04-28,195772.099586477,447859.601737367,2026-04-26 22:33:03,I,0004,말소,,2017-07-13 13:34:46,,2016-11-18,0,,서울특별시 용산구 원효로*가 **-* *층,302000003720160001,3020000,L00,"서울특별시 용산구 원효로**길 **, *층 (원효로*가)",04362,,04,취소/말소/만료/정지/중지,,,070-4060-0836
펫츠 컴패니언,2022-04-28,196457.900399877,448335.024693383,2026-04-26 22:33:03,I,0004,말소,,2017-01-06 15:53:57,,2017-01-06,0,,서울특별시 용산구 용문동 *-***,302000003720170001,3020000,000,"서울특별시 용산구 새창로 ***-*, 지하*층 (용문동)",04364,,04,취소/말소/만료/정지/중지,,,02-6080-9009
해방촌타이거,2022-04-28,198468.102034555,449150.559157033,2026-04-26 22:33:03,I,0004,말소,,2017-11-17 11:10:18,,2017-05-31,0,,서울특별시 용산구 용산동*가 *-**** 지상*층,302000003720170002,3020000,000,"서울특별시 용산구 신흥로 ***, 지상*층 (용산동*가)",04337,,04,취소/말소/만료/정지/중지,,,
목욕하는 고양이,2022-04-28,199705.84188025,447093.567638279,2026-04-26 22:33:03,I,0004,말소,,2018-05-01 15:05:52,,2018-05-01,0,,서울특별시 용산구 보광동 ***-* 지상*층,302000003720180001,3020000,000,"서울특별시 용산구 장문로 **, 지상*층 (보광동)",04394,,04,취소/말소/만료/정지/중지,,,02-796-4648
다줄,2022-04-28,197056.728931087,447077.126289262,2026-04-26 22:33:03,I,0004,말소,,2020-12-01 16:42:32,,2018-05-01,0,,서울특별시 용산구 한강로*가 **-** 용산센트럴파크 해링턴스퀘어 *층 **호,302000003720180002,3020000,000,"서울특별시 용산구 서빙고로 **, 용산센트럴파크 해링턴스퀘어 *층 **호 (한강로*가)",04387,,04,취소/말소/만료/정지/중지,,,02-798-0077
더힐동물의료센터,2022-04-28,200779.182,448049.195666666,2026-04-26 22:33:03,I,0004,말소,,2018-05-18 09:36:26,,2018-05-18,0,,서울특별시 용산구 한남동 **-* 아이리스프라자 *층,302000003720180003,3020000,000,"서울특별시 용산구 독서당로 **-*, 아이리스프라자 지상*층 (한남동)",04419,,04,취소/말소/만료/정지/중지,,,02-792-8275
더힐동물의료센터,2022-04-28,200779.182,448049.195666666,2026-04-26 22:33:03,I,0004,말소,,2018-05-18 09:47:23,,2018-05-18,0,,서울특별시 용산구 한남동 **-* 아이리스프라자 *층,302000003720180004,3020000,000,"서울특별시 용산구 독서당로 **-*, 아이리스프라자 지상*층 (한남동)",04419,,04,취소/말소/만료/정지/중지,,,02-792-8275
포지티브(Pawsitive),2022-04-28,199116.509327307,447844.763290919,2026-04-26 22:33:03,I,0004,말소,,2021-01-25 14:38:06,,2018-07-02,0,,서울특별시 용산구 이태원동 **-** 지상*층,302000003720180006,3020000,000,"서울특별시 용산구 녹사평대로**길 **, 지상*층 (이태원동)",04390,,04,취소/말소/만료/정지/중지,,,02-797-1171
보광동물병원,2022-04-28,199997.342115458,447142.507109616,2026-04-26 22:33:03,I,0004,말소,,2018-07-11 14:33:27,,2018-07-11,0,,서울특별시 용산구 보광동 **-** *층,302000003720180007,3020000,000,"서울특별시 용산구 보광로 **-*, 지상*층 (보광동)",04415,,04,취소/말소/만료/정지/중지,,,02-790-9808
오렌지애견,2022-04-28,196334.724063159,446872.660810651,2026-04-26 22:33:03,I,0004,말소,,2018-07-16 13:46:08,,2018-07-16,0,,서울특별시 용산구 한강로*가 **-** 한진빌딩,302000003720180008,3020000,000,"서울특별시 용산구 이촌로 ***, 한진빌딩 (한강로*가)",04380,,04,취소/말소/만료/정지/중지,,,02-796-6823
펫동물병원,2022-04-28,196490.844311727,448594.448927151,2026-04-26 22:33:03,I,0004,말소,,2018-08-22 09:15:18,,2018-08-22,0,,서울특별시 용산구 효창동 **-*,302000003720180009,3020000,000,서울특별시 용산구 백범로 *** (효창동),04318,,04,취소/말소/만료/정지/중지,,,02-3275-0079
이태원동물병원,2022-04-28,198802.476070336,448239.820740686,2026-04-26 22:33:03,I,0004,말소,,2018-09-06 13:34:13,,2018-09-05,0,,서울특별시 용산구 이태원동 *** *층,302000003720180010,3020000,L00,"서울특별시 용산구 녹사평대로 ***, *층 (이태원동)",04345,,04,취소/말소/만료/정지/중지,,,02-797-6677
이태원동물병원,2022-04-28,198802.476070336,448239.820740686,2026-04-26 22:33:03,I,0004,말소,,2018-09-06 13:32:26,,2018-09-06,0,,서울특별시 용산구 이태원동 *** 지하*층,302000003720180011,3020000,L00,"서울특별시 용산구 녹사평대로 ***, 지하*층 (이태원동)",04345,,04,취소/말소/만료/정지/중지,,,02-797-6677
(주)이상윤동물병원,2022-04-28,197722.571038558,446344.591216568,2026-04-26 22:33:03,I,0004,말소,,2018-09-06 14:48:50,,2018-09-06,0,,서울특별시 용산구 이촌동 ***-** 한강맨션 **동 ***호,302000003720180012,3020000,L00,"서울특별시 용산구 이촌로 ***, **동 ***호 (이촌동, 한강맨션)",04426,,04,취소/말소/만료/정지/중지,,,02-792-5455
(주)이상윤동물병원,2022-04-28,197722.571038558,446344.591216568,2026-04-26 22:33:03,I,0004,말소,,2018-09-06 14:51:23,,2018-09-06,0,,서울특별시 용산구 이촌동 ***-** 한강맨션 **동 ***호,302000003720180013,3020000,L00,"서울특별시 용산구 이촌로 ***, **동 ***호 (이촌동, 한강맨션)",04426,,04,취소/말소/만료/정지/중지,,,02-792-5455
베이동물병원,2022-04-28,197722.571038558,446344.591216568,2026-04-26 22:33:03,I,0004,말소,,2018-09-06 15:32:08,,2018-09-06,0,,서울특별시 용산구 이촌동 ***-** 한강맨션 **동 ***호,302000003720180014,3020000,000,"서울특별시 용산구 이촌로 ***, **동 ***호 (이촌동, 한강맨션)",04426,,04,취소/말소/만료/정지/중지,,,02-749-7588
베이동물병원,2022-04-28,197722.571038558,446344.591216568,2026-04-26 22:33:03,I,0004,말소,,2018-09-06 15:34:04,,2018-09-06,0,,서울특별시 용산구 이촌동 ***-** 한강맨션 **동 ***호,302000003720180015,3020000,000,"서울특별시 용산구 이촌로 ***, **동 ***호 (이촌동, 한강맨션)",04426,,04,취소/말소/만료/정지/중지,,,02-749-7588
카페히릿,2022-04-28,206508.851523954,449413.728670008,2026-04-26 22:32:36,I,0004,말소,,2018-09-14 09:31:19,,2018-09-14,0,,서울특별시 광진구 화양동 ***-**,304000003720180059,3040000,000,"서울특별시 광진구 광나루로 ***, *층 (화양동)",05021,,04,취소/말소/만료/정지/중지,,,070-8870-4442
빈브레드,2022-04-28,209122.423784301,449339.836368296,2026-04-26 22:32:36,I,0004,말소,,2021-12-13 14:36:39,,2018-09-14,0,,서울특별시 광진구 광장동 ***-*,304000003720180060,3040000,000,"서울특별시 광진구 아차산로**길 **, *층 (광장동)",04968,,04,취소/말소/만료/정지/중지,,,
광진24시 필동물병원,2022-04-28,208403.746065593,448490.239179557,2026-04-26 22:32:36,I,0004,말소,,2018-09-20 10:08:34,,2018-09-20,0,,서울특별시 광진구 구의동 *** 구의현대*단지아파트,304000003720180061,3040000,000,"서울특별시 광진구 광나루로**길 **, ***호 ***호 ***호 (구의동, 구의현대*단지아파트)",05118,,04,취소/말소/만료/정지/중지,,,02-446-8175
광진24시 필동물병원,2022-04-28,208403.746065593,448490.239179557,2026-04-26 22:32:36,I,0004,말소,,2018-09-20 10:12:58,,2018-09-20,0,,서울특별시 광진구 구의동 *** 구의현대*단지아파트,304000003720180062,3040000,000,"서울특별시 광진구 광나루로**길 **, ***호 ***호 ***호 (구의동, 구의현대*단지아파트)",05118,,04,취소/말소/만료/정지/중지,,,02-446-8175
노룬산동물병원,2022-04-28,205390.463339147,448294.665199062,2026-04-26 22:32:36,I,0004,말소,,2018-09-28 09:47:03,,2018-09-28,0,,서울특별시 광진구 자양동 ***-*** 정천빌딩,304000003720180063,3040000,000,"서울특별시 광진구 뚝섬로 ***, 정천빌딩 (자양동)",05081,,04,취소/말소/만료/정지/중지,,,02-464-2748
광장동물의료센터,2022-04-28,209336.361512026,449424.228821763,2026-04-26 22:32:36,I,0004,말소,,2021-03-04 16:50:27,,2018-09-28,0,,서울특별시 광진구 광장동 ***-**,304000003720180064,3040000,000,서울특별시 광진구 아차산로 *** (광장동),04969,,04,취소/말소/만료/정지/중지,,,02-452-7975
도기파크,2022-04-28,207018.39259746,447980.46025752,2026-04-26 22:32:36,I,0004,말소,,2018-10-04 09:25:04,,2018-10-04,0,,서울특별시 광진구 자양동 ***-*,304000003720180065,3040000,000,서울특별시 광진구 자양로**나길 ** (자양동),05057,,04,취소/말소/만료/정지/중지,,,02-454-8660
광장동물의료센터,2022-04-28,209336.361512026,449424.228821763,2026-04-26 22:32:36,I,0004,말소,,2021-03-08 13:29:31,,2018-10-04,0,,서울특별시 광진구 광장동 ***-**,304000003720180066,3040000,000,서울특별시 광진구 아차산로 *** (광장동),04969,,04,취소/말소/만료/정지/중지,,,02-452-7975
동서울동물병원,2022-04-28,208431.92764385,448842.232617503,2026-04-26 22:32:36,I,0004,말소,,2018-10-04 09:44:53,,2018-10-04,0,,서울특별시 광진구 광장동 ***-*,304000003720180067,3040000,000,서울특별시 광진구 아차산로 *** (광장동),04984,,04,취소/말소/만료/정지/중지,,,02-444-7533
동서울동물병원,2022-04-28,208431.92764385,448842.232617503,2026-04-26 22:32:36,I,0004,말소,,2018-10-04 09:49:04,,2018-10-04,0,,서울특별시 광진구 광장동 ***-*,304000003720180068,3040000,000,서울특별시 광진구 아차산로 *** (광장동),04984,,04,취소/말소/만료/정지/중지,,,02-444-7533
댕댕이집합소,2022-04-28,207822.300539021,448443.28377615,2026-04-26 22:32:36,I,0004,말소,,2021-11-25 14:45:37,,2018-10-11,0,,서울특별시 광진구 구의동 ***-**,304000003720180069,3040000,000,"서울특별시 광진구 아차산로 ***, *층 *호 (구의동)",05045,,04,취소/말소/만료/정지/중지,,,
이쁘개멋있개,2022-04-28,206230.35683748,449914.027616026,2026-04-26 22:32:36,I,0004,말소,,2018-10-31 09:28:50,,2018-10-31,0,,서울특별시 광진구 군자동 ***-*,304000003720180070,3040000,000,"서울특별시 광진구 군자로 **, *층 (군자동)",05004,,04,취소/말소/만료/정지/중지,,,02-6439-1253
이쁘개멋있개,2022-04-28,206230.35683748,449914.027616026,2026-04-26 22:32:36,I,0004,말소,,2018-10-31 09:33:21,,2018-10-31,0,,서울특별시 광진구 군자동 ***-*,304000003720180071,3040000,000,"서울특별시 광진구 군자로 **, *층 (군자동)",05004,,04,취소/말소/만료/정지/중지,,,02-6439-1253
쥬라기동물병원,2022-04-28,208344.912915338,448875.286459939,2026-04-26 22:32:36,I,0004,말소,,2018-11-06 09:10:45,,2018-11-06,0,,서울특별시 광진구 광장동 ***-**,304000003720180072,3040000,000,서울특별시 광진구 광나루로 *** (광장동),04984,,04,취소/말소/만료/정지/중지,,,02-455-7570
쥬라기동물병원,2022-04-28,208344.912915338,448875.286459939,2026-04-26 22:32:36,I,0004,말소,,2018-11-06 09:12:33,,2018-11-06,0,,서울특별시 광진구 광장동 ***-**,304000003720180073,3040000,000,서울특별시 광진구 광나루로 *** (광장동),04984,,04,취소/말소/만료/정지/중지,,,02-455-7570
bijou pet(비쥬펫),2022-04-28,206508.851523954,449413.728670008,2026-04-26 22:32:36,I,0004,말소,,2018-11-29 16:09:16,,2018-11-12,0,,서울특별시 광진구 화양동 ***-**,304000003720180074,3040000,000,서울특별시 광진구 광나루로 *** (화양동),05021,,04,취소/말소/만료/정지/중지,,,02-446-1110
윤패션,2022-04-28,207215.012876306,451628.669401084,2026-04-26 22:32:36,I,0004,말소,,2018-12-10 15:02:45,,2018-11-16,0,,서울특별시 광진구 중곡동 ***-**,304000003720180075,3040000,000,"서울특별시 광진구 능동로**길 **, **누**** (중곡동)",04908,,04,취소/말소/만료/정지/중지,,,
와사비네집,2022-04-28,207695.480720925,450809.028344187,2026-04-26 22:32:36,I,0004,말소,,2018-11-16 17:36:11,,2018-11-16,0,,서울특별시 광진구 중곡동 **-**,304000003720180076,3040000,L00,서울특별시 광진구 용마산로 ** (중곡동),04944,,04,취소/말소/만료/정지/중지,,,02-454-1010
bijou pet(비쥬펫),2022-04-28,206508.851523954,449413.728670008,2026-04-26 22:32:36,I,0004,말소,,2018-11-29 16:09:37,,2018-11-19,0,,서울특별시 광진구 화양동 ***-**,304000003720180077,3040000,000,서울특별시 광진구 광나루로 *** (화양동),05021,,04,취소/말소/만료/정지/중지,,,02-446-1110
bijou pet(비쥬펫),2022-04-28,206508.851523954,449413.728670008,2026-04-26 22:32:36,I,0004,말소,,2018-11-29 16:09:54,,2018-11-19,0,,서울특별시 광진구 화양동 ***-**,304000003720180078,3040000,000,서울특별시 광진구 광나루로 *** (화양동),05021,,04,취소/말소/만료/정지/중지,,,02-446-1110
카나비스 펫(cannabis pet),2022-04-28,206569.777617161,450924.624310922,2026-04-26 22:32:36,I,0004,말소,,2018-11-23 08:43:20,,2018-11-23,0,,서울특별시 광진구 중곡동 ***-**,304000003720180079,3040000,000,"서울특별시 광진구 천호대로***길 **, *층 (중곡동)",04920,,04,취소/말소/만료/정지/중지,,,
버블링,2022-04-28,207650.888245221,447610.619424514,2026-04-26 22:32:36,I,0004,말소,,2018-12-24 09:06:12,,2018-12-24,0,,서울특별시 광진구 자양동 ***-**,304000003720180080,3040000,000,서울특별시 광진구 자양로*길 * (자양동),05113,,04,취소/말소/만료/정지/중지,,,
주식회사 코스모스이펙트,2022-04-28,207428.020928635,448255.352027526,2026-04-26 22:32:36,I,0004,말소,,2020-03-03 17:59:04,,2019-02-25,0,,서울특별시 광진구 자양동 ***-** 한승빌딩 ***-**호,304000003720190001,3040000,L00,"서울특별시 광진구 아차산로 ***, 한승빌딩 ***-**호 (자양동)",05051,,04,취소/말소/만료/정지/중지,,,
