사업장명,폐업일자,좌표X,좌표Y,데이터갱신시점,데이터갱신구분,상세영업상태코드,상세영업상태명,최종수정시점,인허가취소일자,인허가일자,소재지우편번호,지번주소,관리번호,개방자치단체코드,도로명주소,도로명우편번호,영업상태구분코드,영업상태명,판매점영업면적,휴업시작일자,휴업종료일자,소재지전화번호
(주)부강코퍼레이션,2026-02-02,201454.659225356,453885.512398186,2026-04-26 22:00:58,I,03,폐업,2026-02-02 09:30:45,,2017-02-15,,서울특별시 성북구 보문동2가 7번지 2호,PHMH320173070034087500009,3070000,"서울특별시 성북구 보문로29길 17, 101호 (보문동2가, 백제빌딩)",02871,03,폐업,,,,02-927-6667
씨유 장안으뜸점,2016-12-09,205784.395401088,452000.024836728,2026-04-26 22:00:55,I,03,폐업,2016-12-09 11:09:11,,2012-11-14,130-837,서울특별시 동대문구 장안동 167번지 19호,PHMH320123050034087500054,3050000,서울특별시 동대문구 한천로24길 22 (장안동),02626,03,폐업,,,,22133163
미니스톱 신설진흥점,2015-07-24,202061.169089769,452451.001266995,2026-04-26 22:00:55,I,03,폐업,2015-07-24 13:08:59,,2012-11-14,130-812,서울특별시 동대문구 신설동 104번지 1호 1층,PHMH320123050034087500056,3050000,"서울특별시 동대문구 천호대로2길 15, 1층 (신설동)",,03,폐업,,,,22355496
미니스톱 장안3점,2018-12-31,205523.386355597,451458.688563648,2026-04-26 22:00:55,I,03,폐업,2018-12-31 15:53:12,,2012-11-14,130-843,서울특별시 동대문구 장안동 403번지 1호,PHMH320123050034087500057,3050000,"서울특별시 동대문구 천호대로77길 84, 1층 1호 (장안동)",02635,03,폐업,,,,22154237
GS25 전농삼성점,2016-09-21,205196.107795769,453027.761001037,2026-04-26 22:00:55,I,03,폐업,2016-09-21 17:51:02,,2012-11-14,130-849,서울특별시 동대문구 전농동 53번지 21호 1층,PHMH320123050034087500058,3050000,"서울특별시 동대문구 사가정로13가길 29, 1층 (전농동)",02507,03,폐업,,,,22150178
씨유 이문래미안점,2014-07-05,205146.902811253,454637.550472416,2026-04-26 22:00:55,I,03,폐업,2014-07-31 16:17:11,,2012-11-14,130-831,서울특별시 동대문구 이문동 322번지 4호,PHMH320123050034087500059,3050000,서울특별시 동대문구 이문로16길 7 (이문동),,03,폐업,,,,
미니스톱 신설점,2014-09-30,202136.434632005,452534.940181555,2026-04-26 22:00:55,I,03,폐업,2014-09-30 13:47:14,,2012-11-14,130-813,서울특별시 동대문구 신설동 102번지 26호,PHMH320123050034087500060,3050000,서울특별시 동대문구 천호대로 11-3 (신설동),,03,폐업,,,,
GS25 외대이문점,2022-10-24,205120.626545815,455171.175104579,2026-04-26 22:00:55,I,03,폐업,2022-10-24 15:01:36,,2012-11-14,130-829,서울특별시 동대문구 이문동 264번지 12호,PHMH320123050034087500061,3050000,서울특별시 동대문구 천장산로6길 8 (이문동),02404,03,폐업,,,,
미니스톱 경희대원룸점,2014-05-15,204764.702000367,454376.649769208,2026-04-26 22:00:55,I,03,폐업,2014-05-21 13:38:14,,2012-11-14,130-872,서울특별시 동대문구 회기동 54번지 99호 1층,PHMH320123050034087500062,3050000,"서울특별시 동대문구 경희대로4길 44, 1층 (회기동)",,03,폐업,,,,
GS25 답십리동아점,2018-08-31,205385.566057467,451717.140632516,2026-04-26 22:00:55,I,03,폐업,2018-08-31 15:09:12,,2012-11-14,130-758,서울특별시 동대문구 답십리동 10번지 3호,PHMH320123050034087500063,3050000,"서울특별시 동대문구 답십리로60길 134, 103호, 104호 (답십리동, 동아아파트상가동)",02611,03,폐업,,,,
GS25 동대문경희점,2014-10-14,204717.761602257,454320.411464325,2026-04-26 22:00:55,I,03,폐업,2014-10-14 13:30:33,,2012-11-14,130-872,서울특별시 동대문구 회기동 52번지,PHMH320123050034087500064,3050000,서울특별시 동대문구 회기로 161-11 (회기동),,03,폐업,,,,
GS25 경희현대점,2014-05-15,204459.374331588,454327.531204958,2026-04-26 22:00:55,I,03,폐업,2014-05-15 17:05:41,,2012-11-14,130-873,서울특별시 동대문구 회기동 105번지 35호 1층,PHMH320123050034087500067,3050000,"서울특별시 동대문구 회기로 134, 1층 (회기동)",,03,폐업,,,,
GS25 신회기역점,2018-02-09,204893.060364369,454164.506149787,2026-04-26 22:00:55,I,03,폐업,2018-02-09 15:54:28,,2012-11-14,130-876,서울특별시 동대문구 휘경동 319번지 14호,PHMH320123050034087500069,3050000,서울특별시 동대문구 회기로 182 (휘경동),02446,03,폐업,,,,22530771
세븐일레븐 답십리쌍마점,2018-09-21,204884.451934202,451529.148204191,2026-04-26 22:00:55,I,03,폐업,2018-09-21 10:01:24,,2012-11-14,130-802,서울특별시 동대문구 답십리동 488번지 327호,PHMH320123050034087500070,3050000,"서울특별시 동대문구 전농로 12, 1층 6호 (답십리동)",02621,03,폐업,,,,02-3394-8567
세븐일레븐 휘경워너빌점,2014-08-18,205299.837615096,454194.98841763,2026-04-26 22:00:55,I,03,폐업,2014-08-18 14:33:14,,2012-11-14,130-876,서울특별시 동대문구 휘경동 262번지 4호,PHMH320123050034087500071,3050000,"서울특별시 동대문구 망우로 67, 104호 (휘경동, 효자워너빌상가)",,03,폐업,,,,22152531
씨유 회기중앙점,2015-06-24,205044.455486451,454253.066065736,2026-04-26 22:00:55,I,03,폐업,2015-06-24 15:13:38,,2012-11-14,130-876,서울특별시 동대문구 휘경동 183번지 126호,PHMH320123050034087500072,3050000,서울특별시 동대문구 회기로29길 9 (휘경동),,03,폐업,,,,
세븐일레븐 휘경동진점,2014-09-29,205754.942835775,454349.694317829,2026-04-26 22:00:55,I,03,폐업,2014-09-30 09:54:34,,2012-11-14,130-875,서울특별시 동대문구 휘경동 72번지 7호,PHMH320123050034087500073,3050000,서울특별시 동대문구 망우로 117 (휘경동),,03,폐업,,,,22152520
GS25 이문사랑점,2015-06-12,205784.008038304,455917.552544887,2026-04-26 22:00:55,I,03,폐업,2015-06-12 15:33:30,,2012-11-15,130-828,서울특별시 동대문구 이문동 209번지 7호,PHMH320123050034087500075,3050000,"서울특별시 동대문구 이문로54길 77, 1층 (이문동)",,03,폐업,,,,
GS25 이문행운점,2014-10-02,205691.646846584,455695.051838894,2026-04-26 22:00:55,I,03,폐업,2014-10-02 13:34:39,,2012-11-15,130-828,서울특별시 동대문구 이문동 236번지 12호,PHMH320123050034087500076,3050000,서울특별시 동대문구 신이문로23길 19 (이문동),,03,폐업,,,,
세븐일레븐 이문대화점,2022-08-31,205023.255818406,455159.326791131,2026-04-26 22:00:55,I,03,폐업,2022-08-31 13:50:21,,2012-11-15,130-829,서울특별시 동대문구 이문동 264번지 210호,PHMH320123050034087500077,3050000,서울특별시 동대문구 천장산로 31 (이문동),02449,03,폐업,,,,
씨유 회기힐스테이트점,2016-12-29,204669.771345656,454194.23756544,2026-04-26 22:00:55,I,03,폐업,2016-12-29 16:17:25,,2012-11-15,130-050,서울특별시 동대문구 회기동 351번지,PHMH320123050034087500078,3050000,"서울특별시 동대문구 회기로26길 15, 103호 (회기동, 회기힐스테이트상가동)",02460,03,폐업,,,,
씨유 이문대림점,2014-05-14,205778.846646982,455655.36029045,2026-04-26 22:00:55,I,03,폐업,2014-05-16 14:53:53,,2012-11-15,130-828,서울특별시 동대문구 이문동 220번지 112호,PHMH320123050034087500080,3050000,"서울특별시 동대문구 신이문로 37, 1층 (이문동)",,03,폐업,,,,
세븐일레븐 경희대기숙사점,2014-06-23,204923.28108581,454661.990423937,2026-04-26 22:00:55,I,03,폐업,2014-06-24 15:29:24,,2012-11-15,130-831,서울특별시 동대문구 이문동 346번지 5호,PHMH320123050034087500081,3050000,"서울특별시 동대문구 이문로9길 46, 1층 (이문동)",,03,폐업,,,,
씨유 용두으뜸점,2014-02-27,202387.110760391,453216.41300819,2026-04-26 22:00:55,I,03,폐업,2014-03-03 13:14:57,,2012-11-15,130-824,서울특별시 동대문구 용두동 730번지 1호,PHMH320123050034087500082,3050000,서울특별시 동대문구 안암로 52 (용두동),,03,폐업,,,,
씨유 회기창덕안점,2013-10-01,204982.647969049,454149.775223977,2026-04-26 22:00:55,I,03,폐업,2013-12-16 16:45:50,,2012-11-15,130-876,서울특별시 동대문구 휘경동 319번지 39호,PHMH320123050034087500084,3050000,"서울특별시 동대문구 회기로 194-14, 1층 102호 (휘경동, 오피스텔창덕안)",,03,폐업,,,,
세븐일레븐 이문중앙점,2016-06-24,205463.353537008,455648.037369427,2026-04-26 22:00:55,I,03,폐업,2016-06-24 17:14:35,,2012-11-15,130-827,서울특별시 동대문구 이문동 256번지 361호,PHMH320123050034087500085,3050000,"서울특별시 동대문구 신이문로 5, 1층 (이문동)",02406,03,폐업,,,,
씨유 신이문역점,2024-11-07,205893.218257437,455152.738736489,2026-04-26 22:00:55,I,03,폐업,2024-11-07 16:26:03,,2012-11-15,130-825,서울특별시 동대문구 이문동 108번지 45호,PHMH320123050034087500086,3050000,"서울특별시 동대문구 한천로 427, 1층 (이문동)",02425,03,폐업,,,,
GS25 외대경희점,2018-12-31,204946.439955091,455109.282861992,2026-04-26 22:00:55,I,03,폐업,2018-12-31 16:53:42,,2012-12-28,130-829,서울특별시 동대문구 이문동 264번지 293호 1층,PHMH320123050034087500089,3050000,"서울특별시 동대문구 천장산로7길 19, 1층 (이문동)",02449,03,폐업,,,,
씨유 장안1동점,2013-12-06,205997.951183689,451418.665066165,2026-04-26 22:00:59,I,03,폐업,2013-12-06 14:05:53,,2012-11-26,130-845,서울특별시 동대문구 장안동 437번지 7통,PHMH320123050034087500091,3050000,"서울특별시 동대문구 장한로10길 23, 1층 (장안동)",,03,폐업,,,,
지에스25 이문센터점,2016-10-19,205737.461665158,454805.720804232,2026-04-26 22:00:55,I,03,폐업,2016-10-19 13:44:28,,2012-12-20,,서울특별시 동대문구 이문동 86번지 25호 1층,PHMH320123050034087500095,3050000,"서울특별시 동대문구 외대역동로14길 10, 1층 (이문동)",02428,03,폐업,,,,
(주)코리아세븐 청량리점,2017-02-02,,,2026-04-26 22:00:59,I,03,폐업,2017-02-02 18:07:38,,2012-11-16,130-869,서울특별시 동대문구 청량리동 620번지 69호,PHMH320123050034087500096,3050000,"서울특별시 동대문구 왕산로 200 (청량리동, 롯데백화점)",,03,폐업,,,,37071201
GS25 제기롯데점,2015-01-02,203085.866786086,452766.014195644,2026-04-26 22:00:55,I,03,폐업,2015-01-02 11:05:52,,2012-12-20,130-745,서울특별시 동대문구 용두동 790번지 롯데캐슬피렌체 1층 135호,PHMH320123050034087500097,3050000,"서울특별시 동대문구 정릉천동로 58, 1층 135호 (용두동, 롯데캐슬피렌체)",,03,폐업,,,,
(주)코리아세븐 전농스토리점,2016-10-19,205102.874915953,452765.708982856,2026-04-26 22:00:59,I,03,폐업,2016-10-19 18:07:50,,2012-11-16,130-849,서울특별시 동대문구 전농동 32번지 4호,PHMH320123050034087500098,3050000,"서울특별시 동대문구 사가정로 122, 103호 (전농동)",02531,03,폐업,,,,22436725
GS25 장안주공점,2017-02-21,206190.228695097,453109.711081815,2026-04-26 22:00:55,I,03,폐업,2017-02-21 16:46:18,,2012-12-20,130-835,서울특별시 동대문구 장안동 93번지 43호 1층 101호,PHMH320123050034087500101,3050000,"서울특별시 동대문구 사가정로25길 34, 1층 101호 (장안동)",02515,03,폐업,,,,22483721
씨유 용두동아점,2016-11-30,202665.983967973,452376.873290658,2026-04-26 22:00:55,I,03,폐업,2016-11-30 17:04:44,,2012-12-20,130-821,서울특별시 동대문구 용두동 127번지 17호,PHMH320123050034087500102,3050000,서울특별시 동대문구 천호대로 68 (용두동),02588,03,폐업,,,,
위드미 서호점,2016-07-26,206301.233942422,451361.736331904,2026-04-26 22:00:55,I,03,폐업,2016-07-26 15:38:45,,2012-12-11,130-841,서울특별시 동대문구 장안동 358번지 27호 1층,PHMH320123050034087500103,3050000,"서울특별시 동대문구 장한로12길 81, 1층 (장안동)",02642,03,폐업,,,,22490125
토마토 경희대점,2016-07-20,204741.362614592,455106.352468219,2026-04-26 22:00:55,I,03,폐업,2016-07-20 14:33:14,,2012-12-11,130-829,서울특별시 동대문구 이문동 264번지 363호 1층,PHMH320123050034087500104,3050000,"서울특별시 동대문구 천장산로7길 62, 1층 (이문동)",02449,03,폐업,,,,070-8878-5576
씨유 장안행복점,2015-02-25,205663.082536177,451816.269666848,2026-04-26 22:00:55,I,03,폐업,2015-03-20 15:32:49,,2012-12-11,130-837,서울특별시 동대문구 장안동 189번지 1호 1층,PHMH320123050034087500105,3050000,"서울특별시 동대문구 답십리로64길 104, 1층 (장안동)",,03,폐업,,,,33946131
팝스토어 전농SK점,2016-04-28,205337.535984705,452870.483361725,2026-04-26 22:00:55,I,03,폐업,2016-04-28 17:29:27,,2012-12-03,130-850,서울특별시 동대문구 전농동 38번지 4호,PHMH320123050034087500106,3050000,서울특별시 동대문구 사가정로 147 (전농동),02508,03,폐업,,,,070-7121-2723
GS25 이문햇살점,2014-01-20,205026.426736771,454622.777261889,2026-04-26 22:00:56,I,03,폐업,2014-01-20 17:39:39,,2012-11-29,130-831,서울특별시 동대문구 이문동 335번지 11호,PHMH320123050034087500107,3050000,서울특별시 동대문구 이문로13길 12 (이문동),,03,폐업,,,,
(주)코리아세븐 경희대2호점,2021-12-10,204601.203817488,454368.949989879,2026-04-26 22:00:59,I,03,폐업,2021-12-10 10:31:30,,2012-11-16,130-872,서울특별시 동대문구 회기동 16번지 92호,PHMH320123050034087500108,3050000,서울특별시 동대문구 회기로 147 (회기동),02453,03,폐업,,,,
GS25 청량리햇살점,2014-08-11,204263.388325214,453546.952345214,2026-04-26 22:00:56,I,03,폐업,2014-08-11 10:53:21,,2012-11-29,130-867,서울특별시 동대문구 청량리동 51번지 2호 1층,PHMH320123050034087500109,3050000,"서울특별시 동대문구 제기로38길 50, 1층 (청량리동)",,03,폐업,,,,
GS25 경희사랑점,2014-12-16,204513.253588863,454385.047698546,2026-04-26 22:00:56,I,03,폐업,2014-12-24 15:04:27,,2012-11-29,130-872,서울특별시 동대문구 회기동 42번지 40호 1층,PHMH320123050034087500111,3050000,"서울특별시 동대문구 경희대로1길 6, 1층 (회기동)",,03,폐업,,,,
GS25 장한평역점,2016-03-23,205717.469811592,451120.5353714,2026-04-26 22:00:56,I,03,폐업,2016-03-23 17:36:34,,2012-11-29,130-845,서울특별시 동대문구 장안동 433번지 7호 조광빌딩 102호,PHMH320123050034087500112,3050000,"서울특별시 동대문구 장한로 10, 102호 (장안동, 조광빌딩)",02644,03,폐업,,,,22448319
(주)코리아세븐 회기역사거리점,2015-11-20,204820.66452932,454201.321340394,2026-04-26 22:00:59,I,03,폐업,2015-11-23 10:53:43,,2012-11-16,130-872,서울특별시 동대문구 회기동 81번지,PHMH320123050034087500114,3050000,서울특별시 동대문구 회기로 176 (회기동),02460,03,폐업,,,,
(주)코리아세븐 휘경점,2014-04-30,205314.479215834,454133.191843723,2026-04-26 22:00:59,I,03,폐업,2014-05-01 16:00:43,,2012-11-16,130-876,서울특별시 동대문구 휘경동 267번지 84호,PHMH320123050034087500115,3050000,서울특별시 동대문구 망우로 66 (휘경동),,03,폐업,,,,22464653
(주)코리아세븐 신설3호점,2020-02-18,202090.987353843,452678.651090417,2026-04-26 22:00:59,I,03,폐업,2020-02-18 09:48:58,,2012-11-16,130-810,서울특별시 동대문구 신설동 76번지 25호,PHMH320123050034087500117,3050000,서울특별시 동대문구 한빛로 6 (신설동),02580,03,폐업,,,,
세븐일레븐 제기미주점,2014-11-14,203074.541624617,452987.419353027,2026-04-26 22:00:56,I,03,폐업,2014-11-14 10:30:14,,2012-11-27,130-774,서울특별시 동대문구 제기동 892번지 68호,PHMH320123050034087500118,3050000,서울특별시 동대문구 정릉천동로 80 (제기동),,03,폐업,,,,
씨유 전농SK점,2017-11-29,205271.704936121,452706.897879436,2026-04-26 22:00:56,I,03,폐업,2017-11-29 15:51:46,,2012-11-26,130-769,"서울특별시 동대문구 전농동 10번지 전농SK아파트상가1동 106, 107호",PHMH320123050034087500119,3050000,"서울특별시 동대문구 사가정로 148, 106, 107호 (전농동, 전농SK아파트상가1동)",02532,03,폐업,,,,22437147
GS25 이문중앙점,2016-04-18,205016.485600119,454507.411827633,2026-04-26 22:00:56,I,03,폐업,2016-04-18 17:27:02,,2012-11-16,130-831,서울특별시 동대문구 이문동 345번지 8호,PHMH320123050034087500120,3050000,서울특별시 동대문구 이문로 61 (이문동),02451,03,폐업,,,,
씨유 배봉사거리점,2017-03-10,205997.769205614,452951.127408426,2026-04-26 22:00:56,I,03,폐업,2017-03-10 12:26:31,,2012-11-20,130-836,서울특별시 동대문구 장안동 108번지 3호,PHMH320123050034087500121,3050000,"서울특별시 동대문구 한천로 202, 1층 (장안동)",02518,03,폐업,,,,
세븐일레븐 이문경희점,2025-07-21,205035.337540445,454454.086712019,2026-04-26 22:00:56,I,03,폐업,2025-07-21 14:16:57,,2012-11-20,130-876,서울특별시 동대문구 휘경동 187번지 20호,PHMH320123050034087500122,3050000,"서울특별시 동대문구 이문로 58, 1층 (휘경동)",02443,03,폐업,,,,
GS25 제기정화점,2019-01-21,203594.014119825,453654.260902398,2026-04-26 22:00:56,I,03,폐업,2019-01-21 16:41:37,,2012-11-21,130-862,서울특별시 동대문구 제기동 314번지,PHMH320123050034087500123,3050000,"서울특별시 동대문구 제기로20길 32, 1층 (제기동)",02480,03,폐업,,,,
씨유 답십리수재점,2015-09-01,,,2026-04-26 22:00:56,I,03,폐업,2015-10-01 14:38:32,,2012-11-21,130-802,서울특별시 동대문구 답십리동 232번지 4호,PHMH320123050034087500124,3050000,서울특별시 동대문구 답십리로 135-1 (답십리동),02541,03,폐업,,,,22423338
씨유 장안스타점,2020-09-25,206136.412125372,451780.560754931,2026-04-26 22:00:59,I,03,폐업,2020-09-25 10:34:32,,2012-11-26,130-840,서울특별시 동대문구 장안동 347번지 1호 1층,PHMH320123050034087500125,3050000,"서울특별시 동대문구 장한로26가길 81, 1층 (장안동)",02639,03,폐업,,,,33946280
세븐일레븐 경희대제일점,2016-07-01,204475.016029101,454393.088931591,2026-04-26 22:00:56,I,03,폐업,2016-07-01 14:04:42,,2012-11-21,130-873,서울특별시 동대문구 회기동 107번지 7호,PHMH320123050034087500126,3050000,"서울특별시 동대문구 경희대로1길 12, 1층 (회기동)",02454,03,폐업,,,,
씨유 답십리점,2016-03-21,204254.260169616,452250.533691528,2026-04-26 22:00:56,I,03,폐업,2016-03-21 11:27:19,,2012-11-21,130-804,서울특별시 동대문구 답십리동 469번지 1호,PHMH320123050034087500127,3050000,서울특별시 동대문구 서울시립대로2길 60 (답십리동),02595,03,폐업,,,,070-8846-8772
GS25 제기안암점,2017-11-23,202612.18538625,453233.722487861,2026-04-26 22:00:56,I,03,폐업,2017-11-23 17:03:38,,2012-11-26,130-864,서울특별시 동대문구 제기동 1157번지 3호 1층,PHMH320123050034087500128,3050000,"서울특별시 동대문구 무학로44길 9, 1층 (제기동)",02574,03,폐업,,,,
세븐일레븐 장안위더스점,2014-07-24,205456.377749262,451632.96031987,2026-04-26 22:00:56,I,03,폐업,2014-08-04 14:49:35,,2012-11-23,130-837,서울특별시 동대문구 장안동 192번지 75호,PHMH320123050034087500129,3050000,"서울특별시 동대문구 한천로 60, 1층 (장안동)",,03,폐업,,,,22475533
세븐일레븐 고대원룸점,2014-09-22,202923.902282945,453714.203193942,2026-04-26 22:00:56,I,03,폐업,2014-09-24 13:23:08,,2012-11-23,130-860,서울특별시 동대문구 제기동 67번지 382호,PHMH320123050034087500130,3050000,"서울특별시 동대문구 제기로2길 23, 101호, 102호 (제기동)",,03,폐업,,,,
(주)바이더웨이 안암로타리점,2017-03-10,202578.94810326,453326.622895604,2026-04-26 22:00:59,I,03,폐업,2017-03-10 11:07:18,,2012-11-23,130-864,서울특별시 동대문구 제기동 1153번지 10호,PHMH320123050034087500131,3050000,"서울특별시 동대문구 무학로 202, 1층 (제기동)",02574,03,폐업,,,,
(주)바이더웨이 외대점,2022-11-02,205279.448598531,454913.94992341,2026-04-26 22:00:59,I,03,폐업,2022-11-02 13:52:53,,2012-11-23,130-830,서울특별시 동대문구 이문동 288번지 12호,PHMH320123050034087500132,3050000,서울특별시 동대문구 이문로 112 (이문동),02419,03,폐업,,,,
(주)코리아세븐 이문통일점,2022-09-30,205168.470915668,454684.271383055,2026-04-26 22:00:59,I,03,폐업,2022-09-30 14:03:19,,2012-11-23,130-831,서울특별시 동대문구 이문동 325번지 20호 민족통일대통령리빙텔 101호,PHMH320123050034087500135,3050000,"서울특별시 동대문구 이문로 86, 101호 (이문동, 민족통일대통령리빙텔)",02440,03,폐업,,,,
(주)코리아세븐 경희대3호점,2016-06-02,204848.839483909,455095.901200763,2026-04-26 22:00:59,I,03,폐업,2016-06-02 16:06:04,,2012-11-23,130-829,서울특별시 동대문구 이문동 264번지 326호,PHMH320123050034087500137,3050000,서울특별시 동대문구 천장산로7길 39 (이문동),02449,03,폐업,,,,
GS25 장안이편한점,2019-06-19,206118.787237035,451227.503125905,2026-04-26 22:00:56,I,03,폐업,2019-06-20 11:44:06,,2013-07-03,,서울특별시 동대문구 장안동 443번지 13호,PHMH320133050034087500001,3050000,서울특별시 동대문구 천호대로93길 41 (장안동),02642,03,폐업,50,,,
(주)비지에프리테일 제기한신점,2013-10-18,203500.584388659,454244.748303247,2026-04-26 22:00:59,I,03,폐업,2013-10-29 15:55:13,,2013-08-26,130-863,서울특별시 동대문구 제기동 122번지 139호,PHMH320133050034087500002,3050000,서울특별시 동대문구 고산자로54길 91 (제기동),,03,폐업,,,,
세븐일레븐 휘경현대점,2013-11-13,206018.302891596,453338.665923588,2026-04-26 22:00:56,I,03,폐업,2013-11-13 14:12:08,,2013-11-13,130-874,서울특별시 동대문구 휘경동 49번지 302호,PHMH320133050034087500003,3050000,서울특별시 동대문구 한천로46가길 1 (휘경동),,03,폐업,,,,22171900
위드미 장안가희점,2013-11-13,206068.486890586,452110.845280497,2026-04-26 22:00:56,I,03,폐업,2013-11-13 14:12:17,,2013-11-13,130-842,서울특별시 동대문구 장안동 384번지 6호,PHMH320133050034087500004,3050000,서울특별시 동대문구 장한로23길 21 (장안동),,03,폐업,,,,070-7136-0072
씨유 경희스타점,2016-12-22,204404.670153093,454526.811831844,2026-04-26 22:00:56,I,03,폐업,2016-12-22 15:35:49,,2013-11-25,130-872,서울특별시 동대문구 회기동 42번지 141호,PHMH320133050034087500005,3050000,서울특별시 동대문구 경희대로3길 38 (회기동),02454,03,폐업,,,,
GS25 답십리한신점,2019-02-25,205478.615377857,451960.247928086,2026-04-26 22:00:56,I,03,폐업,2019-02-25 16:14:58,,2013-10-17,130-800,서울특별시 동대문구 답십리동 4번지 73호,PHMH320133050034087500007,3050000,서울특별시 동대문구 한천로17길 23 (답십리동),02611,03,폐업,,,,22158715
GS25 답십리사랑점,2018-12-31,204935.414573786,452306.207417436,2026-04-26 22:00:56,I,03,폐업,2018-12-31 15:53:03,,2013-10-17,130-802,서울특별시 동대문구 답십리동 241번지 6호,PHMH320133050034087500008,3050000,서울특별시 동대문구 답십리로 149 (답십리동),02540,03,폐업,,,,22488715
아이지에이,2018-01-24,202034.733564967,452664.087470145,2026-04-26 22:00:56,I,03,폐업,2018-01-24 16:26:49,,2013-10-01,130-810,서울특별시 동대문구 신설동 84번지 4호 대학빌딩 1층,PHMH320133050034087500009,3050000,"서울특별시 동대문구 한빛로 1, 1층 (신설동, 대학빌딩)",02581,03,폐업,,,,070-4300-6453
씨유 용두허브리츠점,2023-04-14,203164.661789051,452691.906487388,2026-04-26 22:00:56,I,03,폐업,2023-04-14 16:06:14,,2013-09-27,130-070,서울특별시 동대문구 용두동 792번지 3호 래미안허브리츠 상가동 101호,PHMH320133050034087500010,3050000,"서울특별시 동대문구 왕산로26길 35, 101호 (용두동, 래미안허브리츠 상가동)",02567,03,폐업,,,,
홈플러스365 경희대점,2015-12-07,204431.885850638,454495.666459252,2026-04-26 22:00:59,I,03,폐업,2015-12-07 16:17:54,,2013-09-24,130-872,서울특별시 동대문구 회기동 42번지 80호,PHMH320133050034087500011,3050000,서울특별시 동대문구 경희대로3길 27 (회기동),02454,03,폐업,,,,
(주)비지에프리테일 휘경센터점,2014-04-29,,,2026-04-26 22:00:59,I,03,폐업,2014-04-29 17:56:28,,2013-09-23,130-875,서울특별시 동대문구 휘경동 138번지 32호 가동,PHMH320133050034087500012,3050000,"서울특별시 동대문구 외대역동로 46 (휘경동, 가동)",,03,폐업,,,,
세븐일레븐 장안혜원점,2018-04-05,205895.508179295,451330.98996236,2026-04-26 22:00:56,I,03,폐업,2018-04-05 14:48:28,,2013-09-03,130-845,서울특별시 동대문구 장안동 447번지 7호,PHMH320133050034087500013,3050000,서울특별시 동대문구 천호대로85길 56 (장안동),02643,03,폐업,,,,22499949
씨유 장안래미안점,2015-08-07,206590.046202018,452410.619464697,2026-04-26 22:00:56,I,03,폐업,2015-08-07 11:05:30,,2013-08-29,130-839,서울특별시 동대문구 장안동 329번지 3호 래미안장안아파트 분산상가동 1동 101호,PHMH320133050034087500014,3050000,"서울특별시 동대문구 장안벚꽃로 167, 1동 101호 (장안동, 래미안장안2차아파트 분산상가동)",02524,03,폐업,,,,070-4105-0259
GS25 외대역점,2017-05-30,205461.730131743,454997.649831059,2026-04-26 22:00:56,I,03,폐업,2017-05-30 15:31:01,,2013-08-16,130-826,서울특별시 동대문구 이문동 292번지 128호,PHMH320133050034087500016,3050000,서울특별시 동대문구 휘경로3길 37 (이문동),02419,03,폐업,,,,
GS25 장안러브점,2022-09-02,206255.432260406,452017.992149394,2026-04-26 22:00:56,I,03,폐업,2022-09-02 16:21:19,,2013-08-07,130-840,서울특별시 동대문구 장안동 345번지 1호,PHMH320133050034087500017,3050000,서울특별시 동대문구 장한로26가길 25 (장안동),02639,03,폐업,,,,22121547
씨유 장안플러스점,2016-02-01,205838.423040069,451456.484066966,2026-04-26 22:00:56,I,03,폐업,2016-02-01 17:34:44,,2013-07-29,130-844,서울특별시 동대문구 장안동 430번지 2호,PHMH320133050034087500018,3050000,서울특별시 동대문구 장한로 47 (장안동),02629,03,폐업,,,,33947596
씨유 청량리경찰서점,2015-02-04,203900.727367772,453480.356785847,2026-04-26 22:00:56,I,03,폐업,2015-02-05 11:39:49,,2013-07-29,130-867,서울특별시 동대문구 청량리동 224번지 2호,PHMH320133050034087500019,3050000,서울특별시 동대문구 약령시로21길 5 (청량리동),,03,폐업,,,,
씨유 홍릉점,2015-03-31,203568.823203797,453841.341960808,2026-04-26 22:00:56,I,03,폐업,2015-03-31 17:35:16,,2013-07-29,130-869,서울특별시 동대문구 청량리동 520번지 55호,PHMH320133050034087500020,3050000,서울특별시 동대문구 제기로 73 (청량리동),,03,폐업,,,,
세븐일레븐 회기역사거리점,2016-04-19,204820.66452932,454201.321340394,2026-04-26 22:00:56,I,03,폐업,2016-04-19 15:21:51,,2013-07-26,130-872,서울특별시 동대문구 회기동 81번지,PHMH320133050034087500021,3050000,서울특별시 동대문구 회기로 176 (회기동),02460,03,폐업,,,,
위드미 장안으뜸점,2014-05-15,206170.308088921,451470.889060822,2026-04-26 22:00:56,I,03,폐업,2014-05-16 14:53:29,,2013-07-19,130-841,서울특별시 동대문구 장안동 359번지 16호,PHMH320133050034087500022,3050000,서울특별시 동대문구 천호대로91길 89 (장안동),,03,폐업,,,,22436738
씨유 외대역점,2014-11-17,205715.91845482,454843.067732548,2026-04-26 22:00:56,I,03,폐업,2014-11-17 19:27:48,,2013-07-17,130-825,서울특별시 동대문구 이문동 86번지 46호,PHMH320133050034087500023,3050000,서울특별시 동대문구 외대역동로 88 (이문동),,03,폐업,,,,60103663
위드미 장안현대점,2016-08-12,206419.497908653,451998.324215634,2026-04-26 22:00:56,I,03,폐업,2016-08-12 11:02:00,,2013-07-08,130-840,서울특별시 동대문구 장안동 337번지 7호,PHMH320133050034087500024,3050000,서울특별시 동대문구 답십리로72길 46 (장안동),02637,03,폐업,,,,22492814
GS25 휘경시립점,2014-05-15,205243.737434464,453856.172583423,2026-04-26 22:00:56,I,03,폐업,2014-05-16 14:53:41,,2013-06-27,130-878,서울특별시 동대문구 휘경동 293번지 96호,PHMH320133050034087500025,3050000,서울특별시 동대문구 망우로18가길 76 (휘경동),,03,폐업,,,,
로그인 장안태양점,2016-07-29,205583.710645907,451666.824423532,2026-04-26 22:00:56,I,03,폐업,2016-07-29 15:45:35,,2013-06-27,130-837,서울특별시 동대문구 장안동 191번지 8호,PHMH320133050034087500026,3050000,서울특별시 동대문구 한천로14길 21 (장안동),02627,03,폐업,,,,22140560
위드미 장안샛별점,2014-05-14,205938.598457754,451701.66800195,2026-04-26 22:00:56,I,03,폐업,2014-05-14 17:15:48,,2013-06-26,130-842,서울특별시 동대문구 장안동 375번지 8호,PHMH320133050034087500027,3050000,서울특별시 동대문구 장한로17길 9 (장안동),,03,폐업,,,,22465640
위드미 장안홈타운점,2018-04-16,206453.980260918,451744.383087562,2026-04-26 22:00:56,I,03,폐업,2018-04-16 15:24:00,,2013-06-26,130-841,서울특별시 동대문구 장안동 355번지 1호,PHMH320133050034087500028,3050000,서울특별시 동대문구 장한로18길 88 (장안동),02641,03,폐업,,,,22443661
씨유 답십리대림점,2015-05-29,205661.548238672,452069.966457997,2026-04-26 22:00:56,I,03,폐업,2015-05-29 15:10:56,,2013-06-24,130-808,서울특별시 동대문구 답십리동 765번지,PHMH320133050034087500029,3050000,서울특별시 동대문구 한천로 107-3 (답십리동),,03,폐업,,,,22447232
홈플러스365편의점 전농타운점,2019-04-05,204758.60629182,453849.027649264,2026-04-26 22:00:56,I,03,폐업,2019-04-05 11:15:03,,2013-05-31,130-851,서울특별시 동대문구 전농동 113번지 38호,PHMH320133050034087500030,3050000,서울특별시 동대문구 서울시립대로29길 78 (전농동),02492,03,폐업,,,,
GS25 장안센타점,2015-07-10,205893.568425533,451440.0165229,2026-04-26 22:00:56,I,03,폐업,2015-07-13 12:56:08,,2013-02-14,130-845,서울특별시 동대문구 장안동 435번지 1호,PHMH320133050034087500031,3050000,서울특별시 동대문구 장한로 48 (장안동),,03,폐업,,,,22471245
세븐일레븐 고대로데오점,2018-04-05,203066.840316252,453984.15548288,2026-04-26 22:00:59,I,03,폐업,2018-04-09 16:56:15,,2013-04-23,130-860,서울특별시 동대문구 제기동 137번지 37호,PHMH320133050034087500032,3050000,서울특별시 동대문구 제기로5길 42 (제기동),02473,03,폐업,,,,
씨유 경희원룸점,2016-02-24,204560.64077174,454289.27672457,2026-04-26 22:00:56,I,03,폐업,2016-02-24 11:18:19,,2013-04-23,130-873,서울특별시 동대문구 회기동 103번지 18호,PHMH320133050034087500033,3050000,서울특별시 동대문구 회기로18길 12 (회기동),02460,03,폐업,,,,
GS25 동대문신설점,2018-11-01,202198.768730712,452807.164057657,2026-04-26 22:00:56,I,03,폐업,2018-11-01 13:51:34,,2013-04-16,130-810,서울특별시 동대문구  25번지 31호 1층 에이호,PHMH320133050034087500034,3050000,"서울특별시 동대문구 한빛로 24, 1층 에이호 (신설동)",02580,03,폐업,,,,
홈플러스365 장안타운점,2017-05-23,205622.090598056,451881.436166828,2026-04-26 22:00:56,I,03,폐업,2017-05-23 10:47:31,,2013-04-11,130-837,서울특별시 동대문구 장안동 186번지 38호 1층,PHMH320133050034087500035,3050000,"서울특별시 동대문구 한천로20길 8-12, 1층 (장안동)",02626,03,폐업,,,,
씨유 장안뉴시티점,2014-12-01,206109.658525853,451980.135831605,2026-04-26 22:00:55,I,03,폐업,2014-12-12 10:57:57,,2012-11-12,130-842,서울특별시 동대문구 장안동 372번지 5호 장안뉴씨티,PHMH320123050034087500001,3050000,"서울특별시 동대문구 장한로 105 (장안동, 장안뉴씨티)",,03,폐업,,,,
씨유 용두대박점,2016-12-14,202797.691719267,452606.944241557,2026-04-26 22:00:55,I,03,폐업,2016-12-14 15:14:44,,2012-11-12,130-820,서울특별시 동대문구 용두동 102번지 117호,PHMH320123050034087500003,3050000,"서울특별시 동대문구 천호대로17길 38, 1층 (용두동)",02585,03,폐업,,,,
GS25 답십리우성점,2013-09-30,205208.167449959,452466.868525878,2026-04-26 22:00:55,I,03,폐업,2013-09-30 14:23:43,,2012-11-12,130-756,서울특별시 동대문구 답십리동 80번지,PHMH320123050034087500004,3050000,"서울특별시 동대문구 전농로10길 20 (답십리동, 청솔2차우성아파트상가동 102호, 101호)",,03,폐업,,,,
씨유 제기역점,2013-10-31,202823.862895668,452830.969596842,2026-04-26 22:00:59,I,03,폐업,2013-11-01 16:15:51,,2012-11-14,130-820,서울특별시 동대문구 용두동 104번지 7호,PHMH320123050034087500005,3050000,서울특별시 동대문구 왕산로 86 (용두동),,03,폐업,,,,
GS25 신이문역점,2017-10-18,205763.168122199,455404.647692172,2026-04-26 22:00:55,I,03,폐업,2017-10-18 15:46:05,,2012-11-12,130-827,서울특별시 동대문구 이문동 170번지 43호,PHMH320123050034087500006,3050000,서울특별시 동대문구 이문로42길 69 (이문동),02410,03,폐업,,,,
세븐일레븐 장안중앙점,2015-09-02,205982.759360923,451734.237203662,2026-04-26 22:00:55,I,03,폐업,2015-09-07 13:04:26,,2012-11-12,130-842,서울특별시 동대문구 장안동 374번지 3호 가나빌딩 1층,PHMH320123050034087500007,3050000,"서울특별시 동대문구 장한로 77, 1층 (장안동, 가나빌딩)",02625,03,폐업,,,,22120370
씨유 이문1호점,2025-08-22,204997.899203454,455149.120631737,2026-04-26 22:00:55,I,03,폐업,2025-08-22 15:39:31,,2012-11-12,130-829,서울특별시 동대문구 이문동 264번지 211호,PHMH320123050034087500008,3050000,서울특별시 동대문구 천장산로7길 8 (이문동),02449,03,폐업,,,,
세븐일레븐 전농가로수점,2017-02-10,204341.248955816,452933.20325837,2026-04-26 22:00:55,I,03,폐업,2017-02-10 10:29:13,,2012-11-12,130-858,서울특별시 동대문구 전농동 567번지 8호 1층,PHMH320123050034087500009,3050000,"서울특별시 동대문구 서울시립대로 88-1, 1층 (전농동)",02551,03,폐업,,,,33944868
세븐일레븐 장안바우점,2019-02-26,206279.689993328,452172.453180244,2026-04-26 22:00:55,I,03,폐업,2019-02-26 13:15:53,,2012-11-12,130-840,서울특별시 동대문구 장안동 368번지 4호 장안빌딩 107호,PHMH320123050034087500010,3050000,서울특별시 동대문구 장한로 130 (장안동),02637,03,폐업,,,,22497422
씨유 전농배봉로점,2023-10-13,204500.423042609,453173.084973306,2026-04-26 22:00:55,I,03,폐업,2023-10-13 17:01:58,,2012-11-12,130-858,서울특별시 동대문구 전농동 582번지 3호 1층,PHMH320123050034087500012,3050000,"서울특별시 동대문구 서울시립대로 118, 1층 (전농동)",02550,03,폐업,,,,22488993
GS25 장안장미점,2015-06-09,206067.434918233,452221.095517991,2026-04-26 22:00:55,I,03,폐업,2015-06-12 15:33:40,,2012-11-12,130-842,서울특별시 동대문구 장안동 387번지 4호 성신빌딩 1층,PHMH320123050034087500013,3050000,"서울특별시 동대문구 답십리로 264, 1층 (장안동, 성신빌딩)",,03,폐업,,,,22128095
씨유 청량리점,2017-07-21,203928.535980051,453025.699641601,2026-04-26 22:00:55,I,03,폐업,2017-07-21 11:09:24,,2012-11-12,130-851,서울특별시 동대문구 전농동 620번지 30호,PHMH320123050034087500014,3050000,서울특별시 동대문구 왕산로40길 14 (전농동),02559,03,폐업,,,,
GS25 외대2점,2018-01-26,205320.214817086,454846.720574944,2026-04-26 22:00:55,I,03,폐업,2018-01-26 14:56:30,,2012-11-12,130-830,서울특별시 동대문구 이문동 288번지 39호,PHMH320123050034087500015,3050000,서울특별시 동대문구 휘경로 10 (이문동),02440,03,폐업,,,,
미니스톱 경희대정문점,2014-04-24,204566.02382864,454579.089443918,2026-04-26 22:00:55,I,03,폐업,2014-04-24 14:54:51,,2012-11-12,130-872,서울특별시 동대문구 회기동 39번지 4호 1층,PHMH320123050034087500016,3050000,"서울특별시 동대문구 경희대로 21, 1층 (회기동)",,03,폐업,,,,
GS25 휘경사랑점,2015-11-13,205996.909518819,453361.806084615,2026-04-26 22:00:55,I,03,폐업,2015-11-13 11:12:21,,2012-11-12,130-848,서울특별시 동대문구 전농동 1번지 205호 107호,PHMH320123050034087500017,3050000,"서울특별시 동대문구 한천로 242, 107호 (전농동)",02512,03,폐업,,,,
GS25 휘경소망점,2017-06-29,205648.572060691,454535.855657064,2026-04-26 22:00:55,I,03,폐업,2017-06-29 15:00:07,,2012-11-12,130-875,서울특별시 동대문구 휘경동 100번지 18호,PHMH320123050034087500018,3050000,서울특별시 동대문구 외대역동로 53-1 (휘경동),02432,03,폐업,,,,
세븐일레븐 외대대로점,2023-10-20,205354.541190365,455089.926173852,2026-04-26 22:00:55,I,03,폐업,2023-10-20 17:31:11,,2012-11-12,130-826,서울특별시 동대문구 이문동 292번지 32호 1층,PHMH320123050034087500020,3050000,"서울특별시 동대문구 이문로 130, 1층 (이문동)",02418,03,폐업,,,,
GS25 청량대일점,2014-09-11,203743.598607972,452993.535471829,2026-04-26 22:00:55,I,03,폐업,2014-09-11 11:07:34,,2012-11-12,130-851,서울특별시 동대문구 전농동 620번지 70호,PHMH320123050034087500021,3050000,서울특별시 동대문구 왕산로 178 (전농동),,03,폐업,,,,32952524
세븐일레븐 동대문구청점,2014-04-11,203420.331453427,452548.863036263,2026-04-26 22:00:55,I,03,폐업,2014-05-20 16:20:02,,2012-11-12,130-817,서울특별시 동대문구 용두동 39번지 951호,PHMH320123050034087500022,3050000,서울특별시 동대문구 고산자로28길 21 (용두동),,03,폐업,,,,
씨유 경동시장점,2014-08-18,203358.086492638,452851.179190165,2026-04-26 22:00:55,I,03,폐업,2014-08-18 14:33:02,,2012-11-12,130-817,서울특별시 동대문구 용두동 24번지 1호,PHMH320123050034087500023,3050000,서울특별시 동대문구 왕산로 138-1 (용두동),,03,폐업,,,,
씨유 신설교보점,2013-11-29,202128.460068469,452620.434867797,2026-04-26 22:00:55,I,03,폐업,2013-11-29 15:05:07,,2012-11-15,130-811,서울특별시 동대문구 신설동 98번지 32호,PHMH320123050034087500029,3050000,"서울특별시 동대문구 왕산로 10, 1층 (신설동, 교보재단빌딩)",,03,폐업,,,,
GS25 용두사거리점,2014-05-20,202493.364002564,452741.78356378,2026-04-26 22:00:55,I,03,폐업,2014-05-21 13:38:02,,2012-11-12,130-823,서울특별시 동대문구 용두동 236번지 4호 대우아이빌 101동 101호,PHMH320123050034087500032,3050000,"서울특별시 동대문구 왕산로 52, 101동 101호 (용두동, 대우아이빌)",,03,폐업,,,,
세븐일레븐 외대경희점,2019-11-26,204927.820491602,455106.435322732,2026-04-26 22:00:55,I,03,폐업,2019-11-26 09:46:43,,2012-11-12,130-829,서울특별시 동대문구 이문동 264번지 302호 102호,PHMH320123050034087500034,3050000,"서울특별시 동대문구 이문로9나길 6-14, 102호 (이문동)",02449,03,폐업,,,,
GS25 용두사랑점,2022-12-23,202791.904444499,452735.253279225,2026-04-26 22:00:55,I,03,폐업,2022-12-23 17:17:54,,2012-11-12,130-820,서울특별시 동대문구 용두동 105번지 19호 1층,PHMH320123050034087500035,3050000,"서울특별시 동대문구 천호대로17길 64, 1층 (용두동)",02585,03,폐업,,,,
세븐일레븐 청계스카이렉스점,2015-03-23,202042.817335648,452190.100421552,2026-04-26 22:00:59,I,03,폐업,2015-03-30 10:30:18,,2012-11-12,130-813,서울특별시 동대문구 신설동 109번지 13호,PHMH320123050034087500036,3050000,"서울특별시 동대문구 청계천로 417, 1101-2호 (신설동, 청계천대성스카이렉스)",,03,폐업,,,,22373200
GS25 장안사랑점,2020-09-17,206118.35425561,451723.178504242,2026-04-26 22:00:55,I,03,폐업,2020-09-17 16:15:21,,2012-11-12,130-840,서울특별시 동대문구 장안동 347번지 9호 1층,PHMH320123050034087500038,3050000,"서울특별시 동대문구 장한로18길 19, 1층 (장안동)",02639,03,폐업,,,,32952852
세븐일레븐 청계두물다리점,2019-11-20,202860.434716803,452096.504043958,2026-04-26 22:00:55,I,03,폐업,2019-11-20 16:08:48,,2012-11-12,130-823,서울특별시 동대문구 용두동 255번지 53호 1층 101호,PHMH320123050034087500039,3050000,"서울특별시 동대문구 청계천로 509, 1층 101호 (용두동)",02589,03,폐업,,,,
GS25 동대문주공점,2016-04-18,206229.654153523,453293.806260083,2026-04-26 22:00:55,I,03,폐업,2016-04-18 17:27:14,,2012-11-12,130-874,서울특별시 동대문구 휘경동 57번지 6호 휘경주공아파트상가 1층 101호,PHMH320123050034087500042,3050000,"서울특별시 동대문구 한천로46길 49, 1층 101호 (휘경동, 휘경주공아파트상가)",02512,03,폐업,,,,22122825
씨유 시립대원룸점,2014-05-14,204765.522272603,453630.873362876,2026-04-26 22:00:55,I,03,폐업,2017-09-26 15:45:19,,2012-11-14,130-851,서울특별시 동대문구 전농동 152번지 48호,PHMH320123050034087500043,3050000,서울특별시 동대문구 서울시립대로29길 29 (전농동),02492,03,폐업,,,,22127416
씨유 이문이편한점,2014-02-04,205623.059132399,455899.982370316,2026-04-26 22:00:55,I,03,폐업,2014-02-04 15:55:20,,2012-11-14,130-828,서울특별시 동대문구 이문동 225번지 2호,PHMH320123050034087500044,3050000,"서울특별시 동대문구 이문로54길 46, 110호~112호 (이문동, 이문e-편한세상아파트상가동)",,03,폐업,,,,
씨유 안암로타리점,2024-04-23,202633.567387178,453392.902948534,2026-04-26 22:00:55,I,03,폐업,2024-04-23 10:48:11,,2012-11-14,130-861,서울특별시 동대문구 제기동 148번지 41호,PHMH320123050034087500047,3050000,서울특별시 동대문구 약령시로 7 (제기동),02477,03,폐업,,,,
씨유 쵤영소사거리점,2022-10-14,205829.778770259,452298.391019799,2026-04-26 22:00:55,I,03,폐업,2022-10-14 14:39:40,,2012-11-14,130-100,"서울특별시 동대문구 장안동 141번지 10호  장수빌딩 105호, 106호",PHMH320123050034087500048,3050000,"서울특별시 동대문구 답십리로 237, 105호, 106호 (장안동, 장수빌딩)",02529,03,폐업,,,,22122950
GS25 장안두봉점,2017-07-27,205904.497466377,451088.609204795,2026-04-26 22:00:55,I,03,폐업,2017-07-27 16:38:49,,2012-11-14,130-846,서울특별시 동대문구 장안동 459번지 3호,PHMH320123050034087500051,3050000,서울특별시 동대문구 장한로2길 41 (장안동),02644,03,폐업,,,,22122324
GS25 청량코아점,2015-02-06,203895.879977563,453272.124807602,2026-04-26 22:00:55,I,03,폐업,2015-02-09 17:54:42,,2012-11-14,130-867,서울특별시 동대문구 청량리동 300번지 1층,PHMH320123050034087500053,3050000,"서울특별시 동대문구 홍릉로 16, 1층 (청량리동)",,03,폐업,,,,
(주)청원에셋 씨유청원에셋점,2022-06-13,204884.796367996,451394.889425203,2026-04-26 22:00:59,I,03,폐업,2022-06-13 09:35:08,,2015-03-25,130-805,서울특별시 동대문구 답십리동 492번지 4호 102호,PHMH320153050034087500017,3050000,"서울특별시 동대문구 천호대로 319, 102호 (답십리동)",02622,03,폐업,,,,22473805
세븐일레븐 휘경시민점,2016-04-04,205278.524024703,453893.928087351,2026-04-26 22:00:56,I,03,폐업,2016-04-04 16:26:05,,2015-04-06,130-878,서울특별시 동대문구 휘경동 286번지 121호 1층,PHMH320153050034087500019,3050000,"서울특별시 동대문구 망우로18나길 3, 1층 (휘경동)",02498,03,폐업,,,,
씨유 홍릉점,2021-09-24,203568.823203797,453841.341960808,2026-04-26 22:00:56,I,03,폐업,2021-09-24 16:56:55,,2015-04-10,130-869,서울특별시 동대문구 청량리동 520번지 55호,PHMH320153050034087500020,3050000,서울특별시 동대문구 제기로 73 (청량리동),02471,03,폐업,,,,
지에스25 용두역점,2016-10-27,203266.99984869,452456.430446921,2026-04-26 22:00:56,I,03,폐업,2016-10-27 16:05:03,,2015-04-15,130-817,서울특별시 동대문구 용두동 38번지 2호 1층,PHMH320153050034087500021,3050000,"서울특별시 동대문구 천호대로 129, 1층 (용두동)",02566,03,폐업,,,,
세븐일레븐 청계스카이렉스점,2016-06-20,202042.817335648,452190.100421552,2026-04-26 22:00:56,I,03,폐업,2016-06-20 10:57:05,,2015-04-20,130-813,서울특별시 동대문구 신설동 109번지 13호 101호,PHMH320153050034087500022,3050000,"서울특별시 동대문구 청계천로 417, 101호 (신설동)",02586,03,폐업,,,,
세븐일레븐 청량미주점,2015-05-13,204089.817117361,453314.135663101,2026-04-26 22:00:56,I,03,폐업,2015-05-13 18:04:30,,2015-04-22,130-867,서울특별시 동대문구 청량리동 235번지 4호 13호,PHMH320153050034087500023,3050000,"서울특별시 동대문구 왕산로 225, 13호 (청량리동)",,03,폐업,,,,
씨유 청계푸르지오점,2016-01-05,204400.365537226,451854.716617007,2026-04-26 22:00:56,I,03,폐업,2016-01-05 16:03:24,,2015-04-28,130-805,서울특별시 동대문구 답십리동 497번지 23호 지하 104호,PHMH320153050034087500024,3050000,"서울특별시 동대문구 천호대로 257, 지층 104호 (답십리동)",02603,03,폐업,,,,
(주)지에스리테일지에스25경희프라자점,2018-03-09,204469.209049094,454934.047367752,2026-04-26 22:00:59,I,03,폐업,2018-03-09 12:46:39,,2015-05-04,130-702,서울특별시 동대문구 회기동 1번지 5호 전면플라자 문화복지시설 101호,PHMH320153050034087500025,3050000,"서울특별시 동대문구 경희대로 23 (회기동, 전면플라자 문화복지시설 101호)",02447,03,폐업,,,,
씨유 청량리전농점,2024-10-11,203730.669153015,452968.333610544,2026-04-26 22:00:56,I,03,폐업,2024-10-11 16:08:44,,2015-05-07,130-851,서울특별시 동대문구 전농동 621번지 2호 102호,PHMH320153050034087500026,3050000,"서울특별시 동대문구 답십리로 3, 102호 (전농동)",02559,03,폐업,,,,
(주)코리아세븐 청량미주점,2025-06-10,204089.817117361,453314.135663101,2026-04-26 22:00:59,I,03,폐업,2025-06-10 15:25:00,,2015-05-13,130-867,서울특별시 동대문구 청량리동 235번지 4호 1층 13호,PHMH320153050034087500027,3050000,"서울특별시 동대문구 왕산로 225, 1층 13호 (청량리동)",02490,03,폐업,,,,
미니스톱 신설점,2017-12-29,202136.434632005,452534.940181555,2026-04-26 22:00:56,I,03,폐업,2017-12-29 17:20:13,,2015-05-27,130-812,서울특별시 동대문구 신설동 102번지 26호 1층,PHMH320153050034087500028,3050000,"서울특별시 동대문구 천호대로 11-3, 1층 (신설동)",02582,03,폐업,,,,
씨유 답십리대림점,2019-04-30,205661.548238672,452069.966457997,2026-04-26 22:00:56,I,03,폐업,2019-04-30 11:15:00,,2015-06-03,130-808,서울특별시 동대문구 답십리동 765번지 1층,PHMH320153050034087500029,3050000,"서울특별시 동대문구 한천로 107-3, 1층 (답십리동)",02610,03,폐업,,,,
지에스25 이문사랑점,2023-08-17,205784.008038304,455917.552544887,2026-04-26 22:00:56,I,03,폐업,2023-08-17 14:10:31,,2015-06-12,130-828,서울특별시 동대문구 이문동 209번지 7호 1층,PHMH320153050034087500030,3050000,"서울특별시 동대문구 이문로54길 77, 1층 (이문동)",02408,03,폐업,,,,
지에스25 동대문한신점,2023-06-21,204017.579104319,452332.448909492,2026-04-26 22:00:56,I,03,폐업,2023-06-21 12:22:18,,2015-06-15,130-806,서울특별시 동대문구 답십리동 542번지 1호 1층 1호,PHMH320153050034087500031,3050000,"서울특별시 동대문구 황물로 42, 1층 1호 (답십리동)",02593,03,폐업,,,,
(주)코리아세븐 서울이문로점,2021-12-22,205385.112958632,455813.713540339,2026-04-26 22:00:59,I,03,폐업,2021-12-22 15:46:04,,2015-06-15,130-827,서울특별시 동대문구 이문동 251번지 5호 1층,PHMH320153050034087500032,3050000,"서울특별시 동대문구 이문로 203, 1층 (이문동)",02400,03,폐업,,,,
지에스25 전농사거리점,2019-06-17,205034.906769176,452908.576973875,2026-04-26 22:00:56,I,03,폐업,2019-06-17 16:57:14,,2015-06-16,130-850,서울특별시 동대문구 전농동 60번지 345호 1층,PHMH320153050034087500033,3050000,"서울특별시 동대문구 전농로16길 7, 1층 (전농동)",02506,03,폐업,,,,
(주)코리아세븐 동대문경남점,2025-02-20,206242.080174666,451913.316320421,2026-04-26 22:00:59,I,03,폐업,2025-02-21 10:21:02,,2015-06-25,130-840,서울특별시 동대문구 장안동 345번지 14호,PHMH320153050034087500034,3050000,서울특별시 동대문구 장한로22길 19 (장안동),02639,03,폐업,,,,02-3284-8120
씨유 회기중앙점,2020-02-10,205044.455486451,454253.066065736,2026-04-26 22:00:56,I,03,폐업,2020-02-10 14:15:36,,2015-06-24,130-876,서울특별시 동대문구 휘경동 183번지 126호 1층,PHMH320153050034087500036,3050000,"서울특별시 동대문구 회기로29길 9, 1층 (휘경동)",02445,03,폐업,,,,
씨유 청량리경찰서점,2024-05-09,203900.727367772,453480.356785847,2026-04-26 22:00:56,I,03,폐업,2024-05-10 10:12:06,,2015-06-24,130-867,서울특별시 동대문구 청량리동 224번지 2호 1층,PHMH320153050034087500037,3050000,"서울특별시 동대문구 약령시로21길 5, 1층 (청량리동)",02484,03,폐업,,,,
지에스25 장안센터점,2018-04-13,205893.568425533,451440.0165229,2026-04-26 22:00:56,I,03,폐업,2018-04-13 14:56:48,,2015-07-22,130-845,서울특별시 동대문구 장안동 435번지 1호,PHMH320153050034087500039,3050000,"서울특별시 동대문구 장한로 48, 1층 (장안동)",02643,03,폐업,,,,22471245
로그인 장안으뜸점,2016-04-27,206170.308088921,451470.889060822,2026-04-26 22:00:56,I,03,폐업,2016-04-27 15:52:26,,2015-08-05,,서울특별시 동대문구 장안동 359번지 16호 1층,PHMH320153050034087500041,3050000,"서울특별시 동대문구 천호대로91길 89, 1층 (장안동)",02643,03,폐업,,,,22436738
지에스25 답십리한양점,2020-08-14,205258.911999431,452267.221277907,2026-04-26 22:00:56,I,03,폐업,2020-08-14 14:50:15,,2015-08-17,,서울특별시 동대문구 답십리동 62번지 19호,PHMH320153050034087500043,3050000,"서울특별시 동대문구 답십리로 182, 1층 (답십리동)",02607,03,폐업,,,,
세븐일레븐 답십리역점,2020-09-03,204750.498366411,451520.024760224,2026-04-26 22:00:56,I,03,폐업,2020-09-03 14:24:24,,2015-09-02,,서울특별시 동대문구 답십리동 493번지 4호,PHMH320153050034087500045,3050000,"서울특별시 동대문구 천호대로 305, 1층 (답십리동)",02604,03,폐업,,,,
씨유 청량리금산점,2020-01-09,204272.997059199,453416.854167854,2026-04-26 22:00:56,I,03,폐업,2020-01-09 16:41:32,,2015-09-02,,서울특별시 동대문구 전농동 597번지 7호,PHMH320153050034087500046,3050000,"서울특별시 동대문구 왕산로 246, 1층 (전농동)",02554,03,폐업,,,,
코리아세븐 고대안암골점,2020-11-13,202943.797952618,453482.037268787,2026-04-26 22:00:56,I,03,폐업,2020-11-13 10:51:52,,2015-09-09,,서울특별시 동대문구 제기동 218번지 4호,PHMH320153050034087500047,3050000,"서울특별시 동대문구 약령시로5길 22-4, 101호 (제기동, 해오름)",02476,03,폐업,,,,
세븐일레븐 시립대사랑점,2020-09-29,204561.949435156,453604.773547425,2026-04-26 22:00:56,I,03,폐업,2020-09-29 10:11:15,,2015-09-08,,서울특별시 동대문구 전농동 103번지 289호,PHMH320153050034087500048,3050000,"서울특별시 동대문구 전농로 233, 2층 (전농동)",02556,03,폐업,,,,33948918
지에스25 카이스트원룸점,2020-01-02,204315.408731338,454335.914845715,2026-04-26 22:00:56,I,03,폐업,2020-01-02 11:25:54,,2015-09-15,,서울특별시 동대문구 회기동 60번지 138호,PHMH320153050034087500049,3050000,"서울특별시 동대문구 회기로 118, 1층 (회기동)",02457,03,폐업,,,,
지에스25 동대문배봉점,2017-09-15,205834.670344523,452901.735114953,2026-04-26 22:00:56,I,03,폐업,2017-09-15 15:58:23,,2015-09-16,,서울특별시 동대문구 전농동 3번지 57호,PHMH320153050034087500050,3050000,"서울특별시 동대문구 한천로39길 28, 1층 (전농동)",02534,03,폐업,,,,
(주)비지에프휴먼넷 이문이편한점,2016-10-11,205623.059132399,455899.982370316,2026-04-26 22:00:59,I,03,폐업,2016-10-11 20:11:41,,2015-09-18,,서울특별시 동대문구 이문동 225번지 2호,PHMH320153050034087500051,3050000,"서울특별시 동대문구 이문로54길 46 (이문동, 이문e편한세상아파트)",02407,03,폐업,,,,
씨유 용두희망점,2022-08-29,203560.341109731,452714.779920536,2026-04-26 22:00:56,I,03,폐업,2022-08-29 14:14:52,,2015-09-23,,서울특별시 동대문구 용두동 39번지 19호,PHMH320153050034087500053,3050000,"서울특별시 동대문구 왕산로32길 58, 1층 (용두동)",02560,03,폐업,,,,
(주)비지에프휴먼넷 전농시립대점,2016-05-30,204698.776644614,453786.184389292,2026-04-26 22:00:59,I,03,폐업,2016-05-30 16:34:07,,2015-10-01,,서울특별시 동대문구 전농동 103번지 19호,PHMH320153050034087500054,3050000,"서울특별시 동대문구 전농로38길 42, 101호 (전농동, 현대빌라트)",02492,03,폐업,,,,
지에스25 청량대일점,2016-12-05,203743.598607972,452993.535471829,2026-04-26 22:00:56,I,03,폐업,2016-12-05 16:50:30,,2015-10-20,,서울특별시 동대문구 전농동 620번지 70호,PHMH320153050034087500055,3050000,서울특별시 동대문구 왕산로 178 (전농동),02559,03,폐업,,,,
로그인 신설동역점,2018-10-19,202211.304378289,452650.402462122,2026-04-26 22:00:56,I,03,폐업,2018-10-19 10:32:00,,2015-10-21,,서울특별시 동대문구 신설동 98번지 27호 101호,PHMH320153050034087500056,3050000,"서울특별시 동대문구 왕산로 20, 101호 (신설동)",02582,03,폐업,,,,
지에스25 장안중앙,2023-02-01,205746.038399482,451118.479199016,2026-04-26 22:00:56,I,03,폐업,2023-02-01 10:39:04,,2015-10-28,,서울특별시 동대문구 장안동 433번지 8호,PHMH320153050034087500057,3050000,서울특별시 동대문구 장한로2길 7 (장안동),02644,03,폐업,,,,
지에스25 장안벤처빌점,2019-12-20,206009.495097994,451806.846262685,2026-04-26 22:00:56,I,03,폐업,2019-12-20 13:49:01,,2015-10-30,,"서울특별시 동대문구 장안동 374번지 1호 111,112호",PHMH320153050034087500059,3050000,"서울특별시 동대문구 장한로 85, 111,112호 (장안동, 장안현대벤처빌)",02625,03,폐업,,,,
씨유 장안대로점,2021-11-24,206323.706589841,452686.139371095,2026-04-26 22:00:56,I,03,폐업,2021-11-24 11:02:43,,2015-11-02,,서울특별시 동대문구 장안동 312번지 5호 1-1호,PHMH320153050034087500060,3050000,"서울특별시 동대문구 장한로 180, 1-1호 (장안동)",02522,03,폐업,,,,22162401
지에스25 휘경사랑점,2017-10-26,205996.909518819,453361.806084615,2026-04-26 22:00:56,I,03,폐업,2017-10-26 17:43:31,,2015-11-13,,서울특별시 동대문구 전농동 1번지 205호,PHMH320153050034087500061,3050000,"서울특별시 동대문구 한천로 242, 107호 (전농동)",02512,03,폐업,,,,
지에스25 답십리삼성점,2023-06-20,205871.48455217,452607.300838198,2026-04-26 22:00:56,I,03,폐업,2023-06-20 17:36:26,,2015-11-23,,서울특별시 동대문구 답십리동 1번지 52호,PHMH320153050034087500063,3050000,"서울특별시 동대문구 한천로 165, 1층 (답십리동)",02534,03,폐업,,,,
세븐일레븐 신답점,2018-04-18,204339.02648963,451913.557300365,2026-04-26 22:00:56,I,03,폐업,2018-04-18 13:19:51,,2015-11-23,,서울특별시 동대문구 답십리동 498번지 5호,PHMH320153050034087500064,3050000,"서울특별시 동대문구 천호대로 247, 108호 (답십리동, 메트로팰리스)",02603,03,폐업,,,,
씨유 답십리두산점,2018-07-05,205011.345720858,451870.778303081,2026-04-26 22:00:56,I,03,폐업,2018-07-05 10:35:53,,2015-11-25,,서울특별시 동대문구 답십리동 29번지 60호,PHMH320153050034087500066,3050000,"서울특별시 동대문구 답십리로48길 82, 1층 (답십리동)",02615,03,폐업,,,,
지에스25 장안현대점,2017-11-30,206484.233644024,452169.871290467,2026-04-26 22:00:56,I,03,폐업,2017-11-30 17:00:59,,2015-11-24,,서울특별시 동대문구 장안동 335번지 6호,PHMH320153050034087500067,3050000,"서울특별시 동대문구 답십리로 304, 17,18호 (장안동)",02637,03,폐업,,,,
씨유 장안고려점,2016-05-02,205702.932774343,451335.469980245,2026-04-26 22:00:56,I,03,폐업,2016-05-02 16:45:40,,2015-11-30,,서울특별시 동대문구 장안동 423번지 2호,PHMH320153050034087500068,3050000,"서울특별시 동대문구 장한로5길 17, 102호 (장안동)",02636,03,폐업,,,,
세븐일레븐 장안해피트리점,2021-02-05,205521.841272593,451276.685256376,2026-04-26 22:00:56,I,03,폐업,2021-02-05 13:34:34,,2015-11-30,,서울특별시 동대문구 장안동 420번지 8호,PHMH320153050034087500069,3050000,"서울특별시 동대문구 천호대로79길 30, 1층 (장안동)",02635,03,폐업,,,,
365플러스 경희대점,2017-01-05,204431.885850638,454495.666459252,2026-04-26 22:00:56,I,03,폐업,2017-01-05 15:00:47,,2015-12-08,,서울특별시 동대문구 회기동 42번지 80호,PHMH320153050034087500071,3050000,"서울특별시 동대문구 경희대로3길 27 (회기동, MAIBAUM 회기)",02454,03,폐업,,,,
세븐일레븐 장안사거리점,2018-11-16,206196.124113703,452148.134514579,2026-04-26 22:00:56,I,03,폐업,2018-11-16 15:49:14,,2015-12-16,,서울특별시 동대문구 장안동 371번지 10호,PHMH320153050034087500074,3050000,서울특별시 동대문구 장한로25길 3 (장안동),02624,03,폐업,,,,
미니스톱 신이문역점,2020-10-30,205850.036959291,455676.187399755,2026-04-26 22:00:56,I,03,폐업,2020-10-30 11:14:26,,2015-12-16,,서울특별시 동대문구 이문동 217번지 28호,PHMH320153050034087500075,3050000,"서울특별시 동대문구 한천로 479, 1층 (이문동)",02409,03,폐업,,,,
세븐일레븐 장안샛별점,2019-10-01,205840.837707391,451738.529337066,2026-04-26 22:00:56,I,03,폐업,2019-10-01 16:33:17,,2015-12-22,,서울특별시 동대문구 장안동 394번지 15호,PHMH320153050034087500076,3050000,"서울특별시 동대문구 답십리로68길 112, 1층 (장안동)",02625,03,폐업,,,,
지에스25 답십리청마루점,2020-12-18,205748.58428348,452305.347715624,2026-04-26 22:00:56,I,03,폐업,2020-12-18 16:42:30,,2015-12-22,,서울특별시 동대문구 답십리동 2번지 148호,PHMH320153050034087500077,3050000,서울특별시 동대문구 답십리로59길 6 (답십리동),02535,03,폐업,,,,
미니스톱 고대안암점,2019-07-05,202486.703402384,453241.541069754,2026-04-26 22:00:56,I,03,폐업,2019-07-05 11:34:14,,2015-12-28,,서울특별시 동대문구 용두동 739번지 1호,PHMH320153050034087500079,3050000,"서울특별시 동대문구 안암로16길 14, 1층 (용두동)",02578,03,폐업,,,,
씨유 장안홈타운점,2021-10-01,206367.130247385,452008.860592182,2026-04-26 22:00:56,I,03,폐업,2021-10-01 17:10:05,,2016-01-05,,서울특별시 동대문구 장안동 342번지 9호,PHMH320163050034087500001,3050000,"서울특별시 동대문구 장한로26다길 30, 1층 (장안동)",02637,03,폐업,,,,
씨유 장한평2호점,2021-04-26,205860.651088631,451025.902075739,2026-04-26 22:00:56,I,03,폐업,2021-04-26 14:36:16,,2016-01-05,,서울특별시 동대문구 장안동 465번지 11호,PHMH320163050034087500002,3050000,"서울특별시 동대문구 천호대로 433, 1층 (장안동)",02645,03,폐업,,,,
지에스25 청계푸르지오점,2017-10-26,204400.365537226,451854.716617007,2026-04-26 22:00:56,I,03,폐업,2017-10-26 11:10:28,,2016-01-05,,서울특별시 동대문구 답십리동 497번지 23호,PHMH320163050034087500003,3050000,"서울특별시 동대문구 천호대로 257, 지1층 B104호 (답십리동, 청계푸르지오시티)",02603,03,폐업,,,,
지에스25 장안성광점,2016-11-08,205652.39234463,451231.787666259,2026-04-26 22:00:56,I,03,폐업,2016-11-08 15:20:21,,2016-01-07,,서울특별시 동대문구 장안동 417번지 14호,PHMH320163050034087500004,3050000,"서울특별시 동대문구 천호대로83길 23, 101호 (장안동, 평산하우스)",02636,03,폐업,,,,
지에스25 장안썬앤빌점,2016-12-23,206057.985138022,451879.220901722,2026-04-26 22:00:56,I,03,폐업,2016-12-23 15:13:02,,2016-01-12,,서울특별시 동대문구 장안동 373번지 3호 103호,PHMH320163050034087500005,3050000,"서울특별시 동대문구 장한로 91, 103호 (장안동)",02624,03,폐업,,,,
씨유 장안플러스점,2018-05-10,205838.423040069,451456.484066966,2026-04-26 22:00:56,I,03,폐업,2018-05-10 16:38:23,,2016-02-12,,서울특별시 동대문구 장안동 430번지 2호 1층,PHMH320163050034087500008,3050000,"서울특별시 동대문구 장한로 47, 1층 (장안동)",02629,03,폐업,,,,33947596
씨유 경희원룸점,2021-06-16,204560.64077174,454289.27672457,2026-04-26 22:00:56,I,03,폐업,2021-06-16 13:21:35,,2016-03-03,,서울특별시 동대문구 회기동 103번지 18호 1층,PHMH320163050034087500011,3050000,"서울특별시 동대문구 회기로18길 12, 1층 (회기동)",02460,03,폐업,,,,
지에스25 회기자인M,2020-07-07,204947.656544513,454375.457103592,2026-04-26 22:00:56,I,03,폐업,2020-07-07 09:53:51,,2016-03-03,,서울특별시 동대문구 이문동 341번지 15호 자인M TOWER 101호,PHMH320163050034087500012,3050000,"서울특별시 동대문구 이문로 47, 101호 (이문동, 자인MTOWER)",02452,03,폐업,,,,
이존(e zone),2022-08-31,203318.020899541,453368.16721427,2026-04-26 22:00:56,I,03,폐업,2022-08-31 14:40:46,,2016-03-04,,서울특별시 동대문구 제기동 929번지 4호 1층,PHMH320163050034087500013,3050000,"서울특별시 동대문구 고산자로 479, 1층 (제기동)",02570,03,폐업,,,,
(주)코리아세븐 용두사거리점,2022-10-07,202672.572284882,452819.875924154,2026-04-26 22:00:59,I,03,폐업,2022-10-07 17:42:44,,2016-03-11,,서울특별시 동대문구 용두동 119번지 1호 1층 102호,PHMH320163050034087500014,3050000,"서울특별시 동대문구 왕산로 68, 1층 102호 (용두동)",02584,03,폐업,,,,
씨유 답십리점,2016-05-09,204254.260169616,452250.533691528,2026-04-26 22:00:56,I,03,폐업,2016-05-09 14:42:00,,2016-03-21,,서울특별시 동대문구 답십리동 469번지 1호 1층,PHMH320163050034087500016,3050000,"서울특별시 동대문구 서울시립대로2길 60, 1층 (답십리동)",02595,03,폐업,,,,33904197
지에스25 장한평역,2017-01-11,205717.469811592,451120.5353714,2026-04-26 22:00:56,I,03,폐업,2017-01-11 15:58:29,,2016-03-25,,서울특별시 동대문구 장안동 433번지 7호 조광빌딩 102호,PHMH320163050034087500017,3050000,"서울특별시 동대문구 장한로 10, 102호 (장안동, 조광빌딩)",02644,03,폐업,,,,22440603
씨유 답십리역점,2025-10-31,204501.365621281,451744.14931728,2026-04-26 22:00:56,I,03,폐업,2025-11-12 13:38:42,,2016-04-01,,서울특별시 동대문구 답십리동 496번지 17호 1층,PHMH320163050034087500019,3050000,"서울특별시 동대문구 천호대로 269, 1층 (답십리동)",02603,03,폐업,,,,22128827
세븐일레븐 휘경시민점,2017-04-28,205278.524024703,453893.928087351,2026-04-26 22:00:56,I,03,폐업,2017-04-28 11:13:24,,2016-04-04,,서울특별시 동대문구 휘경동 286번지 121호 1층,PHMH320163050034087500020,3050000,"서울특별시 동대문구 망우로18나길 3, 1층 (휘경동)",02498,03,폐업,,,,02-6081-8000
지에스25 장안공원,2022-08-24,206120.983279154,452775.947650727,2026-04-26 22:00:56,I,03,폐업,2022-08-24 13:35:32,,2016-04-26,,서울특별시 동대문구 장안동 288번지 34호 1층,PHMH320163050034087500021,3050000,"서울특별시 동대문구 답십리로65길 106, 1층 (장안동)",02526,03,폐업,,,,02-3394-5518
씨유 답십리점,2022-06-30,204254.260169616,452250.533691528,2026-04-26 22:00:56,I,03,폐업,2022-06-30 14:42:22,,2016-05-09,,서울특별시 동대문구 답십리동 469번지 1호 1층,PHMH320163050034087500022,3050000,"서울특별시 동대문구 서울시립대로2길 60, 1층 (답십리동)",02595,03,폐업,,,,02-3390-4197
지에스25 동대문정릉천점,2017-11-03,202941.025851356,453322.642769157,2026-04-26 22:00:56,I,03,폐업,2017-11-03 15:58:32,,2016-05-25,,서울특별시 동대문구 제기동 252번지 이수브라운스톤상가 101호,PHMH320163050034087500025,3050000,"서울특별시 동대문구 왕산로23길 89, 101호 (제기동, 이수브라운스톤상가)",02575,03,폐업,,,,
씨유 장안고려점,2024-05-03,205702.932774343,451335.469980245,2026-04-26 22:00:56,I,03,폐업,2024-05-03 15:07:15,,2016-06-10,,서울특별시 동대문구 장안동 423번지 2호 1층,PHMH320163050034087500027,3050000,"서울특별시 동대문구 장한로5길 17, 1층 (장안동)",02636,03,폐업,,,,02-2216-7369
(주)코리아세븐 청계스카이렉스점,2023-03-20,202042.817335648,452190.100421552,2026-04-26 22:00:59,I,03,폐업,2023-03-20 19:47:03,,2016-06-20,,"서울특별시 동대문구 신설동 109번지 13호 청계천 대성 스카이렉스1, 1층 101호",PHMH320163050034087500029,3050000,"서울특별시 동대문구 청계천로 417, 1층 101호 (신설동, 청계천 대성 스카이렉스1)",02586,03,폐업,,,,02-2237-3200
지에스25 용두드림점,2019-06-14,202701.73182542,452825.237783414,2026-04-26 22:00:56,I,03,폐업,2019-06-14 17:12:21,,2016-06-22,,서울특별시 동대문구 용두동 112번지 8호 동대문한양아이클래스 103호,PHMH320163050034087500030,3050000,"서울특별시 동대문구 왕산로 72, 103호 (용두동, 동대문한양아이클래스)",02584,03,폐업,,,,02-921-4925
지에스25 동대문장안교,2020-06-09,206439.697318034,452986.873668666,2026-04-26 22:00:56,I,03,폐업,2020-06-09 12:57:26,,2016-06-27,,서울특별시 동대문구 장안동 314번지 4호 1층,PHMH320163050034087500031,3050000,"서울특별시 동대문구 사가정로 260, 1층 (장안동)",02519,03,폐업,,,,02-2213-1407
씨유 장안샛별공원점,2020-01-31,205764.5059026,451787.834781533,2026-04-26 22:00:56,I,03,폐업,2020-01-31 15:42:06,,2016-07-18,,서울특별시 동대문구 장안동 394번지 9호 1층,PHMH320163050034087500034,3050000,"서울특별시 동대문구 한천로18길 39, 1층 (장안동)",02625,03,폐업,,,,02-2216-7785
지에스25 전농그린점,2024-12-06,204859.684280513,452949.08556164,2026-04-26 22:00:56,I,03,폐업,2024-12-06 15:30:07,,2016-07-25,,서울특별시 동대문구 전농동 204번지 34호 1층,PHMH320163050034087500036,3050000,"서울특별시 동대문구 전농로17길 21, 1층 (전농동)",02546,03,폐업,,,,
씨유 동대문도서관점,2021-05-21,202145.732067019,452373.522309891,2026-04-26 22:00:56,I,03,폐업,2021-05-21 14:35:51,,2016-08-02,,서울특별시 동대문구 신설동 104번지 30호 1층,PHMH320163050034087500038,3050000,"서울특별시 동대문구 천호대로2길 23-17, 1층 (신설동)",02586,03,폐업,,,,02-2237-2730
지에스25 신설으뜸점,2018-10-19,202228.865973884,452515.112988281,2026-04-26 22:00:56,I,03,폐업,2018-10-19 14:33:57,,2016-08-04,,서울특별시 동대문구 신설동 102번지 4호 1층,PHMH320163050034087500039,3050000,"서울특별시 동대문구 왕산로2길 34, 1층 (신설동)",02582,03,폐업,,,,02-923-6797
지에스25 전농SK점,2019-12-02,205271.704936121,452706.897879436,2026-04-26 22:00:56,I,03,폐업,2019-12-02 16:10:34,,2016-08-11,,서울특별시 동대문구 전농동 10번지 전농SK아파트 부상가동2 207동 101호,PHMH320163050034087500040,3050000,"서울특별시 동대문구 사가정로 148, 207동 101호 (전농동, 전농SK아파트 부상가동2)",02532,03,폐업,,,,02-3394-4733
씨유 답십리간데메점,2020-04-01,204190.02032291,452445.543364212,2026-04-26 22:00:56,I,03,폐업,2020-04-01 17:22:34,,2016-08-23,,서울특별시 동대문구 전농동 648번지 118호 1층,PHMH320163050034087500042,3050000,"서울특별시 동대문구 서울시립대로4길 27, 1층 (전농동)",02594,03,폐업,,,,02-2243-4196
지에스25 용두동아,2022-10-18,202618.629408855,452437.3872141,2026-04-26 22:00:56,I,03,폐업,2022-10-18 17:29:46,,2016-08-29,,서울특별시 동대문구 용두동 235번지 25호 1층,PHMH320163050034087500043,3050000,"서울특별시 동대문구 무학로 111, 1층 (용두동)",02583,03,폐업,,,,
(주)코리아세븐 장안래미안점,2024-11-26,206450.432488236,452492.041007964,2026-04-26 22:00:59,I,03,폐업,2024-11-26 17:15:45,,2016-09-19,,서울특별시 동대문구 장안동 324번지 1호 웰빙프라자 105호,PHMH320163050034087500045,3050000,"서울특별시 동대문구 답십리로69길 55, 105호 (장안동, 웰빙프라자)",02523,03,폐업,,,,
씨스페이스 이문중앙점,2019-04-03,205463.353537008,455648.037369427,2026-04-26 22:00:57,I,03,폐업,2019-04-03 17:14:37,,2016-09-21,,서울특별시 동대문구 이문동 256번지 361호 1층,PHMH320163050034087500047,3050000,"서울특별시 동대문구 신이문로 5, 1층 (이문동)",02406,03,폐업,,,,02-963-2221
지에스25 전농삼성점,2024-06-24,205196.107795769,453027.761001037,2026-04-26 22:00:57,I,03,폐업,2024-06-25 11:39:44,,2016-09-21,,서울특별시 동대문구 전농동 53번지 21호 1층,PHMH320163050034087500048,3050000,"서울특별시 동대문구 사가정로13가길 29, 1층 (전농동)",02507,03,폐업,,,,02-2215-0178
씨유 제기푸르지오1호점,2018-02-22,202823.862895668,452830.969596842,2026-04-26 22:00:57,I,03,폐업,2018-02-22 15:30:02,,2016-09-27,,"서울특별시 동대문구 용두동 104번지 3호 104호, 105호",PHMH320163050034087500049,3050000,"서울특별시 동대문구 왕산로 86, 104호, 105호 (용두동)",02585,03,폐업,,,,
씨유 제기푸르지오2호점,2018-02-22,202823.862895668,452830.969596842,2026-04-26 22:00:57,I,03,폐업,2018-02-22 15:31:14,,2016-09-27,,서울특별시 동대문구 용두동 104번지 3호 114호,PHMH320163050034087500050,3050000,"서울특별시 동대문구 왕산로 86, 114호 (용두동)",02585,03,폐업,,,,
씨유 신이문대림점,2019-08-22,205623.059132399,455899.982370316,2026-04-26 22:00:57,I,03,폐업,2019-08-22 11:05:08,,2016-09-27,,서울특별시 동대문구 이문동 225번지 2호 이문e편한세상아파트 상가동 101호,PHMH320163050034087500051,3050000,"서울특별시 동대문구 이문로54길 46, 101호 (이문동, 이문e편한세상아파트 상가동)",02407,03,폐업,,,,02-963-8500
지에스25 이문센터점,2020-09-03,205737.461665158,454805.720804232,2026-04-26 22:00:57,I,03,폐업,2020-09-03 14:26:09,,2016-10-20,,서울특별시 동대문구 이문동 86번지 25호 1층,PHMH320163050034087500052,3050000,"서울특별시 동대문구 외대역동로14길 10, 1층 (이문동)",02428,03,폐업,,,,
씨유 답십리리더스점,2020-12-29,205329.099886508,451518.494316754,2026-04-26 22:00:57,I,03,폐업,2020-12-29 14:35:47,,2016-10-20,,서울특별시 동대문구 답십리동 12번지 266호 리더스빌딩 1층,PHMH320163050034087500053,3050000,"서울특별시 동대문구 한천로 43, 1층 (답십리동, 리더스빌딩)",02617,03,폐업,,,,22147889
(주)코리아세븐 이문대림점,2020-12-28,205696.431488722,455681.221589435,2026-04-26 22:00:59,I,03,폐업,2020-12-28 17:31:06,,2016-10-20,,서울특별시 동대문구 이문동 237번지 153호 1층,PHMH320163050034087500054,3050000,"서울특별시 동대문구 신이문로 27-7, 1층 (이문동)",02409,03,폐업,,,,
지에스25 답십리역점,2020-03-17,204698.831170928,451628.940827769,2026-04-26 22:00:57,I,03,폐업,2020-03-17 15:39:56,,2016-10-21,,서울특별시 동대문구 답십리동 994번지 답십리한화아파트 201동 1층 14호,PHMH320163050034087500055,3050000,"서울특별시 동대문구 고미술로 57, 201동 1층 14호 (답십리동, 답십리한화아파트)",02604,03,폐업,,,,22441025
지에스25 용두역점,2018-09-28,203266.99984869,452456.430446921,2026-04-26 22:00:57,I,03,폐업,2018-09-28 10:28:06,,2016-10-28,,서울특별시 동대문구 용두동 38번지 2호 1층 제3호,PHMH320163050034087500056,3050000,"서울특별시 동대문구 천호대로 129, 1층 제3호 (용두동)",02566,03,폐업,,,,02-957-2734
지에스25 답십리우성점,2023-09-08,205332.587474524,452542.652470672,2026-04-26 22:00:57,I,03,폐업,2023-09-08 16:17:10,,2016-11-01,,"서울특별시 동대문구 답십리동 80번지 1호 답십리청솔우성아파트 상가2동 101호, 102호",PHMH320163050034087500057,3050000,"서울특별시 동대문구 답십리로57길 53, 101호, 102호 (답십리동, 답십리청솔우성아파트 상가2동)",02536,03,폐업,,,,
(주)지에스리테일 지에스25장안성광점,2017-03-29,205652.39234463,451231.787666259,2026-04-26 22:00:59,I,03,폐업,2017-03-29 12:38:25,,2016-11-22,,서울특별시 동대문구 장안동 417번지 14호 평산하우스 1층 101호,PHMH320163050034087500059,3050000,"서울특별시 동대문구 천호대로83길 23, 1층 101호 (장안동, 평산하우스)",02636,03,폐업,,,,
지에스25 장안골든점,2021-02-15,206170.308088921,451470.889060822,2026-04-26 22:00:57,I,03,폐업,2021-02-15 17:51:20,,2016-11-29,,서울특별시 동대문구 장안동 359번지 16호 1층,PHMH320163050034087500061,3050000,"서울특별시 동대문구 천호대로91길 89, 1층 (장안동)",02643,03,폐업,,,,
씨유 용두동아점,2017-10-11,202665.983967973,452376.873290658,2026-04-26 22:00:57,I,03,폐업,2017-10-11 17:13:01,,2016-12-01,,서울특별시 동대문구 용두동 127번지 17호 DW빌딩 1층,PHMH320163050034087500062,3050000,"서울특별시 동대문구 천호대로 68, 1층 (용두동, DW빌딩)",02588,03,폐업,,,,02-922-8344
미니스톱 장안래미안점,2017-08-14,206444.23682391,452277.930796015,2026-04-26 22:00:56,I,03,폐업,2017-08-14 16:46:51,,2013-04-11,130-840,서울특별시 동대문구 장안동 330번지 5호,PHMH320133050034087500037,3050000,서울특별시 동대문구 답십리로69길 11 (장안동),02523,03,폐업,,,,22125574
(주)코리아세븐 경희의료원점,2022-08-03,204469.209049094,454934.047367752,2026-04-26 22:00:59,I,03,폐업,2022-08-03 15:06:20,,2013-04-03,130-702,서울특별시 동대문구 회기동 1번지 5호 경희의료원,PHMH320133050034087500038,3050000,"서울특별시 동대문구 경희대로 23 (회기동, 경희의료원)",02447,03,폐업,,,,
세븐일레븐 용두중앙점,2018-04-18,203434.35858775,452613.136074218,2026-04-26 22:00:56,I,03,폐업,2018-04-18 13:19:26,,2013-04-01,130-817,서울특별시 동대문구 용두동 39번지 949호,PHMH320133050034087500039,3050000,서울특별시 동대문구 고산자로30길 24 (용두동),02564,03,폐업,,,,
GS25 장안센터점,2013-12-02,205893.568425533,451440.0165229,2026-04-26 22:00:56,I,03,폐업,2013-12-02 15:37:42,,2013-01-08,130-845,서울특별시 동대문구 장안동 435번지 1호,PHMH320133050034087500040,3050000,서울특별시 동대문구 장한로 48 (장안동),,03,폐업,,,,22471245
씨유 답십리사거리점,2014-09-30,205117.251404966,452271.560270264,2026-04-26 22:00:56,I,03,폐업,2014-10-21 17:39:44,,2013-03-19,130-883,서울특별시 동대문구 답십리동 53번지 45호,PHMH320133050034087500042,3050000,서울특별시 동대문구 답십리로 168 (답십리동),,03,폐업,,,,22464542
GS25 동대문용두점,2017-04-19,203589.797340968,452591.266043598,2026-04-26 22:00:56,I,03,폐업,2017-04-19 11:10:34,,2013-03-08,130-817,서울특별시 동대문구 용두동 39번지 419호 1층,PHMH320133050034087500043,3050000,"서울특별시 동대문구 천호대로31길 50, 1층 (용두동)",02562,03,폐업,,,,
GS25 신설으뜸점,2014-05-16,202228.865973884,452515.112988281,2026-04-26 22:00:56,I,03,폐업,2014-05-16 14:53:18,,2013-03-05,130-812,서울특별시 동대문구 신설동 102번지 4호 1층,PHMH320133050034087500044,3050000,"서울특별시 동대문구 왕산로2길 34, 1층 (신설동)",,03,폐업,,,,
씨유 회기역점,2020-03-31,204948.15892381,454162.585736596,2026-04-26 22:00:56,I,03,폐업,2020-03-31 14:58:48,,2013-03-05,130-876,서울특별시 동대문구 휘경동 319번지 13호,PHMH320133050034087500045,3050000,서울특별시 동대문구 회기로 188 (휘경동),02446,03,폐업,,,,
GS25 동대문휘경점,2017-11-15,205206.755523644,454038.474531585,2026-04-26 22:00:56,I,03,폐업,2017-11-15 17:31:51,,2013-02-25,130-878,서울특별시 동대문구 휘경동 281번지 17호 102호,PHMH320133050034087500046,3050000,"서울특별시 동대문구 망우로12가길 10, 102호 (휘경동)",02497,03,폐업,,,,22125958
씨유 제기한신점,2020-04-07,203500.584388659,454244.748303247,2026-04-26 22:00:56,I,03,폐업,2020-04-07 13:56:22,,2013-12-02,130-863,서울특별시 동대문구 제기동 122번지 139호 1층,PHMH320133050034087500047,3050000,"서울특별시 동대문구 고산자로54길 91, 1층 (제기동)",02467,03,폐업,,,,
세븐일레븐 휘경시민점,2015-04-06,205278.524024703,453893.928087351,2026-04-26 22:00:56,I,03,폐업,2015-04-06 17:43:46,,2013-02-22,130-878,서울특별시 동대문구 휘경동 286번지 121호 1층,PHMH320133050034087500048,3050000,"서울특별시 동대문구 망우로18나길 3, 1층 (휘경동)",,03,폐업,,,,33948014
GS25 전농햇살점,2014-12-01,204119.700801792,452679.74915252,2026-04-26 22:00:56,I,03,폐업,2014-12-03 17:05:53,,2013-02-08,130-857,서울특별시 동대문구 전농동 493번지 71호 107호,PHMH320133050034087500049,3050000,"서울특별시 동대문구 답십리로 55, 107호 (전농동)",,03,폐업,,,,
GS25 장안래미안점,2017-02-02,206538.84863498,452264.04519589,2026-04-26 22:00:59,I,03,폐업,2017-02-02 15:34:22,,2013-01-28,130-840,서울특별시 동대문구 장안동 331번지 10호 102호,PHMH320133050034087500050,3050000,"서울특별시 동대문구 장한로28길 50, 102호 (장안동)",02524,03,폐업,,,,22471722
세븐일레븐 전농사거리점,2016-03-25,205069.250324954,452862.908406277,2026-04-26 22:00:56,I,03,폐업,2016-03-25 14:22:06,,2013-01-24,130-849,서울특별시 동대문구 전농동 35번지 5호 1층,PHMH320133050034087500051,3050000,"서울특별시 동대문구 사가정로13길 4, 1층 (전농동)",02507,03,폐업,,,,070-4217-9670
GS25 답십리삼성점,2013-12-17,205871.48455217,452607.300838198,2026-04-26 22:00:56,I,03,폐업,2013-12-17 15:20:10,,2013-01-17,130-800,서울특별시 동대문구 답십리동 1번지 52호 1층,PHMH320133050034087500052,3050000,"서울특별시 동대문구 한천로 165, 1층 (답십리동)",,03,폐업,,,,22141203
씨유 외대얄개점,2015-09-21,205060.976845352,454735.159133285,2026-04-26 22:00:56,I,03,폐업,2015-09-21 10:41:34,,2013-01-17,130-831,서울특별시 동대문구 이문동 333번지 1호 101호,PHMH320133050034087500053,3050000,"서울특별시 동대문구 회기로25길 121, 101호 (이문동)",02451,03,폐업,,,,
씨유 뉴고려대역점,2019-11-29,203184.999822259,454114.24836338,2026-04-26 22:00:56,I,03,폐업,2019-11-29 16:24:25,,2013-01-11,,서울특별시 동대문구 제기동 136번지 50호 1층,PHMH320133050034087500054,3050000,"서울특별시 동대문구 고산자로 560, 1층 (제기동)",02465,03,폐업,,,,
(주)바이더웨이 장안타운점,2016-04-18,206484.233644024,452169.871290467,2026-04-26 22:00:59,I,03,폐업,2016-05-16 17:26:18,,2013-01-11,130-840,서울특별시 동대문구 장안동 335번지 6호 1층 5호,PHMH320133050034087500056,3050000,"서울특별시 동대문구 답십리로 304, 1층 5호 (장안동)",02637,03,폐업,,,,22425652
GS25 답십리역점,2016-10-06,204698.831170928,451628.940827769,2026-04-26 22:00:56,I,03,폐업,2016-10-06 17:12:12,,2013-01-08,130-759,서울특별시 동대문구 답십리동 994번지 답십리한화아파트 상가 14호,PHMH320133050034087500057,3050000,"서울특별시 동대문구 고미술로 57, 14호 (답십리동, 답십리한화아파트 상가)",02604,03,폐업,,,,22441025
GS25 휘경스타점,2020-02-24,205804.583722433,454284.958623029,2026-04-26 22:00:56,I,03,폐업,2020-02-24 17:42:45,,2013-01-08,130-874,서울특별시 동대문구 휘경동 34번지 53호,PHMH320133050034087500058,3050000,서울특별시 동대문구 망우로 122-10 (휘경동),02501,03,폐업,,,,22458689
씨유 고대1호점,2017-06-09,203035.141992884,454016.433323767,2026-04-26 22:00:56,I,03,폐업,2017-06-09 15:50:57,,2013-01-04,130-860,서울특별시 동대문구 제기동 137번지 45호 1층,PHMH320133050034087500060,3050000,"서울특별시 동대문구 안암로 156, 1층 (제기동)",02473,03,폐업,,,,
GS25 장안스타점,2018-07-12,205935.282110027,451153.480867218,2026-04-26 22:00:56,I,03,폐업,2018-07-12 10:16:56,,2013-01-02,130-846,서울특별시 동대문구 장안동 459번지 1호,PHMH320133050034087500061,3050000,서울특별시 동대문구 장한로6길 42 (장안동),02644,03,폐업,,,,33948869
GS25 답십리삼성점,2015-11-20,205871.48455217,452607.300838198,2026-04-26 22:00:56,I,03,폐업,2015-11-23 10:53:53,,2013-12-17,130-800,서울특별시 동대문구 답십리동 1번지 52호,PHMH320133050034087500064,3050000,"서울특별시 동대문구 한천로 165, 101호 (답십리동, 이화빌딩)",02534,03,폐업,,,,22141203
GS25 동대문배봉,2015-09-16,205834.670344523,452901.735114953,2026-04-26 22:00:56,I,03,폐업,2015-09-16 13:07:46,,2013-12-19,130-848,서울특별시 동대문구 전농동 3번지 57호,PHMH320133050034087500065,3050000,서울특별시 동대문구 한천로39길 28 (전농동),02534,03,폐업,,,,22143772
(주)비지에프리테일 장안쉐르빌점,2014-08-20,206042.010912415,452134.117081334,2026-04-26 22:00:59,I,03,폐업,2014-10-17 15:28:30,,2013-12-20,130-842,서울특별시 동대문구 장안동 385번지 1호,PHMH320133050034087500066,3050000,"서울특별시 동대문구 답십리로68길 24, 1층 (장안동)",,03,폐업,,,,22137111
미니스톱 휘경주공점,2021-08-31,205993.270656311,453432.369638822,2026-04-26 22:00:56,I,03,폐업,2021-08-31 17:43:46,,2013-12-23,130-874,서울특별시 동대문구 휘경동 57번지 3호,PHMH320133050034087500067,3050000,"서울특별시 동대문구 한천로 250, 103호 (휘경동, 주공아파트상가)",02512,03,폐업,,,,
씨유 외대제일점,2019-12-03,205366.673426817,454914.645537489,2026-04-26 22:00:56,I,03,폐업,2019-12-03 15:15:37,,2013-12-31,130-826,서울특별시 동대문구 이문동 293번지 23호 1층,PHMH320133050034087500068,3050000,"서울특별시 동대문구 이문로30길 23, 1층 (이문동)",02419,03,폐업,,,,
씨유 답십리두산점,2015-11-24,205011.345720858,451870.778303081,2026-04-26 22:00:56,I,03,폐업,2015-11-25 11:03:33,,2014-01-20,130-883,서울특별시 동대문구 답십리동 29번지 60호,PHMH320143050034087500001,3050000,"서울특별시 동대문구 답십리로48길 82, 1층 (답십리동)",02615,03,폐업,,,,22468573
(주)비지에프리테일 회기현대점,2015-12-29,204596.460614502,454109.166541657,2026-04-26 22:00:59,I,03,폐업,2015-12-29 15:17:04,,2014-02-04,130-872,서울특별시 동대문구 회기동 65번지 73호,PHMH320143050034087500002,3050000,"서울특별시 동대문구 이문로1길 25, 1층 (회기동)",02461,03,폐업,,,,02-967-7437
(주)비지에프리테일 이문이편한점,2015-09-18,205623.059132399,455899.982370316,2026-04-26 22:00:59,I,03,폐업,2015-09-18 13:39:00,,2014-02-04,130-828,서울특별시 동대문구 이문동 225번지 2호,PHMH320143050034087500003,3050000,"서울특별시 동대문구 이문로54길 46, 110호~112호 (이문동, 이문이편한세상아파트상가동)",02407,03,폐업,,,,02-963-2205
(주)비지에프리테일 전농시립대점,2015-09-30,204698.776644614,453786.184389292,2026-04-26 22:00:56,I,03,폐업,2015-09-30 13:38:12,,2014-03-26,130-851,서울특별시 동대문구 전농동 103번지 19호 101호,PHMH320143050034087500006,3050000,"서울특별시 동대문구 전농로38길 42, 101호 (전농동, 현대빌라트)",02492,03,폐업,,,,22448887
씨유 휘경센터점,2016-06-13,,,2026-04-26 22:00:56,I,03,폐업,2016-06-13 15:50:23,,2014-04-30,130-875,서울특별시 동대문구 휘경동 138번지 32호,PHMH320143050034087500007,3050000,서울특별시 동대문구 외대역동로 46 (휘경동),02433,03,폐업,,,,02-967-2555
GS25 용두사거리점,2015-01-30,202536.147106474,452765.865037064,2026-04-26 22:00:56,I,03,폐업,2015-10-15 10:46:33,,2014-05-22,130-725,서울특별시 동대문구 용두동 236번지 1호 신설동역대우아이빌 101동 101호,PHMH320143050034087500008,3050000,"서울특별시 동대문구 왕산로 52, 101동 101호 (용두동, 신설동역대우아이빌)",02583,03,폐업,,,,
GS25 신설으뜸점,2016-08-04,202228.865973884,452515.112988281,2026-04-26 22:00:56,I,03,폐업,2016-08-04 13:49:37,,2014-05-26,130-812,서울특별시 동대문구 신설동 102번지 4호,PHMH320143050034087500009,3050000,서울특별시 동대문구 왕산로2길 34 (신설동),02582,03,폐업,,,,02-923-6797
GS25 장안햇살점,2016-05-24,205938.598457754,451701.66800195,2026-04-26 22:00:56,I,03,폐업,2016-05-24 17:58:15,,2014-05-26,130-842,서울특별시 동대문구 장안동 375번지 8호,PHMH320143050034087500010,3050000,서울특별시 동대문구 장한로17길 9 (장안동),02628,03,폐업,,,,02-2244-8715
365PLUS편의점 외대역점,2022-09-02,205496.837392136,454696.738725092,2026-04-26 22:00:56,I,03,폐업,2022-09-02 14:27:14,,2014-05-26,130-875,서울특별시 동대문구 휘경동 165번지 11호,PHMH320143050034087500011,3050000,"서울특별시 동대문구 휘경로14길 14, 1층 (휘경동)",02431,03,폐업,,,,
빅마트,2017-07-11,202841.861248087,453769.11796206,2026-04-26 22:00:56,I,03,폐업,2017-07-11 16:58:39,,2014-05-30,130-860,서울특별시 동대문구 제기동 142번지 22호,PHMH320143050034087500012,3050000,서울특별시 동대문구 안암로 124 (제기동),02474,03,폐업,,,,070-8772-7003
GS25 전농사거리점,2015-06-16,205034.906769176,452908.576973875,2026-04-26 22:00:56,I,03,폐업,2015-06-16 17:02:54,,2014-06-26,130-850,서울특별시 동대문구 전농동 60번지 345호,PHMH320143050034087500013,3050000,서울특별시 동대문구 전농로16길 7 (전농동),,03,폐업,,,,
GS25 휘경럭키,2016-10-18,204896.570411648,453956.396423929,2026-04-26 22:00:56,I,03,폐업,2016-10-18 15:42:26,,2014-07-08,130-090,서울특별시 동대문구 휘경동 312번지 11호,PHMH320143050034087500014,3050000,서울특별시 동대문구 전농로38길 89 (휘경동),02494,03,폐업,,,,02-2244-8652
GS25 장안홈타운,2019-08-30,206521.405320134,451940.119059947,2026-04-26 22:00:56,I,03,폐업,2019-08-30 09:42:03,,2014-07-09,130-101,서울특별시 동대문구 장안동 336번지,PHMH320143050034087500015,3050000,"서울특별시 동대문구 장안벚꽃로 107, 2동 102호호 (장안동, 장안현대홈타운상가)",02638,03,폐업,,,,
GS25 외대휘경점,2020-08-18,205519.432676495,454735.44649622,2026-04-26 22:00:56,I,03,폐업,2020-08-18 14:43:48,,2014-07-17,130-875,서울특별시 동대문구 휘경동 163번지 18호,PHMH320143050034087500016,3050000,서울특별시 동대문구 휘경로 30 (휘경동),02432,03,폐업,,,,
씨유 휘경점,2024-03-22,205326.014467519,454077.422005409,2026-04-26 22:00:56,I,03,폐업,2024-03-22 17:01:46,,2014-07-17,130-091,서울특별시 동대문구 휘경동 286번지 334호,PHMH320143050034087500017,3050000,서울특별시 동대문구 망우로16길 26 (휘경동),02496,03,폐업,,,,22178847
세븐일레븐 답십리사거리점,2020-11-04,205117.251404966,452271.560270264,2026-04-26 22:00:56,I,03,폐업,2020-11-04 15:32:50,,2014-07-30,130-031,서울특별시 동대문구 답십리동 53번지 45호,PHMH320143050034087500018,3050000,서울특별시 동대문구 답십리로 168 (답십리동),02607,03,폐업,,,,
씨유 동대문전농점,2018-07-27,205271.704936121,452706.897879436,2026-04-26 22:00:56,I,03,폐업,2018-07-27 10:39:19,,2014-08-05,130-021,서울특별시 동대문구 전농동 10번지,PHMH320143050034087500019,3050000,서울특별시 동대문구 사가정로 148 (전농동),02532,03,폐업,,,,
씨유 장안쉐르빌점,2019-10-31,206042.010912415,452134.117081334,2026-04-26 22:00:56,I,03,폐업,2019-10-31 15:50:45,,2014-08-22,130-101,서울특별시 동대문구 장안동 385번지 1호,PHMH320143050034087500020,3050000,서울특별시 동대문구 답십리로68길 24 (장안동),02624,03,폐업,,,,
씨유 경동시장점,2019-08-28,203358.086492638,452851.179190165,2026-04-26 22:00:56,I,03,폐업,2019-08-28 09:28:33,,2014-09-11,130-817,서울특별시 동대문구 용두동 24번지 1호,PHMH320143050034087500021,3050000,서울특별시 동대문구 왕산로 138-1 (용두동),02560,03,폐업,,,,
미니스톱 신설점,2015-05-27,202136.434632005,452534.940181555,2026-04-26 22:00:59,I,03,폐업,2015-05-27 15:43:44,,2014-09-30,130-812,서울특별시 동대문구 신설동 102번지 26호,PHMH320143050034087500024,3050000,서울특별시 동대문구 천호대로 11-3 (신설동),,03,폐업,,,,
GS25 신이문로점,2016-01-22,205778.846646982,455655.36029045,2026-04-26 22:00:56,I,03,폐업,2016-01-22 16:59:52,,2014-10-02,130-081,서울특별시 동대문구 이문동 220번지 112호,PHMH320143050034087500025,3050000,서울특별시 동대문구 신이문로 37 (이문동),02409,03,폐업,,,,
GS25 이문햇살점,2016-01-08,205026.426736771,454622.777261889,2026-04-26 22:00:56,I,03,폐업,2016-01-08 17:45:19,,2014-10-02,130-081,서울특별시 동대문구 이문동 335번지 11호,PHMH320143050034087500026,3050000,서울특별시 동대문구 이문로13길 12 (이문동),02451,03,폐업,,,,
GS25 회기한양점,2018-09-18,204847.271755442,454322.067066703,2026-04-26 22:00:56,I,03,폐업,2018-09-18 16:06:43,,2014-10-14,130-050,서울특별시 동대문구 회기동 54번지 35호,PHMH320143050034087500027,3050000,서울특별시 동대문구 회기로25길 23 (회기동),02452,03,폐업,,,,
세븐일레븐 회기청량리점,2019-02-26,204862.124023261,454481.261029632,2026-04-26 22:00:56,I,03,폐업,2019-02-26 14:55:55,,2014-10-23,130-872,서울특별시 동대문구 회기동 54번지 62호,PHMH320143050034087500029,3050000,서울특별시 동대문구 회기로23길 61 (회기동),02453,03,폐업,,,,
코리아세븐 장안위더스점,2023-02-03,205456.377749262,451632.96031987,2026-04-26 22:00:59,I,03,폐업,2023-02-03 16:42:22,,2014-10-23,130-837,서울특별시 동대문구 장안동 192번지 75호,PHMH320143050034087500030,3050000,서울특별시 동대문구 한천로 60 (장안동),02631,03,폐업,,,,22127535
GS25 장안양우,2018-10-11,206090.638551025,451942.985371721,2026-04-26 22:00:56,I,03,폐업,2018-10-11 10:57:32,,2014-10-30,130-101,장안동 373번지 1호,PHMH320143050034087500031,3050000,"서울특별시 동대문구 장한로 99, 102호 (장안동, 내안애애플)",02624,03,폐업,,,,
위드미 답십리역점,2014-12-23,204493.131379779,452033.738901808,2026-04-26 22:00:56,I,03,폐업,2014-12-23 16:41:47,,2014-11-10,130-031,서울특별시 동대문구 답십리동 482번지 14호,PHMH320143050034087500033,3050000,서울특별시 동대문구 천호대로67길 43 (답십리동),,03,폐업,,,,33947480
GS25 전농SK점,2016-08-11,205432.661279767,452819.869382201,2026-04-26 22:00:56,I,03,폐업,2016-08-11 17:14:08,,2014-12-04,130-769,서울특별시 동대문구 전농동 10번지 5호,PHMH320143050034087500036,3050000,"서울특별시 동대문구 사가정로 148, 207동 101호 (전농동, SK아파트부상가동)",02532,03,폐업,,,,
(주)코리아세븐 고대용두점,2018-07-31,202450.873448468,453142.843539313,2026-04-26 22:00:59,I,03,폐업,2018-07-31 17:38:42,,2014-12-04,130-824,서울특별시 동대문구 용두동 751번지 1호,PHMH320143050034087500037,3050000,서울특별시 동대문구 무학로45길 27 (용두동),02578,03,폐업,,,,
GS25 청량현대점,2018-12-26,204507.409771246,454145.156618096,2026-04-26 22:00:56,I,03,폐업,2018-12-26 16:56:16,,2014-12-11,130-792,서울특별시 동대문구 회기동 65번지,PHMH320143050034087500038,3050000,"서울특별시 동대문구 이문로1길 21, 101,103호 (회기동, 신현대아파트상가동)",02461,03,폐업,,,,
씨유 장안뉴시티점,2016-11-30,206109.658525853,451980.135831605,2026-04-26 22:00:56,I,03,폐업,2016-11-30 17:05:19,,2014-12-12,130-842,서울특별시 동대문구 장안동 372번지 5호,PHMH320143050034087500039,3050000,"서울특별시 동대문구 장한로 105, 106호 (장안동)",02624,03,폐업,,,,22136688
씨유 답십리삼성위브점,2017-10-17,204696.572647481,452195.522783718,2026-04-26 22:00:56,I,03,폐업,2017-10-17 11:46:53,,2014-12-17,130-802,서울특별시 동대문구 답십리동 178번지,PHMH320143050034087500040,3050000,"서울특별시 동대문구 답십리로 130, 1층 2-3호 (답십리동, 래미안위브아파트상가)",02598,03,폐업,,,,22437343
(주)비지에프리테일 장안관광호텔점,2017-11-15,205320.396297203,451122.642371749,2026-04-26 22:00:59,I,03,폐업,2017-11-15 12:59:32,,2014-12-18,130-843,서울특별시 동대문구 장안동 414번지 4호,PHMH320143050034087500041,3050000,"서울특별시 동대문구 천호대로 377, 1층 (장안동)",02633,03,폐업,,,,
GS25 답십리래미안점,2018-03-05,204696.572647481,452195.522783718,2026-04-26 22:00:56,I,03,폐업,2018-03-05 14:55:03,,2014-12-29,130-802,서울특별시 동대문구 답십리동 178번지,PHMH320143050034087500043,3050000,"서울특별시 동대문구 답십리로 130, 2블럭4-1호 (답십리동)",02598,03,폐업,,,,
GS25 제기롯데점,2018-01-09,203085.866786086,452766.014195644,2026-04-26 22:00:56,I,03,폐업,2019-01-09 18:00:43,,2015-01-02,130-745,서울특별시 동대문구 용두동 790번지,PHMH320153050034087500001,3050000,"서울특별시 동대문구 정릉천동로 58, 1층 135호 (용두동)",02566,03,폐업,,,,
GS25 답십리한천로점,2019-11-01,205806.63009664,452671.744951142,2026-04-26 22:00:56,I,03,폐업,2019-11-01 10:58:34,,2015-01-12,130-800,서울특별시 동대문구 답십리동 1번지 548호,PHMH320153050034087500002,3050000,"서울특별시 동대문구 한천로37길 19, 1층 (답십리동)",02535,03,폐업,,,,
GS25 답십리위브점,2019-12-30,204583.240350811,451945.959803686,2026-04-26 22:00:56,I,03,폐업,2019-12-30 13:51:05,,2015-01-12,130-803,서울특별시 동대문구 답십리동 322번지 15호,PHMH320153050034087500003,3050000,"서울특별시 동대문구 사가정로2길 56, 102호 (답십리동)",02602,03,폐업,,,,
세븐일레븐 외대앞역점,2019-07-19,205524.323420961,454787.299189399,2026-04-26 22:00:56,I,03,폐업,2019-07-19 16:35:58,,2015-01-14,130-825,서울특별시 동대문구 이문동 82번지 13호,PHMH320153050034087500004,3050000,"서울특별시 동대문구 휘경로 29-5, 1층 (이문동)",02427,03,폐업,,,,
(주)코리아세븐 성바오로병원점,2019-04-25,203773.011885459,452994.518696698,2026-04-26 22:00:59,I,03,폐업,2019-04-25 09:47:42,,2015-01-30,130-709,서울특별시 동대문구 전농동 620번지 56호 1층,PHMH320153050034087500006,3050000,"서울특별시 동대문구 왕산로 180, 1층 (전농동)",02559,03,폐업,,,,
(주)비지에프리테일 청량리경찰서점,2015-06-24,203900.727367772,453480.356785847,2026-04-26 22:00:59,I,03,폐업,2015-06-24 15:13:29,,2015-02-04,130-867,서울특별시 동대문구 청량리동 224번지 2호 1층,PHMH320153050034087500008,3050000,"서울특별시 동대문구 약령시로21길 5, 1층 (청량리동)",,03,폐업,,,,
GS25 용두드림점,2016-05-30,202701.73182542,452825.237783414,2026-04-26 22:00:56,I,03,폐업,2016-05-30 14:04:44,,2015-02-17,130-820,서울특별시 동대문구 용두동 112번지 8호 1층,PHMH320153050034087500010,3050000,"서울특별시 동대문구 왕산로 72, 1층 (용두동)",02584,03,폐업,,,,
씨유 이문투니온점,2023-11-01,205425.327338598,455689.903962813,2026-04-26 22:00:56,I,03,폐업,2023-11-01 16:16:59,,2015-02-27,130-827,서울특별시 동대문구 이문동 256번지 2호 101호,PHMH320153050034087500011,3050000,"서울특별시 동대문구 이문로 190, 101호 (이문동)",02406,03,폐업,,,,
세븐일레븐 경희대기숙사점,2023-04-24,204923.28108581,454661.990423937,2026-04-26 22:00:56,I,03,폐업,2023-04-24 15:57:05,,2015-03-05,130-831,서울특별시 동대문구 이문동 346번지 5호 1층,PHMH320153050034087500013,3050000,"서울특별시 동대문구 이문로9길 46, 1층 (이문동)",02451,03,폐업,,,,
씨유 장안포레스트점,2020-02-07,206106.483386124,451011.194201757,2026-04-26 22:00:56,I,03,폐업,2020-02-07 09:50:32,,2015-03-18,130-846,서울특별시 동대문구 장안동 466번지 5호 101호,PHMH320153050034087500014,3050000,"서울특별시 동대문구 천호대로97길 9, 101호 (장안동)",02645,03,폐업,,,,22146696
씨유 청량코아점,2025-05-02,203895.879977563,453272.124807602,2026-04-26 22:00:56,I,03,폐업,2025-05-02 15:47:43,,2015-03-25,130-867,서울특별시 동대문구 청량리동 300번지 1층,PHMH320153050034087500016,3050000,"서울특별시 동대문구 홍릉로 16, 1층 (청량리동)",02490,03,폐업,,,,
(주)코리아세븐 외대경희점,2024-11-15,204927.820491602,455106.435322732,2026-04-26 22:00:59,I,03,폐업,2024-11-15 13:07:23,,2019-11-26,,서울특별시 동대문구 이문동 264번지 302호 102호,PHMH320193050034087500039,3050000,"서울특별시 동대문구 이문로9나길 6-14, 102호 (이문동)",02449,03,폐업,,,,
지에스25  답십리센터점,2025-01-13,204804.103960413,452655.706480942,2026-04-26 22:00:57,I,03,폐업,2025-01-13 15:06:30,,2019-12-11,,서울특별시 동대문구 전농동 325번지 139호 1층,PHMH320193050034087500041,3050000,"서울특별시 동대문구 사가정로5길 1, 1층 (전농동)",02548,03,폐업,,,,
코리아세븐 청계두물다리점,2023-12-28,202860.434716803,452096.504043958,2026-04-26 22:00:57,I,03,폐업,2023-12-28 15:28:38,,2019-12-17,,서울특별시 동대문구 용두동 255번지 53호 청광빌딩 1층 101호,PHMH320193050034087500042,3050000,"서울특별시 동대문구 청계천로 509, 청광빌딩 1층 101호 (용두동)",02589,03,폐업,,,,
지에스25 장안벤처빌점,2023-11-27,206009.495097994,451806.846262685,2026-04-26 22:00:57,I,03,폐업,2023-11-27 14:25:52,,2019-12-23,,서울특별시 동대문구 장안동 374번지 1호 장안현대벤처빌 111호 112호,PHMH320193050034087500043,3050000,"서울특별시 동대문구 장한로 85, 장안현대벤처빌 111호,112호 (장안동)",02625,03,폐업,,,,
지에스25 휘경JS점,2024-01-22,205617.104388076,454298.230422924,2026-04-26 22:00:57,I,03,폐업,2024-01-22 14:28:08,,2020-01-15,,서울특별시 동대문구 휘경동 42번지 23호 1층 좌측,PHMH320203050034087500002,3050000,"서울특별시 동대문구 망우로 101, 1층 좌측호 (휘경동)",02436,03,폐업,,,,
지에스25 장안뉴러브점,2024-12-18,206255.432260406,452017.992149394,2026-04-26 22:00:57,I,03,폐업,2024-12-18 13:11:54,,2020-01-16,,서울특별시 동대문구 장안동 345번지 1호 어반슈필라움 101호,PHMH320203050034087500003,3050000,"서울특별시 동대문구 장한로26가길 29, 어반슈필라움 1층 101호 (장안동)",02639,03,폐업,,,,
이마트24 동대문망우로점,2021-04-23,205754.942835775,454349.694317829,2026-04-26 22:00:57,I,03,폐업,2021-04-23 16:04:13,,2020-01-20,,서울특별시 동대문구 휘경동 72번지 7호 1층 2호,PHMH320203050034087500005,3050000,"서울특별시 동대문구 망우로 117, 1층 2호 (휘경동)",02436,03,폐업,,,,
지에스25 답십리하늘점,2022-07-22,204814.685158893,451460.510691169,2026-04-26 22:00:57,I,03,폐업,2022-07-22 16:31:14,,2020-01-21,,"서울특별시 동대문구 답십리동 492번지 1호 네모313빌딩 1층  6,7호",PHMH320203050034087500007,3050000,"서울특별시 동대문구 천호대로 313, 네모313빌딩 1층 6,7호 (답십리동)",02622,03,폐업,,,,
지에스25 중랑교점,2024-05-08,205852.529249014,454326.558995892,2026-04-26 22:00:57,I,03,폐업,2024-05-08 17:32:28,,2020-01-30,,서울특별시 동대문구 휘경동 34번지 10호 1층  좌측호,PHMH320203050034087500008,3050000,"서울특별시 동대문구 망우로 126, 1층 좌측호 (휘경동)",02501,03,폐업,,,,
지에스25  청계푸르지오점,2024-11-29,204400.365537226,451854.716617007,2026-04-26 22:00:57,I,03,폐업,2024-12-02 11:10:53,,2020-02-10,,서울특별시 동대문구 답십리동 497번지 23호 청계 푸르지오시티 지하1층  104호,PHMH320203050034087500011,3050000,"서울특별시 동대문구 천호대로 257, 지하1층 104호 (답십리동, 청계 푸르지오시티)",02603,03,폐업,,,,
씨유 휘경해모로점,2023-10-24,205452.387707112,454285.918256751,2026-04-26 22:00:57,I,03,폐업,2023-10-24 15:39:27,,2020-03-18,,서울특별시 동대문구 휘경동 79번지 5호 1층,PHMH320203050034087500016,3050000,"서울특별시 동대문구 망우로21가길 12, 1층 (휘경동)",02436,03,폐업,,,,
지에스25  전농햇살점,2022-07-26,204119.700801792,452679.74915252,2026-04-26 22:00:57,I,03,폐업,2022-07-26 09:42:48,,2020-04-27,,서울특별시 동대문구 전농동 493번지 71호 107호,PHMH320203050034087500019,3050000,"서울특별시 동대문구 답십리로 55, 107호 (전농동)",02558,03,폐업,,,,
지에스(GS)25 장안월드점,2021-08-31,206204.218878616,451161.226461379,2026-04-26 22:00:57,I,03,폐업,2021-08-31 17:46:15,,2020-05-21,,서울특별시 동대문구 장안동 455번지 3호 1층,PHMH320203050034087500020,3050000,"서울특별시 동대문구 장한로8길 84, 1층 (장안동)",02646,03,폐업,,,,
지에스25(GS25) 동대문장안교점,2025-05-26,206439.697318034,452986.873668666,2026-04-26 22:00:57,I,03,폐업,2025-05-26 13:25:41,,2020-06-10,,서울특별시 동대문구 장안동 314번지 4호 1층,PHMH320203050034087500022,3050000,"서울특별시 동대문구 사가정로 260, 1층 (장안동)",02519,03,폐업,,,,
지에스25(GS25)회기자인M점,2022-09-14,204947.656544513,454375.457103592,2026-04-26 22:00:57,I,03,폐업,2022-09-14 16:09:53,,2020-07-03,,서울특별시 동대문구 이문동 341-15 자인M TOWER 101호,PHMH320203050034087500024,3050000,"서울특별시 동대문구 이문로 47, 자인M TOWER 101호 (이문동)",02452,03,폐업,,,,
지에스25 답십리한양점,2025-05-21,205258.911999431,452267.221277907,2026-04-26 22:00:57,I,03,폐업,2025-05-21 13:20:29,,2020-08-14,,서울특별시 동대문구 답십리동 62-19,PHMH320203050034087500026,3050000,"서울특별시 동대문구 답십리로 182, 1층 (답십리동)",02607,03,폐업,,,,
지에스25 외대휘경,2023-08-21,205519.432676495,454735.44649622,2026-04-26 22:00:57,I,03,폐업,2023-08-21 17:16:47,,2020-08-18,,서울특별시 동대문구 휘경동 163-18,PHMH320203050034087500027,3050000,서울특별시 동대문구 휘경로 30 (휘경동),02432,03,폐업,,,,02-957-2522
(주)코리아세븐 답십리역점,2025-08-19,204750.498366411,451520.024760224,2026-04-26 22:00:59,I,03,폐업,2025-08-19 15:49:58,,2020-10-07,,서울특별시 동대문구 답십리동 493-4,PHMH320203050034087500034,3050000,"서울특별시 동대문구 천호대로 305, 1층 (답십리동)",02604,03,폐업,,,,
씨유 답십리두산점,2024-06-17,205011.345720858,451870.778303081,2026-04-26 22:00:58,I,03,폐업,2024-06-17 15:31:30,,2020-10-20,,서울특별시 동대문구 답십리동 29-60,PHMH320203050034087500035,3050000,"서울특별시 동대문구 답십리로48길 82, 1층 (답십리동)",02615,03,폐업,,,,
세븐일레븐 신이문역점,2024-11-08,205850.036959291,455676.187399755,2026-04-26 22:00:58,I,03,폐업,2024-11-08 12:52:26,,2020-10-30,,서울특별시 동대문구 이문동 217-28,PHMH320203050034087500036,3050000,"서울특별시 동대문구 한천로 479, 1층 (이문동)",02409,03,폐업,28,,,
지에스25(GS25) 동대문SK,2023-07-03,205271.704936121,452706.897879436,2026-04-26 22:00:58,I,03,폐업,2023-07-03 13:44:46,,2020-12-14,,"서울특별시 동대문구 전농동 10 상가1동 106,7호",PHMH320203050034087500043,3050000,"서울특별시 동대문구 사가정로 148, 상가1동 106,107호 (전농동, 전농 SK아파트)",02532,03,폐업,,,,
씨유 고대1호점,2024-11-26,203035.141992884,454016.433323767,2026-04-26 22:00:58,I,03,폐업,2024-11-26 13:11:24,,2021-02-26,,서울특별시 동대문구 제기동 137-45,PHMH320213050034087500004,3050000,"서울특별시 동대문구 안암로 156, 1층 (제기동)",02473,03,폐업,,,,
씨유 답십리삼성위브점,2024-04-17,204696.572647481,452195.522783718,2026-04-26 22:00:58,I,03,폐업,2024-04-17 14:49:09,,2021-03-08,,서울특별시 동대문구 답십리동 1003 래미안위브,PHMH320213050034087500005,3050000,"서울특별시 동대문구 답십리로 130, 근린생활시설-2동 2-3호 (답십리동, 래미안위브)",02598,03,폐업,40,,,
지에스(GS)25답십리한신점,2022-04-27,205478.615377857,451960.247928086,2026-04-26 22:00:58,I,03,폐업,2022-04-27 14:00:10,,2021-03-24,,서울특별시 동대문구 답십리동 4-73,PHMH320213050034087500006,3050000,"서울특별시 동대문구 한천로17길 23, 1층 (답십리동)",02611,03,폐업,49,,,
미니스톱 장안금빛점,2024-02-23,206008.689698729,452066.002480529,2026-04-26 22:00:58,I,03,폐업,2024-02-23 16:19:32,,2021-04-12,,서울특별시 동대문구 장안동 391-1,PHMH320213050034087500007,3050000,"서울특별시 동대문구 한천로26길 58, 1층 101호 (장안동)",02624,03,폐업,62,,,
지에스(GS)25 장안성광점,2025-04-11,205652.39234463,451231.787666259,2026-04-26 22:00:58,I,03,폐업,2025-04-11 13:25:25,,2021-04-20,,서울특별시 동대문구 장안동 417-14 평산하우스,PHMH320213050034087500009,3050000,"서울특별시 동대문구 천호대로83길 23, 1층 101호 (장안동, 평산하우스)",02636,03,폐업,,,,02-2217-9929
롯데씨브이에스711 장안센트럴점,2024-04-03,205867.033392196,452405.471472474,2026-04-26 22:00:59,I,03,폐업,2024-04-03 17:16:31,,2021-04-30,,서울특별시 동대문구 장안동 535,PHMH320213050034087500011,3050000,"서울특별시 동대문구 한천로 146, 1층 (장안동)",02529,03,폐업,,,,
(주)코리아세븐 고대안암골점,2022-10-07,202943.797952618,453482.037268787,2026-04-26 22:00:59,I,03,폐업,2022-10-07 17:41:19,,2021-05-11,,서울특별시 동대문구 제기동 218-4 해오름,PHMH320213050034087500012,3050000,"서울특별시 동대문구 약령시로5길 22-4, 1층 101호 (제기동, 해오름)",02476,03,폐업,,,,02-921-7110
씨유 동대문도서관점,2023-04-03,202145.732067019,452373.522309891,2026-04-26 22:00:58,I,03,폐업,2023-04-03 10:48:55,,2021-05-21,,서울특별시 동대문구 신설동 104-30,PHMH320213050034087500013,3050000,"서울특별시 동대문구 천호대로2길 23-17, 1층 (신설동)",02586,03,폐업,,,,
지에스25전농시립대로점,2024-10-29,204605.949665875,453108.225057338,2026-04-26 22:00:58,I,03,폐업,2024-10-29 18:20:59,,2021-05-31,,서울특별시 동대문구 전농동 209-79,PHMH320213050034087500014,3050000,"서울특별시 동대문구 서울시립대로18길 28, 1층 (전농동)",02550,03,폐업,,,,
지에스(GS)25 청량사랑점,2022-08-31,203828.823156356,453290.633976694,2026-04-26 22:00:58,I,03,폐업,2022-08-31 15:57:55,,2021-07-16,,,PHMH320213050034087500015,3050000,서울특별시 동대문구 홍릉로3길 6-1(청량리동),02573,03,폐업,,,,02-963-9870
지에스(GS)25 장안월드점,2022-09-16,206204.218878616,451161.226461379,2026-04-26 22:00:58,I,03,폐업,2022-09-16 14:07:33,,2021-09-01,,서울특별시 동대문구 장안동 455-3,PHMH320213050034087500017,3050000,"서울특별시 동대문구 장한로8길 84, 1층 (장안동)",02646,03,폐업,,,,
롯데씨브이에스711 휘경주공점,2023-04-18,205993.270656311,453432.369638822,2026-04-26 22:00:59,I,03,폐업,2023-04-18 13:27:35,,2021-09-03,,,PHMH320213050034087500018,3050000,"서울특별시 동대문구 한천로 250, 1층 103호 (휘경동, 주공아파트)",02512,03,폐업,,,,02-2103-9517
㈜코리아세븐 장안위니드점,2023-11-16,206120.146758092,451360.871766337,2026-04-26 22:00:59,I,03,폐업,2023-11-16 13:52:56,,2021-10-08,,서울특별시 동대문구 장안동 438-6 위니드펠리체,PHMH320213050034087500023,3050000,"서울특별시 동대문구 장한로10길 51, 101호 (장안동, 위니드펠리체)",02643,03,폐업,,,,
롯데씨브이에스711 장안3점,2023-02-08,205523.386355597,451458.688563648,2026-04-26 22:00:59,I,03,폐업,2023-02-08 11:00:39,,2021-12-31,,서울특별시 동대문구 장안동 403-1,PHMH320213050034087500027,3050000,"서울특별시 동대문구 천호대로77길 84, 1층 (장안동)",02635,03,폐업,,,,
(주)코리아세븐 청량리전농점,2025-08-12,204253.579976113,453388.26636805,2026-04-26 22:00:59,I,03,폐업,2025-08-12 14:43:21,,2022-02-08,,서울특별시 동대문구 전농동 597-11 전농동복합시설(청량리역DUO196),PHMH320223050034087500002,3050000,"서울특별시 동대문구 왕산로 244, 전농동복합시설(청량리역DUO196) 1층 101호 (전농동)",02554,03,폐업,,,,02-969-9520
(주)가온푸드유통 이마트24 추모관점,2025-07-17,205622.06846433,454114.388026134,2026-04-26 22:00:59,I,03,폐업,2025-07-17 15:28:41,,2022-03-30,,"서울특별시 동대문구 휘경동 29-1 삼육서울병원, 삼육보건대학교",PHMH320223050034087500004,3050000,"서울특별시 동대문구 망우로 82, 삼육서울병원 추모관 지하1층 (휘경동)",02500,03,폐업,,,,
지에스(GS)25답십리한신점,2022-12-20,205478.615377857,451960.247928086,2026-04-26 22:00:59,I,03,폐업,2022-12-20 14:19:16,,2022-04-27,,서울특별시 동대문구 답십리동 4-73,PHMH320223050034087500006,3050000,"서울특별시 동대문구 한천로17길 23, 1층 (답십리동)",02611,03,폐업,,,,
씨유 답십리점,2023-04-28,204254.260169616,452250.533691528,2026-04-26 22:00:58,I,03,폐업,2023-04-28 13:17:00,,2022-07-04,,서울특별시 동대문구 답십리동 469-1,PHMH320223050034087500015,3050000,서울특별시 동대문구 서울시립대로2길 60(답십리동),02595,03,폐업,,,,
씨유(CU) 답십리타운점,2023-09-15,204971.120588577,452125.528871725,2026-04-26 22:00:58,I,03,폐업,2023-09-15 14:40:45,,2022-08-01,,서울특별시 동대문구 답십리동 252-4,PHMH320223050034087500018,3050000,"서울특별시 동대문구 전농로 73, 1층 (답십리동)",02599,03,폐업,,,,
씨유 장안드림점,2025-05-09,206444.23682391,452277.930796015,2026-04-26 22:00:58,I,03,폐업,2025-05-09 14:06:09,,2022-08-31,,서울특별시 동대문구 장안동 330-5,PHMH320223050034087500019,3050000,"서울특별시 동대문구 답십리로69길 11, 1층 (장안동)",02523,03,폐업,,,,
지에스25 전농미소점,2025-04-30,204216.987721325,452891.614235249,2026-04-26 22:00:58,I,03,폐업,2025-04-30 14:13:49,,2022-09-22,,서울특별시 동대문구 전농동 687 전농동신성미소지움아파트,PHMH320223050034087500021,3050000,"서울특별시 동대문구 서울시립대로 75, 102동 101호 (전농동, 전농동신성미소지움아파트)",02558,03,폐업,,,,
씨유 용두두산위브점,2023-04-07,203210.265690574,452389.764467771,2026-04-26 22:00:58,I,03,폐업,2023-04-07 13:26:01,,2022-10-11,,서울특별시 동대문구 용두동 791-1 두산위브아파트,PHMH320223050034087500022,3050000,"서울특별시 동대문구 천호대로 124, 두산위브아파트 상가동 102,103호 (용두동)",02590,03,폐업,,,,
(주)코리아세븐 용두래미안점,2024-07-05,202430.919242359,452924.633960456,2026-04-26 22:00:59,I,03,폐업,2024-07-05 14:35:49,,2022-10-12,,서울특별시 동대문구 용두동 210-8,PHMH320223050034087500023,3050000,"서울특별시 동대문구 한빛로 52, 1층 (용두동)",02579,03,폐업,,,,
(주)코리아세븐 용두중앙점,2025-08-19,202791.904444499,452735.253279225,2026-04-26 22:00:59,I,03,폐업,2025-08-19 16:13:12,,2023-02-13,,서울특별시 동대문구 용두동 105-19,PHMH320233050034087500003,3050000,"서울특별시 동대문구 천호대로17길 64, 1층 (용두동)",02585,03,폐업,,,,
(주)코리아세븐 신이문로점,2024-07-05,205551.357818093,455664.615303802,2026-04-26 22:00:59,I,03,폐업,2024-07-05 14:52:00,,2023-03-29,,서울특별시 동대문구 이문동 242-28 명빌딩,PHMH320233050034087500009,3050000,"서울특별시 동대문구 신이문로9길 5-2, 명빌딩 1층 (이문동)",02406,03,폐업,,,,
씨유 전농삼성점,2025-11-12,204840.97840131,453293.408953766,2026-04-26 22:00:58,I,03,폐업,2025-11-12 13:38:20,,2023-05-01,,서울특별시 동대문구 전농동 155 전농동삼성아파트,PHMH320233050034087500016,3050000,"서울특별시 동대문구 전농로 192, 상가 1층 105호 (전농동, 전농동삼성아파트)",02505,03,폐업,,,,
씨유 전농해성점,2025-05-09,204984.149243742,452970.302556379,2026-04-26 22:00:58,I,03,폐업,2025-05-09 16:34:08,,2023-07-05,,서울특별시 동대문구 전농동 60-25,PHMH320233050034087500024,3050000,"서울특별시 동대문구 전농로20길 4, 1층 (전농동)",02506,03,폐업,,,,
(주)비지에프리테일 전농우리점,2023-12-12,204783.248543264,453170.867259745,2026-04-26 22:00:59,I,03,폐업,2023-12-13 10:57:04,,2023-07-31,,서울특별시 동대문구 전농동 197-7,PHMH320233050034087500025,3050000,"서울특별시 동대문구 전농로23길 8, 1층 (전농동)",02544,03,폐업,,,,
이마트24 전농배봉로점,2025-05-02,204500.423042609,453173.084973306,2026-04-26 22:00:58,I,03,폐업,2025-05-02 14:33:37,,2023-10-17,,서울특별시 동대문구 전농동 582-3,PHMH320233050034087500033,3050000,"서울특별시 동대문구 서울시립대로 118, 1층 (전농동)",02550,03,폐업,,,,
씨유 휘경해모로점,2024-12-02,205452.387707112,454285.918256751,2026-04-26 22:00:58,I,03,폐업,2024-12-02 11:22:47,,2023-10-24,,서울특별시 동대문구 휘경동 79-5,PHMH320233050034087500034,3050000,"서울특별시 동대문구 망우로21가길 12, 1층 (휘경동)",02436,03,폐업,,,,02-3394-7819
(주)비지에프리테일 전농우리점,2024-02-21,204783.248543264,453170.867259745,2026-04-26 22:00:59,I,03,폐업,2024-02-21 14:33:02,,2023-12-13,,서울특별시 동대문구 전농동 197-7,PHMH320233050034087500039,3050000,"서울특별시 동대문구 전농로23길 8, 1층 (전농동)",02544,03,폐업,,,,
씨유(CU) 신흥래미안점,2025-08-01,204895.221861864,452222.757305655,2026-04-26 22:00:59,I,03,폐업,2025-08-01 14:10:41,,2023-12-26,,서울특별시 동대문구 답십리동 249-24,PHMH320233050034087500041,3050000,"서울특별시 동대문구 전농로3길 102, 1층 (답십리동)",02599,03,폐업,,,,
(주)코리아세븐 동대문신설점,2025-04-25,202213.142496967,452711.885660789,2026-04-26 22:00:59,I,03,폐업,2025-04-25 15:53:25,,2024-01-12,,서울특별시 동대문구 신설동 89-20 민족통일대통령빌딩,PHMH320243050034087500001,3050000,"서울특별시 동대문구 왕산로 21, 민족통일대통령빌딩 1층 101호 (신설동)",02580,03,폐업,,,,
코리아세븐 청계두물다리점,2025-04-16,202860.434716803,452096.504043958,2026-04-26 22:00:59,I,03,폐업,2025-04-16 15:57:14,,2024-01-18,,서울특별시 동대문구 용두동 255-53 청광빌딩,PHMH320243050034087500002,3050000,"서울특별시 동대문구 청계천로 509, 청광빌딩 1층 101호 (용두동)",02589,03,폐업,,,,
씨유(CU) 래미안 아름숲,2025-07-31,205230.401831584,452918.582914393,2026-04-26 22:00:59,I,03,폐업,2025-08-07 17:51:58,,2024-02-21,,서울특별시 동대문구 전농동 688-3 래미안아름숲 상가,PHMH320243050034087500007,3050000,"서울특별시 동대문구 사가정로17길 15, 래미안아름숲 상가 1층 108호 (전농동)",02507,03,폐업,,,,
씨유(CU)장안래미안1차,2025-03-04,206296.915447815,451669.713565352,2026-04-26 22:00:59,I,03,폐업,2025-03-04 17:33:38,,2024-02-21,,서울특별시 동대문구 장안동 349-16 유림빌딩,PHMH320243050034087500009,3050000,"서울특별시 동대문구 답십리로72길 114, 유림빌딩 1층 (장안동)",02640,03,폐업,,,,
(주)코리아세븐 장안센트럴점,2024-06-10,205867.033392196,452405.471472474,2026-04-26 22:00:59,I,03,폐업,2024-06-10 17:08:38,,2024-04-03,,서울특별시 동대문구 장안동 535,PHMH320243050034087500016,3050000,"서울특별시 동대문구 한천로 146, 1층 우측 전부 (장안동)",02529,03,폐업,,,,
(주)비지에프리테일 제기고대역점,2025-02-12,203329.607071525,454092.898622518,2026-04-26 22:00:59,I,03,폐업,2025-02-12 16:24:50,,2024-06-25,,서울특별시 동대문구 제기동 122-418,PHMH320243050034087500025,3050000,"서울특별시 동대문구 고산자로56길 34, 1층 (제기동)",02466,03,폐업,,,,
씨유 장안뉴시티점,2020-11-19,206109.658525853,451980.135831605,2026-04-26 22:00:57,I,03,폐업,2020-11-19 16:53:14,,2016-12-01,,서울특별시 동대문구 장안동 372번지 5호 장안 NEW CITY 106호,PHMH320163050034087500063,3050000,"서울특별시 동대문구 장한로 105, 106호 (장안동, 장안 NEW CITY)",02624,03,폐업,,,,02-2213-6688
지에스25 청량대일점,2019-11-13,203743.598607972,452993.535471829,2026-04-26 22:00:57,I,03,폐업,2019-11-13 15:35:23,,2016-12-05,,서울특별시 동대문구 전농동 620번지 70호 1층,PHMH320163050034087500064,3050000,"서울특별시 동대문구 왕산로 178, 1층 (전농동)",02559,03,폐업,,,,02-966-9535
365플러스 경희대점,2019-04-29,204431.885850638,454495.666459252,2026-04-26 22:00:57,I,03,폐업,2019-04-29 16:21:20,,2017-01-05,,서울특별시 동대문구 회기동 42번지 80호 MAIBAUM 회기 1층,PHMH320173050034087500003,3050000,"서울특별시 동대문구 경희대로3길 27, 1층 (회기동, MAIBAUM 회기)",02454,03,폐업,,,,
지에스25 장안썬앤빌점,2018-08-20,206057.985138022,451879.220901722,2026-04-26 22:00:57,I,03,폐업,2018-08-20 14:32:25,,2017-01-05,,서울특별시 동대문구 장안동 373번지 3호 103호,PHMH320173050034087500004,3050000,"서울특별시 동대문구 장한로 91, 103호 (장안동)",02624,03,폐업,,,,
지에스25 장한평역점,2017-10-26,205717.469811592,451120.5353714,2026-04-26 22:00:57,I,03,폐업,2017-10-26 17:43:21,,2017-01-11,,서울특별시 동대문구 장안동 433번지 7호 조광빌딩 1층 102호,PHMH320173050034087500005,3050000,"서울특별시 동대문구 장한로 10, 1층 102호 (장안동, 조광빌딩)",02644,03,폐업,,,,02-2244-0603
지에스25 장안래미안,2020-02-24,206538.84863498,452264.04519589,2026-04-26 22:00:59,I,03,폐업,2020-02-24 16:56:52,,2017-02-02,,서울특별시 동대문구 장안동 331번지 10호 102호,PHMH320173050034087500008,3050000,"서울특별시 동대문구 장한로28길 50, 102호 (장안동)",02524,03,폐업,,,,
씨유 전농대로점,2019-05-15,204341.248955816,452933.20325837,2026-04-26 22:00:57,I,03,폐업,2019-05-15 15:13:34,,2017-02-10,,서울특별시 동대문구 전농동 567번지 8호 1층,PHMH320173050034087500009,3050000,"서울특별시 동대문구 서울시립대로 88-1, 1층 (전농동)",02551,03,폐업,,,,
씨유 답십리썬앤빌점,2022-04-18,204802.884455346,451543.494717439,2026-04-26 22:00:57,I,03,폐업,2022-04-18 14:45:10,,2017-03-07,,서울특별시 동대문구 답십리동 530번지 15호 현대썬앤빌청계 108호,PHMH320173050034087500010,3050000,"서울특별시 동대문구 고미술로 71, 1층 108호 (답십리동, 현대썬앤빌청계)",02604,03,폐업,,,,02-2245-5064
(주)코리아세븐 안암로타리점,2023-02-02,202578.94810326,453326.622895604,2026-04-26 22:00:59,I,03,폐업,2023-02-02 17:31:25,,2017-03-10,,서울특별시 동대문구 제기동 1153번지 10호,PHMH320173050034087500012,3050000,"서울특별시 동대문구 무학로 202 (제기동, 라이온스파스텔)",02574,03,폐업,,,,
지에스25 장안삼거리,2024-05-21,206208.378045831,452968.585967109,2026-04-26 22:00:57,I,03,폐업,2024-05-21 17:12:51,,2017-03-14,,서울특별시 동대문구 장안동 285번지 6호,PHMH320173050034087500013,3050000,"서울특별시 동대문구 사가정로 235, 1층 (장안동)",02515,03,폐업,,,,
지에스25 장안주공,2018-02-23,206190.228695097,453109.711081815,2026-04-26 22:00:57,I,03,폐업,2018-02-23 14:21:47,,2017-03-17,,서울특별시 동대문구 장안동 93번지 43호,PHMH320173050034087500014,3050000,서울특별시 동대문구 사가정로25길 34 (장안동),02515,03,폐업,,,,
지에스25 배봉사거리,2021-04-05,205997.769205614,452951.127408426,2026-04-26 22:00:57,I,03,폐업,2021-04-05 13:05:29,,2017-03-23,,서울특별시 동대문구 장안동 108번지 3호,PHMH320173050034087500015,3050000,"서울특별시 동대문구 한천로 202-0, 1층 (장안동)",02518,03,폐업,,,,
지에스25 장안성광점,2019-04-10,205652.39234463,451231.787666259,2026-04-26 22:00:57,I,03,폐업,2019-04-10 16:14:40,,2017-03-30,,서울특별시 동대문구 장안동 417번지 14호 1층,PHMH320173050034087500016,3050000,"서울특별시 동대문구 천호대로83길 23-0, 1층 (장안동, 평산하우스)",02636,03,폐업,,,,
마마트 시립대후문점,2017-05-25,205286.846532215,453853.309647014,2026-04-26 22:00:57,I,03,폐업,2017-05-25 11:55:22,,2017-04-19,,서울특별시 동대문구 휘경동 286번지 225호,PHMH320173050034087500017,3050000,서울특별시 동대문구 망우로18가길 75-7 (휘경동),02498,03,폐업,,,,02-2212-3928
지에스25 동대문용두점,2024-03-27,203589.797340968,452591.266043598,2026-04-26 22:00:57,I,03,폐업,2024-03-27 16:59:19,,2017-04-24,,서울특별시 동대문구 용두동 39번지 419호,PHMH320173050034087500018,3050000,서울특별시 동대문구 천호대로31길 50-0 (용두동),02562,03,폐업,,,,02-959-3423
씨유 장안파스카,2019-05-03,206391.416479376,452825.073097816,2026-04-26 22:00:57,I,03,폐업,2019-05-03 15:06:14,,2017-04-27,,서울특별시 동대문구 장안동 319번지 2호,PHMH320173050034087500019,3050000,"서울특별시 동대문구 장한로36길 15, 1층 105호 (장안동, 장안동신부파스카아파트)",02519,03,폐업,,,,
세븐일레븐 휘경망우로점,2019-04-19,205373.537817145,454127.720159703,2026-04-26 22:00:57,I,03,폐업,2020-07-23 16:16:50,,2017-05-18,,서울특별시 동대문구 휘경동 276번지 42호,PHMH320173050034087500020,3050000,"서울특별시 동대문구 망우로16길 11-4, 1층 (휘경동)",02499,03,폐업,,,,
씨유 군자초교점,2018-02-01,205357.797314535,451210.924019388,2026-04-26 22:00:57,I,03,폐업,2018-02-01 16:50:20,,2017-05-29,,서울특별시 동대문구 장안동 408번지 1호,PHMH320173050034087500023,3050000,"서울특별시 동대문구 천호대로77길 22, 1층 101,102호 (장안동)",02634,03,폐업,,,,02-2215-2065
(주)코리아세븐 장안스타점,2021-12-10,205208.425268795,451145.17393753,2026-04-26 22:00:59,I,03,폐업,2021-12-10 10:34:49,,2017-06-02,,서울특별시 동대문구 장안동 414번지 8호,PHMH320173050034087500025,3050000,"서울특별시 동대문구 천호대로 365, 1층 (장안동)",02633,03,폐업,,,,02-2212-8213
(주)비지에프휴먼넷 고대1호점,2018-05-28,203035.141992884,454016.433323767,2026-04-26 22:00:59,I,03,폐업,2018-05-28 15:23:11,,2017-06-09,,서울특별시 동대문구 제기동 137번지 45호,PHMH320173050034087500028,3050000,"서울특별시 동대문구 안암로 156, 1층 (제기동)",02473,03,폐업,,,,02-929-2288
로그인 휘경점,2018-07-30,205868.49590043,453723.126590653,2026-04-26 22:00:57,I,03,폐업,2018-07-30 16:34:00,,2017-06-21,,서울특별시 동대문구 휘경동 43번지 184호,PHMH320173050034087500029,3050000,"서울특별시 동대문구 한천로 279, 1층 (휘경동)",02503,03,폐업,,,,
씨유 외대이문점,2024-05-29,205289.544423999,454723.65862757,2026-04-26 22:00:57,I,03,폐업,2024-05-29 11:37:39,,2017-06-23,,서울특별시 동대문구 이문동 315번지 4호,PHMH320173050034087500030,3050000,"서울특별시 동대문구 휘경로2길 25 (이문동, 청암빌라)",02441,03,폐업,,,,02-966-7711
지에스25 휘경하랑점,2021-02-15,205632.663210384,454549.772559872,2026-04-26 22:00:57,I,03,폐업,2021-02-15 13:32:21,,2017-06-27,,서울특별시 동대문구 휘경동 155번지 10호,PHMH320173050034087500032,3050000,"서울특별시 동대문구 외대역동로 55, 1층 (휘경동)",02432,03,폐업,,,,02-959-2267
씨유 전농크레시티점,2020-08-05,204600.548630856,452896.420633701,2026-04-26 22:00:57,I,03,폐업,2020-08-05 10:39:36,,2017-07-03,,서울특별시 동대문구 전농동 218번지 24호,PHMH320173050034087500033,3050000,"서울특별시 동대문구 전농로27길 81-24, 1층 (전농동)",02549,03,폐업,,,,
세븐일레븐 외대미니점,2022-08-26,204923.573482286,454945.276493452,2026-04-26 22:00:57,I,03,폐업,2022-08-26 10:58:11,,2017-07-14,,서울특별시 동대문구 이문동 349번지 11호,PHMH320173050034087500034,3050000,"서울특별시 동대문구 이문로9길 105, 103호 (이문동)",02451,03,폐업,,,,
위드미 장안메트로점,2017-09-11,205455.89728078,451519.167568437,2026-04-26 22:00:59,I,03,폐업,2017-09-11 17:54:23,,2017-07-14,,서울특별시 동대문구 장안동 218번지 5호,PHMH320173050034087500035,3050000,서울특별시 동대문구 장한로5길 75 (장안동),02632,03,폐업,,,,
씨유 청량리타운점,2018-04-16,203897.922953036,453018.913708542,2026-04-26 22:00:57,I,03,폐업,2018-04-16 15:23:51,,2017-07-24,,서울특별시 동대문구 전농동 620번지 27호,PHMH320173050034087500036,3050000,"서울특별시 동대문구 답십리로1길 39-5, 1층 (전농동)",02559,03,폐업,,,,
지에스25 장안두봉점,2025-07-22,205904.497466377,451088.609204795,2026-04-26 22:00:57,I,03,폐업,2025-07-22 10:37:13,,2017-08-01,,서울특별시 동대문구 장안동 459번지 3호,PHMH320173050034087500037,3050000,"서울특별시 동대문구 장한로2길 41, 1층 (장안동)",02644,03,폐업,,,,
씨유 장안드림점,2022-08-30,206444.23682391,452277.930796015,2026-04-26 22:00:57,I,03,폐업,2022-08-30 17:29:02,,2017-08-16,,서울특별시 동대문구 장안동 330번지 5호,PHMH320173050034087500039,3050000,"서울특별시 동대문구 답십리로69길 11, 1층 (장안동)",02523,03,폐업,,,,
지에스25 장안에이스점,2023-02-23,205949.712234311,452227.219417727,2026-04-26 22:00:57,I,03,폐업,2023-02-23 14:52:04,,2017-08-22,,서울특별시 동대문구 장안동 143번지 40호,PHMH320173050034087500040,3050000,"서울특별시 동대문구 답십리로 252, 1층 (장안동, 세현빌딩)",02623,03,폐업,,,,
지에스25 전농중앙,2018-10-22,205045.113789624,452623.143798554,2026-04-26 22:00:57,I,03,폐업,2018-10-22 10:26:18,,2017-09-01,,서울특별시 동대문구 전농동 26번지 13호 1층,PHMH320173050034087500044,3050000,"서울특별시 동대문구 전농로 124, 1층 (전농동)",02531,03,폐업,,,,
지에스25 동대문배봉점,2019-09-16,205834.670344523,452901.735114953,2026-04-26 22:00:57,I,03,폐업,2019-09-16 17:23:28,,2017-09-21,,서울특별시 동대문구 전농동 3번지 57호,PHMH320173050034087500045,3050000,"서울특별시 동대문구 한천로39길 28, 1층 (전농동)",02534,03,폐업,,,,
씨유 답십리삼성위브점,2021-03-08,204696.572647481,452195.522783718,2026-04-26 22:00:57,I,03,폐업,2021-03-08 14:11:36,,2017-10-17,,서울특별시 동대문구 답십리동 1003번지 래미안위브아파트상가 1층2-3호,PHMH320173050034087500047,3050000,"서울특별시 동대문구 답십리로 130, 1층 2-3호 (답십리동, 래미안위브아파트상가)",02598,03,폐업,,,,22437343
씨유 용두두산위브점,2022-10-11,203210.265690574,452389.764467771,2026-04-26 22:00:57,I,03,폐업,2022-10-11 09:38:23,,2017-10-26,,서울특별시 동대문구 용두동 791번지 1호 두산위브아파트 제상가동 102~3호,PHMH320173050034087500048,3050000,"서울특별시 동대문구 천호대로 124, 제상가동 1층 102호,103호 (용두동, 두산위브아파트)",02590,03,폐업,,,,02-962-8465
지에스25 휘경사랑점,2019-10-28,205996.909518819,453361.806084615,2026-04-26 22:00:57,I,03,폐업,2019-10-28 13:30:51,,2017-10-27,,서울특별시 동대문구 전농동 1번지 205호 107호,PHMH320173050034087500049,3050000,"서울특별시 동대문구 한천로 242, 1층 107호 (전농동)",02512,03,폐업,,,,02-2216-8142
지에스25 청계푸르지오점,2020-02-10,204400.365537226,451854.716617007,2026-04-26 22:00:57,I,03,폐업,2020-02-10 14:15:16,,2017-10-27,,서울특별시 동대문구 답십리동 497번지 23호 청계푸르지오시티 지1동 B104호,PHMH320173050034087500050,3050000,"서울특별시 동대문구 천호대로 257, 지1층 B104호 (답십리동, 청계푸르지오시티)",02603,03,폐업,,,,02-2212-6112
지에스25 장한평역점,2018-12-21,205717.469811592,451120.5353714,2026-04-26 22:00:57,I,03,폐업,2018-12-21 13:47:13,,2017-10-27,,서울특별시 동대문구 장안동 433번지 7호 조광빌딩 102호,PHMH320173050034087500051,3050000,"서울특별시 동대문구 장한로 10, 1층 102호 (장안동)",02644,03,폐업,,,,
(주)비지에프리테일 장안관광호텔점,2023-12-12,205320.396297203,451122.642371749,2026-04-26 22:00:59,I,03,폐업,2023-12-13 10:57:46,,2017-11-15,,서울특별시 동대문구 장안동 414번지 4호 1층,PHMH320173050034087500055,3050000,"서울특별시 동대문구 천호대로 377, 1층 (장안동)",02633,03,폐업,,,,22491116
지에스25 장안현대점,2023-12-26,206484.233644024,452169.871290467,2026-04-26 22:00:57,I,03,폐업,2023-12-26 15:23:16,,2017-11-30,,서울특별시 동대문구 장안동 335번지 6호 1층,PHMH320173050034087500056,3050000,"서울특별시 동대문구 답십리로 304, 1층 (장안동)",02637,03,폐업,,,,
지에스25 동대문SK,2020-12-14,205271.704936121,452706.897879436,2026-04-26 22:00:57,I,03,폐업,2020-12-14 15:37:17,,2017-12-13,,서울특별시 동대문구 전농동 10번지 전농 SK아파트 상가1동 106~7호,PHMH320173050034087500057,3050000,"서울특별시 동대문구 사가정로 148, 상가1동 106,107호 (전농동, 전농 SK아파트)",02532,03,폐업,,,,
씨유 제기사랑점,2018-02-21,203193.678637322,453176.620525832,2026-04-26 22:00:57,I,03,폐업,2018-02-22 09:32:10,,2018-01-19,,서울특별시 동대문구 제기동 890번지 33호,PHMH320183050034087500002,3050000,서울특별시 동대문구 약령중앙로 29 (제기동),02569,03,폐업,,,,
지에스25 신이문로점,2020-02-17,205778.846646982,455655.36029045,2026-04-26 22:00:57,I,03,폐업,2020-02-17 17:01:57,,2018-02-02,,서울특별시 동대문구 이문동 220번지 111호,PHMH320183050034087500003,3050000,서울특별시 동대문구 신이문로 37 (이문동),02409,03,폐업,,,,
지에스25 외대2점,2021-07-21,205320.214817086,454846.720574944,2026-04-26 22:00:57,I,03,폐업,2021-07-21 17:21:24,,2018-02-06,,서울특별시 동대문구 이문동 288번지 39호,PHMH320183050034087500004,3050000,서울특별시 동대문구 휘경로 10 (이문동),02440,03,폐업,,,,
지에스25 신회기역점,2019-01-11,204893.060364369,454164.506149787,2026-04-26 22:00:57,I,03,폐업,2019-01-11 16:16:05,,2018-02-09,,서울특별시 동대문구 휘경동 319번지 14호,PHMH320183050034087500005,3050000,서울특별시 동대문구 회기로 182 (휘경동),02446,03,폐업,,,,
씨유 청계노벨리아점,2023-02-28,203909.292627006,452395.684361826,2026-04-26 22:00:57,I,03,폐업,2023-02-28 15:21:29,,2018-02-22,,서울특별시 동대문구 답십리동 1008번지 청계와이즈노벨리아 아파트 301동 101호,PHMH320183050034087500006,3050000,"서울특별시 동대문구 서울시립대로 19, 301동 1층 101호 (답십리동, 청계와이즈노벨리아 아파트)",02592,03,폐업,,,,
지에스25 장안주공점,2024-02-29,206190.228695097,453109.711081815,2026-04-26 22:00:57,I,03,폐업,2024-02-29 16:35:04,,2018-02-23,,서울특별시 동대문구 장안동 93번지 43호 101호,PHMH320183050034087500007,3050000,"서울특별시 동대문구 사가정로25길 34, 1층 101호 (장안동)",02515,03,폐업,,,,02-2244-2423
지에스25 동대문지웰,2024-03-29,202036.453390905,452307.687696052,2026-04-26 22:00:57,I,03,폐업,2024-03-29 14:27:39,,2018-02-23,,"서울특별시 동대문구 신설동 117번지 12호 신설동 지웰홈스 104,1호",PHMH320183050034087500008,3050000,"서울특별시 동대문구 난계로 242, 1층 140,105호 (신설동, 신설동 지웰홈스)",02586,03,폐업,,,,
지에스25 답십리래미안점,2020-03-16,204696.572647481,452195.522783718,2026-04-26 22:00:57,I,03,폐업,2020-03-16 14:56:53,,2018-03-06,,서울특별시 동대문구 답십리동 1003번지 래미안위브아파트,PHMH320183050034087500011,3050000,"서울특별시 동대문구 답십리로 130, 상가2블럭4-1호 (답십리동, 래미안위브아파트)",02598,03,폐업,,,,
세븐일레븐 장안삼환파크빌점,2023-07-28,206468.024715364,452788.733694414,2026-04-26 22:00:57,I,03,폐업,2023-07-28 16:19:43,,2018-03-23,,서울특별시 동대문구 장안동 327번지 11호 삼환파크빌,PHMH320183050034087500013,3050000,"서울특별시 동대문구 장한로36길 32, 1층 1호 (장안동, 삼환파크빌)",02522,03,폐업,,,,
지에스25 장안센타점,2020-04-20,205893.568425533,451440.0165229,2026-04-26 22:00:57,I,03,폐업,2020-04-20 14:09:52,,2018-04-13,,서울특별시 동대문구 장안동 435번지 1호,PHMH320183050034087500015,3050000,"서울특별시 동대문구 장한로 48, 1층 (장안동)",02643,03,폐업,,,,
씨유 고대1호점,2021-02-26,203035.141992884,454016.433323767,2026-04-26 22:00:57,I,03,폐업,2021-02-26 15:19:18,,2018-05-28,,서울특별시 동대문구 제기동 137번지 45호,PHMH320183050034087500017,3050000,"서울특별시 동대문구 안암로 156, 1층 (제기동)",02473,03,폐업,,,,
씨유 장안래미안점,2023-06-29,206590.046202018,452410.619464697,2026-04-26 22:00:57,I,03,폐업,2023-06-29 13:14:21,,2018-06-28,,서울특별시 동대문구 장안동 329번지 3호 래미안장안2차아파트,PHMH320183050034087500019,3050000,"서울특별시 동대문구 장안벚꽃로 167, 1층 101호 (장안동, 래미안장안2차아파트)",02524,03,폐업,,,,
지에스25  전농공원,2023-07-03,204485.650414024,452875.445219795,2026-04-26 22:00:57,I,03,폐업,2023-07-03 17:06:39,,2018-07-02,,서울특별시 동대문구 전농동 558번지 140호,PHMH320183050034087500020,3050000,서울특별시 동대문구 전농로27길 99 (전농동),02549,03,폐업,,,,02-2212-8421
지에스25 장안은하수점,2023-07-21,206156.976968492,452290.378566657,2026-04-26 22:00:57,I,03,폐업,2023-07-21 16:55:50,,2018-07-04,,서울특별시 동대문구 장안동 295번지 9호,PHMH320183050034087500021,3050000,서울특별시 동대문구 답십리로 271-3 (장안동),02530,03,폐업,,,,
씨유 답십리두산점,2020-10-20,205011.345720858,451870.778303081,2026-04-26 22:00:57,I,03,폐업,2020-10-20 15:23:19,,2018-07-05,,서울특별시 동대문구 답십리동 29번지 60호,PHMH320183050034087500022,3050000,서울특별시 동대문구 답십리로48길 82 (답십리동),02615,03,폐업,,,,02-2246-8573
지에스25 전농캐슬점,2024-06-07,204307.529620244,452828.018075639,2026-04-26 22:00:57,I,03,폐업,2024-06-07 13:29:41,,2018-07-16,,서울특별시 동대문구 전농동 530번지 64호,PHMH320183050034087500024,3050000,서울특별시 동대문구 답십리로23길 49 (전농동),02551,03,폐업,,,,
지에스25 장안스타본점,2022-09-16,205981.745634734,451128.434521858,2026-04-26 22:00:57,I,03,폐업,2022-09-16 14:07:43,,2018-07-20,,서울특별시 동대문구 장안동 458번지 1호,PHMH320183050034087500025,3050000,"서울특별시 동대문구 천호대로89길 16, 동진빌딩 105호 (장안동)",02644,03,폐업,,,,02-3394-8869
씨유 동대문전농점,2022-05-19,205271.704936121,452706.897879436,2026-04-26 22:00:57,I,03,폐업,2022-05-19 13:26:55,,2018-07-27,,서울특별시 동대문구 전농동 10번지 전농 SK아파트,PHMH320183050034087500026,3050000,"서울특별시 동대문구 사가정로 148, 138동 220호 (전농동, 전농 SK아파트)",02532,03,폐업,,,,
세븐일레븐 답십리카페점,2025-05-12,204973.590736184,452602.420228655,2026-04-26 22:00:57,I,03,폐업,2025-05-12 11:02:30,,2018-07-27,,서울특별시 동대문구 전농동 295번지 374호,PHMH320183050034087500027,3050000,서울특별시 동대문구 사가정로8길 27 (전농동),02539,03,폐업,,,,
지에스25 전농햇살점,2020-04-27,204119.700801792,452679.74915252,2026-04-26 22:00:57,I,03,폐업,2020-04-27 09:46:43,,2018-08-21,,서울특별시 동대문구 전농동 493번지 71호,PHMH320183050034087500028,3050000,"서울특별시 동대문구 답십리로 55, 107호 (전농동)",02558,03,폐업,,,,
씨유 참행복점,2024-02-05,205643.09547967,454245.464564395,2026-04-26 22:00:57,I,03,폐업,2024-02-05 14:02:12,,2018-08-21,,서울특별시 동대문구 휘경동 28번지 30호,PHMH320183050034087500029,3050000,"서울특별시 동대문구 망우로20길 46, 1층 (휘경동)",02501,03,폐업,,,,
지에스25 장안썬앤빌,2024-09-05,206057.985138022,451879.220901722,2026-04-26 22:00:57,I,03,폐업,2024-09-06 15:28:20,,2018-08-31,,서울특별시 동대문구 장안동 373번지 3호,PHMH320183050034087500030,3050000,"서울특별시 동대문구 장한로 91, 103호 (장안동)",02624,03,폐업,,,,
세븐일레븐 답십리교차로점,2020-05-22,204884.451934202,451529.148204191,2026-04-26 22:00:57,I,03,폐업,2020-05-22 16:09:50,,2018-09-21,,서울특별시 동대문구 답십리동 488번지 327호,PHMH320183050034087500033,3050000,"서울특별시 동대문구 전농로 12, 1층 5,6호 (답십리동)",02621,03,폐업,,,,
씨유 전농롯데캐슬점,2020-09-11,204290.842372068,452684.569724881,2026-04-26 22:00:57,I,03,폐업,2020-09-11 15:41:11,,2018-09-28,,서울특별시 동대문구 전농동 518번지 동대문롯데캐슬노블레스,PHMH320183050034087500034,3050000,"서울특별시 동대문구 답십리로23길 30, 12호 (전농동, 동대문롯데캐슬노블레스)",02551,03,폐업,,,,
인더라인25 장안점,2021-10-27,206184.563407922,451937.564931937,2026-04-26 22:00:57,I,03,폐업,2021-10-27 13:58:09,,2018-10-16,,서울특별시 동대문구 장안동 366번지 9호,PHMH320183050034087500037,3050000,"서울특별시 동대문구 장한로22길 7, 1층 (장안동)",02639,03,폐업,,,,02-2213-0347
지에스(GS)25 신설으뜸점,2019-09-27,202228.865973884,452515.112988281,2026-04-26 22:00:57,I,03,폐업,2019-09-27 13:50:50,,2018-10-22,,서울특별시 동대문구 신설동 102번지 4호,PHMH320183050034087500040,3050000,"서울특별시 동대문구 왕산로2길 34, 1층 (신설동)",02582,03,폐업,,,,
지에스(GS)25  전농중앙점,2020-11-03,205045.113789624,452623.143798554,2026-04-26 22:00:59,I,03,폐업,2020-11-03 11:32:52,,2018-10-31,,서울특별시 동대문구 전농동 26번지 13호 1층,PHMH320183050034087500041,3050000,"서울특별시 동대문구 전농로 124, 1층 (전농동)",02531,03,폐업,,,,
지에스25 동대문신설점,2020-11-30,202198.958845633,452819.991677585,2026-04-26 22:00:57,I,03,폐업,2020-11-30 15:55:40,,2018-11-08,,서울특별시 동대문구 신설동 24번지 1호,PHMH320183050034087500042,3050000,"서울특별시 동대문구 한빛로 24, 1층 A호 (신설동)",02580,03,폐업,,,,
미니스톱 장안3점,2021-12-31,205523.386355597,451458.688563648,2026-04-26 22:00:57,I,03,폐업,2021-12-31 11:29:27,,2018-12-31,,서울특별시 동대문구 장안동 403번지 1호,PHMH320183050034087500046,3050000,"서울특별시 동대문구 천호대로77길 84, 1층 (장안동)",02635,03,폐업,,,,
지에스25 외대경희,2025-02-07,204946.439955091,455109.282861992,2026-04-26 22:00:57,I,03,폐업,2025-02-09 12:36:10,,2019-01-02,,서울특별시 동대문구 이문동 264번지 293호 블루스카이,PHMH320193050034087500001,3050000,"서울특별시 동대문구 천장산로7길 19, 블루스카이 1층 (이문동)",02449,03,폐업,,,,
지에스25 제기롯데,2021-01-21,203085.866786086,452766.014195644,2026-04-26 22:00:57,I,03,폐업,2021-01-21 15:36:29,,2019-01-10,,,PHMH320193050034087500002,3050000,"서울특별시 동대문구 정릉천동로 58, 1층 135호 (용두동, 롯데캐슬피렌체)",02566,03,폐업,,,,
지에스25 신회기역,2025-01-02,204893.060364369,454164.506149787,2026-04-26 22:00:57,I,03,폐업,2025-01-02 15:44:20,,2019-01-11,,서울특별시 동대문구 휘경동 319번지 14호,PHMH320193050034087500003,3050000,서울특별시 동대문구 회기로 182 (휘경동),02446,03,폐업,,,,
지에스25 장안시티점,2022-08-31,206017.901798444,452465.831686429,2026-04-26 22:00:57,I,03,폐업,2022-08-31 13:53:10,,2019-01-11,,서울특별시 동대문구 장안동 134번지 15호,PHMH320193050034087500004,3050000,"서울특별시 동대문구 한천로32길 32, 1층 (장안동)",02529,03,폐업,,,,
세븐일레븐 장안금빛점,2021-04-12,206008.689698729,452066.002480529,2026-04-26 22:00:57,I,03,폐업,2021-04-12 10:20:53,,2019-01-15,,서울특별시 동대문구 장안동 391번지 1호,PHMH320193050034087500005,3050000,"서울특별시 동대문구 한천로26길 58, 101호 (장안동)",02624,03,폐업,,,,
GS25 답십리한신점,2021-03-24,205478.615377857,451960.247928086,2026-04-26 22:00:57,I,03,폐업,2021-03-24 14:13:52,,2019-02-25,,서울특별시 동대문구 답십리동 4번지 73호,PHMH320193050034087500007,3050000,"서울특별시 동대문구 한천로17길 23, 1층 (답십리동)",02611,03,폐업,,,,02-2215-8715
세븐일레븐 이문행복점,2025-07-04,205459.054199227,455506.185906784,2026-04-26 22:00:57,I,03,폐업,2025-07-04 13:28:55,,2019-02-26,,서울특별시 동대문구 이문동 255번지 238호 대성빌리지 101호,PHMH320193050034087500009,3050000,"서울특별시 동대문구 신이문로2길 25, 1층 101호 (이문동, 대성빌리지)",02412,03,폐업,,,,
지에스25 청량사랑점,2021-07-16,203828.823156356,453290.633976694,2026-04-26 22:00:59,I,03,폐업,2021-07-16 13:58:00,,2019-03-18,,서울특별시 동대문구 청량리동 719번지 1층,PHMH320193050034087500011,3050000,"서울특별시 동대문구 홍릉로3길 6-1, 1층 (청량리동)",02573,03,폐업,,,,
지에스25 장안성광점,2019-06-12,205652.39234463,451231.787666259,2026-04-26 22:00:57,I,03,폐업,2019-06-12 15:04:33,,2019-04-15,,서울특별시 동대문구 장안동 417번지 14호 평산하우스,PHMH320193050034087500012,3050000,"서울특별시 동대문구 천호대로83길 23 (장안동, 평산하우스)",02636,03,폐업,,,,
세븐일레븐 아이클래스청계점,2023-02-28,202443.646853331,452049.159239192,2026-04-26 22:00:57,I,03,폐업,2023-02-28 14:29:50,,2019-04-26,,서울특별시 동대문구 용두동 255번지 49호 청계 한양아이클래스 101호,PHMH320193050034087500013,3050000,"서울특별시 동대문구 청계천로 461, 청계 한양아이클래스 1층 101호 (용두동)",02587,03,폐업,,,,
씨유 답십리대림점,2024-04-17,205661.548238672,452069.966457997,2026-04-26 22:00:57,I,03,폐업,2024-04-17 16:30:23,,2019-04-30,,"서울특별시 동대문구 답십리동 765번지 대원빌딩, 1층",PHMH320193050034087500014,3050000,"서울특별시 동대문구 한천로 107-3, 대원빌딩 1층 (답십리동)",02610,03,폐업,,,,
지에스(GS)25 회기자인엠(M)점,2020-07-03,204947.656544513,454375.457103592,2026-04-26 22:00:57,I,03,폐업,2020-07-03 14:08:58,,2019-05-13,,서울특별시 동대문구 이문동 341번지 15호 자인M TOWER 101호,PHMH320193050034087500016,3050000,"서울특별시 동대문구 이문로 47, 자인M TOWER 101호 (이문동)",02452,03,폐업,,,,
미니스톱 장안본점,2022-09-01,206176.474483153,452582.014471899,2026-04-26 22:00:57,I,03,폐업,2022-09-01 14:00:57,,2019-05-29,,서울특별시 동대문구 장안동 298번지 14호 1층 4호,PHMH320193050034087500018,3050000,"서울특별시 동대문구 장한로31길 20, 1층 4호 (장안동)",02527,03,폐업,,,,
지에스25 장안 이편한점,2020-05-20,206118.787237035,451227.503125905,2026-04-26 22:00:57,I,03,폐업,2020-05-20 15:53:56,,2019-06-21,,서울특별시 동대문구 장안동 443번지 13호,PHMH320193050034087500020,3050000,서울특별시 동대문구 천호대로93길 41 (장안동),02642,03,폐업,,,,
씨유휘경SK뷰점,2020-12-28,205767.03955066,454592.910090539,2026-04-26 22:00:57,I,03,폐업,2020-12-28 13:25:43,,2019-07-24,,서울특별시 동대문구 휘경동 128번지 12호 휘경SK VIEW 아파트 상가동 107호,PHMH320193050034087500023,3050000,"서울특별시 동대문구 휘경로 60, 상가동 107호 (휘경동, 휘경SK VIEW 아파트)",02434,03,폐업,,,,
(주)코리아세븐 동대문외대앞역점,2024-11-15,205524.323420961,454787.299189399,2026-04-26 22:00:59,I,03,폐업,2024-11-15 16:10:08,,2019-08-06,,서울특별시 동대문구 이문동 82번지 13호,PHMH320193050034087500024,3050000,서울특별시 동대문구 휘경로 29-5 (이문동),02427,03,폐업,,,,
지에스25 장안성광점,2021-04-14,205652.39234463,451231.787666259,2026-04-26 22:00:57,I,03,폐업,2021-04-14 16:00:26,,2019-08-08,,서울특별시 동대문구 장안동 417번지 14호 평산하우스,PHMH320193050034087500025,3050000,"서울특별시 동대문구 천호대로83길 23, 1층 (장안동, 평산하우스)",02636,03,폐업,,,,
지에스25 신이문대림점,2022-05-18,205623.059132399,455899.982370316,2026-04-26 22:00:57,I,03,폐업,2022-05-18 15:57:32,,2019-08-23,,"서울특별시 동대문구 이문동 225번지 2호 이문e편한세상아파트 101호, 102호  상가1동",PHMH320193050034087500026,3050000,"서울특별시 동대문구 이문로54길 46, 이문e편한세상아파트 상가1동 1층 101호, 102호 (이문동)",02407,03,폐업,,,,
씨유 장안동국점,2024-09-09,206461.164033582,452934.170164945,2026-04-26 22:00:57,I,03,폐업,2024-09-10 13:59:58,,2019-09-02,,서울특별시 동대문구 장안동 318번지 11호 1층,PHMH320193050034087500028,3050000,"서울특별시 동대문구 장한로28가길 122-10, 1층 (장안동)",02519,03,폐업,,,,
지에스25(GS25)신설으뜸점,2022-09-28,202228.865973884,452515.112988281,2026-04-26 22:00:57,I,03,폐업,2022-09-28 16:59:10,,2019-09-27,,서울특별시 동대문구 신설동 102번지 4호 1층,PHMH320193050034087500030,3050000,"서울특별시 동대문구 왕산로2길 34, 1층 (신설동)",02582,03,폐업,,,,
지에스25  제기타운점,2024-06-14,203329.607071525,454092.898622518,2026-04-26 22:00:57,I,03,폐업,2024-06-17 09:56:36,,2019-10-30,,서울특별시 동대문구 제기동 122번지 418호 1층  좌측호,PHMH320193050034087500033,3050000,"서울특별시 동대문구 고산자로56길 34, 1층 좌측호 (제기동)",02466,03,폐업,,,,
지에스25 답십리한천로점,2023-09-15,205806.63009664,452671.744951142,2026-04-26 22:00:57,I,03,폐업,2023-09-15 17:15:20,,2019-11-20,,서울특별시 동대문구 답십리동 1번지 548호,PHMH320193050034087500037,3050000,서울특별시 동대문구 한천로37길 19 (답십리동),02535,03,폐업,,,,
지에스25  청량대일점,2020-12-04,203743.598607972,452993.535471829,2026-04-26 22:00:57,I,03,폐업,2020-12-04 10:47:35,,2019-11-21,,서울특별시 동대문구 전농동 620번지 70호,PHMH320193050034087500038,3050000,서울특별시 동대문구 왕산로 178 (전농동),02559,03,폐업,,,,
씨유 성북동선점,2015-01-29,201681.740220694,454132.914886122,2026-04-26 22:00:55,I,03,폐업,2015-01-30 17:57:22,,2012-11-06,136-052,서울특별시 성북구 동선동2가 172번지,PHMH320123070034087500021,3070000,서울특별시 성북구 보문로30길 46 (동선동2가),,03,폐업,,,,02-922-1253
GS25 성북성신점,2014-01-09,201511.523406151,454283.483494253,2026-04-26 22:00:55,I,03,폐업,2014-01-23 13:08:44,,2012-11-06,136-051,서울특별시 성북구 동선동1가 54번지,PHMH320123070034087500022,3070000,서울특별시 성북구 보문로34길 45 (동선동1가),,03,폐업,,,,02-923-2530
GS25 성북동소문점,2016-05-26,200845.71683521,454308.575029999,2026-04-26 22:00:55,I,03,폐업,2016-05-30 08:48:04,,2012-11-06,136-034,서울특별시 성북구 동소문동4가 103번지 17호,PHMH320123070034087500024,3070000,서울특별시 성북구 동소문로13가길 52 (동소문동4가),02832,03,폐업,,,,02-921-5122
GS25 삼선SK점,2015-05-26,200958.804987758,453889.562150121,2026-04-26 22:00:55,I,03,폐업,2015-05-26 16:19:41,,2012-11-06,136-043,서울특별시 성북구 삼선동3가 116번지,PHMH320123070034087500025,3070000,서울특별시 성북구 삼선교로16길 35 (삼선동3가),,03,폐업,,,,02-747-5945
GS25 성북미소점,2013-07-25,203232.730879758,456684.014045672,2026-04-26 22:00:55,I,03,폐업,2013-07-25 11:32:04,,2012-11-06,136-130,서울특별시 성북구 하월곡동 225번지 9호,PHMH320123070034087500027,3070000,서울특별시 성북구 오패산로16가길 99 (하월곡동),,03,폐업,,,,02-909-5349
세븐일레븐 광운대입구점,2019-05-16,204910.67242982,457150.189525873,2026-04-26 22:00:55,I,03,폐업,2019-05-16 14:33:48,,2012-11-08,,서울특별시 성북구 장위동 119번지 2호 영신교회,PHMH320123070034087500029,3070000,"서울특별시 성북구 장위로 190, 영신교회 (장위동)",02774,03,폐업,,,,070-3214-6032
미니스톱 동선점,2013-08-05,201296.769406153,454926.457932808,2026-04-26 22:00:55,I,03,폐업,2013-08-05 14:49:59,,2012-11-08,136-055,서울특별시 성북구 동선동5가 146번지 3호,PHMH320123070034087500031,3070000,서울특별시 성북구 아리랑로 44 (동선동5가),,03,폐업,,,,02-923-9307
미니스톱 안암역점,2017-12-29,202579.772187694,453795.286810516,2026-04-26 22:00:55,I,03,폐업,2017-12-29 11:48:07,,2012-11-08,136-075,서울특별시 성북구 안암동5가 100번지 9호,PHMH320123070034087500032,3070000,서울특별시 성북구 인촌로 95 (안암동5가),02842,03,폐업,,,,02-929-2980
GS25 성북삼선점,2016-08-31,201399.42894153,453983.958520083,2026-04-26 22:00:55,I,03,폐업,2016-08-31 16:36:29,,2012-11-08,136-045,서울특별시 성북구 삼선동5가 257번지,PHMH320123070034087500033,3070000,서울특별시 성북구 삼선교로24길 44-1 (삼선동5가),02862,03,폐업,,,,02-923-5914
GS25 월곡영광점,2014-04-03,203319.551117001,455870.940940499,2026-04-26 22:00:55,I,03,폐업,2014-04-03 17:33:12,,2012-11-08,136-130,서울특별시 성북구 하월곡동 59번지 2호,PHMH320123070034087500034,3070000,서울특별시 성북구 오패산로10길 30 (하월곡동),,03,폐업,,,,02-942-2524
씨스페이스 장위점,2021-11-30,204230.618248711,456838.52857962,2026-04-26 22:00:55,I,03,폐업,2021-12-01 17:01:25,,2012-11-08,136-833,서울특별시 성북구 장위동 238번지 198호,PHMH320123070034087500035,3070000,서울특별시 성북구 장월로 89-1 (장위동),02756,03,폐업,,,,02-3292-1999
CU 성북장위점,2018-08-02,205059.681711154,456971.575526899,2026-04-26 22:00:55,I,03,폐업,2018-08-02 14:41:09,,2012-11-08,136-826,서울특별시 성북구 장위3동 33번지 19호,PHMH320123070034087500036,3070000,서울특별시 성북구 한천로 635 (장위동),02774,03,폐업,,,,02-917-2469
미니스톱 종암SK점,2014-04-22,202943.568072084,455464.27071175,2026-04-26 22:00:55,I,03,폐업,2014-04-22 16:44:37,,2012-11-08,136-864,서울특별시 성북구 종암동 3번지 679호,PHMH320123070034087500037,3070000,서울특별시 성북구 종암로28길 38 (종암동),,03,폐업,,,,02-941-7330
GS25 정릉시티점,2016-06-30,200765.49762331,456541.983878197,2026-04-26 22:00:55,I,03,폐업,2016-06-30 11:29:38,,2012-11-08,136-849,서울특별시 성북구 정릉동 266번지 179호,PHMH320123070034087500038,3070000,서울특별시 성북구 보국문로18길 12 (정릉동),02717,03,폐업,,,,02-909-3231
GS25 성북시네마,2018-02-22,201394.713957557,454544.984917895,2026-04-26 22:00:55,I,03,폐업,2018-02-22 11:18:02,,2012-11-09,136-054,서울특별시 성북구 동선동4가 7번지,PHMH320123070034087500041,3070000,서울특별시 성북구 아리랑로 4 (동선동4가),02829,03,폐업,,,,02-924-7497
(주)씨스페이시스 종암1점,2018-04-17,202964.017087364,455119.576408015,2026-04-26 22:00:58,I,03,폐업,2018-04-17 17:17:52,,2012-11-09,136-861,서울특별시 성북구 종암동 68번지 1호,PHMH320123070034087500042,3070000,서울특별시 성북구 종암로19길 7 (종암동),02810,03,폐업,,,,02-926-5451
CU 성신여대점,2019-06-25,201311.058682112,454485.250976351,2026-04-26 22:00:55,I,03,폐업,2019-06-25 13:31:08,,2012-11-09,136-036,서울특별시 성북구 동소문동6가 116번지 117-1,PHMH320123070034087500044,3070000,서울특별시 성북구 동소문로 93 (동소문동6가),02830,03,폐업,,,,02-922-1017
㈜지에스리테일 지에스25 고대사랑점,2014-04-04,202381.472866174,453745.56928222,2026-04-26 22:00:58,I,03,폐업,2014-04-14 10:20:55,,2012-11-09,136-075,서울특별시 성북구 안암동5가 126번지 83호,PHMH320123070034087500048,3070000,서울특별시 성북구 인촌로 76 (안암동5가),,03,폐업,,,,02-929-9465
씨유 국민대후문점 다이소 국민대점,2015-06-24,199883.860135693,456384.737728758,2026-04-26 22:00:55,I,03,폐업,2015-06-24 17:45:44,,2012-11-09,136-854,서울특별시 성북구 정릉동 884번지 1호,PHMH320123070034087500051,3070000,서울특별시 성북구 정릉로9길 26 (정릉동),,03,폐업,,,,02-943-8335
CU 한성대역점,2024-12-11,200413.717624085,454043.872763733,2026-04-26 22:00:55,I,03,폐업,2024-12-12 10:09:26,,2012-11-09,136-023,서울특별시 성북구 성북동1가 35번지 32호,PHMH320123070034087500052,3070000,서울특별시 성북구 성북로 5 (성북동1가),02880,03,폐업,,,,02-764-6895
GS25 한진본점,2016-05-09,200841.726990037,454721.505180141,2026-04-26 22:00:55,I,03,폐업,2016-05-09 14:21:54,,2012-11-09,136-753,서울특별시 성북구 돈암동 609번지 1호 한진스포츠상가동 지하4층 5107호,PHMH320123070034087500053,3070000,"서울특별시 성북구 성북로4길 52 (돈암동, 한진스포츠상가동 지하4층 5107호)",02831,03,폐업,,,,02-924-0265
GS25 정릉본점,2021-02-01,200399.19683135,456451.634692881,2026-04-26 22:00:55,I,03,폐업,2021-02-01 10:31:29,,2012-11-09,,서울특별시 성북구 정릉동 704번지 23호,PHMH320123070034087500055,3070000,서울특별시 성북구 솔샘로 32 (정릉동),02709,03,폐업,,,,02-912-3004
세븐일레븐 종암고대점,2022-04-14,203076.939418852,454483.543109637,2026-04-26 22:00:55,I,03,폐업,2022-04-14 09:50:51,,2012-11-12,136-860,서울특별시 성북구 종암동 23번지 59호,PHMH320123070034087500056,3070000,서울특별시 성북구 북악산로 1059 (종암동),02811,03,폐업,,,,070-4116-6207
세븐일레븐 석관예술길점,2017-08-14,205268.579949817,455757.982539376,2026-04-26 22:00:55,I,03,폐업,2017-08-14 18:00:41,,2012-11-12,136-819,서울특별시 성북구 석관동 261번지 73호,PHMH320123070034087500057,3070000,서울특별시 성북구 화랑로32길 161 (석관동),02788,03,폐업,,,,02-6448-1544
GS25 성북중앙점,2022-06-30,202837.30298056,455355.42798672,2026-04-26 22:00:55,I,03,폐업,2022-12-26 16:23:05,,2012-11-12,136-863,서울특별시 성북구 종암동 83번지 3호,PHMH320123070034087500061,3070000,서울특별시 성북구 종암로21길 47 (종암동),02803,03,폐업,,,,02-923-2788
CU 월곡두산점,2018-06-08,203318.127254872,456078.982123486,2026-04-26 22:00:55,I,03,폐업,2018-06-08 14:03:25,,2012-11-12,136-777,"서울특별시 성북구 하월곡동 222번지 두산위브상가  129,1호",PHMH320123070034087500062,3070000,서울특별시 성북구 오패산로 46 (하월곡동),02750,03,폐업,,,,02-917-1348
미니스톱 상월곡역점,2018-12-11,204440.65682805,456126.739292132,2026-04-26 22:00:55,I,03,폐업,2018-12-11 11:36:47,,2012-11-12,136-820,서울특별시 성북구 석관동 341번지 16호 수정빌딩 1층,PHMH320123070034087500063,3070000,서울특별시 성북구 화랑로 186 (석관동),02791,03,폐업,,,,02-6348-0830
GS25 성북석관점,2016-05-11,205218.988065219,456220.331943809,2026-04-26 22:00:55,I,03,폐업,2016-05-11 16:38:48,,2012-11-12,136-815,서울특별시 성북구 석관동 301번지 8호,PHMH320123070034087500065,3070000,서울특별시 성북구 돌곶이로 46 (석관동),02785,03,폐업,,,,02-959-5788
바이더웨이(서경대점),2014-10-21,201091.094160075,456600.715127949,2026-04-26 22:00:55,I,03,폐업,2014-10-21 14:33:56,,2012-11-12,136-849,서울특별시 성북구 정릉동 266번지 428호,PHMH320123070034087500066,3070000,서울특별시 성북구 서경로 99 (정릉동),,03,폐업,,,,02-910-8947
GS25 안암학사,2015-09-15,202789.692329185,454049.551940162,2026-04-26 22:00:55,I,03,폐업,2015-09-15 18:08:17,,2012-11-12,136-701,서울특별시 성북구 안암동5가 1번지 2호 안암학사B1,PHMH320123070034087500068,3070000,서울특별시 성북구 안암로 145 (안암동5가),02841,03,폐업,,,,02-929-6729
CU 성신로데오점,2020-05-27,201505.037437192,454350.356969149,2026-04-26 22:00:55,I,03,폐업,2020-05-27 17:26:00,,2012-11-12,136-051,서울특별시 성북구 동선동1가 28번지,PHMH320123070034087500070,3070000,서울특별시 성북구 동소문로20길 29-20 (동선동1가),02845,03,폐업,,,,02-921-5244
GS25 고대우신향점,2020-11-27,202665.667403274,453588.47024592,2026-04-26 22:00:55,I,03,폐업,2020-11-27 14:53:58,,2012-11-13,136-075,서울특별시 성북구 안암동5가 85번지 11호,PHMH320123070034087500071,3070000,서울특별시 성북구 안암로 99 (안암동5가),02856,03,폐업,,,,02-929-1122
세븐일레븐 성신여대정문점,2015-05-27,201728.078154111,454358.236738995,2026-04-26 22:00:55,I,03,폐업,2015-05-27 09:42:53,,2012-11-13,136-053,서울특별시 성북구 동선동3가 234번지,PHMH320123070034087500072,3070000,서울특별시 성북구 보문로34나길 3 (동선동3가),,03,폐업,,,,02-921-1173
GS25 장위점,2016-07-14,,,2026-04-26 22:00:55,I,03,폐업,2016-07-15 10:00:50,,2012-11-13,136-833,서울특별시 성북구 장위동 201번지 1호,PHMH320123070034087500073,3070000,서울특별시 성북구 장월로 155-1 (장위동),02761,03,폐업,,,,02-943-1125
CU 성북안암점,2017-10-13,202575.410802199,453852.098211637,2026-04-26 22:00:55,I,03,폐업,2017-10-13 13:22:40,,2012-11-13,136-075,서울특별시 성북구 안암동5가 12번지 74호,PHMH320123070034087500075,3070000,서울특별시 성북구 인촌로27길 14 (안암동5가),02842,03,폐업,,,,02-922-7352
씨유 성북종암점,2013-08-12,203104.711247782,454508.901863913,2026-04-26 22:00:55,I,03,폐업,2013-08-12 15:47:11,,2012-11-13,136-860,서울특별시 성북구 종암동 25번지 68호,PHMH320123070034087500076,3070000,서울특별시 성북구 종암로 29 (종암동),,03,폐업,,,,02-927-7758
세븐일레븐 성북성신점,2019-10-22,201776.34301324,454481.293785725,2026-04-26 22:00:55,I,03,폐업,2019-10-22 15:49:08,,2012-11-13,136-053,서울특별시 성북구 동선동3가 212번지 1호,PHMH320123070034087500077,3070000,서울특별시 성북구 보문로34다길 31 (동선동3가),02844,03,폐업,,,,
코리아세븐 성북삼선동점,2016-08-09,201252.616507913,454191.018333473,2026-04-26 22:00:55,I,03,폐업,2016-08-09 13:56:57,,2012-11-13,136-044,서울특별시 성북구 삼선동4가 333번지 1호,PHMH320123070034087500078,3070000,서울특별시 성북구 보문로 181 (삼선동4가),02861,03,폐업,,,,02-953-5998
CU 성북정릉점,2020-01-23,200364.670864881,456310.306508321,2026-04-26 22:00:55,I,03,폐업,2020-01-23 17:15:14,,2012-11-13,,서울특별시 성북구 정릉동 670번지 46호,PHMH320123070034087500079,3070000,서울특별시 성북구 솔샘로5길 1 (정릉동),02708,03,폐업,,,,02-942-1300
CU 정릉4동점,2020-06-17,200690.314159871,456534.449923178,2026-04-26 22:00:55,I,03,폐업,2020-06-17 15:46:27,,2012-11-13,,서울특별시 성북구 정릉동 284번지 16호,PHMH320123070034087500080,3070000,서울특별시 성북구 보국문로 77 (정릉동),02709,03,폐업,,,,02-941-1448
세븐일레븐 성북동일하이빌점,2018-11-27,200959.328151281,454329.559854411,2026-04-26 22:00:55,I,03,폐업,2018-11-27 11:06:43,,2012-11-13,136-034,서울특별시 성북구 동소문동4가 120번지 동일하이빌상가  113호,PHMH320123070034087500081,3070000,"서울특별시 성북구 동소문로 55, 113호 (동소문동4가, 동일하이빌상가 )",02832,03,폐업,,,,070-7750-3631
바이더웨이 고대타운점,2016-12-31,202959.022803989,454519.439960139,2026-04-26 22:00:55,I,03,폐업,2017-01-02 17:41:27,,2012-11-13,136-860,서울특별시 성북구 종암동 33번지 14호,PHMH320123070034087500083,3070000,서울특별시 성북구 종암로3길 31 (종암동),02811,03,폐업,,,,02-921-4503
씨유 안암공원점,2014-09-11,201852.422297108,453629.327738927,2026-04-26 22:00:55,I,03,폐업,2014-09-11 17:46:32,,2012-11-14,136-073,서울특별시 성북구 안암동3가 29번지,PHMH320123070034087500084,3070000,서울특별시 성북구 인촌로10길 22 (안암동3가),,03,폐업,,,,070-4409-2455
씨유 정릉숭덕점,2015-10-01,201111.378531254,456034.270589622,2026-04-26 22:00:55,I,03,폐업,2015-10-01 15:26:25,,2012-11-14,136-846,서울특별시 성북구 정릉동 199번지 7호,PHMH320123070034087500085,3070000,서울특별시 성북구 정릉로27나길 1 (정릉동),02718,03,폐업,,,,02-909-1801
GS25 종암래미안,2023-10-18,202637.536723851,455541.762779395,2026-04-26 22:00:55,I,03,폐업,2023-10-18 16:35:37,,2012-11-14,136-863,서울특별시 성북구 종암동 80번지 3호,PHMH320123070034087500086,3070000,서울특별시 성북구 종암로27길 37 (종암동),02803,03,폐업,,,,02-922-5834
GS25 고대종암점,2014-09-26,202970.222162628,454426.590647262,2026-04-26 22:00:55,I,03,폐업,2014-09-26 17:05:47,,2012-11-14,136-860,서울특별시 성북구 종암동 31번지 46호,PHMH320123070034087500089,3070000,서울특별시 성북구 북악산로27길 14 (종암동),,03,폐업,,,,02-929-0567
GS25 고대안암점,2014-04-22,202530.288320465,453855.41335646,2026-04-26 22:00:55,I,03,폐업,2014-04-22 17:13:20,,2012-11-14,136-075,서울특별시 성북구 안암동5가 101번지 28호,PHMH320123070034087500090,3070000,서울특별시 성북구 개운사길 14 (안암동5가),,03,폐업,,,,02-922-8807
씨유 종암래미안점,2013-12-23,202672.454331248,455214.336582624,2026-04-26 22:00:58,I,03,폐업,2013-12-23 18:02:55,,2012-11-14,136-729,서울특별시 성북구 종암동 133번지,PHMH320123070034087500092,3070000,서울특별시 성북구 종암로23길 35 (종암동),,03,폐업,,,,02-923-5798
GS25 성북스테이트점,2017-01-25,202613.131792067,456022.34503858,2026-04-26 22:00:55,I,03,폐업,2017-01-25 15:04:57,,2012-11-14,136-130,서울특별시 성북구 하월곡동 88번지 64호 성북힐스테이트 101동 114호,PHMH320123070034087500093,3070000,"서울특별시 성북구 동소문로44길 43, 101동 114호 (하월곡동)",02733,03,폐업,,,,02-914-2073
세븐일레븐 한성대사랑점,2016-07-18,200734.728211224,453876.544064024,2026-04-26 22:00:55,I,03,폐업,2016-07-18 14:29:11,,2012-11-14,136-041,서울특별시 성북구 삼선동1가 103번지,PHMH320123070034087500094,3070000,서울특별시 성북구 삼선교로10길 16 (삼선동1가),02865,03,폐업,,,,02-766-8757
씨유 종암오거리점,2014-04-11,202672.464566046,455577.052598888,2026-04-26 22:00:55,I,03,폐업,2014-04-11 13:24:54,,2012-11-14,136-863,서울특별시 성북구 종암동 81번지,PHMH320123070034087500095,3070000,서울특별시 성북구 종암로27길 25-4 (종암동),,03,폐업,,,,02-953-7364
씨유 종암행복점,2016-03-04,202955.355601996,454640.897369819,2026-04-26 22:00:58,I,03,폐업,2016-03-04 15:28:26,,2012-11-14,136-860,서울특별시 성북구 종암동 34번지 6호,PHMH320123070034087500098,3070000,서울특별시 성북구 종암로5길 29 (종암동),02811,03,폐업,,,,02-926-4626
씨유 성북돈암점,2015-11-25,202403.554505565,455668.405695422,2026-04-26 22:00:55,I,03,폐업,2015-11-25 16:45:10,,2012-11-14,136-759,서울특별시 성북구 돈암동 631번지,PHMH320123070034087500099,3070000,서울특별시 성북구 정릉로 402-9 (돈암동),02801,03,폐업,,,,02-921-3034
GS25 정릉대우,2014-09-12,200939.886796965,455953.198277739,2026-04-26 22:00:55,I,03,폐업,2014-09-12 16:30:43,,2012-11-15,136-845,서울특별시 성북구 정릉동 413번지 16호,PHMH320123070034087500100,3070000,서울특별시 성북구 보국문로 14 (정릉동),,03,폐업,,,,02-911-2827
세븐일레븐 성북한성대역점,2019-04-24,200353.171552615,454105.589943469,2026-04-26 22:00:55,I,03,폐업,2019-04-24 14:41:40,,2012-11-15,136-023,서울특별시 성북구 성북동1가 42번지 2호 1층,PHMH320123070034087500101,3070000,서울특별시 성북구 성북로5길 2 (성북동1가),02880,03,폐업,,,,02-762-2623
GS25 고대타운점,2019-03-29,202565.041345705,453673.172604348,2026-04-26 22:00:55,I,03,폐업,2019-03-29 15:57:19,,2012-11-15,136-075,서울특별시 성북구 안암동5가 103번지 61호,PHMH320123070034087500102,3070000,서울특별시 성북구 인촌로24가길 7 (안암동5가),02856,03,폐업,,,,02-925-8198
씨유 정릉시장점,2015-09-01,200577.76405845,456363.874084307,2026-04-26 22:00:55,I,03,폐업,2015-09-01 17:30:46,,2012-11-15,136-850,서울특별시 성북구 정릉동 685번지 23호,PHMH320123070034087500104,3070000,서울특별시 성북구 솔샘로6길 37 (정릉동),02709,03,폐업,,,,02-941-0978
씨유 미아리고개점,2013-07-31,201789.798044009,455107.721251606,2026-04-26 22:00:55,I,03,폐업,2013-08-05 14:47:54,,2012-11-15,136-890,서울특별시 성북구 돈암동 48번지 84호,PHMH320123070034087500105,3070000,서울특별시 성북구 동소문로 179-20 (돈암동),,03,폐업,,,,02-928-7479
씨유 성북보문점,2013-11-21,201839.773351352,453106.531159636,2026-04-26 22:00:55,I,03,폐업,2013-11-21 16:04:08,,2012-11-15,136-087,서울특별시 성북구 보문동7가 28번지 1층,PHMH320123070034087500107,3070000,서울특별시 성북구 보문로13길 8 (보문동7가),,03,폐업,,,,02-922-8055
CU 종암SK점,2018-04-23,203135.08263248,455367.942341215,2026-04-26 22:00:58,I,03,폐업,2018-04-23 16:58:14,,2012-11-15,136-864,서울특별시 성북구 종암동 102번지 115호,PHMH320123070034087500108,3070000,서울특별시 성북구 종암로24가길 22 (종암동),02797,03,폐업,,,,02-919-1112
㈜바이더웨이 성북길음점,2015-04-24,202353.894301223,456019.210100392,2026-04-26 22:00:58,I,03,폐업,2016-05-20 11:32:43,,2012-11-16,136-800,서울특별시 성북구 길음동 518번지 12호,PHMH320123070034087500113,3070000,서울특별시 성북구 동소문로43길 1 (길음동),02732,03,폐업,,,,02-985-5072
㈜바이더웨이 한성대역점,2016-05-26,200503.350103623,453963.213362937,2026-04-26 22:00:58,I,03,폐업,2016-05-26 17:38:15,,2012-11-16,136-041,서울특별시 성북구 삼선동1가 22번지 1호,PHMH320123070034087500114,3070000,서울특별시 성북구 삼선교로 4-1 (삼선동1가),02866,03,폐업,,,,02-743-3623
㈜코리아세븐 삼선동점,2025-08-04,201151.979326841,454230.569913925,2026-04-26 22:00:58,I,03,폐업,2025-08-04 17:44:39,,2012-11-16,136-044,서울특별시 성북구 삼선동4가 204번지 3호,PHMH320123070034087500116,3070000,서울특별시 성북구 삼선교로23길 21 (삼선동4가),02861,03,폐업,,,,02-922-5836
㈜코리아세븐 성북점,2022-03-10,199846.660165943,454717.23174435,2026-04-26 22:00:58,I,03,폐업,2022-03-10 17:06:13,,2012-11-16,136-822,서울특별시 성북구 성북동 43번지 2호,PHMH320123070034087500121,3070000,서울특별시 성북구 선잠로 16 (성북동),02823,03,폐업,,,,02-762-4850
㈜코리아세븐 성신여대동선점,2020-07-27,201548.95825233,454526.960222071,2026-04-26 22:00:58,I,03,폐업,2020-07-27 17:45:44,,2012-11-16,136-051,서울특별시 성북구 동선동1가 92번지 8호 9,PHMH320123070034087500125,3070000,서울특별시 성북구 동소문로20가길 38 (동선동1가),02845,03,폐업,,,,02-921-7411
CU 정릉우성점,2016-09-27,201327.418241891,455410.800040067,2026-04-26 22:00:55,I,03,폐업,2016-09-27 16:21:39,,2012-11-20,136-772,"서울특별시 성북구 정릉동 1020번지 우성아파트상가3동 101호, 102호",PHMH320123070034087500128,3070000,"서울특별시 성북구 북악산로 813 (정릉동, 우성아파트상가3동 101호, 102호)",02819,03,폐업,,,,02-915-1478
CU 길음래미안점,2022-12-02,201648.204071174,455717.855906877,2026-04-26 22:00:58,I,03,폐업,2022-12-23 16:46:41,,2012-11-20,136-734,서울특별시 성북구 길음동 1286번지 길음뉴타운제상가동제 지1층  212호,PHMH320123070034087500129,3070000,"서울특별시 성북구 길음로9길 50, 212호 (길음동, 길음뉴타운제상가동제 지1층 )",02721,03,폐업,,,,02-941-0223
CU 광덕주유소점,2020-05-29,201721.390978824,453427.822997944,2026-04-26 22:00:58,I,03,폐업,2020-05-29 15:37:31,,2012-11-22,136-085,서울특별시 성북구 보문동5가 146번지 1호,PHMH320123070034087500130,3070000,서울특별시 성북구 보문로 89 (보문동5가),02872,03,폐업,,,,02-923-5545
세븐일레븐 고대제일점,2017-04-28,202597.363220625,453573.046804018,2026-04-26 22:00:55,I,03,폐업,2017-04-28 13:15:36,,2012-11-23,136-075,서울특별시 성북구 안암동5가 103번지 208호 1층,PHMH320123070034087500132,3070000,서울특별시 성북구 인촌로26길 45-1 (안암동5가),02856,03,폐업,,,,02-953-7688
세븐일레븐(편의점),2014-06-13,199845.57800062,457267.795202701,2026-04-26 22:00:55,I,03,폐업,2014-06-13 14:04:05,,2012-11-27,136-878,서울특별시 성북구 정릉동 820번지 50호 1층,PHMH320123070034087500133,3070000,"서울특별시 성북구 보국문로 201, 1층 (정릉동)",,03,폐업,,,,02-942-9102
편의점사랑(정릉1호점),2025-07-18,200906.453984719,455885.873433846,2026-04-26 22:00:55,I,03,폐업,2025-07-18 13:30:49,,2012-11-28,136-845,서울특별시 성북구 정릉동 416번지 11호,PHMH320123070034087500134,3070000,서울특별시 성북구 보국문로 7-6 (정릉동),02710,03,폐업,,,,02-6053-7117
GS25 성북장위점,2018-07-17,204746.21261151,456616.565104138,2026-04-26 22:00:55,I,03,폐업,2018-07-17 18:27:47,,2012-11-28,136-828,서울특별시 성북구 장위동 66번지 9호 1층,PHMH320123070034087500135,3070000,"서울특별시 성북구 화랑로33길 39, 1층 (장위동)",02771,03,폐업,,,,02-912-0177
GS25 성북돌곶이점,2021-12-08,204911.210628232,456498.098027475,2026-04-26 22:00:55,I,03,폐업,2021-12-08 18:07:52,,2012-11-28,,서울특별시 성북구 장위동 64번지 121호 금산빌딩,PHMH320123070034087500136,3070000,"서울특별시 성북구 화랑로 245, 금산빌딩 (장위동)",02772,03,폐업,,,,070-8805-2638
미니스톱,2013-12-10,205254.635489773,456729.886515639,2026-04-26 22:00:55,I,03,폐업,2013-12-10 17:33:20,,2012-11-28,136-826,서울특별시 성북구 장위동 45번지 8호,PHMH320123070034087500137,3070000,서울특별시 성북구 화랑로 287 (장위동),,03,폐업,,,,02-943-1349
GS25 성신사랑점,2019-03-27,201591.133139334,454474.099306063,2026-04-26 22:00:55,I,03,폐업,2019-03-27 15:33:29,,2012-11-30,136-051,서울특별시 성북구 동선동1가 85번지 69호,PHMH320123070034087500138,3070000,서울특별시 성북구 동소문로24길 26 (동선동1가),02845,03,폐업,,,,02-922-9752
미니스톱 보문점,2014-02-21,201788.278618917,453285.687756514,2026-04-26 22:00:55,I,03,폐업,2014-02-24 09:37:51,,2012-11-30,136-085,서울특별시 성북구 보문동5가 156번지 1호,PHMH320123070034087500140,3070000,서울특별시 성북구 보문로 73 (보문동5가),,03,폐업,,,,02-922-7088
세븐일레븐 돈암로데오점,2017-06-07,201466.523318794,454434.811688804,2026-04-26 22:00:55,I,03,폐업,2017-06-07 15:05:15,,2014-08-11,136-051,서울특별시 성북구 동선동1가 2번지 4호 1층,PHMH320123070034087500141,3070000,"서울특별시 성북구 동소문로20나길 13, 1층 (동선동1가)",02845,03,폐업,,,,02-921-4112
GS25 장위뉴타운점,2013-12-09,204208.631200867,457844.348010616,2026-04-26 22:00:58,I,03,폐업,2013-12-09 17:20:19,,2012-12-06,136-140,서울특별시 성북구 장위동 316번지 3호 센트럴타운  112호,PHMH320123070034087500142,3070000,서울특별시 성북구 월계로40길 7 (장위동),,03,폐업,,,,02-919-0222
GS25 국민사랑점,2013-12-12,199862.191680246,456454.932651434,2026-04-26 22:00:55,I,03,폐업,2013-12-12 17:17:32,,2012-12-07,136-854,서울특별시 성북구 정릉동 852번지 11호,PHMH320123070034087500143,3070000,서울특별시 성북구 정릉로9길 40 (정릉동),,03,폐업,,,,02-941-1014
GS25 성신행운점,2017-06-09,201727.07193048,454102.254736119,2026-04-26 22:00:55,I,03,폐업,2017-06-09 18:10:41,,2012-12-11,136-071,서울특별시 성북구 안암동1가 47번지 2호,PHMH320123070034087500144,3070000,서울특별시 성북구 보문로30가길 12 (안암동1가),02850,03,폐업,,,,02-921-8515
GS25 석관행운점,2017-06-09,205275.347094211,456456.211180633,2026-04-26 22:00:55,I,03,폐업,2017-06-09 18:09:35,,2012-12-11,136-818,서울특별시 성북구 석관동 208번지 4호,PHMH320123070034087500145,3070000,서울특별시 성북구 돌곶이로22길 46 (석관동),02784,03,폐업,,,,02-957-7152
씨유 정릉경남점,2015-02-17,201451.29618027,455789.371996657,2026-04-26 22:00:55,I,03,폐업,2015-02-17 16:12:00,,2012-12-18,136-771,"서울특별시 성북구 정릉동 1015번지 경남아파트상가동 103호, 104호",PHMH320123070034087500147,3070000,서울특별시 성북구 정릉로 305 (정릉동),,03,폐업,,,,02-913-3096
GS25 길음뉴타운,2018-05-14,201672.472717575,456483.088718299,2026-04-26 22:00:55,I,03,폐업,2018-05-14 16:35:53,,2012-12-21,136-110,"서울특별시 성북구 길음동 1281번지 6호 길음동 뉴타운 111, 112",PHMH320123070034087500149,3070000,"서울특별시 성북구 삼양로13길 45 (길음동, 길음동 뉴타운 111, 112)",02724,03,폐업,,,,02-913-0635
세븐일레븐 한성대중문점,2017-08-31,200850.463555527,453558.860562699,2026-04-26 22:00:55,I,03,폐업,2017-08-31 13:31:25,,2012-12-27,136-042,서울특별시 성북구 삼선동2가 290번지,PHMH320123070034087500150,3070000,서울특별시 성북구 삼선교로14길 86-1 (삼선동2가),02867,03,폐업,,,,02-747-3710
㈜코리아세븐 고대3호점,2021-12-01,202539.900607299,453585.228301648,2026-04-26 22:00:58,I,03,폐업,2021-12-01 17:01:12,,2012-11-16,,서울특별시 성북구 안암동5가 102번지 62호,PHMH320123070034087500152,3070000,서울특별시 성북구 고려대로24길 37 (안암동5가),02856,03,폐업,,,,02-922-3460
GS25 장위행복점,2023-05-30,204380.699160001,456337.849573446,2026-04-26 22:00:55,I,03,폐업,2023-05-30 13:56:04,,2013-07-02,136-829,서울특별시 성북구 장위동 68번지 652호,PHMH320133070034087500001,3070000,서울특별시 성북구 화랑로19가길 3 (장위동),02769,03,폐업,43,,,02-909-3123
위드미 석관점,2015-07-01,205094.612020096,456313.998176947,2026-04-26 22:00:55,I,03,폐업,2015-07-01 16:32:17,,2013-07-02,136-819,서울특별시 성북구 석관동 252번지 5호,PHMH320133070034087500002,3070000,서울특별시 성북구 돌곶이로 61 (석관동),,03,폐업,33,,,02-969-5628
GS25 동소문타운점,2017-12-22,201257.807905282,454526.275460186,2026-04-26 22:00:55,I,03,폐업,2017-12-22 13:02:57,,2012-11-08,136-036,서울특별시 성북구 동소문동6가 138번지 3호,PHMH320133070034087500003,3070000,서울특별시 성북구 동소문로17길 12 (동소문동6가),02830,03,폐업,,,,02-929-3445
GS25 성신로데오,2014-01-28,201503.4054327,454387.027952401,2026-04-26 22:00:55,I,03,폐업,2014-01-28 11:14:09,,2012-11-09,136-051,서울특별시 성북구 동선동1가 4번지 1호,PHMH320133070034087500004,3070000,서울특별시 성북구 동소문로22길 28 (동선동1가),,03,폐업,,,,02-922-0265
GS25 정릉준서점,2016-11-09,200221.338929773,456415.517320326,2026-04-26 22:00:55,I,03,폐업,2016-11-09 16:53:33,,2012-11-09,136-852,서울특별시 성북구 정릉동 717번지 25호,PHMH320133070034087500005,3070000,서울특별시 성북구 솔샘로5길 42 (정릉동),02708,03,폐업,,,,02-912-3004
세븐일레븐 천경고재점,2019-05-23,202026.498686317,453828.286296869,2026-04-26 22:00:55,I,03,폐업,2019-05-23 16:46:42,,2012-11-13,,서울특별시 성북구 안암동2가 119번지 33호,PHMH320133070034087500006,3070000,서울특별시 성북구 고려대로7가길 52 (안암동2가),02843,03,폐업,,,,02-3291-3223
세븐일레븐 성북한옥촌점,2017-12-20,199676.017492514,454480.984502793,2026-04-26 22:00:55,I,03,폐업,2017-12-20 16:39:07,,2013-01-02,136-821,서울특별시 성북구 성북동 103번지 1호,PHMH320133070034087500007,3070000,서울특별시 성북구 성북로 105 (성북동),02879,03,폐업,,,,02-764-7781
GS 성북동아점,2013-08-29,203891.017758302,455971.883928231,2026-04-26 22:00:55,I,03,폐업,2013-08-29 16:38:43,,2013-01-03,136-120,서울특별시 성북구 상월곡동 62번지,PHMH320133070034087500008,3070000,서울특별시 성북구 장월로1길 60 (상월곡동),,03,폐업,,,,02-942-2921
GS25  돈암현대점,2015-04-08,202521.598861179,455659.904337164,2026-04-26 22:00:55,I,03,폐업,2015-04-08 18:18:03,,2013-01-08,136-813,서울특별시 성북구 돈암동 2번지 81호,PHMH320133070034087500009,3070000,서울특별시 성북구 정릉로52길 23 (돈암동),,03,폐업,,,,02-921-7283
세븐일레븐 월곡삼양점,2013-12-09,202918.860277296,456186.880171533,2026-04-26 22:00:55,I,03,폐업,2013-12-09 12:58:55,,2013-01-15,136-872,서울특별시 성북구 하월곡동 83번지 29호,PHMH320133070034087500010,3070000,서울특별시 성북구 오패산로17길 40 (하월곡동),,03,폐업,,,,02-941-7008
CU 동선중앙점,2025-01-23,201554.329941384,454266.730084178,2026-04-26 22:00:55,I,03,폐업,2025-01-23 13:38:23,,2012-11-05,136-052,서울특별시 성북구 동선동2가 11번지,PHMH320123070034087500001,3070000,서울특별시 성북구 동소문로22길 54 (동선동2가),02849,03,폐업,,,,02-922-2341
CU 정릉청수점,2019-07-17,200156.489989688,457209.73881031,2026-04-26 22:00:55,I,03,폐업,2019-07-17 14:36:41,,2012-11-05,136-840,서울특별시 성북구 정릉동 966번지 101호,PHMH320123070034087500002,3070000,서울특별시 성북구 보국문로32길 3 (정릉동),02700,03,폐업,,,,02-910-7072
CU 보문좋은점,2019-10-02,201533.119085947,453638.774186622,2026-04-26 22:00:55,I,03,폐업,2019-10-02 15:06:53,,2012-11-05,136-082,서울특별시 성북구 보문동2가 75번지 15호,PHMH320123070034087500003,3070000,서울특별시 성북구 지봉로 175 (보문동2가),02871,03,폐업,,,,02-926-2525
씨유 성북석관점,2014-09-01,205631.002299181,456708.520261292,2026-04-26 22:00:55,I,03,폐업,2014-09-01 14:13:35,,2012-11-05,136-817,서울특별시 성북구 석관동 127번지 76호,PHMH320123070034087500004,3070000,서울특별시 성북구 한천로78길 49 (석관동),,03,폐업,,,,
세븐일레븐 보문역점,2014-12-01,201611.841978943,453790.16315118,2026-04-26 22:00:55,I,03,폐업,2014-12-01 14:42:54,,2012-11-05,136-081,서울특별시 성북구 보문동1가 117번지,PHMH320123070034087500005,3070000,서울특별시 성북구 보문로26길 2 (보문동1가),,03,폐업,,,,070-4122-4127
GS25 길음본점,2018-05-02,201514.970976778,456137.102062808,2026-04-26 22:00:55,I,03,폐업,2018-05-02 14:18:02,,2012-11-05,136-731,서울특별시 성북구 길음동 1284번지 길음뉴타운8단지 B동 219호,PHMH320123070034087500006,3070000,"서울특별시 성북구 길음로 33, B동 219호 (길음동, 길음뉴타운8단지)",02720,03,폐업,,,,02-918-2212
세븐일레븐 정릉온누리,2022-01-13,200827.966732367,456754.251243437,2026-04-26 22:00:55,I,03,폐업,2022-01-13 16:44:48,,2012-11-05,136-849,서울특별시 성북구 정릉동 260번지 117호,PHMH320123070034087500007,3070000,서울특별시 성북구 보국문로16길 75 (정릉동),02711,03,폐업,,,,02-942-8939
세븐일레븐 성신여고점,2017-05-31,201800.035986013,454719.929577788,2026-04-26 22:00:55,I,03,폐업,2017-05-31 16:45:50,,2012-11-05,136-053,서울특별시 성북구 동선동3가 76번지,PHMH320123070034087500008,3070000,서울특별시 성북구 동소문로26가길 40 (동선동3가),02840,03,폐업,,,,02-6369-4845
세븐일레븐 돌곶이제일점,2018-06-18,205014.483293207,456402.526919997,2026-04-26 22:00:55,I,03,폐업,2018-06-18 17:52:58,,2012-11-05,136-819,서울특별시 성북구 석관동 255번지 10호,PHMH320123070034087500009,3070000,서울특별시 성북구 돌곶이로23길 3 (석관동),02787,03,폐업,,,,
세븐일레븐 정릉아리랑점,2013-12-03,200953.497804834,455584.928091277,2026-04-26 22:00:55,I,03,폐업,2013-12-03 13:32:47,,2012-11-05,136-843,서울특별시 성북구 정릉동 484번지,PHMH320123070034087500010,3070000,서울특별시 성북구 아리랑로19길 34 (정릉동),,03,폐업,,,,
CU 장위루첸점,2016-11-29,204208.431294116,457493.558010308,2026-04-26 22:00:55,I,03,폐업,2016-11-29 14:00:14,,2012-11-05,136-833,서울특별시 성북구 장위동 182번지 4호,PHMH320123070034087500012,3070000,서울특별시 성북구 장월로31길 59 (장위동),02762,03,폐업,,,,02-915-8922
CU 장위미래,2016-10-11,,,2026-04-26 22:00:55,I,03,폐업,2016-10-11 17:03:02,,2012-11-05,136-140,서울특별시 성북구 장위동 158번지 43호,PHMH320123070034087500013,3070000,서울특별시 성북구 장월로 175-1 (장위동),02760,03,폐업,,,,02-909-1811
CU 성북미래,2016-10-11,199453.359808072,454717.334083215,2026-04-26 22:00:55,I,03,폐업,2016-10-11 17:03:32,,2012-11-05,136-823,서울특별시 성북구 성북동 256번지 1호,PHMH320123070034087500014,3070000,서울특별시 성북구 성북로 136 (성북동),02838,03,폐업,,,,02-747-8551
세븐일레븐,2014-04-15,203010.604567112,455013.28049178,2026-04-26 22:00:55,I,03,폐업,2014-04-15 14:18:22,,2012-11-05,136-861,서울특별시 성북구 종암동 45번지 30호,PHMH320123070034087500015,3070000,서울특별시 성북구 종암로 79 (종암동),,03,폐업,,,,070-7797-8789
미니스톱 동소문점,2019-11-15,201042.466240618,454387.437161051,2026-04-26 22:00:55,I,03,폐업,2019-11-15 15:32:03,,2012-11-05,136-034,서울특별시 성북구 동소문동4가 267번지 268,PHMH320123070034087500016,3070000,서울특별시 성북구 동소문로 65-2 (동소문동4가),02832,03,폐업,,,,02-921-1352
GS25 성북래미안점,2014-09-30,203648.47157795,455196.843568966,2026-04-26 22:00:55,I,03,폐업,2014-09-30 15:15:13,,2012-11-05,136-724,"서울특별시 성북구 하월곡동 226번지 래미안루나빌상가 226-3 105,106",PHMH320123070034087500017,3070000,"서울특별시 성북구 월곡로14길 26 (하월곡동, 래미안루나빌상가 226-3 105,106)",,03,폐업,,,,02-915-6214
GS25 성신위드점,2022-01-19,201716.216184089,454454.698654046,2026-04-26 22:00:58,I,03,폐업,2022-01-19 14:47:53,,2012-11-05,136-053,서울특별시 성북구  226번지 2호 씨앤위드빌딩,PHMH320123070034087500018,3070000,"서울특별시 성북구 보문로34가길 20 (동선동3가, 씨앤위드빌딩 )",02844,03,폐업,,,,02-922-1472
GS25 월곡래미안점,2016-10-11,203112.240098767,456365.663666865,2026-04-26 22:00:55,I,03,폐업,2016-10-11 13:50:03,,2012-11-05,136-130,서울특별시 성북구 하월곡동 225번지 6호 래미안월곡A 제상가동  108호,PHMH320123070034087500019,3070000,"서울특별시 성북구 오패산로 84, 108호 (하월곡동, 래미안월곡A 제상가동 108)",02741,03,폐업,,,,02-913-9421
미니스톱 동서병원점,2015-05-29,202463.291109829,456061.413843849,2026-04-26 22:00:55,I,03,폐업,2015-05-29 10:33:39,,2012-11-05,136-130,서울특별시 성북구 하월곡동 88번지 71호,PHMH320123070034087500020,3070000,서울특별시 성북구 동소문로 304 (하월곡동),,03,폐업,,,,
GS25 성북동아점,2022-08-29,203891.017758302,455971.883928231,2026-04-26 22:00:56,I,03,폐업,2022-08-29 15:45:29,,2015-09-09,,서울특별시 성북구 상월곡동 62번지,PHMH320153070034087500026,3070000,"서울특별시 성북구 장월로1길 60, 1층 (상월곡동)",02748,03,폐업,66,,,02-941-2920
GS25 안암학사점,2018-03-06,202789.692329185,454049.551940162,2026-04-26 22:00:56,I,03,폐업,2018-03-06 17:39:06,,2015-09-15,,서울특별시 성북구 안암동5가 1번지 2호,PHMH320153070034087500027,3070000,"서울특별시 성북구 안암로 145 (안암동5가, 고려대학교안암캠퍼스(인문사회계))",02841,03,폐업,83,,,02-929-6729
(주)비지에프휴먼넷 성북동선점,2016-12-12,201681.740220694,454132.914886122,2026-04-26 22:00:58,I,03,폐업,2016-12-12 17:02:45,,2015-09-17,,서울특별시 성북구 동선동2가 172번지,PHMH320153070034087500030,3070000,서울특별시 성북구 보문로30길 46 (동선동2가),02844,03,폐업,59,,,02-536-6103
GS25 월곡사거리점,2021-10-12,203069.087934788,456567.33684691,2026-04-26 22:00:56,I,03,폐업,2021-10-15 11:02:33,,2015-09-17,,서울특별시 성북구 하월곡동 79번지 107호 에스엠메디칼,PHMH320153070034087500031,3070000,"서울특별시 성북구 월계로 52, 에스엠메디칼 103호 (하월곡동)",02741,03,폐업,40,,,
미니스톱 종암점,2019-10-18,202959.015709751,455400.037874011,2026-04-26 22:00:56,I,03,폐업,2019-10-18 16:33:02,,2015-10-08,,서울특별시 성북구 종암동 3번지 1237호 금강빌딩,PHMH320153070034087500032,3070000,"서울특별시 성북구 종암로 120, 금강빌딩 (종암동)",02797,03,폐업,99,,,
GS25 월곡영광점,2018-03-08,203319.551117001,455870.940940499,2026-04-26 22:00:56,I,03,폐업,2018-03-08 17:34:55,,2015-10-08,,서울특별시 성북구 하월곡동 59번지 2호,PHMH320153070034087500033,3070000,"서울특별시 성북구 오패산로10길 30 (하월곡동, 영광프라자)",02751,03,폐업,,,,
GS25 성북희망점,2019-12-04,201200.94559696,453950.73985914,2026-04-26 22:00:56,I,03,폐업,2019-12-04 18:00:19,,2015-10-12,,서울특별시 성북구 삼선동5가 73번지 3호,PHMH320153070034087500034,3070000,서울특별시 성북구 삼선교로18나길 26 (삼선동5가),02862,03,폐업,83,,,02-929-2527
GS25 성북래미안점,2016-09-23,203587.367248013,455285.698816603,2026-04-26 22:00:56,I,03,폐업,2016-09-23 14:00:24,,2015-10-19,,서울특별시 성북구 하월곡동 226번지 3호,PHMH320153070034087500036,3070000,"서울특별시 성북구 월곡로14길 24 (하월곡동, 월곡래미안 루나밸리)",02794,03,폐업,40,,,02-941-0684
세븐일레븐 성북아리랑점,2019-12-11,201296.769406153,454926.457932808,2026-04-26 22:00:56,I,03,폐업,2019-12-11 17:45:14,,2015-10-22,,서울특별시 성북구 동선동5가 146번지 3호,PHMH320153070034087500037,3070000,서울특별시 성북구 아리랑로 44-0 (동선동5가),02827,03,폐업,49,,,02-921-9519
CU 성북진영점,2019-01-14,203064.895688085,454994.47520647,2026-04-26 22:00:56,I,03,폐업,2019-01-14 13:25:06,,2015-10-29,,서울특별시 성북구 종암동 10번지 78호,PHMH320153070034087500038,3070000,서울특별시 성북구 종암로 78 (종암동),02800,03,폐업,,,,02-942-1529
세븐일래븐 월곡화랑로점,2018-04-12,203364.473242709,455595.009313216,2026-04-26 22:00:56,I,03,폐업,2018-04-12 14:15:51,,2015-11-05,,서울특별시 성북구 하월곡동 64번지 13호,PHMH320153070034087500039,3070000,"서울특별시 성북구 화랑로 59, 2층 (하월곡동, 정용빌딩)",02751,03,폐업,83,,,02-911-5998
위드미성북삼성점,2019-01-02,200962.017126908,454131.543815561,2026-04-26 22:00:56,I,03,폐업,2019-01-02 17:35:12,,2015-11-13,,서울특별시 성북구 삼선동4가 63번지,PHMH320153070034087500040,3070000,서울특별시 성북구 동소문로10길 25 (삼선동4가),02861,03,폐업,63,,,
CU 월곡로터리점,2024-04-30,203179.761556753,455705.210940874,2026-04-26 22:00:56,I,03,폐업,2024-04-30 14:18:47,,2015-11-18,,서울특별시 성북구 하월곡동 90번지 455호 홍진빌딩,PHMH320153070034087500041,3070000,"서울특별시 성북구 오패산로3길 3, 홍진빌딩 (하월곡동)",02740,03,폐업,69,,,
(주)코리아세븐 성북정릉동아점,2025-02-05,201191.0968169,456129.637650794,2026-04-26 22:00:58,I,03,폐업,2025-02-05 17:07:05,,2015-11-26,,서울특별시 성북구 정릉동 210번지 푸른마을 동아아파트,PHMH320153070034087500042,3070000,"서울특별시 성북구 서경로 31 (정릉동, 푸른마을 동아아파트)",02716,03,폐업,50,,,
세븐일레븐 성북정릉타운점,2019-10-15,201121.578660954,455933.485705924,2026-04-26 22:00:56,I,03,폐업,2019-10-15 11:36:54,,2015-11-26,,서울특별시 성북구 정릉동 165번지 1호,PHMH320153070034087500043,3070000,"서울특별시 성북구 정릉로27길 41, 1층 (정릉동)",02718,03,폐업,43,,,02-917-0711
CU 성북명랑점,2019-04-23,201702.710454554,454607.21206289,2026-04-26 22:00:56,I,03,폐업,2019-04-23 11:36:54,,2015-12-01,,서울특별시 성북구 동선동3가 186번지,PHMH320153070034087500044,3070000,서울특별시 성북구 보문로34가길 51 (동선동3가),02845,03,폐업,49,,,02-927-3288
미니스톱 장위사거리,2018-06-19,205254.635489773,456729.886515639,2026-04-26 22:00:56,I,03,폐업,2018-06-19 17:14:49,,2015-12-08,,서울특별시 성북구 장위동 45번지 8호,PHMH320153070034087500045,3070000,"서울특별시 성북구 화랑로 287 (장위동, 이동희치과의원)",02775,03,폐업,50,,,02-909-2771
이마트24 성북정릉점,2020-11-10,200617.992396752,456337.294935591,2026-04-26 22:00:56,I,03,폐업,2020-11-10 16:03:16,,2015-12-08,,서울특별시 성북구 정릉동 350번지 7호,PHMH320153070034087500046,3070000,"서울특별시 성북구 솔샘로6길 46, 1층 1호 (정릉동)",02709,03,폐업,,,,
CU 성북돈암점,2017-11-16,202403.554505565,455668.405695422,2026-04-26 22:00:56,I,03,폐업,2017-11-17 08:50:33,,2015-12-09,,서울특별시 성북구 돈암동 631번지,PHMH320153070034087500047,3070000,"서울특별시 성북구 정릉로 402-16 (돈암동, 범양아파트)",02801,03,폐업,53,,,02-921-3034
GS25 장위온누리점,2017-08-16,205115.270098014,456653.34725952,2026-04-26 22:00:56,I,03,폐업,2017-08-16 11:46:28,,2015-12-18,,서울특별시 성북구 장위동 50번지 50호,PHMH320153070034087500048,3070000,"서울특별시 성북구 화랑로 271 (장위동, 동원베네스트)",02775,03,폐업,,,,
CU 성북삼선점,2018-09-17,200886.009939528,453761.693315087,2026-04-26 22:00:56,I,03,폐업,2018-09-17 17:35:42,,2015-12-21,,서울특별시 성북구 삼선동2가 212번지 1호,PHMH320153070034087500049,3070000,서울특별시 성북구 삼선교로16길 48 (삼선동2가),02864,03,폐업,40,,,
세븐일레븐 성북동소문점,2016-02-05,200983.813856115,454392.520904994,2026-04-26 22:00:56,I,03,폐업,2016-02-05 17:54:40,,2015-12-22,,서울특별시 성북구 동소문동4가 226번지,PHMH320153070034087500050,3070000,"서울특별시 성북구 동소문로13가길 18, 1층 (동소문동4가, 용우빌딩)",02832,03,폐업,,,,
GS25 안암래미안,2023-04-25,201894.297965363,454073.597728478,2026-04-26 22:00:56,I,03,폐업,2023-04-26 09:04:15,,2016-03-03,,서울특별시 성북구 안암동1가 198번지,PHMH320163070034087500004,3070000,서울특별시 성북구 고려대로7다길 39-12 (안암동1가),02850,03,폐업,,,,02-921-2461
세븐일레븐 정릉아리랑점,2019-06-12,200953.497804834,455584.928091277,2026-04-26 22:00:56,I,03,폐업,2019-06-12 19:31:41,,2016-03-11,,서울특별시 성북구 정릉동 484번지,PHMH320163070034087500006,3070000,서울특별시 성북구 아리랑로19길 34 (정릉동),02814,03,폐업,,,,02-942-4408
세븐일레븐 정릉대로점,2021-08-18,201639.692721783,455523.142201788,2026-04-26 22:00:56,I,03,폐업,2021-08-18 17:33:56,,2016-03-14,,서울특별시 성북구 정릉동 16번지 169호 윤영수치과,PHMH320163070034087500007,3070000,"서울특별시 성북구 정릉로 326, 윤영수치과 (정릉동)",02816,03,폐업,,,,02-3269-2840
GS25 성북마을점,2022-03-17,200272.26002116,454075.772056115,2026-04-26 22:00:56,I,03,폐업,2022-03-17 15:17:31,,2016-03-15,,서울특별시 성북구 성북동1가 102번지,PHMH320163070034087500008,3070000,서울특별시 성북구 성북로5길 22 (성북동1가),02880,03,폐업,43,,,
CU 월곡대로점,2016-05-31,202718.49271875,455981.322689773,2026-04-26 22:00:56,I,03,폐업,2016-05-31 16:57:03,,2016-03-28,,서울특별시 성북구 하월곡동 90번지 107호,PHMH320163070034087500009,3070000,서울특별시 성북구 종암로 182-1 (하월곡동),02739,03,폐업,,,,02-917-4729
GS25 국민대점,2017-10-26,199955.212381036,456157.423270204,2026-04-26 22:00:56,I,03,폐업,2017-10-26 16:50:54,,2016-04-05,,서울특별시 성북구 정릉동 654번지 34호 1층,PHMH320163070034087500010,3070000,"서울특별시 성북구 정릉로10길 22, 1층 (정릉동)",02812,03,폐업,,,,
(주)코리아세븐 월곡우남점,2018-01-09,204044.590348953,455951.450203887,2026-04-26 22:00:58,I,03,폐업,2018-01-09 13:22:57,,2016-05-04,,"서울특별시 성북구 상월곡동 55번지 56호 우남아파트 상가 103, 104호",PHMH320163070034087500011,3070000,"서울특별시 성북구 화랑로15길 4, 103, 104호 (상월곡동, 우남아파트 상가 )",02752,03,폐업,,,,02-909-0286
GS25한진본,2025-07-04,200841.726990037,454721.505180141,2026-04-26 22:00:56,I,03,폐업,2025-07-04 10:39:27,,2016-05-09,,서울특별시 성북구 돈암동 609번지 1호,PHMH320163070034087500012,3070000,"서울특별시 성북구 성북로4길 52, 지하4층 5107호 (돈암동, 한진스포츠센터)",02831,03,폐업,,,,
GS25 성북석관점,2018-04-10,205218.988065219,456220.331943809,2026-04-26 22:00:58,I,03,폐업,2018-04-10 17:56:44,,2016-05-17,,서울특별시 성북구 석관동 301번지 8호,PHMH320163070034087500013,3070000,"서울특별시 성북구 돌곶이로 46, 1층 (석관동)",02785,03,폐업,,,,02-3295-5788
GS25동선행복점,2018-04-27,201695.361119444,454822.854721817,2026-04-26 22:00:56,I,03,폐업,2018-04-27 14:27:13,,2016-05-26,,서울특별시 성북구 동선동4가 295번지 4호,PHMH320163070034087500014,3070000,"서울특별시 성북구 동소문로27길 31, 1층 101호 (동선동4가, 벨라미아 오피스텔)",02829,03,폐업,,,,
CU 정릉입구점,2016-12-31,200969.910066571,455855.289193804,2026-04-26 22:00:56,I,03,폐업,2017-01-04 15:58:19,,2016-05-27,,서울특별시 성북구 정릉동 164번지 15호,PHMH320163070034087500016,3070000,서울특별시 성북구 보국문로 4 (정릉동),02718,03,폐업,33,,,
미니스톱 종암아이파크점,2020-08-24,202743.960526017,455085.52040479,2026-04-26 22:00:56,I,03,폐업,2020-08-24 19:19:47,,2016-05-31,,서울특별시 성북구 종암동 62번지 8호,PHMH320163070034087500017,3070000,"서울특별시 성북구 종암로19길 50, 1층 (종암동)",02804,03,폐업,83,,,
CU 월곡대로점,2016-10-28,202718.49271875,455981.322689773,2026-04-26 22:00:58,I,03,폐업,2016-10-28 16:35:15,,2016-06-02,,서울특별시 성북구 하월곡동 90번지 107호,PHMH320163070034087500019,3070000,서울특별시 성북구 종암로 182-1 (하월곡동),02739,03,폐업,70,,,02-917-4729
GS25 정릉아리랑,2017-11-01,200881.830026771,455559.665407863,2026-04-26 22:00:56,I,03,폐업,2017-11-01 15:31:45,,2016-06-09,,서울특별시 성북구 정릉동 522번지,PHMH320163070034087500021,3070000,"서울특별시 성북구 아리랑로19나길 4, 1층 (정릉동)",02820,03,폐업,34,,,
GS25 성북서경대,2021-07-13,201140.193433368,456526.252457559,2026-04-26 22:00:56,I,03,폐업,2021-07-13 09:47:25,,2016-06-23,,서울특별시 성북구 정릉동 1013번지 청구아파트,PHMH320163070034087500022,3070000,"서울특별시 성북구 서경로 91, 제상가동 1층 103호 (정릉동, 청구아파트)",02716,03,폐업,56,,,
GS25 정릉시티점,2022-07-21,200765.49762331,456541.983878197,2026-04-26 22:00:56,I,03,폐업,2022-07-21 11:06:12,,2016-07-12,,서울특별시 성북구 정릉동 266번지 179호,PHMH320163070034087500024,3070000,"서울특별시 성북구 보국문로18길 12, 1층 (정릉동)",02717,03,폐업,,,,02-909-3231
세븐일레븐 석관중학교점,2019-03-11,205733.885475417,455994.676076271,2026-04-26 22:00:56,I,03,폐업,2019-03-11 14:03:05,,2016-07-21,,"서울특별시 성북구 석관동 405번지 코오롱아파트 상가제1동 101호, 102호",PHMH320163070034087500025,3070000,"서울특별시 성북구 한천로 509 (석관동, 코오롱아파트)",02786,03,폐업,46,,,
위드미한성대원룸점,2019-05-20,200817.784254595,453698.189561754,2026-04-26 22:00:56,I,03,폐업,2019-05-20 20:07:35,,2016-07-28,,서울특별시 성북구 삼선동2가 203번지 타임아트빌 제씨동 제1층 제101호,PHMH320163070034087500026,3070000,"서울특별시 성북구 삼선교로10길 57, 제씨동동 제1층 101호 (삼선동2가, 타임아트빌)",02864,03,폐업,33,,,02-747-1984
CU 성북고명점,2017-07-14,201704.707876218,455171.670762264,2026-04-26 22:00:56,I,03,폐업,2017-07-14 17:50:23,,2016-08-08,,서울특별시 성북구 돈암동 42번지 32호 1층  7호,PHMH320163070034087500027,3070000,"서울특별시 성북구 북악산로 865, 1층 7호 (돈암동, 고명아파트)",02817,03,폐업,,,,
GS25상월곡본,2021-09-01,204542.851983586,456305.466364927,2026-04-26 22:00:56,I,03,폐업,2021-09-02 09:13:46,,2016-08-17,,서울특별시 성북구 상월곡동 7번지 303호 1층,PHMH320163070034087500028,3070000,"서울특별시 성북구 화랑로21길 65, 1층 (상월곡동)",02773,03,폐업,78,,,02-915-8235
GS25 정릉대우점,2016-12-15,200939.886796965,455953.198277739,2026-04-26 22:00:56,I,03,폐업,2016-12-15 17:13:51,,2016-09-19,,서울특별시 성북구 정릉동 413번지 16호 1층,PHMH320163070034087500031,3070000,"서울특별시 성북구 보국문로 14, 1층 (정릉동)",02718,03,폐업,56,,,02-909-6635
GS25 성북삼선점,2018-11-01,201399.42894153,453983.958520083,2026-04-26 22:00:58,I,03,폐업,2018-11-01 17:46:00,,2016-09-22,,서울특별시 성북구 삼선동5가 257번지,PHMH320163070034087500033,3070000,서울특별시 성북구 삼선교로24길 44-1 (삼선동5가),02862,03,폐업,,,,
GS25 성북래미안,2023-10-12,203587.367248013,455285.698816603,2026-04-26 22:00:56,I,03,폐업,2023-10-12 13:15:06,,2016-09-23,,서울특별시 성북구 하월곡동 226번지 3호,PHMH320163070034087500034,3070000,"서울특별시 성북구 월곡로14길 24 (하월곡동, 월곡래미안 루나밸리)",02794,03,폐업,,,,02-941-0684
CU 길음타운점,2017-07-12,201514.970976778,456137.102062808,2026-04-26 22:00:56,I,03,폐업,2017-07-12 15:49:18,,2016-09-27,,서울특별시 성북구 길음동 1284번지 길음뉴타운 상가 지2층 A동 8호,PHMH320163070034087500035,3070000,"서울특별시 성북구 길음로 33, A동 지2층 8호 (길음동, 길음뉴타운)",02720,03,폐업,59,,,02-919-3645
CU 고대호랑이점,2018-04-13,202381.472866174,453745.56928222,2026-04-26 22:00:56,I,03,폐업,2018-04-13 17:42:24,,2016-10-06,,서울특별시 성북구 안암동5가 126번지 83호,PHMH320163070034087500038,3070000,"서울특별시 성북구 인촌로 76, 1층 (안암동5가)",02855,03,폐업,,,,02-928-8767
CU 성북미래점,2020-09-01,199453.359808072,454717.334083215,2026-04-26 22:00:56,I,03,폐업,2020-09-02 17:08:31,,2016-10-19,,서울특별시 성북구 성북동 256번지 1호,PHMH320163070034087500040,3070000,서울특별시 성북구 성북로 136 (성북동),02838,03,폐업,120,,,02-747-8551
(주)코리아세븐 성북언덕점,2021-10-12,201841.778815742,454922.895383694,2026-04-26 22:00:58,I,03,폐업,2021-10-15 11:02:20,,2016-10-20,,서울특별시 성북구 동선동3가 259번지 6호 지층,PHMH320163070034087500041,3070000,"서울특별시 성북구 동소문로32길 4, 지층 (동선동3가, 보원당한의원)",02840,03,폐업,,,,02-921-4052
GS25 성신여대점,2022-01-19,201710.195177256,454327.305512711,2026-04-26 22:00:58,I,03,폐업,2022-01-19 14:01:19,,2016-10-25,,서울특별시 성북구 동선동2가 154번지,PHMH320163070034087500042,3070000,서울특별시 성북구 보문로34길 88 (동선동2가),02844,03,폐업,,,,
(주)코리아세븐 성북보문중앙점,2020-12-07,201686.427654941,453172.532817913,2026-04-26 22:00:58,I,03,폐업,2020-12-07 18:55:50,,2016-10-28,,서울특별시 성북구 보문동6가 117번지,PHMH320163070034087500043,3070000,"서울특별시 성북구 보문로13다길 27, 1층 (보문동6가)",02873,03,폐업,,,,02-921-8015
CU 월곡대로점,2020-04-24,202718.49271875,455981.322689773,2026-04-26 22:00:56,I,03,폐업,2020-04-24 15:16:26,,2016-10-28,,서울특별시 성북구 하월곡동 90번지 107호,PHMH320163070034087500044,3070000,"서울특별시 성북구 종암로 182-1, 1층 (하월곡동)",02739,03,폐업,,,,02-909-3117
GS25 장위기쁨,2020-07-23,203661.200250551,457020.818415737,2026-04-26 22:00:56,I,03,폐업,2020-07-23 11:39:59,,2016-11-01,,서울특별시 성북구 장위동 230번지 86호 1층 우측상가,PHMH320163070034087500046,3070000,"서울특별시 성북구 장위로15길 34-2, 1층 (장위동, 우측 상가)",02755,03,폐업,,,,
GS25 정릉준서점,2020-12-30,200221.338929773,456415.517320326,2026-04-26 22:00:56,I,03,폐업,2020-12-30 15:56:45,,2016-11-09,,서울특별시 성북구 정릉동 717번지 25호,PHMH320163070034087500047,3070000,서울특별시 성북구 솔샘로5길 42 (정릉동),02708,03,폐업,24,,,
(주)코리아세븐 정릉청운점,2022-08-17,200911.205863075,456110.006547239,2026-04-26 22:00:58,I,03,폐업,2022-08-17 17:42:47,,2016-11-15,,서울특별시 성북구 정릉동 409번지 10호,PHMH320163070034087500048,3070000,서울특별시 성북구 보국문로8길 9 (정릉동),02717,03,폐업,6,,,
이마트(emart)24 성북동선점,2018-12-28,201403.964624253,454720.320150614,2026-04-26 22:00:56,I,03,폐업,2018-12-28 14:35:02,,2016-11-16,,서울특별시 성북구 동선동5가 38번지,PHMH320163070034087500049,3070000,"서울특별시 성북구 동소문로23길 34, 1층 (동선동5가)",02829,03,폐업,,,,
씨유 정릉솔샘점,2023-12-27,200495.81367428,456244.719113261,2026-04-26 22:00:56,I,03,폐업,2023-12-27 10:51:03,,2016-11-25,,서울특별시 성북구 정릉동 685번지 13호,PHMH320163070034087500050,3070000,"서울특별시 성북구 솔샘로4길 30, 1층 (정릉동)",02710,03,폐업,,,,
세븐일레븐 석계화랑로점,2024-01-05,205486.863019773,456764.140723231,2026-04-26 22:00:56,I,03,폐업,2024-01-05 15:45:50,,2016-11-28,,서울특별시 성북구 석관동 176번지 62호,PHMH320163070034087500051,3070000,서울특별시 성북구 화랑로40길 26 (석관동),02781,03,폐업,,,,
미니스톱 보문파크점,2022-01-13,201754.872681402,453074.904969855,2026-04-26 22:00:56,I,03,폐업,2022-01-13 17:04:19,,2016-12-09,,서울특별시 성북구 보문동7가 56번지,PHMH320163070034087500052,3070000,"서울특별시 성북구 보문로13길 24, 1층 (보문동7가)",02873,03,폐업,,,,
GS25 정릉대우점,2024-12-30,200939.886796965,455953.198277739,2026-04-26 22:00:56,I,03,폐업,2024-12-30 14:01:55,,2017-01-02,,서울특별시 성북구 정릉동 413번지 16호,PHMH320173070034087500002,3070000,"서울특별시 성북구 보국문로 14, 1층 (정릉동)",02718,03,폐업,,,,02-948-2149
이마트24 동덕여대점,2020-03-16,203696.694753035,455746.376722518,2026-04-26 22:00:58,I,03,폐업,2020-03-16 17:11:35,,2017-01-06,,서울특별시 성북구 하월곡동 18번지 49호 1층,PHMH320173070034087500003,3070000,"서울특별시 성북구 화랑로13길 14, 1층 (하월곡동)",02752,03,폐업,,,,
GS25 성북스테이트점,2018-12-28,202613.131792067,456022.34503858,2026-04-26 22:00:56,I,03,폐업,2018-12-28 15:34:06,,2017-01-24,,서울특별시 성북구 하월곡동 88번지 64호 성북힐스테이트,PHMH320173070034087500005,3070000,"서울특별시 성북구 동소문로44길 43, 101동 114호 (하월곡동, 성북힐스테이트)",02733,03,폐업,,,,
(주)지에스리테일 GS25월곡역점,2017-03-27,203710.271362395,455620.497634811,2026-04-26 22:00:58,I,03,폐업,2017-03-27 14:01:06,,2017-01-25,,서울특별시 성북구 하월곡동 37번지 60호 1층 일부 수복빌딩,PHMH320173070034087500006,3070000,"서울특별시 성북구 화랑로 96, 1층 (하월곡동, 수복빌딩)",02793,03,폐업,,,,02-909-6570
(주)코리아세븐 돌곶이역점,2018-02-07,204920.480649299,456532.523178052,2026-04-26 22:00:58,I,03,폐업,2018-02-07 15:26:52,,2017-02-02,,서울특별시 성북구 장위동 64번지 123호,PHMH320173070034087500007,3070000,"서울특별시 성북구 돌곶이로 91, 1층 (장위동)",02772,03,폐업,,,,
CU 안암문선점,2022-03-11,202170.913305744,453158.666975074,2026-04-26 22:00:56,I,03,폐업,2022-03-11 11:38:33,,2017-02-10,,서울특별시 성북구 안암동4가 24번지 2호,PHMH320173070034087500008,3070000,"서울특별시 성북구 안암로9가길 14, 1층 (안암동4가)",02857,03,폐업,,,,
지에스25 석관미소점,2022-01-26,205557.575136266,456290.706854598,2026-04-26 22:00:56,I,03,폐업,2022-01-26 14:11:41,,2017-02-28,,서울특별시 성북구 석관동 67번지 18호,PHMH320173070034087500011,3070000,"서울특별시 성북구 돌곶이로8바길 39, 1층 (석관동)",02785,03,폐업,,,,
CU안암중앙점,2022-12-16,202651.092828357,453724.083113209,2026-04-26 22:00:56,I,03,폐업,2022-12-16 11:18:50,,2017-03-15,,서울특별시 성북구 안암동5가 86번지 150호,PHMH320173070034087500013,3070000,"서울특별시 성북구 고려대로28길 13, 1층 (안암동5가)",02856,03,폐업,,,,
지에스25 성신돈암,2022-03-30,201389.393007427,454658.210922524,2026-04-26 22:00:56,I,03,폐업,2022-04-04 11:06:23,,2017-03-23,,서울특별시 성북구 동선동4가 53번지,PHMH320173070034087500015,3070000,"서울특별시 성북구 아리랑로 16, 1층 (동선동4가)",02829,03,폐업,,,,
지에스25 길음래미안,2018-03-23,201648.204071174,455717.855906877,2026-04-26 22:00:56,I,03,폐업,2018-03-23 16:24:52,,2017-03-24,,서울특별시 성북구 길음동 1286번지,PHMH320173070034087500016,3070000,"서울특별시 성북구 길음로9길 50, 112호 (길음동, 길음뉴타운 9단지 상가)",02721,03,폐업,,,,
CU 동소문태양점,2024-02-27,200718.316132523,454196.564161938,2026-04-26 22:00:56,I,03,폐업,2024-02-26 15:03:24,,2017-03-28,,서울특별시 성북구 동소문동1가 116번지,PHMH320173070034087500017,3070000,"서울특별시 성북구 성북로2길 60, 1층 (동소문동1가)",02833,03,폐업,,,,
CU 동선대로점,2019-07-26,201609.186392358,454727.75303593,2026-04-26 22:00:56,I,03,폐업,2019-07-26 11:04:48,,2017-04-17,,서울특별시 성북구 동선동4가 294번지,PHMH320173070034087500020,3070000,"서울특별시 성북구 동소문로25길 6, 1층 제13호 (동선동4가)",02829,03,폐업,80,,,
CU 보문파크뷰점,2019-01-04,201562.571790335,453092.434673285,2026-04-26 22:00:58,I,03,폐업,2019-01-04 11:41:37,,2017-04-19,,서울특별시 성북구 보문동6가 198번지 45호,PHMH320173070034087500022,3070000,"서울특별시 성북구 보문사길 111, 상가2호 (보문동6가, 보문파크뷰자이)",02874,03,폐업,52,,,
지에스25 정릉풍림,2023-09-08,200754.371445868,457195.351141049,2026-04-26 22:00:56,I,03,폐업,2023-09-08 09:14:23,,2017-04-27,,서울특별시 성북구 정릉동 239번지 1호 정릉풍림아이원,PHMH320173070034087500023,3070000,"서울특별시 성북구 솔샘로 116, 정릉풍림아이원 1층 102호 (정릉동)",02712,03,폐업,,,,
세븐일레븐 성신코아루점,2018-01-18,201623.097214797,454526.361323164,2026-04-26 22:00:56,I,03,폐업,2018-01-18 18:28:09,,2017-04-28,,서울특별시 성북구 동선동1가 121번지 6호,PHMH320173070034087500024,3070000,"서울특별시 성북구 동소문로20나길 47, 101, 102호 (동선동1가, 코아루센타시아)",02845,03,폐업,37,,,
CU 동덕우체국점,2019-06-27,203530.037084014,456038.638029767,2026-04-26 22:00:56,I,03,폐업,2019-06-27 17:58:18,,2017-05-16,,서울특별시 성북구 하월곡동 73번지 21호,PHMH320173070034087500027,3070000,"서울특별시 성북구 화랑로13길 79-2, 1층 (하월곡동)",02748,03,폐업,,,,
이마트위드미 종암중앙점,2020-06-11,203408.020511094,455006.142322267,2026-04-26 22:00:56,I,03,폐업,2020-06-11 14:58:52,,2017-05-29,,서울특별시 성북구 종암동 3번지 380호,PHMH320173070034087500029,3070000,"서울특별시 성북구 월곡로 56-1, 1층 101호 (종암동)",02795,03,폐업,,,,070-7785-8602
세븐일레븐 돈암로데오점,2020-06-10,201466.523318794,454434.811688804,2026-04-26 22:00:56,I,03,폐업,2020-06-10 14:17:33,,2017-06-08,,서울특별시 성북구 동선동1가 2번지 4호,PHMH320173070034087500031,3070000,"서울특별시 성북구 동소문로20나길 13, 1층 (동선동1가)",02845,03,폐업,,,,02-929-7578
위드미 석관행운점,2019-05-30,205275.347094211,456456.211180633,2026-04-26 22:00:56,I,03,폐업,2019-05-30 14:02:31,,2017-06-12,,서울특별시 성북구 석관동 208번지 4호,PHMH320173070034087500032,3070000,"서울특별시 성북구 돌곶이로22길 46, 1층 1,2호 (석관동)",02784,03,폐업,,,,
CU 길음센터피스점,2022-06-02,202496.976175537,456293.019075366,2026-04-26 22:00:56,I,03,폐업,2022-06-02 17:42:44,,2017-06-28,,서울특별시 성북구 길음동 21번지 71호,PHMH320173070034087500033,3070000,"서울특별시 성북구 동소문로47길 12, 1층 (길음동)",02729,03,폐업,,,,02-982-8588
GS25 국민사랑점,2019-07-02,199862.191680246,456454.932651434,2026-04-26 22:00:56,I,03,폐업,2019-07-03 08:51:32,,2017-07-05,,서울특별시 성북구 정릉동 852번지 11호,PHMH320173070034087500034,3070000,서울특별시 성북구 정릉로9길 40 (정릉동),02708,03,폐업,49,,,
GS25 성신미디어점,2023-02-21,201692.330215389,454256.765278572,2026-04-26 22:00:56,I,03,폐업,2023-02-22 09:09:37,,2017-07-05,,서울특별시 성북구 동선동2가 142번지 3호,PHMH320173070034087500035,3070000,"서울특별시 성북구 보문로32길 69, 1층 (동선동2가)",02844,03,폐업,,,,02-923-7978
CU 길음타운점,2017-10-18,201514.970976778,456137.102062808,2026-04-26 22:00:56,I,03,폐업,2017-10-18 14:11:30,,2017-07-12,,서울특별시 성북구 길음동 1284번지,PHMH320173070034087500036,3070000,"서울특별시 성북구 길음로 33, A동 지2층 8호 (길음동, 길음뉴타운)",02720,03,폐업,,,,02-911-6435
CU 성북고명점,2019-09-16,201704.707876218,455171.670762264,2026-04-26 22:00:56,I,03,폐업,2019-09-16 11:43:32,,2017-07-17,,서울특별시 성북구 돈암동 42번지 32호 고명아파트,PHMH320173070034087500038,3070000,"서울특별시 성북구 북악산로 865, 외5필지 제점포7호 (돈암동, 고명아파트)",02817,03,폐업,,,,
이마트24 성북본점,2018-04-20,199972.889954824,454577.889305528,2026-04-26 22:00:58,I,03,폐업,2018-04-20 13:18:15,,2017-07-21,,서울특별시 성북구 성북동 60번지 33호,PHMH320173070034087500039,3070000,"서울특별시 성북구 성북로 76, 1층 (성북동)",02836,03,폐업,,,,02-6916-1501
CU 성북야채왕점,2023-10-31,201268.889626334,454419.826521039,2026-04-26 22:00:56,I,03,폐업,2023-11-01 10:22:51,,2017-07-27,,서울특별시 성북구 동소문동5가 67번지 7호,PHMH320173070034087500040,3070000,"서울특별시 성북구 보문로40길 29, 1층 (동소문동5가)",02846,03,폐업,,,,02-925-0029
CU 삼선중앙점,2022-07-25,201365.902450139,454050.630980242,2026-04-26 22:00:56,I,03,폐업,2022-08-03 15:38:04,,2017-07-27,,서울특별시 성북구 삼선동5가 299번지 11호,PHMH320173070034087500041,3070000,"서울특별시 성북구 보문로31길 6, 1층 (삼선동5가)",02862,03,폐업,,,,
GS25 종암아랑점,2024-07-02,202489.090946714,455265.920446541,2026-04-26 22:00:56,I,03,폐업,2024-07-02 17:25:19,,2017-08-10,,서울특별시 성북구 종암동 78번지 78호,PHMH320173070034087500042,3070000,"서울특별시 성북구 종암로19다길 4, 지하1층 (종암동, 아랑 어린이집)",02805,03,폐업,,,,
GS25 성북동소문점,2019-03-05,200872.92388987,454324.402654952,2026-04-26 22:00:56,I,03,폐업,2019-03-05 17:17:45,,2017-08-10,,서울특별시 성북구 동소문동4가 103번지 27호,PHMH320173070034087500043,3070000,서울특별시 성북구 동소문로13가길 46 (동소문동4가),02832,03,폐업,,,,02-921-5689
(주)코리아세븐 성북문화점,2025-09-29,200235.846987822,454382.479321135,2026-04-26 22:00:58,I,03,폐업,2025-09-29 11:44:38,,2017-08-22,,서울특별시 성북구 성북동 176번지 1호,PHMH320173070034087500046,3070000,서울특별시 성북구 성북로 44 (성북동),02837,03,폐업,,,,
GS25정릉행복점,2021-12-09,201598.888912944,455526.547067224,2026-04-26 22:00:56,I,03,폐업,2021-12-09 17:44:10,,2017-09-08,,서울특별시 성북구 정릉동 16번지 173호,PHMH320173070034087500047,3070000,"서울특별시 성북구 정릉로38나길 1, 1층 (정릉동)",02816,03,폐업,,,,02-914-8642
CU 돈암풍림점,2025-05-13,201939.36883657,454791.417347522,2026-04-26 22:00:56,I,03,폐업,2025-05-13 17:29:05,,2017-09-26,,서울특별시 성북구 돈암동 74번지 262호,PHMH320173070034087500048,3070000,"서울특별시 성북구 북악산로 914, 1층 (돈암동)",02840,03,폐업,,,,02-928-0225
GS25 하월곡아남점,2022-11-01,202927.92545889,455970.002142118,2026-04-26 22:00:56,I,03,폐업,2022-11-02 20:43:26,,2017-10-13,,서울특별시 성북구 하월곡동 90번지 1427호,PHMH320173070034087500049,3070000,"서울특별시 성북구 종암로36나길 1, 1층 (하월곡동)",02739,03,폐업,,,,
CU 성북안암,2020-08-04,202575.410802199,453852.098211637,2026-04-26 22:00:56,I,03,폐업,2020-08-04 15:45:18,,2017-10-13,,서울특별시 성북구 안암동5가 12번지 74호,PHMH320173070034087500050,3070000,"서울특별시 성북구 고려대로27길 14, 1층 (안암동5가)",02842,03,폐업,,,,02-922-7352
씨유 길음타운점,2022-08-16,201514.970976778,456137.102062808,2026-04-26 22:00:56,I,03,폐업,2022-08-16 16:11:10,,2017-10-18,,서울특별시 성북구 길음동 1284번지,PHMH320173070034087500052,3070000,"서울특별시 성북구 길음로 33, 상가A동 지2층 8호 (길음동, 길음뉴타운)",02720,03,폐업,,,,
GS25 국민대점,2021-03-02,199955.212381036,456157.423270204,2026-04-26 22:00:56,I,03,폐업,2021-03-02 14:48:36,,2017-10-26,,서울특별시 성북구 정릉동 654번지 34호,PHMH320173070034087500053,3070000,"서울특별시 성북구 정릉로10길 22, 1층 (정릉동)",02812,03,폐업,132,,,02-942-7862
씨유 성북진영점,2015-10-19,203064.895688085,454994.47520647,2026-04-26 22:00:55,I,03,폐업,2015-10-26 14:40:44,,2013-01-16,136-858,서울특별시 성북구 종암동 10번지 78호,PHMH320133070034087500012,3070000,서울특별시 성북구 종암로 78 (종암동),02800,03,폐업,,,,02-942-1529
GS25 성신미디어점,2015-02-23,201692.330215389,454256.765278572,2026-04-26 22:00:55,I,03,폐업,2015-02-23 14:07:52,,2013-01-16,136-052,서울특별시 성북구 동선동2가 142번지 3호,PHMH320133070034087500013,3070000,서울특별시 성북구 보문로32길 69 (동선동2가),,03,폐업,,,,02-923-7978
중앙슈퍼,2015-04-08,,,2026-04-26 22:00:55,I,03,폐업,2015-04-08 11:57:41,,2013-01-22,136-800,서울특별시 성북구 길음동 496번지 17호,PHMH320133070034087500014,3070000,서울특별시 성북구 숭인로8길 78 (길음동),,03,폐업,,,,02-983-0908
세븐일레븐 성북장위점,2018-05-24,204893.97014389,456797.938626169,2026-04-26 22:00:55,I,03,폐업,2018-05-24 09:16:58,,2013-01-23,136-827,서울특별시 성북구 장위동 62번지 12호,PHMH320133070034087500015,3070000,서울특별시 성북구 화랑로35길 56 (장위동),02776,03,폐업,,,,02-911-0065
CU 성북한성대점,2019-12-31,200851.214998142,453465.464747132,2026-04-26 22:00:55,I,03,폐업,2019-12-31 16:59:48,,2013-01-24,136-042,서울특별시 성북구 삼선동2가 370번지,PHMH320133070034087500016,3070000,서울특별시 성북구 삼선교로14길 102-3 (삼선동2가),02867,03,폐업,,,,02-744-7767
씨유 성북삼선교점,2016-02-24,200692.995517183,454003.482861787,2026-04-26 22:00:55,I,03,폐업,2016-02-24 17:38:17,,2013-01-30,136-032,서울특별시 성북구 동소문동2가 147번지,PHMH320133070034087500018,3070000,서울특별시 성북구 동소문로2길 43 (동소문동2가),02860,03,폐업,,,,02-747-8071
GS25 안암래미안점,2016-03-03,201894.297965363,454073.597728478,2026-04-26 22:00:55,I,03,폐업,2016-03-03 18:03:32,,2013-02-06,136-071,서울특별시 성북구 안암동1가 198번지,PHMH320133070034087500019,3070000,서울특별시 성북구 인촌로7다길 39-12 (안암동1가),02850,03,폐업,,,,02-921-2461
세븐일레븐 석관초교점,2020-12-02,205185.256089156,456430.445027229,2026-04-26 22:00:58,I,03,폐업,2020-12-02 17:00:02,,2013-02-07,136-818,서울특별시 성북구 석관동 200번지 11호,PHMH320133070034087500020,3070000,서울특별시 성북구 돌곶이로22길 28 (석관동),02784,03,폐업,,,,
CU 정릉아리랑점,2022-03-16,201136.385975814,455645.710719686,2026-04-26 22:00:55,I,03,폐업,2022-03-17 09:26:53,,2013-02-25,136-844,서울특별시 성북구 정릉동 139번지 58호,PHMH320133070034087500021,3070000,서울특별시 성북구 정릉로 272 (정릉동),02815,03,폐업,,,,02-914-1155
GS25 고대성북천,2017-04-19,201877.65411783,453499.549616077,2026-04-26 22:00:55,I,03,폐업,2017-04-19 16:53:50,,2013-02-25,136-073,서울특별시 성북구 안암동3가 86번지,PHMH320133070034087500022,3070000,서울특별시 성북구 보문로22길 28 (안암동3가),02858,03,폐업,,,,02-926-8288
베스트올,2019-05-10,205231.741961129,456015.948336412,2026-04-26 22:00:55,I,03,폐업,2019-05-10 13:41:49,,2013-03-11,136-819,서울특별시 성북구 석관동 332번지 391호,PHMH320133070034087500023,3070000,서울특별시 성북구 돌곶이로9나길 1 (석관동),02788,03,폐업,,,,
베스트올 종암점,2019-06-10,202887.735294472,455516.204264925,2026-04-26 22:00:55,I,03,폐업,2019-06-10 15:28:31,,2013-03-20,136-090,서울특별시 성북구 종암동 132번지 우림카이저펠리스 105호,PHMH320133070034087500024,3070000,서울특별시 성북구 종암로 132 (종암동),02797,03,폐업,,,,
GS25 성북대우,2015-05-27,200232.805838173,457297.865876295,2026-04-26 22:00:55,I,03,폐업,2015-05-27 09:43:06,,2013-04-05,136-767,"서울특별시 성북구  1021번지 정릉대우아파트상가동 2,3,4,5,6호",PHMH320133070034087500028,3070000,"서울특별시 성북구 보국문로30길 15 (정릉동, 정릉대우아파트상가동 2,3,4,5,6호)",,03,폐업,,,,
GS25 성북구청점,2015-04-20,201420.68054445,454078.394536241,2026-04-26 22:00:55,I,03,폐업,2015-04-20 16:22:02,,2013-04-19,136-045,서울특별시 성북구 삼선동5가 315번지,PHMH320133070034087500030,3070000,서울특별시 성북구 보문로 164 (삼선동5가),,03,폐업,,,,02-924-6296
CU 월곡동아,2016-05-31,203968.48639377,455995.481485737,2026-04-26 22:00:55,I,03,폐업,2016-05-31 18:14:01,,2013-04-23,136-120,서울특별시 성북구 상월곡동 55번지 92호,PHMH320133070034087500031,3070000,서울특별시 성북구 장월로1길 47 (상월곡동),02752,03,폐업,,,,02-919-8070
CU 월곡씨티원점,2023-02-10,202849.315509152,456420.068799884,2026-04-26 22:00:55,I,03,폐업,2023-02-13 14:48:37,,2013-04-30,,서울특별시 성북구 하월곡동 81번지 466호,PHMH320133070034087500032,3070000,서울특별시 성북구 오패산로3길 164 (하월곡동),02737,03,폐업,,,,02-913-5809
한국미니스톱㈜ 정릉서경대점,2013-12-26,200793.37900013,456631.001706829,2026-04-26 22:00:58,I,03,폐업,2013-12-26 11:06:09,,2013-06-26,136-849,서울특별시 성북구 정릉동 266번지 390호,PHMH320133070034087500035,3070000,서울특별시 성북구 보국문로16길 48 (정릉동),,03,폐업,,,,1577-9621
위드미월곡점,2019-05-01,203250.198669162,455701.490029192,2026-04-26 22:00:55,I,03,폐업,2019-05-01 17:52:45,,2013-06-26,136-130,서울특별시 성북구 하월곡동 67번지 37호,PHMH320133070034087500036,3070000,서울특별시 성북구 오패산로 16 (하월곡동),02751,03,폐업,,,,02-919-5772
미니스톱 동선점,2014-07-28,201296.769406153,454926.457932808,2026-04-26 22:00:55,I,03,폐업,2014-07-28 14:34:24,,2013-08-05,136-055,서울특별시 성북구 동선동5가 146번지 3호,PHMH320133070034087500037,3070000,서울특별시 성북구 아리랑로 44 (동선동5가),,03,폐업,,,,
(주)비지에프리테일 동덕우체국점,2014-06-17,203530.037084014,456038.638029767,2026-04-26 22:00:55,I,03,폐업,2014-06-17 14:03:04,,2013-08-14,136-130,서울특별시 성북구 하월곡동 73번지 21호,PHMH320133070034087500040,3070000,서울특별시 성북구 화랑로13길 79-2 (하월곡동),,03,폐업,56,,,
세븐일레븐 장위로데오점,2018-09-04,204533.64643969,456467.578197611,2026-04-26 22:00:55,I,03,폐업,2018-09-04 17:39:36,,2013-09-03,136-828,서울특별시 성북구 장위동 66번지 298호,PHMH320133070034087500041,3070000,서울특별시 성북구 돌곶이로27길 70 (장위동),02770,03,폐업,,,,02-913-5892
GS25 성북동아점,2015-09-09,203891.017758302,455971.883928231,2026-04-26 22:00:55,I,03,폐업,2015-09-09 15:16:04,,2013-10-10,136-120,서울특별시 성북구 상월곡동 62번지,PHMH320133070034087500042,3070000,"서울특별시 성북구 장월로1길 60, 1층 (상월곡동, 동덕빌딩 )",02748,03,폐업,,,,02-941-2920
GS25 석관파밀리에점,2015-05-26,204631.817103199,456235.600136988,2026-04-26 22:00:56,I,03,폐업,2015-05-26 14:13:44,,2013-10-16,136-150,서울특별시 성북구 석관동 408번지 1호 신동아파밀리에상가 109호,PHMH320133070034087500043,3070000,"서울특별시 성북구 화랑로 210-6, 109호 (석관동, 신동아파밀리에상가 )",,03,폐업,,,,
CU 성북보문점,2020-12-07,201839.773351352,453106.531159636,2026-04-26 22:00:56,I,03,폐업,2020-12-07 18:55:21,,2013-11-21,136-087,서울특별시 성북구 보문동7가 28번지,PHMH320133070034087500045,3070000,서울특별시 성북구 보문로13길 8 (보문동7가),02873,03,폐업,42,,,02-929-2514
GS25 장위온누리,2015-12-18,205115.270098014,456653.34725952,2026-04-26 22:00:56,I,03,폐업,2015-12-18 09:25:52,,2013-11-21,136-826,서울특별시 성북구 장위동 50번지 50호 동원베네스트 106호,PHMH320133070034087500046,3070000,"서울특별시 성북구 화랑로 271, 106호 (장위동)",02775,03,폐업,,,,02-912-1171
미니스톱 장위사거리점,2015-12-08,205254.635489773,456729.886515639,2026-04-26 22:00:56,I,03,폐업,2015-12-08 14:30:19,,2013-12-10,136-826,서울특별시 성북구 장위동 45번지 8호 1층,PHMH320133070034087500047,3070000,서울특별시 성북구 화랑로 287 (장위동),02775,03,폐업,,,,
GS25 월곡으뜸점,2014-01-22,203191.937320132,455847.203922326,2026-04-26 22:00:56,I,03,폐업,2014-01-22 17:37:44,,2013-12-16,136-130,서울특별시 성북구 하월곡동 70번지 150호 1층,PHMH320133070034087500049,3070000,서울특별시 성북구 오패산로 31 (하월곡동),,03,폐업,,,,02-909-1957
GS25 국민사랑점,2017-07-04,199862.191680246,456454.932651434,2026-04-26 22:00:56,I,03,폐업,2017-07-04 17:41:45,,2013-12-18,136-854,서울특별시 성북구 정릉동 852번지 11호,PHMH320133070034087500050,3070000,서울특별시 성북구 정릉로9길 40 (정릉동),02708,03,폐업,44,,,
세븐일레븐 월곡주민센터점,2019-05-17,203083.917720748,456503.492476599,2026-04-26 22:00:56,I,03,폐업,2019-05-17 17:47:43,,2013-12-20,136-130,서울특별시 성북구  77번지 221호 로만플라자 B103호,PHMH320133070034087500051,3070000,"서울특별시 성북구 오패산로 98, B103호 (하월곡동, 로만플라자 )",02741,03,폐업,50,,,070-4411-0038
미니스톱 정릉서경대점,2016-12-30,200793.37900013,456631.001706829,2026-04-26 22:00:56,I,03,폐업,2016-12-30 12:54:01,,2013-12-26,136-849,서울특별시 성북구 정릉동 266번지 390호 1층,PHMH320133070034087500052,3070000,"서울특별시 성북구 보국문로16길 48, 1층 (정릉동)",02717,03,폐업,,,,
(주)비지에프리테일 삼선동4가점,2014-07-18,201098.141324865,454118.960336592,2026-04-26 22:00:58,I,03,폐업,2014-07-18 15:22:37,,2014-01-03,136-044,서울특별시 성북구 삼선동4가 295번지,PHMH320143070034087500001,3070000,서울특별시 성북구 삼선교로 69 (삼선동4가),,03,폐업,,,,
GS25월곡으뜸점,2023-03-29,203191.937320132,455847.203922326,2026-04-26 22:00:56,I,03,폐업,2023-03-30 16:58:55,,2014-01-22,136-130,서울특별시 성북구 하월곡동 70번지 150호,PHMH320143070034087500002,3070000,서울특별시 성북구 오패산로 31 (하월곡동),02738,03,폐업,,,,02-910-7415
GS25성신로데오점,2015-12-29,201503.4054327,454387.027952401,2026-04-26 22:00:56,I,03,폐업,2015-12-29 15:14:06,,2014-02-21,136-051,서울특별시 성북구 동선동1가 4번지 1호,PHMH320143070034087500003,3070000,서울특별시 성북구 동소문로22길 28 (동선동1가),02845,03,폐업,,,,
미니스톱 보문점,2019-01-18,201788.278618917,453285.687756514,2026-04-26 22:00:56,I,03,폐업,2019-01-18 17:46:16,,2014-02-24,136-085,서울특별시 성북구 보문동5가 156번지 1호,PHMH320143070034087500004,3070000,서울특별시 성북구 보문로 73 (보문동5가),02872,03,폐업,,,,
GS25 동덕여대사랑점,2019-02-27,203620.202843185,455868.433541875,2026-04-26 22:00:56,I,03,폐업,2019-02-27 11:19:43,,2014-03-24,,서울특별시 성북구 하월곡동 21번지 56호,PHMH320143070034087500005,3070000,서울특별시 성북구 화랑로13길 42 (하월곡동),02748,03,폐업,,,,
(주)비지에프리테일 월곡솔하임점,2015-06-30,202576.196136113,456059.769188359,2026-04-26 22:00:58,I,03,폐업,2015-06-30 17:40:14,,2014-04-01,136-130,서울특별시 성북구 하월곡동 88번지 510호 삼전솔하임 3차1층 101호,PHMH320143070034087500006,3070000,"서울특별시 성북구 동소문로46길 18, 101호 (하월곡동, 삼전솔하임 3차1층)",,03,폐업,,,,
CU 종암오거리점,2018-04-09,202672.464566046,455577.052598888,2026-04-26 22:00:56,I,03,폐업,2018-04-09 17:38:50,,2014-04-11,,,PHMH320143070034087500007,3070000,"서울특별시 성북구 종암로27길 25-4, 1층 (종암동, 종암케이빌딩)",02803,03,폐업,,,,02-953-7364
GS25 월곡영광점,2015-10-08,,,2026-04-26 22:00:56,I,03,폐업,2015-10-08 15:50:07,,2014-04-15,,,PHMH320143070034087500008,3070000,"서울특별시 성북구 오패산로10길 30-117 (하월곡동, 영광프라자)",02751,03,폐업,50,,,
(주)에스엔유통 고대안암점,2021-02-09,202530.288320465,453855.41335646,2026-04-26 22:00:56,I,03,폐업,2021-02-09 14:32:13,,2014-04-23,136-075,서울특별시 성북구 안암동5가 101번지 28호 14통 5반,PHMH320143070034087500009,3070000,서울특별시 성북구 개운사길 14 (안암동5가),02842,03,폐업,50,,,02-922-8807
세븐일레븐 고대3호점,2015-01-30,,,2026-04-26 22:00:56,I,03,폐업,2015-02-10 13:09:12,,2014-04-28,,,PHMH320143070034087500010,3070000,서울특별시 성북구 인촌로24가길 37 (안암동5가),,03,폐업,,,,02-922-3460
GS25 동선행복점,2016-05-26,201695.361119444,454822.854721817,2026-04-26 22:00:56,I,03,폐업,2016-05-26 13:52:24,,2014-04-29,,서울특별시 성북구 동선동4가 295번지 4호 벨라미아 오피스텔,PHMH320143070034087500011,3070000,"서울특별시 성북구 동소문로27길 31-10 (동선동4가, 벨라미아 오피스텔)",02829,03,폐업,33,,,02-934-3900
CU 고대호랑이점,2016-10-06,,,2026-04-26 22:00:56,I,03,폐업,2016-10-06 16:05:34,,2014-05-12,136-075,서울특별시 성북구 안암동5가 인촌로2빌딩 1층,PHMH320143070034087500012,3070000,서울특별시 성북구 인촌로 76 (안암동5가),02855,03,폐업,,,,02-928-8767
GS25 월곡래미안,2025-06-27,203112.240098767,456365.663666865,2026-04-26 22:00:56,I,03,폐업,2025-06-27 15:30:44,,2014-05-22,,서울특별시 성북구 하월곡동 225번지 6호 19통 7반 래미안월곡아파트 108호,PHMH320143070034087500013,3070000,"서울특별시 성북구 오패산로 84, 108호 (하월곡동, 래미안월곡아파트)",02741,03,폐업,26,,,02-915-5020
GS25 정릉하이츠점,2024-04-24,200847.996898075,455716.651965051,2026-04-26 22:00:56,I,03,폐업,2024-04-24 16:54:35,,2014-07-01,136-843,"서울특별시 성북구 정릉동 435번지 중앙하이츠 2차상가 101,102호",PHMH320143070034087500014,3070000,"서울특별시 성북구 정릉로26길 8, 101,102호 (정릉동, 중앙하이츠2차상가 )",02814,03,폐업,94,,,02-942-7943
GS25 성신행운점,2018-06-21,201727.07193048,454102.254736119,2026-04-26 22:00:56,I,03,폐업,2018-06-21 15:47:36,,2014-07-07,136-071,서울특별시 성북구 안암동1가,PHMH320143070034087500015,3070000,"서울특별시 성북구 보문로30가길 12, 안암동1가동 1층 (안암동1가)",02850,03,폐업,37,,,02-923-8449
CU 삼선동4가점,2018-07-06,201098.141324865,454118.960336592,2026-04-26 22:00:56,I,03,폐업,2018-07-06 17:27:46,,2014-07-18,136-044,서울특별시 성북구 삼선동4가 8통 5반,PHMH320143070034087500018,3070000,서울특별시 성북구 삼선교로 69 (삼선동4가),02861,03,폐업,,,,02-927-9996
CU 동덕우체국점,2017-05-15,203530.037084014,456038.638029767,2026-04-26 22:00:56,I,03,폐업,2017-05-16 09:02:20,,2014-08-06,136-868,서울특별시 성북구 하월곡동 221번지 30호 7통 4반,PHMH320143070034087500020,3070000,서울특별시 성북구 화랑로13길 79-2 (하월곡동),02748,03,폐업,48,,,02-942-9552
미니스톱 종암점,2015-10-08,202959.015709751,455400.037874011,2026-04-26 22:00:56,I,03,폐업,2015-10-08 15:49:53,,2014-08-08,136-090,서울특별시 성북구 종암동 3번지 1237호,PHMH320143070034087500021,3070000,서울특별시 성북구 종암로 120 (종암동),02797,03,폐업,66,,,
GS25정릉스타점,2015-04-14,201251.840756771,455548.537222891,2026-04-26 22:00:56,I,03,폐업,2015-04-14 16:56:10,,2014-09-24,136-101,서울특별시 성북구 정릉동 130번지 22호,PHMH320143070034087500022,3070000,서울특별시 성북구 정릉로36길 67 (정릉동),,03,폐업,83,,,
세븐일레븐 석관중학교점,2016-07-25,205733.885475417,455994.676076271,2026-04-26 22:00:56,I,03,폐업,2016-07-25 17:20:53,,2014-09-25,136-762,서울특별시 성북구 석관동 405번지,PHMH320143070034087500023,3070000,"서울특별시 성북구 한천로 509 (석관동, 코오롱아파트상가1층101호~102호 )",02786,03,폐업,66,,,
GS25 정릉대우점,2016-09-01,200939.886796965,455953.198277739,2026-04-26 22:00:56,I,03,폐업,2016-09-01 14:48:13,,2014-10-01,136-845,서울특별시 성북구 정릉동 413번지 16호,PHMH320143070034087500025,3070000,서울특별시 성북구 보국문로 14 (정릉동),02718,03,폐업,,,,02-942-9442
CU 성북석관점,2020-07-21,205631.002299181,456708.520261292,2026-04-26 22:00:56,I,03,폐업,2020-07-21 15:21:36,,2014-10-28,,서울특별시 성북구 석관동 127번지 76호,PHMH320143070034087500027,3070000,서울특별시 성북구 한천로78길 49 (석관동),02781,03,폐업,76,,,02-957-9188
GS25 동소문중앙점,2020-11-13,200515.797553846,454087.498445366,2026-04-26 22:00:56,I,03,폐업,2020-11-13 18:05:57,,2014-12-01,,서울특별시 성북구 동소문동1가 42번지 정화빌딩,PHMH320143070034087500028,3070000,"서울특별시 성북구 동소문로3길 4, 정화빌딩 (동소문동1가)",02833,03,폐업,33,,,02-744-3223
GS25 월곡역점,2016-12-30,203710.271362395,455620.497634811,2026-04-26 22:00:56,I,03,폐업,2016-12-30 14:26:29,,2014-12-10,136-131,서울특별시 성북구 하월곡동 37번지 60호,PHMH320143070034087500029,3070000,서울특별시 성북구 화랑로 96 (하월곡동),02793,03,폐업,49,,,02-909-6570
세븐일레븐 성북아리랑점,2016-04-25,201296.769406153,454926.457932808,2026-04-26 22:00:56,I,03,폐업,2016-04-25 15:35:33,,2014-12-22,136-055,서울특별시 성북구 동선동5가 146번지 3호,PHMH320143070034087500032,3070000,서울특별시 성북구 아리랑로 44 (동선동5가),02827,03,폐업,,,,02-921-9519
(주)비지에프리테일 성북동선점,2015-09-17,201681.740220694,454132.914886122,2026-04-26 22:00:56,I,03,폐업,2015-09-17 17:26:15,,2015-01-29,136-052,서울특별시 성북구 동선동2가 172번지,PHMH320153070034087500001,3070000,서울특별시 성북구 보문로30길 46 (동선동2가),02844,03,폐업,59,,,02-922-1253
GS25 정릉중앙점,2019-04-19,200838.014135067,456201.21673141,2026-04-26 22:00:56,I,03,폐업,2019-04-19 14:50:32,,2015-03-12,,서울특별시 성북구 정릉동 403번지 18호,PHMH320153070034087500004,3070000,서울특별시 성북구 보국문로 40 (정릉동),02717,03,폐업,53,,,02-941-5757
미니스톱 종암아이파크점,2016-05-31,202743.960526017,455085.52040479,2026-04-26 22:00:56,I,03,폐업,2016-05-31 13:14:32,,2015-03-30,136-090,서울특별시 성북구 종암동 62번지 8호,PHMH320153070034087500005,3070000,서울특별시 성북구 종암로19길 50 (종암동),02804,03,폐업,86,,,
세븐일레븐 성북고대원룸점,2019-11-06,202570.044887723,453912.730017478,2026-04-26 22:00:56,I,03,폐업,2019-11-06 15:28:53,,2015-04-14,,서울특별시 성북구 안암동5가 15번지 65호,PHMH320153070034087500006,3070000,서울특별시 성북구 고려대로27길 24-1 (안암동5가),02842,03,폐업,50,,,
GS25 성북구청점,2022-06-30,201420.68054445,454078.394536241,2026-04-26 22:00:56,I,03,폐업,2022-06-30 11:13:30,,2015-04-20,,서울특별시 성북구 삼선동5가 315번지,PHMH320153070034087500007,3070000,서울특별시 성북구 보문로 164 (삼선동5가),02848,03,폐업,56,,,
GS25 정릉스타점,2019-06-14,201251.840756771,455548.537222891,2026-04-26 22:00:56,I,03,폐업,2019-06-14 16:08:22,,2015-04-28,,서울특별시 성북구 정릉동 130번지 22호,PHMH320153070034087500009,3070000,서울특별시 성북구 정릉로36길 67 (정릉동),02815,03,폐업,66,,,
CU 고대동문점,2021-05-03,202519.138631582,453486.871366175,2026-04-26 22:00:56,I,03,폐업,2021-05-03 10:07:08,,2015-04-30,,서울특별시 성북구 안암동5가 104번지 121호,PHMH320153070034087500010,3070000,서울특별시 성북구 고려대로24길 56 (안암동5가),02855,03,폐업,45,,,02-923-5811
미니스톱 동서병원점,2016-12-30,202463.291109829,456061.413843849,2026-04-26 22:00:56,I,03,폐업,2016-12-30 13:55:40,,2015-05-29,136-131,서울특별시 성북구 하월곡동 88번지 71호,PHMH320153070034087500012,3070000,"서울특별시 성북구 동소문로 304, 1층 (하월곡동)",02733,03,폐업,65,,,
위드미 보문점,2017-06-07,201782.547066859,453538.128929737,2026-04-26 22:00:56,I,03,폐업,2017-06-07 15:09:42,,2015-06-11,136-084,서울특별시 성북구 보문동4가 116번지,PHMH320153070034087500013,3070000,서울특별시 성북구 인촌로2길 37 (보문동4가),02852,03,폐업,55,,,02-953-9333
CU 정릉꿈에그린점,2023-03-06,200981.016124931,455501.777047082,2026-04-26 22:00:56,I,03,폐업,2023-03-08 14:28:56,,2015-06-16,,서울특별시 성북구 정릉동 1038번지 정릉 꿈에그린아파트,PHMH320153070034087500014,3070000,"서울특별시 성북구 아리랑로19가길 21, 102호 (정릉동, 정릉 꿈에그린아파트)",02820,03,폐업,50,,,02-915-1517
미니스톱 국민대후문점,2017-12-13,199883.860135693,456384.737728758,2026-04-26 22:00:56,I,03,폐업,2017-12-13 16:37:50,,2015-06-25,136-101,서울특별시 성북구 정릉동 884번지 1호,PHMH320153070034087500015,3070000,서울특별시 성북구 정릉로9길 26 (정릉동),02708,03,폐업,60,,,
CU 석관그랜드점,2017-12-26,205349.084962355,456144.288106434,2026-04-26 22:00:56,I,03,폐업,2017-12-26 13:49:49,,2015-07-09,136-150,서울특별시 성북구 석관동 320번지 7호,PHMH320153070034087500017,3070000,서울특별시 성북구 돌곶이로8가길 15 (석관동),02785,03,폐업,50,,,
CU 월곡솔하임점,2020-04-14,202576.196136113,456059.769188359,2026-04-26 22:00:56,I,03,폐업,2020-04-14 13:03:23,,2015-07-09,,서울특별시 성북구 하월곡동 88번지 510호 삼전솔하임3차,PHMH320153070034087500018,3070000,"서울특별시 성북구 동소문로46길 18 (하월곡동, 삼전솔하임3차)",02733,03,폐업,102,,,02-942-2202
CU 정릉서경점,2018-11-02,200900.821841741,456573.046959834,2026-04-26 22:00:56,I,03,폐업,2018-11-02 13:33:38,,2015-08-05,,서울특별시 성북구 정릉동 266번지 124호 행복빌라,PHMH320153070034087500020,3070000,"서울특별시 성북구 보국문로18길 41-2, 1층 101호 (정릉동, 행복빌라)",02717,03,폐업,45,,,02-942-1325
(주)코리아세븐 성북돈암초교점,2025-04-11,201163.069673855,454507.714548084,2026-04-26 22:00:58,I,03,폐업,2025-04-11 16:17:55,,2015-08-10,,서울특별시 성북구 동소문동6가 71번지 3호 지층,PHMH320153070034087500021,3070000,"서울특별시 성북구 동소문로15길 12, 지층 (동소문동6가)",02830,03,폐업,,,,02-921-3463
세븐일레븐 정릉아리랑점,2016-02-29,200953.497804834,455584.928091277,2026-04-26 22:00:56,I,03,폐업,2016-02-29 13:45:54,,2015-08-13,,서울특별시 성북구 정릉동 484번지,PHMH320153070034087500022,3070000,서울특별시 성북구 아리랑로19길 34 (정릉동),02814,03,폐업,21,,,
로그인삼선보문점,2018-05-29,201513.300183829,453992.306231613,2026-04-26 22:00:56,I,03,폐업,2018-05-29 12:46:13,,2015-09-08,,서울특별시 성북구 삼선동5가 342번지,PHMH320153070034087500024,3070000,"서울특별시 성북구 보문로 148, 101호 (삼선동5가)",02848,03,폐업,33,,,070-4218-0745
CU 종암한아름점,2024-11-30,203167.215399385,455147.188526362,2026-04-26 22:00:58,I,03,폐업,2025-01-02 08:29:57,,2017-10-27,,서울특별시 성북구 종암동 3번지 1292호,PHMH320173070034087500055,3070000,"서울특별시 성북구 월곡로5길 49-2, 1층 (종암동)",02797,03,폐업,,,,
CU 성북돈암점,2021-02-23,202403.554505565,455668.405695422,2026-04-26 22:00:56,I,03,폐업,2021-02-23 15:05:21,,2017-11-17,,서울특별시 성북구 돈암동 631번지 범양아파트 상가,PHMH320173070034087500057,3070000,"서울특별시 성북구 정릉로 402-9, 105호 (돈암동)",02801,03,폐업,,,,
CU 장위하늘채점,2025-12-02,204005.446352581,457482.018043748,2026-04-26 22:00:58,I,03,폐업,2025-12-03 08:50:35,,2017-12-08,,서울특별시 성북구 장위동 289번지 15호 꿈의숲코오롱하늘채아파트,PHMH320173070034087500058,3070000,"서울특별시 성북구 돌곶이로 220, 104동 115호 (장위동, 코오롱하늘채 상가)",02757,03,폐업,,,,
미니스톱 국민대후문점,2019-12-13,199883.860135693,456384.737728758,2026-04-26 22:00:56,I,03,폐업,2019-12-13 16:25:57,,2017-12-14,,서울특별시 성북구 정릉동 884번지 1호,PHMH320173070034087500059,3070000,"서울특별시 성북구 정릉로9길 26, 1층 (정릉동)",02708,03,폐업,,,,
(주)이마트24 월곡역점,2022-03-07,203541.443258939,455577.514836396,2026-04-26 22:00:58,I,03,폐업,2022-03-07 16:13:34,,2017-12-22,,서울특별시 성북구 하월곡동 29번지 91호 서울제일정형외과의원,PHMH320173070034087500061,3070000,"서울특별시 성북구 화랑로 77, 서울제일정형외과의원 1층 (하월곡동)",02751,03,폐업,84,,,
미니스톱 안암역점,2020-07-28,202579.772187694,453795.286810516,2026-04-26 22:00:56,I,03,폐업,2020-08-03 13:21:52,,2017-12-29,,서울특별시 성북구 안암동5가 100번지 9호,PHMH320173070034087500062,3070000,"서울특별시 성북구 고려대로 95, 1층 (안암동5가)",02842,03,폐업,,,,
세븐일레븐 보국문역점,2022-10-04,200589.381478262,456745.808326688,2026-04-26 22:00:56,I,03,폐업,2022-10-05 09:17:47,,2018-01-11,,서울특별시 성북구 정릉동 290번지 54호,PHMH320183070034087500001,3070000,서울특별시 성북구 솔샘로 71 (정릉동),02702,03,폐업,,,,02-6398-0162
미니스톱(성북종암점),2023-12-26,203144.68912253,454858.694211413,2026-04-26 22:00:56,I,03,폐업,2023-12-26 11:38:52,,2018-01-17,,서울특별시 성북구 종암동 10번지 56호,PHMH320183070034087500002,3070000,"서울특별시 성북구 종암로10길 11, 1층 (종암동)",02800,03,폐업,71,,,
세븐일레븐 성신코아루점,2019-01-07,201623.097214797,454526.361323164,2026-04-26 22:00:56,I,03,폐업,2019-01-07 18:10:19,,2018-01-19,,서울특별시 성북구 동선동1가 121번지 6호 코아루센타시아,PHMH320183070034087500003,3070000,"서울특별시 성북구 동소문로20나길 47, 코아루센타시아 1층 101,102호 (동선동1가)",02845,03,폐업,,,,
이마트24 성북석관점,2022-11-28,204994.33608216,456234.763012229,2026-04-26 22:00:56,I,03,폐업,2022-12-02 17:44:24,,2018-01-26,,서울특별시 성북구 석관동 340번지 172호,PHMH320183070034087500004,3070000,"서울특별시 성북구 화랑로32길 47, 1층 (석관동)",02787,03,폐업,53,,,
CU 안암학사점,2018-11-28,202789.692329185,454049.551940162,2026-04-26 22:00:56,I,03,폐업,2018-11-28 13:38:13,,2018-03-06,,서울특별시 성북구 안암동5가 1번지 2호 고려대학교안암캠퍼스,PHMH320183070034087500005,3070000,"서울특별시 성북구 안암로 145, 고려대학교안암캠퍼스 기숙사 지하1층 (안암동5가)",02841,03,폐업,,,,
GS25 길음래미안,2020-02-10,201648.204071174,455717.855906877,2026-04-26 22:00:56,I,03,폐업,2020-02-10 14:19:13,,2018-03-27,,서울특별시 성북구 길음동 1286번지 길음뉴타운,PHMH320183070034087500007,3070000,"서울특별시 성북구 길음로9길 50, 길음뉴타운 상가 112호 (길음동, 길음뉴타운)",02721,03,폐업,,,,02-942-2120
CU 종암오거리점,2023-03-22,202672.464566046,455577.052598888,2026-04-26 22:00:56,I,03,폐업,2023-03-22 10:40:32,,2018-04-09,,서울특별시 성북구 종암동 81번지 K빌딩,PHMH320183070034087500009,3070000,"서울특별시 성북구 종암로27길 25-4, K빌딩 1층 (종암동)",02803,03,폐업,,,,02-953-7364
GS25 성북석관,2023-04-12,205218.988065219,456220.331943809,2026-04-26 22:00:58,I,03,폐업,2023-04-12 14:12:08,,2018-04-10,,서울특별시 성북구 석관동 301번지 8호,PHMH320183070034087500010,3070000,"서울특별시 성북구 돌곶이로 46, 1층 (석관동)",02785,03,폐업,,,,
CU 고대호랑이점,2020-06-04,202381.472866174,453745.56928222,2026-04-26 22:00:56,I,03,폐업,2020-06-04 14:39:02,,2018-04-13,,서울특별시 성북구 안암동5가 126번지 83호,PHMH320183070034087500011,3070000,"서울특별시 성북구 고려대로 76, 3층 (안암동5가)",02855,03,폐업,190,,,02-928-8767
이마트24 성북본점,2023-08-30,199972.889954824,454577.889305528,2026-04-26 22:00:56,I,03,폐업,2023-08-30 16:27:21,,2018-04-23,,서울특별시 성북구 성북동 60번지 33호 성모의원,PHMH320183070034087500013,3070000,"서울특별시 성북구 성북로 76, 성모의원 1층 (성북동)",02836,03,폐업,,,,
GS25 동선행복,2020-04-30,201695.361119444,454822.854721817,2026-04-26 22:00:56,I,03,폐업,2020-05-01 10:14:45,,2018-04-27,,서울특별시 성북구 동선동4가 295번지 4호 벨라미아 오피스텔,PHMH320183070034087500015,3070000,"서울특별시 성북구 동소문로27길 31, 벨라미아 오피스텔 1-101호 (동선동4가)",02829,03,폐업,,,,
GS25 길음본,2024-02-29,201514.970976778,456137.102062808,2026-04-26 22:00:56,I,03,폐업,2024-02-29 13:43:43,,2018-05-08,,서울특별시 성북구 길음동 1284번지 길음뉴타운,PHMH320183070034087500016,3070000,"서울특별시 성북구 길음로 33, B동 19호 (길음동, 길음뉴타운)",02720,03,폐업,,,,02-918-2122
세븐일레븐 종암동덕기숙사점,2020-02-13,202859.062438797,455408.348757444,2026-04-26 22:00:56,I,03,폐업,2020-02-13 13:16:07,,2018-05-14,,서울특별시 성북구 종암동 3번지 1343호,PHMH320183070034087500018,3070000,"서울특별시 성북구 종암로 123, 1층 (종암동)",02803,03,폐업,,,,
GS25 길음뉴타운,2020-05-15,201672.472717575,456483.088718299,2026-04-26 22:00:56,I,03,폐업,2020-05-15 15:58:16,,2018-05-15,,"서울특별시 성북구 길음동 1281번지 6호 길음뉴타운,e편한세상",PHMH320183070034087500019,3070000,"서울특별시 성북구 삼양로13길 45, 길음뉴타운,e편한세상 111,112호 (길음동)",02724,03,폐업,,,,
(주)코리아세븐 성북한옥촌점,2022-03-10,199679.003875933,454488.996514327,2026-04-26 22:00:58,I,03,폐업,2022-03-10 17:05:33,,2018-05-17,,서울특별시 성북구 성북동 103번지,PHMH320183070034087500020,3070000,서울특별시 성북구 성북로 105 (성북동),02879,03,폐업,,,,
세븐일레븐 정릉천점,2020-02-06,200651.77719694,456446.683694261,2026-04-26 22:00:56,I,03,폐업,2020-02-06 17:21:59,,2018-05-29,,서울특별시 성북구 정릉동 336번지 2호,PHMH320183070034087500022,3070000,"서울특별시 성북구 솔샘로18길 58, 1층 (정릉동)",02709,03,폐업,,,,
CU 삼선동4가점,2022-05-16,201098.141324865,454118.960336592,2026-04-26 22:00:56,I,03,폐업,2022-05-16 13:49:19,,2018-07-11,,서울특별시 성북구 삼선동4가 295번지,PHMH320183070034087500026,3070000,"서울특별시 성북구 삼선교로 69, 1층 (삼선동4가)",02861,03,폐업,,,,02-927-9996
GS25 성북장위,2019-08-05,204746.21261151,456616.565104138,2026-04-26 22:00:56,I,03,폐업,2019-08-05 10:56:02,,2018-07-18,,서울특별시 성북구 장위동 66번지 9호 창마빌딩,PHMH320183070034087500028,3070000,"서울특별시 성북구 화랑로33길 39, 창마빌딩 1층 (장위동)",02771,03,폐업,,,,02-912-0177
씨유성북삼선점,2020-07-27,200886.009939528,453761.693315087,2026-04-26 22:00:58,I,03,폐업,2020-07-27 11:53:48,,2018-09-17,,서울특별시 성북구 삼선동2가 212번지 1호,PHMH320183070034087500030,3070000,"서울특별시 성북구 삼선교로16길 48, 2층 (삼선동2가)",02864,03,폐업,,,,02-6012-6209
지에스25 성북삼선,2020-10-27,201399.42894153,453983.958520083,2026-04-26 22:00:56,I,03,폐업,2020-10-27 16:17:08,,2018-11-01,,서울특별시 성북구 삼선동5가 257번지,PHMH320183070034087500031,3070000,서울특별시 성북구 삼선교로24길 44-1 (삼선동5가),02862,03,폐업,,,,02-923-5914
이마트24 성북삼선점,2019-07-24,200962.017126908,454131.543815561,2026-04-26 22:00:56,I,03,폐업,2019-07-24 11:17:38,,2019-01-03,,서울특별시 성북구 삼선동4가 63번지,PHMH320193070034087500001,3070000,"서울특별시 성북구 동소문로10길 25, 1층 (삼선동4가)",02861,03,폐업,,,,02-953-3772
CU 보문파크뷰점,2020-08-13,201562.571790335,453092.434673285,2026-04-26 22:00:56,I,03,폐업,2020-08-13 16:05:30,,2019-01-04,,서울특별시 성북구 보문동6가 458번지 보문파크뷰자이,PHMH320193070034087500003,3070000,"서울특별시 성북구 보문사길 111, 상가동 지하7층 제2호 (보문동6가, 보문파크뷰자이)",02874,03,폐업,,,,
미니스톱 보문점,2021-08-18,201788.278618917,453285.687756514,2026-04-26 22:00:56,I,03,폐업,2021-08-19 10:04:35,,2019-01-18,,서울특별시 성북구 보문동5가 156번지 1호,PHMH320193070034087500005,3070000,"서울특별시 성북구 보문로 73, 1층 (보문동5가)",02872,03,폐업,,,,
GS25 성북동소문점,2025-02-13,200872.92388987,454324.402654952,2026-04-26 22:00:56,I,03,폐업,2025-02-11 11:12:22,,2019-03-05,,서울특별시 성북구 동소문동4가 103번지 27호,PHMH320193070034087500006,3070000,서울특별시 성북구 동소문로13가길 46 (동소문동4가),02832,03,폐업,,,,02-921-5689
CU 정릉스카이점,2024-03-25,200766.684930236,455265.507878567,2026-04-26 22:00:56,I,03,폐업,2024-03-26 09:31:32,,2019-03-18,,서울특별시 성북구 정릉동 556번지 52호,PHMH320193070034087500007,3070000,"서울특별시 성북구 북악산로 744, 지하1층 (정릉동)",02826,03,폐업,64,,,
GS25 정릉스타점,2021-06-29,201251.840756771,455548.537222891,2026-04-26 22:00:56,I,03,폐업,2021-06-29 15:12:59,,2019-06-14,,서울특별시 성북구 정릉동 130번지 22호,PHMH320193070034087500016,3070000,"서울특별시 성북구 정릉로36길 67, 1층 (정릉동)",02815,03,폐업,,,,
CU 성신여대역점,2023-06-02,201311.058682112,454485.250976351,2026-04-26 22:00:56,I,03,폐업,2023-06-05 08:36:10,,2019-06-26,,서울특별시 성북구 동소문동6가 116번지 PG 빌딩,PHMH320193070034087500017,3070000,"서울특별시 성북구 동소문로 93, PG 빌딩 1층 (동소문동6가)",02830,03,폐업,,,,
GS25 성북장위점,2025-07-31,204746.21261151,456616.565104138,2026-04-26 22:00:56,I,03,폐업,2025-07-31 11:22:34,,2019-08-05,,서울특별시 성북구 장위동 66번지 9호 창마빌딩,PHMH320193070034087500021,3070000,"서울특별시 성북구 화랑로33길 39, 창마빌딩 1층 (장위동)",02771,03,폐업,,,,
CU 정릉대림점,2024-09-10,200729.861727438,456979.339531858,2026-04-26 22:00:56,I,03,폐업,2024-09-10 12:47:01,,2019-08-16,,서울특별시 성북구 정릉동 1028번지 1호 정릉 이 편한세상,PHMH320193070034087500023,3070000,"서울특별시 성북구 솔샘로 102, 정릉 이 편한세상 상가 201동 202호 (정릉동)",02711,03,폐업,,,,
(주)코리아세븐 길음센터피스점,2023-12-21,202337.783038524,456539.190686079,2026-04-26 22:00:58,I,03,폐업,2023-12-21 13:17:42,,2019-08-28,,서울특별시 성북구 길음동 498번지 1호 래미안길음센터피스,PHMH320193070034087500024,3070000,"서울특별시 성북구 숭인로 50, 상가동 1105호 (길음동, 래미안길음센터피스)",02727,03,폐업,,,,
GS25 길음센터피스점,2024-09-30,202337.783038524,456539.190686079,2026-04-26 22:00:56,I,03,폐업,2024-10-15 16:50:45,,2019-09-06,,서울특별시 성북구 길음동 498번지 1호 래미안길음센터피스,PHMH320193070034087500025,3070000,"서울특별시 성북구 숭인로 50, 상가동 2119호 (길음동, 래미안길음센터피스)",02727,03,폐업,,,,
롯데씨브이에스711(주) 종암점,2022-10-17,202959.015709751,455400.037874011,2026-04-26 22:00:58,I,03,폐업,2022-10-17 14:00:51,,2019-10-21,,서울특별시 성북구 종암동 3번지 1237호,PHMH320193070034087500027,3070000,"서울특별시 성북구 종암로 120, 1층 101호 (종암동)",02797,03,폐업,,,,
세븐일레븐 성북성신점,2022-11-16,201776.34301324,454481.293785725,2026-04-26 22:00:56,I,03,폐업,2022-11-16 10:45:52,,2019-10-24,,서울특별시 성북구 동선동3가 212번지 1호 한선빌딩,PHMH320193070034087500028,3070000,"서울특별시 성북구 보문로34다길 31, 한선빌딩 1층 (동선동3가)",02844,03,폐업,,,,02-3291-5998
세븐일레븐 노벨리아시티점,2025-03-27,205326.144810215,456806.432445774,2026-04-26 22:00:57,I,03,폐업,2025-03-27 16:29:46,,2019-12-11,,서울특별시 성북구 장위동 8번지 2호 석계역 한일노벨리아시티,PHMH320193070034087500030,3070000,"서울특별시 성북구 화랑로 299, 107호 (장위동, 석계역 한일노벨리아시티)",02779,03,폐업,,,,
미니스톱 국민대후문점,2021-11-30,199883.860135693,456384.737728758,2026-04-26 22:00:58,I,03,폐업,2021-12-01 17:01:36,,2019-12-13,,서울특별시 성북구 정릉동 884번지 1호,PHMH320193070034087500033,3070000,"서울특별시 성북구 정릉로9길 26, 1층 (정릉동)",02708,03,폐업,,,,02-1577-9621
세븐일레븐 성북고대원룸점,2022-05-05,202570.044887723,453912.730017478,2026-04-26 22:00:57,I,03,폐업,2022-06-08 17:36:29,,2019-12-17,,서울특별시 성북구 안암동5가 15번지 65호,PHMH320193070034087500034,3070000,"서울특별시 성북구 고려대로27길 24-1, 1층 (안암동5가)",02842,03,폐업,,,,
CU 정릉베스트점,2025-02-10,200437.553595927,455216.359395367,2026-04-26 22:00:57,I,03,폐업,2025-02-10 16:54:33,,2020-01-29,,서울특별시 성북구 정릉동 508번지 9호 현대로얄빌라,PHMH320203070034087500003,3070000,"서울특별시 성북구 북악산로1길 25, 지층 B01호 (정릉동, 현대로얄빌라)",02821,03,폐업,,,,
CU 장위포레카운티점,2021-04-14,204639.622332994,457303.0232809,2026-04-26 22:00:57,I,03,폐업,2021-04-14 17:39:22,,2020-02-17,,서울특별시 성북구 장위동 144번지 24호 래미안장위포레카운티,PHMH320203070034087500006,3070000,"서울특별시 성북구 장월로 160, 101호 (장위동, 래미안장위포레카운티)",02763,03,폐업,,,,
GS25 국민사랑점,2022-03-03,199862.191680246,456454.932651434,2026-04-26 22:00:57,I,03,폐업,2022-03-03 15:08:39,,2020-03-02,,서울특별시 성북구 정릉동 852번지 11호,PHMH320203070034087500008,3070000,서울특별시 성북구 정릉로9길 40 (정릉동),02708,03,폐업,,,,02-972-8602
이마트24 동덕여대점,2025-03-17,203696.694753035,455746.376722518,2026-04-26 22:00:57,I,03,폐업,2025-03-17 14:22:17,,2020-03-16,,서울특별시 성북구 하월곡동 18번지 49호,PHMH320203070034087500009,3070000,"서울특별시 성북구 화랑로13길 14, 1층 (하월곡동)",02752,03,폐업,,,,070-7700-6226
CU 우리아이들성북점,2022-11-25,202518.375589119,456065.671970878,2026-04-26 22:00:57,I,03,폐업,2022-11-28 18:07:59,,2020-03-25,,서울특별시 성북구 하월곡동 88번지 470호,PHMH320203070034087500010,3070000,"서울특별시 성북구 동소문로46길 10, 1층 (하월곡동)",02733,03,폐업,,,,
지에스25 정릉청춘점,2024-05-24,200952.860972165,456369.383943831,2026-04-26 22:00:57,I,03,폐업,2024-05-24 15:21:33,,2020-04-20,,서울특별시 성북구 정릉동 402번지 128호,PHMH320203070034087500012,3070000,"서울특별시 성북구 보국문로8길 67, 1층 (정릉동)",02717,03,폐업,,,,
GS25 동선행복점,2020-08-25,201695.361119444,454822.854721817,2026-04-26 22:00:57,I,03,폐업,2020-08-25 18:11:30,,2020-05-12,,서울특별시 성북구 동선동4가 295번지 4호 벨라미아 오피스텔,PHMH320203070034087500014,3070000,"서울특별시 성북구 동소문로27길 31, 벨라미아 오피스텔 101호 (동선동4가)",02829,03,폐업,,,,
지에스25 길음뉴타운,2023-07-12,201672.472717575,456483.088718299,2026-04-26 22:00:57,I,03,폐업,2023-07-12 15:01:27,,2020-05-15,,"서울특별시 성북구 길음동 1281번지 6호 길음뉴타운,e편한세상",PHMH320203070034087500015,3070000,"서울특별시 성북구 삼양로13길 45, 길음뉴타운,e편한세상 상가동 111,112호 (길음동)",02724,03,폐업,,,,02-929-1315
씨유 고대호랑이점,2023-01-02,202381.472866174,453745.56928222,2026-04-26 22:00:57,I,03,폐업,2023-01-02 18:21:01,,2020-06-04,,서울특별시 성북구 안암동5가 126번지 83호,PHMH320203070034087500016,3070000,"서울특별시 성북구 고려대로 76, 3층 (안암동5가)",02855,03,폐업,,,,02-928-8767
씨유 현대광덕셀프점,2022-04-18,201703.771642155,453426.444356597,2026-04-26 22:00:58,I,03,폐업,2022-12-27 15:54:27,,2020-07-21,,서울특별시 성북구 보문동5가 145-1 광덕주유소,PHMH320203070034087500020,3070000,"서울특별시 성북구 보문로 89, 광덕주유소 (보문동5가)",02872,03,폐업,,,,
씨유 길음위브점,2025-08-26,201621.331749529,456272.261670237,2026-04-26 22:00:57,I,03,폐업,2025-08-26 13:01:48,,2020-08-14,,서울특별시 성북구 길음동 1285-7 뉴타운프라자상가,PHMH320203070034087500025,3070000,"서울특별시 성북구 길음로13길 24, 뉴타운프라자상가 지1층 2호, 3호 및5호 일부호 (길음동)",02715,03,폐업,,,,
지에스25 동선행복점,2025-06-26,201695.361119444,454822.854721817,2026-04-26 22:00:57,I,03,폐업,2025-06-26 11:32:02,,2020-08-26,,서울특별시 성북구 동선동4가 295-4 벨라미아 오피스텔,PHMH320203070034087500027,3070000,"서울특별시 성북구 동소문로27길 31, 벨라미아 오피스텔 1층 101호 (동선동4가)",02829,03,폐업,,,,02-929-2272
롯데씨브이에스711(주) 종암아이파크점,2023-12-29,202743.960526017,455085.52040479,2026-04-26 22:00:58,I,03,폐업,2023-12-29 08:32:35,,2020-08-28,,서울특별시 성북구 종암동 62-8,PHMH320203070034087500028,3070000,"서울특별시 성북구 종암로19길 50, 1층 (종암동)",02804,03,폐업,,,,02-2013-9600
지에스25 정릉준서점,2023-03-15,200221.338929773,456415.517320326,2026-04-26 22:00:57,I,03,폐업,2023-03-15 11:29:54,,2020-12-30,,서울특별시 성북구 정릉동 717-25,PHMH320203070034087500033,3070000,"서울특별시 성북구 솔샘로5길 42, 1층 (정릉동)",02708,03,폐업,,,,
지에스25 장위돌곶이점,2024-02-29,204168.420498327,457232.487441085,2026-04-26 22:00:58,I,03,폐업,2024-03-07 13:24:54,,2021-01-20,,서울특별시 성북구 장위동 214-84,PHMH320213070034087500003,3070000,서울특별시 성북구 돌곶이로 193 (장위동),02754,03,폐업,,,,
미니스톱 종암베로니스점,2023-04-18,202875.642973316,455681.97250302,2026-04-26 22:00:57,I,03,폐업,2023-04-18 13:54:45,,2021-02-10,,서울특별시 성북구 하월곡동 90-700 베로니스,PHMH320213070034087500007,3070000,"서울특별시 성북구 화랑로1길 7, 103, 104호 (하월곡동, 베로니스)",02739,03,폐업,,,,
씨유 성북돈암점,2021-06-23,202403.554505565,455668.405695422,2026-04-26 22:00:57,I,03,폐업,2021-06-23 14:06:28,,2021-03-04,,서울특별시 성북구 돈암동 631 범양아파트 상가동,PHMH320213070034087500013,3070000,"서울특별시 성북구 정릉로 402-9, 범양아파트 상가동 105호 (돈암동)",02801,03,폐업,,,,
씨유 장위포레카운티점,2023-08-17,204639.622332994,457303.0232809,2026-04-26 22:00:57,I,03,폐업,2023-08-17 15:38:40,,2021-04-15,,서울특별시 성북구 장위동 144-24 래미안장위포레카운티,PHMH320213070034087500014,3070000,"서울특별시 성북구 장월로 160, 101동 101, 102호 (장위동, 래미안장위포레카운티)",02763,03,폐업,,,,
씨유 길음미아초점,2023-07-21,201897.585356801,456380.239413886,2026-04-26 22:00:57,I,03,폐업,2023-07-21 13:33:30,,2021-04-22,,서울특별시 성북구 길음동 1170-8,PHMH320213070034087500016,3070000,"서울특별시 성북구 삼양로9길 4-27, 1층 (길음동)",02724,03,폐업,,,,
씨유 성북리치점,2023-08-01,200530.250678755,453898.143138012,2026-04-26 22:00:57,I,03,폐업,2023-08-01 14:59:23,,2021-07-12,,서울특별시 성북구 삼선동1가 16-7,PHMH320213070034087500020,3070000,"서울특별시 성북구 삼선교로4길 10, 1층 (삼선동1가)",02866,03,폐업,33,,,
씨유 서경대점,2023-05-22,201140.193433368,456526.252457559,2026-04-26 22:00:57,I,03,폐업,2023-05-22 13:43:05,,2021-07-13,,서울특별시 성북구 정릉동 1013 청구아파트,PHMH320213070034087500021,3070000,"서울특별시 성북구 서경로 91, 상가동 1층 103호 (정릉동, 청구아파트)",02716,03,폐업,55,,,
씨유 상월곡역점,2023-01-10,204375.645536254,456145.821354939,2026-04-26 22:00:57,I,03,폐업,2023-01-11 09:00:57,,2021-07-26,,서울특별시 성북구 상월곡동 23-143,PHMH320213070034087500023,3070000,"서울특별시 성북구 화랑로 181, 1층 (상월곡동)",02773,03,폐업,64,,,
이마트24R보문미소점,2023-07-05,201879.586506966,453021.235504972,2026-04-26 22:00:57,I,03,폐업,2023-07-05 14:12:41,,2021-08-19,,서울특별시 성북구 보문동7가 96,PHMH320213070034087500025,3070000,"서울특별시 성북구 보문로 43-4, 1층 (보문동7가)",02873,03,폐업,,,,
세븐일레븐 성북행운점,2024-09-13,200613.726233245,456137.933558586,2026-04-26 22:00:57,I,03,폐업,2024-09-23 17:07:02,,2021-11-16,,서울특별시 성북구 정릉동 392-51,PHMH320213070034087500029,3070000,"서울특별시 성북구 정릉로21길 52, 1층 (정릉동)",02710,03,폐업,67,,,
(주)코리아세븐 성북스타클래스점,2023-06-08,203502.004139568,455500.568972657,2026-04-26 22:00:58,I,03,폐업,2023-06-08 10:42:52,,2022-02-08,,서울특별시 성북구 하월곡동 46-73 코업스타클래스,PHMH320223070034087500004,3070000,"서울특별시 성북구 화랑로 76, 코업스타클래스 1층 101-2호 (하월곡동)",02751,03,폐업,,,,
이마트24 월곡역점,2023-01-05,203541.443258939,455577.514836396,2026-04-26 22:00:57,I,03,폐업,2023-01-06 13:06:39,,2022-03-07,,서울특별시 성북구 하월곡동 29-91 그린빌딩,PHMH320223070034087500008,3070000,"서울특별시 성북구 화랑로 77, 그린빌딩 (하월곡동)",02751,03,폐업,,,,
지에스(GS)25 성북마을점,2023-09-05,200272.26002116,454075.772056115,2026-04-26 22:00:57,I,03,폐업,2023-09-05 17:09:08,,2022-03-18,,,PHMH320223070034087500012,3070000,서울특별시 성북구 성북로5길 22(성북동1가),02880,03,폐업,,,,
세븐일레븐 성북한옥촌점,2025-06-26,199679.003875933,454488.996514327,2026-04-26 22:00:57,I,03,폐업,2025-06-26 11:18:45,,2022-04-14,,서울특별시 성북구 성북동 103,PHMH320223070034087500017,3070000,서울특별시 성북구 성북로 105(성북동),02879,03,폐업,,,,02-741-9432
씨유 길음센터피스점,2023-05-16,202496.976175537,456293.019075366,2026-04-26 22:00:57,I,03,폐업,2023-05-18 14:39:06,,2022-06-03,,서울특별시 성북구 길음동 21-71,PHMH320223070034087500022,3070000,"서울특별시 성북구 동소문로47길 12, 1층 (길음동)",02729,03,폐업,,,,
㈜코리아세븐 장위꿈의숲점,2024-08-07,204370.098492491,457210.645675333,2026-04-26 22:00:58,I,03,폐업,2024-08-07 17:35:54,,2022-07-18,,서울특별시 성북구 장위동 237-11,PHMH320223070034087500027,3070000,"서울특별시 성북구 장월로 136, 1층 (장위동)",02766,03,폐업,,,,
씨유 성북북정마을점,2024-07-03,199479.577924835,454515.3726341,2026-04-26 22:00:57,I,03,폐업,2024-07-05 12:35:14,,2022-07-29,,서울특별시 성북구 성북동 111-6,PHMH320223070034087500030,3070000,"서울특별시 성북구 성북로23길 22-2, 지층 1호 (성북동)",02879,03,폐업,,,,
씨유 정릉타운점,2023-04-17,201260.351834046,456447.49670026,2026-04-26 22:00:57,I,03,폐업,2023-04-18 11:01:19,,2022-10-31,,,PHMH320223070034087500038,3070000,서울특별시 성북구 서경로18길 6(정릉동),02713,03,폐업,,,,
씨유 정릉꿈에그린점,2024-06-03,200981.016124931,455501.777047082,2026-04-26 22:00:57,I,03,폐업,2024-06-03 11:06:20,,2023-03-07,,서울특별시 성북구 정릉동 1038 정릉꿈에그린,PHMH320233070034087500004,3070000,"서울특별시 성북구 아리랑로19가길 21, 102호 (정릉동, 정릉꿈에그린)",02820,03,폐업,,,,
씨유 길음미아초점,2024-06-03,201897.585356801,456380.239413886,2026-04-26 22:00:57,I,03,폐업,2024-06-03 16:40:07,,2023-07-21,,서울특별시 성북구 길음동 1170-8,PHMH320233070034087500017,3070000,서울특별시 성북구 삼양로9길 4-27 (길음동),02724,03,폐업,70,,,
씨유 보문중앙점,2024-05-28,201792.95840263,453158.825438589,2026-04-26 22:00:57,I,03,폐업,2024-05-28 14:40:51,,2023-08-18,,서울특별시 성북구 보문동7가 44-1,PHMH320233070034087500021,3070000,"서울특별시 성북구 보문로13가길 15, 1층 (보문동7가)",02873,03,폐업,,,,
씨유 장위조은점,2025-04-10,204123.080130045,456838.102898195,2026-04-26 22:00:57,I,03,폐업,2025-04-10 13:39:18,,2023-08-23,,서울특별시 성북구 장위동 232-138,PHMH320233070034087500023,3070000,"서울특별시 성북구 장위로31길 3, 1층 (장위동)",02756,03,폐업,,,,
지에스25 성북삼선sk뷰점,2025-02-04,200958.804987758,453889.562150121,2026-04-26 22:00:57,I,03,폐업,2025-02-04 10:38:56,,2023-08-28,,서울특별시 성북구 삼선동3가 116 삼선 SK VIEW 아파트,PHMH320233070034087500024,3070000,"서울특별시 성북구 삼선교로16길 35, 상가101동 지하1층 B109호 (삼선동3가, 삼선 SK VIEW 아파트)",02863,03,폐업,,,,
세븐일레븐 돈암현대점,2024-07-05,202531.791374234,455691.158691063,2026-04-26 22:00:57,I,03,폐업,2024-07-05 15:43:55,,2023-08-29,,서울특별시 성북구 돈암동 2-40,PHMH320233070034087500025,3070000,"서울특별시 성북구 정릉로52길 18, 1층 (돈암동)",02801,03,폐업,,,,
씨유 북악스카이점,2025-10-31,200766.684930236,455265.507878567,2026-04-26 22:00:57,I,03,폐업,2025-10-31 14:09:42,,2024-03-26,,서울특별시 성북구 정릉동 556-52,PHMH320243070034087500005,3070000,"서울특별시 성북구 북악산로 744, 지하1층 (정릉동)",02826,03,폐업,10,,,
씨유 보문중앙점,2024-11-20,201792.95840263,453158.825438589,2026-04-26 22:00:58,I,03,폐업,2024-11-20 10:26:41,,2024-05-28,,서울특별시 성북구 보문동7가 44-1,PHMH320243070034087500011,3070000,"서울특별시 성북구 보문로13가길 15, 1층 (보문동7가)",02873,03,폐업,,,,
지에스(GS)25 뉴월곡래미안점,2025-02-18,203112.240098767,456365.663666865,2026-04-26 22:00:57,I,03,폐업,2025-02-18 10:37:06,,2024-12-10,,서울특별시 성북구 하월곡동 225-6 래미안월곡아파트,PHMH320243070034087500018,3070000,"서울특별시 성북구 오패산로 84, 래미안월곡아파트 상가동 1층 107호 (하월곡동)",02741,03,폐업,,,,
GS25 관악한가온,2020-10-15,195931.943928008,442485.329600106,2026-04-26 22:00:59,I,03,폐업,2020-10-15 19:41:21,,2017-02-10,,서울특별시 관악구 봉천동 32번지 21호,PHMH320173200033087500006,3200000,"서울특별시 관악구 관악로25길 5-9 (봉천동, 1층외1필지)",08744,03,폐업,,,,
씨유(CU) 서울대파인2호점,2019-11-21,195399.438650283,442020.02007033,2026-04-26 22:00:59,I,03,폐업,2019-11-22 09:59:18,,2017-02-10,,서울특별시 관악구 봉천동 880번지 41호 1층,PHMH320173200033087500007,3200000,"서울특별시 관악구 남부순환로216길 24, 1층 (봉천동)",08786,03,폐업,,,,
씨유 관악성진점,2019-08-09,191228.411082685,442009.809519011,2026-04-26 22:01:01,I,03,폐업,2019-08-09 16:05:14,,2017-02-23,,서울특별시 관악구 신림동 1664번지 14호,PHMH320173200033087500010,3200000,"서울특별시 관악구 조원중앙로1길 54, 1층 (신림동)",08768,03,폐업,,,,
세븐일레븐 관악일등점,2025-09-15,192862.147295259,442358.065863873,2026-04-26 22:00:59,I,03,폐업,2025-09-15 14:18:45,,2017-03-02,,서울특별시 관악구 신림동 487번지 12호,PHMH320173200033087500011,3200000,"서울특별시 관악구 관천로11길 87, 1층 (신림동, 영광빌딩)",08762,03,폐업,,,,
CU 관악소망점,2021-03-12,194490.748039246,441720.097805445,2026-04-26 22:00:59,I,03,폐업,2021-03-15 09:28:55,,2017-03-23,,서울특별시 관악구 신림동 94번지 289호,PHMH320173200033087500013,3200000,서울특별시 관악구 쑥고개로 11 (신림동),08783,03,폐업,,,,
GS25 뉴신림사랑점,2023-07-14,193612.622625495,442706.154554578,2026-04-26 22:00:59,I,03,폐업,2023-07-14 16:30:15,,2017-03-30,,서울특별시 관악구 신림동 1431번지 25호,PHMH320173200033087500014,3200000,서울특별시 관악구 신림동1길 21 (신림동),08760,03,폐업,,,,
GS25 봉천가온점,2025-02-21,195279.514215552,442486.883884945,2026-04-26 22:00:59,I,03,폐업,2025-02-21 21:09:56,,2017-04-06,,서울특별시 관악구 봉천동 890번지 13호 1층,PHMH320173200033087500016,3200000,"서울특별시 관악구 양녕로6길 12, 1층 (봉천동)",08748,03,폐업,,,,
씨유 신림흥원점,2022-11-24,192278.082074793,441782.728102649,2026-04-26 22:00:59,I,03,폐업,2022-11-24 16:11:22,,2017-04-14,,서울특별시 관악구 신림동 1478번지 37호,PHMH320173200033087500018,3200000,"서울특별시 관악구 남부순환로144길 71, 1층 2호 (신림동, 흥원아파트상가)",08771,03,폐업,,,,
씨유 신림법원단지점,2020-05-04,192932.010509106,441410.368904,2026-04-26 22:00:59,I,03,폐업,2020-05-04 16:04:20,,2017-04-18,,서울특별시 관악구 신림동 610번지 89호,PHMH320173200033087500020,3200000,"서울특별시 관악구 법원단지13길 16, B03호 (신림동, 우석빌라12차)",08852,03,폐업,,,,
GS25 난곡센터점,2022-05-30,193009.412368178,441053.017449004,2026-04-26 22:00:59,I,03,폐업,2022-05-30 15:01:10,,2017-05-08,,서울특별시 관악구 신림동 630번지 8호,PHMH320173200033087500025,3200000,"서울특별시 관악구 난곡로30길 27, 101동 101호 (신림동, 아름채)",08854,03,폐업,,,,
미니스톱 봉천남부점,2018-07-11,194675.304762416,442261.730997784,2026-04-26 22:00:59,I,03,폐업,2018-07-11 18:01:31,,2017-05-23,,서울특별시 관악구 봉천동 930번지 39호 1층,PHMH320173200033087500028,3200000,"서울특별시 관악구 남부순환로 1716, 1층 (봉천동, 은혜빌딩)",08784,03,폐업,,,,
GS25 관악신림점,2021-04-21,191270.737527797,442043.178399478,2026-04-26 22:00:59,I,03,폐업,2021-04-22 16:31:39,,2017-05-23,,서울특별시 관악구 신림동 1663번지 21호,PHMH320173200033087500029,3200000,"서울특별시 관악구 시흥대로160길 39, 1층 (신림동)",08768,03,폐업,,,,
세븐일레븐 봉일시장점,2022-09-30,194434.469386241,442757.652060519,2026-04-26 22:00:59,I,03,폐업,2022-09-30 15:40:48,,2017-05-25,,서울특별시 관악구 봉천동 954번지 1호,PHMH320173200033087500030,3200000,서울특별시 관악구 봉천로23나길 45 (봉천동),08719,03,폐업,,,,
GS25 중앙한가온,2019-03-21,195577.094832551,442582.236432665,2026-04-26 22:01:01,I,03,폐업,2019-03-21 10:50:47,,2017-05-26,,서울특별시 관악구 봉천동 50번지 176호,PHMH320173200033087500031,3200000,서울특별시 관악구 중앙길 78 (봉천동),08743,03,폐업,,,,
GS25 관악플러스,2025-08-01,195418.070431401,442223.932472669,2026-04-26 22:00:59,I,03,폐업,2025-08-01 19:07:49,,2017-06-01,,서울특별시 관악구 봉천동 884번지 5호,PHMH320173200033087500032,3200000,서울특별시 관악구 봉천로 442-1 (봉천동),08758,03,폐업,,,,
GS25 신림법원단지점,2019-06-19,192869.21662782,441331.405499828,2026-04-26 22:00:59,I,03,폐업,2019-06-19 17:59:22,,2017-06-16,,서울특별시 관악구 신림동 612번지 40호,PHMH320173200033087500033,3200000,"서울특별시 관악구 법원단지길 48, 1층 (신림동, 유진빌딩)",08852,03,폐업,,,,
7-ELEVEN 관악대학촌점,2021-05-10,194740.639615481,441036.007620611,2026-04-26 22:00:59,I,03,폐업,2021-05-11 09:26:53,,2017-06-20,,서울특별시 관악구 신림동 103번지 276호,PHMH320173200033087500034,3200000,"서울특별시 관악구 서림3길 70, 1층 (신림동, 청운빌딩)",08840,03,폐업,,,,
GS25 보라매본점,2019-06-28,193795.05956107,443008.369439046,2026-04-26 22:00:59,I,03,폐업,2019-06-28 17:47:09,,2017-06-28,,"서울특별시 관악구 봉천동 670번지 87호 지하1층, 지상1층",PHMH320173200033087500037,3200000,"서울특별시 관악구 봉천로13나길 5, 지상1층, 지하1층 (봉천동)",08721,03,폐업,,,,
(주)위드미 신림동양점,2019-10-21,193799.506354026,442715.049244091,2026-04-26 22:01:01,I,03,폐업,2019-10-21 17:44:56,,2017-07-07,,서울특별시 관악구 신림동 1419번지 1호,PHMH320173200033087500040,3200000,"서울특별시 관악구 남부순환로181길 46 (신림동, 금강빌딩)",08754,03,폐업,,,,
(주)코리아세븐 관악대학점,2021-12-28,194283.81879848,440796.06036366,2026-04-26 22:01:01,I,03,폐업,2021-12-28 15:14:14,,2017-07-14,,서울특별시 관악구 신림동 1536번지 1호,PHMH320173200033087500041,3200000,"서울특별시 관악구 호암로24길 56, 1층 (신림동)",08813,03,폐업,,,,
세븐일레븐 관악삼성점,2018-02-12,193380.123306339,439885.315238411,2026-04-26 22:00:59,I,03,폐업,2018-02-12 17:43:52,,2017-07-21,,서울특별시 관악구 신림동 1713번지 12호,PHMH320173200033087500044,3200000,"서울특별시 관악구 호암로 401, 101호 (신림동, 주공2300프라자)",08848,03,폐업,,,,
세븐일레븐 관악무지개점,2022-05-17,195921.62179932,441606.80186845,2026-04-26 22:01:01,I,03,폐업,2022-05-17 16:04:34,,2017-07-21,,서울특별시 관악구 봉천동 1608번지 4호,PHMH320173200033087500045,3200000,서울특별시 관악구 관악로10길 36 (봉천동),08791,03,폐업,,,,
씨유 봉천대로점,2021-12-29,194700.122350385,442356.552133546,2026-04-26 22:00:59,I,03,폐업,2021-12-29 17:25:14,,2017-07-21,,서울특별시 관악구 봉천동 944번지 29호,PHMH320173200033087500046,3200000,"서울특별시 관악구 남부순환로 1713-7, 1층 (봉천동, 동해빌딩)",08757,03,폐업,,,,
SK네트웍스(주) 서울주유소,2018-07-10,,,2026-04-26 22:01:01,I,03,폐업,2018-07-10 18:27:25,,2017-07-25,,서울특별시 관악구 신림동 406번지 6호,PHMH320173200033087500047,3200000,"서울특별시 관악구 신림로 183, 1층 (신림동)",08845,03,폐업,,,,
씨유 관악허브점,2022-04-28,193903.70320753,443050.25753098,2026-04-26 22:00:59,I,03,폐업,2022-04-28 15:14:52,,2017-07-26,,서울특별시 관악구 봉천동 673번지 143호,PHMH320173200033087500049,3200000,"서울특별시 관악구 봉천로13나길 30, 1층 (봉천동)",08720,03,폐업,,,,
이마트24 서림기드온점,2020-05-19,194595.589744923,441238.901097814,2026-04-26 22:00:59,I,03,폐업,2020-05-20 10:54:45,,2017-07-26,,서울특별시 관악구 신림동 103번지 264호,PHMH320173200033087500051,3200000,"서울특별시 관악구 서림3길 18, 1층 (신림동, 그린원룸)",08840,03,폐업,,,,
(주)코리아세븐 관악까치점,2019-01-29,197093.138961117,441446.292039193,2026-04-26 22:01:01,I,03,폐업,2019-01-30 09:50:43,,2017-07-31,,서울특별시 관악구 봉천동 1655번지 15호,PHMH320173200033087500052,3200000,"서울특별시 관악구 남부순환로 1974, 1층 (봉천동)",08794,03,폐업,,,,
CU 서울대학교신양점,2020-06-01,196139.864969792,439023.167125842,2026-04-26 22:00:59,I,03,폐업,2020-06-01 17:07:42,,2017-09-21,,서울특별시 관악구 신림동 산 56번지 1호,PHMH320173200033087500058,3200000,"서울특별시 관악구 관악로 1, 16-1동 1층 (신림동, 서울대학교)",08826,03,폐업,,,,
씨유 낙성인헌점,2019-12-17,196978.243746073,441424.066607639,2026-04-26 22:00:59,I,03,폐업,2019-12-18 10:20:28,,2017-09-22,,서울특별시 관악구 봉천동 1637번지 27호,PHMH320173200033087500059,3200000,서울특별시 관악구 인헌길 14 (봉천동),08793,03,폐업,,,,
씨유 관악인헌길점,2022-05-09,196839.097256433,440957.159009576,2026-04-26 22:00:59,I,03,폐업,2022-05-09 14:53:34,,2017-09-28,,서울특별시 관악구 봉천동 180번지 531호,PHMH320173200033087500060,3200000,"서울특별시 관악구 인헌12길 42 (봉천동, 태양빌라)",08797,03,폐업,,,,
미니스톱 신림고시촌점,2018-05-15,194321.431272472,440920.989000179,2026-04-26 22:00:59,I,03,폐업,2018-05-15 18:05:42,,2017-09-29,,서울특별시 관악구 신림동 1515번지 3호,PHMH320173200033087500061,3200000,"서울특별시 관악구 호암로26길 53, 1층 (신림동, 하나독서실)",08813,03,폐업,,,,
롯데씨브이에스711(주) 봉천역점,2022-05-19,194702.898406728,442319.059742429,2026-04-26 22:01:01,I,03,폐업,2022-05-19 16:29:44,,2017-10-31,,서울특별시 관악구 봉천동 931번지 8호,PHMH320173200033087500063,3200000,서울특별시 관악구 남부순환로 1715 (봉천동),08757,03,폐업,,,,
세븐일레븐 관악현대점,2021-10-27,196159.373992807,443175.425873823,2026-04-26 22:00:59,I,03,폐업,2021-10-27 17:11:38,,2017-11-01,,서울특별시 관악구 봉천동 1번지 996호,PHMH320173200033087500064,3200000,서울특별시 관악구 청림3마길 27 (봉천동),08732,03,폐업,,,,
CU 관악신도점,2022-12-09,191871.798298167,442373.748305384,2026-04-26 22:00:59,I,03,폐업,2022-12-09 14:53:44,,2017-11-03,,서울특별시 관악구 신림동 561번지 5호,PHMH320173200033087500066,3200000,"서울특별시 관악구 조원로 58, 1층 (신림동)",08766,03,폐업,,,,
(주)코리아세븐 관악으뜸점,2020-12-24,194250.708597915,440713.632182293,2026-04-26 22:01:01,I,03,폐업,2020-12-28 14:35:23,,2017-11-17,,서울특별시 관악구 신림동 257번지 1호,PHMH320173200033087500067,3200000,"서울특별시 관악구 호암로22길 56, 1층 (신림동)",08819,03,폐업,,,,
씨유 관악두산점,2025-10-23,195084.631134892,442661.670322754,2026-04-26 22:00:59,I,03,폐업,2025-10-23 18:33:03,,2017-11-22,,서울특별시 관악구 봉천동 1708번지 1호 두산아파트,PHMH320173200033087500068,3200000,서울특별시 관악구 은천로 92 (봉천동),08751,03,폐업,,,,
GS25 관악해바라기점,2022-12-14,193635.584969735,443437.692580028,2026-04-26 22:00:59,I,03,폐업,2022-12-14 13:57:23,,2017-12-08,,서울특별시 관악구 봉천동 1500번지 해바라기아파트,PHMH320173200033087500070,3200000,"서울특별시 관악구 보라매로6길 33, 2~3호 (봉천동, 해바라기아파트)",08709,03,폐업,,,,
CU 관악보라매점,2023-01-10,194182.233047198,442728.929250129,2026-04-26 22:00:59,I,03,폐업,2023-01-10 14:33:01,,2017-12-20,,서울특별시 관악구 봉천동 967번지 3호,PHMH320173200033087500071,3200000,서울특별시 관악구 봉천로 307 (봉천동),08719,03,폐업,,,,
GS25 신림도림점,2022-01-24,194069.733866244,441221.57505446,2026-04-26 22:00:59,I,03,폐업,2022-01-24 15:49:34,,2018-01-09,,서울특별시 관악구 신림동 112번지 41호,PHMH320183200033087500001,3200000,"서울특별시 관악구 신림로 160, 1층 (신림동)",08838,03,폐업,,,,
미니스톱 신림주공점,2018-10-31,193658.409655939,440493.683748942,2026-04-26 22:00:59,I,03,폐업,2018-10-24 17:25:05,,2018-01-16,,서울특별시 관악구 신림동 1704번지 2호 신림1단지주공아파트,PHMH320183200033087500002,3200000,"서울특별시 관악구 광신길 210, 103,105,106호 (신림동)",08848,03,폐업,,,,
SK에너지(주)신봉천,2018-07-06,196245.625629954,441842.0875655,2026-04-26 22:01:01,I,03,폐업,2018-07-06 14:59:57,,2018-01-25,,서울특별시 관악구 봉천동 1663번지 11호 SK주유소,PHMH320183200033087500003,3200000,"서울특별시 관악구 남부순환로 1880, SK주유소 (봉천동)",08789,03,폐업,,,,
씨유 신림CS점,2022-07-19,192201.958233183,442110.836529352,2026-04-26 22:01:01,I,03,폐업,2022-07-19 16:28:37,,2018-03-22,,서울특별시 관악구 신림동 1474번지 10호,PHMH320183200033087500006,3200000,"서울특별시 관악구 남부순환로 1456, 1층 (신림동)",08771,03,폐업,,,,
세븐일레븐 관악국화점,2021-10-18,192717.8938714,440951.398539513,2026-04-26 22:00:59,I,03,폐업,2021-10-18 17:48:23,,2018-03-28,,서울특별시 관악구 신림동 711번지 91호,PHMH320183200033087500007,3200000,"서울특별시 관악구 난곡로31길 30, 1층 (신림동)",08858,03,폐업,,,,
씨유 관악 마에스트로점,2018-11-06,195275.716828765,442228.013976017,2026-04-26 22:00:59,I,03,폐업,2018-11-06 17:30:29,,2018-03-29,,서울특별시 관악구 봉천동 893번지 12호 마에스트로캠퍼스타운 101호,PHMH320183200033087500008,3200000,"서울특별시 관악구 남부순환로 1773, 101호 (봉천동, 마에스트로캠퍼스타운)",08758,03,폐업,,,,
CU 신림장미점,2023-01-05,194733.542262291,440919.815726854,2026-04-26 22:00:59,I,03,폐업,2023-01-06 09:58:10,,2018-04-03,,서울특별시 관악구 신림동 237번지 27호,PHMH320183200033087500009,3200000,"서울특별시 관악구 신림로 73, 1층 (신림동)",08814,03,폐업,,,,
GS25 봉천행운점,2022-08-30,196262.401716624,442139.052135885,2026-04-26 22:00:59,I,03,폐업,2022-08-30 15:16:42,,2018-04-03,,서울특별시 관악구 봉천동 98번지 1호 루세빌,PHMH320183200033087500010,3200000,"서울특별시 관악구 행운1라길 62, 루세빌 (봉천동)",08740,03,폐업,,,,
미니스톱 신림희망점,2020-04-09,194429.177088156,440618.300555327,2026-04-26 22:00:59,I,03,폐업,2020-04-09 16:41:40,,2018-04-18,,서울특별시 관악구 신림동 252번지 1호 원단원룸,PHMH320183200033087500012,3200000,"서울특별시 관악구 대학길 65, 원단원룸 1층 (신림동)",08818,03,폐업,,,,
세븐일레븐 대학삼성점,2020-09-04,194670.608888196,440725.988567695,2026-04-26 22:00:59,I,03,폐업,2020-09-04 18:01:56,,2018-04-26,,서울특별시 관악구 신림동 244번지 139호,PHMH320183200033087500013,3200000,"서울특별시 관악구 대학7길 51, 1층 (신림동)",08814,03,폐업,,,,
세븐일레븐 낙성대역길점,2020-04-24,196820.914441313,441326.543774706,2026-04-26 22:00:59,I,03,폐업,2020-04-27 11:00:19,,2018-04-27,,서울특별시 관악구 봉천동 196번지 40호 봉천M빌,PHMH320183200033087500014,3200000,"서울특별시 관악구 낙성대역길 111, 봉천M빌 지하1층 (봉천동)",08793,03,폐업,,,,
GS25봉천래인점,2019-09-19,195854.477831778,442748.844675788,2026-04-26 22:00:59,I,03,폐업,2019-09-19 17:32:18,,2018-04-27,,서울특별시 관악구 봉천동 41번지 202호,PHMH320183200033087500015,3200000,"서울특별시 관악구 은천로35나길 2, 지하1층 (봉천동)",08728,03,폐업,,,,
GS25 관악스마일점,2020-12-11,192985.507642222,441182.552775769,2026-04-26 22:00:59,I,03,폐업,2020-12-11 13:12:29,,2018-05-18,,서울특별시 관악구 신림동 1678번지 20호,PHMH320183200033087500016,3200000,"서울특별시 관악구 난곡로34나길 17, 1층 (신림동)",08853,03,폐업,,,,
GS25 당곡사거리점,2022-06-24,193547.481187712,442986.213945228,2026-04-26 22:00:59,I,03,폐업,2022-06-24 16:24:35,,2018-06-01,,서울특별시 관악구 신림동 1429번지 1호,PHMH320183200033087500018,3200000,"서울특별시 관악구 신림로 391, 1층 (신림동)",08707,03,폐업,,,,
GS25 신림고시촌점,2022-01-28,194202.12772051,440706.009470394,2026-04-26 22:00:59,I,03,폐업,2022-01-28 17:50:33,,2018-06-08,,서울특별시 관악구 신림동 1546번지 5호,PHMH320183200033087500019,3200000,서울특별시 관악구 신림로19길 46-8 (신림동),08819,03,폐업,,,,
세븐일레븐 관악동산점,2023-07-04,196644.47328791,441832.204653119,2026-04-26 22:00:59,I,03,폐업,2023-07-04 16:27:27,,2018-07-13,,서울특별시 관악구 봉천동 1684번지 24호,PHMH320183200033087500020,3200000,"서울특별시 관악구 솔밭로 11-1, 1층 (봉천동)",08742,03,폐업,,,,
GS25 인헌마루점,2025-01-08,197154.399794655,440822.536491499,2026-04-26 22:00:59,I,03,폐업,2025-01-08 15:50:13,,2018-08-17,,서울특별시 관악구 봉천동 180번지 205호,PHMH320183200033087500023,3200000,"서울특별시 관악구 인헌길 141, 1층 (봉천동)",08800,03,폐업,,,,
CU 관악선경점,2024-07-25,194815.858583556,440737.742841766,2026-04-26 22:00:59,I,03,폐업,2024-07-25 16:30:49,,2018-08-22,,서울특별시 관악구 신림동 231번지 21호,PHMH320183200033087500024,3200000,"서울특별시 관악구 신림로3가길 41, 1층 (신림동)",08816,03,폐업,,,,
지에스25 관악승리,2024-06-21,193959.31309316,442840.374559126,2026-04-26 22:00:59,I,03,폐업,2024-06-21 20:06:02,,2018-08-22,,서울특별시 관악구 봉천동 968번지 36호,PHMH320183200033087500025,3200000,"서울특별시 관악구 봉천로 281, 1층 (봉천동)",08720,03,폐업,,,,
세븐일레븐 관악난향점,2024-06-14,192459.842453097,440090.363219205,2026-04-26 22:00:59,I,03,폐업,2024-06-14 15:06:25,,2018-08-23,,서울특별시 관악구 신림동 675번지 98호,PHMH320183200033087500026,3200000,"서울특별시 관악구 난향길 70, 1층 (신림동)",08859,03,폐업,,,,
CU 관악예랑점,2024-05-27,193010.891072889,440651.18967082,2026-04-26 22:00:59,I,03,폐업,2024-05-27 11:43:48,,2018-08-29,,서울특별시 관악구 신림동 652번지 91호,PHMH320183200033087500027,3200000,"서울특별시 관악구 난곡로24길 55, 1층 (신림동)",08856,03,폐업,,,,
지에스25(GS25) 봉천사랑점,2022-09-07,196319.752471415,442483.779048811,2026-04-26 22:00:59,I,03,폐업,2022-09-07 16:08:56,,2018-09-10,,서울특별시 관악구 봉천동 23번지 19호 수성드림빌,PHMH320183200033087500028,3200000,"서울특별시 관악구 관악로28길 58, 101호 (봉천동, 수성드림빌)",08736,03,폐업,,,,
지에스25(GS25) 낙성대역점,2020-08-26,196805.584087009,441638.79548745,2026-04-26 22:00:59,I,03,폐업,2020-08-27 17:31:04,,2018-09-17,,서울특별시 관악구 봉천동 1687번지 23호 우송빌딩,PHMH320183200033087500029,3200000,"서울특별시 관악구 남부순환로 1937, 우송빌딩 1층 (봉천동)",08801,03,폐업,,,,02-887-4727
씨유 관악은천길점,2021-08-02,194821.255710145,442692.802986229,2026-04-26 22:00:59,I,03,폐업,2021-08-02 09:57:09,,2018-09-28,,서울특별시 관악구 봉천동 622번지 3호 은천누리에뜰,PHMH320183200033087500030,3200000,"서울특별시 관악구 은천로 61, 106호 (봉천동, 은천누리에뜰)",08716,03,폐업,,,,
이마트24 관악하이점,2020-07-06,194203.24814923,442293.613455082,2026-04-26 22:00:59,I,03,폐업,2020-07-06 16:45:51,,2018-10-15,,서울특별시 관악구 신림동 1741번지,PHMH320183200033087500032,3200000,"서울특별시 관악구 남부순환로194길 43, 103동 B02호 (신림동)",08780,03,폐업,,,,
이마트24 관악보라매점,2020-07-06,193914.57891726,442865.37778048,2026-04-26 22:00:59,I,03,폐업,2020-07-06 16:46:02,,2018-10-15,,서울특별시 관악구 봉천동 968번지 44호,PHMH320183200033087500033,3200000,"서울특별시 관악구 봉천로 275, 1층 (봉천동)",08720,03,폐업,,,,
GS25 서울대역점,2020-08-27,195734.652923861,441754.056240254,2026-04-26 22:00:59,I,03,폐업,2020-08-27 14:36:15,,2018-10-16,,서울특별시 관악구 봉천동 1597번지 1호 우남네오폴리스,PHMH320183200033087500034,3200000,"서울특별시 관악구 관악로 144, 1층 (봉천동)",08791,03,폐업,,,,
이마트24(까치고개점),2024-06-12,196997.453585186,441478.630537207,2026-04-26 22:00:59,I,03,폐업,2024-06-12 18:57:42,,2018-10-23,,서울특별시 관악구 봉천동 1656번지 22호,PHMH320183200033087500035,3200000,"서울특별시 관악구 남부순환로 1964, 1층 (봉천동)",08793,03,폐업,,,,
GS25 관악서원점,2020-05-01,193857.934176134,442448.272562531,2026-04-26 22:00:59,I,03,폐업,2020-05-01 14:33:46,,2018-11-01,,서울특별시 관악구 신림동 11번지 18호,PHMH320183200033087500038,3200000,서울특별시 관악구 남부순환로 1626-1 (신림동),08777,03,폐업,,,,
CU 관악고시촌점,2022-03-10,194330.607282095,440463.242678869,2026-04-26 22:00:59,I,03,폐업,2022-03-10 17:39:52,,2018-11-05,,서울특별시 관악구 신림동 255번지 35호,PHMH320183200033087500039,3200000,서울특별시 관악구 대학14길 15 (신림동),08820,03,폐업,,,,
이마트24 서울대모두점,2022-01-12,194613.201399946,441024.711018265,2026-04-26 22:00:59,I,03,폐업,2022-01-13 10:32:49,,2018-11-06,,서울특별시 관악구 신림동 103번지 122호,PHMH320183200033087500040,3200000,"서울특별시 관악구 서림길 112, 1층 (신림동)",08839,03,폐업,,,,
세븐일레븐 관악서원점,2021-12-27,194149.45330899,441849.728858139,2026-04-26 22:00:59,I,03,폐업,2021-12-27 16:16:57,,2018-11-26,,서울특별시 관악구 신림동 92번지 107호,PHMH320183200033087500042,3200000,"서울특별시 관악구 신림로46길 24, 지하1층 (신림동)",08781,03,폐업,,,,
씨유 관악플러스점,2023-12-05,192314.98020026,441405.476175492,2026-04-26 22:01:01,I,03,폐업,2023-12-05 18:37:40,,2018-12-06,,서울특별시 관악구 신림동 1717번지 신림동두영아파트,PHMH320183200033087500044,3200000,"서울특별시 관악구 미성길 60, 신림동두영아파트 1층 및 지하1층 (신림동)",08865,03,폐업,,,,
미니스톱 신림푸리마점,2022-09-20,193515.128750387,442357.981026767,2026-04-26 22:00:59,I,03,폐업,2022-09-20 17:16:37,,2018-12-31,,서울특별시 관악구 신림동 1639번지 51호 푸리마타운,PHMH320183200033087500048,3200000,"서울특별시 관악구 관천로 38, 101호 (신림동, 푸리마타운)",08776,03,폐업,,,,
(주)코리아세븐 낙성대점,2024-11-05,196929.22157902,441579.156778036,2026-04-26 22:01:01,I,03,폐업,2024-11-05 20:48:50,,2019-01-17,,서울특별시 관악구 봉천동 1690번지 152호,PHMH320193200033087500002,3200000,서울특별시 관악구 남부순환로 1951 (봉천동),08802,03,폐업,,,,
(주)코리아세븐 신림스타점,2025-05-22,193747.786105101,442310.949840937,2026-04-26 22:01:01,I,03,폐업,2025-05-22 20:44:10,,2019-01-18,,서울특별시 관악구 신림동 1641번지 12호,PHMH320193200033087500003,3200000,서울특별시 관악구 신림로 322 (신림동),08777,03,폐업,,,,
씨유 관악허브점,2025-12-09,193903.70320753,443050.25753098,2026-04-26 22:00:59,I,03,폐업,2025-12-10 13:00:07,,2019-02-20,,서울특별시 관악구 봉천동 673-143 유송143,PHMH320193200033087500005,3200000,"서울특별시 관악구 봉천로13나길 30, 유송143 1층 (봉천동)",08720,03,폐업,,,,
씨유 서울대공존34점,2019-05-29,196139.864969792,439023.167125842,2026-04-26 22:00:59,I,03,폐업,2019-05-29 17:49:11,,2019-02-20,,서울특별시 관악구 신림동 산 56번지 1호 서울대학교,PHMH320193200033087500006,3200000,"서울특별시 관악구 관악로 1, 공과대학34동 108호 (신림동)",08826,03,폐업,,,,
GS25 난곡로점,2022-04-27,192427.198450417,441944.759298528,2026-04-26 22:01:01,I,03,폐업,2022-04-28 08:54:24,,2019-02-22,,서울특별시 관악구 신림동 1567번지 1호,PHMH320193200033087500007,3200000,"서울특별시 관악구 난곡로 288, 1,2층 (신림동)",08772,03,폐업,,,,
GS25 관악장원점,2022-07-21,194400.569914844,440538.05824375,2026-04-26 22:00:59,I,03,폐업,2022-07-21 16:24:48,,2019-02-28,,서울특별시 관악구 신림동 253번지 3호,PHMH320193200033087500008,3200000,"서울특별시 관악구 대학길 84, 1층, 지층 (신림동)",08819,03,폐업,,,,
GS25 신림관악점,2023-04-05,193794.704822134,442637.180636241,2026-04-26 22:00:59,I,03,폐업,2023-04-05 14:34:54,,2019-02-28,,서울특별시 관악구 신림동 1423번지 24호 디엔에이치,PHMH320193200033087500009,3200000,"서울특별시 관악구 남부순환로181길 27, 1층 (신림동)",08754,03,폐업,,,,
미니스톱 신림미림점,2022-07-04,193956.613331996,440364.215850511,2026-04-26 22:00:59,I,03,폐업,2022-07-04 15:35:08,,2019-03-15,,서울특별시 관악구 신림동 306번지 6호,PHMH320193200033087500012,3200000,서울특별시 관악구 호암로18가길 1 (신림동),08821,03,폐업,,,,
세븐일레븐 서울대제일점,2024-06-25,195786.612845254,442070.396810544,2026-04-26 22:01:00,I,03,폐업,2024-06-25 19:01:02,,2019-03-21,,서울특별시 관악구 봉천동 857번지 1호,PHMH320193200033087500015,3200000,서울특별시 관악구 남부순환로 1830 (봉천동),08788,03,폐업,,,,
미니스톱 낙성대본점,2022-06-27,197005.056952002,441312.317783312,2026-04-26 22:01:00,I,03,폐업,2022-06-27 17:20:43,,2019-04-18,,서울특별시 관악구 봉천동 1642번지 16호 영빌딩,PHMH320193200033087500018,3200000,"서울특별시 관악구 인헌길 35, 영빌딩 1층 (봉천동)",08795,03,폐업,,,,
씨유 관악장원점,2023-05-11,194439.718970201,440812.826237103,2026-04-26 22:01:00,I,03,폐업,2023-05-11 17:53:19,,2019-05-16,,서울특별시 관악구 신림동 241번지 118호,PHMH320193200033087500021,3200000,"서울특별시 관악구 대학길 31, 1층 (신림동)",08814,03,폐업,,,,
지에스(GS)25 관악보라매점,2019-06-26,193405.406775623,443231.666283907,2026-04-26 22:01:00,I,03,폐업,2019-06-27 09:46:01,,2019-05-20,,서울특별시 관악구 봉천동 702번지 108호 동방파레스,PHMH320193200033087500022,3200000,"서울특별시 관악구 보라매로3길 17 (봉천동, 동방파레스)",08708,03,폐업,,,,
씨유(CU)관악 인헌점,2024-06-14,197335.227285759,441231.778625983,2026-04-26 22:01:00,I,03,폐업,2024-06-14 18:01:47,,2019-05-28,,서울특별시 관악구 봉천동 173번지 6호,PHMH320193200033087500023,3200000,"서울특별시 관악구 인헌1다길 31, 지하1층 (봉천동)",08795,03,폐업,,,,
(주)코리아세븐 관악구청점,2024-06-12,195741.164752348,441862.053352551,2026-04-26 22:01:01,I,03,폐업,2024-06-12 18:37:50,,2019-05-31,,서울특별시 관악구 봉천동 1598번지 1호,PHMH320193200033087500024,3200000,서울특별시 관악구 관악로 154 (봉천동),08788,03,폐업,,,,
GS25 신림법원단지점,2022-12-09,192869.21662782,441331.405499828,2026-04-26 22:01:01,I,03,폐업,2022-12-09 16:13:57,,2019-06-20,,서울특별시 관악구 신림동 612번지 40호 유진빌딩,PHMH320193200033087500026,3200000,"서울특별시 관악구 법원단지길 48, 유진빌딩 1층 (신림동)",08852,03,폐업,,,,
세븐일레븐 봉천진용점,2025-01-24,195455.608805368,442288.47573958,2026-04-26 22:01:00,I,03,폐업,2025-01-24 21:06:02,,2019-06-25,,서울특별시 관악구 봉천동 873번지 42호,PHMH320193200033087500028,3200000,"서울특별시 관악구 봉천로 443, 1층 (봉천동)",08748,03,폐업,,,,
씨유 신화교힐스점,2024-06-11,194255.560048876,441476.617056563,2026-04-26 22:01:00,I,03,폐업,2024-06-11 17:01:46,,2019-06-27,,서울특별시 관악구 신림동 408번지 137호 금호상가,PHMH320193200033087500029,3200000,"서울특별시 관악구 신림로31길 7, 금호상가 1층 (신림동)",08845,03,폐업,,,,
씨유 신림로점,2023-02-13,193996.30683458,441171.347757379,2026-04-26 22:01:00,I,03,폐업,2023-02-13 15:01:28,,2019-06-28,,서울특별시 관악구 신림동 395번지 12호,PHMH320193200033087500030,3200000,"서울특별시 관악구 신림로 153, 1층 (신림동)",08846,03,폐업,,,,
GS25 관악보라매점,2021-06-25,193405.406775623,443231.666283907,2026-04-26 22:01:01,I,03,폐업,2021-06-25 16:14:19,,2019-07-03,,서울특별시 관악구 봉천동 702번지 108호 동방파레스,PHMH320193200033087500032,3200000,"서울특별시 관악구 보라매로3길 17 (봉천동, 동방파레스)",08708,03,폐업,,,,
씨유(CU) 서울대이편한세상점,2023-11-03,194843.601049192,441583.968484432,2026-04-26 22:01:00,I,03,폐업,2023-11-03 14:51:19,,2019-07-30,,서울특별시 관악구 봉천동 1555번지 1호 e편한세상서울대입구 2단지,PHMH320193200033087500033,3200000,"서울특별시 관악구 청룡16길 43, 1층 102호,103호 (봉천동, e편한세상서울대입구 2단지)",08830,03,폐업,,,,
CU 관악동방점,2022-03-31,194156.052025282,440728.838185574,2026-04-26 22:01:00,I,03,폐업,2022-03-31 20:10:58,,2019-09-09,,서울특별시 관악구 신림동 1554번지,PHMH320193200033087500037,3200000,"서울특별시 관악구 신림로23길 49, 1층 (신림동)",08819,03,폐업,,,,
CU 낙성현대점,2024-03-15,196344.686435118,441425.613533326,2026-04-26 22:01:00,I,03,폐업,2024-03-18 19:57:34,,2019-09-16,,서울특별시 관악구 봉천동 296번지 낙성대현대아파트,PHMH320193200033087500038,3200000,"서울특별시 관악구 낙성대로 37, 201동 지하1층 1호 (봉천동, 낙성대현대아파트)",08792,03,폐업,,,,
이마트24 신림동양점,2025-02-19,193799.506354026,442715.049244091,2026-04-26 22:01:00,I,03,폐업,2025-02-19 13:46:54,,2019-10-22,,서울특별시 관악구 신림동 1419번지 1호 금강빌딩,PHMH320193200033087500042,3200000,"서울특별시 관악구 남부순환로181길 46, 금강빌딩 1층 (신림동)",08754,03,폐업,,,,02-884-0402
씨유 신림고시촌점,2025-02-10,194409.766327576,440926.897889433,2026-04-26 22:01:00,I,03,폐업,2025-02-10 17:14:32,,2019-12-13,,서울특별시 관악구 신림동 1516번지 3호,PHMH320193200033087500044,3200000,"서울특별시 관악구 신림로 105, 1층 (신림동)",08813,03,폐업,,,,
씨유 청룡산쉼터점,2024-12-26,195235.947706991,441707.800093366,2026-04-26 22:01:00,I,03,폐업,2024-12-26 20:55:25,,2019-12-24,,서울특별시 관악구 봉천동 1578번지 35호,PHMH320193200033087500047,3200000,"서울특별시 관악구 청룡11길 24, 1층 (봉천동)",08831,03,폐업,,,,
지에스25 남강학사점,2024-04-02,192805.585290033,441017.414873292,2026-04-26 22:01:00,I,03,폐업,2024-04-02 14:10:48,,2020-01-16,,서울특별시 관악구 신림동 704번지 13호 성수빌딩,PHMH320203200033087500001,3200000,"서울특별시 관악구 난곡로 181, 1층 (신림동)",08858,03,폐업,,,,
세븐일레븐 관악봉천로점,2024-06-19,196461.877883079,441740.147864529,2026-04-26 22:01:00,I,03,폐업,2024-06-19 18:56:49,,2020-01-16,,서울특별시 관악구 봉천동 1661번지 4호 오너벤쳐타운,PHMH320203200033087500002,3200000,"서울특별시 관악구 남부순환로 1904, 오너벤쳐타운 1층 101호 (봉천동)",08792,03,폐업,,,,
GS25 낙성대동점,2024-01-16,196659.940446715,441578.163387245,2026-04-26 22:01:00,I,03,폐업,2024-01-16 18:55:54,,2020-01-16,,서울특별시 관악구 봉천동 1631번지 5호 로제하우스,PHMH320203200033087500003,3200000,"서울특별시 관악구 남부순환로244길 14, 로제하우스 (봉천동)",08793,03,폐업,,,,
CU 봉천역점,2024-10-31,194935.523379602,442196.00390157,2026-04-26 22:01:00,I,03,폐업,2024-10-31 14:38:34,,2020-01-23,,서울특별시 관악구 봉천동 922번지 24호,PHMH320203200033087500004,3200000,"서울특별시 관악구 남부순환로 1742, 1층 (봉천동)",08785,03,폐업,,,,02-882-3239
씨유 관악푸르지오점,2025-04-02,196355.216168475,442855.677222572,2026-04-26 22:01:01,I,03,폐업,2025-04-02 20:23:31,,2020-02-03,,서울특별시 관악구 봉천동 13번지 45호,PHMH320203200033087500005,3200000,"서울특별시 관악구 청림6길 6, 1층 (봉천동)",08733,03,폐업,,,,02-877-9441
세븐일레븐 관악아름채점,2020-11-06,193133.333052653,440725.842587549,2026-04-26 22:01:00,I,03,폐업,2020-11-09 10:20:50,,2020-02-11,,서울특별시 관악구 신림동 650번지 57호 CG아름채,PHMH320203200033087500006,3200000,"서울특별시 관악구 난곡로26나길 30, 301동 101호 (신림동, CG아름채)",08856,03,폐업,,,,
지에스25 서울대이편한,2025-05-12,194791.570192415,441867.073741014,2026-04-26 22:01:00,I,03,폐업,2025-05-12 20:17:26,,2020-02-12,,서울특별시 관악구 봉천동 1539번지 12호,PHMH320203200033087500007,3200000,서울특별시 관악구 참숯1길 10 (봉천동),08830,03,폐업,,,,
GS25 관악서림점,2021-08-12,194231.467791841,441085.518069095,2026-04-26 22:01:00,I,03,폐업,2021-08-12 17:23:48,,2020-02-28,,서울특별시 관악구 신림동 110번지 7호,PHMH320203200033087500008,3200000,"서울특별시 관악구 신림로22길 14, 1층 (신림동)",08839,03,폐업,,,,
지에스25 샤로수길,2023-05-31,196132.7825093,441799.188680526,2026-04-26 22:01:00,I,03,폐업,2023-05-31 15:04:58,,2020-03-10,,서울특별시 관악구 봉천동 1620번지 18호,PHMH320203200033087500009,3200000,"서울특별시 관악구 남부순환로234길 23, 1층 (봉천동)",08789,03,폐업,,,,
씨유 관악햇살점,2020-08-21,192800.290999607,441382.863035041,2026-04-26 22:01:00,I,03,폐업,2020-08-21 15:31:03,,2020-04-23,,서울특별시 관악구 신림동 608번지 18호,PHMH320203200033087500015,3200000,"서울특별시 관악구 법원단지5길 5, 2층 (신림동)",08850,03,폐업,,,,
세븐일레븐 관악남현로점,2025-04-23,198016.966616995,441387.874857455,2026-04-26 22:01:00,I,03,폐업,2025-04-23 18:49:21,,2020-04-23,,서울특별시 관악구 남현동 1086번지 40호,PHMH320203200033087500016,3200000,"서울특별시 관악구 남부순환로272길 42, 1층 (남현동)",08807,03,폐업,,,,
지에스25 관악서원점,2024-07-18,193857.934176134,442448.272562531,2026-04-26 22:01:00,I,03,폐업,2024-07-18 14:58:24,,2020-05-01,,서울특별시 관악구 신림동 11번지 18호,PHMH320203200033087500017,3200000,"서울특별시 관악구 남부순환로 1626-1, 1층 (신림동)",08777,03,폐업,,,,
(주)코리아세븐 낙성대역길점,2025-05-22,196820.914441313,441326.543774706,2026-04-26 22:01:01,I,03,폐업,2025-05-22 20:37:50,,2020-05-14,,서울특별시 관악구 봉천동 196번지 40호 봉천M빌,PHMH320203200033087500018,3200000,"서울특별시 관악구 낙성대역길 111, 지하1층 (봉천동)",08793,03,폐업,,,,
씨유 서울대서연점,2025-04-23,195747.612370379,441645.376154781,2026-04-26 22:01:00,I,03,폐업,2025-04-23 15:42:35,,2020-06-02,,서울특별시 관악구 봉천동 1597번지 24호 서울법학원 1층,PHMH320203200033087500020,3200000,"서울특별시 관악구 관악로 132, 서울법학원 1층 (봉천동)",08791,03,폐업,,,,
(주)코리아세븐 신대방스타점,2021-01-18,192264.922850068,442728.778918512,2026-04-26 22:01:01,I,03,폐업,2021-01-18 16:40:29,,2020-06-30,,서울특별시 관악구 신림동 518-1 경신빌딩,PHMH320203200033087500023,3200000,"서울특별시 관악구 난곡로 367, 경신빌딩 105호 (신림동)",08701,03,폐업,,,,
씨유 관악진미점,2021-03-24,194203.24814923,442293.613455082,2026-04-26 22:01:00,I,03,폐업,2021-03-24 18:00:57,,2020-07-06,,서울특별시 관악구 신림동 1741 풍원하임빌,PHMH320203200033087500025,3200000,"서울특별시 관악구 남부순환로194길 43, 103동 지하1층 B02호 (신림동, 풍원하임빌)",08780,03,폐업,,,,
씨유 보라매우리점,2025-02-25,193914.57891726,442865.37778048,2026-04-26 22:01:00,I,03,폐업,2025-02-26 09:58:57,,2020-07-21,,서울특별시 관악구 봉천동 968-44,PHMH320203200033087500026,3200000,"서울특별시 관악구 봉천로 275, 1층 (봉천동)",08720,03,폐업,,,,
세븐일레븐 관악로마점,2025-04-23,194175.939681138,442440.419073271,2026-04-26 22:01:00,I,03,폐업,2025-04-23 12:54:26,,2020-09-08,,서울특별시 관악구 신림동 10-401,PHMH320203200033087500030,3200000,"서울특별시 관악구 남부순환로194길 11, 1층 (신림동)",08780,03,폐업,,,,
씨유 관악하정점,2022-08-01,195275.716828765,442228.013976017,2026-04-26 22:01:00,I,03,폐업,2022-08-01 13:15:24,,2020-10-26,,서울특별시 관악구 봉천동 893-12 마에스트로캠퍼스타운,PHMH320203200033087500031,3200000,"서울특별시 관악구 남부순환로 1773, 101호 (봉천동, 마에스트로캠퍼스타운)",08758,03,폐업,,,,
지에스25(GS25) 관악인헌점,2024-01-17,196529.700757879,441546.774663944,2026-04-26 22:01:00,I,03,폐업,2024-01-17 17:32:20,,2020-10-29,,서울특별시 관악구 봉천동 207-21,PHMH320203200033087500032,3200000,"서울특별시 관악구 낙성대역길 31, 1층 (봉천동)",08793,03,폐업,,,,02-931-0113
세븐일레븐 관악아름채점,2024-06-13,193133.333052653,440725.842587549,2026-04-26 22:01:00,I,03,폐업,2024-06-13 17:08:08,,2020-11-16,,서울특별시 관악구 신림동 650-57 CG아름채,PHMH320203200033087500034,3200000,"서울특별시 관악구 난곡로26나길 30, 301동 101호 (신림동, CG아름채)",08856,03,폐업,,,,
지에스25(GS25) 봉천까치점,2023-05-04,196297.322160368,442048.760199492,2026-04-26 22:01:00,I,03,폐업,2023-05-04 13:14:03,,2020-11-27,,서울특별시 관악구 봉천동 99-6,PHMH320203200033087500035,3200000,"서울특별시 관악구 남부순환로233길 31-1, 1층 (봉천동)",08740,03,폐업,,,,
세븐일레븐 봉천원룸점,2023-09-07,196506.619116987,441437.575137492,2026-04-26 22:01:01,I,03,폐업,2023-09-07 17:51:10,,2021-02-22,,서울특별시 관악구 봉천동 218-22,PHMH320213200033087500003,3200000,"서울특별시 관악구 낙성대역4길 11-4, 1층 (봉천동)",08799,03,폐업,,,,
지에스25 난곡성당점,2024-08-19,192997.563589497,440874.243770197,2026-04-26 22:01:00,I,03,폐업,2024-08-19 15:22:25,,2021-03-10,,서울특별시 관악구 신림동 638-2,PHMH320213200033087500004,3200000,"서울특별시 관악구 난곡로26길 34, 1층 (신림동)",08856,03,폐업,,,,
미니스톱 관악미래점,2022-10-26,193037.579403851,441524.057936456,2026-04-26 22:01:00,I,03,폐업,2022-10-26 13:28:55,,2021-06-11,,서울특별시 관악구 신림동 610-29,PHMH320213200033087500012,3200000,"서울특별시 관악구 법원단지5가길 54, 지층 (신림동)",08852,03,폐업,,,,
GS25 관악보라매점,2025-01-08,193405.406775623,443231.666283907,2026-04-26 22:01:00,I,03,폐업,2025-01-08 15:52:22,,2021-06-25,,서울특별시 관악구 봉천동 702-108 동방파레스,PHMH320213200033087500014,3200000,"서울특별시 관악구 보라매로3길 17 (봉천동, 동방파레스)",08708,03,폐업,,,,
씨유 관악리치2호점,2022-03-18,192586.178248742,441300.506441,2026-04-26 22:01:00,I,03,폐업,2022-03-18 18:00:11,,2021-07-09,,서울특별시 관악구 신림동 727-31,PHMH320213200033087500016,3200000,"서울특별시 관악구 미성3길 17, 1층 (신림동)",08864,03,폐업,,,,
(주)코리아세븐 관악낙성점,2022-04-21,196389.747082234,441854.364842396,2026-04-26 22:01:01,I,03,폐업,2022-04-26 15:01:17,,2021-07-14,,서울특별시 관악구 봉천동 1679-10,PHMH320213200033087500017,3200000,서울특별시 관악구 남부순환로237길 3(봉천동),08742,03,폐업,,,,
씨유 관악은천길점,2025-07-31,194821.255710145,442692.802986229,2026-04-26 22:01:00,I,03,폐업,2025-07-31 16:45:24,,2021-08-02,,서울특별시 관악구 봉천동 622-3 은천누리에뜰,PHMH320213200033087500019,3200000,"서울특별시 관악구 은천로 61, 106호 (봉천동, 은천누리에뜰)",08716,03,폐업,,,,
지에스25 관악서림점,2021-08-31,194231.467791841,441085.518069095,2026-04-26 22:01:00,I,03,폐업,2021-09-01 10:13:48,,2021-08-23,,서울특별시 관악구 신림동 110-7,PHMH320213200033087500021,3200000,"서울특별시 관악구 신림로22길 14, 1층 (신림동)",08839,03,폐업,,,,
씨유 관악낙성대점,2022-12-06,196996.104299578,441178.642590212,2026-04-26 22:01:00,I,03,폐업,2022-12-07 11:11:13,,2021-10-27,,서울특별시 관악구 봉천동 1640-8,PHMH320213200033087500030,3200000,"서울특별시 관악구 인헌길 61, 1층 (봉천동)",08796,03,폐업,,,,
이마트24 신림팔구팔구점,2022-12-09,193616.748270944,442649.614615521,2026-04-26 22:01:00,I,03,폐업,2022-12-09 13:09:50,,2021-11-04,,서울특별시 관악구 신림동 1432-63,PHMH320213200033087500032,3200000,"서울특별시 관악구 신림로67길 11, 1층 (신림동)",08760,03,폐업,,,,
지에스25 신림도림점,2023-01-25,194069.733866244,441221.57505446,2026-04-26 22:01:00,I,03,폐업,2023-01-25 13:44:08,,2022-01-24,,서울특별시 관악구 신림동 112-41,PHMH320223200033087500002,3200000,"서울특별시 관악구 신림로 160, 1층 (신림동)",08838,03,폐업,,,,
지에스25 신림고시촌점,2024-06-04,194202.12772051,440706.009470394,2026-04-26 22:01:00,I,03,폐업,2024-06-04 17:08:03,,2022-02-07,,서울특별시 관악구 신림동 1546-5,PHMH320223200033087500004,3200000,"서울특별시 관악구 신림로19길 46-8, 1층 (신림동)",08819,03,폐업,,,,
씨유(CU) 관악동방점,2024-06-13,194156.052025282,440728.838185574,2026-04-26 22:01:00,I,03,폐업,2024-06-13 18:18:27,,2022-03-31,,서울특별시 관악구 신림동 1554,PHMH320223200033087500015,3200000,서울특별시 관악구 신림로23길 49(신림동),08819,03,폐업,,,,
씨유 관악신사점,2025-11-12,192505.297422325,442304.2308909,2026-04-26 22:01:00,I,03,폐업,2025-11-12 16:27:22,,2022-05-02,,서울특별시 관악구 신림동 525-26,PHMH320223200033087500019,3200000,서울특별시 관악구 관천로11길 160(신림동),08761,03,폐업,,,,
씨유 관악은천점,2025-01-22,195414.929995391,442771.233965249,2026-04-26 22:01:00,I,03,폐업,2025-01-22 17:46:01,,2022-05-17,,서울특별시 관악구 봉천동 466-75,PHMH320223200033087500023,3200000,"서울특별시 관악구 은천로25길 7, 1층 (봉천동)",08729,03,폐업,,,,
(주)코리아세븐 관악무지개점,2025-07-04,195921.62179932,441606.80186845,2026-04-26 22:01:01,I,03,폐업,2025-07-07 16:05:27,,2022-05-19,,서울특별시 관악구 봉천동 1608-4,PHMH320223200033087500024,3200000,"서울특별시 관악구 관악로10길 36, 1층 (봉천동)",08791,03,폐업,,,,
지에스25 낙성베스트,2025-06-09,197005.056952002,441312.317783312,2026-04-26 22:01:00,I,03,폐업,2025-06-09 20:43:51,,2022-07-20,,서울특별시 관악구 봉천동 1642-16 영빌딩,PHMH320223200033087500032,3200000,"서울특별시 관악구 인헌길 35, 영빌딩 1층 (봉천동)",08795,03,폐업,,,,
씨유 관악하정점,2024-07-01,195275.716828765,442228.013976017,2026-04-26 22:01:00,I,03,폐업,2024-07-01 20:29:42,,2022-08-01,,서울특별시 관악구 봉천동 893-12 마에스트로캠퍼스타운 101호,PHMH320223200033087500035,3200000,"서울특별시 관악구 남부순환로 1773, 101호 (봉천동, 마에스트로캠퍼스타운)",08758,03,폐업,,,,
씨유 관악부송점,2023-04-28,195107.491129887,442441.53946685,2026-04-26 22:01:00,I,03,폐업,2023-04-28 13:55:56,,2022-09-23,,서울특별시 관악구 봉천동 909-32 유송빌,PHMH320223200033087500042,3200000,"서울특별시 관악구 봉천로35길 24-1, 유송빌 1층 (봉천동)",08752,03,폐업,,,,
(주)코리아세븐 관악미래점,2025-04-02,193037.579403851,441524.057936456,2026-04-26 22:01:01,I,03,폐업,2025-04-02 16:38:21,,2022-10-26,,서울특별시 관악구 신림동 610-29,PHMH320223200033087500045,3200000,"서울특별시 관악구 법원단지5가길 54, 지하1층 (신림동)",08852,03,폐업,,,,
(주)코리아세븐 관악현대점,2025-06-20,196159.373992807,443175.425873823,2026-04-26 22:01:01,I,03,폐업,2025-06-20 19:50:00,,2022-11-02,,서울특별시 관악구 봉천동 1-996,PHMH320223200033087500046,3200000,"서울특별시 관악구 청림3마길 27, 1층 (봉천동)",08732,03,폐업,50,,,
지에스25신림으뜸점,2023-11-15,194348.667096569,441193.877483006,2026-04-26 22:01:00,I,03,폐업,2023-11-15 19:17:53,,2022-11-22,,서울특별시 관악구 신림동 108-80,PHMH320223200033087500047,3200000,"서울특별시 관악구 복은4길 56, 1,2층 (신림동)",08837,03,폐업,,,,
(주)비지에프리테일 신림제이점,2023-06-01,194500.895683327,440685.873168044,2026-04-26 22:01:01,I,03,폐업,2023-06-01 18:11:24,,2022-11-25,,서울특별시 관악구 신림동 251-26,PHMH320223200033087500048,3200000,"서울특별시 관악구 신림로11길 48, 1층 (신림동)",08818,03,폐업,,,,
씨유 뉴신림로점,2024-06-14,193996.30683458,441171.347757379,2026-04-26 22:01:01,I,03,폐업,2024-06-14 16:37:37,,2023-02-08,,서울특별시 관악구 신림동 395-12,PHMH320233200033087500003,3200000,"서울특별시 관악구 신림로 153, 1층 (신림동)",08846,03,폐업,,,,
지에스(GS25) 봉천동신점,2023-08-03,194287.091311507,442965.19247289,2026-04-26 22:01:01,I,03,폐업,2023-08-03 17:43:53,,2023-02-15,,서울특별시 관악구 봉천동 649-54 전망좋은집 101호,PHMH320233200033087500004,3200000,"서울특별시 관악구 봉천로21나길 35, 1층 101호 (봉천동, 전망좋은집)",08718,03,폐업,42,,,
(주)비지에프리테일 관악난우점,2023-11-30,192664.250654592,441540.854776077,2026-04-26 22:01:01,I,03,폐업,2023-11-30 17:13:11,,2023-06-21,,서울특별시 관악구 신림동 602-1,PHMH320233200033087500015,3200000,"서울특별시 관악구 난우길 36, 1층 (신림동)",08850,03,폐업,,,,
씨유 신림역최강점,2025-05-07,193794.142460671,442419.324541275,2026-04-26 22:01:01,I,03,폐업,2025-05-07 13:30:11,,2023-07-20,,서울특별시 관악구 신림동 75-6,PHMH320233200033087500020,3200000,"서울특별시 관악구 남부순환로180길 6, 1층 105호 (신림동)",08777,03,폐업,,,,
GS25 난향타운점,2024-03-25,192491.84884891,440038.244390558,2026-04-26 22:01:01,I,03,폐업,2024-03-25 14:12:01,,2024-01-15,,서울특별시 관악구 신림동 674-1,PHMH320243200033087500002,3200000,"서울특별시 관악구 난향7길 2, 1층 (신림동)",08859,03,폐업,,,,
GS25 난향타운점,2025-07-16,192491.84884891,440038.244390558,2026-04-26 22:01:01,I,03,폐업,2025-07-16 17:24:03,,2024-03-25,,서울특별시 관악구 신림동 674-1,PHMH320243200033087500009,3200000,"서울특별시 관악구 난향7길 2, 1층 (신림동)",08859,03,폐업,,,,
지에스25 난우타운점,2025-12-01,192955.569909444,441688.56725641,2026-04-26 22:01:01,I,03,폐업,2025-12-01 17:23:47,,2024-08-27,,서울특별시 관악구 신림동 598-21 동명아트빌2차,PHMH320243200033087500028,3200000,"서울특별시 관악구 법원단지5다길 16, 지층 1호 (신림동, 동명아트빌2차)",08851,03,폐업,,,,
씨유 뉴봉천역점,2024-11-28,194889.614151264,442198.112113216,2026-04-26 22:01:01,I,03,폐업,2024-11-28 17:51:31,,2024-09-26,,서울특별시 관악구 봉천동 927-3 제형빌딩,PHMH320243200033087500030,3200000,"서울특별시 관악구 남부순환로 1738, 제형빌딩 1층 (봉천동)",08784,03,폐업,55,,,
씨유관악은천점,2025-07-02,195414.929995391,442771.233965249,2026-04-26 22:01:01,I,03,폐업,2025-07-03 16:33:27,,2025-01-22,,서울특별시 관악구 봉천동 466-75,PHMH320253200033087500005,3200000,"서울특별시 관악구 은천로25길 7, 1층 (봉천동)",08729,03,폐업,,,,
GS25 인헌중앙점,2018-08-08,197034.285168712,440995.534277906,2026-04-26 22:00:59,I,03,폐업,2018-08-08 17:54:35,,2016-07-13,,서울특별시 관악구 봉천동 180번지 112호,PHMH320163200033087500046,3200000,"서울특별시 관악구 인헌길 100 (봉천동, 예성빌딩)",08797,03,폐업,,,,
씨유 관악문주점,2020-02-07,193838.124063703,443100.288773645,2026-04-26 22:00:59,I,03,폐업,2020-02-07 16:45:43,,2016-07-13,,서울특별시 관악구 봉천동 674번지 18호 1층,PHMH320163200033087500047,3200000,"서울특별시 관악구 봉천로13길 38, 1층 (봉천동)",08721,03,폐업,,,,
GS25 관악봉림점,2019-09-06,194574.467829901,442045.021594155,2026-04-26 22:00:59,I,03,폐업,2019-09-06 15:44:34,,2016-07-25,,서울특별시 관악구 봉천동 1533번지 1호 B01호,PHMH320163200033087500048,3200000,"서울특별시 관악구 장군봉7길 2, B01호 (봉천동, 서안주택)",08784,03,폐업,,,,
씨유 봉천제일점,2019-01-28,195188.119762014,442496.466397695,2026-04-26 22:00:59,I,03,폐업,2019-01-28 14:44:00,,2016-08-01,,서울특별시 관악구 봉천동 910번지 1호,PHMH320163200033087500050,3200000,"서울특별시 관악구 양녕로 29, 1층 (봉천동, 미화빌딩)",08752,03,폐업,,,,
(주)코리아세븐 신림녹두점,2021-12-10,194498.36969316,440896.049976232,2026-04-26 22:01:01,I,03,폐업,2021-12-10 13:00:36,,2016-08-05,,서울특별시 관악구 신림동 240번지 3호,PHMH320163200033087500051,3200000,"서울특별시 관악구 신림로 97, 가동 1층 (신림동, 밀라트)",08814,03,폐업,,,,
세븐일레븐 관악대성점,2024-11-26,197633.790047088,441190.800450517,2026-04-26 22:00:59,I,03,폐업,2024-11-26 13:36:33,,2016-08-08,,서울특별시 관악구 남현동 1072번지 23호 1층,PHMH320163200033087500052,3200000,"서울특별시 관악구 남부순환로256라길 2, 1층 (남현동)",08803,03,폐업,,,,
씨유 관악난향점,2019-09-02,192723.283283962,440135.318262207,2026-04-26 22:00:59,I,03,폐업,2019-09-03 11:55:52,,2016-08-25,,서울특별시 관악구 신림동 676번지 5호,PHMH320163200033087500053,3200000,"서울특별시 관악구 난향2길 8, 1층 (신림동, 삼원빌딩)",08859,03,폐업,,,,
세븐일레븐 관악 새진점,2019-05-03,196103.06865225,441709.510011352,2026-04-26 22:00:59,I,03,폐업,2019-05-03 14:00:05,,2016-10-07,,서울특별시 관악구 봉천동 1621번지 36호 지층,PHMH320163200033087500059,3200000,"서울특별시 관악구 남부순환로234길 43, 지층 (봉천동, 예지)",08789,03,폐업,,,,
씨유 원당시장점,2022-12-21,196911.038760415,441298.336126842,2026-04-26 22:00:59,I,03,폐업,2022-12-21 16:10:55,,2016-10-26,,서울특별시 관악구 봉천동 1639번지 1호 1층 103호,PHMH320163200033087500061,3200000,"서울특별시 관악구 인헌6길 15, 1층 103호 (봉천동)",08797,03,폐업,,,,
GS25 관악세봉점,2024-11-12,195691.358641318,441553.182236914,2026-04-26 22:00:59,I,03,폐업,2024-11-12 16:35:36,,2016-10-26,,서울특별시 관악구 봉천동 1591번지 2호 101호,PHMH320163200033087500062,3200000,"서울특별시 관악구 관악로 125, 101호 (봉천동, 서울대입구삼성아파트)",08833,03,폐업,,,,
이마트24 신대방행복점,2023-07-14,192429.160875861,442856.622644707,2026-04-26 22:00:59,I,03,폐업,2023-07-14 16:13:16,,2016-10-26,,서울특별시 관악구 신림동 498번지 45호,PHMH320163200033087500063,3200000,"서울특별시 관악구 신사로 116-1, 1층 (신림동)",08702,03,폐업,,,,
이마트24 관악행운점,2024-10-23,195890.32210756,442247.469254911,2026-04-26 22:00:59,I,03,폐업,2024-10-23 20:59:00,,2016-10-31,,서울특별시 관악구 봉천동 1667번지 2호 1층,PHMH320163200033087500064,3200000,"서울특별시 관악구 봉천로53길 14, 1층 (봉천동)",08737,03,폐업,,,,
그랜드마트,2023-03-13,194394.694592896,440456.817685567,2026-04-26 22:00:59,I,03,폐업,2023-03-14 10:19:07,,2016-11-01,,서울특별시 관악구 신림동 255번지 110호,PHMH320163200033087500065,3200000,"서울특별시 관악구 대학14길 6, 1층 (신림동)",08819,03,폐업,,,,
GS25 신림로데오점,2017-07-14,193346.327012445,442873.588983595,2026-04-26 22:00:59,I,03,폐업,2017-07-14 17:47:41,,2016-11-07,,서울특별시 관악구 신림동 1454번지 4호,PHMH320163200033087500066,3200000,"서울특별시 관악구 관천로18길 45, 1층 (신림동)",08706,03,폐업,,,,
GS25 관악스카이점,2023-11-02,193953.645218961,441609.432007305,2026-04-26 22:00:59,I,03,폐업,2023-11-02 18:07:28,,2016-11-10,,서울특별시 관악구 신림동 409번지 33호,PHMH320163200033087500067,3200000,"서울특별시 관악구 서원6길 1, 지층 (신림동)",08844,03,폐업,,,,
CU 관악신사점,2022-04-28,192505.297422325,442304.2308909,2026-04-26 22:00:59,I,03,폐업,2022-04-28 17:33:43,,2016-11-10,,서울특별시 관악구 신림동 525번지 26호,PHMH320163200033087500069,3200000,"서울특별시 관악구 관천로11길 160, 1층 (신림동)",08761,03,폐업,,,,
GS25 봉천까치점,2020-11-27,196297.322160368,442048.760199492,2026-04-26 22:00:59,I,03,폐업,2020-11-27 16:11:30,,2016-11-10,,서울특별시 관악구 봉천동 99번지 6호 1층,PHMH320163200033087500070,3200000,"서울특별시 관악구 남부순환로233길 31-1, 1층 (봉천동)",08740,03,폐업,,,,
GS25 관악배수지점,2021-12-15,193246.924566706,440794.638426197,2026-04-26 22:00:59,I,03,폐업,2021-12-15 17:28:04,,2016-11-11,,서울특별시 관악구 신림동 646번지 273호,PHMH320163200033087500071,3200000,"서울특별시 관악구 난곡로26길 89, 지하1층 (신림동)",08855,03,폐업,,,,
GS25 신림신일점,2022-03-15,192664.078472822,441480.226526464,2026-04-26 22:00:59,I,03,폐업,2022-03-15 18:04:35,,2016-12-06,,서울특별시 관악구 신림동 606번지 1호,PHMH320163200033087500075,3200000,"서울특별시 관악구 난우길 29, 1층 (신림동)",08849,03,폐업,,,,
(주)코리아세븐 관악법원단지점,2021-08-18,193041.443458672,441392.370139862,2026-04-26 22:01:01,I,03,폐업,2021-08-18 16:14:31,,2016-12-06,,서울특별시 관악구 신림동 611번지 73호,PHMH320163200033087500076,3200000,"서울특별시 관악구 법원단지17길 2, 지층 B03호 (신림동)",08852,03,폐업,,,,
으뜸24시마트(청운),2017-06-14,194740.639615481,441036.007620611,2026-04-26 22:00:59,I,03,폐업,2017-06-14 16:29:48,,2016-12-08,,서울특별시 관악구 신림동 103번지 276호,PHMH320163200033087500077,3200000,"서울특별시 관악구 서림3길 70, 1층 (신림동, 청운빌딩)",08840,03,폐업,,,,
미니스톱 보라매점,2019-12-23,193320.504394367,443052.133904304,2026-04-26 22:00:59,I,03,폐업,2019-12-23 17:08:30,,2016-12-23,,서울특별시 관악구 신림동 1444번지 1호,PHMH320163200033087500078,3200000,서울특별시 관악구 봉천로 214 (신림동),08706,03,폐업,,,,
CU 신림로점,2019-06-27,193996.30683458,441171.347757379,2026-04-26 22:00:59,I,03,폐업,2019-06-27 17:59:30,,2017-01-13,,서울특별시 관악구 신림동 395번지 12호,PHMH320173200033087500001,3200000,서울특별시 관악구 신림로 153 (신림동),08846,03,폐업,,,,
세븐일레븐 관악봉천중앙점,2018-09-11,195825.664398765,442444.106157559,2026-04-26 22:00:59,I,03,폐업,2018-09-11 17:44:56,,2017-01-19,,서울특별시 관악구 봉천동 47번지 2호 1층,PHMH320173200033087500003,3200000,"서울특별시 관악구 중앙2길 5, 1층 (봉천동, 성창원룸텔)",08744,03,폐업,,,,
GS25 관악보라매점,2019-05-17,193405.406775623,443231.666283907,2026-04-26 22:00:59,I,03,폐업,2019-05-20 09:32:36,,2017-02-02,,서울특별시 관악구 봉천동 702번지 108호,PHMH320173200033087500004,3200000,"서울특별시 관악구 보라매로3길 17 (봉천동, 동방파레스)",08708,03,폐업,,,,
미니스톱 가산타운점,2016-12-19,189863.599516869,440684.494000821,2026-04-26 22:00:57,I,03,폐업,2016-12-19 10:28:43,,2016-04-15,,,PHMH320163170035087500007,3170000,"서울특별시 금천구 가산디지털1로 25, 1층 102호 (가산동, 대륭테크노타운17차)",08594,03,폐업,73,,,
GS25금천구청점,2021-12-28,190932.076039993,439328.50476394,2026-04-26 22:00:57,I,03,폐업,2021-12-28 13:30:22,,2016-04-25,,,PHMH320163170035087500008,3170000,"서울특별시 금천구 시흥대로73길 11, 상가동 1층 5,6,7호 (시흥동, 무지개아파트)",08613,03,폐업,54,,,
위드미독산로점,2020-12-17,191180.641522042,440621.121423426,2026-04-26 22:00:57,I,03,폐업,2020-12-17 13:51:25,,2016-05-03,,,PHMH320163170035087500009,3170000,"서울특별시 금천구 독산로73길 13, 1층 (독산동)",08581,03,폐업,66,,,
CU독산AK점,2019-09-02,191486.71157808,440689.088502186,2026-04-26 22:00:57,I,03,폐업,2019-09-02 16:07:30,,2016-05-02,,,PHMH320163170035087500010,3170000,"서울특별시 금천구 독산로72길 50, 1층 (독산동)",08558,03,폐업,115,,,
GS25 시흥별장점,2022-03-18,191851.767471121,438552.144226235,2026-04-26 22:00:57,I,03,폐업,2022-03-18 10:46:49,,2016-05-10,,,PHMH320163170035087500011,3170000,"서울특별시 금천구 금하로24가길 4, 1층 (시흥동)",08644,03,폐업,83,,,
세븐일레븐 금천한울중학교점,2021-10-18,191777.045113294,440033.814894082,2026-04-26 22:00:57,I,03,폐업,2021-10-18 13:51:55,,2016-07-06,,,PHMH320163170035087500012,3170000,"서울특별시 금천구 독산로50길 66 (시흥동, 794)",08565,03,폐업,,,,
씨유 금산초교점,2017-01-05,191595.745126858,437818.53216611,2026-04-26 22:00:57,I,03,폐업,2017-01-05 10:45:28,,2016-07-18,,,PHMH320163170035087500013,3170000,"서울특별시 금천구 시흥대로28길 35, 1층 (시흥동)",08651,03,폐업,,,,
(주)코리아세븐 독산문성점,2020-11-10,191114.945017656,441445.343037246,2026-04-26 22:00:58,I,03,폐업,2020-11-10 13:15:41,,2016-07-25,,,PHMH320163170035087500015,3170000,서울특별시 금천구 시흥대로148길 27 (독산동),08539,03,폐업,50,,,
위드미금천문성점,2020-08-06,191756.343265715,441602.307155679,2026-04-26 22:00:57,I,03,폐업,2020-08-06 14:52:09,,2016-08-11,,,PHMH320163170035087500016,3170000,서울특별시 금천구 문성로 36 (독산동),08551,03,폐업,,,,
씨유 독산호산나,2021-04-29,191683.57332144,441778.351919205,2026-04-26 22:00:57,I,03,폐업,2021-04-29 14:13:05,,2016-09-01,,,PHMH320163170035087500017,3170000,"서울특별시 금천구 남부순환로126길 48, 1층 (독산동)",08547,03,폐업,,,,
미니스톱 가산하이엔드점,2018-08-30,189855.309927286,441540.894601732,2026-04-26 22:00:57,I,03,폐업,2018-08-30 18:15:12,,2016-09-06,,,PHMH320163170035087500018,3170000,"서울특별시 금천구 벚꽃로 234, 107호 (가산동, 에이스하이엔드타워6차)",08513,03,폐업,,,,
(주)코리아세븐 금천필승점,2022-06-08,190810.967767815,439263.896873032,2026-04-26 22:00:58,I,03,폐업,2022-06-08 16:55:44,,2016-09-19,,,PHMH320163170035087500019,3170000,"서울특별시 금천구 시흥대로63길 50, 1층 (시흥동)",08613,03,폐업,,,,
세븐일레븐 문성로점,2018-10-05,191880.638256107,441656.167146869,2026-04-26 22:00:57,I,03,폐업,2018-10-08 14:41:20,,2016-10-05,,,PHMH320163170035087500020,3170000,"서울특별시 금천구 문성로 49, 1층 (독산동, 신건빌딩)",08549,03,폐업,,,,
씨유 시흥샘길점,2021-05-10,191269.181999466,438945.628521766,2026-04-26 22:00:57,I,03,폐업,2021-05-10 10:55:47,,2016-10-05,,,PHMH320163170035087500021,3170000,"서울특별시 금천구 시흥대로56길 9, 1층 (시흥동)",08628,03,폐업,,,,
GS25 금성삼성산,2018-09-14,191507.333419018,436888.773525926,2026-04-26 22:00:57,I,03,폐업,2018-09-14 14:23:54,,2016-10-05,,,PHMH320163170035087500022,3170000,"서울특별시 금천구 삼성산길 11, 1층 (시흥동)",08654,03,폐업,,,,
GS25 시흥금빛점,2017-03-24,191416.757996734,439015.961045748,2026-04-26 22:00:57,I,03,폐업,2017-03-24 10:14:05,,2016-10-05,,,PHMH320163170035087500023,3170000,"서울특별시 금천구 금하로14길 6, 1층 (시흥동)",08628,03,폐업,,,,
씨유 독산정훈점,2021-09-01,191379.478618508,440304.334651266,2026-04-26 22:00:57,I,03,폐업,2021-09-02 13:06:09,,2016-10-13,,,PHMH320163170035087500024,3170000,"서울특별시 금천구 독산로64길 10, 1층 (독산동)",08562,03,폐업,,,,
미니스톱 금천힐스테이트점,2018-08-17,191301.680931935,438484.863131835,2026-04-26 22:00:57,I,03,폐업,2018-08-17 13:53:17,,2016-10-17,,,PHMH320163170035087500025,3170000,"서울특별시 금천구 시흥대로 163, 1층 (시흥동)",08638,03,폐업,,,,
GS25 금천독산로점,2023-02-03,191681.829135164,439234.409010659,2026-04-26 22:00:57,I,03,폐업,2023-02-03 13:28:28,,2016-10-24,,,PHMH320163170035087500026,3170000,"서울특별시 금천구 독산로24길 15, 1층 (시흥동)",08570,03,폐업,,,,
GS25 정훈사랑점,2018-03-02,191608.467064345,440489.095174142,2026-04-26 22:00:57,I,03,폐업,2018-03-02 17:24:23,,2016-10-31,,,PHMH320163170035087500030,3170000,"서울특별시 금천구 독산로64길 70, 1층 (독산동)",08561,03,폐업,,,,
GS25 독산사랑점,2021-10-05,191141.596271411,440238.893438731,2026-04-26 22:00:57,I,03,폐업,2021-10-05 10:24:44,,2016-10-31,,,PHMH320163170035087500031,3170000,"서울특별시 금천구 시흥대로104길 54, 1층 (독산동)",08618,03,폐업,,,,
GS25금천왕창점,2020-10-13,191521.396317755,441767.558563745,2026-04-26 22:00:57,I,03,폐업,2020-10-13 20:01:26,,2016-11-29,,,PHMH320163170035087500034,3170000,서울특별시 금천구 독산로106길 19 (독산동),08547,03,폐업,,,,
이마트24 금천그린점,2017-12-18,191190.392936618,438665.032488311,2026-04-26 22:00:57,I,03,폐업,2017-12-18 09:18:02,,2016-12-14,,,PHMH320163170035087500037,3170000,서울특별시 금천구 시흥대로47길 18 (시흥동),08635,03,폐업,,,,
씨유 금산초교점,2019-05-03,191595.745126858,437818.53216611,2026-04-26 22:00:58,I,03,폐업,2019-05-03 09:17:13,,2017-01-09,,,PHMH320173170035087500001,3170000,"서울특별시 금천구 시흥대로28길 35, 1층 (시흥동)",08651,03,폐업,,,,
씨유 금천석수점,2018-10-01,191415.30250909,436946.358720615,2026-04-26 22:00:57,I,03,폐업,2018-10-08 15:05:20,,2017-01-18,,,PHMH320173170035087500002,3170000,"서울특별시 금천구 시흥대로2길 8 (시흥동, 대아약국)",08654,03,폐업,50,,,
GS25 금천해가든점,2021-07-06,190469.82773312,439877.19645392,2026-04-26 22:00:57,I,03,폐업,2021-07-06 13:44:51,,2017-01-23,,,PHMH320173170035087500003,3170000,"서울특별시 금천구 벚꽃로6길 3, 지1층 비04호 (독산동, 이랜드해가든아파트)",08607,03,폐업,,,,
씨유독산신도점,2021-10-05,191106.044793348,441695.353875235,2026-04-26 22:00:57,I,03,폐업,2021-10-05 10:25:26,,2017-02-20,,,PHMH320173170035087500005,3170000,"서울특별시 금천구 시흥대로152길 25, 112호 (독산동, 신도아파트)",08536,03,폐업,,,,
GS25 독산캐슬점,2019-07-01,190592.734583097,439737.220956785,2026-04-26 22:00:57,I,03,폐업,2019-07-01 17:33:41,,2017-03-06,,,PHMH320173170035087500006,3170000,"서울특별시 금천구 벚꽃로 40, 상가동 120호 (독산동, 금천롯데캐슬골드파크1차아파트)",08608,03,폐업,,,,
GS25 금천희명점,2022-04-06,191165.584568416,439286.523513475,2026-04-26 22:00:57,I,03,폐업,2022-04-06 15:15:44,,2017-03-17,,,PHMH320173170035087500009,3170000,"서울특별시 금천구 시흥대로64길 13, 1층 (시흥동)",08626,03,폐업,,,,
씨유 시흥첼시점,2019-07-01,191725.780062751,439063.76946491,2026-04-26 22:00:58,I,03,폐업,2019-07-01 17:12:10,,2017-03-17,,,PHMH320173170035087500010,3170000,"서울특별시 금천구 독산로22길 17, C동 101호 (시흥동)",08572,03,폐업,,,,
이마트24 금천롯데캐슬골드점,2018-07-24,190592.734583097,439737.220956785,2026-04-26 22:00:57,I,03,폐업,2018-07-25 13:31:33,,2017-03-23,,,PHMH320173170035087500011,3170000,"서울특별시 금천구 벚꽃로 40, 113동 110호 (독산동, 금천롯데캐슬골드파크1차아파트)",08608,03,폐업,,,,
GS25가산미소점,2019-10-11,189201.559775268,441568.367322623,2026-04-26 22:00:57,I,03,폐업,2019-10-11 16:00:21,,2017-03-23,,,PHMH320173170035087500012,3170000,"서울특별시 금천구 서부샛길 528, 1층 103호 (가산동, 미소지움)",08505,03,폐업,,,,
GS25 시흥금빛점,2019-05-24,191416.757996734,439015.961045748,2026-04-26 22:00:57,I,03,폐업,2019-05-24 13:31:00,,2017-04-03,,,PHMH320173170035087500013,3170000,"서울특별시 금천구 금하로14길 6, 1층 (시흥동)",08628,03,폐업,,,,
GS25독산문성점,2018-05-17,191760.000766307,441692.400149135,2026-04-26 22:00:57,I,03,폐업,2018-05-17 14:23:50,,2017-04-26,,,PHMH320173170035087500014,3170000,서울특별시 금천구 남부순환로126길 69 (독산동),08549,03,폐업,,,,
GS25시흥은행점,2019-03-18,191869.753505001,438948.850924592,2026-04-26 22:00:57,I,03,폐업,2019-03-18 15:08:58,,2017-05-19,,,PHMH320173170035087500017,3170000,서울특별시 금천구 금하로23길 32 (시흥동),08574,03,폐업,,,,
(주)코리아세븐 가산로점,2019-06-19,190251.771509522,441357.426020569,2026-04-26 22:00:58,I,03,폐업,2019-06-19 14:07:09,,2017-05-29,,,PHMH320173170035087500018,3170000,"서울특별시 금천구 가산로7길 53, 1층 (가산동)",08520,03,폐업,,,,
GS25가산용주점,2021-04-16,189951.567774536,441278.590689047,2026-04-26 22:00:57,I,03,폐업,2021-04-16 10:03:26,,2017-05-31,,,PHMH320173170035087500019,3170000,서울특별시 금천구 벚꽃로24길 14 (가산동),08518,03,폐업,,,,
GS25시흥우방점,2019-05-31,192297.91598261,438580.148239494,2026-04-26 22:00:57,I,03,폐업,2019-05-31 14:25:45,,2017-06-13,,,PHMH320173170035087500020,3170000,"서울특별시 금천구 금하로 750, 상가1동 106호 (시흥동, 관악우방아파트)",08645,03,폐업,,,,
세븐일레븐 가산광진점,2020-01-16,190576.608066861,441306.841473561,2026-04-26 22:00:57,I,03,폐업,2020-01-16 10:47:38,,2017-06-21,,,PHMH320173170035087500021,3170000,"서울특별시 금천구 가산로 89, 1층 102호 (가산동, 대명U타운)",08520,03,폐업,,,,
GS25독산반수,2021-07-30,191372.117436323,441413.396592601,2026-04-26 22:00:57,I,03,폐업,2021-07-30 13:25:16,,2017-06-22,,,PHMH320173170035087500022,3170000,서울특별시 금천구 독산로 313 (독산동),08542,03,폐업,,,,
CU금천코스모점,2024-07-17,190844.944892204,440930.462360108,2026-04-26 22:00:57,I,03,폐업,2024-07-17 16:15:58,,2017-07-26,,,PHMH320173170035087500024,3170000,"서울특별시 금천구 시흥대로123길 14, 101호 (독산동)",08523,03,폐업,132,,,
GS25가산본점,2024-04-12,190645.54497914,441751.642807252,2026-04-26 22:00:57,I,03,폐업,2024-04-12 14:29:48,,2017-08-29,,,PHMH320173170035087500026,3170000,"서울특별시 금천구 남부순환로112길 15, 1층 (가산동)",08529,03,폐업,,,,
세븐일레븐 시흥월드점,2021-10-18,191709.891699114,439777.580625626,2026-04-26 22:00:57,I,03,폐업,2021-10-18 13:51:40,,2017-09-11,,,PHMH320173170035087500027,3170000,서울특별시 금천구 독산로36길 45 (시흥동),08568,03,폐업,,,,
지에스25 금천가온점,2023-11-21,191483.703585343,439538.259181619,2026-04-26 22:00:57,I,03,폐업,2023-11-21 14:46:12,,2017-09-19,,,PHMH320173170035087500028,3170000,"서울특별시 금천구 독산로35길 13, 1층 (시흥동)",08625,03,폐업,,,,
GS25 금천무지개점,2022-12-01,191170.286413376,440013.45036945,2026-04-26 22:00:57,I,03,폐업,2022-12-01 13:19:24,,2017-10-12,,,PHMH320173170035087500030,3170000,"서울특별시 금천구 시흥대로84마길 21, 1층 (독산동)",08620,03,폐업,,,,
GS25 금천세광점,2022-08-02,191574.720278634,439580.769415713,2026-04-26 22:00:57,I,03,폐업,2022-08-02 16:47:47,,2017-11-10,,,PHMH320173170035087500033,3170000,서울특별시 금천구 독산로 124 (시흥동),08569,03,폐업,,,,
GS25 독산골드파크점,2020-12-29,190567.418315661,439569.401459017,2026-04-26 22:00:57,I,03,폐업,2020-12-29 17:16:55,,2017-11-29,,,PHMH320173170035087500034,3170000,"서울특별시 금천구 벚꽃로 30, 205동 118호 (독산동, 금천롯데캐슬골드파크2차)",08608,03,폐업,,,,
씨유 독산범안점,2022-09-22,190944.336427597,440465.549633937,2026-04-26 22:00:57,I,03,폐업,2022-09-22 13:13:53,,2017-12-07,,,PHMH320173170035087500036,3170000,"서울특별시 금천구 범안로 1228, 1층 (독산동)",08616,03,폐업,,,,
씨유 금천롯데캐슬2차점,2022-10-11,190567.418315661,439569.401459017,2026-04-26 22:00:57,I,03,폐업,2022-10-11 13:34:45,,2017-12-07,,,PHMH320173170035087500037,3170000,"서울특별시 금천구 벚꽃로 30, 205층 104호 (독산동, 금천롯데캐슬골드파크2차)",08608,03,폐업,,,,
씨유 독산4동점,2019-01-28,191522.076189756,440906.531653018,2026-04-26 22:00:57,I,03,폐업,2019-01-28 15:20:07,,2017-12-07,,,PHMH320173170035087500038,3170000,"서울특별시 금천구 독산로80길 42, 1층 (독산동)",08557,03,폐업,,,,
이마트24 금천그린점,2020-08-19,191190.392936618,438665.032488311,2026-04-26 22:00:57,I,03,폐업,2020-08-19 17:04:56,,2017-12-18,,서울특별시 금천구 시흥동 990번지 53호,PHMH320173170035087500039,3170000,"서울특별시 금천구 시흥대로47길 18, 1층 (시흥동)",08635,03,폐업,21,,,
세븐일레븐 금천우체국점,2024-06-25,190979.628983256,440899.066501533,2026-04-26 22:00:57,I,03,폐업,2024-06-25 17:35:05,,2018-01-11,,서울특별시 금천구 독산동 286번지 1호,PHMH320183170035087500002,3170000,서울특별시 금천구 시흥대로128길 10 (독산동),08576,03,폐업,19,,,36651231
씨유가산조이점,2023-03-30,190405.067071273,441490.998411813,2026-04-26 22:00:57,I,03,폐업,2023-03-30 16:36:43,,2018-03-27,,서울특별시 금천구 가산동 152번지 30호 예림감리교회,PHMH320183170035087500008,3170000,"서울특별시 금천구 가산로7길 12, 예림감리교회 1층 (가산동)",08520,03,폐업,3,,,
GS25 시흥만섬점,2020-03-31,191237.492605272,439052.867260844,2026-04-26 22:00:57,I,03,폐업,2020-03-31 11:17:50,,2018-04-10,,,PHMH320183170035087500009,3170000,"서울특별시 금천구 시흥대로52길 51, 1층 (시흥동)",08628,03,폐업,43,,,
GS25 독산우시장,2022-12-08,190665.281436474,440511.645366196,2026-04-26 22:00:57,I,03,폐업,2022-12-08 16:14:04,,2018-05-29,,서울특별시 금천구 독산동 293번지 21호,PHMH320183170035087500012,3170000,"서울특별시 금천구 범안로 1201, 1층 (독산동)",08585,03,폐업,16,,,
세븐일레븐 금천한우물점,2024-06-12,190730.5406007,441507.732916595,2026-04-26 22:00:57,I,03,폐업,2024-06-12 15:38:38,,2018-06-12,,서울특별시 금천구 가산동 778번지,PHMH320183170035087500014,3170000,"서울특별시 금천구 시흥대로149길 30, 101동 101호 (가산동)",08532,03,폐업,3,,,
씨유 가산두산점,2019-04-30,190374.446832386,441290.29413211,2026-04-26 22:00:58,I,03,폐업,2019-04-30 13:14:32,,2018-07-09,,서울특별시 금천구 가산동 236번지 8호,PHMH320183170035087500017,3170000,"서울특별시 금천구 가산로5길 46, 1층 (가산동)",08520,03,폐업,,,,02-858-9366
GS25독산하이점,2023-06-22,191083.58993831,440629.014970872,2026-04-26 22:00:57,I,03,폐업,2023-06-22 16:26:44,,2018-07-09,,서울특별시 금천구 독산동 1024번지,PHMH320183170035087500018,3170000,"서울특별시 금천구 독산로73길 33, 1층 (독산동)",08581,03,폐업,92,,,
지에스(GS)25 가산V1점,2020-08-11,189378.332493727,442066.99866487,2026-04-26 22:00:58,I,03,폐업,2020-08-11 15:16:55,,2018-07-24,,서울특별시 금천구 가산동 371번지 41호 가산 에스케이 브이원 센터,PHMH320183170035087500019,3170000,"서울특별시 금천구 가산디지털1로 171, 가산 에스케이 브이원 센터 1층 114호 (가산동)",08503,03,폐업,66,,,
미니스톱 금천가산점,2024-02-27,190360.095228614,441704.231986139,2026-04-26 22:00:58,I,03,폐업,2024-02-27 11:02:04,,2018-08-01,,서울특별시 금천구 가산동 145번지 27호,PHMH320183170035087500021,3170000,"서울특별시 금천구 가산로 134, 1층 (가산동)",08528,03,폐업,77,,,
세븐일레븐 금천문성점,2019-08-19,191861.673649979,441683.41080855,2026-04-26 22:00:57,I,03,폐업,2019-08-19 10:26:54,,2018-08-28,,서울특별시 금천구 독산동 894번지 12호 야호프라자,PHMH320183170035087500022,3170000,"서울특별시 금천구 문성로 49-9, 야호프라자 101,102호 (독산동)",08549,03,폐업,102,,,
GS25 금천삼성산점,2022-08-10,191507.333419018,436888.773525926,2026-04-26 22:00:57,I,03,폐업,2022-08-10 17:28:41,,2018-09-14,,서울특별시 금천구 시흥동 978번지 2호,PHMH320183170035087500023,3170000,"서울특별시 금천구 삼성산길 11, 1층 (시흥동)",08654,03,폐업,,,,
씨유 금천은행나무점,2019-07-16,191459.560348443,438834.149683499,2026-04-26 22:00:57,I,03,폐업,2019-07-16 13:44:36,,2018-09-20,,서울특별시 금천구 시흥동 897번지 19호,PHMH320183170035087500024,3170000,"서울특별시 금천구 독산로11길 31, 1층 101,102호 (시흥동)",08630,03,폐업,3,,,
미니스톱 독산로하스점,2023-12-11,191351.141109721,441852.610469035,2026-04-26 22:00:58,I,03,폐업,2023-12-11 14:12:14,,2018-11-19,,,PHMH320183170035087500027,3170000,"서울특별시 금천구 남부순환로124길 17, 로하스타워 1층 (독산동)",08537,03,폐업,83,,,
GS25 금천리메인시티,2021-02-15,191203.246076285,439087.640568427,2026-04-26 22:00:57,I,03,폐업,2021-02-15 13:22:20,,2018-11-30,,서울특별시 금천구 시흥동 883번지 11호,PHMH320183170035087500028,3170000,"서울특별시 금천구 시흥대로 224, 103호 (시흥동)",08628,03,폐업,50,,,
세븐일레븐 독산역본점,2021-10-13,190217.532209117,440365.053994237,2026-04-26 22:00:57,I,03,폐업,2021-10-13 11:22:35,,2019-01-31,,,PHMH320193170035087500002,3170000,서울특별시 금천구 벚꽃로 114 (독산동),08601,03,폐업,,,,
씨유 독산4동점,2023-12-20,191522.076189756,440906.531653018,2026-04-26 22:00:57,I,03,폐업,2023-12-20 12:12:07,,2019-02-01,,,PHMH320193170035087500003,3170000,"서울특별시 금천구 독산로80길 42, 1층 (독산동)",08557,03,폐업,,,,02-830-2727
GS25 금천나래점,2024-02-01,191289.925390374,439528.795932489,2026-04-26 22:00:57,I,03,폐업,2024-02-01 14:02:59,,2019-02-01,,,PHMH320193170035087500004,3170000,"서울특별시 금천구 독산로41길 69, 1층 (시흥동)",08622,03,폐업,,,,
세븐일레븐 금천스카이점,2025-06-10,191106.016949341,438602.864288662,2026-04-26 22:00:57,I,03,폐업,2025-06-10 15:32:59,,2019-02-14,,,PHMH320193170035087500006,3170000,"서울특별시 금천구 시흥대로47길 35 (시흥동, 스카이아파트)",08636,03,폐업,,,,
GS25 금천한빛점,2024-05-31,191693.188340155,439868.816886866,2026-04-26 22:00:57,I,03,폐업,2024-05-31 15:55:09,,2019-03-04,,,PHMH320193170035087500007,3170000,"서울특별시 금천구 독산로40길 45, 1층 (시흥동)",08566,03,폐업,,,,
GS25 시흥은행점,2021-04-16,191869.753505001,438948.850924592,2026-04-26 22:00:57,I,03,폐업,2021-04-16 10:03:38,,2019-03-18,,,PHMH320193170035087500008,3170000,서울특별시 금천구 금하로23길 32 (시흥동),08574,03,폐업,,,,
씨유 롯데캐슬4차점,2022-05-02,190799.832998673,439885.941303087,2026-04-26 22:00:57,I,03,폐업,2022-05-02 17:30:50,,2019-04-08,,,PHMH320193170035087500009,3170000,"서울특별시 금천구 시흥대로 315, 금천롯데캐슬골드파크4차 1층 122호 (독산동)",08608,03,폐업,3,,,
씨유 가산두산점,2020-04-29,190374.446832386,441290.29413211,2026-04-26 22:00:57,I,03,폐업,2020-04-29 15:41:07,,2019-04-30,,,PHMH320193170035087500011,3170000,"서울특별시 금천구 가산로5길 46, 1층 (가산동)",08520,03,폐업,,,,
씨유 금산초교점,2020-10-08,191595.745126858,437818.53216611,2026-04-26 22:00:57,I,03,폐업,2020-10-08 17:31:53,,2019-05-03,,,PHMH320193170035087500012,3170000,서울특별시 금천구 시흥대로28길 35 (시흥동),08651,03,폐업,,,,
GS25 금천 금하로점,2021-04-30,191500.317686712,439325.215721618,2026-04-26 22:00:57,I,03,폐업,2021-04-30 15:43:29,,2019-05-09,,,PHMH320193170035087500013,3170000,서울특별시 금천구 독산로29길 13 (시흥동),08625,03,폐업,,,,
GS25 시흥금빛점,2021-05-27,191416.757996734,439015.961045748,2026-04-26 22:00:57,I,03,폐업,2021-05-27 13:18:49,,2019-05-24,,,PHMH320193170035087500017,3170000,"서울특별시 금천구 금하로14길 6, 1층 (시흥동)",08628,03,폐업,,,,
GS25 시흥우방점,2021-06-02,192297.91598261,438580.148239494,2026-04-26 22:00:57,I,03,폐업,2021-06-02 09:37:18,,2019-05-31,,,PHMH320193170035087500018,3170000,서울특별시 금천구 금하로 750 (시흥동),08645,03,폐업,,,,
GS25 독산캐슬점,2022-08-10,190592.734583097,439737.220956785,2026-04-26 22:00:57,I,03,폐업,2022-08-10 17:28:33,,2019-07-02,,,PHMH320193170035087500020,3170000,"서울특별시 금천구 벚꽃로 40 (독산동, 금천롯데캐슬골드파크1차아파트)",08608,03,폐업,,,,
세븐일레븐 금천문성점,2020-11-10,191861.673649979,441683.41080855,2026-04-26 22:00:57,I,03,폐업,2020-11-10 13:15:51,,2019-09-10,,,PHMH320193170035087500028,3170000,"서울특별시 금천구 문성로 49-9, 야호프라자 1층 101,102호 (독산동)",08549,03,폐업,,,,
세븐일레븐 금천본점,2021-04-26,190568.592852167,441606.525698085,2026-04-26 22:00:57,I,03,폐업,2021-04-26 10:42:46,,2019-09-25,,,PHMH320193170035087500030,3170000,"서울특별시 금천구 시흥대로153길 78, 1층 (가산동)",08529,03,폐업,,,,
세븐일레븐 금천대장점,2023-09-13,191617.408542691,441926.565947691,2026-04-26 22:00:57,I,03,폐업,2023-09-13 14:06:43,,2019-11-11,,,PHMH320193170035087500033,3170000,서울특별시 금천구 남부순환로126길 15 (독산동),08548,03,폐업,,,,
세븐일레븐 독산본점,2024-04-30,191386.912754799,441627.903800041,2026-04-26 22:00:57,I,03,폐업,2024-04-30 12:02:47,,2019-12-02,,,PHMH320193170035087500035,3170000,서울특별시 금천구 독산로 335-1 (독산동),08538,03,폐업,,,,
세븐일레븐 가산광진점,2025-09-29,190576.608066861,441306.841473561,2026-04-26 22:00:57,I,03,폐업,2025-09-29 17:38:58,,2020-01-16,,,PHMH320203170035087500001,3170000,"서울특별시 금천구 가산로 89, 대명U타운 102호 (가산동)",08520,03,폐업,,,,
씨유 독산광장점,2024-05-23,191321.505420593,440771.958692379,2026-04-26 22:00:57,I,03,폐업,2024-05-23 16:54:19,,2020-01-23,,서울특별시 금천구 독산동 192번지 22호,PHMH320203170035087500002,3170000,"서울특별시 금천구 독산로 250, 1층 (독산동)",08557,03,폐업,,,,
씨유 가산테라타워점,2024-04-01,190185.054136417,441381.452926959,2026-04-26 22:00:57,I,03,폐업,2024-04-01 13:28:22,,2020-03-26,,,PHMH320203170035087500005,3170000,"서울특별시 금천구 디지털로10길 78, 1층 114호 (가산동)",08517,03,폐업,82,,,
GS25 봉천근화점,2013-08-23,196687.133313079,441365.875878945,2026-04-26 22:01:01,I,03,폐업,2016-01-29 14:36:47,,2012-11-09,,,PHMH320123200033087500001,3200000,서울특별시 관악구 낙성대역8길 1 (봉천동),08799,03,폐업,,,,
CU 관악고시촌점,2018-11-02,194330.607282095,440463.242678869,2026-04-26 22:00:57,I,03,폐업,2018-11-02 17:47:30,,2012-11-05,151-860,서울특별시 관악구 신림동 255번지 35호,PHMH320123200033087500002,3200000,서울특별시 관악구 대학14길 15 (신림동),08820,03,폐업,,,,32854992
GS25 신림난향점,2013-10-31,192449.377599557,441618.411164124,2026-04-26 22:00:57,I,03,폐업,2013-10-31 13:49:13,,2012-11-16,151-015,서울특별시 관악구 신림동 763번지 19호,PHMH320123200033087500004,3200000,서울특별시 관악구 난곡로 255 (신림동),,03,폐업,,,,
CU 관악상상점,2013-11-14,194331.146593333,442527.64621449,2026-04-26 22:00:57,I,03,폐업,2013-11-14 17:53:35,,2012-11-14,151-050,서울특별시 관악구 봉천동 958번지 14호,PHMH320123200033087500005,3200000,서울특별시 관악구 남부순환로 1673 (봉천동),,03,폐업,,,,
미니스톱 관악태경점,2013-11-15,194304.53052674,441326.902540466,2026-04-26 22:00:57,I,03,폐업,2013-11-18 08:48:06,,2012-11-06,151-855,서울특별시 관악구 신림동 106번지 41호,PHMH320123200033087500006,3200000,서울특별시 관악구 복은길 12 (신림동),,03,폐업,,,,
세븐일레븐 사당고운점,2024-06-05,198274.871752809,441477.005178732,2026-04-26 22:00:57,I,03,폐업,2024-06-05 18:58:28,,2012-12-31,151-080,서울특별시 관악구 남현동 1061번지 27호,PHMH320123200033087500007,3200000,서울특별시 관악구 과천대로 951 (남현동),08807,03,폐업,,,,
GS25 관악대성점,2017-06-22,195805.051799677,441780.591977633,2026-04-26 22:00:57,I,03,폐업,2017-06-22 17:20:53,,2012-11-19,151-050,서울특별시 관악구 봉천동 1598번지 35호,PHMH320123200033087500008,3200000,서울특별시 관악구 관악로12길 17 (봉천동),08788,03,폐업,,,,
세븐일레븐 서울대입구역중앙점,2016-06-01,195720.317994014,442249.711269788,2026-04-26 22:00:57,I,03,폐업,2016-06-01 17:24:11,,2012-11-19,151-050,서울특별시 관악구 봉천동 860번지 18호,PHMH320123200033087500009,3200000,서울특별시 관악구 봉천로 471 (봉천동),08745,03,폐업,,,,
세븐일레븐 봉천벽산점,2014-04-04,195045.515107949,443011.455007816,2026-04-26 22:00:57,I,03,폐업,2014-04-04 15:52:44,,2012-11-27,151-778,서울특별시 관악구 봉천동 1718번지,PHMH320123200033087500010,3200000,"서울특별시 관악구 은천로 93, 502동 1층 10호 (봉천동, 벽산블루밍아파트 )",,03,폐업,,,,
미니스톱 낙성대점,2014-04-11,196999.950507315,441250.805679561,2026-04-26 22:00:57,I,03,폐업,2014-04-11 15:15:21,,2012-12-26,151-061,서울특별시 관악구 봉천동 1642번지 31호,PHMH320123200033087500011,3200000,서울특별시 관악구 인헌길 47 (봉천동),,03,폐업,,,,
세븐일레븐 관악서울대점,2014-04-15,195947.727117034,441939.539150922,2026-04-26 22:00:57,I,03,폐업,2014-04-15 17:48:04,,2012-12-14,151-050,서울특별시 관악구 봉천동 1611번지 1호,PHMH320123200033087500012,3200000,서울특별시 관악구 관악로16길 42 (봉천동),,03,폐업,,,,
세븐일레븐 관악청룡점,2014-04-23,195282.576460578,442121.142822272,2026-04-26 22:00:57,I,03,폐업,2014-04-23 16:57:26,,2012-11-28,151-841,서울특별시 관악구 봉천동 894번지 2호,PHMH320123200033087500013,3200000,서울특별시 관악구 청룡1길 19 (봉천동),,03,폐업,,,,
GS25 신대방역점,2014-04-25,192190.332797493,442669.903698066,2026-04-26 22:00:57,I,03,폐업,2014-04-25 17:55:58,,2012-11-09,151-874,서울특별시 관악구 신림동 518번지 18호,PHMH320123200033087500014,3200000,서울특별시 관악구 신사로 86 (신림동),,03,폐업,,,,
지에스(GS)25 독산행복점,2025-09-29,191258.097179065,441613.625135612,2026-04-26 22:00:57,I,03,폐업,2025-09-29 14:28:18,,2020-04-07,,,PHMH320203170035087500007,3170000,"서울특별시 금천구 독산로103길 30, 1층 (독산동)",08538,03,폐업,75,,,
씨유금천교차로점,2024-06-14,191075.857097963,439485.637630184,2026-04-26 22:00:57,I,03,폐업,2024-06-14 17:09:39,,2020-04-27,,서울특별시 금천구 시흥동 870번지 10호,PHMH320203170035087500008,3170000,"서울특별시 금천구 시흥대로 266, 1층 (시흥동)",08624,03,폐업,,,,
지에스25 금천다온,2023-03-06,191609.240137265,438526.218300323,2026-04-26 22:00:57,I,03,폐업,2023-03-06 16:15:39,,2020-06-03,,,PHMH320203170035087500010,3170000,"서울특별시 금천구 독산로6가길 18, 1층 (시흥동)",08649,03,폐업,,,,
씨유 독산제일점,2025-06-24,190963.073598906,440007.045428735,2026-04-26 22:00:57,I,03,폐업,2025-06-24 13:19:00,,2020-06-09,,,PHMH320203170035087500011,3170000,"서울특별시 금천구 시흥대로94길 11, 1층 (독산동)",08619,03,폐업,,,,
지에스25시흥금하로,2023-12-08,192074.641476925,438691.551411423,2026-04-26 22:00:57,I,03,폐업,2023-12-08 12:37:47,,2020-06-29,,서울특별시 금천구 시흥동 271-10,PHMH320203170035087500012,3170000,"서울특별시 금천구 금하로 734, 1층 (시흥동)",08644,03,폐업,,,,
세븐일레븐 금천호정점,2025-05-28,191107.710302267,439893.760903697,2026-04-26 22:00:57,I,03,폐업,2025-05-28 11:21:10,,2020-08-19,,서울특별시 금천구 독산동 1069 호정타워아파트,PHMH320203170035087500015,3170000,"서울특별시 금천구 시흥대로88길 21, 131~134호 (독산동, 호정타워아파트)",08620,03,폐업,,,,
세븐일레븐 가산STXV타워점,2022-12-15,189647.046752134,441677.096205358,2026-04-26 22:00:57,I,03,폐업,2022-12-15 14:16:03,,2020-09-03,,서울특별시 금천구 가산동 371-37 에스티엑스브이타워,PHMH320203170035087500017,3170000,"서울특별시 금천구 가산디지털1로 128, 에스티엑스브이타워 1층 103호 (가산동)",08507,03,폐업,,,,02-811-8357
씨유 금산초교점,2024-06-21,191595.745126858,437818.53216611,2026-04-26 22:00:57,I,03,폐업,2024-06-21 15:28:50,,2020-10-12,,서울특별시 금천구 시흥동 941-8,PHMH320203170035087500018,3170000,"서울특별시 금천구 시흥대로28길 35, 1층 (시흥동)",08651,03,폐업,,,,
지에스(GS)25 금천왕창점,2023-11-14,191521.396317755,441767.558563745,2026-04-26 22:00:57,I,03,폐업,2023-11-14 11:34:19,,2020-10-13,,서울특별시 금천구 독산동 878-41,PHMH320203170035087500019,3170000,서울특별시 금천구 독산로106길 19 (독산동),08547,03,폐업,,,,
(주)코리아세븐 금천하이츠점,2023-04-11,191603.584959355,437952.709304478,2026-04-26 22:00:58,I,03,폐업,2023-04-11 17:24:42,,2020-12-23,,서울특별시 금천구 시흥동 944-19,PHMH320203170035087500021,3170000,서울특별시 금천구 시흥대로28길 35-27 (시흥동),08651,03,폐업,,,,02-804-1603
지에스(GS25)독산골드파크점,2024-12-16,190567.418315661,439569.401459017,2026-04-26 22:00:58,I,03,폐업,2024-12-16 15:53:38,,2020-12-29,,서울특별시 금천구 독산동 1150 금천 롯데캐슬 골드파크 2차,PHMH320203170035087500022,3170000,"서울특별시 금천구 벚꽃로 30, 205동 118호 (독산동, 금천 롯데캐슬 골드파크 2차)",08608,03,폐업,,,,02-806-1577
세븐일레븐 금천보길점,2024-03-28,191180.641522042,440621.121423426,2026-04-26 22:00:57,I,03,폐업,2024-03-29 11:16:36,,2021-01-29,,,PHMH320213170035087500001,3170000,"서울특별시 금천구 독산로73길 13, 1층 (독산동)",08581,03,폐업,66,,,
미니스톱 금천느티나무점,2023-01-06,191646.990306914,439365.351328562,2026-04-26 22:00:57,I,03,폐업,2023-01-06 10:46:08,,2021-03-26,,,PHMH320213170035087500007,3170000,서울특별시 금천구 독산로28길 11 (시흥동),08570,03,폐업,,,,
씨유 가산ENC7,2024-02-16,189943.546219232,441990.817436962,2026-04-26 22:00:58,I,03,폐업,2024-02-16 10:05:05,,2021-04-09,,,PHMH320213170035087500008,3170000,"서울특별시 금천구 디지털로9길 46, 이앤씨드림타워7차 104호 (가산동)",08512,03,폐업,119,,,
GS25 시흥은행점,2024-07-04,191869.753505001,438948.850924592,2026-04-26 22:00:58,I,03,폐업,2024-07-04 14:21:34,,2021-04-16,,,PHMH320213170035087500009,3170000,"서울특별시 금천구 금하로23길 32, 1층 (시흥동)",08574,03,폐업,,,,
세븐일레븐 금천본점,2024-07-22,190568.592852167,441606.525698085,2026-04-26 22:00:58,I,03,폐업,2024-07-22 11:34:47,,2021-04-27,,,PHMH320213170035087500012,3170000,"서울특별시 금천구 시흥대로153길 78, 1층 (가산동)",08529,03,폐업,,,,
씨유 독산호산나,2023-05-09,191683.57332144,441778.351919205,2026-04-26 22:00:58,I,03,폐업,2023-05-09 14:52:23,,2021-05-04,,,PHMH320213170035087500013,3170000,"서울특별시 금천구 남부순환로126길 48, 1층 (독산동)",08547,03,폐업,,,,
씨유 시흥샘길점,2025-05-09,191269.181999466,438945.628521766,2026-04-26 22:00:58,I,03,폐업,2025-05-09 15:36:35,,2021-05-10,,,PHMH320213170035087500014,3170000,"서울특별시 금천구 시흥대로56길 9, 1층 (시흥동)",08628,03,폐업,,,,
씨유 건영타운점,2025-09-01,192028.921341837,438583.251827435,2026-04-26 22:00:58,I,03,폐업,2025-09-01 16:21:57,,2021-05-25,,,PHMH320213170035087500016,3170000,"서울특별시 금천구 독산로10길 96, 상가동동 201,202-1호 (시흥동, 건영아파트)",08644,03,폐업,,,,
GS25 시흥우방점,2024-09-10,192297.91598261,438580.148239494,2026-04-26 22:00:58,I,03,폐업,2024-09-10 17:24:31,,2021-06-11,,,PHMH320213170035087500017,3170000,"서울특별시 금천구 금하로 750, 상가1동 106호 (시흥동)",08645,03,폐업,,,,
세븐일레븐 독산역롯데캐슬점,2023-05-10,190344.613056384,440178.834647149,2026-04-26 22:00:58,I,03,폐업,2023-05-11 09:22:04,,2021-06-14,,,PHMH320213170035087500018,3170000,"서울특별시 금천구 벚꽃로 100, 상가동 지하1층 6,7호 (독산동, 독산역 롯데캐슬)",08606,03,폐업,,,,
세븐일레븐 금천정훈점,2023-05-10,191556.114774643,440326.308868727,2026-04-26 22:00:58,I,03,폐업,2023-05-10 14:05:23,,2021-07-15,,서울특별시 금천구 독산동 379-3,PHMH320213170035087500022,3170000,"서울특별시 금천구 독산로58길 42, 지하1층 1호 (독산동)",08562,03,폐업,,,,
지에스25시흥웨스트점,2023-02-07,191117.342631944,438941.792191344,2026-04-26 22:00:58,I,03,폐업,2023-02-07 13:17:55,,2021-07-27,,,PHMH320213170035087500023,3170000,"서울특별시 금천구 시흥대로57길 5, 웨스트밸리 1층 108호 (시흥동)",08632,03,폐업,77,,,
지에스25 독산반수점,2025-10-01,191372.117436323,441413.396592601,2026-04-26 22:00:58,I,03,폐업,2025-10-01 09:46:03,,2021-08-04,,,PHMH320213170035087500024,3170000,서울특별시 금천구 독산로 313(독산동),08542,03,폐업,,,,
세븐일레븐 금천롯데타워점,2022-03-18,190344.613056384,440178.834647149,2026-04-26 22:00:58,I,03,폐업,2022-04-15 11:10:51,,2021-09-29,,,PHMH320213170035087500027,3170000,"서울특별시 금천구 벚꽃로 104, 독산역 롯데캐슬 비205호 (독산동)",08606,03,폐업,,,,
세븐일레븐 가산K1타워점,2024-07-12,189158.740846154,442283.977342742,2026-04-26 22:00:58,I,03,폐업,2024-07-12 10:43:36,,2021-10-20,,,PHMH320213170035087500029,3170000,"서울특별시 금천구 가산디지털2로 166, 에이스 K1타워 111,112호 (가산동)",08503,03,폐업,,,,
세븐일레븐 금천예일점,2024-01-15,190493.815767037,439864.972664646,2026-04-26 22:00:58,I,03,폐업,2024-01-15 16:12:45,,2021-11-11,,,PHMH320213170035087500031,3170000,"서울특별시 금천구 벚꽃로6길 21, 예일빌딩 103호 (독산동)",08607,03,폐업,,,,
미니스톱 봉천까치점,2014-05-02,196319.876056017,441989.661205717,2026-04-26 22:00:57,I,03,폐업,2014-05-02 17:50:09,,2012-11-26,151-056,서울특별시 관악구 봉천동 1675번지 1호,PHMH320123200033087500015,3200000,서울특별시 관악구 행운길 21 (봉천동),,03,폐업,,,,
CU 관악롯데점,2014-05-08,193372.089795555,443112.258848595,2026-04-26 22:00:57,I,03,폐업,2015-12-17 15:28:23,,2012-11-14,151-051,서울특별시 관악구 봉천동 972번지 26호,PHMH320123200033087500016,3200000,서울특별시 관악구 봉천로 217 (봉천동),08708,03,폐업,,,,
CU 관악샘마을점,2014-05-27,194245.234464019,440549.551893493,2026-04-26 22:00:57,I,03,폐업,2014-05-27 17:30:25,,2012-11-05,151-860,서울특별시 관악구 신림동 254번지 254호,PHMH320123200033087500018,3200000,서울특별시 관악구 호암로20길 67 (신림동),,03,폐업,,,,
씨스페이스 신림동방점,2014-05-29,194203.200792921,440958.986632151,2026-04-26 22:00:57,I,03,폐업,2014-05-29 17:47:24,,2012-11-14,151-895,서울특별시 관악구 신림동 1515번지,PHMH320123200033087500019,3200000,서울특별시 관악구 신림로 127 (신림동),,03,폐업,,,,
GS25 인헌마루점,2014-05-29,197154.399794655,440822.536491499,2026-04-26 22:00:57,I,03,폐업,2014-05-29 15:55:44,,2012-11-06,151-061,서울특별시 관악구 봉천동 180번지 205호,PHMH320123200033087500020,3200000,서울특별시 관악구 인헌길 141 (봉천동),,03,폐업,,,,
GS25 관악벽산점,2014-05-29,195045.515107949,443011.455007816,2026-04-26 22:00:57,I,03,폐업,2014-05-29 15:55:56,,2012-12-27,151-069,서울특별시 관악구 봉천동 1718번지,PHMH320123200033087500021,3200000,서울특별시 관악구 은천로 93 (봉천동),,03,폐업,,,,
CU 남강학사점,2014-05-30,192891.551548739,441149.004686683,2026-04-26 22:00:57,I,03,폐업,2014-05-30 17:07:20,,2012-11-12,151-013,서울특별시 관악구 신림동 622번지 1호,PHMH320123200033087500022,3200000,서울특별시 관악구 난곡로34길 22 (신림동),,03,폐업,,,,
세븐일레븐 은천로점,2017-05-17,194989.337857478,442749.238282892,2026-04-26 22:00:57,I,03,폐업,2017-05-17 17:50:27,,2012-11-16,151-069,서울특별시 관악구 봉천동 622번지 20호,PHMH320123200033087500026,3200000,서울특별시 관악구 은천로 79-1 (봉천동),08716,03,폐업,,,,
GS25 관악쑥고개점,2014-07-09,195552.716970459,441870.424912863,2026-04-26 22:00:57,I,03,폐업,2014-07-09 17:52:39,,2012-11-07,151-846,서울특별시 관악구 봉천동 1568번지 2호,PHMH320123200033087500027,3200000,서울특별시 관악구 쑥고개로 125 (봉천동),,03,폐업,,,,
세븐일레븐 관악인헌점,2014-08-07,196535.769764962,441476.688865275,2026-04-26 22:01:01,I,03,폐업,2014-08-07 17:49:48,,2012-11-16,151-817,서울특별시 관악구 봉천동 196번지 299호,PHMH320123200033087500028,3200000,서울특별시 관악구 낙성대역4길 3 (봉천동),,03,폐업,,,,
GS25 남강학사점,2016-02-25,192818.769103399,441017.813483403,2026-04-26 22:00:57,I,03,폐업,2016-02-25 17:22:36,,2012-11-14,151-881,서울특별시 관악구 신림동 705번지 2호,PHMH320123200033087500029,3200000,서울특별시 관악구 난곡로 181 (신림동),08858,03,폐업,,,,
GS25 관악은천점,2014-08-29,195676.452629908,442669.898200966,2026-04-26 22:00:57,I,03,폐업,2014-08-29 17:15:49,,2012-11-19,151-050,서울특별시 관악구 봉천동 50번지 202호,PHMH320123200033087500030,3200000,서울특별시 관악구 은천로 150 (봉천동),,03,폐업,,,,
GS25 신림도림점,2014-09-15,194069.733866244,441221.57505446,2026-04-26 22:00:57,I,03,폐업,2014-09-15 17:59:11,,2012-11-23,151-927,서울특별시 관악구 신림동 112번지 41호,PHMH320123200033087500031,3200000,서울특별시 관악구 신림로 160 (신림동),,03,폐업,,,,
세븐일레븐 신림지영점,2017-11-30,193083.933252961,442714.522336451,2026-04-26 22:00:57,I,03,폐업,2017-11-30 17:49:25,,2012-11-14,151-870,서울특별시 관악구 신림동 462번지 5호,PHMH320123200033087500034,3200000,서울특별시 관악구 관천로 91 (신림동),08704,03,폐업,,,,
세븐일레븐 봉천해주점,2014-12-05,195650.740376181,442198.938419516,2026-04-26 22:00:57,I,03,폐업,2014-12-05 17:37:10,,2012-11-22,151-056,서울특별시 관악구 봉천동 870번지 1호,PHMH320123200033087500036,3200000,서울특별시 관악구 봉천로 466 (봉천동),,03,폐업,,,,
바이더웨이 관악드림점,2014-12-31,195361.935114896,443001.959258543,2026-04-26 22:01:01,I,03,폐업,2014-12-31 15:15:03,,2012-11-16,151-804,서울특별시 관악구 봉천동 480번지 42호,PHMH320123200033087500037,3200000,서울특별시 관악구 은천로25길 69 (봉천동),,03,폐업,,,,
CU 신림패션점,2015-02-05,193370.571993315,442780.180654212,2026-04-26 22:00:57,I,03,폐업,2015-02-05 17:25:36,,2012-11-14,151-928,서울특별시 관악구 신림동 1458번지 3호,PHMH320123200033087500038,3200000,서울특별시 관악구 신림동길 26 (신림동),,03,폐업,,,,
CU 관악삼성점,2015-02-27,193737.757937028,440516.92101229,2026-04-26 22:00:57,I,03,폐업,2015-02-27 15:55:53,,2012-11-12,151-861,서울특별시 관악구 신림동 341번지 45호,PHMH320123200033087500039,3200000,서울특별시 관악구 원신길 142 (신림동),,03,폐업,,,,
복마을마트,2015-03-23,194705.907140762,441104.162597997,2026-04-26 22:00:57,I,03,폐업,2015-03-23 16:00:45,,2012-12-03,151-856,서울특별시 관악구 신림동 103번지 187호,PHMH320123200033087500041,3200000,"서울특별시 관악구 서림3길 53, 지하1층 (신림동)",,03,폐업,,,,
GS25 신림미림점,2015-03-31,193999.914601208,440785.877269758,2026-04-26 22:00:57,I,03,폐업,2015-03-31 16:39:10,,2012-11-19,151-895,서울특별시 관악구 신림동 1531번지 12호,PHMH320123200033087500042,3200000,서울특별시 관악구 호암로 582 (신림동),,03,폐업,,,,
CU 관악신사점,2015-04-02,192505.297422325,442304.2308909,2026-04-26 22:00:57,I,03,폐업,2015-04-02 11:21:32,,2012-11-15,151-875,서울특별시 관악구 신림동 525번지 26호,PHMH320123200033087500043,3200000,서울특별시 관악구 관천로11길 160 (신림동),,03,폐업,,,,
CU 신림로점,2015-04-03,193996.30683458,441171.347757379,2026-04-26 22:00:57,I,03,폐업,2015-04-03 16:59:59,,2012-11-13,151-865,서울특별시 관악구 신림동 395번지 12호,PHMH320123200033087500044,3200000,서울특별시 관악구 신림로 153 (신림동),,03,폐업,,,,
위드미 신림점,2018-04-24,193568.725509246,442015.344059893,2026-04-26 22:00:57,I,03,폐업,2018-04-24 14:58:22,,2012-12-12,151-900,서울특별시 관악구 신림동 1636번지 61호,PHMH320123200033087500045,3200000,서울특별시 관악구 신원로 10 (신림동),08775,03,폐업,,,,
CU 신봉천주유소점,2015-04-23,196245.625629954,441842.0875655,2026-04-26 22:01:01,I,03,폐업,2015-04-23 10:36:37,,2012-11-22,151-848,서울특별시 관악구 봉천동 1663번지 11호,PHMH320123200033087500046,3200000,서울특별시 관악구 남부순환로 1880 (봉천동),,03,폐업,,,,
GS25 봉천역점,2015-05-28,194867.533801489,442268.354796389,2026-04-26 22:00:57,I,03,폐업,2015-12-17 16:56:18,,2012-11-16,151-050,서울특별시 관악구 봉천동 926번지 33호,PHMH320123200033087500048,3200000,서울특별시 관악구 남부순환로 1733 (봉천동),08757,03,폐업,,,,
CU 서울대학교 신양점,2015-05-31,196139.864969792,439023.167125842,2026-04-26 22:01:01,I,03,폐업,2015-06-02 17:44:17,,2012-11-30,151-015,서울특별시 관악구 신림동 산 56번지 1호,PHMH320123200033087500049,3200000,서울특별시 관악구 관악로 1 (신림동),,03,폐업,,,,
씨유 시흥공구단지점,2022-12-07,191363.74501119,437811.811502379,2026-04-26 22:00:58,I,03,폐업,2022-12-07 17:40:33,,2021-12-22,,,PHMH320213170035087500033,3170000,"서울특별시 금천구 시흥대로 93, 1층 (시흥동)",08639,03,폐업,,,,
씨유 금천E스타점,2025-08-27,190468.340704126,440998.168367699,2026-04-26 22:00:58,I,03,폐업,2025-08-27 16:33:31,,2022-02-24,,,PHMH320223170035087500003,3170000,"서울특별시 금천구 두산로9길 18, 102호 (독산동)",08525,03,폐업,,,,
지에스25 독산소망점,2023-10-10,191316.861370332,440944.037799841,2026-04-26 22:00:58,I,03,폐업,2023-10-10 10:50:04,,2022-03-22,,,PHMH320223170035087500006,3170000,"서울특별시 금천구 독산로 267, 1층 (독산동)",08577,03,폐업,,,,
지에스(GS)25시흥사거리점,2023-10-11,191092.203634373,439187.456371726,2026-04-26 22:00:58,I,03,폐업,2023-10-11 16:53:59,,2023-01-18,,서울특별시 금천구 시흥동 999-47,PHMH320233170035087500001,3170000,"서울특별시 금천구 시흥대로 235, 1층 (시흥동)",08614,03,폐업,60,,,
지에스(gs25)시흥웨스트점,2024-02-02,191117.342631944,438941.792191344,2026-04-26 22:00:58,I,03,폐업,2024-02-02 13:36:44,,2023-02-08,,서울특별시 금천구 시흥동 992-20 웨스트밸리,PHMH320233170035087500004,3170000,"서울특별시 금천구 시흥대로57길 5, 웨스트밸리 1층 108호 (시흥동)",08632,03,폐업,,,,
지에스(GS25)독산한양점,2025-05-28,191093.134281747,441522.344996485,2026-04-26 22:00:58,I,03,폐업,2025-05-28 16:45:59,,2023-04-24,,서울특별시 금천구 독산동 965-26,PHMH320233170035087500008,3170000,서울특별시 금천구 시흥대로150길 21 (독산동),08539,03,폐업,,,,
지에스(GS)25 시흥금하로점,2025-07-29,192074.641476925,438691.551411423,2026-04-26 22:00:58,I,03,폐업,2025-07-29 12:40:50,,2023-12-08,,서울특별시 금천구 시흥동 271-10,PHMH320233170035087500019,3170000,"서울특별시 금천구 금하로 734, 1층 (시흥동)",08644,03,폐업,,,,
지에스(GS)25 하이엔드7차점,2024-08-27,189417.678263584,441342.660096623,2026-04-26 22:00:58,I,03,폐업,2024-08-27 09:22:35,,2024-01-24,,서울특별시 금천구 가산동 345-33 에이스 하이엔드타워7,PHMH320243170035087500001,3170000,"서울특별시 금천구 가산디지털2로 67, 에이스 하이엔드타워7 102호 (가산동)",08588,03,폐업,,,,
지에스(GS)25뉴시흥우방점,2025-04-29,192297.91598261,438580.148239494,2026-04-26 22:00:58,I,03,폐업,2025-04-29 13:37:28,,2024-12-10,,,PHMH320243170035087500019,3170000,"서울특별시 금천구 금하로 750, 상가1동 102호 (시흥동)",08645,03,폐업,,,,
GS25 신림법원단지점,2015-06-08,192869.21662782,441331.405499828,2026-04-26 22:00:57,I,03,폐업,2015-06-08 14:45:27,,2012-11-08,151-880,서울특별시 관악구 신림동 612번지 40호,PHMH320123200033087500050,3200000,서울특별시 관악구 법원단지길 48 (신림동),,03,폐업,,,,
미니스톱 관악행운점,2015-06-15,196144.139437513,442076.155237688,2026-04-26 22:00:57,I,03,폐업,2015-06-15 11:32:28,,2012-12-12,151-050,서울특별시 관악구 봉천동 1671번지 6호,PHMH320123200033087500051,3200000,서울특별시 관악구 행운1길 48 (봉천동),,03,폐업,,,,
미니스톱구로디지털역점,2015-06-30,191351.294437084,442423.399372616,2026-04-26 22:00:57,I,03,폐업,2015-06-30 11:03:55,,2012-11-09,151-902,서울특별시 관악구 신림동 1643번지 5호,PHMH320123200033087500053,3200000,서울특별시 관악구 시흥대로 574 (신림동),,03,폐업,,,,
CU 신림두리점,2015-07-01,193436.026418984,442562.960162908,2026-04-26 22:00:57,I,03,폐업,2015-07-01 11:19:19,,2012-11-14,151-893,서울특별시 관악구 신림동 1463번지 51호,PHMH320123200033087500054,3200000,서울특별시 관악구 신림동7길 42 (신림동),,03,폐업,,,,
GS25 관악신림로점,2015-08-20,193835.144267819,442609.158859671,2026-04-26 22:00:57,I,03,폐업,2015-08-20 17:38:41,,2012-11-12,,서울특별시 관악구 신림동 1420번지 30호,PHMH320123200033087500055,3200000,서울특별시 관악구 신림로66길 25 (신림동),08754,03,폐업,,,,
미니스톱 신대방역점,2015-09-09,192333.595434914,442544.073679667,2026-04-26 22:00:57,I,03,폐업,2015-09-09 15:56:03,,2012-11-12,,서울특별시 관악구 신림동 514번지 20호,PHMH320123200033087500056,3200000,서울특별시 관악구 난곡로 348 (신림동),08705,03,폐업,,,,
CU 관악미림점,2015-09-16,193929.848704551,440626.32835603,2026-04-26 22:00:57,I,03,폐업,2015-09-16 17:08:32,,2012-11-30,,서울특별시 관악구 신림동 1559번지 20호,PHMH320123200033087500057,3200000,서울특별시 관악구 호암로20길 1 (신림동),08812,03,폐업,,,,
미니스톱 신림고시촌점,2015-09-30,194321.431272472,440920.989000179,2026-04-26 22:00:57,I,03,폐업,2015-09-30 13:50:15,,2012-11-06,,서울특별시 관악구 신림동 1515번지 3호,PHMH320123200033087500058,3200000,서울특별시 관악구 호암로26길 53 (신림동),08813,03,폐업,,,,
CU 신림우리점,2015-11-06,193859.180358218,442722.68667551,2026-04-26 22:00:57,I,03,폐업,2015-11-06 16:49:28,,2012-11-15,,,PHMH320123200033087500059,3200000,"서울특별시 관악구 신림로68길 35, 1층 (신림동)",08753,03,폐업,,,,
CU 관악미소점,2015-11-17,196782.099271352,441342.013448955,2026-04-26 22:00:57,I,03,폐업,2015-11-17 17:35:03,,2012-12-28,,서울특별시 관악구 봉천동 196번지 37호,PHMH320123200033087500060,3200000,서울특별시 관악구 낙성대역길 103 (봉천동),08793,03,폐업,,,,
CU 신림에코리움점,2015-11-23,193643.274303943,442230.03574985,2026-04-26 22:00:57,I,03,폐업,2015-11-23 17:54:33,,2012-12-20,,서울특별시 관악구 신림동 1638번지 1호,PHMH320123200033087500061,3200000,"서울특별시 관악구 신원로 35 (신림동, 삼모더프라임타워)",08776,03,폐업,,,,
CU 신림고시촌점,2015-11-09,194409.766327576,440926.897889433,2026-04-26 22:00:57,I,03,폐업,2015-12-02 12:46:03,,2012-11-13,,서울특별시 관악구 신림동 1516번지 3호,PHMH320123200033087500062,3200000,서울특별시 관악구 신림로 105 (신림동),08813,03,폐업,,,,
GS25 봉천메트로점,2024-02-29,195635.738009117,442172.892032644,2026-04-26 22:00:57,I,03,폐업,2024-02-29 17:24:28,,2012-11-05,,서울특별시 관악구 봉천동 870번지 13호 신원메트로빌 101호,PHMH320123200033087500064,3200000,"서울특별시 관악구 남부순환로 1811, 101호 (봉천동, 신원메트로빌)",08758,03,폐업,,,,
세븐일레븐 관악호암점,2017-07-19,193887.135857519,440329.660245316,2026-04-26 22:00:57,I,03,폐업,2017-07-19 15:04:20,,2012-11-05,,서울특별시 관악구 신림동 305번지 34호,PHMH320123200033087500068,3200000,서울특별시 관악구 호암로 532 (신림동),08821,03,폐업,,,,070-4404-0894
미니스톱 서울대입구역,2015-12-29,195785.625847341,442009.829041898,2026-04-26 22:00:57,I,03,폐업,2015-12-29 17:51:48,,2012-11-06,,서울특별시 관악구 봉천동 856번지 1호 105-1호,PHMH320123200033087500069,3200000,"서울특별시 관악구 관악로 168, 105-1호 (봉천동, 대우디오슈페리움2단지)",08788,03,폐업,,,,
GS25 관악서림점,2020-02-27,194231.467791841,441085.518069095,2026-04-26 22:00:57,I,03,폐업,2020-02-28 11:41:18,,2012-11-06,,서울특별시 관악구 신림동 110번지 7호,PHMH320123200033087500070,3200000,서울특별시 관악구 신림로22길 14 (신림동),08839,03,폐업,,,,
CU 관악서림점,2020-03-30,194623.995447232,441184.319911978,2026-04-26 22:00:57,I,03,폐업,2020-03-31 11:11:06,,2012-11-06,,서울특별시 관악구 신림동 103번지 91호,PHMH320123200033087500071,3200000,서울특별시 관악구 서림3길 32 (신림동),08840,03,폐업,,,,070-4126-5121
GS25 신림관악점,2019-02-28,193794.704822134,442637.180636241,2026-04-26 22:00:57,I,03,폐업,2019-02-28 11:44:04,,2012-11-06,,서울특별시 관악구 신림동 1423번지 24호,PHMH320123200033087500072,3200000,"서울특별시 관악구 남부순환로181길 27 (신림동, 디엔에이치)",08754,03,폐업,,,,
한국미니스톱 봉천역점,2017-10-30,194702.898406728,442319.059742429,2026-04-26 22:00:57,I,03,폐업,2017-10-30 17:57:32,,2012-11-06,,서울특별시 관악구 봉천동 931번지 8호,PHMH320123200033087500073,3200000,"서울특별시 관악구 남부순환로 1715 (봉천동, 신우빌딩)",08757,03,폐업,,,,
GS25 관악파크점,2018-03-28,195637.636949639,441981.905662411,2026-04-26 22:00:57,I,03,폐업,2018-03-28 18:00:56,,2012-11-07,,서울특별시 관악구 봉천동 866번지 2호,PHMH320123200033087500075,3200000,"서울특별시 관악구 남부순환로220길 28 (봉천동, 아이원고시텔)",08787,03,폐업,,,,
GS25 관악세봉점,2016-10-26,195691.358641318,441553.182236914,2026-04-26 22:00:57,I,03,폐업,2016-10-26 15:35:30,,2012-11-07,,서울특별시 관악구 봉천동 1591번지 2호,PHMH320123200033087500076,3200000,"서울특별시 관악구 관악로 125 (봉천동, 서울대입구삼성아파트)",08833,03,폐업,,,,
GS25 봉천영락점,2016-04-01,,,2026-04-26 22:00:57,I,03,폐업,2016-04-01 17:54:08,,2012-11-07,,서울특별시 관악구 봉천동 1540번지 47호,PHMH320123200033087500077,3200000,서울특별시 관악구 쑥고개로 72 (봉천동),08830,03,폐업,,,,
미니스톱 신림고은점,2016-01-21,192208.995274019,442081.661968259,2026-04-26 22:00:57,I,03,폐업,2016-01-21 17:37:51,,2012-11-08,,서울특별시 관악구 신림동 1474번지 20호,PHMH320123200033087500084,3200000,서울특별시 관악구 난곡로63길 34 (신림동),08771,03,폐업,,,,
GS25  봉천해오름점,2016-04-26,197163.141031457,441519.149935014,2026-04-26 22:00:57,I,03,폐업,2016-04-26 17:32:13,,2012-11-08,,서울특별시 관악구 봉천동 1722번지,PHMH320123200033087500085,3200000,"서울특별시 관악구 남부순환로 1979 (봉천동, 제창그로힐아파트)",08802,03,폐업,,,,
미니스톱 신림서림점,2017-05-17,194410.985098332,441632.980284514,2026-04-26 22:00:57,I,03,폐업,2017-05-17 17:50:40,,2012-11-08,,서울특별시 관악구 신림동 94번지 257호,PHMH320123200033087500086,3200000,서울특별시 관악구 신림로 216-1 (신림동),08828,03,폐업,,,,
세븐일레븐 관악청솔점,2017-04-25,192459.624999635,442538.01134554,2026-04-26 22:00:58,I,03,폐업,2017-04-25 16:01:11,,2012-11-09,,서울특별시 관악구 신림동 504번지 1호,PHMH320123200033087500089,3200000,서울특별시 관악구 조원로 118 (신림동),08762,03,폐업,,,,
바이더웨이 사당역점,2020-12-24,198260.085928707,441503.878702568,2026-04-26 22:01:01,I,03,폐업,2020-12-24 17:50:10,,2012-11-09,,서울특별시 관악구 남현동 1061번지 2호,PHMH320123200033087500091,3200000,서울특별시 관악구 남현1길 66 (남현동),08807,03,폐업,,,,
세븐일레븐 봉천5호점,2024-06-12,194548.651692342,442330.324311379,2026-04-26 22:01:01,I,03,폐업,2024-06-12 16:30:15,,2012-11-09,,서울특별시 관악구 봉천동 945번지 1호,PHMH320123200033087500092,3200000,"서울특별시 관악구 남부순환로 1702 (봉천동, 경성빌딩)",08782,03,폐업,,,,
세븐일레븐 봉천낙성대점,2018-12-31,196948.501989156,441500.306392557,2026-04-26 22:00:58,I,03,폐업,2018-12-31 15:32:29,,2012-11-12,,서울특별시 관악구 봉천동 1656번지 10호,PHMH320123200033087500099,3200000,"서울특별시 관악구 남부순환로 1960 (봉천동, 우진빌딩)",08793,03,폐업,,,,
GS25 관악인헌점,2020-10-29,196529.700757879,441546.774663944,2026-04-26 22:00:58,I,03,폐업,2020-10-29 17:58:28,,2012-11-12,,서울특별시 관악구 봉천동 207번지 21호,PHMH320123200033087500104,3200000,서울특별시 관악구 낙성대역길 31 (봉천동),08793,03,폐업,,,,
GS25 낙성대동점,2020-01-16,196659.940446715,441578.163387245,2026-04-26 22:00:58,I,03,폐업,2020-01-16 17:22:36,,2012-11-12,,서울특별시 관악구 봉천동 1631번지 5호,PHMH320123200033087500105,3200000,"서울특별시 관악구 남부순환로244길 14 (봉천동, 로제하우스)",08793,03,폐업,,,,
CU 관악보라매점,2017-05-15,194182.233047198,442728.929250129,2026-04-26 22:00:58,I,03,폐업,2017-05-15 16:55:28,,2012-11-13,,서울특별시 관악구 봉천동 967번지 3호,PHMH320123200033087500107,3200000,서울특별시 관악구 봉천로 307 (봉천동),08719,03,폐업,,,,
GS25 관악예은점,2021-10-21,195804.194621827,441971.494110652,2026-04-26 22:00:58,I,03,폐업,2021-10-21 14:33:51,,2012-11-13,,서울특별시 관악구 봉천동 854번지 5호,PHMH320123200033087500108,3200000,"서울특별시 관악구 남부순환로224길 21 (봉천동, 예은빌딩)",08788,03,폐업,,,,
CU 신림4동점,2015-12-29,192693.211597953,442625.211734153,2026-04-26 22:00:58,I,03,폐업,2015-12-29 17:51:59,,2012-11-13,,서울특별시 관악구 신림동 480번지 2호,PHMH320123200033087500109,3200000,서울특별시 관악구 조원로 143 (신림동),08704,03,폐업,,,,
세븐일레븐 남강입구점,2022-09-21,192811.606404006,441140.814616839,2026-04-26 22:00:58,I,03,폐업,2022-09-21 14:12:00,,2012-11-13,,서울특별시 관악구 신림동 620번지 2호,PHMH320123200033087500110,3200000,서울특별시 관악구 난곡로 194-1 (신림동),08854,03,폐업,,,,
GS25 봉천삼두점,2023-03-22,195334.741587298,442712.55086402,2026-04-26 22:00:58,I,03,폐업,2023-03-22 16:45:03,,2012-11-13,,서울특별시 관악구 봉천동 464번지 8호,PHMH320123200033087500111,3200000,"서울특별시 관악구 은천로 114 (봉천동, 삼두빌딩)",08743,03,폐업,,,,
씨스페이스 신림녹두점,2016-07-01,194498.36969316,440896.049976232,2026-04-26 22:00:58,I,03,폐업,2016-07-01 14:25:11,,2012-11-13,,서울특별시 관악구 신림동 240번지 3호,PHMH320123200033087500112,3200000,"서울특별시 관악구 신림로 97 (신림동, 밀라트)",08814,03,폐업,,,,
CU 서울대정문점,2016-01-08,195337.004655221,440362.815100863,2026-04-26 22:01:01,I,03,폐업,2016-01-08 17:33:11,,2012-11-13,,서울특별시 관악구 신림동 808번지 124호,PHMH320123200033087500113,3200000,서울특별시 관악구 신림로 1 (신림동),08825,03,폐업,,,,
GS25 인헌중앙점,2016-06-16,197034.285168712,440995.534277906,2026-04-26 22:00:58,I,03,폐업,2016-06-16 17:52:33,,2012-11-14,,서울특별시 관악구 봉천동 180번지 112호,PHMH320123200033087500114,3200000,"서울특별시 관악구 인헌길 100 (봉천동, 예성빌딩)",08797,03,폐업,,,,
CU 신림장미점,2018-04-02,194733.542262291,440919.815726854,2026-04-26 22:00:58,I,03,폐업,2018-04-02 17:47:55,,2012-11-14,,서울특별시 관악구 신림동 237번지 27호,PHMH320123200033087500115,3200000,서울특별시 관악구 신림로 73 (신림동),08814,03,폐업,,,,
씨유 관악시흥대로점,2022-05-18,191264.654358325,442307.124584641,2026-04-26 22:00:58,I,03,폐업,2022-05-18 14:31:01,,2012-11-14,,서울특별시 관악구 신림동 1655-16,PHMH320123200033087500116,3200000,"서울특별시 관악구 시흥대로 560, 1층 (신림동)",08769,03,폐업,,,,
세븐일레븐 관악낙성점,2020-09-24,196389.747082234,441854.364842396,2026-04-26 22:00:58,I,03,폐업,2020-09-24 17:25:42,,2012-11-14,,서울특별시 관악구 봉천동 1679번지 10호,PHMH320123200033087500117,3200000,서울특별시 관악구 남부순환로237길 3 (봉천동),08742,03,폐업,,,,
CU 봉천장미점,2018-02-02,197111.185886374,440910.761513555,2026-04-26 22:00:58,I,03,폐업,2018-02-02 17:39:09,,2012-11-15,,서울특별시 관악구 봉천동 180번지 153호,PHMH320123200033087500119,3200000,서울특별시 관악구 인헌길 123 (봉천동),08800,03,폐업,,,,
GS25 신림역점,2024-06-10,193764.761470624,442488.438980658,2026-04-26 22:00:58,I,03,폐업,2024-06-10 13:56:21,,2012-11-15,,서울특별시 관악구 신림동 1422번지 38호,PHMH320123200033087500122,3200000,서울특별시 관악구 남부순환로 1617 (신림동),08754,03,폐업,,,,
GS25 신림난곡점,2017-05-12,192280.387256298,442327.918392406,2026-04-26 22:00:58,I,03,폐업,2017-05-12 17:54:45,,2012-11-15,,서울특별시 관악구 신림동 531번지 11호,PHMH320123200033087500123,3200000,서울특별시 관악구 조원로22길 36 (신림동),08767,03,폐업,,,,
CU 관악대로점,2021-10-26,191659.900831907,442058.421242795,2026-04-26 22:00:58,I,03,폐업,2021-10-26 14:36:52,,2012-11-15,,서울특별시 관악구 신림동 566번지 8호,PHMH320123200033087500125,3200000,"서울특별시 관악구 남부순환로 1403 (신림동, 재룡빌딩)",08765,03,폐업,,,,
GS25 신림두림점,2022-03-22,194090.021810221,442480.618847099,2026-04-26 22:00:58,I,03,폐업,2022-03-22 17:26:35,,2012-11-15,,서울특별시 관악구 신림동 1411번지 9호,PHMH320123200033087500126,3200000,"서울특별시 관악구 남부순환로 1648 (신림동, 두림빌딩)",08779,03,폐업,,,,
바이더웨이 봉천삼성점,2016-04-06,193479.635543503,443381.288614319,2026-04-26 22:01:01,I,03,폐업,2016-04-06 17:31:39,,2012-11-15,,서울특별시 관악구 봉천동 728번지 158호,PHMH320123200033087500127,3200000,서울특별시 관악구 보라매로 36 (봉천동),08710,03,폐업,,,,
바이더웨이 낙성대점,2019-01-17,196929.22157902,441579.156778036,2026-04-26 22:00:58,I,03,폐업,2019-01-17 15:15:57,,2012-11-16,,서울특별시 관악구 봉천동 1690번지 152호,PHMH320123200033087500128,3200000,"서울특별시 관악구 남부순환로 1951 (봉천동, 종인유치원)",08802,03,폐업,,,,
바이더웨이 신림역점,2019-01-17,193747.786105101,442310.949840937,2026-04-26 22:01:01,I,03,폐업,2019-01-17 17:52:37,,2012-11-16,,서울특별시 관악구 신림동 1641번지 12호,PHMH320123200033087500130,3200000,서울특별시 관악구 신림로 322 (신림동),08777,03,폐업,,,,
바이더웨이 신대방스타점,2020-06-30,192264.922850068,442728.778918512,2026-04-26 22:01:01,I,03,폐업,2020-07-02 17:43:45,,2012-11-16,,서울특별시 관악구 신림동 518번지 1호,PHMH320123200033087500131,3200000,"서울특별시 관악구 난곡로 367 (신림동, 경신빌딩)",08701,03,폐업,,,,
바이더웨이 관악타워점,2018-02-07,195537.269534163,442122.202180318,2026-04-26 22:01:01,I,03,폐업,2018-02-07 14:30:17,,2012-11-16,,서울특별시 관악구 봉천동 875번지 1호,PHMH320123200033087500132,3200000,"서울특별시 관악구 남부순환로 1802 (봉천동, 관악캠퍼스타워)",08786,03,폐업,,,,
바이더웨이 신림점,2019-04-09,194052.406287408,440860.610546242,2026-04-26 22:01:01,I,03,폐업,2019-04-09 10:17:43,,2012-11-16,,서울특별시 관악구 신림동 1531번지 1호,PHMH320123200033087500133,3200000,"서울특별시 관악구 호암로24길 6 (신림동, 벽송빌딩)",08812,03,폐업,,,,
세븐일레븐 보라매샤르망점,2023-08-07,193483.606473194,443094.686592235,2026-04-26 22:01:01,I,03,폐업,2023-08-07 18:09:58,,2012-11-16,,서울특별시 관악구 봉천동 972번지 5호,PHMH320123200033087500134,3200000,"서울특별시 관악구 봉천로 227 (봉천동, 보라매샤르망)",08708,03,폐업,,,,
세븐일레븐 관악은천점,2021-12-28,194668.354201585,442643.410880905,2026-04-26 22:01:01,I,03,폐업,2021-12-28 15:14:06,,2012-11-16,,서울특별시 관악구 봉천동 941번지 1호,PHMH320123200033087500137,3200000,서울특별시 관악구 은천로 48 (봉천동),08749,03,폐업,,,,
세븐일레븐 서울대한울점,2017-12-21,195572.774825165,441942.462369482,2026-04-26 22:01:01,I,03,폐업,2017-12-21 18:19:03,,2012-11-16,,서울특별시 관악구 봉천동 867번지 10호,PHMH320123200033087500138,3200000,"서울특별시 관악구 관악로15길 23-16 (봉천동, 한울오피스텔)",08787,03,폐업,,,,
세븐일레븐 봉천3호점,2021-07-15,196204.917631419,441977.024019554,2026-04-26 22:01:01,I,03,폐업,2021-07-15 14:01:45,,2012-11-16,,서울특별시 관악구 봉천동 1673번지 25호,PHMH320123200033087500140,3200000,서울특별시 관악구 남부순환로233길 11 (봉천동),08739,03,폐업,,,,
세븐일레븐 봉천2호점,2023-05-10,196571.376338921,441754.121622412,2026-04-26 22:01:01,I,03,폐업,2023-05-11 10:21:37,,2012-11-16,,서울특별시 관악구 봉천동 1685번지 20호,PHMH320123200033087500141,3200000,"서울특별시 관악구 남부순환로 1913 (봉천동, 우주빌딩)",08742,03,폐업,,,,
세븐일레븐 관악난곡점,2017-12-29,192472.628546412,441694.92346539,2026-04-26 22:01:01,I,03,폐업,2017-12-29 18:08:12,,2012-11-16,,서울특별시 관악구 신림동 1680번지 24호,PHMH320123200033087500142,3200000,서울특별시 관악구 난곡로 264 (신림동),08849,03,폐업,,,,32817110
세븐일레븐 관악미성점,2019-09-06,192354.429685983,442119.985795478,2026-04-26 22:01:01,I,03,폐업,2019-09-09 10:45:35,,2012-11-16,,서울특별시 관악구 신림동 1474번지 24호,PHMH320123200033087500143,3200000,"서울특별시 관악구 난곡로 305 (신림동, 대영빌딩)",08771,03,폐업,,,,
GS25 신림서부점,2024-10-23,193669.579824717,442182.553987382,2026-04-26 22:00:58,I,03,폐업,2024-10-23 16:46:24,,2012-11-16,,서울특별시 관악구 신림동 1637번지 26호,PHMH320123200033087500144,3200000,"서울특별시 관악구 신원로 34 (신림동, 삼양타운)",08776,03,폐업,,,,
GS25 신림은하,2018-03-07,193297.470049001,442731.316437829,2026-04-26 22:00:58,I,03,폐업,2018-03-07 17:12:34,,2012-11-16,,서울특별시 관악구 신림동 1459번지 27호,PHMH320123200033087500145,3200000,"서울특별시 관악구 신림동길 33 (신림동, 지산)",08759,03,폐업,,,,
바이더웨이 관악구청점,2019-05-30,195741.164752348,441862.053352551,2026-04-26 22:01:01,I,03,폐업,2019-05-30 17:24:50,,2012-11-16,,서울특별시 관악구 봉천동 1598번지 1호,PHMH320123200033087500146,3200000,서울특별시 관악구 관악로 154 (봉천동),08788,03,폐업,,,,
세븐일레븐 신림점,2024-11-12,192971.239115849,442350.350250797,2026-04-26 22:01:01,I,03,폐업,2024-11-12 15:44:33,,2012-11-16,,서울특별시 관악구 신림동 487번지 4호,PHMH320123200033087500148,3200000,서울특별시 관악구 남부순환로 1537 (신림동),08762,03,폐업,,,,
GS25 관악남현점,2018-11-26,197799.654452544,441239.603148578,2026-04-26 22:00:58,I,03,폐업,2018-11-26 17:26:54,,2012-11-19,,서울특별시 관악구 남현동 1078번지 7호,PHMH320123200033087500151,3200000,서울특별시 관악구 남현7길 2 (남현동),08809,03,폐업,,,,
GS25 신림한양점,2018-03-23,192861.778605245,442492.234475461,2026-04-26 22:00:58,I,03,폐업,2018-03-23 17:47:02,,2012-11-19,,서울특별시 관악구 신림동 482번지 37호,PHMH320123200033087500152,3200000,서울특별시 관악구 남부순환로161길 40 (신림동),08763,03,폐업,,,,
바이더웨이 관악점,2019-04-23,195829.409043964,442222.78687025,2026-04-26 22:01:01,I,03,폐업,2019-04-23 14:50:43,,2012-11-19,,서울특별시 관악구 봉천동 851번지 30호,PHMH320123200033087500155,3200000,서울특별시 관악구 관악로 192 (봉천동),08737,03,폐업,,,,
GS25 신림로데오점,2016-11-02,193346.327012445,442873.588983595,2026-04-26 22:00:58,I,03,폐업,2016-11-02 17:48:02,,2012-11-19,,서울특별시 관악구 신림동 1454번지 4호,PHMH320123200033087500157,3200000,서울특별시 관악구 관천로18길 45 (신림동),08706,03,폐업,,,,
CU 관악서원점,2016-09-08,193899.745325596,441902.730999647,2026-04-26 22:00:58,I,03,폐업,2016-09-08 17:40:22,,2012-11-22,,서울특별시 관악구 신림동 1641번지 82호,PHMH320123200033087500158,3200000,서울특별시 관악구 신림로 274 (신림동),08778,03,폐업,,,,
GS25 서울대관악사점,2023-09-11,196139.864969792,439023.167125842,2026-04-26 22:01:01,I,03,폐업,2023-09-11 17:32:25,,2012-11-23,,서울특별시 관악구 신림동 산 56번지 1호 서울대학교,PHMH320123200033087500160,3200000,"서울특별시 관악구 관악로 1, 서울대학교 대학원기숙사 900동 지하2층 (신림동)",08826,03,폐업,,,,
CU 관악낙성점,2022-12-16,196618.634751842,441778.103832973,2026-04-26 22:00:58,I,03,폐업,2022-12-16 16:11:17,,2012-11-27,,서울특별시 관악구 봉천동 1685번지 29호,PHMH320123200033087500164,3200000,서울특별시 관악구 솔밭로 5 (봉천동),08742,03,폐업,,,,
세븐일레븐 관악색동점,2016-03-10,193670.907141541,442845.466350258,2026-04-26 22:00:58,I,03,폐업,2016-03-10 16:56:17,,2012-12-04,,서울특별시 관악구 신림동 1428번지 20호,PHMH320123200033087500166,3200000,서울특별시 관악구 신림로70길 7 (신림동),08753,03,폐업,,,,
세븐일레븐 관악남현점,2019-01-15,197727.024074761,441502.672099407,2026-04-26 22:00:58,I,03,폐업,2019-01-15 17:17:27,,2012-12-04,,서울특별시 관악구 남현동 1056번지 6호,PHMH320123200033087500167,3200000,서울특별시 관악구 남부순환로262길 11 (남현동),08805,03,폐업,,,,
세븐일레븐 신대방행복점,2016-10-26,192429.160875861,442856.622644707,2026-04-26 22:00:58,I,03,폐업,2016-10-26 16:38:18,,2012-12-07,,서울특별시 관악구 신림동 498번지 45호,PHMH320123200033087500168,3200000,"서울특별시 관악구 신사로 116-1 (신림동, 한양빌딩)",08702,03,폐업,,,,
CU 관악은천길점,2018-09-27,194821.255710145,442692.802986229,2026-04-26 22:00:58,I,03,폐업,2018-09-27 18:01:55,,2012-12-07,,서울특별시 관악구 봉천동 622번지 3호,PHMH320123200033087500169,3200000,"서울특별시 관악구 은천로 61 (봉천동, 은천누리에뜰)",08716,03,폐업,,,,
굿마트 관악점,2018-01-15,191960.388579887,442390.699040645,2026-04-26 22:00:58,I,03,폐업,2018-01-15 17:37:08,,2012-12-07,,서울특별시 관악구 신림동 547번지 9호,PHMH320123200033087500170,3200000,서울특별시 관악구 조원로 66-1 (신림동),08766,03,폐업,,,,
GS25 관악로점,2021-10-19,195888.014021964,442308.732952529,2026-04-26 22:00:58,I,03,폐업,2021-10-19 17:20:40,,2012-12-11,,서울특별시 관악구 봉천동 851번지 3호,PHMH320123200033087500172,3200000,서울특별시 관악구 관악로 204 (봉천동),08737,03,폐업,,,,
CU 관악선경점,2018-07-31,194815.858583556,440737.742841766,2026-04-26 22:00:58,I,03,폐업,2018-07-31 16:37:13,,2012-12-14,,서울특별시 관악구 신림동 231번지 21호,PHMH320123200033087500173,3200000,서울특별시 관악구 신림로3가길 41 (신림동),08816,03,폐업,,,,
세븐일레븐 서울대동아점,2021-05-03,195705.629975999,442012.599463251,2026-04-26 22:00:58,I,03,폐업,2021-05-03 16:00:55,,2012-12-18,,서울특별시 관악구 봉천동 862번지 9호,PHMH320123200033087500174,3200000,서울특별시 관악구 관악로 167 (봉천동),08787,03,폐업,,,,
YES마트,2016-05-09,194437.430240075,442656.933125621,2026-04-26 22:00:58,I,03,폐업,2016-05-09 16:13:58,,2012-12-18,,서울특별시 관악구 봉천동 956번지 2호,PHMH320123200033087500175,3200000,서울특별시 관악구 은천로 24 (봉천동),08749,03,폐업,,,,
세븐일레븐 신림패션점,2017-08-16,193610.378560826,442802.92355539,2026-04-26 22:00:58,I,03,폐업,2017-08-16 13:02:28,,2012-12-20,,서울특별시 관악구 신림동 1431번지 1호,PHMH320123200033087500176,3200000,서울특별시 관악구 신림로 373 (신림동),08760,03,폐업,,,,
세븐일레븐 관악법원단지점,2016-12-06,193041.443458672,441392.370139862,2026-04-26 22:00:58,I,03,폐업,2016-12-06 17:18:51,,2012-12-20,,서울특별시 관악구 신림동 611번지 73호,PHMH320123200033087500178,3200000,"서울특별시 관악구 법원단지17길 2 (신림동, 삼성맨션)",08852,03,폐업,,,,
포시즌 편의점,2016-03-31,195160.668748796,443055.268732979,2026-04-26 22:00:58,I,03,폐업,2016-03-31 17:08:43,,2012-12-24,,서울특별시 관악구 봉천동 491번지 35호,PHMH320123200033087500180,3200000,서울특별시 관악구 양녕로16길 4 (봉천동),08724,03,폐업,,,,
GS25 봉천한아름점,2023-10-06,194743.823390597,442439.953549025,2026-04-26 22:00:58,I,03,폐업,2023-10-06 16:56:00,,2012-12-27,,서울특별시 관악구 봉천동 933번지 1호,PHMH320123200033087500182,3200000,서울특별시 관악구 봉천로31길 9 (봉천동),08750,03,폐업,,,,
GS25 신림문성점,2021-11-29,193799.416159088,441811.615311649,2026-04-26 22:00:58,I,03,폐업,2021-11-30 10:52:31,,2013-10-16,151-867,서울특별시 관악구 신림동 1633번지 3호,PHMH320133200033087500001,3200000,서울특별시 관악구 문성로 246 (신림동),08844,03,폐업,,,,
GS25 봉천사랑점,2018-09-06,196319.752471415,442483.779048811,2026-04-26 22:00:58,I,03,폐업,2018-09-06 17:33:59,,2013-10-16,151-050,서울특별시 관악구 봉천동 23번지 19호,PHMH320133200033087500003,3200000,"서울특별시 관악구 관악로28길 58, 101호 (봉천동, 수성드림빌)",08736,03,폐업,,,,
GS25 관악서원점,2013-10-18,193857.934176134,442448.272562531,2026-04-26 22:00:58,I,03,폐업,2013-10-18 15:20:20,,2013-01-11,151-852,서울특별시 관악구 신림동 11번지 18호,PHMH320133200033087500005,3200000,서울특별시 관악구 남부순환로 1626-1 (신림동),,03,폐업,,,,
GS25 관악서원점,2018-10-31,193857.934176134,442448.272562531,2026-04-26 22:00:58,I,03,폐업,2018-10-31 17:23:19,,2013-10-18,151-930,서울특별시 관악구 신림동 11번지 18호,PHMH320133200033087500006,3200000,서울특별시 관악구 남부순환로 1626-1 (신림동),08777,03,폐업,94,,,20062118
GS25 낙성대점,2020-07-01,196225.432170268,441681.863468194,2026-04-26 22:00:58,I,03,폐업,2020-07-01 16:43:26,,2013-10-24,151-050,서울특별시 관악구 봉천동 1626번지 35호,PHMH320133200033087500007,3200000,"서울특별시 관악구 관악로12길 105, 1층 (봉천동)",08789,03,폐업,,,,
CU 관악신도점,2014-08-14,191871.798298167,442373.748305384,2026-04-26 22:01:01,I,03,폐업,2014-08-14 17:56:35,,2013-11-08,151-877,서울특별시 관악구 신림동 561번지 5호,PHMH320133200033087500008,3200000,"서울특별시 관악구 조원로 58, 1층 (신림동)",,03,폐업,,,,
GS25 신림정문점,2017-06-30,192667.25386487,440081.520243952,2026-04-26 22:00:58,I,03,폐업,2017-06-30 17:35:36,,2013-11-27,151-885,서울특별시 관악구 신림동 676번지 41호,PHMH320133200033087500010,3200000,서울특별시 관악구 난향길 18 (신림동),08859,03,폐업,,,,
CU 관악상상점,2017-11-01,194331.146593333,442527.64621449,2026-04-26 22:00:58,I,03,폐업,2017-11-01 17:27:55,,2013-11-27,151-069,서울특별시 관악구 봉천동 958번지 14호,PHMH320133200033087500011,3200000,"서울특별시 관악구 남부순환로 1673, 1층 (봉천동)",08756,03,폐업,,,,
CU원당시장점,2013-12-17,196911.038760415,441298.336126842,2026-04-26 22:00:58,I,03,폐업,2013-12-17 17:56:58,,2013-01-03,151-057,서울특별시 관악구 봉천동 1639번지 1호,PHMH320133200033087500014,3200000,"서울특별시 관악구 인헌6길 15, 103호 (봉천동, 새한빌딩)",,03,폐업,,,,
CU 관악산점,2013-12-19,195018.774039823,440729.21035543,2026-04-26 22:00:58,I,03,폐업,2013-12-19 17:32:20,,2013-01-14,151-858,서울특별시 관악구 신림동 218번지 1호,PHMH320133200033087500015,3200000,서울특별시 관악구 신림로3가길 2 (신림동),,03,폐업,,,,
CU 관악산점,2017-12-19,195018.774039823,440729.21035543,2026-04-26 22:00:58,I,03,폐업,2017-12-19 09:51:56,,2013-12-20,151-858,서울특별시 관악구 신림동 218번지 1호,PHMH320133200033087500016,3200000,서울특별시 관악구 신림로3가길 2 (신림동),08815,03,폐업,,,,
미니스톱 신림신사점,2014-12-29,192411.762521566,442740.605600999,2026-04-26 22:01:01,I,03,폐업,2014-12-29 14:51:34,,2013-12-20,151-871,서울특별시 관악구 신림동 500번지 1호,PHMH320133200033087500017,3200000,서울특별시 관악구 난곡로78길 26 (신림동),,03,폐업,,,,
GS25 신림난향점,2015-10-30,192449.377599557,441618.411164124,2026-04-26 22:00:58,I,03,폐업,2015-10-30 14:35:22,,2013-12-23,151-022,서울특별시 관악구 신림동 763번지 19호,PHMH320133200033087500018,3200000,서울특별시 관악구 난곡로 255 (신림동),08864,03,폐업,,,,
세븐일레븐 남현이즈빌점,2016-09-01,197981.286873105,441536.013196088,2026-04-26 22:00:58,I,03,폐업,2016-09-01 17:41:58,,2013-12-27,151-800,서울특별시 관악구 남현동 1058번지 7호,PHMH320133200033087500019,3200000,서울특별시 관악구 남현1길 9 (남현동),08806,03,폐업,,,,
GS25 낙성대역점,2014-11-28,196805.584087009,441638.79548745,2026-04-26 22:00:58,I,03,폐업,2014-11-28 15:55:34,,2013-05-06,151-812,서울특별시 관악구 봉천동 1687번지 23호 1층,PHMH320133200033087500021,3200000,"서울특별시 관악구 남부순환로 1937, 1층 (봉천동)",,03,폐업,,,,
GS25 관악은천로점,2024-03-26,194437.430240075,442656.933125621,2026-04-26 22:01:01,I,03,폐업,2024-03-26 19:01:53,,2013-05-27,151-827,서울특별시 관악구 봉천동 956번지 2호,PHMH320133200033087500022,3200000,서울특별시 관악구 은천로 24 (봉천동),08749,03,폐업,,,,
코리아세븐 관악당곡점,2016-12-29,193595.070903582,443043.550424396,2026-04-26 22:01:01,I,03,폐업,2016-12-29 17:47:18,,2013-06-10,151-830,서울특별시 관악구 봉천동 971번지 14호,PHMH320133200033087500024,3200000,서울특별시 관악구 봉천로 239 (봉천동),08722,03,폐업,,,,
CU 낙성대입구점,2017-03-31,196358.847514877,441707.681954839,2026-04-26 22:00:58,I,03,폐업,2017-03-31 15:45:03,,2013-06-14,151-818,서울특별시 관악구 봉천동 1628번지 3호,PHMH320133200033087500025,3200000,서울특별시 관악구 낙성대로 9 (봉천동),08792,03,폐업,,,,
GS25 관악신림점,2016-04-22,191270.737527797,442043.178399478,2026-04-26 22:00:58,I,03,폐업,2016-04-22 17:26:01,,2013-06-20,151-018,서울특별시 관악구 신림동 1663번지 21호,PHMH320133200033087500026,3200000,서울특별시 관악구 시흥대로160길 39 (신림동),08768,03,폐업,,,,
위드미 신림으뜸점,2015-03-10,193641.668922205,441829.449642212,2026-04-26 22:00:58,I,03,폐업,2015-03-10 17:35:40,,2013-06-26,151-901,서울특별시 관악구 신림동 1632번지 1호,PHMH320133200033087500027,3200000,서울특별시 관악구 문성로32길 13 (신림동),,03,폐업,,,,
GS25 관악당곡점,2022-04-14,194133.423487329,442601.719425132,2026-04-26 22:01:01,I,03,폐업,2022-04-14 16:26:52,,2013-07-08,151-843,서울특별시 관악구 봉천동 961번지 13호 1층,PHMH320133200033087500028,3200000,"서울특별시 관악구 남부순환로191길 8, `층 (봉천동)",08756,03,폐업,,,,
CU 남부순환로점,2015-01-02,194366.482534981,442434.858483922,2026-04-26 22:01:01,I,03,폐업,2015-01-02 17:38:59,,2013-08-06,151-855,서울특별시 관악구 신림동 10번지 621호,PHMH320133200033087500030,3200000,서울특별시 관악구 남부순환로 1680 (신림동),,03,폐업,,,,
CU 관악미성점,2014-05-29,192403.860741324,442095.332266396,2026-04-26 22:00:58,I,03,폐업,2014-05-29 17:47:14,,2013-08-14,151-899,서울특별시 관악구 신림동 1568번지 1호,PHMH320133200033087500032,3200000,서울특별시 관악구 난곡로 302 (신림동),,03,폐업,,,,
미니스톱 보라매점,2016-12-23,193320.504394367,443052.133904304,2026-04-26 22:00:58,I,03,폐업,2016-12-23 17:32:35,,2013-08-19,151-891,서울특별시 관악구 신림동 1444번지 1호,PHMH320133200033087500033,3200000,서울특별시 관악구 봉천로 214 (신림동),08706,03,폐업,,,,1577-9621
CU 관악플러스점,2018-11-30,192314.98020026,441405.476175492,2026-04-26 22:00:58,I,03,폐업,2018-11-30 17:38:30,,2013-08-23,151-015,서울특별시 관악구 신림동 1717번지 두영아파트상가동 101호,PHMH320133200033087500034,3200000,"서울특별시 관악구 미성길 60, 101호 (신림동, 두영아파트상가동)",08865,03,폐업,,,,
홈플러스365관악봉천점,2017-09-28,196839.097256433,440957.159009576,2026-04-26 22:00:58,I,03,폐업,2017-09-28 11:17:14,,2013-08-29,151-815,서울특별시 관악구 봉천동 180번지 531호 1층,PHMH320133200033087500036,3200000,"서울특별시 관악구 인헌12길 42, 1층 (봉천동)",08797,03,폐업,,,,
CU 난곡파크점,2015-06-26,192773.751831861,440839.689205962,2026-04-26 22:01:01,I,03,폐업,2015-06-26 16:41:45,,2013-09-26,151-915,서울특별시 관악구 신림동 1727번지,PHMH320133200033087500040,3200000,서울특별시 관악구 난곡로 167 (신림동),,03,폐업,,,,
CU 낙성대역점,2015-11-17,196768.276725848,441522.334527338,2026-04-26 22:00:58,I,03,폐업,2015-12-09 16:17:31,,2013-09-27,151-832,서울특별시 관악구 봉천동 1632번지 10호,PHMH320133200033087500041,3200000,서울특별시 관악구 봉천로 604-1 (봉천동),08793,03,폐업,,,,
GS25 신림고시촌점,2018-06-08,194202.12772051,440706.009470394,2026-04-26 22:00:58,I,03,폐업,2018-06-08 17:40:41,,2013-10-11,151-897,서울특별시 관악구 신림동 1546번지 5호,PHMH320133200033087500042,3200000,서울특별시 관악구 신림로19길 46-8 (신림동),08819,03,폐업,,,,
CU 관악신도점,2014-08-14,191871.798298167,442373.748305384,2026-04-26 22:01:01,I,03,폐업,2014-08-19 16:53:29,,2013-11-08,151-877,서울특별시 관악구 신림동 561번지 5호,PHMH320133200033087500043,3200000,서울특별시 관악구 조원로 58 (신림동),,03,폐업,,,,
CU 관악난우점,2015-01-22,192664.250654592,441540.854776077,2026-04-26 22:00:58,I,03,폐업,2015-01-22 17:37:09,,2013-04-04,151-878,서울특별시 관악구 신림동 602번지 1호,PHMH320133200033087500044,3200000,서울특별시 관악구 난우길 36 (신림동),,03,폐업,,,,
GS25 서울대역점,2015-01-23,195734.652923861,441754.056240254,2026-04-26 22:00:58,I,03,폐업,2015-01-23 18:27:51,,2013-04-10,151-057,서울특별시 관악구 봉천동,PHMH320133200033087500045,3200000,서울특별시 관악구 관악로 144 (봉천동),,03,폐업,,,,
CU 신림대학점,2015-04-02,194164.625638859,440780.700869786,2026-04-26 22:00:58,I,03,폐업,2015-04-02 11:20:53,,2013-03-26,151-895,서울특별시 관악구 신림동 1534번지 7호,PHMH320133200033087500046,3200000,서울특별시 관악구 대학6길 51 (신림동),,03,폐업,,,,
세븐일레븐 신림 한양점,2020-06-16,192826.769302242,442988.962832826,2026-04-26 22:00:58,I,03,폐업,2020-06-16 16:53:54,,2013-02-28,151-015,서울특별시 관악구 신림동 457번지 1호,PHMH320133200033087500047,3200000,서울특별시 관악구 관천로 137 (신림동),08703,03,폐업,,,,
CU 낙성대역점,2015-11-17,196768.276725848,441522.334527338,2026-04-26 22:00:58,I,03,폐업,2015-11-17 17:34:33,,2013-09-27,,서울특별시 관악구 봉천동 1632번지 10호,PHMH320133200033087500049,3200000,"서울특별시 관악구 봉천로 604-1 (봉천동, 미셸)",08793,03,폐업,,,,
GS25 우림난우점,2018-03-20,192879.532158421,440873.892746463,2026-04-26 22:00:58,I,03,폐업,2018-03-20 17:32:54,,2013-01-07,,서울특별시 관악구 신림동 637번지 4호,PHMH320133200033087500050,3200000,서울특별시 관악구 난곡로24길 1 (신림동),08856,03,폐업,,,,
CU 관악사랑점,2022-02-25,194400.570838508,440679.146940614,2026-04-26 22:00:58,I,03,폐업,2022-02-25 16:18:16,,2013-01-25,,서울특별시 관악구 신림동 247번지 2호,PHMH320133200033087500052,3200000,서울특별시 관악구 대학길 52 (신림동),08819,03,폐업,,,,
세븐일레븐 신림문화점,2016-02-26,193477.447233447,442773.746610836,2026-04-26 22:00:58,I,03,폐업,2016-02-26 15:05:37,,2013-01-25,,서울특별시 관악구 신림동 1438번지 1호,PHMH320133200033087500053,3200000,"서울특별시 관악구 신림동길 15 (신림동, 강남하우스)",08760,03,폐업,,,,070-4190-3457
CU 서울대우신점,2024-06-19,195859.760078179,441983.104899825,2026-04-26 22:00:58,I,03,폐업,2024-06-19 19:06:29,,2013-01-29,,서울특별시 관악구 봉천동 1602번지 1호,PHMH320133200033087500055,3200000,서울특별시 관악구 관악로16길 26 (봉천동),08788,03,폐업,,,,
이마트24 서원은혜점,2019-06-10,194502.183624248,441520.820141982,2026-04-26 22:00:58,I,03,폐업,2019-06-11 09:55:09,,2013-02-19,,서울특별시 관악구 신림동 94번지 95호,PHMH320133200033087500058,3200000,서울특별시 관악구 신림로36길 22 (신림동),08828,03,폐업,,,,
GS25 신림관천로점,2022-01-28,193011.162392195,442848.981553096,2026-04-26 22:00:58,I,03,폐업,2022-01-28 17:50:19,,2013-02-20,,서울특별시 관악구 신림동 459번지 4호,PHMH320133200033087500059,3200000,서울특별시 관악구 관천로 107 (신림동),08703,03,폐업,,,,
인스토어,2017-04-13,193190.488963795,442569.58718033,2026-04-26 22:00:58,I,03,폐업,2017-04-13 17:36:35,,2013-02-22,,서울특별시 관악구 신림동 1465번지 1호,PHMH320133200033087500060,3200000,서울특별시 관악구 관천로 75 (신림동),08764,03,폐업,,,,
GS25 관악보라매점,2017-02-01,193405.406775623,443231.666283907,2026-04-26 22:00:58,I,03,폐업,2017-02-01 17:51:03,,2013-02-25,,서울특별시 관악구 봉천동 702번지 108호,PHMH320133200033087500061,3200000,"서울특별시 관악구 보라매로3길 17 (봉천동, 동방파레스)",08708,03,폐업,,,,
세븐일레븐 관악예술점,2019-06-18,197814.399061877,441563.894449478,2026-04-26 22:01:01,I,03,폐업,2019-06-19 09:59:37,,2013-03-04,,서울특별시 관악구 남현동 1056번지 29호,PHMH320133200033087500063,3200000,"서울특별시 관악구 남부순환로 2046, 2층 (남현동, 수정빌딩)",08805,03,폐업,,,,
세븐일레븐 난곡법원단지점,2018-04-02,192800.290999607,441382.863035041,2026-04-26 22:00:58,I,03,폐업,2018-04-02 17:47:45,,2013-03-29,,서울특별시 관악구 신림동 608번지 18호,PHMH320133200033087500067,3200000,서울특별시 관악구 법원단지5길 5 (신림동),08850,03,폐업,,,,34635634
베스트올 당곡사거리점,2016-03-14,193547.481187712,442986.213945228,2026-04-26 22:00:58,I,03,폐업,2016-03-14 15:34:53,,2013-04-03,,서울특별시 관악구 신림동 1429번지 1호,PHMH320133200033087500068,3200000,서울특별시 관악구 신림로 391 (신림동),08707,03,폐업,,,,
IGA 서울대역점,2021-10-26,195995.335867262,442032.25797117,2026-04-26 22:01:01,I,03,폐업,2021-10-26 17:38:59,,2013-04-10,,서울특별시 관악구 봉천동 1666번지 69호,PHMH320133200033087500069,3200000,서울특별시 관악구 남부순환로 1849 (봉천동),08738,03,폐업,,,,
GS25 난곡은하점,2014-01-10,192536.131749534,441361.985758126,2026-04-26 22:00:58,I,03,폐업,2014-01-10 10:53:58,,2014-01-10,151-887,서울특별시 관악구 신림동 727번지 5호,PHMH320143200033087500001,3200000,서울특별시 관악구 미성3길 1 (신림동),,03,폐업,,,,
GS25 난곡은하점,2015-12-18,192536.131749534,441361.985758126,2026-04-26 22:00:58,I,03,폐업,2015-12-18 12:48:50,,2014-01-10,151-887,서울특별시 관악구 신림동 727번지 5호,PHMH320143200033087500002,3200000,서울특별시 관악구 미성3길 1 (신림동),08864,03,폐업,,,,
CU 봉천두산점,2016-01-07,194879.596231677,442483.131081868,2026-04-26 22:01:01,I,03,폐업,2016-01-07 17:45:32,,2014-01-17,151-782,서울특별시 관악구 봉천동 1708번지,PHMH320143200033087500003,3200000,"서울특별시 관악구 봉천로 387, 1상가동 107호 (봉천동, 두산아파트 )",08750,03,폐업,,,,
CU 원당시장점,2014-05-19,196911.038760415,441298.336126842,2026-04-26 22:01:01,I,03,폐업,2014-05-19 17:50:44,,2014-01-17,151-061,서울특별시 관악구 봉천동 1639번지 1호,PHMH320143200033087500004,3200000,"서울특별시 관악구 인헌6길 15, 103호 (봉천동, 새한빌딩)",,03,폐업,,,,
미니스톱 봉천남부점,2017-05-22,194675.304762416,442261.730997784,2026-04-26 22:00:58,I,03,폐업,2017-05-22 17:16:53,,2012-11-12,151-050,서울특별시 관악구 봉천동 930번지 39호,PHMH320143200033087500005,3200000,서울특별시 관악구 남부순환로 1716 (봉천동),08784,03,폐업,,,,
바이더웨이 신림점,2014-01-27,194052.406287408,440860.610546242,2026-04-26 22:00:58,I,03,폐업,2014-01-27 18:49:47,,2014-01-27,151-895,서울특별시 관악구 신림동 1531번지 1호,PHMH320143200033087500006,3200000,서울특별시 관악구 호암로24길 6 (신림동),,03,폐업,,,,
CU 관악구청점,2014-05-20,195530.129863377,441841.299028681,2026-04-26 22:01:01,I,03,폐업,2014-05-20 10:24:21,,2014-01-28,151-058,서울특별시 관악구 봉천동 1572번지 15호,PHMH320143200033087500007,3200000,서울특별시 관악구 쑥고개로 124 (봉천동),,03,폐업,,,,
365플러스관악신림점,2016-04-11,193569.896345136,442514.846589183,2026-04-26 22:00:58,I,03,폐업,2016-04-11 16:39:29,,2014-03-20,151-892,서울특별시 관악구 신림동 1433번지 55호 프라비다트라움 102~103호,PHMH320143200033087500008,3200000,"서울특별시 관악구 신림로65길 27, 102~103호 (신림동, 프라비다트라움)",08759,03,폐업,,,,
365플러스신림고시촌점,2016-06-29,194217.805892946,440635.899216537,2026-04-26 22:00:58,I,03,폐업,2016-06-29 15:38:03,,2014-03-24,151-897,서울특별시 관악구 신림동 1546번지 17호,PHMH320143200033087500009,3200000,서울특별시 관악구 대학10길 40 (신림동),08819,03,폐업,,,,
미니스톱 관악정옥점,2014-04-03,195521.566309148,442015.719738593,2026-04-26 22:00:58,I,03,폐업,2014-04-03 16:58:08,,2014-04-03,,,PHMH320143200033087500011,3200000,서울특별시 관악구 관악로15길 39 (봉천동),,03,폐업,,,,
GS25 신림신화점,2017-07-25,194269.347577014,441448.325594389,2026-04-26 22:00:58,I,03,폐업,2017-07-25 17:29:49,,2014-04-07,151-866,서울특별시 관악구 신림동 407번지 11호 1층,PHMH320143200033087500012,3200000,"서울특별시 관악구 신림로 195, 1층 (신림동)",08845,03,폐업,,,,
미니스톱 관악정옥점,2018-11-21,195521.566309148,442015.719738593,2026-04-26 22:00:58,I,03,폐업,2018-11-21 17:15:22,,2014-04-29,151-058,서울특별시 관악구 봉천동 877번지 1호,PHMH320143200033087500014,3200000,서울특별시 관악구 관악로15길 39 (봉천동),08786,03,폐업,,,,
세븐일레븐 신림대학점,2014-05-19,194408.214483606,440998.894144879,2026-04-26 22:00:58,I,03,폐업,2014-05-19 17:47:41,,2012-11-08,151-856,서울특별시 관악구 신림동 118번지 3호,PHMH320143200033087500017,3200000,서울특별시 관악구 신림로 108 (신림동),,03,폐업,,,,
CU 관악롯데점,2016-07-01,193372.089795555,443112.258848595,2026-04-26 22:00:58,I,03,폐업,2016-07-01 14:24:18,,2014-05-26,151-830,서울특별시 관악구 봉천동 972번지 26호,PHMH320143200033087500018,3200000,서울특별시 관악구 봉천로 217 (봉천동),08708,03,폐업,,,,
세븐일레븐 관악조원점,2016-05-13,192194.15656774,442473.515954248,2026-04-26 22:00:58,I,03,폐업,2016-05-13 09:54:57,,2014-05-27,151-876,서울특별시 관악구 신림동 532번지 26호,PHMH320143200033087500019,3200000,서울특별시 관악구 조원로 92 (신림동),08767,03,폐업,,,,
GS25 인헌마루점,2014-11-06,197154.399794655,440822.536491499,2026-04-26 22:01:01,I,03,폐업,2014-11-06 14:37:18,,2014-06-05,151-061,서울특별시 관악구 봉천동 180번지 205호,PHMH320143200033087500020,3200000,서울특별시 관악구 인헌길 141 (봉천동),,03,폐업,,,,
CU 원당시장점,2016-10-19,196911.038760415,441298.336126842,2026-04-26 22:00:58,I,03,폐업,2016-10-19 13:49:28,,2014-06-05,151-061,서울특별시 관악구 봉천동 1639번지 1호,PHMH320143200033087500021,3200000,"서울특별시 관악구 인헌6길 15, 103호 (봉천동, 새한빌딩)",08797,03,폐업,,,,
GS25 신림으뜸점,2019-06-03,194348.667096569,441193.877483006,2026-04-26 22:00:58,I,03,폐업,2019-06-04 09:37:07,,2014-06-10,151-855,"서울특별시 관악구 신림동 108번지 80호 1,2층",PHMH320143200033087500022,3200000,"서울특별시 관악구 복은4길 56, 1,2층 (신림동)",08837,03,폐업,,,,
미니스톱 신림푸리마점,2018-12-31,193515.128750387,442357.981026767,2026-04-26 22:00:58,I,03,폐업,2018-12-31 15:32:21,,2014-06-24,151-930,서울특별시 관악구 신림동 1639번지 51호,PHMH320143200033087500025,3200000,"서울특별시 관악구 관천로 38, 101호 (신림동, 푸리마타운)",08776,03,폐업,,,,
미니스톱 남현점,2018-08-03,198248.942426333,441541.599784266,2026-04-26 22:00:58,I,03,폐업,2018-08-03 15:27:02,,2014-06-30,151-080,서울특별시 관악구 남현동 1060번지 10호,PHMH320143200033087500027,3200000,"서울특별시 관악구 남부순환로 2082-25, 1층 (남현동)",08806,03,폐업,,,,
GS25 당곡사거리점,2016-05-31,193547.481187712,442986.213945228,2026-04-26 22:00:58,I,03,폐업,2016-05-31 17:13:28,,2014-07-03,151-891,서울특별시 관악구 신림동 1429번지 1호,PHMH320143200033087500028,3200000,"서울특별시 관악구 신림로 391, 1층 (신림동)",08707,03,폐업,,,,
GS25 가산용주,2017-05-30,189951.567774536,441278.590689047,2026-04-26 22:00:56,I,03,폐업,2017-05-31 11:35:13,,2012-11-08,153-023,서울특별시 금천구 가산동 238번지 84호 101호,PHMH320123170035087500001,3170000,"서울특별시 금천구 벚꽃로24길 14, 101호 (가산동)",08518,03,폐업,,,,
GS25 금천패션,2014-07-23,189863.598209033,441870.90420315,2026-04-26 22:00:56,I,03,폐업,2014-07-25 13:53:18,,2012-11-08,153-760,서울특별시 금천구 가산동 60번지 21호 101호,PHMH320123170035087500002,3170000,"서울특별시 금천구 디지털로9길 33, 101호 (가산동, IT타워)",,03,폐업,,,,20275677
세븐일레븐 독산희망점,2020-08-26,191354.323540748,440509.382320113,2026-04-26 22:00:56,I,03,폐업,2020-08-27 08:51:11,,2012-11-08,153-821,서울특별시 금천구 독산동 1022번지 97호,PHMH320123170035087500003,3170000,서울특별시 금천구 독산로70길 23 (독산동),08558,03,폐업,,,,070-4207-1712
미니스톱 가산엠파이어점,2014-12-11,189978.050925581,440363.954453659,2026-04-26 22:00:56,I,03,폐업,2014-12-12 14:58:49,,2012-11-08,153-716,서울특별시 금천구 가산동 685번지 디지털엠파이어 107호,PHMH320123170035087500004,3170000,"서울특별시 금천구 범안로 1130, 107호 (가산동, 디지털엠파이어)",,03,폐업,,,,26242455
미니스톱 금천벽산점,2014-05-01,189232.30642848,442478.356256941,2026-04-26 22:00:56,I,03,폐업,2015-05-13 15:12:21,,2012-11-08,153-704,서울특별시 금천구 가산동 481번지 4호,PHMH320123170035087500005,3170000,"서울특별시 금천구 가산디지털1로 219, 103호 (가산동, 벽산디지털밸리6차)",,03,폐업,,,,
씨유 시흥대로점,2014-09-01,191075.857097963,439485.637630184,2026-04-26 22:00:56,I,03,폐업,2014-09-02 11:39:05,,2012-11-08,153-857,서울특별시 금천구 시흥동 870번지 10호,PHMH320123170035087500006,3170000,서울특별시 금천구 시흥대로 266 (시흥동),,03,폐업,,,,
씨유 가산이엔씨8차점,2014-04-03,189812.421197411,440866.434242768,2026-04-26 22:00:56,I,03,폐업,2014-04-03 13:46:10,,2012-11-08,153-793,서울특별시 금천구 가산동 327번지 27호 이앤씨드림타워8차 101-1호,PHMH320123170035087500007,3170000,"서울특별시 금천구 가산디지털1로 45, 101-1호 (가산동, 이앤씨드림타워8차)",,03,폐업,,,,63406888
GS25 트윈테크점,2022-05-09,189575.815287955,441503.181731081,2026-04-26 22:00:56,I,03,폐업,2022-05-09 14:09:26,,2012-11-08,153-773,서울특별시 금천구 가산동 345번지 9호 SK트윈테크타워 A-103호,PHMH320123170035087500008,3170000,"서울특별시 금천구 가산디지털1로 119, A-103호 (가산동, SK트윈테크타워)",08589,03,폐업,,,,
미니스톱 가산재능점,2017-09-05,189452.382474246,442205.867457803,2026-04-26 22:00:56,I,03,폐업,2017-09-05 17:22:00,,2012-11-08,153-792,서울특별시 금천구 가산동 459번지 11호 제이플라츠 104호,PHMH320123170035087500009,3170000,"서울특별시 금천구 가산디지털1로 186, 104호 (가산동, 제이플라츠)",08502,03,폐업,,,,
씨유 독산신도점,2016-09-23,191106.044793348,441695.353875235,2026-04-26 22:00:56,I,03,폐업,2016-09-23 09:27:06,,2012-11-08,153-869,서울특별시 금천구 독산동 955번지 신도단지내상가,PHMH320123170035087500010,3170000,"서울특별시 금천구 시흥대로152길 25, 111~112호 (독산동, 신도단지내상가)",08536,03,폐업,,,,
세븐일레븐 파트너스타워점,2018-06-05,189700.026948955,441229.110998601,2026-04-26 22:00:56,I,03,폐업,2018-06-05 14:15:12,,2012-11-08,153-802,서울특별시 금천구 가산동 345번지 13호 파트너스타워 103호,PHMH320123170035087500011,3170000,"서울특별시 금천구 가산디지털1로 83, 103호 (가산동, 파트너스타워)",08589,03,폐업,,,,
씨유 시흥유통점,2022-09-15,191339.521436397,437653.308606196,2026-04-26 22:00:56,I,03,폐업,2022-09-15 13:39:15,,2012-11-08,,서울특별시 금천구 시흥동 983번지 8호,PHMH320123170035087500012,3170000,"서울특별시 금천구 시흥대로 77, 8호 (시흥동)",08640,03,폐업,,,,
미니스톱 가산캐슬점,2016-06-17,189369.53962474,441629.361414684,2026-04-26 22:00:56,I,03,폐업,2016-06-17 17:14:07,,2012-11-08,153-023,서울특별시 금천구 가산동 550번지 1호,PHMH320123170035087500015,3170000,"서울특별시 금천구 가산디지털2로 98, 2동 113호 (가산동, 롯데IT캐슬)",08506,03,폐업,,,,070-7674-6414
세븐일레븐 문성로점,2016-01-04,191880.638256107,441656.167146869,2026-04-26 22:00:56,I,03,폐업,2016-01-06 10:02:16,,2012-11-08,153-820,서울특별시 금천구 독산동 894번지 15호,PHMH320123170035087500016,3170000,서울특별시 금천구 문성로 49 (독산동),08549,03,폐업,,,,
세븐일레븐 금천구청점,2013-10-24,191002.712790205,439187.567308617,2026-04-26 22:00:56,I,03,폐업,2013-10-24 15:02:09,,2012-11-08,153-839,서울특별시 금천구 시흥동 121번지 1호,PHMH320123170035087500017,3170000,서울특별시 금천구 시흥대로63길 7 (시흥동),,03,폐업,,,,070-7625-3825
GS25 봉천아이원점,2024-01-10,195147.907830202,441857.781793531,2026-04-26 22:00:58,I,03,폐업,2024-01-10 14:52:36,,2014-07-11,151-050,서울특별시 관악구 봉천동 1575번지 3호,PHMH320143200033087500029,3200000,"서울특별시 관악구 청룡9길 1, 1층 (봉천동)",08831,03,폐업,,,,
CU 서림태양점,2020-09-18,194581.7576418,441502.678302557,2026-04-26 22:00:58,I,03,폐업,2020-09-21 11:48:19,,2014-07-17,151-854,서울특별시 관악구 신림동 1564번지 55호,PHMH320143200033087500031,3200000,서울특별시 관악구 쑥고개로2길 43 (신림동),08829,03,폐업,,,,
(주)코리아세븐 관악청룡점,2023-08-30,195282.576460578,442121.142822272,2026-04-26 22:01:01,I,03,폐업,2023-08-30 14:25:09,,2014-07-25,151-050,서울특별시 관악구 봉천동 894번지 2호,PHMH320143200033087500032,3200000,서울특별시 관악구 청룡1길 19 (봉천동),08786,03,폐업,,,,
세븐일레븐 은천점,2015-12-30,194443.716325683,442566.916052805,2026-04-26 22:00:58,I,03,폐업,2015-12-30 16:42:02,,2014-07-28,151-843,서울특별시 관악구 봉천동 950번지 25호 1층,PHMH320143200033087500033,3200000,"서울특별시 관악구 봉천로 335, 1층 (봉천동)",08749,03,폐업,,,,
GS25 신림복은점,2024-05-28,194552.266248623,441373.093379836,2026-04-26 22:00:58,I,03,폐업,2024-05-28 14:43:15,,2014-08-14,151-855,서울특별시 관악구 신림동 99번지 29호,PHMH320143200033087500034,3200000,서울특별시 관악구 복은길 60 (신림동),08834,03,폐업,,,,
세븐일레븐 관악까치점,2014-08-28,197093.138961117,441446.292039193,2026-04-26 22:00:58,I,03,폐업,2014-08-28 13:25:51,,2014-08-28,151-050,서울특별시 관악구 봉천동 1655번지 15호,PHMH320143200033087500035,3200000,서울특별시 관악구 남부순환로 1974 (봉천동),,03,폐업,,,,
CU 관악신도점,2017-11-02,191871.798298167,442373.748305384,2026-04-26 22:00:58,I,03,폐업,2017-11-02 18:01:35,,2014-09-25,151-877,서울특별시 관악구 신림동 561번지 5호 1층,PHMH320143200033087500036,3200000,"서울특별시 관악구 조원로 58, 1층 (신림동)",08766,03,폐업,,,,
GS25 관악쑥고개점,2022-06-07,195607.051481003,441872.590443628,2026-04-26 22:00:58,I,03,폐업,2022-06-07 13:41:14,,2014-09-25,151-841,서울특별시 관악구 봉천동 1568번지 8호 1층,PHMH320143200033087500037,3200000,"서울특별시 관악구 쑥고개로 129, 1층 (봉천동)",08787,03,폐업,,,,
CU 관악푸르지오점,2020-01-29,196355.216168475,442855.677222572,2026-04-26 22:00:58,I,03,폐업,2020-01-29 16:27:00,,2014-09-26,151-050,서울특별시 관악구 봉천동 13번지 45호,PHMH320143200033087500038,3200000,"서울특별시 관악구 청림6길 6, 1층 (봉천동)",08733,03,폐업,,,,
편의점사랑 난우점,2020-11-25,192926.083567628,440552.494060067,2026-04-26 22:00:58,I,03,폐업,2020-11-26 11:48:08,,2014-09-29,151-889,서울특별시 관악구 신림동 656번지 1호,PHMH320143200033087500039,3200000,서울특별시 관악구 난곡로16길 3 (신림동),08857,03,폐업,63,,,070-8222-8592
CU 관악까치점,2014-09-30,196312.573935098,442048.388382969,2026-04-26 22:00:58,I,03,폐업,2014-09-30 17:36:38,,2013-04-05,151-050,서울특별시 관악구 봉천동 100번지 499호,PHMH320143200033087500040,3200000,서울특별시 관악구 남부순환로233길 33 (봉천동),,03,폐업,,,,
365플러스 신림관천로점,2019-07-18,193351.503214468,442520.084703643,2026-04-26 22:00:58,I,03,폐업,2019-07-18 16:40:10,,2014-10-01,151-892,서울특별시 관악구 신림동 1433번지 195호,PHMH320143200033087500042,3200000,서울특별시 관악구 관천로 62-1 (신림동),08759,03,폐업,,,,
CU 관악까치점,2015-12-30,196312.573935098,442048.388382969,2026-04-26 22:00:58,I,03,폐업,2015-12-30 16:38:13,,2014-10-06,,,PHMH320143200033087500043,3200000,서울특별시 관악구 남부순환로233길 33 (봉천동),08740,03,폐업,,,,
GS25 봉천동신점,2023-02-15,194287.091311507,442965.19247289,2026-04-26 22:00:58,I,03,폐업,2023-02-15 13:30:50,,2014-10-24,,,PHMH320143200033087500047,3200000,서울특별시 관악구 봉천로21나길 35 (봉천동),08718,03,폐업,,,,
CU 관악국화점,2019-11-01,192997.563589497,440874.243770197,2026-04-26 22:00:58,I,03,폐업,2019-11-01 17:08:05,,2014-10-28,151-883,서울특별시 관악구 신림동 638번지 2호,PHMH320143200033087500048,3200000,서울특별시 관악구 난곡로26길 34 (신림동),08856,03,폐업,,,,
CU 남강학사점,2022-07-07,192891.551548739,441149.004686683,2026-04-26 22:00:58,I,03,폐업,2022-07-07 15:43:49,,2014-10-30,151-880,서울특별시 관악구 신림동 622번지 1호,PHMH320143200033087500049,3200000,서울특별시 관악구 난곡로34길 22 (신림동),08854,03,폐업,,,,
CU 관악미성점,2024-05-21,192403.860741324,442095.332266396,2026-04-26 22:00:58,I,03,폐업,2024-05-21 15:18:39,,2014-10-30,151-898,서울특별시 관악구 신림동 1568번지 1호,PHMH320143200033087500050,3200000,서울특별시 관악구 난곡로 302 (신림동),08772,03,폐업,,,,
GS25 인헌마루점,2018-08-16,197154.399794655,440822.536491499,2026-04-26 22:00:58,I,03,폐업,2018-08-16 17:17:46,,2014-11-24,151-050,서울특별시 관악구 봉천동 180번지 205호,PHMH320143200033087500051,3200000,"서울특별시 관악구 인헌길 141, 1층 (봉천동)",08800,03,폐업,,,,
세븐일레븐 봉천해주점,2025-09-02,195650.740376181,442198.938419516,2026-04-26 22:00:58,I,03,폐업,2025-09-02 19:07:31,,2014-12-05,151-056,서울특별시 관악구 봉천동 870번지 1호,PHMH320143200033087500052,3200000,"서울특별시 관악구 봉천로 466, 1층 101호 (봉천동)",08758,03,폐업,,,,
GS25 낙성대역점,2018-09-11,196805.584087009,441638.79548745,2026-04-26 22:00:58,I,03,폐업,2018-09-11 17:44:43,,2014-12-11,151-050,서울특별시 관악구 봉천동 1687번지 23호,PHMH320143200033087500053,3200000,"서울특별시 관악구 남부순환로 1937, 1층 (봉천동)",08801,03,폐업,,,,
GS25 신대방역점,2016-05-26,192190.332797493,442669.903698066,2026-04-26 22:00:58,I,03,폐업,2016-05-26 17:23:52,,2014-12-23,151-015,서울특별시 관악구 신림동 518번지 18호,PHMH320143200033087500055,3200000,"서울특별시 관악구 신사로 86, 1층 (신림동)",08701,03,폐업,,,,
미니스톱 신림신사점,2017-06-19,192411.762521566,442740.605600999,2026-04-26 22:00:58,I,03,폐업,2017-06-20 10:40:43,,2014-12-29,151-871,서울특별시 관악구 신림동 500번지 1호 1층,PHMH320143200033087500056,3200000,"서울특별시 관악구 난곡로78길 26, 1층 (신림동)",08702,03,폐업,,,,
CU 신림이화점,2015-01-02,194691.872229764,440990.367325987,2026-04-26 22:00:58,I,03,폐업,2015-01-02 17:39:09,,2015-01-02,151-856,서울특별시 관악구 신림동 103번지 201호,PHMH320153200033087500001,3200000,서울특별시 관악구 서림길 127 (신림동),,03,폐업,,,,
CU 신림이화점,2019-01-30,194691.872229764,440990.367325987,2026-04-26 22:00:58,I,03,폐업,2019-02-13 17:47:46,,2015-01-02,151-856,서울특별시 관악구 신림동 103번지 201호 지하1층 202호,PHMH320153200033087500002,3200000,"서울특별시 관악구 서림길 127, 지하1층 202호 (신림동)",08840,03,폐업,,,,
CU 남부순환로점,2021-01-13,194366.482534981,442434.858483922,2026-04-26 22:00:58,I,03,폐업,2021-01-13 15:28:47,,2015-01-07,151-852,서울특별시 관악구 신림동 10번지 621호 관동캐슬오피스텔 101호,PHMH320153200033087500003,3200000,"서울특별시 관악구 남부순환로 1680, 101호 (신림동, 관동캐슬오피스텔)",08780,03,폐업,,,,
미니스톱 가산대륭점,2014-05-15,189686.475000033,440870.092608694,2026-04-26 22:00:56,I,03,폐업,2014-05-15 16:00:51,,2012-11-08,153-023,서울특별시 금천구 가산동 327번지 32호,PHMH320123170035087500018,3170000,"서울특별시 금천구 가산디지털2로 14, 105호 (가산동, 대륭테크노타운12차)",,03,폐업,,,,
씨유 가산하이엔드7차,2013-11-08,189417.678263584,441342.660096623,2026-04-26 22:00:58,I,03,폐업,2013-11-08 14:24:19,,2012-11-09,153-794,서울특별시 금천구 가산동 345번지 33호 102호,PHMH320123170035087500021,3170000,"서울특별시 금천구 가산디지털2로 67, 102호 (가산동, 에이스하이엔드타워7차)",,03,폐업,,,,
세븐일레븐 금천은행나무점,2023-08-30,191853.267992546,438727.034928282,2026-04-26 22:00:56,I,03,폐업,2023-08-30 11:12:23,,2012-11-09,153-859,서울특별시 금천구 시흥동 911번지 7호,PHMH320123170035087500023,3170000,서울특별시 금천구 금하로24길 7 (시흥동),08644,03,폐업,,,,
씨스페이스 시흥국악점,2017-09-05,191434.133067196,441004.915225775,2026-04-26 22:00:56,I,03,폐업,2017-09-05 17:21:49,,2012-11-09,,,PHMH320123170035087500024,3170000,"서울특별시 금천구 독산로80길 13, 65호 (독산동)",08555,03,폐업,,,,
GS25독산쌈지점,2022-02-16,191434.133067196,441004.915225775,2026-04-26 22:00:56,I,03,폐업,2022-02-16 10:53:37,,2012-11-09,153-011,서울특별시 금천구 독산동 181번지 65호,PHMH320123170035087500025,3170000,"서울특별시 금천구 독산로80길 13, 1층 (독산동)",08555,03,폐업,,,,
미니스톱 가산하이엔드점,2014-09-01,189855.309927286,441540.894601732,2026-04-26 22:00:56,I,03,폐업,2014-09-02 11:38:52,,2012-11-09,153-801,서울특별시 금천구 가산동 60번지 25호 에이스하이엔드6차 107호,PHMH320123170035087500026,3170000,"서울특별시 금천구 벚꽃로 234, 107호 (가산동, 에이스하이엔드6차)",,03,폐업,,,,62995990
GS25 시흥별장점,2016-05-09,191851.767471121,438552.144226235,2026-04-26 22:00:56,I,03,폐업,2016-05-09 09:57:23,,2012-11-15,,,PHMH320123170035087500028,3170000,서울특별시 금천구 금하로24가길 4 (시흥동),08644,03,폐업,,,,
GS25 시흥만섬,2018-04-05,191237.492605272,439052.867260844,2026-04-26 22:00:56,I,03,폐업,2018-04-06 12:46:01,,2012-11-15,,,PHMH320123170035087500029,3170000,서울특별시 금천구 시흥대로52길 51 (시흥동),08628,03,폐업,,,,
GS25 벽산밸리점,2014-02-21,189127.981104583,442460.505542105,2026-04-26 22:00:56,I,03,폐업,2014-02-24 09:39:25,,2012-11-15,153-783,서울특별시 금천구 가산동 481번지 10호,PHMH320123170035087500030,3170000,서울특별시 금천구 가산디지털2로 184 (가산동),,03,폐업,,,,
씨유 금천가산점,2017-01-23,190578.336566024,441696.516668361,2026-04-26 22:00:56,I,03,폐업,2017-01-23 17:44:11,,2012-11-15,153-801,서울특별시 금천구 가산동 151번지 1호,PHMH320123170035087500031,3170000,서울특별시 금천구 남부순환로112길 31 (가산동),08529,03,폐업,,,,
미니스톱 독산본점,2020-04-17,190894.963989136,440258.510288315,2026-04-26 22:00:56,I,03,폐업,2020-04-20 08:31:37,,2012-11-16,,서울특별시 금천구 독산동 1054번지 10호,PHMH320123170035087500032,3170000,"서울특별시 금천구 시흥대로 346, 10호 (독산동)",08616,03,폐업,,,,
GS25 시흥금빛점,2014-04-17,191416.757996734,439015.961045748,2026-04-26 22:00:56,I,03,폐업,2014-04-17 18:00:55,,2012-11-16,153-858,서울특별시 금천구 시흥동 886번지 11호,PHMH320123170035087500033,3170000,서울특별시 금천구 금하로14길 6 (시흥동),,03,폐업,,,,
㈜코리아세븐 금천시흥점,2018-10-05,191148.965865391,439220.26822065,2026-04-26 22:00:58,I,03,폐업,2018-10-08 15:05:04,,2012-11-16,153-857,서울특별시 금천구 시흥동 882번지 54호,PHMH320123170035087500035,3170000,서울특별시 금천구 시흥대로 238 (시흥동),08626,03,폐업,,,,
씨유 가산ENC7차점,2018-06-29,189943.546219232,441990.817436962,2026-04-26 22:00:56,I,03,폐업,2018-07-02 07:17:58,,2012-11-16,,서울특별시 금천구 가산동 60번지 44호,PHMH320123170035087500038,3170000,"서울특별시 금천구 디지털로9길 46, 44호 (가산동, 이앤씨드림타워7차)",08512,03,폐업,,,,63304777
씨유 가산에스케이점,2016-09-27,189575.815287955,441503.181731081,2026-04-26 22:00:56,I,03,폐업,2016-09-27 16:15:46,,2012-11-16,153-773,서울특별시 금천구 가산동 345번지 9호,PHMH320123170035087500039,3170000,서울특별시 금천구 가산디지털1로 119 (가산동),08589,03,폐업,,,,
미니스톱(가산테크노점),2014-07-22,189089.927764903,442569.300676147,2026-04-26 22:00:56,I,03,폐업,2014-07-22 17:38:13,,2012-11-16,153-775,서울특별시 금천구 가산동 481번지 11호,PHMH320123170035087500040,3170000,서울특별시 금천구 가마산로 96 (가산동),,03,폐업,,,,
GS25 금천럭키점,2015-04-27,191248.316331334,438675.005717089,2026-04-26 22:00:56,I,03,폐업,2015-05-19 15:07:20,,2012-11-19,153-864,서울특별시 금천구 시흥동 991번지 18호,PHMH320123170035087500041,3170000,서울특별시 금천구 시흥대로 183 (시흥동),,03,폐업,,,,
씨유 시흥본점,2013-10-18,191219.962380735,439204.015762203,2026-04-26 22:00:56,I,03,폐업,2013-10-18 17:58:43,,2012-11-19,153-857,서울특별시 금천구 시흥동 879번지 21호,PHMH320123170035087500042,3170000,서울특별시 금천구 금하로 633 (시흥동),,03,폐업,,,,
GS25 시흥점,2023-01-18,191049.805464418,439166.771268508,2026-04-26 22:00:56,I,03,폐업,2023-01-18 14:32:40,,2012-11-26,153-839,서울특별시 금천구 시흥동 124번지 1호,PHMH320123170035087500045,3170000,서울특별시 금천구 금하로 617 (시흥동),08615,03,폐업,,,,
세븐일레븐 가산디지털역점,2019-09-25,189616.142056546,442201.740263751,2026-04-26 22:00:56,I,03,폐업,2019-09-25 09:40:59,,2012-11-26,153-800,서울특별시 금천구 가산동 43번지 1호,PHMH320123170035087500046,3170000,서울특별시 금천구 벚꽃로38길 5 (가산동),08509,03,폐업,,,,
GS25 가산태양,2016-11-04,190535.904870884,441554.623217523,2026-04-26 22:00:56,I,03,폐업,2016-11-04 10:49:29,,2012-11-09,153-801,서울특별시 금천구 가산동 149번지 27호,PHMH320123170035087500047,3170000,서울특별시 금천구 시흥대로153길 89 (가산동),08532,03,폐업,,,,
미니스톱 가산월드점,2015-10-22,189419.091886816,441207.655086501,2026-04-26 22:00:56,I,03,폐업,2015-10-22 15:18:58,,2012-11-12,153-706,서울특별시 금천구 가산동 345번지 90호 월드메르디앙2차 104호,PHMH320123170035087500048,3170000,"서울특별시 금천구 가산디지털2로 53, 104호 (가산동, 월드메르디앙2차)",08588,03,폐업,,,,
365플러스 가산대륭6,2020-02-17,189662.959175776,442139.514492212,2026-04-26 22:00:56,I,03,폐업,2020-02-17 16:33:38,,2012-11-08,153-715,서울특별시 금천구 가산동 50번지 3호 125호,PHMH320123170035087500049,3170000,"서울특별시 금천구 벚꽃로 298, 125호 (가산동, 대륭포스트타워6차)",08510,03,폐업,,,,
미니스톱 가산한라점,2014-11-12,189419.091886816,441207.655086501,2026-04-26 22:00:56,I,03,폐업,2014-11-12 17:53:08,,2012-11-12,153-706,서울특별시 금천구 가산동 345번지 90호 한라시그마밸리 102호,PHMH320123170035087500050,3170000,"서울특별시 금천구 가산디지털2로 53, 102호 (가산동, 한라시그마밸리)",,03,폐업,,,,64435714
GS25 독산반수점,2017-06-12,191372.117436323,441413.396592601,2026-04-26 22:00:56,I,03,폐업,2017-06-13 10:16:22,,2012-11-12,153-825,서울특별시 금천구 독산동 978번지 36호,PHMH320123170035087500051,3170000,서울특별시 금천구 독산로 313 (독산동),08542,03,폐업,,,,
CU 신림패션점,2015-05-06,193370.571993315,442780.180654212,2026-04-26 22:01:01,I,03,폐업,2015-05-06 17:13:33,,2015-02-06,151-928,서울특별시 관악구 신림동 1458번지 3호 1층,PHMH320153200033087500006,3200000,"서울특별시 관악구 신림동길 26, 1층 (신림동)",,03,폐업,,,,
CU 관악난우점,2023-06-20,192664.250654592,441540.854776077,2026-04-26 22:00:58,I,03,폐업,2023-06-20 17:42:52,,2015-02-13,151-878,서울특별시 관악구 신림동 602번지 1호 1층,PHMH320153200033087500007,3200000,"서울특별시 관악구 난우길 36, 1층 (신림동)",08850,03,폐업,,,,
GS25 서울대역점,2018-10-16,195734.652923861,441754.056240254,2026-04-26 22:00:58,I,03,폐업,2018-10-16 15:41:04,,2015-02-16,151-057,서울특별시 관악구 봉천동 1597번지 1호 1층,PHMH320153200033087500008,3200000,"서울특별시 관악구 관악로 144, 1층 (봉천동)",08791,03,폐업,,,,
세븐일레븐 신림로점,2017-05-17,193708.25432954,442276.901107272,2026-04-26 22:00:58,I,03,폐업,2017-05-17 17:49:22,,2015-02-26,151-930,서울특별시 관악구 신림동 1638번지 17호 1층,PHMH320153200033087500009,3200000,"서울특별시 관악구 신림로 317, 1층 (신림동)",08776,03,폐업,,,,
GS25 봉천인헌점,2020-03-31,197114.571879522,441170.362157077,2026-04-26 22:00:58,I,03,폐업,2020-03-31 11:09:01,,2015-02-26,151-061,서울특별시 관악구 봉천동 1646번지 28호 1층,PHMH320153200033087500010,3200000,"서울특별시 관악구 인헌9길 28, 1층 (봉천동)",08796,03,폐업,,,,
세븐일레븐 신림법학원점,2023-06-23,194701.837099607,440904.705948101,2026-04-26 22:00:58,I,03,폐업,2023-06-23 16:02:20,,2012-11-13,151-858,서울특별시 관악구 신림동 237번지 6호 외4필지,PHMH320153200033087500011,3200000,서울특별시 관악구 신림로 77 (신림동),08814,03,폐업,,,,
세븐일레븐 관악금강점,2019-11-28,191506.248364678,442039.228312129,2026-04-26 22:00:58,I,03,폐업,2019-11-28 17:48:14,,2015-03-02,151-904,서울특별시 관악구 신림동 1669번지 금강빌딩 1층 104호,PHMH320153200033087500012,3200000,"서울특별시 관악구 조원중앙로 8, 1층 104호 (신림동, 금강빌딩)",08765,03,폐업,,,,
GS25 난곡로점,2019-02-21,192427.198450417,441944.759298528,2026-04-26 22:00:58,I,03,폐업,2019-02-21 15:06:30,,2015-03-12,151-899,"서울특별시 관악구 신림동 1567번지 1호 1,2층",PHMH320153200033087500013,3200000,"서울특별시 관악구 난곡로 288, 1,2층 (신림동)",08772,03,폐업,,,,
CU 관악신사점,2016-11-09,192505.297422325,442304.2308909,2026-04-26 22:00:58,I,03,폐업,2016-11-09 17:31:49,,2015-04-02,151-875,서울특별시 관악구 신림동 525번지 26호 1층,PHMH320153200033087500016,3200000,"서울특별시 관악구 관천로11길 160, 1층 (신림동)",08761,03,폐업,,,,
CU 신림로점,2016-12-30,193996.30683458,441171.347757379,2026-04-26 22:00:58,I,03,폐업,2016-12-30 15:29:20,,2015-04-17,151-865,서울특별시 관악구 신림동 395번지 12호 1층,PHMH320153200033087500019,3200000,"서울특별시 관악구 신림로 153, 1층 (신림동)",08846,03,폐업,,,,
SK네트웍스(주) CU신봉천주유소점,2018-01-22,196245.625629954,441842.0875655,2026-04-26 22:01:01,I,03,폐업,2018-01-23 17:07:14,,2015-04-23,151-848,서울특별시 관악구 봉천동 1663번지 11호,PHMH320153200033087500020,3200000,"서울특별시 관악구 남부순환로 1880, 1층 (봉천동)",08789,03,폐업,,,,
CU 관악프렌즈2호점,2021-11-12,192693.350384333,441193.691226598,2026-04-26 22:00:58,I,03,폐업,2021-11-12 16:46:56,,2015-04-24,151-881,서울특별시 관악구 신림동 725번지 12호,PHMH320153200033087500021,3200000,"서울특별시 관악구 난곡로35길 10, 1층 (신림동)",08858,03,폐업,,,,
GS25 관악장원점,2019-02-28,194400.569914844,440538.05824375,2026-04-26 22:00:58,I,03,폐업,2019-02-28 11:44:12,,2015-05-13,151-860,"서울특별시 관악구 신림동 253번지 3호 1층,지층",PHMH320153200033087500023,3200000,"서울특별시 관악구 대학길 84, 1층,지층 (신림동)",08819,03,폐업,,,,
CU 관악장원점,2019-05-15,194439.718970201,440812.826237103,2026-04-26 22:00:58,I,03,폐업,2019-05-15 18:08:04,,2015-05-27,151-015,서울특별시 관악구 신림동 241번지 118호 1층,PHMH320153200033087500025,3200000,"서울특별시 관악구 대학길 31, 1층 (신림동)",08814,03,폐업,,,,
씨유 서울대학교신양점,2017-09-21,196139.864969792,439023.167125842,2026-04-26 22:00:58,I,03,폐업,2017-09-21 14:54:43,,2015-06-02,151-015,서울특별시 관악구 신림동 산 56번지 1호 서울대학교 신양학술정보관 1층,PHMH320153200033087500029,3200000,"서울특별시 관악구 관악로 1, 제16-1동 1층 (신림동, 서울대학교 신양학술정보관)",08826,03,폐업,,,,070-4143-2558
GS25 신림법원단지점,2017-06-16,192869.21662782,441331.405499828,2026-04-26 22:00:58,I,03,폐업,2017-06-16 18:08:17,,2015-06-15,151-880,서울특별시 관악구 신림동 612번지 40호 1층,PHMH320153200033087500030,3200000,"서울특별시 관악구 법원단지길 48, 1층 (신림동)",08852,03,폐업,,,,
씨유 관악동아점,2016-01-28,194966.665428987,442460.399906188,2026-04-26 22:00:58,I,03,폐업,2016-01-28 16:56:00,,2015-06-16,,서울특별시 관악구 봉천동 900번지 115호 1층,PHMH320153200033087500031,3200000,서울특별시 관악구 봉천로33길 26 (봉천동),08752,03,폐업,,,,
씨유 난곡파크점,2017-11-02,192773.751831861,440839.689205962,2026-04-26 22:00:58,I,03,폐업,2017-11-02 18:01:26,,2015-06-30,151-013,"서울특별시 관악구 신림동 1727번지 임광관악파크, 105동 지2층 비201호",PHMH320153200033087500032,3200000,"서울특별시 관악구 난곡로 167, 105동 지2층 비201호 (신림동, 임광관악파크)",08858,03,폐업,,,,
CU 신림두리점,2023-04-26,193436.026418984,442562.960162908,2026-04-26 22:00:58,I,03,폐업,2023-04-27 10:28:20,,2015-07-02,151-892,서울특별시 관악구 신림동 1463번지 51호 1층,PHMH320153200033087500033,3200000,"서울특별시 관악구 신림동7길 42, 1층 (신림동)",08759,03,폐업,,,,
지에스(GS)25 봉천구암점,2019-12-02,,,2026-04-26 22:00:58,I,03,폐업,2019-12-02 17:22:54,,2015-07-24,151-050,서울특별시 관악구 봉천동 484번지 7호 1층,PHMH320153200033087500035,3200000,"서울특별시 관악구 구암5길 24, 1층 (봉천동)",08724,03,폐업,,,,
씨유 관악마에스트로점,2018-03-28,195275.716828765,442228.013976017,2026-04-26 22:00:58,I,03,폐업,2018-03-28 18:01:07,,2015-07-28,151-050,서울특별시 관악구 봉천동 893번지 12호 마에스트로캠퍼스타운 101호,PHMH320153200033087500036,3200000,"서울특별시 관악구 남부순환로 1773, 101호 (봉천동, 마에스트로캠퍼스타운)",08758,03,폐업,,,,
CU 관악쑥고개점,2023-07-26,195028.352727091,441904.834130019,2026-04-26 22:00:58,I,03,폐업,2023-07-27 09:49:27,,2015-08-25,,서울특별시 관악구 봉천동 1562번지 1호 1층,PHMH320153200033087500038,3200000,"서울특별시 관악구 쑥고개로 74, 1층 (봉천동)",08831,03,폐업,,,,
(주)비지에프휴먼넷 관악남현점,2021-04-01,198284.487350496,441422.54753911,2026-04-26 22:01:01,I,03,폐업,2021-04-01 15:48:12,,2015-08-26,,서울특별시 관악구 남현동 1061번지 22호 1층,PHMH320153200033087500039,3200000,"서울특별시 관악구 과천대로 945, 1층 (남현동)",08807,03,폐업,,,,
365PLUS 관악푸르지오점,2017-06-15,196513.828655545,442289.034060188,2026-04-26 22:00:58,I,03,폐업,2017-06-15 17:23:04,,2015-09-01,,서울특별시 관악구 봉천동 1728번지 관악파크푸르지오아파트 상가동 01호,PHMH320153200033087500040,3200000,"서울특별시 관악구 행운10길 15, 상가동 01호 (봉천동, 관악파크푸르지오아파트)",08735,03,폐업,,,,
GS25 독산우정점,2016-06-09,191133.472730467,440792.329664289,2026-04-26 22:00:56,I,03,폐업,2016-06-10 09:40:13,,2012-11-29,153-809,서울특별시 금천구 독산동 196번지 21호,PHMH320123170035087500052,3170000,서울특별시 금천구 독산로75길 34 (독산동),08577,03,폐업,,,,
세븐일레븐 금천럭키점,2015-02-05,191065.728611431,438486.034499121,2026-04-26 22:00:56,I,03,폐업,2015-02-06 16:45:03,,2012-11-30,153-847,서울특별시 금천구 시흥동 493번지 2호,PHMH320123170035087500053,3170000,서울특별시 금천구 시흥대로45길 39 (시흥동),,03,폐업,,,,
GS25 금산초교점,2016-07-26,191595.745126858,437818.53216611,2026-04-26 22:00:56,I,03,폐업,2016-07-26 11:39:15,,2012-11-12,153-861,서울특별시 금천구 시흥동 941번지 8호,PHMH320123170035087500054,3170000,서울특별시 금천구 시흥대로28길 35 (시흥동),08651,03,폐업,,,,
씨유 문성초교점,2015-01-05,191114.945017656,441445.343037246,2026-04-26 22:00:56,I,03,폐업,2015-01-05 16:23:22,,2012-11-12,153-825,서울특별시 금천구 독산동 969번지 6호,PHMH320123170035087500057,3170000,"서울특별시 금천구 시흥대로148길 27, 1층 (독산동)",,03,폐업,,,,
씨유 독산남문점,2024-06-28,191389.928460084,441119.621928154,2026-04-26 22:00:56,I,03,폐업,2024-06-28 14:37:09,,2012-11-12,153-808,서울특별시 금천구 독산동 179번지 12호,PHMH320123170035087500058,3170000,서울특별시 금천구 독산로 286 (독산동),08555,03,폐업,,,,
씨유 시흥4동점,2014-01-06,191936.282312791,440019.759536709,2026-04-26 22:00:56,I,03,폐업,2014-01-07 17:12:33,,2012-11-30,153-854,서울특별시 금천구 시흥동 795번지,PHMH320123170035087500060,3170000,서울특별시 금천구 독산로50길 98 (시흥동),,03,폐업,,,,
씨유 금천하이시티점,2019-07-19,189522.336721798,441654.010373182,2026-04-26 22:00:56,I,03,폐업,2019-07-19 10:52:23,,2012-12-03,153-803,서울특별시 금천구 가산동 371번지 17호,PHMH320123170035087500062,3170000,서울특별시 금천구 가산디지털1로 131 (가산동),08506,03,폐업,,,,
미니스톱 가산호서점,2014-06-11,189841.076534283,441127.322443807,2026-04-26 22:00:56,I,03,폐업,2014-06-11 14:43:04,,2012-12-03,153-711,서울특별시 금천구 가산동 319번지,PHMH320123170035087500063,3170000,서울특별시 금천구 가산디지털1로 70 (가산동),,03,폐업,,,,
예스플러스 독산점,2014-06-10,190629.409327883,441116.684830208,2026-04-26 22:00:56,I,03,폐업,2014-06-10 13:06:22,,2012-12-17,153-813,서울특별시 금천구 독산동 299번지 1호,PHMH320123170035087500065,3170000,서울특별시 금천구 가산로3길 13 (독산동),,03,폐업,,,,
GS25 금천중앙,2015-09-25,190941.875019121,440840.345127303,2026-04-26 22:00:56,I,03,폐업,2015-09-25 17:53:18,,2012-12-18,153-811,서울특별시 금천구 독산동 286번지 8호,PHMH320123170035087500067,3170000,서울특별시 금천구 시흥대로 406 (독산동),08576,03,폐업,,,,
미니스톱 가산우림점,2016-07-13,189538.020935968,441982.427934953,2026-04-26 22:00:56,I,03,폐업,2016-07-13 13:51:34,,2012-12-18,153-786,서울특별시 금천구 가산동 371번지 28호,PHMH320123170035087500068,3170000,서울특별시 금천구 가산디지털1로 168 (가산동),08507,03,폐업,,,,
지루크렛㈜,2014-01-14,189647.046752134,441677.096205358,2026-04-26 22:00:58,I,03,폐업,2014-01-14 11:51:45,,2012-12-20,153-803,서울특별시 금천구 가산동 371번지 37호,PHMH320123170035087500069,3170000,서울특별시 금천구 가산디지털1로 128 (가산동),,03,폐업,,,,
GS25 독산한양점,2015-04-20,191093.134281747,441522.344996485,2026-04-26 22:00:56,I,03,폐업,2015-05-08 15:49:02,,2012-12-24,153-823,서울특별시 금천구 독산동 965번지 26호,PHMH320123170035087500070,3170000,서울특별시 금천구 시흥대로150길 21 (독산동),,03,폐업,,,,
GS25 시흥은행점,2013-10-16,191869.753505001,438948.850924592,2026-04-26 22:00:56,I,03,폐업,2013-10-16 17:34:49,,2012-12-24,153-841,서울특별시 금천구 시흥동 825번지 40호,PHMH320123170035087500072,3170000,서울특별시 금천구 금하로23길 32 (시흥동),,03,폐업,,,,
오피스디포 가산프리미어점,2020-10-16,189778.774504778,441302.111937219,2026-04-26 22:00:56,I,03,폐업,2020-10-16 14:20:45,,2012-12-24,,서울특별시 금천구 가산동 345번지 50호 IT프리미어타워,PHMH320123170035087500073,3170000,"서울특별시 금천구 가산디지털1로 88, IT프리미어타워 10호 (가산동)",08590,03,폐업,,,,
바이더웨이 금천시흥점,2018-10-10,191459.560348443,438834.149683499,2026-04-26 22:00:56,I,03,폐업,2018-10-15 09:30:55,,2012-12-24,,서울특별시 금천구 시흥동 897번지 19호,PHMH320123170035087500074,3170000,"서울특별시 금천구 독산로11길 31, 19호 (시흥동)",08630,03,폐업,,,,
바이더웨이 부자마을점,2020-10-16,191468.022298551,440052.95882243,2026-04-26 22:00:56,I,03,폐업,2020-10-16 14:20:36,,2012-12-24,,서울특별시 금천구 시흥동 789번지 66호,PHMH320123170035087500075,3170000,"서울특별시 금천구 독산로 172, 66호 (시흥동)",08567,03,폐업,,,,
임마누엘슈퍼,2021-09-01,189920.540900476,439526.232037905,2026-04-26 22:00:56,I,03,폐업,2021-09-02 13:10:10,,2012-12-26,153-751,서울특별시 금천구 독산동 1088번지 1호,PHMH320123170035087500076,3170000,서울특별시 금천구 한내로 69-15 (독산동),08598,03,폐업,,,,
GS25 금천제일,2023-11-22,190429.786806981,441139.017657619,2026-04-26 22:00:56,I,03,폐업,2023-11-22 16:17:31,,2012-11-12,,서울특별시 금천구 가산동 235번지 34호,PHMH320123170035087500077,3170000,"서울특별시 금천구 가산로3길 54, 1층 (가산동)",08521,03,폐업,,,,
GS25 독산중앙,2014-08-18,191401.284838268,441326.357130111,2026-04-26 22:00:56,I,03,폐업,2014-08-18 11:06:40,,2012-11-12,153-824,서울특별시 금천구 독산동 977번지 24호,PHMH320123170035087500078,3170000,서울특별시 금천구 독산로 306 (독산동),,03,폐업,,,,
GS25 금천비즈메드,2018-11-02,191234.143902029,438993.253764531,2026-04-26 22:00:56,I,03,폐업,2018-11-02 16:30:24,,2012-11-13,153-858,서울특별시 금천구 시흥동 889번지 8호,PHMH320123170035087500079,3170000,서울특별시 금천구 시흥대로 214 (시흥동),08628,03,폐업,,,,
씨유 독산백광점,2021-07-12,191432.044877391,441748.984193168,2026-04-26 22:00:56,I,03,폐업,2021-07-12 14:04:57,,2012-11-13,153-868,서울특별시 금천구 독산동 961번지,PHMH320123170035087500080,3170000,서울특별시 금천구 독산로 348 (독산동),08550,03,폐업,,,,
웨이스탑(시흥점),2020-08-24,190965.440929377,438974.256758419,2026-04-26 22:00:56,I,03,폐업,2020-08-25 08:53:00,,2012-11-13,153-864,서울특별시 금천구 시흥동 992번지 2호 남서울건영야파트,PHMH320123170035087500081,3170000,"서울특별시 금천구 시흥대로59길 35 (시흥동, 남서울건영야파트)",08632,03,폐업,,,,070-4063-9741
미니스톱 가산에이스점,2020-08-31,189467.124186925,441780.0053985,2026-04-26 22:00:56,I,03,폐업,2020-08-31 09:59:53,,2012-11-13,153-787,서울특별시 금천구 가산동 371번지 50호,PHMH320123170035087500086,3170000,"서울특별시 금천구 가산디지털1로 145, 104호 (가산동)",08506,03,폐업,,,,26241779
세븐일레븐 시흥대로점,2017-06-12,191448.06406217,437938.827513414,2026-04-26 22:00:56,I,03,폐업,2017-06-13 10:16:10,,2012-11-13,153-031,서울특별시 금천구 시흥동 940번지 1호 하늘상사빌딩,PHMH320123170035087500087,3170000,"서울특별시 금천구 시흥대로 106-1, 1층 (시흥동, 하늘상사빌딩)",08651,03,폐업,,,,
세븐일레븐 남현본점,2018-05-25,197591.531656394,441057.855865365,2026-04-26 22:00:58,I,03,폐업,2018-05-25 17:30:28,,2015-09-03,,서울특별시 관악구 남현동 1136번지 남현동한일유엔아이아파트 제103동 제지하1층 제B01호,PHMH320153200033087500041,3200000,"서울특별시 관악구 남부순환로256라길 25, 제103동 제지하1층 제B01호 (남현동, 남현동한일유엔아이아파트)",08803,03,폐업,,,,
미니스톱 신대방역점,2021-11-30,192333.595434914,442544.073679667,2026-04-26 22:00:58,I,03,폐업,2021-11-30 13:48:29,,2015-09-09,,서울특별시 관악구 신림동 514번지 20호 1층,PHMH320153200033087500042,3200000,"서울특별시 관악구 난곡로 348, 1층 (신림동)",08705,03,폐업,,,,
세븐일레븐 신림법원단지점,2018-07-17,192910.881915,441273.6148199,2026-04-26 22:00:58,I,03,폐업,2018-07-17 17:52:45,,2015-09-11,,서울특별시 관악구 신림동 610번지 209호,PHMH320153200033087500043,3200000,서울특별시 관악구 법원단지10길 2 (신림동),08853,03,폐업,,,,
CU 관악동방점,2019-09-05,194156.052025282,440728.838185574,2026-04-26 22:00:58,I,03,폐업,2019-09-05 11:44:31,,2015-09-14,,서울특별시 관악구 신림동 1554번지 1층,PHMH320153200033087500045,3200000,"서울특별시 관악구 신림로23길 49, 1층 (신림동)",08819,03,폐업,,,,
미니스톱 신림고시촌점,2017-09-29,194321.431272472,440920.989000179,2026-04-26 22:00:59,I,03,폐업,2017-09-29 16:18:40,,2015-10-06,,서울특별시 관악구 신림동 1515번지 3호 1층,PHMH320153200033087500049,3200000,"서울특별시 관악구 호암로26길 53, 1층 (신림동)",08813,03,폐업,,,,
GS25 신림누리점,2015-10-12,193411.546729397,442726.72224158,2026-04-26 22:00:59,I,03,폐업,2015-10-12 17:16:21,,2015-10-12,,서울특별시 관악구 신림동 1438번지 12호 로데오오피스텔 1층,PHMH320153200033087500050,3200000,"서울특별시 관악구 신림동5가길 16, 1층 (신림동, 로데오오피스텔)",08760,03,폐업,,,,
GS25 신림누리점,2024-07-01,193411.546729397,442726.72224158,2026-04-26 22:00:59,I,03,폐업,2024-07-01 13:26:08,,2015-10-14,,서울특별시 관악구 신림동 1438번지 12호 로데오오피스텔 1층,PHMH320153200033087500051,3200000,"서울특별시 관악구 신림동5가길 16, 1층 (신림동, 로데오오피스텔)",08760,03,폐업,,,,
CU 관악문화점,2020-06-30,193502.563292935,442851.337413457,2026-04-26 22:00:59,I,03,폐업,2020-06-30 18:06:21,,2015-10-15,,서울특별시 관악구 신림동 1430번지 37호 1층,PHMH320153200033087500052,3200000,"서울특별시 관악구 신림동2길 7-10, 1층 (신림동)",08707,03,폐업,,,,
씨유 관악희망점,2021-10-26,197053.395196081,441190.303756526,2026-04-26 22:00:59,I,03,폐업,2021-10-26 17:03:48,,2015-10-20,,서울특별시 관악구 봉천동 1641번지 39호 1층,PHMH320153200033087500053,3200000,"서울특별시 관악구 인헌9길 13, 1층 (봉천동)",08795,03,폐업,,,,
에스앤제이파트너스(주) 신림동양점,2017-05-10,193799.506354026,442715.049244091,2026-04-26 22:01:01,I,03,폐업,2017-05-10 17:36:03,,2015-10-28,,서울특별시 관악구 신림동 1419번지 1호 1층,PHMH320153200033087500055,3200000,"서울특별시 관악구 남부순환로181길 46, 1층 (신림동, 금강빌딩)",08754,03,폐업,,,,
씨유 봉천역점,2020-01-23,194935.523379602,442196.00390157,2026-04-26 22:00:59,I,03,폐업,2020-01-23 14:34:18,,2015-11-19,,서울특별시 관악구 봉천동 922번지 24호 1층,PHMH320153200033087500058,3200000,"서울특별시 관악구 남부순환로 1742, 1층 (봉천동)",08785,03,폐업,,,,
씨유 신림우리점,2019-03-13,193859.180358218,442722.68667551,2026-04-26 22:00:59,I,03,폐업,2019-03-13 14:57:35,,2015-11-23,,서울특별시 관악구 신림동 1417번지 5호,PHMH320153200033087500059,3200000,"서울특별시 관악구 신림로68길 35, 1층 (신림동)",08753,03,폐업,,,,
CU 신림에코리움점,2021-06-01,193643.274303943,442230.03574985,2026-04-26 22:00:59,I,03,폐업,2021-06-01 17:02:10,,2015-11-23,,서울특별시 관악구 신림동 1638번지 1호 1층,PHMH320153200033087500060,3200000,"서울특별시 관악구 신원로 35, 1층 (신림동, 삼모더프라임타워)",08776,03,폐업,,,,
이마트24 까치고개점,2018-10-23,196997.453585186,441478.630537207,2026-04-26 22:00:59,I,03,폐업,2018-10-23 17:24:34,,2015-11-26,,서울특별시 관악구 봉천동 1656번지 22호 1층,PHMH320153200033087500062,3200000,"서울특별시 관악구 남부순환로 1964, 1층 (봉천동)",08793,03,폐업,,,,
GS25 신림난향점,2023-11-03,192449.377599557,441618.411164124,2026-04-26 22:00:59,I,03,폐업,2023-11-03 17:45:12,,2015-12-03,,서울특별시 관악구 신림동 763번지 19호 1층,PHMH320153200033087500063,3200000,"서울특별시 관악구 난곡로 255, 1층 (신림동)",08864,03,폐업,,,,
CU 신림고시촌점,2019-12-13,194409.766327576,440926.897889433,2026-04-26 22:00:59,I,03,폐업,2019-12-13 17:36:02,,2015-12-04,,서울특별시 관악구 신림동 1층,PHMH320153200033087500064,3200000,"서울특별시 관악구 신림로 105, 1층 (신림동)",08813,03,폐업,,,,
씨유 관악미소점,2018-05-29,196782.099271352,441342.013448955,2026-04-26 22:00:59,I,03,폐업,2018-05-29 17:18:37,,2015-12-04,,서울특별시 관악구 봉천동 196번지 37호 1층,PHMH320153200033087500065,3200000,"서울특별시 관악구 낙성대역길 103, 1층 (봉천동)",08793,03,폐업,,,,
세븐일레븐 관악중학교점,2021-10-27,196472.111417731,442052.306228169,2026-04-26 22:00:59,I,03,폐업,2021-10-27 13:32:20,,2015-12-15,,서울특별시 관악구 봉천동 100번지 304호 1층,PHMH320153200033087500067,3200000,"서울특별시 관악구 행운6길 22, 1층 (봉천동)",08741,03,폐업,,,,
GS25 난곡은하점,2016-04-08,192536.131749534,441361.985758126,2026-04-26 22:00:59,I,03,폐업,2016-04-08 17:27:12,,2015-12-18,,서울특별시 관악구 신림동 727번지 5호 1층,PHMH320153200033087500068,3200000,"서울특별시 관악구 미성3길 1, 1층 (신림동)",08864,03,폐업,,,,
세븐일레븐 관악꿈보람점,2025-07-09,193767.935407345,442617.37610285,2026-04-26 22:01:01,I,03,폐업,2025-07-09 15:07:36,,2015-12-21,,서울특별시 관악구 신림동 1423번지 28호,PHMH320153200033087500069,3200000,서울특별시 관악구 봉천로12길 69 (신림동),08754,03,폐업,,,,
씨유 관악브라운점,2020-09-15,196115.490010478,442760.580718356,2026-04-26 22:00:59,I,03,폐업,2020-09-15 17:52:07,,2015-12-28,,서울특별시 관악구 봉천동 7번지 74호 1층,PHMH320153200033087500070,3200000,"서울특별시 관악구 관악로29길 6-14, 1층 (봉천동, 엘림)",08727,03,폐업,,,,
씨유 관악샛별점,2023-07-05,192142.509858068,442493.603754697,2026-04-26 22:00:59,I,03,폐업,2023-07-05 17:39:45,,2016-01-05,,서울특별시 관악구 신림동 533번지 26호 1층,PHMH320163200033087500003,3200000,"서울특별시 관악구 조원로 87, 1층 (신림동)",08701,03,폐업,,,,
CU 신림4동점,2024-08-01,192693.211597953,442625.211734153,2026-04-26 22:00:59,I,03,폐업,2024-08-01 13:56:02,,2016-01-11,,서울특별시 관악구 신림동 480번지 2호 1층,PHMH320163200033087500004,3200000,"서울특별시 관악구 조원로 143, 1층 (신림동)",08704,03,폐업,,,,
(주)코리아세븐 관악남현길점,2020-04-13,197808.518383667,441346.745316766,2026-04-26 22:01:01,I,03,폐업,2020-04-14 10:07:45,,2016-01-12,,서울특별시 관악구 남현동 1082번지 37호,PHMH320163200033087500005,3200000,"서울특별시 관악구 남현길 58, 1층 (남현동)",08804,03,폐업,,,,
GS25 시흥뉴타운,2018-03-06,191397.796032306,438518.485081262,2026-04-26 22:00:56,I,03,폐업,2018-03-07 09:49:14,,2012-11-13,153-858,서울특별시 금천구 시흥동 904번지 21호,PHMH320123170035087500088,3170000,서울특별시 금천구 독산로 3 (시흥동),08631,03,폐업,,,,
미니스톱 독산역점,2018-06-29,190057.736482527,440401.86132155,2026-04-26 22:00:56,I,03,폐업,2018-06-29 15:17:30,,2012-11-13,153-803,서울특별시 금천구 가산동 715번지,PHMH320123170035087500089,3170000,서울특별시 금천구 범안로 1138 (가산동),08595,03,폐업,,,,
GS25 독산번영점,2018-04-24,191083.58993831,440629.014970872,2026-04-26 22:00:56,I,03,폐업,2018-05-29 11:54:23,,2012-11-14,153-821,서울특별시 금천구 독산동 1024번지,PHMH320123170035087500090,3170000,서울특별시 금천구 독산로73길 33 (독산동),08581,03,폐업,,,,
GS25 금천사랑점,2016-10-28,190394.457992377,440407.013325687,2026-04-26 22:00:56,I,03,폐업,2016-10-28 17:06:49,,2012-11-14,153-829,서울특별시 금천구 독산동 1006번지 132호,PHMH320123170035087500091,3170000,"서울특별시 금천구 범안로12길 15, 101동 101호 (독산동)",08602,03,폐업,,,,
씨유 시흥동부점,2016-08-30,191830.519443191,439939.140665139,2026-04-26 22:00:56,I,03,폐업,2016-08-30 09:46:40,,2012-11-14,153-854,서울특별시 금천구 시흥동 795번지 36호,PHMH320123170035087500093,3170000,서울특별시 금천구 독산로40길 73 (시흥동),08565,03,폐업,,,,
씨유 독산문성점,2022-01-14,191866.834191431,441654.490987833,2026-04-26 22:00:56,I,03,폐업,2022-01-14 17:49:10,,2012-11-14,153-820,서울특별시 금천구 독산동 894번지 16호,PHMH320123170035087500094,3170000,서울특별시 금천구 문성로 47 (독산동),08549,03,폐업,,,,
미니스톱 가산점,2015-05-22,190360.095228614,441704.231986139,2026-04-26 22:00:56,I,03,폐업,2015-05-27 08:51:53,,2012-11-14,153-801,서울특별시 금천구 가산동 145번지 27호,PHMH320123170035087500095,3170000,서울특별시 금천구 가산로 134 (가산동),,03,폐업,,,,
씨유 독산시장점,2013-12-13,191031.252607802,441192.101335396,2026-04-26 22:00:56,I,03,폐업,2013-12-13 16:02:50,,2012-11-15,153-825,서울특별시 금천구 독산동 988번지 13호,PHMH320123170035087500096,3170000,서울특별시 금천구 시흥대로138길 13 (독산동),,03,폐업,,,,
(주)비지에프리테일 독산역점,2014-01-23,190241.176536786,440453.915574498,2026-04-26 22:00:58,I,03,폐업,2016-02-26 15:55:52,,2013-08-08,153-829,서울특별시 금천구 독산동 1003번지 21호 101호,PHMH320133170035087500002,3170000,"서울특별시 금천구 범안로 1158, 101호 (독산동, 태영아파트)",08601,03,폐업,33,,,
세븐일레븐 시흥초교점,2024-07-31,191620.750940248,439222.217489992,2026-04-26 22:00:56,I,03,폐업,2024-07-31 17:24:53,,2012-11-09,153-855,서울특별시 금천구 시흥동 819번지 9호,PHMH320133170035087500003,3170000,"서울특별시 금천구 독산로 86-1, 1층 (시흥동)",08570,03,폐업,,,,
GS25 금천독산점,2013-08-13,190667.881656573,441163.601483303,2026-04-26 22:00:56,I,03,폐업,2013-08-14 11:14:14,,2013-02-01,,,PHMH320133170035087500004,3170000,서울특별시 금천구 가산로 71 (가산동),,03,폐업,,,,
GS25 금천삼성산점,2016-10-04,191507.333419018,436888.773525926,2026-04-26 22:00:56,I,03,폐업,2016-10-04 14:24:18,,2013-01-02,,서울특별시 금천구 시흥동 978번지 2호,PHMH320133170035087500005,3170000,"서울특별시 금천구 삼성산길 11, 2호 (시흥동)",08654,03,폐업,,,,
GS25 금천타운점,2022-12-26,188974.800556597,442207.640866217,2026-04-26 22:00:56,I,03,폐업,2022-12-26 15:51:18,,2013-01-02,153-803,서울특별시 금천구 가산동 494번지 4호,PHMH320133170035087500006,3170000,서울특별시 금천구 가산디지털2로 169-31 (가산동),08504,03,폐업,,,,
씨유독산범안점,2017-12-04,190944.336427597,440465.549633937,2026-04-26 22:00:56,I,03,폐업,2017-12-04 11:14:37,,2013-01-03,153-830,서울특별시 금천구 독산동 1031번지 2호,PHMH320133170035087500007,3170000,서울특별시 금천구 범안로 1228 (독산동),08616,03,폐업,,,,
남성프라자편의점,2019-11-21,189472.091898625,441483.675018356,2026-04-26 22:00:56,I,03,폐업,2019-11-21 15:31:59,,2013-01-08,153-782,서울특별시 금천구 가산동 345번지 30호,PHMH320133170035087500008,3170000,서울특별시 금천구 디지털로 130 (가산동),08589,03,폐업,,,,
GS25 금천왕창점,2014-10-16,191521.396317755,441767.558563745,2026-04-26 22:00:56,I,03,폐업,2014-10-16 16:19:11,,2013-01-16,153-818,서울특별시 금천구 독산동 878번지 41호,PHMH320133170035087500010,3170000,서울특별시 금천구 독산로106길 19 (독산동),,03,폐업,,,,
나들가게(금천39),2018-11-15,190261.800634209,440629.728830675,2026-04-26 22:00:56,I,03,폐업,2018-11-15 15:03:48,,2013-01-18,153-829,서울특별시 금천구 독산동 1002번지,PHMH320133170035087500011,3170000,서울특별시 금천구 벚꽃로18길 36 (독산동),08587,03,폐업,,,,
세븐일레븐 독산솔리브점,2020-07-30,190414.824477847,440687.353691282,2026-04-26 22:00:56,I,03,폐업,2020-07-30 17:57:59,,2013-02-27,153-814,서울특별시 금천구 독산동 332번지 1호,PHMH320133170035087500014,3170000,서울특별시 금천구 범안로15길 41 (독산동),08586,03,폐업,,,,
씨유 가산두산점,2018-07-06,190374.446832386,441290.29413211,2026-04-26 22:00:56,I,03,폐업,2018-07-06 14:37:48,,2013-03-04,153-801,서울특별시 금천구 가산동 236번지 8호,PHMH320133170035087500015,3170000,서울특별시 금천구 가산로5길 46 (가산동),08520,03,폐업,,,,
씨유 시흥샘길점,2015-10-07,191269.181999466,438945.628521766,2026-04-26 22:00:56,I,03,폐업,2015-10-07 17:58:24,,2013-03-29,153-858,서울특별시 금천구 시흥동 889번지 17호,PHMH320133170035087500016,3170000,서울특별시 금천구 시흥대로56길 9 (시흥동),08628,03,폐업,,,,
씨유 독산마차길점,2016-07-27,190507.697469161,440877.633009703,2026-04-26 22:00:56,I,03,폐업,2016-07-28 11:11:35,,2013-03-29,,서울특별시 금천구 독산동 330번지 1호,PHMH320133170035087500017,3170000,"서울특별시 금천구 두산로 50, 1호 (독산동)",08583,03,폐업,,,,
GS25 독산우림점,2024-06-07,190050.903572929,440523.497478209,2026-04-26 22:00:56,I,03,폐업,2024-06-07 10:19:32,,2013-04-02,153-776,서울특별시 금천구 가산동 680번지,PHMH320133170035087500018,3170000,서울특별시 금천구 가산디지털1로 2 (가산동),08591,03,폐업,,,,
GS25 금천한빛점,2017-03-08,191693.188340155,439868.816886866,2026-04-26 22:00:56,I,03,폐업,2017-03-08 13:24:23,,2013-04-26,153-854,서울특별시 금천구 시흥동 799번지 36호,PHMH320133170035087500019,3170000,서울특별시 금천구 독산로40길 45 (시흥동),08566,03,폐업,,,,
팝스토어 남부순환로점,2015-06-10,191481.675294989,441945.691459493,2026-04-26 22:00:56,I,03,폐업,2015-06-10 15:45:08,,2013-05-23,153-822,서울특별시 금천구 독산동 950번지 2호,PHMH320133170035087500020,3170000,서울특별시 금천구 남부순환로 1384 (독산동),,03,폐업,,,,
세븐일레븐 독산2호점,2019-08-05,190882.328666874,440895.715379593,2026-04-26 22:00:56,I,03,폐업,2019-08-05 09:49:40,,2013-06-26,153-812,서울특별시 금천구 독산동 288번지 6호,PHMH320133170035087500022,3170000,서울특별시 금천구 시흥대로 409 (독산동),08523,03,폐업,,,,
미니스톱 서울대입구점,2019-06-12,195785.625847341,442009.829041898,2026-04-26 22:00:59,I,03,폐업,2019-06-13 14:45:53,,2016-01-14,,서울특별시 관악구 봉천동 856번지 1호,PHMH320163200033087500006,3200000,"서울특별시 관악구 관악로 168, 105-1호 (봉천동, 대우디오슈페리움2단지)",08788,03,폐업,,,,
(주)코리아세븐 은천점,2020-09-29,194443.716325683,442566.916052805,2026-04-26 22:01:01,I,03,폐업,2020-09-29 16:38:44,,2016-01-14,,서울특별시 관악구 봉천동 950번지 25호,PHMH320163200033087500007,3200000,"서울특별시 관악구 봉천로 335, 1층 (봉천동, 서광빌딩)",08749,03,폐업,,,,
씨유 관악써니점,2023-07-26,194857.310124793,441961.475125569,2026-04-26 22:00:59,I,03,폐업,2023-07-27 09:51:39,,2016-01-26,,서울특별시 관악구 봉천동 1563번지 2호,PHMH320163200033087500008,3200000,"서울특별시 관악구 쑥고개로 55, 1층 (봉천동)",08785,03,폐업,,,,
씨유 낙성대역점,2019-10-10,196768.276725848,441522.334527338,2026-04-26 22:00:59,I,03,폐업,2019-10-11 10:20:59,,2016-02-12,,서울특별시 관악구 봉천동 1632번지 10호 1층,PHMH320163200033087500010,3200000,"서울특별시 관악구 봉천로 604-1, 1층 (봉천동, 미셸)",08793,03,폐업,,,,
GS25 관악대원점,2025-02-19,196891.350682418,440790.37052377,2026-04-26 22:00:59,I,03,폐업,2025-02-19 19:44:20,,2016-02-19,,서울특별시 관악구 봉천동 180번지 422호 지하1층,PHMH320163200033087500012,3200000,"서울특별시 관악구 인헌16길 47, 지하1층 (봉천동, 새진아파트)",08800,03,폐업,,,,
GS25 남강학사점,2020-01-15,192818.769103399,441017.813483403,2026-04-26 22:00:59,I,03,폐업,2020-01-16 11:42:17,,2016-03-22,,서울특별시 관악구 신림동 705번지 2호,PHMH320163200033087500015,3200000,"서울특별시 관악구 난곡로 181, 1층 (신림동, 성수빌딩)",08858,03,폐업,,,,
씨유 관악한울점,2017-08-22,195542.923317833,442184.112260769,2026-04-26 22:00:59,I,03,폐업,2017-08-22 14:12:06,,2016-03-28,,서울특별시 관악구 봉천동 874번지 4호 1층,PHMH320163200033087500017,3200000,"서울특별시 관악구 남부순환로 1801, 1층 (봉천동, 벽송빌딩)",08758,03,폐업,,,,
GS25 신림사랑점,2017-06-28,193609.820973984,442664.555253934,2026-04-26 22:00:59,I,03,폐업,2017-06-28 17:38:50,,2016-04-05,,서울특별시 관악구 신림동 1432번지 50호,PHMH320163200033087500020,3200000,"서울특별시 관악구 신림로67길 14, 1층 (신림동)",08760,03,폐업,,,,
위드미 관악신사점,2017-03-02,192862.147295259,442358.065863873,2026-04-26 22:00:59,I,03,폐업,2017-03-02 17:17:07,,2016-04-21,,서울특별시 관악구 신림동 487번지 12호,PHMH320163200033087500023,3200000,"서울특별시 관악구 관천로11길 87 (신림동, 영광빌딩)",08762,03,폐업,,,,
씨유관악힐링점,2020-05-14,193647.343881675,443033.399547558,2026-04-26 22:00:59,I,03,폐업,2020-05-14 18:14:28,,2016-04-22,,서울특별시 관악구 봉천동 970번지 21호 1층,PHMH320163200033087500024,3200000,"서울특별시 관악구 당곡길 6, 1층 (봉천동)",08711,03,폐업,,,,
GS25 봉천해오름,2017-12-15,197163.141031457,441519.149935014,2026-04-26 22:00:59,I,03,폐업,2017-12-15 17:10:09,,2016-04-27,,서울특별시 관악구 봉천동 1722번지 지하1층 B-101호,PHMH320163200033087500025,3200000,"서울특별시 관악구 남부순환로 1979, 지하1층 B-101호 (봉천동, 제창그로힐아파트)",08802,03,폐업,,,,
GS25 서원쑥고개점,2025-06-30,194401.783073689,441689.522491305,2026-04-26 22:00:59,I,03,폐업,2025-07-01 10:26:30,,2016-04-26,,서울특별시 관악구 신림동 94번지 140호,PHMH320163200033087500026,3200000,"서울특별시 관악구 쑥고개로 1, 1층 (신림동)",08783,03,폐업,,,,
GS25 신림대학점,2024-02-20,194152.312897977,440870.699504187,2026-04-26 22:00:59,I,03,폐업,2024-02-20 17:04:21,,2016-04-29,,서울특별시 관악구 신림동 1524번지 4호,PHMH320163200033087500027,3200000,"서울특별시 관악구 신림로23길 22, 1층 (신림동)",08812,03,폐업,,,,
서울석유(주) 대공원주유소,2019-07-16,198351.367148646,441186.377990347,2026-04-26 22:00:59,I,03,폐업,2019-07-16 14:31:05,,2016-05-12,,서울특별시 관악구 남현동 602번지 306호,PHMH320163200033087500029,3200000,"서울특별시 관악구 과천대로 921 (남현동, 대공원주유소)",08808,03,폐업,,,,
세븐일레븐 관악조원점,2018-10-25,192194.15656774,442473.515954248,2026-04-26 22:00:59,I,03,폐업,2018-10-25 17:17:35,,2016-05-13,,서울특별시 관악구 신림동 532번지 26호,PHMH320163200033087500030,3200000,"서울특별시 관악구 조원로 92, 1층 (신림동)",08767,03,폐업,,,,
씨유 서울대서연점,2020-06-01,195747.612370379,441645.376154781,2026-04-26 22:00:59,I,03,폐업,2020-06-01 17:36:56,,2016-05-18,,서울특별시 관악구 봉천동 1597번지 24호 1층,PHMH320163200033087500031,3200000,"서울특별시 관악구 관악로 132, 1층 (봉천동, 서울법학원)",08791,03,폐업,,,,
GS25 신대방역점,2018-05-24,192190.332797493,442669.903698066,2026-04-26 22:00:59,I,03,폐업,2018-05-24 14:50:35,,2016-05-27,,서울특별시 관악구 신림동 518번지 18호,PHMH320163200033087500033,3200000,"서울특별시 관악구 신사로 86, 102호 (신림동, 현빌딩)",08701,03,폐업,,,,
씨유 관악까치점,2016-10-07,196312.573935098,442048.388382969,2026-04-26 22:00:59,I,03,폐업,2016-10-07 17:35:47,,2016-06-07,,서울특별시 관악구 봉천동 100번지 499호,PHMH320163200033087500034,3200000,"서울특별시 관악구 남부순환로233길 33, 1층 (봉천동)",08740,03,폐업,,,,
GS25 당곡사거리점,2018-05-31,193547.481187712,442986.213945228,2026-04-26 22:00:59,I,03,폐업,2018-05-31 17:29:47,,2016-06-03,,서울특별시 관악구 신림동 1429번지 1호,PHMH320163200033087500035,3200000,"서울특별시 관악구 신림로 391, 1층 (신림동)",08707,03,폐업,,,,
씨유 난곡정복점,2020-04-02,192544.473864775,441460.469655493,2026-04-26 22:00:59,I,03,폐업,2020-04-02 17:56:28,,2016-06-14,,서울특별시 관악구 신림동 756번지 16호,PHMH320163200033087500037,3200000,"서울특별시 관악구 난곡로 235, 1층 (신림동)",08864,03,폐업,,,,02-868-1324
씨유 관악스마일점,2019-11-15,193277.894253746,441556.690511355,2026-04-26 22:00:59,I,03,폐업,2019-11-15 17:04:43,,2016-06-16,,서울특별시 관악구 신림동 610번지 319호,PHMH320163200033087500038,3200000,"서울특별시 관악구 법원단지길 149, 1층 (신림동, 대영파크맨션)",08852,03,폐업,,,,
GS25 신림동산점,2023-10-20,193641.668922205,441829.449642212,2026-04-26 22:00:59,I,03,폐업,2023-10-20 15:07:54,,2016-06-23,,서울특별시 관악구 신림동 1632번지 1호,PHMH320163200033087500040,3200000,서울특별시 관악구 문성로32길 13 (신림동),08843,03,폐업,,,,
GS25 관악남부점,2021-08-20,192968.455435919,442602.403556665,2026-04-26 22:00:59,I,03,폐업,2021-08-23 10:06:52,,2016-06-23,,서울특별시 관악구 신림동 467번지 20호,PHMH320163200033087500041,3200000,서울특별시 관악구 남부순환로161나길 46 (신림동),08763,03,폐업,,,,
씨유 관악롯데점,2019-01-02,193372.089795555,443112.258848595,2026-04-26 22:00:59,I,03,폐업,2019-01-02 11:56:24,,2016-07-04,,서울특별시 관악구 봉천동 972번지 26호,PHMH320163200033087500043,3200000,서울특별시 관악구 봉천로 217 (봉천동),08708,03,폐업,,,,
씨유 청룡산쉼터점,2019-12-24,195235.947706991,441707.800093366,2026-04-26 22:00:59,I,03,폐업,2019-12-24 11:24:20,,2016-07-07,,서울특별시 관악구 봉천동 1578번지 35호 1층,PHMH320163200033087500044,3200000,"서울특별시 관악구 청룡11길 24, 1층 (봉천동)",08831,03,폐업,,,,
GS25독산정심점,2017-07-27,191422.866970696,440728.833328677,2026-04-26 22:00:56,I,03,폐업,2017-07-27 15:58:11,,2013-07-04,153-808,서울특별시 금천구 독산동 185번지 7호,PHMH320133170035087500024,3170000,서울특별시 금천구 독산로74길 21 (독산동),08557,03,폐업,,,,
지에스25금천독산점,2015-01-09,,,2026-04-26 22:00:56,I,03,폐업,2015-01-10 13:01:35,,2013-09-05,,,PHMH320133170035087500029,3170000,서울특별시 금천구 가산로 71 (독산동),,03,폐업,,,,
씨유 금천석수점,2017-01-13,191415.30250909,436946.358720615,2026-04-26 22:00:56,I,03,폐업,2017-01-13 10:22:46,,2013-09-30,,,PHMH320133170035087500030,3170000,서울특별시 금천구 시흥대로2길 8 (시흥동),08654,03,폐업,,,,
홈플러스365 금천가산점,2015-05-12,,,2026-04-26 22:00:56,I,03,폐업,2015-05-13 14:14:51,,2013-10-04,,,PHMH320133170035087500031,3170000,서울특별시 금천구 디지털로12길 13 (가산동),,03,폐업,,,,
(주)지에스리테일 GS25시흥은행점,2014-02-21,191869.753505001,438948.850924592,2026-04-26 22:00:58,I,03,폐업,2014-02-21 13:21:04,,2013-10-17,153-841,서울특별시 금천구 시흥동 825번지 40호,PHMH320133170035087500032,3170000,서울특별시 금천구 금하로23길 32 (시흥동),,03,폐업,40,,,
㈜비지에프휴먼넷 시흥본점,2020-06-30,191219.962380735,439204.015762203,2026-04-26 22:00:58,I,03,폐업,2020-06-30 14:17:28,,2013-10-18,153-857,서울특별시 금천구 시흥동 879번지 21호,PHMH320133170035087500033,3170000,서울특별시 금천구 금하로 633 (시흥동),08626,03,폐업,,,,
세븐일레븐 가산로점,2017-03-31,190251.771509522,441357.426020569,2026-04-26 22:00:56,I,03,폐업,2017-03-31 14:02:30,,2013-10-28,,서울특별시 금천구 가산동 236번지 19호 102호,PHMH320133170035087500034,3170000,서울특별시 금천구 가산로7길 53 (가산동),08520,03,폐업,46,,,
㈜비지에프리테일 가산하이엔드7차점,2014-01-28,189417.678263584,441342.660096623,2026-04-26 22:00:58,I,03,폐업,2014-01-28 16:04:12,,2013-11-08,153-794,서울특별시 금천구 가산동 345번지 33호,PHMH320133170035087500035,3170000,"서울특별시 금천구 가산디지털2로 67, 102호 (가산동)",,03,폐업,,,,
㈜비지에프리테일 시흥금빛점,2014-07-29,191437.073159575,439058.161938437,2026-04-26 22:00:58,I,03,폐업,2014-07-30 14:17:02,,2014-01-03,153-856,서울특별시 금천구 시흥동 839번지,PHMH320143170035087500001,3170000,서울특별시 금천구 금하로 657 (시흥동),,03,폐업,,,,
CU 시흥4동점,2019-02-08,191936.282312791,440019.759536709,2026-04-26 22:00:56,I,03,폐업,2019-02-08 16:57:51,,2014-01-07,153-854,서울특별시 금천구 시흥동 795번지,PHMH320143170035087500002,3170000,서울특별시 금천구 독산로50길 98 (시흥동),08565,03,폐업,,,,
1004마트 가산점,2015-11-24,189647.046752134,441677.096205358,2026-04-26 22:00:56,I,03,폐업,2015-11-25 09:35:01,,2014-01-14,153-803,서울특별시 금천구 가산동 371번지 37호,PHMH320143170035087500003,3170000,서울특별시 금천구 가산디지털1로 128 (가산동),08507,03,폐업,,,,
GS25 시흥대로2점,2019-10-31,191414.317827986,437602.625094324,2026-04-26 22:00:56,I,03,폐업,2019-10-31 15:47:13,,2014-01-14,153-861,서울특별시 금천구 시흥동 954번지 39호,PHMH320143170035087500004,3170000,서울특별시 금천구 시흥대로 72 (시흥동),08652,03,폐업,,,,
CU독산역점,2024-02-01,190241.176536786,440453.915574498,2026-04-26 22:00:56,I,03,폐업,2024-02-01 17:24:37,,2014-01-23,153-829,서울특별시 금천구 독산동 1003번지 21호,PHMH320143170035087500005,3170000,"서울특별시 금천구 범안로 1158 (독산동, 태영아파트상가)",08601,03,폐업,,,,
CU 가산하이엔드7차점,2018-06-14,189417.678263584,441342.660096623,2026-04-26 22:00:56,I,03,폐업,2018-06-15 11:18:10,,2014-01-28,,,PHMH320143170035087500006,3170000,"서울특별시 금천구 가산디지털2로 67, 102호 (가산동, 가산하이엔드7차)",08588,03,폐업,79,,,070-8847-5287
GS25시흥은행,2017-05-16,191869.753505001,438948.850924592,2026-04-26 22:00:56,I,03,폐업,2017-05-17 09:29:16,,2014-02-24,,,PHMH320143170035087500007,3170000,서울특별시 금천구 금하로23길 32 (시흥동),08574,03,폐업,,,,
GS25 금천삼익,2015-07-21,191989.19356044,439992.479107696,2026-04-26 22:00:56,I,03,폐업,2015-07-21 16:08:33,,2014-03-18,,,PHMH320143170035087500008,3170000,서울특별시 금천구 독산로50다길 2 (시흥동),,03,폐업,50,,,
GS25 금천금하로점,2015-12-08,191500.317686712,439325.215721618,2026-04-26 22:00:56,I,03,폐업,2015-12-16 10:43:08,,2014-03-27,,,PHMH320143170035087500009,3170000,서울특별시 금천구 독산로29길 13 (시흥동),08625,03,폐업,,,,
GS25시흥금빛점,2014-09-01,191416.757996734,439015.961045748,2026-04-26 22:00:58,I,03,폐업,2014-09-02 11:39:17,,2014-04-28,,,PHMH320143170035087500010,3170000,서울특별시 금천구 금하로14길 6 (시흥동),,03,폐업,,,,
미니스톱 독산지식센터점,2015-05-15,190694.880295092,440764.426277932,2026-04-26 22:00:56,I,03,폐업,2015-05-18 10:20:37,,2014-04-28,,,PHMH320143170035087500011,3170000,"서울특별시 금천구 두산로 70, A동 TL-111호 (독산동, 현대지식산업센터)",,03,폐업,99,,,
미니스톱 독산현대점,2015-05-15,190694.880295092,440764.426277932,2026-04-26 22:00:56,I,03,폐업,2015-05-18 10:24:57,,2014-04-28,,,PHMH320143170035087500012,3170000,"서울특별시 금천구 두산로 70, B동 T-123호 (독산동, 현대지식산업센터)",,03,폐업,99,,,
미니스톱 금천벽산점,2018-12-17,189232.30642848,442478.356256941,2026-04-26 22:00:56,I,03,폐업,2018-12-17 17:12:20,,2014-05-01,,,PHMH320143170035087500013,3170000,"서울특별시 금천구 가산디지털1로 219, 1층 103-1호 (가산동, 벽산디지털밸리6차)",08501,03,폐업,,,,
씨유 금천예스점,2016-03-02,190629.409327883,441116.684830208,2026-04-26 22:00:56,I,03,폐업,2016-03-03 09:59:18,,2014-06-18,,,PHMH320143170035087500014,3170000,서울특별시 금천구 가산로3길 13 (독산동),08524,03,폐업,55,,,
세븐일레븐 시흥IC점,2025-06-30,190933.601554233,441662.481512797,2026-04-26 22:00:56,I,03,폐업,2025-06-30 11:23:45,,2014-07-02,153-806,서울특별시 금천구 독산동 12통 6반,PHMH320143170035087500015,3170000,서울특별시 금천구 시흥대로 487 (독산동),08530,03,폐업,,,,
㈜지에스리테일 GS25 독산중앙점,2014-11-20,191401.284838268,441326.357130111,2026-04-26 22:00:58,I,03,폐업,2014-11-20 15:20:51,,2014-08-20,,,PHMH320143170035087500017,3170000,서울특별시 금천구 독산로 306 (독산동),,03,폐업,,,,
GS25 금천햇빛점,2022-08-30,191137.687210463,439664.246872694,2026-04-26 22:00:56,I,03,폐업,2022-08-30 14:55:39,,2014-09-29,,,PHMH320143170035087500018,3170000,서울특별시 금천구 시흥대로80길 17 (시흥동),08624,03,폐업,58,,,
미니스톱 가산하이엔드점,2016-08-31,189855.309927286,441540.894601732,2026-04-26 22:00:56,I,03,폐업,2016-09-02 16:15:28,,2014-10-27,,,PHMH320143170035087500020,3170000,"서울특별시 금천구 벚꽃로 234, 107호 (가산동)",08513,03,폐업,,,,
씨유 시흥대로,2020-04-29,191075.857097963,439485.637630184,2026-04-26 22:00:56,I,03,폐업,2020-04-29 11:16:38,,2014-11-20,,,PHMH320143170035087500022,3170000,서울특별시 금천구 시흥대로 266 (시흥동),08624,03,폐업,,,,
씨유 금천서울점,2019-11-07,190285.477808771,441157.570898091,2026-04-26 22:00:56,I,03,폐업,2019-11-07 09:44:23,,2014-11-20,,,PHMH320143170035087500023,3170000,서울특별시 금천구 가산로3길 84 (가산동),08521,03,폐업,,,,
미니스톱 가산한라점,2016-07-06,189419.091886816,441207.655086501,2026-04-26 22:00:56,I,03,폐업,2016-07-13 13:51:53,,2014-11-20,153-706,서울특별시 금천구 가산동 345번지 90호,PHMH320143170035087500024,3170000,서울특별시 금천구 가산디지털2로 53 (가산동),08588,03,폐업,66,,,
미니스톱 가산엠파이어점,2016-11-29,189978.050925581,440363.954453659,2026-04-26 22:00:57,I,03,폐업,2016-11-29 10:13:03,,2014-12-12,,,PHMH320143170035087500026,3170000,"서울특별시 금천구 범안로 1130, 107호 (가산동)",08595,03,폐업,66,,,
㈜지에스리테일 GS25 금천독산점,2015-03-30,190667.881656573,441163.601483303,2026-04-26 22:00:58,I,03,폐업,2015-03-30 16:07:09,,2015-01-09,,,PHMH320153170035087500001,3170000,서울특별시 금천구 가산로 71 (독산동),,03,폐업,,,,
씨스페이스 독산문성,2016-06-30,191114.945017656,441445.343037246,2026-04-26 22:00:57,I,03,폐업,2016-06-30 13:47:34,,2015-01-09,,,PHMH320153170035087500002,3170000,서울특별시 금천구 시흥대로148길 27 (독산동),08539,03,폐업,,,,
홈플러스365 금천가산점,2018-11-05,190156.998235771,441778.577459743,2026-04-26 22:00:57,I,03,폐업,2018-11-05 16:44:21,,2015-01-26,,,PHMH320153170035087500003,3170000,서울특별시 금천구 디지털로12길 13 (가산동),08515,03,폐업,,,,
365플러스 금천시흥점,2019-06-07,191901.522802737,438370.46536582,2026-04-26 22:00:57,I,03,폐업,2019-06-07 11:04:22,,2015-03-17,,,PHMH320153170035087500004,3170000,"서울특별시 금천구 금하로24길 81, 1층 (시흥동)",08647,03,폐업,,,,32861225
씨유 시흥베르빌점,2016-01-15,190879.916578216,439511.654205187,2026-04-26 22:00:57,I,03,폐업,2016-01-18 11:39:32,,2015-03-19,,,PHMH320153170035087500005,3170000,서울특별시 금천구 시흥대로77길 23 (시흥동),08610,03,폐업,54,,,
GS25 금천독산점,2021-06-02,190667.881656573,441163.601483303,2026-04-26 22:00:57,I,03,폐업,2021-06-02 09:37:29,,2015-04-17,,,PHMH320153170035087500007,3170000,서울특별시 금천구 가산로 71 (독산동),08522,03,폐업,40,,,
GS25 독산문성점,2017-04-21,191760.000766307,441692.400149135,2026-04-26 22:00:57,I,03,폐업,2017-04-21 14:30:54,,2015-05-13,,,PHMH320153170035087500008,3170000,서울특별시 금천구 남부순환로126길 69 (독산동),08549,03,폐업,50,,,
씨유 금천 비타민점,2021-05-28,191159.180591703,438761.69556039,2026-04-26 22:00:57,I,03,폐업,2021-05-28 18:04:52,,2015-05-28,,,PHMH320153170035087500009,3170000,"서울특별시 금천구 시흥대로51길 15, 1층 (시흥동)",08635,03,폐업,,,,
미니스톱 금천가산점,2018-07-31,190360.095228614,441704.231986139,2026-04-26 22:00:58,I,03,폐업,2018-08-02 09:10:33,,2015-05-28,,,PHMH320153170035087500010,3170000,"서울특별시 금천구 가산로 134, 1층 (가산동)",08528,03,폐업,,,,
씨유 시흥박미점,2019-01-30,191473.678569627,437945.283977421,2026-04-26 22:00:57,I,03,폐업,2019-01-30 17:46:29,,2015-05-29,,,PHMH320153170035087500011,3170000,"서울특별시 금천구 시흥대로36길 8, 1층 (시흥동)",08651,03,폐업,,,,
지에스(GS)25독산두산로점,2024-05-20,190395.636689928,440875.914368498,2026-04-26 22:00:57,I,03,폐업,2024-05-20 16:45:57,,2015-06-26,153-835,서울특별시 금천구 독산동 1133번지,PHMH320153170035087500012,3170000,"서울특별시 금천구 두산로 36, 102-103호 (독산동)",08583,03,폐업,66,,,
365플러스 금천서연점,2020-10-06,191384.237468168,439834.222821067,2026-04-26 22:00:57,I,03,폐업,2020-10-06 19:39:19,,2015-07-06,,,PHMH320153170035087500013,3170000,서울특별시 금천구 독산로43가길 14 (시흥동),08621,03,폐업,,,,64014520
GS25 금천삼익,2017-12-07,191989.19356044,439992.479107696,2026-04-26 22:00:57,I,03,폐업,2017-12-07 10:54:50,,2015-07-21,,,PHMH320153170035087500015,3170000,서울특별시 금천구 독산로50다길 2 (시흥동),08565,03,폐업,,,,
씨유 가산성지점,2019-02-11,190444.945552506,441579.539684704,2026-04-26 22:00:57,I,03,폐업,2019-02-11 15:43:25,,2015-07-27,,,PHMH320153170035087500016,3170000,서울특별시 금천구 가산로 120 (가산동),08529,03,폐업,,,,
미니스톱 가산테크노점,2020-09-25,189089.927764903,442569.300676147,2026-04-26 22:00:57,I,03,폐업,2020-09-25 10:16:15,,2015-08-05,,,PHMH320153170035087500018,3170000,"서울특별시 금천구 가마산로 96, 106호 (가산동, 대륭테크노타운8차)",08501,03,폐업,,,,
GS25 금천은행점,2017-10-30,191623.918087992,438766.981064195,2026-04-26 22:00:57,I,03,폐업,2017-10-30 15:08:09,,2015-09-15,,,PHMH320153170035087500019,3170000,서울특별시 금천구 독산로 42 (시흥동),08642,03,폐업,,,,
미니스톱 금천힐스테이트점,2016-10-17,191301.680931935,438484.863131835,2026-04-26 22:00:58,I,03,폐업,2016-10-17 14:02:30,,2015-09-30,,,PHMH320153170035087500021,3170000,서울특별시 금천구 시흥대로 163 (시흥동),08638,03,폐업,58,,,
씨유 시흥샘길점,2016-10-04,191269.181999466,438945.628521766,2026-04-26 22:00:57,I,03,폐업,2016-10-04 14:26:15,,2015-10-15,,,PHMH320153170035087500023,3170000,"서울특별시 금천구 시흥대로56길 9, 17호 (시흥동)",08628,03,폐업,66,,,
세븐일레븐 금천하이츠점,2020-11-25,191603.584959355,437952.709304478,2026-04-26 22:00:57,I,03,폐업,2020-11-25 17:42:45,,2015-10-20,,,PHMH320153170035087500024,3170000,서울특별시 금천구 시흥대로28길 35-27 (시흥동),08651,03,폐업,50,,,
세븐일레븐 금천우림점,2020-12-15,190959.140148303,439191.747519834,2026-04-26 22:00:57,I,03,폐업,2020-12-15 15:33:46,,2015-11-11,,,PHMH320153170035087500026,3170000,서울특별시 금천구 시흥대로63길 17 (시흥동),08615,03,폐업,,,,
GS25 금천나래점,2019-02-01,191289.925390374,439528.795932489,2026-04-26 22:00:57,I,03,폐업,2019-02-01 14:56:46,,2015-11-20,,,PHMH320153170035087500027,3170000,"서울특별시 금천구 독산로41길 69, 1층 (시흥동)",08622,03,폐업,,,,
GS25 금천금하로점,2019-05-07,191500.317686712,439325.215721618,2026-04-26 22:00:57,I,03,폐업,2019-05-07 13:32:08,,2015-12-08,,,PHMH320153170035087500028,3170000,서울특별시 금천구 독산로29길 13 (시흥동),08625,03,폐업,43,,,
올그린에스(주),2018-07-04,189647.046752134,441677.096205358,2026-04-26 22:00:58,I,03,폐업,2018-07-04 16:46:36,,2015-12-17,,,PHMH320153170035087500030,3170000,"서울특별시 금천구 가산디지털1로 128, 109호 (가산동, 에스티엑스브이타워)",08507,03,폐업,,,,
세븐일레븐 금천리온점,2021-03-05,190622.331952391,440783.065142501,2026-04-26 22:00:57,I,03,폐업,2021-03-05 14:39:47,,2015-12-28,,,PHMH320153170035087500031,3170000,서울특별시 금천구 두산로14길 18 (독산동),08584,03,폐업,,,,070-7756-2374
세븐일레븐 문성로점,2016-09-29,191880.638256107,441656.167146869,2026-04-26 22:00:57,I,03,폐업,2016-09-29 13:39:14,,2016-01-06,,,PHMH320163170035087500001,3170000,"서울특별시 금천구 문성로 49 (독산동, 신건빌딩)",08549,03,폐업,,,,
미니스톱 금천에이스점,2016-11-03,189975.894746956,440742.223479611,2026-04-26 22:00:57,I,03,폐업,2016-11-03 10:23:06,,2016-03-29,,,PHMH320163170035087500004,3170000,"서울특별시 금천구 가산디지털1로 30 (가산동, 에이스하이엔드타워10)",08591,03,폐업,66,,,
GS25독산한양점,2023-04-21,191093.134281747,441522.344996485,2026-04-26 22:00:57,I,03,폐업,2023-04-21 13:31:58,,2016-04-07,,,PHMH320163170035087500006,3170000,"서울특별시 금천구 시흥대로150길 21, 1층 (독산동)",08539,03,폐업,51,,,
