荤诀厘疙,企诀老磊,谅钎X,谅钎Y,单捞磐盎脚矫痢,单捞磐盎脚备盒,惑技康诀惑怕内靛,惑技康诀惑怕疙,弥辆荐沥矫痢,牢倾啊秒家老磊,牢倾啊老磊,家犁瘤快祈锅龋,瘤锅林家,包府锅龋,俺规磊摹窜眉内靛,档肺疙林家,档肺疙快祈锅龋,康诀惑怕备盒内靛,康诀惑怕疙,绒诀矫累老磊,绒诀辆丰老磊,家犁瘤傈拳锅龋,醚痹葛
技红老饭红倡盔痢,,198754.634182719,452404.979894277,2026-04-26 22:32:28,I,13,康诀吝,2023-10-27 15:13:34,,2022-02-10,,辑匡漂喊矫 辆肺备 版款悼 **-* *摸,PHMG120223000034047000049,3000000,"辑匡漂喊矫 辆肺备 牢荤悼*辨 **, *摸 (版款悼)",03148,01,康诀/沥惑,,,02-723-0478,47.96
配脚 蜡烹,2024-09-23,175265.663946784,433241.797279469,2026-04-26 22:33:51,I,03,企诀,2024-09-23 14:37:55,,2022-09-28,,牢玫堡开矫 巢悼备 稠泅悼 ***-* 稠泅皋叼拿季磐,PHMG120223530019047000388,3530000,"牢玫堡开矫 巢悼备 没瓷措肺 ***, 稠泅皋叼拿季磐 *摸 ****龋 (稠泅悼)",21653,03,企诀,,,,2
伎傅柯,,166719.290085005,438374.812987637,2026-04-26 22:32:12,I,13,康诀吝,2025-03-21 10:21:19,,2025-03-20,,牢玫堡开矫 吝备 脚蕊悼*啊 **-* 亲款酒颇飘,PHMG120253490019047000006,3490000,"牢玫堡开矫 吝备 辑秦措肺 ***, 惑啊悼 *摸 ***龋 (脚蕊悼*啊, 亲款酒颇飘)",22339,01,康诀/沥惑,,,,
(林)纳捞矩叼剖,,174609.224531781,439897.889183283,2026-04-26 22:33:51,I,13,康诀吝,2022-12-20 16:44:07,,2022-12-20,,牢玫堡开矫 巢悼备 埃籍悼 ***-* 篮柳呼爹,PHMG120223530019047000431,3530000,"牢玫堡开矫 巢悼备 籍魂肺 ***-*, 篮柳呼爹 *摸 (埃籍悼)",21545,01,康诀/沥惑,,,,149.04
(林)厚俊胶,2020-10-23,206866.808198159,455792.782633181,2026-04-26 22:32:16,I,03,企诀,2020-10-23 13:52:33,,2015-05-20,131-881,"吝拳悼 ***锅瘤 *龋 碍坷呼爹 瘤*,*,*摸",PHMG120153060034047000046,3060000,"辑匡漂喊矫 吝尔备 悼老肺 ***, 瘤窍*,*,*摸 (吝拳悼)",02014,03,企诀,,,02-495-2055,
甭葛醋 皋叼漠,2015-02-06,207462.158544969,455354.185365746,2026-04-26 22:32:09,I,24,流鼻企诀,2015-02-09 09:29:32,,2011-03-02,131-876,辑匡漂喊矫 吝尔备 吝拳*悼 ***锅瘤 *龋,PHMG120113060034047000008,3060000,辑匡漂喊矫 吝尔备 惑豪吝居肺*辨 ** (吝拳悼),,04,秒家/富家/父丰/沥瘤/吝瘤,,,02-434-3051,76
姐官捞坷 脚器,2020-01-31,167111.145680984,441143.051387509,2026-04-26 22:32:00,I,03,企诀,2020-02-03 09:23:07,,2018-02-05,,,PHMG120183490019047000007,3490000,"牢玫堡开矫 吝备 快泅肺 **, 扁刀背归拳痢,茄惫寇亲急背雀,桨墨其 *摸 (版悼)",22321,03,企诀,,,,161.78
GS25 辆肺件牢痢,2016-09-07,201960.951300031,452506.178595954,2026-04-26 22:32:17,I,03,企诀,2016-09-07 16:26:41,,2014-12-19,110-826,辑匡漂喊矫 辆肺备 件牢悼 ****锅瘤 版老坷乔胶炮 ***龋,PHMG120143000034047000121,3000000,"辑匡漂喊矫 辆肺备 抄拌肺 ***, ***龋 (件牢悼, 版老坷乔胶炮)",03116,03,企诀,,,02-2253-1782,
林侥雀荤 绵力狼葛电巴,,206924.416083049,454011.120237739,2026-04-26 22:32:24,I,15,傈免,2020-06-24 16:31:07,,2020-04-01,,辑匡漂喊矫 吝尔备 搁格悼 ***锅瘤 **龋,PHMG120203060034047000017,3060000,"辑匡漂喊矫 吝尔备 悼老肺***辨 **-**, *摸 ***龋 (搁格悼)",02135,05,力寇/昏力/傈免,,,,
技红老饭红 噶快结呈胶,2025-03-05,208267.592391698,455042.983909137,2026-04-26 22:32:26,I,03,企诀,2025-03-06 10:39:00,,2021-05-07,,辑匡漂喊矫 吝尔备 噶快悼 *** 茄老结呈胶呼府哩矫*窜瘤,PHMG120213060034047000064,3060000,"辑匡漂喊矫 吝尔备 侩付魂肺***辨 *** (噶快悼, 茄老结呈胶呼府哩矫*窜瘤)",02163,03,企诀,,,,
吩单窍捞付飘(林)惑豪瘤痢,,208453.37338563,455223.404030359,2026-04-26 22:32:02,I,13,康诀吝,2020-11-27 15:33:44,,2008-12-12,131-810,辑匡漂喊矫 吝尔备 噶快夯悼 ***锅瘤 **龋,PHMG120083060034047000042,3060000,辑匡漂喊矫 吝尔备 噶快肺 *** (噶快悼),02086,01,康诀/沥惑,,,02-2207-8881,
风矫靛矩内 夯痢,2025-05-31,206750.160791631,454573.62584679,2026-04-26 22:32:34,I,03,企诀,2025-06-09 09:51:54,,2024-06-11,,辑匡漂喊矫 吝尔备 惑豪悼 ***-**,PHMG120243060034047000038,3060000,"辑匡漂喊矫 吝尔备 吝尔玫肺**辨 **, *摸 (惑豪悼)",02121,03,企诀,,,,
康捞蜡,,175065.30329913,440194.562483479,2026-04-26 22:33:52,I,13,康诀吝,2023-04-25 13:59:13,,2023-04-25,,牢玫堡开矫 巢悼备 埃籍悼 *** 牢玫埃籍郡俊捞摹*窜瘤,PHMG120233530019047000072,3530000,"牢玫堡开矫 巢悼备 归裹肺***锅辨 **, ***悼 ***龋 (埃籍悼, 牢玫埃籍郡俊捞摹*窜瘤)",21512,01,康诀/沥惑,,,,
拌螟扁苛记,,198592.597470985,452190.992738652,2026-04-26 22:32:01,I,13,康诀吝,2019-05-03 13:30:15,,2005-06-08,,辑匡漂喊矫 辆肺备 牢荤悼 ***锅瘤 **龋 怕拳呼爹 *摸***-*龋,PHMG120053000034047000006,3000000,"辑匡漂喊矫 辆肺备 牢荤悼*辨 **, 怕拳呼爹 *摸 ***-*龋 (牢荤悼)",03162,01,康诀/沥惑,,,02-732-3671,
鉴澜焊没扁,,199159.679411,452041.504146287,2026-04-26 22:32:17,I,13,康诀吝,2025-10-31 17:09:20,,2014-12-08,110-123,辑匡漂喊矫 辆肺备 辆肺*啊 **锅瘤,PHMG120143000034047000115,3000000,辑匡漂喊矫 辆肺备 辆肺 *** (辆肺*啊),03139,01,康诀/沥惑,,,02-742-7742,
鳃胶袍 扒碍,2026-03-09,176054.290795686,439074.878939961,2026-04-26 22:33:54,I,03,企诀,2026-03-09 11:18:32,,2025-11-07,,牢玫堡开矫 巢悼备 父荐悼 ***-**,PHMG120253530019047000123,3530000,"牢玫堡开矫 巢悼备 窍锰辑肺 **, *摸 (父荐悼)",21539,03,企诀,,,,54.6
么么苞切季磐,,173217.91600457,439341.65447219,2026-04-26 22:33:47,I,13,康诀吝,2020-07-07 15:30:24,,2020-07-03,,牢玫堡开矫 巢悼备 埃籍悼 ***-***,PHMG120203530019047000056,3530000,"牢玫堡开矫 巢悼备 备岿肺**锅辨 **, *摸 (埃籍悼)",21553,01,康诀/沥惑,,,032-472-3532,126.8
俊捞摹厚甭令,,176289.301104774,433115.954737015,2026-04-26 22:33:48,I,13,康诀吝,2021-08-25 13:12:05,,2021-08-25,,牢玫堡开矫 巢悼备 稠泅悼 ***-* 俊内皋飘肺*瞒 歹鸥况,PHMG120213530019047000125,3530000,"牢玫堡开矫 巢悼备 家贰开巢肺 **, A悼 ***龋 (稠泅悼, 俊内皋飘肺*瞒 歹鸥况)",21674,01,康诀/沥惑,,,,81.63
俊捞摹掸呕,2025-06-27,207666.878836451,455135.800669899,2026-04-26 22:32:21,I,03,企诀,2025-06-25 09:23:08,,2018-04-18,,辑匡漂喊矫 吝尔备 惑豪悼 ***锅瘤 **龋 *摸***龋,PHMG120183060034047000013,3060000,"辑匡漂喊矫 吝尔备 惑豪吝居肺*辨 **, *摸 ***龋 (惑豪悼)",02091,03,企诀,,,02-784-2877,
龋林搁技痢 匙捞媚困努府,,207991.217387691,454169.82871287,2026-04-26 22:32:26,I,13,康诀吝,2021-11-05 10:59:12,,2021-11-04,,辑匡漂喊矫 吝尔备 搁格悼 ***-*,PHMG120213060034047000123,3060000,"辑匡漂喊矫 吝尔备 惑豪肺**辨 **, *摸 (搁格悼)",02162,01,康诀/沥惑,,,,19.8
辑匡皋叼漠狼丰扁,,208580.409647184,456742.947541604,2026-04-26 22:32:27,I,13,康诀吝,2021-12-30 15:26:26,,2021-12-30,,辑匡漂喊矫 吝尔备 脚郴悼 *** 辑匡狼丰盔,PHMG120213060034047000140,3060000,"辑匡漂喊矫 吝尔备 脚郴肺 ***, 辑匡狼丰盔 瘤窍*摸 (脚郴悼)",02053,01,康诀/沥惑,,,,
GS25 辆肺鸥况痢,2024-07-05,198286.311784052,452091.444332546,2026-04-26 22:32:32,I,03,企诀,2024-07-05 13:33:26,,2022-09-30,,辑匡漂喊矫 辆肺备 没柳悼 ** 弊尔辑匡 瘤窍***龋,PHMG120223000034047000187,3000000,"辑匡漂喊矫 辆肺备 辆肺 **, 弊尔辑匡 瘤窍摸 ***龋 (没柳悼)",03159,03,企诀,,,02-2158-7946,
飘饭捞歹胶 圈技老 努反 备岿痢,,174074.002286488,437545.395950524,2026-04-26 22:33:54,I,13,康诀吝,2025-08-27 09:52:08,,2025-08-27,,牢玫堡开矫 巢悼备 备岿悼 ****,PHMG120253530019047000102,3530000,"牢玫堡开矫 巢悼备 概家圈肺 ***, *摸 (备岿悼)",21582,01,康诀/沥惑,,,,
胶拍胶力捞,,176059.798265857,439871.677527206,2026-04-26 22:33:47,I,13,康诀吝,2020-10-21 10:23:52,,2020-10-20,,牢玫堡开矫 巢悼备 父荐悼 ****-* 氢锰绒刚矫酒*窜瘤酒颇飘,PHMG120203530019047000085,3530000,"牢玫堡开矫 巢悼备 父荐辑肺 **, ***悼 ****龋 (父荐悼, 氢锰绒刚矫酒*窜瘤酒颇飘)",21524,01,康诀/沥惑,,,,99.17
林侥雀荤 努府绢掸,,174319.159975036,437721.254075547,2026-04-26 22:33:53,I,13,康诀吝,2024-12-12 17:04:13,,2022-06-09,,牢玫堡开矫 巢悼备 备岿悼 **** 滴敲扼胶,PHMG120243530019047000138,3530000,"牢玫堡开矫 巢悼备 急荐锰傍盔肺 **, ***龋 (备岿悼, 滴敲扼胶)",21583,01,康诀/沥惑,,,,26.91
货朝牢磐泛萍宏,2010-02-04,,,2026-04-26 22:32:04,I,03,企诀,2010-02-04 17:33:08,,2007-05-10,110-460,辑匡漂喊矫 辆肺备 楷扒悼 ***锅瘤 福匙呼爹 ***龋,PHMG120073000034047000011,3000000,,,03,企诀,,,02-471-4561,
货茄皋叼乔酒,,200012.604277742,452993.281697632,2026-04-26 22:32:28,I,13,康诀吝,2021-08-04 14:17:22,,2010-04-19,,辑匡漂喊矫 辆肺备 楷扒悼 ** B**龋,PHMG120213000034047000106,3000000,"辑匡漂喊矫 辆肺备 措切肺*辨 **, B**龋 (楷扒悼)",03082,01,康诀/沥惑,,,02-2234-0012,
玫陛惑荤⑦,2005-11-04,206603.5155512,455447.368504941,2026-04-26 22:31:57,I,03,企诀,2009-07-23 14:50:31,,2004-03-02,131-882,辑匡漂喊矫 吝尔备 吝拳*悼 ***锅瘤 ***龋 B*龋,PHMG120043060034047000024,3060000,,,03,企诀,,,02-493-0777,52
胶付咆内府酒 林侥雀荤,,197567.93800572,452276.454633376,2026-04-26 22:32:26,I,13,康诀吝,2020-06-26 15:50:19,,2020-06-26,,辑匡漂喊矫 辆肺备 郴荐悼 *** 措快呼爹 ***龋,PHMG120203000034047000046,3000000,"辑匡漂喊矫 辆肺备 货巩救肺*辨 **, 措快呼爹 汗钦悼 ***龋 老何 (郴荐悼)",03173,01,康诀/沥惑,,,02-538-6851,
青汗洒绢傅,,174344.526420759,438594.415543151,2026-04-26 22:33:38,I,13,康诀吝,2011-12-26 17:04:34,,2005-11-29,,备岿*悼 ***-* 皋牢橇扼磊 ***龋,PHMG120053530019047000026,3530000,"牢玫堡开矫 巢悼备 牢林措肺 ***, ***龋 (备岿悼, 皋牢橇扼磊)",21578,01,康诀/沥惑,,,,
瘤俊胶25 稠泅橇扼磊,,175530.70519076,433360.171033601,2026-04-26 22:33:51,I,13,康诀吝,2022-11-22 17:28:10,,2022-11-22,,牢玫堡开矫 巢悼备 稠泅悼 ***-* 稠泅橇扼磊,PHMG120223530019047000420,3530000,"牢玫堡开矫 巢悼备 稠绊俺肺 ***, 稠泅橇扼磊 ***龋 (稠泅悼)",21666,01,康诀/沥惑,,,,39
CU埃籍肺令付府痢,2025-08-13,173916.520014979,440568.344310917,2026-04-26 22:33:51,I,03,企诀,2025-08-13 16:15:20,,2022-07-21,,牢玫堡开矫 巢悼备 埃籍悼 ***-**,PHMG120223530019047000320,3530000,"牢玫堡开矫 巢悼备 抗贱肺***锅辨 **, *摸 老何龋 (埃籍悼)",21507,03,企诀,,,,30.3
gs25搁格陛己痢,,207214.88344939,454330.678454039,2026-04-26 22:32:32,I,13,康诀吝,2022-09-27 15:19:38,,2022-09-27,,辑匡漂喊矫 吝尔备 搁格悼 ***-*,PHMG120223060034047000202,3060000,"辑匡漂喊矫 吝尔备 豪快犁肺**啊辨 **, *摸 (搁格悼)",02143,01,康诀/沥惑,,,,26
揪力捞棵府宏康(林) 牢玫牢胶颇捞绢痢,,,,2026-04-26 22:32:11,I,13,康诀吝,2024-02-29 16:16:46,,2024-02-26,,牢玫堡开矫 吝备 款辑悼 ****-** 牢胶颇捞绢,PHMG120243490019047000010,3490000,"牢玫堡开矫 吝备 傍亲巩拳肺 ***, 牢胶颇捞绢 *摸 R-**龋 (款辑悼)",22382,01,康诀/沥惑,,,,255
(林)内府酒技红 啪榜傍盔痢,2019-10-16,199001.895945417,452078.522023565,2026-04-26 22:32:16,I,03,企诀,2019-10-17 09:02:29,,2014-11-03,110-320,辑匡漂喊矫 辆肺备 倡盔悼 ***锅瘤,PHMG120143000034047000058,3000000,辑匡漂喊矫 辆肺备 荐钎肺 *** (倡盔悼),03139,03,企诀,,,02-745-6003,
林侥雀荤 磊局皋叼漠,2018-04-23,199321.4036677,451985.646550196,2026-04-26 22:32:16,I,03,企诀,2018-04-23 13:36:21,,2014-10-21,110-123,辑匡漂喊矫 辆肺备 辆肺*啊 ***锅瘤 *摸,PHMG120143000034047000041,3000000,"辑匡漂喊矫 辆肺备 辆肺 ***, *摸 (辆肺*啊)",03193,03,企诀,,,02-2617-2618,
KS皋叼漠,2007-10-31,208608.523141255,455289.134255653,2026-04-26 22:31:56,I,03,企诀,2009-07-22 09:53:07,,2001-01-30,131-810,辑匡漂喊矫 吝尔备 噶快夯悼 ***锅瘤 *龋,PHMG120013060034047000007,3060000,,,03,企诀,,,02-844-1249,12.6
蜡茄狼丰扁,2009-06-10,,,2026-04-26 22:32:05,I,03,企诀,2009-06-18 10:29:27,,2007-09-20,110-430,辑匡漂喊矫 辆肺备 厘荤悼 ** 绊妨呼爹 *摸 ***龋,PHMG120073000034047000034,3000000,,,03,企诀,,,,
技红老饭红 牢玫家贰痢,2024-10-31,176559.861235792,433113.310207242,2026-04-26 22:33:48,I,03,企诀,2024-10-31 17:03:00,,2021-05-07,,牢玫堡开矫 巢悼备 稠泅悼 ***-* 炼篮橇扼磊,PHMG120213530019047000069,3530000,"牢玫堡开矫 巢悼备 家贰开肺 **, 炼篮橇扼磊 *摸 ***龋 (稠泅悼)",21673,03,企诀,,,,46.6
靛覆扼捞橇,2006-09-27,208658.077732594,454894.790220198,2026-04-26 22:31:59,I,03,企诀,2009-07-27 09:05:20,,2006-08-11,131-809,辑匡漂喊矫 吝尔备 噶快夯悼 ***锅瘤 侩付橇扼磊 瘤窍**龋,PHMG120063060034047000043,3060000,,,03,企诀,,,02-437-2268,
康辆胶墨捞,,156304.528877165,445996.263617729,2026-04-26 22:32:12,I,13,康诀吝,2025-03-12 16:03:52,,2025-03-05,,牢玫堡开矫 吝备 款合悼 ***-*,PHMG120253490019047000004,3490000,"牢玫堡开矫 吝备 归款肺***锅辨 *, *悼 ***龋 (款合悼)",22356,01,康诀/沥惑,,,,68.82
绒刚舅颇绊,2024-07-24,166134.815145622,441482.986736919,2026-04-26 22:32:02,I,03,企诀,2024-07-25 15:58:43,,2020-09-29,,牢玫堡开矫 吝备 急赴悼 **-*,PHMG120203490019047000030,3490000,牢玫堡开矫 吝备 力拱樊肺 ***-* (急赴悼),22314,03,企诀,,,,66
概老秋胶春飘府记(林),2026-04-20,198101.593328721,452496.362099822,2026-04-26 22:32:33,I,03,企诀,2026-04-20 17:54:34,,2023-02-21,,辑匡漂喊矫 辆肺备 吝切悼 ** 歹纳捞飘扩鸥况,PHMG120233000034047000013,3000000,"辑匡漂喊矫 辆肺备 辆肺*辨 **, 歹纳捞飘扩鸥况 A悼 *摸 (吝切悼)",03142,03,企诀,,,080-860-1539,
林侥雀荤 饭坷匙,,175252.204660883,433303.497100941,2026-04-26 22:33:52,I,13,康诀吝,2024-02-01 13:42:35,,2024-02-01,,牢玫堡开矫 巢悼备 稠泅悼 ***-*,PHMG120243530019047000016,3530000,"牢玫堡开矫 巢悼备 稠绊俺肺***锅辨 **, *摸 ***-**龋 (稠泅悼)",21653,01,康诀/沥惑,,,,2.9
(林)扁埃魂诀 巢悼瘤痢,2023-01-31,175322.829762396,433304.243386176,2026-04-26 22:33:47,I,03,企诀,2023-02-07 09:11:46,,2020-02-06,,牢玫堡开矫 巢悼备 稠泅悼 ***锅瘤 *龋 漠府坷其,PHMG120203530019047000008,3530000,"牢玫堡开矫 巢悼备 稠绊俺肺***锅辨 **, 漠府坷其 *摸 ***龋 (稠泅悼)",21653,03,企诀,,,,63.21
秦乔罚靛 稠泅权敲矾胶痢,,175633.883082614,433196.453155142,2026-04-26 22:33:38,I,13,康诀吝,2011-12-26 16:39:10,,2011-07-12,405-300,牢玫堡开矫 巢悼备 稠泅悼 ***锅瘤 *龋 稠泅权敲矾胶 瘤窍*摸,PHMG120113530019047000032,3530000,"牢玫堡开矫 巢悼备 没瓷措肺 ***, 瘤窍*摸 (稠泅悼, 稠泅权敲矾胶)",21667,01,康诀/沥惑,,,,
矫措焊没扁,2015-10-29,198751.053912826,451962.484078847,2026-04-26 22:32:08,I,03,企诀,2015-10-29 15:09:56,,2009-07-06,110-122,辑匡漂喊矫 辆肺备 辆肺*啊 **锅瘤 *龋 何豪呼爹 ***龋,PHMG120093000034047000026,3000000,"辑匡漂喊矫 辆肺备 辆肺 **-* (辆肺*啊,何豪呼爹 ***龋)",,03,企诀,,,,
CU 件牢2悼痢,,201679.88532613,452481.882944225,2026-04-26 22:32:28,I,13,康诀吝,2022-02-16 13:46:12,,2022-02-14,,辑匡漂喊矫 辆肺备 件牢悼 ***-**,PHMG120223000034047000057,3000000,"辑匡漂喊矫 辆肺备 辆肺 ***, *摸 (件牢悼)",03112,01,康诀/沥惑,,,,
SMAD(胶皋靛)咆胶,,200278.353783492,452242.710933162,2026-04-26 22:32:34,I,13,康诀吝,2024-03-28 13:50:47,,2024-03-20,,辑匡漂喊矫 辆肺备 瓤力悼 ***,PHMG120243000034047000015,3000000,"辑匡漂喊矫 辆肺备 辆肺**辨 **, ***龋 (瓤力悼)",03126,01,康诀/沥惑,,,02-389-6866,
(林)俊胶厚烹惑,,199884.924610815,453572.123373062,2026-04-26 22:32:35,I,13,康诀吝,2025-03-18 16:53:14,,2025-03-18,,辑匡漂喊矫 辆肺备 疙符*啊 * 绢俩府酒 疙符*,PHMG120253000034047000017,3000000,"辑匡漂喊矫 辆肺备 芒版泵肺 ***-*, *摸 *龋 (疙符*啊, 绢俩府酒 疙符*)",03075,01,康诀/沥惑,,,,
飘扼捞胶内欺饭捞记,2010-02-10,207990.479257211,457183.637796144,2026-04-26 22:32:03,I,03,企诀,2010-02-10 10:04:55,,2009-02-25,131-871,辑匡漂喊矫 吝尔备 脚郴*悼 ***锅瘤 叼酒哆岸矾府 ***龋,PHMG120093060034047000012,3060000,,,03,企诀,,,070-7561-1122,
绢楷付风空朵规,2017-12-19,196496.678589669,455761.088102828,2026-04-26 22:32:15,I,03,企诀,2017-12-19 15:57:28,,2013-09-12,,辑匡漂喊矫 辆肺备 脚康悼 **锅瘤 *摸,PHMG120133000034047000056,3000000,"辑匡漂喊矫 辆肺备 柳蕊肺 ***, *摸 (脚康悼)",03014,03,企诀,,,02-395-2378,
付付佩林侥雀荤,,207466.548111085,454666.521671464,2026-04-26 22:32:17,I,15,傈免,2016-10-06 17:34:30,,2016-03-22,,,PHMG120153060034047000087,3060000,"辑匡漂喊矫 吝尔备 搁格肺**辨 **, *摸 (惑豪悼)",02138,05,力寇/昏力/傈免,,,02-6959-6363,89.96
茄付澜纳绢,,175513.62551246,439383.907362512,2026-04-26 22:33:38,I,13,康诀吝,2023-09-12 15:16:51,,2009-02-09,405-240,牢玫堡开矫 巢悼备 父荐悼 ***锅瘤 **龋 *摸,PHMG120093530019047000002,3530000,"牢玫堡开矫 巢悼备 备岿富肺**锅辨 **-**, *摸 (父荐悼)",21542,01,康诀/沥惑,,,032-464-8968,
啊荐配 飘饭捞醋,,199670.979884558,452221.775006084,2026-04-26 22:32:34,I,13,康诀吝,2024-01-09 09:26:02,,2024-01-08,,辑匡漂喊矫 辆肺备 牢狼悼 ***-* 技款胶涅绢,PHMG120243000034047000001,3000000,"辑匡漂喊矫 辆肺备 芒版泵肺 ***, 技款胶涅绢 ***龋 (牢狼悼)",03137,01,康诀/沥惑,,,,
喉风官捞坷,,174134.063014029,433107.729453554,2026-04-26 22:33:47,I,13,康诀吝,2022-02-22 16:28:41,,2020-01-02,,牢玫堡开矫 巢悼备 绊儡悼 ***-*,PHMG120203530019047000001,3530000,"牢玫堡开矫 巢悼备 龋备器肺 ***, 付农盔瘤侥魂诀季磐 胶涅绢 ***龋 (绊儡悼)",21655,01,康诀/沥惑,,,,56
健狼塞,,206771.217305763,455221.989517331,2026-04-26 22:32:18,I,15,傈免,2017-09-28 14:27:10,,2016-09-28,,辑匡漂喊矫 吝尔备 吝拳悼 ***锅瘤 *龋 ***龋,PHMG120163060034047000058,3060000,"辑匡漂喊矫 吝尔备 悼老肺***辨 **, ***~***龋 (吝拳悼, 怕瓷俊祭呼)",02104,05,力寇/昏力/傈免,,,02-465-3335,
技红老饭红 版汗泵痢,,198153.04455191,452851.204245035,2026-04-26 22:32:27,I,13,康诀吝,2025-10-20 16:48:10,,2021-05-03,,辑匡漂喊矫 辆肺备 荤埃悼 ** 康沥呼爹,PHMG120213000034047000040,3000000,"辑匡漂喊矫 辆肺备 伙没肺 **, 康沥呼爹 *摸 (荤埃悼)",03062,01,康诀/沥惑,,,02-733-0711,
林侥雀荤 叼 俊捞喉 目赣胶,,206878.954486415,457076.155865512,2026-04-26 22:32:25,I,15,傈免,2022-01-04 08:59:04,,2020-09-22,,辑匡漂喊矫 吝尔备 宫悼 ***-* 瘤胶鸥朴府胶,PHMG120203060034047000064,3060000,"辑匡漂喊矫 吝尔备 吝尔开肺 ***-**, *摸 ***龋 (宫悼, 瘤胶鸥朴府胶)",02032,05,力寇/昏力/傈免,,,02-6261-6300,23
揪力捞棵府宏康(林) 冈榜开痢,,206859.21503478,456654.831186357,2026-04-26 22:32:34,I,13,康诀吝,2024-08-19 17:12:09,,2024-08-19,,辑匡漂喊矫 吝尔备 宫悼 ***-* 备魂呼爹,PHMG120243060034047000053,3060000,"辑匡漂喊矫 吝尔备 傍釜肺*辨 *, 备魂呼爹 *摸, *摸 老何摸 (宫悼)",02034,01,康诀/沥惑,,,02-976-3164,
橇肺掸呕,,173878.004377318,440421.018006189,2026-04-26 22:33:39,I,13,康诀吝,2020-08-20 15:58:27,,2014-10-16,405-231,牢玫堡开矫 巢悼备 埃籍悼,PHMG120143530019047000051,3530000,"牢玫堡开矫 巢悼备 版牢肺 *** (埃籍悼, 埃籍悼,坷乔居A悼 ***龋)",21507,01,康诀/沥惑,,,,13.2
(林)茄酒抚皋叼漠,,,,2026-04-26 22:32:00,I,15,傈免,2018-06-26 12:00:33,,2017-04-13,,,PHMG120173490019047000002,3490000,"牢玫堡开矫 吝备 畸榜肺 **-*, *摸 (档盔悼)",22327,05,力寇/昏力/傈免,,,032-888-7879,134.12
亮篮技惑 目赣胶,2017-07-03,206774.874230196,457011.632629502,2026-04-26 22:32:19,I,03,企诀,2017-07-03 10:31:50,,2017-05-11,,辑匡漂喊矫 吝尔备 宫悼 ***锅瘤 *摸,PHMG120173060034047000025,3060000,"辑匡漂喊矫 吝尔备 吝尔开肺 *** (宫悼, *摸)",02033,03,企诀,,,070-4820-6424,
捞宏捞皋靛咆 林侥雀荤,,197288.633145983,453473.855293794,2026-04-26 22:32:19,I,15,傈免,2023-03-31 10:55:10,,2016-03-14,,辑匡漂喊矫 辆肺备 脚背悼 **锅瘤 *龋 乞盔呼爹 *摸,PHMG120163000034047000019,3000000,"辑匡漂喊矫 辆肺备 磊窍巩肺 **, *摸 (脚背悼, 乞盔呼爹)",03035,05,力寇/昏力/傈免,,,02-6263-0070,
赣聪傣饶,,173781.290205886,440204.915445962,2026-04-26 22:33:48,I,13,康诀吝,2021-10-12 12:47:39,,2021-10-12,,牢玫堡开矫 巢悼备 埃籍悼 ***-**,PHMG120213530019047000135,3530000,"牢玫堡开矫 巢悼备 版牢肺***锅辨 **, *摸 (埃籍悼)",21550,01,康诀/沥惑,,,,85.68
舅付 秋胶纳绢,2022-05-27,208267.592391698,455042.983909137,2026-04-26 22:32:23,I,03,企诀,2022-05-27 15:57:06,,2019-04-09,,辑匡漂喊矫 吝尔备 噶快悼 ***锅瘤 茄老结呈胶呼府哩矫*窜瘤 *摸 ****龋,PHMG120193060034047000018,3060000,"辑匡漂喊矫 吝尔备 侩付魂肺***辨 ***, *摸 ****龋 (噶快悼, 茄老结呈胶呼府哩矫*窜瘤)",02163,03,企诀,,,02-492-3810,
俊摹客捞(hy) 搁格痢,2024-12-18,207125.075886514,452819.137963148,2026-04-26 22:32:28,I,03,企诀,2024-12-18 10:44:19,,2022-03-18,,辑匡漂喊矫 吝尔备 搁格悼 ***-**,PHMG120223060034047000089,3060000,"辑匡漂喊矫 吝尔备 荤啊沥肺**辨 **, *摸 (搁格悼)",02241,03,企诀,,,070-4450-6318,
穿啊狼丰扁葛贰郴痢,2019-07-16,175080.476681327,438803.562354821,2026-04-26 22:33:44,I,03,企诀,2019-07-16 09:37:55,,2017-03-06,,,PHMG120173530019047000016,3530000,"牢玫堡开矫 巢悼备 龋备器肺 ***, *摸 傈眉龋 (备岿悼)",21536,03,企诀,,,,
皋叼拿况磐,2010-03-22,207990.479257211,457183.637796144,2026-04-26 22:31:59,I,03,企诀,2010-03-22 14:42:58,,2007-02-16,131-872,辑匡漂喊矫 吝尔备 脚郴*悼 ***锅瘤 叼酒哆岸矾府 ***龋,PHMG120073060034047000002,3060000,,,03,企诀,,,02-3421-8616,
浚厚(NB)内府酒,2014-02-03,208709.095189126,454753.402870475,2026-04-26 22:32:13,I,03,企诀,2014-02-03 16:51:44,,2013-09-02,131-808,辑匡漂喊矫 吝尔备 噶快悼 ***锅瘤 *龋 a悼 瘤窍,PHMG120133060034047000054,3060000,"辑匡漂喊矫 吝尔备 侩付魂肺 ***, A悼 瘤窍*摸 (噶快悼)",,03,企诀,,,,
林侥雀荤 档绢胶内府酒,,209316.017075885,455608.944271371,2026-04-26 22:32:26,I,13,康诀吝,2021-10-07 14:52:19,,2021-10-06,,辑匡漂喊矫 吝尔备 噶快悼 ***-* 堪堡酒颇飘,PHMG120213060034047000118,3060000,"辑匡漂喊矫 吝尔备 噶快肺**辨 **, 瘤窍摸 (噶快悼, 堪堡酒颇飘)",02064,01,康诀/沥惑,,,,285
GS25搁格 基磐痢,,207285.783335763,452237.321233024,2026-04-26 22:32:29,I,13,康诀吝,2023-06-16 13:53:30,,2022-07-20,,辑匡漂喊矫 吝尔备 搁格悼 ***-* 措悼付飘,PHMG120223060034047000167,3060000,"辑匡漂喊矫 吝尔备 搁格肺**辨 *, 措悼付飘 *摸 (搁格悼)",02246,01,康诀/沥惑,,,,
贾飘内府酒,2017-06-30,207518.836843774,455604.158486813,2026-04-26 22:31:58,I,03,企诀,2017-07-07 16:35:45,,2006-02-20,131-862,"辑匡漂喊矫 吝尔备 惑豪悼 ***-**寇 *鞘瘤, 瘤摸",PHMG120063060034047000004,3060000,"辑匡漂喊矫 吝尔备 豪拳魂肺 ***, 瘤摸 (惑豪悼)",02048,03,企诀,,,02-493-2441,
胶炮扼(STELLA),,176617.485294009,434134.469471964,2026-04-26 22:33:53,I,13,康诀吝,2024-11-22 14:52:34,,2024-11-22,,牢玫堡开矫 巢悼备 稠泅悼 ***-* 殿措付阑稠泅林傍**窜瘤酒颇飘,PHMG120243530019047000132,3530000,"牢玫堡开矫 巢悼备 没瓷措肺***锅辨 **, ****悼 ****龋 (稠泅悼, 殿措付阑稠泅林傍**窜瘤酒颇飘)",21663,01,康诀/沥惑,,,,46.81
绢匡覆,2014-05-09,167172.463306728,441645.447834036,2026-04-26 22:31:58,I,03,企诀,2014-05-09 18:05:11,,2013-12-02,,,PHMG120133490019047000004,3490000,"牢玫堡开矫 吝备 全抗巩肺 ** (牢泅悼, 春内酒 *摸)",,03,企诀,,,,1930
辑匡皋叼漠,2014-08-29,172453.279023983,440647.378707837,2026-04-26 22:33:37,I,24,流鼻企诀,2014-09-03 14:09:49,,2001-04-22,,埃籍悼***-* 捞拳酒颇飘惑啊*摸*龋,PHMG120013530019047000003,3530000,"牢玫堡开矫 巢悼备 版盔措肺 ***, ***龋 (埃籍悼, 捞拳A惑啊)",,04,秒家/富家/父丰/沥瘤/吝瘤,,,,
厚骏皋叼乔酒,2021-01-21,208481.612667873,455496.980508789,2026-04-26 22:32:14,I,03,企诀,2021-01-21 15:14:53,,2014-08-11,131-869,辑匡漂喊矫 吝尔备 脚郴悼 ***锅瘤 *龋 措疙橇扼磊 ***龋,PHMG120143060034047000045,3060000,"辑匡漂喊矫 吝尔备 豪拳魂肺**辨 ***, ***龋 (脚郴悼, 措疙橇扼磊)",02071,03,企诀,,,,
GS FRESH 牢玫档覆痢,,175981.287977694,435302.344499432,2026-04-26 22:33:48,I,13,康诀吝,2021-05-04 16:23:40,,2021-05-04,,牢玫堡开矫 巢悼备 档覆悼 ***-* 档覆惑啊,PHMG120213530019047000048,3530000,"牢玫堡开矫 巢悼备 稠绊俺肺 ***, 档覆惑啊 *摸 老何龋 (档覆悼)",21645,01,康诀/沥惑,,,,297.52
厚厚具,,173576.271546263,439208.73614055,2026-04-26 22:33:45,I,13,康诀吝,2019-01-21 11:02:31,,2019-01-18,,牢玫堡开矫 巢悼备 备岿悼 ****锅瘤 *龋 没柳匙坷胶呼,PHMG120193530019047000005,3530000,"牢玫堡开矫 巢悼备 抗贱肺 ***, 没柳匙坷胶呼 ***龋 (备岿悼)",21557,01,康诀/沥惑,,,,30.42
哩飘府(GENtree),,174721.135774373,440487.26080172,2026-04-26 22:33:45,I,13,康诀吝,2018-11-29 11:01:37,,2018-11-28,,牢玫堡开矫 巢悼备 埃籍悼 **锅瘤 *龋 蜡康酒颇飘,PHMG120183530019047000070,3530000,"牢玫堡开矫 巢悼备 埃籍肺 **, ***龋 (埃籍悼, 蜡康酒颇飘)",21511,01,康诀/沥惑,,,,70.81
皋叼拿倾宏,,174183.015135427,437665.227499549,2026-04-26 22:33:48,I,13,康诀吝,2021-08-05 15:38:31,,2021-08-05,,牢玫堡开矫 巢悼备 备岿悼 ****-* 沥规呼爹,PHMG120213530019047000120,3530000,"牢玫堡开矫 巢悼备 急荐锰傍盔肺**锅辨 *, 沥规呼爹 *摸 ***龋 (备岿悼)",21582,01,康诀/沥惑,,,,97.65
歹喉蜡 没阿楷备家_快府悼匙 焊没扁,,174134.063014029,433107.729453554,2026-04-26 22:33:51,I,13,康诀吝,2023-01-27 09:27:34,,2019-12-19,,牢玫堡开矫 巢悼备 绊儡悼 ***-*,PHMG120233530019047000027,3530000,"牢玫堡开矫 巢悼备 龋备器肺 ***, ***-*龋 (绊儡悼)",21655,01,康诀/沥惑,,,,
(林)酒己促捞家 权敲矾胶 牢玫稠泅痢,,175633.883082614,433196.453155142,2026-04-26 22:33:54,I,13,康诀吝,2025-11-12 15:13:54,,2025-11-12,,牢玫堡开矫 巢悼备 稠泅悼 ***-*,PHMG120253530019047000122,3530000,"牢玫堡开矫 巢悼备 没瓷措肺 ***, B*摸 H*龋 (稠泅悼)",21667,01,康诀/沥惑,,,,460.4
林侥雀荤 悼青腔绢,,175241.261326707,433236.82061513,2026-04-26 22:33:52,I,13,康诀吝,2025-12-18 17:54:56,,2023-05-31,,牢玫堡开矫 巢悼备 稠泅悼 ***-* 捞瘤橇扼磊,PHMG120233530019047000092,3530000,"牢玫堡开矫 巢悼备 稠泅开肺 *, 捞瘤橇扼磊 ***龋 (稠泅悼)",21653,01,康诀/沥惑,,,032-431-9005,
柳皋叼漠,2022-01-14,206994.154050121,455522.929612313,2026-04-26 22:32:20,I,03,企诀,2022-01-17 10:51:19,,2018-03-12,,辑匡漂喊矫 吝尔备 吝拳悼 ***-** 没盔促固家酒颇飘,PHMG120183060034047000007,3060000,"辑匡漂喊矫 吝尔备 悼老肺***辨 **, 惑啊 ***龋 (吝拳悼, 没盔促固家酒颇飘)",02051,03,企诀,,,02-496-9906,
困靛府胶,2024-01-24,174301.841646723,441366.333443511,2026-04-26 22:33:51,I,03,企诀,2024-01-24 17:07:52,,2022-07-11,,牢玫堡开矫 巢悼备 埃籍悼 ***-* 埔歹酒颇飘,PHMG120223530019047000272,3530000,"牢玫堡开矫 巢悼备 版牢肺***锅辨 **, 唱悼 ***龋 (埃籍悼, 埔歹酒颇飘)",21514,03,企诀,,,,46.44
俊胶盔烹惑,2019-08-20,201596.76731411,452141.456188785,2026-04-26 22:32:21,I,03,企诀,2019-08-28 11:12:37,,2017-03-06,,辑匡漂喊矫 辆肺备 件牢悼 ***锅瘤 **龋,PHMG120173000034047000017,3000000,"辑匡漂喊矫 辆肺备 抄拌肺**辨 **, *摸 (件牢悼)",03117,03,企诀,,,02-927-9150,
(林)歹棵酒捞萍,,197301.12614106,451816.038182067,2026-04-26 22:32:35,I,13,康诀吝,2024-11-14 17:42:13,,2024-11-14,,,PHMG120243000034047000051,3000000,"辑匡漂喊矫 辆肺备 货巩救肺  **-* , 乔绢急呼爹 ***龋",03184,01,康诀/沥惑,,,02-722-9948,
吩单揪宏捞俊胶711 林侥雀荤 版锐泵痢,2024-04-04,197465.223921125,452366.613899898,2026-04-26 22:32:31,I,03,企诀,2024-04-04 18:32:03,,2022-06-02,,辑匡漂喊矫 辆肺备 郴荐悼 ** 版锐泵狼酒魔 *窜瘤,PHMG120223000034047000109,3000000,"辑匡漂喊矫 辆肺备 荤流肺*辨 **, 版锐泵狼酒魔 *窜瘤 瘤惑*摸 ***,***,***龋 (郴荐悼)",03174,03,企诀,,,,
沥公皋雕胶,,174136.448502526,437677.045395368,2026-04-26 22:33:45,I,13,康诀吝,2019-01-31 17:39:14,,2019-01-31,,牢玫堡开矫 巢悼备 备岿悼 ****锅瘤 *龋 匙捞媚橇扼磊,PHMG120193530019047000008,3530000,"牢玫堡开矫 巢悼备 急荐锰傍盔肺**锅辨 **, 匙捞媚橇扼磊 *摸 ***龋-**龋 (备岿悼)",21582,01,康诀/沥惑,,,,4.3
墨配傈磊淬硅,2012-06-20,173364.502994315,440609.476849728,2026-04-26 22:33:39,I,03,企诀,2012-06-21 10:20:51,,2012-02-24,405-810,牢玫堡开矫 巢悼备 埃籍*悼 ***锅瘤 *摸老何,PHMG120123530019047000003,3530000,"牢玫堡开矫 巢悼备 籍沥肺 *** (埃籍悼, *摸老何)",,03,企诀,,,,
矫措焊没扁,2009-07-06,,,2026-04-26 22:32:00,I,03,企诀,2009-11-18 11:04:11,,2004-07-22,110-122,辑匡漂喊矫 辆肺备 辆肺*啊 **-*  何豪呼爹 *摸,PHMG120043000034047000018,3000000,,,03,企诀,,,02-737-5014,
夯皋雕(bonmedic),2023-03-31,206716.261686744,455040.262221163,2026-04-26 22:32:19,I,03,企诀,2023-03-31 14:20:45,,2017-02-06,,辑匡漂喊矫 吝尔备 吝拳悼 ***锅瘤 **龋 瘤窍*摸 ***龋,PHMG120173060034047000005,3060000,"辑匡漂喊矫 吝尔备 吝尔开肺 **-*, 瘤窍*摸 ***龋 (吝拳悼)",02107,03,企诀,,,,
(林)浚厚骏,2016-05-31,201850.462764525,452407.508781009,2026-04-26 22:32:10,I,03,企诀,2016-05-31 15:11:18,,2011-01-11,110-825,辑匡漂喊矫 辆肺备 件牢*悼 ***锅瘤 **龋 拌疙呼爹 ***龋,PHMG120113000034047000004,3000000,"辑匡漂喊矫 辆肺备 辆肺**辨 ** (件牢悼,拌疙呼爹 ***龋)",,03,企诀,,,02-2234-5007,
辆肺皋叼漠,,175080.476681327,438803.562354821,2026-04-26 22:33:37,I,13,康诀吝,2011-12-23 20:52:44,,2001-10-12,,"备岿悼****-*,** 瘤窍*摸",PHMG120013530019047000007,3530000,"牢玫堡开矫 巢悼备 龋备器肺 ***, 瘤窍*摸 (备岿悼)",21536,01,康诀/沥惑,,,,
GS25 拌悼吝居痢,,198743.166772387,453082.574897286,2026-04-26 22:32:27,I,13,康诀吝,2021-07-28 08:59:14,,2021-07-27,,辑匡漂喊矫 辆肺备 拌悼 ** *摸,PHMG120213000034047000100,3000000,"辑匡漂喊矫 辆肺备 拌悼辨 **, *摸 (拌悼)",03056,01,康诀/沥惑,,,02-743-3827,
歹扼牢,,207605.485001079,453896.623253474,2026-04-26 22:32:27,I,13,康诀吝,2022-02-17 09:51:35,,2022-02-14,,辑匡漂喊矫 吝尔备 搁格悼 ***-* 窍捞盔朴府胶,PHMG120223060034047000062,3060000,"辑匡漂喊矫 吝尔备 扳犁肺**辨 **-*, ***悼 *摸 ***龋 (搁格悼, 窍捞盔朴府胶)",02219,01,康诀/沥惑,,,,
(林)内府酒技红 搁格骏厚胶痢,2019-10-17,208184.075996876,454101.897401392,2026-04-26 22:32:17,I,03,企诀,2019-10-17 17:05:05,,2015-08-10,,辑匡漂喊矫 吝尔备 搁格悼 **锅瘤 **龋,PHMG120153060034047000062,3060000,"辑匡漂喊矫 吝尔备 惑豪肺 **, *摸 (搁格悼)",02199,03,企诀,,,02-434-7039,
牢玫嘎捞规辆钦祈狼痢,,166107.005266033,441959.634241127,2026-04-26 22:32:10,I,13,康诀吝,2025-04-11 17:26:57,,2023-08-23,,牢玫堡开矫 吝备 合己悼*啊 *-* 牢玫开,PHMG120233490019047000036,3490000,"牢玫堡开矫 吝备 力拱樊肺 ***, 牢玫开 *龋急 (合己悼*啊)",22307,01,康诀/沥惑,,,,48.15
揪蜡 辆肺版锐泵痢,2019-05-29,197469.959024858,452033.989111749,2026-04-26 22:32:17,I,03,企诀,2019-07-05 09:59:28,,2014-11-14,110-061,辑匡漂喊矫 辆肺备 脚巩肺*啊 **锅瘤 **龋,PHMG120143000034047000094,3000000,辑匡漂喊矫 辆肺备 版锐泵辨 * (脚巩肺*啊),03175,03,企诀,,,070-7765-6473,
玫扁鼻狼丰扁,,175289.999014813,439172.61442554,2026-04-26 22:33:45,I,15,傈免,2025-04-15 14:07:56,,2018-07-26,,牢玫堡开矫 巢悼备 备岿悼 ****-*,PHMG120193530019047000006,3530000,"牢玫堡开矫 巢悼备 龋备器肺***锅辨 **, *摸 (备岿悼)",21534,05,力寇/昏力/傈免,,,,269.72
揪蜡龋炮绒牢玫傍亲痢,,152234.740431288,437550.217823217,2026-04-26 22:32:07,I,13,康诀吝,2022-07-18 11:29:34,,2022-07-18,,牢玫堡开矫 吝备 款辑悼 ****-* 措快胶墨捞岿靛 ***龋,PHMG120223490019047000105,3490000,"牢玫堡开矫 吝备 傍亲肺***锅辨 **, 措快胶墨捞岿靛 ***龋 (款辑悼)",22382,01,康诀/沥惑,,,,
府部骇福,2024-04-25,173500.9061555,438056.800362993,2026-04-26 22:33:52,I,03,企诀,2024-04-25 11:19:52,,2023-10-06,,牢玫堡开矫 巢悼备 备岿悼 **** 技悼匙坷胶,PHMG120233530019047000155,3530000,"牢玫堡开矫 巢悼备 牢窍肺***锅辨 **, 技悼匙坷胶 *摸 ***-*龋 (备岿悼)",21574,03,企诀,,,,1.65
揪蜡 搁格吝居痢,2016-12-28,207785.947100521,453578.883999095,2026-04-26 22:32:18,I,03,企诀,2016-12-28 17:37:48,,2016-06-22,,辑匡漂喊矫 吝尔备 搁格悼,PHMG120163060034047000036,3060000,辑匡漂喊矫 吝尔备 搁格肺**啊辨 * (搁格悼),02209,03,企诀,,,,
虐框俊橇俊胶 林侥雀荤,2025-10-29,209131.36954711,455161.968109934,2026-04-26 22:32:33,I,03,企诀,2025-10-29 15:43:00,,2024-01-29,,辑匡漂喊矫 吝尔备 噶快悼 ***-**,PHMG120243060034047000007,3060000,"辑匡漂喊矫 吝尔备 噶快肺**辨 **, *摸 *龋 (噶快悼)",02179,03,企诀,,,070-4580-4648,
瘤俊胶25(GS25) 搁格傍盔痢,,206481.025807683,454377.299349687,2026-04-26 22:32:32,I,13,康诀吝,2022-11-30 09:52:12,,2022-11-30,,辑匡漂喊矫 吝尔备 搁格悼 ***-** 快老荐欺,PHMG120223060034047000222,3060000,"辑匡漂喊矫 吝尔备 吝尔玫肺**辨 **, 快老荐欺 *摸 (搁格悼)",02126,01,康诀/沥惑,,,,102.16
(林)舅竣胶,,207615.350708804,455644.859794331,2026-04-26 22:32:16,I,15,傈免,2016-11-14 11:34:50,,2015-05-22,131-221,辑匡漂喊矫 吝尔备 惑豪悼 ***锅瘤 *龋 瘤摸  ***龋龋,PHMG120153060034047000049,3060000,"辑匡漂喊矫 吝尔备 豪拳魂肺 ***, 瘤摸 ***龋 (惑豪悼)",02048,05,力寇/昏力/傈免,,,02-461-1986,
脚己捞拳切惑荤,2024-08-30,199134.259231309,452663.94745176,2026-04-26 22:32:26,I,03,企诀,2024-09-06 16:13:45,,2020-06-26,,辑匡漂喊矫 辆肺备 客锋悼 ** *摸,PHMG120203000034047000049,3000000,"辑匡漂喊矫 辆肺备 啦邦肺**辨 **, *摸 (客锋悼)",03134,03,企诀,,,02-743-8387,
酒唱掸 酱啊傅课教 牢玫备岿痢,2024-12-18,173741.753624737,438827.184768493,2026-04-26 22:33:50,I,03,企诀,2024-12-19 09:49:12,,2022-04-29,,牢玫堡开矫 巢悼备 备岿悼 ****-** 畴呼府救疙前,PHMG120223530019047000237,3530000,"牢玫堡开矫 巢悼备 固贰肺 **, 畴呼府救疙前 ***龋 (备岿悼)",21558,03,企诀,,,070-7228-8778,
GS25 乞芒巩拳肺痢,2024-06-11,197865.966333333,456429.344666667,2026-04-26 22:32:32,I,03,企诀,2024-06-11 14:28:35,,2022-07-18,,辑匡漂喊矫 辆肺备 乞芒悼 ***-* 救己呼爹 *摸,PHMG120223000034047000147,3000000,"辑匡漂喊矫 辆肺备 乞芒巩拳肺 ***, 救己呼爹 *摸 (乞芒悼)",03010,03,企诀,,,02-396-8002,
唱厚框买龙墨其,,173265.389631817,439078.417832687,2026-04-26 22:33:45,I,13,康诀吝,2017-12-07 17:45:51,,2017-12-07,,牢玫堡开矫 巢悼备 备岿悼 ****锅瘤 *龋,PHMG120173530019047000079,3530000,"牢玫堡开矫 巢悼备 备岿巢肺 **, *摸 (备岿悼)",21559,01,康诀/沥惑,,,032-433-3678,
林侥雀荤 郡矩揪官捞坷,2025-11-17,198150.300374121,452019.212642931,2026-04-26 22:32:14,I,03,企诀,2025-11-24 15:10:00,,2012-04-30,,辑匡漂喊矫 辆肺备 辆肺*啊 **锅瘤 福皋捞俊福辆肺鸥款 ***龋,PHMG120123000034047000023,3000000,"辑匡漂喊矫 辆肺备 辆肺 **, 福皋捞俊福辆肺鸥款 ***龋 (辆肺*啊)",03157,03,企诀,,,02-3472-0370,
棵付捞萍,,208198.85960983,455525.574964606,2026-04-26 22:32:18,I,13,康诀吝,2016-10-12 15:22:50,,2016-10-12,,,PHMG120163060034047000061,3060000,"辑匡漂喊矫 吝尔备 脚郴肺*啊辨  **-* , 悼何酒颇飘 ***悼 ****龋",02079,01,康诀/沥惑,,,02-2140-0589,
林侥雀荤 喉扼快力飘,2021-07-15,207106.851857011,457150.305157685,2026-04-26 22:32:23,I,03,企诀,2021-07-16 13:09:13,,2019-03-25,,辑匡漂喊矫 吝尔备 宫悼 **锅瘤 **龋 豪拳呼爹 ***龋,PHMG120193060034047000015,3060000,"辑匡漂喊矫 吝尔备 傍釜肺**唱辨 **, ***龋 (宫悼, 豪拳呼爹)",02031,03,企诀,,,,
⑦玫剧荤狼丰苞切,,199662.445551116,452313.713241533,2026-04-26 22:32:00,I,13,康诀吝,2023-10-27 17:24:59,,2004-06-04,110-410,辑匡漂喊矫 辆肺备 牢狼悼 **锅瘤 牢芒呼爹 *摸,PHMG120043000034047000015,3000000,"辑匡漂喊矫 辆肺备 悼鉴扼辨 **-*, *摸 (牢狼悼, 牢芒呼爹)",03137,01,康诀/沥惑,,,02-764-2674,
货茄皋叼咆⑦,2007-06-12,206736.694527063,455264.481108694,2026-04-26 22:31:58,I,03,企诀,2009-07-24 14:04:56,,2005-09-07,131-883,辑匡漂喊矫 吝尔备 吝拳*悼 ***锅瘤 **龋 *摸,PHMG120053060034047000055,3060000,,,03,企诀,,,02-433-1407,
畴宏侥胶,,173016.289021685,438816.101624134,2026-04-26 22:33:51,I,13,康诀吝,2023-01-17 17:58:16,,2023-01-17,,牢玫堡开矫 巢悼备 备岿悼 ****-* 溃皋捞靛,PHMG120233530019047000017,3530000,"牢玫堡开矫 巢悼备 巩拳辑肺**锅辨 *, 溃皋捞靛 ****龋 (备岿悼)",21560,01,康诀/沥惑,,,,
货蝴,2019-02-21,176457.89445893,433379.85887063,2026-04-26 22:33:45,I,03,企诀,2019-02-21 16:47:36,,2018-05-08,,牢玫堡开矫 巢悼备 稠泅悼 ***锅瘤 *龋,PHMG120183530019047000030,3530000,"牢玫堡开矫 巢悼备 巨绊俺肺 ***, *摸 ***-*龋 (稠泅悼)",21673,03,企诀,,,,54
钙级籍狼丰扁,2015-12-03,174182.035064896,440571.159683403,2026-04-26 22:33:39,I,03,企诀,2015-12-03 14:28:48,,2013-09-13,405-801,牢玫堡开矫 巢悼备 埃籍*悼 ***锅瘤 **龋 寇 *鞘瘤 *摸,PHMG120133530019047000038,3530000,"牢玫堡开矫 巢悼备 归裹肺 ***, *摸 (埃籍悼)",21510,03,企诀,,,,290
秦刀365,2021-08-18,173974.507390765,438808.171479625,2026-04-26 22:33:45,I,03,企诀,2021-08-18 13:14:25,,2018-10-02,,牢玫堡开矫 巢悼备 备岿悼 ****锅瘤 *龋 甭葛醋鸥况,PHMG120183530019047000060,3530000,"牢玫堡开矫 巢悼备 牢林措肺***锅辨 **, 甭葛醋鸥况 ***老何龋 (备岿悼)",21556,03,企诀,,,,92.5
府摹狼丰扁,2010-04-30,201253.807661498,452246.029400306,2026-04-26 22:32:06,I,03,企诀,2010-04-30 13:49:02,,2008-10-01,110-841,辑匡漂喊矫 辆肺备 芒脚悼 ***锅瘤 *龋 *摸,PHMG120083000034047000041,3000000,"辑匡漂喊矫 辆肺备 辆肺 *** (芒脚悼,*摸)",,03,企诀,,,36769988,
固家纳绢,,176176.84701635,435917.827825579,2026-04-26 22:33:45,I,15,傈免,2020-10-21 15:06:14,,2018-04-11,,牢玫堡开矫 巢悼备 档覆悼 ***锅瘤 *龋,PHMG120183530019047000042,3530000,"牢玫堡开矫 巢悼备 档覆合肺 **, *摸 (档覆悼)",21621,05,力寇/昏力/傈免,,,,190
林侥雀荤 酒况权 LX堡拳巩呼爹痢,,197413.260397461,451896.027279239,2026-04-26 22:32:32,I,13,康诀吝,2026-02-20 09:53:05,,2022-07-15,,辑匡漂喊矫 辆肺备 脚巩肺*啊 ** LX堡拳巩呼爹,PHMG120223000034047000143,3000000,"辑匡漂喊矫 辆肺备 货巩救肺 **, LX堡拳巩呼爹 瘤窍*摸 B***-*龋 (脚巩肺*啊)",03184,01,康诀/沥惑,,,,
欺矫侨掸呕,2004-10-08,206921.807525085,455888.451631082,2026-04-26 22:31:56,I,03,企诀,2009-07-22 10:23:03,,2001-08-16,131-875,辑匡漂喊矫 吝尔备 吝拳*悼 ***锅瘤 *龋,PHMG120013060034047000015,3060000,,,03,企诀,,,02-434-4528,22.05
固贰焊没扁,2009-10-30,,,2026-04-26 22:32:06,I,03,企诀,2009-11-17 14:26:21,,2008-06-12,110-122,辑匡漂喊矫 辆肺备 辆肺*啊 **-* 版康呼爹 ***龋,PHMG120083000034047000020,3000000,,,03,企诀,,,02-720-3555,
俊胶矩叼俺惯,2024-03-28,176597.448564384,433179.179735493,2026-04-26 22:33:51,I,03,企诀,2024-03-28 13:26:54,,2022-09-08,,牢玫堡开矫 巢悼备 稠泅悼 ***-* 甭葛醋鸥况,PHMG120223530019047000376,3530000,"牢玫堡开矫 巢悼备 巨绊俺肺***锅辨 **, 甭葛醋鸥况 *摸 ***-*龋 (稠泅悼)",21673,03,企诀,,,032-422-0363,15
没疙焊没扁,2020-01-30,176155.367043192,439101.571033613,2026-04-26 22:33:45,I,03,企诀,2020-02-03 11:50:09,,2018-04-26,,牢玫堡开矫 巢悼备 父荐悼 ***锅瘤 **龋,PHMG120183530019047000026,3530000,"牢玫堡开矫 巢悼备 窍锰肺**锅辨 **-*, *摸 惑啊龋 (父荐悼)",21539,03,企诀,,,,
纳绢浚俩狼丰扁,,175835.465149372,435296.662355356,2026-04-26 22:33:44,I,15,傈免,2016-06-15 09:43:45,,2015-07-10,405-280,牢玫堡开矫 巢悼备 档覆悼 ***锅瘤 **龋,PHMG120153530019047000071,3530000,"牢玫堡开矫 巢悼备 档覆肺**锅辨 **, *摸 (档覆悼)",21645,05,力寇/昏力/傈免,,,,43
AK皋雕胶,2021-08-31,206821.108967706,456096.359567266,2026-04-26 22:32:26,I,03,企诀,2021-09-01 10:13:34,,2021-08-26,,辑匡漂喊矫 吝尔备 宫悼 ***-*,PHMG120213060034047000103,3060000,"辑匡漂喊矫 吝尔备 悼老肺 ***, 啊悼 *摸 C-**龋 (宫悼)",02010,03,企诀,,,,
秦乔牢玫巢悼措府痢,2015-10-27,174285.313809357,439887.09777342,2026-04-26 22:33:39,I,03,企诀,2015-10-27 11:43:39,,2013-07-01,405-803,"牢玫堡开矫 巢悼备 埃籍*悼 ***锅瘤 *龋 *摸 ***,***龋",PHMG120133530019047000024,3530000,"牢玫堡开矫 巢悼备 籍魂肺 ***, ***,***龋 (埃籍悼)",21545,03,企诀,,,,203.34
俊胶皋靛,2015-07-27,174288.785346545,433299.517471586,2026-04-26 22:33:43,I,03,企诀,2015-07-27 17:20:28,,2015-05-21,405-825,牢玫堡开矫 巢悼备 稠泅悼 ***锅瘤 *龋,PHMG120153530019047000054,3530000,"牢玫堡开矫 巢悼备 稠泅肺**锅辨 **, A悼 ****龋 (稠泅悼, 内酒风颇农)",,03,企诀,,,,47.75
瘤俊胶(GS)25 款辑瘤备痢,2024-11-11,156601.487482145,442456.931601734,2026-04-26 22:32:09,I,24,流鼻企诀,2024-11-11 17:16:31,,2022-09-19,,牢玫堡开矫 吝备 款辑悼 ****-*,PHMG120223490019047000146,3490000,"牢玫堡开矫 吝备 款辑*肺 **, **-***龋 (款辑悼)",22374,04,秒家/富家/父丰/沥瘤/吝瘤,,,032-746-0031,
葛扒 滴乔课教,2023-07-31,174246.454413663,437750.470749998,2026-04-26 22:33:48,I,03,企诀,2023-07-31 16:07:21,,2021-10-25,,牢玫堡开矫 巢悼备 备岿悼 ****-*,PHMG120213530019047000141,3530000,"牢玫堡开矫 巢悼备 急荐锰傍盔肺 **, *摸 ***龋 (备岿悼)",21582,03,企诀,,,032-442-7722,40
(林)技辆钮荤捞攫胶,2018-02-26,207990.479257211,457183.637796144,2026-04-26 22:32:19,I,03,企诀,2018-02-26 14:07:06,,2017-07-25,,辑匡漂喊矫 吝尔备 脚郴悼 ***锅瘤,PHMG120173060034047000038,3060000,"辑匡漂喊矫 吝尔备 脚郴肺 *** (脚郴悼, 叼酒哆岸矾府, ***龋)",02024,03,企诀,,,02-2291-4466,
CU 龋备器开痢,2022-05-31,174091.879800652,433283.603111588,2026-04-26 22:33:48,I,03,企诀,2022-05-31 14:58:30,,2022-02-07,,牢玫堡开矫 巢悼备 稠泅悼 ***-* 稠泅滴颊瘤俩鸥况,PHMG120223530019047000060,3530000,"牢玫堡开矫 巢悼备 龋备器肺 ***, 稠泅滴颊瘤俩鸥况 *摸 ***龋 (稠泅悼)",21641,03,企诀,,,032-433-1053,52.07
繁 官捞坷,2023-10-23,208240.452107583,454707.016773975,2026-04-26 22:32:24,I,03,企诀,2023-10-23 15:17:51,,2016-04-05,,辑匡漂喊矫 吝尔备 噶快悼 ***-** 悼旷呼爹,PHMG120203060034047000011,3060000,"辑匡漂喊矫 吝尔备 豪快犁肺 ***, 悼旷呼爹 ***龋 (噶快悼)",02170,03,企诀,,,031-657-7683,84
歹粮,2015-07-06,175322.829762396,433304.243386176,2026-04-26 22:33:39,I,03,企诀,2015-07-06 10:51:00,,2014-08-05,405-825,牢玫堡开矫 巢悼备 稠泅悼 ***锅瘤 *龋 漠府坷其 A***龋,PHMG120143530019047000041,3530000,"牢玫堡开矫 巢悼备 稠绊俺肺***锅辨 **, A***龋 (稠泅悼, 漠府坷其)",,03,企诀,,,,307.55
伙康俊胶萍酒捞,2024-01-26,176617.485294009,434134.469471964,2026-04-26 22:33:47,I,03,企诀,2024-01-26 14:56:17,,2020-04-16,,牢玫堡开矫 巢悼备 稠泅悼 ***锅瘤 *龋 殿措付阑稠泅林傍**窜瘤酒颇飘,PHMG120203530019047000032,3530000,"牢玫堡开矫 巢悼备 没瓷措肺***锅辨 **, ****悼 *摸 ***龋 (稠泅悼, 殿措付阑稠泅林傍**窜瘤酒颇飘)",21663,03,企诀,,,,
归款皋叼漠,2014-08-29,174311.664683684,441713.680337867,2026-04-26 22:33:37,I,24,流鼻企诀,2014-09-03 14:12:29,,2002-04-26,,埃籍*悼***-*,PHMG120023530019047000003,3530000,牢玫堡开矫 巢悼备 版牢肺 *** (埃籍悼),,04,秒家/富家/父丰/沥瘤/吝瘤,,,,
揪蜡 堡拳巩堡厘痢,2016-12-29,197826.356739032,452021.760313896,2026-04-26 22:32:19,I,03,企诀,2016-12-29 16:53:32,,2016-01-05,,辑匡漂喊矫 辆肺备 脚巩肺*啊 *锅瘤 *龋 *摸,PHMG120163000034047000004,3000000,"辑匡漂喊矫 辆肺备 货巩救肺 ***-*, *摸 (脚巩肺*啊)",03183,03,企诀,,,02-722-2456,
林侥雀荤 啪皋叼漠哪欺聪,2020-12-22,199421.182432802,451995.793870867,2026-04-26 22:32:16,I,03,企诀,2020-12-22 10:37:09,,2014-05-02,110-123,辑匡漂喊矫 辆肺备 辆肺*啊 ***锅瘤 *摸,PHMG120143000034047000024,3000000,"辑匡漂喊矫 辆肺备 辆肺 ***, *摸 (辆肺*啊)",03193,03,企诀,,,02-2266-5320,
虐畴海捞记,2024-08-14,176174.496450297,439318.724454559,2026-04-26 22:33:49,I,03,企诀,2024-08-14 09:48:21,,2022-03-02,,牢玫堡开矫 巢悼备 父荐悼 *** 焊碍呼爹,PHMG120223530019047000186,3530000,"牢玫堡开矫 巢悼备 归裹肺 ***, 焊碍呼爹 *摸 (父荐悼)",21543,03,企诀,,,,178
骏喉傅,,178004.783301773,437053.224445133,2026-04-26 22:33:54,I,13,康诀吝,2025-07-16 10:38:10,,2025-07-16,,牢玫堡开矫 巢悼备 辑芒悼 *** 怕乞酒颇飘惑啊,PHMG120253530019047000091,3530000,"牢玫堡开矫 巢悼备 厘酒魂肺 ***, 怕乞酒颇飘惑啊 惑啊悼 *摸 ***龋 (辑芒悼)",21606,01,康诀/沥惑,,,,25.9
林侥雀荤 鳃傅颇农,,198150.300374121,452019.212642931,2026-04-26 22:32:33,I,13,康诀吝,2023-05-15 13:27:32,,2023-05-11,,辑匡漂喊矫 辆肺备 辆肺*啊 ** 福皋捞俊福辆肺鸥款* ***龋,PHMG120233000034047000027,3000000,"辑匡漂喊矫 辆肺备 辆肺 **, 福皋捞俊福辆肺鸥款* *摸 ***龋 (辆肺*啊)",03157,01,康诀/沥惑,,,,
措茄惫焊没扁,2025-07-04,200143.482606513,452103.736852216,2026-04-26 22:32:14,I,03,企诀,2025-07-08 10:17:27,,2012-09-13,110-835,辑匡漂喊矫 辆肺备 辆肺*啊 **锅瘤 *龋 *摸,PHMG120123000034047000042,3000000,"辑匡漂喊矫 辆肺备 辆肺 ***-*, *摸 (辆肺*啊)",03126,03,企诀,,,02-741-5268,
俊胶俊捞府抛老,,175929.71307429,433528.741168757,2026-04-26 22:33:51,I,13,康诀吝,2023-02-22 10:05:05,,2023-02-22,,牢玫堡开矫 巢悼备 稠泅悼 ***-* 沉付阑 脚康瘤溃,PHMG120233530019047000040,3530000,"牢玫堡开矫 巢悼备 家贰开肺 **, ***悼 ****龋 (稠泅悼, 沉付阑 脚康瘤溃)",21665,01,康诀/沥惑,,,032-462-9799,
措堡皋叼漠,2014-08-29,174004.235892972,440577.595372509,2026-04-26 22:33:38,I,24,流鼻企诀,2014-09-03 14:27:20,,2010-12-28,405-806,牢玫堡开矫 巢悼备 埃籍*悼 ***锅瘤 *龋 酒飘弃府胶坷乔胶炮 *摸 力***龋,PHMG120103530019047000041,3530000,"牢玫堡开矫 巢悼备 归裹肺 ***, *摸 ***龋 (埃籍悼, 酒飘弃府胶坷乔胶炮)",,04,秒家/富家/父丰/沥瘤/吝瘤,,,,
郴啊焊狼丰扁,2006-11-22,206775.172033553,455275.428384492,2026-04-26 22:31:58,I,03,企诀,2009-07-24 14:37:44,,2005-12-01,131-881,辑匡漂喊矫 吝尔备 吝拳*悼 ***锅瘤 **龋 *摸,PHMG120053060034047000069,3060000,,,03,企诀,,,,
叼矩俊捞敲矾胶,2023-07-01,175939.882822861,439238.152472139,2026-04-26 22:33:52,I,03,企诀,2023-07-19 11:49:01,,2023-06-23,,牢玫堡开矫 巢悼备 父荐悼 ***-* 父荐呼爹,PHMG120233530019047000101,3530000,"牢玫堡开矫 巢悼备 备岿肺 ***, 父荐呼爹 *摸 ***龋 (父荐悼)",21535,03,企诀,,,,28
辫沥巩 舅肺俊 搁格痢,2010-04-01,207719.910252035,453466.416715663,2026-04-26 22:31:56,I,03,企诀,2010-04-01 14:48:40,,2001-04-19,131-831,辑匡漂喊矫 吝尔备 搁格*.*悼 ***锅瘤 *龋 *摸,PHMG120013060034047000003,3060000,,,03,企诀,,,02-437-1882,22.22
截固截固,,175929.71307429,433528.741168757,2026-04-26 22:33:53,I,13,康诀吝,2025-05-14 16:25:24,,2025-05-14,,牢玫堡开矫 巢悼备 稠泅悼 ***-* 沉付阑 脚康瘤溃,PHMG120253530019047000063,3530000,"牢玫堡开矫 巢悼备 家贰开肺 **, ***悼 ****龋 (稠泅悼, 沉付阑 脚康瘤溃)",21665,01,康诀/沥惑,,,,
俊捞摹敲矾胶纳绢(H+Care),,201371.577535358,452527.230529916,2026-04-26 22:32:35,I,13,康诀吝,2025-03-18 15:07:08,,2025-03-18,,,PHMG120253000034047000016,3000000,"辑匡漂喊矫 辆肺备 瘤豪肺**啊辨 **-*, ***龋 (件牢悼)",03113,01,康诀/沥惑,,,,
(林)瘤俊胶府抛老瘤俊胶25辑匡措捍盔痢,2019-05-29,199824.095974723,452984.360451452,2026-04-26 22:32:24,I,03,企诀,2019-05-29 17:33:08,,2019-01-18,,辑匡漂喊矫 辆肺备 楷扒悼 **锅瘤 **龋 辑匡措切背捍盔措茄寇贰 瘤窍*摸 *龋,PHMG120193000034047000003,3000000,"辑匡漂喊矫 辆肺备 措切肺 ***, 辑匡措切背捍盔措茄寇贰 瘤窍*摸 *龋 (楷扒悼)",03080,03,企诀,,,,
(林)焊飞圈爹胶,2020-07-31,199749.709303956,452471.681673191,2026-04-26 22:32:01,I,03,企诀,2020-07-31 13:35:32,,2004-12-01,,辑匡漂喊矫 辆肺备 盔巢悼 **锅瘤 **龋 焊飞呼爹 **摸,PHMG120043000034047000032,3000000,"辑匡漂喊矫 辆肺备 芒版泵肺 ***, 焊飞呼爹 **摸 (盔巢悼)",03127,03,企诀,,,02-708-8222,
荤烙寸狼丰扁,2016-10-10,196475.522160107,455754.367286638,2026-04-26 22:32:19,I,15,傈免,2016-10-11 09:15:12,,2015-10-07,,,PHMG120153000034047000088,3000000,"辑匡漂喊矫 辆肺备 技八沥肺*辨 **, *摸 (脚康悼)",03014,05,力寇/昏力/傈免,,,02-581-9131,
揪蜡 悼件酒飘,,200269.449015184,453429.418451976,2026-04-26 22:32:29,I,13,康诀吝,2022-02-21 18:21:21,,2022-02-17,,辑匡漂喊矫 辆肺备 悼件悼 **,PHMG120223000034047000064,3000000,辑匡漂喊矫 辆肺备 悼件辨 ***(悼件悼),03084,01,康诀/沥惑,,,,
饿扼喉扼 牢玫备岿痢,2021-04-15,173537.278559075,438225.148497908,2026-04-26 22:33:44,I,03,企诀,2021-05-06 14:07:03,,2017-06-16,,,PHMG120173530019047000040,3530000,"牢玫堡开矫 巢悼备 己富肺 *, *摸 ***,***龋 (备岿悼, 捞畴橇扼磊)",21573,03,企诀,,,032-426-7505,
盔皋靛,2015-02-06,207153.734556645,453845.940787298,2026-04-26 22:32:12,I,03,企诀,2015-02-06 14:39:03,,2013-05-14,131-821,辑匡漂喊矫 吝尔备 搁格悼 ***锅瘤 *龋 悼规呼爹 *摸 ***龋,PHMG120133060034047000035,3060000,"辑匡漂喊矫 吝尔备 扳犁肺 ***, ***龋 (搁格悼)",,03,企诀,,,,
揪蜡噶快揪呈胶呼,2016-12-29,208267.592391698,455042.983909137,2026-04-26 22:32:15,I,03,企诀,2016-12-29 17:50:32,,2014-11-05,131-233,辑匡漂喊矫 吝尔备 噶快悼 ***锅瘤,PHMG120143060034047000088,3060000,辑匡漂喊矫 吝尔备 侩付魂肺***辨 *** (噶快悼),02163,03,企诀,,,02-492-0707,
力老狼丰扁,,199716.33793479,452685.639262724,2026-04-26 22:32:01,I,13,康诀吝,2017-11-16 14:34:32,,2005-04-25,110-450,辑匡漂喊矫 辆肺备 盔巢悼 ***锅瘤 *龋 *摸,PHMG120053000034047000003,3000000,"辑匡漂喊矫 辆肺备 芒版泵肺 ***, *摸 (盔巢悼)",03081,01,康诀/沥惑,,,02-745-8382,
绒皋靛 林侥雀荤,2015-12-28,199886.047854765,452569.474718211,2026-04-26 22:32:16,I,03,企诀,2015-12-28 17:23:02,,2014-10-27,110-738,辑匡漂喊矫 辆肺备 楷瘤悼 *锅瘤 *龋 咯傈档雀包 ****龋,PHMG120143000034047000043,3000000,"辑匡漂喊矫 辆肺备 啦邦肺 ***, ****龋 (楷瘤悼, 咯傈档雀包)",03127,03,企诀,,,02-796-8111,
青汗茄技惑CT,2015-06-04,199769.96511678,453520.42735819,2026-04-26 22:32:17,I,03,企诀,2015-06-04 15:22:47,,2014-11-11,110-522,辑匡漂喊矫 辆肺备 疙符*啊 ***锅瘤,PHMG120143000034047000085,3000000,"辑匡漂喊矫 辆肺备 己闭包肺 **, 瘤摸 B**龋 (疙符*啊, 蜡聪瘤坷呼爹)",,03,企诀,,,02-743-9820,
GS25 备岿悼巢痢,2020-08-18,175298.972441116,439819.251015989,2026-04-26 22:33:44,I,03,企诀,2020-08-20 16:01:29,,2016-04-08,,,PHMG120163530019047000025,3530000,"牢玫堡开矫 巢悼备 龋备器肺***锅辨 **, *摸 老何龋 (备岿悼)",21542,03,企诀,,,,50
GS25 备岿仟福瘤坷痢,,174014.837508448,439163.467530452,2026-04-26 22:33:51,I,13,康诀吝,2022-09-07 08:53:50,,2022-09-05,,牢玫堡开矫 巢悼备 备岿悼 **** 脚康备岿瘤溃矫萍仟福瘤坷,PHMG120223530019047000371,3530000,"牢玫堡开矫 巢悼备 巢悼措肺***锅辨 **, C悼 ***龋 (备岿悼, 脚康备岿瘤溃矫萍仟福瘤坷)",21555,01,康诀/沥惑,,,,66
溃葫坷捧,,173266.278451598,438941.349393446,2026-04-26 22:33:44,I,15,傈免,2021-04-05 11:09:56,,2016-10-26,,牢玫堡开矫 巢悼备 备岿悼 ****锅瘤 **龋,PHMG120163530019047000096,3530000,"牢玫堡开矫 巢悼备 巩拳肺***锅辨 **-*, *摸 (备岿悼)",21559,05,力寇/昏力/傈免,,,032-424-1216,124.22
林侥雀荤 池胶乔酒,,174647.315943786,436419.457223816,2026-04-26 22:33:45,I,13,康诀吝,2018-03-12 15:10:36,,2018-03-09,,牢玫堡开矫 巢悼备 巢锰悼 ***锅瘤 **龋,PHMG120183530019047000013,3530000,"牢玫堡开矫 巢悼备 巢锰肺 **, 瘤摸 (巢锰悼)",21626,01,康诀/沥惑,,,032-834-4440,122.55
揪蜡(CU) 牢玫吝备版悼痢,2024-07-25,167647.885970168,441214.379397703,2026-04-26 22:32:08,I,03,企诀,2024-07-26 09:20:47,,2022-07-19,,牢玫堡开矫 吝备 版悼 **-*,PHMG120223490019047000115,3490000,"牢玫堡开矫 吝备 曼寇傈肺 ***, *摸 (版悼)",22319,03,企诀,,,,
CU悼功配己痢,,201432.311420646,452111.90290939,2026-04-26 22:32:28,I,13,康诀吝,2023-07-05 16:38:32,,2022-02-08,,辑匡漂喊矫 辆肺备 件牢悼 ***-* ***龋,PHMG120223000034047000040,3000000,"辑匡漂喊矫 辆肺备 瘤豪肺*辨 **, *摸 ***龋 (件牢悼)",03114,01,康诀/沥惑,,,,
歹盔内府酒,,174345.744164753,433375.043521099,2026-04-26 22:33:52,I,15,傈免,2025-12-18 13:29:07,,2023-09-26,,牢玫堡开矫 巢悼备 稠泅悼 ***-* 力老橇扼磊,PHMG120233530019047000149,3530000,"牢玫堡开矫 巢悼备 稠泅肺 **, 力老橇扼磊 *摸 ***龋 (稠泅悼)",21655,05,力寇/昏力/傈免,,,,126.4
脚柳辆钦惑荤,2012-04-13,,,2026-04-26 22:32:13,I,03,企诀,2012-04-13 13:25:42,,2011-12-09,110-430,辑匡漂喊矫 辆肺备 厘荤悼 ***锅瘤 技款惑啊 啊凯 ***,PHMG120113000034047000062,3000000,,,03,企诀,,,22727171,
纳捞瘤乔蛆悼炼钦(KGP),,174926.601680296,438655.311907534,2026-04-26 22:33:53,I,13,康诀吝,2025-12-24 14:48:53,,2017-07-25,,牢玫堡开矫 巢悼备 备岿悼 ****-* 扒旷呼爹,PHMG120253530019047000016,3530000,"牢玫堡开矫 巢悼备 侩玫肺*锅辨 **, 扒旷呼爹 *摸 老何龋 (备岿悼)",21563,01,康诀/沥惑,,,,27
矫俊胶海府酒⑦,,208162.252482295,454353.43026645,2026-04-26 22:31:56,I,13,康诀吝,2011-12-21 16:56:54,,1996-09-17,131-817,辑匡漂喊矫 吝尔备 搁格夯悼 **锅瘤 **龋 *摸老何,PHMG119963060034047000001,3060000,辑匡漂喊矫 吝尔备 惑豪肺 ** (搁格悼),02158,01,康诀/沥惑,,,02-436-0826,45.12
候配府 TEXTILE,2025-11-17,200389.95085055,451961.847134184,2026-04-26 22:32:28,I,24,流鼻企诀,2025-11-17 17:22:26,,2022-02-04,,辑匡漂喊矫 辆肺备 辆肺*啊 *** 肺锯呼爹 ***龋,PHMG120223000034047000025,3000000,"辑匡漂喊矫 辆肺备 没拌玫肺 ***, 肺锯呼爹 ***龋 (辆肺*啊)",03197,04,秒家/富家/父丰/沥瘤/吝瘤,,,,
父拱辆钦蜡烹,,207434.168406347,453896.413688862,2026-04-26 22:32:25,I,13,康诀吝,2021-08-27 11:34:23,,2021-04-29,,辑匡漂喊矫 吝尔备 搁格悼 ***-**,PHMG120213060034047000032,3060000,"辑匡漂喊矫 吝尔备 搁格肺**辨 **, *摸 (搁格悼)",02218,01,康诀/沥惑,,,,
促捞家 牢玫父荐5悼痢,,175652.596588598,439334.462750803,2026-04-26 22:33:54,I,13,康诀吝,2025-09-22 17:11:29,,2025-09-22,,牢玫堡开矫 巢悼备 父荐悼 ***,PHMG120253530019047000108,3530000,"牢玫堡开矫 巢悼备 备岿肺 ***, B*摸 (父荐悼)",21543,01,康诀/沥惑,,,,879.89
吝侩狼付澜,2025-07-02,173753.762118899,438944.963367278,2026-04-26 22:33:44,I,03,企诀,2025-07-02 13:50:42,,2015-10-14,,牢玫堡开矫 巢悼备 备岿悼 ****锅瘤 **龋,PHMG120153530019047000098,3530000,"牢玫堡开矫 巢悼备 固贰肺 **, ****龋 (备岿悼, 脚茄单轰坷乔胶炮)",21558,03,企诀,,,,33.52
陵海春(林),2023-04-20,207012.649715868,453863.55425566,2026-04-26 22:32:11,I,03,企诀,2023-04-20 08:54:46,,2016-05-09,,辑匡漂喊矫 吝尔备 搁格悼 ***锅瘤 **龋 傣玫呼爹 *摸,PHMG120123060034047000031,3060000,"辑匡漂喊矫 吝尔备 悼老肺 ***, *摸 (搁格悼, 傣玫呼爹)",02140,03,企诀,,,070-7581-3821,
(林)缴胶哪欺聪,2020-05-15,199289.140398032,451988.344564027,2026-04-26 22:32:25,I,03,企诀,2020-05-15 14:33:12,,2019-07-16,,辑匡漂喊矫 辆肺备 辆肺*啊 ***锅瘤 洒绢傅呼爹(Hearing Building) *摸 ***龋,PHMG120193000034047000036,3000000,"辑匡漂喊矫 辆肺备 辆肺 ***-*, 洒绢傅呼爹(Hearing Building) *摸 ***龋 (辆肺*啊)",03193,03,企诀,,,02-533-8034,
海穿,2020-10-16,208206.648243379,453909.290830401,2026-04-26 22:32:24,I,03,企诀,2020-10-20 10:57:03,,2019-12-17,,辑匡漂喊矫 吝尔备 搁格悼 **锅瘤 **龋 *摸,PHMG120193060034047000068,3060000,"辑匡漂喊矫 吝尔备 扳犁肺**唱辨 **, *摸 (搁格悼)",02202,03,企诀,,,,
捞昏捞,,175267.519354237,439346.058744264,2026-04-26 22:33:44,I,13,康诀吝,2015-07-21 15:33:09,,2015-07-21,405-829,牢玫堡开矫 巢悼备 备岿悼 ***锅瘤 *龋,PHMG120153530019047000077,3530000,"牢玫堡开矫 巢悼备 备岿肺 ***, B-***龋 (备岿悼)",21542,01,康诀/沥惑,,,,30
林侥雀荤 泅内府酒,2017-05-12,201248.599458169,453084.92614583,2026-04-26 22:32:19,I,03,企诀,2017-05-12 15:51:48,,2016-08-16,,辑匡漂喊矫 辆肺备 芒脚悼 *锅瘤 *龋 *摸,PHMG120163000034047000056,3000000,"辑匡漂喊矫 辆肺备 悼噶魂辨 *, *摸 (芒脚悼, 脚款呼爹)",03094,03,企诀,,,02-741-8852,
(林)备甸厘 吩单归拳痢牢玫痢,2014-08-29,173523.274957491,438366.029400914,2026-04-26 22:33:38,I,24,流鼻企诀,2014-09-03 14:29:57,,2011-05-17,405-221,牢玫堡开矫 巢悼备 备岿*悼 ****锅瘤 吩单归拳痢 瘤窍*摸,PHMG120113530019047000015,3530000,"牢玫堡开矫 巢悼备 抗贱肺 ***, 瘤窍*摸 (备岿悼, 吩单归拳痢)",,04,秒家/富家/父丰/沥瘤/吝瘤,,,,
惯鄂胶,2011-07-21,,,2026-04-26 22:32:01,I,03,企诀,2011-07-21 17:07:27,,2008-07-10,131-881,辑匡漂喊矫 吝尔备 吝拳悼 ***-**寇*鞘瘤 沥惑呼爹*摸,PHMG120083060034047000020,3060000,,,03,企诀,,,02-2209-0740,
措茄狼丰扁,2004-05-31,207396.945647871,452622.435675022,2026-04-26 22:31:56,I,03,企诀,2009-07-22 11:53:48,,2002-04-15,131-826,辑匡漂喊矫 吝尔备 搁格*悼 ***锅瘤 **龋,PHMG120023060034047000018,3060000,,,03,企诀,,,,15.99
林侥雀荤 急捞傈磊(LG海胶飘讥 吝拳痢),2023-04-13,206927.081451163,455403.724932268,2026-04-26 22:32:25,I,03,企诀,2023-04-14 08:33:47,,2020-10-13,,辑匡漂喊矫 吝尔备 吝拳悼 ***-* 伙玫府橇扼磊,PHMG120203060034047000066,3060000,"辑匡漂喊矫 吝尔备 悼老肺 ***, 伙玫府橇扼磊 (吝拳悼)",02102,03,企诀,,,02-972-0123,
风飘盔,,172886.756437004,433895.89547135,2026-04-26 22:33:54,I,13,康诀吝,2025-07-02 14:19:50,,2025-07-02,,牢玫堡开矫 巢悼备 绊儡悼 *** 悼酒呼爹,PHMG120253530019047000085,3530000,"牢玫堡开矫 巢悼备 篮没肺 **, 悼酒呼爹 *摸 ***龋 (绊儡悼)",21633,01,康诀/沥惑,,,,69.93
揪蜡吝尔版蔓辑痢,2016-12-29,206691.760597615,456039.62716713,2026-04-26 22:32:15,I,03,企诀,2016-12-29 17:17:12,,2014-11-05,131-141,辑匡漂喊矫 吝尔备 宫悼 ***锅瘤 **龋,PHMG120143060034047000087,3060000,辑匡漂喊矫 吝尔备 吝尔开肺 *** (宫悼),02011,03,企诀,,,02-949-7392,
捞付飘24 R康辆歹龋炮痢,,154982.834979305,443748.166514101,2026-04-26 22:32:09,I,13,康诀吝,2023-01-04 08:56:47,,2023-01-04,,牢玫堡开矫 吝备 款辑悼 ****-* 傍亲弊赴颇农 ***龋,PHMG120233490019047000002,3490000,"牢玫堡开矫 吝备 康辆措肺 ***, 傍亲弊赴颇农 ***龋 (款辑悼)",22371,01,康诀/沥惑,,,032-747-0925,151.52
12锅掳啊霸,,176150.444721097,440143.34238017,2026-04-26 22:33:51,I,13,康诀吝,2022-10-19 13:47:01,,2022-10-19,,牢玫堡开矫 巢悼备 父荐悼 ****-* 器饭矫救(Foresian),PHMG120223530019047000399,3530000,"牢玫堡开矫 巢悼备 父荐辑肺 **, ***悼 ****龋 (父荐悼, 器饭矫救(Foresian))",21523,01,康诀/沥惑,,,,84.95
俊内酒捞浚萍,,161707.158513711,443531.702212266,2026-04-26 22:32:07,I,13,康诀吝,2022-05-30 09:09:29,,2021-04-19,,牢玫堡开矫 吝备 吝魂悼 ****-* e祈茄技惑 康辆惫力档矫 坷记窍烙 ***悼 ***龋,PHMG120223490019047000098,3490000,"牢玫堡开矫 吝备 滴固器肺 ***, ***悼 ***龋 (吝魂悼, e祈茄技惑 康辆惫力档矫 坷记窍烙)",22394,01,康诀/沥惑,,,,
措盔皋叼纳绢,2024-11-11,148615.881219927,436229.023453669,2026-04-26 22:31:58,I,24,流鼻企诀,2024-11-11 17:17:50,,2011-06-24,,牢玫堡开矫 吝备 傣背悼 ***-** 傣背悼辟赴积劝矫汲,PHMG120113490019047000009,3490000,"牢玫堡开矫 吝备 付矫鄂肺 **, 傣背悼辟赴积劝矫汲 ***龋 (傣背悼)",22385,04,秒家/富家/父丰/沥瘤/吝瘤,,,,
揪蜡 埃籍寒魂痢,,175195.437198361,440262.113949719,2026-04-26 22:33:49,I,13,康诀吝,2022-02-16 16:57:30,,2022-02-16,,牢玫堡开矫 巢悼备 埃籍悼 ***-** 龋魂敲扼磊 *摸老何龋,PHMG120223530019047000155,3530000,"牢玫堡开矫 巢悼备 龋备器肺 ***, 龋魂敲扼磊 *摸老何龋 (埃籍悼)",21512,01,康诀/沥惑,,,032-246-5173,
仟福固,,155310.903204623,443484.899162499,2026-04-26 22:32:12,I,13,康诀吝,2025-04-21 14:11:29,,2025-04-18,,牢玫堡开矫 吝备 款辑悼 ****-*,PHMG120253490019047000010,3490000,"牢玫堡开矫 吝备 康辆措肺***锅辨 **, ***龋 (款辑悼)",22376,01,康诀/沥惑,,,,
吩单窍捞付飘(林)搁格瘤痢,2021-11-10,206953.16363929,453742.853406164,2026-04-26 22:32:02,I,03,企诀,2021-11-10 13:43:35,,2008-12-12,131-822,辑匡漂喊矫 吝尔备 搁格*悼 ***锅瘤 **龋,PHMG120083060034047000041,3060000,辑匡漂喊矫 吝尔备 悼老肺 *** (搁格悼),02231,03,企诀,,,,
促荤尔纳绢,2017-01-20,176589.439127631,438321.145546861,2026-04-26 22:33:38,I,03,企诀,2017-01-20 16:03:27,,2011-10-11,405-246,牢玫堡开矫 巢悼备 父荐*悼 ****锅瘤 *龋 (淬规辑肺**锅辨 **) *摸老何,PHMG120113530019047000050,3530000,"牢玫堡开矫 巢悼备 淬规辑肺**锅辨 **, *摸 (父荐悼)",21591,03,企诀,,,,29.7
固聪讥器蜡,2021-10-15,208361.266984033,454664.257566162,2026-04-26 22:32:24,I,03,企诀,2021-10-15 11:21:12,,2020-05-28,,辑匡漂喊矫 吝尔备 噶快悼 ***锅瘤 **龋,PHMG120203060034047000034,3060000,"辑匡漂喊矫 吝尔备 豪快犁肺**辨 *, *摸 (噶快悼)",02174,03,企诀,,,,
捞浚萍内府酒,2009-03-31,,,2026-04-26 22:32:05,I,03,企诀,2009-04-07 11:41:58,,2007-08-13,110-738,辑匡漂喊矫 辆肺备 楷瘤悼 *-* 咯傈档雀包 ****龋,PHMG120073000034047000026,3000000,,,03,企诀,,,02-763-7338,
力捞蜡归拳痢⑦牢玫瘤痢,2014-08-29,173961.958719872,439102.394795818,2026-04-26 22:33:38,I,24,流鼻企诀,2014-09-03 14:22:44,,2005-12-21,,备岿悼****-*力捞蜡呼爹*-*摸,PHMG120053530019047000028,3530000,"牢玫堡开矫 巢悼备 巢悼措肺***锅辨 **, *~*摸 (备岿悼, 力捞蜡呼爹)",,04,秒家/富家/父丰/沥瘤/吝瘤,,,,
捞揪魂诀(EC魂诀),2019-04-08,176762.087276599,439167.593818372,2026-04-26 22:33:39,I,03,企诀,2019-04-08 15:07:33,,2014-10-16,,,PHMG120143530019047000052,3530000,牢玫堡开矫 巢悼备 牢荐合肺 *-* (父荐悼),21529,03,企诀,,,,
内令皋靛,2014-08-13,196092.743907822,456198.595931715,2026-04-26 22:32:14,I,03,企诀,2014-08-13 15:19:24,,2012-07-30,110-803,辑匡漂喊矫 辆肺备 备扁悼 ***锅瘤 *龋   ***龋,PHMG120123000034047000035,3000000,"辑匡漂喊矫 辆肺备 柳蕊肺 ***, *摸 *龋 (备扁悼)",,03,企诀,,,,
穿啊狼丰扁,2012-05-03,175125.094786481,439979.491892897,2026-04-26 22:33:38,I,03,企诀,2012-05-03 14:44:21,,2010-06-14,405-815,牢玫堡开矫 巢悼备 埃籍*悼 ***锅瘤 *龋 *摸,PHMG120103530019047000018,3530000,"牢玫堡开矫 巢悼备 归裹肺 ***, *摸 (埃籍悼)",,03,企诀,,,,
崔厚酒轰萍,,206834.002835694,455873.813423432,2026-04-26 22:32:25,I,13,康诀吝,2021-04-05 13:46:01,,2021-04-02,,辑匡漂喊矫 吝尔备 吝拳悼 ***-**,PHMG120213060034047000025,3060000,"辑匡漂喊矫 吝尔备 悼老肺***辨 *, *摸 (吝拳悼)",02014,01,康诀/沥惑,,,,
⑦绊妨荐瘤魔,,201960.304346071,452257.288274714,2026-04-26 22:32:04,I,15,傈免,2019-12-09 20:36:53,,2007-04-04,110-829,辑匡漂喊矫 辆肺备 件牢悼 ****锅瘤 BYC呼爹 *摸,PHMG120073000034047000009,3000000,"辑匡漂喊矫 辆肺备 抄拌肺 ***, *摸 (件牢悼, BYC呼爹)",03116,05,力寇/昏力/傈免,,,02-2231-3000,
浚磐皋叼,2022-02-11,206826.362334705,454394.360246968,2026-04-26 22:32:23,I,03,企诀,2022-02-11 10:34:20,,2019-04-25,,辑匡漂喊矫 吝尔备 搁格悼 ***锅瘤 **龋 *摸,PHMG120193060034047000021,3060000,"辑匡漂喊矫 吝尔备 悼老肺***辨 **, *摸 (搁格悼)",02124,03,企诀,,,,
揪力捞棵府宏康(林)辆阿傍乞悼痢,2014-08-20,198386.829870878,452237.303784872,2026-04-26 22:32:14,I,03,企诀,2014-08-20 14:04:14,,2013-03-15,110-170,"辑匡漂喊矫 辆肺备 斑瘤悼 ***锅瘤 辆肺*啊措己胶墨捞泛胶 ***, ***龋",PHMG120133000034047000008,3000000,"辑匡漂喊矫 辆肺备 伙豪肺 **, ***, ***龋 (斑瘤悼)",,03,企诀,,,,99
(林)泅措拱磊炼崔,,206328.066671402,454557.460766165,2026-04-26 22:32:05,I,13,康诀吝,2019-07-05 13:50:18,,2009-10-08,,"辑匡漂喊矫 吝尔备 吝拳悼 ***锅瘤 *龋 伙己呼爹 瘤窍*摸,*摸,*摸(***,***龋)",PHMG120093060034047000086,3060000,"辑匡漂喊矫 吝尔备 噶快肺 ***, 伙己呼爹 瘤窍*, *, *摸 ***,***龋 (吝拳悼)",02115,01,康诀/沥惑,,,02-2213-3020,
揪蜡 巢悼抗己痢,,173002.382241044,434185.969299274,2026-04-26 22:33:51,I,13,康诀吝,2023-01-11 13:17:35,,2023-01-10,,牢玫堡开矫 巢悼备 稠泅悼 ***-* 抗己呼爹,PHMG120233530019047000009,3530000,"牢玫堡开矫 巢悼备 巢悼辑肺***锅辨 **, 抗己呼爹 ***龋 老何龋 (稠泅悼)",21632,01,康诀/沥惑,,,,70
春惫力皋叼漠,2010-05-28,199069.925950391,452236.170922534,2026-04-26 22:32:08,I,03,企诀,2010-05-28 17:36:10,,2009-08-31,110-807,辑匡漂喊矫 辆肺备 捣狼悼 **锅瘤 *龋 *摸 ***龋,PHMG120093000034047000032,3000000,"辑匡漂喊矫 辆肺备 荐钎肺**辨 ** (捣狼悼,*摸 ***龋)",,03,企诀,,,,
俊内府葫,2017-04-20,206270.96670005,454960.415437572,2026-04-26 22:32:19,I,03,企诀,2017-04-20 17:21:49,,2017-02-06,,辑匡漂喊矫 吝尔备 吝拳悼 ***锅瘤 ***龋,PHMG120173060034047000006,3060000,"辑匡漂喊矫 吝尔备 吝尔玫肺 ***, *摸 (吝拳悼)",02114,03,企诀,,,02-492-3826,
措沥俊橇俊捞,,173399.679247473,438487.748558026,2026-04-26 22:33:51,I,13,康诀吝,2022-09-30 13:20:54,,2022-09-29,,牢玫堡开矫 巢悼备 备岿悼 **** 抗贱雀包开,PHMG120223530019047000389,3530000,"牢玫堡开矫 巢悼备 抗贱肺 瘤窍***, 抗贱雀包开 瘤窍*摸 **龋 (备岿悼)",21570,01,康诀/沥惑,,,032-441-6737,18.33
氢扁唱扼,,200822.964993868,452009.11038385,2026-04-26 22:32:35,I,13,康诀吝,2025-03-28 15:09:09,,2025-03-28,,,PHMG120253000034047000022,3000000,辑匡漂喊矫 辆肺备 辆肺**辨 ** (芒脚悼),03119,01,康诀/沥惑,,,,
揪蜡辆肺1啊痢,,198150.300374121,452019.212642931,2026-04-26 22:32:31,I,13,康诀吝,2022-07-14 17:25:06,,2022-07-13,,辑匡漂喊矫 辆肺备 辆肺*啊 ** 福皋捞俊福辆肺鸥款* ***龋,PHMG120223000034047000125,3000000,"辑匡漂喊矫 辆肺备 辆肺 **, 福皋捞俊福辆肺鸥款* ***龋 (辆肺*啊)",03157,01,康诀/沥惑,,,,
固扒狼丰扁,2016-01-22,175858.799497863,440331.111732679,2026-04-26 22:33:38,I,03,企诀,2016-01-22 09:53:35,,2005-12-05,405-861,牢玫堡开矫 巢悼备 父荐*悼 ***锅瘤 **龋 *摸,PHMG120053530019047000027,3530000,"牢玫堡开矫 巢悼备 父荐肺**锅辨 **, *摸 (父荐悼)",21524,03,企诀,,,,183.3
厚揪骏饭捞历狼丰扁,2015-01-30,175260.68691607,439009.229809596,2026-04-26 22:33:38,I,03,企诀,2015-02-02 10:41:31,,2007-07-04,,备岿悼 ****-*(*摸),PHMG120073530019047000015,3530000,"牢玫堡开矫 巢悼备 备岿肺***锅辨 **, *摸 (备岿悼)",,03,企诀,,,,
蝴苞俊呈瘤,,176586.965926124,438137.496852955,2026-04-26 22:33:51,I,15,傈免,2023-06-27 15:33:58,,2016-12-14,,牢玫堡开矫 巢悼备 父荐悼 **** 怕堡呼爹,PHMG120233530019047000001,3530000,"牢玫堡开矫 巢悼备 厘铰肺 **, 怕堡呼爹 *摸 *龋 (父荐悼)",21594,05,力寇/昏力/傈免,,,,116
建侨胶内府酒 冈榜瘤痢,2013-09-26,206852.716631202,456275.088088425,2026-04-26 22:32:10,I,03,企诀,2013-09-26 16:11:06,,2011-09-20,131-849,辑匡漂喊矫 吝尔备 宫*悼 ***锅瘤 ***龋   ***龋,PHMG120113060034047000039,3060000,"辑匡漂喊矫 吝尔备 悼老肺 ***, ***龋 (宫悼)",,03,企诀,,,,
淋皋叼漠,,175322.829762396,433304.243386176,2026-04-26 22:33:44,I,15,傈免,2018-12-19 09:28:35,,2016-12-15,,牢玫堡开矫 巢悼备 稠泅悼 ***锅瘤 *龋,PHMG120163530019047000109,3530000,"牢玫堡开矫 巢悼备 稠绊俺肺***锅辨 **, ***龋老何(快螟)龋 (稠泅悼, 漠府坷其)",21653,05,力寇/昏力/傈免,,,,
(林)必悼 酒捞. 揪. 骏,,172797.122604371,433931.185296708,2026-04-26 22:33:53,I,13,康诀吝,2025-04-09 13:03:34,,2025-04-07,,牢玫堡开矫 巢悼备 绊儡悼 *** 巢悼傍窜魂诀侩前惑啊,PHMG120253530019047000047,3530000,"牢玫堡开矫 巢悼备 篮没肺 *-*, 巢悼傍窜魂诀侩前惑啊 B悼 *摸 ***龋 (绊儡悼)",21633,01,康诀/沥惑,,,,33.15
酒扼档福促,2020-08-24,175162.580099711,438942.07753941,2026-04-26 22:33:47,I,03,企诀,2020-08-24 17:22:45,,2019-10-30,,牢玫堡开矫 巢悼备 备岿悼 ****锅瘤 **龋,PHMG120193530019047000063,3530000,"牢玫堡开矫 巢悼备 备岿巢肺 ***, *摸 老何龋 (备岿悼)",21534,03,企诀,,,032-465-3003,33
CU 埃籍促贾痢,2026-01-28,174461.784512021,440267.316846275,2026-04-26 22:33:51,I,03,企诀,2026-01-28 17:23:54,,2022-11-11,,牢玫堡开矫 巢悼备 埃籍悼 ***-**,PHMG120223530019047000412,3530000,"牢玫堡开矫 巢悼备 侩玫肺***锅辨 **, *摸 (埃籍悼)",21544,03,企诀,,,,90
春啊柯皋靛,,174136.448502526,437677.045395368,2026-04-26 22:33:52,I,13,康诀吝,2023-04-24 17:10:20,,2023-04-24,,牢玫堡开矫 巢悼备 备岿悼 ****-* 匙捞媚橇扼磊,PHMG120233530019047000070,3530000,"牢玫堡开矫 巢悼备 急荐锰傍盔肺**锅辨 **, 匙捞媚橇扼磊 ***龋 力**-*龋 (备岿悼)",21582,01,康诀/沥惑,,,,1.5
盔柳目孤聪纳捞记,2013-04-26,198658.943470079,452604.254902527,2026-04-26 22:32:13,I,03,企诀,2013-05-22 11:46:05,,2012-02-28,110-776,辑匡漂喊矫 辆肺备 版款悼 **锅瘤 *龋 款泅泵SK倾宏 ***悼 ***龋,PHMG120123000034047000011,3000000,"辑匡漂喊矫 辆肺备 伙老措肺 ***, ***悼 ***龋 (版款悼, 款泅泵SK倾宏)",,03,企诀,,,02-778-6910,
(林)怕版臂肺国,2024-12-30,173905.219303122,439205.881135457,2026-04-26 22:33:49,I,03,企诀,2024-12-30 17:35:45,,2022-02-11,,牢玫堡开矫 巢悼备 备岿悼 **** 俊捞胶匙胶飘呼,PHMG120223530019047000141,3530000,"牢玫堡开矫 巢悼备 沥阿肺 **, 俊捞胶匙胶飘呼 ***,***,***,***龋 (备岿悼)",21555,03,企诀,,,02-1666-3758,162.24
皋叼矩胶配府,2016-06-28,201273.887781838,452163.292543039,2026-04-26 22:32:19,I,15,傈免,2017-02-02 16:36:44,,2016-03-11,,,PHMG120163000034047000020,3000000,"辑匡漂喊矫 辆肺备 瘤豪肺 **, *摸 D*龋 (芒脚悼, 伙快咆胶橇扼磊)",03121,05,力寇/昏力/傈免,,,02-718-9948,
(林)捞叼俊捞摹蜡聪咆,2024-03-28,199843.30610609,452284.779063669,2026-04-26 22:32:24,I,03,企诀,2024-03-28 16:30:15,,2018-05-02,,辑匡漂喊矫 辆肺备 楷瘤悼 ***锅瘤,PHMG120183000034047000019,3000000,"辑匡漂喊矫 辆肺备 辆肺**辨 **-*, *摸 (楷瘤悼)",03129,03,企诀,,,02-766-9813,
(林)待内府酒,,206237.249123658,454645.627037776,2026-04-26 22:32:17,I,13,康诀吝,2016-09-27 16:43:57,,2016-09-27,,辑匡漂喊矫 吝尔备 吝拳悼 ***锅瘤 **龋,PHMG120153060034047000070,3060000,"辑匡漂喊矫 吝尔备 吝尔玫肺**辨 **, 瘤摸, *摸 (吝拳悼)",02114,01,康诀/沥惑,,,,
铰快 叼矩萍,,200265.939725719,452194.473113773,2026-04-26 22:32:16,I,13,康诀吝,2016-05-27 13:23:43,,2014-06-20,110-850,辑匡漂喊矫 辆肺备 瓤力悼 ***锅瘤 *龋 *摸 ***龋,PHMG120143000034047000030,3000000,"辑匡漂喊矫 辆肺备 辆肺**辨 **, *摸 ***龋 (瓤力悼, 措堡呼爹)",03126,01,康诀/沥惑,,,02-741-9357,
林侥雀荤 贾快,,207033.873987542,454308.450373142,2026-04-26 22:32:13,I,13,康诀吝,2021-04-26 13:56:40,,2017-01-23,,辑匡漂喊矫 吝尔备 搁格悼 ***-**,PHMG120143060034047000003,3060000,"辑匡漂喊矫 吝尔备 悼老肺 ***, *摸 (搁格悼)",02140,01,康诀/沥惑,,,02-433-7555,
(林)厚瘤俊橇府抛老 脚器巩拳狼芭府痢,2024-05-16,166883.0740484,441146.166185611,2026-04-26 22:32:10,I,03,企诀,2024-05-20 17:46:15,,2023-04-26,,牢玫堡开矫 吝备 郴悼 ***-*,PHMG120233490019047000023,3490000,"牢玫堡开矫 吝备 俺亲肺 **, *,*摸 (郴悼)",22316,03,企诀,,,,150
措茄皋叼内胶,2018-12-10,207396.088557596,452702.005658153,2026-04-26 22:32:14,I,03,企诀,2018-12-10 15:19:38,,2015-07-29,131-826,辑匡漂喊矫 吝尔备 搁格悼 ***锅瘤 *龋 *摸,PHMG120143060034047000057,3060000,"辑匡漂喊矫 吝尔备 搁格肺**辨 **, *摸 (搁格悼)",02244,03,企诀,,,02-2209-5299,
(林)内府酒技红 宫悼磊捞痢,2019-10-17,206777.731391054,456837.219624564,2026-04-26 22:32:17,I,03,企诀,2019-10-17 17:04:06,,2015-12-10,,辑匡漂喊矫 吝尔备 宫悼,PHMG120153060034047000090,3060000,"辑匡漂喊矫 吝尔备 悼老肺 ***, *悼 ***龋 (宫悼, 宫悼磊捞酒颇飘)",02033,03,企诀,,,,
揪蜡 鸥况敲矾胶痢,,173911.524418907,438997.918881533,2026-04-26 22:33:43,I,13,康诀吝,2022-02-09 20:14:16,,2014-11-05,405-835,牢玫堡开矫 巢悼备 备岿悼 ****锅瘤 **龋,PHMG120143530019047000103,3530000,"牢玫堡开矫 巢悼备 备岿巢肺 ***, ***龋 (备岿悼, 鸥况敲矾胶)",21556,01,康诀/沥惑,,,,
坷靛乏,,199292.183971995,451913.238862377,2026-04-26 22:32:32,I,13,康诀吝,2022-08-29 11:36:58,,2022-08-25,,辑匡漂喊矫 辆肺备 厘荤悼 **,PHMG120223000034047000180,3000000,"辑匡漂喊矫 辆肺备 辆肺**辨 **, *摸 (厘荤悼)",03193,01,康诀/沥惑,,,02-2274-4816,
酒捞矾宏妇胶,2025-07-14,175793.406745266,432847.497549598,2026-04-26 22:33:45,I,03,企诀,2025-07-14 09:55:54,,2017-11-24,,牢玫堡开矫 巢悼备 稠泅悼 ***锅瘤 *龋 扼乔俊胶鸥,PHMG120173530019047000075,3530000,"牢玫堡开矫 巢悼备 稠绊俺肺 **, *摸 ***龋 (稠泅悼)",21679,03,企诀,,,,
GS25辆肺款泅痢,,198952.501606235,452729.319337378,2026-04-26 22:32:31,I,13,康诀吝,2022-06-09 10:27:36,,2022-06-03,,辑匡漂喊矫 辆肺备 款聪悼 **-* 伙券呼爹,PHMG120223000034047000110,3000000,"辑匡漂喊矫 辆肺备 啦邦肺 **, 伙券呼爹 (款聪悼)",03131,01,康诀/沥惑,,,02-765-1494,
揪蜡 款辑荤尔痢,2022-07-27,156598.872263642,442366.802257715,2026-04-26 22:31:59,I,03,企诀,2022-08-12 15:09:57,,2016-02-23,,,PHMG120163490019047000002,3490000,牢玫堡开矫 吝备 款辑*肺 * (款辑悼),22375,03,企诀,,,,
己沥林侥雀荤,,158401.275285571,443083.086098704,2026-04-26 22:32:12,I,13,康诀吝,2024-12-20 13:20:31,,2024-12-20,,牢玫堡开矫 吝备 款巢悼 **** 康辆 磊捞,PHMG120243490019047000053,3490000,"牢玫堡开矫 吝备 款巢辑肺 *, ***悼 ****龋 (款巢悼, 康辆 磊捞)",22372,01,康诀/沥惑,,,,
GS25 康辆款吝肺痢,2024-06-21,159115.274277496,443573.564174659,2026-04-26 22:32:05,I,03,企诀,2024-06-24 11:17:21,,2022-02-08,,牢玫堡开矫 吝备 款巢悼 ***-* ***龋,PHMG120223490019047000018,3490000,"牢玫堡开矫 吝备 款吝肺 **, ***龋 (款巢悼)",22359,03,企诀,,,,
捞捞郡(EEL),2025-08-13,207097.794064786,453766.873038818,2026-04-26 22:32:32,I,24,流鼻企诀,2025-08-28 13:53:35,,2023-04-21,,辑匡漂喊矫 吝尔备 搁格悼 ***-**,PHMG120233060034047000044,3060000,"辑匡漂喊矫 吝尔备 搁格玫肺**辨 **, ***龋 (搁格悼)",02215,04,秒家/富家/父丰/沥瘤/吝瘤,,,,
春肺厚令,2024-01-15,176338.505186529,432735.724374289,2026-04-26 22:33:52,I,03,企诀,2024-01-15 11:11:44,,2023-04-04,,牢玫堡开矫 巢悼备 稠泅悼 ***-* 俊内皋飘肺**窜瘤茄拳厕俊弊赴酒颇飘,PHMG120233530019047000053,3530000,"牢玫堡开矫 巢悼备 稠绊俺肺 **, ****悼 ***龋 (稠泅悼, 俊内皋飘肺**窜瘤茄拳厕俊弊赴酒颇飘)",21676,03,企诀,,,,
林侥雀荤 胶付飘矩萍揪舅力老瘤痢,2023-06-26,199467.888632647,451999.860095289,2026-04-26 22:32:15,I,03,企诀,2023-06-26 16:58:58,,2013-06-21,,辑匡漂喊矫 辆肺备 辆肺*啊 ***锅瘤 *摸*龋,PHMG120133000034047000023,3000000,"辑匡漂喊矫 辆肺备 辆肺 ***-*, *摸 *龋 (辆肺*啊)",03193,03,企诀,,,02-2267-1535,
配捞皋叼漠,2008-11-07,201187.002315455,451996.781512423,2026-04-26 22:32:05,I,03,企诀,2013-02-08 14:57:27,,2008-03-06,110-841,辑匡漂喊矫 辆肺备 芒脚*悼 ***锅瘤 *龋   ***龋,PHMG120083000034047000006,3000000,"辑匡漂喊矫 辆肺备 辆肺**辨 **, ***龋 (芒脚悼)",,03,企诀,,,,
⑦胶鸥虐焊没扁,2009-03-30,,,2026-04-26 22:32:00,I,03,企诀,2009-04-07 11:41:48,,2003-11-28,110-122,辑匡漂喊矫 辆肺备 辆肺*啊 **-* 辆肺呼爹 *摸,PHMG120033000034047000019,3000000,,,03,企诀,,,02-733-7713,
皋牢 皋叼拿,,209313.095099176,455395.101009893,2026-04-26 22:32:28,I,13,康诀吝,2022-05-03 13:39:32,,2022-05-03,,辑匡漂喊矫 吝尔备 噶快悼 ***-** 己鞠呼爹,PHMG120223060034047000107,3060000,"辑匡漂喊矫 吝尔备 噶快肺 ***, 己鞠呼爹 *摸 (噶快悼)",02066,01,康诀/沥惑,,,,
力捞俊胶皋叼漠,,175265.663946784,433241.797279469,2026-04-26 22:33:52,I,13,康诀吝,2023-06-12 09:45:51,,2023-06-08,,牢玫堡开矫 巢悼备 稠泅悼 ***-* 稠泅皋叼拿季磐,PHMG120233530019047000096,3530000,"牢玫堡开矫 巢悼备 没瓷措肺 ***, 稠泅皋叼拿季磐 *摸 ****龋 (稠泅悼)",21653,01,康诀/沥惑,,,,2
林侥雀荤 揪乔骏敲矾胶,2015-03-30,207321.478442287,455531.440237449,2026-04-26 22:32:13,I,03,企诀,2015-03-30 16:48:46,,2014-02-25,131-875,辑匡漂喊矫 吝尔备 吝拳悼 **锅瘤 *摸,PHMG120143060034047000017,3060000,"辑匡漂喊矫 吝尔备 豪拳魂肺 **, *摸 (吝拳悼)",,03,企诀,,,02-461-6700,
(林)内府酒技红 搁格季磐痢,2025-05-30,207024.072457716,452449.038404575,2026-04-26 22:32:34,I,03,企诀,2025-06-20 13:43:57,,2024-09-11,,辑匡漂喊矫 吝尔备 搁格悼 ***-* 季鸥呼爹,PHMG120243060034047000060,3060000,"辑匡漂喊矫 吝尔备 悼老肺 ***, 季鸥呼爹 *摸 (搁格悼)",02242,03,企诀,,,,
惫力能琶飘坊令,2011-02-14,,,2026-04-26 22:31:58,I,03,企诀,2011-02-14 16:29:43,,1996-04-18,110-122,辑匡漂喊矫 辆肺备 辆肺*啊悼 **-* 辆肺呼爹 *摸,PHMG119963000034047000003,3000000,,,03,企诀,,,02-735-3121,
揪蜡稠泅茄扼痢,2024-12-20,176698.757374916,433603.898258754,2026-04-26 22:33:51,I,03,企诀,2024-12-20 15:55:40,,2022-07-22,,牢玫堡开矫 巢悼备 稠泅悼 ***,PHMG120223530019047000318,3530000,"牢玫堡开矫 巢悼备 器备肺 **-*, ***龋 (稠泅悼)",21670,03,企诀,,,,42.25
皋叼鞘,2014-03-10,206826.362334705,454394.360246968,2026-04-26 22:31:59,I,24,流鼻企诀,2014-03-11 10:00:05,,2006-07-25,131-823,辑匡漂喊矫 吝尔备 搁格*悼 ***锅瘤 **龋,PHMG120063060034047000016,3060000,辑匡漂喊矫 吝尔备 悼老肺***辨 ** (搁格悼),,04,秒家/富家/父丰/沥瘤/吝瘤,,,02-979-0288,
沫鸥鸥O.S.C,2018-07-13,206459.881351271,453970.062548478,2026-04-26 22:32:16,I,03,企诀,2018-07-13 15:57:52,,2015-01-13,131-824,辑匡漂喊矫 吝尔备 搁格悼 ***锅瘤 ***龋,PHMG120153060034047000001,3060000,辑匡漂喊矫 吝尔备 吝尔玫肺 ** (搁格悼),02132,03,企诀,,,02-496-5959,
措茄惫焊没扁,2012-09-13,200143.482606513,452103.736852216,2026-04-26 22:32:08,I,03,企诀,2012-09-13 13:22:48,,2009-06-25,110-835,辑匡漂喊矫 辆肺备 辆肺*啊 **锅瘤 *龋,PHMG120093000034047000025,3000000,辑匡漂喊矫 辆肺备 辆肺 ***-* (辆肺*啊),,03,企诀,,,,
揪蜡(CU) 康辆胶困镁痢,,160255.694536475,443455.818605008,2026-04-26 22:32:08,I,13,康诀吝,2022-07-21 19:39:21,,2022-07-19,,牢玫堡开矫 吝备 吝魂悼 ****-* 康辆窍疵档矫 KCC胶困镁,PHMG120223490019047000119,3490000,"牢玫堡开矫 吝备 篮窍荐肺 ***, *摸 ***,***龋 (吝魂悼, 康辆窍疵档矫 KCC胶困镁)",22389,01,康诀/沥惑,,,,
己瘤皋叼漠 匙飘亏胶,2026-01-30,199934.030448564,453583.450549667,2026-04-26 22:32:09,I,03,企诀,2026-01-30 11:37:32,,2010-09-09,110-522,辑匡漂喊矫 辆肺备 疙符悼*啊 **锅瘤 *摸,PHMG120103000034047000032,3000000,"辑匡漂喊矫 辆肺备 芒版泵肺 *** (疙符*啊,*摸)",,03,企诀,,,,
瘤盔,2010-09-24,,,2026-04-26 22:32:01,I,03,企诀,2010-10-04 11:02:57,,2004-12-18,110-824,辑匡漂喊矫 辆肺备 件牢悼 **-** 楷巢呼爹 ***龋,PHMG120043000034047000037,3000000,,,03,企诀,,,02-3676-3369,
颇聪乏,,198643.543485167,452199.798612424,2026-04-26 22:32:26,I,13,康诀吝,2021-03-25 16:31:45,,2021-03-24,,辑匡漂喊矫 辆肺备 牢荤悼 ***-* 窍唱肺呼爹 ***龋,PHMG120213000034047000021,3000000,"辑匡漂喊矫 辆肺备 牢荤悼*辨 **, 窍唱肺呼爹 ***龋 (牢荤悼)",03162,01,康诀/沥惑,,,070-7722-7716,
酒弊扼,2009-12-16,197567.747824202,452347.973860449,2026-04-26 22:32:07,I,03,企诀,2009-12-17 08:53:38,,2009-06-25,110-070,辑匡漂喊矫 辆肺备 郴荐悼 **锅瘤 侩厚绢玫啊 ****龋,PHMG120093000034047000024,3000000,"辑匡漂喊矫 辆肺备 货巩救肺*辨 ** (郴荐悼,侩厚绢玫啊 ****龋)",,03,企诀,,,,
俊胶矩揪皋叼漠,,173747.870379682,438874.98019566,2026-04-26 22:33:52,I,15,傈免,2025-05-09 16:31:36,,2024-05-20,,牢玫堡开矫 巢悼备 备岿悼 ****-** 捞畴橇扼磊炮,PHMG120243530019047000057,3530000,"牢玫堡开矫 巢悼备 固贰肺 **, 捞畴橇扼磊炮 *摸 ***-**龋 (备岿悼)",21558,05,力寇/昏力/傈免,,,,3.3
溃皋叼漠,,175174.421645854,438729.174127118,2026-04-26 22:33:44,I,13,康诀吝,2016-01-19 13:57:37,,2016-01-19,,牢玫堡开矫 巢悼备 备岿悼 ****锅瘤 *龋,PHMG120163530019047000007,3530000,"牢玫堡开矫 巢悼备 备岿富肺*锅辨 **-**, 瘤窍*摸 (备岿悼)",21536,01,康诀/沥惑,,,070-4001-0831,21.5
饭萍唱皋叼漠,,174486.707035305,440642.959400442,2026-04-26 22:33:39,I,15,傈免,2023-02-09 11:26:12,,2012-12-10,405-801,牢玫堡开矫 巢悼备 埃籍*悼 **锅瘤 *龋 *摸,PHMG120123530019047000037,3530000,"牢玫堡开矫 巢悼备 埃籍肺**锅辨 **, *摸 (埃籍悼)",21510,05,力寇/昏力/傈免,,,,
(林)内府酒技红 己措盔冯痢,2019-04-04,199456.324157124,454109.70476764,2026-04-26 22:32:20,I,03,企诀,2019-04-04 18:04:31,,2016-09-08,,辑匡漂喊矫 辆肺备 疙符*啊 *锅瘤 ***龋 *摸,PHMG120163000034047000061,3000000,"辑匡漂喊矫 辆肺备 疙符辨 **, *摸 (疙符*啊)",03065,03,企诀,,,,
揪蜡驱拳肺痢,,199937.388881508,453903.016859856,2026-04-26 22:32:28,I,13,康诀吝,2022-02-11 09:48:13,,2022-02-09,,辑匡漂喊矫 辆肺备 驱拳悼 **-** *摸,PHMG120223000034047000039,3000000,"辑匡漂喊矫 辆肺备 驱拳肺 **, *摸 (驱拳悼)",03067,01,康诀/沥惑,,,02-745-8335,
玫泵狼丰扁,,175158.415668135,439113.179742539,2026-04-26 22:33:48,I,13,康诀吝,2021-11-18 14:26:23,,2016-04-01,,牢玫堡开矫 巢悼备 备岿悼 ****-**,PHMG120213530019047000151,3530000,"牢玫堡开矫 巢悼备 龋备器肺***锅辨 **, *摸 (备岿悼)",21534,01,康诀/沥惑,,,,91.12
犁泅烹惑,2025-01-31,175691.221680537,432960.613122686,2026-04-26 22:33:51,I,03,企诀,2025-01-31 11:21:07,,2022-01-05,,牢玫堡开矫 巢悼备 稠泅悼 ***-* 俊内鸥况,PHMG120223530019047000386,3530000,"牢玫堡开矫 巢悼备 稠绊俺肺 **, 俊内鸥况 **摸 ****龋 老何龋 (稠泅悼)",21679,03,企诀,,,,6.6
急快皋叼漠,2012-04-17,200585.880452812,452115.849749209,2026-04-26 22:32:09,I,03,企诀,2012-04-17 11:18:17,,2010-07-20,110-126,辑匡漂喊矫 辆肺备 辆肺*啊 ***锅瘤 *龋 *摸,PHMG120103000034047000021,3000000,"辑匡漂喊矫 辆肺备 辆肺 ***-* (辆肺*啊,*摸)",,03,企诀,,,36754485,
妻胶姆积劝苞切,2024-05-30,175325.503572987,439369.995207582,2026-04-26 22:33:39,I,03,企诀,2024-05-30 09:56:23,,2014-08-04,,牢玫堡开矫 巢悼备 父荐悼 *** 巢悼丑蛆,PHMG120143530019047000040,3530000,"牢玫堡开矫 巢悼备 归裹肺***锅辨 **, 巢悼丑蛆 *摸 ***龋 (父荐悼)",21542,03,企诀,,,,129.09
骏俊胶 皋叼漠,2010-02-24,208608.523141255,455289.134255653,2026-04-26 22:32:05,I,03,企诀,2010-10-13 16:56:48,,2010-01-22,131-810,辑匡漂喊矫 吝尔备 噶快夯悼 ***锅瘤 *龋 颇匡呼爹  ***龋,PHMG120103060034047000009,3060000,,,03,企诀,,,02-6497-8541,
(林)厚瘤俊橇绒刚齿 CU疙符己措痢,2022-06-10,199821.627625442,453360.147414481,2026-04-26 22:32:27,I,03,企诀,2022-06-10 11:36:54,,2021-06-03,,辑匡漂喊矫 辆肺备 疙符*啊 *** *摸,PHMG120213000034047000086,3000000,"辑匡漂喊矫 辆肺备 芒版泵肺 ***, *摸 (疙符*啊)",03079,03,企诀,,,,
抗惠歹窍扁,2026-01-20,207482.55840115,452631.26094743,2026-04-26 22:32:21,I,03,企诀,2026-01-19 16:15:28,,2018-04-05,,辑匡漂喊矫 吝尔备 搁格悼 ***锅瘤 **龋 *摸,PHMG120183060034047000012,3060000,"辑匡漂喊矫 吝尔备 搁格肺**辨 *, *摸 (搁格悼)",02244,03,企诀,,,,
揪蜡 辆肺脚背痢,2016-12-28,197248.98886396,453488.397543043,2026-04-26 22:32:16,I,03,企诀,2016-12-28 16:03:28,,2014-11-05,110-032,辑匡漂喊矫 辆肺备 脚背悼 **锅瘤,PHMG120143000034047000065,3000000,辑匡漂喊矫 辆肺备 鞘款措肺 ***-* (脚背悼),03035,03,企诀,,,02-735-9777,
堡己摹苞惑荤,2024-09-03,200995.269706296,452163.561110871,2026-04-26 22:32:02,I,24,流鼻企诀,2024-09-03 16:49:22,,2006-01-18,110-842,辑匡漂喊矫 辆肺备 芒脚*悼 ***锅瘤 瘤窍*摸,PHMG120063000034047000004,3000000,"辑匡漂喊矫 辆肺备 辆肺 ***-*, 瘤窍*摸 (芒脚悼)",03119,04,秒家/富家/父丰/沥瘤/吝瘤,,,02-764-4478,
林侥雀荤 悼辑唱畴皋叼拿,2009-11-30,207485.049013079,454704.772646639,2026-04-26 22:32:01,I,03,企诀,2009-11-30 13:24:33,,2008-04-14,131-860,辑匡漂喊矫 吝尔备 惑豪*悼 ***锅瘤 **龋 巢剧呼爹 *摸,PHMG120083060034047000013,3060000,,,03,企诀,,,02-435-7546,
(林)叼俊胶皋叼纳绢,,207284.213563314,455978.825606043,2026-04-26 22:32:17,I,13,康诀吝,2015-10-02 09:09:25,,2015-10-01,,辑匡漂喊矫 吝尔备 吝拳悼 ***锅瘤 *龋 瘤窍 ***龋,PHMG120153060034047000076,3060000,"辑匡漂喊矫 吝尔备 悼老肺***辨 **, 瘤摸 ***龋 (吝拳悼, 鳃窍快胶)",02046,01,康诀/沥惑,,,,
CU 牢玫稠泅痢,2023-04-03,175552.499646646,433297.530308429,2026-04-26 22:33:51,I,03,企诀,2023-03-29 17:27:18,,2022-07-15,,牢玫堡开矫 巢悼备 稠泅悼 ***-* 俊捞胶鸥况,PHMG120223530019047000292,3530000,"牢玫堡开矫 巢悼备 稠绊俺肺 ***, 俊捞胶鸥况 ***,***龋 (稠泅悼)",21666,03,企诀,,,,76
措沥惑荤,,198913.496136105,452416.170780139,2026-04-26 22:32:33,I,13,康诀吝,2023-04-12 10:44:19,,2023-04-10,,辑匡漂喊矫 辆肺备 倡盔悼 **-* 辆肺坷乔胶炮 ****龋,PHMG120233000034047000019,3000000,"辑匡漂喊矫 辆肺备 伙老措肺**辨 **, ****龋 (倡盔悼, 辆肺坷乔胶炮)",03132,01,康诀/沥惑,,,02-745-1475,
啦 皋叼漠(辑匡),,208760.460460014,453974.271245743,2026-04-26 22:32:25,I,15,傈免,2022-11-29 08:56:50,,2020-10-13,,辑匡漂喊矫 吝尔备 搁格悼 *-*,PHMG120203060034047000067,3060000,"辑匡漂喊矫 吝尔备 侩付魂肺**辨 **, *摸 (搁格悼)",02191,05,力寇/昏力/傈免,,,,
鸥聪酒,2013-05-03,200219.18121834,453256.571193375,2026-04-26 22:32:13,I,03,企诀,2013-05-03 16:07:50,,2011-11-07,110-809,辑匡漂喊矫 辆肺备 悼件悼 *锅瘤 ***龋 *摸,PHMG120113000034047000057,3000000,"辑匡漂喊矫 辆肺备 措切肺**辨 **, *摸 (悼件悼)",,03,企诀,,,02-745-5353,
技红老饭红 牢玫父荐归裹肺痢,2019-10-16,175785.373294891,439863.596757003,2026-04-26 22:33:39,I,03,企诀,2019-10-18 11:08:38,,2014-10-27,405-860,牢玫堡开矫 巢悼备 父荐悼 ***锅瘤,PHMG120143530019047000061,3530000,"牢玫堡开矫 巢悼备 归裹肺***锅辨 **, *摸 (父荐悼)",21520,03,企诀,,,,
酒捞候静府目乔浚靛纳捞胶,2023-03-16,208885.083281145,455339.822177182,2026-04-26 22:32:27,I,03,企诀,2023-03-17 14:27:06,,2022-02-14,,辑匡漂喊矫 吝尔备 噶快悼 ***-**,PHMG120223060034047000066,3060000,"辑匡漂喊矫 吝尔备 噶快肺 ***, *摸 (噶快悼)",02059,03,企诀,,,,
客捞皋叼拿(Ymedical),,177843.969128046,436654.279810808,2026-04-26 22:33:48,I,13,康诀吝,2021-12-13 13:26:07,,2021-12-13,,牢玫堡开矫 巢悼备 辑芒悼 ***-* 脚价权鸥款,PHMG120213530019047000160,3530000,"牢玫堡开矫 巢悼备 厘酒魂肺***锅辨 **, 脚价权鸥款 ***龋 (辑芒悼)",21610,01,康诀/沥惑,,,,
茄蝴唱畴狼丰扁 荤啊沥瘤痢,2013-10-16,207509.876516215,452952.386171853,2026-04-26 22:31:59,I,03,企诀,2013-10-16 15:31:39,,2006-10-04,131-828,辑匡漂喊矫 吝尔备 搁格*悼 ***锅瘤 *龋 *摸,PHMG120063060034047000023,3060000,"辑匡漂喊矫 吝尔备 搁格肺**辨 *, *摸 (搁格悼)",,03,企诀,,,02-496-3321,
泅措狼丰扁,2021-11-04,199652.48619638,452012.978552867,2026-04-26 22:32:18,I,03,企诀,2021-11-04 11:28:31,,2015-03-10,110-853,辑匡漂喊矫 辆肺备 辆肺*啊 **锅瘤 *摸,PHMG120153000034047000015,3000000,"辑匡漂喊矫 辆肺备 辆肺 ***-*, *摸 (辆肺*啊)",03194,03,企诀,,,02-2268-7335,
溃葫配乔酒,2006-07-25,209248.502330537,455399.906553908,2026-04-26 22:31:58,I,03,企诀,2009-07-24 13:33:25,,2005-04-11,131-802,辑匡漂喊矫 吝尔备 噶快夯悼 ***锅瘤 **龋 *摸 **龋,PHMG120053060034047000037,3060000,,,03,企诀,,,02-491-2650,
叼矩俊胶皋雕胶,2014-05-26,174080.332333671,438337.339990213,2026-04-26 22:33:38,I,03,企诀,2014-05-26 15:10:43,,2010-05-11,405-835,牢玫堡开矫 巢悼备 备岿*悼 ****锅瘤  备岿呼爹 ***龋,PHMG120103530019047000014,3530000,"牢玫堡开矫 巢悼备 巢悼措肺***锅辨 *-**, ***龋 (备岿悼, 备岿呼爹)",,03,企诀,,,,
鸥颇傀绢 惑废荐,,173302.560530447,438409.058508649,2026-04-26 22:33:45,I,13,康诀吝,2018-01-08 10:20:51,,2018-01-08,,牢玫堡开矫 巢悼备 备岿悼 ****锅瘤 **龋,PHMG120183530019047000001,3530000,"牢玫堡开矫 巢悼备 巩拳肺 **, *摸 (备岿悼)",21569,01,康诀/沥惑,,,032-433-7300,150.48
叼坷捧皋叼,,207990.479257211,457183.637796144,2026-04-26 22:32:18,I,13,康诀吝,2016-07-07 17:17:18,,2016-07-07,,辑匡漂喊矫 吝尔备 脚郴悼 ***锅瘤,PHMG120163060034047000045,3060000,"辑匡漂喊矫 吝尔备 脚郴肺 ***, ***龋 (脚郴悼, 叼酒哆岸矾府)",02024,01,康诀/沥惑,,,,
姐官捞坷狼丰扁,2014-06-16,206741.232915313,454362.749653033,2026-04-26 22:32:12,I,03,企诀,2014-06-16 15:37:34,,2013-02-04,131-823,辑匡漂喊矫 吝尔备 搁格悼 ***锅瘤 ***龋 *摸,PHMG120133060034047000011,3060000,辑匡漂喊矫 吝尔备 悼老肺***辨 ** (搁格悼),,03,企诀,,,,
焙磊免魄荤林侥雀荤,2018-06-18,199682.108862983,452278.243885668,2026-04-26 22:32:15,I,03,企诀,2018-06-18 14:26:44,,2013-06-10,110-410,辑匡漂喊矫 辆肺备 牢狼悼 ***锅瘤 *龋 *摸,PHMG120133000034047000021,3000000,"辑匡漂喊矫 辆肺备 芒版泵肺 ***, *摸 (牢狼悼)",03137,03,企诀,,,02-744-9194,
厚罢狼丰扁,2012-04-04,175228.099637783,439065.735514596,2026-04-26 22:33:38,I,03,企诀,2012-04-04 17:43:56,,2011-09-26,405-224,牢玫堡开矫 巢悼备 备岿*悼 ****锅瘤 *龋 (龋备器肺***锅辨 **) ***龋,PHMG120113530019047000047,3530000,"牢玫堡开矫 巢悼备 龋备器肺***锅辨 **, ***龋 (备岿悼)",,03,企诀,,,,
MSD内府酒,2011-10-10,166148.148439168,441407.954917953,2026-04-26 22:31:58,I,03,企诀,2011-10-11 14:09:27,,2010-05-07,400-210,牢玫堡开矫 吝备 急赴悼 **锅瘤 *龋 *摸,PHMG120103490019047000003,3490000,"牢玫堡开矫 吝备 力拱樊肺 *** (急赴悼,*摸)",,03,企诀,,,032-281-2070,17.85
蜡柳皋叼漠,,173500.9061555,438056.800362993,2026-04-26 22:33:54,I,15,傈免,2026-03-12 10:19:16,,2025-12-02,,牢玫堡开矫 巢悼备 备岿悼 **** 技悼匙坷胶,PHMG120253530019047000130,3530000,"牢玫堡开矫 巢悼备 牢窍肺***锅辨 **, 技悼匙坷胶 *摸 ***-S**龋 (备岿悼)",21574,05,力寇/昏力/傈免,,,,1.65
厚盲,2018-07-18,206270.96670005,454960.415437572,2026-04-26 22:32:21,I,03,企诀,2018-07-18 11:49:35,,2018-06-04,,辑匡漂喊矫 吝尔备 吝拳悼 ***锅瘤 ***龋 *摸,PHMG120183060034047000023,3060000,"辑匡漂喊矫 吝尔备 吝尔玫肺 ***, *摸 (吝拳悼)",02114,03,企诀,,,02-492-3826,
内府酒蹿磐,2021-11-05,199816.770134674,451999.530839582,2026-04-26 22:32:25,I,03,企诀,2021-11-05 10:45:55,,2019-12-27,,辑匡漂喊矫 辆肺备 抗瘤悼 *锅瘤 *龋,PHMG120193000034047000063,3000000,"辑匡漂喊矫 辆肺备 芒版泵肺 **, ***龋 (抗瘤悼)",03195,03,企诀,,,080-080-0018,
馆棵覆,2020-01-14,199821.627625442,453360.147414481,2026-04-26 22:32:25,I,03,企诀,2020-01-14 17:28:02,,2019-05-15,,辑匡漂喊矫 辆肺备 疙符*啊 ***锅瘤 捞拳呼爹 *摸,PHMG120193000034047000022,3000000,"辑匡漂喊矫 辆肺备 芒版泵肺 ***, 捞拳呼爹 *摸 (疙符*啊)",03079,03,企诀,,,,
林侥雀荤 瘤目赣胶内府酒,,200365.821662289,452786.216855851,2026-04-26 22:32:34,I,13,康诀吝,2024-06-24 16:17:26,,2024-06-21,,辑匡漂喊矫 辆肺备 捞拳悼 **-** 抗牢荤尔 *摸龋,PHMG120243000034047000028,3000000,"辑匡漂喊矫 辆肺备 捞拳厘*辨 *, 抗牢荤尔 *摸 (捞拳悼)",03088,01,康诀/沥惑,,,,75.77
技捞橇村哪,2021-05-18,175641.195,438578.155,2026-04-26 22:33:45,I,03,企诀,2021-05-20 09:34:17,,2018-10-31,,牢玫堡开矫 巢悼备 备岿悼 ****锅瘤 *龋 柳蕊呼爹,PHMG120183530019047000064,3530000,"牢玫堡开矫 巢悼备 牢林措肺 ***, 柳蕊呼爹 *摸 ***龋 (备岿悼)",21537,03,企诀,,,,112
欺棋飘津风记,,175695.572446845,440038.613870081,2026-04-26 22:33:52,I,13,康诀吝,2023-10-26 13:36:15,,2023-10-26,,牢玫堡开矫 巢悼备 父荐悼 ***-* 版老呼,PHMG120233530019047000162,3530000,"牢玫堡开矫 巢悼备 归裹肺***锅辨 **, ***龋 (父荐悼, 版老呼)",21520,01,康诀/沥惑,,,,
捞付飘24 巢悼荐泅,2026-02-04,177821.293496086,440206.295924241,2026-04-26 22:33:49,I,03,企诀,2026-02-04 16:03:16,,2022-02-18,,牢玫堡开矫 巢悼备 厘荐悼 ***-* 秦坷抚颇农,PHMG120223530019047000162,3530000,"牢玫堡开矫 巢悼备 荐泅肺 **, *摸 (厘荐悼, 秦坷抚颇农)",21531,03,企诀,,,,
档淬皋叼,2024-11-11,161707.158513711,443531.702212266,2026-04-26 22:32:01,I,24,流鼻企诀,2024-11-11 17:20:50,,2019-02-26,,牢玫堡开矫 吝备 吝魂悼 ****锅瘤 *龋 e祈茄技惑 康辆惫力档矫 坷记窍烙,PHMG120193490019047000004,3490000,"牢玫堡开矫 吝备 滴固器肺 *** (吝魂悼, e祈茄技惑 康辆惫力档矫 坷记窍烙)",22394,04,秒家/富家/父丰/沥瘤/吝瘤,,,,99
力捞俊胶(JS)哪欺聪,,207925.785143453,453827.828961545,2026-04-26 22:32:23,I,13,康诀吝,2019-04-05 18:17:04,,2019-04-04,,辑匡漂喊矫 吝尔备 搁格悼 ***锅瘤 *龋 *摸 ***龋,PHMG120193060034047000017,3060000,"辑匡漂喊矫 吝尔备 搁格肺**辨 **-**, *摸 ***龋 (搁格悼)",02204,01,康诀/沥惑,,,,
柯穿府焊没扁,2023-05-30,200170.752482393,452114.404611982,2026-04-26 22:32:03,I,03,企诀,2023-05-30 14:38:41,,2006-10-31,110-835,辑匡漂喊矫 辆肺备 辆肺*啊 **锅瘤,PHMG120063000034047000034,3000000,辑匡漂喊矫 辆肺备 辆肺 *** (辆肺*啊),03126,03,企诀,,,02-745-0119,
羔肺叼胶鸥老,2023-10-16,177735.16278003,435634.88963409,2026-04-26 22:33:47,I,03,企诀,2023-10-17 15:59:02,,2019-12-23,,牢玫堡开矫 巢悼备 辑芒悼 ***锅瘤 *龋 府摹鸥况,PHMG120193530019047000076,3530000,"牢玫堡开矫 巢悼备 辑芒巢鉴券肺***锅辨 **, 府摹鸥况 *摸 ***,***龋 (辑芒悼)",21617,03,企诀,,,,
悼疙扒碍狼丰扁,,199950.182031236,452216.125017747,2026-04-26 22:31:57,I,13,康诀吝,2026-02-25 10:46:27,,1985-06-26,,辑匡漂喊矫 辆肺备 楷瘤悼 ***-**,PHMG119853000034047000002,3000000,"辑匡漂喊矫 辆肺备 措切肺*辨 **-*, 瘤窍摸 (楷瘤悼)",03129,01,康诀/沥惑,,,02-2273-2277,99
己堡窍捞咆,2015-09-07,173002.382241044,434185.969299274,2026-04-26 22:33:43,I,03,企诀,2015-09-07 15:17:50,,2015-04-09,405-849,牢玫堡开矫 巢悼备 稠泅悼 ***锅瘤 *龋,PHMG120153530019047000033,3530000,"牢玫堡开矫 巢悼备 巢悼辑肺***锅辨 **, ***龋 (稠泅悼, 抗己酒捞扼捞橇)",21632,03,企诀,,,,25.4
厚沮俊胶皋叼齿,,174712.287182078,436138.497502323,2026-04-26 22:33:44,I,15,傈免,2021-03-29 12:20:44,,2017-01-09,,牢玫堡开矫 巢悼备 巢锰悼 ***锅瘤 *龋,PHMG120173530019047000002,3530000,"牢玫堡开矫 巢悼备 巢锰肺**锅辨 **, *摸 (巢锰悼)",21627,05,力寇/昏力/傈免,,,070-4696-7570,
揪客捞敲矾胶,,176352.658165128,433475.366490277,2026-04-26 22:33:51,I,13,康诀吝,2023-01-30 17:24:53,,2023-01-30,,牢玫堡开矫 巢悼备 稠泅悼 ***-*,PHMG120233530019047000032,3530000,"牢玫堡开矫 巢悼备 家贰开悼肺 **-*, ***龋 (稠泅悼)",21669,01,康诀/沥惑,,,,
(林)皋靛酒捞攫,,175939.882822861,439238.152472139,2026-04-26 22:33:52,I,13,康诀吝,2023-07-20 10:30:27,,2016-06-28,,牢玫堡开矫 巢悼备 父荐悼 ***-* 父荐呼爹,PHMG120233530019047000113,3530000,"牢玫堡开矫 巢悼备 备岿肺 ***, 父荐呼爹 *摸 ***龋 (父荐悼)",21535,01,康诀/沥惑,,,,28
悼何狼丰扁惑荤,2018-12-31,206821.108967706,456096.359567266,2026-04-26 22:32:18,I,03,企诀,2018-12-31 11:08:41,,2016-08-17,,辑匡漂喊矫 吝尔备 宫悼,PHMG120163060034047000051,3060000,辑匡漂喊矫 吝尔备 悼老肺 *** (宫悼),02010,03,企诀,,,02-3296-5327,
林侥雀荤 胶付飘揪浚矫,2021-07-26,206925.379640626,455825.222009522,2026-04-26 22:32:22,I,03,企诀,2021-07-27 09:34:48,,2018-10-05,,辑匡漂喊矫 吝尔备 吝拳悼 ***锅瘤 **龋 ***龋,PHMG120183060034047000034,3060000,"辑匡漂喊矫 吝尔备 悼老肺 ***, ***龋 (吝拳悼)",02047,03,企诀,,,02-6315-0505,
档农,2024-11-11,173661.563013738,438951.959672763,2026-04-26 22:33:52,I,03,企诀,2024-11-11 14:59:04,,2024-05-07,,牢玫堡开矫 巢悼备 备岿悼 ****-*,PHMG120243530019047000051,3530000,"牢玫堡开矫 巢悼备 抗贱肺***锅辨 **, **摸 ****龋 (备岿悼)",21558,03,企诀,,,,
弃府救唱,2004-02-16,208432.147531456,456140.06920998,2026-04-26 22:31:57,I,03,企诀,2009-07-23 13:26:43,,2003-09-22,131-867,辑匡漂喊矫 吝尔备 脚郴*悼 ***锅瘤 **龋,PHMG120033060034047000031,3060000,,,03,企诀,,,02-3421-1731,101.25
脚茄焊没扁,2013-02-21,199214.553264925,452046.601850459,2026-04-26 22:32:09,I,03,企诀,2013-02-21 11:45:42,,2010-05-14,110-123,辑匡漂喊矫 辆肺备 辆肺*啊 **锅瘤 *龋,PHMG120103000034047000016,3000000,辑匡漂喊矫 辆肺备 捣拳巩肺 ** (辆肺*啊),,03,企诀,,,,
CU 件牢颇扼呼痢,,201946.86632604,452416.591916256,2026-04-26 22:32:32,I,13,康诀吝,2022-07-18 17:27:12,,2022-07-15,,辑匡漂喊矫 辆肺备 件牢悼 **** 悼剧颇扼呼 ***龋,PHMG120223000034047000144,3000000,"辑匡漂喊矫 辆肺备 抄拌肺 ***, 悼剧颇扼呼 *摸 ***龋 (件牢悼)",03116,01,康诀/沥惑,,,02-2250-7210,
揪蜡 宫悼冈榜开痢,2016-12-29,206891.930944961,456779.871840918,2026-04-26 22:32:18,I,03,企诀,2016-12-29 17:10:28,,2016-07-05,,辑匡漂喊矫 吝尔备 宫悼 ***锅瘤 **龋,PHMG120163060034047000043,3060000,辑匡漂喊矫 吝尔备 傍釜肺*啊辨 ** (宫悼),02034,03,企诀,,,,
揪力捞棵府宏康(林) 技辆肺痢,,197836.587371411,452046.256276552,2026-04-26 22:32:10,I,13,康诀吝,2023-02-20 17:34:54,,2010-10-29,110-050,辑匡漂喊矫 辆肺备 技辆肺 ***锅瘤,PHMG120103000034047000043,3000000,辑匡漂喊矫 辆肺备 技辆措肺 *** (技辆肺),,01,康诀/沥惑,,,,
(林)叼瘤判傍炼,2023-02-14,175787.186745312,439661.911958024,2026-04-26 22:33:51,I,03,企诀,2023-02-15 10:30:52,,2023-01-13,,牢玫堡开矫 巢悼备 父荐悼 ***-** 铰犁呼爹,PHMG120233530019047000014,3530000,"牢玫堡开矫 巢悼备 归裹肺 ***, 铰犁呼爹 *摸 (父荐悼)",21543,03,企诀,,,,
林侥雀荤 酒府酒纳绢内府酒,,198504.772723631,452018.161511911,2026-04-26 22:32:25,I,15,傈免,2020-07-17 17:59:31,,2020-03-16,,辑匡漂喊矫 辆肺备 辆肺*啊 *锅瘤 辆肺鸥况 **摸 ***龋,PHMG120203000034047000021,3000000,"辑匡漂喊矫 辆肺备 辆肺 **, 辆肺鸥况 **摸 ***龋 (辆肺*啊)",03161,05,力寇/昏力/傈免,,,070-5157-2583,
揪蜡 备岿酒捞厚痢,,175183.809967413,439307.694917601,2026-04-26 22:33:51,I,13,康诀吝,2022-07-22 11:59:31,,2022-07-21,,牢玫堡开矫 巢悼备 备岿悼 ****-** 措己呼爹,PHMG120223530019047000317,3530000,"牢玫堡开矫 巢悼备 备岿肺 ***, 措己呼爹 *摸 ***龋 (备岿悼)",21534,01,康诀/沥惑,,,,45
权敲矾胶 搁格痢 秦乔罚靛,2018-05-02,207090.86716546,453072.936040777,2026-04-26 22:32:09,I,03,企诀,2018-05-02 13:43:22,,2011-07-07,131-200,辑匡漂喊矫 吝尔备 搁格悼 ***锅瘤 *龋,PHMG120113060034047000032,3060000,辑匡漂喊矫 吝尔备 悼老肺 *** (搁格悼),02236,03,企诀,,,,
林侥雀荤 纳捞付牢,,174157.884334911,438772.400304068,2026-04-26 22:33:52,I,13,康诀吝,2023-12-07 14:05:01,,2023-12-07,,牢玫堡开矫 巢悼备 备岿悼 ****-* 肺旦*,PHMG120233530019047000180,3530000,"牢玫堡开矫 巢悼备 刀痢肺*锅辨 **-**, 肺旦* ***龋 (备岿悼)",21565,01,康诀/沥惑,,,,294.54
林侥雀荤 俊凋,2013-02-14,207556.344511173,453156.632080021,2026-04-26 22:32:08,I,03,企诀,2013-02-27 11:40:24,,2010-09-30,131-828,辑匡漂喊矫 吝尔备 搁格*悼 ***锅瘤 *龋 ***龋,PHMG120103060034047000057,3060000,"辑匡漂喊矫 吝尔备 荤啊沥肺 ***, ***龋 (搁格悼)",,03,企诀,,,,
快府酒捞模券版(林),2023-06-29,197559.791065754,452388.315239125,2026-04-26 22:32:25,I,03,企诀,2023-06-29 15:07:47,,2019-07-11,,辑匡漂喊矫 辆肺备 郴荐悼 **锅瘤 堡拳巩矫措 ***龋,PHMG120193000034047000035,3000000,"辑匡漂喊矫 辆肺备 荤流肺*辨 **, ***龋 (郴荐悼, 堡拳巩矫措)",03173,03,企诀,,,070-7723-7567,
胆鸥扁绢胶弊缝(DELTAGEARS GROUP),,197607.398336321,452120.026024435,2026-04-26 22:32:34,I,13,康诀吝,2025-07-01 15:38:22,,2024-03-19,,辑匡漂喊矫 辆肺备 寸林悼 ***,PHMG120243000034047000013,3000000,"辑匡漂喊矫 辆肺备 技辆措肺**辨 **, ***-力捞**龋 (寸林悼)",03182,01,康诀/沥惑,,,,
捞瘤伎橇促捞绢飘,2010-04-02,208112.860200669,457113.638411288,2026-04-26 22:32:00,I,03,企诀,2010-04-02 10:16:13,,2007-03-15,131-872,辑匡漂喊矫 吝尔备 脚郴*悼 ***锅瘤 陛碍府葫胶炮  ***龋,PHMG120073060034047000006,3060000,,,03,企诀,,,02-3421-4755,
牢抛弊扼扼捞橇荤捞攫矫胶内府酒 蜡茄雀荤,,197557.974849131,451938.115260325,2026-04-26 22:32:34,I,15,傈免,2025-04-08 14:20:02,,2023-10-19,,辑匡漂喊矫 辆肺备 脚巩肺*啊 *** 能内叼攫(concordian),PHMG120233000034047000062,3000000,"辑匡漂喊矫 辆肺备 货巩救肺 **, 能内叼攫(concordian) *摸 ***龋 (脚巩肺*啊)",03185,05,力寇/昏力/傈免,,,,
纳捞内靛碱俏,,166019.150369699,441493.847213678,2026-04-26 22:32:11,I,15,傈免,2024-12-23 09:47:10,,2024-06-12,,,PHMG120243490019047000024,3490000,"牢玫堡开矫 吝备 牢吝肺  ***-* , 牢玫开内酒风季飘凡矫萍A悼****龋",22313,05,力寇/昏力/傈免,,,,
CU 备岿龋炮痢,,174240.483860784,437677.226739128,2026-04-26 22:33:51,I,13,康诀吝,2023-01-06 16:52:36,,2023-01-06,,牢玫堡开矫 巢悼备 备岿悼 ****-* *岿龋炮,PHMG120233530019047000007,3530000,"牢玫堡开矫 巢悼备 急荐锰傍盔肺**锅辨 *, *岿龋炮 老何(***)龋 (备岿悼)",21582,01,康诀/沥惑,,,,43
(林)内府酒技红 M辆阿开痢,,198288.608626982,451994.05947363,2026-04-26 22:32:29,I,13,康诀吝,2024-02-07 16:07:12,,2022-02-21,,辑匡漂喊矫 辆肺备 辆肺*啊 ** 辆阿瘤窍枚开荤,PHMG120223000034047000070,3000000,"辑匡漂喊矫 辆肺备 辆肺 瘤窍**, 辆阿瘤窍枚开荤 ***-**龋 (辆肺*啊)",03161,01,康诀/沥惑,,,02-725-3378,
脚柳瘤匙平官捞坷,2025-04-09,208651.521930236,455160.949635036,2026-04-26 22:32:33,I,03,企诀,2025-04-09 14:05:06,,2023-11-21,,辑匡漂喊矫 吝尔备 噶快悼 ***-**,PHMG120233060034047000095,3060000,"辑匡漂喊矫 吝尔备 侩付魂肺***辨 **, *摸 ***龋 (噶快悼)",02166,03,企诀,,,,
固贰,2011-03-28,206620.3959283,456497.676317218,2026-04-26 22:32:08,I,03,企诀,2011-03-29 09:16:08,,2010-10-11,131-852,辑匡漂喊矫 吝尔备 宫*悼 ***锅瘤 ***龋 *摸,PHMG120103060034047000058,3060000,,,03,企诀,,,,31
捞付飘24 康辆款辑鸥款痢,2024-10-15,156627.415637887,442412.220209241,2026-04-26 22:32:08,I,03,企诀,2024-10-16 13:09:33,,2022-07-19,,牢玫堡开矫 吝备 款辑悼 ****-* ***龋,PHMG120223490019047000113,3490000,"牢玫堡开矫 吝备 骋叼肺 **, *摸 ***龋 (款辑悼)",22375,03,企诀,,,,
檬捞胶茄朝,,176295.148194818,438598.367190967,2026-04-26 22:33:52,I,13,康诀吝,2023-04-18 17:28:19,,2023-04-18,,牢玫堡开矫 巢悼备 父荐悼 ***-* 伙券酒颇飘,PHMG120233530019047000064,3530000,"牢玫堡开矫 巢悼备 牢林措肺 ***, ***悼 ***龋 (父荐悼, 伙券酒颇飘)",21540,01,康诀/沥惑,,,,
荤扼矩揪概聪瘤刚飘,,174555.67757369,439455.200910253,2026-04-26 22:33:54,I,13,康诀吝,2025-11-24 13:38:01,,2025-11-24,,牢玫堡开矫 巢悼备 备岿悼 ** 备岿鳃胶抛捞飘*窜瘤酒颇飘,PHMG120253530019047000128,3530000,"牢玫堡开矫 巢悼备 侩玫肺**锅辨 **, ****悼 ***龋 (备岿悼, 备岿鳃胶抛捞飘*窜瘤酒颇飘)",21548,01,康诀/沥惑,,,,
乔摹,2024-11-11,154516.087964257,443340.982118521,2026-04-26 22:32:04,I,24,流鼻企诀,2024-11-11 17:21:33,,2021-12-07,,牢玫堡开矫 吝备 款辑悼 ****-* 康辆*瞒 陛龋海胶飘呼 ***悼 ***龋,PHMG120213490019047000044,3490000,"牢玫堡开矫 吝备 闰官困肺 **, ***悼 *摸 *龋 (款辑悼, 康辆*瞒 陛龋海胶飘呼)",22370,04,秒家/富家/父丰/沥瘤/吝瘤,,,,
辆茄惑荤(己牢侩前),2016-11-16,175048.896403248,438482.691351774,2026-04-26 22:33:38,I,03,企诀,2016-11-16 16:50:52,,2010-07-09,405-839,牢玫堡开矫 巢悼备 备岿*悼 ****锅瘤 ***龋,PHMG120103530019047000023,3530000,"牢玫堡开矫 巢悼备 龋备器肺 ***, ***龋 (备岿悼)",21588,03,企诀,,,,
(林)内府酒技红 备岿巢悼措肺痢,2019-10-16,173856.978642347,438903.639197081,2026-04-26 22:33:44,I,03,企诀,2019-10-18 11:09:50,,2016-12-22,,牢玫堡开矫 巢悼备 备岿悼 ****锅瘤 **龋,PHMG120163530019047000112,3530000,"牢玫堡开矫 巢悼备 巢悼措肺***锅辨 **, *摸 (备岿悼, 蜡柳呼爹)",21556,03,企诀,,,032-421-2081,
掉扼捞飘目孤聪纳捞记令,,208257.316748004,454649.661652058,2026-04-26 22:32:35,I,13,康诀吝,2025-08-20 15:08:58,,2021-07-12,,辑匡漂喊矫 吝尔备 噶快悼 ***-**,PHMG120253060034047000052,3060000,"辑匡漂喊矫 吝尔备 豪快犁肺 ***-*, 靛覆窍快胶 B***龋 (噶快悼)",02174,01,康诀/沥惑,,,02-6249-3555,41.76
喉风巩 揪矩揪(BLUEMOON C&C),2023-12-13,198101.593328721,452496.362099822,2026-04-26 22:32:33,I,03,企诀,2023-12-13 14:28:26,,2022-12-06,,辑匡漂喊矫 辆肺备 吝切悼 ** 歹纳捞飘扩鸥况,PHMG120223000034047000216,3000000,"辑匡漂喊矫 辆肺备 辆肺*辨 **, 歹纳捞飘扩鸥况 B悼 *摸 ***E龋 (吝切悼)",03142,03,企诀,,,02-6930-5823,
舅厚骏内府酒,2021-04-28,207504.128159238,454396.575814405,2026-04-26 22:32:16,I,03,企诀,2021-04-29 17:20:25,,2015-05-07,,辑匡漂喊矫 吝尔备 搁格悼 ***锅瘤 **龋 辫侩茄狼盔 ***龋,PHMG120153060034047000042,3060000,"辑匡漂喊矫 吝尔备 扳犁肺**辨 ***, ***龋 (搁格悼)",02144,03,企诀,,,02-2207-1472,
棵府宏康 己闭包措痢,2013-04-09,199769.96511678,453520.42735819,2026-04-26 22:32:14,I,03,企诀,2013-04-09 16:30:29,,2012-06-08,110-522,辑匡漂喊矫 辆肺备 疙符*啊 ***锅瘤 ***龋,PHMG120123000034047000029,3000000,"辑匡漂喊矫 辆肺备 己闭包肺 **, ***龋 (疙符*啊)",,03,企诀,,,02-763-7077,
橇府固绢臂肺国,,207861.870603487,452666.306495265,2026-04-26 22:32:27,I,13,康诀吝,2021-12-15 15:27:07,,2021-12-14,,辑匡漂喊矫 吝尔备 搁格悼 **** 搁格泅措酒颇飘,PHMG120213060034047000137,3060000,"辑匡漂喊矫 吝尔备 侩付魂肺 ***, ***悼 ***龋 (搁格悼, 搁格泅措酒颇飘)",02258,01,康诀/沥惑,,,,
己柳魂诀,2014-05-16,207034.968858068,454199.466965729,2026-04-26 22:32:13,I,03,企诀,2014-05-16 10:43:51,,2013-08-20,131-820,辑匡漂喊矫 吝尔备 搁格悼 ***锅瘤 **龋 *摸,PHMG120133060034047000052,3060000,"辑匡漂喊矫 吝尔备 悼老肺***辨 *, *摸 (搁格悼)",,03,企诀,,,02-2217-2182,
皋叼甭,2016-10-18,208112.860200669,457113.638411288,2026-04-26 22:32:14,I,03,企诀,2016-10-18 13:48:33,,2014-10-28,131-872,辑匡漂喊矫 吝尔备 脚郴悼 ***锅瘤 陛碍府葫胶炮 ***龋,PHMG120143060034047000059,3060000,"辑匡漂喊矫 吝尔备 脚郴肺 ***, ***龋 (脚郴悼, 陛碍府葫胶炮)",02024,03,企诀,,,070-8281-3580,
⑦曼蝴,,198150.300374121,452019.212642931,2026-04-26 22:32:04,I,13,康诀吝,2025-11-28 14:42:54,,2007-08-03,110-888,辑匡漂喊矫 辆肺备 辆肺*啊 **锅瘤 ****龋,PHMG120073000034047000022,3000000,"辑匡漂喊矫 辆肺备 辆肺 **, ****龋 (辆肺*啊)",03157,01,康诀/沥惑,,,02-723-1317,
纳捞俊胶骏,2004-08-02,208295.099818379,456014.999180519,2026-04-26 22:31:56,I,03,企诀,2009-07-23 09:15:28,,2002-07-11,131-865,辑匡漂喊矫 吝尔备 脚郴*悼 ***锅瘤 脚酒鸥款*摸,PHMG120023060034047000024,3060000,,,03,企诀,,,02-3422-2112,203.4
蜡聪郊秋静纳绢内府酒 蜡茄雀荤,,198892.023011278,451952.062116173,2026-04-26 22:32:25,I,13,康诀吝,2024-05-17 13:16:11,,2020-03-17,,辑匡漂喊矫 辆肺备 辆肺*啊 **-*,PHMG120203000034047000022,3000000,"辑匡漂喊矫 辆肺备 辆肺 **, 茄棵鸥况 *摸 (辆肺*啊)",03191,01,康诀/沥惑,,,02-2158-8080,
(林)辣官捞坷抛农,,172513.319630921,433674.756809652,2026-04-26 22:33:44,I,13,康诀吝,2019-10-14 16:43:38,,2017-07-11,,牢玫堡开矫 巢悼备 绊儡悼 ***锅瘤 *龋,PHMG120173530019047000047,3530000,"牢玫堡开矫 巢悼备 没瓷措肺 ***, ***龋 (绊儡悼)",21633,01,康诀/沥惑,,,,230
轰萍夯扼扼讥,2024-11-14,176308.887533637,439863.927097511,2026-04-26 22:33:48,I,03,企诀,2024-11-14 11:35:42,,2021-08-13,,牢玫堡开矫 巢悼备 父荐悼 **-**,PHMG120213530019047000123,3530000,"牢玫堡开矫 巢悼备 父荐肺**锅辨 **, *龋 (父荐悼)",21524,03,企诀,,,,27.28
CU惑豪掂坷飘府胶痢,2023-11-23,208076.386740844,455017.528646426,2026-04-26 22:32:29,I,03,企诀,2024-06-24 11:01:42,,2022-07-14,,辑匡漂喊矫 吝尔备 惑豪悼 *** 惑豪 掂坷飘府胶,PHMG120223060034047000153,3060000,"辑匡漂喊矫 吝尔备 惑豪肺 ***, *摸 *龋 (惑豪悼, 惑豪 掂坷飘府胶)",02150,03,企诀,,,,
揪蜡 脚器巩拳狼芭府痢,,166883.0740484,441146.166185611,2026-04-26 22:32:12,I,13,康诀吝,2024-08-22 17:38:04,,2024-08-21,,牢玫堡开矫 吝备 郴悼 ***-*,PHMG120243490019047000035,3490000,"牢玫堡开矫 吝备 俺亲肺 **, *,*摸 (郴悼)",22316,01,康诀/沥惑,,,,99.18
揪力捞棵府宏康(林)牢玫扼乔俊胶鸥痢,,175793.406745266,432847.497549598,2026-04-26 22:33:44,I,13,康诀吝,2023-02-22 13:23:21,,2016-10-10,,牢玫堡开矫 巢悼备 稠泅悼 ***锅瘤 *龋,PHMG120163530019047000092,3530000,"牢玫堡开矫 巢悼备 稠绊俺肺 **, ***,***龋 (稠泅悼, 扼乔俊胶鸥)",21679,01,康诀/沥惑,,,032-428-5290,194.65
GS25 父荐府摹痢,2024-04-25,175615.07870439,439979.009472814,2026-04-26 22:33:52,I,03,企诀,2024-04-25 13:51:24,,2023-10-24,,牢玫堡开矫 巢悼备 父荐悼 ***-**,PHMG120233530019047000160,3530000,"牢玫堡开矫 巢悼备 辑魄肺**锅辨 **, *摸 (父荐悼)",21519,03,企诀,,,,91.7
疙前焊没扁疙前,,201452.97033909,452034.162854757,2026-04-26 22:32:33,I,13,康诀吝,2023-02-28 10:41:22,,2023-02-27,,辑匡漂喊矫 辆肺备 芒脚悼 ***-* 伙老酒颇飘,PHMG120233000034047000014,3000000,"辑匡漂喊矫 辆肺备 没拌玫肺 ***, 伙老酒颇飘 *悼 ***龋 (芒脚悼)",03118,01,康诀/沥惑,,,,
酒尔喊,,173290.993947496,438983.075240917,2026-04-26 22:33:39,I,13,康诀吝,2024-01-16 10:43:30,,2013-09-16,,牢玫堡开矫 巢悼备 备岿悼 ****-*,PHMG120133530019047000039,3530000,"牢玫堡开矫 巢悼备 巩拳肺***锅辨 **-**, *摸 老何龋 (备岿悼)",21559,01,康诀/沥惑,,,,33
厚炼,2022-06-14,206977.252735059,456178.100560533,2026-04-26 22:32:24,I,03,企诀,2022-06-14 16:04:42,,2020-02-24,,辑匡漂喊矫 吝尔备 宫悼 ***锅瘤 **龋,PHMG120203060034047000012,3060000,"辑匡漂喊矫 吝尔备 悼老肺***辨 **-**, 瘤窍*摸 ***龋 (宫悼)",02045,03,企诀,,,,
茄付澜,2009-06-29,206774.874230196,457011.632629502,2026-04-26 22:32:03,I,03,企诀,2009-06-29 11:10:43,,2009-01-16,131-848,辑匡漂喊矫 吝尔备 宫*悼 ***锅瘤 *摸,PHMG120093060034047000028,3060000,,,03,企诀,,,,
⑦臂肺国单捞阁颇付,,198970.736456772,452534.45478172,2026-04-26 22:31:58,I,15,傈免,2024-07-16 15:38:12,,1998-01-23,,辑匡漂喊矫 辆肺备 劳急悼 **-* 款泅脚拳鸥况 ***龋,PHMG119983000034047000002,3000000,"辑匡漂喊矫 辆肺备 伙老措肺**辨 **, *摸 ***龋 (劳急悼, 款泅脚拳鸥况)",03132,05,力寇/昏力/傈免,,,02-3673-2367,
林侥雀荤 技捞橇齿萍矩揪,,206463.443740034,454151.215335609,2026-04-26 22:32:34,I,13,康诀吝,2024-09-13 09:11:17,,2024-09-12,,辑匡漂喊矫 吝尔备 搁格悼 ***-** 己版呼爹,PHMG120243060034047000061,3060000,"辑匡漂喊矫 吝尔备 豪快犁肺*辨 *, 己版呼爹 *摸 (搁格悼)",02127,01,康诀/沥惑,,,02-2212-7317,
揪蜡(CU) 悼牢玫芭府痢,2025-08-31,167172.299422829,441511.388941544,2026-04-26 22:32:06,I,03,企诀,2025-08-30 09:53:55,,2022-02-18,,牢玫堡开矫 吝备 牢泅悼 **-*,PHMG120223490019047000066,3490000,"牢玫堡开矫 吝备 磊蜡傍盔肺 **, *摸 (牢泅悼)",22316,03,企诀,,,,
⑦皋靛牢,2008-12-11,,,2026-04-26 22:31:58,I,03,企诀,2013-02-08 15:27:10,,2000-10-20,110-070,辑匡漂喊矫 辆肺备 郴荐悼 ***-**  沥盔 *摸,PHMG120003000034047000008,3000000,,,03,企诀,,,02-733-9598,
林侥雀荤 皋叼扁绢飘矾胶飘,,201962.62904341,452377.405128643,2026-04-26 22:32:33,I,13,康诀吝,2024-11-28 17:14:42,,2023-08-22,,辑匡漂喊矫 辆肺备 件牢悼 **** 辑柳呼爹,PHMG120233000034047000046,3000000,"辑匡漂喊矫 辆肺备 抄拌肺 ***, 辑柳呼爹 ***龋 (件牢悼)",03116,01,康诀/沥惑,,,02-3141-5741,
悼剧狼丰扁,2009-03-12,199383.197681781,451993.773380452,2026-04-26 22:32:07,I,03,企诀,2009-04-07 13:07:00,,2009-03-04,110-123,辑匡漂喊矫 辆肺备 辆肺*啊 ***锅瘤 *龋,PHMG120093000034047000011,3000000,辑匡漂喊矫 辆肺备 辆肺 ***-* (辆肺*啊),,03,企诀,,,,
技红老饭红 辆肺何鞠痢,,196731.050059844,454499.411625227,2026-04-26 22:32:28,I,13,康诀吝,2025-03-11 15:17:22,,2022-02-04,,辑匡漂喊矫 辆肺备 何鞠悼 ***-*,PHMG120223000034047000016,3000000,辑匡漂喊矫 辆肺备 芒狼巩肺 ***(何鞠悼),03022,01,康诀/沥惑,,,02-379-5390,
厚器骏目赣胶,,174319.159975036,437721.254075547,2026-04-26 22:33:44,I,15,傈免,2018-05-16 13:17:40,,2017-01-13,,牢玫堡开矫 巢悼备 备岿悼 ****锅瘤,PHMG120173530019047000006,3530000,"牢玫堡开矫 巢悼备 急荐锰傍盔肺 **, ***龋 (备岿悼, 滴敲扼胶(档积*))",21583,05,力寇/昏力/傈免,,,,
(林)叼磊牢鳃傅,,208766.859234346,455145.244283969,2026-04-26 22:32:36,I,13,康诀吝,2025-12-01 09:33:40,,2025-11-28,,辑匡漂喊矫 吝尔备 噶快悼 ***-* 背包呼爹,PHMG120253060034047000075,3060000,"辑匡漂喊矫 吝尔备 侩付魂肺 ***, 背包呼爹 *摸 (噶快悼)",02165,01,康诀/沥惑,,,,
揪蜡 辆肺瓤磊痢,,197342.22089531,453450.527281803,2026-04-26 22:32:34,I,13,康诀吝,2024-03-19 18:27:07,,2024-03-19,,辑匡漂喊矫 辆肺备 瓤磊悼 **-*,PHMG120243000034047000014,3000000,"辑匡漂喊矫 辆肺备 磊窍巩肺 **, *摸 (瓤磊悼)",03042,01,康诀/沥惑,,,02-1577-8007,
酒快叼迄 内府酒,2006-04-13,207357.595177869,457462.766652935,2026-04-26 22:31:58,I,03,企诀,2009-07-24 13:29:23,,2005-03-28,131-846,辑匡漂喊矫 吝尔备 宫*悼 *锅瘤 泅悼切寸呼爹 ***龋,PHMG120053060034047000034,3060000,,,03,企诀,,,02-949-4459,
林侥雀荤 脚单芳扼酒固贾风记,2024-01-16,208043.209229394,453318.378360994,2026-04-26 22:32:33,I,03,企诀,2024-01-16 13:32:24,,2024-01-10,,辑匡漂喊矫 吝尔备 搁格悼 ***-**,PHMG120243060034047000003,3060000,"辑匡漂喊矫 吝尔备 搁格肺**辨 **, *摸 (搁格悼)",02211,03,企诀,,,,
歹盔荤捞攫胶,2020-01-16,199158.530088525,452756.840623869,2026-04-26 22:32:23,I,03,企诀,2020-01-16 16:38:39,,2017-07-05,,辑匡漂喊矫 辆肺备 鼻丑悼 ***锅瘤 *龋 ***龋,PHMG120173000034047000040,3000000,"辑匡漂喊矫 辆肺备 啦邦肺 ***-**, ***龋 (鼻丑悼, 伙己呼爹)",03134,03,企诀,,,,
瘤俊胶(GS)25 吝备档盔痢,,167932.955537706,440466.15012008,2026-04-26 22:32:09,I,13,康诀吝,2022-09-13 14:11:02,,2022-09-13,,牢玫堡开矫 吝备 档盔悼 **-**,PHMG120223490019047000143,3490000,"牢玫堡开矫 吝备 档盔肺**锅辨 **, *摸 (档盔悼)",22327,01,康诀/沥惑,,,,99
林侥雀荤 茄惫官捞坷矫胶袍,2024-08-07,208316.910181269,453336.973142568,2026-04-26 22:32:25,I,03,企诀,2024-08-08 08:58:21,,2020-10-27,,辑匡漂喊矫 吝尔备 搁格悼 ****,PHMG120203060034047000070,3060000,"辑匡漂喊矫 吝尔备 侩付魂肺**辨 **, *摸 (搁格悼)",02195,03,企诀,,,,
林侥雀荤 揪浚叼哪欺聪,,199670.979884558,452221.775006084,2026-04-26 22:32:27,I,13,康诀吝,2021-07-13 15:02:28,,2021-07-13,,辑匡漂喊矫 辆肺备 牢狼悼 ***-* 技款胶涅绢 喊包悼 ***龋,PHMG120213000034047000097,3000000,"辑匡漂喊矫 辆肺备 芒版泵肺 ***, 技款胶涅绢 喊包悼 ***龋 (牢狼悼)",03137,01,康诀/沥惑,,,02-3675-8966,
概矫内府酒,,199950.182031236,452216.125017747,2026-04-26 22:32:21,I,13,康诀吝,2017-03-15 13:55:34,,2017-02-22,,辑匡漂喊矫 辆肺备 楷瘤悼 ***锅瘤 **龋,PHMG120173000034047000016,3000000,"辑匡漂喊矫 辆肺备 措切肺*辨 **-*, *摸 (楷瘤悼)",03129,01,康诀/沥惑,,,02-745-1062,
归款可平,2009-04-08,,,2026-04-26 22:31:59,I,03,企诀,2009-07-08 11:16:38,,2006-12-28,131-810,"辑匡漂喊矫 吝尔备 噶快*悼 ***-*, *摸",PHMG120063060034047000028,3060000,,,03,企诀,,,02-438-1047,
揪蜡 备岿靛覆痢,,173192.550721605,439240.700907426,2026-04-26 22:33:52,I,13,康诀吝,2023-12-08 13:40:22,,2023-12-08,,牢玫堡开矫 巢悼备 备岿悼 ****-* 备岿鸥款,PHMG120233530019047000183,3530000,"牢玫堡开矫 巢悼备 巩拳肺***锅辨 **, *摸 ***龋 (备岿悼, 备岿鸥款)",21553,01,康诀/沥惑,,,,58.58
轰萍矩宏肺快,,173127.532742703,438212.502722648,2026-04-26 22:33:48,I,13,康诀吝,2023-11-15 15:13:53,,2021-06-10,,牢玫堡开矫 巢悼备 备岿悼 ****,PHMG120213530019047000100,3530000,"牢玫堡开矫 巢悼备 巩拳辑肺*锅辨 **-**, *摸 老何龋 (备岿悼)",21568,01,康诀/沥惑,,,,35
GS25 父荐脚悼酒痢,2025-12-24,176662.269445794,440403.597686559,2026-04-26 22:33:51,I,03,企诀,2025-12-24 17:58:40,,2023-01-25,,牢玫堡开矫 巢悼备 父荐悼 *-***,PHMG120233530019047000023,3530000,"牢玫堡开矫 巢悼备 父荐肺***锅辨 **, *摸 (父荐悼)",21521,03,企诀,,,,98.8
GS25 惑疙措荤裹包痢,,195960.546025512,455612.122672739,2026-04-26 22:32:33,I,13,康诀吝,2022-11-01 16:32:15,,2022-10-31,,辑匡漂喊矫 辆肺备 全瘤悼 *-* 惑疙措切背,PHMG120223000034047000199,3000000,"辑匡漂喊矫 辆肺备 全瘤巩*辨 **, 惑疙措切背 荤裹措切包 B*摸 A***龋 (全瘤悼)",03016,01,康诀/沥惑,,,,
林侥雀荤 鳃内胶皋叼,2023-02-28,197233.393554643,453028.997240355,2026-04-26 22:32:26,I,24,流鼻企诀,2023-02-28 10:27:46,,2020-04-29,,辑匡漂喊矫 辆肺备 穿窍悼 **锅瘤 *摸,PHMG120203000034047000030,3000000,"辑匡漂喊矫 辆肺备 磊窍巩肺*辨 **, *摸 (穿窍悼)",03036,04,秒家/富家/父丰/沥瘤/吝瘤,,,02-732-9902,
脚技拌捞付飘 惑豪痢⑦,2011-05-12,208183.558935157,454911.24852306,2026-04-26 22:31:56,I,03,企诀,2011-05-12 11:52:31,,2000-05-29,131-809,辑匡漂喊矫 吝尔备 噶快夯悼 ***锅瘤 *龋 *摸,PHMG120003060034047000002,3060000,,,03,企诀,,,02-490-1050,2.44
绊氢健魔措,2015-06-23,172907.465157098,438265.241945982,2026-04-26 22:33:39,I,03,企诀,2015-06-23 10:31:26,,2014-09-24,405-840,牢玫堡开矫 巢悼备 备岿悼 ****锅瘤 *龋 瘤窍*摸,PHMG120143530019047000048,3530000,"牢玫堡开矫 巢悼备 巩拳辑肺*锅辨 **, 瘤窍*摸 (备岿悼)",,03,企诀,,,,132.16
窍捞付南24,,206689.364439191,454613.651437081,2026-04-26 22:32:34,I,13,康诀吝,2024-06-28 15:18:43,,2024-06-27,,辑匡漂喊矫 吝尔备 惑豪悼 ***-* 快档呼爹,PHMG120243060034047000043,3060000,"辑匡漂喊矫 吝尔备 噶快肺 ***, 快档呼爹 *摸 (惑豪悼)",02121,01,康诀/沥惑,,,070-8693-3696,
林侥雀荤 盔南,,206821.108967706,456096.359567266,2026-04-26 22:32:26,I,13,康诀吝,2021-09-16 10:24:54,,2021-09-14,,辑匡漂喊矫 吝尔备 宫悼 ***-*,PHMG120213060034047000109,3060000,"辑匡漂喊矫 吝尔备 悼老肺 ***, *摸 揪-**龋 (宫悼)",02010,01,康诀/沥惑,,,,15
健狼塞,,167111.657839544,441254.214486663,2026-04-26 22:32:07,I,15,傈免,2024-05-03 13:45:23,,2020-01-28,,"牢玫堡开矫 吝备 郴悼 ***-* 根骇,措茄局版固侩切盔,捞侩拳捞厚牢饶苞",PHMG120223490019047000079,3490000,"牢玫堡开矫 吝备 快泅肺 **, 根骇,措茄局版固侩切盔,捞侩拳捞厚牢饶苞 *摸 (郴悼)",22316,05,力寇/昏力/傈免,,,,138.24
春坊胶 酒墨单固,,173921.88342573,438730.206210437,2026-04-26 22:33:51,I,13,康诀吝,2025-02-05 13:44:55,,2022-07-20,,牢玫堡开矫 巢悼备 备岿悼 ****-* 俊胶颇胶,PHMG120223530019047000299,3530000,"牢玫堡开矫 巢悼备 牢林措肺***锅辨 **, 俊胶颇胶 *摸 ***龋 老何龋 (备岿悼)",21556,01,康诀/沥惑,,,,
(林)内府酒技红 技辆肺痢,2021-07-30,198046.96411149,452437.652334411,2026-04-26 22:32:27,I,03,企诀,2021-07-30 13:58:32,,2021-05-06,,辑匡漂喊矫 辆肺备 荐价悼 ***,PHMG120213000034047000058,3000000,辑匡漂喊矫 辆肺备 辆肺*辨 **-* (荐价悼),03152,03,企诀,,,02-725-9120,
舅肺矩风,2014-05-12,173552.310556009,438905.868022571,2026-04-26 22:33:39,I,03,企诀,2014-05-12 12:59:18,,2013-09-10,405-835,牢玫堡开矫 巢悼备 备岿*悼 ****锅瘤 CGV权敲矾胶 瘤窍*摸老何,PHMG120133530019047000037,3530000,"牢玫堡开矫 巢悼备 抗贱肺 ***, 瘤窍*摸 (备岿悼, 权敲矾胶备岿痢)",,03,企诀,,,,33
脚脚狼丰扁,2008-10-30,207719.772650025,453692.394071823,2026-04-26 22:32:02,I,03,企诀,2009-07-27 09:42:41,,2008-05-15,131-818,辑匡漂喊矫 吝尔备 搁格夯悼 ***锅瘤 *龋 *摸,PHMG120083060034047000046,3060000,,,03,企诀,,,02-496-3401,
扒碍刘柳楷备盔,2020-05-06,199509.962000656,451888.555001545,2026-04-26 22:32:22,I,03,企诀,2020-05-06 17:37:41,,2017-04-04,,辑匡漂喊矫 辆肺备 厘荤悼 ***锅瘤 *龋 啊悼唱凯***龋,PHMG120173000034047000027,3000000,"辑匡漂喊矫 辆肺备 没拌玫肺 ***, 啊悼唱凯***龋 (厘荤悼, 技款惑啊)",03194,03,企诀,,,02-2268-1350,
吩单窍捞付飘(林) 备岿瘤痢,2023-06-25,173978.583756463,438714.811009524,2026-04-26 22:33:38,I,03,企诀,2023-06-21 16:16:52,,2008-12-11,405-835,牢玫堡开矫 巢悼备 备岿悼 ****锅瘤 *龋,PHMG120083530019047000029,3530000,牢玫堡开矫 巢悼备 牢林措肺 *** (备岿悼),21556,03,企诀,,,032-435-4352,
悼疙皋叼漠,2009-09-03,,,2026-04-26 22:32:02,I,03,企诀,2009-09-04 10:21:00,,2006-01-09,110-430,辑匡漂喊矫 辆肺备 厘荤悼 ** 技扁呼爹 ***龋,PHMG120063000034047000001,3000000,,,03,企诀,,,02-2268-9446,
歹力捞 轰萍,2025-05-30,173846.037637291,438993.486603716,2026-04-26 22:33:53,I,03,企诀,2025-05-30 14:38:25,,2024-07-26,,牢玫堡开矫 巢悼备 备岿悼 ****-* 措疙绢馆胶抛捞,PHMG120243530019047000079,3530000,"牢玫堡开矫 巢悼备 固贰肺 **, ***龋 (备岿悼, 措疙绢馆胶抛捞)",21556,03,企诀,,,,26.66
措旷惑荤,,199264.864268314,451927.319852601,2026-04-26 22:32:17,I,13,康诀吝,2015-01-14 16:47:05,,2015-01-13,110-430,辑匡漂喊矫 辆肺备 厘荤悼 *锅瘤 ***龋,PHMG120153000034047000002,3000000,"辑匡漂喊矫 辆肺备 捣拳巩肺 **-*, ***龋 (厘荤悼)",03193,01,康诀/沥惑,,,02-2265-1354,
茄付澜,2015-03-16,174142.578204751,440277.122232978,2026-04-26 22:33:43,I,03,企诀,2015-03-16 11:05:05,,2014-12-29,405-804,牢玫堡开矫 巢悼备 埃籍悼 ***锅瘤 *龋 *摸,PHMG120143530019047000141,3530000,"牢玫堡开矫 巢悼备 巢悼措肺***锅辨 *, *摸 (埃籍悼)",,03,企诀,,,,318.38
(林)内府酒技红 吝尔胶付飘呼痢,2019-10-17,206858.087212148,454567.092438381,2026-04-26 22:32:18,I,03,企诀,2019-10-17 17:03:48,,2016-11-30,,辑匡漂喊矫 吝尔备 惑豪悼 ***锅瘤 **龋,PHMG120163060034047000071,3060000,"辑匡漂喊矫 吝尔备 噶快肺**辨 **, B悼 ***龋 (惑豪悼, 胶付飘呼)",02121,03,企诀,,,,
海胶飘棵,2012-04-02,201809.67645682,452460.718015096,2026-04-26 22:32:13,I,03,企诀,2012-04-02 17:51:55,,2011-10-10,110-825,辑匡漂喊矫 辆肺备 件牢*悼 ***锅瘤 *龋,PHMG120113000034047000050,3000000,辑匡漂喊矫 辆肺备 辆肺 *** (件牢悼),,03,企诀,,,02-6713-8620,
CU吝拳老悼痢,,207293.160092782,455520.057276823,2026-04-26 22:32:27,I,13,康诀吝,2022-02-08 16:28:53,,2022-02-08,,辑匡漂喊矫 吝尔备 吝拳悼 ***-*,PHMG120223060034047000032,3060000,"辑匡漂喊矫 吝尔备 豪拳魂肺 **, *摸 (吝拳悼)",02049,01,康诀/沥惑,,,,
柳己,2021-02-04,206779.809292422,455063.116864579,2026-04-26 22:32:24,I,03,企诀,2021-02-05 16:07:39,,2020-05-01,,辑匡漂喊矫 吝尔备 吝拳悼 ***锅瘤 ***龋 厕檬氛绢赴捞笼,PHMG120203060034047000024,3060000,"辑匡漂喊矫 吝尔备 悼老肺***辨 **, *摸 (吝拳悼)",02107,03,企诀,,,,
皋叼姆橇,2019-12-06,176242.673194449,438769.874452158,2026-04-26 22:33:39,I,03,企诀,2019-12-08 13:16:59,,2016-08-30,,牢玫堡开矫 巢悼备 父荐悼 ***锅瘤 *龋,PHMG120143530019047000025,3530000,"牢玫堡开矫 巢悼备 窍锰肺 **, ***-*龋 (父荐悼, 盔芒呼爹)",21540,03,企诀,,,,45.8
力捞矩力捞 皋叼漠(J&J Medical),2017-04-13,,,2026-04-26 22:31:59,I,03,企诀,2017-04-13 11:07:43,,2015-09-23,,,PHMG120153490019047000010,3490000,"牢玫堡开矫 吝备 畸榜肺 **-*, *摸 (档盔悼)",22327,03,企诀,,,,135
措疙惑荤,2011-10-26,,,2026-04-26 22:31:56,I,03,企诀,2011-10-26 16:19:14,,2003-12-08,131-860,辑匡漂喊矫 吝尔备 惑豪*悼 ***-**,PHMG120033060034047000005,3060000,,,03,企诀,,,02-434-9580,14.7
甭买齿,2015-02-06,207081.5443958,456727.51477426,2026-04-26 22:32:13,I,24,流鼻企诀,2015-02-09 09:30:42,,2013-08-19,131-855,辑匡漂喊矫 吝尔备 宫悼 ***锅瘤 脚救*瞒惑啊悼 ***龋,PHMG120133060034047000051,3060000,辑匡漂喊矫 吝尔备 傍釜肺*辨 ** (宫悼),,04,秒家/富家/父丰/沥瘤/吝瘤,,,070-7632-8863,
胶炮扼捞,2026-01-19,174640.95335822,436512.69081608,2026-04-26 22:33:47,I,03,企诀,2026-01-19 10:21:01,,2020-05-06,,牢玫堡开矫 巢悼备 巢锰悼 ***锅瘤 *龋 己瘤弊赴呼扼,PHMG120203530019047000039,3530000,"牢玫堡开矫 巢悼备 巢锰肺***锅辨 *-**, B*摸 **龋 (巢锰悼, 己瘤弊赴呼扼)",21626,03,企诀,,,,
叼俊胶浚磐橇扼捞令⑦,,199222.116731726,451839.355624462,2026-04-26 22:32:33,I,13,康诀吝,2023-09-18 19:02:45,,2002-05-24,,辑匡漂喊矫 辆肺备 包荐悼 **-* 瘤龋呼爹,PHMG120233000034047000054,3000000,"辑匡漂喊矫 辆肺备 捣拳巩肺 *, 瘤龋呼爹 *摸 (包荐悼)",03192,01,康诀/沥惑,,,02-2269-0832,
揪蜡 搁格快府痢,2016-12-28,207531.241685417,452739.601195181,2026-04-26 22:32:17,I,03,企诀,2016-12-28 17:38:11,,2015-09-23,,辑匡漂喊矫 吝尔备 搁格悼 ***锅瘤 *龋,PHMG120153060034047000073,3060000,"辑匡漂喊矫 吝尔备 搁格肺 ***, *摸 (搁格悼)",02252,03,企诀,,,02-432-1976,
揪蜡 辆肺备没痢,,198205.621520751,452254.217603167,2026-04-26 22:32:28,I,13,康诀吝,2022-02-08 15:52:25,,2022-02-04,,辑匡漂喊矫 辆肺备 荐价悼 **-* 龋荐呼爹 ***龋,PHMG120223000034047000020,3000000,"辑匡漂喊矫 辆肺备 伙豪肺 **, 龋荐呼爹 ***龋 (荐价悼)",03151,01,康诀/沥惑,,,,
柳疙可萍漠,2010-10-12,208608.523141255,455289.134255653,2026-04-26 22:32:03,I,03,企诀,2010-10-12 10:23:21,,2009-04-08,131-810,辑匡漂喊矫 吝尔备 噶快夯悼 ***锅瘤 *龋 乔框B D ***龋,PHMG120093060034047000025,3060000,,,03,企诀,,,,
(林)瘤俊胶府抛老 饿扼喉扼 惑豪开痢,2019-10-28,207527.877317404,454942.176382938,2026-04-26 22:32:19,I,03,企诀,2019-10-28 14:22:33,,2017-06-01,,"辑匡漂喊矫 吝尔备 惑豪悼 ***锅瘤 *龋 瘤窍, 惑豪开",PHMG120173060034047000029,3060000,"辑匡漂喊矫 吝尔备 噶快肺 ***, 瘤窍, 惑豪开 (惑豪悼)",02098,03,企诀,,,02-433-7745,
吩单揪宏捞俊胶711林侥雀荤 辆肺面脚痢,2023-06-16,200379.482946488,452621.353626179,2026-04-26 22:32:31,I,03,企诀,2023-06-16 16:48:48,,2022-06-02,,辑匡漂喊矫 辆肺备 面脚悼 **-*,PHMG120223000034047000107,3000000,"辑匡漂喊矫 辆肺备 啦邦肺 ***, *摸 *龋 (面脚悼)",03100,03,企诀,,,,
捞付飘24,,155580.839961715,443619.150975177,2026-04-26 22:32:07,I,13,康诀吝,2022-04-20 13:43:05,,2022-04-20,,牢玫堡开矫 吝备 款辑悼 ****-* 府摹酒畴 榜靛,PHMG120223490019047000090,3490000,"牢玫堡开矫 吝备 康辆措肺 ***, 府摹酒畴 榜靛 (款辑悼)",22361,01,康诀/沥惑,,,032-751-4733,
技老隔,2009-05-27,206566.922990026,456868.927829584,2026-04-26 22:32:03,I,03,企诀,2009-05-27 16:09:58,,2009-02-16,131-851,辑匡漂喊矫 吝尔备 宫*悼 ***锅瘤 **龋 *摸,PHMG120093060034047000009,3060000,,,03,企诀,,,,
3H牢玫埃籍悼季磐,,174365.051754668,439891.377009282,2026-04-26 22:33:52,I,15,傈免,2024-10-04 17:07:53,,2019-07-04,,牢玫堡开矫 巢悼备 埃籍悼 ***-* 悼剧胶器明季鸥,PHMG120233530019047000069,3530000,"牢玫堡开矫 巢悼备 籍魂肺 ***, 悼剧胶器明季鸥 *摸 傈搁谅螟龋 (埃籍悼)",21545,05,力寇/昏力/傈免,,,,490
歹荤尔汗瘤侩备季磐,,176446.313014258,438237.972245435,2026-04-26 22:33:51,I,13,康诀吝,2022-05-30 17:46:18,,2022-05-30,,牢玫堡开矫 巢悼备 父荐悼 **** 厘铰归捞呼爹,PHMG120223530019047000259,3530000,"牢玫堡开矫 巢悼备 厘铰肺 **, 厘铰归捞呼爹 ***龋 (父荐悼)",21594,01,康诀/沥惑,,,,
欧尼归拳痢 矫弊聪贸牢玫痢,,176569.325372416,433645.818652192,2026-04-26 22:33:54,I,13,康诀吝,2025-08-07 13:22:23,,2025-08-05,,牢玫堡开矫 巢悼备 稠泅悼 ***-**,PHMG120253530019047000100,3530000,牢玫堡开矫 巢悼备 器备肺 ** (稠泅悼),21669,01,康诀/沥惑,,,,
尼付飘,2016-10-25,206970.931160172,454293.539072489,2026-04-26 22:32:17,I,03,企诀,2016-10-27 09:02:52,,2016-04-07,,辑匡漂喊矫 吝尔备 搁格悼 ***锅瘤 *龋 ***龋,PHMG120163060034047000017,3060000,"辑匡漂喊矫 吝尔备 悼老肺 ***, ***龋 (搁格悼, **捍盔)",02130,03,企诀,,,,
(林)蹿磐捞浚萍,2009-12-10,197567.747824202,452347.973860449,2026-04-26 22:32:07,I,03,企诀,2009-12-11 09:28:12,,2009-01-29,110-070,辑匡漂喊矫 辆肺备 郴荐悼 **锅瘤,PHMG120093000034047000003,3000000,辑匡漂喊矫 辆肺备 货巩救肺*辨 ** (郴荐悼),,03,企诀,,,,
姐官捞坷 脚器,,167111.145680984,441143.051387509,2026-04-26 22:32:01,I,13,康诀吝,2020-01-31 18:13:03,,2020-01-31,,"牢玫堡开矫 吝备 版悼 ***锅瘤 **龋 扁刀背归拳痢,茄惫寇亲急背雀,桨墨其",PHMG120203490019047000005,3490000,"牢玫堡开矫 吝备 快泅肺 **, 扁刀背归拳痢,茄惫寇亲急背雀,桨墨其 (版悼)",22321,01,康诀/沥惑,,,032-765-2288,161.78
林侥雀荤 力捞俊胶骏酒捞 (JSMI Corp.),2024-09-03,196668.877563099,455055.264019484,2026-04-26 22:32:28,I,24,流鼻企诀,2024-09-03 16:51:12,,2022-02-14,,辑匡漂喊矫 辆肺备 何鞠悼 ***-* 鸥烙***坷乔胶炮 ***龋,PHMG120223000034047000053,3000000,"辑匡漂喊矫 辆肺备 磊窍巩肺 ***, 鸥烙***坷乔胶炮 ***龋 (何鞠悼)",03020,04,秒家/富家/父丰/沥瘤/吝瘤,,,02-394-2212,
版牢皋叼盔,,173205.567707384,440545.463342368,2026-04-26 22:33:53,I,13,康诀吝,2025-02-19 13:24:19,,2025-02-18,,牢玫堡开矫 巢悼备 埃籍悼 ***-** 促拳呼爹,PHMG120253530019047000026,3530000,"牢玫堡开矫 巢悼备 籍沥肺 ***, 促拳呼爹 *摸 老何(***龋)龋 (埃籍悼)",21503,01,康诀/沥惑,,,,9.9
轰萍钙胶,2010-05-25,,,2026-04-26 22:32:01,I,03,企诀,2010-05-25 17:36:28,,2004-11-29,110-070,辑匡漂喊矫 辆肺备 郴荐悼 **锅瘤 版锐泵狼 酒魔 坷乔胶炮*窜瘤 ****龋,PHMG120043000034047000031,3000000,,,03,企诀,,,02-6312-8034,
快府救,2011-12-30,172332.109703487,440689.737163724,2026-04-26 22:33:38,I,03,企诀,2011-12-30 10:24:58,,2010-04-20,405-810,牢玫堡开矫 巢悼备 埃籍*悼 ***锅瘤 *龋 裹剧A惑啊 ***龋,PHMG120103530019047000011,3530000,"牢玫堡开矫 巢悼备 籍沥肺***锅辨 **, ***龋 (埃籍悼, 裹剧A惑啊)",,03,企诀,,,070-8708-3408,
揪蜡(CU) 牢玫开季飘凡矫萍痢,,166019.150369699,441493.847213678,2026-04-26 22:32:07,I,13,康诀吝,2023-05-04 10:30:50,,2022-07-18,,牢玫堡开矫 吝备 急赴悼 **-* 牢玫开 内酒风 季飘凡矫萍,PHMG120223490019047000110,3490000,"牢玫堡开矫 吝备 牢吝肺 ***, 牢玫开 内酒风 季飘凡矫萍 ***~***龋 (急赴悼)",22313,01,康诀/沥惑,,,,
惑拳蜡烹,,200415.630082603,452059.625844484,2026-04-26 22:32:26,I,13,康诀吝,2020-04-02 17:03:49,,2020-04-02,,辑匡漂喊矫 辆肺备 辆肺*啊 ***锅瘤,PHMG120203000034047000025,3000000,"辑匡漂喊矫 辆肺备 辆肺 ***, *摸 (辆肺*啊)",03197,01,康诀/沥惑,,,02-2265-8862,
倔府家橇飘⑦,2011-10-25,206842.344163546,456352.321406841,2026-04-26 22:32:02,I,03,企诀,2012-03-15 14:03:25,,2008-12-19,131-849,辑匡漂喊矫 吝尔备 宫*悼 ***锅瘤 *龋 *摸,PHMG120083060034047000043,3060000,"辑匡漂喊矫 吝尔备 悼老肺 ***, *摸 (宫悼)",,03,企诀,,,0505-421-6994,
权敲矾胶(林)埃籍痢,,172419.743721009,440865.63488269,2026-04-26 22:33:37,I,13,康诀吝,2024-02-22 09:02:46,,2001-07-16,,牢玫堡开矫 巢悼备 埃籍悼 ***-* 权敲矾胶,PHMG120013530019047000004,3530000,"牢玫堡开矫 巢悼备 版盔措肺 ***, 权敲矾胶 老何龋 (埃籍悼)",21500,01,康诀/沥惑,,,,
措柳官捞坷林侥雀荤,2014-07-11,196092.743907822,456198.595931715,2026-04-26 22:32:07,I,03,企诀,2014-07-11 17:23:01,,2009-03-13,110-803,辑匡漂喊矫 辆肺备 备扁悼 ***锅瘤 *龋 夸柳坷乔胶炮 *摸*龋,PHMG120093000034047000013,3000000,"辑匡漂喊矫 辆肺备 柳蕊肺 *** (备扁悼,夸柳坷乔胶炮 *摸*龋)",,03,企诀,,,32163845,
技红老饭红 辑芒绒刚矫酒痢,,177096.115061488,435783.853698521,2026-04-26 22:33:51,I,13,康诀吝,2023-03-21 16:33:49,,2022-05-18,,牢玫堡开矫 巢悼备 辑芒悼 *** 俊内 俊厚春 惑啊,PHMG120223530019047000248,3530000,"牢玫堡开矫 巢悼备 辑芒巢鉴券肺 ***-***, 俊内 俊厚春 惑啊 惑啊悼 ***, ***龋 (辑芒悼)",21616,01,康诀/沥惑,,,,
窍唱皋叼漠,2005-01-03,207618.137221011,455580.897047172,2026-04-26 22:31:56,I,03,企诀,2009-07-22 10:07:11,,2001-05-16,131-862,辑匡漂喊矫 吝尔备 惑豪*悼 ***锅瘤 *龋,PHMG120013060034047000012,3060000,,,03,企诀,,,02-2247-6133,32.59
(林)内府酒技红 件牢没拌玫痢,2019-10-16,201701.813723277,452187.156634278,2026-04-26 22:32:16,I,03,企诀,2019-10-16 20:39:31,,2014-11-03,110-826,辑匡漂喊矫 辆肺备 件牢悼 ***锅瘤 *龋,PHMG120143000034047000053,3000000,"辑匡漂喊矫 辆肺备 没拌玫肺 ***, *摸 (件牢悼)",03117,03,企诀,,,02-2237-0947,
(林)内府酒技红 春脚郴快叼救痢,,209328.918216494,457210.837407128,2026-04-26 22:32:26,I,13,康诀吝,2026-01-13 16:49:22,,2021-05-04,,辑匡漂喊矫 吝尔备 脚郴悼 *** 脚郴快叼救*窜瘤,PHMG120213060034047000049,3060000,"辑匡漂喊矫 吝尔备 脚郴开肺*辨 **, 力***悼惑啊悼 力*摸 ***, ***龋 (脚郴悼, 脚郴快叼救*窜瘤)",02055,01,康诀/沥惑,,,,
揪力捞棵府宏康⑦辆肺3啊痢,2014-08-20,199105.908210714,451973.858791589,2026-04-26 22:32:02,I,03,企诀,2014-08-20 14:03:03,,2006-02-08,110-123,辑匡漂喊矫 辆肺备 辆肺*啊 ***锅瘤,PHMG120063000034047000007,3000000,"辑匡漂喊矫 辆肺备 辆肺 ***, *摸 (辆肺*啊)",,03,企诀,,,02-2264-5290,
GS25 荐价鸥况痢,2024-06-30,198260.063190604,452262.484573124,2026-04-26 22:32:32,I,03,企诀,2024-07-15 17:00:27,,2022-07-14,,辑匡漂喊矫 辆肺备 荐价悼 *** 堡拳巩G鸥况 *摸 ***龋,PHMG120223000034047000140,3000000,"辑匡漂喊矫 辆肺备 伙豪肺 **, 堡拳巩G鸥况 *摸 ***龋 (荐价悼)",03150,03,企诀,,,02-6281-3990,
揪力捞棵府宏康(林) 吝拳开痢,,206971.003480058,455523.908862658,2026-04-26 22:32:19,I,13,康诀吝,2023-02-15 15:59:13,,2017-04-18,,辑匡漂喊矫 吝尔备 吝拳悼 ***锅瘤 **龋 措脚呼爹*摸,PHMG120173060034047000021,3060000,"辑匡漂喊矫 吝尔备 悼老肺 *** (吝拳悼, 措脚呼爹)",02051,01,康诀/沥惑,,,02-2208-5290,
GS25 技辆付阑,2018-05-17,197130.443941936,453126.997783112,2026-04-26 22:32:19,I,03,企诀,2018-05-17 14:29:50,,2016-06-10,,辑匡漂喊矫 辆肺备 穿窍悼 **锅瘤 *龋,PHMG120163000034047000044,3000000,辑匡漂喊矫 辆肺备 苛牢辨 * (穿窍悼),03037,03,企诀,,,02-733-8213,
技红老饭红 牢玫埃籍痢,,174695.560663386,440154.103615245,2026-04-26 22:33:48,I,13,康诀吝,2024-04-08 16:57:56,,2021-05-07,,牢玫堡开矫 巢悼备 埃籍悼 **-*,PHMG120213530019047000075,3530000,"牢玫堡开矫 巢悼备 侩玫肺 ***, *摸 ***龋 (埃籍悼)",21546,01,康诀/沥惑,,,,508.07
啊柯皋叼漠,,174926.828475438,438629.090833226,2026-04-26 22:33:52,I,13,康诀吝,2023-05-08 09:42:50,,2018-03-08,,牢玫堡开矫 巢悼备 备岿悼 ****-**,PHMG120233530019047000075,3530000,"牢玫堡开矫 巢悼备 牢林措肺 ***, *摸 ***龋 (备岿悼)",21563,01,康诀/沥惑,,,,3.48
(LS)蜡烹,2022-12-19,176338.505186529,432735.724374289,2026-04-26 22:33:50,I,03,企诀,2022-12-19 16:22:00,,2022-03-23,,牢玫堡开矫 巢悼备 稠泅悼 ***-* 俊内皋飘肺**窜瘤茄拳厕俊弊赴酒颇飘,PHMG120223530019047000205,3530000,"牢玫堡开矫 巢悼备 稠绊俺肺 **, ****悼 ***龋 (稠泅悼, 俊内皋飘肺**窜瘤茄拳厕俊弊赴酒颇飘)",21676,03,企诀,,,,
(林)俊捞俊胶皋叼漠,,197595.161312175,452460.054621887,2026-04-26 22:32:26,I,13,康诀吝,2020-09-29 10:06:58,,2014-03-25,,辑匡漂喊矫 辆肺备 利急悼 *** 堡拳巩 敲贰萍逞 ***龋,PHMG120203000034047000077,3000000,"辑匡漂喊矫 辆肺备 货巩救肺*啊辨 **, 堡拳巩 敲贰萍逞 ***龋 老何 (利急悼)",03170,01,康诀/沥惑,,,02-735-2011,
瘤己辑盔焊没扁,2010-07-23,200067.053022051,452046.21859559,2026-04-26 22:32:00,I,03,企诀,2011-03-09 11:28:16,,2003-04-03,110-836,辑匡漂喊矫 辆肺备 辆肺*啊 ***锅瘤 *龋 *摸,PHMG120033000034047000007,3000000,"辑匡漂喊矫 辆肺备 辆肺 *** (辆肺*啊,*摸)",,03,企诀,,,02-764-3764,
(林)内府酒技红 牢玫备岿陛坷痢,2018-04-20,174481.809444246,438823.061399471,2026-04-26 22:33:44,I,03,企诀,2018-04-23 08:59:37,,2016-05-04,,,PHMG120163530019047000032,3530000,"牢玫堡开矫 巢悼备 侩玫肺**锅辨 **, *摸 (备岿悼, 陛龋鸥款)",21564,03,企诀,,,,49.5
轰萍胶配绢,,173460.547933106,438150.90706957,2026-04-26 22:33:45,I,13,康诀吝,2019-03-15 15:24:37,,2017-11-10,,牢玫堡开矫 巢悼备 备岿悼 ****锅瘤,PHMG120173530019047000073,3530000,"牢玫堡开矫 巢悼备 抗贱肺 ***, ***龋 (备岿悼)",21574,01,康诀/沥惑,,,,
胶付老,2015-12-30,200133.776191654,452108.291497711,2026-04-26 22:32:13,I,03,企诀,2015-12-30 16:49:31,,2012-01-05,110-835,辑匡漂喊矫 辆肺备 辆肺*啊 **锅瘤 瓤力呼爹  ***龋,PHMG120123000034047000002,3000000,"辑匡漂喊矫 辆肺备 辆肺 ***, ***龋 (辆肺*啊, 瓤力呼爹 )",03126,03,企诀,,,070-8840-0066,
付澜皋叼,,199393.103884262,451884.427018007,2026-04-26 22:32:27,I,13,康诀吝,2021-07-06 16:07:31,,2021-06-25,,辑匡漂喊矫 辆肺备 厘荤悼 *** ***龋,PHMG120213000034047000095,3000000,"辑匡漂喊矫 辆肺备 捣拳巩肺*辨 **, ***龋 (厘荤悼)",03193,01,康诀/沥惑,,,02-2267-1381,
MN秋胶纳绢,2017-06-01,207681.1842276,455748.848749807,2026-04-26 22:32:17,I,03,企诀,2017-06-01 11:15:11,,2016-03-03,,辑匡漂喊矫 吝尔备 惑豪悼 ***锅瘤 ***龋,PHMG120163060034047000011,3060000,"辑匡漂喊矫 吝尔备 豪拳魂肺 ***, ***龋 (惑豪悼, 脚郴抛农畴鸥款)",02048,03,企诀,,,,
辑辑匡丑蛆 窍唱肺付飘 荤流痢,2024-07-02,197181.393301659,452458.826651573,2026-04-26 22:32:27,I,03,企诀,2024-07-02 13:02:36,,2021-05-24,,辑匡漂喊矫 辆肺备 荤流悼 * 堡拳巩 浅覆胶其捞胶夯 瘤窍*摸 B***龋,PHMG120213000034047000082,3000000,"辑匡漂喊矫 辆肺备 荤流肺*辨 *, 瘤窍*摸 B***龋 (荤流悼, 堡拳巩 浅覆胶其捞胶夯)",03168,03,企诀,,,,
归矩侨胶矫胶袍,2016-07-08,206807.780396978,457112.38247663,2026-04-26 22:32:17,I,03,企诀,2016-07-08 17:20:31,,2016-04-28,,辑匡漂喊矫 吝尔备 宫悼 ***锅瘤 **龋 瘤窍*摸,PHMG120163060034047000024,3060000,"辑匡漂喊矫 吝尔备 吝尔开肺 ***, 瘤窍*摸 (宫悼)",02018,03,企诀,,,02-975-0471,
技扼联狼丰扁 吝拳瘤痢,2004-01-30,206788.048632489,455850.935638819,2026-04-26 22:31:56,I,03,企诀,2009-07-22 12:05:24,,2002-05-08,131-881,辑匡漂喊矫 吝尔备 吝拳*悼 ***锅瘤 *龋,PHMG120023060034047000021,3060000,,,03,企诀,,,,217.35
(林)酒己促捞家 驱拳痢,,199818.302331748,453436.303205144,2026-04-26 22:32:18,I,13,康诀吝,2023-05-25 09:59:18,,2015-05-26,110-522,辑匡漂喊矫 辆肺备 疙符*啊 ***锅瘤 *龋,PHMG120153000034047000036,3000000,辑匡漂喊矫 辆肺备 芒版泵肺 *** (疙符*啊),03074,01,康诀/沥惑,,,02-764-6016,
叼坷竣家叼坷,2021-02-16,208842.713556665,455205.504339797,2026-04-26 22:32:20,I,24,流鼻企诀,2021-02-16 15:12:51,,2017-08-31,,辑匡漂喊矫 吝尔备 噶快悼 ***锅瘤 **龋 ***龋,PHMG120173060034047000044,3060000,"辑匡漂喊矫 吝尔备 侩付魂肺***辨 *, *摸 **龋 (噶快悼, 酒抚呼爹)",02176,04,秒家/富家/父丰/沥瘤/吝瘤,,,070-8881-1045,
力捞俊胶惑荤,,208481.612667873,455496.980508789,2026-04-26 22:32:34,I,13,康诀吝,2024-12-26 10:48:46,,2019-02-20,,辑匡漂喊矫 吝尔备 脚郴悼 ***-* 措疙橇扼磊,PHMG120243060034047000072,3060000,"辑匡漂喊矫 吝尔备 豪拳魂肺**辨 ***, 措疙橇扼磊 瘤窍*摸 B***龋 (脚郴悼)",02071,01,康诀/沥惑,,,02-2273-3317,36.65
狼丰扁唱扼,2006-05-11,207041.158744446,453526.628934446,2026-04-26 22:31:57,I,03,企诀,2009-07-23 14:16:20,,2004-02-02,131-821,辑匡漂喊矫 吝尔备 搁格*悼 ***锅瘤 **龋,PHMG120043060034047000018,3060000,,,03,企诀,,,02-432-1440,24.9
捞付飘24 备岿努肺滚痢,,175524.09111114,438704.499860242,2026-04-26 22:33:48,I,13,康诀吝,2021-05-18 15:41:07,,2021-05-18,,牢玫堡开矫 巢悼备 备岿悼 ****-*,PHMG120213530019047000096,3530000,"牢玫堡开矫 巢悼备 龋备器肺***锅辨 **, *摸 傈眉龋 (备岿悼)",21536,01,康诀/沥惑,,,,132
揪蜡 备岿吝居痢,,173879.178277956,438587.807665918,2026-04-26 22:33:39,I,13,康诀吝,2014-11-04 16:30:23,,2014-11-04,405-827,牢玫堡开矫 巢悼备 备岿悼 ***锅瘤 **龋,PHMG120143530019047000092,3530000,牢玫堡开矫 巢悼备 巢悼措肺***锅辨 ** (备岿悼),21571,01,康诀/沥惑,,,,
康老狼丰扁惑荤,2017-11-09,199160.928868703,451981.453721531,2026-04-26 22:32:19,I,03,企诀,2017-11-09 15:26:05,,2016-02-12,,辑匡漂喊矫 辆肺备 辆肺*啊 ***锅瘤 *龋 *摸,PHMG120163000034047000013,3000000,"辑匡漂喊矫 辆肺备 辆肺 ***, *摸 (辆肺*啊)",03192,03,企诀,,,02-2272-7871,
恩讥,,206771.217305763,455221.989517331,2026-04-26 22:32:33,I,13,康诀吝,2024-04-22 16:36:17,,2024-04-17,,辑匡漂喊矫 吝尔备 吝拳悼 ***-* 怕瓷俊祭呼,PHMG120243060034047000027,3060000,"辑匡漂喊矫 吝尔备 悼老肺***辨 **, *摸 ***-**龋 (吝拳悼, 怕瓷俊祭呼)",02104,01,康诀/沥惑,,,,
揪蜡搁格夯悼痢,2016-12-27,208057.051467807,454377.747216682,2026-04-26 22:32:15,I,03,企诀,2016-12-27 16:40:41,,2014-11-12,131-817,辑匡漂喊矫 吝尔备 搁格悼 **锅瘤 *龋,PHMG120143060034047000103,3060000,辑匡漂喊矫 吝尔备 惑豪肺**唱辨 * (搁格悼),02159,03,企诀,,,02-432-2069,
厘荐睛朵,2010-06-25,208265.326328289,454863.784936596,2026-04-26 22:32:06,I,03,企诀,2010-06-29 09:01:04,,2010-02-25,131-809,辑匡漂喊矫 吝尔备 噶快夯悼 ***锅瘤 **龋,PHMG120103060034047000016,3060000,,,03,企诀,,,,
客捞锅,2014-07-30,207702.608098093,453563.525593799,2026-04-26 22:32:07,I,03,企诀,2014-07-30 11:17:28,,2010-07-06,131-818,辑匡漂喊矫 吝尔备 搁格夯悼 ***锅瘤 **龋 ***龋,PHMG120103060034047000043,3060000,辑匡漂喊矫 吝尔备 搁格肺**辨 * (搁格悼),,03,企诀,,,,
捞付飘24 档覆林傍痢,,175989.35,435019.335,2026-04-26 22:33:51,I,13,康诀吝,2022-05-19 09:04:13,,2022-05-18,,牢玫堡开矫 巢悼备 档覆悼 ***-*,PHMG120223530019047000250,3530000,"牢玫堡开矫 巢悼备 坷豪肺 **, *摸 (档覆悼)",21656,01,康诀/沥惑,,,,139.48
叼瘤判悼何橇扼磊,,174445.330468431,440399.484248105,2026-04-26 22:33:47,I,13,康诀吝,2020-10-15 10:03:25,,2020-10-12,,牢玫堡开矫 巢悼备 埃籍悼 ***-**,PHMG120203530019047000083,3530000,"牢玫堡开矫 巢悼备 归裹肺 ***, *摸 (埃籍悼)",21510,01,康诀/沥惑,,,,182.75
揪力捞棵府宏康(林)版汗泵开痢,,197469.719535242,452736.604532929,2026-04-26 22:32:34,I,13,康诀吝,2024-08-16 11:21:11,,2024-08-16,,,PHMG120243000034047000039,3000000,"辑匡漂喊矫 辆肺备 磊窍巩肺 *, *摸老何 棺 *摸 (眉何悼)",03041,01,康诀/沥惑,,,,
抗汲扁诀,2024-10-21,174240.921983519,438477.373807676,2026-04-26 22:33:52,I,03,企诀,2024-10-21 15:37:43,,2024-06-19,,牢玫堡开矫 巢悼备 备岿悼 *** 备岿埔歹酒颇飘,PHMG120243530019047000067,3530000,"牢玫堡开矫 巢悼备 牢林措肺***锅辨 **, *悼 ***龋 (备岿悼, 备岿埔歹酒颇飘)",21578,03,企诀,,,,77.84
GS25 吝尔悼盔,2022-03-11,207879.997106523,454278.532827764,2026-04-26 22:32:27,I,03,企诀,2022-03-11 16:35:26,,2022-02-14,,辑匡漂喊矫 吝尔备 搁格悼 **-** 烹付飘,PHMG120223060034047000064,3060000,"辑匡漂喊矫 吝尔备 搁格肺**辨 **, 烹付飘 *摸 (搁格悼)",02159,03,企诀,,,02-2207-8195,
技红老饭红 埃籍疙悼痢,,174349.407283964,440340.965175273,2026-04-26 22:33:52,I,13,康诀吝,2024-01-15 16:28:38,,2024-01-15,,牢玫堡开矫 巢悼备 埃籍悼 ***-**,PHMG120243530019047000009,3530000,"牢玫堡开矫 巢悼备 巢悼措肺***锅辨 **, *摸 (埃籍悼)",21544,01,康诀/沥惑,,,,105.99
悼牢玫瘤窍嘎捞辆钦祈狼痢,,167482.200356692,441386.55639063,2026-04-26 22:32:10,I,13,康诀吝,2025-04-16 10:03:34,,2023-08-23,,牢玫堡开矫 吝备 牢泅悼 *-*** 悼牢玫开荤 郴,PHMG120233490019047000037,3490000,"牢玫堡开矫 吝备 曼寇傈肺 ***-**, 悼牢玫开荤 郴 (牢泅悼)",22317,01,康诀/沥惑,,,,19.8
辆肺狼丰扁夯荤,,200259.754525539,452113.150872578,2026-04-26 22:31:59,I,13,康诀吝,2014-03-04 10:01:28,,2001-12-05,110-835,辑匡漂喊矫 辆肺备 辆肺*啊 **锅瘤 *龋 *摸 *龋,PHMG120013000034047000016,3000000,"辑匡漂喊矫 辆肺备 辆肺 ***-*, *摸 *龋 (辆肺*啊)",03126,01,康诀/沥惑,,,02-745-1123,
牢磐畴胶⑦,2006-03-23,207016.987646984,455942.865023529,2026-04-26 22:31:58,I,03,企诀,2009-07-24 14:33:20,,2005-11-01,131-850,辑匡漂喊矫 吝尔备 宫*悼 ***锅瘤 **龋 寇*鞘瘤 *摸,PHMG120053060034047000066,3060000,,,03,企诀,,,02-971-2782,
(林)魄盟荤尔,2019-02-20,176314.824299327,438261.709225293,2026-04-26 22:33:44,I,03,企诀,2019-02-22 10:52:47,,2016-10-17,,牢玫堡开矫 巢悼备 父荐悼 ****锅瘤 *龋,PHMG120163530019047000093,3530000,"牢玫堡开矫 巢悼备 家贰肺 ***, ***龋 (父荐悼)",21594,03,企诀,,,032-466-0344,247.01
捞尔官捞坷,,176559.861235792,433113.310207242,2026-04-26 22:33:47,I,15,傈免,2022-08-29 15:52:40,,2020-03-17,,牢玫堡开矫 巢悼备 稠泅悼 ***锅瘤 *龋 炼篮橇扼磊,PHMG120203530019047000018,3530000,"牢玫堡开矫 巢悼备 家贰开肺 **, 炼篮橇扼磊 *摸 ***龋 (稠泅悼)",21673,05,力寇/昏力/傈免,,,,141.78
林侥雀荤 快府扁拌魂诀,,173861.679883203,438762.785337398,2026-04-26 22:33:54,I,13,康诀吝,2025-11-19 14:00:22,,2025-06-11,,牢玫堡开矫 巢悼备 备岿悼 ****-* 措柳呼爹,PHMG120253530019047000072,3530000,"牢玫堡开矫 巢悼备 巢悼措肺***锅辨 **, 措柳呼爹 ***-*龋 (备岿悼)",21556,01,康诀/沥惑,,,,52.9
吩单酱欺 辆肺乞芒痢,2023-09-22,196896.329082976,455893.228194817,2026-04-26 22:32:29,I,03,企诀,2023-09-22 16:29:30,,2022-02-16,,辑匡漂喊矫 辆肺备 乞芒悼 ***-* *摸,PHMG120223000034047000060,3000000,"辑匡漂喊矫 辆肺备 乞芒巩拳肺 **, *摸 (乞芒悼)",03008,03,企诀,,,02-3217-9151,
纳捞俊胶 皋叼咆,,174741.731249206,432233.383225117,2026-04-26 22:33:52,I,13,康诀吝,2023-04-14 13:56:39,,2023-04-14,,牢玫堡开矫 巢悼备 绊儡悼 ***-*,PHMG120233530019047000060,3530000,"牢玫堡开矫 巢悼备 巨绊俺肺***锅辨 **, 力*悼 *摸 老何龋 (绊儡悼)",21677,01,康诀/沥惑,,,,33.06
(林)促柯扼捞橇,2017-08-08,175265.663946784,433241.797279469,2026-04-26 22:33:44,I,03,企诀,2017-08-08 16:46:05,,2016-06-14,,牢玫堡开矫 巢悼备 稠泅悼 ***锅瘤 *龋,PHMG120163530019047000046,3530000,"牢玫堡开矫 巢悼备 没瓷措肺 ***, ***龋 (稠泅悼, 稠泅皋叼拿季磐)",21653,03,企诀,,,,137.06
措钦己狼丰扁,2023-12-22,199297.760920817,451990.209151371,2026-04-26 22:32:25,I,03,企诀,2023-12-22 13:41:10,,2019-07-26,,辑匡漂喊矫 辆肺备 辆肺*啊 ***锅瘤 *龋,PHMG120193000034047000039,3000000,"辑匡漂喊矫 辆肺备 辆肺 ***, *摸 (辆肺*啊)",03193,03,企诀,,,02-2265-2050,
(林)蹿磐俊捞胶,2014-03-21,201946.86632604,452416.591916256,2026-04-26 22:32:15,I,03,企诀,2014-03-21 10:06:49,,2013-07-15,110-826,辑匡漂喊矫 辆肺备 件牢*悼 ****锅瘤  悼剧颇扼呼 ***龋,PHMG120133000034047000029,3000000,"辑匡漂喊矫 辆肺备 抄拌肺 ***, ***龋 (件牢悼, 悼剧颇扼呼)",,03,企诀,,,,
(林)皑玫辆钦包府,,174999.998803388,439885.829828047,2026-04-26 22:33:45,I,13,康诀吝,2018-10-01 17:58:45,,2018-09-28,,牢玫堡开矫 巢悼备 埃籍悼 ***锅瘤 **龋,PHMG120183530019047000059,3530000,"牢玫堡开矫 巢悼备 籍魂肺 ***, *摸 (埃籍悼)",21546,01,康诀/沥惑,,,,113.17
林侥雀荤 绒聪柯,,174048.349582588,440688.516360118,2026-04-26 22:33:53,I,13,康诀吝,2025-02-06 11:06:59,,2024-05-27,,牢玫堡开矫 巢悼备 埃籍悼 ***-* 贾府盲,PHMG120253530019047000022,3530000,"牢玫堡开矫 巢悼备 版牢肺***锅辨 *, ***龋老何龋 (埃籍悼, 贾府盲)",21508,01,康诀/沥惑,,,,
舅颇掸飘 版牢痢,,174283.403337237,441594.240639819,2026-04-26 22:33:44,I,13,康诀吝,2017-09-06 18:19:02,,2017-09-06,,,PHMG120173530019047000059,3530000,"牢玫堡开矫 巢悼备 版牢肺 ***, ***龋 (埃籍悼, 措剧呼爹)",21514,01,康诀/沥惑,,,,
茄碍扁裙,,159301.53756078,443541.094724065,2026-04-26 22:31:58,I,13,康诀吝,2014-09-28 11:33:39,,2012-03-26,400-811,牢玫堡开矫 吝备 款巢悼 ***锅瘤 *龋 *摸 ***龋,PHMG120123490019047000001,3490000,牢玫堡开矫 吝备 款吝肺 ** (款巢悼),22359,01,康诀/沥惑,,,,58
秦乔罚靛(惑豪权敲矾胶痢),2019-07-30,207923.745922676,455090.718335439,2026-04-26 22:32:18,I,03,企诀,2019-07-30 14:14:33,,2016-06-28,,辑匡漂喊矫 吝尔备 惑豪悼 ***锅瘤 瘤窍*摸,PHMG120163060034047000037,3060000,"辑匡漂喊矫 吝尔备 噶快肺 ***, 瘤窍*摸 (惑豪悼, 惑豪 橇饭固绢胶 骏内)",02087,03,企诀,,,,
林侥雀荤 俊宏府敲饭捞,2025-07-17,197458.838227559,451820.889548579,2026-04-26 22:32:33,I,03,企诀,2025-07-17 16:06:53,,2023-08-22,,辑匡漂喊矫 辆肺备 脚巩肺*啊 ***,PHMG120233000034047000044,3000000,"辑匡漂喊矫 辆肺备 货巩救肺*辨 **, 叼朴府胶 ***龋 (脚巩肺*啊)",03184,03,企诀,,,02-2271-8005,
犁捞茄,2023-12-19,208198.85960983,455525.574964606,2026-04-26 22:32:28,I,03,企诀,2023-12-19 15:35:39,,2022-02-15,,辑匡漂喊矫 吝尔备 惑豪悼 *** 悼何酒颇飘,PHMG120223060034047000070,3060000,"辑匡漂喊矫 吝尔备 脚郴肺*啊辨 **, ***悼 ***龋 (惑豪悼, 悼何酒颇飘)",02079,03,企诀,,,,
厚罢狼丰扁 吝拳权季鸥,2018-02-26,206732.127203473,455302.483236161,2026-04-26 22:32:11,I,03,企诀,2018-02-27 13:51:39,,2012-11-29,131-881,辑匡漂喊矫 吝尔备 吝拳悼 ***锅瘤 **龋 *摸,PHMG120123060034047000046,3060000,辑匡漂喊矫 吝尔备 悼老肺***辨 ** (吝拳悼),,03,企诀,,,02-432-8998,
揪蜡 稠泅啊魂矫萍痢,,175447.671414225,433057.818295796,2026-04-26 22:33:53,I,13,康诀吝,2024-08-23 16:54:25,,2024-08-23,,牢玫堡开矫 巢悼备 稠泅悼 ***-* 春啊魂矫萍,PHMG120243530019047000091,3530000,"牢玫堡开矫 巢悼备 巨绊俺肺***锅辨 **-*, 春啊魂矫萍 ***龋 (稠泅悼)",21679,01,康诀/沥惑,,,,43.89
侨胶,2025-12-29,174431.49712362,439194.306759719,2026-04-26 22:33:52,I,03,企诀,2025-12-29 13:41:01,,2024-07-05,,牢玫堡开矫 巢悼备 备岿悼 ** 鳃胶抛捞飘吩单某浇榜靛*窜瘤酒颇飘,PHMG120243530019047000073,3530000,"牢玫堡开矫 巢悼备 备岿肺 ***, ****悼 ****龋 (备岿悼, 鳃胶抛捞飘吩单某浇榜靛*窜瘤酒颇飘)",21561,03,企诀,,,,59.9
瘤俊胶25 备岿海胶飘痢,,173231.25197141,438825.671040758,2026-04-26 22:33:52,I,13,康诀吝,2023-04-25 14:00:54,,2023-04-25,,牢玫堡开矫 巢悼备 备岿悼 ****-**,PHMG120233530019047000073,3530000,"牢玫堡开矫 巢悼备 牢林措肺***锅辨 **, *摸 (备岿悼)",21559,01,康诀/沥惑,,,,138.58
急捞厚牢饶苞狼盔,2017-01-31,207923.745922676,455090.718335439,2026-04-26 22:32:18,I,03,企诀,2017-01-31 16:50:29,,2016-06-17,,辑匡漂喊矫 吝尔备 惑豪悼 ***锅瘤,PHMG120163060034047000034,3060000,"辑匡漂喊矫 吝尔备 噶快肺 ***, C悼 *摸 ***龋 (惑豪悼, 惑豪 橇饭固绢胶 骏内)",02087,03,企诀,,,02-6403-9898,
力捞咆,,199052.164234663,452535.569961658,2026-04-26 22:32:33,I,13,康诀吝,2022-12-12 16:32:27,,2022-12-12,,辑匡漂喊矫 辆肺备 劳急悼 ** 泅措哆饭厚居 ***龋,PHMG120223000034047000217,3000000,"辑匡漂喊矫 辆肺备 捣拳巩肺**啊辨 **, *摸 ***龋 (劳急悼, 泅措哆饭厚居)",03132,01,康诀/沥惑,,,,
溃葫唱扼,2011-03-10,208544.705138991,455068.255470259,2026-04-26 22:32:05,I,03,企诀,2011-04-11 11:13:50,,2009-12-28,131-809,辑匡漂喊矫 吝尔备 噶快夯悼 ***锅瘤 *龋 *摸,PHMG120093060034047000085,3060000,,,03,企诀,,,,
啊柯穿府,2015-07-09,173921.88342573,438730.206210437,2026-04-26 22:33:39,I,03,企诀,2015-07-09 15:50:39,,2013-04-09,405-835,牢玫堡开矫 巢悼备 备岿悼 ****锅瘤 *龋 俊胶颇胶呼爹 ***-*龋,PHMG120133530019047000012,3530000,"牢玫堡开矫 巢悼备 牢林措肺***锅辨 **, ***-*龋 (备岿悼, 俊胶颇呼爹)",,03,企诀,,,,57.42
乔快促 采 胶挪官叼,,175691.221680537,432960.613122686,2026-04-26 22:33:53,I,13,康诀吝,2024-12-06 13:23:23,,2024-12-05,,牢玫堡开矫 巢悼备 稠泅悼 ***-* 俊内鸥况,PHMG120243530019047000135,3530000,"牢玫堡开矫 巢悼备 稠绊俺肺 **, 俊内鸥况 *摸 ***龋 (稠泅悼)",21679,01,康诀/沥惑,,,,21.12
扁慧家侥傍牢吝俺荤,2024-12-20,207380.678793612,452919.903224572,2026-04-26 22:32:33,I,03,企诀,2025-01-16 12:38:53,,2024-02-07,,辑匡漂喊矫 吝尔备 搁格悼 ***-**,PHMG120243060034047000010,3060000,"辑匡漂喊矫 吝尔备 搁格肺**辨 **, *摸 (搁格悼)",02240,03,企诀,,,02-491-4604,
揪蜡悼措巩开痢,2016-08-10,200900.729782712,452107.733476585,2026-04-26 22:32:17,I,03,企诀,2016-08-10 18:05:27,,2014-12-11,110-842,辑匡漂喊矫 辆肺备 芒脚悼 ***锅瘤 **龋,PHMG120143000034047000117,3000000,辑匡漂喊矫 辆肺备 辆肺**辨 * (芒脚悼),03119,03,企诀,,,02-747-8508,
官抚 皋叼漠,,206771.217305763,455221.989517331,2026-04-26 22:32:35,I,13,康诀吝,2025-05-23 11:07:34,,2025-05-23,,辑匡漂喊矫 吝尔备 吝拳悼 ***-* 怕瓷俊祭呼,PHMG120253060034047000033,3060000,"辑匡漂喊矫 吝尔备 悼老肺***辨 **, *摸 ***-***龋 (吝拳悼, 怕瓷俊祭呼)",02104,01,康诀/沥惑,,,,
力捞叼纳捞,,148256.468827571,438517.524709687,2026-04-26 22:32:09,I,13,康诀吝,2023-01-04 10:03:47,,2023-01-04,,牢玫堡开矫 吝备 巢合悼 ***-**,PHMG120233490019047000003,3490000,牢玫堡开矫 吝备 巢合肺***锅辨 **-*(巢合悼),22384,01,康诀/沥惑,,,,99
焊盔厚俊匙哆,2011-11-24,208593.147130118,455933.187503247,2026-04-26 22:32:06,I,03,企诀,2011-11-24 16:23:41,,2010-05-13,131-868,辑匡漂喊矫 吝尔备 脚郴*悼 ***锅瘤 *龋 *摸,PHMG120103060034047000035,3060000,,,03,企诀,,,,
瘤俊胶(GS)25宫悼力老痢,2023-06-22,206751.143086862,455895.938640456,2026-04-26 22:32:27,I,03,企诀,2023-06-22 15:53:05,,2022-02-10,,辑匡漂喊矫 吝尔备 宫悼 ***-** 利鉴呼爹,PHMG120223060034047000037,3060000,"辑匡漂喊矫 吝尔备 悼老肺***辨 **, *摸 (宫悼)",02013,03,企诀,,,,
姐-官捞坷,,175274.975553721,439225.606584303,2026-04-26 22:33:39,I,13,康诀吝,2015-07-31 15:53:23,,2013-09-05,405-827,牢玫堡开矫 巢悼备 备岿悼 ****锅瘤 *摸,PHMG120133530019047000034,3530000,"牢玫堡开矫 巢悼备 备岿肺***锅辨 **, *摸 (备岿悼)",21534,01,康诀/沥惑,,,,191.17
矩纳捞岿靛 林侥雀荤,,207600.388472238,454208.161450534,2026-04-26 22:32:14,I,15,傈免,2017-02-07 14:32:58,,2014-08-04,131-816,辑匡漂喊矫 吝尔备 搁格悼 ***锅瘤 **龋,PHMG120143060034047000041,3060000,"辑匡漂喊矫 吝尔备 搁格肺 *** (搁格悼, *摸)",02146,05,力寇/昏力/傈免,,,,
揪蜡 辆肺何鞠痢,,196668.877563099,455055.264019484,2026-04-26 22:32:28,I,13,康诀吝,2022-02-10 11:36:22,,2022-02-09,,"辑匡漂喊矫 辆肺备 何鞠悼 ***-* *摸 ***-*龋, ***-*龋",PHMG120223000034047000034,3000000,"辑匡漂喊矫 辆肺备 磊窍巩肺 ***, *摸 ***-*龋, ***-*龋 (何鞠悼)",03020,01,康诀/沥惑,,,02-396-0077,
技红老饭红 牢玫父荐氢锰痢,2019-02-22,176032.607615202,439988.308937734,2026-04-26 22:33:44,I,03,企诀,2019-02-22 11:51:51,,2016-10-06,,牢玫堡开矫 巢悼备 父荐悼 ****锅瘤 *龋,PHMG120163530019047000091,3530000,"牢玫堡开矫 巢悼备 父荐辑肺 **, *摸 ***龋 (父荐悼, 氢锰 酒抚橇扼磊)",21520,03,企诀,,,,
悼锐惑荤,2013-10-21,198908.284831214,451897.998907337,2026-04-26 22:32:13,I,03,企诀,2013-10-21 14:16:25,,2011-06-16,110-111,辑匡漂喊矫 辆肺备 包枚悼 **锅瘤 *摸 (***龋),PHMG120113000034047000027,3000000,"辑匡漂喊矫 辆肺备 伙老措肺 ***-**, *摸 ***龋 (包枚悼)",,03,企诀,,,02-762-0796,
焊没扁芒绊,,173727.316026224,439218.000052084,2026-04-26 22:33:47,I,13,康诀吝,2020-03-31 13:18:02,,2020-03-30,,牢玫堡开矫 巢悼备 备岿悼 ****锅瘤 **龋 春季鸥呼爹,PHMG120203530019047000025,3530000,"牢玫堡开矫 巢悼备 沥阿肺 **, 春季鸥呼爹 *摸 *龋 (备岿悼)",21557,01,康诀/沥惑,,,,7
俊胶纳捞匙飘亏胶 林侥雀荤,2023-07-26,198795.525085201,451811.272474605,2026-04-26 22:32:28,I,03,企诀,2023-07-26 16:12:06,,2021-08-05,,辑匡漂喊矫 辆肺备 包枚悼 **-* 伙老呼爹 **摸,PHMG120213000034047000107,3000000,"辑匡漂喊矫 辆肺备 没拌玫肺 **, 伙老呼爹 **摸 (包枚悼)",03190,03,企诀,,,070-7800-4553,
(林)酒己促捞家 冈榜开痢,,206780.885508305,456383.390204672,2026-04-26 22:32:31,I,13,康诀吝,2023-06-02 14:31:49,,2022-09-13,,辑匡漂喊矫 吝尔备 宫悼 ***-*** 价老呼爹,PHMG120223060034047000193,3060000,"辑匡漂喊矫 吝尔备 悼老肺 ***, 价老呼爹 (宫悼)",02009,01,康诀/沥惑,,,,13.5
纳捞抛农,2016-07-12,173281.625855418,440532.541812148,2026-04-26 22:33:39,I,24,流鼻企诀,2016-07-12 09:45:10,,2014-02-28,405-810,牢玫堡开矫 巢悼备 埃籍悼 ***锅瘤 **龋 ***龋,PHMG120143530019047000012,3530000,"牢玫堡开矫 巢悼备 籍沥肺 ***, ***龋 (埃籍悼)",21504,04,秒家/富家/父丰/沥瘤/吝瘤,,,,33
惫刮扒碍包府盔,2015-11-16,201428.060307191,452388.604645302,2026-04-26 22:32:15,I,03,企诀,2015-11-17 09:20:10,,2013-12-31,110-863,辑匡漂喊矫 辆肺备 件牢悼 ***锅瘤 *摸,PHMG120133000034047000054,3000000,"辑匡漂喊矫 辆肺备 辆肺**辨 *, *摸 (件牢悼)",03113,03,企诀,,,02-745-3675,
萍酒捞骏 哪欺聪,2021-01-28,207067.912867054,456050.922057081,2026-04-26 22:32:23,I,03,企诀,2021-01-28 17:23:06,,2019-09-05,,辑匡漂喊矫 吝尔备 宫悼 ***锅瘤 *龋 滴魂鳃胶呼 *摸 ***龋,PHMG120193060034047000051,3060000,"辑匡漂喊矫 吝尔备 悼老肺***辨 **, *摸 ***龋 (宫悼, 滴魂鳃胶呼)",02046,03,企诀,,,,
揪蜡 备岿磊棵酒捞痢,2016-12-30,173308.861213956,438862.849257757,2026-04-26 22:33:44,I,03,企诀,2016-12-30 18:04:35,,2016-12-30,,牢玫堡开矫 巢悼备 备岿悼 ****锅瘤 *龋,PHMG120163530019047000061,3530000,"牢玫堡开矫 巢悼备 巩拳肺***锅辨 *-*, *摸 (备岿悼)",21559,03,企诀,,,070-8115-0102,69.3
(林)蜡刮,,207357.595177869,457462.766652935,2026-04-26 22:32:11,I,13,康诀吝,2015-04-29 13:43:40,,2012-09-27,131-846,辑匡漂喊矫 吝尔备 宫悼 *锅瘤 泅悼切寸 ***龋,PHMG120123060034047000040,3060000,"辑匡漂喊矫 吝尔备 脚郴肺**啊辨 *, ***龋 (宫悼, 泅悼切寸)",02021,01,康诀/沥惑,,,02-3762-2191,
陛芒俊胶萍,2014-07-30,200546.260116247,452524.456397068,2026-04-26 22:32:16,I,03,企诀,2014-07-30 16:53:14,,2014-07-22,110-844,辑匡漂喊矫 辆肺备 面脚悼 **锅瘤 **龋 *摸,PHMG120143000034047000033,3000000,"辑匡漂喊矫 辆肺备 啦邦肺**辨 **, *摸 (面脚悼)",,03,企诀,,,,
(林)内府酒技红 辆肺穿惑痢,2019-10-16,196956.504201164,453186.141879074,2026-04-26 22:32:19,I,03,企诀,2019-10-16 18:17:54,,2016-07-18,,辑匡漂喊矫 辆肺备 穿惑悼 **锅瘤,PHMG120163000034047000049,3000000,辑匡漂喊矫 辆肺备 苛牢*辨 *-* (穿惑悼),03038,03,企诀,,,,
GS25 辑芒8窜瘤痢,2024-10-10,177464.852538788,435905.019414596,2026-04-26 22:33:49,I,03,企诀,2024-10-10 14:00:39,,2022-02-11,,牢玫堡开矫 巢悼备 辑芒悼 *** 辑芒季飘扼胶酒颇飘,PHMG120223530019047000140,3530000,"牢玫堡开矫 巢悼备 辑芒巢鉴券肺 ***-*, 辑芒季飘扼胶酒颇飘 惑啊悼 ***龋 (辑芒悼)",21614,03,企诀,,,,33
捞浚匙飘况农,,160950.274334927,442847.452738572,2026-04-26 22:32:12,I,13,康诀吝,2024-09-27 13:53:32,,2024-09-24,,牢玫堡开矫 吝备 吝魂悼 ****-* 胶墨捞俊厚春*,PHMG120243490019047000042,3490000,"牢玫堡开矫 吝备 窍疵吝居肺***锅辨 **, 胶墨捞俊厚春* ***龋 (吝魂悼)",22402,01,康诀/沥惑,,,,
皋叼倾宏,,168049.411474796,440868.575939895,2026-04-26 22:32:02,I,13,康诀吝,2020-03-30 13:37:41,,2020-03-27,,牢玫堡开矫 吝备 档盔悼 **锅瘤 ***龋,PHMG120203490019047000010,3490000,牢玫堡开矫 吝备 档盔肺**锅辨 ** (档盔悼),22327,01,康诀/沥惑,,,,36.63
(林)厚瘤俊橇府抛老 T2牢玫傍亲3龋痢,,149829.251166424,440865.963248498,2026-04-26 22:32:12,I,13,康诀吝,2025-01-02 10:12:14,,2024-12-27,,牢玫堡开矫 吝备 款辑悼 ****,PHMG120243490019047000054,3490000,"牢玫堡开矫 吝备 力*磐固澄措肺 ***, 牢玫惫力傍亲力*咯按磐固澄 L/S *摸 悼祈 (款辑悼)",22382,01,康诀/沥惑,,,,
掸呕 坷捧(Dental O2),2012-04-09,200133.776191654,452108.291497711,2026-04-26 22:32:13,I,03,企诀,2012-04-09 17:35:28,,2011-09-15,110-835,辑匡漂喊矫 辆肺备 辆肺*啊 **锅瘤 瓤力呼爹  ***龋,PHMG120113000034047000043,3000000,"辑匡漂喊矫 辆肺备 辆肺 ***, ***龋 (辆肺*啊,瓤力呼爹)",,03,企诀,,,02-777-2838,
蹿磐 粮(蹿磐88),2025-06-25,175209.75746966,439080.55127599,2026-04-26 22:33:51,I,03,企诀,2025-06-25 15:15:40,,2023-01-12,,牢玫堡开矫 巢悼备 备岿悼 ****,PHMG120233530019047000013,3530000,"牢玫堡开矫 巢悼备 龋备器肺***锅辨 **, *摸 *龋 (备岿悼)",21534,03,企诀,,,,125
己柳狼丰扁惑荤,2009-11-05,,,2026-04-26 22:31:59,I,03,企诀,2009-11-11 08:35:42,,2002-03-05,110-852,辑匡漂喊矫 辆肺备 辆肺*啊 ***,PHMG120023000034047000005,3000000,,,03,企诀,,,02-2267-5285,
厚浚纳捞牢磐发记,,173924.930866396,438757.496726971,2026-04-26 22:33:45,I,13,康诀吝,2019-04-19 17:54:54,,2019-04-19,,牢玫堡开矫 巢悼备 备岿悼 ****锅瘤 *龋,PHMG120193530019047000022,3530000,"牢玫堡开矫 巢悼备 巢悼措肺***锅辨 **, 瘤矩捞明 ***龋 (备岿悼)",21556,01,康诀/沥惑,,,,48.9
瘤氢,2008-09-08,208048.227380514,454211.951807334,2026-04-26 22:31:59,I,24,流鼻企诀,2010-04-02 14:43:33,,2006-01-20,131-816,辑匡漂喊矫 吝尔备 搁格夯悼 ***锅瘤 **龋,PHMG120063060034047000029,3060000,,,04,秒家/富家/父丰/沥瘤/吝瘤,,,02-207-4450,
俊捞胶狼丰扁,2009-11-24,174475.297515597,440417.580870304,2026-04-26 22:33:38,I,03,企诀,2017-12-06 10:15:21,,2005-08-30,,牢玫堡开矫 巢悼备 埃籍悼 ***锅瘤 **龋,PHMG120053530019047000021,3530000,"牢玫堡开矫 巢悼备 版牢肺***锅辨 **, *摸 (埃籍悼)",21510,03,企诀,,,,
揪力捞棵府宏康⑦辆肺1啊痢,2011-02-10,,,2026-04-26 22:32:00,I,03,企诀,2011-02-10 18:17:20,,2004-02-18,110-121,辑匡漂喊矫 辆肺备 辆肺*啊 **-* *摸 老何,PHMG120043000034047000010,3000000,,,03,企诀,,,02-730-5501,
捞付飘24 稠泅绊儡痢,2023-02-20,174505.92809641,432093.694223762,2026-04-26 22:33:49,I,03,企诀,2023-02-21 17:14:35,,2022-02-14,,牢玫堡开矫 巢悼备 绊儡悼 ***-*,PHMG120223530019047000145,3530000,"牢玫堡开矫 巢悼备 稠泅绊儡肺 **, *摸 (绊儡悼)",21677,03,企诀,,,,60
GS25 牢窍措捍盔痢,2025-08-06,167541.919392776,439669.44625672,2026-04-26 22:32:07,I,03,企诀,2025-08-06 15:21:32,,2022-05-03,,牢玫堡开矫 吝备 脚蕊悼*啊 *-*** 牢窍措切捍盔 ***龋,PHMG120223490019047000094,3490000,"牢玫堡开矫 吝备 牢亲肺 **, 牢窍措切捍盔 瘤窍*摸 ***龋 (脚蕊悼*啊)",22332,03,企诀,,,,
吝备丑蛆窍唱肺付飘 夯痢,,158661.525403337,443437.485248555,2026-04-26 22:32:08,I,13,康诀吝,2023-04-13 15:21:09,,2023-04-11,,牢玫堡开矫 吝备 款巢悼 ****-* 吝备丑蛆辆钦没荤,PHMG120223490019047000126,3490000,"牢玫堡开矫 吝备 款巢肺 ***, 吝备丑蛆辆钦没荤 (款巢悼)",22372,01,康诀/沥惑,,,,
酒己皋叼漠,,174315.029892233,437840.089610858,2026-04-26 22:33:37,I,13,康诀吝,2024-06-04 17:25:46,,2004-10-26,,牢玫堡开矫 巢悼备 备岿悼 **** 歹喉风矫萍,PHMG120043530019047000006,3530000,"牢玫堡开矫 巢悼备 急荐锰傍盔肺 **, 歹喉风矫萍 ****龋 (备岿悼)",21583,01,康诀/沥惑,,,,22.32
客捞令剖,,177863.591228474,435622.561615145,2026-04-26 22:33:44,I,13,康诀吝,2016-12-26 10:22:53,,2015-09-16,,牢玫堡开矫 巢悼备 辑芒悼 ***锅瘤 *龋,PHMG120153530019047000094,3530000,"牢玫堡开矫 巢悼备 辑芒规魂肺 **, ***,***龋 (辑芒悼)",21617,01,康诀/沥惑,,,070-8180-0922,79.2
唱府付南,,173069.301211413,439453.039046859,2026-04-26 22:33:54,I,13,康诀吝,2025-07-02 16:30:37,,2025-07-02,,牢玫堡开矫 巢悼备 埃籍悼 ***-** 池辑胶呼,PHMG120253530019047000086,3530000,"牢玫堡开矫 巢悼备 备岿肺**锅辨 *, ***龋 (埃籍悼, 池辑胶呼)",21553,01,康诀/沥惑,,,,50.4
厚矩力捞皋叼漠,2014-08-29,176533.985015893,438341.641936655,2026-04-26 22:33:38,I,24,流鼻企诀,2014-09-03 14:33:44,,2008-07-07,405-240,"牢玫堡开矫 巢悼备 父荐悼 ****锅瘤 *悼 ***, ***龋",PHMG120083530019047000014,3530000,"牢玫堡开矫 巢悼备 牢林措肺***锅辨 **, *悼 ***,***龋 (父荐悼)",,04,秒家/富家/父丰/沥瘤/吝瘤,,,,
林侥雀荤 海技春,,197595.161312175,452460.054621887,2026-04-26 22:32:35,I,13,康诀吝,2024-11-28 13:47:33,,2024-11-28,,辑匡漂喊矫 辆肺备 利急悼 *** 堡拳巩 敲贰萍逞,PHMG120243000034047000059,3000000,"辑匡漂喊矫 辆肺备 货巩救肺*啊辨 **, 堡拳巩 敲贰萍逞 ****-*龋龋 (利急悼)",03170,01,康诀/沥惑,,,02-6217-7770,
固矾促乏皋叼墨,2012-02-27,208286.354828598,453614.085882652,2026-04-26 22:31:56,I,03,企诀,2012-04-27 13:08:58,,2000-02-16,131-812,辑匡漂喊矫 吝尔备 搁格*.*悼 **锅瘤 *龋 瘤摸,PHMG120003060034047000001,3060000,"辑匡漂喊矫 吝尔备 侩付魂肺 ***, 瘤摸 (搁格悼)",,03,企诀,,,02-433-4514,16.78
皋叼颇况咙,,175457.249689901,433279.105185572,2026-04-26 22:33:54,I,13,康诀吝,2025-05-30 14:44:20,,2025-05-30,,牢玫堡开矫 巢悼备 稠泅悼 ***-* 堡己橇扼磊,PHMG120253530019047000070,3530000,"牢玫堡开矫 巢悼备 没瓷措肺 ***, 堡己橇扼磊 ***-***龋 (稠泅悼)",21653,01,康诀/沥惑,,,,3.3
客捞厚纳捞,,200199.528812856,451980.604036907,2026-04-26 22:32:26,I,13,康诀吝,2020-07-31 14:09:49,,2015-11-09,,辑匡漂喊矫 辆肺备 辆肺*啊 ***-* 没坷啊规档概惑啊 ***龋,PHMG120203000034047000065,3000000,"辑匡漂喊矫 辆肺备 没拌玫肺 ***, 没坷啊规档概惑啊 ***龋 (辆肺*啊)",03196,01,康诀/沥惑,,,02-2285-4878,
(林)货芬泅措,2014-02-18,201350.473375538,452279.7442603,2026-04-26 22:32:11,I,24,流鼻企诀,2014-02-18 17:20:06,,2011-05-04,110-880,辑匡漂喊矫 辆肺备 件牢*悼 ***锅瘤 措快叼坷呼 ***龋,PHMG120113000034047000019,3000000,"辑匡漂喊矫 辆肺备 辆肺 ***, ***龋 (件牢悼,措快叼坷呼)",,04,秒家/富家/父丰/沥瘤/吝瘤,,,070-7018-3736,
健靛覆,,172241.604355654,440509.473334223,2026-04-26 22:33:48,I,15,傈免,2021-05-04 13:36:03,,2021-03-19,,牢玫堡开矫 巢悼备 埃籍悼 ***-**,PHMG120213530019047000028,3530000,"牢玫堡开矫 巢悼备 籍沥肺 ***, *摸 傈眉龋 (埃籍悼)",21501,05,力寇/昏力/傈免,,,,140
(林)货疵哪欺聪,,173682.5846642,438956.92036084,2026-04-26 22:33:49,I,13,康诀吝,2022-02-18 10:28:39,,2022-02-17,,牢玫堡开矫 巢悼备 备岿悼 ****-*,PHMG120223530019047000160,3530000,"牢玫堡开矫 巢悼备 抗贱肺***锅辨 **, *摸 (备岿悼)",21558,01,康诀/沥惑,,,,176.16
榜馆荤尔狼丰扁 搁格瘤痢,2007-01-19,,,2026-04-26 22:31:58,I,03,企诀,2009-07-24 13:35:33,,2005-04-21,131-827,辑匡漂喊矫 吝尔备 搁格*悼 ***锅瘤 **龋,PHMG120053060034047000038,3060000,,,03,企诀,,,02-432-1090,
⑦犁快,2014-08-29,173682.199738564,434874.946412677,2026-04-26 22:33:37,I,24,流鼻企诀,2014-09-03 14:36:08,,2001-02-15,,巢锰悼***-*,PHMG120013530019047000001,3530000,牢玫堡开矫 巢悼备 窃冠羹肺***锅辨 ** (巢锰悼),,04,秒家/富家/父丰/沥瘤/吝瘤,,,,
揪蜡 辆肺 青锰,2016-12-29,196568.13907383,452528.320868817,2026-04-26 22:32:19,I,03,企诀,2016-12-29 17:15:14,,2016-04-28,,辑匡漂喊矫 辆肺备 青锰悼 ***锅瘤 ***龋 *摸,PHMG120163000034047000034,3000000,"辑匡漂喊矫 辆肺备 烹老肺**辨 **, *摸 (青锰悼)",03026,03,企诀,,,,
⑦萍歹喉蜡仟靛,2008-11-25,197145.918502571,453068.116131714,2026-04-26 22:32:04,I,03,企诀,2013-02-08 15:00:41,,2007-05-22,110-805,辑匡漂喊矫 辆肺备 穿窍悼 ** 怕乞呼爹 *摸,PHMG120073000034047000014,3000000,"辑匡漂喊矫 辆肺备 鞘款措肺 **, *摸 (穿窍悼, 怕乞呼爹)",,03,企诀,,,02-733-0400,
扼扼讥,2026-01-15,177891.523936599,436380.174020671,2026-04-26 22:33:48,I,03,企诀,2026-01-15 15:43:16,,2021-07-08,,牢玫堡开矫 巢悼备 辑芒悼 ***-*,PHMG120213530019047000107,3530000,"牢玫堡开矫 巢悼备 辑芒巢鉴券肺 **, *摸 ***龋 (辑芒悼)",21610,03,企诀,,,,75
(林)内府酒技红 牢玫备岿俊捞胶痢,,173016.916024027,439293.994711678,2026-04-26 22:33:53,I,13,康诀吝,2024-09-04 16:08:38,,2024-09-04,,牢玫堡开矫 巢悼备 备岿悼 ****-**,PHMG120243530019047000106,3530000,"牢玫堡开矫 巢悼备 备岿巢肺**锅辨 **, *摸 (备岿悼)",21553,01,康诀/沥惑,,,,69.61
捞浚酒捞瘤 林侥雀荤,,156874.109093659,446977.812993176,2026-04-26 22:31:59,I,13,康诀吝,2020-07-08 10:42:14,,2015-10-01,,牢玫堡开矫 吝备 款合悼 ***锅瘤 **龋,PHMG120153490019047000011,3490000,牢玫堡开矫 吝备 磊楷措肺 ***-** (款合悼),22356,01,康诀/沥惑,,,,264
怕拳牢磐郴寂澄,,207993.102347978,454724.942487215,2026-04-26 22:32:24,I,13,康诀吝,2019-10-11 09:16:27,,2019-10-10,,辑匡漂喊矫 吝尔备 惑豪悼 **锅瘤 **龋 *摸,PHMG120193060034047000057,3060000,"辑匡漂喊矫 吝尔备 惑豪肺**辨 **, *摸 (惑豪悼)",02152,01,康诀/沥惑,,,,
林侥雀荤 叼圈腐目赣胶,,199785.078777879,452316.31850293,2026-04-26 22:32:36,I,13,康诀吝,2025-11-25 13:44:49,,2024-01-29,,辑匡漂喊矫 辆肺备 牢狼悼 **-* 辆肺敲饭捞胶,PHMG120253000034047000061,3000000,"辑匡漂喊矫 辆肺备 芒版泵肺 ***, 辆肺敲饭捞胶 **摸 (牢狼悼)",03130,01,康诀/沥惑,,,070-8680-2090,
揪蜡 绊儡季磐痢,2026-01-16,174594.854260763,431734.124529987,2026-04-26 22:33:53,I,03,企诀,2026-01-16 11:50:28,,2024-11-26,,牢玫堡开矫 巢悼备 绊儡悼 ***-*,PHMG120243530019047000133,3530000,"牢玫堡开矫 巢悼备 稠泅绊儡肺**锅辨 **-*, *摸 (绊儡悼)",21682,03,企诀,,,,72.7
惫力焊没扁,,200133.776191654,452108.291497711,2026-04-26 22:32:11,I,13,康诀吝,2014-05-12 10:22:06,,2011-04-06,110-835,辑匡漂喊矫 辆肺备 辆肺*啊 **锅瘤,PHMG120113000034047000014,3000000,辑匡漂喊矫 辆肺备 辆肺 *** (辆肺*啊),03126,01,康诀/沥惑,,,02-765-9940,
付捞府葫权,,174543.558762764,440248.072993363,2026-04-26 22:33:48,I,13,康诀吝,2021-10-28 10:42:02,,2021-10-28,,牢玫堡开矫 巢悼备 埃籍悼 ***-**,PHMG120213530019047000142,3530000,"牢玫堡开矫 巢悼备 侩玫肺***锅辨 **, ****龋 (埃籍悼)",21544,01,康诀/沥惑,,,,74.45
捞付飘24 悼牢玫开痢,2023-04-20,167252.2044415,441464.921988185,2026-04-26 22:32:07,I,03,企诀,2023-05-09 15:24:26,,2023-04-19,,"牢玫堡开矫 吝备 牢泅悼 **-** 救版冠荤,海胶挪扼后胶,捧芥敲饭捞胶",PHMG120223490019047000073,3490000,"牢玫堡开矫 吝备 快泅肺**锅辨 *, 救版冠荤,海胶挪扼后胶,捧芥敲饭捞胶 *摸 (牢泅悼)",22316,03,企诀,,,,
扒碍林凯秦刀抛扼乔,2020-03-26,174067.720514073,439046.059152117,2026-04-26 22:33:44,I,03,企诀,2020-03-26 17:35:25,,2016-07-29,,牢玫堡开矫 巢悼备 备岿悼 ****锅瘤 **龋,PHMG120163530019047000063,3530000,"牢玫堡开矫 巢悼备 备岿巢肺 ***, 瘤窍*摸 *龋 (备岿悼, 配己橇扼磊)",21555,03,企诀,,,,53.55
穿府汗瘤侩备,,175310.175531985,439897.264369726,2026-04-26 22:33:39,I,13,康诀吝,2013-08-16 10:34:09,,2013-08-14,405-815,牢玫堡开矫 巢悼备 埃籍*悼 ***锅瘤 *龋 寇 *鞘瘤 *摸老何,PHMG120133530019047000031,3530000,"牢玫堡开矫 巢悼备 归裹肺 ***, *摸 (埃籍悼)",21518,01,康诀/沥惑,,,,40
林侥雀荤 榜电刮目孤聪纳捞记,,198204.837322667,452293.432531176,2026-04-26 22:32:19,I,13,康诀吝,2016-03-07 17:49:49,,2016-03-07,,辑匡漂喊矫 辆肺备 荐价悼 **锅瘤 *龋 **,PHMG120163000034047000016,3000000,"辑匡漂喊矫 辆肺备 辆肺*辨 **, **摸 (荐价悼, 籍藕雀包呼爹)",03151,01,康诀/沥惑,,,02-723-9115,
揪蜡 盔巢荤芭府痢,2016-12-30,199750.932694302,452592.759611754,2026-04-26 22:32:17,I,03,企诀,2016-12-30 15:25:00,,2014-11-14,110-450,辑匡漂喊矫 辆肺备 盔巢悼 **锅瘤 *龋,PHMG120143000034047000097,3000000,"辑匡漂喊矫 辆肺备 啦邦肺 ***, *摸 (盔巢悼)",03127,03,企诀,,,02-741-3955,
贾风记胶鸥,2013-02-04,174015.369035893,440408.860595044,2026-04-26 22:33:38,I,03,企诀,2013-02-04 14:43:51,,2011-07-18,405-807,牢玫堡开矫 巢悼备 埃籍*悼 ***锅瘤 *龋 府歹胶鸥况 B-****,PHMG120113530019047000034,3530000,"牢玫堡开矫 巢悼备 版牢肺***锅辨 **, ***龋 (埃籍悼, 茄柳惑啊)",,03,企诀,,,,
脚己狼丰扁,,199377.669055349,451982.41963839,2026-04-26 22:31:57,I,13,康诀吝,2013-04-09 15:30:29,,1987-06-02,110-123,辑匡漂喊矫 辆肺备 辆肺*啊 ***锅瘤   ***龋,PHMG119873000034047000003,3000000,"辑匡漂喊矫 辆肺备 辆肺 ***-*, ***龋 (辆肺*啊)",03193,01,康诀/沥惑,,,02-2279-7878,
(林)瘤浚俊胶牢磐郴寂朝,2016-12-02,207870.869743101,453178.839844934,2026-04-26 22:32:16,I,24,流鼻企诀,2016-12-30 13:58:06,,2015-06-02,131-202,辑匡漂喊矫 吝尔备 搁格悼 ***锅瘤 *龋 酒恩敲矾胶府葫 ***龋,PHMG120153060034047000052,3060000,"辑匡漂喊矫 吝尔备 搁格肺**辨 **, ***龋 (搁格悼, 酒恩敲矾胶府葫)",02214,04,秒家/富家/父丰/沥瘤/吝瘤,,,,
瘤俊胶25 康辆LH痢,,155698.622099165,442601.006527907,2026-04-26 22:32:10,I,13,康诀吝,2023-04-24 13:58:51,,2023-04-21,,牢玫堡开矫 吝备 款辑悼 ****-* 康辆*窜瘤郡俊捞摹,PHMG120233490019047000022,3490000,"牢玫堡开矫 吝备 康辆措肺***锅辨 **, ***龋 (款辑悼, 康辆*窜瘤郡俊捞摹)",22376,01,康诀/沥惑,,,,67.05
俊捞喉 洒绢傅 纳绢,,175626.74097574,432953.288400717,2026-04-26 22:33:51,I,13,康诀吝,2022-09-23 13:19:33,,2022-09-21,,牢玫堡开矫 巢悼备 稠泅悼 ***-* 配宏 鸥况,PHMG120223530019047000384,3530000,"牢玫堡开矫 巢悼备 巨绊俺肺***锅辨 **, 配宏 鸥况 *摸 ***龋 (稠泅悼)",21679,01,康诀/沥惑,,,,63.92
YJ牢犁俺惯盔,,154784.100784415,443622.018032475,2026-04-26 22:32:06,I,15,傈免,2022-05-30 16:39:16,,2022-02-22,,牢玫堡开矫 吝备 款辑悼 ****-* 脚傍亲橇扼磊 ***龋,PHMG120223490019047000071,3490000,"牢玫堡开矫 吝备 脚档矫巢肺***锅辨 *, 脚傍亲橇扼磊 ***龋 (款辑悼)",22371,05,力寇/昏力/傈免,,,,
捞啊蜡shop,2025-03-21,208843.284021493,455142.365600537,2026-04-26 22:32:32,I,03,企诀,2025-03-21 16:06:38,,2023-01-12,,辑匡漂喊矫 吝尔备 噶快悼 ***-*,PHMG120233060034047000009,3060000,"辑匡漂喊矫 吝尔备 噶快肺**辨 **, *摸 (噶快悼)",02176,03,企诀,,,,
敲矾胶掸呕,2006-11-01,207990.479257211,457183.637796144,2026-04-26 22:31:59,I,03,企诀,2009-07-24 14:55:05,,2006-07-06,131-872,辑匡漂喊矫 吝尔备 脚郴*悼 ***锅瘤 叼酒哆岸矾府 ***龋,PHMG120063060034047000041,3060000,,,03,企诀,,,,
揪力捞棵府宏康(林) 措切肺痢,,199799.124330486,453417.15594061,2026-04-26 22:32:32,I,13,康诀吝,2023-02-10 17:55:23,,2022-08-19,,辑匡漂喊矫 辆肺备 疙符*啊 *** *~*摸,PHMG120223000034047000172,3000000,"辑匡漂喊矫 辆肺备 芒版泵肺 ***, *~*摸 (疙符*啊)",03073,01,康诀/沥惑,,,02-3673-4746,
辑楷皋叼纳绢,,174926.828475438,438629.090833226,2026-04-26 22:33:53,I,13,康诀吝,2025-06-27 10:08:47,,2025-03-26,,牢玫堡开矫 巢悼备 备岿悼 ****-**,PHMG120253530019047000038,3530000,"牢玫堡开矫 巢悼备 牢林措肺 ***, *摸 *摸老何(***龋)龋 (备岿悼)",21563,01,康诀/沥惑,,,,60
捞付飘24 巩堡林蜡家痢,,173755.360128448,440626.789931005,2026-04-26 22:33:49,I,13,康诀吝,2023-02-02 17:39:01,,2022-02-28,,牢玫堡开矫 巢悼备 埃籍悼 ***-* 巩堡林蜡家 *摸老何龋,PHMG120223530019047000182,3530000,"牢玫堡开矫 巢悼备 归裹肺 ***, 巩堡林蜡家 *摸老何龋 (埃籍悼)",21507,01,康诀/沥惑,,,,54.46
秦何抚,,174182.035064896,440571.159683403,2026-04-26 22:33:48,I,13,康诀吝,2022-02-04 13:41:05,,2022-02-04,,牢玫堡开矫 巢悼备 埃籍悼 ***-**,PHMG120223530019047000029,3530000,"牢玫堡开矫 巢悼备 归裹肺 ***, *** 吝 老何(*)龋 (埃籍悼)",21510,01,康诀/沥惑,,,,132
(林)俊胶客捞俊胶府抛老 念矩欧 角农肺靛痢,2018-05-16,200342.282272788,452556.296390572,2026-04-26 22:32:19,I,03,企诀,2018-05-16 17:04:33,,2016-02-01,,辑匡漂喊矫 辆肺备 面脚悼 **锅瘤 抗老呼爹 *摸,PHMG120163000034047000012,3000000,"辑匡漂喊矫 辆肺备 啦邦肺 ***, *摸 (面脚悼, 抗老呼爹)",03123,03,企诀,,,02-745-8880,
皋叼峭,2020-03-31,198630.79627088,452035.412646906,2026-04-26 22:32:20,I,03,企诀,2020-03-31 15:24:30,,2017-01-25,,辑匡漂喊矫 辆肺备 辆肺*啊 *锅瘤,PHMG120173000034047000009,3000000,"辑匡漂喊矫 辆肺备 辆肺 **, *悼 ***-*龋 (辆肺*啊, YMCA)",03164,03,企诀,,,,
局掂牢内府酒,2016-01-26,201850.462764525,452407.508781009,2026-04-26 22:32:14,I,03,企诀,2016-01-26 16:24:05,,2012-06-12,110-825,辑匡漂喊矫 辆肺备 件牢*悼 ***锅瘤 **龋 拌疙呼爹 ***龋,PHMG120123000034047000031,3000000,"辑匡漂喊矫 辆肺备 辆肺**辨 **, ***龋 (件牢悼, 拌疙呼爹)",03115,03,企诀,,,02-2254-2222,
坷乔胶池胶 牢玫巢悼痢,,172948.687312647,433827.505894972,2026-04-26 22:33:48,I,13,康诀吝,2021-07-30 17:25:06,,2021-07-30,,牢玫堡开矫 巢悼备 绊儡悼 ***-*,PHMG120213530019047000116,3530000,"牢玫堡开矫 巢悼备 没瓷措肺***锅辨 **, *摸 坷乔胶池胶 牢玫巢悼痢龋 (绊儡悼)",21633,01,康诀/沥惑,,,032-421-7890,299.52
GS25 父荐瓤己痢,,175482.25022301,439450.978332956,2026-04-26 22:33:49,I,13,康诀吝,2022-02-13 15:15:48,,2022-02-13,,牢玫堡开矫 巢悼备 父荐悼 ***-*,PHMG120223530019047000131,3530000,"牢玫堡开矫 巢悼备 备岿富肺**锅辨 **, *摸 老何龋 (父荐悼)",21542,01,康诀/沥惑,,,,
揪蜡 埃籍浅覆痢,,173267.369856964,440123.323412929,2026-04-26 22:33:51,I,13,康诀吝,2022-07-20 08:52:34,,2022-07-15,,牢玫堡开矫 巢悼备 埃籍悼 ***-* 脚厚橇扼磊,PHMG120223530019047000277,3530000,"牢玫堡开矫 巢悼备 林救肺 ***, 脚厚橇扼磊 ***,***龋 (埃籍悼)",21505,01,康诀/沥惑,,,,58
辆肺狼丰扁(版悼痢),,167333.89283919,441156.254028783,2026-04-26 22:31:57,I,13,康诀吝,2014-11-28 17:48:29,,2008-08-11,400-160,牢玫堡开矫 吝备 版悼 ***锅瘤 *摸,PHMG120083490019047000004,3490000,牢玫堡开矫 吝备 俺亲肺 **-* (版悼),22318,01,康诀/沥惑,,,032-764-8282,86.45
力老救傈惑荤,,175641.195,438578.155,2026-04-26 22:33:45,I,13,康诀吝,2018-12-19 17:50:30,,2018-12-19,,牢玫堡开矫 巢悼备 备岿悼 ****锅瘤 *龋 柳蕊呼爹,PHMG120183530019047000074,3530000,"牢玫堡开矫 巢悼备 牢林措肺 ***, 柳蕊呼爹 ***龋 (备岿悼)",21537,01,康诀/沥惑,,,,12
e棵胶夯,2013-12-04,176790.412571038,437930.07318778,2026-04-26 22:33:39,I,03,企诀,2013-12-04 13:34:12,,2013-03-29,405-868,牢玫堡开矫 巢悼备 父荐*悼 ****锅瘤 *龋 肺锯橇扼磊 ***龋,PHMG120133530019047000009,3530000,"牢玫堡开矫 巢悼备 淬规肺 **, ***龋 (父荐悼, 肺锯橇扼磊)",,03,企诀,,,032-612-0979,89.89
驱篮皋叼漠,2011-04-15,209313.095099176,455395.101009893,2026-04-26 22:31:57,I,03,企诀,2011-04-15 10:48:33,,2004-01-06,131-802,辑匡漂喊矫 吝尔备 噶快夯悼 ***锅瘤 **龋 己鞠呼爹 A悼 *摸,PHMG120043060034047000001,3060000,,,03,企诀,,,02-2207-8272,10.5
剖胶内 林侥雀荤,2026-01-15,175265.663946784,433241.797279469,2026-04-26 22:33:49,I,03,企诀,2026-01-15 14:39:09,,2022-02-22,,牢玫堡开矫 巢悼备 稠泅悼 ***-* 稠泅皋叼拿季磐 ***-*龋,PHMG120223530019047000175,3530000,"牢玫堡开矫 巢悼备 没瓷措肺 ***, 稠泅皋叼拿季磐 *摸 ***-*龋 (稠泅悼)",21653,03,企诀,,,,2
脚快皋叼漠 公丰眉氰角,2012-06-15,175587.051495918,439847.526690782,2026-04-26 22:33:38,I,03,企诀,2012-06-15 15:00:42,,2011-08-03,405-860,牢玫堡开矫 巢悼备 父荐*悼 ***锅瘤 *龋 (归裹肺***) *摸,PHMG120113530019047000042,3530000,"牢玫堡开矫 巢悼备 归裹肺 ***, *摸 (父荐悼)",,03,企诀,,,,
(林)郡府坷聪,2024-04-25,175655.953583793,439269.136181855,2026-04-26 22:33:44,I,03,企诀,2024-04-25 17:14:17,,2015-12-14,,牢玫堡开矫 巢悼备 父荐悼 ***锅瘤 *龋 *摸,PHMG120153530019047000119,3530000,"牢玫堡开矫 巢悼备 备岿肺 ***, *摸 (父荐悼, 陛康呼爹)",21535,03,企诀,,,,75
秦刀季磐,2013-01-25,154836.38210326,443753.940736083,2026-04-26 22:31:58,I,03,企诀,2013-01-28 16:56:19,,2011-06-16,400-340,牢玫堡开矫 吝备 款辑悼 ****锅瘤 *龋 脚己窍快胶呼 ***-*龋,PHMG120113490019047000004,3490000,"牢玫堡开矫 吝备 康辆措肺 *** (款辑悼,脚己窍快胶呼 ***-*龋)",,03,企诀,,,,94.64
胶酿纳绢(固福荤捞攫胶),,198932.276728603,452387.300555801,2026-04-26 22:32:28,I,13,康诀吝,2021-10-22 13:37:50,,2021-10-22,,辑匡漂喊矫 辆肺备 倡盔悼 **-* *摸,PHMG120213000034047000118,3000000,"辑匡漂喊矫 辆肺备 伙老措肺**辨 **, *摸 (倡盔悼)",03133,01,康诀/沥惑,,,02-743-0983,
GS25没柳鸥况8痢,2025-07-23,198213.955223154,452045.296742706,2026-04-26 22:32:29,I,03,企诀,2025-07-23 15:57:06,,2022-03-02,,辑匡漂喊矫 辆肺备 没柳悼 *** Tower * ***龋,PHMG120223000034047000075,3000000,"辑匡漂喊矫 辆肺备 辆肺*辨 *, Tower * *摸 ***龋 (没柳悼)",03157,03,企诀,,,,
捞呈皋叼内府酒,,176559.861235792,433113.310207242,2026-04-26 22:33:47,I,15,傈免,2024-03-06 16:51:02,,2019-12-16,,牢玫堡开矫 巢悼备 稠泅悼 ***锅瘤 *龋 炼篮橇扼磊,PHMG120193530019047000072,3530000,"牢玫堡开矫 巢悼备 家贰开肺 **, 炼篮橇扼磊 *摸 ***-*龋 (稠泅悼)",21673,05,力寇/昏力/傈免,,,,
皋叼器溃葫,,177863.591228474,435622.561615145,2026-04-26 22:33:48,I,13,康诀吝,2022-11-11 15:09:51,,2020-06-03,,牢玫堡开矫 巢悼备 辑芒悼 ***-* 辑芒厚怜橇扼磊,PHMG120213530019047000039,3530000,"牢玫堡开矫 巢悼备 辑芒规魂肺 **, 辑芒厚怜橇扼磊 *摸 ***龋 (辑芒悼)",21617,01,康诀/沥惑,,,,98.12
快林弥历隔,,174363.239322021,438303.935446646,2026-04-26 22:33:48,I,15,傈免,2023-08-14 13:01:47,,2021-07-30,,牢玫堡开矫 巢悼备 备岿悼 **** 备岿酒矫酒靛急荐锰*窜瘤,PHMG120213530019047000115,3530000,"牢玫堡开矫 巢悼备 急荐锰傍盔肺 **, 备岿酒矫酒靛急荐锰*窜瘤 ***悼 **摸 ****龋 (备岿悼, 备岿酒矫酒靛急荐锰*窜瘤)",21581,05,力寇/昏力/傈免,,,,59.57
皋叼漠罚靛,2013-12-31,206577.115101994,454272.716857296,2026-04-26 22:31:58,I,03,企诀,2014-01-23 13:28:08,,2006-05-11,131-824,辑匡漂喊矫 吝尔备 搁格*悼 ***锅瘤 ***龋 *摸,PHMG120063060034047000011,3060000,"辑匡漂喊矫 吝尔备 悼老肺***辨 **, *摸 (搁格悼)",,03,企诀,,,02-433-0370,
叼舅蜡聪柯,2014-08-29,174058.826938743,440460.402868995,2026-04-26 22:33:38,I,24,流鼻企诀,2014-09-03 14:20:50,,2009-11-09,405-807,牢玫堡开矫 巢悼备 埃籍*悼 ***锅瘤 *龋 府歹胶鸥况呼爹 A悼 ***龋,PHMG120093530019047000031,3530000,"牢玫堡开矫 巢悼备 巢悼措肺 ***, A悼 ***龋 (埃籍悼, 府歹胶鸥况)",,04,秒家/富家/父丰/沥瘤/吝瘤,,,,
胶况目 内府酒,2019-10-15,173362.65740295,439003.711819457,2026-04-26 22:33:45,I,03,企诀,2019-10-15 17:28:52,,2018-11-20,,牢玫堡开矫 巢悼备 备岿悼 ****锅瘤 **龋,PHMG120183530019047000068,3530000,"牢玫堡开矫 巢悼备 巩拳肺 ***, *,*摸 (备岿悼)",21559,03,企诀,,,1670-8911,328
GS25 春款辑橇扼烙痢,,155269.966399098,443281.593387074,2026-04-26 22:32:05,I,13,康诀吝,2023-04-24 18:16:06,,2023-04-21,,牢玫堡开矫 吝备 款辑悼 ****-* 皋捞弃坷乔胶炮,PHMG120223490019047000020,3490000,"牢玫堡开矫 吝备 康辆措肺***锅辨 **, 皋捞弃坷乔胶炮 *摸 ***,***龋 (款辑悼)",22376,01,康诀/沥惑,,,,
茄脚皋叼漠辑匡康诀家,2013-04-18,,,2026-04-26 22:32:00,I,03,企诀,2013-04-18 16:05:42,,2003-07-31,110-102,辑匡漂喊矫 辆肺备 乞悼 **锅瘤 **龋 *摸,PHMG120033000034047000013,3000000,"辑匡漂喊矫 辆肺备 版背厘*辨 * (乞悼,*摸)",,03,企诀,,,02-2277-8675,
扼颇扼捞橇,2015-03-13,167172.463306728,441645.447834036,2026-04-26 22:31:59,I,03,企诀,2015-04-06 15:20:03,,2014-12-29,,,PHMG120143490019047000032,3490000,"牢玫堡开矫 吝备 全抗巩肺 **, *摸 (牢泅悼)",,03,企诀,,,,990
吩单碱俏(林)酚胶辆肺痢,2017-06-29,198683.848370092,451822.996762578,2026-04-26 22:32:19,I,03,企诀,2017-06-29 17:04:26,,2016-04-22,,辑匡漂喊矫 辆肺备 包枚悼 **锅瘤 **龋 *摸,PHMG120163000034047000031,3000000,"辑匡漂喊矫 辆肺备 没拌玫肺 **, *摸 (包枚悼)",03190,03,企诀,,,02-737-3740,
HS臂肺府,,208207.283339525,453271.519781233,2026-04-26 22:32:26,I,13,康诀吝,2021-05-13 14:37:03,,2021-05-11,,辑匡漂喊矫 吝尔备 搁格悼 ***-** 悼巢呼爹,PHMG120213060034047000071,3060000,"辑匡漂喊矫 吝尔备 侩付魂肺 ***, 悼巢呼爹 *摸 ***龋 (搁格悼)",02195,01,康诀/沥惑,,,,
(林)悼拳搁技痢,,197836.22031212,451932.36673738,2026-04-26 22:32:19,I,13,康诀吝,2023-06-23 11:31:55,,2016-05-27,,辑匡漂喊矫 辆肺备 技辆肺 ***锅瘤,PHMG120163000034047000040,3000000,"辑匡漂喊矫 辆肺备 技辆措肺 *** (技辆肺, 堡拳巩呼爹)",03186,01,康诀/沥惑,,,02-399-3311,
力捞客捞哪欺聪,2021-01-12,201273.887781838,452163.292543039,2026-04-26 22:32:19,I,03,企诀,2021-01-12 09:27:42,,2015-11-17,,辑匡漂喊矫 辆肺备 芒脚悼 ***锅瘤 **龋 ***龋,PHMG120153000034047000081,3000000,"辑匡漂喊矫 辆肺备 瘤豪肺 **, ***龋 (芒脚悼, 伙快咆胶橇扼磊)",03121,03,企诀,,,02-2161-8859,
官叼糙,,174363.239322021,438303.935446646,2026-04-26 22:33:48,I,13,康诀吝,2022-01-19 09:13:36,,2022-01-18,,牢玫堡开矫 巢悼备 备岿悼 **** 备岿酒矫酒靛急荐锰*窜瘤,PHMG120223530019047000009,3530000,"牢玫堡开矫 巢悼备 急荐锰傍盔肺 **, ***悼 ****龋 (备岿悼, 备岿酒矫酒靛急荐锰*窜瘤)",21581,01,康诀/沥惑,,,,59.99
春罚靛舅肺俊 吝尔瘤荤,2020-12-10,207024.072457716,452449.038404575,2026-04-26 22:32:13,I,03,企诀,2020-12-16 17:10:03,,2013-10-22,131-835,辑匡漂喊矫 吝尔备 搁格*悼 ***锅瘤 *龋,PHMG120133060034047000062,3060000,"辑匡漂喊矫 吝尔备 悼老肺 ***, *摸 (搁格悼)",,03,企诀,,,02-434-8300,
官伎皋叼漠,,196377.526734114,456007.528701216,2026-04-26 22:32:24,I,13,康诀吝,2023-07-13 09:19:46,,2018-04-06,,辑匡漂喊矫 辆肺备 备扁悼 ** 没荐厘咯包,PHMG120183000034047000012,3000000,"辑匡漂喊矫 辆肺备 柳蕊肺 ***, 没荐厘咯包 瘤窍*摸 (备扁悼)",03013,01,康诀/沥惑,,,,
刨皋靛,2009-05-01,,,2026-04-26 22:32:05,I,03,企诀,2009-05-06 09:25:45,,2008-01-15,110-054,辑匡漂喊矫 辆肺备 荤流悼 *** B**龋,PHMG120083000034047000003,3000000,,,03,企诀,,,02-744-1034,
(林)内府酒技红 牢玫备岿巩拳肺痢,2019-10-16,173216.533655241,438913.701145395,2026-04-26 22:33:44,I,03,企诀,2019-10-18 11:02:06,,2016-06-10,,牢玫堡开矫 巢悼备 备岿悼 ****锅瘤 *龋,PHMG120163530019047000045,3530000,"牢玫堡开矫 巢悼备 牢林措肺***锅辨 **, *摸 (备岿悼)",21559,03,企诀,,,032-421-1163,49.5
措技皋叼咆,2006-11-01,208292.573821476,454837.474083583,2026-04-26 22:31:58,I,03,企诀,2009-07-24 13:55:03,,2005-08-02,131-230,辑匡漂喊矫 吝尔备 噶快悼 ***锅瘤 啊具结聪呼 ***龋,PHMG120053060034047000048,3060000,,,03,企诀,,,02-2208-7117,
己盔魂诀救傈林侥雀荤,,165976.368815418,438429.194280787,2026-04-26 22:32:07,I,13,康诀吝,2024-10-18 17:51:59,,2022-06-21,,牢玫堡开矫 吝备 亲悼*啊 **-**,PHMG120223490019047000104,3490000,牢玫堡开矫 吝备 绵亲措肺***锅辨 ** (亲悼*啊),22337,01,康诀/沥惑,,,,
GS25 牢玫备岿痢,2016-01-20,173531.877886023,438053.223476239,2026-04-26 22:33:43,I,03,企诀,2016-01-20 17:18:52,,2014-11-06,405-841,牢玫堡开矫 巢悼备 备岿悼 ****锅瘤 *龋 ***龋,PHMG120143530019047000115,3530000,"牢玫堡开矫 巢悼备 牢窍肺 ***-**, ***龋 (备岿悼)",21574,03,企诀,,,070-8246-8594,
乏付南,,199308.29369553,451967.461705339,2026-04-26 22:32:32,I,13,康诀吝,2022-08-29 11:35:49,,2022-08-25,,辑匡漂喊矫 辆肺备 厘荤悼 **,PHMG120223000034047000179,3000000,"辑匡漂喊矫 辆肺备 捣拳巩肺*辨 **, *摸 (厘荤悼)",03193,01,康诀/沥惑,,,02-2274-4818,
货辨狼丰扁,,174169.067539966,438974.350322758,2026-04-26 22:33:37,I,13,康诀吝,2011-12-26 10:04:13,,1994-05-06,,备岿悼 ****-* ***龋,PHMG119943530019047000001,3530000,牢玫堡开矫 巢悼备 刀痢肺**锅辨 ** (备岿悼),21565,01,康诀/沥惑,,,,
胶墨捞掸呕 碍合瘤痢,2011-08-10,207940.629334254,453510.273359422,2026-04-26 22:32:04,I,24,流鼻企诀,2011-08-23 11:20:09,,2009-09-15,131-813,辑匡漂喊矫 吝尔备 搁格*.*悼 ***锅瘤 **龋 *摸,PHMG120093060034047000052,3060000,,,04,秒家/富家/父丰/沥瘤/吝瘤,,,,
(林)家府救 辑匡悼何瘤荤,2020-07-01,207584.918186344,454966.74366658,2026-04-26 22:32:20,I,03,企诀,2020-07-01 13:23:53,,2018-03-06,,辑匡漂喊矫 吝尔备 惑豪悼 ***锅瘤 *龋 瘤窍*摸 ***龋,PHMG120183060034047000006,3060000,"辑匡漂喊矫 吝尔备 噶快肺 ***, 瘤窍*摸 ***龋 (惑豪悼)",02098,03,企诀,,,02-2207-1151,
柳,2022-10-27,199102.655178754,452371.818042258,2026-04-26 22:32:26,I,03,企诀,2022-10-28 11:25:03,,2020-09-15,,辑匡漂喊矫 辆肺备 劳急悼 ***-* *摸,PHMG120203000034047000072,3000000,"辑匡漂喊矫 辆肺备 捣拳巩肺**唱辨 **, *摸 (劳急悼)",03133,03,企诀,,,,
林侥雀荤 墨款磐浚,,198594.308614563,452255.899868234,2026-04-26 22:32:34,I,13,康诀吝,2024-07-23 10:24:42,,2024-07-22,,辑匡漂喊矫 辆肺备 包绕悼 ***-* 全劳呼爹,PHMG120243000034047000033,3000000,"辑匡漂喊矫 辆肺备 牢荤悼*辨 **, 全劳呼爹 *摸 (包绕悼)",03149,01,康诀/沥惑,,,070-8677-2091,
GS25 父荐炼悼痢,2023-09-05,176926.19492956,439794.310787873,2026-04-26 22:33:51,I,03,企诀,2023-09-05 17:14:44,,2022-12-22,,牢玫堡开矫 巢悼备 父荐悼 **,PHMG120223530019047000432,3530000,"牢玫堡开矫 巢悼备 归裹肺***锅辨 ***, *摸 *龋 (父荐悼)",21527,03,企诀,,,,48
CU 埃籍茄脚歹绒痢,,172332.109703487,440689.737163724,2026-04-26 22:33:51,I,13,康诀吝,2022-07-21 09:18:49,,2022-07-15,,牢玫堡开矫 巢悼备 埃籍悼 ***-* 埃籍茄脚歹绒,PHMG120223530019047000314,3530000,"牢玫堡开矫 巢悼备 籍沥肺***锅辨 **, 惑啊悼 ***龋 (埃籍悼, 埃籍茄脚歹绒)",21501,01,康诀/沥惑,,,,49.02
力捞矩揪 皋靛 林侥雀荤,,178114.801447676,438877.988116079,2026-04-26 22:33:47,I,13,康诀吝,2021-01-07 09:38:53,,2020-12-03,,牢玫堡开矫 巢悼备 厘荐悼 ***-**,PHMG120203530019047000101,3530000,"牢玫堡开矫 巢悼备 厘磊合肺 **, *摸 *龋 A龋 (厘荐悼)",21532,01,康诀/沥惑,,,,33.3
茄惫惑荤,2022-09-28,199536.64045494,451949.642980295,2026-04-26 22:32:02,I,03,企诀,2022-10-17 07:52:35,,2006-01-18,110-834,辑匡漂喊矫 辆肺备 抗瘤悼 **锅瘤,PHMG120063000034047000005,3000000,"辑匡漂喊矫 辆肺备 辆肺**辨 **, *摸 (抗瘤悼)",03194,03,企诀,,,02-2273-7039,
辑匡溃葫,2006-12-04,208457.63482395,454711.971078633,2026-04-26 22:31:58,I,03,企诀,2009-07-24 14:36:10,,2005-11-30,131-807,辑匡漂喊矫 吝尔备 噶快*悼 ***锅瘤 **龋 *摸,PHMG120053060034047000068,3060000,,,03,企诀,,,02-432-4288,
CU埃籍呼府瘤痢,2022-10-31,174492.157071171,440049.234197156,2026-04-26 22:33:51,I,03,企诀,2022-10-25 18:02:26,,2022-07-20,,牢玫堡开矫 巢悼备 埃籍悼 ***-*,PHMG120223530019047000291,3530000,"牢玫堡开矫 巢悼备 籍锰肺**锅辨 **, *摸 老何龋 (埃籍悼)",21545,03,企诀,,,,66
⑦伙沥狼丰扁,,200123.437670579,453357.294678965,2026-04-26 22:32:05,I,13,康诀吝,2026-03-17 11:15:17,,2008-03-04,110-809,辑匡漂喊矫 辆肺备 悼件悼 *锅瘤 **龋 *摸,PHMG120083000034047000005,3000000,"辑匡漂喊矫 辆肺备 措切肺**辨 *, *摸 (悼件悼)",03086,01,康诀/沥惑,,,02-747-3444,
力捞浚贾风记,,172332.109703487,440689.737163724,2026-04-26 22:33:53,I,13,康诀吝,2025-02-02 10:59:27,,2025-02-02,,牢玫堡开矫 巢悼备 埃籍悼 ***-* 埃籍茄脚歹绒,PHMG120253530019047000020,3530000,"牢玫堡开矫 巢悼备 籍沥肺***锅辨 **, ***悼 ***龋 (埃籍悼, 埃籍茄脚歹绒)",21501,01,康诀/沥惑,,,,84
蜡刮惑荤,,199824.095974723,452984.360451452,2026-04-26 22:32:13,I,13,康诀吝,2014-03-04 09:58:33,,2011-07-21,110-744,辑匡漂喊矫 辆肺备 楷扒悼 **锅瘤 辑匡措切背捍盔 寇贰鞠季磐 *摸,PHMG120113000034047000033,3000000,辑匡漂喊矫 辆肺备 措切肺 *** (楷扒悼),03080,01,康诀/沥惑,,,02-766-9580,
快瓢,2024-09-03,208231.356512091,456138.417214882,2026-04-26 22:32:32,I,03,企诀,2024-09-04 09:00:41,,2022-12-23,,辑匡漂喊矫 吝尔备 脚郴悼 *** 脚郴措疙酒颇飘,PHMG120223060034047000232,3060000,"辑匡漂喊矫 吝尔备 豪拳魂肺 ***, 脚郴措疙酒颇飘 ****悼 ****龋 (脚郴悼)",02043,03,企诀,,,,
骏瘤魂诀,,177735.329296732,436318.16935072,2026-04-26 22:33:51,I,13,康诀吝,2024-02-28 15:10:58,,2023-01-30,,牢玫堡开矫 巢悼备 辑芒悼 *** 辑芒季飘凡仟福瘤坷,PHMG120233530019047000031,3530000,"牢玫堡开矫 巢悼备 辑芒巢鉴券肺 **, ***悼 ***龋 (辑芒悼, 辑芒季飘凡仟福瘤坷)",21613,01,康诀/沥惑,,,,
CU 辑芒酒其府柯痢,,177692.445011698,435885.502080795,2026-04-26 22:33:51,I,13,康诀吝,2022-07-20 08:54:04,,2022-07-15,,牢玫堡开矫 巢悼备 辑芒悼 ***-* 酒其府柯,PHMG120223530019047000278,3530000,"牢玫堡开矫 巢悼备 辑芒巢鉴券肺 ***, 酒其府柯 A悼 ***龋 (辑芒悼)",21614,01,康诀/沥惑,,,,46.35
喉发矩喉风,2024-12-09,175978.705139192,435127.025484136,2026-04-26 22:33:51,I,03,企诀,2024-12-10 15:15:09,,2023-02-07,,牢玫堡开矫 巢悼备 档覆悼 ***-* 档覆林傍弊赴呼*窜瘤酒颇飘,PHMG120233530019047000036,3530000,"牢玫堡开矫 巢悼备 坷豪肺 **, ***悼 ****龋 (档覆悼, 档覆林傍弊赴呼*窜瘤酒颇飘)",21656,03,企诀,,,070-4571-7443,84.8
酒飘皋叼,,199052.164234663,452535.569961658,2026-04-26 22:32:34,I,13,康诀吝,2025-07-31 15:04:22,,2024-01-15,,辑匡漂喊矫 辆肺备 劳急悼 ** 泅措哆饭厚居,PHMG120243000034047000003,3000000,"辑匡漂喊矫 辆肺备 捣拳巩肺**啊辨 **, 力***龋 (劳急悼, 泅措哆饭厚居)",03132,01,康诀/沥惑,,,,21.73
曼粮狼丰扁,2007-10-24,207626.396160624,452987.583171569,2026-04-26 22:32:00,I,03,企诀,2009-07-27 09:29:20,,2007-08-20,131-828,辑匡漂喊矫 吝尔备 搁格*悼 ***锅瘤 **龋 *摸,PHMG120073060034047000033,3060000,,,03,企诀,,,02-494-0663,
(林)瘤俊胶府抛老 GS荐欺 辆肺备扁痢,,196278.554670262,456053.759563793,2026-04-26 22:32:27,I,13,康诀吝,2025-04-09 09:26:02,,2021-05-03,,辑匡漂喊矫 辆肺备 备扁悼 ** *摸,PHMG120213000034047000036,3000000,"辑匡漂喊矫 辆肺备 柳蕊肺 ***, *摸 (备扁悼)",03012,01,康诀/沥惑,,,02-396-1003,
宏复隆,,196706.680987261,452193.912992304,2026-04-26 22:32:28,I,13,康诀吝,2021-11-30 19:51:32,,2021-11-29,,辑匡漂喊矫 辆肺备 青锰悼 *** 版锐泵磊捞 *窜瘤 ***悼 ***龋,PHMG120213000034047000132,3000000,"辑匡漂喊矫 辆肺备 价岿辨 ***, ***悼 ***龋 (青锰悼, 版锐泵磊捞 *窜瘤)",03166,01,康诀/沥惑,,,,
厚罢狼丰扁 荤啊沥季磐,2021-12-08,207518.303074017,453042.673964201,2026-04-26 22:32:24,I,03,企诀,2021-12-08 16:21:43,,2019-11-15,,辑匡漂喊矫 吝尔备 搁格悼 ***锅瘤 *龋 *摸,PHMG120193060034047000062,3060000,"辑匡漂喊矫 吝尔备 荤啊沥肺**辨 **, *摸 (搁格悼)",02237,03,企诀,,,,
(林)内府酒技红 搁格痢,,207605.319631481,454476.402983363,2026-04-26 22:32:25,I,13,康诀吝,2024-02-08 09:39:27,,2021-05-04,,辑匡漂喊矫 吝尔备 搁格悼 **-** 茄己呼爹,PHMG120213060034047000035,3060000,"辑匡漂喊矫 吝尔备 搁格肺 ***, 茄己呼爹 (搁格悼)",02155,01,康诀/沥惑,,,,
伙拳狼瘤焊炼扁,,199914.279926224,452647.248260502,2026-04-26 22:32:10,I,13,康诀吝,2025-06-10 11:58:33,,2010-12-13,110-460,辑匡漂喊矫 辆肺备 楷扒悼 ***锅瘤 沥盔呼爹 *摸,PHMG120103000034047000051,3000000,"辑匡漂喊矫 辆肺备 啦邦肺 *** (楷扒悼,沥盔呼爹 *摸)",,01,康诀/沥惑,,,,
脚脚狼丰扁,2009-08-19,208544.705138991,455068.255470259,2026-04-26 22:32:03,I,03,企诀,2009-08-19 11:46:16,,2009-02-20,131-809,辑匡漂喊矫 吝尔备 噶快夯悼 ***锅瘤 *龋 *摸,PHMG120093060034047000011,3060000,,,03,企诀,,,,
唱捧府胶,2024-12-31,174325.457146305,439672.231031271,2026-04-26 22:33:52,I,03,企诀,2024-12-31 09:36:09,,2023-09-26,,牢玫堡开矫 巢悼备 埃籍悼 ***-* 埃籍贰固救磊捞酒颇飘,PHMG120243530019047000019,3530000,"牢玫堡开矫 巢悼备 巢悼措肺 ***, ***悼 ****龋 (埃籍悼, 埃籍贰固救磊捞酒颇飘)",21548,03,企诀,,,,143.22
窍捞盔,2021-03-24,174140.268609578,440289.543903957,2026-04-26 22:33:44,I,03,企诀,2021-06-08 09:50:41,,2016-01-06,,,PHMG120163530019047000114,3530000,"牢玫堡开矫 巢悼备 巢悼措肺***锅辨 *, *摸 (埃籍悼)",21544,03,企诀,,,,
固聪胶砰 父荐弊赴痢,2019-09-20,175871.395279472,439135.599318279,2026-04-26 22:33:43,I,03,企诀,2019-09-20 14:44:40,,2014-11-12,405-864,牢玫堡开矫 巢悼备 父荐悼 ***锅瘤 **龋,PHMG120143530019047000124,3530000,"牢玫堡开矫 巢悼备 备岿肺***锅辨 **, ***,***龋 (父荐悼)",21535,03,企诀,,,,
酒捞赴,2023-05-10,206974.095837709,454601.381554597,2026-04-26 22:32:27,I,03,企诀,2023-05-12 15:38:59,,2021-11-29,,辑匡漂喊矫 吝尔备 惑豪悼 ***-** SGTOWER,PHMG120213060034047000133,3060000,"辑匡漂喊矫 吝尔备 悼老肺 ***, *摸 ***-*, A***龋 (惑豪悼, SGTOWER)",02122,03,企诀,,,,3.3
扒碍刘柳楷备盔,2017-04-04,199509.962000656,451888.555001545,2026-04-26 22:32:20,I,03,企诀,2017-04-04 11:56:25,,2016-09-22,,,PHMG120163000034047000065,3000000,"辑匡漂喊矫 辆肺备 没拌玫肺 ***, 啊悼 *摸 唱凯***龋 (厘荤悼, 技款惑啊)",03194,03,企诀,,,02-2268-1835,
厚厚家厚磊 蛆悼炼钦,,198150.300374121,452019.212642931,2026-04-26 22:32:26,I,13,康诀吝,2020-05-22 16:40:06,,2020-05-22,,辑匡漂喊矫 辆肺备 辆肺*啊 **锅瘤 福皋捞俊福辆肺鸥款* 厚悼 ****龋,PHMG120203000034047000036,3000000,"辑匡漂喊矫 辆肺备 辆肺 **, 福皋捞俊福辆肺鸥款* 厚悼 ****龋 (辆肺*啊)",03157,01,康诀/沥惑,,,02-732-0293,
⑦茄惫焊没扁5啊痢,2011-10-10,200301.848252162,452108.959329024,2026-04-26 22:31:57,I,03,企诀,2020-09-15 15:55:48,,1994-04-28,,辑匡漂喊矫 辆肺备 辆肺*啊 **-*,PHMG119943000034047000002,3000000,辑匡漂喊矫 辆肺备 辆肺 ***-* (辆肺*啊),03126,03,企诀,,,02-747-3755,
客捞郸胶焊没扁牢玫痢,,167147.840701516,441222.31243664,2026-04-26 22:32:00,I,13,康诀吝,2018-12-12 09:22:00,,2018-12-11,,牢玫堡开矫 吝备 侩悼 ***锅瘤 客捞郸胶焊没扁,PHMG120183490019047000019,3490000,"牢玫堡开矫 吝备 快泅肺 **-*, 客捞郸胶焊没扁 (侩悼)",22318,01,康诀/沥惑,,,032-763-9911,99.17
菩记客快,,176150.444721097,440143.34238017,2026-04-26 22:33:47,I,13,康诀吝,2019-10-01 13:59:13,,2019-09-30,,牢玫堡开矫 巢悼备 父荐悼 ****锅瘤 *龋 氢锰绒刚矫酒*窜瘤酒颇飘,PHMG120193530019047000057,3530000,"牢玫堡开矫 巢悼备 父荐辑肺 **, ***悼 ****龋 (父荐悼, 氢锰绒刚矫酒*窜瘤酒颇飘)",21523,01,康诀/沥惑,,,,
(林)酒己促捞家 惑豪开痢,,207377.380259293,454892.097928552,2026-04-26 22:32:16,I,13,康诀吝,2023-06-02 15:17:44,,2015-05-22,131-857,辑匡漂喊矫 吝尔备 惑豪悼 ***锅瘤 **龋,PHMG120153060034047000048,3060000,辑匡漂喊矫 吝尔备 噶快肺 *** (惑豪悼),02098,01,康诀/沥惑,,,02-435-6016,
纳捞咆骏,,175435.005546233,439338.889056244,2026-04-26 22:33:44,I,13,康诀吝,2025-06-19 14:22:56,,2016-02-29,,牢玫堡开矫 巢悼备 父荐悼 ***锅瘤 **龋,PHMG120163530019047000016,3530000,"牢玫堡开矫 巢悼备 备岿肺 ***-*, *摸 (父荐悼)",21542,01,康诀/沥惑,,,,155.94
技红老饭红 康辆吝魂痢,,160251.636360785,443981.68900067,2026-04-26 22:32:08,I,13,康诀吝,2022-07-19 20:27:34,,2022-07-19,,牢玫堡开矫 吝备 吝魂悼 ****-* 蜡乔呼爹,PHMG120223490019047000120,3490000,"牢玫堡开矫 吝备 款吝肺 ***, 蜡乔呼爹 *摸 (吝魂悼)",22358,01,康诀/沥惑,,,,
辨内欺饭捞记,2014-04-22,196458.8866169,455525.428333927,2026-04-26 22:32:07,I,03,企诀,2014-04-22 16:50:38,,2009-02-02,110-831,辑匡漂喊矫 辆肺备 脚康悼 ***锅瘤 *龋,PHMG120093000034047000005,3000000,辑匡漂喊矫 辆肺备 技八沥肺*辨 * (脚康悼),,03,企诀,,,,
GS25巢悼风眉胶鸥痢,,173797.282990388,434837.521394311,2026-04-26 22:33:48,I,13,康诀吝,2022-02-06 19:25:11,,2022-02-06,,牢玫堡开矫 巢悼备 巢锰悼 ***-* JK风眉胶鸥,PHMG120223530019047000054,3530000,"牢玫堡开矫 巢悼备 巢悼措肺 ***, JK风眉胶鸥 *摸 ***龋 (巢锰悼)",21630,01,康诀/沥惑,,,032-811-4179,
家府基巢悼备季鸥,2022-03-31,173761.085783344,440049.31631289,2026-04-26 22:33:45,I,03,企诀,2022-03-31 16:43:50,,2018-07-24,,牢玫堡开矫 巢悼备 埃籍悼 ***锅瘤 *龋,PHMG120183530019047000046,3530000,"牢玫堡开矫 巢悼备 籍魂肺***锅辨 **, *摸 (埃籍悼)",21550,03,企诀,,,,17.06
辆肺焊没扁,2022-02-10,198630.79627088,452035.412646906,2026-04-26 22:31:57,I,03,企诀,2022-02-10 17:07:05,,1989-03-15,110-753,辑匡漂喊矫 辆肺备 辆肺*啊 *龋 ***龋,PHMG119893000034047000003,3000000,"辑匡漂喊矫 辆肺备 辆肺 **, ***龋 (辆肺*啊)",03164,03,企诀,,,02-737-0076,
秦乔吝拳措府痢,2016-04-19,207234.664769564,455291.270812487,2026-04-26 22:32:16,I,03,企诀,2016-04-19 13:45:05,,2015-02-04,,,PHMG120153060034047000008,3060000,"辑匡漂喊矫 吝尔备 悼老肺***辨 ** (吝拳悼, *摸 悼率俊辑 *锅掳)",02094,03,企诀,,,,
揪蜡 备岿春牢玫痢,2023-10-05,174610.378637147,438681.169513355,2026-04-26 22:33:51,I,03,企诀,2023-10-06 11:16:17,,2023-01-20,,牢玫堡开矫 巢悼备 备岿悼 ****-* 春牢玫呼爹,PHMG120233530019047000021,3530000,"牢玫堡开矫 巢悼备 侩玫肺 *, 春牢玫呼爹 *摸 (备岿悼)",21564,03,企诀,,,,
(林)厚瘤俊橇府抛老 T2牢玫傍亲 背烹季磐痢,,149829.251166424,440865.963248498,2026-04-26 22:32:11,I,13,康诀吝,2024-02-14 09:48:14,,2024-01-08,,牢玫堡开矫 吝备 款辑悼 ****,PHMG120243490019047000005,3490000,"牢玫堡开矫 吝备 力*磐固澄措肺 ***, 瘤窍*摸 (款辑悼)",22382,01,康诀/沥惑,,,,
茄惫家规傍荤,2020-09-24,199088.031390035,451824.035424334,2026-04-26 22:32:07,I,03,企诀,2020-09-24 16:50:16,,2008-12-22,110-420,辑匡漂喊矫 辆肺备 包荐悼 ***锅瘤,PHMG120083000034047000057,3000000,辑匡漂喊矫 辆肺备 没拌玫肺 ***-** (包荐悼),,03,企诀,,,22790119,
⑦焊档内府酒,2013-02-19,,,2026-04-26 22:31:58,I,24,流鼻企诀,2013-02-22 09:51:09,,1996-07-24,110-825,辑匡漂喊矫 辆肺备 件牢*悼 ***-** 坷己呼爹 *摸,PHMG119963000034047000004,3000000,,,04,秒家/富家/父丰/沥瘤/吝瘤,,,02-2235-8960,
CU 吝拳痢,2022-06-02,206890.050493555,455699.53266546,2026-04-26 22:32:26,I,03,企诀,2022-06-02 17:14:19,,2021-05-11,,辑匡漂喊矫 吝尔备 吝拳悼 ***-** 妊固府付飘,PHMG120213060034047000072,3060000,"辑匡漂喊矫 吝尔备 悼老肺 ***, 妊固府付飘 *摸 (吝拳悼)",02014,03,企诀,,,,
(林)厚瘤俊橇府抛老 T2牢玫傍亲 1龋痢,,149829.251166424,440865.963248498,2026-04-26 22:32:11,I,13,康诀吝,2024-02-14 10:30:04,,2024-01-08,,牢玫堡开矫 吝备 款辑悼 ****,PHMG120243490019047000003,3490000,"牢玫堡开矫 吝备 力*磐固澄措肺 ***, *摸 (款辑悼)",22382,01,康诀/沥惑,,,,
揪蜡 龋炮绒牢玫傍亲痢,2017-01-02,152264.138138651,437747.292660783,2026-04-26 22:31:58,I,03,企诀,2017-01-02 16:19:23,,2014-11-10,,,PHMG120143490019047000024,3490000,牢玫堡开矫 吝备 傍亲肺***锅辨 ** (款辑悼),22382,03,企诀,,,032-743-3579,
(林)俊胶酒捞骏牢玫瘤痢,,176296.255780186,439003.809841837,2026-04-26 22:33:38,I,13,康诀吝,2014-04-17 10:59:48,,2010-04-14,405-865,牢玫堡开矫 巢悼备 父荐悼 ***锅瘤 **龋 急快呼爹,PHMG120103530019047000008,3530000,"牢玫堡开矫 巢悼备 窍锰肺 **, *摸 (父荐悼, 急快呼爹)",21539,01,康诀/沥惑,,,,230.79
Champions(猫乔攫胶),,174136.448502526,437677.045395368,2026-04-26 22:33:47,I,15,傈免,2021-12-20 13:51:18,,2020-09-24,,牢玫堡开矫 巢悼备 备岿悼 ****-* 匙捞媚橇扼磊,PHMG120203530019047000078,3530000,"牢玫堡开矫 巢悼备 急荐锰傍盔肺**锅辨 **, 匙捞媚橇扼磊 ***龋 郴何 力**龋 (备岿悼)",21582,05,力寇/昏力/傈免,,,,4.5
(林)捞内胶傀捞内府酒 辑匡悼措巩痢,2014-03-04,201726.968400331,452489.553601855,2026-04-26 22:32:13,I,03,企诀,2014-03-04 15:59:43,,2011-09-07,110-550,辑匡漂喊矫 辆肺备 件牢悼 ***锅瘤 **龋,PHMG120113000034047000042,3000000,辑匡漂喊矫 辆肺备 辆肺 ***-* (件牢悼),,03,企诀,,,02-741-3484,
蜡聪皋叼拿,,173568.10949729,437976.511599339,2026-04-26 22:33:44,I,15,傈免,2024-03-04 16:32:20,,2017-06-14,,牢玫堡开矫 巢悼备 备岿悼 ****锅瘤,PHMG120173530019047000039,3530000,"牢玫堡开矫 巢悼备 牢窍肺 ***-*, *摸 老何龋 (备岿悼, 坷酒矫胶呼爹)",21574,05,力寇/昏力/傈免,,,,
篮驱林埃焊龋季磐,2025-05-22,167215.479803115,441437.829037533,2026-04-26 22:32:10,I,03,企诀,2025-05-22 11:11:59,,2023-08-31,,牢玫堡开矫 吝备 牢泅悼 **-**,PHMG120233490019047000038,3490000,"牢玫堡开矫 吝备 快泅肺**锅辨 *, *摸 (牢泅悼)",22316,03,企诀,,,,265.25
揪蜡 惑豪胶鸥痢,2023-06-12,207460.044753955,454490.165376876,2026-04-26 22:32:27,I,03,企诀,2023-06-12 16:43:39,,2022-02-07,,辑匡漂喊矫 吝尔备 惑豪悼 ***-** 开技鼻没斥林琶,PHMG120223060034047000021,3060000,"辑匡漂喊矫 吝尔备 豪快犁肺 ***, ***,***龋 (惑豪悼, 开技鼻没斥林琶)",02138,03,企诀,,,,
怕覆吝拳瘤痢,2009-09-27,206809.581598519,455903.925715981,2026-04-26 22:32:03,I,03,企诀,2009-10-06 15:20:38,,2009-04-06,131-853,辑匡漂喊矫 吝尔备 宫*悼 ***锅瘤 **龋 *摸,PHMG120093060034047000024,3060000,,,03,企诀,,,,
技红老饭红 牢玫家贰浅覆痢,,176779.378271033,433746.546098375,2026-04-26 22:33:48,I,13,康诀吝,2021-05-10 13:41:34,,2021-05-10,,牢玫堡开矫 巢悼备 稠泅悼 *** 家贰付阑浅覆酒颇飘,PHMG120213530019047000080,3530000,"牢玫堡开矫 巢悼备 没瓷措肺***锅辨 *, 惑啊悼 *摸 ***龋 (稠泅悼, 家贰付阑浅覆酒颇飘)",21670,01,康诀/沥惑,,,,33.6
茄己狼丰扁,2016-05-30,199364.935616911,451990.996150165,2026-04-26 22:32:00,I,03,企诀,2016-05-30 13:20:33,,2004-01-02,110-123,辑匡漂喊矫 辆肺备 辆肺*啊 ***锅瘤,PHMG120043000034047000001,3000000,辑匡漂喊矫 辆肺备 辆肺 ***-* (辆肺*啊),03193,03,企诀,,,02-2266-7887,
靛覆皋叼漠,2016-07-12,172332.109703487,440689.737163724,2026-04-26 22:33:38,I,24,流鼻企诀,2016-07-12 09:46:21,,2011-09-21,405-810,牢玫堡开矫 巢悼备 埃籍*悼 ***锅瘤 *龋 (籍沥肺***锅辨**) 裹剧惑啊 ***龋,PHMG120113530019047000045,3530000,"牢玫堡开矫 巢悼备 籍沥肺***锅辨 **, ***龋 (埃籍悼, 裹剧惑啊)",21501,04,秒家/富家/父丰/沥瘤/吝瘤,,,070-7522-3695,
林侥雀荤 技没澜,2014-07-30,207051.930646028,452810.140613724,2026-04-26 22:32:14,I,03,企诀,2014-07-30 11:16:40,,2014-06-30,131-755,搁格悼 ****锅瘤,PHMG120143060034047000033,3060000,"辑匡漂喊矫 吝尔备 翠绞府肺**辨 ***, ***悼 ***龋 (搁格悼)",,03,企诀,,,,
啊柯,,175530.428607081,439592.636629556,2026-04-26 22:33:44,I,13,康诀吝,2015-09-25 14:27:14,,2015-09-25,,牢玫堡开矫 巢悼备 父荐悼 ***锅瘤 **龋,PHMG120153530019047000095,3530000,"牢玫堡开矫 巢悼备 备岿富肺**锅辨 **-**, *摸 (父荐悼)",21542,01,康诀/沥惑,,,,46.47
版盔狼丰扁,,173340.451633698,439703.714858616,2026-04-26 22:33:47,I,13,康诀吝,2019-12-24 10:57:00,,2019-12-23,,牢玫堡开矫 巢悼备 埃籍悼 ***锅瘤 芭拳呼爹,PHMG120193530019047000075,3530000,"牢玫堡开矫 巢悼备 籍魂肺**锅辨 **, 芭拳呼爹 *摸 ***龋 (埃籍悼)",21552,01,康诀/沥惑,,,,85
(林)官捞歹傀捞 辆肺内酒痢,2019-04-30,198697.706712628,451897.834324531,2026-04-26 22:32:16,I,03,企诀,2019-04-30 13:29:31,,2014-11-04,110-111,辑匡漂喊矫 辆肺备 包枚悼 **锅瘤 **龋,PHMG120143000034047000061,3000000,辑匡漂喊矫 辆肺备 辆肺**辨 ** (包枚悼),03190,03,企诀,,,02-743-9013,
SM捞畴海捞记,,175016.655783196,438683.36094101,2026-04-26 22:33:48,I,13,康诀吝,2021-12-03 16:10:59,,2021-12-03,,牢玫堡开矫 巢悼备 备岿悼 ****-* 没龋呼爹,PHMG120213530019047000156,3530000,"牢玫堡开矫 巢悼备 龋备器肺 ***, 没龋呼爹 *摸 傈何龋 (备岿悼)",21563,01,康诀/沥惑,,,,153.77
林侥雀荤 客捞令溃聪胶,2018-05-14,198362.067284343,452351.296715497,2026-04-26 22:32:18,I,03,企诀,2018-05-14 16:27:26,,2015-06-23,110-140,辑匡漂喊矫 辆肺备 荐价悼 **锅瘤 *龋 *摸,PHMG120153000034047000048,3000000,"辑匡漂喊矫 辆肺备 快沥惫肺 **-*, *摸 (荐价悼)",03144,03,企诀,,,02-816-8586,
3H 胶付飘 瘤拘季磐 荤啊沥季磐,,207786.999503722,453185.947530434,2026-04-26 22:32:24,I,15,傈免,2021-07-21 17:22:02,,2020-08-18,,辑匡漂喊矫 吝尔备 搁格悼 ***-*,PHMG120203060034047000055,3060000,"辑匡漂喊矫 吝尔备 荤啊沥肺**辨 *, *摸 (搁格悼)",02214,05,力寇/昏力/傈免,,,,
促刮,,207605.319631481,454476.402983363,2026-04-26 22:32:25,I,15,傈免,2021-09-17 14:20:14,,2021-03-25,,辑匡漂喊矫 吝尔备 搁格悼 **-** 茄己呼爹,PHMG120213060034047000022,3060000,"辑匡漂喊矫 吝尔备 搁格肺 ***, 茄己呼爹 *摸 (搁格悼)",02155,05,力寇/昏力/傈免,,,,
悼绕唱捞胶,2025-07-29,172780.828714833,438548.992956664,2026-04-26 22:33:51,I,03,企诀,2025-07-29 17:07:47,,2022-07-27,,牢玫堡开矫 巢悼备 备岿悼 ****,PHMG120223530019047000332,3530000,"牢玫堡开矫 巢悼备 牢窍肺***锅辨 **, *摸 老何龋 (备岿悼)",21567,03,企诀,,,,76.04
BIOMEDICARE C&C,,196428.478415698,455911.163224671,2026-04-26 22:32:35,I,13,康诀吝,2025-01-10 13:01:34,,2025-01-09,,辑匡漂喊矫 辆肺备 脚康悼 *** 措酒颇农呼,PHMG120253000034047000004,3000000,"辑匡漂喊矫 辆肺备 柳蕊肺 ***, ****龋 (脚康悼, 措酒颇农呼)",03013,01,康诀/沥惑,,,,
惫刮姐皋叼漠,2017-12-08,206807.690776656,454279.576512807,2026-04-26 22:32:19,I,03,企诀,2017-12-08 18:11:42,,2017-04-17,,辑匡漂喊矫 吝尔备 搁格悼 ***锅瘤 **龋 拳柳呼爹*摸,PHMG120173060034047000020,3060000,"辑匡漂喊矫 吝尔备 豪快犁肺 ** (搁格悼, 拳柳呼爹*摸)",02129,03,企诀,,,02-456-3361,
档府居,2026-03-27,144311.23215936,440300.806853262,2026-04-26 22:32:12,I,03,企诀,2026-04-02 14:08:46,,2025-03-06,,牢玫堡开矫 吝备 阑空悼 ***,PHMG120253490019047000002,3490000,"牢玫堡开矫 吝备 侩蜡辑肺 ***, *摸 (阑空悼)",22383,03,企诀,,,,165
内货哪欺聪,,208295.099818379,456014.999180519,2026-04-26 22:32:33,I,13,康诀吝,2023-05-22 10:50:46,,2021-09-14,,辑匡漂喊矫 吝尔备 脚郴悼 *** 脚酒鸥款,PHMG120233060034047000057,3060000,"辑匡漂喊矫 吝尔备 豪拳魂肺 ***, 脚酒鸥款 ***龋 (脚郴悼)",02076,01,康诀/沥惑,,,,
陛碍焊没扁 吝尔季磐,,207541.898062726,453161.703512073,2026-04-26 22:32:04,I,13,康诀吝,2019-10-02 10:47:04,,2009-08-24,,"辑匡漂喊矫 吝尔备 搁格悼 ***锅瘤 *龋 糯胶鸥况 *摸 ***龋, ***龋",PHMG120093060034047000043,3060000,"辑匡漂喊矫 吝尔备 荤啊沥肺 ***, *摸 ***龋, ***龋 (搁格悼, 糯胶鸥况)",02237,01,康诀/沥惑,,,02-2208-5233,
(林)内府酒技红 辆肺没拌玫吝居痢,2019-10-16,198909.271958196,451791.439552661,2026-04-26 22:32:19,I,03,企诀,2019-10-17 09:01:52,,2016-01-29,,辑匡漂喊矫 辆肺备 包枚悼 **锅瘤 *龋,PHMG120163000034047000011,3000000,辑匡漂喊矫 辆肺备 没拌玫肺 ** (包枚悼),03191,03,企诀,,,02-2274-0478,
(林)器扩靛,,175322.829762396,433304.243386176,2026-04-26 22:33:49,I,13,康诀吝,2022-02-18 17:12:19,,2022-02-18,,牢玫堡开矫 巢悼备 稠泅悼 ***-* 漠府坷其,PHMG120223530019047000164,3530000,"牢玫堡开矫 巢悼备 稠绊俺肺***锅辨 **, 俊捞***-***龋 (稠泅悼)",21653,01,康诀/沥惑,,,,
林侥雀荤没淬皋叼漠,,173500.9061555,438056.800362993,2026-04-26 22:33:47,I,13,康诀吝,2022-06-27 17:59:54,,2014-07-15,,牢玫堡开矫 巢悼备 备岿悼 **** 技悼匙坷胶,PHMG120203530019047000094,3530000,"牢玫堡开矫 巢悼备 牢窍肺***锅辨 **, 技悼匙坷胶 *摸 *龋 (备岿悼)",21574,01,康诀/沥惑,,,,7.57
力捞俊胶 皋叼漠,2021-02-16,208481.612667873,455496.980508789,2026-04-26 22:32:23,I,24,流鼻企诀,2021-02-16 15:14:05,,2019-02-07,,辑匡漂喊矫 吝尔备 脚郴悼 ***锅瘤 *龋 措疙橇扼磊 *摸***龋,PHMG120193060034047000004,3060000,"辑匡漂喊矫 吝尔备 豪拳魂肺**辨 ***, 措疙橇扼磊 *摸 ***龋 (脚郴悼)",02071,04,秒家/富家/父丰/沥瘤/吝瘤,,,,
蜡己狼丰扁,,208177.045450265,454185.533618229,2026-04-26 22:32:17,I,15,傈免,2016-02-17 09:08:24,,2015-10-16,,辑匡漂喊矫 吝尔备 搁格悼 **锅瘤 *龋,PHMG120153060034047000078,3060000,"辑匡漂喊矫 吝尔备 惑豪肺 **, *摸 *龋 (搁格悼)",02162,05,力寇/昏力/傈免,,,,
炼剧狼丰扁 吝尔瘤痢,2003-12-30,207626.396160624,452987.583171569,2026-04-26 22:31:56,I,03,企诀,2009-07-22 12:02:19,,2002-05-07,131-828,辑匡漂喊矫 吝尔备 搁格*悼 ***锅瘤 **龋,PHMG120023060034047000020,3060000,,,03,企诀,,,02-435-5910,109.85
(林)困靛溃剖,,176984.684204042,438024.142809672,2026-04-26 22:33:43,I,13,康诀吝,2016-07-08 10:15:39,,2015-04-24,405-868,牢玫堡开矫 巢悼备 父荐悼 ****锅瘤 **龋,PHMG120153530019047000042,3530000,"牢玫堡开矫 巢悼备 淬规肺**锅辨 **, *摸 (父荐悼)",21593,01,康诀/沥惑,,,,72.27
乞琶狼丰扁,2014-08-29,173879.274930333,438276.842389728,2026-04-26 22:33:38,I,24,流鼻企诀,2014-09-03 14:21:23,,2006-11-07,,备岿悼 ****锅瘤 ***龋,PHMG120063530019047000013,3530000,"牢玫堡开矫 巢悼备 巢悼措肺***锅辨 **-*, ***龋 (备岿悼)",,04,秒家/富家/父丰/沥瘤/吝瘤,,,,
啮乓付胶鸥,2011-07-25,175225.781753651,439033.583520419,2026-04-26 22:33:38,I,03,企诀,2011-07-25 17:07:08,,2010-12-31,405-839,牢玫堡开矫 巢悼备 备岿*悼 ****锅瘤 *龋 ***龋,PHMG120103530019047000042,3530000,"牢玫堡开矫 巢悼备 备岿肺***锅辨 ** (备岿悼,***龋)",,03,企诀,,,,
揪蜡 辆肺备没痢,2016-12-28,198205.621520751,452254.217603167,2026-04-26 22:32:17,I,03,企诀,2016-12-28 16:03:11,,2014-11-07,110-140,辑匡漂喊矫 辆肺备 荐价悼 **锅瘤 *龋,PHMG120143000034047000083,3000000,"辑匡漂喊矫 辆肺备 伙豪肺 **, *摸 (荐价悼, 龋荐呼爹)",03151,03,企诀,,,02-735-9084,
风促力捞,2018-09-10,207246.529652882,454732.063627576,2026-04-26 22:32:20,I,03,企诀,2018-09-11 17:07:28,,2017-09-04,,辑匡漂喊矫 吝尔备 惑豪悼 ***锅瘤,PHMG120173060034047000045,3060000,"辑匡漂喊矫 吝尔备 悼老肺***辨 **, *摸 (惑豪悼, 坷弗率场)",02136,03,企诀,,,,
(林)内府酒技红 搁格滴魂痢,2019-10-17,207325.716615272,453064.794981199,2026-04-26 22:32:18,I,03,企诀,2019-10-17 17:04:16,,2016-08-29,,辑匡漂喊矫 吝尔备 搁格悼,PHMG120163060034047000055,3060000,"辑匡漂喊矫 吝尔备 荤啊沥肺**辨 ** (搁格悼, 碍合辑匡狼盔)",02237,03,企诀,,,,
厚海胶飘,,177218.327077546,436259.949615223,2026-04-26 22:33:51,I,13,康诀吝,2023-01-12 11:06:56,,2023-01-12,,牢玫堡开矫 巢悼备 辑芒悼 *** 歹器饭胶飘,PHMG120233530019047000010,3530000,"牢玫堡开矫 巢悼备 辑芒巢鉴券肺 ***, ***悼 ****龋 (辑芒悼, 歹器饭胶飘)",21615,01,康诀/沥惑,,,,
(林)溃葫抛农牢玫瘤痢,2013-03-14,173911.524418907,438997.918881533,2026-04-26 22:33:38,I,03,企诀,2013-03-28 16:00:16,,2009-06-24,405-835,"牢玫堡开矫 巢悼备 备岿*悼 ****锅瘤 **龋 鸥况敲矾胶 ***, ***龋",PHMG120093530019047000018,3530000,"牢玫堡开矫 巢悼备 备岿巢肺 ***, ***.***龋 (备岿悼, 鸥况敲矾胶)",,03,企诀,,,,
俊胶俊捞摹烹脚,,175360.582489928,433382.478823173,2026-04-26 22:33:48,I,13,康诀吝,2021-08-20 12:15:10,,2021-08-19,,牢玫堡开矫 巢悼备 稠泅悼 ***-*,PHMG120213530019047000124,3530000,"牢玫堡开矫 巢悼备 稠绊俺肺***锅辨 **, ***,***龋 (稠泅悼)",21653,01,康诀/沥惑,,,,80.86
3俊捞摹(3H) 瘤拘魔措 牢玫稠泅季磐,,175478.935610323,433320.657284495,2026-04-26 22:33:54,I,13,康诀吝,2025-09-22 09:25:52,,2023-08-10,,牢玫堡开矫 巢悼备 稠泅悼 ***-** 皋飘肺鸥况,PHMG120253530019047000107,3530000,"牢玫堡开矫 巢悼备 稠绊俺肺 ***, 皋飘肺鸥况 ***龋 (稠泅悼)",21653,01,康诀/沥惑,,,,180
捞康哪欺聪,2019-03-21,207867.772723867,455673.271333559,2026-04-26 22:32:22,I,03,企诀,2019-03-21 13:36:04,,2018-09-03,,辑匡漂喊矫 吝尔备 惑豪悼 ***锅瘤 郡瘤街侩酒颇飘 惑啊悼 *摸 ***龋,PHMG120183060034047000029,3060000,"辑匡漂喊矫 吝尔备 豪拳魂肺 ***, 郡瘤街侩酒颇飘 惑啊悼 *摸 ***龋 (惑豪悼)",02075,03,企诀,,,,
抗瘤楷,2025-12-22,200284.079710268,453238.540020978,2026-04-26 22:32:35,I,03,企诀,2025-12-22 15:48:15,,2025-06-29,,辑匡漂喊矫 辆肺备 悼件悼 *-** 拌快呼爹,PHMG120253000034047000037,3000000,"辑匡漂喊矫 辆肺备 措切肺**辨 **, 拌快呼爹 *摸 ***-J***龋 (悼件悼)",03086,03,企诀,,,,
林侥雀荤 葛畴官捞坷,2021-04-28,206847.011400766,456481.361937621,2026-04-26 22:32:21,I,03,企诀,2021-05-11 09:25:57,,2018-05-28,,辑匡漂喊矫 吝尔备 宫悼 ***锅瘤 **龋 *摸***龋,PHMG120183060034047000022,3060000,"辑匡漂喊矫 吝尔备 悼老肺***辨 *, *摸 ***龋 (宫悼)",02038,03,企诀,,,02-2208-6333,
固胶抛府,2024-08-07,207523.683439908,453733.540276817,2026-04-26 22:32:22,I,03,企诀,2024-08-07 14:02:59,,2018-07-31,,辑匡漂喊矫 吝尔备 搁格悼 ***锅瘤 **龋 *摸,PHMG120183060034047000025,3060000,"辑匡漂喊矫 吝尔备 扳犁肺**辨 **, *摸 (搁格悼)",02220,03,企诀,,,1544-5296,
CU侩付魂痢,,207378.904125417,452296.055921315,2026-04-26 22:32:29,I,13,康诀吝,2022-07-18 11:12:53,,2022-07-15,,辑匡漂喊矫 吝尔备 搁格悼 ***-* 脚堡呼爹,PHMG120223060034047000156,3060000,"辑匡漂喊矫 吝尔备 搁格肺 ***, 脚堡呼爹 *摸 (搁格悼)",02255,01,康诀/沥惑,,,,
酒飘冠胶 牢玫稠泅痢,,175520.129279911,433137.839559028,2026-04-26 22:33:54,I,13,康诀吝,2025-08-01 18:01:00,,2025-08-01,,牢玫堡开矫 巢悼备 稠泅悼 ***-* 酒抚促款鸥况,PHMG120253530019047000099,3530000,"牢玫堡开矫 巢悼备 稠绊俺肺 ***, 酒抚促款鸥况 *摸 ***,***,***,***,***龋 (稠泅悼)",21679,01,康诀/沥惑,,,,470.23
甭蹿磐,,175252.204660883,433303.497100941,2026-04-26 22:33:53,I,13,康诀吝,2025-01-18 16:56:48,,2025-01-18,,牢玫堡开矫 巢悼备 稠泅悼 ***-*,PHMG120253530019047000014,3530000,"牢玫堡开矫 巢悼备 稠绊俺肺***锅辨 **, ***-*俊捞龋 (稠泅悼)",21653,01,康诀/沥惑,,,,4.5
俊捞摹皋叼漠,,206821.108967706,456096.359567266,2026-04-26 22:32:34,I,13,康诀吝,2024-10-07 17:04:26,,2024-10-07,,辑匡漂喊矫 吝尔备 宫悼 ***-*,PHMG120243060034047000066,3060000,"辑匡漂喊矫 吝尔备 悼老肺 ***, 啊悼 *摸 E-**龋 (宫悼)",02010,01,康诀/沥惑,,,02-2214-4974,
伐橇内府酒,,200054.021709008,452441.227022344,2026-04-26 22:32:25,I,13,康诀吝,2019-12-30 13:29:37,,2019-12-16,,辑匡漂喊矫 辆肺备 瓤力悼 **锅瘤 *龋,PHMG120193000034047000060,3000000,"辑匡漂喊矫 辆肺备 措切肺*辨 **-*, *摸 (瓤力悼)",03128,01,康诀/沥惑,,,02-2269-3830,
林侥雀荤 窍捞,,198838.912965902,452214.210961577,2026-04-26 22:32:35,I,13,康诀吝,2024-11-18 14:49:29,,2024-11-18,,,PHMG120243000034047000053,3000000,"辑匡漂喊矫 辆肺备 伙老措肺 ***, 倡盔惑啊 *摸 ***龋 (倡盔悼)",03140,01,康诀/沥惑,,,,519
舅肺矩风,2017-11-30,173552.310556009,438905.868022571,2026-04-26 22:33:39,I,03,企诀,2017-11-30 15:57:31,,2014-05-12,405-835,牢玫堡开矫 巢悼备 备岿悼 ****锅瘤 权敲矾胶 瘤窍*摸老何,PHMG120143530019047000024,3530000,"牢玫堡开矫 巢悼备 抗贱肺 ***, 瘤窍*摸 (备岿悼, 权敲矾胶)",21558,03,企诀,,,,33
付风鸥墨 扒碍橇扼磊,,206805.226942948,456229.592921084,2026-04-26 22:32:16,I,15,傈免,2021-11-11 11:28:07,,2015-03-23,,辑匡漂喊矫 吝尔备 宫悼 ***锅瘤 ***龋 *摸,PHMG120153060034047000022,3060000,"辑匡漂喊矫 吝尔备 悼老肺 ***, *摸 (宫悼)",02009,05,力寇/昏力/傈免,,,,
揪蜡 备岿己傍痢,2016-12-30,174530.785844845,438686.804197856,2026-04-26 22:33:44,I,03,企诀,2016-12-30 18:03:52,,2016-12-30,,牢玫堡开矫 巢悼备 备岿悼 ****锅瘤,PHMG120163530019047000038,3530000,"牢玫堡开矫 巢悼备 牢林措肺***锅辨 *, ***龋 (备岿悼)",21564,03,企诀,,,,78.85
林侥雀荤 碍焙,,201273.887781838,452163.292543039,2026-04-26 22:32:24,I,13,康诀吝,2022-10-12 15:34:40,,2018-10-17,,辑匡漂喊矫 辆肺备 芒脚悼 ***-** 伙快咆胶橇扼磊,PHMG120183000034047000040,3000000,"辑匡漂喊矫 辆肺备 瘤豪肺 **, 矫琉呼爹 *摸 A**龋 (芒脚悼)",03121,01,康诀/沥惑,,,,
(林)茄惫救傈,,199090.41076982,452725.878400645,2026-04-26 22:32:28,I,13,康诀吝,2022-02-11 16:39:29,,2022-02-10,,辑匡漂喊矫 辆肺备 客锋悼 ***-* *摸,PHMG120223000034047000047,3000000,"辑匡漂喊矫 辆肺备 捣拳巩肺 **, *摸 (客锋悼)",03134,01,康诀/沥惑,,,02-2273-9533,
俊捞纳捞皋雕胶,,206821.108967706,456096.359567266,2026-04-26 22:32:26,I,13,康诀吝,2021-09-16 13:11:49,,2021-09-01,,,PHMG120213060034047000105,3060000,"辑匡漂喊矫 吝尔备 悼老肺 ***, 啊悼 *摸 C-**龋 (宫悼)",02010,01,康诀/沥惑,,,,
备岿俊胶骏皋叼漠,,173617.752655583,438109.119619747,2026-04-26 22:33:38,I,15,傈免,2017-01-16 17:12:29,,2009-11-16,405-841,牢玫堡开矫 巢悼备 备岿*悼 ****锅瘤 *龋 畴呼府救 *瞒 ****龋,PHMG120093530019047000033,3530000,"牢玫堡开矫 巢悼备 牢窍肺 ***-**, ****龋 (备岿悼, 畴呼府救*瞒)",21574,05,力寇/昏力/傈免,,,,
技红老饭红 辆肺包荐痢,,198958.283792369,451941.721546298,2026-04-26 22:32:17,I,13,康诀吝,2026-03-10 17:51:23,,2014-11-20,,辑匡漂喊矫 辆肺备 包荐悼 *-* 辑堡呼爹,PHMG120143000034047000106,3000000,"辑匡漂喊矫 辆肺备 伙老措肺**辨 **, 辑堡呼爹 *摸 (包荐悼)",03191,01,康诀/沥惑,,,02-2269-5407,143
扒碍100技狼丰扁,2019-03-25,175194.658830423,438905.534907371,2026-04-26 22:33:44,I,03,企诀,2019-03-25 14:51:38,,2016-05-10,,,PHMG120163530019047000033,3530000,"牢玫堡开矫 巢悼备 备岿巢肺 ***, ***龋 (备岿悼)",21536,03,企诀,,,032-464-0100,49.58
荐访魂,2018-12-07,175172.337038906,439260.677147807,2026-04-26 22:33:45,I,03,企诀,2018-12-10 11:15:31,,2018-08-16,,牢玫堡开矫 巢悼备 备岿悼 ****锅瘤 **龋,PHMG120183530019047000054,3530000,"牢玫堡开矫 巢悼备 汗俺辑肺**锅辨 **, 瘤窍*摸 (备岿悼)",21534,03,企诀,,,,140.96
酒捞骏掸呕,,174048.349582588,440688.516360118,2026-04-26 22:33:45,I,13,康诀吝,2019-04-23 17:59:08,,2019-04-23,,牢玫堡开矫 巢悼备 埃籍悼 ***锅瘤 *龋 贾府盲,PHMG120193530019047000025,3530000,"牢玫堡开矫 巢悼备 版牢肺***锅辨 *, ***龋 (埃籍悼, 贾府盲)",21508,01,康诀/沥惑,,,,53.46
候靛覆,2023-05-01,176980.578177074,439970.111929045,2026-04-26 22:33:51,I,03,企诀,2023-05-26 16:21:21,,2022-07-28,,牢玫堡开矫 巢悼备 父荐悼 **** 父荐林傍**窜瘤酒颇飘,PHMG120223530019047000337,3530000,"牢玫堡开矫 巢悼备 父荐辑肺***锅辨 **-**, ****悼 ***龋 (父荐悼, 父荐林傍**窜瘤酒颇飘)",21522,03,企诀,,,,84.9
曼炼篮 扒碍积劝包,2010-12-17,201317.33706078,452764.757918167,2026-04-26 22:32:08,I,03,企诀,2011-01-19 15:31:40,,2009-08-31,110-823,辑匡漂喊矫 辆肺备 件牢*悼 **锅瘤 **龋 泅措呼爹 *摸,PHMG120093000034047000033,3000000,"辑匡漂喊矫 辆肺备 瘤豪肺**辨 * (件牢悼,泅措呼爹 *摸)",,03,企诀,,,02-747-7599,
客捞郡饶饭浆,,174741.143877607,439522.950994793,2026-04-26 22:33:47,I,13,康诀吝,2020-12-18 09:15:16,,2020-12-16,,牢玫堡开矫 巢悼备 备岿悼 *-** 伙己海扼眉,PHMG120203530019047000109,3530000,"牢玫堡开矫 巢悼备 籍魂肺***锅辨 **, *摸 ***龋 (备岿悼, 伙己海扼眉)",21547,01,康诀/沥惑,,,,30
鳃傅 酒抚促款 固(诟),2019-12-04,176200.740735659,438934.616296266,2026-04-26 22:33:44,I,03,企诀,2019-12-05 16:58:37,,2016-09-01,,牢玫堡开矫 巢悼备 父荐悼 ***锅瘤 *龋,PHMG120163530019047000076,3530000,"牢玫堡开矫 巢悼备 备岿肺***锅辨 **, *摸 (父荐悼)",21539,03,企诀,,,,160.2
厘荐蜡烹,2011-04-05,207823.988037388,454580.467643374,2026-04-26 22:32:06,I,03,企诀,2011-04-05 16:32:34,,2010-04-06,131-859,辑匡漂喊矫 吝尔备 惑豪*悼 ***锅瘤 **龋  *摸,PHMG120103060034047000029,3060000,,,03,企诀,,,,
技红老饭红 牢玫备岿咯吝痢,2024-03-05,173636.331221835,438631.973753594,2026-04-26 22:33:49,I,03,企诀,2024-03-05 10:58:54,,2022-03-11,,牢玫堡开矫 巢悼备 备岿悼 **** 技楷海福呼,PHMG120223530019047000194,3530000,"牢玫堡开矫 巢悼备 抗贱肺***锅辨 **, *摸 ***龋 (备岿悼, 技楷海福呼)",21570,03,企诀,,,032-428-5147,
扒碍橇扼磊,2015-10-30,197306.226780223,452991.132227692,2026-04-26 22:32:18,I,03,企诀,2015-10-30 17:47:25,,2015-06-05,110-043,辑匡漂喊矫 辆肺备 烹牢悼 ***锅瘤 *龋 *摸,PHMG120153000034047000041,3000000,"辑匡漂喊矫 辆肺备 磊窍巩肺*辨 **, *摸 (烹牢悼)",03040,03,企诀,,,02-732-2478,
公柳惑荤,,173500.9061555,438056.800362993,2026-04-26 22:33:53,I,13,康诀吝,2025-12-16 18:03:42,,2025-04-15,,牢玫堡开矫 巢悼备 备岿悼 **** 技悼匙坷胶,PHMG120253530019047000051,3530000,"牢玫堡开矫 巢悼备 牢窍肺***锅辨 **, 技悼匙坷胶 ***-***龋 (备岿悼)",21574,01,康诀/沥惑,,,,1.65
秦乔备岿扼颇措府痢,2016-02-01,174676.290248285,439676.538629194,2026-04-26 22:33:43,I,03,企诀,2016-02-01 15:37:36,,2015-02-12,405-826,牢玫堡开矫 巢悼备 备岿悼 **锅瘤 *龋,PHMG120153530019047000023,3530000,"牢玫堡开矫 巢悼备 侩玫肺***锅辨 *, *摸 (备岿悼)",21548,03,企诀,,,,47.64
墨款磐,,161344.509771922,443400.848665832,2026-04-26 22:32:12,I,13,康诀吝,2024-12-13 15:59:59,,2024-12-11,,牢玫堡开矫 吝备 吝魂悼 ****-* 牢玫 康辆窍疵档矫 茄扼厚惯叼酒颇飘,PHMG120243490019047000052,3490000,"牢玫堡开矫 吝备 窍疵喊蝴肺 **, ***悼 ****龋 (吝魂悼, 牢玫 康辆窍疵档矫 茄扼厚惯叼酒颇飘)",22396,01,康诀/沥惑,,,,
揪蜡 惑豪扒康痢,2016-12-26,208312.725195146,455472.878357232,2026-04-26 22:32:15,I,03,企诀,2016-12-26 10:28:40,,2014-11-04,131-221,辑匡漂喊矫 吝尔备 惑豪悼 **锅瘤 *龋,PHMG120143060034047000084,3060000,辑匡漂喊矫 吝尔备 脚郴肺*唱辨 ** (惑豪悼),02084,03,企诀,,,,
付风促墨 搁格痢,2004-10-04,207873.646206267,454097.631862817,2026-04-26 22:31:56,I,03,企诀,2009-07-23 13:21:09,,2003-09-08,131-816,辑匡漂喊矫 吝尔备 搁格夯悼 ***锅瘤 *龋,PHMG120033060034047000028,3060000,,,03,企诀,,,02-434-0101,71.25
(林)固林酒捞抛农,2015-03-23,206876.365178488,454489.444469716,2026-04-26 22:32:09,I,03,企诀,2015-03-23 10:21:59,,2010-11-30,131-823,辑匡漂喊矫 吝尔备 搁格*悼 ***锅瘤 **龋 梅淬酒飘呼 ***龋,PHMG120103060034047000065,3060000,"辑匡漂喊矫 吝尔备 悼老肺***啊辨 **, ***龋 (搁格悼, 梅淬酒飘呼)",,03,企诀,,,02220017979,66
俊内皋叼,,176520.845,439020.855000001,2026-04-26 22:33:45,I,13,康诀吝,2018-10-24 09:18:03,,2017-12-07,,牢玫堡开矫 巢悼备 父荐悼 ***锅瘤 *龋,PHMG120173530019047000080,3530000,"牢玫堡开矫 巢悼备 窍锰肺**锅辨 **, *摸 (父荐悼)",21540,01,康诀/沥惑,,,,47.88
吩单碱俏⑦吩单付飘亲悼痢,2015-02-16,166499.001463662,438496.19428903,2026-04-26 22:31:57,I,03,企诀,2015-04-09 16:12:40,,2007-09-12,,牢玫 吝备 亲悼 *啊 **-* 吩单付飘 亲悼痢 *摸,PHMG120073490019047000003,3490000,牢玫堡开矫 辑秦措肺***锅辨 * (吩单付飘亲悼痢*摸),,03,企诀,,,032-880-2544,
捞钮掸呕,2009-02-03,,,2026-04-26 22:31:59,I,03,企诀,2009-07-27 09:13:24,,2006-09-11,131-852,"辑匡漂喊矫 吝尔备 宫*悼 ***-**, 扁覆呼爹 ***龋",PHMG120063060034047000020,3060000,,,03,企诀,,,02-3296-2275,
技红老饭红 牢玫埃籍4龋痢,,174138.491062183,440305.649432691,2026-04-26 22:33:48,I,13,康诀吝,2024-03-27 12:09:17,,2021-05-07,,牢玫堡开矫 巢悼备 埃籍悼 ***-* 措盔橇扼磊,PHMG120213530019047000073,3530000,"牢玫堡开矫 巢悼备 巢悼措肺 ***, 措盔橇扼磊 *摸 老何龋 (埃籍悼)",21544,01,康诀/沥惑,,,,
(林)瘤俊胶府抛老 GS25 己措剧泅痢,2015-04-01,199480.872005434,454123.120311234,2026-04-26 22:32:16,I,03,企诀,2015-04-01 15:35:54,,2014-11-07,110-811,辑匡漂喊矫 辆肺备 疙符*啊 *锅瘤 **龋 ***龋,PHMG120143000034047000069,3000000,"辑匡漂喊矫 辆肺备 疙符*辨 *, ***龋 (疙符*啊)",,03,企诀,,,,
付牢靛贾风记,2024-07-03,158354.861374453,445115.357359917,2026-04-26 22:32:03,I,03,企诀,2024-07-04 11:15:08,,2020-11-19,,牢玫堡开矫 吝备 款合悼 **-* *龋,PHMG120203490019047000036,3490000,"牢玫堡开矫 吝备 归款肺***锅辨 **, *龋 (款合悼)",22357,03,企诀,,,,49.5
林侥雀荤 叼矫哩,,197567.849954354,452567.159554494,2026-04-26 22:32:25,I,13,康诀吝,2024-10-23 17:45:14,,2019-11-04,,辑匡漂喊矫 辆肺备 利急悼 ** 利急泅措呼爹,PHMG120193000034047000057,3000000,"辑匡漂喊矫 辆肺备 荤流肺 ***, 利急泅措呼爹 ***,***,***龋 (利急悼)",03170,01,康诀/沥惑,,,02-3675-7885,
皋啊掸呕,2013-11-15,208585.651427424,455884.764050862,2026-04-26 22:31:59,I,03,企诀,2013-11-29 14:47:22,,2006-11-16,131-868,"辑匡漂喊矫 吝尔备 脚郴*悼 ***-*, *摸",PHMG120063060034047000025,3060000,"辑匡漂喊矫 吝尔备 豪拳魂肺**辨 **, *摸 (脚郴悼)",,03,企诀,,,02-494-2804,
(林)内见,,197989.931061954,456763.878954987,2026-04-26 22:32:32,I,13,康诀吝,2023-02-23 14:29:42,,2022-04-26,,辑匡漂喊矫 辆肺备 乞芒悼 ***-*,PHMG120223000034047000169,3000000,"辑匡漂喊矫 辆肺备 乞芒辨 ***, *摸 (乞芒悼)",03004,01,康诀/沥惑,,,070-4277-1830,24
CU 款巢包芒肺痢,,158406.128801849,443361.788129118,2026-04-26 22:32:05,I,13,康诀吝,2022-02-11 10:27:12,,2022-02-10,,牢玫堡开矫 吝备 款巢悼 ****-*,PHMG120223490019047000028,3490000,牢玫堡开矫 吝备 包芒合肺 *(款巢悼),22372,01,康诀/沥惑,,,,
捞矩郡(E@L),2017-07-26,207163.791145804,454984.412728653,2026-04-26 22:32:16,I,24,流鼻企诀,2017-12-19 12:50:19,,2015-01-30,131-877,辑匡漂喊矫 吝尔备 吝拳悼 ***锅瘤 ***龋,PHMG120153060034047000006,3060000,"辑匡漂喊矫 吝尔备 悼老肺 ***, ***龋 (吝拳悼)",02095,04,秒家/富家/父丰/沥瘤/吝瘤,,,02-491-5882,
脚辑匡狼丰扁,,200897.891483151,452182.699930424,2026-04-26 22:32:09,I,13,康诀吝,2024-08-08 10:37:57,,2010-07-23,,辑匡漂喊矫 辆肺备 芒脚悼 ***-*,PHMG120103000034047000023,3000000,"辑匡漂喊矫 辆肺备 辆肺 ***, *摸 (芒脚悼)",03106,01,康诀/沥惑,,,070-4145-9294,
俊胶力捞掸呕,2014-06-03,173628.841818769,439015.327756765,2026-04-26 22:33:39,I,03,企诀,2014-06-03 14:58:39,,2012-09-18,405-835,牢玫堡开矫 巢悼备 备岿*悼 ****锅瘤 **龋 堡泅坷乔胶炮 ***龋,PHMG120123530019047000030,3530000,"牢玫堡开矫 巢悼备 牢林措肺***锅辨 **, ***龋 (备岿悼, 堡泅坷乔胶炮)",,03,企诀,,,,
技红老饭红 辆肺春劳急痢,,199153.425066203,452459.177175342,2026-04-26 22:32:31,I,13,康诀吝,2022-07-14 17:34:46,,2022-07-13,,辑匡漂喊矫 辆肺备 客锋悼 ** 盔堡呼爹 *摸,PHMG120223000034047000126,3000000,"辑匡漂喊矫 辆肺备 捣拳巩肺 **, 盔堡呼爹 *摸 (客锋悼)",03134,01,康诀/沥惑,,,,
揪蜡搁格荤啊沥痢,2016-05-09,207886.420575928,453337.006204504,2026-04-26 22:32:14,I,03,企诀,2016-05-09 14:56:25,,2014-10-28,131-202,辑匡漂喊矫 吝尔备 搁格悼 ***锅瘤 **龋,PHMG120143060034047000062,3060000,辑匡漂喊矫 吝尔备 搁格肺**辨 ** (搁格悼),02210,03,企诀,,,02-2207-3570,
弊贰固货芬,2012-02-23,208294.31154469,455843.287574845,2026-04-26 22:32:07,I,03,企诀,2012-02-25 13:51:11,,2010-07-14,131-132,辑匡漂喊矫 吝尔备 脚郴*悼 ***锅瘤 *龋 力惑啊悼 力瘤窍摸  *龋,PHMG120103060034047000045,3060000,"辑匡漂喊矫 吝尔备 脚郴肺 **, *龋 (脚郴悼, 力惑啊悼 力瘤窍摸)",,03,企诀,,,,25.39
焊牢烹惑,2010-04-08,207376.301198989,455573.345033101,2026-04-26 22:31:56,I,03,企诀,2010-04-08 14:29:48,,2001-04-09,131-875,辑匡漂喊矫 吝尔备 吝拳*悼 **锅瘤 *龋,PHMG120013060034047000001,3060000,,,03,企诀,,,02-434-3051,33.67
荐访魂狼丰扁,2015-04-01,176248.271431844,439776.525000024,2026-04-26 22:33:43,I,03,企诀,2015-10-05 10:12:57,,2015-04-01,405-861,牢玫堡开矫 巢悼备 父荐悼 ***锅瘤 **龋,PHMG120153530019047000029,3530000,"牢玫堡开矫 巢悼备 父荐肺**锅辨 *-**, *摸 (父荐悼)",21524,03,企诀,,,,190.19
(林)俊摹客捞 悼何痢,2024-11-26,207795.473862456,453483.413606548,2026-04-26 22:32:28,I,03,企诀,2024-11-26 13:09:06,,2022-03-30,,辑匡漂喊矫 吝尔备 搁格悼 ***-**,PHMG120223060034047000095,3060000,"辑匡漂喊矫 吝尔备 搁格肺**辨 **, *摸 (搁格悼)",02210,03,企诀,,,02-496-8271,
何咯傈磊,,199509.962000656,451888.555001545,2026-04-26 22:32:33,I,13,康诀吝,2023-09-20 09:14:59,,2023-09-19,,辑匡漂喊矫 辆肺备 厘荤悼 ***-* 技款惑啊,PHMG120233000034047000055,3000000,"辑匡漂喊矫 辆肺备 没拌玫肺 ***, 技款惑啊 啊悼 *摸 扼-***龋 (厘荤悼)",03194,01,康诀/沥惑,,,02-2285-5873,
绊妨狼去&柳己,2022-09-16,207757.111158722,453557.753875794,2026-04-26 22:32:24,I,24,流鼻企诀,2022-09-16 16:56:33,,2020-04-23,,辑匡漂喊矫 吝尔备 搁格悼 ***锅瘤 *龋,PHMG120203060034047000022,3060000,"辑匡漂喊矫 吝尔备 搁格肺 ***, *摸 *龋 (搁格悼)",02205,04,秒家/富家/父丰/沥瘤/吝瘤,,,,
酒福都,,196460.409489043,455209.121732361,2026-04-26 22:32:36,I,13,康诀吝,2025-07-01 14:39:01,,2025-07-01,,辑匡漂喊矫 辆肺备 全瘤悼 ***-** 技八沥酒飘坷乔胶炮,PHMG120253000034047000038,3000000,"辑匡漂喊矫 辆肺备 磊窍巩肺 ***, ***龋 (全瘤悼, 技八沥酒飘坷乔胶炮)",03017,01,康诀/沥惑,,,,
酒啊规矩哪欺聪叼绢海捞厚,2025-03-11,172419.743721009,440865.63488269,2026-04-26 22:33:44,I,03,企诀,2025-03-11 14:49:25,,2016-07-07,,牢玫堡开矫 巢悼备 埃籍悼 ***锅瘤 *龋,PHMG120163530019047000052,3530000,"牢玫堡开矫 巢悼备 版盔措肺 ***, *摸 (埃籍悼, 权敲矾胶)",21500,03,企诀,,,,33
技红老饭红 牢玫家贰吝居痢,2026-01-06,176449.219487056,433329.218852314,2026-04-26 22:33:52,I,03,企诀,2026-01-06 17:23:55,,2024-01-26,,牢玫堡开矫 巢悼备 稠泅悼 ***-*,PHMG120243530019047000014,3530000,"牢玫堡开矫 巢悼备 巨绊俺肺***锅辨 **, ***,***龋 (稠泅悼)",21673,03,企诀,,,,125
揪蜡吝尔龋具痢,2024-01-10,206465.321541553,454132.874160643,2026-04-26 22:32:27,I,03,企诀,2024-01-10 13:18:54,,2022-02-04,,辑匡漂喊矫 吝尔备 搁格悼 ***-**,PHMG120223060034047000017,3060000,"辑匡漂喊矫 吝尔备 豪快犁肺 *, *摸 (搁格悼)",02127,03,企诀,,,,
(林)扁橇飘内府酒,,198715.850567472,453015.939806197,2026-04-26 22:32:09,I,15,傈免,2018-05-30 16:07:41,,2010-04-05,110-801,辑匡漂喊矫 辆肺备 拌悼 ***锅瘤 **龋 脚康呼爹*摸 ***龋,PHMG120103000034047000008,3000000,"辑匡漂喊矫 辆肺备 合锰肺*辨 ** (拌悼,脚康呼爹*摸 ***龋)",,05,力寇/昏力/傈免,,,02-764-9200,
纳绢器蜡,2025-03-10,175322.829762396,433304.243386176,2026-04-26 22:33:47,I,03,企诀,2025-03-10 14:15:50,,2020-10-20,,牢玫堡开矫 巢悼备 稠泅悼 ***-* 漠府坷其,PHMG120203530019047000086,3530000,"牢玫堡开矫 巢悼备 稠绊俺肺***锅辨 **, 漠府坷其 力俊捞 ***-***龋 (稠泅悼)",21653,03,企诀,,,,307.55
揪蜡 噶快狼府痢,2016-12-23,207963.162406561,455319.100648462,2026-04-26 22:32:14,I,03,企诀,2016-12-23 10:06:25,,2014-10-28,131-221,辑匡漂喊矫 吝尔备 惑豪悼 ***锅瘤 **龋,PHMG120143060034047000060,3060000,辑匡漂喊矫 吝尔备 惑豪吝居肺*促辨 ** (惑豪悼),02081,03,企诀,,,070-4411-7948,
畴喉饭胶 溃葫,,173537.278559075,438225.148497908,2026-04-26 22:33:52,I,13,康诀吝,2024-03-27 10:35:34,,2024-03-27,,牢玫堡开矫 巢悼备 备岿悼 **** 捞畴 橇扼磊,PHMG120243530019047000035,3530000,"牢玫堡开矫 巢悼备 己富肺 *, 捞畴 橇扼磊 *摸 ***龋 (备岿悼)",21573,01,康诀/沥惑,,,,352.14
技红老饭红 埃籍唱公痢,,173737.005873518,440400.285220977,2026-04-26 22:33:49,I,13,康诀吝,2022-02-16 16:56:30,,2022-02-16,,牢玫堡开矫 巢悼备 埃籍悼 ***-** *摸老何龋,PHMG120223530019047000154,3530000,"牢玫堡开矫 巢悼备 抗贱肺***锅辨 **, *摸老何龋 (埃籍悼)",21507,01,康诀/沥惑,,,,
(林)厚瘤俊橇府抛老 辆肺矫荤痢,2015-09-14,198600.297703408,451907.673521567,2026-04-26 22:32:17,I,03,企诀,2015-09-14 17:04:52,,2014-11-10,110-111,辑匡漂喊矫 辆肺备 包枚悼 **锅瘤 **龋 *摸,PHMG120143000034047000082,3000000,"辑匡漂喊矫 辆肺备 快沥惫肺*辨 **, *摸 (包枚悼)",03189,03,企诀,,,,
扒老官捞坷,,207520.25127028,452919.351420943,2026-04-26 22:32:25,I,15,傈免,2023-09-01 16:36:33,,2019-03-28,,辑匡漂喊矫 吝尔备 搁格悼 ***-*,PHMG120203060034047000072,3060000,"辑匡漂喊矫 吝尔备 搁格肺 ***, *摸 (搁格悼)",02239,05,力寇/昏力/傈免,,,02-2202-4477,90.72
林侥雀荤 胶倪,,197595.161312175,452460.054621887,2026-04-26 22:32:23,I,15,傈免,2022-12-06 16:58:38,,2017-07-26,,辑匡漂喊矫 辆肺备 利急悼 ***锅瘤,PHMG120173000034047000043,3000000,"辑匡漂喊矫 辆肺备 货巩救肺*啊辨 **, ***龋 (利急悼, 堡拳巩敲贰萍逞)",03170,05,力寇/昏力/傈免,,,02-732-9718,
辆肺狼救,,198758.72995572,451810.488000518,2026-04-26 22:32:00,I,13,康诀吝,2012-03-22 15:50:22,,2003-11-03,110-111,辑匡漂喊矫 辆肺备 包枚悼 **锅瘤 *龋 悼蕊呼爹 ***龋,PHMG120033000034047000016,3000000,"辑匡漂喊矫 辆肺备 辆肺**辨 **, ***龋 (包枚悼, 悼蕊呼爹)",03190,01,康诀/沥惑,,,02-738-7769,
盔胶(ONCE),,199923.283545709,452724.865213032,2026-04-26 22:32:35,I,13,康诀吝,2025-03-11 17:43:11,,2025-03-11,,辑匡漂喊矫 辆肺备 楷扒悼 ***-*,PHMG120253000034047000014,3000000,"辑匡漂喊矫 辆肺备 啦邦肺**啊辨 **-**, 瘤窍摸 ***龋 (楷扒悼)",03081,01,康诀/沥惑,,,,
坷疵构荤瘤,2018-12-31,208294.31154469,455843.287574845,2026-04-26 22:32:21,I,03,企诀,2018-12-31 13:01:16,,2018-04-26,,辑匡漂喊矫 吝尔备 脚郴悼 ***锅瘤 己盔酒颇飘 ***悼 ****龋,PHMG120183060034047000016,3060000,"辑匡漂喊矫 吝尔备 脚郴肺 **, ***悼 ****龋 (脚郴悼, 己盔酒颇飘)",02076,03,企诀,,,,
(林)纳捞俊内捞畴海捞记,,166705.474834621,437304.367362972,2026-04-26 22:32:10,I,15,傈免,2025-07-16 16:03:48,,2024-01-02,,牢玫堡开矫 吝备 脚蕊悼*啊 **-**,PHMG120243490019047000001,3490000,"牢玫堡开矫 吝备 辑秦措肺**锅辨 **-**, *摸摸 (脚蕊悼*啊)",22341,05,力寇/昏力/傈免,,,032-715-5002,98
揪力捞棵府宏康(林)备岿酒矫酒靛痢,,174132.743006197,437866.814042891,2026-04-26 22:33:45,I,13,康诀吝,2023-02-15 10:50:34,,2017-12-27,,牢玫堡开矫 巢悼备 备岿悼 ****锅瘤 *龋,PHMG120173530019047000082,3530000,"牢玫堡开矫 巢悼备 牢窍肺 ***, *摸 ***龋 (备岿悼)",21582,01,康诀/沥惑,,,,123.05
牢磐胶瓶(林),2025-12-02,175562.797530087,433079.845613073,2026-04-26 22:33:44,I,03,企诀,2025-12-02 11:20:55,,2017-01-10,,牢玫堡开矫 巢悼备 稠泅悼 ***锅瘤 *龋,PHMG120173530019047000003,3530000,"牢玫堡开矫 巢悼备 稠绊俺肺 **, ****龋 (稠泅悼, 焊固府琉炮)",21679,03,企诀,,,032-424-8542,71.83
林侥雀荤 茄惫洒鸥摹,,198351.818737482,451921.60302604,2026-04-26 22:32:20,I,13,康诀吝,2019-04-24 17:39:10,,2016-08-30,,辑匡漂喊矫 辆肺备 辑赴悼 **锅瘤 **摸,PHMG120163000034047000058,3000000,"辑匡漂喊矫 辆肺备 没拌玫肺 **, **摸 (辑赴悼, 康浅呼爹)",03188,01,康诀/沥惑,,,02-6322-8511,
甭葛醋皋叼漠,2019-02-26,207462.158544969,455354.185365746,2026-04-26 22:32:19,I,03,企诀,2019-02-28 15:04:07,,2017-03-03,,辑匡漂喊矫 吝尔备 吝拳悼 ***锅瘤 *龋 瘤窍*摸,PHMG120173060034047000011,3060000,"辑匡漂喊矫 吝尔备 惑豪吝居肺*辨 ** (吝拳悼, 瘤窍*摸)",02090,03,企诀,,,02-434-3051,
(林)力捞俊胶矩哪欺聪,,197465.223921125,452366.613899898,2026-04-26 22:32:31,I,13,康诀吝,2022-07-07 16:48:49,,2022-07-07,,辑匡漂喊矫 辆肺备 郴荐悼 ** 版锐泵狼酒魔 *窜瘤 ***龋,PHMG120223000034047000115,3000000,"辑匡漂喊矫 辆肺备 荤流肺*辨 **, 版锐泵狼酒魔 *窜瘤 ***龋 (郴荐悼)",03174,01,康诀/沥惑,,,02-6263-3581,
MS轰,,206357.499358155,454877.365399198,2026-04-26 22:32:24,I,13,康诀吝,2025-03-14 16:46:40,,2020-01-14,,,PHMG120203060034047000004,3060000,辑匡漂喊矫 吝尔备 吝尔开肺*促辨 ** (吝拳悼),02112,01,康诀/沥惑,,,02-9395-8958,
林侥雀荤 瘤叼郡,,198913.496136105,452416.170780139,2026-04-26 22:32:26,I,15,傈免,2023-12-15 10:00:52,,2021-02-25,,辑匡漂喊矫 辆肺备 倡盔悼 **-* 辆肺坷乔胶炮 ****龋,PHMG120213000034047000015,3000000,"辑匡漂喊矫 辆肺备 伙老措肺**辨 **, ****龋 (倡盔悼, 辆肺坷乔胶炮)",03132,05,力寇/昏力/傈免,,,,
(林)龋炮脚扼 力1咯按磐固澄 搁技痢,,150478.659112989,442070.010214354,2026-04-26 22:32:10,I,13,康诀吝,2023-06-20 16:19:30,,2023-06-19,,牢玫堡开矫 吝备 款辑悼 **** 牢玫傍亲,PHMG120233490019047000027,3490000,"牢玫堡开矫 吝备 傍亲肺 ***, 牢玫傍亲 (款辑悼)",22382,01,康诀/沥惑,,,,
揪蜡 埃籍肺令鳃,,174651.259202297,439960.658362582,2026-04-26 22:33:44,I,13,康诀吝,2016-11-16 15:56:52,,2016-11-16,,牢玫堡开矫 巢悼备 埃籍悼 ***锅瘤 *龋,PHMG120163530019047000100,3530000,"牢玫堡开矫 巢悼备 籍魂肺***锅辨 **, *悼 ***龋 (埃籍悼, 肺令鳃酒颇飘)",21545,01,康诀/沥惑,,,,
GS25宫悼窍疵痢,2025-12-03,207082.358458149,457049.254148268,2026-04-26 22:32:27,I,03,企诀,2025-12-03 15:14:02,,2022-02-08,,辑匡漂喊矫 吝尔备 宫悼 **-*,PHMG120223060034047000029,3060000,"辑匡漂喊矫 吝尔备 槛急克林肺*辨 **, *摸 (宫悼)",02031,03,企诀,,,,
牢玫亲楷救咯按磐固澄 CU,2025-05-13,164466.680768307,439172.179161566,2026-04-26 22:32:07,I,03,企诀,2025-05-13 18:03:12,,2022-06-15,,牢玫堡开矫 吝备 亲悼*啊 ** 牢玫亲 楷救咯按磐固澄,PHMG120223490019047000101,3490000,"牢玫堡开矫 吝备 楷救何滴肺 **, 牢玫亲 楷救咯按磐固澄 *摸 (亲悼*啊)",22349,03,企诀,,,,
妮赴胶,,175457.249689901,433279.105185572,2026-04-26 22:33:54,I,13,康诀吝,2025-08-01 16:19:09,,2025-08-01,,牢玫堡开矫 巢悼备 稠泅悼 ***-* 堡己橇扼磊,PHMG120253530019047000098,3530000,"牢玫堡开矫 巢悼备 没瓷措肺 ***, 堡己橇扼磊 ***-***龋 (稠泅悼)",21653,01,康诀/沥惑,,,,3.3
揪蜡 康辆胶墨捞矫萍痢,,160915.866665084,443312.498174512,2026-04-26 22:32:10,I,13,康诀吝,2023-08-10 11:10:53,,2023-08-09,,牢玫堡开矫 吝备 吝魂悼 ****-* 胶墨捞矫萍磊捞,PHMG120233490019047000035,3490000,"牢玫堡开矫 吝备 窍疵喊蝴肺 ***, 惑啊悼 瘤窍*摸 ***龋 (吝魂悼, 胶墨捞矫萍磊捞)",22398,01,康诀/沥惑,,,,57.8
鳃阁内府酒,,175301.221731985,439844.796258642,2026-04-26 22:33:47,I,13,康诀吝,2020-02-07 10:05:51,,2020-02-06,,牢玫堡开矫 巢悼备 备岿悼 ****锅瘤 *龋,PHMG120203530019047000009,3530000,"牢玫堡开矫 巢悼备 归裹肺 ***, *摸 傈何龋 (备岿悼)",21542,01,康诀/沥惑,,,,200.31
瘤俊胶25 悼牢玫夯痢,2022-06-27,167090.809072571,441636.514987553,2026-04-26 22:32:06,I,03,企诀,2022-06-29 15:28:57,,2022-02-11,,牢玫堡开矫 吝备 牢泅悼 *-*,PHMG120223490019047000041,3490000,"牢玫堡开矫 吝备 全抗巩肺 **, *摸 (牢泅悼)",22316,03,企诀,,,,
困聪酒吊盲埃籍痢,2015-08-07,173149.341445569,440078.641104127,2026-04-26 22:33:38,I,03,企诀,2015-08-07 10:26:12,,2009-07-17,405-726,牢玫堡开矫 巢悼备 埃籍*悼 浅覆酒捞盔酒颇飘惑啊 ***龋,PHMG120093530019047000019,3530000,"牢玫堡开矫 巢悼备 林救肺 ***, ***龋 (埃籍悼, 浅覆酒捞盔酒颇飘)",21505,03,企诀,,,,
吩单窍捞付飘(林) 父荐瘤痢,,175830.81875986,439697.117764356,2026-04-26 22:33:38,I,13,康诀吝,2020-11-23 10:53:37,,2011-02-01,405-861,牢玫堡开矫 巢悼备 父荐*悼 ***锅瘤,PHMG120113530019047000006,3530000,牢玫堡开矫 巢悼备 归裹肺 *** (父荐悼),21524,01,康诀/沥惑,,,,
酒府尔付南,2016-07-08,201282.378349367,452249.643664396,2026-04-26 22:32:18,I,03,企诀,2016-07-08 14:57:46,,2015-07-08,110-841,辑匡漂喊矫 辆肺备 芒脚悼 ***锅瘤 *龋 陛龋迫饭胶 ****龋,PHMG120153000034047000052,3000000,"辑匡漂喊矫 辆肺备 瘤豪肺 **, **摸 ****龋 (芒脚悼, 陛龋迫饭胶)",03121,03,企诀,,,02-959-9975,
揪蜡 埃籍贰固救痢,2016-12-30,172947.271548088,440378.162411326,2026-04-26 22:33:39,I,03,企诀,2016-12-30 18:03:07,,2016-12-30,405-751,牢玫堡开矫 巢悼备 埃籍悼 ***锅瘤 ***龋,PHMG120143530019047000081,3530000,"牢玫堡开矫 巢悼备 籍沥肺 ***-*, ***龋 (埃籍悼, 埃籍贰固救酒颇飘惑啊)",21504,03,企诀,,,,
浚俩昏胶,2013-11-11,201273.887781838,452163.292543039,2026-04-26 22:32:13,I,03,企诀,2013-12-20 17:28:51,,2012-01-11,110-841,辑匡漂喊矫 辆肺备 芒脚*悼 ***锅瘤 **龋  酱酱呼爹 *摸,PHMG120123000034047000004,3000000,"辑匡漂喊矫 辆肺备 瘤豪肺 ** (芒脚悼, 酱酱呼爹 *摸)",,03,企诀,,,070-4210-5210,
联官捞坷,2023-10-12,208607.023922745,455177.369240774,2026-04-26 22:32:28,I,03,企诀,2023-03-09 14:35:06,,2022-06-15,,辑匡漂喊矫 吝尔备 噶快悼 ***-*,PHMG120223060034047000123,3060000,"辑匡漂喊矫 吝尔备 侩付魂肺***辨 **, *摸 (噶快悼)",02164,03,企诀,,,02-433-6410,
厚俊捞摹郡(林),2024-06-18,207454.407452005,455579.914327116,2026-04-26 22:32:32,I,03,企诀,2024-06-18 15:42:18,,2022-10-25,,辑匡漂喊矫 吝尔备 吝拳悼 ***-**,PHMG120223060034047000214,3060000,"辑匡漂喊矫 吝尔备 豪拳魂肺 **, *摸 (吝拳悼)",02048,03,企诀,,,,
吩单归拳痢(橇府固俊陵福),2016-07-12,173523.274957491,438366.029400914,2026-04-26 22:33:38,I,24,流鼻企诀,2016-07-12 09:48:28,,2005-04-14,405-792,牢玫堡开矫 巢悼备 备岿*悼 ****锅瘤 吩单归拳痢 瘤窍*摸 老何,PHMG120053530019047000008,3530000,"牢玫堡开矫 巢悼备 抗贱肺 ***, 瘤窍*摸 (备岿悼, 吩单归拳痢)",21573,04,秒家/富家/父丰/沥瘤/吝瘤,,,,
桂桂秋胶纳绢,,173003.443153267,438314.90930011,2026-04-26 22:33:52,I,15,傈免,2024-06-05 09:09:07,,2024-05-31,,牢玫堡开矫 巢悼备 备岿悼 ****-*,PHMG120243530019047000060,3530000,"牢玫堡开矫 巢悼备 巩拳辑肺*锅辨 *-**, ***龋 (备岿悼)",21567,05,力寇/昏力/傈免,,,,19.8
捞胶涅绢,2016-12-29,173939.682305176,438848.027628916,2026-04-26 22:33:44,I,03,企诀,2016-12-29 16:06:37,,2015-11-25,,牢玫堡开矫 巢悼备 备岿悼 ****锅瘤 **龋,PHMG120153530019047000115,3530000,"牢玫堡开矫 巢悼备 牢林措肺***锅辨 **, ***龋 (备岿悼, 俊内扼捞橇)",21556,03,企诀,,,070-8222-0767,34.86
技红老饭红 搁格堡厘痢,2020-09-23,207562.458844463,454002.437933163,2026-04-26 22:32:17,I,03,企诀,2020-09-23 10:41:20,,2016-04-25,,辑匡漂喊矫 吝尔备 搁格悼,PHMG120163060034047000021,3060000,辑匡漂喊矫 吝尔备 扳犁肺 ***-* (搁格悼),02146,03,企诀,,,,
捞瘤篮饭靛努反,2011-05-30,,,2026-04-26 22:31:57,I,03,企诀,2011-05-31 10:47:25,,2011-05-30,,牢玫 吝备 款辑悼****-*,PHMG120053490019047000002,3490000,,,03,企诀,,,,
揪蜡康辆青汗痢,,161970.310867887,443691.305953728,2026-04-26 22:32:04,I,13,康诀吝,2022-02-07 10:57:08,,2022-02-07,,牢玫堡开矫 吝备 吝魂悼 ****-* 康辆**窜瘤青汗林琶酒颇飘 惑啊*龋,PHMG120223490019047000006,3490000,"牢玫堡开矫 吝备 滴固器肺 ***, 惑啊*龋 (吝魂悼, 康辆**窜瘤青汗林琶酒颇飘)",22394,01,康诀/沥惑,,,,
酒啊规岸矾府,,175633.883082614,433196.453155142,2026-04-26 22:33:39,I,13,康诀吝,2021-06-25 13:03:50,,2012-11-20,,牢玫堡开矫 巢悼备 稠泅悼 ***-*,PHMG120123530019047000035,3530000,"牢玫堡开矫 巢悼备 没瓷措肺 ***, 春内酒酒匡房 *摸 老何龋 (稠泅悼)",21667,01,康诀/沥惑,,,,11.24
春扼捞橇,,196519.116484177,452184.708830833,2026-04-26 22:32:29,I,13,康诀吝,2022-04-18 13:59:30,,2022-04-15,,辑匡漂喊矫 辆肺备 背合悼 **-* 何蓖呼爹 瘤窍*摸,PHMG120223000034047000090,3000000,"辑匡漂喊矫 辆肺备 价岿辨 ***, 何蓖呼爹 瘤窍*摸 (背合悼)",03165,01,康诀/沥惑,,,,
皋叼郊,,197465.223921125,452366.613899898,2026-04-26 22:32:33,I,15,傈免,2024-04-29 11:20:50,,2023-09-15,,辑匡漂喊矫 辆肺备 郴荐悼 ** 版锐泵狼酒魔 *窜瘤,PHMG120233000034047000052,3000000,"辑匡漂喊矫 辆肺备 荤流肺*辨 **, 版锐泵狼酒魔 *窜瘤 **摸 ****龋 (郴荐悼)",03174,05,力寇/昏力/傈免,,,,
府令颇付,,197487.974635557,452991.418902843,2026-04-26 22:32:16,I,13,康诀吝,2014-09-24 09:31:41,,2014-05-23,110-040,辑匡漂喊矫 辆肺备 烹狼悼 **锅瘤 **龋 *摸,PHMG120143000034047000027,3000000,"辑匡漂喊矫 辆肺备 磊窍巩肺**辨 **, *摸 (烹狼悼)",03044,01,康诀/沥惑,,,02-6258-1212,
啊恩浇扁惑荤,,174325.457146305,439672.231031271,2026-04-26 22:33:47,I,13,康诀吝,2020-03-04 09:33:08,,2020-03-03,,牢玫堡开矫 巢悼备 埃籍悼 ***锅瘤 *龋 埃籍贰固救磊捞酒颇飘,PHMG120203530019047000017,3530000,"牢玫堡开矫 巢悼备 巢悼措肺 ***, ***悼 ****龋 (埃籍悼, 埃籍贰固救磊捞酒颇飘)",21548,01,康诀/沥惑,,,,
捧力捞夯荤,2023-02-15,172600.49288469,440754.048448133,2026-04-26 22:33:51,I,03,企诀,2023-02-15 16:40:37,,2022-07-15,,牢玫堡开矫 巢悼备 埃籍悼 ***-** 脚盔酒魔档矫 厚,PHMG120223530019047000289,3530000,"牢玫堡开矫 巢悼备 版盔措肺 ***, 脚盔酒魔档矫 厚 ***悼 ***龋 (埃籍悼)",21502,03,企诀,,,,91.68
CU己闭包措版康包痢,2025-05-02,199242.8370807,454009.5047516,2026-04-26 22:32:32,I,03,企诀,2025-05-02 17:58:47,,2022-07-14,,辑匡漂喊矫 辆肺备 疙符*啊 **-** 己闭包措切背 版康包 瘤窍*摸,PHMG120223000034047000141,3000000,"辑匡漂喊矫 辆肺备 己闭包肺 **-*, 己闭包措切背 版康包 瘤窍*摸 (疙符*啊)",03063,03,企诀,,,,
揪胶其捞胶 祈狼痢 豪劳痢,2023-06-23,199316.292376668,452197.540143506,2026-04-26 22:32:29,I,03,企诀,2023-06-23 15:17:09,,2022-02-23,,辑匡漂喊矫 辆肺备 豪劳悼 ***-* 康悼呼爹,PHMG120223000034047000072,3000000,"辑匡漂喊矫 辆肺备 捣拳巩肺*唱辨 **, 康悼呼爹 *摸 (豪劳悼)",03138,03,企诀,,,,
春扼牢,2016-02-23,200257.061566929,452233.907627057,2026-04-26 22:32:05,I,24,流鼻企诀,2016-02-23 18:15:16,,2007-12-28,110-850,辑匡漂喊矫 辆肺备 瓤力悼 ***锅瘤 磊牢呼爹 ***龋,PHMG120073000034047000041,3000000,"辑匡漂喊矫 辆肺备 辆肺**辨 **, ***龋 (瓤力悼,磊牢呼爹)",,04,秒家/富家/父丰/沥瘤/吝瘤,,,02-2277-8851,
窍唱,2016-07-12,175467.055067858,433546.218246566,2026-04-26 22:33:39,I,24,流鼻企诀,2016-07-12 09:49:43,,2012-12-14,405-825,牢玫堡开矫 巢悼备 稠泅悼 ***锅瘤 *龋 ***龋,PHMG120123530019047000038,3530000,"牢玫堡开矫 巢悼备 稠泅肺 ***, ***龋 (稠泅悼)",21653,04,秒家/富家/父丰/沥瘤/吝瘤,,,032-214-1891,65.94
技红老饭红 康辆器饭胶飘痢,2024-12-30,155439.523171964,443179.669702494,2026-04-26 22:32:09,I,03,企诀,2026-02-26 10:27:40,,2023-02-01,,牢玫堡开矫 吝备 款辑悼 ****-*,PHMG120233490019047000010,3490000,"牢玫堡开矫 吝备 闰官困肺 ***, 歹抗胶器饭胶飘 ***, ***龋 (款辑悼)",22376,03,企诀,,,,79.19
颇呼府柯,,174293.158593969,433914.968895595,2026-04-26 22:33:52,I,13,康诀吝,2024-03-18 10:12:52,,2024-03-18,,牢玫堡开矫 巢悼备 稠泅悼 ***-* 稠泅 颇农 器饭,PHMG120243530019047000033,3530000,"牢玫堡开矫 巢悼备 篮豪肺***锅辨 **, ***悼 ****龋 (稠泅悼, 稠泅 颇农 器饭)",21640,01,康诀/沥惑,,,,84.94
俊胶骏抛农,,201949.65163583,452677.676438417,2026-04-26 22:32:34,I,13,康诀吝,2024-07-03 16:26:37,,2024-07-03,,辑匡漂喊矫 辆肺备 件牢悼 **** 吝居呼爹,PHMG120243000034047000030,3000000,"辑匡漂喊矫 辆肺备 焊巩肺*辨 *, 吝居呼爹 *摸 ***龋 (件牢悼)",03111,01,康诀/沥惑,,,,
旷柳侥前林侥雀荤,2010-05-12,,,2026-04-26 22:32:05,I,03,企诀,2010-05-19 09:37:29,,2007-12-12,110-789,辑匡漂喊矫 辆肺备 辆肺*啊 * 辆肺鸥况 *摸,PHMG120073000034047000040,3000000,,,03,企诀,,,02-3668-9187,
捞冠烹惑,,176565.108032271,440265.084695123,2026-04-26 22:33:45,I,13,康诀吝,2018-03-29 11:28:05,,2018-03-28,,牢玫堡开矫 巢悼备 父荐悼 *锅瘤 ***龋,PHMG120183530019047000021,3530000,"牢玫堡开矫 巢悼备 父荐肺**锅辨 **, *摸 傈眉龋 (父荐悼)",21521,01,康诀/沥惑,,,,112.14
瘤俊胶(GS)25 吝备亲悼痢,,164842.518137436,439119.145063786,2026-04-26 22:32:09,I,13,康诀吝,2022-09-13 14:11:38,,2022-09-13,,牢玫堡开矫 吝备 亲悼*啊 **-**,PHMG120223490019047000144,3490000,"牢玫堡开矫 吝备 楷救何滴肺**锅辨 **, *摸 (亲悼*啊)",22348,01,康诀/沥惑,,,,
柳己惑荤,,173500.9061555,438056.800362993,2026-04-26 22:33:53,I,13,康诀吝,2026-01-07 09:54:54,,2025-04-08,,牢玫堡开矫 巢悼备 备岿悼 **** 技悼匙坷胶,PHMG120253530019047000045,3530000,"牢玫堡开矫 巢悼备 牢窍肺***锅辨 **, 技悼匙坷胶 ***-***龋 (备岿悼)",21574,01,康诀/沥惑,,,,1.65
宏捞浚厚,,172797.122604371,433931.185296708,2026-04-26 22:33:52,I,13,康诀吝,2024-04-18 17:10:17,,2024-04-18,,牢玫堡开矫 巢悼备 绊儡悼 *** 巢悼傍窜魂诀侩前惑啊,PHMG120243530019047000044,3530000,"牢玫堡开矫 巢悼备 篮没肺 *-*, 巢悼傍窜魂诀侩前惑啊 B悼 ***龋 (绊儡悼)",21633,01,康诀/沥惑,,,,
技红老饭红 牢玫吝备档盔痢,,167842.679313927,440571.657680846,2026-04-26 22:32:03,I,13,康诀吝,2024-03-15 10:29:43,,2021-05-07,,牢玫堡开矫 吝备 档盔悼 **-**,PHMG120213490019047000014,3490000,牢玫堡开矫 吝备 档盔肺**锅辨 * (档盔悼),22327,01,康诀/沥惑,,,,65.8
秦乔家葱,2017-10-12,174586.312974072,440309.170476887,2026-04-26 22:33:39,I,03,企诀,2017-10-12 11:16:18,,2013-07-02,405-801,牢玫堡开矫 巢悼备 埃籍*悼 ***锅瘤 **龋 *摸,PHMG120133530019047000025,3530000,"牢玫堡开矫 巢悼备 归裹肺 ***-*, *摸 (埃籍悼)",21510,03,企诀,,,,49.5
俊捞胶皋叼内胶,,173815.048783127,440611.301655235,2026-04-26 22:33:43,I,13,康诀吝,2020-05-21 18:12:46,,2015-04-30,,牢玫堡开矫 巢悼备 埃籍悼 ***锅瘤 *龋,PHMG120153530019047000045,3530000,"牢玫堡开矫 巢悼备 归裹肺 ***, 霖疙呼爹 ***龋 (埃籍悼)",21507,01,康诀/沥惑,,,,149.93
扒碍哪欺聪,2026-03-18,176474.340489638,433913.889794795,2026-04-26 22:33:53,I,03,企诀,2026-03-18 11:48:34,,2025-02-12,,牢玫堡开矫 巢悼备 稠泅悼 ***-* 绒刚矫酒仟福郴付阑**窜瘤酒颇飘,PHMG120253530019047000024,3530000,"牢玫堡开矫 巢悼备 器备肺 **, ****悼 ****龋 (稠泅悼, 绒刚矫酒仟福郴付阑**窜瘤酒颇飘)",21662,03,企诀,,,032-465-0982,
(林)厚瘤俊橇府抛老 伙己捍盔2,2017-11-14,197111.969637621,451776.44366444,2026-04-26 22:32:18,I,03,企诀,2017-11-14 17:45:23,,2015-03-30,110-746,辑匡漂喊矫 辆肺备 乞悼 ***锅瘤 *龋 碍合伙己捍盔 焊康呼爹悼 瘤窍*摸龋,PHMG120153000034047000018,3000000,"辑匡漂喊矫 辆肺备 货巩救肺 **, 焊康呼爹悼 瘤窍*摸 (乞悼, 碍合伙己捍盔 )",03181,03,企诀,,,,
辨哈 荤雀利蛆悼炼钦,,208215.309352704,454296.43536491,2026-04-26 22:32:36,I,13,康诀吝,2025-11-07 14:37:04,,2025-11-07,,辑匡漂喊矫 吝尔备 噶快悼 ***-* SK脚老林蜡家,PHMG120253060034047000068,3060000,"辑匡漂喊矫 吝尔备 惑豪肺 **, SK脚老林蜡家 *摸 (噶快悼)",02175,01,康诀/沥惑,,,070-5208-8882,
海捞流郡福,2014-07-22,172419.743721009,440865.63488269,2026-04-26 22:33:38,I,03,企诀,2014-07-22 14:37:00,,2011-07-01,405-810,牢玫堡开矫 巢悼备 埃籍*悼 ***锅瘤 埃籍权敲矾胶 *摸老何,PHMG120113530019047000023,3530000,"牢玫堡开矫 巢悼备 版盔措肺 ***, *摸 (埃籍悼, 埃籍权敲矾胶)",,03,企诀,,,,
吝尔窍唱蛆悼炼钦,,207617.179168072,454085.603460975,2026-04-26 22:32:33,I,13,康诀吝,2023-06-07 08:59:43,,2023-06-05,,辑匡漂喊矫 吝尔备 搁格悼 ***-** 吩单府酒,PHMG120233060034047000061,3060000,"辑匡漂喊矫 吝尔备 搁格肺 ***, 吩单府酒 *摸 (搁格悼)",02146,01,康诀/沥惑,,,,
篮蝴青汗啊霸,2015-05-21,198801.798889451,452389.427877756,2026-04-26 22:32:10,I,03,企诀,2015-05-21 16:50:50,,2010-11-12,110-310,辑匡漂喊矫 辆肺备 版款悼 **锅瘤 *龋,PHMG120103000034047000046,3000000,辑匡漂喊矫 辆肺备 伙老措肺 *** (版款悼),,03,企诀,,,02-739-9505,
脚瘤惑荤,2011-07-13,,,2026-04-26 22:32:01,I,03,企诀,2011-07-13 17:53:45,,2004-10-02,110-521,辑匡漂喊矫 辆肺备 疙符悼*啊 **-* *摸,PHMG120043000034047000026,3000000,,,03,企诀,,,02-745-2600,
泅措狼丰扁,2009-03-16,,,2026-04-26 22:31:58,I,03,企诀,2009-07-08 10:23:45,,2006-02-23,131-853,辑匡漂喊矫 吝尔备 宫*悼 ***-*,PHMG120063060034047000006,3060000,,,03,企诀,,,02-974-7711,
绢哪欺聪,,176289.301104774,433115.954737015,2026-04-26 22:33:54,I,13,康诀吝,2025-10-14 15:36:31,,2025-10-14,,牢玫堡开矫 巢悼备 稠泅悼 ***-* 俊内皋飘肺*瞒 歹鸥况,PHMG120253530019047000115,3530000,"牢玫堡开矫 巢悼备 家贰开巢肺 **, A悼 ****龋 (稠泅悼, 俊内皋飘肺*瞒 歹鸥况)",21674,01,康诀/沥惑,,,,
(林)内府酒技红 辆肺龋胶炮内府酒痢,,199074.670635062,452648.894407231,2026-04-26 22:32:34,I,13,康诀吝,2024-06-14 15:51:11,,2024-06-14,,辑匡漂喊矫 辆肺备 客锋悼 ***,PHMG120243000034047000027,3000000,"辑匡漂喊矫 辆肺备 捣拳巩肺 **, *摸 (客锋悼)",03131,01,康诀/沥惑,,,,
胶鸥虐焊没扁 悼牢玫痢,2008-12-19,,,2026-04-26 22:31:57,I,03,企诀,2009-12-17 19:40:47,,2005-07-18,,牢玫 吝备 牢泅悼*-*,PHMG120053490019047000003,3490000,,,03,企诀,,,032-777-5114,
滴坷厚令,,198342.219430772,452565.758843258,2026-04-26 22:32:18,I,15,傈免,2017-03-23 11:39:16,,2015-09-23,,辑匡漂喊矫 辆肺备 荐价悼 **锅瘤 *摸,PHMG120153000034047000070,3000000,"辑匡漂喊矫 辆肺备 啦邦肺 **, *摸 (荐价悼)",03143,05,力寇/昏力/傈免,,,02-468-3325,
CU 惑豪痢,,207448.561270644,454661.159162853,2026-04-26 22:32:29,I,13,康诀吝,2022-07-14 09:53:15,,2022-07-12,,辑匡漂喊矫 吝尔备 惑豪悼 ***,PHMG120223060034047000138,3060000,辑匡漂喊矫 吝尔备 搁格肺**辨 **(惑豪悼),02138,01,康诀/沥惑,,,,
催鹅锰⑦,2004-11-19,206845.240077017,456329.078432277,2026-04-26 22:31:56,I,03,企诀,2009-07-23 09:58:59,,2002-12-12,131-849,辑匡漂喊矫 吝尔备 宫*悼 ***锅瘤 ***龋,PHMG120023060034047000032,3060000,,,03,企诀,,,02-948-0010,51
秦乔掉府滚,,176419.741368027,438138.02645936,2026-04-26 22:33:52,I,13,康诀吝,2023-07-07 13:36:57,,2023-07-07,,牢玫堡开矫 巢悼备 父荐悼 **** 巢悼酒颇飘,PHMG120233530019047000108,3530000,"牢玫堡开矫 巢悼备 厘铰巢肺**锅辨 **, ***悼 ***龋 (父荐悼, 巢悼酒颇飘)",21594,01,康诀/沥惑,,,,
酒规,,173504.368168278,438087.614175387,2026-04-26 22:33:38,I,13,康诀吝,2011-12-28 16:20:26,,2006-06-20,,备岿悼**** *摸,PHMG120063530019047000009,3530000,"牢玫堡开矫 巢悼备 牢窍肺***锅辨 **, *摸 (备岿悼)",21574,01,康诀/沥惑,,,,
揪蜡(CU) 款辑荤尔痢,2025-03-17,156600.722324881,442389.723013308,2026-04-26 22:32:09,I,03,企诀,2025-03-13 14:28:31,,2023-01-03,,牢玫堡开矫 吝备 款辑悼 ****-**,PHMG120233490019047000001,3490000,牢玫堡开矫 吝备 款辑*肺 *(款辑悼),22375,03,企诀,,,,102.32
蜡矩固 秋胶纳绢,,207727.590672444,454084.635304618,2026-04-26 22:32:21,I,15,傈免,2020-11-02 09:32:57,,2018-04-23,,辑匡漂喊矫 吝尔备 搁格悼 ***锅瘤 **龋 A悼*摸 ***龋-*,PHMG120183060034047000014,3060000,"辑匡漂喊矫 吝尔备 搁格肺**辨 **, A悼*摸 ***龋-* (搁格悼)",02161,05,力寇/昏力/傈免,,,02-496-9095,
厚盔皋叼,2016-01-11,206577.115101994,454272.716857296,2026-04-26 22:32:13,I,03,企诀,2016-01-12 09:30:10,,2014-02-19,131-824,辑匡漂喊矫 吝尔备 搁格悼 ***锅瘤 ***龋 瘤窍*摸,PHMG120143060034047000015,3060000,"辑匡漂喊矫 吝尔备 悼老肺***辨 **, 瘤窍*摸 (搁格悼)",02127,03,企诀,,,,
(林)版牢苞切,,199052.164234663,452535.569961658,2026-04-26 22:32:10,I,13,康诀吝,2011-03-08 20:38:15,,2011-02-28,110-340,辑匡漂喊矫 辆肺备 劳急悼 **锅瘤 泅措哆饭厚居  ***龋,PHMG120113000034047000009,3000000,"辑匡漂喊矫 辆肺备 捣拳巩肺**啊辨 **, ***龋 (劳急悼,泅措哆饭厚居)",,01,康诀/沥惑,,,02-3675-0088,
捞付飘24 伙没悼痢,2024-06-21,198286.187157832,453260.691369535,2026-04-26 22:32:27,I,03,企诀,2024-06-21 13:03:02,,2021-05-11,,辑匡漂喊矫 辆肺备 拳悼 ** 救价呼爹,PHMG120213000034047000075,3000000,"辑匡漂喊矫 辆肺备 伙没肺 **, 救价呼爹 (拳悼)",03053,03,企诀,,,070-7700-2750,
悼酒皋叼漠,,206993.882836422,455380.498170548,2026-04-26 22:32:10,I,15,傈免,2021-02-05 10:11:48,,2011-12-09,131-121,辑匡漂喊矫 吝尔备 吝拳*悼 ***锅瘤 *龋,PHMG120113060034047000050,3060000,辑匡漂喊矫 吝尔备 悼老肺 *** (吝拳悼),,05,力寇/昏力/傈免,,,02-432-9910,
棱拳促侥,2024-05-16,174682.173416366,440632.83892879,2026-04-26 22:33:52,I,03,企诀,2024-05-16 13:38:13,,2023-10-05,,牢玫堡开矫 巢悼备 埃籍悼 **-* 脚茄酒颇飘,PHMG120233530019047000154,3530000,"牢玫堡开矫 巢悼备 侩玫肺 ***, *悼 *摸 ***龋 (埃籍悼, 脚茄酒颇飘)",21511,03,企诀,,,,
溃葫纳绢,2018-08-31,206774.874230196,457011.632629502,2026-04-26 22:32:21,I,03,企诀,2018-08-31 13:45:57,,2017-10-12,,辑匡漂喊矫 吝尔备 宫悼 ***锅瘤 *摸,PHMG120183060034047000018,3060000,"辑匡漂喊矫 吝尔备 吝尔开肺 ***, *摸 (宫悼)",02033,03,企诀,,,,
CU盔巢荤芭府痢,,199750.932694302,452592.759611754,2026-04-26 22:32:33,I,13,康诀吝,2023-04-14 09:14:30,,2023-04-13,,辑匡漂喊矫 辆肺备 盔巢悼 **-* 芒版呼爹,PHMG120233000034047000020,3000000,"辑匡漂喊矫 辆肺备 啦邦肺 ***, 芒版呼爹 *摸 (盔巢悼)",03127,01,康诀/沥惑,,,,
骏叼乔酒,2018-05-15,197322.764722536,453302.187993402,2026-04-26 22:32:15,I,03,企诀,2018-05-15 14:21:01,,2013-10-15,110-035,辑匡漂喊矫 辆肺备 苛牢悼 **锅瘤 *龋 瘤窍*摸,PHMG120133000034047000046,3000000,"辑匡漂喊矫 辆肺备 磊窍巩肺 **-*, 瘤窍*摸 (苛牢悼)",03035,03,企诀,,,,
技红老饭红 牢玫备岿橇扼框痢,,173624.725218013,438975.590224371,2026-04-26 22:33:54,I,13,康诀吝,2025-11-07 10:24:59,,2025-11-06,,牢玫堡开矫 巢悼备 备岿悼 ****-** 备岿橇扼框酒飘,PHMG120253530019047000120,3530000,"牢玫堡开矫 巢悼备 抗贱肺***锅辨 **, 备岿橇扼框酒飘 *摸 ***龋 (备岿悼)",21558,01,康诀/沥惑,,,,56.76
敲矾胶哪欺聪,,167267.231291206,441612.725340262,2026-04-26 22:32:12,I,13,康诀吝,2025-09-12 16:26:26,,2020-03-13,,牢玫堡开矫 吝备 牢泅悼 *-***,PHMG120253490019047000018,3490000,"牢玫堡开矫 吝备 曼寇傈肺 ***-*, *, *摸 (牢泅悼)",22316,01,康诀/沥惑,,,,
力狐牢积胶配绢,2025-01-13,174431.49712362,439194.306759719,2026-04-26 22:33:51,I,03,企诀,2025-01-13 13:57:58,,2022-10-13,,牢玫堡开矫 巢悼备 备岿悼 ** 鳃胶抛捞飘吩单某浇榜靛*窜瘤酒颇飘,PHMG120223530019047000396,3530000,"牢玫堡开矫 巢悼备 备岿肺 ***, ****悼 *摸 ***龋 (备岿悼, 鳃胶抛捞飘吩单某浇榜靛*窜瘤酒颇飘)",21561,03,企诀,,,,
炼矩冠内胶颇牢季磐,2018-10-16,175348.033162068,439172.006109592,2026-04-26 22:33:44,I,03,企诀,2018-10-16 13:23:14,,2016-04-29,,牢玫堡开矫 巢悼备 备岿悼 ****锅瘤 *龋,PHMG120163530019047000029,3530000,"牢玫堡开矫 巢悼备 龋备器肺***锅辨 **, *摸 ***龋 (备岿悼)",21534,03,企诀,,,,185.06
叼奇歹矫弊聪媚,,172937.577216559,434208.033824157,2026-04-26 22:33:53,I,13,康诀吝,2025-02-24 17:33:59,,2018-10-08,,牢玫堡开矫 巢悼备 稠泅悼 *** 稠泅*瞒仟福瘤坷矫萍,PHMG120253530019047000030,3530000,"牢玫堡开矫 巢悼备 巢悼辑肺***锅辨 **, 稠泅*瞒仟福瘤坷矫萍 ***龋老何(B**)龋 (稠泅悼)",21632,01,康诀/沥惑,,,,3.3
(林)俊摹客捞 备岿痢,2025-07-29,175293.197323925,439605.985108851,2026-04-26 22:33:50,I,03,企诀,2025-07-29 16:15:55,,2022-03-29,,牢玫堡开矫 巢悼备 备岿悼 ****-*,PHMG120223530019047000210,3530000,"牢玫堡开矫 巢悼备 归裹肺***锅辨 **, *摸 老何龋 (备岿悼)",21542,03,企诀,,,032-465-2682,
瘤俊胶25 牢玫傍亲 背烹季磐痢,2024-07-30,150478.659112989,442070.010214354,2026-04-26 22:32:00,I,03,企诀,2024-07-31 14:20:02,,2018-01-09,,牢玫堡开矫 吝备 款辑悼 ****锅瘤 牢玫傍亲,PHMG120183490019047000002,3490000,"牢玫堡开矫 吝备 傍亲肺 ***, 牢玫傍亲 (款辑悼)",22382,03,企诀,,,,122.9
快泅皋叼咆,,206808.914669794,456949.35802282,2026-04-26 22:32:13,I,15,傈免,2022-05-09 15:33:48,,2013-10-28,131-757,辑匡漂喊矫 吝尔备 宫*悼 ***锅瘤 *龋 宫悼磊捞酒颇飘 ***龋,PHMG120133060034047000065,3060000,"辑匡漂喊矫 吝尔备 槛急克林肺 *-*, ***龋 (宫悼, 宫悼磊捞*窜瘤惑啊)",02033,05,力寇/昏力/傈免,,,,
(林)焊鞘 牢玫季磐,2015-07-22,175559.122659031,433504.10945472,2026-04-26 22:33:39,I,03,企诀,2015-07-22 09:29:07,,2014-05-02,405-825,牢玫堡开矫 巢悼备 稠泅悼 ***锅瘤 *龋 ***龋,PHMG120143530019047000023,3530000,"牢玫堡开矫 巢悼备 稠绊俺肺***锅辨 **, ***龋 (稠泅悼)",,03,企诀,,,,66.06
措茄焊没扁,,199008.283071201,452032.973545643,2026-04-26 22:31:58,I,13,康诀吝,2014-03-04 10:17:21,,2000-06-30,110-123,辑匡漂喊矫 辆肺备 辆肺*啊 *锅瘤,PHMG120003000034047000003,3000000,辑匡漂喊矫 辆肺备 荐钎肺 *** (辆肺*啊),03139,01,康诀/沥惑,,,02-743-8100,
技红老饭红 牢玫捞拳荤芭府痢,2023-02-01,172494.909378608,440519.735450141,2026-04-26 22:33:48,I,03,企诀,2023-01-26 15:26:34,,2021-05-17,,牢玫堡开矫 巢悼备 埃籍悼 ***-**,PHMG120213530019047000095,3530000,"牢玫堡开矫 巢悼备 版盔措肺 ***, *摸 ***龋 老何龋 (埃籍悼)",21501,03,企诀,,,,54
悼剧傈磊狼丰扁,2008-11-27,199383.197681781,451993.773380452,2026-04-26 22:32:00,I,03,企诀,2013-02-08 15:16:30,,2003-04-23,110-123,辑匡漂喊矫 辆肺备 辆肺*啊 ***-*,PHMG120033000034047000010,3000000,辑匡漂喊矫 辆肺备 辆肺 ***-* (辆肺*啊),,03,企诀,,,02-2279-1289,
瘤骏(GM)积疙苞切,2017-08-23,176248.271431844,439776.525000024,2026-04-26 22:33:44,I,03,企诀,2017-08-24 09:50:37,,2017-08-07,,牢玫堡开矫 巢悼备 父荐悼 ***锅瘤 **龋,PHMG120173530019047000051,3530000,"牢玫堡开矫 巢悼备 父荐肺**锅辨 *-**, *摸 傈眉龋 (父荐悼)",21524,03,企诀,,,,
力捞哪欺聪,2020-09-29,208148.792134896,453284.091521033,2026-04-26 22:32:23,I,03,企诀,2020-10-05 09:07:40,,2018-12-26,,辑匡漂喊矫 吝尔备 搁格悼 ***锅瘤 **龋 瘤摸 *龋,PHMG120183060034047000041,3060000,"辑匡漂喊矫 吝尔备 搁格肺**辨 **, 瘤摸 *龋 (搁格悼)",02212,03,企诀,,,,
措辨荤捞攫胶,,199278.043882385,451978.727050146,2026-04-26 22:32:25,I,13,康诀吝,2020-01-30 13:29:17,,2020-01-29,,辑匡漂喊矫 辆肺备 辆肺*啊 ***锅瘤 *龋 ***龋,PHMG120203000034047000006,3000000,"辑匡漂喊矫 辆肺备 捣拳巩肺*辨 *, ***龋 (辆肺*啊)",03193,01,康诀/沥惑,,,02-6487-5587,
泅措狼丰扁,2010-12-27,,,2026-04-26 22:31:57,I,03,企诀,2011-10-05 17:36:11,,2003-08-12,,牢玫 吝备 脚蕊悼 *啊 *-***,PHMG120033490019047000001,3490000,,,03,企诀,,,032-888-8555,13.97
技红老饭红 牢玫埃籍矫厘痢,2019-10-16,174667.779823589,440396.986956508,2026-04-26 22:33:39,I,03,企诀,2019-10-18 11:07:46,,2014-10-27,405-800,牢玫堡开矫 巢悼备 埃籍悼 **锅瘤 **龋,PHMG120143530019047000062,3530000,"牢玫堡开矫 巢悼备 侩玫肺 ***, *摸 (埃籍悼)",21511,03,企诀,,,,
版汗皋叼,,197607.398336321,452120.026024435,2026-04-26 22:32:29,I,13,康诀吝,2022-04-27 17:27:34,,2022-04-27,,"辑匡漂喊矫 辆肺备 寸林悼 *** ,*摸 ***龋 老何 ***龋",PHMG120223000034047000092,3000000,"辑匡漂喊矫 辆肺备 技辆措肺**辨 **, ,*摸 ***龋 老何 ***龋 (寸林悼)",03182,01,康诀/沥惑,,,02-6383-0310,
郡俊捞摹惑荤,,171932.255506635,432716.560454157,2026-04-26 22:33:51,I,13,康诀吝,2022-07-20 09:34:45,,2022-07-15,,牢玫堡开矫 巢悼备 绊儡悼 ***,PHMG120223530019047000283,3530000,"牢玫堡开矫 巢悼备 巢悼辑肺 **, *摸 老何龋 (绊儡悼)",21700,01,康诀/沥惑,,,,165.29
捞付飘俊宏府单捞 牢玫稠泅痢,2025-09-23,175601.963557102,432975.191629733,2026-04-26 22:33:53,I,03,企诀,2025-09-23 11:13:36,,2024-08-23,,牢玫堡开矫 巢悼备 稠泅悼 ***-* 固福橇扼磊,PHMG120243530019047000096,3530000,"牢玫堡开矫 巢悼备 巨绊俺肺***锅辨 **, 固福橇扼磊 *摸 ***~***龋 (稠泅悼)",21679,03,企诀,,,,470.85
货芬 牢磐郴寂澄,2022-06-13,173334.07908915,440574.867625308,2026-04-26 22:33:47,I,03,企诀,2022-06-14 16:37:33,,2020-04-09,,牢玫堡开矫 巢悼备 埃籍悼 ***锅瘤 *龋,PHMG120203530019047000031,3530000,"牢玫堡开矫 巢悼备 籍沥肺 ***, *摸 老何龋 (埃籍悼)",21504,03,企诀,,,,10
GS25 吝居酒矫酒靛痢,2022-09-19,174246.454268522,437830.958320029,2026-04-26 22:33:49,I,03,企诀,2022-09-20 08:50:47,,2022-02-13,,牢玫堡开矫 巢悼备 备岿悼 ****-* 吝居橇扼磊,PHMG120223530019047000128,3530000,"牢玫堡开矫 巢悼备 急荐锰傍盔肺 **, 吝居橇扼磊 ***龋 (备岿悼)",21582,03,企诀,,,,
瘤郡惑荤,,175712.202864723,437928.638085302,2026-04-26 22:33:48,I,13,康诀吝,2021-05-13 15:37:50,,2021-05-13,,牢玫堡开矫 巢悼备 荐魂悼 **-*,PHMG120213530019047000092,3530000,"牢玫堡开矫 巢悼备 版脚肺**锅辨 *, *摸 傈眉龋 (荐魂悼)",21588,01,康诀/沥惑,,,,163.39
航航,2025-09-02,198803.258579457,452356.426758946,2026-04-26 22:32:29,I,24,流鼻企诀,2025-09-02 14:14:03,,2022-03-23,,辑匡漂喊矫 辆肺备 倡盔悼 ***-* 扒惫呼爹(牢荤包) ***龋,PHMG120223000034047000081,3000000,"辑匡漂喊矫 辆肺备 伙老措肺 ***, 扒惫呼爹(牢荤包) ***龋 (倡盔悼)",03148,04,秒家/富家/父丰/沥瘤/吝瘤,,,,
俊胶舅 酒捞矩揪,2019-05-03,206932.644588013,453428.448740461,2026-04-26 22:32:16,I,03,企诀,2019-05-03 10:55:07,,2015-04-10,131-822,辑匡漂喊矫 吝尔备 搁格悼 ***锅瘤 **龋 *摸,PHMG120153060034047000033,3060000,"辑匡漂喊矫 吝尔备 悼老肺**辨 *-*, *摸 (搁格悼)",02232,03,企诀,,,,
郡覆犁啊规巩季磐,,209077.307486161,455809.977181455,2026-04-26 22:32:23,I,13,康诀吝,2019-09-23 13:02:02,,2019-09-10,,辑匡漂喊矫 吝尔备 噶快悼 ***锅瘤 *龋,PHMG120193060034047000054,3060000,"辑匡漂喊矫 吝尔备 价覆辨 ***, *摸 (噶快悼)",02061,01,康诀/沥惑,,,,
候亥官捞坷,2016-10-06,197567.747824202,452347.973860449,2026-04-26 22:32:15,I,03,企诀,2016-10-06 16:56:23,,2014-01-13,110-070,辑匡漂喊矫 辆肺备 郴荐悼 **锅瘤 侩厚绢玫啊 ****龋,PHMG120143000034047000003,3000000,"辑匡漂喊矫 辆肺备 货巩救肺*辨 **, ****龋 (郴荐悼, 侩厚绢玫啊)",03173,03,企诀,,,070-8258-5123,
档酒皋叼漠,,198324.653631679,452252.812389497,2026-04-26 22:32:19,I,15,傈免,2017-01-13 15:26:05,,2016-06-10,,辑匡漂喊矫 辆肺备 荐价悼 **锅瘤 滴魂困宏颇呼府柯 ****龋,PHMG120163000034047000045,3000000,"辑匡漂喊矫 辆肺备 伙豪肺 **, ****龋 (荐价悼, 滴魂困宏颇呼府柯)",03150,05,力寇/昏力/傈免,,,,
泅老乏乔酒,,199052.164234663,452535.569961658,2026-04-26 22:32:14,I,13,康诀吝,2013-02-08 12:43:20,,2012-09-04,110-340,辑匡漂喊矫 辆肺备 劳急悼 **锅瘤 泅措哆饭厚居 ***龋,PHMG120123000034047000041,3000000,"辑匡漂喊矫 辆肺备 捣拳巩肺**啊辨 **, ***龋 (劳急悼, 泅措哆饭厚居)",03132,01,康诀/沥惑,,,02-763-0754,
肺郡秋胶纳绢,2025-09-02,198599.354528711,451963.264066125,2026-04-26 22:32:26,I,24,流鼻企诀,2025-09-02 14:13:11,,2020-05-06,,辑匡漂喊矫 辆肺备 辆肺*啊 **锅瘤 *龋 措茄扁刀背辑雀 *摸,PHMG120203000034047000031,3000000,"辑匡漂喊矫 辆肺备 辆肺 **, 措茄扁刀背辑雀 *摸 (辆肺*啊)",03189,04,秒家/富家/父丰/沥瘤/吝瘤,,,,
瘤驱肺款积劝,2022-01-17,207163.791145804,454984.412728653,2026-04-26 22:32:26,I,03,企诀,2022-01-17 16:34:15,,2021-09-06,,辑匡漂喊矫 吝尔备 吝拳悼 *** 吝拳茄脚酒颇飘,PHMG120213060034047000107,3060000,"辑匡漂喊矫 吝尔备 悼老肺 ***, ***悼 *摸 ***龋 (吝拳悼, 吝拳茄脚酒颇飘)",02095,03,企诀,,,,
技红老饭红 牢玫2傍亲俊绢荤捞靛痢,2024-05-20,149829.251166424,440865.963248498,2026-04-26 22:32:03,I,03,企诀,2024-05-22 17:04:25,,2021-05-10,,牢玫堡开矫 吝备 款辑悼 ****,PHMG120213490019047000010,3490000,"牢玫堡开矫 吝备 力*磐固澄措肺 ***, *摸 *-**-**龋 (款辑悼)",22382,03,企诀,,,032-743-1640,129
林侥雀荤 啊柯叼,,206994.154050121,455522.929612313,2026-04-26 22:32:26,I,13,康诀吝,2021-08-25 14:16:16,,2021-07-22,,辑匡漂喊矫 吝尔备 吝拳悼 ***-** 没盔促固家酒颇飘,PHMG120213060034047000094,3060000,"辑匡漂喊矫 吝尔备 悼老肺***辨 **, 惑啊 ***龋 (吝拳悼, 没盔促固家酒颇飘)",02051,01,康诀/沥惑,,,,
CU(揪蜡) 康辆胶鸥鳃胶痢,,155310.903204623,443484.899162499,2026-04-26 22:32:07,I,13,康诀吝,2022-03-24 21:13:08,,2022-03-24,,牢玫堡开矫 吝备 款辑悼 ****-*,PHMG120223490019047000084,3490000,牢玫堡开矫 吝备 康辆措肺***锅辨 **(款辑悼),22376,01,康诀/沥惑,,,,
(林)可萍公胶,,179094.736222943,437047.281866031,2026-04-26 22:33:47,I,13,康诀吝,2020-06-23 16:42:09,,2020-06-22,,牢玫堡开矫 巢悼备 款楷悼 ***锅瘤 措老橇肺咆,PHMG120203530019047000051,3530000,"牢玫堡开矫 巢悼备 澜角辑肺 **-*, 措老橇肺咆 *摸 老何龋 (款楷悼)",21601,01,康诀/沥惑,,,,20
妻胶姆 积劝苞切,2012-04-19,207683.608993998,453071.827543665,2026-04-26 22:32:06,I,03,企诀,2012-04-23 13:24:04,,2010-04-26,131-828,辑匡漂喊矫 吝尔备 搁格*悼 ***锅瘤 *龋,PHMG120103060034047000032,3060000,辑匡漂喊矫 吝尔备 搁格肺 *** (搁格悼),,03,企诀,,,,121.8
归版魂诀,2015-12-08,206490.785290292,456373.540744485,2026-04-26 22:31:59,I,03,企诀,2015-12-08 14:51:38,,2014-01-24,131-852,辑匡漂喊矫 吝尔备 宫悼 ***锅瘤 **龋,PHMG120063060034047000013,3060000,"辑匡漂喊矫 吝尔备 悼老肺***辨 **, ***龋 (宫悼)",02007,03,企诀,,,02-951-4655,
(林)茄惫力老救傈狼丰荤诀何,,173921.88342573,438730.206210437,2026-04-26 22:33:45,I,13,康诀吝,2025-04-02 16:22:08,,2018-01-04,,牢玫堡开矫 巢悼备 备岿悼 ****锅瘤 *龋 俊胶颇胶,PHMG120193530019047000021,3530000,"牢玫堡开矫 巢悼备 牢林措肺***锅辨 **, 俊胶颇胶 ***-*老何龋 (备岿悼)",21556,01,康诀/沥惑,,,032-207-6206,9.9
瘤俊胶(GS)25 备岿吩单某浇痢,,175101.011490547,439055.708832763,2026-04-26 22:33:51,I,13,康诀吝,2022-09-26 09:45:35,,2022-09-23,,牢玫堡开矫 巢悼备 备岿悼 ****-**,PHMG120223530019047000387,3530000,"牢玫堡开矫 巢悼备 龋备器肺 ***, *摸 老何龋 (备岿悼)",21534,01,康诀/沥惑,,,032-422-4318,50
努肺捞弊饭捞胶讥,,200284.079710268,453238.540020978,2026-04-26 22:32:36,I,13,康诀吝,2025-11-05 16:15:39,,2025-11-04,,辑匡漂喊矫 辆肺备 悼件悼 *-** 拌快呼爹,PHMG120253000034047000056,3000000,"辑匡漂喊矫 辆肺备 措切肺**辨 **, 拌快呼爹 *摸 ***-***A龋 (悼件悼)",03086,01,康诀/沥惑,,,,
揪蜡乞芒促钾痢,2016-12-28,196819.187467995,455904.81832977,2026-04-26 22:32:18,I,03,企诀,2016-12-28 17:57:38,,2015-05-12,110-012,辑匡漂喊矫 辆肺备 乞芒悼 ***锅瘤 *龋,PHMG120153000034047000031,3000000,辑匡漂喊矫 辆肺备 乞芒辨 * (乞芒悼),03008,03,企诀,,,02-396-3875,
林侥雀荤葛电付纳泼,,206780.966208611,455435.167822471,2026-04-26 22:32:35,I,13,康诀吝,2025-04-01 11:12:18,,2025-03-28,,辑匡漂喊矫 吝尔备 吝拳悼 ***-*,PHMG120253060034047000023,3060000,"辑匡漂喊矫 吝尔备 吝尔开肺 **, *摸 (吝拳悼)",02101,01,康诀/沥惑,,,,
揪力捞棵府宏康(林)救惫痢,2023-04-30,198548.664190566,452679.314071935,2026-04-26 22:32:24,I,03,企诀,2023-05-09 16:28:26,,2018-04-19,,辑匡漂喊矫 辆肺备 救惫悼 ***,PHMG120183000034047000016,3000000,"辑匡漂喊矫 辆肺备 啦邦肺 **, *摸 (救惫悼)",03060,03,企诀,,,02-720-7671,
矫柯焊没扁,2018-03-06,207584.918186344,454966.74366658,2026-04-26 22:32:20,I,03,企诀,2018-03-06 16:25:42,,2017-08-29,,辑匡漂喊矫 吝尔备 惑豪悼 ***锅瘤 *龋 瘤窍 ***龋,PHMG120173060034047000042,3060000,"辑匡漂喊矫 吝尔备 噶快肺 ***, 瘤摸 ***龋 (惑豪悼, 府海肺傀爹圈)",02098,03,企诀,,,02-2207-1151,
林侥雀荤 颇尔皋叼漠,2015-01-19,174401.042628505,438978.615575738,2026-04-26 22:33:39,I,03,企诀,2015-01-19 14:50:30,,2012-09-11,405-837,牢玫堡开矫 巢悼备 备岿*悼 ****锅瘤 *龋 ****-* 飘牢橇扼磊 *摸 ***龋,PHMG120123530019047000028,3530000,"牢玫堡开矫 巢悼备 备岿巢肺 ***, *摸 ***龋 (备岿悼, 飘牢橇扼磊)",,03,企诀,,,,112
怕泅皋靛,2025-09-02,201962.62904341,452377.405128643,2026-04-26 22:32:21,I,24,流鼻企诀,2025-09-02 14:16:12,,2017-03-27,,辑匡漂喊矫 辆肺备 件牢悼 ****锅瘤,PHMG120173000034047000023,3000000,"辑匡漂喊矫 辆肺备 抄拌肺 ***, ***龋 (件牢悼, 辑柳呼爹)",03116,04,秒家/富家/父丰/沥瘤/吝瘤,,,02-467-1775,
内酒榜靛,,199255.564071574,452049.500479278,2026-04-26 22:32:10,I,13,康诀吝,2022-10-20 14:02:17,,2011-04-04,,辑匡漂喊矫 辆肺备 辆肺*啊 **-* ***龋,PHMG120113000034047000013,3000000,"辑匡漂喊矫 辆肺备 辆肺 ***, *摸 ***龋 (辆肺*啊)",03138,01,康诀/沥惑,,,02-777-6544,
悼巢狼丰扁,2014-08-29,173189.420345469,440536.926949463,2026-04-26 22:33:37,I,24,流鼻企诀,2014-09-03 14:29:10,,2003-10-21,,埃籍悼***-* *摸老何,PHMG120033530019047000009,3530000,"牢玫堡开矫 巢悼备 籍沥肺 *** (埃籍悼, *摸老何)",,04,秒家/富家/父丰/沥瘤/吝瘤,,,42143267,
厘荐倒魔措(林)吩单归拳痢牢玫痢,2022-01-27,173523.274957491,438366.029400914,2026-04-26 22:33:38,I,03,企诀,2022-02-01 14:19:49,,2010-09-09,405-792,牢玫堡开矫 巢悼备 备岿*悼 ****锅瘤 吩单归拳痢 瘤窍*摸,PHMG120103530019047000030,3530000,"牢玫堡开矫 巢悼备 抗贱肺 ***, 瘤窍*摸 (备岿悼, 吩单归拳痢)",21573,03,企诀,,,,
悼老皋叼漠,,175683.797158911,439520.879565646,2026-04-26 22:33:48,I,13,康诀吝,2024-03-04 13:30:36,,2021-03-23,,牢玫堡开矫 巢悼备 父荐悼 ***-**,PHMG120213530019047000029,3530000,"牢玫堡开矫 巢悼备 备岿富肺**锅辨 **-*, *摸 惑啊 快螟 老何龋 (父荐悼)",21543,01,康诀/沥惑,,,,20
CU 件牢颇扼呼痢,2016-12-28,201946.86632604,452416.591916256,2026-04-26 22:32:18,I,03,企诀,2016-12-28 16:04:17,,2015-10-15,,辑匡漂喊矫 辆肺备 件牢悼 ****锅瘤 ***龋,PHMG120153000034047000072,3000000,"辑匡漂喊矫 辆肺备 抄拌肺 ***, ***龋 (件牢悼, 悼剧颇扼呼)",03116,03,企诀,,,02-2250-7210,
唱扼唱捞胶 365狼丰扁,2004-09-16,208828.866224487,455325.44427125,2026-04-26 22:31:56,I,03,企诀,2009-07-23 09:22:53,,2002-10-28,131-804,辑匡漂喊矫 吝尔备 噶快夯悼 ***锅瘤 *龋 *摸,PHMG120023060034047000027,3060000,,,03,企诀,,,02-2209-5203,73.86
(林)捞叼乔乏,,197995.218793409,451945.047247204,2026-04-26 22:32:34,I,15,傈免,2025-04-15 13:47:13,,2023-10-07,,辑匡漂喊矫 辆肺备 辑赴悼 ***-* 堡拳巩快眉惫,PHMG120233000034047000061,3000000,"辑匡漂喊矫 辆肺备 辆肺 *, 堡拳巩快眉惫 *摸 刀赋 *龋 (辑赴悼)",03187,05,力寇/昏力/傈免,,,02-2038-0828,
CU稠泅春内酒,,175633.883082614,433196.453155142,2026-04-26 22:33:49,I,13,康诀吝,2022-02-09 19:14:29,,2022-02-09,,牢玫堡开矫 巢悼备 稠泅悼 ***-*,PHMG120223530019047000104,3530000,"牢玫堡开矫 巢悼备 没瓷措肺 ***, *摸 (稠泅悼)",21667,01,康诀/沥惑,,,,
CU吝尔搁老檬痢,,208627.633755174,454361.377275245,2026-04-26 22:32:29,I,13,康诀吝,2022-07-13 15:21:39,,2022-07-13,,辑匡漂喊矫 吝尔备 噶快悼 ***-** 版锐付飘,PHMG120223060034047000137,3060000,"辑匡漂喊矫 吝尔备 侩付魂肺***辨 *, 版锐付飘 *摸 (噶快悼)",02188,01,康诀/沥惑,,,,
CU埃籍绒刚矫酒,,175034.957328126,440345.49768606,2026-04-26 22:33:50,I,13,康诀吝,2022-03-22 13:46:29,,2022-03-22,,牢玫堡开矫 巢悼备 埃籍悼 **-*** 脚技拌呼扼,PHMG120223530019047000201,3530000,"牢玫堡开矫 巢悼备 埃籍肺 ***, ***龋 (埃籍悼, 脚技拌呼扼)",21511,01,康诀/沥惑,,,,
舅骏竣胶(RMX),,208440.664979376,454085.806353608,2026-04-26 22:32:35,I,13,康诀吝,2025-07-28 11:05:01,,2025-07-28,,辑匡漂喊矫 吝尔备 搁格悼 **-**,PHMG120253060034047000049,3060000,"辑匡漂喊矫 吝尔备 侩付魂肺 ***, ***龋 (搁格悼)",02201,01,康诀/沥惑,,,,
(林)唱公客氓,2025-06-12,176714.600946067,438147.074228494,2026-04-26 22:33:49,I,03,企诀,2025-06-12 13:32:30,,2022-03-08,,牢玫堡开矫 巢悼备 父荐悼 ****,PHMG120223530019047000189,3530000,"牢玫堡开矫 巢悼备 厘铰肺 **, 瘤摸 老何龋 (父荐悼)",21594,03,企诀,,,,
(林)俊捞摹萍俊胶,,166486.541837494,441106.681685368,2026-04-26 22:32:02,I,13,康诀吝,2020-07-28 11:06:04,,2020-07-27,,牢玫堡开矫 吝备 秦救悼*啊 *-** *摸,PHMG120203490019047000023,3490000,牢玫堡开矫 吝备 力拱樊肺 *** (秦救悼*啊),22314,01,康诀/沥惑,,,070-8850-2349,121.3
橇扼烙 吝扁 酒匡房,2020-12-24,206774.874230196,457011.632629502,2026-04-26 22:32:23,I,03,企诀,2020-12-24 14:16:37,,2018-08-13,,辑匡漂喊矫 吝尔备 宫悼 ***锅瘤 *摸,PHMG120193060034047000020,3060000,"辑匡漂喊矫 吝尔备 吝尔开肺 ***, *摸 (宫悼)",02033,03,企诀,,,02-948-2270,
技红老饭红 牢玫辑芒青汗痢,,177517.586706946,436341.425484264,2026-04-26 22:33:48,I,13,康诀吝,2022-02-04 09:27:29,,2022-02-04,,牢玫堡开矫 巢悼备 辑芒悼 *** 牢玫辑芒郡俊捞摹**窜瘤,PHMG120223530019047000025,3530000,"牢玫堡开矫 巢悼备 辑芒巢肺 ***, 惑啊悼 ***,***龋 (辑芒悼, 牢玫辑芒郡俊捞摹**窜瘤)",21614,01,康诀/沥惑,,,1577-0711,70.56
弥牢乞狼救,,198150.300374121,452019.212642931,2026-04-26 22:32:15,I,13,康诀吝,2013-06-25 09:36:37,,2013-06-25,110-888,辑匡漂喊矫 辆肺备 辆肺*啊 **锅瘤 福皋捞俊福辆肺鸥款 ***-*龋,PHMG120133000034047000025,3000000,"辑匡漂喊矫 辆肺备 辆肺 **, ***-*龋 (辆肺*啊, 福皋捞俊福辆肺鸥款)",03157,01,康诀/沥惑,,,02-734-4409,
林侥雀荤 海胶飘盔辑宏,,208316.910181269,453336.973142568,2026-04-26 22:32:25,I,15,傈免,2024-01-11 09:31:38,,2020-09-25,,辑匡漂喊矫 吝尔备 搁格悼 **** 侩牢措籍荤眉腊包,PHMG120203060034047000065,3060000,"辑匡漂喊矫 吝尔备 侩付魂肺**辨 **, 侩牢措籍荤眉腊包 *摸 (搁格悼)",02195,05,力寇/昏力/傈免,,,,
(林)酒己促捞家 权敲矾胶惑豪痢,,207923.745922676,455090.718335439,2026-04-26 22:32:35,I,13,康诀吝,2025-09-19 16:56:50,,2025-09-19,,辑匡漂喊矫 吝尔备 惑豪悼 *** 惑豪 橇饭固绢胶 骏内,PHMG120253060034047000060,3060000,"辑匡漂喊矫 吝尔备 噶快肺 ***, B*摸 (惑豪悼, 惑豪 橇饭固绢胶 骏内)",02087,01,康诀/沥惑,,,,
蜡皋靛,,173727.316026224,439218.000052084,2026-04-26 22:33:54,I,13,康诀吝,2025-07-17 11:36:57,,2025-07-16,,牢玫堡开矫 巢悼备 备岿悼 ****-** 春季鸥呼爹,PHMG120253530019047000092,3530000,"牢玫堡开矫 巢悼备 沥阿肺 **, 春季鸥呼爹 *摸 E**龋 (备岿悼)",21557,01,康诀/沥惑,,,,3.3
甭葛醋狼丰扁,2021-03-11,197004.887653028,451543.629004831,2026-04-26 22:32:25,I,03,企诀,2021-03-11 09:47:36,,2020-01-03,,辑匡漂喊矫 辆肺备 乞悼 ***锅瘤 辑措巩开,PHMG120203000034047000002,3000000,"辑匡漂喊矫 辆肺备 烹老肺 瘤窍 ***, 辑措巩开 ***-***龋 (乞悼)",03181,03,企诀,,,02-735-0675,25.79
(林)靛覆邯,,206944.577884456,454750.31691908,2026-04-26 22:32:05,I,13,康诀吝,2026-01-15 16:21:24,,2015-07-28,131-878,辑匡漂喊矫 吝尔备 吝拳悼 ***锅瘤 *龋 康秦呼爹 *摸,PHMG120103060034047000010,3060000,"辑匡漂喊矫 吝尔备 噶快肺 ***, *摸 (吝拳悼)",02117,01,康诀/沥惑,,,02-488-7582,
林侥雀荤 措龋皋叼漠扼牢,2005-08-02,206952.752930515,456261.976510349,2026-04-26 22:31:56,I,03,企诀,2009-07-22 11:23:54,,2002-02-14,131-849,辑匡漂喊矫 吝尔备 宫*悼 ***锅瘤 ***龋,PHMG120023060034047000012,3060000,,,03,企诀,,,02-977-4164,44.84
海矾单捞,2022-11-24,207937.243115584,453828.123766417,2026-04-26 22:32:28,I,03,企诀,2022-11-24 15:03:08,,2022-03-14,,辑匡漂喊矫 吝尔备 搁格悼 ***-**,PHMG120223060034047000085,3060000,"辑匡漂喊矫 吝尔备 搁格肺**辨 **-**, *摸 (搁格悼)",02204,03,企诀,,,070-8064-3254,
技红老饭红 搁格酒抚痢,,206858.791111224,453702.89360652,2026-04-26 22:32:33,I,13,康诀吝,2024-02-08 10:39:18,,2023-05-16,,辑匡漂喊矫 吝尔备 搁格悼 ***-**,PHMG120233060034047000053,3060000,"辑匡漂喊矫 吝尔备 扳犁肺**辨 **, *摸 (搁格悼)",02231,01,康诀/沥惑,,,,
胶乔靛,,208835.747901602,454698.350359345,2026-04-26 22:32:33,I,13,康诀吝,2023-11-22 13:28:08,,2020-09-25,,辑匡漂喊矫 吝尔备 噶快悼 ***-*,PHMG120233060034047000096,3060000,"辑匡漂喊矫 吝尔备 侩付傍盔肺 **, *摸 (噶快悼)",02182,01,康诀/沥惑,,,070-7796-8431,
CU 吝尔捞拳背力老痢,,206780.966208611,455435.167822471,2026-04-26 22:32:29,I,13,康诀吝,2022-07-12 14:17:24,,2022-07-12,,辑匡漂喊矫 吝尔备 吝拳悼 ***-*,PHMG120223060034047000129,3060000,"辑匡漂喊矫 吝尔备 吝尔开肺 **, *摸 (吝拳悼)",02101,01,康诀/沥惑,,,,
瘤盔魂诀,,175457.249689901,433279.105185572,2026-04-26 22:33:52,I,13,康诀吝,2023-05-22 17:40:51,,2023-05-22,,牢玫堡开矫 巢悼备 稠泅悼 ***-* 堡己橇扼磊,PHMG120233530019047000089,3530000,"牢玫堡开矫 巢悼备 没瓷措肺 ***, 堡己橇扼磊 ***-***龋 (稠泅悼)",21653,01,康诀/沥惑,,,,3.3
青汗狼丰扁,2017-01-03,200435.144893763,452060.930581127,2026-04-26 22:32:01,I,03,企诀,2017-01-03 15:31:17,,2005-01-28,110-836,辑匡漂喊矫 辆肺备 辆肺*啊 ***锅瘤 *龋 ***龋,PHMG120053000034047000001,3000000,"辑匡漂喊矫 辆肺备 辆肺 ***, ***龋 (辆肺*啊)",03197,03,企诀,,,02-2267-3600,
档快惑荤蜡烹 林侥雀荤,2015-07-29,199509.962000656,451888.555001545,2026-04-26 22:32:16,I,03,企诀,2015-07-29 10:44:33,,2014-09-12,110-430,辑匡漂喊矫 辆肺备 厘荤悼 ***锅瘤 *龋 付凯***龋,PHMG120143000034047000036,3000000,"辑匡漂喊矫 辆肺备 没拌玫肺 ***, *摸 付凯***龋 (厘荤悼, 技款惑啊)",,03,企诀,,,02-2278-6654,
固虐内府酒皋叼漠 林侥雀荤 辑匡荤公家,2011-02-16,200257.115683163,453485.12004217,2026-04-26 22:32:09,I,03,企诀,2011-02-16 15:39:52,,2010-05-11,110-809,辑匡漂喊矫 辆肺备 悼件悼 *锅瘤 *龋 (林)悼件酒飘季磐 *摸 ***龋,PHMG120103000034047000015,3000000,"辑匡漂喊矫 辆肺备 悼件辨 *** (悼件悼,(林)悼件酒飘季磐 *摸 ***龋)",,03,企诀,,,,
竣胶器明,,174288.785346545,433299.517471586,2026-04-26 22:33:44,I,13,康诀吝,2016-08-05 11:19:56,,2016-08-03,,牢玫堡开矫 巢悼备 稠泅悼 ***锅瘤 *龋,PHMG120163530019047000067,3530000,"牢玫堡开矫 巢悼备 稠泅肺**锅辨 **, B悼 ****龋 (稠泅悼, 内酒风颇农)",21655,01,康诀/沥惑,,,070-7893-6882,47.75
酒捞祈茄技惑(林),2017-10-17,174224.979207798,433447.855135123,2026-04-26 22:33:39,I,03,企诀,2017-10-17 13:48:51,,2013-07-05,405-825,牢玫堡开矫 巢悼备 稠泅悼 ***锅瘤 *龋 巢悼皋叼漠季鸥 ***龋,PHMG120133530019047000027,3530000,"牢玫堡开矫 巢悼备 龋备器肺 ***, ***龋 (稠泅悼, 巢悼皋叼漠季磐)",21641,03,企诀,,,,82.64
葛捞箕,,208881.349291571,457259.755428172,2026-04-26 22:32:35,I,13,康诀吝,2025-08-27 10:30:26,,2025-08-27,,辑匡漂喊矫 吝尔备 脚郴悼 ***-*,PHMG120253060034047000056,3060000,"辑匡漂喊矫 吝尔备 侩付魂肺***促辨 **, ***龋 (脚郴悼)",02052,01,康诀/沥惑,,,,45
皋叼敲 皋雕胶,2011-05-19,206448.314200373,454078.749529697,2026-04-26 22:32:00,I,03,企诀,2011-05-19 15:36:05,,2007-03-28,131-824,辑匡漂喊矫 吝尔备 搁格*悼 ***锅瘤 **龋 ***龋,PHMG120073060034047000008,3060000,,,03,企诀,,,02-457-5543,
(林)力捞蜡敲矾胶内府酒,,206808.914669794,456949.35802282,2026-04-26 22:32:23,I,15,傈免,2021-11-08 11:02:10,,2018-09-14,,辑匡漂喊矫 吝尔备 宫悼 ***锅瘤 *龋 宫悼磊捞酒颇飘*窜瘤 A喉钒 B***龋,PHMG120183060034047000038,3060000,"辑匡漂喊矫 吝尔备 槛急克林肺 *-*, A喉钒 B***龋 (宫悼, 宫悼磊捞酒颇飘*窜瘤)",02033,05,力寇/昏力/傈免,,,02-975-9003,
(林)瓤版厚浚瘤 促厚摹焊没扁 辆肺瘤痢,2022-03-31,199129.410820129,452039.186326182,2026-04-26 22:32:24,I,03,企诀,2022-03-31 13:08:37,,2019-03-18,,辑匡漂喊矫 辆肺备 辆肺*啊 **锅瘤 *龋 *摸,PHMG120193000034047000012,3000000,"辑匡漂喊矫 辆肺备 辆肺 ***, *摸 (辆肺*啊)",03139,03,企诀,,,070-7432-0460,
MIT 公开,,173886.00106452,439000.087894135,2026-04-26 22:33:39,I,15,傈免,2018-01-30 15:38:37,,2013-11-04,405-221,牢玫堡开矫 巢悼备 备岿*悼 ****锅瘤 **龋 备岿颇萍付坷乔胶炮  ****龋,PHMG120133530019047000050,3530000,"牢玫堡开矫 巢悼备 备岿巢肺 ***, ****龋 (备岿悼, 备岿颇萍付坷乔胶炮)",21556,05,力寇/昏力/傈免,,,,56.29
货茄焊炼扁 惑荤,2016-05-31,200198.347200405,452605.032953208,2026-04-26 22:32:10,I,03,企诀,2016-05-31 15:09:29,,2010-12-01,110-500,辑匡漂喊矫 辆肺备 捞拳悼 ***锅瘤 脚康呼爹 *疂,PHMG120103000034047000047,3000000,"辑匡漂喊矫 辆肺备 啦邦肺**辨 * (捞拳悼,脚康呼爹 *疂)",,03,企诀,,,,
(林)辑沥剖,,175990.735320767,438698.254578281,2026-04-26 22:33:52,I,13,康诀吝,2024-06-25 17:02:47,,2024-06-25,,牢玫堡开矫 巢悼备 父荐悼 ***-*,PHMG120243530019047000070,3530000,"牢玫堡开矫 巢悼备 窍锰辑肺 **, *摸 *龋 (父荐悼)",21538,01,康诀/沥惑,,,032-812-5268,148
脚柳瘤匙平官捞坷,2024-02-29,208651.521930236,455160.949635036,2026-04-26 22:32:33,I,03,企诀,2024-02-29 09:24:17,,2023-06-08,,辑匡漂喊矫 吝尔备 噶快悼 ***-**,PHMG120233060034047000063,3060000,"辑匡漂喊矫 吝尔备 侩付魂肺***辨 **, *摸 ***龋 (噶快悼)",02166,03,企诀,,,,
GS25噶快固叼绢,2024-12-16,209061.905619542,455577.992446458,2026-04-26 22:32:32,I,03,企诀,2024-12-16 15:16:12,,2023-02-14,,辑匡漂喊矫 吝尔备 噶快悼 ***-*,PHMG120233060034047000021,3060000,"辑匡漂喊矫 吝尔备 噶快肺**辨 **, *摸 (噶快悼)",02066,03,企诀,,,,
林侥雀荤 瓤己魂诀,2005-11-04,206993.882836422,455380.498170548,2026-04-26 22:31:56,I,03,企诀,2009-07-23 13:14:26,,2003-08-08,131-877,辑匡漂喊矫 吝尔备 吝拳*悼 ***锅瘤 *龋 滴鞠呼爹 瘤窍,PHMG120033060034047000024,3060000,,,03,企诀,,,02-491-7525,213.75
酱欺贺,,173815.048783127,440611.301655235,2026-04-26 22:33:50,I,13,康诀吝,2022-04-08 16:26:09,,2022-04-08,,牢玫堡开矫 巢悼备 埃籍悼 ***-*,PHMG120223530019047000220,3530000,"牢玫堡开矫 巢悼备 归裹肺 ***, 瘤窍*摸 (埃籍悼)",21507,01,康诀/沥惑,,,032-721-6510,247.39
固扒狼丰扁瓤磊瘤痢,2011-04-13,197306.772399566,452970.369825097,2026-04-26 22:31:59,I,03,企诀,2011-04-13 17:47:33,,2001-11-27,110-045,辑匡漂喊矫 辆肺备 眉何悼 *锅瘤 *龋 寇 *鞘瘤 *摸,PHMG120013000034047000015,3000000,"辑匡漂喊矫 辆肺备 磊窍巩肺*辨 ** (眉何悼,寇 *鞘瘤 *摸)",,03,企诀,,,02-738-6355,
(林)溃轰咆 巢悼瘤痢,,175460.193566567,432530.654914175,2026-04-26 22:33:51,I,13,康诀吝,2022-07-01 10:06:51,,2022-06-30,,牢玫堡开矫 巢悼备 稠泅悼 ***-* 茄剧荐磊牢 酒福叼俊,PHMG120223530019047000267,3530000,"牢玫堡开矫 巢悼备 巨绊俺肺***锅辨 **, *摸 ***龋 (稠泅悼, 茄剧荐磊牢 酒福叼俊)",21679,01,康诀/沥惑,,,,44.43
鳃傅纳绢,,177426.755932719,437367.028608654,2026-04-26 22:33:45,I,13,康诀吝,2025-04-15 15:37:20,,2019-06-12,,牢玫堡开矫 巢悼备 辑芒悼 ***-* 辑芒橇扼磊,PHMG120193530019047000031,3530000,"牢玫堡开矫 巢悼备 概家圈肺 ****, 辑芒橇扼磊 ***,***龋 (辑芒悼)",21604,01,康诀/沥惑,,,,193.61
俊胶俊胶骏狼丰扁⑦,2007-04-20,206448.314200373,454078.749529697,2026-04-26 22:31:59,I,03,企诀,2009-07-24 14:39:09,,2006-01-04,131-824,辑匡漂喊矫 吝尔备 搁格*悼 ***锅瘤 **龋 ***龋,PHMG120063060034047000030,3060000,,,03,企诀,,,02-436-7582,
陛拳 纳捞捞俊摹 吝尔瘤痢,2015-10-14,206661.174003166,454331.617422615,2026-04-26 22:32:11,I,24,流鼻企诀,2015-12-07 14:23:42,,2012-05-29,131-823,辑匡漂喊矫 吝尔备 搁格悼 ***锅瘤 **龋 *摸,PHMG120123060034047000023,3060000,"辑匡漂喊矫 吝尔备 悼老肺***辨 **, *摸 (搁格悼)",02125,04,秒家/富家/父丰/沥瘤/吝瘤,,,02-6406-5656,
揪力捞棵府宏康(林)刀赋巩痢,,196711.256846666,452060.860508565,2026-04-26 22:32:21,I,13,康诀吝,2023-03-17 09:15:29,,2017-03-21,,辑匡漂喊矫 辆肺备 全颇悼 **锅瘤 **龋 版锐泵磊捞 *窜瘤,PHMG120173000034047000020,3000000,"辑匡漂喊矫 辆肺备 价岿辨 **, ****,****,****龋 (全颇悼, 版锐泵磊捞 *窜瘤)",03165,01,康诀/沥惑,,,02-720-5026,
林侥雀荤 俊捞喉皋叼内府酒,,206852.857912963,457087.081125398,2026-04-26 22:32:28,I,13,康诀吝,2022-04-15 16:54:24,,2022-04-15,,辑匡漂喊矫 吝尔备 宫悼 ***-* 怕剧呼爹,PHMG120223060034047000103,3060000,"辑匡漂喊矫 吝尔备 吝尔开肺 ***, 怕剧呼爹 *摸 (宫悼)",02032,01,康诀/沥惑,,,02-949-1357,
(林)内府酒技红 吝拳痢,,207045.74427447,455795.002056184,2026-04-26 22:32:26,I,13,康诀吝,2024-02-08 09:42:12,,2021-05-04,,辑匡漂喊矫 吝尔备 吝拳悼 ***-** 皑肺呼爹,PHMG120213060034047000054,3060000,"辑匡漂喊矫 吝尔备 悼老肺***辨 **, 皑肺呼爹 (吝拳悼)",02047,01,康诀/沥惑,,,,
(林)窍捞橇扼磊 吝尔历,2015-05-21,208490.019432559,455252.715739808,2026-04-26 22:32:13,I,03,企诀,2015-06-18 16:02:08,,2013-12-26,131-810,辑匡漂喊矫 吝尔备 噶快悼 ***锅瘤 *龋,PHMG120133060034047000073,3060000,辑匡漂喊矫 吝尔备 噶快肺 *** (噶快悼),,03,企诀,,,,
林侥雀荤 萍矩客捞内欺饭捞记,,198324.653631679,452252.812389497,2026-04-26 22:32:35,I,13,康诀吝,2024-12-11 15:51:38,,2024-12-09,,辑匡漂喊矫 辆肺备 荐价悼 ** 滴魂困宏颇呼府柯 ***龋,PHMG120243000034047000062,3000000,"辑匡漂喊矫 辆肺备 伙豪肺 **, 滴魂困宏颇呼府柯 *摸 ***龋 (荐价悼)",03150,01,康诀/沥惑,,,,30
林侥雀荤 力捞骏皋叼,,175985.762302149,438634.410373309,2026-04-26 22:33:51,I,13,康诀吝,2024-07-09 10:07:00,,2022-08-19,,牢玫堡开矫 巢悼备 父荐悼 ***-** 弊赴唱贰,PHMG120223530019047000356,3530000,"牢玫堡开矫 巢悼备 窍锰辑肺 *, ***悼 ***龋 (父荐悼, 弊赴唱贰)",21538,01,康诀/沥惑,,,070-8899-0909,35.37
揪蜡 堡厘矫厘痢,,199816.770134674,451999.530839582,2026-04-26 22:32:33,I,13,康诀吝,2023-01-10 10:02:26,,2023-01-06,,辑匡漂喊矫 辆肺备 抗瘤悼 *-* ***龋,PHMG120233000034047000003,3000000,"辑匡漂喊矫 辆肺备 芒版泵肺 **, ***龋 (抗瘤悼)",03195,01,康诀/沥惑,,,,
CU 脚郴IC痢,2025-09-12,208867.971587228,456998.820824509,2026-04-26 22:32:29,I,03,企诀,2025-09-12 15:40:46,,2022-07-13,,辑匡漂喊矫 吝尔备 脚郴悼 ***-*,PHMG120223060034047000136,3060000,"辑匡漂喊矫 吝尔备 侩付魂肺***啊辨 **, *摸 (脚郴悼)",02052,03,企诀,,,,
捞付飘24 傍亲拳拱磐固澄C痢,,152176.517269589,440651.40054171,2026-04-26 22:32:12,I,13,康诀吝,2024-09-04 10:11:51,,2024-09-01,,牢玫堡开矫 吝备 款辑悼 ****-* 牢玫傍亲寇亲荤磐固澄款价措府痢,PHMG120243490019047000039,3490000,"牢玫堡开矫 吝备 傍亲悼肺***锅辨 **-**, 牢玫傍亲寇亲荤磐固澄款价措府痢 (款辑悼)",22381,01,康诀/沥惑,,,,
GS25 辆肺肺锯痢,,198271.843790307,452533.899674194,2026-04-26 22:32:31,I,13,康诀吝,2022-07-08 15:16:43,,2022-07-08,,辑匡漂喊矫 辆肺备 荐价悼 ** 辑赣悸朴府胶辑匡 *摸 *龋,PHMG120223000034047000116,3000000,"辑匡漂喊矫 辆肺备 啦邦肺*辨 *, 辑赣悸朴府胶辑匡 *摸 *龋 (荐价悼)",03143,01,康诀/沥惑,,,02-730-2743,
努反闺繁胶5 脚郴痢,2015-09-25,208295.099818379,456014.999180519,2026-04-26 22:32:14,I,03,企诀,2015-09-25 11:52:42,,2014-10-17,131-865,辑匡漂喊矫 吝尔备 脚郴悼 ***锅瘤 脚酒鸥款 ***龋,PHMG120143060034047000055,3060000,"辑匡漂喊矫 吝尔备 豪拳魂肺 ***, ***龋 (脚郴悼, 脚酒鸥款)",02076,03,企诀,,,070-4644-4900,
厚鸥刮内府酒,2022-09-23,196895.299918938,451690.419790653,2026-04-26 22:32:28,I,03,企诀,2022-09-23 11:27:27,,2021-11-01,,辑匡漂喊矫 辆肺备 背巢悼 *-* 瘤窍摸,PHMG120213000034047000127,3000000,"辑匡漂喊矫 辆肺备 版背厘*辨 *, 瘤窍摸 (背巢悼)",03180,03,企诀,,,,
家烹焊没扁,,198656.760605306,451885.670880307,2026-04-26 22:32:15,I,13,康诀吝,2013-12-19 10:34:04,,2013-12-17,110-111,辑匡漂喊矫 辆肺备 包枚悼 **锅瘤 *龋,PHMG120133000034047000053,3000000,"辑匡漂喊矫 辆肺备 辆肺**辨 **, ***龋 (包枚悼)",03189,01,康诀/沥惑,,,,
悼康摹苞犁丰,2024-09-03,200899.709096426,452134.545425205,2026-04-26 22:32:09,I,24,流鼻企诀,2024-09-03 16:48:17,,2010-04-05,110-842,辑匡漂喊矫 辆肺备 芒脚*悼 ***锅瘤 *龋,PHMG120103000034047000009,3000000,辑匡漂喊矫 辆肺备 辆肺**辨 * (芒脚悼),,04,秒家/富家/父丰/沥瘤/吝瘤,,,,
府目滚府,,201350.473375538,452279.7442603,2026-04-26 22:32:35,I,13,康诀吝,2025-03-19 16:28:37,,2024-11-20,,辑匡漂喊矫 辆肺备 件牢悼 *** 辆肺措快叼坷呼 ***龋,PHMG120253000034047000011,3000000,"辑匡漂喊矫 辆肺备 辆肺 ***, ***龋 (件牢悼, 辆肺措快叼坷呼)",03114,01,康诀/沥惑,,,,
叼骏哪欺聪,,175241.261326707,433236.82061513,2026-04-26 22:33:47,I,13,康诀吝,2020-04-08 18:17:43,,2020-04-07,,牢玫堡开矫 巢悼备 稠泅悼 ***锅瘤 *龋 捞瘤橇扼磊,PHMG120203530019047000029,3530000,"牢玫堡开矫 巢悼备 稠泅开肺 *, 捞瘤橇扼磊 *摸 ***龋 (稠泅悼)",21653,01,康诀/沥惑,,,,
乔飘聪胶 呼府瘤,,175601.963557102,432975.191629733,2026-04-26 22:33:50,I,13,康诀吝,2023-04-26 14:31:43,,2020-03-26,,牢玫堡开矫 巢悼备 稠泅悼 ***-* 固福橇扼磊,PHMG120223530019047000227,3530000,"牢玫堡开矫 巢悼备 巨绊俺肺***锅辨 **, 固福橇扼磊 *** 老何 (***-*)龋 (稠泅悼)",21679,01,康诀/沥惑,,,,
鳃傅欧(凝)皋叼漠,2024-12-30,175555.409084323,439337.442154897,2026-04-26 22:33:52,I,03,企诀,2024-12-30 17:35:36,,2021-11-10,,牢玫堡开矫 巢悼备 父荐悼 ***-**,PHMG120243530019047000029,3530000,"牢玫堡开矫 巢悼备 备岿肺 ***, *摸 (父荐悼)",21542,03,企诀,,,,365.1
(林)内府酒技红 件牢芒脚痢,2024-08-06,201310.613073228,453007.174340193,2026-04-26 22:32:27,I,03,企诀,2024-08-06 16:58:55,,2021-05-06,,辑匡漂喊矫 辆肺备 件牢悼 *-*,PHMG120213000034047000044,3000000,辑匡漂喊矫 辆肺备 瘤豪肺 ***-* (件牢悼),03108,03,企诀,,,,
(林)力匙矫胶积疙苞切,2020-04-03,175760.375333855,432238.146642767,2026-04-26 22:33:44,I,03,企诀,2020-04-04 12:53:13,,2016-01-15,,牢玫堡开矫 巢悼备 稠泅悼 ***锅瘤 **龋,PHMG120163530019047000004,3530000,"牢玫堡开矫 巢悼备 俊内吝居肺***锅辨 *-**, *摸 (稠泅悼)",21684,03,企诀,,,070-4208-7740,137.42
春沛焊没扁 辑芒痢,,177692.445011698,435885.502080795,2026-04-26 22:33:53,I,13,康诀吝,2025-04-10 13:03:37,,2025-04-09,,牢玫堡开矫 巢悼备 辑芒悼 ***-* 酒其府柯,PHMG120253530019047000049,3530000,"牢玫堡开矫 巢悼备 辑芒巢鉴券肺 ***, 酒其府柯 A悼 *摸 ***龋 (辑芒悼)",21614,01,康诀/沥惑,,,,25
瘤俊胶25 S牢玫傍亲 1磐固澄开痢,2024-10-24,151619.097264659,438436.591435867,2026-04-26 22:32:09,I,03,企诀,2024-10-25 08:50:22,,2023-02-17,,牢玫堡开矫 吝备 款辑悼 **** 牢玫惫力傍亲开瘤窍*摸铰碍厘,PHMG120233490019047000014,3490000,"牢玫堡开矫 吝备 傍亲肺 ***, 牢玫惫力傍亲开 B*摸 (款辑悼)",22382,03,企诀,,,,19
捞付飘 俊宏府单捞 辑芒悼痢,2024-06-15,177762.843176744,436953.816165026,2026-04-26 22:33:48,I,03,企诀,2024-06-17 10:35:16,,2021-05-11,,牢玫堡开矫 巢悼备 辑芒悼 ***-*,PHMG120213530019047000086,3530000,"牢玫堡开矫 巢悼备 刀邦肺 **, *摸, *摸 傈眉龋 (辑芒悼)",21607,03,企诀,,,,1021.29
瘤俊胶25 辑匡措捍盔痢,,199824.095974723,452984.360451452,2026-04-26 22:32:25,I,13,康诀吝,2019-12-30 13:25:17,,2019-05-30,,辑匡漂喊矫 辆肺备 楷扒悼 **锅瘤 **龋 辑匡措切背捍盔 梅窜寇贰季磐 B*摸 *龋,PHMG120193000034047000026,3000000,"辑匡漂喊矫 辆肺备 措切肺 ***, 辑匡措切背捍盔 梅窜寇贰季磐 B*摸 *龋 (楷扒悼)",03080,01,康诀/沥惑,,,,
鳃傅,2015-02-26,175278.994293254,439368.004993806,2026-04-26 22:33:39,I,03,企诀,2015-02-27 08:25:50,,2014-03-11,405-828,牢玫堡开矫 巢悼备 备岿悼 ***锅瘤 *龋 A悼 ***龋,PHMG120143530019047000014,3530000,"牢玫堡开矫 巢悼备 备岿肺 ***, A悼 ***龋 (备岿悼)",,03,企诀,,,,50
葛滴酒积劝侩前痢,,175089.647753148,438981.570930947,2026-04-26 22:33:39,I,13,康诀吝,2012-12-01 13:14:20,,2012-11-29,405-839,牢玫堡开矫 巢悼备 备岿*悼 ****锅瘤 *摸,PHMG120123530019047000036,3530000,"牢玫堡开矫 巢悼备 龋备器肺 ***, *摸 (备岿悼)",21534,01,康诀/沥惑,,,,
姐胶沛狼丰扁 吝尔痢,2006-12-20,206492.087474895,454508.605124002,2026-04-26 22:31:56,I,03,企诀,2009-07-22 09:25:39,,1995-10-18,131-861,辑匡漂喊矫 吝尔备 惑豪*悼 ***锅瘤 **龋 悼老呼爹***龋,PHMG119953060034047000004,3060000,,,03,企诀,,,02-2209-0921,54
瘤俊胶25 备岿龋备器肺痢,2026-01-16,175379.496588948,438717.946993749,2026-04-26 22:33:51,I,03,企诀,2026-01-16 10:58:38,,2022-05-27,,牢玫堡开矫 巢悼备 备岿悼 ****-*,PHMG120223530019047000258,3530000,"牢玫堡开矫 巢悼备 龋备器肺***锅辨 **, *摸 (备岿悼)",21536,03,企诀,,,,
揪骏纳绢皋叼,,207637.896840876,455306.23250215,2026-04-26 22:32:14,I,13,康诀吝,2022-11-15 11:23:54,,2014-05-15,,辑匡漂喊矫 吝尔备 惑豪悼 ***-**,PHMG120143060034047000028,3060000,"辑匡漂喊矫 吝尔备 惑豪吝居肺*辨 *, 瘤摸  B*龋 (惑豪悼)",02091,01,康诀/沥惑,,,02-3422-2547,
瘤浚巢悼痢,,175973.908016322,438493.974308367,2026-04-26 22:33:47,I,13,康诀吝,2020-11-09 13:31:50,,2020-02-27,,牢玫堡开矫 巢悼备 备岿悼 ****-* 啪呼爹,PHMG120203530019047000015,3530000,"牢玫堡开矫 巢悼备 牢林措肺 ***-*, 啪呼爹 *摸 ***龋 (备岿悼)",21589,01,康诀/沥惑,,,,141.36
(林)瘤糯俊捞摹矩俊胶,2022-11-01,197233.393554643,453028.997240355,2026-04-26 22:32:24,I,03,企诀,2022-11-02 16:46:23,,2016-03-11,,辑匡漂喊矫 辆肺备 穿窍悼 **锅瘤,PHMG120183000034047000010,3000000,"辑匡漂喊矫 辆肺备 磊窍巩肺*辨 **, *摸 (穿窍悼)",03036,03,企诀,,,02-732-9902,
焊聪航匙老,2023-12-29,176197.706670802,439166.681574123,2026-04-26 22:33:51,I,03,企诀,2023-12-29 14:32:04,,2022-10-18,,牢玫堡开矫 巢悼备 父荐悼 ***-**,PHMG120223530019047000397,3530000,"牢玫堡开矫 巢悼备 备岿肺***锅辨 **-*, ***龋 (父荐悼)",21539,03,企诀,,,,33.6
捞呈橇哪欺聪,2025-09-19,207251.263813763,454160.650005891,2026-04-26 22:32:34,I,03,企诀,2025-09-19 11:03:42,,2024-08-16,,辑匡漂喊矫 吝尔备 搁格悼 ***-**,PHMG120243060034047000051,3060000,"辑匡漂喊矫 吝尔备 搁格玫肺**辨 **, *摸 (搁格悼)",02142,03,企诀,,,,
配甸海捞厚,2009-11-02,,,2026-04-26 22:32:00,I,03,企诀,2009-11-02 14:57:13,,2007-09-13,131-868,"辑匡漂喊矫 吝尔备 脚郴*悼 ***-**, *摸",PHMG120073060034047000022,3060000,,,03,企诀,,,02-2207-5944,
悼狼狼丰扁 噶快痢,2007-09-12,208544.705138991,455068.255470259,2026-04-26 22:31:59,I,03,企诀,2009-07-27 09:12:46,,2006-08-25,131-809,辑匡漂喊矫 吝尔备 噶快夯悼 ***锅瘤 *龋 *摸,PHMG120063060034047000047,3060000,,,03,企诀,,,02-436-4348,
没价扒碍季磐,,196807.484174012,455858.965628555,2026-04-26 22:32:32,I,13,康诀吝,2023-03-14 15:22:48,,2022-08-03,,辑匡漂喊矫 辆肺备 乞芒悼 ***-*,PHMG120223000034047000168,3000000,"辑匡漂喊矫 辆肺备 乞芒辨 *-*, ***龋 (乞芒悼)",03008,01,康诀/沥惑,,,,
悼盔苞切惑荤,2025-07-08,199509.962000656,451888.555001545,2026-04-26 22:32:27,I,03,企诀,2025-07-08 15:28:14,,2021-04-26,,辑匡漂喊矫 辆肺备 厘荤悼 ***-* 技款惑啊,PHMG120213000034047000032,3000000,"辑匡漂喊矫 辆肺备 没拌玫肺 ***, 技款惑啊 ***-*龋 (厘荤悼)",03194,03,企诀,,,,
冕磊唱厚,2022-01-04,198338.65119739,453459.641244806,2026-04-26 22:32:24,I,03,企诀,2022-01-04 10:47:00,,2019-01-11,,辑匡漂喊矫 辆肺备 伙没悼 **锅瘤 **龋 瘤窍*摸,PHMG120193000034047000002,3000000,"辑匡漂喊矫 辆肺备 伙没肺 **-*, 瘤窍*摸 (伙没悼)",03053,03,企诀,,,,
茄惫唱畴狼丰扁,2004-03-03,207503.084210468,452884.498928683,2026-04-26 22:31:56,I,03,企诀,2009-07-23 11:23:35,,2003-04-29,131-828,辑匡漂喊矫 吝尔备 搁格*悼 ***锅瘤 *龋,PHMG120033060034047000013,3060000,,,03,企诀,,,02-2208-6864,182
掸呕牢,2014-01-21,200839.059622716,452360.208541643,2026-04-26 22:32:08,I,03,企诀,2014-01-21 15:41:20,,2009-08-21,110-843,辑匡漂喊矫 辆肺备 芒脚*悼 ***锅瘤 *龋 瘤摸,PHMG120093000034047000031,3000000,"辑匡漂喊矫 辆肺备 芒脚辨 **-* (芒脚悼,瘤摸)",,03,企诀,,,,
揪力捞棵府宏康(林)救惫痢,2015-05-08,198507.437120234,452641.178441629,2026-04-26 22:32:07,I,03,企诀,2015-05-08 16:45:12,,2008-11-26,110-240,辑匡漂喊矫 辆肺备 救惫悼 ***锅瘤 *龋 *摸,PHMG120083000034187000001,3000000,"辑匡漂喊矫 辆肺备 啦邦肺 ** (救惫悼,*摸)",,03,企诀,,,02-739-5290,
林侥雀荤俊捞摹力捞皋叼拿,,175265.663946784,433241.797279469,2026-04-26 22:33:52,I,15,傈免,2024-10-14 13:42:35,,2023-09-15,,牢玫堡开矫 巢悼备 稠泅悼 ***-* 稠泅皋叼拿季磐,PHMG120233530019047000141,3530000,"牢玫堡开矫 巢悼备 没瓷措肺 ***, 稠泅皋叼拿季磐 *摸 ****龋 (稠泅悼)",21653,05,力寇/昏力/傈免,,,,2
啮乓俊捞瘤,2018-12-20,174996.983775781,438789.785019757,2026-04-26 22:33:44,I,03,企诀,2018-12-20 14:52:09,,2017-02-23,,牢玫堡开矫 巢悼备 备岿悼 ****锅瘤 **龋,PHMG120173530019047000010,3530000,"牢玫堡开矫 巢悼备 龋备器肺***锅辨 **, *摸 (备岿悼)",21563,03,企诀,,,,168.04
葛膏飘,,174431.49712362,439194.306759719,2026-04-26 22:33:52,I,13,康诀吝,2023-04-14 17:55:33,,2023-04-14,,牢玫堡开矫 巢悼备 备岿悼 ** 鳃胶抛捞飘吩单某浇榜靛*窜瘤酒颇飘,PHMG120233530019047000061,3530000,"牢玫堡开矫 巢悼备 备岿肺 ***, ****悼 ****龋 (备岿悼, 鳃胶抛捞飘吩单某浇榜靛*窜瘤酒颇飘)",21561,01,康诀/沥惑,,,,
林侥雀荤 固扼捞哪欺聪,,172937.577216559,434208.033824157,2026-04-26 22:33:53,I,13,康诀吝,2024-08-23 09:26:07,,2024-08-22,,牢玫堡开矫 巢悼备 稠泅悼 *** 稠泅*瞒仟福瘤坷矫萍,PHMG120243530019047000089,3530000,"牢玫堡开矫 巢悼备 巢悼辑肺***锅辨 **, 稠泅*瞒仟福瘤坷矫萍 *摸 ***-A***龋 (稠泅悼)",21632,01,康诀/沥惑,,,,3.3
肺郡某绢,2019-04-24,198599.354528711,451963.264066125,2026-04-26 22:32:24,I,03,企诀,2019-04-24 13:55:10,,2018-04-10,,,PHMG120183000034047000013,3000000,"辑匡漂喊矫 辆肺备 辆肺 **, 措茄扁刀背辑雀 *摸 ***龋 (辆肺*啊)",03189,03,企诀,,,,
揪蜡 备岿吩单某浇痢,,174879.339472652,439126.109849944,2026-04-26 22:33:51,I,13,康诀吝,2026-02-04 14:54:36,,2022-07-15,,牢玫堡开矫 巢悼备 备岿悼 ** 吩单某浇榜靛,PHMG120223530019047000316,3530000,"牢玫堡开矫 巢悼备 龋备器肺 ***, 惑啊悼 ***龋 (备岿悼, 吩单某浇榜靛)",21562,01,康诀/沥惑,,,,49.5
萍郡揪,2018-05-02,207051.930646028,452810.140613724,2026-04-26 22:32:14,I,03,企诀,2018-05-02 09:27:51,,2014-07-31,131-755,辑匡漂喊矫 吝尔备 搁格悼 ****锅瘤 搁格滴魂酒颇飘 ***悼 ***龋,PHMG120143060034047000039,3060000,"辑匡漂喊矫 吝尔备 翠绞府肺**辨 ***, ***悼 ***龋 (搁格悼, 搁格滴魂酒颇飘)",02241,03,企诀,,,070-8118-7150,
芭魂唱捞胶溃葫,2020-06-16,200067.053022051,452046.21859559,2026-04-26 22:32:24,I,03,企诀,2020-06-16 15:26:51,,2017-11-06,,辑匡漂喊矫 辆肺备 辆肺*啊 ***锅瘤 *龋 *摸,PHMG120193000034047000013,3000000,"辑匡漂喊矫 辆肺备 辆肺 ***, *摸 (辆肺*啊)",03195,03,企诀,,,02-508-1818,
酒唱颇,,176289.301104774,433115.954737015,2026-04-26 22:33:48,I,15,傈免,2023-04-21 17:53:42,,2022-01-07,,牢玫堡开矫 巢悼备 稠泅悼 ***-* 俊内皋飘肺*瞒 歹鸥况,PHMG120223530019047000001,3530000,"牢玫堡开矫 巢悼备 家贰开巢肺 **, B悼 ****龋 (稠泅悼, 俊内皋飘肺*瞒 歹鸥况)",21674,05,力寇/昏力/傈免,,,,95.69
林侥雀荤 房勒轰萍,,198985.790729294,452156.841758664,2026-04-26 22:32:27,I,13,康诀吝,2024-09-20 16:12:55,,2021-08-02,,辑匡漂喊矫 辆肺备 倡盔悼 *** 拌己呼爹,PHMG120213000034047000104,3000000,"辑匡漂喊矫 辆肺备 荐钎肺 ***, 拌己呼爹 ***龋 (倡盔悼)",03139,01,康诀/沥惑,,,02-2244-6977,
抗胶内府酒,,174609.224531781,439897.889183283,2026-04-26 22:33:48,I,13,康诀吝,2021-11-29 17:01:22,,2021-11-29,,牢玫堡开矫 巢悼备 埃籍悼 ***-* 篮柳呼爹,PHMG120213530019047000154,3530000,"牢玫堡开矫 巢悼备 籍魂肺 ***-*, 篮柳呼爹 *摸 傈何龋 (埃籍悼)",21545,01,康诀/沥惑,,,032-423-5115,149.04
揪蜡脚蕊荤芭府痢,2016-12-29,167671.331931609,440583.690593851,2026-04-26 22:31:59,I,03,企诀,2016-12-30 09:00:25,,2016-05-20,,,PHMG120163490019047000013,3490000,"牢玫堡开矫 吝备 辑秦措肺 *** (脚蕊悼*啊, 脚老馆痢)",22329,03,企诀,,,032-761-9604,
唱宏扼歹胶,2026-01-25,154226.312333898,443883.055904011,2026-04-26 22:32:08,I,03,企诀,2026-01-28 14:25:43,,2022-08-12,,牢玫堡开矫 吝备 款辑悼 ****-* 浅覆 酒捞盔酒颇飘 ***悼 ***龋,PHMG120223490019047000132,3490000,"牢玫堡开矫 吝备 康辆措肺**锅辨 **, ***悼 *摸 *龋 (款辑悼, 浅覆 酒捞盔酒颇飘)",22368,03,企诀,,,,
揪力捞棵府宏康(林)悼措巩开痢,2015-05-08,200986.447020802,452215.701716963,2026-04-26 22:32:15,I,03,企诀,2015-05-08 16:46:24,,2013-05-20,110-541,辑匡漂喊矫 辆肺备 芒脚*悼 ***锅瘤 *龋,PHMG120133000034047000017,3000000,辑匡漂喊矫 辆肺备 辆肺 *** (芒脚悼),,03,企诀,,,02-3675-8410,
歹扼捞橇,,208300.819823436,454462.781016309,2026-04-26 22:32:24,I,13,康诀吝,2024-06-21 16:18:53,,2020-07-30,,辑匡漂喊矫 吝尔备 噶快悼 ***-*,PHMG120203060034047000052,3060000,"辑匡漂喊矫 吝尔备 扳犁肺**辨 **, *摸 (噶快悼)",02174,01,康诀/沥惑,,,,
辫沥巩舅肺俊,2010-11-02,208765.034096176,455309.437980638,2026-04-26 22:32:08,I,03,企诀,2011-03-04 14:24:54,,2010-08-31,131-810,辑匡漂喊矫 吝尔备 噶快夯悼 ***锅瘤 *龋 措蕊呼爹 *摸,PHMG120103060034047000054,3060000,,,03,企诀,,,,
怕康,2012-03-27,207922.002484799,454178.824228606,2026-04-26 22:32:10,I,03,企诀,2012-03-27 11:30:49,,2011-08-03,131-816,"辑匡漂喊矫 吝尔备 搁格夯悼 ***锅瘤 **龋 *, *摸",PHMG120113060034047000036,3060000,辑匡漂喊矫 吝尔备 扳犁肺**辨 ** (搁格悼),,03,企诀,,,,
厚罢狼丰扁巢悼权诫鸥,2020-04-23,175580.113932115,439175.161355998,2026-04-26 22:33:38,I,03,企诀,2020-04-23 18:22:15,,2006-12-26,,父荐悼 ***-**(*摸),PHMG120063530019047000015,3530000,牢玫堡开矫 巢悼备 备岿富肺 ** (父荐悼),21535,03,企诀,,,,135.24
弊府棵扼,2025-12-29,207866.382058668,454493.365450637,2026-04-26 22:32:26,I,03,企诀,2025-12-30 14:51:44,,2021-09-23,,辑匡漂喊矫 吝尔备 搁格悼 **-**,PHMG120213060034047000113,3060000,"辑匡漂喊矫 吝尔备 搁格肺**辨 **-**, 瘤窍摸 *龋 (搁格悼)",02157,03,企诀,,,,
龋林搁技痢 噶快痢,,208593.330058191,455026.01395096,2026-04-26 22:32:33,I,13,康诀吝,2023-07-14 09:17:00,,2023-07-13,,辑匡漂喊矫 吝尔备 噶快悼 ***-** 家噶背雀,PHMG120233060034047000073,3060000,"辑匡漂喊矫 吝尔备 侩付魂肺***辨 **, *摸 **龋 (噶快悼)",02166,01,康诀/沥惑,,,,
窍伎,2008-04-24,208269.294495248,454713.093539362,2026-04-26 22:32:01,I,03,企诀,2009-07-27 09:33:33,,2007-11-08,131-809,辑匡漂喊矫 吝尔备 噶快夯悼 ***锅瘤 **龋 *摸,PHMG120073060034047000036,3060000,,,03,企诀,,,02-494-0161,
肺窍胶,2009-07-23,,,2026-04-26 22:32:03,I,03,企诀,2009-07-23 15:12:38,,2006-09-05,110-850,辑匡漂喊矫 辆肺备 瓤力悼**-* 坷己呼爹 *摸,PHMG120063000034047000028,3000000,,,03,企诀,,,02-744-2345,
辑匡惑荤,2015-01-26,198524.413386701,451929.432640046,2026-04-26 22:31:57,I,03,企诀,2015-01-26 15:39:13,,1985-11-19,110-111,辑匡漂喊矫 辆肺备 包枚悼 **锅瘤 *龋,PHMG119853000034047000005,3000000,辑匡漂喊矫 辆肺备 快沥惫肺*辨 ** (包枚悼),,03,企诀,,,02-734-1302,
技红老饭红 侩付傍盔痢,2025-04-09,208812.103286633,454767.531673771,2026-04-26 22:32:27,I,03,企诀,2025-04-09 13:27:45,,2022-02-07,,辑匡漂喊矫 吝尔备 噶快悼 ***-** 悼魂臂窿扁切盔,PHMG120223060034047000025,3060000,"辑匡漂喊矫 吝尔备 侩付傍盔肺 *, 悼魂臂窿扁切盔 *摸 (噶快悼)",02181,03,企诀,,,,
钙柳皋叼漠牢玫,2012-12-26,175199.061455684,438549.362866129,2026-04-26 22:33:38,I,03,企诀,2012-12-26 15:50:18,,2009-09-08,405-839,牢玫堡开矫 巢悼备 备岿*悼 ****锅瘤 *龋 *摸,PHMG120093530019047000024,3530000,"牢玫堡开矫 巢悼备 牢林措肺 ***, *摸 (备岿悼)",,03,企诀,,,,
俊胶力捞(SJ)皋叼漠,,174136.448502526,437677.045395368,2026-04-26 22:33:47,I,15,傈免,2021-12-15 10:46:40,,2019-03-18,,牢玫堡开矫 巢悼备 备岿悼 ****锅瘤 *龋 匙捞媚橇扼磊,PHMG120193530019047000073,3530000,"牢玫堡开矫 巢悼备 急荐锰傍盔肺**锅辨 **, 匙捞媚橇扼磊 *摸 ***-**龋 (备岿悼)",21582,05,力寇/昏力/傈免,,,,4
(林)窍捞橇扼磊 权敲矾胶埃籍痢,2024-04-30,172419.743721009,440865.63488269,2026-04-26 22:33:47,I,03,企诀,2024-04-30 10:30:47,,2020-06-12,,牢玫堡开矫 巢悼备 埃籍悼 ***锅瘤 *龋 权敲矾胶,PHMG120203530019047000047,3530000,"牢玫堡开矫 巢悼备 版盔措肺 ***, 权敲矾胶 *摸 老何龋 (埃籍悼)",21500,03,企诀,,,032-715-4397,
(林)叼瘤判傍炼 牢玫父荐痢,2023-02-14,175787.186745312,439661.911958024,2026-04-26 22:33:51,I,03,企诀,2023-02-15 10:32:42,,2023-01-20,,牢玫堡开矫 巢悼备 父荐悼 ***-** 铰犁呼爹,PHMG120233530019047000020,3530000,"牢玫堡开矫 巢悼备 归裹肺 ***, 铰犁呼爹 *摸 (父荐悼)",21543,03,企诀,,,,
脚脚狼丰扁,2010-07-02,201317.33706078,452764.757918167,2026-04-26 22:32:07,I,03,企诀,2010-07-02 18:04:35,,2009-02-25,110-823,辑匡漂喊矫 辆肺备 件牢*悼 **锅瘤 **龋  泅措呼爹 *摸,PHMG120093000034047000009,3000000,"辑匡漂喊矫 辆肺备 瘤豪肺**辨 * (件牢悼,泅措呼爹 *摸)",,03,企诀,,,,
矫俊胶掉肺胶⑦,,208162.252482295,454353.43026645,2026-04-26 22:31:57,I,13,康诀吝,2018-11-27 10:55:28,,2004-09-06,131-817,辑匡漂喊矫 吝尔备 搁格*悼 **-**,PHMG120043060034047000008,3060000,辑匡漂喊矫 吝尔备 惑豪肺 ** (搁格悼),02158,01,康诀/沥惑,,,02-455-8641,
风虐固盲,2018-05-18,174256.054723495,437941.517453346,2026-04-26 22:33:44,I,03,企诀,2018-05-18 13:52:10,,2017-09-26,,,PHMG120173530019047000063,3530000,"牢玫堡开矫 巢悼备 急荐锰傍盔肺**锅辨 *-**, ***龋 (备岿悼, (D*-*))",21581,03,企诀,,,032-433-7891,
林侥雀荤 茄归臂肺国,,198913.496136105,452416.170780139,2026-04-26 22:32:26,I,13,康诀吝,2021-01-04 16:41:29,,2021-01-04,,辑匡漂喊矫 辆肺备 倡盔悼 **-* 辆肺坷乔胶炮 ***龋,PHMG120213000034047000001,3000000,"辑匡漂喊矫 辆肺备 伙老措肺**辨 **, ***龋 (倡盔悼, 辆肺坷乔胶炮)",03132,01,康诀/沥惑,,,02-3675-5282,
捞浇肺 沥荐扁,2011-06-16,,,2026-04-26 22:31:57,I,03,企诀,2011-06-16 10:54:18,,2004-12-16,131-833,辑匡漂喊矫 吝尔备 搁格*悼 ****-*,PHMG120043060034047000012,3060000,,,03,企诀,,,02-2209-9577,
厚鸥刮冠荤,,176529.598158049,432907.566441805,2026-04-26 22:33:47,I,13,康诀吝,2020-05-21 17:46:04,,2020-05-20,,牢玫堡开矫 巢悼备 稠泅悼 ***锅瘤 *龋,PHMG120203530019047000042,3530000,"牢玫堡开矫 巢悼备 家贰开巢肺**锅辨 *-*, 家贰矫萍 ***-*龋 (稠泅悼)",21674,01,康诀/沥惑,,,,171.03
驱寸皋叼拿,2015-01-06,207727.590672444,454084.635304618,2026-04-26 22:32:12,I,03,企诀,2015-01-06 15:59:10,,2013-01-03,131-816,辑匡漂喊矫 吝尔备 搁格夯悼 ***锅瘤 **龋 *摸,PHMG120133060034047000004,3060000,"辑匡漂喊矫 吝尔备 搁格肺**辨 **, *摸 (搁格悼)",,03,企诀,,,02-6349-7589,
GS25宫悼捞祈茄痢,,207299.659260828,457199.343836097,2026-04-26 22:32:29,I,13,康诀吝,2022-07-15 11:40:30,,2022-07-13,,辑匡漂喊矫 吝尔备 宫悼 **-* 券柳鳃鸥款,PHMG120223060034047000148,3060000,"辑匡漂喊矫 吝尔备 槛急克林肺*辨 **-*, ***龋 (宫悼, 券柳鳃鸥款)",02030,01,康诀/沥惑,,,,
溃葫酒匡房,2017-10-31,175265.663946784,433241.797279469,2026-04-26 22:33:44,I,03,企诀,2017-10-31 13:54:56,,2017-03-06,,,PHMG120173530019047000015,3530000,"牢玫堡开矫 巢悼备 没瓷措肺 ***, *摸 ***龋 (稠泅悼, 稠泅皋叼拿季磐)",21653,03,企诀,,,,
俊胶俊捞摹 臂肺国,2016-07-11,197567.747824202,452347.973860449,2026-04-26 22:32:15,I,03,企诀,2016-07-11 16:15:06,,2014-03-05,110-070,辑匡漂喊矫 辆肺备 郴荐悼 **锅瘤 侩厚绢玫啊 ***龋,PHMG120143000034047000010,3000000,"辑匡漂喊矫 辆肺备 货巩救肺*辨 **, ***龋 (郴荐悼, 侩厚绢玫啊)",03173,03,企诀,,,,
没澜焊没扁,2017-12-14,198525.851210964,451909.692402004,2026-04-26 22:32:06,I,03,企诀,2017-12-14 11:25:06,,2008-08-13,110-111,辑匡漂喊矫 辆肺备 包枚悼 **锅瘤 *龋 悼拳呼爹 *摸,PHMG120083000034047000032,3000000,"辑匡漂喊矫 辆肺备 辆肺*辨 **, *摸 (包枚悼, 悼拳呼爹)",03189,03,企诀,,,02-737-5460,
皋叼郡,,200154.311698767,452051.814027903,2026-04-26 22:32:18,I,13,康诀吝,2023-01-27 17:52:25,,2015-10-20,,辑匡漂喊矫 辆肺备 辆肺*啊 ***锅瘤 **龋 *摸,PHMG120153000034047000077,3000000,"辑匡漂喊矫 辆肺备 辆肺 ***, *摸 (辆肺*啊)",03196,01,康诀/沥惑,,,,
瘤俊胶25 巢悼SD鸥况痢,2025-10-01,173196.885400623,434389.675037986,2026-04-26 22:33:50,I,03,企诀,2025-10-01 15:45:56,,2022-03-18,,牢玫堡开矫 巢悼备 稠泅悼 ***-** 巢悼SD鸥况瘤侥魂诀季磐,PHMG120223530019047000200,3530000,"牢玫堡开矫 巢悼备 篮豪肺 **, 巢悼SD鸥况瘤侥魂诀季磐 ***龋 (稠泅悼)",21631,03,企诀,,,,
技红老饭红 备岿俊捞胶痢,2023-04-06,173016.916024027,439293.994711678,2026-04-26 22:33:49,I,03,企诀,2023-04-06 15:59:43,,2022-02-16,,牢玫堡开矫 巢悼备 备岿悼 ****-**,PHMG120223530019047000148,3530000,"牢玫堡开矫 巢悼备 备岿巢肺**锅辨 **, *摸 (备岿悼)",21553,03,企诀,,,,
措吝皋叼漠,,177742.147371219,438683.409115487,2026-04-26 22:33:43,I,13,康诀吝,2014-12-08 14:51:11,,2014-12-05,405-250,牢玫堡开矫 巢悼备 厘荐悼 ***锅瘤 *龋,PHMG120143530019047000137,3530000,"牢玫堡开矫 巢悼备 厘荐肺 *-*, *摸 *龋 (厘荐悼)",21532,01,康诀/沥惑,,,,16.5
CU康辆仟福瘤坷磊捞,,160017.544089662,443145.847197209,2026-04-26 22:32:03,I,13,康诀吝,2023-10-05 17:56:50,,2021-05-12,,牢玫堡开矫 吝备 款巢悼 **** 康辆季飘凡 仟福瘤坷磊捞 ***龋,PHMG120213490019047000023,3490000,"牢玫堡开矫 吝备 篮窍荐肺 ***, *摸 ***龋 (款巢悼, 康辆季飘凡 仟福瘤坷磊捞)",22389,01,康诀/沥惑,,,,128.7
快府皋靛(URIMED),,175265.663946784,433241.797279469,2026-04-26 22:33:51,I,13,康诀吝,2022-09-14 15:04:58,,2022-09-07,,牢玫堡开矫 巢悼备 稠泅悼 ***-* 稠泅皋叼拿季磐,PHMG120223530019047000373,3530000,"牢玫堡开矫 巢悼备 没瓷措肺 ***, 稠泅皋叼拿季磐 ***-*龋 (稠泅悼)",21653,01,康诀/沥惑,,,,2
技红老饭红 牢玫巩拳雀包痢,2018-12-20,173265.955234733,438085.496415252,2026-04-26 22:33:39,I,03,企诀,2018-12-20 18:22:11,,2014-10-27,405-840,牢玫堡开矫 巢悼备 备岿悼 ****锅瘤 **龋,PHMG120143530019047000060,3530000,牢玫堡开矫 巢悼备 巩拳肺 ** (备岿悼),21568,03,企诀,,,,
泅措蜡浚酒捞 林侥雀荤,2018-05-17,199959.562318316,452532.917143908,2026-04-26 22:32:18,I,03,企诀,2018-05-17 11:34:52,,2015-09-15,,辑匡漂喊矫 辆肺备 楷瘤悼 *锅瘤 *龋 泅措弊缝呼爹 悼包**摸,PHMG120153000034047000067,3000000,"辑匡漂喊矫 辆肺备 啦邦肺 *** (楷瘤悼, 泅措弊缝呼爹 悼包 **摸)",03127,03,企诀,,,02-2072-6028,
(林)歹付抚,,173543.197780644,438277.423455367,2026-04-26 22:33:48,I,13,康诀吝,2023-09-13 16:42:30,,2021-08-26,,牢玫堡开矫 巢悼备 备岿悼 ****-* 皋牢橇扼磊,PHMG120213530019047000127,3530000,"牢玫堡开矫 巢悼备 己富肺**锅辨 **, 皋牢橇扼磊 ***龋 (备岿悼)",21573,01,康诀/沥惑,,,,204.42
措己,2012-10-15,174253.417563808,440066.882852203,2026-04-26 22:33:38,I,03,企诀,2012-10-16 09:06:18,,2009-08-31,405-803,牢玫堡开矫 巢悼备 埃籍*悼 ***锅瘤 *龋 *摸老何,PHMG120093530019047000022,3530000,"牢玫堡开矫 巢悼备 籍锰肺 ** (埃籍悼, *摸老何)",,03,企诀,,,,
技沥扁诀,,176821.016747354,440054.914880791,2026-04-26 22:33:47,I,13,康诀吝,2020-09-23 16:33:46,,2020-09-23,,牢玫堡开矫 巢悼备 父荐悼 *-**,PHMG120203530019047000077,3530000,"牢玫堡开矫 巢悼备 父荐辑肺***锅辨 **, 瘤窍摸 (父荐悼)",21522,01,康诀/沥惑,,,,93
CU巢锰吝居痢,,174604.718243899,436674.802963663,2026-04-26 22:33:51,I,13,康诀吝,2022-07-22 17:53:51,,2022-07-21,,牢玫堡开矫 巢悼备 巢锰悼 ***-**,PHMG120223530019047000319,3530000,"牢玫堡开矫 巢悼备 巢锰悼肺**锅辨 *, *摸 老何龋 (巢锰悼)",21623,01,康诀/沥惑,,,,60
府焊胶,,206264.85197789,454540.796124357,2026-04-26 22:32:09,I,15,傈免,2017-09-26 17:19:05,,2011-04-05,131-878,辑匡漂喊矫 吝尔备 吝拳*悼 ***锅瘤 **龋  *摸,PHMG120113060034047000012,3060000,"辑匡漂喊矫 吝尔备 噶快肺 ***, *摸 (吝拳悼)",02115,05,力寇/昏力/傈免,,,,
揪俊捞摹 秋胶纳绢 臂肺国,,174290.415158876,440222.474318575,2026-04-26 22:33:47,I,13,康诀吝,2020-04-30 12:51:42,,2020-04-29,,牢玫堡开矫 巢悼备 埃籍悼 ***锅瘤 *龋,PHMG120203530019047000036,3530000,"牢玫堡开矫 巢悼备 巢悼措肺***锅辨 **, B*摸 (埃籍悼)",21545,01,康诀/沥惑,,,,88.4
秦乔罚靛 埃籍权敲矾胶痢,,172419.743721009,440865.63488269,2026-04-26 22:33:38,I,13,康诀吝,2013-08-28 16:46:12,,2011-07-05,405-810,牢玫堡开矫 巢悼备 埃籍*悼 ***锅瘤 *龋 权敲矾胶 *摸老何,PHMG120113530019047000024,3530000,"牢玫堡开矫 巢悼备 版盔措肺 ***, *摸 (埃籍悼, 埃籍权敲矾胶)",21500,01,康诀/沥惑,,,,
欺胶飘,,175457.249689901,433279.105185572,2026-04-26 22:33:51,I,13,康诀吝,2023-02-17 16:46:32,,2023-02-17,,牢玫堡开矫 巢悼备 稠泅悼 ***-* 堡己橇扼磊,PHMG120233530019047000038,3530000,"牢玫堡开矫 巢悼备 没瓷措肺 ***, 堡己橇扼磊 ***-***龋 (稠泅悼)",21653,01,康诀/沥惑,,,,3.3
俊静蜡郡⑦,2014-05-08,206587.637574602,455997.311128342,2026-04-26 22:32:02,I,03,企诀,2014-05-08 16:03:08,,2008-11-07,131-853,辑匡漂喊矫 吝尔备 宫*悼 ***锅瘤 **龋 *摸,PHMG120083060034047000036,3060000,"辑匡漂喊矫 吝尔备 悼老肺***辨 **, *摸 (宫悼)",,03,企诀,,,02-434-1141,
堡拳巩固叼绢,,200152.356894244,452536.550689607,2026-04-26 22:32:28,I,13,康诀吝,2023-06-23 14:03:22,,2021-08-11,,辑匡漂喊矫 辆肺备 瓤力悼 ** 快老呼爹 ***龋,PHMG120213000034047000108,3000000,"辑匡漂喊矫 辆肺备 措切肺 **, 快老呼爹 ***龋 (瓤力悼)",03122,01,康诀/沥惑,,,02-739-9188,
林侥雀荤 固贰俊内府酒,2013-01-03,201143.390545666,452274.980477498,2026-04-26 22:32:14,I,03,企诀,2013-02-08 13:41:09,,2012-05-07,110-840,辑匡漂喊矫 辆肺备 芒脚*悼 ***锅瘤 弊扼胶鸥况 *摸,PHMG120123000034047000024,3000000,"辑匡漂喊矫 辆肺备 辆肺 ***, *摸 (芒脚悼, 臂扼胶鸥况)",,03,企诀,,,02-3789-0202,
(林)揪胶其捞矫胶 俺唱府痢,2022-07-26,174304.683618309,438617.242745383,2026-04-26 22:33:49,I,03,企诀,2022-07-28 08:44:05,,2022-03-02,,牢玫堡开矫 巢悼备 备岿悼 ***-*,PHMG120223530019047000188,3530000,"牢玫堡开矫 巢悼备 牢林措肺 ***, *摸 老何龋 (备岿悼)",21578,03,企诀,,,032-468-6171,122.1
瘤俊胶25 辑芒没酒救,,177411.760389901,436557.984544341,2026-04-26 22:33:52,I,13,康诀吝,2023-08-23 13:46:07,,2023-08-22,,牢玫堡开矫 巢悼备 辑芒悼 *** 辑芒LH*窜瘤惑啊,PHMG120233530019047000129,3530000,"牢玫堡开矫 巢悼备 辑芒巢鉴券肺 ***, 辑芒LH*窜瘤惑啊 ***龋 (辑芒悼)",21608,01,康诀/沥惑,,,,81
捞冠烹惑 林侥雀荤,,175712.202864723,437928.638085302,2026-04-26 22:33:48,I,13,康诀吝,2021-05-13 10:35:16,,2021-05-13,,牢玫堡开矫 巢悼备 荐魂悼 **-*,PHMG120213530019047000091,3530000,"牢玫堡开矫 巢悼备 版脚肺**锅辨 *, *摸 傈眉龋 (荐魂悼)",21588,01,康诀/沥惑,,,,166.99
悼酒拌螟扁,2016-05-27,199377.669055349,451982.41963839,2026-04-26 22:32:08,I,03,企诀,2016-05-27 17:33:27,,2009-10-27,110-123,辑匡漂喊矫 辆肺备 辆肺*啊 ***锅瘤 康堡呼爹 ***龋,PHMG120093000034047000043,3000000,"辑匡漂喊矫 辆肺备 辆肺 ***-* (辆肺*啊,康堡呼爹 ***龋)",,03,企诀,,,22690666,
捞付飘24 籍魂绢匡覆痢,2024-07-01,174006.351654693,439862.564286722,2026-04-26 22:33:49,I,03,企诀,2024-07-01 13:30:57,,2022-02-15,,牢玫堡开矫 巢悼备 埃籍悼 ***-* 陛龋季磐橇扼磊 ***龋,PHMG120223530019047000156,3530000,"牢玫堡开矫 巢悼备 籍魂肺 ***, 陛龋季磐橇扼磊 ***龋 (埃籍悼)",21550,03,企诀,,,,
GS25 埃籍付风痢,,173081.627831173,439382.472453665,2026-04-26 22:33:43,I,13,康诀吝,2014-11-06 14:21:31,,2014-11-06,405-809,牢玫堡开矫 巢悼备 埃籍悼 ***锅瘤 **龋,PHMG120143530019047000116,3530000,牢玫堡开矫 巢悼备 备岿肺*锅辨 ** (埃籍悼),21553,01,康诀/沥惑,,,070-8246-8594,
茄捞快狼丰扁,2009-10-27,,,2026-04-26 22:32:04,I,03,企诀,2009-10-27 16:32:42,,2007-05-28,110-126,辑匡漂喊矫 辆肺备 辆肺*啊 ***-*,PHMG120073000034047000016,3000000,,,03,企诀,,,02-3675-0465,
啊恩拱幅,2015-05-14,201089.517670945,452170.62417251,2026-04-26 22:32:05,I,03,企诀,2015-05-14 14:06:09,,2007-11-26,110-841,辑匡漂喊矫 辆肺备 芒脚悼 ***锅瘤,PHMG120073000034047000038,3000000,辑匡漂喊矫 辆肺备 辆肺**辨 * (芒脚悼),,03,企诀,,,02-745-3001,
官弗磊技背沥,2017-03-08,198922.187721608,452227.067733521,2026-04-26 22:32:17,I,03,企诀,2017-03-08 16:59:17,,2015-01-19,110-320,辑匡漂喊矫 辆肺备 倡盔悼 ***锅瘤 *龋 *摸,PHMG120153000034047000003,3000000,"辑匡漂喊矫 辆肺备 荐钎肺 ***, *摸 (倡盔悼)",03140,03,企诀,,,02-3676-5554,
林侥雀荤 概流纳绢,,175322.829762396,433304.243386176,2026-04-26 22:33:51,I,13,康诀吝,2025-02-21 16:49:08,,2022-10-19,,牢玫堡开矫 巢悼备 稠泅悼 ***-* 漠府坷其,PHMG120223530019047000400,3530000,"牢玫堡开矫 巢悼备 稠绊俺肺***锅辨 **, 漠府坷其 *摸 ***龋 (稠泅悼)",21653,01,康诀/沥惑,,,,18
林侥雀荤 捞酱某胶磐,,197713.264843734,451938.037703258,2026-04-26 22:32:28,I,15,傈免,2023-05-18 10:00:40,,2021-12-16,,辑匡漂喊矫 辆肺备 脚巩肺*啊 *** 堡拳巩坷乔矫酒呼爹 ****龋,PHMG120213000034047000134,3000000,"辑匡漂喊矫 辆肺备 货巩救肺 **, 堡拳巩坷乔矫酒呼爹 ****龋 (脚巩肺*啊)",03186,05,力寇/昏力/傈免,,,02-720-1142,
柯穿府 秋胶纳绢,2020-09-01,207629.811932774,453054.444711078,2026-04-26 22:32:19,I,03,企诀,2020-09-01 14:11:56,,2017-02-28,,辑匡漂喊矫 吝尔备 搁格悼 ***锅瘤 **龋 茄己呼爹 *摸,PHMG120173060034047000010,3060000,"辑匡漂喊矫 吝尔备 搁格肺**辨 * (搁格悼, 茄己呼爹)",02238,03,企诀,,,,
捞绢纳绢齿,,173473.832260562,438272.102552924,2026-04-26 22:33:38,I,13,康诀吝,2011-12-26 15:20:12,,2005-10-24,405-841,牢玫堡开矫 巢悼备 备岿*悼 ****锅瘤 捞配鸥况 ***龋,PHMG120053530019047000025,3530000,"牢玫堡开矫 巢悼备 抗贱肺 ***, ***龋 (备岿悼, 捞配鸥况)",21573,01,康诀/沥惑,,,,
海胶飘皋叼漠,2018-03-31,175609.344867606,433033.008882179,2026-04-26 22:33:44,I,03,企诀,2018-03-27 10:29:39,,2016-11-29,,牢玫堡开矫 巢悼备 稠泅悼 ***锅瘤 *龋,PHMG120163530019047000104,3530000,"牢玫堡开矫 巢悼备 稠绊俺肺 **, ***(棵官弗脚版沥脚苞 郴)龋 (稠泅悼, 稠泅皋叼胶鸥况)",21679,03,企诀,,,032-429-5038,9.2
(林)力捞纳捞辆钦拱幅,,201960.951300031,452506.178595954,2026-04-26 22:32:23,I,15,傈免,2018-07-26 16:24:52,,2017-08-17,,辑匡漂喊矫 辆肺备 件牢悼 ****锅瘤,PHMG120173000034047000046,3000000,"辑匡漂喊矫 辆肺备 抄拌肺 ***, ***龋 (件牢悼, 版老坷乔胶炮)",03116,05,力寇/昏力/傈免,,,02-2256-6916,
(林)磊胶刮,2021-02-23,199917.22023781,452390.167805309,2026-04-26 22:32:15,I,24,流鼻企诀,2021-02-24 13:08:04,,2013-09-23,110-470,辑匡漂喊矫 辆肺备 楷瘤悼 ***锅瘤 *龋 措龋呼爹  B悼 ***龋,PHMG120133000034047000041,3000000,"辑匡漂喊矫 辆肺备 辫惑苛肺 **, B悼 ***龋 (楷瘤悼, 措龋呼爹)",03128,04,秒家/富家/父丰/沥瘤/吝瘤,,,02-742-8814,
捞促捞隔,2023-01-10,209328.918216494,457210.837407128,2026-04-26 22:32:28,I,03,企诀,2023-01-19 09:22:41,,2022-06-09,,,PHMG120223060034047000119,3060000,"辑匡漂喊矫 吝尔备 脚郴开肺*辨 **, ***悼 ***龋 (脚郴悼, 脚郴快叼救*窜瘤)",02055,03,企诀,,,070-4062-8249,
GS25 稠泅氢锰痢,,175587.125369641,432779.142529231,2026-04-26 22:33:50,I,13,康诀吝,2022-03-24 15:53:07,,2022-03-24,,牢玫堡开矫 巢悼备 稠泅悼 ***-* 家贰绒刚矫酒*窜瘤 惑啊俊捞悼,PHMG120223530019047000206,3530000,"牢玫堡开矫 巢悼备 巨绊俺肺***锅辨 **, 家贰绒刚矫酒*窜瘤 惑啊俊捞悼 俊捞惑啊悼悼 *摸 ***, ***龋 (稠泅悼)",21679,01,康诀/沥惑,,,,
价蜡柳 焊没扁,,174083.031586604,440010.042415801,2026-04-26 22:33:45,I,13,康诀吝,2020-08-25 13:33:26,,2018-01-16,,牢玫堡开矫 巢悼备 埃籍悼 ***锅瘤 *龋,PHMG120183530019047000004,3530000,"牢玫堡开矫 巢悼备 巢悼措肺 ***-*, *摸 ***龋 老何龋 (埃籍悼)",21550,01,康诀/沥惑,,,,17.89
沥矩巢,2022-12-30,176185.725527459,438478.03736843,2026-04-26 22:33:45,I,03,企诀,2022-12-30 17:55:04,,2019-07-30,,牢玫堡开矫 巢悼备 父荐悼 ***锅瘤 **龋,PHMG120193530019047000044,3530000,"牢玫堡开矫 巢悼备 牢林措肺 ***, *摸 ***龋 (父荐悼)",21589,03,企诀,,,,50
促快皋叼漠,2024-09-23,174134.063014029,433107.729453554,2026-04-26 22:33:52,I,03,企诀,2024-09-23 13:47:41,,2024-04-08,,牢玫堡开矫 巢悼备 绊儡悼 ***-*,PHMG120243530019047000042,3530000,"牢玫堡开矫 巢悼备 龋备器肺 ***, 歹付农盔 力*摸 力胶涅绢 ***龋 (绊儡悼)",21655,03,企诀,,,,92.56
纳捞力捞狼丰扁惑荤,2015-05-14,201282.378349367,452249.643664396,2026-04-26 22:32:16,I,03,企诀,2015-05-14 14:17:22,,2014-09-12,110-841,辑匡漂喊矫 辆肺备 芒脚悼 ***锅瘤 *龋 陛龋迫饭胶呼爹 ***龋,PHMG120143000034047000037,3000000,"辑匡漂喊矫 辆肺备 瘤豪肺 **, ***龋 (芒脚悼)",,03,企诀,,,,
傣侩皋叼,,176098.837836865,439666.933106186,2026-04-26 22:33:45,I,13,康诀吝,2018-07-31 09:28:49,,2018-07-30,,牢玫堡开矫 巢悼备 父荐悼 ***锅瘤 **龋,PHMG120183530019047000047,3530000,"牢玫堡开矫 巢悼备 父荐肺**锅辨 *, *摸 老何龋 (父荐悼)",21524,01,康诀/沥惑,,,,26.5
健狼塞,,175654.586437533,439066.085629827,2026-04-26 22:33:45,I,15,傈免,2020-08-28 09:51:06,,2018-07-23,,牢玫堡开矫 巢悼备 父荐悼 ***锅瘤 措康呼爹,PHMG120193530019047000042,3530000,"牢玫堡开矫 巢悼备 汗俺悼肺 **, 措康呼爹 *摸 老何龋 (父荐悼)",21535,05,力寇/昏力/傈免,,,032-545-7770,153.7
秦乔家葱 吝拳 讥牢讥,2016-12-02,206947.569398218,455670.368376491,2026-04-26 22:32:12,I,24,流鼻企诀,2016-12-30 13:55:56,,2013-02-13,131-875,辑匡漂喊矫 吝尔备 吝拳悼 ***锅瘤 **龋 堡玫呼爹,PHMG120133060034047000012,3060000,"辑匡漂喊矫 吝尔备 悼老肺 ***, *摸 (吝拳悼)",02050,04,秒家/富家/父丰/沥瘤/吝瘤,,,,
溃葫敲矾胶,2024-01-13,167164.797883085,441478.503087711,2026-04-26 22:32:10,I,03,企诀,2025-01-13 13:27:10,,2023-03-23,,牢玫堡开矫 吝备 牢泅悼 **-*,PHMG120233490019047000021,3490000,牢玫堡开矫 吝备 快泅肺**锅辨 **(牢泅悼),22316,03,企诀,,,,438.42
坷弗颊鳃傅,2018-07-12,174155.140605238,438469.62628043,2026-04-26 22:33:44,I,03,企诀,2018-07-12 09:31:28,,2017-09-04,,,PHMG120173530019047000057,3530000,"牢玫堡开矫 巢悼备 己府肺 **, *摸 傈眉龋 (备岿悼, 坷弗颊呼爹)",21577,03,企诀,,,,
脚己S&I,2024-06-24,207584.918186344,454966.74366658,2026-04-26 22:32:28,I,03,企诀,2024-06-24 12:25:18,,2022-02-17,,辑匡漂喊矫 吝尔备 惑豪悼 ***-* 府海肺傀爹圈,PHMG120223060034047000073,3060000,"辑匡漂喊矫 吝尔备 噶快肺 ***, 府海肺傀爹圈 ***龋 (惑豪悼)",02098,03,企诀,,,,
技扼联狼丰扁 吝拳瘤痢,2004-11-19,206788.048632489,455850.935638819,2026-04-26 22:31:57,I,03,企诀,2009-07-23 14:14:18,,2004-01-30,131-881,辑匡漂喊矫 吝尔备 吝拳*悼 ***锅瘤 *龋 力老橇扼磊 *摸,PHMG120043060034047000017,3060000,,,03,企诀,,,02-435-0185,217.3
技红老饭红 备岿荐蛆荤芭府痢,2025-11-12,172955.839792753,438435.223821061,2026-04-26 22:33:50,I,03,企诀,2025-11-12 16:00:25,,2022-03-17,,牢玫堡开矫 巢悼备 备岿悼 ****-*,PHMG120223530019047000198,3530000,"牢玫堡开矫 巢悼备 巩拳辑肺**锅辨 **, *摸 (备岿悼)",21567,03,企诀,,,,
GS25 岿固盒荐措痢,,164267.99514562,441301.826772596,2026-04-26 22:32:05,I,13,康诀吝,2022-02-08 23:13:42,,2022-02-08,,牢玫堡开矫 吝备 合己悼*啊 **-***,PHMG120223490019047000021,3490000,牢玫堡开矫 吝备 岿固巩拳肺 **-*(合己悼*啊),22303,01,康诀/沥惑,,,,
捞力捞皋叼漠,,207348.174437773,453260.831702723,2026-04-26 22:32:20,I,15,傈免,2020-12-17 11:13:05,,2017-12-19,,辑匡漂喊矫 吝尔备 搁格悼 ****锅瘤 滴魂酒颇飘 *瞒 *摸 *龋,PHMG120173060034047000064,3060000,"辑匡漂喊矫 吝尔备 荤啊沥肺**辨 *, *瞒*摸*龋 (搁格悼, 滴魂酒颇飘)",02227,05,力寇/昏力/傈免,,,070-4285-1487,
措盔皋叼抛农 林侥雀荤 辆肺痢,2022-06-30,199993.071594105,452126.28569377,2026-04-26 22:32:27,I,03,企诀,2022-06-30 17:31:44,,2021-05-12,,,PHMG120213000034047000077,3000000,"辑匡漂喊矫 辆肺备 辆肺 ***, 陛盔呼爹 ***龋 (辆肺*啊)",03129,03,企诀,,,02-6339-7977,
权敲矾胶(林)备岿痢,,173552.310556009,438905.868022571,2026-04-26 22:33:37,I,13,康诀吝,2024-02-22 09:05:11,,1999-07-21,,牢玫堡开矫 巢悼备 备岿悼 **** CGV 权敲矾胶,PHMG119993530019047000001,3530000,"牢玫堡开矫 巢悼备 抗贱肺 ***, CGV 权敲矾胶 老何龋 (备岿悼)",21558,01,康诀/沥惑,,,,
康狼丰扁(扼颇鳃傅姆橇),2013-09-24,175480.523689901,439284.753672029,2026-04-26 22:33:38,I,03,企诀,2013-09-24 17:12:08,,2011-04-04,405-862,牢玫堡开矫 巢悼备 父荐*悼 ***锅瘤 *龋 *摸,PHMG120113530019047000009,3530000,"牢玫堡开矫 巢悼备 备岿肺 ***, *摸 (父荐悼)",,03,企诀,,,,
岿靛惑荤,2020-01-08,173340.331079429,440124.678822311,2026-04-26 22:33:38,I,03,企诀,2020-01-08 11:39:41,,2009-05-20,405-234,牢玫堡开矫 巢悼备 埃籍*悼 ***锅瘤 *龋 *摸,PHMG120093530019047000015,3530000,"牢玫堡开矫 巢悼备 版牢肺 ***, *摸 (埃籍悼)",21505,03,企诀,,,,66.11
穿啊狼丰扁 悼牢玫痢,2012-11-19,167262.509624432,441389.173884699,2026-04-26 22:31:58,I,03,企诀,2012-12-20 16:10:30,,2012-09-10,400-180,牢玫堡开矫 吝备 牢泅悼 **锅瘤 *龋,PHMG120123490019047000003,3490000,牢玫堡开矫 吝备 快泅肺 **-* (牢泅悼),,03,企诀,,,032-763-1117,236
急诀皋叼剖,,206976.276390345,455566.412343673,2026-04-26 22:32:13,I,13,康诀吝,2026-03-03 13:57:11,,2016-10-11,,辑匡漂喊矫 吝尔备 吝拳悼 ***-**,PHMG120143060034047000008,3060000,"辑匡漂喊矫 吝尔备 悼老肺***辨 *, *摸 (吝拳悼)",02050,01,康诀/沥惑,,,,
揪蜡搁格栏朵痢,2018-07-05,208001.375458129,453531.598708709,2026-04-26 22:32:15,I,03,企诀,2018-07-05 15:04:47,,2014-12-16,131-814,辑匡漂喊矫 吝尔备 搁格悼 ***锅瘤 **龋,PHMG120143060034047000124,3060000,辑匡漂喊矫 吝尔备 扳犁肺**辨 *** (搁格悼),02208,03,企诀,,,02-433-9445,
骏俊胶皋叼漠,2010-11-04,208842.713556665,455205.504339797,2026-04-26 22:32:05,I,03,企诀,2010-11-04 14:58:06,,2009-12-24,131-802,辑匡漂喊矫 吝尔备 噶快夯悼 ***锅瘤 **龋 ***龋,PHMG120093060034047000079,3060000,,,03,企诀,,,34223812,
酒啊规矩哪欺聪,2014-05-07,175633.883082614,433196.453155142,2026-04-26 22:33:38,I,03,企诀,2014-05-07 17:47:01,,2011-07-20,405-300,牢玫堡开矫 巢悼备 稠泅悼 ***锅瘤 *龋 春内酒酒匡房 *摸,PHMG120113530019047000035,3530000,"牢玫堡开矫 巢悼备 没瓷措肺 ***, *摸 (稠泅悼, 春内酒酒匡房)",,03,企诀,,,070-7724-4714,
林侥雀荤 曼炼篮24,,198150.300374121,452019.212642931,2026-04-26 22:32:33,I,13,康诀吝,2023-06-27 17:14:39,,2023-06-27,,辑匡漂喊矫 辆肺备 辆肺*啊 ** 福皋捞俊福辆肺鸥款* ****龋,PHMG120233000034047000034,3000000,"辑匡漂喊矫 辆肺备 辆肺 **, 福皋捞俊福辆肺鸥款* ****龋 (辆肺*啊)",03157,01,康诀/沥惑,,,02-512-0503,
林侥雀荤 纳绢肺舅浚叼,,207211.726624286,453978.575126867,2026-04-26 22:32:09,I,13,康诀吝,2025-07-09 14:37:31,,2013-05-21,131-819,辑匡漂喊矫 吝尔备 搁格*悼 ***锅瘤 **龋  *摸,PHMG120113060034047000018,3060000,"辑匡漂喊矫 吝尔备 扳犁肺**啊辨 **, *摸 (搁格悼)",02147,01,康诀/沥惑,,,070-7438-0920,
惫刮皋叼漠,,201316.060458185,452794.948641315,2026-04-26 22:32:33,I,15,傈免,2023-09-08 16:06:50,,2021-09-28,,辑匡漂喊矫 辆肺备 件牢悼 **-* 荐籍哪厚令炮,PHMG120233000034047000007,3000000,"辑匡漂喊矫 辆肺备 瘤豪肺 **, 荐籍哪厚令炮 B***龋 (件牢悼)",03108,05,力寇/昏力/傈免,,,,148.5
伎泛飘矩内,,175411.593577176,433323.533492479,2026-04-26 22:33:49,I,13,康诀吝,2022-02-10 17:28:41,,2022-02-09,,牢玫堡开矫 巢悼备 稠泅悼 ***-*,PHMG120223530019047000116,3530000,"牢玫堡开矫 巢悼备 稠绊俺肺***锅辨 **, ***龋 老何龋 (稠泅悼)",21653,01,康诀/沥惑,,,,30
捞付飘24 埃籍必悼痢,,173224.680025698,439373.894090543,2026-04-26 22:33:53,I,13,康诀吝,2024-09-13 15:24:20,,2024-09-13,,牢玫堡开矫 巢悼备 埃籍悼 ***-***,PHMG120243530019047000110,3530000,"牢玫堡开矫 巢悼备 备岿肺**锅辨 **, *摸 (埃籍悼)",21553,01,康诀/沥惑,,,,83
厘荐皋叼纳绢,,155682.901041108,444107.96540224,2026-04-26 22:32:08,I,13,康诀吝,2022-08-08 13:32:28,,2022-08-08,,牢玫堡开矫 吝备 款辑悼 ****-* ***龋,PHMG120223490019047000128,3490000,"牢玫堡开矫 吝备 拳尔格肺 **-*, ***龋 (款辑悼)",22361,01,康诀/沥惑,,,,
(林)俊胶揪皋叼拿,,174345.744164753,433375.043521099,2026-04-26 22:33:53,I,13,康诀吝,2024-10-22 10:01:55,,2022-04-20,,牢玫堡开矫 巢悼备 稠泅悼 ***-* 力老橇扼磊,PHMG120243530019047000124,3530000,"牢玫堡开矫 巢悼备 稠泅肺 **, 力老橇扼磊 ***-*龋 (稠泅悼)",21655,01,康诀/沥惑,,,,46.44
(林)纳捞厚怜救版眉牢,,198984.604875284,451902.022816125,2026-04-26 22:32:35,I,13,康诀吝,2025-02-06 09:04:38,,2015-11-10,,辑匡漂喊矫 辆肺备 包荐悼 **-* 促厚摹鸥况 **摸,PHMG120253000034047000006,3000000,"辑匡漂喊矫 辆肺备 荐钎肺 **, 促厚摹鸥况 **摸 (包荐悼)",03191,01,康诀/沥惑,,,,
坷抚骏,,172886.756437004,433895.89547135,2026-04-26 22:33:52,I,13,康诀吝,2024-03-12 11:34:38,,2024-03-11,,牢玫堡开矫 巢悼备 绊儡悼 *** 悼酒呼爹,PHMG120243530019047000028,3530000,"牢玫堡开矫 巢悼备 篮没肺 **, 悼酒呼爹 ***龋 老何龋 (绊儡悼)",21633,01,康诀/沥惑,,,,69
林侥雀荤 奴唱公距前,,173205.567707384,440545.463342368,2026-04-26 22:33:51,I,13,康诀吝,2022-08-05 10:12:41,,2022-08-04,,牢玫堡开矫 巢悼备 埃籍悼 ***-** 促拳呼爹,PHMG120223530019047000344,3530000,"牢玫堡开矫 巢悼备 籍沥肺 ***, 促拳呼爹 *摸 傈眉龋 (埃籍悼)",21503,01,康诀/沥惑,,,032-431-9492,235.29
(林)秋胶宏复瘤,,199561.640995325,451858.661758256,2026-04-26 22:32:25,I,15,傈免,2021-11-03 13:20:43,,2020-02-05,,"辑匡漂喊矫 辆肺备 厘荤悼 ***锅瘤 *龋 酒技酒傈磊惑啊 *摸, H-芒狼倾宏 技努扼快靛",PHMG120203000034047000009,3000000,"辑匡漂喊矫 辆肺备 没拌玫肺 ***, 酒技救傈磊惑啊 *摸 H-芒狼倾宏 技努扼快靛龋 (厘荤悼)",03194,05,力寇/昏力/傈免,,,02-452-0905,
林侥雀荤 瘤俊胶府抛老H&B辆肺2啊痢,2018-10-12,198631.433296326,451962.936390697,2026-04-26 22:32:22,I,03,企诀,2018-10-12 15:50:53,,2017-05-29,,辑匡漂喊矫 辆肺备 辆肺*啊 **锅瘤 *龋,PHMG120173000034047000034,3000000,"辑匡漂喊矫 辆肺备 辆肺 **-*, *摸 (辆肺*啊)",03189,03,企诀,,,02-733-5547,
茄蝴皋叼,2021-06-23,198208.386453774,452193.293825248,2026-04-26 22:32:26,I,03,企诀,2021-06-23 15:16:53,,2020-06-29,,辑匡漂喊矫 辆肺备 没柳悼 *-* 没老呼爹 *摸,PHMG120203000034047000050,3000000,"辑匡漂喊矫 辆肺备 辆肺*辨 **-*, 没老呼爹 *摸 (没柳悼)",03158,03,企诀,,,02-387-4987,
CU 备岿酒胆扼捞,2017-11-02,173654.036434578,438913.229016387,2026-04-26 22:33:43,I,03,企诀,2017-11-06 09:39:17,,2015-01-28,405-835,牢玫堡开矫 巢悼备 备岿悼 ****锅瘤,PHMG120153530019047000017,3530000,"牢玫堡开矫 巢悼备 抗贱肺***锅辨 **, ***龋 (备岿悼)",21558,03,企诀,,,,28
玫扁鼻狼丰扁,2014-04-04,175268.327805852,438992.698944315,2026-04-26 22:33:39,I,03,企诀,2014-04-07 11:45:47,,2012-05-08,405-224,牢玫堡开矫 巢悼备 备岿*悼 ****锅瘤 *龋   ***龋,PHMG120123530019047000011,3530000,"牢玫堡开矫 巢悼备 龋备器肺 ***-**, ***龋 (备岿悼)",,03,企诀,,,,
动钮隔(Thank Q mall)悼牢玫青款痢,,167378.448174438,441465.6137087,2026-04-26 22:32:01,I,13,康诀吝,2019-03-18 16:25:50,,2019-02-20,,"牢玫堡开矫 吝备 牢泅悼 *锅瘤 ***龋 颇府官霸哆,措蕊尼傍魄厘",PHMG120193490019047000003,3490000,"牢玫堡开矫 吝备 曼寇傈肺 ***-*, 颇府官霸哆,措蕊尼傍魄厘 (牢泅悼)",22317,01,康诀/沥惑,,,,79
林侥雀荤 官捞坷袍 辑匡瘤痢,2024-12-31,207027.537026221,455121.997611718,2026-04-26 22:32:10,I,03,企诀,2025-01-24 16:53:03,,2011-11-04,131-121,辑匡漂喊矫 吝尔备 吝拳*悼 ***锅瘤 **龋,PHMG120113060034047000047,3060000,辑匡漂喊矫 吝尔备 悼老肺 *** (吝拳悼),,03,企诀,,,02-6278-3050,
厚揪皋叼漠,2005-07-11,208908.819647364,455221.843831035,2026-04-26 22:31:57,I,03,企诀,2009-07-24 11:32:37,,2004-08-26,131-802,辑匡漂喊矫 吝尔备 噶快夯悼 ***锅瘤 *龋 *摸,PHMG120043060034047000041,3060000,,,03,企诀,,,02-433-6969,
茄刀官捞坷抛农⑦,2011-03-31,,,2026-04-26 22:32:01,I,03,企诀,2011-03-31 13:18:29,,2004-09-10,110-320,辑匡漂喊矫 辆肺备 倡盔悼 **-* 辆肺坷乔胶炮 ***龋,PHMG120043000034047000024,3000000,,,03,企诀,,,02-3672-3188,
揪蜡吝尔噶快痢,2016-12-28,208215.46844442,454252.69444618,2026-04-26 22:32:15,I,03,企诀,2025-10-21 14:35:47,,2014-11-03,131-807,辑匡漂喊矫 吝尔备 噶快悼 ***锅瘤 *龋,PHMG120143060034047000081,3060000,辑匡漂喊矫 吝尔备 惑豪肺 ** (噶快悼),02175,03,企诀,,,02-432-0988,
农府俊捞记 ASB,2012-04-30,208183.558935157,454911.24852306,2026-04-26 22:32:09,I,03,企诀,2012-04-30 17:41:02,,2011-07-05,131-809,辑匡漂喊矫 吝尔备 噶快夯悼 ***锅瘤 *龋,PHMG120113060034047000029,3060000,辑匡漂喊矫 吝尔备 惑豪肺 *** (噶快悼),,03,企诀,,,,
力胶颇 牢玫流康痢,2024-09-06,173809.124865027,437945.571292375,2026-04-26 22:33:51,I,03,企诀,2024-09-06 17:43:16,,2022-08-22,,牢玫堡开矫 巢悼备 备岿悼 ****-** 固眠圈呼爹,PHMG120223530019047000358,3530000,"牢玫堡开矫 巢悼备 牢窍肺 ***, 固眠圈呼爹 *摸 老何(***)龋 (备岿悼)",21575,03,企诀,,,1544-2933,92
技红老饭红 牢玫埃籍夯痢,,174094.324011561,440064.518804131,2026-04-26 22:33:49,I,13,康诀吝,2022-03-14 08:56:27,,2022-03-11,,牢玫堡开矫 巢悼备 埃籍悼 ***-**,PHMG120223530019047000195,3530000,"牢玫堡开矫 巢悼备 巢悼措肺 ***, *摸 老何龋 (埃籍悼)",21550,01,康诀/沥惑,,,,
泅措肺窍胶,2011-03-02,176730.177139444,440318.943388459,2026-04-26 22:33:38,I,03,企诀,2011-03-02 18:40:13,,2010-02-23,405-852,牢玫堡开矫 巢悼备 父荐*悼 *锅瘤 ***龋 泅措RS呼爹 *摸,PHMG120103530019047000003,3530000,"牢玫堡开矫 巢悼备 父荐肺 *** (父荐悼,泅措RS呼爹 *摸)",,03,企诀,,,02-2138-8800,
茄荤捞攫胶,,198970.736456772,452534.45478172,2026-04-26 22:32:20,I,13,康诀吝,2021-02-09 18:01:49,,2017-01-23,,辑匡漂喊矫 辆肺备 劳急悼 **-* 款泅脚拳鸥况 ***龋-*,PHMG120173000034047000008,3000000,"辑匡漂喊矫 辆肺备 伙老措肺**辨 **, *摸 ***-*龋 (劳急悼, 款泅脚拳鸥况)",03132,01,康诀/沥惑,,,02-745-3653,
厚纳捞目孤聪纳捞记令,,173144.915531298,439729.52172034,2026-04-26 22:33:52,I,13,康诀吝,2024-03-06 13:59:39,,2024-03-06,,牢玫堡开矫 巢悼备 埃籍悼 ***-* 茄柳酒颇飘,PHMG120243530019047000027,3530000,"牢玫堡开矫 巢悼备 版牢肺***锅辨 **, *悼 ***龋 (埃籍悼, 茄柳酒颇飘)",21552,01,康诀/沥惑,,,,
厚纳捞抛农,,164593.391422385,439158.250497831,2026-04-26 22:32:04,I,13,康诀吝,2021-12-01 14:51:15,,2021-12-01,,牢玫堡开矫 吝备 亲悼*啊 **-**,PHMG120213490019047000043,3490000,牢玫堡开矫 吝备 楷救何滴肺**锅辨 *(亲悼*啊),22348,01,康诀/沥惑,,,032-469-9230,96.62
骏皋叼漠,,174004.235892972,440577.595372509,2026-04-26 22:33:39,I,13,康诀吝,2024-11-05 13:09:36,,2014-09-15,,牢玫堡开矫 巢悼备 埃籍悼 ***-* 酒飘弃府胶,PHMG120143530019047000047,3530000,"牢玫堡开矫 巢悼备 归裹肺 ***, 酒飘弃府胶 *摸 ***龋 (埃籍悼)",21507,01,康诀/沥惑,,,,41.58
瘤俊胶(GS)25 康辆胶鸥痢,,155414.702347856,443336.004791429,2026-04-26 22:32:09,I,13,康诀吝,2024-08-29 10:39:44,,2022-10-25,,牢玫堡开矫 吝备 款辑悼 ****-** 橇扼烙矫萍*,PHMG120223490019047000155,3490000,"牢玫堡开矫 吝备 寝郴肺**锅辨 *, 橇扼烙矫萍* ***,***龋 (款辑悼)",22376,01,康诀/沥惑,,,,
龋泅蜡烹,,167885.937501014,440584.84866532,2026-04-26 22:32:01,I,13,康诀吝,2020-03-02 17:44:17,,2020-03-02,,牢玫堡开矫 吝备 档盔悼 **锅瘤 **龋,PHMG120203490019047000007,3490000,"牢玫堡开矫 吝备 档盔肺**锅辨 **, *摸 (档盔悼)",22327,01,康诀/沥惑,,,,49
青汗狼丰扁,,200435.144893763,452060.930581127,2026-04-26 22:32:20,I,13,康诀吝,2017-06-05 11:45:14,,2017-01-03,,辑匡漂喊矫 辆肺备 辆肺*啊 ***锅瘤 *龋,PHMG120173000034047000001,3000000,辑匡漂喊矫 辆肺备 辆肺 *** (辆肺*啊),03197,01,康诀/沥惑,,,02-2267-3500,
瘤俊胶25 飘扩飘府鸥况,2024-04-30,198176.159239663,452574.67151361,2026-04-26 22:32:27,I,03,企诀,2024-05-02 10:17:07,,2021-05-10,,辑匡漂喊矫 辆肺备 吝切悼 ** 飘扩 飘府 呼爹 B悼 ***龋,PHMG120213000034047000072,3000000,"辑匡漂喊矫 辆肺备 啦邦肺 *, 飘扩 飘府 呼爹 B悼 ***龋 (吝切悼)",03142,03,企诀,,,02-6016-6913,
墨叼坷皋靛,,201844.479256512,452545.326560421,2026-04-26 22:32:04,I,13,康诀吝,2014-08-05 09:48:43,,2006-12-18,110-827,辑匡漂喊矫 辆肺备 件牢悼 ****锅瘤 炼堡呼爹 ***龋,PHMG120063000034047000040,3000000,"辑匡漂喊矫 辆肺备 辆肺 ***, ***龋 (件牢悼, 炼堡呼爹)",03111,01,康诀/沥惑,,,02-953-3195,
俊钮家匡,2017-04-24,206849.92515934,455249.12098239,2026-04-26 22:32:14,I,03,企诀,2017-04-24 13:55:51,,2015-10-16,,辑匡漂喊矫 吝尔备 吝拳悼 ***锅瘤 **龋 瘤摸,PHMG120143060034047000046,3060000,"辑匡漂喊矫 吝尔备 吝尔开肺 **, 瘤摸 (吝拳悼)",02102,03,企诀,,,02-3142-2588,
曼掸呕,,206490.785290292,456373.540744485,2026-04-26 22:32:00,I,13,康诀吝,2025-12-24 10:15:11,,2007-11-22,,辑匡漂喊矫 吝尔备 宫悼 ***-** 扁覆呼爹 ***龋,PHMG120073060034047000025,3060000,"辑匡漂喊矫 吝尔备 悼老肺***辨 **, 扁覆呼爹 ***龋 (宫悼)",02007,01,康诀/沥惑,,,02-435-1328,
溃纳绢,2012-05-08,173852.217737755,438648.17618073,2026-04-26 22:33:38,I,03,企诀,2012-05-08 15:44:50,,2010-05-18,405-827,牢玫堡开矫 巢悼备 备岿*悼 ***锅瘤 **龋 *摸,PHMG120103530019047000016,3530000,"牢玫堡开矫 巢悼备 牢林措肺***锅辨 *, *摸 (备岿悼)",,03,企诀,,,,
瘤历胶啊电,2014-06-02,174875.175376743,439515.129303601,2026-04-26 22:33:38,I,03,企诀,2014-06-02 14:39:21,,2010-09-06,405-823,牢玫堡开矫 巢悼备 备岿*悼 *锅瘤 **龋 ***龋,PHMG120103530019047000028,3530000,"牢玫堡开矫 巢悼备 籍魂肺***锅辨 **, ***龋 (备岿悼)",,03,企诀,,,,
畴骇狼丰扁,,207757.111158722,453557.753875794,2026-04-26 22:32:33,I,15,傈免,2024-09-30 14:47:37,,2024-03-08,,辑匡漂喊矫 吝尔备 搁格悼 ***-*,PHMG120243060034047000020,3060000,"辑匡漂喊矫 吝尔备 搁格肺 ***, 俊捞悼 *摸 ***龋 (搁格悼)",02205,05,力寇/昏力/傈免,,,,
林侥雀荤 萍俊橇贾风记匙飘况农,2016-06-30,199302.818541341,451834.817165156,2026-04-26 22:32:15,I,03,企诀,2016-06-30 14:13:13,,2013-05-30,110-430,辑匡漂喊矫 辆肺备 厘荤悼 ***锅瘤 *龋 *摸,PHMG120133000034047000019,3000000,"辑匡漂喊矫 辆肺备 没拌玫肺 ***, *摸 (厘荤悼, 季抿凡包堡龋炮)",03193,03,企诀,,,02-1688-7155,
唱公背开,,,,2026-04-26 22:32:10,I,15,傈免,2017-03-06 09:28:30,,2012-03-20,131-800,辑匡漂喊矫 吝尔备 噶快悼 ***锅瘤 **龋,PHMG120123060034047000012,3060000,辑匡漂喊矫 吝尔备 剧盔开肺 ** (噶快悼),,05,力寇/昏力/傈免,,,,
促柯俊悸,,177813.326177658,436039.081241779,2026-04-26 22:33:54,I,13,康诀吝,2025-07-03 11:56:23,,2025-07-02,,牢玫堡开矫 巢悼备 辑芒悼 *** 捞祈茄技惑辑芒,PHMG120253530019047000087,3530000,"牢玫堡开矫 巢悼备 辑芒巢鉴券肺 *, ****悼 ***龋 (辑芒悼, 捞祈茄技惑辑芒)",21613,01,康诀/沥惑,,,,
版悼 B&C,2014-01-08,173952.104902066,440562.379414356,2026-04-26 22:33:39,I,03,企诀,2014-01-08 13:51:32,,2013-12-30,405-806,牢玫堡开矫 巢悼备 埃籍悼 ***锅瘤 *龋 茄锐坷乔胶炮 ***龋,PHMG120133530019047000053,3530000,"牢玫堡开矫 巢悼备 抗贱肺***锅辨 **, ***龋 (埃籍悼, 茄锐坷乔胶炮)",,03,企诀,,,,20
茄炼皋叼,,196931.854196185,451813.489945391,2026-04-26 22:32:23,I,15,傈免,2018-05-03 17:44:21,,2017-08-09,,辑匡漂喊矫 辆肺备 乞悼 **锅瘤,PHMG120173000034047000044,3000000,"辑匡漂喊矫 辆肺备 版背厘辨 **, ****龋 (乞悼, 版锐泵磊捞朴府胶俊厚春*窜瘤)",03180,05,力寇/昏力/傈免,,,070-7720-2027,
GS25辆肺郴荐痢,2024-06-25,197567.747824202,452347.973860449,2026-04-26 22:32:29,I,03,企诀,2024-06-25 15:26:50,,2022-02-28,,辑匡漂喊矫 辆肺备 郴荐悼 ** 侩厚绢玫啊 ***龋,PHMG120223000034047000074,3000000,"辑匡漂喊矫 辆肺备 货巩救肺*辨 **, ***龋 (郴荐悼, 侩厚绢玫啊)",03173,03,企诀,,,02-2272-7283,
促厚摹洒绢傅 焊没扁 噶快荤芭府痢,,208661.161795348,455280.403062501,2026-04-26 22:32:23,I,13,康诀吝,2025-01-14 15:47:21,,2019-03-25,,辑匡漂喊矫 吝尔备 噶快悼 ***锅瘤 **龋 *摸,PHMG120193060034047000014,3060000,"辑匡漂喊矫 吝尔备 噶快肺 ***, *摸 (噶快悼)",02072,01,康诀/沥惑,,,02-433-9485,
力老救傈,,176206.241955963,438432.686924028,2026-04-26 22:33:45,I,15,傈免,2018-11-26 14:40:04,,2018-01-18,,牢玫堡开矫 巢悼备 父荐悼 ***锅瘤 **龋,PHMG120183530019047000005,3530000,"牢玫堡开矫 巢悼备 牢林措肺***锅辨 **, *摸 老何龋 (父荐悼)",21589,05,力寇/昏力/傈免,,,032-426-0643,50
皋叼粮,,207265.548012042,453869.73876459,2026-04-26 22:32:17,I,13,康诀吝,2016-05-18 10:37:54,,2016-05-13,,辑匡漂喊矫 吝尔备 搁格悼 ***锅瘤 *龋 ***龋,PHMG120163060034047000025,3060000,"辑匡漂喊矫 吝尔备 扳犁肺 ***, ***龋 (搁格悼, 茄剐背雀 己搬)",02216,01,康诀/沥惑,,,,
皋牢皋叼漠,,174482.974124661,439884.107279952,2026-04-26 22:33:45,I,15,傈免,2021-05-18 14:13:23,,2018-08-24,,牢玫堡开矫 巢悼备 埃籍悼 ***锅瘤 **龋,PHMG120193530019047000049,3530000,"牢玫堡开矫 巢悼备 籍魂肺 ***, *摸 (埃籍悼)",21545,05,力寇/昏力/傈免,,,,95.8
力捞俊胶,,208330.35418254,456814.922480529,2026-04-26 22:32:35,I,13,康诀吝,2025-03-24 15:03:01,,2025-03-24,,"辑匡漂喊矫 吝尔备 脚郴悼 *** 滴魂, 拳己酒颇飘",PHMG120253060034047000020,3060000,"辑匡漂喊矫 吝尔备 脚郴肺 ***, ***悼 ***龋 (脚郴悼, 滴魂, 拳己酒颇飘)",02025,01,康诀/沥惑,,,,
悼措巩狼丰扁,,200646.49475907,452116.325927526,2026-04-26 22:31:58,I,13,康诀吝,2014-03-04 10:56:02,,1996-12-09,110-126,辑匡漂喊矫 辆肺备 辆肺*啊 **锅瘤 *龋,PHMG119963000034047000007,3000000,辑匡漂喊矫 辆肺备 辆肺 ***-* (辆肺*啊),03124,01,康诀/沥惑,,,02-762-7016,
技红老饭红 辆肺捞拳痢,2017-10-31,199987.711034733,452656.293375943,2026-04-26 22:32:17,I,03,企诀,2017-10-31 17:24:30,,2014-11-26,110-460,辑匡漂喊矫 辆肺备 楷扒悼 ***锅瘤,PHMG120143000034047000112,3000000,辑匡漂喊矫 辆肺备 啦邦肺 *** (楷扒悼),03081,03,企诀,,,02-742-9669,
骏家橇,,174094.324011561,440064.518804131,2026-04-26 22:33:51,I,13,康诀吝,2022-08-22 10:49:03,,2022-08-22,,牢玫堡开矫 巢悼备 埃籍悼 ***-** ***龋,PHMG120223530019047000357,3530000,"牢玫堡开矫 巢悼备 巢悼措肺 ***, *摸 ***龋 (埃籍悼)",21550,01,康诀/沥惑,,,032-422-7182,42.9
力捞乔糯内欺饭捞记,2024-06-14,198913.496136105,452416.170780139,2026-04-26 22:32:26,I,03,企诀,2024-06-14 10:23:20,,2020-11-03,,辑匡漂喊矫 辆肺备 倡盔悼 **-* 辆肺坷乔胶炮 ****龋,PHMG120213000034047000014,3000000,"辑匡漂喊矫 辆肺备 伙老措肺**辨 **, ****龋 (倡盔悼, 辆肺坷乔胶炮)",03132,03,企诀,,,02-2663-6631,
(林)酒己促捞家 牢玫稠泅痢,,175252.204660883,433303.497100941,2026-04-26 22:33:44,I,13,康诀吝,2023-05-19 10:22:43,,2015-05-26,405-825,牢玫堡开矫 巢悼备 稠泅悼 ***锅瘤 *龋,PHMG120153530019047000055,3530000,"牢玫堡开矫 巢悼备 稠绊俺肺***锅辨 ** (稠泅悼, 怕己橇扼磊 *摸***龋, *摸傈眉)",21653,01,康诀/沥惑,,,,495
SK匙飘亏胶(林)傍窜1林蜡家,2017-04-25,173797.282990388,434837.521394311,2026-04-26 22:33:43,I,03,企诀,2017-04-25 17:49:41,,2014-11-26,405-846,牢玫堡开矫 巢悼备 巢锰悼 ***锅瘤 *龋,PHMG120143530019047000130,3530000,牢玫堡开矫 巢悼备 巢悼措肺 *** (巢锰悼),21630,03,企诀,,,,
穿啊狼丰扁,2018-10-31,167371.244309057,441066.393355597,2026-04-26 22:31:57,I,03,企诀,2018-09-19 17:03:07,,2003-09-01,,牢玫 吝备 啦格悼 ***-*(牢玫扁刀捍盔郴*摸),PHMG120033490019047000002,3490000,"牢玫堡开矫 吝备 翠悼肺**锅辨 ** (啦格悼, 牢玫扁刀捍盔郴 *摸)",22320,03,企诀,,,032-270-8435,
内绢皋捞目,2022-03-16,176353.424441332,439536.559636121,2026-04-26 22:33:47,I,03,企诀,2022-03-16 15:11:25,,2020-12-09,,牢玫堡开矫 巢悼备 父荐悼 ** 父荐林傍*窜瘤酒颇飘,PHMG120203530019047000104,3530000,"牢玫堡开矫 巢悼备 归裹肺***锅辨 **, ***悼 ****龋 (父荐悼, 父荐林傍*窜瘤酒颇飘)",21525,03,企诀,,,,75.24
胶鸥虐焊没扁 吝尔季磐,2018-07-24,207690.559936404,453968.738064345,2026-04-26 22:32:19,I,03,企诀,2018-07-24 16:58:13,,2017-04-05,,辑匡漂喊矫 吝尔备 搁格悼 ***锅瘤 *龋 *摸,PHMG120173060034047000018,3060000,"辑匡漂喊矫 吝尔备 搁格肺 *** (搁格悼, *摸)",02197,03,企诀,,,,
(林)瘤俊胶府抛老 饿扼喉扼 搁格开痢,2019-10-24,207645.722842711,454104.53657088,2026-04-26 22:32:19,I,03,企诀,2019-10-24 16:42:25,,2017-06-01,,辑匡漂喊矫 吝尔备 搁格悼 ***锅瘤 *龋 搁格开,PHMG120173060034047000028,3060000,"辑匡漂喊矫 吝尔备 搁格肺 瘤窍 ***, 搁格开 (搁格悼)",02146,03,企诀,,,02-496-7555,
瘤俊胶(GS)25 康辆快固赴,,160698.871031654,443496.227313854,2026-04-26 22:32:08,I,13,康诀吝,2022-09-07 09:49:24,,2022-09-04,,牢玫堡开矫 吝备 吝魂悼 ****-* 窍疵档矫快固赴*窜瘤,PHMG120223490019047000142,3490000,"牢玫堡开矫 吝备 篮窍荐肺 ***, *摸 (吝魂悼, 窍疵档矫快固赴*窜瘤)",22399,01,康诀/沥惑,,,032-752-1518,
GS25 吝备器飘轰痢,2025-01-09,166589.191106302,441106.307246815,2026-04-26 22:32:05,I,03,企诀,2025-01-10 10:50:24,,2022-02-08,,牢玫堡开矫 吝备 吝居悼*啊 *-* 器飘轰坷乔胶炮,PHMG120223490019047000013,3490000,"牢玫堡开矫 吝备 全抗巩肺 *, 器飘轰坷乔胶炮 (吝居悼*啊)",22314,03,企诀,,,032-777-7988,
茄惫汗瘤侩前傈巩痢,2015-01-19,177794.82773338,438808.109373191,2026-04-26 22:33:38,I,03,企诀,2015-01-19 14:51:09,,2011-06-02,405-250,牢玫堡开矫 巢悼备 厘荐悼 ***锅瘤 **龋 *摸老何,PHMG120113530019047000017,3530000,"牢玫堡开矫 巢悼备 厘荐肺 **, *摸 (厘荐悼)",,03,企诀,,,,29.7
健捞具扁眉氰规,2011-08-17,175180.375294896,439077.173278689,2026-04-26 22:33:38,I,03,企诀,2011-08-18 08:17:08,,2010-04-22,405-839,牢玫堡开矫 巢悼备 备岿*悼 ****锅瘤 *龋 ***龋,PHMG120103530019047000012,3530000,"牢玫堡开矫 巢悼备 龋备器肺***锅辨 **-** (备岿悼,***龋)",,03,企诀,,,,
GS25 惑豪价覆痢,,208335.490181724,455234.627072326,2026-04-26 22:32:35,I,13,康诀吝,2025-06-17 13:12:33,,2025-06-17,,辑匡漂喊矫 吝尔备 惑豪悼 **-**,PHMG120253060034047000039,3060000,"辑匡漂喊矫 吝尔备 价覆辨 *, *摸 (惑豪悼)",02086,01,康诀/沥惑,,,,89
老己皋叼漠,,199321.4036677,451985.646550196,2026-04-26 22:32:24,I,13,康诀吝,2021-06-18 09:54:01,,2018-09-07,,辑匡漂喊矫 辆肺备 辆肺*啊 *** ***龋,PHMG120183000034047000031,3000000,"辑匡漂喊矫 辆肺备 辆肺 ***, ***龋 (辆肺*啊)",03193,01,康诀/沥惑,,,02-2279-5645,
秦堡皋叼漠,2017-01-05,206631.89025988,454688.297580107,2026-04-26 22:32:12,I,03,企诀,2017-01-05 20:57:17,,2013-01-22,131-878,辑匡漂喊矫 吝尔备 吝拳悼 ***锅瘤 *龋 *摸 *龋,PHMG120133060034047000007,3060000,"辑匡漂喊矫 吝尔备 吝尔玫肺**辨 **, *摸 *龋 (吝拳悼, 裹剧橇饭眉)",02116,03,企诀,,,070-8828-3283,
GS25巢锰悼肺痢,,174564.522521644,436604.627119678,2026-04-26 22:33:49,I,13,康诀吝,2022-02-09 19:16:00,,2022-02-09,,牢玫堡开矫 巢悼备 巢锰悼 ***,PHMG120223530019047000106,3530000,"牢玫堡开矫 巢悼备 巢锰悼肺 **, *摸 (巢锰悼)",21626,01,康诀/沥惑,,,,160
(林)窍捞橇扼磊 脚备岿痢,2024-12-17,174040.93615731,438791.79583698,2026-04-26 22:33:47,I,03,企诀,2024-12-17 11:10:29,,2020-06-15,,牢玫堡开矫 巢悼备 备岿悼 ****锅瘤 **龋 LG窍捞橇扼磊,PHMG120203530019047000048,3530000,"牢玫堡开矫 巢悼备 巢悼措肺 ***, LG窍捞橇扼磊 (备岿悼)",21556,03,企诀,,,032-434-1088,508
揪蜡 悼盔海匙胶飘痢,2016-02-01,174299.58191226,433162.2126537,2026-04-26 22:33:43,I,03,企诀,2016-02-01 15:36:11,,2014-11-05,405-825,牢玫堡开矫 巢悼备 稠泅悼 ***锅瘤 *龋,PHMG120143530019047000105,3530000,"牢玫堡开矫 巢悼备 稠泅肺**锅辨 **, ***悼 ***龋 (稠泅悼, 稠泅悼盔海匙胶鸥况)",21655,03,企诀,,,,
辑盔皋叼漠,2010-09-03,208072.57784615,454037.335434828,2026-04-26 22:32:05,I,03,企诀,2010-09-03 15:07:53,,2009-11-13,131-815,辑匡漂喊矫 吝尔备 搁格夯悼 **锅瘤 ***龋,PHMG120093060034047000072,3060000,,,03,企诀,,,,
归技固牢皋叼漠,2012-08-22,208382.786370061,453851.079850661,2026-04-26 22:32:06,I,03,企诀,2012-08-22 13:25:08,,2010-04-20,131-812,辑匡漂喊矫 吝尔备 搁格*.*悼 **锅瘤 *龋 *摸,PHMG120103060034047000030,3060000,"辑匡漂喊矫 吝尔备 侩付魂肺 ***, *摸 (搁格悼)",,03,企诀,,,,
俊官聪酒 眉氰纳绢,,173514.91700388,438120.618019466,2026-04-26 22:33:43,I,15,傈免,2016-03-07 13:08:17,,2015-01-14,405-841,牢玫堡开矫 巢悼备 备岿悼 ****锅瘤 *龋,PHMG120153530019047000007,3530000,"牢玫堡开矫 巢悼备 牢窍肺***锅辨 **, ***龋 (备岿悼, 肺单坷橇扼磊**)",21574,05,力寇/昏力/傈免,,,,114.32
玫快公开,,208361.266984033,454664.257566162,2026-04-26 22:32:34,I,13,康诀吝,2025-02-19 16:36:24,,2025-02-19,,辑匡漂喊矫 吝尔备 噶快悼 ***-**,PHMG120253060034047000011,3060000,"辑匡漂喊矫 吝尔备 豪快犁肺**辨 *, *摸 (噶快悼)",02174,01,康诀/沥惑,,,,59.45
措疙角诀,2011-02-01,207205.062089881,454511.14656096,2026-04-26 22:31:56,I,03,企诀,2011-02-01 13:46:36,,1994-12-17,131-860,辑匡漂喊矫 吝尔备 惑豪*悼 ***锅瘤 **龋,PHMG119943060034047000001,3060000,,,03,企诀,,,02-434-9580,26.3
捧郡乔 林侥雀荤,,201898.977448681,452274.691734276,2026-04-26 22:32:33,I,15,傈免,2023-11-29 17:05:24,,2021-12-08,,辑匡漂喊矫 辆肺备 件牢悼 ****,PHMG120223000034047000203,3000000,"辑匡漂喊矫 辆肺备 抄拌肺**辨 **, 茄扼款辆啊 *摸 ***龋 (件牢悼)",03116,05,力寇/昏力/傈免,,,,
叼俊捞摹(DH)目孤聪纳捞记,2014-02-18,201926.215502116,452642.472322987,2026-04-26 22:32:14,I,24,流鼻企诀,2014-02-18 17:19:14,,2012-08-30,110-827,辑匡漂喊矫 辆肺备 件牢*悼 ****锅瘤 悼焊呼爹 ***龋,PHMG120123000034047000039,3000000,"辑匡漂喊矫 辆肺备 辆肺 ***, ***龋 (件牢悼, 悼焊呼爹)",,04,秒家/富家/父丰/沥瘤/吝瘤,,,1599-6411,
曼牢皋叼漠,2023-06-19,173670.966039065,438430.240148519,2026-04-26 22:33:47,I,03,企诀,2023-06-19 16:21:12,,2020-06-02,,牢玫堡开矫 巢悼备 备岿悼 ****锅瘤 *龋 茄圭橇扼磊,PHMG120203530019047000045,3530000,"牢玫堡开矫 巢悼备 牢窍肺***锅辨 **, 茄圭橇扼磊 *摸 ***龋 (备岿悼)",21573,03,企诀,,,,62
矫阁皋叼,2014-05-15,208610.937824183,454494.16172102,2026-04-26 22:32:09,I,03,企诀,2014-07-09 14:16:01,,2011-05-04,131-800,辑匡漂喊矫 吝尔备 噶快夯悼 ***锅瘤 林鞠秦红酒颇飘 惑啊 ***龋,PHMG120113060034047000019,3060000,辑匡漂喊矫 吝尔备 侩付魂肺 *** (噶快悼),,03,企诀,,,,
弊赴俊胶,2013-02-20,206490.785290292,456373.540744485,2026-04-26 22:32:11,I,03,企诀,2013-02-20 17:50:30,,2012-11-30,131-852,辑匡漂喊矫 吝尔备 宫悼 ***锅瘤 **龋 ***龋,PHMG120123060034047000047,3060000,"辑匡漂喊矫 吝尔备 悼老肺***辨 **, ***龋 (宫悼)",,03,企诀,,,,
揪蜡 脚郴悼己痢,2015-04-21,208501.553024879,456266.051775809,2026-04-26 22:32:15,I,03,企诀,2015-04-21 16:09:40,,2014-11-12,131-867,辑匡漂喊矫 吝尔备 脚郴悼 ***锅瘤,PHMG120143060034047000106,3060000,辑匡漂喊矫 吝尔备 豪拳魂肺**辨 ** (脚郴悼),,03,企诀,,,02-437-0314,
炼老 咆,,199878.668537625,453693.071412414,2026-04-26 22:31:58,I,13,康诀吝,2018-06-14 14:17:00,,1994-11-23,110-530,辑匡漂喊矫 辆肺备 疙符*啊 *锅瘤 惑啊悼 *摸  *龋,PHMG119943000034047000005,3000000,"辑匡漂喊矫 辆肺备 驱拳肺*辨 **, 惑啊悼 *摸 *龋 (疙符*啊, 酒巢酒颇飘)",03075,01,康诀/沥惑,,,02-766-3367,
(林)措龋皋叼漠扼牢,2017-04-10,206869.287313739,455829.238394798,2026-04-26 22:32:05,I,03,企诀,2017-04-10 15:35:16,,2010-01-05,131-881,辑匡漂喊矫 吝尔备 吝拳*悼 ***锅瘤 *龋 *摸,PHMG120103060034047000002,3060000,"辑匡漂喊矫 吝尔备 悼老肺 ***-*, *摸 (吝拳悼)",02014,03,企诀,,,,
SPMP箕沸 馆康备拳厘 酒墨单固,,161392.013175668,443047.478454017,2026-04-26 22:31:59,I,13,康诀吝,2022-10-13 16:05:55,,2015-06-10,,牢玫堡开矫 吝备 吝魂悼 ****-*,PHMG120153490019047000006,3490000,"牢玫堡开矫 吝备 窍疵喊蝴肺 **, ***龋 (吝魂悼)",22397,01,康诀/沥惑,,,032-568-1881,165
林侥雀荤 歹付扼牢,,160832.648327168,442839.065236453,2026-04-26 22:32:12,I,13,康诀吝,2024-09-27 09:06:52,,2024-09-25,,牢玫堡开矫 吝备 吝魂悼 ****-* 盲款 俊厚春,PHMG120243490019047000043,3490000,"牢玫堡开矫 吝备 窍疵崔蝴肺 **, 盲款 俊厚春 *摸 ***龋 (吝魂悼)",22402,01,康诀/沥惑,,,,
健狼塞(搁格瘤痢),,207700.93278819,453492.198375035,2026-04-26 22:32:19,I,15,傈免,2017-11-27 15:53:31,,2017-01-19,,辑匡漂喊矫 吝尔备 搁格悼 ***锅瘤 **龋,PHMG120163060034047000075,3060000,"辑匡漂喊矫 吝尔备 搁格肺 ***, 瘤摸 ***龋 (搁格悼, 伙老酒颇飘)",02221,05,力寇/昏力/傈免,,,02-437-9915,
(林)内府酒技红 春辆肺6啊痢,,200538.943145031,452120.113020871,2026-04-26 22:32:31,I,13,康诀吝,2025-09-22 16:23:09,,2022-06-02,,辑匡漂喊矫 辆肺备 辆肺*啊 ***-*,PHMG120223000034047000106,3000000,"辑匡漂喊矫 辆肺备 辆肺**辨 *, *摸 (辆肺*啊)",03124,01,康诀/沥惑,,,,
酒官,2006-10-27,208716.97846314,455363.539534818,2026-04-26 22:31:59,I,03,企诀,2009-07-24 14:45:19,,2006-02-20,131-868,辑匡漂喊矫 吝尔备 脚郴*悼 ***锅瘤 **龋,PHMG120063060034047000033,3060000,,,03,企诀,,,0505-417-8456,
匙坷抛农,2007-08-23,207357.595177869,457462.766652935,2026-04-26 22:31:57,I,03,企诀,2009-07-23 13:45:07,,2003-11-03,131-846,辑匡漂喊矫 吝尔备 宫*悼 *锅瘤 泅趣切寸呼爹 ***龋,PHMG120033060034047000037,3060000,,,03,企诀,,,02-975-1428,75
乔浚俊捞内橇,2011-12-15,,,2026-04-26 22:32:11,I,03,企诀,2011-12-15 11:00:54,,2011-06-17,110-873,辑匡漂喊矫 辆肺备 郴荐悼 版锐泵狼酒魔*窜瘤 坷乔胶炮 ***龋,PHMG120113000034047000026,3000000,,,03,企诀,,,02-730-2005,
(林)皋叼拿胶配府,2025-12-31,206861.414070014,456588.764814523,2026-04-26 22:32:20,I,03,企诀,2026-01-05 10:57:52,,2017-09-04,,辑匡漂喊矫 吝尔备 宫悼 ***锅瘤 *龋 ***龋,PHMG120173060034047000046,3060000,"辑匡漂喊矫 吝尔备 傍釜肺*辨 *-**, *摸 *龋 (宫悼)",02037,03,企诀,,,02-3431-7101,
力捞矩厚皋靛,,175252.204660883,433303.497100941,2026-04-26 22:33:52,I,13,康诀吝,2023-05-11 15:28:08,,2023-05-11,,牢玫堡开矫 巢悼备 稠泅悼 ***-*,PHMG120233530019047000080,3530000,"牢玫堡开矫 巢悼备 稠绊俺肺***锅辨 **, *摸 ***-**龋 (稠泅悼)",21653,01,康诀/沥惑,,,,4.7
HS哪欺聪,2011-10-20,167233.756872736,440785.135375572,2026-04-26 22:31:58,I,03,企诀,2011-11-24 15:17:36,,2010-06-25,400-101,牢玫堡开矫 吝备 脚蕊悼*啊 **锅瘤 *龋 *摸,PHMG120103490019047000006,3490000,"牢玫堡开矫 吝备 牢吝肺***锅辨 ** (脚蕊悼*啊,*摸)",,03,企诀,,,,17.23
揪蜡备岿焊陛磊府,2016-12-28,174666.350614924,437871.944967455,2026-04-26 22:33:44,I,03,企诀,2016-12-29 13:53:32,,2015-07-15,405-841,牢玫堡开矫 巢悼备 备岿悼 ****锅瘤 *龋,PHMG120153530019047000074,3530000,"牢玫堡开矫 巢悼备 急荐锰肺 **, ***龋 (备岿悼, SJ橇扼磊)",21583,03,企诀,,,,38.54
悼老皋叼咆,2010-12-06,175305.540530935,439202.330023983,2026-04-26 22:33:38,I,03,企诀,2010-12-06 16:39:30,,2005-04-06,405-839,牢玫堡开矫 巢悼备 备岿*悼 ****锅瘤 *龋 ***龋,PHMG120053530019047000007,3530000,"牢玫堡开矫 巢悼备 龋备器肺***锅辨 ** (备岿悼,***龋)",,03,企诀,,,,
(林)内府酒技红 吝尔脚郴肺痢,2024-08-26,208481.796116587,455288.173094563,2026-04-26 22:32:30,I,03,企诀,2024-08-26 15:45:39,,2022-07-26,,辑匡漂喊矫 吝尔备 脚郴悼 ***-*,PHMG120223060034047000168,3060000,"辑匡漂喊矫 吝尔备 脚郴肺 *, *摸 (脚郴悼)",02086,03,企诀,,,,
驱寸积劝苞切,2021-03-30,207774.741772209,454092.697291217,2026-04-26 22:32:23,I,03,企诀,2021-08-26 16:10:56,,2019-05-13,,辑匡漂喊矫 吝尔备 搁格悼 ***锅瘤 **龋 啊悼 *摸 快螟 ***龋,PHMG120193060034047000024,3060000,"辑匡漂喊矫 吝尔备 搁格肺**辨 **, 啊悼 *摸 快螟 ***龋 (搁格悼)",02161,03,企诀,,,02-6367-9595,
揪矩揪皋叼漠,,200500.108631352,453077.956369421,2026-04-26 22:32:21,I,13,康诀吝,2017-03-17 15:34:34,,2017-03-16,,辑匡漂喊矫 辆肺备 悼件悼 ***锅瘤 ***龋 *摸 *龋,PHMG120173000034047000019,3000000,"辑匡漂喊矫 辆肺备 倡魂*辨 **-*, *摸 *龋 (悼件悼)",03088,01,康诀/沥惑,,,02-747-1056,
固聪付飘 流康痢,2024-05-20,174038.359908454,440565.806237156,2026-04-26 22:33:51,I,03,企诀,2024-05-22 14:41:09,,2022-07-22,,牢玫堡开矫 巢悼备 埃籍悼 ***-*,PHMG120223530019047000329,3530000,"牢玫堡开矫 巢悼备 归裹肺 ***, *摸 (埃籍悼)",21507,03,企诀,,,,127.5
措龋剧青,,199289.140398032,451988.344564027,2026-04-26 22:31:57,I,13,康诀吝,2017-04-25 15:15:47,,1989-02-25,110-123,辑匡漂喊矫 辆肺备 辆肺*啊 ***锅瘤 ***龋,PHMG119893000034047000001,3000000,"辑匡漂喊矫 辆肺备 辆肺 ***-*, ***龋 (辆肺*啊)",03193,01,康诀/沥惑,,,02-525-8211,
骏乔内府酒(MP korea),,200386.164443904,452993.086265744,2026-04-26 22:32:36,I,13,康诀吝,2025-10-27 16:47:17,,2024-03-21,,辑匡漂喊矫 辆肺备 悼件悼 ***-*,PHMG120253000034047000054,3000000,"辑匡漂喊矫 辆肺备 捞拳厘辨 **-**, *摸 ***龋 (悼件悼)",03088,01,康诀/沥惑,,,,31.95
焊抛啊 厚呈胶,2022-08-16,175587.051495918,439847.526690782,2026-04-26 22:33:48,I,03,企诀,2022-08-16 10:07:37,,2019-12-19,,牢玫堡开矫 巢悼备 父荐悼 ***-*,PHMG120213530019047000104,3530000,"牢玫堡开矫 巢悼备 归裹肺 ***, *摸 傈眉龋 (父荐悼)",21519,03,企诀,,,,240.9
捞付飘俊宏府单捞 辑芒悼痢,2025-09-23,177762.843176744,436953.816165026,2026-04-26 22:33:53,I,03,企诀,2025-09-23 09:50:06,,2024-08-23,,牢玫堡开矫 巢悼备 辑芒悼 ***-*,PHMG120243530019047000097,3530000,牢玫堡开矫 巢悼备 刀邦肺 ** (辑芒悼),21607,03,企诀,,,,991.5
乃瘤皋叼内胶,,207660.883688474,454911.110252938,2026-04-26 22:32:04,I,13,康诀吝,2024-09-12 16:26:31,,2009-07-29,131-859,辑匡漂喊矫 吝尔备 惑豪*悼 ***锅瘤 捞瘤歧府胶 ***,PHMG120093060034047000038,3060000,"辑匡漂喊矫 吝尔备 噶快肺 ***, ***龋 (惑豪悼, 捞瘤歧府胶)",02148,01,康诀/沥惑,,,02-496-0130,
揪力捞棵府宏匙飘括胶(林)牢玫备岿痢,2017-06-16,173537.278559075,438225.148497908,2026-04-26 22:33:39,I,03,企诀,2017-06-16 14:30:06,,2014-01-24,405-841,"牢玫堡开矫 巢悼备 备岿悼 ****锅瘤 捞畴橇扼磊 ***龋,***龋",PHMG120143530019047000003,3530000,"牢玫堡开矫 巢悼备 己富肺 *, ***,***龋 (备岿悼, 捞畴橇扼磊)",21573,03,企诀,,,,129.56
掸呕隔,2013-02-19,200839.059622716,452360.208541643,2026-04-26 22:32:13,I,24,流鼻企诀,2013-02-22 09:53:25,,2011-10-10,110-843,辑匡漂喊矫 辆肺备 芒脚*悼 ***锅瘤 *龋,PHMG120113000034047000051,3000000,辑匡漂喊矫 辆肺备 芒脚辨 **-* (芒脚悼),,04,秒家/富家/父丰/沥瘤/吝瘤,,,,
官捞坷伎俊呈瘤季磐,2019-09-30,200199.528812856,451980.604036907,2026-04-26 22:32:24,I,03,企诀,2019-09-30 17:02:38,,2018-12-07,,辑匡漂喊矫 辆肺备 辆肺*啊 ***锅瘤 *龋 没坷啊规档概惑啊,PHMG120183000034047000044,3000000,"辑匡漂喊矫 辆肺备 没拌玫肺 ***, 没坷啊规档概惑啊 *摸 (辆肺*啊)",03196,03,企诀,,,02-2275-5982,
怕府皋叼漠,,208190.031935025,454553.09758323,2026-04-26 22:32:17,I,15,傈免,2019-11-11 16:42:31,,2015-07-03,131-807,噶快悼 ***锅瘤 **龋,PHMG120153060034047000058,3060000,"辑匡漂喊矫 吝尔备 惑豪肺 **, *摸 (噶快悼)",02174,05,力寇/昏力/傈免,,,02-762-7574,
(林)皋叼胶乔靛臂肺国,2025-07-17,197595.161312175,452460.054621887,2026-04-26 22:32:26,I,03,企诀,2025-07-17 14:57:03,,2015-06-22,,辑匡漂喊矫 辆肺备 利急悼 *** 堡拳巩 敲贰萍逞 ***龋,PHMG120203000034047000078,3000000,"辑匡漂喊矫 辆肺备 货巩救肺*啊辨 **, 堡拳巩 敲贰萍逞 ***龋 老何 (利急悼)",03170,03,企诀,,,02-757-7500,
瘤俊胶(GS)25 惑豪措堡痢,2020-12-30,207127.729801437,454555.683097599,2026-04-26 22:32:23,I,03,企诀,2020-12-30 15:53:30,,2019-06-12,,辑匡漂喊矫 吝尔备 惑豪悼 ***锅瘤 **龋 *摸,PHMG120193060034047000033,3060000,"辑匡漂喊矫 吝尔备 悼老肺***辨 **, *摸 (惑豪悼)",02139,03,企诀,,,,
促篮皋叼漠,,200167.250987685,453600.876530872,2026-04-26 22:32:02,I,13,康诀吝,2020-09-21 11:16:42,,2005-09-28,110-530,辑匡漂喊矫 辆肺备 驱拳悼 ***锅瘤 **龋,PHMG120053000034047000016,3000000,辑匡漂喊矫 辆肺备 措切肺**辨 **-* (驱拳悼),03084,01,康诀/沥惑,,,032-623-0895,
捞宏醋,2024-12-20,207309.937062652,457012.96600598,2026-04-26 22:32:28,I,03,企诀,2024-12-20 18:01:11,,2022-05-23,,辑匡漂喊矫 吝尔备 宫悼 *** 技规酒颇飘,PHMG120223060034047000112,3060000,"辑匡漂喊矫 吝尔备 槛急克林肺*辨 **, ***悼 ****龋 (宫悼, 技规酒颇飘)",02030,03,企诀,,,,
骏浚俊捞摹内欺饭捞记⑦,2011-08-10,207418.221668514,454906.592570063,2026-04-26 22:32:03,I,24,流鼻企诀,2011-08-23 11:17:23,,2009-03-10,131-857,辑匡漂喊矫 吝尔备 惑豪*悼 ***锅瘤 **龋 *摸,PHMG120093060034047000016,3060000,,,04,秒家/富家/父丰/沥瘤/吝瘤,,,,
骏矩叼 胶刨促靛,2015-07-15,208732.303564783,456173.052046934,2026-04-26 22:32:12,I,03,企诀,2015-07-15 09:25:16,,2013-04-19,131-866,辑匡漂喊矫 吝尔备 脚郴悼 ***锅瘤 *龋 措蜡呼爹 *摸,PHMG120133060034047000026,3060000,"辑匡漂喊矫 吝尔备 豪拳魂肺**辨 **, *摸 (脚郴悼, 措蜡呼爹)",,03,企诀,,,,
俊胶舅牧汲泼,2023-03-09,206878.954486415,457076.155865512,2026-04-26 22:32:24,I,03,企诀,2023-03-08 16:20:42,,2020-05-11,,辑匡漂喊矫 吝尔备 宫悼 ***锅瘤 *龋 瘤胶鸥朴府胶,PHMG120203060034047000027,3060000,"辑匡漂喊矫 吝尔备 吝尔开肺 ***-**, ***龋 (宫悼, 瘤胶鸥朴府胶)",02032,03,企诀,,,,
力老惑荤,2010-03-02,209673.418475694,455527.448694527,2026-04-26 22:32:03,I,03,企诀,2010-03-02 11:06:16,,2009-06-19,131-800,辑匡漂喊矫 吝尔备 噶快夯悼 **锅瘤 **龋,PHMG120093060034047000030,3060000,,,03,企诀,,,02-4328-4030,
GS25搁格青款痢,2016-12-13,208020.098584415,453927.170888966,2026-04-26 22:32:17,I,03,企诀,2016-12-13 13:56:08,,2016-01-04,,辑匡漂喊矫 吝尔备 搁格悼,PHMG120163060034047000001,3060000,"辑匡漂喊矫 吝尔备 扳犁肺**辨 ** (搁格悼, 权付飘)",02198,03,企诀,,,,
泅措海胶飘讥,,207946.779501265,454570.349122813,2026-04-26 22:32:34,I,02,绒诀,2025-08-18 13:19:34,,2022-04-13,,辑匡漂喊矫 吝尔备 搁格悼 **-** 康绕呼爹,PHMG120243060034047000040,3060000,"辑匡漂喊矫 吝尔备 豪快犁肺 ***-*, 康绕呼爹 *摸 (搁格悼)",02156,02,绒诀,2025-08-18,2026-08-18,,
力捞叼 皋叼拿,2014-05-12,207109.243391599,452576.27690408,2026-04-26 22:32:11,I,03,企诀,2014-05-12 11:02:09,,2012-10-04,131-830,辑匡漂喊矫 吝尔备 搁格悼 ***锅瘤 *龋,PHMG120123060034047000041,3060000,"辑匡漂喊矫 吝尔备 翠绞府肺**辨 **, *摸 (搁格悼)",,03,企诀,,,070-4063-2149,
夸扁甭,,207205.900556618,453852.775442564,2026-04-26 22:32:20,I,13,康诀吝,2018-06-20 11:11:21,,2018-02-05,,辑匡漂喊矫 吝尔备 搁格悼 ***锅瘤 *龋 *摸***龋,PHMG120183060034047000003,3060000,"辑匡漂喊矫 吝尔备 扳犁肺 ***, *摸 ***龋 (搁格悼)",02216,01,康诀/沥惑,,,,
玫瘤牢皋叼漠,,209856.1161416,456761.921129526,2026-04-26 22:32:26,I,13,康诀吝,2021-08-27 10:17:09,,1997-07-16,,辑匡漂喊矫 吝尔备 脚郴悼 ***-*,PHMG120213060034047000099,3060000,"辑匡漂喊矫 吝尔备 脚郴开肺 ***, SKV*季磐 A****龋 (脚郴悼)",02262,01,康诀/沥惑,,,02-926-8671,
CU埃籍 荤尔痢,,174048.31843921,440301.384836681,2026-04-26 22:33:44,I,13,康诀吝,2016-04-18 13:42:59,,2016-04-18,,牢玫堡开矫 巢悼备 埃籍悼,PHMG120163530019047000026,3530000,"牢玫堡开矫 巢悼备 巢悼措肺***锅辨 **, *摸 (埃籍悼)",21550,01,康诀/沥惑,,,032-424-3698,
(林)内府酒技红 搁格茄脚痢,2019-10-17,206675.006142133,453769.2438681,2026-04-26 22:32:17,I,03,企诀,2019-10-17 17:05:24,,2015-08-12,,辑匡漂喊矫 吝尔备 搁格悼 ***锅瘤 **龋,PHMG120153060034047000065,3060000,辑匡漂喊矫 吝尔备 扳犁肺*辨 * (搁格悼),02133,03,企诀,,,,
(林)楷铰距前,2020-11-30,207684.660241319,454545.115880047,2026-04-26 22:32:13,I,03,企诀,2020-11-30 16:10:24,,2014-02-11,,"辑匡漂喊矫 吝尔备 惑豪悼 ***锅瘤 **龋 瘤窍*摸, *摸***龋",PHMG120143060034047000012,3060000,"辑匡漂喊矫 吝尔备 豪快犁肺 ***, 瘤窍*摸, *摸 ***龋 (惑豪悼)",02153,03,企诀,,,02-438-0633,
揪蜡康辆备谰诡磐痢,2023-05-19,162900.525531854,443402.148776398,2026-04-26 22:32:05,I,03,企诀,2023-05-23 09:01:56,,2022-02-10,,牢玫堡开矫 吝备 吝魂悼 ****-*,PHMG120223490019047000026,3490000,牢玫堡开矫 吝备 篮窍荐肺 **(吝魂悼),22410,03,企诀,,,,
(林)瘤俊胶府抛老 备岿痢,,174431.49712362,439194.306759719,2026-04-26 22:33:48,I,13,康诀吝,2025-04-11 11:00:02,,2021-05-03,,牢玫堡开矫 巢悼备 备岿悼 ** 鳃某浇橇扼磊,PHMG120213530019047000046,3530000,"牢玫堡开矫 巢悼备 备岿肺 ***, 鳃某浇橇扼磊 瘤窍*摸 B**龋, B**龋 (备岿悼)",21561,01,康诀/沥惑,,,,681.8
刮飘1龋痢,,197567.747824202,452347.973860449,2026-04-26 22:32:33,I,13,康诀吝,2023-05-18 10:30:51,,2023-05-15,,辑匡漂喊矫 辆肺备 郴荐悼 ** 侩厚绢玫啊,PHMG120233000034047000028,3000000,"辑匡漂喊矫 辆肺备 货巩救肺*辨 **, ****龋 (郴荐悼, 侩厚绢玫啊)",03173,01,康诀/沥惑,,,,
力捞纳捞哪欺聪,,207377.836705846,457407.03297585,2026-04-26 22:32:35,I,13,康诀吝,2025-08-13 13:37:15,,2022-05-11,,辑匡漂喊矫 吝尔备 宫悼 *-*,PHMG120253060034047000050,3060000,"辑匡漂喊矫 吝尔备 脚郴肺**啊辨 **, ***龋 (宫悼)",02021,01,康诀/沥惑,,,,
内府酒饭捞历,2010-04-12,206953.015542613,455633.705674039,2026-04-26 22:32:03,I,03,企诀,2010-04-12 10:34:13,,2009-02-18,131-876,辑匡漂喊矫 吝尔备 吝拳*悼 ***锅瘤 **龋 瘤摸,PHMG120093060034047000010,3060000,,,03,企诀,,,22099959,
技红老饭红 辆肺窃冕盔痢,2017-10-31,200026.969169963,452922.664761322,2026-04-26 22:32:17,I,03,企诀,2017-10-31 17:24:11,,2014-11-26,110-460,辑匡漂喊矫 辆肺备 楷扒悼 ***锅瘤 *龋 瘤窍*摸,PHMG120143000034047000110,3000000,"辑匡漂喊矫 辆肺备 措切肺*辨 **, 瘤窍*摸 (楷扒悼)",03082,03,企诀,,,02-763-9669,
歹皋叼漠,,173630.514804658,439031.661667549,2026-04-26 22:33:48,I,13,康诀吝,2021-04-05 08:56:50,,2021-04-02,,牢玫堡开矫 巢悼备 备岿悼 ****-** 归技呼爹,PHMG120213530019047000035,3530000,"牢玫堡开矫 巢悼备 备岿巢肺 ***, 归技呼爹 *摸 **龋 (备岿悼)",21558,01,康诀/沥惑,,,,3.5
蜡柳皋叼纳绢,,207184.517412014,456024.511905725,2026-04-26 22:32:17,I,15,傈免,2019-06-12 16:33:57,,2015-11-13,,辑匡漂喊矫 吝尔备 吝拳悼 ***锅瘤 **龋 ***悼 ***龋,PHMG120153060034047000082,3060000,"辑匡漂喊矫 吝尔备 悼老肺***辨 **, ***悼 ***摸 (吝拳悼, 茄康酒颇飘)",02046,05,力寇/昏力/傈免,,,,
⑦捞拳官捞坷皋雕胶,2019-05-09,199722.033221495,454310.699049879,2026-04-26 22:32:06,I,03,企诀,2019-05-09 18:14:17,,2008-08-28,110-521,辑匡漂喊矫 辆肺备 疙符*啊 *锅瘤 *龋,PHMG120083000034047000035,3000000,辑匡漂喊矫 辆肺备 己闭包肺**辨 ** (疙符*啊),03066,03,企诀,,,02-2055-3820,
技红老饭红 搁格酒抚痢,2023-05-15,206858.791111224,453702.89360652,2026-04-26 22:32:26,I,03,企诀,2023-05-16 13:15:01,,2021-05-07,,辑匡漂喊矫 吝尔备 搁格悼 ***-**,PHMG120213060034047000065,3060000,"辑匡漂喊矫 吝尔备 扳犁肺**辨 **, *摸 (搁格悼)",02231,03,企诀,,,,
(林)茄惫拳厘前力炼,2014-11-17,198284.392181266,451901.406014861,2026-04-26 22:32:04,I,03,企诀,2014-11-17 18:00:07,,2007-03-13,110-790,辑匡漂喊矫 辆肺备 辑赴悼 **锅瘤 瘤窍*摸,PHMG120073000034047000007,3000000,"辑匡漂喊矫 辆肺备 没拌玫肺 **, 瘤窍*摸 (辑赴悼)",,03,企诀,,,02-724-3553,
⑦俊胶矩厚圈爹胶,2012-11-23,173543.197780644,438277.423455367,2026-04-26 22:33:38,I,03,企诀,2012-11-26 09:18:22,,2007-02-07,,备岿悼 ****-* *摸 ***龋 老何,PHMG120073530019047000002,3530000,"牢玫堡开矫 巢悼备 己富肺**锅辨 ** (备岿悼, ***龋老何)",,03,企诀,,,,
技扼联 惑豪瘤痢,2004-10-22,206745.3156041,454434.614373964,2026-04-26 22:31:56,I,03,企诀,2009-07-22 09:57:56,,2001-04-16,131-823,辑匡漂喊矫 吝尔备 搁格*悼 ***锅瘤 **龋 *摸,PHMG120013060034047000009,3060000,,,03,企诀,,,02-494-2175,216.49
悼剧苞切,2013-12-27,199114.216114333,452698.204895564,2026-04-26 22:32:15,I,03,企诀,2013-12-27 13:38:44,,2013-09-05,110-360,辑匡漂喊矫 辆肺备 客锋悼 **锅瘤 *龋,PHMG120133000034047000038,3000000,"辑匡漂喊矫 辆肺备 啦邦肺*辨 **, *摸 (客锋悼)",,03,企诀,,,02-3672-7211,
技覆俊鹅烙,2015-03-24,208346.809500308,454997.16709021,2026-04-26 22:32:14,I,03,企诀,2015-03-24 16:22:13,,2014-08-28,131-809,辑匡漂喊矫 吝尔备 噶快悼 ***锅瘤 *龋,PHMG120143060034047000048,3060000,辑匡漂喊矫 吝尔备 豪快犁肺**辨 ** (噶快悼),,03,企诀,,,02-433-2345,
郴啊焊皋叼咆 扒碍眉氰角,2005-12-02,208416.034548762,455911.383454322,2026-04-26 22:31:56,I,03,企诀,2009-07-23 13:08:23,,2003-07-28,131-866,辑匡漂喊矫 吝尔备 脚郴*悼 ***锅瘤 *龋 *摸,PHMG120033060034047000020,3060000,,,03,企诀,,,02-3421-0990,70
(林)厚舅匙飘霓,2020-07-06,199749.709303956,452471.681673191,2026-04-26 22:32:10,I,03,企诀,2020-07-06 17:11:24,,2010-12-16,,辑匡漂喊矫 辆肺备 盔巢悼 **锅瘤 **龋 焊飞呼爹,PHMG120103000034047000053,3000000,"辑匡漂喊矫 辆肺备 芒版泵肺 ***, 焊飞呼爹 **摸 (盔巢悼)",03127,03,企诀,,,02-2677-0212,
歹掸呕,2015-09-25,177426.755932719,437367.028608654,2026-04-26 22:33:39,I,03,企诀,2015-09-25 11:42:21,,2013-09-04,405-260,牢玫堡开矫 巢悼备 辑芒悼 ***锅瘤 *龋 辑芒橇扼磊 ***龋,PHMG120133530019047000033,3530000,"牢玫堡开矫 巢悼备 概家圈肺 ****, ***龋 (辑芒悼, 辑芒橇扼磊)",21604,03,企诀,,,,75.73
蹿磐粮,2023-12-13,167295.539181307,441620.274365,2026-04-26 22:32:10,I,03,企诀,2023-12-14 16:58:45,,2023-03-14,,牢玫堡开矫 吝备 牢泅悼 *-**,PHMG120233490019047000017,3490000,"牢玫堡开矫 吝备 曼寇傈肺 ***-*, *摸 (牢泅悼)",22317,03,企诀,,,,101.09
GS25备岿酒矫酒靛痢,2024-06-07,174568.510031205,437785.306398615,2026-04-26 22:33:51,I,03,企诀,2024-06-07 09:42:27,,2022-07-20,,牢玫堡开矫 巢悼备 备岿悼 **** 备岿酒矫酒靛急荐锰*窜瘤,PHMG120223530019047000300,3530000,"牢玫堡开矫 巢悼备 急荐锰肺 **, ***悼 *摸 ***,***龋 (备岿悼, 备岿酒矫酒靛急荐锰*窜瘤)",21583,03,企诀,,,,64.82
林侥雀荤 胶拉哪欺聪,,201273.887781838,452163.292543039,2026-04-26 22:32:34,I,13,康诀吝,2023-12-18 09:49:49,,2023-12-15,,辑匡漂喊矫 辆肺备 芒脚悼 ***-** 矫琉,PHMG120233000034047000070,3000000,"辑匡漂喊矫 辆肺备 瘤豪肺 **, 矫琉 *摸 J**-**龋 (芒脚悼)",03121,01,康诀/沥惑,,,,
内胶飘酒匡房,,208208.786684767,457054.793655589,2026-04-26 22:32:35,I,13,康诀吝,2025-09-01 15:17:16,,2017-01-11,,辑匡漂喊矫 吝尔备 脚郴悼 *** 权敲矾胶 辑匡 脚郴痢,PHMG120253060034047000058,3060000,"辑匡漂喊矫 吝尔备 脚郴肺 ***, 权敲矾胶 辑匡 脚郴痢 *摸 XBY*龋 (脚郴悼)",02024,01,康诀/沥惑,,,,
瓤荤尔狼丰扁,2019-03-12,175630.7335792,439271.886219235,2026-04-26 22:33:43,I,03,企诀,2019-03-12 17:53:49,,2015-04-14,405-862,牢玫堡开矫 巢悼备 父荐悼 ***锅瘤 *龋,PHMG120153530019047000035,3530000,"牢玫堡开矫 巢悼备 备岿肺 ***, *摸 (父荐悼, 固贰呼爹)",21535,03,企诀,,,,27.84
WMK(歹喉蜡骏纳捞),,206896.276763412,454957.691384802,2026-04-26 22:32:20,I,15,傈免,2020-12-23 14:10:31,,2017-09-20,,辑匡漂喊矫 吝尔备 吝拳悼 ***锅瘤 **龋 力捞颇农呼 ***龋,PHMG120173060034047000048,3060000,"辑匡漂喊矫 吝尔备 悼老肺***唱辨 **-*, ***龋 (吝拳悼, 力捞颇农呼)",02108,05,力寇/昏力/傈免,,,,
林侥雀荤 烹老狼丰扁,2021-09-08,200683.347665068,452121.204130185,2026-04-26 22:32:26,I,03,企诀,2021-09-08 16:05:37,,2021-03-18,,,PHMG120213000034047000018,3000000,辑匡漂喊矫 辆肺备 辆肺 *** (辆肺*啊),03124,03,企诀,,,02-741-1461,
棵府宏康 己闭包措痢,2019-05-28,199769.96511678,453520.42735819,2026-04-26 22:32:17,I,03,企诀,2019-05-28 16:35:51,,2014-11-25,110-522,辑匡漂喊矫 辆肺备 疙符*啊 ***锅瘤 *摸,PHMG120143000034047000108,3000000,"辑匡漂喊矫 辆肺备 己闭包肺 **, *摸 (疙符*啊)",03074,03,企诀,,,02-763-7077,
揪力捞棵府宏匙飘括胶(林) 揪瘤宏捞牢玫痢,,173589.600592604,438886.624784821,2026-04-26 22:33:43,I,13,康诀吝,2018-09-11 14:53:18,,2015-04-07,405-835,牢玫堡开矫 巢悼备 备岿悼 ****锅瘤 *龋,PHMG120153530019047000032,3530000,"牢玫堡开矫 巢悼备 抗贱肺 ***, *摸 (备岿悼, 揪矩揪呼爹)",21558,01,康诀/沥惑,,,,35.44
林侥雀荤 力捞叼剖,,174143.577264282,437715.248044585,2026-04-26 22:33:50,I,13,康诀吝,2022-03-28 18:08:09,,2022-03-28,,牢玫堡开矫 巢悼备 备岿悼 ****-* 备岿肺磊骇,PHMG120223530019047000207,3530000,"牢玫堡开矫 巢悼备 急荐锰傍盔肺**锅辨 **, 备岿肺磊骇 ***, ***龋 (备岿悼)",21582,01,康诀/沥惑,,,032-815-1515,
皋叼漠泅措,,177742.147371219,438683.409115487,2026-04-26 22:33:39,I,13,康诀吝,2012-06-13 09:12:34,,2012-06-12,405-250,牢玫堡开矫 巢悼备 厘荐悼 ***锅瘤 *龋   ***龋,PHMG120123530019047000019,3530000,"牢玫堡开矫 巢悼备 厘荐肺 *-*, ***龋 (厘荐悼)",21532,01,康诀/沥惑,,,,
欺胶飘秋胶纳绢,2024-05-10,177809.345738201,435747.103271195,2026-04-26 22:33:52,I,03,企诀,2024-05-10 14:03:25,,2023-05-18,,牢玫堡开矫 巢悼备 辑芒悼 ***-* 肺单坷橇扼磊,PHMG120233530019047000086,3530000,"牢玫堡开矫 巢悼备 辑芒巢肺 **, 肺单坷橇扼磊 *摸 ***-**龋 (辑芒悼)",21617,03,企诀,,,,10
备快魂诀,,159819.361785965,444520.441348122,2026-04-26 22:32:10,I,13,康诀吝,2023-10-19 15:25:43,,2023-10-18,,牢玫堡开矫 吝备 吝魂悼 ****-**,PHMG120233490019047000044,3490000,牢玫堡开矫 吝备 归款肺 **-** (吝魂悼),22358,01,康诀/沥惑,,,,
捞令哪欺聪,,177218.327077546,436259.949615223,2026-04-26 22:33:51,I,13,康诀吝,2022-05-25 17:03:56,,2022-05-25,,牢玫堡开矫 巢悼备 辑芒悼 *** 歹器饭胶飘,PHMG120223530019047000256,3530000,"牢玫堡开矫 巢悼备 辑芒巢鉴券肺 ***, ***悼 ****龋 (辑芒悼, 歹器饭胶飘)",21615,01,康诀/沥惑,,,,
技红老饭红 牢玫窍疵绊痢,,,,2026-04-26 22:32:07,I,13,康诀吝,2024-08-30 13:52:36,,2022-02-28,,牢玫堡开矫 吝备 款辑悼 *** 牢玫窍疵绊殿切背,PHMG120223490019047000075,3490000,"牢玫堡开矫 吝备 康辆措肺***锅辨 ***, 牢玫窍疵绊殿切背 (款辑悼)",22361,01,康诀/沥惑,,,,
GS25 没柳夯痢,,198120.637972874,452198.433879026,2026-04-26 22:32:28,I,13,康诀吝,2022-02-10 20:27:48,,2022-02-09,,辑匡漂喊矫 辆肺备 没柳悼 ***-* *摸,PHMG120223000034047000037,3000000,"辑匡漂喊矫 辆肺备 辆肺*辨 **, *摸 (没柳悼)",03156,01,康诀/沥惑,,,02-735-5556,
堡急皋叼漠,2026-01-26,207643.30627752,453823.84477271,2026-04-26 22:32:00,I,03,企诀,2026-02-27 15:30:46,,2007-07-30,,辑匡漂喊矫 吝尔备 搁格悼 ***-**,PHMG120073060034047000014,3060000,"辑匡漂喊矫 吝尔备 搁格肺**辨 **, *摸 (搁格悼)",02219,03,企诀,,,02-435-1415,
纳捞浚骏,2025-05-13,167492.008040277,439423.700287744,2026-04-26 22:32:11,I,03,企诀,2025-05-13 18:03:02,,2024-02-23,,牢玫堡开矫 吝备 脚蕊悼*啊 *-*** 脚蕊酒捞颇农,PHMG120243490019047000011,3490000,"牢玫堡开矫 吝备 牢亲肺 **, ***悼 ****龋 (脚蕊悼*啊, 脚蕊酒捞颇农)",22333,03,企诀,,,,
扒碍狼丰扁,2021-01-12,199604.126391683,452012.894257171,2026-04-26 22:32:15,I,03,企诀,2021-01-12 14:46:16,,2013-08-21,110-853,辑匡漂喊矫 辆肺备 辆肺*啊 **锅瘤 *龋,PHMG120133000034047000036,3000000,"辑匡漂喊矫 辆肺备 辆肺 ***, *摸 (辆肺*啊)",03194,03,企诀,,,02-2039-1988,
(林)内府酒技红 乞芒痢,2019-10-16,196915.715098031,456069.982694811,2026-04-26 22:32:16,I,03,企诀,2024-02-07 15:22:08,,2014-11-03,110-847,辑匡漂喊矫 辆肺备 乞芒悼 ***锅瘤 *龋,PHMG120143000034047000046,3000000,辑匡漂喊矫 辆肺备 乞芒**辨 ** (乞芒悼),03008,03,企诀,,,02-394-9077,
蜡秋胶纳绢 林侥雀荤,,197595.161312175,452460.054621887,2026-04-26 22:32:28,I,13,康诀吝,2021-08-17 17:05:03,,2021-08-17,,辑匡漂喊矫 辆肺备 利急悼 *** 堡拳巩 敲贰萍逞 ***龋,PHMG120213000034047000110,3000000,"辑匡漂喊矫 辆肺备 货巩救肺*啊辨 **, 堡拳巩 敲贰萍逞 ***龋 (利急悼)",03170,01,康诀/沥惑,,,,
脚己苞切荤,,198966.783737917,452513.796183973,2026-04-26 22:32:34,I,13,康诀吝,2024-05-30 16:30:29,,2024-05-30,,辑匡漂喊矫 辆肺备 劳急悼 **-*,PHMG120243000034047000022,3000000,"辑匡漂喊矫 辆肺备 伙老措肺**啊辨 **, *摸 ***龋 (劳急悼)",03132,01,康诀/沥惑,,,02-3675-0617,
技扼联 内胶飘内 惑豪痢,,207897.260402153,454953.363448013,2026-04-26 22:32:33,I,13,康诀吝,2024-01-18 13:41:38,,2024-01-17,,辑匡漂喊矫 吝尔备 惑豪悼 ** 内胶飘内惑豪痢,PHMG120243060034047000004,3060000,"辑匡漂喊矫 吝尔备 噶快肺 ***, 内胶飘内惑豪痢 *摸 (惑豪悼)",02150,01,康诀/沥惑,,,,
GS25 惑疙荤尔痢,2025-12-30,196268.479696575,455316.074423675,2026-04-26 22:32:33,I,03,企诀,2025-12-30 14:17:00,,2022-11-22,,辑匡漂喊矫 辆肺备 全瘤悼 **-*,PHMG120223000034047000209,3000000,"辑匡漂喊矫 辆肺备 技八沥肺 ***, *摸 (全瘤悼)",03017,03,企诀,,,,
骏俊胶皋叼漠,2010-09-30,207982.810825453,454980.023827024,2026-04-26 22:32:04,I,03,企诀,2010-09-30 15:14:41,,2009-09-28,131-858,辑匡漂喊矫 吝尔备 惑豪*悼 **锅瘤 *龋 ***悼 b***龋,PHMG120093060034047000057,3060000,,,03,企诀,,,,
揪蜡(CU) 康辆臂贰靛呼痢,,155348.078123372,443234.903965132,2026-04-26 22:32:07,I,13,康诀吝,2022-04-08 14:23:34,,2022-04-08,,牢玫堡开矫 吝备 款辑悼 ****-* 臂贰靛呼 坷乔胶炮,PHMG120223490019047000089,3490000,"牢玫堡开矫 吝备 闰官困肺 ***, 臂贰靛呼 坷乔胶炮 *摸 ***,***龋 (款辑悼)",22376,01,康诀/沥惑,,,,
林侥雀荤 匡飘扼内府酒,,198592.597470985,452190.992738652,2026-04-26 22:32:13,I,13,康诀吝,2023-06-22 09:02:06,,2011-09-19,,辑匡漂喊矫 辆肺备 牢荤悼 ***-** 怕拳呼爹,PHMG120113000034047000044,3000000,"辑匡漂喊矫 辆肺备 牢荤悼*辨 **, 怕拳呼爹 *摸 (牢荤悼)",03162,01,康诀/沥惑,,,02-2003-8441,
皋叼俊捞,2012-04-04,199035.365798345,452223.87544057,2026-04-26 22:32:07,I,03,企诀,2012-04-04 14:39:55,,2009-03-20,110-807,辑匡漂喊矫 辆肺备 捣狼悼 **锅瘤 *龋 倡盔坷乔胶炮 ***龋,PHMG120093000034047000014,3000000,"辑匡漂喊矫 辆肺备 捣拳巩肺**辨 ** (捣狼悼,倡盔坷乔胶炮 ***龋)",,03,企诀,,,,
牢玫春内酒酒匡房 酒啊规,,173449.265308514,438055.718667539,2026-04-26 22:33:38,I,13,康诀吝,2011-12-26 16:51:32,,2011-07-01,405-841,牢玫堡开矫 巢悼备 备岿*悼 ****锅瘤 *龋 春内酒酒匡房 *摸老何,PHMG120113530019047000025,3530000,"牢玫堡开矫 巢悼备 牢窍肺 ***, *摸 (备岿悼, 春内酒酒匡房)",21574,01,康诀/沥惑,,,,
盔碍皋叼咆,2011-06-10,176751.275490769,438857.419746014,2026-04-26 22:33:38,I,03,企诀,2011-06-10 16:52:34,,2008-03-24,405-858,牢玫堡开矫 巢悼备 父荐*悼 ***锅瘤 *龋 厘荐惑啊 ***龋,PHMG120083530019047000006,3530000,"牢玫堡开矫 巢悼备 归裹肺 ** (父荐悼,厘荐惑啊 ***龋)",,03,企诀,,,1600-6952,
(林)拳剧公开,2010-11-22,,,2026-04-26 22:32:05,I,03,企诀,2010-11-22 14:20:34,,2009-12-24,131-861,辑匡漂喊矫 吝尔备 惑豪*悼 ***锅瘤 ***龋,PHMG120093060034047000080,3060000,,,03,企诀,,,,
捞付飘24 父荐惑酒痢,2023-11-14,175479.670918622,439690.171329637,2026-04-26 22:33:48,I,03,企诀,2023-11-14 13:03:21,,2022-01-28,,牢玫堡开矫 巢悼备 父荐悼 ***-** 玫老呼爹,PHMG120223530019047000013,3530000,"牢玫堡开矫 巢悼备 归裹肺***锅辨 **, 玫老呼爹 ***龋 (父荐悼)",21542,03,企诀,,,,97.2
GS25 父荐伙劳痢,2025-02-14,176878.014173456,437822.793295916,2026-04-26 22:33:51,I,03,企诀,2025-02-11 17:57:36,,2022-07-07,,牢玫堡开矫 巢悼备 父荐悼 **** 伙劳酒颇飘惑啊,PHMG120223530019047000271,3530000,"牢玫堡开矫 巢悼备 淬规肺 **-*, 伙劳酒颇飘惑啊 惑啊悼 ***龋 (父荐悼)",21597,03,企诀,,,,40.32
林侥雀荤 啊傣,,175783.688200114,437971.060185936,2026-04-26 22:33:48,I,15,傈免,2026-02-10 10:41:43,,2020-02-27,,牢玫堡开矫 巢悼备 荐魂悼 **-*,PHMG120213530019047000163,3530000,"牢玫堡开矫 巢悼备 版脚肺**锅辨 **, *摸 傈眉龋 (荐魂悼)",21588,05,力寇/昏力/傈免,,,032-562-3268,92.77
措柳官捞坷,2011-04-14,200900.419461277,452061.01830108,2026-04-26 22:32:10,I,03,企诀,2011-04-14 14:29:24,,2010-10-20,110-842,辑匡漂喊矫 辆肺备 芒脚*悼 ***锅瘤 **龋,PHMG120103000034047000040,3000000,辑匡漂喊矫 辆肺备 辆肺**辨 ** (芒脚悼),,03,企诀,,,,
蜡茄骏郡揪,2024-10-16,206977.524227156,455758.37954118,2026-04-26 22:31:56,I,03,企诀,2024-10-16 15:07:20,,1995-02-22,131-875,辑匡漂喊矫 吝尔备 吝拳*悼 ***锅瘤 **龋 瘤窍摸,PHMG119953060034047000001,3060000,"辑匡漂喊矫 吝尔备 悼老肺***辨 **, 瘤摸 (吝拳悼)",02050,03,企诀,,,02-2207-4777,115.02
揪蜡 剧盔开痢,,209344.563786998,456079.400165301,2026-04-26 22:32:29,I,13,康诀吝,2022-07-13 15:22:07,,2022-07-12,,辑匡漂喊矫 吝尔备 噶快悼 ***-* 扼亥歹鳃,PHMG120223060034047000140,3060000,"辑匡漂喊矫 吝尔备 剧盔开肺**唱辨 **, 扼亥歹鳃 ***龋 (噶快悼)",02057,01,康诀/沥惑,,,,
林侥雀荤 抗啊哪欺聪,,206821.108967706,456096.359567266,2026-04-26 22:32:26,I,13,康诀吝,2021-10-05 10:34:39,,2021-10-01,,辑匡漂喊矫 吝尔备 宫悼 ***-*,PHMG120213060034047000117,3060000,"辑匡漂喊矫 吝尔备 悼老肺 ***, 啊悼 *摸 揪-**龋 (宫悼)",02010,01,康诀/沥惑,,,,
苛辑胶 绢乔聪萍 皋叼拿,,208533.165197782,454186.696918605,2026-04-26 22:32:17,I,13,康诀吝,2016-04-29 16:39:48,,2016-04-26,,辑匡漂喊矫 吝尔备 搁格悼,PHMG120163060034047000023,3060000,"辑匡漂喊矫 吝尔备 侩付魂肺 *** (搁格悼, 没颇呼爹)",02189,01,康诀/沥惑,,,02-439-6363,
(林) 茄惫魂诀救傈侩前,,174067.354211509,438458.818865936,2026-04-26 22:33:47,I,13,康诀吝,2019-09-30 14:48:58,,2019-09-30,,牢玫堡开矫 巢悼备 备岿悼 ****锅瘤 *龋,PHMG120193530019047000056,3530000,"牢玫堡开矫 巢悼备 巢悼措肺 ***, *摸 巢螟龋 (备岿悼)",21577,01,康诀/沥惑,,,032-868-3388,
惫力狼丰包堡蛆雀 亲畴拳季鸥,,161287.416353374,442849.644778346,2026-04-26 22:32:12,I,13,康诀吝,2024-10-08 17:17:35,,2024-10-04,,牢玫堡开矫 吝备 吝魂悼 ****-** 喉风坷记 饭瘤带胶龋炮 *,PHMG120243490019047000044,3490000,"牢玫堡开矫 吝备 磊楷措肺 *, 喉风坷记 饭瘤带胶龋炮 * *摸 ***龋 (吝魂悼)",22397,01,康诀/沥惑,,,,
(林)茄惫馆妨悼拱酒墨单固,2026-01-26,201809.67645682,452460.718015096,2026-04-26 22:32:22,I,03,企诀,2026-01-26 18:18:29,,2017-03-30,,"辑匡漂喊矫 辆肺备 件牢悼 ***锅瘤 *龋 怕沥呼爹 *摸 ***龋, *摸 ***龋, ***龋",PHMG120173000034047000026,3000000,"辑匡漂喊矫 辆肺备 辆肺 ***, 怕沥呼爹 ***, ***, ***龋 (件牢悼)",03115,03,企诀,,,02-6959-3985,
林侥雀荤 灌篮传,,174246.454599283,437784.415750001,2026-04-26 22:33:44,I,13,康诀吝,2016-10-06 15:09:00,,2016-10-04,,牢玫堡开矫 巢悼备 备岿悼 ****锅瘤 *龋,PHMG120163530019047000087,3530000,"牢玫堡开矫 巢悼备 急荐锰傍盔肺 **, ***老何龋 (备岿悼, 肺单坷橇扼磊(惑诀*-*))",21582,01,康诀/沥惑,,,032-465-9009,4.6
揪蜡 辆肺疙符2啊痢,2016-12-28,199920.139694741,453560.115981456,2026-04-26 22:32:18,I,03,企诀,2016-12-28 17:49:05,,2015-08-07,,辑匡漂喊矫 辆肺备 疙符*啊 *锅瘤 **龋 *摸,PHMG120153000034047000056,3000000,"辑匡漂喊矫 辆肺备 芒版泵肺 ***, *摸 (疙符*啊)",03075,03,企诀,,,02-766-7249,
辑匡规荤急辑厚胶林侥雀荤,2020-10-06,207001.614288676,455668.7503736,2026-04-26 22:32:17,I,03,企诀,2020-10-07 10:43:58,,2015-11-19,,辑匡漂喊矫 吝尔备 吝拳悼 ***锅瘤 **龋 *摸,PHMG120153060034047000085,3060000,"辑匡漂喊矫 吝尔备 悼老肺***辨 **, *摸 (吝拳悼)",02050,03,企诀,,,02-6239-2965,
刀老焊没扁,2025-05-29,167331.107831332,441128.139365538,2026-04-26 22:32:00,I,03,企诀,2025-05-29 15:41:41,,2018-11-29,,牢玫堡开矫 吝备 版悼 ***锅瘤 *龋,PHMG120183490019047000018,3490000,牢玫堡开矫 吝备 翠悼肺 **-* (版悼),22321,03,企诀,,,032-762-7575,78.2
(林)捞畴咆内府酒,,173190.716115367,439143.406893306,2026-04-26 22:33:47,I,13,康诀吝,2021-02-02 11:06:23,,2021-02-01,,牢玫堡开矫 巢悼备 备岿悼 ****-* 茄惫畴醚辟肺磊汗瘤雀包,PHMG120213530019047000012,3530000,"牢玫堡开矫 巢悼备 备岿巢肺 **, 茄惫畴醚辟肺磊汗瘤雀包 *摸 吝居龋 (备岿悼)",21553,01,康诀/沥惑,,,032-518-5200,119
舅漠府捞柯荐扁 眉氰包,2010-02-01,208660.730154833,454976.509286377,2026-04-26 22:32:00,I,03,企诀,2010-10-13 15:50:13,,2007-11-26,131-809,辑匡漂喊矫 吝尔备 噶快夯悼 ***锅瘤 *龋 寇*鞘瘤 *摸,PHMG120073060034047000026,3060000,,,03,企诀,,,,
技红老饭红 牢玫父荐力老痢,2019-10-16,175590.80031522,439330.764474061,2026-04-26 22:33:39,I,03,企诀,2019-10-18 11:08:05,,2014-10-27,405-862,牢玫堡开矫 巢悼备 父荐悼 ***锅瘤 **龋,PHMG120143530019047000056,3530000,"牢玫堡开矫 巢悼备 备岿肺 ***, *摸 (父荐悼)",21542,03,企诀,,,,
冠拱厘荐,2006-05-24,208816.849684936,455968.279915599,2026-04-26 22:31:59,I,03,企诀,2009-07-24 14:41:35,,2006-01-17,131-868,辑匡漂喊矫 吝尔备 脚郴*悼 ***锅瘤 *龋 沥刮呼爹 *摸,PHMG120063060034047000032,3060000,,,03,企诀,,,,
篮磊概匙,2026-01-28,176474.340489638,433913.889794795,2026-04-26 22:33:53,I,03,企诀,2026-01-28 13:58:03,,2025-04-25,,牢玫堡开矫 巢悼备 稠泅悼 ***-* 绒刚矫酒仟福郴付阑**窜瘤酒颇飘,PHMG120253530019047000058,3530000,"牢玫堡开矫 巢悼备 器备肺 **, ****悼 ****龋 (稠泅悼, 绒刚矫酒仟福郴付阑**窜瘤酒颇飘)",21662,03,企诀,,,,
技红老饭红 牢玫家贰痢,2024-12-13,176559.861235792,433113.310207242,2026-04-26 22:33:53,I,03,企诀,2024-12-13 14:23:00,,2024-10-31,,牢玫堡开矫 巢悼备 稠泅悼 ***-* 炼篮橇扼磊,PHMG120243530019047000127,3530000,"牢玫堡开矫 巢悼备 家贰开肺 **, 炼篮橇扼磊 ***, ***龋 (稠泅悼)",21673,03,企诀,,,,85.9
府皋靛敲矾胶,,154741.330886538,443757.490919427,2026-04-26 22:32:04,I,13,康诀吝,2021-10-25 15:23:00,,2021-10-25,,牢玫堡开矫 吝备 款辑悼 ****-* 矫俊肺呼坷乔胶 ***龋,PHMG120213490019047000040,3490000,"牢玫堡开矫 吝备 康辆措肺 **, 矫俊肺呼坷乔胶 ***龋 (款辑悼)",22371,01,康诀/沥惑,,,,36.72
悼康摹苞犁丰,2010-04-05,,,2026-04-26 22:31:57,I,03,企诀,2010-04-05 15:02:02,,1992-06-30,110-842,辑匡漂喊矫 辆肺备 芒脚*悼 ***-*,PHMG119923000034047000006,3000000,,,03,企诀,,,02-742-1865,
捞篮狼丰扁,2018-03-28,198205.621520751,452254.217603167,2026-04-26 22:32:20,I,03,企诀,2018-03-28 14:47:01,,2016-11-23,,,PHMG120163000034047000076,3000000,"辑匡漂喊矫 辆肺备 伙豪肺 **, *摸 V**龋 (荐价悼, 龋荐呼爹)",03151,03,企诀,,,,
棵饭叼付南,2023-07-21,198208.386453774,452193.293825248,2026-04-26 22:32:26,I,03,企诀,2023-07-21 15:09:48,,2020-08-31,,辑匡漂喊矫 辆肺备 没柳悼 *-* 没老呼爹 ***龋,PHMG120203000034047000070,3000000,"辑匡漂喊矫 辆肺备 辆肺*辨 **-*, 没老呼爹 ***龋 (没柳悼)",03158,03,企诀,,,,
揪蜡 稠泅啊魂矫萍,2016-12-30,175447.671414225,433057.818295796,2026-04-26 22:33:44,I,03,企诀,2016-12-30 09:06:47,,2016-12-29,,牢玫堡开矫 巢悼备 稠泅悼 ***锅瘤 *龋,PHMG120163530019047000090,3530000,"牢玫堡开矫 巢悼备 巨绊俺肺***锅辨 **-*, ***龋 (稠泅悼, 春啊魂矫萍)",21679,03,企诀,,,,41.64
林侥雀荤 俊胶皋叼柯,,198324.653631679,452252.812389497,2026-04-26 22:32:28,I,13,康诀吝,2022-01-10 15:28:08,,2020-02-07,,辑匡漂喊矫 辆肺备 荐价悼 ** 滴魂困宏颇呼府柯 ****龋,PHMG120223000034047000002,3000000,"辑匡漂喊矫 辆肺备 伙豪肺 **, 滴魂困宏颇呼府柯 ****龋 (荐价悼)",03150,01,康诀/沥惑,,,02-586-2505,
官弗狼丰扁贱,,206808.914669794,456949.35802282,2026-04-26 22:32:32,I,13,康诀吝,2026-01-29 09:38:15,,2019-02-15,,辑匡漂喊矫 吝尔备 宫悼 ***-* 宫悼磊捞酒颇飘*窜瘤,PHMG120223060034047000221,3060000,"辑匡漂喊矫 吝尔备 槛急克林肺 *-*, 力*摸 力***龋 (宫悼, 宫悼磊捞酒颇飘*窜瘤)",02033,01,康诀/沥惑,,,,
技红老饭红父荐措肺痢,,175332.25243192,439345.547779798,2026-04-26 22:33:48,I,13,康诀吝,2022-02-04 17:11:07,,2022-02-04,,牢玫堡开矫 巢悼备 父荐悼 ***-*,PHMG120223530019047000035,3530000,"牢玫堡开矫 巢悼备 备岿肺 ***, *摸 老何龋 (父荐悼)",21542,01,康诀/沥惑,,,,52.44
林侥雀荤 盔老惑荤,2019-09-26,199321.097114713,451966.099570602,2026-04-26 22:32:19,I,03,企诀,2019-09-26 11:30:34,,2016-08-04,,辑匡漂喊矫 辆肺备 厘荤悼 **锅瘤 *摸,PHMG120163000034047000053,3000000,"辑匡漂喊矫 辆肺备 辆肺**辨 *, *摸 (厘荤悼)",03193,03,企诀,,,02-2265-4376,
茄巢皋叼漠,2012-02-21,,,2026-04-26 22:32:05,I,03,企诀,2012-02-21 17:06:09,,2007-11-06,110-430,辑匡漂喊矫 辆肺备 厘荤悼 ** 绊妨呼爹 *摸,PHMG120073000034047000036,3000000,,,03,企诀,,,22732349,
努府葱蒲飘,2015-12-30,206823.165967179,456686.933363648,2026-04-26 22:32:15,I,03,企诀,2015-12-30 16:18:19,,2014-12-16,131-848,宫悼 ***锅瘤 **龋 ***龋,PHMG120143060034047000125,3060000,"辑匡漂喊矫 吝尔备 傍釜肺 **, ***龋 (宫悼)",02034,03,企诀,,,070-7591-4828,
内内林捞,2024-12-16,174813.568485082,438225.346046024,2026-04-26 22:33:51,I,03,企诀,2024-12-16 14:11:45,,2022-09-08,,牢玫堡开矫 巢悼备 备岿悼 **** 备岿 蜡铰茄郴甸 欺胶萍瘤,PHMG120223530019047000375,3530000,"牢玫堡开矫 巢悼备 急荐锰肺 **, ***悼 ***龋 (备岿悼, 备岿 蜡铰茄郴甸 欺胶萍瘤)",21584,03,企诀,,,,94.02
(林)窍捞橇扼磊 巢悼备没痢,2024-12-05,176438.653650511,438579.420795951,2026-04-26 22:33:47,I,03,企诀,2024-12-05 11:41:46,,2020-06-11,,牢玫堡开矫 巢悼备 父荐悼 ****锅瘤 LG傈磊 海胶飘讥,PHMG120203530019047000046,3530000,"牢玫堡开矫 巢悼备 家贰肺 ***, LG傈磊 海胶飘讥 *摸 (父荐悼)",21541,03,企诀,,,032-715-6080,1038.49
林侥雀荤 瘤郡俊捞摹矩厚,2016-07-04,198913.496136105,452416.170780139,2026-04-26 22:32:16,I,03,企诀,2016-07-04 14:03:51,,2014-06-05,110-320,辑匡漂喊矫 辆肺备 倡盔悼 **锅瘤 *龋,PHMG120143000034047000029,3000000,"辑匡漂喊矫 辆肺备 伙老措肺**辨 **, ****龋 (倡盔悼, 辆肺坷乔胶炮)",03132,03,企诀,,,,
促牢哪欺聪,2023-12-29,197607.398336321,452120.026024435,2026-04-26 22:32:25,I,03,企诀,2024-01-03 17:21:34,,2020-02-03,,辑匡漂喊矫 辆肺备 寸林悼 ***,PHMG120203000034047000007,3000000,"辑匡漂喊矫 辆肺备 技辆措肺**辨 **, ***-***龋 (寸林悼)",03182,03,企诀,,,02-6263-9311,
(林)扼烙内胶皋平,2025-07-07,174134.063014029,433107.729453554,2026-04-26 22:33:47,I,03,企诀,2025-12-19 14:12:18,,2020-07-20,,牢玫堡开矫 巢悼备 绊儡悼 ***-*,PHMG120203530019047000062,3530000,"牢玫堡开矫 巢悼备 龋备器肺 ***, ****龋 (绊儡悼)",21655,03,企诀,,,,139.02
庆靛脚器痢,2012-05-30,166959.559312514,441139.82863019,2026-04-26 22:31:58,I,03,企诀,2012-05-31 15:49:01,,2010-06-09,400-150,牢玫堡开矫 吝备 郴悼 ***锅瘤 *龋,PHMG120103490019047000005,3490000,牢玫堡开矫 吝备 俺亲肺 ** (郴悼),,03,企诀,,,032-772-6562,9.88
付捞秦乔鸥烙,2017-11-08,199353.418602205,452203.091113412,2026-04-26 22:32:18,I,03,企诀,2017-11-08 15:45:30,,2015-04-08,110-390,辑匡漂喊矫 辆肺备 豪劳悼 **锅瘤 *龋,PHMG120153000034047000024,3000000,"辑匡漂喊矫 辆肺备 辑鉴扼辨 **, *摸 (豪劳悼, 榜靛鸥款)",03138,03,企诀,,,02-2232-2590,
铰柳皋叼漠,2007-07-04,206250.550503486,454845.615651487,2026-04-26 22:31:58,I,03,企诀,2009-07-24 13:53:29,,2005-07-25,131-878,辑匡漂喊矫 吝尔备 吝拳*悼 ***锅瘤 **龋,PHMG120053060034047000047,3060000,,,03,企诀,,,02-493-2072,
某摹颇况狼丰扁,2013-10-22,176248.271431844,439776.525000024,2026-04-26 22:33:39,I,03,企诀,2014-04-07 18:09:56,,2012-06-21,405-242,牢玫堡开矫 巢悼备 父荐*悼 ***锅瘤 **龋 *摸,PHMG120123530019047000020,3530000,"牢玫堡开矫 巢悼备 父荐肺**锅辨 *-**, *摸 (父荐悼)",,03,企诀,,,,
揪蜡(CU) 康辆浅覆痢,,154351.907930256,444325.133020801,2026-04-26 22:32:06,I,13,康诀吝,2022-02-17 20:24:00,,2022-02-17,,牢玫堡开矫 吝备 款辑悼 ****-* 浅覆酒捞盔酒颇飘,PHMG120223490019047000064,3490000,"牢玫堡开矫 吝备 脚档矫合肺**锅辨 **, 浅覆酒捞盔酒颇飘 (款辑悼)",22364,01,康诀/沥惑,,,,
窍唱浚瘤聪绢傅内府酒(林),,201143.390545666,452274.980477498,2026-04-26 22:32:25,I,15,傈免,2023-12-21 08:33:47,,2020-03-03,,辑匡漂喊矫 辆肺备 芒脚悼 ***锅瘤 臂扼胶鸥况,PHMG120203000034047000017,3000000,"辑匡漂喊矫 辆肺备 辆肺 ***, 臂扼胶鸥况 *摸 (芒脚悼)",03104,05,力寇/昏力/傈免,,,02-312-1371,
陛老傈磊,,199437.529999695,451905.953464473,2026-04-26 22:32:25,I,15,傈免,2019-08-21 09:25:56,,2019-08-08,,辑匡漂喊矫 辆肺备 厘荤悼 ***锅瘤,PHMG120193000034047000040,3000000,"辑匡漂喊矫 辆肺备 捣拳巩肺*辨 **, *摸 (厘荤悼)",03193,05,力寇/昏力/傈免,,,,28.63
青汗茄 畴牢 汗瘤侩备,2017-04-13,208630.66215623,454041.720440201,2026-04-26 22:32:11,I,03,企诀,2017-04-13 15:35:54,,2012-12-20,131-811,辑匡漂喊矫 吝尔备 搁格悼 *锅瘤 **龋 *摸,PHMG120123060034047000051,3060000,辑匡漂喊矫 吝尔备 侩付魂肺**辨 ** (搁格悼),,03,企诀,,,02-432-9762,
捞浚酒捞-瘤,,174954.933865508,438626.77063624,2026-04-26 22:33:44,I,13,康诀吝,2017-06-14 17:10:01,,2017-06-13,,,PHMG120173530019047000038,3530000,"牢玫堡开矫 巢悼备 牢林措肺 ***, *摸 ***龋 (备岿悼, 伙焊呼爹)",21563,01,康诀/沥惑,,,,
林侥雀荤 捞眶荤锰,,208740.575447176,455847.260866054,2026-04-26 22:32:33,I,13,康诀吝,2023-08-03 11:29:14,,2023-08-02,,辑匡漂喊矫 吝尔备 脚郴悼 ***-** (林) 努赴吝尔,PHMG120233060034047000077,3060000,"辑匡漂喊矫 吝尔备 侩付魂肺***啊辨 **, (林) 努赴吝尔 *摸 (脚郴悼)",02071,01,康诀/沥惑,,,,
揪蜡辆肺农扼款龋炮痢,2016-12-28,198886.944446027,452419.42955676,2026-04-26 22:32:19,I,03,企诀,2016-12-28 16:03:44,,2016-05-17,,,PHMG120163000034047000036,3000000,"辑匡漂喊矫 辆肺备 伙老措肺**辨 *, *摸 (倡盔悼, 辆肺 农扼款 龋炮)",03132,03,企诀,,,02-742-0068,
焊焊内府酒,2016-03-21,200252.016668912,452106.628872394,2026-04-26 22:32:14,I,03,企诀,2016-03-21 11:36:15,,2012-08-30,110-835,辑匡漂喊矫 辆肺备 辆肺*啊 **锅瘤 *龋 *摸,PHMG120123000034047000040,3000000,"辑匡漂喊矫 辆肺备 辆肺 ***, *摸 (辆肺*啊)",03126,03,企诀,,,02-3673-2121,
蹿郊狼丰扁,2014-08-29,176335.972390213,439854.387472428,2026-04-26 22:33:37,I,24,流鼻企诀,2014-09-03 14:24:45,,2002-09-27,,父荐*悼**-**(*摸),PHMG120023530019047000007,3530000,"牢玫堡开矫 巢悼备 父荐肺 **, *摸 (父荐悼)",,04,秒家/富家/父丰/沥瘤/吝瘤,,,,
府矩唱轰萍,2025-04-23,173772.586204808,440296.06418668,2026-04-26 22:33:45,I,03,企诀,2025-04-23 16:57:45,,2018-08-08,,牢玫堡开矫 巢悼备 埃籍悼 ***锅瘤 *龋 捍痹呼爹,PHMG120183530019047000051,3530000,"牢玫堡开矫 巢悼备 版牢肺 ***, 捍痹呼爹 *摸 老何龋 (埃籍悼)",21550,03,企诀,,,,120
吩单碱俏(林)酚胶 惑豪浚磐痢,2019-11-19,207923.745922676,455090.718335439,2026-04-26 22:32:17,I,03,企诀,2019-11-19 11:20:14,,2016-04-12,,辑匡漂喊矫 吝尔备 惑豪悼 ***锅瘤,PHMG120163060034047000019,3060000,"辑匡漂喊矫 吝尔备 噶快肺 *** (惑豪悼, 惑豪 橇饭固绢胶 骏内 捞畴矫萍AB悼 *摸 酚胶)",02087,03,企诀,,,02-6224-6029,
纳捞厚骏狼丰扁 惫郴康诀何,2004-08-06,208295.099818379,456014.999180519,2026-04-26 22:31:56,I,03,企诀,2009-07-23 09:54:08,,2002-11-21,131-865,辑匡漂喊矫 吝尔备 脚郴*悼 ***锅瘤 脚酒鸥款*摸,PHMG120023060034047000030,3060000,,,03,企诀,,,02-3422-2113,113
揪蜡辆肺季磐痢,,198696.792161159,451962.68240104,2026-04-26 22:32:31,I,13,康诀吝,2023-09-06 17:41:30,,2022-07-13,,辑匡漂喊矫 辆肺备 辆肺*啊 **-* 固妨呼爹,PHMG120223000034047000123,3000000,"辑匡漂喊矫 辆肺备 辆肺 **, 固妨呼爹 *摸 (辆肺*啊)",03190,01,康诀/沥惑,,,02-737-5090,
GS25 埃籍鸥烙痢,,174574.987597144,440255.061719949,2026-04-26 22:33:43,I,13,康诀吝,2014-11-08 10:35:52,,2014-11-07,405-801,牢玫堡开矫 巢悼备 埃籍悼 ***锅瘤 *龋,PHMG120143530019047000121,3530000,"牢玫堡开矫 巢悼备 归裹肺 ***, *摸 (埃籍悼)",21544,01,康诀/沥惑,,,,
揪力捞棵府宏康(林)牢玫傍亲力2咯按磐固澄痢,,149829.251166424,440865.963248498,2026-04-26 22:32:00,I,13,康诀吝,2024-08-22 09:35:24,,2023-02-16,,牢玫堡开矫 吝备 款辑悼 ****,PHMG120183490019047000006,3490000,"牢玫堡开矫 吝备 力*磐固澄措肺 ***, 牢玫傍亲力*咯按磐固澄 瘤窍 *摸 (款辑悼)",22382,01,康诀/沥惑,,,,384
(林)磊捞胶咆,,197713.264843734,451938.037703258,2026-04-26 22:32:00,I,13,康诀吝,2020-09-03 16:42:44,,2004-02-20,,辑匡漂喊矫 辆肺备 脚巩肺*啊 *** 堡拳巩坷乔矫酒呼爹 ***龋,PHMG120043000034047000011,3000000,"辑匡漂喊矫 辆肺备 货巩救肺 **, 堡拳巩坷乔矫酒呼爹 ***龋 (脚巩肺*啊)",03186,01,康诀/沥惑,,,02-3276-2411,
(林)固贰哪欺聪,,199785.078777879,452316.31850293,2026-04-26 22:32:24,I,15,傈免,2020-07-31 17:13:43,,2018-01-18,,辑匡漂喊矫 辆肺备 牢狼悼 **锅瘤 *龋 辆肺敲饭捞胶,PHMG120183000034047000003,3000000,"辑匡漂喊矫 辆肺备 芒版泵肺 ***, 辆肺敲饭捞胶 *摸 (牢狼悼)",03130,05,力寇/昏力/傈免,,,02-331-9833,
揪蜡搁格7悼痢,2016-12-29,207670.688373846,452994.128441664,2026-04-26 22:32:14,I,03,企诀,2016-12-29 17:16:51,,2014-10-28,131-828,辑匡漂喊矫 吝尔备 搁格悼 ***锅瘤 **龋,PHMG120143060034047000063,3060000,辑匡漂喊矫 吝尔备 荤啊沥肺**辨 ** (搁格悼),02252,03,企诀,,,02-432-7295,
林侥雀荤 茄惫家犁苞切,,199052.164234663,452535.569961658,2026-04-26 22:32:18,I,15,傈免,2023-11-08 15:53:28,,2015-06-04,110-340,辑匡漂喊矫 辆肺备 劳急悼 **锅瘤 B***龋,PHMG120153000034047000039,3000000,"辑匡漂喊矫 辆肺备 捣拳巩肺**啊辨 **, B***龋 (劳急悼)",03132,05,力寇/昏力/傈免,,,02-764-1673,
绊皋叼漠,,200231.022222263,452054.748716233,2026-04-26 22:32:25,I,13,康诀吝,2019-08-22 10:33:50,,2019-05-07,,辑匡漂喊矫 辆肺备 辆肺*啊 ***锅瘤 *龋,PHMG120193000034047000046,3000000,"辑匡漂喊矫 辆肺备 辆肺 ***-*, ***龋 (辆肺*啊)",03196,01,康诀/沥惑,,,,
揪蜡 款巢吝居痢,,158776.857377682,443562.533013115,2026-04-26 22:32:06,I,13,康诀吝,2022-02-11 13:47:53,,2022-02-11,,牢玫堡开矫 吝备 款巢悼 **** 伙己呼爹,PHMG120223490019047000044,3490000,"牢玫堡开矫 吝备 款巢救辨 *, 伙己呼爹 *摸 (款巢悼)",22372,01,康诀/沥惑,,,,
饶妇胶(who妇胶),,167296.97060299,440560.886477394,2026-04-26 22:32:12,I,13,康诀吝,2025-03-07 13:08:55,,2025-03-06,,牢玫堡开矫 吝备 脚蕊悼*啊 **-**,PHMG120253490019047000003,3490000,"牢玫堡开矫 吝备 牢吝肺***锅辨 **, 歹扼框 ****龋 (脚蕊悼*啊)",22324,01,康诀/沥惑,,,,
矫舅概聪瘤刚飘(林),,199829.874110507,452326.787745119,2026-04-26 22:32:20,I,13,康诀吝,2020-07-03 16:50:38,,2016-09-19,,辑匡漂喊矫 辆肺备 楷瘤悼 ***锅瘤,PHMG120163000034047000062,3000000,"辑匡漂喊矫 辆肺备 辫惑苛肺 **, *摸 (楷瘤悼, 措康呼爹)",03129,01,康诀/沥惑,,,02-2679-6508,
俊摹客捞 巢锰痢,2025-06-24,173973.55012375,438615.569074462,2026-04-26 22:33:50,I,03,企诀,2025-06-24 16:16:04,,2022-03-29,,牢玫堡开矫 巢悼备 备岿悼 ***-** 吝居酒颇飘,PHMG120223530019047000212,3530000,"牢玫堡开矫 巢悼备 牢林措肺***锅辨 *, ***, ***龋 (备岿悼, 吝居酒颇飘)",21571,03,企诀,,,,131.3
固记皋叼漠,,176669.87296832,440531.187084353,2026-04-26 22:33:38,I,13,康诀吝,2019-02-15 10:30:34,,2011-02-22,405-852,牢玫堡开矫 巢悼备 父荐*悼 *锅瘤 ***龋 脚悼酒酒颇飘惑啊 ***龋,PHMG120113530019047000007,3530000,"牢玫堡开矫 巢悼备 父何肺*锅辨 **-*, ***龋 (父荐悼, 脚悼酒A惑啊)",21521,01,康诀/沥惑,,,,
皋叼拿焊没扁 吝尔痢,,207827.820897716,453162.872239929,2026-04-26 22:32:34,I,13,康诀吝,2024-11-12 09:43:37,,2024-11-12,,辑匡漂喊矫 吝尔备 搁格悼 ***-** 荤啊沥皋叼鸥况,PHMG120243060034047000068,3060000,"辑匡漂喊矫 吝尔备 荤啊沥肺 ***, 荤啊沥皋叼鸥况 *摸 ***龋 (搁格悼)",02214,01,康诀/沥惑,,,,
款拳目赣胶⑦,2008-01-21,209235.719782146,456560.343916517,2026-04-26 22:31:59,I,03,企诀,2009-07-24 14:40:17,,2006-01-10,131-800,辑匡漂喊矫 吝尔备 噶快夯悼 ***锅瘤 *龋 *摸,PHMG120063060034047000031,3060000,,,03,企诀,,,02-439-3332,
焊锋距惫,,206859.335695194,456604.826307224,2026-04-26 22:32:32,I,13,康诀吝,2022-11-16 14:44:50,,2022-11-16,,辑匡漂喊矫 吝尔备 宫悼 ***-** 漠瓢抛扼胶,PHMG120223060034047000218,3060000,"辑匡漂喊矫 吝尔备 傍釜肺*辨 *-*, *摸 (宫悼, 漠瓢抛扼胶)",02037,01,康诀/沥惑,,,,
促捞家脚器惫力矫厘痢,,167027.754729755,440973.46316268,2026-04-26 22:32:11,I,13,康诀吝,2024-06-25 16:34:32,,2024-06-24,,,PHMG120243490019047000026,3490000,"牢玫堡开矫 吝备 快泅肺 **, 泅措磊悼瞒,辫盔琶己屈寇苞,措脚刘鼻 *摸 (翠悼)",22321,01,康诀/沥惑,,,,739.2
逛钱苞切,,207651.411967557,455258.02607452,2026-04-26 22:32:32,I,13,康诀吝,2023-01-04 15:34:18,,2023-01-03,,辑匡漂喊矫 吝尔备 惑豪悼 ***-*,PHMG120233060034047000004,3060000,"辑匡漂喊矫 吝尔备 惑豪吝居肺*辨 **, *摸 ***龋 (惑豪悼)",02091,01,康诀/沥惑,,,,
驱寸皋叼漠,2016-01-08,175277.306013131,439300.125334928,2026-04-26 22:33:38,I,03,企诀,2016-01-08 15:52:00,,2011-03-02,405-839,牢玫堡开矫 巢悼备 备岿*悼 ****锅瘤 楷技呼爹 *摸,PHMG120113530019047000008,3530000,"牢玫堡开矫 巢悼备 备岿肺 ***, *摸 (备岿悼, 楷技呼爹)",21534,03,企诀,,,,199.22
瘤骏咆,2016-01-22,174156.122440517,438747.720298408,2026-04-26 22:33:38,I,03,企诀,2016-01-25 08:59:41,,2011-01-11,405-835,牢玫堡开矫 巢悼备 备岿*悼 ****锅瘤 *龋 肺旦 ***龋,PHMG120113530019047000001,3530000,"牢玫堡开矫 巢悼备 刀痢肺*锅辨 **-*, ***龋 (备岿悼, 肺旦)",21565,03,企诀,,,,
洒胶配乏,2011-05-16,,,2026-04-26 22:32:06,I,03,企诀,2011-05-16 16:06:20,,2010-05-12,131-821,辑匡漂喊矫 吝尔备 搁格*悼 ***锅瘤 **龋 *摸,PHMG120103060034047000034,3060000,,,03,企诀,,,02-6403-9820,117
官弗距前(林),,176550.262372059,433297.729321378,2026-04-26 22:33:45,I,15,傈免,2018-03-19 10:28:50,,2017-12-29,,牢玫堡开矫 巢悼备 稠泅悼 ***锅瘤 *龋 措康肺单坷,PHMG120173530019047000083,3530000,"牢玫堡开矫 巢悼备 家贰开肺**锅辨 **, 措康肺单坷 *摸 ***龋 (稠泅悼)",21673,05,力寇/昏力/傈免,,,,
捞篮皋雕胶,,207284.213563314,455978.825606043,2026-04-26 22:32:18,I,15,傈免,2018-09-04 11:43:49,,2016-12-21,,辑匡漂喊矫 吝尔备 吝拳悼 ***锅瘤 *龋,PHMG120163060034047000073,3060000,"辑匡漂喊矫 吝尔备 悼老肺***辨 **, ***龋 (吝拳悼, 鳃窍快胶)",02046,05,力寇/昏力/傈免,,,02-493-5112,
林侥雀荤 茄巢皋叼,,199221.509430179,451851.540972503,2026-04-26 22:32:13,I,13,康诀吝,2020-06-02 11:18:37,,2011-09-20,,辑匡漂喊矫 辆肺备 包荐悼 **锅瘤 茄巢呼爹,PHMG120113000034047000045,3000000,"辑匡漂喊矫 辆肺备 捣拳巩肺 *-*, 茄巢呼爹 (包荐悼)",03192,01,康诀/沥惑,,,02-2273-2358,
秦乔靛覆,2004-08-16,206688.532011048,454342.258071916,2026-04-26 22:31:56,I,03,企诀,2009-07-23 11:30:00,,2003-06-26,131-823,辑匡漂喊矫 吝尔备 搁格*悼 ***锅瘤 ***龋 *摸,PHMG120033060034047000014,3060000,,,03,企诀,,,02-494-5944,79.2
空狼脚何甸,,174724.103166612,439453.728045682,2026-04-26 22:33:48,I,13,康诀吝,2021-07-08 14:07:13,,2021-07-08,,牢玫堡开矫 巢悼备 备岿悼 ****-* 促咳橇扼磊,PHMG120213530019047000108,3530000,"牢玫堡开矫 巢悼备 侩玫肺 **, 促咳橇扼磊 *摸 ***龋 (备岿悼)",21547,01,康诀/沥惑,,,,91.5
春惫力皋叼漠,2009-08-31,,,2026-04-26 22:32:05,I,03,企诀,2009-09-02 10:24:58,,2008-04-24,110-807,辑匡漂喊矫 辆肺备 捣狼悼 **-* *摸 ***龋,PHMG120083000034047000009,3000000,,,03,企诀,,,02-894-6400,
捞付飘俊宏府单捞 牢玫康辆痢,2025-09-24,156266.45920116,441777.293728801,2026-04-26 22:32:12,I,03,企诀,2025-09-24 13:30:30,,2024-08-23,,牢玫堡开矫 吝备 款巢悼 ****-** 叼吊倒橇扼磊,PHMG120243490019047000037,3490000,"牢玫堡开矫 吝备 闰官困肺 ***, 叼吊倒橇扼磊 ***,***龋 (款巢悼)",22376,03,企诀,,,,
俊捞喉,,177096.115061488,435783.853698521,2026-04-26 22:33:52,I,13,康诀吝,2023-09-25 15:35:39,,2023-09-25,,牢玫堡开矫 巢悼备 辑芒悼 *** 俊内 俊厚春,PHMG120233530019047000147,3530000,"牢玫堡开矫 巢悼备 辑芒巢鉴券肺 ***-***, ***悼 ***龋 (辑芒悼, 俊内 俊厚春)",21616,01,康诀/沥惑,,,,
舅肺矩风 埃籍权敲矾胶痢,2017-12-13,172419.743721009,440865.63488269,2026-04-26 22:33:38,I,03,企诀,2017-12-13 13:44:29,,2011-07-12,405-810,牢玫堡开矫 巢悼备 埃籍*悼 ***锅瘤 *龋 埃籍权敲矾胶 *摸老何,PHMG120113530019047000031,3530000,"牢玫堡开矫 巢悼备 版盔措肺 ***, *摸 (埃籍悼, 埃籍权敲矾胶)",21500,03,企诀,,,,
厘泅狼丰扁,2016-01-25,208829.504320577,454790.791252809,2026-04-26 22:32:17,I,03,企诀,2016-01-25 15:44:13,,2016-01-07,,辑匡漂喊矫 吝尔备 噶快悼,PHMG120163060034047000002,3060000,"辑匡漂喊矫 吝尔备 噶快肺**辨 *** (噶快悼, 吝居绢赴捞笼)",02181,03,企诀,,,,
林侥雀荤 敲贰聪胶飘,2019-07-17,198690.658978281,452665.844737685,2026-04-26 22:32:23,I,03,企诀,2019-07-17 14:36:47,,2017-10-30,,辑匡漂喊矫 辆肺备 版款悼 **锅瘤 *龋 辑盔呼爹 ****龋,PHMG120173000034047000055,3000000,"辑匡漂喊矫 辆肺备 伙老措肺 ***, ****龋 (版款悼)",03147,03,企诀,,,,
扩皋雕胶,2010-07-21,197465.223921125,452366.613899898,2026-04-26 22:32:06,I,03,企诀,2010-08-06 09:27:23,,2008-09-18,110-872,辑匡漂喊矫 辆肺备 郴荐悼 **锅瘤 版锐泵狼酒魔*窜瘤 ****龋,PHMG120083000034047000036,3000000,"辑匡漂喊矫 辆肺备 荤流肺*辨 **, ****龋 (郴荐悼,版锐泵狼酒魔*窜瘤)",,03,企诀,,,02-735-6745,
钮乔皋靛,,208481.612667873,455496.980508789,2026-04-26 22:32:23,I,15,傈免,2021-02-16 15:26:39,,2018-11-23,,辑匡漂喊矫 吝尔备 脚郴悼 ***锅瘤 *龋 措疙橇扼磊*摸***龋,PHMG120183060034047000039,3060000,"辑匡漂喊矫 吝尔备 豪拳魂肺**辨 ***, 措疙橇扼磊 *摸 ***龋 (脚郴悼)",02071,05,力寇/昏力/傈免,,,,
林侥雀荤 官叼橇罚靛 堡拳巩,2023-05-22,197700.034013631,452022.503467072,2026-04-26 22:32:25,I,03,企诀,2023-06-05 16:55:34,,2020-03-18,,辑匡漂喊矫 辆肺备 脚巩肺*啊 **锅瘤 堡拳巩 绊妨呼爹 *摸,PHMG120203000034047000023,3000000,"辑匡漂喊矫 辆肺备 货巩救肺 **, 堡拳巩 绊妨呼爹 *摸 (脚巩肺*啊)",03182,03,企诀,,,02-722-8980,
府硫,2021-09-15,200484.101246334,452584.124835913,2026-04-26 22:32:25,I,03,企诀,2021-09-15 15:28:45,,2019-08-23,,辑匡漂喊矫 辆肺备 面脚悼 *锅瘤 **龋,PHMG120193000034047000048,3000000,"辑匡漂喊矫 辆肺备 啦邦肺**辨 **, *摸 (面脚悼)",03099,03,企诀,,,,
茄康皋叼咆,2012-10-08,,,2026-04-26 22:32:14,I,03,企诀,2013-02-08 13:57:51,,2012-03-21,110-829,辑匡漂喊矫 辆肺备 件牢*悼 ****锅瘤,PHMG120123000034047000015,3000000,辑匡漂喊矫 辆肺备 辆肺**辨 ** (件牢悼),,03,企诀,,,02-543-9079,
葛官胶 狼丰扁,2012-07-12,,,2026-04-26 22:32:11,I,03,企诀,2012-07-12 14:35:15,,2011-05-11,110-813,辑匡漂喊矫 辆肺备 公厩悼 **锅瘤 ***龋,PHMG120113000034047000020,3000000,辑匡漂喊矫 辆肺备 烹老肺 ***-* (公厩悼),,03,企诀,,,02-720-6455,
(林)内府酒技红辆阿痢,2019-10-16,198564.46852157,451870.58576802,2026-04-26 22:32:20,I,03,企诀,2019-10-17 09:02:11,,2016-10-25,,辑匡漂喊矫 辆肺备 包枚悼 **锅瘤 *龋 *摸,PHMG120163000034047000073,3000000,"辑匡漂喊矫 辆肺备 伙老措肺**辨 **, *摸 (包枚悼, 胶鸥榜靛呼爹)",03189,03,企诀,,,,
瘤俊胶25 吝备啦格痢,,167611.567209761,440837.07274207,2026-04-26 22:32:09,I,13,康诀吝,2022-11-28 11:02:10,,2022-11-28,,牢玫堡开矫 吝备 啦格悼 ***-**,PHMG120223490019047000162,3490000,牢玫堡开矫 吝备 啦格肺 **-**(啦格悼),22319,01,康诀/沥惑,,,,67.43
沥前狼丰扁,2014-05-28,175359.123828779,439198.146364041,2026-04-26 22:33:39,I,03,企诀,2014-05-28 14:28:13,,2012-09-13,405-839,牢玫堡开矫 巢悼备 备岿*悼 ****锅瘤 **龋 瘤窍*摸,PHMG120123530019047000029,3530000,"牢玫堡开矫 巢悼备 龋备器肺***锅辨 **, 瘤窍*摸 (备岿悼)",,03,企诀,,,032-421-7950,221.86
HANs medical,,174136.448502526,437677.045395368,2026-04-26 22:33:45,I,15,傈免,2020-07-15 11:32:12,,2018-08-20,,牢玫堡开矫 巢悼备 备岿悼 ****锅瘤 *龋 匙捞媚橇扼磊,PHMG120183530019047000055,3530000,"牢玫堡开矫 巢悼备 急荐锰傍盔肺**锅辨 **, 匙捞媚橇扼磊 ***/**-*龋 (备岿悼)",21582,05,力寇/昏力/傈免,,,,3.5
快己狼丰扁,2021-12-31,199356.912000588,452073.984401098,2026-04-26 22:31:57,I,03,企诀,2021-12-31 14:06:18,,1992-02-24,110-390,辑匡漂喊矫 辆肺备 豪劳悼 ***锅瘤 *龋 ***龋,PHMG119923000034047000003,3000000,"辑匡漂喊矫 辆肺备 捣拳巩肺*辨 **, ***龋 (豪劳悼)",03138,03,企诀,,,02-743-8755,
俊捞摹目孤聪纳捞记,,206564.133948009,456434.454381181,2026-04-26 22:32:26,I,13,康诀吝,2021-08-27 13:23:07,,2021-08-26,,辑匡漂喊矫 吝尔备 宫悼 ***-***,PHMG120213060034047000102,3060000,"辑匡漂喊矫 吝尔备 悼老肺***扼辨 **, ***龋 (宫悼)",02007,01,康诀/沥惑,,,,
