건축물동수,건축물연면적,사업장명,탈의실면적,폐업일자,법인명,좌표X,좌표Y,문화체육업종명,데이터갱신시점,데이터갱신구분,상세영업상태코드,상세영업상태명,보험가입여부코드,최종수정시점,인허가취소일자,인허가일자,소재지면적,소재지우편번호,지도자수,휴게실면적,지번주소,회원모집총인원,관리번호,사무실면적,개방자치단체코드,공사립구분명,도로명주소,도로명우편번호,영업상태구분코드,영업상태명,휴업시작일자,휴업종료일자,소재지전화번호
,,오성헬스클럽,,2008-05-23,,205957.334963839,448148.563344309,체력단련장업,2026-04-28 22:31:36,I,03,폐업,0,2008-05-23 09:22:05,,1992-10-01,,143-862,,,서울특별시 광진구 자양동 553-428,,CDFH3301061992000001,,3040000,사립,서울특별시 광진구 뚝섬로 523  (자양동),,03,폐업,,,
0,0,골드헬스크럽,,1999-02-18,,205972.304691027,449529.700851672,체력단련장업,2026-04-28 22:31:36,I,03,폐업,,2003-05-13 11:23:25,,1993-01-26,,143-916,0,,서울특별시 광진구 화양동 21-4,,CDFH3301061993000001,,3040000,사립,서울특별시 광진구 광나루로 346  (화양동),,03,폐업,,,
,,하나헬스크럽,,2002-06-14,,208016.594414211,449907.93399114,체력단련장업,2026-04-28 22:31:36,I,03,폐업,0,2003-12-22 11:33:54,,1994-03-29,,143-817,,,서울특별시 광진구 구의동 55-10 지층,,CDFH3301061994000001,,3040000,사립,"서울특별시 광진구 자양로45길 5  (구의동,지층)",,03,폐업,,,
,,원프러스휘트니스,,2003-10-31,,207912.732166367,449925.285277051,체력단련장업,2026-04-28 22:31:36,I,03,폐업,0,2003-12-29 16:43:37,,1995-04-06,,143-817,,,서울특별시 광진구 구의동 53-6,,CDFH3301061995000003,,3040000,사립,서울특별시 광진구 천호대로 667  (구의동),,03,폐업,,,
,,극동헬스크럽,,2005-11-08,,207055.507996434,450542.187939719,체력단련장업,2026-04-28 22:31:36,I,03,폐업,0,2005-11-08 11:35:50,,1995-04-08,,143-898,,,서울특별시 광진구 중곡동 157-4,,CDFH3301061995000004,,3040000,사립,서울특별시 광진구 천호대로 561  (중곡동),,03,폐업,,,
0,0,쾌남헬스,,2001-01-27,,207771.329956322,450223.753609897,체력단련장업,2026-04-28 22:31:36,I,03,폐업,,2003-05-13 11:23:25,,1995-04-28,,143-888,0,,서울특별시 광진구 중곡동 93-46,,CDFH3301061995000005,,3040000,사립,서울특별시 광진구 용마산로 8  (중곡동),,03,폐업,,,
0,0,삼산헬스클럽,,1999-12-30,,207541.359908776,447754.585448225,체력단련장업,2026-04-28 22:31:36,I,03,폐업,,2003-05-13 11:23:25,,1995-05-09,,143-875,0,,서울특별시 광진구 자양동 681-40,,CDFH3301061995000006,,3040000,사립,서울특별시 광진구 자양로 42  (자양동),,03,폐업,,,44446313
,,다이나믹헬스,,2008-04-15,,205969.435150896,449587.738415801,체력단련장업,2026-04-28 22:31:36,I,03,폐업,0,2008-04-15 10:21:12,,1995-10-07,,143-840,,,서울특별시 광진구 군자동 355-12,,CDFH3301061995000007,,3040000,사립,서울특별시 광진구 광나루로 345  (군자동),,03,폐업,,,
,,슈헬스크럽,,2016-01-04,,208009.547522976,449968.787570106,체력단련장업,2026-04-28 22:31:36,I,03,폐업,0,2016-01-04 13:28:29,,1996-05-08,,143-817,,,서울특별시 광진구 구의동 50-16 (4층),,CDFH3301061996000004,,3040000,사립,"서울특별시 광진구 자양로45길 16  (구의동,(4층))",,03,폐업,,,
,,실로암헬스,,2004-03-25,,207487.025205602,451864.561543605,체력단련장업,2026-04-28 22:31:36,I,03,폐업,0,2004-05-10 16:44:52,,1996-09-18,,143-900,,,서울특별시 광진구 중곡동 169-80,,CDFH3301061996000007,,3040000,사립,서울특별시 광진구 용마산로 171  (중곡동),,03,폐업,,,
0,0,코리아헬스,,1998-08-07,,206470.792808865,450732.217284049,체력단련장업,2026-04-28 22:31:36,I,03,폐업,,2003-05-13 11:23:25,,1996-11-18,,143-838,0,,서울특별시 광진구 군자동 463-8,,CDFH3301061996000008,,3040000,사립,서울특별시 광진구 천호대로102길 4  (군자동),,03,폐업,,,
0,0,상만헬스크럽,,1998-04-23,,,,체력단련장업,2026-04-28 22:31:36,I,03,폐업,,2003-05-13 11:23:25,,1997-04-01,,143-903,0,,서울특별시 광진구 중곡동 240-30,,CDFH3301061997000001,,3040000,사립,,,03,폐업,,,
,963,건국헬스센타,,2007-11-02,,206228.837446343,448866.49526502,체력단련장업,2026-04-28 22:31:36,I,03,폐업,0,2007-11-02 15:57:42,,1997-04-29,,143-914,1,,서울특별시 광진구 화양동 5-5,,CDFH3301061997000002,195,3040000,사립,서울특별시 광진구 능동로 123  (화양동),,03,폐업,,,02-468-5709
,,한국균형헬스,,2002-10-10,,207989.968020055,449856.514269142,체력단련장업,2026-04-28 22:31:36,I,03,폐업,0,2003-12-22 11:19:40,,1997-05-28,,143-817,,,서울특별시 광진구 구의동 54-12,,CDFH3301061997000003,,3040000,사립,서울특별시 광진구 자양로43길 5  (구의동),,03,폐업,,,
,,파워헬스,,2002-08-31,,205997.23851977,449576.658143009,체력단련장업,2026-04-28 22:31:36,I,03,폐업,0,2003-08-28 16:41:45,,1997-08-27,,143-840,,,서울특별시 광진구 군자동 355-14,,CDFH3301061997000006,,3040000,사립,서울특별시 광진구 광나루로 347  (군자동),,03,폐업,,,
0,0,뷰티여성헬스,,1998-11-02,,205925.008275716,448796.776687964,체력단련장업,2026-04-28 22:31:36,I,03,폐업,,2003-05-13 11:23:25,,1997-09-10,,143-917,0,,서울특별시 광진구 화양동 48-31,,CDFH3301061997000008,,3040000,사립,서울특별시 광진구 동일로22길 68  (화양동),,03,폐업,,,
0,0,자양헬스타운,,2019-07-08,,207065.317598467,448097.298373105,체력단련장업,2026-04-28 22:31:36,I,03,폐업,,2019-07-08 17:03:32,,1997-09-23,,,,,서울특별시 광진구 자양동 621-24,,CDFH3301061997000009,,3040000,사립,"서울특별시 광진구 자양로15길 51-1 (자양동, 진덕빌딩)",05057,03,폐업,,,34364143
,,파워헬스,,2007-11-02,,205800.186223739,448390.088509972,체력단련장업,2026-04-28 22:31:36,I,03,폐업,0,2007-11-02 16:03:58,,1997-11-14,,143-842,,,서울특별시 광진구 자양동 851-19,,CDFH3301061997000011,,3040000,사립,서울특별시 광진구 능동로7길 50  (자양동),,03,폐업,,,
0,0,로얄헬스클럽,,1999-02-02,,207287.404566364,451951.606434503,체력단련장업,2026-04-28 22:31:36,I,03,폐업,,2003-05-13 11:23:25,,1997-12-03,,143-902,0,,서울특별시 광진구 중곡동 199-3,,CDFH3301061997000012,,3040000,사립,서울특별시 광진구 면목로 188  (중곡동),,03,폐업,,,
,,프라임산업(주) 프라임 스포테크,,2015-02-05,,208394.416382167,448165.279999905,체력단련장업,2026-04-28 22:31:36,I,03,폐업,Y,2015-02-05 13:40:24,,1998-04-07,815.7,143-721,2,,서울특별시 광진구 구의동 546-4 12층,,CDFH3301061998000001,,3040000,사립,"서울특별시 광진구 광나루로56길 85, 12층 (구의동)",,03,폐업,,,34247777
0,0,선헬스클럽,,1998-11-30,,207306.133176476,448790.51931761,체력단련장업,2026-04-28 22:31:36,I,03,폐업,,2003-05-13 11:23:25,,1998-06-25,,143-827,0,,서울특별시 광진구 구의동 254-108,,CDFH3301061998000002,,3040000,사립,서울특별시 광진구 자양로 151  (구의동),,03,폐업,,,
0,0,한강스포츠,,1999-02-24,,207359.077156309,448305.441351828,체력단련장업,2026-04-28 22:31:36,I,03,폐업,,2003-05-13 11:23:25,,1998-06-25,,143-825,0,,서울특별시 광진구 구의동 246-15,,CDFH3301061998000003,,3040000,사립,서울특별시 광진구 아차산로 373  (구의동),,03,폐업,,,
,,파워헬스,,2007-02-26,,206893.84345075,447758.903010754,체력단련장업,2026-04-28 22:31:36,I,03,폐업,0,2007-02-26 17:39:51,,1999-12-30,,143-865,,,서울특별시 광진구 자양동 606-14,,CDFH3301061999000008,,3040000,사립,서울특별시 광진구 뚝섬로 622-1  (자양동),,03,폐업,,,
,,중앙휘트니스월드헬스클럽,,2007-03-13,,207301.259695857,447508.288634687,체력단련장업,2026-04-28 22:31:36,I,03,폐업,0,2007-03-13 13:54:14,,2000-02-06,,143-873,,,서울특별시 광진구 자양동 665-10,,CDFH3301062000000001,,3040000,사립,서울특별시 광진구 자양로3길 58  (자양동),,03,폐업,,,
,,월드헬스,,2007-11-07,,207787.040184372,448454.372697601,체력단련장업,2026-04-28 22:31:36,I,03,폐업,0,2007-11-07 16:08:35,,2000-10-23,,143-825,,,서울특별시 광진구 구의동 243-12,,CDFH3301062000000006,,3040000,사립,서울특별시 광진구 구의로 3  (구의동),,03,폐업,,,22018700
,,용인체대체력단련장,,2003-08-11,,207565.19420978,449283.091971668,체력단련장업,2026-04-28 22:31:36,I,03,폐업,0,2003-12-26 13:59:36,,2001-03-06,,143-819,,,서울특별시 광진구 구의동 68-29 (지층),,CDFH3301062001000001,,3040000,사립,"서울특별시 광진구 자양로 210  (구의동,(지층))",,03,폐업,,,
,,골드 ·짐 헬스장,,2004-10-12,,207307.270591653,448107.552520605,체력단련장업,2026-04-28 22:31:36,I,03,폐업,0,2004-10-12 15:59:49,,2001-05-16,,143-867,,,서울특별시 광진구 자양동 627-3 (3층),,CDFH3301062001000004,,3040000,사립,"서울특별시 광진구 자양로 85  (자양동,(3층))",,03,폐업,,,
,,런헬스크럽,,2003-12-26,,207909.754570922,450552.240019738,체력단련장업,2026-04-28 22:31:36,I,03,폐업,0,2003-12-26 13:57:22,,2001-05-30,,143-888,,,서울특별시 광진구 중곡동 83-16,,CDFH3301062001000005,,3040000,사립,서울특별시 광진구 영화사로 27  (중곡동),,03,폐업,,,
,3581,굿모닝휘트니스,,2021-01-12,,208558.933963663,448800.055402101,체력단련장업,2026-04-28 22:31:36,I,03,폐업,,2021-01-13 09:45:04,,2002-03-08,581.72,,,,서울특별시 광진구 광장동 470-10 지하1층,,CDFH3301062002000001,,3040000,사립,"서울특별시 광진구 아차산로 506, 지하1층 (광장동, 원준빌딩)",04974,03,폐업,,,02-456-1415
,,삼성쉐르빌헬스클럽,,2007-03-26,,208310.372259506,448631.437594782,체력단련장업,2026-04-28 22:31:36,I,03,폐업,0,2007-03-26 13:17:51,,2002-09-06,,143-723,,,"서울특별시 광진구 구의동 199-18 삼성쉐르빌B/D지층(116,117,118호) 199동 18호",,CDFH3301062002000002,,3040000,사립,"서울특별시 광진구 구의강변로 106, 199동 18호 (구의동,삼성쉐르빌B/D지층(116,117,118호))",,03,폐업,,,
0,0,라인헬스,,2010-02-22,,208186.555819845,448586.466456062,체력단련장업,2026-04-28 22:31:36,I,03,폐업,,2010-02-22 15:40:39,,2002-10-17,,143-822,0,,서울특별시 광진구 구의동 213-14 (5층),,CDFH3301062002000004,,3040000,사립,"서울특별시 광진구 아차산로 462  (구의동,(5층))",,03,폐업,,,
,,광진휘트니스,,2024-06-28,,205663.081069121,448250.363358949,체력단련장업,2026-04-28 22:31:36,I,03,폐업,,2024-06-28 15:45:34,,2003-12-23,,,,,서울특별시 광진구 자양동 44-2 2층,,CDFH3301062003000006,,3040000,사립,"서울특별시 광진구 뚝섬로 489, 2층 (자양동, 노룬산시장)",05080,03,폐업,,,
,,대원헬스,,2024-05-13,,207176.529121066,451719.329086886,체력단련장업,2026-04-28 22:31:36,I,03,폐업,,2024-05-13 13:09:47,,2003-04-17,289.59,,,,서울특별시 광진구 중곡동 173-2,,CDFH3301062003000007,,3040000,사립,"서울특별시 광진구 면목로 161 (중곡동, 중곡빌딩)",04906,03,폐업,,,
,,비버리헬스,,2009-01-20,,207214.041939518,451067.861214609,체력단련장업,2026-04-28 22:31:36,I,03,폐업,0,2004-08-02 13:53:05,,2004-01-14,,143-885,2,,서울특별시 광진구 중곡동 41-33 2층,,CDFH3301062004000001,,3040000,사립,"서울특별시 광진구 능동로 366  (중곡동,2층)",,03,폐업,,,
,171,강남헬스,,2010-03-10,,206554.660007199,447700.642403113,체력단련장업,2026-04-28 22:31:36,I,03,폐업,0,2010-03-10 18:13:08,,2004-02-10,,143-864,1,,서울특별시 광진구 자양동 584-3 6층,,CDFH3301062004000002,,3040000,사립,"서울특별시 광진구 자양번영로 21  (자양동,6층)",,03,폐업,,,
,876,준 휘트니스,,2013-07-09,,207241.435285384,450449.566266458,체력단련장업,2026-04-28 22:31:36,I,03,폐업,0,2013-07-10 08:26:19,,2004-04-14,,143-891,,,서울특별시 광진구 중곡동 140-19 3층,,CDFH3301062004000004,,3040000,사립,"서울특별시 광진구 천호대로 581  (중곡동,3층)",,03,폐업,,,
,1452,훼미리헬스클럽,,2006-07-12,,208214.895653032,448960.106855126,체력단련장업,2026-04-28 22:31:36,I,03,폐업,0,2006-07-12 15:12:37,,2004-06-21,,143-821,1,,서울특별시 광진구 구의동 202-27 6층,,CDFH3301062004000007,,3040000,사립,"서울특별시 광진구 광나루로 586  (구의동,6층)",,03,폐업,,,02-458-4181
1,2063,상일운동치료센터,,2018-10-30,,207541.359908776,447754.585448225,체력단련장업,2026-04-28 22:31:36,I,03,폐업,,2018-10-30 17:20:45,,2004-12-10,,,,,서울특별시 광진구 자양동 681-40 지하1층,,CDFH3301062004000009,,3040000,사립,"서울특별시 광진구 자양로 42 (자양동, 동남빌딩)",05112,03,폐업,,,
,,해피데이,,2019-04-02,,207574.350933065,447709.275315842,체력단련장업,2026-04-28 22:31:36,I,03,폐업,,2019-04-02 17:41:25,,2005-04-20,,,,,서울특별시 광진구 자양동 685 4층,,CDFH3301062005000001,,3040000,사립,"서울특별시 광진구 자양로 38 (자양동, 해피데이사우나)",05112,03,폐업,,,02-452-5656
,,스파헬스,,2016-10-26,,207332.900096276,447665.572094253,체력단련장업,2026-04-28 22:31:36,I,03,폐업,,2016-10-26 16:04:07,,2007-01-22,121.8,143-873,,,서울특별시 광진구 자양동 662-5,,CDFH3301062007000001,,3040000,사립,서울특별시 광진구 자양로5길 36 (자양동),,03,폐업,,,02-452-8012
,,파워헬스,,2012-02-16,,205800.186223739,448390.088509972,체력단련장업,2026-04-28 22:31:36,I,03,폐업,0,2012-02-16 17:19:27,,2007-11-12,,143-842,,,서울특별시 광진구 자양동 851-19,,CDFH3301062007000006,,3040000,사립,서울특별시 광진구 능동로7길 50  (자양동),,03,폐업,,,
,,라온피플(울림에셋주식회사),,2013-11-07,,206031.196548172,448731.099217371,체력단련장업,2026-04-28 22:31:36,I,03,폐업,0,2013-11-07 15:55:57,,2008-02-20,,143-914,,,서울특별시 광진구 화양동 7-3 한림타워 지하1층,,CDFH3301062008000002,,3040000,사립,,,03,폐업,,,02-2115-6488
,,커브스 자양클럽,,2018-07-30,,206278.8816321,447982.862179678,체력단련장업,2026-04-28 22:31:36,I,03,폐업,,2018-07-30 10:03:53,,2009-10-22,109.09,,1,,서울특별시 광진구 자양동 553-502 대양빌딩 405호,,CDFH3301062009000006,,3040000,사립,"서울특별시 광진구 뚝섬로 558, 405호 (자양동, 대양빌딩)",05091,03,폐업,,,
,,라이프휘트니스,0,2014-07-11,,206523.420380767,448235.983400054,체력단련장업,2026-04-28 22:31:36,I,03,폐업,,2014-07-11 13:24:18,,2010-05-12,77.35,143-880,1,0,서울특별시 광진구 자양동 783-1 자양7차우성(아) 상가동 201호,,CDFH3301062010000002,0,3040000,사립,,,03,폐업,,,02-3436-5606
,,스포사(sposa),0,2018-08-17,,209345.941766315,449811.718207794,체력단련장업,2026-04-28 22:31:37,I,03,폐업,,2018-08-17 09:33:50,,2011-12-21,251,143-802,1,0,"서울특별시 광진구 광장동 145-8 한수상가  제2층 1호,제2층 35호",,CDFH3301062011000003,0,3040000,사립,서울특별시 광진구 아차산로 635 (광장동),04964,03,폐업,,,
,,핏앤다이어트 30분순환운동,0,2024-10-25,,207168.176995825,448137.885841357,체력단련장업,2026-04-28 22:31:37,I,03,폐업,,2024-10-25 17:57:51,,2015-01-12,90,143-866,,0,서울특별시 광진구 자양동 625-27,,CDFH3301062015000001,0,3040000,사립,서울특별시 광진구 자양로15길 31 (자양동),05057,03,폐업,,,
,,몸가짐 퍼스널트레이닝,0,2025-01-10,,206432.203835892,449440.652424753,체력단련장업,2026-04-28 22:31:37,I,03,폐업,,2025-01-10 17:26:51,,2015-02-09,118.86,143-915,,0,서울특별시 광진구 화양동 225,,CDFH3301062015000002,0,3040000,사립,"서울특별시 광진구 광나루로 396, 3층 (화양동)",05009,03,폐업,,,02-499-8600
,,A2 GYM,0,2020-02-20,,206641.557042355,447859.976973617,체력단련장업,2026-04-28 22:31:37,I,03,폐업,,2020-02-20 18:22:04,,2015-12-10,72.6,,,0,서울특별시 광진구 자양동 608-19,,CDFH3301062015000009,0,3040000,사립,"서울특별시 광진구 뚝섬로 596, 3층 (자양동)",05098,03,폐업,,,
,43117,쓰리비휘트니스,0,2019-12-06,,208201.993320839,447967.299542306,체력단련장업,2026-04-28 22:31:37,I,03,폐업,,2019-12-10 09:55:58,,2017-11-20,342.71,,2,0,서울특별시 광진구 구의동 546-1 동서울터미널빌딩 504호,,CDFH3301062017000006,0,3040000,사립,"서울특별시 광진구 강변역로 50, 504호 (구의동)",05116,03,폐업,,,
,4105,커브스 자양클럽,0,2025-12-10,,206278.8816321,447982.862179678,체력단련장업,2026-04-28 22:31:37,I,03,폐업,,2025-12-10 13:31:51,,2018-07-31,759.76,,1,0,서울특별시 광진구 자양동 553-502 대양빌딩 405호,,CDFH3301062018000006,0,3040000,사립,"서울특별시 광진구 뚝섬로 558, 대양빌딩 405호 (자양동)",05091,03,폐업,,,02-454-3033
,,바디사이언스,0,2020-07-01,,208181.517388785,448984.848324887,체력단련장업,2026-04-28 22:31:37,I,03,폐업,,2020-07-02 09:02:20,,2019-03-27,181.82,,1,0,서울특별시 광진구 구의동 202-3 세종빌딩,,CDFH3301062019000004,0,3040000,사립,"서울특별시 광진구 광나루로 582, 세종빌딩 지하1층 (구의동)",05033,03,폐업,,,
,,에이투짐(A2GYM),0,2019-05-21,,205957.334963839,448148.563344309,체력단련장업,2026-04-28 22:31:37,I,03,폐업,,2019-05-21 17:23:56,,2019-04-12,143.63,,1,0,서울특별시 광진구 자양동 553-428 보은빌딩,,CDFH3301062019000005,0,3040000,사립,"서울특별시 광진구 뚝섬로 523, 보은빌딩 지하1층 (자양동)",05074,03,폐업,,,
,,A2GYM(에이투짐),0,2023-03-06,,205957.334963839,448148.563344309,체력단련장업,2026-04-28 22:31:37,I,03,폐업,,2023-03-06 13:07:01,,2019-05-27,143.43,,,0,서울특별시 광진구 자양동 553-428 보은빌딩,,CDFH3301062019000007,0,3040000,사립,"서울특별시 광진구 뚝섬로 523, 보은빌딩 지하 1층 (자양동)",05074,03,폐업,,,
,,스튜디오 클라라,0,2024-11-05,,205877.28221374,447919.248318372,체력단련장업,2026-04-28 22:31:37,I,03,폐업,,2024-11-06 14:15:04,,2019-11-26,149,,1,0,서울특별시 광진구 자양동 65-1 2층,,CDFH3301062019000012,0,3040000,사립,"서울특별시 광진구 능동로 21, 2층 (자양동)",05085,03,폐업,,,02-498-1010
,,어반더핏,0,2025-12-02,,207990.12242813,448031.19783341,체력단련장업,2026-04-28 22:31:37,I,03,폐업,,2025-12-02 10:55:35,,2021-12-08,180,,,0,서울특별시 광진구 구의동 593-19 2층,,CDFH3301062021000012,0,3040000,사립,"서울특별시 광진구 뚝섬로 741, 2층 (구의동)",05049,03,폐업,,,
,,클레어 웰니스 스튜디오 건대점,0,2023-12-29,,206584.373766593,448455.143869758,체력단련장업,2026-04-28 22:31:37,I,03,폐업,,2023-12-29 17:11:58,,2022-03-18,,,1,0,서울특별시 광진구 자양동 227-20 모아빌딩,,CDFH3301062022000006,0,3040000,사립,"서울특별시 광진구 아차산로 292, 모아빌딩 2층 (자양동)",05066,03,폐업,,,
,,에이투짐(A2GYM),0,2023-10-20,,205957.334963839,448148.563344309,체력단련장업,2026-04-28 22:31:37,I,03,폐업,,2023-10-20 10:06:40,,2023-03-15,,,,0,서울특별시 광진구 자양동 553-428 보은빌딩,,CDFH3301062023000005,0,3040000,사립,"서울특별시 광진구 뚝섬로 523, 보은빌딩 지층 (자양동)",05074,03,폐업,,,
0,0,대영헬스,,2012-02-28,,202966.7837047,460551.406386109,체력단련장업,2026-04-28 22:31:35,I,03,폐업,,2023-10-31 16:28:34,,1991-11-26,,132-924,,,서울특별시 도봉구 창동 655-20 4층,,CDFH3301061991000002,,3090000,사립,"서울특별시 도봉구 도봉로 468 (창동,4층)",,03,폐업,,,
,,오병헬스크럽,,2004-12-10,,203322.667868943,461614.137377211,체력단련장업,2026-04-28 22:31:35,I,03,폐업,0,2006-10-30 15:07:07,,1991-12-07,,132-893,,,서울특별시 도봉구 쌍문동 638,,CDFH3301061991000003,,3090000,사립,서울특별시 도봉구 해등로 161  (쌍문동),,03,폐업,,,
0,0,도원헬스클럽,,2013-05-15,,203383.359766028,459756.215388608,체력단련장업,2026-04-28 22:31:35,I,03,폐업,,2015-07-22 17:57:15,,1992-10-23,,132-918,,,서울특별시 도봉구 창동 581-71,,CDFH3301061992000001,,3090000,사립,서울특별시 도봉구 덕릉로 251 (창동),,03,폐업,,,
0,0,스타보디빌딩,,2009-11-20,,203254.18169642,462030.276017816,체력단련장업,2026-04-28 22:31:35,I,03,폐업,,2023-10-06 14:45:07,,1993-10-07,,132-858,,,서울특별시 도봉구 쌍문동 8-10,,CDFH3301061993000002,,3090000,사립,서울특별시 도봉구 도봉로139길 74 (쌍문동),,03,폐업,,,
,,한양헬스크럽,,2008-06-27,,202834.277755281,462194.074212594,체력단련장업,2026-04-28 22:31:35,I,03,폐업,0,2008-06-27 15:44:02,,1993-10-13,,132-932,,,서울특별시 도봉구 방학동 669-3 4,,CDFH3301061993000003,,3090000,사립,"서울특별시 도봉구 방학로 173  (방학동,4)",,03,폐업,,,
0,0,제일헬스크럽,,2005-08-31,,204462.811445887,461156.29642481,체력단련장업,2026-04-28 22:31:35,I,03,폐업,,2023-10-06 14:58:44,,1994-07-21,,132-899,,,서울특별시 도봉구 창동 16,,CDFH3301061994000001,,3090000,사립,서울특별시 도봉구 노해로 389 (창동),,03,폐업,,,
0,0,화랑남성육체미,,2021-03-23,,204004.945534634,461048.885008795,체력단련장업,2026-04-28 22:31:35,I,03,폐업,,2021-03-25 09:08:28,,1994-07-22,,132-908,0,,서울특별시 도봉구 창동 333-2,,CDFH3301061994000002,,3090000,사립,서울특별시 도봉구 노해로65길 11  (창동),,03,폐업,,,
,,스타헬스,,2001-05-23,,203086.122798129,462551.251671745,체력단련장업,2026-04-28 22:31:35,I,03,폐업,0,2006-10-30 15:08:23,,1994-10-04,,132-848,,,서울특별시 도봉구 방학동 661-39,,CDFH3301061994000003,,3090000,사립,서울특별시 도봉구 도당로13길 8  (방학동),,03,폐업,,,
0,0,아카데미헬스크럽,,2013-08-16,,203505.822005493,461349.92942954,체력단련장업,2026-04-28 22:31:35,I,03,폐업,,2023-10-06 14:50:41,,1995-04-13,,132-926,,,"서울특별시 도봉구 창동 715-26 상가3층1,2 호동",,CDFH3301061995000001,,3090000,사립,"서울특별시 도봉구 해등로 123, 호동 (창동,상가3층1,2)",,03,폐업,,,
,,장수헬스,,2001-09-24,,203017.62559825,462189.082846917,체력단련장업,2026-04-28 22:31:35,I,03,폐업,0,2006-10-30 15:11:32,,1995-04-24,,132-849,,,서울특별시 도봉구 방학동 671-18,,CDFH3301061995000002,,3090000,사립,서울특별시 도봉구 도당로 46  (방학동),,03,폐업,,,
,,정우남녀헬스클럽,,2008-04-30,,,,체력단련장업,2026-04-28 22:31:35,I,03,폐업,0,2008-04-30 10:15:43,,1995-09-06,,132-854,,,서울특별시 도봉구 방학동 728-5,,CDFH3301061995000003,,3090000,사립,,,03,폐업,,,
0,0,월드남녀헬스타운,,2013-09-13,,203249.014532139,459562.387889858,체력단련장업,2026-04-28 22:31:35,I,03,폐업,,2023-10-06 14:51:57,,1995-11-16,,132-959,,,서울특별시 도봉구 창동 578-158 (4층),,CDFH3301061995000004,,3090000,사립,"서울특별시 도봉구 덕릉로 227 (창동,(4층))",,03,폐업,,,
,,영진남녀체육관,,2007-03-22,,203695.536966137,462696.159291875,체력단련장업,2026-04-28 22:31:35,I,03,폐업,0,2007-04-24 17:52:35,,1996-01-24,,132-853,,,서울특별시 도봉구 방학동 704-49 3층,,CDFH3301061996000002,,3090000,사립,"서울특별시 도봉구 도봉로 697  (방학동,3층)",,03,폐업,,,
0,0,유니버셜휘트니스크럽,,2012-02-28,,203343.625934341,461518.674931852,체력단련장업,2026-04-28 22:31:35,I,03,폐업,,2023-10-06 14:56:07,,1996-03-20,,132-893,,,서울특별시 도봉구 쌍문동 656 4층,,CDFH3301061996000003,,3090000,사립,"서울특별시 도봉구 도봉로 571 (쌍문동,4층)",,03,폐업,,,
,,글로리아 휘트니스,,2013-09-10,,203220.921406024,459746.924430501,체력단련장업,2026-04-28 22:31:35,I,03,폐업,,2023-10-06 14:56:41,,1996-05-14,94.95,132-918,,,서울특별시 도봉구 창동 581-28 303호,,CDFH3301061996000005,,3090000,사립,"서울특별시 도봉구 덕릉로57길 30 (창동,303호)",,03,폐업,,,
0,0,B&B헬스타운,,2013-01-14,,202931.020021775,460658.535386173,체력단련장업,2026-04-28 22:31:35,I,03,폐업,,2013-01-14 12:10:57,,1997-04-02,,132-866,0,,서울특별시 도봉구 쌍문동 88-145 3층,,CDFH3301061997000001,,3090000,사립,"서울특별시 도봉구 도봉로 475  (쌍문동,3층)",,03,폐업,,,
,,우정헬스,,2006-10-11,,204016.700704991,463407.624570388,체력단련장업,2026-04-28 22:31:35,I,03,폐업,0,2006-10-30 13:56:22,,1997-04-24,,132-821,,,서울특별시 도봉구 도봉동 624-85 3층,,CDFH3301061997000002,,3090000,사립,"서울특별시 도봉구 마들로 703  (도봉동,3층)",,03,폐업,,,
,,파워라인헬스,,2006-10-11,,203740.571705436,463009.86255605,체력단련장업,2026-04-28 22:31:35,I,03,폐업,0,2006-11-23 10:10:39,,1997-05-29,,132-846,,,서울특별시 도봉구 방학동 653-1,,CDFH3301061997000003,,3090000,사립,서울특별시 도봉구 도봉로 727-1  (방학동),,03,폐업,,,
0,,미스.미스터헬스,,2018-07-23,,203178.306638511,461715.702573753,체력단련장업,2026-04-28 22:31:35,I,03,폐업,,2019-12-11 15:59:06,,1997-07-21,172.1,132-031,,,서울특별시 도봉구 쌍문동 45-6 쌍문프라자 403호,,CDFH3301061997000004,,3090000,사립,서울특별시 도봉구 해등로 180 (쌍문동),,03,폐업,,,
,,스마일헬스,,2004-06-09,,204292.478413536,463953.594076242,체력단련장업,2026-04-28 22:31:35,I,03,폐업,0,2006-11-22 13:22:35,,1998-05-22,,132-822,,,서울특별시 도봉구 도봉동 629-30,,CDFH3301061998000001,,3090000,사립,서울특별시 도봉구 마들로 764  (도봉동),,03,폐업,,,
0,0,명성핼스,,2018-08-08,,203057.119559323,461813.462548805,체력단련장업,2026-04-28 22:31:35,I,03,폐업,,2018-08-08 10:04:18,,1999-07-05,,132-858,0,,서울특별시 도봉구 쌍문동 20-4 외2필지,,CDFH3301061999000001,,3090000,사립,"서울특별시 도봉구 도당로 6  (쌍문동,외2필지)",,03,폐업,,,
,,굿모닝헬스,,2007-07-06,,202422.313606872,461665.385672458,체력단련장업,2026-04-28 22:31:35,I,03,폐업,0,2007-07-10 11:00:50,,1999-10-18,,132-873,,,"서울특별시 도봉구 쌍문동 256-0 신원상가 220, 221호",,CDFH3301061999000003,,3090000,사립,"서울특별시 도봉구 해등로 255  (쌍문동,신원상가 220, 221호)",,03,폐업,,,
0,0,포코-벤 헬스,,2012-02-28,,203043.71061018,460737.456544857,체력단련장업,2026-04-28 22:31:35,I,03,폐업,,2023-10-06 15:04:19,,1999-12-04,,132-924,,,서울특별시 도봉구 창동 659-3 대명빌딩 6층,,CDFH3301061999000004,,3090000,사립,"서울특별시 도봉구 도봉로 488 (창동,대명빌딩 6층)",,03,폐업,,,
,,도봉제일헬스랜드,,2003-12-31,,203936.433122911,464448.684446374,체력단련장업,2026-04-28 22:31:35,I,03,폐업,0,2006-10-30 15:16:17,,2000-05-30,,132-814,,,서울특별시 도봉구 도봉동 563-0 지하1층,,CDFH3301062000000001,,3090000,사립,"서울특별시 도봉구 도봉로 873  (도봉동,지하1층)",,03,폐업,,,
,,뉴스타헬스,,2019-06-13,,202625.589439164,460395.256601978,체력단련장업,2026-04-28 22:31:35,I,03,폐업,0,2019-06-13 16:54:51,,2001-06-05,,132-884,,,서울특별시 도봉구 쌍문동 388-33 한양(아)상가 3층,,CDFH3301062001000001,,3090000,사립,,,03,폐업,,,
0,0,헬스아카데미,,2020-04-20,,202801.249503695,462239.217329029,체력단련장업,2026-04-28 22:31:35,I,03,폐업,,2020-04-20 20:44:35,,2001-07-13,,132-848,0,,서울특별시 도봉구 방학동 668-5 3층,,CDFH3301062001000002,,3090000,사립,"서울특별시 도봉구 방학로 176  (방학동,3층)",,03,폐업,,,
0,0,Noni-Fitness club,,2012-12-12,,204365.037901995,461125.753926996,체력단련장업,2026-04-28 22:31:35,I,03,폐업,,2012-12-12 14:21:00,,2001-08-14,,132-898,,,서울특별시 도봉구 창동 9-1,,CDFH3301062001000003,,3090000,사립,서울특별시 도봉구 노해로 379  (창동),,03,폐업,,,
,,영헬스,,2006-03-31,,203433.432148276,462460.466125241,체력단련장업,2026-04-28 22:31:35,I,03,폐업,0,2008-11-18 11:20:34,,2002-11-22,,132-850,1,,서울특별시 도봉구 방학동 687-46,,CDFH3301062002000002,165,3090000,사립,서울특별시 도봉구 도봉로145길 51  (방학동),,03,폐업,,,
1,,헬스장,36,2003-04-08,,203771.476503128,462748.912540831,체력단련장업,2026-04-28 22:31:35,I,03,폐업,0,2003-04-11 14:44:41,,2003-02-28,,132-854,1,,서울특별시 도봉구 방학동 705-20 2층,,CDFH3301062003000001,119,3090000,사립,"서울특별시 도봉구 도봉로 704  (방학동,2층)",,03,폐업,,,
,973,헬스클럽,,2004-10-27,,203771.476503128,462748.912540831,체력단련장업,2026-04-28 22:31:35,I,03,폐업,0,2006-10-30 15:28:39,,2003-04-26,,132-854,1,,서울특별시 도봉구 방학동 705-20 2층,,CDFH3301062003000005,,3090000,사립,"서울특별시 도봉구 도봉로 704  (방학동,2층)",,03,폐업,,,033-494-5015
,,서원헬스(육체미),,2020-02-13,,203964.829171358,464625.423162623,체력단련장업,2026-04-28 22:31:35,I,03,폐업,0,2020-02-14 08:34:43,,2003-02-19,,132-813,,,서울특별시 도봉구 도봉동 561-11,,CDFH3301062003000007,15,3090000,사립,서울특별시 도봉구 도봉로 891  (도봉동),,03,폐업,,,
,,휘트니스W 창동점,,2018-02-23,,203207.625254256,460455.837628654,체력단련장업,2026-04-28 22:31:35,I,03,폐업,,2018-02-23 16:35:06,,2004-05-04,340.4,,,,서울특별시 도봉구 창동 651-36 청마빌딩,,CDFH3301062004000001,,3090000,사립,"서울특별시 도봉구 도봉로110길 65, 청마빌딩 (창동)",01455,03,폐업,,,
,2054,창동스포츠클럽,,2006-10-30,,203794.927270997,460699.794608499,체력단련장업,2026-04-28 22:31:35,I,03,폐업,0,2006-10-30 13:42:06,,2004-08-13,,132-910,1,,서울특별시 도봉구 창동 347-4 주공3단지 상가내 지하1,,CDFH3301062004000002,,3090000,사립,"서울특별시 도봉구 해등로 48  (창동,주공3단지 상가내 지하1)",,03,폐업,,,
,753,썬헬스,,2007-07-18,,203254.18169642,462030.276017816,체력단련장업,2026-04-28 22:31:35,I,03,폐업,0,2007-07-23 18:01:19,,2004-08-25,,132-858,1,,서울특별시 도봉구 쌍문동 8-10 광명빌딩 2층,,CDFH3301062004000004,,3090000,사립,"서울특별시 도봉구 도봉로139길 74  (쌍문동,광명빌딩 2층)",,03,폐업,,,
,,비타민플러스휘트니스,,2024-10-25,,203298.921675219,462685.000111723,체력단련장업,2026-04-28 22:31:35,I,03,폐업,,2024-10-29 09:27:45,,2006-06-19,103.22,,,,서울특별시 도봉구 방학동 660-50 덕산빌딩,,CDFH3301062006000002,,3090000,사립,"서울특별시 도봉구 도당로 105, 덕산빌딩 3층 (방학동)",01354,03,폐업,,,
,,커브스 창동 클럽,0,2013-08-16,,203589.20561861,461471.47227102,체력단련장업,2026-04-28 22:31:35,I,03,폐업,,2023-10-06 15:02:10,,2009-07-06,,132-907,,0,서울특별시 도봉구 창동 296-1 타임프라자 B 205호,,CDFH3301062009000001,0,3090000,사립,"서울특별시 도봉구 해등로16길 26, 205호 (창동,타임프라자 B)",,03,폐업,,,
,,J&H휘트니스,0,2015-03-26,,203250.402085598,461352.337153617,체력단련장업,2026-04-28 22:31:35,I,03,폐업,,2015-03-26 14:10:19,,2010-04-15,,132-032,1,0,서울특별시 도봉구 쌍문동 694 5층,250,CDFH3301062010000001,0,3090000,사립,"서울특별시 도봉구 도봉로 551  (쌍문동,5층)",,03,폐업,,,
,,스포119 방학역점,0,2025-01-31,,203922.041712071,462985.339920532,체력단련장업,2026-04-28 22:31:35,I,03,폐업,,2025-02-03 09:06:56,,2012-01-06,585.65,132-854,2,0,서울특별시 도봉구 방학동 719-3 렉시온프라자 5층,,CDFH3301062012000001,0,3090000,사립,"서울특별시 도봉구 도봉로152길 26, 5층 (방학동, 렉시온프라자)",01332,03,폐업,,,
,,방학헬스,0,2020-08-07,,202998.187971226,462850.681107743,체력단련장업,2026-04-28 22:31:35,I,03,폐업,,2020-08-07 13:40:28,,2014-04-02,144,132-840,,0,서울특별시 도봉구 방학동 621,,CDFH3301062014000002,0,3090000,사립,"서울특별시 도봉구 시루봉로 222, 4층 (방학동)",01347,03,폐업,,,
,,"TOP GYM(무에타이,주짓수)",0,2024-07-09,,203257.093178837,459584.582698404,체력단련장업,2026-04-28 22:31:35,I,03,폐업,,2024-07-10 13:58:55,,2015-06-30,164.3,132-959,1,0,서울특별시 도봉구 창동 578-126,,CDFH3301062015000002,0,3090000,사립,서울특별시 도봉구 덕릉로 229 (창동),01471,03,폐업,,,
,,대우스포츠센터,0,2016-11-07,,203242.968498731,460001.081136921,체력단련장업,2026-04-28 22:31:35,I,03,폐업,,2016-11-08 08:55:27,,2015-09-08,1452.38,,1,0,,,CDFH3301062015000004,0,3090000,사립,"서울특별시 도봉구 덕릉로63가길 61 (창동, 창동대우아파트)",01465,03,폐업,,,
,1157,크로스핏YG현무,0,2018-05-14,,203535.830883056,461558.996025522,체력단련장업,2026-04-28 22:31:35,I,03,폐업,,2018-05-14 14:04:09,,2016-04-21,214.5,,1,0,서울특별시 도봉구 창동 731-34,,CDFH3301062016000003,0,3090000,사립,"서울특별시 도봉구 해등로16길 7, 지층층 (창동)",01401,03,폐업,,,02-990-7118
,,도봉스카이돔 헬스장,0,2021-10-20,,204041.829960482,464487.617817484,체력단련장업,2026-04-28 22:31:35,I,03,폐업,,2022-11-29 09:20:46,,2016-06-28,131.62,,1,0,서울특별시 도봉구 도봉동 62-4,,CDFH3301062016000005,0,3090000,사립,"서울특별시 도봉구 도봉로180길 6, 2층 (도봉동)",01320,03,폐업,,,
,,핏걸(Fit girl),0,2018-10-18,,203322.672037161,461775.502351376,체력단련장업,2026-04-28 22:31:35,I,03,폐업,,2018-10-29 14:23:27,,2016-10-31,,,1,0,서울특별시 도봉구 쌍문동 38-7,,CDFH3301062016000007,0,3090000,사립,서울특별시 도봉구 방학로3길 114 (쌍문동),01394,03,폐업,,,
,491,펀앤펀PT전문스튜디오,0,2021-05-20,,203768.413781853,463836.596762748,체력단련장업,2026-04-28 22:31:35,I,03,폐업,,2021-05-24 09:04:43,,2018-07-05,127.8,,1,0,서울특별시 도봉구 도봉동 597-48,,CDFH3301062018000004,0,3090000,사립,"서울특별시 도봉구 도봉로169나길 62, 2층 (도봉동)",01307,03,폐업,,,
,,바디플래너짐,0,2018-10-18,,204083.769271308,462849.020752258,체력단련장업,2026-04-28 22:31:35,I,03,폐업,,2018-10-19 10:15:18,,2018-07-31,330,,2,0,서울특별시 도봉구 방학동 720-33 도봉월드상가,,CDFH3301062018000005,0,3090000,사립,"서울특별시 도봉구 마들로 650, 도봉월드상가 지하1층 (방학동)",01331,03,폐업,,,
,1133,정헬스클럽,,2009-01-20,,190927.486574528,441552.048374056,체력단련장업,2026-04-28 22:31:39,I,03,폐업,0,2009-01-22 13:20:26,,1989-12-18,,153-806,1,,서울특별시 금천구 독산동 145-14,,CDFH3301061989000001,,3170000,사립,서울특별시 금천구 시흥대로 475  (독산동),,03,폐업,,,
0,0,남문헬스크럽,,1999-09-28,,191185.783159464,441144.990264177,체력단련장업,2026-04-28 22:31:39,I,03,폐업,,2003-02-06 13:43:32,,1990-01-03,,153-807,0,,서울특별시 금천구 독산동 165-3,,CDFH3301061990000001,,3170000,사립,서울특별시 금천구 독산로85길 35  (독산동),,03,폐업,,,
0,0,화랑,,1998-04-07,,191513.535026286,439672.786239027,체력단련장업,2026-04-28 22:31:39,I,03,폐업,,2003-02-06 13:43:32,,1990-10-10,,153-856,0,,서울특별시 금천구 시흥동 852-29,,CDFH3301061990000002,,3170000,사립,서울특별시 금천구 독산로 133  (시흥동),,03,폐업,,,
0,0,빅스포츠,,1998-12-18,,190600.511302284,441271.030355361,체력단련장업,2026-04-28 22:31:39,I,03,폐업,,2003-02-06 13:43:32,,1992-05-14,,153-813,0,,서울특별시 금천구 독산동 297-1,,CDFH3301061992000001,,3170000,사립,서울특별시 금천구 가산로 85  (독산동),,03,폐업,,,
0,0,코리아헬스크럽,,2000-05-12,,191215.717090348,440462.115413235,체력단련장업,2026-04-28 22:31:39,I,03,폐업,,2003-02-06 13:43:32,,1992-07-25,,153-830,0,,서울특별시 금천구 독산동 1037-3,,CDFH3301061992000002,,3170000,사립,서울특별시 금천구 범안로 1256  (독산동),,03,폐업,,,
0,0,미진헬스크럽,,1997-08-07,,191636.908720079,438913.547879145,체력단련장업,2026-04-28 22:31:39,I,03,폐업,,2003-02-06 13:43:32,,1992-09-05,,153-855,0,,서울특별시 금천구 시흥동 837-38,,CDFH3301061992000003,,3170000,사립,서울특별시 금천구 독산로 56  (시흥동),,03,폐업,,,
,2331,한일체육관,,2014-03-07,,190815.36140059,440457.432539776,체력단련장업,2026-04-28 22:31:39,I,03,폐업,,2014-03-07 15:44:39,,1994-11-28,77.7,153-829,,,서울특별시 금천구 독산동 1008,,CDFH3301061994000001,,3170000,사립,서울특별시 금천구 범안로 1216  (독산동),,03,폐업,,,
0,0,서울헬스,,2001-12-03,,189616.142056546,442201.740263751,체력단련장업,2026-04-28 22:31:39,I,03,폐업,,2003-02-06 13:43:32,,1995-05-31,,153-800,0,,서울특별시 금천구 가산동 43-1,,CDFH3301061995000001,,3170000,사립,서울특별시 금천구 벚꽃로38길 5  (가산동),,03,폐업,,,
,1238,영헬스,,2012-03-19,,191159.180591703,438761.69556039,체력단련장업,2026-04-28 22:31:39,I,03,폐업,,2012-03-19 17:59:50,,1995-09-12,187.09,153-864,,,서울특별시 금천구 시흥동 991-21,,CDFH3301061995000002,,3170000,사립,서울특별시 금천구 시흥대로51길 15  (시흥동),,03,폐업,,,
,284,세 기,,2006-11-30,,191572.621405244,439739.723770827,체력단련장업,2026-04-28 22:31:39,I,03,폐업,0,2006-11-30 11:35:43,,1997-03-13,,153-854,,,서울특별시 금천구 시흥동 803,,CDFH3301061997000001,,3170000,사립,서울특별시 금천구 독산로40길 10  (시흥동),,03,폐업,,,
,,킴즈헬스크럽,,2005-12-31,,191178.234529247,439242.153663904,체력단련장업,2026-04-28 22:31:39,I,03,폐업,0,2006-01-18 17:52:23,,1997-10-22,,153-857,,,서울특별시 금천구 시흥동 882-50,,CDFH3301061997000002,,3170000,사립,서울특별시 금천구 시흥대로62길 9  (시흥동),,03,폐업,,,
0,0,킹헬스,,1999-09-07,,190600.511302284,441271.030355361,체력단련장업,2026-04-28 22:31:39,I,03,폐업,,2003-02-06 13:43:32,,1998-12-18,,153-813,0,,서울특별시 금천구 독산동 297-1,,CDFH3301061998000002,,3170000,사립,서울특별시 금천구 가산로 85  (독산동),,03,폐업,,,
,3172,우리스포렉스,,2024-07-09,,191227.422279603,440607.715344151,체력단련장업,2026-04-28 22:31:39,I,03,폐업,,2024-07-09 11:10:32,,1999-04-23,234.23,153-821,,,서울특별시 금천구 독산동 1023-1,,CDFH3301061999000001,,3170000,사립,서울특별시 금천구 독산로 233 (독산동),,03,폐업,,,
,,정호보디빌딩(헬스),,2011-07-22,,191583.371596955,438589.345978164,체력단련장업,2026-04-28 22:31:39,I,03,폐업,,2011-07-22 12:28:11,,1999-05-17,195.1,153-860,,,서울특별시 금천구 시흥동 922-36,,CDFH3301061999000002,,3170000,사립,서울특별시 금천구 독산로 24  (시흥동),,03,폐업,,,
,,대성헬스,,2004-01-06,,190938.908460621,440702.35714639,체력단련장업,2026-04-28 22:31:39,I,03,폐업,0,2004-01-09 11:47:30,,1999-05-25,,153-821,,,서울특별시 금천구 독산동 1012-15,,CDFH3301061999000003,,3170000,사립,서울특별시 금천구 시흥대로 392  (독산동),,03,폐업,,,
0,0,극동헬스,,2001-07-03,,191305.214540711,438924.133608211,체력단련장업,2026-04-28 22:31:39,I,03,폐업,,2003-02-06 13:43:32,,1999-08-17,,153-858,0,,서울특별시 금천구 시흥동 891,,CDFH3301061999000004,,3170000,사립,서울특별시 금천구 시흥대로52길 24  (시흥동),,03,폐업,,,
0,0,박산남여헬스크럽,,2000-11-03,,191547.796792521,436997.075839023,체력단련장업,2026-04-28 22:31:39,I,03,폐업,,2003-02-06 13:43:32,,1999-09-04,,153-862,0,,서울특별시 금천구 시흥동 971-6,,CDFH3301061999000005,,3170000,사립,서울특별시 금천구 시흥대로2가길 6  (시흥동),,03,폐업,,,
,,광장남여헬스,,2004-03-08,,191820.009521133,438738.330161599,체력단련장업,2026-04-28 22:31:39,I,03,폐업,0,2004-03-08 11:06:53,,1999-09-30,,153-859,,,서울특별시 금천구 시흥동 910-5,,CDFH3301061999000006,,3170000,사립,서울특별시 금천구 금하로24길 4  (시흥동),,03,폐업,,,
0,0,골든헬스,,2002-04-10,,191373.87073798,440333.277000272,체력단련장업,2026-04-28 22:31:39,I,03,폐업,,2003-02-06 13:43:32,,1999-12-20,,153-831,0,,서울특별시 금천구 독산동 1041-35,,CDFH3301061999000007,,3170000,사립,서울특별시 금천구 독산로64길 13  (독산동),,03,폐업,,,
,982,코리아헬스크럽,,2006-10-13,,191290.582375374,440402.04012719,체력단련장업,2026-04-28 22:31:39,I,03,폐업,0,2006-10-13 10:20:05,,2000-05-18,,153-831,1,,서울특별시 금천구 독산동 1038-28,,CDFH3301062000000001,,3170000,사립,서울특별시 금천구 독산로 210  (독산동),,03,폐업,,,
,1239,미진헬스크럽,,2024-07-09,,191636.908720079,438913.547879145,체력단련장업,2026-04-28 22:31:39,I,03,폐업,,2024-07-09 11:11:06,,2000-05-23,178.2,153-855,,,서울특별시 금천구 시흥동 837-38,,CDFH3301062000000002,,3170000,사립,서울특별시 금천구 독산로 56 (시흥동),,03,폐업,,,
,2219,참헬스+알파,,2007-07-20,,190884.217439451,439217.962520273,체력단련장업,2026-04-28 22:31:39,I,03,폐업,0,2007-07-20 13:31:18,,2000-12-01,,153-839,1,,서울특별시 금천구 시흥동 114-2 2층,,CDFH3301062000000005,,3170000,사립,"서울특별시 금천구 시흥대로63길 33  (시흥동,2층)",,03,폐업,,,
0,0,킹 헬스크럽,,2001-12-03,,190600.511302284,441271.030355361,체력단련장업,2026-04-28 22:31:39,I,03,폐업,,2003-02-06 13:43:32,,2001-02-28,,153-813,0,,서울특별시 금천구 독산동 297-1,,CDFH3301062001000001,,3170000,사립,서울특별시 금천구 가산로 85  (독산동),,03,폐업,,,
,500,금천남부 새마을금고헬스,,2008-03-25,,191449.457760724,437622.231268027,체력단련장업,2026-04-28 22:31:39,I,03,폐업,0,2008-03-25 13:53:44,,2001-03-29,,153-861,1,,서울특별시 금천구 시흥동 954-35,,CDFH3301062001000002,,3170000,사립,서울특별시 금천구 시흥대로20길 5  (시흥동),,03,폐업,,,
,,킹헬스클럽,,2003-02-24,,190600.511302284,441271.030355361,체력단련장업,2026-04-28 22:31:39,I,03,폐업,0,2003-12-01 15:51:37,,2001-08-28,,153-813,,,서울특별시 금천구 독산동 297-1,,CDFH3301062001000004,,3170000,사립,서울특별시 금천구 가산로 85  (독산동),,03,폐업,,,
,,스피드헬스,,2003-08-01,,191305.214540711,438924.133608211,체력단련장업,2026-04-28 22:31:39,I,03,폐업,0,2003-08-01 09:08:47,,2001-12-04,,153-858,,,서울특별시 금천구 시흥동 891,,CDFH3301062001000005,,3170000,사립,서울특별시 금천구 시흥대로52길 24  (시흥동),,03,폐업,,,
,2519,아메리칸휘트니스,,2024-07-09,,191389.242624397,441740.622288466,체력단련장업,2026-04-28 22:31:39,I,03,폐업,,2024-07-09 11:12:00,,2001-01-16,180,153-823,,,서울특별시 금천구 독산동 962-47,,CDFH3301062001000006,,3170000,사립,서울특별시 금천구 독산로 347 (독산동),,03,폐업,,,
,2189,JS휘트니스클럽,,2018-06-19,,191428.591745491,437689.38449215,체력단련장업,2026-04-28 22:31:39,I,03,폐업,,2018-06-19 17:20:11,,2002-01-14,437.85,153-861,,,서울특별시 금천구 시흥동 954-21,,CDFH3301062002000002,,3170000,사립,서울특별시 금천구 시흥대로 82  (시흥동),,03,폐업,,,
,1085,쉬리여성헬스,,2003-10-10,,191185.783159464,441144.990264177,체력단련장업,2026-04-28 22:31:39,I,03,폐업,0,2005-12-21 17:25:18,,2002-04-24,,153-807,,,서울특별시 금천구 독산동 165-3,,CDFH3301062002000003,,3170000,사립,서울특별시 금천구 독산로85길 35  (독산동),,03,폐업,,,
,3338,코리아헬스클럽2,,2007-01-22,,191389.027715691,441916.081648538,체력단련장업,2026-04-28 22:31:39,I,03,폐업,0,2007-01-22 14:12:21,,2002-05-01,,153-823,1,,서울특별시 금천구 독산동 951-4,,CDFH3301062002000004,,3170000,사립,서울특별시 금천구 남부순환로 1372  (독산동),,03,폐업,,,
,881,코리아여성전용헬스클럽,,2007-11-01,,191986.703337779,438740.431992287,체력단련장업,2026-04-28 22:31:39,I,03,폐업,0,2007-11-01 16:13:50,,2002-06-07,,153-843,1,,서울특별시 금천구 시흥동 251-3,,CDFH3301062002000005,,3170000,사립,서울특별시 금천구 탑골로 2  (시흥동),,03,폐업,,,
,,트라이조이헬스,,2003-08-29,,190878.547242333,441091.373561528,체력단련장업,2026-04-28 22:31:39,I,03,폐업,0,2003-08-29 10:31:04,,2002-06-11,,153-806,,,서울특별시 금천구 독산동 152-6,,CDFH3301062002000006,,3170000,사립,서울특별시 금천구 시흥대로 429  (독산동),,03,폐업,,,
,,오렌지 헬스클럽,,2011-12-05,,,,체력단련장업,2026-04-28 22:31:39,I,03,폐업,,2012-10-17 14:53:18,,2002-06-28,261.5,153-844,,,서울특별시 금천구 시흥동 270-4,,CDFH3301062002000007,,3170000,사립,,,03,폐업,,,
,,머신,,2003-11-20,,190600.511302284,441271.030355361,체력단련장업,2026-04-28 22:31:39,I,03,폐업,0,2005-11-10 14:50:23,,2002-09-05,,153-813,,,서울특별시 금천구 독산동 297-1 미성빌딩  3층,,CDFH3301062002000008,,3170000,사립,"서울특별시 금천구 가산로 85  (독산동,미성빌딩  3층)",,03,폐업,,,
,967,골드헬스,,2024-07-09,,191320.048882076,438776.690084288,체력단련장업,2026-04-28 22:31:39,I,03,폐업,,2024-07-09 11:12:29,,2002-10-17,198,153-858,,,서울특별시 금천구 시흥동 903-12,,CDFH3301062002000010,,3170000,사립,서울특별시 금천구 시흥대로50길 12-6 (시흥동),,03,폐업,,,
,,뉴금천스포츠센터,,2003-12-15,,,,체력단련장업,2026-04-28 22:31:39,I,03,폐업,0,2003-12-15 16:04:43,,2002-11-21,,153-030,,,서울특별시 금천구 시흥동 0-0 시흥동8-17,,CDFH3301062002000011,,3170000,사립,,,03,폐업,,,
,98,쉬리여성헬스클럽,,2004-07-14,,191589.19755097,438843.804103137,체력단련장업,2026-04-28 22:31:39,I,03,폐업,0,2005-03-16 16:38:56,,2003-03-21,,153-858,,,서울특별시 금천구 시흥동 896-15 운형빌딩 4층,,CDFH3301062003000001,,3170000,사립,"서울특별시 금천구 독산로 49  (시흥동,운형빌딩 4층)",,03,폐업,,,
,1882,트라이조이,,2006-02-02,,190843.328669926,441205.086299156,체력단련장업,2026-04-28 22:31:39,I,03,폐업,0,2006-02-02 16:11:35,,2003-08-29,,153-806,1,,서울특별시 금천구 독산동 149-51,,CDFH3301062003000003,,3170000,사립,서울특별시 금천구 시흥대로139길 14  (독산동),,03,폐업,,,
,1774,진휘트니스독산관,,2009-02-06,,190938.908460621,440702.35714639,체력단련장업,2026-04-28 22:31:39,I,03,폐업,,2011-01-28 11:06:33,,2004-01-09,209,153-821,,,서울특별시 금천구 독산동 1012-15,,CDFH3301062004000001,,3170000,사립,서울특별시 금천구 시흥대로 392  (독산동),,03,폐업,,,02-3663-3625
,,진성헬스,,2007-11-07,,,,체력단련장업,2026-04-28 22:31:39,I,03,폐업,0,2007-11-09 11:45:34,,2004-06-24,,153-010,,,서울특별시 금천구 독산동 1095.한신상가4층,,CDFH3301062004000002,,3170000,사립,,,03,폐업,,,
,190393,라이온스 휘트니스,,2010-04-13,,189538.020935968,441982.427934953,체력단련장업,2026-04-28 22:31:39,I,03,폐업,,2010-04-13 16:45:07,,2005-07-14,,153-786,,,서울특별시 금천구 가산동 371-28 우림라이온스밸리A동 303-308호,,CDFH3301062005000001,,3170000,사립,"서울특별시 금천구 가산디지털1로 168  (가산동,우림라이온스밸리A동 303-308호)",,03,폐업,,,20260737
,174,에이스휘트니스,,2012-05-11,,189417.708595762,442309.174987731,체력단련장업,2026-04-28 22:31:39,I,03,폐업,,2012-05-14 08:53:53,,2005-08-01,173.7,153-803,,,서울특별시 금천구 가산동 470-5 에이스테크노타워10차 B1,,CDFH3301062005000002,,3170000,사립,"서울특별시 금천구 가산디지털1로 196  (가산동,에이스테크노타워10차 B1)",,03,폐업,,,
,1105,쉬리 여성전용 헬스클럽,,2024-07-09,,191589.19755097,438843.804103137,체력단련장업,2026-04-28 22:31:39,I,03,폐업,,2024-07-09 11:13:08,,2005-09-29,98,153-858,,,서울특별시 금천구 시흥동 896-15,,CDFH3301062005000004,,3170000,사립,서울특별시 금천구 독산로 49 (시흥동),08630,03,폐업,,,
,113864,금천헬스클럽,58,2010-04-27,,190232.47138241,440016.250106997,체력단련장업,2026-04-28 22:31:39,I,03,폐업,0,2010-04-28 13:51:16,,2006-02-14,,153-817,1,,서울특별시 금천구 독산동 711-2 상가 지하1층,,CDFH3301062006000001,8,3170000,사립,"서울특별시 금천구 벚꽃로 73  (독산동,상가 지하1층)",,03,폐업,,,
3,,헬스나라,,2007-03-20,,,,체력단련장업,2026-04-28 22:31:39,I,03,폐업,0,2007-03-20 17:05:41,,2006-03-07,,153-030,1,,서울특별시 금천구 시흥동 985-12 신라상가 지층1호,,CDFH3301062006000002,,3170000,사립,,,03,폐업,,,
,,화중커브스독산1클럽,,2010-11-15,,190704.904312713,440940.384414334,체력단련장업,2026-04-28 22:31:39,I,03,폐업,0,2010-11-15 14:31:57,,2007-01-15,160,153-813,1,,서울특별시 금천구 독산동 295-10 4층,,CDFH3301062007000001,,3170000,사립,"서울특별시 금천구 두산로 71  (독산동,4층)",,03,폐업,,,32813030
,,현대헬스클럽,,2013-12-02,,190232.47138241,440016.250106997,체력단련장업,2026-04-28 22:31:39,I,03,폐업,,2013-12-02 13:53:06,,2007-02-14,119,153-758,,,서울특별시 금천구 독산동 711-2 금천현대아파트상가내,,CDFH3301062007000004,,3170000,사립,"서울특별시 금천구 벚꽃로 73  (독산동,금천현대아파트상가내)",,03,폐업,,,
,2733,W-fitness care & golf,,2012-04-06,,189997.455663258,441687.841171831,체력단련장업,2026-04-28 22:31:39,I,03,폐업,0,2012-04-09 13:17:46,,2007-03-14,153.8,153-801,4,,서울특별시 금천구 가산동 60-27,,CDFH3301062007000005,,3170000,사립,서울특별시 금천구 디지털로 188  (가산동),,03,폐업,,,02-2081-0940
,,뉴금천 휘트니스3,,2024-07-09,,191919.01270594,440127.175851359,체력단련장업,2026-04-28 22:31:39,I,03,폐업,,2024-07-09 11:13:36,,2007-03-29,167,153-785,,,서울특별시 금천구 시흥동 5-13,,CDFH3301062007000006,,3170000,사립,서울특별시 금천구 독산로50길 89 (시흥동),08563,03,폐업,,,
,,주재영휘트니스,,2011-01-10,,191222.866841291,440576.815837663,체력단련장업,2026-04-28 22:31:39,I,03,폐업,,2011-01-28 10:53:18,,2007-04-25,220,153-821,,,서울특별시 금천구 독산동 1023-4,,CDFH3301062007000007,,3170000,사립,서울특별시 금천구 독산로 229  (독산동),,03,폐업,,,
,,자이언트 헬스,,2013-04-10,,190938.908460621,440702.35714639,체력단련장업,2026-04-28 22:31:39,I,03,폐업,,2013-04-10 21:04:37,,2009-02-06,209,153-821,,,서울특별시 금천구 독산동 1012-15 4층,,CDFH3301062009000001,,3170000,사립,"서울특별시 금천구 시흥대로 392  (독산동,4층)",,03,폐업,,,
,,거봉 휘트니스,0,2024-07-09,,191373.87073798,440333.277000272,체력단련장업,2026-04-28 22:31:39,I,03,폐업,,2024-07-09 11:14:04,,2009-11-04,164,153-831,,0,"서울특별시 금천구 독산동 1041-35 3,4층",,CDFH3301062009000003,0,3170000,사립,"서울특별시 금천구 독산로64길 13 (독산동,3,4층)",,03,폐업,,,
,,워너비 짐,0,2019-03-22,,189978.050925581,440363.954453659,체력단련장업,2026-04-28 22:31:39,I,03,폐업,,2019-03-25 16:53:28,,2010-10-13,338,153-023,,0,서울특별시 금천구 가산동 685,,CDFH3301062010000003,0,3170000,사립,서울특별시 금천구 범안로 1130 (가산동),,03,폐업,,,26242388
1,,골든 짐 휘트니스,0,2015-12-18,,191222.866841291,440576.815837663,체력단련장업,2026-04-28 22:31:39,I,03,폐업,,2015-12-18 16:55:34,,2011-01-10,134,153-821,1,0,서울특별시 금천구 독산동 1023-4,,CDFH3301062011000001,0,3170000,사립,서울특별시 금천구 독산로 229 (독산동),,03,폐업,,,
,,마이오 휘트니스,0,2014-04-01,,191368.522097415,438529.363086443,체력단련장업,2026-04-28 22:31:39,I,03,폐업,,2014-04-01 15:13:14,,2011-04-06,340,153-858,1,0,서울특별시 금천구 시흥동 904-22,,CDFH3301062011000002,0,3170000,사립,"서울특별시 금천구 시흥대로 164, 지하1층 (시흥동)",,03,폐업,,,
1,,스마일 짐,0,2014-01-20,,189472.091898625,441483.675018356,체력단련장업,2026-04-28 22:31:39,I,03,폐업,,2016-04-01 17:10:43,,2013-01-23,,153-782,,0,서울특별시 금천구 가산동 345-30 105호,,CDFH3301062013000003,0,3170000,사립,"서울특별시 금천구 디지털로 130, 1층 105호 (가산동, 남성플라자)",08589,03,폐업,,,02-856-5677
1,,day one fitness,0,2017-05-10,,191785.249330222,438741.874969065,체력단련장업,2026-04-28 22:31:39,I,03,폐업,,2017-05-10 17:52:00,,2013-07-10,75,153-859,,0,서울특별시 금천구 시흥동 910,,CDFH3301062013000005,0,3170000,사립,서울특별시 금천구 은행나무로 50 (시흥동),08643,03,폐업,,,071-7796-5809
2,175264,핫짐휘트니스(HOT GYM),0,2022-09-15,,190694.880295092,440764.426277932,체력단련장업,2026-04-28 22:31:39,I,03,폐업,,2022-09-16 09:31:12,,2014-05-23,420,153-813,2,0,서울특별시 금천구 독산동 291-1,,CDFH3301062014000001,0,3170000,사립,"서울특별시 금천구 두산로 70, A동 T-B층 201호 (독산동)",08584,03,폐업,,,02-2098-9679
,,건강을담다 season2,0,2024-07-09,,189055.138252216,441958.334400683,체력단련장업,2026-04-28 22:31:39,I,03,폐업,,2024-07-09 11:14:32,,2014-11-05,,153-803,,0,서울특별시 금천구 가산동 543-1,,CDFH3301062014000002,0,3170000,사립,"서울특별시 금천구 서부샛길 606, 214-1호 (가산동, 디폴리스)",08504,03,폐업,,,02-861-8665
,,팔로우짐,0,2017-01-09,,190956.61022476,440942.532656419,체력단련장업,2026-04-28 22:31:39,I,03,폐업,,2017-01-09 10:20:28,,2015-03-30,59.84,153-811,1,0,서울특별시 금천구 독산동 287-7,,CDFH3301062015000001,0,3170000,사립,"서울특별시 금천구 시흥대로 414, 4층 408호 (독산동)",08576,03,폐업,,,070-7534-3303
,,슬림한바디 시흥점,0,2024-12-24,,191350.26844017,438593.516237885,체력단련장업,2026-04-28 22:31:39,I,03,폐업,,2024-12-26 10:45:07,,2015-04-21,,153-858,1,0,서울특별시 금천구 시흥동 904-7 서우빌딩,,CDFH3301062015000002,0,3170000,사립,"서울특별시 금천구 시흥대로 172, 3층 (시흥동, 서우빌딩)",08631,03,폐업,,,
,,FOFS,0,2019-08-30,,190810.967767815,439263.896873032,체력단련장업,2026-04-28 22:31:39,I,03,폐업,,2019-08-30 16:56:14,,2015-07-17,81,,,0,서울특별시 금천구 시흥동 113-98,,CDFH3301062015000004,0,3170000,사립,서울특별시 금천구 시흥대로63길 50 (시흥동),08613,03,폐업,,,
,,스포플렉스(가산점),0,2025-06-11,,189522.336721798,441654.010373182,체력단련장업,2026-04-28 22:31:39,I,03,폐업,Y,2025-06-11 15:33:25,,2016-03-18,164.97,,2,0,서울특별시 금천구 가산동 371-17,,CDFH3301062016000001,0,3170000,사립,"서울특별시 금천구 가산디지털1로 131, B동 2층 217호 (가산동, BYC HIGHCITY)",08506,03,폐업,,,02-868-9688
,,애니데이 피트니스(독산점),0,2021-11-15,,190140.258408311,439271.814994838,체력단련장업,2026-04-28 22:31:39,I,03,폐업,,2021-11-15 15:42:20,,2016-04-01,50.85,,,0,서울특별시 금천구 독산동 1095,,CDFH3301062016000002,0,3170000,사립,"서울특별시 금천구 한내로 62, 상가동 지층 (독산동, 한신아파트)",08599,03,폐업,,,02-897-7233
,,해피포피플(Y-GYM),0,2019-11-05,,189472.091898625,441483.675018356,체력단련장업,2026-04-28 22:31:39,I,03,폐업,,2019-11-06 08:48:39,,2016-05-24,109.88,,1,0,서울특별시 금천구 가산동 345-30,,CDFH3301062016000003,0,3170000,사립,"서울특별시 금천구 디지털로 130, 1층 105호 (가산동, 남성프라자)",08589,03,폐업,,,
,,S&T sports,0,2021-02-01,,191114.216131684,438658.789041117,체력단련장업,2026-04-28 22:31:39,I,03,폐업,,2022-03-16 11:16:59,,2018-03-05,,,,0,서울특별시 금천구 시흥동 990-65 경일경영정보고등학교,,CDFH3301062018000001,0,3170000,사립,"서울특별시 금천구 시흥대로47길 28-5, 3층 (시흥동)",08635,03,폐업,,,
,109934,비트 16 가산점,0,2025-06-11,,189522.336721798,441654.010373182,체력단련장업,2026-04-28 22:31:39,I,03,폐업,,2025-06-11 15:33:38,,2020-08-13,208.71,,1,0,서울특별시 금천구 가산동 371-17 BYC HIGHCITY,,CDFH3301062020000006,0,3170000,사립,"서울특별시 금천구 가산디지털1로 131, BYC HIGHCITY 223호 (가산동)",08506,03,폐업,,,02-2088-4841
1,758,브로콜리 휘트니스,0,2024-07-29,,190533.183553454,441683.469125996,체력단련장업,2026-04-28 22:31:40,I,03,폐업,,2024-07-29 17:05:14,,2021-06-29,147.03,,1,0,서울특별시 금천구 가산동 151-16,,CDFH3301062021000002,0,3170000,사립,"서울특별시 금천구 남부순환로112길 41, 3층 (가산동)",08529,03,폐업,,,
,,워크어게인 재활헬스케어센터,0,2024-09-04,,189978.050925581,440363.954453659,체력단련장업,2026-04-28 22:31:40,I,03,폐업,,2024-09-04 14:45:14,,2022-10-07,126.15,,1,0,서울특별시 금천구 가산동 685 디지털엠파이어빌딩 203호,,CDFH3301062022000008,0,3170000,사립,"서울특별시 금천구 범안로 1130, 디지털엠파이어빌딩 2층 203호 (가산동)",08595,03,폐업,,,
,,220pt,0,2024-12-05,,190567.418315661,439569.401459017,체력단련장업,2026-04-28 22:31:40,I,03,폐업,,2024-12-05 19:23:42,,2022-11-18,81.35,,1,0,서울특별시 금천구 독산동 1150 금천 롯데캐슬 골드파크 2차,,CDFH3301062022000009,0,3170000,사립,"서울특별시 금천구 벚꽃로 30, 205동 220호 (독산동, 금천 롯데캐슬 골드파크 2차)",08608,03,폐업,,,
,,해룡헬스크럽,,2002-03-06,,190200.049001255,446799.193928168,체력단련장업,2026-04-28 22:31:06,I,03,폐업,0,2006-11-15 13:28:30,,1989-11-11,,150-863,,,서울특별시 영등포구 양평동1가 132-1,,CDFH3301061989000001,,3180000,사립,,,03,폐업,,,
0,0,강남헬스,,2022-07-06,,191326.236959952,447957.777253013,체력단련장업,2026-04-28 22:31:06,I,03,폐업,,2022-06-14 09:31:04,,1989-12-19,,,,,서울특별시 영등포구 당산동6가 227,,CDFH3301061989000002,,3180000,사립,"서울특별시 영등포구 양평로 36 (당산동6가, 삼원빌딩)",07223,03,폐업,,,26351494
0,0,동보헬스,,1997-06-05,,,,체력단련장업,2026-04-28 22:31:06,I,03,폐업,,2003-04-18 15:28:04,,1989-12-19,,150-033,0,,서울특별시 영등포구 영등포동3가 24-23,,CDFH3301061989000003,,3180000,사립,,,03,폐업,,,
0,0,도림신협남성체조교실,,1998-02-20,,,,체력단련장업,2026-04-28 22:31:06,I,03,폐업,,2003-04-18 15:28:04,,1989-12-20,,150-850,0,,서울특별시 영등포구 신길동 395-1,,CDFH3301061989000004,,3180000,사립,서울특별시 영등포구 도림로 294  (신길동),,03,폐업,,,
0,0,양육체미,,2016-01-18,,191449.985012726,446491.027556336,체력단련장업,2026-04-28 22:31:06,I,03,폐업,,2016-01-19 09:07:34,,1989-12-12,,,,,서울특별시 영등포구 영등포동6가 4-2,,CDFH3301061989000005,,3180000,사립,"서울특별시 영등포구 영등포로35길 6 (영등포동6가, 덕성빌딩)",07251,03,폐업,,,
0,0,삼 위,,1999-03-05,,191486.891258206,443986.91102633,체력단련장업,2026-04-28 22:31:06,I,03,폐업,,2003-04-18 15:28:04,,1989-12-13,,150-851,0,,서울특별시 영등포구 신길동 436-26,,CDFH3301061989000006,,3180000,사립,서울특별시 영등포구 도림로 220  (신길동),,03,폐업,,,
0,0,프로헬스,,2022-03-23,,191747.252214472,446393.375935392,체력단련장업,2026-04-28 22:31:06,I,03,폐업,,2022-03-23 09:46:47,,1989-12-20,,,,,서울특별시 영등포구 영등포동5가 6,,CDFH3301061989000007,,3180000,사립,서울특별시 영등포구 영등포로43길 3-2 (영등포동5가),07250,03,폐업,,,
0,0,파워체육관,,2022-07-06,,193737.480223837,446434.303266393,체력단련장업,2026-04-28 22:31:06,I,03,폐업,,2022-06-14 09:55:47,,1989-12-15,,,,,서울특별시 영등포구 여의도동 44-27,,CDFH3301061989000008,,3180000,사립,"서울특별시 영등포구 의사당대로1길 25 (여의도동, 하남빌딩)",07333,03,폐업,,,
0,0,골드헬스클럽,,1997-04-01,,191675.248687373,447368.356781776,체력단련장업,2026-04-28 22:31:06,I,03,폐업,,2003-04-18 15:28:04,,1989-11-06,,150-040,0,,서울특별시 영등포구 당산동 171-47,,CDFH3301061989000009,,3180000,사립,서울특별시 영등포구 버드나루로23길 26  (당산동),,03,폐업,,,
0,0,한승헬스크럽,,1996-05-29,,190926.775422146,443621.154018278,체력단련장업,2026-04-28 22:31:06,I,03,폐업,,2003-04-18 15:28:04,,1989-12-19,,150-814,0,,서울특별시 영등포구 대림동 716-3,,CDFH3301061989000010,,3180000,사립,서울특별시 영등포구 도림로41길 8  (대림동),,03,폐업,,,
0,0,백영웅육체미,,2022-07-06,,190825.265468147,448209.83608779,체력단련장업,2026-04-28 22:31:06,I,03,폐업,,2022-06-14 09:49:03,,1989-12-22,,,,,서울특별시 영등포구 양평동4가 64-3,,CDFH3301061989000011,,3180000,사립,서울특별시 영등포구 양평로 89-1 (양평동4가),07208,03,폐업,,,26331753
0,0,영헬스,,2023-04-28,,,,체력단련장업,2026-04-28 22:31:06,I,03,폐업,,2023-04-28 09:35:35,,1990-01-05,,150-034,,,서울특별시 영등포구 영등포동4가 8-3,,CDFH3301061990000001,,3180000,사립,,,03,폐업,,,
,3470,SB휘트니스,,2012-07-31,,,,체력단련장업,2026-04-28 22:31:06,I,03,폐업,0,2012-08-22 17:15:44,,1991-05-17,493.78,150-854,2,,서울특별시 영등포구 신길동 867 3층,,CDFH3301061991000001,8,3180000,사립,,,03,폐업,,,02-841-6100
0,0,덕유헬스크럽,,2022-07-06,,191570.82772481,445114.348934823,체력단련장업,2026-04-28 22:31:06,I,03,폐업,,2022-06-14 09:42:15,,1993-11-17,,150-841,,,서울특별시 영등포구 신길동 289-6,,CDFH3301061993000002,,3180000,사립,서울특별시 영등포구 도신로 120 (신길동),,03,폐업,,,
,,위너헬스크럽,,2023-04-28,,193469.554731741,446508.068667777,체력단련장업,2026-04-28 22:31:06,I,03,폐업,,2023-04-28 09:32:31,,1994-01-06,,,,,서울특별시 영등포구 여의도동 36-2,,CDFH3301061994000001,,3180000,사립,서울특별시 영등포구 국제금융로6길 33 (여의도동),07331,03,폐업,,,
0,0,한양헬스타운,,2022-07-06,,191029.745678546,444442.519374824,체력단련장업,2026-04-28 22:31:06,I,03,폐업,,2022-06-14 09:33:29,,1994-11-22,,,,,서울특별시 영등포구 대림동 667-10,,CDFH3301061994000002,,3180000,사립,"서울특별시 영등포구 가마산로 375 (대림동, 용진빌딩)",07381,03,폐업,,,
0,0,훈헬스클럽,,2022-07-06,,192503.318998862,445486.636466288,체력단련장업,2026-04-28 22:31:06,I,03,폐업,,2022-06-14 09:40:05,,1994-12-01,,,,,서울특별시 영등포구 신길동 156-3,,CDFH3301061994000003,,3180000,사립,서울특별시 영등포구 도신로 222 (신길동),07349,03,폐업,,,
,,한강헬스클럽,,2008-11-03,,,,체력단련장업,2026-04-28 22:31:06,I,03,폐업,0,2008-11-03 09:30:43,,1994-12-02,,150-037,,,서울특별시 영등포구 영등포동7가 155-22,,CDFH3301061994000004,,3180000,사립,서울특별시 영등포구 국회대로52길 33  (영등포동7가),,03,폐업,,,
0,0,삼성헬스,,1999-11-02,,192037.566386853,445109.977316673,체력단련장업,2026-04-28 22:31:06,I,03,폐업,,2003-04-18 15:28:04,,1995-09-26,,150-841,0,,서울특별시 영등포구 신길동 232-79,,CDFH3301061995000001,,3180000,사립,서울특별시 영등포구 신길로 179  (신길동),,03,폐업,,,
0,0,우정,,1999-01-15,,189555.4232363,446767.249161635,체력단련장업,2026-04-28 22:31:06,I,03,폐업,,2003-04-18 15:28:04,,1995-11-10,,150-102,0,,서울특별시 영등포구 양평동2가 27-1,,CDFH3301061995000002,,3180000,사립,서울특별시 영등포구 영등포로 12  (양평동2가),,03,폐업,,,26311404
,,서울헬스크럽,,2007-01-31,,190028.918503393,446747.380308356,체력단련장업,2026-04-28 22:31:06,I,03,폐업,0,2007-01-31 17:53:56,,1996-03-29,,150-863,,,서울특별시 영등포구 양평동1가 190,,CDFH3301061996000001,,3180000,사립,서울특별시 영등포구 영등포로 59  (양평동1가),,03,폐업,,,
,3597,영등포헬스,,2022-03-23,,191263.950943632,446392.305909332,체력단련장업,2026-04-28 22:31:06,I,03,폐업,,2022-03-23 09:49:16,,1996-10-21,100,,,,서울특별시 영등포구 영등포동4가 155-1,,CDFH3301061996000002,,3180000,사립,"서울특별시 영등포구 영신로34길 10 (영등포동4가, 영남빌딩)",07301,03,폐업,,,
0,0,그린헬스,,2022-07-06,,191070.076823113,443365.164071781,체력단련장업,2026-04-28 22:31:06,I,03,폐업,,2022-06-14 09:31:53,,1996-11-08,,,,,서울특별시 영등포구 대림동 1039-13,,CDFH3301061996000003,,3180000,사립,"서울특별시 영등포구 디지털로53길 23 (대림동, 한송빌딩)",07419,03,폐업,,,
,,천하헬스,,2006-02-21,,190988.539501953,442956.065308648,체력단련장업,2026-04-28 22:31:06,I,03,폐업,0,2006-02-21 09:11:46,,1996-11-08,,150-825,,,서울특별시 영등포구 대림동 1082-13,,CDFH3301061996000004,,3180000,사립,서울특별시 영등포구 디지털로 343  (대림동),,03,폐업,,,
0,0,양헬스스포츠타운,,2012-04-16,,191463.74645534,446605.323905298,체력단련장업,2026-04-28 22:31:06,I,03,폐업,,2012-04-18 12:46:11,,1997-10-02,,150-036,0,,서울특별시 영등포구 영등포동6가 52-6,,CDFH3301061997000001,,3180000,사립,서울특별시 영등포구 영등포로35길 15  (영등포동6가),,03,폐업,,,
0,0,충무헬스크럽,,2000-01-28,,191209.106092001,442361.551816606,체력단련장업,2026-04-28 22:30:15,I,03,폐업,,2003-04-18 15:20:21,,1989-12-18,,152-880,0,,서울특별시 구로구 구로동 1125-5,,CDFH3301061989000002,,3160000,사립,서울특별시 구로구 시흥대로 563  (구로동),,03,폐업,,,
,,은별체육관,,2006-12-14,,187174.900603667,443142.284833672,체력단련장업,2026-04-28 22:30:15,I,03,폐업,0,2006-12-14 10:32:56,,1990-01-06,,152-816,,,서울특별시 구로구 개봉동 403-57,,CDFH3301061990000001,,3160000,사립,서울특별시 구로구 개봉로 53  (개봉동),,03,폐업,,,
0,0,서울헬스크럽,,2001-05-23,,190188.948657583,441950.139212722,체력단련장업,2026-04-28 22:30:15,I,03,폐업,,2003-04-18 15:20:21,,1990-01-06,,152-801,0,,서울특별시 구로구 가리봉동 127-11 3층,,CDFH3301061990000002,,3160000,사립,"서울특별시 구로구 남부순환로105길 52  (가리봉동,3층)",,03,폐업,,,
0,0,남부헬스크럽,,1999-10-08,,189077.662653532,443024.81259927,체력단련장업,2026-04-28 22:30:15,I,03,폐업,,2003-04-18 15:20:21,,1992-03-17,,152-869,0,,서울특별시 구로구 구로동 700-49,,CDFH3301061992000001,,3160000,사립,서울특별시 구로구 구일로2길 51  (구로동),,03,폐업,,,
0,0,우성보디빌딩,,2002-10-31,,187375.138093227,443875.80773758,체력단련장업,2026-04-28 22:30:15,I,03,폐업,,2003-04-18 15:20:21,,1992-10-09,,152-806,0,,서울특별시 구로구 개봉동 170-40,,CDFH3301061992000002,,3160000,사립,서울특별시 구로구 경인로 340-1  (개봉동),,03,폐업,,,
0,101,월드헬스클럽,,2020-04-21,,190397.636959271,443127.162405937,체력단련장업,2026-04-28 22:30:15,I,03,폐업,,2020-04-22 10:52:36,,1994-04-15,101,152-846,0,,서울특별시 구로구 구로동 144-10,,CDFH3301061994000001,,3160000,사립,서울특별시 구로구 도림로 81 (구로동),08312,03,폐업,,,
0,0,포쉬개발,,2013-01-18,,,,체력단련장업,2026-04-28 22:30:15,I,03,폐업,,2013-01-21 13:12:12,,1995-07-05,,152-887,0,,서울특별시 구로구 신도림동 332-1,,CDFH3301061995000001,,3160000,사립,서울특별시 구로구 경인로67길 31  (신도림동),,03,폐업,,,
0,0,애경체력단련장,,2001-08-14,,189570.360930049,444336.051330144,체력단련장업,2026-04-28 22:30:15,I,03,폐업,,2003-04-18 15:20:21,,1995-10-17,,152-862,0,,서울특별시 구로구 구로동 573,,CDFH3301061995000002,,3160000,사립,서울특별시 구로구 구로중앙로 152  (구로동),,03,폐업,,,
0,0,지성체력단련장,,2010-02-01,,187199.247377812,442827.50680018,체력단련장업,2026-04-28 22:30:15,I,03,폐업,,2010-02-01 16:09:18,,1995-03-10,,152-816,0,,서울특별시 구로구 개봉동 403-90,,CDFH3301061995000003,,3160000,사립,서울특별시 구로구 개봉로 21  (개봉동),,03,폐업,,,
0,0,현대헬스크럽,,2013-01-02,,188089.730197161,444275.447306547,체력단련장업,2026-04-28 22:30:15,I,03,폐업,,2013-01-02 16:46:57,,1996-11-19,,152-826,0,,서울특별시 구로구 고척동 76-88,,CDFH3301061996000001,,3160000,사립,서울특별시 구로구 경인로47길 31  (고척동),,03,폐업,,,
0,0,태영헬스크럽,,2012-10-08,,186282.360333502,444482.054741506,체력단련장업,2026-04-28 22:30:15,I,03,폐업,,2012-10-08 14:23:28,,1996-04-24,,152-802,0,,서울특별시 구로구 개봉동 33-163,,CDFH3301061996000002,,3160000,사립,서울특별시 구로구 고척로21가길 4  (개봉동),,03,폐업,,,
0,0,국제육체미,,2001-09-25,,190313.304840291,442425.117718371,체력단련장업,2026-04-28 22:30:15,I,03,폐업,,2003-04-18 15:20:21,,1996-04-02,,152-849,0,,서울특별시 구로구 구로동 252-45,,CDFH3301061996000003,,3160000,사립,서울특별시 구로구 디지털로27길 52  (구로동),,03,폐업,,,
0,0,오렌지 휘트니스,,2019-07-04,,186007.312716503,443745.761118258,체력단련장업,2026-04-28 22:30:15,I,03,폐업,,2019-07-04 17:21:51,,1997-07-21,,152-893,0,,서울특별시 구로구 오류동 41-1,,CDFH3301061997000001,,3160000,사립,서울특별시 구로구 경인로 193  (오류동),08269,03,폐업,,,
0,0,최승철헬스,,2021-04-14,,189531.943011779,443704.840015419,체력단련장업,2026-04-28 22:30:15,I,03,폐업,,2021-04-14 10:50:36,,1997-02-12,,152-857,0,,서울특별시 구로구 구로동 461-4,,CDFH3301061997000003,,3160000,사립,서울특별시 구로구 구로동로 189  (구로동),08282,03,폐업,,,
,,현대헬스크럽,,2005-12-01,,187904.492555018,444588.964531734,체력단련장업,2026-04-28 22:30:15,I,03,폐업,0,2005-12-23 08:18:05,,1997-03-26,,152-823,,,서울특별시 구로구 고척동 46-19,,CDFH3301061997000004,,3160000,사립,서울특별시 구로구 경인로47다길 4  (고척동),,03,폐업,,,
0,0,신도골프랜드,,2002-07-25,,189618.752905327,444921.078748984,체력단련장업,2026-04-28 22:30:15,I,03,폐업,,2003-04-18 15:20:21,,1997-07-03,,152-888,0,,서울특별시 구로구 신도림동 437-1,,CDFH3301061997000005,,3160000,사립,서울특별시 구로구 경인로59길 8  (신도림동),,03,폐업,,,
0,0,명지헬스,,2002-03-04,,187166.338835564,443250.627612101,체력단련장업,2026-04-28 22:30:15,I,03,폐업,,2003-04-18 15:20:21,,1998-04-02,,152-816,0,,서울특별시 구로구 개봉동 403-53,,CDFH3301061998000001,,3160000,사립,서울특별시 구로구 개봉로 63  (개봉동),,03,폐업,,,
0,0,월드헬스,,2000-03-07,,185875.875759586,443592.138806549,체력단련장업,2026-04-28 22:30:15,I,03,폐업,,2003-04-18 15:20:21,,1998-05-01,,152-894,0,,서울특별시 구로구 오류동 44-10,,CDFH3301061998000002,,3160000,사립,서울특별시 구로구 경인로 176  (오류동),,03,폐업,,,
,,일이삼전자타운스포츠센타,,2006-07-26,,187826.698183821,443925.52468616,체력단련장업,2026-04-28 22:30:15,I,03,폐업,0,2006-07-27 11:47:57,,1998-07-07,,152-826,,,서울특별시 구로구 고척동 73-3,,CDFH3301061998000003,,3160000,사립,서울특별시 구로구 경인로 393-7  (고척동),,03,폐업,,,
,,구로신협헬스센터,,2011-01-04,,190044.356571664,444515.0350076,체력단련장업,2026-04-28 22:30:15,I,03,폐업,0,2011-01-04 16:38:31,,1999-03-16,,152-860,,,서울특별시 구로구 구로동 546-1,,CDFH3301061999000002,,3160000,사립,서울특별시 구로구 공원로 71  (구로동),,03,폐업,,,
,,타워빌스포츠센타,,2003-03-20,,190101.571803215,444426.01649216,체력단련장업,2026-04-28 22:30:15,I,03,폐업,0,2003-05-28 14:14:31,,1999-05-28,,152-844,,,서울특별시 구로구 구로동 110-1,,CDFH3301061999000004,,3160000,사립,서울특별시 구로구 공원로 63  (구로동),,03,폐업,,,
0,0,우성헬스클럽,,2001-11-08,,189035.538796408,443022.606112742,체력단련장업,2026-04-28 22:30:15,I,03,폐업,,2003-04-18 15:20:21,,1999-12-28,,152-868,0,,서울특별시 구로구 구로동 685-456 5층-501호,,CDFH3301061999000005,,3160000,사립,"서울특별시 구로구 구일로2길 59  (구로동,5층-501호)",,03,폐업,,,
,,씨티헬스크럽,,2003-03-28,,187173.725729414,442678.332549373,체력단련장업,2026-04-28 22:30:15,I,03,폐업,0,2003-05-28 14:15:32,,2000-03-04,,152-815,,,서울특별시 구로구 개봉동 359-2,,CDFH3301062000000001,,3160000,사립,서울특별시 구로구 개봉로3길 9  (개봉동),,03,폐업,,,
0,0,바디스쿨,,2000-10-06,,191209.106092001,442361.551816606,체력단련장업,2026-04-28 22:30:15,I,03,폐업,,2012-06-15 11:30:23,,2000-02-29,,152-880,,,서울특별시 구로구 구로동 1125-5 4층,,CDFH3301062000000002,,3160000,사립,"서울특별시 구로구 시흥대로 563  (구로동,4층)",,03,폐업,,,
0,0,바오로헬쓰,,2001-05-11,,189254.222002,444462.228974472,체력단련장업,2026-04-28 22:30:15,I,03,폐업,,2003-04-18 15:20:21,,2000-03-27,,152-864,0,,서울특별시 구로구 구로동 600-59 4층,,CDFH3301062000000003,,3160000,사립,"서울특별시 구로구 경인로 554  (구로동,4층)",,03,폐업,,,26339924
,,리얼바디짐,,2021-07-05,,190847.613859557,442507.748860505,체력단련장업,2026-04-28 22:30:15,I,03,폐업,,2021-07-05 16:03:24,,2001-04-19,1453.74,152-848,,,서울특별시 구로구 구로동 188-5 벤쳐빌딩 지하1층,,CDFH3301062001000002,,3160000,사립,"서울특별시 구로구 디지털로32길 29 (구로동,벤쳐빌딩 지하1층)",08379,03,폐업,,,63006666
,,우성다이어트헬스클럽,,2005-06-21,,189035.538796408,443022.606112742,체력단련장업,2026-04-28 22:30:15,I,03,폐업,0,2005-06-21 11:38:07,,2001-07-19,,152-868,,,서울특별시 구로구 구로동 685-456 남부타운 501호,,CDFH3301062001000004,,3160000,사립,"서울특별시 구로구 구일로2길 59  (구로동,남부타운 501호)",,03,폐업,,,
0,,근육터짐지방빠짐,,2019-01-08,,185867.982684839,443187.336998108,체력단련장업,2026-04-28 22:30:15,I,03,폐업,,2019-01-08 14:06:41,,2002-09-24,111,152-897,0,,서울특별시 구로구 오류동 156-100 4층,,CDFH3301062002000001,,3160000,사립,"서울특별시 구로구 오류로 70, 4층 (오류동)",08343,03,폐업,,,
,,파씨헬스클럽,,2006-04-14,,188827.42661003,443736.545612462,체력단련장업,2026-04-28 22:30:15,I,03,폐업,0,2006-04-14 13:32:26,,2002-02-27,,152-868,,,서울특별시 구로구 구로동 685-154 3층301호,,CDFH3301062002000002,,3160000,사립,"서울특별시 구로구 구일로10길 49  (구로동,3층301호)",,03,폐업,,,
,,삼정 헬스클럽,,2010-04-06,,189432.385517396,444019.253245838,체력단련장업,2026-04-28 22:30:15,I,03,폐업,0,2010-04-07 08:48:22,,2002-02-27,,152-858,,,서울특별시 구로구 구로동 474-21 4층,,CDFH3301062002000004,,3160000,사립,"서울특별시 구로구 구로동로47길 20  (구로동,4층)",,03,폐업,,,
,,헬스매니아,,2018-01-18,,187419.42700011,444376.454424498,체력단련장업,2026-04-28 22:30:15,I,03,폐업,0,2018-01-18 20:26:24,,2002-12-12,226.26,152-828,,,서울특별시 구로구 고척동 134-33,,CDFH3301062002000006,,3160000,사립,서울특별시 구로구 경서로 47  (고척동),08232,03,폐업,,,26163456
,,그린헬스피아,,2014-09-02,,186245.715690576,444355.274132489,체력단련장업,2026-04-28 22:30:15,I,03,폐업,0,2014-09-02 20:08:25,,2003-06-11,,152-803,,,서울특별시 구로구 개봉동 63-35,,CDFH3301062003000001,,3160000,사립,서울특별시 구로구 고척로 101  (개봉동),,03,폐업,,,26858884
,,나노체육시설운영(주)구로지점 구로남스포츠센터,,2006-09-11,,190272.330766308,442529.889446924,체력단련장업,2026-04-28 22:30:15,I,03,폐업,0,2006-09-11 17:24:40,,2003-09-01,,152-849,,,서울특별시 구로구 구로동 253 구로남초등학교내,,CDFH3301062003000005,,3160000,사립,"서울특별시 구로구 디지털로27길 76  (구로동,구로남초등학교내)",,03,폐업,,,
,,태영헬스,,2009-07-13,,189618.752905327,444921.078748984,체력단련장업,2026-04-28 22:30:15,I,03,폐업,0,2009-07-13 16:58:17,,2004-03-03,,152-888,,,서울특별시 구로구 신도림동 437-1 태영프라자 407호,,CDFH3301062004000002,,3160000,사립,"서울특별시 구로구 경인로59길 8  (신도림동,태영프라자 407호)",,03,폐업,,,
,,씨티스포월드,,2011-06-30,,187173.725729414,442678.332549373,체력단련장업,2026-04-28 22:30:15,I,03,폐업,0,2011-06-30 10:50:36,,2004-03-16,,152-815,,,서울특별시 구로구 개봉동 359-2 6층,,CDFH3301062004000003,,3160000,사립,"서울특별시 구로구 개봉로3길 9  (개봉동,6층)",,03,폐업,,,
,,피렉스휘트니스,,2008-10-30,,191187.50683561,442350.225867324,체력단련장업,2026-04-28 22:30:15,I,03,폐업,0,2008-11-03 10:43:10,,2004-08-23,,152-880,,,서울특별시 구로구 구로동 1125-6,,CDFH3301062004000005,,3160000,사립,,,03,폐업,,,
,,비타민휘트니스,,2010-03-31,,187720.895550121,443864.959342112,체력단련장업,2026-04-28 22:30:15,I,03,폐업,0,2010-03-31 10:09:40,,2006-04-05,415,152-826,2,,서울특별시 구로구 고척동 72-7 근상골든타워 8층,,CDFH3301062006000002,,3160000,사립,"서울특별시 구로구 경인로 373  (고척동,근상골든타워 8층)",,03,폐업,,,26864707
1,1906,비 마인드,,2014-10-17,,189881.802514408,444586.416164196,체력단련장업,2026-04-28 22:30:15,I,03,폐업,0,2014-10-17 17:53:03,,2007-07-13,165,152-862,,,서울특별시 구로구 구로동 557-17 종우빌딩 3층,,CDFH3301062007000002,,3160000,사립,"서울특별시 구로구 새말로 52  (구로동,종우빌딩 3층)",,03,폐업,,,
1,,JK휘트니스,,2013-08-26,,187267.273190931,443935.701378911,체력단련장업,2026-04-28 22:30:15,I,03,폐업,0,2013-08-27 08:57:11,,2007-08-13,496,152-827,1,,서울특별시 구로구 고척동 92-8 가든상가 4층 401호 전체,,CDFH3301062007000005,,3160000,사립,"서울특별시 구로구 경인로 331  (고척동,가든상가 4층 401호 전체)",,03,폐업,,,
1,187697,리한휘트니스,,2015-03-03,,190005.132500398,445250.538868558,체력단련장업,2026-04-28 22:30:15,I,03,폐업,,2015-03-04 09:20:59,,2007-12-17,1087,152-748,,,"서울특별시 구로구 신도림동 337 신도림1차푸르지오 501호,401호",,CDFH3301062007000007,,3160000,사립,"서울특별시 구로구 경인로 661, 501,401호 (신도림동, 신도림1차푸르지오)",,03,폐업,,,
,1256,라인헬스클럽,,2012-05-30,,185209.114214157,443538.345924632,체력단련장업,2026-04-28 22:30:15,I,03,폐업,0,2012-05-30 10:11:44,,2008-11-03,208.48,152-883,,,서울특별시 구로구 궁동 207-42 4층,,CDFH3301062008000001,,3160000,사립,"서울특별시 구로구 부일로15길 17  (궁동,4층)",,03,폐업,,,
,2191,토니 짐,0,2013-03-13,,187209.757458807,443990.314807322,체력단련장업,2026-04-28 22:30:15,I,03,폐업,,2013-03-13 14:08:29,,2009-12-21,324.72,152-805,,0,서울특별시 구로구 개봉동 157-1 2층,,CDFH3301062009000003,0,3160000,사립,,,03,폐업,,,
,,Y GYM,0,2017-12-27,,190676.946162959,442113.916061607,체력단련장업,2026-04-28 22:30:15,I,03,폐업,,2017-12-27 13:30:22,,2011-05-16,,152-724,1,0,서울특별시 구로구 구로동 222-14 에이스하이엔드타워2차  304호,,CDFH3301062011000004,0,3160000,사립,"서울특별시 구로구 디지털로26길 61 (구로동,에이스하이엔드타워2차  304호)",08389,03,폐업,,,63405595
,,(주)유니토엔터테인먼트 엑스핏지점,0,2022-07-04,,190680.536850936,442392.645303533,체력단련장업,2026-04-28 22:30:15,I,03,폐업,,2022-07-04 18:10:48,,2011-05-20,250,152-790,,0,"서울특별시 구로구 구로동 212-8 대륭포스트타워1차   지하 106, 107호",,CDFH3301062011000005,0,3160000,사립,"서울특별시 구로구 디지털로 288 (구로동,대륭포스트타워1차   지하 106, 107호)",08390,03,폐업,,,
,,힐링스포앤스파,0,2013-04-02,,189047.773084017,444715.218537294,체력단련장업,2026-04-28 22:30:15,I,03,폐업,,2013-04-03 08:45:53,,2011-06-15,,152-710,1,0,서울특별시 구로구 구로동 611-26 오퍼스1 지하1층 B75호,,CDFH3301062011000006,0,3160000,사립,"서울특별시 구로구 구로중앙로 207,  B75호 (구로동,오퍼스1 지하1층)",,03,폐업,,,
1,,Fit Boss GYM,0,2023-09-11,,190346.826581033,444563.731308216,체력단련장업,2026-04-28 22:30:15,I,03,폐업,,2023-09-11 10:21:34,,2012-04-27,104.59,152-838,1,0,서울특별시 구로구 구로동 43-2 예원아파트 1층 101호,,CDFH3301062012000005,0,3160000,사립,"서울특별시 구로구 새말로16길 56, 1층 101호 (구로동, 예원아파트)",08296,03,폐업,,,070-8725-1122
,,구로체력단련장,0,2012-12-05,,189758.383739479,443017.371582195,체력단련장업,2026-04-28 22:30:15,I,03,폐업,,2012-12-05 16:15:24,,2012-08-21,140.15,152-872,1,0,서울특별시 구로구 구로동 735-9 1층,,CDFH3301062012000010,0,3160000,사립,"서울특별시 구로구 구로동로22길 8-5, 1층 (구로동)",,03,폐업,,,
1,,다온핏,0,2023-01-30,,187433.534139461,443461.41933817,체력단련장업,2026-04-28 22:30:15,I,03,폐업,,2023-01-30 16:07:41,,2012-10-26,,152-818,,0,서울특별시 구로구 개봉동 407-18,,CDFH3301062012000011,0,3160000,사립,서울특별시 구로구 개봉로20길 78 (개봉동),08329,03,폐업,,,02-2688-4425
,,Fitness K,0,2019-01-07,,190609.413674522,442782.030555155,체력단련장업,2026-04-28 22:30:15,I,03,폐업,,2019-01-07 11:21:19,,2013-09-13,1335,152-847,2,0,서울특별시 구로구 구로동 170-10 대륭포스트타워7차 3층,,CDFH3301062013000005,0,3160000,사립,"서울특별시 구로구 디지털로33길 48, 3층 301,302,303,304,309,310호 (구로동, 대륭포스트타워7차)",08377,03,폐업,,,21082000
,,머슬마인드짐 구로역점,0,2019-12-31,,189624.428291798,444138.719245368,체력단련장업,2026-04-28 22:30:15,I,03,폐업,,2019-12-31 09:59:36,,2013-12-19,118,152-858,1,0,서울특별시 구로구 구로동 500-17 2층,,CDFH3301062013000007,0,3160000,사립,"서울특별시 구로구 구로중앙로31길 2, 2층 (구로동)",08280,03,폐업,,,070-8725-1122
,118,스키니스퍼스널트레이닝,0,2019-01-16,,189372.1910653,444854.451693268,체력단련장업,2026-04-28 22:30:15,I,03,폐업,,2019-01-16 15:01:03,,2014-05-20,118.16,152-774,1,0,서울특별시 구로구 신도림동 642 대림2차아파트 상가동 205호,,CDFH3301062014000002,0,3160000,사립,"서울특별시 구로구 신도림로 16, 상가동 205호 (신도림동, e편한세상대림2차@)",08211,03,폐업,,,02-2679-0772
,,그루브짐,0,2017-06-12,,189481.293876149,443317.667265998,체력단련장업,2026-04-28 22:30:15,I,03,폐업,,2017-07-06 13:56:58,,2014-06-13,69,152-852,1,0,서울특별시 구로구 구로동 403-9 지층,,CDFH3301062014000004,0,3160000,사립,"서울특별시 구로구 가마산로11길 1, 지층 (구로동)",08287,03,폐업,,,
,726,체인지 업 휘트니스,0,2024-11-04,,189052.101789082,443748.279289935,체력단련장업,2026-04-28 22:30:15,I,03,폐업,,2024-11-04 10:17:45,,2014-07-15,,152-868,2,0,서울특별시 구로구 구로동 685-140 사모아쇼핑 5층,,CDFH3301062014000005,0,3160000,사립,"서울특별시 구로구 구일로10길 93, 5층 (구로동, 사모아쇼핑)",08323,03,폐업,,,02-865-8055
,,(피투사) FIT U.S.A.,0,2018-09-20,,189732.053483965,444965.977013923,체력단련장업,2026-04-28 22:30:15,I,03,폐업,,2018-09-20 16:35:57,,2016-04-07,116,,1,0,서울특별시 구로구 신도림동 431-9 2층,,CDFH3301062016000004,0,3160000,사립,"서울특별시 구로구 경인로 619-1, 2층 (신도림동)",08210,03,폐업,,,02-2636-0887
,,이루리짐,0,2019-01-11,,187267.273190931,443935.701378911,체력단련장업,2026-04-28 22:30:15,I,03,폐업,,2019-01-11 11:48:44,,2016-05-03,496,,2,0,서울특별시 구로구 고척동 92-8 가든상가 4층 401호,,CDFH3301062016000005,0,3160000,사립,"서울특별시 구로구 경인로 331, 4층 401호 (고척동, 가든상가)",08226,03,폐업,,,02-2060-5582
,49587,브레인피트니스,0,2025-03-31,,190609.413674522,442782.030555155,체력단련장업,2026-04-28 22:30:15,I,03,폐업,,2025-03-31 13:41:21,,2016-10-14,78.32,,1,0,서울특별시 구로구 구로동 170-10 대륭포스트타워7차 지하113호,,CDFH3301062016000009,0,3160000,사립,"서울특별시 구로구 디지털로33길 48, 대륭포스트타워7차 지하113호 (구로동)",08377,03,폐업,,,
,38080,카멜레온피티,0,2018-10-02,,190491.833060361,442477.332680657,체력단련장업,2026-04-28 22:30:15,I,03,폐업,,2018-10-02 13:31:01,,2017-01-04,102.17,,1,0,,,CDFH3301062017000001,0,3160000,사립,"서울특별시 구로구 디지털로29길 38, 211-1호 (구로동, 에이스테크노타워Ⅲ)",08381,03,폐업,,,02-2109-1191
,,바키GYM,0,2025-03-25,,190156.399992266,445369.517787461,체력단련장업,2026-04-28 22:30:15,I,03,폐업,,2025-03-25 16:09:03,,2017-08-04,111,,1,0,,,CDFH3301062017000005,0,3160000,사립,"서울특별시 구로구 경인로67길 23, 101층 213호 (신도림동, 신도림2차푸르지오)",08208,03,폐업,,,
,,클래스짐 이엑스,0,2024-10-04,,187180.111915208,443491.837963719,체력단련장업,2026-04-28 22:30:15,I,03,폐업,,2024-10-04 16:08:42,,2019-01-02,,,1,0,서울특별시 구로구 개봉동 403-22 개봉동청송빌딩 4층호,,CDFH3301062019000001,0,3160000,사립,"서울특별시 구로구 개봉로19길 39, 개봉동청송빌딩 4층 (개봉동)",08337,03,폐업,,,
,,FORWARD GYM,0,2023-03-15,,184307.007990801,441975.356924364,체력단련장업,2026-04-28 22:30:15,I,03,폐업,,2023-03-15 14:47:18,,2020-05-08,104.54,,,0,서울특별시 구로구 항동 122 항동프라자,,CDFH3301062020000003,0,3160000,사립,"서울특별시 구로구 서해안로 2098, 항동프라자 401호 (항동)",08368,03,폐업,,,02-2066-2356
,,로키크로스핏,0,2025-05-15,,190049.962896372,445486.300699509,체력단련장업,2026-04-28 22:30:15,I,03,폐업,,2025-05-15 13:43:05,,2021-02-18,181.8,,,0,서울특별시 구로구 신도림동 330-48 1층,,CDFH3301062021000004,0,3160000,사립,"서울특별시 구로구 경인로67길 67-25, 1층 (신도림동)",08208,03,폐업,,,
,25438,메이드짐,0,2022-08-12,,190553.19929924,442817.101422194,체력단련장업,2026-04-28 22:30:15,I,03,폐업,,2022-08-12 17:45:42,,2022-06-03,322.53,,,0,서울특별시 구로구 구로동 170-13 벽산디지털밸리7차,,CDFH3301062022000004,0,3160000,사립,"서울특별시 구로구 디지털로33길 50, 벽산디지털밸리7차 2층 201,202호 (구로동)",08377,03,폐업,,,
,54633,비엠 더 프라이빗 구로디지털점,0,2024-10-22,,190741.158117503,442703.311770946,체력단련장업,2026-04-28 22:30:15,I,03,폐업,,2024-10-22 18:09:38,,2022-07-28,142.24,,1,0,서울특별시 구로구 구로동 184-1 우림이비지센터2차 208호,,CDFH3301062022000008,0,3160000,사립,"서울특별시 구로구 디지털로33길 12, 우림이비지센터2차 208호 (구로동)",08377,03,폐업,,,02-857-5881
,2123,옐로우 팩토리,0,2025-09-03,,187424.36958617,444864.135515048,체력단련장업,2026-04-28 22:30:15,I,03,폐업,,2025-09-03 17:48:59,,2022-09-22,238.14,,1,0,서울특별시 구로구 고척동 194-27,,CDFH3301062022000009,0,3160000,사립,"서울특별시 구로구 고척로 230, 2층 (고척동)",08228,03,폐업,,,02-2066-6653
,,지금부터핏,0,2025-01-21,,187380.144578474,443688.520117425,체력단련장업,2026-04-28 22:30:15,I,03,폐업,,2025-01-21 09:53:27,,2023-04-24,127.45,,,0,서울특별시 구로구 개봉동 171-15 금정빌딩,,CDFH3301062023000004,0,3160000,사립,"서울특별시 구로구 개봉로23가길 31, 금정빌딩 3층 (개봉동)",08277,03,폐업,,,
,,베르 피티(Verre PT),0,2025-06-24,,184805.54721931,443941.01285745,체력단련장업,2026-04-28 22:30:15,I,03,폐업,,2025-06-24 17:14:43,,2023-09-04,125.1,,1,0,서울특별시 구로구 궁동 283-1 성문빌딩,,CDFH3301062023000008,0,3160000,사립,"서울특별시 구로구 오리로 1301, 성문빌딩 2층 (궁동)",08257,03,폐업,,,
,,"PT, 여기요",0,2025-04-22,,185737.497931032,442700.90920088,체력단련장업,2026-04-28 22:30:16,I,03,폐업,,2025-04-22 16:34:56,,2024-06-28,56.94,,1,0,서울특별시 구로구 천왕동 280-12 새롬스타빌,,CDFH3301062024000005,0,3160000,사립,"서울특별시 구로구 오류로 20, 새롬스타빌 4층 403호 (천왕동)",08342,03,폐업,,,
,340896,코트야드 피트니스 센터,0,2023-10-18,,191385.057392247,446098.555926507,체력단련장업,2026-04-28 22:31:07,I,03,폐업,,2023-10-19 17:04:34,,2009-10-29,162.71,150-798,,0,서울특별시 영등포구 영등포동4가 442 (주)경방타임스퀘어 4층,,CDFH3301062009000006,0,3180000,사립,"서울특별시 영등포구 영중로 15  (영등포동4가,(주)경방타임스퀘어 4층)",,03,폐업,,,26383090
1,6060,STAR GYM,0,2019-05-08,,192100.09731637,446237.843470409,체력단련장업,2026-04-28 22:31:07,I,03,폐업,,2019-05-09 17:16:11,,2010-07-23,,150-033,,0,서울특별시 영등포구 영등포동3가 1 필링크타워 지하1층,,CDFH3301062010000001,0,3180000,사립,"서울특별시 영등포구 영등포로 272  (영등포동3가,필링크타워 지하1층)",,03,폐업,,,20688333
1,1576,이지 휘트니스,0,2015-12-30,,191110.906179976,448026.231040816,체력단련장업,2026-04-28 22:31:07,I,03,폐업,,2015-12-30 16:20:25,,2010-09-09,,150-045,1,0,서울특별시 영등포구 당산동5가 33-5 4층,,CDFH3301062010000002,0,3180000,사립,"서울특별시 영등포구 양평로 55  (당산동5가,4층)",,03,폐업,,,26777775
,14711,인도어사이클링,0,2022-05-03,,191536.037141169,447172.053366478,체력단련장업,2026-04-28 22:31:07,I,03,폐업,,2022-04-26 09:19:19,,2011-03-15,252,150-038,,0,서울특별시 영등포구 영등포동8가 35-1 KT영등포지사 1층,,CDFH3301062011000002,0,3180000,사립,"서울특별시 영등포구 영중로 119 (영등포동8가,KT영등포지사 1층)",,03,폐업,,,26341092
1,,에스아이피엠스포죤(주)영등포점,0,2012-07-31,,190962.87777854,448191.644571742,체력단련장업,2026-04-28 22:31:08,I,03,폐업,,2012-07-31 13:41:57,,2011-06-15,290.89,150-104,1,0,서울특별시 영등포구 양평동4가 156-1 삼성화재 영등포사옥 12층,,CDFH3301062011000004,0,3180000,사립,"서울특별시 영등포구 양평로 76  (양평동4가,삼성화재 영등포사옥 12층)",,03,폐업,,,
,,커브스 당산클럽,0,2023-12-26,,191186.037189337,447739.896956998,체력단련장업,2026-04-28 22:31:08,I,03,폐업,,2023-12-28 16:24:09,,2012-04-02,111.61,150-045,1,0,서울특별시 영등포구 당산동5가 11-34 삼성타운 303호,,CDFH3301062012000001,0,3180000,사립,"서울특별시 영등포구 당산로44길 3, 303호 (당산동5가)",07214,03,폐업,,,02-897-9119
,,네이쳐 휘트니스,0,2022-07-06,,192654.926389121,445917.021217324,체력단련장업,2026-04-28 22:31:08,I,03,폐업,,2022-06-14 09:45:52,,2012-05-03,224,150-837,,0,서울특별시 영등포구 신길동 50-2,,CDFH3301062012000002,0,3180000,사립,"서울특별시 영등포구 영등포로 347, 10층 (신길동)",07318,03,폐업,,,
,,당산 체력단련장,0,2012-10-08,,191269.011197173,448039.161845038,체력단련장업,2026-04-28 22:31:08,I,03,폐업,,2012-10-08 12:58:17,,2012-06-12,127.73,150-809,,0,서울특별시 영등포구 당산동6가 304-2,,CDFH3301062012000003,0,3180000,사립,"서울특별시 영등포구 당산로 233, 3층 (당산동6가)",,03,폐업,,,
,,(주)젠스타 휘트니스 영등포점,0,2013-08-06,,190962.87777854,448191.644571742,체력단련장업,2026-04-28 22:31:08,I,03,폐업,,2013-08-08 09:38:59,,2012-08-01,,150-867,2,0,서울특별시 영등포구 양평동4가 156-1,,CDFH3301062012000004,0,3180000,사립,"서울특별시 영등포구 양평로 76, 12층 (양평동4가, 삼성화재 영등포사옥)",,03,폐업,,,02-2671-1133
,,맨하탄 체력장,0,2023-04-28,,193469.554731741,446508.068667777,체력단련장업,2026-04-28 22:31:08,I,03,폐업,,2023-04-28 09:33:29,,2012-08-09,197,150-749,,0,서울특별시 영등포구 여의도동 36-2,,CDFH3301062012000005,0,3180000,사립,"서울특별시 영등포구 국제금융로6길 33, 지하1층 (여의도동)",07331,03,폐업,,,
,264,해피,0,2013-03-22,,191739.266526396,446080.166512621,체력단련장업,2026-04-28 22:31:08,I,03,폐업,,2013-03-25 10:25:39,,2012-09-04,132.23,150-033,,0,서울특별시 영등포구 영등포동3가 10-6,,CDFH3301062012000006,0,3180000,사립,"서울특별시 영등포구 경인로 853, 2층 (영등포동3가)",,03,폐업,,,
,5406,튼튼체력단련장,0,2013-02-06,,191616.285409253,446238.776340506,체력단련장업,2026-04-28 22:31:08,I,03,폐업,,2013-02-07 10:55:07,,2012-09-14,135.5,150-033,1,0,서울특별시 영등포구 영등포동3가 8,,CDFH3301062012000007,0,3180000,사립,"서울특별시 영등포구 영중로 22, 110호 (영등포동3가, 남서울빌딩)",,03,폐업,,,
,,스카이 휘트니스,0,2013-01-23,,191562.894420316,446375.319049694,체력단련장업,2026-04-28 22:31:08,I,03,폐업,,2013-01-24 09:35:16,,2012-10-15,220.6,150-033,,0,서울특별시 영등포구 영등포동3가 6,,CDFH3301062012000008,0,3180000,사립,"서울특별시 영등포구 영등포로 216 (영등포동3가, 지하 1층)",,03,폐업,,,
,,달인 체력단련장,0,2012-12-05,,191745.095166022,446335.318526263,체력단련장업,2026-04-28 22:31:08,I,03,폐업,,2012-12-05 12:35:25,,2012-10-15,71.83,150-033,,0,서울특별시 영등포구 영등포동3가 4-14,,CDFH3301062012000009,0,3180000,사립,서울특별시 영등포구 영등포로 234-1 (영등포동3가),,03,폐업,,,
,,세븐,0,2012-12-18,,191753.057791508,446332.055886344,체력단련장업,2026-04-28 22:31:08,I,03,폐업,,2012-12-18 17:40:36,,2012-11-02,78.64,150-033,1,0,서울특별시 영등포구 영등포동3가 4-4,,CDFH3301062012000010,0,3180000,사립,서울특별시 영등포구 영등포로 236 (영등포동3가),,03,폐업,,,
,,잠자리 체력단련장,0,2013-02-20,,191616.285409253,446238.776340506,체력단련장업,2026-04-28 22:31:08,I,03,폐업,,2013-02-20 17:08:27,,2012-11-26,165.62,150-033,,0,서울특별시 영등포구 영등포동3가 8,,CDFH3301062012000011,0,3180000,사립,"서울특별시 영등포구 영중로 22 (영등포동3가, 지층)",,03,폐업,,,
,3277,엔 휘트니스,0,2017-07-31,,191949.346962659,445461.550055659,체력단련장업,2026-04-28 22:31:08,I,03,폐업,,2017-07-31 16:21:16,,2013-07-15,459.4,150-829,,0,서울특별시 영등포구 도림동 32-11,,CDFH3301062013000004,0,3180000,사립,"서울특별시 영등포구 신길로 215, 2층 (도림동)",,03,폐업,,,
,,커브스여의도클럽,0,2019-05-09,,193915.13139016,446295.859134763,체력단련장업,2026-04-28 22:31:08,I,03,폐업,,2019-05-09 17:32:57,,2013-07-26,175.84,150-895,1,0,서울특별시 영등포구 여의도동 54-2,,CDFH3301062013000005,0,3180000,사립,"서울특별시 영등포구 여의대방로 386, 3층 (여의도동)",07343,03,폐업,,,02-761-3016
,,에코사이클링 영등포센터,0,2022-05-03,,191518.75555489,446809.632652641,체력단련장업,2026-04-28 22:31:08,I,03,폐업,,2022-04-26 09:18:14,,2014-04-11,393.13,150-037,,0,서울특별시 영등포구 영등포동7가 47-3,,CDFH3301062014000002,0,3180000,사립,서울특별시 영등포구 영중로 79 (영등포동7가),07245,03,폐업,,,
,,바디시크릿,0,2022-05-31,,193281.875201994,445570.814215436,체력단련장업,2026-04-28 22:31:08,I,03,폐업,,2022-05-25 11:38:19,,2014-07-24,720.66,150-855,2,0,서울특별시 영등포구 신길동 1300 정오빌딩,,CDFH3301062014000005,0,3180000,사립,"서울특별시 영등포구 영등포로 422, 5층 (신길동, 정오빌딩)",07354,03,폐업,,,02-831-7018
,826,홍샘의 필라테스,0,2020-03-10,,191954.131669663,443477.984573011,체력단련장업,2026-04-28 22:31:08,I,03,폐업,,2020-03-10 11:38:36,,2015-02-09,112.31,150-860,1,0,서울특별시 영등포구 신길동 4824 방주빌딩,,CDFH3301062015000003,0,3180000,사립,"서울특별시 영등포구 여의대방로 11, 6층 (신길동, 방주빌딩)",07437,03,폐업,,,02-2060-3817
,9719,커브스 문래클럽,0,2017-07-04,,190121.308341551,446385.28413493,체력단련장업,2026-04-28 22:31:08,I,03,폐업,,2017-07-04 19:21:04,,2015-02-23,,150-096,1,0,서울특별시 영등포구 문래동6가 5 동신타워 208호,,CDFH3301062015000004,0,3180000,사립,"서울특별시 영등포구 선유로 63, 208호 (문래동6가, 동신타워)",07281,03,폐업,,,26311330
,14925,메가휘트니스,0,2022-09-21,,190866.605827116,446211.615914248,체력단련장업,2026-04-28 22:31:08,I,03,폐업,,2022-09-22 12:50:05,,2015-04-02,,150-990,1,0,서울특별시 영등포구 문래동3가 55-4 문래동메가트리움 101동 비120호,,CDFH3301062015000007,0,3180000,사립,"서울특별시 영등포구 문래로26길 6 (문래동3가, 문래동메가트리움101동비120호)",07297,03,폐업,,,02-3667-5669
,1991,뉴그린(P.T스튜디오)샾,0,2022-05-03,,194056.681860495,446279.083804498,체력단련장업,2026-04-28 22:31:08,I,03,폐업,,2022-04-26 09:07:29,,2015-09-24,198.6,,1,0,서울특별시 영등포구 여의도동 53-3 은하빌딩 지하1층,,CDFH3301062015000011,0,3180000,사립,"서울특별시 영등포구 국제금융로 108, 지하1층 (여의도동, 은하빌딩)",07343,03,폐업,,,
,,DM.GYM,0,2019-02-27,,193090.283635996,444927.586176205,체력단련장업,2026-04-28 22:31:08,I,03,폐업,,2019-02-27 09:50:14,,2016-04-08,114.68,,,0,서울특별시 영등포구 신길동 1136 3층,,CDFH3301062016000002,0,3180000,사립,"서울특별시 영등포구 여의대방로 219, 3층 (신길동)",07359,03,폐업,,,02-834-3578
,1929,팀닥터,0,2017-06-28,,192750.403282043,445817.780017421,체력단련장업,2026-04-28 22:31:08,I,03,폐업,,2017-06-28 11:24:19,,2016-06-22,58.83,,,0,서울특별시 영등포구 신길동 98-15,,CDFH3301062016000006,0,3180000,사립,"서울특별시 영등포구 영등포로 363, 3층 (신길동, HY빌딩)",07318,03,폐업,,,
,,더 킹 피트니스,0,2022-07-06,,190682.708085846,448182.014130496,체력단련장업,2026-04-28 22:31:08,I,03,폐업,,2022-06-14 09:49:58,,2017-04-21,250.09,,,0,서울특별시 영등포구 양평동4가 81,,CDFH3301062017000002,0,3180000,사립,"서울특별시 영등포구 선유로47길 16, 6층 (양평동4가, 오오1004빌딩)",07208,03,폐업,,,26729696
,,하모니트레이닝센터,0,2021-04-19,,192946.280189392,445685.944518825,체력단련장업,2026-04-28 22:31:08,I,03,폐업,,2021-04-19 14:10:58,,2017-09-29,364.27,,2,0,,,CDFH3301062017000008,0,3180000,사립,"서울특별시 영등포구 영등포로 386, 지하1층 (신길동, 동인빌딩)",07353,03,폐업,,,
,,커브스 보라매클럽,0,2023-05-02,,192861.759024231,444111.995741959,체력단련장업,2026-04-28 22:31:08,I,03,폐업,,2023-05-02 17:13:02,,2018-08-27,191.04,,,0,서울특별시 영등포구 신길동 478,,CDFH3301062018000005,0,3180000,사립,"서울특별시 영등포구 여의대방로 135, 3층 (신길동)",07432,03,폐업,,,02-832-7330
,,바디 챌린지,0,2023-09-21,,190737.84902102,446674.278542881,체력단련장업,2026-04-28 22:31:09,I,03,폐업,,2023-10-04 09:23:01,,2019-06-10,65.76,,1,0,서울특별시 영등포구 당산동1가 254-20,,CDFH3301062019000007,0,3180000,사립,"서울특별시 영등포구 당산로 84-1, 2층 (당산동1가)",07266,03,폐업,,,02-2633-8151
,,온앤온짐,,2025-10-30,,192565.493522349,444312.914685658,체력단련장업,2026-04-28 22:31:09,I,03,폐업,,2025-10-30 16:36:48,,2020-02-21,,,,,서울특별시 영등포구 신길동 2332,,CDFH3301062020000002,,3180000,사립,서울특별시 영등포구 신풍로17길 12 (신길동),07392,03,폐업,,,
,,크로스핏 쿠타짐 영등포,0,2024-09-24,,190597.741983905,447541.75617614,체력단련장업,2026-04-28 22:31:09,I,03,폐업,,2024-11-15 17:47:44,,2020-09-29,317.12,,2,0,서울특별시 영등포구 양평동3가 77-53 케이타워,,CDFH3301062020000012,0,3180000,사립,"서울특별시 영등포구 선유동2로 9, 케이타워 (양평동3가)",07218,03,폐업,,,
,,신길PT,0,2023-07-31,,191667.092318061,444856.298341376,체력단련장업,2026-04-28 22:31:09,I,03,폐업,,2023-07-31 16:40:37,,2022-03-08,93.85,,1,0,서울특별시 영등포구 신길동 324-37 용성빌딩(JYS빌딩),,CDFH3301062022000003,0,3180000,사립,"서울특별시 영등포구 가마산로 451, 용성빌딩(JYS빌딩) 4층 (신길동)",07383,03,폐업,,,
,2871,크로스핏 쿠타짐 영등포,0,2024-09-24,,190597.741983905,447541.75617614,체력단련장업,2026-04-28 22:31:10,I,03,폐업,,2024-09-24 18:46:16,,2022-10-20,317.1,,,0,서울특별시 영등포구 양평동3가 77-53 케이타워 지하1층,,CDFH3301062022000026,0,3180000,사립,"서울특별시 영등포구 선유동2로 9, 케이타워 지하1층 (양평동3가)",07218,03,폐업,,,
,,더 바디 스튜디오,0,2025-11-24,,191092.2107263,448179.732935001,체력단련장업,2026-04-28 22:31:10,I,03,폐업,,2025-11-24 11:30:45,,2024-07-08,265,,,0,서울특별시 영등포구 당산동6가 341-1,,CDFH3301062024000011,0,3180000,사립,"서울특별시 영등포구 선유로54길 14, 지층 (당산동6가)",07222,03,폐업,,,
,,O.P.T,0,2025-10-30,,192720.093298554,444242.485144362,체력단련장업,2026-04-28 22:31:10,I,03,폐업,,2025-10-30 16:36:54,,2024-07-15,35,,,0,서울특별시 영등포구 신길동 509-1 동성빌딩,,CDFH3301062024000012,0,3180000,사립,"서울특별시 영등포구 신풍로23길 3, 동성빌딩 (신길동)",07392,03,폐업,,,
,142,바벨 마스터,0,2025-09-29,,191919.729209077,443737.390335321,체력단련장업,2026-04-28 22:31:11,I,03,폐업,,2025-09-29 10:47:54,,2025-02-19,26.4,,1,0,서울특별시 영등포구 신길동 4730,,CDFH3301062025000003,0,3180000,사립,"서울특별시 영등포구 신길로8길 9, 1층 (신길동)",07436,03,폐업,,,
0,0,중앙헬스로빅,,2000-07-10,,,,체력단련장업,2026-04-28 22:31:06,I,03,폐업,,2003-04-18 15:28:04,,1997-10-24,,150-034,0,,서울특별시 영등포구 영등포동4가 89,,CDFH3301061997000002,,3180000,사립,,,03,폐업,,,26350663
0,0,중앙남여,,2022-07-06,,190857.130325025,443428.617218158,체력단련장업,2026-04-28 22:31:06,I,03,폐업,,2022-06-14 09:32:16,,1998-12-14,,,,,서울특별시 영등포구 대림동 1050-1,,CDFH3301061998000001,,3180000,사립,"서울특별시 영등포구 도림로 136 (대림동, 귀영빌딩)",07417,03,폐업,,,
,,생활체육마당,,2019-06-21,,193882.109246282,446872.758717766,체력단련장업,2026-04-28 22:31:06,I,03,폐업,,2019-06-21 10:39:47,,1998-01-16,,,,,서울특별시 영등포구 여의도동 30-3,,CDFH3301061998000002,,3180000,사립,"서울특별시 영등포구 국제금융로7길 15 (여의도동, 여의상가)",07338,03,폐업,,,
,,국민헬스클럽,,2007-12-20,,191149.079819166,443079.668086593,체력단련장업,2026-04-28 22:31:06,I,03,폐업,0,2007-12-20 15:41:51,,1998-04-27,,150-824,,,서울특별시 영등포구 대림동 1025-94,,CDFH3301061998000003,,3180000,사립,서울특별시 영등포구 디지털로 366  (대림동),,03,폐업,,,
0,0,파워헬쓰,,2022-07-06,,190999.080564551,443951.057588581,체력단련장업,2026-04-28 22:31:06,I,03,폐업,,2022-06-14 09:33:54,,1998-12-14,,,,,서울특별시 영등포구 대림동 692-1,,CDFH3301061998000004,,3180000,사립,"서울특별시 영등포구 대림로 188 (대림동, 로빌딩)",07410,03,폐업,,,
,,대림헬스타운,,2022-07-06,,191358.407342999,443308.2238195,체력단련장업,2026-04-28 22:31:06,I,03,폐업,,2022-06-14 09:34:18,,1999-12-21,,,,,서울특별시 영등포구 대림동 863-10,,CDFH3301061999000001,,3180000,사립,"서울특별시 영등포구 디지털로 396-1 (대림동, 광윤빌딩)",07438,03,폐업,,,
,4306,문래청소년수련관,,2007-04-12,,190562.176986924,446302.898505865,체력단련장업,2026-04-28 22:31:06,I,03,폐업,0,2007-04-12 10:26:15,,1999-03-17,128.92,150-835,1,,서울특별시 영등포구 문래동3가 73-0,,CDFH3301061999000002,,3180000,사립,서울특별시 영등포구 문래로 110  (문래동3가),,03,폐업,,,
,,J. Fitness,,2022-05-31,,191016.849940064,443617.939429105,체력단련장업,2026-04-28 22:31:06,I,03,폐업,,2022-05-25 13:11:25,,1999-06-07,,,,,서울특별시 영등포구 대림동 710-11,,CDFH3301061999000003,,3180000,사립,"서울특별시 영등포구 도림로 159 (대림동, 대창신용협동조합 사옥)",07413,03,폐업,,,
,,태양헬스,,2005-03-08,,191859.757252434,443736.812787665,체력단련장업,2026-04-28 22:31:06,I,03,폐업,0,2005-11-07 14:40:01,,1999-12-24,,150-860,,,서울특별시 영등포구 신길동 4677-0,,CDFH3301061999000004,,3180000,사립,서울특별시 영등포구 신길로 36  (신길동),,03,폐업,,,
0,0,다이나믹,,2019-03-19,,191670.513201499,446588.521167983,체력단련장업,2026-04-28 22:31:06,I,03,폐업,,2019-03-20 16:52:06,,1999-10-13,,,,,서울특별시 영등포구 영등포동5가 108-0,,CDFH3301061999000005,,3180000,사립,서울특별시 영등포구 영중로22길 10 (영등포동5가),07250,03,폐업,,,26344999
,,휘트니스클럽,,2007-09-18,,192866.856097244,447341.334688661,체력단련장업,2026-04-28 22:31:06,I,03,폐업,0,2007-09-21 14:46:54,,1999-10-16,,150-872,,,서울특별시 영등포구 여의도동 15-13,,CDFH3301061999000006,,3180000,사립,서울특별시 영등포구 국회대로68길 24  (여의도동),,03,폐업,,,
,,바디체인지헬스,,2024-05-28,,190721.417931753,444571.769293729,체력단련장업,2026-04-28 22:31:06,I,03,폐업,,2024-05-30 14:03:17,,1999-12-21,161.67,,,,서울특별시 영등포구 대림동 784-0,,CDFH3301061999000007,,3180000,사립,서울특별시 영등포구 대림로 251 (대림동),07377,03,폐업,,,
0,0,중앙헬쓰,,2022-07-06,,191724.249054466,445760.758618585,체력단련장업,2026-04-28 22:31:06,I,03,폐업,,2022-06-14 09:57:54,,1999-03-24,,,,,서울특별시 영등포구 영등포동 618-69 오학빌딩5층,,CDFH3301061999000009,,3180000,사립,"서울특별시 영등포구 영신로17길 8, 5층 (영등포동, 오학빌딩)",07366,03,폐업,,,
,,대성헬스클럽,,2008-06-19,,191437.024458243,443983.4363033,체력단련장업,2026-04-28 22:31:06,I,03,폐업,0,2008-06-19 16:54:38,,1999-03-29,102.14,150-850,,,서울특별시 영등포구 신길동 413-10,,CDFH3301061999000010,,3180000,사립,서울특별시 영등포구 도림로 215  (신길동),,03,폐업,,,
,,라이온헬스크럽,,2008-01-25,,191794.605528557,445763.325730249,체력단련장업,2026-04-28 22:31:06,I,03,폐업,0,2008-01-24 18:25:23,,2000-05-10,,150-899,,,서울특별시 영등포구 영등포동 618-38,,CDFH3301062000000001,,3180000,사립,서울특별시 영등포구 영신로 29  (영등포동),,03,폐업,,,
0,0,파워라인헬쓰클럽,,2022-07-06,,193844.169062846,446511.783285705,체력단련장업,2026-04-28 22:31:06,I,03,폐업,,2022-06-14 09:54:11,,2000-10-25,,150-889,,,서울특별시 영등포구 여의도동 43-3 홍우빌딩508호,,CDFH3301062000000003,,3180000,사립,"서울특별시 영등포구 국제금융로 78 (여의도동,홍우빌딩508호)",,03,폐업,,,37751979
,935,아이캔 휘트니스,,2012-11-30,,190859.957738746,444729.949790291,체력단련장업,2026-04-28 22:31:06,I,03,폐업,0,2012-12-03 13:19:41,,2000-06-27,187.74,150-811,,,서울특별시 영등포구 대림동 604-30,,CDFH3301062000000004,,3180000,사립,서울특별시 영등포구 도신로 40  (대림동),,03,폐업,,,
0,0,레인보우헬스다이어트클럽,,2022-07-06,,191336.451130592,446689.549646816,체력단련장업,2026-04-28 22:31:06,I,03,폐업,,2022-06-14 10:02:17,,2000-03-22,,150-036,,,서울특별시 영등포구 영등포동6가 137-1,,CDFH3301062000000005,,3180000,사립,서울특별시 영등포구 영신로44길 9 (영등포동6가),,03,폐업,,,
,,바디헬스,,2005-04-21,,191014.030018589,447399.554176231,체력단련장업,2026-04-28 22:31:06,I,03,폐업,0,2005-11-08 10:14:34,,2000-04-21,,150-805,,,서울특별시 영등포구 당산동4가 32-64,,CDFH3301062000000006,,3180000,사립,서울특별시 영등포구 당산로38길 10  (당산동4가),,03,폐업,,,
,,에스피스포츠클럽,,2005-03-03,,193466.508883249,446931.443639839,체력단련장업,2026-04-28 22:31:06,I,03,폐업,0,2005-06-02 16:19:44,,2000-06-03,,150-877,,,서울특별시 영등포구 여의도동 24-0 두레빌딩 3층,,CDFH3301062000000007,,3180000,사립,"서울특별시 영등포구 국제금융로2길 7  (여의도동,두레빌딩 3층)",,03,폐업,,,
,,월드체력단련장,,2022-04-23,,191012.955745929,446560.471639156,체력단련장업,2026-04-28 22:31:07,I,03,폐업,,2022-04-21 10:21:31,,2000-06-21,,,,,서울특별시 영등포구 당산동1가 83-0,,CDFH3301062000000008,,3180000,사립,서울특별시 영등포구 영등포로 157 (당산동1가),07267,03,폐업,,,26331176
,,라이브스포츠헬스클럽(체력단련장),,2022-03-23,,193737.480223837,446434.303266393,체력단련장업,2026-04-28 22:31:07,I,03,폐업,,2022-03-23 09:56:19,,2000-08-04,,,,,"서울특별시 영등포구 여의도동 44-27 하남빌딩 B1,10호",,CDFH3301062000000009,,3180000,사립,"서울특별시 영등포구 의사당대로1길 25 (여의도동, 하남빌딩)",07333,03,폐업,,,
,,일화헬스,,2022-05-31,,191102.721949221,443353.906120741,체력단련장업,2026-04-28 22:31:07,I,03,폐업,,2022-05-25 13:12:23,,2000-03-10,140.22,,,,서울특별시 영등포구 대림동 1036-1 일화빌딩 4층,,CDFH3301062000000011,,3180000,사립,"서울특별시 영등포구 디지털로53길 22, 4층 (대림동, 일화빌딩)",07418,03,폐업,,,
,128,한국헬스,,2022-04-23,,192206.834024248,444815.923987851,체력단련장업,2026-04-28 22:31:07,I,03,폐업,,2022-04-21 10:37:58,,2001-04-11,,,,,서울특별시 영등포구 신길동 235-7,,CDFH3301062001000001,,3180000,사립,"서울특별시 영등포구 가마산로 505 (신길동, 대명빌딩)",07362,03,폐업,,,02-833-7988
,,삼환헬스,,2005-06-02,,,,체력단련장업,2026-04-28 22:31:07,I,03,폐업,0,2005-06-03 10:44:47,,2001-06-27,,150-842,,,서울특별시 영등포구 신길동 495-5,,CDFH3301062001000003,,3180000,사립,,,03,폐업,,,
,,제일헬스,,2005-07-04,,191491.508134984,443096.527391865,체력단련장업,2026-04-28 22:31:07,I,03,폐업,0,2005-07-04 13:56:35,,2001-10-09,,150-824,,,서울특별시 영등포구 대림동 1016-24 재상빌딩 6층,,CDFH3301062001000004,,3180000,사립,"서울특별시 영등포구 대림로 88  (대림동,재상빌딩 6층)",,03,폐업,,,
,,keep(킵) 헬스,,2016-01-19,,191540.890469634,447472.600953239,체력단련장업,2026-04-28 22:31:07,I,03,폐업,,2016-01-19 18:28:54,,2001-11-30,,,,,서울특별시 영등포구 영등포동8가 76-1,,CDFH3301062001000005,,3180000,사립,"서울특별시 영등포구 영중로 145 (영등포동8가, 영등포삼환아파트)",07227,03,폐업,,,20683855
,,(주)바디스타 여의도지점,,2022-05-03,,194504.656267957,446355.021491973,체력단련장업,2026-04-28 22:31:07,I,03,폐업,,2022-04-26 09:09:45,,2002-09-26,9430.97,,2,,서울특별시 영등포구 여의도동 61-5,,CDFH3301062002000001,,3180000,사립,"서울특별시 영등포구 63로 36, 3~5층 (여의도동, 리버타워)",07345,03,폐업,,,
,,아이휘트니스클럽,,2007-11-16,,192671.748495509,447184.898323642,체력단련장업,2026-04-28 22:31:07,I,03,폐업,0,2007-11-16 13:52:22,,2002-05-21,232.5,150-741,1,,서울특별시 영등포구 여의도동 17-13 중앙빌딩(지하1층),,CDFH3301062002000002,,3180000,사립,"서울특별시 영등포구 의사당대로 22  (여의도동,중앙빌딩(지하1층))",,03,폐업,,,
,,유진,,2006-01-20,,190200.049001255,446799.193928168,체력단련장업,2026-04-28 22:31:07,I,03,폐업,0,2006-01-20 15:56:14,,2002-03-06,,150-863,,,서울특별시 영등포구 양평동1가 132-1,,CDFH3301062002000003,,3180000,사립,,,03,폐업,,,26784204
,,백철파워헬스,,2012-03-23,,191272.602142605,444887.563290729,체력단련장업,2026-04-28 22:31:07,I,03,폐업,0,2012-03-23 13:52:51,,2002-12-24,,150-849,,,서울특별시 영등포구 신길동 355-1 그린상가 3층,,CDFH3301062002000004,,3180000,사립,"서울특별시 영등포구 도림로 320  (신길동,그린상가 3층)",,03,폐업,,,
,,헬스프라자,,2017-01-23,,190948.910717779,447875.496085719,체력단련장업,2026-04-28 22:31:07,I,03,폐업,,2017-01-23 15:10:04,,2002-03-19,175.64,,,,,,CDFH3301062002000005,,3180000,사립,"서울특별시 영등포구 선유동2로 46, 지하36호 (당산동5가, 유원제일2차아파트 상가)",07213,03,폐업,,,
,2488,대림휘트니스골프,,2011-11-25,,191036.011583196,443548.818562693,체력단련장업,2026-04-28 22:31:07,I,03,폐업,0,2011-11-28 09:04:34,,2003-12-04,501.84,150-814,,,서울특별시 영등포구 대림동 709-2 지하1층,,CDFH3301062003000001,,3180000,사립,"서울특별시 영등포구 도림로 158  (대림동,지하1층)",,03,폐업,,,
,,WILL Fitness club,,2015-08-03,,193882.109246282,446872.758717766,체력단련장업,2026-04-28 22:31:07,I,03,폐업,0,2015-08-03 16:17:32,,2003-12-29,,150-882,,,서울특별시 영등포구 여의도동 30-3 여의쇼핑2층,,CDFH3301062003000002,,3180000,사립,,,03,폐업,,,
,,푸른숲헬스,,2005-12-28,,192702.306288108,445115.514647066,체력단련장업,2026-04-28 22:31:07,I,03,폐업,0,2006-01-02 11:29:54,,2003-01-28,,150-050,,,서울특별시 영등포구 신길동 4936,,CDFH3301062003000003,,3180000,사립,서울특별시 영등포구 가마산로79길 46  (신길동),,03,폐업,,,
,,드림헬스클럽,,2010-04-02,,191390.712447468,445337.490746519,체력단련장업,2026-04-28 22:31:07,I,03,폐업,,2010-04-02 16:00:56,,2003-02-13,,150-899,,,서울특별시 영등포구 영등포동 624-20,,CDFH3301062003000004,,3180000,사립,서울특별시 영등포구 도신로29아길 7  (영등포동),,03,폐업,,,
,,일레인휘트니스클럽,,2010-10-04,,194068.648710367,446239.574022179,체력단련장업,2026-04-28 22:31:07,I,03,폐업,0,2010-10-04 14:02:11,,2003-03-24,231.42,150-895,,,서울특별시 영등포구 여의도동 53-12 경성빌딩 지하1층,,CDFH3301062003000005,,3180000,사립,"서울특별시 영등포구 국제금융로 110  (여의도동,경성빌딩 지하1층)",,03,폐업,,,
,,MAZINGER ZYM,,2019-06-26,,190089.042392341,446237.835338274,체력단련장업,2026-04-28 22:31:07,I,03,폐업,,2019-06-27 16:11:18,,2003-10-10,536.13,,,,서울특별시 영등포구 문래동6가 56-1 미주프라자 3층,,CDFH3301062003000006,,3180000,사립,"서울특별시 영등포구 선유로 49 (문래동6가, 미주프라자아파트)",07281,03,폐업,,,26773990
1,49299,휘트니스 투데이,,2025-02-04,,193191.584697735,446919.492015858,체력단련장업,2026-04-28 22:31:07,I,03,폐업,,2025-02-04 16:22:46,,2004-01-20,395.85,,,,서울특별시 영등포구 여의도동 23-3 하나증권빌딩 B1호,,CDFH3301062004000001,,3180000,사립,"서울특별시 영등포구 여의대로 66 (여의도동, KTB)",07325,03,폐업,,,
,4577,파워죤스포츠,,2022-05-03,,191518.75555489,446809.632652641,체력단련장업,2026-04-28 22:31:07,I,03,폐업,,2022-04-26 09:18:35,,2004-02-06,243.6,,,,서울특별시 영등포구 영등포동7가 47-3 안남빌딩 지하1층,,CDFH3301062004000002,,3180000,사립,서울특별시 영등포구 영중로 79 (영등포동7가),07245,03,폐업,,,26725222
,,대림H.D 휘트니스,,2005-05-31,,191453.139097897,443480.577591489,체력단련장업,2026-04-28 22:31:07,I,03,폐업,0,2005-06-01 10:47:26,,2004-02-19,,150-818,,,서울특별시 영등포구 대림동 879-1,,CDFH3301062004000004,,3180000,사립,서울특별시 영등포구 디지털로 413  (대림동),,03,폐업,,,
,,라이프헬스,,2007-02-28,,190825.994376401,448191.347586673,체력단련장업,2026-04-28 22:31:07,I,03,폐업,0,2007-02-28 20:08:05,,2004-06-02,,150-866,,,서울특별시 영등포구 양평동4가 64-4,,CDFH3301062004000005,,3180000,사립,서울특별시 영등포구 선유로49길 6  (양평동4가),,03,폐업,,,20683035
,6197,스파씨티,,2007-09-18,,191100.814966366,447841.495026035,체력단련장업,2026-04-28 22:31:07,I,03,폐업,0,2007-09-21 14:46:34,,2004-07-23,,150-045,2,,서울특별시 영등포구 당산동5가 9-3,,CDFH3301062004000007,,3180000,사립,,,03,폐업,,,26787001
,,유통헬스,,2022-04-21,,190555.768991595,446698.814322782,체력단련장업,2026-04-28 22:31:07,I,03,폐업,,2022-04-21 09:50:16,,2004-07-29,,,,,서울특별시 영등포구 당산동2가 30-2,,CDFH3301062004000008,,3180000,사립,"서울특별시 영등포구 영등포로 109 (당산동2가, 영등포유통상가)",07264,03,폐업,,,26225211
,25646,지엘지골프아카데미,,2016-03-29,,190834.879853859,447975.931378951,체력단련장업,2026-04-28 22:31:07,I,03,폐업,,2016-03-30 09:51:40,,2004-09-20,64.8,,,,서울특별시 영등포구 양평동4가 2 이레빌딩 지하1층,,CDFH3301062004000010,,3180000,사립,"서울특별시 영등포구 선유동2로 57 (양평동4가, 이레빌딩)",07212,03,폐업,,,21638555
,477,헤라짐,,2022-05-31,,192503.318998862,445486.636466288,체력단련장업,2026-04-28 22:31:07,I,03,폐업,,2022-05-25 13:02:49,,2004-12-14,,,,,서울특별시 영등포구 신길동 156-3,,CDFH3301062004000012,,3180000,사립,서울특별시 영등포구 도신로 222 (신길동),07349,03,폐업,,,
,,동원헬스,,2006-05-12,,192538.786642476,447017.15917925,체력단련장업,2026-04-28 22:31:07,I,03,폐업,0,2006-05-15 09:17:18,,2004-03-27,,150-914,,,서울특별시 영등포구 여의도동 18 영신상가 3층,,CDFH3301062004000013,,3180000,사립,"서울특별시 영등포구 여의공원로 13  (여의도동,영신상가 3층)",,03,폐업,,,26322356
,,에이스스포츠센타,,2022-03-23,,193785.813402517,446328.36052151,체력단련장업,2026-04-28 22:31:07,I,03,폐업,,2022-03-23 09:55:57,,2005-03-17,205.17,,,,서울특별시 영등포구 여의도동 44-36 센터빌딩(지하2층),,CDFH3301062005000004,,3180000,사립,"서울특별시 영등포구 여의대방로65길 6 (여의도동, 센터빌딩)",07333,03,폐업,,,
,,발리토탈휘트니스,,2008-09-02,,190777.430587122,446138.269919323,체력단련장업,2026-04-28 22:31:07,I,03,폐업,0,2008-09-02 17:08:32,,2005-03-25,,150-835,,,서울특별시 영등포구 문래동3가 55-5,,CDFH3301062005000005,,3180000,사립,서울특별시 영등포구 당산로 34  (문래동3가),,03,폐업,,,26335008
,,바디 휘트니스,,2008-04-29,,191014.030018589,447399.554176231,체력단련장업,2026-04-28 22:31:07,I,03,폐업,0,2008-04-29 14:27:02,,2005-05-06,,150-805,,,서울특별시 영등포구 당산동4가 32-64,,CDFH3301062005000007,,3180000,사립,서울특별시 영등포구 당산로38길 10  (당산동4가),,03,폐업,,,26778007
,1727,로바코 휘트니스,,2007-04-24,,191453.139097897,443480.577591489,체력단련장업,2026-04-28 22:31:07,I,03,폐업,0,2007-04-24 18:06:04,,2005-07-04,,150-818,1,,서울특별시 영등포구 대림동 879-1 천일빌딩 5층,,CDFH3301062005000008,,3180000,사립,"서울특별시 영등포구 디지털로 413  (대림동,천일빌딩 5층)",,03,폐업,,,02-832-3062
,1349,진풍헬스클럽,,2013-09-05,,191328.722400979,444989.262357506,체력단련장업,2026-04-28 22:31:07,I,03,폐업,0,2013-09-05 10:54:44,,2005-08-02,,150-841,1,,서울특별시 영등포구 신길동 294-8,,CDFH3301062005000009,,3180000,사립,서울특별시 영등포구 도신로 94  (신길동),,03,폐업,,,
1,1191,(주)세계청소년엔지오교육문화원,,2022-05-31,,,,체력단련장업,2026-04-28 22:31:07,I,03,폐업,,2022-05-10 09:17:11,,2005-09-01,171.48,150-802,,,서울특별시 영등포구 당산동3가 2-4,,CDFH3301062005000010,,3180000,사립,,,03,폐업,,,02-2675-4995
,7069,씨엘골프아카데미,,2014-09-01,,190199.2294276,446496.865300952,체력단련장업,2026-04-28 22:31:07,I,03,폐업,0,2014-09-02 19:57:21,,2005-09-30,,150-836,1,,서울특별시 영등포구 문래동3가 84-2 동국메뜨리앙 701호,,CDFH3301062005000012,,3180000,사립,"서울특별시 영등포구 선유로 76,  701호 (문래동3가,동국메뜨리앙)",,03,폐업,,,02-2635-1157
,2754,신성휘트니스,,2007-06-19,,193084.355458397,445642.841119953,체력단련장업,2026-04-28 22:31:07,I,03,폐업,0,2007-06-19 18:13:00,,2005-11-04,,150-852,1,,서울특별시 영등포구 신길동 449-22,,CDFH3301062005000015,,3180000,사립,서울특별시 영등포구 영등포로 400  (신길동),,03,폐업,,,
,,현희휘트니스,,2022-05-24,,190034.436613508,446093.483911313,체력단련장업,2026-04-28 22:31:07,I,03,폐업,,2022-05-23 09:25:23,,2005-12-13,,,,,서울특별시 영등포구 문래동5가 1 대림아파트 지하1층 B101호,,CDFH3301062005000016,,3180000,사립,"서울특별시 영등포구 선유로 33 (문래동5가, 문래대림아파트)",07285,03,폐업,,,34535990
,700,유진헬스클럽,12,2022-05-24,,190200.049001255,446799.193928168,체력단련장업,2026-04-28 22:31:07,I,03,폐업,,2022-05-23 09:19:45,,2006-02-28,,150-863,,,서울특별시 영등포구 양평동1가 132-1,,CDFH3301062006000002,18,3180000,사립,,,03,폐업,,,02-2678-4204
,,알파 트레이닝센터,,2025-06-05,,191982.734798056,443643.389854344,체력단련장업,2026-04-28 22:31:07,I,03,폐업,,2025-06-05 10:13:02,,2006-06-05,264.17,,,,서울특별시 영등포구 신길동 4780,,CDFH3301062006000003,,3180000,사립,"서울특별시 영등포구 여의대방로 25, 지하101호 (신길동, 보라매 경남아너스빌)",07437,03,폐업,,,
,1190,비젼헬스클럽,14,2012-07-02,,191332.679368535,443274.308170125,체력단련장업,2026-04-28 22:31:07,I,03,폐업,0,2012-07-02 16:05:48,,2006-07-19,164,150-818,1,,서울특별시 영등포구 대림동 862-3 정성빌딩 6층,,CDFH3301062006000004,,3180000,사립,"서울특별시 영등포구 디지털로 392  (대림동,정성빌딩 6층)",,03,폐업,,,02-832-0695
,,고산자로 스포츠센터,,2008-01-14,,192959.271161366,447637.656082358,체력단련장업,2026-04-28 22:31:07,I,03,폐업,0,2008-01-15 14:03:14,,2006-12-08,284,150-870,1,,서울특별시 영등포구 여의도동 13 진미파라곤 지하 2층,,CDFH3301062006000005,,3180000,사립,"서울특별시 영등포구 국회대로 800  (여의도동,진미파라곤 지하 2층)",,03,폐업,,,
,,비타민휘트니스,,2022-05-31,,190825.994376401,448191.347586673,체력단련장업,2026-04-28 22:31:07,I,03,폐업,,2022-05-10 09:19:24,,2007-02-27,264,,,,서울특별시 영등포구 양평동4가 64-4 2층,,CDFH3301062007000001,,3180000,사립,"서울특별시 영등포구 선유로49길 6 (양평동4가, 신광인쇄공장)",07208,03,폐업,,,20683035
,12457,S.L스포츠,,2022-05-31,,191908.118795329,446086.819081927,체력단련장업,2026-04-28 22:31:07,I,03,폐업,,2022-05-10 09:27:24,,2007-08-24,286.63,150-031,,,서울특별시 영등포구 영등포동1가 143-3 6층,,CDFH3301062007000003,,3180000,사립,"서울특별시 영등포구 경인로 870 (영등포동1가,6층)",,03,폐업,,,26767626
,,너섬휘트니스센터,,2022-03-17,,192959.271161366,447637.656082358,체력단련장업,2026-04-28 22:31:07,I,03,폐업,,2022-03-17 09:28:27,,2008-01-16,284,150-870,,,서울특별시 영등포구 여의도동 13 지하2층,,CDFH3301062008000001,,3180000,사립,"서울특별시 영등포구 국회대로 800 (여의도동,지하2층)",,03,폐업,,,
,100501,네오맥스헬스,,2022-05-03,,191198.334019825,444374.801614052,체력단련장업,2026-04-28 22:31:07,I,03,폐업,,2022-04-26 09:11:31,,2008-04-30,473.78,150-813,,,서울특별시 영등포구 대림동 673 신풍프라자 4층,,CDFH3301062008000003,,3180000,사립,"서울특별시 영등포구 가마산로48길 16 (대림동,신풍프라자 4층)",,03,폐업,,,
,9342,웰빙요가헬스,,2010-12-08,,190079.219797466,445778.895201988,체력단련장업,2026-04-28 22:31:07,I,03,폐업,0,2010-12-08 09:34:22,,2008-08-20,169.92,150-094,,,서울특별시 영등포구 문래동4가 67 리버뷰 신안인스빌 109동 2층,,CDFH3301062008000006,,3180000,사립,,,03,폐업,,,26050566
,2449,바디라인 헬스,0,2016-02-26,,191963.736310928,444312.20129276,체력단련장업,2026-04-28 22:31:07,I,03,폐업,,2016-02-26 18:24:26,,2009-05-29,233.88,150-858,,0,서울특별시 영등포구 신길동 3591 지하1층,,CDFH3301062009000001,0,3180000,사립,"서울특별시 영등포구 신길로 108  (신길동,지하1층)",,03,폐업,,,
,340895,코오롱글로벌(주)스포렉스타임스퀘어점,0,2018-06-11,,191385.057392247,446098.555926507,체력단련장업,2026-04-28 22:31:07,I,03,폐업,,2018-06-11 15:10:05,,2009-10-27,2118.62,150-798,,0,서울특별시 영등포구 영등포동4가 442 (주)경방타임스퀘어 5~6층,,CDFH3301062009000005,0,3180000,사립,"서울특별시 영등포구 영중로 15  (영등포동4가,(주)경방타임스퀘어 5~6층)",,03,폐업,,,26382800
,,바디하우스,,2004-12-14,,210453.135077591,444624.65192236,체력단련장업,2026-04-28 22:30:42,I,03,폐업,0,2004-12-14 16:47:13,,2002-02-22,,138-853,,,서울특별시 송파구 송파동 163-19,,CDFH3301062002000002,,3230000,사립,서울특별시 송파구 오금로32길 30  (송파동),,03,폐업,,,
,,웰비휘트니스,,2006-08-19,,210758.119119654,443662.956402309,체력단련장업,2026-04-28 22:30:42,I,03,폐업,0,2006-09-04 09:56:07,,2002-03-06,,138-803,,,서울특별시 송파구 가락동 78 지하1층 108호,,CDFH3301062002000003,,3230000,사립,"서울특별시 송파구 중대로 135  (가락동,지하1층 108호)",,03,폐업,,,
,,체대헬스,,2007-08-01,,,,체력단련장업,2026-04-28 22:30:42,I,03,폐업,0,2007-08-01 16:45:42,,2002-03-08,,138-818,,,서울특별시 송파구 마천동 76-2,,CDFH3301062002000004,,3230000,사립,,,03,폐업,,,
,,삼손헬스클럽,,2017-04-21,,208366.64046239,444451.74005326,체력단련장업,2026-04-28 22:30:42,I,03,폐업,,2017-04-24 14:43:56,,2002-03-14,,138-841,,,서울특별시 송파구 삼전동 180-0,,CDFH3301062002000005,,3230000,사립,서울특별시 송파구 백제고분로 262 (삼전동),05585,03,폐업,,,
,,거마헬스,,2014-11-28,,212897.43493232,444078.37420395,체력단련장업,2026-04-28 22:30:42,I,03,폐업,,2014-11-28 13:18:40,,2002-04-24,,138-818,,,서울특별시 송파구 마천동 35-5,,CDFH3301062002000009,,3230000,사립,서울특별시 송파구 거마로 65 (마천동),,03,폐업,,,
,,태원휘트니스,,2003-12-31,,211091.35675558,445542.676053695,체력단련장업,2026-04-28 22:30:42,I,03,폐업,0,2004-05-25 18:05:14,,2002-06-04,,138-834,,,서울특별시 송파구 방이동 183-6,,CDFH3301062002000010,,3230000,사립,서울특별시 송파구 위례성대로 134  (방이동),,03,폐업,,,
,,드림헬스크리닉,,2003-09-01,,209919.737170091,447626.593822422,체력단련장업,2026-04-28 22:30:42,I,03,폐업,0,2004-07-19 13:31:25,,2002-06-15,,138-874,,,서울특별시 송파구 풍납동 269-30,,CDFH3301062002000011,,3230000,사립,서울특별시 송파구 토성로 21  (풍납동),,03,폐업,,,
,,아이짐,,2010-04-14,,207611.893187956,445142.218743059,체력단련장업,2026-04-28 22:30:42,I,03,폐업,0,2010-04-14 14:58:57,,2002-09-11,,138-862,,,서울특별시 송파구 잠실동 209-5,,CDFH3301062002000013,,3230000,사립,서울특별시 송파구 석촌호수로 88  (잠실동),,03,폐업,,,34312885
,,조이헬스,,2004-05-14,,210332.675266275,445319.80164747,체력단련장업,2026-04-28 22:30:42,I,03,폐업,0,2004-05-15 11:31:31,,2002-09-13,,138-830,,,서울특별시 송파구 방이동 124-19,,CDFH3301062002000014,,3230000,사립,서울특별시 송파구 백제고분로48길 44  (방이동),,03,폐업,,,
,,송파여성문화회관헬스클럽,,2006-06-30,,209636.916608671,444858.989436237,체력단련장업,2026-04-28 22:30:42,I,03,폐업,0,2006-07-05 13:28:55,,2002-10-02,,138-851,,,서울특별시 송파구 송파동 113-2,,CDFH3301062002000016,,3230000,사립,서울특별시 송파구 백제고분로42길 5  (송파동),,03,폐업,,,22033330
,119,극동헬스,,2008-08-19,,211593.745670259,443624.55527842,체력단련장업,2026-04-28 22:30:42,I,03,폐업,0,2008-08-19 17:28:49,,2002-12-21,,138-812,,,서울특별시 송파구 가락동 194-2,,CDFH3301062002000021,,3230000,사립,서울특별시 송파구 동남로18길 14  (가락동),,03,폐업,,,
,,"프라임헬스클럽(94-000006과 동일, 이중입력 폐업처리)",,2003-10-27,,211046.297863378,444565.558982422,체력단련장업,2026-04-28 22:30:42,I,03,폐업,0,2004-08-27 10:57:45,,2002-06-21,,138-800,,,서울특별시 송파구 가락동 2-9 김해빌딩5층,,CDFH3301062002000023,,3230000,사립,"서울특별시 송파구 오금로 300  (가락동,김해빌딩5층)",,03,폐업,,,
,,아이휘트니스클럽,,2005-12-30,,210406.001198521,445282.67469563,체력단련장업,2026-04-28 22:30:42,I,03,폐업,0,2005-12-30 11:30:02,,2002-08-01,,138-831,,,서울특별시 송파구 방이동 126-13,,CDFH3301062002000024,,3230000,사립,서울특별시 송파구 가락로36길 6  (방이동),,03,폐업,,,
,,훼밀리스포츠클리닉,,2007-09-13,,209611.731873484,444557.635797077,체력단련장업,2026-04-28 22:30:42,I,03,폐업,0,2007-09-13 11:22:00,,2003-01-07,,138-850,,,서울특별시 송파구 송파동 89-9 지하1층,,CDFH3301062003000001,,3230000,사립,"서울특별시 송파구 송파대로 400  (송파동,지하1층)",,03,폐업,,,
,,잠실헬스클럽,,2014-08-14,,206383.829438022,446030.128073052,체력단련장업,2026-04-28 22:30:42,I,03,폐업,0,2014-08-18 10:27:18,,2003-01-14,,138-220,,,서울특별시 송파구 잠실동 10 종합운동장 제1수영장 1층,,CDFH3301062003000002,,3230000,사립,"서울특별시 송파구 올림픽로 25  (잠실동,종합운동장 제1수영장 1층)",,03,폐업,,,
,,한국체육아카데미,,2014-07-18,,210433.114461732,443935.874685478,체력단련장업,2026-04-28 22:30:42,I,03,폐업,,2014-07-21 11:40:40,,2003-01-16,,138-160,,,서울특별시 송파구 가락동 91-2,,CDFH3301062003000003,,3230000,사립,서울특별시 송파구 양재대로62길 24 (가락동),,03,폐업,,,
,134,줄리엣 휘트니스 클럽,,2009-08-28,,211753.374471055,443510.347880671,체력단련장업,2026-04-28 22:30:42,I,03,폐업,0,2009-08-31 10:39:03,,2003-01-23,,138-812,,,서울특별시 송파구 가락동 189-29,,CDFH3301062003000004,,3230000,사립,서울특별시 송파구 동남로18길 31-1  (가락동),,03,폐업,,,
,4281,스포라임,,2005-07-30,,210245.615742999,443225.296613403,체력단련장업,2026-04-28 22:30:42,I,03,폐업,0,2006-06-13 10:29:12,,2003-10-15,,138-200,1,,서울특별시 송파구 문정동 150-28 5층,,CDFH3301062003000005,,3230000,사립,"서울특별시 송파구 중대로8길 8  (문정동,5층)",,03,폐업,,,
,,드림헬스클럽,,2015-02-13,,209919.737170091,447626.593822422,체력단련장업,2026-04-28 22:30:42,I,03,폐업,0,2015-02-13 17:57:44,,2003-09-02,,138-874,1,,서울특별시 송파구 풍납동 269-30 지하1층,,CDFH3301062003000008,,3230000,사립,"서울특별시 송파구 토성로 21  (풍납동,지하1층)",,03,폐업,,,
,,엘리스스포츠클럽,,2006-06-09,,206932.357872339,445301.060651942,체력단련장업,2026-04-28 22:30:42,I,03,폐업,0,2007-03-22 11:23:45,,2003-11-12,,138-862,,,서울특별시 송파구 잠실동 196,,CDFH3301062003000011,,3230000,사립,서울특별시 송파구 백제고분로 75  (잠실동),,03,폐업,,,
,136,태원특수체육센터,,2006-05-30,,211207.172712867,445236.597008844,체력단련장업,2026-04-28 22:30:42,I,03,폐업,0,2006-05-30 14:27:00,,2003-08-22,,138-855,1,,서울특별시 송파구 오금동 18-1 지상5층,,CDFH3301062003000013,,3230000,사립,"서울특별시 송파구 위례성대로20길 23  (오금동,지상5층)",,03,폐업,,,
,23916,국민휘트니스(주),,2021-08-23,,213279.781081276,443674.682876425,체력단련장업,2026-04-28 22:30:42,I,03,폐업,,2021-08-30 17:02:14,,2003-08-18,457,,,,서울특별시 송파구 마천동 181 아울렛코리아라이프상가 지하1층,,CDFH3301062003000014,,3230000,사립,"서울특별시 송파구 마천로 315 (마천동, 현대그린빌)",05758,03,폐업,,,02-406-3799
,1416,명진헬스,,2009-10-21,,211589.674239334,442668.217122592,체력단련장업,2026-04-28 22:30:42,I,03,폐업,0,2009-10-21 16:35:21,,2003-11-18,,138-200,1,,서울특별시 송파구 문정동 111-2 2층,,CDFH3301062003000015,,3230000,사립,"서울특별시 송파구 송이로36길 7  (문정동,2층)",,03,폐업,,,
,,메디스스포츠센터,,2004-06-30,,208707.089897534,446299.352775446,체력단련장업,2026-04-28 22:30:42,I,03,폐업,0,2004-08-24 13:11:25,,2003-12-05,,138-240,1,,서울특별시 송파구 신천동 7 장미A상가 1동 3층 3호외 6개호수,,CDFH3301062003000018,,3230000,사립,,,03,폐업,,,
,,F&B체육관,,2007-04-24,,213441.256306584,444127.261229224,체력단련장업,2026-04-28 22:30:42,I,03,폐업,0,2007-04-24 18:33:31,,2003-04-16,,138-819,,,서울특별시 송파구 마천동 162-1,,CDFH3301062003000021,,3230000,사립,서울특별시 송파구 성내천로 228-1  (마천동),,03,폐업,,,
,4059,(주)풍성그레이스,,2019-01-23,,210171.723445006,447214.905374231,체력단련장업,2026-04-28 22:30:42,I,03,폐업,,2019-01-23 10:14:17,,2004-01-10,427.49,,,,"서울특별시 송파구 풍납동 392-2 외9,10,11번지 풍성빌딩 5층",,CDFH3301062004000002,,3230000,사립,"서울특별시 송파구 올림픽로45길 19 (풍납동, 풍성빌딩)",05537,03,폐업,,,
,,다비드코리아(다비드건강센터),,2016-07-11,,209708.127928039,445937.543455637,체력단련장업,2026-04-28 22:30:42,I,03,폐업,,2016-07-11 09:17:38,,2004-04-21,161.98,138-827,,,서울특별시 송파구 방이동 39-2 신동아타워 지하3층,,CDFH3301062004000005,,3230000,사립,"서울특별시 송파구 오금로11길 33, 지하3층 (방이동)",05543,03,폐업,,,
,53039,올림픽파크텔 체력단련장,,2020-10-12,,210233.777019099,446708.866138582,체력단련장업,2026-04-28 22:30:42,I,03,폐업,,2020-10-12 18:57:09,,2004-08-13,356.37,138-829,,,서울특별시 송파구 방이동 88-8,,CDFH3301062004000007,,3230000,사립,서울특별시 송파구 올림픽로 448 (방이동),05540,03,폐업,,,
,,삼성헬스,,2011-06-08,,211521.967910021,443384.080007481,체력단련장업,2026-04-28 22:30:42,I,03,폐업,0,2011-06-08 15:49:39,,2004-12-04,,138-812,1,,"서울특별시 송파구 가락동 196-11 11,12호",,CDFH3301062004000009,,3230000,사립,"서울특별시 송파구 오금로46길 68  (가락동,11,12호)",,03,폐업,,,
,4760,비엔비 헬스,,2020-05-21,,212643.860107402,444170.320122251,체력단련장업,2026-04-28 22:30:43,I,03,폐업,,2020-05-21 17:42:17,,2005-05-11,216.84,138-817,,,서울특별시 송파구 마천동 32,,CDFH3301062005000005,,3230000,사립,서울특별시 송파구 마천로 238 (마천동),05737,03,폐업,,,
,,주노 휘트니스,,2015-05-27,,209132.445061357,444145.989557921,체력단련장업,2026-04-28 22:30:43,I,03,폐업,,2015-05-27 13:10:43,,2005-05-13,,138-845,,,"서울특별시 송파구 석촌동 252-8 부자빌딩 2층,3층",,CDFH3301062005000006,,3230000,사립,"서울특별시 송파구 송파대로37길 74, 2층 (석촌동)",,03,폐업,,,
1,1896,선한방 휘트니스,,2007-12-28,,207562.998269706,445212.647550343,체력단련장업,2026-04-28 22:30:43,I,03,폐업,0,2007-12-28 11:42:14,,2005-09-13,,138-862,1,,서울특별시 송파구 잠실동 209 송천빌딩 4층 401호,,CDFH3301062005000009,,3230000,사립,"서울특별시 송파구 석촌호수로 80  (잠실동,송천빌딩 4층 401호)",,03,폐업,,,22035120
,,바디웰스휘트니스,,2017-02-06,,209440.726523187,444369.495694674,체력단련장업,2026-04-28 22:30:43,I,03,폐업,,2017-02-06 19:56:46,,2005-11-09,716.44,138-846,,,서울특별시 송파구 석촌동 277-2 엄마손상가 4층,,CDFH3301062005000010,,3230000,사립,"서울특별시 송파구 가락로 103, 4층 (석촌동)",05688,03,폐업,,,
,,헬스캠프,,2011-03-16,,211946.425139176,443850.694905999,체력단련장업,2026-04-28 22:30:43,I,03,폐업,0,2011-03-16 11:00:24,,2005-11-11,,138-811,,,서울특별시 송파구 가락동 174-12 지층,,CDFH3301062005000011,,3230000,사립,"서울특별시 송파구 오금로44길 5  (가락동,지층)",,03,폐업,,,
,14520,스포피아,,2018-06-29,,211259.909777857,443711.702922024,체력단련장업,2026-04-28 22:30:43,I,03,폐업,,2018-06-29 15:09:07,,2005-11-11,142.5,138-747,,,서울특별시 송파구 가락동 140 쌍용(아) 26동 상가 지하2층,,CDFH3301062005000012,,3230000,사립,"서울특별시 송파구 동남로 189, 지하2층 (가락동)",05823,03,폐업,,,34011040
,,타이거휘트니스클럽,,2010-01-19,,210684.789947856,443508.291685345,체력단련장업,2026-04-28 22:30:43,I,03,폐업,0,2010-01-19 15:52:59,,2005-11-11,200.99,138-806,,,서울특별시 송파구 가락동 112-9 석종빌딩 B1,,CDFH3301062005000013,,3230000,사립,"서울특별시 송파구 중대로 118  (가락동,석종빌딩 B1)",,03,폐업,,,
,,시드니스포츠클럽,,2009-05-25,,209328.877055075,444801.540394882,체력단련장업,2026-04-28 22:30:43,I,03,폐업,0,2009-05-25 18:38:18,,2007-03-20,255.68,138-844,,,서울특별시 송파구 석촌동 174-2 지하2층,,CDFH3301062007000002,,3230000,사립,"서울특별시 송파구 백제고분로 365  (석촌동,지하2층)",,03,폐업,,,
,,(주)마르페체력단련센터,,2010-08-05,,211190.834272855,443144.417683801,체력단련장업,2026-04-28 22:30:43,I,03,폐업,0,2010-08-05 14:36:22,,2007-04-18,804.14,138-824,,,"서울특별시 송파구 문정동 9-1 5, 6층",,CDFH3301062007000004,,3230000,사립,"서울특별시 송파구 송이로 194  (문정동,5, 6층)",,03,폐업,,,
,,F&B 헬스클럽,,2011-04-06,,213441.256306584,444127.261229224,체력단련장업,2026-04-28 22:30:43,I,03,폐업,0,2011-04-06 11:07:38,,2007-09-05,180.4,138-819,,,"서울특별시 송파구 마천동 162-1 4, 5층",,CDFH3301062007000008,,3230000,사립,"서울특별시 송파구 성내천로 228-1  (마천동,4, 5층)",,03,폐업,,,
,,하진건강스포랜드,,2017-03-23,,209636.916608671,444858.989436237,체력단련장업,2026-04-28 22:30:43,I,03,폐업,,2017-03-23 13:32:04,,2007-11-07,154.59,138-851,,,서울특별시 송파구 송파동 113-2 여성문화회관 지하2층,,CDFH3301062007000011,,3230000,사립,"서울특별시 송파구 백제고분로42길 5, 지하2층 (송파동)",05666,03,폐업,,,
,,H-GYM휘트니스,,2014-03-24,,209542.709911306,445868.526191867,체력단련장업,2026-04-28 22:30:43,I,03,폐업,,2014-03-24 17:52:23,,2008-10-15,360.5,138-827,,,서울특별시 송파구 방이동 34-2 5층동,,CDFH3301062008000007,,3230000,사립,"서울특별시 송파구 오금로11길 11-8, 5층 (방이동)",,03,폐업,,,
,10136,O2 ZONE 스포츠센타,,2019-09-25,,210527.744574834,444984.01536348,체력단련장업,2026-04-28 22:30:43,I,03,폐업,,2019-09-25 16:15:27,,2008-11-05,639.61,138-836,,,서울특별시 송파구 방이동 227-4 지하3층동,,CDFH3301062008000008,,3230000,사립,"서울특별시 송파구 오금로 235, 지하3층 (방이동)",05644,03,폐업,,,
,,비바휘트니스,,2010-04-09,,210245.615742999,443225.296613403,체력단련장업,2026-04-28 22:30:43,I,03,폐업,0,2010-04-09 18:33:46,,2008-12-26,325.26,138-200,,,서울특별시 송파구 문정동 150-28 8층동,,CDFH3301062008000009,,3230000,사립,"서울특별시 송파구 중대로8길 8, 8층동 (문정동)",,03,폐업,,,30120066
,2879,스카이 휘트니스,,2025-10-01,,211907.685267696,443924.875483069,체력단련장업,2026-04-28 22:30:43,I,03,폐업,,2025-10-10 10:12:48,,2009-02-05,322.38,138-810,,,서울특별시 송파구 가락동 167-3 4층동,,CDFH3301062009000001,,3230000,사립,"서울특별시 송파구 오금로 410, 4층 (가락동)",05769,03,폐업,,,
,1938,서울마르페체력관리센터,0,2011-03-02,,,,체력단련장업,2026-04-28 22:30:43,I,03,폐업,,2011-03-02 18:29:50,,2009-04-07,313.53,138-800,1,0,서울특별시 송파구 가락동 3-5 지하1층,,CDFH3301062009000002,0,3230000,사립,,,03,폐업,,,
,,헤렌스포츠클리닉,0,2012-09-10,,206397.34797252,444963.233863255,체력단련장업,2026-04-28 22:30:43,I,03,폐업,,2012-09-11 09:27:06,,2010-04-09,231.4,138-892,1,0,서울특별시 송파구 잠실동 101-1 우성아파트 상가 3층,,CDFH3301062010000001,0,3230000,사립,"서울특별시 송파구 올림픽로4길 40, 3층 (잠실동)",,03,폐업,,,
,,웰리스휘트니스,0,2016-03-29,,207611.893187956,445142.218743059,체력단련장업,2026-04-28 22:30:43,I,03,폐업,,2016-03-29 15:22:44,,2010-05-18,361.85,,2,0,서울특별시 송파구 잠실동 209-5 4층,,CDFH3301062010000002,0,3230000,사립,서울특별시 송파구 석촌호수로 88 (잠실동),05564,03,폐업,,,34316900
,,BK센터,0,2016-07-14,,211078.237986514,445513.432741953,체력단련장업,2026-04-28 22:30:43,I,03,폐업,,2016-07-14 14:50:38,,2010-07-26,239,,1,0,서울특별시 송파구 방이동 187 지하1층,,CDFH3301062010000003,0,3230000,사립,"서울특별시 송파구 위례성대로18길 4 (방이동, 한사랑빌딩)",05638,03,폐업,,,
,47509,(주)청호씨앤디 리시온파워짐,0,2019-04-17,,209427.410217251,445829.725943441,체력단련장업,2026-04-28 22:30:43,I,03,폐업,,2019-04-17 13:20:15,,2010-08-04,760,138-953,2,0,서울특별시 송파구 방이동 22-5 잠실리시온 지하1층,,CDFH3301062010000004,0,3230000,사립,"서울특별시 송파구 오금로 87, 지하1층 (방이동)",05542,03,폐업,,,
,,마르페스포츠센터,0,2014-09-30,,211190.834272855,443144.417683801,체력단련장업,2026-04-28 22:30:43,I,03,폐업,,2014-09-30 17:11:49,,2010-08-11,399.98,138-824,2,0,서울특별시 송파구 문정동 9-1 래미안빌딩 6층,,CDFH3301062010000005,0,3230000,사립,"서울특별시 송파구 송이로 194, 6층 (문정동)",,03,폐업,,,
,1274,커브스 풍납클럽,0,2021-04-27,,210264.563981294,447459.242238036,체력단련장업,2026-04-28 22:30:43,I,03,폐업,,2021-04-27 13:27:59,,2011-03-30,115.5,,1,0,서울특별시 송파구 풍납동 405-2 선무빌딩 201호,,CDFH3301062011000006,0,3230000,사립,"서울특별시 송파구 토성로15길 3-3 (풍납동, 선무빌딩)",05531,03,폐업,,,
,,Ray P.T Box,0,2016-05-24,,211302.032629806,444943.698335591,체력단련장업,2026-04-28 22:30:43,I,03,폐업,,2016-05-24 14:53:34,,2012-02-13,120.36,138-856,1,0,서울특별시 송파구 오금동 40-20 지하1층,,CDFH3301062012000002,0,3230000,사립,서울특별시 송파구 마천로8길 21 (오금동),05659,03,폐업,,,070-8263-9297
,,NK운동센터,0,2013-02-06,,209979.193871972,445669.824628045,체력단련장업,2026-04-28 22:30:43,I,03,폐업,,2013-02-06 17:12:24,,2012-02-15,176.94,138-830,1,0,서울특별시 송파구 방이동 107-9 2층,,CDFH3301062012000003,0,3230000,사립,"서울특별시 송파구 백제고분로 477, 2층 (방이동)",,03,폐업,,,
,2715,네추럴 홍 휘트니스,0,2024-01-26,,212721.322451722,444090.327645873,체력단련장업,2026-04-28 22:30:43,I,03,폐업,,2024-01-26 15:24:28,,2012-06-21,443.66,,2,0,서울특별시 송파구 거여동 1-1 4층,,CDFH3301062012000012,0,3230000,사립,서울특별시 송파구 마천로 250 (거여동),05736,03,폐업,,,
,1642,리키 크로스핏 짐,0,2018-11-01,,211577.85330384,443847.278320975,체력단련장업,2026-04-28 22:30:43,I,03,폐업,,2018-11-01 10:53:34,,2013-05-22,485.31,138-810,2,0,서울특별시 송파구 가락동 164-24 지하1층,,CDFH3301062013000004,0,3230000,사립,서울특별시 송파구 동남로 217 (가락동),05820,03,폐업,,,
,2132,고마운 밸런스 운동센터,0,2021-05-27,,210196.188521565,445002.041443338,체력단련장업,2026-04-28 22:30:43,I,03,폐업,,2021-05-27 19:00:51,,2013-07-22,188.4,138-852,1,0,서울특별시 송파구 송파동 143-2 4층,,CDFH3301062013000008,0,3230000,사립,서울특별시 송파구 가락로 209 (송파동),05663,03,폐업,,,
,,와일드카드 PT  Studio,0,2015-12-30,,209132.148011758,445096.889791557,체력단련장업,2026-04-28 22:30:43,I,03,폐업,,2015-12-30 17:34:43,,2013-10-17,144.63,138-844,1,0,서울특별시 송파구 석촌동 183-3 4층,,CDFH3301062013000013,0,3230000,사립,"서울특별시 송파구 송파대로 471, 4층 (석촌동)",05609,03,폐업,,,
,1739,벨라인 휘트니스,0,2019-03-21,,207634.775851559,445115.037300285,체력단련장업,2026-04-28 22:30:44,I,03,폐업,Y,2019-03-21 09:41:30,,2014-01-23,315,,2,0,서울특별시 송파구 잠실동 209-6 3층,,CDFH3301062014000002,0,3230000,사립,"서울특별시 송파구 석촌호수로 92 (잠실동, 제우빌딩)",05564,03,폐업,,,
,,몸,0,2017-09-21,,207624.424720682,445533.439634339,체력단련장업,2026-04-28 22:30:44,I,03,폐업,,2017-09-21 15:33:05,,2014-03-21,37,138-908,1,0,서울특별시 송파구 잠실동 22-6 리센츠상가 3층,,CDFH3301062014000005,0,3230000,사립,"서울특별시 송파구 올림픽로 145, 3층 (잠실동, 리센츠상가)",05502,03,폐업,,,
,,Able PT BOX,0,2016-05-24,,210778.377127675,445016.961835846,체력단련장업,2026-04-28 22:30:44,I,03,폐업,,2016-05-24 15:31:54,,2014-09-19,133,138-836,1,0,서울특별시 송파구 방이동 218-26 2층,,CDFH3301062014000013,0,3230000,사립,"서울특별시 송파구 오금로31가길 15, 2층 (방이동)",05646,03,폐업,,,
,3450,핏존,0,2024-07-15,,209541.418807954,444357.068661528,체력단련장업,2026-04-28 22:30:44,I,03,폐업,,2024-07-15 11:26:40,,2014-10-27,330.72,,,0,서울특별시 송파구 석촌동 296-2 신우빌딩,,CDFH3301062014000016,0,3230000,사립,"서울특별시 송파구 가락로 114, 신우빌딩 6층 (석촌동)",05697,03,폐업,,,
,,다이나믹짐,0,2015-04-30,,207627.85634933,444935.058965888,체력단련장업,2026-04-28 22:30:44,I,03,폐업,,2015-04-30 15:55:39,,2014-10-31,154,138-220,1,0,서울특별시 송파구 잠실동 238-18 201호,,CDFH3301062014000017,0,3230000,사립,"서울특별시 송파구 삼전로9길 21, 201호 (잠실동)",,03,폐업,,,
,2657,휘트니스 바디,0,2020-02-14,,210527.998227252,445587.289579829,체력단련장업,2026-04-28 22:30:44,I,03,폐업,,2020-02-17 10:37:26,,2015-01-06,469.73,138-050,,0,서울특별시 송파구 방이동 160,,CDFH3301062015000001,0,3230000,사립,서울특별시 송파구 가락로 278 (방이동),05635,03,폐업,,,
,,MK wealth GYM,0,2015-12-31,,207066.328194512,445114.452318341,체력단련장업,2026-04-28 22:30:44,I,03,폐업,,2015-12-31 13:01:46,,2015-01-29,188.76,138-863,,0,서울특별시 송파구 잠실동 221-3,,CDFH3301062015000003,0,3230000,사립,서울특별시 송파구 석촌호수로12길 51 (잠실동),05562,03,폐업,,,
,4044,크로스핏 어썸,0,2019-12-16,,207153.675,445475.165,체력단련장업,2026-04-28 22:30:44,I,03,폐업,,2019-12-17 13:34:10,,2015-04-14,432.2,138-861,,0,서울특별시 송파구 잠실동 181-3,,CDFH3301062015000008,0,3230000,사립,서울특별시 송파구 올림픽로 100 (잠실동),05557,03,폐업,,,02-470-6523
,17154,2K gym,0,2025-10-31,,210544.064382887,443492.364981682,체력단련장업,2026-04-28 22:30:44,I,03,폐업,,2025-11-07 17:43:39,,2015-06-02,126.58,138-805,,0,서울특별시 송파구 가락동 99-7,,CDFH3301062015000010,0,3230000,사립,서울특별시 송파구 중대로 105 (가락동),05719,03,폐업,,,02-430-9682
,1243,위너핏,0,2024-07-15,,210888.579009374,445284.19361835,체력단련장업,2026-04-28 22:30:44,I,03,폐업,,2024-07-15 15:50:10,,2015-07-07,402,138-835,,0,서울특별시 송파구 방이동 208-1,,CDFH3301062015000013,0,3230000,사립,서울특별시 송파구 마천로 25 (방이동),05639,03,폐업,,,02-6418-9600
,3121,코치짐,0,2024-03-11,,210632.391175015,444908.653893049,체력단련장업,2026-04-28 22:30:44,I,03,폐업,,2024-03-11 17:16:30,,2015-08-05,303.6,,1,0,서울특별시 송파구 방이동 226-7,,CDFH3301062015000017,0,3230000,사립,"서울특별시 송파구 오금로 247 (방이동, 건양빌딩)",05645,03,폐업,,,02-2147-3040
,2788,Y&T 휘트니스센타,0,2021-01-22,,212093.504345528,444324.297234108,체력단련장업,2026-04-28 22:30:44,I,03,폐업,,2021-01-22 18:57:26,,2015-09-10,419.24,,2,0,서울특별시 송파구 오금동 150-4,,CDFH3301062015000018,0,3230000,사립,"서울특별시 송파구 동남로 286 (오금동, 영재사관학원)",05740,03,폐업,,,02-408-0454
,11795,카이로바른척추교정,0,2020-03-27,,208105.938904596,445043.97737109,체력단련장업,2026-04-28 22:30:44,I,03,폐업,,2020-03-27 14:38:48,,2015-11-03,70.42,,1,0,서울특별시 송파구 잠실동 44-3 310호,,CDFH3301062015000022,0,3230000,사립,"서울특별시 송파구 석촌호수로 135, 3층 310호 (잠실동, 레이크팰리스)",05607,03,폐업,,,
,546,더블비짐,0,2020-09-02,,211302.032629806,444943.698335591,체력단련장업,2026-04-28 22:30:44,I,03,폐업,,2020-09-02 21:07:13,,2016-05-25,120.36,,1,0,서울특별시 송파구 오금동 40-20 지하,,CDFH3301062016000008,0,3230000,사립,"서울특별시 송파구 마천로8길 21, 지하층 (오금동)",05659,03,폐업,,,02-448-9297
,,Able PT BOX,0,2017-05-04,,210778.377127675,445016.961835846,체력단련장업,2026-04-28 22:30:44,I,03,폐업,,2017-05-04 16:23:50,,2016-05-25,118.62,,1,0,서울특별시 송파구 방이동 218-26 2층,,CDFH3301062016000009,0,3230000,사립,"서울특별시 송파구 오금로31가길 15, 2층 (방이동, 용인빌딩)",05646,03,폐업,,,02-420-9297
,2671,유프리아 휘트니스,0,2020-02-13,,210769.190920536,445359.948409671,체력단련장업,2026-04-28 22:30:44,I,03,폐업,,2020-02-14 09:37:47,,2016-06-20,659.97,,2,0,서울특별시 송파구 방이동 210 3층,,CDFH3301062016000011,0,3230000,사립,"서울특별시 송파구 마천로 13, 3층 (방이동)",05640,03,폐업,,,
,842,Awesome fitness,0,2018-08-14,,211051.95021395,442331.929071806,체력단련장업,2026-04-28 22:30:44,I,03,폐업,,2018-08-14 16:31:31,,2016-08-11,100,,1,0,,,CDFH3301062016000013,0,3230000,사립,"서울특별시 송파구 새말로5길 4-18, 지하1층 (문정동)",05808,03,폐업,,,
,2309,Elite training center,0,2025-09-18,,210370.535344513,445878.934526449,체력단련장업,2026-04-28 22:30:44,I,03,폐업,,2025-09-18 10:54:32,,2016-12-08,305.45,,2,0,,,CDFH3301062016000015,0,3230000,사립,"서울특별시 송파구 위례성대로 52, 지하1층 (방이동)",05627,03,폐업,,,
,420310,무브 360,0,2024-10-15,,209074.900840074,445657.80932984,체력단련장업,2026-04-28 22:30:44,I,03,폐업,,2024-10-15 13:25:36,,2017-10-30,1057.71,,,0,서울특별시 송파구 신천동 29,,CDFH3301062017000009,0,3230000,사립,"서울특별시 송파구 올림픽로 300, 6층 (신천동)",05551,03,폐업,,,02-2007-8546
,2400,LOFT GYM,0,2021-04-06,,207248.404515714,445470.750139552,체력단련장업,2026-04-28 22:30:45,I,03,폐업,,2021-04-06 16:59:58,,2018-06-07,195.24,,1,0,서울특별시 송파구 잠실동 181-9 맥스빌딩,,CDFH3301062018000012,0,3230000,사립,"서울특별시 송파구 올림픽로 108, 맥스빌딩 10층 (잠실동)",05557,03,폐업,,,02-419-0228
,3432,3B휘트니스,0,2022-01-17,,207870.116087704,444850.883067286,체력단련장업,2026-04-28 22:30:45,I,03,폐업,,2022-01-17 14:24:34,,2018-09-05,475.23,,2,0,서울특별시 송파구 삼전동 5,,CDFH3301062018000019,0,3230000,사립,"서울특별시 송파구 삼전로 84, 지하1층 (삼전동)",05606,03,폐업,,,
,3920,힛더짐,0,2021-04-28,,211190.834272855,443144.417683801,체력단련장업,2026-04-28 22:30:45,I,03,폐업,,2021-04-28 18:32:17,,2018-10-01,363,,2,0,서울특별시 송파구 문정동 9-1 레미안빌딩,,CDFH3301062018000020,0,3230000,사립,"서울특별시 송파구 송이로 194, 레미안빌딩 6층 (문정동)",05796,03,폐업,,,
,2090,제스트,0,2020-03-18,,209127.89783949,444684.432429317,체력단련장업,2026-04-28 22:30:45,I,03,폐업,,2020-03-18 15:41:04,,2019-02-07,252,,1,0,서울특별시 송파구 석촌동 173,,CDFH3301062019000002,0,3230000,사립,"서울특별시 송파구 백제고분로37길 4, 2층 (석촌동)",05615,03,폐업,,,
,421,크로스핏 송파,0,2024-09-30,,209884.921018147,445102.270854563,체력단련장업,2026-04-28 22:30:45,I,03,폐업,,2024-09-30 09:57:46,,2019-05-08,238.41,,,0,서울특별시 송파구 송파동 131-1,,CDFH3301062019000008,0,3230000,사립,서울특별시 송파구 백제고분로46길 14 (송파동),05665,03,폐업,,,070-7622-1037
,,(주)한국그룹운동개발원,0,2025-12-03,,210627.769729264,443992.014053375,체력단련장업,2026-04-28 22:30:45,I,03,폐업,,2025-12-03 15:21:58,,2019-09-20,131.59,,,0,서울특별시 송파구 가락동 49,,CDFH3301062019000018,0,3230000,사립,"서울특별시 송파구 송이로 91, 5층 (가락동)",05714,03,폐업,,,
,,로그짐 방이점,0,2024-01-10,,211143.539397041,445192.752343417,체력단련장업,2026-04-28 22:30:45,I,03,폐업,,2024-01-10 11:25:58,,2020-02-03,126,,1,0,서울특별시 송파구 오금동 17-6 가송빌딩,,CDFH3301062020000002,0,3230000,사립,"서울특별시 송파구 마천로5길 6, 가송빌딩 7층 (오금동)",05657,03,폐업,,,
,,팀크레모아,0,2025-01-17,,207945.966036515,444821.70674634,체력단련장업,2026-04-28 22:30:45,I,03,폐업,,2025-01-17 16:08:30,,2020-03-03,193,,1,0,서울특별시 송파구 삼전동 13,,CDFH3301062020000005,0,3230000,사립,"서울특별시 송파구 백제고분로21길 20, 지하1층 (삼전동)",05605,03,폐업,,,
,1600,머슬 하우스,0,2023-06-07,,209462.513525733,445061.006620464,체력단련장업,2026-04-28 22:30:45,I,03,폐업,,2023-06-08 09:35:33,,2020-07-07,551.79,,2,0,서울특별시 송파구 송파동 24-7,,CDFH3301062020000015,0,3230000,사립,서울특별시 송파구 백제고분로41길 18 (송파동),05622,03,폐업,,,
,,어썸핏,0,2025-08-14,,209495.573764625,445486.045812961,체력단련장업,2026-04-28 22:30:45,I,03,폐업,,2025-08-14 15:48:16,,2020-10-15,140.5,,,0,서울특별시 송파구 송파동 58-1 잠실대우레이크월드,,CDFH3301062020000025,0,3230000,사립,"서울특별시 송파구 석촌호수로 298, 2층 2호 (송파동, 잠실대우레이크월드)",05618,03,폐업,,,02-423-9682
,,힛더짐 2호점,0,2020-12-15,,209281.15685199,444656.419215904,체력단련장업,2026-04-28 22:30:45,I,03,폐업,,2020-12-15 16:17:00,,2020-12-09,192,,1,0,서울특별시 송파구 석촌동 285-5 옥당빌딩,,CDFH3301062020000033,0,3230000,사립,"서울특별시 송파구 백제고분로40길 4, 옥당빌딩 지하 1층 (석촌동)",05684,03,폐업,,,
,891,PT스튜디오 건강한 사람들,0,2024-05-28,,209730.584742929,444433.557667811,체력단련장업,2026-04-28 22:30:45,I,03,폐업,,2024-05-28 09:45:53,,2020-12-14,150,,,0,서울특별시 송파구 송파동 97-1,,CDFH3301062020000034,0,3230000,사립,"서울특별시 송파구 가락로 134, 지하1층 1호 (송파동)",05676,03,폐업,,,
,743,효 GYM 3호점,0,2024-05-17,,208135.661268525,444667.123855275,체력단련장업,2026-04-28 22:30:45,I,03,폐업,,2024-05-17 16:58:14,,2021-08-19,156.43,,,0,서울특별시 송파구 삼전동 99-11,,CDFH3301062021000021,0,3230000,사립,"서울특별시 송파구 백제고분로27길 11, 2층 (삼전동)",05605,03,폐업,,,
0,0,송파헬스크럽,,1999-03-30,,209666.669880655,444482.942721067,체력단련장업,2026-04-28 22:30:41,I,03,폐업,,2003-02-17 15:15:04,,1989-11-13,,138-850,0,,서울특별시 송파구 송파동 96-5,,CDFH3301061989000001,,3230000,사립,서울특별시 송파구 송파대로 390  (송파동),,03,폐업,,,
0,0,서울,,2001-10-01,,,,체력단련장업,2026-04-28 22:30:41,I,03,폐업,,2003-02-17 15:15:04,,1989-12-20,,138-830,0,,서울특별시 송파구 방이동 120-7,,CDFH3301061989000002,,3230000,사립,,,03,폐업,,,
0,0,스타헬스클럽,,1999-02-10,,207591.351022388,444699.989618681,체력단련장업,2026-04-28 22:30:41,I,03,폐업,,2003-02-17 15:15:04,,1989-12-20,,138-867,0,,서울특별시 송파구 잠실동 336-0,,CDFH3301061989000003,,3230000,사립,서울특별시 송파구 백제고분로 180  (잠실동),,03,폐업,,,
0,0,한라헬스클럽,,1998-02-25,,213148.581914117,443911.486816811,체력단련장업,2026-04-28 22:30:41,I,03,폐업,,2003-02-17 15:15:04,,1989-12-22,,138-819,0,,서울특별시 송파구 마천동 129-1,,CDFH3301061989000004,,3230000,사립,서울특별시 송파구 마천로41길 15  (마천동),,03,폐업,,,
0,0,호수,,2001-06-28,,209896.270852095,445366.660997995,체력단련장업,2026-04-28 22:30:41,I,03,폐업,,2003-02-17 15:15:04,,1990-01-05,,138-830,0,,서울특별시 송파구 방이동 110-0,,CDFH3301061990000001,,3230000,사립,서울특별시 송파구 백제고분로 446  (방이동),,03,폐업,,,
0,0,영파,,1996-11-02,,210665.924753861,447991.019236835,체력단련장업,2026-04-28 22:30:41,I,03,폐업,,2003-02-17 15:15:04,,1990-01-05,,138-873,0,,서울특별시 송파구 풍납동 496,,CDFH3301061990000002,,3230000,사립,서울특별시 송파구 올림픽로 585  (풍납동),,03,폐업,,,
0,0,오성,,1998-05-25,,210764.437903219,448347.056231026,체력단련장업,2026-04-28 22:30:41,I,03,폐업,,2003-02-17 15:15:04,,1990-01-05,,138-873,0,,서울특별시 송파구 풍납동 474-2,,CDFH3301061990000003,,3230000,사립,서울특별시 송파구 올림픽로 625  (풍납동),,03,폐업,,,
0,0,바심헬스,,1999-06-02,,209936.360303011,444594.01101688,체력단련장업,2026-04-28 22:30:41,I,03,폐업,,2003-02-17 15:15:04,,1990-11-13,,138-850,0,,서울특별시 송파구 송파동 104-10,,CDFH3301061990000004,,3230000,사립,서울특별시 송파구 가락로 159  (송파동),,03,폐업,,,
0,0,대성헬스,,1998-03-31,,207300.028556978,445429.459850149,체력단련장업,2026-04-28 22:30:41,I,03,폐업,,2003-02-17 15:15:04,,1991-02-25,,138-861,0,,서울특별시 송파구 잠실동 183-1,,CDFH3301061991000001,,3230000,사립,서울특별시 송파구 백제고분로7길 39  (잠실동),,03,폐업,,,
0,0,우림,,1998-12-30,,210640.949446089,443888.722014357,체력단련장업,2026-04-28 22:30:41,I,03,폐업,,2003-02-17 15:15:04,,1991-12-16,,138-802,0,,서울특별시 송파구 가락동 72-6,,CDFH3301061991000002,,3230000,사립,서울특별시 송파구 송이로 102  (가락동),,03,폐업,,,
0,0,잠실헬스,,1996-07-30,,207237.209516269,445386.40559804,체력단련장업,2026-04-28 22:30:41,I,03,폐업,,2003-02-17 15:15:04,,1992-03-30,,138-861,0,,서울특별시 송파구 잠실동 188,,CDFH3301061992000001,,3230000,사립,서울특별시 송파구 백제고분로7길 34  (잠실동),,03,폐업,,,
0,0,올림픽헬스클럽,,1997-11-27,,211169.335727186,445207.639442405,체력단련장업,2026-04-28 22:30:41,I,03,폐업,,2003-02-17 15:15:04,,1992-06-22,,138-855,0,,서울특별시 송파구 오금동 17-13 112호,,CDFH3301061992000002,,3230000,사립,"서울특별시 송파구 위례성대로20길 28,  112호 (오금동)",,03,폐업,,,
0,0,문정헬스크럽,,1999-03-12,,210943.111052419,442917.074478724,체력단련장업,2026-04-28 22:30:41,I,03,폐업,,2003-02-17 15:15:04,,1992-10-20,,138-825,0,,서울특별시 송파구 문정동 40-9,,CDFH3301061992000003,,3230000,사립,서울특별시 송파구 동남로4길 20  (문정동),,03,폐업,,,
0,0,한국체육아카데미,,2002-08-31,,210736.904409143,443841.338101311,체력단련장업,2026-04-28 22:30:41,I,03,폐업,,2003-02-17 15:15:04,,1993-02-06,,138-802,0,,서울특별시 송파구 가락동 57-0,,CDFH3301061993000001,,3230000,사립,서울특별시 송파구 송이로 111  (가락동),,03,폐업,,,
0,0,건영,,2002-02-01,,211141.770295824,442186.551620522,체력단련장업,2026-04-28 22:30:41,I,03,폐업,,2003-02-17 15:15:04,,1993-04-08,,138-200,0,,서울특별시 송파구 문정동 77-7,,CDFH3301061993000002,,3230000,사립,서울특별시 송파구 새말로8길 11  (문정동),,03,폐업,,,
0,0,한마음,,2001-09-03,,210998.577932157,445226.656940926,체력단련장업,2026-04-28 22:30:41,I,03,폐업,,2003-02-17 15:15:04,,1993-04-16,,138-835,0,,서울특별시 송파구 방이동 207-8,,CDFH3301061993000003,,3230000,사립,서울특별시 송파구 마천로 39  (방이동),,03,폐업,,,
0,0,거마,,2002-04-04,,212897.43493232,444078.37420395,체력단련장업,2026-04-28 22:30:41,I,03,폐업,,2003-02-17 15:15:04,,1993-04-26,,138-818,0,,서울특별시 송파구 마천동 35-5,,CDFH3301061993000004,,3230000,사립,서울특별시 송파구 거마로 65  (마천동),,03,폐업,,,
,,코리아휘트니스,,2004-01-15,,209074.157492629,444171.770337417,체력단련장업,2026-04-28 22:30:41,I,03,폐업,0,2004-01-15 15:02:15,,1993-05-19,,138-190,,,"서울특별시 송파구 석촌동 252-3 ,11",,CDFH3301061993000005,,3230000,사립,"서울특별시 송파구 가락로 64  (석촌동,,11)",,03,폐업,,,
,,해성헬스,,2002-05-01,,,,체력단련장업,2026-04-28 22:30:41,I,03,폐업,0,2004-08-27 16:33:04,,1993-12-16,,138-832,,,서울특별시 송파구 방이동 150-4,,CDFH3301061993000007,,3230000,사립,,,03,폐업,,,
0,0,휘트니스아카데미,,2000-07-21,,207191.239016722,445287.9917874,체력단련장업,2026-04-28 22:30:41,I,03,폐업,,2003-02-17 15:15:04,,1994-02-26,,138-861,0,,서울특별시 송파구 잠실동 190-6,,CDFH3301061994000001,,3230000,사립,서울특별시 송파구 백제고분로9길 27  (잠실동),,03,폐업,,,
0,0,코리아헬스,,1997-10-01,,211249.190302708,443098.142260961,체력단련장업,2026-04-28 22:30:41,I,03,폐업,,2003-02-17 15:15:04,,1994-04-12,,138-824,0,,서울특별시 송파구 문정동 9-8,,CDFH3301061994000002,,3230000,사립,서울특별시 송파구 송이로 200  (문정동),,03,폐업,,,
0,0,신세계 여성전용,,2000-06-16,,209509.255875997,445829.07823706,체력단련장업,2026-04-28 22:30:41,I,03,폐업,,2003-02-17 15:15:04,,1994-05-24,,138-827,0,,서울특별시 송파구 방이동 28-7,,CDFH3301061994000003,,3230000,사립,서울특별시 송파구 오금로11길 11  (방이동),,03,폐업,,,
0,0,월드헬스,,1998-12-03,,212757.695,443412.795000001,체력단련장업,2026-04-28 22:30:41,I,03,폐업,,2003-02-17 15:15:04,,1994-09-09,,138-814,0,,서울특별시 송파구 거여동 27-4,,CDFH3301061994000004,,3230000,사립,서울특별시 송파구 오금로 508  (거여동),,03,폐업,,,
,,도원헬스,,2011-05-31,,212680.513110857,444091.950109782,체력단련장업,2026-04-28 22:30:41,I,03,폐업,0,2011-06-01 08:48:40,,1994-11-07,,138-813,,,서울특별시 송파구 거여동 1-9,,CDFH3301061994000005,,3230000,사립,서울특별시 송파구 성내천로 142  (거여동),,03,폐업,,,
0,0,엑스포헬스,,1996-09-18,,,,체력단련장업,2026-04-28 22:30:41,I,03,폐업,,2003-02-17 15:15:04,,1995-11-16,,138-879,0,,서울특별시 송파구 풍납동 410-1,,CDFH3301061995000001,,3230000,사립,,,03,폐업,,,
0,0,글로리아헬스,,1998-02-13,,211810.486043327,443684.769200157,체력단련장업,2026-04-28 22:30:41,I,03,폐업,,2003-02-17 15:15:04,,1996-08-05,,138-812,0,,서울특별시 송파구 가락동 191-6,,CDFH3301061996000001,,3230000,사립,서울특별시 송파구 오금로46길 28  (가락동),,03,폐업,,,
,,나누리헬스피아,,2006-06-02,,209881.327847441,445574.271079147,체력단련장업,2026-04-28 22:30:41,I,03,폐업,0,2006-06-07 13:15:55,,1996-11-01,,138-829,,,서울특별시 송파구 방이동 106-19,,CDFH3301061996000002,,3230000,사립,서울특별시 송파구 올림픽로32길 57  (방이동),,03,폐업,,,22029384
0,0,KASFA체력관,,1999-03-04,,207594.983745254,444464.469113694,체력단련장업,2026-04-28 22:30:41,I,03,폐업,,2003-02-17 15:15:04,,1997-01-15,,138-838,0,,서울특별시 송파구 삼전동 33-9,,CDFH3301061997000001,,3230000,사립,서울특별시 송파구 삼전로 38  (삼전동),,03,폐업,,,
0,0,거여헬스크럽,,2001-05-01,,,,체력단련장업,2026-04-28 22:30:41,I,03,폐업,,2003-02-17 15:15:04,,1997-03-28,,138-816,0,,서울특별시 송파구 거여동 349-16,,CDFH3301061997000002,,3230000,사립,,,03,폐업,,,
0,4967,비타민,,2019-07-29,,208529.294612776,444440.154041662,체력단련장업,2026-04-28 22:30:41,I,03,폐업,,2019-07-29 17:43:02,,1997-05-12,274.57,138-845,,,서울특별시 송파구 석촌동 210 3층,,CDFH3301061997000003,,3230000,사립,"서울특별시 송파구 백제고분로 276, 3층 (석촌동)",05679,03,폐업,,,
,,거마헬스크럽,,2003-11-21,,212957.783750648,443402.926400735,체력단련장업,2026-04-28 22:30:41,I,03,폐업,0,2003-11-21 14:27:55,,1997-05-16,,138-814,,,서울특별시 송파구 거여동 31-16,,CDFH3301061997000004,,3230000,사립,서울특별시 송파구 오금로 528  (거여동),,03,폐업,,,
0,0,썬헬스,,1998-06-03,,209393.579690936,444298.606562109,체력단련장업,2026-04-28 22:30:41,I,03,폐업,,2003-02-17 15:15:04,,1997-05-16,,138-846,0,,서울특별시 송파구 석촌동 276-0,,CDFH3301061997000005,,3230000,사립,서울특별시 송파구 가락로 98  (석촌동),,03,폐업,,,
0,0,한양헬스,,2000-05-17,,210211.186930669,444926.117747503,체력단련장업,2026-04-28 22:30:41,I,03,폐업,,2003-02-17 15:15:04,,1997-09-02,,138-854,0,,서울특별시 송파구 송파동 146-3,,CDFH3301061997000006,,3230000,사립,서울특별시 송파구 가락로28길 3  (송파동),,03,폐업,,,
,,건강생활체육관,,2006-11-30,,210211.186930669,444926.117747503,체력단련장업,2026-04-28 22:30:41,I,03,폐업,0,2006-11-30 09:14:41,,1997-09-02,,138-854,,,서울특별시 송파구 송파동 146-3,,CDFH3301061997000007,,3230000,사립,서울특별시 송파구 가락로28길 3  (송파동),,03,폐업,,,
0,0,헬스크리닉마스터엠,,2000-01-05,,208707.089897534,446299.352775446,체력단련장업,2026-04-28 22:30:41,I,03,폐업,,2003-02-17 15:15:04,,1997-11-14,,138-240,0,,서울특별시 송파구 신천동 7-0,,CDFH3301061997000010,,3230000,사립,,,03,폐업,,,
0,0,가락휘트니스센타,,2001-07-24,,210554.163152083,443790.344121276,체력단련장업,2026-04-28 22:30:41,I,03,폐업,,2003-02-17 15:15:04,,1998-06-26,,138-803,0,,서울특별시 송파구 가락동 86-12,,CDFH3301061998000002,,3230000,사립,서울특별시 송파구 양재대로62길 42-1  (가락동),,03,폐업,,,
,,신세계체력단련장,,2006-03-20,,209484.320725356,444751.41436612,체력단련장업,2026-04-28 22:30:41,I,03,폐업,0,2006-03-24 14:38:47,,1998-07-28,,138-850,,,서울특별시 송파구 송파동 84-7,,CDFH3301061998000004,,3230000,사립,서울특별시 송파구 송파대로 422  (송파동),,03,폐업,,,
,,선수촌올림픽스포츠센터,,2010-07-15,,211708.264681572,445907.582850538,체력단련장업,2026-04-28 22:30:41,I,03,폐업,0,2010-07-15 18:04:07,,1998-08-17,,138-829,,,서울특별시 송파구 방이동 89-12,,CDFH3301061998000005,472,3230000,사립,서울특별시 송파구 양재대로 1222  (방이동),,03,폐업,,,
,,향군회관헬스크럽,,2007-12-31,,208808.460094719,446014.471916419,체력단련장업,2026-04-28 22:30:41,I,03,폐업,0,2007-12-31 17:22:12,,1999-03-18,,138-240,,,서울특별시 송파구 신천동 7-13,,CDFH3301061999000001,,3230000,사립,,,03,폐업,,,
0,0,한신코아헬스크럽,,2000-04-11,,209140.885315651,446042.592367722,체력단련장업,2026-04-28 22:30:41,I,03,폐업,,2003-02-17 15:15:04,,1999-03-19,,138-240,0,,서울특별시 송파구 신천동 11-9,,CDFH3301061999000002,,3230000,사립,서울특별시 송파구 신천로6길 11  (신천동),,03,폐업,,,
,,리오헬스,,2014-12-22,,211514.958935567,443627.262072966,체력단련장업,2026-04-28 22:30:41,I,03,폐업,,2014-12-22 13:40:57,,1999-04-27,,138-812,,,서울특별시 송파구 가락동 193-9,,CDFH3301061999000003,,3230000,사립,서울특별시 송파구 동남로16길 3 (가락동),,03,폐업,,,
,,잠실(천)신용협동조합헬스크럽,,2005-05-30,,207307.809494696,445381.464390854,체력단련장업,2026-04-28 22:30:41,I,03,폐업,0,2005-05-30 10:35:15,,1999-05-28,,138-861,,,서울특별시 송파구 잠실동 187-10,,CDFH3301061999000004,,3230000,사립,서울특별시 송파구 백제고분로7길 42  (잠실동),,03,폐업,,,
0,0,신세계헬스,,2000-12-27,,209509.255875997,445829.07823706,체력단련장업,2026-04-28 22:30:41,I,03,폐업,,2003-02-17 15:15:04,,1999-06-28,,138-827,0,,서울특별시 송파구 방이동 28-7,,CDFH3301061999000006,,3230000,사립,서울특별시 송파구 오금로11길 11  (방이동),,03,폐업,,,
0,0,프린세스헬스,,2001-11-12,,208877.849829013,444913.475416514,체력단련장업,2026-04-28 22:30:41,I,03,폐업,,2003-02-17 15:15:04,,1999-07-06,,138-844,0,,서울특별시 송파구 석촌동 157-4,,CDFH3301061999000007,,3230000,사립,서울특별시 송파구 석촌호수로18길 7  (석촌동),,03,폐업,,,
,,월드헬스,,2003-12-31,,207436.481306973,445214.570228622,체력단련장업,2026-04-28 22:30:41,I,03,폐업,0,2004-05-24 15:19:23,,1999-11-03,,138-862,,,서울특별시 송파구 잠실동 207-4 2층,,CDFH3301061999000008,,3230000,사립,"서울특별시 송파구 백제고분로15길 42  (잠실동,2층)",,03,폐업,,,
,,마스터M.헬스크리닉,,2004-07-12,,208707.089897534,446299.352775446,체력단련장업,2026-04-28 22:30:41,I,03,폐업,0,2004-07-12 11:41:56,,2000-01-06,,138-240,,,서울특별시 송파구 신천동 7-0 장미비상가 221호,,CDFH3301062000000001,,3230000,사립,,,03,폐업,,,
,,금강남여헬스클럽,,2003-08-07,,212951.578621413,443908.198316241,체력단련장업,2026-04-28 22:30:42,I,03,폐업,0,2005-02-17 11:50:57,,2000-02-17,,138-814,,,서울특별시 송파구 거여동 183-5,,CDFH3301062000000004,,3230000,사립,서울특별시 송파구 마천로 276  (거여동),,03,폐업,,,
,,파워헬스,,2004-12-31,,213019.586587286,444390.397732341,체력단련장업,2026-04-28 22:30:42,I,03,폐업,0,2006-04-10 16:41:15,,2000-02-17,,138-817,,,서울특별시 송파구 마천동 5-16,,CDFH3301062000000005,,3230000,사립,서울특별시 송파구 거마로 99  (마천동),,03,폐업,,,
,,파워헬스,,2001-06-25,,209588.877484891,444335.22372979,체력단련장업,2026-04-28 22:30:42,I,03,폐업,0,2004-08-27 11:45:19,,2000-02-22,,138-847,,,서울특별시 송파구 석촌동 297-2,,CDFH3301062000000008,,3230000,사립,서울특별시 송파구 가락로16길 3-12  (석촌동),,03,폐업,,,
,,경희헬스클럽,,2001-12-20,,,,체력단련장업,2026-04-28 22:30:42,I,03,폐업,0,2006-02-09 10:38:01,,2000-03-16,,138-842,,,서울특별시 송파구 석촌동 27-5,,CDFH3301062000000009,,3230000,사립,,,03,폐업,,,
0,2793,골든짐,,2024-06-26,,209357.956006173,444284.283207535,체력단련장업,2026-04-28 22:30:42,I,03,폐업,,2024-06-26 14:11:40,,2000-03-16,300.38,,,,서울특별시 송파구 석촌동 273-5,,CDFH3301062000000010,,3230000,사립,서울특별시 송파구 가락로 94 (석촌동),05696,03,폐업,,,
,,새서울헬스,,2006-06-26,,207815.181028902,444601.691964731,체력단련장업,2026-04-28 22:30:42,I,03,폐업,0,2006-06-26 13:54:57,,2000-05-01,,138-837,,,서울특별시 송파구 삼전동 28-12,,CDFH3301062000000011,,3230000,사립,서울특별시 송파구 백제고분로22길 4  (삼전동),,03,폐업,,,34312172
,,킹헬스토피아,,2014-10-07,,210233.070564514,445400.304029969,체력단련장업,2026-04-28 22:30:42,I,03,폐업,,2014-10-08 09:15:22,,2000-05-09,,138-832,,,서울특별시 송파구 방이동 141-7,,CDFH3301062000000012,,3230000,사립,서울특별시 송파구 백제고분로48길 31 (방이동),,03,폐업,,,
,,잠실헬스크럽,,2004-07-31,,207471.445362202,445364.892894352,체력단련장업,2026-04-28 22:30:42,I,03,폐업,0,2006-03-07 14:41:52,,2000-09-04,,138-862,,,서울특별시 송파구 잠실동 208-1,,CDFH3301062000000014,,3230000,사립,서울특별시 송파구 백제고분로17길 56  (잠실동),,03,폐업,,,
,,파워풀스포츠,,2005-08-25,,207591.351022388,444699.989618681,체력단련장업,2026-04-28 22:30:42,I,03,폐업,0,2005-08-25 13:19:42,,2001-03-23,,138-867,,,서울특별시 송파구 잠실동 336-0 7통9반,,CDFH3301062001000003,,3230000,사립,서울특별시 송파구 백제고분로 180  (잠실동),,03,폐업,,,
,,성심 스포츠 센타,,2003-05-16,,209357.956006173,444284.283207535,체력단련장업,2026-04-28 22:30:42,I,03,폐업,0,2003-12-29 11:55:55,,2001-05-29,,138-846,,,서울특별시 송파구 석촌동 273-5 12통2반,,CDFH3301062001000006,,3230000,사립,서울특별시 송파구 가락로 94  (석촌동),,03,폐업,,,
,,빼빼다이어트헬스,,2003-04-19,,212578.04,443542.96,체력단련장업,2026-04-28 22:30:42,I,03,폐업,0,2004-08-27 11:31:17,,2001-06-18,,138-813,,,서울특별시 송파구 거여동 21-4,,CDFH3301062001000008,,3230000,사립,서울특별시 송파구 오금로 485  (거여동),,03,폐업,,,
,,월드헬스,,2010-04-08,,209509.727369895,444397.004600874,체력단련장업,2026-04-28 22:30:42,I,03,폐업,0,2010-04-08 09:32:03,,2001-08-31,,138-847,,,서울특별시 송파구 석촌동 295-12 4층,,CDFH3301062001000012,,3230000,사립,"서울특별시 송파구 백제고분로40길 37  (석촌동,4층)",,03,폐업,,,
,,한마음헬스,,2002-09-30,,211066.169991969,445555.431660539,체력단련장업,2026-04-28 22:30:42,I,03,폐업,0,2004-09-07 11:57:24,,2001-09-05,,138-834,,,서울특별시 송파구 방이동 183-4 39통1반 (지1층),,CDFH3301062001000014,,3230000,사립,"서울특별시 송파구 위례성대로 130  (방이동,(지1층))",,03,폐업,,,22022466
,,영 헬스,,2008-11-18,,209622.160757872,445674.174704214,체력단련장업,2026-04-28 22:30:42,I,03,폐업,0,2008-11-18 22:38:07,,2001-09-14,,138-829,,,서울특별시 송파구 방이동 69-4 (5층),,CDFH3301062001000016,,3230000,사립,"서울특별시 송파구 올림픽로32길 32  (방이동,(5층))",,03,폐업,,,
,,헬스라이프,,2005-10-24,,213260.271667498,443879.105478047,체력단련장업,2026-04-28 22:30:42,I,03,폐업,0,2005-10-24 14:17:42,,2001-10-05,,138-819,,,서울특별시 송파구 마천동 135-14,,CDFH3301062001000017,,3230000,사립,서울특별시 송파구 마천로41길 27  (마천동),,03,폐업,,,
,851,허니짐 P.T,0,2023-12-26,,207498.11645136,445353.512239994,체력단련장업,2026-04-28 22:30:45,I,03,폐업,,2023-12-26 14:09:33,,2021-09-17,115,,,0,서울특별시 송파구 잠실동 208-15 경남빌딩 3층,,CDFH3301062021000025,0,3230000,사립,"서울특별시 송파구 석촌호수로 66, 경남빌딩 3층 (잠실동)",05559,03,폐업,,,
,919,BTY GYM,0,2023-10-11,,207234.380205273,444826.914078596,체력단련장업,2026-04-28 22:30:46,I,03,폐업,,2023-10-12 09:09:29,,2022-01-11,125,,,0,서울특별시 송파구 잠실동 313-8 지층 02호,,CDFH3301062022000001,0,3230000,사립,"서울특별시 송파구 백제고분로 142, 지층 02호 (잠실동)",05575,03,폐업,,,02-6402-1380
,,로그짐 송파나루점,0,2024-03-07,,209978.655449734,445545.759644926,체력단련장업,2026-04-28 22:30:46,I,03,폐업,,2024-03-07 16:28:28,,2022-04-04,104.09,,,0,서울특별시 송파구 방이동 149-1 금복빌딩,,CDFH3301062022000010,0,3230000,사립,"서울특별시 송파구 백제고분로 468, 금복빌딩 4층 (방이동)",05631,03,폐업,,,
,1568,라고,0,2023-07-15,,208424.504605631,444927.607989336,체력단련장업,2026-04-28 22:30:46,I,03,폐업,,2023-07-18 18:25:29,,2022-07-13,231.62,,,0,서울특별시 송파구 삼전동 130 정한빌딩 지하1층,,CDFH3301062022000018,0,3230000,사립,"서울특별시 송파구 석촌호수로 172, 정한빌딩 지하1층 (삼전동)",05602,03,폐업,,,
,887,피티바이패스,0,2025-06-27,,209571.538094419,445567.734901273,체력단련장업,2026-04-28 22:30:46,I,03,폐업,,2025-06-27 17:43:08,,2022-07-21,130.95,,,0,서울특별시 송파구 방이동 67-12 송파빌딩 지하1층,,CDFH3301062022000019,0,3230000,사립,"서울특별시 송파구 오금로15길 5, 송파빌딩 지하1층 (방이동)",05548,03,폐업,,,
,10994,피지오원,0,2022-10-31,,210031.154818512,446040.044744713,체력단련장업,2026-04-28 22:30:46,I,03,폐업,,2022-10-31 11:21:19,,2022-10-18,47.47,,,0,서울특별시 송파구 방이동 45-2 805호,,CDFH3301062022000025,0,3230000,사립,"서울특별시 송파구 위례성대로 18, 805호 (방이동)",05545,03,폐업,,,
,984,탄탄짐&필라테스,0,2025-12-04,,207396.416849098,444682.105012443,체력단련장업,2026-04-28 22:30:46,I,03,폐업,,2025-12-05 00:06:43,,2023-02-15,139.98,,,0,서울특별시 송파구 잠실동 316-6,,CDFH3301062023000007,0,3230000,사립,"서울특별시 송파구 백제고분로18길 10, 201호 (잠실동)",05576,03,폐업,,,
,806,올바른필라테스&PT,0,2025-01-08,,211904.88368033,443361.403941355,체력단련장업,2026-04-28 22:30:46,I,03,폐업,,2025-01-08 18:02:18,,2023-07-05,152.31,,,0,서울특별시 송파구 가락동 180-10 가락동양씨빌딩,,CDFH3301062023000021,0,3230000,사립,"서울특별시 송파구 문정로 141, 가락동양씨빌딩 3층 (가락동)",05782,03,폐업,,,02-401-7763
,1065,피보이 엠엠에이,0,2024-12-26,,209807.003938308,444459.489228146,체력단련장업,2026-04-28 22:30:46,I,03,폐업,,2024-12-26 16:41:36,,2023-08-09,203.99,,,0,서울특별시 송파구 송파동 98-3,,CDFH3301062023000027,0,3230000,사립,"서울특별시 송파구 가락로 142, 지하1층 (송파동)",05676,03,폐업,,,
,696,강 PT,0,2025-07-25,,210079.592497353,445750.206337916,체력단련장업,2026-04-28 22:30:46,I,03,폐업,,2025-07-25 21:58:11,,2023-11-02,108,,,0,서울특별시 송파구 방이동 149-9 거보산업(주),,CDFH3301062023000037,0,3230000,사립,"서울특별시 송파구 백제고분로 490, 거보산업(주) 지하1층 (방이동)",05631,03,폐업,,,
