사업장명,폐업일자,좌표X,좌표Y,데이터갱신시점,데이터갱신구분,상세영업상태코드,상세영업상태명,최종수정시점,인허가취소일자,인허가일자,소재지우편번호,지번주소,관리번호,개방자치단체코드,도로명주소,도로명우편번호,영업상태구분코드,영업상태명,판매점영업면적,휴업시작일자,휴업종료일자,소재지전화번호
세븐일레븐 마곡르보아점,2018-07-18,183831.936163085,451671.901163216,2026-04-28 22:00:58,I,03,폐업,2018-07-18 15:33:40,,2016-02-17,,,PHMH320163150037087500013,3150000,"서울특별시 강서구 마곡중앙5로 87 (마곡동, 우성르보아투)",07599,03,폐업,50,,,
씨유 발산열린점,2025-03-07,185590.150482304,450885.185701751,2026-04-28 22:00:58,I,03,폐업,2025-03-10 11:37:20,,2016-02-22,,,PHMH320163150037087500014,3150000,"서울특별시 강서구 마곡중앙6로 93 (마곡동, 열린프라자)",07803,03,폐업,50,,,
씨유 화곡정원점,2018-08-07,186853.073777308,450149.128774823,2026-04-28 22:00:58,I,03,폐업,2018-08-07 17:44:24,,2016-02-22,,,PHMH320163150037087500015,3150000,"서울특별시 강서구 공항대로46길 57 (화곡동, 정원빌딩)",07654,03,폐업,,,,
GS25 강서우장점,2020-02-24,185353.403091544,449419.697132348,2026-04-28 22:00:58,I,03,폐업,2020-02-25 15:14:51,,2016-03-04,,,PHMH320163150037087500017,3150000,서울특별시 강서구 강서로45다길 21 (화곡동),07705,03,폐업,90,,,
지에스25 강서메르디앙,2018-12-12,186097.62351214,450527.175342747,2026-04-28 22:00:58,I,03,폐업,2018-12-12 17:44:22,,2016-03-16,,,PHMH320163150037087500018,3150000,서울특별시 강서구 공항대로38길 106 (내발산동),07651,03,폐업,44,,,
씨유 발산진흥점,2017-08-31,185120.55374291,450080.859549327,2026-04-28 22:00:58,I,03,폐업,2017-08-31 17:13:47,,2016-03-18,,,PHMH320163150037087500019,3150000,서울특별시 강서구 강서로47길 67 (내발산동),07638,03,폐업,80,,,
(주)코리아세븐 방화새싹공원점,2023-12-05,183036.405903574,451927.409191809,2026-04-28 22:01:04,I,03,폐업,2023-12-05 14:14:12,,2016-04-07,,,PHMH320163150037087500021,3150000,서울특별시 강서구 양천로14길 86 (방화동),07610,03,폐업,49,,,
지에스25 공항화물청사,2021-01-29,183007.220061564,450515.642035894,2026-04-28 22:00:58,I,03,폐업,2021-02-01 16:52:17,,2016-04-15,,,PHMH320163150037087500024,3150000,"서울특별시 강서구 하늘길 233 (공항동, 포트골프)",07505,03,폐업,90,,,
지에스25 등촌투웨니,2018-06-29,187936.189010435,450125.978645866,2026-04-28 22:00:58,I,03,폐업,2018-06-29 16:38:05,,2016-04-15,,,PHMH320163150037087500025,3150000,"서울특별시 강서구 공항대로59다길 14 (등촌동, 그린빌)",07563,03,폐업,39,,,
세븐일레븐 화곡중앙점,2024-03-29,185841.426327403,448686.229861694,2026-04-28 22:00:58,I,03,폐업,2024-03-29 18:01:19,,2016-04-25,,,PHMH320163150037087500026,3150000,서울특별시 강서구 강서로31길 10 (화곡동),07715,03,폐업,64,,,
미니스톱 강서우장산점,2018-12-03,185714.15728531,450039.802512353,2026-04-28 22:00:58,I,03,폐업,2018-12-04 09:02:51,,2016-04-28,,,PHMH320163150037087500027,3150000,서울특별시 강서구 강서로48길 47 (내발산동),07682,03,폐업,120,,,
미니스톱 마곡비즈웍스점,2018-01-31,185655.771599894,450931.675671243,2026-04-28 22:00:58,I,03,폐업,2018-02-02 16:04:57,,2016-05-11,,,PHMH320163150037087500028,3150000,"서울특별시 강서구 강서로 391 (마곡동, 문영비즈웍스)",07803,03,폐업,,,,
씨유 화곡대로점,2018-07-30,186216.200890849,449323.844678445,2026-04-28 22:00:58,I,03,폐업,2018-07-30 13:16:29,,2016-05-17,,,PHMH320163150037087500029,3150000,서울특별시 강서구 화곡로 233 (화곡동),07695,03,폐업,36,,,
씨유 화곡와이즈점,2025-05-29,186048.390673767,448841.098288166,2026-04-28 22:00:58,I,03,폐업,2025-05-30 12:04:04,,2016-05-23,,,PHMH320163150037087500030,3150000,서울특별시 강서구 까치산로 20 (화곡동),07726,03,폐업,66,,,
(주)코리아세븐 강서염창점,2019-06-04,188769.216232916,449815.312928759,2026-04-28 22:01:06,I,03,폐업,2019-06-05 13:39:22,,2016-05-26,,,PHMH320163150037087500032,3150000,"서울특별시 강서구 양천로73가길 28, 1층 2,3호 (염창동, 삼현펠리체)",07540,03,폐업,50,,,
지에스25 강서송정역점,2021-10-08,183227.963853126,450986.476023762,2026-04-28 22:00:58,I,03,폐업,2021-10-08 16:04:46,,2016-06-07,,,PHMH320163150037087500033,3150000,서울특별시 강서구 공항대로 34 (공항동),07623,03,폐업,42,,,
GS25 마곡더블유점,2019-11-11,183768.696418792,451652.621602431,2026-04-28 22:00:58,I,03,폐업,2019-11-12 14:14:40,,2016-06-10,,,PHMH320163150037087500034,3150000,"서울특별시 강서구 방화대로 294 (마곡동, 마곡더블유타워)",07599,03,폐업,40,,,
(주)코리아세븐 화곡화원점,2024-12-02,186048.74286667,448017.438415969,2026-04-28 22:01:04,I,03,폐업,2024-12-02 17:27:35,,2016-06-23,,,PHMH320163150037087500036,3150000,"서울특별시 강서구 가로공원로76가길 76 (화곡동, 수경빌딩)",07769,03,폐업,49,,,
씨유 화곡봉제산점,2021-06-18,186648.263208277,448209.28551981,2026-04-28 22:00:58,I,03,폐업,2021-06-22 09:46:22,,2016-07-13,,서울특별시 강서구 화곡동 155번지 7호,PHMH320163150037087500038,3150000,서울특별시 강서구 강서로18바길 22 (화곡동),07753,03,폐업,,,,
365플러스 화곡중앙점,2018-05-31,185346.33001326,448943.300195527,2026-04-28 22:00:58,I,03,폐업,2018-05-31 17:56:05,,2016-07-26,,서울특별시 강서구 화곡동 1037번지 32호,PHMH320163150037087500040,3150000,서울특별시 강서구 강서로35길 70 (화곡동),07708,03,폐업,46,,,
씨유 양천향교점,2018-08-16,185838.384991988,452001.548882852,2026-04-28 22:00:58,I,03,폐업,2018-08-16 15:38:17,,2016-08-10,,,PHMH320163150037087500044,3150000,"서울특별시 강서구 양천로49길 35 (가양동, 한림빌딩)",07523,03,폐업,135,,,
씨유 강서다온점,2017-08-03,185188.260787751,449195.898631219,2026-04-28 22:00:58,I,03,폐업,2017-08-04 09:43:11,,2016-08-11,,서울특별시 강서구 화곡동 1015번지,PHMH320163150037087500045,3150000,서울특별시 강서구 화곡로13길 111 (화곡동),07709,03,폐업,49,,,
GS25 마곡8단지,2021-08-20,184002.221367555,451272.78863313,2026-04-28 22:00:58,I,03,폐업,2021-08-20 17:49:36,,2016-08-16,,,PHMH320163150037087500046,3150000,"서울특별시 강서구 마곡서1로 81 (마곡동, 마곡엠밸리8단지)",07599,03,폐업,53,,,
지에스25 염창빌리지점,2024-05-02,188508.502580715,450136.973259432,2026-04-28 22:00:58,I,03,폐업,2024-05-02 16:07:18,,2016-08-26,,서울특별시 강서구 염창동 244번지 15호,PHMH320163150037087500047,3150000,"서울특별시 강서구 양천로69길 19 (염창동, 세우빌딩)",07544,03,폐업,597,,,
GS25 마곡플레이스,2018-04-03,185668.617836982,450985.772091558,2026-04-28 22:00:58,I,03,폐업,2018-04-04 09:22:58,,2016-09-12,,,PHMH320163150037087500048,3150000,"서울특별시 강서구 강서로 395 (마곡동, 플레이스에이치)",07794,03,폐업,46,,,26685566
씨유 화곡미래점,2020-08-10,186729.609416151,448398.615042324,2026-04-28 22:00:58,I,03,폐업,2020-08-10 13:38:43,,2016-09-19,,,PHMH320163150037087500049,3150000,서울특별시 강서구 초록마을로 122 (화곡동),07724,03,폐업,30,,,
지에스25 발산파크점,2018-10-24,185486.670321459,450776.897789941,2026-04-28 22:01:05,I,03,폐업,2018-10-24 17:47:28,,2016-09-23,,,PHMH320163150037087500052,3150000,"서울특별시 강서구 공항대로 261, 106호 (마곡동, 발산파크프라자)",07803,03,폐업,46,,,
세븐일레븐 강서화곡대로점,2018-05-30,185825.094072884,448557.660496872,2026-04-28 22:00:58,I,03,폐업,2018-05-30 16:46:08,,2016-10-11,,,PHMH320163150037087500054,3150000,"서울특별시 강서구 강서로29길 27, 102호 (화곡동)",07720,03,폐업,62,,,02-2699-4332
씨유 개화점,2023-09-06,183372.025068083,453178.305694113,2026-04-28 22:00:58,I,03,폐업,2023-09-06 17:51:37,,2016-10-12,,,PHMH320163150037087500056,3150000,"서울특별시 강서구 금낭화로 167, 상가104호 (방화동, 방화8단지개화아파트)",07509,03,폐업,49,,,02-3662-0340
GS25 우장산,2018-10-31,186095.757317637,449457.023521698,2026-04-28 22:00:58,I,03,폐업,2018-10-31 16:15:46,,2016-10-13,,,PHMH320163150037087500057,3150000,"서울특별시 강서구 우현로 17 (화곡동, 서흥빌딩)",07695,03,폐업,53,,,
GS25 등촌서낭,2017-08-29,186336.124847832,450732.03485005,2026-04-28 22:00:58,I,03,폐업,2017-08-29 14:18:12,,2016-10-14,,,PHMH320163150037087500058,3150000,"서울특별시 강서구 화곡로63길 125 (등촌동, 윤준빌딩)",07590,03,폐업,108,,,
씨유 화곡트윈캐슬점,2018-12-31,186728.272021831,448837.12245991,2026-04-28 22:01:04,I,03,폐업,2018-12-31 16:17:15,,2016-10-18,,,PHMH320163150037087500059,3150000,"서울특별시 강서구 초록마을로 71, A동 101호 (화곡동, 우성트윈캐슬아파트)",07677,03,폐업,66,,,
지에스25 마곡일성점,2021-11-16,184539.253003862,451830.533907327,2026-04-28 22:01:05,I,03,폐업,2021-11-16 17:47:32,,2016-10-19,,,PHMH320163150037087500061,3150000,"서울특별시 강서구 마곡중앙로 161-22, B동 122호 (마곡동, 마곡일성트루엘플래닛)",07788,03,폐업,40,,,
씨유 마곡더랜드점,2022-12-23,184655.264279055,451864.298152252,2026-04-28 22:00:58,I,03,폐업,2022-12-26 09:12:14,,2016-11-02,,서울특별시 강서구 마곡동 757번지 두산더랜드파크,PHMH320163150037087500062,3150000,"서울특별시 강서구 마곡중앙로 161-8, 두산더랜드파크 A동 1층 106호 (마곡동)",07788,03,폐업,53,,,26583769
지에스25 마곡미르웰점,2023-09-22,,,2026-04-28 22:00:58,I,03,폐업,2023-09-22 16:34:42,,2016-11-07,,서울특별시 강서구 마곡동 784-2 마곡경동미르웰,PHMH320163150037087500063,3150000,"서울특별시 강서구 강서로 455, 마곡경동미르웰 101동 113호 (마곡동)",07792,03,폐업,,,,070-8844-4658
지에스25 마곡점,2018-06-15,183968.906835987,450822.830988735,2026-04-28 22:00:58,I,03,폐업,2018-06-25 14:47:31,,2016-11-11,,,PHMH320163150037087500064,3150000,"서울특별시 강서구 마곡중앙1로 72, 상가동 104호 (마곡동, 마곡엠밸리10단지)",07629,03,폐업,43,,,
미니스톱 강서하늘점,2019-04-12,188267.522697783,449965.250354666,2026-04-28 22:00:58,I,03,폐업,2019-04-15 14:16:01,,2016-11-16,,,PHMH320163150037087500065,3150000,"서울특별시 강서구 공항대로59다길 85 (염창동, 대진빌딩)",07554,03,폐업,70,,,
GS25 공항다솔점,2021-11-29,183833.851362508,450211.689324589,2026-04-28 22:00:58,I,03,폐업,2021-11-30 13:10:13,,2016-11-25,,,PHMH320163150037087500066,3150000,서울특별시 강서구 방화대로6마길 22 (공항동),07645,03,폐업,66,,,
이마트24 가양역점,2022-09-14,186915.480005327,451230.088219015,2026-04-28 22:00:58,I,03,폐업,2022-09-15 13:21:14,,2016-11-25,,,PHMH320163150037087500067,3150000,"서울특별시 강서구 양천로57길 10-11, 106호 (가양동, 이스타빌Ⅱ)",07526,03,폐업,30,,,
씨유 공항대로점,2021-03-15,188182.789386066,449782.328938379,2026-04-28 22:00:58,I,03,폐업,2021-03-17 17:57:31,,2016-11-28,,,PHMH320163150037087500068,3150000,"서울특별시 강서구 공항대로 549, 2층 (염창동)",07561,03,폐업,125,,,02-3665-5353
씨유 방화또오기점,2019-08-13,183591.88533413,451589.008478443,2026-04-28 22:00:58,I,03,폐업,2019-08-14 17:26:10,,2016-11-28,,,PHMH320163150037087500069,3150000,서울특별시 강서구 초원로16길 24 (방화동),07616,03,폐업,100,,,
CU 화곡청산점,2018-03-26,185719.08442658,448770.889277379,2026-04-28 22:01:05,I,03,폐업,2018-03-27 15:36:48,,2016-11-30,,,PHMH320163150037087500070,3150000,"서울특별시 강서구 화곡로 158, 1층 (화곡동, 세림빌딩)",07715,03,폐업,105,,,02-2607-4106
미니스톱 방화사거리점,2019-12-20,183306.538535393,452402.238297341,2026-04-28 22:00:58,I,03,폐업,2019-12-23 13:12:30,,2016-12-13,,,PHMH320163150037087500073,3150000,"서울특별시 강서구 양천로 73, 104호 (방화동, 멤브로메디컬센터)",07517,03,폐업,51,,,
GS25 강서방화점,2024-08-01,183147.775733197,452259.11212305,2026-04-28 22:00:58,I,03,폐업,2024-08-01 17:43:16,,2016-12-16,,,PHMH320163150037087500076,3150000,"서울특별시 강서구 양천로14길 16, 1층 (방화동, 오성빌딩)",07602,03,폐업,76,,,02-2661-8986
씨유 마곡11단지점,2019-06-19,184123.663823162,450801.154255534,2026-04-28 22:00:58,I,03,폐업,2019-06-19 17:03:07,,2017-01-02,,서울특별시 강서구 마곡동 746번지,PHMH320173150037087500001,3150000,"서울특별시 강서구 공항대로 124, 제판매시설동 1층 1101-106호 (마곡동, 마곡엠밸리11단지)",07808,03,폐업,43,,,
(주)코리아세븐 강서등촌로얄점,2017-12-07,186398.02357821,450973.992392374,2026-04-28 22:01:05,I,03,폐업,2017-12-07 15:32:34,,2017-01-03,,서울특별시 강서구 등촌동 698번지,PHMH320173150037087500003,3150000,"서울특별시 강서구 공항대로41길 76, 104호 (등촌동, 로얄프라자)",07587,03,폐업,42,,,
씨유 화곡삼성점,2018-05-09,187137.650939893,447456.838723466,2026-04-28 22:00:58,I,03,폐업,2018-05-09 15:55:28,,2017-01-09,,서울특별시 강서구 화곡동 854번지 1호,PHMH320173150037087500004,3150000,"서울특별시 강서구 국회대로7길 101, 102호 (화곡동, 삼성아파트)",07787,03,폐업,56,,,
GS25 화곡공원점,2024-05-20,186306.388564577,449335.217506391,2026-04-28 22:00:58,I,03,폐업,2024-05-20 13:32:25,,2017-01-09,,서울특별시 강서구 화곡동 24번지 126호,PHMH320173150037087500005,3150000,"서울특별시 강서구 화곡로42가길 9, 1층 101호 (화곡동, 그랜드오피스텔)",07679,03,폐업,33,,,
GS25 강서송정점,2020-12-28,183595.654551909,450285.070346197,2026-04-28 22:00:58,I,03,폐업,2020-12-30 14:49:15,,2017-01-10,,서울특별시 강서구 공항동 1340번지,PHMH320173150037087500006,3150000,"서울특별시 강서구 남부순환로11길 28, 1층 (공항동)",07628,03,폐업,73,,,02-2666-5052
씨유 마곡한솔점,2018-02-02,184321.324564628,451947.214463816,2026-04-28 22:00:58,I,03,폐업,2018-02-02 16:05:21,,2017-01-19,,서울특별시 강서구 마곡동 716번지,PHMH320173150037087500008,3150000,"서울특별시 강서구 양천로30길 77, 110동 101호 (마곡동, 한솔솔파크아파트)",07595,03,폐업,89,,,
씨유 마곡DM시티점,2019-08-06,185827.239418328,451790.699502971,2026-04-28 22:00:58,I,03,폐업,2019-08-08 13:39:09,,2017-02-10,,서울특별시 강서구 마곡동 776번지 2호,PHMH320173150037087500010,3150000,"서울특별시 강서구 양천로 344, 115호 (마곡동, 대방디엠시티오피스텔1차)",07791,03,폐업,35,,,
GS25 강서본점,2019-03-18,186857.088775601,449869.433474683,2026-04-28 22:00:58,I,03,폐업,2019-03-19 15:37:52,,2017-02-16,,서울특별시 강서구 화곡동 1122번지 1호,PHMH320173150037087500011,3150000,"서울특별시 강서구 까치산로 151, 101호 (화곡동)",07657,03,폐업,66,,,
(주)코리아세븐 마곡센트럴점,2019-06-04,185150.32136415,450822.870557532,2026-04-28 22:01:05,I,03,폐업,2019-06-05 13:39:32,,2017-02-21,,서울특별시 강서구 마곡동 774번지 4호,PHMH320173150037087500012,3150000,"서울특별시 강서구 공항대로 227, 104호 (마곡동, 마곡센트럴타워Ⅰ)",07802,03,폐업,123,,,
지에스25 방화한숲점,2023-08-23,183846.868344957,452730.209311733,2026-04-28 22:00:58,I,03,폐업,2023-08-23 17:56:48,,2017-02-22,,서울특별시 강서구 방화동 132번지 12호,PHMH320173150037087500013,3150000,"서울특별시 강서구 방화대로50길 17, 1층 (방화동)",07518,03,폐업,53,,,
씨유발산오피스점,2025-10-27,185522.93039364,450941.426239756,2026-04-28 22:01:04,I,03,폐업,2025-10-28 09:13:07,,2017-03-02,,서울특별시 강서구 마곡동 795번지 1호,PHMH320173150037087500014,3150000,"서울특별시 강서구 마곡중앙8로 86, 상가동 106호 (마곡동, 필네이처)",07803,03,폐업,49,,,
GS25 마곡SH점,2019-02-18,184947.625497503,450846.273424687,2026-04-28 22:00:58,I,03,폐업,2019-02-21 13:35:44,,2017-03-09,,서울특별시 강서구 마곡동 774번지,PHMH320173150037087500015,3150000,"서울특별시 강서구 공항대로 205, 1동 104호 (마곡동, 에스에이치빌딩)",07802,03,폐업,49,,,
씨유 우장산힐스테이트점,2018-12-31,185972.69133937,450530.52233773,2026-04-28 22:01:05,I,03,폐업,2018-12-31 16:17:06,,2017-03-13,,서울특별시 강서구 내발산동 658번지,PHMH320173150037087500017,3150000,"서울특별시 강서구 공항대로38길 80, 1층 (내발산동)",07651,03,폐업,49,,,
GS25 강서로우장산점,2020-04-09,185709.907298123,449861.281185286,2026-04-28 22:00:58,I,03,폐업,2020-04-13 17:37:52,,2017-03-15,,서울특별시 강서구 내발산동 706번지 5호,PHMH320173150037087500018,3150000,"서울특별시 강서구 강서로46길 47, 1층 (내발산동)",07692,03,폐업,23,,,
GS25 마곡LG정문점,2019-06-07,185327.013793106,450918.42280126,2026-04-28 22:01:06,I,03,폐업,2019-06-10 17:19:24,,2017-03-23,,서울특별시 강서구 마곡동 796번지 6호,PHMH320173150037087500020,3150000,"서울특별시 강서구 마곡중앙6로 65, 107호 (마곡동, 지투프라자)",07803,03,폐업,45,,,
미니스톱 화곡사거리점,2019-03-29,186424.391650186,447580.544751681,2026-04-28 22:00:58,I,03,폐업,2019-04-02 09:34:34,,2017-03-24,,서울특별시 강서구 화곡동 898번지 1호,PHMH320173150037087500021,3150000,"서울특별시 강서구 강서로 27, 1층 105호 (화곡동, 화곡심포니타워)",07778,03,폐업,43,,,
씨유 등촌5단지점,2019-10-30,186236.399275519,451054.437108698,2026-04-28 22:01:05,I,03,폐업,2019-10-31 14:19:04,,2017-03-27,,서울특별시 강서구 등촌동 695번지 1호,PHMH320173150037087500022,3150000,"서울특별시 강서구 강서로62길 98, 101호 (등촌동)",07586,03,폐업,89,,,
씨유 화곡수명점,2022-04-22,185282.383003896,448711.03261416,2026-04-28 22:00:58,I,03,폐업,2022-04-22 16:36:31,,2017-03-31,,서울특별시 강서구 화곡동 1068번지,PHMH320173150037087500024,3150000,"서울특별시 강서구 강서로33길 103, 1층 (화곡동)",07711,03,폐업,59,,,
GS25 방화행복점,2023-08-29,183631.431772818,451879.070900506,2026-04-28 22:00:58,I,03,폐업,2023-08-29 17:31:55,,2017-04-10,,서울특별시 강서구 방화동 246번지 48호,PHMH320173150037087500027,3150000,"서울특별시 강서구 양천로24길 93, 1층 (방화동)",07605,03,폐업,71,,,
씨유 강서웨스턴점,2018-05-03,186429.327795498,452034.27568352,2026-04-28 22:00:58,I,03,폐업,2018-05-03 18:20:57,,2017-04-13,,서울특별시 강서구 가양동 1461번지,PHMH320173150037087500028,3150000,"서울특별시 강서구 허준로 47, 101호 (가양동)",07524,03,폐업,50,,,
GS25 화곡타운점,2021-04-12,186487.623007178,448142.571375362,2026-04-28 22:00:58,I,03,폐업,2021-04-14 11:06:31,,2017-04-13,,서울특별시 강서구 화곡동 398번지 4호,PHMH320173150037087500029,3150000,"서울특별시 강서구 강서로18라길 23, 1층 (화곡동)",07752,03,폐업,59,,,
씨유마곡보타닉푸르지오 1호점,2018-05-04,184646.580818167,451684.726858384,2026-04-28 22:01:05,I,03,폐업,2018-05-04 17:26:47,,2017-04-19,,서울특별시 강서구 마곡동 760번지,PHMH320173150037087500030,3150000,"서울특별시 강서구 마곡중앙5로 6, 147호 (마곡동, 마곡나루역보타닉푸르지오시티)",07788,03,폐업,40,,,
GS25 방화상춘점,2021-07-01,183200.464223144,452658.400446616,2026-04-28 22:00:58,I,03,폐업,2021-07-01 15:34:48,,2017-04-24,,서울특별시 강서구 방화동 813번지 3호,PHMH320173150037087500031,3150000,"서울특별시 강서구 금낭화로19길 26, 1층 101호 (방화동)",07515,03,폐업,53,,,
(주)코리아세븐 가양타워점,2021-12-28,187494.079333054,450527.699600801,2026-04-28 22:01:05,I,03,폐업,2021-12-28 14:35:47,,2017-04-25,,서울특별시 강서구 등촌동 637번지,PHMH320173150037087500032,3150000,"서울특별시 강서구 화곡로68길 102, 1층 104호 (등촌동, 서울시니어스가양타워)",07550,03,폐업,43,,,
씨유 마곡보타닉푸르지오2호점,2019-04-09,184646.580818167,451684.726858384,2026-04-28 22:01:04,I,03,폐업,2019-04-12 15:17:14,,2017-04-26,,서울특별시 강서구 마곡동 760번지,PHMH320173150037087500034,3150000,"서울특별시 강서구 마곡중앙5로 6, B121,B122호 (마곡동, 마곡나루역보타닉푸르지오시티)",07788,03,폐업,55,,,
GS25 화곡까치산점,2019-02-28,186165.936748059,447830.752392223,2026-04-28 22:00:58,I,03,폐업,2019-02-28 15:04:59,,2017-04-27,,서울특별시 강서구 화곡동 348번지 23호,PHMH320173150037087500035,3150000,"서울특별시 강서구 강서로17길 29 (화곡동, 유석빌딩)",07770,03,폐업,140,,,
씨유 마곡사이언스타워점,2022-10-04,185259.185267583,450932.359772264,2026-04-28 22:01:06,I,03,폐업,2022-10-04 14:46:23,,2017-05-01,,서울특별시 강서구 마곡동 796번지 3호,PHMH320173150037087500036,3150000,"서울특별시 강서구 마곡동로 62, 107,108호 (마곡동, 마곡사이언스타워)",07803,03,폐업,106,,,
이마트24  강서등촌점,2018-11-30,187696.750096044,450421.859719072,2026-04-28 22:00:58,I,03,폐업,2018-11-30 14:39:31,,2017-05-08,,서울특별시 강서구 등촌동 636번지 60호,PHMH320173150037087500037,3150000,"서울특별시 강서구 화곡로68길 148, 1층 101호 (등촌동)",07565,03,폐업,33,,,
(주)코리아세븐 마곡호서대기숙사점,2024-12-20,185676.861117112,451014.642022645,2026-04-28 22:01:05,I,03,폐업,2024-12-20 17:50:04,,2017-05-11,,서울특별시 강서구 마곡동 793번지 8호,PHMH320173150037087500038,3150000,"서울특별시 강서구 강서로 399, 1동 107호 (마곡동, 마곡-하이마루)",07794,03,폐업,42,,,
씨유마곡힐스테이트점,2020-01-14,184835.390794256,450858.680912443,2026-04-28 22:00:58,I,03,폐업,2020-01-17 09:05:24,,2017-05-17,,서울특별시 강서구 마곡동 773번지 3호,PHMH320173150037087500039,3150000,"서울특별시 강서구 공항대로 195, S동 136호 (마곡동, 현대힐스테이트에코동익)",07801,03,폐업,11,,,
씨유 마곡롯데캐슬점,2018-12-05,184687.894682539,451746.931471859,2026-04-28 22:01:05,I,03,폐업,2018-12-05 17:36:41,,2017-05-17,,서울특별시 강서구 마곡동 760번지 2호,PHMH320173150037087500040,3150000,"서울특별시 강서구 마곡중앙로 161-1, 108,109호 (마곡동, 마곡나루역캐슬파크)",07788,03,폐업,,,,
씨유 등촌비원점,2018-01-31,187999.32555627,449920.361168751,2026-04-28 22:00:58,I,03,폐업,2018-01-31 15:54:35,,2017-05-19,,서울특별시 강서구 등촌동 648번지 6호,PHMH320173150037087500041,3150000,"서울특별시 강서구 공항대로 525, 상가동 제비2-1호 (등촌동, 비원오피스텔)",07563,03,폐업,50,,,
씨유 화곡 천량점,2019-03-08,187715.476404557,447757.310480069,2026-04-28 22:00:58,I,03,폐업,2019-03-15 09:03:15,,2017-05-22,,서울특별시 강서구 화곡동 796번지 1호,PHMH320173150037087500042,3150000,"서울특별시 강서구 곰달래로 260, 1층 (화곡동, 피앤와이빌딩)",07785,03,폐업,40,,,
바이더웨이 발산 신화점,2012-11-16,185643.544687055,450612.383812762,2026-04-28 22:00:55,I,03,폐업,2013-10-30 15:16:48,,2011-11-05,157-280,서울특별시 강서구 내발산동 653번지,PHMH320113150037087500001,3150000,서울특별시 강서구 강서로 360 (내발산동),,03,폐업,,,,26944831
GS25 등촌스타,2013-03-26,187747.587175026,449268.710920447,2026-04-28 22:00:55,I,03,폐업,2013-10-30 13:25:39,,2012-11-05,157-836,서울특별시 강서구 등촌동 512번지 7호,PHMH320123150037087500003,3150000,서울특별시 강서구 등촌로39길 6 (등촌동),,03,폐업,,,,26448104
GS25화곡까치산점,2013-03-26,186165.936748059,447830.752392223,2026-04-28 22:00:55,I,03,폐업,2013-10-30 13:33:53,,2012-11-05,157-881,서울특별시 강서구 화곡동 348번지 23호,PHMH320123150037087500004,3150000,서울특별시 강서구 강서로17길 29 (화곡동),,03,폐업,,,,26018104
GS25 내발산점,2015-05-19,185390.985526578,449863.694451565,2026-04-28 22:00:55,I,03,폐업,2015-05-19 17:59:02,,2012-11-05,157-833,서울특별시 강서구 내발산동 708번지 12호,PHMH320123150037087500005,3150000,서울특별시 강서구 강서로47가길 38 (내발산동),,03,폐업,,,,26667103
씨유 등촌SBS점,2020-07-28,186781.300478519,451150.119278374,2026-04-28 22:00:55,I,03,폐업,2020-07-28 18:03:34,,2012-11-05,157-030,서울특별시 강서구 등촌동 65번지 5호,PHMH320123150037087500007,3150000,서울특별시 강서구 공항대로43길 123 (등촌동),07574,03,폐업,,,,36618204
미니스톱 화곡공원지점,2014-02-28,186226.298166522,448792.743079201,2026-04-28 22:00:55,I,03,폐업,2014-03-03 17:40:31,,2012-11-05,157-871,서울특별시 강서구 화곡동 98번지 253호,PHMH320123150037087500010,3150000,서울특별시 강서구 까치산로4길 34 (화곡동),,03,폐업,,,,26907661
미니스톱 까치산점,2014-02-28,186380.634607259,447481.210076355,2026-04-28 22:00:55,I,03,폐업,2014-03-03 17:40:43,,2012-11-05,157-909,서울특별시 강서구 화곡동 902번지 10호,PHMH320123150037087500011,3150000,서울특별시 강서구 강서로7길 19 (화곡동),,03,폐업,,,,26972810
세븐일레븐 화곡행복점,2024-10-31,187502.597973465,448337.885387909,2026-04-28 22:00:55,I,03,폐업,2024-10-31 15:50:54,,2012-11-06,157-894,서울특별시 강서구 화곡동 504번지 87호,PHMH320123150037087500013,3150000,서울특별시 강서구 등촌로13길 90 (화곡동),07733,03,폐업,,,,26450802
GS25 강서송정점,2013-06-25,183595.654551909,450285.070346197,2026-04-28 22:00:55,I,03,폐업,2013-10-30 15:19:13,,2012-11-06,157-815,서울특별시 강서구 공항동 1340번지,PHMH320123150037087500014,3150000,서울특별시 강서구 남부순환로11길 28 (공항동),,03,폐업,,,,21141934
바이더웨이 강서공항점,2014-09-18,183226.061445645,450710.383151305,2026-04-28 22:00:55,I,03,폐업,2014-09-22 17:39:22,,2012-11-06,157-812,서울특별시 강서구 공항동 55번지 100호,PHMH320123150037087500015,3150000,서울특별시 강서구 송정로4길 1-1 (공항동),,03,폐업,,,,26610930
GS25 강서본점,2017-02-16,186857.088775601,449869.433474683,2026-04-28 22:00:55,I,03,폐업,2017-02-16 15:45:59,,2012-11-06,157-928,서울특별시 강서구 화곡동 1122번지 1호,PHMH320123150037087500016,3150000,서울특별시 강서구 까치산로 151 (화곡동),07657,03,폐업,,,,26482231
GS25 등촌주공,2015-10-15,186221.461740975,450744.023135457,2026-04-28 22:00:55,I,03,폐업,2015-10-15 17:12:00,,2012-11-06,157-930,서울특별시 강서구 등촌동 667번지 7호,PHMH320123150037087500017,3150000,서울특별시 강서구 강서로56길 110 (등촌동),07591,03,폐업,,,,36612234
세븐 일레븐 공항점,2012-11-16,183745.164427075,450325.367302823,2026-04-28 22:00:55,I,03,폐업,2013-10-30 15:28:47,,2012-11-06,157-816,서울특별시 강서구 공항동 1354번지 6호,PHMH320123150037087500018,3150000,서울특별시 강서구 방화대로6나길 1 (공항동),,03,폐업,,,,26613686
GS25 공항로캐슬,2021-03-31,186520.549439619,450383.07946605,2026-04-28 22:00:55,I,03,폐업,2021-04-01 15:49:49,,2012-11-07,157-734,서울특별시 강서구 화곡동 1145번지,PHMH320123150037087500019,3150000,서울특별시 강서구 공항대로 382 (화곡동),07648,03,폐업,,,,20659668
GS25 화곡으뜸점,2014-06-30,186674.002557847,450124.317328357,2026-04-28 22:00:55,I,03,폐업,2014-06-30 17:59:43,,2012-11-07,157-916,서울특별시 강서구 화곡동 1098번지 9호,PHMH320123150037087500020,3150000,서울특별시 강서구 우장산로 125 (화곡동),,03,폐업,,,,26942526
씨유 방화제이점,2022-04-01,183283.557491626,451719.353764503,2026-04-28 22:00:55,I,03,폐업,2022-04-01 14:27:59,,2012-11-07,157-851,서울특별시 강서구 방화동 598번지 106호,PHMH320123150037087500021,3150000,서울특별시 강서구 초원로 56 (방화동),07614,03,폐업,,,,26618417
세븐일레븐 마곡캐슬파크점,2018-12-06,184687.894682539,451746.931471859,2026-04-28 22:00:58,I,03,폐업,2018-12-06 18:40:02,,2017-05-24,,서울특별시 강서구 마곡동 760번지 2호,PHMH320173150037087500043,3150000,"서울특별시 강서구 마곡중앙로 161-1, 130호 (마곡동, 마곡나루역캐슬파크)",07788,03,폐업,36,,,
GS25 염창중동점,2022-09-28,188894.3880286,449853.86407751,2026-04-28 22:00:58,I,03,폐업,2022-09-28 16:33:01,,2017-05-24,,서울특별시 강서구 염창동 182번지 18호,PHMH320173150037087500044,3150000,"서울특별시 강서구 양천로75길 25, 제지하층 제비01호 (염창동, 금강빌라)",07541,03,폐업,53,,,
위드미 마곡대방점,2017-06-23,185827.239418328,451790.699502971,2026-04-28 22:00:58,I,03,폐업,2017-06-26 10:35:29,,2017-05-26,,서울특별시 강서구 마곡동 776번지 2호,PHMH320173150037087500045,3150000,"서울특별시 강서구 양천로 344, 상가동 152-2호 (마곡동, 마곡센트럴대방디엠시티오피스텔)",07791,03,폐업,33,,,
씨유 강서도레미점,2017-07-20,183908.453461714,452235.907439485,2026-04-28 22:01:04,I,03,폐업,2017-07-20 10:28:01,,2017-06-01,,서울특별시 강서구 마곡동 1252,PHMH320173150037087500046,3150000,"서울특별시 강서구 양천로26길 38, 1층 102호,103호 (방화동, 경남아너스빌)",07592,03,폐업,63,,,
GS25 화곡달빛점,2023-04-07,185823.168029993,447401.82054211,2026-04-28 22:00:58,I,03,폐업,2023-04-07 17:00:57,,2017-06-05,,서울특별시 강서구 화곡동 928번지 35호,PHMH320173150037087500047,3150000,"서울특별시 강서구 곰달래로16길 29, 1층 (화곡동)",07775,03,폐업,83,,,
GS25 발산아이파크점,2019-08-30,185581.018019101,450935.144044218,2026-04-28 22:00:58,I,03,폐업,2019-09-02 09:13:13,,2017-06-07,,서울특별시 강서구 마곡동 795번지 2호,PHMH320173150037087500048,3150000,"서울특별시 강서구 마곡중앙8로 90, 1층 112호 (마곡동, 마곡아이파크)",07803,03,폐업,41,,,
지에스25 강서라마다,2023-01-31,184622.97567944,451753.272697864,2026-04-28 22:01:05,I,03,폐업,2023-01-31 16:37:46,,2017-06-14,,서울특별시 강서구 마곡동 760번지 1호 힐스테이트에코마곡나루역라마다앙코르서울,PHMH320173150037087500051,3150000,"서울특별시 강서구 마곡중앙로 161-11, 힐스테이트에코마곡나루역라마다앙코르서울 130호 (마곡동)",07788,03,폐업,35,,,
세븐일레븐 마곡럭스점,2020-07-30,184519.695097776,451868.42237868,2026-04-28 22:01:04,I,03,폐업,2020-07-30 17:27:56,,2017-06-21,,서울특별시 강서구 마곡동 758번지 1호,PHMH320173150037087500054,3150000,"서울특별시 강서구 마곡서로 168, L동 105호 (마곡동, 마곡럭스나인오피스텔엘동)",07788,03,폐업,33,,,
위드미마곡대방점,2021-12-28,185827.239418328,451790.699502971,2026-04-28 22:00:58,I,03,폐업,2021-12-28 13:56:08,,2017-06-26,,서울특별시 강서구 마곡동 776번지 2호,PHMH320173150037087500055,3150000,"서울특별시 강서구 양천로 344, 상가동 152-2호 (마곡동, 마곡센트럴대방디엠시티오피스텔)",07791,03,폐업,33,,,
GS25 마곡루체점,2018-01-09,185458.359507643,450832.655325461,2026-04-28 22:00:58,I,03,폐업,2018-01-09 17:56:35,,2017-06-27,,서울특별시 강서구 마곡동 797번지 12호,PHMH320173150037087500056,3150000,"서울특별시 강서구 마곡동로4길 23, 102호 (마곡동, 레지던스루체브릿지호텔)",07803,03,폐업,40,,,
씨유 화곡KC점,2019-01-31,186855.866830434,449674.677839494,2026-04-28 22:00:58,I,03,폐업,2019-02-07 09:07:49,,2017-06-29,,서울특별시 강서구 화곡동 958번지 1호,PHMH320173150037087500057,3150000,"서울특별시 강서구 까치산로24길 14, 1층, B1층 (화곡동)",07662,03,폐업,46,,,
GS25 곰달래로점,2023-11-10,186805.804788059,447718.495194045,2026-04-28 22:00:58,I,03,폐업,2023-11-10 18:02:06,,2017-07-03,,서울특별시 강서구 화곡동 872번지 24호,PHMH320173150037087500058,3150000,"서울특별시 강서구 곰달래로31길 16, 1층 (화곡동)",07750,03,폐업,50,,,
씨유 강서도레미점,2020-06-24,183908.453461714,452235.907439485,2026-04-28 22:00:58,I,03,폐업,2020-06-25 14:09:18,,2017-07-20,,서울특별시 강서구 마곡동 1252,PHMH320173150037087500059,3150000,"서울특별시 강서구 양천로26길 38, 1층 102호,103호 (방화동, 경남아너스빌)",07592,03,폐업,50,,,
씨유 강서붐호텔점,2023-10-31,183993.393147385,449605.865701793,2026-04-28 22:00:58,I,03,폐업,2023-11-01 14:24:03,,2017-07-20,,서울특별시 강서구 외발산동 282번지 2호,PHMH320173150037087500060,3150000,"서울특별시 강서구 남부순환로 188, 1층 (외발산동)",07506,03,폐업,50,,,
씨유(CU)편의점 가양롯데시네마점,2019-05-31,186966.036176588,451047.287263879,2026-04-28 22:01:05,I,03,폐업,2019-06-03 13:34:15,,2017-07-20,,서울특별시 강서구 등촌동 73번지 1호,PHMH320173150037087500061,3150000,"서울특별시 강서구 양천로 476, 1층 (등촌동, 금부빌딩)",07575,03,폐업,83,,,
씨유 등촌에이스에이존점,2022-06-29,187220.501972892,450708.972803874,2026-04-28 22:00:58,I,03,폐업,2022-06-29 16:38:56,,2017-08-01,,서울특별시 강서구 등촌동 639번지 8호,PHMH320173150037087500063,3150000,"서울특별시 강서구 화곡로68길 36, 1층 111,112호 (등촌동, ACEAZONE오피스텔)",07567,03,폐업,90,,,
씨유강서다온점,2023-07-12,185188.260787751,449195.898631219,2026-04-28 22:00:58,I,03,폐업,2023-07-13 09:31:40,,2017-08-08,,서울특별시 강서구 화곡동 1015번지,PHMH320173150037087500064,3150000,"서울특별시 강서구 화곡로13길 111, 1층 101,102호 (화곡동)",07709,03,폐업,49,,,02-2602-3549
씨유 가양미르웰점,2018-12-31,186066.726634051,451569.824195176,2026-04-28 22:01:05,I,03,폐업,2018-12-31 16:16:57,,2017-08-18,,서울특별시 강서구 등촌동 820 101호,PHMH320173150037087500066,3150000,"서울특별시 강서구 강서로68길 35, 101호 (가양동, 경동미르웰양천향교)",07573,03,폐업,,,,
이마트 24 마곡에코점,2025-10-22,184622.97567944,451753.272697864,2026-04-28 22:00:58,I,03,폐업,2025-10-22 14:21:59,,2017-08-21,,서울특별시 강서구 마곡동 760번지 1호,PHMH320173150037087500067,3150000,"서울특별시 강서구 마곡중앙로 161-11, 에이동 1층 115호 (마곡동, 힐스테이트에코마곡나루역라마다앙코르서울)",07788,03,폐업,53,,,
지에스25 마곡동익,2019-08-26,184835.390794256,450858.680912443,2026-04-28 22:00:58,I,03,폐업,2019-08-30 17:05:13,,2017-08-21,,서울특별시 강서구 마곡동 773번지 3호,PHMH320173150037087500068,3150000,"서울특별시 강서구 공항대로 195 (마곡동, 힐스테이트에코동익)",07801,03,폐업,,,,
GS25 화곡가온점,2019-11-04,187496.995777029,447640.618414998,2026-04-28 22:00:58,I,03,폐업,2019-11-05 14:54:13,,2017-08-28,,서울특별시 강서구 화곡동 791번지 12호,PHMH320173150037087500069,3150000,"서울특별시 강서구 강서로8길 200, 1층 (화곡동)",07784,03,폐업,43,,,
미니스톱 마곡엠밸리2점,2019-07-31,184333.032124285,451471.100985376,2026-04-28 22:00:58,I,03,폐업,2019-08-01 16:26:56,,2017-08-28,,서울특별시 강서구 마곡동 743번지 4호 701동 상가104호,PHMH320173150037087500070,3150000,"서울특별시 강서구 마곡서로 133, 701동 상가104호 (마곡동, 마곡엠밸리7단지)",07798,03,폐업,66,,,
위드미 마곡골든점,2023-12-26,185554.299381324,450891.312361248,2026-04-28 22:01:03,I,03,폐업,2023-12-27 15:23:20,,2017-08-29,,서울특별시 강서구 마곡동 795번지 6호,PHMH320173150037087500071,3150000,"서울특별시 강서구 마곡중앙6로 89, 상가동 101-2(남측)호 (마곡동, 뉴골든타워)",07803,03,폐업,53,,,
씨유 발산역점,2013-07-01,185796.522248947,450735.884713387,2026-04-28 22:00:55,I,03,폐업,2013-10-31 13:37:01,,2012-11-07,157-930,서울특별시 강서구 등촌동 673번지 6호,PHMH320123150037087500022,3150000,서울특별시 강서구 공항대로 291 (등촌동),,03,폐업,,,,26584518
씨유 화곡2호점,2014-01-22,185747.670138989,447360.27075665,2026-04-28 22:00:55,I,03,폐업,2014-01-23 17:52:52,,2012-11-07,157-910,서울특별시 강서구 화곡동 935번지 19호,PHMH320123150037087500024,3150000,서울특별시 강서구 월정로 102 (화곡동),,03,폐업,,,,26089270
씨유 등촌에이스에존점,2017-08-01,187220.501972892,450708.972803874,2026-04-28 22:00:55,I,03,폐업,2017-08-01 17:26:31,,2012-11-09,157-840,서울특별시 강서구 등촌동 639번지 8호,PHMH320123150037087500025,3150000,서울특별시 강서구 화곡로68길 36 (등촌동),07567,03,폐업,,,,20633734
미니스톱 비즈메트로점,2014-04-23,187645.622009373,450792.695579673,2026-04-28 22:00:55,I,03,폐업,2014-04-23 17:37:02,,2012-11-09,157-804,서울특별시 강서구 가양동 449번지 4호,PHMH320123150037087500026,3150000,서울특별시 강서구 양천로 551-17 (가양동),,03,폐업,,,,65971499
(주)코리아세븐 염창점,2014-09-01,188612.842594632,449897.366376624,2026-04-28 22:01:04,I,03,폐업,2014-09-02 17:26:32,,2012-11-09,157-861,서울특별시 강서구 염창동 248번지 7호,PHMH320123150037087500027,3150000,서울특별시 강서구 양천로 677 (염창동),,03,폐업,,,,36646722
(주)코리아세븐 김포공항점,2019-09-16,182524.823835629,451438.25089679,2026-04-28 22:01:03,I,03,폐업,2019-09-18 17:10:17,,2012-11-09,157-220,서울특별시 강서구 방화동 886번지,PHMH320123150037087500028,3150000,서울특별시 강서구 하늘길 38 (방화동),07505,03,폐업,,,,26638064
세븐일레븐 등촌청림점,2023-06-05,187197.468812217,450519.999405521,2026-04-28 22:00:55,I,03,폐업,2023-06-05 15:36:43,,2012-11-09,157-840,서울특별시 강서구 등촌동 641번지 11호,PHMH320123150037087500029,3150000,서울특별시 강서구 공항대로45길 44 (등촌동),07569,03,폐업,,,,36620707
미니스톱 가양대교점,2015-07-07,187087.078921102,450966.998260619,2026-04-28 22:00:55,I,03,폐업,2015-07-07 17:48:42,,2012-11-09,157-030,서울특별시 강서구 등촌동 78번지 7호,PHMH320123150037087500030,3150000,서울특별시 강서구 양천로 492 (등촌동),,03,폐업,,,,36658745
GS25 강서으뜸점,2020-11-23,186253.08958908,447461.624459353,2026-04-28 22:00:55,I,03,폐업,2020-11-26 08:08:43,,2012-11-09,157-909,서울특별시 강서구 화곡동 901번지 24호,PHMH320123150037087500031,3150000,서울특별시 강서구 강서로7길 45 (화곡동),07777,03,폐업,,,,26063556
GS25 화곡고가점,2015-10-14,186467.982560574,447497.267994093,2026-04-28 22:00:55,I,03,폐업,2015-10-14 18:00:43,,2012-11-09,157-909,서울특별시 강서구 화곡동 903번지 1호,PHMH320123150037087500032,3150000,서울특별시 강서구 강서로 19 (화곡동),07778,03,폐업,,,,26082553
GS25 화곡봉제산점,2017-09-29,186672.607065716,448336.320769363,2026-04-28 22:00:55,I,03,폐업,2017-10-10 16:41:15,,2012-11-09,157-875,서울특별시 강서구 화곡동 152번지 6호,PHMH320123150037087500034,3150000,서울특별시 강서구 초록마을로 129 (화곡동),07753,03,폐업,,,,26902613
GS25 신방화점,2019-06-21,183639.295531871,452136.684400908,2026-04-28 22:00:55,I,03,폐업,2019-06-25 10:36:25,,2012-11-09,157-847,서울특별시 강서구 방화동 268번지 6호,PHMH320123150037087500035,3150000,서울특별시 강서구 양천로24길 43 (방화동),07605,03,폐업,,,,26619919
GS25 명덕점,2014-10-16,185278.073066759,450090.094196161,2026-04-28 22:00:55,I,03,폐업,2014-10-16 16:59:16,,2012-11-09,157-829,서울특별시 강서구 내발산동 681번지 17호,PHMH320123150037087500036,3150000,서울특별시 강서구 강서로47길 36 (내발산동),,03,폐업,,,,26669156
GS25 염창꿈나무,2015-09-09,188313.709561119,449763.865069321,2026-04-28 22:00:55,I,03,폐업,2015-09-09 17:31:02,,2012-11-09,157-863,서울특별시 강서구 염창동 275번지 8호,PHMH320123150037087500037,3150000,서울특별시 강서구 공항대로65길 26 (염창동),07560,03,폐업,,,,36656221
미니스톱 방화사거점,2013-11-26,183306.538535393,452402.238297341,2026-04-28 22:00:55,I,03,폐업,2013-11-26 16:10:30,,2012-11-12,157-849,서울특별시 강서구 방화동 450번지 15호,PHMH320123150037087500038,3150000,서울특별시 강서구 양천로 73 (방화동),,03,폐업,,,,
미니스톱 발산역점,2019-05-31,185693.810190204,450792.279496426,2026-04-28 22:00:55,I,03,폐업,2019-05-31 17:27:49,,2012-11-12,157-930,서울특별시 강서구 등촌동 674번지 1호,PHMH320123150037087500039,3150000,서울특별시 강서구 강서로 378 (등촌동),07591,03,폐업,,,,26685035
편의점사랑할인마트 화곡점,2014-05-16,185227.244024769,449282.545790153,2026-04-28 22:00:55,I,03,폐업,2014-05-27 16:54:42,,2012-11-12,157-708,서울특별시 강서구 화곡동 1139번지,PHMH320123150037087500040,3150000,서울특별시 강서구 강서로45다길 30-27 (화곡동),,03,폐업,,,,26035689
미니스톱 공항입구점,2013-05-10,183130.915788053,451068.275763037,2026-04-28 22:00:55,I,03,폐업,2013-11-07 13:18:44,,2012-11-12,157-812,서울특별시 강서구 공항동 45번지 39호,PHMH320123150037087500041,3150000,서울특별시 강서구 공항대로 23 (공항동),,03,폐업,,,,26649104
GS25 화곡도담,2015-03-17,186541.876723089,449724.469291097,2026-04-28 22:00:55,I,03,폐업,2015-03-17 15:15:12,,2012-11-12,157-915,서울특별시 강서구 화곡동 981번지 15호,PHMH320123150037087500042,3150000,서울특별시 강서구 화곡로44가길 43 (화곡동),,03,폐업,,,,26033647
세븐일레븐 강서우림점,2014-06-30,184087.009000773,452152.978439315,2026-04-28 22:00:55,I,03,폐업,2014-06-30 18:00:33,,2012-11-12,157-846,서울특별시 강서구 마곡동 1456,PHMH320123150037087500043,3150000,서울특별시 강서구 양천로28길 38 (방화동),,03,폐업,,,,60859900
세븐일레븐 강서등촌점,2022-12-16,186282.624499023,450861.093196263,2026-04-28 22:00:55,I,03,폐업,2022-12-19 11:15:42,,2012-11-12,157-930,서울특별시 강서구 등촌동 696번지 1호,PHMH320123150037087500044,3150000,서울특별시 강서구 공항대로41길 43 (등촌동),07586,03,폐업,,,,070-7715-9193
씨유 방화해피점,2024-10-02,183530.167290752,452271.639277238,2026-04-28 22:00:55,I,03,폐업,2024-10-02 16:02:59,,2012-11-12,157-847,서울특별시 강서구 방화동 574번지 2호,PHMH320123150037087500045,3150000,서울특별시 강서구 양천로24가길 23 (방화동),07604,03,폐업,,,,26660386
미니스톱 화곡월정점,2015-01-16,185553.435785412,448132.967098924,2026-04-28 22:00:55,I,03,폐업,2015-01-16 16:54:30,,2012-11-12,157-884,서울특별시 강서구 화곡동 373번지 5호,PHMH320123150037087500047,3150000,서울특별시 강서구 가로공원로76길 38 (화곡동),,03,폐업,,,,
GS25 방화동성점,2015-08-25,183340.03965069,453050.733807442,2026-04-28 22:00:55,I,03,폐업,2015-08-25 17:43:04,,2012-11-12,157-787,서울특별시 강서구 방화동 817번지,PHMH320123150037087500050,3150000,서울특별시 강서구 금낭화로23길 8 (방화동),07509,03,폐업,,,,26655031
GS25 화곡한나,2018-05-09,186414.044145182,447363.383938393,2026-04-28 22:00:55,I,03,폐업,2018-05-09 15:55:16,,2012-11-12,157-910,서울특별시 강서구 화곡동 906번지 1호,PHMH320123150037087500051,3150000,서울특별시 강서구 강서로5나길 21 (화곡동),07779,03,폐업,,,,26031839
GS25 등촌주공점,2019-08-30,186221.461740975,450744.023135457,2026-04-28 22:00:58,I,03,폐업,2019-09-02 09:13:25,,2017-08-30,,서울특별시 강서구 등촌동 667번지 7호,PHMH320173150037087500073,3150000,"서울특별시 강서구 강서로56길 110, 1층 2호 (등촌동, 상지빌딩)",07591,03,폐업,92,,,
GS25 화곡들판점,2020-09-03,187187.272363637,447710.726078948,2026-04-28 22:00:58,I,03,폐업,2020-09-07 10:18:46,,2017-08-31,,서울특별시 강서구 화곡동 862번지 11호,PHMH320173150037087500074,3150000,"서울특별시 강서구 곰달래로 205, 1층 (화곡동)",07749,03,폐업,79,,,
씨유 마곡미라클점,2018-08-10,184015.638729549,452005.903176947,2026-04-28 22:00:58,I,03,폐업,2018-08-13 09:46:42,,2017-09-05,,서울특별시 강서구 마곡동 1511,PHMH320173150037087500075,3150000,"서울특별시 강서구 방화대로34길 60, 102동 101호 (방화동)",07598,03,폐업,50,,,
씨유발산진흥점,2019-02-25,185120.55374291,450080.859549327,2026-04-28 22:00:58,I,03,폐업,2019-02-26 15:41:56,,2017-09-11,,서울특별시 강서구 내발산동 687번지 1호,PHMH320173150037087500076,3150000,서울특별시 강서구 강서로47길 67 (내발산동),07638,03,폐업,79,,,
씨유 마곡엠팰리체점,2022-07-28,185373.875552476,450852.52184551,2026-04-28 22:00:58,I,03,폐업,2022-07-28 11:03:37,,2017-09-15,,서울특별시 강서구 마곡동 797번지 10호,PHMH320173150037087500077,3150000,"서울특별시 강서구 마곡동로4길 15, 110호 (마곡동, 엠팰리체)",07803,03,폐업,66,,,
GS25 내발산점,2022-11-09,185390.985526578,449863.694451565,2026-04-28 22:00:58,I,03,폐업,2022-11-09 17:28:32,,2017-09-20,,서울특별시 강서구 내발산동 708번지 12호,PHMH320173150037087500078,3150000,"서울특별시 강서구 강서로47가길 38, 102호 (내발산동)",07639,03,폐업,26,,,
씨유신방화점,2017-09-25,183901.209920497,451618.937363136,2026-04-28 22:01:05,I,03,폐업,2017-09-25 17:35:37,,2017-09-20,,서울특별시 강서구 마곡동 739번지 4호,PHMH320173150037087500079,3150000,"서울특별시 강서구 마곡서1로 115-1, 119호 (마곡동, 마곡헤리움1차)",07599,03,폐업,40,,,
GS25(등촌캐빈),2023-12-27,187332.486700036,450332.354576088,2026-04-28 22:00:59,I,03,폐업,2023-12-27 16:17:54,,2017-09-27,,서울특별시 강서구 등촌동 654번지 58호,PHMH320173150037087500084,3150000,"서울특별시 강서구 공항대로51길 17, 1층 (등촌동)",07571,03,폐업,43,,,
GS25 화곡봉제산점,2022-07-20,186672.607065716,448336.320769363,2026-04-28 22:00:59,I,03,폐업,2022-07-20 17:04:01,,2017-10-10,,서울특별시 강서구 화곡동 152번지 6호,PHMH320173150037087500085,3150000,"서울특별시 강서구 초록마을로 129, 1층 (화곡동)",07753,03,폐업,59,,,
씨유마곡미라벨점,2019-02-26,184345.724012817,451171.287709396,2026-04-28 22:00:59,I,03,폐업,2019-02-27 15:57:37,,2017-10-20,,서울특별시 강서구 마곡동 768번지 2호,PHMH320173150037087500087,3150000,"서울특별시 강서구 마곡서로 101, 1층 116호 (마곡동, 동익드미라벨복합빌딩)",07798,03,폐업,50,,,
미니스톱 강서드림점,2020-01-30,186780.470195989,450119.939314207,2026-04-28 22:00:59,I,03,폐업,2020-01-31 15:37:22,,2017-10-24,,서울특별시 강서구 화곡동 1116번지 3호,PHMH320173150037087500088,3150000,"서울특별시 강서구 화곡로 330, 1층 (화곡동)",07653,03,폐업,120,,,
GS25 마곡비즈점,2019-03-22,184622.24950286,451831.218540076,2026-04-28 22:00:59,I,03,폐업,2019-03-26 11:23:11,,2017-11-06,,서울특별시 강서구 마곡동 757번지 3호 마곡나루역보타닉비즈타워,PHMH320173150037087500091,3150000,"서울특별시 강서구 마곡중앙5로1길 20, 117호 (마곡동, 마곡나루역보타닉비즈타워)",07788,03,폐업,53,,,
GS25 화곡행운점,2021-03-18,186321.440424992,447775.008611457,2026-04-28 22:00:59,I,03,폐업,2021-03-23 10:21:14,,2017-11-28,,서울특별시 강서구 화곡동 343번지 3호,PHMH320173150037087500094,3150000,"서울특별시 강서구 강서로 47-6, 1층 (화곡동)",07774,03,폐업,53,,,
GS25 가양우성점,2024-05-21,186943.885592447,451159.513463994,2026-04-28 22:01:04,I,03,폐업,2024-05-22 10:19:42,,2017-12-04,,서울특별시 강서구 가양동 1480번지 5호 이스타빌1차,PHMH320173150037087500097,3150000,"서울특별시 강서구 양천로57길 10-20, 104호 (가양동)",07526,03,폐업,83,,,
씨유 등촌호서점,2024-02-15,185829.917131012,451162.713624709,2026-04-28 22:00:59,I,03,폐업,2024-02-15 11:25:01,,2017-12-05,,서울특별시 강서구 등촌동 679번지,PHMH320173150037087500098,3150000,"서울특별시 강서구 강서로56가길 69, 1층 (등촌동)",07583,03,폐업,132,,,
씨유 발산역점,2018-09-12,185796.522248947,450735.884713387,2026-04-28 22:00:59,I,03,폐업,2018-09-12 18:09:22,,2017-12-18,,서울특별시 강서구 등촌동 673번지 6호 성원상떼뷰오피스텔,PHMH320173150037087500100,3150000,"서울특별시 강서구 공항대로 291, 1층 103,104호 (등촌동, 성원상떼뷰오피스텔)",07591,03,폐업,66,,,
씨유 강서공항점,2021-12-23,183456.406219412,450459.744963264,2026-04-28 22:00:59,I,03,폐업,2021-12-23 09:23:03,,2017-12-20,,서울특별시 강서구 공항동 736번지,PHMH320173150037087500101,3150000,"서울특별시 강서구 방화대로7나길 39, 1층 (공항동)",07625,03,폐업,60,,,
미니스톱 서울희망점,2022-12-29,183902.410246885,450319.350869657,2026-04-28 22:00:59,I,03,폐업,2022-12-29 16:22:41,,2017-12-22,,서울특별시 강서구 공항동 1356번지 10호,PHMH320173150037087500102,3150000,"서울특별시 강서구 방화대로6길 33, 1층 (공항동)",07645,03,폐업,68,,,
레몬비 마곡사이언스타워점,2018-04-04,185259.185267583,450932.359772264,2026-04-28 22:00:59,I,03,폐업,2018-04-04 18:09:41,,2017-12-26,,서울특별시 강서구 마곡동 796번지 3호 마곡사이언스타워,PHMH320173150037087500103,3150000,"서울특별시 강서구 마곡동로 62, 마곡사이언스타워 1층 5호 (마곡동)",07803,03,폐업,50,,,
GS25 화곡드림점,2021-04-30,186630.072444759,450017.491548589,2026-04-28 22:00:59,I,03,폐업,2021-05-03 14:01:24,,2018-01-02,,서울특별시 강서구 화곡동 1105번지 7호,PHMH320183150037087500002,3150000,"서울특별시 강서구 우장산로16길 19, 1층 (화곡동)",07686,03,폐업,38,,,
씨유 우장산역점,2023-01-11,185440.48309074,449556.077304833,2026-04-28 22:00:59,I,03,폐업,2023-01-12 17:34:11,,2018-01-15,,서울특별시 강서구 내발산동 723번지 9호 세란빌딩,PHMH320183150037087500005,3150000,"서울특별시 강서구 강서로 251, 1층 (내발산동)",07639,03,폐업,58,,,
씨유 등촌심미점,2020-03-16,187898.984969714,450186.587860429,2026-04-28 22:00:59,I,03,폐업,2020-03-17 15:13:12,,2018-01-17,,서울특별시 강서구 등촌동 634번지 13호 심미에셈빌,PHMH320183150037087500006,3150000,"서울특별시 강서구 공항대로59다길 1, 101호 (등촌동, 심미에셈빌)",07552,03,폐업,,,,26681625
씨유 등촌아름점,2019-04-30,187557.875846995,450265.25103661,2026-04-28 22:01:06,I,03,폐업,2019-05-02 14:24:18,,2018-01-17,,서울특별시 강서구 등촌동 643번지 71호,PHMH320183150037087500007,3150000,"서울특별시 강서구 공항대로53길 23, 102호,103호 (등촌동)",07570,03,폐업,,,,
세븐일레븐 강서화곡점,2023-07-13,186255.813777733,447608.937774846,2026-04-28 22:01:01,I,03,폐업,2023-07-13 17:56:11,,2019-02-20,,서울특별시 강서구 화곡동 344번지 12호,PHMH320193150037087500014,3150000,"서울특별시 강서구 곰달래로 111, 1층 (화곡동)",07773,03,폐업,,,,
미니스톱 화곡다솔점,2014-05-15,185485.311917674,448495.163842327,2026-04-28 22:00:55,I,03,폐업,2014-05-15 17:40:44,,2012-11-12,157-925,서울특별시 강서구 화곡동 1086번지 26호,PHMH320123150037087500052,3150000,서울특별시 강서구 화곡로20길 42 (화곡동),,03,폐업,,,,
미니스톱 내발산점,2014-04-23,185972.69133937,450530.52233773,2026-04-28 22:00:55,I,03,폐업,2014-04-23 17:37:15,,2012-11-12,157-280,서울특별시 강서구 내발산동 658번지,PHMH320123150037087500053,3150000,서울특별시 강서구 공항대로38길 80 (내발산동),,03,폐업,,,,20633903
미니스톱 화곡메디컬점,2014-01-29,185538.275943017,448364.137763701,2026-04-28 22:00:55,I,03,폐업,2014-01-29 16:32:24,,2012-11-12,157-884,서울특별시 강서구 화곡동 379번지 48호,PHMH320123150037087500055,3150000,서울특별시 강서구 가로공원로 191 (화곡동),,03,폐업,,,,26916249
세븐일레븐 강서스토리점,2025-07-07,183861.648795384,452327.871674126,2026-04-28 22:00:55,I,03,폐업,2025-07-07 17:51:00,,2012-11-12,157-846,서울특별시 강서구 마곡동 1168,PHMH320123150037087500056,3150000,서울특별시 강서구 양천로 128 (방화동),07593,03,폐업,,,,26611305
세븐일레븐 가양타워점,2017-04-25,187494.079333054,450527.699600801,2026-04-28 22:00:55,I,03,폐업,2017-04-25 10:12:04,,2012-11-12,157-839,서울특별시 강서구 등촌동 637번지,PHMH320123150037087500057,3150000,서울특별시 강서구 화곡로68길 102 (등촌동),07550,03,폐업,43,,,36628905
세븐일레븐 화곡대원점,2016-01-18,185476.623341648,448957.560609749,2026-04-28 22:00:55,I,03,폐업,2016-01-19 15:07:04,,2012-11-12,157-922,서울특별시 강서구 화곡동 1036번지 35호,PHMH320123150037087500058,3150000,서울특별시 강서구 화곡로21길 43 (화곡동),07708,03,폐업,,,,26067451
미니스톱 신방화점,2014-07-28,183397.059229645,451703.489134958,2026-04-28 22:00:55,I,03,폐업,2014-07-28 17:02:12,,2012-11-12,157-846,서울특별시 강서구 방화동 249번지 58호,PHMH320123150037087500059,3150000,서울특별시 강서구 방화동로 80 (방화동),,03,폐업,,,,26619892
미니스톱 가양점,2023-04-28,186875.994185225,451205.835118675,2026-04-28 22:00:55,I,03,폐업,2023-04-28 18:02:50,,2012-11-12,157-807,서울특별시 강서구 가양동 1480번지 8호,PHMH320123150037087500060,3150000,서울특별시 강서구 양천로 461 (가양동),07526,03,폐업,,,,36619301
씨유 등촌평안점,2013-10-22,185894.50946257,451570.248347401,2026-04-28 22:00:55,I,03,폐업,2013-11-07 15:09:07,,2012-11-12,157-930,서울특별시 강서구 등촌동 682번지,PHMH320123150037087500062,3150000,서울특별시 강서구 강서로 460 (등촌동),,03,폐업,,,,070-4158-0578
씨유 화곡보리점,2013-12-12,186442.107905871,449806.276873865,2026-04-28 22:00:55,I,03,폐업,2013-12-12 16:29:23,,2012-11-12,157-916,서울특별시 강서구 화곡동 986번지 1호,PHMH320123150037087500064,3150000,서울특별시 강서구 화곡로51길 13 (화곡동),,03,폐업,,,,26987742
세븐일레븐 발산958,2012-11-16,185332.474159807,450055.415911054,2026-04-28 22:00:55,I,03,폐업,2013-11-07 15:20:21,,2012-11-12,157-831,서울특별시 강서구 내발산동 699번지 19호,PHMH320123150037087500065,3150000,서울특별시 강서구 강서로47길 25 (내발산동),,03,폐업,,,,26611399
씨유 발산수명점,2021-10-29,184300.818174254,449738.724572204,2026-04-28 22:00:55,I,03,폐업,2021-10-29 17:51:21,,2012-11-13,157-937,서울특별시 강서구 내발산동 754번지 2호,PHMH320123150037087500066,3150000,서울특별시 강서구 수명로 31 (내발산동),07644,03,폐업,,,,26673003
씨유 화곡그린점,2013-06-28,187499.286366056,448069.583477829,2026-04-28 22:00:55,I,03,폐업,2013-11-08 13:32:46,,2012-11-13,157-900,서울특별시 강서구 화곡동 827번지 2호,PHMH320123150037087500068,3150000,서울특별시 강서구 등촌로13다길 35 (화곡동),,03,폐업,,,,26421980
세븐일레븐 강서블루나인점,2024-03-21,187952.560027898,450562.020225978,2026-04-28 22:00:55,I,03,폐업,2024-03-21 13:09:40,,2012-11-13,157-779,서울특별시 강서구 염창동 240번지 21호,PHMH320123150037087500069,3150000,서울특별시 강서구 양천로 583 (염창동),07547,03,폐업,,,,20931995
세븐일레븐 강서등촌로점,2020-07-22,187611.787626141,449668.254304844,2026-04-28 22:00:55,I,03,폐업,2020-07-23 13:43:25,,2012-11-13,157-836,서울특별시 강서구 등촌동 366번지 137호,PHMH320123150037087500070,3150000,서울특별시 강서구 등촌로51길 47 (등촌동),07667,03,폐업,,,,26523573
세븐일레븐 방화새싹공원점,2016-03-30,183036.405903574,451927.409191809,2026-04-28 22:00:55,I,03,폐업,2016-03-30 16:02:43,,2012-11-13,157-851,서울특별시 강서구 방화동 582번지 3호,PHMH320123150037087500071,3150000,서울특별시 강서구 양천로14길 86 (방화동),07610,03,폐업,,,,20643375
씨유 목동먹자촌점,2025-11-02,187827.716932135,447581.828000817,2026-04-28 22:00:55,I,03,폐업,2025-10-27 16:09:25,,2012-11-13,157-897,서울특별시 강서구 화곡동 783번지 10호,PHMH320123150037087500072,3150000,서울특별시 강서구 곰달래로60가길 4 (화곡동),07785,03,폐업,,,,070-4203-3547
씨유 화곡행복점,2021-05-18,185858.15178615,447795.46038077,2026-04-28 22:00:55,I,03,폐업,2021-05-21 09:42:26,,2012-11-13,157-890,서울특별시 강서구 화곡동 421번지 16호,PHMH320123150037087500073,3150000,서울특별시 강서구 강서로17길 89 (화곡동),07771,03,폐업,,,,26900877
세븐일레븐 강서무궁화점,2016-12-29,184105.253945067,453626.099540967,2026-04-28 22:01:05,I,03,폐업,2016-12-29 13:20:26,,2012-11-13,157-845,서울특별시 강서구 방화동 19번지 2호,PHMH320123150037087500074,3150000,서울특별시 강서구 양천로27길 280-11 (방화동),07520,03,폐업,,,,26614587
세븐일레븐 강서스카이점,2012-11-16,182895.668483962,451176.857915011,2026-04-28 22:00:55,I,03,폐업,2013-11-08 14:08:25,,2012-11-13,157-853,서울특별시 강서구 방화동 620번지 214호,PHMH320123150037087500075,3150000,서울특별시 강서구 개화동로 561 (방화동),,03,폐업,,,,20641638
씨유 화곡신정점,2013-11-15,187115.407551868,448029.833849835,2026-04-28 22:00:55,I,03,폐업,2020-08-06 11:37:35,,2012-11-13,157-893,서울특별시 강서구 화곡동 457번지 47호,PHMH320123150037087500076,3150000,서울특별시 강서구 등촌로13바길 98 (화곡동),07744,03,폐업,,,,26999652
씨유 강서센트리움점,2013-08-08,186980.528083453,450252.598551249,2026-04-28 22:00:55,I,03,폐업,2013-11-08 14:14:57,,2012-11-13,157-928,서울특별시 강서구 화곡동 1113번지 14호,PHMH320123150037087500077,3150000,서울특별시 강서구 공항대로46길 17 (화곡동),,03,폐업,,,,26059652
씨유 화곡사랑점,2014-07-02,185728.946702051,448861.675937865,2026-04-28 22:00:55,I,03,폐업,2015-06-03 15:37:06,,2012-11-13,157-924,서울특별시 강서구 화곡동 1065번지 20호,PHMH320123150037087500078,3150000,서울특별시 강서구 강서로33길 9 (화곡동),,03,폐업,,,,26915792
씨유 화곡로점,2019-05-31,185391.541308957,448651.451725613,2026-04-28 22:00:55,I,03,폐업,2019-06-21 09:16:00,,2012-11-13,157-925,서울특별시 강서구 화곡동 1070번지 12호,PHMH320123150037087500079,3150000,서울특별시 강서구 화곡로 122 (화곡동),07718,03,폐업,,,,26929759
세븐일레븐 방화마곡길점,2015-07-13,184258.906263226,451995.08598806,2026-04-28 22:00:55,I,03,폐업,2015-07-14 10:53:16,,2012-11-13,157-846,서울특별시 강서구 마곡동 1553,PHMH320123150037087500080,3150000,서울특별시 강서구 양천로30길 70 (방화동),,03,폐업,,,,070-8267-4294
GS25 화곡오솔점,2013-10-29,185641.288823336,448826.252537687,2026-04-28 22:00:55,I,03,폐업,2013-11-08 14:36:46,,2012-11-13,157-924,서울특별시 강서구 화곡동 1065번지,PHMH320123150037087500081,3150000,서울특별시 강서구 화곡로25길 8 (화곡동),,03,폐업,,,,26062283
GS25 강서우장점,2015-07-24,185353.403091544,449419.697132348,2026-04-28 22:00:55,I,03,폐업,2015-07-24 17:53:21,,2012-11-13,157-918,서울특별시 강서구 화곡동 1012번지,PHMH320123150037087500083,3150000,서울특별시 강서구 강서로45다길 21 (화곡동),,03,폐업,,,,26946089
씨유 등촌황토방점,2013-10-02,187719.48700433,450352.655257831,2026-04-28 22:00:55,I,03,폐업,2013-11-08 14:53:17,,2012-11-13,157-839,서울특별시 강서구 등촌동 636번지 41호,PHMH320123150037087500084,3150000,서울특별시 강서구 공항대로55길 53 (등촌동),,03,폐업,,,,64496979
씨유 등촌원룸점,2020-08-21,187625.532088357,450484.807471335,2026-04-28 22:00:55,I,03,폐업,2020-08-25 08:52:45,,2012-11-13,157-839,서울특별시 강서구 등촌동 636번지,PHMH320123150037087500085,3150000,서울특별시 강서구 화곡로68길 132 (등촌동),07565,03,폐업,,,,36656979
GS25 화곡본동점,2013-09-27,186361.031405789,448595.210427224,2026-04-28 22:00:55,I,03,폐업,2013-11-08 15:00:46,,2012-11-13,157-872,서울특별시 강서구 화곡동 102번지 65호,PHMH320123150037087500086,3150000,서울특별시 강서구 강서로24길 69 (화곡동),,03,폐업,,,,26069525
GS25 발산신성점,2013-06-17,184566.593011765,450029.718501657,2026-04-28 22:00:55,I,03,폐업,2013-11-08 15:04:11,,2012-11-13,157-937,서울특별시 강서구 내발산동 750번지 6호,PHMH320123150037087500087,3150000,서울특별시 강서구 수명로 72 (내발산동),,03,폐업,,,,26676969
GS25 강서타운,2018-01-31,186850.824018452,450258.958284373,2026-04-28 22:00:55,I,03,폐업,2018-01-31 17:50:39,,2012-11-13,157-928,서울특별시 강서구 화곡동 1111번지 2호,PHMH320123150037087500088,3150000,서울특별시 강서구 화곡로 346 (화곡동),07653,03,폐업,,,,26676969
씨유 공항시장점,2022-10-11,183237.203672348,451289.919401194,2026-04-28 22:00:55,I,03,폐업,2022-10-11 17:35:01,,2012-11-14,157-811,서울특별시 강서구 공항동 22번지 53호,PHMH320123150037087500089,3150000,서울특별시 강서구 방화동로 36-1 (공항동),07619,03,폐업,,,,070-4149-7219
씨유 강서한아름점,2013-08-19,187709.897709877,448162.737284876,2026-04-28 22:00:55,I,03,폐업,2013-11-08 15:13:33,,2012-11-14,157-894,서울특별시 강서구 화곡동 504번지 141호,PHMH320123150037087500090,3150000,서울특별시 강서구 등촌로13길 28 (화곡동),,03,폐업,,,,26532203
씨유 수명산점,2020-06-19,185063.841692751,449812.446077419,2026-04-28 22:00:55,I,03,폐업,2020-07-20 16:12:21,,2012-11-14,157-833,서울특별시 강서구 내발산동 712번지,PHMH320123150037087500091,3150000,서울특별시 강서구 강서로45길 118 (내발산동),07638,03,폐업,,,,26615365
GS25 염창신동아점,2024-05-22,188359.565502697,450325.838493988,2026-04-28 22:00:55,I,03,폐업,2024-05-23 12:15:24,,2012-11-14,157-717,서울특별시 강서구 염창동 289번지,PHMH320123150037087500094,3150000,서울특별시 강서구 양천로67길 32 (염창동),07535,03,폐업,,,,20633603
씨유 화곡성실점,2018-07-31,186609.494399304,447782.990921514,2026-04-28 22:00:55,I,03,폐업,2018-07-31 19:38:17,,2012-11-14,157-886,서울특별시 강서구 화곡동 392번지 58호,PHMH320123150037087500095,3150000,서울특별시 강서구 강서로12길 41 (화곡동),07758,03,폐업,,,,26969423
훼미리마트 공항다솔점,2015-06-01,183659.621670658,450293.973958576,2026-04-28 22:00:55,I,03,폐업,2015-06-01 17:54:52,,2012-11-14,157-815,서울특별시 강서구 공항동 1340번지 5호,PHMH320123150037087500096,3150000,서울특별시 강서구 방화대로5길 7 (공항동),,03,폐업,,,,
씨유 등촌두산점,2024-08-08,187678.59966016,450537.176215599,2026-04-28 22:00:55,I,03,폐업,2024-08-14 10:39:52,,2012-11-14,157-839,서울특별시 강서구 등촌동 631번지 1호,PHMH320123150037087500098,3150000,서울특별시 강서구 양천로 564 (등촌동),07551,03,폐업,,,,26587723
GS25 공항행복,2017-03-30,183551.690805941,450463.417292907,2026-04-28 22:00:55,I,03,폐업,2017-03-30 17:42:24,,2012-11-14,157-818,서울특별시 강서구 공항동 669번지 5호,PHMH320123150037087500100,3150000,서울특별시 강서구 방화대로7길 28 (공항동),07625,03,폐업,,,,26614495
(주)비지에프휴먼넷 화곡1호점,2015-08-31,186700.849079339,447609.060489127,2026-04-28 22:01:05,I,03,폐업,2015-08-31 17:25:01,,2012-11-14,157-908,서울특별시 강서구 화곡동 896번지 1호,PHMH320123150037087500101,3150000,서울특별시 강서구 곰달래로 156-1 (화곡동),07781,03,폐업,,,,64046440
GS25 강서희망점,2013-07-10,186069.508611674,447378.057391086,2026-04-28 22:00:55,I,03,폐업,2013-11-11 14:19:15,,2012-11-14,157-910,서울특별시 강서구 화곡동 913번지 11호,PHMH320123150037087500102,3150000,서울특별시 강서구 강서로5나길 90 (화곡동),,03,폐업,,,,26010663
GS25 가양우성,2017-12-04,186943.885592447,451159.513463994,2026-04-28 22:00:55,I,03,폐업,2017-12-04 16:08:54,,2012-11-15,157-807,서울특별시 강서구 가양동 1480번지 5호,PHMH320123150037087500103,3150000,서울특별시 강서구 양천로57길 10-20 (가양동),07526,03,폐업,,,,26434540
씨유 등촌호서점,2012-12-12,185829.917131012,451162.713624709,2026-04-28 22:00:55,I,03,폐업,2013-11-11 14:26:49,,2012-11-15,157-930,서울특별시 강서구 등촌동 679번지,PHMH320123150037087500104,3150000,서울특별시 강서구 강서로56가길 69 (등촌동),,03,폐업,,,,26583263
세븐일레븐 방화으뜸점,2013-01-14,183160.781059782,452102.784830436,2026-04-28 22:00:55,I,03,폐업,2013-11-11 14:33:45,,2012-11-15,157-850,서울특별시 강서구 방화동 868번지,PHMH320123150037087500105,3150000,서울특별시 강서구 양천로14길 37 (방화동),,03,폐업,,,,26660477
세븐일레븐 신방화점,2016-01-06,183683.865091789,451893.458113307,2026-04-28 22:00:55,I,03,폐업,2016-01-06 17:27:55,,2012-11-15,157-220,서울특별시 강서구 방화동 867번지,PHMH320123150037087500106,3150000,서울특별시 강서구 방화대로 319 (방화동),07605,03,폐업,,,,20642584
세븐일레븐 화곡곰달래점,2019-09-04,187403.575091469,447624.726148711,2026-04-28 22:00:55,I,03,폐업,2019-09-05 15:21:44,,2012-11-15,157-903,서울특별시 강서구 화곡동 841번지 26호,PHMH320123150037087500107,3150000,서울특별시 강서구 곰달래로50길 19 (화곡동),07784,03,폐업,,,,20610633
세븐일레븐 등총역지점,2018-08-03,187863.894496358,449788.036698656,2026-04-28 22:00:55,I,03,폐업,2018-08-03 17:39:42,,2012-11-15,157-836,서울특별시 강서구 등촌동 507번지 1호,PHMH320123150037087500108,3150000,서울특별시 강서구 등촌로 229-1 (등촌동),07665,03,폐업,,,,20622260
바이더웨이 양천향교역,2014-07-16,185932.779741553,451742.761245712,2026-04-28 22:00:55,I,03,폐업,2014-07-16 17:21:43,,2012-11-15,157-801,서울특별시 강서구 등촌동 739,PHMH320123150037087500109,3150000,서울특별시 강서구 강서로74길 3 (가양동),,03,폐업,,,,36610789
세븐일레븐 화곡5호점931,2012-11-16,185998.368526946,447836.826079912,2026-04-28 22:00:55,I,03,폐업,2013-11-11 14:50:00,,2012-11-15,157-882,서울특별시 강서구 화곡동 353번지 55호,PHMH320123150037087500110,3150000,서울특별시 강서구 강서로17다길 2 (화곡동),,03,폐업,,,,26984935
지에스25 공항하늘점,2023-10-31,183354.343479331,451300.189841163,2026-04-28 22:01:02,I,03,폐업,2023-11-01 11:42:42,,2021-11-01,,서울특별시 강서구 공항동 18-9,PHMH320213150037087500042,3150000,"서울특별시 강서구 방화대로21나길 34, 1층 (공항동)",07619,03,폐업,50,,,
(주)코리아세븐 마곡9단지점,2023-11-29,,,2026-04-28 22:01:06,I,03,폐업,2023-11-29 18:04:53,,2021-11-04,,서울특별시 강서구 마곡동 744 마곡 엠밸리 9단지,PHMH320213150037087500043,3150000,"서울특별시 강서구 공항대로 103, 판매시설 3동 1층 105호 (마곡동, 마곡 엠밸리 9단지)",07600,03,폐업,,,,
지에스(GS)25신월초교점,2022-12-19,185631.329152745,448684.916647263,2026-04-28 22:01:02,I,03,폐업,2022-12-19 15:31:40,,2021-11-12,,서울특별시 강서구 화곡동 1081-7 지하1층,PHMH320213150037087500044,3150000,"서울특별시 강서구 화곡로24길 14, 지하1층 (화곡동)",07717,03,폐업,,,,
씨유 등촌3단지점,2024-07-24,185938.609880868,451011.69316052,2026-04-28 22:01:02,I,03,폐업,2024-07-24 16:55:42,,2022-01-18,,서울특별시 강서구 등촌동 688-2 등촌3단지주공아파트,PHMH320223150037087500003,3150000,"서울특별시 강서구 강서로56나길 41, 등촌3단지주공아파트 상가동 104호 (등촌동)",07584,03,폐업,,,,
씨유 가양3단지점,2025-08-27,187178.737304284,451447.114515225,2026-04-28 22:01:02,I,03,폐업,2025-08-27 17:53:23,,2022-03-11,,서울특별시 강서구 가양동 1475 강변아파트,PHMH320223150037087500005,3150000,"서울특별시 강서구 허준로 139, 1층 103, 104호 (가양동, 강변아파트)",07525,03,폐업,48,,,
이마트24화곡중앙점,2022-07-11,185346.33001326,448943.300195527,2026-04-28 22:01:02,I,03,폐업,2022-07-11 13:53:01,,2022-05-02,,서울특별시 강서구 화곡동 1037-32 1층,PHMH320223150037087500011,3150000,"서울특별시 강서구 강서로35길 70, 1층 (화곡동)",07708,03,폐업,,,,
지에스25화곡우정점,2025-10-01,186687.400973055,448615.51961131,2026-04-28 22:01:02,I,03,폐업,2025-10-02 09:10:30,,2022-05-13,,서울특별시 강서구 화곡동 56-501 영어나라어린이집1층,PHMH320223150037087500012,3150000,"서울특별시 강서구 초록마을로22길 24, 1층 (화곡동)",07724,03,폐업,,,,
롯데씨브이에스711 신방화점,2023-04-11,183400.714787118,451689.782780181,2026-04-28 22:01:05,I,03,폐업,2023-04-11 16:43:08,,2022-05-13,,서울특별시 강서구 방화동 249-28,PHMH320223150037087500013,3150000,"서울특별시 강서구 방화동로 80, 1층 (방화동)",07616,03,폐업,,,,
씨유 염창트리타워점,2025-10-13,189124.441211963,449608.300304977,2026-04-28 22:01:02,I,03,폐업,2025-10-10 14:50:50,,2022-07-08,,서울특별시 강서구 염창동 261-4,PHMH320223150037087500021,3150000,"서울특별시 강서구 양천로 738, 101,110호 (염창동)",07557,03,폐업,,,,
씨유 염창태진점,2024-11-15,188731.032830709,449747.02175387,2026-04-28 22:01:02,I,03,폐업,2024-11-15 14:28:39,,2022-07-25,,서울특별시 강서구 염창동 264-13 한영빌딩,PHMH320223150037087500024,3150000,"서울특별시 강서구 양천로 698, 한영빌딩 1층 (염창동)",07555,03,폐업,,,,
(주)코리아세븐 강서등촌로얄점,2022-12-27,186398.02357821,450973.992392374,2026-04-28 22:01:03,I,03,폐업,2022-12-27 18:00:56,,2022-08-03,,서울특별시 강서구 등촌동 698 로얄프라자,PHMH320223150037087500026,3150000,"서울특별시 강서구 공항대로41길 76, 로얄프라자 104호 (등촌동)",07587,03,폐업,,,,
씨유 화곡메트로점,2024-09-02,185778.353245132,448754.885208752,2026-04-28 22:01:02,I,03,폐업,2024-09-03 11:13:08,,2022-08-25,,서울특별시 강서구 화곡동 1074-30,PHMH320223150037087500029,3150000,"서울특별시 강서구 화곡로26가길 2, 1층 (화곡동)",07715,03,폐업,,,,
(주)코리아세븐 방화방신시장점,2024-10-15,183442.75870026,452155.803018471,2026-04-28 22:01:04,I,03,폐업,2024-10-15 16:00:05,,2022-09-23,,서울특별시 강서구 방화동 579 마곡 한진해모로,PHMH320223150037087500031,3150000,"서울특별시 강서구 양천로24가길 59, 109동 103호 (방화동, 마곡 한진해모로)",07604,03,폐업,,,,
(주)코리아세븐 염창래미안점,2025-05-19,188258.372897956,449993.300398681,2026-04-28 22:01:03,I,03,폐업,2025-05-20 08:37:07,,2022-12-13,,서울특별시 강서구 염창동 271-13 풍일빌딩,PHMH320223150037087500039,3150000,"서울특별시 강서구 양천로 646-32, 풍일빌딩 1층 (염창동)",07554,03,폐업,89,,,
씨유 마곡더랜드점,2023-06-16,184655.264279055,451864.298152252,2026-04-28 22:01:02,I,03,폐업,2023-06-19 09:03:38,,2022-12-26,,서울특별시 강서구 마곡동 757 두산더랜드파크,PHMH320223150037087500041,3150000,"서울특별시 강서구 마곡중앙로 161-8, 두산더랜드파크 A동 106호 (마곡동)",07788,03,폐업,,,,
더달달한부부,2024-07-24,183532.872589388,451794.297978468,2026-04-28 22:01:03,I,03,폐업,2024-07-25 08:51:23,,2023-01-02,,서울특별시 강서구 방화동 247-89,PHMH320233150037087500001,3150000,"서울특별시 강서구 초원로13길 18, 102호 (방화동)",07606,03,폐업,53,,,
씨유 강서지식산업센터점,2025-05-09,186501.233192961,451485.251875922,2026-04-28 22:01:03,I,03,폐업,2025-05-12 11:04:22,,2023-02-10,,서울특별시 강서구 가양동 1498 강서한강자이타워,PHMH320233150037087500012,3150000,"서울특별시 강서구 양천로 401, 강서한강자이타워 B동 1층 104호 (가양동)",07528,03,폐업,,,,
지에스(GS)25 방화제일점,2025-02-06,183448.595711445,451594.304080297,2026-04-28 22:01:03,I,03,폐업,2025-02-06 16:44:19,,2023-02-13,,서울특별시 강서구 방화동 607-153,PHMH320233150037087500013,3150000,"서울특별시 강서구 방화동로12길 14, 1층 일부호 (방화동)",07616,03,폐업,,,,
지에스25 마곡센트럴점,2024-10-24,184123.663823162,450801.154255534,2026-04-28 22:01:03,I,03,폐업,2024-10-28 09:11:30,,2023-02-22,,서울특별시 강서구 마곡동 746 마곡엠밸리11단지,PHMH320233150037087500016,3150000,"서울특별시 강서구 공항대로 124, 1106동 101,102호 (마곡동, 마곡엠밸리11단지)",07808,03,폐업,,,,
지에스25 강서퍼스트점,2025-08-18,184971.522700042,450643.056387457,2026-04-28 22:01:04,I,03,폐업,2025-08-18 15:35:18,,2023-03-23,,서울특별시 강서구 마곡동 800-15 이너매스마곡Ⅱ,PHMH320233150037087500019,3150000,"서울특별시 강서구 마곡중앙2로 35, 이너매스마곡Ⅱ 105호 (마곡동)",07806,03,폐업,,,,
씨유 가양오피스점,2025-09-04,186010.726577028,451656.527784701,2026-04-28 22:01:03,I,03,폐업,2025-09-04 17:35:36,,2023-04-26,,서울특별시 강서구 가양동 116-2 C&K하우스,PHMH320233150037087500025,3150000,"서울특별시 강서구 강서로74길 28, C&K하우스 1층 (가양동)",07573,03,폐업,,,,
씨유 화곡혜인점,2024-02-05,185180.605808154,449122.192160486,2026-04-28 22:01:03,I,03,폐업,2024-02-07 16:00:36,,2023-06-27,,서울특별시 강서구 화곡동 1017 1층,PHMH320233150037087500032,3150000,"서울특별시 강서구 화곡로13길 98, 1층 (화곡동)",07709,03,폐업,,,,
(주)코리아세븐 마곡15단지점,2024-07-22,184743.389113412,450511.287374798,2026-04-28 22:01:03,I,03,폐업,2024-07-24 11:07:39,,2023-07-07,,서울특별시 강서구 마곡동 751 마곡엠밸리15단지,PHMH320233150037087500036,3150000,"서울특별시 강서구 마곡중앙로 36, 제상가동 제1층 108호 (마곡동, 마곡엠밸리15단지)",07811,03,폐업,,,,
세븐일레븐 강서아이파크,2015-07-08,186786.622461585,450297.70265223,2026-04-28 22:00:55,I,03,폐업,2015-07-08 17:39:42,,2012-11-15,157-927,서울특별시 강서구 화곡동 1095번지,PHMH320123150037087500111,3150000,서울특별시 강서구 화곡로 347 (화곡동),,03,폐업,,,,26019814
씨유 등촌등마루점,2014-04-21,187361.31131362,450401.802410174,2026-04-28 22:00:55,I,03,폐업,2014-04-21 16:54:11,,2012-11-15,157-840,서울특별시 강서구 등촌동 642번지 9호,PHMH320123150037087500112,3150000,서울특별시 강서구 화곡로64길 85 (등촌동),,03,폐업,,,,36640213
씨유 강양휴먼빌점,2025-08-26,186783.750793908,451266.689815339,2026-04-28 22:00:55,I,03,폐업,2025-08-26 16:36:38,,2012-11-15,157-807,서울특별시 강서구 가양동 1479번지 9호,PHMH320123150037087500114,3150000,서울특별시 강서구 양천로57길 9-13 (가양동),07527,03,폐업,,,,36639190
세븐일레븐 염창중앙점,2021-10-07,188474.213387955,450106.721607289,2026-04-28 22:00:55,I,03,폐업,2021-10-08 16:04:24,,2012-11-16,157-861,서울특별시 강서구 염창동 244번지 35호,PHMH320123150037087500116,3150000,서울특별시 강서구 양천로69길 11 (염창동),07544,03,폐업,,,,36633665
GS25 강서노블,2013-04-24,187170.110575392,450924.415484057,2026-04-28 22:00:55,I,03,폐업,2013-11-11 15:14:10,,2012-11-16,157-727,서울특별시 강서구 등촌동 628번지,PHMH320123150037087500117,3150000,서울특별시 강서구 양천로 500 (등촌동),,03,폐업,,,,36628689
바이더웨이 화곡역점,2013-01-04,185657.465512704,448805.55684262,2026-04-28 22:00:55,I,03,폐업,2013-11-11 15:17:20,,2012-11-16,157-924,서울특별시 강서구 화곡동 1065번지 1호,PHMH320123150037087500118,3150000,서울특별시 강서구 화곡로 151 (화곡동),,03,폐업,,,,26997747
씨유 염창역점,2016-02-05,188783.060728518,449449.350136307,2026-04-28 22:00:55,I,03,폐업,2016-02-05 11:41:09,,2012-11-16,157-864,서울특별시 강서구 염창동 282번지 26호,PHMH320123150037087500119,3150000,서울특별시 강서구 공항대로 621 (염창동),07558,03,폐업,,,,26587377
씨유 화곡아성점,2013-08-02,186033.33957647,448827.968812851,2026-04-28 22:00:55,I,03,폐업,2013-11-12 13:24:57,,2012-11-16,157-872,서울특별시 강서구 화곡동 105번지 77호,PHMH320123150037087500120,3150000,서울특별시 강서구 까치산로 18 (화곡동),,03,폐업,,,,26031069
씨유 까치산점,2013-07-01,186298.581244342,447851.931181373,2026-04-28 22:00:55,I,03,폐업,2013-11-12 13:29:09,,2012-11-16,157-881,서울특별시 강서구 화곡동 348번지 30호,PHMH320123150037087500121,3150000,서울특별시 강서구 강서로 57 (화곡동),,03,폐업,,,,26051919
(주)바이더웨이 방화삼익점,2015-04-16,183558.654942027,452761.493153691,2026-04-28 22:01:05,I,03,폐업,2015-04-17 08:55:13,,2012-11-16,157-784,서울특별시 강서구 방화동 831번지,PHMH320123150037087500122,3150000,서울특별시 강서구 방화대로47가길 22 (방화동),,03,폐업,,,,26658662
(주)바이더웨이 방화역점,2015-04-09,183366.101249557,452817.469477897,2026-04-28 22:01:03,I,03,폐업,2015-04-09 16:45:26,,2012-11-16,157-857,서울특별시 강서구 방화동 829번지 4호,PHMH320123150037087500123,3150000,서울특별시 강서구 금낭화로 135 (방화동),,03,폐업,,,,26658950
(주)코리아세븐 강서드림점,2014-03-13,186797.655942569,450110.430118274,2026-04-28 22:01:05,I,03,폐업,2014-03-13 15:14:48,,2012-11-16,157-928,서울특별시 강서구 화곡동 1116번지 8호,PHMH320123150037087500124,3150000,서울특별시 강서구 공항대로46길 66 (화곡동),,03,폐업,,,,
(주)코리아세븐 강서송정역점,2013-11-01,183280.682239227,450983.093101522,2026-04-28 22:01:04,I,03,폐업,2018-11-21 14:37:30,,2012-11-16,157-812,서울특별시 강서구 공항동 32번지 3호,PHMH320123150037087500125,3150000,서울특별시 강서구 공항대로 38 (공항동),07623,03,폐업,,,,20641568
(주)코리아세븐 수도통합점,2017-04-24,187736.021500402,449200.46523018,2026-04-28 22:01:03,I,03,폐업,2017-04-24 16:28:27,,2012-11-16,157-836,서울특별시 강서구 등촌동 513번지 21호,PHMH320123150037087500126,3150000,서울특별시 강서구 등촌로 169 (등촌동),07668,03,폐업,,,,26464152
(주)코리아세븐 방화점,2023-11-29,183438.673656262,452893.622300597,2026-04-28 22:01:06,I,03,폐업,2023-11-29 18:03:15,,2012-11-16,157-857,서울특별시 강서구 방화동 830번지,PHMH320123150037087500127,3150000,서울특별시 강서구 금낭화로 146 (방화동),07511,03,폐업,,,,26645321
(주)코리아세븐 강서공항대로점,2025-05-08,187908.36531947,450020.089639173,2026-04-28 22:01:04,I,03,폐업,2025-05-09 10:47:19,,2012-11-16,157-840,서울특별시 강서구 등촌동 647번지 40호,PHMH320123150037087500128,3150000,서울특별시 강서구 공항대로59길 16 (등촌동),07563,03,폐업,,,,36613379
(주)코리아세븐 화곡5호점,2017-07-04,185998.368526946,447836.826079912,2026-04-28 22:01:04,I,03,폐업,2017-07-04 16:28:46,,2012-11-16,157-882,서울특별시 강서구 화곡동 353번지 55호,PHMH320123150037087500129,3150000,서울특별시 강서구 강서로17다길 2 (화곡동),07769,03,폐업,,,,26984935
(주)코리아세븐 강서스카이점,2014-06-27,182895.668483962,451176.857915011,2026-04-28 22:01:06,I,03,폐업,2014-06-30 09:46:03,,2012-11-16,157-853,서울특별시 강서구 방화동 620번지 214호,PHMH320123150037087500131,3150000,서울특별시 강서구 개화동로 561 (방화동),,03,폐업,,,,20641638
(주)바이더웨이 화곡제이점,2018-11-26,186240.502685919,449214.164713855,2026-04-28 22:01:05,I,03,폐업,2018-11-27 16:38:07,,2012-11-16,157-868,서울특별시 강서구 화곡동 70번지 33호,PHMH320123150037087500134,3150000,서울특별시 강서구 초록마을로 3 (화곡동),07679,03,폐업,,,,26916951
(주)코리아세븐 염창2호점,2013-01-03,188182.789386066,449782.328938379,2026-04-28 22:01:05,I,03,폐업,2013-11-12 14:16:19,,2012-11-16,157-863,서울특별시 강서구 염창동 272번지 9호,PHMH320123150037087500135,3150000,서울특별시 강서구 공항대로 549 (염창동),,03,폐업,,,,36647924
(주)코라아세븐 염창삼성점,2021-12-14,188440.342379339,450017.32238226,2026-04-28 22:01:06,I,03,폐업,2021-12-14 15:45:22,,2012-11-16,157-863,서울특별시 강서구 염창동 265번지,PHMH320123150037087500136,3150000,서울특별시 강서구 양천로 658 (염창동),07554,03,폐업,,,,26586831
(주)코리아세븐 화곡6호점,2016-09-27,185808.998917289,447324.010715124,2026-04-28 22:01:05,I,03,폐업,2016-09-27 16:46:51,,2012-11-16,157-910,서울특별시 강서구 화곡동 934번지 27호,PHMH320123150037087500138,3150000,서울특별시 강서구 강서로5나길 141 (화곡동),07780,03,폐업,,,,26049856
(주)코리아세븐 화곡3호점,2025-05-19,185498.651188209,448411.263581927,2026-04-28 22:01:05,I,03,폐업,2025-05-20 09:46:38,,2012-11-16,157-884,서울특별시 강서구 화곡동 377번지 3호,PHMH320123150037087500139,3150000,서울특별시 강서구 화곡로20길 58 (화곡동),07718,03,폐업,,,,26064633
(주)코리아세븐 화곡2호점,2018-02-06,186024.535479369,449014.562919172,2026-04-28 22:01:04,I,03,폐업,2018-02-06 17:55:11,,2012-11-16,157-010,서울특별시 강서구 화곡동 1060번지 16호,PHMH320123150037087500140,3150000,서울특별시 강서구 화곡로 197 (화곡동),07700,03,폐업,,,,26019366
세븐일레븐 개화중앙점,2020-01-16,182293.357671337,452988.696877824,2026-04-28 22:01:01,I,03,폐업,2020-01-22 13:56:54,,2019-02-25,,서울특별시 강서구 개화동 450번지 27호 (주)효담,PHMH320193150037087500016,3150000,"서울특별시 강서구 개화동로9길 7, (주)효담 1층 101호 (개화동)",07504,03,폐업,,,,
미니스톱 화곡엠파이어시티점,2020-12-17,185687.632945004,448972.075644627,2026-04-28 22:01:04,I,03,폐업,2020-12-21 09:34:13,,2019-02-25,,서울특별시 강서구 화곡동 1051번지 1호 경동엠파이어시티,PHMH320193150037087500017,3150000,"서울특별시 강서구 강서로 187, 경동엠파이어시티 103, 104(일부)호 (화곡동)",07714,03,폐업,,,,
씨유 화곡천량점,2024-05-16,187715.476404557,447757.310480069,2026-04-28 22:01:01,I,03,폐업,2024-05-17 09:12:35,,2019-03-13,,서울특별시 강서구 화곡동 796번지 1호 피앤와이빌딩,PHMH320193150037087500021,3150000,"서울특별시 강서구 곰달래로 260, 피앤와이빌딩 1층 (화곡동)",07785,03,폐업,,,,
씨유 강서지식산업센터점,2021-03-30,186501.233192961,451485.251875922,2026-04-28 22:01:01,I,03,폐업,2021-04-01 16:30:31,,2019-03-21,,서울특별시 강서구 가양동 1498번지 강서한강자이타워,PHMH320193150037087500022,3150000,"서울특별시 강서구 양천로 401, 강서한강자이타워 B동 104호 (가양동)",07528,03,폐업,,,,
지에스25 강서노블점,2020-07-23,187170.110575392,450924.415484057,2026-04-28 22:01:01,I,03,폐업,2020-07-24 09:44:59,,2019-03-22,,서울특별시 강서구 등촌동 628번지 등촌동노블리움오피스텔,PHMH320193150037087500024,3150000,"서울특별시 강서구 양천로 500, 등촌동노블리움오피스텔 1층 114호 (등촌동)",07548,03,폐업,,,,
미니스톱 개화산역점,2019-08-09,183087.893909931,452293.665591767,2026-04-28 22:01:01,I,03,폐업,2019-08-09 17:56:40,,2019-03-26,,서울특별시 강서구 방화동 557번지 7호 남성아트빌,PHMH320193150037087500025,3150000,"서울특별시 강서구 양천로 50, 101동 101호 (방화동, 남성아트빌)",07602,03,폐업,,,,
지에스(GS)25 화곡하늘점,2024-03-25,185375.389547502,448742.876029478,2026-04-28 22:01:01,I,03,폐업,2024-03-26 08:59:41,,2019-03-28,,,PHMH320193150037087500026,3150000,서울특별시 강서구 강서로33길 83 (화곡동),07711,03,폐업,,,,
GS25 발산행복점,2023-12-14,185629.83196435,450332.106056696,2026-04-28 22:01:01,I,03,폐업,2023-12-14 17:38:22,,2019-03-28,,서울특별시 강서구 내발산동 665번지,PHMH320193150037087500027,3150000,"서울특별시 강서구 강서로50길 16, 1층 (내발산동)",07652,03,폐업,,,,
미니스톱 화곡사거리점,2020-07-01,186424.391650186,447580.544751681,2026-04-28 22:01:01,I,03,폐업,2020-07-01 17:01:56,,2019-04-01,,,PHMH320193150037087500028,3150000,"서울특별시 강서구 강서로 27, 화곡심포니타워 (화곡동)",07778,03,폐업,,,,
미니스톱 공항입구점,2020-06-19,183130.915788053,451068.275763037,2026-04-28 22:01:04,I,03,폐업,2020-06-22 16:17:56,,2019-04-01,,,PHMH320193150037087500029,3150000,서울특별시 강서구 공항대로 23 (공항동),07619,03,폐업,,,,
씨유 염창세계로점,2020-01-03,188719.000495826,450294.498348011,2026-04-28 22:01:04,I,03,폐업,2020-01-07 17:49:48,,2019-04-04,,서울특별시 강서구 염창동 292번지 염창동아아파트,PHMH320193150037087500030,3150000,"서울특별시 강서구 양천로69길 58, 상가동 105호 (염창동, 염창동아아파트)",07536,03,폐업,,,,
㈜코리아세븐 강서하이웨이주유소점,2025-02-27,187100.706426005,450276.503851989,2026-04-28 22:01:05,I,03,폐업,2025-02-27 16:27:45,,2019-04-18,,,PHMH320193150037087500032,3150000,서울특별시 강서구 공항대로 432 (화곡동),07655,03,폐업,,,,
지에스25 공항하늘점,2021-10-29,183354.343479331,451300.189841163,2026-04-28 22:01:01,I,03,폐업,2021-10-29 17:51:30,,2019-04-23,,서울특별시 강서구 공항동 18번지 9호,PHMH320193150037087500033,3150000,"서울특별시 강서구 방화대로21나길 34, 1층 (공항동)",07619,03,폐업,25,,,
(주)코리아세븐 강서하이웨이주유소점,2024-08-09,187100.706426005,450276.503851989,2026-04-28 22:01:06,I,03,폐업,2024-08-09 10:55:08,,2019-05-22,,서울특별시 강서구 화곡동 1125번지,PHMH320193150037087500039,3150000,"서울특별시 강서구 공항대로 432, 1층 (화곡동)",07655,03,폐업,,,,
미니스톱 화곡명월점,2021-09-13,186173.681508541,447571.649333861,2026-04-28 22:01:01,I,03,폐업,2021-09-13 14:20:42,,2019-05-27,,서울특별시 강서구 화곡동 918번지 21호 기룡빌딩,PHMH320193150037087500040,3150000,"서울특별시 강서구 곰달래로 104, 기룡빌딩 1층 (화곡동)",07777,03,폐업,74,,,
롯데씨브이에스711 발산역점,2023-06-26,185693.810190204,450792.279496426,2026-04-28 22:01:05,I,03,폐업,2023-06-27 14:16:07,,2019-06-03,,서울특별시 강서구 등촌동 674번지 1호,PHMH320193150037087500041,3150000,"서울특별시 강서구 강서로 378, 1층 103호 (등촌동)",07591,03,폐업,,,,
지에스25 강서메트로칸점,2021-03-11,187003.871944679,450427.827934594,2026-04-28 22:01:01,I,03,폐업,2021-03-15 10:20:42,,2019-07-03,,서울특별시 강서구 등촌동 656번지 52호 강서메트로칸,PHMH320193150037087500044,3150000,"서울특별시 강서구 공항대로45가길 11, 강서메트로칸 101호 (등촌동)",07572,03,폐업,41,,,070-8880-0089
세븐일레븐 화곡메인점,2025-08-14,187122.775628061,448210.827831511,2026-04-28 22:01:01,I,03,폐업,2025-08-14 13:18:47,,2019-07-04,,서울특별시 강서구 화곡동 465번지 8호,PHMH320193150037087500045,3150000,"서울특별시 강서구 곰달래로49길 112, 1층 (화곡동)",07737,03,폐업,,,,
지에스25 방화제일점,2023-01-26,183448.595711445,451594.304080297,2026-04-28 22:01:05,I,03,폐업,2023-01-27 16:34:18,,2019-07-05,,서울특별시 강서구 방화동 607번지 153호,PHMH320193150037087500046,3150000,"서울특별시 강서구 방화동로12길 14, 1층 (방화동)",07616,03,폐업,,,,
지에스25 발산신성점,2021-12-10,184566.593011765,450029.718501657,2026-04-28 22:01:01,I,03,폐업,2021-12-10 17:30:24,,2019-07-10,,서울특별시 강서구 내발산동 750번지 6호 발산신성프라자,PHMH320193150037087500049,3150000,"서울특별시 강서구 수명로 72, 발산신성프라자 105호 (내발산동)",07635,03,폐업,,,,
세븐일레븐(강서공항점),2023-06-22,183226.061445645,450710.383151305,2026-04-28 22:01:01,I,03,폐업,2023-06-22 11:28:08,,2019-08-22,,서울특별시 강서구 공항동 55번지 100호,PHMH320193150037087500059,3150000,서울특별시 강서구 송정로4길 1-1 (공항동),07623,03,폐업,,,,
세븐일레븐 화곡보노점,2022-07-28,187702.919970344,447967.415358774,2026-04-28 22:01:01,I,03,폐업,2022-07-28 17:24:56,,2019-08-26,,서울특별시 강서구 화곡동 806번지 5호 보노하우스,PHMH320193150037087500060,3150000,"서울특별시 강서구 곰달래로57길 37, 101호 (화곡동, 보노하우스)",07740,03,폐업,,,,
지에스25 마곡에코점,2024-01-15,184835.390794256,450858.680912443,2026-04-28 22:01:01,I,03,폐업,2024-01-16 10:52:29,,2019-08-26,,서울특별시 강서구 마곡동 773번지 3호 힐스테이트에코동익,PHMH320193150037087500061,3150000,"서울특별시 강서구 공항대로 195, 힐스테이트에코동익 136호 (마곡동)",07801,03,폐업,,,,
(주)코리아세븐 등촌3호점,2014-08-07,186173.47797747,450677.793228883,2026-04-28 22:01:06,I,03,폐업,2014-08-07 17:15:12,,2012-11-16,157-930,서울특별시 강서구 등촌동 668번지 9호,PHMH320123150037087500142,3150000,서울특별시 강서구 공항대로 329 (등촌동),,03,폐업,,,,36610347
(주)코리아세븐 등촌2호점,2022-10-18,185810.082788379,451085.609149833,2026-04-28 22:01:06,I,03,폐업,2022-10-18 16:09:14,,2012-11-16,157-930,서울특별시 강서구 등촌동 679번지 6호,PHMH320123150037087500143,3150000,서울특별시 강서구 강서로56가길 53 (등촌동),07583,03,폐업,,,,36642223
(주)바이더웨이 가양프라자,2018-11-20,187582.851731743,451006.669081811,2026-04-28 22:01:04,I,03,폐업,2018-11-21 09:06:25,,2012-11-16,157-810,서울특별시 강서구 가양동 1488번지,PHMH320123150037087500144,3150000,서울특별시 강서구 허준로 198 (가양동),07532,03,폐업,,,,26586325
(주)바이더웨이 등촌AWISH점,2018-11-20,186763.420085994,451176.923654341,2026-04-28 22:01:06,I,03,폐업,2018-11-21 09:06:15,,2012-11-16,157-030,서울특별시 강서구 등촌동 63번지 12호,PHMH320123150037087500145,3150000,서울특별시 강서구 양천로 452 (등촌동),07574,03,폐업,,,,20633402
(주)바이더웨이 발산제일점,2013-04-12,185846.310043241,450267.932087892,2026-04-28 22:01:05,I,03,폐업,2013-11-12 15:04:03,,2012-11-16,157-280,서울특별시 강서구 내발산동 663번지 10호,PHMH320123150037087500146,3150000,서울특별시 강서구 우장산로 31 (내발산동),,03,폐업,,,,36627135
(주)코리아세븐 개화산역점,2023-07-07,182941.05762285,452258.458332197,2026-04-28 22:01:05,I,03,폐업,2023-07-07 16:32:11,,2012-11-16,157-850,서울특별시 강서구 방화동 534번지 9호,PHMH320123150037087500147,3150000,서울특별시 강서구 양천로 34 (방화동),07602,03,폐업,,,,26636457
세븐일레븐 등촌두보점,2015-05-21,187357.310262055,449859.656226649,2026-04-28 22:00:55,I,03,폐업,2015-05-21 17:04:54,,2012-11-16,157-836,서울특별시 강서구 등촌동 365번지 83호,PHMH320123150037087500148,3150000,서울특별시 강서구 공항대로58나길 40-44 (등촌동),,03,폐업,,,,26521129
씨유 강서아이파크,2014-01-02,186714.723898829,450211.589835904,2026-04-28 22:00:55,I,03,폐업,2014-01-03 10:38:47,,2012-11-16,157-916,서울특별시 강서구 화곡동 1098번지,PHMH320123150037087500149,3150000,서울특별시 강서구 우장산로15길 21 (화곡동),,03,폐업,,,,070-8256-1872
씨유 송정역점,2013-12-06,183335.627064206,451044.288913202,2026-04-28 22:00:55,I,03,폐업,2013-12-06 13:15:29,,2012-11-16,157-811,서울특별시 강서구 공항동 27번지 1호,PHMH320123150037087500151,3150000,서울특별시 강서구 공항대로 43 (공항동),,03,폐업,,,,070-4117-3513
씨유 화곡우리점,2014-10-22,187372.577085556,448058.852549489,2026-04-28 22:00:55,I,03,폐업,2014-10-24 17:58:48,,2012-11-16,157-899,서울특별시 강서구 화곡동 820번지 17호,PHMH320123150037087500152,3150000,서울특별시 강서구 곰달래로49가길 21 (화곡동),,03,폐업,,,,26483698
씨유 화곡대로점,2014-06-30,186216.200890849,449323.844678445,2026-04-28 22:00:55,I,03,폐업,2014-07-04 18:00:11,,2012-11-16,157-010,서울특별시 강서구 화곡동 95번지 4호,PHMH320123150037087500153,3150000,서울특별시 강서구 화곡로 233 (화곡동),,03,폐업,,,,26045757
GS25 가양2호점,2018-01-23,186429.327795498,452034.27568352,2026-04-28 22:00:55,I,03,폐업,2018-01-23 18:05:55,,2012-11-19,157-742,서울특별시 강서구 가양동 1461번지,PHMH320123150037087500154,3150000,서울특별시 강서구 허준로 47 (가양동),07524,03,폐업,,,,36652995
씨유 강서부민병원점,2014-03-31,186764.38128991,450518.080943938,2026-04-28 22:01:05,I,03,폐업,2014-03-31 15:10:17,,2012-11-22,157-930,서울특별시 강서구 등촌동 657번지 5호,PHMH320123150037087500155,3150000,서울특별시 강서구 공항대로 389 (등촌동),,03,폐업,,,,36617726
이마트24 화곡까치점,2023-08-17,186906.252405352,449949.377273469,2026-04-28 22:00:55,I,03,폐업,2023-08-17 17:51:04,,2012-11-22,157-928,서울특별시 강서구 화곡동 1121번지 20호,PHMH320123150037087500156,3150000,서울특별시 강서구 까치산로 161 (화곡동),07657,03,폐업,,,,26696152
SK네트웍스(주) 가양주유소,2015-05-04,185963.416002607,451955.916656834,2026-04-28 22:01:05,I,03,폐업,2015-05-04 14:02:06,,2012-11-22,157-801,서울특별시 강서구 가양동 151번지 1호,PHMH320123150037087500157,3150000,서울특별시 강서구 강서로 498 (가양동),,03,폐업,,,,36646051
GS25 등촌서낭점,2016-09-27,186336.124847832,450732.03485005,2026-04-28 22:00:56,I,03,폐업,2016-09-27 16:47:43,,2012-11-22,157-930,서울특별시 강서구 등촌동 663번지 7호,PHMH320123150037087500158,3150000,서울특별시 강서구 화곡로63길 125 (등촌동),07590,03,폐업,,,,36625901
씨유 화곡그랜드점,2014-11-03,185210.867551712,449521.354847941,2026-04-28 22:00:56,I,03,폐업,2014-11-04 09:10:22,,2012-11-22,157-918,서울특별시 강서구 화곡동 1008번지,PHMH320123150037087500159,3150000,서울특별시 강서구 강서로45길 49 (화곡동),,03,폐업,,,,26998750
GS25 강서화곡,2018-06-07,187039.999119771,450251.526734795,2026-04-28 22:00:56,I,03,폐업,2018-06-07 16:24:05,,2012-11-23,157-928,서울특별시 강서구 화곡동 1114번지,PHMH320123150037087500160,3150000,서울특별시 강서구 까치산로 193 (화곡동),07654,03,폐업,,,,
미니스톱 공항입구점,2019-03-29,183130.915788053,451068.275763037,2026-04-28 22:00:56,I,03,폐업,2019-04-02 09:34:44,,2012-11-23,157-812,서울특별시 강서구 공항동 45번지 39호,PHMH320123150037087500161,3150000,서울특별시 강서구 공항대로 23 (공항동),07619,03,폐업,,,,26620613
세븐일레븐 화곡까치산로점,2017-09-18,186101.224522935,448926.939451605,2026-04-28 22:00:56,I,03,폐업,2017-09-18 15:13:22,,2012-11-23,157-871,서울특별시 강서구 화곡동 98번지 150호,PHMH320123150037087500162,3150000,서울특별시 강서구 까치산로 29 (화곡동),07727,03,폐업,,,,26023737
씨유 방화스토리점,2015-07-13,183275.721045508,452554.819801157,2026-04-28 22:00:56,I,03,폐업,2015-07-14 10:53:01,,2012-11-23,157-849,서울특별시 강서구 방화동 454번지 13호,PHMH320123150037087500163,3150000,서울특별시 강서구 금낭화로17길 3 (방화동),,03,폐업,,,,26625828
세븐일레븐 화곡스타점,2014-04-28,185676.367223715,449124.159974961,2026-04-28 22:00:56,I,03,폐업,2014-04-28 16:49:43,,2012-11-23,157-010,서울특별시 강서구 화곡동 1031번지 3호,PHMH320123150037087500164,3150000,서울특별시 강서구 화곡로31길 85 (화곡동),,03,폐업,,,,26975999
GS25 화곡제일점,2013-11-28,186730.867120442,450042.22378832,2026-04-28 22:00:56,I,03,폐업,2013-11-28 15:34:43,,2012-11-26,157-928,서울특별시 강서구 화곡동 1117번지 16호,PHMH320123150037087500165,3150000,서울특별시 강서구 화곡로 322 (화곡동),,03,폐업,,,,26979438
세븐일레븐 강서다솔점,2018-06-15,186183.361539117,449269.113506685,2026-04-28 22:00:56,I,03,폐업,2018-06-25 14:47:05,,2012-11-28,157-010,서울특별시 강서구 화곡동 111번지 67호,PHMH320123150037087500166,3150000,서울특별시 강서구 화곡로 227 (화곡동),07695,03,폐업,,,,26060034
GS25 강서공항,2013-05-28,183211.711253144,450672.553951794,2026-04-28 22:00:56,I,03,폐업,2013-11-13 14:19:23,,2012-11-28,157-812,서울특별시 강서구 공항동 60번지 31호,PHMH320123150037087500167,3150000,서울특별시 강서구 송정로 37 (공항동),,03,폐업,,,,26665422
GS25 화곡드림점,2013-11-28,186630.072444759,450017.491548589,2026-04-28 22:00:56,I,03,폐업,2013-11-28 15:34:55,,2012-11-28,157-916,서울특별시 강서구 화곡동 1105번지 7호,PHMH320123150037087500168,3150000,서울특별시 강서구 우장산로16길 19 (화곡동),,03,폐업,,,,26064890
SK네트웍스(주) 해바라기주유소,2015-05-04,186409.693134107,449666.639271593,2026-04-28 22:01:05,I,03,폐업,2015-05-04 14:02:35,,2012-11-29,157-010,서울특별시 강서구 화곡동 20번지 1호,PHMH320123150037087500169,3150000,서울특별시 강서구 화곡로 273 (화곡동),,03,폐업,,,,26040788
씨유 88체육관점,2013-04-25,186463.83481885,450518.14211989,2026-04-28 22:00:56,I,03,폐업,2013-11-13 14:30:02,,2012-11-29,157-738,서울특별시 강서구 화곡동 1093번지 76호,PHMH320123150037087500170,3150000,서울특별시 강서구 공항대로 376 (화곡동),,03,폐업,,,,26975544
포시즌마트,2014-06-18,185492.984848734,448802.221764855,2026-04-28 22:00:56,I,03,폐업,2014-06-18 17:56:10,,2012-11-29,157-922,서울특별시 강서구 화곡동 1047번지 43호,PHMH320123150037087500171,3150000,서울특별시 강서구 강서로33길 58 (화곡동),,03,폐업,,,,26021321
편의점사랑 우장산점,2015-05-22,185775.314090186,450250.180826263,2026-04-28 22:00:56,I,03,폐업,2015-05-26 08:59:11,,2012-11-29,157-280,서울특별시 강서구 내발산동 671번지,PHMH320123150037087500172,3150000,서울특별시 강서구 우장산로 24 (내발산동),,03,폐업,,,,36644545
세븐일레븐 등촌현대점,2024-06-05,188035.952842648,449946.435252841,2026-04-28 22:00:56,I,03,폐업,2024-06-05 17:14:03,,2012-11-30,157-840,서울특별시 강서구 등촌동 647번지 83호,PHMH320123150037087500173,3150000,서울특별시 강서구 공항대로61길 13 (등촌동),07563,03,폐업,,,,070-7634-9169
씨유 강서푸르지오점,2013-11-29,185034.346957949,449164.972451344,2026-04-28 22:00:56,I,03,폐업,2013-12-04 16:57:03,,2012-12-03,157-773,서울특별시 강서구 화곡동 1091번지,PHMH320123150037087500174,3150000,서울특별시 강서구 화곡로13길 107 (화곡동),,03,폐업,,,,26909583
훼미리마트 화곡사거리점,2025-06-05,186368.937163032,447619.160153588,2026-04-28 22:00:56,I,03,폐업,2025-06-05 16:44:21,,2012-12-03,157-881,서울특별시 강서구 화곡동 343번지 66호,PHMH320123150037087500175,3150000,서울특별시 강서구 곰달래로 123 (화곡동),07774,03,폐업,,,,26040994
세븐일레븐 향교역점,2017-08-17,185874.316408774,452003.861309469,2026-04-28 22:00:56,I,03,폐업,2017-08-18 09:01:38,,2012-12-06,157-801,서울특별시 강서구 가양동 187번지 7호,PHMH320123150037087500176,3150000,서울특별시 강서구 양천로49길 34 (가양동),07523,03,폐업,,,,070-4085-2638
씨유 염창태진점,2022-07-25,188731.032830709,449747.02175387,2026-04-28 22:00:56,I,03,폐업,2022-07-25 16:19:40,,2012-12-06,157-862,서울특별시 강서구 염창동 264번지 13호,PHMH320123150037087500177,3150000,서울특별시 강서구 양천로 698 (염창동),07555,03,폐업,,,,36654458
GS25 개화산역,2015-03-31,182846.62641593,452298.504759009,2026-04-28 22:00:56,I,03,폐업,2015-04-01 17:17:23,,2012-12-10,157-849,서울특별시 강서구 방화동 495번지 18호,PHMH320123150037087500178,3150000,서울특별시 강서구 양천로 25 (방화동),,03,폐업,,,,26627865
씨유 강서스카이점,2020-05-28,186290.981002869,447415.863501253,2026-04-28 22:00:56,I,03,폐업,2020-05-29 08:59:21,,2012-12-13,157-910,서울특별시 강서구 화곡동 914번지 1호,PHMH320123150037087500179,3150000,서울특별시 강서구 강서로5나길 50 (화곡동),07777,03,폐업,,,,26089595
GS25 화곡곰달래점,2013-06-28,186908.136345532,447630.844251475,2026-04-28 22:00:56,I,03,폐업,2013-11-13 15:12:53,,2012-12-13,157-904,서울특별시 강서구 화곡동 873번지 1호,PHMH320123150037087500180,3150000,서울특별시 강서구 곰달래로 178 (화곡동),,03,폐업,,,,26922645
세븐일레븐 등촌능안점,2016-02-05,187574.429602711,449395.646525339,2026-04-28 22:00:56,I,03,폐업,2016-02-05 15:38:42,,2012-12-13,157-836,서울특별시 강서구 등촌동 522번지 20호,PHMH320123150037087500181,3150000,서울특별시 강서구 등촌로39길 52 (등촌동),07669,03,폐업,,,,20628567
씨유 염창대로점,2013-12-03,188068.860819531,450350.323929261,2026-04-28 22:00:56,I,03,폐업,2013-12-04 15:25:18,,2012-12-14,157-861,서울특별시 강서구 염창동 241번지 31호,PHMH320123150037087500182,3150000,서울특별시 강서구 양천로 607 (염창동),,03,폐업,,,,36627631
씨유 방화초교점,2014-04-04,182957.325956453,451714.649782862,2026-04-28 22:00:56,I,03,폐업,2014-04-04 15:41:40,,2012-12-14,157-851,서울특별시 강서구 방화동 585번지 6호,PHMH320123150037087500183,3150000,서울특별시 강서구 초원로 22 (방화동),,03,폐업,,,,26637289
씨유 화곡초록마을점,2024-07-12,186382.154695597,448199.170695074,2026-04-28 22:00:56,I,03,폐업,2024-07-12 13:56:53,,2012-12-17,157-879,서울특별시 강서구 화곡동 333번지 2호,PHMH320123150037087500185,3150000,서울특별시 강서구 강서로18다길 41 (화곡동),07751,03,폐업,,,,
GS25 화곡송화점,2014-05-12,185407.263377808,449473.127942,2026-04-28 22:00:56,I,03,폐업,2014-05-12 20:04:29,,2012-12-17,157-918,서울특별시 강서구 화곡동 1006번지 7호,PHMH320123150037087500186,3150000,서울특별시 강서구 강서로45가길 11 (화곡동),,03,폐업,,,,26992550
인더라인 곰달래점,2018-06-25,187715.476404557,447757.310480069,2026-04-28 22:00:56,I,03,폐업,2018-06-25 14:47:20,,2012-12-20,157-897,서울특별시 강서구 화곡동 796번지 1호,PHMH320123150037087500187,3150000,서울특별시 강서구 곰달래로 260 (화곡동),07785,03,폐업,,,,20612161
탑포인트,2013-10-23,183091.368220272,452305.906181726,2026-04-28 22:00:56,I,03,폐업,2013-11-14 14:06:51,,2012-12-24,157-850,서울특별시 강서구 방화동 557번지 25호,PHMH320123150037087500189,3150000,서울특별시 강서구 양천로 50 (방화동),,03,폐업,,,,26634019
세븐일레븐 방화하늘점,2016-01-12,183271.967582316,452073.931844843,2026-04-28 22:00:56,I,03,폐업,2016-01-12 17:50:37,,2012-12-31,157-850,서울특별시 강서구 방화동 564번지 75호,PHMH320123150037087500190,3150000,서울특별시 강서구 금낭화로 61 (방화동),07608,03,폐업,,,,26642087
씨유 발산메디컬점,2016-09-20,184636.53344075,450143.872075084,2026-04-28 22:00:56,I,03,폐업,2016-09-20 16:32:24,,2012-12-31,157-937,서울특별시 강서구 내발산동 750번지 11호,PHMH320123150037087500191,3150000,서울특별시 강서구 강서로47길 165 (내발산동),07635,03,폐업,,,,26675585
GS25 강서IT밸리점,2022-06-28,187415.243430985,450594.61195944,2026-04-28 22:00:56,I,03,폐업,2022-06-28 17:09:24,,2012-11-05,157-840,서울특별시 강서구 등촌동 638번지 3호,PHMH320133150037087500001,3150000,서울특별시 강서구 화곡로68길 82 (등촌동),07566,03,폐업,,,,
미니스톱 화곡사거리지점,2013-02-28,186424.391650186,447580.544751681,2026-04-28 22:00:56,I,03,폐업,2013-10-30 15:17:23,,2012-11-05,157-909,서울특별시 강서구 화곡동 898번지 1호,PHMH320133150037087500002,3150000,서울특별시 강서구 강서로 27 (화곡동),,03,폐업,,,,26072193
씨유 화곡메트로점,2018-05-16,185778.353245132,448754.885208752,2026-04-28 22:00:56,I,03,폐업,2018-05-16 17:59:43,,2012-11-07,157-925,서울특별시 강서구 화곡동 1074번지 30호,PHMH320133150037087500003,3150000,서울특별시 강서구 화곡로26가길 2 (화곡동),07715,03,폐업,,,,26970312
GS25 가양2점,2024-07-16,186429.327795498,452034.27568352,2026-04-28 22:00:59,I,03,폐업,2024-07-17 09:05:23,,2018-01-23,,서울특별시 강서구 가양동 1461번지 가양2단지아파트,PHMH320183150037087500010,3150000,"서울특별시 강서구 허준로 47, 106호 (가양동, 가양2단지아파트)",07524,03,폐업,40,,,
SK에너지(주) SK가양,2019-10-04,185963.416002607,451955.916656834,2026-04-28 22:01:05,I,03,폐업,2019-10-24 14:07:20,,2018-01-24,,서울특별시 강서구 가양동 151번지 1호 크리어주유소,PHMH320183150037087500011,3150000,"서울특별시 강서구 강서로 498, 크리어주유소 1층 (가양동)",07529,03,폐업,,,,
씨유 강서지식산업센터점,2020-07-30,186501.233192961,451485.251875922,2026-04-28 22:00:59,I,03,폐업,2020-07-30 17:27:50,,2018-02-02,,서울특별시 강서구 가양동 1498번지 강서한강자이타워,PHMH320183150037087500015,3150000,"서울특별시 강서구 양천로 401, 강서한강자이타워 1층 104호 (가양동)",07528,03,폐업,93,,,
씨유 화곡미라클점,2018-08-10,186446.957858838,449074.434672889,2026-04-28 22:00:59,I,03,폐업,2018-08-13 09:46:32,,2018-03-19,,서울특별시 강서구 화곡동 24번지 275호 예담채,PHMH320183150037087500019,3150000,"서울특별시 강서구 초록마을로5길 25, 1층 (화곡동, 예담채)",07677,03,폐업,,,,
씨유 가양오피스점,2023-04-27,186010.726577028,451656.527784701,2026-04-28 22:00:59,I,03,폐업,2023-04-27 17:40:22,,2018-03-26,,서울특별시 강서구 등촌동 808,PHMH320183150037087500020,3150000,"서울특별시 강서구 강서로74길 28, C&K하우스 1층 (가양동)",07573,03,폐업,56,,,
GS25 염창사랑점,2019-06-12,188815.230601997,450196.83680578,2026-04-28 22:00:59,I,03,폐업,2019-06-12 16:51:10,,2018-04-19,,서울특별시 강서구 염창동 293번지 한강동아아파트,PHMH320183150037087500024,3150000,"서울특별시 강서구 양천로73길 80, 상가동 103호 (염창동, 한강동아아파트)",07537,03,폐업,,,,
CU 화곡메트로점,2022-08-25,185778.353245132,448754.885208752,2026-04-28 22:00:59,I,03,폐업,2022-08-25 15:45:37,,2018-05-16,,,PHMH320183150037087500028,3150000,서울특별시 강서구 화곡로26가길 2 (화곡동),07715,03,폐업,51,,,
미니스톱 강서공항점,2019-03-06,183357.64670533,450719.562058605,2026-04-28 22:00:59,I,03,폐업,2019-03-07 09:12:24,,2018-05-21,,서울특별시 강서구 공항동 55번지 156호 알지빌딩,PHMH320183150037087500029,3150000,"서울특별시 강서구 공항대로8길 55, 알지빌딩 1층 (공항동)",07624,03,폐업,50,,,
GS25 등촌NC점,2019-08-26,185795.877603408,451030.870886978,2026-04-28 22:00:59,I,03,폐업,2021-11-24 16:05:32,,2018-06-01,,서울특별시 강서구 등촌동 678번지 2호 민경빌딩,PHMH320183150037087500031,3150000,"서울특별시 강서구 강서로56가길 41, 민경빌딩 (등촌동)",07583,03,폐업,,,,
365플러스 화곡중앙점,2020-08-07,185346.33001326,448943.300195527,2026-04-28 22:00:59,I,03,폐업,2020-08-07 16:27:07,,2018-06-07,,서울특별시 강서구 화곡동 1037번지 32호,PHMH320183150037087500033,3150000,"서울특별시 강서구 강서로35길 70, 1층 (화곡동)",07708,03,폐업,,,,
세븐일레븐 강서화곡대로점,2022-09-26,185825.094072884,448557.660496872,2026-04-28 22:00:59,I,03,폐업,2022-09-26 16:45:22,,2018-06-18,,서울특별시 강서구 화곡동 400번지 13호,PHMH320183150037087500037,3150000,"서울특별시 강서구 강서로29길 27, 102호 (화곡동)",07720,03,폐업,,,,
미니스톱 마곡미르웰점,2019-03-18,,,2026-04-28 22:01:01,I,03,폐업,2019-03-18 15:28:58,,2018-06-25,,서울특별시 강서구 마곡동 784번지 2호 마곡경동미르웰,PHMH320183150037087500038,3150000,"서울특별시 강서구 강서로 455, 마곡경동미르웰 102동 1층 102호 (마곡동)",07792,03,폐업,57,,,
세븐일레븐 마곡15단지점,2023-02-23,184743.389113412,450511.287374798,2026-04-28 22:01:01,I,03,폐업,2023-02-23 16:05:13,,2018-06-26,,서울특별시 강서구 마곡동 751번지 마곡엠밸리15단지,PHMH320183150037087500039,3150000,"서울특별시 강서구 마곡중앙로 36, 상가동 108호 (마곡동, 마곡엠밸리15단지)",07811,03,폐업,81,,,
세븐일레븐 마곡르보아점,2020-05-22,183831.936163085,451671.901163216,2026-04-28 22:01:01,I,03,폐업,2020-05-22 16:44:19,,2018-07-19,,서울특별시 강서구 마곡동 739번지 2호 우성르보아투,PHMH320183150037087500041,3150000,"서울특별시 강서구 마곡중앙5로 87, 우성르보아투 121호 (마곡동)",07599,03,폐업,,,,
GS25 강서메트로칸점,2019-07-01,187003.871944679,450427.827934594,2026-04-28 22:01:01,I,03,폐업,2019-07-03 10:00:04,,2018-07-24,,서울특별시 강서구 등촌동 656번지 52호 강서메트로칸,PHMH320183150037087500042,3150000,"서울특별시 강서구 공항대로45가길 11, 강서메트로칸 1층 101호 (등촌동)",07572,03,폐업,41,,,
씨유 화곡대로점,2024-09-24,186216.200890849,449323.844678445,2026-04-28 22:01:01,I,03,폐업,2024-09-24 16:53:54,,2018-07-31,,서울특별시 강서구 화곡동 95번지 4호,PHMH320183150037087500043,3150000,"서울특별시 강서구 화곡로 233, 1층 (화곡동)",07695,03,폐업,,,,
(주)미니스톱 신방화점,2018-10-31,183400.714787118,451689.782780181,2026-04-28 22:01:04,I,03,폐업,2018-10-31 17:33:48,,2018-08-01,,서울특별시 강서구 방화동 249번지 28호,PHMH320183150037087500045,3150000,서울특별시 강서구 방화동로 80 (방화동),07616,03,폐업,,,,
씨유 화곡정원점,2019-07-10,186853.073777308,450149.128774823,2026-04-28 22:01:01,I,03,폐업,2019-07-11 18:02:10,,2018-08-07,,서울특별시 강서구 화곡동 1115번지 8호 정원빌딩,PHMH320183150037087500047,3150000,"서울특별시 강서구 공항대로46길 57, 정원빌딩 1층 (화곡동)",07654,03,폐업,,,,26974912
씨유 화곡미라클점,2025-06-05,186446.957858838,449074.434672889,2026-04-28 22:01:01,I,03,폐업,2025-06-05 16:22:09,,2018-08-13,,서울특별시 강서구 화곡동 24번지 275호 예담채,PHMH320183150037087500048,3150000,"서울특별시 강서구 초록마을로5길 25, 1층 (화곡동, 예담채)",07677,03,폐업,,,,
씨유 마곡미라클점,2019-08-02,184015.638729549,452005.903176947,2026-04-28 22:01:01,I,03,폐업,2019-08-05 09:20:46,,2018-08-13,,서울특별시 강서구 마곡동 1511 마곡미라클,PHMH320183150037087500049,3150000,"서울특별시 강서구 방화대로34길 60, 102동 1층 101호 (방화동, 마곡미라클)",07598,03,폐업,,,,
지에스25 강서트레벨점,2023-11-30,186758.989604479,451280.786918195,2026-04-28 22:01:01,I,03,폐업,2023-11-30 17:26:50,,2018-09-06,,서울특별시 강서구 가양동 1479번지 8호 동양트레벨스카이오피스텔,PHMH320183150037087500052,3150000,"서울특별시 강서구 양천로57길 9-19, 동양트레벨스카이오피스텔 101호 (가양동)",07527,03,폐업,,,,
세븐일레븐 화곡까치점,2023-10-24,186007.805682034,448759.31882802,2026-04-28 22:01:01,I,03,폐업,2023-10-25 13:14:20,,2018-09-07,,서울특별시 강서구 화곡동 105번지 82호 디아망2,PHMH320183150037087500053,3150000,"서울특별시 강서구 까치산로2길 3, 1층 101호 (화곡동, 디아망2)",07726,03,폐업,,,,
지에스25 강서자이타워점,2020-09-07,186501.233192961,451485.251875922,2026-04-28 22:01:01,I,03,폐업,2020-09-07 13:46:23,,2018-09-12,,서울특별시 강서구 가양동 1498번지 강서한강자이타워,PHMH320183150037087500054,3150000,"서울특별시 강서구 양천로 401, 강서한강자이타워 1층 A103호 (가양동)",07528,03,폐업,,,,
씨유 강서가족점,2017-06-15,186690.300933593,449621.459432471,2026-04-28 22:00:56,I,03,폐업,2017-06-15 16:53:28,,2013-11-12,157-915,서울특별시 강서구 화곡동 977번지 7호,PHMH320133150037087500004,3150000,서울특별시 강서구 화곡로50길 45 (화곡동),07663,03,폐업,,,,26042258
GS25 화곡풍년점,2022-12-12,185752.92937454,447570.2391768,2026-04-28 22:00:56,I,03,폐업,2022-12-13 12:01:01,,2013-01-02,157-883,서울특별시 강서구 화곡동 357번지 19호,PHMH320133150037087500006,3150000,서울특별시 강서구 곰달래로 61 (화곡동),07772,03,폐업,,,,26047142
GS25 강서메디칼,2014-11-03,187622.448701892,450621.120623654,2026-04-28 22:00:56,I,03,폐업,2014-11-04 17:38:09,,2013-01-03,157-839,서울특별시 강서구 등촌동 630번지 12호,PHMH320133150037087500007,3150000,서울특별시 강서구 양천로 556 (등촌동),,03,폐업,,,,36650087
GS25 강서방화점,2016-12-15,183147.775733197,452259.11212305,2026-04-28 22:00:56,I,03,폐업,2016-12-21 11:13:35,,2013-01-03,157-850,서울특별시 강서구 방화동 559번지 5호,PHMH320133150037087500008,3150000,서울특별시 강서구 양천로14길 16 (방화동),07602,03,폐업,,,,26618986
수명산할인마트,2017-07-28,184263.046270841,449557.87737204,2026-04-28 22:00:56,I,03,폐업,2017-07-28 13:45:24,,2013-01-07,157-936,서울특별시 강서구 내발산동 756번지,PHMH320133150037087500009,3150000,서울특별시 강서구 수명로2가길 22 (내발산동),07642,03,폐업,,,,26677007
세븐일레븐 화곡6호점,2013-03-07,185808.998917289,447324.010715124,2026-04-28 22:00:56,I,03,폐업,2013-11-14 14:34:29,,2013-01-07,157-910,서울특별시 강서구 화곡동 934번지 27호,PHMH320133150037087500010,3150000,서울특별시 강서구 강서로5나길 141 (화곡동),,03,폐업,,,,26049856
씨유 강서도래미점,2017-06-01,183908.453461714,452235.907439485,2026-04-28 22:00:56,I,03,폐업,2017-06-01 16:55:45,,2013-01-08,157-220,서울특별시 강서구 마곡동 1252,PHMH320133150037087500011,3150000,서울특별시 강서구 양천로26길 38 (방화동),07592,03,폐업,,,,26666928
씨유 화곡우리마을점,2020-10-12,185908.332389765,447416.67057194,2026-04-28 22:00:56,I,03,폐업,2020-10-14 11:02:58,,2013-01-10,157-910,서울특별시 강서구 화곡동 928번지 1호,PHMH320133150037087500013,3150000,서울특별시 강서구 곰달래로18길 30 (화곡동),07775,03,폐업,,,,26074064
또오기하이퍼마켓,2016-11-28,183591.88533413,451589.008478443,2026-04-28 22:00:56,I,03,폐업,2016-11-28 17:50:36,,2013-01-10,157-852,서울특별시 강서구 방화동 608번지 140호,PHMH320133150037087500014,3150000,서울특별시 강서구 초원로16길 24 (방화동),07616,03,폐업,,,,26619245
씨유 염창동아점,2024-05-17,189098.806779959,449777.659575153,2026-04-28 22:00:56,I,03,폐업,2024-05-20 09:03:53,,2013-01-17,157-862,서울특별시 강서구 염창동 258번지 1호,PHMH320133150037087500015,3150000,서울특별시 강서구 양천로 731 (염창동),07539,03,폐업,,,,26594956
씨유 등촌호서점,2017-12-05,185829.917131012,451162.713624709,2026-04-28 22:00:56,I,03,폐업,2017-12-05 15:01:44,,2013-01-22,157-930,서울특별시 강서구 등촌동 679번지,PHMH320133150037087500016,3150000,서울특별시 강서구 강서로56가길 69 (등촌동),07583,03,폐업,,,,26583263
GS25 강서노블,2015-01-29,187170.110575392,450924.415484057,2026-04-28 22:00:56,I,03,폐업,2015-01-29 17:10:17,,2013-01-24,157-727,서울특별시 강서구 등촌동 628번지,PHMH320133150037087500017,3150000,서울특별시 강서구 양천로 500 (등촌동),,03,폐업,,,,36628689
세븐일레븐 강서내발산길점,2020-03-04,185270.137370905,449698.457164339,2026-04-28 22:00:56,I,03,폐업,2020-03-06 17:12:04,,2013-01-25,157-835,서울특별시 강서구 내발산동 716번지 24호,PHMH320133150037087500018,3150000,서울특별시 강서구 강서로45라길 35 (내발산동),07638,03,폐업,,,,26647003
세븐일레븐 화곡화원점,2016-02-25,186048.74286667,448017.438415969,2026-04-28 22:00:56,I,03,폐업,2016-02-26 13:52:30,,2013-01-28,157-882,서울특별시 강서구 화곡동 353번지 1호,PHMH320133150037087500020,3150000,서울특별시 강서구 가로공원로76가길 76 (화곡동),07769,03,폐업,,,,26628567
씨유 강서경찰서점,2018-02-09,186711.532684028,449978.563446826,2026-04-28 22:00:56,I,03,폐업,2018-02-09 17:19:16,,2013-01-28,157-928,서울특별시 강서구 화곡동 1117번지 12호,PHMH320133150037087500021,3150000,서울특별시 강서구 공항대로46길 100 (화곡동),07658,03,폐업,,,,26930881
내쇼날슈퍼,2016-06-03,183227.963853126,450986.476023762,2026-04-28 22:00:56,I,03,폐업,2016-06-03 17:35:47,,2013-01-30,157-812,서울특별시 강서구 공항동 42번지 22호,PHMH320133150037087500022,3150000,서울특별시 강서구 공항대로 34 (공항동),07623,03,폐업,,,,26663865
세븐일레븐 공항시장역점,2014-03-31,183342.868967294,451489.715047735,2026-04-28 22:00:56,I,03,폐업,2014-03-31 20:32:26,,2013-02-18,157-852,서울특별시 강서구 방화동 609번지 29호,PHMH320133150037087500023,3150000,서울특별시 강서구 방화동로 58-1 (방화동),,03,폐업,,,,26638315
이마트24 화곡가로공원점,2023-02-28,185785.532770751,448413.294401083,2026-04-28 22:00:56,I,03,폐업,2023-02-28 17:41:53,,2013-02-21,157-887,서울특별시 강서구 화곡동 400번지 85호,PHMH320133150037087500024,3150000,서울특별시 강서구 가로공원로 217 (화곡동),07720,03,폐업,,,,
GS25 화곡경인점,2015-12-17,186677.28394004,447363.087988425,2026-04-28 22:00:56,I,03,폐업,2015-12-18 16:36:29,,2013-02-25,157-908,서울특별시 강서구 화곡동 888번지 5호,PHMH320133150037087500025,3150000,서울특별시 강서구 국회대로 139 (화곡동),07787,03,폐업,,,,
GS25 등촌 NC,2018-05-31,185795.877603408,451030.870886978,2026-04-28 22:00:56,I,03,폐업,2018-06-01 10:21:30,,2013-02-26,157-930,서울특별시 강서구 등촌동 678번지 2호,PHMH320133150037087500026,3150000,서울특별시 강서구 강서로56가길 41 (등촌동),07583,03,폐업,,,,
GS25 화곡미소,2019-07-01,186401.199374558,449319.276443429,2026-04-28 22:00:56,I,03,폐업,2019-07-02 09:50:50,,2013-03-05,157-866,서울특별시 강서구 화곡동 24번지 108호,PHMH320133150037087500029,3150000,서울특별시 강서구 화곡로42길 28 (화곡동),07679,03,폐업,,,,
세븐일레븐 방화샤르망점,2013-09-12,183466.507671245,452885.190156723,2026-04-28 22:00:56,I,03,폐업,2013-11-15 13:40:52,,2013-03-05,157-857,서울특별시 강서구 방화동 830번지 5호,PHMH320133150037087500030,3150000,서울특별시 강서구 방화대로47가길 41 (방화동),,03,폐업,,,,20647715
미니스톱 화곡사거리점,2015-03-11,186424.391650186,447580.544751681,2026-04-28 22:00:56,I,03,폐업,2015-03-11 17:41:45,,2013-03-06,157-909,서울특별시 강서구 화곡동 898번지 1호,PHMH320133150037087500031,3150000,서울특별시 강서구 강서로 27 (화곡동),,03,폐업,,,,26072193
GS25 등촌스타,2023-02-21,187747.587175026,449268.710920447,2026-04-28 22:00:56,I,03,폐업,2023-02-21 16:17:26,,2013-03-28,157-836,서울특별시 강서구 등촌동 512번지 7호,PHMH320133150037087500033,3150000,서울특별시 강서구 등촌로39길 6 (등촌동),07668,03,폐업,,,,26448104
유래슈펴,2017-02-15,182832.870371789,451625.312594996,2026-04-28 22:00:56,I,03,폐업,2017-02-15 17:37:12,,2013-04-04,157-853,서울특별시 강서구 방화동 645번지 17호,PHMH320133150037087500037,3150000,서울특별시 강서구 초원로2길 22 (방화동),07612,03,폐업,,,,26665155
지에스25 방화행복점,2025-08-29,183631.431772818,451879.070900506,2026-04-28 22:01:03,I,03,폐업,2025-08-29 14:43:45,,2023-09-05,,서울특별시 강서구 방화동 246-48,PHMH320233150037087500044,3150000,서울특별시 강서구 양천로24길 93 (방화동),07605,03,폐업,,,,
씨유 강서등촌점,2024-10-07,187592.513303941,449719.076996089,2026-04-28 22:01:03,I,03,폐업,2024-10-08 09:37:32,,2023-10-27,,서울특별시 강서구 등촌동 676 태진아름아파트,PHMH320233150037087500052,3150000,"서울특별시 강서구 등촌로53길 39, 1층 (등촌동, 태진아름아파트)",07667,03,폐업,,,,
씨유 강서대로점,2025-05-23,185650.116885894,448322.173065371,2026-04-28 22:01:03,I,03,폐업,2025-05-26 10:13:49,,2023-11-20,,서울특별시 강서구 화곡동 371-20,PHMH320233150037087500058,3150000,"서울특별시 강서구 가로공원로 202, 1층 (화곡동)",07762,03,폐업,,,,
지에스25 곰달래로점,2024-03-04,186805.804788059,447718.495194045,2026-04-28 22:01:03,I,03,폐업,2024-03-04 10:16:41,,2023-11-20,,서울특별시 강서구 화곡동 872-24,PHMH320233150037087500059,3150000,"서울특별시 강서구 곰달래로31길 16, 1층 (화곡동)",07750,03,폐업,,,,
지에스25(GS25) 강서마곡점,2024-01-18,,,2026-04-28 22:01:03,I,03,폐업,2024-01-18 18:03:14,,2024-01-16,,서울특별시 강서구 마곡동 744 마곡 엠밸리 9단지,PHMH320243150037087500005,3150000,"서울특별시 강서구 공항대로 103, 3동 101호 (마곡동, 마곡 엠밸리 9단지)",07600,03,폐업,,,,
씨유 강서하늘점,2024-12-03,183163.062623427,450790.368386363,2026-04-28 22:01:03,I,03,폐업,2024-12-03 15:49:04,,2024-04-11,,서울특별시 강서구 공항동 60-12 남원빌딩,PHMH320243150037087500019,3150000,"서울특별시 강서구 송정로 49, 남원빌딩 1층 (공항동)",07627,03,폐업,,,,
씨유 화곡우리점,2025-06-05,187372.577085556,448058.852549489,2026-04-28 22:01:03,I,03,폐업,2025-06-05 16:09:58,,2024-05-21,,서울특별시 강서구 화곡동 820-17 상재아트빌,PHMH320243150037087500026,3150000,"서울특별시 강서구 곰달래로49가길 21, 1층 101호 (화곡동, 상재아트빌)",07739,03,폐업,,,,
씨유 강서대로점,2025-07-25,185650.116885894,448322.173065371,2026-04-28 22:01:03,I,03,폐업,2025-07-30 09:43:07,,2025-05-23,,서울특별시 강서구 화곡동 371-20,PHMH320253150037087500009,3150000,"서울특별시 강서구 가로공원로 202, 1층 (화곡동)",07762,03,폐업,140,,,
(주)코리아세븐 발산제일점,2025-12-08,185846.310043241,450267.932087892,2026-04-28 22:01:04,I,03,폐업,2025-12-08 10:59:30,,2013-04-12,157-280,서울특별시 강서구 내발산동 663번지 10호,PHMH320133150037087500038,3150000,서울특별시 강서구 우장산로 31 (내발산동),07652,03,폐업,,,,26588320
포시즌마트(방화점),2014-06-27,183582.275608247,451725.229149319,2026-04-28 22:00:56,I,03,폐업,2014-06-30 17:59:31,,2013-05-06,157-846,서울특별시 강서구 방화동 247번지 113호,PHMH320133150037087500041,3150000,서울특별시 강서구 초원로 85 (방화동),,03,폐업,,,,26612026
홈플러스365방화신안점,2014-04-30,183160.781059782,452102.784830436,2026-04-28 22:00:56,I,03,폐업,2014-04-30 17:05:14,,2013-05-08,157-850,서울특별시 강서구 방화동 868번지,PHMH320133150037087500042,3150000,서울특별시 강서구 양천로14길 37 (방화동),,03,폐업,,,,
미니스톱 공항입구점,2014-03-31,183130.915788053,451068.275763037,2026-04-28 22:00:56,I,03,폐업,2014-04-01 15:27:20,,2013-05-10,157-812,서울특별시 강서구 공항동 45번지 39호,PHMH320133150037087500043,3150000,서울특별시 강서구 공항대로 23 (공항동),,03,폐업,,,,
GS25 강서공항,2019-01-14,183211.711253144,450672.553951794,2026-04-28 22:00:56,I,03,폐업,2019-01-14 18:01:07,,2013-06-05,157-812,서울특별시 강서구 공항동 60번지 31호,PHMH320133150037087500044,3150000,서울특별시 강서구 송정로 37 (공항동),07627,03,폐업,,,,26665422
GS25 발산신성,2019-07-10,184566.593011765,450029.718501657,2026-04-28 22:00:56,I,03,폐업,2019-07-11 18:02:41,,2013-06-07,157-937,서울특별시 강서구 내발산동 750번지 6호,PHMH320133150037087500045,3150000,서울특별시 강서구 수명로 72 (내발산동),07635,03,폐업,,,,26676969
씨유 강서 지식산업센터점,2015-10-01,,,2026-04-28 22:00:56,I,03,폐업,2015-10-01 17:39:03,,2013-06-25,157-201,서울특별시 강서구 가양동 52번지 7호,PHMH320133150037087500046,3150000,,,03,폐업,,,,
GS25 강서송정점,2014-06-13,183595.654551909,450285.070346197,2026-04-28 22:00:56,I,03,폐업,2014-06-13 17:45:05,,2013-06-26,157-815,서울특별시 강서구 공항동 1340번지,PHMH320133150037087500047,3150000,서울특별시 강서구 남부순환로11길 28 (공항동),,03,폐업,,,,
위드미 발산점,2018-09-10,185795.947329396,450778.634128083,2026-04-28 22:00:56,I,03,폐업,2018-09-11 10:01:32,,2013-06-28,157-930,서울특별시 강서구 등촌동 674번지 9호,PHMH320133150037087500048,3150000,서울특별시 강서구 강서로54길 27 (등촌동),07591,03,폐업,,,,36631199
(주)비지에프리테일 발산역점,2014-01-17,185796.522248947,450735.884713387,2026-04-28 22:01:04,I,03,폐업,2014-01-17 16:31:59,,2013-07-02,157-930,서울특별시 강서구 등촌동 673번지 6호,PHMH320133150037087500049,3150000,서울특별시 강서구 공항대로 291 (등촌동),,03,폐업,,,,
(주)비지에프리테일 까치산점,2013-10-31,186298.581244342,447851.931181373,2026-04-28 22:01:04,I,03,폐업,2013-11-15 15:10:35,,2013-07-02,157-881,서울특별시 강서구 화곡동 348번지 30호,PHMH320133150037087500050,3150000,서울특별시 강서구 강서로 57 (화곡동),,03,폐업,,,,
GS25 강서자이타워점,2018-09-06,,,2026-04-28 22:00:56,I,03,폐업,2018-09-06 17:10:04,,2013-07-12,157-201,서울특별시 강서구 가양동 52번지 7호,PHMH320133150037087500051,3150000,,,03,폐업,,,,26385100
GS25 강서희망점,2021-10-01,186069.508611674,447378.057391086,2026-04-28 22:00:56,I,03,폐업,2021-10-01 13:49:59,,2013-07-22,157-910,서울특별시 강서구 화곡동 913번지 11호,PHMH320133150037087500052,3150000,서울특별시 강서구 강서로5나길 90 (화곡동),07776,03,폐업,,,,
GS25 화곡곰달래점,2015-05-13,186908.136345532,447630.844251475,2026-04-28 22:00:56,I,03,폐업,2015-05-13 17:22:43,,2013-07-22,157-904,서울특별시 강서구 화곡동 873번지 1호,PHMH320133150037087500053,3150000,서울특별시 강서구 곰달래로 178 (화곡동),,03,폐업,,,,
씨유 강서센트리움점,2016-07-11,186980.528083453,450252.598551249,2026-04-28 22:00:56,I,03,폐업,2016-07-12 15:51:49,,2013-08-09,157-928,서울특별시 강서구 화곡동 1113번지 14호,PHMH320133150037087500055,3150000,서울특별시 강서구 공항대로46길 17 (화곡동),07654,03,폐업,,,,26059652
씨유 화곡이래점,2018-03-26,186404.610407685,448960.358652394,2026-04-28 22:00:56,I,03,폐업,2018-03-27 15:36:59,,2013-08-09,157-895,서울특별시 강서구 화곡동 53번지 10호,PHMH320133150037087500056,3150000,서울특별시 강서구 초록마을로 37 (화곡동),07677,03,폐업,,,,26032890
(주)코리아세븐 화곡나눔점,2017-09-01,187310.645113353,447837.900698887,2026-04-28 22:01:05,I,03,폐업,2017-09-01 17:30:27,,2013-10-10,157-901,서울특별시 강서구 화곡동 832번지 14호,PHMH320133150037087500058,3150000,서울특별시 강서구 곰달래로47길 24 (화곡동),07748,03,폐업,,,,
씨유 화곡양서점,2024-02-28,185958.892846518,447999.004893136,2026-04-28 22:00:56,I,03,폐업,2024-02-28 17:11:46,,2013-10-17,157-884,서울특별시 강서구 화곡동 366번지 98호,PHMH320133150037087500060,3150000,서울특별시 강서구 가로공원로84길 82 (화곡동),07767,03,폐업,,,,26032387
GS25 발산점,2016-01-07,185592.920467077,450058.746333255,2026-04-28 22:00:56,I,03,폐업,2016-01-07 15:15:17,,2013-10-24,157-280,서울특별시 강서구 내발산동 676번지 11호,PHMH320133150037087500061,3150000,서울특별시 강서구 강서로48길 21 (내발산동),07681,03,폐업,,,,
GS25 화곡오솔점,2015-10-29,185641.288823336,448826.252537687,2026-04-28 22:00:56,I,03,폐업,2015-10-29 16:40:06,,2013-10-30,157-924,서울특별시 강서구 화곡동 1065번지,PHMH320133150037087500062,3150000,서울특별시 강서구 화곡로25길 8 (화곡동),07714,03,폐업,,,,
GS25 염창사랑점,2015-03-20,188815.230601997,450196.83680578,2026-04-28 22:00:56,I,03,폐업,2015-03-20 17:57:09,,2013-11-22,157-798,서울특별시 강서구 염창동 293번지,PHMH320133150037087500064,3150000,서울특별시 강서구 양천로73길 80 (염창동),,03,폐업,45,,,
미니스톱 방화사거리점,2016-12-12,183306.538535393,452402.238297341,2026-04-28 22:00:56,I,03,폐업,2016-12-12 17:45:42,,2013-11-27,157-849,서울특별시 강서구 방화동 450번지 15호,PHMH320133150037087500065,3150000,서울특별시 강서구 양천로 73 (방화동),07517,03,폐업,50,,,
씨유 등촌보람점,2015-04-09,187339.551124057,450382.181220956,2026-04-28 22:00:56,I,03,폐업,2015-04-09 17:44:09,,2013-12-04,157-842,서울특별시 강서구 등촌동 654번지 76호,PHMH320133150037087500067,3150000,서울특별시 강서구 화곡로64길 86 (등촌동),,03,폐업,66,,,02-3662-9227
(주)비지에프리테일 송정역점,2014-04-02,183335.627064206,451044.288913202,2026-04-28 22:01:06,I,03,폐업,2014-04-02 17:32:50,,2013-12-06,157-240,서울특별시 강서구 공항동 27번지 1호,PHMH320133150037087500069,3150000,서울특별시 강서구 공항대로 43 (공항동),,03,폐업,26,,,070-4117-3513
(주)비지에프리테일 화곡보리점,2015-04-17,186442.107905871,449806.276873865,2026-04-28 22:00:56,I,03,폐업,2015-04-17 17:25:14,,2013-12-12,157-015,서울특별시 강서구 화곡동 986번지 1호,PHMH320133150037087500070,3150000,서울특별시 강서구 화곡로51길 13 (화곡동),,03,폐업,66,,,
지에스25 등촌엔씨(NC)점,2021-12-02,185795.877603408,451030.870886978,2026-04-28 22:01:01,I,03,폐업,2021-12-02 16:18:52,,2019-08-26,,서울특별시 강서구 등촌동 678번지 2호 민경빌딩,PHMH320193150037087500062,3150000,"서울특별시 강서구 강서로56가길 41, 민경빌딩 1층 (등촌동)",07583,03,폐업,,,,
미니스톱 서울신주점,2021-04-26,187194.384132785,447797.380851217,2026-04-28 22:01:01,I,03,폐업,2021-04-29 10:32:58,,2019-08-27,,서울특별시 강서구 화곡동 863번지 8호,PHMH320193150037087500064,3150000,"서울특별시 강서구 곰달래로31가길 80, 1층 (화곡동)",07749,03,폐업,,,,
씨유 등촌능안점,2024-04-16,187634.238946937,449311.999248573,2026-04-28 22:01:01,I,03,폐업,2024-04-17 15:47:13,,2019-09-05,,서울특별시 강서구 등촌동 524번지 13호 그레이트마트,PHMH320193150037087500066,3150000,"서울특별시 강서구 등촌로39길 30, 1층 (등촌동, 그레이트마트)",07668,03,폐업,,,,
세븐일레븐 가양9단지점,2022-11-07,187872.565001606,450725.186846026,2026-04-28 22:01:01,I,03,폐업,2022-11-07 14:05:56,,2019-10-10,,서울특별시 강서구 가양동 1490번지 가양9단지아파트,PHMH320193150037087500069,3150000,"서울특별시 강서구 허준로 234, 107~108호 (가양동, 가양9단지아파트)",07532,03,폐업,,,,
씨유 화곡트윈캐슬점,2022-05-18,186728.272021831,448837.12245991,2026-04-28 22:01:01,I,03,폐업,2022-05-19 14:17:02,,2019-10-28,,서울특별시 강서구 화곡동 56번지 252호 우성트윈캐슬아파트,PHMH320193150037087500072,3150000,"서울특별시 강서구 초록마을로 71, A동 1층 101호 (화곡동, 우성트윈캐슬아파트)",07677,03,폐업,,,,
지에스25 화곡그랜드점,2024-04-03,185709.645868185,448237.0747797,2026-04-28 22:01:01,I,03,폐업,2024-04-03 16:24:30,,2019-11-22,,서울특별시 강서구 화곡동 371번지 7호,PHMH320193150037087500075,3150000,"서울특별시 강서구 월정로32길 71, 1층 (화곡동)",07762,03,폐업,,,,
지에스25 염창사랑점,2022-09-30,188815.230601997,450196.83680578,2026-04-28 22:01:02,I,03,폐업,2022-09-30 17:59:09,,2019-12-12,,서울특별시 강서구 염창동 293번지 한강동아아파트,PHMH320193150037087500078,3150000,"서울특별시 강서구 양천로73길 80, 상가동 103호 (염창동, 한강동아아파트)",07537,03,폐업,,,,
씨유 까치산역점,2021-01-04,186288.261900491,447872.922273067,2026-04-28 22:01:02,I,03,폐업,2022-03-21 10:11:00,,2019-12-19,,서울특별시 강서구 화곡동 348-9 영상빌딩,PHMH320193150037087500079,3150000,"서울특별시 강서구 강서로 61, 영상빌딩 1층 (화곡동)",07770,03,폐업,,,,
롯데씨브이에스711 방화사거리점,2023-05-17,183306.538535393,452402.238297341,2026-04-28 22:01:04,I,03,폐업,2023-05-17 17:42:13,,2019-12-23,,서울특별시 강서구 방화동 450번지 15호 멤브로메디컬센터,PHMH320193150037087500080,3150000,"서울특별시 강서구 양천로 73, 멤브로메디컬센터 1층 104호 (방화동)",07517,03,폐업,,,,
씨유 등촌3단지점,2022-01-14,185938.609880868,451011.69316052,2026-04-28 22:01:02,I,03,폐업,2022-01-14 15:40:41,,2019-12-24,,서울특별시 강서구 등촌동 688번지 2호 등촌3단지주공아파트,PHMH320193150037087500081,3150000,"서울특별시 강서구 강서로56나길 41, 등촌3단지주공아파트 상가 104호 (등촌동)",07584,03,폐업,,,,
케이에이치에너지(주)직영 가양주유소,2021-01-06,185963.416002607,451955.916656834,2026-04-28 22:01:04,I,03,폐업,2021-01-08 15:01:18,,2020-01-20,,서울특별시 강서구 가양동 151번지 1호 크리어주유소,PHMH320203150037087500002,3150000,"서울특별시 강서구 강서로 498, 크리어주유소 (가양동)",07529,03,폐업,,,,
미니스톱 강서드림점,2021-09-30,186780.470195989,450119.939314207,2026-04-28 22:01:02,I,03,폐업,2021-10-01 08:41:21,,2020-01-31,,서울특별시 강서구 화곡동 1116번지 3호,PHMH320203150037087500004,3150000,"서울특별시 강서구 화곡로 330, 1층 (화곡동)",07653,03,폐업,,,,
씨유 등촌심미점,2025-07-10,187898.984969714,450186.587860429,2026-04-28 22:01:02,I,03,폐업,2025-07-10 16:48:13,,2020-03-17,,서울특별시 강서구 등촌동 634번지 13호 심미에셈빌,PHMH320203150037087500011,3150000,"서울특별시 강서구 공항대로59다길 1, 1층 101호 (등촌동, 심미에셈빌)",07552,03,폐업,,,,26681625
지에스25 강서현대점,2025-07-07,183831.446086872,452198.742776357,2026-04-28 22:01:02,I,03,폐업,2025-07-07 16:32:37,,2020-04-17,,서울특별시 강서구 방화동 272번지 41호,PHMH320203150037087500012,3150000,"서울특별시 강서구 방화대로44길 32, 1층 (방화동)",07592,03,폐업,,,,
세븐일레븐 마곡행복점,2022-12-22,184971.522700042,450643.056387457,2026-04-28 22:01:05,I,03,폐업,2022-12-22 17:55:17,,2020-05-18,,서울특별시 강서구 마곡동 800번지 15호 이너매스마곡2,PHMH320203150037087500013,3150000,"서울특별시 강서구 마곡중앙2로 35, 이너매스마곡2 1층 105호 (마곡동)",07806,03,폐업,,,,
세븐일레븐 마곡르보아점,2024-03-20,183831.936163085,451671.901163216,2026-04-28 22:01:02,I,03,폐업,2024-03-20 15:51:34,,2020-05-26,,서울특별시 강서구 마곡동 739번지 2호 우성르보아투,PHMH320203150037087500014,3150000,"서울특별시 강서구 마곡중앙5로 87, 우성르보아투 1층 121호 (마곡동)",07599,03,폐업,,,,02-2665-9858
씨유 강서스카이점,2022-09-29,186264.939246013,447406.124515211,2026-04-28 22:01:03,I,03,폐업,2022-09-30 15:02:39,,2020-05-29,,서울특별시 강서구 화곡동 914번지 3호 일성스카이빌,PHMH320203150037087500015,3150000,"서울특별시 강서구 강서로5나길 50, 1층 105호 (화곡동, 일성스카이빌)",07777,03,폐업,,,,
미니스톱 공항입구점,2023-06-22,183130.915788053,451068.275763037,2026-04-28 22:01:02,I,03,폐업,2023-06-23 17:55:36,,2020-06-22,,서울특별시 강서구 공항동 45번지 39호,PHMH320203150037087500017,3150000,서울특별시 강서구 공항대로 23 (공항동),07619,03,폐업,,,,
씨유 강서도레미점,2022-05-30,183908.453461714,452235.907439485,2026-04-28 22:01:02,I,03,폐업,2022-05-30 13:52:04,,2020-06-25,,서울특별시 강서구 방화동 883번지 경남아너스빌,PHMH320203150037087500018,3150000,"서울특별시 강서구 양천로26길 38, 1층 102, 103호 (방화동, 경남아너스빌)",07592,03,폐업,,,,26666928
세븐일레븐 등촌우리점,2025-03-18,187456.348037651,449360.051956909,2026-04-28 22:01:02,I,03,폐업,2025-03-18 17:52:02,,2020-07-15,,서울특별시 강서구 등촌동 518-24,PHMH320203150037087500019,3150000,"서울특별시 강서구 등촌로39마길 24, 1층 (등촌동)",07669,03,폐업,57,,,
씨유 염창로보점,2022-02-10,188628.131435694,449570.373716859,2026-04-28 22:01:02,I,03,폐업,2022-02-11 08:57:51,,2020-08-27,,서울특별시 강서구 염창동 280-1 로보사옥,PHMH320203150037087500023,3150000,"서울특별시 강서구 공항대로71길 19, 로보사옥 1층 (염창동)",07559,03,폐업,,,,
이마트24 화곡중앙점,2022-04-28,185346.33001326,448943.300195527,2026-04-28 22:01:02,I,03,폐업,2022-04-28 16:15:02,,2020-08-31,,서울특별시 강서구 화곡동 1037-32,PHMH320203150037087500024,3150000,서울특별시 강서구 강서로35길 70 (화곡동),07708,03,폐업,50,,,
씨유 강서사랑점,2023-04-14,186672.607065716,448336.320769363,2026-04-28 22:01:06,I,03,폐업,2023-04-14 14:44:08,,2020-09-03,,서울특별시 강서구 화곡동 152-6,PHMH320203150037087500026,3150000,"서울특별시 강서구 초록마을로 129, 1층 (화곡동)",07753,03,폐업,26,,,
GS25 화곡공원,2016-12-30,186306.388564577,449335.217506391,2026-04-28 22:00:56,I,03,폐업,2016-12-30 14:04:37,,2013-12-13,157-866,서울특별시 강서구 화곡동 24번지 126호,PHMH320133150037087500071,3150000,서울특별시 강서구 화곡로42가길 9 (화곡동),07679,03,폐업,33,,,26912231
GS25 화곡제일점,2017-12-22,186730.867120442,450042.22378832,2026-04-28 22:00:56,I,03,폐업,2017-12-22 15:47:43,,2013-12-19,157-928,서울특별시 강서구 화곡동 1117번지 16호,PHMH320133150037087500072,3150000,서울특별시 강서구 화곡로 322 (화곡동),07658,03,폐업,89,,,26179438
씨유까치산점,2019-12-18,186298.581244342,447851.931181373,2026-04-28 22:00:56,I,03,폐업,2019-12-20 14:08:50,,2013-12-20,157-881,서울특별시 강서구 화곡동 348번지 30호,PHMH320133150037087500073,3150000,서울특별시 강서구 강서로 57 (화곡동),07770,03,폐업,99,,,26051919
씨유 화곡아이파크점,2021-05-12,186694.655068843,450220.872355014,2026-04-28 22:00:57,I,03,폐업,2021-05-13 14:33:19,,2014-01-03,,서울특별시 강서구 화곡동 1098-17,PHMH320143150037087500001,3150000,"서울특별시 강서구 화곡로59길 17, 1층 (화곡동)",07649,03,폐업,99,,,
씨유 발산역점,2017-12-18,185796.522248947,450735.884713387,2026-04-28 22:00:57,I,03,폐업,2017-12-18 16:57:17,,2014-01-17,157-930,서울특별시 강서구 등촌동 673번지 6호,PHMH320143150037087500002,3150000,서울특별시 강서구 공항대로 291 (등촌동),07591,03,폐업,126,,,
씨유 가양오피스점,2014-08-22,186010.726577028,451656.527784701,2026-04-28 22:01:05,I,03,폐업,2014-08-25 15:45:36,,2014-01-17,157-801,서울특별시 강서구 등촌동 808,PHMH320143150037087500003,3150000,서울특별시 강서구 강서로74길 28 (가양동),,03,폐업,56,,,
(주)비지에프리테일 화곡2호점,2014-11-12,185747.670138989,447360.27075665,2026-04-28 22:01:05,I,03,폐업,2014-11-13 16:23:22,,2014-01-23,157-015,서울특별시 강서구 화곡동 935번지 19호,PHMH320143150037087500004,3150000,서울특별시 강서구 월정로 102 (화곡동),,03,폐업,53,,,26089270
세븐일레븐 방화샤르망점,2017-06-29,183466.507671245,452885.190156723,2026-04-28 22:00:57,I,03,폐업,2017-06-30 10:29:16,,2014-01-23,157-857,서울특별시 강서구 방화동 830번지 5호,PHMH320143150037087500005,3150000,서울특별시 강서구 방화대로47가길 41 (방화동),07511,03,폐업,33,,,20647715
씨유 강서중앙점,2015-12-28,186704.535590152,450092.127369075,2026-04-28 22:00:57,I,03,폐업,2015-12-29 09:00:10,,2014-02-20,157-916,서울특별시 강서구 화곡동 1105번지,PHMH320143150037087500008,3150000,서울특별시 강서구 화곡로 323 (화곡동),07686,03,폐업,116,,,02-2668-8646
세븐일레븐 서울호서대점,2020-04-02,185791.395611383,451169.360322824,2026-04-28 22:00:57,I,03,폐업,2020-04-03 16:27:55,,2014-03-05,157-930,서울특별시 강서구 등촌동 680번지 2호,PHMH320143150037087500009,3150000,서울특별시 강서구 강서로 418 (등촌동),07583,03,폐업,120,,,20633913
씨유 가양모터리움점,2015-03-03,186416.197059506,451594.845958605,2026-04-28 22:00:57,I,03,폐업,2015-03-05 17:46:57,,2014-03-21,157-801,서울특별시 강서구 가양동 51번지 3호,PHMH320143150037087500011,3150000,서울특별시 강서구 양천로53길 30-102 (가양동),,03,폐업,85,,,63315454
세븐일레븐 화곡공원점,2023-10-13,186226.298166522,448792.743079201,2026-04-28 22:00:57,I,03,폐업,2023-10-13 17:12:43,,2014-03-24,157-871,서울특별시 강서구 화곡동 98번지 253호,PHMH320143150037087500013,3150000,서울특별시 강서구 까치산로4길 34 (화곡동),07726,03,폐업,83,,,
CU 송정역점,2019-04-26,183335.627064206,451044.288913202,2026-04-28 22:00:57,I,03,폐업,2019-04-26 15:32:07,,2014-04-30,157-811,서울특별시 강서구 공항동,PHMH320143150037087500014,3150000,서울특별시 강서구 공항대로 43 (공항동),07619,03,폐업,26,,,070-4117-3513
GS25 화곡드림,2017-12-28,186630.072444759,450017.491548589,2026-04-28 22:00:57,I,03,폐업,2017-12-28 16:46:57,,2014-05-07,157-916,서울특별시 강서구 화곡동 1105번지 7호,PHMH320143150037087500015,3150000,서울특별시 강서구 우장산로16길 19 (화곡동),07686,03,폐업,35,,,
세븐일레븐 화곡곰달래길점,2018-11-16,186173.681508541,447571.649333861,2026-04-28 22:00:57,I,03,폐업,2018-11-16 17:10:43,,2014-05-09,157-910,서울특별시 강서구 화곡동 918번지 21호,PHMH320143150037087500016,3150000,서울특별시 강서구 곰달래로 104 (화곡동),07777,03,폐업,76,,,26065033
지에스25 화곡송화,2019-02-19,185407.263377808,449473.127942,2026-04-28 22:00:57,I,03,폐업,2019-02-20 14:31:46,,2014-05-16,157-918,서울특별시 강서구 화곡동 1006번지 7호,PHMH320143150037087500017,3150000,서울특별시 강서구 강서로45가길 11 (화곡동),07705,03,폐업,66,,,26992550
씨유 발산진흥점,2016-03-18,185120.55374291,450080.859549327,2026-04-28 22:00:57,I,03,폐업,2016-03-18 16:51:10,,2014-05-23,,,PHMH320143150037087500019,3150000,서울특별시 강서구 강서로47길 67 (내발산동),07638,03,폐업,,,,
미니스톱 화곡다솔점,2016-01-29,185485.311917674,448495.163842327,2026-04-28 22:00:57,I,03,폐업,2016-02-03 11:48:27,,2014-06-02,157-015,서울특별시 강서구 화곡동 1086번지 26호,PHMH320143150037087500020,3150000,서울특별시 강서구 화곡로20길 42 (화곡동),07718,03,폐업,66,,,26935763
GS25 강서송정,2017-01-10,183595.654551909,450285.070346197,2026-04-28 22:00:57,I,03,폐업,2017-01-11 17:09:18,,2014-06-16,157-815,서울특별시 강서구 공항동 1340번지,PHMH320143150037087500021,3150000,서울특별시 강서구 남부순환로11길 28 (공항동),07628,03,폐업,99,,,
포시즌마트,2019-06-03,183582.275608247,451725.229149319,2026-04-28 22:00:57,I,03,폐업,2019-06-05 13:40:17,,2014-06-30,157-846,서울특별시 강서구 방화동 247번지 113호,PHMH320143150037087500022,3150000,서울특별시 강서구 초원로 85 (방화동),07606,03,폐업,33,,,26612026
세븐일레븐 화곡푸른점,2016-01-04,185361.185341248,449193.464957417,2026-04-28 22:00:57,I,03,폐업,2016-01-05 09:09:49,,2014-06-30,157-918,서울특별시 강서구 화곡동 1014번지 15호,PHMH320143150037087500023,3150000,서울특별시 강서구 강서로45다길 69 (화곡동),07705,03,폐업,36,,,20650333
세븐일레븐 강서우림점,2022-07-18,184087.009000773,452152.978439315,2026-04-28 22:00:57,I,03,폐업,2022-07-18 17:24:10,,2014-06-30,157-846,서울특별시 강서구 마곡동 1456,PHMH320143150037087500024,3150000,서울특별시 강서구 양천로28길 38 (방화동),07597,03,폐업,36,,,26642582
GS25 강서메트로칸점,2018-07-20,187003.871944679,450427.827934594,2026-04-28 22:00:57,I,03,폐업,2018-07-20 17:30:43,,2014-07-07,157-842,서울특별시 강서구 등촌동 656번지 52호,PHMH320143150037087500025,3150000,서울특별시 강서구 공항대로45가길 11 (등촌동),07572,03,폐업,40,,,
GS25 화곡달래길,2019-06-24,187122.775628061,448210.827831511,2026-04-28 22:00:57,I,03,폐업,2019-06-25 15:45:39,,2014-07-16,157-894,서울특별시 강서구 화곡동,PHMH320143150037087500026,3150000,서울특별시 강서구 곰달래로49길 112 (화곡동),07737,03,폐업,33,,,20615882
365PLUS 우장산현대,2015-07-06,185904.25641179,449249.876108819,2026-04-28 22:00:57,I,03,폐업,2015-07-06 18:01:15,,2014-07-24,,서울특별시 강서구 화곡동 1028번지 13호 9통 5반,PHMH320143150037087500028,3150000,서울특별시 강서구 화곡로31가길 41 (화곡동),,03,폐업,51,,,
씨유 발산센터점,2020-12-31,185795.947329396,450778.634128083,2026-04-28 22:01:01,I,03,폐업,2021-01-05 14:49:26,,2018-09-12,,서울특별시 강서구 등촌동 674번지 9호,PHMH320183150037087500055,3150000,"서울특별시 강서구 강서로54길 27, 1층 (등촌동)",07591,03,폐업,,,,
지에스25 등촌현대점,2024-12-19,187578.179002957,449082.434083143,2026-04-28 22:01:01,I,03,폐업,2024-12-19 20:13:43,,2018-09-18,,서울특별시 강서구 등촌동 715번지 등촌아이파크아파트,PHMH320183150037087500056,3150000,"서울특별시 강서구 등촌로 163, 상가동 1층 105호 (등촌동, 등촌아이파크아파트)",07671,03,폐업,,,,
세븐일레븐 마곡6단지점,2019-09-23,184095.278346869,451462.486642109,2026-04-28 22:01:01,I,03,폐업,2019-09-24 20:29:04,,2018-09-28,,서울특별시 강서구 마곡동 743번지 마곡엠밸리6단지,PHMH320183150037087500057,3150000,"서울특별시 강서구 마곡서1로 100, 601동 상가 1층 107, 108호 (마곡동, 마곡엠밸리6단지)",07798,03,폐업,44,,,
씨유 방화1호점,2023-09-26,183943.062521427,452853.767356245,2026-04-28 22:01:01,I,03,폐업,2023-09-26 18:24:51,,2018-10-10,,서울특별시 강서구 방화동 141번지,PHMH320183150037087500058,3150000,"서울특별시 강서구 방화대로52길 40, 1층 (방화동)",07518,03,폐업,56,,,
씨유 김포공항국내선점,2019-11-21,183007.220061564,450515.642035894,2026-04-28 22:01:04,I,03,폐업,2019-11-25 13:59:30,,2018-10-22,,서울특별시 강서구 공항동 1373번지 5호,PHMH320183150037087500059,3150000,"서울특별시 강서구 하늘길 112, 김포국제공항 국내선청사 3층 출발장호 (공항동)",07505,03,폐업,,,,
세븐일레븐 화곡하늘점,2020-09-23,186822.63747038,449416.351194018,2026-04-28 22:01:01,I,03,폐업,2020-09-24 10:24:12,,2018-10-24,,서울특별시 강서구 화곡동 42번지 48호,PHMH320183150037087500060,3150000,"서울특별시 강서구 까치산로18라길 6, 1층 (화곡동)",07661,03,폐업,,,,
미니스톱 신방화점,2021-01-22,183400.714787118,451689.782780181,2026-04-28 22:01:01,I,03,폐업,2021-02-01 16:32:19,,2018-10-31,,서울특별시 강서구 방화동 249번지 28호,PHMH320183150037087500063,3150000,"서울특별시 강서구 방화동로 80, 1층 (방화동)",07616,03,폐업,,,,02-1577-9621
지에스25 가양8단지점,2020-12-30,187311.265729415,451100.619120075,2026-04-28 22:01:01,I,03,폐업,2020-12-31 10:14:50,,2018-11-07,,서울특별시 강서구 가양동 1482번지 가양도시개발공사아파트(가양8단지아파트),PHMH320183150037087500064,3150000,"서울특별시 강서구 허준로 176, 상가동 1층 101,102호 (가양동, 가양도시개발공사아파트(가양8단지아파트))",07533,03,폐업,41,,,
씨유 화곡신월초교점,2021-03-16,185680.786227784,448576.194577559,2026-04-28 22:01:01,I,03,폐업,2021-03-18 10:05:54,,2018-11-12,,서울특별시 강서구 화곡동 1081번지 39호,PHMH320183150037087500065,3150000,"서울특별시 강서구 강서로31길 52, 1층 (화곡동)",07717,03,폐업,,,,
미니스톱 화곡명월점,2019-05-24,186173.681508541,447571.649333861,2026-04-28 22:01:01,I,03,폐업,2019-05-27 09:20:45,,2018-11-16,,서울특별시 강서구 화곡동 918번지 21호 기룡빌딩,PHMH320183150037087500066,3150000,"서울특별시 강서구 곰달래로 104, 기룡빌딩 1층 (화곡동)",07777,03,폐업,60,,,
씨유 마곡13단지점,2023-07-31,183882.425597545,450626.281037325,2026-04-28 22:01:01,I,03,폐업,2023-07-31 17:23:31,,2018-12-06,,서울특별시 강서구 마곡동 748번지 마곡13단지힐스테이트마스터,PHMH320183150037087500073,3150000,"서울특별시 강서구 마곡중앙1로 71, 101호 (마곡동, 마곡13단지힐스테이트마스터)",07809,03,폐업,,,,
지에스25 강서메르디앙점,2024-08-02,186097.62351214,450527.175342747,2026-04-28 22:01:01,I,03,폐업,2024-08-02 15:57:46,,2018-12-12,,서울특별시 강서구 내발산동 659번지 4호,PHMH320183150037087500076,3150000,서울특별시 강서구 공항대로38길 106 (내발산동),07651,03,폐업,,,,
씨유 화곡2호점,2023-12-01,185747.670138989,447360.27075665,2026-04-28 22:01:01,I,03,폐업,2023-12-04 09:03:29,,2018-12-26,,서울특별시 강서구 화곡동 935번지 19호,PHMH320183150037087500078,3150000,"서울특별시 강서구 월정로 102, 1층 (화곡동)",07775,03,폐업,,,,
지에스(GS25) 마곡에스비(SB)점,2020-09-22,183902.043509212,451664.251457054,2026-04-28 22:01:01,I,03,폐업,2020-09-23 15:25:27,,2019-01-02,,서울특별시 강서구 마곡동 739번지 3호 에스비타운 110호,PHMH320193150037087500001,3150000,"서울특별시 강서구 마곡중앙5로 81, 에스비타운 1층 110호 (마곡동)",07599,03,폐업,,,,
지에스(GS)25 화곡호호,2023-07-11,186036.86729376,449032.586233905,2026-04-28 22:01:01,I,03,폐업,2023-07-11 16:23:40,,2019-01-04,,서울특별시 강서구 화곡동 1060번지 6호,PHMH320193150037087500003,3150000,"서울특별시 강서구 화곡로 197, 1층 (화곡동)",07700,03,폐업,,,,
씨유 우장산힐스테이트점,2020-10-15,185972.69133937,450530.52233773,2026-04-28 22:01:01,I,03,폐업,2020-10-19 09:28:11,,2019-01-08,,서울특별시 강서구 내발산동 658번지 명성빌딩,PHMH320193150037087500004,3150000,"서울특별시 강서구 공항대로38길 80, 명성빌딩 1층 (내발산동)",07651,03,폐업,,,,
씨유 화곡트윈캐슬점,2019-10-28,186728.272021831,448837.12245991,2026-04-28 22:01:01,I,03,폐업,2019-10-29 17:01:49,,2019-01-08,,서울특별시 강서구 화곡동 56번지 252호 우성트윈캐슬아파트 에이동 101호,PHMH320193150037087500005,3150000,"서울특별시 강서구 초록마을로 71, 에이동 101호 (화곡동, 우성트윈캐슬아파트)",07677,03,폐업,,,,
씨유 가양미르웰점,2023-08-23,186066.726634051,451569.824195176,2026-04-28 22:01:01,I,03,폐업,2023-08-23 15:37:23,,2019-01-09,,서울특별시 강서구 등촌동 820 경동미르웰양천향교,PHMH320193150037087500006,3150000,"서울특별시 강서구 강서로68길 35, 경동미르웰양천향교 101호 (가양동)",07573,03,폐업,,,,
지에스25 공항소담점,2023-01-25,183894.388737216,450447.294123517,2026-04-28 22:01:01,I,03,폐업,2023-01-25 17:56:45,,2019-01-25,,서울특별시 강서구 공항동 1349번지,PHMH320193150037087500007,3150000,"서울특별시 강서구 방화대로6라길 26, 1층 (공항동)",07645,03,폐업,,,,
세븐일레븐 화곡자하클래식점,2022-10-19,186392.833320338,449547.522250938,2026-04-28 22:01:01,I,03,폐업,2022-10-20 11:20:22,,2019-02-08,,,PHMH320193150037087500009,3150000,"서울특별시 강서구 화곡로 262, 자하클래식 (화곡동)",07678,03,폐업,,,,
(주)비지에프리테일 이대서울장례식장점,2023-03-13,185455.170806691,450604.239360205,2026-04-28 22:01:05,I,03,폐업,2023-03-13 17:33:26,,2019-02-08,,,PHMH320193150037087500010,3150000,"서울특별시 강서구 공항대로 260, 이화여자대학교 제2부속병원 (마곡동)",07804,03,폐업,,,,
지에스25 마곡에스에이치점,2021-02-17,184947.625497503,450846.273424687,2026-04-28 22:01:01,I,03,폐업,2021-02-18 15:37:25,,2019-02-19,,서울특별시 강서구 마곡동 774번지 에스에이치빌딩,PHMH320193150037087500011,3150000,"서울특별시 강서구 공항대로 205, 에스에이치빌딩 1층 104호 (마곡동)",07802,03,폐업,,,,
지에스25 강서한빛점,2022-01-05,184258.245268635,452190.990405833,2026-04-28 22:01:01,I,03,폐업,2022-01-06 12:01:10,,2019-02-19,,서울특별시 강서구 마곡동 326번지 19호 마곡빌딩,PHMH320193150037087500013,3150000,"서울특별시 강서구 양천로30길 32, 마곡빌딩 1층 남쪽에서 첫 번째호 (마곡동)",07593,03,폐업,,,,
미니스톱 신방화점,2018-08-01,183400.714787118,451689.782780181,2026-04-28 22:00:57,I,03,폐업,2018-08-01 16:06:53,,2014-07-29,157-846,서울특별시 강서구 방화동 249번지 28호,PHMH320143150037087500029,3150000,서울특별시 강서구 방화동로 80 (방화동),07616,03,폐업,50,,,
365PLUS 강서마곡,2017-09-07,,,2026-04-28 22:00:57,I,03,폐업,2017-09-07 18:12:27,,2014-08-19,157-210,마곡동 731번지 25호,PHMH320143150037087500030,3150000,"서울특별시 강서구 마곡서1로 146, 상가동 103호 (마곡동)",07598,03,폐업,80,,,26660365
㈜비지에프리테일 마곡7단지점,2015-04-27,184333.032124285,451471.100985376,2026-04-28 22:01:04,I,03,폐업,2015-04-29 16:07:05,,2014-08-27,157-210,서울특별시 강서구 마곡동,PHMH320143150037087500031,3150000,서울특별시 강서구 마곡서로 133 (마곡동),,03,폐업,81,,,26598666
미니스톱 마곡엠밸리점,2014-11-28,184095.278346869,451462.486642109,2026-04-28 22:00:57,I,03,폐업,2014-12-01 09:14:38,,2014-08-28,,,PHMH320143150037087500032,3150000,"서울특별시 강서구 마곡서1로 100, 601동 상가층 107,108호 (마곡동)",,03,폐업,44,,,
세븐일레븐 염창점,2019-06-03,188612.842594632,449897.366376624,2026-04-28 22:00:57,I,03,폐업,2019-06-04 13:43:35,,2014-09-16,157-040,서울특별시 강서구 염창동 248번지 7호,PHMH320143150037087500033,3150000,서울특별시 강서구 양천로 677 (염창동),07542,03,폐업,83,,,02-3664-6722
GS25 방화가온점,2017-12-13,183149.591182966,452423.048527158,2026-04-28 22:00:57,I,03,폐업,2017-12-13 16:43:29,,2014-09-18,157-221,서울특별시 강서구 방화동 485번지 3호,PHMH320143150037087500034,3150000,서울특별시 강서구 양천로11길 14 (방화동),07516,03,폐업,112,,,
세븐일레븐 강서공항점,2019-07-01,183226.061445645,450710.383151305,2026-04-28 22:00:57,I,03,폐업,2019-07-03 10:00:16,,2014-09-22,,,PHMH320143150037087500035,3150000,서울특별시 강서구 송정로4길 1-1 (공항동),07623,03,폐업,33,,,26610930
GS25 등촌현대점,2018-09-18,187578.179002957,449082.434083143,2026-04-28 22:00:57,I,03,폐업,2018-09-18 16:59:40,,2014-09-26,,,PHMH320143150037087500036,3150000,서울특별시 강서구 등촌로 163 (등촌동),07671,03,폐업,79,,,
GS25 방화온누리점,2019-07-29,182920.603878336,451339.727680296,2026-04-28 22:00:57,I,03,폐업,2019-07-30 10:49:19,,2014-09-26,,,PHMH320143150037087500037,3150000,"서울특별시 강서구 개화동로27길 16, 1층 (방화동)",07620,03,폐업,66,,,
CU 화곡대로점,2016-05-17,186216.200890849,449323.844678445,2026-04-28 22:00:57,I,03,폐업,2016-05-17 17:40:38,,2014-09-29,157-010,서울특별시 강서구 화곡동 95번지 4호,PHMH320143150037087500039,3150000,서울특별시 강서구 화곡로 233 (화곡동),07695,03,폐업,36,,,
씨유 강서붐호텔점,2017-07-18,183993.393147385,449605.865701793,2026-04-28 22:00:57,I,03,폐업,2017-07-18 18:08:35,,2014-10-02,,,PHMH320143150037087500040,3150000,서울특별시 강서구 남부순환로 188 (외발산동),07506,03,폐업,50,,,26621566
세븐일레븐 가양한림점,2021-01-19,185917.670740756,452084.848958002,2026-04-28 22:00:57,I,03,폐업,2021-01-20 10:47:35,,2014-10-02,,,PHMH320143150037087500041,3150000,서울특별시 강서구 강서로 511 (가양동),07523,03,폐업,66,,,
365PLUS 화곡우리점,2019-06-14,185786.248228327,447297.791614934,2026-04-28 22:00:57,I,03,폐업,2019-06-17 09:23:10,,2014-10-14,157-015,서울특별시 강서구 화곡동 934번지 21호,PHMH320143150037087500043,3150000,서울특별시 강서구 월정로16길 1 (화곡동),07780,03,폐업,83,,,
GS25 명덕사랑,2021-12-22,185278.073066759,450090.094196161,2026-04-28 22:00:57,I,03,폐업,2021-12-22 18:04:36,,2014-10-16,157-280,서울특별시 강서구 내발산동 681번지 17호,PHMH320143150037087500044,3150000,서울특별시 강서구 강서로47길 36 (내발산동),07633,03,폐업,30,,,
씨유 화곡우리점,2024-05-21,187372.577085556,448058.852549489,2026-04-28 22:00:57,I,03,폐업,2024-05-21 11:06:57,,2014-10-27,157-015,서울특별시 강서구 화곡동 820번지 17호,PHMH320143150037087500045,3150000,서울특별시 강서구 곰달래로49가길 21 (화곡동),07739,03,폐업,56,,,
GS25 마곡신안점,2019-10-04,184328.86385867,451847.359716824,2026-04-28 22:00:57,I,03,폐업,2019-10-24 14:07:49,,2014-10-27,157-201,서울특별시 강서구 마곡동 422번지,PHMH320143150037087500046,3150000,서울특별시 강서구 양천로30길 123-9 (마곡동),07595,03,폐업,33,,,36638612
미니스톱 마곡엠밸리2점,2017-08-28,184333.032124285,451471.100985376,2026-04-28 22:00:57,I,03,폐업,2017-08-28 15:23:20,,2014-11-13,157-210,서울특별시 강서구 마곡동 743번지 4호,PHMH320143150037087500047,3150000,"서울특별시 강서구 마곡서로 133 (마곡동, 701동상가 104호)",07798,03,폐업,66,,,
㈜코리아세븐 강서양천향교점,2019-09-20,185932.779741553,451742.761245712,2026-04-28 22:01:05,I,03,폐업,2019-09-24 09:20:55,,2014-11-25,157-201,서울특별시 강서구 가양동 129번지 15호,PHMH320143150037087500048,3150000,서울특별시 강서구 강서로74길 3 (등촌동),07573,03,폐업,50,,,
GS25 강서메디칼,2019-07-18,187622.448701892,450621.120623654,2026-04-28 22:00:57,I,03,폐업,2019-07-19 09:23:13,,2014-11-25,157-031,서울특별시 강서구 등촌동 630번지 12호,PHMH320143150037087500049,3150000,"서울특별시 강서구 양천로 556, 101호 (등촌동)",07550,03,폐업,59,,,36650087
세븐일레븐 강서공항중앙점,2024-08-19,183353.199878761,450442.146745455,2026-04-28 22:00:57,I,03,폐업,2024-08-20 10:14:51,,2014-12-01,157-240,서울특별시 강서구 공항동 723번지,PHMH320143150037087500050,3150000,서울특별시 강서구 송정로 10 (공항동),07626,03,폐업,50,,,26633002
한국미니스톱(주) 마곡엠벨리점,2014-12-29,184095.278346869,451462.486642109,2026-04-28 22:01:03,I,03,폐업,2014-12-29 17:10:01,,2014-12-01,157-201,서울특별시 강서구 마곡동 743번지,PHMH320143150037087500051,3150000,서울특별시 강서구 마곡서1로 100 (마곡동),,03,폐업,44,,,
씨유 화곡그랜드점,2019-08-09,185210.867551712,449521.354847941,2026-04-28 22:00:57,I,03,폐업,2019-08-09 17:56:25,,2014-12-09,,,PHMH320143150037087500053,3150000,서울특별시 강서구 강서로45길 49 (화곡동),07705,03,폐업,86,,,26998750
아이지에이마트 등촌동점,2016-09-27,188017.676607021,450332.811349223,2026-04-28 22:00:57,I,03,폐업,2016-09-27 16:47:33,,2014-12-24,157-839,서울특별시 강서구 등촌동 632번지 9호,PHMH320143150037087500054,3150000,서울특별시 강서구 양천로 606 (등촌동),07552,03,폐업,50,,,36657736
미니스톱 마곡엠밸리점,2016-12-28,184095.278346869,451462.486642109,2026-04-28 22:00:57,I,03,폐업,2016-12-29 13:20:39,,2015-01-12,,,PHMH320153150037087500001,3150000,서울특별시 강서구 마곡서1로 100 (마곡동),07798,03,폐업,44,,,
GS25 공항소담점,2019-01-24,183894.388737216,450447.294123517,2026-04-28 22:00:57,I,03,폐업,2019-01-25 09:59:36,,2015-01-16,157-816,서울특별시 강서구 공항동 1349번지,PHMH320153150037087500003,3150000,서울특별시 강서구 방화대로6라길 26 (공항동),07645,03,폐업,60,,,
위드미 화곡베스트점,2017-06-20,187820.504199253,448020.787709169,2026-04-28 22:00:57,I,03,폐업,2017-06-22 10:04:50,,2015-01-26,157-897,서울특별시 강서구 화곡동 775번지 25호 1층,PHMH320153150037087500004,3150000,"서울특별시 강서구 곰달래로59길 44, 1층 (화곡동)",07741,03,폐업,33,,,
GS25 마곡SB점,2018-12-13,183902.043509212,451664.251457054,2026-04-28 22:01:05,I,03,폐업,2018-12-14 09:34:55,,2015-02-02,,,PHMH320153150037087500005,3150000,서울특별시 강서구 마곡중앙5로 81 (마곡동),07599,03,폐업,33,,,
GS25 강서노블점,2019-02-13,187170.110575392,450924.415484057,2026-04-28 22:00:57,I,03,폐업,2019-02-18 17:34:21,,2015-02-13,,,PHMH320153150037087500007,3150000,"서울특별시 강서구 양천로 500 (등촌동, 노블리움오피스텔1층 114호)",07548,03,폐업,36,,,36628689
씨유 화곡2호점,2018-12-26,185747.670138989,447360.27075665,2026-04-28 22:00:57,I,03,폐업,2018-12-26 17:33:02,,2015-02-24,,,PHMH320153150037087500008,3150000,서울특별시 강서구 월정로 102 (화곡동),07775,03,폐업,76,,,26087707
씨유 방화메아리점,2016-11-30,183585.034803389,452920.951188057,2026-04-28 22:00:57,I,03,폐업,2016-11-30 15:23:17,,2015-02-27,,,PHMH320153150037087500009,3150000,서울특별시 강서구 금낭화로24길 29-4 (방화동),07512,03,폐업,50,,,26639652
GS25 화곡나누리점,2021-06-16,185517.50193824,448304.214610617,2026-04-28 22:00:57,I,03,폐업,2021-06-17 15:47:52,,2015-03-10,,,PHMH320153150037087500010,3150000,서울특별시 강서구 가로공원로 188 (화곡동),07761,03,폐업,42,,,26081846
미니스톱 화곡사거리점,2017-03-24,186424.391650186,447580.544751681,2026-04-28 22:00:57,I,03,폐업,2017-03-24 17:15:31,,2015-03-12,,,PHMH320153150037087500011,3150000,"서울특별시 강서구 강서로 27, 1층 105호 (화곡동, 화곡심포니타워)",07778,03,폐업,43,,,
㈜코리아세븐 강서화곡중앙점,2025-07-04,185454.448080485,448673.884786703,2026-04-28 22:01:05,I,03,폐업,2025-07-04 16:35:51,,2015-03-12,,,PHMH320153150037087500012,3150000,"서울특별시 강서구 화곡로 130, 1층 (화곡동, 동원빌딩)",07718,03,폐업,50,,,
GS25 화곡세화,2024-02-28,186602.497933869,447670.261137305,2026-04-28 22:00:57,I,03,폐업,2024-02-28 17:09:49,,2015-03-30,,,PHMH320153150037087500014,3150000,서울특별시 강서구 곰달래로25길 8 (화곡동),07759,03,폐업,57,,,
㈜지에스리테일 GS25염창사랑점,2015-07-02,188815.230601997,450196.83680578,2026-04-28 22:01:04,I,03,폐업,2015-07-02 17:54:54,,2015-04-02,,,PHMH320153150037087500015,3150000,"서울특별시 강서구 양천로73길 80, 한강동아아파트상가동 103호 (염창동)",,03,폐업,45,,,
GS25 방화대림점,2017-09-21,182984.581165356,451996.753114395,2026-04-28 22:00:57,I,03,폐업,2017-09-21 17:01:55,,2015-04-03,,,PHMH320153150037087500016,3150000,"서울특별시 강서구 양천로6길 57, 상가동 101호 (방화동, 방화동e-편한세상)",07610,03,폐업,47,,,
씨유 등촌보람점,2019-04-08,187339.551124057,450382.181220956,2026-04-28 22:00:57,I,03,폐업,2019-04-10 17:50:18,,2015-04-10,,,PHMH320153150037087500017,3150000,서울특별시 강서구 화곡로64길 86 (등촌동),07571,03,폐업,66,,,36611625
㈜코리아세븐 방화역점,2019-07-24,183366.101249557,452817.469477897,2026-04-28 22:01:04,I,03,폐업,2019-07-24 17:44:35,,2015-04-10,,,PHMH320153150037087500018,3150000,서울특별시 강서구 금낭화로 135 (방화동),07510,03,폐업,50,,,
GS25 개화산역점,2018-05-09,182846.62641593,452298.504759009,2026-04-28 22:00:57,I,03,폐업,2018-05-10 08:47:01,,2015-04-15,,,PHMH320153150037087500019,3150000,서울특별시 강서구 양천로 25 (방화동),07516,03,폐업,49,,,26627865
씨유 수명파크점,2020-02-18,184458.933863125,450075.843931006,2026-04-28 22:00:57,I,03,폐업,2020-02-21 16:56:03,,2015-04-28,,,PHMH320153150037087500022,3150000,"서울특별시 강서구 수명로1길 110, 상가동 104호 (내발산동, 마곡수명파크3단지)",07643,03,폐업,27,,,26665024
GS25 공항제일점,2022-05-31,183453.509598756,450691.83070438,2026-04-28 22:00:57,I,03,폐업,2022-05-31 17:22:47,,2015-04-30,,,PHMH320153150037087500023,3150000,"서울특별시 강서구 송정로4길 46, 1층 (공항동)",07625,03,폐업,66,,,
SK네트웍스㈜ 해바라기주유소,2018-10-18,186409.693134107,449666.639271593,2026-04-28 22:01:05,I,03,폐업,2018-10-18 17:03:47,,2015-05-04,,,PHMH320153150037087500024,3150000,서울특별시 강서구 화곡로 273 (화곡동),07689,03,폐업,10,,,26954544
SK네트웍스㈜ 가양주유소,2018-01-24,185963.416002607,451955.916656834,2026-04-28 22:01:05,I,03,폐업,2018-01-24 15:45:56,,2015-05-04,,,PHMH320153150037087500025,3150000,서울특별시 강서구 강서로 498 (가양동),07529,03,폐업,17,,,36646051
㈜코리아세븐 강서마곡엠벨리점,2016-12-30,184039.446537083,451777.675326573,2026-04-28 22:01:06,I,03,폐업,2016-12-30 14:04:29,,2015-05-07,,,PHMH320153150037087500026,3150000,"서울특별시 강서구 마곡서1로 132 (마곡동, 마곡엠벨리3단지상가동제1층제101호일부)",07598,03,폐업,50,,,
씨유 마곡7단지점,2017-04-30,184333.032124285,451471.100985376,2026-04-28 22:00:57,I,03,폐업,2017-05-15 10:13:40,,2015-05-07,,,PHMH320153150037087500027,3150000,"서울특별시 강서구 마곡서로 133, 713동 101호 (마곡동)",07798,03,폐업,86,,,
GS25 내발산점,2017-09-20,185390.985526578,449863.694451565,2026-04-28 22:00:57,I,03,폐업,2017-09-20 16:50:39,,2015-05-20,,,PHMH320153150037087500030,3150000,"서울특별시 강서구 강서로47가길 38, 102호 (내발산동)",07639,03,폐업,25,,,20640801
GS25 공항시장점,2019-06-10,183302.519131,451333.423302194,2026-04-28 22:00:57,I,03,폐업,2019-06-11 17:03:55,,2015-05-26,,서울특별시 강서구 공항동 1394 1층,PHMH320153150037087500031,3150000,"서울특별시 강서구 방화대로21길 87-1, 1층 (방화동)",07619,03,폐업,33,,,
씨유 마곡엘리안점,2023-08-02,185700.635731491,451110.344748131,2026-04-28 22:00:57,I,03,폐업,2023-08-03 13:00:02,,2015-06-11,,,PHMH320153150037087500033,3150000,"서울특별시 강서구 강서로 409, 111 112호 (마곡동, 엘리안오피스텔)",07794,03,폐업,65,,,070-4143-4658
미니스톱 마곡한솔점,2016-01-29,184321.324564628,451947.214463816,2026-04-28 22:00:57,I,03,폐업,2016-02-01 11:02:04,,2015-06-25,,,PHMH320153150037087500034,3150000,"서울특별시 강서구 양천로30길 77, 110동 101호 (마곡동, 한솔솔파크아파트상가)",07595,03,폐업,83,,,
GS25 염창사랑점,2018-04-18,188815.230601997,450196.83680578,2026-04-28 22:00:57,I,03,폐업,2018-04-18 18:04:19,,2015-07-03,,,PHMH320153150037087500036,3150000,"서울특별시 강서구 양천로73길 80, 상가동 103호 (염창동, 한강동아아파트)",07537,03,폐업,45,,,
미니스톱 가양대교점,2018-07-06,187087.078921102,450966.998260619,2026-04-28 22:00:57,I,03,폐업,2018-07-06 17:59:36,,2015-07-08,,,PHMH320153150037087500037,3150000,"서울특별시 강서구 양천로 492, 109,110호 (등촌동, 길훈엔트런스빌)",07575,03,폐업,42,,,
세븐일레븐 강서메가박스,2016-06-01,185574.937191115,448716.274685045,2026-04-28 22:00:57,I,03,폐업,2016-06-01 17:37:25,,2015-07-14,,,PHMH320153150037087500038,3150000,"서울특별시 강서구 화곡로 142, 111호 (화곡동)",07715,03,폐업,45,,,
㈜코리아세븐 강서화곡마을점,2024-12-20,186776.19780872,450368.098609452,2026-04-28 22:01:05,I,03,폐업,2024-12-20 17:49:54,,2015-07-21,,서울특별시 강서구 화곡동 1096,PHMH320153150037087500040,3150000,"서울특별시 강서구 우장산로15길 53, A동 1층 (화곡동)",07649,03,폐업,50,,,
GS25 강서우장점,2016-02-25,185353.403091544,449419.697132348,2026-04-28 22:00:57,I,03,폐업,2016-02-25 10:02:03,,2015-07-28,,,PHMH320153150037087500041,3150000,"서울특별시 강서구 강서로45다길 21, 1층 (화곡동)",07705,03,폐업,90,,,26946089
지에스25 내발산프라임점,2021-10-19,184602.513142816,450019.340744957,2026-04-28 22:01:02,I,03,폐업,2021-10-19 14:24:47,,2020-09-07,,서울특별시 강서구 내발산동 750-7 발산타워,PHMH320203150037087500027,3150000,"서울특별시 강서구 수명로 68-11, 발산타워 102~105호 (내발산동)",07635,03,폐업,,,,
지에스(GS)25 강서자이타워점,2024-09-05,186501.233192961,451485.251875922,2026-04-28 22:01:02,I,03,폐업,2024-09-05 14:43:05,,2020-09-09,,서울특별시 강서구 가양동 1498 강서한강자이타워 A동 103호,PHMH320203150037087500028,3150000,"서울특별시 강서구 양천로 401, 강서한강자이타워 A동 103호 (가양동)",07528,03,폐업,73,,,
GS25 마곡SB지점,2024-07-31,183902.043509212,451664.251457054,2026-04-28 22:01:02,I,03,폐업,2024-07-31 16:34:48,,2020-09-23,,서울특별시 강서구 마곡동 739-3 에스비타운,PHMH320203150037087500029,3150000,"서울특별시 강서구 마곡중앙5로 81, 에스비타운 110호 (마곡동)",07599,03,폐업,78,,,
세븐일레븐 화곡하늘점,2023-06-02,186822.63747038,449416.351194018,2026-04-28 22:01:02,I,03,폐업,2023-06-02 16:07:38,,2020-09-24,,서울특별시 강서구 화곡동 42-48,PHMH320203150037087500030,3150000,"서울특별시 강서구 까치산로18라길 6, 1층 (화곡동)",07661,03,폐업,46,,,26033980
지에스25 등촌센트럴점,2024-12-23,188077.70127619,450129.586145968,2026-04-28 22:01:02,I,03,폐업,2024-12-23 15:14:34,,2020-11-17,,서울특별시 강서구 등촌동 633-24,PHMH320203150037087500033,3150000,"서울특별시 강서구 공항대로59다길 39, 101동 1층 3호,4호 (등촌동)",07553,03,폐업,76,,,
지에스25발산에너지점,2024-07-24,185928.556424199,450782.142236035,2026-04-28 22:01:02,I,03,폐업,2024-07-24 16:55:28,,2020-12-16,,서울특별시 강서구 등촌동 671-3 주양빌딩,PHMH320203150037087500037,3150000,"서울특별시 강서구 강서로56길 50, 주양빌딩 1층 101호 (등촌동)",07591,03,폐업,45,,,
씨유 강서엠파이어시티점,2021-05-10,185687.632945004,448972.075644627,2026-04-28 22:01:05,I,03,폐업,2021-05-13 09:43:52,,2020-12-18,,서울특별시 강서구 화곡동 1051-1 경동엠파이어시티,PHMH320203150037087500038,3150000,"서울특별시 강서구 강서로 187, 경동엠파이어시티 101동 104호 (화곡동)",07714,03,폐업,58,,,
GS25 강서송정점,2024-11-21,183595.654551909,450285.070346197,2026-04-28 22:01:02,I,03,폐업,2024-11-21 14:33:43,,2020-12-30,,서울특별시 강서구 공항동 1340,PHMH320203150037087500040,3150000,"서울특별시 강서구 남부순환로11길 28, 1층 (공항동)",07628,03,폐업,73,,,
씨유 발산센터점,2025-08-14,185795.947329396,450778.634128083,2026-04-28 22:01:02,I,03,폐업,2025-08-14 17:24:03,,2021-01-05,,서울특별시 강서구 등촌동 674-9,PHMH320213150037087500001,3150000,"서울특별시 강서구 강서로54길 27, 1층 (등촌동)",07591,03,폐업,7,,,
㈜코리아세븐 가양한림점,2021-12-28,185917.670740756,452084.848958002,2026-04-28 22:01:05,I,03,폐업,2021-12-28 14:35:27,,2021-01-21,,서울특별시 강서구 가양동 192-9 한림타운,PHMH320213150037087500002,3150000,"서울특별시 강서구 강서로 511, 105호 (가양동, 한림타운)",07523,03,폐업,,,,070-8841-4034
한국미니스톱주식회사(신방화점),2022-10-31,183400.714787118,451689.782780181,2026-04-28 22:01:06,I,03,폐업,2022-11-01 09:45:17,,2021-02-01,,서울특별시 강서구 방화동 249-28,PHMH320213150037087500003,3150000,"서울특별시 강서구 방화동로 80, 1층 (방화동)",07616,03,폐업,,,,
씨유 마곡디엠프라자점,2025-07-08,185655.04600446,451604.412412619,2026-04-28 22:01:02,I,03,폐업,2025-07-08 16:58:23,,2021-02-15,,서울특별시 강서구 마곡동 782,PHMH320213150037087500005,3150000,"서울특별시 강서구 마곡중앙8로5길 63, 1층 116, 117호 (마곡동)",07792,03,폐업,54,,,
씨유 강서마곡점,2025-08-18,185647.774424934,452149.512190298,2026-04-28 22:01:02,I,03,폐업,2025-08-18 18:03:35,,2021-02-16,,서울특별시 강서구 마곡동 14-6,PHMH320213150037087500007,3150000,"서울특별시 강서구 양천로47나길 7, 1층 (마곡동)",07522,03,폐업,50,,,
씨유 등촌보보카운티점,2023-07-04,187851.458569291,450002.657772859,2026-04-28 22:01:05,I,03,폐업,2023-07-04 17:57:23,,2021-02-22,,서울특별시 강서구 등촌동 649-14 우림보보카운티뷰오피스텔,PHMH320213150037087500009,3150000,"서울특별시 강서구 공항대로 509, 우림보보카운티뷰오피스텔 1층 103-2, 104-1호 (등촌동)",07564,03,폐업,,,,
지에스25등촌타운점,2023-05-31,188123.970481821,449841.957612847,2026-04-28 22:01:02,I,03,폐업,2023-05-31 16:58:28,,2021-03-22,,서울특별시 강서구 염창동 312 센터스퀘어,PHMH320213150037087500013,3150000,"서울특별시 강서구 공항대로 543, B101호 (염창동, 센터스퀘어)",07562,03,폐업,76,,,
씨유 강서지식산업센터점,2023-02-08,186501.233192961,451485.251875922,2026-04-28 22:01:02,I,03,폐업,2023-02-09 09:42:49,,2021-04-01,,서울특별시 강서구 가양동 1498 강서한강자이타워,PHMH320213150037087500014,3150000,"서울특별시 강서구 양천로 401, 강서한강자이타워 B동 104호 (가양동)",07528,03,폐업,,,,
씨유 마곡9단지점,2023-11-29,,,2026-04-28 22:01:04,I,03,폐업,2023-11-30 09:37:08,,2021-04-14,,서울특별시 강서구 마곡동 744,PHMH320213150037087500016,3150000,"서울특별시 강서구 공항대로 103, 1층 101호 (마곡동)",07600,03,폐업,62,,,
지에스25 화곡타운점,2024-11-19,186487.623007178,448142.571375362,2026-04-28 22:01:02,I,03,폐업,2024-11-20 09:30:43,,2021-04-14,,서울특별시 강서구 화곡동 398-4,PHMH320213150037087500017,3150000,서울특별시 강서구 강서로18라길 23 (화곡동),07752,03,폐업,71,,,
미니스톱 서울신주점,2023-04-03,187194.384132785,447797.380851217,2026-04-28 22:01:02,I,03,폐업,2023-04-03 16:35:13,,2021-04-28,,서울특별시 강서구 화곡동 863-8,PHMH320213150037087500018,3150000,"서울특별시 강서구 곰달래로31가길 80, 1층 (화곡동)",07749,03,폐업,,,,
(주)코리아세븐 마곡W타워점,2025-05-28,184487.683119581,450704.459994631,2026-04-28 22:01:06,I,03,폐업,2025-05-28 16:04:09,,2021-05-17,,서울특별시 강서구 마곡동 798-16 M밸리 W TOWER Ⅳ,PHMH320213150037087500025,3150000,"서울특별시 강서구 마곡중앙1로 14, M밸리 W TOWER Ⅳ 110호 (마곡동)",07807,03,폐업,,,,
이마트24 강서나눔점,2022-10-05,188816.672230969,450007.272580895,2026-04-28 22:01:02,I,03,폐업,2022-10-05 17:14:47,,2021-05-28,,서울특별시 강서구 염창동 95,PHMH320213150037087500029,3150000,"서울특별시 강서구 양천로73길 49, 2층 (염창동)",07542,03,폐업,,,,
지에스25 강서가로공원점,2025-06-20,185548.498397673,448309.247839645,2026-04-28 22:01:02,I,03,폐업,2025-06-23 11:57:08,,2021-06-17,,서울특별시 강서구 화곡동 371-66 계곡빌딩,PHMH320213150037087500032,3150000,"서울특별시 강서구 가로공원로 192, 계곡빌딩 1층 (화곡동)",07762,03,폐업,51,,,
씨유 마곡8단지점,2025-08-19,184002.221367555,451272.78863313,2026-04-28 22:01:02,I,03,폐업,2025-08-19 13:16:32,,2021-08-23,,서울특별시 강서구 마곡동 741 마곡엠밸리8단지,PHMH320213150037087500036,3150000,"서울특별시 강서구 마곡서1로 81, 상가동 105호 (마곡동, 마곡엠밸리8단지)",07599,03,폐업,40,,,
지에스(GS)강서희망점,2025-10-31,186069.508611674,447378.057391086,2026-04-28 22:01:02,I,03,폐업,2025-10-31 10:17:00,,2021-10-01,,서울특별시 강서구 화곡동 913-11 1층,PHMH320213150037087500040,3150000,"서울특별시 강서구 강서로5나길 90, 1층 (화곡동)",07776,03,폐업,,,,
씨유 강서푸르지오점,2016-08-18,185034.346957949,449164.972451344,2026-04-28 22:00:57,I,03,폐업,2016-08-18 16:19:53,,2015-07-29,,,PHMH320153150037087500042,3150000,"서울특별시 강서구 화곡로13길 107, 아파트상가A동 1층 101,117,118호 (화곡동, 화곡푸르지오)",07703,03,폐업,109,,,26909583
GS25 신월초교점,2021-11-09,185631.329152745,448684.916647263,2026-04-28 22:00:57,I,03,폐업,2021-11-09 15:30:32,,2015-07-31,,,PHMH320153150037087500043,3150000,"서울특별시 강서구 화곡로24길 14, 지층 (화곡동)",07717,03,폐업,66,,,
씨유 방화스토리점,2019-05-08,183275.721045508,452554.819801157,2026-04-28 22:00:57,I,03,폐업,2019-05-09 17:44:32,,2015-08-20,,,PHMH320153150037087500044,3150000,서울특별시 강서구 금낭화로17길 3 (방화동),07516,03,폐업,53,,,26625828
GS25 화곡사랑점,2020-12-11,186317.775514734,448684.84575997,2026-04-28 22:00:57,I,03,폐업,2020-12-11 21:39:01,,2015-08-26,,,PHMH320153150037087500045,3150000,"서울특별시 강서구 까치산로4길 64, 1층 (화곡동)",07730,03,폐업,33,,,
CU 화곡1호점,2020-07-29,186700.849079339,447609.060489127,2026-04-28 22:00:57,I,03,폐업,2020-07-29 17:26:53,,2015-09-01,,,PHMH320153150037087500046,3150000,서울특별시 강서구 곰달래로 156-1 (화곡동),07781,03,폐업,60,,,
지에스25 방화동성점,2018-01-18,183340.03965069,453050.733807442,2026-04-28 22:01:04,I,03,폐업,2018-01-18 17:12:21,,2015-09-02,,,PHMH320153150037087500048,3150000,"서울특별시 강서구 금낭화로23길 8, 101호 (방화동, 방화7단지동성아파트)",07509,03,폐업,20,,,26655031
GS25 염창꿈나무점,2018-07-31,188313.709561119,449763.865069321,2026-04-28 22:00:57,I,03,폐업,2018-07-31 15:37:06,,2015-09-09,,,PHMH320153150037087500049,3150000,"서울특별시 강서구 공항대로65길 26, 105호 (염창동, 태선빌딩)",07560,03,폐업,66,,,36656221
GS25 마곡플레이스점,2016-08-31,185668.617836982,450985.772091558,2026-04-28 22:01:04,I,03,폐업,2016-09-07 17:18:24,,2015-09-11,,,PHMH320153150037087500050,3150000,"서울특별시 강서구 강서로 395, 103호 (마곡동, 플레이스에이치)",07794,03,폐업,46,,,
세븐일레븐 화곡현대점,2019-11-28,186565.17333433,448344.143441186,2026-04-28 22:00:57,I,03,폐업,2019-11-29 16:34:18,,2015-09-24,,,PHMH320153150037087500051,3150000,서울특별시 강서구 초록마을로30길 7 (화곡동),07725,03,폐업,63,,,
GS25 강서힐스테이트점,2020-11-26,185509.165465662,449450.069694741,2026-04-28 22:00:57,I,03,폐업,2020-11-30 09:16:00,,2015-09-24,,,PHMH320153150037087500052,3150000,"서울특별시 강서구 강서로 242, 상가동 103호 (화곡동, 강서힐스테이트)",07694,03,폐업,33,,,
GS25 송정가온점,2019-10-11,183395.997199242,451161.111574896,2026-04-28 22:00:57,I,03,폐업,2019-10-14 13:27:29,,2015-09-30,,,PHMH320153150037087500053,3150000,"서울특별시 강서구 공항대로7길 27, 1층 104,105호 (공항동, 청성스카이)",07619,03,폐업,66,,,26622271
미니스톱 마곡미르웰점,2018-06-25,,,2026-04-28 22:00:57,I,03,폐업,2018-06-26 08:54:58,,2015-10-13,,,PHMH320153150037087500054,3150000,"서울특별시 강서구 강서로 455, 102동 102호 (마곡동, 마곡경동미르웰)",07792,03,폐업,57,,,
GS25 등촌주공점,2017-08-30,186221.461740975,450744.023135457,2026-04-28 22:00:57,I,03,폐업,2017-08-30 15:54:17,,2015-10-15,,,PHMH320153150037087500056,3150000,"서울특별시 강서구 강서로56길 110, 1층 2호 (등촌동, 상지빌딩)",07591,03,폐업,92,,,36612234
씨유 신방화점,2017-09-19,183901.209920497,451618.937363136,2026-04-28 22:01:04,I,03,폐업,2017-09-19 15:54:41,,2015-10-20,,,PHMH320153150037087500057,3150000,"서울특별시 강서구 마곡서1로 115-1, 1동 119호 (마곡동, 마곡헤리움1차)",07599,03,폐업,40,,,
GS25 마곡엠코정,2022-07-18,185846.316537188,451695.292288148,2026-04-28 22:01:05,I,03,폐업,2022-07-19 13:33:37,,2015-10-26,,,PHMH320153150037087500058,3150000,"서울특별시 강서구 강서로 471, A동 105호 (마곡동, 엠코지니어스타)",07791,03,폐업,34,,,
씨유 강서지식산업센터점,2018-02-01,186501.233192961,451485.251875922,2026-04-28 22:00:57,I,03,폐업,2018-02-02 16:05:10,,2015-10-26,,,PHMH320153150037087500059,3150000,"서울특별시 강서구 양천로 401, B동 104호 (가양동, 강서한강자이타워)",07528,03,폐업,83,,,
㈜코리아세븐 강서송정역점,2016-12-30,183280.682239227,450983.093101522,2026-04-28 22:01:05,I,03,폐업,2016-12-30 14:04:18,,2015-10-30,,서울특별시 강서구 공항동 32번지 3호,PHMH320153150037087500060,3150000,"서울특별시 강서구 공항대로 38, 1층 (공항동)",07623,03,폐업,50,,,
지에스25 화곡오솔점,2023-10-17,185641.288823336,448826.252537687,2026-04-28 22:00:57,I,03,폐업,2023-10-17 15:40:11,,2015-10-30,,,PHMH320153150037087500061,3150000,"서울특별시 강서구 화곡로25길 8, 1층 (화곡동, 경서빌딩)",07714,03,폐업,28,,,
세븐일레븐 화곡원룸점,2024-08-27,,,2026-04-28 22:00:57,I,03,폐업,2024-08-27 17:38:08,,2015-12-03,,,PHMH320153150037087500065,3150000,"서울특별시 강서구 강서로7길 59, 101호 (화곡동)",07777,03,폐업,36,,,
세븐일레븐 강서화곡한솔점,2016-01-15,186609.499328749,449561.495424825,2026-04-28 22:00:57,I,03,폐업,2016-01-15 16:43:25,,2015-12-17,,,PHMH320153150037087500067,3150000,서울특별시 강서구 까치산로17길 10 (화곡동),07663,03,폐업,,,,
씨유 강서태양점,2024-05-17,186992.935624152,448108.64635709,2026-04-28 22:00:57,I,03,폐업,2024-05-17 09:13:47,,2015-12-21,,,PHMH320153150037087500068,3150000,"서울특별시 강서구 강서로18길 146, 101호 (화곡동)",07745,03,폐업,50,,,
웨이스탑 마곡점,2018-05-15,185424.394815032,450845.917955496,2026-04-28 22:00:57,I,03,폐업,2018-05-15 17:56:28,,2015-12-22,,,PHMH320153150037087500069,3150000,"서울특별시 강서구 마곡중앙6로 76-3, 102호 (마곡동, 인터시티365)",07803,03,폐업,55,,,64700101
㈜코리아세븐 화곡푸른점,2023-06-15,185361.185341248,449193.464957417,2026-04-28 22:01:04,I,03,폐업,2023-06-15 16:03:33,,2016-01-07,,,PHMH320163150037087500001,3150000,"서울특별시 강서구 강서로45다길 69, 1층 101호 (화곡동)",07705,03,폐업,50,,,
㈜코리아세븐 방화하늘점,2025-05-19,183271.967582316,452073.931844843,2026-04-28 22:01:04,I,03,폐업,2025-05-20 09:57:10,,2016-01-14,,,PHMH320163150037087500002,3150000,서울특별시 강서구 금낭화로 61 (방화동),07608,03,폐업,50,,,
씨유발산샘물점,2018-06-27,185592.920467077,450058.746333255,2026-04-28 22:00:57,I,03,폐업,2018-06-27 17:50:35,,2016-01-18,,,PHMH320163150037087500004,3150000,"서울특별시 강서구 강서로48길 21, 1층 101,102호 (내발산동)",07681,03,폐업,50,,,36624267
(주)코리아세븐 김포공항 국내선점,2018-11-05,183007.220061564,450515.642035894,2026-04-28 22:01:06,I,03,폐업,2018-11-05 17:34:17,,2016-01-27,,,PHMH320163150037087500007,3150000,"서울특별시 강서구 하늘길 112 (공항동, 국내선청사 3층 격리대합실)",07505,03,폐업,50,,,
GS25  마곡유림점,2021-05-21,185724.57020623,451198.299759673,2026-04-28 22:00:57,I,03,폐업,2021-05-21 14:52:51,,2016-02-11,,,PHMH320163150037087500010,3150000,"서울특별시 강서구 강서로 419 (마곡동, 유림트윈파크)",07794,03,폐업,33,,,
(주)코리아세븐 등촌능안점,2021-12-28,187574.429602711,449395.646525339,2026-04-28 22:01:04,I,03,폐업,2021-12-28 18:01:27,,2016-02-15,,,PHMH320163150037087500011,3150000,서울특별시 강서구 등촌로39길 52 (등촌동),07669,03,폐업,50,,,
세븐일레븐 홍제천점,2024-04-17,194340.864881,453969.764786098,2026-04-28 22:00:56,I,03,폐업,2024-04-17 10:40:03,,2012-11-12,120-861,서울특별시 서대문구 홍제동 334번지 85호,PHMH320123120033087500041,3120000,서울특별시 서대문구 홍제내길 128 (홍제동),03640,03,폐업,,,,02-396-8969
CU 명지전문대점,2018-12-28,193202.647811018,453563.252168971,2026-04-28 22:00:56,I,03,폐업,2018-12-31 09:31:36,,2012-11-12,120-848,서울특별시 서대문구 홍은동 346번지 2호,PHMH320123120033087500042,3120000,서울특별시 서대문구 가좌로 139 (홍은동),03675,03,폐업,,,,02-303-9214
GS25 홍은정원점,2014-05-28,193894.045154303,453807.427418489,2026-04-28 22:00:56,I,03,폐업,2015-04-06 13:48:12,,2012-11-12,120-846,서울특별시 서대문구 홍은동 265번지 180호,PHMH320123120033087500043,3120000,서울특별시 서대문구 연희로39나길 3 (홍은동),,03,폐업,,,,
CU 홍제수월점,2016-03-07,195215.782584886,454320.765225854,2026-04-28 22:00:56,I,03,폐업,2016-03-07 16:09:48,,2012-11-12,120-857,서울특별시 서대문구 홍제동 266번지 24호,PHMH320123120033087500044,3120000,서울특별시 서대문구 세무서길 73 (홍제동),03624,03,폐업,,,,02-394-6825
CU 연희로점,2014-05-30,193867.14033868,451635.241163248,2026-04-28 22:00:56,I,03,폐업,2015-04-07 13:51:01,,2012-11-13,120-830,서울특별시 서대문구 연희동 136번지 7호,PHMH320123120033087500045,3120000,서울특별시 서대문구 연희로 102 (연희동),,03,폐업,,,,
CU 연희삼거리점,2017-12-26,193983.907459539,451832.625155137,2026-04-28 22:00:56,I,03,폐업,2017-12-26 09:52:50,,2012-11-13,120-829,서울특별시 서대문구 연희동 88번지 13호,PHMH320123120033087500046,3120000,서울특별시 서대문구 연희로 126 (연희동),03724,03,폐업,,,,02-333-5318
CU  연대연희점,2020-07-30,193807.502870519,451374.758175488,2026-04-28 22:00:56,I,03,폐업,2020-07-30 15:57:28,,2012-11-13,120-830,서울특별시 서대문구 연희동 340번지 45호,PHMH320123120033087500048,3120000,서울특별시 서대문구 연희로10가길 51 (연희동),03726,03,폐업,,,,02-338-4100
CU 북아현중앙점,2013-07-31,195920.774991749,451261.096693919,2026-04-28 22:00:56,I,03,폐업,2015-04-09 11:12:16,,2012-11-13,120-865,서울특별시 서대문구 북아현동 1번지 204호,PHMH320123120033087500049,3120000,서울특별시 서대문구 북아현로 72 (북아현동),,03,폐업,,,,
GS25 신촌점,2019-04-05,194306.920206129,450453.153162074,2026-04-28 22:00:56,I,03,폐업,2019-04-05 09:45:11,,2012-11-13,120-834,서울특별시 서대문구 창천동 30번지 25호,PHMH320123120033087500050,3120000,서울특별시 서대문구 신촌로 87-18 (창천동),03789,03,폐업,,,,
GS25 서대문연희점,2020-05-25,193467.836973469,452491.540026141,2026-04-28 22:00:56,I,03,폐업,2020-05-25 17:49:59,,2012-11-13,120-832,서울특별시 서대문구 연희동 609번지,PHMH320123120033087500051,3120000,서울특별시 서대문구 증가로 83 (연희동),03700,03,폐업,,,,02-332-3455
CU 서대문증가로점,2016-01-05,192757.302382781,453290.704234808,2026-04-28 22:00:56,I,03,폐업,2016-01-05 17:34:09,,2012-11-13,120-810,서울특별시 서대문구 북가좌동 5번지 25호,PHMH320123120033087500052,3120000,서울특별시 서대문구 증가로20길 64 (북가좌동),03671,03,폐업,,,,
GS25 홍은문화점,2015-07-08,194265.577364231,453288.294020793,2026-04-28 22:00:56,I,03,폐업,2015-07-27 14:59:38,,2012-11-13,120-847,서울특별시 서대문구 홍은동 277번지 75호,PHMH320123120033087500053,3120000,서울특별시 서대문구 모래내로 359 (홍은동),,03,폐업,,,,02-396-9291
세븐일레븐 연희만남길점,2013-09-06,193330.893040152,451533.596215875,2026-04-28 22:00:56,I,03,폐업,2015-04-09 17:52:51,,2012-11-13,120-828,서울특별시 서대문구 연희동 220번지 20호,PHMH320123120033087500054,3120000,서울특별시 서대문구 성산로 316 (연희동),,03,폐업,,,,
GS25 신촌사랑점,2021-10-27,194399.818740978,450507.400045113,2026-04-28 22:00:56,I,03,폐업,2021-10-27 15:27:11,,2012-11-13,120-833,서울특별시 서대문구 창천동 18번지 79호,PHMH320123120033087500056,3120000,서울특별시 서대문구 연세로2가길 19 (창천동),03779,03,폐업,,,,02-330-2270
GS25 창천제일점,2024-09-02,193850.214228898,450596.779300255,2026-04-28 22:00:56,I,03,폐업,2024-09-02 15:01:42,,2012-11-13,120-836,서울특별시 서대문구 창천동 502번지 7호,PHMH320123120033087500057,3120000,서울특별시 서대문구 신촌로7길 5 (창천동),03785,03,폐업,,,,02-333-2270
GS25 홍은명지점,2018-08-30,193338.154696533,453302.660259142,2026-04-28 22:00:56,I,03,폐업,2018-08-30 09:54:14,,2012-11-13,120-100,서울특별시 서대문구 홍은동 400번지 4호,PHMH320123120033087500059,3120000,서울특별시 서대문구 거북골로 8-22 (홍은동),03675,03,폐업,,,,02-303-0026
세븐일레븐 홍제문화공원점,2021-08-02,195408.759178634,454667.752938587,2026-04-28 22:00:56,I,03,폐업,2021-08-02 17:02:14,,2012-11-13,120-863,서울특별시 서대문구 홍제동 282번지 34호,PHMH320123120033087500060,3120000,서울특별시 서대문구 세검정로4길 10 (홍제동),03622,03,폐업,,,,02-379-7714
GS25 명지점,2024-07-22,193200.156974464,452999.511617907,2026-04-28 22:00:56,I,03,폐업,2024-07-23 15:05:45,,2012-11-14,120-806,서울특별시 서대문구 남가좌동 324번지 50호,PHMH320123120033087500062,3120000,서울특별시 서대문구 거북골로 37 (남가좌동),03665,03,폐업,,,,02-372-6602
CU 연대동문회관점,2014-06-11,194944.610127428,451234.605950077,2026-04-28 22:00:56,I,03,폐업,2015-04-21 16:00:14,,2012-11-14,120-160,서울특별시 서대문구 대신동 50번지 3호,PHMH320123120033087500063,3120000,서울특별시 서대문구 연대동문길 18 (대신동),,03,폐업,,,,
CU 신촌역점,2014-01-06,194445.626395464,450378.773651346,2026-04-28 22:00:57,I,03,폐업,2015-04-21 16:02:40,,2012-11-14,120-833,서울특별시 서대문구 창천동 29번지 93호,PHMH320123120033087500064,3120000,서울특별시 서대문구 신촌로 107 (창천동),,03,폐업,,,,
CU 연희서연점,2014-04-01,193601.56564972,451889.419817712,2026-04-28 22:00:57,I,03,폐업,2015-04-21 16:25:29,,2012-11-14,120-825,서울특별시 서대문구 연희동 116번지 5호,PHMH320123120033087500066,3120000,서울특별시 서대문구 연희로11바길 2 (연희동),,03,폐업,,,,
CU 충정로프랑스점,2020-05-29,196892.09236853,450948.915518467,2026-04-28 22:00:57,I,03,폐업,2020-05-29 13:54:59,,2012-11-14,120-730,서울특별시 서대문구 합동 117번지,PHMH320123120033087500068,3120000,"서울특별시 서대문구 서소문로 37, 107호 (합동, 충정대우디오빌)",03741,03,폐업,,,,
CU 창천명물점,2016-05-31,194587.850541477,450701.351247411,2026-04-28 22:00:57,I,03,폐업,2016-05-31 09:26:26,,2012-11-14,120-833,서울특별시 서대문구 창천동 5번지 32호,PHMH320123120033087500069,3120000,서울특별시 서대문구 연세로4길 61 (창천동),03777,03,폐업,,,,02-364-0074
CU 북아현추계점,2019-07-30,196074.801089951,450962.912348473,2026-04-28 22:00:57,I,03,폐업,2019-07-30 13:53:43,,2012-11-14,120-820,서울특별시 서대문구 북아현동 1006번지,PHMH320123120033087500070,3120000,서울특별시 서대문구 북아현로 40 (북아현동),03755,03,폐업,,,,02-392-4722
CU 충정로골든타워점,2018-04-23,196801.661639204,451267.809661546,2026-04-28 22:00:57,I,03,폐업,2018-04-25 09:59:02,,2012-11-14,120-722,서울특별시 서대문구 충정로2가 191번지,PHMH320123120033087500071,3120000,"서울특별시 서대문구 충정로 53, 101호 (충정로2가, 유원골든타워)",03736,03,폐업,,,,02-392-3282
CU 이대럭키점,2021-05-31,195320.528711538,450718.794212615,2026-04-28 22:00:57,I,03,폐업,2021-05-31 13:47:21,,2012-11-14,120-808,서울특별시 서대문구 대현동 62번지 12호,PHMH320123120033087500072,3120000,서울특별시 서대문구 이화여대8길 36 (대현동),03767,03,폐업,,,,02-312-6126
CU 웨스트타워점,2019-03-06,196961.57430764,451394.163765874,2026-04-28 22:00:57,I,03,폐업,2019-03-06 09:54:22,,2012-11-14,120-020,서울특별시 서대문구 미근동 332번지,PHMH320123120033087500074,3120000,"서울특별시 서대문구 충정로 70, 104호 (미근동, 웨스트게이트타워)",03738,03,폐업,,,,
CU 북가좌1호점,2013-02-20,192853.361638153,453400.14976439,2026-04-28 22:00:57,I,03,폐업,2015-05-14 14:42:10,,2012-11-15,120-810,서울특별시 서대문구 북가좌동 3번지 4호,PHMH320123120033087500075,3120000,서울특별시 서대문구 증가로12나길 104 (북가좌동),,03,폐업,,,,
CU 남가좌현대점,2023-02-10,193226.389868632,452591.477250002,2026-04-28 22:00:57,I,03,폐업,2023-02-10 11:08:16,,2012-11-15,120-806,서울특별시 서대문구 남가좌동 335번지 18호,PHMH320123120033087500076,3120000,서울특별시 서대문구 가재울로4길 46 (남가좌동),03693,03,폐업,,,,02-308-7688
CU 명지대정문길점,2014-01-08,193303.802170644,453090.939536819,2026-04-28 22:00:57,I,03,폐업,2015-05-14 15:07:22,,2012-11-15,120-806,서울특별시 서대문구 남가좌동 324번지 1호,PHMH320123120033087500077,3120000,서울특별시 서대문구 거북골로 21 (남가좌동),,03,폐업,,,,
(주)비지에프휴먼넷 SK서부주유소점,2016-03-09,192760.827056034,451703.774668924,2026-04-28 22:01:01,I,03,폐업,2016-03-09 10:34:04,,2012-11-15,120-832,서울특별시 서대문구 연희동 446번지 4호,PHMH320123120033087500078,3120000,서울특별시 서대문구 성산로 255 (연희동),03706,03,폐업,,,,02-338-9043
CU 홍제햇살점,2013-07-19,194903.436866452,453982.107969763,2026-04-28 22:00:57,I,03,폐업,2015-05-14 15:20:29,,2012-11-15,120-859,서울특별시 서대문구 홍제동 308번지 8호,PHMH320123120033087500079,3120000,서울특별시 서대문구 통일로39길 22 (홍제동),,03,폐업,,,,
CU 북가좌증산교점,2019-03-26,192088.940762999,453534.998876182,2026-04-28 22:00:57,I,03,폐업,2019-03-26 16:57:10,,2012-11-15,120-815,서울특별시 서대문구 북가좌동 342번지 14호,PHMH320123120033087500080,3120000,서울특별시 서대문구 증가로 264 (북가좌동),03677,03,폐업,,,,02-376-7267
GS25 충현중앙점,2023-10-05,196032.46053929,451108.099807316,2026-04-28 22:00:57,I,03,폐업,2023-10-05 16:43:13,,2012-11-15,120-818,서울특별시 서대문구 북아현동 3번지 130호,PHMH320123120033087500081,3120000,서울특별시 서대문구 북아현로 54-1 (북아현동),03750,03,폐업,,,,
GS25 남가좌점,2016-04-21,193249.374273273,452740.258846365,2026-04-28 22:00:57,I,03,폐업,2016-04-21 13:16:53,,2012-11-15,120-806,서울특별시 서대문구 남가좌동 338번지 6호,PHMH320123120033087500083,3120000,서울특별시 서대문구 증가로 117 (남가좌동),03692,03,폐업,,,,02-376-6487
CU 충정로역점,2015-08-07,196824.072701729,450890.664072337,2026-04-28 22:00:57,I,03,폐업,2015-08-07 16:22:13,,2012-11-15,120-013,서울특별시 서대문구 충정로3가 465번지,PHMH320123120033087500084,3120000,서울특별시 서대문구 서소문로 27 (충정로3가),03741,03,폐업,,,,
(주)코리아세븐 서대문구청점,2021-10-01,194331.373227155,453267.756567614,2026-04-28 22:01:01,I,03,폐업,2021-10-01 14:44:30,,2012-11-15,120-848,서울특별시 서대문구 홍은동 427번지 3호,PHMH320123120033087500085,3120000,서울특별시 서대문구 연희로 276 (홍은동),03653,03,폐업,,,,02-3417-0711
(주)코리아세븐 충정로3가점,2018-07-19,196770.095230705,451052.426894689,2026-04-28 22:01:01,I,03,폐업,2018-07-20 09:53:11,,2012-11-15,120-840,서울특별시 서대문구 충정로3가 250번지 5호,PHMH320123120033087500086,3120000,서울특별시 서대문구 충정로 30 (충정로3가),03741,03,폐업,,,,02-392-3370
(주)바이더웨이 명지전문대점,2016-11-14,193369.32338522,453415.524806773,2026-04-28 22:01:01,I,03,폐업,2016-11-16 09:09:14,,2012-11-15,120-848,서울특별시 서대문구 홍은동 367번지,PHMH320123120033087500087,3120000,서울특별시 서대문구 가좌로 118 (홍은동),03659,03,폐업,,,,02-305-7641
(주)코리아세븐 홍제점,2012-12-26,195303.379115619,454480.84721674,2026-04-28 22:01:01,I,03,폐업,2015-05-18 14:10:01,,2012-11-15,120-857,서울특별시 서대문구 홍제동 273번지 34호,PHMH320123120033087500089,3120000,서울특별시 서대문구 세무서길 110 (홍제동),,03,폐업,,,,
(주)코리아세븐 신촌연세점,2020-12-16,194193.287759273,450642.479740988,2026-04-28 22:01:01,I,03,폐업,2020-12-17 10:02:21,,2012-11-16,120-834,서울특별시 서대문구 창천동 52번지 76호,PHMH320123120033087500092,3120000,서울특별시 서대문구 연세로7안길 31 (창천동),03788,03,폐업,,,,02-3142-5471
(주)코리아세븐 신촌현대점,2024-10-18,194311.793368477,450545.280344046,2026-04-28 22:01:01,I,03,폐업,2024-10-18 22:26:25,,2012-11-16,120-834,서울특별시 서대문구 창천동 31번지 55호,PHMH320123120033087500093,3120000,서울특별시 서대문구 연세로5가길 4 (창천동),03789,03,폐업,,,,
(주)코리아세븐 가재울아이파크점,2018-02-09,192380.048458303,452681.324896508,2026-04-28 22:01:01,I,03,폐업,2018-02-09 10:52:57,,2012-11-16,120-777,서울특별시 서대문구 북가좌동 458번지,PHMH320123120033087500094,3120000,"서울특별시 서대문구 거북골로14길 32 (북가좌동, 가재울아이파크상가)",03690,03,폐업,,,,02-302-5943
(주)코리아세븐 신촌중앙점,2017-11-07,194830.558313257,450726.670759355,2026-04-28 22:01:01,I,03,폐업,2017-11-07 17:19:12,,2012-11-16,120-170,서울특별시 서대문구 대현동 110번지 4호,PHMH320123120033087500096,3120000,서울특별시 서대문구 신촌역로 27 (대현동),03777,03,폐업,,,,02-312-3612
(주)코리아세븐 신촌6호점,2013-05-13,194422.096371548,450585.018348759,2026-04-28 22:01:01,I,03,폐업,2015-05-18 14:59:01,,2012-11-16,120-833,서울특별시 서대문구 창천동 13번지 29호,PHMH320123120033087500097,3120000,서울특별시 서대문구 명물길 14 (창천동),,03,폐업,,,,
(주)코리아세븐 신촌3호점,2021-10-18,194125.738623054,450504.59151374,2026-04-28 22:01:01,I,03,폐업,2021-10-18 16:09:04,,2012-11-16,120-834,서울특별시 서대문구 창천동 62번지 22호,PHMH320123120033087500099,3120000,서울특별시 서대문구 연세로5다길 22-3 (창천동),03787,03,폐업,,,,02-3141-3617
(주)코리아세븐 신촌현대2호점,2018-10-08,194220.832908489,450456.013973086,2026-04-28 22:01:01,I,03,폐업,2018-10-08 10:06:34,,2012-11-16,120-180,서울특별시 서대문구 창천동 62번지 4호,PHMH320123120033087500100,3120000,서울특별시 서대문구 연세로5길 32 (창천동),03789,03,폐업,,,,02-322-2934
(주)바이더웨이 이대1호점,2013-01-03,194852.826965679,450616.419656255,2026-04-28 22:01:01,I,03,폐업,2015-05-18 15:47:11,,2012-11-16,120-809,서울특별시 서대문구 대현동 104번지 1호,PHMH320123120033087500102,3120000,서울특별시 서대문구 신촌역로 13 (대현동),,03,폐업,,,,
(주)바이더웨이 명지대점,2019-01-17,193310.567638385,453033.327121757,2026-04-28 22:01:00,I,03,폐업,2019-01-17 17:21:08,,2012-11-16,120-806,서울특별시 서대문구 남가좌동 324번지 10호,PHMH320123120033087500103,3120000,서울특별시 서대문구 증가로10길 59 (남가좌동),03665,03,폐업,,,,02-374-2830
CU 연대동문점,2013-07-30,195090.64052466,451447.256998173,2026-04-28 22:00:57,I,03,폐업,2015-05-18 15:52:21,,2012-11-16,120-160,서울특별시 서대문구 대신동 91번지 3호,PHMH320123120033087500104,3120000,서울특별시 서대문구 연대동문길 69 (대신동),,03,폐업,,,,
(주)비지에프리테일 연세1호점,2013-10-08,194584.959249312,451381.585492051,2026-04-28 22:01:01,I,03,폐업,2015-05-18 16:03:49,,2012-11-20,120-752,서울특별시 서대문구 신촌동 134번지,PHMH320123120033087500105,3120000,"서울특별시 서대문구 연세로 50, 지하1층 (신촌동, 신촌세브란스병원 장례식장)",,03,폐업,,,,
(주)비지에프리테일 연세2호점,2013-10-08,194584.959249312,451381.585492051,2026-04-28 22:01:00,I,03,폐업,2015-05-18 16:08:09,,2012-11-20,120-752,서울특별시 서대문구 신촌동 134번지,PHMH320123120033087500106,3120000,"서울특별시 서대문구 연세로 50-1, 지하2층 (신촌동, 신촌세브란스병원 장례식장)",,03,폐업,,,,
CU 북가좌1동,2017-06-30,191686.781357428,453053.211371892,2026-04-28 22:00:57,I,03,폐업,2017-06-30 16:46:33,,2012-11-20,120-816,서울특별시 서대문구 북가좌동 348번지 17호,PHMH320123120033087500107,3120000,서울특별시 서대문구 거북골로 223 (북가좌동),03713,03,폐업,,,,02-302-1189
GS25 신촌으뜸점,2018-11-29,194421.8117872,450559.554371849,2026-04-28 22:00:57,I,03,폐업,2018-11-29 16:24:29,,2012-11-20,120-833,서울특별시 서대문구 창천동 18번지 3호,PHMH320123120033087500108,3120000,"서울특별시 서대문구 명물길 12-6, 1층 4호 (창천동)",03777,03,폐업,,,,02-313-6627
세븐일레븐 북가좌3호점,2012-11-30,192328.152488547,453540.066597957,2026-04-28 22:00:57,I,03,폐업,2015-06-18 15:47:18,,2012-11-26,120-815,서울특별시 서대문구 북가좌동 334번지 7호,PHMH320123120033087500109,3120000,서울특별시 서대문구 응암로 127-4 (북가좌동),,03,폐업,,,,
세븐일레븐 이대APM점,2014-05-30,195111.260244932,450650.678472527,2026-04-28 22:00:57,I,03,폐업,2015-06-18 16:22:56,,2012-11-27,120-808,서울특별시 서대문구 대현동 56번지 19호,PHMH320123120033087500112,3120000,서울특별시 서대문구 이화여대3길 6 (대현동),,03,폐업,,,,
세븐일레븐 신촌정화점,2013-06-07,194601.986089276,450739.794588653,2026-04-28 22:00:57,I,03,폐업,2015-06-18 16:28:35,,2012-11-27,120-833,서울특별시 서대문구 창천동 5번지 23호,PHMH320123120033087500113,3120000,서울특별시 서대문구 명물길 62 (창천동),,03,폐업,,,,
세븐일레븐 충정로경기대점,2015-01-21,196723.582344883,451317.439686301,2026-04-28 22:00:57,I,03,폐업,2015-06-18 17:34:29,,2012-11-27,120-012,서울특별시 서대문구 충정로2가 184번지 4호,PHMH320123120033087500114,3120000,서울특별시 서대문구 경기대로 58 (충정로2가),,03,폐업,,,,
인더라인25 신촌2호점,2025-05-27,194377.182402612,450586.947082232,2026-04-28 22:00:57,I,03,폐업,2025-05-27 13:20:06,,2012-11-27,120-180,서울특별시 서대문구 창천동 9번지 20호,PHMH320123120033087500115,3120000,서울특별시 서대문구 연세로 20 (창천동),03776,03,폐업,,,,070-8838-2700
CU 홍제성원점,2017-06-08,194952.897977562,453552.26174261,2026-04-28 22:00:57,I,03,폐업,2017-06-08 16:24:27,,2012-11-28,120-859,서울특별시 서대문구 홍제동 321번지,PHMH320123120033087500116,3120000,서울특별시 서대문구 모래내로 436 (홍제동),03728,03,폐업,,,,02-735-2207
세븐일레븐 독립문e편한점,2016-03-16,196375.657451939,452047.624926292,2026-04-28 22:00:57,I,03,폐업,2016-03-17 10:42:39,,2012-11-29,120-070,서울특별시 서대문구 영천동 69번지 35호,PHMH320123120033087500117,3120000,서울특별시 서대문구 독립문로1길 1 (영천동),03734,03,폐업,,,,02-364-7171
GS25 홍은제일점,2014-06-27,195203.62816373,454849.194831162,2026-04-28 22:00:57,I,03,폐업,2015-06-30 16:54:54,,2012-12-03,120-100,서울특별시 서대문구 홍은동 48번지 2호,PHMH320123120033087500120,3120000,서울특별시 서대문구 홍은중앙로 55 (홍은동),,03,폐업,,,,
GS25 신촌그린점,2018-07-31,194172.839903428,450641.554974725,2026-04-28 22:00:57,I,03,폐업,2018-07-31 14:39:50,,2012-12-03,120-834,서울특별시 서대문구 창천동 53번지 11호,PHMH320123120033087500121,3120000,서울특별시 서대문구 연세로7길 34-5 (창천동),03787,03,폐업,,,,
CU 신촌대현점,2017-03-03,194710.118824393,450537.335088881,2026-04-28 22:00:57,I,03,폐업,2017-03-03 17:20:39,,2012-12-06,120-809,서울특별시 서대문구 대현동 104번지 75호,PHMH320123120033087500123,3120000,서울특별시 서대문구 연세로2길 75 (대현동),03778,03,폐업,,,,02-363-8288
한국미니스톱 홍제역점,2014-10-30,194977.058134094,453921.487814219,2026-04-28 22:00:57,I,03,폐업,2015-07-01 14:11:19,,2012-12-07,120-858,서울특별시 서대문구 홍제동 306번지 8호,PHMH320123120033087500124,3120000,서울특별시 서대문구 통일로37길 18 (홍제동),,03,폐업,,,,
세븐일레븐 신촌제일점,2021-02-24,193995.091405742,450569.07546672,2026-04-28 22:00:57,I,03,폐업,2021-02-24 13:46:43,,2012-12-13,120-835,서울특별시 서대문구 창천동 111번지 15호,PHMH320123120033087500126,3120000,서울특별시 서대문구 신촌로11길 15 (창천동),03786,03,폐업,,,,02-3143-7457
CU 북가좌으뜸점,2020-02-04,192389.93867263,453254.215954867,2026-04-28 22:00:57,I,03,폐업,2020-02-04 11:15:03,,2012-12-13,120-812,서울특별시 서대문구 북가좌동 282번지 29호,PHMH320123120033087500127,3120000,서울특별시 서대문구 증가로 222 (북가좌동),03669,03,폐업,,,,
GS25 미근제일점,2018-05-31,197073.021981074,451336.27707417,2026-04-28 22:00:57,I,03,폐업,2018-05-31 11:53:41,,2012-12-14,120-020,서울특별시 서대문구 미근동 198번지,PHMH320123120033087500128,3120000,서울특별시 서대문구 통일로 105 (미근동),03739,03,폐업,,,,
GS25 가재울뉴타운점,2016-12-27,192028.41586192,452265.952165442,2026-04-28 22:00:57,I,03,폐업,2016-12-27 17:50:53,,2012-12-20,120-130,서울특별시 서대문구 북가좌동 144번지,PHMH320123120033087500130,3120000,"서울특별시 서대문구 수색로 100 (북가좌동, 가재울뉴타운3구역 1블럭)",03709,03,폐업,,,,
세븐일레븐 이대1호점,2018-01-09,194852.826965679,450616.419656255,2026-04-28 22:00:57,I,03,폐업,2018-01-09 17:19:18,,2012-12-20,120-809,서울특별시 서대문구 대현동 104번지 1호,PHMH320123120033087500131,3120000,서울특별시 서대문구 신촌역로 13 (대현동),03780,03,폐업,,,,02-363-0300
GS25 신촌명물점,2013-03-20,194518.269763524,450743.332695162,2026-04-28 22:00:57,I,03,폐업,2015-07-01 15:44:47,,2012-12-26,120-833,서울특별시 서대문구 창천동 2번지 22호,PHMH320123120033087500132,3120000,서울특별시 서대문구 연세로12길 32 (창천동),,03,폐업,,,,
GS25 연대사랑점,2014-05-28,193960.785320115,451616.545579799,2026-04-28 22:00:57,I,03,폐업,2015-07-01 15:58:04,,2012-12-31,120-829,서울특별시 서대문구 연희동 237번지 5호,PHMH320123120033087500133,3120000,서울특별시 서대문구 연희로12길 23 (연희동),,03,폐업,,,,
CU 홍제한성대점,2023-07-31,194974.204150296,453751.150431393,2026-04-28 22:00:57,I,03,폐업,2023-08-03 16:03:24,,2013-01-02,120-859,서울특별시 서대문구 홍제동 317번지 3호,PHMH320133120033087500001,3120000,서울특별시 서대문구 통일로37길 50 (홍제동),03645,03,폐업,,,,02-396-1015
미니스톱 연대동문점,2014-07-23,194991.129529772,451320.966530679,2026-04-28 22:00:57,I,03,폐업,2015-07-02 14:14:58,,2013-01-07,120-160,서울특별시 서대문구 대신동 84번지 5호,PHMH320133120033087500002,3120000,서울특별시 서대문구 연대동문길 37 (대신동),,03,폐업,,,,
미니스톱 신촌원룸점,2019-06-18,194102.8375641,450848.309912252,2026-04-28 22:00:57,I,03,폐업,2019-06-18 10:13:02,,2013-01-07,120-835,서울특별시 서대문구 창천동 89번지 27호,PHMH320133120033087500003,3120000,서울특별시 서대문구 성산로22길 22 (창천동),03727,03,폐업,,,,1577-9621
GS25 신촌연세점,2014-12-05,194266.631738054,450754.239984063,2026-04-28 22:00:57,I,03,폐업,2015-07-02 15:44:02,,2013-01-08,120-834,서울특별시 서대문구 창천동 52번지 150호,PHMH320133120033087500004,3120000,서울특별시 서대문구 연세로11길 16 (창천동),,03,폐업,,,,
GS25 경기대서울,2013-05-24,196889.992166193,451521.315565859,2026-04-28 22:00:57,I,03,폐업,2015-07-02 16:35:06,,2013-01-24,120-012,서울특별시 서대문구 충정로2가 5번지 9호,PHMH320133120033087500008,3120000,서울특별시 서대문구 통일로9안길 33 (충정로2가),,03,폐업,,,,
인더라인 24시 편의점,2017-05-04,195403.012333333,453610.452666666,2026-04-28 22:00:57,I,03,폐업,2017-05-08 10:33:43,,2013-01-30,120-854,서울특별시 서대문구 홍제동 103번지 3호,PHMH320133120033087500011,3120000,서울특별시 서대문구 통일로 392 (홍제동),03633,03,폐업,,,,
GS25 모래내제일점,2021-06-24,192534.529556917,451902.338387049,2026-04-28 22:00:57,I,03,폐업,2021-06-24 17:04:28,,2013-02-12,120-802,서울특별시 서대문구 남가좌동 102번지 20호,PHMH320133120033087500013,3120000,서울특별시 서대문구 수색로2길 12 (남가좌동),03712,03,폐업,,,,02-372-4828
GS25 북가좌은가점,2020-03-30,192855.726838194,453379.024475769,2026-04-28 22:00:57,I,03,폐업,2020-03-31 10:30:40,,2013-03-04,120-810,서울특별시 서대문구 북가좌동 3번지 15호,PHMH320133120033087500014,3120000,서울특별시 서대문구 증가로12나길 101 (북가좌동),03671,03,폐업,,,,02-303-8334
GS25 명지연가점,2014-09-30,,,2026-04-28 22:00:57,I,03,폐업,2015-07-27 15:26:57,,2013-03-08,120-807,서울특별시 서대문구 남가좌동 354번지 5호,PHMH320133120033087500015,3120000,서울특별시 서대문구 거북골로 54 (남가좌동),,03,폐업,,,,
GS25 신촌명물점,2014-03-21,194518.269763524,450743.332695162,2026-04-28 22:00:57,I,03,폐업,2015-07-27 15:33:12,,2013-03-22,120-833,서울특별시 서대문구 창천동 2번지 22호,PHMH320133120033087500016,3120000,서울특별시 서대문구 연세로12길 32 (창천동),,03,폐업,,,,
GS25 북가좌초교,2018-05-24,191793.47656279,452964.210882837,2026-04-28 22:00:57,I,03,폐업,2018-05-24 09:57:08,,2013-04-01,120-816,서울특별시 서대문구 북가좌동 366번지 19호,PHMH320133120033087500017,3120000,서울특별시 서대문구 거북골로 209 (북가좌동),03713,03,폐업,,,,02-376-0035
세븐일레븐 북가좌행복점,2021-06-16,192208.019964934,453383.290788716,2026-04-28 22:00:57,I,03,폐업,2021-06-16 13:45:34,,2013-04-15,120-814,서울특별시 서대문구 북가좌동 329번지 8호,PHMH320133120033087500018,3120000,서울특별시 서대문구 증가로 243 (북가좌동),03678,03,폐업,,,,02-308-9590
GS25 연희평화점,2014-04-18,193696.516745233,451482.646395102,2026-04-28 22:00:57,I,03,폐업,2015-07-27 15:54:14,,2013-04-29,120-825,서울특별시 서대문구 연희동 193번지 2호,PHMH320133120033087500019,3120000,서울특별시 서대문구 연희로 81-5 (연희동),,03,폐업,,,,
GS25 남가좌으뜸점,2014-09-30,192559.994725361,452852.020155302,2026-04-28 22:00:57,I,03,폐업,2015-07-27 17:22:02,,2013-07-18,120-762,서울특별시 서대문구 남가좌동 377번지,PHMH320133120033087500022,3120000,서울특별시 서대문구 증가로 191 (남가좌동),,03,폐업,,,,
(주)비지에프리테일 연대동문점,2014-04-08,195090.64052466,451447.256998173,2026-04-28 22:01:00,I,03,폐업,2015-07-27 17:25:43,,2013-07-30,120-160,서울특별시 서대문구 대신동 91번지 3호,PHMH320133120033087500023,3120000,서울특별시 서대문구 연대동문길 69 (대신동),,03,폐업,,,,
GS25 북가좌현대점,2015-12-22,191572.384552653,452619.692208763,2026-04-28 22:00:57,I,03,폐업,2015-12-22 16:02:37,,2013-08-13,120-816,서울특별시 서대문구 북가좌동 382번지 17호,PHMH320133120033087500024,3120000,서울특별시 서대문구 수색로10길 18 (북가좌동),03714,03,폐업,,,,
CU 북아현중앙점,2023-07-31,195920.774991749,451261.096693919,2026-04-28 22:00:57,I,03,폐업,2023-08-01 09:51:31,,2013-08-28,120-865,서울특별시 서대문구 북아현동 1번지 204호,PHMH320133120033087500025,3120000,서울특별시 서대문구 북아현로 72 (북아현동),03748,03,폐업,,,,02-363-8600
GS25 남가좌제일점,2014-09-30,192456.860923375,452875.190039844,2026-04-28 22:00:57,I,03,폐업,2015-07-28 13:39:10,,2013-09-17,120-810,서울특별시 서대문구 북가좌동 75번지 7호,PHMH320133120033087500026,3120000,서울특별시 서대문구 증가로 197-60 (북가좌동),,03,폐업,,,,
GS25 홍제온누리점,2018-09-18,194314.672429518,453616.473728428,2026-04-28 22:00:57,I,03,폐업,2018-09-19 10:41:15,,2013-09-27,120-861,서울특별시 서대문구 홍제동 361번지 5호,PHMH320133120033087500027,3120000,서울특별시 서대문구 홍제내2나길 2 (홍제동),03642,03,폐업,,,,
GS25 명지제일점,2018-01-30,193227.58320522,453708.437737889,2026-04-28 22:00:57,I,03,폐업,2018-01-30 15:17:05,,2013-09-27,120-848,서울특별시 서대문구 홍은동 338번지 31호,PHMH320133120033087500028,3120000,서울특별시 서대문구 가좌로4길 16 (홍은동),03655,03,폐업,,,,
CU 홍제햇살점,2016-02-24,194903.436866452,453982.107969763,2026-04-28 22:00:57,I,03,폐업,2016-02-24 14:49:56,,2013-11-11,120-859,서울특별시 서대문구 홍제동 308번지 8호,PHMH320133120033087500029,3120000,서울특별시 서대문구 통일로39길 22 (홍제동),03637,03,폐업,,,,02-379-9413
GS25 북아현로,2023-12-22,195666.45164087,451394.022868094,2026-04-28 22:00:57,I,03,폐업,2023-12-22 11:45:24,,2013-11-11,120-818,서울특별시 서대문구 북아현동 189번지 2호,PHMH320133120033087500030,3120000,서울특별시 서대문구 북아현로 105 (북아현동),03761,03,폐업,,,,
GS25 연대연희점,2015-10-02,193614.825131121,451329.888948798,2026-04-28 22:00:57,I,03,폐업,2015-10-02 16:36:20,,2013-12-18,120-828,서울특별시 서대문구 연희동 218번지 1호,PHMH320133120033087500031,3120000,서울특별시 서대문구 연희로 63 (연희동),03716,03,폐업,,,,02-324-9225
CU 명지대정문길점,2018-12-21,193303.802170644,453090.939536819,2026-04-28 22:00:57,I,03,폐업,2018-12-21 17:34:29,,2014-02-20,120-806,서울특별시 서대문구 남가좌동 324번지 1호,PHMH320143120033087500003,3120000,서울특별시 서대문구 거북골로 21 (남가좌동),03665,03,폐업,,,,02-303-7778
지에스25 홍제인왕점,2022-07-05,195413.838784804,453711.374860446,2026-04-28 22:00:57,I,03,폐업,2022-07-05 14:59:01,,2014-02-21,,서울특별시 서대문구 홍제동 107번지 2호 대영빌딩 1층,PHMH320143120033087500004,3120000,"서울특별시 서대문구 통일로34길 15, 대영빌딩 1층 (홍제동)",03632,03,폐업,,,,02-737-5394
365PLUS 신촌푸르지오점,2015-05-20,194855.910937446,450573.690449065,2026-04-28 22:00:57,I,03,폐업,2015-07-29 11:25:48,,2014-03-05,120-809,서울특별시 서대문구 대현동 104번지 5호,PHMH320143120033087500006,3120000,서울특별시 서대문구 신촌역로 7 (대현동),,03,폐업,,,,
(주)비지에프리테일 연세암병원점,2015-10-06,194584.959249312,451381.585492051,2026-04-28 22:01:01,I,03,폐업,2015-10-06 17:21:05,,2014-03-17,120-752,서울특별시 서대문구 신촌동 134번지,PHMH320143120033087500007,3120000,"서울특별시 서대문구 연세로 50-1, 지하1층 (신촌동, 연세암병원)",03722,03,폐업,,,,02-2671-9169
GS25 신촌명물점,2018-02-27,194518.269763524,450743.332695162,2026-04-28 22:00:57,I,03,폐업,2018-02-27 17:55:39,,2014-03-21,120-833,서울특별시 서대문구 창천동 2번지 22호,PHMH320143120033087500008,3120000,서울특별시 서대문구 연세로12길 32 (창천동),03776,03,폐업,,,,02-704-2642
GS25 홍제한빛점,2018-12-20,194860.282811202,453932.725940066,2026-04-28 22:00:57,I,03,폐업,2018-12-20 15:35:44,,2014-05-16,120-859,서울특별시 서대문구 홍제동 308번지 86호,PHMH320143120033087500009,3120000,서울특별시 서대문구 통일로39길 34 (홍제동),03637,03,폐업,,,,
CU 연세동문점,2017-06-12,194966.563464168,451255.878704297,2026-04-28 22:00:57,I,03,폐업,2017-06-12 10:00:46,,2014-05-27,120-160,서울특별시 서대문구 대신동 50번지 1호,PHMH320143120033087500010,3120000,"서울특별시 서대문구 연대동문길 26 (대신동, 가든빌딩)",03721,03,폐업,,,,02-365-6914
CU 남가좌그린점,2023-04-27,193379.870387854,452931.074727899,2026-04-28 22:00:57,I,03,폐업,2023-04-27 17:36:29,,2014-05-29,120-848,서울특별시 서대문구 홍은동 412번지 2호,PHMH320143120033087500011,3120000,서울특별시 서대문구 증가로8길 42-1 (홍은동),03664,03,폐업,,,,02-373-0831
(주)지에스리테일 GS25 연대사랑점,2014-09-26,193960.785320115,451616.545579799,2026-04-28 22:01:01,I,03,폐업,2015-07-29 14:20:25,,2014-06-03,120-829,서울특별시 서대문구 연희동 237번지 5호,PHMH320143120033087500012,3120000,서울특별시 서대문구 연희로12길 23 (연희동),,03,폐업,,,,
GS25 이대역점,2024-04-02,195245.201210207,450551.128602701,2026-04-28 22:00:57,I,03,폐업,2024-04-02 14:28:41,,2014-06-27,120-808,서울특별시 서대문구 대현동 45번지 5호,PHMH320143120033087500013,3120000,"서울특별시 서대문구 신촌로 189, B205호 (대현동)",03767,03,폐업,,,,02-363-6255
CU 홍은두산점,2024-08-28,193817.235736227,452911.547097353,2026-04-28 22:00:57,I,03,폐업,2024-08-28 11:46:55,,2014-08-19,120-848,서울특별시 서대문구 홍은동 395번지 21호,PHMH320143120033087500014,3120000,서울특별시 서대문구 모래내로 299 (홍은동),03659,03,폐업,,,,02-372-6914
GS25 신촌현대점,2018-07-26,194842.291232686,450666.510310035,2026-04-28 22:00:57,I,03,폐업,2018-07-26 17:09:34,,2014-09-25,120-809,서울특별시 서대문구 대현동 110번지 20호,PHMH320143120033087500015,3120000,"서울특별시 서대문구 신촌역로 17, 111호 (대현동, 신촌현대캠퍼빌)",03780,03,폐업,,,,02-6383-1347
CU 홍제한양점,2021-10-14,195259.429272709,453430.811542203,2026-04-28 22:00:57,I,03,폐업,2021-10-14 14:11:02,,2014-09-29,120-782,서울특별시 서대문구 홍제동 82번지,PHMH320143120033087500017,3120000,서울특별시 서대문구 통일로25길 30 (홍제동),03730,03,폐업,,,,02-3210-3838
CU 홍제행복점,2015-03-11,194406.735540787,453717.245311731,2026-04-28 22:00:57,I,03,폐업,2015-07-29 17:42:32,,2014-09-29,120-861,서울특별시 서대문구 홍제동 360번지 5호,PHMH320143120033087500018,3120000,서울특별시 서대문구 송죽길 69 (홍제동),,03,폐업,,,,
GS25 남가좌명지점,2016-08-10,193094.167908249,452909.093830435,2026-04-28 22:00:57,I,03,폐업,2016-08-10 17:48:10,,2014-09-30,120-807,서울특별시 서대문구 남가좌동 343번지 50호,PHMH320143120033087500019,3120000,서울특별시 서대문구 거북골로 51 (남가좌동),03665,03,폐업,,,,
CU 홍은개나리점,2017-07-31,194145.874749238,454466.425516121,2026-04-28 22:00:57,I,03,폐업,2017-07-31 15:28:58,,2014-10-23,120-845,서울특별시 서대문구 홍은동 191번지 23호,PHMH320143120033087500020,3120000,서울특별시 서대문구 연희로41길 87 (홍은동),03650,03,폐업,,,,
한국미니스톱 홍제역점,2018-09-21,194977.058134094,453921.487814219,2026-04-28 22:00:57,I,03,폐업,2018-09-27 18:05:45,,2014-10-31,120-858,서울특별시 서대문구 홍제동 306번지 8호,PHMH320143120033087500021,3120000,서울특별시 서대문구 통일로37길 18 (홍제동),03639,03,폐업,,,,02-391-5140
CU 연희로점,2018-04-30,193867.14033868,451635.241163248,2026-04-28 22:00:57,I,03,폐업,2018-04-30 17:13:23,,2014-11-21,120-830,서울특별시 서대문구 연희동 136번지 7호,PHMH320143120033087500023,3120000,"서울특별시 서대문구 연희로 102, 101호 (연희동, 아농스오피스텔)",03724,03,폐업,,,,02-335-5308
GS25 남가좌제일점,2022-10-11,192456.860923375,452875.190039844,2026-04-28 22:00:57,I,03,폐업,2022-10-12 10:02:09,,2014-11-27,120-810,서울특별시 서대문구 북가좌동 75번지 7호,PHMH320143120033087500024,3120000,서울특별시 서대문구 증가로 197-60 (북가좌동),03685,03,폐업,,,,02-304-3898
CU 신촌제일점,2023-01-10,194150.871460452,450739.581459093,2026-04-28 22:00:57,I,03,폐업,2023-01-10 16:01:10,,2012-11-20,120-834,서울특별시 서대문구 창천동 53번지 73호,PHMH320153120033087500001,3120000,서울특별시 서대문구 연세로11길 39 (창천동),03787,03,폐업,,,,02-323-9267
CU 연세교차로점,2025-05-23,194025.75561143,450911.212705814,2026-04-28 22:00:57,I,03,폐업,2025-05-26 09:27:25,,2015-01-21,120-835,서울특별시 서대문구 창천동 92번지 6호,PHMH320153120033087500002,3120000,서울특별시 서대문구 성산로22길 4-2 (창천동),03727,03,폐업,,,,02-322-2991
세븐일레븐 배꽃나래점,2018-05-23,194928.221088869,450556.560059493,2026-04-28 22:00:57,I,03,폐업,2018-05-23 16:30:44,,2015-01-26,120-809,서울특별시 서대문구 대현동 101번지 10호,PHMH320153120033087500004,3120000,서울특별시 서대문구 이화여대1길 42-1 (대현동),03766,03,폐업,,,,02-363-5064
CU 홍은그린점,2016-05-09,194186.075318802,453221.936468334,2026-04-28 22:00:57,I,03,폐업,2016-05-09 17:26:59,,2015-01-30,120-847,서울특별시 서대문구 홍은동 274번지 3호,PHMH320153120033087500005,3120000,서울특별시 서대문구 모래내로 347 (홍은동),03654,03,폐업,,,,02-395-1265
GS25 서대문디오빌,2021-06-23,196829.272845892,451317.18963079,2026-04-28 22:00:57,I,03,폐업,2021-06-23 11:29:15,,2015-02-11,120-731,서울특별시 서대문구 충정로2가 192번지,PHMH320153120033087500006,3120000,"서울특별시 서대문구 충정로 59, 102호 (충정로2가, 대우디오빌)",03736,03,폐업,,,,
(주)코리아세븐 연대연희점,2025-07-10,193888.299516014,451549.293329013,2026-04-28 22:01:00,I,03,폐업,2025-07-10 17:51:23,,2015-04-24,120-830,서울특별시 서대문구 연희동 187번지 3호,PHMH320153120033087500008,3120000,서울특별시 서대문구 연희로10길 15 (연희동),03725,03,폐업,,,,
미니스톱 연대동문점,2015-09-02,194991.129529772,451320.966530679,2026-04-28 22:01:01,I,03,폐업,2015-09-02 16:01:35,,2015-04-27,120-160,서울특별시 서대문구 대신동 84번지 5호,PHMH320153120033087500009,3120000,서울특별시 서대문구 연대동문길 37 (대신동),03721,03,폐업,,,,1577-9621
씨유(CU) 신촌푸르지오점,2017-07-06,194855.910937446,450573.690449065,2026-04-28 22:00:57,I,03,폐업,2017-07-06 10:38:55,,2015-06-12,,서울특별시 서대문구 대현동 104번지 5호,PHMH320153120033087500012,3120000,"서울특별시 서대문구 신촌역로 7, 1층 106호, 107호 (대현동)",03780,03,폐업,,,,02-312-7771
CU 연희효율점,2023-04-26,193504.14113405,452500.763885035,2026-04-28 22:00:58,I,03,폐업,2023-04-26 16:27:31,,2015-07-20,120-827,서울특별시 서대문구 연희동 702번지 12호,PHMH320153120033087500015,3120000,서울특별시 서대문구 증가로 82 (연희동),03695,03,폐업,,,,02-332-9662
세븐일레븐 서대문연희로점,2019-07-09,193738.607716488,451524.77788162,2026-04-28 22:00:58,I,03,폐업,2019-07-09 17:30:22,,2015-07-24,120-825,서울특별시 서대문구 연희동 188번지 7호,PHMH320153120033087500016,3120000,서울특별시 서대문구 연희로 85 (연희동),03708,03,폐업,,,,02-3141-8896
CU 충정로역점,2023-09-25,196824.072701729,450890.664072337,2026-04-28 22:00:58,I,03,폐업,2023-09-25 16:46:31,,2015-08-07,,서울특별시 서대문구 충정로3가 465번지,PHMH320153120033087500017,3120000,"서울특별시 서대문구 서소문로 27, 1층 104호 (충정로3가, 충정리시온)",03741,03,폐업,,,,02-364-8071
CU 이대신촌역점,2020-01-08,194917.977070257,450700.085503072,2026-04-28 22:00:58,I,03,폐업,2020-01-08 16:28:26,,2015-08-20,,서울특별시 서대문구 대현동 27번지 51호,PHMH320153120033087500019,3120000,서울특별시 서대문구 이화여대7길 46 (대현동),03766,03,폐업,,,,02-313-2048
미니스톱 연대동문점,2017-08-30,194991.129529772,451320.966530679,2026-04-28 22:00:58,I,03,폐업,2017-08-30 17:38:50,,2015-09-02,,서울특별시 서대문구 대신동 84번지 5호,PHMH320153120033087500020,3120000,"서울특별시 서대문구 연대동문길 37 (대신동, 대신빌딩)",03721,03,폐업,,,,
365 플러스 홍제래미안,2017-05-24,195628.369464108,452896.433148713,2026-04-28 22:00:58,I,03,폐업,2017-05-24 14:25:48,,2015-09-17,,서울특별시 서대문구 홍제동 461번지,PHMH320153120033087500022,3120000,"서울특별시 서대문구 통일로 319, 101,103호 (홍제동, 홍제삼성래미안)",03731,03,폐업,,,,
미니스톱 이대역점,2020-09-28,195132.505510061,450552.709689412,2026-04-28 22:00:58,I,03,폐업,2020-09-28 13:27:50,,2015-09-18,,서울특별시 서대문구 대현동 40번지 4호,PHMH320153120033087500023,3120000,서울특별시 서대문구 이화여대길 7 (대현동),03766,03,폐업,38,,,02-365-6513
GS25 가재울이편한점,2019-09-17,192028.41586192,452265.952165442,2026-04-28 22:00:58,I,03,폐업,2019-09-17 16:49:41,,2015-09-21,,서울특별시 서대문구 북가좌동 DMC래미안e편한세상1단지상가3동 1층 3-01호,PHMH320153120033087500024,3120000,"서울특별시 서대문구 수색로 100, 1단지상가3동 1층 3-01호 (북가좌동, DMC래미안e편한세상)",03709,03,폐업,,,,
GS25 연대연희점,2024-07-22,193614.825131121,451329.888948798,2026-04-28 22:00:58,I,03,폐업,2024-07-22 12:35:59,,2015-10-05,,서울특별시 서대문구 연희동 218번지 1호,PHMH320153120033087500025,3120000,"서울특별시 서대문구 연희로 63, 1층 101호 (연희동, 연희체스트빌)",03716,03,폐업,,,,02-324-9225
(주)비지에프휴먼넷 연세암병원점,2016-01-05,194584.959249312,451381.585492051,2026-04-28 22:01:01,I,03,폐업,2016-01-05 17:48:32,,2015-10-07,,서울특별시 서대문구 신촌동 134번지 연세암병원 지하1층,PHMH320153120033087500026,3120000,"서울특별시 서대문구 연세로 50-1, 지하1층층 (신촌동, 연세암병원)",03722,03,폐업,92,,,02-535-6103
(주)비지에프휴먼넷 신촌세브란스병원점,2016-01-05,194584.959249312,451381.585492051,2026-04-28 22:01:01,I,03,폐업,2016-01-05 17:48:21,,2015-10-07,,서울특별시 서대문구 신촌동 134번지 신촌세브란스병원본관 3층,PHMH320153120033087500027,3120000,"서울특별시 서대문구 연세로 50-1, 3층 (신촌동, 신촌세브란스병원본관)",03722,03,폐업,265,,,
CU 독립문행복점,2020-10-15,195908.139885333,452264.385459132,2026-04-28 22:00:58,I,03,폐업,2020-10-15 15:40:18,,2015-10-29,,서울특별시 서대문구 현저동 201번지,PHMH320153120033087500028,3120000,"서울특별시 서대문구 독립문공원길 95, 101,102호 (현저동, 독립문극동아파트상가동)",03733,03,폐업,57,,,02-363-5792
CU 가재울 초교점,2017-11-06,192791.022333387,452439.537219935,2026-04-28 22:00:58,I,03,폐업,2017-11-06 11:10:14,,2015-11-03,,서울특별시 서대문구 남가좌동 191번지 22호,PHMH320153120033087500029,3120000,"서울특별시 서대문구 모래내로15길 60, 1층 (남가좌동)",03710,03,폐업,,,,
GS25 홍제유원점,2021-05-03,195556.81147071,454682.087809696,2026-04-28 22:00:58,I,03,폐업,2021-05-03 17:13:05,,2015-11-09,,서울특별시 서대문구 홍제동 6번지 23호,PHMH320153120033087500030,3120000,서울특별시 서대문구 세검정로4가길 18 (홍제동),03620,03,폐업,40,,,
GS25 가재울현대,2023-12-18,192833.41077136,452401.808570152,2026-04-28 22:00:58,I,03,폐업,2023-12-18 15:53:56,,2015-11-24,,서울특별시 서대문구 남가좌동 197번지 5호,PHMH320153120033087500031,3120000,서울특별시 서대문구 모래내로15길 50 (남가좌동),03710,03,폐업,73,,,02-303-5716
GS25 가재울아이파크,2021-04-01,192672.067512964,452221.960661496,2026-04-28 22:00:58,I,03,폐업,2021-04-01 14:03:27,,2015-11-25,,서울특별시 서대문구 남가좌동 124번지 1호 DMC파크뷰자이 103동 102호,PHMH320153120033087500032,3120000,"서울특별시 서대문구 가재울미래로 2, 103동 102호 (남가좌동, DMC파크뷰자이)",03711,03,폐업,66,,,
세븐일레븐 가재울현대점,2024-06-10,192874.514454351,452525.219515622,2026-04-28 22:00:58,I,03,폐업,2024-06-10 19:18:08,,2015-11-30,,서울특별시 서대문구 남가좌동 376번지,PHMH320153120033087500033,3120000,"서울특별시 서대문구 가재울로 45, 1층 (남가좌동, 현대아파트상가동)",03710,03,폐업,26,,,
GS25 북가좌현대점,2020-03-03,191572.384552653,452619.692208763,2026-04-28 22:00:58,I,03,폐업,2020-03-03 11:02:26,,2015-12-30,,서울특별시 서대문구 북가좌동 382번지 17호,PHMH320153120033087500035,3120000,서울특별시 서대문구 수색로10길 18 (북가좌동),03714,03,폐업,26,,,02-304-6372
세븐일레븐 홍제포방교점,2022-08-04,195404.768042013,455031.716730093,2026-04-28 22:00:58,I,03,폐업,2022-08-04 13:22:43,,2016-01-05,,서울특별시 서대문구 홍제동 285번지 33호,PHMH320163120033087500001,3120000,서울특별시 서대문구 포방터길 20 (홍제동),03617,03,폐업,66,,,
(주)비지에프리테일 신촌세브란스병원점,2017-11-16,194584.959249312,451381.585492051,2026-04-28 22:01:00,I,03,폐업,2017-11-16 15:28:18,,2016-01-06,,서울특별시 서대문구 신촌동 134번지 연세의료원 본관 3층,PHMH320163120033087500002,3120000,"서울특별시 서대문구 연세로 50-1, 3층 (신촌동, 연세의료원 본관)",03722,03,폐업,320,,,02-2227-7820
(주)비지에프리테일 연세암병원점,2017-11-16,194584.959249312,451381.585492051,2026-04-28 22:01:01,I,03,폐업,2017-11-16 15:33:06,,2016-01-06,,서울특별시 서대문구 신촌동 134번지 연세암병원 아케이드 지하1층,PHMH320163120033087500003,3120000,"서울특별시 서대문구 연세로 50-1, 아케이드 지하1층 (신촌동, 연세의료원)",03722,03,폐업,116,,,02-2227-8262
CU 서대문증가로점,2025-05-22,192757.302382781,453290.704234808,2026-04-28 22:00:58,I,03,폐업,2025-05-22 14:22:46,,2016-01-06,,서울특별시 서대문구 북가좌동 5번지 25호,PHMH320163120033087500004,3120000,서울특별시 서대문구 증가로20길 64 (북가좌동),03671,03,폐업,54,,,02-304-5158
GS25 연대대신점,2021-01-13,195185.293371497,451689.249898593,2026-04-28 22:00:58,I,03,폐업,2021-01-13 11:47:24,,2016-02-25,,서울특별시 서대문구 대신동 124번지,PHMH320163120033087500005,3120000,"서울특별시 서대문구 봉원사길 19, 1층 (대신동)",03721,03,폐업,66,,,
CU 북가좌행복점,2019-04-30,192231.051427288,452987.846882888,2026-04-28 22:00:58,I,03,폐업,2019-04-30 16:54:16,,2016-03-07,,서울특별시 서대문구 북가좌동 82번지 6호,PHMH320163120033087500006,3120000,"서울특별시 서대문구 거북골로14길 95, 1층 (북가좌동)",03683,03,폐업,33,,,
CU SK서부주유소점,2025-12-01,192760.827056034,451703.774668924,2026-04-28 22:00:58,I,03,폐업,2025-12-01 15:51:04,,2016-03-09,,서울특별시 서대문구 연희동 446번지 4호,PHMH320163120033087500008,3120000,"서울특별시 서대문구 성산로 255 (연희동, 삼미상사(주)서부주유소)",03706,03,폐업,80,,,02-338-9043
CU 홍제햇살점,2023-06-20,194903.436866452,453982.107969763,2026-04-28 22:00:58,I,03,폐업,2023-06-21 13:26:14,,2016-03-14,,서울특별시 서대문구 홍제동 308번지 8호,PHMH320163120033087500010,3120000,"서울특별시 서대문구 통일로39길 22, 지층 (홍제동)",03637,03,폐업,50,,,02-379-9413
세븐일레븐 북아현 가구거리점,2016-09-27,196142.78541448,450690.777268007,2026-04-28 22:00:58,I,03,폐업,2016-09-27 11:08:43,,2016-03-17,,서울특별시 서대문구 북아현동 125번지 27호,PHMH320163120033087500011,3120000,서울특별시 서대문구 북아현로2길 10 (북아현동),03757,03,폐업,,,,02-313-7300
세븐일레븐 홍은중앙길점,2017-08-03,195343.899110356,455203.422749202,2026-04-28 22:00:58,I,03,폐업,2017-08-04 14:13:10,,2016-03-23,,서울특별시 서대문구 홍은동 9번지 106호,PHMH320163120033087500012,3120000,서울특별시 서대문구 홍은중앙로 96 (홍은동),03605,03,폐업,,,,070-8865-9471
세븐일레븐 독립문 e-편한점,2021-03-31,196375.657451939,452047.624926292,2026-04-28 22:00:58,I,03,폐업,2021-03-31 11:19:30,,2016-04-07,,서울특별시 서대문구 영천동 69번지 35호,PHMH320163120033087500013,3120000,서울특별시 서대문구 독립문로1길 1 (영천동),03734,03,폐업,,,,02-364-7171
GS25 남가좌점,2018-06-28,193249.374273273,452740.258846365,2026-04-28 22:00:58,I,03,폐업,2018-06-28 16:17:46,,2016-04-21,,서울특별시 서대문구 남가좌동 338번지 6호,PHMH320163120033087500014,3120000,"서울특별시 서대문구 증가로 117, 1층 (남가좌동)",03692,03,폐업,,,,02-376-6487
GS25 서대문천연,2025-05-09,196488.264570002,451841.267097332,2026-04-28 22:00:58,I,03,폐업,2025-05-09 15:24:48,,2016-05-11,,서울특별시 서대문구 천연동 80번지 15호,PHMH320163120033087500016,3120000,"서울특별시 서대문구 독립문로8길 8 (천연동, 준빌딩)",03744,03,폐업,,,,
세븐일레븐 연대기숙사점,2018-02-28,195090.64052466,451447.256998173,2026-04-28 22:00:58,I,03,폐업,2018-02-28 13:34:35,,2016-06-13,,서울특별시 서대문구 대신동 91번지 3호,PHMH320163120033087500017,3120000,서울특별시 서대문구 연대동문길 69 (대신동),03721,03,폐업,,,,02-365-1856
CU북가좌제일점,2021-07-26,192325.588773411,453650.654292573,2026-04-28 22:00:58,I,03,폐업,2021-07-26 13:20:25,,2016-06-20,,서울특별시 서대문구 북가좌동 337번지 37호,PHMH320163120033087500018,3120000,"서울특별시 서대문구 증가로32안길 56, 101호 (북가좌동, 첼라넥스빌)",03676,03,폐업,,,,
세븐일레븐 북가좌거북점,2025-07-28,191853.555198776,453028.39233426,2026-04-28 22:00:58,I,03,폐업,2025-07-28 14:22:35,,2016-06-30,,서울특별시 서대문구 북가좌동 319-17 블리스빌 1층,PHMH320163120033087500019,3120000,"서울특별시 서대문구 거북골로22길 13, 1층 (북가좌동, 블리스빌)",03680,03,폐업,,,,02-302-2817
미니스톱 가재울현대점,2017-12-22,192672.067512964,452221.960661496,2026-04-28 22:00:58,I,03,폐업,2017-12-22 16:47:46,,2016-07-01,,서울특별시 서대문구 남가좌동 124번지 1호,PHMH320163120033087500020,3120000,"서울특별시 서대문구 가재울미래로 2, 105동 101호 (남가좌동, DMC파크뷰자이)",03711,03,폐업,,,,
(주)코리아세븐 이대APM점,2019-02-27,195111.260244932,450650.678472527,2026-04-28 22:01:01,I,03,폐업,2019-02-27 17:54:27,,2016-07-29,,서울특별시 서대문구 대현동 56번지 19호,PHMH320163120033087500021,3120000,"서울특별시 서대문구 이화여대3길 6, 1층 (대현동)",03766,03,폐업,,,,
GS25 남가좌명지점,2017-02-17,193094.167908249,452909.093830435,2026-04-28 22:01:00,I,03,폐업,2017-02-17 17:20:08,,2016-08-11,,,PHMH320163120033087500022,3120000,서울특별시 서대문구 거북골로 51 (남가좌동),03665,03,폐업,,,,
씨유연희서연점,2019-12-27,193601.56564972,451889.419817712,2026-04-28 22:00:58,I,03,폐업,2019-12-27 15:37:21,,2016-08-12,,서울특별시 서대문구 연희동 116번지 5호,PHMH320163120033087500023,3120000,서울특별시 서대문구 연희로11바길 2 (연희동),03701,03,폐업,,,,
미니스톱 명지대점,2018-07-05,193405.430584457,453179.09433056,2026-04-28 22:00:58,I,03,폐업,2018-07-05 17:43:30,,2016-08-30,,서울특별시 서대문구 홍은동 409번지 1호 1층,PHMH320163120033087500024,3120000,"서울특별시 서대문구 거북골로 9, 1층 (홍은동)",03662,03,폐업,,,,
CU남가좌명지점,2023-04-11,193153.086628267,452895.104911722,2026-04-28 22:00:58,I,03,폐업,2023-04-11 16:53:20,,2016-10-12,,서울특별시 서대문구 남가좌동 343번지 27호,PHMH320163120033087500026,3120000,"서울특별시 서대문구 증가로10길 17, 1층 (남가좌동)",03665,03,폐업,,,,
(주)코리아세븐 신촌연세2호점,2024-09-03,194173.277430094,450712.805340249,2026-04-28 22:01:01,I,03,폐업,2024-09-03 16:04:34,,2016-10-27,,서울특별시 서대문구 창천동 53번지 82호,PHMH320163120033087500027,3120000,"서울특별시 서대문구 연세로9길 34-1 (창천동, 오죽헌빌딩)",03787,03,폐업,,,,
GS25 DMC가재울,2018-03-05,192672.067512964,452221.960661496,2026-04-28 22:00:58,I,03,폐업,2018-03-05 17:39:12,,2016-12-06,,서울특별시 서대문구 남가좌동 124번지 1호,PHMH320163120033087500032,3120000,"서울특별시 서대문구 가재울미래로 2, 203동 101호 (남가좌동, DMC파크뷰자이)",03711,03,폐업,,,,02-308-0416
세븐일레븐 연대제일점,2017-12-14,193803.873342562,451184.219024663,2026-04-28 22:00:58,I,03,폐업,2017-12-14 13:02:05,,2017-01-03,,서울특별시 서대문구 연희동 344번지 98호,PHMH320173120033087500002,3120000,서울특별시 서대문구 성산로 380 (연희동),03727,03,폐업,,,,
씨유 명지충암점,2019-06-27,193163.002986134,453374.372126704,2026-04-28 22:00:58,I,03,폐업,2019-06-27 10:15:57,,2017-01-13,,서울특별시 서대문구 남가좌동 5번지 174호,PHMH320173120033087500003,3120000,서울특별시 서대문구 명지대길 59 (남가좌동),03672,03,폐업,,,,02-6398-6652
GS25 가재울뉴타운점,2020-02-25,191993.362939917,452741.302180404,2026-04-28 22:00:58,I,03,폐업,2020-02-25 15:24:14,,2017-01-18,,서울특별시 서대문구 북가좌동 470번지,PHMH320173120033087500004,3120000,"서울특별시 서대문구 수색로 100, 101동 101호 (북가좌동, DMC래미안e편한세상)",03709,03,폐업,,,,
씨유 이대대신점,2019-03-29,195230.448156368,450561.60587991,2026-04-28 22:00:58,I,03,폐업,2019-03-29 17:13:54,,2017-03-16,,서울특별시 서대문구 대현동 45번지 16호,PHMH320173120033087500006,3120000,서울특별시 서대문구 이화여대2길 16 (대현동),03767,03,폐업,,,,
세븐일레븐 명지대원룸점,2021-09-17,193123.376757556,453331.22745597,2026-04-28 22:00:58,I,03,폐업,2021-09-23 09:17:35,,2017-03-22,,서울특별시 서대문구 남가좌동 5번지 153호 1층점포우측과지하층,PHMH320173120033087500007,3120000,"서울특별시 서대문구 명지대3길 14 (남가좌동, 1층점포우측과지하층)",03672,03,폐업,,,,
GS25홍제송죽원,2020-08-03,194530.352969388,453512.441406853,2026-04-28 22:00:58,I,03,폐업,2020-08-03 10:41:28,,2017-03-23,,서울특별시 서대문구 홍제동 367번지 9호 1층,PHMH320173120033087500008,3120000,"서울특별시 서대문구 모래내로 393, 1층 (홍제동)",03643,03,폐업,,,,
GS25 남가좌홍제천점,2017-12-20,193088.89741163,452346.089388966,2026-04-28 22:00:58,I,03,폐업,2017-12-20 09:48:45,,2017-03-29,,서울특별시 서대문구 남가좌동 80번지 26호,PHMH320173120033087500009,3120000,"서울특별시 서대문구 모래내로 207 (남가좌동, 마마스빌딩)",03710,03,폐업,,,,
GS25 홍은포방터점,2022-07-27,195443.091605829,455228.515886138,2026-04-28 22:00:58,I,03,폐업,2022-07-27 15:48:52,,2017-05-11,,서울특별시 서대문구 홍은동 9번지 74호 1층,PHMH320173120033087500012,3120000,"서울특별시 서대문구 포방터길 59, 1층 (홍은동)",03605,03,폐업,,,,
위드미 연세대제중학사점,2023-10-26,194584.959249312,451381.585492051,2026-04-28 22:01:01,I,03,폐업,2023-10-26 16:42:54,,2017-05-12,,서울특별시 서대문구 신촌동 134번지,PHMH320173120033087500013,3120000,"서울특별시 서대문구 연세로 50, 지하2층 (신촌동, 연세대학교 SK글로벌하우스)",03722,03,폐업,,,,02-2123-8256
(주)코리아세븐 동서한방병원점,2019-07-09,193736.025014973,451393.147219045,2026-04-28 22:01:01,I,03,폐업,2019-07-09 17:30:13,,2017-06-01,,서울특별시 서대문구 연희동 194번지 40호,PHMH320173120033087500014,3120000,"서울특별시 서대문구 성산로 365-18, 1층 (연희동, 서울빌딩)",03726,03,폐업,,,,
CU 홍제성원점,2021-07-21,194952.897977562,453552.26174261,2026-04-28 22:00:58,I,03,폐업,2021-07-21 15:34:14,,2017-06-08,,서울특별시 서대문구 홍제동 321번지 1층,PHMH320173120033087500015,3120000,"서울특별시 서대문구 모래내로 436, 1층 (홍제동)",03728,03,폐업,,,,
CU북아현뉴타운점,2022-05-24,196030.361275336,450665.925027885,2026-04-28 22:01:01,I,03,폐업,2022-05-26 16:23:11,,2017-06-09,,"서울특별시 서대문구 북아현동 136번지 21호 e편한세상신촌4단지 2층 상가 216호, 217호",PHMH320173120033087500016,3120000,"서울특별시 서대문구 신촌로35길 10 (북아현동, e편한세상신촌4단지 2층 상가 216호, 217호)",03772,03,폐업,,,,
GS25 서대문송원점,2019-08-20,194029.574600227,453112.958663193,2026-04-28 22:00:58,I,03,폐업,2019-08-20 17:42:06,,2017-06-15,,서울특별시 서대문구 홍은동 280번지 극동중앙교회 1층 나호,PHMH320173120033087500019,3120000,"서울특별시 서대문구 백련사길 7, 1층 나호 (홍은동, 극동중앙교회)",03657,03,폐업,,,,
세븐일레븐 이대정문점,2019-04-29,195119.290041442,450712.203292397,2026-04-28 22:00:58,I,03,폐업,2019-04-29 16:26:33,,2017-06-22,,서울특별시 서대문구 대현동 56번지 76호,PHMH320173120033087500020,3120000,서울특별시 서대문구 이화여대길 37 (대현동),03766,03,폐업,,,,
씨유 신촌푸르지오점,2020-11-30,194855.910937446,450573.690449065,2026-04-28 22:00:58,I,03,폐업,2020-11-30 14:11:17,,2017-07-06,,서울특별시 서대문구 대현동 104번지 5호,PHMH320173120033087500023,3120000,"서울특별시 서대문구 신촌역로 7, 1층 106호, 107호 (대현동)",03780,03,폐업,,,,02-312-7771
씨유 북가좌1동점,2023-10-05,191686.781357428,453053.211371892,2026-04-28 22:00:58,I,03,폐업,2023-10-05 13:28:23,,2017-07-06,,서울특별시 서대문구 북가좌동 348번지 17호,PHMH320173120033087500024,3120000,서울특별시 서대문구 거북골로 223 (북가좌동),03713,03,폐업,,,,02-302-1189
세븐일레븐 북가좌증가로점,2022-08-29,192288.562156924,453211.896308194,2026-04-28 22:00:58,I,03,폐업,2022-08-29 18:07:39,,2017-07-18,,서울특별시 서대문구 북가좌동 294번지 20호,PHMH320173120033087500026,3120000,"서울특별시 서대문구 증가로25길 13, 1층 101호 (북가좌동)",03682,03,폐업,,,,
GS25 북가좌대표점,2022-06-29,192418.251584695,453762.452216069,2026-04-28 22:00:58,I,03,폐업,2022-06-29 18:02:25,,2017-07-25,,서울특별시 서대문구 북가좌동 336번지 33호,PHMH320173120033087500028,3120000,"서울특별시 서대문구 증가로30길 79, 1층 (북가좌동)",03676,03,폐업,,,,02-3152-2511
CU 홍은개나리점,2020-10-07,194145.874749238,454466.425516121,2026-04-28 22:00:58,I,03,폐업,2020-10-08 10:42:18,,2017-07-31,,서울특별시 서대문구 홍은동 191번지 23호,PHMH320173120033087500030,3120000,"서울특별시 서대문구 연희로41길 87, 1층 (홍은동)",03650,03,폐업,,,,02-379-1982
세븐일레븐 홍은중앙길점,2020-08-05,195343.899110356,455203.422749202,2026-04-28 22:00:58,I,03,폐업,2020-08-05 16:15:07,,2017-08-04,,서울특별시 서대문구 홍은동 9번지 106호 1층,PHMH320173120033087500031,3120000,"서울특별시 서대문구 홍은중앙로 96, 1층 (홍은동)",03605,03,폐업,,,,02-396-9479
GS25 홍은동일점,2018-02-07,195219.802599994,455134.654298054,2026-04-28 22:01:00,I,03,폐업,2018-02-07 15:38:22,,2017-08-14,,"서울특별시 서대문구 홍은동 457번지 동일아파트 상가 101동 108,109호",PHMH320173120033087500032,3120000,"서울특별시 서대문구 홍은중앙로 81, 101동 108,109호 (홍은동, 동일아파트)",03604,03,폐업,,,,
미니스톱 연대동문점,2020-09-01,194991.129529772,451320.966530679,2026-04-28 22:00:58,I,03,폐업,2020-09-01 10:28:01,,2017-08-30,,서울특별시 서대문구 대신동 84번지 5호,PHMH320173120033087500034,3120000,"서울특별시 서대문구 연대동문길 37, 1층 (대신동, 대신빌딩)",03721,03,폐업,,,,
씨유 가재울뉴타운점,2019-04-29,192672.067512964,452221.960661496,2026-04-28 22:00:58,I,03,폐업,2019-04-29 16:26:23,,2017-08-31,,서울특별시 서대문구 남가좌동 385번지,PHMH320173120033087500035,3120000,"서울특별시 서대문구 가재울미래로 2, 201동 115호 (남가좌동, DMC파크뷰자이)",03711,03,폐업,,,,02-304-8705
GS25 서대문센트레빌점,2018-07-03,196397.574633596,451592.270982609,2026-04-28 22:00:58,I,03,폐업,2018-07-04 10:45:53,,2017-09-11,,서울특별시 서대문구 냉천동 260번지 동부센트레빌아파트 상가동 1층 101호,PHMH320173120033087500036,3120000,"서울특별시 서대문구 독립문로14길 74, 상가동 1층 101호 (냉천동, 동부센트레빌아파트)",03745,03,폐업,,,,
CU 가재울래미안,2025-11-04,192283.085661924,452230.28637648,2026-04-28 22:00:58,I,03,폐업,2025-11-04 14:08:42,,2017-09-21,,서울특별시 서대문구 남가좌동 379-2 래미안남가좌2아파트 101동 103호,PHMH320173120033087500037,3120000,"서울특별시 서대문구 수색로6길 45, 래미안남가좌2아파트 101동 103호 (남가좌동)",03791,03,폐업,,,,
GS25 북가좌한양점,2019-11-29,192441.033595045,453153.464334943,2026-04-28 22:00:58,I,03,폐업,2019-11-29 17:30:48,,2017-09-28,,서울특별시 서대문구 북가좌동 290번지 13호,PHMH320173120033087500038,3120000,"서울특별시 서대문구 증가로 211, 1층 101호 (북가좌동)",03685,03,폐업,,,,
씨유 남가좌홍남교점,2022-12-05,193335.874006145,452718.762685324,2026-04-28 22:00:58,I,03,폐업,2022-12-05 13:21:29,,2017-10-18,,서울특별시 서대문구 남가좌동 339번지 29호,PHMH320173120033087500040,3120000,서울특별시 서대문구 증가로 110 (남가좌동),03666,03,폐업,,,,
(주)비지에프리테일 신촌세브란스병원점,2023-06-01,194584.959249312,451381.585492051,2026-04-28 22:01:01,I,03,폐업,2023-06-13 16:05:44,,2017-11-16,,,PHMH320173120033087500041,3120000,"서울특별시 서대문구 연세로 50-1, 3층 (신촌동)",03722,03,폐업,,,,02-2227-7820
(주)비지에프리테일 연세암병원점,2023-06-01,194584.959249312,451381.585492051,2026-04-28 22:01:01,I,03,폐업,2023-06-13 16:05:55,,2017-11-16,,,PHMH320173120033087500042,3120000,"서울특별시 서대문구 연세로 50-1, 지하1층 (신촌동)",03722,03,폐업,,,,
(주)코리아세븐 연대제일점,2019-01-10,193803.873342562,451184.219024663,2026-04-28 22:01:01,I,03,폐업,2019-01-10 15:26:03,,2017-12-14,,서울특별시 서대문구 연희동 344번지 98호,PHMH320173120033087500044,3120000,서울특별시 서대문구 성산로 380 (연희동),03727,03,폐업,,,,
씨유 연희삼거리점,2022-12-27,193983.907459539,451832.625155137,2026-04-28 22:00:58,I,03,폐업,2022-12-27 15:45:53,,2017-12-26,,서울특별시 서대문구 연희동 88번지 13호,PHMH320173120033087500046,3120000,서울특별시 서대문구 연희로 126 (연희동),03724,03,폐업,,,,02-333-5318
GS25 북가좌센터점,2021-12-08,192578.322037095,453346.548366145,2026-04-28 22:00:58,I,03,폐업,2021-12-08 17:13:57,,2018-01-31,,서울특별시 서대문구 북가좌동 3번지 101호,PHMH320183120033087500002,3120000,"서울특별시 서대문구 증가로24라길 1, A동 101호 (북가좌동)",03668,03,폐업,,,,
지에스25 북아현뜨란채점,2022-08-25,196232.089797312,451434.524000064,2026-04-28 22:00:58,I,03,폐업,2022-08-25 15:50:31,,2018-01-31,,서울특별시 서대문구 북아현동 1번지 363호 1층,PHMH320183120033087500003,3120000,"서울특별시 서대문구 북아현로22나길 100, 1층 (북아현동)",03747,03,폐업,,,,
GS25 홍은동일,2022-08-09,195219.802599994,455134.654298054,2026-04-28 22:00:58,I,03,폐업,2022-08-09 16:58:19,,2018-02-07,,"서울특별시 서대문구 홍은동 457번지 동일아파트 상가 101동 108호, 109호",PHMH320183120033087500005,3120000,"서울특별시 서대문구 홍은중앙로 81, 상가 101동 108호, 109호 (홍은동, 동일아파트)",03604,03,폐업,,,,02-395-5921
미니스톱 북아현푸르지오점,2025-04-25,195698.781279511,450882.103642965,2026-04-28 22:00:58,I,03,폐업,2025-04-25 16:11:26,,2018-02-13,,"서울특별시 서대문구 북아현동 1011번지 아현역푸르지오 제2상가동 208, 209, 210호",PHMH320183120033087500006,3120000,"서울특별시 서대문구 북아현로1길 50, 제2상가동 208, 209, 210호 (북아현동, 아현역푸르지오)",03770,03,폐업,,,,
GS25 DMC가재울점,2023-03-27,192672.067512964,452221.960661496,2026-04-28 22:01:01,I,03,폐업,2023-03-28 11:29:14,,2018-03-06,,서울특별시 서대문구 남가좌동 385번지 DMC파크뷰자이,PHMH320183120033087500007,3120000,"서울특별시 서대문구 가재울미래로 2, 상가203동 101호 (남가좌동, DMC파크뷰자이)",03711,03,폐업,,,,
씨유 연희로점,2023-04-17,193867.14033868,451635.241163248,2026-04-28 22:00:58,I,03,폐업,2023-04-17 15:22:09,,2018-04-30,,서울특별시 서대문구 연희동 136번지 7호 아농스오피스텔,PHMH320183120033087500011,3120000,"서울특별시 서대문구 연희로 102, 102호 (연희동, 아농스오피스텔)",03724,03,폐업,,,,02-335-5308
GS25 북가좌초교점,2022-08-31,191793.47656279,452964.210882837,2026-04-28 22:00:58,I,03,폐업,2022-09-05 10:49:06,,2018-05-24,,서울특별시 서대문구 북가좌동 366번지 19호,PHMH320183120033087500012,3120000,"서울특별시 서대문구 거북골로 209, 1층 (북가좌동)",03713,03,폐업,,,,02-376-0035
GS25미근제일점,2020-06-24,197064.31975275,451340.29962753,2026-04-28 22:00:58,I,03,폐업,2020-06-24 16:04:18,,2018-05-31,,서울특별시 서대문구 미근동 196번지,PHMH320183120033087500013,3120000,서울특별시 서대문구 통일로 105 (미근동),03739,03,폐업,,,,
GS25 남가좌점,2024-04-22,193249.374273273,452740.258846365,2026-04-28 22:00:58,I,03,폐업,2024-04-22 13:31:41,,2018-07-03,,서울특별시 서대문구 남가좌동 338번지 6호,PHMH320183120033087500014,3120000,"서울특별시 서대문구 증가로 117, 1층 (남가좌동)",03692,03,폐업,,,,
GS25 신촌현대점,2020-07-27,194842.291232686,450666.510310035,2026-04-28 22:00:58,I,03,폐업,2020-07-28 17:10:23,,2018-07-26,,서울특별시 서대문구 대현동 110번지 20호 현대캠퍼빌,PHMH320183120033087500016,3120000,"서울특별시 서대문구 신촌역로 17, 현대캠퍼빌 111, 112호 (대현동)",03780,03,폐업,,,,02-363-8858
씨유홍은풍림점,2023-09-25,195360.542101673,455710.429910779,2026-04-28 22:00:58,I,03,폐업,2023-09-25 16:47:07,,2018-07-26,,서울특별시 서대문구 홍은동 460번지 홍은동풍림아이원아파트 상가동 지층 101호,PHMH320183120033087500017,3120000,"서울특별시 서대문구 홍은중앙로 149, 상가동 지층 101호 (홍은동, 홍은동풍림아이원아파트)",03600,03,폐업,,,,
미니스톱 홍제역점,2022-09-16,194977.058134094,453921.487814219,2026-04-28 22:00:58,I,03,폐업,2022-09-16 17:04:03,,2018-09-27,,서울특별시 서대문구 홍제동 306번지 8호,PHMH320183120033087500020,3120000,서울특별시 서대문구 통일로37길 18 (홍제동),03639,03,폐업,,,,
이마트24 서대문연희점,2019-09-16,193541.670429203,451055.890031331,2026-04-28 22:01:01,I,03,폐업,2019-09-16 16:35:10,,2018-10-01,,서울특별시 서대문구 연희동 353번지 93호 JD빌딩,PHMH320183120033087500021,3120000,"서울특별시 서대문구 연희로4길 5, JD빌딩 1층 (연희동)",03781,03,폐업,,,,02-6916-1500
씨유 서대문센트레빌점,2024-05-31,196715.080208756,451647.000739314,2026-04-28 22:00:58,I,03,폐업,2024-06-14 14:31:50,,2018-10-11,,서울특별시 서대문구 냉천동 40번지 1호 1층,PHMH320183120033087500022,3120000,"서울특별시 서대문구 독립문로14길 8, 1층 (냉천동)",03745,03,폐업,,,,
(주)비지에프휴먼넷 홍제힐스테이트점,2019-11-27,195477.913016234,453929.325030582,2026-04-28 22:01:01,I,03,폐업,2019-11-29 10:23:58,,2018-10-24,,서울특별시 서대문구 홍제동 459번지 홍제원현대아파트 1동 2층 40호외,PHMH320183120033087500023,3120000,"서울특별시 서대문구 통일로34길 43, 1동 2층 (홍제동, 홍제원현대아파트)",03631,03,폐업,,,,
세븐일레븐 홍제인왕점,2021-02-03,195082.003983508,454318.318622783,2026-04-28 22:00:58,I,03,폐업,2021-02-03 14:32:20,,2018-11-01,,서울특별시 서대문구 홍제동 260번지 17호 1층 101호,PHMH320183120033087500024,3120000,"서울특별시 서대문구 통일로40길 47, 1층 101호 (홍제동)",03628,03,폐업,,,,
지에스(GS)25 신촌으뜸점,2021-01-06,194421.8117872,450559.554371849,2026-04-28 22:00:58,I,03,폐업,2021-01-07 15:35:08,,2018-11-29,,서울특별시 서대문구 창천동 18번지 3호,PHMH320183120033087500025,3120000,서울특별시 서대문구 명물길 12-6 (창천동),03777,03,폐업,,,,02-313-6627
미니스톱 명지대점,2023-08-09,193405.430584457,453179.09433056,2026-04-28 22:00:58,I,03,폐업,2023-08-09 15:03:36,,2018-12-20,,서울특별시 서대문구 홍은동 409번지 1호,PHMH320183120033087500026,3120000,서울특별시 서대문구 거북골로 9 (홍은동),03662,03,폐업,,,,
씨유 명지대후문점,2023-09-13,193110.702079805,453210.645457465,2026-04-28 22:00:58,I,03,폐업,2023-09-13 16:48:01,,2018-12-21,,서울특별시 서대문구 남가좌동 5번지 267호,PHMH320183120033087500027,3120000,"서울특별시 서대문구 명지대1나길 1, 1층 (남가좌동)",03673,03,폐업,,,,02-733-7503
GS25홍제한빛점,2020-01-16,194860.282811202,453932.725940066,2026-04-28 22:00:58,I,03,폐업,2020-01-16 15:46:34,,2018-12-21,,서울특별시 서대문구 홍제동 308번지 86호,PHMH320183120033087500028,3120000,"서울특별시 서대문구 통일로39길 34, 1층 (홍제동)",03637,03,폐업,,,,02-379-2514
이마트24 이대빌리지점,2021-12-09,194996.681101776,450568.736129162,2026-04-28 22:00:58,I,03,폐업,2021-12-09 16:26:34,,2019-01-17,,서울특별시 서대문구 대현동 90번지 42호,PHMH320193120033087500001,3120000,"서울특별시 서대문구 이화여대1길 30, A동 101호 (대현동)",03766,03,폐업,,,,
씨유(CU) 창천원룸점,2021-07-07,193684.010679316,450812.91416367,2026-04-28 22:00:58,I,03,폐업,2021-07-07 10:32:56,,2019-02-21,,서울특별시 서대문구 창천동 290번지,PHMH320193120033087500003,3120000,"서울특별시 서대문구 신촌로1길 40, 제지하층 제03호 (창천동)",03783,03,폐업,,,,
씨유 뉴웨스트타워점,2025-09-24,196961.57430764,451394.163765874,2026-04-28 22:00:58,I,03,폐업,2025-09-24 11:16:18,,2019-03-06,,서울특별시 서대문구 미근동 332 웨스트게이트타워 102호,PHMH320193120033087500004,3120000,"서울특별시 서대문구 충정로 70, 웨스트게이트타워 102호 (미근동)",03738,03,폐업,,,,
세븐일레븐 DMC아이파크점,2020-10-23,192922.795142276,452984.652487654,2026-04-28 22:00:58,I,03,폐업,2020-10-23 11:17:11,,2019-03-18,,서울특별시 서대문구 남가좌동 369번지 10호,PHMH320193120033087500005,3120000,"서울특별시 서대문구 증가로 150, B308호 (남가좌동)",03670,03,폐업,,,,
세븐일레븐 충정골든타워점,2023-03-22,196801.661639204,451267.809661546,2026-04-28 22:00:58,I,03,폐업,2023-03-22 17:40:36,,2019-03-18,,서울특별시 서대문구 충정로2가 191번지 골든타워빌딩 1층 102호,PHMH320193120033087500006,3120000,"서울특별시 서대문구 충정로 53, 골든타워빌딩 1층 102호 (충정로2가)",03736,03,폐업,,,,
지에스25 신촌점,2021-04-30,194306.920206129,450453.153162074,2026-04-28 22:01:01,I,03,폐업,2021-04-30 14:00:32,,2019-04-05,,서울특별시 서대문구 창천동 30번지 25호,PHMH320193120033087500009,3120000,"서울특별시 서대문구 신촌로 87-18, 1층 (창천동)",03789,03,폐업,,,,
씨유 북아현푸르지오점,2022-12-06,195698.781279511,450882.103642965,2026-04-28 22:01:01,I,03,폐업,2022-12-06 16:21:27,,2019-06-17,,"서울특별시 서대문구 북아현동 1011번지 신촌푸르지오 상가동 지하1층 127,129,130호",PHMH320193120033087500013,3120000,"서울특별시 서대문구 북아현로1길 50, 상가동 지하1층 127,129,130호 (북아현동, 신촌푸르지오)",03770,03,폐업,,,,
세븐일레븐 신촌원룸점,2024-05-02,194102.8375641,450848.309912252,2026-04-28 22:00:58,I,03,폐업,2024-05-02 13:49:09,,2019-06-18,,서울특별시 서대문구 창천동 89번지 27호,PHMH320193120033087500014,3120000,"서울특별시 서대문구 성산로22길 22, 1층 (창천동)",03727,03,폐업,,,,02-1577-0711
지에스(GS)25서대문송원점,2022-08-31,194029.574600227,453112.958663193,2026-04-28 22:00:59,I,03,폐업,2022-09-05 10:47:53,,2019-08-21,,서울특별시 서대문구 홍은동 280번지 1층 3호,PHMH320193120033087500018,3120000,"서울특별시 서대문구 백련사길 7, 1층 3호 (홍은동)",03657,03,폐업,,,,
지에스25가재울이편한점,2022-02-15,192028.41586192,452265.952165442,2026-04-28 22:00:59,I,03,폐업,2022-02-15 14:05:30,,2019-10-01,,서울특별시 서대문구 북가좌동 481번지 DMC래미안e편한세상 상가동 3-01호,PHMH320193120033087500021,3120000,"서울특별시 서대문구 수색로 100, 상가동 3-01호 (북가좌동, DMC래미안e편한세상)",03709,03,폐업,,,,
지에스(GS)25 북가좌한양점,2023-12-15,192429.235253467,453162.762649401,2026-04-28 22:00:59,I,03,폐업,2023-12-15 10:37:47,,2019-11-29,,서울특별시 서대문구 북가좌동 290번지 1호,PHMH320193120033087500025,3120000,"서울특별시 서대문구 증가로 211, 제1층 제102호 (북가좌동)",03685,03,폐업,,,,02-3152-8840
GS25 가재울삼성,2020-08-26,192178.634161709,452110.722725976,2026-04-28 22:00:59,I,03,폐업,2020-08-28 14:47:14,,2019-12-16,,서울특별시 서대문구 북가좌동 484번지 성공타워2,PHMH320193120033087500026,3120000,"서울특별시 서대문구 수색로6길 17-14, 성공타워2 제1층 제101호 (북가좌동)",03709,03,폐업,,,,02-304-9935
지에스(GS)25연희점,2022-08-04,193802.960706954,451983.122239876,2026-04-28 22:01:01,I,03,폐업,2022-08-04 11:31:37,,2019-12-24,,서울특별시 서대문구 연희동 122번지 7호 하이레벨어린이집 1층,PHMH320193120033087500027,3120000,"서울특별시 서대문구 증가로 21-1, 하이레벨어린이집 1층 (연희동)",03703,03,폐업,,,,
씨유(CU) 서대문대현점,2023-10-31,194952.282611139,450563.25807895,2026-04-28 22:00:59,I,03,폐업,2023-10-31 17:11:00,,2020-01-08,,서울특별시 서대문구 대현동 90번지 58호 다올노블리움,PHMH320203120033087500001,3120000,"서울특별시 서대문구 이화여대1길 38, 다올노블리움 1층 (대현동)",03766,03,폐업,,,,
지에스(GS)25 북가좌중앙,2025-02-07,192695.484129369,453195.115881613,2026-04-28 22:00:59,I,03,폐업,2025-02-07 16:39:05,,2020-02-03,,서울특별시 서대문구 북가좌동 5번지 95호 1층,PHMH320203120033087500003,3120000,"서울특별시 서대문구 증가로12가길 78, 1층 (북가좌동)",03671,03,폐업,,,,
씨유(CU)서대문스카이힐점,2022-07-27,192552.192063652,453030.926927651,2026-04-28 22:00:59,I,03,폐업,2022-07-27 15:48:17,,2020-02-11,,서울특별시 서대문구 북가좌동 68번지 3호 스카이빌 1층 101호,PHMH320203120033087500004,3120000,"서울특별시 서대문구 증가로 193, 1층 101호 (북가좌동, 스카이빌)",03686,03,폐업,,,,
지에스(GS)25 가재울뉴타운점,2022-06-30,192028.41586192,452265.952165442,2026-04-28 22:00:59,I,03,폐업,2022-07-01 13:32:02,,2020-02-25,,서울특별시 서대문구 북가좌동 481번지 DMC래미안e편한세상 상가1동 1층 1-01호,PHMH320203120033087500005,3120000,"서울특별시 서대문구 수색로 100, 상가1동 1층 1-01호 (북가좌동, DMC래미안e편한세상)",03709,03,폐업,,,,
지에스(GS)25북가좌현대점,2021-10-13,191572.384552653,452619.692208763,2026-04-28 22:00:59,I,03,폐업,2021-10-13 10:50:57,,2020-03-03,,서울특별시 서대문구 북가좌동 382번지 17호 1층,PHMH320203120033087500006,3120000,"서울특별시 서대문구 수색로10길 18, 1층 (북가좌동)",03714,03,폐업,,,,
(주)비지에프리테일 홍은벽산점,2021-02-15,195173.48051197,454692.683753267,2026-04-28 22:01:01,I,03,폐업,2021-02-15 18:05:20,,2020-03-03,,서울특별시 서대문구 홍은동 48번지 80호 1층,PHMH320203120033087500007,3120000,"서울특별시 서대문구 세검정로1길 98, 1층 (홍은동)",03611,03,폐업,,,,
(주)코리아세븐 신촌현대2호점,2020-12-16,194220.832908489,450456.013973086,2026-04-28 22:01:00,I,03,폐업,2020-12-17 09:49:43,,2020-03-18,,서울특별시 서대문구 창천동 62번지 4호,PHMH320203120033087500010,3120000,서울특별시 서대문구 연세로5길 32 (창천동),03789,03,폐업,,,,
지에스25(GS25)북가좌은가점,2023-06-08,192855.726838194,453379.024475769,2026-04-28 22:00:59,I,03,폐업,2023-06-08 17:27:50,,2020-04-02,,서울특별시 서대문구 북가좌동 3번지 15호 대경빌딩 1층,PHMH320203120033087500012,3120000,"서울특별시 서대문구 증가로12나길 101, 대경빌딩 1층 (북가좌동)",03671,03,폐업,,,,
씨유(CU)서대문에코자이점,2023-08-31,192777.199694959,452775.826967308,2026-04-28 22:01:00,I,03,폐업,2023-08-31 13:51:45,,2020-04-22,,서울특별시 서대문구 남가좌동 224번지 1호 DMC에코자이 단지상가동 B2층 101호,PHMH320203120033087500014,3120000,"서울특별시 서대문구 거북골로 84, 단지상가동 B2층 101호 (남가좌동, DMC에코자이)",03687,03,폐업,,,,
씨유(CU)서대문북가좌점,2021-02-26,192492.487364397,453263.594088352,2026-04-28 22:00:59,I,03,폐업,2021-02-26 13:49:51,,2020-05-04,,서울특별시 서대문구 북가좌동 2번지 86호,PHMH320203120033087500015,3120000,서울특별시 서대문구 증가로24나길 20 (북가좌동),03669,03,폐업,,,,
(주)쓰리에쓰스토리,2025-08-12,193867.756939886,451877.442654241,2026-04-28 22:01:01,I,03,폐업,2025-08-12 18:40:11,,2020-05-14,,서울특별시 서대문구 연희동 133번지 1호 범우빌딩 1층,PHMH320203120033087500016,3120000,"서울특별시 서대문구 증가로 9, 범우빌딩 1층 (연희동)",03703,03,폐업,,,,
지에스25(GS25)서대문연희,2024-04-11,193467.836973469,452491.540026141,2026-04-28 22:00:59,I,03,폐업,2024-04-11 18:18:17,,2020-05-25,,서울특별시 서대문구 연희동 609번지,PHMH320203120033087500017,3120000,서울특별시 서대문구 증가로 83 (연희동),03700,03,폐업,,,,
씨유(CU) 충정로 프랑스점,2025-06-23,196892.09236853,450948.915518467,2026-04-28 22:00:59,I,03,폐업,2025-06-23 17:54:31,,2020-05-29,,서울특별시 서대문구 합동 117번지 충정로대우디오빌 107호,PHMH320203120033087500018,3120000,"서울특별시 서대문구 서소문로 37, 충정로대우디오빌 1층 107호 (합동)",03741,03,폐업,,,,
지에스(GS)25 무악재역,2021-06-25,195485.296908303,453319.10995337,2026-04-28 22:00:59,I,03,폐업,2021-06-25 14:29:07,,2020-06-30,,서울특별시 서대문구 홍제동 464 무악재한화아파트,PHMH320203120033087500019,3120000,"서울특별시 서대문구 통일로 357, 1층 (홍제동, 무악재한화아파트)",03730,03,폐업,,,,
세븐일레븐 남가좌점,2025-07-10,193260.442039253,452632.812124699,2026-04-28 22:01:01,I,03,폐업,2025-07-10 19:30:59,,2020-07-07,,서울특별시 서대문구 남가좌동 335-1 1층,PHMH320203120033087500021,3120000,"서울특별시 서대문구 모래내로 241-59, 1층 (남가좌동)",03693,03,폐업,,,,
씨유(CU)연희센트럴점,2025-11-25,193648.318635609,452220.970383532,2026-04-28 22:00:59,I,03,폐업,2025-11-26 13:06:56,,2020-07-24,,서울특별시 서대문구 연희동 106-3 1층,PHMH320203120033087500022,3120000,"서울특별시 서대문구 증가로 49, 1층 (연희동)",03702,03,폐업,,,,
지에스25신촌현대점(서대문지역자활센터,2022-07-22,194842.291232686,450666.510310035,2026-04-28 22:01:01,I,03,폐업,2022-07-22 14:42:43,,2020-07-28,,서울특별시 서대문구 대현동 110-20 현대캠퍼빌 1층 111호,PHMH320203120033087500023,3120000,"서울특별시 서대문구 신촌역로 17, 현대캠퍼빌 1층 111호 (대현동)",03780,03,폐업,,,,
씨유 가재울뉴타운점,2020-11-27,192672.067512964,452221.960661496,2026-04-28 22:00:59,I,03,폐업,2020-11-27 13:24:11,,2020-08-11,,서울특별시 서대문구 남가좌동 385 DMC파크뷰자이 제상가 201동 115호,PHMH320203120033087500026,3120000,"서울특별시 서대문구 가재울미래로 2, 제상가 201동 115호 (남가좌동, DMC파크뷰자이)",03711,03,폐업,,,,02-304-8705
미니스톱 연대동문점,2022-08-26,194991.129529772,451320.966530679,2026-04-28 22:00:59,I,03,폐업,2022-08-26 13:17:30,,2020-09-01,,서울특별시 서대문구 대신동 84-5 대신빌딩 1층,PHMH320203120033087500028,3120000,"서울특별시 서대문구 연대동문길 37, 대신빌딩 1층 (대신동)",03721,03,폐업,,,,
씨유(CU) 신촌힐스테이트점,2022-04-18,195603.439807215,451086.627831292,2026-04-28 22:00:59,I,03,폐업,2022-04-18 14:11:29,,2020-09-22,,"서울특별시 서대문구 북아현동 1-954 힐스테이트 신촌, 107,108호",PHMH320203120033087500029,3120000,"서울특별시 서대문구 이화여대8길 123, 107,108호 (북아현동, 힐스테이트 신촌)",03763,03,폐업,,,,
롯데씨브이에스711 이대역점,2023-06-20,195132.505510061,450552.709689412,2026-04-28 22:01:01,I,03,폐업,2023-06-20 15:31:13,,2020-09-28,,서울특별시 서대문구 대현동 40-4 월성빌딩,PHMH320203120033087500031,3120000,"서울특별시 서대문구 이화여대길 7, 월성빌딩 1층 (대현동)",03766,03,폐업,,,,
씨유 홍은개나리점,2022-12-28,194145.874749238,454466.425516121,2026-04-28 22:00:59,I,03,폐업,2022-12-28 17:23:43,,2020-10-08,,서울특별시 서대문구 홍은동 191-23 1층,PHMH320203120033087500032,3120000,"서울특별시 서대문구 연희로41길 87, 1층 (홍은동)",03650,03,폐업,,,,
씨유 독립문행복점,2025-10-29,195908.139885333,452264.385459132,2026-04-28 22:00:59,I,03,폐업,2025-10-29 17:58:46,,2020-10-15,,서울특별시 서대문구 현저동 201 독립문극동아파트,PHMH320203120033087500033,3120000,"서울특별시 서대문구 독립문공원길 95, 독립문극동아파트 상가동 101,102호 (현저동)",03733,03,폐업,,,,
(주)코리아세븐 DMC아이파크점,2023-11-08,192922.795142276,452984.652487654,2026-04-28 22:01:01,I,03,폐업,2023-11-08 14:03:31,,2020-10-23,,서울특별시 서대문구 남가좌동 388 DMC센트럴아이파크 상가동 B308호,PHMH320203120033087500034,3120000,"서울특별시 서대문구 증가로 150, 상가동 B308호 (남가좌동, DMC센트럴아이파크)",03670,03,폐업,,,,
이마트24 홍은빌리지점,2022-05-20,194111.716161709,454302.615240556,2026-04-28 22:00:59,I,03,폐업,2022-05-20 15:31:56,,2020-11-05,,서울특별시 서대문구 홍은동 207-1,PHMH320203120033087500035,3120000,서울특별시 서대문구 연희로41가길 34 (홍은동),03650,03,폐업,,,,
지에스25 연대대신점,2025-02-24,195185.293371497,451689.249898593,2026-04-28 22:00:59,I,03,폐업,2025-02-24 13:14:59,,2021-01-14,,서울특별시 서대문구 대신동 124 1층,PHMH320213120033087500002,3120000,"서울특별시 서대문구 봉원사길 19, 1층 (대신동)",03721,03,폐업,,,,
씨유 홍은벽산점,2024-07-15,195176.83796331,454683.237327927,2026-04-28 22:00:59,I,03,폐업,2024-07-15 15:58:23,,2021-02-15,,서울특별시 서대문구 홍은동 48-78,PHMH320213120033087500006,3120000,"서울특별시 서대문구 세검정로1길 96, 1층 (홍은동)",03611,03,폐업,,,,02-379-3315
씨유(CU)서대문북가좌점,2023-05-19,192492.487364397,453263.594088352,2026-04-28 22:00:59,I,03,폐업,2023-05-19 17:42:40,,2021-02-26,,서울특별시 서대문구 북가좌동 2-86 1층,PHMH320213120033087500008,3120000,"서울특별시 서대문구 증가로24나길 20, 1층 (북가좌동)",03669,03,폐업,,,,
지에스25 신촌점(서대문지역자활센터),2022-07-22,194306.920206129,450453.153162074,2026-04-28 22:01:01,I,03,폐업,2022-07-22 14:35:42,,2021-05-03,,서울특별시 서대문구 창천동 30-25 1층,PHMH320213120033087500012,3120000,"서울특별시 서대문구 신촌로 87-18, 1층 (창천동)",03789,03,폐업,,,,
씨유 서대문은혜점,2021-09-13,193002.308201183,452731.420117803,2026-04-28 22:00:59,I,03,폐업,2021-09-13 13:21:44,,2021-05-06,,서울특별시 서대문구 남가좌동 230-1 1층,PHMH320213120033087500014,3120000,"서울특별시 서대문구 가재울로14길 20, 1층 (남가좌동)",03694,03,폐업,,,,
씨유 홍제한마음점,2023-06-21,194409.754866992,453413.1112856,2026-04-28 22:00:59,I,03,폐업,2023-06-21 13:30:11,,2021-06-23,,서울특별시 서대문구 홍제동 366-3 1층,PHMH320213120033087500017,3120000,"서울특별시 서대문구 모래내로 377, 1층 (홍제동)",03643,03,폐업,,,,02-1577-8007
씨유 서대문센터점,2024-02-21,192208.019964934,453383.290788716,2026-04-28 22:00:59,I,03,폐업,2024-02-21 13:45:06,,2021-07-02,,서울특별시 서대문구 북가좌동 329-8 1층,PHMH320213120033087500020,3120000,"서울특별시 서대문구 증가로 243, 1층 (북가좌동)",03678,03,폐업,,,,
세븐일레븐 무악재청구점,2024-06-14,195694.979414141,453291.683935348,2026-04-28 22:00:59,I,03,폐업,2024-06-17 17:58:32,,2021-09-17,,서울특별시 서대문구 홍제동 453 무악청구아파트,PHMH320213120033087500023,3120000,"서울특별시 서대문구 통일로 348, 상가동 지층 7호,24호 (홍제동, 무악청구아파트)",03635,03,폐업,,,,
(주)코리아세븐 가재울아이파크점,2022-12-13,192380.048458303,452681.324896508,2026-04-28 22:00:59,I,03,폐업,2022-12-13 16:29:18,,2021-10-08,,서울특별시 서대문구 북가좌동 458 DMC아이파크아파트,PHMH320213120033087500025,3120000,"서울특별시 서대문구 거북골로14길 32, DMC아이파크아파트 상가동 111호 (북가좌동, DMC아이파크아파트)",03690,03,폐업,42,,,
씨유 홍제한양점,2023-10-05,195259.429272709,453430.811542203,2026-04-28 22:00:59,I,03,폐업,2023-10-05 16:42:54,,2021-10-14,,서울특별시 서대문구 홍제동 82 홍제한양아파트,PHMH320213120033087500026,3120000,"서울특별시 서대문구 통일로25길 30, 상가동 1층 110,111호 (홍제동, 홍제한양아파트)",03730,03,폐업,,,,
지에스25 신촌사랑점,2024-01-29,194399.818740978,450507.400045113,2026-04-28 22:00:59,I,03,폐업,2024-01-29 10:35:05,,2021-10-29,,서울특별시 서대문구 창천동 18-79,PHMH320213120033087500027,3120000,"서울특별시 서대문구 연세로2가길 19, 1층 (창천동)",03779,03,폐업,,,,
세븐일레븐 서대문구청점,2023-06-01,194331.373227155,453267.756567614,2026-04-28 22:00:59,I,03,폐업,2023-06-01 13:45:09,,2021-11-01,,서울특별시 서대문구 홍은동 427-3 동욱빌딩,PHMH320213120033087500028,3120000,"서울특별시 서대문구 연희로 276, 동욱빌딩 1층 (홍은동)",03653,03,폐업,,,,02-3417-0711
세븐일레븐 신촌3호점,2024-01-12,194125.738623054,450504.59151374,2026-04-28 22:00:59,I,03,폐업,2024-01-12 15:30:59,,2021-11-04,,서울특별시 서대문구 창천동 62-22,PHMH320213120033087500029,3120000,서울특별시 서대문구 연세로5다길 22-3(창천동),03787,03,폐업,,,,02-3141-3617
지에스(GS)25연세시티점,2025-10-29,193955.65360772,451451.8034291,2026-04-28 22:00:59,I,03,폐업,2025-10-29 14:58:00,,2021-11-16,,서울특별시 서대문구 연희동 292-1,PHMH320213120033087500030,3120000,"서울특별시 서대문구 연희로10길 40, 1층 (연희동)",03725,03,폐업,,,,
(주)코리아세븐 연대제일점,2024-10-18,193803.873342562,451184.219024663,2026-04-28 22:01:01,I,03,폐업,2024-10-18 22:12:14,,2021-12-09,,서울특별시 서대문구 연희동 344-98,PHMH320213120033087500031,3120000,서울특별시 서대문구 성산로 380(연희동),03727,03,폐업,,,,
이마트24 이대역점,2022-07-15,195035.236797934,450519.340510648,2026-04-28 22:00:59,I,03,폐업,2022-07-15 14:23:56,,2021-12-09,,서울특별시 서대문구 대현동 90-61,PHMH320213120033087500032,3120000,"서울특별시 서대문구 신촌로 167, 1층 (대현동)",03766,03,폐업,,,,
지에스25 북가좌센터점,2025-12-08,192578.322037095,453346.548366145,2026-04-28 22:00:59,I,03,폐업,2025-12-08 11:48:57,,2021-12-10,,서울특별시 서대문구 북가좌동 3-101 로운힐,PHMH320213120033087500033,3120000,"서울특별시 서대문구 증가로24라길 1, 지하1층 (북가좌동, 로운힐)",03668,03,폐업,,,,
씨유 이대빌리지점,2024-07-16,194996.681101776,450568.736129162,2026-04-28 22:00:59,I,03,폐업,2024-07-16 10:41:54,,2022-01-04,,서울특별시 서대문구 대현동 90-42,PHMH320223120033087500001,3120000,"서울특별시 서대문구 이화여대1길 30, A동 102호 (대현동)",03766,03,폐업,,,,
지에스25 홍제스타점,2025-05-23,195333.497229725,454261.463017565,2026-04-28 22:00:59,I,03,폐업,2025-05-23 15:34:47,,2022-01-05,,서울특별시 서대문구 홍제동 267-48 한샘교회,PHMH320223120033087500002,3120000,"서울특별시 서대문구 세무서8길 21, 한샘교회 1층 (홍제동)",03625,03,폐업,44,,,
씨유 서대문하나점,2024-07-29,192527.985852094,453052.38601804,2026-04-28 22:01:01,I,03,폐업,2024-07-26 15:49:34,,2022-03-29,,서울특별시 서대문구 북가좌동 286-1,PHMH320223120033087500004,3120000,"서울특별시 서대문구 증가로 197, 1층 (북가좌동)",03685,03,폐업,,,,
세븐일레븐 홍제해링턴점,2025-04-21,195387.622258064,454191.447092985,2026-04-28 22:00:59,I,03,폐업,2025-04-21 19:35:23,,2022-04-06,,서울특별시 서대문구 홍제동 270-1 홍제역해링턴플레이스,PHMH320223120033087500005,3120000,"서울특별시 서대문구 세무서8길 30, 상가동 1층 11호 (홍제동, 홍제역해링턴플레이스)",03626,03,폐업,51,,,
씨유 신촌힐스테이트점,2024-10-24,195603.439807215,451086.627831292,2026-04-28 22:00:59,I,03,폐업,2024-10-24 16:36:31,,2022-04-18,,서울특별시 서대문구 북아현동 1-954 힐스테이트 신촌,PHMH320223120033087500006,3120000,"서울특별시 서대문구 이화여대8길 123, 107,108호 (북아현동, 힐스테이트 신촌)",03763,03,폐업,46,,,
지에스25신촌문화점서대문지역자활센터,2024-04-18,194691.712298875,450741.723053964,2026-04-28 22:00:59,I,03,폐업,2024-05-16 11:39:06,,2022-07-22,,서울특별시 서대문구 창천동 4-77,PHMH320223120033087500013,3120000,서울특별시 서대문구 신촌역로 43(창천동),03777,03,폐업,,,,02-364-0250
지에스(GS)25 서대문센트레빌점,2024-10-08,196397.574633596,451592.270982609,2026-04-28 22:00:59,I,03,폐업,2024-10-08 17:37:54,,2022-09-06,,서울특별시 서대문구 냉천동 260,PHMH320223120033087500020,3120000,"서울특별시 서대문구 독립문로14길 66, 상가동 1층 101호 (냉천동)",03745,03,폐업,,,,
㈜코리아세븐 홍제시장점,2024-04-08,194977.058134094,453921.487814219,2026-04-28 22:01:01,I,03,폐업,2024-04-08 17:31:15,,2022-09-19,,서울특별시 서대문구 홍제동 306-8 충성교회,PHMH320223120033087500022,3120000,"서울특별시 서대문구 통일로37길 18, 1층 (홍제동)",03639,03,폐업,,,,
지에스25신촌명물길점협동조합,2024-06-04,194601.986089276,450739.794588653,2026-04-28 22:01:01,I,03,폐업,2024-06-05 16:04:54,,2022-10-17,,서울특별시 서대문구 창천동 5-23 오시리스타워,PHMH320223120033087500025,3120000,"서울특별시 서대문구 명물길 62, 오시리스타워 1층 (창천동)",03777,03,폐업,129,,,02-393-9685
씨유 서대문리첸시아점,2023-01-31,192482.416512858,452143.491541077,2026-04-28 22:01:00,I,03,폐업,2023-01-31 13:07:14,,2022-10-24,,서울특별시 서대문구 남가좌동 286-1 DMC금호리첸시아,PHMH320223120033087500026,3120000,"서울특별시 서대문구 수색로2길 39, 1층 127호 (남가좌동, DMC금호리첸시아)",03712,03,폐업,86,,,
씨유 홍은르네상스점,2023-06-28,195533.171656035,455372.155821625,2026-04-28 22:00:59,I,03,폐업,2023-06-28 15:28:23,,2022-11-30,,서울특별시 서대문구 홍은동 8-285 북한산 삼부르네상스아파트,PHMH320223120033087500029,3120000,"서울특별시 서대문구 포방터8길 1, 상가 B101,102호 (홍은동, 북한산 삼부르네상스아파트)",03606,03,폐업,,,,
씨유 북아현푸르지오점,2024-07-25,195698.781279511,450882.103642965,2026-04-28 22:00:59,I,03,폐업,2024-07-23 15:05:56,,2022-12-07,,서울특별시 서대문구 북아현동 1011 신촌푸르지오,PHMH320223120033087500030,3120000,"서울특별시 서대문구 북아현로1길 50, 상가1동 제지1층 127,129,130호 (북아현동, 신촌푸르지오)",03770,03,폐업,,,,02-365-2752
㈜비지에프리테일 신촌르메이에르점,2025-10-21,194635.371682777,450469.610782261,2026-04-28 22:01:01,I,03,폐업,2025-10-21 11:23:19,,2022-12-14,,서울특별시 서대문구 창천동 20-26 신촌르메이에르타운3,PHMH320223120033087500031,3120000,"서울특별시 서대문구 신촌로 127, 1층 102호 (창천동)",03780,03,폐업,,,,
씨유 남가좌본점,2025-07-08,193288.988026701,452760.285041529,2026-04-28 22:00:59,I,03,폐업,2025-07-09 10:41:16,,2023-01-18,,서울특별시 서대문구 남가좌동 339-34,PHMH320233120033087500003,3120000,"서울특별시 서대문구 증가로 116, 1층 101,102,103호 (남가좌동)",03666,03,폐업,96,,,
씨유 서대문리첸시아점,2025-10-28,192482.416512858,452143.491541077,2026-04-28 22:00:59,I,03,폐업,2025-10-29 10:05:50,,2023-01-31,,서울특별시 서대문구 남가좌동 286-1 DMC금호리첸시아,PHMH320233120033087500006,3120000,"서울특별시 서대문구 수색로2길 39, 1층 127호 (남가좌동, DMC금호리첸시아)",03712,03,폐업,,,,
지에스(GS)25 DMC가재울점,2024-01-22,192672.067512964,452221.960661496,2026-04-28 22:00:59,I,03,폐업,2024-01-22 16:46:42,,2023-03-28,,,PHMH320233120033087500010,3120000,"서울특별시 서대문구 가재울미래로 2, 상가203동 101호 (남가좌동, DMC파크뷰자이)",03709,03,폐업,,,,
지에스(GS)25북가좌은가점,2025-05-16,192855.726838194,453379.024475769,2026-04-28 22:01:00,I,03,폐업,2025-05-19 10:37:07,,2023-06-20,,서울특별시 서대문구 북가좌동 3-15 대경빌딩,PHMH320233120033087500018,3120000,"서울특별시 서대문구 증가로12나길 101, 대경빌딩 1층 (북가좌동)",03671,03,폐업,,,,
씨유 홍은르네상스점,2023-09-21,195533.171656035,455372.155821625,2026-04-28 22:01:01,I,03,폐업,2023-09-21 10:38:54,,2023-07-06,,서울특별시 서대문구 홍은동 8-285 북한산 삼부르네상스아파트,PHMH320233120033087500021,3120000,"서울특별시 서대문구 포방터8길 1, 상가동 B101호, B102호 (홍은동, 북한산 삼부르네상스아파트)",03606,03,폐업,,,,
씨유 홍제달빛창가점,2025-01-23,194973.162221783,453809.348418946,2026-04-28 22:01:00,I,03,폐업,2025-01-24 19:14:27,,2023-07-28,,서울특별시 서대문구 홍제동 315-25,PHMH320233120033087500022,3120000,"서울특별시 서대문구 통일로37길 38, 1층 (홍제동)",03645,03,폐업,,,,
씨유 북아현중앙점,2025-09-01,195920.774991749,451261.096693919,2026-04-28 22:01:00,I,03,폐업,2025-09-02 09:33:51,,2023-08-01,,서울특별시 서대문구 북아현동 1-204,PHMH320233120033087500023,3120000,"서울특별시 서대문구 북아현로 72, 1층 (북아현동)",03748,03,폐업,,,,
(주)비지에프리테일 서대문한양점,2024-07-03,195259.429272709,453430.811542203,2026-04-28 22:01:01,I,03,폐업,2024-07-03 17:25:55,,2023-09-27,,서울특별시 서대문구 홍제동 82 홍제한양아파트,PHMH320233120033087500029,3120000,"서울특별시 서대문구 통일로25길 30, 상가동 지층 1호 (홍제동, 홍제한양아파트)",03730,03,폐업,,,,
지에스(GS)25 연희점,2025-06-05,193802.960706954,451983.122239876,2026-04-28 22:01:00,I,03,폐업,2025-06-05 16:37:22,,2024-01-31,,서울특별시 서대문구 연희동 122-7 1층,PHMH320243120033087500003,3120000,"서울특별시 서대문구 증가로 21-1, 1층 (연희동)",03703,03,폐업,87,,,
지에스25 서대문구청점,2025-07-18,194337.001303949,452923.136704818,2026-04-28 22:01:00,I,03,폐업,2025-07-18 17:24:44,,2024-03-19,,"서울특별시 서대문구 연희동 165-14 1층 101호, 102호",PHMH320243120033087500008,3120000,"서울특별시 서대문구 연희로36길 10, 1층 101호, 102호 (연희동)",03718,03,폐업,56,,,
CU 명지대원룸점,2016-12-30,193167.338438916,453440.645301652,2026-04-28 22:00:56,I,03,폐업,2016-12-30 13:26:51,,2012-11-14,120-800,서울특별시 서대문구 남가좌동 8번지 25호,PHMH320113120033087500001,3120000,서울특별시 서대문구 명지대길 72 (남가좌동),03675,03,폐업,,,,02-302-9236
CU 연희영웅점,2025-08-12,193851.29815243,451768.30204463,2026-04-28 22:00:56,I,03,폐업,2025-08-12 18:41:20,,2012-11-01,120-825,서울특별시 서대문구 연희동 134번지 28호,PHMH320123120033087500001,3120000,"서울특별시 서대문구 연희맛로 38, 1층 (연희동)",03708,03,폐업,,,,02-3143-6338
코리아세븐 서대문 동명점,2016-05-18,196531.780075563,451822.58437919,2026-04-28 22:00:56,I,03,폐업,2016-05-18 17:20:32,,2012-11-01,120-040,서울특별시 서대문구 천연동 46번지 1층 3호,PHMH320123120033087500002,3120000,"서울특별시 서대문구 독립문로 40, 1층 3호 (천연동)",03745,03,폐업,,,,02-363-7080
세븐일레븐 배꽃나래점,2015-01-26,194928.221088869,450556.560059493,2026-04-28 22:00:56,I,03,폐업,2015-03-05 17:32:50,,2012-11-02,120-809,서울특별시 서대문구 대현동 101번지 10호,PHMH320123120033087500004,3120000,서울특별시 서대문구 이화여대1길 42-1 (대현동),,03,폐업,,,,
바이더웨이 명지대점,2012-11-16,193310.567638385,453033.327121757,2026-04-28 22:00:56,I,03,폐업,2015-03-05 17:48:33,,2012-11-02,120-806,서울특별시 서대문구 남가좌동 324번지 10호,PHMH320123120033087500005,3120000,서울특별시 서대문구 증가로10길 59 (남가좌동),,03,폐업,,,,
미니스톱 이대역점,2015-09-18,195132.505510061,450552.709689412,2026-04-28 22:00:56,I,03,폐업,2015-09-18 15:28:25,,2012-11-05,120-808,서울특별시 서대문구 대현동 40번지 4호,PHMH320123120033087500006,3120000,서울특별시 서대문구 이화여대길 7 (대현동),03766,03,폐업,,,,02-362-8568
세븐일레븐 북가좌본점,2018-03-29,191997.083132782,453294.81483241,2026-04-28 22:00:56,I,03,폐업,2018-03-29 17:07:17,,2012-11-05,120-814,서울특별시 서대문구 북가좌동 324번지 47호,PHMH320123120033087500007,3120000,서울특별시 서대문구 응암로1길 20 (북가좌동),03678,03,폐업,,,,02-303-2400
세븐일레븐 동서한방병원점,2017-05-16,193736.025014973,451393.147219045,2026-04-28 22:00:56,I,03,폐업,2017-05-16 11:20:58,,2012-11-05,120-830,서울특별시 서대문구 연희동 194번지 40호,PHMH320123120033087500008,3120000,서울특별시 서대문구 성산로 365-18 (연희동),03726,03,폐업,,,,02-336-5797
CU 창천중앙점,2013-03-29,193639.708802938,450769.359947232,2026-04-28 22:00:56,I,03,폐업,2015-03-11 11:08:05,,2012-11-06,120-836,서울특별시 서대문구 창천동 506번지 1호,PHMH320123120033087500009,3120000,서울특별시 서대문구 신촌로1길 26 (창천동),,03,폐업,,,,
세븐일레븐 서대문문화회관점,2017-05-29,194029.574600227,453112.958663193,2026-04-28 22:00:56,I,03,폐업,2017-05-29 10:19:36,,2012-11-06,120-847,서울특별시 서대문구 홍은동 280번지,PHMH320123120033087500011,3120000,서울특별시 서대문구 백련사길 7 (홍은동),03657,03,폐업,,,,02-391-4753
GS25 연희점,2019-12-23,193802.960706954,451983.122239876,2026-04-28 22:00:56,I,03,폐업,2019-12-24 15:20:50,,2012-11-06,120-825,서울특별시 서대문구 연희동 122번지 7호,PHMH320123120033087500012,3120000,서울특별시 서대문구 증가로 21-1 (연희동),03703,03,폐업,,,,02-323-9973
(주)비지에프리테일 신촌세브란스병원점,2015-10-06,194584.959249312,451381.585492051,2026-04-28 22:01:00,I,03,폐업,2015-10-06 17:59:18,,2012-11-07,120-752,서울특별시 서대문구 신촌동 134번지,PHMH320123120033087500013,3120000,"서울특별시 서대문구 연세로 50-1 (신촌동, 세브란스병원 본관)",03722,03,폐업,,,,02-303-4160
바이더웨이 명지점,2015-08-05,193206.555533263,452943.498438728,2026-04-28 22:00:56,I,03,폐업,2015-08-05 11:21:46,,2012-11-07,120-807,서울특별시 서대문구 남가좌동 343번지 19호,PHMH320123120033087500014,3120000,서울특별시 서대문구 증가로10길 31 (남가좌동),03665,03,폐업,,,,02-303-4160
GS25 홍제,2021-06-30,195114.288139199,454133.610091799,2026-04-28 22:00:56,I,03,폐업,2021-06-30 16:15:40,,2012-11-08,120-857,서울특별시 서대문구 홍제동 249번지 1호,PHMH320123120033087500015,3120000,서울특별시 서대문구 세무서길 31 (홍제동),03629,03,폐업,,,,02-394-0054
세븐일레븐 충정로구세군점,2014-04-16,196595.551427249,450873.253484355,2026-04-28 22:00:56,I,03,폐업,2015-03-11 17:56:47,,2012-11-08,,,PHMH320123120033087500018,3120000,서울특별시 서대문구 충정로 7 (충정로3가),,03,폐업,,,,
CU 서대문뜨란채점,2014-09-23,196259.480927405,451698.351672354,2026-04-28 22:00:56,I,03,폐업,2015-03-12 11:32:53,,2012-11-08,120-040,서울특별시 서대문구 천연동 145번지,PHMH320123120033087500019,3120000,서울특별시 서대문구 독립문로8길 54 (천연동),,03,폐업,,,,
GS25 무악재점,2020-06-30,195485.296908303,453319.10995337,2026-04-28 22:00:56,I,03,폐업,2020-06-30 10:25:53,,2012-11-08,120-868,서울특별시 서대문구 홍제동 464번지,PHMH320123120033087500020,3120000,서울특별시 서대문구 통일로 357 (홍제동),03730,03,폐업,,,,02-723-3898
GS25 홍제제일,2014-04-16,195408.89823862,453699.508502005,2026-04-28 22:00:56,I,03,폐업,2015-03-16 16:12:14,,2012-11-08,120-854,서울특별시 서대문구 홍제동 112번지 1호,PHMH320123120033087500021,3120000,서울특별시 서대문구 통일로 396-14 (홍제동),,03,폐업,,,,
GS25 서대문냉천,2020-03-10,196748.396078251,451691.676060465,2026-04-28 22:00:56,I,03,폐업,2020-03-10 15:38:48,,2012-11-08,120-050,서울특별시 서대문구 냉천동 4번지 5호,PHMH320123120033087500024,3120000,서울특별시 서대문구 독립문로 63 (냉천동),03735,03,폐업,,,,02-313-9638
CU 신촌르메이에르점,2022-12-09,194635.371682777,450469.610782261,2026-04-28 22:00:56,I,03,폐업,2022-12-09 17:47:59,,2012-11-09,120-833,서울특별시 서대문구 창천동 20번지 26호,PHMH320123120033087500025,3120000,서울특별시 서대문구 신촌로 127 (창천동),03780,03,폐업,,,,02-363-9863
GS25 신촌문화점,2022-05-04,194691.712298875,450741.723053964,2026-04-28 22:00:56,I,03,폐업,2022-05-04 15:33:55,,2012-11-09,120-833,서울특별시 서대문구 창천동 4번지 77호,PHMH320123120033087500026,3120000,서울특별시 서대문구 신촌역로 43 (창천동),03777,03,폐업,,,,02-365-2523
GS25 충정동아,2014-05-28,196609.678881714,451071.851012296,2026-04-28 22:00:56,I,03,폐업,2015-03-16 17:41:43,,2012-11-09,120-013,서울특별시 서대문구 충정로3가 466번지,PHMH320123120033087500027,3120000,서울특별시 서대문구 경기대로 26-7 (충정로3가),,03,폐업,,,,
GS25 연대서문점,2021-09-13,194073.816644712,451270.755541252,2026-04-28 22:00:56,I,03,폐업,2021-09-13 09:52:53,,2012-11-09,120-823,서울특별시 서대문구 연희동 28번지 19호,PHMH320123120033087500028,3120000,서울특별시 서대문구 연희로10길 86 (연희동),03726,03,폐업,,,,02-325-4695
GS25 충정로점,2023-04-04,196945.454641052,451003.162676008,2026-04-28 22:00:56,I,03,폐업,2023-04-05 09:02:44,,2012-11-09,120-030,서울특별시 서대문구 합동 116번지,PHMH320123120033087500031,3120000,서울특별시 서대문구 서소문로 45 (합동),03741,03,폐업,,,,070-8172-6494
세븐일레븐 북가좌맑은길점,2018-09-05,192492.487364397,453263.594088352,2026-04-28 22:00:56,I,03,폐업,2018-09-05 10:12:00,,2012-11-12,120-810,서울특별시 서대문구 북가좌동 2번지 86호,PHMH320123120033087500032,3120000,서울특별시 서대문구 증가로24나길 20 (북가좌동),03669,03,폐업,,,,02-308-6737
GS25 이대역점,2014-05-28,195245.201210207,450551.128602701,2026-04-28 22:00:56,I,03,폐업,2015-04-06 11:23:54,,2012-11-12,120-170,서울특별시 서대문구 대현동 45번지 5호,PHMH320123120033087500033,3120000,서울특별시 서대문구 신촌로 189 (대현동),,03,폐업,,,,
CU 이대정문점,2022-04-26,195150.857903541,450752.602664508,2026-04-28 22:00:56,I,03,폐업,2022-04-26 15:47:32,,2012-11-12,120-808,서울특별시 서대문구 대현동 60번지 8호,PHMH320123120033087500035,3120000,서울특별시 서대문구 이화여대길 48 (대현동),03764,03,폐업,,,,02-313-9084
CU 남가좌그린점,2014-04-22,193379.870387854,452931.074727899,2026-04-28 22:00:56,I,03,폐업,2015-04-06 11:42:21,,2012-11-12,120-848,서울특별시 서대문구 홍은동 412번지 2호,PHMH320123120033087500037,3120000,서울특별시 서대문구 증가로8길 42-1 (홍은동),,03,폐업,,,,
GS25 연희성산로,2019-07-12,193324.322907778,451601.987669843,2026-04-28 22:00:56,I,03,폐업,2019-07-12 17:14:24,,2012-11-12,120-831,서울특별시 서대문구 연희동 435번지,PHMH320123120033087500039,3120000,서울특별시 서대문구 성산로 315 (연희동),03706,03,폐업,,,,02-337-2823
GS25 연희사랑점,2021-06-24,194173.58341939,452106.264867992,2026-04-28 22:00:56,I,03,폐업,2021-06-24 15:33:58,,2012-11-12,120-829,서울특별시 서대문구 연희동 80번지 7호,PHMH320123120033087500040,3120000,서울특별시 서대문구 연희로 158 (연희동),03723,03,폐업,,,,02-338-2823
CU편의점(정관휴먼시아점),2015-05-26,204333.137878189,444788.050526082,2026-04-28 22:00:56,I,03,폐업,2015-05-28 09:14:07,,2015-01-06,,,PHMH320153400013087500001,3400000,서울특별시 강남구 테헤란로 405 (삼성동),,03,폐업,42,,,
