사업장명,폐업일자,좌표X,좌표Y,데이터갱신시점,데이터갱신구분,지정일자,상세영업상태코드,상세영업상태명,최종수정시점,인허가취소일자,인허가일자,소재지우편번호,지번주소,관리번호,개방자치단체코드,약국영업면적,도로명주소,도로명우편번호,영업상태구분코드,영업상태명,휴업시작일자,휴업종료일자,소재지전화번호
동서약국,1998-11-05,,,2026-04-28 22:31:05,I,1961-02-13,03,폐업,2009-07-09 10:27:28,,1961-02-13,131-221,서울특별시 중랑구 상봉1동 390번지 1호,PHMD119613060034084000001,3060000,0,,,03,폐업,,,02-434-9140
신당약국,2002-12-30,207518.303074017,453042.673964201,2026-04-28 22:31:05,I,1980-07-04,03,폐업,2010-01-06 13:57:36,,1980-07-04,131-207,서울특별시 중랑구 면목7동 651번지 9호,PHMD119613060034084000002,3060000,0,,,03,폐업,,,02-434-2454
가야약국,2003-01-03,207227.540778081,455590.803853851,2026-04-28 22:31:05,I,1964-02-13,03,폐업,2009-07-09 10:15:47,,1964-02-13,131-875,서울특별시 중랑구 중화1동 16번지 5호,PHMD119643060034084000001,3060000,0,,,03,폐업,,,02-435-0519
강우약국,1999-04-29,208038.285435976,454597.911471709,2026-04-28 22:31:05,I,1966-05-30,03,폐업,2014-01-16 09:18:26,,1966-05-30,131-817,서울특별시 중랑구 면목본동 90번지 50호,PHMD119663060034084000001,3060000,0,,,03,폐업,,,02-435-0832
금란프라자약국,2001-08-02,209039.984324905,455312.042928242,2026-04-28 22:31:13,I,2000-03-07,03,폐업,2009-07-17 10:50:38,,2000-03-07,131-802,서울특별시 중랑구 망우본동 202번지 9호,PHMD120003060034084000009,3060000,0,,,03,폐업,,,02-494-4023
성경약국,2002-03-14,206609.39082744,455004.076353875,2026-04-28 22:31:13,I,2000-03-27,03,폐업,2009-07-17 10:54:01,,2000-03-27,131-880,서울특별시 중랑구 중화2동 316번지 82호,PHMD120003060034084000010,3060000,0,,,03,폐업,,,02-2209-4996
행복한약국,2005-02-28,,,2026-04-28 22:31:13,I,2000-04-18,03,폐업,2009-07-17 10:55:38,,2000-04-18,131-865,서울특별시 중랑구 신내1동 666번지 710호,PHMD120003060034084000011,3060000,0,,,03,폐업,,,02-3423-2077
미즈약국,2001-05-07,208576.563459167,455256.135495293,2026-04-28 22:31:13,I,2000-04-21,03,폐업,2009-07-17 10:57:07,,2000-04-21,131-810,서울특별시 중랑구 망우본동 488번지 4호,PHMD120003060034084000012,3060000,0,,,03,폐업,,,02-495-1131
백민약국,2001-03-06,207423.898976834,457122.700436003,2026-04-28 22:31:13,I,2000-04-21,03,폐업,2009-07-17 10:59:27,,2000-04-21,131-846,서울특별시 중랑구 묵1동 13번지 신내아파트 상가동 105호,PHMD120003060034084000013,3060000,0,,,03,폐업,,,02-3422-1377
사가정약국,2001-10-31,207681.148332051,453197.060369517,2026-04-28 22:31:13,I,2000-05-15,03,폐업,2009-07-17 11:01:43,,2000-05-15,131-831,서울특별시 중랑구 면목3.8동 604번지 4호,PHMD120003060034084000014,3060000,0,,,03,폐업,,,02-432-8803
새열린약국,2000-08-31,208183.558935157,454911.24852306,2026-04-28 22:31:13,I,2000-05-26,03,폐업,2009-07-17 11:03:40,,2000-05-26,131-809,서울특별시 중랑구 망우본동 506번지 1호,PHMD120003060034084000015,3060000,0,,,03,폐업,,,02-2207-3355
양지약국,2001-03-06,206814.61345332,456135.882474094,2026-04-28 22:31:13,I,2000-05-29,03,폐업,2009-07-17 11:05:13,,2000-05-29,131-853,서울특별시 중랑구 묵2동 245번지 4호,PHMD120003060034084000016,3060000,0,,,03,폐업,,,02-972-6254
은혜약국,2002-08-12,208730.442724242,454872.900111092,2026-04-28 22:31:13,I,2000-07-05,03,폐업,2009-07-17 11:08:06,,2000-07-05,131-809,서울특별시 중랑구 망우본동 465번지 15호,PHMD120003060034084000017,3060000,0,,,03,폐업,,,02-494-6331
인제약국,2002-01-25,206689.364439191,454613.651437081,2026-04-28 22:31:13,I,2000-07-13,03,폐업,2009-07-17 11:10:00,,2000-07-13,131-861,서울특별시 중랑구 상봉2동 129번지 3호,PHMD120003060034084000018,3060000,0,,,03,폐업,,,02-434-6870
이화약국,2000-08-30,207978.489613092,455897.218274738,2026-04-28 22:31:13,I,2000-07-26,03,폐업,2009-07-17 11:19:09,,2000-07-26,131-863,서울특별시 중랑구 상봉1동 481번지 신내12단지 상가2층 108호,PHMD120003060034084000019,3060000,0,,,03,폐업,,,02-3421-0885
수정약국,2003-04-30,206936.570187916,455280.600452321,2026-04-28 22:31:13,I,2000-08-01,03,폐업,2009-07-17 11:20:36,,2000-08-01,131-881,서울특별시 중랑구 중화2동 303번지 14호 그린빌딩 3층,PHMD120003060034084000020,3060000,0,,,03,폐업,,,02-494-5606
동부약국,2004-07-16,209474.519086574,455383.920022737,2026-04-28 22:31:13,I,2000-08-10,03,폐업,2009-07-17 11:22:38,,2000-08-10,131-802,서울특별시 중랑구 망우본동 135번지 9호,PHMD120003060034084000021,3060000,0,,,03,폐업,,,02-2209-8073
5층약국,2005-10-31,208822.513981876,454841.336257396,2026-04-28 22:31:13,I,2000-08-18,03,폐업,2009-07-17 11:24:19,,2000-08-18,131-805,서울특별시 중랑구 망우본동 403번지 66호,PHMD120003060034084000022,3060000,0,,,03,폐업,,,02-2207-4345
햇빛약국,2001-06-30,206544.310283401,454555.027249222,2026-04-28 22:31:13,I,2000-08-24,03,폐업,2009-07-17 11:26:25,,2000-08-24,131-861,서울특별시 중랑구 상봉2동 130번지 99호,PHMD120003060034084000023,3060000,0,,,03,폐업,,,02-437-6693
중화약국,2000-09-05,206819.099731122,456165.641889191,2026-04-28 22:31:13,I,2000-08-29,03,폐업,2009-07-17 11:28:14,,2000-08-29,131-853,서울특별시 중랑구 묵2동 245번지 3호,PHMD120003060034084000024,3060000,0,,,03,폐업,,,02-977-9562
이화약국,2000-09-28,207978.489613092,455897.218274738,2026-04-28 22:31:13,I,2000-09-05,03,폐업,2010-01-08 10:25:50,,2000-09-05,131-863,서울특별시 중랑구 상봉1동 481번지 신내12단지 108호,PHMD120003060034084000025,3060000,0,,,03,폐업,,,02-3421-0885
보건약국,2005-05-16,207681.148332051,453197.060369517,2026-04-28 22:31:13,I,2000-09-07,03,폐업,2009-07-17 11:31:15,,2000-09-07,131-831,서울특별시 중랑구 면목3.8동 604번지 4호,PHMD120003060034084000026,3060000,0,,,03,폐업,,,
초목생약국,2001-12-28,207461.714560571,452544.850851529,2026-04-28 22:31:13,I,2000-09-28,03,폐업,2009-07-17 11:34:54,,2000-09-28,131-830,서울특별시 중랑구 면목4동 372번지 20호,PHMD120003060034084000028,3060000,0,,,03,폐업,,,02-2209-8966
이화약국,2000-10-19,207978.489613092,455897.218274738,2026-04-28 22:31:13,I,2000-09-29,03,폐업,2010-01-08 10:29:36,,2000-09-29,131-863,서울특별시 중랑구 상봉1동 481번지 신내12단지 108호,PHMD120003060034084000029,3060000,0,,,03,폐업,,,02-3421-0885
솔빛약국,2002-10-31,207605.319631481,454476.402983363,2026-04-28 22:31:13,I,2000-10-06,03,폐업,2009-07-17 11:38:04,,2000-10-06,131-817,서울특별시 중랑구 면목본동 91번지 69호 3층,PHMD120003060034084000030,3060000,0,,,03,폐업,,,02-496-9053
태양약국,2002-12-30,206859.162457338,456998.29355939,2026-04-28 22:31:13,I,2000-10-31,03,폐업,2009-07-17 11:40:16,,2000-10-31,131-848,서울특별시 중랑구 묵1동 164번지 1호,PHMD120003060034084000031,3060000,0,,,03,폐업,,,02-973-2214
묵동고려약국,2001-01-22,206718.673280218,456725.062277459,2026-04-28 22:31:13,I,2000-12-13,03,폐업,2009-07-17 11:41:53,,2000-12-13,131-851,서울특별시 중랑구 묵2동 238번지 9호 1층,PHMD120003060034084000032,3060000,0,,,03,폐업,,,02-974-8199
봄약국,2003-12-15,209225.0060275,455343.341969362,2026-04-28 22:31:13,I,2000-12-30,03,폐업,2009-07-17 11:47:48,,2000-12-30,131-802,서울특별시 중랑구 망우본동 149번지 16호,PHMD120003060034084000033,3060000,0,,,03,폐업,,,02-439-9002
묵동고려약국,2013-12-12,206718.673280218,456725.062277459,2026-04-28 22:31:13,I,2001-01-26,03,폐업,2013-12-12 09:23:52,,2001-01-26,131-851,서울특별시 중랑구 묵2동 238번지 9호,PHMD120013060034084000002,3060000,21,서울특별시 중랑구 동일로 923 (묵동),,03,폐업,,,02-974-8199
먹골온누리약국,2013-12-02,206913.300465818,457078.855669577,2026-04-28 22:31:13,I,2001-04-07,03,폐업,2013-12-02 09:39:17,,2001-04-07,131-848,서울특별시 중랑구 묵1동 162번지 8호,PHMD120013060034084000004,3060000,59,서울특별시 중랑구 공릉로 59 (묵동),,03,폐업,,,02-975-4226
백세약국,2012-10-31,208368.252033443,456040.864473831,2026-04-28 22:31:13,I,2001-06-14,03,폐업,2012-10-31 10:20:38,,2001-06-14,131-865,"서울특별시 중랑구 신내1동 667번지 금강프라자 108,109,110호",PHMD120013060034084000005,3060000,142,,,03,폐업,,,02-3421-7015
연세약국,2019-10-11,208636.616103786,455279.177587826,2026-04-28 22:31:13,I,2001-07-09,03,폐업,2019-10-11 14:12:43,,2001-07-09,131-810,서울특별시 중랑구 망우본동 488번지 2호,PHMD120013060034084000007,3060000,24,서울특별시 중랑구 망우로63길 5 (망우동),02073,03,폐업,,,02-438-1996
메디칼약국,2012-05-07,208240.86652649,455162.056999516,2026-04-28 22:31:13,I,2001-07-20,03,폐업,2012-05-07 09:54:11,,2001-07-20,131-856,서울특별시 중랑구 상봉1동 74번지 46호,PHMD120013060034084000008,3060000,82,,,03,폐업,,,02-2207-1709
봉화약국,2011-08-16,,,2026-04-28 22:31:05,I,1969-07-24,03,폐업,2011-08-16 17:29:04,,1969-07-24,131-141,서울특별시 중랑구 묵1동 122-126,PHMD119693060034084000001,3060000,0,,,03,폐업,,,02-973-3992
동방약국,2018-11-15,207509.500807364,453768.131907678,2026-04-28 22:31:05,I,1970-12-03,03,폐업,2018-11-15 13:13:00,,1970-12-03,131-818,서울특별시 중랑구 면목본동 547번지 2호,PHMD119703060034084000002,3060000,0,서울특별시 중랑구 겸재로36길 42 (면목동),02217,03,폐업,,,02-434-0607
수복약국,2003-02-28,207098.067301266,452693.585825091,2026-04-28 22:31:05,I,1970-05-12,03,폐업,2009-07-09 10:30:49,,1970-05-12,131-825,서울특별시 중랑구 면목7동 345번지 3호,PHMD119703060034084000003,3060000,0,,,03,폐업,,,02-434-2249
장태양,1997-06-10,207918.48255359,453119.454591954,2026-04-28 22:31:05,I,1970-11-18,03,폐업,2009-07-09 10:34:22,,1970-11-18,131-825,서울특별시 중랑구 면목7동 536번지 3호,PHMD119703060034084000004,3060000,0,,,03,폐업,,,02-437-3740
백십자약국,2022-11-15,207823.387282366,453317.239724243,2026-04-28 22:31:05,I,1971-08-23,03,폐업,2022-11-15 15:00:43,,1971-08-23,131-813,서울특별시 중랑구 면목3.8동 461번지 1호,PHMD119713060034084000001,3060000,0,서울특별시 중랑구 면목로48길 12 (면목동),02213,03,폐업,,,02-436-3122
성백우,1998-06-01,207651.765361212,454623.145146086,2026-04-28 22:31:05,I,1971-06-24,03,폐업,2009-07-09 10:37:22,,1971-06-24,131-859,서울특별시 중랑구 상봉2동 107번지 59호,PHMD119713060034084000002,3060000,0,,,03,폐업,,,02433682
동양약국,1997-10-30,207231.299357379,454784.313223885,2026-04-28 22:31:05,I,1971-10-19,03,폐업,2009-07-09 10:39:56,,1971-10-19,131-860,서울특별시 중랑구 상봉2동 118번지,PHMD119713060034084000003,3060000,0,,,03,폐업,,,02-433-0613
태양약국,2000-06-21,206859.162457338,456998.29355939,2026-04-28 22:31:05,I,1971-12-07,03,폐업,2009-07-17 11:38:49,,1971-12-07,131-848,서울특별시 중랑구 묵1동 164번지 1호,PHMD119713060034084000004,3060000,0,,,03,폐업,,,02-973-4052
세경약국,2001-04-09,208551.082022754,455038.356408329,2026-04-28 22:31:05,I,1971-02-03,03,폐업,2009-07-13 13:23:35,,1971-02-03,131-809,서울특별시 중랑구 망우본동 492번지 2호,PHMD119713060034084000005,3060000,0,,,03,폐업,,,02-434-9453
주약국,2000-08-16,206771.217305763,455221.989517331,2026-04-28 22:31:05,I,1972-05-03,03,폐업,2009-07-09 10:45:49,,1972-05-03,131-121,서울특별시 중랑구 중화1동 314번지 1호,PHMD119723060034084000003,3060000,0,,,03,폐업,,,02-433-4275
선린약국,2016-03-02,209084.474631027,455311.801702453,2026-04-28 22:31:05,I,1973-02-10,03,폐업,2016-03-02 15:34:43,,1973-02-10,131-802,서울특별시 중랑구 망우본동 202번지 2호,PHMD119733060034084000001,3060000,61,서울특별시 중랑구 망우로74길 4 (망우동),02177,03,폐업,,,02-2208-7433
부민당약국,2021-12-28,207389.926361071,454669.436576136,2026-04-28 22:31:05,I,1973-04-25,03,폐업,2021-12-28 14:08:12,,1973-04-25,131-860,서울특별시 중랑구 상봉동 112번지 33호,PHMD119733060034084000002,3060000,0,서울특별시 중랑구 면목로91길 26 (상봉동),02137,03,폐업,,,02-434-9092
세일약국,2021-10-01,207573.307038765,453298.722260019,2026-04-28 22:31:05,I,1973-10-11,03,폐업,2021-10-01 14:26:18,,1973-10-11,131-831,서울특별시 중랑구 면목3.8동 597번지 7호,PHMD119733060034084000003,3060000,0,서울특별시 중랑구 면목로45길 36 (면목동),02228,03,폐업,,,02-434-3991
새동은약국,2012-12-31,,,2026-04-28 22:31:05,I,1973-11-13,03,폐업,2013-02-06 14:40:56,,1973-11-13,131-834,서울특별시 중랑구 면목7동 527번지 8호,PHMD119733060034084000004,3060000,0,서울특별시 중랑구 용마산로 312 (면목동),,03,폐업,,,02-2207-0097
상봉약국,1995-12-26,,,2026-04-28 22:31:05,I,1973-06-07,03,폐업,2009-07-09 11:11:16,,1973-06-07,131-220,서울특별시 중랑구 상봉동 361번지 4호,PHMD119733060034084000007,3060000,0,,,03,폐업,,,02-432-1707
선일약국,1997-11-14,207550.019627196,454666.621709646,2026-04-28 22:31:05,I,1973-07-06,03,폐업,2009-07-09 11:12:51,,1973-07-06,131-859,서울특별시 중랑구 상봉2동 107번지 26호,PHMD119733060034084000008,3060000,0,,,03,폐업,,,02-434-8607
순영약국,2015-06-12,208033.844782774,454025.487094644,2026-04-28 22:31:05,I,1974-03-18,03,폐업,2015-06-12 13:08:31,,1974-03-18,131-206,서울특별시 중랑구 면목6동 106-1,PHMD119743060034084000001,3060000,0,서울특별시 중랑구 겸재로54길 18 (면목동),,03,폐업,,,02-434-3412
보건약국,2000-07-31,,,2026-04-28 22:31:05,I,1974-05-20,03,폐업,2009-07-09 11:15:05,,1974-05-20,131-203,서울특별시 중랑구 면목3.8동 604번지 42호,PHMD119743060034084000002,3060000,0,,,03,폐업,,,02-434-3488
희망약국,2004-03-30,208310.505833107,455180.714802387,2026-04-28 22:31:05,I,1974-11-25,03,폐업,2009-07-09 11:18:56,,1974-11-25,131-856,서울특별시 중랑구 상봉1동 74번지 3호,PHMD119743060034084000003,3060000,0,,,03,폐업,,,02-434-0427
인성약국,2016-06-13,208524.713033313,454772.403050771,2026-04-28 22:31:05,I,1975-03-19,03,폐업,2016-06-13 14:04:43,,1975-03-19,131-809,서울특별시 중랑구 망우본동 513번지 32호,PHMD119753060034084000001,3060000,0,서울특별시 중랑구 봉우재로 221 (망우동),02171,03,폐업,,,02-434-6368
도일약국,2017-06-05,207352.296414314,452234.084252313,2026-04-28 22:31:05,I,1975-03-20,03,폐업,2017-06-05 13:49:29,,1975-03-20,131-829,서울특별시 중랑구 면목4동 392번지 18호,PHMD119753060034084000002,3060000,0,서울특별시 중랑구 면목로 218 (면목동),02255,03,폐업,,,02-439-2300
모자약국,2012-03-02,206604.835791303,456604.18448646,2026-04-28 22:31:05,I,1975-04-25,03,폐업,2012-03-05 18:00:55,,1975-04-25,131-852,서울특별시 중랑구 묵2동 240번지 1호,PHMD119753060034084000003,3060000,31,,,03,폐업,,,02-973-3900
보강약국,2009-10-31,206857.475251812,453813.801051823,2026-04-28 22:31:05,I,1975-08-20,03,폐업,2009-10-30 16:23:37,,1975-08-20,131-820,서울특별시 중랑구 면목2동 176번지 113호,PHMD119753060034084000004,3060000,0,,,03,폐업,,,02-434-0124
초록빛약국,2006-06-26,208273.987998018,455170.130991629,2026-04-28 22:31:05,I,1975-08-30,03,폐업,2009-07-09 11:21:42,,1975-08-30,131-857,서울특별시 중랑구 상봉1동 74번지 6호,PHMD119753060034084000006,3060000,21,,,03,폐업,,,02-434-9794
대지약국,2000-09-30,207613.164083596,455134.824679808,2026-04-28 22:31:05,I,1975-10-08,03,폐업,2009-07-09 11:36:34,,1975-10-08,131-222,서울특별시 중랑구 상봉2동 190번지 94호,PHMD119753060034084000007,3060000,0,,,03,폐업,,,02-434-7602
화랑약국,2009-10-19,206773.674610176,457088.290633135,2026-04-28 22:31:05,I,1976-01-06,03,폐업,2009-11-24 10:53:53,,1976-01-06,131-848,서울특별시 중랑구 묵1동 166번지 37호,PHMD119763060034084000001,3060000,0,,,03,폐업,,,02-973-4025
서울약국,2012-01-09,207690.415711104,455276.799243998,2026-04-28 22:31:05,I,1976-01-09,03,폐업,2012-01-09 14:08:16,,1976-01-09,131-856,서울특별시 중랑구 상봉1동 268번지 5호,PHMD119763060034084000002,3060000,0,,,03,폐업,,,02-438-0034
세화당약국,2025-06-23,206636.847815226,454844.096099827,2026-04-28 22:31:05,I,1976-03-06,03,폐업,2025-06-23 15:00:48,,1976-03-06,131-879,서울특별시 중랑구 중화2동 320번지 27호,PHMD119763060034084000003,3060000,0,서울특별시 중랑구 중랑역로 21 (중화동),02110,03,폐업,,,02-434-8794
대원사약국,2012-11-30,206818.366160698,455460.28217065,2026-04-28 22:31:05,I,1976-04-02,03,폐업,2012-11-30 13:40:44,,1976-04-02,131-881,서울특별시 중랑구 중화2동 304번지 70호,PHMD119763060034084000004,3060000,0,서울특별시 중랑구 중랑역로 90 (중화동),,03,폐업,,,02-433-4964
코끼리약국,2014-10-02,207785.545919156,453171.248452738,2026-04-28 22:31:13,I,2001-08-21,03,폐업,2014-10-08 16:26:32,,2001-08-21,131-813,서울특별시 중랑구 면목3.8동 473번지 17호,PHMD120013060034084000009,3060000,33,서울특별시 중랑구 사가정로 397 (면목동),,03,폐업,,,02-434-7375
동보약국,2009-01-23,,,2026-04-28 22:31:13,I,2001-11-01,03,폐업,2010-01-11 09:58:24,,2001-11-01,131-203,서울특별시 중랑구 면목7동 611-7,PHMD120013060034084000010,3060000,46,,,03,폐업,,,02-435-8921
늘푸른약국,2001-03-07,207509.181539597,454663.679019643,2026-04-28 22:31:13,I,2001-01-05,03,폐업,2009-07-17 11:56:17,,2001-01-05,131-860,서울특별시 중랑구 상봉2동 108번지 1호,PHMD120013060034084000011,3060000,0,,,03,폐업,,,
e편한약국,2002-03-09,,,2026-04-28 22:31:13,I,2001-01-10,03,폐업,2009-07-17 11:59:49,,2001-01-10,131-132,서울특별시 중랑구 신내2동 665번지 102호,PHMD120013060034084000013,3060000,0,,,03,폐업,,,02-3422-3619
파랑새약국,2002-11-04,206819.099731122,456165.641889191,2026-04-28 22:31:13,I,2001-01-15,03,폐업,2009-07-17 12:01:27,,2001-01-15,131-853,서울특별시 중랑구 묵2동 245번지 3호,PHMD120013060034084000014,3060000,0,,,03,폐업,,,02-979-8389
21세기건강약국,2007-06-26,207518.836843774,455604.158486813,2026-04-28 22:31:13,I,2001-01-19,03,폐업,2009-07-17 13:25:51,,2001-01-19,131-221,서울특별시 중랑구 상봉1동 222번지 82호,PHMD120013060034084000015,3060000,0,,,03,폐업,,,02-434-6002
이즈약국,2003-04-16,208613.331372822,455266.331938295,2026-04-28 22:31:13,I,2001-01-19,03,폐업,2009-07-17 13:35:10,,2001-01-19,131-810,서울특별시 중랑구 망우본동 488번지 14호,PHMD120013060034084000016,3060000,0,,,03,폐업,,,02-492-6535
양지약국,2006-10-02,206814.61345332,456135.882474094,2026-04-28 22:31:13,I,2001-03-07,03,폐업,2009-07-17 13:36:30,,2001-03-07,131-853,서울특별시 중랑구 묵2동 245번지 4호,PHMD120013060034084000017,3060000,0,,,03,폐업,,,02-972-6254
코끼리약국,2001-08-20,207785.545919156,453171.248452738,2026-04-28 22:31:13,I,2001-03-14,03,폐업,2009-07-17 13:38:07,,2001-03-14,131-813,서울특별시 중랑구 면목3.8동 473번지 17호,PHMD120013060034084000018,3060000,0,,,03,폐업,,,02-434-7375
다정약국,2003-01-02,206714.421505467,455858.699466676,2026-04-28 22:31:13,I,2001-03-23,03,폐업,2009-07-17 13:39:27,,2001-03-23,131-882,서울특별시 중랑구 중화2동 308번지 1호,PHMD120013060034084000019,3060000,0,,,03,폐업,,,02-432-7311
서일약국,2001-09-10,209083.646196172,455380.068728154,2026-04-28 22:31:13,I,2001-04-02,03,폐업,2010-01-11 09:37:02,,2001-04-02,131-802,서울특별시 중랑구 망우본동 209번지 8호,PHMD120013060034084000020,3060000,0,,,03,폐업,,,02-2209-1183
묵동수정약국,2002-05-02,206689.85488446,456825.300625744,2026-04-28 22:31:13,I,2001-04-07,03,폐업,2009-07-17 13:42:03,,2001-04-07,131-851,서울특별시 중랑구 묵2동 238번지 1호,PHMD120013060034084000021,3060000,0,,,03,폐업,,,02-977-4887
수정당약국,2007-04-19,207016.987646984,455942.865023529,2026-04-28 22:31:13,I,2001-04-10,03,폐업,2009-07-17 13:43:50,,2001-04-10,131-850,서울특별시 중랑구 묵1동 187번지 19호,PHMD120013060034084000022,3060000,0,,,03,폐업,,,02-976-8696
상록수약국,2007-12-21,207012.069501641,455241.223169421,2026-04-28 22:31:13,I,2001-04-13,03,폐업,2009-07-17 13:45:24,,2001-04-13,131-877,서울특별시 중랑구 중화1동 294번지 9호,PHMD120013060034084000023,3060000,0,,,03,폐업,,,02-437-7634
대명약국,2006-07-31,208481.612667873,455496.980508789,2026-04-28 22:31:13,I,2001-05-14,03,폐업,2009-07-17 13:46:55,,2001-05-14,131-869,서울특별시 중랑구 신내1동 502번지 5호,PHMD120013060034084000024,3060000,0,,,03,폐업,,,02-2207-8311
건우약국,2001-07-31,207651.411967557,455258.02607452,2026-04-28 22:31:13,I,2001-06-11,03,폐업,2009-07-17 13:48:19,,2001-06-11,131-862,서울특별시 중랑구 상봉1동 202번지 1호,PHMD120013060034084000025,3060000,0,,,03,폐업,,,02-2208-1566
우당약국,2006-09-25,208349.677715009,453773.662223239,2026-04-28 22:31:13,I,2001-06-18,03,폐업,2009-07-17 13:49:34,,2001-06-18,131-812,서울특별시 중랑구 면목3.8동 56번지 11호,PHMD120013060034084000026,3060000,0,,,03,폐업,,,02-2209-0941
신햇빛약국,2004-12-09,206563.686139462,454547.423468649,2026-04-28 22:31:13,I,2001-06-29,03,폐업,2009-07-17 13:50:59,,2001-06-29,131-861,서울특별시 중랑구 상봉2동 130번지 97호,PHMD120013060034084000027,3060000,0,,,03,폐업,,,02-437-6693
기독약국,2001-11-07,207600.028276016,453544.668417196,2026-04-28 22:31:13,I,2001-06-29,03,폐업,2009-07-17 13:53:37,,2001-06-29,131-831,서울특별시 중랑구 면목3.8동 566번지 4호,PHMD120013060034084000028,3060000,0,,,03,폐업,,,02-436-7019
금란프라자약국,2001-10-17,209039.984324905,455312.042928242,2026-04-28 22:31:13,I,2001-08-08,03,폐업,2009-07-17 13:56:07,,2001-08-08,131-802,서울특별시 중랑구 망우본동 202번지 9호,PHMD120013060034084000029,3060000,0,,,03,폐업,,,02-494-4023
로뎀약국,2003-02-05,208775.336834889,455185.647891645,2026-04-28 22:31:13,I,2001-09-13,03,폐업,2010-01-11 09:55:18,,2001-09-13,131-809,서울특별시 중랑구 망우본동 466번지 1호,PHMD120013060034084000030,3060000,0,,,03,폐업,,,02-496-2783
굿모닝약국,2003-09-03,208428.806767119,456248.420921942,2026-04-28 22:31:13,I,2001-09-19,03,폐업,2009-07-17 13:59:39,,2001-09-19,131-867,"서울특별시 중랑구 신내1동 618번지 동성B동상가 107, 108호",PHMD120013060034084000031,3060000,0,,,03,폐업,,,02-2209-5733
건강한약국,2002-04-02,207537.323812245,454541.434354871,2026-04-28 22:31:13,I,2001-10-16,03,폐업,2009-07-17 14:01:03,,2001-10-16,131-860,서울특별시 중랑구 상봉2동 109번지,PHMD120013060034084000032,3060000,0,,,03,폐업,,,02-494-9492
금란프라자약국,2002-11-26,209039.984324905,455312.042928242,2026-04-28 22:31:13,I,2001-10-18,03,폐업,2009-07-17 14:02:21,,2001-10-18,131-802,서울특별시 중랑구 망우본동 202번지 9호,PHMD120013060034084000033,3060000,0,,,03,폐업,,,02-494-4023
새건명약국,2002-01-04,207886.420575928,453337.006204504,2026-04-28 22:31:13,I,2001-10-26,03,폐업,2009-07-17 14:05:11,,2001-10-26,131-813,서울특별시 중랑구 면목3.8동 456번지 28호,PHMD120013060034084000034,3060000,0,,,03,폐업,,,02-493-3019
동보약국,2007-02-26,207764.045447867,453094.298253679,2026-04-28 22:31:13,I,2001-11-01,03,폐업,2009-07-17 14:07:25,,2001-11-01,131-828,서울특별시 중랑구 면목7동 611번지 7호,PHMD120013060034084000035,3060000,0,,,03,폐업,,,02-435-8921
태평양약국,2002-07-03,208600.161918627,455262.816056235,2026-04-28 22:31:13,I,2001-11-17,03,폐업,2009-07-17 14:09:09,,2001-11-17,131-810,서울특별시 중랑구 망우본동 488번지 3호,PHMD120013060034084000036,3060000,0,,,03,폐업,,,02-438-6250
세은약국,2005-09-21,208616.651000986,455204.466330052,2026-04-28 22:31:13,I,2001-11-28,03,폐업,2009-07-17 14:10:52,,2001-11-28,131-810,서울특별시 중랑구 망우본동 470번지 14호,PHMD120013060034084000037,3060000,0,,,03,폐업,,,02-491-7781
스마일약국,2002-07-29,208295.099818379,456014.999180519,2026-04-28 22:31:13,I,2001-12-11,03,폐업,2009-07-17 14:12:14,,2001-12-11,131-865,서울특별시 중랑구 신내1동 666번지 신아타운 709호,PHMD120013060034084000038,3060000,0,,,03,폐업,,,02-3421-1768
온누리수성약국,2002-04-20,208283.548205106,456330.49095806,2026-04-28 22:31:13,I,2001-12-11,03,폐업,2009-07-17 14:14:21,,2001-12-11,131-873,서울특별시 중랑구 신내2동 660번지 도시개발아파트 10단지 113호,PHMD120013060034084000039,3060000,0,,,03,폐업,,,02-3421-3649
바다약국,2013-08-20,208761.642981562,454013.01784682,2026-04-28 22:31:05,I,1976-06-05,03,폐업,2013-08-20 13:30:15,,1976-06-05,131-812,서울특별시 중랑구 면목3.8동 1번지 24호,PHMD119763060034084000005,3060000,0,서울특별시 중랑구 용마산로94길 57 (면목동),,03,폐업,,,02-435-0903
다원약국,2020-02-13,208555.355763272,454237.01753823,2026-04-28 22:31:05,I,1976-10-29,03,폐업,2020-02-13 11:36:29,,1976-10-29,131-811,서울특별시 중랑구 면목3.8동 17번지 1호,PHMD119763060034084000006,3060000,0,서울특별시 중랑구 용마산로 440 (면목동),02189,03,폐업,,,02-434-2277
지영약국,2017-02-24,206612.899112652,456002.497569918,2026-04-28 22:31:05,I,1976-11-13,03,폐업,2017-02-24 16:47:04,,1976-11-13,131-853,서울특별시 중랑구 묵2동 249번지 59호,PHMD119763060034084000007,3060000,0,서울특별시 중랑구 동일로149길 47 (묵동),02012,03,폐업,,,02-973-3201
제일사약국,1997-10-06,207181.239511655,454222.82046156,2026-04-28 22:31:05,I,1976-01-15,03,폐업,2009-07-09 11:38:07,,1976-01-15,131-819,서울특별시 중랑구 면목2동 136번지 12호,PHMD119763060034084000009,3060000,0,,,03,폐업,,,02-434-8154
서안약국,2002-10-04,207724.271116297,453587.400968752,2026-04-28 22:31:05,I,1976-04-20,03,폐업,2009-07-09 11:40:49,,1976-04-20,131-818,서울특별시 중랑구 면목본동 501번지 3호,PHMD119763060034084000010,3060000,0,,,03,폐업,,,02-434-3270
정한약국,2000-04-12,206739.104478081,455075.034616356,2026-04-28 22:31:05,I,1976-06-10,03,폐업,2010-01-06 13:38:17,,1976-06-10,131-879,서울특별시 중랑구 중화2동 300번지 48호,PHMD119763060034084000011,3060000,0,,,03,폐업,,,02-493-7543
대일약국,2005-02-11,207641.9498773,455350.617752934,2026-04-28 22:31:05,I,1976-10-06,03,폐업,2009-07-09 11:47:45,,1976-10-06,131-221,서울특별시 중랑구 상봉1동 208번지 1호,PHMD119763060034084000012,3060000,24,,,03,폐업,,,02-433-1712
신서일약국,1998-08-03,,,2026-04-28 22:31:05,I,1976-10-07,03,폐업,2009-07-09 12:15:48,,1976-10-07,131-820,서울특별시 중랑구 면목2동 178번지 98호,PHMD119763060034084000013,3060000,0,,,03,폐업,,,02-433-8880
한독약국,2000-01-04,208617.766541632,455000.252397493,2026-04-28 22:31:05,I,1976-11-16,03,폐업,2009-07-09 13:12:56,,1976-11-16,131-810,서울특별시 중랑구 망우본동 467번지 13호,PHMD119763060034084000014,3060000,0,,,03,폐업,,,02-434-5044
새하늘약국,2009-10-01,207703.81079284,454049.274671213,2026-04-28 22:31:05,I,1977-03-09,03,폐업,2009-10-01 14:54:41,,1977-03-09,131-816,서울특별시 중랑구 면목본동 102번지 18호,PHMD119773060034084000002,3060000,0,,,03,폐업,,,02-434-6583
성심약국,2015-05-18,206770.368262596,453612.271771967,2026-04-28 22:31:06,I,1977-05-17,03,폐업,2015-05-18 15:06:27,,1977-05-17,131-822,서울특별시 중랑구 면목5동 173번지 15호,PHMD119773060034084000004,3060000,0,서울특별시 중랑구 동일로95나길 4 (면목동),,03,폐업,,,02-492-8964
삼일약국,2003-10-07,206800.840737061,455076.930461101,2026-04-28 22:31:06,I,1977-01-15,03,폐업,2009-07-09 13:17:03,,1977-01-15,131-121,서울특별시 중랑구 중화1동 302번지 52호,PHMD119773060034084000006,3060000,59,,,03,폐업,,,02-433-4500
우림약국,2008-06-26,207044.252348624,453623.488278881,2026-04-28 22:31:06,I,1977-01-15,03,폐업,2009-07-09 13:23:52,,1977-01-15,131-821,서울특별시 중랑구 면목5동 151번지 23호,PHMD119773060034084000007,3060000,0,,,03,폐업,,,02-432-3676
새신원약국,1995-12-21,206788.048632489,455850.935638819,2026-04-28 22:31:06,I,1977-02-09,03,폐업,2009-07-09 13:31:53,,1977-02-09,131-121,서울특별시 중랑구 중화1동 307번지 1호,PHMD119773060034084000008,3060000,0,,,03,폐업,,,02-435-8494
은행약국,1999-09-04,209056.320461037,455369.28496475,2026-04-28 22:31:06,I,1977-05-16,03,폐업,2009-07-09 13:46:13,,1977-05-16,131-803,서울특별시 중랑구 망우본동 340번지 22호,PHMD119773060034084000009,3060000,0,,,03,폐업,,,02-434-6102
정원사약국,1995-02-07,206997.111304806,455492.857962642,2026-04-28 22:31:06,I,1977-05-21,03,폐업,2010-01-06 13:45:53,,1977-05-21,131-876,서울특별시 중랑구 중화1동 286번지 24호,PHMD119773060034084000010,3060000,0,,,03,폐업,,,02-435-2548
성문약국,2003-03-14,206478.979450755,454097.77263229,2026-04-28 22:31:06,I,1977-07-06,03,폐업,2009-07-09 13:50:29,,1977-07-06,131-824,서울특별시 중랑구 면목2동 192번지 67호,PHMD119773060034084000011,3060000,0,,,03,폐업,,,02-435-9865
원약국,1997-06-02,208328.15116649,454721.174568551,2026-04-28 22:31:06,I,1977-08-27,03,폐업,2009-07-09 13:59:39,,1977-08-27,131-809,서울특별시 중랑구 망우본동 515번지 39호,PHMD119773060034084000012,3060000,0,,,03,폐업,,,02-434-7708
새신우약국,1996-11-08,,,2026-04-28 22:31:06,I,1977-09-20,03,폐업,2009-07-09 14:01:59,,1977-09-20,131-822,서울특별시 중랑구 면목5동 167번지 1호,PHMD119773060034084000013,3060000,0,,,03,폐업,,,02-432-2697
임약국,2007-09-17,,,2026-04-28 22:31:06,I,1977-09-26,03,폐업,2009-07-09 14:03:52,,1977-09-26,131-847,서울특별시 중랑구 묵1동 45번지 29호,PHMD119773060034084000014,3060000,0,,,03,폐업,,,02-973-3574
혜령약국,2019-02-07,206820.636107715,456616.148574207,2026-04-28 22:31:06,I,1978-01-20,03,폐업,2019-02-07 11:42:26,,1978-01-20,131-848,서울특별시 중랑구 묵1동 176번지 23호,PHMD119783060034084000001,3060000,0,서울특별시 중랑구 공릉로 12 (묵동),02037,03,폐업,,,02-973-2225
상아약국,2018-09-21,208781.999418607,454740.62692431,2026-04-28 22:31:06,I,1978-05-09,03,폐업,2018-09-21 10:19:31,,1978-05-09,131-806,서울특별시 중랑구 망우3동 410번지 1호,PHMD119783060034084000002,3060000,84,서울특별시 중랑구 용마산로 494 (망우동),02182,03,폐업,,,02-434-0118
유진약국,1997-07-18,206809.581598519,455903.925715981,2026-04-28 22:31:06,I,1978-02-23,03,폐업,2009-07-09 11:17:28,,1978-02-23,131-853,서울특별시 중랑구 묵2동 250번지 46호,PHMD119783060034084000003,3060000,0,,,03,폐업,,,02-973-3932
비부약국,2008-04-01,207073.499281911,453813.827835578,2026-04-28 22:31:06,I,1978-01-18,03,폐업,2009-07-09 14:09:46,,1978-01-18,131-821,서울특별시 중랑구 면목5동 150번지 7호,PHMD119783060034084000004,3060000,0,,,03,폐업,,,02-435-4034
남양약국,1993-06-23,206466.869284026,456705.745006925,2026-04-28 22:31:06,I,1978-01-19,03,폐업,2009-07-09 14:12:03,,1978-01-19,131-851,서울특별시 중랑구 묵2동 237번지 90호,PHMD119783060034084000005,3060000,0,,,03,폐업,,,02-973-7210
창우약국,1995-11-14,207310.580151487,452957.56959596,2026-04-28 22:31:06,I,1978-01-28,03,폐업,2009-07-09 14:14:09,,1978-01-28,131-827,서울특별시 중랑구 면목7동 673번지 88호,PHMD119783060034084000006,3060000,0,,,03,폐업,,,02-435-4411
송곡약국,1996-06-05,209065.077559933,455529.139942083,2026-04-28 22:31:06,I,1978-02-20,03,폐업,2009-07-09 14:19:26,,1978-02-20,131-803,서울특별시 중랑구 망우본동 342번지 6호,PHMD119783060034084000007,3060000,0,,,03,폐업,,,02-434-9212
동무약국,1997-06-25,206767.360295846,454370.772675039,2026-04-28 22:31:06,I,1978-05-04,03,폐업,2009-07-09 14:22:03,,1978-05-04,131-823,서울특별시 중랑구 면목2동 184번지 54호,PHMD119783060034084000008,3060000,0,,,03,폐업,,,02-437-3337
새동신약국,2000-05-22,209474.519086574,455383.920022737,2026-04-28 22:31:06,I,1978-10-30,03,폐업,2009-07-09 14:24:37,,1978-10-30,131-802,서울특별시 중랑구 망우본동 135번지 9호,PHMD119783060034084000009,3060000,0,,,03,폐업,,,02-432-1060
제일 한사랑약국,2019-09-02,209521.169706304,455377.876341829,2026-04-28 22:31:13,I,2002-03-05,03,폐업,2019-09-02 09:28:01,,2002-03-05,131-802,서울특별시 중랑구 망우본동 128번지 32호,PHMD120023060034084000002,3060000,87,서울특별시 중랑구 망우로 505 (망우동),02063,03,폐업,,,02-437-1098
e-편한약국,2019-12-02,208245.979899232,455993.576503436,2026-04-28 22:31:13,I,2002-03-11,03,폐업,2019-12-02 09:33:40,,2002-03-11,131-130,서울특별시 중랑구 신내동 665번지,PHMD120023060034084000003,3060000,68,"서울특별시 중랑구 봉화산로 190, 102호 (신내동, 신내2동 관상복합청사)",02076,03,폐업,,,02-3422-3619
수성약국,2025-06-04,208283.548205106,456330.49095806,2026-04-28 22:31:13,I,2002-04-22,03,폐업,2025-06-04 11:25:25,,2002-04-22,131-790,서울특별시 중랑구 신내동 660번지,PHMD120023060034084000005,3060000,20,"서울특별시 중랑구 신내로 115, 113호 (신내동, 도시개발(아)10단지)",02043,03,폐업,,,02-3421-3649
묵동수정약국,2012-06-25,,,2026-04-28 22:31:13,I,2002-05-03,03,폐업,2012-06-25 17:08:02,,2002-05-03,131-851,서울특별시 중랑구 묵2동 238-1,PHMD120023060034084000006,3060000,55,,,03,폐업,,,02-977-4887
유한약국,2013-02-28,207653.828967538,453048.690091451,2026-04-28 22:31:13,I,2002-09-02,03,폐업,2013-02-28 09:51:11,,2002-09-02,131-828,서울특별시 중랑구 면목7동 634-8,PHMD120023060034084000008,3060000,58,서울특별시 중랑구 면목로 305 (면목동),,03,폐업,,,02-493-5074
구산약국,2023-11-13,206859.21503478,456654.831186357,2026-04-28 22:31:13,I,2002-11-22,03,폐업,2023-11-13 11:01:53,,2002-11-22,,서울특별시 중랑구 묵동 174번지 4호 구산빌딩,PHMD120023060034084000010,3060000,37,"서울특별시 중랑구 공릉로2길 7, 구산빌딩 (묵동)",02034,03,폐업,,,02-974-4925
나을약국,2002-09-26,208738.588508763,454159.68157759,2026-04-28 22:31:13,I,1990-04-07,03,폐업,2010-01-07 09:13:15,,1990-04-07,131-812,서울특별시 중랑구 면목3.8동 3번지 1호,PHMD120023060034084000011,3060000,0,,,03,폐업,,,02-436-2801
믿음약국,2002-08-20,207881.613574908,454717.35755349,2026-04-28 22:31:13,I,2002-01-03,03,폐업,2009-07-17 14:15:44,,2002-01-03,131-859,서울특별시 중랑구 상봉2동 88번지 111호,PHMD120023060034084000012,3060000,0,,,03,폐업,,,02-492-4818
새건명약국,2005-06-13,207886.420575928,453337.006204504,2026-04-28 22:31:13,I,2002-01-05,03,폐업,2009-07-17 14:17:15,,2002-01-05,131-813,서울특별시 중랑구 면목3.8동 456번지 28호,PHMD120023060034084000013,3060000,0,,,03,폐업,,,02-493-3019
건우약국,2003-07-07,207651.411967557,455258.02607452,2026-04-28 22:31:13,I,2002-02-28,03,폐업,2009-07-17 14:21:11,,2002-02-28,131-862,서울특별시 중랑구 상봉1동 202번지 1호,PHMD120023060034084000015,3060000,0,,,03,폐업,,,02-2208-1566
성경약국,2002-12-26,206623.480200508,454993.976130798,2026-04-28 22:31:13,I,2002-03-15,03,폐업,2010-01-11 10:07:48,,2002-03-15,131-880,서울특별시 중랑구 중화2동 316번지 34호,PHMD120023060034084000016,3060000,0,,,03,폐업,,,02-2209-4996
향기약국,2008-05-01,208263.088527414,453813.14793201,2026-04-28 22:31:13,I,2002-05-11,03,폐업,2009-07-17 14:25:03,,2002-05-11,131-839,서울특별시 중랑구 면목4동 68번지 2호,PHMD120023060034084000017,3060000,0,,,03,폐업,,,02-439-4579
팜코리아약국,2003-12-27,207765.943730882,453435.47390801,2026-04-28 22:31:13,I,2002-05-31,03,폐업,2009-07-17 14:26:48,,2002-05-31,131-813,서울특별시 중랑구 면목3.8동 458번지 29호,PHMD120023060034084000018,3060000,0,,,03,폐업,,,02-433-8421
태평양약국,2005-09-29,208600.161918627,455262.816056235,2026-04-28 22:31:13,I,2002-07-04,03,폐업,2009-07-17 14:28:35,,2002-07-04,131-810,서울특별시 중랑구 망우본동 488번지 3호,PHMD120023060034084000019,3060000,0,,,03,폐업,,,02-438-6250
온누리두산약국,2003-04-29,207316.717606633,453048.244656494,2026-04-28 22:31:13,I,2002-07-20,03,폐업,2009-07-17 14:30:50,,2002-07-20,131-200,서울특별시 중랑구 면목동 657번지 64호,PHMD120023060034084000020,3060000,0,,,03,폐업,,,02-439-8558
은혜약국,2003-03-22,208707.456894453,454828.733326985,2026-04-28 22:31:13,I,2002-08-13,03,폐업,2009-07-17 14:34:09,,2002-08-13,131-809,서울특별시 중랑구 망우본동 461번지 1호,PHMD120023060034084000021,3060000,0,,,03,폐업,,,02-494-6331
믿음약국,2004-10-19,207881.613574908,454717.35755349,2026-04-28 22:31:13,I,2002-08-21,03,폐업,2009-07-17 14:35:41,,2002-08-21,131-859,서울특별시 중랑구 상봉2동 88번지 111호,PHMD120023060034084000022,3060000,0,,,03,폐업,,,02-492-4818
파랑새약국,2008-02-05,206819.099731122,456165.641889191,2026-04-28 22:31:13,I,2002-11-05,03,폐업,2009-07-17 14:45:26,,2002-11-05,131-853,서울특별시 중랑구 묵2동 245번지 3호,PHMD120023060034084000023,3060000,0,,,03,폐업,,,02-979-8389
금란프라자약국,2003-04-01,209039.984324905,455312.042928242,2026-04-28 22:31:13,I,2002-11-27,03,폐업,2009-07-17 14:55:26,,2002-11-27,131-802,서울특별시 중랑구 망우본동 202번지 9호,PHMD120023060034084000024,3060000,0,,,03,폐업,,,02-494-4023
우성약국,2003-02-28,207033.873987542,454308.450373142,2026-04-28 22:31:13,I,2002-07-23,03,폐업,2009-07-20 11:57:49,,2002-07-23,131-820,서울특별시 중랑구 면목2동 144번지 35호,PHMD120023060034084000025,3060000,0,,,03,폐업,,,02-428-8455
성경약국,2005-03-18,206623.480200508,454993.976130798,2026-04-28 22:31:13,I,2002-12-27,03,폐업,2009-07-20 12:00:46,,2002-12-27,131-880,서울특별시 중랑구 중화2동 316번지 34호,PHMD120023060034084000026,3060000,0,,,03,폐업,,,02-2209-4996
효성온누리약국,2008-01-07,,,2026-04-28 22:31:13,I,2003-05-19,03,폐업,2009-07-06 11:14:40,,2003-05-19,131-847,서울특별시 중랑구 묵1동 158-20,PHMD120033060034084000004,3060000,19,,,03,폐업,,,02-3296-5378
탑약국,2022-04-27,206264.85197789,454540.796124357,2026-04-28 22:31:13,I,2003-06-12,03,폐업,2022-04-27 11:23:23,,2003-06-12,,서울특별시 중랑구 중화동 210번지 17호,PHMD120033060034084000005,3060000,21,"서울특별시 중랑구 망우로 171, 1층 (중화동)",02115,03,폐업,,,02-495-9928
한마음약국,2020-01-02,207609.639839839,453432.723899765,2026-04-28 22:31:13,I,2003-08-27,03,폐업,2020-01-02 10:20:29,,2003-08-27,,서울특별시 중랑구 면목동 572번지 1호 한마음약국,PHMD120033060034084000006,3060000,54,"서울특별시 중랑구 사가정로49길 50, 한마음약국 (면목동)",02221,03,폐업,,,02-492-9200
늘푸른약국,2012-05-21,207095.043308103,452454.938575965,2026-04-28 22:31:13,I,2003-10-22,03,폐업,2012-05-21 10:38:18,,2003-10-22,131-830,서울특별시 중랑구 면목4동 376번지 4호,PHMD120033060034084000008,3060000,45,서울특별시 중랑구 면목로27길 80 (면목동),,03,폐업,,,02-432-2004
행복을주는온누리약국,2010-01-15,,,2026-04-28 22:31:13,I,2003-12-26,03,폐업,2010-01-19 10:49:56,,2003-12-26,131-853,서울특별시 중랑구 묵2동 250-38,PHMD120033060034084000009,3060000,58,,,03,폐업,,,02-973-6135
다솜약국,2008-04-18,207509.181539597,454663.679019643,2026-04-28 22:31:13,I,2003-06-05,03,폐업,2009-07-16 17:02:58,,2003-06-05,131-860,서울특별시 중랑구 상봉2동 108번지 1호,PHMD120033060034084000010,3060000,17,,,03,폐업,,,
다정약국,2003-08-18,206714.421505467,455858.699466676,2026-04-28 22:31:13,I,2003-01-02,03,폐업,2009-07-20 12:57:02,,2003-01-02,131-882,서울특별시 중랑구 중화2동 308번지 1호,PHMD120033060034084000011,3060000,0,,,03,폐업,,,02-432-7311
제생약국,2013-03-13,207539.386711404,452982.38354697,2026-04-28 22:31:06,I,1979-12-08,03,폐업,2013-03-13 16:03:26,,1979-12-08,131-828,서울특별시 중랑구 면목7동 633번지 4호,PHMD119793060034084000003,3060000,0,서울특별시 중랑구 면목로37길 6 (면목동),,03,폐업,,,02-434-1712
엄지약국,1999-04-16,206709.963587281,456761.195198645,2026-04-28 22:31:06,I,1979-01-06,03,폐업,2014-01-21 09:50:20,,1979-01-06,131-851,서울특별시 중랑구 묵2동 238번지 91호,PHMD119793060034084000004,3060000,0,,,03,폐업,,,02-973-7475
방약국,2003-03-22,207527.583176236,452632.532909779,2026-04-28 22:31:06,I,1979-03-08,03,폐업,2014-01-21 09:48:19,,1979-03-08,131-829,서울특별시 중랑구 면목4동 367번지 6호,PHMD119793060034084000005,3060000,59,,,03,폐업,,,02-432-0596
새오약국,2000-09-14,208609.586579759,454364.156394985,2026-04-28 22:31:06,I,1979-05-09,03,폐업,2014-01-21 09:44:42,,1979-05-09,131-806,서울특별시 중랑구 망우3동 442번지 1호,PHMD119793060034084000006,3060000,0,,,03,폐업,,,02-434-3430
문화약국,2004-10-30,207862.320930816,454123.272871845,2026-04-28 22:31:06,I,1979-09-29,03,폐업,2009-07-10 09:53:38,,1979-09-29,131-201,서울특별시 중랑구 면목본동 103번지 7호,PHMD119793060034084000007,3060000,0,,,03,폐업,,,02-434-4055
시민약국,2000-07-21,206856.563079815,453608.427203325,2026-04-28 22:31:06,I,1978-04-01,03,폐업,2010-01-06 14:41:37,,1978-04-01,131-205,서울특별시 중랑구 면목5동 172번지 10호,PHMD119793060034084000008,3060000,0,,,03,폐업,,,02-494-4852
삼흥약국,2019-07-01,209083.646196172,455380.068728154,2026-04-28 22:31:06,I,1980-10-11,03,폐업,2019-07-01 09:28:17,,1980-10-11,131-802,서울특별시 중랑구 망우본동 209번지 8호 9호,PHMD119803060034084000001,3060000,29,서울특별시 중랑구 망우로 463 (망우동),02066,03,폐업,,,02-432-2624
명승약국,2011-03-25,207483.116682921,454425.749921988,2026-04-28 22:31:06,I,1980-12-08,03,폐업,2011-03-25 14:33:08,,1980-12-08,131-819,서울특별시 중랑구 면목2동 132번지 12호,PHMD119803060034084000002,3060000,0,,,03,폐업,,,02-434-4056
대청약국,1995-08-01,207732.320880424,455283.57958438,2026-04-28 22:31:06,I,1980-01-21,03,폐업,2009-07-10 10:15:13,,1980-01-21,131-856,서울특별시 중랑구 상봉1동 268번지 51호,PHMD119803060034084000003,3060000,0,,,03,폐업,,,02-435-0297
대성약국,1999-08-23,207797.498664856,453803.073224071,2026-04-28 22:31:06,I,1980-04-29,03,폐업,2009-07-10 10:20:32,,1980-04-29,131-814,서울특별시 중랑구 면목본동 109번지 71호,PHMD119803060034084000004,3060000,0,,,03,폐업,,,02-433-8628
정생약국,1999-11-24,206316.270834781,454873.415549777,2026-04-28 22:31:06,I,1980-10-21,03,폐업,2009-07-10 10:26:01,,1980-10-21,131-878,서울특별시 중랑구 중화2동 326번지 49호,PHMD119803060034084000005,3060000,0,,,03,폐업,,,02-435-0208
새대우약국,2024-01-29,206893.453885004,456018.381745604,2026-04-28 22:31:06,I,1981-01-08,03,폐업,2024-01-29 17:06:35,,1981-01-08,131-850,서울특별시 중랑구 묵1동 182번지 21호,PHMD119813060034084000001,3060000,0,서울특별시 중랑구 동일로 852 (묵동),02046,03,폐업,,,02-973-3197
평화당약국,1997-07-16,206954.611161622,455266.752804911,2026-04-28 22:31:06,I,1981-04-07,03,폐업,2009-07-10 10:28:09,,1981-04-07,131-121,서울특별시 중랑구 중화1동 303번지 75호,PHMD119813060034084000002,3060000,0,,,03,폐업,,,02-433-3881
명약국,2002-09-25,206599.170939143,454934.221910523,2026-04-28 22:31:06,I,1981-05-09,03,폐업,2009-07-10 10:30:50,,1981-05-09,131-879,서울특별시 중랑구 중화2동 320번지 2호,PHMD119813060034084000003,3060000,0,,,03,폐업,,,02-433-4560
우정약국,2003-12-20,208737.975191528,455244.649570492,2026-04-28 22:31:06,I,1981-05-20,03,폐업,2009-07-10 10:35:14,,1981-05-20,131-810,서울특별시 중랑구 망우본동 486번지 3호,PHMD119813060034084000004,3060000,0,,,03,폐업,,,02-432-4927
복원약국,2001-09-14,206926.155912669,453605.771344244,2026-04-28 22:31:06,I,1981-10-08,03,폐업,2009-07-10 10:38:04,,1981-10-08,131-822,서울특별시 중랑구 면목5동 172번지 5호,PHMD119813060034084000005,3060000,0,,,03,폐업,,,02-492-3883
태디약국,2001-06-16,208867.971587228,456998.820824509,2026-04-28 22:31:06,I,1981-10-15,03,폐업,2009-07-10 10:41:18,,1981-10-15,131-130,서울특별시 중랑구 신내동 344번지 1호,PHMD119813060034084000006,3060000,0,,,03,폐업,,,02-493-0879
성림약국,2008-07-03,,,2026-04-28 22:31:06,I,1981-12-12,03,폐업,2009-07-10 10:43:16,,1981-12-12,131-220,서울특별시 중랑구 상봉동 188번지 8호,PHMD119813060034084000007,3060000,0,,,03,폐업,,,02-434-7217
약산약국,2022-06-13,208037.57633212,454135.77766843,2026-04-28 22:31:06,I,1982-07-09,03,폐업,2022-06-13 10:14:45,,1982-07-09,131-816,서울특별시 중랑구 면목본동 74번지 35호,PHMD119823060034084000001,3060000,0,서울특별시 중랑구 겸재로 217 (면목동),02162,03,폐업,,,02-435-3003
창동약국,2010-03-25,206734.771804788,456683.71787772,2026-04-28 22:31:06,I,1982-07-15,03,폐업,2010-03-25 17:28:07,,1982-07-15,131-851,서울특별시 중랑구 묵2동 238번지 11호,PHMD119823060034084000002,3060000,0,,,03,폐업,,,02-973-3665
부흥약국,2017-08-21,206671.486977612,456397.834370381,2026-04-28 22:31:06,I,1982-11-08,03,폐업,2017-08-21 15:01:22,,1982-11-08,131-852,서울특별시 중랑구 묵2동 239번지 119호,PHMD119823060034084000005,3060000,28,서울특별시 중랑구 중랑역로 184 (묵동),02006,03,폐업,,,02-975-9134
보광약국,1995-07-01,206669.705964675,456177.219537354,2026-04-28 22:31:06,I,1982-03-08,03,폐업,2009-07-10 10:45:33,,1982-03-08,131-142,서울특별시 중랑구 묵2동 246번지 1호,PHMD119823060034084000006,3060000,0,,,03,폐업,,,
솔약국,2004-07-28,206939.476302987,456756.567908948,2026-04-28 22:31:06,I,1982-04-15,03,폐업,2009-07-10 11:00:07,,1982-04-15,131-848,서울특별시 중랑구 묵1동 173번지 31호,PHMD119823060034084000008,3060000,0,,,03,폐업,,,02-973-7002
명랑약국,2006-03-21,207885.573822605,454262.036414962,2026-04-28 22:31:06,I,1982-05-07,03,폐업,2009-07-10 11:08:30,,1982-05-07,131-816,서울특별시 중랑구 면목본동 99번지 49호,PHMD119823060034084000009,3060000,0,,,03,폐업,,,02-434-3634
대동아약국,2000-04-03,208835.747901602,454698.350359345,2026-04-28 22:31:06,I,1982-10-06,03,폐업,2009-07-10 11:10:16,,1982-10-06,131-806,서울특별시 중랑구 망우3동 409번지 3호,PHMD119823060034084000010,3060000,0,,,03,폐업,,,02-432-3314
밀알약국,1996-01-31,207844.267708864,453576.537069416,2026-04-28 22:31:06,I,1982-12-31,03,폐업,2009-07-10 11:12:52,,1982-12-31,131-814,서울특별시 중랑구 면목본동 409번지 3호,PHMD119823060034084000011,3060000,0,,,03,폐업,,,02-432-1580
새백민약국,2017-12-13,207109.320796923,453977.721044962,2026-04-28 22:31:06,I,1983-03-30,03,폐업,2017-12-13 17:49:10,,1983-03-30,131-819,서울특별시 중랑구 면목2동 141번지 40호,PHMD119833060034084000002,3060000,0,서울특별시 중랑구 겸재로23길 24 (면목동),02141,03,폐업,,,02-433-5950
연암약국,2009-06-30,207680.467040077,454601.538525956,2026-04-28 22:31:06,I,1983-09-29,03,폐업,2009-07-01 13:32:41,,1983-09-29,131-859,서울특별시 중랑구 상봉2동 106번지,PHMD119833060034084000003,3060000,0,,,03,폐업,,,02-434-8969
신대우약국,1998-08-14,207481.389026188,452896.81916074,2026-04-28 22:31:06,I,1983-02-11,03,폐업,2009-07-10 11:33:13,,1983-02-11,131-828,서울특별시 중랑구 면목7동 632번지 5호,PHMD119833060034084000004,3060000,0,,,03,폐업,,,02-494-1877
면목우정약국,2003-10-15,207464.252076716,452865.795443614,2026-04-28 22:31:13,I,2003-01-17,03,폐업,2009-07-20 12:59:41,,2003-01-17,131-827,서울특별시 중랑구 면목7동 353번지 55호,PHMD120033060034084000012,3060000,0,,,03,폐업,,,02-438-3438
온누리김약국,2004-05-14,207240.203538516,453909.786684907,2026-04-28 22:31:13,I,2003-02-12,03,폐업,2009-07-20 13:01:13,,2003-02-12,131-820,서울특별시 중랑구 면목2동 148번지 31호,PHMD120033060034084000013,3060000,0,,,03,폐업,,,02-438-5878
참사랑약국,2005-03-08,208799.01242713,454855.492914897,2026-04-28 22:31:13,I,2003-02-18,03,폐업,2009-07-20 13:02:39,,2003-02-18,131-805,서울특별시 중랑구 망우본동 403번지 42호,PHMD120033060034084000014,3060000,0,,,03,폐업,,,02-435-8535
중화약국,2005-04-06,206993.882836422,455380.498170548,2026-04-28 22:31:13,I,2003-03-04,03,폐업,2009-07-20 13:04:27,,2003-03-04,131-877,서울특별시 중랑구 중화1동 288번지 1호,PHMD120033060034084000015,3060000,0,,,03,폐업,,,
방약국,2003-04-08,207527.583176236,452632.532909779,2026-04-28 22:31:13,I,2003-03-24,03,폐업,2009-07-20 13:11:05,,2003-03-24,131-829,서울특별시 중랑구 면목4동 367번지 6호,PHMD120033060034084000016,3060000,0,,,03,폐업,,,02-432-0596
면목종로약국,2004-05-15,206965.575075997,453876.323531155,2026-04-28 22:31:13,I,2003-03-27,03,폐업,2009-07-20 13:12:32,,2003-03-27,131-820,서울특별시 중랑구 면목2동 176번지 3호,PHMD120033060034084000017,3060000,0,,,03,폐업,,,02-439-3161
늘푸른약국,2003-10-22,207095.043308103,452454.938575965,2026-04-28 22:31:13,I,2003-04-08,03,폐업,2009-07-20 13:13:50,,2003-04-08,131-830,서울특별시 중랑구 면목4동 376번지 4호,PHMD120033060034084000018,3060000,0,,,03,폐업,,,02-432-2004
방약국,2005-07-19,207527.583176236,452632.532909779,2026-04-28 22:31:13,I,2003-04-09,03,폐업,2009-07-20 13:15:05,,2003-04-09,131-829,서울특별시 중랑구 면목4동 367번지 6호,PHMD120033060034084000019,3060000,0,,,03,폐업,,,02-432-0596
수정약국,2007-11-01,206951.211271955,455296.999994297,2026-04-28 22:31:13,I,2003-04-30,03,폐업,2009-07-20 13:17:28,,2003-04-30,131-881,서울특별시 중랑구 중화2동 303번지 16호,PHMD120033060034084000020,3060000,0,,,03,폐업,,,02-494-5606
정다은약국,2003-11-24,209177.682798072,455333.044481669,2026-04-28 22:31:13,I,2003-06-23,03,폐업,2009-07-20 13:19:14,,2003-06-23,131-802,서울특별시 중랑구 망우본동 207번지 1호,PHMD120033060034084000021,3060000,0,,,03,폐업,,,02-493-8224
21세기백화점약국,2006-08-07,,,2026-04-28 22:31:13,I,2003-07-02,03,폐업,2009-07-20 13:20:41,,2003-07-02,131-822,서울특별시 중랑구 면목5동 167번지 47호,PHMD120033060034084000022,3060000,0,,,03,폐업,,,02-433-6339
건우약국,2007-04-02,207651.411967557,455258.02607452,2026-04-28 22:31:13,I,2003-07-07,03,폐업,2009-07-20 13:23:46,,2003-07-07,131-862,서울특별시 중랑구 상봉1동 202번지 1호,PHMD120033060034084000023,3060000,0,,,03,폐업,,,02-2208-1566
면목시장약국,2004-05-24,207518.303074017,453042.673964201,2026-04-28 22:31:14,I,2003-08-04,03,폐업,2009-07-20 13:25:55,,2003-08-04,131-827,서울특별시 중랑구 면목7동 651번지 9호,PHMD120033060034084000024,3060000,0,,,03,폐업,,,02-433-1309
다정약국,2005-03-04,206714.421505467,455858.699466676,2026-04-28 22:31:14,I,2003-08-18,03,폐업,2009-07-20 13:27:33,,2003-08-18,131-882,서울특별시 중랑구 중화2동 308번지 1호,PHMD120033060034084000025,3060000,0,,,03,폐업,,,02-432-7311
팜1약국,2006-01-05,207589.328056574,453437.382517446,2026-04-28 22:31:14,I,2003-09-09,03,폐업,2009-07-20 13:35:12,,2003-09-09,131-831,서울특별시 중랑구 면목3.8동 573번지 12호,PHMD120033060034084000026,3060000,0,,,03,폐업,,,02-493-0833
팜2약국,2004-06-09,207617.636763627,453501.711203379,2026-04-28 22:31:14,I,2003-09-09,03,폐업,2009-07-20 13:36:30,,2003-09-09,131-831,서울특별시 중랑구 면목3.8동 499번지 29호,PHMD120033060034084000027,3060000,0,,,03,폐업,,,02-493-0963
녹색건강약국,2004-06-28,207600.028276016,453544.668417196,2026-04-28 22:31:14,I,2003-09-16,03,폐업,2009-07-20 13:38:10,,2003-09-16,131-831,서울특별시 중랑구 면목3.8동 566번지 4호,PHMD120033060034084000028,3060000,0,,,03,폐업,,,02-433-0625
국제약국,2004-03-29,208295.099818379,456014.999180519,2026-04-28 22:31:14,I,2003-10-11,03,폐업,2009-07-20 13:39:34,,2003-10-11,131-865,서울특별시 중랑구 신내1동 666번지 신아타운 104호,PHMD120033060034084000029,3060000,0,,,03,폐업,,,02-3423-0828
면목우정약국,2004-01-26,207464.252076716,452865.795443614,2026-04-28 22:31:14,I,2003-10-15,03,폐업,2009-07-20 13:40:55,,2003-10-15,131-827,서울특별시 중랑구 면목7동 353번지 55호,PHMD120033060034084000030,3060000,0,,,03,폐업,,,02-438-3438
봄약국,2007-03-19,209225.0060275,455343.341969362,2026-04-28 22:31:14,I,2003-12-15,03,폐업,2009-07-20 13:42:19,,2003-12-15,131-802,서울특별시 중랑구 망우본동 149번지 16호,PHMD120033060034084000031,3060000,0,,,03,폐업,,,02-439-9002
우정약국,2004-08-16,208737.975191528,455244.649570492,2026-04-28 22:31:14,I,2003-12-22,03,폐업,2009-07-20 13:43:52,,2003-12-22,131-810,서울특별시 중랑구 망우본동 486번지 3호,PHMD120033060034084000032,3060000,0,,,03,폐업,,,02-432-4927
팜코리아약국,2006-10-24,207763.150721123,453460.919335911,2026-04-28 22:31:14,I,2003-12-29,03,폐업,2009-07-21 09:04:32,,2003-12-29,131-813,서울특별시 중랑구 면목3.8동 458번지 1호,PHMD120033060034084000033,3060000,0,,,03,폐업,,,02-433-8421
로뎀약국,2009-12-14,,,2026-04-28 22:31:14,I,2004-01-09,03,폐업,2009-12-15 14:38:26,,2004-01-09,131-846,서울특별시 중랑구 묵1동 20번지 신내두산(아)상가203호,PHMD120043060034084000001,3060000,27,,,03,폐업,,,02-3422-6705
국제약국,2013-02-04,208295.099818379,456014.999180519,2026-04-28 22:31:14,I,2004-03-29,03,폐업,2013-02-04 11:15:29,,2004-03-29,131-865,서울특별시 중랑구 신내1동 666 신아타운104호,PHMD120043060034084000003,3060000,27,"서울특별시 중랑구 봉화산로 194, 104호 (신내동, 신아타운)",,03,폐업,,,02-3423-0828
우리보건약국,2017-02-06,207680.180904428,453403.210627499,2026-04-28 22:31:14,I,2004-05-07,03,폐업,2017-02-06 10:08:53,,2004-05-07,131-831,서울특별시 중랑구 면목3동 572-9,PHMD120043060034084000004,3060000,33,서울특별시 중랑구 사가정로51길 45 (면목동),02221,03,폐업,,,02-433-8221
은행약국,2009-07-01,,,2026-04-28 22:31:14,I,2004-05-28,03,폐업,2009-07-02 14:38:27,,2004-05-28,131-876,서울특별시 중랑구 중화1동 287-9,PHMD120043060034084000005,3060000,20,,,03,폐업,,,02-2208-3008
믿음약국,2012-04-19,,,2026-04-28 22:31:14,I,2004-10-20,03,폐업,2012-04-19 13:27:32,,2004-10-20,131-859,서울특별시 중랑구 상봉2동 88-111,PHMD120043060034084000008,3060000,40,,,03,폐업,,,02-491-4818
우리한약국,2016-11-25,206700.671233357,455489.394016573,2026-04-28 22:31:14,I,2004-10-22,03,폐업,2016-11-25 17:20:24,,2004-10-22,131-881,서울특별시 중랑구 중화2동 311번지 40호,PHMD120043060034084000009,3060000,32,서울특별시 중랑구 봉화산로 21 (중화동),02016,03,폐업,,,02-437-3573
365밝은약국,2009-10-19,,,2026-04-28 22:31:14,I,2004-06-28,03,폐업,2009-11-12 13:07:16,,2004-06-28,131-828,서울특별시 중랑구 면목7동 634-10,PHMD120043060034084000010,3060000,70,,,03,폐업,,,02-435-0365
월드약국,2004-02-06,206526.002200022,454549.167447113,2026-04-28 22:31:14,I,2004-01-09,03,폐업,2009-07-21 09:06:52,,2004-01-09,131-861,서울특별시 중랑구 상봉2동 130번지 3호,PHMD120043060034084000011,3060000,0,,,03,폐업,,,02-492-7588
광명당약국,1997-02-28,208313.008937665,454214.072217284,2026-04-28 22:31:06,I,1983-06-16,03,폐업,2009-07-10 12:34:12,,1983-06-16,131-807,서울특별시 중랑구 망우3동 525번지 16호,PHMD119833060034084000006,3060000,0,,,03,폐업,,,02-432-0950
새성진약국,1994-06-13,208766.199402181,455027.525800011,2026-04-28 22:31:06,I,1983-08-08,03,폐업,2009-07-10 13:17:12,,1983-08-08,131-809,서울특별시 중랑구 망우본동 466번지 11호,PHMD119833060034084000007,3060000,0,,,03,폐업,,,02-493-7328
시장약국,2003-10-15,206714.421505467,455858.699466676,2026-04-28 22:31:06,I,1983-08-11,03,폐업,2009-07-10 13:22:11,,1983-08-11,131-882,서울특별시 중랑구 중화2동 308번지 1호,PHMD119833060034084000008,3060000,0,,,03,폐업,,,02-433-6135
호산닌약국,1993-12-27,207657.369949295,455481.209505673,2026-04-28 22:31:06,I,1983-09-16,03,폐업,2009-07-10 13:21:20,,1983-09-16,131-856,서울특별시 중랑구 상봉1동 247번지 2호,PHMD119833060034084000009,3060000,0,,,03,폐업,,,02-432-1097
세기약국,2013-11-25,208827.028317555,455349.143550112,2026-04-28 22:31:06,I,1984-06-27,03,폐업,2013-11-25 14:50:05,,1984-06-27,131-804,서울특별시 중랑구 망우본동 358번지 6호,PHMD119843060034084000001,3060000,34,서울특별시 중랑구 용마산로 554 (망우동),,03,폐업,,,02-435-5556
수약국,1997-03-13,207566.285155335,454367.761508156,2026-04-28 22:31:06,I,1984-01-10,03,폐업,2009-07-10 13:25:43,,1984-01-10,131-816,서울특별시 중랑구 면목본동 129번지 1호,PHMD119843060034084000002,3060000,0,,,03,폐업,,,02-433-8319
수영약국,1996-10-31,207218.692456218,454294.142729009,2026-04-28 22:31:06,I,1984-03-28,03,폐업,2009-07-10 13:29:29,,1984-03-28,131-819,서울특별시 중랑구 면목2동 135번지 28호,PHMD119843060034084000003,3060000,0,,,03,폐업,,,02-494-6477
믿음약국,1999-08-27,207901.998347387,454698.865013108,2026-04-28 22:31:06,I,1984-05-09,03,폐업,2009-07-10 13:31:05,,1984-05-09,131-859,서울특별시 중랑구 상봉2동 86번지 59호,PHMD119843060034084000004,3060000,0,,,03,폐업,,,02-492-4818
중앙약국,2001-08-08,,,2026-04-28 22:31:06,I,1984-09-21,03,폐업,2009-07-10 13:37:27,,1984-09-21,131-869,서울특별시 중랑구 신내1동 475번지 1호,PHMD119843060034084000005,3060000,0,,,03,폐업,,,02-439-8979
화성약국,1998-03-25,,,2026-04-28 22:31:06,I,1984-11-03,03,폐업,2009-07-10 13:42:46,,1984-11-03,131-881,서울특별시 중랑구 중화2동 304번지 24호,PHMD119843060034084000006,3060000,0,,,03,폐업,,,02-496-5322
일월약국,2023-12-07,206831.16196502,454060.213250261,2026-04-28 22:31:06,I,1985-08-26,03,폐업,2023-12-07 11:27:04,,1985-08-26,131-820,서울특별시 중랑구 면목2동 178번지 52호,PHMD119853060034084000001,3060000,60,"서울특별시 중랑구 겸재로9길 53, 1층 (면목동)",02134,03,폐업,,,02-432-2674
상일약국,2012-01-02,207189.679743111,454752.131153029,2026-04-28 22:31:06,I,1985-09-17,03,폐업,2012-01-02 11:06:23,,1985-09-17,131-860,서울특별시 중랑구 상봉2동 118번지 8호,PHMD119853060034084000002,3060000,27,,,03,폐업,,,02-492-8808
천보당약국,1995-01-05,208197.293509648,454433.344133065,2026-04-28 22:31:06,I,1985-03-23,03,폐업,2009-07-10 13:51:38,,1985-03-23,131-807,서울특별시 중랑구 망우3동 522번지 37호,PHMD119853060034084000003,3060000,0,,,03,폐업,,,02-494-5037
순보약국,2002-06-24,206554.851311132,456831.469654492,2026-04-28 22:31:06,I,1985-04-09,03,폐업,2009-07-10 13:57:32,,1985-04-09,131-851,서울특별시 중랑구 묵2동 235번지 105호,PHMD119853060034084000004,3060000,0,,,03,폐업,,,02-975-2158
녹십자약국,2000-08-12,208220.64781648,453665.690411948,2026-04-28 22:31:06,I,1985-04-15,03,폐업,2009-07-10 13:59:43,,1985-04-15,131-814,서울특별시 중랑구 면목본동 67번지 18호,PHMD119853060034084000005,3060000,0,,,03,폐업,,,02-433-2607
다나약국,1995-12-05,206682.82846908,455489.155033309,2026-04-28 22:31:06,I,1985-07-11,03,폐업,2009-07-10 14:02:13,,1985-07-11,131-881,서울특별시 중랑구 중화2동 311번지 42호,PHMD119853060034084000006,3060000,0,,,03,폐업,,,02-494-7500
새보람약국,1990-07-10,206677.078730207,455334.29524873,2026-04-28 22:31:06,I,1985-08-01,03,폐업,2009-07-10 14:04:12,,1985-08-01,131-881,서울특별시 중랑구 중화2동 313번지 16호,PHMD119853060034084000007,3060000,0,,,03,폐업,,,
종점약국,1997-09-26,208057.437370858,454845.243765481,2026-04-28 22:31:06,I,1985-09-13,03,폐업,2009-07-10 14:06:46,,1985-09-13,131-858,서울특별시 중랑구 상봉2동 83번지 1호 터미널 1층 1호,PHMD119853060034084000008,3060000,0,,,03,폐업,,,
안정약국,1999-02-26,208057.437370858,454845.243765481,2026-04-28 22:31:06,I,1985-09-19,03,폐업,2009-07-10 14:16:45,,1985-09-19,131-858,서울특별시 중랑구 상봉2동 83번지 1호 터미널 1층 38호,PHMD119853060034084000009,3060000,0,,,03,폐업,,,
새시민약국,2000-08-30,207441.434803639,452881.454102582,2026-04-28 22:31:06,I,1985-10-12,03,폐업,2009-07-10 14:20:34,,1985-10-12,131-827,서울특별시 중랑구 면목7동 665번지 3호,PHMD119853060034084000010,3060000,0,,,03,폐업,,,02-434-2653
웅진약국,2001-06-15,206543.296631516,454399.059541817,2026-04-28 22:31:06,I,1985-10-17,03,폐업,2009-07-10 14:24:20,,1985-10-17,131-823,서울특별시 중랑구 면목2동 186번지 1호,PHMD119853060034084000011,3060000,0,,,03,폐업,,,
서원약국,1997-08-23,207681.724592204,453019.542623898,2026-04-28 22:31:06,I,1985-11-11,03,폐업,2010-01-06 14:17:56,,1985-11-11,131-828,서울특별시 중랑구 면목7동 617번지 3호,PHMD119853060034084000012,3060000,0,,,03,폐업,,,
기쁨약국,2011-08-24,208349.677715009,453773.662223239,2026-04-28 22:31:06,I,1986-07-02,03,폐업,2011-08-24 12:31:25,,1986-07-02,131-812,서울특별시 중랑구 면목3.8동 56번지 11호,PHMD119863060034084000002,3060000,27,,,03,폐업,,,02-494-5020
삼원사약국,2013-03-18,206903.890682508,455538.386601695,2026-04-28 22:31:06,I,1986-07-24,03,폐업,2013-03-18 09:57:14,,1986-07-24,131-881,서울특별시 중랑구 중화2동 305번지 38호,PHMD119863060034084000003,3060000,27,서울특별시 중랑구 동일로 803 (중화동),,03,폐업,,,02-433-4464
진보당약국,2009-09-25,207159.075446676,453482.087013151,2026-04-28 22:31:06,I,1986-09-17,03,폐업,2009-09-25 17:19:00,,1986-09-17,131-821,서울특별시 중랑구 면목5동 158번지 48호,PHMD119863060034084000004,3060000,26,,,03,폐업,,,02-491-6925
신성모약국,2022-10-04,208489.86186808,454101.91135596,2026-04-28 22:31:06,I,1986-11-25,03,폐업,2022-10-04 10:22:46,,1986-11-25,131-811,서울특별시 중랑구 면목3.8동 19번지 40호,PHMD119863060034084000005,3060000,26,서울특별시 중랑구 용마산로 424 (면목동),02191,03,폐업,,,02-435-4726
선인약국,2000-11-17,208466.362689882,453954.963462808,2026-04-28 22:31:06,I,1986-01-23,03,폐업,2009-07-10 14:32:05,,1986-01-23,131-811,서울특별시 중랑구 면목3.8동 19번지 58호,PHMD119863060034084000007,3060000,0,,,03,폐업,,,
우성사약국,2005-06-09,206960.834938491,455055.108359938,2026-04-28 22:31:06,I,1986-01-21,03,폐업,2009-07-10 14:33:52,,1986-01-21,131-880,서울특별시 중랑구 중화2동 301번지 32호,PHMD119863060034084000008,3060000,0,,,03,폐업,,,
유림약국,1997-04-09,208737.84136358,454183.287016926,2026-04-28 22:31:06,I,1986-03-03,03,폐업,2009-07-10 14:35:16,,1986-03-03,131-806,서울특별시 중랑구 망우3동 436번지 26호,PHMD119863060034084000009,3060000,0,,,03,폐업,,,
구선약국,1993-10-29,207623.254915184,452613.728614835,2026-04-28 22:31:06,I,1986-03-13,03,폐업,2009-07-10 14:37:43,,1986-03-13,131-829,서울특별시 중랑구 면목4동 365번지 29호,PHMD119863060034084000010,3060000,0,,,03,폐업,,,
우리약국,2005-09-26,208753.865760281,454841.528027962,2026-04-28 22:31:14,I,2004-03-15,03,폐업,2009-07-21 09:12:23,,2004-03-15,131-809,서울특별시 중랑구 망우본동 465번지 14호,PHMD120043060034084000013,3060000,0,,,03,폐업,,,02-433-1100
희망약국,2007-01-04,208310.505833107,455180.714802387,2026-04-28 22:31:14,I,2004-03-31,03,폐업,2009-07-21 09:14:45,,2004-03-31,131-856,서울특별시 중랑구 상봉1동 74번지 3호,PHMD120043060034084000014,3060000,0,,,03,폐업,,,02-433-0429
참조은약국,2006-01-02,207012.649715868,453863.55425566,2026-04-28 22:31:14,I,2004-04-08,03,폐업,2009-07-21 09:16:06,,2004-04-08,131-820,서울특별시 중랑구 면목2동 146번지 73호,PHMD120043060034084000015,3060000,0,,,03,폐업,,,02-476-9871
면목우정약국,2005-03-02,207464.252076716,452865.795443614,2026-04-28 22:31:14,I,2004-04-09,03,폐업,2009-07-21 09:17:14,,2004-04-09,131-827,서울특별시 중랑구 면목7동 353번지 55호,PHMD120043060034084000016,3060000,0,,,03,폐업,,,02-438-3438
명보약국,2005-03-29,207008.826567294,453594.509785172,2026-04-28 22:31:14,I,2004-05-04,03,폐업,2009-07-21 09:19:50,,2004-05-04,131-200,서울특별시 중랑구 면목동 161번지 34호 화성빌딩 1층,PHMD120043060034084000017,3060000,0,,,03,폐업,,,02-2207-0096
면목종로약국,2005-10-17,206965.575075997,453876.323531155,2026-04-28 22:31:14,I,2004-05-17,03,폐업,2010-01-11 11:05:18,,2004-05-17,131-820,서울특별시 중랑구 면목2동 176번지 3호 외1필지,PHMD120043060034084000018,3060000,0,,,03,폐업,,,02-439-3161
면목시장약국,2006-02-06,207518.303074017,453042.673964201,2026-04-28 22:31:14,I,2004-05-27,03,폐업,2009-07-21 09:26:57,,2004-05-27,131-827,서울특별시 중랑구 면목7동 651번지 9호,PHMD120043060034084000019,3060000,0,,,03,폐업,,,02-433-1390
녹색건강약국,2005-04-04,207600.028276016,453544.668417196,2026-04-28 22:31:14,I,2004-06-29,03,폐업,2009-07-21 09:28:47,,2004-06-29,131-831,서울특별시 중랑구 면목3.8동 566번지 4호,PHMD120043060034084000020,3060000,0,,,03,폐업,,,02-433-0625
신은행약국,2004-08-23,206732.127203473,455302.483236161,2026-04-28 22:31:14,I,2004-07-02,03,폐업,2009-07-21 09:30:23,,2004-07-02,131-881,서울특별시 중랑구 중화2동 312번지 95호,PHMD120043060034084000021,3060000,0,,,03,폐업,,,02-493-1566
오성약국,2004-12-20,207294.356593534,452183.021315884,2026-04-28 22:31:14,I,2004-07-14,03,폐업,2009-07-21 09:32:21,,2004-07-14,131-200,서울특별시 중랑구 면목동 398번지 32호,PHMD120043060034084000022,3060000,0,,,03,폐업,,,02490591
동부약국,2006-03-20,209474.519086574,455383.920022737,2026-04-28 22:31:14,I,2004-07-19,03,폐업,2009-07-21 09:33:47,,2004-07-19,131-802,서울특별시 중랑구 망우본동 135번지 9호,PHMD120043060034084000023,3060000,0,,,03,폐업,,,02-2209-8073
신햇빛약국,2007-02-22,206563.686139462,454547.423468649,2026-04-28 22:31:14,I,2004-12-10,03,폐업,2009-07-21 09:35:24,,2004-12-10,131-861,서울특별시 중랑구 상봉2동 130번지 97호,PHMD120043060034084000024,3060000,0,,,03,폐업,,,02-437-6693
아산약국,2022-04-19,206919.669083018,457184.193839874,2026-04-28 22:31:14,I,2005-03-03,03,폐업,2022-04-19 14:06:36,,2005-03-03,,서울특별시 중랑구 묵동 161번지 1호,PHMD120053060034084000002,3060000,35,"서울특별시 중랑구 공릉로 73, 1층 (묵동)",02018,03,폐업,,,02-976-3635
비타약국,2009-06-15,,,2026-04-28 22:31:14,I,2005-03-08,03,폐업,2009-06-23 13:21:08,,2005-03-08,131-828,서울특별시 중랑구 면목6동 105-29,PHMD120053060034084000003,3060000,22,,,03,폐업,,,02-492-7775
녹색건강약국,2023-01-31,207600.028276016,453544.668417196,2026-04-28 22:31:14,I,2005-04-06,03,폐업,2023-01-31 14:08:41,,2005-04-06,,서울특별시 중랑구 면목동 566번지 4호 완진빌딩,PHMD120053060034084000004,3060000,48,"서울특별시 중랑구 면목로55길 25, 완진빌딩 (면목동)",02221,03,폐업,,,02-433-0625
방약국,2013-02-13,207527.583176236,452632.532909779,2026-04-28 22:31:14,I,2005-07-19,03,폐업,2013-02-13 13:20:16,,2005-07-19,131-829,서울특별시 중랑구 면목4동 367-6,PHMD120053060034084000009,3060000,59,서울특별시 중랑구 면목로 260 (면목동),,03,폐업,,,02-432-0596
이화사랑약국,2011-04-18,,,2026-04-28 22:31:14,I,2005-08-11,03,폐업,2011-04-18 09:23:57,,2005-08-11,131-828,서울특별시 중랑구 면목7동 634-5,PHMD120053060034084000011,3060000,29,,,03,폐업,,,02-496-7054
희정약국,2009-10-30,,,2026-04-28 22:31:14,I,2005-11-01,03,폐업,2009-10-30 16:23:15,,2005-11-01,131-818,서울특별시 중랑구 면목1동 115-1,PHMD120053060034084000014,3060000,21,,,03,폐업,,,02-439-3435
다정약국,2006-08-31,206714.421505467,455858.699466676,2026-04-28 22:31:14,I,2005-03-07,03,폐업,2009-07-21 09:43:23,,2005-03-07,131-882,서울특별시 중랑구 중화2동 308번지 1호,PHMD120053060034084000016,3060000,0,,,03,폐업,,,02-432-7311
성경약국,2006-01-02,206623.480200508,454993.976130798,2026-04-28 22:31:14,I,2005-03-19,03,폐업,2009-07-21 09:45:58,,2005-03-19,131-880,서울특별시 중랑구 중화2동 316번지 34호,PHMD120053060034084000017,3060000,0,,,03,폐업,,,02-2209-4996
건강제일약국,2005-06-13,206993.882836422,455380.498170548,2026-04-28 22:31:14,I,2005-04-11,03,폐업,2009-07-21 09:47:18,,2005-04-11,131-877,서울특별시 중랑구 중화1동 288번지 1호,PHMD120053060034084000018,3060000,0,,,03,폐업,,,02-491-1114
열린약국,2007-06-07,208459.166531787,455828.133773788,2026-04-28 22:31:14,I,2005-08-26,03,폐업,2009-07-21 09:49:17,,2005-08-26,131-866,서울특별시 중랑구 신내1동 573번지 3호 외3필지 해성빌딩 102호,PHMD120053060034084000019,3060000,0,,,03,폐업,,,02-436-2666
우리종로약국,2006-04-19,208753.865760281,454841.528027962,2026-04-28 22:31:14,I,2005-09-27,03,폐업,2009-07-21 09:50:46,,2005-09-27,131-809,서울특별시 중랑구 망우본동 465번지 14호,PHMD120053060034084000020,3060000,0,,,03,폐업,,,02-433-1100
미소온누리약국,2006-07-12,208574.566606995,455201.404791635,2026-04-28 22:31:14,I,2005-10-18,03,폐업,2009-07-21 09:52:12,,2005-10-18,131-810,서울특별시 중랑구 망우본동 470번지 11호 외1필지 2층 202호,PHMD120053060034084000021,3060000,0,,,03,폐업,,,02-438-8278
5층약국,2007-04-12,208822.513981876,454841.336257396,2026-04-28 22:31:14,I,2005-10-31,03,폐업,2009-07-21 09:53:53,,2005-10-31,131-805,서울특별시 중랑구 망우본동 403번지 66호 외 2필지,PHMD120053060034084000022,3060000,0,,,03,폐업,,,02-2207-4345
미소약국,2017-04-26,208574.566606995,455201.404791635,2026-04-28 22:31:14,I,2006-07-13,03,폐업,2017-04-26 09:41:34,,2006-07-13,131-810,서울특별시 중랑구 망우동 470번지 11호,PHMD120063060034084000003,3060000,42,"서울특별시 중랑구 망우로 412, 202호 (망우동)",02164,03,폐업,,,02-438-8278
뉴21세기백화점약국,2009-02-09,,,2026-04-28 22:31:14,I,2006-08-07,03,폐업,2009-02-09 11:10:57,,2006-08-07,131-822,서울특별시 중랑구 면목5동 167-47,PHMD120063060034084000004,3060000,150,,,03,폐업,,,02-433-6339
보아스이화약국,2009-06-25,,,2026-04-28 22:31:14,I,2006-09-04,03,폐업,2009-06-25 15:39:04,,2006-09-04,131-828,서울특별시 중랑구 면목7동 611-5,PHMD120063060034084000006,3060000,44,,,03,폐업,,,02-495-1050
양지약국,2019-03-04,206814.61345332,456135.882474094,2026-04-28 22:31:14,I,2006-10-04,03,폐업,2019-03-04 09:20:48,,2006-10-04,,서울특별시 중랑구 묵동 245번지 4호,PHMD120063060034084000008,3060000,119,서울특별시 중랑구 동일로 865 (묵동),02010,03,폐업,,,02-972-6254
광현약국,2001-06-01,206600.027323395,455840.794571823,2026-04-28 22:31:06,I,1986-03-31,03,폐업,2010-01-06 14:21:22,,1986-03-31,131-882,서울특별시 중랑구 중화2동 309번지 86호,PHMD119863060034084000011,3060000,0,,,03,폐업,,,02-492-0797
대화약국,1995-04-17,,,2026-04-28 22:31:06,I,1986-04-02,03,폐업,2009-07-10 14:41:20,,1986-04-02,131-861,서울특별시 중랑구 상봉2동 136번지 19호,PHMD119863060034084000012,3060000,0,,,03,폐업,,,02-434-7313
순화약국,1994-12-02,206740.95977172,454517.575326381,2026-04-28 22:31:06,I,1986-04-03,03,폐업,2009-07-10 14:43:21,,1986-04-03,131-861,서울특별시 중랑구 상봉2동 129번지 9호,PHMD119863060034084000013,3060000,0,,,03,폐업,,,
승원약국,1995-11-07,206671.486977612,456397.834370381,2026-04-28 22:31:06,I,1986-05-08,03,폐업,2009-07-10 14:45:18,,1986-05-08,131-852,서울특별시 중랑구 묵2동 239번지 119호,PHMD119863060034084000014,3060000,0,,,03,폐업,,,
고명약국,2000-09-07,208111.204134785,454200.285241571,2026-04-28 22:31:06,I,1986-05-14,03,폐업,2009-07-10 14:50:28,,1986-05-14,131-839,서울특별시 중랑구 면목4동 74번지 50호,PHMD119863060034084000015,3060000,0,,,03,폐업,,,
봄약국,1994-11-14,207759.193444531,454943.982853578,2026-04-28 22:31:06,I,1986-06-11,03,폐업,2009-07-13 09:04:01,,1986-06-11,131-858,서울특별시 중랑구 상봉2동 91번지 1호,PHMD119863060034084000016,3060000,0,,,03,폐업,,,
신세계약국,1986-07-02,207120.062176471,452461.815582664,2026-04-28 22:31:06,I,1986-07-02,03,폐업,2009-07-13 09:19:53,,1986-07-02,131-830,서울특별시 중랑구 면목4동 376번지 44호,PHMD119863060034084000017,3060000,0,,,03,폐업,,,
뉴새로나약국,1994-06-02,209475.230649494,455453.610536542,2026-04-28 22:31:06,I,1986-08-13,03,폐업,2009-07-13 09:23:23,,1986-08-13,131-802,서울특별시 중랑구 망우본동 136번지 16호,PHMD119863060034084000018,3060000,0,,,03,폐업,,,
동우약국,1992-10-12,207029.006117542,453850.192958535,2026-04-28 22:31:06,I,1986-09-29,03,폐업,2009-07-13 09:26:00,,1986-09-29,131-820,서울특별시 중랑구 면목2동 147번지 7호,PHMD119863060034084000019,3060000,0,,,03,폐업,,,
한양당약국,1994-08-16,208330.615900997,454855.383534364,2026-04-28 22:31:06,I,1986-10-27,03,폐업,2009-07-13 09:30:27,,1986-10-27,131-809,서울특별시 중랑구 망우본동 509번지 28호,PHMD119863060034084000020,3060000,0,,,03,폐업,,,02-434-6595
신호림약국,1993-08-06,207734.110719856,454557.475019026,2026-04-28 22:31:06,I,1986-12-29,03,폐업,2009-07-13 09:38:03,,1986-12-29,131-859,서울특별시 중랑구 상봉2동 106번지 5호,PHMD119863060034084000021,3060000,0,,,03,폐업,,,
보증약국,2011-06-30,208531.742968345,455116.769369046,2026-04-28 22:31:06,I,1987-07-04,03,폐업,2011-06-30 16:47:37,,1987-07-04,131-810,서울특별시 중랑구 망우본동 491번지 64호,PHMD119873060034084000001,3060000,40,,,03,폐업,,,02-435-6764
영제당약국,1993-06-03,208028.544268786,453315.739430761,2026-04-28 22:31:06,I,1987-01-28,03,폐업,2009-07-13 09:54:40,,1987-01-28,131-813,서울특별시 중랑구 면목3.8동 453번지 55호,PHMD119873060034084000002,3060000,0,,,03,폐업,,,
참소망약국,2000-02-25,207978.152003624,453497.086860357,2026-04-28 22:31:06,I,1987-05-30,03,폐업,2009-07-13 09:59:24,,1987-05-30,131-813,서울특별시 중랑구 면목3.8동 430번지 2호,PHMD119873060034084000003,3060000,0,,,03,폐업,,,
명문약국,1992-12-21,207340.268039199,452623.42582132,2026-04-28 22:31:06,I,1987-06-13,03,폐업,2009-07-13 10:55:31,,1987-06-13,131-826,서울특별시 중랑구 면목4동 349번지 3호,PHMD119873060034084000004,3060000,0,,,03,폐업,,,
용산약국,1991-01-29,208031.496734396,453295.484753015,2026-04-28 22:31:06,I,1987-07-20,03,폐업,2009-07-13 11:01:40,,1987-07-20,131-813,서울특별시 중랑구 면목3.8동 466번지 29호,PHMD119873060034084000005,3060000,0,,,03,폐업,,,
기독약국,1998-05-04,207600.028276016,453544.668417196,2026-04-28 22:31:06,I,1987-07-31,03,폐업,2009-07-13 11:04:32,,1987-07-31,131-831,서울특별시 중랑구 면목3.8동 566번지 4호,PHMD119873060034084000006,3060000,0,,,03,폐업,,,02-436-7019
새백약국,1991-02-27,207811.343330712,453172.013153927,2026-04-28 22:31:06,I,1987-09-09,03,폐업,2009-07-13 11:06:48,,1987-09-09,131-813,서울특별시 중랑구 면목3.8동 472번지 44호,PHMD119873060034084000007,3060000,0,,,03,폐업,,,
상아약국,1995-06-05,208781.999418607,454740.62692431,2026-04-28 22:31:06,I,1987-10-10,03,폐업,2009-07-13 11:08:23,,1987-10-10,131-806,서울특별시 중랑구 망우3동 410번지 1호,PHMD119873060034084000008,3060000,0,,,03,폐업,,,
굴다리약국,1996-09-30,,,2026-04-28 22:31:06,I,1987-10-16,03,폐업,2009-07-13 11:13:34,,1987-10-16,131-879,서울특별시 중랑구 중화2동 320번지 55호,PHMD119873060034084000009,3060000,0,,,03,폐업,,,
영진약국,1991-10-17,207709.68800282,453784.657907273,2026-04-28 22:31:06,I,1987-10-10,03,폐업,2009-07-13 11:16:00,,1987-10-10,131-818,서울특별시 중랑구 면목본동 504번지 27호,PHMD119873060034084000010,3060000,0,,,03,폐업,,,
상우약국,2000-07-11,,,2026-04-28 22:31:06,I,1987-11-06,03,폐업,2009-07-13 11:17:45,,1987-11-06,131-802,서울특별시 중랑구 망우본동,PHMD119873060034084000011,3060000,0,,,03,폐업,,,02-492-7004
태정약국,1995-10-25,208811.677794018,454281.916204201,2026-04-28 22:31:06,I,1987-11-19,03,폐업,2009-07-13 11:19:45,,1987-11-19,131-806,서울특별시 중랑구 망우3동 433번지,PHMD119873060034084000012,3060000,0,,,03,폐업,,,
새부부약국,2007-12-12,206965.674147083,456628.137063917,2026-04-28 22:31:06,I,1987-12-17,03,폐업,2009-07-13 11:23:28,,1987-12-17,131-849,서울특별시 중랑구 묵1동 121번지 77호,PHMD119873060034084000013,3060000,0,,,03,폐업,,,
명사약국,2016-04-26,206567.564599262,456958.8939914,2026-04-28 22:31:06,I,1988-06-11,03,폐업,2016-04-26 10:56:10,,1988-06-11,131-851,서울특별시 중랑구 묵2동 233번지 106호,PHMD119883060034084000002,3060000,27,서울특별시 중랑구 중랑역로 239 (묵동),02001,03,폐업,,,02-976-4848
신동아약국,1991-04-13,206642.366873022,454204.504559395,2026-04-28 22:31:06,I,1988-01-06,03,폐업,2009-07-13 11:25:34,,1988-01-06,131-823,서울특별시 중랑구 면목2동 182번지 104호,PHMD119883060034084000004,3060000,0,,,03,폐업,,,
신화약국,1997-12-13,208215.46844442,454252.69444618,2026-04-28 22:31:06,I,1988-05-04,03,폐업,2009-07-13 11:34:31,,1988-05-04,131-807,서울특별시 중랑구 망우3동 523번지 5호,PHMD119883060034084000006,3060000,0,,,03,폐업,,,02-434-0863
근도약국,1998-03-17,207605.820721159,453399.992648221,2026-04-28 22:31:06,I,1988-06-15,03,폐업,2009-07-13 11:37:26,,1988-06-15,131-831,서울특별시 중랑구 면목3.8동 572번지 28호,PHMD119883060034084000007,3060000,0,,,03,폐업,,,
조일약국,1997-04-11,206758.762200019,454692.213687428,2026-04-28 22:31:06,I,1988-06-28,03,폐업,2009-07-13 11:45:34,,1988-06-28,131-878,서울특별시 중랑구 중화2동 207번지 24호,PHMD119883060034084000008,3060000,0,,,03,폐업,,,
보민당약국,1995-10-04,206704.527158109,454672.471517755,2026-04-28 22:31:06,I,1988-07-20,03,폐업,2009-07-13 11:48:29,,1988-07-20,131-878,서울특별시 중랑구 중화2동 208번지 32호,PHMD119883060034084000009,3060000,0,,,03,폐업,,,
대영진약국,1996-01-05,208854.29849091,454663.001386069,2026-04-28 22:31:06,I,1988-07-20,03,폐업,2009-07-13 11:50:25,,1988-07-20,131-801,서울특별시 중랑구 망우3동 408번지 1호,PHMD119883060034084000010,3060000,0,,,03,폐업,,,
삼부약국,2013-03-04,208551.690202466,455188.037259512,2026-04-28 22:31:14,I,2006-11-03,03,폐업,2013-03-04 11:02:07,,2006-11-03,131-810,"서울특별시 중랑구 망우2동 470-10외1필지, 5층",PHMD120063060034084000009,3060000,51,서울특별시 중랑구 망우로 410 (망우동),,03,폐업,,,02-494-2388
밝은온누리약국,2007-01-02,207012.649715868,453863.55425566,2026-04-28 22:31:14,I,2006-01-02,03,폐업,2009-07-21 09:55:17,,2006-01-02,131-820,서울특별시 중랑구 면목2동 146번지 73호,PHMD120063060034084000010,3060000,0,,,03,폐업,,,02-476-9871
성경약국,2007-07-30,206623.480200508,454993.976130798,2026-04-28 22:31:14,I,2006-01-03,03,폐업,2009-07-21 09:56:43,,2006-01-03,131-880,서울특별시 중랑구 중화2동 316번지 34호,PHMD120063060034084000011,3060000,0,,,03,폐업,,,02-2209-4996
팜1약국,2008-02-29,207589.328056574,453437.382517446,2026-04-28 22:31:14,I,2006-01-06,03,폐업,2009-07-21 09:59:13,,2006-01-06,131-831,서울특별시 중랑구 면목3.8동 573번지 12호,PHMD120063060034084000012,3060000,0,,,03,폐업,,,02-493-0833
메디팜시향약국,2007-01-15,207090.86716546,453072.936040777,2026-04-28 22:31:14,I,2006-01-19,03,폐업,2009-07-21 10:01:04,,2006-01-19,131-822,서울특별시 중랑구 면목5동 168번지 2호,PHMD120063060034084000013,3060000,0,,,03,폐업,,,02-439-0058
동부약국,2006-11-15,209474.519086574,455383.920022737,2026-04-28 22:31:14,I,2006-03-20,03,폐업,2009-07-21 10:03:03,,2006-03-20,131-802,서울특별시 중랑구 망우본동 135번지 9호,PHMD120063060034084000014,3060000,0,,,03,폐업,,,02-2209-8073
우리종로약국,2006-08-28,208753.865760281,454841.528027962,2026-04-28 22:31:14,I,2006-04-19,03,폐업,2009-07-21 10:05:41,,2006-04-19,131-809,서울특별시 중랑구 망우본동 465번지 14호,PHMD120063060034084000015,3060000,0,,,03,폐업,,,02-433-1100
푸른한약국,2009-04-28,208475.510671191,455307.977960397,2026-04-28 22:31:14,I,2006-04-20,03,폐업,2009-07-21 10:07:03,,2006-04-20,131-868,서울특별시 중랑구 신내1동 495번지 6호,PHMD120063060034084000016,3060000,0,,,03,폐업,,,02-437-2663
정문약국,2006-10-13,209414.215383722,455665.820295072,2026-04-28 22:31:14,I,2006-05-04,03,폐업,2009-07-21 10:08:35,,2006-05-04,131-800,서울특별시 중랑구 망우본동 233번지 17호,PHMD120063060034084000017,3060000,0,,,03,폐업,,,02-434-1156
옵티마 대명약국,2007-07-18,208481.612667873,455496.980508789,2026-04-28 22:31:14,I,2006-07-31,03,폐업,2009-07-21 10:09:59,,2006-07-31,131-869,서울특별시 중랑구 신내1동 502번지 5호 대병프라자 102호,PHMD120063060034084000018,3060000,0,,,03,폐업,,,02-2207-8311
팜플러스약국,2006-11-22,208208.786684767,457054.793655589,2026-04-28 22:31:14,I,2006-08-29,03,폐업,2009-07-21 10:11:36,,2006-08-29,131-872,서울특별시 중랑구 신내2동 645번지 홈플러스 서울 신내점,PHMD120063060034084000019,3060000,0,,,03,폐업,,,02-3421-2425
다정약국,2008-09-29,206714.421505467,455858.699466676,2026-04-28 22:31:14,I,2006-09-01,03,폐업,2009-07-21 10:13:01,,2006-09-01,131-882,서울특별시 중랑구 중화2동 308번지 1호,PHMD120063060034084000020,3060000,0,,,03,폐업,,,02-432-7311
초록빛약국,2007-08-27,208273.987998018,455170.130991629,2026-04-28 22:31:14,I,2006-09-26,03,폐업,2009-07-21 10:14:45,,2006-09-26,131-856,서울특별시 중랑구 상봉1동 74번지 6호,PHMD120063060034084000021,3060000,0,,,03,폐업,,,
팜코리아약국,2007-12-24,207763.150721123,453460.919335911,2026-04-28 22:31:14,I,2006-10-24,03,폐업,2009-07-21 10:16:19,,2006-10-24,131-813,서울특별시 중랑구 면목3.8동 458번지 1호 외1필지,PHMD120063060034084000022,3060000,0,,,03,폐업,,,02-433-8421
신보룡약국,2007-11-26,207827.820897716,453162.872239929,2026-04-28 22:31:14,I,2006-10-31,03,폐업,2009-07-21 10:17:46,,2006-10-31,131-813,서울특별시 중랑구 면목3.8동 472번지 18호,PHMD120063060034084000023,3060000,0,,,03,폐업,,,02-436-6917
팜플러스약국,2008-07-01,208208.786684767,457054.793655589,2026-04-28 22:31:14,I,2006-11-22,03,폐업,2009-07-21 10:20:03,,2006-11-22,131-872,서울특별시 중랑구 신내2동 645번지 홈플러스 서울 신내점,PHMD120063060034084000024,3060000,0,,,03,폐업,,,02-3421-2425
동부약국,2008-11-27,209474.519086574,455383.920022737,2026-04-28 22:31:14,I,2006-11-24,03,폐업,2009-07-21 10:21:25,,2006-11-24,131-802,서울특별시 중랑구 망우본동 135번지 9호,PHMD120063060034084000025,3060000,0,,,03,폐업,,,02-2209-8073
성경온누리약국,2008-07-21,209225.0060275,455343.341969362,2026-04-28 22:31:14,I,2006-12-22,03,폐업,2009-07-21 10:22:53,,2006-12-22,131-802,서울특별시 중랑구 망우본동 149번지 16호,PHMD120063060034084000026,3060000,0,,,03,폐업,,,02-432-6443
해맑은약국,2008-11-10,,,2026-04-28 22:31:14,I,2007-01-15,03,폐업,2009-07-06 14:41:45,,2007-01-15,131-820,서울특별시 중랑구 면목5동 168-2,PHMD120073060034084000003,3060000,20,,,03,폐업,,,02-437-3345
사가정약국,2024-03-20,207681.148332051,453197.060369517,2026-04-28 22:31:14,I,2007-02-26,03,폐업,2024-03-20 14:24:13,,2007-02-26,131-831,서울특별시 중랑구 면목3.8동 604번지 4호,PHMD120073060034084000004,3060000,60,서울특별시 중랑구 사가정로51길 3 (면목동),02228,03,폐업,,,02-434-7234
정한약국,2009-01-22,,,2026-04-28 22:31:14,I,2007-03-06,03,폐업,2009-07-06 14:45:17,,2007-03-06,131-203,서울특별시 중랑구 면목3동 465-42,PHMD120073060034084000005,3060000,32,,,03,폐업,,,02-434-1079
정민약국,2014-10-01,208822.513981876,454841.336257396,2026-04-28 22:31:14,I,2007-04-12,03,폐업,2014-10-01 09:52:52,,2007-04-12,131-805,서울특별시 중랑구 망우본동 403번지 66호 외2필지,PHMD120073060034084000008,3060000,19,서울특별시 중랑구 용마산로 502 (망우동),,03,폐업,,,02-2207-4345
국약국,2009-04-20,,,2026-04-28 22:31:14,I,2007-05-07,03,폐업,2009-05-20 14:23:43,,2007-05-07,131-827,서울특별시 중랑구 면목7동 668-58외 1필지,PHMD120073060034084000009,3060000,32,,,03,폐업,,,02-495-4404
새대명약국,2010-05-07,,,2026-04-28 22:31:14,I,2007-07-18,03,폐업,2010-05-07 14:27:13,,2007-07-18,131-869,서울특별시 중랑구 신내1동 502-5 대명프라자 102호,PHMD120073060034084000011,3060000,33,,,03,폐업,,,02-2207-8311
덕수약국,2009-08-21,,,2026-04-28 22:31:14,I,2007-07-30,03,폐업,2009-10-09 10:16:15,,2007-07-30,131-880,서울특별시 중랑구 중화2동 316-34,PHMD120073060034084000012,3060000,24,,,03,폐업,,,02-2209-4996
우리약국,2008-04-01,,,2026-04-28 22:31:14,I,2007-10-18,03,폐업,2009-07-07 09:29:21,,2007-10-18,131-810,"서울특별시 중랑구 망우1동 489-1외2필지, 3층",PHMD120073060034084000014,3060000,50,,,03,폐업,,,02-433-0146
승호약국,2010-03-09,206936.570187916,455280.600452321,2026-04-28 22:31:14,I,2007-10-23,03,폐업,2010-03-09 17:15:19,,2007-10-23,131-881,서울특별시 중랑구 중화2동 303번지 14호 외2필지,PHMD120073060034084000015,3060000,84,,,03,폐업,,,02-432-3284
신보룡약국,2009-02-20,,,2026-04-28 22:31:14,I,2007-11-26,03,폐업,2009-02-20 14:01:33,,2007-11-26,131-813,서울특별시 중랑구 면목3동 472-18외1필지,PHMD120073060034084000016,3060000,93,,,03,폐업,,,02-436-6917
선우약국,2010-10-08,,,2026-04-28 22:31:14,I,2007-11-28,03,폐업,2010-10-08 13:15:16,,2007-11-28,131-872,서울특별시 중랑구 신내2동 654 진로상가103호,PHMD120073060034084000017,3060000,22,,,03,폐업,,,02-3422-3511
팜코리아약국,2008-12-04,,,2026-04-28 22:31:14,I,2007-12-24,03,폐업,2009-05-20 13:29:37,,2007-12-24,131-813,서울특별시 중랑구 면목3동 458-1외1필지,PHMD120073060034084000018,3060000,238,,,03,폐업,,,02-433-8421
소망약국,1991-04-20,207530.206607634,454056.294207932,2026-04-28 22:31:06,I,1988-11-09,03,폐업,2009-07-13 13:17:07,,1988-11-09,131-816,서울특별시 중랑구 면목본동 127번지 65호,PHMD119883060034084000012,3060000,0,,,03,폐업,,,
한시약국,1992-11-12,208057.437370858,454845.243765481,2026-04-28 22:31:06,I,1988-11-09,03,폐업,2009-07-13 13:18:23,,1988-11-09,131-858,서울특별시 중랑구 상봉2동 83번지 1호,PHMD119883060034084000013,3060000,0,,,03,폐업,,,
세안약국,2002-09-09,206820.636107715,456616.148574207,2026-04-28 22:31:06,I,1988-11-11,03,폐업,2009-07-13 13:19:51,,1988-11-11,131-848,서울특별시 중랑구 묵1동 176번지 23호,PHMD119883060034084000014,3060000,0,,,03,폐업,,,02-973-5433
대웅약국,1990-08-13,206893.085317541,455671.032549939,2026-04-28 22:31:06,I,1988-12-23,03,폐업,2009-07-13 13:31:38,,1988-12-23,131-881,서울특별시 중랑구 중화2동 305번지 70호,PHMD119883060034084000015,3060000,0,,,03,폐업,,,02-495-4183
메디팜소망약국,2010-12-31,207542.502684761,454699.933274651,2026-04-28 22:31:06,I,1989-10-05,03,폐업,2010-12-31 09:29:42,,1989-10-05,131-859,서울특별시 중랑구 상봉2동 107번지 28호,PHMD119893060034084000003,3060000,31,,,03,폐업,,,02-433-6160
국민약국,1996-12-20,208281.138263657,453731.807589003,2026-04-28 22:31:06,I,1989-03-03,03,폐업,2009-07-20 10:54:04,,1989-03-03,131-814,서울특별시 중랑구 면목본동 67번지 2호,PHMD119893060034084000004,3060000,27,,,03,폐업,,,
유심약국,2001-07-04,208478.949850502,456167.614560351,2026-04-28 22:31:06,I,1989-07-03,03,폐업,2009-07-13 10:58:16,,1989-07-03,131-131,서울특별시 중랑구 신내1동 613번지 71호,PHMD119893060034084000005,3060000,0,,,03,폐업,,,02-433-2707
독일약국,1993-08-06,207878.490686414,454610.643727605,2026-04-28 22:31:06,I,1989-01-27,03,폐업,2009-07-13 13:39:00,,1989-01-27,131-859,서울특별시 중랑구 상봉2동 87번지 27호,PHMD119893060034084000006,3060000,0,,,03,폐업,,,
새남약국,1996-08-06,207153.734556645,453845.940787298,2026-04-28 22:31:06,I,1989-03-08,03,폐업,2009-07-13 13:40:27,,1989-03-08,131-821,서울특별시 중랑구 면목5동 150번지 1호,PHMD119893060034084000007,3060000,0,,,03,폐업,,,
금성약국,1991-08-26,207043.696812059,454373.75882491,2026-04-28 22:31:06,I,1989-03-28,03,폐업,2009-07-13 13:42:03,,1989-03-28,131-860,서울특별시 중랑구 상봉2동 126번지 28호,PHMD119893060034084000008,3060000,0,,,03,폐업,,,
민승약국,1990-12-05,,,2026-04-28 22:31:06,I,1989-04-14,03,폐업,2009-07-13 13:46:29,,1989-04-14,131-833,서울특별시 중랑구 면목7동 524번지 30호,PHMD119893060034084000009,3060000,0,,,03,폐업,,,
반석약국,1997-12-16,208627.516174609,454941.129928332,2026-04-28 22:31:06,I,1989-06-03,03,폐업,2009-07-13 13:48:55,,1989-06-03,131-809,서울특별시 중랑구 망우본동 463번지 2호,PHMD119893060034084000010,3060000,0,,,03,폐업,,,
다솜약국,1994-10-14,,,2026-04-28 22:31:06,I,1989-06-09,03,폐업,2009-07-13 13:50:57,,1989-06-09,131-822,서울특별시 중랑구 면목5동 171번지 66호,PHMD119893060034084000011,3060000,0,,,03,폐업,,,
삼남약국,1995-11-08,206679.914146656,456611.575177022,2026-04-28 22:31:06,I,1989-06-27,03,폐업,2009-07-13 13:57:59,,1989-06-27,131-852,서울특별시 중랑구 묵2동 239번지 144호,PHMD119893060034084000012,3060000,0,,,03,폐업,,,
경남약국,1994-06-03,209455.150864288,455552.131200779,2026-04-28 22:31:06,I,1989-07-11,03,폐업,2009-07-13 14:00:42,,1989-07-11,131-802,서울특별시 중랑구 망우본동 182번지 63호,PHMD119893060034084000013,3060000,0,,,03,폐업,,,02-435-2748
모아약국,1992-02-26,208230.272343018,453970.610010821,2026-04-28 22:31:06,I,1989-08-03,03,폐업,2009-07-13 14:04:15,,1989-08-03,131-815,서울특별시 중랑구 면목본동 71번지 5호,PHMD119893060034084000014,3060000,0,,,03,폐업,,,
새대성약국,1991-05-03,207181.685853136,453595.873657355,2026-04-28 22:31:06,I,1989-08-11,03,폐업,2009-07-13 14:07:36,,1989-08-11,131-821,서울특별시 중랑구 면목5동 157번지 29호,PHMD119893060034084000015,3060000,0,,,03,폐업,,,
시온약국,1991-12-06,206682.357034655,456095.995039297,2026-04-28 22:31:06,I,1989-10-11,03,폐업,2009-07-13 14:30:38,,1989-10-11,131-853,서울특별시 중랑구 묵2동 246번지 7호,PHMD119893060034084000016,3060000,0,,,03,폐업,,,02-976-6904
경진약국,1991-10-01,,,2026-04-28 22:31:06,I,1989-11-14,03,폐업,2009-07-13 14:32:58,,1989-11-14,131-828,서울특별시 중랑구 면목7동 611번지 6호,PHMD119893060034084000017,3060000,0,,,03,폐업,,,02-434-0686
전원약국,1990-12-21,208023.827756267,453729.064432448,2026-04-28 22:31:06,I,1989-12-05,03,폐업,2009-07-13 14:36:31,,1989-12-05,131-842,서울특별시 중랑구 면목7동 65번지 45호,PHMD119893060034084000018,3060000,0,,,03,폐업,,,02-493-4051
새삼진당 약국,1991-01-28,208876.359206636,454584.099560662,2026-04-28 22:31:06,I,1989-12-05,03,폐업,2009-07-13 14:38:07,,1989-12-05,131-801,서울특별시 중랑구 망우3동 408번지 18호,PHMD119893060034084000019,3060000,0,,,03,폐업,,,
신동서약국,1992-09-23,208439.530681347,453970.488038893,2026-04-28 22:31:06,I,1989-12-23,03,폐업,2009-07-13 14:39:37,,1989-12-23,131-811,서울특별시 중랑구 면목3.8동 19번지 4호,PHMD119893060034084000020,3060000,0,,,03,폐업,,,02-432-5097
용마산약국,2014-04-30,,,2026-04-28 22:31:06,I,1990-09-28,03,폐업,2014-04-30 10:10:24,,1990-09-28,131-833,서울특별시 중랑구 면목7동 1084번지 9호,PHMD119903060034084000001,3060000,24,서울특별시 중랑구 용마산로 320-1 (면목동),,03,폐업,,,02-434-2001
자애약국,1993-05-27,,,2026-04-28 22:31:06,I,1990-01-12,03,폐업,2009-07-13 14:42:29,,1990-01-12,131-830,서울특별시 중랑구 면목4동 383번지 58호,PHMD119903060034084000002,3060000,0,,,03,폐업,,,02-495-2266
백제당약국,1995-03-30,208162.949786192,455084.999271496,2026-04-28 22:31:06,I,1990-02-10,03,폐업,2009-07-13 14:44:22,,1990-02-10,131-810,서울특별시 중랑구 망우본동 564번지 6호,PHMD119903060034084000003,3060000,0,,,03,폐업,,,02-493-8369
우미약국,1992-03-11,208884.545763179,455399.615583697,2026-04-28 22:31:06,I,1990-02-24,03,폐업,2009-07-13 14:47:53,,1990-02-24,131-804,서울특별시 중랑구 망우본동 356번지 40호,PHMD119903060034084000004,3060000,0,,,03,폐업,,,02-493-9171
현수약국,1991-09-06,208770.056198513,454007.093091759,2026-04-28 22:31:06,I,1990-02-27,03,폐업,2009-07-13 14:49:14,,1990-02-27,131-811,서울특별시 중랑구 면목3.8동 1번지 25호,PHMD119903060034084000005,3060000,0,,,03,폐업,,,
제일약국,1993-02-05,208170.580588251,454747.986193018,2026-04-28 22:31:07,I,1990-03-02,03,폐업,2009-07-14 09:13:30,,1990-03-02,131-231,서울특별시 중랑구 망우본동 516번지 3호,PHMD119903060034084000006,3060000,0,,,03,폐업,,,02-494-6805
구풍당약국,2001-10-04,,,2026-04-28 22:31:07,I,1990-03-09,03,폐업,2009-07-14 09:16:52,,1990-03-09,131-207,서울특별시 중랑구 면목7동 578번지 29호,PHMD119903060034084000007,3060000,0,,,03,폐업,,,02-436-1512
은약국,1997-08-30,208976.208999041,455236.97595745,2026-04-28 22:31:07,I,1990-03-09,03,폐업,2009-07-14 09:18:35,,1990-03-09,131-802,서울특별시 중랑구 망우본동 361번지 1호,PHMD119903060034084000008,3060000,0,,,03,폐업,,,
신약국,1996-12-30,207998.631587269,453181.729839857,2026-04-28 22:31:07,I,1990-03-16,03,폐업,2009-07-14 09:20:23,,1990-03-16,131-832,서울특별시 중랑구 면목3.8동 1090번지 2호,PHMD119903060034084000009,3060000,0,,,03,폐업,,,02-495-7470
21세기건강약국,2011-04-29,,,2026-04-28 22:31:14,I,2007-12-27,03,폐업,2011-04-29 17:49:43,,2007-12-27,131-862,서울특별시 중랑구 상봉1동 222-82외 3필지,PHMD120073060034084000019,3060000,49,,,03,폐업,,,02-434-6002
소나무약국,2008-09-29,206758.410389697,456472.216329929,2026-04-28 22:31:14,I,2007-03-30,03,폐업,2009-07-21 11:24:40,,2007-03-30,131-852,서울특별시 중랑구 묵2동 239번지 77호,PHMD120073060034084000020,3060000,24,,,03,폐업,,,
창성약국,2007-07-10,208175.798481682,454708.822355689,2026-04-28 22:31:14,I,2007-04-16,03,폐업,2009-07-21 11:31:49,,2007-04-16,131-809,서울특별시 중랑구 망우본동 516번지 42호 외1필지 지하1층,PHMD120073060034084000021,3060000,4166,,,03,폐업,,,
월드약국,2007-08-07,206526.002200022,454549.167447113,2026-04-28 22:31:14,I,2007-08-07,03,폐업,2009-07-21 09:10:42,,2007-08-07,131-861,서울특별시 중랑구 상봉2동 130번지 3호 뉴월드웨딩홀,PHMD120073060034084000022,3060000,0,,,03,폐업,,,02-492-7584
유앤미약국,2008-05-01,208889.864990793,455878.542779459,2026-04-28 22:31:14,I,2007-01-22,03,폐업,2009-07-21 10:24:58,,2007-01-22,131-874,"서울특별시 중랑구 신내1동 795번지 새한아파트상가 105-1,2호",PHMD120073060034084000023,3060000,0,,,03,폐업,,,02-3423-3891
새봉화약국,2008-02-13,208112.860200669,457113.638411288,2026-04-28 22:31:14,I,2007-02-05,03,폐업,2009-07-21 10:26:49,,2007-02-05,131-872,서울특별시 중랑구 신내2동 646번지 금강리빙스텔 203-A,PHMD120073060034084000024,3060000,0,,,03,폐업,,,
건우약국,2008-01-02,207651.411967557,455258.02607452,2026-04-28 22:31:14,I,2007-04-02,03,폐업,2009-07-21 11:52:30,,2007-04-02,131-862,서울특별시 중랑구 상봉1동 202번지 1호,PHMD120073060034084000025,3060000,0,,,03,폐업,,,02-2208-1156
열린약국,2007-09-11,208361.517012411,455654.154748002,2026-04-28 22:31:14,I,2007-06-08,03,폐업,2009-07-21 13:16:24,,2007-06-08,131-870,서울특별시 중랑구 신내2동 537번지 3호 외3필지 해성빌딩 102호,PHMD120073060034084000026,3060000,0,,,03,폐업,,,02-436-2666
21세기건강약국,2007-12-27,207518.836843774,455604.158486813,2026-04-28 22:31:14,I,2007-06-26,03,폐업,2009-07-21 13:18:07,,2007-06-26,131-862,서울특별시 중랑구 상봉1동 222번지 82호,PHMD120073060034084000027,3060000,0,,,03,폐업,,,02-434-6002
열린약국,2008-05-14,,,2026-04-28 22:31:14,I,2007-09-11,03,폐업,2009-07-21 13:19:33,,2007-09-11,131-870,서울특별시 중랑구 신내2동 537번지 외3필지 해성빌딩 102호,PHMD120073060034084000028,3060000,0,,,03,폐업,,,02-436-2666
고은약국,2009-12-21,,,2026-04-28 22:31:14,I,2008-01-02,03,폐업,2009-12-23 10:54:21,,2008-01-02,131-862,서울특별시 중랑구 상봉1동 202-1외1필지,PHMD120083060034084000001,3060000,29,,,03,폐업,,,02-2208-1156
뉴면목그랜드약국,2012-04-12,207811.343330712,453172.013153927,2026-04-28 22:31:14,I,2008-03-27,03,폐업,2012-04-12 09:41:09,,2008-03-27,131-831,서울특별시 중랑구 면목동 472-44,PHMD120083060034084000004,3060000,80,서울특별시 중랑구 사가정로 399 (면목동),,03,폐업,,,02-433-8447
강북21세기약국,2008-12-24,,,2026-04-28 22:31:14,I,2008-04-08,03,폐업,2008-12-30 11:32:33,,2008-04-08,131-849,서울특별시 중랑구 묵동 180-55,PHMD120083060034084000005,3060000,71,,,03,폐업,,,02-997-5060
다솜약국,2008-12-01,,,2026-04-28 22:31:14,I,2008-04-18,03,폐업,2009-05-29 10:18:28,,2008-04-18,131-220,서울특별시 중랑구 상봉동 108-1,PHMD120083060034084000006,3060000,17,,,03,폐업,,,02-439-1177
자연온누리약국,2009-01-30,,,2026-04-28 22:31:14,I,2008-05-01,03,폐업,2009-05-21 11:35:08,,2008-05-01,131-130,서울특별시 중랑구 신내동 795 새한아파트상가105-1,PHMD120083060034084000007,3060000,39,,,03,폐업,,,02-3423-3890
하은약국,2012-07-16,208361.517012411,455654.154748002,2026-04-28 22:31:14,I,2008-05-14,03,폐업,2012-07-16 11:33:26,,2008-05-14,131-870,서울특별시 중랑구 신내동 537-3 해성빌딩102호,PHMD120083060034084000008,3060000,49,"서울특별시 중랑구 신내로 45, 102호 (신내동, 해성빌딩)",,03,폐업,,,02-436-2666
원플러스약국,2025-07-01,208208.786684767,457054.793655589,2026-04-28 22:31:14,I,2008-07-01,03,폐업,2025-07-01 09:35:35,,2008-07-01,131-872,서울특별시 중랑구 신내동 645번지 홈플러스 서울신내점 1층,PHMD120083060034084000009,3060000,30,"서울특별시 중랑구 신내로 201, 1층 (신내동, 홈플러스 서울 신내점)",02024,03,폐업,,,02-3422-6953
신동신약국,2012-07-02,,,2026-04-28 22:31:14,I,2008-07-02,03,폐업,2012-07-02 16:01:26,,2008-07-02,131-881,서울특별시 중랑구 중화동 310-1,PHMD120083060034084000010,3060000,30,서울특별시 중랑구 동일로139길 29 (중화동),,03,폐업,,,02-437-0466
성경온누리약국,2012-02-01,209225.0060275,455343.341969362,2026-04-28 22:31:14,I,2008-07-21,03,폐업,2012-02-01 10:22:32,,2008-07-21,131-802,서울특별시 중랑구 망우본동 149번지 16호,PHMD120083060034084000011,3060000,39,서울특별시 중랑구 망우로 478 (망우동),,03,폐업,,,02-432-6443
새봉화약국,2010-05-20,208112.860200669,457113.638411288,2026-04-28 22:31:14,I,2008-08-04,03,폐업,2010-05-20 10:04:52,,2008-08-04,131-872,서울특별시 중랑구 신내2동 646번지 금강리빙스텔 203-A호,PHMD120083060034084000012,3060000,48,,,03,폐업,,,02-3421-3383
다정약국,2009-12-28,,,2026-04-28 22:31:14,I,2008-09-29,03,폐업,2009-12-29 13:19:37,,2008-09-29,131-882,서울특별시 중랑구 중화동 308-1,PHMD120083060034084000013,3060000,41,,,03,폐업,,,02-432-7311
새우리약국,2009-12-03,206758.410389697,456472.216329929,2026-04-28 22:31:14,I,2008-11-11,03,폐업,2009-12-04 13:52:43,,2008-11-11,131-852,서울특별시 중랑구 묵2동 239번지 77호,PHMD120083060034084000014,3060000,24,,,03,폐업,,,02-793-4002
팜케어중앙약국,2015-03-12,206740.907167416,454334.486378883,2026-04-28 22:31:14,I,2008-11-18,03,폐업,2015-03-12 11:51:46,,2008-11-18,131-823,서울특별시 중랑구 면목2동 182번지 1호,PHMD120083060034084000015,3060000,88,서울특별시 중랑구 동일로109길 55 (면목동),,03,폐업,,,
종로태평양약국,2023-01-25,206737.943620437,456656.063250857,2026-04-28 22:31:14,I,2008-11-19,03,폐업,2023-01-25 10:20:19,,2008-11-19,131-851,서울특별시 중랑구 묵2동 238번지 13호,PHMD120083060034084000016,3060000,139,서울특별시 중랑구 동일로 917 (묵동),02005,03,폐업,,,02-979-0426
다솜약국,2009-07-23,207509.181539597,454663.679019643,2026-04-28 22:31:14,I,2008-12-01,03,폐업,2009-07-23 14:56:44,,2008-12-01,131-860,서울특별시 중랑구 상봉2동 108번지 1호,PHMD120083060034084000017,3060000,47,,,03,폐업,,,
강북21세기약국,2009-06-03,206836.62018675,456400.58527076,2026-04-28 22:31:14,I,2008-12-24,03,폐업,2009-06-03 13:38:24,,2008-12-24,131-849,서울특별시 중랑구 묵1동 180번지 55호,PHMD120083060034084000019,3060000,0,,,03,폐업,,,
굿모닝약국,2008-05-19,208175.599676131,454205.796211294,2026-04-28 22:31:14,I,2008-02-01,03,폐업,2009-07-21 13:21:48,,2008-02-01,131-839,서울특별시 중랑구 면목4동 74번지 3호,PHMD120083060034084000020,3060000,0,,,03,폐업,,,
왕약국,2008-08-04,208112.860200669,457113.638411288,2026-04-28 22:31:14,I,2008-02-13,03,폐업,2009-07-21 13:23:52,,2008-02-13,131-872,서울특별시 중랑구 신내2동 646번지 금강리빙스텔 203-A호,PHMD120083060034084000021,3060000,0,,,03,폐업,,,02-3421-3383
뉴21세기백화점약국,2010-06-30,,,2026-04-28 22:31:14,I,2009-02-09,03,폐업,2010-06-30 13:26:49,,2009-02-09,131-822,서울특별시 중랑구 면목5동 167번지 47호,PHMD120093060034084000002,3060000,62,,,03,폐업,,,
선진약국,1991-08-02,207624.421528372,453023.759980751,2026-04-28 22:31:07,I,1990-04-12,03,폐업,2009-07-14 09:28:23,,1990-04-12,131-828,서울특별시 중랑구 면목7동 633번지 1호,PHMD119903060034084000011,3060000,0,,,03,폐업,,,02-434-3451
주신약국,1998-10-12,207979.014151982,453324.195330708,2026-04-28 22:31:07,I,1990-04-12,03,폐업,2009-07-14 09:30:05,,1990-04-12,131-813,서울특별시 중랑구 면목3.8동 454번지 4호,PHMD119903060034084000012,3060000,0,,,03,폐업,,,02-491-0769
계림약국,1991-01-25,207130.916022916,455289.549576555,2026-04-28 22:31:07,I,1990-04-13,03,폐업,2009-07-14 09:31:41,,1990-04-13,131-877,서울특별시 중랑구 중화1동 288번지 8호,PHMD119903060034084000013,3060000,0,,,03,폐업,,,02-492-3053
고려약국,1991-07-10,208177.795391594,454220.604326257,2026-04-28 22:31:07,I,1990-04-27,03,폐업,2009-07-14 09:33:16,,1990-04-27,131-816,서울특별시 중랑구 면목본동 74번지 1호,PHMD119903060034084000014,3060000,0,,,03,폐업,,,02-433-6447
평화약국,1990-09-10,207834.387336827,454817.839704855,2026-04-28 22:31:07,I,1990-05-08,03,폐업,2009-07-14 09:35:43,,1990-05-08,131-859,서울특별시 중랑구 상봉2동 89번지 17호,PHMD119903060034084000015,3060000,0,,,03,폐업,,,02-493-9166
전일약국,1996-11-28,207682.416626116,453369.615514709,2026-04-28 22:31:07,I,1990-05-08,03,폐업,2009-07-14 09:37:18,,1990-05-08,131-831,서울특별시 중랑구 면목3.8동 595번지 51호,PHMD119903060034084000016,3060000,0,,,03,폐업,,,02-435-9598
서약국,1995-02-20,207741.117450323,452998.138920988,2026-04-28 22:31:07,I,1990-05-15,03,폐업,2009-07-14 09:41:52,,1990-05-15,131-828,서울특별시 중랑구 면목7동 618번지 6호,PHMD119903060034084000017,3060000,0,,,03,폐업,,,02-437-5757
신세화약국,1992-04-17,206415.253495652,454260.548596859,2026-04-28 22:31:07,I,1990-05-22,03,폐업,2009-07-14 09:43:57,,1990-05-22,131-823,서울특별시 중랑구 면목2동 186번지 75호,PHMD119903060034084000018,3060000,0,,,03,폐업,,,02-435-8394
새시장약국,1990-11-27,208730.442724242,454872.900111092,2026-04-28 22:31:07,I,1990-06-11,03,폐업,2009-07-14 09:45:39,,1990-06-11,131-809,서울특별시 중랑구 망우본동 465번지 15호,PHMD119903060034084000019,3060000,0,,,03,폐업,,,02-436-7554
새건명약국,2001-10-26,207886.420575928,453337.006204504,2026-04-28 22:31:07,I,1990-06-15,03,폐업,2009-07-14 09:47:03,,1990-06-15,131-813,서울특별시 중랑구 면목3.8동 456번지 28호,PHMD119903060034084000020,3060000,0,,,03,폐업,,,02-493-3019
신송설당약국,1992-01-21,207132.930735243,453826.733549877,2026-04-28 22:31:07,I,1990-06-18,03,폐업,2009-07-14 09:48:42,,1990-06-18,131-821,서울특별시 중랑구 면목5동 150번지 3호,PHMD119903060034084000021,3060000,0,,,03,폐업,,,02-433-9584
고바우약국,2000-07-28,208416.446511424,454037.596679156,2026-04-28 22:31:07,I,1990-06-18,03,폐업,2009-07-14 09:50:27,,1990-06-18,131-812,서울특별시 중랑구 면목3.8동 20번지 40호,PHMD119903060034084000022,3060000,0,,,03,폐업,,,02-435-6673
동보약국,1991-01-14,208134.41096144,454744.690562068,2026-04-28 22:31:07,I,1990-06-29,03,폐업,2009-07-14 09:52:15,,1990-06-29,131-859,서울특별시 중랑구 상봉2동 84번지 41호,PHMD119903060034084000023,3060000,0,,,03,폐업,,,02-492-9356
세운약국,1997-01-31,,,2026-04-28 22:31:07,I,1990-07-02,03,폐업,2009-07-14 09:54:37,,1990-07-02,131-832,서울특별시 중랑구 면목3.8동 1075번지 70호,PHMD119903060034084000024,3060000,0,,,03,폐업,,,02-437-7792
칠칠약국,1991-01-09,207015.416112718,455285.800740148,2026-04-28 22:31:07,I,1990-08-08,03,폐업,2009-07-14 09:56:36,,1990-08-08,131-877,서울특별시 중랑구 중화1동 288번지 27호,PHMD119903060034084000025,3060000,0,,,03,폐업,,,02-435-9460
명신약국,1991-04-29,,,2026-04-28 22:31:07,I,1990-08-14,03,폐업,2010-01-07 09:20:40,,1990-08-14,131-801,서울특별시 중랑구 망우3동 90번지 4호,PHMD119903060034084000026,3060000,0,,,03,폐업,,,02-434-3261
대웅약국,1991-02-19,206893.085317541,455671.032549939,2026-04-28 22:31:07,I,1990-08-16,03,폐업,2009-07-14 10:00:45,,1990-08-16,131-121,서울특별시 중랑구 중화1동 305번지 70호,PHMD119903060034084000027,3060000,0,,,03,폐업,,,02-495-4183
유명약국,1994-09-13,206522.969546915,456187.022687789,2026-04-28 22:31:07,I,1990-09-04,03,폐업,2009-07-14 10:03:08,,1990-09-04,131-852,서울특별시 중랑구 묵2동 242번지 32호,PHMD119903060034084000028,3060000,0,,,03,폐업,,,02-976-1430
천일약국,1998-03-07,207225.718486182,452815.297754376,2026-04-28 22:31:07,I,1990-09-11,03,폐업,2009-07-14 10:04:53,,1990-09-11,131-825,서울특별시 중랑구 면목7동 341번지 17호,PHMD119903060034084000029,3060000,0,,,03,폐업,,,02-496-2840
신명약국,1992-04-01,207219.468000231,454070.970385267,2026-04-28 22:31:07,I,1990-09-13,03,폐업,2009-07-14 10:06:09,,1990-09-13,131-819,서울특별시 중랑구 면목2동 140번지 3호,PHMD119903060034084000030,3060000,0,,,03,폐업,,,02-492-1731
햇님당약국,1991-08-29,207892.29990455,453040.320598161,2026-04-28 22:31:07,I,1990-10-22,03,폐업,2009-07-14 10:09:17,,1990-10-22,131-834,서울특별시 중랑구 면목7동 532번지 16호,PHMD119903060034084000031,3060000,0,,,03,폐업,,,02-495-4208
신한독약국,1991-04-09,208425.953061407,454311.470383995,2026-04-28 22:31:07,I,1990-10-30,03,폐업,2009-07-14 10:14:35,,1990-10-30,131-807,서울특별시 중랑구 망우3동 529번지 46호,PHMD119903060034084000032,3060000,0,,,03,폐업,,,02-436-0881
진솔약국,1998-04-30,207986.584152249,453580.908016262,2026-04-28 22:31:07,I,1990-11-06,03,폐업,2009-07-14 10:18:46,,1990-11-06,131-814,서울특별시 중랑구 면목본동 407번지 23호,PHMD119903060034084000034,3060000,0,,,03,폐업,,,02-436-2071
강약국,1991-09-30,207834.387336827,454817.839704855,2026-04-28 22:31:07,I,1990-11-21,03,폐업,2009-07-14 10:20:20,,1990-11-21,131-859,서울특별시 중랑구 상봉2동 89번지 17호,PHMD119903060034084000035,3060000,0,,,03,폐업,,,02-493-9166
기수약국,1996-05-02,206270.61746178,454942.467371319,2026-04-28 22:31:07,I,1990-12-01,03,폐업,2009-07-14 10:22:45,,1990-12-01,131-878,서울특별시 중랑구 중화2동 325번지 3호,PHMD119903060034084000036,3060000,0,,,03,폐업,,,02-433-1208
요셉약국,1995-03-17,207109.243391599,452576.27690408,2026-04-28 22:31:07,I,1990-12-04,03,폐업,2009-07-14 10:26:37,,1990-12-04,131-830,서울특별시 중랑구 면목4동 376번지 1호,PHMD119903060034084000037,3060000,0,,,03,폐업,,,02-496-2898
새시장약국,1991-08-17,208730.442724242,454872.900111092,2026-04-28 22:31:07,I,1990-12-13,03,폐업,2009-07-14 10:29:11,,1990-12-13,131-809,서울특별시 중랑구 망우본동 465번지 15호,PHMD119903060034084000038,3060000,0,,,03,폐업,,,
무궁화약국,2022-04-01,207624.421528372,453023.759980751,2026-04-28 22:31:07,I,1991-08-06,03,폐업,2022-04-01 13:40:38,,1991-08-06,131-828,서울특별시 중랑구 면목7동 633번지 1호,PHMD119913060034084000004,3060000,59,서울특별시 중랑구 면목로 303 (면목동),02239,03,폐업,,,02-2207-6709
감초당약국,2012-11-21,,,2026-04-28 22:31:07,I,1991-12-21,03,폐업,2012-11-21 17:57:44,,1991-12-21,131-839,서울특별시 중랑구 면목4동 산 72번지 6호 101호,PHMD119913060034084000006,3060000,20,,,03,폐업,,,02-438-1314
중화당약국,1992-05-22,206567.083501324,455204.342627333,2026-04-28 22:31:07,I,1991-01-22,03,폐업,2009-07-14 10:32:10,,1991-01-22,131-880,서울특별시 중랑구 중화2동 327번지 1호,PHMD119913060034084000007,3060000,0,,,03,폐업,,,02-494-6948
신보룡약국,2009-06-01,207827.820897716,453162.872239929,2026-04-28 22:31:14,I,2009-02-20,03,폐업,2009-06-01 16:34:27,,2009-02-20,131-813,서울특별시 중랑구 면목3 8동 472번지 18호,PHMD120093060034084000004,3060000,93,,,03,폐업,,,
케어팜약국,2011-01-03,207090.86716546,453072.936040777,2026-04-28 22:31:14,I,2009-03-05,03,폐업,2011-01-03 13:24:15,,2009-03-05,131-822,서울특별시 중랑구 면목5동 168번지 2호 홈플러스 1층,PHMD120093060034084000005,3060000,17,,,03,폐업,,,02-436-5543
국약국,2013-04-22,207332.441071123,452729.791461684,2026-04-28 22:31:14,I,2009-04-20,03,폐업,2013-04-22 09:28:09,,2009-04-20,131-827,서울특별시 중랑구 면목7동 668번지 58호 외 1필지,PHMD120093060034084000006,3060000,32,서울특별시 중랑구 사가정로50길 102 (면목동),,03,폐업,,,
희망온누리약국,2011-10-04,208310.505833107,455180.714802387,2026-04-28 22:31:14,I,2009-04-27,03,폐업,2011-10-04 16:46:52,,2009-04-27,131-857,서울특별시 중랑구 상봉동 74번지 3호 16통 1반,PHMD120093060034084000007,3060000,51,,,03,폐업,,,02-434-4293
자연온누리약국,2013-01-30,208889.864990793,455878.542779459,2026-04-28 22:31:14,I,2009-01-30,03,폐업,2013-01-30 11:43:00,,2009-01-30,131-770,서울특별시 중랑구 신내1동 795번지 새한아파트상가 102-2호,PHMD120093060034084000008,3060000,38,"서울특별시 중랑구 용마산로 616, 102-2호 (신내동, 새한아파트상가)",,03,폐업,,,02-3423-3890
새롬약국,2012-10-22,207827.820897716,453162.872239929,2026-04-28 22:31:14,I,2009-06-01,03,폐업,2012-10-22 09:30:05,,2009-06-01,131-813,서울특별시 중랑구 면목3 8동 472번지 18호 외 1필지,PHMD120093060034084000009,3060000,93,서울특별시 중랑구 사가정로 401 (면목동),,03,폐업,,,02-436-6918
강북21세기약국,2009-11-09,206836.62018675,456400.58527076,2026-04-28 22:31:14,I,2009-06-03,03,폐업,2009-11-09 15:16:05,,2009-06-03,131-849,서울특별시 중랑구 묵1동 180번지 55호,PHMD120093060034084000010,3060000,71,,,03,폐업,,,02-977-5060
편안한약국,2018-03-08,207774.836673489,453110.937458652,2026-04-28 22:31:14,I,2009-06-25,03,폐업,2018-03-08 09:23:54,,2009-06-25,131-828,서울특별시 중랑구 면목7동 611번지 5호,PHMD120093060034084000011,3060000,44,서울특별시 중랑구 사가정로 398 (면목동),02249,03,폐업,,,02-495-1050
은행약국,2009-09-21,,,2026-04-28 22:31:14,I,2009-07-01,03,폐업,2009-09-21 15:17:56,,2009-07-01,131-877,서울특별시 중랑구 중화1동 289번지 9호,PHMD120093060034084000012,3060000,20,,,03,폐업,,,02-2208-3008
다솜약국,2018-08-06,207509.181539597,454663.679019643,2026-04-28 22:31:14,I,2009-07-23,03,폐업,2018-08-06 09:48:21,,2009-07-23,131-860,서울특별시 중랑구 상봉2동 108번지 1호,PHMD120093060034084000013,3060000,23,서울특별시 중랑구 면목로 475 (상봉동),02138,03,폐업,,,02-439-1177
덕수약국,2011-08-08,206623.480200508,454993.976130798,2026-04-28 22:31:14,I,2009-08-21,03,폐업,2011-08-08 10:49:46,,2009-08-21,131-880,서울특별시 중랑구 중화2동 316번지 34호,PHMD120093060034084000014,3060000,24,,,03,폐업,,,02-2209-4996
은행약국,2010-09-28,206988.294525892,455453.019646722,2026-04-28 22:31:14,I,2009-09-21,03,폐업,2011-03-04 14:34:14,,2009-09-21,131-876,서울특별시 중랑구 중화1동 287번지 9호,PHMD120093060034084000016,3060000,24,,,03,폐업,,,
은행약국,2010-09-28,206988.294525892,455453.019646722,2026-04-28 22:31:14,I,2009-09-21,03,폐업,2010-09-28 14:26:57,,2009-09-21,131-876,서울특별시 중랑구 중화1동 287번지 9호,PHMD120093060034084000017,3060000,24,,,03,폐업,,,22083008
종로약국,2012-04-17,207716.947206495,453130.67527865,2026-04-28 22:31:14,I,2009-10-06,03,폐업,2012-04-17 14:04:38,,2009-10-06,131-828,서울특별시 중랑구 면목7동 634번지 2호 외 1필지 우방빌딩,PHMD120093060034084000019,3060000,45,"서울특별시 중랑구 면목로 319 (면목동, 우방빌딩)",,03,폐업,,,
새하늘약국,2010-02-25,,,2026-04-28 22:31:14,I,2009-11-03,03,폐업,2012-11-09 10:21:34,,2009-11-03,131-815,서울특별시 중랑구 면목본동 108번지 18호,PHMD120093060034084000023,3060000,30,,,03,폐업,,,
면목약국,2015-04-01,207798.292080717,454025.295222024,2026-04-28 22:31:14,I,2009-11-05,03,폐업,2015-04-01 10:07:28,,2009-11-05,131-815,서울특별시 중랑구 면목본동 105번지 7호,PHMD120093060034084000024,3060000,39,서울특별시 중랑구 겸재로 194 (면목동),,03,폐업,,,02-2209-5955
이화약국,2010-02-01,208269.655030283,455099.578810937,2026-04-28 22:31:14,I,2009-11-11,03,폐업,2010-02-01 11:46:05,,2009-11-11,131-810,서울특별시 중랑구 망우본동 563번지 12호,PHMD120093060034084000025,3060000,26,,,03,폐업,,,
이화약국,2010-02-01,208269.655030283,455099.578810937,2026-04-28 22:31:14,I,2009-11-11,03,폐업,2013-02-05 17:37:09,,2009-11-11,131-810,서울특별시 중랑구 망우본동 563번지 12호,PHMD120093060034084000026,3060000,26,,,03,폐업,,,
로뎀약국,2011-12-19,207718.222107219,457174.958326298,2026-04-28 22:31:14,I,2009-12-14,03,폐업,2011-12-19 11:23:53,,2009-12-14,131-846,서울특별시 중랑구 묵1동 20번지 신내대림두산 상가  203호,PHMD120093060034084000028,3060000,27,,,03,폐업,,,34226705
고윤약국,2014-01-20,207651.411967557,455258.02607452,2026-04-28 22:31:14,I,2009-12-21,03,폐업,2014-01-20 10:27:07,,2009-12-21,131-221,서울특별시 중랑구 상봉1동 202번지 1호 1층 7호,PHMD120093060034084000030,3060000,29,"서울특별시 중랑구 상봉중앙로1길 12, 1층 7호 (상봉동)",,03,폐업,,,22081156
다정옵티마약국,2022-09-22,206714.421505467,455858.699466676,2026-04-28 22:31:14,I,2009-12-28,03,폐업,2022-09-22 11:36:15,,2009-12-28,,서울특별시 중랑구 중화동 308번지 1호,PHMD120093060034084000032,3060000,41,서울특별시 중랑구 동일로143길 29 (중화동),02015,03,폐업,,,02-435-6468
서화당한약국,2014-11-25,208551.10396468,455788.527496389,2026-04-28 22:31:14,I,2010-03-04,03,폐업,2014-11-25 11:56:57,,2010-03-04,131-868,서울특별시 중랑구 신내1동 472번지 3호 제2호 1층,PHMD120103060034084000006,3060000,44,"서울특별시 중랑구 봉화산로56길 99, 1층 (신내동)",,03,폐업,,,
승호약국,2010-08-30,206936.570187916,455280.600452321,2026-04-28 22:31:14,I,2010-03-09,03,폐업,2010-08-30 10:08:52,,2010-03-09,131-881,서울특별시 중랑구 중화2동 303번지 14호 102호,PHMD120103060034084000007,3060000,84,,,03,폐업,,,
승호약국,2010-08-30,206936.570187916,455280.600452321,2026-04-28 22:31:14,I,2010-03-09,03,폐업,2010-08-30 13:18:30,,2010-03-09,131-881,서울특별시 중랑구 중화2동 303번지 14호 그린프라자  102호,PHMD120103060034084000008,3060000,84,,,03,폐업,,,
뉴서울약국,2012-04-02,208536.163679365,456379.478717154,2026-04-28 22:31:14,I,2010-04-15,03,폐업,2012-04-02 13:43:53,,2010-04-15,131-131,서울특별시 중랑구 신내1동 397번지 동성1차  101호,PHMD120103060034084000010,3060000,29,"서울특별시 중랑구 신내로 128, 101호 (신내동, 동성1차)",,03,폐업,,,
새봉화약국,2012-09-17,208112.860200669,457113.638411288,2026-04-28 22:31:14,I,2010-05-20,03,폐업,2012-09-17 10:01:37,,2010-05-20,131-872,서울특별시 중랑구 신내2동 646번지 금강리빙스텔 203 A호,PHMD120103060034084000011,3060000,50,"서울특별시 중랑구 신내로 211, 203 A호 (신내동, 금강리빙스텔)",,03,폐업,,,34213383
신안약국,1995-02-27,207130.916022916,455289.549576555,2026-04-28 22:31:07,I,1991-01-25,03,폐업,2009-07-14 10:34:53,,1991-01-25,131-877,서울특별시 중랑구 중화1동 288번지 8호,PHMD119913060034084000008,3060000,0,,,03,폐업,,,02-492-3053
동신당약국,1991-06-21,208830.564261756,454684.772531516,2026-04-28 22:31:07,I,1991-01-31,03,폐업,2009-07-14 10:36:38,,1991-01-31,131-801,서울특별시 중랑구 망우3동 409번지 18호,PHMD119913060034084000009,3060000,0,,,03,폐업,,,02-494-2780
만수당약국,1997-11-03,208178.417843076,454680.855891869,2026-04-28 22:31:07,I,1991-03-07,03,폐업,2009-07-14 10:49:19,,1991-03-07,131-809,서울특별시 중랑구 망우본동 516번지 40호,PHMD119913060034084000010,3060000,0,,,03,폐업,,,02-491-4582
한성약국,1996-01-15,207757.325227652,452909.327345187,2026-04-28 22:31:07,I,1991-04-08,03,폐업,2009-07-14 10:54:41,,1991-04-08,131-207,서울특별시 중랑구 면목7동 622번지 1호,PHMD119913060034084000011,3060000,0,,,03,폐업,,,02-438-6445
신한독약국,1991-11-15,208425.953061407,454311.470383995,2026-04-28 22:31:07,I,1991-04-13,03,폐업,2009-07-14 11:00:14,,1991-04-13,131-807,서울특별시 중랑구 망우3동 529번지 46호,PHMD119913060034084000012,3060000,0,,,03,폐업,,,02-436-0881
덕수당약국,1991-05-15,208866.599899658,455147.312397195,2026-04-28 22:31:07,I,1991-04-19,03,폐업,2009-07-14 11:10:02,,1991-04-19,131-802,서울특별시 중랑구 망우본동 365번지 28호,PHMD119913060034084000013,3060000,0,,,03,폐업,,,02-438-2081
신동아약국,1994-07-30,206642.366873022,454204.504559395,2026-04-28 22:31:07,I,1991-04-19,03,폐업,2009-07-14 11:12:18,,1991-04-19,131-823,서울특별시 중랑구 면목2동 182번지 104호,PHMD119913060034084000014,3060000,0,,,03,폐업,,,02-493-6586
광생약국,1994-05-19,207262.791980048,452239.160908325,2026-04-28 22:31:07,I,1991-04-19,03,폐업,2009-07-14 11:15:27,,1991-04-19,131-829,서울특별시 중랑구 면목4동 399번지 106호,PHMD119913060034084000015,3060000,0,,,03,폐업,,,02334660
새소망약국,1994-12-10,207530.206607634,454056.294207932,2026-04-28 22:31:07,I,1991-04-30,03,폐업,2009-07-14 11:16:49,,1991-04-30,131-816,서울특별시 중랑구 면목본동 127번지 65호,PHMD119913060034084000016,3060000,0,,,03,폐업,,,02-495-7175
정민약국,1993-07-01,208522.28613624,454364.758086183,2026-04-28 22:31:07,I,1991-05-04,03,폐업,2009-07-14 11:19:08,,1991-05-04,131-807,서울특별시 중랑구 망우3동 531번지 27호,PHMD119913060034084000017,3060000,0,,,03,폐업,,,02-432-7030
새길약국,1993-11-20,208515.136821278,455328.534978202,2026-04-28 22:31:07,I,1991-05-04,03,폐업,2009-07-14 11:20:49,,1991-05-04,131-868,서울특별시 중랑구 신내1동 494번지 59호,PHMD119913060034084000018,3060000,0,,,03,폐업,,,02-436-5880
새동서울약국,1996-01-12,207368.527542978,453180.114230941,2026-04-28 22:31:07,I,1991-05-24,03,폐업,2010-01-07 09:38:35,,1991-05-24,131-828,서울특별시 중랑구 면목7동 647번지 22호,PHMD119913060034084000019,3060000,0,,,03,폐업,,,02-495-4169
국제약국,1994-11-23,207785.545919156,453171.248452738,2026-04-28 22:31:07,I,1991-05-28,03,폐업,2009-07-14 11:35:36,,1991-05-28,131-813,서울특별시 중랑구 면목3.8동 473번지 17호,PHMD119913060034084000020,3060000,0,,,03,폐업,,,02-434-7375
새대성약국,1994-09-02,207182.367502933,453616.84810931,2026-04-28 22:31:07,I,1991-05-30,03,폐업,2009-07-14 11:38:40,,1991-05-30,131-821,서울특별시 중랑구 면목5동 154번지 50호,PHMD119913060034084000021,3060000,0,,,03,폐업,,,02-494-0329
성모당약국,1992-11-11,,,2026-04-28 22:31:07,I,1991-06-07,03,폐업,2009-07-14 11:44:58,,1991-06-07,131-200,서울특별시 중랑구 면목동 266번지 10호,PHMD119913060034084000022,3060000,0,,,03,폐업,,,02-434-4013
전원약국,1993-05-04,208023.827756267,453729.064432448,2026-04-28 22:31:07,I,1991-06-27,03,폐업,2009-07-14 11:47:03,,1991-06-27,131-842,서울특별시 중랑구 면목7동 65번지 45호,PHMD119913060034084000023,3060000,0,,,03,폐업,,,02-493-4051
세기약국,1994-12-06,208827.028317555,455349.143550112,2026-04-28 22:31:07,I,1991-06-27,03,폐업,2009-07-14 13:09:48,,1991-06-27,131-804,서울특별시 중랑구 망우본동 358번지 6호,PHMD119913060034084000024,3060000,0,,,03,폐업,,,02-438-5760
덕수당약국,1992-04-06,208866.599899658,455147.312397195,2026-04-28 22:31:07,I,1991-07-02,03,폐업,2009-07-14 13:16:16,,1991-07-02,131-802,서울특별시 중랑구 망우본동 365번지 28호,PHMD119913060034084000025,3060000,0,,,03,폐업,,,
유성약국,1991-10-16,207469.526789262,453213.812537964,2026-04-28 22:31:07,I,1991-07-12,03,폐업,2009-07-14 13:19:30,,1991-07-12,131-200,서울특별시 중랑구 면목동 605번지 6호,PHMD119913060034084000026,3060000,0,,,03,폐업,,,02-493-1422
고려약국,1996-11-12,208177.795391594,454220.604326257,2026-04-28 22:31:07,I,1991-07-20,03,폐업,2009-07-14 13:20:57,,1991-07-20,131-816,서울특별시 중랑구 면목본동 74번지 1호,PHMD119913060034084000027,3060000,0,,,03,폐업,,,
변영건약국,1994-12-24,,,2026-04-28 22:31:07,I,1991-08-16,03,폐업,2009-07-14 13:22:52,,1991-08-16,131-834,서울특별시 중랑구 면목7동 527번지 8호,PHMD119913060034084000028,3060000,0,,,03,폐업,,,
금성약국,1993-04-09,207043.696812059,454373.75882491,2026-04-28 22:31:07,I,1991-09-07,03,폐업,2009-07-14 13:24:31,,1991-09-07,131-860,서울특별시 중랑구 상봉2동 126번지 28호,PHMD119913060034084000029,3060000,0,,,03,폐업,,,02-491-8669
영생약국,1995-10-16,207892.29990455,453040.320598161,2026-04-28 22:31:07,I,1991-09-11,03,폐업,2009-07-14 13:29:02,,1991-09-11,131-834,서울특별시 중랑구 면목7동 532번지 16호,PHMD119913060034084000030,3060000,0,,,03,폐업,,,02-494-4627
대광사약국,1992-10-10,206826.69219219,456060.261130323,2026-04-28 22:31:07,I,1991-09-17,03,폐업,2009-07-14 13:30:36,,1991-09-17,131-853,서울특별시 중랑구 묵2동 245번지 8호,PHMD119913060034084000031,3060000,0,,,03,폐업,,,02-973-5755
강약국,1992-02-29,207834.387336827,454817.839704855,2026-04-28 22:31:07,I,1991-10-05,03,폐업,2009-07-14 13:37:22,,1991-10-05,131-859,서울특별시 중랑구 상봉2동 89번지 17호,PHMD119913060034084000032,3060000,0,,,03,폐업,,,
동보약국,1996-01-27,,,2026-04-28 22:31:07,I,1991-10-11,03,폐업,2009-07-14 13:40:37,,1991-10-11,131-828,서울특별시 중랑구 면목7동 611번지 6호,PHMD119913060034084000033,3060000,0,,,03,폐업,,,02-435-8921
영진약국,1995-07-10,207707.096846213,453797.461059192,2026-04-28 22:31:07,I,1991-10-21,03,폐업,2009-07-14 13:42:46,,1991-10-21,131-818,서울특별시 중랑구 면목본동 504번지 1호,PHMD119913060034084000034,3060000,0,,,03,폐업,,,02-496-1327
금란약국,1996-11-11,,,2026-04-28 22:31:07,I,1991-10-30,03,폐업,2010-01-07 11:12:16,,1991-10-30,131-803,서울특별시 중랑구 망우본동 342번지 67호,PHMD119913060034084000036,3060000,0,,,03,폐업,,,02-432-6247
새한일약국,1993-04-19,208311.30197135,455130.240270645,2026-04-28 22:31:07,I,1991-11-15,03,폐업,2009-07-14 13:54:52,,1991-11-15,131-810,서울특별시 중랑구 망우본동 563번지 4호,PHMD119913060034084000037,3060000,0,,,03,폐업,,,
청수당약국,2009-02-20,,,2026-04-28 22:31:07,I,1992-11-14,03,폐업,2009-02-20 14:31:33,,1992-11-14,131-204,서울특별시 중랑구 면목4동 383-6,PHMD119923060034084000001,3060000,28,,,03,폐업,,,02-436-8271
중화약국,1999-10-04,207016.987646984,455942.865023529,2026-04-28 22:31:07,I,1992-08-04,03,폐업,2009-07-10 10:55:23,,1992-08-04,131-850,서울특별시 중랑구 묵1동 187번지 19호,PHMD119923060034084000002,3060000,0,,,03,폐업,,,02-973-3457
승호약국,2012-03-02,206936.570187916,455280.600452321,2026-04-28 22:31:14,I,2010-08-30,03,폐업,2012-03-02 17:31:47,,2010-08-30,131-881,서울특별시 중랑구 중화2동 303번지 14호 102호,PHMD120103060034084000016,3060000,84,"서울특별시 중랑구 동일로 775, 102호 (중화동)",,03,폐업,,,
통일로약국,2025-03-07,208499.445380242,454225.613668659,2026-04-28 22:31:15,I,2010-11-10,03,폐업,2025-03-07 09:20:11,,2010-11-10,,서울특별시 중랑구 면목동 22번지 1호 통일로약국,PHMD120103060034084000020,3060000,85,"서울특별시 중랑구 용마산로 435, 통일로약국 1층 (면목동)",02200,03,폐업,,,
케어팜약국,2012-11-30,207090.86716546,453072.936040777,2026-04-28 22:31:15,I,2011-01-03,03,폐업,2012-11-30 13:39:05,,2011-01-03,131-822,서울특별시 중랑구 면목5동 168번지 2호 홈플러스 1층,PHMD120113060034084000002,3060000,10,"서울특별시 중랑구 동일로 566, 1층 (면목동, 홈플러스)",,03,폐업,,,
서울메디칼약국,2017-09-01,208513.422573799,456882.19262283,2026-04-28 22:31:15,I,2011-01-05,03,폐업,2017-09-01 10:09:29,,2011-01-05,,서울특별시 중랑구 신내동 315번지 3호,PHMD120113060034084000004,3060000,150,"서울특별시 중랑구 신내로16길 17, 103호 (신내동)",02053,03,폐업,,,34225000
새미소약국,2016-07-04,206959.961360644,455575.262527889,2026-04-28 22:31:15,I,2011-02-15,03,폐업,2016-07-04 11:38:25,,2011-02-15,131-876,서울특별시 중랑구 중화1동 285번지 6호 1층,PHMD120113060034084000006,3060000,20,"서울특별시 중랑구 동일로 806, 1층 (중화동)",02050,03,폐업,,,
은약국,2015-07-07,206777.731391054,456837.219624564,2026-04-28 22:31:15,I,2011-02-18,03,폐업,2015-07-07 10:08:26,,2011-02-18,131-757,"서울특별시 중랑구 묵1동 170번지 1호 묵동자이프라자 202동 216,217호",PHMD120113060034084000010,3060000,27,"서울특별시 중랑구 동일로 932 (묵동, 202동 216,217호)",,03,폐업,,,
봄약국,2011-08-26,208294.257367707,456632.108607443,2026-04-28 22:31:15,I,2011-03-04,03,폐업,2011-08-26 13:23:21,,2011-03-04,131-789,서울특별시 중랑구 신내2동 657번지 신내9단지신내아파트상가112호,PHMD120113060034084000011,3060000,32,,,03,폐업,,,34224422
정문앞소망약국,2012-05-29,208330.35418254,456814.922480529,2026-04-28 22:31:15,I,2011-03-21,03,폐업,2012-05-29 13:49:15,,2011-03-21,131-131,서울특별시 중랑구 신내1동 656번지 111호 112호,PHMD120113060034084000015,3060000,45,"서울특별시 중랑구 신내로17길 13, 111,112호 (신내동)",,03,폐업,,,
서울사랑약국,2013-03-04,208513.422573799,456882.19262283,2026-04-28 22:31:16,I,2011-03-21,03,폐업,2013-03-04 16:19:03,,2011-03-21,131-131,서울특별시 중랑구 신내1동 314번지 6호 일원신내2택지104호,PHMD120113060034084000016,3060000,137,"서울특별시 중랑구 신내로16길 17, 104호 (신내동)",,03,폐업,,,34213139
가까운정문약국,2012-02-01,,,2026-04-28 22:31:15,I,2011-03-23,03,폐업,2012-02-01 10:22:44,,2011-03-23,131-130,서울특별시 중랑구 신내동 314번지 6호 101호,PHMD120113060034084000017,3060000,132,,,03,폐업,,,070-7704-0322
건강약국,2019-05-01,208294.257367707,456632.108607443,2026-04-28 22:31:15,I,2011-03-25,03,폐업,2019-05-01 09:12:03,,2011-03-25,131-873,서울특별시 중랑구 신내동 657번지 신내9단지아파트 상가 117호,PHMD120113060034084000018,3060000,38,"서울특별시 중랑구 신내로 135, 117호 (신내동, 신내아파트상가1동)",02026,03,폐업,,,34217582
마트약국,2011-04-15,,,2026-04-28 22:31:15,I,2011-03-31,03,폐업,2011-04-15 12:56:28,,2011-03-31,131-757,서울특별시 중랑구 묵1동 107번지 1호 묵동자이아파트2단지  301호,PHMD120113060034084000019,3060000,91,,,03,폐업,,,
마트약국,2018-02-01,206777.731391054,456837.219624564,2026-04-28 22:31:15,I,2011-04-15,03,폐업,2018-02-01 15:08:49,,2011-04-15,131-848,서울특별시 중랑구 묵1동 170번지 1호 묵동자이아파트 2단지 301호,PHMD120113060034084000020,3060000,91,"서울특별시 중랑구 동일로 932, 301호 (묵동, 묵동자이아파트)",02033,03,폐업,,,
이화사랑약국,2013-03-18,207683.608993998,453071.827543665,2026-04-28 22:31:15,I,2011-04-18,03,폐업,2013-03-18 09:58:59,,2011-04-18,131-207,서울특별시 중랑구 면목7동 634번지 5호 이화사랑약국,PHMD120113060034084000021,3060000,29,서울특별시 중랑구 면목로 311 (면목동),,03,폐업,,,
대한약국,2011-11-04,,,2026-04-28 22:31:15,I,2011-04-19,03,폐업,2011-11-04 17:37:38,,2011-04-19,131-131,서울특별시 중랑구 신내1동 314번지 6호 메디칼타워 105호,PHMD120113060034084000022,3060000,142,,,03,폐업,,,34214200
소망약국,2012-03-02,207546.46194332,455616.366121916,2026-04-28 22:31:15,I,2011-04-29,03,폐업,2012-03-02 17:32:51,,2011-04-29,131-863,서울특별시 중랑구 상봉1동 491번지 3호,PHMD120113060034084000023,3060000,32,서울특별시 중랑구 봉화산로 107-1 (상봉동),,03,폐업,,,
희망온누리약국,2013-08-29,208310.505833107,455180.714802387,2026-04-28 22:31:15,I,2011-10-04,03,폐업,2013-08-29 14:08:32,,2011-10-04,131-221,서울특별시 중랑구 상봉1동 74번지 3호,PHMD120113060034084000025,3060000,51,서울특별시 중랑구 망우로 385 (상봉동),,03,폐업,,,
열린약국,2012-04-03,208736.900268573,454786.286739852,2026-04-28 22:31:15,I,2011-10-07,03,폐업,2012-04-03 09:31:51,,2011-10-07,131-230,서울특별시 중랑구 망우동 458번지 1호,PHMD120113060034084000027,3060000,22,서울특별시 중랑구 용마산로 497 (망우동),,03,폐업,,,070-7716-8916
대한약국,2012-02-17,208513.422573799,456882.19262283,2026-04-28 22:31:15,I,2011-11-04,03,폐업,2012-11-09 10:21:03,,2011-11-04,131-865,서울특별시 중랑구 신내1동 314번지 6호   105호,PHMD120113060034084000028,3060000,142,"서울특별시 중랑구 신내로16길 17, 105호 (신내동)",,03,폐업,,,34214200
로뎀약국,2013-12-30,207718.222107219,457174.958326298,2026-04-28 22:31:15,I,2011-12-19,03,폐업,2013-12-30 13:59:27,,2011-12-19,131-765,서울특별시 중랑구 묵1동 20번지 신내5단지두산아파트,PHMD120113060034084000030,3060000,27,"서울특별시 중랑구 신내로21길 6, 상가동 2층 203호 (묵동, 신내두산대림아파트)",,03,폐업,,,34226705
대한약국,2012-04-30,208513.422573799,456882.19262283,2026-04-28 22:31:15,I,2012-02-17,03,폐업,2012-04-30 17:25:32,,2012-02-17,131-865,서울특별시 중랑구 신내동 314번지 6호 약국타워 105호,PHMD120123060034084000004,3060000,142,"서울특별시 중랑구 신내로16길 17, 105호 (신내동)",,03,폐업,,,34214200
세계로약국,2017-08-01,206936.570187916,455280.600452321,2026-04-28 22:31:15,I,2012-03-02,03,폐업,2017-08-01 09:49:45,,2012-03-02,131-881,서울특별시 중랑구 중화동 303번지 14호,PHMD120123060034084000005,3060000,85,서울특별시 중랑구 동일로 775 (중화동),02102,03,폐업,,,02-432-3284
소망약국,2012-04-30,207546.46194332,455616.366121916,2026-04-28 22:31:15,I,2012-03-02,03,폐업,2012-04-30 11:09:03,,2012-03-02,131-863,서울특별시 중랑구 상봉동 491번지 3호,PHMD120123060034084000006,3060000,32,서울특별시 중랑구 봉화산로 107-1 (상봉동),,03,폐업,,,
서울약국,2016-07-29,208000.348920848,455302.379526074,2026-04-28 22:31:15,I,2012-03-06,03,폐업,2016-07-29 14:48:49,,2012-03-06,,서울특별시 중랑구 상봉동 172번지 2호,PHMD120123060034084000007,3060000,47,"서울특별시 중랑구 상봉중앙로8가길 51-18 (상봉동, 펠리체빌2차)",02081,03,폐업,,,
오복약국,1992-05-06,207070.710969098,453778.739458358,2026-04-28 22:31:07,I,1992-02-18,03,폐업,2009-07-14 13:57:16,,1992-02-18,131-821,서울특별시 중랑구 면목5동 150번지 31호,PHMD119923060034084000003,3060000,0,,,03,폐업,,,
모아약국,1993-10-12,208230.272343018,453970.610010821,2026-04-28 22:31:08,I,1992-03-03,03,폐업,2009-07-14 13:59:40,,1992-03-03,131-839,서울특별시 중랑구 면목4동 71번지 5호,PHMD119923060034084000004,3060000,0,,,03,폐업,,,
상동신약국,1993-02-02,207834.387336827,454817.839704855,2026-04-28 22:31:08,I,1992-03-11,03,폐업,2010-01-07 09:52:09,,1992-03-11,131-859,서울특별시 중랑구 상봉2동 89번지 17호,PHMD119923060034084000005,3060000,0,,,03,폐업,,,02-493-9166
우미약국,1998-09-18,208884.545763179,455399.615583697,2026-04-28 22:31:08,I,1992-03-13,03,폐업,2009-07-14 14:08:47,,1992-03-13,131-804,서울특별시 중랑구 망우본동 356번지 40호,PHMD119923060034084000006,3060000,0,,,03,폐업,,,
수지약국,2000-10-09,206601.772671113,454926.392854146,2026-04-28 22:31:08,I,1992-04-01,03,폐업,2009-07-14 14:10:09,,1992-04-01,131-879,서울특별시 중랑구 중화2동 320번지 3호,PHMD119923060034084000007,3060000,0,,,03,폐업,,,02-436-8996
신명약국,1993-06-07,207219.468000231,454070.970385267,2026-04-28 22:31:08,I,1992-04-03,03,폐업,2009-07-14 14:11:54,,1992-04-03,131-819,서울특별시 중랑구 면목2동 140번지 3호,PHMD119923060034084000008,3060000,0,,,03,폐업,,,02-492-1731
천신약국,1993-12-24,207355.979482551,452748.295176935,2026-04-28 22:31:08,I,1992-04-15,03,폐업,2009-07-14 14:14:53,,1992-04-15,131-827,서울특별시 중랑구 면목7동 668번지 55호,PHMD119923060034084000009,3060000,0,,,03,폐업,,,
약대한당약국,1997-07-30,,,2026-04-28 22:31:08,I,1992-04-28,03,폐업,2009-07-14 14:17:46,,1992-04-28,131-813,서울특별시 중랑구 면목3.8동 473번지 44호,PHMD119923060034084000010,3060000,0,,,03,폐업,,,02-433-3500
새송설당약국,1994-11-25,207070.710969098,453778.739458358,2026-04-28 22:31:08,I,1992-05-30,03,폐업,2009-07-14 14:19:21,,1992-05-30,131-821,서울특별시 중랑구 면목5동 150번지 31호,PHMD119923060034084000011,3060000,0,,,03,폐업,,,
인제약국,1993-01-30,208866.599899658,455147.312397195,2026-04-28 22:31:08,I,1992-06-02,03,폐업,2009-07-14 14:21:00,,1992-06-02,131-802,서울특별시 중랑구 망우본동 365번지 28호,PHMD119923060034084000012,3060000,0,,,03,폐업,,,02-438-2081
신세화약국,1996-01-26,206415.253495652,454260.548596859,2026-04-28 22:31:08,I,1992-06-03,03,폐업,2009-07-14 14:22:46,,1992-06-03,131-823,서울특별시 중랑구 면목2동 186번지 75호,PHMD119923060034084000013,3060000,0,,,03,폐업,,,02-495-8394
새서울약국,1996-06-26,206298.185444435,454763.597572466,2026-04-28 22:31:08,I,1992-06-05,03,폐업,2009-07-14 14:25:03,,1992-06-05,131-878,서울특별시 중랑구 중화2동 324번지 10호,PHMD119923060034084000014,3060000,0,,,03,폐업,,,02-435-0889
푸른약국,2000-09-09,206607.783514808,455660.410983262,2026-04-28 22:31:08,I,1992-06-05,03,폐업,2009-07-14 14:33:40,,1992-06-05,131-882,서울특별시 중랑구 중화2동 332번지 134호,PHMD119923060034084000015,3060000,0,,,03,폐업,,,02-208-0912
중화당약국,1997-06-30,206567.083501324,455204.342627333,2026-04-28 22:31:08,I,1992-06-23,03,폐업,2009-07-14 14:50:58,,1992-06-23,131-880,서울특별시 중랑구 중화2동 327번지 1호,PHMD119923060034084000016,3060000,0,,,03,폐업,,,02-494-6948
요한약국,1996-08-29,207095.043308103,452454.938575965,2026-04-28 22:31:08,I,1992-07-18,03,폐업,2009-07-14 14:56:48,,1992-07-18,131-830,서울특별시 중랑구 면목4동 376번지 4호,PHMD119923060034084000018,3060000,0,,,03,폐업,,,02-493-7947
한맥약국,1996-10-08,207469.526789262,453213.812537964,2026-04-28 22:31:08,I,1992-09-15,03,폐업,2009-07-15 09:08:24,,1992-09-15,131-831,서울특별시 중랑구 면목3.8동 605번지 6호,PHMD119923060034084000019,3060000,0,,,03,폐업,,,02-493-1422
금호약국,1995-09-14,,,2026-04-28 22:31:08,I,1992-09-22,03,폐업,2009-07-15 09:10:08,,1992-09-22,131-812,서울특별시 중랑구 면목3.8동 493번지 3호,PHMD119923060034084000020,3060000,0,,,03,폐업,,,02-438-2556
천혜약국,1997-06-23,207217.595363185,452683.998305912,2026-04-28 22:31:08,I,1992-10-07,03,폐업,2009-07-15 09:20:08,,1992-10-07,131-826,서울특별시 중랑구 면목4동 347번지 1호,PHMD119923060034084000021,3060000,0,,,03,폐업,,,02-437-4626
동우약국,1996-03-11,207029.006117542,453850.192958535,2026-04-28 22:31:08,I,1992-10-16,03,폐업,2009-07-15 09:26:05,,1992-10-16,131-820,서울특별시 중랑구 면목2동 147번지 7호,PHMD119923060034084000022,3060000,0,,,03,폐업,,,02-433-1650
한시약국,1998-09-10,208057.437370858,454845.243765481,2026-04-28 22:31:08,I,1992-11-16,03,폐업,2009-07-15 09:31:10,,1992-11-16,131-858,서울특별시 중랑구 상봉2동 83번지 1호,PHMD119923060034084000023,3060000,0,,,03,폐업,,,02-435-1122
우리약국,2004-03-13,208753.865760281,454841.528027962,2026-04-28 22:31:08,I,1992-11-25,03,폐업,2009-07-15 09:33:39,,1992-11-25,131-809,서울특별시 중랑구 망우본동 465번지 14호,PHMD119923060034084000024,3060000,0,,,03,폐업,,,02-433-0264
정명약국,1995-07-31,207124.873813695,453601.710621308,2026-04-28 22:31:08,I,1992-12-02,03,폐업,2009-07-15 09:35:10,,1992-12-02,131-821,서울특별시 중랑구 면목5동 158번지 22호,PHMD119923060034084000025,3060000,0,,,03,폐업,,,02-433-8914
새복약국,1997-03-31,207069.717144773,454514.390536806,2026-04-28 22:31:08,I,1992-12-07,03,폐업,2009-07-15 09:39:47,,1992-12-07,131-860,서울특별시 중랑구 상봉2동 126번지,PHMD119923060034084000026,3060000,0,,,03,폐업,,,02-433-6853
홍약국,1994-04-12,207606.571469819,454383.204030422,2026-04-28 22:31:08,I,1992-12-17,03,폐업,2009-07-15 09:41:53,,1992-12-17,131-817,서울특별시 중랑구 면목본동 226번지 10호,PHMD119923060034084000027,3060000,0,,,03,폐업,,,02-438-7818
모아약국,2014-12-19,208230.272343018,453970.610010821,2026-04-28 22:31:08,I,1993-10-15,03,폐업,2014-12-19 10:15:12,,1993-10-15,131-815,서울특별시 중랑구 면목본동 71번지 5호,PHMD119933060034084000001,3060000,21,서울특별시 중랑구 상봉로 23 (면목동),,03,폐업,,,02-434-6246
현수약국,1993-04-19,208770.056198513,454007.093091759,2026-04-28 22:31:08,I,1991-09-19,03,폐업,2010-01-07 09:46:55,,1991-09-19,131-811,서울특별시 중랑구 면목3.8동 1번지 25호,PHMD119933060034084000002,3060000,0,,,03,폐업,,,02-494-5747
나나약국,1994-06-22,,,2026-04-28 22:31:08,I,1993-01-27,03,폐업,2009-07-15 09:46:39,,1993-01-27,131-783,서울특별시 중랑구 신내2동 534번지 1호 성원아파트,PHMD119933060034084000004,3060000,0,,,03,폐업,,,02-496-4011
명문약국,1993-04-20,207340.268039199,452623.42582132,2026-04-28 22:31:08,I,1993-01-29,03,폐업,2009-07-15 09:51:18,,1993-01-29,131-826,서울특별시 중랑구 면목4동 349번지 3호,PHMD119933060034084000005,3060000,0,,,03,폐업,,,02-496-2929
인제당약국,1994-04-11,208866.599899658,455147.312397195,2026-04-28 22:31:08,I,1993-02-06,03,폐업,2009-07-15 09:52:43,,1993-02-06,131-802,서울특별시 중랑구 망우본동 365번지 28호,PHMD119933060034084000006,3060000,0,,,03,폐업,,,02-438-2081
상동신약국,1993-09-03,207834.387336827,454817.839704855,2026-04-28 22:31:08,I,1993-02-12,03,폐업,2009-07-15 10:05:46,,1993-02-12,131-859,서울특별시 중랑구 상봉2동 89번지 17호,PHMD119933060034084000007,3060000,0,,,03,폐업,,,02-493-9166
제일약국,1993-03-24,208430.073337624,454285.162874732,2026-04-28 22:31:08,I,1993-03-02,03,폐업,2009-07-15 10:14:05,,1993-03-02,131-807,서울특별시 중랑구 망우3동 526번지 3호,PHMD119933060034084000008,3060000,0,,,03,폐업,,,02-436-8206
참약국,2012-11-30,208352.216996948,455674.931879145,2026-04-28 22:31:15,I,2012-03-21,03,폐업,2012-11-30 13:42:12,,2012-03-21,131-870,서울특별시 중랑구 신내2동 537번지 9호 1층,PHMD120123060034084000008,3060000,37,서울특별시 중랑구 신내로 47-1 (신내동),,03,폐업,,,02-435-3375
조이약국,2013-04-15,208736.900268573,454786.286739852,2026-04-28 22:31:15,I,2012-04-03,03,폐업,2013-04-15 09:57:06,,2012-04-03,131-808,서울특별시 중랑구 망우동 458번지 1호,PHMD120123060034084000009,3060000,22,서울특별시 중랑구 용마산로 497 (망우동),,03,폐업,,,070-7716-8916
소망약국,2023-11-28,207518.836843774,455604.158486813,2026-04-28 22:31:15,I,2012-04-30,03,폐업,2023-11-28 10:53:00,,2012-04-30,131-862,서울특별시 중랑구 상봉동 222번지 82호,PHMD120123060034084000013,3060000,38,"서울특별시 중랑구 봉화산로 105 (상봉동, 1층)",02048,03,폐업,,,
대한약국,2013-01-08,208513.422573799,456882.19262283,2026-04-28 22:31:15,I,2012-04-30,03,폐업,2013-01-08 17:31:45,,2012-04-30,131-131,서울특별시 중랑구 신내동 314번지 6호 메디칼타워 105호,PHMD120123060034084000014,3060000,142,"서울특별시 중랑구 신내로16길 17, 105호 (신내동)",,03,폐업,,,02-3421-4200
수정온누리약국,2019-04-29,206689.85488446,456825.300625744,2026-04-28 22:31:15,I,2012-06-25,03,폐업,2019-04-29 09:30:20,,2012-06-25,131-851,서울특별시 중랑구 묵2동 238번지 1호,PHMD120123060034084000017,3060000,55,"서울특별시 중랑구 동일로 933, 1층 (묵동)",02005,03,폐업,,,
동남약국,2018-01-08,208361.517012411,455654.154748002,2026-04-28 22:31:15,I,2012-07-16,03,폐업,2018-01-08 09:44:15,,2012-07-16,131-870,서울특별시 중랑구 신내동 537번지 3호 해성빌딩102호,PHMD120123060034084000018,3060000,49,"서울특별시 중랑구 신내로 45, 102호 (신내동, 해성빌딩)",02085,03,폐업,,,22073356
진약국,2012-10-22,208273.692951363,453963.739422002,2026-04-28 22:31:15,I,2012-08-13,03,폐업,2012-10-22 10:35:17,,2012-08-13,131-811,서울특별시 중랑구 면목동 44번지 4호,PHMD120123060034084000019,3060000,23,"서울특별시 중랑구 용마산로89길 27, 1층 (면목동)",,03,폐업,,,
백세약국,2013-03-28,208368.252033443,456040.864473831,2026-04-28 22:31:15,I,2012-11-01,03,폐업,2013-04-17 09:48:53,,2012-11-01,131-865,서울특별시 중랑구 신내동 667번지,PHMD120123060034084000023,3060000,54,"서울특별시 중랑구 신내로 82, 1층 109호 (신내동)",,03,폐업,,,34217015
가까운 정문약국,2017-03-02,208513.422573799,456882.19262283,2026-04-28 22:31:15,I,2012-11-01,03,폐업,2017-03-02 10:27:39,,2012-11-01,131-865,서울특별시 중랑구 신내동 314번지 4호,PHMD120123060034084000024,3060000,139,"서울특별시 중랑구 신내로16길 17, 1층 101호 (신내동)",02053,03,폐업,,,070-4402-2579
시온약국,2023-06-30,207656.760196534,454186.054604892,2026-04-28 22:31:15,I,2012-11-01,03,폐업,2023-06-30 10:11:37,,2012-11-01,131-816,서울특별시 중랑구 면목동 121번지 20호 1층,PHMD120123060034084000025,3060000,33,"서울특별시 중랑구 면목로 426, 1층 (면목동)",02161,03,폐업,,,
대원사약국,2017-12-31,206818.366160698,455460.28217065,2026-04-28 22:31:15,I,2012-11-30,03,폐업,2017-12-29 17:08:45,,2012-11-30,131-881,서울특별시 중랑구 중화동 304번지 70호,PHMD120123060034084000027,3060000,83,"서울특별시 중랑구 중랑역로 90, 1층 (중화동)",02102,03,폐업,,,
참약국,2013-12-09,208352.216996948,455674.931879145,2026-04-28 22:31:15,I,2012-11-30,03,폐업,2013-12-09 16:53:48,,2012-11-30,131-870,서울특별시 중랑구 신내동 537번지 9호 1층,PHMD120123060034084000028,3060000,36,"서울특별시 중랑구 신내로 47-1, 1층 (신내동)",,03,폐업,,,
수약국,2016-04-01,208368.252033443,456040.864473831,2026-04-28 22:31:15,I,2012-12-05,03,폐업,2016-04-01 10:59:22,,2012-12-05,131-865,서울특별시 중랑구 신내동 667번지 금강프라자빌딩108호,PHMD120123060034084000030,3060000,32,"서울특별시 중랑구 신내로 82, 108호 (신내동, 금강프라자빌딩)",02067,03,폐업,,,34211459
오렌지약국,2014-11-03,209166.977424427,455394.23764265,2026-04-28 22:31:15,I,2013-01-09,03,폐업,2014-11-03 10:40:46,,2013-01-09,131-802,서울특별시 중랑구 망우동 209번지 2호 1층 102호,PHMD120133060034084000001,3060000,66,"서울특별시 중랑구 망우로 473, 1층 102호 (망우동)",,03,폐업,,,22075230
이화사랑약국,2013-06-17,207683.608993998,453071.827543665,2026-04-28 22:31:15,I,2013-03-18,03,폐업,2013-06-17 09:17:30,,2013-03-18,131-828,서울특별시 중랑구 면목동 634번지 5호 1층,PHMD120133060034084000006,3060000,27,"서울특별시 중랑구 면목로 311, 1층 (면목동)",,03,폐업,,,
늘푸른약국,2013-07-16,206903.890682508,455538.386601695,2026-04-28 22:31:15,I,2013-03-18,03,폐업,2013-07-16 11:39:27,,2013-03-18,131-881,서울특별시 중랑구 중화동 305번지 38호 1층,PHMD120133060034084000007,3060000,27,"서울특별시 중랑구 동일로 803, 1층 (중화동)",,03,폐업,,,
조이약국,2021-12-31,208736.900268573,454786.286739852,2026-04-28 22:31:15,I,2013-04-15,03,폐업,2021-12-31 09:53:13,,2013-04-15,131-808,서울특별시 중랑구 망우동 458번지 1호 1층,PHMD120133060034084000010,3060000,22,"서울특별시 중랑구 용마산로 497, 1층 (망우동)",02173,03,폐업,,,070-7716-8916
이화사랑약국,2014-05-19,207683.608993998,453071.827543665,2026-04-28 22:31:15,I,2013-06-17,03,폐업,2014-05-19 10:15:16,,2013-06-17,131-828,서울특별시 중랑구 면목동 634번지 5호 1층,PHMD120133060034084000011,3060000,27,"서울특별시 중랑구 면목로 311, 1층 (면목동)",,03,폐업,,,
나을약국,2016-02-01,207008.826567294,453594.509785172,2026-04-28 22:31:15,I,2013-06-25,03,폐업,2016-02-01 09:35:17,,2013-06-25,131-821,서울특별시 중랑구 면목동 161번지 34호 1층,PHMD120133060034084000012,3060000,20,"서울특별시 중랑구 동일로 608, 1층 (면목동)",02224,03,폐업,,,
맑은약국,2016-11-01,208736.821533611,454669.965421084,2026-04-28 22:31:15,I,2013-07-16,03,폐업,2016-11-01 09:55:16,,2013-07-16,131-806,서울특별시 중랑구 망우동 410번지 7호 1층,PHMD120133060034084000013,3060000,39,"서울특별시 중랑구 용마산로 486, 1층 (망우동)",02182,03,폐업,,,02-437-8904
봄기운약국,2013-09-05,207008.706418931,453625.625539941,2026-04-28 22:31:15,I,2013-07-22,03,폐업,2013-09-05 16:49:55,,2013-07-22,131-821,서울특별시 중랑구 면목동 151번지 9호 1층,PHMD120133060034084000015,3060000,24,"서울특별시 중랑구 동일로 612, 1층 (면목동)",,03,폐업,,,
남대문약국,2014-08-04,208310.505833107,455180.714802387,2026-04-28 22:31:15,I,2013-08-29,03,폐업,2014-08-04 10:22:52,,2013-08-29,131-857,서울특별시 중랑구 상봉동 74번지 3호,PHMD120133060034084000016,3060000,51,서울특별시 중랑구 망우로 385 (상봉동),,03,폐업,,,
묵동고려약국,2015-11-19,206718.673280218,456725.062277459,2026-04-28 22:31:15,I,2013-12-12,03,폐업,2015-11-19 09:41:44,,2013-12-12,131-851,서울특별시 중랑구 묵동 238번지 9호,PHMD120133060034084000018,3060000,21,서울특별시 중랑구 동일로 923 (묵동),02005,03,폐업,,,
화이트약국,2015-03-02,207761.604066557,453177.187155618,2026-04-28 22:31:15,I,2013-12-27,03,폐업,2015-03-02 13:02:59,,2013-12-27,131-813,서울특별시 중랑구 면목동 473번지 16호 1층,PHMD120133060034084000019,3060000,35,"서울특별시 중랑구 사가정로 395, 1층 (면목동)",,03,폐업,,,
곰두지약국,1997-01-31,207834.387336827,454817.839704855,2026-04-28 22:31:08,I,1993-04-02,03,폐업,2009-07-15 10:17:19,,1993-04-02,131-859,서울특별시 중랑구 상봉2동 89번지 17호,PHMD119933060034084000009,3060000,0,,,03,폐업,,,02-439-9166
유한약국,1995-05-29,207043.696812059,454373.75882491,2026-04-28 22:31:08,I,1993-04-14,03,폐업,2009-07-15 10:18:39,,1993-04-14,131-860,서울특별시 중랑구 상봉2동 126번지 28호,PHMD119933060034084000010,3060000,0,,,03,폐업,,,
새한일약국,1999-05-31,208311.30197135,455130.240270645,2026-04-28 22:31:08,I,1993-04-21,03,폐업,2009-07-15 10:20:06,,1993-04-21,131-810,서울특별시 중랑구 망우본동 563번지 4호,PHMD119933060034084000011,3060000,0,,,03,폐업,,,
명문약국,1997-04-24,207340.268039199,452623.42582132,2026-04-28 22:31:08,I,1993-05-20,03,폐업,2009-07-15 10:22:01,,1993-05-20,131-826,서울특별시 중랑구 면목4동 349번지 3호,PHMD119933060034084000012,3060000,0,,,03,폐업,,,02-496-2929
진성약국,2001-04-02,208023.827756267,453729.064432448,2026-04-28 22:31:08,I,1993-05-21,03,폐업,2009-07-15 10:32:23,,1993-05-21,131-814,서울특별시 중랑구 면목본동 65번지 45호,PHMD119933060034084000013,3060000,0,,,03,폐업,,,
약손약국,1999-12-31,208770.056198513,454007.093091759,2026-04-28 22:31:08,I,1993-05-21,03,폐업,2010-01-07 11:32:58,,1993-05-21,131-811,서울특별시 중랑구 면목3.8동 1번지 25호,PHMD119933060034084000014,3060000,0,,,03,폐업,,,
자애약국,2000-12-08,,,2026-04-28 22:31:08,I,1993-06-02,03,폐업,2009-07-15 10:36:22,,1993-06-02,131-830,서울특별시 중랑구 면목4동 383번지 58호,PHMD119933060034084000015,3060000,0,,,03,폐업,,,02-495-2266
육교약국,1996-01-15,208602.64749293,454347.999848103,2026-04-28 22:31:08,I,1993-06-05,03,폐업,2009-07-15 10:40:40,,1993-06-05,131-806,서울특별시 중랑구 망우3동 442번지 37호,PHMD119933060034084000016,3060000,0,,,03,폐업,,,02-493-2713
일동약국,1993-12-30,,,2026-04-28 22:31:08,I,1993-06-30,03,폐업,2009-07-15 10:42:18,,1993-06-30,131-807,서울특별시 중랑구 망우3동 539번지 46호,PHMD119933060034084000017,3060000,0,,,03,폐업,,,02-436-4451
신정민약국,2004-01-26,208522.28613624,454364.758086183,2026-04-28 22:31:08,I,1993-07-07,03,폐업,2009-07-15 10:44:39,,1993-07-07,131-807,서울특별시 중랑구 망우3동 531번지 27호,PHMD119933060034084000018,3060000,0,,,03,폐업,,,02-432-7030
신명약국,2001-02-06,207209.579388849,454093.818467236,2026-04-28 22:31:08,I,1993-08-04,03,폐업,2009-07-15 10:46:08,,1993-08-04,131-819,서울특별시 중랑구 면목2동 141번지 98호,PHMD119933060034084000019,3060000,0,,,03,폐업,,,02-492-1731
새독일약국,1997-07-14,207878.490686414,454610.643727605,2026-04-28 22:31:08,I,1993-08-16,03,폐업,2009-07-15 10:48:33,,1993-08-16,131-859,서울특별시 중랑구 상봉2동 87번지 27호,PHMD119933060034084000020,3060000,32,,,03,폐업,,,
영제당약국,2001-02-10,,,2026-04-28 22:31:08,I,1993-08-20,03,폐업,2009-07-15 11:10:21,,1993-08-20,131-813,서울특별시 중랑구 면목3.8동 435번지 55호,PHMD119933060034084000021,3060000,0,,,03,폐업,,,02-492-1261
신내약국,1994-09-26,208874.33595093,456922.031546205,2026-04-28 22:31:08,I,1993-09-08,03,폐업,2009-07-15 11:13:46,,1993-09-08,131-130,서울특별시 중랑구 신내동 345번지 1호,PHMD119933060034084000022,3060000,35,,,03,폐업,,,02-434-9210
원제당약국,1998-09-02,206707.400663257,453893.266555259,2026-04-28 22:31:08,I,1993-09-13,03,폐업,2009-07-15 11:17:00,,1993-09-13,131-820,서울특별시 중랑구 면목2동 177번지 38호,PHMD119933060034084000023,3060000,0,,,03,폐업,,,02-209-1865
동인당약국,1996-07-02,208170.580588251,454747.986193018,2026-04-28 22:31:08,I,1993-10-26,03,폐업,2009-07-15 11:34:10,,1993-10-26,131-809,서울특별시 중랑구 망우본동 516번지 3호,PHMD119933060034084000024,3060000,0,,,03,폐업,,,02-436-8206
동서울약국,1996-03-27,207750.048408234,453528.009337789,2026-04-28 22:31:08,I,1993-11-08,03,폐업,2009-07-15 11:36:56,,1993-11-08,131-813,서울특별시 중랑구 면목3.8동 428번지 1호,PHMD119933060034084000025,3060000,0,,,03,폐업,,,02-207-3083
하나약국,1994-05-03,206891.930944961,456779.871840918,2026-04-28 22:31:08,I,1993-11-23,03,폐업,2009-07-15 11:39:12,,1993-11-23,131-848,서울특별시 중랑구 묵1동 172번지 26호,PHMD119933060034084000026,3060000,35,,,03,폐업,,,02-948-5094
건영약국,2000-07-13,208304.797212483,455494.336794317,2026-04-28 22:31:08,I,1993-12-11,03,폐업,2009-07-15 11:40:47,,1993-12-11,131-856,서울특별시 중랑구 상봉1동 40번지 4호,PHMD119933060034084000027,3060000,30,,,03,폐업,,,02-209-7230
이화약국,1995-01-05,206934.010158522,457125.953319556,2026-04-28 22:31:08,I,1993-12-21,03,폐업,2009-07-15 11:42:32,,1993-12-21,131-848,서울특별시 중랑구 묵1동 162번지 1호,PHMD119933060034084000028,3060000,30,,,03,폐업,,,02-972-2665
현대약국,1997-01-22,,,2026-04-28 22:31:08,I,1994-01-11,03,폐업,2009-07-15 11:45:57,,1994-01-11,131-834,서울특별시 중랑구 면목7동,PHMD119943060034084000001,3060000,17,,,03,폐업,,,02-207-4978
복성약국,1994-06-08,207087.165645918,455252.211025103,2026-04-28 22:31:08,I,1994-01-22,03,폐업,2009-07-15 11:50:46,,1994-01-22,131-877,서울특별시 중랑구 중화1동 293번지 24호,PHMD119943060034084000002,3060000,5,,,03,폐업,,,
소진당약국,1995-02-27,208575.031468778,454065.010276901,2026-04-28 22:31:08,I,1994-02-02,03,폐업,2009-07-15 11:52:35,,1994-02-02,131-812,서울특별시 중랑구 면목3.8동 14번지 1호,PHMD119943060034084000003,3060000,33,,,03,폐업,,,02-207-0874
신라약국,2000-10-12,206710.874768576,454049.685331809,2026-04-28 22:31:08,I,1994-02-05,03,폐업,2009-07-15 11:54:34,,1994-02-05,131-820,서울특별시 중랑구 면목2동 178번지 15호,PHMD119943060034084000004,3060000,18,,,03,폐업,,,02-207-7772
강약국,1995-01-11,208937.171025791,455538.867654047,2026-04-28 22:31:08,I,1994-02-05,03,폐업,2009-07-15 11:57:32,,1994-02-05,131-804,서울특별시 중랑구 망우본동 355번지 12호,PHMD119943060034084000005,3060000,22,,,03,폐업,,,02-209-1368
성산약국,1994-07-14,208585.732361304,456054.835825954,2026-04-28 22:31:08,I,1994-02-18,03,폐업,2009-07-15 13:19:11,,1994-02-18,131-868,서울특별시 중랑구 신내1동 410번지 76호,PHMD119943060034084000006,3060000,5,,,03,폐업,,,02-290-9406
새건강약국,1999-07-26,208770.056198513,454007.093091759,2026-04-28 22:31:08,I,1994-04-06,03,폐업,2009-07-15 13:26:07,,1994-04-06,131-812,서울특별시 중랑구 면목3.8동 1번지 25호,PHMD119943060034084000007,3060000,21,,,03,폐업,,,
소나무약국,1995-09-29,207262.791980048,452239.160908325,2026-04-28 22:31:08,I,1994-05-26,03,폐업,2009-07-15 13:29:26,,1994-05-26,131-829,서울특별시 중랑구 면목4동 399번지 106호,PHMD119943060034084000008,3060000,16,,,03,폐업,,,02-433-4660
세림약국,1998-06-08,209455.150864288,455552.131200779,2026-04-28 22:31:08,I,1994-06-04,03,폐업,2009-07-15 13:31:50,,1994-06-04,131-802,서울특별시 중랑구 망우본동 182번지 63호,PHMD119943060034084000009,3060000,21,,,03,폐업,,,
복성약국,2000-09-05,207087.165645918,455252.211025103,2026-04-28 22:31:08,I,1994-06-09,03,폐업,2009-07-15 13:35:43,,1994-06-09,131-877,서울특별시 중랑구 중화1동 293번지 24호,PHMD119943060034084000011,3060000,21,,,03,폐업,,,02-494-5031
함지약국,1995-06-20,208866.599899658,455147.312397195,2026-04-28 22:31:08,I,1994-06-22,03,폐업,2009-07-15 13:39:00,,1994-06-22,131-802,서울특별시 중랑구 망우본동 365번지 28호,PHMD119943060034084000012,3060000,0,,,03,폐업,,,02-209-0793
이화사랑약국,2016-05-02,207683.608993998,453071.827543665,2026-04-28 22:31:15,I,2014-05-19,03,폐업,2016-05-02 09:52:19,,2014-05-19,131-828,서울특별시 중랑구 면목동 634번지 5호 1층,PHMD120143060034084000004,3060000,27,"서울특별시 중랑구 면목로 311, 1층 (면목동)",02238,03,폐업,,,
희망우리약국,2015-02-02,208310.505833107,455180.714802387,2026-04-28 22:31:15,I,2014-08-04,03,폐업,2015-02-02 11:25:08,,2014-08-04,131-857,서울특별시 중랑구 상봉동 74번지 3호,PHMD120143060034084000006,3060000,51,서울특별시 중랑구 망우로 385 (상봉동),,03,폐업,,,
웰니스약국,2016-11-02,208156.968978523,455132.996248854,2026-04-28 22:31:15,I,2014-09-16,03,폐업,2016-11-02 13:57:00,,2014-09-16,131-856,서울특별시 중랑구 상봉동 74번지 10호 1층,PHMD120143060034084000007,3060000,81,"서울특별시 중랑구 망우로 367, 1층 (상봉동)",02086,03,폐업,,,62053317
상봉햇살약국,2016-05-02,208183.558935157,454911.24852306,2026-04-28 22:31:15,I,2014-09-19,03,폐업,2016-05-02 09:55:24,,2014-09-19,131-809,서울특별시 중랑구 망우동 506번지 1호 상봉이마트 4층,PHMD120143060034084000008,3060000,34,"서울특별시 중랑구 상봉로 118, 4층 (망우동, 상봉이마트)",02169,03,폐업,,,
오렌지약국,2017-03-20,209166.977424427,455394.23764265,2026-04-28 22:31:15,I,2014-11-03,03,폐업,2017-03-20 09:28:57,,2014-11-03,131-802,서울특별시 중랑구 망우동 209번지 2호 1층 102호,PHMD120143060034084000011,3060000,66,"서울특별시 중랑구 망우로 473, 1층 102호 (망우동)",02066,03,폐업,,,22075230
경희백산한약국,2015-01-26,207601.481829421,453971.471748388,2026-04-28 22:31:15,I,2014-11-03,03,폐업,2015-05-29 17:47:51,,2014-11-03,131-200,서울특별시 중랑구 면목동 117번지 35호 1층,PHMD120143060034084000012,3060000,27,서울특별시 중랑구 겸재로 172-1 (면목동),,03,폐업,,,22083068
서화당한약국,2017-04-25,208551.10396468,455788.527496389,2026-04-28 22:31:15,I,2015-01-29,03,폐업,2017-04-25 14:36:25,,2015-01-29,131-868,서울특별시 중랑구 신내동 472번지 3호 1층,PHMD120153060034084000002,3060000,44,"서울특별시 중랑구 봉화산로56길 99, 1층 (신내동)",02070,03,폐업,,,02-433-1333
희망찬약국,2016-08-25,208321.151514705,455180.949983767,2026-04-28 22:31:15,I,2015-02-02,03,폐업,2016-08-25 13:42:31,,2015-02-02,131-857,서울특별시 중랑구 상봉동 74번지 2호 1층,PHMD120153060034084000003,3060000,51,"서울특별시 중랑구 망우로 385, 1층 (상봉동)",02086,03,폐업,,,02-435-4293
화이트약국,2017-01-02,207761.604066557,453177.187155618,2026-04-28 22:31:15,I,2015-03-02,03,폐업,2017-01-02 10:19:09,,2015-03-02,131-813,서울특별시 중랑구 면목동 473번지 16호,PHMD120153060034084000004,3060000,35,"서울특별시 중랑구 사가정로 395, 1층 (면목동)",02214,03,폐업,,,02-432-6641
묵동프라자약국,2017-01-16,206926.653076108,457107.578643355,2026-04-28 22:31:15,I,2015-03-02,03,폐업,2017-01-16 17:05:08,,2015-03-02,131-848,서울특별시 중랑구 묵동 162번지 2호,PHMD120153060034084000005,3060000,119,서울특별시 중랑구 공릉로 63 (묵동),02032,03,폐업,,,02-978-4222
면목약국,2015-07-21,207798.292080717,454025.295222024,2026-04-28 22:31:15,I,2015-04-01,03,폐업,2015-07-21 09:45:49,,2015-04-01,131-200,서울특별시 중랑구 면목동 105번지 7호,PHMD120153060034084000007,3060000,39,"서울특별시 중랑구 겸재로 194, 1층 (면목동)",,03,폐업,,,02-2209-5955
아름약국,2017-06-26,207033.873987542,454308.450373142,2026-04-28 22:31:15,I,2015-08-03,03,폐업,2017-06-27 17:00:31,,2015-08-03,,서울특별시 중랑구 면목동 144번지 35호,PHMD120153060034084000011,3060000,53,서울특별시 중랑구 동일로 680 (면목동),02140,03,폐업,,,02-496-9351
새중앙약국,2017-01-02,208273.692951363,453963.739422002,2026-04-28 22:31:15,I,2015-08-13,03,폐업,2017-01-02 16:13:36,,2015-08-13,,서울특별시 중랑구 면목동 44번지 4호,PHMD120153060034084000012,3060000,20,"서울특별시 중랑구 용마산로89길 27 (면목동, 금성빌딩)",02201,03,폐업,,,02-432-6223
진온누리약국,2017-04-03,209346.339468326,457473.080929422,2026-04-28 22:31:15,I,2015-09-24,03,폐업,2017-04-03 10:04:16,,2015-09-24,,서울특별시 중랑구 신내동,PHMD120153060034084000014,3060000,36,"서울특별시 중랑구 신내역로3길 4 (신내동, 신내골드프라자)",02055,03,폐업,,,02-3422-6645
강북경희한약국,2019-07-08,207601.481829421,453971.471748388,2026-04-28 22:31:15,I,2015-11-05,03,폐업,2019-07-08 16:06:56,,2015-11-05,,서울특별시 중랑구 면목동 117번지 35호,PHMD120153060034084000015,3060000,28,서울특별시 중랑구 겸재로 172-1 (면목동),02219,03,폐업,,,02-433-1225
묵동고려약국,2019-10-14,206718.673280218,456725.062277459,2026-04-28 22:31:15,I,2015-11-19,03,폐업,2019-10-14 13:03:15,,2015-11-19,,서울특별시 중랑구 묵동 238번지 9호,PHMD120153060034084000016,3060000,21,"서울특별시 중랑구 동일로 923, 1층 (묵동)",02005,03,폐업,,,02-974-8199
나을약국,2017-03-09,207008.826567294,453594.509785172,2026-04-28 22:31:15,I,2016-02-01,03,폐업,2017-03-09 14:31:50,,2016-02-01,,,PHMD120163060034084000001,3060000,19,서울특별시 중랑구 동일로 608 (면목동),02224,03,폐업,,,02-433-4955
원약국,2018-02-01,207923.745922676,455090.718335439,2026-04-28 22:31:15,I,2016-03-15,03,폐업,2018-02-01 09:29:54,,2016-03-15,,,PHMD120163060034084000003,3060000,33,"서울특별시 중랑구 망우로 353, 3층 (상봉동, 상봉 프레미어스 엠코)",02087,03,폐업,,,02-438-7798
수약국,2016-12-12,208368.252033443,456040.864473831,2026-04-28 22:31:15,I,2016-04-01,03,폐업,2016-12-12 10:12:51,,2016-04-01,,,PHMD120163060034084000004,3060000,32,"서울특별시 중랑구 신내로 82 (신내동, 금강프라자)",02067,03,폐업,,,02-3421-1459
동호일층약국,2018-09-03,206712.645739265,456738.441211434,2026-04-28 22:31:15,I,2016-04-25,03,폐업,2018-09-03 10:34:04,,2016-04-25,,서울특별시 중랑구 묵동 238번지 8호,PHMD120163060034084000005,3060000,33,"서울특별시 중랑구 동일로 925, 1층 (묵동, 하태윤산부인과)",02005,03,폐업,,,02-949-1630
프라자미약국,2021-10-20,207683.608993998,453071.827543665,2026-04-28 22:31:15,I,2016-05-02,03,폐업,2021-10-20 10:25:31,,2016-05-02,,서울특별시 중랑구 면목동 634번지 5호 삼원빌딩,PHMD120163060034084000006,3060000,27,"서울특별시 중랑구 면목로 311, 삼원빌딩 (면목동)",02238,03,폐업,,,02-962-8585
상봉햇살약국,2024-04-30,208183.558935157,454911.24852306,2026-04-28 22:31:15,I,2016-05-02,03,폐업,2024-04-30 10:34:26,,2016-05-02,,서울특별시 중랑구 망우동 506번지 1호 E-마트 상봉점,PHMD120163060034084000007,3060000,52,"서울특별시 중랑구 상봉로 118, E-마트 상봉점 4층 (망우동)",02169,03,폐업,,,02-434-8678
다올약국,2018-12-03,208638.311837025,454756.641771516,2026-04-28 22:31:15,I,2016-06-02,03,폐업,2018-12-03 09:48:38,,2016-06-02,,서울특별시 중랑구 망우동 460번지 27호 1층,PHMD120163060034084000008,3060000,46,"서울특별시 중랑구 봉우재로 232, 1층 (망우동, 현문학원)",02173,03,폐업,,,02-433-7582
연세메디칼약국,2019-03-11,206836.62018675,456400.58527076,2026-04-28 22:31:15,I,2016-06-08,03,폐업,2019-03-11 10:11:12,,2016-06-08,,서울특별시 중랑구 묵동 180번지 55호,PHMD120163060034084000009,3060000,48,서울특별시 중랑구 동일로 890 (묵동),02038,03,폐업,,,02-972-6332
프라자약국,2016-09-28,208513.422573799,456882.19262283,2026-04-28 22:31:15,I,2016-06-16,03,폐업,2016-09-28 13:33:41,,2016-06-16,,,PHMD120163060034084000010,3060000,133,"서울특별시 중랑구 신내로16길 17, 104호 (신내동)",02053,03,폐업,,,02-3421-8998
박약국,1996-04-04,208766.199402181,455027.525800011,2026-04-28 22:31:08,I,1994-06-22,03,폐업,2009-07-15 13:40:39,,1994-06-22,131-809,서울특별시 중랑구 망우본동 466번지 11호,PHMD119943060034084000013,3060000,0,,,03,폐업,,,02-434-4704
정성당약국,1999-07-16,207242.654825959,455509.512097105,2026-04-28 22:31:08,I,1994-07-15,03,폐업,2009-07-15 13:46:07,,1994-07-15,131-875,서울특별시 중랑구 중화1동 99번지 8호,PHMD119943060034084000014,3060000,0,,,03,폐업,,,02-437-0972
선희약국,1995-09-18,208585.732361304,456054.835825954,2026-04-28 22:31:09,I,1994-07-20,03,폐업,2009-07-15 13:47:58,,1994-07-20,131-868,서울특별시 중랑구 신내1동 410번지 76호,PHMD119943060034084000015,3060000,0,,,03,폐업,,,02-209-9406
신동아약국,1996-01-25,206642.366873022,454204.504559395,2026-04-28 22:31:09,I,1994-08-13,03,폐업,2009-07-15 13:58:31,,1994-08-13,131-823,서울특별시 중랑구 면목2동 182번지 104호,PHMD119943060034084000016,3060000,0,,,03,폐업,,,02-493-6586
유명약국,1995-01-10,206522.969546915,456187.022687789,2026-04-28 22:31:09,I,1994-09-13,03,폐업,2009-07-15 13:59:58,,1994-09-13,131-852,서울특별시 중랑구 묵2동 242번지 32호,PHMD119943060034084000017,3060000,0,,,03,폐업,,,02-976-1430
늘푸른약국,1999-07-05,207182.367502933,453616.84810931,2026-04-28 22:31:09,I,1994-10-06,03,폐업,2009-07-15 14:01:52,,1994-10-06,131-821,서울특별시 중랑구 면목5동 154번지 50호,PHMD119943060034084000018,3060000,0,,,03,폐업,,,02-494-0329
태화약국,1994-11-08,208167.021532102,454062.858607248,2026-04-28 22:31:09,I,1994-10-08,03,폐업,2009-07-15 14:05:09,,1994-10-08,131-839,서울특별시 중랑구 면목4동 71번지 23호,PHMD119943060034084000019,3060000,0,,,03,폐업,,,02-207-3286
성수약국,1997-01-06,,,2026-04-28 22:31:09,I,1994-10-13,03,폐업,2009-07-15 14:06:44,,1994-10-13,131-870,서울특별시 중랑구 신내2동 534번지 1호,PHMD119943060034084000020,3060000,0,,,03,폐업,,,
다솜약국,1995-05-25,,,2026-04-28 22:31:09,I,1994-10-20,03,폐업,2009-07-15 14:08:28,,1994-10-20,131-822,서울특별시 중랑구 면목5동 171번지 66호,PHMD119943060034084000021,3060000,0,,,03,폐업,,,02-207-5327
국제약국,1995-04-06,207785.545919156,453171.248452738,2026-04-28 22:31:09,I,1994-11-29,03,폐업,2009-07-15 14:15:17,,1994-11-29,131-813,서울특별시 중랑구 면목3.8동 473번지 17호,PHMD119943060034084000022,3060000,0,,,03,폐업,,,02-434-7375
건강약국,1996-10-30,208332.812361424,454841.979976848,2026-04-28 22:31:09,I,1994-12-08,03,폐업,2009-07-15 14:17:06,,1994-12-08,131-809,서울특별시 중랑구 망우본동 509번지 59호,PHMD119943060034084000023,3060000,0,,,03,폐업,,,02-496-3448
순화약국,1996-12-30,206740.95977172,454517.575326381,2026-04-28 22:31:09,I,1994-12-10,03,폐업,2009-07-15 14:20:13,,1994-12-10,131-861,서울특별시 중랑구 상봉2동 129번지 9호,PHMD119943060034084000024,3060000,0,,,03,폐업,,,02-434-8001
새소망약국,2000-11-30,207530.206607634,454056.294207932,2026-04-28 22:31:09,I,1994-12-17,03,폐업,2009-07-15 14:22:05,,1994-12-17,131-816,서울특별시 중랑구 면목본동 127번지 65호,PHMD119943060034084000025,3060000,0,,,03,폐업,,,02-495-7175
보민당약국,2018-11-12,206704.527158109,454672.471517755,2026-04-28 22:31:09,I,1995-10-05,03,폐업,2018-11-12 10:58:23,,1995-10-05,131-878,서울특별시 중랑구 중화2동 208번지 32호,PHMD119953060034084000001,3060000,63,서울특별시 중랑구 망우로 217 (중화동),02116,03,폐업,,,02-435-3350
온누리한인희약국,2008-07-29,,,2026-04-28 22:31:09,I,1995-12-13,03,폐업,2010-03-18 13:15:26,,1995-12-13,131-130,서울특별시 중랑구 신내동 514번지 9호,PHMD119953060034084000002,3060000,21,,,03,폐업,,,02-495-1207
유명약국,2001-02-03,206522.969546915,456187.022687789,2026-04-28 22:31:09,I,1995-01-11,03,폐업,2009-07-15 14:23:55,,1995-01-11,131-852,서울특별시 중랑구 묵2동 242번지 32호,PHMD119953060034084000003,3060000,0,,,03,폐업,,,02-976-1430
이화약국,1995-06-17,206934.010158522,457125.953319556,2026-04-28 22:31:09,I,1995-01-11,03,폐업,2009-07-15 14:25:40,,1995-01-11,131-848,서울특별시 중랑구 묵1동 162번지 1호,PHMD119953060034084000004,3060000,0,,,03,폐업,,,02-972-2665
감초약국,2002-07-02,208937.171025791,455538.867654047,2026-04-28 22:31:09,I,1995-01-17,03,폐업,2009-07-15 14:28:12,,1995-01-17,131-804,서울특별시 중랑구 망우본동 355번지 12호,PHMD119953060034084000005,3060000,0,,,03,폐업,,,02-207-6776
세계로약국,1997-01-23,206700.968505851,456569.173537588,2026-04-28 22:31:09,I,1995-04-10,03,폐업,2009-07-15 14:31:53,,1995-04-10,131-852,서울특별시 중랑구 묵2동 239번지 17호,PHMD119953060034084000006,3060000,0,,,03,폐업,,,02-434-7375
한솔약국,1996-05-03,207701.768223138,453091.593659481,2026-04-28 22:31:09,I,1995-05-15,03,폐업,2009-07-15 14:34:52,,1995-05-15,131-828,서울특별시 중랑구 면목7동 634번지 4호,PHMD119953060034084000007,3060000,0,,,03,폐업,,,02-437-7999
큰샘약국,1999-02-22,208499.445380242,454225.613668659,2026-04-28 22:31:09,I,1995-06-07,03,폐업,2009-07-15 14:36:11,,1995-06-07,131-812,서울특별시 중랑구 면목3.8동 22번지 1호,PHMD119953060034084000008,3060000,0,,,03,폐업,,,02-439-3711
영진약국,2000-08-07,207707.096846213,453797.461059192,2026-04-28 22:31:09,I,1995-07-12,03,폐업,2009-07-15 14:37:42,,1995-07-12,131-818,서울특별시 중랑구 면목본동 504번지 1호,PHMD119953060034084000009,3060000,0,,,03,폐업,,,02-496-1327
신우약국,1999-03-02,206419.071508713,454518.841846223,2026-04-28 22:31:09,I,1995-07-14,03,폐업,2009-07-15 14:41:01,,1995-07-14,131-861,서울특별시 중랑구 상봉2동 136번지 9호,PHMD119953060034084000010,3060000,0,,,03,폐업,,,02-435-5027
부활약국,1998-03-16,206699.691110426,456210.158404317,2026-04-28 22:31:09,I,1995-07-14,03,폐업,2009-07-15 14:44:10,,1995-07-14,131-852,서울특별시 중랑구 묵2동 244번지 92호,PHMD119953060034084000011,3060000,0,,,03,폐업,,,02-976-6587
해마약국,1996-04-10,208866.599899658,455147.312397195,2026-04-28 22:31:09,I,1995-07-19,03,폐업,2009-07-15 14:46:36,,1995-07-19,131-802,서울특별시 중랑구 망우본동 365번지 28호,PHMD119953060034084000012,3060000,0,,,03,폐업,,,02-209-0793
동은약국,1998-03-25,,,2026-04-28 22:31:09,I,1995-07-19,03,폐업,2009-07-15 14:55:05,,1995-07-19,131-834,서울특별시 중랑구 면목7동 527번지 8호,PHMD119953060034084000013,3060000,0,,,03,폐업,,,02-437-8600
다솜약국,1996-02-06,,,2026-04-28 22:31:09,I,1995-09-26,03,폐업,2010-01-07 13:23:19,,1995-09-26,131-822,서울특별시 중랑구 면목5동 171번지 66호,PHMD119953060034084000015,3060000,0,,,03,폐업,,,02-207-5327
소나무약국,1996-01-12,207262.791980048,452239.160908325,2026-04-28 22:31:09,I,1995-10-13,03,폐업,2009-07-16 09:12:00,,1995-10-13,131-829,서울특별시 중랑구 면목4동 399번지 106호,PHMD119953060034084000016,3060000,0,,,03,폐업,,,02-433-4660
창우약국,1998-01-14,207310.580151487,452957.56959596,2026-04-28 22:31:09,I,1995-11-15,03,폐업,2009-07-16 09:18:56,,1995-11-15,131-827,서울특별시 중랑구 면목7동 673번지 88호,PHMD119953060034084000017,3060000,0,,,03,폐업,,,02-209-9820
보람약국,2005-05-09,,,2026-04-28 22:31:09,I,1995-12-13,03,폐업,2009-07-16 09:28:05,,1995-12-13,131-846,서울특별시 중랑구 묵1동 20번지 210호,PHMD119953060034084000018,3060000,0,,,03,폐업,,,02-3421-0021
이화약국,1998-03-06,,,2026-04-28 22:31:09,I,1995-12-28,03,폐업,2009-07-16 09:33:08,,1995-12-28,131-863,서울특별시 중랑구 상봉1동,PHMD119953060034084000019,3060000,0,,,03,폐업,,,02-3421-0885
맑은약국,2020-02-28,208736.821533611,454669.965421084,2026-04-28 22:31:15,I,2016-11-01,03,폐업,2020-02-28 10:48:40,,2016-11-01,,서울특별시 중랑구 망우동 410번지 7호,PHMD120163060034084000012,3060000,44,서울특별시 중랑구 용마산로 486 (망우동),02182,03,폐업,,,02-437-8904
수약국,2019-12-11,208368.252033443,456040.864473831,2026-04-28 22:31:15,I,2016-12-12,03,폐업,2019-12-11 09:31:25,,2016-12-12,,서울특별시 중랑구 신내동 667번지 금강프라자,PHMD120163060034084000013,3060000,33,"서울특별시 중랑구 신내로 82, 금강프라자 (신내동)",02067,03,폐업,,,02-3421-1459
우리보건약국,2018-01-29,207680.180904428,453403.210627499,2026-04-28 22:31:15,I,2017-02-06,03,폐업,2018-01-30 13:58:13,,2017-02-06,,서울특별시 중랑구 면목동 572번지 9호,PHMD120173060034084000004,3060000,45,"서울특별시 중랑구 사가정로51길 45, 1층 (면목동, 우리보건약국)",02221,03,폐업,,,02-433-8221
정문약국,2020-02-03,208513.422573799,456882.19262283,2026-04-28 22:31:15,I,2017-03-02,03,폐업,2020-02-03 09:16:48,,2017-03-02,,서울특별시 중랑구 신내동 315번지 3호 101호,PHMD120173060034084000005,3060000,132,"서울특별시 중랑구 신내로16길 17, 101호 (신내동)",02053,03,폐업,,,070-4402-2579
오렌지약국,2018-04-16,209166.977424427,455394.23764265,2026-04-28 22:31:15,I,2017-03-20,03,폐업,2018-04-16 09:22:18,,2017-03-20,,서울특별시 중랑구 망우동 209번지 2호,PHMD120173060034084000006,3060000,68,"서울특별시 중랑구 망우로 473 (망우동, 무궁화빌딩)",02066,03,폐업,,,02-2207-5230
햇살약국,2019-01-22,209346.339468326,457473.080929422,2026-04-28 22:31:15,I,2017-04-03,03,폐업,2019-01-22 14:49:34,,2017-04-03,,서울특별시 중랑구 신내동 255번지 1호 105호,PHMD120173060034084000007,3060000,36,"서울특별시 중랑구 신내역로3길 4, 105호 (신내동, 신내골드프라자)",02055,03,폐업,,,02-3422-6645
미소약국,2019-12-02,208574.566606995,455201.404791635,2026-04-28 22:31:15,I,2017-04-26,03,폐업,2019-12-02 09:45:50,,2017-04-26,,서울특별시 중랑구 망우동 470번지 11호 2층,PHMD120173060034084000008,3060000,42,"서울특별시 중랑구 망우로 412, 2층 (망우동, 기성빌딩)",02164,03,폐업,,,02-438-8278
단풍약국,2025-06-13,207033.873987542,454308.450373142,2026-04-28 22:31:15,I,2017-08-01,03,폐업,2025-06-13 16:05:17,,2017-08-01,,서울특별시 중랑구 면목동 144번지 35호,PHMD120173060034084000009,3060000,53,서울특별시 중랑구 동일로 680 (면목동),02140,03,폐업,,,02-6052-4019
세계로약국,2020-12-01,206936.570187916,455280.600452321,2026-04-28 22:31:16,I,2017-08-01,03,폐업,2020-12-01 09:58:16,,2017-08-01,,서울특별시 중랑구 중화동 303번지 14호 그린빌딩,PHMD120173060034084000010,3060000,85,"서울특별시 중랑구 동일로 775, 그린빌딩 (중화동)",02102,03,폐업,,,02-432-3284
서울메디칼약국,2018-09-03,208513.422573799,456882.19262283,2026-04-28 22:31:15,I,2017-09-01,03,폐업,2018-09-03 10:26:44,,2017-09-01,,서울특별시 중랑구 신내동 315번지 3호 103호,PHMD120173060034084000011,3060000,263,"서울특별시 중랑구 신내로16길 17, 103호 (신내동)",02053,03,폐업,,,02-3422-5000
에이스약국,2021-11-05,206292.997292632,454691.995626041,2026-04-28 22:31:15,I,2017-12-26,03,폐업,2021-11-05 10:27:12,,2017-12-26,,서울특별시 중랑구 중화동 324번지 148호 양우빌딩,PHMD120173060034084000012,3060000,43,"서울특별시 중랑구 중랑천로 105, 양우빌딩 2층 (중화동)",02114,03,폐업,,,02-2039-5077
친절한 명성약국,2018-12-03,208513.422573799,456882.19262283,2026-04-28 22:31:15,I,2018-01-17,03,폐업,2018-12-03 14:28:08,,2018-01-17,,서울특별시 중랑구 신내동 315번지 3호,PHMD120183060034084000003,3060000,133,"서울특별시 중랑구 신내로16길 17, 104호 (신내동)",02053,03,폐업,,,02-3421-8586
우리보건약국,2022-12-19,207680.180904428,453403.210627499,2026-04-28 22:31:15,I,2018-01-29,03,폐업,2022-12-19 10:00:33,,2018-01-29,,서울특별시 중랑구 면목동 572번지 9호 우리보건약국,PHMD120183060034084000004,3060000,45,"서울특별시 중랑구 사가정로51길 45, 우리보건약국 (면목동)",02221,03,폐업,,,02-433-8221
원약국,2019-06-17,207923.745922676,455090.718335439,2026-04-28 22:31:15,I,2018-02-01,03,폐업,2019-06-17 09:34:20,,2018-02-01,,서울특별시 중랑구 상봉동 500번지 상봉 프레미어스 엠코,PHMD120183060034084000005,3060000,30,"서울특별시 중랑구 망우로 353, 제비주거동 3층 313호 (상봉동, 상봉 프레미어스 엠코)",02087,03,폐업,,,02-438-7798
이지약국,2019-01-08,207709.270930577,453910.467739777,2026-04-28 22:31:15,I,2018-03-07,03,폐업,2019-01-08 09:24:42,,2018-03-07,,서울특별시 중랑구 면목동 359번지 2호,PHMD120183060034084000007,3060000,51,"서울특별시 중랑구 면목로 398, 1층 (면목동)",02197,03,폐업,,,02-2207-8757
둥지약국,2019-12-19,208412.629957471,455211.359469508,2026-04-28 22:31:15,I,2018-07-02,03,폐업,2019-12-19 13:20:45,,2018-07-02,,서울특별시 중랑구 망우동 489번지 28호 성아빌딩,PHMD120183060034084000011,3060000,27,"서울특별시 중랑구 망우로 395, 성아빌딩 2층 (망우동)",02086,03,폐업,,,070-4079-0120
오성약국,2020-09-14,208382.976882977,455900.325723704,2026-04-28 22:31:15,I,2018-07-31,03,폐업,2020-09-14 10:06:37,,2018-07-31,,서울특별시 중랑구 신내동 563번지 3호 원빌딩,PHMD120183060034084000012,3060000,22,"서울특별시 중랑구 신내로 72, 원빌딩 (신내동)",02069,03,폐업,,,070-8805-8844
동호일층약국,2019-01-28,206712.645739265,456738.441211434,2026-04-28 22:31:15,I,2018-09-03,03,폐업,2019-01-28 09:31:53,,2018-09-03,,서울특별시 중랑구 묵동 238번지 8호 하태윤산부인과,PHMD120183060034084000015,3060000,32,"서울특별시 중랑구 동일로 925, 1층 (묵동)",02005,03,폐업,,,02-949-1630
다올약국,2020-08-10,208638.311837025,454756.641771516,2026-04-28 22:31:15,I,2018-12-03,03,폐업,2020-08-10 11:10:46,,2018-12-03,,서울특별시 중랑구 망우동 460번지 27호 현문학원,PHMD120183060034084000018,3060000,46,"서울특별시 중랑구 봉우재로 232, 현문학원 1층 (망우동)",02173,03,폐업,,,02-433-7582
원약국,2020-08-24,207923.745922676,455090.718335439,2026-04-28 22:31:15,I,2019-06-17,03,폐업,2020-08-24 10:05:37,,2019-06-17,,서울특별시 중랑구 상봉동 500번지 상봉 프레미어스 엠코,PHMD120193060034084000008,3060000,30,"서울특별시 중랑구 망우로 353, C동 313호 (상봉동, 상봉 프레미어스 엠코)",02087,03,폐업,,,02-438-7798
타임약국,2019-08-16,207522.003991159,454614.703800827,2026-04-28 22:31:15,I,2019-07-05,03,폐업,2019-08-16 09:14:38,,2019-07-05,,서울특별시 중랑구 상봉동 108번지 3호 대성타워,PHMD120193060034084000011,3060000,19,"서울특별시 중랑구 면목로 469, 1층 (상봉동, 대성타워)",02138,03,폐업,,,02-435-3792
상봉 태평양약국,2020-12-14,207497.453067345,454719.651368831,2026-04-28 22:31:15,I,2019-11-12,03,폐업,2020-12-14 09:32:21,,2019-11-12,,서울특별시 중랑구 상봉동 113번지 4호 오렌지타워 101호,PHMD120193060034084000015,3060000,46,"서울특별시 중랑구 면목로 481, 오렌지타워 1층 101호 (상봉동)",02137,03,폐업,,,02-432-2019
미소약국,2024-02-19,208574.566606995,455201.404791635,2026-04-28 22:31:16,I,2019-12-02,03,폐업,2024-02-19 11:30:13,,2019-12-02,,서울특별시 중랑구 망우동 470번지 11호 기성빌딩,PHMD120193060034084000016,3060000,42,"서울특별시 중랑구 망우로 412, 기성빌딩 2층 (망우동)",02164,03,폐업,,,02-438-8278
아폴로약국,2009-09-11,207750.048408234,453528.009337789,2026-04-28 22:31:09,I,1996-07-09,03,폐업,2009-09-23 10:58:46,,1996-07-09,131-813,서울특별시 중랑구 면목3.8동 428번지 1호,PHMD119963060034084000002,3060000,67,,,03,폐업,,,02-2207-3083
메디팜지성약국,2012-03-05,208231.356512091,456138.417214882,2026-04-28 22:31:09,I,1996-11-13,03,폐업,2012-03-05 18:01:13,,1996-11-13,131-873,서울특별시 중랑구 신내2동 661번지 신내11단지상가107호,PHMD119963060034084000003,3060000,25,"서울특별시 중랑구 봉화산로 193, 11단지상가동 170호 (신내동, 신내아파트)",,03,폐업,,,02-3422-1345
동보약국,1997-01-10,207764.045447867,453094.298253679,2026-04-28 22:31:09,I,1996-02-26,03,폐업,2009-07-16 09:40:56,,1996-02-26,131-828,서울특별시 중랑구 면목7동 611번지 7호,PHMD119963060034084000004,3060000,0,,,03,폐업,,,02-435-8921
광희약국,1997-09-04,,,2026-04-28 22:31:09,I,1996-02-26,03,폐업,2009-07-16 09:43:13,,1996-02-26,131-130,서울특별시 중랑구 신내동 두산화성 아파트상가 107호,PHMD119963060034084000005,3060000,0,,,03,폐업,,,02-4321-2288
열린약국,1998-07-13,,,2026-04-28 22:31:09,I,1996-03-07,03,폐업,2009-07-16 09:45:08,,1996-03-07,131-130,서울특별시 중랑구 신내동 진로아파트 단지내상가 104호,PHMD119963060034084000006,3060000,0,,,03,폐업,,,02-3421-1445
동우약국,1996-05-20,207029.006117542,453850.192958535,2026-04-28 22:31:09,I,1996-03-21,03,폐업,2009-07-16 09:47:25,,1996-03-21,131-820,서울특별시 중랑구 면목2동 147번지 7호,PHMD119963060034084000007,3060000,0,,,03,폐업,,,02-433-1650
수성약국,2000-09-14,208283.548205106,456330.49095806,2026-04-28 22:31:09,I,1996-04-02,03,폐업,2009-07-16 09:49:17,,1996-04-02,131-873,서울특별시 중랑구 신내2동 660번지 10단지 도시개발 APT상가 113호,PHMD119963060034084000008,3060000,0,,,03,폐업,,,02-3421-3649
새푸른약국,1997-04-21,,,2026-04-28 22:31:09,I,1996-04-19,03,폐업,2009-07-16 09:51:43,,1996-04-19,131-130,서울특별시 중랑구 신내동 신내6단지 시영 APT상가 104호,PHMD119963060034084000009,3060000,0,,,03,폐업,,,02-3421-6247
해마약국,1997-07-09,208866.599899658,455147.312397195,2026-04-28 22:31:09,I,1996-04-23,03,폐업,2009-07-16 09:54:03,,1996-04-23,131-802,서울특별시 중랑구 망우본동 365번지 28호,PHMD119963060034084000010,3060000,0,,,03,폐업,,,02-209-0793
뉴새로나약국,2000-08-10,209462.416731172,455470.957301515,2026-04-28 22:31:09,I,1996-04-23,03,폐업,2009-07-16 09:55:55,,1996-04-23,131-802,서울특별시 중랑구 망우본동 136번지 13호,PHMD119963060034084000011,3060000,0,,,03,폐업,,,02-432-1981
그린약국,1997-08-12,208766.199402181,455027.525800011,2026-04-28 22:31:09,I,1996-04-23,03,폐업,2009-07-16 09:57:33,,1996-04-23,131-809,서울특별시 중랑구 망우본동 466번지 11호,PHMD119963060034084000012,3060000,0,,,03,폐업,,,02-434-4704
동우약국,1996-07-03,207029.006117542,453850.192958535,2026-04-28 22:31:09,I,1996-05-22,03,폐업,2009-07-16 10:10:29,,1996-05-22,131-820,서울특별시 중랑구 면목2동 147번지 7호,PHMD119963060034084000013,3060000,0,,,03,폐업,,,02-433-1650
장수약국,2001-07-04,206607.440064595,454286.635021068,2026-04-28 22:31:09,I,1996-06-18,03,폐업,2009-07-16 10:12:29,,1996-06-18,131-823,서울특별시 중랑구 면목2동 182번지 35호,PHMD119963060034084000014,3060000,0,,,03,폐업,,,02-493-5926
샘물약국,1997-10-06,206765.334458771,453873.666795938,2026-04-28 22:31:10,I,1996-06-21,03,폐업,2009-07-16 10:13:57,,1996-06-21,131-820,서울특별시 중랑구 면목2동 177번지 66호,PHMD119963060034084000015,3060000,0,,,03,폐업,,,02-209-7374
새서울약국,1999-06-22,206298.185444435,454763.597572466,2026-04-28 22:31:10,I,1996-07-04,03,폐업,2009-07-16 10:16:13,,1996-07-04,131-878,서울특별시 중랑구 중화2동 324번지 10호,PHMD119963060034084000016,3060000,0,,,03,폐업,,,02-435-0889
하나약국,2007-11-29,,,2026-04-28 22:31:10,I,1996-07-09,03,폐업,2009-07-16 10:18:40,,1996-07-09,131-789,서울특별시 중랑구 신내2동 신내9단지신내아파트 내 상가 112호,PHMD119963060034084000017,3060000,0,,,03,폐업,,,02-3421-0945
국약국,1998-01-20,207339.305831223,452720.96178481,2026-04-28 22:31:10,I,1996-07-31,03,폐업,2009-07-16 10:25:08,,1996-07-31,131-827,서울특별시 중랑구 면목7동 668번지 61호,PHMD119963060034084000018,3060000,0,,,03,폐업,,,02-495-4404
종로사약국,1997-04-24,,,2026-04-28 22:31:10,I,1996-08-20,03,폐업,2009-07-16 10:26:59,,1996-08-20,131-879,서울특별시 중랑구 중화2동 297번지 53호,PHMD119963060034084000019,3060000,0,,,03,폐업,,,02-496-6960
임대현약국,1998-01-19,207567.313473106,455589.473482984,2026-04-28 22:31:10,I,1996-09-03,03,폐업,2009-07-16 10:28:36,,1996-09-03,131-862,서울특별시 중랑구 상봉1동 222번지 37호,PHMD119963060034084000020,3060000,0,,,03,폐업,,,02-438-4121
프라자약국,1998-02-03,208520.092335397,456195.877460936,2026-04-28 22:31:10,I,1996-09-12,03,폐업,2009-07-16 10:30:04,,1996-09-12,131-866,서울특별시 중랑구 신내1동 786번지 동성프라자 101호,PHMD119963060034084000021,3060000,0,,,03,폐업,,,02-3422-2908
요한약국,1997-03-14,207095.043308103,452454.938575965,2026-04-28 22:31:10,I,1996-10-01,03,폐업,2009-07-16 10:31:59,,1996-10-01,131-830,서울특별시 중랑구 면목4동 376번지 4호,PHMD119963060034084000022,3060000,0,,,03,폐업,,,02-493-7947
신만수당약국,1997-07-31,206959.961360644,455575.262527889,2026-04-28 22:31:10,I,1996-10-10,03,폐업,2009-07-16 10:33:40,,1996-10-10,131-876,서울특별시 중랑구 중화1동 285번지 6호,PHMD119963060034084000023,3060000,0,,,03,폐업,,,02-436-0323
세영약국,2004-11-08,207221.643548573,454582.762791983,2026-04-28 22:31:10,I,1996-10-16,03,폐업,2009-07-16 10:36:08,,1996-10-16,131-860,서울특별시 중랑구 상봉2동 122번지 55호,PHMD119963060034084000024,3060000,0,,,03,폐업,,,02-496-8228
하원약국,2000-07-01,208332.812361424,454841.979976848,2026-04-28 22:31:10,I,1996-11-05,03,폐업,2009-07-16 10:37:39,,1996-11-05,131-809,서울특별시 중랑구 망우본동 509번지 59호,PHMD119963060034084000025,3060000,0,,,03,폐업,,,02-496-3448
수영약국,1999-10-19,207204.703948582,454308.443926507,2026-04-28 22:31:10,I,1996-11-08,03,폐업,2009-07-16 10:39:54,,1996-11-08,131-819,서울특별시 중랑구 면목2동 135번지 1호,PHMD119963060034084000026,3060000,0,,,03,폐업,,,02-494-6477
팜코리아약국,1997-02-21,207765.943730882,453435.47390801,2026-04-28 22:31:10,I,1996-11-11,03,폐업,2009-07-16 10:44:42,,1996-11-11,131-813,서울특별시 중랑구 면목3.8동 458번지 29호,PHMD119963060034084000027,3060000,0,,,03,폐업,,,02-433-8421
고려약국,1997-02-28,208177.795391594,454220.604326257,2026-04-28 22:31:10,I,1996-11-14,03,폐업,2009-07-16 10:46:11,,1996-11-14,131-816,서울특별시 중랑구 면목본동 74번지 1호,PHMD119963060034084000028,3060000,0,,,03,폐업,,,02-433-6447
면목백화점약국,1997-04-02,208203.464125468,453200.90180214,2026-04-28 22:31:10,I,1996-11-20,03,폐업,2009-07-16 10:47:40,,1996-11-20,131-832,서울특별시 중랑구 면목3.8동 507번지 26호,PHMD119963060034084000029,3060000,0,,,03,폐업,,,02-207-4636
정성약국,1997-05-06,207163.791145804,454984.412728653,2026-04-28 22:31:10,I,1996-12-13,03,폐업,2009-07-16 10:49:13,,1996-12-13,131-877,서울특별시 중랑구 중화1동 450번지 한신아파트상가 219호,PHMD119963060034084000030,3060000,0,,,03,폐업,,,02-208-6521
종점약국,2010-08-30,208057.437370858,454845.243765481,2026-04-28 22:31:10,I,1997-09-30,03,폐업,2010-09-13 09:02:09,,1997-09-30,131-858,서울특별시 중랑구 상봉2동 83번지 1호,PHMD119973060034084000004,3060000,39,,,03,폐업,,,02-495-1424
편한약국,2021-10-18,208245.979899232,455993.576503436,2026-04-28 22:31:15,I,2019-12-02,03,폐업,2021-10-18 11:34:47,,2019-12-02,,서울특별시 중랑구 신내동 665번지 신내2동 관상복합청사,PHMD120193060034084000017,3060000,68,"서울특별시 중랑구 봉화산로 190, 신내2동 관상복합청사 102호 (신내동)",02076,03,폐업,,,02-3422-3619
시민약국,2023-10-04,208775.336834889,455185.647891645,2026-04-28 22:31:15,I,2022-01-17,03,폐업,2023-10-04 13:14:22,,2022-01-17,,서울특별시 중랑구 망우동 466-1 준인테리어,PHMD120223060034084000001,3060000,27,"서울특별시 중랑구 용마산로 537, 준인테리어 (망우동)",02165,03,폐업,,,02-493-0828
연세파란약국,2024-09-30,206964.460713775,453984.499777993,2026-04-28 22:31:15,I,2022-10-17,03,폐업,2024-09-30 16:29:21,,2022-10-17,,서울특별시 중랑구 면목동 179-23,PHMD120223060034084000006,3060000,63,서울특별시 중랑구 동일로 645(면목동),02135,03,폐업,,,02-493-8856
양원온누리약국,2024-05-10,209399.93927584,456069.290800972,2026-04-28 22:31:16,I,2024-01-03,03,폐업,2024-05-10 09:55:22,,2024-01-03,,서울특별시 중랑구 망우동 618-3,PHMD120243060034084000001,3060000,39,서울특별시 중랑구 양원역로10길 25 (망우동),02057,03,폐업,,,02-2209-1999
양원온누리약국,2024-08-02,209399.93927584,456069.290800972,2026-04-28 22:31:15,I,2024-06-03,03,폐업,2024-08-02 11:37:23,,2024-06-03,,서울특별시 중랑구 망우동 618-3,PHMD120243060034084000009,3060000,39,서울특별시 중랑구 양원역로10길 25 (망우동),02057,03,폐업,,,02-2209-1999
양원온누리약국,2025-04-30,209399.93927584,456069.290800972,2026-04-28 22:31:15,I,2024-08-05,03,폐업,2025-04-30 13:08:47,,2024-08-05,,서울특별시 중랑구 망우동 618-3,PHMD120243060034084000010,3060000,39,"서울특별시 중랑구 양원역로10길 25, 105호 (망우동)",02057,03,폐업,,,02-2209-1999
초록빛약국,2024-11-26,206755.151729282,456558.081591862,2026-04-28 22:31:15,I,2024-10-16,03,폐업,2024-11-26 12:03:00,,2024-10-16,,서울특별시 중랑구 묵동 239-2,PHMD120243060034084000011,3060000,31,"서울특별시 중랑구 동일로 907, 1층 (묵동)",02006,03,폐업,,,02-977-2478
복약국,2001-10-10,206959.961360644,455575.262527889,2026-04-28 22:31:10,I,1997-08-05,03,폐업,2009-07-21 13:10:11,,1997-08-05,131-876,서울특별시 중랑구 중화1동 285번지 6호,PHMD119973060034084000005,3060000,21,,,03,폐업,,,02-436-0323
순화약국,2007-10-30,206740.95977172,454517.575326381,2026-04-28 22:31:10,I,1997-01-06,03,폐업,2009-07-16 10:52:27,,1997-01-06,131-861,서울특별시 중랑구 상봉2동 129번지 9호,PHMD119973060034084000006,3060000,0,,,03,폐업,,,02-434-8001
성수약국,1997-07-10,208294.31154469,455843.287574845,2026-04-28 22:31:10,I,1997-01-09,03,폐업,2009-07-16 10:54:55,,1997-01-09,131-870,서울특별시 중랑구 신내2동 783번지 성원아파트 상가1층 113호,PHMD119973060034084000007,3060000,0,,,03,폐업,,,02-496-4011
백두산약국,1998-02-03,206633.837087865,454297.099694878,2026-04-28 22:31:10,I,1997-01-10,03,폐업,2009-07-16 10:56:46,,1997-01-10,131-823,서울특별시 중랑구 면목2동 182번지 123호,PHMD119973060034084000008,3060000,0,,,03,폐업,,,02-436-4003
동보약국,1997-03-07,207764.045447867,453094.298253679,2026-04-28 22:31:10,I,1997-01-14,03,폐업,2009-07-16 10:59:32,,1997-01-14,131-828,서울특별시 중랑구 면목7동 611번지 7호,PHMD119973060034084000009,3060000,0,,,03,폐업,,,02-435-8921
세계로약국,2001-05-19,206756.802652889,456509.076257894,2026-04-28 22:31:10,I,1997-01-24,03,폐업,2009-07-16 11:01:33,,1997-01-24,131-852,서울특별시 중랑구 묵2동 239번지 53호,PHMD119973060034084000010,3060000,0,,,03,폐업,,,02-978-1105
한덕약국,1999-01-29,207163.791145804,454984.412728653,2026-04-28 22:31:10,I,1997-02-20,03,폐업,2009-07-16 11:03:15,,1997-02-20,131-877,서울특별시 중랑구 중화1동 450번지 한신아파트상가 116호,PHMD119973060034084000011,3060000,0,,,03,폐업,,,02-496-6451
팜코리아약국,2002-05-30,207765.943730882,453435.47390801,2026-04-28 22:31:10,I,1997-02-24,03,폐업,2009-07-16 11:06:34,,1997-02-24,131-813,서울특별시 중랑구 면목3.8동 458번지 29호,PHMD119973060034084000012,3060000,0,,,03,폐업,,,02-433-8421
100세약국,1997-06-02,208500.41409861,456116.213868842,2026-04-28 22:31:10,I,1997-02-25,03,폐업,2009-07-16 11:09:56,,1997-02-25,131-867,서울특별시 중랑구 신내1동 613번지 8호,PHMD119973060034084000013,3060000,0,,,03,폐업,,,02-437-7078
백민약국,1997-10-01,207423.898976834,457122.700436003,2026-04-28 22:31:10,I,1997-03-11,03,폐업,2009-07-16 11:12:21,,1997-03-11,131-846,서울특별시 중랑구 묵1동 13번지 4단지시영상가,PHMD119973060034084000014,3060000,0,,,03,폐업,,,02-3422-1377
정비환약국,2001-10-31,207764.045447867,453094.298253679,2026-04-28 22:31:10,I,1997-03-13,03,폐업,2009-07-16 11:13:43,,1997-03-13,131-828,서울특별시 중랑구 면목7동 611번지 7호,PHMD119973060034084000015,3060000,0,,,03,폐업,,,02-435-8921
새서광약국,1998-03-10,209065.077559933,455529.139942083,2026-04-28 22:31:10,I,1997-03-24,03,폐업,2009-07-16 11:15:23,,1997-03-24,131-803,서울특별시 중랑구 망우본동 342번지 6호,PHMD119973060034084000016,3060000,0,,,03,폐업,,,02-434-5212
뉴월드약국,1997-05-13,207922.002484799,454178.824228606,2026-04-28 22:31:10,I,1997-03-26,03,폐업,2009-07-16 11:16:51,,1997-03-26,131-816,서울특별시 중랑구 면목본동 100번지 31호,PHMD119973060034084000017,3060000,0,,,03,폐업,,,02-495-4091
한미약국,1997-06-09,206699.417508254,454450.179550184,2026-04-28 22:31:10,I,1997-04-09,03,폐업,2009-07-16 11:18:14,,1997-04-09,131-823,서울특별시 중랑구 면목2동 185번지 9호,PHMD119973060034084000018,3060000,0,,,03,폐업,,,02-493-2266
요한약국,1997-07-14,207095.043308103,452454.938575965,2026-04-28 22:31:10,I,1997-04-11,03,폐업,2009-07-16 11:19:35,,1997-04-11,131-830,서울특별시 중랑구 면목4동 376번지 4호,PHMD119973060034084000019,3060000,0,,,03,폐업,,,02-493-7947
종로사약국,1998-05-01,,,2026-04-28 22:31:10,I,1997-04-25,03,폐업,2009-07-16 11:23:49,,1997-04-25,131-122,서울특별시 중랑구 중화2동 297번지 53호,PHMD119973060034084000021,3060000,0,,,03,폐업,,,02-496-6960
명문약국,1999-05-14,,,2026-04-28 22:31:10,I,1997-05-01,03,폐업,2009-07-16 11:25:36,,1997-05-01,131-204,서울특별시 중랑구 면목4동 439번지 3호,PHMD119973060034084000022,3060000,0,,,03,폐업,,,02-496-2929
상지약국,1997-08-16,207557.339064774,452919.770174065,2026-04-28 22:31:10,I,1997-05-02,03,폐업,2009-07-16 11:27:13,,1997-05-02,131-828,서울특별시 중랑구 면목7동 627번지 1호,PHMD119973060034084000023,3060000,0,,,03,폐업,,,02-437-6051
뉴월드약국,1998-06-30,207922.002484799,454178.824228606,2026-04-28 22:31:10,I,1997-05-30,03,폐업,2009-07-16 11:28:49,,1997-05-30,131-816,서울특별시 중랑구 면목본동 100번지 31호,PHMD119973060034084000024,3060000,0,,,03,폐업,,,02-495-4091
100세약국,1999-09-20,208500.41409861,456116.213868842,2026-04-28 22:31:10,I,1997-06-05,03,폐업,2009-07-16 11:30:28,,1997-06-05,131-130,서울특별시 중랑구 신내동 613번지 8호,PHMD119973060034084000025,3060000,0,,,03,폐업,,,02-437-7078
중화당약국,2000-12-30,206567.083501324,455204.342627333,2026-04-28 22:31:10,I,1997-07-03,03,폐업,2009-07-16 11:32:06,,1997-07-03,131-122,서울특별시 중랑구 중화2동 327번지 1호,PHMD119973060034084000026,3060000,0,,,03,폐업,,,02-494-6948
다민약국,2000-04-19,,,2026-04-28 22:31:10,I,1997-07-14,03,폐업,2009-07-16 11:33:46,,1997-07-14,131-870,서울특별시 중랑구 신내2동 983번지 상가1층 113호,PHMD119973060034084000027,3060000,0,,,03,폐업,,,02-496-4011
수약국,2000-08-29,207878.490686414,454610.643727605,2026-04-28 22:31:10,I,1997-07-25,03,폐업,2009-07-16 11:40:36,,1997-07-25,131-859,서울특별시 중랑구 상봉2동 87번지 27호,PHMD119973060034084000028,3060000,0,,,03,폐업,,,02-493-8319
위장약국,1997-11-08,208866.599899658,455147.312397195,2026-04-28 22:31:10,I,1997-07-26,03,폐업,2009-07-16 11:46:37,,1997-07-26,131-802,서울특별시 중랑구 망우본동 365번지 28호,PHMD119973060034084000029,3060000,0,,,03,폐업,,,02-209-0793
동원시장약국,1998-08-28,207731.41306162,454120.41325706,2026-04-28 22:31:10,I,1997-08-12,03,폐업,2009-07-16 11:50:33,,1997-08-12,131-816,서울특별시 중랑구 면목본동 101번지 12호,PHMD119973060034084000030,3060000,0,,,03,폐업,,,02-209-5955
열린프라자약국,1999-01-09,207557.339064774,452919.770174065,2026-04-28 22:31:10,I,1997-08-19,03,폐업,2009-07-16 11:52:06,,1997-08-19,131-828,서울특별시 중랑구 면목7동 627번지 1호,PHMD119973060034084000031,3060000,0,,,03,폐업,,,02-437-6051
삼거리약국,1999-10-28,207834.387336827,454817.839704855,2026-04-28 22:31:10,I,1997-09-25,03,폐업,2009-07-16 11:55:25,,1997-09-25,131-859,서울특별시 중랑구 상봉2동 89번지 17호,PHMD119973060034084000033,3060000,0,,,03,폐업,,,02-492-8655
백민약국,2000-03-31,207423.898976834,457122.700436003,2026-04-28 22:31:10,I,1997-10-06,03,폐업,2009-07-16 14:15:01,,1997-10-06,131-846,서울특별시 중랑구 묵1동 13번지 신내3단지 시영상가 105호,PHMD119973060034084000034,3060000,0,,,03,폐업,,,02-3422-1377
대화약국,1999-10-30,,,2026-04-28 22:31:10,I,1997-10-08,03,폐업,2009-07-16 14:18:00,,1997-10-08,131-822,서울특별시 중랑구 면목5동 171번지 66호,PHMD119973060034084000035,3060000,0,,,03,폐업,,,02-209-7374
한미약국,1998-03-12,206699.417508254,454450.179550184,2026-04-28 22:31:10,I,1997-10-14,03,폐업,2009-07-16 14:19:55,,1997-10-14,131-201,서울특별시 중랑구 면목본동 185번지 9호,PHMD119973060034084000036,3060000,0,,,03,폐업,,,02-493-2266
새열린약국,1999-10-05,207867.772723867,455673.271333559,2026-04-28 22:31:10,I,1997-11-26,03,폐업,2009-07-16 14:22:25,,1997-11-26,131-863,서울특별시 중랑구 상봉1동 484번지 엘지 쌍용아파트 상가동 104호,PHMD119973060034084000037,3060000,0,,,03,폐업,,,02-3421-6322
서울새태평양약국,1998-04-06,208551.690202466,455188.037259512,2026-04-28 22:31:10,I,1997-12-10,03,폐업,2009-07-16 14:30:43,,1997-12-10,131-810,서울특별시 중랑구 망우본동 470번지 10호,PHMD119973060034084000038,3060000,0,,,03,폐업,,,02-491-2610
태능프라자약국,2011-01-03,206723.262017513,455124.809250397,2026-04-28 22:31:10,I,1998-04-25,03,폐업,2011-01-03 13:23:56,,1998-04-25,131-883,서울특별시 중랑구 중화2동 315번지 10호,PHMD119983060034084000001,3060000,97,,,03,폐업,,,02-2208-0922
그랜드약국,2013-05-20,207022.758885343,455219.086474276,2026-04-28 22:31:10,I,1998-10-14,03,폐업,2013-05-20 13:59:13,,1998-10-14,131-877,서울특별시 중랑구 중화1동 294번지 2호,PHMD119983060034084000003,3060000,27,서울특별시 중랑구 동일로 770 (중화동),,03,폐업,,,02-2209-7146
황보약국,2019-02-14,208560.759625644,455826.847497291,2026-04-28 22:31:10,I,1998-12-23,03,폐업,2019-02-14 15:32:52,,1998-12-23,131-868,서울특별시 중랑구 신내1동 472번지 1호,PHMD119983060034084000004,3060000,58,서울특별시 중랑구 봉화산로56길 87 (신내동),02070,03,폐업,,,02-434-9608
창우약국,1999-04-21,207310.580151487,452957.56959596,2026-04-28 22:31:10,I,1998-01-17,03,폐업,2009-07-16 14:32:03,,1998-01-17,131-827,서울특별시 중랑구 면목7동 673번지 88호,PHMD119983060034084000006,3060000,0,,,03,폐업,,,02-209-4747
국약국,2007-05-07,207339.305831223,452720.96178481,2026-04-28 22:31:10,I,1998-01-22,03,폐업,2009-07-16 14:33:58,,1998-01-22,131-827,서울특별시 중랑구 면목7동 668번지 61호,PHMD119983060034084000007,3060000,0,,,03,폐업,,,02-495-4404
위장약국,1998-07-03,208866.599899658,455147.312397195,2026-04-28 22:31:10,I,1998-02-11,03,폐업,2009-07-16 14:35:36,,1998-02-11,131-802,서울특별시 중랑구 망우본동 365번지 28호,PHMD119983060034084000008,3060000,0,,,03,폐업,,,
이화약국,1998-06-11,207978.489613092,455897.218274738,2026-04-28 22:31:10,I,1998-03-12,03,폐업,2009-07-16 14:38:53,,1998-03-12,131-863,서울특별시 중랑구 상봉1동 481번지 신내택지 개발지구 12단지 상가108호,PHMD119983060034084000009,3060000,0,,,03,폐업,,,02-3421-0885
부활약국,2001-03-27,206699.691110426,456210.158404317,2026-04-28 22:31:10,I,1998-03-20,03,폐업,2009-07-16 14:42:59,,1998-03-20,131-852,서울특별시 중랑구 묵2동 244번지 92호,PHMD119983060034084000010,3060000,0,,,03,폐업,,,02-976-6587
동은약국,1998-09-09,,,2026-04-28 22:31:10,I,1998-03-27,03,폐업,2009-07-16 14:44:33,,1998-03-27,131-834,서울특별시 중랑구 면목7동 527번지 8호,PHMD119983060034084000011,3060000,0,,,03,폐업,,,02-437-8600
서울새태평양약국,1998-07-15,208551.690202466,455188.037259512,2026-04-28 22:31:10,I,1998-04-07,03,폐업,2009-07-16 14:46:24,,1998-04-07,131-810,서울특별시 중랑구 망우본동 470번지 10호,PHMD119983060034084000012,3060000,0,,,03,폐업,,,02-4912-2610
종로사약국,1999-02-04,,,2026-04-28 22:31:10,I,1998-05-04,03,폐업,2009-07-16 14:47:59,,1998-05-04,131-879,서울특별시 중랑구 중화2동 297번지 53호,PHMD119983060034084000013,3060000,0,,,03,폐업,,,02-496-6960
면목시장약국,1998-05-29,206962.753099032,454339.675120425,2026-04-28 22:31:11,I,1998-05-01,03,폐업,2009-07-16 14:50:27,,1998-05-01,131-823,서울특별시 중랑구 면목2동 183번지 39호,PHMD119983060034084000014,3060000,0,,,03,폐업,,,02-432-4871
기독약국,1999-04-20,207600.028276016,453544.668417196,2026-04-28 22:31:11,I,1998-05-15,03,폐업,2009-07-16 14:53:22,,1998-05-15,131-831,서울특별시 중랑구 면목3.8동 566번지 4호,PHMD119983060034084000015,3060000,0,,,03,폐업,,,02-436-7019
은혜당약국,2007-07-02,206767.360295846,454370.772675039,2026-04-28 22:31:11,I,1998-05-27,03,폐업,2009-07-16 14:55:02,,1998-05-27,131-823,서울특별시 중랑구 면목2동 184번지 54호,PHMD119983060034084000016,3060000,0,,,03,폐업,,,02-437-3337
면목시장약국,1998-06-22,206962.753099032,454339.675120425,2026-04-28 22:31:11,I,1998-06-01,03,폐업,2009-07-16 14:56:30,,1998-06-01,131-823,서울특별시 중랑구 면목2동 183번지 39호,PHMD119983060034084000017,3060000,0,,,03,폐업,,,02-432-4871
혜원약국,2000-10-16,207920.184618811,454567.814455336,2026-04-28 22:31:11,I,1998-06-11,03,폐업,2009-07-16 14:58:03,,1998-06-11,131-817,서울특별시 중랑구 면목본동 90번지 20호,PHMD119983060034084000018,3060000,0,,,03,폐업,,,02-432-5359
면목시장약국,1998-09-22,206962.753099032,454339.675120425,2026-04-28 22:31:11,I,1998-06-23,03,폐업,2009-07-17 09:28:22,,1998-06-23,131-823,서울특별시 중랑구 면목2동 183번지 39호,PHMD119983060034084000020,3060000,0,,,03,폐업,,,02-432-4871
위장약국,1999-10-29,208866.599899658,455147.312397195,2026-04-28 22:31:11,I,1998-07-04,03,폐업,2009-07-17 09:30:45,,1998-07-04,131-802,서울특별시 중랑구 망우본동 365번지 28호,PHMD119983060034084000021,3060000,0,,,03,폐업,,,02-496-5371
새태평양약국,2000-03-30,208551.690202466,455188.037259512,2026-04-28 22:31:11,I,1998-07-16,03,폐업,2009-07-17 09:33:00,,1998-07-16,131-810,서울특별시 중랑구 망우본동 470번지 10호,PHMD119983060034084000022,3060000,0,,,03,폐업,,,02-491-2610
연지당약국,1999-01-08,208405.594989721,453228.74987746,2026-04-28 22:31:11,I,1998-07-18,03,폐업,2009-07-17 09:34:55,,1998-07-18,131-832,서울특별시 중랑구 면목3.8동 1077번지 1호 용마한신아파트 상가 105호,PHMD119983060034084000023,3060000,0,,,03,폐업,,,02-436-1894
열린약국,2001-01-27,208167.41370761,456865.81881552,2026-04-28 22:31:11,I,1998-07-21,03,폐업,2009-07-17 09:38:52,,1998-07-21,131-872,서울특별시 중랑구 신내2동 654번지 진로아파트상가 1층 104호,PHMD119983060034084000024,3060000,0,,,03,폐업,,,02-3421-1445
동원시장약국,2006-06-30,207731.41306162,454120.41325706,2026-04-28 22:31:11,I,1998-08-31,03,폐업,2009-07-17 09:45:58,,1998-08-31,131-201,서울특별시 중랑구 면목본동 101번지 12호,PHMD119983060034084000025,3060000,0,,,03,폐업,,,02-209-5955
화성약국,2002-11-14,206888.682623817,455254.740987472,2026-04-28 22:31:11,I,1998-09-08,03,폐업,2009-07-17 09:53:10,,1998-09-08,131-881,서울특별시 중랑구 중화2동 304번지 34호,PHMD119983060034084000026,3060000,0,,,03,폐업,,,02-436-2511
동은약국,2000-08-16,,,2026-04-28 22:31:11,I,1998-09-11,03,폐업,2009-07-17 09:55:18,,1998-09-11,131-834,서울특별시 중랑구 면목7동 527번지 8호,PHMD119983060034084000027,3060000,0,,,03,폐업,,,02-437-8600
한시약국,1999-04-16,208057.437370858,454845.243765481,2026-04-28 22:31:11,I,1998-09-14,03,폐업,2009-07-17 09:56:38,,1998-09-14,131-858,서울특별시 중랑구 상봉2동 83번지 1호,PHMD119983060034084000028,3060000,0,,,03,폐업,,,02-435-1122
중랑구민약국,1999-09-29,206936.570187916,455280.600452321,2026-04-28 22:31:11,I,1998-09-24,03,폐업,2009-07-17 09:58:21,,1998-09-24,131-881,서울특별시 중랑구 중화2동 303번지 14호,PHMD119983060034084000029,3060000,0,,,03,폐업,,,02-432-3284
동일로약국,2000-05-24,206962.753099032,454339.675120425,2026-04-28 22:31:11,I,1998-09-25,03,폐업,2009-07-17 09:59:53,,1998-09-25,131-823,서울특별시 중랑구 면목2동 183번지 39호,PHMD119983060034084000030,3060000,0,,,03,폐업,,,02-432-4871
우리들약국,2001-01-02,206707.400663257,453893.266555259,2026-04-28 22:31:11,I,1998-11-27,03,폐업,2009-07-17 10:01:43,,1998-11-27,131-820,서울특별시 중랑구 면목2동 177번지 38호,PHMD119983060034084000031,3060000,0,,,03,폐업,,,02-432-7399
통일로약국,2010-11-10,208499.445380242,454225.613668659,2026-04-28 22:31:11,I,1999-02-27,03,폐업,2011-06-30 10:56:48,,1999-02-27,131-811,서울특별시 중랑구 면목3.8동 22번지 1호,PHMD119993060034084000001,3060000,85,,,03,폐업,,,02-439-3711
열린프라자약국,2009-09-25,207557.339064774,452919.770174065,2026-04-28 22:31:11,I,1999-03-08,03,폐업,2010-01-08 09:47:48,,1999-03-08,131-828,서울특별시 중랑구 면목7동 627번지 1호,PHMD119993060034084000002,3060000,156,,,03,폐업,,,02-437-6051
동서약국,2011-07-26,207435.53943272,455156.711167578,2026-04-28 22:31:11,I,1999-04-13,03,폐업,2011-07-26 12:39:24,,1999-04-13,131-862,서울특별시 중랑구 상봉1동 309번지 1호,PHMD119993060034084000003,3060000,17,,,03,폐업,,,02-434-9140
묵동프라자약국,2015-03-02,206926.653076108,457107.578643355,2026-04-28 22:31:11,I,1999-07-26,03,폐업,2015-03-12 17:04:05,,1999-07-26,131-848,서울특별시 중랑구 묵1동 162번지 2호,PHMD119993060034084000005,3060000,119,서울특별시 중랑구 공릉로 63 (묵동),,03,폐업,,,02-978-4222
열린프라자약국,1999-03-05,207557.339064774,452919.770174065,2026-04-28 22:31:11,I,1999-01-12,03,폐업,2009-07-17 10:03:43,,1999-01-12,131-828,서울특별시 중랑구 면목7동 627번지 1호,PHMD119993060034084000007,3060000,0,,,03,폐업,,,02-437-6051
금란프라자약국,2000-03-06,209039.984324905,455312.042928242,2026-04-28 22:31:11,I,1999-02-02,03,폐업,2009-07-17 10:05:09,,1999-02-02,131-802,서울특별시 중랑구 망우본동 202번지 9호,PHMD119993060034084000008,3060000,0,,,03,폐업,,,02-494-4023
하나로약국,2001-01-29,206474.047423329,454540.70965568,2026-04-28 22:31:11,I,1999-03-02,03,폐업,2009-07-17 10:06:38,,1999-03-02,131-861,서울특별시 중랑구 상봉2동 136번지 1호,PHMD119993060034084000009,3060000,0,,,03,폐업,,,02-436-0323
기독약국,2001-04-25,207600.028276016,453544.668417196,2026-04-28 22:31:11,I,1999-04-22,03,폐업,2009-07-17 10:18:09,,1999-04-22,131-831,서울특별시 중랑구 면목3.8동 566번지 4호,PHMD119993060034084000010,3060000,0,,,03,폐업,,,02-436-7019
창우약국,2004-09-03,207310.580151487,452957.56959596,2026-04-28 22:31:11,I,1999-04-23,03,폐업,2009-07-17 10:19:30,,1999-04-23,131-827,서울특별시 중랑구 면목7동 673번지 88호,PHMD119993060034084000011,3060000,0,,,03,폐업,,,02-2209-4747
명문약국,1999-09-13,207340.268039199,452623.42582132,2026-04-28 22:31:11,I,1999-05-19,03,폐업,2009-07-17 10:20:57,,1999-05-19,131-826,서울특별시 중랑구 면목4동 349번지 3호,PHMD119993060034084000012,3060000,0,,,03,폐업,,,02-496-2929
초목생약국,1999-10-14,207461.714560571,452544.850851529,2026-04-28 22:31:11,I,1999-06-17,03,폐업,2009-07-17 10:22:14,,1999-06-17,131-830,서울특별시 중랑구 면목4동 372번지 20호,PHMD119993060034084000013,3060000,0,,,03,폐업,,,02-2209-8966
21세기백화점약국,2003-07-01,,,2026-04-28 22:31:11,I,1999-06-28,03,폐업,2009-07-17 10:23:49,,1999-06-28,131-822,서울특별시 중랑구 면목5동 167번지 47호,PHMD119993060034084000014,3060000,0,,,03,폐업,,,02-433-6339
새서울약국,2001-03-30,206298.185444435,454763.597572466,2026-04-28 22:31:11,I,1999-06-30,03,폐업,2009-07-17 10:25:48,,1999-06-30,131-878,서울특별시 중랑구 중화2동 324번지 10호,PHMD119993060034084000015,3060000,0,,,03,폐업,,,02-435-0889
21세기건강약국,2001-01-18,207518.836843774,455604.158486813,2026-04-28 22:31:11,I,1999-07-21,03,폐업,2009-07-17 10:27:23,,1999-07-21,131-862,서울특별시 중랑구 상봉1동 222번지 82호,PHMD119993060034084000016,3060000,0,,,03,폐업,,,02-434-6002
신동신약국,2008-07-02,206752.729398218,455654.900340463,2026-04-28 22:31:11,I,1999-07-23,03,폐업,2009-07-17 10:29:26,,1999-07-23,131-881,서울특별시 중랑구 중화2동 310번지 1호,PHMD119993060034084000017,3060000,0,,,03,폐업,,,02-437-0466
면목보룡약국,2000-07-03,206962.753099032,454339.675120425,2026-04-28 22:31:11,I,1999-07-29,03,폐업,2009-07-17 10:30:55,,1999-07-29,131-823,서울특별시 중랑구 면목2동 183번지 39호,PHMD119993060034084000018,3060000,0,,,03,폐업,,,02-2208-6964
상봉보룡약국,2000-05-01,207545.613894758,454891.801406002,2026-04-28 22:31:11,I,1999-07-28,03,폐업,2009-07-17 10:32:17,,1999-07-28,131-859,서울특별시 중랑구 상봉2동 101번지 10호,PHMD119993060034084000019,3060000,0,,,03,폐업,,,02-439-5981
믿음약국,2002-01-02,207881.613574908,454717.35755349,2026-04-28 22:31:11,I,1999-08-30,03,폐업,2010-01-08 10:01:59,,1999-08-30,131-859,서울특별시 중랑구 상봉2동 88번지 111호,PHMD119993060034084000020,3060000,0,,,03,폐업,,,02-492-4818
이화약국,2000-07-21,207978.489613092,455897.218274738,2026-04-28 22:31:11,I,1999-09-06,03,폐업,2009-07-17 10:35:08,,1999-09-06,131-863,서울특별시 중랑구 상봉1동 481번지 신내12단지 상가 108호,PHMD119993060034084000021,3060000,0,,,03,폐업,,,02-3421-0885
혜원약국,2000-06-27,207920.184618811,454567.814455336,2026-04-28 22:31:11,I,1999-09-15,03,폐업,2009-07-17 10:36:29,,1999-09-15,131-817,서울특별시 중랑구 면목본동 90번지 20호,PHMD119993060034084000022,3060000,0,,,03,폐업,,,02-432-5359
종로세명약국,2000-07-07,,,2026-04-28 22:31:11,I,1999-09-16,03,폐업,2009-07-17 10:37:46,,1999-09-16,131-822,서울특별시 중랑구 면목5동 167번지 43호,PHMD119993060034084000023,3060000,0,,,03,폐업,,,02-2208-6290
백세당약국,2002-02-25,,,2026-04-28 22:31:11,I,1999-09-21,03,폐업,2009-07-17 10:39:03,,1999-09-21,131-822,서울특별시 중랑구 면목5동 167번지 10호,PHMD119993060034084000024,3060000,0,,,03,폐업,,,02-494-5275
백세약국,2001-06-13,208500.41409861,456116.213868842,2026-04-28 22:31:11,I,1999-09-21,03,폐업,2009-07-17 10:40:50,,1999-09-21,131-132,서울특별시 중랑구 신내2동 613번지 8호,PHMD119993060034084000025,3060000,0,,,03,폐업,,,02-433-4666
수정당약국,2000-08-21,207016.987646984,455942.865023529,2026-04-28 22:31:11,I,1999-10-06,03,폐업,2009-07-17 10:42:04,,1999-10-06,131-850,서울특별시 중랑구 묵1동 187번지 19호,PHMD119993060034084000026,3060000,0,,,03,폐업,,,02-971-1241
초목생약국,2000-09-27,207461.714560571,452544.850851529,2026-04-28 22:31:11,I,1999-10-16,03,폐업,2009-07-17 10:43:45,,1999-10-16,131-830,서울특별시 중랑구 면목4동 372번지 20호,PHMD119993060034084000027,3060000,0,,,03,폐업,,,02-2209-8966
중랑구민약국,2006-10-16,206936.570187916,455280.600452321,2026-04-28 22:31:11,I,1999-11-03,03,폐업,2009-07-17 10:46:11,,1999-11-03,131-881,서울특별시 중랑구 중화2동 303번지 14호,PHMD119993060034084000028,3060000,0,,,03,폐업,,,02-432-3284
신아약국,2000-04-15,,,2026-04-28 22:31:11,I,1999-11-26,03,폐업,2009-07-17 10:47:32,,1999-11-26,131-865,서울특별시 중랑구 신내1동 666번지 104호,PHMD119993060034084000029,3060000,0,,,03,폐업,,,02-3423-0828
종로세명약국,2015-12-21,,,2026-04-28 22:31:11,I,2000-07-07,03,폐업,2015-12-21 10:12:54,,2000-07-07,131-822,서울특별시 중랑구 면목5동 167번지 43호,PHMD120003060034084000001,3060000,58,서울특별시 중랑구 사가정로 329-1 (면목동),02225,03,폐업,,,02-2208-6290
한독약국,2006-09-07,208617.766541632,455000.252397493,2026-04-28 22:31:13,I,2000-01-06,03,폐업,2009-07-17 10:49:10,,2000-01-06,131-810,서울특별시 중랑구 망우본동 467번지 13호,PHMD120003060034084000008,3060000,0,,,03,폐업,,,02-434-5044
신강약국,,207378.904125417,452296.055921315,2026-04-28 22:31:05,I,1972-01-20,13,영업중,2013-02-06 09:53:51,,1972-01-20,131-829,서울특별시 중랑구 면목4동 392번지 6호,PHMD119723060034084000001,3060000,0,서울특별시 중랑구 면목로 224 (면목동),02255,01,영업/정상,,,02-433-9804
삼우약국,,207492.178639119,452612.838793228,2026-04-28 22:31:16,I,1972-08-19,13,영업중,2021-10-14 11:12:10,,1972-08-19,,"서울특별시 중랑구 면목동 372번지 1호 전내과,소아과",PHMD119723060034084000002,3060000,27,"서울특별시 중랑구 면목로 257, 전내과,소아과 (면목동)",02244,01,영업/정상,,,02-434-3284
홍성백약국,,206742.662980023,456053.909670226,2026-04-28 22:31:05,I,1975-08-22,13,영업중,2012-11-28 11:30:13,,1975-08-22,131-853,서울특별시 중랑구 묵2동 245번지 64호,PHMD119753060034084000005,3060000,0,서울특별시 중랑구 중랑역로 150 (묵동),02010,01,영업/정상,,,02-973-5485
새우정약국,,206655.739200728,456822.62168629,2026-04-28 22:31:05,I,1976-12-01,13,영업중,2018-11-26 09:28:42,,1976-12-01,,서울특별시 중랑구 묵동 238번지 55호,PHMD119763060034084000008,3060000,26,"서울특별시 중랑구 동일로169길 9, 1층 (묵동)",02005,01,영업/정상,,,02-973-5060
온누리신용약국,,206326.572772794,454797.830795791,2026-04-28 22:31:05,I,1977-02-01,13,영업중,2013-02-06 09:40:13,,1977-02-01,131-878,서울특별시 중랑구 중화2동 323번지 89호,PHMD119773060034084000001,3060000,0,서울특별시 중랑구 중랑천로 114-1 (중화동),02112,01,영업/정상,,,02-434-6821
가나안약국,,206776.609939508,454271.291741486,2026-04-28 22:31:05,I,1977-04-12,13,영업중,2013-02-05 17:55:51,,1977-04-12,131-823,서울특별시 중랑구 면목2동 182번지 4호,PHMD119773060034084000003,3060000,0,서울특별시 중랑구 봉우재로 39 (면목동),02128,01,영업/정상,,,02-434-9259
성재약국,,207471.982147194,453414.947086325,2026-04-28 22:31:06,I,1977-06-11,13,영업중,2013-02-05 17:51:30,,1977-06-11,131-831,서울특별시 중랑구 면목3.8동 575번지 38호,PHMD119773060034084000005,3060000,0,서울특별시 중랑구 사가정로45길 41 (면목동),02222,01,영업/정상,,,02-434-6715
미래약국,,207029.006117542,453850.192958535,2026-04-28 22:31:06,I,1979-03-29,13,영업중,2012-04-19 16:16:48,,1979-03-29,131-820,서울특별시 중랑구 면목2동 147번지 7호,PHMD119793060034084000002,3060000,0,서울특별시 중랑구 겸재로 113 (면목동),02147,01,영업/정상,,,02-496-3737
동삼약국,,207760.694097532,453385.203811587,2026-04-28 22:31:16,I,1982-07-27,13,영업중,2022-12-22 11:08:51,,1982-07-27,131-813,서울특별시 중랑구 면목3.8동 458번지 79호,PHMD119823060034084000003,3060000,22,서울특별시 중랑구 면목로 344-1 (면목동),02210,01,영업/정상,,,02-433-3760
성지약국,,207190.736436927,457248.411557164,2026-04-28 22:31:06,I,1982-08-31,13,영업중,2012-04-16 10:24:33,,1982-08-31,131-847,서울특별시 중랑구 묵1동 153번지 35호,PHMD119823060034084000004,3060000,0,서울특별시 중랑구 공릉로12가길 52 (묵동),02030,01,영업/정상,,,02-972-9890
동성약국,,206763.257623877,453726.811676577,2026-04-28 22:31:06,I,1983-02-11,13,영업중,2013-02-06 09:52:35,,1983-02-11,131-202,서울특별시 중랑구 면목2동 174번지 93호,PHMD119833060034084000001,3060000,0,서울특별시 중랑구 겸재로 84 (면목동),02230,01,영업/정상,,,02-432-1653
오거리약국,,207355.352884748,452692.769331571,2026-04-28 22:31:06,I,1986-02-04,13,영업중,2013-04-17 10:17:20,,1986-02-04,131-826,서울특별시 중랑구 면목4동 369번지 22호,PHMD119863060034084000001,3060000,15,서울특별시 중랑구 면목로33길 33 (면목동),02244,01,영업/정상,,,02-494-4428
한신약국,,206595.707775401,453913.427011089,2026-04-28 22:31:06,I,1988-01-25,02,휴업,2026-03-25 15:49:20,,1988-01-25,131-751,서울특별시 중랑구 면목동 193번지 1호,PHMD119883060034084000001,3060000,30,서울특별시 중랑구 동일로101길 63 (면목동),02133,02,휴업,2026-03-25,2026-09-25,02-491-5651
동아약국,,207257.190383127,455322.89856997,2026-04-28 22:31:06,I,1988-07-04,13,영업중,2013-02-06 09:59:49,,1988-07-04,131-876,서울특별시 중랑구 중화1동 148번지 126호,PHMD119883060034084000003,3060000,31,서울특별시 중랑구 동일로130길 52 (중화동),02093,01,영업/정상,,,02-434-6683
새우림약국,,208547.641053474,455159.91749846,2026-04-28 22:31:06,I,1989-05-03,13,영업중,2013-02-06 10:00:22,,1989-05-03,131-810,서울특별시 중랑구 망우본동 470번지 27호,PHMD119893060034084000001,3060000,25,서울특별시 중랑구 망우로62길 7 (망우동),02164,01,영업/정상,,,02-434-5614
영일온누리약국,,207537.834714969,454504.309163158,2026-04-28 22:31:06,I,1989-05-09,13,영업중,2012-11-14 09:18:43,,1989-05-09,131-860,서울특별시 중랑구 상봉2동 109번지 3호,PHMD119893060034084000002,3060000,90,서울특별시 중랑구 면목로 457 (상봉동),02138,01,영업/정상,,,02-491-9089
칠칠약국,,207022.758885343,455219.086474276,2026-04-28 22:31:07,I,1991-01-10,13,영업중,2025-07-11 14:57:47,,1991-01-10,,서울특별시 중랑구 중화동 294-2 태능제일의원,PHMD119913060034084000001,3060000,27,"서울특별시 중랑구 동일로 770, 1층 102호 (중화동)",02094,01,영업/정상,,,02-435-9460
온누리사랑약국,,208548.783376561,454223.06733425,2026-04-28 22:31:16,I,1991-06-27,13,영업중,2025-10-24 07:58:35,,1991-06-27,131-811,서울특별시 중랑구 면목3.8동 17번지 18호,PHMD119913060034084000003,3060000,47,서울특별시 중랑구 용마산로 438 (면목동),02189,01,영업/정상,,,02-494-2790
새시장약국,,208730.442724242,454872.900111092,2026-04-28 22:31:07,I,1991-09-07,13,영업중,2013-02-06 10:10:31,,1991-09-07,131-809,서울특별시 중랑구 망우본동 465번지 15호,PHMD119913060034084000005,3060000,35,서울특별시 중랑구 망우로62길 81 (망우동),02165,01,영업/정상,,,02-436-7554
대영진약국,,208854.29849091,454663.001386069,2026-04-28 22:31:09,I,1996-04-17,13,영업중,2013-02-06 10:08:46,,1996-04-17,131-801,서울특별시 중랑구 망우3동 408번지 1호 2호,PHMD119963060034084000001,3060000,33,서울특별시 중랑구 용마공원로 16 (망우동),02182,01,영업/정상,,,02-434-5172
고려약국,,208177.795391594,454220.604326257,2026-04-28 22:31:10,I,1997-03-04,13,영업중,2013-02-06 10:04:05,,1997-03-04,131-816,서울특별시 중랑구 면목본동 74번지 1호,PHMD119973060034084000001,3060000,29,서울특별시 중랑구 상봉로 49 (면목동),02162,01,영업/정상,,,02-433-6447
면목백화점약국,,208203.464125468,453200.90180214,2026-04-28 22:31:10,I,1997-04-04,13,영업중,2020-05-06 16:59:02,,1997-04-04,131-832,서울특별시 중랑구 면목3.8동 507번지 26호,PHMD119973060034084000002,3060000,134,서울특별시 중랑구 용마산로 328 (면목동),02196,01,영업/정상,,,02-2207-4636
정성약국,,207163.791145804,454984.412728653,2026-04-28 22:31:10,I,1997-05-09,13,영업중,2015-07-09 09:46:25,,1997-05-09,131-772,서울특별시 중랑구 중화동 450번지,PHMD119973060034084000003,3060000,24,"서울특별시 중랑구 동일로 752, 219호 (중화동, 한신프라자상가)",02095,01,영업/정상,,,02-2208-6521
뉴월드약국,,207922.002484799,454178.824228606,2026-04-28 22:31:10,I,1998-07-02,13,영업중,2013-02-06 09:44:04,,1998-07-02,131-816,서울특별시 중랑구 면목본동 100번지 31호,PHMD119983060034084000002,3060000,69,서울특별시 중랑구 겸재로49길 18 (면목동),02162,01,영업/정상,,,02-495-4091
면목그랜드약국,,207818.0105883,453117.166444048,2026-04-28 22:31:11,I,1999-07-21,13,영업중,2018-11-01 07:57:56,,1999-07-21,,서울특별시 중랑구 면목동 612번지 61호,PHMD119993060034084000004,3060000,49,"서울특별시 중랑구 사가정로 404-6, 1층,지층 (면목동)",02250,01,영업/정상,,,02-435-8447
정다운온누리약국,,207805.2064405,453117.890468747,2026-04-28 22:31:11,I,1999-08-19,13,영업중,2021-04-23 16:44:59,,1999-08-19,,서울특별시 중랑구 면목동 612-63,PHMD119993060034084000006,3060000,24,서울특별시 중랑구 용마산로51길 52 (면목동),02250,01,영업/정상,,,02-437-3253
준약국,,207700.345591851,453988.511689469,2026-04-28 22:31:16,I,2000-08-28,13,영업중,2025-06-04 15:48:10,,2000-08-28,131-815,서울특별시 중랑구 면목동 1216번지,PHMD120003060034084000002,3060000,88,"서울특별시 중랑구 겸재로 180, 지층 (면목동, 안민빌딩)",02197,01,영업/정상,,,02-494-5772
대신약국,,206971.003480058,455523.908862658,2026-04-28 22:31:13,I,2000-09-23,13,영업중,2013-02-06 09:39:34,,2000-09-23,131-876,서울특별시 중랑구 중화1동 286번지 25호 1층,PHMD120003060034084000003,3060000,22,"서울특별시 중랑구 동일로 802, 1층 (중화동)",02051,01,영업/정상,,,02-496-7735
푸른약국,,206795.00953824,454234.233946917,2026-04-28 22:31:13,I,2000-10-02,13,영업중,2019-11-29 17:00:26,,2000-10-02,131-823,서울특별시 중랑구 면목2동 181번지 1호,PHMD120003060034084000004,3060000,17,서울특별시 중랑구 봉우재로 40 (면목동),02131,01,영업/정상,,,02-437-8949
면목다원약국,,207617.179168072,454085.603460975,2026-04-28 22:31:16,I,2000-11-24,13,영업중,2024-11-13 16:46:45,,2000-11-24,131-816,서울특별시 중랑구 면목본동 126번지 39호 1층,PHMD120003060034084000006,3060000,49,서울특별시 중랑구 면목로 415 (면목동),02146,01,영업/정상,,,02-432-1550
온누리건강약국,,208457.071353064,456153.414908527,2026-04-28 22:31:16,I,2000-12-22,13,영업중,2024-09-30 10:58:19,,2000-12-22,131-867,서울특별시 중랑구 신내1동 613번지 10호 1층,PHMD120003060034084000007,3060000,78,"서울특별시 중랑구 봉화산로 215, 1층 (신내동)",02054,01,영업/정상,,,02-3422-3097
선화약국,,208850.12166343,455330.530527462,2026-04-28 22:31:13,I,2001-01-12,13,영업중,2013-02-06 09:37:13,,2001-01-12,131-804,서울특별시 중랑구 망우본동 358번지 4호,PHMD120013060034084000001,3060000,49,서울특별시 중랑구 망우로 441 (망우동),02059,01,영업/정상,,,02-434-8784
하나로약국,,206474.047423329,454540.70965568,2026-04-28 22:31:13,I,2001-01-30,13,영업중,2013-02-06 09:36:33,,2001-01-30,131-861,서울특별시 중랑구 상봉2동 136번지 1호 80,PHMD120013060034084000003,3060000,43,서울특별시 중랑구 망우로 192 (상봉동),02119,01,영업/정상,,,02-439-0323
미소은혜약국,,208478.949850502,456167.614560351,2026-04-28 22:31:16,I,2001-07-05,13,영업중,2024-05-27 14:54:23,,2001-07-05,131-867,서울특별시 중랑구 신내동 613번지 71호,PHMD120013060034084000006,3060000,47,"서울특별시 중랑구 봉화산로 217 (신내동, 오상빌딩내)",02054,01,영업/정상,,,02-3422-2755
인제약국,,206689.364439191,454613.651437081,2026-04-28 22:31:13,I,2002-01-28,13,영업중,2015-07-09 10:37:36,,2002-01-28,131-861,서울특별시 중랑구 상봉동 129번지 3호 1층,PHMD120023060034084000001,3060000,27,"서울특별시 중랑구 망우로 214, 1층 (상봉동)",02121,01,영업/정상,,,02-434-6870
초록약국,,208508.02689248,454127.818163908,2026-04-28 22:31:13,I,2002-03-15,13,영업중,2019-01-18 10:26:46,,2002-03-15,,서울특별시 중랑구 면목동 17번지 34호 광진빌딩,PHMD120023060034084000004,3060000,25,"서울특별시 중랑구 용마산로 426, 광진빌딩 (면목동)",02189,01,영업/정상,,,02-2208-4451
솔빛약국,,207605.319631481,454476.402983363,2026-04-28 22:31:13,I,2002-11-01,13,영업중,2019-01-18 11:00:08,,2002-11-01,,서울특별시 중랑구 면목동 91번지 69호 한성빌딩,PHMD120023060034084000009,3060000,33,"서울특별시 중랑구 면목로 456, 한성빌딩 3층 (면목동)",02155,01,영업/정상,,,02-496-9053
우성약국,,206975.957599988,454263.160608848,2026-04-28 22:31:13,I,2003-03-04,13,영업중,2015-07-22 13:16:53,,2003-03-04,131-820,서울특별시 중랑구 면목동 180번지 2호,PHMD120033060034084000001,3060000,61,서울특별시 중랑구 동일로 675 (면목동),02130,01,영업/정상,,,02-438-8455
은혜약국,,208707.456894453,454828.733326985,2026-04-28 22:31:13,I,2003-03-24,13,영업중,2011-12-30 16:24:08,,2003-03-24,131-809,서울특별시 중랑구 망우본동 461번지 1호,PHMD120033060034084000002,3060000,34,서울특별시 중랑구 봉우재로 239 (망우동),02172,01,영업/정상,,,02-432-0386
봉화신세계약국,,208112.860200669,457113.638411288,2026-04-28 22:31:13,I,2003-04-01,13,영업중,2015-07-09 11:01:15,,2003-04-01,131-872,서울특별시 중랑구 신내동 646번지,PHMD120033060034084000003,3060000,68,"서울특별시 중랑구 신내로 211, 130,131호 (신내동, 금강리빙스텔)",02024,01,영업/정상,,,02-3423-3323
우리들약국,,208404.423350059,455714.433865655,2026-04-28 22:31:16,I,2003-09-16,13,영업중,2022-12-27 16:33:42,,2003-09-16,,서울특별시 중랑구 신내동 544번지 선일빌딩,PHMD120033060034084000007,3060000,40,"서울특별시 중랑구 신내로 50-3, 선일빌딩 (신내동)",02069,01,영업/정상,,,02-437-9090
로데오약국,,207765.784113481,453227.280048276,2026-04-28 22:31:14,I,2004-02-03,13,영업중,2019-01-18 14:43:08,,2004-02-03,,서울특별시 중랑구 면목동 473번지 1호,PHMD120043060034084000002,3060000,34,서울특별시 중랑구 면목로 330 (면목동),02214,01,영업/정상,,,02-495-1977
우정약국,,208737.975191528,455244.649570492,2026-04-28 22:31:14,I,2004-08-19,13,영업중,2019-01-18 14:39:56,,2004-08-19,,서울특별시 중랑구 망우동 486번지 3호 우정약국,PHMD120043060034084000006,3060000,32,"서울특별시 중랑구 망우로 428, 우정약국 1층 (망우동)",02164,01,영업/정상,,,02-432-4927
송정약국,,207466.476938178,454863.011739777,2026-04-28 22:31:14,I,2004-10-20,13,영업중,2014-12-31 13:29:09,,2004-10-20,131-860,서울특별시 중랑구 상봉동 115번지 1호 1층,PHMD120043060034084000007,3060000,28,"서울특별시 중랑구 면목로 495, 1층 (상봉동)",02137,01,영업/정상,,,02-433-1558
대일약국,,207667.387665693,455147.83458764,2026-04-28 22:31:14,I,2005-02-14,13,영업중,2019-01-18 14:37:00,,2005-02-14,,서울특별시 중랑구 상봉동 190번지 68호,PHMD120053060034084000001,3060000,26,"서울특별시 중랑구 상봉중앙로1길 32, 1층 (상봉동)",02091,01,영업/정상,,,02-433-1712
보람온누리약국,,207718.222107219,457174.958326298,2026-04-28 22:31:14,I,2005-05-10,13,영업중,2015-07-09 11:12:09,,2005-05-10,131-846,서울특별시 중랑구 묵동 20번지,PHMD120053060034084000005,3060000,24,"서울특별시 중랑구 신내로21길 16, 204호 (묵동, 신내두산아파트 상가동)",02023,01,영업/정상,,,02-3421-0021
유앤아이온누리약국,,206882.954067277,456658.592752196,2026-04-28 22:31:14,I,2005-05-31,13,영업중,2019-01-18 14:48:02,,2005-05-31,,서울특별시 중랑구 묵동 173번지 7호 도림빌딩,PHMD120053060034084000006,3060000,59,"서울특별시 중랑구 공릉로2길 13, 도림빌딩 (묵동)",02034,01,영업/정상,,,02-973-3188
건강제일온누리약국,,206993.882836422,455380.498170548,2026-04-28 22:31:14,I,2005-06-13,13,영업중,2015-07-09 11:14:11,,2005-06-13,131-877,서울특별시 중랑구 중화동 288번지 1호,PHMD120053060034084000007,3060000,82,"서울특별시 중랑구 동일로 786, 1층 (중화동)",02088,01,영업/정상,,,02-491-1114
타워약국,,208295.099818379,456014.999180519,2026-04-28 22:31:14,I,2005-06-28,13,영업중,2015-07-09 11:19:19,,2005-06-28,131-865,서울특별시 중랑구 신내동 666번지,PHMD120053060034084000008,3060000,72,"서울특별시 중랑구 봉화산로 194, 710호 (신내동, 신아타운)",02076,01,영업/정상,,,02-3423-2077
이즈약국,,208547.560589346,455271.790327778,2026-04-28 22:31:14,I,2005-07-26,13,영업중,2012-03-30 15:42:23,,2005-07-26,131-810,서울특별시 중랑구 망우본동 488번지 8호 외 1필지,PHMD120053060034084000010,3060000,36,서울특별시 중랑구 망우로 411 (망우동),02073,01,영업/정상,,,02-496-6526
태평양약국,,208600.161918627,455262.816056235,2026-04-28 22:31:14,I,2005-09-30,13,영업중,2019-01-18 14:26:25,,2005-09-30,,서울특별시 중랑구 망우동 488번지 3호 삼영빌딩,PHMD120053060034084000012,3060000,113,"서울특별시 중랑구 망우로 413, 삼영빌딩 (망우동)",02073,01,영업/정상,,,02-438-6250
면목종로약국,,207112.400031278,453882.149123857,2026-04-28 22:31:16,I,2005-10-18,13,영업중,2022-01-27 14:33:04,,2005-10-18,131-820,서울특별시 중랑구 면목2동 147번지 45호,PHMD120053060034084000013,3060000,41,서울특별시 중랑구 겸재로 121 (면목동),02147,01,영업/정상,,,02-439-3161
푸른솔약국,,207035.586745807,454326.000336906,2026-04-28 22:31:14,I,2006-03-08,13,영업중,2015-07-09 11:21:26,,2006-03-08,131-820,서울특별시 중랑구 면목동 144번지 25호,PHMD120063060034084000001,3060000,25,"서울특별시 중랑구 봉우재로 66, 103,104호 (면목동)",02140,01,영업/정상,,,02-2207-6464
건명약국,,207618.831824183,454152.201705757,2026-04-28 22:31:14,I,2006-04-19,13,영업중,2012-03-30 15:37:14,,2006-04-19,131-816,서울특별시 중랑구 면목본동 126번지 6호,PHMD120063060034084000002,3060000,36,서울특별시 중랑구 면목로 421 (면목동),02146,01,영업/정상,,,02-435-3900
우리종로약국,,208753.865760281,454841.528027962,2026-04-28 22:31:14,I,2006-08-29,13,영업중,2019-01-18 14:22:57,,2006-08-29,,서울특별시 중랑구 망우동 465번지 14호 우리약국,PHMD120063060034084000005,3060000,99,"서울특별시 중랑구 용마산로 501, 우리약국 1층 (망우동)",02165,01,영업/정상,,,02-433-1100
하늘약국,,206544.310283401,454555.027249222,2026-04-28 22:31:14,I,2006-10-02,13,영업중,2019-01-18 14:21:15,,2006-10-02,,서울특별시 중랑구 상봉동 130번지 99호,PHMD120063060034084000007,3060000,66,서울특별시 중랑구 망우로 198 (상봉동),02120,01,영업/정상,,,02-435-8813
밝은온누리약국,,207012.649715868,453863.55425566,2026-04-28 22:31:14,I,2007-01-02,13,영업중,2019-01-18 14:10:52,,2007-01-02,,서울특별시 중랑구 면목동 146번지 73호 덕천빌딩,PHMD120073060034084000001,3060000,116,"서울특별시 중랑구 동일로 634, 덕천빌딩 (면목동)",02140,01,영업/정상,,,02-496-9871
희망약국,,208490.019432559,455252.715739808,2026-04-28 22:31:14,I,2007-01-04,13,영업중,2015-07-09 11:37:44,,2007-01-04,131-810,서울특별시 중랑구 망우동 489번지 1호 3층,PHMD120073060034084000002,3060000,51,"서울특별시 중랑구 망우로 403, 3층 (망우동)",02086,01,영업/정상,,,02-433-0429
행복한약국,,209177.682798072,455333.044481669,2026-04-28 22:31:14,I,2007-04-04,13,영업중,2012-03-30 15:30:09,,2007-04-04,131-802,서울특별시 중랑구 망우본동 207번지 1호,PHMD120073060034084000006,3060000,41,서울특별시 중랑구 망우로 474 (망우동),02177,01,영업/정상,,,02-439-8591
한우리약국,,208574.566606995,455201.404791635,2026-04-28 22:31:14,I,2007-04-12,13,영업중,2015-07-09 13:56:39,,2007-04-12,131-231,서울특별시 중랑구 망우동 470번지 11호 외1필지 기성빌딩4층,PHMD120073060034084000007,3060000,21,"서울특별시 중랑구 망우로 412, 4층 (망우동, 기성빌딩)",02164,01,영업/정상,,,02-495-1357
은혜당약국,,206767.360295846,454370.772675039,2026-04-28 22:31:14,I,2007-07-02,13,영업중,2015-07-09 13:59:22,,2007-07-02,131-823,서울특별시 중랑구 면목동 184번지 54호,PHMD120073060034084000010,3060000,62,서울특별시 중랑구 망우로32길 49 (면목동),02124,01,영업/정상,,,02-437-3337
동부약국,,209474.519086574,455383.920022737,2026-04-28 22:31:14,I,2007-10-01,13,영업중,2019-01-18 14:06:52,,2007-10-01,,서울특별시 중랑구 망우동 135번지 9호 동부약국,PHMD120073060034084000013,3060000,51,"서울특별시 중랑구 망우로 503, 동부약국 1층 (망우동)",02064,01,영업/정상,,,070-7584-8073
클로버팜약국,,207589.328056574,453437.382517446,2026-04-28 22:31:14,I,2008-02-29,13,영업중,2019-01-18 14:04:25,,2008-02-29,,서울특별시 중랑구 면목동 573번지 12호,PHMD120083060034084000002,3060000,45,"서울특별시 중랑구 사가정로49길 49, 1층 (면목동)",02221,01,영업/정상,,,02-434-7184
로얄약국,,206997.270586637,454794.043242834,2026-04-28 22:31:14,I,2008-03-03,13,영업중,2019-01-18 14:02:10,,2008-03-03,,서울특별시 중랑구 중화동 207번지 로얄스포츠센터,PHMD120083060034084000003,3060000,4,"서울특별시 중랑구 망우로 247, 로얄스포츠센터 1층 (중화동)",02117,01,영업/정상,,,02-2207-2080
팜코리아약국,,207763.150721123,453460.919335911,2026-04-28 22:31:14,I,2008-12-04,13,영업중,2011-12-29 16:19:28,,2008-12-04,131-813,서울특별시 중랑구 면목3.8동 458번지 1호 외1필지,PHMD120083060034084000018,3060000,159,서울특별시 중랑구 면목로 352 (면목동),02210,01,영업/정상,,,
바른성심약국,,208756.013506713,454888.274069729,2026-04-28 22:31:14,I,2009-02-11,13,영업중,2019-01-18 13:59:21,,2009-02-11,,서울특별시 중랑구 망우동 465번지 13호,PHMD120093060034084000003,3060000,45,"서울특별시 중랑구 용마산로 503, 1층 (망우동)",02165,01,영업/정상,,,02-2208-2787
365밝은약국,,207629.811932774,453054.444711078,2026-04-28 22:31:14,I,2009-10-19,13,영업중,2019-01-18 13:57:32,,2009-10-19,,서울특별시 중랑구 면목동 634번지 10호 한성빌딩,PHMD120093060034084000021,3060000,70,"서울특별시 중랑구 면목로39길 8, 한성빌딩 (면목동)",02238,01,영업/정상,,,02-435-0365
늘푸른솔약국,,207645.845911573,453975.70277489,2026-04-28 22:31:14,I,2009-11-02,13,영업중,2015-12-24 09:24:40,,2009-11-02,131-818,서울특별시 중랑구 면목동 115번지 1호,PHMD120093060034084000022,3060000,68,서울특별시 중랑구 겸재로 178 (면목동),02219,01,영업/정상,,,02-439-3435
큰사랑약국,,208578.246639821,455280.513133173,2026-04-28 22:31:14,I,2010-02-01,13,영업중,2019-01-18 13:52:52,,2010-02-01,,서울특별시 중랑구 망우동 488번지 9호,PHMD120103060034084000002,3060000,47,"서울특별시 중랑구 용마산로117길 45, 1층 (망우동)",02073,01,영업/정상,,,
새하늘약국,,207703.81079284,454049.274671213,2026-04-28 22:31:14,I,2010-02-25,13,영업중,2019-01-18 13:51:15,,2010-02-25,,서울특별시 중랑구 면목동 102번지 18호,PHMD120103060034084000004,3060000,30,서울특별시 중랑구 겸재로 185 (면목동),02161,01,영업/정상,,,
엔파트약국,,206556.148986381,454633.631796621,2026-04-28 22:31:14,I,2010-07-13,13,영업중,2019-01-18 13:47:24,,2010-07-13,,서울특별시 중랑구 중화동 208번지 33호 중화동주상복합,PHMD120103060034084000014,3060000,107,"서울특별시 중랑구 망우로 203, 2층 203,204호 (중화동, 중화동주상복합)",02116,01,영업/정상,,,
은행약국,,206988.294525892,455453.019646722,2026-04-28 22:31:15,I,2010-09-29,13,영업중,2023-04-17 14:49:38,,2010-09-29,,서울특별시 중랑구 중화동 287-9 신한은행,PHMD120103060034084000018,3060000,27,"서울특별시 중랑구 동일로 796, 신한은행 지층 (중화동)",02088,01,영업/정상,,,02-2208-3008
태릉프라자약국,,206723.262017513,455124.809250397,2026-04-28 22:31:15,I,2011-01-03,13,영업중,2019-01-18 13:33:15,,2011-01-03,,서울특별시 중랑구 중화동 315번지 10호 태능프라자약국,PHMD120113060034084000001,3060000,97,"서울특별시 중랑구 중랑역로 51, 태능프라자약국 1층 (중화동)",02104,01,영업/정상,,,22080922
하나약국,,207613.845872319,454128.450084891,2026-04-28 22:31:15,I,2011-02-17,13,영업중,2019-01-18 13:31:18,,2011-02-17,,서울특별시 중랑구 면목동 126번지 7호,PHMD120113060034084000008,3060000,24,"서울특별시 중랑구 면목로 419, 1층 (면목동)",02146,01,영업/정상,,,
서울동산약국,,208513.422573799,456882.19262283,2026-04-28 22:31:15,I,2011-03-04,13,영업중,2019-01-18 13:27:14,,2011-03-04,,서울특별시 중랑구 신내동 315번지 3호,PHMD120113060034084000014,3060000,135,"서울특별시 중랑구 신내로16길 17, 1층 (신내동)",02053,01,영업/정상,,,34230808
덕수약국,,206623.480200508,454993.976130798,2026-04-28 22:31:15,I,2011-08-08,13,영업중,2021-09-08 16:34:00,,2011-08-08,,서울특별시 중랑구 중화동 316번지 34호,PHMD120113060034084000024,3060000,24,"서울특별시 중랑구 중랑역로 33, 1층 (중화동)",02106,01,영업/정상,,,02-2209-4996
우선약국,,207110.520133074,455500.972162851,2026-04-28 22:31:15,I,2011-10-05,13,영업중,2015-07-09 14:24:11,,2011-10-05,131-875,서울특별시 중랑구 중화동 110번지 42호,PHMD120113060034084000026,3060000,39,"서울특별시 중랑구 봉화산로 61, 1층 (중화동, 정신빌딩)",02049,01,영업/정상,,,02-433-1946
손약국,,206833.203493928,455178.793195339,2026-04-28 22:31:15,I,2011-11-07,13,영업중,2019-02-22 08:34:30,,2011-11-07,,서울특별시 중랑구 중화동 302번지 75호,PHMD120113060034084000029,3060000,67,"서울특별시 중랑구 중랑역로 62, 1층 (중화동)",02103,01,영업/정상,,,
중앙약국,,208536.163679365,456379.478717154,2026-04-28 22:31:16,I,2012-01-12,13,영업중,2025-12-30 10:31:37,,2012-01-12,131-781,서울특별시 중랑구 신내동 397번지 동성아파트 근린생활시설동,PHMD120123060034084000001,3060000,79,"서울특별시 중랑구 신내로 128, 근린생활시설동 1층 (신내동, 동성아파트)",02054,01,영업/정상,,,
성경온누리약국,,209225.0060275,455343.341969362,2026-04-28 22:31:15,I,2012-02-01,13,영업중,2015-07-27 13:14:28,,2012-02-01,131-802,서울특별시 중랑구 망우동 149번지 16호,PHMD120123060034084000003,3060000,39,서울특별시 중랑구 망우로 478 (망우동),02178,01,영업/정상,,,
그랜드약국,,207811.343330712,453172.013153927,2026-04-28 22:31:16,I,2012-04-17,13,영업중,2026-04-24 11:11:22,,2012-04-17,,서울특별시 중랑구 면목동 472번지 44호 동부빌딩,PHMD120123060034084000010,3060000,109,"서울특별시 중랑구 사가정로 399, 동부빌딩 1층 (면목동)",02214,01,영업/정상,,,
정우약국,,208231.356512091,456138.417214882,2026-04-28 22:31:15,I,2012-04-20,13,영업중,2012-04-20 11:14:09,,2012-04-20,131-873,서울특별시 중랑구 신내동 661번지,PHMD120123060034084000011,3060000,24,"서울특별시 중랑구 봉화산로 189 (신내동, 상가동 107호)",02043,01,영업/정상,,,34221345
믿음약국,,207881.613574908,454717.35755349,2026-04-28 22:31:15,I,2012-04-20,13,영업중,2012-04-20 11:13:27,,2012-04-20,131-859,서울특별시 중랑구 상봉동 88번지 111호,PHMD120123060034084000012,3060000,40,서울특별시 중랑구 봉우재로43길 24 (상봉동),02151,01,영업/정상,,,
자연약국,,208240.86652649,455162.056999516,2026-04-28 22:31:15,I,2012-05-07,13,영업중,2012-05-07 09:54:50,,2012-05-07,131-857,서울특별시 중랑구 상봉동 74번지 46호,PHMD120123060034084000015,3060000,82,"서울특별시 중랑구 망우로 377 (상봉동, 1층)",02086,01,영업/정상,,,22071709
늘푸른온누리약국,,207095.043308103,452454.938575965,2026-04-28 22:31:15,I,2012-05-21,13,영업중,2012-05-21 13:37:41,,2012-05-21,131-830,서울특별시 중랑구 면목동 376번지 4호,PHMD120123060034084000016,3060000,45,"서울특별시 중랑구 면목로27길 80, 80동 (면목동, 1층)",02243,01,영업/정상,,,
한사랑약국,,207990.479257211,457183.637796144,2026-04-28 22:31:15,I,2012-09-07,13,영업중,2015-07-09 14:32:19,,2012-09-07,131-872,서울특별시 중랑구 신내동 648번지 디아뜨갤러리 2층 266호,PHMD120123060034084000020,3060000,42,"서울특별시 중랑구 신내로 225, 266호 (신내동, 디아뜨갤러리)",02024,01,영업/정상,,,070-4229-9602
새봉화약국,,208112.860200669,457113.638411288,2026-04-28 22:31:15,I,2012-09-17,13,영업중,2014-06-30 14:43:51,,2012-09-17,131-872,서울특별시 중랑구 신내동 646번지 금강리빙스텔 203-A호,PHMD120123060034084000021,3060000,48,"서울특별시 중랑구 신내로 211, 203-A호 (신내동, 금강리빙스텔)",02024,01,영업/정상,,,34213383
아이사랑약국,,208073.001645036,453068.290387442,2026-04-28 22:31:15,I,2012-10-22,13,영업중,2015-06-02 10:15:20,,2012-10-22,131-834,서울특별시 중랑구 면목동 528번지,PHMD120123060034084000022,3060000,29,"서울특별시 중랑구 용마산로 309, 지층 (면목동)",02250,01,영업/정상,,,
대한약국,,208513.422573799,456882.19262283,2026-04-28 22:31:15,I,2013-01-22,13,영업중,2020-05-18 17:45:17,,2013-01-22,131-865,서울특별시 중랑구 신내동 314번지 4호,PHMD120133060034084000002,3060000,137,"서울특별시 중랑구 신내로16길 17, 105호 (신내동)",02053,01,영업/정상,,,34214200
단비약국,,208295.099818379,456014.999180519,2026-04-28 22:31:15,I,2013-02-04,13,영업중,2020-03-09 08:41:51,,2013-02-04,,서울특별시 중랑구 신내동 666번지 신아타운,PHMD120133060034084000003,3060000,123,"서울특별시 중랑구 봉화산로 194, 신아타운 7층 705호 (신내동)",02076,01,영업/정상,,,02-3421-1412
이안온누리약국,,207653.828967538,453048.690091451,2026-04-28 22:31:16,I,2013-02-28,13,영업중,2025-12-31 15:39:36,,2013-02-28,131-828,서울특별시 중랑구 면목동 634번지 8호,PHMD120133060034084000004,3060000,58,"서울특별시 중랑구 면목로 305, 1층 (면목동, 성일빌딩)",02238,01,영업/정상,,,02-493-5074
삼부약국,,208551.690202466,455188.037259512,2026-04-28 22:31:15,I,2013-03-04,13,영업중,2015-07-09 14:35:47,,2013-03-04,131-230,서울특별시 중랑구 망우동 470번지 10호 5층 29호,PHMD120133060034084000005,3060000,66,"서울특별시 중랑구 망우로 410, 5층 (망우동)",02164,01,영업/정상,,,02-494-2388
백세약국,,208368.252033443,456040.864473831,2026-04-28 22:31:15,I,2013-03-28,13,영업중,2021-03-19 10:01:51,,2013-03-28,131-865,서울특별시 중랑구 신내동 667번지 금강빌딩 1층 109호,PHMD120133060034084000008,3060000,54,"서울특별시 중랑구 신내로 82, 1층 109호 (신내동, 금강빌딩)",02067,01,영업/정상,,,34217015
방약국,,207527.583176236,452632.532909779,2026-04-28 22:31:15,I,2013-04-08,13,영업중,2013-04-08 17:17:46,,2013-04-08,131-829,서울특별시 중랑구 면목동 367번지 6호 1층,PHMD120133060034084000009,3060000,59,"서울특별시 중랑구 면목로 260, 1층 (면목동)",02253,01,영업/정상,,,
늘푸른약국,,206903.890682508,455538.386601695,2026-04-28 22:31:16,I,2013-07-16,13,영업중,2022-12-13 14:35:53,,2013-07-16,131-881,서울특별시 중랑구 중화동 305번지 38호,PHMD120133060034084000014,3060000,26,"서울특별시 중랑구 동일로 803, 1층 (중화동)",02017,01,영업/정상,,,
먹골온누리약국,,206913.300465818,457078.855669577,2026-04-28 22:31:15,I,2013-12-02,13,영업중,2013-12-02 09:51:41,,2013-12-02,131-848,서울특별시 중랑구 묵동 162번지 8호 1층,PHMD120133060034084000017,3060000,37,"서울특별시 중랑구 공릉로 59, 1층 (묵동)",02032,01,영업/정상,,,
3층엠코약국,,207923.745922676,455090.718335439,2026-04-28 22:31:15,I,2014-01-07,13,영업중,2014-01-20 13:20:57,,2014-01-07,131-221,서울특별시 중랑구 상봉동 500번지,PHMD120143060034084000001,3060000,73,"서울특별시 중랑구 망우로 353, C동 309호 (상봉동, 현대엠코이노시티)",02087,01,영업/정상,,,
봄약국,,209646.142554388,456996.056603203,2026-04-28 22:31:15,I,2014-01-14,13,영업중,2015-07-09 14:40:35,,2014-01-14,131-865,서울특별시 중랑구 신내동 817번지,PHMD120143060034084000002,3060000,29,"서울특별시 중랑구 신내역로 165, 203호 (신내동, 신내우디안2단지상가동)",02055,01,영업/정상,,,34232201
참약국,,207651.411967557,455258.02607452,2026-04-28 22:31:16,I,2014-01-20,13,영업중,2025-06-04 15:50:28,,2014-01-20,131-862,서울특별시 중랑구 상봉동 202번지 1호 1층,PHMD120143060034084000003,3060000,29,"서울특별시 중랑구 상봉중앙로1길 12, 1층 (상봉동)",02091,01,영업/정상,,,02-2208-1156
송이온누리약국,,208112.860200669,457113.638411288,2026-04-28 22:31:15,I,2014-06-30,13,영업중,2014-07-08 11:53:51,,2014-06-30,131-872,서울특별시 중랑구 신내동 646번지 금강리빙스텔 212호,PHMD120143060034084000005,3060000,71,"서울특별시 중랑구 신내로 211, 212호 (신내동, 금강리빙스텔)",02024,01,영업/정상,,,67434262
정민약국,,208822.513981876,454841.336257396,2026-04-28 22:31:15,I,2014-10-01,13,영업중,2014-10-01 10:39:44,,2014-10-01,131-805,서울특별시 중랑구 망우동 403번지 66호 1층,PHMD120143060034084000009,3060000,19,"서울특별시 중랑구 용마산로 502, 1층 (망우동)",02181,01,영업/정상,,,22074345
튼튼약국,,207748.66608964,453514.902620341,2026-04-28 22:31:15,I,2014-10-28,13,영업중,2015-07-09 14:43:25,,2014-10-28,131-813,서울특별시 중랑구 면목동 428번지 8호 1층,PHMD120143060034084000010,3060000,26,"서울특별시 중랑구 면목로 358, 1층 (면목동)",02210,01,영업/정상,,,
일층약국,,208533.165197782,454186.696918605,2026-04-28 22:31:15,I,2015-01-23,13,영업중,2015-01-23 15:36:58,,2015-01-23,131-811,서울특별시 중랑구 면목동 17번지 31호 1층,PHMD120153060034084000001,3060000,88,"서울특별시 중랑구 용마산로 434, 1층 (면목동)",02189,01,영업/정상,,,22939311
사랑약국,,207321.176816905,454866.720121313,2026-04-28 22:31:15,I,2015-03-09,13,영업중,2016-02-23 08:43:11,,2015-03-09,,서울특별시 중랑구 상봉동 116번지 7호,PHMD120153060034084000006,3060000,54,"서울특별시 중랑구 망우로 271 (상봉동, 서울중랑우체국)",02098,01,영업/정상,,,02-6081-7938
홍약국,,207702.839931452,453039.34552948,2026-04-28 22:31:15,I,2015-04-13,13,영업중,2019-01-18 13:21:28,,2015-04-13,,서울특별시 중랑구 면목동 617번지 2호,PHMD120153060034084000008,3060000,60,"서울특별시 중랑구 면목로 310, 3층 (면목동)",02249,01,영업/정상,,,02-432-7709
팜필리아약국,,206777.731391054,456837.219624564,2026-04-28 22:31:16,I,2015-07-07,13,영업중,2022-06-27 09:41:11,,2015-07-07,131-757,서울특별시 중랑구 묵동 170번지 1호,PHMD120153060034084000009,3060000,57,"서울특별시 중랑구 동일로 932, 202동 216,217호 (묵동)",02033,01,영업/정상,,,02-948-0204
면목약국,,207798.292080717,454025.295222024,2026-04-28 22:31:16,I,2015-07-21,13,영업중,2024-07-15 11:50:35,,2015-07-21,131-200,서울특별시 중랑구 면목동 105번지 7호,PHMD120153060034084000010,3060000,39,서울특별시 중랑구 겸재로 194 (면목동),02197,01,영업/정상,,,02-2209-5955
평화약국,,207671.344610136,454114.11386748,2026-04-28 22:31:15,I,2015-08-21,13,영업중,2015-08-21 16:31:48,,2015-08-21,,서울특별시 중랑구 면목동 121번지 23호,PHMD120153060034084000013,3060000,31,서울특별시 중랑구 면목로 418 (면목동),02161,01,영업/정상,,,02-439-0709
휴베이스 국제약국,,208329.316273878,455923.228873371,2026-04-28 22:31:15,I,2016-02-11,13,영업중,2023-05-23 10:10:15,,2016-02-11,,서울특별시 중랑구 신내동 559-2,PHMD120163060034084000002,3060000,69,서울특별시 중랑구 신내로 71 (신내동),02076,01,영업/정상,,,02-3423-0828
한울약국,,207923.745922676,455090.718335439,2026-04-28 22:31:15,I,2016-07-11,13,영업중,2019-01-18 11:37:34,,2016-07-11,,서울특별시 중랑구 상봉동 500번지 상봉 프레미어스 엠코,PHMD120163060034084000011,3060000,23,"서울특별시 중랑구 망우로 353, 지하1층 (상봉동, 상봉 프레미어스 엠코)",02087,01,영업/정상,,,02-432-6745
활기찬약국,,206784.137676923,456364.6175168,2026-04-28 22:31:15,I,2017-01-02,13,영업중,2019-01-18 11:16:16,,2017-01-02,,서울특별시 중랑구 묵동 244번지 149호 삼삼메디컬빌딩,PHMD120173060034084000001,3060000,63,"서울특별시 중랑구 동일로 887, 삼삼메디컬빌딩 (묵동)",02009,01,영업/정상,,,02-973-8279
드림약국,,207761.604066557,453177.187155618,2026-04-28 22:31:16,I,2017-01-02,13,영업중,2026-01-07 10:09:38,,2017-01-02,,서울특별시 중랑구 면목동 473번지 16호,PHMD120173060034084000002,3060000,36,서울특별시 중랑구 사가정로 395 (면목동),02214,01,영업/정상,,,02-432-6641
365프라자약국,,206926.653076108,457107.578643355,2026-04-28 22:31:15,I,2017-01-16,13,영업중,2019-01-18 11:11:28,,2017-01-16,,서울특별시 중랑구 묵동 162번지 2호,PHMD120173060034084000003,3060000,119,서울특별시 중랑구 공릉로 63 (묵동),02032,01,영업/정상,,,02-978-4266
대원사약국,,206820.106893568,455450.014935084,2026-04-28 22:31:15,I,2018-01-02,13,영업중,2018-01-02 09:23:12,,2018-01-02,,서울특별시 중랑구 중화동 304번지 67호 대원메디컬빌딩 1층,PHMD120183060034084000001,3060000,94,"서울특별시 중랑구 중랑역로 90, 대원메디컬빌딩 (중화동)",02102,01,영업/정상,,,02-433-3400
동남온누리약국,,208361.517012411,455654.154748002,2026-04-28 22:31:16,I,2018-01-08,13,영업중,2024-09-30 11:32:47,,2018-01-08,,서울특별시 중랑구 신내동 537번지 3호 해성빌딩,PHMD120183060034084000002,3060000,50,"서울특별시 중랑구 신내로 45, 해성빌딩 1층 (신내동)",02085,01,영업/정상,,,02-2207-3356
마트약국,,206777.731391054,456837.219624564,2026-04-28 22:31:15,I,2018-02-01,13,영업중,2018-09-13 11:34:32,,2018-02-01,,서울특별시 중랑구 묵동 170번지 1호 묵동자이아파트,PHMD120183060034084000006,3060000,91,"서울특별시 중랑구 동일로 932, 301호 (묵동, 묵동자이아파트)",02033,01,영업/정상,,,02-979-8606
편안한약국,,207774.836673489,453110.937458652,2026-04-28 22:31:15,I,2018-03-08,13,영업중,2018-03-08 11:30:41,,2018-03-08,,서울특별시 중랑구 면목동 611번지 5호 JS빌딩,PHMD120183060034084000008,3060000,44,"서울특별시 중랑구 사가정로 398, JS빌딩 1층 (면목동)",02249,01,영업/정상,,,02-495-1050
오렌지약국,,209166.977424427,455394.23764265,2026-04-28 22:31:15,I,2018-04-16,13,영업중,2018-04-16 09:34:23,,2018-04-16,,서울특별시 중랑구 망우동 209번지 2호 무궁화빌딩,PHMD120183060034084000009,3060000,68,"서울특별시 중랑구 망우로 473, 무궁화빌딩 1층 (망우동)",02066,01,영업/정상,,,02-2207-5230
참약사바른약국,,207529.024369805,453948.919232668,2026-04-28 22:31:15,I,2018-04-30,13,영업중,2022-10-20 09:51:05,,2018-04-30,,서울특별시 중랑구 면목동 118번지 1호 103호,PHMD120183060034084000010,3060000,47,"서울특별시 중랑구 겸재로 164, 1층 103호 (면목동)",02218,01,영업/정상,,,02-2039-0244
다솜약국,,207509.181539597,454663.679019643,2026-04-28 22:31:15,I,2018-08-06,13,영업중,2018-08-06 09:52:59,,2018-08-06,,서울특별시 중랑구 상봉동 108번지 1호,PHMD120183060034084000013,3060000,50,서울특별시 중랑구 면목로 475 (상봉동),02138,01,영업/정상,,,02-439-1177
서울메디칼약국,,208513.422573799,456882.19262283,2026-04-28 22:31:15,I,2018-09-03,13,영업중,2018-09-03 12:50:14,,2018-09-03,,서울특별시 중랑구 신내동 315번지 3호,PHMD120183060034084000014,3060000,136,"서울특별시 중랑구 신내로16길 17, 103호 (신내동)",02053,01,영업/정상,,,02-3422-5000
상아약국,,208781.999418607,454740.62692431,2026-04-28 22:31:15,I,2018-09-21,13,영업중,2018-09-21 10:24:34,,2018-09-21,,서울특별시 중랑구 망우동 410번지 1호 상아빌딩,PHMD120183060034084000016,3060000,84,"서울특별시 중랑구 용마산로 494, 상아빌딩 1층 (망우동)",02182,01,영업/정상,,,02-434-0118
종로약국,,207716.947206495,453130.67527865,2026-04-28 22:31:15,I,2018-11-01,13,영업중,2018-11-01 08:44:59,,2018-11-01,,서울특별시 중랑구 면목동 634번지 2호 삼성종합프라자,PHMD120183060034084000017,3060000,42,"서울특별시 중랑구 면목로 319, 1층 (면목동)",02238,01,영업/정상,,,02-438-8447
친절한 명성약국,,208513.422573799,456882.19262283,2026-04-28 22:31:15,I,2018-12-03,13,영업중,2018-12-03 14:32:27,,2018-12-03,,서울특별시 중랑구 신내동 315번지 3호,PHMD120183060034084000019,3060000,133,"서울특별시 중랑구 신내로16길 17, 1층 104호 (신내동)",02053,01,영업/정상,,,02-3421-8586
이지약국,,207709.270930577,453910.467739777,2026-04-28 22:31:16,I,2019-01-15,13,영업중,2022-12-27 17:04:24,,2019-01-15,,서울특별시 중랑구 면목동 359번지 2호,PHMD120193060034084000001,3060000,51,"서울특별시 중랑구 면목로 398, 1층 (면목동)",02197,01,영업/정상,,,02-2207-8757
동호일층약국,,206712.645739265,456738.441211434,2026-04-28 22:31:15,I,2019-01-28,13,영업중,2019-01-28 09:44:03,,2019-01-28,,서울특별시 중랑구 묵동 238번지 8호,PHMD120193060034084000002,3060000,32,"서울특별시 중랑구 동일로 925, 1층 (묵동)",02005,01,영업/정상,,,02-949-1630
양지약국,,206814.61345332,456135.882474094,2026-04-28 22:31:16,I,2019-03-04,13,영업중,2022-08-16 09:40:19,,2019-03-04,,서울특별시 중랑구 묵동 245번지 4호,PHMD120193060034084000003,3060000,98,"서울특별시 중랑구 동일로 865, 1층 (묵동)",02010,01,영업/정상,,,02-972-6254
연세메디칼약국,,206836.62018675,456400.58527076,2026-04-28 22:31:15,I,2019-03-11,13,영업중,2019-03-11 10:26:54,,2019-03-11,,서울특별시 중랑구 묵동 180번지 55호,PHMD120193060034084000004,3060000,48,"서울특별시 중랑구 동일로 890, 1층 (묵동)",02038,01,영업/정상,,,02-972-6332
수정온누리약국,,206689.85488446,456825.300625744,2026-04-28 22:31:15,I,2019-04-29,13,영업중,2019-04-29 09:40:06,,2019-04-29,,서울특별시 중랑구 묵동 238번지 1호 묵동제일정형외과,PHMD120193060034084000005,3060000,34,"서울특별시 중랑구 동일로 933, 1층 (묵동)",02005,01,영업/정상,,,02-977-4887
건강약국,,208294.257367707,456632.108607443,2026-04-28 22:31:16,I,2019-05-01,13,영업중,2024-08-05 13:10:42,,2019-05-01,,서울특별시 중랑구 신내동 657번지 신내9단지아파트,PHMD120193060034084000006,3060000,32,"서울특별시 중랑구 신내로 135, 신내9단지아파트 제상가1동 1층 117호 (신내동)",02026,01,영업/정상,,,02-3421-7582
스타약국,,206711.097913283,454620.769366564,2026-04-28 22:31:16,I,2019-06-10,13,영업중,2025-08-29 11:22:39,,2019-06-10,,서울특별시 중랑구 상봉동 129번지 86호,PHMD120193060034084000007,3060000,26,"서울특별시 중랑구 망우로 216, 1층 (상봉동)",02121,01,영업/정상,,,02-6449-0097
메디컬수약국,,207648.898052089,454223.627241256,2026-04-28 22:31:15,I,2019-06-21,13,영업중,2019-06-25 15:05:19,,2019-06-21,,서울특별시 중랑구 면목동 121번지 10호,PHMD120193060034084000009,3060000,85,"서울특별시 중랑구 면목로 430, 1층 (면목동)",02160,01,영업/정상,,,02-3661-7575
참약사삼흥약국,,209083.646196172,455380.068728154,2026-04-28 22:31:15,I,2019-07-01,13,영업중,2023-02-22 13:35:13,,2019-07-01,,,PHMD120193060034084000010,3060000,37,"서울특별시 중랑구 망우로 463, 1층 103호 (망우동)",02066,01,영업/정상,,,02-432-2624
밝은약국,,207528.691389558,454816.042135953,2026-04-28 22:31:15,I,2019-07-10,13,영업중,2019-07-10 07:57:13,,2019-07-10,,서울특별시 중랑구 상봉동 102번지 57호 상봉타워,PHMD120193060034084000012,3060000,49,"서울특별시 중랑구 면목로 490, 1층 (상봉동, 상봉타워)",02148,01,영업/정상,,,02-438-0988
한빛약국,,208106.323536437,454158.518207572,2026-04-28 22:31:16,I,2019-08-06,13,영업중,2023-03-31 14:05:15,,2019-08-06,,서울특별시 중랑구 면목동 74번지 42호,PHMD120193060034084000013,3060000,37,"서울특별시 중랑구 겸재로 225, 1층 (면목동)",02162,01,영업/정상,,,02-2207-3588
제일한사랑약국,,209521.169706304,455377.876341829,2026-04-28 22:31:15,I,2019-09-02,13,영업중,2019-09-02 10:40:30,,2019-09-02,,서울특별시 중랑구 망우동 128번지 32호,PHMD120193060034084000014,3060000,80,"서울특별시 중랑구 망우로 505, 1층 (망우동)",02063,01,영업/정상,,,02-437-1098
채움약국,,206871.131075903,455500.499705087,2026-04-28 22:31:16,I,2019-12-10,13,영업중,2023-11-20 14:28:43,,2019-12-10,,서울특별시 중랑구 중화동 305번지 45호 103호,PHMD120193060034084000018,3060000,43,"서울특별시 중랑구 봉화산로 39, HJ빌딩 1층 103호 (중화동)",02017,01,영업/정상,,,02-433-1912
연세약국,,208671.863241839,455217.504325246,2026-04-28 22:31:15,I,2019-12-10,13,영업중,2024-11-12 18:53:45,,2019-12-10,,서울특별시 중랑구 망우동 470-18 원동빌딩,PHMD120193060034084000019,3060000,25,"서울특별시 중랑구 망우로 422, 원동빌딩 1층 (망우동)",02164,01,영업/정상,,,02-438-1996
수약국,,208368.252033443,456040.864473831,2026-04-28 22:31:15,I,2019-12-11,13,영업중,2019-12-11 09:40:53,,2019-12-11,,서울특별시 중랑구 신내동 667번지 금강프라자,PHMD120193060034084000020,3060000,33,"서울특별시 중랑구 신내로 82, 금강프라자 1층 108호 (신내동)",02067,01,영업/정상,,,02-3421-1459
다나약국,,207609.639839839,453432.723899765,2026-04-28 22:31:15,I,2020-01-02,13,영업중,2020-02-07 11:07:27,,2020-01-02,,서울특별시 중랑구 면목동 572번지 1호,PHMD120203060034084000001,3060000,54,서울특별시 중랑구 사가정로49길 50 (면목동),02221,01,영업/정상,,,02-437-1357
정문약국,,208513.422573799,456882.19262283,2026-04-28 22:31:15,I,2020-02-03,13,영업중,2020-02-03 09:30:43,,2020-02-03,,서울특별시 중랑구 신내동 315번지 3호,PHMD120203060034084000002,3060000,139,"서울특별시 중랑구 신내로16길 17, 101호 (신내동)",02053,01,영업/정상,,,070-4402-2579
햇살 온누리약국,,207632.444811962,453138.922020992,2026-04-28 22:31:15,I,2020-03-02,13,영업중,2020-03-02 10:27:43,,2020-03-02,,서울특별시 중랑구 면목동 636번지 18호,PHMD120203060034084000003,3060000,14,"서울특별시 중랑구 사가정로 384, 1층 101호 (면목동)",02238,01,영업/정상,,,02-434-5102
"바르다, 허약국",,207539.91324528,454951.719136925,2026-04-28 22:31:15,I,2020-03-04,13,영업중,2020-03-04 10:10:44,,2020-03-04,,서울특별시 중랑구 상봉동 100번지 7호,PHMD120203060034084000004,3060000,60,"서울특별시 중랑구 망우로 305, 지하1층 (상봉동)",02098,01,영업/정상,,,02-433-5953
황약국,,208491.141675696,455172.164266377,2026-04-28 22:31:16,I,2020-06-01,13,영업중,2023-04-24 16:13:41,,2020-06-01,,서울특별시 중랑구 망우동 490번지 9호,PHMD120203060034084000005,3060000,23,"서울특별시 중랑구 망우로 402, 1층 (망우동)",02163,01,영업/정상,,,02-435-3233
다올약국,,208638.311837025,454756.641771516,2026-04-28 22:31:15,I,2020-08-10,13,영업중,2020-08-10 12:26:55,,2020-08-10,,서울특별시 중랑구 망우동 460-27,PHMD120203060034084000006,3060000,46,"서울특별시 중랑구 봉우재로 232, 1층 (망우동)",02173,01,영업/정상,,,02-6402-7582
참조아약국,,206715.541002615,457004.874711225,2026-04-28 22:31:15,I,2020-08-10,13,영업중,2020-08-18 15:48:13,,2020-08-10,,서울특별시 중랑구 묵동 169-12 로프트원 태릉입구역,PHMD120203060034084000007,3060000,50,"서울특별시 중랑구 동일로 952, 1층 101-2호 (묵동, 로프트원 태릉입구역)",02033,01,영업/정상,,,02-976-3323
원약국,,207923.745922676,455090.718335439,2026-04-28 22:31:16,I,2020-08-24,13,영업중,2024-07-29 14:25:56,,2020-08-24,,서울특별시 중랑구 상봉동 500 상봉 프레미어스 엠코,PHMD120203060034084000008,3060000,30,"서울특별시 중랑구 망우로 353, C동 313호 (상봉동, 상봉 프레미어스 엠코)",02087,01,영업/정상,,,02-438-7798
오성약국,,208382.976882977,455900.325723704,2026-04-28 22:31:16,I,2020-09-14,13,영업중,2025-03-10 10:38:58,,2020-09-14,,서울특별시 중랑구 신내동 563-3 원빌딩,PHMD120203060034084000009,3060000,22,"서울특별시 중랑구 신내로 72, 원빌딩 (신내동)",02069,01,영업/정상,,,070-8805-8844
꽃길약국,,207683.612315241,454043.697148196,2026-04-28 22:31:15,I,2020-11-18,13,영업중,2020-11-18 15:57:42,,2020-11-18,,서울특별시 중랑구 면목동 102-19,PHMD120203060034084000010,3060000,40,"서울특별시 중랑구 겸재로 181, 1층 (면목동)",02161,01,영업/정상,,,02-2208-7746
제이약국,,207278.258826248,453470.751633822,2026-04-28 22:31:16,I,2020-11-20,13,영업중,2023-01-02 17:35:33,,2020-11-20,,서울특별시 중랑구 면목동 156-5 메디포레,PHMD120203060034084000011,3060000,33,"서울특별시 중랑구 동일로92길 57, 메디포레 1층 (면목동)",02223,01,영업/정상,,,02-433-1520
세계로약국,,206936.570187916,455280.600452321,2026-04-28 22:31:15,I,2020-12-01,13,영업중,2020-12-01 09:55:10,,2020-12-01,,서울특별시 중랑구 중화동 303-14 그린빌딩,PHMD120203060034084000012,3060000,85,"서울특별시 중랑구 동일로 775, 그린빌딩 1층 (중화동)",02102,01,영업/정상,,,02-432-3284
상봉태평양약국,,207497.453067345,454719.651368831,2026-04-28 22:31:15,I,2020-12-14,13,영업중,2020-12-14 09:33:25,,2020-12-14,,서울특별시 중랑구 상봉동 113-4,PHMD120203060034084000013,3060000,46,서울특별시 중랑구 면목로 481 (상봉동),02137,01,영업/정상,,,02-432-2019
센트럴약국,,207144.00170008,453343.919086938,2026-04-28 22:31:15,I,2020-12-16,13,영업중,2020-12-16 15:55:02,,2020-12-16,,서울특별시 중랑구 면목동 164-10 사가정센트럴아이파크,PHMD120203060034084000014,3060000,59,"서울특별시 중랑구 동일로92길 40, 2층 204호 (면목동, 사가정센트럴아이파크)",02226,01,영업/정상,,,02-434-9460
다온약국,,206818.694000841,456585.021076434,2026-04-28 22:31:15,I,2021-03-17,13,영업중,2021-03-17 13:35:47,,2021-03-17,,서울특별시 중랑구 묵동 176-15 대길빌딩,PHMD120213060034084000001,3060000,30,"서울특별시 중랑구 공릉로 8, 102, 103호 (묵동, 대길빌딩)",02037,01,영업/정상,,,02-972-1214
이레온누리약국,,208235.327579195,454200.383581749,2026-04-28 22:31:15,I,2021-09-29,13,영업중,2022-04-29 11:26:44,,2021-09-29,,서울특별시 중랑구 망우동 525-5,PHMD120213060034084000002,3060000,46,"서울특별시 중랑구 겸재로 237, 1층 (망우동)",02175,01,영업/정상,,,02-2039-2936
매일여는약국,,207982.810825453,454980.023827024,2026-04-28 22:31:15,I,2022-05-30,13,영업중,2022-05-30 10:25:36,,2022-05-30,,서울특별시 중랑구 상봉동 81-5 한일써너스빌,PHMD120223060034084000002,3060000,24,"서울특별시 중랑구 망우로 346, 101동 103호 (상봉동, 한일써너스빌)",02150,01,영업/정상,,,
스마일약국,,206753.137073233,456533.570273681,2026-04-28 22:31:15,I,2022-06-20,13,영업중,2022-06-21 15:58:13,,2022-06-20,,서울특별시 중랑구 묵동 239-51 창성빌딩,PHMD120223060034084000003,3060000,27,"서울특별시 중랑구 동일로 905, 창성빌딩 1층 (묵동)",02006,01,영업/정상,,,02-955-6314
양원1번약국,,209370.000863676,456057.972668203,2026-04-28 22:31:15,I,2022-06-28,13,영업중,2022-06-28 17:27:37,,2022-06-28,,서울특별시 중랑구 망우동 0,PHMD120223060034084000004,3060000,57,"서울특별시 중랑구 양원역로10길 17, B동 102호 (망우동)",02057,01,영업/정상,,,02-2207-0111
포레스트약국,,209260.893826078,456404.206110095,2026-04-28 22:31:16,I,2022-07-07,13,영업중,2026-02-04 12:30:00,,2022-07-07,,서울특별시 중랑구 망우동 0 신내역 힐데스하임 참좋은아파트,PHMD120223060034084000005,3060000,57,"서울특별시 중랑구 봉화산로 301, 511동 지하1층 105호 (망우동, 신내역 힐데스하임 참좋은아파트)",02057,01,영업/정상,,,02-6949-0227
참약사플러스약국,,207624.421528372,453023.759980751,2026-04-28 22:31:16,I,2022-11-03,13,영업중,2024-11-08 10:30:26,,2022-11-03,,서울특별시 중랑구 면목동 633-1 무궁화약국,PHMD120223060034084000007,3060000,61,서울특별시 중랑구 면목로 303(면목동),02239,01,영업/정상,,,070-4647-4656
보룡약국,,206859.335695194,456604.826307224,2026-04-28 22:31:15,I,2022-11-09,13,영업중,2022-11-09 18:42:53,,2022-11-09,,서울특별시 중랑구 묵동 176-39 칼튼테라스,PHMD120223060034084000008,3060000,233,"서울특별시 중랑구 공릉로2길 8-4, 101~104호 (묵동, 칼튼테라스)",02037,01,영업/정상,,,02-973-6000
지니약국,,208736.900268573,454786.286739852,2026-04-28 22:31:16,I,2022-11-21,13,영업중,2025-05-30 10:43:20,,2022-11-21,,서울특별시 중랑구 망우동 458-1 석현빌딩,PHMD120223060034084000009,3060000,23,"서울특별시 중랑구 용마산로 497, 석현빌딩 (망우동)",02173,01,영업/정상,,,02-6398-7272
상봉도담약국,,208172.099133894,455087.73800209,2026-04-28 22:31:15,I,2024-04-30,13,영업중,2024-04-30 15:59:38,,2024-04-30,,서울특별시 중랑구 망우동 564-5 삼부,PHMD120243060034084000007,3060000,37,"서울특별시 중랑구 상봉로 134, 101호 (망우동, 삼부)",02163,01,영업/정상,,,02-491-8678
엠약국,,208947.072330515,456501.735079654,2026-04-28 22:31:15,I,2024-05-17,13,영업중,2025-05-07 15:11:37,,2024-05-17,,서울특별시 중랑구 망우동 584 신내역 프라디움 더 테라스,PHMD120243060034084000008,3060000,23,"서울특별시 중랑구 용마산로 670, A240호 (망우동, 신내역 프라디움 더 테라스)",02057,01,영업/정상,,,02-491-7772
웃는약국,,207681.724592204,453019.542623898,2026-04-28 22:31:15,I,2024-11-22,13,영업중,2024-11-22 16:09:40,,2024-11-22,,서울특별시 중랑구 면목동 617-3,PHMD120243060034084000012,3060000,30,"서울특별시 중랑구 면목로 306, 1층 (면목동)",02249,01,영업/정상,,,02-6452-5959
1층푸른약국,,208543.970952928,455247.517454153,2026-04-28 22:31:15,I,2024-12-26,13,영업중,2024-12-26 09:00:58,,2024-12-26,,서울특별시 중랑구 망우동 488-5 국민은행,PHMD120243060034084000013,3060000,31,"서울특별시 중랑구 망우로 407, 국민은행 1층 102호 (망우동)",02073,01,영업/정상,,,02-434-2122
맑은솔온누리약국,,206838.555392184,456013.563725937,2026-04-28 22:31:15,I,2025-01-31,13,영업중,2025-01-31 07:35:06,,2025-01-31,,서울특별시 중랑구 묵동 250-2,PHMD120253060034084000001,3060000,77,"서울특별시 중랑구 동일로 851, 1층 (묵동)",02013,01,영업/정상,,,02-6082-8275
통일로약국,,208499.445380242,454225.613668659,2026-04-28 22:31:15,I,2025-03-11,13,영업중,2025-06-04 15:45:19,,2025-03-11,,서울특별시 중랑구 면목동 22-1 통일로약국,PHMD120253060034084000002,3060000,85,"서울특별시 중랑구 용마산로 435, 1층 (면목동)",02200,01,영업/정상,,,070-5213-0282
르셀약국,,206733.895956499,454624.142022419,2026-04-28 22:31:15,I,2025-05-12,13,영업중,2025-06-02 15:39:19,,2025-05-12,,서울특별시 중랑구 상봉동 129-2,PHMD120253060034084000003,3060000,26,"서울특별시 중랑구 망우로 218, 102호 (상봉동)",02121,01,영업/정상,,,
먹골사랑약국,,206780.207620819,456698.48946494,2026-04-28 22:31:16,I,2025-06-05,13,영업중,2025-06-18 13:35:31,,2025-06-05,,서울특별시 중랑구 묵동 175-2,PHMD120253060034084000004,3060000,28,"서울특별시 중랑구 동일로 920, 1층 (묵동)",02033,01,영업/정상,,,02-977-9987
양원온누리약국,,209399.93927584,456069.290800972,2026-04-28 22:31:15,I,2025-06-26,13,영업중,2025-06-26 13:30:49,,2025-06-26,,서울특별시 중랑구 망우동 618-3,PHMD120253060034084000005,3060000,42,"서울특별시 중랑구 양원역로10길 25, 제일프라자 105호 (망우동)",02264,01,영업/정상,,,
진온누리약국,,207920.184618811,454567.814455336,2026-04-28 22:31:15,I,2025-09-08,13,영업중,2025-09-08 10:55:18,,2025-09-08,,서울특별시 중랑구 면목동 90-20,PHMD120253060034084000006,3060000,33,"서울특별시 중랑구 봉우재로 158, 1층 (면목동)",02156,01,영업/정상,,,02-433-1003
조은온누리약국,,207668.271662181,453956.051816986,2026-04-28 22:31:15,I,2025-09-22,13,영업중,2025-09-22 08:48:09,,2025-09-22,,서울특별시 중랑구 면목동 115-2,PHMD120253060034084000007,3060000,31,"서울특별시 중랑구 면목로 403, 1층 1호 (면목동)",02219,01,영업/정상,,,
365종로온누리약국,,207714.774553422,453366.468204489,2026-04-28 22:31:15,I,2025-11-19,13,영업중,2025-11-19 15:29:26,,2025-11-19,,서울특별시 중랑구 면목동 495 사가정역,PHMD120253060034084000008,3060000,58,"서울특별시 중랑구 사가정로 지하393, 사가정역 102호 (면목동)",02228,01,영업/정상,,,02-433-0365
상봉메가약국,,206526.002200022,454549.167447113,2026-04-28 22:31:15,I,2026-02-02,13,영업중,2026-02-02 13:34:46,,2026-02-02,,서울특별시 중랑구 상봉동 130-3 안산빌딩,PHMD120263060034084000001,3060000,34,"서울특별시 중랑구 망우로30길 3, 안산빌딩 111호 (상봉동)",02120,01,영업/정상,,,02-6213-0100
우리보건약국,,207680.180904428,453403.210627499,2026-04-28 22:31:15,I,2022-12-29,13,영업중,2022-12-29 10:42:26,,2022-12-29,,"서울특별시 중랑구 면목동 572-9 우리보건약국, 민초원건강원",PHMD120223060034084000010,3060000,42,"서울특별시 중랑구 사가정로51길 45, 우리보건약국, 민초원건강원 1층 (면목동)",02221,01,영업/정상,,,02-433-8221
굿모닝약국,,207827.820897716,453162.872239929,2026-04-28 22:31:15,I,2023-01-19,13,영업중,2023-02-09 14:11:42,,2023-01-19,,서울특별시 중랑구 면목동 472-18 창대빌딩 102호,PHMD120233060034084000001,3060000,36,"서울특별시 중랑구 사가정로 401, 창대빌딩 (면목동)",02214,01,영업/정상,,,02-434-4177
종로태평양온누리약국,,206737.943620437,456656.063250857,2026-04-28 22:31:15,I,2023-01-25,13,영업중,2024-11-27 18:19:39,,2023-01-25,,서울특별시 중랑구 묵동 238-13,PHMD120233060034084000002,3060000,267,"서울특별시 중랑구 동일로 917, 1층, 지하1층 (묵동)",02005,01,영업/정상,,,02-979-0426
면목이화온누리약국,,207873.646206267,454097.631862817,2026-04-28 22:31:15,I,2023-02-03,13,영업중,2023-02-06 15:40:06,,2023-02-03,,서울특별시 중랑구 면목동 103-6 봄작시티 201,PHMD120233060034084000003,3060000,65,"서울특별시 중랑구 겸재로 201, 1층 (면목동, 봄작시티 201)",02161,01,영업/정상,,,02-434-3155
더나은약국,,206967.595900754,453934.798541346,2026-04-28 22:31:15,I,2023-02-28,13,영업중,2026-02-25 09:19:27,,2023-02-28,,서울특별시 중랑구 면목동 176-131 대원빌딩,PHMD120233060034084000004,3060000,56,"서울특별시 중랑구 동일로 641, 대원빌딩 1층 (면목동)",02135,01,영업/정상,,,02-6462-1335
씨엘약국,,208076.386740844,455017.528646426,2026-04-28 22:31:15,I,2023-03-08,13,영업중,2023-03-08 16:26:23,,2023-03-08,,서울특별시 중랑구 상봉동 501 상봉 듀오트리스,PHMD120233060034084000005,3060000,38,"서울특별시 중랑구 상봉로 131, 1층 (상봉동, 상봉 듀오트리스)",02150,01,영업/정상,,,02-434-9888
진약국,,208500.41409861,456116.213868842,2026-04-28 22:31:15,I,2023-08-04,13,영업중,2023-08-04 17:48:59,,2023-08-04,,서울특별시 중랑구 신내동 613-8,PHMD120233060034084000006,3060000,31,서울특별시 중랑구 봉화산로 218 (신내동),02067,01,영업/정상,,,02-2135-1765
365약국,,207645.722842711,454104.53657088,2026-04-28 22:31:16,I,2023-09-05,13,영업중,2025-05-01 13:14:54,,2023-09-05,,서울특별시 중랑구 면목동 282-6 면목역,PHMD120233060034084000007,3060000,49,"서울특별시 중랑구 면목로 지하407, 면목역 지하1층 108호 (면목동)",02146,01,영업/정상,,,02-2208-0365
새봄약국,,208112.860200669,457113.638411288,2026-04-28 22:31:15,I,2023-11-01,13,영업중,2023-11-01 16:19:25,,2023-11-01,,서울특별시 중랑구 신내동 646 금강리빙스텔,PHMD120233060034084000008,3060000,36,"서울특별시 중랑구 신내로 211, 금강리빙스텔 112호 (신내동)",02024,01,영업/정상,,,02-3422-0999
혜령약국,,206859.21503478,456654.831186357,2026-04-28 22:31:15,I,2023-11-16,13,영업중,2024-04-03 15:04:00,,2023-11-16,,서울특별시 중랑구 묵동 174-4 구산빌딩,PHMD120233060034084000009,3060000,38,"서울특별시 중랑구 공릉로2길 7, 구산빌딩 (묵동)",02034,01,영업/정상,,,02-973-2225
가까운약국,,206831.16196502,454060.213250261,2026-04-28 22:31:15,I,2023-12-07,13,영업중,2023-12-07 17:44:14,,2023-12-07,,서울특별시 중랑구 면목동 178-52,PHMD120233060034084000010,3060000,30,서울특별시 중랑구 겸재로9길 53 (면목동),02134,01,영업/정상,,,02-491-0388
면목녹색약국,,207608.341858789,453421.853881906,2026-04-28 22:31:15,I,2023-12-21,13,영업중,2024-05-01 15:35:35,,2023-12-21,,서울특별시 중랑구 면목동 572-17,PHMD120233060034084000011,3060000,53,서울특별시 중랑구 사가정로49길 48 (면목동),02221,01,영업/정상,,,02-6958-6918
상봉보람약국,,207734.217753337,454934.006784906,2026-04-28 22:31:15,I,2024-01-19,13,영업중,2024-06-12 14:52:58,,2024-01-19,,서울특별시 중랑구 상봉동 91-4 상봉역 유보라 퍼스트리브&포스퀘어,PHMD120243060034084000002,3060000,22,"서울특별시 중랑구 망우로 322, 114호 (상봉동, 상봉역 유보라 퍼스트리브&포스퀘어)",02149,01,영업/정상,,,02-2088-5828
우림청솔약국,,208574.566606995,455201.404791635,2026-04-28 22:31:15,I,2024-01-24,13,영업중,2024-01-29 15:23:21,,2024-01-24,,서울특별시 중랑구 망우동 470-11 기성빌딩,PHMD120243060034084000003,3060000,60,"서울특별시 중랑구 망우로 412, 기성빌딩 1층 (망우동)",02164,01,영업/정상,,,02-496-9503
솔약국,,208947.072330515,456501.735079654,2026-04-28 22:31:16,I,2024-02-26,13,영업중,2025-05-12 15:07:43,,2024-02-26,,서울특별시 중랑구 망우동 584 신내역 프라디움 더 테라스,PHMD120243060034084000004,3060000,43,"서울특별시 중랑구 용마산로 670, A234호 (망우동, 신내역 프라디움 더 테라스)",02057,01,영업/정상,,,
365시티약국,,208947.072330515,456501.735079654,2026-04-28 22:31:15,I,2024-03-07,13,영업중,2024-03-07 16:15:22,,2024-03-07,,서울특별시 중랑구 망우동 584 신내역 프라디움 더 테라스 B동 219호,PHMD120243060034084000005,3060000,36,"서울특별시 중랑구 용마산로 670, B동 219호 (망우동, 신내역 프라디움 더 테라스)",02057,01,영업/정상,,,02-6958-8909
내내약국,,208398.80430074,455936.694558462,2026-04-28 22:31:15,I,2024-03-11,13,영업중,2024-03-11 16:06:26,,2024-03-11,,서울특별시 중랑구 신내동 565-2 영춘빌딩,PHMD120243060034084000006,3060000,92,"서울특별시 중랑구 신내로14길 9, 영춘빌딩 1층 (신내동)",02067,01,영업/정상,,,02-3421-3040
구원약국,,203246.758777547,455781.278330026,2026-04-28 03:03:03,U,1982-01-09,13,영업중,2026-04-27 13:12:43,,1982-01-09,,서울특별시 성북구 하월곡동 62-5,PHMD119823070034084000001,3070000,27,"서울특별시 성북구 오패산로 24, 1층 (하월곡동)",02751,01,영업/정상,,,02-913-1139
