사업장명,사업자등록번호,종별명,업태구분명,폐업일자,좌표X,좌표Y,데이터갱신시점,데이터갱신구분,상세영업상태코드,상세영업상태명,배출시설연간가동일수,배출시설조업시간,환경업무구분명,최종수정시점,인허가일자,소재지우편번호,지번주소,관리번호,개방자치단체코드,주생산품명,방지시설연간가동일수,방지시설조업시간,도로명주소,도로명우편번호,재개업일자,영업상태구분코드,영업상태명,휴업시작일자,휴업종료일자,소재지전화번호,업종구분명
뿔테와금테안경원,1110127209,,,,192677.728766372,457448.004095905,2026-05-15 22:54:03,I,11,영업,,,기타수질오염원관리,2021-07-02 09:54:06,2021-07-02,,서울특별시 은평구 갈현동 452-29 1층,311000025202100061,3110000,,,,"서울특별시 은평구 연서로29길 21, 1층 (갈현동)",03331,,01,영업/정상,,,02-352-8882,
으뜸50안경 응암점,6671901202,,,,192392.925492986,455206.719199779,2026-05-15 22:54:03,I,11,영업,,,기타수질오염원관리,2021-07-02 09:54:07,2021-07-02,,서울특별시 은평구 신사동 2-15 2층,311000025202100062,3110000,,,,"서울특별시 은평구 은평로3길 1, 2층 (신사동)",03422,,01,영업/정상,,,02-355-5055,
이안.렌즈아이,6870501742,,,,192110.579533257,455117.513947338,2026-05-15 22:54:03,I,11,영업,,,기타수질오염원관리,2021-07-02 09:54:08,2021-07-02,,서울특별시 은평구 신사동 20-26 1층,311000025202100063,3110000,,,,"서울특별시 은평구 은평로 33, 1층 (신사동)",03423,,01,영업/정상,,,02-355-7879,
으뜸50안경 연신내점,4046200326,,,,192963.278707466,457362.284809028,2026-05-15 22:54:03,I,11,영업,,,기타수질오염원관리,2022-12-01 11:20:17,2021-07-02,,서울특별시 은평구 대조동 185-1 신한은행,311000025202100064,3110000,,,,"서울특별시 은평구 통일로 845, 신한은행 (대조동)",03385,,01,영업/정상,,,,
신안경,1226200327,,,,192311.426388077,456720.988373959,2026-05-15 22:54:03,I,11,영업,,,기타수질오염원관리,2023-02-16 17:56:18,2021-07-02,,"서울특별시 은평구 구산동 199-1 1, 2층",311000025202100065,3110000,,,,"서울특별시 은평구 서오릉로 177, 1, 2층 (구산동)",03410,,01,영업/정상,,,02-355-1090,
아프리카랩 이마트은평점,1216466392,,,,192882.837727443,455340.54056388,2026-05-15 22:54:03,I,11,영업,,,기타수질오염원관리,2021-07-02 15:47:43,2021-07-02,,서울특별시 은평구 응암동 90-1 은평이마트 8층,311000025202100066,3110000,,,,"서울특별시 은평구 은평로 111, 은평이마트 8층 (응암동)",03461,,01,영업/정상,,,,
은평성모안경,1100633950,,,,192525.587513982,459028.508907601,2026-05-15 22:54:03,I,11,영업,,,기타수질오염원관리,2021-07-02 15:47:44,2021-07-02,,서울특별시 은평구 진관동 55 지하2 B2AM2호,311000025202100068,3110000,,,,"서울특별시 은평구 통일로 1021, 지하2층 B2AM25호 (진관동)",03312,,01,영업/정상,,,,
안경마을,1101793444,,,,193317.738544274,457582.41071229,2026-05-15 22:54:03,I,11,영업,,,기타수질오염원관리,2021-07-02 15:47:45,2021-07-02,,서울특별시 은평구 불광동 353-59 1층,311000025202100069,3110000,,,,"서울특별시 은평구 연서로 274, 1층 (불광동)",03349,,01,영업/정상,,,,
안경공장.공장장 렌즈아이,8023900013,,,,191964.672329596,453567.143943658,2026-05-15 22:54:03,I,11,영업,,,기타수질오염원관리,2021-07-02 15:47:45,2021-07-02,,서울특별시 은평구 증산동 168-2 1층,311000025202100070,3110000,,,,"서울특별시 은평구 증산로 305, 1층 (증산동)",03499,,01,영업/정상,,,02-307-0015,
아름다운시선,1491401048,,,2026-03-10,192166.504347874,456841.083566889,2026-05-15 22:54:03,I,2,폐업,,,기타수질오염원관리,2026-03-13 16:37:25,2021-07-02,,서울특별시 은평구 갈현동 498-4 구산빌딩 105호,311000025202100071,3110000,,,,"서울특별시 은평구 서오릉로 196, 구산빌딩 1층 105호 (갈현동)",03335,,03,폐업,,,02-6356-0429,
이노티안경 연신내점,7302200909,,,,192863.590182826,457535.494073808,2026-05-15 22:54:03,I,11,영업,,,기타수질오염원관리,2021-07-02 15:47:46,2021-07-02,,서울특별시 은평구 갈현동 395-24 1층,311000025202100072,3110000,,,,"서울특별시 은평구 통일로 865, 1층 (갈현동)",03330,,01,영업/정상,,,02-383-2577,
예스안경,1101584733,,,,193422.193273181,460413.01992851,2026-05-15 22:54:04,I,11,영업,,,기타수질오염원관리,2021-07-02 15:47:47,2021-07-02,,서울특별시 은평구 진관동 13 은평뉴타운상림마을 708동 112호,311000025202100073,3110000,,,,"서울특별시 은평구 진관4로 47, 708동 112호 (진관동, 은평뉴타운상림마을)",03303,,01,영업/정상,,,02-775-6000,
명품안경,1361370877,,,,192453.775146373,455222.314775578,2026-05-15 22:54:04,I,11,영업,,,기타수질오염원관리,2021-07-02 15:47:47,2021-07-02,,서울특별시 은평구 역촌동 85-41 리더스파크 106호,311000025202100074,3110000,,,,"서울특별시 은평구 연서로 1, 106호 (역촌동, 리더스파크)",03421,,01,영업/정상,,,02-386-3338,
글라스타 응암점,4950301377,,,,,,2026-05-15 22:54:04,I,11,영업,,,기타수질오염원관리,2021-07-02 15:47:48,2021-07-02,,서울특별시 은평구 응암동 427-53 1층,311000025202100075,3110000,,,,"서울특별시 은평구 응암로 258, 1층 (응암동)",03466,,01,영업/정상,,,02-3157-5105,
김진치과의원,1119607553,,,,193742.001500861,456507.962724869,2026-05-15 22:54:04,I,11,영업,,,기타수질오염원관리,2021-12-09 15:46:12,2021-12-09,,서울특별시 은평구 불광동 281-108 2층,311000025202100077,3110000,,,,"서울특별시 은평구 통일로 732, 2층 (불광동)",03368,,01,영업/정상,,,02-352-4374,
봄안경,5833501243,,,,192250.477590297,456749.24149003,2026-05-15 22:54:04,I,11,영업,,,기타수질오염원관리,2022-07-11 17:38:30,2022-07-11,,서울특별시 은평구 구산동 199-2 강산빌딩,311000025202200002,3110000,,,,"서울특별시 은평구 서오릉로 183, 강산빌딩 1층 (구산동)",03410,,01,영업/정상,,,02-308-7770,
GCO 안경 수색점,3300803001,,,,191064.019644654,453147.707700463,2026-05-15 22:54:03,I,11,영업,,,기타수질오염원관리,2024-05-07 16:35:56,2022-08-02,,서울특별시 은평구 수색동 30-2 DMC SK뷰 112호,311000025202200003,3110000,,,,"서울특별시 은평구 수색로 216, 112호 (수색동, DMC SK뷰)",03505,,01,영업/정상,,,02-3152-7778,
리얼오디오,1101943797,,,,193021.431799846,455306.728152513,2026-05-15 22:54:04,I,11,영업,,,기타수질오염원관리,2022-08-02 10:45:29,2022-08-02,,서울특별시 은평구 응암동 109-2 웨스트원 응암 302호,311000025202200004,3110000,,,,"서울특별시 은평구 응암로 321, 웨스트원 응암 3층 302호 (응암동)",03454,,01,영업/정상,,,02-391-2231,
수수안경,2924300867,,,,192306.817520091,454439.841357722,2026-05-15 22:54:03,I,11,영업,,,기타수질오염원관리,2022-08-02 11:16:48,2022-08-02,,서울특별시 은평구 신사동 335-8 1층,311000025202200005,3110000,,,,"서울특별시 은평구 증산로 403, 1층 (신사동)",03442,,01,영업/정상,,,02-3152-0509,
김혜옥 내과,1119615164,,,,192610.988662068,454303.346183836,2026-05-15 22:53:54,I,11,영업,,,기타수질오염원관리,2020-04-17 09:53:23,1998-09-23,,서울특별시 은평구 응암동 577-40,311000025199800005,3110000,,,,,,,01,영업/정상,,,02-303-0022,
서부성모의원,1119608625,,,,193936.125681025,456673.805557751,2026-05-15 22:53:54,I,11,영업,,,기타수질오염원관리,2008-05-13 11:52:46,1998-09-02,,서울특별시 은평구 불광동 554-1,311000025199800006,3110000,,,,,,,01,영업/정상,,,02-385-9730,
은평자동차공업사,1100790472,,,,191755.362694377,457167.90207071,2026-05-15 22:53:54,I,11,영업,,,기타수질오염원관리,2014-11-12 17:32:28,2000-12-19,,서울특별시 은평구 갈현동 326-14,311000025200000001,3110000,,,,서울특별시 은평구 서오릉로 250 (갈현동),,,01,영업/정상,,,,
신흥자동차공업사,,,자동차 종합 수리업,,,,2026-05-15 22:53:54,I,11,영업,0,,기타수질오염원관리,2001-05-02 14:00:26,2001-05-02,122-941,서울특별시 은평구 증산동 223-3,311000025200100001,3110000,자동차도장,0,,,,,01,영업/정상,,,,자동차 종합 수리업
대왕자동차공업사,,,자동차 전문 수리업,,,,2026-05-15 22:53:54,I,11,영업,0,,기타수질오염원관리,2001-05-02 14:10:07,2001-05-02,122-941,서울특별시 은평구 증산동 223-6,311000025200100002,3110000,,0,,,,,01,영업/정상,,,02-372-9825,자동차 전문 수리업
은평권역공영차고지,1058168527,,,,189809.444580946,454489.310071304,2026-05-15 22:53:54,I,11,영업,,,기타수질오염원관리,2026-01-23 13:46:19,2001-05-02,,서울특별시 은평구 수색동 414-1 시내버스 공영차고지,311000025200100007,3110000,,,,"서울특별시 은평구 수색로24길 19, 시내버스 공영차고지 (수색동)",03486,,01,영업/정상,,,02-308-5483,
서정태정형외과의원,,,,,,,2026-05-15 22:53:54,I,11,영업,0,,기타수질오염원관리,2003-07-14 15:58:51,2003-07-14,122-923,서울특별시 은평구 응암동 578-16,311000025200300002,3110000,,0,,,,,01,영업/정상,,,,
서정태정형외과의원,,,,,,,2026-05-15 22:53:54,I,11,영업,0,,기타수질오염원관리,2003-07-14 16:02:23,2003-07-14,122-923,서울특별시 은평구 응암동 578-16,311000025200300003,3110000,,0,,,,,01,영업/정상,,,,
대항외과의원,,,,,193631.22181057,455504.095982038,2026-05-15 22:53:54,I,11,영업,0,,기타수질오염원관리,2003-10-23 10:46:27,2003-10-23,122-835,서울특별시 은평구 녹번동 197,311000025200300006,3110000,,0,,,,,01,영업/정상,,,,
쉬즈산부인과의원,,,,,,,2026-05-15 22:53:54,I,11,영업,0,,기타수질오염원관리,2003-12-05 12:30:09,2003-12-05,122-923,서울특별시 은평구 응암동 578-49,311000025200300008,3110000,,0,,,,,01,영업/정상,,,,
한마음동물병원,1100819710,,,,191993.241663672,455411.934758025,2026-05-15 22:54:04,I,11,영업,,,기타수질오염원관리,2023-12-01 16:29:11,2003-04-08,,서울특별시 은평구 신사동 9-34,311000025200300058,3110000,,,,서울특별시 은평구 갈현로 35 (신사동),,,01,영업/정상,,,02-355-7931,
예일재활의학과의원,,,,,,,2026-05-15 22:53:54,I,11,영업,0,,기타수질오염원관리,2004-01-09 15:28:47,2004-01-09,122-882,서울특별시 은평구 신사동 22-37   동진빌딩2층,311000025200400001,3110000,,0,,,,,01,영업/정상,,,,
연세노블병원,1109091298,,병원,,,,2026-05-15 22:53:54,I,11,영업,0,,기타수질오염원관리,2004-03-27 16:47:04,2004-03-27,122-834,서울특별시 은평구 녹번동,311000025200400003,3110000,,0,,,,,01,영업/정상,,,,병원
은평하나의원,1119046739,,의원,,,,2026-05-15 22:53:54,I,11,영업,0,,기타수질오염원관리,2004-05-21 17:43:57,2004-05-21,122-813,서울특별시 은평구 갈현동,311000025200400010,3110000,,0,,,,,01,영업/정상,,,,의원
독도동물병원,,,,,,,2026-05-15 22:53:51,I,11,영업,0,,기타수질오염원관리,2004-06-01 10:38:08,2004-06-01,122-905,서울특별시 은평구 응암동,311000025200400012,3110000,,0,,,,,01,영업/정상,,,,
대항외과의원,,,병원,,,,2026-05-15 22:53:51,I,4,폐쇄,0,,기타수질오염원관리,2004-06-17 11:39:53,2004-06-17,122-835,서울특별시 은평구 녹번동,311000025200400013,3110000,,0,,,,,04,취소/말소/만료/정지/중지,,,,병원
중앙학문외과의원,1109103127,,병원,,,,2026-05-15 22:53:51,I,11,영업,0,,기타수질오염원관리,2005-03-24 16:27:00,2005-03-24,122-837,서울특별시 은평구 대조동,311000025200400016,3110000,,0,,,,,01,영업/정상,,,,병원
서울병원,,,,,193814.576026954,456279.905534701,2026-05-15 22:53:51,I,11,영업,,,기타수질오염원관리,2019-02-20 12:46:00,2004-10-27,,서울특별시 은평구 대조동 15-123,311000025200400021,3110000,,,,,,,01,영업/정상,,,,
최내과의원,1109127532,,,,191963.816071647,453604.244589995,2026-05-15 22:53:51,I,11,영업,,,기타수질오염원관리,2025-12-09 17:37:49,2004-12-18,,서울특별시 은평구 증산동 168-3 외1필지 평산빌딩2층201호,311000025200400022,3110000,,,,,,,01,영업/정상,,,,
김영환내과의원,,,,,194140.340023169,455375.622755975,2026-05-15 22:53:51,I,11,영업,,,기타수질오염원관리,2017-09-04 17:58:42,2005-01-12,,서울특별시 은평구 응암동 1-12 (2층),311000025200500001,3110000,,,,"서울특별시 은평구 은평로 219, 2층 (응암동)",03461,,01,영업/정상,,,,
우리신경외과,4169003203,,,,192384.710480558,456753.39995996,2026-05-15 22:53:51,I,11,영업,,,기타수질오염원관리,2025-12-09 17:37:50,2005-02-22,,서울특별시 은평구 갈현동 469-1 5(2층),311000025200500007,3110000,,,,,,,01,영업/정상,,,,
예스플러스동물병원,1109125043,,,,193917.79591497,456163.763992789,2026-05-15 22:53:51,I,11,영업,0,,기타수질오염원관리,2005-02-23 14:02:21,2005-02-23,122-831,서울특별시 은평구 녹번동 117-88 (1층),311000025200500008,3110000,,0,,,,,01,영업/정상,,,,
김성우내과의원,,,,,192840.990110586,457336.571190515,2026-05-15 22:53:51,I,4,폐쇄,,,기타수질오염원관리,2017-04-04 10:05:03,2005-03-03,,서울특별시 은평구 갈현동 456-36,311000025200500009,3110000,,,,,,,04,취소/말소/만료/정지/중지,,,,
(주)벤탈코리아,1088157204,,,,,,2026-05-15 22:53:51,I,11,영업,,,기타수질오염원관리,2007-12-27 10:36:55,2005-03-15,,서울특별시 은평구 응암동 112 (응암역 구내),311000025200500013,3110000,,,,,,,01,영업/정상,,,,
연세열린의원,1189019645,,일반 병원,,191912.854541741,453505.658147509,2026-05-15 22:53:52,I,11,영업,,,기타수질오염원관리,2022-09-05 10:56:15,2005-05-31,122-935,서울특별시 은평구 증산동 169-35 청록빌딩2층,311000025200500023,3110000,,,,,,,01,영업/정상,,,,일반 병원
박해문의원,1109138801,,일반 의원,,193804.538439779,456547.068499751,2026-05-15 22:53:52,I,11,영업,0,,기타수질오염원관리,2005-09-26 16:42:58,2005-09-26,122-858,서울특별시 은평구 불광동 281-60 (2층),311000025200500032,3110000,,0,,,,,01,영업/정상,,,,일반 의원
정우자동차공업사,,,자동차 수리업,,192504.754813401,456593.960034382,2026-05-15 22:53:53,I,11,영업,0,,기타수질오염원관리,2005-11-07 13:32:55,2005-11-07,122-819,서울특별시 은평구 구산동 2-35,311000025200500034,3110000,,0,,,,,01,영업/정상,,,,자동차 수리업
본정형외과의원,2049157383,,일반 의원,,191980.700252179,455227.374192559,2026-05-15 22:53:53,I,11,영업,0,,기타수질오염원관리,2006-01-10 09:55:32,2006-01-10,122-881,서울특별시 은평구 신사동 16-22,311000025200600001,3110000,,0,,,,,01,영업/정상,,,,일반 의원
신성칼라(주),1108135260,,,,192618.956144766,453968.777732375,2026-05-15 22:54:03,I,11,영업,,,기타수질오염원관리,2008-02-11 12:55:06,2006-03-02,,서울특별시 은평구 응암동 602-47 (2층),311000025200600003,3110000,,,,,,,01,영업/정상,,,,
한빛내과의원,1109114682,,일반 의원,,,,2026-05-15 22:53:53,I,11,영업,0,,기타수질오염원관리,2006-03-22 16:14:10,2006-03-22,122-899,서울특별시 은평구 역촌동 37-1    장원빌딩2층,311000025200600004,3110000,,0,,,,,01,영업/정상,,,,일반 의원
신흥자동차정비검사(주),,,자동차 종합 수리업,,191072.579213974,452993.797798164,2026-05-15 22:53:53,I,11,영업,0,,기타수질오염원관리,2006-04-19 09:27:06,2006-04-18,122-941,서울특별시 은평구 증산동 223-2,311000025200600005,3110000,자동차도장,0,,,,,01,영업/정상,,,,자동차 종합 수리업
신흥자동차정비검사(주),,,자동차 종합 수리업,,191072.579213974,452993.797798164,2026-05-15 22:53:53,I,11,영업,0,,기타수질오염원관리,2006-04-19 09:37:15,2006-04-18,122-941,서울특별시 은평구 증산동 223-2,311000025200600006,3110000,자동차도장,0,,,,,01,영업/정상,,,,자동차 종합 수리업
서울비뇨기과의원,1109153480,,,,192901.194776125,457313.592582707,2026-05-15 22:53:53,I,4,폐쇄,,,기타수질오염원관리,2017-01-09 17:59:03,2006-09-14,,서울특별시 은평구 대조동 198-4 8층,311000025200600009,3110000,,,,,,,04,취소/말소/만료/정지/중지,,,,
드림스튜디오,1271188291,,,,193069.847372818,455289.949040134,2026-05-15 22:53:53,I,11,영업,,,기타수질오염원관리,2009-10-14 16:26:49,2006-12-22,,서울특별시 은평구 응암동 103-35 1층 (좌2호),311000025200600012,3110000,,,,,,,01,영업/정상,,,,
늘편한내과의원,5159601111,,,,192017.924374175,455140.248754241,2026-05-15 22:53:53,I,11,영업,,,기타수질오염원관리,2022-08-29 09:59:04,2007-01-03,,서울특별시 은평구 신사동 20-8 신창빌딩 3층,311000025200700001,3110000,,,,"서울특별시 은평구 갈현로 8, 신창빌딩 3층 (신사동)",03423,,01,영업/정상,,,02-383-9138,
사진나라,1110303875,,,,193818.798979242,456308.321186721,2026-05-15 22:53:53,I,4,폐쇄,,,기타수질오염원관리,2017-02-24 15:33:33,2007-01-03,,서울특별시 은평구 대조동 15-34,311000025200700002,3110000,,,,서울특별시 은평구 통일로 709 (대조동),,,04,취소/말소/만료/정지/중지,,,02-388-7352,
신유내과의원,1109159747,,,,192898.009847781,457625.899026072,2026-05-15 22:53:53,I,11,영업,,,기타수질오염원관리,2013-04-11 17:06:18,2007-01-04,,서울특별시 은평구 불광동 484-76,311000025200700003,3110000,,,,,,,01,영업/정상,,,,
한국후지필름(주)이천일아울렛불광점,1108518594,,,,193661.732383169,456379.193899276,2026-05-15 22:53:53,I,11,영업,0,,기타수질오염원관리,2007-04-12 14:31:32,2007-04-12,122-030,서울특별시 은평구 대조동 240 지하1층,311000025200700004,3110000,,0,,,,,01,영업/정상,,,,
우리사랑의원,1119007681,,,,193629.467856025,456677.678455514,2026-05-15 22:53:58,I,11,영업,,,기타수질오염원관리,2007-10-12 11:48:57,2007-10-12,,서울특별시 은평구 불광동 267-1,311000025200700007,3110000,,,,,,,01,영업/정상,,,,
유태열,1109166215,,,,192590.88736585,454194.693989828,2026-05-15 22:53:56,I,11,영업,,,기타수질오염원관리,2007-12-17 14:29:40,2007-12-17,,서울특별시 은평구 응암동 590-4 2층,311000025200700010,3110000,,,,,,,01,영업/정상,,,,
(주)벤탈코리아,1088157204,,,,,,2026-05-15 22:53:57,I,11,영업,,,기타수질오염원관리,2007-12-26 15:37:58,2007-05-07,,서울특별시 은평구 구산동 1 (구산역 구내),311000025200700012,3110000,,,,,,,01,영업/정상,,,,
(주)벤탈코리아,1088157204,,,,,,2026-05-15 22:53:57,I,11,영업,,,기타수질오염원관리,2007-12-26 15:38:37,2007-05-07,,서울특별시 은평구 역촌동 17 (역촌역 구내),311000025200700013,3110000,,,,,,,01,영업/정상,,,,
(주)벤탈코리아,1088157204,,,,,,2026-05-15 22:53:57,I,11,영업,,,기타수질오염원관리,2007-12-26 15:39:46,2007-05-07,,서울특별시 은평구 증산동 169 (증산역 구내),311000025200700015,3110000,,,,,,,01,영업/정상,,,,
연세우리내과의원,1109185212,,,,192656.302129643,456562.163418874,2026-05-15 22:53:54,I,4,폐쇄,,,기타수질오염원관리,2017-04-04 10:05:01,2008-12-09,,서울특별시 은평구 대조동 224-24 3층,311000025200800012,3110000,,,,,,,04,취소/말소/만료/정지/중지,,,,
수화칼라,1110125083,,,,192506.256904016,457560.586397904,2026-05-15 22:53:54,I,4,폐쇄,,,기타수질오염원관리,2018-01-19 17:48:05,2008-12-30,,서울특별시 은평구 갈현동 433-7 1층,311000025200800014,3110000,,,,,,,04,취소/말소/만료/정지/중지,,,,
노블요양병원,1099044382,,,,192972.510360374,455129.703361347,2026-05-15 22:53:54,I,11,영업,,,기타수질오염원관리,2009-05-18 13:58:57,2009-05-18,,서울특별시 은평구 응암동 104-7,311000025200900005,3110000,,,,,,,01,영업/정상,,,,
한남버스(주),6328703426,,,,,,2026-05-15 22:53:54,I,11,영업,,,기타수질오염원관리,2025-08-23 14:39:37,2010-02-23,,서울특별시 은평구 진관동 36 진관공영차고지,311000025201000002,3110000,,,,"서울특별시 은평구 통일로 1190, 진관공영차고지 (진관동)",03300,,01,영업/정상,,,02-3157-4350,
조은내과,1109051224,,,,192525.783337,457505.127498581,2026-05-15 22:54:02,I,11,영업,,,기타수질오염원관리,2010-09-09 17:46:28,2010-09-08,,서울특별시 은평구 갈현동 451-2,311000025201000010,3110000,,,,,,,01,영업/정상,,,02-355-5478,
뉴타운동물병원,1101793099,,,,193103.427054842,459986.856034813,2026-05-15 22:54:01,I,4,폐쇄,,,기타수질오염원관리,2017-04-20 15:11:33,2011-12-19,,서울특별시 은평구 진관동 20 은평뉴타운상림마을 821-101,311000025201100007,3110000,,,,"서울특별시 은평구 진관3로 70 (진관동,은평뉴타운상림마을 821-101)",,,04,취소/말소/만료/정지/중지,,,02-385-8275,
포토북,1418121324,,,,190612.80959612,453436.911351726,2026-05-15 22:54:03,I,4,폐쇄,,,기타수질오염원관리,2017-08-10 11:31:21,2012-04-20,,서울특별시 은평구 수색동 366-11,311000025201200002,3110000,,,,,,,04,취소/말소/만료/정지/중지,,,070-4099-4107,
n사진관,,,,,,,2026-05-15 22:54:03,I,11,영업,,,기타수질오염원관리,2012-05-08 19:39:22,2012-05-08,,서울특별시 은평구 갈현동,311000025201200003,3110000,,,,,,,01,영업/정상,,,,
이현승내과,1119059307,,,,193138.743580345,455325.930943773,2026-05-15 22:54:03,I,11,영업,,,기타수질오염원관리,2012-05-24 17:41:33,2012-05-24,,서울특별시 은평구 응암동 98-65 은경B/D 3층,311000025201200004,3110000,,,,,,,01,영업/정상,,,,
모던기획,1100270957,,,,190936.467661347,453453.94075054,2026-05-15 22:53:59,I,4,폐쇄,,,기타수질오염원관리,2018-04-13 15:47:39,2014-02-27,,서울특별시 은평구 수색동 165-5,311000025201400001,3110000,,,,서울특별시 은평구 수색로14길 23 (수색동),,,04,취소/말소/만료/정지/중지,,,02-374-0666,
한국효요양병원,1109250646,,,,193475.567133743,455434.54525995,2026-05-15 22:54:00,I,4,폐쇄,,,기타수질오염원관리,2017-10-20 10:15:18,2014-03-03,,,311000025201400002,3110000,,,,서울특별시 은평구 은평로 170 (녹번동),,,04,취소/말소/만료/정지/중지,,,02-352-3552,
수내과,1109163635,,,,193030.130167261,455321.511069497,2026-05-15 22:54:03,I,4,폐쇄,,,기타수질오염원관리,2018-11-14 17:48:37,2015-01-23,,서울특별시 은평구 응암동 109-1,311000025201500002,3110000,,,,"서울특별시 은평구 은평로 123 (응암동, 응암아네스트)",03461,,04,취소/말소/만료/정지/중지,,,02-359-7557,
수상한사진관연신내점,1551300197,,,,192840.990110586,457336.571190515,2026-05-15 22:54:03,I,11,영업,,,기타수질오염원관리,2016-04-19 13:43:32,2016-04-19,,,311000025201600003,3110000,,,,서울특별시 은평구 연서로 219 (갈현동),03331,,01,영업/정상,,,02-352-0398,
365포토스튜디오,2100161824,,,,192635.074173108,454146.24071029,2026-05-15 22:54:03,I,4,폐쇄,,,기타수질오염원관리,2018-04-25 13:45:36,2016-08-16,,,311000025201600005,3110000,,,,서울특별시 은평구 응암로 200 (응암동),03478,,04,취소/말소/만료/정지/중지,,,02-375-0613,
노내과,,,,,193011.196493563,457309.253718808,2026-05-15 22:54:03,I,4,폐쇄,,,기타수질오염원관리,2017-05-23 14:08:28,2017-05-22,,,311000025201700001,3110000,,,,서울특별시 은평구 통일로 839 (대조동),03385,,04,취소/말소/만료/정지/중지,,,,
스톡쥬얼리,2590800476,,,,192483.279532499,454650.476836021,2026-05-15 22:54:03,I,11,영업,,,기타수질오염원관리,2017-05-24 18:10:42,2017-05-24,,,311000025201700002,3110000,,,,서울특별시 은평구 응암로21길 19-1 (응암동),03457,,01,영업/정상,,,,
구민내과의원,1109075454,,,,192096.207037701,456872.782936489,2026-05-15 22:54:03,I,11,영업,,,기타수질오염원관리,2017-07-13 17:43:47,2017-07-13,,서울특별시 은평구 갈현동 508-11 2층,311000025201700003,3110000,,,,"서울특별시 은평구 서오릉로 204 (갈현동,2층)",,,01,영업/정상,,,,
수지정형외과의원,1019074558,,,,192604.061969651,454327.478887735,2026-05-15 22:54:03,I,11,영업,,,기타수질오염원관리,2019-12-23 10:49:45,2017-12-15,,서울특별시 은평구 응암동 577-16 명남더블레스아파트2차,311000025201700005,3110000,,,,"서울특별시 은평구 응암로 215, 304호 (응암동, 명남더블레스아파트2차)",03457,,01,영업/정상,,,02-734-5114,
응암동물병원,1100699011,,,,191859.619257882,454581.328200719,2026-05-15 22:54:03,I,4,폐쇄,,,기타수질오염원관리,2018-01-15 14:21:31,2018-01-15,,서울특별시 은평구 신사동 359 현대1차아파트,311000025201800001,3110000,,,,"서울특별시 은평구 은평터널로 164 (신사동, 현대1차아파트)",03444,,04,취소/말소/만료/정지/중지,,,,
연서동물병원,1119030450,,,,192679.159197802,456765.950221384,2026-05-15 22:54:03,I,4,폐쇄,,,기타수질오염원관리,2018-01-16 16:24:11,2018-01-16,,서울특별시 은평구 대조동 223-13,311000025201800002,3110000,,,,서울특별시 은평구 연서로 162 (대조동),03388,,04,취소/말소/만료/정지/중지,,,,
유계수내과의원,,,,,192418.156629913,456728.194791612,2026-05-15 22:54:03,I,4,폐쇄,,,기타수질오염원관리,2019-05-01 10:23:30,2018-11-26,,서울특별시 은평구 갈현동 469-5,311000025201800004,3110000,,,,서울특별시 은평구 서오릉로 168 (갈현동),03336,,04,취소/말소/만료/정지/중지,,,,
서부병원,,,,,193094.466511401,455408.434327848,2026-05-15 22:54:03,I,4,폐쇄,,,기타수질오염원관리,2018-12-11 18:03:27,2018-12-11,,서울특별시 은평구 응암동 87-7,311000025201800005,3110000,,,,서울특별시 은평구 은평로 133 (응암동),03460,,04,취소/말소/만료/정지/중지,,,,
연세수내과,1109164352,,,,192901.194776125,457313.592582707,2026-05-15 22:54:04,I,11,영업,,,기타수질오염원관리,2019-03-04 18:03:11,2019-03-04,,서울특별시 은평구 대조동 198-4 유니온빌딩,311000025201900003,3110000,,,,"서울특별시 은평구 연서로 222, 유니온빌딩 (대조동)",03385,,01,영업/정상,,,02-384-7574,
정원의원,1109046075,,,,192489.657662728,457501.092820933,2026-05-15 22:54:04,I,11,영업,,,기타수질오염원관리,2020-04-03 11:19:56,2020-04-03,,서울특별시 은평구 갈현동 449-4,311000025202000002,3110000,,,,서울특별시 은평구 갈현로 255 (갈현동),03321,,01,영업/정상,,,02-386-8051,
수앤미치과의원,1109149555,,,,192111.911925208,456865.77050679,2026-05-15 22:54:03,I,11,영업,,,기타수질오염원관리,2020-09-02 11:09:18,2020-09-02,,서울특별시 은평구 갈현동 508-5,311000025202000005,3110000,,,,"서울특별시 은평구 서오릉로 202, 3층 (갈현동)",03325,,01,영업/정상,,,02-383-2275,
수색연세치과의원,1119004914,,,,192345.084461084,455135.883123092,2026-05-15 22:54:03,I,11,영업,,,기타수질오염원관리,2020-09-18 17:22:33,2020-09-18,,서울특별시 은평구 신사동 22-37 안건빌딩,311000025202000007,3110000,,,,"서울특별시 은평구 은평로 56, 안건빌딩 3층 (신사동)",03449,,01,영업/정상,,,,
민마취통증의학과의원,1109178273,,일반 의원,,193649.044990321,456508.567801964,2026-05-15 22:54:03,I,11,영업,,,기타수질오염원관리,2020-11-02 10:22:28,2020-11-02,,서울특별시 은평구 대조동 12-32 상일빌딩 3층,311000025202000015,3110000,,,,"서울특별시 은평구 통일로67길 3  (대조동,상일빌딩 3층)",,,01,영업/정상,,,,일반 의원
한사랑의원,1199000566,,,,,,2026-05-15 22:54:04,I,11,영업,,,기타수질오염원관리,2020-11-25 13:46:30,2020-11-24,,서울특별시 은평구 갈현동 451-1,311000025202000017,3110000,,,,,,,01,영업/정상,,,,
불광그랑프리안경,1100426208,,,,194002.701726955,456937.542510222,2026-05-15 22:54:04,I,11,영업,,,기타수질오염원관리,2024-12-23 09:04:47,2021-06-03,,서울특별시 은평구 불광동 631-1 대호프라자아파트 106호,311000025202100001,3110000,,,,"서울특별시 은평구 불광로 90, 106호 (불광동, 대호프라자아파트)",03364,,01,영업/정상,,,02-3157-0001,
안경마을응암점,2100256177,,,,193394.393063076,455415.602580264,2026-05-15 22:54:04,I,11,영업,,,기타수질오염원관리,2021-06-03 11:12:07,2021-06-03,,서울특별시 은평구 응암동 96-19 삼영N-CITY 1호,311000025202100002,3110000,,,,"서울특별시 은평구 은평로 164, 1층 1호 (응암동, 삼영N-CITY)",03462,,01,영업/정상,,,,
아이글라스,1112486298,,,,192774.017535072,457907.839662781,2026-05-15 22:54:04,I,11,영업,,,기타수질오염원관리,2021-06-03 11:12:13,2021-06-03,,서울특별시 은평구 갈현동 412-10 1층,311000025202100003,3110000,,,,"서울특별시 은평구 통일로87길 8, 1층 (갈현동)",03328,,01,영업/정상,,,02-354-8858,
다비치안경불광점,1101651170,,,,193815.003892284,456401.253507205,2026-05-15 22:54:04,I,11,영업,,,기타수질오염원관리,2021-06-03 11:12:18,2021-06-03,,"서울특별시 은평구 불광동 281-174 1, 2층",311000025202100004,3110000,,,,"서울특별시 은평구 통일로 716-1, 1,2 층 (불광동)",03368,,01,영업/정상,,,02-352-7804,
그랑프리안경응암오거리점,1101548872,,,,192483.06821132,454308.740814438,2026-05-15 22:54:04,I,11,영업,,,기타수질오염원관리,2021-06-03 11:12:23,2021-06-03,,서울특별시 은평구 응암동 585-17,311000025202100005,3110000,,,,서울특별시 은평구 가좌로 243 (응암동),03484,,01,영업/정상,,,02-308-1254,
아토안경,1331367183,,,,192602.101746852,456409.527604029,2026-05-15 22:54:04,I,11,영업,,,기타수질오염원관리,2021-06-03 11:12:28,2021-06-03,,서울특별시 은평구 역촌동 7-4 은성빌딩 1층,311000025202100006,3110000,,,,"서울특별시 은평구 연서로 126, 은성빌딩 1층 (역촌동)",03399,,01,영업/정상,,,070-4131-3591,
안경박사녹십자안경,1113350910,,,,191545.050373675,453244.229758597,2026-05-15 22:54:04,I,11,영업,,,기타수질오염원관리,2021-06-03 11:12:33,2021-06-03,,서울특별시 은평구 증산동 184-9 대현상가 마-1 26/4,311000025202100007,3110000,,,,"서울특별시 은평구 증산로3길 12, 증산시장 (증산동)",03500,,01,영업/정상,,,02-308-1724,
에이클럽안경콘택트,1114505854,,,,192015.395820297,455954.442402326,2026-05-15 22:54:04,I,11,영업,,,기타수질오염원관리,2021-06-03 11:12:37,2021-06-03,,서울특별시 은평구 역촌동 54-1,311000025202100008,3110000,,,,서울특별시 은평구 갈현로 89 (역촌동),03430,,01,영업/정상,,,02-358-4772,
나래안경,1101534403,,,,193795.322118405,456539.470407929,2026-05-15 22:54:04,I,11,영업,,,기타수질오염원관리,2021-06-03 11:12:42,2021-06-03,,서울특별시 은평구 불광동 281-74,311000025202100009,3110000,,,,서울특별시 은평구 불광로 42 (불광동),03368,,01,영업/정상,,,02-357-0013,
에스엠안경,1101083613,,,,192674.132684249,454664.166810326,2026-05-15 22:54:04,I,11,영업,,,기타수질오염원관리,2021-06-03 11:12:46,2021-06-03,,서울특별시 은평구 응암동 124-17 외환은행,311000025202100010,3110000,,,,"서울특별시 은평구 응암로 247, 외환은행 (응암동)",03456,,01,영업/정상,,,02-382-1001,
안경공화국,1080985932,,,,193629.467856025,456677.678455514,2026-05-15 22:54:04,I,11,영업,,,기타수질오염원관리,2022-08-22 09:45:58,2021-06-03,,서울특별시 은평구 불광동 267-1 1층,311000025202100011,3110000,,,,"서울특별시 은평구 통일로 750, 1층 (불광동)",03355,,01,영업/정상,,,02-353-1003,
글라스온안경 연신내점,1101793032,,,,192793.958167899,457377.9143983,2026-05-15 22:54:04,I,11,영업,,,기타수질오염원관리,2024-04-23 13:31:35,2021-06-03,,서울특별시 은평구 갈현동 455-20,311000025202100012,3110000,,,,"서울특별시 은평구 연서로29길 7-2, 1층 (갈현동)",03331,,01,영업/정상,,,02-387-7223,
클리어안경콘택트,1100971483,,,,191980.642590682,455371.996640012,2026-05-15 22:54:04,I,11,영업,,,기타수질오염원관리,2021-06-03 11:13:01,2021-06-03,,서울특별시 은평구 신사동 9-24 신사코아아파트 104호,311000025202100013,3110000,,,,"서울특별시 은평구 갈현로 29, 104호 (신사동, 신사코아아파트)",03435,,01,영업/정상,,,02-359-6378,
타임안경,1101475563,,,,192831.890771242,457944.191911493,2026-05-15 22:54:04,I,11,영업,,,기타수질오염원관리,2021-06-03 11:13:06,2021-06-03,,서울특별시 은평구 갈현동 392-5,311000025202100014,3110000,,,,"서울특별시 은평구 통일로 905, 1층 (갈현동)",03328,,01,영업/정상,,,02-354-0011,
안경나라,1101499603,,,,192810.07354614,457905.061908856,2026-05-15 22:54:04,I,11,영업,,,기타수질오염원관리,2021-06-03 11:13:11,2021-06-03,,서울특별시 은평구 갈현동 392-9,311000025202100015,3110000,,,,"서울특별시 은평구 통일로87길 4, 1층 (갈현동)",03328,,01,영업/정상,,,02-388-6911,
영보안경,1114612522,,,,192043.165360095,455100.215133752,2026-05-15 22:54:04,I,11,영업,,,기타수질오염원관리,2021-06-03 11:13:16,2021-06-03,,서울특별시 은평구 신사동 20-4,311000025202100016,3110000,,,,서울특별시 은평구 은평로 25 (신사동),03423,,01,영업/정상,,,02-383-0516,
바라보다,4500600212,,,,,,2026-05-15 22:54:04,I,11,영업,,,기타수질오염원관리,2021-06-03 11:13:20,2021-06-03,,서울특별시 은평구 진관동 70 메트로프라자 101~1호,311000025202100017,3110000,,,,"서울특별시 은평구 진관2로 15-46, 메트로프라자 101~102호 (진관동)",03306,,01,영업/정상,,,,
글라스벤안경원,4045300396,,,,192542.085558367,456642.166918128,2026-05-15 22:54:04,I,11,영업,,,기타수질오염원관리,2021-06-03 11:13:25,2021-06-03,,서울특별시 은평구 갈현동 465-16,311000025202100018,3110000,,,,"서울특별시 은평구 서오릉로 152, 1층 (갈현동)",03336,,01,영업/정상,,,,
아이캡슐안경원,1110149498,,,,191984.47539716,454865.072075763,2026-05-15 22:54:04,I,11,영업,,,기타수질오염원관리,2021-06-03 11:13:29,2021-06-03,,서울특별시 은평구 신사동 30-10 1층,311000025202100019,3110000,,,,"서울특별시 은평구 가좌로 318, 1층 (신사동)",03451,,01,영업/정상,,,,
내 마음에 든 안경,1101030718,,,,192485.829636244,457426.643844741,2026-05-15 22:54:04,I,11,영업,,,기타수질오염원관리,2021-06-03 11:13:34,2021-06-03,,서울특별시 은평구 갈현동 451-13 1층,311000025202100020,3110000,,,,"서울특별시 은평구 갈현로 250, 1층 (갈현동)",03331,,01,영업/정상,,,,
다비치 안경원,1101580630,,,,193125.267795154,457168.575653346,2026-05-15 22:54:03,I,11,영업,,,기타수질오염원관리,2021-06-11 08:54:31,2021-06-11,,"서울특별시 은평구 대조동 187-1 1, 2층",311000025202100021,3110000,,,,"서울특별시 은평구 통일로 821, 1, 2층 (대조동)",03385,,01,영업/정상,,,,
빠리안경,1114614442,,,,192261.709478994,454530.675025092,2026-05-15 22:54:03,I,11,영업,,,기타수질오염원관리,2021-06-11 08:54:34,2021-06-11,,서울특별시 은평구 신사동 335-36 1층,311000025202100022,3110000,,,,"서울특별시 은평구 가좌로 275-1, 1층 (신사동)",03442,,01,영업/정상,,,,
엘림안경,1101475348,,,,192026.412014375,455494.559012821,2026-05-15 22:54:03,I,11,영업,,,기타수질오염원관리,2021-06-11 08:54:34,2021-06-11,,서울특별시 은평구 신사동 7-4 1층,311000025202100023,3110000,,,,"서울특별시 은평구 갈현로 44, 1층 (신사동)",03422,,01,영업/정상,,,,
삼성안경프라자,1101016040,,,,190648.995217639,453385.382719846,2026-05-15 22:54:03,I,11,영업,,,기타수질오염원관리,2021-06-11 08:54:35,2021-06-11,,서울특별시 은평구 수색동 368-6 1층,311000025202100024,3110000,,,,"서울특별시 은평구 수색로 266-1, 1층 (수색동)",03489,,01,영업/정상,,,,
아이피아 롯데몰 은평점,5371301059,,,,192694.92374224,459461.236119623,2026-05-15 22:54:03,I,11,영업,,,기타수질오염원관리,2021-06-11 08:54:36,2021-06-11,,서울특별시 은평구 진관동 63 롯데몰 은평점1층 아이피아안경,311000025202100025,3110000,,,,"서울특별시 은평구 통일로 1050, 롯데몰 은평점 1층 (진관동)",03306,,01,영업/정상,,,69755136,
트랜디카안경,1101287248,,,,192017.924374175,455140.248754241,2026-05-15 22:54:03,I,11,영업,,,기타수질오염원관리,2023-01-31 11:04:33,2021-06-11,,서울특별시 은평구 신사동 20-8 신창빌딩 101호,311000025202100026,3110000,,,,"서울특별시 은평구 갈현로 8, 신창빌딩 101호 (신사동)",03423,,01,영업/정상,,,,
그안,1102037952,,,,192543.244776919,453976.545816328,2026-05-15 22:54:03,I,11,영업,,,기타수질오염원관리,2021-06-11 08:54:37,2021-06-11,,서울특별시 은평구 응암동 598-26 1층,311000025202100027,3110000,,,,"서울특별시 은평구 응암로 179, 1층 (응암동)",03485,,01,영업/정상,,,,
1001 안경콘택트 (은평구청점),1100423837,,,,193780.199552365,455421.910310391,2026-05-15 22:54:03,I,11,영업,,,기타수질오염원관리,2021-06-11 08:54:38,2021-06-11,,서울특별시 은평구 응암동 74-6,311000025202100028,3110000,,,,서울특별시 은평구 은평로 204 (응암동),03472,,01,영업/정상,,,,
아이마트 안경 렌즈타운 구산점,1180366037,,,,192584.639355994,456538.922729473,2026-05-15 22:54:03,I,11,영업,,,기타수질오염원관리,2021-06-11 08:54:39,2021-06-11,,서울특별시 은평구 구산동 1-1 1층,311000025202100029,3110000,,,,"서울특별시 은평구 연서로 137, 1층 (구산동)",03412,,01,영업/정상,,,,
마임안경원,1132138016,,,,193098.510716617,457413.485554704,2026-05-15 22:54:03,I,11,영업,,,기타수질오염원관리,2024-02-21 16:25:30,2021-06-11,,서울특별시 은평구 불광동 308-10 타워크리닉,311000025202100031,3110000,,,,"서울특별시 은평구 연서로 246, 타워크리닉 103호 (불광동)",03350,,01,영업/정상,,,,
글라스(GLASS) 988,5393900298,,,,192812.253774617,459266.981388393,2026-05-15 22:54:03,I,11,영업,,,기타수질오염원관리,2021-06-11 08:54:41,2021-06-11,,서울특별시 은평구 진관동 72 드림스퀘어 104호,311000025202100032,3110000,,,,"서울특별시 은평구 진관2로 29-21, 드림스퀘어 104호 (진관동)",03306,,01,영업/정상,,,,
공공안경타운,1100384496,,,,192606.765708866,454040.039367919,2026-05-15 22:54:03,I,11,영업,,,기타수질오염원관리,2021-06-11 08:54:41,2021-06-11,,서울특별시 은평구 응암동 601-65,311000025202100033,3110000,,,,서울특별시 은평구 응암로 188 (응암동),03478,,01,영업/정상,,,,
클락글라스,1115209519,,,,193177.15490721,455343.762343579,2026-05-15 22:54:03,I,11,영업,,,기타수질오염원관리,2022-12-01 14:05:00,2021-06-11,,서울특별시 은평구 응암동 98-50,311000025202100034,3110000,,,,서울특별시 은평구 은평로 142 (응암동),03462,,01,영업/정상,,,,
1001안경콘택트응암점,1100869374,,,,192638.550004963,454206.883795033,2026-05-15 22:54:03,I,11,영업,,,기타수질오염원관리,2021-06-11 08:54:43,2021-06-11,,서울특별시 은평구 응암동 576-48,311000025202100035,3110000,,,,서울특별시 은평구 응암로 204 (응암동),03470,,01,영업/정상,,,,
아프리카안경(롯데은평점),1160668966,,,,192694.92374224,459461.236119623,2026-05-15 22:54:03,I,11,영업,,,기타수질오염원관리,2021-06-16 17:31:40,2021-06-16,,서울특별시 은평구 진관동 63 롯데몰 은평점 3층,311000025202100036,3110000,,,,"서울특별시 은평구 통일로 1050, 롯데몰 은평점 3층 (진관동)",03306,,01,영업/정상,,,69755307,
이노티안경구파발점,8610500962,,,,,,2026-05-15 22:54:03,I,11,영업,,,기타수질오염원관리,2021-06-16 17:31:41,2021-06-16,,서울특별시 은평구 진관동 100-6 메이플카운티2차 1층 118호,311000025202100037,3110000,,,,"서울특별시 은평구 진관2로 12, 메이플카운티2차 1층 118호 (진관동)",03311,,01,영업/정상,,,,
안경진정성(녹번점),5160101874,,,,193914.648457333,455188.446841774,2026-05-15 22:54:03,I,11,영업,,,기타수질오염원관리,2021-06-16 17:31:42,2021-06-16,,서울특별시 은평구 응암동 769 녹번역e편한세상캐슬 A동 101호,311000025202100038,3110000,,,,"서울특별시 은평구 은평로 220, A동 101호 (응암동, 녹번역e편한세상캐슬)",03472,,01,영업/정상,,,,
안경을쓰다 역촌역점,1101454488,,,,193117.595814664,456046.404115632,2026-05-15 22:54:03,I,11,영업,,,기타수질오염원관리,2021-06-16 17:31:42,2021-06-16,,서울특별시 은평구 대조동 179-36 1층,311000025202100039,3110000,,,,"서울특별시 은평구 진흥로 111, 1층 (대조동)",03395,,01,영업/정상,,,,
으뜸플러스안경,3135900388,,,,193730.546135843,456556.71682307,2026-05-15 22:54:03,I,11,영업,,,기타수질오염원관리,2021-06-16 17:31:43,2021-06-16,,서울특별시 은평구 불광동 274-10 2층,311000025202100040,3110000,,,,"서울특별시 은평구 불광로 37, 2층 (불광동)",03358,,01,영업/정상,,,,
밝은세상안경,1114026039,,,,192646.05855542,453988.602614144,2026-05-15 22:54:03,I,11,영업,,,기타수질오염원관리,2021-06-16 17:31:44,2021-06-16,,서울특별시 은평구 응암동 601-58,311000025202100041,3110000,,,,서울특별시 은평구 응암로12길 5-1 (응암동),03478,,01,영업/정상,,,,
으뜸플러스안경(응암점),4832701104,,,,192891.407636162,455281.839111425,2026-05-15 22:54:03,I,11,영업,,,기타수질오염원관리,2021-06-16 17:31:44,2021-06-16,,서울특별시 은평구 응암동 110-57 1층 우측 일부,311000025202100042,3110000,,,,"서울특별시 은평구 은평로 112, 1층 (응암동)",03454,,01,영업/정상,,,,
투리스 안경,1114135573,,,,192568.33644394,457529.375616995,2026-05-15 22:54:03,I,11,영업,,,기타수질오염원관리,2021-06-16 17:31:45,2021-06-16,,서울특별시 은평구 갈현동 432-15,311000025202100043,3110000,,,,서울특별시 은평구 연서로29길 36 (갈현동),03330,,01,영업/정상,,,,
안경매니아,6553300870,,,,193914.648457333,455188.446841774,2026-05-15 22:54:04,I,11,영업,,,기타수질오염원관리,2021-06-16 17:31:46,2021-06-16,,서울특별시 은평구 응암동 769 녹번역e편한세상캐슬 B동 128호,311000025202100044,3110000,,,,"서울특별시 은평구 은평로 220, B동 128호 (응암동, 녹번역e편한세상캐슬)",03472,,01,영업/정상,,,,
오웰안경(증산점),8430202340,,,,191640.211082375,453446.722064174,2026-05-15 22:54:04,I,11,영업,,,기타수질오염원관리,2021-10-06 10:02:07,2021-06-16,,서울특별시 은평구 증산동 209-5 1층,311000025202100045,3110000,,,,"서울특별시 은평구 증산서길 75, 1층 (증산동)",03493,,01,영업/정상,,,,
라인안경콘택트,1101512336,,,,192644.619468849,455218.08657864,2026-05-15 22:54:04,I,11,영업,,,기타수질오염원관리,2021-06-16 17:31:47,2021-06-16,,서울특별시 은평구 응암동 111-15 1층,311000025202100046,3110000,,,,"서울특별시 은평구 은평로 86, 1층 (응암동)",03453,,01,영업/정상,,,,
파르베안경원,1101323936,,,,193661.732383169,456379.193899276,2026-05-15 22:54:04,I,11,영업,,,기타수질오염원관리,2021-06-16 17:31:48,2021-06-16,,서울특별시 은평구 대조동 240 NC백화점 지하1층,311000025202100047,3110000,,,,"서울특별시 은평구 불광로 20, NC백화점 지하1층 (대조동)",03397,,01,영업/정상,,,,
그레이스안경콘택트,1070218348,,,,192331.396306637,457122.293583662,2026-05-15 22:54:04,I,11,영업,,,기타수질오염원관리,2021-06-16 17:31:48,2021-06-16,,서울특별시 은평구 갈현동 505-6 썬버드빌딩 1층,311000025202100048,3110000,,,,"서울특별시 은평구 갈현로 213, 썬버드빌딩 1층 (갈현동)",03324,,01,영업/정상,,,,
다비치안경 응암이마트옆점,4290101357,,,,192754.063847027,455293.095287211,2026-05-15 22:54:04,I,11,영업,,,기타수질오염원관리,2022-12-01 14:04:59,2021-06-16,,서울특별시 은평구 응암동 91-1,311000025202100049,3110000,,,,서울특별시 은평구 은평로 99 (응암동),03461,,01,영업/정상,,,,
수색이마트안경,3150352814,,,2026-03-31,190977.850603548,453037.787995874,2026-05-15 22:54:04,I,2,폐업,,,기타수질오염원관리,2026-04-03 10:41:40,2021-06-16,,서울특별시 은평구 수색동 75 수색이마트 2층,311000025202100050,3110000,,,,"서울특별시 은평구 수색로 217 (수색동, 디엠씨 자이1단지(DMC 자이1))",03504,,03,폐업,,,,
"아이&유 안경, 콘택트",6467100510,,,,192943.276280706,456213.469152375,2026-05-15 22:54:04,I,11,영업,,,기타수질오염원관리,2025-12-01 18:00:33,2021-06-16,,서울특별시 은평구 역촌동 14-3,311000025202100051,3110000,,,,서울특별시 은평구 서오릉로 93 (역촌동),03404,,01,영업/정상,,,,
씨엔안경,1100691469,,,,192634.234878966,457493.825494944,2026-05-15 22:54:04,I,11,영업,,,기타수질오염원관리,2021-06-16 17:31:51,2021-06-16,,서울특별시 은평구 갈현동 431-9,311000025202100052,3110000,,,,서울특별시 은평구 연서로29길 30 (갈현동),03330,,01,영업/정상,,,,
으뜸플러스안경 은평뉴타운점,8933000980,,안경 소매업,,192831.901570697,459170.418887077,2026-05-15 22:54:04,I,11,영업,,,기타수질오염원관리,2022-12-01 11:21:06,2021-06-16,,서울특별시 은평구 진관동 74 휴먼프라자 I 1동 124호,311000025202100053,3110000,,,,"서울특별시 은평구 진관2로 19, 휴먼프라자 I 1동 124호 (진관동)",03306,,01,영업/정상,,,070-7818-4004,안경 소매업
크리스탈안경원,1110302158,,,,192087.613820828,456819.511144865,2026-05-15 22:54:04,I,11,영업,,,기타수질오염원관리,2021-06-16 17:31:53,2021-06-16,,서울특별시 은평구 구산동 202-3,311000025202100055,3110000,,,,서울특별시 은평구 서오릉로 201 (구산동),03426,,01,영업/정상,,,,
으뜸50안경 불광점,5894300572,,,,193612.791157753,456581.836941281,2026-05-15 22:54:04,I,11,영업,,,기타수질오염원관리,2021-06-16 17:31:54,2021-06-16,,서울특별시 은평구 대조동 5-11 Das Haus 2층 201호,311000025202100056,3110000,,,,"서울특별시 은평구 통일로 741-1, 2층 201호 (대조동, Das Haus)",03396,,01,영업/정상,,,,
글라스옵트,1101972818,,,,192419.370318465,455963.411506159,2026-05-15 22:54:03,I,11,영업,,,기타수질오염원관리,2021-07-02 09:54:03,2021-07-02,,서울특별시 은평구 역촌동 45-29,311000025202100057,3110000,,,,서울특별시 은평구 역말로 43 (역촌동),03416,,01,영업/정상,,,02-388-3003,
글라스바바(응암점),2011057973,,,,193559.071518995,455440.282316808,2026-05-15 22:54:03,I,11,영업,,,기타수질오염원관리,2024-04-29 11:21:53,2021-07-02,,서울특별시 은평구 응암동 93-5,311000025202100058,3110000,,,,"서울특별시 은평구 은평로 182, 1층 (응암동)",03471,,01,영업/정상,,,02-354-4567,
휴먼(HUMAN),1114617420,,,,192016.428177758,455098.982607732,2026-05-15 22:54:03,I,11,영업,,,기타수질오염원관리,2021-07-02 09:54:06,2021-07-02,,서울특별시 은평구 신사동 20-11 1층,311000025202100060,3110000,,,,"서울특별시 은평구 은평로 23, 1층 (신사동)",03423,,01,영업/정상,,,02-355-3848,
탑클래스안경체인(연신내점),2703401340,,,,192761.348927256,457225.218523112,2026-05-15 22:54:04,I,11,영업,,,기타수질오염원관리,2024-02-16 16:58:03,2023-03-23,,서울특별시 은평구 갈현동 460-8 보성빌딩 101호,311000025202300001,3110000,,,,"서울특별시 은평구 연서로 209, 보성빌딩 101호 (갈현동)",03333,,01,영업/정상,,,02-353-3601,
피스아이웨어 안경원,2501402293,,,,192629.11444881,454378.045422954,2026-05-15 22:54:04,I,11,영업,,,기타수질오염원관리,2023-04-26 11:06:04,2023-04-26,,서울특별시 은평구 응암동 577-4 1층,311000025202300003,3110000,,,,"서울특별시 은평구 응암로 219, 1층 (응암동)",03457,,01,영업/정상,,,02-303-7957,
아이엔비 안경원,2061956536,,,,192026.412014375,455494.559012821,2026-05-15 22:54:04,I,11,영업,,,기타수질오염원관리,2023-06-13 15:53:15,2023-06-13,,서울특별시 은평구 신사동 7-4 영암빌딩 1층,311000025202300005,3110000,,,,"서울특별시 은평구 갈현로 44, 1층 (신사동)",03422,,01,영업/정상,,,02-388-8968,
더프린트룸,5956600412,,,,193423.516418444,456685.364602464,2026-05-15 22:54:04,I,11,영업,,,기타수질오염원관리,2024-03-11 08:55:41,2024-03-11,,서울특별시 은평구 대조동 83-35,311000025202400001,3110000,,,,서울특별시 은평구 통일로71길 24-17 (대조동),03391,,01,영업/정상,,,,
으뜸50안경 녹번점,2932801788,,,,194103.35231909,455429.269425178,2026-05-15 22:53:51,I,11,영업,,,기타수질오염원관리,2024-06-25 13:37:00,2024-06-25,,서울특별시 은평구 녹번동 267,311000025202400002,3110000,,,,"서울특별시 은평구 은평로 235-1, 2층 (녹번동)",03382,,01,영업/정상,,,,
안경공장쇼룸,6328603472,,,,193821.316740319,456392.063218494,2026-05-15 22:53:51,I,11,영업,,,기타수질오염원관리,2024-09-27 09:11:47,2024-09-27,,서울특별시 은평구 불광동 281-175,311000025202400003,3110000,,,,"서울특별시 은평구 통일로 716, 1층 (불광동)",03368,,01,영업/정상,,,02-384-1861,
으뜸50안경 구산점,5471002919,,,,192654.676997588,456582.879133718,2026-05-15 22:53:51,I,11,영업,,,기타수질오염원관리,2025-12-01 18:00:36,2025-12-01,,서울특별시 은평구 대조동 224-19,311000025202500001,3110000,,,,"서울특별시 은평구 연서로 142, 2층 (대조동)",03394,,01,영업/정상,,,,
으뜸플러스안경,1487600501,,,,194085.904365779,440983.612003888,2026-05-15 03:03:03,U,5,제외사항,,,기타수질오염원관리,2026-05-14 09:26:44,2024-05-13,,서울특별시 관악구 신림동 1514-9,320000025202400006,3200000,,,,"서울특별시 관악구 호암로26길 1, 지하1층 (신림동)",08812,,05,제외/삭제/전출,,,,
아이비소아청소년과의원,1379157778,,,,169252.5,447831.35,2026-05-15 22:54:11,I,2,폐업,,,기타수질오염원관리,2011-12-09 14:58:53,2011-12-01,,"인천광역시 서구 청라동 162-22 청라에일린의뜰 208, 209호",356000025201100013,3560000,,,,"인천광역시 서구 청라라임로 51  (연희동,청라에일린의뜰 208, 209호)",,,03,폐업,,,,
(주)금강모터스,1378649920,,,,170301.040969653,443983.534773664,2026-05-15 22:54:13,I,2,폐업,,,기타수질오염원관리,2015-08-05 14:21:22,2012-07-27,,,356000025201200008,3560000,,,,인천광역시 서구 염곡로 133 (가좌동),,,03,폐업,,,,
인천수내과,1379170617,,,,171068.678,446481.2695,2026-05-15 22:54:14,I,2,폐업,,,기타수질오염원관리,2018-12-21 18:29:09,2012-10-23,,,356000025201200011,3560000,,,,인천광역시 서구 가정로394번길 1 (가정동),,,03,폐업,,,,
동화엠파크서비스(주),2208834058,,,,170113.668683258,443097.842932242,2026-05-15 22:54:15,I,2,폐업,,,기타수질오염원관리,2016-11-03 17:05:33,2014-03-20,,,356000025201400001,3560000,,,,인천광역시 서구 봉수대로 158 (가좌동),,,03,폐업,,,,
권오성의원,1309601545,,,,172173.00512661,443771.204091588,2026-05-15 22:54:14,I,2,폐업,,,기타수질오염원관리,2017-02-14 10:31:10,2016-11-23,,인천광역시 서구 가좌동 79-12,356000025201600016,3560000,,,,,,,03,폐업,,,032-575-7538,
홍광일내과의원,1379600697,,,,171881.732239566,443691.697361631,2026-05-15 22:54:14,I,2,폐업,,,기타수질오염원관리,2017-03-22 09:17:46,2017-03-22,,인천광역시 서구 가좌동 30-49,356000025201700010,3560000,,,,인천광역시 서구 원적로 100 (가좌동),,,03,폐업,,,032-582-5430,
열린성모이비인후과,1379073198,,의료업,,169589.976023258,455611.117427815,2026-05-15 22:54:04,I,2,폐업,,,기타수질오염원관리,2015-11-17 17:01:00,2004-08-23,404-290,인천광역시 서구 왕길동 638-4,356000025204000001,3560000,,,,,,,03,폐업,,,032-568-7585,의료업
SK에너지(주)인천COMPLEX,2028116562,,,,169432.293307121,445974.108712164,2026-05-15 22:54:04,I,2,폐업,,,기타수질오염원관리,2011-10-28 08:52:22,1991-04-15,,인천광역시 서구 원창동 100,356000025199100022,3560000,,,,인천광역시 서구 봉수대로 415  (원창동),,,03,폐업,,,032-570-5377,
기아자동차(주)인천사업소,,,,,170822.675755915,444108.129961041,2026-05-15 22:54:04,I,2,폐업,,,기타수질오염원관리,2017-02-06 16:30:38,1995-08-10,,인천광역시 서구 가좌동 106,356000025199500010,3560000,,,,인천광역시 서구 가정로151번길 12 (가좌동),,,03,폐업,,,,
가정대형점,,,,,170865.518400581,446938.663979289,2026-05-15 22:54:04,I,2,폐업,,,기타수질오염원관리,2013-03-27 17:13:32,2003-01-08,,인천광역시 서구 가정동 472-6,356000025199900079,3560000,,,,,,,03,폐업,,,,
한군희양어장,,,,,173788.138664627,453503.152348998,2026-05-15 22:54:04,I,2,폐업,,,기타수질오염원관리,2012-03-13 17:44:49,2000-04-19,,인천광역시 서구 당하동 617,356000025200000080,3560000,,,,,,,03,폐업,,,,
성지양어장,,,,,171450.980904732,458175.394259104,2026-05-15 22:54:14,I,2,폐업,,,기타수질오염원관리,2017-03-23 15:22:09,2001-04-16,,인천광역시 서구 대곡동 397,356000025200100090,3560000,,,,,,,03,폐업,,,,
안용진내과,1369601766,,,,169522.194878288,455637.263737572,2026-05-15 22:54:12,I,2,폐업,,,기타수질오염원관리,2013-05-10 13:57:33,2001-11-26,,인천광역시 서구 왕길동 638-1 마전메디칼센타 202호,356000025200100285,3560000,,,,"인천광역시 서구 완정로 187  (왕길동,마전메디칼센타 202호)",,,03,폐업,,,,
금성사진관,,,,,170810.448982338,445732.704246788,2026-05-15 22:54:15,I,2,폐업,,,기타수질오염원관리,2014-01-20 10:13:23,2001-05-14,,,356000025200100286,3560000,,,,인천광역시 서구 신석로77번길 37-1 (석남동),,,03,폐업,,,,
온누리병원,1370712068,,,,169408.812834259,455665.548015509,2026-05-15 22:54:17,I,2,폐업,,,기타수질오염원관리,2018-02-09 17:14:05,2002-05-24,,인천광역시 서구 왕길동 635-1,356000025200200048,3560000,,,,,,,03,폐업,,,,
1급성도자동차공업사,,,,,173491.088464179,456416.021088291,2026-05-15 22:54:01,I,2,폐업,,,기타수질오염원관리,2013-09-03 10:29:00,2003-02-28,,인천광역시 서구 불로동 247-5,356000025200300002,3560000,,,,,,,03,폐업,,,,
서구동물병원,3119601635,,,,170956.927269844,445499.638437638,2026-05-15 22:54:02,I,2,폐업,,,기타수질오염원관리,2015-05-07 11:25:09,2003-07-10,,인천광역시 서구 석남동 454-4,356000025200300007,3560000,,,,,,,03,폐업,,,,
자혜정형외과,1379602133,,,,171330.195558612,448978.597620869,2026-05-15 22:54:03,I,2,폐업,,,기타수질오염원관리,2012-01-13 17:29:05,2003-07-31,,인천광역시 서구 심곡동 248-4,356000025200300010,3560000,,,,인천광역시 서구 서곶로 281  (심곡동),,,03,폐업,,,032-567-5570,
(주)홍원,1378199385,,,,170940.84012012,444191.01947886,2026-05-15 22:54:03,I,2,폐업,,,기타수질오염원관리,2018-06-08 18:02:38,2003-08-14,,인천광역시 서구 석남동 579-3,356000025200300013,3560000,,,,인천광역시 서구 건지로 269 (석남동),,,03,폐업,,,,
한성중기,1370336626,,,,165217.480428353,454932.472767095,2026-05-15 22:54:03,I,2,폐업,,,기타수질오염원관리,2011-01-04 15:05:36,2004-02-21,,인천광역시 서구 오류동 410-383,356000025200400007,3560000,,,,인천광역시 서구 마중로 115  (오류동),,,03,폐업,,,,
가좌디지탈사진관,1371156215,,,,170813.26483128,443985.945396357,2026-05-15 22:54:03,I,2,폐업,,,기타수질오염원관리,2018-03-09 08:57:57,2004-04-19,,인천광역시 서구 가좌동 118,356000025200400013,3560000,,,,인천광역시 서구 가정로151번길 11 (가좌동),,,03,폐업,,,032-502-4782,
타타대우상용차(주),4018122865,,,,169827.229534908,444215.354563678,2026-05-15 22:54:03,I,2,폐업,,,기타수질오염원관리,2017-09-30 10:13:45,2004-05-18,,인천광역시 서구 석남동 223-617,356000025200400016,3560000,,,,,,,03,폐업,,,,
그린산부인과,,,,,170951.80922317,444405.627055002,2026-05-15 22:54:03,I,2,폐업,,,기타수질오염원관리,2014-01-13 09:17:07,2002-12-05,,인천광역시 서구 석남동 577-65,356000025200400034,3560000,,,,인천광역시 서구 가정로 186-3 (석남동),,,03,폐업,,,032-574-3535,
마리아산부인과의원,1379603165,,,,171034.892344288,446104.36828003,2026-05-15 22:54:03,I,2,폐업,,,기타수질오염원관리,2014-07-30 11:28:40,2004-10-14,,인천광역시 서구 가정동 516-9,356000025200400042,3560000,,,,,,,03,폐업,,,032-575-8870,
삼성중공업서비스(주),,,,,168884.564801195,444528.607057902,2026-05-15 22:54:03,I,2,폐업,,,기타수질오염원관리,2012-03-16 14:09:47,2005-04-19,,인천광역시 서구 석남동 650-23,356000025200500015,3560000,,,,인천광역시 서구 중봉대로 258  (석남동),,,03,폐업,,,032-887-2334,
(복)해동학원,,,,,165472.807765767,447490.543096606,2026-05-15 22:54:03,I,2,폐업,,,기타수질오염원관리,2013-02-26 16:55:03,2002-07-08,,인천광역시 서구 청라동 11-23,356000025200500016,3560000,,,,인천광역시 서구 로봇랜드로249번길 14  (경서동),,,03,폐업,,,032-584-0247,
김충수의원,1379004143,,,,170888.025804909,449119.255081761,2026-05-15 22:54:03,I,2,폐업,,,기타수질오염원관리,2015-07-23 11:11:23,1998-09-02,,인천광역시 서구 심곡동 334-3,356000025200500025,3560000,,,,인천광역시 서구 탁옥로 16 (심곡동),,,03,폐업,,,032-561-1829,
조성원내과의원,1379060636,,,,172200.806334943,453757.402979637,2026-05-15 22:54:03,I,2,폐업,,,기타수질오염원관리,2013-02-22 10:45:34,2005-06-02,,인천광역시 서구 당하동 765-18,356000025200500027,3560000,,,,,,,03,폐업,,,032-564-8842,
최강련내과의원,1379601584,,,,171858.595156022,443665.259813347,2026-05-15 22:54:03,I,2,폐업,,,기타수질오염원관리,2012-07-12 16:12:44,2005-07-04,,인천광역시 서구 가좌동 30-73,356000025200500034,3560000,,,,인천광역시 서구 원적로 96  (가좌동),,,03,폐업,,,032-571-3912,
우리소아과,1379078795,,,,,,2026-05-15 22:54:03,I,2,폐업,,,기타수질오염원관리,2013-03-19 16:25:10,2005-07-15,,인천광역시 서구 당하동 924 3.5당하지구 40블럭 7롯트 2층 2호,356000025200500036,3560000,,,,,,,03,폐업,,,032-565-0075,
연세대학교의과대학세브란스산업보건의원,1370202306,,,,171256.175364571,446124.09649355,2026-05-15 22:54:03,I,2,폐업,,,기타수질오염원관리,2018-02-26 11:46:25,1999-10-19,,인천광역시 서구 가정동 512-4 외 1필지,356000025200500037,3560000,,,,"인천광역시 서구 원창로240번길 6 (가정동,외 1필지)",,,03,폐업,,,032-585-3000,
우리신경외과의원,1379084902,,,,,,2026-05-15 22:54:04,I,2,폐업,,,기타수질오염원관리,2012-03-05 15:13:40,2005-09-08,,"인천광역시 서구 마전동 검단2지구 27B-10L, 12B-1L, 12B-2L",356000025200500039,3560000,,,,,,,03,폐업,,,032-569-0580,
현대스튜디오,1370707736,,,,171827.700037404,442938.361220695,2026-05-15 22:54:04,I,2,폐업,,,기타수질오염원관리,2007-08-17 11:41:38,2006-06-12,,인천광역시 서구 가좌동 328-4,356000025200600011,3560000,,,,인천광역시 서구 장고개로 272  (가좌동),,,03,폐업,,,,
스카이모터스,,,,,173401.573288843,453535.58457268,2026-05-15 22:54:04,I,2,폐업,,,기타수질오염원관리,2014-01-07 08:55:47,2006-08-30,,인천광역시 서구 당하동 672-2,356000025200600016,3560000,,,,,,,03,폐업,,,,
삼성드림소아과의원,1379085807,,,,,,2026-05-15 22:54:04,I,2,폐업,,,기타수질오염원관리,2011-11-25 11:11:45,2006-09-21,,인천광역시 서구 당하동 96-6,356000025200600019,3560000,,,,,,,03,폐업,,,032-569-2225,
가좌카클리닉정비센타,,,,,171843.48338228,442111.35881569,2026-05-15 22:54:04,I,2,폐업,,,기타수질오염원관리,2019-07-25 10:19:19,2006-11-03,,인천광역시 서구 가좌동 469-18,356000025200600022,3560000,,,,,,,03,폐업,,,032-579-3666,
문정식내과의원,,,,,171878.015216716,443775.632369462,2026-05-15 22:54:04,I,2,폐업,,,기타수질오염원관리,2015-06-22 13:08:01,1999-04-09,,인천광역시 서구 가좌동 125-15,356000025200600023,3560000,,,,인천광역시 서구 원적로 103 (가좌동),,,03,폐업,,,032-583-2246,
의료법인보은의료재단보은병원,1378207354,,,,,,2026-05-15 22:54:04,I,2,폐업,,,기타수질오염원관리,2013-01-29 16:26:31,2007-01-17,,인천광역시 서구 마전동 검단지구 38블럭5롯트,356000025200700002,3560000,,,,,,,03,폐업,,,,
카이슨모터스,,,,,,,2026-05-15 22:54:04,I,2,폐업,,,기타수질오염원관리,2010-08-18 18:16:51,2007-01-30,,인천광역시 서구 원창동 91-100,356000025200700005,3560000,,,,,,,03,폐업,,,,
검단베드로병원,2109184847,,,,,,2026-05-15 22:54:04,I,2,폐업,,,기타수질오염원관리,2014-01-09 11:47:42,2008-04-04,,인천광역시 서구 당하동 당하지구 38블럭 15롯트 당하뉴욕프라자 4-5층,356000025200800004,3560000,,,,,,,03,폐업,,,032-569-5858,
성제한방병원,4019012068,,,,,,2026-05-15 22:54:06,I,2,폐업,,,기타수질오염원관리,2013-01-29 16:26:56,2008-07-02,,인천광역시 서구 마전동 694-10,356000025200800012,3560000,,,,,,,03,폐업,,,032-567-0075,
제물포택시(주),1378105437,,,,169013.940463002,444407.910459102,2026-05-15 22:54:05,I,2,폐업,,,기타수질오염원관리,2013-02-14 09:24:00,2008-07-24,,인천광역시 서구 석남동 650-86,356000025200800014,3560000,,,,인천광역시 서구 중봉대로240번길 17  (석남동),,,03,폐업,,,032-581-0387,
토탈오토모터스(주),,,,,168932.772405076,444127.273998908,2026-05-15 22:54:05,I,2,폐업,,,기타수질오염원관리,2013-11-27 17:10:46,2008-10-30,,인천광역시 서구 가좌동 602-58,356000025200800016,3560000,자동차 수리,,,인천광역시 서구 건지로 72  (가좌동),,,03,폐업,,,,
동경사진관,1370419788,,,,171202.627544757,449728.303215676,2026-05-15 22:54:06,I,2,폐업,,,기타수질오염원관리,2018-12-19 16:48:13,2008-11-14,,인천광역시 서구 연희동 684-13,356000025200800017,3560000,,,,인천광역시 서구 연희로 20 (연희동),,,03,폐업,,,,
에이스켐,1371655680,,,,170434.338028255,443184.035630968,2026-05-15 22:54:07,I,2,폐업,,,기타수질오염원관리,2013-10-02 15:27:15,2009-06-16,,인천광역시 서구 가좌동 150-67,356000025200900010,3560000,,,,인천광역시 서구 가정로77번길 50-22  (가좌동),,,03,폐업,,,,
다나의원,1379124729,,,,171278.799497324,449728.15001527,2026-05-15 22:54:07,I,2,폐업,,,기타수질오염원관리,2017-03-20 13:51:31,2009-06-29,,인천광역시 서구 연희동 685-9,356000025200900011,3560000,,,,인천광역시 서구 연희로 12 (연희동),,,03,폐업,,,032-568-2075,
한일정비,1371544833,,,,167091.255333333,454070.933666666,2026-05-15 22:54:07,I,2,폐업,,,기타수질오염원관리,2016-04-08 15:29:45,2009-12-02,,인천광역시 서구 오류동 434-336,356000025200900019,3560000,,,,인천광역시 서구 원당대로 228-7 (오류동),,,03,폐업,,,032-568-5114,
이레기획,1371786588,,,,170220.544681035,442906.965336685,2026-05-15 22:54:09,I,2,폐업,,,기타수질오염원관리,2014-01-06 15:51:58,2010-08-03,,인천광역시 서구 가좌동 178-295 4층,356000025201000009,3560000,,,,"인천광역시 서구 염곡로 33 (가좌동,4층)",,,03,폐업,,,032-773-2324,
대한자동차공업사,,,,,167151.648130845,453995.27357749,2026-05-15 22:54:09,I,2,폐업,,,기타수질오염원관리,2013-11-06 11:34:57,2010-10-06,,인천광역시 서구 오류동 434-84 다동,356000025201000011,3560000,,,,"인천광역시 서구 원당대로246번길 7  (오류동,다동)",,,03,폐업,,,,
쿨펫동물병원,1371742727,,,,,,2026-05-15 22:54:08,I,2,폐업,,,기타수질오염원관리,2015-02-03 17:51:04,2010-12-30,,인천광역시 서구 당하동 877-40 검단이마트 3층,356000025201000017,3560000,,,,,,,03,폐업,,,032-565-7975,
화이트동물병원,1371418982,,,,,,2026-05-15 22:54:08,I,2,폐업,,,기타수질오염원관리,2014-01-13 09:26:17,2011-05-30,,인천광역시 서구 마전동 당하지구4블럭6롯트105~106호,356000025201100008,3560000,,,,,,,03,폐업,,,,
차왕기내과의원,1379034569,,,2026-01-15,170913.828921826,444550.477384394,2026-05-15 22:54:05,I,4,폐쇄,,,기타수질오염원관리,2026-01-15 15:39:31,2008-11-28,,인천광역시 서구 석남동 583-46,356000025200800020,3560000,,,,인천광역시 서구 가정로 201 (석남동),,,04,취소/말소/만료/정지/중지,,,,
수색정형외과의원,,,,,190612.80959612,453436.911351726,2026-05-15 22:53:55,I,2,폐업,,,기타수질오염원관리,2007-12-05 10:36:36,1998-08-06,,서울특별시 은평구 수색동 366-11,311000025199800003,3110000,,,,,,,03,폐업,,,,
도티기념병원,1118200664,,,,193647.968955859,455069.448360472,2026-05-15 22:53:58,I,2,폐업,,,기타수질오염원관리,2013-04-11 10:28:02,1998-07-03,,서울특별시 은평구 응암동 42-5,311000025199800012,3110000,,,,,,,03,폐업,,,,
더독동물병원,1100698292,,,,,,2026-05-15 22:53:56,I,2,폐업,,,기타수질오염원관리,2015-10-19 11:25:24,2001-11-29,,서울특별시 은평구 대조동 224-24,311000025200100009,3110000,,,,,,,03,폐업,,,,
계명스튜디오,1100427323,,,,191974.507324499,455895.102079475,2026-05-15 22:53:56,I,2,폐업,,,기타수질오염원관리,2007-12-24 16:20:39,2001-01-16,,서울특별시 은평구 역촌동 54-20,311000025200100010,3110000,,,,,,,03,폐업,,,02-387-4901,
청구성심병원,1118202809,,,,192828.601825992,457608.289925664,2026-05-15 22:54:00,I,2,폐업,,,기타수질오염원관리,2013-03-12 10:11:51,2003-09-01,,서울특별시 은평구 갈현동 395-1,311000025200300057,3110000,,,,서울특별시 은평구 통일로 873 (갈현동),,,03,폐업,,,02-385-5511,
정승기정형외과의원,,,,,,,2026-05-15 22:53:54,I,2,폐업,,,기타수질오염원관리,2007-12-11 13:41:38,2004-03-31,,서울특별시 은평구 불광동,311000025200400004,3110000,,,,,,,03,폐업,,,,
더탑동물병원,1100937919,,,,192552.996692574,455417.475888158,2026-05-15 22:53:51,I,2,폐업,,,기타수질오염원관리,2017-04-17 17:47:42,2004-06-18,,서울특별시 은평구 역촌동 36-14,311000025200400015,3110000,,,,,,,03,폐업,,,,
신사호이비인후과,1109108495,,,,,,2026-05-15 22:53:51,I,2,폐업,,,기타수질오염원관리,2013-04-08 15:53:41,2004-06-25,,서울특별시 은평구 신사동,311000025200400017,3110000,,,,,,,03,폐업,,,,
새롬성모신경외과의원,1109072573,,,,193579.117145731,456415.777324717,2026-05-15 22:53:51,I,2,폐업,,,기타수질오염원관리,2010-01-14 11:18:13,2005-01-14,,"서울특별시 은평구 대조동 12-2 (3층,4층,5층)",311000025200500002,3110000,,,,,,,03,폐업,,,02-359-8770,
(주)벤탈코리아,1088157204,,,,,,2026-05-15 22:54:03,I,2,폐업,,,기타수질오염원관리,2007-12-27 10:36:55,2005-03-15,,서울특별시 은평구 증산동 169 (증산역 구내),311000025200500011,3110000,,,,,,,03,폐업,,,,
(주)벤탈코리아,1088157204,,,,,,2026-05-15 22:53:51,I,2,폐업,,,기타수질오염원관리,2007-12-27 10:36:55,2005-03-15,,서울특별시 은평구 구산동 1 (구산역 구내),311000025200500012,3110000,,,,,,,03,폐업,,,,
(주)벤탈코리아,1088157204,,,,,,2026-05-15 22:53:51,I,2,폐업,,,기타수질오염원관리,2007-12-27 10:36:55,2005-03-15,,서울특별시 은평구 역촌동 17 (역촌역 구내),311000025200500014,3110000,,,,,,,03,폐업,,,,
튼튼동물병원,1211662449,,,,192636.223179119,455316.428545363,2026-05-15 22:54:03,I,2,폐업,,,기타수질오염원관리,2017-04-28 18:05:29,2005-04-12,,서울특별시 은평구 역촌동 43-47,311000025200500015,3110000,,,,,,,03,폐업,,,,
양전호내과의원,1109137651,,,,192868.600973071,457522.57527646,2026-05-15 22:53:52,I,2,폐업,,,기타수질오염원관리,2013-02-12 14:27:07,2005-08-26,,서울특별시 은평구 갈현동 395-7 (2층),311000025200500030,3110000,,,,,,,03,폐업,,,,
수연세재활의학과,1109150692,,,,193098.510716617,457413.485554704,2026-05-15 22:53:52,I,2,폐업,,,기타수질오염원관리,2014-11-11 17:18:46,2005-10-10,,서울특별시 은평구 불광동 308-10,311000025200500033,3110000,,,,서울특별시 은평구 연서로 246 (불광동),,,03,폐업,,,,
연세정형외과의원,1101034029,,,,193327.09243402,455395.524905366,2026-05-15 22:53:56,I,2,폐업,,,기타수질오염원관리,2007-12-24 16:19:39,2005-02-23,,서울특별시 은평구 응암동 96-29 (1-5층),311000025200500036,3110000,,,,,,,03,폐업,,,02-388-0775,
예일가정의학과의원,1119616940,,,,192584.639355994,456538.922729473,2026-05-15 22:53:53,I,2,폐업,,,기타수질오염원관리,2015-10-14 17:20:22,2006-01-23,,서울특별시 은평구 구산동 1-1 영진빌딩4층,311000025200600002,3110000,,,,,,,03,폐업,,,,
은평연세병원,1109154359,,,,192530.535974525,456583.709636542,2026-05-15 22:53:53,I,2,폐업,,,기타수질오염원관리,2008-01-22 10:48:07,2006-08-11,,서울특별시 은평구 구산동 2-36,311000025200600008,3110000,,,,,,,03,폐업,,,,
로얄동물병원,1101190071,,,,192584.639355994,456538.922729473,2026-05-15 22:53:53,I,2,폐업,,,기타수질오염원관리,2015-10-14 18:16:40,2006-11-16,,서울특별시 은평구 구산동 1-1 영진빌딩(1층),311000025200600010,3110000,,,,,,,03,폐업,,,,
김앤박마취통증의학과의원,1109152574,,,,192017.924374175,455140.248754241,2026-05-15 22:53:53,I,2,폐업,,,기타수질오염원관리,2016-01-19 11:07:56,2006-12-18,,서울특별시 은평구 신사동 20-8,311000025200600011,3110000,,,,,,,03,폐업,,,,
후지포토범서점,1101422351,,,,193035.279146132,457365.911737494,2026-05-15 22:53:58,I,2,폐업,,,기타수질오염원관리,2008-06-11 15:29:08,2007-10-05,,서울특별시 은평구 불광동 308-1,311000025200700006,3110000,,,,,,,03,폐업,,,032-345-5071,
쿨펫동물병원,1101837231,,,,193661.732383169,456379.193899276,2026-05-15 22:53:57,I,2,폐업,,,기타수질오염원관리,2016-12-05 11:13:33,2007-12-26,,서울특별시 은평구 대조동 240,311000025200700011,3110000,,,,,,,03,폐업,,,,
(주)벤탈코리아,1088157204,,,,,,2026-05-15 22:53:57,I,2,폐업,,,기타수질오염원관리,2007-12-27 10:36:10,2007-05-07,,서울특별시 은평구 응암동 112 (응암역 구내),311000025200700014,3110000,,,,,,,03,폐업,,,,
불광동물병원,1119615602,,,,193730.546135843,456556.71682307,2026-05-15 22:53:58,I,2,폐업,,,기타수질오염원관리,2014-01-20 17:53:38,2007-12-02,,서울특별시 은평구 불광동 274-10,311000025200700186,3110000,,,,서울특별시 은평구 불광로 37 (불광동),,,03,폐업,,,02-356-1656,
바른정형외과,1109174753,,,,192652.478015271,454524.979325756,2026-05-15 22:53:54,I,2,폐업,,,기타수질오염원관리,2015-10-08 09:18:38,2008-03-07,,서울특별시 은평구 응암동 578-16 2층,311000025200800003,3110000,,,,,,,03,폐업,,,02-376-7575,
드림스튜디오,,,,,192489.605932829,456690.187227174,2026-05-15 22:53:54,I,2,폐업,,,기타수질오염원관리,2008-06-30 10:04:44,2008-06-30,,서울특별시 은평구 갈현동 468-3,311000025200800007,3110000,,,,,,,03,폐업,,,,
한빛동물병원,1101647642,,,,193651.20265608,460623.370836706,2026-05-15 22:54:01,I,2,폐업,,,기타수질오염원관리,2015-07-07 18:00:23,2010-08-12,,서울특별시 은평구 진관동 5 은평뉴타운상림마을 629동 116호,311000025201000006,3110000,,,,,,,03,폐업,,,02-382-7511,
인정병원,1119616125,,,,192542.250837577,453806.882406932,2026-05-15 22:54:03,I,2,폐업,,,기타수질오염원관리,2010-10-26 10:56:36,2010-10-26,,서울특별시 은평구 응암동 603-60,311000025201000012,3110000,,,,,,,03,폐업,,,02-309-0909,
한마음의원,1119054675,,,,192199.291180785,454021.773440704,2026-05-15 22:53:58,I,2,폐업,,,기타수질오염원관리,2014-02-04 10:06:47,2010-02-02,,서울특별시 은평구 증산동 159-20,311000025201000057,3110000,,,,,,,03,폐업,,,02-353-8523,
미래건강의원,1109214276,,,,194011.976070318,457242.998929495,2026-05-15 22:54:02,I,2,폐업,,,기타수질오염원관리,2016-08-05 13:11:00,2011-06-23,,서울특별시 은평구 불광동 222-1 2층,311000025201100002,3110000,,,,,,,03,폐업,,,,
김가정의학과의원,1119618220,,,,191910.188821954,454942.95018707,2026-05-15 22:54:03,I,2,폐업,,,기타수질오염원관리,2015-06-17 18:01:43,2011-08-01,,서울특별시 은평구 신사동 19-153,311000025201100003,3110000,,,,,,,03,폐업,,,02-373-6985,
연세에덴요양병원,1109215066,,,,194047.377531025,455977.868865806,2026-05-15 22:54:03,I,2,폐업,,,기타수질오염원관리,2014-04-15 17:37:54,2011-09-28,,서울특별시 은평구 녹번동 27-6,311000025201100004,3110000,,,,,,,03,폐업,,,02-1577-5046,
로하스은평효요양병원,1109223794,,,,192761.348927256,457225.218523112,2026-05-15 22:54:03,I,2,폐업,,,기타수질오염원관리,2013-12-24 16:33:38,2012-04-18,,서울특별시 은평구 갈현동 460-8,311000025201200001,3110000,,,,서울특별시 은평구 연서로 209 (갈현동),,,03,폐업,,,02-385-2700,
세이브엠(주),1108156867,,,,192667.438048047,457480.990067897,2026-05-15 22:54:03,I,2,폐업,,,기타수질오염원관리,2016-01-20 16:52:05,2012-07-18,,서울특별시 은평구 갈현동 431-5,311000025201200005,3110000,,,,서울특별시 은평구 연서로29길 24 (갈현동),,,03,폐업,,,02-358-1591,
쿨펫동물병원 은평점,1303386990,,,,192882.837727443,455340.54056388,2026-05-15 22:54:03,I,2,폐업,,,기타수질오염원관리,2015-03-10 17:36:09,2012-12-11,,서울특별시 은평구 응암동 90-1 이마트8층,311000025201200006,3110000,,,,서울특별시 은평구 은평로 111 (응암동),,,03,폐업,,,02-356-3375,
지앤선소아청소년과의원,1109240717,,,,,,2026-05-15 22:53:59,I,2,폐업,,,기타수질오염원관리,2016-02-03 18:04:24,2013-06-14,,"서울특별시 은평구 진관동 100-4 어드밴스힐오피스텔 205, 206호",311000025201300002,3110000,,,,"서울특별시 은평구 진관1로 21-35 (진관동, 어드밴스힐오피스텔 205, 206호)",,,03,폐업,,,02-382-1175,
(의)열린의료재단 역촌열린의원,1378117461,,,,193083.765685506,455978.010581693,2026-05-15 22:53:59,I,2,폐업,,,기타수질오염원관리,2015-03-04 12:59:00,2013-07-15,,서울특별시 은평구 역촌동 17-1,311000025201300005,3110000,,,,서울특별시 은평구 진흥로 103 (역촌동),,,03,폐업,,,,
서울방사선가정의학과,1119615733,,,,192868.600973071,457522.57527646,2026-05-15 22:54:03,I,2,폐업,,,기타수질오염원관리,2016-01-22 17:34:17,2016-01-22,,,311000025201600001,3110000,,,,서울특별시 은평구 통일로 863 (갈현동),03330,,03,폐업,,,,
쿨안경원 가좌점,6245500276,,,2026-01-29,171859.423082771,443765.635619125,2026-05-15 22:54:21,I,4,폐쇄,,,기타수질오염원관리,2026-01-29 10:53:39,2021-06-30,,인천광역시 서구 가좌동 122-5,356000025202100070,3560000,,,,"인천광역시 서구 원적로 103, 1층 가호 (가좌동)",22809,,04,취소/말소/만료/정지/중지,,,032-295-0110,
연세제일정형외과,1379020503,,,2026-01-22,170954.142969977,445423.885178399,2026-05-15 22:54:04,I,4,폐쇄,,,기타수질오염원관리,2026-01-22 15:55:15,1999-08-09,,인천광역시 서구 석남동 479-2,356000025200600028,3560000,,,,인천광역시 서구 가정로 287-1 (석남동),,,04,취소/말소/만료/정지/중지,,,032-573-9100,
JJ모터스,,,,,170299.596262704,442913.183903204,2026-05-15 22:54:14,I,11,영업,,,기타수질오염원관리,2016-10-26 16:31:39,2016-10-26,,"인천광역시 서구 가좌동 585-28 ,29",356000025201600014,3560000,,,,인천광역시 서구 가정로37번길 53 (가좌동),22839,,01,영업/정상,,,,
엠파크오토서비스(주),2118781375,,,,170288.001669857,443092.555736355,2026-05-15 22:54:15,I,11,영업,,,기타수질오염원관리,2019-06-11 18:16:15,2016-11-01,,,356000025201600015,3560000,,,,"인천광역시 서구 염곡로 52 (가좌동, 엠파크허브)",22836,,01,영업/정상,,,032-299-1500,
성진모터스,4555100444,,,,168364.436252397,444227.2136774,2026-05-15 22:54:14,I,11,영업,,,기타수질오염원관리,2023-08-31 17:50:51,2016-11-24,,인천광역시 서구 석남동 642-62 A동 103호,356000025201600017,3560000,,,,,,,01,영업/정상,,,,
현대검단서비스제2공장,6438500371,,,,169892.398486101,454482.324617066,2026-05-15 22:54:15,I,11,영업,,,기타수질오염원관리,2016-12-20 11:30:54,2016-12-20,,,356000025201600018,3560000,,,,"인천광역시 서구 원당대로 526, 2동 (왕길동)",22673,,01,영업/정상,,,032-564-2824,
제이(J)모터스,6255400103,,,,166635.722,444169.22,2026-05-15 22:54:14,I,11,영업,,,기타수질오염원관리,2023-02-17 18:02:32,2017-01-04,,인천광역시 서구 원창동 393-226,356000025201700001,3560000,,,,인천광역시 서구 북항로193번길 107 (원창동),22856,,01,영업/정상,,,,
(주)청라1급자동차,1638701053,,자동차 종합 수리업,,167458.637252591,445931.531363906,2026-05-15 22:54:14,I,11,영업,,,기타수질오염원관리,2024-09-26 09:58:49,2017-02-01,,인천광역시 서구 원창동 388-4,356000025201700002,3560000,,,,인천광역시 서구 중봉대로393번길 142 (원창동),22853,,01,영업/정상,,,,자동차 종합 수리업
성원개발,,,,,168191.143189744,454103.687842103,2026-05-15 22:54:14,I,11,영업,,,기타수질오염원관리,2017-02-07 19:08:47,2017-02-07,,인천광역시 서구 왕길동 64-244,356000025201700004,3560000,,,,인천광역시 서구 검단로326번길 81-50 (왕길동),22661,,01,영업/정상,,,,
검단공업사,4818500604,,,,168220.757218799,454066.093015627,2026-05-15 22:54:14,I,11,영업,,,기타수질오염원관리,2025-10-01 15:19:13,2017-02-13,,인천광역시 서구 왕길동 64-237,356000025201700005,3560000,,,,인천광역시 서구 검단로326번길 81-45 (왕길동),22661,,01,영업/정상,,,,
서인천중공업,1112188577,,,,168207.876197476,454152.376209601,2026-05-15 22:54:14,I,11,영업,,,기타수질오염원관리,2017-02-13 19:41:20,2017-02-13,,,356000025201700006,3560000,,,,인천광역시 서구 검단로326번길 81-52 (왕길동),22661,,01,영업/정상,,,,
태현모터스,1091176161,,,,171747.044619937,458449.665651518,2026-05-15 22:54:14,I,11,영업,,,기타수질오염원관리,2019-07-05 09:14:29,2017-03-06,,인천광역시 서구 대곡동 435-2,356000025201700009,3560000,,,,인천광역시 서구 설원로 141-3 (대곡동),22600,,01,영업/정상,,,,
상민자동차,,,,,169487.157369428,444214.799815209,2026-05-15 22:54:17,I,11,영업,,,기타수질오염원관리,2017-04-05 11:10:00,2017-04-05,,,356000025201700011,3560000,,,,인천광역시 서구 건지로121번길 4 (석남동),22774,,01,영업/정상,,,,
(주)프로대형자동차,8498100520,,,,168336.120249117,454061.005527166,2026-05-15 22:54:17,I,11,영업,,,기타수질오염원관리,2017-04-05 11:32:22,2017-04-05,,,356000025201700012,3560000,,,,인천광역시 서구 검단로326번길 81-41 (왕길동),22661,,01,영업/정상,,,,
(주)한진자동차,1378650204,,,,168506.574284686,444602.537353498,2026-05-15 22:54:17,I,11,영업,,,기타수질오염원관리,2017-07-12 10:31:47,2017-04-17,,인천광역시 서구 석남동 655-15,356000025201700014,3560000,,,,,,,01,영업/정상,,,,
동하산업,1360705088,,,,169621.01433107,453527.409740885,2026-05-15 22:54:17,I,11,영업,,,기타수질오염원관리,2017-05-11 13:42:16,2017-05-11,,,356000025201700015,3560000,,,,"인천광역시 서구 드림로 165 (왕길동, 공장)",22671,,01,영업/정상,,,,
(주)금강자동차,1378164867,,,,167528.637271496,445249.354116239,2026-05-15 22:54:17,I,11,영업,,,기타수질오염원관리,2026-04-29 10:17:20,2017-06-28,,인천광역시 서구 원창동 391-29,356000025201700017,3560000,,,,,,,01,영업/정상,,,,
대호모터스(주),7658602133,,자동차 종합 수리업,,169724.121804862,444127.88217809,2026-05-15 22:54:17,I,11,영업,,,기타수질오염원관리,2021-08-25 17:20:47,2017-07-04,,인천광역시 서구 가좌동 173-108,356000025201700018,3560000,,,,인천광역시 서구 건지로 150 (가좌동),22844,,01,영업/정상,,,,자동차 종합 수리업
(주)아원모터스,,,,,169844.376123674,443725.527478284,2026-05-15 22:54:17,I,11,영업,,,기타수질오염원관리,2026-03-18 17:15:51,2017-07-12,,인천광역시 서구 가좌동 173-642,356000025201700019,3560000,,,,인천광역시 서구 보도진로 100-13 (가좌동),22844,,01,영업/정상,,,,
타타대우직영정비 경인사업소,4018122865,,,,168490.624843598,444489.63828726,2026-05-15 22:54:17,I,11,영업,,,기타수질오염원관리,2025-01-24 08:52:57,2017-09-06,,인천광역시 서구 석남동 655-35,356000025201700020,3560000,,,,,,,01,영업/정상,,,032-584-5549,
메르카바 종합정비,,,,,169588.983558732,443673.471762248,2026-05-15 22:54:17,I,11,영업,,,기타수질오염원관리,2026-04-01 15:50:38,2017-09-29,,인천광역시 서구 가좌동 173-632,356000025201700021,3560000,,,,인천광역시 서구 보도진로 82-10 (가좌동),22844,,01,영업/정상,,,,
(주)카니즈모터스,7038700696,,,,168489.254146658,444226.643287691,2026-05-15 22:54:17,I,11,영업,,,기타수질오염원관리,2021-10-07 11:33:19,2017-10-25,,인천광역시 서구 석남동 642-64,356000025201700022,3560000,,,,,,,01,영업/정상,,,,
(주)대우트럭김포정비사업소,6768800896,,,,166774.012789367,454279.680622513,2026-05-15 22:54:17,I,11,영업,,,기타수질오염원관리,2020-02-27 20:26:11,2017-11-06,,인천광역시 서구 오류동 414-6,356000025201700023,3560000,,,,인천광역시 서구 원당대로205번길 14 (오류동),22662,,01,영업/정상,,,032-569-6347,
(주)김포서비스,8558100919,,,,166483.051902704,454794.249204409,2026-05-15 22:54:17,I,11,영업,,,기타수질오염원관리,2017-12-14 15:37:07,2017-12-14,,인천광역시 서구 오류동 370-1,356000025201700024,3560000,,,,인천광역시 서구 원당대로117번길 55 (오류동),22663,,01,영업/정상,,,,
(주)신태진 (인천국제컨트리클럽),,,,,169276.921310918,451188.965785712,2026-05-15 22:54:04,I,11,영업,,,기타수질오염원관리,2023-03-28 17:09:06,1970-12-16,,인천광역시 서구 경서동 177-1,356000025197000001,3560000,,,,,,,01,영업/정상,,,,
(주)신태진,,,골프장 운영업,,169276.921310918,451188.965785712,2026-05-15 22:54:04,I,11,영업,0,,기타수질오염원관리,2006-09-29 18:17:58,2003-05-21,404-170,인천광역시 서구 경서동 177-1,356000025197000002,3560000,,0,,,,,01,영업/정상,,,,골프장 운영업
마이카공업사,,,,,169519.724709447,443320.024012318,2026-05-15 22:54:17,I,11,영업,,,기타수질오염원관리,2017-12-22 14:25:35,2017-12-22,,인천광역시 서구 가좌동 178-149 공장,356000025201700025,3560000,,,,"인천광역시 서구 백범로934번길 38-6, 공장 (가좌동)",22845,,01,영업/정상,,,,
유엔모터스,,,,,170413.945130246,443532.087634761,2026-05-15 22:54:17,I,11,영업,,,기타수질오염원관리,2017-12-22 14:39:32,2017-12-22,,인천광역시 서구 가좌동 150-2 한양산업,356000025201700026,3560000,,,,"인천광역시 서구 염곡로 100, 한양산업 (가좌동)",22836,,01,영업/정상,,,,
오성모터스,1371219333,,,,169827.229534908,444215.354563678,2026-05-15 22:54:17,I,11,영업,,,기타수질오염원관리,2021-07-09 20:26:08,2018-01-18,,인천광역시 서구 석남동 223-617,356000025201800001,3560000,,,,인천광역시 서구 건지로153번길 2 (석남동),22774,,01,영업/정상,,,032-571-5679,
인천대형서비스기아오토큐(주),1538100962,,,,168661.591569441,444544.395580208,2026-05-15 22:54:17,I,11,영업,,,기타수질오염원관리,2018-01-29 13:15:03,2018-01-29,,인천광역시 서구 석남동 655-74,356000025201800002,3560000,,,,인천광역시 서구 건지로 45-41 (석남동),22769,,01,영업/정상,,,,
자연환경모터스,5442800426,,,,166955.197,444282.4,2026-05-15 22:54:17,I,11,영업,,,기타수질오염원관리,2018-03-20 16:41:02,2018-03-20,,인천광역시 서구 원창동 393-193,356000025201800003,3560000,,,,,,,01,영업/정상,,,,
(주)삼인공업사,,,,,168323.218055901,454258.437546965,2026-05-15 22:54:17,I,11,영업,,,기타수질오염원관리,2018-06-18 09:59:17,2018-06-18,,인천광역시 서구 왕길동 64-61,356000025201800005,3560000,,,,인천광역시 서구 검단로326번길 45-8 (왕길동),22661,,01,영업/정상,,,032-567-7228,
그린모터스,,,,,168461.651965138,445676.990601107,2026-05-15 22:54:17,I,11,영업,,,기타수질오염원관리,2020-02-23 20:37:35,2018-06-18,,인천광역시 서구 원창동 498-1,356000025201800006,3560000,도장차량,,,인천광역시 서구 원석로196번길 22 (원창동),22769,,01,영업/정상,,,,
와이제이모터스,,,,,168428.29,444424.051,2026-05-15 22:54:17,I,11,영업,,,기타수질오염원관리,2018-06-20 16:15:01,2018-06-20,,인천광역시 서구 석남동 655-18,356000025201800007,3560000,,,,인천광역시 서구 북항로45번길 57 (석남동),22769,,01,영업/정상,,,,
서인천자동차서비스,3980700890,,,,168428.29,444424.051,2026-05-15 22:54:17,I,11,영업,,,기타수질오염원관리,2018-06-26 17:54:17,2018-06-26,,인천광역시 서구 석남동 655-18,356000025201800008,3560000,,,,,,,01,영업/정상,,,,
(주)삼인공업사,,,,,168323.218055901,454258.437546965,2026-05-15 22:54:17,I,11,영업,,,기타수질오염원관리,2018-07-03 17:48:25,2018-07-03,,인천광역시 서구 왕길동 64-62,356000025201800009,3560000,,,,인천광역시 서구 검단로326번길 45-9 (왕길동),22661,,01,영업/정상,,,,
세원1급버스전문공업사,3893700480,,,,166683.247898643,444810.554883796,2026-05-15 22:54:18,I,11,영업,,,기타수질오염원관리,2018-10-05 10:08:01,2018-07-11,,인천광역시 서구 원창동 393-149,356000025201800010,3560000,,,,인천광역시 서구 북항로245번길 13-27 (원창동),22856,,01,영업/정상,,,,
하나모터스,7580201043,,,,166977.417843012,445738.882124391,2026-05-15 22:54:17,I,11,영업,,,기타수질오염원관리,2018-12-03 14:09:33,2018-08-14,,인천광역시 서구 원창동 424-4,356000025201800012,3560000,,,,인천광역시 서구 파랑로 132 (원창동)[*미고시],22853,,01,영업/정상,,,032-576-8272,
조은모터스,4432200873,,,,171309.241305682,442725.282594152,2026-05-15 22:54:17,I,11,영업,,,기타수질오염원관리,2023-11-09 16:19:28,2018-08-24,,인천광역시 서구 가좌동 556-25,356000025201800013,3560000,,,,인천광역시 서구 장고개로231번안길 18 (가좌동),22827,,01,영업/정상,,,,
(합)성실자동차,6834000252,,,,168461.651965138,445676.990601107,2026-05-15 22:54:17,I,11,영업,,,기타수질오염원관리,2018-11-27 20:26:33,2018-08-30,,인천광역시 서구 원창동 498-1,356000025201800014,3560000,,,,"인천광역시 서구 원석로196번길 22, 1동 (원창동)",22769,,01,영업/정상,,,032-582-1231,
한국지엠서인천서비스센터(주),1218168970,,,,168739.747926784,444551.73968062,2026-05-15 22:54:17,I,11,영업,,,기타수질오염원관리,2018-11-20 17:42:26,2018-09-07,,인천광역시 서구 석남동 642-12 한국지엠동인천서비스센터,356000025201800015,3560000,,,,"인천광역시 서구 건지로 45-42, 한국지엠동인천서비스센터 (석남동)",22769,,01,영업/정상,,,032-864-3222,
서인천자동차공업사,4810601141,,,,170562.146826719,453527.434940193,2026-05-15 22:54:17,I,11,영업,,,기타수질오염원관리,2018-10-29 15:53:48,2018-10-29,,인천광역시 서구 백석동 191-2,356000025201800016,3560000,,,,인천광역시 서구 드림로 266 (백석동),22687,,01,영업/정상,,,,
어게인 필 모터스,,,,,168992.5355,445712.255,2026-05-15 22:54:17,I,11,영업,,,기타수질오염원관리,2020-03-16 17:39:43,2018-11-09,,인천광역시 서구 원창동 382-79,356000025201800017,3560000,,,,인천광역시 서구 중봉대로376번길 9 (원창동),22771,,01,영업/정상,,,,
삼한건설기계,3105500173,,,,169265.265598979,453105.969764033,2026-05-15 22:54:17,I,11,영업,,,기타수질오염원관리,2018-11-13 18:01:15,2018-11-13,,인천광역시 서구 백석동 212-159,356000025201800018,3560000,,,,인천광역시 서구 한서로 90 (백석동),22672,,01,영업/정상,,,,
와이제이모터스,5813100562,,,,168428.29,444424.051,2026-05-15 22:54:17,I,11,영업,,,기타수질오염원관리,2018-11-26 16:08:11,2018-11-26,,인천광역시 서구 석남동 655-18,356000025201800019,3560000,,,,인천광역시 서구 북항로45번길 57 (석남동),22769,,01,영업/정상,,,,
금성모터스,8215500197,,,,168428.21,444391.191,2026-05-15 22:54:17,I,11,영업,,,기타수질오염원관리,2018-11-30 12:48:00,2018-11-30,,인천광역시 서구 석남동 655-41,356000025201800020,3560000,,,,,,,01,영업/정상,,,,
제니스모터스,2081453700,,,,169688.395144659,444252.93070563,2026-05-15 22:54:17,I,11,영업,,,기타수질오염원관리,2021-03-04 09:04:13,2018-12-07,,인천광역시 서구 석남동 223-414,356000025201800021,3560000,,,,인천광역시 서구 건지로153번길 11-3 (석남동),22774,,01,영업/정상,,,,
로드모터스,3580901920,,,,168201.285919603,445155.706808442,2026-05-15 22:54:17,I,11,영업,,,기타수질오염원관리,2023-09-15 08:50:35,2018-12-10,,인천광역시 서구 원창동 380-11 (주)성보산업,356000025201800022,3560000,,,,인천광역시 서구 원석로 139 (주)성보산업 (원창동),22853,,01,영업/정상,,,,
(주)현대종합정비,,,,,169794.878477043,453389.365049447,2026-05-15 22:54:04,I,11,영업,,,기타수질오염원관리,2008-07-17 13:18:56,1990-12-08,,인천광역시 서구 백석동 218-20,356000025199000076,3560000,,,,인천광역시 서구 드림로 178  (백석동),,,01,영업/정상,,,,
성호리프트특장,1330274956,,,,168986.429082804,444378.68313285,2026-05-15 22:54:04,I,11,영업,,,기타수질오염원관리,2020-07-31 18:27:58,1993-05-22,,인천광역시 서구 석남동 650-38,356000025199300071,3560000,,,,인천광역시 서구 중봉대로240번길 13-1 (석남동),,,01,영업/정상,,,,
(주)그린전자,1378911176,,,,169299.74721223,444622.119322837,2026-05-15 22:54:04,I,11,영업,,,기타수질오염원관리,2011-07-11 16:49:51,1994-12-10,,인천광역시 서구 석남동 223-271,356000025199400002,3560000,,,,인천광역시 서구 건지로109번길 47  (석남동),,,01,영업/정상,,,,
신삼우공업사,,,자동차 종합 수리업,,,,2026-05-15 22:54:04,I,11,영업,0,,기타수질오염원관리,2000-09-25 19:55:20,1994-12-20,404-250,인천광역시 서구 가좌동 119-3,356000025199400003,3560000,,0,,,,,01,영업/정상,,,,자동차 종합 수리업
제물포버스여객(주)정비공장,,,자동차 종합 수리업,,,,2026-05-15 22:54:04,I,11,영업,0,,기타수질오염원관리,2000-09-25 20:04:39,1995-01-09,404-250,인천광역시 서구 가좌동 205-18,356000025199500004,3560000,,0,,,,,01,영업/정상,,,,자동차 종합 수리업
한샘자동차공업사,,,자동차 종합 수리업,,,,2026-05-15 22:54:04,I,11,영업,0,,기타수질오염원관리,2000-09-25 20:14:35,1995-03-10,404-250,인천광역시 서구 가좌동 165-5,356000025199500006,3560000,,0,,,,,01,영업/정상,,,,자동차 종합 수리업
(주)삼영자동차,1378105140,,자동차 종합 수리업,,171569.279023427,442920.676409184,2026-05-15 22:54:04,I,5,제외사항,,,기타수질오염원관리,2021-09-19 12:02:58,1995-04-10,404-250,인천광역시 서구 가좌동 278-6,356000025199500007,3560000,,,,,,,05,제외/삭제/전출,,,,자동차 종합 수리업
유니온모터스,,,자동차 종합 수리업,,,,2026-05-15 22:54:04,I,11,영업,0,,기타수질오염원관리,2000-09-25 20:31:49,1995-06-10,404-220,인천광역시 서구 석남동 513-6,356000025199500009,3560000,,0,,,,,01,영업/정상,,,,자동차 종합 수리업
금강자동차공업사,,,자동차 종합 수리업,,,,2026-05-15 22:54:04,I,11,영업,0,,기타수질오염원관리,2000-09-26 14:46:57,1995-10-10,404-250,인천광역시 서구 가좌동 158-7,356000025199500012,3560000,,0,,,,,01,영업/정상,,,,자동차 종합 수리업
명보칼라,,,사진 처리업,,171700.412969499,443567.386124673,2026-05-15 22:54:04,I,11,영업,0,,기타수질오염원관리,2000-09-26 14:52:57,1995-10-11,404-250,인천광역시 서구 가좌동 129-43,356000025199500015,3560000,,0,,인천광역시 서구 원적로 77  (가좌동),,,01,영업/정상,,,,사진 처리업
하나17분칼라스튜디오,,,사진 처리업,,171443.726183853,447299.881865915,2026-05-15 22:54:04,I,11,영업,0,,기타수질오염원관리,2000-09-26 15:00:27,1995-10-13,404-230,인천광역시 서구 가정동 284-250,356000025199500018,3560000,,0,,,,,01,영업/정상,,,,사진 처리업
썬칼라 스튜디오,,,사진 처리업,,171043.730956418,446282.765082374,2026-05-15 22:54:04,I,11,영업,0,,기타수질오염원관리,2000-09-26 15:11:51,1995-10-14,404-230,인천광역시 서구 가정동 505-24,356000025199500021,3560000,,0,,인천광역시 서구 가정로 374  (가정동),,,01,영업/정상,,,,사진 처리업
광림자동차,,,자동차 종합 수리업,,169863.201111809,444559.732936504,2026-05-15 22:54:09,I,11,영업,0,,기타수질오염원관리,2005-07-15 11:19:56,1995-10-16,404-222,인천광역시 서구 석남동 223-318,356000025199500024,3560000,,0,,인천광역시 서구 건지로153번길 46-24  (석남동),,,01,영업/정상,,,032-582-2141,자동차 종합 수리업
광명사,,,사진 처리업,,172061.022872317,442862.081924209,2026-05-15 22:54:04,I,11,영업,0,,기타수질오염원관리,2000-09-26 15:35:12,1995-10-17,404-254,인천광역시 서구 가좌동 351-9,356000025199500025,3560000,,0,,인천광역시 서구 여우재로111번길 19  (가좌동),,,01,영업/정상,,,032-578-1431,사진 처리업
원광17분현상소,,,사진 처리업,,170876.115342972,443808.111690168,2026-05-15 22:54:04,I,11,영업,0,,기타수질오염원관리,2000-09-27 20:41:23,1995-10-19,404-250,인천광역시 서구 가좌동 139-11,356000025199500027,3560000,,0,,인천광역시 서구 가정로 127  (가좌동),,,01,영업/정상,,,032-576-4679,사진 처리업
귀빈칼라현상소,,,사진 처리업,,170345.952139493,446170.199480865,2026-05-15 22:54:04,I,11,영업,0,,기타수질오염원관리,2000-09-27 20:45:09,1995-10-20,404-240,인천광역시 서구 신현동 173-32,356000025199500028,3560000,,0,,인천광역시 서구 새오개로 79  (신현동),,,01,영업/정상,,,032-572-1412,사진 처리업
서인천현대칼라현상소,,,사진 처리업,,170911.134776052,444491.568597485,2026-05-15 22:54:04,I,11,영업,0,,기타수질오염원관리,2000-09-27 20:50:01,1995-10-21,404-220,인천광역시 서구 석남동 583-4,356000025199500030,3560000,,0,,인천광역시 서구 가정로 193-1  (석남동),,,01,영업/정상,,,032-574-3318,사진 처리업
(주)우리자동차공업사,,,자동차 종합 수리업,,,,2026-05-15 22:54:04,I,11,영업,0,,기타수질오염원관리,2000-09-27 20:57:37,1995-10-23,404-222,인천광역시 서구 석남동 223-415,356000025199500035,3560000,,0,,,,,01,영업/정상,,,032-578-9711,자동차 종합 수리업
사진속아이들,1370690131,,사진 처리업,,170310.677011308,445760.113823964,2026-05-15 22:54:04,I,11,영업,0,,기타수질오염원관리,2003-07-12 11:44:37,2003-07-12,404-220,인천광역시 서구 석남동 199-134,356000025199500039,3560000,,0,,인천광역시 서구 율도로 26  (석남동),,,01,영업/정상,,,032-581-2493,사진 처리업
장미스튜디오,,,사진 처리업,,171916.316097952,443671.031660037,2026-05-15 22:54:04,I,11,영업,0,,기타수질오염원관리,2000-10-10 14:12:01,1995-11-01,404-250,인천광역시 서구 가좌동 30-38,356000025199500041,3560000,,0,,인천광역시 서구 원적로100번길 6-1  (가좌동),,,01,영업/정상,,,032-578-8978,사진 처리업
동명자동차공업사,,,,,169319.295512679,444703.813783566,2026-05-15 22:54:17,I,11,영업,,,기타수질오염원관리,2018-12-11 10:38:17,2018-12-11,,인천광역시 서구 석남동 223-273,356000025201800023,3560000,,,,인천광역시 서구 건지로109번길 53 (석남동),22773,,01,영업/정상,,,,
(주)코리아중기종합,,,,,167495.450413542,454152.823109537,2026-05-15 22:54:17,I,11,영업,,,기타수질오염원관리,2019-05-07 10:46:51,2019-02-08,,인천광역시 서구 오류동 851-3,356000025201900001,3560000,,,,인천광역시 서구 원당대로269번길 9 (오류동),22661,,01,영업/정상,,,,
주식회사 태영특장,1378167656,,,,169757.108433722,453512.52021503,2026-05-15 22:54:17,I,11,영업,,,기타수질오염원관리,2019-02-19 13:46:56,2019-02-19,,인천광역시 서구 백석동 224-227,356000025201900002,3560000,,,,인천광역시 서구 사월로 2 (백석동),22671,,01,영업/정상,,,,
칠성정밀공업사,1372106470,,,,170082.954905356,453862.310872626,2026-05-15 22:54:18,I,11,영업,,,기타수질오염원관리,2019-05-03 16:47:55,2019-03-19,,인천광역시 서구 왕길동 23-4,356000025201900003,3560000,,,,인천광역시 서구 봉수대로 1234-2 (왕길동),22673,,01,영업/정상,,,,
(주)네바퀴자동차,8748701153,,,,168910.741159664,444747.071469708,2026-05-15 22:54:18,I,11,영업,,,기타수질오염원관리,2019-05-03 15:57:15,2019-04-29,,인천광역시 서구 석남동 650-116,356000025201900004,3560000,,,,,,,01,영업/정상,,,,
은별자동차,2562200245,,,,168507.15691755,444687.57247268,2026-05-15 22:54:18,I,11,영업,,,기타수질오염원관리,2025-08-04 16:01:07,2019-05-09,,인천광역시 서구 석남동 642-21,356000025201900006,3560000,,,,인천광역시 서구 북항로31번길 32 (석남동),22769,,01,영업/정상,,,,
디에이치모터스,1372135790,,,,169768.315892926,443359.931359762,2026-05-15 22:54:18,I,11,영업,,,기타수질오염원관리,2025-01-13 14:59:16,2019-05-16,,인천광역시 서구 가좌동 178-334,356000025201900007,3560000,,,,인천광역시 서구 봉수대로183번길 19 (가좌동),22845,,01,영업/정상,,,,
가좌카클리닉정비센타,1372185951,,,,170508.568177585,443081.157604183,2026-05-15 22:54:18,I,11,영업,,,기타수질오염원관리,2019-07-29 18:00:39,2019-07-29,,인천광역시 서구 가좌동 150-50 아이테크코리아(주),356000025201900008,3560000,,,,"인천광역시 서구 가정로77번길 58, 아이테크코리아(주) (가좌동)",22836,,01,영업/정상,,,032-584-2259,
(주)다온티앤티,2358100677,,,,166746.025169674,444109.048696042,2026-05-15 22:54:18,I,11,영업,,,기타수질오염원관리,2019-07-30 11:23:42,2019-07-30,,인천광역시 서구 원창동 393-216,356000025201900009,3560000,,,,인천광역시 서구 북항로177번길 116 (원창동)[*미고시],22856,,01,영업/정상,,,032-562-6394,
차닥터남모터스,,,,,167615.971110038,445187.2945085,2026-05-15 22:54:18,I,11,영업,,,기타수질오염원관리,2019-10-23 16:54:45,2019-10-23,,인천광역시 서구 원창동 391-31,356000025201900011,3560000,,,,인천광역시 서구 북항로120번길 13-6 (원창동),22853,,01,영업/정상,,,,
(주)카라인정비공장,,,,,168009.94203785,454099.795125566,2026-05-15 22:54:18,I,11,영업,,,기타수질오염원관리,2019-10-23 17:16:03,2019-10-23,,인천광역시 서구 왕길동 570-1,356000025201900012,3560000,,,,인천광역시 서구 원당대로 331-15 (왕길동),22661,,01,영업/정상,,,032-564-1516,
(주)한신폐차,1638601584,,,,168967.490891305,443952.64100007,2026-05-15 22:54:18,I,11,영업,,,기타수질오염원관리,2019-12-04 14:35:07,2019-11-13,,인천광역시 서구 가좌동 602-38,356000025201900013,3560000,,,,인천광역시 서구 중봉대로198번길 17 (가좌동),22843,,01,영업/정상,,,032-590-6900,
(주)보가,6188135124,,자동차 수리업,,168494.979188435,444769.953862036,2026-05-15 22:54:18,I,11,영업,,,기타수질오염원관리,2022-04-11 17:12:20,2020-02-07,,인천광역시 서구 석남동 642-20,356000025202000001,3560000,자동차수리,,,인천광역시 서구 북항로31번길 24 (석남동),22769,,01,영업/정상,,,032-575-2944,자동차 수리업
NK모터스,,,자동차 종합 수리업,,168461.651965138,445676.990601107,2026-05-15 22:54:19,I,11,영업,,,기타수질오염원관리,2024-11-04 10:05:19,2020-02-21,,인천광역시 서구 원창동 498-1 B동 2층,356000025202000002,3560000,자동차정비,,,"인천광역시 서구 원석로196번길 22, B동 2층 (원창동)",22769,,01,영업/정상,,,,자동차 종합 수리업
미래모터스,7951500062,,,,170232.591347137,443216.102861586,2026-05-15 22:54:19,I,11,영업,,,기타수질오염원관리,2022-04-04 14:16:12,2020-03-10,,인천광역시 서구 가좌동 173-73 원일베어링공업(주),356000025202000003,3560000,,,,"인천광역시 서구 염곡로 63, 원일베어링공업(주) (가좌동)",22840,,01,영업/정상,,,032-868-0556,
(주)이레모터스,4128600959,,자동차 및 이륜 자동차 수리업,,169576.044720507,454537.867422225,2026-05-15 22:54:19,I,11,영업,,,기타수질오염원관리,2020-03-20 15:51:12,2020-03-20,,인천광역시 서구 왕길동 164-7,356000025202000004,3560000,,,,인천광역시 서구 봉수대로 1336-14 (왕길동),22637,,01,영업/정상,,,,자동차 및 이륜 자동차 수리업
지엠테크니컬센터코리아(주)청라PG,,,자동차 부품 제조업,,168340.852353443,446548.767846859,2026-05-15 22:54:19,I,11,영업,,,기타수질오염원관리,2020-04-28 17:24:25,2020-04-28,,인천광역시 서구 청라동 1-1216 한국지엠,356000025202000005,3560000,,,,"인천광역시 서구 파랑로 331, 한국지엠 (청라동)",22768,,01,영업/정상,,,032-590-6027,자동차 부품 제조업
(주)블루아일랜드개발,1378180474,,자동차 세차업,,167971.241586454,449346.760259717,2026-05-15 22:54:19,I,11,영업,,,기타수질오염원관리,2020-04-28 17:27:18,2020-04-28,,인천광역시 서구 청라동 9-90,356000025202000006,3560000,,,,인천광역시 서구 청라대로316번길 45 (청라동),22746,,01,영업/정상,,,032-560-2031,자동차 세차업
(주)지티에스,1408111707,,,,168276.505485896,456703.117230468,2026-05-15 22:54:19,I,11,영업,,,기타수질오염원관리,2023-07-03 15:50:07,2020-05-07,,인천광역시 서구 금곡동 336-13,356000025202000007,3560000,,,,인천광역시 서구 봉수대로1581번길 5-15 (금곡동),22649,,01,영업/정상,,,032-541-9701,
(주)세종자동차공업사,5238101855,,,,169959.236096633,444705.473951165,2026-05-15 22:54:18,I,11,영업,,,기타수질오염원관리,2020-05-22 16:05:59,2020-05-22,,인천광역시 서구 석남동 223-865,356000025202000008,3560000,,,,인천광역시 서구 봉수대로 317 (석남동),22771,,01,영업/정상,,,,
아트샵모터스(주),1378641253,,자동차 종합 수리업,,171594.008443813,442296.320877873,2026-05-15 22:54:04,I,11,영업,,,기타수질오염원관리,2026-05-06 11:36:30,1995-11-02,,인천광역시 서구 가좌동 291-28,356000025199500043,3560000,,,,인천광역시 서구 백범로 700 (가좌동),,,01,영업/정상,,,032-581-9035,자동차 종합 수리업
대원자동차공업(주),1378110814,,,,170924.060610168,445311.856077214,2026-05-15 22:54:04,I,11,영업,,,기타수질오염원관리,2010-04-06 17:40:09,1995-11-04,,인천광역시 서구 석남동 512,356000025199500045,3560000,,,,,,,01,영업/정상,,,032-575-7001,
금호양식장,,,내수면 양식 어업,,167066.812227437,454354.78937372,2026-05-15 22:54:04,I,11,영업,0,,기타수질오염원관리,2000-10-10 15:55:20,1995-11-05,404-300,인천광역시 서구 오류동 434-33,356000025199500046,3560000,,0,,인천광역시 서구 원당대로 395-113  (오류동),,,01,영업/정상,,,,내수면 양식 어업
행운사진관,,,사진 처리업,,,,2026-05-15 22:54:04,I,11,영업,0,,기타수질오염원관리,2000-10-10 15:45:01,1995-11-06,404-220,인천광역시 서구 석남동 510-6,356000025199500049,3560000,,0,,,,,01,영업/정상,,,,사진 처리업
그린정비공업(주),1368113540,,자동차 종합 수리업,,,,2026-05-15 22:54:04,I,11,영업,0,,기타수질오염원관리,2000-10-10 16:11:43,1995-04-10,404-290,인천광역시 서구 왕길동 54-9,356000025199500051,3560000,,0,,,,,01,영업/정상,,,,자동차 종합 수리업
란스튜디오,,,사진 처리업,,,,2026-05-15 22:54:04,I,11,영업,0,,기타수질오염원관리,2000-10-10 16:26:52,1995-05-08,404-253,인천광역시 서구 가좌동 172-54,356000025199500052,3560000,,0,,,,,01,영업/정상,,,,사진 처리업
경인모터스(주),1368126481,,,,169422.409910963,453422.836296632,2026-05-15 22:54:04,I,11,영업,,,기타수질오염원관리,2020-07-15 13:58:10,1995-06-14,,인천광역시 서구 왕길동 54-11,356000025199500053,3560000,,,,,,,01,영업/정상,,,,
현대자동차(주) 인천사업소,,,자동차 수리업,,,,2026-05-15 22:54:04,I,11,영업,0,,기타수질오염원관리,2000-10-10 16:53:53,1995-11-08,,인천광역시 서구 가정동 468-1,356000025199500054,3560000,,0,,,,,01,영업/정상,,,,자동차 수리업
(주)서구자동차공업사,,,자동차 종합 수리업,,,,2026-05-15 22:54:04,I,11,영업,0,,기타수질오염원관리,2004-07-19 15:07:21,1995-11-22,404-220,인천광역시 서구 석남동 223-465,356000025199500056,3560000,,0,,,,,01,영업/정상,,,,자동차 종합 수리업
오성보링공업사,2392202613,,,,171157.354150394,442939.39889596,2026-05-15 22:54:04,I,11,영업,,,기타수질오염원관리,2025-11-25 15:20:39,1995-12-27,,인천광역시 서구 가좌동 560-21,356000025199500057,3560000,,,,인천광역시 서구 가정로38번길 29 (가좌동),,,01,영업/정상,,,,
프프캠,,,사진 처리업,,,,2026-05-15 22:54:04,I,11,영업,0,,기타수질오염원관리,2000-10-10 17:44:38,1995-12-28,404-250,인천광역시 서구 가좌동 155-9,356000025199500058,3560000,,0,,,,,01,영업/정상,,,,사진 처리업
명작스튜디오,,,사진 처리업,,,,2026-05-15 22:54:04,I,11,영업,0,,기타수질오염원관리,2000-10-11 09:20:36,1996-03-30,404-220,인천광역시 서구 석남동 540-15,356000025199600064,3560000,,0,,,,,01,영업/정상,,,,사진 처리업
수정전자,,,사진 처리업,,169111.105382676,443943.691137269,2026-05-15 22:54:04,I,11,영업,0,,기타수질오염원관리,2005-11-17 17:33:44,1996-03-31,404-250,인천광역시 서구 가좌동 602-33,356000025199600065,3560000,,0,,인천광역시 서구 중봉대로198번길 27  (가좌동),,,01,영업/정상,,,,사진 처리업
(주)대영자동차 공업사,,,자동차 수리업,,,,2026-05-15 22:54:04,I,11,영업,0,,기타수질오염원관리,2000-10-11 09:40:15,1996-04-01,404-250,인천광역시 서구 가좌동 173-75,356000025199600066,3560000,,0,,,,,01,영업/정상,,,,자동차 수리업
오성자동차 정비센타,,,자동차 수리업,,,,2026-05-15 22:54:04,I,11,영업,0,,기타수질오염원관리,2000-10-11 09:50:36,1996-04-02,404-250,인천광역시 서구 가좌동 560-10,356000025199600067,3560000,,0,,,,,01,영업/정상,,,,자동차 수리업
동일 폐차 산업 (주),,,자동차 수리업,,,,2026-05-15 22:54:04,I,11,영업,0,,기타수질오염원관리,2000-10-11 10:00:48,1996-04-03,404-210,인천광역시 서구 원창동 31-1,356000025199600068,3560000,,0,,,,,01,영업/정상,,,,자동차 수리업
스튜디오 블루,,,사진 처리업,,,,2026-05-15 22:54:04,I,11,영업,0,,기타수질오염원관리,2000-10-11 10:12:40,1996-04-04,404-180,인천광역시 서구 연희동 4 BL 13 LT,356000025199600069,3560000,,0,,,,,01,영업/정상,,,,사진 처리업
성심자동차공업사,,,자동차 종합 수리업,,,,2026-05-15 22:54:04,I,11,영업,0,,기타수질오염원관리,2000-10-11 10:19:56,1997-12-01,404-250,인천광역시 서구 가좌동 150-33,356000025199700070,3560000,,0,,,,,01,영업/정상,,,,자동차 종합 수리업
검단자동차,,,,,168436.639831975,454996.778433715,2026-05-15 22:54:10,I,11,영업,,,기타수질오염원관리,2008-02-20 10:26:14,1997-12-02,,인천광역시 서구 왕길동 420-2,356000025199700072,3560000,,,,인천광역시 서구 단봉로 75  (왕길동),,,01,영업/정상,,,,
새로미스튜디오,,,,,170951.593621016,445378.500130412,2026-05-15 22:54:04,I,11,영업,,,기타수질오염원관리,2012-03-09 17:52:06,1997-12-05,,인천광역시 서구 석남동 479-4,356000025199700075,3560000,,,,인천광역시 서구 가정로 283  (석남동),,,01,영업/정상,,,,
오성보링공업사,,,,,171157.354150394,442939.39889596,2026-05-15 22:54:04,I,11,영업,,,기타수질오염원관리,2017-11-07 16:00:47,2002-05-16,,인천광역시 서구 가좌동 560-21,356000025199800057,3560000,,,,인천광역시 서구 가정로38번길 29 (가좌동),,,01,영업/정상,,,,
1011모터스(주),,,,,171714.634373853,441380.888774855,2026-05-15 22:54:04,I,11,영업,,,기타수질오염원관리,2018-08-21 16:24:23,1998-06-16,,인천광역시 서구 가좌동 606-36,356000025199800073,3560000,,,,인천광역시 서구 방축로 339-1 (가좌동),,,01,영업/정상,,,032-576-2141,
한진테크,1370639982,,자동차 종합 수리업,,170492.049973366,443139.951764826,2026-05-15 22:54:04,I,11,영업,0,,기타수질오염원관리,2002-05-16 17:50:10,2002-05-16,404-250,인천광역시 서구 가좌동 150-73,356000025199800074,3560000,,0,,인천광역시 서구 가정로77번길 50-9  (가좌동),,,01,영업/정상,,,,자동차 종합 수리업
삼진자동차공업사,,,자동차용 엔진 및 자동차 제조업,,,,2026-05-15 22:54:04,I,11,영업,0,,기타수질오염원관리,2000-10-11 11:22:50,1999-04-06,404-270,인천광역시 서구 불로동 253-1,356000025199900077,3560000,,0,,,,,01,영업/정상,,,,자동차용 엔진 및 자동차 제조업
청라스카이모터스,,,,,166893.604105802,444422.257837284,2026-05-15 22:54:18,I,11,영업,,,기타수질오염원관리,2020-07-15 16:39:27,2020-07-15,,인천광역시 서구 원창동 393-59,356000025202000009,3560000,수리자동차,,,"인천광역시 서구 북항로193번길 58, 2동, 3동 (원창동)",22856,,01,영업/정상,,,,
메르카바 MK 사고수리,,,,,170451.012011591,454171.546774626,2026-05-15 22:54:19,I,11,영업,,,기타수질오염원관리,2022-08-26 15:15:37,2020-09-16,,인천광역시 서구 당하동 958-3,356000025202000010,3560000,,,,인천광역시 서구 원당대로608번안길 9-44 (당하동),22674,,01,영업/정상,,,,
마전미소치과의원,1379085845,,,,170632.969851721,456310.677022649,2026-05-15 22:54:21,I,11,영업,,,기타수질오염원관리,2020-11-18 17:18:44,2020-11-18,,인천광역시 서구 마전동 348-4 한길빌딩,356000025202000011,3560000,,,,"인천광역시 서구 마전로 117, 한길빌딩 (마전동)",22601,,01,영업/정상,,,,
금호타이어프로 경서점,7754900646,,자동차 전문 수리업,,168134.772933654,450521.511135445,2026-05-15 22:54:21,I,11,영업,,,기타수질오염원관리,2021-02-18 19:48:04,2021-01-19,,인천광역시 서구 경서동 363-215,356000025202100001,3560000,,,,인천광역시 서구 경명대로 280 (경서동),22743,,01,영업/정상,,,,자동차 전문 수리업
동진오토파크,8432501132,,,,170342.114135432,443281.497207158,2026-05-15 22:54:21,I,11,영업,,,기타수질오염원관리,2023-02-03 19:59:00,2021-01-21,,인천광역시 서구 가좌동 150-11,356000025202100002,3560000,,,,"인천광역시 서구 염곡로 74, 1/2동 1~5/6호 (가좌동)",22836,,01,영업/정상,,,032-571-8979,
(주)베스트토요타 렉서스 청라점,8338502327,,,,171585.676098537,442352.71989213,2026-05-15 22:54:21,I,11,영업,,,기타수질오염원관리,2025-11-07 15:39:58,2021-01-26,,인천광역시 서구 가좌동 291-10,356000025202100003,3560000,,,,인천광역시 서구 백범로 706 (가좌동),22826,,01,영업/정상,,,,
서서울공업사,1371896142,,,,167511.727569142,454187.472464421,2026-05-15 22:54:21,I,11,영업,,,기타수질오염원관리,2021-07-30 11:15:47,2021-02-02,,인천광역시 서구 오류동 851-1,356000025202100004,3560000,,,,인천광역시 서구 원당대로269번길 15 (오류동),22661,,01,영업/정상,,,,
퍼스트모션,5425100243,,,,168942.553388378,454093.642088133,2026-05-15 22:54:21,I,11,영업,,,기타수질오염원관리,2021-10-20 16:23:08,2021-02-10,,인천광역시 서구 왕길동 64-473,356000025202100005,3560000,,,,인천광역시 서구 원당대로428번길 24-34 (왕길동),22671,,01,영업/정상,,,,
금강자동차서비스,1222908623,,,,171905.652152571,441331.482478945,2026-05-15 22:54:20,I,11,영업,,,기타수질오염원관리,2021-02-15 20:06:39,2021-02-15,,인천광역시 서구 가좌동 606-24,356000025202100006,3560000,,,,인천광역시 서구 방축로 363 (가좌동),22830,,01,영업/정상,,,032-575-5454,
심청이가찾은안경원,1371824269,,,,171177.758551849,449095.478465312,2026-05-15 22:54:20,I,11,영업,,,기타수질오염원관리,2021-03-04 17:40:51,2021-03-04,,인천광역시 서구 심곡동 249-7,356000025202100007,3560000,,,,"인천광역시 서구 탁옥로 46, 104호 (심곡동)",22727,,01,영업/정상,,,,
밝은눈안경,1371520791,,,,171281.867311944,449143.212027807,2026-05-15 22:54:20,I,11,영업,,,기타수질오염원관리,2021-04-12 09:08:56,2021-04-12,,인천광역시 서구 심곡동 247-10 SM스카이빌,356000025202100008,3560000,,,,"인천광역시 서구 탁옥로 55, SM스카이빌 101호 (심곡동)",22726,,01,영업/정상,,,032-568-1221,
더글라스페이스샵,6122961553,,,,171265.925753339,451520.310134584,2026-05-15 22:54:21,I,11,영업,,,기타수질오염원관리,2021-04-12 09:09:03,2021-04-12,,인천광역시 서구 검암동 598-7,356000025202100009,3560000,,,,"인천광역시 서구 승학로 503, 104,204호 (검암동)",22695,,01,영업/정상,,,032-561-1090,
다본안경,1221258407,,,,169677.545202898,455643.229817164,2026-05-15 22:54:20,I,11,영업,,,기타수질오염원관리,2021-04-21 18:09:05,2021-04-21,,인천광역시 서구 마전동 910-1,356000025202100010,3560000,,,,"인천광역시 서구 완정로 172, 1층 105호 (마전동)",22617,,01,영업/정상,,,032-568-5698,
아이젠트리청라점,6166694968,,,,168673.116652353,447818.843985411,2026-05-15 22:54:21,I,11,영업,,,기타수질오염원관리,2021-04-28 16:06:25,2021-04-28,,인천광역시 서구 청라동 158-2 (주)청라스파렉스,356000025202100011,3560000,,,,"인천광역시 서구 청라커낼로260번길 15 (주)청라스파렉스 104,105호 (청라동)",22762,,01,영업/정상,,,032-562-8577,
눈편한안경원,5103400327,,,,171048.055437345,446354.210258822,2026-05-15 22:54:19,I,11,영업,,,기타수질오염원관리,2021-07-30 11:13:49,2021-04-28,,인천광역시 서구 가정동 504-7 새인천상가,356000025202100012,3560000,,,,"인천광역시 서구 가정로 382, 새인천상가 1층 112, 113호 (가정동)",22777,,01,영업/정상,,,032-571-1174,
스토리안경원,3151901427,,,,170693.366863061,446196.973973991,2026-05-15 22:54:21,I,11,영업,,,기타수질오염원관리,2021-04-28 16:13:41,2021-04-28,,인천광역시 서구 신현동 278,356000025202100013,3560000,,,,인천광역시 서구 원창로 180 (신현동),22782,,01,영업/정상,,,,
밝은눈안경콘텍트,6396200301,,,,169277.809568553,450826.146525704,2026-05-15 22:54:21,I,11,영업,,,기타수질오염원관리,2021-04-28 16:16:28,2021-04-28,,인천광역시 서구 경서동 723-4 범한빌딩,356000025202100014,3560000,,,,"인천광역시 서구 도요지로 23, 범한빌딩 102호 (경서동)",22691,,01,영업/정상,,,032-567-7956,
1001안경콘택트원당점,1371867123,,,,173159.074541577,454594.054411526,2026-05-15 22:54:21,I,11,영업,,,기타수질오염원관리,2021-07-30 11:19:37,2021-05-27,,인천광역시 서구 당하동 1028-10 보람프라자,356000025202100015,3560000,,,,"인천광역시 서구 원당대로 860, 보람프라자 (당하동)",22682,,01,영업/정상,,,032-569-1011,
안경 O.K 콘텍트,1142169884,,,,173202.829932562,454666.063185249,2026-05-15 22:54:21,I,11,영업,,,기타수질오염원관리,2021-05-27 14:59:38,2021-05-27,,인천광역시 서구 원당동 824-9 원당프라자,356000025202100016,3560000,,,,"인천광역시 서구 원당대로 861, 원당프라자 1층 (원당동)",22647,,01,영업/정상,,,032-565-8700,
아이윈안경원,1370691692,,,,171353.814270794,449409.442814751,2026-05-15 22:54:19,I,11,영업,,,기타수질오염원관리,2021-05-31 16:24:26,2021-05-31,,인천광역시 서구 심곡동 239-5,356000025202100017,3560000,,,,인천광역시 서구 서곶로 323 (심곡동),22725,,01,영업/정상,,,032-565-0930,
광림종합정비,,,,,169450.592077309,453544.928743939,2026-05-15 22:54:04,I,11,영업,,,기타수질오염원관리,2013-01-31 16:35:07,2000-05-12,,인천광역시 서구 왕길동 47,356000025200000082,3560000,,,,인천광역시 서구 사월로 31-16 (왕길동),,,01,영업/정상,,,,
(주)네바퀴사랑,,,자동차 수리업,,171671.248531285,441413.40303344,2026-05-15 22:54:04,I,11,영업,0,,기타수질오염원관리,2004-05-10 19:07:20,2000-11-07,404-250,"인천광역시 서구 가좌동 606-21 ,34",356000025200000084,3560000,,0,,"인천광역시 서구 방축로 335  (가좌동,,34)",,,01,영업/정상,,,032-584-0180,자동차 수리업
토탈지게차써비스썬타,,,자동차 수리업,,,,2026-05-15 22:54:04,I,11,영업,0,,기타수질오염원관리,2000-12-05 11:35:40,2000-11-21,404-250,인천광역시 서구 가좌동 291-2,356000025200000085,3560000,,0,,,,,01,영업/정상,,,,자동차 수리업
ARTAM,,,상업용 사진 촬영업,,,,2026-05-15 22:54:04,I,11,영업,0,,기타수질오염원관리,2000-12-05 12:52:53,2000-12-01,404-250,인천광역시 서구 가좌동 561-12,356000025200000086,3560000,,0,,,,,01,영업/정상,,,032-577-1101,상업용 사진 촬영업
한성공업사,,,그외 기타 분류안된 운송장비 제조업,,170805.92059671,443252.916701484,2026-05-15 22:54:04,I,11,영업,0,,기타수질오염원관리,2001-08-08 18:11:00,2001-08-08,404-250,인천광역시 서구 가좌동 165-5,356000025200100002,3560000,,0,,인천광역시 서구 가정로67번길 6  (가좌동),,,01,영업/정상,,,,그외 기타 분류안된 운송장비 제조업
기아자동차(주),,,그외 기타 분류안된 운송장비 제조업,,170822.675755915,444108.129961041,2026-05-15 22:54:04,I,11,영업,0,,기타수질오염원관리,2001-08-08 18:40:35,2001-08-08,404-250,인천광역시 서구 가좌동 106,356000025200100003,3560000,,0,,인천광역시 서구 가정로151번길 12  (가좌동),,,01,영업/정상,,,,그외 기타 분류안된 운송장비 제조업
설원양어장,,,양식어업,,171450.980904732,458175.394259104,2026-05-15 22:54:04,I,11,영업,0,,기타수질오염원관리,2001-08-17 20:59:04,2001-08-17,,인천광역시 서구 대곡동 397 401,356000025200100004,3560000,,0,,,,,01,영업/정상,,,,양식어업
인천 임광골프장,,,골프장 운영업,,167928.206763819,445581.287427661,2026-05-15 22:54:04,I,11,영업,0,,기타수질오염원관리,2001-10-12 11:22:56,2001-10-12,404-210,인천광역시 서구 원창동 390,356000025200100006,3560000,,0,,,,,01,영업/정상,,,,골프장 운영업
형제자동차정비(주),1378138258,,자동차 전문 수리업,,,,2026-05-15 22:54:04,I,11,영업,0,,기타수질오염원관리,2001-10-23 15:57:39,2001-10-23,404-230,"인천광역시 서구 가정동 671-1 ,710",356000025200100007,3560000,,0,,,,,01,영업/정상,,,,자동차 전문 수리업
(주)동군,1268604321,,,,168204.111941001,445731.273024969,2026-05-15 22:54:04,I,11,영업,,,기타수질오염원관리,2017-07-11 18:03:35,2003-03-14,,인천광역시 서구 원창동 380,356000025200100008,3560000,,,,인천광역시 서구 원석로 195 (원창동),,,01,영업/정상,,,,
신화자동차공업사,,,,,171569.279023427,442920.676409184,2026-05-15 22:54:04,I,11,영업,,,기타수질오염원관리,2014-11-06 14:26:20,2003-07-04,,인천광역시 서구 가좌동 278-6,356000025200100009,3560000,,,,인천광역시 서구 원적로7번길 8 (가좌동),,,01,영업/정상,,,032-573-1002,
남양자동차공업사,,,자동차 수리업,,,,2026-05-15 22:54:04,I,11,영업,0,,기타수질오염원관리,2003-10-07 11:48:50,2003-10-07,404-250,인천광역시 서구 가좌동 539-12,356000025200100010,3560000,,0,,,,,01,영업/정상,,,,자동차 수리업
원종합자동차공업사,1371217617,,,,170724.789577125,449461.81858847,2026-05-15 22:54:04,I,11,영업,,,기타수질오염원관리,2012-06-05 17:03:08,2001-03-09,,인천광역시 서구 심곡동 322-1,356000025200100088,3560000,,,,인천광역시 서구 대평로 65  (심곡동),,,01,영업/정상,,,,
1급마스타자동차공업사,1372048681,,,,169306.421996924,443084.017887863,2026-05-15 22:54:13,I,11,영업,,,기타수질오염원관리,2013-01-14 18:07:08,2001-03-14,,인천광역시 서구 가좌동 178-173,356000025200100089,3560000,,,,인천광역시 서구 백범로 954 (가좌동),,,01,영업/정상,,,,
(주)금강자동차종합정비센타,8308600763,,,,171144.126815939,443212.54051712,2026-05-15 22:54:04,I,11,영업,,,기타수질오염원관리,2017-08-10 13:30:00,2001-09-08,,인천광역시 서구 가좌동 158-7,356000025200100095,3560000,,,,인천광역시 서구 가남로 99 (가좌동),,,01,영업/정상,,,,
대성보링(주),,,자동차 전문 수리업,,168856.098577617,443524.320714521,2026-05-15 22:54:04,I,11,영업,0,,기타수질오염원관리,2002-01-29 17:14:12,2002-01-29,404-250,인천광역시 서구 가좌동 602-27,356000025200200001,3560000,,0,,인천광역시 서구 중봉대로 160  (가좌동),,,01,영업/정상,,,,자동차 전문 수리업
태광자동차공업사,,,자동차 종합 수리업,,170526.784516399,443735.959404426,2026-05-15 22:54:04,I,11,영업,0,,기타수질오염원관리,2005-05-18 15:26:00,2002-02-01,404-250,인천광역시 서구 가좌동 148-14,356000025200200002,3560000,,0,,인천광역시 서구 염곡로 122  (가좌동),,,01,영업/정상,,,032-578-1181,자동차 종합 수리업
눈스토리(noon story),1372220289,,,,171720.998272186,451586.415858948,2026-05-15 22:54:19,I,11,영업,,,기타수질오염원관리,2021-05-31 16:27:28,2021-05-31,,인천광역시 서구 검암동 519-1 골드타워,356000025202100018,3560000,,,,"인천광역시 서구 검암로20번길 1 (검암동, 골드타워)",22705,,01,영업/정상,,,032-565-4845,
클라르안경,2117800268,,,,170737.459244961,447268.996536584,2026-05-15 22:54:21,I,11,영업,,,기타수질오염원관리,2021-05-31 16:30:34,2021-05-31,,인천광역시 서구 가정동 619-1 한일골드타워,356000025202100019,3560000,,,,"인천광역시 서구 봉오재3로 90, 한일골드타워 108호 (가정동)",22883,,01,영업/정상,,,,
글라스박스(청라점),1371857246,,,,169018.163682895,447818.856577186,2026-05-15 22:54:21,I,11,영업,,,기타수질오염원관리,2021-08-11 17:31:50,2021-06-01,,인천광역시 서구 청라동 162-14 청라센트럴프라자,356000025202100020,3560000,,,,"인천광역시 서구 중봉대로 588, 청라센트럴프라자 118호 (청라동)",22736,,01,영업/정상,,,032-563-7878,
글라스닥터 렌즈아이,3832501095,,,,171205.929060628,451486.151316942,2026-05-15 22:54:21,I,11,영업,,,기타수질오염원관리,2021-06-01 10:09:23,2021-06-01,,인천광역시 서구 검암동 610-1 서해프라자,356000025202100021,3560000,,,,"인천광역시 서구 승학로 498, 서해프라자 (검암동)",22696,,01,영업/정상,,,,
아이비전안경,1371112842,,,,171007.131898325,445550.049852284,2026-05-15 22:54:19,I,11,영업,,,기타수질오염원관리,2021-07-30 11:21:13,2021-06-04,,인천광역시 서구 석남동 457-4 삼정빌딩,356000025202100022,3560000,,,,"인천광역시 서구 가정로 302, 삼정빌딩 (석남동)",22784,,01,영업/정상,,,032-579-5051,
불로안경백화점,1372209213,,,,172158.550218571,456832.529692523,2026-05-15 22:54:20,I,11,영업,,,기타수질오염원관리,2021-07-30 11:22:09,2021-06-09,,인천광역시 서구 불로동 786-5,356000025202100023,3560000,,,,"인천광역시 서구 검단로 764, 1층 (불로동)",22631,,01,영업/정상,,,032-569-8200,
으뜸50안경 인천강남시장점,5057800222,,,,171010.839997394,445622.852791434,2026-05-15 22:54:21,I,11,영업,,,기타수질오염원관리,2021-06-28 19:39:15,2021-06-15,,인천광역시 서구 석남동 456-6 석남프라자,356000025202100024,3560000,,,,"인천광역시 서구 가정로 308, 석남프라자 (석남동)",22784,,01,영업/정상,,,032-582-5100,
아이닥터안경,1342708511,,,,170964.408694697,444621.094711754,2026-05-15 22:54:20,I,11,영업,,,기타수질오염원관리,2021-07-30 11:26:32,2021-06-15,,인천광역시 서구 석남동 540-15,356000025202100025,3560000,,,,인천광역시 서구 가정로 208 (석남동),22791,,01,영업/정상,,,032-571-9397,
우리안경,6854400649,,,,170968.87687921,445718.352579998,2026-05-15 22:54:21,I,11,영업,,,기타수질오염원관리,2021-06-28 19:40:10,2021-06-15,,인천광역시 서구 석남동 455-1 두성빌딩,356000025202100026,3560000,,,,"인천광역시 서구 가정로 317, 두성빌딩 (석남동)",22785,,01,영업/정상,,,032-572-3438,
에스앤씨모터스,4960702061,,,,169519.040878572,443137.541804623,2026-05-15 22:54:20,I,11,영업,,,기타수질오염원관리,2021-06-16 15:25:51,2021-06-16,,인천광역시 서구 가좌동 178-356,356000025202100027,3560000,,,,"인천광역시 서구 봉수대로161번길 41, 1층 (가좌동)",22845,,01,영업/정상,,,070-4404-4309,
1001안경,1341936948,,,,170959.604680911,445438.170384547,2026-05-15 22:54:21,I,11,영업,,,기타수질오염원관리,2021-06-16 15:31:24,2021-06-16,,인천광역시 서구 석남동 479-11,356000025202100028,3560000,,,,인천광역시 서구 가정로 289 (석남동),22785,,01,영업/정상,,,032-583-1001,
1001안경원,4110244139,,,,171067.972039084,451457.502404385,2026-05-15 22:54:21,I,11,영업,,,기타수질오염원관리,2021-06-21 11:24:12,2021-06-21,,인천광역시 서구 검암동 600-2 우창빌딩,356000025202100029,3560000,,,,"인천광역시 서구 승학로483번길 1, 우창빌딩 (검암동)",22695,,01,영업/정상,,,,
아이피아,1371914507,,,,170813.26483128,443985.945396357,2026-05-15 22:54:21,I,11,영업,,,기타수질오염원관리,2021-06-21 11:27:26,2021-06-21,,인천광역시 서구 가좌동 118 홈플러스 가좌점,356000025202100030,3560000,,,,"인천광역시 서구 가정로151번길 11, 홈플러스 가좌점 2층 (가좌동)",22832,,01,영업/정상,,,,
일공공일안경(서구점)(1001안경서구점),6212700764,,,,171764.256536137,443717.889117655,2026-05-15 22:54:21,I,11,영업,,,기타수질오염원관리,2021-06-21 12:53:51,2021-06-21,,인천광역시 서구 가좌동 122-2 현대아파트,356000025202100031,3560000,,,,"인천광역시 서구 원적로 91, 현대아파트 상가동 111, 113호 (가좌동)",22809,,01,영업/정상,,,032-572-2727,
아웃룩앤미안경,5026259422,,,,169130.7707459,447686.970640299,2026-05-15 22:54:21,I,11,영업,,,기타수질오염원관리,2021-06-21 12:55:00,2021-06-21,,인천광역시 서구 청라동 164-1 청라 풍림 엑슬루타워,356000025202100032,3560000,,,,"인천광역시 서구 중봉대로586번길 22, B동 1층 109~111호 (청라동, 청라 풍림 엑슬루타워)",22737,,01,영업/정상,,,032-566-3643,
글라스 안경콘택트,3581900686,,,,167264.109158491,447262.087482794,2026-05-15 22:54:21,I,11,영업,,,기타수질오염원관리,2021-06-21 12:56:16,2021-06-21,,인천광역시 서구 청라동 103-16 청라 SK VIEW,356000025202100033,3560000,,,,"인천광역시 서구 솔빛로 93, 116호 (청라동, 청라 SK VIEW)",22765,,01,영업/정상,,,032-568-0078,
로데오안경 인천청라점,7757700218,,,,169130.7707459,447686.970640299,2026-05-15 22:54:21,I,11,영업,,,기타수질오염원관리,2022-10-31 16:51:16,2021-06-21,,인천광역시 서구 청라동 164-1 청라 엑슬루타워,356000025202100034,3560000,,,,"인천광역시 서구 중봉대로586번길 22, A동 165호 (청라동, 청라 엑슬루타워)",22737,,01,영업/정상,,,032-566-3021,
이교안경,4370101533,,,,171206.978590972,449598.558670964,2026-05-15 22:54:20,I,11,영업,,,기타수질오염원관리,2021-06-21 12:59:24,2021-06-21,,인천광역시 서구 연희동 689-28,356000025202100035,3560000,,,,"인천광역시 서구 승학로 294-1, 1층 (연희동)",22722,,01,영업/정상,,,032-277-1508,
신세계안경원,1370187489,,,,171190.24667601,449744.056110496,2026-05-15 22:54:21,I,11,영업,,,기타수질오염원관리,2021-06-21 13:00:39,2021-06-21,,인천광역시 서구 연희동 684-14,356000025202100036,3560000,,,,"인천광역시 서구 승학로 310, 106호 (연희동)",22721,,01,영업/정상,,,032-567-6605,
서인천자동차,1370678025,,,,169207.071379941,450060.366156325,2026-05-15 22:54:10,I,11,영업,,,기타수질오염원관리,2010-09-20 14:26:59,2002-04-30,,"인천광역시 서구 경서동 346-6 ,10",356000025200200003,3560000,,,,"인천광역시 서구 경명대로 398  (경서동,,10)",,,01,영업/정상,,,032-568-1964,
북인천서비스 기아오토큐,1370632446,,,,170062.696839224,443268.111154412,2026-05-15 22:54:04,I,11,영업,,,기타수질오염원관리,2018-05-01 14:58:04,2002-06-14,,인천광역시 서구 가좌동 178-218,356000025200200004,3560000,,,,인천광역시 서구 봉수대로170번길 9 (가좌동),,,01,영업/정상,,,,
1급성광자동차공업사,,,자동차 종합 수리업,,174855.662272337,454623.508270116,2026-05-15 22:54:04,I,11,영업,0,,기타수질오염원관리,2002-06-28 10:31:25,2002-06-28,404-320,인천광역시 서구 원당동 395,356000025200200005,3560000,,0,,,,,01,영업/정상,,,,자동차 종합 수리업
(주)뉴종합1급공업사,1378608759,,,,169956.954053803,444267.685213623,2026-05-15 22:54:04,I,11,영업,,,기타수질오염원관리,2015-12-19 15:23:25,2002-07-24,,인천광역시 서구 석남동 223-615,356000025200200006,3560000,,,,인천광역시 서구 봉수대로277번길 3 (석남동),,,01,영업/정상,,,032-579-0330,
(주)비알오토솔루션,7458600072,,,,170025.653340266,443255.622355998,2026-05-15 22:54:04,I,11,영업,,,기타수질오염원관리,2015-05-04 16:33:24,2002-08-19,,인천광역시 서구 가좌동 178-222,356000025200200007,3560000,,,,인천광역시 서구 봉수대로 172 (가좌동),,,01,영업/정상,,,,
신경인정비(주),1378145991,,건설 및 광업용 기계장비 수리업,,169825.69911685,446695.665479898,2026-05-15 22:54:00,I,11,영업,0,,기타수질오염원관리,2002-09-16 19:53:41,2002-09-16,404-210,인천광역시 서구 원창동 4-14,356000025200200009,3560000,,0,,인천광역시 서구 원창로89번길 42  (원창동),,,01,영업/정상,,,,건설 및 광업용 기계장비 수리업
신경인정비(주),1378145991,,,,,,2026-05-15 22:54:00,I,11,영업,0,,기타수질오염원관리,2002-09-26 10:57:12,2002-09-13,404-210,인천광역시 서구 원창동 4-14,356000025200200010,3560000,,0,,,,,01,영업/정상,,,,
카라인종합자동차정비공장,1370717011,,,,169805.080627887,450171.022786602,2026-05-15 22:54:00,I,4,폐쇄,,,기타수질오염원관리,2018-07-02 17:10:48,2002-11-13,,"인천광역시 서구 경서동 249 24,26,27호",356000025200200011,3560000,,,,,,,04,취소/말소/만료/정지/중지,,,,
(주)자동차119,1378155941,,,,170309.000257359,444586.767986322,2026-05-15 22:54:00,I,11,영업,,,기타수질오염원관리,2010-05-13 14:58:23,2002-12-15,,"인천광역시 서구 석남동 223-539 ,550",356000025200200012,3560000,,,,,,,01,영업/정상,,,032-575-3119,
동명자동차공업사,1370750344,,,,169241.661610795,449937.041311622,2026-05-15 22:54:01,I,11,영업,,,기타수질오염원관리,2016-09-06 07:42:04,2002-12-26,,인천광역시 서구 경서동 249-149,356000025200200013,3560000,,,,인천광역시 서구 경명대로406번길 16 (경서동),,,01,영업/정상,,,032-566-0084,
서부자동차정비센터,,,자동차 종합 수리업,,169916.976563658,444191.51406213,2026-05-15 22:54:01,I,11,영업,0,,기타수질오염원관리,2004-09-06 09:28:58,2004-09-06,404-220,인천광역시 서구 석남동 223-196,356000025200200014,3560000,,0,,인천광역시 서구 건지로 167  (석남동),,,01,영업/정상,,,032-573-0071,자동차 종합 수리업
(주)태양모터스,,,,,169643.272256617,443191.441825876,2026-05-15 22:54:01,I,11,영업,,,기타수질오염원관리,2013-07-12 17:34:19,2003-01-27,,인천광역시 서구 가좌동 178-235,356000025200300001,3560000,,,,인천광역시 서구 봉수대로161번길 30  (가좌동),,,01,영업/정상,,,032-571-4551,
백석현대기아정비,,,,,171032.715446489,452768.200531783,2026-05-15 22:54:02,I,11,영업,,,기타수질오염원관리,2011-11-08 16:15:44,2003-05-02,,인천광역시 서구 백석동 102-11 외 2필지,356000025200300003,3560000,,,,,,,01,영업/정상,,,032-564-6263,
BMW 코리아(주) 인천서구지점,1378514797,,,,,,2026-05-15 22:54:02,I,11,영업,,,기타수질오염원관리,2011-04-19 14:33:19,2003-05-26,,인천광역시 서구 원창동 381-4,356000025200300004,3560000,,,,인천광역시 서구 중봉대로 375  (원창동),,,01,영업/정상,,,,
대륜맥가이버모터스,1370817279,,,,174752.217584307,453041.84942997,2026-05-15 22:54:02,I,11,영업,,,기타수질오염원관리,2009-12-14 16:13:09,2003-07-05,,"인천광역시 서구 당하동 445 , 446",356000025200300005,3560000,,,,,,,01,영업/정상,,,,
우리의원,1219034870,,보건업,,171540.839702911,445364.579919766,2026-05-15 22:54:03,I,11,영업,0,,기타수질오염원관리,2007-01-12 17:50:40,2003-07-11,404-220,인천광역시 서구 석남동 109-82 삼부빌딩3층,356000025200300008,3560000,,0,,"인천광역시 서구 서달로 130  (석남동,삼부빌딩3층)",,,01,영업/정상,,,,보건업
남산중기,,,,,168642.178516378,457085.372236724,2026-05-15 22:54:03,I,11,영업,0,,기타수질오염원관리,2003-07-18 12:57:51,2003-07-18,404-330,인천광역시 서구 금곡동 269-2,356000025200300009,3560000,,0,,인천광역시 서구 봉수대로1568번길 42-4  (금곡동),,,01,영업/정상,,,032-563-0059,
신현사진관,1370149001,,,,171064.260912642,446322.241758544,2026-05-15 22:54:03,I,11,영업,,,기타수질오염원관리,2018-12-19 16:48:06,2003-08-01,,인천광역시 서구 가정동 505-1,356000025200300011,3560000,,,,인천광역시 서구 가정로380번길 4 (가정동),,,01,영업/정상,,,,
대신폐차산업(주),1378124720,,,,,,2026-05-15 22:54:03,I,11,영업,0,,기타수질오염원관리,2003-08-05 17:47:34,2003-08-05,404-170,인천광역시 서구 경서동 124-24,356000025200300012,3560000,,0,,,,,01,영업/정상,,,032-562-2700,
아이비전케어 청라안경점,1372221648,,,,169130.7707459,447686.970640299,2026-05-15 22:54:21,I,11,영업,,,기타수질오염원관리,2021-06-21 13:02:09,2021-06-21,,인천광역시 서구 청라동 164-1 청라 풍림 엑슬루타워,356000025202100037,3560000,,,,"인천광역시 서구 중봉대로586번길 22, B동 109~111호 (청라동, 청라 풍림 엑슬루타워)",22737,,01,영업/정상,,,,
청라안경공장,6975800407,,,,167212.796359947,447046.343827888,2026-05-15 22:54:21,I,11,영업,,,기타수질오염원관리,2021-06-21 13:03:24,2021-06-21,,인천광역시 서구 청라동 105-42 예준빌딩,356000025202100038,3560000,,,,"인천광역시 서구 푸른로 5, 예준빌딩 102호 (청라동)",22765,,01,영업/정상,,,032-564-5007,
파파스안경 청라2호점,8551500869,,,,168475.359830232,448357.639660321,2026-05-15 22:54:21,I,11,영업,,,기타수질오염원관리,2021-06-21 13:04:31,2021-06-21,,인천광역시 서구 청라동 148-7,356000025202100039,3560000,,,,"인천광역시 서구 청라커낼로319번길 5, 101호 (청라동)",22748,,01,영업/정상,,,,
아이링크안경콘택트,5810700911,,,,170377.871414807,447468.575816265,2026-05-15 22:54:21,I,11,영업,,,기타수질오염원관리,2021-06-21 13:05:48,2021-06-21,,인천광역시 서구 가정동 607-9 나비프라자,356000025202100040,3560000,,,,"인천광역시 서구 봉오재3로 48, 나비프라자 1층 (가정동)",22858,,01,영업/정상,,,032-569-7507,
글라스박스안경원,1370715503,,,,170941.399550557,454777.278027558,2026-05-15 22:54:21,I,11,영업,,,기타수질오염원관리,2021-07-30 11:23:09,2021-06-21,,인천광역시 서구 마전동 1016-7 검단무광프라자,356000025202100041,3560000,,,,"인천광역시 서구 완정로 19, 검단무광프라자 1층 (마전동)",22639,,01,영업/정상,,,032-568-2116,
으뜸플러스안경,2790301756,,,,171112.711014153,454681.680519885,2026-05-15 22:54:21,I,11,영업,,,기타수질오염원관리,2021-07-30 11:23:34,2021-06-23,,인천광역시 서구 마전동 1015-5 완정빌딩,356000025202100042,3560000,,,,"인천광역시 서구 원당대로 651, 완정빌딩 302호 (마전동)",22642,,01,영업/정상,,,032-569-5800,
주식회사 제이에스특장,5158156077,,,,169978.489171106,453059.864803557,2026-05-15 22:54:21,I,11,영업,,,기타수질오염원관리,2021-10-15 10:42:30,2021-06-25,,인천광역시 서구 백석동 212-184,356000025202100043,3560000,,,,인천광역시 서구 한서로 14 (백석동),22672,,01,영업/정상,,,032-571-7080,
안경진정성 이마트검단점,3572201187,,,,171367.172682423,453724.353616205,2026-05-15 22:54:21,I,11,영업,,,기타수질오염원관리,2021-06-28 09:47:59,2021-06-28,,인천광역시 서구 당하동 1065-1 당하 이마트,356000025202100044,3560000,,,,"인천광역시 서구 서곶로 754, 당하 이마트 3층 (당하동)",22686,,01,영업/정상,,,032-563-2018,
안경매니저 검단점,6690900495,,,,171261.418357153,454010.516582032,2026-05-15 22:54:21,I,11,영업,,,기타수질오염원관리,2021-06-28 09:48:39,2021-06-28,,인천광역시 서구 당하동 1098-5 홀리랜드,356000025202100045,3560000,,,,"인천광역시 서구 서곶로 788, 홀리랜드 107호 (당하동)",22677,,01,영업/정상,,,032-568-6001,
안경마을,6772700054,,,,173004.149998088,454691.162000708,2026-05-15 22:54:21,I,11,영업,,,기타수질오염원관리,2021-06-28 09:49:14,2021-06-28,,"인천광역시 서구 원당동 824-2 골든벨프라자 108,109,110호",356000025202100046,3560000,,,,"인천광역시 서구 원당대로 841, 골든벨프라자 (원당동)",22647,,01,영업/정상,,,032-567-8539,
로얄안경,1370709414,,,,171881.732239566,443691.697361631,2026-05-15 22:54:21,I,11,영업,,,기타수질오염원관리,2021-06-28 09:45:17,2021-06-28,,인천광역시 서구 가좌동 30-49 가좌로얄프라자,356000025202100047,3560000,,,,"인천광역시 서구 원적로 100, 가좌로얄프라자 (가좌동)",22810,,01,영업/정상,,,032-579-2020,
글라시스샵원(GLASSES#1),5681100860,,,,168257.170229336,447843.844166864,2026-05-15 22:54:21,I,11,영업,,,기타수질오염원관리,2021-06-28 14:08:27,2021-06-28,,인천광역시 서구 청라동 155-7 청라 스퀘어7,356000025202100048,3560000,,,,"인천광역시 서구 청라루비로 76, 청라 스퀘어7 1층 157호 (청라동)",22761,,01,영업/정상,,,032-719-3415,
글라스 히스토리,5162600830,,,,169175.412523405,447818.85,2026-05-15 22:54:21,I,11,영업,,,기타수질오염원관리,2021-06-28 14:29:07,2021-06-28,,인천광역시 서구 청라동 163-3 홍익파크,356000025202100050,3560000,,,,"인천광역시 서구 중봉대로586번길 19, 홍익파크 (청라동)",22736,,01,영업/정상,,,032-564-0909,
아이피아 홈플러스 청라점,5332600951,,,,168873.669817217,447844.121764937,2026-05-15 22:54:21,I,11,영업,,,기타수질오염원관리,2021-06-28 14:32:26,2021-06-28,,인천광역시 서구 청라동 157-22 홈플러스 인천청라점,356000025202100051,3560000,,,,"인천광역시 서구 중봉대로 587, 홈플러스 인천청라점 지하2층 (청라동)",22762,,01,영업/정상,,,032-566-0773,
다비치안경 청라점,2514200684,,,,169018.163682895,447818.856577186,2026-05-15 22:54:21,I,11,영업,,,기타수질오염원관리,2021-06-28 14:34:54,2021-06-28,,인천광역시 서구 청라동 162-14 청라센트럴프라자,356000025202100052,3560000,,,,"인천광역시 서구 중봉대로 588, 청라센트럴프라자 110, 206호 (청라동)",22736,,01,영업/정상,,,032-561-1357,
아이하우스안경테상설할인매장당하점,1371318063,,,,171204.534644426,454710.208010599,2026-05-15 22:54:21,I,11,영업,,,기타수질오염원관리,2021-06-28 16:26:12,2021-06-28,,인천광역시 서구 마전동 1056-6 강서빌딩,356000025202100053,3560000,,,,"인천광역시 서구 서곶로 866, 강서빌딩 107호 (마전동)",22643,,01,영업/정상,,,032-565-1677,
다비치안경 인천검단점,4120579457,,,,170817.527343549,454895.924649355,2026-05-15 22:54:20,I,11,영업,,,기타수질오염원관리,2021-06-28 16:26:30,2021-06-28,,인천광역시 서구 마전동 1001-5 한성빌딩,356000025202100054,3560000,,,,"인천광역시 서구 완정로 36, 한성빌딩 1층 (마전동)",22640,,01,영업/정상,,,032-569-6882,
밝은안경,1371982378,,,,169589.976023258,455611.117427815,2026-05-15 22:54:20,I,11,영업,,,기타수질오염원관리,2021-06-28 16:26:42,2021-06-28,,인천광역시 서구 왕길동 638-4 제이원검단메디컬프라자,356000025202100055,3560000,,,,"인천광역시 서구 완정로 179, 제이원검단메디컬프라자 104호 (왕길동)",22616,,01,영업/정상,,,032-569-0028,
1급한양모터스,2341501703,,자동차 종합 수리업,,170405.51042375,443454.457556622,2026-05-15 22:54:03,I,11,영업,,,기타수질오염원관리,2022-05-17 19:33:25,2003-08-25,,인천광역시 서구 가좌동 150-88,356000025200300014,3560000,,,,인천광역시 서구 염곡로 94 (가좌동),,,01,영업/정상,,,,자동차 종합 수리업
대성공업사,,,기타 기계 및 장비 제조업,,169805.080627887,450171.022786602,2026-05-15 22:54:03,I,11,영업,0,,기타수질오염원관리,2003-09-16 15:16:19,2003-09-16,404-170,인천광역시 서구 경서동 249 130,356000025200300015,3560000,,0,,,,,01,영업/정상,,,032-561-8472,기타 기계 및 장비 제조업
서경메디칼의원,1379067925,,의료업,,170983.786720678,446238.633155912,2026-05-15 22:54:10,I,11,영업,0,,기타수질오염원관리,2004-01-12 10:34:46,2003-09-23,404-831,인천광역시 서구 신현동 272-1 302호,356000025200300016,3560000,,0,,"인천광역시 서구 가정로 369,  302호 (신현동)",,,01,영업/정상,,,,의료업
그린정비공업(주),,,자동차 종합 수리업,,,,2026-05-15 22:54:03,I,11,영업,0,,기타수질오염원관리,2003-11-07 17:50:26,2003-11-07,404-290,인천광역시 서구 왕길동 54-9,356000025200300017,3560000,,0,,,,,01,영업/정상,,,,자동차 종합 수리업
길현대1급자동차공업사,,,,,170109.308830113,444612.984785922,2026-05-15 22:54:03,I,11,영업,,,기타수질오염원관리,2013-07-02 12:55:34,2003-11-24,,인천광역시 서구 석남동 223-667,356000025200300019,3560000,,,,인천광역시 서구 거북로 10  (석남동),,,01,영업/정상,,,,
인천참사랑병원,1379067997,,,,171295.856785432,446059.075722633,2026-05-15 22:54:03,I,4,폐쇄,,,기타수질오염원관리,2019-02-18 17:18:07,2003-12-17,,인천광역시 서구 가정동 511-6,356000025200300021,3560000,,,,인천광역시 서구 원창로240번길 9 (가정동),,,04,취소/말소/만료/정지/중지,,,,
가정동물병원,,,의료업,,,,2026-05-15 22:54:03,I,11,영업,0,,기타수질오염원관리,2003-12-17 17:32:15,2003-12-17,404-230,인천광역시 서구 가정동 517-32   상가내,356000025200300022,3560000,,0,,,,,01,영업/정상,,,,의료업
ART SHOP MOTORS,,,,,,,2026-05-15 22:54:05,I,11,영업,,,기타수질오염원관리,2008-08-13 11:15:52,2003-08-07,,인천광역시 서구 가좌동 479-13,356000025200300076,3560000,,,,,,,01,영업/정상,,,,
루이동물병원,1370922575,,의료업,,,,2026-05-15 22:54:03,I,11,영업,0,,기타수질오염원관리,2004-01-08 15:34:07,2004-01-08,404-190,인천광역시 서구 심곡동 283-5,356000025200400001,3560000,,0,,,,,01,영업/정상,,,,의료업
(주)현대자동차공업사,6028701811,,,,167846.939918664,456779.556209318,2026-05-15 22:54:03,I,11,영업,,,기타수질오염원관리,2020-02-24 18:12:20,2004-01-17,,인천광역시 서구 금곡동 402 (주)현대자동차정비공장,356000025200400002,3560000,,,,인천광역시 서구 봉화로223번안길 7 (주)현대자동차정비공장 (금곡동),22648,,01,영업/정상,,,032-571-9500,
인천보링종합모터스,3801201534,,자동차 종합 수리업,,170211.438400683,444340.016517415,2026-05-15 22:54:03,I,11,영업,,,기타수질오염원관리,2022-11-18 17:56:53,2004-02-04,,인천광역시 서구 석남동 223-649,356000025200400003,3560000,,,,인천광역시 서구 석남로 20 (석남동),,,01,영업/정상,,,032-577-6208,자동차 종합 수리업
온정의원,1379182302,,,,170879.260184212,444999.138497349,2026-05-15 22:54:03,I,4,폐쇄,,,기타수질오염원관리,2013-10-31 09:12:21,2004-02-19,,인천광역시 서구 석남동 518-16,356000025200400005,3560000,,,,인천광역시 서구 길주로 85 (석남동),,,04,취소/말소/만료/정지/중지,,,032-579-7533,
백제의원,1229113346,,,,170898.664287384,444301.175538222,2026-05-15 22:54:03,I,11,영업,0,,기타수질오염원관리,2005-10-10 14:54:53,2004-01-26,404-220,인천광역시 서구 석남동 581-14,356000025200400008,3560000,,0,,인천광역시 서구 가정로 177  (석남동),,,01,영업/정상,,,032-571-7734,
원일종합자동차공업사,,,자동차 종합 수리업,,170134.389343866,444614.700589944,2026-05-15 22:54:03,I,11,영업,0,,기타수질오염원관리,2004-02-28 11:42:21,2004-02-28,404-220,인천광역시 서구 석남동 223-668,356000025200400009,3560000,,0,,인천광역시 서구 거북로 12  (석남동),,,01,영업/정상,,,032-577-6248,자동차 종합 수리업
삼성의원,1379070041,,,,170920.620564062,443966.9467674,2026-05-15 22:54:03,I,4,폐쇄,,,기타수질오염원관리,2019-08-07 09:57:57,2004-03-04,,인천광역시 서구 가좌동 114-78,356000025200400011,3560000,,,,인천광역시 서구 가정로 142-1 (가좌동),,,04,취소/말소/만료/정지/중지,,,032-575-4535,
가좌현대모터스,8085500983,,자동차 종합 수리업,,170685.344665103,443358.319056389,2026-05-15 22:54:03,I,11,영업,,,기타수질오염원관리,2021-09-09 16:38:39,2001-11-06,,인천광역시 서구 가좌동 150-33,356000025200400012,3560000,,,,인천광역시 서구 건지로250번길 82 (가좌동),,,01,영업/정상,,,,자동차 종합 수리업
(주)새한에어서스펜션,1378185066,,,,168941.399325018,444952.543625964,2026-05-15 22:54:03,I,11,영업,,,기타수질오염원관리,2011-05-03 17:19:10,2004-04-27,,인천광역시 서구 석남동 650-49,356000025200400014,3560000,,,,,,,01,영업/정상,,,032-577-4960,
동북아종합자동차,1370654718,,,,169942.863951704,444031.870991297,2026-05-15 22:54:03,I,11,영업,,,기타수질오염원관리,2014-10-24 14:54:06,2004-04-29,,인천광역시 서구 가좌동 173-351 359,356000025200400015,3560000,,,,"인천광역시 서구 봉수대로 251 (가좌동,359)",,,01,영업/정상,,,,
밝은눈안경 검단점,7371400040,,,,169484.228748544,455714.585893536,2026-05-15 22:54:20,I,11,영업,,,기타수질오염원관리,2021-06-28 17:49:05,2021-06-28,,인천광역시 서구 마전동 904-3 베스트프라자,356000025202100056,3560000,,,,"인천광역시 서구 완정로 192, 베스트프라자 1층 (마전동)",22612,,01,영업/정상,,,032-569-1007,
서인천안경,1224571053,,,,171084.1499978,451137.447405954,2026-05-15 22:54:20,I,11,영업,,,기타수질오염원관리,2021-06-28 19:24:11,2021-06-28,,인천광역시 서구 검암동 626-2 태건프라자,356000025202100057,3560000,,,,"인천광역시 서구 승학로 452, 태건프라자 107호 (검암동)",22696,,01,영업/정상,,,032-567-3993,
안경박사신현점,5711300123,,,,170991.84301321,446152.835846435,2026-05-15 22:54:21,I,11,영업,,,기타수질오염원관리,2021-06-28 19:26:22,2021-06-28,,인천광역시 서구 신현동 283-17 두산빌딩,356000025202100058,3560000,,,,"인천광역시 서구 가정로 361, 두산빌딩 1층 (신현동)",22782,,01,영업/정상,,,032-572-1647,
헬씨아이,1370991837,,,,171992.616973842,451729.731307456,2026-05-15 22:54:21,I,11,영업,,,기타수질오염원관리,2021-06-28 19:28:11,2021-06-28,,인천광역시 서구 검암동 513-3 삼보프라자,356000025202100059,3560000,,,,"인천광역시 서구 승학로 582, 삼보프라자 1층 (검암동)",22703,,01,영업/정상,,,032-567-2209,
안경창고싸군,1372080639,,,,170975.631925683,444930.394265032,2026-05-15 22:54:21,I,11,영업,,,기타수질오염원관리,2021-06-28 19:38:42,2021-06-28,,인천광역시 서구 석남동 539,356000025202100060,3560000,,,,"인천광역시 서구 길주로 96, 1층 (석남동)",22791,,01,영업/정상,,,032-575-2966,
착한안경(석남점),5660801941,,,,171557.37075313,445578.395795237,2026-05-15 22:54:21,I,11,영업,,,기타수질오염원관리,2021-06-29 15:03:04,2021-06-29,,인천광역시 서구 석남동 111-97,356000025202100061,3560000,,,,"인천광역시 서구 서달로 150-3, 201호 (석남동)",22801,,01,영업/정상,,,032-577-9888,
아이삽 안경원,1370709772,,,,171990.474975149,443559.744181978,2026-05-15 22:54:21,I,11,영업,,,기타수질오염원관리,2021-07-30 11:23:59,2021-06-30,,인천광역시 서구 가좌동 30-46,356000025202100062,3560000,,,,인천광역시 서구 원적로96번길 20 (가좌동),22810,,01,영업/정상,,,032-577-7787,
바라보다 안경원,5261600181,,,,169252.5,447868.875,2026-05-15 22:54:21,I,11,영업,,,기타수질오염원관리,2021-07-30 11:24:22,2021-06-30,,인천광역시 서구 청라동 162-21 영화블렌하임,356000025202100063,3560000,,,,"인천광역시 서구 청라라임로 57, 영화블렌하임 110,111호 (청라동)",22736,,01,영업/정상,,,032-255-4518,
글라스캐슬안경 청라점,1840601861,,,,168725.044916072,447687.557991574,2026-05-15 22:54:21,I,11,영업,,,기타수질오염원관리,2021-06-30 18:13:07,2021-06-30,,인천광역시 서구 청라동 159-1 청라 롯데캐슬,356000025202100064,3560000,,,,"인천광역시 서구 청라커낼로 252, C동 107,108호 (청라동, 청라 롯데캐슬)",22762,,01,영업/정상,,,032-561-8110,
푸른안경콘택트,2924400302,,,,166656.87063112,446859.952140193,2026-05-15 22:54:21,I,11,영업,,,기타수질오염원관리,2021-06-30 18:14:41,2021-06-30,,인천광역시 서구 청라동 104-4,356000025202100065,3560000,,,,"인천광역시 서구 보석로 43, 103,104호 (청라동)",22766,,01,영업/정상,,,032-567-9001,
으뜸플러스안경원 청라점,8822200966,,,,169130.7707459,447686.970640299,2026-05-15 22:54:21,I,11,영업,,,기타수질오염원관리,2021-06-30 18:16:37,2021-06-30,,인천광역시 서구 청라동 164-1 청라 풍림 엑슬루타워,356000025202100066,3560000,,,,"인천광역시 서구 중봉대로586번길 22, A동 216호 (청라동, 청라 풍림 엑슬루타워)",22737,,01,영업/정상,,,032-567-6011,
밝은미소안경원,1372095049,,,,171788.390894779,449071.968306276,2026-05-15 22:54:20,I,11,영업,,,기타수질오염원관리,2021-06-30 18:18:02,2021-06-30,,인천광역시 서구 심곡동 295-3,356000025202100067,3560000,,,,인천광역시 서구 탁옥로 108 (심곡동),22711,,01,영업/정상,,,032-565-1990,
글라스스토리,1371074458,,,,170988.459660873,449240.730793309,2026-05-15 22:54:21,I,11,영업,,,기타수질오염원관리,2021-06-30 18:19:37,2021-06-30,,인천광역시 서구 심곡동 333-3,356000025202100068,3560000,,,,인천광역시 서구 승학로 251 (심곡동),22724,,01,영업/정상,,,032-568-1333,
황선생안경,7821301310,,,,170228.89766219,446744.418860683,2026-05-15 22:54:21,I,11,영업,,,기타수질오염원관리,2021-08-11 17:31:06,2021-06-30,,인천광역시 서구 신현동 307-5,356000025202100069,3560000,,,,"인천광역시 서구 새오개로111번안길 23, 103,104호 (신현동)",22779,,01,영업/정상,,,032-575-0095,
으뜸플러스안경 인천신현점,1053882498,,,,171041.164384876,446227.927282074,2026-05-15 22:54:21,I,11,영업,,,기타수질오염원관리,2021-06-30 18:24:17,2021-06-30,,인천광역시 서구 가정동 505-5 가정빌딩,356000025202100071,3560000,,,,"인천광역시 서구 가정로 370, 가정빌딩 3층 (가정동)",22777,,01,영업/정상,,,070-7543-5575,
아이-팝 안경원,5044327624,,,,169252.5,448006.4,2026-05-15 22:54:21,I,11,영업,,,기타수질오염원관리,2021-06-30 18:28:20,2021-06-30,,인천광역시 서구 청라동 162-10 진영메디피아,356000025202100073,3560000,,,,"인천광역시 서구 청라라임로 71, 진영메디피아 114호 (청라동)",22736,,01,영업/정상,,,032-567-8099,
팝스옵티크,4812400845,,,,168673.165378878,448018.827028071,2026-05-15 22:54:20,I,11,영업,,,기타수질오염원관리,2021-06-30 18:29:46,2021-06-30,,인천광역시 서구 청라동 157-2 키움프라자,356000025202100074,3560000,,,,"인천광역시 서구 청라커낼로288번길 16, 키움프라자 111,112호 (청라동)",22762,,01,영업/정상,,,032-567-8780,
글라스박스 가좌점,6456100648,,,,170923.44047855,444006.987698769,2026-05-15 22:54:20,I,11,영업,,,기타수질오염원관리,2024-05-10 15:33:56,2021-06-30,,인천광역시 서구 가좌동 114-1,356000025202100075,3560000,,,,인천광역시 서구 가정로 146-1 (가좌동),22833,,01,영업/정상,,,032-579-5408,
케이(K)비젼안경,1370542670,,,,172773.559173934,457301.259630215,2026-05-15 22:54:20,I,11,영업,,,기타수질오염원관리,2021-07-01 09:54:38,2021-07-01,,인천광역시 서구 불로동 308 155호~165호,356000025202100076,3560000,,,,인천광역시 서구 검단로 842 (불로동),22628,,01,영업/정상,,,032-566-5400,
시호비전롯데마트검단점,1225312495,,,,170301.890390416,454745.482573844,2026-05-15 22:54:21,I,11,영업,,,기타수질오염원관리,2021-07-01 09:55:12,2021-07-01,,인천광역시 서구 마전동 1031-1 롯데마트,356000025202100077,3560000,,,,"인천광역시 서구 원당대로 581, 롯데마트 (마전동)",22637,,01,영업/정상,,,032-562-8786,
케이앤디티앤아이(주),,,의료업,,170565.62556006,446132.657591084,2026-05-15 22:54:03,I,11,영업,0,,기타수질오염원관리,2006-08-28 17:30:46,2004-06-04,404-240,인천광역시 서구 신현동 131-1,356000025200400020,3560000,,0,,인천광역시 서구 새오개로78번길 22  (신현동),,,01,영업/정상,,,032-579-0845,의료업
(주)GS글로벌PDI사업부,,,,,,,2026-05-15 22:54:03,I,11,영업,,,기타수질오염원관리,2011-04-27 16:21:08,2004-06-16,,인천광역시 서구 원창동 381-5,356000025200400024,3560000,,,,인천광역시 서구 중봉대로393번길 45  (원창동),,,01,영업/정상,,,032-573-8460,
서광메디칼의원,1289016816,,"출판, 인쇄 및 기록매체 복제업",,171357.487582846,449622.953638761,2026-05-15 22:54:03,I,11,영업,0,,기타수질오염원관리,2006-01-09 11:46:42,2004-07-12,404-180,인천광역시 서구 연희동 687-4,356000025200400026,3560000,,0,,인천광역시 서구 서곶로 345  (연희동),,,01,영업/정상,,,032-561-6351,"출판, 인쇄 및 기록매체 복제업"
포토원,,,,,,,2026-05-15 22:54:03,I,11,영업,,,기타수질오염원관리,2016-05-19 09:52:13,2004-07-12,,인천광역시 서구 마전동 697-20,356000025200400027,3560000,,,,,,,01,영업/정상,,,032-564-7433,
민제병원,,,병원,,171136.135842238,449831.925294529,2026-05-15 22:54:03,I,11,영업,0,,기타수질오염원관리,2004-07-16 17:17:05,2004-07-16,,인천광역시 서구 연희동 683,356000025200400028,3560000,,0,,인천광역시 서구 승학로 320  (연희동),,,01,영업/정상,,,032-565-2800,병원
신인천자동차공압사,2983100178,,,,171675.718339766,442705.191383141,2026-05-15 22:54:10,I,11,영업,,,기타수질오염원관리,2017-08-04 17:31:48,2004-08-05,,인천광역시 서구 가좌동 287-4,356000025200400031,3560000,,,,인천광역시 서구 열우물로 283 (가좌동),,,01,영업/정상,,,,
고려공업검사(주),1068104827,,,,169432.293307121,445974.108712164,2026-05-15 22:54:03,I,11,영업,,,기타수질오염원관리,2010-07-08 11:10:05,2004-08-12,,인천광역시 서구 원창동 100,356000025200400035,3560000,,,,인천광역시 서구 봉수대로 415  (원창동),,,01,영업/정상,,,032-583-3913,
중앙사진관,,,사진 처리업,,171081.310848806,444353.673758201,2026-05-15 22:54:03,I,11,영업,0,,기타수질오염원관리,2004-08-13 18:01:10,1993-02-22,404-220,인천광역시 서구 석남동 577-33,356000025200400036,3560000,,0,,인천광역시 서구 석남로 107  (석남동),,,01,영업/정상,,,032-574-7098,사진 처리업
신현메디칼의원,1319061559,,,,170946.646372298,445767.576378553,2026-05-15 22:54:03,I,11,영업,,,기타수질오염원관리,2015-09-16 15:33:43,2004-10-20,,인천광역시 서구 신현동 294-3,356000025200400043,3560000,,,,,,,01,영업/정상,,,032-584-1199,
우리사랑의원,1319610275,,의료업,,,,2026-05-15 22:54:03,I,11,영업,0,,기타수질오염원관리,2004-10-23 09:06:43,2004-10-22,404-220,인천광역시 서구 석남동 556-52,356000025200400044,3560000,,0,,,,,01,영업/정상,,,032-575-7585,의료업
현대모터스,,,,,170844.513383867,443250.864201119,2026-05-15 22:54:03,I,11,영업,,,기타수질오염원관리,2020-04-02 10:52:31,2004-11-08,,인천광역시 서구 가좌동 165-4,356000025200400045,3560000,,,,인천광역시 서구 가정로67번길 2 (가좌동),,,01,영업/정상,,,032-571-2134,
서해우리의원,1379070207,,의료업,,,,2026-05-15 22:54:03,I,11,영업,0,,기타수질오염원관리,2004-11-09 16:08:17,2004-11-09,404-160,인천광역시 서구 검암동 610-1    서해프라자 205호,356000025200400046,3560000,,0,,,,,01,영업/정상,,,032-567-7585,의료업
브레인전자(주),1318181816,,기타 전자부품 제조업,,,,2026-05-15 22:54:03,I,11,영업,0,,기타수질오염원관리,2004-12-24 09:44:28,2004-12-23,404-250,인천광역시 서구 가좌동 541-2,356000025200400049,3560000,,0,,,,,01,영업/정상,,,032-578-5016,기타 전자부품 제조업
다인이비인후과의원,1379600848,,의료업,,171881.732239566,443691.697361631,2026-05-15 22:54:03,I,11,영업,0,,기타수질오염원관리,2005-01-12 15:25:55,2003-01-28,404-250,"인천광역시 서구 가좌동 30-49 3층 304호, 305호",356000025200500001,3560000,,0,,"인천광역시 서구 원적로 100  (가좌동,3층 304호, 305호)",,,01,영업/정상,,,032-575-0614,의료업
홍광일내과의원,1379600697,,의료업,,171881.732239566,443691.697361631,2026-05-15 22:54:03,I,11,영업,0,,기타수질오염원관리,2005-01-20 09:18:00,1998-09-19,404-250,인천광역시 서구 가좌동 30-49,356000025200500002,3560000,,0,,인천광역시 서구 원적로 100  (가좌동),,,01,영업/정상,,,032-582-5430,의료업
경인자동차서비스,1372210888,,,,170192.89638071,442942.824255289,2026-05-15 22:54:03,I,11,영업,,,기타수질오염원관리,2014-10-08 17:09:08,2005-01-21,,인천광역시 서구 가좌동 178-288,356000025200500003,3560000,,,,인천광역시 서구 염곡로15번길 26-1 (가좌동),,,01,영업/정상,,,,
원당한사랑내과의원,1379077840,,의료업,,,,2026-05-15 22:54:03,I,11,영업,0,,기타수질오염원관리,2005-02-07 16:17:13,2005-02-07,404-310,인천광역시 서구 당하동 22-19,356000025200500005,3560000,,0,,,,,01,영업/정상,,,032-565-5663,의료업
손태용내과,1379050083,,,,170960.926042731,444649.918243116,2026-05-15 22:54:03,I,4,폐쇄,,,기타수질오염원관리,2018-07-26 20:52:34,2005-03-07,,인천광역시 서구 석남동 540-16 LA타워,356000025200500007,3560000,,,,"인천광역시 서구 가정로 212 (석남동,LA타워)",,,04,취소/말소/만료/정지/중지,,,032-572-0046,
신현승내과의원,1319023140,,의료업,,171750.307729685,443647.005599254,2026-05-15 22:54:03,I,11,영업,0,,기타수질오염원관리,2005-03-07 11:02:59,2001-01-19,404-250,인천광역시 서구 가좌동 122-4 우신프라자 3층,356000025200500008,3560000,,0,,"인천광역시 서구 원적로 85  (가좌동,우신프라자 3층)",,,01,영업/정상,,,032-582-8575,의료업
엘림비뇨기과의원,,,,,171010.839997394,445622.852791434,2026-05-15 22:54:03,I,4,폐쇄,,,기타수질오염원관리,2019-01-22 18:51:23,2005-04-07,,인천광역시 서구 석남동 456-6,356000025200500012,3560000,,,,인천광역시 서구 가정로 308 (석남동),,,04,취소/말소/만료/정지/중지,,,032-577-7533,
시스루안경,2301200400,,,,168160.681324996,454981.755470392,2026-05-15 22:54:21,I,11,영업,,,기타수질오염원관리,2021-07-01 09:55:41,2021-07-01,,인천광역시 서구 왕길동 695-2,356000025202100078,3560000,,,,"인천광역시 서구 단봉로 97-7, 109호 (왕길동)",22657,,01,영업/정상,,,032-577-1001,
미인안경원,3503200546,,,,169622.337005561,455520.566722506,2026-05-15 22:54:21,I,11,영업,,,기타수질오염원관리,2021-07-01 09:56:12,2021-07-01,,인천광역시 서구 왕길동 659-2,356000025202100079,3560000,,,,인천광역시 서구 검단로 470 (왕길동),22636,,01,영업/정상,,,032-561-4727,
드라마안경콘택트,1350924408,,,,169779.453840233,455640.087103613,2026-05-15 22:54:20,I,11,영업,,,기타수질오염원관리,2021-07-15 14:52:26,2021-07-15,,인천광역시 서구 마전동 933-1,356000025202100080,3560000,,,,인천광역시 서구 검단로 489 (마전동),22617,,01,영업/정상,,,032-564-7666,
라임중장비,1300921973,,,,169695.714816023,453844.46356661,2026-05-15 22:54:21,I,11,영업,,,기타수질오염원관리,2021-08-03 17:37:48,2021-08-03,,인천광역시 서구 왕길동 97-1,356000025202100081,3560000,,,,인천광역시 서구 사월로 62-15 (왕길동),22671,,01,영업/정상,,,,
위드아이,4851801388,,,,168725.044916072,447687.557991574,2026-05-15 22:54:21,I,11,영업,,,기타수질오염원관리,2021-08-12 15:30:47,2021-08-12,,인천광역시 서구 청라동 159-1 청라 롯데캐슬,356000025202100082,3560000,,,,"인천광역시 서구 청라커낼로 252, 지하층 (청라동, 청라 롯데캐슬)",22762,,01,영업/정상,,,032-562-5126,
유성오토스,1310894550,,,,169000.336830725,444262.951504628,2026-05-15 22:54:21,I,11,영업,,,기타수질오염원관리,2021-12-10 15:19:01,2021-11-25,,인천광역시 서구 석남동 650-104,356000025202100085,3560000,,,,인천광역시 서구 중봉대로240번길 18-8 (석남동),22772,,01,영업/정상,,,032-573-8553,
대신모터스,2946800435,,,,170641.000932221,457298.68846973,2026-05-15 22:54:21,I,11,영업,,,기타수질오염원관리,2022-03-04 13:18:05,2022-03-04,,인천광역시 서구 대곡동 627,356000025202200001,3560000,,,,인천광역시 서구 가현산로46번안길 71 (대곡동),22600,,01,영업/정상,,,,
으뜸플러스 인천아라점,5523401029,,,,,,2026-05-15 22:54:21,I,11,영업,,,기타수질오염원관리,2022-03-16 11:10:18,2022-03-16,,인천광역시 서구 원당동 0 로뎀타워,356000025202200002,3560000,,,,"인천광역시 서구 이음대로 378, 로뎀타워 203호 (원당동)",22866,,01,영업/정상,,,032-567-6222,
동호중기,1371330897,,,,169695.714816023,453844.46356661,2026-05-15 22:54:21,I,11,영업,,,기타수질오염원관리,2022-03-22 13:25:21,2022-03-22,,인천광역시 서구 왕길동 97-1,356000025202200003,3560000,,,,인천광역시 서구 사월로 62-19 (왕길동),22671,,01,영업/정상,,,,
으뜸50안경 인천루원시티점,4740702019,,,,170791.714578843,447267.171722161,2026-05-15 22:54:21,I,11,영업,,,기타수질오염원관리,2022-04-11 11:42:12,2022-04-11,,인천광역시 서구 가정동 618-1 새롬프라자,356000025202200004,3560000,,,,"인천광역시 서구 봉오재3로 96, 새롬프라자 301호 (가정동)",22883,,01,영업/정상,,,032-569-6787,
태원종합정비,1310214627,,,,169242.003662977,443721.689415531,2026-05-15 22:54:21,I,11,영업,,,기타수질오염원관리,2022-04-18 14:25:27,2022-04-18,,인천광역시 서구 가좌동 173-235 태원자동차공업사,356000025202200005,3560000,,,,"인천광역시 서구 보도진로41번길 8, 태원자동차공업사 (가좌동)",22843,,01,영업/정상,,,032-583-0846,
주식회사 서인천폐차사업소,2368103338,,,,167785.519047564,454357.917069656,2026-05-15 22:54:21,I,11,영업,,,기타수질오염원관리,2024-02-29 17:31:00,2022-06-08,,인천광역시 서구 왕길동 562-1,356000025202200006,3560000,,,,인천광역시 서구 원당대로301번길 46 (왕길동),22661,,01,영업/정상,,,032-565-9990,
으뜸50안경 아라점,4414500935,,,,,,2026-05-15 22:54:21,I,11,영업,,,기타수질오염원관리,2022-07-26 09:28:47,2022-07-26,,인천광역시 서구 원당동 0 ABM타워 208호,356000025202200007,3560000,,,,"인천광역시 서구 이음대로 388, ABM타워 2층 208호 (원당동)",22866,,01,영업/정상,,,,
다비치안경 인천검단신도시점,6042064274,,,,,,2026-05-15 22:54:21,I,11,영업,,,기타수질오염원관리,2022-11-21 17:50:50,2022-11-21,,"인천광역시 서구 원당동 1035-4 1층 108호, 2층 205호, 206호, 207호",356000025202200008,3560000,,,,"인천광역시 서구 원당대로 1045, 금호헤리티지7 (원당동)",22865,,01,영업/정상,,,032-563-1357,
선진모터스,,,,,170604.895534524,443308.64256711,2026-05-15 22:54:21,I,11,영업,,,기타수질오염원관리,2023-01-02 18:05:51,2023-01-02,,인천광역시 서구 가좌동 166-1 서광산업사,356000025202200009,3560000,,,,"인천광역시 서구 가정로77번길 25, 서광산업사 (가좌동)",22837,,01,영업/정상,,,,
(주)이유모터스,4508801070,,,,169754.712049737,454470.019904524,2026-05-15 22:54:21,I,11,영업,,,기타수질오염원관리,2023-02-03 15:07:45,2023-02-03,,인천광역시 서구 왕길동 196-2,356000025202300001,3560000,,,,인천광역시 서구 원당대로 514-4 (왕길동),22673,,01,영업/정상,,,,
몽키모터스 주식회사,5208602826,,,,169286.300541952,454082.751407687,2026-05-15 22:54:21,I,11,영업,,,기타수질오염원관리,2023-03-17 17:25:59,2023-03-17,,인천광역시 서구 왕길동 112-5,356000025202300003,3560000,,,,인천광역시 서구 원당대로480번길 58 (왕길동),22671,,01,영업/정상,,,,
글라스타,4960802597,,,,,,2026-05-15 22:54:21,I,11,영업,,,기타수질오염원관리,2023-04-28 14:51:38,2023-04-28,,"인천광역시 서구 가정동 0 루원지웰시티푸르지오 A동 108,9호",356000025202300004,3560000,,,,"인천광역시 서구 가정로 406, A동 108,109호 (가정동, 루원지웰시티푸르지오)",22775,,01,영업/정상,,,032-577-0818,
카이드모터스,,,,,169920.830678302,444493.847726821,2026-05-15 22:54:21,I,11,영업,,,기타수질오염원관리,2023-05-02 20:20:31,2023-05-02,,인천광역시 서구 석남동 223-936,356000025202300005,3560000,,,,인천광역시 서구 봉수대로 295-4 (석남동),22774,,01,영업/정상,,,,
정정형외과,1379072831,,,,169589.976023258,455611.117427815,2026-05-15 22:54:03,I,4,폐쇄,,,기타수질오염원관리,2017-02-22 09:27:55,2005-04-15,,"인천광역시 서구 왕길동 638-4 5 401호일부, 501호일부",356000025200500014,3560000,,,,,,,04,취소/말소/만료/정지/중지,,,032-567-7577,
참사랑외과의원,1379038852,,,,170961.519966453,444667.814558694,2026-05-15 22:54:10,I,4,폐쇄,,,기타수질오염원관리,2017-12-05 10:13:58,2001-07-10,,인천광역시 서구 석남동 540-17,356000025200500017,3560000,,,,인천광역시 서구 가정로 214 (석남동),,,04,취소/말소/만료/정지/중지,,,032-582-0114,
큰나무의원,1379079926,,의료업,,170813.26483128,443985.945396357,2026-05-15 22:54:03,I,11,영업,0,,기타수질오염원관리,2005-04-29 14:47:24,2005-04-29,404-250,인천광역시 서구 가좌동 118 홈플러스가좌점 2층,356000025200500018,3560000,,0,,"인천광역시 서구 가정로151번길 11  (가좌동,홈플러스가좌점 2층)",,,01,영업/정상,,,032-571-0011,의료업
기아자동차인천정비(주),,,,,169618.582726333,442872.114226621,2026-05-15 22:54:03,I,11,영업,,,기타수질오염원관리,2013-12-17 15:35:54,2005-05-02,,인천광역시 서구 가좌동 178-158,356000025200500019,3560000,,,,인천광역시 서구 백범로 916  (가좌동),,,01,영업/정상,,,,
삼성메디정형외과의원,,,의료업,,171245.371931904,449084.034913926,2026-05-15 22:54:03,I,11,영업,0,,기타수질오염원관리,2005-05-17 18:02:48,2005-05-17,404-190,인천광역시 서구 심곡동 248-14,356000025200500020,3560000,,0,,인천광역시 서구 승학로236번길 25  (심곡동),,,01,영업/정상,,,032-569-2553,의료업
현대월드판매(주),1378519550,,토목공사 및 유사용 기계장비 제조업,,169981.119032741,445514.623475936,2026-05-15 22:54:03,I,11,영업,0,,기타수질오염원관리,2005-08-12 09:14:29,2005-05-20,404-220,인천광역시 서구 석남동 204-50 -51,356000025200500021,3560000,,0,,,,,01,영업/정상,,,032-868-1502,토목공사 및 유사용 기계장비 제조업
원당연세메디컬의원,1319071284,,,,,,2026-05-15 22:54:03,I,4,폐쇄,,,기타수질오염원관리,2018-08-27 17:29:17,2005-05-23,,인천광역시 서구 원당동 71블럭 2롯트 골든벨프라자 305호,356000025200500022,3560000,,,,,,,04,취소/말소/만료/정지/중지,,,032-566-5060,
소망가정의원,1379081780,,,,171856.740796825,449827.419413563,2026-05-15 22:54:03,I,11,영업,,,기타수질오염원관리,2009-07-14 17:55:56,2005-05-24,,인천광역시 서구 공촌동 310-5,356000025200500023,3560000,,,,인천광역시 서구 심곡로194번길 1  (공촌동),,,01,영업/정상,,,032-564-7582,
제일가정의원,1379048457,,의료업,,172016.925836961,443526.637729524,2026-05-15 22:54:03,I,11,영업,0,,기타수질오염원관리,2005-05-31 18:03:09,1998-09-19,404-250,인천광역시 서구 가좌동 30-48,356000025200500024,3560000,,0,,인천광역시 서구 원적로96번길 26  (가좌동),,,01,영업/정상,,,032-579-2095,의료업
신삼성의원,1379065325,,의료업,,171110.470761022,445010.700290343,2026-05-15 22:54:03,I,11,영업,0,,기타수질오염원관리,2005-06-03 09:40:26,2005-06-02,404-220,인천광역시 서구 석남동 503-2,356000025200500030,3560000,,0,,인천광역시 서구 옻우물로8번길 10  (석남동),,,01,영업/정상,,,032-584-7755,의료업
플러스,1210564121,,,,170291.584641147,444476.263314422,2026-05-15 22:54:03,I,11,영업,,,기타수질오염원관리,2023-02-14 11:23:33,2005-06-02,,인천광역시 서구 석남동 223-554,356000025200500031,3560000,,,,인천광역시 서구 봉수대로300번길 28 (석남동),,,01,영업/정상,,,032-582-5829,
가나다기획,1370860096,,,,169944.339965566,446429.026898946,2026-05-15 22:54:03,I,11,영업,,,기타수질오염원관리,2019-10-16 17:23:12,2005-06-09,,인천광역시 서구 원창동 40-15 (주)경인텍,356000025200500032,3560000,,,,인천광역시 서구 원창로89번길 14-13 (주)경인텍 A동 2층 (원창동),22770,,01,영업/정상,,,032-584-7793,
인천광림정공,,,자동차 종합 수리업,,,,2026-05-15 22:54:03,I,11,영업,0,,기타수질오염원관리,2005-06-10 17:14:02,2005-06-10,404-220,인천광역시 서구 석남동 650-45   -46호,356000025200500033,3560000,,0,,,,,01,영업/정상,,,,자동차 종합 수리업
두리가자의원,1379139479,,,,170855.937603948,443772.189475842,2026-05-15 22:54:03,I,3,재개업,,,기타수질오염원관리,2018-11-29 16:56:04,2005-07-12,,인천광역시 서구 가좌동 147-2,356000025200500035,3560000,,,,인천광역시 서구 가정로 123 (가좌동),,,01,영업/정상,,,032-574-7500,
(주)성일특장,1368129101,,,,169101.927856989,453462.136615956,2026-05-15 22:54:21,I,11,영업,,,기타수질오염원관리,2023-05-25 19:41:38,2023-05-25,,인천광역시 서구 왕길동 58-2,356000025202300006,3560000,,,,인천광역시 서구 거월로 1-1 (왕길동),22672,,01,영업/정상,,,032-564-2796,
성도종합보링,,,,,166683.247898643,444810.554883796,2026-05-15 22:54:21,I,11,영업,,,기타수질오염원관리,2025-06-24 15:51:18,2023-06-30,,인천광역시 서구 원창동 393-149,356000025202300007,3560000,,,,인천광역시 서구 북항로245번길 13-27 (원창동),22856,,01,영업/정상,,,,
케이(K) 모터스,6532900431,,,,170626.575783751,444016.352491685,2026-05-15 22:54:21,I,11,영업,,,기타수질오염원관리,2023-10-06 18:08:09,2023-10-06,,인천광역시 서구 가좌동 119-18,356000025202300008,3560000,,,,인천광역시 서구 가정로151번길 25-1 (가좌동),22832,,01,영업/정상,,,,
금성모터스,1101674682,,,,168490.280881128,444423.918321081,2026-05-15 22:54:21,I,11,영업,,,기타수질오염원관리,2025-02-25 17:20:20,2023-12-12,,인천광역시 서구 석남동 655-39,356000025202300009,3560000,,,,인천광역시 서구 북항로31번길 58 (석남동),22769,,01,영업/정상,,,032-566-9712,
금성모터스,8215500197,,,,168490.280881128,444423.918321081,2026-05-15 22:54:21,I,11,영업,,,기타수질오염원관리,2023-12-12 16:45:06,2023-12-12,,인천광역시 서구 석남동 655-39,356000025202300010,3560000,,,,인천광역시 서구 북항로31번길 58 (석남동),22769,,01,영업/정상,,,,
㈜정안종합자동차,,,자동차 종합 수리업,,169365.682058399,444300.987862903,2026-05-15 22:54:21,I,11,영업,,,기타수질오염원관리,2024-02-06 10:35:51,2024-02-06,,인천광역시 서구 석남동 223-285,356000025202400001,3560000,,,,인천광역시 서구 건지로109번길 14 (석남동),22773,,01,영업/정상,,,032-579-5560,자동차 종합 수리업
으뜸50안경 인천마전역점,4391402197,,,,170676.894761939,454932.966662577,2026-05-15 22:54:21,I,11,영업,,,기타수질오염원관리,2024-04-09 13:59:26,2024-04-09,,인천광역시 서구 마전동 1028-15 2층,356000025202400003,3560000,,,,"인천광역시 서구 완정로 49, 2층 (마전동)",22639,,01,영업/정상,,,032-565-8972,
메르카바,1371807348,,,,170400.85994554,454179.102976694,2026-05-15 22:54:21,I,11,영업,,,기타수질오염원관리,2024-06-11 10:18:41,2024-06-11,,"인천광역시 서구 당하동 958-32 , 958-31, 958-17",356000025202400004,3560000,,,,"인천광역시 서구 원당대로608번안길 9-38, , 9-40, 9-42 (당하동)",22674,,01,영업/정상,,,,
알에이치모터스(RH),6500403154,,,,166957.747626679,444248.081958839,2026-05-15 22:54:21,I,11,영업,,,기타수질오염원관리,2024-08-19 14:29:45,2024-08-19,,인천광역시 서구 원창동 393-194,356000025202400005,3560000,,,,인천광역시 서구 북항로193번길 75 (원창동),22856,,01,영업/정상,,,,
영스모터스&영스파츠,6011706805,,,,166804.947496396,455160.701850686,2026-05-15 22:54:21,I,11,영업,,,기타수질오염원관리,2024-08-21 16:53:25,2024-08-21,,인천광역시 서구 오류동 329,356000025202400006,3560000,,,,인천광역시 서구 반월로 97 (오류동),22653,,01,영업/정상,,,,
아트샵모터스(주),1378641253,,,,169942.863951704,444031.870991297,2026-05-15 22:54:21,I,11,영업,,,기타수질오염원관리,2026-05-06 11:35:33,2024-08-28,,인천광역시 서구 가좌동 173-351,356000025202400007,3560000,,,,인천광역시 서구 봉수대로 251 (가좌동),22844,,01,영업/정상,,,,
제이에스모터스(주),1218622493,,,,169996.937230584,443319.019064444,2026-05-15 22:54:21,I,11,영업,,,기타수질오염원관리,2024-08-28 16:10:42,2024-08-28,,인천광역시 서구 가좌동 178-260,356000025202400008,3560000,,,,인천광역시 서구 봉수대로 178 (가좌동),22840,,01,영업/정상,,,,
루나안경,6445900623,,,,,,2026-05-15 22:54:21,I,11,영업,,,기타수질오염원관리,2024-09-20 14:25:30,2024-09-20,,인천광역시 서구 당하동 1276-2 파라곤 센트럴파크 601동 110호,356000025202400009,3560000,,,,"인천광역시 서구 이음2로 29, 601동 지하1층 110호 (당하동, 파라곤 센트럴파크)",22870,,01,영업/정상,,,032-563-3626,
일호지게차,4175500493,,,,170216.013876446,444492.572302631,2026-05-15 22:54:21,I,11,영업,,,기타수질오염원관리,2024-09-30 21:54:26,2024-09-30,,인천광역시 서구 석남동 223-565,356000025202400010,3560000,,,,인천광역시 서구 거북로24번길 16 (석남동),22794,,01,영업/정상,,,,
JL MOTORS,,,,,170221.072665665,442924.46131865,2026-05-15 22:54:21,I,11,영업,,,기타수질오염원관리,2024-10-10 14:59:39,2024-10-10,,인천광역시 서구 가좌동 178-296 (주) 거성 ENG,356000025202400011,3560000,,,,인천광역시 서구 염곡로 35 (가좌동),22840,,01,영업/정상,,,,
청라서비스기아오토큐 주식회사,1538100962,,,,167593.662786407,446268.715759417,2026-05-15 22:54:21,I,11,영업,,,기타수질오염원관리,2024-12-17 16:18:59,2024-10-15,,인천광역시 서구 원창동 209-34,356000025202400012,3560000,,,,인천광역시 서구 파랑로 224-4 (원창동),22853,,01,영업/정상,,,032-581-4572,
나우특장,4792302241,,,,172221.387312993,442193.520849191,2026-05-15 22:54:21,I,11,영업,,,기타수질오염원관리,2025-10-01 15:35:34,2024-11-01,,인천광역시 서구 가좌동 476-13,356000025202400013,3560000,,,,인천광역시 서구 열우물로 209 (가좌동),,,01,영업/정상,,,,
진영모터스,1372135790,,,,168149.610334202,445315.215657368,2026-05-15 22:54:21,I,11,영업,,,기타수질오염원관리,2024-11-15 13:45:27,2024-11-15,,인천광역시 서구 원창동 390-1,356000025202400014,3560000,,,,인천광역시 서구 북항로120번길 28-47 (원창동),22854,,01,영업/정상,,,,
메르시자동차,6773200698,,,,168201.129806321,445125.180916446,2026-05-15 22:54:21,I,11,영업,,,기타수질오염원관리,2025-01-15 15:30:57,2024-11-26,,인천광역시 서구 원창동 380-12 (주)백두보드,356000025202400015,3560000,,,,인천광역시 서구 원석로 137 (주)백두보드 (원창동),22853,,01,영업/정상,,,032-572-2535,
비와이디코리아 유한회사,5868100560,,,,166834.402656786,444780.841085723,2026-05-15 22:54:21,I,11,영업,,,기타수질오염원관리,2025-01-06 13:34:29,2025-01-06,,인천광역시 서구 원창동 393-90,356000025202400016,3560000,,,,인천광역시 서구 북항로207번길 19 (원창동),22856,,01,영업/정상,,,,
연희점 기아오토큐(주),2888700858,,,,171418.573437368,449546.732542766,2026-05-15 22:54:21,I,11,영업,,,기타수질오염원관리,2025-01-07 15:21:53,2025-01-07,,인천광역시 서구 연희동 711-10 기아오토큐 인천연희점,356000025202500001,3560000,,,,"인천광역시 서구 서곶로 338, 기아오토큐 인천연희점 (연희동)",22713,,01,영업/정상,,,,
가감포토,1371471819,,사진 처리업,,171041.164384876,446227.927282074,2026-05-15 22:54:04,I,11,영업,0,,기타수질오염원관리,2005-08-29 11:52:12,2005-08-29,404-230,"인천광역시 서구 가정동 505-5 2층, 3층",356000025200500038,3560000,,0,,"인천광역시 서구 가정로 370  (가정동,2층, 3층)",,,01,영업/정상,,,032-583-1067,사진 처리업
(주)삼인공업사,,,,,169495.91982231,449732.998516434,2026-05-15 22:54:04,I,11,영업,,,기타수질오염원관리,2014-11-06 15:36:08,2005-11-10,,인천광역시 서구 경서동 124-36,356000025200500043,3560000,,,,,,,01,영업/정상,,,,
덕하정형외과의원,1379600469,,병원,,171415.618924427,446912.488652672,2026-05-15 22:54:04,I,11,영업,0,,기타수질오염원관리,2005-12-19 10:47:03,2005-12-19,404-230,인천광역시 서구 가정동 540-16,356000025200500046,3560000,,0,,,,,01,영업/정상,,,,병원
연세자연의원,1109006938,,의료업,,,,2026-05-15 22:54:04,I,11,영업,0,,기타수질오염원관리,2005-12-22 16:42:05,2005-12-22,404-250,인천광역시 서구 가좌동 245-2,356000025200500047,3560000,,0,,,,,01,영업/정상,,,032-578-0578,의료업
성창기계,1076062844,,토목공사 및 유사용 기계장비 제조업,,166803.294820994,453234.714395831,2026-05-15 22:54:04,I,11,영업,0,,기타수질오염원관리,2006-02-07 10:43:57,2006-01-06,404-300,인천광역시 서구 오류동 1500-2,356000025200600003,3560000,,0,,인천광역시 서구 길무로 217  (오류동),,,01,영업/정상,,,,토목공사 및 유사용 기계장비 제조업
동서메디칼의원,1219040692,,의료업,,,,2026-05-15 22:54:04,I,11,영업,0,,기타수질오염원관리,2007-03-07 10:43:29,2006-02-16,404-260,인천광역시 서구 마전동 694-10,356000025200600004,3560000,,0,,,,,01,영업/정상,,,,의료업
로직아트,1370245278,,,,169190.725130399,444696.02219972,2026-05-15 22:54:10,I,11,영업,,,기타수질오염원관리,2019-01-07 18:26:30,2006-04-11,,인천광역시 서구 석남동 223-243,356000025200600005,3560000,,,,인천광역시 서구 건지로97번길 51-1 (석남동),22772,,01,영업/정상,,,032-574-7503,
현대포토,1371343029,,,,171764.256536137,443717.889117655,2026-05-15 22:54:04,I,11,영업,,,기타수질오염원관리,2019-05-15 13:12:34,2006-05-22,,인천광역시 서구 가좌동 122-2,356000025200600007,3560000,,,,,,,01,영업/정상,,,,
우성병원,1379191895,,"출판, 인쇄 및 기록매체 복제업",,,,2026-05-15 22:54:04,I,11,영업,0,,기타수질오염원관리,2006-05-22 17:05:09,2006-05-22,404-310,"인천광역시 서구 당하동 38B - 15L(4,5층)",356000025200600008,3560000,,0,,,,,01,영업/정상,,,,"출판, 인쇄 및 기록매체 복제업"
한국종합사진관,,,,,171506.222183326,445693.441395796,2026-05-15 22:54:04,I,4,폐쇄,,,기타수질오염원관리,2019-06-14 17:37:00,2006-05-29,,인천광역시 서구 석남동 470-1,356000025200600010,3560000,,,,인천광역시 서구 서달로163번길 1 (석남동),,,04,취소/말소/만료/정지/중지,,,,
창신자동차공업사,1341587944,,,,,,2026-05-15 22:54:04,I,11,영업,,,기타수질오염원관리,2017-02-22 09:27:47,2006-06-23,,인천광역시 서구 원당동 원당지구 97블럭 5-1롯트,356000025200600012,3560000,,,,,,,01,영업/정상,,,,
한전기공(주)GT정비기술센터,,,건설 및 광업용 기계장비 수리업,,,,2026-05-15 22:54:04,I,11,영업,0,,기타수질오염원관리,2007-02-14 13:34:10,2006-07-13,404-170,인천광역시 서구 경서동 247,356000025200600013,3560000,,0,,,,,01,영업/정상,,,,건설 및 광업용 기계장비 수리업
모던모터스,1371238140,,,,170216.256618674,443178.407303614,2026-05-15 22:54:04,I,11,영업,,,기타수질오염원관리,2009-08-12 14:09:12,2006-07-20,,인천광역시 서구 가좌동 173-75,356000025200600014,3560000,,,,인천광역시 서구 염곡로 59  (가좌동),,,01,영업/정상,,,032-576-1566,
새올보링,1370309643,,토목공사 및 유사용 기계장비 제조업,,,,2026-05-15 22:54:04,I,11,영업,0,,기타수질오염원관리,2006-07-24 09:37:20,2006-07-24,404-250,인천광역시 서구 가좌동 579-4,356000025200600015,3560000,,0,,,,,01,영업/정상,,,,토목공사 및 유사용 기계장비 제조업
이동희소아과,1379003746,,,,171361.795535308,449718.444426166,2026-05-15 22:54:04,I,4,폐쇄,,,기타수질오염원관리,2017-03-14 18:08:39,2006-08-31,,인천광역시 서구 연희동 686-13,356000025200600017,3560000,,,,,,,04,취소/말소/만료/정지/중지,,,032-562-7575,
(주)후지유통 검단점,1378522171,,,2026-04-01,,,2026-05-15 22:54:04,I,4,폐쇄,,,기타수질오염원관리,2026-04-01 11:13:25,2006-09-21,,인천광역시 서구 당하동 875,356000025200600020,3560000,,,,,,,04,취소/말소/만료/정지/중지,,,032-564-4782,
에프원시스템,1221285530,,,,170007.624339649,443205.459864036,2026-05-15 22:54:04,I,11,영업,,,기타수질오염원관리,2018-04-19 17:53:30,2006-09-28,,인천광역시 서구 가좌동 178-224,356000025200600021,3560000,,,,인천광역시 서구 봉수대로 166 (가좌동),,,01,영업/정상,,,032-575-4231,
석남제일의원,2219017619,,,,171353.486357153,444599.168485894,2026-05-15 22:54:04,I,11,영업,,,기타수질오염원관리,2009-04-27 15:40:10,2006-11-21,,인천광역시 서구 석남동 556-52,356000025200600024,3560000,,,,인천광역시 서구 길주로136번길 32-1  (석남동),,,01,영업/정상,,,032-573-3702,
으뜸50안경 청라점,,,,,168550.310683795,447819.289834246,2026-05-15 22:54:21,I,11,영업,,,기타수질오염원관리,2025-05-07 14:07:41,2025-05-07,,인천광역시 서구 청라동 157-14 청라두손중앙프라자,356000025202500002,3560000,,,,"인천광역시 서구 청라커낼로 264, 청라두손중앙프라자 1층 115호 (청라동)",22762,,01,영업/정상,,,,
으뜸50안경 인천가좌점,1847000465,,,,172022.10207287,443702.93503834,2026-05-15 22:54:21,I,11,영업,,,기타수질오염원관리,2025-07-16 11:08:57,2025-07-16,,인천광역시 서구 가좌동 7 가좌한신휴플러스 403동 201호,356000025202500003,3560000,,,,"인천광역시 서구 건지로 402, 403동 201호 (가좌동, 가좌한신휴플러스)",22810,,01,영업/정상,,,032-295-0110,
주식회사 피알앤디테크베이,5658603060,,,,170092.053515136,443728.087440649,2026-05-15 22:54:22,I,11,영업,,,기타수질오염원관리,2025-08-13 09:14:19,2025-08-13,,인천광역시 서구 가좌동 173-334 외 2필지,356000025202500004,3560000,,,,"인천광역시 서구 봉수대로 220, 외 2필지 (가좌동)",22831,,01,영업/정상,,,,
M.K모터스,,,,,168853.002049733,444202.022634331,2026-05-15 22:54:22,I,11,영업,,,기타수질오염원관리,2025-08-27 16:48:17,2025-08-27,,인천광역시 서구 석남동 650-159,356000025202500005,3560000,,,,인천광역시 서구 중봉대로 228 (석남동),22772,,01,영업/정상,,,,
라운즈 검단 법조타운점,4531702156,,,,,,2026-05-15 22:54:21,I,11,영업,,,기타수질오염원관리,2025-09-17 15:16:50,2025-09-17,,인천광역시 서구 당하동 1246-6 신화디벨로퍼,356000025202500006,3560000,,,,"인천광역시 서구 서로3로 104, 신화디벨로퍼 101호 (당하동)",22869,,01,영업/정상,,,,
케이디모터스(KDMOTORS),1567500261,,,,166512.317,444166.245,2026-05-15 22:54:21,I,11,영업,,,기타수질오염원관리,2025-09-19 16:46:55,2025-09-19,,인천광역시 서구 원창동 393-19,356000025202500007,3560000,,,,인천광역시 서구 북항로193번길 119 (원창동),22856,,01,영업/정상,,,,
주식회사 경기보링공업,,,,,170205.560972176,444439.096502324,2026-05-15 22:54:21,I,11,영업,,,기타수질오염원관리,2025-10-31 17:51:54,2025-10-31,,인천광역시 서구 석남동 223-567,356000025202500008,3560000,,,,"인천광역시 서구 거북로24번길 22, 2동 (석남동)",22794,,01,영업/정상,,,,
주식회사 피알앤디테크베이,5658603060,,,,170338.005558963,443806.36274906,2026-05-15 22:54:21,I,11,영업,,,기타수질오염원관리,2025-11-10 16:05:28,2025-11-10,,인천광역시 서구 가좌동 173-144,356000025202500009,3560000,,,,인천광역시 서구 염곡로 133 (가좌동),22831,,01,영업/정상,,,,
으뜸플러스안경 검단사거리역점,4705700969,,,,169660.271839858,455537.692239817,2026-05-15 22:54:21,I,11,영업,,,기타수질오염원관리,2025-12-16 15:20:58,2025-12-16,,인천광역시 서구 왕길동 659-5 뷰비스타운,356000025202500010,3560000,,,,"인천광역시 서구 검단로 474, 뷰비스타운 304호 (왕길동)",22636,,01,영업/정상,,,,
가좌정형외과의원,7172400860,,,,171858.595156022,443665.259813347,2026-05-15 22:54:21,I,11,영업,,,기타수질오염원관리,2025-12-22 15:24:57,2025-12-22,,"인천광역시 서구 가좌동 30-73 1,2,3 층",356000025202500012,3560000,,,,"인천광역시 서구 원적로 96 (가좌동,1,2,3 층)",,,01,영업/정상,,,032-577-1500,
예다,1211757531,,,,171636.126728441,449715.637572435,2026-05-15 22:54:21,I,11,영업,,,기타수질오염원관리,2026-01-16 15:41:45,2026-01-16,,인천광역시 서구 연희동 707-5,356000025202600001,3560000,,,,"인천광역시 서구 서곶로370번길 30, 1층 (연희동)",22708,,01,영업/정상,,,,
동명운반기계,1303697009,,,,168486.268585496,456667.138642828,2026-05-15 22:54:21,I,11,영업,,,기타수질오염원관리,2026-01-28 15:40:02,2026-01-28,,인천광역시 서구 금곡동 242-8,356000025202600002,3560000,,,,인천광역시 서구 봉수대로 1564 (금곡동),22607,,01,영업/정상,,,032-678-6071,
가좌성모의원,2249603547,,,,171910.535335892,443035.773106482,2026-05-15 22:54:04,I,11,영업,,,기타수질오염원관리,2010-01-06 16:46:40,2006-12-20,,인천광역시 서구 가좌동 245-2,356000025200600027,3560000,,,,인천광역시 서구 장고개로 283  (가좌동),,,01,영업/정상,,,032-573-7582,
매직자동차공업사,1303169696,,,,,,2026-05-15 22:54:04,I,11,영업,,,기타수질오염원관리,2008-01-16 17:22:40,2007-01-04,,인천광역시 서구 가정동 91-10 외5필지,356000025200700001,3560000,,,,,,,01,영업/정상,,,,
대주모터스,3774400656,,,,170203.785482602,442482.064745296,2026-05-15 22:54:04,I,11,영업,,,기타수질오염원관리,2025-01-06 15:15:13,2007-01-18,,인천광역시 서구 가좌동 178-358 가좌동정비공장,356000025200700003,3560000,,,,"인천광역시 서구 백범로 845-1, 가좌동정비공장 (가좌동)",22841,,01,영업/정상,,,032-576-1577,
재단법인동암의학연구소동산의원,1378202816,,,,171953.795179612,451815.989111242,2026-05-15 22:54:04,I,11,영업,,,기타수질오염원관리,2010-03-03 09:27:13,2007-02-14,,인천광역시 서구 검암동 510-5,356000025200700006,3560000,,,,인천광역시 서구 승학로 587  (검암동),,,01,영업/정상,,,,
원당동물병원,1371290618,,,,,,2026-05-15 22:54:04,I,11,영업,,,기타수질오염원관리,2011-06-02 14:10:26,2007-04-13,,인천광역시 서구 당하동 원당지구96블럭3롯트창신프라자204호,356000025200700008,3560000,,,,,,,01,영업/정상,,,,
얄개자동차공업사,,,,,169564.377795672,442909.037488464,2026-05-15 22:54:04,I,11,영업,,,기타수질오염원관리,2009-03-19 13:38:59,2007-04-19,,인천광역시 서구 가좌동 178-161,356000025200700009,3560000,,,,인천광역시 서구 백범로 924  (가좌동),,,01,영업/정상,,,032-862-0101,
제이프로세스,1371391803,,,,170587.089322208,444540.705656326,2026-05-15 22:54:04,I,11,영업,,,기타수질오염원관리,2017-05-16 10:34:15,2007-05-22,,인천광역시 서구 석남동 건지로 153번길 37 2층 (석남동),356000025200700010,3560000,,,,"인천광역시 서구 염곡로200번길 1-3, 2층 (석남동)",22795,,01,영업/정상,,,,
동원로엑스인천(주),1218157774,,,,165341.020034489,444036.432585213,2026-05-15 22:54:04,I,11,영업,,,기타수질오염원관리,2019-11-15 11:52:29,2007-07-06,,인천광역시 서구 원창동 442 동부인천항만,356000025200700012,3560000,,,,"인천광역시 서구 북항로309번길 84, 동원로엑스인천(주) (원창동)",22857,,01,영업/정상,,,,
십정자동차공업사,,,자동차 종합 수리업,,172457.717665498,441942.442324364,2026-05-15 22:54:04,I,11,영업,0,,기타수질오염원관리,2007-07-13 09:36:20,2007-07-13,404-250,인천광역시 서구 가좌동 480-6,356000025200700013,3560000,,0,,인천광역시 서구 열우물로 175  (가좌동),,,01,영업/정상,,,,자동차 종합 수리업
쿨펫동물병원,1321534228,,,,170813.26483128,443985.945396357,2026-05-15 22:54:04,I,11,영업,,,기타수질오염원관리,2007-08-23 10:37:18,2007-08-23,,인천광역시 서구 가좌동 118 홈플러스 4층,356000025200700014,3560000,,,,"인천광역시 서구 가정로151번길 11  (가좌동,홈플러스 4층)",,,01,영업/정상,,,,
연희동물병원,1371436597,,,,171387.694687864,448865.515169753,2026-05-15 22:54:04,I,4,폐쇄,,,기타수질오염원관리,2017-03-14 18:08:29,2007-08-23,,인천광역시 서구 심곡동 304-10,356000025200700015,3560000,,,,인천광역시 서구 서곶로 270 (심곡동),,,04,취소/말소/만료/정지/중지,,,,
가좌삼성요양병원,2219049770,,,,171741.160484858,442881.417488035,2026-05-15 22:54:04,I,11,영업,,,기타수질오염원관리,2012-10-09 13:58:27,2007-09-27,,인천광역시 서구 가좌동 322-2,356000025200700017,3560000,,,,인천광역시 서구 장고개로 262  (가좌동),,,01,영업/정상,,,032-578-2001,
굿모닝종합동물병원,1371477036,,,,170990.255638013,445293.52723891,2026-05-15 22:54:04,I,4,폐쇄,,,기타수질오염원관리,2017-03-15 10:27:31,2007-12-11,,인천광역시 서구 석남동 509-1,356000025200700020,3560000,,,,인천광역시 서구 가정로 274 (석남동),,,04,취소/말소/만료/정지/중지,,,032-583-1119,
가좌현대기아모터스,1371508161,,,,169007.798316796,444127.205856958,2026-05-15 22:54:04,I,11,영업,,,기타수질오염원관리,2008-02-18 17:58:54,2008-01-29,,인천광역시 서구 가좌동 602-62,356000025200800003,3560000,자동차정비,,,인천광역시 서구 건지로 74  (가좌동),,,01,영업/정상,,,,
신광기업(합),1378107115,,,,171057.914369596,443350.295918603,2026-05-15 22:54:04,I,11,영업,,,기타수질오염원관리,2008-04-14 13:06:21,2008-04-14,,인천광역시 서구 가좌동 157-12,356000025200800006,3560000,자동차수리,,,인천광역시 서구 가정로78번길 19  (가좌동),,,01,영업/정상,,,032-576-2774,
장외과의원,1219040692,,,,171110.470761022,445010.700290343,2026-05-15 22:54:04,I,11,영업,,,기타수질오염원관리,2010-04-30 17:29:38,2008-05-19,,인천광역시 서구 석남동 503-2,356000025200800007,3560000,,,,인천광역시 서구 옻우물로8번길 10  (석남동),,,01,영업/정상,,,032-584-7755,
새서울의원,3089603199,,,,170985.495471039,449158.40268626,2026-05-15 22:54:05,I,11,영업,,,기타수질오염원관리,2008-06-23 10:16:02,2008-06-23,,인천광역시 서구 심곡동 333-9,356000025200800010,3560000,,,,인천광역시 서구 승학로 243  (심곡동),,,01,영업/정상,,,032-566-0745,
삼(인동중기),,,,,169370.526356744,449559.154684427,2026-05-15 22:54:06,I,11,영업,,,기타수질오염원관리,2008-06-23 14:43:58,2008-06-23,,인천광역시 서구 경서동 124-41,356000025200800011,3560000,,,,인천광역시 서구 경명대로496번길 744  (경서동),,,01,영업/정상,,,032-566-0572,
(주)1급신성자동차,1378606668,,,,169974.556073863,446489.635722913,2026-05-15 22:54:05,I,11,영업,,,기타수질오염원관리,2010-12-23 11:03:55,2008-07-14,,인천광역시 서구 원창동 79-4,356000025200800013,3560000,,,,인천광역시 서구 봉수대로501번길 9  (원창동),,,01,영업/정상,,,032-573-4686,
오성현대자동차공업사,1371243906,,,,170814.309614381,443352.613071443,2026-05-15 22:54:06,I,11,영업,,,기타수질오염원관리,2009-03-23 17:16:24,2008-08-28,,인천광역시 서구 가좌동 152-17,356000025200800015,3560000,자동차,,,인천광역시 서구 가정로77번길 6  (가좌동),,,01,영업/정상,,,032-581-4979,
나비사진관,1371036911,,,,171142.704226617,448917.747611998,2026-05-15 22:54:04,I,11,영업,,,기타수질오염원관리,2008-11-28 17:17:28,2008-11-28,,인천광역시 서구 심곡동 257-19,356000025200800018,3560000,,,,인천광역시 서구 심곡로 42  (심곡동),,,01,영업/정상,,,,
강찬의원,1379106885,,,,171850.786666666,449700.549999999,2026-05-15 22:54:04,I,11,영업,,,기타수질오염원관리,2008-12-15 17:03:42,2008-11-28,,인천광역시 서구 공촌동 318 2층,356000025200800019,3560000,,,,"인천광역시 서구 심곡로 184  (공촌동,2층)",,,01,영업/정상,,,,
연세내과의원,1379600682,,의원,,171942.58492173,442995.844565439,2026-05-15 22:54:05,I,11,영업,,,기타수질오염원관리,2008-11-28 17:20:02,2008-11-28,,인천광역시 서구 가좌동 310-10,356000025200800021,3560000,,,,인천광역시 서구 고래울로 4  (가좌동),,,01,영업/정상,,,,의원
인천광역시립노인치매요양병원,1378203606,,,,172104.147364809,449418.92917521,2026-05-15 22:54:05,I,11,영업,,,기타수질오염원관리,2010-04-06 16:43:13,2008-12-03,,"인천광역시 서구 심곡동 288-4 5,6,7",356000025200800022,3560000,,,,"인천광역시 서구 심곡로132번길 21-1  (심곡동,5,6,7)",,,01,영업/정상,,,032-562-5101,
(주)연우,1378110376,,,,172120.348740297,442025.692440705,2026-05-15 22:54:05,I,11,영업,,,기타수질오염원관리,2009-01-02 16:50:07,2009-01-02,,인천광역시 서구 가좌동 473-5,356000025200800023,3560000,,,,인천광역시 서구 가좌로84번길 13  (가좌동),,,01,영업/정상,,,032-575-6537,
광일자동차정비공업사,,,,,169652.773005463,454563.657789665,2026-05-15 22:54:05,I,11,영업,,,기타수질오염원관리,2009-01-06 17:13:04,2009-01-06,,인천광역시 서구 왕길동 191-1,356000025200900001,3560000,,,,인천광역시 서구 원당대로507번길 3  (왕길동),,,01,영업/정상,,,,
광일자동차정비공업사,,,,,169652.773005463,454563.657789665,2026-05-15 22:54:05,I,11,영업,,,기타수질오염원관리,2009-01-16 14:40:06,2009-01-16,,인천광역시 서구 왕길동 191-1,356000025200900002,3560000,,,,인천광역시 서구 원당대로507번길 3  (왕길동),,,01,영업/정상,,,,
경인정비,1074063525,,,,167000.298067264,454077.508463943,2026-05-15 22:54:06,I,11,영업,,,기타수질오염원관리,2018-03-08 11:24:39,2009-01-19,,인천광역시 서구 오류동 434-41,356000025200900003,3560000,,,,인천광역시 서구 원당대로 228-8 (오류동),22669,,01,영업/정상,,,,
삼원전자,1370670678,,,,170219.292567482,444750.971495686,2026-05-15 22:54:04,I,11,영업,,,기타수질오염원관리,2009-02-11 10:00:28,2009-02-10,,인천광역시 서구 석남동 223-38 인천테크피아 나동 214호,356000025200900004,3560000,,,,"인천광역시 서구 거북로 17  (석남동,인천테크피아 나동 214호)",,,01,영업/정상,,,032-582-4053,
델타캠,1371691594,,,,170122.214063904,442799.199167824,2026-05-15 22:54:04,I,11,영업,,,기타수질오염원관리,2023-03-22 18:01:56,2009-03-19,,인천광역시 서구 가좌동 178-317 우림테크노 12동3층,356000025200900006,3560000,,,,"인천광역시 서구 염곡로15번길 5-14 (가좌동,우림테크노 12동3층)",,,01,영업/정상,,,032-574-7462,
검암연세치과의원,1379069127,,,,171205.929060628,451486.151316942,2026-05-15 22:54:04,I,11,영업,,,기타수질오염원관리,2009-04-02 11:24:30,2009-04-02,,인천광역시 서구 검암동 610-1 서해프라자 305호,356000025200900008,3560000,,,,"인천광역시 서구 승학로 498  (검암동,서해프라자 305호)",,,01,영업/정상,,,032-564-0275,
(주)캠프롯,1378143085,,,,170813.401868509,443075.111339474,2026-05-15 22:54:04,I,11,영업,,,기타수질오염원관리,2016-09-09 17:50:55,2009-04-14,,인천광역시 서구 가좌동 576,356000025200900009,3560000,,,,"인천광역시 서구 가정로47번길 4, b동 402호 (가좌동, 아파트형공장)",22837,,01,영업/정상,,,,
(주)원광엔지니어링,1178140876,,건설장비 운영업,,167355.32750804,453855.431419461,2026-05-15 22:54:07,I,11,영업,,,기타수질오염원관리,2009-07-06 20:10:09,2009-07-06,,인천광역시 서구 오류동 434-108,356000025200900012,3560000,,,,인천광역시 서구 두루물로8번길 15  (오류동),,,01,영업/정상,,,,건설장비 운영업
(주)원광엔지니어링,1178140876,,,,167355.32750804,453855.431419461,2026-05-15 22:54:07,I,11,영업,,,기타수질오염원관리,2009-07-06 20:51:44,2009-07-06,,인천광역시 서구 오류동 434-108,356000025200900013,3560000,,,,인천광역시 서구 두루물로8번길 15  (오류동),,,01,영업/정상,,,,
청라의료생활협동조합 청라신현의원,,,,,170280.980885207,445839.066856572,2026-05-15 22:54:07,I,11,영업,,,기타수질오염원관리,2016-04-22 09:42:33,2009-08-04,,인천광역시 서구 신현동 152-46,356000025200900014,3560000,,,,인천광역시 서구 율도로 25 (신현동),,,01,영업/정상,,,,
두리소아과,1309602506,,,,,,2026-05-15 22:54:07,I,11,영업,,,기타수질오염원관리,2009-08-24 14:17:26,2009-08-24,,인천광역시 서구 원당동 75B 2L 롯트원당프라자 302호,356000025200900015,3560000,,,,,,,01,영업/정상,,,032-562-6069,
동원로엑스인천(주),1218157774,,,,165341.020034489,444036.432585213,2026-05-15 22:54:07,I,11,영업,,,기타수질오염원관리,2019-11-15 12:52:04,2009-10-16,,인천광역시 서구 원창동 442 동부인천항만,356000025200900016,3560000,,,,"인천광역시 서구 북항로309번길 84, 동원로엑스인천(주) (원창동)",22857,,01,영업/정상,,,,
현대자동차(주) 인천하이테크센터,1378506661,,자동차 수리업,,171943.687655385,442175.445946872,2026-05-15 22:54:07,I,11,영업,,,기타수질오염원관리,2022-01-17 17:21:49,2009-11-10,,인천광역시 서구 가좌동 468-1,356000025200900018,3560000,,,,인천광역시 서구 가좌로83번길 22 (가좌동),,,01,영업/정상,,,,자동차 수리업
천일자동차공업사,,,,,170299.596262704,442913.183903204,2026-05-15 22:54:06,I,11,영업,,,기타수질오염원관리,2011-07-15 12:36:49,2009-12-24,,인천광역시 서구 가좌동 585-28,356000025200900020,3560000,,,,,,,01,영업/정상,,,032-579-2211,
미래안산부인과,1379132971,,,,169603.55314411,455567.92322277,2026-05-15 22:54:06,I,4,폐쇄,,,기타수질오염원관리,2019-02-07 11:33:57,2010-01-21,,인천광역시 서구 왕길동 639-4 4~7층,356000025201000001,3560000,,,,"인천광역시 서구 검단로 469 (왕길동,4~7층)",,,04,취소/말소/만료/정지/중지,,,032-567-5732,
속편안내과,1379135420,,,,,,2026-05-15 22:54:06,I,11,영업,,,기타수질오염원관리,2015-02-11 11:09:52,2010-03-23,,"인천광역시 서구 마전동 641 영남탑스빌 웰빙타운 2층 201호,202호",356000025201000002,3560000,,,,,,,01,영업/정상,,,032-561-6060,
원창모터스,7435300350,,,,169905.586211753,446557.537380882,2026-05-15 22:54:07,I,11,영업,,,기타수질오염원관리,2023-04-26 16:12:52,2010-04-19,,인천광역시 서구 원창동 75,356000025201000004,3560000,,,,인천광역시 서구 봉수대로501번길 18 (원창동),22770,,01,영업/정상,,,032-581-3127,
엠파크서비스(주),,,자동차 종합 수리업,,170335.653638439,443968.724005158,2026-05-15 22:54:09,I,11,영업,,,기타수질오염원관리,2020-12-29 10:27:24,2010-06-07,,인천광역시 서구 가좌동 173-204,356000025201000005,3560000,,,,인천광역시 서구 염곡로 133 (가좌동),,,01,영업/정상,,,032-585-0793,자동차 종합 수리업
1급케이비자동차공업사,4082924740,,,,170771.705,443200.0965,2026-05-15 22:54:09,I,11,영업,,,기타수질오염원관리,2015-12-22 16:06:51,2010-06-09,,인천광역시 서구 가좌동 162-13,356000025201000006,3560000,,,,인천광역시 서구 가정로67번길 7 (가좌동),,,01,영업/정상,,,032-572-7234,
연세항외과의원,1379090523,,,,,,2026-05-15 22:54:08,I,11,영업,,,기타수질오염원관리,2010-07-08 11:38:05,2010-07-08,,"인천광역시 서구 왕길동 검단2지구 64블럭 4,5롯트 뷰비스타운 501호, 502호",356000025201000008,3560000,,,,,,,01,영업/정상,,,032-568-2259,
이삭모터스,,,,,170161.908611583,443311.932688928,2026-05-15 22:54:09,I,11,영업,,,기타수질오염원관리,2018-02-20 17:22:44,2010-09-10,,"인천광역시 서구 가좌동 178-254 ,253",356000025201000010,3560000,,,,"인천광역시 서구 봉수대로182번길 22 (가좌동,,253)",,,01,영업/정상,,,,
청라트럭서비스,,,,,169446.605862424,446575.317323889,2026-05-15 22:54:08,I,11,영업,,,기타수질오염원관리,2010-11-11 11:13:25,2010-11-11,,인천광역시 서구 원창동 134,356000025201000012,3560000,,,,인천광역시 서구 봉수대로501번길 62  (원창동),,,01,영업/정상,,,,
(주)인천특장차,5298701739,,,,169453.796922236,453590.242418786,2026-05-15 22:54:09,I,11,영업,,,기타수질오염원관리,2020-07-14 14:28:21,2010-11-18,,인천광역시 서구 왕길동 52-1,356000025201000013,3560000,,,,인천광역시 서구 사월로 31-14 (왕길동),,,01,영업/정상,,,,
인천힐링스병원,1279092242,,,,170993.004827199,445234.5358383,2026-05-15 22:54:09,I,11,영업,,,기타수질오염원관리,2010-12-16 09:33:34,2010-12-16,,인천광역시 서구 석남동 509-2,356000025201000015,3560000,,,,인천광역시 서구 가정로 270  (석남동),,,01,영업/정상,,,,
연세치과,1379101411,,,,170952.688118578,444578.574376356,2026-05-15 22:54:08,I,11,영업,,,기타수질오염원관리,2010-12-23 15:29:09,2010-12-23,,인천광역시 서구 석남동 576 2층,356000025201000016,3560000,,,,"인천광역시 서구 가정로 204  (석남동,2층)",,,01,영업/정상,,,032-571-0284,
가좌정형외과의원,7172400860,,,,171858.595156022,443665.259813347,2026-05-15 22:54:08,I,11,영업,,,기타수질오염원관리,2019-12-16 16:47:56,2010-12-31,,"인천광역시 서구 가좌동 30-73 1,2,3층",356000025201000018,3560000,,,,"인천광역시 서구 원적로 96 (가좌동,1,2,3층)",,,01,영업/정상,,,032-577-1500,
기아현대모터스,4493300805,,,,170271.190562592,442926.389881246,2026-05-15 22:54:08,I,11,영업,,,기타수질오염원관리,2025-08-06 17:52:40,2011-05-14,,인천광역시 서구 가좌동 585-25,356000025201100004,3560000,,,,인천광역시 서구 가정로37번길 57 (가좌동),,,01,영업/정상,,,032-572-2535,
