사업장명,업태구분명,폐업일자,좌표X,좌표Y,데이터갱신시점,데이터갱신구분,상세영업상태코드,상세영업상태명,총면적,의료인수,입원실수,최종수정시점,인허가취소일자,인허가일자,소재지우편번호,지번주소,진료과목내용,진료과목내용명,의료기관종별명,관리번호,개방자치단체코드,도로명주소,도로명우편번호,영업상태구분코드,영업상태명,병상수,휴업시작일자,휴업종료일자,소재지전화번호
민트정신건강의학과의원,의원,2025-12-18,197739.758108259,451283.427219117,2026-04-22 22:30:49,I,03,폐업,232.97,4,0,2025-12-24 17:06:24,,2020-05-11,,서울특별시 중구 서소문동 26번지 경서빌딩 2층,103,정신건강의학과,의원,PHMA120203010033041100019,3010000,"서울특별시 중구 서소문로 129, 경서빌딩 2층 (서소문동)",04515,03,폐업,0,,,02-3789-7359
한피부과의원,의원,2015-03-18,201835.642245974,452536.763657871,2026-04-22 22:30:25,I,03,폐업,0,1,0,2015-03-18 17:05:09,,1964-08-25,110-827,서울특별시 종로구 숭인2동 1051번지,114 115,"피부과, 비뇨의학과",의원,PHMA119643000034041100001,3000000,서울특별시 종로구 종로 399 (숭인동),,03,폐업,0,,,02-923-5043
연수당한의원,한의원,2023-11-01,201364.016891795,452297.758597168,2026-04-22 22:30:25,I,03,폐업,0,1,0,2023-11-29 11:23:16,,1965-01-30,110-826,서울특별시 종로구 숭인2동 304번지,301 302 303 304 305 306 307 308,"한방내과, 한방부인과, 한방소아과, 한방안·이비인후·피부과, 한방신경정신과, 한방재활의학과, 사상체질과, 침구과",한의원,PHMA119653000034041100001,3000000,서울특별시 종로구 종로 346 (숭인동),03114,03,폐업,0,,,02-237-2829
성일의원,의원,2011-11-14,200495.702103309,452140.5809745,2026-04-22 22:30:25,I,03,폐업,219.88,2,0,2012-03-20 06:34:09,,1965-08-30,110-126,"서울특별시 종로구 종로6가 245번지 1호 2,3,4층",101 111 114 115,"내과, 소아청소년과, 피부과, 비뇨의학과",의원,PHMA119653000034041100002,3000000,"서울특별시 종로구 종로39길 8 (종로6가,2,3,4층)",,03,폐업,0,,,02-762-8323
최익순소아과의원,의원,2015-08-28,198747.920038889,452993.770562257,2026-04-22 22:30:25,I,03,폐업,0,1,0,2015-08-28 11:27:44,,1965-08-30,110-801,서울특별시 종로구 계동 109번지,111,소아청소년과,의원,PHMA119653000034041100003,3000000,서울특별시 종로구 북촌로4길 28 (계동),,03,폐업,0,,,02-763-1333
이산부인과의원,의원,2011-03-09,200491.814210231,452150.52723732,2026-04-22 22:30:25,I,03,폐업,0,1,0,2012-03-29 13:10:08,,1965-08-30,110-126,서울특별시 종로구 종로6가 244번지 16호,110,산부인과,의원,PHMA119653000034041100004,3000000,서울특별시 종로구 종로39길 10 (종로6가),,03,폐업,0,,,02-762-8616
고려조광의원,의원,2012-10-02,199050.687785047,452032.808915721,2026-04-22 22:30:25,I,03,폐업,0,2,0,2012-10-02 14:23:57,,1965-08-30,110-123,서울특별시 종로구 종로3가 7번지,116 101 118,"내과, 영상의학과, 병리과",의원,PHMA119653000034041100005,3000000,서울특별시 종로구 종로 111-2 (종로3가),,03,폐업,0,,,02-763-6000
이웅섭소아과의원,의원,2011-07-01,201850.340348699,452579.689554397,2026-04-22 22:30:25,I,03,폐업,0,1,0,2011-07-01 11:08:42,,1965-08-30,110-827,서울특별시 종로구 숭인2동 1058번지,111,소아청소년과,의원,PHMA119653000034041100006,3000000,서울특별시 종로구 숭인동길 12 (숭인동),,03,폐업,0,,,02-926-2303
돈화의원,의원,2010-06-22,200341.000623629,452912.172681979,2026-04-22 22:30:25,I,03,폐업,0,1,0,2010-06-22 12:56:54,,1967-07-11,110-810,서울특별시 종로구 동숭동 199번지 33호,101,내과,의원,PHMA119673000034041100001,3000000,서울특별시 종로구 이화장길 72 (동숭동),,03,폐업,0,,,02-763-9446
태일한의원,한의원,2014-05-23,201342.305251127,452587.864024046,2026-04-22 22:30:25,I,03,폐업,52.56,1,0,2014-05-23 10:17:20,,1970-08-29,110-823,서울특별시 종로구 숭인1동 63번지 18호,301 302 303 304 305 306 307 308,"한방내과, 한방부인과, 한방소아과, 한방안·이비인후·피부과, 한방신경정신과, 한방재활의학과, 사상체질과, 침구과",한의원,PHMA119703000034041100001,3000000,서울특별시 종로구 지봉로8길 1-16 (숭인동),,03,폐업,0,,,02-763-4734
광신의원,의원,2008-11-30,,,2026-04-22 22:30:25,I,03,폐업,55.19,1,0,2008-12-18 18:02:55,,1971-06-10,110-855,서울특별시 종로구 창신3동 17-46,110,산부인과,의원,PHMA119713000034041100001,3000000,,,03,폐업,0,,,02-763-5201
동신의원,의원,2017-03-27,196817.734057844,455877.683827038,2026-04-22 22:30:25,I,03,폐업,0,1,0,2017-03-27 11:04:16,,1971-06-10,,서울특별시 종로구 평창동 298번지 5호,101 111,"내과, 소아청소년과",의원,PHMA119713000034041100002,3000000,"서울특별시 종로구 평창길 5 (평창동, 동신의원)",03008,03,폐업,0,,,02-379-8293
이장훈치과의원,치과의원,2009-02-01,,,2026-04-22 22:30:25,I,03,폐업,0,1,0,2009-04-01 17:14:22,,1971-06-10,110-122,서울특별시 종로구 종로2가 71-4,201 202 203 204 205 206 207 208 209 210,"구강악안면외과, 치과보철과, 치과교정과, 소아치과, 치주과, 치과보존과, 구강내과, 구강악안면방사선과, 구강병리과, 예방치과",치과의원,PHMA119713000034041100003,3000000,,,03,폐업,0,,,02-733-5803
미소로치과의원,치과의원,2014-03-14,199821.627625442,453360.147414481,2026-04-22 22:30:25,I,03,폐업,0,1,0,2014-03-14 11:28:21,,1971-06-10,110-524,서울특별시 종로구 명륜동4가 187번지 4층,401,치과,치과의원,PHMA119713000034041100004,3000000,"서울특별시 종로구 창경궁로 236 (명륜4가,4층)",,03,폐업,0,,,02-762-5959
김만석치과의원,치과의원,2020-11-05,199670.979884558,452221.775006084,2026-04-22 22:30:25,I,03,폐업,64.76,1,0,2020-11-05 16:08:40,,1971-06-10,110-410,서울특별시 종로구 인의동 112번지 2호 세운스퀘어 3층,401,치과,치과의원,PHMA119713000034041100005,3000000,"서울특별시 종로구 창경궁로 109 (인의동,세운스퀘어 3층)",03137,03,폐업,0,2020-04-03,2021-04-03,02-2267-5616
동화치과의원,치과의원,2009-02-02,,,2026-04-22 22:30:25,I,03,폐업,30,1,0,2009-05-15 10:43:30,,1971-06-10,110-833,서울특별시 종로구 예지동 297,201 202 203 204 205 206 207 208 209 210,"구강악안면외과, 치과보철과, 치과교정과, 소아치과, 치주과, 치과보존과, 구강내과, 구강악안면방사선과, 구강병리과, 예방치과",치과의원,PHMA119713000034041100006,3000000,,,03,폐업,0,,,02-2266-5016
조재길치과의원,치과의원,2016-06-01,199974.22841436,453759.050640739,2026-04-22 22:30:25,I,03,폐업,0,1,0,2016-06-01 16:24:41,,1971-06-10,110-530,서울특별시 종로구 혜화동 110번지 1호,401,치과,치과의원,PHMA119713000034041100007,3000000,서울특별시 종로구 혜화로 5 (혜화동),,03,폐업,0,,,02-762-0401
박시우치과의원,치과의원,2018-12-12,197445.462726758,452061.321946952,2026-04-22 22:30:25,I,03,폐업,0,1,0,2018-12-12 17:20:28,,1971-06-10,110-062,서울특별시 종로구 신문로2가 1번지 143호,401,치과,치과의원,PHMA119713000034041100008,3000000,서울특별시 종로구 경희궁길 7 (신문로2가),,03,폐업,0,2018-01-01,2018-12-31,02-734-7963
홍치과의원,치과의원,2019-04-25,198699.693139566,452302.941136658,2026-04-22 22:30:25,I,03,폐업,0,1,0,2019-04-24 14:33:16,,1971-06-10,110-290,서울특별시 종로구 인사동 181번지 1호,401,치과,치과의원,PHMA119713000034041100009,3000000,서울특별시 종로구 인사동길 25 (인사동),03149,03,폐업,0,,,02-735-7776
김영호치과의원,치과의원,2009-07-15,,,2026-04-22 22:30:25,I,03,폐업,51.36,1,0,2011-06-28 15:13:25,,1971-06-10,110-124,서울특별시 종로구 종로4가 10,401,치과,치과의원,PHMA119713000034041100010,3000000,,,03,폐업,0,,,02-763-7490
최욱환치과의원,치과의원,2024-06-26,198200.455664227,453091.471354267,2026-04-22 22:30:25,I,03,폐업,88.88,1,0,2024-07-02 12:22:43,,1971-06-10,110-200,서울특별시 종로구 소격동 76번지 3층,401,치과,치과의원,PHMA119713000034041100012,3000000,서울특별시 종로구 북촌로5길 84 (소격동),03053,03,폐업,0,,,02-732-0137
이치과의원,치과의원,2010-01-29,197221.796436998,452604.510947449,2026-04-22 22:30:25,I,03,폐업,0,1,0,2010-01-28 15:52:45,,1971-06-10,110-044,서울특별시 종로구 필운동 240번지 14호,401,치과,치과의원,PHMA119713000034041100013,3000000,서울특별시 종로구 사직로 94 (필운동),,03,폐업,0,,,02-736-6605
덕수치과의원,치과의원,2010-05-30,197665.80979041,452009.579755949,2026-04-22 22:30:25,I,03,폐업,0,1,0,2010-05-19 14:36:36,,1971-06-10,110-061,서울특별시 종로구 신문로1가 30번지 2층,401,치과,치과의원,PHMA119713000034041100014,3000000,"서울특별시 종로구 새문안로 87 (신문로1가,2층)",,03,폐업,0,,,02-737-0085
홍병덕치과의원,치과의원,2019-12-31,199697.097203624,452368.820338534,2026-04-22 22:30:25,I,03,폐업,47.04,1,0,2019-12-30 09:06:43,,1971-06-10,110-410,서울특별시 종로구 인의동 73번지 3층,401,치과,치과의원,PHMA119713000034041100015,3000000,서울특별시 종로구 창경궁로 125 (인의동),03136,03,폐업,0,,,02-763-8875
허준치과의원,치과의원,2017-01-31,197841.421685319,452035.176830457,2026-04-22 22:30:25,I,03,폐업,0,1,0,2017-01-17 13:53:20,,1971-06-10,110-822,서울특별시 종로구 세종로 202번지 1호 4층,401,치과,치과의원,PHMA119713000034041100016,3000000,서울특별시 종로구 세종대로 159 (세종로),03183,03,폐업,0,,,02-736-4221
윤한석치과의원,치과의원,2020-09-22,198643.543485167,452199.798612424,2026-04-22 22:30:25,I,03,폐업,88.5,1,0,2020-09-22 14:21:27,,1971-06-10,110-794,서울특별시 종로구 인사동 194번지 4호 하나로빌딩 405호,401,치과,치과의원,PHMA119713000034041100017,3000000,"서울특별시 종로구 인사동5길 25, 405호 (인사동, 하나로빌딩)",03162,03,폐업,0,,,02-733-5402
박형기치과의원,치과의원,2015-02-27,196346.490573275,455202.582393128,2026-04-22 22:30:25,I,03,폐업,0,1,0,2015-02-27 14:57:37,,1971-06-10,110-020,서울특별시 종로구 홍지동 127번지 22호,401,치과,치과의원,PHMA119713000034041100018,3000000,서울특별시 종로구 자하문로 301 (홍지동),,03,폐업,0,,,02-391-3625
이경훈치과의원,치과의원,2019-12-20,198201.313264422,452221.134403171,2026-04-22 22:30:25,I,03,폐업,0,1,0,2019-12-19 10:40:20,,1971-06-10,110-130,서울특별시 종로구 청진동 2번지 2호 3층,401,치과,치과의원,PHMA119713000034041100019,3000000,"서울특별시 종로구 삼봉로 60, 3층 (청진동)",03158,03,폐업,0,,,02-733-2034
박병우한의원,한의원,2023-02-25,199842.308556774,452090.306418585,2026-04-22 22:30:25,I,03,폐업,0,1,0,2023-02-24 17:57:44,,1971-06-10,110-853,서울특별시 종로구 종로4가 10번지,301 302 303 304 305 306 307 308,"한방내과, 한방부인과, 한방소아과, 한방안·이비인후·피부과, 한방신경정신과, 한방재활의학과, 사상체질과, 침구과",한의원,PHMA119713000034041100023,3000000,서울특별시 종로구 종로 191 (종로4가),,03,폐업,0,,,02-763-7502
천일한의원,한의원,2010-10-08,199842.308556774,452090.306418585,2026-04-22 22:30:25,I,03,폐업,0,1,0,2010-10-08 16:26:11,,1971-06-10,110-853,서울특별시 종로구 종로4가 10번지,301 302 303 304 305 306 307 308,"한방내과, 한방부인과, 한방소아과, 한방안·이비인후·피부과, 한방신경정신과, 한방재활의학과, 사상체질과, 침구과",한의원,PHMA119713000034041100024,3000000,서울특별시 종로구 종로 191 (종로4가),,03,폐업,0,,,02-763-1001
신진한의원,한의원,2024-03-02,200475.92268236,452176.193241222,2026-04-22 22:30:25,I,03,폐업,0,1,0,2024-03-13 15:43:11,,1971-06-10,110-126,서울특별시 종로구 종로6가 244번지 3호,301 302 303 304 305 306 307 308,"한방내과, 한방부인과, 한방소아과, 한방안·이비인후·피부과, 한방신경정신과, 한방재활의학과, 사상체질과, 침구과",한의원,PHMA119713000034041100025,3000000,서울특별시 종로구 종로39길 14 (종로6가),03125,03,폐업,0,,,02-762-7171
이일영비뇨기과의원,의원,2022-07-31,200138.733378102,452051.937702775,2026-04-22 22:30:25,I,03,폐업,0,1,0,2022-08-29 15:30:22,,1971-06-17,,서울특별시 종로구 종로5가 182번지 3호,115,비뇨의학과,의원,PHMA119713000034041100026,3000000,"서울특별시 종로구 종로 222 (종로5가, 광동빌딩)",03196,03,폐업,0,,,02-2266-6027
동연하의원,의원,2013-09-03,200889.400582142,452273.742811659,2026-04-22 22:30:25,I,03,폐업,0,2,0,2013-09-03 15:18:06,,1971-06-26,110-855,서울특별시 종로구 창신2동 576번지,110 105 111 104 101 109 113 114,"내과, 외과, 정형외과, 마취통증의학과, 산부인과, 소아청소년과, 이비인후과, 피부과",의원,PHMA119713000034041100027,3000000,서울특별시 종로구 창신길 24 (창신동),,03,폐업,0,,,02-763-5362
이유동치과의원,치과의원,2014-08-26,200241.893318505,452052.794061278,2026-04-22 22:30:25,I,03,폐업,0,1,0,2014-08-26 13:35:57,,1971-09-03,110-836,서울특별시 종로구 종로5가 214번지 3호,401,치과,치과의원,PHMA119713000034041100028,3000000,서울특별시 종로구 종로 232 (종로5가),,03,폐업,0,,,02-2266-5363
봉불각한의원,한의원,2005-11-28,201667.173973698,452372.066949584,2026-04-22 22:30:25,I,03,폐업,0,1,0,2009-11-24 13:17:19,,1971-06-10,110-826,서울특별시 종로구 숭인2동 207번지 7호,301 304 307 302 305 308 303 306,"한방내과, 한방부인과, 한방소아과, 한방안·이비인후·피부과, 한방신경정신과, 한방재활의학과, 사상체질과, 침구과",한의원,PHMA119713000034041100029,3000000,서울특별시 종로구 난계로29길 64-1 (숭인동),,03,폐업,0,,,22344508
정명선치과의원,치과의원,2013-01-21,198950.532059637,452139.853746964,2026-04-22 22:30:25,I,03,폐업,0,1,0,2013-01-21 17:58:43,,1972-04-14,110-320,서울특별시 종로구 낙원동 213번지 2호,401,치과,치과의원,PHMA119723000034041100001,3000000,서울특별시 종로구 수표로 115-4 (낙원동),,03,폐업,0,,,02-743-2053
혜덕한의원,한의원,2020-09-01,200342.282272788,452556.296390572,2026-04-22 22:30:25,I,03,폐업,125.67,1,0,2020-09-04 16:41:35,,1984-02-18,,서울특별시 종로구 충신동 60번지,301 302 303 304 305 306 307 308,"한방내과, 한방부인과, 한방소아과, 한방안·이비인후·피부과, 한방신경정신과, 한방재활의학과, 사상체질과, 침구과",한의원,PHMA119843000034041100001,3000000,"서울특별시 종로구 율곡로 234, 4층 (충신동, 금마빌딩)",03123,03,폐업,0,,,02-766-1001
정덕진치과의원,치과의원,2010-06-28,198623.065139311,453111.385191905,2026-04-22 22:30:26,I,03,폐업,59.76,1,0,2010-06-28 17:01:04,,1984-05-15,110-260,서울특별시 종로구 가회동 207번지 2층,401,치과,치과의원,PHMA119843000034041100002,3000000,"서울특별시 종로구 북촌로 40 (가회동,2층)",,03,폐업,0,,,02-742-7007
파리의원,의원,2012-09-17,199248.654624628,452051.924795765,2026-04-22 22:30:26,I,03,폐업,80.44,1,0,2012-09-17 14:32:41,,1984-06-08,110-123,서울특별시 종로구 종로3가 26번지 4호 (4층),108,성형외과,의원,PHMA119843000034041100003,3000000,"서울특별시 종로구 돈화문로 24 (종로3가,(4층))",,03,폐업,0,,,02-764-5555
한광헌치과의원,치과의원,2021-08-24,198203.263951634,452348.387763738,2026-04-22 22:30:26,I,03,폐업,0,1,0,2022-01-18 10:21:58,,1985-01-19,110-733,서울특별시 종로구 수송동 코리안리재보험빌딩,401,치과,치과의원,PHMA119853000034041100001,3000000,서울특별시 종로구 종로5길 68 (수송동),03151,03,폐업,0,,,02-735-3534
서울의원,의원,2015-08-27,,,2026-04-22 22:30:26,I,03,폐업,0,1,0,2015-08-27 11:21:22,,1985-03-28,110-813,서울특별시 종로구 무악동 47번지 4호,110,산부인과,의원,PHMA119853000034041100002,3000000,서울특별시 종로구 통일로 226 (무악동),,03,폐업,0,,,02-737-2000
백자한의원,한의원,2022-05-26,200265.939725719,452194.473113773,2026-04-22 22:30:26,I,03,폐업,35.4,1,0,2022-05-25 14:48:44,,1985-04-23,110-850,서울특별시 종로구 효제동 227번지 1호 외2필지,301 302 303 304 305 306 307 308,"한방내과, 한방부인과, 한방소아과, 한방안·이비인후·피부과, 한방신경정신과, 한방재활의학과, 사상체질과, 침구과",한의원,PHMA119853000034041100003,3000000,서울특별시 종로구 종로35길 19 (효제동),03126,03,폐업,0,,,02-741-6852
종로우리치과의원,치과의원,2015-10-01,197445.443496386,452942.93126005,2026-04-22 22:30:26,I,03,폐업,76.93,2,0,2015-10-01 16:17:29,,1985-05-01,110-040,서울특별시 종로구 통의동 102번지 양영빌딩 202호,401,치과,치과의원,PHMA119853000034041100004,3000000,"서울특별시 종로구 자하문로6길 6, 202호 (통의동, 양영빌딩)",03044,03,폐업,0,,,02-738-3322
성원의원,의원,2012-01-02,,,2026-04-22 22:30:26,I,03,폐업,271.01,1,0,2012-01-02 15:12:06,,1986-05-08,110-126,서울특별시 종로구 종로6가 103번지,103 101 102 122 114,"내과, 신경과, 정신건강의학과, 피부과, 가정의학과",의원,PHMA119863000034041100002,3000000,서울특별시 종로구 율곡로 286 (종로6가),,03,폐업,0,,,02-743-0118
김용철치과의원,치과의원,2014-08-28,198805.617234082,452181.053949579,2026-04-22 22:30:26,I,03,폐업,0,2,0,2014-08-28 10:49:57,,1986-11-19,110-290,서울특별시 종로구 인사동 43번지,401,치과,치과의원,PHMA119863000034041100005,3000000,서울특별시 종로구 인사동길 12 (인사동),,03,폐업,0,2013-10-29,2014-06-30,02-734-0296
최안과의원,의원,2021-07-20,198640.079735013,452660.293046982,2026-04-22 22:30:26,I,03,폐업,114.5,1,0,2021-07-21 15:19:48,,1987-03-05,110-310,서울특별시 종로구 경운동 96번지 21호 2층,112,안과,의원,PHMA119873000034041100001,3000000,서울특별시 종로구 율곡로 52 (경운동),03147,03,폐업,0,,,02-735-5053
효성한의원,한의원,2021-01-05,200069.598960974,452132.848980757,2026-04-22 22:30:26,I,03,폐업,0,1,0,2021-04-13 16:32:56,,1987-04-29,110-480,서울특별시 종로구 효제동 320번지,301 302 303 304 305 306 307 308,"한방내과, 한방부인과, 한방소아과, 한방안·이비인후·피부과, 한방신경정신과, 한방재활의학과, 사상체질과, 침구과",한의원,PHMA119873000034041100002,3000000,서울특별시 종로구 대학로1길 6 (효제동),,03,폐업,0,,,02-743-4922
(주)스탠다드차타드 제일은행 부속의원,의원,2009-03-31,,,2026-04-22 22:30:26,I,03,폐업,64,1,0,2009-05-15 09:49:50,,1987-09-30,110-702,서울특별시 종로구 공평동 SC제일은행본점,101,내과,의원,PHMA119873000034041100004,3000000,,,03,폐업,0,,,
뼈가웃는한의원,한의원,2007-06-02,200070.048653319,452114.591159727,2026-04-22 22:30:26,I,03,폐업,0,1,0,2009-10-19 15:57:14,,1987-09-17,110-835,서울특별시 종로구 종로5가 88번지 3호 3층,301 304 307 302 305 308 303 306,"한방내과, 한방부인과, 한방소아과, 한방안·이비인후·피부과, 한방신경정신과, 한방재활의학과, 사상체질과, 침구과",한의원,PHMA119873000034041100005,3000000,"서울특별시 종로구 종로33길 4 (종로5가,3층)",,03,폐업,0,,,
조완용치과의원,치과의원,2011-03-09,198729.677469953,452763.488633469,2026-04-22 22:30:26,I,03,폐업,0,1,0,2011-03-09 10:31:49,,1988-03-07,110-250,서울특별시 종로구 재동 94번지 1호,401,치과,치과의원,PHMA119883000034041100001,3000000,서울특별시 종로구 율곡로 65 (재동),,03,폐업,0,,,02-762-0421
원제한의원,한의원,2022-05-26,199811.963353525,452026.996611122,2026-04-22 22:30:26,I,03,폐업,83.8,3,0,2022-05-26 15:19:08,,1988-03-22,110-852,서울특별시 종로구 종로4가 137번지 3호,301 302 303 304 305 306 307 308,"한방내과, 한방부인과, 한방소아과, 한방안·이비인후·피부과, 한방신경정신과, 한방재활의학과, 사상체질과, 침구과",한의원,PHMA119883000034041100002,3000000,서울특별시 종로구 종로 188 (종로4가),03195,03,폐업,0,,,02-2267-1541
대원당한의원,한의원,2021-12-31,200266.648160849,452120.989877863,2026-04-22 22:30:26,I,03,폐업,72.6,1,0,2022-01-03 16:43:43,,1988-07-20,110-835,서울특별시 종로구 종로5가 38번지 2호,301 302 303 304 305 306 307 308,"한방내과, 한방부인과, 한방소아과, 한방안·이비인후·피부과, 한방신경정신과, 한방재활의학과, 사상체질과, 침구과",한의원,PHMA119883000034041100007,3000000,서울특별시 종로구 종로35길 3 (종로5가),,03,폐업,0,,,02-745-5788
유가정의학과의원,의원,2013-05-30,197042.241318935,455915.285673167,2026-04-22 22:30:26,I,03,폐업,0,1,0,2013-05-30 12:00:34,,1988-09-24,110-847,서울특별시 종로구 평창동 230번지 3호 2층,122,가정의학과,의원,PHMA119883000034041100008,3000000,"서울특별시 종로구 평창문화로 52 (평창동,2층)",,03,폐업,0,,,02-379-7600
최치과의원,치과의원,2010-10-15,198637.348975471,452368.082151574,2026-04-22 22:30:26,I,03,폐업,34.4,1,0,2010-10-15 11:29:28,,1988-12-08,110-300,서울특별시 종로구 관훈동 196번지 3호,401,치과,치과의원,PHMA119883000034041100010,3000000,서울특별시 종로구 인사동길 35 (관훈동),,03,폐업,0,,,02-738-2791
명성한의원,한의원,2005-09-01,200434.332099373,452215.049856565,2026-04-22 22:30:26,I,03,폐업,0,1,0,2009-10-19 16:09:53,,1988-09-23,110-126,서울특별시 종로구 종로6가 239번지 34호 민진빌딩 301호,301 304 307 302 305 308 303 306,"한방내과, 한방부인과, 한방소아과, 한방안·이비인후·피부과, 한방신경정신과, 한방재활의학과, 사상체질과, 침구과",한의원,PHMA119883000034041100012,3000000,"서울특별시 종로구 종로39길 26 (종로6가,민진빌딩 301호)",,03,폐업,0,,,
대웅한의원,한의원,2001-04-27,199621.888584651,452120.48476674,2026-04-22 22:30:26,I,03,폐업,0,1,0,2009-10-19 16:16:44,,1988-12-21,110-410,서울특별시 종로구 인의동 113번지,301 304 307 302 305 308 303 306,"한방내과, 한방부인과, 한방소아과, 한방안·이비인후·피부과, 한방신경정신과, 한방재활의학과, 사상체질과, 침구과",한의원,PHMA119883000034041100013,3000000,서울특별시 종로구 동순라길 14 (인의동),,03,폐업,0,,,22771080
수양한의원,한의원,2013-10-22,198841.25815339,452423.111459135,2026-04-22 22:30:26,I,03,폐업,23.4,1,0,2013-10-22 14:00:54,,1989-04-19,110-320,서울특별시 종로구 낙원동 4번지,301 302 303 304 305 306 307 308,"한방내과, 한방부인과, 한방소아과, 한방안·이비인후·피부과, 한방신경정신과, 한방재활의학과, 사상체질과, 침구과",한의원,PHMA119893000034041100001,3000000,서울특별시 종로구 삼일대로 442-2 (낙원동),,03,폐업,0,,,02-765-2173
강남의원,의원,2011-11-16,197387.223410675,453217.903654969,2026-04-22 22:30:26,I,03,폐업,425.86,1,0,2011-11-17 11:14:00,,1989-07-01,110-034,서울특별시 종로구 창성동 158번지 5호,101 104 122 116,"내과, 외과, 영상의학과, 가정의학과",의원,PHMA119893000034041100002,3000000,서울특별시 종로구 자하문로 58 (창성동),,03,폐업,0,2011-09-01,2012-02-29,02-737-2880
도가한의원,한의원,2018-06-15,199193.291628377,452144.167423368,2026-04-22 22:30:26,I,03,폐업,0,1,0,2018-06-19 09:15:17,,1989-12-01,110-370,서울특별시 종로구 묘동 192번지 1호,301 302 303 304 305 306 307 308,"한방내과, 한방부인과, 한방소아과, 한방안·이비인후·피부과, 한방신경정신과, 한방재활의학과, 사상체질과, 침구과",한의원,PHMA119893000034041100003,3000000,"서울특별시 종로구 돈화문로 35, 2층 (묘동)",03139,03,폐업,0,,,02-763-6608
해진의원,의원,2009-02-20,,,2026-04-22 22:30:26,I,03,폐업,87.02,1,0,2009-02-20 13:11:36,,1991-06-22,110-122,서울특별시 종로구 종로2가 23(3층),108,성형외과,의원,PHMA119913000034041100004,3000000,,,03,폐업,0,,,02-2267-3989
춘원당한의원,한의원,2006-06-24,199079.009091626,452168.088676879,2026-04-22 22:30:26,I,03,폐업,0,1,0,2009-10-19 16:26:04,,1991-04-16,110-808,서울특별시 종로구 돈의동 78번지,301 304 307 302 305 308 303 306,"한방내과, 한방부인과, 한방소아과, 한방안·이비인후·피부과, 한방신경정신과, 한방재활의학과, 사상체질과, 침구과",한의원,PHMA119913000034041100005,3000000,서울특별시 종로구 돈화문로9길 26 (돈의동),,03,폐업,0,,,
광화문최재영치과의원,치과의원,2013-11-28,197713.264843734,451938.037703258,2026-04-22 22:30:26,I,03,폐업,84.02,1,0,2013-11-28 14:46:30,,1992-04-23,110-999,서울특별시 종로구 신문로1가 163번지 광화문오피시아 312호,401,치과,치과의원,PHMA119923000034041100002,3000000,"서울특별시 종로구 새문안로 92, 312호 (신문로1가,광화문오피시아)",,03,폐업,0,,,02-3276-2875
신동준치과의원,치과의원,2009-09-29,,,2026-04-22 22:30:26,I,03,폐업,97,1,0,2009-10-13 14:17:05,,1992-10-06,110-290,서울특별시 종로구 인사동 194-27,201 202 203 204 205 206 207 208 209 210,"구강악안면외과, 치과보철과, 치과교정과, 소아치과, 치주과, 치과보존과, 구강내과, 구강악안면방사선과, 구강병리과, 예방치과",치과의원,PHMA119923000034041100006,3000000,,,03,폐업,0,,,02-738-2856
서울가정의원,의원,2004-12-01,200064.606756121,452621.221821863,2026-04-22 22:30:26,I,03,폐업,206.8,2,0,2012-04-12 13:36:46,,1992-10-22,110-460,서울특별시 종로구 연건동 198번지 2호,122 101 111 104 105 120,"내과, 외과, 정형외과, 소아청소년과, 재활의학과, 가정의학과",의원,PHMA119923000034041100007,3000000,서울특별시  율곡로 204,,03,폐업,0,,,
현대정형외과의원,의원,2019-05-01,201273.783859779,452391.540827068,2026-04-22 22:30:26,I,03,폐업,331.95,1,4,2019-05-03 15:09:22,,1994-11-18,110-840,"서울특별시 종로구 창신동 255번지 1호 2,3층",105 101 106,"내과, 정형외과, 신경외과",의원,PHMA119943000034041100006,3000000,"서울특별시 종로구 지봉로 37-29, 2/3층 (창신동)",03104,03,폐업,14,,,02-745-4683
수정한의원,한의원,2005-05-12,199857.629343471,452086.049597792,2026-04-22 22:30:26,I,03,폐업,25.35,1,0,2009-10-19 17:23:16,,1994-01-25,110-853,서울특별시 종로구 종로4가 9번지 6호,301 304 307 302 305 308 306 303,"한방내과, 한방부인과, 한방소아과, 한방안·이비인후·피부과, 한방신경정신과, 한방재활의학과, 사상체질과, 침구과",한의원,PHMA119943000034041100010,3000000,서울특별시 종로구 종로 193-1 (종로4가),,03,폐업,0,,,
성락훈치과의원,치과의원,2002-02-08,198643.543485167,452199.798612424,2026-04-22 22:30:26,I,03,폐업,0,1,0,2013-05-02 13:38:57,,1994-02-07,110-290,서울특별시 종로구 인사동 194번지 4호,201 204 207 210 403 406 409 202 205 208 401 404 407 410 203 206 209 402 405 408 411,"구강악안면외과, 치과보철과, 치과교정과, 소아치과, 치주과, 치과보존과, 구강내과, 구강악안면방사선과, 구강병리과, 예방치과, 치과, 구강악안면외과, 치과보철과, 치과교정과, 소아치과, 치주과, 치과보존과, 구강내과, 영상치의학과, 구강병리과, 예방치과",치과의원,PHMA119943000034041100011,3000000,서울특별시 종로구 인사동5길 25 (인사동),,03,폐업,0,,,
삼정의원,의원,2022-10-18,200911.892735398,452142.390702801,2026-04-22 22:30:26,I,03,폐업,44.01,1,0,2022-10-18 17:46:12,,1995-12-01,110-842,서울특별시 종로구 창신동 496번지,108 115 114,"성형외과, 피부과, 비뇨의학과",의원,PHMA119953000034041100006,3000000,"서울특별시 종로구 종로 300, 2층 (창신동)",03119,03,폐업,0,,,02-744-4767
조미의원,의원,2016-05-26,199214.548011588,451983.042894684,2026-04-22 22:30:26,I,03,폐업,56.34,1,0,2016-05-26 15:18:05,,1995-12-29,110-123,서울특별시 종로구 종로3가 130번지 (4층),108 115 114,"성형외과, 피부과, 비뇨의학과",의원,PHMA119953000034041100007,3000000,"서울특별시 종로구 종로 128, 401호 (종로3가, 화영빌딩)",03192,03,폐업,0,,,02-2274-6191
신안과의원,의원,2021-09-28,198533.539786163,451850.272124837,2026-04-22 22:30:26,I,03,폐업,202.38,1,0,2021-09-28 11:26:46,,1996-01-03,,서울특별시 종로구 관철동 43번지 9호,112,안과,의원,PHMA119963000034041100001,3000000,서울특별시 종로구 청계천로 59 (관철동),03189,03,폐업,0,,,02-734-0023
박한종치과의원,치과의원,2011-02-11,199628.67207563,451853.589213691,2026-04-22 22:30:26,I,03,폐업,0,1,0,2011-02-11 10:31:56,,1996-04-22,110-834,서울특별시 종로구 예지동 136번지 1호,401,치과,치과의원,PHMA119963000034041100005,3000000,서울특별시 종로구 청계천로 169-2 (예지동),,03,폐업,0,,,02-2271-2828
우리들의원,의원,2011-04-19,,,2026-04-22 22:30:26,I,03,폐업,44.08,2,0,2011-04-19 14:04:05,,1996-06-24,110-091,서울특별시 종로구 행촌동,101 110 111 105,"내과, 정형외과, 산부인과, 소아청소년과",의원,PHMA119963000034041100007,3000000,,,03,폐업,0,2010-03-10,2011-12-31,02-723-0206
삼익한의원,한의원,2009-03-30,,,2026-04-22 22:30:26,I,03,폐업,51.34,1,0,2009-03-30 13:54:08,,1997-01-27,110-125,서울특별시 종로구 종로5가 268,301 302 303 304 305 306 307 308,"한방내과, 한방부인과, 한방소아과, 한방안·이비인후·피부과, 한방신경정신과, 한방재활의학과, 사상체질과, 침구과",한의원,PHMA119973000034041100001,3000000,,,03,폐업,0,,,02-2285-2588
홍승업성형외과의원,의원,2011-04-07,198716.07995214,451962.755506344,2026-04-22 22:30:26,I,03,폐업,78.72,1,0,2011-04-07 19:02:34,,1997-02-15,110-122,서울특별시 종로구 종로2가 75번지 8호 3층,108,성형외과,의원,PHMA119973000034041100002,3000000,"서울특별시 종로구 종로 80 (종로2가,3층)",,03,폐업,0,,,02-730-7320
이동우가정의학과의원,의원,2011-02-28,,,2026-04-22 22:30:26,I,03,폐업,71.24,1,0,2011-02-28 14:55:39,,1997-03-12,110-090,서울특별시 종로구 교북동 100번지 2층,101 111 104 113 115 114,"내과, 외과, 소아청소년과, 이비인후과, 피부과, 비뇨의학과",의원,PHMA119973000034041100005,3000000,"서울특별시 종로구 통일로 180 (교북동,2층)",,03,폐업,0,,,02-722-5752
서울중앙치과의원,치과의원,2011-05-27,198643.543485167,452199.798612424,2026-04-22 22:30:26,I,03,폐업,130.16,1,0,2011-05-30 09:21:15,,1997-03-17,110-794,서울특별시 종로구 인사동 194번지 4호 하나로빌딩 2층,401,치과,치과의원,PHMA119973000034041100006,3000000,"서울특별시 종로구 인사동5길 25 (인사동,하나로빌딩 2층)",,03,폐업,0,,,02-732-3030
혜원당한의원,한의원,2015-09-18,200529.955216271,452214.275417762,2026-04-22 22:30:26,I,03,폐업,134.52,1,0,2015-09-18 15:32:08,,1997-04-01,110-126,서울특별시 종로구 종로6가 157번지 유성빌딩 2층,301 302 303 304 305 306 307 308,"한방내과, 한방부인과, 한방소아과, 한방안·이비인후·피부과, 한방신경정신과, 한방재활의학과, 사상체질과, 침구과",한의원,PHMA119973000034041100007,3000000,"서울특별시 종로구 종로41길 20 (종로6가,유성빌딩 2층)",,03,폐업,0,,,02-744-3323
갑자원한의원,한의원,2011-05-17,199842.20240435,452602.779304374,2026-04-22 22:30:26,I,03,폐업,48.5,1,0,2011-05-17 16:12:41,,1997-04-17,110-450,서울특별시 종로구 원남동 49번지 18호,301 302 303 304 305 306 307 308,"한방내과, 한방부인과, 한방소아과, 한방안·이비인후·피부과, 한방신경정신과, 한방재활의학과, 사상체질과, 침구과",한의원,PHMA119973000034041100008,3000000,서울특별시 종로구 율곡로 182 (원남동),,03,폐업,0,,,02-763-8684
중정한의원,한의원,2017-12-06,198386.829870878,452237.303784872,2026-04-22 22:30:26,I,03,폐업,89.8,1,0,2017-12-06 16:12:05,,1998-06-29,110-170,서울특별시 종로구 견지동 110번지 대성스카이렉스 101동 405-1호,301 302 303 304 305 306 307 308,"한방내과, 한방부인과, 한방소아과, 한방안·이비인후·피부과, 한방신경정신과, 한방재활의학과, 사상체질과, 침구과",한의원,PHMA119983000034041100002,3000000,"서울특별시 종로구 삼봉로 95, 101동 4층 (견지동, 대성스카이렉스)",03150,03,폐업,0,,,02-738-0025
광화문의원,의원,2012-08-06,197816.682263356,452024.763264859,2026-04-22 22:30:26,I,03,폐업,167.05,1,0,2012-08-07 15:11:25,,1998-09-24,110-061,서울특별시 종로구 신문로1가 2번지 3층,101 104 108 115 114,"내과, 외과, 성형외과, 피부과, 비뇨의학과",의원,PHMA119983000034041100004,3000000,"서울특별시 종로구 새문안로 103 (신문로1가,3층)",,03,폐업,0,,,02-738-1664
백내과의원,의원,2022-12-09,198130.982574569,451955.795979598,2026-04-22 22:30:26,I,03,폐업,52.48,1,0,2022-12-09 15:04:30,,1999-03-23,110-110,서울특별시 종로구 서린동 111번지 1호 (6층),101,내과,의원,PHMA119993000034041100004,3000000,서울특별시 종로구 종로 22 (서린동),03188,03,폐업,0,,,02-738-6143
임이빈한의원,한의원,2014-10-24,198521.961867342,452764.070141493,2026-04-22 22:30:26,I,03,폐업,36.16,1,0,2014-10-24 11:27:02,,1999-05-28,110-240,서울특별시 종로구 안국동 85번지 2층,301 302 303 304 305 306 307 308,"한방내과, 한방부인과, 한방소아과, 한방안·이비인후·피부과, 한방신경정신과, 한방재활의학과, 사상체질과, 침구과",한의원,PHMA119993000034041100007,3000000,"서울특별시 종로구 윤보선길 26, 2층 (안국동)",,03,폐업,0,,,02-725-2013
장일의원,의원,2011-07-13,199050.687785047,452032.808915721,2026-04-22 22:30:26,I,03,폐업,65.5,1,0,2011-07-13 15:12:20,,1999-06-04,110-123,서울특별시 종로구 종로3가 7번지 3층,108 115,"성형외과, 비뇨의학과",의원,PHMA119993000034041100008,3000000,"서울특별시 종로구 종로 111-2 (종로3가,3층)",,03,폐업,0,,,02-765-3181
민재한의원,한의원,2019-10-14,200871.009568014,452259.534217726,2026-04-22 22:30:26,I,03,폐업,58.41,1,0,2019-10-15 08:55:15,,1999-08-07,110-843,서울특별시 종로구 창신동 651번지 48호 2층,301 302 303 304 305 306 307 308,"한방내과, 한방부인과, 한방소아과, 한방안·이비인후·피부과, 한방신경정신과, 한방재활의학과, 사상체질과, 침구과",한의원,PHMA119993000034041100009,3000000,"서울특별시 종로구 창신길 19, 2층 (창신동)",03101,03,폐업,0,,,02-3672-1075
동진한의원,한의원,2019-05-02,201273.783859779,452391.540827068,2026-04-22 22:30:26,I,03,폐업,316.27,2,0,2019-05-02 14:55:35,,1999-09-02,110-840,서울특별시 종로구 창신동 255번지 1호 1층,301 302 303 304 305 306 307 308,"한방내과, 한방부인과, 한방소아과, 한방안·이비인후·피부과, 한방신경정신과, 한방재활의학과, 사상체질과, 침구과",한의원,PHMA119993000034041100011,3000000,서울특별시 종로구 지봉로 37-29 (창신동),03104,03,폐업,0,,,02-745-4681
광남한의원,한의원,2014-05-29,200426.539075419,452129.114414097,2026-04-22 22:30:26,I,03,폐업,17.6,1,0,2014-05-29 15:01:25,,1999-10-01,110-835,서울특별시 종로구 종로5가 9번지 6호 1층,301 302 303 304 305 306 307 308,"한방내과, 한방부인과, 한방소아과, 한방안·이비인후·피부과, 한방신경정신과, 한방재활의학과, 사상체질과, 침구과",한의원,PHMA119993000034041100012,3000000,"서울특별시 종로구 종로 251-3 (종로5가,1층)",,03,폐업,0,,,02-766-6679
혜화신경외과의원,의원,2016-11-21,200118.064135962,453848.810954655,2026-04-22 22:30:26,I,03,폐업,493.74,3,0,2017-10-26 10:36:33,,2000-02-28,,서울특별시 종로구 혜화동 62번지 1호,106,신경외과,의원,PHMA120003000034041100002,3000000,서울특별시 종로구 창경궁로35길 26 (혜화동),03076,03,폐업,0,,,02-766-7979
제일방사선과의원,의원,2010-12-21,,,2026-04-22 22:30:26,I,03,폐업,96.5,1,0,2010-12-21 10:13:08,,2000-06-01,110-835,서울특별시 종로구 종로5가 64번지 1호,116,영상의학과,의원,PHMA120003000034041100006,3000000,,,03,폐업,0,,,02-762-8474
한양의원,의원,2008-09-26,,,2026-04-22 22:30:26,I,03,폐업,48.4,1,0,2009-10-19 11:17:14,,2000-07-11,110-121,서울특별시 종로구 종로1가 17,101 114 115,"내과, 피부과, 비뇨의학과",의원,PHMA120003000034041100011,3000000,,,03,폐업,0,,,02-2267-4015
청남의원,의원,2011-03-08,,,2026-04-22 22:30:26,I,03,폐업,56.3,1,0,2011-03-08 17:00:58,,2000-07-27,110-130,서울특별시 종로구 청진동 181번지 10호,101 104,"내과, 외과",의원,PHMA120003000034041100012,3000000,서울특별시 종로구 종로3길 24 (청진동),,03,폐업,0,,,02-732-0517
한일한의원,한의원,2009-08-31,,,2026-04-22 22:30:26,I,03,폐업,107.1,2,0,2009-08-31 11:50:03,,2000-11-01,110-125,서울특별시 종로구 종로5가 231-3,301 302 303 304 305 306 307 308,"한방내과, 한방부인과, 한방소아과, 한방안·이비인후·피부과, 한방신경정신과, 한방재활의학과, 사상체질과, 침구과",한의원,PHMA120003000034041100014,3000000,,,03,폐업,0,,,02-2274-6654
서울AAC의원,의원,2008-08-10,198643.543485167,452199.798612424,2026-04-22 22:30:26,I,03,폐업,281,1,0,2009-11-24 17:37:45,,2000-02-16,110-794,서울특별시 종로구 인사동 194번지 4호 하나로빌딩 2층,101 122 111,"내과, 소아청소년과, 가정의학과",의원,PHMA120003000034041100016,3000000,"서울특별시 종로구 인사동5길 25 (인사동,하나로빌딩 2층)",,03,폐업,0,,,
이근후열린마음의원,의원,2008-11-28,,,2026-04-22 22:30:26,I,03,폐업,105.72,1,0,2008-11-28 17:34:25,,2001-03-07,110-230,서울특별시 종로구 삼청동 25-9,102 103,"신경과, 정신건강의학과",의원,PHMA120013000034041100001,3000000,,,03,폐업,0,,,02-2267-4019
이상연신경정신과의원,의원,2024-11-30,196787.886795213,451814.424196043,2026-04-22 22:30:26,I,03,폐업,60.34,1,0,2024-12-04 09:03:10,,2001-04-20,,서울특별시 종로구 교남동 51번지 3층,102 103,"신경과, 정신건강의학과",의원,PHMA120013000034041100004,3000000,"서울특별시 종로구 통일로 162, 3층 (교남동)",03180,03,폐업,0,,,02-737-5511
연세내과의원,의원,2013-03-10,,,2026-04-22 22:30:26,I,03,폐업,45.36,1,0,2013-03-08 10:03:03,,2001-04-30,110-090,서울특별시 종로구 교북동 82번지,101 111 113,"내과, 소아청소년과, 이비인후과",의원,PHMA120013000034041100005,3000000,서울특별시 종로구 통일로 188 (교북동),,03,폐업,0,,,02-737-1789
동신한의원,한의원,2012-07-02,,,2026-04-22 22:30:26,I,03,폐업,78.34,1,0,2012-07-02 10:26:15,,2001-07-06,110-813,서울특별시 종로구 무악동 45번지,301 302 303 304 305 306 307 308,"한방내과, 한방부인과, 한방소아과, 한방안·이비인후·피부과, 한방신경정신과, 한방재활의학과, 사상체질과, 침구과",한의원,PHMA120013000034041100007,3000000,,,03,폐업,0,,,02-722-8331
형제한의원,한의원,2011-06-03,200651.748102737,452115.942415193,2026-04-22 22:30:26,I,03,폐업,27.9,1,0,2011-06-03 14:18:25,,2001-10-17,110-126,서울특별시 종로구 종로6가 91번지 1호,301 302 303 304 305 306 307 308,"한방내과, 한방부인과, 한방소아과, 한방안·이비인후·피부과, 한방신경정신과, 한방재활의학과, 사상체질과, 침구과",한의원,PHMA120013000034041100013,3000000,서울특별시 종로구 종로 271-2 (종로6가),,03,폐업,0,,,02-744-7768
명림한의원,한의원,2014-10-20,200226.553311941,452044.361853763,2026-04-22 22:30:26,I,03,폐업,91.35,1,0,2014-10-20 17:45:20,,2001-10-24,110-836,서울특별시 종로구 종로5가 193번지 14호,301 302 303 304 305 306,"한방내과, 한방부인과, 한방소아과, 한방안·이비인후·피부과, 한방신경정신과, 한방재활의학과",한의원,PHMA120013000034041100014,3000000,서울특별시 종로구 종로 232-4 (종로5가),,03,폐업,0,,,02-741-5892
서울지구한의원,한의원,2010-12-10,198215.535758289,453023.999557742,2026-04-22 22:30:26,I,03,폐업,129,1,0,2010-12-10 16:11:54,,2001-10-27,110-200,서울특별시 종로구 소격동 165번지,301 302 303 304 305 306 307 308,"한방내과, 한방부인과, 한방소아과, 한방안·이비인후·피부과, 한방신경정신과, 한방재활의학과, 사상체질과, 침구과",한의원,PHMA120013000034041100015,3000000,서울특별시 종로구 삼청로 36 (소격동),,03,폐업,0,,,02-397-3715
창신경희한의원,한의원,2009-04-20,,,2026-04-22 22:30:26,I,03,폐업,78.8,1,0,2009-04-20 13:49:33,,2002-01-25,110-855,서울특별시 종로구 창신3동 3-3,301 302 303 304 305 306 307 308,"한방내과, 한방부인과, 한방소아과, 한방안·이비인후·피부과, 한방신경정신과, 한방재활의학과, 사상체질과, 침구과",한의원,PHMA120023000034041100001,3000000,,,03,폐업,0,,,02-3676-0080
종오가의원,의원,2011-06-13,200127.51876762,452047.758449913,2026-04-22 22:30:26,I,03,폐업,107.47,1,0,2015-05-20 09:31:54,,2002-07-15,110-836,서울특별시 종로구 종로5가 182번지 4호 흥일빌딩 2층,101 111 114 115 102 122,"내과, 신경과, 소아청소년과, 피부과, 비뇨의학과, 가정의학과",의원,PHMA120023000034041100008,3000000,"서울특별시 종로구 동호로 408 (종로5가,흥일빌딩 2층)",,03,폐업,0,,,02-2266-0082
박준규치과의원,치과의원,2015-02-02,198082.271192221,452431.827349994,2026-04-22 22:30:26,I,03,폐업,49.4,1,0,2015-02-02 17:14:47,,2002-08-09,110-140,서울특별시 종로구 수송동 130번지,401,치과,치과의원,PHMA120023000034041100009,3000000,서울특별시 종로구 종로5길 97 (수송동),,03,폐업,0,,,02-732-1917
제이엠의원,의원,2010-11-23,,,2026-04-22 22:30:26,I,03,폐업,96.43,1,0,2010-11-23 11:11:56,,2002-09-02,110-730,서울특별시 종로구 세종로 광화문빌딩,114,피부과,의원,PHMA120023000034041100011,3000000,,,03,폐업,0,,,02-399-3737
우리치과의원,치과의원,2011-02-24,,,2026-04-22 22:30:26,I,03,폐업,76.42,1,0,2011-02-24 14:51:45,,2002-09-09,110-090,서울특별시 종로구 교북동 100번지 3층,401,치과,치과의원,PHMA120023000034041100012,3000000,"서울특별시 종로구 통일로 180 (교북동,3층)",,03,폐업,0,,,02-722-9839
동광한의원,한의원,2015-01-19,200885.205227346,452223.732351908,2026-04-22 22:30:26,I,03,폐업,41.4,1,0,2015-01-19 14:16:15,,2002-09-09,110-855,서울특별시 종로구 창신2동 572번지 1호,301 302 303 304 305 306 307 308,"한방내과, 한방부인과, 한방소아과, 한방안·이비인후·피부과, 한방신경정신과, 한방재활의학과, 사상체질과, 침구과",한의원,PHMA120023000034041100013,3000000,서울특별시 종로구 창신길 16 (창신동),,03,폐업,0,,,02-763-4409
이동희한의원,한의원,2016-03-04,199673.029847493,453711.269847466,2026-04-22 22:30:27,I,03,폐업,109,1,0,2016-03-04 11:19:47,,2003-01-03,110-521,서울특별시 종로구 명륜동1가 101번지 1호,301 302 303 304 305 306 307 308,"한방내과, 한방부인과, 한방소아과, 한방안·이비인후·피부과, 한방신경정신과, 한방재활의학과, 사상체질과, 침구과",한의원,PHMA120033000034041100001,3000000,서울특별시 종로구 성균관로 34 (명륜1가),,03,폐업,0,,,02-747-5700
용화당한의원,한의원,2010-04-06,198509.354710952,452796.844062403,2026-04-22 22:30:27,I,03,폐업,79.8,1,0,2010-04-06 17:17:27,,2003-01-29,110-240,서울특별시 종로구 안국동 59번지,301 302 303 304 305 306 307 308,"한방내과, 한방부인과, 한방소아과, 한방안·이비인후·피부과, 한방신경정신과, 한방재활의학과, 사상체질과, 침구과",한의원,PHMA120033000034041100003,3000000,서울특별시 종로구 윤보선길 32 (안국동),,03,폐업,0,,,02-3210-3226
호동치과의원,치과의원,2018-02-23,199170.682753367,452230.614024446,2026-04-22 22:30:25,I,03,폐업,0,1,0,2018-02-23 16:14:47,,1972-08-09,110-370,서울특별시 종로구 묘동 173번지,401,치과,치과의원,PHMA119723000034041100002,3000000,서울특별시 종로구 돈화문로 45 (묘동),03139,03,폐업,0,,,02-765-4041
효자한의원,한의원,2012-06-25,,,2026-04-22 22:30:25,I,03,폐업,0,1,0,2012-06-25 17:36:45,,1973-02-07,110-033,서울특별시 종로구 효자동 58번지 59호,301 302 303 304 305 306 307 308,"한방내과, 한방부인과, 한방소아과, 한방안·이비인후·피부과, 한방신경정신과, 한방재활의학과, 사상체질과, 침구과",한의원,PHMA119733000034041100001,3000000,,,03,폐업,0,,,02-738-4217
백보한의원,한의원,2017-02-22,198407.65176687,452284.517407597,2026-04-22 22:30:25,I,03,폐업,49.03,1,0,2017-02-22 16:02:14,,1973-02-07,110-170,서울특별시 종로구 견지동 110번지 43호 3층,301 302 303 304 305 306 307 308,"한방내과, 한방부인과, 한방소아과, 한방안·이비인후·피부과, 한방신경정신과, 한방재활의학과, 사상체질과, 침구과",한의원,PHMA119733000034041100002,3000000,"서울특별시 종로구 우정국로 43, 3층 (견지동)",03150,03,폐업,0,,,02-723-2337
박철성치과의원,치과의원,2021-06-10,200866.663342496,452233.784364855,2026-04-22 22:30:25,I,03,폐업,0,1,0,2021-06-10 19:46:37,,1973-05-11,,서울특별시 종로구 창신동 687번지 4호,401,치과,치과의원,PHMA119733000034041100004,3000000,"서울특별시 종로구 창신길 15, 2층 (창신동)",03101,03,폐업,0,,,02-763-3281
효성원한의원,한의원,2019-01-30,197554.291691975,452675.194665419,2026-04-22 22:30:25,I,03,폐업,0,1,0,2019-01-31 15:14:28,,1973-06-29,110-052,서울특별시 종로구 적선동 98번지,301 302 303 304 305 306 307 308,"한방내과, 한방부인과, 한방소아과, 한방안·이비인후·피부과, 한방신경정신과, 한방재활의학과, 사상체질과, 침구과",한의원,PHMA119733000034041100005,3000000,서울특별시 종로구 자하문로2길 8 (적선동),,03,폐업,0,,,02-738-4603
홍성호치과의원,치과의원,2013-03-18,198656.760605306,451885.670880307,2026-04-22 22:30:25,I,03,폐업,0,1,0,2013-10-08 10:25:57,,1973-07-02,110-111,서울특별시 종로구 관철동 19번지 4호,401,치과,치과의원,PHMA119733000034041100006,3000000,서울특별시 종로구 종로12길 18 (관철동),,03,폐업,0,,,02-734-2989
이병태치과의원,치과의원,2016-08-18,197662.503910553,452189.09236786,2026-04-22 22:30:25,I,03,폐업,63.48,1,0,2016-08-18 16:58:56,,1973-07-02,110-721,서울특별시 종로구 당주동 5번지 로얄빌딩,401,치과,치과의원,PHMA119733000034041100007,3000000,"서울특별시 종로구 새문안로5길 19, 지하64호 (당주동, 로얄빌딩)",03173,03,폐업,0,,,02-736-0445
문상인치과의원,치과의원,2018-04-16,199079.907986169,452265.640280035,2026-04-22 22:30:25,I,03,폐업,0,1,0,2018-04-20 15:48:21,,1973-07-19,110-807,서울특별시 종로구 돈의동 44번지 1호,401,치과,치과의원,PHMA119733000034041100008,3000000,서울특별시 종로구 돈화문로11길 18 (돈의동),,03,폐업,0,,,02-765-1132
원당한의원,한의원,2013-10-21,,,2026-04-22 22:30:25,I,03,폐업,128.4,1,0,2013-10-21 09:51:07,,1974-03-05,110-092,서울특별시 종로구 홍파동 56번지 1호,301 302 303 304 305 306 307 308,"한방내과, 한방부인과, 한방소아과, 한방안·이비인후·피부과, 한방신경정신과, 한방재활의학과, 사상체질과, 침구과",한의원,PHMA119743000034041100002,3000000,서울특별시 종로구 통일로 196-16 (홍파동),,03,폐업,0,,,02-738-0470
보천한의원,한의원,2013-10-22,,,2026-04-22 22:30:25,I,03,폐업,0,1,0,2013-10-22 13:48:47,,1974-05-11,110-126,서울특별시 종로구 종로6가 135번지,301 302 303 304 305 306 307 308,"한방내과, 한방부인과, 한방소아과, 한방안·이비인후·피부과, 한방신경정신과, 한방재활의학과, 사상체질과, 침구과",한의원,PHMA119743000034041100003,3000000,,,03,폐업,0,,,02-762-8080
하앤리산부인과의원,의원,2015-04-17,201359.53353905,452395.659064842,2026-04-22 22:30:25,I,03,폐업,75.95,1,0,2015-04-17 16:52:57,,1974-08-05,110-876,서울특별시 종로구 숭인1동 76번지 롯데캐슬 202호,110,산부인과,의원,PHMA119743000034041100004,3000000,"서울특별시 종로구 종로 347 (숭인동,롯데캐슬 202호)",,03,폐업,0,,,02-763-5838
경희한의원,한의원,2003-04-05,200052.130541659,452100.648840313,2026-04-22 22:30:25,I,03,폐업,0,1,0,2009-11-24 13:20:32,,1974-09-13,110-835,서울특별시 종로구 종로5가 90번지,301 304 307 302 305 308 303 306,"한방내과, 한방부인과, 한방소아과, 한방안·이비인후·피부과, 한방신경정신과, 한방재활의학과, 사상체질과, 침구과",한의원,PHMA119743000034041100005,3000000,서울특별시 종로구 종로 213 (종로5가),,03,폐업,0,,,
구천당한의원,한의원,2006-09-07,201682.280119431,452264.834410851,2026-04-22 22:30:25,I,03,폐업,44.4,1,0,2009-11-20 12:06:02,,1974-05-04,110-826,서울특별시 종로구 숭인2동 232번지 1호,301 304 307 302 305 308 303 306,"한방내과, 한방부인과, 한방소아과, 한방안·이비인후·피부과, 한방신경정신과, 한방재활의학과, 사상체질과, 침구과",한의원,PHMA119743000034041100006,3000000,,,03,폐업,0,,,22342739
이점식치과의원,치과의원,2012-02-08,198469.85451949,452315.746209246,2026-04-22 22:30:25,I,03,폐업,47.98,1,0,2012-02-09 09:08:04,,1975-01-07,110-170,서울특별시 종로구 견지동 65번지 1호   304호,401,치과,치과의원,PHMA119753000034041100001,3000000,"서울특별시 종로구 우정국로 46, 304호 (견지동)",,03,폐업,0,,,02-734-7392
임치과의원,치과의원,2023-05-16,197567.849954354,452567.159554494,2026-04-22 22:30:25,I,03,폐업,0,1,0,2023-05-17 15:44:35,,1975-03-25,110-052,서울특별시 종로구 적선동 80번지 2층,401,치과,치과의원,PHMA119753000034041100002,3000000,"서울특별시 종로구 새문안로5길 55, 205호 (적선동, 적선현대빌딩)",03170,03,폐업,0,,,02-736-6377
강우곤치과의원,치과의원,2022-01-24,198784.332000708,452406.933381347,2026-04-22 22:30:25,I,03,폐업,0,1,0,2022-01-21 18:05:46,,1975-04-03,110-310,서울특별시 종로구 경운동 47번지 17호,401,치과,치과의원,PHMA119753000034041100003,3000000,서울특별시 종로구 삼일대로 443 (경운동),,03,폐업,0,,,02-735-9779
홍예표치과의원,치과의원,2023-06-14,198484.065112475,451860.352943313,2026-04-22 22:30:25,I,03,폐업,60.92,1,0,2023-06-15 14:41:38,,1975-06-02,110-111,서울특별시 종로구 관철동 266번지 3층,401,치과,치과의원,PHMA119753000034041100004,3000000,"서울특별시 종로구 청계천로 53, 3층 (관철동)",03189,03,폐업,0,,,02-734-8711
김영훈치과의원,치과의원,2017-08-28,197328.740700267,453276.078990209,2026-04-22 22:30:25,I,03,폐업,0,1,0,2017-09-05 18:39:18,,1975-10-06,110-035,서울특별시 종로구 옥인동,401,치과,치과의원,PHMA119753000034041100006,3000000,서울특별시 종로구 자하문로 65 (옥인동),03035,03,폐업,0,,,02-735-8146
제창국한의원,한의원,2007-06-11,197010.963445056,452417.61350483,2026-04-22 22:30:25,I,03,폐업,63.3,1,0,2009-10-19 14:17:28,,1975-07-31,110-054,서울특별시 종로구 사직동 237번지 1호,301 304 307 302 305 308 303 306,"한방내과, 한방부인과, 한방소아과, 한방안·이비인후·피부과, 한방신경정신과, 한방재활의학과, 사상체질과, 침구과",한의원,PHMA119753000034041100007,3000000,서울특별시 종로구 사직로 66-1 (사직동),,03,폐업,0,,,
한국치과의원,치과의원,2016-12-02,198358.144780371,452563.302778417,2026-04-22 22:30:25,I,03,폐업,157.8,1,0,2016-12-02 17:53:35,,1976-06-10,110-140,서울특별시 종로구 수송동 9번지 2호,401,치과,치과의원,PHMA119763000034041100001,3000000,서울특별시 종로구 율곡로4길 2 (수송동),,03,폐업,0,,,02-735-5394
김철옥치과의원,치과의원,2012-03-16,198814.236220606,451963.438902233,2026-04-22 22:30:25,I,03,폐업,0,1,0,2012-03-16 14:43:58,,1976-08-25,110-122,서울특별시 종로구 종로2가 71번지 2호  종로빌딩 4층,401,치과,치과의원,PHMA119763000034041100003,3000000,"서울특별시 종로구 삼일대로 395 (종로2가,종로빌딩 4층)",,03,폐업,0,,,02-733-2662
서울의원,의원,2021-01-30,199926.168965464,452095.076003705,2026-04-22 22:30:25,I,03,폐업,189.16,1,0,2021-02-22 16:50:47,,1976-11-10,,서울특별시 종로구 종로4가 2번지 16호,122 119 116 115 101,"내과, 비뇨의학과, 영상의학과, 진단검사의학과, 가정의학과",의원,PHMA119763000034041100004,3000000,서울특별시 종로구 종로 199-2 (종로4가),03130,03,폐업,0,,,02-762-7424
현미의원,의원,2018-05-25,199368.555548623,452053.574018926,2026-04-22 22:30:25,I,03,폐업,0,1,0,2018-05-25 17:13:02,,1976-11-25,110-123,서울특별시 종로구 종로3가 38번지 3호 3층,108,성형외과,의원,PHMA119763000034041100005,3000000,"서울특별시 종로구 종로 143-1, 3층 (종로3가)",03138,03,폐업,0,,,02-764-5650
새서울의원,의원,2016-02-24,,,2026-04-22 22:30:25,I,03,폐업,0,1,0,2016-02-25 11:53:10,,1976-12-22,110-813,서울특별시 종로구 무악동 46번지 1422호,104 110 101 111 108,"내과, 외과, 성형외과, 산부인과, 소아청소년과",의원,PHMA119763000034041100006,3000000,서울특별시 종로구 통일로 234 (무악동),,03,폐업,0,,,02-737-7755
지리산한의원,한의원,2008-05-30,,,2026-04-22 22:30:25,I,03,폐업,0,1,0,2009-10-19 14:58:57,,1976-02-21,110-123,서울특별시 종로구 종로3가 37번지,301 304 307 302 305 308 303 306,"한방내과, 한방부인과, 한방소아과, 한방안·이비인후·피부과, 한방신경정신과, 한방재활의학과, 사상체질과, 침구과",한의원,PHMA119763000034041100008,3000000,,,03,폐업,0,,,
감초당한의원,한의원,2007-11-13,200473.025169433,452112.059771326,2026-04-22 22:30:25,I,03,폐업,0,1,0,2009-10-19 15:07:01,,1976-04-12,110-835,서울특별시 종로구 종로5가 3번지 1호,304 301 307 302 305 308 303 306,"한방내과, 한방부인과, 한방소아과, 한방안·이비인후·피부과, 한방신경정신과, 한방재활의학과, 사상체질과, 침구과",한의원,PHMA119763000034041100009,3000000,서울특별시 종로구 종로 255 (종로5가),,03,폐업,0,,,
송산한의원,한의원,2008-06-24,200252.016668912,452106.628872394,2026-04-22 22:30:25,I,03,폐업,0,1,0,2009-10-19 15:14:56,,1976-09-15,110-835,서울특별시 종로구 종로5가 43번지 1호,301 304 307 305 308 303 306 302,"한방내과, 한방부인과, 한방소아과, 한방안·이비인후·피부과, 한방신경정신과, 한방재활의학과, 사상체질과, 침구과",한의원,PHMA119763000034041100010,3000000,서울특별시 종로구 종로 233 (종로5가),,03,폐업,0,,,
윤희철치과의원,치과의원,2010-08-02,198630.79627088,452035.412646906,2026-04-22 22:30:25,I,03,폐업,42.93,1,0,2010-08-02 17:04:08,,1977-04-04,110-753,서울특별시 종로구 종로2가 9번지 종로Y.M.C.A 408호,401,치과,치과의원,PHMA119773000034041100002,3000000,"서울특별시 종로구 종로 69 (종로2가,종로Y.M.C.A 408호)",,03,폐업,0,,,02-733-5458
원이비인후과의원,의원,2019-01-02,197331.05502294,453256.667445308,2026-04-22 22:30:25,I,03,폐업,0,1,0,2019-01-02 13:51:38,,1977-06-03,,서울특별시 종로구 옥인동 19번지 33호,113 112,"안과, 이비인후과",의원,PHMA119773000034041100003,3000000,서울특별시 종로구 자하문로 63 (옥인동),03035,03,폐업,0,,,02-738-1036
김현기치과의원,치과의원,2014-02-26,197700.034013631,452022.503467072,2026-04-22 22:30:25,I,03,폐업,0,1,0,2014-02-26 15:36:08,,1977-06-09,110-796,서울특별시 종로구 신문로1가 24번지 고려빌딩 7층,401,치과,치과의원,PHMA119773000034041100004,3000000,"서울특별시 종로구 새문안로 91 (신문로1가,고려빌딩 7층)",,03,폐업,0,,,02-738-9617
홍경택치과의원,치과의원,2010-10-11,200098.258045841,452454.65470235,2026-04-22 22:30:25,I,03,폐업,0,1,0,2010-10-11 11:08:41,,1977-06-22,110-850,서울특별시 종로구 효제동 36번지 1호,401,치과,치과의원,PHMA119773000034041100005,3000000,서울특별시 종로구 대학로 35 (효제동),,03,폐업,0,,,02-763-9797
김신규치과의원,치과의원,2017-12-12,197331.05502294,453256.667445308,2026-04-22 22:30:25,I,03,폐업,0,1,0,2017-12-29 16:44:39,,1977-08-11,110-035,서울특별시 종로구 옥인동 19번지 33호,401,치과,치과의원,PHMA119773000034041100007,3000000,서울특별시 종로구 자하문로 63 (옥인동),,03,폐업,0,,,02-736-7772
동익한의원,한의원,2018-10-01,200637.694646311,452116.370960932,2026-04-22 22:30:25,I,03,폐업,51.05,1,0,2018-10-04 16:26:53,,1978-01-07,110-126,서울특별시 종로구 종로6가 92번지 2호,301 302 303 304 305 306 307 308,"한방내과, 한방부인과, 한방소아과, 한방안·이비인후·피부과, 한방신경정신과, 한방재활의학과, 사상체질과, 침구과",한의원,PHMA119783000034041100001,3000000,"서울특별시 종로구 종로 271, 2층 (종로6가)",03124,03,폐업,0,,,02-762-8274
경미의원,의원,2013-02-15,199214.553264925,452046.601850459,2026-04-22 22:30:25,I,03,폐업,0,1,0,2013-02-15 13:47:35,,1978-02-04,110-123,서울특별시 종로구 종로3가 23번지 1호 2층,108,성형외과,의원,PHMA119783000034041100002,3000000,"서울특별시 종로구 돈화문로 23 (종로3가,2층)",,03,폐업,0,,,02-742-3940
돈화한의원,한의원,2014-12-29,200313.150065251,452863.899346409,2026-04-22 22:30:25,I,03,폐업,0,1,0,2014-12-29 15:40:55,,1978-03-31,110-810,서울특별시 종로구 동숭동 199번지 32호,301 302 303 304 305 306 307 308,"한방내과, 한방부인과, 한방소아과, 한방안·이비인후·피부과, 한방신경정신과, 한방재활의학과, 사상체질과, 침구과",한의원,PHMA119783000034041100003,3000000,서울특별시 종로구 이화장길 72 (동숭동),,03,폐업,0,,,02-763-9447
권치과의원,치과의원,2010-11-30,,,2026-04-22 22:30:25,I,03,폐업,0,1,0,2010-11-30 17:01:41,,1978-05-03,110-835,서울특별시 종로구 종로5가 64번지 1호,401,치과,치과의원,PHMA119783000034041100004,3000000,,,03,폐업,0,,,02-762-9259
한보한의원,한의원,2008-12-01,,,2026-04-22 22:30:25,I,03,폐업,0,2,0,2008-12-02 17:00:19,,1978-07-07,110-126,서울특별시 종로구 종로6가 88-2,301 302 303 304 305 306 307 308,"한방내과, 한방부인과, 한방소아과, 한방안·이비인후·피부과, 한방신경정신과, 한방재활의학과, 사상체질과, 침구과",한의원,PHMA119783000034041100008,3000000,,,03,폐업,0,,,02-741-1800
유양석치과의원,치과의원,2021-05-25,197433.728224877,452996.982975482,2026-04-22 22:30:25,I,03,폐업,0,1,0,2021-05-25 20:15:08,,1979-03-03,110-040,서울특별시 종로구 통의동 108번지 3층,401,치과,치과의원,PHMA119793000034041100001,3000000,서울특별시 종로구 자하문로 36 (통의동),03044,03,폐업,0,2021-01-01,2021-04-30,02-738-4534
신일한의원,한의원,2012-10-09,200257.061566929,452233.907627057,2026-04-22 22:30:25,I,03,폐업,92.74,1,0,2012-10-09 11:09:24,,1979-04-10,110-850,서울특별시 종로구 효제동 221번지,301 302 303 304 305 306 307 308,"한방내과, 한방부인과, 한방소아과, 한방안·이비인후·피부과, 한방신경정신과, 한방재활의학과, 사상체질과, 침구과",한의원,PHMA119793000034041100002,3000000,서울특별시 종로구 종로35길 25 (효제동),,03,폐업,0,,,22796767
손치과의원,치과의원,2010-03-19,,,2026-04-22 22:30:25,I,03,폐업,0,1,0,2010-03-19 11:10:29,,1979-09-15,110-123,서울특별시 종로구 종로3가 3,201 202 203 204 205 206 207 208 209 210,"구강악안면외과, 치과보철과, 치과교정과, 소아치과, 치주과, 치과보존과, 구강내과, 구강악안면방사선과, 구강병리과, 예방치과",치과의원,PHMA119793000034041100004,3000000,,,03,폐업,0,,,02-765-4032
청심한의원,한의원,2010-04-12,200126.766304313,452265.173517838,2026-04-22 22:30:25,I,03,폐업,0,1,0,2010-04-12 10:07:05,,1979-11-14,110-480,서울특별시 종로구 효제동 301번지 2호 3층,301 302 303 304 305 306 307 308,"한방내과, 한방부인과, 한방소아과, 한방안·이비인후·피부과, 한방신경정신과, 한방재활의학과, 사상체질과, 침구과",한의원,PHMA119793000034041100005,3000000,"서울특별시 종로구 대학로 18 (효제동,3층)",,03,폐업,0,,,02-2275-8786
태화한의원,한의원,2018-04-03,200497.57023261,452130.338214652,2026-04-22 22:30:25,I,03,폐업,0,1,0,2018-09-27 09:15:39,,1980-06-28,110-126,서울특별시 종로구 종로6가 246번지 1호,301 302 303 304 305 306 307 308,"한방내과, 한방부인과, 한방소아과, 한방안·이비인후·피부과, 한방신경정신과, 한방재활의학과, 사상체질과, 침구과",한의원,PHMA119803000034041100001,3000000,서울특별시 종로구 종로39길 6 (종로6가),,03,폐업,0,,,02-762-8826
성도가정의학과의원,의원,2020-08-31,199848.545951919,452035.159657949,2026-04-22 22:30:25,I,03,폐업,0,1,0,2020-09-08 10:54:45,,1980-08-28,110-852,서울특별시 종로구 종로4가 149번지 1호 2층,101 104 111 114 115 122 108,"내과, 외과, 성형외과, 소아청소년과, 피부과, 비뇨의학과, 가정의학과",의원,PHMA119803000034041100002,3000000,서울특별시 종로구 종로 192 (종로4가),03195,03,폐업,0,,,02-2273-2798
백제치과의원,치과의원,2020-12-21,200052.130541659,452100.648840313,2026-04-22 22:30:25,I,03,폐업,0,1,0,2020-12-21 18:12:05,,1981-02-27,110-835,서울특별시 종로구 종로5가 90번지,401,치과,치과의원,PHMA119813000034041100001,3000000,서울특별시 종로구 종로 213 (종로5가),,03,폐업,0,,,02-762-3310
유경치과의원,치과의원,2011-11-07,,,2026-04-22 22:30:25,I,03,폐업,0,1,0,2011-11-07 14:05:58,,1981-03-27,110-320,서울특별시 종로구 낙원동 248번지 6호,401,치과,치과의원,PHMA119813000034041100002,3000000,,,03,폐업,0,,,02-742-5554
최충신정형외과의원,의원,2013-03-20,,,2026-04-22 22:30:25,I,03,폐업,330,1,3,2013-03-20 17:43:00,,1981-06-04,110-090,서울특별시 종로구 교북동 90번지 1호,105,정형외과,의원,PHMA119813000034041100005,3000000,서울특별시 종로구 통일로 184 (교북동),,03,폐업,3,,,
IP&I치과의원,치과의원,2022-08-17,198271.843790307,452533.899674194,2026-04-22 22:30:25,I,03,폐업,75.33,1,0,2023-03-16 14:00:05,,1981-06-22,110-140,서울특별시 종로구 수송동 85번지 306호,401,치과,치과의원,PHMA119813000034041100006,3000000,"서울특별시 종로구 율곡로2길 7, 306호 (수송동, 로얄팰리스)",03143,03,폐업,0,,,02-735-1135
김성회신경정신과의원,의원,2013-07-22,200097.395492413,453820.002979196,2026-04-22 22:30:25,I,03,폐업,0,1,0,2013-07-22 16:53:53,,1982-04-22,110-530,서울특별시 종로구 혜화동 64번지 1호,103,정신건강의학과,의원,PHMA119823000034041100001,3000000,서울특별시 종로구 창경궁로 287 (혜화동),,03,폐업,0,,,02-762-1732
유이비인후과의원,의원,2018-05-01,201814.568650538,452526.066867265,2026-04-22 22:30:25,I,03,폐업,0,1,0,2018-05-02 16:27:25,,1982-07-05,,서울특별시 종로구 숭인동 1050번지,113,이비인후과,의원,PHMA119823000034041100004,3000000,서울특별시 종로구 숭인동길 1 (숭인동),03112,03,폐업,0,,,02-923-9232
고려당한의원,한의원,2016-08-12,201798.834918812,452637.556986205,2026-04-22 22:30:25,I,03,폐업,115.2,1,0,2016-08-12 13:42:22,,1983-01-14,110-827,서울특별시 종로구 숭인동 766번지 청계힐스테이트 상가 가동 2층,301 302 303 304 305 306 307 308,"한방내과, 한방부인과, 한방소아과, 한방안·이비인후·피부과, 한방신경정신과, 한방재활의학과, 사상체질과, 침구과",한의원,PHMA119833000034041100001,3000000,"서울특별시 종로구 숭인동길 21, 가동 2층 (숭인동)",03112,03,폐업,0,,,02-923-3550
정원한의원,한의원,2016-04-28,200284.343497696,452198.335237303,2026-04-22 22:30:25,I,03,폐업,69.34,1,0,2016-04-28 15:19:25,,1983-03-09,110-850,서울특별시 종로구 효제동 202번지 2층,301 302 303 304 305 306 307 308,"한방내과, 한방부인과, 한방소아과, 한방안·이비인후·피부과, 한방신경정신과, 한방재활의학과, 사상체질과, 침구과",한의원,PHMA119833000034041100002,3000000,서울특별시 종로구 종로35길 20 (효제동),03126,03,폐업,0,,,02-762-0121
박환실비뇨기과의원,의원,2008-11-03,,,2026-04-22 22:30:25,I,03,폐업,0,1,0,2009-10-19 10:57:02,,1983-04-19,110-121,서울특별시 종로구 종로1가 39-1 3층,114 115,"피부과, 비뇨의학과",의원,PHMA119833000034041100004,3000000,,,03,폐업,0,,,02-2267-3975
사무엘치과의원,치과의원,2021-10-30,198231.45513357,452285.135018594,2026-04-22 22:30:25,I,03,폐업,91.2,1,0,2021-11-03 15:38:02,,1983-05-13,110-140,서울특별시 종로구 수송동 71번지 1호,401,치과,치과의원,PHMA119833000034041100006,3000000,"서울특별시 종로구 율곡로4길 66, 6층 (수송동, 삼성빌딩)",03151,03,폐업,0,,,02-735-2811
이재경한의원,한의원,2021-10-14,200040.644470695,452102.985729367,2026-04-22 22:30:25,I,03,폐업,0,1,0,2021-10-15 17:45:45,,1983-08-13,110-835,서울특별시 종로구 종로5가 91번지,301 302 303 304 305 306 307 308,"한방내과, 한방부인과, 한방소아과, 한방안·이비인후·피부과, 한방신경정신과, 한방재활의학과, 사상체질과, 침구과",한의원,PHMA119833000034041100007,3000000,서울특별시 종로구 종로 211-1 (종로5가),,03,폐업,0,,,02-743-5051
만수한의원,한의원,2009-11-17,,,2026-04-22 22:30:25,I,03,폐업,0,1,0,2009-11-17 13:17:27,,1983-11-04,110-819,서울특별시 종로구 부암동 44-9,301 302 303 304 305 306 307 308,"한방내과, 한방부인과, 한방소아과, 한방안·이비인후·피부과, 한방신경정신과, 한방재활의학과, 사상체질과, 침구과",한의원,PHMA119833000034041100008,3000000,,,03,폐업,0,,,02-379-9388
제화당한의원,한의원,2013-04-30,200069.449208699,452147.423545856,2026-04-22 22:30:27,I,03,폐업,67.6,1,0,2013-05-01 09:08:35,,2007-07-06,110-480,서울특별시 종로구 효제동 320번지 6호 1층,301 304 307 302 305 308 303 306,"한방내과, 한방부인과, 한방소아과, 한방안·이비인후·피부과, 한방신경정신과, 한방재활의학과, 사상체질과, 침구과",한의원,PHMA120073000034041100022,3000000,"서울특별시 종로구 종로33길 12, 1층 (효제동)",,03,폐업,0,,,02-763-9325
푸르메나눔치과의원,치과의원,2008-12-31,,,2026-04-22 22:30:27,I,03,폐업,60.5,1,0,2009-05-15 10:50:14,,2007-07-12,110-032,서울특별시 종로구 신교동 70-10 신교빌딩 1층,401,치과,치과의원,PHMA120073000034041100024,3000000,,,03,폐업,0,,,02-735-0075
서령한의원,한의원,2008-12-16,,,2026-04-22 22:30:27,I,03,폐업,108,1,0,2009-10-19 10:43:19,,2007-07-20,110-470,서울특별시 종로구 연지동 275-1번지 2층,112,안과,한의원,PHMA120073000034041100025,3000000,,,03,폐업,0,,,02-763-7901
홍제한의원,한의원,2017-12-29,200070.048653319,452114.591159727,2026-04-22 22:30:27,I,03,폐업,71.28,1,0,2017-12-29 14:23:00,,2007-07-26,110-835,서울특별시 종로구 종로5가 88번지 3호 (2층),301 304 307 302 305 308 303 306,"한방내과, 한방부인과, 한방소아과, 한방안·이비인후·피부과, 한방신경정신과, 한방재활의학과, 사상체질과, 침구과",한의원,PHMA120073000034041100026,3000000,"서울특별시 종로구 종로33길 4, 2층 (종로5가)",03129,03,폐업,0,,,02-766-7655
용하한의원,한의원,2009-05-09,,,2026-04-22 22:30:27,I,03,폐업,60,1,0,2009-05-11 08:49:09,,2007-07-26,110-240,서울특별시 종로구 안국동 139-1번지 4층,301 302 303 304 305 306 307 308,"한방내과, 한방부인과, 한방소아과, 한방안·이비인후·피부과, 한방신경정신과, 한방재활의학과, 사상체질과, 침구과",한의원,PHMA120073000034041100027,3000000,,,03,폐업,0,,,02-734-0275
세한의원,의원,2009-06-30,199679.470126039,452552.332812055,2026-04-22 22:30:27,I,03,폐업,123,4,0,2010-07-13 10:23:41,,2007-08-09,110-450,"서울특별시 종로구 원남동 187번지 지상1층, 지하1층",116,영상의학과,의원,PHMA120073000034041100029,3000000,"서울특별시 종로구 창경궁로 143 (원남동,지상1층, 지하1층)",,03,폐업,0,,,
서울경희한의원,한의원,2011-03-23,196132.751817734,452580.254196764,2026-04-22 22:30:27,I,03,폐업,108.03,1,0,2011-03-23 18:34:29,,2007-08-22,110-814,서울특별시 종로구 무악동 67번지 2호   202호,301 302 303 304 305 306 307 308,"한방내과, 한방부인과, 한방소아과, 한방안·이비인후·피부과, 한방신경정신과, 한방재활의학과, 사상체질과, 침구과",한의원,PHMA120073000034041100030,3000000,"서울특별시 종로구 통일로 262, 202호 (무악동)",,03,폐업,0,,,02-737-3012
경희한의원,한의원,2008-09-24,200056.510139475,452135.101134699,2026-04-22 22:30:27,I,03,폐업,68.72,2,0,2021-07-13 18:17:05,,2007-09-19,,서울특별시 종로구 연지동 275-1 연지드림빌,114 301 304 307 302 305 308 303 306,"피부과, 한방내과, 한방부인과, 한방소아과, 한방안·이비인후·피부과, 한방신경정신과, 한방재활의학과, 사상체질과, 침구과",한의원,PHMA120073000034041100032,3000000,"서울특별시 종로구 대학로1길 10, 연지드림빌 2층 (연지동)",03129,03,폐업,0,,,02-763-8080
천수당한의원,한의원,2014-06-02,,,2026-04-22 22:30:27,I,03,폐업,72,1,0,2014-06-02 14:03:57,,2007-10-08,110-836,서울특별시 종로구 종로5가 295번지 (2층),301 304 307 302 305 308 303 306,"한방내과, 한방부인과, 한방소아과, 한방안·이비인후·피부과, 한방신경정신과, 한방재활의학과, 사상체질과, 침구과",한의원,PHMA120073000034041100033,3000000,,,03,폐업,0,,,02-2269-5020
세종공안과의원,의원,2014-06-09,198150.300374121,452019.212642931,2026-04-22 22:30:27,I,03,폐업,252.23,5,0,2014-06-09 10:01:01,,2007-10-15,110-888,"서울특별시 종로구 종로1가 24번지 르메이에르종로타운 406,407,408-1호",112,안과,의원,PHMA120073000034041100034,3000000,"서울특별시 종로구 종로 19, 406, 407, 408-1호 (종로1가, 르메이에르종로타운)",,03,폐업,0,,,
영림한의원,한의원,2009-09-14,,,2026-04-22 22:30:27,I,03,폐업,69,1,0,2009-09-14 13:14:12,,2007-10-10,110-125,서울특별시 종로구 종로5가 193-14,201 202 203 204 205 206 207 208 209 210,"구강악안면외과, 치과보철과, 치과교정과, 소아치과, 치주과, 치과보존과, 구강내과, 구강악안면방사선과, 구강병리과, 예방치과",한의원,PHMA120073000034041100035,3000000,,,03,폐업,0,,,02-2267-0269
다미치과의원,치과의원,2015-02-17,196216.695084581,452495.361879798,2026-04-22 22:30:27,I,03,폐업,120,1,0,2017-07-19 10:27:08,,2007-10-15,110-080,서울특별시 종로구 무악동 42번지 2호,401,치과,치과의원,PHMA120073000034041100036,3000000,서울특별시 종로구 통일로 250 (무악동),,03,폐업,0,,,02-739-2812
마리의원,의원,2010-03-11,,,2026-04-22 22:30:27,I,03,폐업,71.92,1,0,2010-03-11 15:44:47,,2007-11-28,110-524,서울특별시 종로구 명륜동4가 187번지 2층,114 108,"성형외과, 피부과",의원,PHMA120073000034041100037,3000000,,,03,폐업,0,,,
삼대보인당한의원,한의원,2016-12-17,197434.985799171,452835.040931184,2026-04-22 22:30:27,I,03,폐업,71,2,0,2016-12-16 17:41:41,,2007-12-04,110-045,서울특별시 종로구 체부동 37번지 1호 2층,301 302 303 304 305 306 307 308,"한방내과, 한방부인과, 한방소아과, 한방안·이비인후·피부과, 한방신경정신과, 한방재활의학과, 사상체질과, 침구과",한의원,PHMA120073000034041100038,3000000,"서울특별시 종로구 자하문로 19-1, 2층 (체부동)",03041,03,폐업,0,,,02-725-7872
광화문W치과의원,치과의원,2011-07-01,198205.621520751,452254.217603167,2026-04-22 22:30:27,I,03,폐업,188.66,1,0,2011-07-01 17:21:06,,2007-12-06,110-140,서울특별시 종로구 수송동 68번지 1호 호수빌딩 5층,401,치과,치과의원,PHMA120073000034041100039,3000000,"서울특별시 종로구 삼봉로 57 (수송동,호수빌딩 5층)",,03,폐업,0,,,02-723-0075
정남성의원,의원,2008-09-12,,,2026-04-22 22:30:27,I,03,폐업,383,1,0,2009-10-19 11:27:01,,2008-01-02,110-855,서울특별시 종로구 창신제1동 327-2 4층,115 119 118,"비뇨의학과, 병리과, 진단검사의학과",의원,PHMA120083000034041100001,3000000,,,03,폐업,6,,,36722233
나래치과의원,치과의원,2009-09-24,,,2026-04-22 22:30:27,I,03,폐업,55.9,1,0,2009-09-24 10:07:48,,2008-01-02,110-111,서울특별시 종로구 관철동 16-5 4층,401,치과,치과의원,PHMA120083000034041100002,3000000,,,03,폐업,0,,,02-732-2288
청아한의원,한의원,2009-12-01,197538.542807564,452679.892786314,2026-04-22 22:30:27,I,03,폐업,137.97,2,0,2011-06-28 16:25:01,,2008-01-02,110-052,서울특별시 종로구 적선동 100번지 1호 경복빌딩 401호,301 304 307 302 305 308 303 306,"한방내과, 한방부인과, 한방소아과, 한방안·이비인후·피부과, 한방신경정신과, 한방재활의학과, 사상체질과, 침구과",한의원,PHMA120083000034041100003,3000000,"서울특별시 종로구 자하문로2길 4 (적선동,경복빌딩 401호)",,03,폐업,0,,,02-735-1075
예담치과의원,치과의원,2009-10-27,,,2026-04-22 22:30:27,I,03,폐업,111,1,0,2009-10-27 10:53:45,,2008-01-03,110-125,서울특별시 종로구 종로5가 193-1,401,치과,치과의원,PHMA120083000034041100004,3000000,,,03,폐업,0,,,02-2263-5300
경희지인한의원,한의원,2009-02-03,,,2026-04-22 22:30:27,I,03,폐업,152.91,1,0,2009-03-02 15:55:44,,2008-01-04,110-062,서울특별시 종로구 신문로2가 1-143 욱일빌딩 3층,113,이비인후과,한의원,PHMA120083000034041100005,3000000,,,03,폐업,0,,,02-732-7775
JnB의원,의원,2016-10-31,197806.301584651,452135.395386305,2026-04-22 22:30:27,I,03,폐업,132,1,0,2016-10-31 10:45:41,,2008-01-15,110-050,서울특별시 종로구 세종로 161번지 1호 3층,122 101 103 110 111 113 114 104,"내과, 정신건강의학과, 외과, 산부인과, 소아청소년과, 이비인후과, 피부과, 가정의학과",의원,PHMA120083000034041100007,3000000,"서울특별시 종로구 세종대로23길 7, 3층 (세종로)",03183,03,폐업,0,,,02-735-7533
경희필한의원,한의원,2017-12-23,201350.473375538,452279.7442603,2026-04-22 22:30:27,I,03,폐업,84,1,0,2017-12-27 14:35:14,,2008-01-18,110-880,"서울특별시 종로구 숭인동 310번지 종로대우디오빌 301호, 309호",301 304 307 302 305 308 303 306,"한방내과, 한방부인과, 한방소아과, 한방안·이비인후·피부과, 한방신경정신과, 한방재활의학과, 사상체질과, 침구과",한의원,PHMA120083000034041100008,3000000,"서울특별시 종로구 종로 344, 301호, 309호 (숭인동)",03114,03,폐업,0,,,02-2252-7755
미래한의원,한의원,2009-12-05,198565.677043996,452670.232135872,2026-04-22 22:30:27,I,03,폐업,119.35,1,0,2009-12-07 14:11:56,,2008-01-18,110-240,서울특별시 종로구 안국동 163번지 한국걸스카우트빌딩 3층,301 302 303 304 305 306 307 308,"한방내과, 한방부인과, 한방소아과, 한방안·이비인후·피부과, 한방신경정신과, 한방재활의학과, 사상체질과, 침구과",한의원,PHMA120083000034041100009,3000000,"서울특별시 종로구 율곡로 47 (안국동,한국걸스카우트빌딩 3층)",,03,폐업,0,,,02-512-2075
연세탑의원,의원,2012-02-03,201469.212896236,452324.448431069,2026-04-22 22:30:27,I,03,폐업,92.22,1,0,2012-02-06 17:44:17,,2008-01-28,110-826,서울특별시 종로구 숭인2동 269번지  외 2필지 2층,115 108 114,"성형외과, 피부과, 비뇨의학과",의원,PHMA120083000034041100010,3000000,"서울특별시 종로구 종로 360 (숭인동,외 2필지 2층)",,03,폐업,0,,,64637575
현대의원,의원,2013-04-01,198817.289034611,452901.786745273,2026-04-22 22:30:27,I,03,폐업,75,1,0,2013-04-01 10:23:05,,2008-02-01,110-793,서울특별시 종로구 계동 140번지 2호 현대빌딩 지하1층,101 114 122,"내과, 피부과, 가정의학과",의원,PHMA120083000034041100012,3000000,"서울특별시 종로구 율곡로 75, 지하1층 (계동, 현대빌딩)",,03,폐업,0,,,02-3669-1020
낙원치과의원,치과의원,2009-11-06,,,2026-04-22 22:30:27,I,03,폐업,60,1,0,2009-11-06 17:06:09,,2008-02-05,110-320,서울특별시 종로구 낙원동 132-2,401,치과,치과의원,PHMA120083000034041100013,3000000,,,03,폐업,0,,,02-741-2828
해인한의원,한의원,2010-07-05,201258.062657124,452787.132831042,2026-04-22 22:30:27,I,03,폐업,90.04,1,0,2010-07-05 13:32:28,,2008-02-19,110-543,서울특별시 종로구 창신3동 23번지 76호 브라운스톤창신 (2층),301 304 307 302 305 308 303 306,"한방내과, 한방부인과, 한방소아과, 한방안·이비인후·피부과, 한방신경정신과, 한방재활의학과, 사상체질과, 침구과",한의원,PHMA120083000034041100014,3000000,"서울특별시 종로구 지봉로 81 (창신동,브라운스톤창신 (2층))",,03,폐업,0,,,02-747-7510
라인의원,의원,2013-12-03,200178.724251664,453254.499540614,2026-04-22 22:30:27,I,03,폐업,233,1,0,2013-12-03 15:30:54,,2008-02-25,110-809,서울특별시 종로구 동숭동 1번지 113호,104 101 114 108,"내과, 외과, 성형외과, 피부과",의원,PHMA120083000034041100017,3000000,서울특별시 종로구 대학로10길 12 (동숭동),,03,폐업,0,,,
북촌한의원,한의원,2016-10-12,198625.107835742,453223.949336189,2026-04-22 22:30:27,I,03,폐업,80.03,1,0,2016-10-12 09:58:18,,2008-03-06,110-260,서울특별시 종로구 가회동 177번지 7호 2층,301 304 307 302 305 308 303 306,"한방내과, 한방부인과, 한방소아과, 한방안·이비인후·피부과, 한방신경정신과, 한방재활의학과, 사상체질과, 침구과",한의원,PHMA120083000034041100019,3000000,"서울특별시 종로구 북촌로 50-1, 2층 (가회동)",03056,03,폐업,0,,,02-762-3575
미플러스치과의원,치과의원,2024-04-17,199761.062396833,452253.74185427,2026-04-22 22:30:27,I,03,폐업,129,1,0,2024-04-17 14:21:35,,2008-03-21,110-410,서울특별시 종로구 인의동 28번지 9호,401,치과,치과의원,PHMA120083000034041100020,3000000,"서울특별시 종로구 창경궁로 112-7, 2층 (인의동)",03130,03,폐업,0,,,02-3672-2080
서울하나로의원,의원,2009-07-06,,,2026-04-22 22:30:27,I,03,폐업,165,1,0,2009-07-06 10:01:16,,2008-04-07,110-521,서울특별시 종로구 명륜1가 10-22 3층,101 113 111 105 109 114 115,"내과, 정형외과, 마취통증의학과, 소아청소년과, 이비인후과, 피부과, 비뇨의학과",의원,PHMA120083000034041100023,3000000,,,03,폐업,0,,,02-742-3245
(사)국제환경문화운동본부 스카이의원,의원,2014-03-07,198696.792161159,451962.68240104,2026-04-22 22:30:27,I,03,폐업,243,1,0,2014-03-07 15:35:17,,2008-04-08,110-773,서울특별시 종로구 종로2가 75번지 9호 미려빌딩 5층,114 108,"성형외과, 피부과",의원,PHMA120083000034041100024,3000000,"서울특별시 종로구 종로 78, 5층 (종로2가)",,03,폐업,0,,,02-733-5767
연세하이플란트치과의원,치과의원,2019-12-11,197700.034013631,452022.503467072,2026-04-22 22:30:27,I,03,폐업,164.05,1,0,2021-04-19 13:58:09,,2008-04-10,,서울특별시 종로구 신문로1가 24번지 고려빌딩,401,치과,치과의원,PHMA120083000034041100025,3000000,"서울특별시 종로구 새문안로 91, 고려빌딩 5층 504호 (신문로1가)",03182,03,폐업,0,,,02-734-2882
생생플란트치과의원,치과의원,2024-08-26,199222.722661766,451960.843209981,2026-04-22 22:30:27,I,03,폐업,207,1,0,2024-08-27 09:01:06,,2008-04-17,110-420,서울특별시 종로구 관수동 59번지,401,치과,치과의원,PHMA120083000034041100026,3000000,"서울특별시 종로구 돈화문로 15, 4층 (관수동)",03192,03,폐업,0,,,02-2285-2871
아주치과의원,치과의원,2013-11-21,199926.168965464,452095.076003705,2026-04-22 22:30:27,I,03,폐업,43.44,2,0,2013-11-22 17:56:02,,2008-04-28,110-853,서울특별시 종로구 종로4가 2번지 16호 3층,401,치과,치과의원,PHMA120083000034041100028,3000000,"서울특별시 종로구 종로 199-2 (종로4가,3층)",,03,폐업,0,,,02-762-1278
미래본아너스한의원,한의원,2009-06-02,,,2026-04-22 22:30:27,I,03,폐업,166.76,1,0,2009-06-02 14:45:17,,2008-04-29,110-849,서울특별시 종로구 평창동 153-3,301 304 307 308 305 302 303 306,"한방내과, 한방부인과, 한방소아과, 한방안·이비인후·피부과, 한방신경정신과, 한방재활의학과, 사상체질과, 침구과",한의원,PHMA120083000034041100029,3000000,,,03,폐업,0,,,02-3216-7516
청정한의원,한의원,2012-07-01,197434.985799171,452835.040931184,2026-04-22 22:30:27,I,03,폐업,100.73,1,0,2012-07-03 18:03:05,,2008-05-06,110-045,서울특별시 종로구 체부동 37번지 1호 (2층),301 304 307 302 305 308 303 306,"한방내과, 한방부인과, 한방소아과, 한방안·이비인후·피부과, 한방신경정신과, 한방재활의학과, 사상체질과, 침구과",한의원,PHMA120083000034041100030,3000000,"서울특별시 종로구 자하문로 19-1 (체부동,(2층))",,03,폐업,0,,,02-735-7750
한양치과의원,치과의원,2009-02-25,,,2026-04-22 22:30:28,I,03,폐업,46.48,1,0,2011-06-28 10:27:58,,2008-06-13,110-855,서울특별시 종로구 창신동 465 2층,401,치과,치과의원,PHMA120083000034041100036,3000000,,,03,폐업,0,,,02-764-1018
춘원당박물관한의원,한의원,2009-12-01,199062.284893219,452144.906876458,2026-04-22 22:30:28,I,03,폐업,347.58,2,0,2009-12-03 17:57:20,,2008-06-19,110-320,"서울특별시 종로구 낙원동 153번지 1호 154-1,155,156,157,158",301 304 307 302 305 308 303 306,"한방내과, 한방부인과, 한방소아과, 한방안·이비인후·피부과, 한방신경정신과, 한방재활의학과, 사상체질과, 침구과",한의원,PHMA120083000034041100037,3000000,"서울특별시 종로구 돈화문로9길 27 (낙원동,154-1,155,156,157,158)",,03,폐업,0,,,02-3672-2005
충남한의원,한의원,2009-03-31,,,2026-04-22 22:30:28,I,03,폐업,70.3,1,0,2009-03-31 14:26:57,,2008-07-10,110-125,서울특별시 종로구 종로5가 246-2,105 101 114 115 113,"내과, 정형외과, 이비인후과, 피부과, 비뇨의학과",한의원,PHMA120083000034041100039,3000000,,,03,폐업,0,,,02-2266-5513
연세치과의원,치과의원,2009-11-25,,,2026-04-22 22:30:28,I,03,폐업,106.33,1,0,2009-11-26 09:07:10,,2008-07-11,110-125,서울특별시 종로구 종로5가 44-1,401,치과,치과의원,PHMA120083000034041100040,3000000,,,03,폐업,0,,,02-941-8999
연세필정신과의원,의원,2013-05-31,,,2026-04-22 22:30:28,I,03,폐업,73.06,1,0,2013-05-31 16:22:44,,2008-07-28,110-888,서울특별시 종로구 종로1가 르메이에르종로타운 413-2호,103,정신건강의학과,의원,PHMA120083000034041100041,3000000,,,03,폐업,0,,,02-723-9114
황금의료소비자생활협동조합 황금치과의원,치과의원,2015-08-03,199205.910150003,452090.58185302,2026-04-22 22:30:28,I,03,폐업,104.63,2,0,2015-08-03 15:27:55,,2008-08-18,110-370,서울특별시 종로구 묘동 201번지 5층,401,치과,치과의원,PHMA120083000034041100042,3000000,"서울특별시 종로구 돈화문로 29, 5층 (묘동)",,03,폐업,0,2015-04-01,2015-08-31,02-742-2000
에이원의원,의원,2008-10-13,,,2026-04-22 22:30:28,I,03,폐업,31,1,0,2009-05-29 17:50:32,,2008-08-19,110-091,서울특별시 종로구 행촌동 37-18 303호,301 302 303 304 305 306 307 308,"한방내과, 한방부인과, 한방소아과, 한방안·이비인후·피부과, 한방신경정신과, 한방재활의학과, 사상체질과, 침구과",의원,PHMA120083000034041100043,3000000,,,03,폐업,0,,,02-2267-4103
하루학문외과의원,의원,2022-01-31,197734.954921397,456411.118211104,2026-04-22 22:30:28,I,03,폐업,121.09,3,1,2022-01-12 09:43:27,,2008-11-19,110-846,서울특별시 종로구 평창동 66번지 38호 5층,104 101 108 114 105 106 120 110,"내과, 외과, 정형외과, 신경외과, 성형외과, 산부인과, 피부과, 재활의학과",의원,PHMA120083000034041100045,3000000,"서울특별시 종로구 평창문화로 139, 5층 (평창동)",03004,03,폐업,1,,,02-391-7001
이화미피부과의원,의원,2019-08-02,197538.542807564,452679.892786314,2026-04-22 22:30:28,I,03,폐업,108.1,1,0,2019-08-02 11:16:23,,2008-12-02,110-052,서울특별시 종로구 적선동 100번지 1호 경복빌딩 4층,114,피부과,의원,PHMA120083000034041100046,3000000,"서울특별시 종로구 자하문로2길 4, 4층 (적선동, 경복빌딩)",03044,03,폐업,0,,,02-720-7776
세한웰빙의원,의원,2012-06-04,200655.264983822,451987.379036287,2026-04-22 22:30:28,I,03,폐업,338,2,0,2012-07-26 09:56:47,,2008-09-23,110-784,서울특별시 종로구  289번지 42호 동대문종합시장 A동 7층,105 101 122 115 114 113,"내과, 정형외과, 이비인후과, 피부과, 비뇨의학과, 가정의학과",의원,PHMA120083000034041100049,3000000,"서울특별시 종로구 종로 266 (종로6가,동대문종합시장 A동 7층)",,03,폐업,0,,,22658815
비에이치클리닉의원(beHclinic),의원,2010-04-08,197329.898847331,452432.501606302,2026-04-22 22:30:28,I,03,폐업,128.7,2,0,2010-04-08 10:24:00,,2008-10-15,110-901,서울특별시 종로구 내수동 95번지 파크팰리스  103호,122 114 108 101,"내과, 성형외과, 피부과, 가정의학과",의원,PHMA120083000034041100051,3000000,"서울특별시 종로구 사직로8길 20, 103호 (내수동,파크팰리스)",,03,폐업,0,,,
삼성키즈소아청소년과의원,의원,2017-05-08,201359.53353905,452395.659064842,2026-04-22 22:30:28,I,03,폐업,155,1,0,2017-05-08 13:27:05,,2008-09-09,,서울특별시 종로구 숭인동 76번지 롯데캐슬천지인상가 201호,111 101 122 113,"내과, 소아청소년과, 이비인후과, 가정의학과",의원,PHMA120083000034041100052,3000000,"서울특별시 종로구 종로 347 (숭인동, 롯데캐슬천지인)",03113,03,폐업,0,,,02-741-6688
서령한의원,한의원,2014-10-01,200056.510139475,452135.101134699,2026-04-22 22:30:29,I,03,폐업,102.23,1,0,2014-10-01 14:05:39,,2008-12-29,110-470,서울특별시 종로구 연지동 275번지 1호 2층,301 304 307 302 308 305 303 306,"한방내과, 한방부인과, 한방소아과, 한방안·이비인후·피부과, 한방신경정신과, 한방재활의학과, 사상체질과, 침구과",한의원,PHMA120083000034041100053,3000000,"서울특별시 종로구 대학로1길 10 (연지동,2층)",,03,폐업,0,,,02-763-7901
화접몽한의원,한의원,2016-05-16,199962.860897639,453618.989692186,2026-04-22 22:30:29,I,03,폐업,145.06,1,0,2016-05-16 14:51:15,,2008-10-28,110-522,서울특별시 종로구 명륜2가 8번지 1호 우정타워4층,301 304 307 302 305 308 306 303,"한방내과, 한방부인과, 한방소아과, 한방안·이비인후·피부과, 한방신경정신과, 한방재활의학과, 사상체질과, 침구과",한의원,PHMA120083000034041100054,3000000,"서울특별시 종로구 창경궁로 263, 4층 (명륜2가, 우정타워)",03075,03,폐업,0,,,
활인한의원,한의원,2010-07-26,201295.197344796,452425.608757447,2026-04-22 22:30:29,I,03,폐업,165.46,2,0,2010-07-26 14:56:17,,2008-10-13,110-840,서울특별시 종로구 창신1동 243번지 6층,301 304 307 302 305 308 303 306,"한방내과, 한방부인과, 한방소아과, 한방안·이비인후·피부과, 한방신경정신과, 한방재활의학과, 사상체질과, 침구과",한의원,PHMA120083000034041100055,3000000,"서울특별시 종로구 지봉로 43 (창신동,6층)",,03,폐업,0,,,02-766-7763
홍성한의원,한의원,2011-03-07,200279.118133987,452276.670897913,2026-04-22 22:30:29,I,03,폐업,23.04,1,0,2011-03-07 11:43:50,,2008-10-10,110-850,서울특별시 종로구 효제동 151번지,301 304 307 302 305 308 303 306,"한방내과, 한방부인과, 한방소아과, 한방안·이비인후·피부과, 한방신경정신과, 한방재활의학과, 사상체질과, 침구과",한의원,PHMA120083000034041100056,3000000,서울특별시 종로구 종로35길 36 (효제동),,03,폐업,0,,,02-745-5333
초원한의원,한의원,2009-04-01,200529.955216271,452214.275417762,2026-04-22 22:30:29,I,03,폐업,67,1,0,2011-06-28 16:23:48,,2009-01-05,110-126,서울특별시 종로구 종로6가 157번지,301 304 308 305 303 306,"한방내과, 한방소아과, 한방안·이비인후·피부과, 한방신경정신과, 한방재활의학과, 침구과",한의원,PHMA120093000034041100001,3000000,서울특별시 종로구 종로41길 20 (종로6가),,03,폐업,0,,,
동일한의원,한의원,2009-05-22,201949.65163583,452677.676438417,2026-04-22 22:30:29,I,03,폐업,47.27,1,0,2009-05-22 13:33:47,,2009-02-02,110-550,서울특별시 종로구 숭인동 1148번지,301 304 307 308 305 302 303 306,"한방내과, 한방부인과, 한방소아과, 한방안·이비인후·피부과, 한방신경정신과, 한방재활의학과, 사상체질과, 침구과",한의원,PHMA120093000034041100002,3000000,서울특별시 종로구 보문로3길 2 (숭인동),,03,폐업,0,,,02-924-8586
이화수여성의원,의원,2015-07-16,199547.888288286,454013.33417032,2026-04-22 22:30:29,I,03,폐업,170.3,1,0,2016-07-21 13:25:29,,2009-02-17,110-521,서울특별시 종로구 명륜동1가 10번지 22호 2층,110 114,"산부인과, 피부과",의원,PHMA120093000034041100004,3000000,"서울특별시 종로구 명륜길 22 (명륜1가,2층)",,03,폐업,0,,,
경희지인한의원,한의원,2019-01-02,197445.462726758,452061.321946952,2026-04-22 22:30:29,I,03,폐업,152.91,2,0,2019-01-02 13:50:43,,2009-02-25,110-062,서울특별시 종로구 신문로2가 1번지 143호 3층,301 304 307 308 305 302 303 306,"한방내과, 한방부인과, 한방소아과, 한방안·이비인후·피부과, 한방신경정신과, 한방재활의학과, 사상체질과, 침구과",한의원,PHMA120093000034041100006,3000000,"서울특별시 종로구 경희궁길 7, 3층 (신문로2가)",03176,03,폐업,0,,,
오상한의원,한의원,2010-02-01,200395.617760965,452373.626559232,2026-04-22 22:30:29,I,03,폐업,43.71,1,0,2010-02-01 14:45:54,,2009-03-02,110-845,서울특별시 종로구 충신동 186번지 1호 MOON빌딩 2층,301 304 307 308 305 302 303 306,"한방내과, 한방부인과, 한방소아과, 한방안·이비인후·피부과, 한방신경정신과, 한방재활의학과, 사상체질과, 침구과",한의원,PHMA120093000034041100007,3000000,"서울특별시 종로구 김상옥로 67-1 (충신동,MOON빌딩 2층)",,03,폐업,0,,,
삼익한의원,한의원,2016-11-11,200453.517638765,452059.952798652,2026-04-22 22:30:29,I,03,폐업,60.75,1,0,2016-11-11 15:18:35,,2009-03-30,110-836,서울특별시 종로구 종로5가 268번지,301 304 308 305 303 306 302 307,"한방내과, 한방부인과, 한방소아과, 한방안·이비인후·피부과, 한방신경정신과, 한방재활의학과, 사상체질과, 침구과",한의원,PHMA120093000034041100009,3000000,서울특별시 종로구 종로 254 (종로5가),,03,폐업,0,,,
아침한의원,한의원,2024-12-02,200833.121381281,452040.323909642,2026-04-22 22:30:29,I,03,폐업,124.58,1,0,2024-12-02 15:56:19,,2009-03-31,,,301 302 303 304 305 306 307 308,"한방내과, 한방부인과, 한방소아과, 한방안·이비인후·피부과, 한방신경정신과, 한방재활의학과, 사상체질과, 침구과",한의원,PHMA120093000034041100010,3000000,"서울특별시 종로구 종로46길 22, 2층 (창신동)",03119,03,폐업,0,,,02-567-6775
충남한의원,한의원,2022-08-22,200381.425149709,452032.840004616,2026-04-22 22:30:29,I,03,폐업,58.04,2,0,2022-08-22 16:22:07,,2009-04-06,110-125,서울특별시 종로구 종로5가 246번지 2호,301 304 307 302 305 308 303 306,"한방내과, 한방부인과, 한방소아과, 한방안·이비인후·피부과, 한방신경정신과, 한방재활의학과, 사상체질과, 침구과",한의원,PHMA120093000034041100011,3000000,서울특별시 종로구 종로38길 5 (종로5가),03197,03,폐업,0,,,02-2266-5513
재단법인푸르메 푸르메치과의원,치과의원,2024-02-29,197264.601909277,453532.393698214,2026-04-22 22:30:29,I,03,폐업,128.73,1,0,2026-02-03 09:59:50,,2009-01-02,110-032,서울특별시 종로구  66번지 세종마을 푸르메센터 1층,401,치과,치과의원,PHMA120093000034041100016,3000000,"서울특별시 종로구 자하문로 89, 1층 (신교동)",03032,03,폐업,0,,,02-6395-7020
연우치과의원,치과의원,2013-03-13,198390.620857476,452529.543697949,2026-04-22 22:30:29,I,03,폐업,150.48,1,0,2017-09-15 10:54:33,,2009-06-03,110-170,서울특별시 종로구 견지동 13번지 2층,401,치과,치과의원,PHMA120093000034041100018,3000000,"서울특별시 종로구 우정국로 67 (견지동,2층)",,03,폐업,0,,,
경인치과의원,치과의원,2010-02-11,200968.65898338,452212.519280448,2026-04-22 22:30:29,I,03,폐업,165.95,2,0,2011-06-28 15:01:51,,2009-06-10,110-854,서울특별시 종로구 창신2동 540번지 1호 2층,401,치과,치과의원,PHMA120093000034041100019,3000000,"서울특별시 종로구 종로 305-2 (창신동,2층)",,03,폐업,0,,,
서울성의학클리닉 의원,의원,2012-08-31,198151.921398354,452668.314186977,2026-04-22 22:30:29,I,03,폐업,181,3,0,2012-09-03 10:18:55,,2009-07-03,110-190,서울특별시 종로구 사간동 126번지 3호 3층,103 102,"신경과, 정신건강의학과",의원,PHMA120093000034041100020,3000000,"서울특별시 종로구 율곡로 1 (사간동,3층)",,03,폐업,0,,,02-512-1101
쉬즈웰산부인과의원,의원,2010-07-01,200123.437670579,453357.294678965,2026-04-22 22:30:29,I,03,폐업,133.2,1,0,2011-06-28 13:49:21,,2009-07-23,110-809,서울특별시 종로구 동숭동 1번지 31호 동덕빌딩 4층,110,산부인과,의원,PHMA120093000034041100023,3000000,"서울특별시 종로구 대학로12길 4 (동숭동,동덕빌딩 4층)",,03,폐업,0,,,02-744-4757
상유치과의원,치과의원,2009-12-10,199914.775758708,452094.38368523,2026-04-22 22:30:29,I,03,폐업,64.46,1,0,2011-06-28 15:00:06,,2009-07-29,110-853,서울특별시 종로구 종로4가 5번지 7층,401,치과,치과의원,PHMA120093000034041100025,3000000,"서울특별시 종로구 종로 199 (종로4가,7층)",,03,폐업,0,,,76373889
영플란트치과의원,치과의원,2010-06-03,200259.754525539,452113.150872578,2026-04-22 22:30:29,I,03,폐업,189.63,1,0,2011-06-28 14:58:56,,2009-08-04,110-835,서울특별시 종로구 종로5가 42번지 1호 신화빌딩 3층,401,치과,치과의원,PHMA120093000034041100026,3000000,,,03,폐업,0,,,
리오산부인과의원,의원,2023-01-13,197759.896536549,451961.958166359,2026-04-22 22:30:29,I,03,폐업,93.48,1,0,2023-01-02 15:58:09,,2009-08-24,110-061,서울특별시 종로구 신문로1가 135번지 2호 5층,110,산부인과,의원,PHMA120093000034041100028,3000000,"서울특별시 종로구 새문안로 96, 5층 (신문로1가)",03186,03,폐업,0,,,02-722-1470
더하얀세상의원,의원,2020-06-08,197841.421685319,452035.176830457,2026-04-22 22:30:29,I,03,폐업,104.6,1,0,2020-06-08 14:54:58,,2009-08-24,110-050,서울특별시 종로구 세종로 202번지 1호 세광빌딩 5층,114 108 101,"내과, 성형외과, 피부과",의원,PHMA120093000034041100029,3000000,"서울특별시 종로구 세종대로 159, 5층 (세종로, 세광빌딩)",03183,03,폐업,0,,,02-737-8875
동림당한의원,한의원,2010-04-02,200461.151964938,452153.605157881,2026-04-22 22:30:30,I,03,폐업,56.07,1,0,2010-04-02 13:30:54,,2009-11-06,110-850,서울특별시 종로구 효제동 175번지 1호,301 304 307 302 305 308 303 306,"한방내과, 한방부인과, 한방소아과, 한방안·이비인후·피부과, 한방신경정신과, 한방재활의학과, 사상체질과, 침구과",한의원,PHMA120093000034041100033,3000000,서울특별시 종로구 종로39길 11 (효제동),,03,폐업,0,,,
순흥한의원,한의원,2021-07-18,200426.102897113,452114.581580848,2026-04-22 22:30:27,I,03,폐업,78.4,1,0,2021-07-14 17:36:35,,2003-02-19,110-835,서울특별시 종로구 종로5가 11번지 1호,301 302 303 304 305 306 307 308,"한방내과, 한방부인과, 한방소아과, 한방안·이비인후·피부과, 한방신경정신과, 한방재활의학과, 사상체질과, 침구과",한의원,PHMA120033000034041100005,3000000,서울특별시 종로구 종로 249-1 (종로5가),,03,폐업,0,,,02-762-0400
대동외과의원,의원,2024-09-21,200820.411204476,452168.573383761,2026-04-22 22:30:27,I,03,폐업,125.97,1,0,2024-09-02 10:35:11,,2003-02-24,,서울특별시 종로구 창신동 695번지 1호,104 101 105 115 109,"내과, 외과, 정형외과, 마취통증의학과, 비뇨의학과",의원,PHMA120033000034041100006,3000000,서울특별시 종로구 종로 291 (창신동),03101,03,폐업,0,,,02-763-5553
세종한의원,한의원,2010-04-30,,,2026-04-22 22:30:27,I,03,폐업,67.7,1,0,2010-04-30 13:44:56,,2003-02-24,110-090,서울특별시 종로구 교북동 95번지 3호,301 302 303 304 305 306 307 308,"한방내과, 한방부인과, 한방소아과, 한방안·이비인후·피부과, 한방신경정신과, 한방재활의학과, 사상체질과, 침구과",한의원,PHMA120033000034041100007,3000000,서울특별시 종로구 통일로 182 (교북동),,03,폐업,0,,,02-722-3505
진흥한의원,한의원,2009-12-31,200577.412852775,452120.465151845,2026-04-22 22:30:27,I,03,폐업,87.12,1,0,2009-12-31 13:48:53,,2003-02-25,110-126,"서울특별시 종로구 종로6가 122번지 1호 1층, 6층",301 302 303 304 305 306 307 308,"한방내과, 한방부인과, 한방소아과, 한방안·이비인후·피부과, 한방신경정신과, 한방재활의학과, 사상체질과, 침구과",한의원,PHMA120033000034041100008,3000000,"서울특별시 종로구 종로 265 (종로6가,1층, 6층)",,03,폐업,0,,,02-3672-7173
연세퀸산부인과의원,의원,2010-06-14,198572.839145325,452022.373156033,2026-04-22 22:30:27,I,03,폐업,78.45,1,0,2010-06-14 16:45:58,,2003-04-03,110-122,서울특별시 종로구 종로2가 8번지 4호   301호,110,산부인과,의원,PHMA120033000034041100011,3000000,"서울특별시 종로구 종로 65, 301호 (종로2가)",,03,폐업,0,,,02-734-2324
이운경내과의원,의원,2015-02-27,198559.681845334,452987.617553785,2026-04-22 22:30:27,I,03,폐업,72.32,2,0,2015-02-27 14:33:07,,2003-04-07,110-250,서울특별시 종로구 재동 32번지 5호,101,내과,의원,PHMA120033000034041100012,3000000,서울특별시 종로구 북촌로5길 7 (재동),,03,폐업,0,,,02-741-2706
삼성한의원,한의원,2012-05-22,197013.015233915,455976.172515929,2026-04-22 22:30:27,I,03,폐업,55.8,1,0,2012-05-21 16:01:55,,2003-05-16,110-847,서울특별시 종로구 평창동 182번지 22호,301 302 303 304 305 306 307 308,"한방내과, 한방부인과, 한방소아과, 한방안·이비인후·피부과, 한방신경정신과, 한방재활의학과, 사상체질과, 침구과",한의원,PHMA120033000034041100014,3000000,서울특별시 종로구 평창11길 6 (평창동),,03,폐업,0,,,02-391-2118
동양한의원,한의원,2011-11-23,200242.933224203,452113.551655187,2026-04-22 22:30:27,I,03,폐업,72.3,1,0,2011-11-23 19:57:56,,2003-09-04,110-835,서울특별시 종로구 종로5가 44번지 1호,301 302 303 304 305 306 307 308,"한방내과, 한방부인과, 한방소아과, 한방안·이비인후·피부과, 한방신경정신과, 한방재활의학과, 사상체질과, 침구과",한의원,PHMA120033000034041100018,3000000,서울특별시 종로구 종로 231-1 (종로5가),,03,폐업,0,,,02-741-5949
남일한의원,한의원,2015-08-28,200423.126511003,452173.821059876,2026-04-22 22:30:27,I,03,폐업,50.78,1,0,2015-08-31 08:17:23,,2003-09-23,110-850,서울특별시 종로구 효제동 175번지 12호,301 302 303 304 305 306 307 308,"한방내과, 한방부인과, 한방소아과, 한방안·이비인후·피부과, 한방신경정신과, 한방재활의학과, 사상체질과, 침구과",한의원,PHMA120033000034041100019,3000000,서울특별시 종로구 종로35가길 30 (효제동),,03,폐업,0,,,02-745-2272
마로니에의원,의원,2014-01-02,200240.29796585,453068.977048844,2026-04-22 22:30:27,I,03,폐업,316.84,1,0,2014-01-02 13:31:22,,2003-10-22,110-809,서울특별시 종로구 동숭동 1번지 131호 3층,101 115 114,"내과, 피부과, 비뇨의학과",의원,PHMA120033000034041100020,3000000,"서울특별시 종로구 동숭길 25, 3층 (동숭동)",,03,폐업,0,,,02-741-4882
지성한의원,한의원,2010-05-20,200186.704605888,452359.737765786,2026-04-22 22:30:27,I,03,폐업,78.9,1,0,2010-05-20 16:34:05,,2004-01-09,110-850,서울특별시 종로구 효제동 89번지 1호,301 302 303 304 305 306 307 308,"한방내과, 한방부인과, 한방소아과, 한방안·이비인후·피부과, 한방신경정신과, 한방재활의학과, 사상체질과, 침구과",한의원,PHMA120043000034041100001,3000000,서울특별시 종로구 김상옥로 45-1 (효제동),,03,폐업,0,,,02-742-5612
삼진당한의원,한의원,2010-07-01,200360.745402698,452229.375357013,2026-04-22 22:30:27,I,03,폐업,33.2,1,0,2010-07-01 14:08:47,,2004-02-17,110-850,서울특별시 종로구 효제동 171번지 10호,301 302 303 304 305 306 307 308,"한방내과, 한방부인과, 한방소아과, 한방안·이비인후·피부과, 한방신경정신과, 한방재활의학과, 사상체질과, 침구과",한의원,PHMA120043000034041100004,3000000,서울특별시 종로구 종로39길 39 (효제동),,03,폐업,0,,,02-744-1770
동일한의원,한의원,2008-01-04,,,2026-04-22 22:30:27,I,03,폐업,50.2,1,0,2009-01-15 17:05:59,,2004-02-27,110-829,서울특별시 종로구 숭인동 1148외 6필지,301 302 303 304 305 306 307 308,"한방내과, 한방부인과, 한방소아과, 한방안·이비인후·피부과, 한방신경정신과, 한방재활의학과, 사상체질과, 침구과",한의원,PHMA120043000034041100005,3000000,,,03,폐업,0,,,02-924-8586
예인치과의원,치과의원,2013-04-05,199914.775758708,452094.38368523,2026-04-22 22:30:27,I,03,폐업,32.72,1,0,2013-04-08 09:48:36,,2004-03-03,110-853,서울특별시 종로구 종로4가 5번지 한일빌딩  703호,401,치과,치과의원,PHMA120043000034041100006,3000000,"서울특별시 종로구 종로 199, 703호 (종로4가,한일빌딩)",,03,폐업,0,,,02-763-0036
보생당한의원,한의원,2014-10-22,200255.452642959,452271.17391562,2026-04-22 22:30:27,I,03,폐업,71.5,1,0,2014-10-22 17:55:04,,2004-04-01,110-480,서울특별시 종로구 효제동 267번지 2층,301 302 303 304 305 306 307 308,"한방내과, 한방부인과, 한방소아과, 한방안·이비인후·피부과, 한방신경정신과, 한방재활의학과, 사상체질과, 침구과",한의원,PHMA120043000034041100008,3000000,"서울특별시 종로구 종로35길 33, 2층 (효제동)",,03,폐업,0,,,02-762-8895
신단수한의원,한의원,2009-12-22,198276.020276556,453074.520325783,2026-04-22 22:30:27,I,03,폐업,85.6,1,0,2009-12-22 14:48:08,,2004-05-11,110-200,서울특별시 종로구 소격동 127번지,301 302 303 304 305 306 307 308,"한방내과, 한방부인과, 한방소아과, 한방안·이비인후·피부과, 한방신경정신과, 한방재활의학과, 사상체질과, 침구과",한의원,PHMA120043000034041100011,3000000,서울특별시 종로구 삼청로2길 37-2 (소격동),,03,폐업,0,,,02-736-3654
연세성모의원,의원,2013-04-15,200181.146934518,452053.510196786,2026-04-22 22:30:27,I,03,폐업,139.36,1,0,2013-04-15 13:41:10,,2004-05-31,110-836,"서울특별시 종로구 종로5가 193번지 5호 2층, 4층",122 101 105,"내과, 정형외과, 가정의학과",의원,PHMA120043000034041100013,3000000,"서울특별시 종로구 종로 226, 2,4층 (종로5가)",,03,폐업,0,,,02-2285-6189
본초한의원,한의원,2019-11-28,198283.052993003,452302.428958646,2026-04-22 22:30:27,I,03,폐업,95,1,0,2019-11-28 15:49:03,,2004-06-29,110-140,서울특별시 종로구 수송동 46번지 25호,301 302 303 304 305 306 307 308,"한방내과, 한방부인과, 한방소아과, 한방안·이비인후·피부과, 한방신경정신과, 한방재활의학과, 사상체질과, 침구과",한의원,PHMA120043000034041100018,3000000,서울특별시 종로구 우정국로 45-27 (수송동),,03,폐업,0,,,02-730-0087
시세도한의원,한의원,2022-09-25,198594.308614563,452255.899868234,2026-04-22 22:30:27,I,03,폐업,72.8,1,0,2022-10-04 16:41:44,,2004-08-17,,서울특별시 종로구 관훈동 198번지 1호 5층,301 302 303 304 305 306 307 308,"한방내과, 한방부인과, 한방소아과, 한방안·이비인후·피부과, 한방신경정신과, 한방재활의학과, 사상체질과, 침구과",한의원,PHMA120043000034041100020,3000000,"서울특별시 종로구 인사동5길 26, 5층 (관훈동, 홍익빌딩)",03149,03,폐업,0,,,02-3667-1577
광장치과의원,치과의원,2010-01-19,,,2026-04-22 22:30:27,I,03,폐업,116.4,1,0,2011-09-07 12:33:38,,2004-09-14,110-852,서울특별시 종로구 종로4가 138번지 2호,401,치과,치과의원,PHMA120043000034041100021,3000000,,,03,폐업,0,,,02-2263-1148
장익태치과의원,치과의원,2014-01-08,198204.837322667,452293.432531176,2026-04-22 22:30:27,I,03,폐업,54.08,1,0,2014-01-08 16:30:20,,2004-10-11,110-727,서울특별시 종로구 수송동 80번지 6호 석탄회관빌딩 7층,401,치과,치과의원,PHMA120043000034041100024,3000000,"서울특별시 종로구 종로5길 58 (수송동,석탄회관빌딩 7층)",,03,폐업,0,,,02-732-3811
편안한치과의원,치과의원,2011-01-17,199829.520503852,453455.205213627,2026-04-22 22:30:27,I,03,폐업,122.5,1,0,2011-01-17 16:33:44,,2004-10-16,110-522,서울특별시 종로구 명륜동2가 197번지 1호,401,치과,치과의원,PHMA120043000034041100025,3000000,서울특별시 종로구 창경궁로 241-1 (명륜2가),,03,폐업,0,,,02-762-3491
명지한의원,한의원,2008-10-15,,,2026-04-22 22:30:27,I,03,폐업,66.96,1,0,2009-10-19 11:14:05,,2004-11-17,110-126,서울특별시 종로구 종로6가 157 2층,301 302 303 304 305 306 307 308,"한방내과, 한방부인과, 한방소아과, 한방안·이비인후·피부과, 한방신경정신과, 한방재활의학과, 사상체질과, 침구과",한의원,PHMA120043000034041100027,3000000,,,03,폐업,0,,,02-743-1233
서울가정의원,의원,2018-12-31,200272.067691958,452378.886792712,2026-04-22 22:30:27,I,03,폐업,125.05,1,0,2018-12-31 14:27:39,,2004-12-01,110-850,서울특별시 종로구 효제동 126번지 2호,101 122 104 111 105 120,"내과, 외과, 정형외과, 소아청소년과, 재활의학과, 가정의학과",의원,PHMA120043000034041100030,3000000,"서울특별시 종로구 김상옥로 55, 지상1층 (효제동)",03122,03,폐업,0,,,02-742-9521
케이엠아이광화문이플러스치과의원,치과의원,2016-01-04,197573.030749573,452175.335781858,2026-04-22 22:30:27,I,03,폐업,215,5,0,2016-01-04 09:45:56,,2005-01-03,110-724,서울특별시 종로구 당주동 100번지 세종빌딩 1층,401,치과,치과의원,PHMA120053000034041100001,3000000,"서울특별시 종로구 세종대로23길 54, 1층 (당주동)",03173,03,폐업,0,,,02-722-5750
남일한의원,한의원,2011-02-08,200423.126511003,452173.821059876,2026-04-22 22:30:27,I,03,폐업,61.3,1,0,2011-02-08 15:47:50,,2005-01-07,110-850,서울특별시 종로구 효제동 175번지 12호,301 304 307 302 305 308 303 306,"한방내과, 한방부인과, 한방소아과, 한방안·이비인후·피부과, 한방신경정신과, 한방재활의학과, 사상체질과, 침구과",한의원,PHMA120053000034041100003,3000000,서울특별시 종로구 종로35가길 30 (효제동),,03,폐업,0,,,02-745-2272
덕인한의원,한의원,2013-07-22,200985.850715996,452160.145481089,2026-04-22 22:30:27,I,03,폐업,48.7,1,0,2013-07-22 15:31:23,,2005-01-06,110-842,서울특별시 종로구 창신1동 510번지 2호,301 302 303 304 305 306 307 308,"한방내과, 한방부인과, 한방소아과, 한방안·이비인후·피부과, 한방신경정신과, 한방재활의학과, 사상체질과, 침구과",한의원,PHMA120053000034041100004,3000000,서울특별시 종로구 종로 308 (창신동),,03,폐업,0,,,02-764-4333
나라치과의원,치과의원,2012-11-02,197025.84989175,455981.012780814,2026-04-22 22:30:27,I,03,폐업,100.91,1,0,2012-11-02 15:02:39,,2005-01-19,110-847,서울특별시 종로구 평창동 182번지 11호 나라빌딩 3층,401,치과,치과의원,PHMA120053000034041100006,3000000,"서울특별시 종로구 평창12길 3 (평창동,나라빌딩 3층)",,03,폐업,0,,,02-379-2804
밝은눈한의원,한의원,2015-07-13,197680.780080175,452016.543891352,2026-04-22 22:30:27,I,03,폐업,53.6,1,0,2015-07-23 09:51:47,,2005-03-10,110-061,서울특별시 종로구 신문로1가 25번지 4층,301 307 304 302 305 308 303 306,"한방내과, 한방부인과, 한방소아과, 한방안·이비인후·피부과, 한방신경정신과, 한방재활의학과, 사상체질과, 침구과",한의원,PHMA120053000034041100012,3000000,서울특별시 종로구 새문안로 89 (신문로1가),,03,폐업,0,,,02-736-3155
서울정신건강의학과의원,의원,2018-12-27,199972.881431778,453308.674806807,2026-04-22 22:30:27,I,03,폐업,175.32,1,0,2018-12-27 14:26:16,,2005-03-15,110-524,서울특별시 종로구 명륜4가 113번지 1호 스타시티빌딩 6층,120 103 102,"신경과, 정신건강의학과, 재활의학과",의원,PHMA120053000034041100014,3000000,"서울특별시 종로구 대학로11길 23, 6층 601-1호 (명륜4가, 스타시티빌딩)",03079,03,폐업,0,,,02-764-2700
혜화나라치과의원,치과의원,2010-12-21,200017.173956381,453554.674642303,2026-04-22 22:30:27,I,03,폐업,48,1,0,2010-12-21 18:15:46,,2005-03-31,110-522,서울특별시 종로구 명륜동2가 20번지 1호 새마을금고 2층,401,치과,치과의원,PHMA120053000034041100015,3000000,"서울특별시 종로구 창경궁로34길 18-4 (명륜2가,새마을금고 2층)",,03,폐업,0,,,02-741-2850
원화당한의원,한의원,2025-01-02,199824.438542568,452032.702161687,2026-04-22 22:30:27,I,03,폐업,83.6,2,0,2025-01-07 11:25:25,,2005-06-09,110-852,서울특별시 종로구 종로4가 141번지 1호,301 304 307 302 305 308 303 306,"한방내과, 한방부인과, 한방소아과, 한방안·이비인후·피부과, 한방신경정신과, 한방재활의학과, 사상체질과, 침구과",한의원,PHMA120053000034041100020,3000000,서울특별시 종로구 종로 190 (종로4가),03195,03,폐업,0,,,02-2267-3223
종로가정의학과의원,의원,2021-02-10,199552.254965973,452004.946950684,2026-04-22 22:30:27,I,03,폐업,117.8,1,0,2021-02-10 15:04:24,,2005-07-07,110-853,서울특별시 종로구 종로4가 59번지 2호,101 105 109 113 115 114 122,"내과, 정형외과, 마취통증의학과, 이비인후과, 피부과, 비뇨의학과, 가정의학과",의원,PHMA120053000034041100022,3000000,서울특별시 종로구 종로 162-1 (종로4가),03194,03,폐업,0,,,02-2268-0035
금문치과의원,치과의원,2015-07-24,198500.44755914,452243.433654936,2026-04-22 22:30:27,I,03,폐업,64.99,1,0,2015-07-24 10:26:27,,2005-07-11,110-300,서울특별시 종로구 관훈동 198번지 8호 종로빌딩 3층,401,치과,치과의원,PHMA120053000034041100023,3000000,"서울특별시 종로구 인사동5길 42, 3층 (관훈동, 종로빌딩)",,03,폐업,0,,,02-739-1015
동림당한의원,한의원,2009-10-30,,,2026-04-22 22:30:27,I,03,폐업,44.25,1,0,2010-04-27 14:02:46,,2005-08-05,110-850,서울특별시 종로구 효제동 175-1,201 202 203 204 205 206 207 208 209 210,"구강악안면외과, 치과보철과, 치과교정과, 소아치과, 치주과, 치과보존과, 구강내과, 구강악안면방사선과, 구강병리과, 예방치과",한의원,PHMA120053000034041100027,3000000,,,03,폐업,0,,,02-764-6001
아름다운우리의원,의원,2008-11-19,,,2026-04-22 22:30:27,I,03,폐업,82.2,2,0,2008-11-19 16:15:18,,2005-09-02,110-849,서울특별시 종로구 평창동66-38 서호빌딩5층,201 202 203 204 205 206 207 208 209 210,"구강악안면외과, 치과보철과, 치과교정과, 소아치과, 치주과, 치과보존과, 구강내과, 구강악안면방사선과, 구강병리과, 예방치과",의원,PHMA120053000034041100028,3000000,,,03,폐업,0,,,02-2267-4059
조원한의원,한의원,2012-01-09,200354.514519487,452053.789292528,2026-04-22 22:30:27,I,03,폐업,157.16,1,0,2012-01-19 15:53:51,,2005-12-02,110-836,서울특별시 종로구 종로5가 231번지 2호 2층,301 302 303 304 305 306 307 308,"한방내과, 한방부인과, 한방소아과, 한방안·이비인후·피부과, 한방신경정신과, 한방재활의학과, 사상체질과, 침구과",한의원,PHMA120053000034041100029,3000000,"서울특별시 종로구 종로 244 (종로5가,2층)",,03,폐업,0,,,02-2264-8822
다인치과의원,치과의원,2010-06-29,201326.599610056,452717.098050476,2026-04-22 22:30:27,I,03,폐업,101.87,1,0,2010-06-29 11:32:30,,2005-12-09,110-823,서울특별시 종로구 숭인1동 56번지 42호 중앙빌딩 2층,401,치과,치과의원,PHMA120053000034041100030,3000000,"서울특별시 종로구 지봉로8길 54 (숭인동,중앙빌딩 2층)",,03,폐업,0,,,02-3674-2875
평화한의원,한의원,2010-04-22,196092.743907822,456198.595931715,2026-04-22 22:30:27,I,03,폐업,58.48,1,0,2010-04-22 16:51:30,,2005-11-22,110-803,서울특별시 종로구 구기동 110번지 1호 요진빌딩 202,301 304 307 302 305 308 303 306,"한방내과, 한방부인과, 한방소아과, 한방안·이비인후·피부과, 한방신경정신과, 한방재활의학과, 사상체질과, 침구과",한의원,PHMA120053000034041100032,3000000,"서울특별시 종로구 진흥로 432 (구기동,요진빌딩 202)",,03,폐업,0,,,
수정한의원,한의원,2008-02-04,199857.629343471,452086.049597792,2026-04-22 22:30:27,I,03,폐업,78,1,0,2009-11-19 10:25:01,,2005-07-14,110-853,서울특별시 종로구 종로4가 9번지 6호,301 307 304 302 305 308 303 306,"한방내과, 한방부인과, 한방소아과, 한방안·이비인후·피부과, 한방신경정신과, 한방재활의학과, 사상체질과, 침구과",한의원,PHMA120053000034041100033,3000000,서울특별시 종로구 종로 193-1 (종로4가),,03,폐업,0,,,
태광한의원,한의원,2010-10-04,200255.264789032,452155.300838469,2026-04-22 22:30:27,I,03,폐업,60.2,1,0,2010-10-04 15:38:09,,2006-01-02,110-850,서울특별시 종로구 효제동 233번지 1호,301 304 307 302 305 308 303 306,"한방내과, 한방부인과, 한방소아과, 한방안·이비인후·피부과, 한방신경정신과, 한방재활의학과, 사상체질과, 침구과",한의원,PHMA120063000034041100003,3000000,서울특별시 종로구 대학로2길 29 (효제동),,03,폐업,0,,,02-743-0255
동대문경로치과의원,치과의원,2014-04-15,201047.506702961,452179.50932328,2026-04-22 22:30:27,I,03,폐업,90.75,1,0,2014-04-15 13:57:58,,2006-01-11,110-842,서울특별시 종로구 창신1동 525번지,401,치과,치과의원,PHMA120063000034041100004,3000000,서울특별시 종로구 종로 314 (창신동),,03,폐업,0,,,02-3676-2828
나눔의료소비자생활협동조합 한마음의원,의원,2017-05-19,200222.040360666,452054.493221716,2026-04-22 22:30:27,I,03,폐업,72.4,1,0,2017-05-22 14:49:46,,2006-02-28,110-836,서울특별시 종로구 종로5가 193번지 20호,101 104 114 115 120,"내과, 외과, 피부과, 비뇨의학과, 재활의학과",의원,PHMA120063000034041100006,3000000,"서울특별시 종로구 종로 230-1, 2층 (종로5가)",03196,03,폐업,0,,,22660082
연세맑은피부과의원,의원,2016-02-29,201359.53353905,452395.659064842,2026-04-22 22:30:27,I,03,폐업,86.8,1,0,2016-02-29 17:59:07,,2006-03-03,110-876,서울특별시 종로구 숭인동 76번지 롯데캐슬천지인상가 203호,114,피부과,의원,PHMA120063000034041100007,3000000,"서울특별시 종로구 종로 347, 203호 (숭인동, 롯데캐슬상가)",03113,03,폐업,0,,,02-743-8275
동대문성모의원,의원,2017-04-24,201032.212249687,452228.015852926,2026-04-22 22:30:27,I,03,폐업,102.6,1,0,2017-04-24 11:00:28,,2006-03-13,110-840,서울특별시 종로구 창신동 151번지 2호 2층,101 104 111 113 105 106 122,"내과, 외과, 정형외과, 신경외과, 소아청소년과, 이비인후과, 가정의학과",의원,PHMA120063000034041100009,3000000,"서울특별시 종로구 종로 313, 2층 (창신동)",03105,03,폐업,0,,,02-743-7114
이해박는집치과의원,치과의원,2022-04-29,198601.352426617,453524.253151432,2026-04-22 22:30:27,I,03,폐업,88.34,1,0,2022-05-03 10:07:59,,2006-03-16,110-260,서울특별시 종로구 가회동 1번지 17호,401,치과,치과의원,PHMA120063000034041100011,3000000,서울특별시 종로구 북촌로 81 (가회동),03052,03,폐업,0,,,02-765-7528
동대문한의원,한의원,2008-09-17,,,2026-04-22 22:30:27,I,03,폐업,56.1,1,0,2009-10-19 11:25:49,,2006-04-03,110-126,서울특별시 종로구 종로6가 115-1,301 302 303 304 305 306 307 308,"한방내과, 한방부인과, 한방소아과, 한방안·이비인후·피부과, 한방신경정신과, 한방재활의학과, 사상체질과, 침구과",한의원,PHMA120063000034041100013,3000000,,,03,폐업,0,,,02-763-7841
연도한의원,한의원,2009-06-30,,,2026-04-22 22:30:27,I,03,폐업,39.31,1,0,2009-06-30 14:43:57,,2006-04-10,110-125,서울특별시 종로구 종로5가 231-5 3층,301 302 303 304 305 306 307 308,"한방내과, 한방부인과, 한방소아과, 한방안·이비인후·피부과, 한방신경정신과, 한방재활의학과, 사상체질과, 침구과",한의원,PHMA120063000034041100014,3000000,,,03,폐업,0,,,02-2277-0282
연세우노비뇨기과,의원,2009-02-23,,,2026-04-22 22:30:27,I,03,폐업,159.75,1,0,2009-02-23 13:56:42,,2006-04-12,110-122,서울특별시 종로구 종로2가 75-9  미려빌딩3층,201 202 203 204 205 206 207 208 209 210,"구강악안면외과, 치과보철과, 치과교정과, 소아치과, 치주과, 치과보존과, 구강내과, 구강악안면방사선과, 구강병리과, 예방치과",의원,PHMA120063000034041100015,3000000,,,03,폐업,0,,,02-2267-4065
유앤아이의원,의원,2013-03-01,,,2026-04-22 22:30:27,I,03,폐업,154.67,1,0,2013-02-28 13:08:33,,2006-04-12,110-773,서울특별시 종로구 종로2가 미려빌딩 3층,101 114 115,"내과, 피부과, 비뇨의학과",의원,PHMA120063000034041100016,3000000,,,03,폐업,0,,,02-738-7582
송도의원,의원,2011-08-01,200087.155750956,452120.512420696,2026-04-22 22:30:27,I,03,폐업,84.44,1,0,2011-08-01 15:44:53,,2006-04-18,110-835,서울특별시 종로구 종로5가 85번지 3호 경일빌딩 201호,101 122,"내과, 가정의학과",의원,PHMA120063000034041100019,3000000,"서울특별시 종로구 대학로 1, 201호 (종로5가,경일빌딩)",,03,폐업,0,,,02-747-4230
에스(S)벨라의원,의원,2019-03-16,201902.807079609,452577.361167222,2026-04-22 22:30:27,I,03,폐업,94,1,0,2019-03-18 09:11:07,,2006-04-25,,서울특별시 종로구 숭인동 1266번지 4층,101 122 110 114 111 109,"내과, 마취통증의학과, 산부인과, 소아청소년과, 피부과, 가정의학과",의원,PHMA120063000034041100020,3000000,"서울특별시 종로구 종로 407, 4층 (숭인동)",03111,03,폐업,0,,,02-734-1238
박민규이비인후과의원,의원,2022-06-21,201276.672713985,452735.604634862,2026-04-22 22:30:27,I,03,폐업,118.65,1,1,2022-06-16 14:46:29,,2006-05-01,110-837,서울특별시 종로구 창신동 23번지 74호 2층,113,이비인후과,의원,PHMA120063000034041100022,3000000,"서울특별시 종로구 지봉로 77-3, 2층 (창신동)",03095,03,폐업,1,,,
연세류치과의원,치과의원,2012-09-28,201308.567958157,452920.954055567,2026-04-22 22:30:27,I,03,폐업,68.75,1,0,2012-09-28 10:48:06,,2006-05-10,110-823,서울특별시 종로구 숭인1동 53번지 7호 3층,401,치과,치과의원,PHMA120063000034041100023,3000000,"서울특별시 종로구 지봉로 96-2 (숭인동,3층)",,03,폐업,0,,,02-766-2755
하늘체한의원,한의원,2010-04-01,200062.008605714,453378.01170769,2026-04-22 22:30:27,I,03,폐업,115.44,1,0,2010-04-01 14:16:52,,2008-06-13,110-524,서울특별시 종로구 명륜동4가 29번지 1호 3층,301 304 307 302 305 308 303 306,"한방내과, 한방부인과, 한방소아과, 한방안·이비인후·피부과, 한방신경정신과, 한방재활의학과, 사상체질과, 침구과",한의원,PHMA120063000034041100027,3000000,"서울특별시 종로구 대학로 129 (명륜4가,3층)",,03,폐업,0,,,02-743-7640
연세미치과의원,치과의원,2015-10-12,201248.599458169,453084.92614583,2026-04-22 22:30:27,I,03,폐업,119,1,0,2015-10-12 14:58:45,,2006-08-18,110-543,서울특별시 종로구 창신동 3번지 3호 2층,401,치과,치과의원,PHMA120063000034041100029,3000000,"서울특별시 종로구 동망산길 7, 2층 (창신동)",03094,03,폐업,0,,,02-3676-2875
수지정형외과의원,의원,2013-08-16,,,2026-04-22 22:30:27,I,03,폐업,346,3,9,2013-08-16 18:28:42,,2006-08-28,110-100,서울특별시 종로구 교남동 67번지,108 105 101,"내과, 정형외과, 성형외과",의원,PHMA120063000034041100031,3000000,서울특별시 종로구 통일로 170-1 (교남동),,03,폐업,9,,,02-734-5114
일맥한의원,한의원,2012-04-16,198696.792161159,451962.68240104,2026-04-22 22:30:27,I,03,폐업,119.51,1,0,2012-04-16 13:34:51,,2006-11-10,110-773,서울특별시 종로구 종로2가 75번지 9호 미려빌딩 502호,301 304 307 302 305 308 303 306,"한방내과, 한방부인과, 한방소아과, 한방안·이비인후·피부과, 한방신경정신과, 한방재활의학과, 사상체질과, 침구과",한의원,PHMA120063000034041100032,3000000,"서울특별시 종로구 종로 78, 5층 (종로2가)",,03,폐업,0,,,02-722-1855
연세필정신과의원,의원,2008-08-01,,,2026-04-22 22:30:27,I,03,폐업,108.28,1,0,2009-11-24 13:19:26,,2006-04-25,110-130,서울특별시 종로구 청진동 244 한백빌딩 3층층,103,정신건강의학과,의원,PHMA120063000034041100035,3000000,,,03,폐업,0,,,
유디현대치과의원,치과의원,2021-03-25,198817.289034611,452901.786745273,2026-04-22 22:30:27,I,03,폐업,199.93,1,0,2022-06-28 10:13:49,,2007-01-09,110-793,서울특별시 종로구  140번지 2호 현대빌딩 지하1층,401,치과,치과의원,PHMA120073000034041100004,3000000,"서울특별시 종로구 율곡로 75, 지하1층 (계동, 현대빌딩 본관)",03058,03,폐업,0,,,02-3669-1004
반석샘물치과의원,치과의원,2016-01-21,200259.754525539,452113.150872578,2026-04-22 22:30:27,I,03,폐업,189.63,1,0,2016-01-21 18:04:56,,2007-01-15,110-835,서울특별시 종로구 종로5가 42번지 1호 3층,401,치과,치과의원,PHMA120073000034041100006,3000000,"서울특별시 종로구 종로 233-1, 3층 (종로5가, 신화빌딩)",03126,03,폐업,0,,,02-742-2828
유디치과의원,치과의원,2012-07-23,200498.698841035,452163.671229185,2026-04-22 22:30:27,I,03,폐업,59.88,3,0,2012-07-23 13:25:50,,2007-01-16,110-126,서울특별시 종로구 종로6가 244번지 9호 3층,401,치과,치과의원,PHMA120073000034041100007,3000000,"서울특별시 종로구 종로41길 9, 3층 (종로6가)",,03,폐업,0,,,02-747-2750
유성치과의원,치과의원,2020-11-18,201355.850749764,452167.368596929,2026-04-22 22:30:27,I,03,폐업,54.63,1,0,2020-12-07 18:04:52,,2007-01-31,110-551,서울특별시 종로구 숭인동 317번지 43호 2층,401,치과,치과의원,PHMA120073000034041100008,3000000,"서울특별시 종로구 종로56길 44, 2층 (숭인동)",03114,03,폐업,0,,,02-2238-0876
비앤비의원,의원,2009-12-25,201295.197344796,452425.608757447,2026-04-22 22:30:27,I,03,폐업,198,1,0,2009-12-24 16:51:39,,2007-03-14,110-840,서울특별시 종로구 창신1동 243번지 3층,101 122 114,"내과, 피부과, 가정의학과",의원,PHMA120073000034041100010,3000000,"서울특별시 종로구 지봉로 43 (창신동,3층)",,03,폐업,0,,,02-762-7588
김종훈치과의원,치과의원,2015-03-09,199812.609633255,452132.648343993,2026-04-22 22:30:27,I,03,폐업,82,1,0,2015-03-09 18:16:33,,2007-03-27,110-890,서울특별시 종로구 인의동 48번지 2호 효성주얼리시티 1003호,401,치과,치과의원,PHMA120073000034041100011,3000000,"서울특별시 종로구 종로 183, 1003호 (인의동, 효성주얼리시티)",,03,폐업,0,,,02-2275-0130
강남한의원,한의원,2014-03-25,200452.553783171,452048.601289635,2026-04-22 22:30:27,I,03,폐업,59,1,0,2014-03-25 15:32:02,,2007-03-27,110-836,서울특별시 종로구 종로5가 267번지,301 304 307 302 305 308 303 306,"한방내과, 한방부인과, 한방소아과, 한방안·이비인후·피부과, 한방신경정신과, 한방재활의학과, 사상체질과, 침구과",한의원,PHMA120073000034041100012,3000000,서울특별시 종로구 종로 252-3 (종로5가),,03,폐업,0,,,02-2263-5700
굿모닝의원,의원,2010-09-07,,,2026-04-22 22:30:27,I,03,폐업,109,2,0,2010-09-28 13:26:52,,2007-03-30,110-773,서울특별시 종로구 종로2가 미려빌딩 4층,101 104 113 111 114 115 109 105 102 103 112 116 120 108 110 122,"내과, 신경과, 정신건강의학과, 외과, 정형외과, 성형외과, 마취통증의학과, 산부인과, 소아청소년과, 안과, 이비인후과, 피부과, 비뇨의학과, 영상의학과, 재활의학과, 가정의학과",의원,PHMA120073000034041100013,3000000,,,03,폐업,0,,,02-722-2158
더가인치과의원,치과의원,2024-11-01,201350.473375538,452279.7442603,2026-04-22 22:30:27,I,03,폐업,69.6,1,0,2024-11-04 09:25:23,,2007-07-05,,,412 411 409 408 407 406 405 403 402,"구강악안면외과, 치과보철과, 소아치과, 치주과, 치과보존과, 구강내과, 영상치의학과, 예방치과, 통합치의학과",치과의원,PHMA120073000034041100021,3000000,"서울특별시 종로구 종로 344, 306호 (숭인동, 대우디오빌)",03114,03,폐업,0,,,02-2233-2828
시카고퍼스트치과의원,치과의원,2014-03-19,198814.236220606,451963.438902233,2026-04-22 22:30:32,I,03,폐업,104.8,2,0,2014-03-19 14:46:17,,2012-04-19,110-789,서울특별시 종로구 종로2가 71번지 2호 종로빌딩 401호,401,치과,치과의원,PHMA120123000034041100015,3000000,"서울특별시 종로구 삼일대로 395, 401호 (종로2가, 종로빌딩)",,03,폐업,0,,,
종오가의원,의원,2012-06-04,200127.51876762,452047.758449913,2026-04-22 22:30:32,I,03,폐업,107.47,1,0,2012-06-04 16:52:10,,2012-05-07,110-836,서울특별시 종로구 종로5가 182번지 4호 흥일빌딩 2층,101 113 114 115 102 122 111,"내과, 신경과, 소아청소년과, 이비인후과, 피부과, 비뇨의학과, 가정의학과",의원,PHMA120123000034041100017,3000000,"서울특별시 종로구 동호로 408, 2층 (종로5가)",,03,폐업,0,,,22660390
연세유외과의원,의원,2017-03-07,198692.627926952,451865.694333484,2026-04-22 22:30:32,I,03,폐업,98.6,1,0,2017-12-26 16:46:49,,2012-06-22,110-111,서울특별시 종로구 관철동 12번지 15호 4층,104 108 122,"외과, 성형외과, 가정의학과",의원,PHMA120123000034041100020,3000000,"서울특별시 종로구 종로12길 21, 4층 (관철동, 평구빌딩)",03190,03,폐업,0,,,02-733-3200
종로와이(Y)산부인과의원,의원,2024-12-23,198599.354528711,451963.264066125,2026-04-22 22:30:32,I,03,폐업,146.41,1,0,2024-12-27 09:54:48,,2012-06-22,,서울특별시 종로구 종로2가 84번지 8호 대한기독교서회,110 122,"산부인과, 가정의학과",의원,PHMA120123000034041100021,3000000,"서울특별시 종로구 종로 68, 대한기독교서회 4층 (종로2가)",03189,03,폐업,0,,,02-733-5100
재단법인푸르메 푸르메한의원,한의원,2015-01-05,197264.601909277,453532.393698214,2026-04-22 22:30:32,I,03,폐업,52.26,2,0,2015-01-05 17:25:56,,2012-07-10,110-032,서울특별시 종로구 신교동 66번지 2층,301 304 307 302 305 308 303 306,"한방내과, 한방부인과, 한방소아과, 한방안·이비인후·피부과, 한방신경정신과, 한방재활의학과, 사상체질과, 침구과",한의원,PHMA120123000034041100023,3000000,"서울특별시 종로구 자하문로 89, 2층 (신교동)",,03,폐업,0,,,69357030
재단법인푸르메 푸르메의원,의원,2023-01-01,197264.601909277,453532.393698214,2026-04-22 22:30:32,I,03,폐업,236.94,2,0,2023-01-10 16:27:26,,2012-07-10,110-032,서울특별시 종로구 신교동 66번지 2층,120 111 122 103 101 105 102 106,"내과, 신경과, 정신건강의학과, 정형외과, 신경외과, 소아청소년과, 재활의학과, 가정의학과",의원,PHMA120123000034041100024,3000000,"서울특별시 종로구 자하문로 89, 2층 (신교동)",03032,03,폐업,0,,,02-6395-7000
동대문의원,의원,2013-03-18,200501.050847239,452113.872030129,2026-04-22 22:30:32,I,03,폐업,122.66,1,0,2013-03-18 15:12:14,,2012-07-30,110-126,서울특별시 종로구 종로6가 252번지 1호 2~3층,101 105 108 114 115 122,"내과, 정형외과, 성형외과, 피부과, 비뇨의학과, 가정의학과",의원,PHMA120123000034041100027,3000000,"서울특별시 종로구 종로39길 2, 2~3층 (종로6가)",,03,폐업,0,,,02-3675-1701
청정한의원,한의원,2013-04-09,200004.114873113,452040.028720002,2026-04-22 22:30:32,I,03,폐업,75.37,1,0,2013-04-09 18:16:37,,2012-08-02,110-836,서울특별시 종로구 종로5가 138번지 7호 일흥빌딩 201호,301 304 307 302 305 308 303 306,"한방내과, 한방부인과, 한방소아과, 한방안·이비인후·피부과, 한방신경정신과, 한방재활의학과, 사상체질과, 침구과",한의원,PHMA120123000034041100029,3000000,"서울특별시 종로구 종로 208, 201호 (종로5가, 일흥빌딩)",,03,폐업,0,,,02-735-7750
50년한의원,한의원,2012-09-20,199169.991073605,452468.344720737,2026-04-22 22:30:32,I,03,폐업,22.36,1,0,2012-09-20 14:51:29,,2012-08-14,110-360,서울특별시 종로구 와룡동 59번지,301 304 307 302 305 308 303 306,"한방내과, 한방부인과, 한방소아과, 한방안·이비인후·피부과, 한방신경정신과, 한방재활의학과, 사상체질과, 침구과",한의원,PHMA120123000034041100031,3000000,서울특별시 종로구 율곡로8길 63 (와룡동),,03,폐업,0,,,
신도영내과의원,의원,2013-08-27,199547.888288286,454013.33417032,2026-04-22 22:30:32,I,03,폐업,143.63,1,0,2013-08-27 14:32:44,,2012-08-13,110-521,서울특별시 종로구 명륜1가 10번지 22호 3층,101 111 113 105 115 102,"내과, 신경과, 정형외과, 소아청소년과, 이비인후과, 비뇨의학과",의원,PHMA120123000034041100032,3000000,"서울특별시 종로구 명륜길 22, 3층 (명륜1가)",,03,폐업,0,,,
비타피부과의원,의원,2021-06-25,197212.364862058,456055.205802855,2026-04-22 22:30:32,I,03,폐업,101.26,2,0,2021-06-24 20:49:26,,2012-10-26,110-847,서울특별시 종로구  158번지 1호 A동 4층 412호,114 122 120,"피부과, 재활의학과, 가정의학과",의원,PHMA120123000034041100038,3000000,"서울특별시 종로구 평창문화로 75, A동 4층 412호 (평창동)",03009,03,폐업,0,,,02-518-2580
양정원한의원,한의원,2022-11-15,198142.448917808,457040.348649769,2026-04-22 22:30:32,I,03,폐업,57.1,1,0,2022-11-18 14:24:53,,2012-11-21,110-848,서울특별시 종로구 평창동 411번지 10호 2층,301 304 307 302 305 308 303 306,"한방내과, 한방부인과, 한방소아과, 한방안·이비인후·피부과, 한방신경정신과, 한방재활의학과, 사상체질과, 침구과",한의원,PHMA120123000034041100039,3000000,"서울특별시 종로구 평창7길 90, 2층 (평창동)",03003,03,폐업,0,,,
키움정형외과의원,의원,2018-06-30,201238.696068454,452317.86559669,2026-04-22 22:30:33,I,03,폐업,702.84,1,8,2018-07-17 16:31:44,,2013-02-19,,서울특별시 종로구 창신동 292번지 2층,105 104 106 109 122 101 113 114,"내과, 외과, 정형외과, 신경외과, 마취통증의학과, 이비인후과, 피부과, 가정의학과",의원,PHMA120133000034041100005,3000000,"서울특별시 종로구 종로 335, 2,3층 (창신동, 원풍빌딩)",03104,03,폐업,15,,,
홍성한의원,한의원,2013-09-04,200279.118133987,452276.670897913,2026-04-22 22:30:33,I,03,폐업,47.43,1,0,2013-09-04 18:04:35,,2013-03-11,110-850,서울특별시 종로구 효제동 151번지 1층,301 304 307 308 305 302 303 306,"한방내과, 한방부인과, 한방소아과, 한방안·이비인후·피부과, 한방신경정신과, 한방재활의학과, 사상체질과, 침구과",한의원,PHMA120133000034041100006,3000000,"서울특별시 종로구 종로35길 36, 1층 (효제동)",,03,폐업,0,,,02-745-5332
도성한의원,한의원,2013-06-21,200438.774252385,452156.003940427,2026-04-22 22:30:33,I,03,폐업,48.69,1,0,2013-06-21 14:39:27,,2013-03-20,110-850,서울특별시 종로구 효제동 175번지 7호 1층,301 302 303 304 305 306 308 307,"한방내과, 한방부인과, 한방소아과, 한방안·이비인후·피부과, 한방신경정신과, 한방재활의학과, 사상체질과, 침구과",한의원,PHMA120133000034041100007,3000000,"서울특별시 종로구 대학로2길 65-4, 1층 (효제동)",,03,폐업,0,,,02-762-6454
도다의원,의원,2015-05-28,199083.437534141,452755.457393985,2026-04-22 22:30:33,I,03,폐업,45.33,1,0,2015-05-28 16:28:30,,2013-04-05,110-360,서울특별시 종로구 와룡동 122번지,101 114 122,"내과, 피부과, 가정의학과",의원,PHMA120133000034041100010,3000000,"서울특별시 종로구 돈화문로 98, 2층 (와룡동)",,03,폐업,0,,,02-515-7647
서울한의원,한의원,2013-09-04,198658.943470079,452604.254902527,2026-04-22 22:30:33,I,03,폐업,60,2,0,2013-09-04 17:52:14,,2013-04-10,110-776,"서울특별시 종로구  89번지 4호 운현궁SK허브빌딩 101동 116,117호",301 304 307 302 305 308 303 306 309,"한방내과, 한방부인과, 한방소아과, 한방안·이비인후·피부과, 한방신경정신과, 한방재활의학과, 사상체질과, 침구과, 한방응급과",한의원,PHMA120133000034041100011,3000000,서울특별시 종로구 삼일대로 461 (경운동),,03,폐업,0,,,02-741-8603
광장경희한의원,한의원,2016-03-31,200004.114873113,452040.028720002,2026-04-22 22:30:33,I,03,폐업,72.81,2,0,2016-03-31 14:22:23,,2013-04-10,110-836,서울특별시 종로구 종로5가 138번지 7호,301 304 307 302 305 308 309 306 303,"한방내과, 한방부인과, 한방소아과, 한방안·이비인후·피부과, 한방신경정신과, 한방재활의학과, 사상체질과, 침구과, 한방응급과",한의원,PHMA120133000034041100012,3000000,"서울특별시 종로구 종로 208, 201호 (종로5가)",03195,03,폐업,0,,,02-2269-8275
예인치과의원,치과의원,2013-11-15,199914.775758708,452094.38368523,2026-04-22 22:30:33,I,03,폐업,55.2,2,0,2013-11-15 11:46:41,,2013-04-10,110-853,서울특별시 종로구 종로4가 5번지 7층,401,치과,치과의원,PHMA120133000034041100013,3000000,"서울특별시 종로구 종로 199, 7층 (종로4가)",,03,폐업,0,,,02-763-0036
우리성모의원,의원,2021-05-01,200181.146934518,452053.510196786,2026-04-22 22:30:33,I,03,폐업,96.43,1,0,2021-04-30 18:03:02,,2013-04-15,,,101 104 105 107 114 115 122,"내과, 외과, 정형외과, 심장혈관흉부외과, 피부과, 비뇨의학과, 가정의학과",의원,PHMA120133000034041100014,3000000,"서울특별시 종로구 종로 226, 2층 (종로5가, 송목빌딩)",03196,03,폐업,0,,,02-2268-8117
종로하이치과의원,치과의원,2021-10-31,198718.007354882,452014.55809762,2026-04-22 22:30:33,I,03,폐업,133.92,1,0,2021-11-02 15:32:02,,2013-04-25,110-122,서울특별시 종로구 종로2가 14번지 3층,401,치과,치과의원,PHMA120133000034041100015,3000000,"서울특별시 종로구 종로 79, 3층 (종로2가)",03164,03,폐업,0,,,02-903-2882
연세자세굿재활의학과의원,의원,2022-07-31,198630.79627088,452035.412646906,2026-04-22 22:30:33,I,03,폐업,270.6,1,0,2024-06-18 17:09:22,,2013-05-06,110-753,서울특별시 종로구 종로2가 9번지 2층,120 105 109 102 106 101,"내과, 신경과, 정형외과, 신경외과, 마취통증의학과, 재활의학과",의원,PHMA120133000034041100017,3000000,"서울특별시 종로구 종로 69, 2층 (종로2가)",03164,03,폐업,0,,,02-733-7575
유디종로피카디리치과의원,치과의원,2021-04-04,199155.544853099,452083.125538906,2026-04-22 22:30:33,I,03,폐업,285.57,1,0,2021-10-21 14:26:42,,2013-05-27,110-808,서울특별시 종로구 돈의동 137번지 8층 801.802.803.804호,401,치과,치과의원,PHMA120133000034041100018,3000000,"서울특별시 종로구 돈화문로5가길 1, 8층 801호~804호 (돈의동)",03139,03,폐업,0,,,02-2277-8500
제화당한의원,한의원,2020-01-10,200069.449208699,452147.423545856,2026-04-22 22:30:33,I,03,폐업,63,1,0,2020-01-10 16:42:53,,2013-05-27,110-480,서울특별시 종로구 효제동 320번지 6호 영창빌딩 3층,301 302 303 306 305 304 307 308,"한방내과, 한방부인과, 한방소아과, 한방안·이비인후·피부과, 한방신경정신과, 한방재활의학과, 사상체질과, 침구과",한의원,PHMA120133000034041100019,3000000,"서울특별시 종로구 종로33길 12, 3층 (효제동, 영창빌딩)",03129,03,폐업,0,,,02-763-9325
연세플러스치과의원,치과의원,2018-04-03,200088.16526522,452200.369423944,2026-04-22 22:30:33,I,03,폐업,191.33,1,0,2018-04-03 21:12:45,,2013-05-31,110-480,서울특별시 종로구 효제동 315번지 1호 2층,401,치과,치과의원,PHMA120133000034041100020,3000000,"서울특별시 종로구 대학로 9, 2층 (효제동, 광일빌딩)",03129,03,폐업,0,,,02-924-2828
해달한의원,한의원,2018-01-28,197362.573917089,453128.396827068,2026-04-22 22:30:33,I,03,폐업,51.64,1,0,2018-01-26 17:46:31,,2013-06-13,110-043,서울특별시 종로구 통인동 112번지 2층,301 304 307 302 305 308 309 306 303,"한방내과, 한방부인과, 한방소아과, 한방안·이비인후·피부과, 한방신경정신과, 한방재활의학과, 사상체질과, 침구과, 한방응급과",한의원,PHMA120133000034041100022,3000000,"서울특별시 종로구 자하문로 49-1, 2층 (통인동)",03036,03,폐업,0,,,02-737-1275
종로경치과의원,치과의원,2024-08-01,198977.28746058,452187.211222643,2026-04-22 22:30:33,I,03,폐업,172.66,1,0,2024-08-02 16:46:06,,2013-06-17,,서울특별시 종로구 낙원동 141 내인빌딩,401,치과,치과의원,PHMA120133000034041100023,3000000,"서울특별시 종로구 수표로 120, 내인빌딩 6층 (낙원동)",03139,03,폐업,0,,,02-741-2828
연우치과의원,치과의원,2014-08-20,198390.620857476,452529.543697949,2026-04-22 22:30:33,I,03,폐업,140.25,1,0,2017-06-08 10:49:04,,2013-07-22,110-170,서울특별시 종로구 견지동 13번지 2층,401,치과,치과의원,PHMA120133000034041100025,3000000,"서울특별시 종로구 우정국로 67, 2층 (견지동)",,03,폐업,0,,,02-733-1030
대학로치과의원,치과의원,2014-05-23,200157.647836124,453287.901840153,2026-04-22 22:30:33,I,03,폐업,175.89,1,0,2014-05-23 18:15:49,,2013-08-26,110-809,서울특별시 종로구 동숭동 1번지 60호 4층,401,치과,치과의원,PHMA120133000034041100026,3000000,"서울특별시 종로구 대학로10길 5, 4층 (동숭동)",,03,폐업,0,,,02-3675-2275
청아한의원,한의원,2016-04-01,197538.542807564,452679.892786314,2026-04-22 22:30:33,I,03,폐업,134.98,2,0,2016-04-01 17:39:25,,2013-09-02,110-052,서울특별시 종로구 적선동 100번지 1호 4층,301 304 307 308 305 302 303 306 309,"한방내과, 한방부인과, 한방소아과, 한방안·이비인후·피부과, 한방신경정신과, 한방재활의학과, 사상체질과, 침구과, 한방응급과",한의원,PHMA120133000034041100027,3000000,"서울특별시 종로구 자하문로2길 4, 4층 (적선동)",03044,03,폐업,0,,,02-735-1075
옥치과의원,치과의원,2014-10-31,197374.163421854,453052.376325937,2026-04-22 22:30:33,I,03,폐업,69.45,1,0,2014-10-31 17:58:24,,2013-10-22,110-043,서울특별시 종로구 통인동 118번지 3호 2층,401,치과,치과의원,PHMA120133000034041100030,3000000,"서울특별시 종로구 자하문로 41-1, 2층 (통인동)",,03,폐업,0,,,02-362-2875
추추한의원,한의원,2017-01-05,197541.418168655,452115.300046799,2026-04-22 22:30:33,I,03,폐업,74,1,0,2017-01-05 14:06:33,,2013-11-19,110-061,서울특별시 종로구 신문로1가 238번지 2층,301 304 307 308 305 302 309 306 303,"한방내과, 한방부인과, 한방소아과, 한방안·이비인후·피부과, 한방신경정신과, 한방재활의학과, 사상체질과, 침구과, 한방응급과",한의원,PHMA120133000034041100032,3000000,"서울특별시 종로구 새문안로3길 12, 2층 (신문로1가)",03182,03,폐업,0,,,02-720-1075
예인치과의원,치과의원,2014-08-01,199914.775758708,452094.38368523,2026-04-22 22:30:33,I,03,폐업,55.2,2,0,2014-08-01 13:48:59,,2013-11-18,110-124,서울특별시 종로구 종로4가 5번지,401,치과,치과의원,PHMA120133000034041100033,3000000,"서울특별시 종로구 종로 199, 7층 703호 (종로4가)",,03,폐업,0,,,02-763-0036
단아치과의원,치과의원,2014-10-27,200667.750926795,452119.922348324,2026-04-22 22:30:33,I,03,폐업,157.95,1,0,2014-10-27 16:43:59,,2013-12-20,110-126,서울특별시 종로구 종로6가 81번지 1호 3층,401,치과,치과의원,PHMA120133000034041100034,3000000,"서울특별시 종로구 종로 273-1, 3층 (종로6가)",,03,폐업,0,,,02-3672-2825
평창연세림치과의원,치과의원,2017-05-01,196985.121531931,455959.285011749,2026-04-22 22:30:33,I,03,폐업,105.8,1,0,2019-09-03 13:14:04,,2014-01-16,110-012,서울특별시 종로구 평창동 337번지 4층,401,치과,치과의원,PHMA120143000034041100001,3000000,"서울특별시 종로구 평창11길 3, 4층 (평창동)",03008,03,폐업,0,,,02-394-2275
이물비누커재능한의원,한의원,2015-07-24,200356.987610141,453122.366348895,2026-04-22 22:30:33,I,03,폐업,42.13,1,0,2015-07-24 16:19:04,,2014-01-29,110-809,서울특별시 종로구 동숭동 31번지 20호,301 304 307 308 305 302 303 306 309,"한방내과, 한방부인과, 한방소아과, 한방안·이비인후·피부과, 한방신경정신과, 한방재활의학과, 사상체질과, 침구과, 한방응급과",한의원,PHMA120143000034041100003,3000000,"서울특별시 종로구 낙산길 6, 2층 (동숭동)",,03,폐업,0,,,02-568-6646
서울나눔치과의원,치과의원,2016-07-19,198204.837322667,452293.432531176,2026-04-22 22:30:34,I,03,폐업,59.59,1,0,2016-07-20 11:53:08,,2014-02-18,110-727,서울특별시 종로구 수송동 80번지 6호,401,치과,치과의원,PHMA120143000034041100006,3000000,"서울특별시 종로구 종로5길 58, 7층 (수송동, 석탄회관빌딩)",03151,03,폐업,0,,,02-737-7185
연세그랑스마일치과의원,치과의원,2024-05-01,198286.311784052,452091.444332546,2026-04-22 22:30:34,I,03,폐업,190.7,2,0,2024-05-01 11:48:06,,2014-02-20,,,406 401,"치과, 치주과",치과의원,PHMA120143000034041100007,3000000,"서울특별시 종로구 종로 33, 303호~306호 (청진동, 그랑서울)",03159,03,폐업,0,,,02-6218-2822
학아재한의원,한의원,2014-05-01,199083.437534141,452755.457393985,2026-04-22 22:30:34,I,03,폐업,132.47,1,0,2014-05-01 14:17:06,,2014-04-03,110-360,서울특별시 종로구 와룡동 122번지 3층,301 302 303 306 305 304 308 307 309,"한방내과, 한방부인과, 한방소아과, 한방안·이비인후·피부과, 한방신경정신과, 한방재활의학과, 사상체질과, 침구과, 한방응급과",한의원,PHMA120143000034041100010,3000000,"서울특별시 종로구 돈화문로 98, 3층 (와룡동)",,03,폐업,0,,,
로엘심장혈관흉부외과의원,의원,2025-07-02,198599.354528711,451963.264066125,2026-04-22 22:30:34,I,03,폐업,473.62,2,0,2025-07-30 11:05:11,,2014-04-15,,,101 104 105 106 107 108 109 110 111 114 115 120,"내과, 외과, 정형외과, 신경외과, 심장혈관흉부외과, 성형외과, 마취통증의학과, 산부인과, 소아청소년과, 피부과, 비뇨의학과, 재활의학과",의원,PHMA120143000034041100012,3000000,"서울특별시 종로구 종로 68, 3층 (종로2가)",03189,03,폐업,0,,,02-6959-5287
소담한의원,한의원,2015-02-02,198888.025966231,452378.460982337,2026-04-22 22:30:34,I,03,폐업,72.8,1,0,2015-02-02 16:34:19,,2014-05-09,110-320,서울특별시 종로구 낙원동 42번지 2층,301 302 303 309 306 305 308 307 304,"한방내과, 한방부인과, 한방소아과, 한방안·이비인후·피부과, 한방신경정신과, 한방재활의학과, 사상체질과, 침구과, 한방응급과",한의원,PHMA120143000034041100013,3000000,"서울특별시 종로구 삼일대로30길 6, 2층 (낙원동)",,03,폐업,0,,,
서촌한의원,한의원,2019-09-11,197380.688297862,453260.251877709,2026-04-22 22:30:34,I,03,폐업,69.62,1,0,2019-09-11 14:29:23,,2014-05-27,110-033,서울특별시 종로구 효자동 25번지 1층,301 304 307 308 305 302 303 306 309,"한방내과, 한방부인과, 한방소아과, 한방안·이비인후·피부과, 한방신경정신과, 한방재활의학과, 사상체질과, 침구과, 한방응급과",한의원,PHMA120143000034041100014,3000000,"서울특별시 종로구 자하문로 62, 1층 (효자동)",03042,03,폐업,0,,,02-738-8088
웰리드치과의원,치과의원,2015-05-28,196467.975088253,452566.134030104,2026-04-22 22:30:34,I,03,폐업,84,1,0,2016-09-28 15:55:16,,2014-05-29,110-080,서울특별시 종로구 무악동 82번지,411 410 409 408 407 406 405 404 403,"치과보철과, 치과교정과, 소아치과, 치주과, 치과보존과, 구강내과, 영상치의학과, 구강병리과, 예방치과",치과의원,PHMA120143000034041100015,3000000,"서울특별시 종로구 통일로 246-10, 307호 (무악동, 무악현대아파트상가)",,03,폐업,0,,,02-723-2608
예작비뇨기과의원,의원,2014-10-01,198150.300374121,452019.212642931,2026-04-22 22:30:34,I,03,폐업,73.42,1,0,2014-10-01 10:40:00,,2014-08-04,110-888,서울특별시 종로구 종로1가 24번지 르메이에르종로타운 508호,115 114,"피부과, 비뇨의학과",의원,PHMA120143000034041100019,3000000,"서울특별시 종로구 종로 19, 508호 (종로1가, 르메이에르종로타운)",,03,폐업,0,,,02-722-7055
예인치과의원,치과의원,2017-02-27,200667.750926795,452119.922348324,2026-04-22 22:30:34,I,03,폐업,64.46,2,0,2019-10-21 13:47:48,,2014-08-13,,서울특별시 종로구 종로6가 81번지 1호,408 407 406 405 404 403 402,"구강악안면외과, 치과보철과, 치과교정과, 소아치과, 치주과, 치과보존과, 구강내과",치과의원,PHMA120143000034041100020,3000000,"서울특별시 종로구 종로 273-1, 3층 (종로6가)",03124,03,폐업,0,,,02-763-0036
리버스의원,의원,2024-08-31,198620.301187081,451950.125134119,2026-04-22 22:30:34,I,03,폐업,144.9,1,0,2024-08-22 15:24:42,,2014-08-22,110-748,서울특별시 종로구 관철동 16번지 5호 4층,114,피부과,의원,PHMA120143000034041100021,3000000,"서울특별시 종로구 종로 70, 4층 (관철동)",03189,03,폐업,0,,,02-738-3365
덕인한의원,한의원,2022-05-13,200506.516367555,452142.207125323,2026-04-22 22:30:34,I,03,폐업,78.91,1,0,2022-05-13 15:04:51,,2014-09-18,110-126,서울특별시 종로구 종로6가 135번지 1호 2층,301 304 307 308 305 302 303 306 309,"한방내과, 한방부인과, 한방소아과, 한방안·이비인후·피부과, 한방신경정신과, 한방재활의학과, 사상체질과, 침구과, 한방응급과",한의원,PHMA120143000034041100022,3000000,"서울특별시 종로구 종로41길 5, 2층 (종로6가)",03125,03,폐업,0,,,02-3672-0198
김산한의원,한의원,2025-02-28,198386.829870878,452237.303784872,2026-04-22 22:30:34,I,03,폐업,125,1,0,2025-03-07 09:06:06,,2014-09-29,,서울특별시 종로구 견지동 110번지 종로1가 대성 스카이렉스,301 304 307 308 305 302 303 306 309,"한방내과, 한방부인과, 한방소아과, 한방안·이비인후·피부과, 한방신경정신과, 한방재활의학과, 사상체질과, 침구과, 한방응급과",한의원,PHMA120143000034041100023,3000000,"서울특별시 종로구 삼봉로 95, 종로1가 대성 스카이렉스 207호 (견지동)",03150,03,폐업,0,,,02-3492-7775
진흥한의원,한의원,2019-05-11,200577.412852775,452120.465151845,2026-04-22 22:30:34,I,03,폐업,143.62,1,0,2019-05-10 15:44:41,,2014-11-28,,서울특별시 종로구 종로6가 122번지 1호,301 304 307 308 305 302 303 306 309,"한방내과, 한방부인과, 한방소아과, 한방안·이비인후·피부과, 한방신경정신과, 한방재활의학과, 사상체질과, 침구과, 한방응급과",한의원,PHMA120143000034041100027,3000000,"서울특별시 종로구 종로 265, 4,6층 (종로6가)",03124,03,폐업,0,,,02-3672-7173
서울독일치과의원,치과의원,2017-12-08,200460.140096112,452112.682714713,2026-04-22 22:30:34,I,03,폐업,75.53,1,0,2017-12-07 17:45:51,,2014-12-16,,,403,치과보철과,치과의원,PHMA120143000034041100028,3000000,"서울특별시 종로구 종로 253, 2층 (종로5가)",03126,03,폐업,0,,,02-766-8228
동림당한의원,한의원,2021-10-22,200461.151964938,452153.605157881,2026-04-22 22:30:34,I,03,폐업,43.29,1,0,2022-11-08 17:51:17,,2015-01-06,110-480,서울특별시 종로구 효제동 175번지 1호 1층,301 304 307 308 305 302 303 306 309,"한방내과, 한방부인과, 한방소아과, 한방안·이비인후·피부과, 한방신경정신과, 한방재활의학과, 사상체질과, 침구과, 한방응급과",한의원,PHMA120153000034041100001,3000000,"서울특별시 종로구 종로39길 11, 1층 (효제동)",03126,03,폐업,0,,,02-764-6001
마더스단아치과의원,치과의원,2015-04-30,200667.750926795,452119.922348324,2026-04-22 22:30:34,I,03,폐업,157.95,2,0,2015-04-30 16:41:15,,2015-01-19,110-126,서울특별시 종로구 종로6가 81번지 1호,211,치과,치과의원,PHMA120153000034041100002,3000000,"서울특별시 종로구 종로 273-1, 3층 (종로6가)",,03,폐업,0,,,02-3673-2825
서령한의원,한의원,2019-12-31,200056.510139475,452135.101134699,2026-04-22 22:30:34,I,03,폐업,75,1,0,2019-12-30 14:45:47,,2015-03-05,110-737,서울특별시 종로구 연지동 275번지 1호,301 304 307 308 305 302 303 306 309,"한방내과, 한방부인과, 한방소아과, 한방안·이비인후·피부과, 한방신경정신과, 한방재활의학과, 사상체질과, 침구과, 한방응급과",한의원,PHMA120153000034041100007,3000000,서울특별시 종로구 대학로1길 10 (연지동),03129,03,폐업,0,,,02-764-0678
파초한의원,한의원,2015-12-01,197445.443496386,452942.93126005,2026-04-22 22:30:34,I,03,폐업,95.6,1,0,2015-12-02 09:27:21,,2015-03-03,110-040,서울특별시 종로구 통의동 102번지 502호,301 304 307 308 305 302 303 306 309,"한방내과, 한방부인과, 한방소아과, 한방안·이비인후·피부과, 한방신경정신과, 한방재활의학과, 사상체질과, 침구과, 한방응급과",한의원,PHMA120153000034041100009,3000000,"서울특별시 종로구 자하문로 30, 502호 (통의동)",03044,03,폐업,0,,,02-723-0033
통기일침한의원,한의원,2015-07-10,199045.043602772,451939.677286976,2026-04-22 22:30:35,I,03,폐업,329.99,2,0,2015-07-10 14:46:22,,2015-05-28,110-420,서울특별시 종로구 관수동 20번지 국일관드림팰리스 4층,301 302 303 306 305 304 308 309,"한방내과, 한방부인과, 한방소아과, 한방안·이비인후·피부과, 한방신경정신과, 한방재활의학과, 침구과, 한방응급과",한의원,PHMA120153000034041100013,3000000,"서울특별시 종로구 수표로 96, 4층 (관수동, 국일관드림팰리스)",,03,폐업,0,,,02-2269-8838
킹덤치과의원,치과의원,2015-11-11,200667.750926795,452119.922348324,2026-04-22 22:30:35,I,03,폐업,157.95,1,0,2015-11-11 16:55:51,,2015-06-03,,,401,치과,치과의원,PHMA120153000034041100014,3000000,"서울특별시 종로구 종로 273-1, 3층 (종로6가)",03124,03,폐업,0,,,02-3672-2825
명림한의원,한의원,2021-01-11,200226.553311941,452044.361853763,2026-04-22 22:30:35,I,03,폐업,49.5,1,0,2021-01-12 17:10:03,,2015-06-08,110-835,서울특별시 종로구 종로5가 193번지 14호 2층,301 304 307 308 305 302 303 306 309,"한방내과, 한방부인과, 한방소아과, 한방안·이비인후·피부과, 한방신경정신과, 한방재활의학과, 사상체질과, 침구과, 한방응급과",한의원,PHMA120153000034041100015,3000000,"서울특별시 종로구 종로 232-4, 2층 (종로5가)",03196,03,폐업,0,,,02-2267-0269
마음가는치과의원,치과의원,2015-07-17,196467.975088253,452566.134030104,2026-04-22 22:30:35,I,03,폐업,84,1,0,2015-07-17 15:14:26,,2015-07-03,,,211,치과,치과의원,PHMA120153000034041100017,3000000,"서울특별시 종로구 통일로 246-10, 307호 (무악동)",,03,폐업,0,,,02-723-2875
하나여성의원,의원,2024-06-04,198286.311784052,452091.444332546,2026-04-22 22:30:35,I,03,폐업,110.26,1,0,2024-06-12 18:01:02,,2015-07-30,,서울특별시 종로구 청진동 70번지 그랑서울,110,산부인과,의원,PHMA120153000034041100019,3000000,"서울특별시 종로구 종로 33, 2층 OA204호 (청진동, 그랑서울)",03159,03,폐업,0,,,02-733-7533
남일한의원,한의원,2017-10-16,200423.126511003,452173.821059876,2026-04-22 22:30:35,I,03,폐업,50.78,1,0,2017-10-16 17:48:28,,2015-10-06,,,308 302 301,"한방내과, 한방부인과, 침구과",한의원,PHMA120153000034041100021,3000000,"서울특별시 종로구 종로35가길 30, 1층 (효제동)",03126,03,폐업,0,,,02-745-2272
예풍의원·한의원,한의원,2022-11-30,199695.44437244,452315.032342992,2026-04-22 22:30:35,I,03,폐업,245.2,1,1,2022-12-07 17:36:46,,2015-09-30,,서울특별시 종로구 인의동 101번지 1호,309 308 307 306 305 304 303 302 301,"한방내과, 한방부인과, 한방소아과, 한방안·이비인후·피부과, 한방신경정신과, 한방재활의학과, 사상체질과, 침구과, 한방응급과",한의원,PHMA120153000034041100022,3000000,"서울특별시 종로구 창경궁로 119, 2층 (인의동)",03137,03,폐업,3,,,02-568-7510
예풍의원·한의원,의원,2022-11-30,199695.44437244,452315.032342992,2026-04-22 22:30:35,I,03,폐업,245.2,1,1,2022-11-30 15:51:05,,2015-09-30,,서울특별시 종로구 인의동 101번지 1호 2층,120 113 109 102 101,"내과, 신경과, 마취통증의학과, 이비인후과, 재활의학과",의원,PHMA120153000034041100023,3000000,"서울특별시 종로구 창경궁로 119, 2층 (인의동)",03137,03,폐업,3,,,02-568-7510
위드한의원,한의원,2016-03-03,199045.043602772,451939.677286976,2026-04-22 22:30:35,I,03,폐업,329.99,1,0,2016-03-03 17:24:16,,2016-01-06,,서울특별시 종로구 관수동 20번지,309 308 307 306 305 304 303 302 301,"한방내과, 한방부인과, 한방소아과, 한방안·이비인후·피부과, 한방신경정신과, 한방재활의학과, 사상체질과, 침구과, 한방응급과",한의원,PHMA120163000034041100002,3000000,"서울특별시 종로구 수표로 96 (관수동, 국일관드림팰리스)",03192,03,폐업,0,,,
대성한의원,한의원,2017-09-14,196637.952805812,452163.832063735,2026-04-22 22:30:35,I,03,폐업,179.32,1,0,2017-09-14 10:54:03,,2016-01-06,,서울특별시 종로구 행촌동 37번지 18호 2층,309 308 307 306 305 304 303 302 301,"한방내과, 한방부인과, 한방소아과, 한방안·이비인후·피부과, 한방신경정신과, 한방재활의학과, 사상체질과, 침구과, 한방응급과",한의원,PHMA120163000034041100003,3000000,"서울특별시 종로구 송월길 136, 2층 (행촌동)",03166,03,폐업,0,,,02-552-5332
경희윤한의원,한의원,2021-01-29,197445.443496386,452942.93126005,2026-04-22 22:30:35,I,03,폐업,127.79,1,0,2021-01-15 16:10:17,,2016-01-05,,,301 302 303 304 305 306 307 308 309,"한방내과, 한방부인과, 한방소아과, 한방안·이비인후·피부과, 한방신경정신과, 한방재활의학과, 사상체질과, 침구과, 한방응급과",한의원,PHMA120163000034041100004,3000000,"서울특별시 종로구 자하문로 30, 5층 (통의동)",03044,03,폐업,0,,,02-723-0033
낙원치과의원,치과의원,2013-05-09,199006.673946375,452233.299150748,2026-04-22 22:30:30,I,03,폐업,60.56,1,0,2013-06-26 11:28:59,,2009-11-11,110-320,서울특별시 종로구 낙원동 132번지 2호 2층,401,치과,치과의원,PHMA120093000034041100034,3000000,"서울특별시 종로구 돈화문로11길 33 (낙원동,2층)",,03,폐업,0,,,
종로사과나무의원,의원,2010-05-24,196386.31781822,455244.942635237,2026-04-22 22:30:30,I,03,폐업,372.61,4,9,2010-05-24 12:48:13,,2009-11-11,110-020,서울특별시 종로구 홍지동 103번지 7호 2~4층,101,내과,의원,PHMA120093000034041100035,3000000,"서울특별시 종로구 자하문로 300 (홍지동,2~4층)",,03,폐업,27,,,
청아한의원,한의원,2013-09-02,197538.542807564,452679.892786314,2026-04-22 22:30:30,I,03,폐업,137.97,2,0,2013-09-02 17:16:42,,2009-12-01,110-052,서울특별시 종로구 적선동 100번지 1호 경복빌딩 4층,301 304 307 308 305 302 303 306,"한방내과, 한방부인과, 한방소아과, 한방안·이비인후·피부과, 한방신경정신과, 한방재활의학과, 사상체질과, 침구과",한의원,PHMA120093000034041100036,3000000,"서울특별시 종로구 자하문로2길 4 (적선동,경복빌딩 4층)",,03,폐업,0,,,02-735-1075
미래한의원,한의원,2009-12-10,198565.677043996,452670.232135872,2026-04-22 22:30:30,I,03,폐업,100.63,1,0,2012-12-04 16:38:43,,2009-12-07,110-240,서울특별시 종로구 안국동 163번지 한국걸스카우트빌딩 2층,304 301 307 302 305 308 306 303,"한방내과, 한방부인과, 한방소아과, 한방안·이비인후·피부과, 한방신경정신과, 한방재활의학과, 사상체질과, 침구과",한의원,PHMA120093000034041100037,3000000,"서울특별시 종로구 율곡로 47 (안국동,한국걸스카우트빌딩 2층)",,03,폐업,0,,,
연제의료생협 미래한의원,한의원,2014-11-17,197526.584762139,452748.255112507,2026-04-22 22:30:30,I,03,폐업,110.22,1,0,2014-11-17 17:12:43,,2009-12-21,110-040,서울특별시 종로구 통의동 35번지 44호 2층,301 304 307 308 305 302 303 306,"한방내과, 한방부인과, 한방소아과, 한방안·이비인후·피부과, 한방신경정신과, 한방재활의학과, 사상체질과, 침구과",한의원,PHMA120093000034041100039,3000000,"서울특별시 종로구 자하문로4길 14-14, 2층 (통의동)",,03,폐업,0,,,
진흥한의원,한의원,2014-11-28,200577.412852775,452120.465151845,2026-04-22 22:30:30,I,03,폐업,143.62,1,0,2014-11-28 15:51:08,,2010-01-05,110-126,"서울특별시 종로구 종로6가 122번지 1호 1층, 6층",301 304 307 302 305 308 303 306,"한방내과, 한방부인과, 한방소아과, 한방안·이비인후·피부과, 한방신경정신과, 한방재활의학과, 사상체질과, 침구과",한의원,PHMA120103000034041100001,3000000,"서울특별시 종로구 종로 265 (종로6가,1층, 6층)",,03,폐업,0,,,36727173
마인드힐정신건강의학과의원,의원,2024-10-31,197479.822436554,452013.403992564,2026-04-22 22:30:30,I,03,폐업,36,1,0,2024-10-29 13:30:04,,2010-02-17,,서울특별시 종로구 신문로1가 58번지 1호 구세군회관,103 102,"신경과, 정신건강의학과",의원,PHMA120103000034041100003,3000000,"서울특별시 종로구 새문안로 69, 구세군회관 706호 (신문로1가)",03175,03,폐업,0,,,
경인치과의원,치과의원,2020-10-16,200960.118736325,452204.757510841,2026-04-22 22:30:30,I,03,폐업,199.67,1,0,2020-10-16 16:54:17,,2010-02-22,,"서울특별시 종로구 창신동 541번지 2호 1,2층",408 407 406 405 403 402,"구강악안면외과, 치과보철과, 소아치과, 치주과, 치과보존과, 구강내과",치과의원,PHMA120103000034041100004,3000000,"서울특별시 종로구 종로 305-1, 1,2층 (창신동)",03106,03,폐업,0,,,02-763-3012
예담치과의원,치과의원,2023-07-25,200231.022222263,452054.748716233,2026-04-22 22:30:30,I,03,폐업,111.74,1,0,2023-07-31 14:59:37,,2010-03-03,110-836,서울특별시 종로구 종로5가 193번지 1호 2층,401,치과,치과의원,PHMA120103000034041100005,3000000,"서울특별시 종로구 종로 230-2, 2층 (종로5가)",03196,03,폐업,0,,,02-2263-5300
창경궁의아침의원,의원,2011-02-01,199750.932694302,452592.759611754,2026-04-22 22:30:30,I,03,폐업,293.72,5,5,2011-02-01 16:35:12,,2010-03-15,110-450,"서울특별시 종로구 원남동 28번지 7호 5층, 12층",101,내과,의원,PHMA120103000034041100006,3000000,"서울특별시 종로구 율곡로 174 (원남동,5층, 12층)",,03,폐업,19,,,
서호한의원,한의원,2014-12-24,200419.198768334,452575.447700535,2026-04-22 22:30:30,I,03,폐업,111.83,1,0,2014-12-24 10:50:01,,2010-03-17,110-844,서울특별시 종로구 충신동 55번지 1호 서진빌딩 4층,301 304 307 302 305 308 303 306,"한방내과, 한방부인과, 한방소아과, 한방안·이비인후·피부과, 한방신경정신과, 한방재활의학과, 사상체질과, 침구과",한의원,PHMA120103000034041100007,3000000,"서울특별시 종로구 율곡로 241-2 (충신동,서진빌딩 4층)",,03,폐업,0,,,
하늘체한의원,한의원,2020-08-14,200062.008605714,453378.01170769,2026-04-22 22:30:30,I,03,폐업,115.44,1,0,2020-08-14 15:16:38,,2010-04-01,110-524,서울특별시 종로구 명륜4가 29번지 1호 3층,301 304 307 302 305 308 303 306,"한방내과, 한방부인과, 한방소아과, 한방안·이비인후·피부과, 한방신경정신과, 한방재활의학과, 사상체질과, 침구과",한의원,PHMA120103000034041100009,3000000,"서울특별시 종로구 대학로 129, 3층 (명륜4가)",03078,03,폐업,0,,,
큐피부과의원,의원,2022-01-12,197759.896536549,451961.958166359,2026-04-22 22:30:30,I,03,폐업,76.2,1,0,2022-01-13 15:31:25,,2010-04-26,110-061,서울특별시 종로구 신문로1가 135번지 2호 4층,122 114 101,"내과, 피부과, 가정의학과",의원,PHMA120103000034041100011,3000000,"서울특별시 종로구 새문안로 96, 4층 (신문로1가)",03186,03,폐업,0,,,
청심한의원,한의원,2012-12-04,200126.766304313,452265.173517838,2026-04-22 22:30:30,I,03,폐업,78.18,1,0,2012-12-04 17:10:55,,2010-05-06,110-480,서울특별시 종로구 효제동 301번지 2호 3층,301 304 307 302 305 308 306 303,"한방내과, 한방부인과, 한방소아과, 한방안·이비인후·피부과, 한방신경정신과, 한방재활의학과, 사상체질과, 침구과",한의원,PHMA120103000034041100012,3000000,"서울특별시 종로구 대학로 18 (효제동,3층)",,03,폐업,0,,,22758486
이화보스톤치과의원,치과의원,2012-10-15,200064.606756121,452621.221821863,2026-04-22 22:30:30,I,03,폐업,115.17,1,0,2012-10-15 16:07:18,,2010-05-26,110-460,서울특별시 종로구 연건동 198번지 2호 현송빌딩  401호,401,치과,치과의원,PHMA120103000034041100013,3000000,"서울특별시 종로구 율곡로 204, 401호 (연건동,현송빌딩)",,03,폐업,0,,,02-744-5252
홍성한의원,한의원,2014-05-07,200279.118133987,452276.670897913,2026-04-22 22:30:30,I,03,폐업,47.73,1,0,2014-05-07 13:11:27,,2010-06-03,110-850,서울특별시 종로구 효제동 151번지 1층,301 304 307 308 305 302 303 306,"한방내과, 한방부인과, 한방소아과, 한방안·이비인후·피부과, 한방신경정신과, 한방재활의학과, 사상체질과, 침구과",한의원,PHMA120103000034041100014,3000000,"서울특별시 종로구 종로35길 36, 1층 (효제동)",,03,폐업,0,,,02-745-5332
오렌지의원,의원,2011-07-14,198127.421580952,452175.453719092,2026-04-22 22:30:30,I,03,폐업,86.94,1,0,2012-05-04 17:40:10,,2010-06-04,110-130,서울특별시 종로구 청진동 184번지 1호 삼송빌딩 303호,101 122 114 108,"내과, 성형외과, 피부과, 가정의학과",의원,PHMA120103000034041100016,3000000,"서울특별시 종로구 종로3길 34 (청진동,삼송빌딩 303호)",,03,폐업,0,,,
혜민의원,의원,2013-12-19,196386.31781822,455244.942635237,2026-04-22 22:30:30,I,03,폐업,372.61,5,10,2013-12-19 16:22:38,,2010-06-23,110-020,서울특별시 종로구 홍지동 103번지 7호 2~4층,101 113 122 111 114,"내과, 소아청소년과, 이비인후과, 피부과, 가정의학과",의원,PHMA120103000034041100017,3000000,서울특별시 종로구 자하문로 300 (홍지동),,03,폐업,29,,,
위드유산부인과의원,의원,2011-04-22,200123.437670579,453357.294678965,2026-04-22 22:30:30,I,03,폐업,133.2,2,0,2011-06-28 16:14:01,,2010-07-01,110-809,서울특별시 종로구 동숭동 1번지 31호 동덕빌딩 4층,110,산부인과,의원,PHMA120103000034041100020,3000000,"서울특별시 종로구 대학로12길 4 (동숭동,동덕빌딩 4층)",,03,폐업,0,,,
예당치과의원,치과의원,2016-02-12,197383.197504794,452972.118568389,2026-04-22 22:30:30,I,03,폐업,84.51,1,0,2016-02-12 13:19:49,,2010-09-27,110-043,서울특별시 종로구 통인동 147번지 7호 씨에스코즈빌 301호,401,치과,치과의원,PHMA120103000034041100023,3000000,"서울특별시 종로구 자하문로 35-3, 301호 (통인동)",03040,03,폐업,0,,,
삼진당한의원,한의원,2011-01-28,200360.745402698,452229.375357013,2026-04-22 22:30:30,I,03,폐업,71.69,1,0,2011-06-28 16:16:36,,2010-09-28,110-850,서울특별시 종로구 효제동 171번지 10호 1층,301 304 307 302 305 308 303 306,"한방내과, 한방부인과, 한방소아과, 한방안·이비인후·피부과, 한방신경정신과, 한방재활의학과, 사상체질과, 침구과",한의원,PHMA120103000034041100024,3000000,"서울특별시 종로구 종로39길 39 (효제동,1층)",,03,폐업,0,,,
라임플란트치과의원,치과의원,2025-11-18,199842.308556774,452090.306418585,2026-04-22 22:30:30,I,03,폐업,88.55,1,0,2025-11-18 13:27:50,,2010-11-17,,,402 403 405 406 407 408 409 411 412,"구강악안면외과, 치과보철과, 소아치과, 치주과, 치과보존과, 구강내과, 영상치의학과, 예방치과, 통합치의학과",치과의원,PHMA120103000034041100026,3000000,"서울특별시 종로구 종로 191, 3층 (종로4가)",03130,03,폐업,0,,,02-763-7007
더블유항외과의원,의원,2016-03-31,198630.79627088,452035.412646906,2026-04-22 22:30:30,I,03,폐업,273.9,8,6,2016-03-31 11:21:50,,2011-01-03,110-753,서울특별시 종로구 종로2가 9번지 YMCA 4층,104,외과,의원,PHMA120113000034041100001,3000000,"서울특별시 종로구 종로 69, 4층 (종로2가, YMCA)",03164,03,폐업,9,,,02-735-7175
씨티의원,의원,2011-07-25,198685.761389454,452015.63212884,2026-04-22 22:30:30,I,03,폐업,71.88,2,0,2011-07-25 15:17:05,,2011-02-11,110-122,서울특별시 종로구 종로2가 12번지 통일빌딩 301호,101 113 112 104 109 114 122,"내과, 외과, 마취통증의학과, 안과, 이비인후과, 피부과, 가정의학과",의원,PHMA120113000034041100002,3000000,"서울특별시 종로구 종로 77 (종로2가,통일빌딩 301호)",,03,폐업,0,,,
도성한의원,한의원,2012-12-12,200438.774252385,452156.003940427,2026-04-22 22:30:31,I,03,폐업,48.69,1,0,2012-12-12 16:33:34,,2011-03-10,110-850,서울특별시 종로구 효제동 175번지 7호,301 304 307 308 305 303 306 302,"한방내과, 한방부인과, 한방소아과, 한방안·이비인후·피부과, 한방신경정신과, 한방재활의학과, 사상체질과, 침구과",한의원,PHMA120113000034041100003,3000000,서울특별시 종로구 대학로2길 65-4 (효제동),,03,폐업,0,,,02-743-2893
홍성한의원,한의원,2011-12-19,200279.118133987,452276.670897913,2026-04-22 22:30:31,I,03,폐업,52.02,1,0,2011-12-19 13:52:29,,2011-03-10,110-850,서울특별시 종로구 효제동 151번지,303 306 302 305 308 301 304 307,"한방내과, 한방부인과, 한방소아과, 한방안·이비인후·피부과, 한방신경정신과, 한방재활의학과, 사상체질과, 침구과",한의원,PHMA120113000034041100004,3000000,서울특별시 종로구 종로35길 36 (효제동),,03,폐업,0,,,02-745-5333
종로하나로치과의원,치과의원,2024-02-01,198286.311784052,452091.444332546,2026-04-22 22:30:31,I,03,폐업,170.72,1,0,2024-02-02 03:43:29,,2011-03-25,,,401,치과,치과의원,PHMA120113000034041100005,3000000,"서울특별시 종로구 종로 33, 5층 (청진동, 그랑서울)",03159,03,폐업,0,,,02-2198-7290
지성한의원,한의원,2013-02-20,200331.400635379,452593.376293408,2026-04-22 22:30:31,I,03,폐업,95.3,1,0,2013-02-20 13:28:30,,2011-04-08,110-844,서울특별시 종로구 충신동 57번지 6호,301 304 307 302 305 308 303 306,"한방내과, 한방부인과, 한방소아과, 한방안·이비인후·피부과, 한방신경정신과, 한방재활의학과, 사상체질과, 침구과",한의원,PHMA120113000034041100006,3000000,서울특별시 종로구 율곡로 234 (충신동),,03,폐업,0,,,02-742-5600
쉬즈웰산부인과의원,의원,2014-02-10,200123.437670579,453357.294678965,2026-04-22 22:30:31,I,03,폐업,133.2,2,0,2014-02-10 17:58:08,,2011-04-22,110-809,서울특별시 종로구 동숭동 1번지 31호 동덕빌딩 4층,110,산부인과,의원,PHMA120113000034041100009,3000000,"서울특별시 종로구 대학로12길 4, 4층 (동숭동, 동덕빌딩)",,03,폐업,0,,,02-744-4757
경희맥한의원,한의원,2015-01-05,199870.080275739,452092.183279631,2026-04-22 22:30:31,I,03,폐업,110.96,1,0,2015-01-05 11:01:56,,2011-05-09,110-124,서울특별시 종로구 종로4가 8번지 광림빌딩 2층,301 304 307 308 305 302 303 306,"한방내과, 한방부인과, 한방소아과, 한방안·이비인후·피부과, 한방신경정신과, 한방재활의학과, 사상체질과, 침구과",한의원,PHMA120113000034041100012,3000000,"서울특별시 종로구 종로 195 (종로4가,광림빌딩 2층)",,03,폐업,0,,,
유디종로3가치과의원,치과의원,2011-08-31,199155.544853099,452083.125538906,2026-04-22 22:30:31,I,03,폐업,298.51,1,0,2011-08-31 18:39:06,,2011-05-04,110-808,서울특별시 종로구 돈의동 137번지 피카디리플러스 8층,401,치과,치과의원,PHMA120113000034041100013,3000000,"서울특별시 종로구 돈화문로5가길 1 (돈의동,피카디리플러스 8층)",,03,폐업,0,,,02-766-0770
다움류기원한의원,한의원,2020-08-01,196132.751817734,452580.254196764,2026-04-22 22:30:31,I,03,폐업,126.77,1,0,2020-07-31 11:20:49,,2011-05-30,110-814,서울특별시 종로구 무악동 67번지 2호 2층,301 304 307 308 305 302 303 306,"한방내과, 한방부인과, 한방소아과, 한방안·이비인후·피부과, 한방신경정신과, 한방재활의학과, 사상체질과, 침구과",한의원,PHMA120113000034041100014,3000000,"서울특별시 종로구 통일로 262, 2층 (무악동)",03030,03,폐업,0,,,02-3157-7575
혜화나라치과의원,치과의원,2012-03-19,200017.173956381,453554.674642303,2026-04-22 22:30:31,I,03,폐업,48,1,0,2012-03-19 15:20:38,,2011-06-07,110-522,서울특별시 종로구 명륜2가 20번지 1호 3층,401,치과,치과의원,PHMA120113000034041100015,3000000,"서울특별시 종로구 창경궁로34길 18-4 (명륜2가,3층)",,03,폐업,0,,,02-741-2850
종오가의원,의원,2011-06-16,200127.51876762,452047.758449913,2026-04-22 22:30:31,I,03,폐업,107.47,1,0,2011-06-16 14:33:59,,2011-06-13,110-125,서울특별시 종로구 종로5가 182번지 4호 흥일빌딩 2층,101 111 114 115 102 122 109,"내과, 신경과, 마취통증의학과, 소아청소년과, 피부과, 비뇨의학과, 가정의학과",의원,PHMA120113000034041100016,3000000,"서울특별시 종로구 동호로 408 (종로5가,흥일빌딩 2층)",,03,폐업,0,,,22679994
다나한의원,한의원,2017-04-30,200508.296314377,452171.567159871,2026-04-22 22:30:31,I,03,폐업,72.98,1,0,2017-04-28 17:00:26,,2011-06-10,110-126,서울특별시 종로구 종로6가 141번지 1호 수상빌딩 2층,301 304 307 302 305 308 303 306,"한방내과, 한방부인과, 한방소아과, 한방안·이비인후·피부과, 한방신경정신과, 한방재활의학과, 사상체질과, 침구과",한의원,PHMA120113000034041100017,3000000,"서울특별시 종로구 종로41길 13, 2층 (종로6가, 수상빌딩)",03125,03,폐업,0,,,
종오가의원,의원,2011-07-28,200127.51876762,452047.758449913,2026-04-22 22:30:31,I,03,폐업,107.47,1,0,2011-08-01 09:57:01,,2011-06-29,110-836,서울특별시 종로구 종로5가 182번지 4호 2층,115 114 101 113 111 122,"내과, 소아청소년과, 이비인후과, 피부과, 비뇨의학과, 가정의학과",의원,PHMA120113000034041100018,3000000,"서울특별시 종로구 동호로 408 (종로5가,2층)",,03,폐업,0,,,22660390
제이치과의원,치과의원,2018-06-29,200114.951195492,453421.325549781,2026-04-22 22:30:31,I,03,폐업,181.1,3,0,2018-06-29 11:17:13,,2011-07-01,110-809,서울특별시 종로구 동숭동 1번지 35호 형원빌딩 4층,401,치과,치과의원,PHMA120113000034041100019,3000000,"서울특별시 종로구 대학로 132, 4층 (동숭동, 형원빌딩)",03086,03,폐업,0,,,02-747-2275
장일의원,의원,2015-11-02,199050.687785047,452032.808915721,2026-04-22 22:30:31,I,03,폐업,65.5,1,0,2015-11-02 16:54:31,,2011-07-13,110-123,서울특별시 종로구 종로3가 7번지 3층,108 122,"성형외과, 가정의학과",의원,PHMA120113000034041100021,3000000,"서울특별시 종로구 종로 111-2, 3층 (종로3가)",03139,03,폐업,0,,,
넘버원(No.1)의원,의원,2012-06-11,198685.761389454,452015.63212884,2026-04-22 22:30:31,I,03,폐업,66.49,1,0,2012-06-11 17:15:38,,2011-08-03,110-122,서울특별시 종로구 종로2가 12번지 통일빌딩 3층,115 114 101,"내과, 피부과, 비뇨의학과",의원,PHMA120113000034041100022,3000000,"서울특별시 종로구 종로 77 (종로2가,통일빌딩 3층)",,03,폐업,0,,,
평화의원,의원,2011-09-26,196092.743907822,456198.595931715,2026-04-22 22:30:31,I,03,폐업,104.1,2,0,2011-09-26 14:41:10,,2011-08-16,110-803,"서울특별시 종로구 구기동 110번지 1호 요진쉐레이오피스텔 104호, 203호",101 104 111 110 105 114 115 113,"내과, 외과, 정형외과, 산부인과, 소아청소년과, 이비인후과, 피부과, 비뇨의학과",의원,PHMA120113000034041100024,3000000,"서울특별시 종로구 진흥로 432 (구기동,요진쉐레이오피스텔 104호, 203호)",,03,폐업,0,,,32163250
선이아름다운치과의원,치과의원,2025-03-20,201282.378349367,452249.643664396,2026-04-22 22:30:31,I,03,폐업,0,1,0,2026-02-10 15:22:16,,2011-09-16,,,404 407 411,"치과교정과, 치과보존과, 예방치과",치과의원,PHMA120113000034041100026,3000000,"서울특별시 종로구 지봉로 29, 4층 (창신동, 금호팔레스빌딩)",03121,03,폐업,0,,,02-2238-7777
반도의원,의원,2012-04-17,200087.155750956,452120.512420696,2026-04-22 22:30:31,I,03,폐업,101.59,1,0,2012-04-18 10:29:16,,2011-09-23,110-835,서울특별시 종로구 종로5가 85번지 3호 2층,101 104 114 115,"내과, 외과, 피부과, 비뇨의학과",의원,PHMA120113000034041100027,3000000,서울특별시 종로구 대학로 1 (연지동),,03,폐업,0,,,
종오가의원,의원,2012-01-05,200127.51876762,452047.758449913,2026-04-22 22:30:31,I,03,폐업,107.47,1,0,2012-01-05 18:24:48,,2011-11-21,110-836,서울특별시 종로구 종로5가 182번지 4호,101 115 122 111 114 113,"내과, 소아청소년과, 이비인후과, 피부과, 비뇨의학과, 가정의학과",의원,PHMA120113000034041100028,3000000,"서울특별시 종로구 동호로 408, 2층 (종로5가)",,03,폐업,0,,,22660390
SK행복치과의원,치과의원,2019-02-23,198195.965392583,451925.63111828,2026-04-22 22:30:31,I,03,폐업,235.2,1,0,2019-02-22 14:08:45,,2011-12-09,110-728,서울특별시 종로구 서린동 99번지 SK빌딩 3층,401,치과,치과의원,PHMA120113000034041100031,3000000,"서울특별시 종로구 종로 26, 3층 (서린동)",03188,03,폐업,0,,,21212875
평화소아청소년과의원,의원,2012-02-13,196092.743907822,456198.595931715,2026-04-22 22:30:31,I,03,폐업,47.58,1,0,2012-02-13 09:17:04,,2011-12-16,110-803,서울특별시 종로구 구기동 110번지 1호,101 111 114 113,"내과, 소아청소년과, 이비인후과, 피부과",의원,PHMA120113000034041100032,3000000,"서울특별시 종로구 진흥로 432, 104호 (구기동)",,03,폐업,0,,,
성원의원,의원,2012-07-31,,,2026-04-22 22:30:31,I,03,폐업,85.65,2,0,2012-07-31 15:46:31,,2012-01-02,110-126,서울특별시 종로구 종로6가 103번지 3층,101 122 114 102 103,"내과, 신경과, 정신건강의학과, 피부과, 가정의학과",의원,PHMA120123000034041100001,3000000,"서울특별시 종로구 율곡로 286, 3층 (종로6가)",,03,폐업,0,,,
삼진당한의원,한의원,2012-06-15,200360.745402698,452229.375357013,2026-04-22 22:30:31,I,03,폐업,66.1,1,0,2012-06-15 15:44:39,,2012-02-08,110-850,서울특별시 종로구 효제동 171번지 10호,303 306 308 305 302 301 304 307,"한방내과, 한방부인과, 한방소아과, 한방안·이비인후·피부과, 한방신경정신과, 한방재활의학과, 사상체질과, 침구과",한의원,PHMA120123000034041100004,3000000,"서울특별시 종로구 종로39길 39, 1층 (효제동)",,03,폐업,0,,,
홍성한의원,한의원,2013-02-15,200279.118133987,452276.670897913,2026-04-22 22:30:32,I,03,폐업,47.43,1,0,2013-02-15 15:16:36,,2012-02-20,110-850,서울특별시 종로구 효제동 151번지,301 304 307 305 302 308 306 303,"한방내과, 한방부인과, 한방소아과, 한방안·이비인후·피부과, 한방신경정신과, 한방재활의학과, 사상체질과, 침구과",한의원,PHMA120123000034041100007,3000000,"서울특별시 종로구 종로35길 36, 1층 (효제동)",,03,폐업,0,,,
임상훈치과의원,치과의원,2016-09-01,198467.712974372,452623.282097869,2026-04-22 22:30:32,I,03,폐업,48,1,0,2016-09-01 17:57:52,,2012-02-23,110-734,서울특별시 종로구 안국동 175번지 87호 안국빌딩 6층 3호,401,치과,치과의원,PHMA120123000034041100008,3000000,"서울특별시 종로구 율곡로 33, 6층 3호 (안국동, 안국빌딩)",03061,03,폐업,0,,,02-722-2882
종로밀레니엄치과의원,치과의원,2016-03-31,198696.792161159,451962.68240104,2026-04-22 22:30:32,I,03,폐업,292,2,0,2016-03-31 18:21:27,,2012-03-02,110-773,서울특별시 종로구 종로2가 75번지 9호 6층,401,치과,치과의원,PHMA120123000034041100009,3000000,서울특별시 종로구 종로 78 (종로2가),03190,03,폐업,0,,,02-732-2875
반도의원,의원,2017-04-13,200087.155750956,452120.512420696,2026-04-22 22:30:32,I,03,폐업,101.59,1,0,2017-04-13 18:25:27,,2012-04-17,110-835,서울특별시 종로구 종로5가 85번지 3호 201호,101 104 114 115,"내과, 외과, 피부과, 비뇨의학과",의원,PHMA120123000034041100014,3000000,"서울특별시 종로구 대학로 1, 2층 201호 (종로5가)",03129,03,폐업,0,,,02-747-4230
이순표치과의원,치과의원,2016-03-09,198095.7951961,450940.108370401,2026-04-22 22:30:26,I,03,폐업,30,1,0,2016-03-09 14:02:56,,1972-08-01,100-804,서울특별시 중구 남창동 1번지 1호 외 3필지 5층,401,치과,치과의원,PHMA119723010033041100005,3010000,"서울특별시 중구 남대문로 30, 5층 (남창동)",04529,03,폐업,0,,,
미소e치과의원,치과의원,2014-01-28,199960.764910336,451860.979643638,2026-04-22 22:30:26,I,03,폐업,86.41,1,0,2014-01-28 13:14:47,,1973-01-30,100-330,서울특별시 중구  30번지 태양빌딩,401,치과,치과의원,PHMA119733010033041100001,3010000,"서울특별시 중구 청계천로 204-1, 3층 (주교동, 태양빌딩)",,03,폐업,0,,,22683174
화생당한의원,한의원,2015-02-26,201611.753483258,451509.783084025,2026-04-22 22:30:26,I,03,폐업,30,1,0,2015-02-26 13:13:11,,1973-03-24,100-869,서울특별시 중구 황학동 739번지,301 302 303 308,"한방내과, 한방부인과, 한방소아과, 침구과",한의원,PHMA119733010033041100002,3010000,"서울특별시 중구 퇴계로 425-1, 2층 (황학동)",,03,폐업,0,,,22376565
중앙치과의원,치과의원,2015-05-23,198364.631775078,450975.950410804,2026-04-22 22:30:26,I,03,폐업,30,1,0,2015-07-13 13:51:32,,1973-04-30,100-011,서울특별시 중구 충무로1가 25번지 8호,401,치과,치과의원,PHMA119733010033041100004,3010000,서울특별시 중구 명동8나길 47 (충무로1가),,03,폐업,0,,,
권명대치과의원,치과의원,2023-08-22,197870.760842967,451109.466184929,2026-04-22 22:30:26,I,03,폐업,30,0,0,2023-09-04 08:56:08,,1973-06-09,100-864,서울특별시 중구  69번지 13호,401,치과,치과의원,PHMA119733010033041100006,3010000,서울특별시 중구 세종대로 68 (태평로2가),04526,03,폐업,0,,,02-755-5841
영신치과의원,치과의원,2019-07-31,197985.637224449,450948.645091495,2026-04-22 22:30:26,I,03,폐업,30,1,0,2019-07-29 17:43:20,,1973-10-20,100-093,서울특별시 중구 남대문로3가 30번지 16호,401,치과,치과의원,PHMA119733010033041100010,3010000,서울특별시 중구 남대문로 20-1 (남대문로3가),04529,03,폐업,0,,,
평화치과의원,치과의원,2022-10-27,198740.493068353,451509.114734544,2026-04-22 22:30:26,I,03,폐업,96.57,1,0,2022-10-26 17:58:02,,1973-10-20,,서울특별시 중구 을지로2가 163번지 5호 3층,411 410 409 408 407 406 405 404 403 402,"구강악안면외과, 치과보철과, 치과교정과, 소아치과, 치주과, 치과보존과, 구강내과, 영상치의학과, 구강병리과, 예방치과",치과의원,PHMA119733010033041100011,3010000,"서울특별시 중구 을지로 78, 3층 (을지로2가)",04538,03,폐업,0,,,02-776-2875
노태래치과의원,치과의원,2024-04-30,198467.581890262,450968.985294923,2026-04-22 22:30:27,I,03,폐업,76.25,1,0,2024-06-19 14:27:32,,1975-07-01,100-011,서울특별시 중구 충무로1가 24번지 28호 24-28 4층,401,치과,치과의원,PHMA119753010033041100005,3010000,"서울특별시 중구 명동2길 57, 4층 (충무로1가)",04536,03,폐업,0,,,
백순지치과의원,치과의원,2022-12-31,198765.23119318,451503.843182864,2026-04-22 22:30:27,I,03,폐업,30,1,0,2023-01-05 13:56:43,,1975-08-14,100-845,서울특별시 중구  163번지 3호,401,치과,치과의원,PHMA119753010033041100006,3010000,서울특별시 중구 을지로 80-1 (을지로2가),04538,03,폐업,0,,,
덕수의원,의원,2020-01-01,197055.479719918,450631.67539105,2026-04-22 22:30:27,I,03,폐업,30,1,0,2019-12-27 11:02:11,,1975-09-25,100-858,서울특별시 중구  144번지 2호,101,내과,의원,PHMA119753010033041100007,3010000,서울특별시 중구 중림로 37 (중림동),04506,03,폐업,0,,,
이재명치과의원,치과의원,2014-01-03,197828.407885459,451318.673025468,2026-04-22 22:30:27,I,03,폐업,30,1,0,2014-01-03 09:40:57,,1976-07-08,100-813,서울특별시 중구  14번지 2호,401,치과,치과의원,PHMA119763010033041100002,3010000,서울특별시 중구 서소문로 139 (서소문동),,03,폐업,0,,,
진이비인후과의원,의원,2019-06-01,200856.729184893,450207.371797838,2026-04-22 22:30:27,I,03,폐업,30,1,0,2019-07-29 13:58:09,,1976-11-11,100-827,서울특별시 중구 신당동 368번지 96호,113,이비인후과,의원,PHMA119763010033041100004,3010000,서울특별시 중구 다산로 114-1 (신당동),04597,03,폐업,0,,,22349193
강비뇨기과의원,의원,2023-12-23,199253.373977887,451330.942871413,2026-04-22 22:30:27,I,03,폐업,30,1,0,2023-12-26 14:52:47,,1977-05-04,,서울특별시 중구 초동 75-3,115,비뇨의학과,의원,PHMA119773010033041100001,3010000,서울특별시 중구 마른내로 40(초동),04555,03,폐업,0,,,22759664
성혜한의원,한의원,2016-08-30,197604.36730827,451110.547640244,2026-04-22 22:30:27,I,03,폐업,30,1,0,2016-08-30 14:23:23,,1977-10-26,100-814,서울특별시 중구 서소문동 120번지 14호 부림빌딩 4층,301 302 303 308,"한방내과, 한방부인과, 한방소아과, 침구과",한의원,PHMA119773010033041100007,3010000,"서울특별시 중구 세종대로11길 42, 4층 (서소문동, 부림빌딩)",04513,03,폐업,0,,,
구비뇨기과의원,의원,2016-07-01,,,2026-04-22 22:30:27,I,03,폐업,30,1,0,2016-06-24 14:32:53,,1978-05-13,100-800,서울특별시 중구 남대문로5가 12번지 37호,115 114,"피부과, 비뇨의학과",의원,PHMA119783010033041100002,3010000,서울특별시 중구 세종대로 20-1 (남대문로5가),04527,03,폐업,0,,,
우리의원,의원,2015-12-25,198005.999788186,450623.257728978,2026-04-22 22:30:27,I,03,폐업,30,2,0,2016-02-15 14:50:02,,1978-12-23,100-806,서울특별시 중구  167번지 8호,122 101 111 104 115 119 116,"내과, 외과, 소아청소년과, 비뇨의학과, 영상의학과, 진단검사의학과, 가정의학과",의원,PHMA119783010033041100006,3010000,서울특별시 중구 퇴계로6길 8 (남창동),04634,03,폐업,0,,,
제일정형외과의원,의원,2018-03-22,199900.424334933,450960.497349539,2026-04-22 22:30:27,I,03,폐업,30,1,0,2018-04-04 17:21:49,,1979-02-15,,서울특별시 중구 묵정동 31번지 10호,105 104,"외과, 정형외과",의원,PHMA119793010033041100001,3010000,서울특별시 중구 퇴계로46길 35 (묵정동),04619,03,폐업,0,,,22651252
고려의원,의원,2014-01-20,198071.746367713,451018.630018879,2026-04-22 22:30:27,I,03,폐업,30,1,0,2014-01-20 13:36:03,,1979-03-14,100-093,서울특별시 중구 남대문로3가 98번지,101,내과,의원,PHMA119793010033041100002,3010000,서울특별시 중구 남대문로 29-2 (남대문로3가),,03,폐업,0,,,
치과의봄치과의원,치과의원,2012-08-24,198515.399763419,451515.109154277,2026-04-22 22:30:27,I,03,폐업,30,1,0,2012-08-21 13:43:23,,1980-06-02,100-845,서울특별시 중구 을지로2가 196번지  2층,401,치과,치과의원,PHMA119803010033041100002,3010000,"서울특별시 중구 을지로 56 (을지로2가,  2층)",,03,폐업,0,,,
이원철치과의원,치과의원,2024-06-05,198113.370663648,451483.299976911,2026-04-22 22:30:27,I,03,폐업,30,1,0,2024-06-13 14:15:50,,1980-07-18,100-191,서울특별시 중구  188번지 3호,401,치과,치과의원,PHMA119803010033041100003,3010000,"서울특별시 중구 을지로 16, 606호 (을지로1가, 프레지던트호텔)",04533,03,폐업,0,,,
이범권치과의원,치과의원,2024-10-28,198744.433228989,451677.065126229,2026-04-22 22:30:27,I,03,폐업,164.61,2,0,2024-10-30 14:00:08,,1981-05-29,,서울특별시 중구 장교동 1번지 장교빌딩 7층 704호,401,치과,치과의원,PHMA119813010033041100001,3010000,"서울특별시 중구 삼일대로 363, 7층 704호 (장교동, 장교빌딩)",04541,03,폐업,0,2024-10-28,2025-10-27,02-776-1719
유태연피부과의원,의원,2020-01-01,200580.861436141,450739.111331078,2026-04-22 22:30:27,I,03,폐업,204.12,1,0,2020-10-29 11:46:41,,1981-06-05,100-391,서울특별시 중구 장충동1가 118번지 환경빌딩 2층,114,피부과,의원,PHMA119813010033041100002,3010000,"서울특별시 중구 동호로 240, 2층 (장충동1가, 환경빌딩)",04606,03,폐업,0,,,22678827
광희치과의원,치과의원,2017-02-14,200437.000174126,451335.718987721,2026-04-22 22:30:27,I,03,폐업,30,2,0,2017-02-13 14:41:29,,1982-05-06,100-710,서울특별시 중구 광희동1가 216번지 광희빌딩 지하1층,401,치과,치과의원,PHMA119823010033041100001,3010000,"서울특별시 중구 퇴계로 307, 지하1층 (광희동1가, 광희빌딩)",04560,03,폐업,0,,,22728487
박주형신경정신과의원,의원,2025-04-29,199910.399219046,451586.68926,2026-04-22 22:30:27,I,03,폐업,30,1,0,2025-04-29 14:20:24,,1984-03-09,100-848,서울특별시 중구 을지로4가 161번지 5호 경명빌딩 202호,102 103,"신경과, 정신건강의학과",의원,PHMA119843010033041100001,3010000,"서울특별시 중구 을지로 196, 202호 (을지로4가, 경명빌딩)",04547,03,폐업,0,,,22755722
평강한의원,한의원,2015-07-01,198448.848428937,451658.304454683,2026-04-22 22:30:27,I,03,폐업,125.4,1,0,2015-07-07 11:12:23,,1984-04-18,100-200,서울특별시 중구  115번지,301 302 303 308,"한방내과, 한방부인과, 한방소아과, 침구과",한의원,PHMA119843010033041100002,3010000,"서울특별시 중구 남대문로10길 9, 지하1층 (삼각동, 경기빌딩)",,03,폐업,0,,,22782977
이영호치과의원,치과의원,2025-05-21,199023.464538991,451381.374078553,2026-04-22 22:30:27,I,03,폐업,47.71,1,0,2025-05-21 10:50:45,,1984-05-07,,,403 406 407 408 409 411,"치과보철과, 치주과, 치과보존과, 구강내과, 영상치의학과, 예방치과",치과의원,PHMA119843010033041100003,3010000,"서울특별시 중구 마른내로 18 (저동2가, 저동빌딩)",04552,03,폐업,0,,,02-2272-2469
미소진의원,의원,2023-05-31,201334.779915273,451413.119285557,2026-04-22 22:30:27,I,03,폐업,49.98,1,0,2023-05-30 16:04:14,,1984-06-27,,서울특별시 중구 무학동 1,114 115 108 104,"외과, 성형외과, 피부과, 비뇨의학과",의원,PHMA119843010033041100004,3010000,"서울특별시 중구 다산로 245, 3층 (무학동)",04611,03,폐업,0,,,22350149
임채균치과의원,치과의원,2017-06-01,197884.488522035,451155.804669392,2026-04-22 22:30:27,I,03,폐업,47.68,2,0,2017-06-01 16:06:18,,1984-07-16,100-864,서울특별시 중구  69번지 5호,401,치과,치과의원,PHMA119843010033041100005,3010000,"서울특별시 중구 세종대로 74, 702호 (태평로2가, 삼정건물)",04526,03,폐업,0,,,
한경숙안과의원,의원,2014-05-22,201277.360031135,451107.774106938,2026-04-22 22:30:27,I,03,폐업,30,1,0,2014-05-22 11:32:06,,1985-01-09,100-824,서울특별시 중구 신당동 292번지 47호,112,안과,의원,PHMA119853010033041100001,3010000,서울특별시 중구 다산로 214 (신당동),,03,폐업,0,,,22329216
정치과의원(정한계),치과의원,2015-02-24,197143.434400282,450572.03003867,2026-04-22 22:30:27,I,03,폐업,30,1,0,2015-02-24 09:31:21,,1985-03-23,100-858,서울특별시 중구 중림동 129번지,401,치과,치과의원,PHMA119853010033041100002,3010000,서울특별시 중구 중림로 47-1 (중림동),,03,폐업,0,,,
종로치과의원,치과의원,2023-07-01,198345.02215434,451737.693394501,2026-04-22 22:30:27,I,03,폐업,30,1,0,2023-07-11 11:53:53,,1986-05-23,100-180,서울특별시 중구  92번지,401,치과,치과의원,PHMA119863010033041100002,3010000,"서울특별시 중구 다동길 46, 3층 (다동)",04522,03,폐업,0,,,
제민외과의원,의원,2017-09-18,200914.227438373,450426.403395554,2026-04-22 22:30:27,I,03,폐업,112.4,2,0,2017-09-14 14:29:35,,1986-08-06,,서울특별시 중구 신당동 374번지 7호 3층,104 105 104 114 115,"외과, 정형외과, 피부과, 비뇨의학과",의원,PHMA119863010033041100003,3010000,서울특별시 중구 다산로 137 (신당동),04607,03,폐업,0,,,22367575
서울중앙내과비뇨기과의원,의원,2011-12-31,,,2026-04-22 22:30:27,I,03,폐업,322.5,3,1,2011-12-30 17:31:48,,1988-01-28,100-709,서울특별시 중구 충무로1가 21번지 포스트타워 지하3층,101 111 122 114 115 000 116,"내과, 소아청소년과, 피부과, 비뇨의학과, 영상의학과, 가정의학과",의원,PHMA119883010033041100001,3010000,,,03,폐업,6,,,
최두균한의원,한의원,2022-11-16,196691.269917831,450743.675359219,2026-04-22 22:30:27,I,03,폐업,30,1,0,2022-11-15 15:38:20,,1988-02-06,100-859,서울특별시 중구  398번지 6호,301 302 303 308,"한방내과, 한방부인과, 한방소아과, 침구과",한의원,PHMA119883010033041100002,3010000,서울특별시 중구 서소문로 12 (중림동),04503,03,폐업,0,,,
유건내과의원,의원,2019-06-01,199569.075587635,450899.280902089,2026-04-22 22:30:27,I,03,폐업,30,1,0,2019-05-28 16:27:05,,1990-01-23,100-272,서울특별시 중구 필동2가 19번지 11호 대평빌딩 3층,101,내과,의원,PHMA119903010033041100002,3010000,"서울특별시 중구 필동로 14, 3층 (필동2가, 대평빌딩)",04625,03,폐업,0,,,22745515
솔로몬의원,의원,2020-09-23,199569.075587635,450899.280902089,2026-04-22 22:30:27,I,03,폐업,30,2,0,2020-09-22 10:31:37,,1990-04-24,100-272,서울특별시 중구 필동2가 19번지 11호 대평빌딩 3층,102 103,"신경과, 정신건강의학과",의원,PHMA119903010033041100005,3010000,"서울특별시 중구 필동로 14, 3층 (필동2가, 대평빌딩)",04625,03,폐업,0,,,22784234
덕수치과의원,치과의원,2024-10-17,198355.986160446,451166.463986265,2026-04-22 22:30:27,I,03,폐업,60.06,1,0,2024-10-18 09:28:58,,1991-07-27,100-810,서울특별시 중구 명동2가 95번지 1호,401,치과,치과의원,PHMA119913010033041100006,3010000,"서울특별시 중구 남대문로 64, 2층 (명동2가)",04535,03,폐업,0,,,
임승현비뇨기과의원,의원,2024-12-31,197836.402101893,451263.716163965,2026-04-22 22:30:27,I,03,폐업,161.7,3,0,2025-01-16 15:27:58,,1991-08-07,100-865,서울특별시 중구 태평로2가 340번지 6호 3층,115 114,"피부과, 비뇨의학과",의원,PHMA119913010033041100007,3010000,"서울특별시 중구 서소문로 138, 3층 (태평로2가)",04514,03,폐업,0,,,
신세계치과의원,치과의원,2025-04-09,198341.527899862,450977.044044601,2026-04-22 22:30:27,I,03,폐업,30,1,0,2025-04-09 17:53:57,,1991-10-11,100-011,서울특별시 중구 충무로1가 25번지 11호,401,치과,치과의원,PHMA119913010033041100010,3010000,서울특별시 중구 소공로 66 (충무로1가),04535,03,폐업,0,,,
서울의원,의원,2020-01-01,197133.181826761,450929.253706925,2026-04-22 22:30:27,I,03,폐업,85,1,0,2019-12-31 14:26:23,,1991-12-16,100-717,서울특별시 중구  355번지,101,내과,의원,PHMA119913010033041100012,3010000,"서울특별시 중구 청파로 464, 209,210호 (중림동, 브라운스톤)",04510,03,폐업,0,,,
윤주한의원,한의원,2024-12-11,198401.760761157,450477.281977101,2026-04-22 22:30:27,I,03,폐업,30,1,0,2024-12-11 14:16:20,,1992-02-26,100-873,서울특별시 중구 회현동1가 142번지 20호,301 302 303 308,"한방내과, 한방부인과, 한방소아과, 침구과",한의원,PHMA119923010033041100002,3010000,"서울특별시 중구 소공로3길 29-4, 2층 (회현동1가)",04633,03,폐업,0,2023-12-29,2024-12-11,
광명치과의원,치과의원,2013-10-30,200492.764851985,451583.836506034,2026-04-22 22:30:27,I,03,폐업,88.99,1,0,2015-03-12 13:59:11,,1992-12-30,100-851,서울특별시 중구 을지로6가 18번지 131호 을지회관2층,401,치과,치과의원,PHMA119923010033041100011,3010000,"서울특별시 중구 을지로 251, 2층 (을지로6가, 을지회관)",,03,폐업,0,,,22798084
신승호내과의원,의원,2023-05-01,199960.764910336,451860.979643638,2026-04-22 22:30:27,I,03,폐업,87.26,1,0,2023-05-10 17:52:11,,1993-03-10,,서울특별시 중구 주교동 30 신승호내과의원,101,내과,의원,PHMA119933010033041100001,3010000,"서울특별시 중구 청계천로 204-1, 신승호내과의원 2층 201호 (주교동)",04546,03,폐업,0,,,22651526
영락치과의원,치과의원,2014-12-29,199028.604945643,451410.689419675,2026-04-22 22:30:27,I,03,폐업,42.54,2,0,2022-11-10 14:13:10,,1994-05-24,100-032,서울특별시 중구  75번지,401,치과,치과의원,PHMA119943010033041100003,3010000,"서울특별시 중구 마른내로 17-1, 2층 (저동2가)",,03,폐업,0,2014-10-21,2014-12-31,
미래한의원,한의원,2016-07-18,197526.584762139,452748.255112507,2026-04-22 22:30:35,I,03,폐업,126.53,1,0,2016-07-18 13:45:17,,2016-01-12,,,309 308 307 306 305 304 303 302 301,"한방내과, 한방부인과, 한방소아과, 한방안·이비인후·피부과, 한방신경정신과, 한방재활의학과, 사상체질과, 침구과, 한방응급과",한의원,PHMA120163000034041100005,3000000,"서울특별시 종로구 자하문로4길 14-14, 2층 (통의동)",03044,03,폐업,0,,,02-723-9888
밝은내일치과의원,치과의원,2016-03-14,197056.75935224,451658.76871749,2026-04-22 22:30:35,I,03,폐업,172.03,1,0,2016-03-14 14:19:38,,2016-03-02,,서울특별시 종로구 평동 169번지 4층,411 410 409 408 407 406 405 404 403 402,"구강악안면외과, 치과보철과, 치과교정과, 소아치과, 치주과, 치과보존과, 구강내과, 영상치의학과, 구강병리과, 예방치과",치과의원,PHMA120163000034041100012,3000000,"서울특별시 종로구 새문안로 15-1, 4층 (평동)",03181,03,폐업,0,,,02-722-2875
임경임마취통증의학과의원,의원,2025-08-31,197056.75935224,451658.76871749,2026-04-22 22:30:35,I,03,폐업,172.03,1,0,2025-09-01 16:40:16,,2016-03-16,,서울특별시 종로구 평동 169번지,109,마취통증의학과,의원,PHMA120163000034041100014,3000000,"서울특별시 종로구 새문안로 15-1, 3층 (평동)",03181,03,폐업,0,,,02-723-3233
대경한의원,한의원,2018-05-28,200097.395492413,453820.002979196,2026-04-22 22:30:36,I,03,폐업,54.66,1,0,2018-05-28 11:01:13,,2016-03-29,,서울특별시 종로구 혜화동 64번지 1호,309 308 307 306 305 304 303 302 301,"한방내과, 한방부인과, 한방소아과, 한방안·이비인후·피부과, 한방신경정신과, 한방재활의학과, 사상체질과, 침구과, 한방응급과",한의원,PHMA120163000034041100017,3000000,"서울특별시 종로구 창경궁로 287, 2층 (혜화동)",03076,03,폐업,0,,,02-745-7597
더블유항외과의원,의원,2021-02-28,198630.79627088,452035.412646906,2026-04-22 22:30:36,I,03,폐업,273.9,4,6,2021-03-03 16:33:22,,2016-03-31,,서울특별시 종로구 종로2가 9번지,104,외과,의원,PHMA120163000034041100018,3000000,"서울특별시 종로구 종로 69, 4층 (종로2가, YMCA)",03164,03,폐업,9,,,02-735-7175
광장경희한의원,한의원,2019-02-02,200004.114873113,452040.028720002,2026-04-22 22:30:36,I,03,폐업,72.81,1,0,2019-02-08 17:14:06,,2016-04-06,,,308 307 306 303 302 301,"한방내과, 한방부인과, 한방소아과, 한방재활의학과, 사상체질과, 침구과",한의원,PHMA120163000034041100022,3000000,"서울특별시 종로구 종로 208, 201호 (종로5가, 일흥빌딩)",03195,03,폐업,0,,,
유닥터한의원,한의원,2021-11-12,199962.860897639,453618.989692186,2026-04-22 22:30:36,I,03,폐업,145.06,1,0,2021-11-12 11:15:27,,2016-07-04,,서울특별시 종로구 명륜2가 8번지 1호,309 308 307 306 305 304 303 302 301,"한방내과, 한방부인과, 한방소아과, 한방안·이비인후·피부과, 한방신경정신과, 한방재활의학과, 사상체질과, 침구과, 한방응급과",한의원,PHMA120163000034041100030,3000000,"서울특별시 종로구 창경궁로 263, 4층 (명륜2가)",03075,03,폐업,0,,,02-747-5275
동서치과의원,치과의원,2020-06-17,200077.144414946,452023.159595412,2026-04-22 22:30:36,I,03,폐업,121.21,1,0,2020-06-12 16:48:27,,2016-07-04,,서울특별시 종로구 종로5가 138번지 19호,411 410 409 408 407 406 405 404 403 402,"구강악안면외과, 치과보철과, 치과교정과, 소아치과, 치주과, 치과보존과, 구강내과, 영상치의학과, 구강병리과, 예방치과",치과의원,PHMA120163000034041100031,3000000,"서울특별시 종로구 동호로 403, 2층 (종로5가, 동서약국)",03195,03,폐업,0,,,02-2594-8274
다스름한의원,한의원,2020-05-15,197348.44253811,452671.549044338,2026-04-22 22:30:36,I,03,폐업,116.5,1,0,2020-05-14 14:44:28,,2016-08-23,,서울특별시 종로구 내자동 26번지 2층,308 307 306 305 304 303 302 301,"한방내과, 한방부인과, 한방소아과, 한방안·이비인후·피부과, 한방신경정신과, 한방재활의학과, 사상체질과, 침구과",한의원,PHMA120163000034041100034,3000000,"서울특별시 종로구 사직로 107 (내자동, 한빛빌딩)",03041,03,폐업,0,,,02-722-7522
삼성의원,의원,2018-10-31,199547.888288286,454013.33417032,2026-04-22 22:30:36,I,03,폐업,179.96,1,0,2018-10-31 11:18:31,,2016-09-05,,,114 109 105 104 101,"내과, 외과, 정형외과, 마취통증의학과, 피부과",의원,PHMA120163000034041100035,3000000,"서울특별시 종로구 명륜길 22, 2층 (명륜1가)",03070,03,폐업,0,,,02-2677-7682
삼익한의원,한의원,2022-08-06,200453.517638765,452059.952798652,2026-04-22 22:30:36,I,03,폐업,60.75,1,0,2022-08-23 16:33:42,,2016-11-14,,서울특별시 종로구 종로5가 268번지,308 307 306 305 304 303 302 301,"한방내과, 한방부인과, 한방소아과, 한방안·이비인후·피부과, 한방신경정신과, 한방재활의학과, 사상체질과, 침구과",한의원,PHMA120163000034041100039,3000000,서울특별시 종로구 종로 254 (종로5가),03197,03,폐업,0,,,02-762-9002
밝은한의원,한의원,2020-03-30,197361.553694167,452762.417842041,2026-04-22 22:30:36,I,03,폐업,10.97,1,0,2020-03-31 10:18:53,,2017-02-28,,,308 307 306 305 304 303 302 301,"한방내과, 한방부인과, 한방소아과, 한방안·이비인후·피부과, 한방신경정신과, 한방재활의학과, 사상체질과, 침구과",한의원,PHMA120173000034041100003,3000000,서울특별시 종로구 자하문로1다길 7-1 (체부동),03041,03,폐업,0,,,
이지스산부인과의원,의원,2017-09-28,197573.030749573,452175.335781858,2026-04-22 22:30:36,I,03,폐업,435.89,1,4,2017-09-28 13:59:18,,2017-03-27,,서울특별시 종로구 당주동 100번지,110,산부인과,의원,PHMA120173000034041100007,3000000,"서울특별시 종로구 세종대로23길 54 (당주동, 세종빌딩)",03173,03,폐업,5,,,02-542-0106
고려튼튼정형외과의원,의원,2022-02-11,196711.256846666,452060.860508565,2026-04-22 22:30:36,I,03,폐업,215.85,1,0,2022-02-14 10:04:44,,2017-03-27,,서울특별시 종로구 홍파동 42번지 13호,120 116 115 114 109 107 106 105 104 101,"내과, 외과, 정형외과, 신경외과, 심장혈관흉부외과, 마취통증의학과, 피부과, 비뇨의학과, 영상의학과, 재활의학과",의원,PHMA120173000034041100008,3000000,"서울특별시 종로구 송월길 99, 2226,2227,2228호 (홍파동, 경희궁자이)",03165,03,폐업,0,,,02-733-1119
바른라인치과의원,치과의원,2025-11-26,198799.157886347,451963.25773821,2026-04-22 22:30:37,I,03,폐업,120,1,0,2025-11-24 14:19:04,,2017-05-18,,,412 411 410 409 408 407 406 405 404 403 402,"구강악안면외과, 치과보철과, 치과교정과, 소아치과, 치주과, 치과보존과, 구강내과, 영상치의학과, 구강병리과, 예방치과, 통합치의학과",치과의원,PHMA120173000034041100017,3000000,"서울특별시 종로구 종로 88, 5층 (종로2가, 경영빌딩)",03190,03,폐업,0,,,02-733-2870
종로본치과의원,치과의원,2024-02-08,198906.457013546,452380.772156309,2026-04-22 22:30:37,I,03,폐업,83.69,1,0,2024-02-01 17:17:46,,2017-05-22,,서울특별시 종로구 낙원동 56번지 2층,411 410 409 408 407 406 405 404 403 402,"구강악안면외과, 치과보철과, 치과교정과, 소아치과, 치주과, 치과보존과, 구강내과, 영상치의학과, 구강병리과, 예방치과",치과의원,PHMA120173000034041100018,3000000,"서울특별시 종로구 삼일대로30길 10-3, 2층 (낙원동)",03133,03,폐업,0,,,02-765-2875
서울갤럭시치과의원,치과의원,2024-03-31,198360.548238973,452168.842960879,2026-04-22 22:30:37,I,03,폐업,144.98,1,0,2024-03-27 16:44:15,,2017-06-01,,서울특별시 종로구 공평동 144번지 205호 94빌딩,411 410 409 408 407 406 405 404 403 402,"구강악안면외과, 치과보철과, 치과교정과, 소아치과, 치주과, 치과보존과, 구강내과, 영상치의학과, 구강병리과, 예방치과",치과의원,PHMA120173000034041100020,3000000,"서울특별시 종로구 삼봉로 94 (공평동, 94빌딩)",03158,03,폐업,0,,,02-2160-8484
로봇치과의원,치과의원,2018-08-18,198690.658978281,452665.844737685,2026-04-22 22:30:37,I,03,폐업,217.6,1,0,2018-08-31 10:09:42,,2017-09-21,,서울특별시 종로구 경운동 91번지 1호 서원빌딩 5층,411 410 409 408 407 406 405 404 403 402,"구강악안면외과, 치과보철과, 치과교정과, 소아치과, 치주과, 치과보존과, 구강내과, 영상치의학과, 구강병리과, 예방치과",치과의원,PHMA120173000034041100031,3000000,"서울특별시 종로구 삼일대로 469, 5층 (경운동, 서원빌딩)",03147,03,폐업,0,,,02-775-2875
이지스의원,의원,2025-01-31,197573.030749573,452175.335781858,2026-04-22 22:30:37,I,03,폐업,236.29,1,9,2025-01-31 14:21:03,,2017-10-11,,,115 114 110,"산부인과, 피부과, 비뇨의학과",의원,PHMA120173000034041100032,3000000,"서울특별시 종로구 세종대로23길 54 (당주동, 세종빌딩 10-2호)",03173,03,폐업,23,,,02-542-0106
광화문숲정신건강의학과의원,의원,2020-05-10,198119.023796404,452150.721723753,2026-04-22 22:30:37,I,03,폐업,41.7,3,0,2020-05-01 14:12:32,,2017-11-29,,서울특별시 종로구 청진동 182번지 4호 원일빌딩,103,정신건강의학과,의원,PHMA120173000034041100035,3000000,"서울특별시 종로구 종로3길 30, 3층 (청진동)",03156,03,폐업,0,,,02-722-7977
남일한의원,한의원,2019-10-15,200423.126511003,452173.821059876,2026-04-22 22:30:37,I,03,폐업,50.78,1,0,2019-10-15 16:43:52,,2018-01-09,,서울특별시 종로구 효제동 175번지 12호,308 307 305 304 303 302 301,"한방내과, 한방부인과, 한방소아과, 한방안·이비인후·피부과, 한방신경정신과, 사상체질과, 침구과",한의원,PHMA120183000034041100002,3000000,서울특별시 종로구 종로35가길 30 (효제동),03126,03,폐업,0,,,02-745-2272
예인치과의원,치과의원,2018-06-05,200667.750926795,452119.922348324,2026-04-22 22:30:37,I,03,폐업,157.95,1,0,2018-06-07 13:01:47,,2018-02-27,,서울특별시 종로구 종로6가 81번지 1호,403,치과보철과,치과의원,PHMA120183000034041100005,3000000,"서울특별시 종로구 종로 273-1, 3층 (종로6가)",03124,03,폐업,0,,,02-763-0036
홍제한의원,한의원,2019-05-27,200070.048653319,452114.591159727,2026-04-22 22:30:37,I,03,폐업,89.03,1,0,2019-05-27 10:59:56,,2018-04-26,,서울특별시 종로구 종로5가 88번지 3호 삼보빌딩,308 307 306 305 304 303 302 301,"한방내과, 한방부인과, 한방소아과, 한방안·이비인후·피부과, 한방신경정신과, 한방재활의학과, 사상체질과, 침구과",한의원,PHMA120183000034041100007,3000000,"서울특별시 종로구 종로33길 4, 삼보빌딩 3층 (종로5가)",03129,03,폐업,0,,,02-744-9203
로앤내과의원,의원,2022-02-28,198696.792161159,451962.68240104,2026-04-22 22:30:37,I,03,폐업,216.8,1,0,2022-03-08 17:05:51,,2018-05-02,,서울특별시 종로구 종로2가 75번지 9호 미려빌딩,101,내과,의원,PHMA120183000034041100008,3000000,"서울특별시 종로구 종로 78, 미려빌딩 403호 (종로2가)",03190,03,폐업,0,,,02-736-7575
박창증정신건강의학과의원,의원,2024-01-04,198130.982574569,451955.795979598,2026-04-22 22:30:38,I,03,폐업,62,1,0,2024-01-02 11:03:00,,2018-05-29,,,103,정신건강의학과,의원,PHMA120183000034041100012,3000000,"서울특별시 종로구 종로 22, 인주빌딩 604호 (서린동)",03188,03,폐업,0,,,02-923-2375
쓰리에스(3S)의원,의원,2020-02-29,200349.569785368,452115.859263607,2026-04-22 22:30:38,I,03,폐업,388.49,1,0,2020-02-28 11:17:34,,2018-08-21,,서울특별시 종로구 종로5가 20번지 2호,122 114 109 108 105 101,"내과, 정형외과, 성형외과, 마취통증의학과, 피부과, 가정의학과",의원,PHMA120183000034041100016,3000000,"서울특별시 종로구 종로 241-1, 2,3층 (종로5가)",03126,03,폐업,0,,,02-736-7575
서울큰나무치과의원,치과의원,2024-11-01,201279.677243439,452433.230830722,2026-04-22 22:30:38,I,03,폐업,155.57,1,0,2024-11-04 09:19:04,,2018-09-13,,서울특별시 종로구 창신동 237번지 레스빌,411 410 409 408 407 406 405 404 403 402,"구강악안면외과, 치과보철과, 치과교정과, 소아치과, 치주과, 치과보존과, 구강내과, 영상치의학과, 구강병리과, 예방치과",치과의원,PHMA120183000034041100018,3000000,"서울특별시 종로구 지봉로5길 5, 레스빌 3층 (창신동)",03104,03,폐업,0,2024-11-01,2034-11-01,02-6949-2088
틀플란트치과의원,치과의원,2023-10-11,198690.658978281,452665.844737685,2026-04-22 22:30:38,I,03,폐업,219.1,1,0,2023-09-22 13:34:33,,2018-11-27,,서울특별시 종로구 경운동 91번지 1호 서원빌딩,411 410 409 408 407 406 405 404 403 402,"구강악안면외과, 치과보철과, 치과교정과, 소아치과, 치주과, 치과보존과, 구강내과, 영상치의학과, 구강병리과, 예방치과",치과의원,PHMA120183000034041100022,3000000,"서울특별시 종로구 삼일대로 469, 서원빌딩 5층 (경운동)",03147,03,폐업,0,,,02-737-2884
구침가한의원,한의원,2022-07-25,198207.279003982,452082.344195698,2026-04-22 22:30:38,I,03,폐업,95.87,1,0,2022-07-26 14:39:59,,2019-08-21,,서울특별시 종로구 청진동 136번지 삼공빌딩 4층,308 307 306 305 304 303 302 301,"한방내과, 한방부인과, 한방소아과, 한방안·이비인후·피부과, 한방신경정신과, 한방재활의학과, 사상체질과, 침구과",한의원,PHMA120193000034041100015,3000000,"서울특별시 종로구 종로5길 13, 삼공빌딩 4층 (청진동)",03157,03,폐업,0,,,02-725-2777
서울치과의원,치과의원,2021-11-30,200880.057801796,452344.250500934,2026-04-22 22:30:38,I,03,폐업,49.5,1,0,2021-11-30 11:01:24,,2019-08-22,,서울특별시 종로구 창신동 582번지 17호,411 410 409 408 407 406 405 404 403 402,"구강악안면외과, 치과보철과, 치과교정과, 소아치과, 치주과, 치과보존과, 구강내과, 영상치의학과, 구강병리과, 예방치과",치과의원,PHMA120193000034041100017,3000000,서울특별시 종로구 창신길 40-2 (창신동),03106,03,폐업,0,,,02-744-2275
쓰리에스(3S)의원,의원,2021-01-30,200349.569785368,452115.859263607,2026-04-22 22:30:38,I,03,폐업,199.1,2,0,2021-01-29 16:26:44,,2020-03-09,,서울특별시 종로구 종로5가 20번지 2호,122 115 114 109 108 101,"내과, 성형외과, 마취통증의학과, 피부과, 비뇨의학과, 가정의학과",의원,PHMA120203000034041100003,3000000,"서울특별시 종로구 종로 241-1, 2층 (종로5가)",03126,03,폐업,0,,,02-762-9007
소망마취통증의학과의원,의원,2025-07-11,197567.849954354,452567.159554494,2026-04-22 22:30:39,I,03,폐업,247,1,0,2025-07-11 08:40:25,,2020-10-05,,서울특별시 종로구 적선동 80 적선현대빌딩,122 120 109 106 105 101,"내과, 정형외과, 신경외과, 마취통증의학과, 재활의학과, 가정의학과",의원,PHMA120203000034041100015,3000000,"서울특별시 종로구 사직로 130, 적선현대빌딩 2층 (적선동)",03170,03,폐업,0,,,02-6956-0300
쓰리에스(3S)의원,의원,2021-03-09,200349.569785368,452115.859263607,2026-04-22 22:30:39,I,03,폐업,199.1,1,0,2021-03-09 15:11:06,,2021-02-08,,서울특별시 종로구 종로5가 20-2,122 120 114 111 109 108 101,"내과, 성형외과, 마취통증의학과, 소아청소년과, 피부과, 재활의학과, 가정의학과",의원,PHMA120213000034041100002,3000000,"서울특별시 종로구 종로 241-1, 2층 (종로5가)",03126,03,폐업,0,,,02-762-9007
광남한의원,한의원,2023-07-01,200426.539075419,452129.114414097,2026-04-22 22:30:40,I,03,폐업,68.83,1,0,2023-06-30 16:03:02,,2022-01-17,,서울특별시 종로구 종로5가 9-6,308 305 304 303 302 301,"한방내과, 한방부인과, 한방소아과, 한방안·이비인후·피부과, 한방신경정신과, 침구과",한의원,PHMA120223000034041100001,3000000,서울특별시 종로구 종로 251-3(종로5가),03126,03,폐업,0,,,02-742-7374
쓰리에스의원,의원,2022-08-02,200349.569785368,452115.859263607,2026-04-22 22:30:40,I,03,폐업,190.98,1,0,2022-08-02 17:00:25,,2022-03-16,,서울특별시 종로구 종로5가 20-2 2층,114 108 101,"내과, 성형외과, 피부과",의원,PHMA120223000034041100003,3000000,"서울특별시 종로구 종로 241-1, 2층 (종로5가)",03126,03,폐업,0,,,02-762-9007
시온한의원,한의원,2023-09-09,198119.023796404,452150.721723753,2026-04-22 22:30:40,I,03,폐업,63.82,1,0,2023-09-12 15:27:32,,2022-05-26,,서울특별시 종로구 청진동 182-4 하은빌딩,308 307 306 305 304 303 302 301,"한방내과, 한방부인과, 한방소아과, 한방안·이비인후·피부과, 한방신경정신과, 한방재활의학과, 사상체질과, 침구과",한의원,PHMA120223000034041100009,3000000,"서울특별시 종로구 종로3길 30, 하은빌딩 6층 (청진동)",03156,03,폐업,0,,,02-582-7588
리움한의원,한의원,2024-01-31,199764.69151091,452177.255224359,2026-04-22 22:30:40,I,03,폐업,108.38,1,0,2024-02-13 14:13:36,,2022-09-21,,서울특별시 종로구 인의동 48-26 호텔아트리움,308 307 306 305 304 303 302 301,"한방내과, 한방부인과, 한방소아과, 한방안·이비인후·피부과, 한방신경정신과, 한방재활의학과, 사상체질과, 침구과",한의원,PHMA120223000034041100014,3000000,"서울특별시 종로구 창경궁로 106, 호텔아트리움 지하1층 (인의동)",03130,03,폐업,0,,,02-747-1073
원케이의원,의원,2023-06-10,199993.071594105,452126.28569377,2026-04-22 22:30:40,I,03,폐업,152,1,0,2023-06-15 17:16:22,,2022-11-08,,"서울특별시 종로구 종로5가 98 금원빌딩 405,406,407호",122 115 114 101,"내과, 피부과, 비뇨의학과, 가정의학과",의원,PHMA120223000034041100019,3000000,"서울특별시 종로구 종로 207, 금원빌딩 405,406,407호 (종로5가)",03129,03,폐업,0,,,02-3676-1699
서울의원,의원,2025-06-01,199926.168965464,452095.076003705,2026-04-22 22:30:40,I,03,폐업,159,2,0,2025-06-13 17:21:12,,2001-07-05,,"서울특별시 종로구 종로4가 2-16 2,3층",109 106 105 104 101,"내과, 외과, 정형외과, 신경외과, 마취통증의학과",의원,PHMA120223000034041100020,3000000,"서울특별시 종로구 종로 199-2, 2,3층 (종로4가)",03130,03,폐업,0,,,02-762-7424
광남한의원,한의원,2025-06-30,200426.539075419,452129.114414097,2026-04-22 22:30:41,I,03,폐업,68.83,1,0,2025-07-01 10:21:45,,2024-10-08,,서울특별시 종로구 종로5가 9-6,308 305 304 303 302 301,"한방내과, 한방부인과, 한방소아과, 한방안·이비인후·피부과, 한방신경정신과, 침구과",한의원,PHMA120243000034041100014,3000000,"서울특별시 종로구 종로 251-3, 1층 (종로5가)",03126,03,폐업,0,,,02-742-7374
신덕수치과의원,치과의원,1998-12-04,200676.461051791,451885.679506397,2026-04-22 22:30:26,I,03,폐업,84,1,0,2012-08-22 13:37:40,,1964-06-07,100-851,서울특별시 중구 을지로6가 18번지 16호,401,치과,치과의원,PHMA119643010033041100002,3010000,서울특별시 중구 장충단로 275 (을지로6가),,03,폐업,0,,,
중화한의원,한의원,2015-05-27,198515.040869457,450858.391949973,2026-04-22 22:30:26,I,03,폐업,30,1,0,2015-05-27 10:09:38,,1965-08-30,100-053,서울특별시 중구  4번지 5호,401,치과,한의원,PHMA119653010033041100001,3010000,서울특별시 중구 퇴계로16길 14-11 (회현동3가),,03,폐업,0,,,
곽치과의원,치과의원,2015-04-08,199310.400608061,451425.459277876,2026-04-22 22:30:26,I,03,폐업,30,1,0,2015-04-08 11:53:17,,1965-08-30,100-300,서울특별시 중구  17번지 4호,401,치과,치과의원,PHMA119653010033041100007,3010000,서울특별시 중구 충무로 46 (초동),,03,폐업,0,,,22664950
석치과의원,치과의원,2016-07-27,,,2026-04-22 22:30:26,I,03,폐업,30,1,0,2016-07-27 10:20:33,,1966-10-20,,남대문로5가 13-29,401,치과,치과의원,PHMA119663010033041100002,3010000,서울특별시 중구 세종대로 18 (남대문로5가),04527,03,폐업,0,,,
손오영치과의원,치과의원,2014-07-30,198605.69514452,451300.233238464,2026-04-22 22:30:26,I,03,폐업,30,1,0,2014-12-18 13:46:27,,1966-12-03,100-021,서울특별시 중구  28번지 2호,401,치과,치과의원,PHMA119663010033041100004,3010000,서울특별시 중구 명동길 49 (명동1가),,03,폐업,0,,,
최광철치과의원,치과의원,2015-12-01,199559.81287492,451275.242508566,2026-04-22 22:30:26,I,03,폐업,30,1,0,2015-11-30 16:42:05,,1966-12-03,100-282,서울특별시 중구  192번지 30호,401,치과,치과의원,PHMA119663010033041100005,3010000,"서울특별시 중구 마른내로 72, 2층 (인현동2가, 신성상가)",04558,03,폐업,0,,,22663363
이화치과의원,치과의원,2015-06-19,198463.538665408,451251.979634297,2026-04-22 22:30:26,I,03,폐업,30,1,0,2015-06-19 15:54:38,,1968-05-23,100-810,서울특별시 중구 명동2가 55번지 1호,401,치과,치과의원,PHMA119683010033041100002,3010000,서울특별시 중구 명동길 20 (명동2가),,03,폐업,0,,,
최단치과의원,치과의원,2020-02-20,201428.30714506,451382.652803149,2026-04-22 22:30:26,I,03,폐업,30,1,0,2020-02-18 14:33:38,,1971-06-30,,서울특별시 중구 신당동 112번지 1호 2층,401,치과,치과의원,PHMA119713010033041100003,3010000,서울특별시 중구 다산로42길 12 (신당동),04585,03,폐업,0,,,22529353
김화규치과의원,치과의원,2024-08-31,198333.028496101,450665.054323019,2026-04-22 22:30:26,I,03,폐업,84.42,1,0,2024-09-02 14:51:13,,1971-09-20,100-051,서울특별시 중구 회현동1가 208번지 롯데캐슬아이리스 상가동 307호,401,치과,치과의원,PHMA119713010033041100006,3010000,"서울특별시 중구 소공로 35, 307호 (회현동1가, 롯데캐슬아이리스 상가동)",04632,03,폐업,0,,,
최정형외과의원,의원,2021-12-01,200573.420855721,451276.590664728,2026-04-22 22:30:26,I,03,폐업,153,1,4,2021-12-21 10:48:35,,1971-12-04,100-412,서울특별시 중구  316번지 1호,105,정형외과,의원,PHMA119713010033041100007,3010000,서울특별시 중구 장충단로 214 (광희동2가),04614,03,폐업,4,,,22799277
유정한의원,한의원,2022-03-09,201872.60639746,451365.336074473,2026-04-22 22:30:26,I,03,폐업,30,1,0,2022-04-04 15:18:38,,1972-01-04,100-819,서울특별시 중구 신당동 151번지 16호,301 302 303 308,"한방내과, 한방부인과, 한방소아과, 침구과",한의원,PHMA119723010033041100002,3010000,서울특별시 중구 퇴계로90길 18 (신당동),04578,03,폐업,0,,,22388950
박시한의원,한의원,2015-09-23,200664.582936542,451781.8683954,2026-04-22 22:30:28,I,03,폐업,82,2,0,2015-09-23 15:13:04,,2001-09-08,100-762,서울특별시 중구 을지로6가 18번지 185호 밀리오레상가건물 14층,301 302 303 308,"한방내과, 한방부인과, 한방소아과, 침구과",한의원,PHMA120013010033041100019,3010000,"서울특별시 중구 장충단로 263, 14층 (을지로6가, 밀리오레상가건물)",04563,03,폐업,0,,,22777047
수생당한의원,한의원,2023-04-02,200446.244902305,451052.021834565,2026-04-22 22:30:28,I,03,폐업,48,1,0,2023-04-28 11:22:54,,2001-10-11,100-855,서울특별시 중구 장충동2가 4번지 3호 수흥빌딩2층,301 302 303 308,"한방내과, 한방부인과, 한방소아과, 침구과",한의원,PHMA120013010033041100021,3010000,서울특별시 중구 퇴계로56길 47 (장충동2가),04616,03,폐업,0,,,22687933
박만용의원,의원,2014-03-13,198065.845616529,450787.39677054,2026-04-22 22:30:28,I,03,폐업,30,2,0,2014-03-13 16:04:20,,2002-04-08,100-804,서울특별시 중구 남창동 9번지 15호 금오빌딩5층,122 114 108 104,"외과, 성형외과, 피부과, 가정의학과",의원,PHMA120023010033041100013,3010000,"서울특별시 중구 퇴계로 61, 5층 (남창동, 금오빌딩)",,03,폐업,0,,,
홍익치과의원,치과의원,2015-06-02,200802.727701072,450100.127638921,2026-04-22 22:30:28,I,03,폐업,68.44,1,0,2015-06-02 09:35:55,,2002-04-26,100-827,서울특별시 중구 신당동 368번지 3호 현대빌딩2층,401,치과,치과의원,PHMA120023010033041100016,3010000,"서울특별시 중구 다산로 104, 2층 (신당동, 현대빌딩)",,03,폐업,0,,,22362825
명동드림성모안과의원,의원,2015-07-01,198579.953032302,451091.136654704,2026-04-22 22:30:28,I,03,폐업,426.42,3,0,2015-07-01 13:51:44,,2002-05-06,100-810,"서울특별시 중구 명동2가 52번지 7호 남영빌딩4,5,6층",112,안과,의원,PHMA120023010033041100019,3010000,"서울특별시 중구 명동8길 36, 4,5,6층 (명동2가, 남영빌딩)",,03,폐업,0,,,
신광치과의원,치과의원,2016-07-30,199992.579396897,451139.304001968,2026-04-22 22:30:28,I,03,폐업,62.54,2,0,2016-07-28 15:23:23,,2002-07-15,100-380,서울특별시 중구 묵정동 27번지 10호,401,치과,치과의원,PHMA120023010033041100025,3010000,서울특별시 중구 퇴계로 260 (묵정동),04619,03,폐업,0,,,22791295
제선한의원,한의원,2023-05-28,200912.235399375,451107.128612978,2026-04-22 22:30:28,I,03,폐업,305.9,1,0,2023-06-22 17:18:43,,2002-08-30,100-888,"서울특별시 중구 신당동 236번지 378호 236-378 1층,2층",301 302 303 308 304 307 305 306,"한방내과, 한방부인과, 한방소아과, 한방안·이비인후·피부과, 한방신경정신과, 한방재활의학과, 사상체질과, 침구과",한의원,PHMA120023010033041100030,3010000,"서울특별시 중구 다산로29길 60, 1,2층 (신당동)",04613,03,폐업,0,2021-05-27,2023-05-26,22371998
현대치과의원,치과의원,2011-01-27,,,2026-04-22 22:30:28,I,03,폐업,103.6,1,0,2011-01-27 16:02:33,,2002-10-24,100-828,서울특별시 중구 신당2동 360-2 동진빌딩3층,401,치과,치과의원,PHMA120023010033041100033,3010000,,,03,폐업,0,,,22352802
한일치과의원,치과의원,2025-07-23,197836.402101893,451263.716163965,2026-04-22 22:30:28,I,03,폐업,62.5,1,0,2025-07-24 09:31:08,,2002-11-08,,,412,통합치의학과,치과의원,PHMA120023010033041100035,3010000,"서울특별시 중구 서소문로 138, 300호 (태평로2가, 대한일보빌딩)",04514,03,폐업,0,,,02-776-1594
미사랑치과의원,치과의원,2015-06-08,198514.126767917,451341.512309466,2026-04-22 22:30:28,I,03,폐업,231.02,1,0,2015-06-08 11:48:28,,2002-12-06,100-021,서울특별시 중구  59번지 1호 2층,401,치과,치과의원,PHMA120023010033041100037,3010000,"서울특별시 중구 명동7길 13, 2층 (명동1가)",,03,폐업,0,,,
을지로치과의원,치과의원,2004-09-20,199397.147619054,451545.552347045,2026-04-22 22:30:28,I,03,폐업,1,1,0,2012-08-22 13:36:31,,2002-11-06,100-847,서울특별시 중구 을지로3가 272번지 4호,401,치과,치과의원,PHMA120023010033041100041,3010000,서울특별시 중구 을지로 144 (을지로3가),,03,폐업,0,,,22782211
풍전치과의원,치과의원,2025-08-25,199547.388357162,451446.486398485,2026-04-22 22:30:28,I,03,폐업,65.8,1,0,2025-08-25 13:32:05,,2003-01-08,,서울특별시 중구 인현동1가 2-35 오일관광(주)호텔 피제이 2층 205호,402 403 405 406 407 408 409 411,"구강악안면외과, 치과보철과, 소아치과, 치주과, 치과보존과, 구강내과, 영상치의학과, 예방치과",치과의원,PHMA120033010033041100001,3010000,"서울특별시 중구 마른내로 71, 오일관광(주)호텔 피제이 2층 205호 (인현동1가)",04548,03,폐업,0,,,02-2272-2875
예원의원,의원,2013-03-01,197963.789217064,451793.816975812,2026-04-22 22:30:28,I,03,폐업,405.19,2,0,2013-02-25 18:22:08,,2003-01-13,100-768,서울특별시 중구 태평로1가 84번지 파이낸스빌딩 2층,122,가정의학과,의원,PHMA120033010033041100003,3010000,"서울특별시 중구 세종대로 136 (태평로1가,파이낸스빌딩 2층)",,03,폐업,0,,,
이화플러스치과의원,치과의원,2017-04-21,201341.792321443,451246.571908878,2026-04-22 22:30:29,I,03,폐업,79.23,2,0,2019-02-12 10:16:52,,2003-04-18,,서울특별시 중구 신당동 102번지 6호 102-6  하나빌딩3층,401,치과,치과의원,PHMA120033010033041100012,3010000,서울특별시 중구 다산로 230 (신당동),04585,03,폐업,0,,,22522926
연세아이들치과의원,치과의원,2014-07-14,201088.044245842,450810.809597259,2026-04-22 22:30:29,I,03,폐업,90.6,2,0,2014-08-20 15:53:58,,2003-05-01,100-884,서울특별시 중구 신당동 308번지 56호 2층,401,치과,치과의원,PHMA120033010033041100015,3010000,"서울특별시 중구 다산로 179, 2층 (신당동)",,03,폐업,0,,,22534820
밝은성모안과의원,의원,2009-07-06,198617.56275615,450922.262559512,2026-04-22 22:30:29,I,03,폐업,260.32,2,1,2016-02-17 13:25:43,,2003-07-02,,서울특별시 중구 남산동1가 1번지 2호 영창빌딩 3층,112,안과,의원,PHMA120033010033041100021,3010000,"서울특별시 중구 퇴계로 120, 3층 (남산동1가, 영창빌딩)",04631,03,폐업,2,,,62631515
하이미성형외과의원,의원,2015-10-19,198495.752148427,451241.680693735,2026-04-22 22:30:29,I,03,폐업,100,1,0,2015-10-19 16:48:57,,2003-09-30,100-810,서울특별시 중구 명동2가 50번지 14호 유네스코회관 801호,108 104,"외과, 성형외과",의원,PHMA120033010033041100024,3010000,"서울특별시 중구 명동길 26, 801호 (명동2가, 유네스코회관)",04536,03,폐업,0,,,
에이비씨치과의원,치과의원,2012-03-14,,,2026-04-22 22:30:29,I,03,폐업,122.1,1,0,2012-03-14 14:46:22,,2003-10-02,100-846,서울특별시 중구 을지로3가 296-8 상립빌딩3층,401,치과,치과의원,PHMA120033010033041100025,3010000,,,03,폐업,0,2011-09-07,2011-09-30,22677580
에스비뇨기과의원,의원,2014-09-26,198534.145906809,451403.474635446,2026-04-22 22:30:29,I,03,폐업,90.7,1,0,2014-09-26 11:40:09,,2003-10-24,100-845,서울특별시 중구  199번지 9호,115 114,"피부과, 비뇨의학과",의원,PHMA120033010033041100028,3010000,"서울특별시 중구 명동7길 25, 3층 (을지로2가, 진주빌딩)",,03,폐업,0,,,
해도담한의원,한의원,2017-04-17,200977.562507097,450220.341620653,2026-04-22 22:30:29,I,03,폐업,70.28,1,0,2017-04-17 15:06:12,,2003-11-14,100-827,서울특별시 중구 신당동 349번지 88호 2층,301 302 303 308 307 304 305 306,"한방내과, 한방부인과, 한방소아과, 한방안·이비인후·피부과, 한방신경정신과, 한방재활의학과, 사상체질과, 침구과",한의원,PHMA120033010033041100029,3010000,"서울특별시 중구 동호로10길 8, 2층 (신당동)",04594,03,폐업,0,,,22335275
더웰예인치과의원,치과의원,2012-12-31,198118.88012816,451614.362900051,2026-04-22 22:30:29,I,03,폐업,145.5,1,0,2013-01-09 18:05:36,,2003-12-31,100-842,서울특별시 중구 을지로1가 32번지,401,치과,치과의원,PHMA120033010033041100034,3010000,"서울특별시 중구 남대문로9길 51 (을지로1가, 효덕빌딩101호)",,03,폐업,0,,,
서울훈치과의원,치과의원,2021-06-27,199244.692232599,451733.939840894,2026-04-22 22:30:29,I,03,폐업,33.66,1,0,2021-06-23 14:46:21,,2004-01-19,100-853,서울특별시 중구 입정동 223번지,401,치과,치과의원,PHMA120043010033041100004,3010000,"서울특별시 중구 충무로 75, 5층 (입정동, 효봉빌딩)",04543,03,폐업,0,,,22663803
대한민국정형외과의원,의원,2019-01-28,201341.792321443,451246.571908878,2026-04-22 22:30:29,I,03,폐업,458.48,1,0,2020-08-05 11:08:31,,2004-02-27,,"서울특별시 중구 신당동 102번지 6호 1층, 2층",105 120 116 101 106 104,"내과, 외과, 정형외과, 신경외과, 영상의학과, 재활의학과",의원,PHMA120043010033041100008,3010000,서울특별시 중구 다산로 230 (신당동),04585,03,폐업,0,,,22327766
밝은미소치과의원,치과의원,2017-05-11,198127.72801526,451800.726494393,2026-04-22 22:30:29,I,03,폐업,100,1,0,2017-05-11 17:39:08,,2004-04-20,100-170,서울특별시 중구 무교동 7번지 시그너스빌딩 302호,401,치과,치과의원,PHMA120043010033041100015,3010000,"서울특별시 중구 무교로 28, 302호 (무교동, 시그너스빌딩)",04521,03,폐업,0,,,
헬로에이피엠정연실산부인과의원,의원,2024-04-30,200649.776732085,451689.785216541,2026-04-22 22:30:29,I,03,폐업,112.8,1,0,2024-05-16 16:53:30,,2004-04-26,100-951,서울특별시 중구 을지로6가 18번지 35호,110 101,"내과, 산부인과",의원,PHMA120043010033041100019,3010000,"서울특별시 중구 장충단로 253, 10층 7호 (을지로6가, 헬로에이피엠)",04564,03,폐업,0,,,02-6388-3883
라임나무치과의원,치과의원,2010-09-30,198606.595092806,451266.280823044,2026-04-22 22:30:29,I,03,폐업,412.8,5,0,2013-02-07 17:25:06,,2004-06-07,100-809,서울특별시 중구 명동2가 33번지 1호,401,치과,치과의원,PHMA120043010033041100027,3010000,"서울특별시 중구 명동길 48 (명동2가, 청휘빌딩4층)",,03,폐업,0,,,
유디치과의원,치과의원,2021-04-10,198459.656304955,451484.997004171,2026-04-22 22:30:29,I,03,폐업,243,2,0,2021-04-05 09:37:16,,2004-06-07,100-192,서울특별시 중구  198번지 OPUS11 3층,401,치과,치과의원,PHMA120043010033041100028,3010000,"서울특별시 중구 을지로 50, 3층 (을지로2가, OPUS11)",04534,03,폐업,0,,,
소생한의원,한의원,2012-12-21,,,2026-04-22 22:30:29,I,03,폐업,134.41,1,0,2012-12-20 16:56:58,,2004-07-09,100-827,서울특별시 중구 신당3동 368-90  한두빌딩3층,301 302 308 304 306,"한방내과, 한방부인과, 한방안·이비인후·피부과, 한방재활의학과, 침구과",한의원,PHMA120043010033041100035,3010000,,,03,폐업,0,,,22530555
김홍경의신농백초한의원,한의원,2013-04-02,198484.096465671,450963.971753178,2026-04-22 22:30:30,I,03,폐업,142.63,1,0,2013-04-02 16:59:36,,2004-10-04,100-011,서울특별시 중구 충무로1가 24번지 30호 명보빌딩9층,301 302 303 308 305 306 304 307,"한방내과, 한방부인과, 한방소아과, 한방안·이비인후·피부과, 한방신경정신과, 한방재활의학과, 사상체질과, 침구과",한의원,PHMA120043010033041100041,3010000,"서울특별시 중구 퇴계로 107 (충무로1가, 명보빌딩9층)",,03,폐업,0,,,
아이세상소아과의원,의원,2014-04-20,202131.747052459,451330.482879118,2026-04-22 22:30:30,I,03,폐업,87.55,2,0,2014-04-18 14:35:16,,2004-12-06,100-789,서울특별시 중구 신당동 171번지,111 113 114 101,"내과, 소아청소년과, 이비인후과, 피부과",의원,PHMA120043010033041100056,3010000,"서울특별시 중구 왕십리로 407, 4층 (신당동, 교통안전회관)",,03,폐업,0,,,22310456
유디치과의원(을지로점),치과의원,2011-08-11,,,2026-04-22 22:30:30,I,03,폐업,244.79,3,0,2011-08-11 16:11:02,,2004-12-10,100-845,서울특별시 중구 을지로2가 198  오퍼스11빌딩 3층,401,치과,치과의원,PHMA120043010033041100057,3010000,,,03,폐업,0,,,37892875
청산치과의원,치과의원,2025-03-22,200157.142890257,451644.963696557,2026-04-22 22:30:30,I,03,폐업,31,1,0,2025-03-25 16:48:22,,2005-01-03,,서울특별시 중구 을지로5가 35번지 1호 2층,411 409 408 407 406 405 403,"치과보철과, 소아치과, 치주과, 치과보존과, 구강내과, 영상치의학과, 예방치과",치과의원,PHMA120053010033041100001,3010000,서울특별시 중구 을지로 219 (을지로5가),04562,03,폐업,0,,,02-2265-8955
종각치과의원,치과의원,2021-05-03,198744.433228989,451677.065126229,2026-04-22 22:30:27,I,03,폐업,35.64,2,0,2021-05-03 14:34:07,,1995-05-19,100-760,서울특별시 중구 장교동 1번지 장교빌딩 8층 3호,401,치과,치과의원,PHMA119953010033041100008,3010000,"서울특별시 중구 삼일대로 363, 8층 3호 (장교동, 장교빌딩)",04541,03,폐업,0,,,
명동밀리오레산부인과의원,의원,2017-04-01,198636.2503948,451005.721641592,2026-04-22 22:30:27,I,03,폐업,126,2,0,2017-04-03 16:23:21,,1995-06-30,100-861,서울특별시 중구  65번지 9호 65-9  하이해리엇빌딩8층,110,산부인과,의원,PHMA119953010033041100009,3010000,"서울특별시 중구 퇴계로 123, 8층 (충무로2가, 하이해리엇빌딩)",04536,03,폐업,0,,,02-2079-0330
연세루트치과의원,치과의원,2021-03-15,197546.591214324,451007.28036878,2026-04-22 22:30:27,I,03,폐업,60.56,1,0,2021-03-15 09:31:41,,1995-09-06,100-737,서울특별시 중구 서소문동 135번지 올리브타워 지하1층 105호,401,치과,치과의원,PHMA119953010033041100014,3010000,"서울특별시 중구 세종대로9길 41, 지하1층 105호 (서소문동, 올리브타워)",04513,03,폐업,0,,,02-2130-2875
박성일한의원,한의원,2010-03-31,,,2026-04-22 22:30:27,I,03,폐업,30,2,0,2010-03-31 15:06:05,,1996-07-05,100-819,서울특별시 중구 신당5동 151-9,301 308,"한방내과, 침구과",한의원,PHMA119963010033041100009,3010000,,,03,폐업,0,,,22380457
흰돌치과의원,치과의원,2024-08-29,199867.937256754,451624.546965781,2026-04-22 22:30:27,I,03,폐업,53.43,2,0,2024-08-29 14:43:37,,1996-07-08,100-848,서울특별시 중구 을지로4가 125번지 3층 301호,401,치과,치과의원,PHMA119963010033041100010,3010000,"서울특별시 중구 을지로 191, 3층 301호 (을지로4가)",04546,03,폐업,0,,,02-2263-6060
대혜의원,의원,2023-12-15,199095.113474444,451098.796818087,2026-04-22 22:30:27,I,03,폐업,30,1,0,2024-01-05 10:47:06,,1997-06-11,100-013,서울특별시 중구  59번지 13호,104 101 110 114,"내과, 외과, 산부인과, 피부과",의원,PHMA119973010033041100006,3010000,서울특별시 중구 수표로 10 (충무로3가),04554,03,폐업,0,,,22666963
율곡한의원,한의원,2019-05-23,198444.864660579,450716.511731753,2026-04-22 22:30:27,I,03,폐업,137.37,1,0,2019-05-23 16:58:37,,1997-07-02,100-876,서울특별시 중구 회현동2가 27번지 삼양빌딩 2층,301 302 303 308,"한방내과, 한방부인과, 한방소아과, 침구과",한의원,PHMA119973010033041100009,3010000,"서울특별시 중구 소공로 36, 2층 (회현동2가, 삼양빌딩)",04631,03,폐업,0,,,
최성제치과의원,치과의원,2019-12-31,198712.290937471,451344.614137454,2026-04-22 22:30:27,I,03,폐업,69.67,2,0,2019-12-31 13:36:03,,1997-07-11,100-021,서울특별시 중구  1번지 3호 YWCA회관 506호,401,치과,치과의원,PHMA119973010033041100010,3010000,"서울특별시 중구 명동길 73, 506호 (명동1가, YWCA회관)",04538,03,폐업,0,,,
컬럼비아리더스치과의원,치과의원,2020-03-16,197591.838492458,451245.243387144,2026-04-22 22:30:27,I,03,폐업,102,1,0,2020-03-16 16:10:51,,1997-10-09,100-813,서울특별시 중구  47번지 2호,401,치과,치과의원,PHMA119973010033041100012,3010000,"서울특별시 중구 서소문로 115, 7층 (서소문동, 한성빌딩)",04515,03,폐업,0,,,02-755-2125
서울성모의원한의원,한의원,2023-09-14,201675.409021013,451958.495584927,2026-04-22 22:30:28,I,03,폐업,132.21,1,0,2023-08-31 10:51:51,,1997-03-17,,서울특별시 중구 황학동 1781번지 대중약국,308 307 306 301,"한방내과, 한방재활의학과, 사상체질과, 침구과",한의원,PHMA119973010033041100016,3010000,"서울특별시 중구 마장로9길 34, 2층 (황학동)",04573,03,폐업,0,,,02-2294-7585
누가한의원,한의원,2016-12-27,201625.068915497,451175.167476116,2026-04-22 22:30:28,I,03,폐업,74.69,1,0,2016-12-27 20:17:59,,1999-03-04,100-831,서울특별시 중구 신당동 52번지 15호 2층,301 302 303 308,"한방내과, 한방부인과, 한방소아과, 침구과",한의원,PHMA119993010033041100003,3010000,"서울특별시 중구 퇴계로86가길 6, 2층 (신당동)",04584,03,폐업,0,,,22528284
세연치과의원,치과의원,2008-11-27,201252.508004421,450817.329698139,2026-04-22 22:30:28,I,03,폐업,119.43,2,0,2014-02-21 09:42:23,,2004-01-07,100-824,서울특별시 중구 동화동 294번지 67호,401,치과,치과의원,PHMA119993010033041100007,3010000,,,03,폐업,0,,,22349390
약수서울치과의원,치과의원,2018-05-01,200968.443366556,450204.222308908,2026-04-22 22:30:28,I,03,폐업,52.36,1,0,2018-05-01 16:01:18,,1999-04-06,100-840,서울특별시 중구 신당동 373번지 34호 3층,401,치과,치과의원,PHMA119993010033041100008,3010000,"서울특별시 중구 동호로10길 6, 3층 (신당동)",04594,03,폐업,0,,,22327528
신당다혜의원,의원,2017-04-21,201334.779915273,451413.119285557,2026-04-22 22:30:28,I,03,폐업,112,1,0,2017-04-21 11:06:12,,1999-05-03,100-420,서울특별시 중구  1번지,101 111 113,"내과, 소아청소년과, 이비인후과",의원,PHMA119993010033041100012,3010000,"서울특별시 중구 다산로 245, 3층 (무학동)",04611,03,폐업,0,,,22346286
좋은치과의원,치과의원,2021-12-17,199343.8350731,451086.194574544,2026-04-22 22:30:28,I,03,폐업,76.69,1,0,2023-04-03 09:51:26,,1999-05-12,100-867,서울특별시 중구 필동1가 46번지 3호 한성빌딩,401,치과,치과의원,PHMA119993010033041100013,3010000,"서울특별시 중구 충무로 8, 2층 (필동1가, 한성빌딩)",04557,03,폐업,0,,,22735749
동대문시카고치과의원,치과의원,2022-05-31,200513.524528228,451579.099838143,2026-04-22 22:30:28,I,03,폐업,313.74,1,0,2024-04-01 17:20:54,,1999-07-27,100-851,서울특별시 중구 을지로6가 18번지 130호 기승빌딩 5층,401,치과,치과의원,PHMA119993010033041100018,3010000,"서울특별시 중구 을지로 255, 5층 (을지로6가, 기승빌딩)",04564,03,폐업,0,,,22662804
청아치과의원,치과의원,2025-02-21,200503.947755103,451166.363770873,2026-04-22 22:30:28,I,03,폐업,113.82,2,0,2025-02-21 16:20:41,,1999-09-03,100-391,서울특별시 중구 장충동1가 26번지 16호 지혜빌딩 5층,401,치과,치과의원,PHMA119993010033041100020,3010000,"서울특별시 중구 장충단로 201, 5층 (장충동1가, 지혜빌딩)",04615,03,폐업,0,,,22666836
명동안과의원,의원,2011-12-29,,,2026-04-22 22:30:28,I,03,폐업,333,2,0,2015-02-10 13:34:28,,1999-10-12,100-861,서울특별시 중구 충무로2가 65-9 TABBY빌딩8층,112,안과,의원,PHMA119993010033041100023,3010000,,,03,폐업,0,,,
뉴페이스의원,의원,2021-06-30,200653.453828451,451718.128484063,2026-04-22 22:30:28,I,03,폐업,79.8,2,0,2021-06-16 09:46:01,,2000-05-09,100-851,서울특별시 중구 을지로6가 18번지 95호 18-95 을호빌딩6층,101 114 108,"내과, 성형외과, 피부과",의원,PHMA120003010033041100008,3010000,"서울특별시 중구 장충단로13길 7, 6층 (을지로6가, 을호빌딩)",04564,03,폐업,0,,,22637522
수송연세치과의원,치과의원,2014-08-27,197638.403594278,451154.232387243,2026-04-22 22:30:28,I,03,폐업,102.34,1,0,2014-08-27 13:48:33,,2000-05-22,100-814,서울특별시 중구  75번지 95호,401,치과,치과의원,PHMA120003010033041100009,3010000,"서울특별시 중구 서소문로 116 (서소문동, 유원빌딩)",,03,폐업,0,,,
명동밝은세상안과의원,의원,2017-04-17,198617.56275615,450922.262559512,2026-04-22 22:30:28,I,03,폐업,546.44,1,0,2017-04-17 16:09:56,,2000-07-03,100-041,"서울특별시 중구 남산동1가 1번지 2호 영창빌딩 8층,9층",112,안과,의원,PHMA120003010033041100011,3010000,"서울특별시 중구 퇴계로 120, 8층,9층 (남산동1가, 영창빌딩)",04631,03,폐업,0,,,080-711-0101
쾌통한의원,한의원,2016-06-29,198126.501924718,451827.973207366,2026-04-22 22:30:28,I,03,폐업,91.9,1,0,2016-06-29 09:51:23,,2000-07-15,100-170,서울특별시 중구 무교동 1번지 효령빌딩 508호,301 302 303 308,"한방내과, 한방부인과, 한방소아과, 침구과",한의원,PHMA120003010033041100015,3010000,"서울특별시 중구 무교로 32, 508호 (무교동, 효령빌딩)",04521,03,폐업,0,,,22520375
손산부인과의원,의원,2016-02-22,201687.107644786,451417.239528779,2026-04-22 22:30:28,I,03,폐업,166.4,2,0,2016-02-22 09:55:37,,2000-09-15,100-819,서울특별시 중구 신당동 141번지 1호,110,산부인과,의원,PHMA120003010033041100019,3010000,서울특별시 중구 퇴계로86길 11 (신당동),04578,03,폐업,0,,,22377040
연세함치과의원,치과의원,2016-08-12,200750.455125653,449638.824308081,2026-04-22 22:30:28,I,03,폐업,94.1,2,0,2016-08-11 11:58:16,,2000-11-21,100-754,신당동 844번지 남산타운아파트 스포츠센터동 2층,401,치과,치과의원,PHMA120003010033041100027,3010000,"서울특별시 중구 다산로 32, 스포츠센터동 2층 (신당동, 남산타운아파트)",04595,03,폐업,0,,,22562800
백민의원,의원,2014-01-24,197675.397522479,450448.56432183,2026-04-22 22:30:28,I,03,폐업,146.4,1,0,2014-01-24 10:23:28,,2001-03-09,100-722,서울특별시 중구 남대문로5가 537번지 537번지 GS빌딩 아케이드,120 101 105,"내과, 정형외과, 재활의학과",의원,PHMA120013010033041100007,3010000,"서울특별시 중구 퇴계로 10 (남대문로5가, GS빌딩 아케이드)",,03,폐업,0,,,37891937
와이진성형외과의원,의원,2017-11-01,198162.211231825,450968.535505767,2026-04-22 22:30:28,I,03,폐업,113.95,1,0,2017-11-01 09:32:51,,2001-04-09,,서울특별시 중구 회현동1가 202번지 5호,122 118 114 113 108 104 101,"내과, 외과, 성형외과, 이비인후과, 피부과, 병리과, 가정의학과",의원,PHMA120013010033041100010,3010000,서울특별시 중구 남대문시장길 73-3 (회현동1가),04529,03,폐업,0,,,02-752-1021
가디언즈치과의원,치과의원,2022-10-31,198737.553769773,451081.894647871,2026-04-22 22:30:38,I,03,폐업,336,3,0,2022-10-21 17:40:31,,2007-06-25,,,402 403 404 405 406 407 408 409 410 411 412,"구강악안면외과, 치과보철과, 치과교정과, 소아치과, 치주과, 치과보존과, 구강내과, 영상치의학과, 구강병리과, 예방치과, 통합치의학과",치과의원,PHMA120073010033041100030,3010000,"서울특별시 중구 명동8가길 27, 4층 (충무로2가, 선샤인빌딩)",04537,03,폐업,0,,,02-771-1400
나우비의원,의원,2020-03-10,198658.240957681,451273.716592846,2026-04-22 22:30:38,I,03,폐업,160,1,0,2020-03-09 10:56:05,,2007-06-26,100-809,서울특별시 중구 명동2가 2번지 20호 한송빌딩 7층,101 102 103 122 114 108,"내과, 신경과, 정신건강의학과, 성형외과, 피부과, 가정의학과",의원,PHMA120073010033041100031,3010000,"서울특별시 중구 명동길 58, 7층 (명동2가, 한송빌딩)",04537,03,폐업,0,,,
청명의원,의원,2008-05-21,200390.645123623,450940.785651183,2026-04-22 22:30:38,I,03,폐업,94.52,1,0,2014-03-10 14:58:09,,2007-06-28,100-855,서울특별시 중구 장충동2가 25번지 3호,101 113 111 114,"내과, 소아청소년과, 이비인후과, 피부과",의원,PHMA120073010033041100032,3010000,"서울특별시 중구 동호로24길 33, 2층 (장충동2가)",,03,폐업,0,,,26865448
인수한의원,한의원,2015-08-24,201221.48794772,450873.344252428,2026-04-22 22:30:38,I,03,폐업,86.7,1,0,2015-08-24 16:00:21,,2007-07-11,100-824,서울특별시 중구 신당동 294번지 13호 신진빌딩 6층,301 302 303 308,"한방내과, 한방부인과, 한방소아과, 침구과",한의원,PHMA120073010033041100034,3010000,"서울특별시 중구 청구로 70, 6층 (신당동, 신진빌딩)",04586,03,폐업,0,,,22541275
명치과의원,치과의원,2020-06-25,199018.466688723,451463.482685622,2026-04-22 22:30:38,I,03,폐업,87,1,0,2020-06-25 13:26:36,,2007-08-20,100-032,서울특별시 중구 저동2가 78번지 78번지 비즈센타 511호,401,치과,치과의원,PHMA120073010033041100037,3010000,"서울특별시 중구 수표로 45, 5층 511호 (저동2가, 비지센터)",04551,03,폐업,0,,,34069123
행복플러스가정의학과의원,의원,2019-10-04,199321.165205491,451454.182728434,2026-04-22 22:30:38,I,03,폐업,116,1,0,2019-10-04 16:24:30,,2007-09-27,100-300,서울특별시 중구 초동 17번지 1호 2층,122 101 111 113 114 109 105,"내과, 정형외과, 마취통증의학과, 소아청소년과, 이비인후과, 피부과, 가정의학과",의원,PHMA120073010033041100040,3010000,"서울특별시 중구 충무로 48, 2층 (초동)",04549,03,폐업,0,,,22728575
고운미소의원,의원,2015-04-30,198744.433228989,451677.065126229,2026-04-22 22:30:38,I,03,폐업,127,1,0,2015-04-27 17:35:17,,2007-10-10,100-797,서울특별시 중구  1번지,122,가정의학과,의원,PHMA120073010033041100043,3010000,"서울특별시 중구 청계천로 86, 8층 9호 (장교동, 장교빌딩)",,03,폐업,0,,,
태의당한의원,한의원,2014-06-26,198560.694554378,451400.785003747,2026-04-22 22:30:38,I,03,폐업,122,1,0,2014-06-26 10:40:06,,2007-11-19,100-845,서울특별시 중구 을지로2가 195번지 3호 한양빌딩303호,301 302 303 308 304 307 305 306,"한방내과, 한방부인과, 한방소아과, 한방안·이비인후·피부과, 한방신경정신과, 한방재활의학과, 사상체질과, 침구과",한의원,PHMA120073010033041100046,3010000,"서울특별시 중구 명동9길 23 (을지로2가, 한양빌딩303호)",,03,폐업,0,,,
더재활의학과의원,의원,2017-07-12,200463.625303538,450497.460903907,2026-04-22 22:30:38,I,03,폐업,117.69,3,0,2017-07-12 15:02:05,,2007-12-12,100-856,서울특별시 중구 장충동2가 202번지 신라호텔3층,122 120 114 108,"성형외과, 피부과, 재활의학과, 가정의학과",의원,PHMA120073010033041100048,3010000,"서울특별시 중구 동호로 249, 3층 (장충동2가, 신라호텔)",04605,03,폐업,0,,,22303395
미프란트치과의원,치과의원,2010-10-05,199492.981109179,450994.468193414,2026-04-22 22:30:38,I,03,폐업,140,3,0,2010-10-05 14:45:32,,2008-01-03,100-272,서울특별시 중구 필동2가 15번지 2호 4층,401,치과,치과의원,PHMA120083010033041100001,3010000,"서울특별시 중구 퇴계로 210 (필동2가,4층)",,03,폐업,0,,,22687582
코리아치과의원,치과의원,2008-11-26,197807.272037491,451613.968450395,2026-04-22 22:30:38,I,03,폐업,340,1,0,2014-05-29 13:18:00,,2008-01-10,100-120,서울특별시 중구  3번지 7호,401,치과,치과의원,PHMA120083010033041100003,3010000,"서울특별시 중구 세종대로19길 16, 1층 (정동, 성공회빌딩)",,03,폐업,0,,,
뷰티클래식피부과의원,의원,2021-04-24,198674.673569812,451271.21866039,2026-04-22 22:30:38,I,03,폐업,341,2,0,2021-04-16 10:33:26,,2008-02-01,100-809,"서울특별시 중구 명동2가 2번지 16호 T avenue 501호,502호",114,피부과,의원,PHMA120083010033041100008,3010000,"서울특별시 중구 명동길 60, 501호, 502호 (명동2가, T avenue)",04537,03,폐업,0,,,
세교치과의원,치과의원,2013-07-19,198076.949537107,451651.922365289,2026-04-22 22:30:38,I,03,폐업,133.42,1,0,2013-07-17 10:38:07,,2008-02-18,100-170,서울특별시 중구 무교동 24번지 2호,401,치과,치과의원,PHMA120083010033041100010,3010000,"서울특별시 중구 무교로 13, 9층 (무교동, 휘닉스빌딩)",,03,폐업,0,,,02-773-3690
윤정신과의원,의원,2021-03-31,200894.233937202,450392.171235672,2026-04-22 22:30:38,I,03,폐업,114,1,0,2023-05-11 17:26:46,,2008-03-05,100-834,서울특별시 중구 신당동 374번지 9호 3층,103,정신건강의학과,의원,PHMA120083010033041100013,3010000,"서울특별시 중구 다산로 133, 3층 (신당동)",04607,03,폐업,0,2021-01-18,2021-07-31,22342274
효원한의원,한의원,2014-11-21,197759.846865384,451176.0621063,2026-04-22 22:30:38,I,03,폐업,98,1,0,2014-11-21 12:02:05,,2008-03-21,100-814,서울특별시 중구 서소문동 116번지 (2층),301 302 303 308 307 304 305 306,"한방내과, 한방부인과, 한방소아과, 한방안·이비인후·피부과, 한방신경정신과, 한방재활의학과, 사상체질과, 침구과",한의원,PHMA120083010033041100015,3010000,서울특별시 중구 세종대로 69-14 (서소문동),,03,폐업,0,,,
연세하늘치과의원,치과의원,2025-02-28,199034.527731993,451069.258542595,2026-04-22 22:30:39,I,03,폐업,68,1,0,2025-02-27 14:53:00,,2008-04-08,,서울특별시 중구 충무로2가 51-15 2층,402 403 406 407 408 411 412,"구강악안면외과, 치과보철과, 치주과, 치과보존과, 구강내과, 예방치과, 통합치의학과",치과의원,PHMA120083010033041100018,3010000,"서울특별시 중구 삼일대로4길 12, 2층 (충무로2가)",04553,03,폐업,0,,,02-2278-2875
뉴하트의원,의원,2021-11-30,200149.661350411,451742.650390416,2026-04-22 22:30:39,I,03,폐업,30,1,0,2021-11-30 14:19:34,,2008-05-29,100-812,서울특별시 중구 방산동 79번지 1호 2층,104 114 101 111 113 122 115 107 109,"내과, 외과, 심장혈관흉부외과, 마취통증의학과, 소아청소년과, 이비인후과, 피부과, 비뇨의학과, 가정의학과",의원,PHMA120083010033041100026,3010000,"서울특별시 중구 동호로 376, 2층 (방산동)",04562,03,폐업,0,,,22657582
경희서진한의원,한의원,2015-04-10,201726.806519228,451462.316640157,2026-04-22 22:30:39,I,03,폐업,70.92,2,0,2015-04-10 13:10:15,,2008-06-23,100-819,서울특별시 중구 신당5동 140번지 10호 3층,301 302 303 308 304 307 305 306,"한방내과, 한방부인과, 한방소아과, 한방안·이비인후·피부과, 한방신경정신과, 한방재활의학과, 사상체질과, 침구과",한의원,PHMA120083010033041100030,3010000,"서울특별시 중구 퇴계로 438-1 (신당동, 3층)",,03,폐업,0,,,
e-밝은미소치과의원,치과의원,2012-12-17,,,2026-04-22 22:30:39,I,03,폐업,99,1,0,2012-12-17 15:32:02,,2008-06-24,100-849,서울특별시 중구 을지로4가 247-1 (2층),401,치과,치과의원,PHMA120083010033041100031,3010000,,,03,폐업,0,,,22722845
우리치과의원,치과의원,2012-08-03,,,2026-04-22 22:30:39,I,03,폐업,128.55,1,0,2012-08-02 16:55:34,,2008-07-21,100-195,서울특별시 중구 을지로5가 77-24 무궁화빌딩5층,401,치과,치과의원,PHMA120083010033041100037,3010000,,,03,폐업,0,,,22781963
부엉이한의원,한의원,2024-11-29,201047.899695285,451814.35044652,2026-04-22 22:30:39,I,03,폐업,232.41,1,0,2024-11-29 17:56:13,,2008-07-28,,서울특별시 중구 신당동 213번지 49호,301 302 303 308 304,"한방내과, 한방부인과, 한방소아과, 한방안·이비인후·피부과, 침구과",한의원,PHMA120083010033041100039,3010000,"서울특별시 중구 마장로1길 18 (신당동, 엘리시움)",04568,03,폐업,0,,,02-2235-7512
플라자의원,의원,2015-03-31,198034.125156517,451321.55784154,2026-04-22 22:30:40,I,03,폐업,110.55,1,0,2015-03-31 17:21:17,,2012-09-25,100-755,서울특별시 중구 소공동 110번지 한화소공빌딩15층,114 122,"피부과, 가정의학과",의원,PHMA120083010033041100048,3010000,"서울특별시 중구 소공로 109 (소공동, 한화소공빌딩15층)",,03,폐업,0,,,
휴먼치과의원,치과의원,2015-04-30,198164.81085207,450959.327320834,2026-04-22 22:30:40,I,03,폐업,116.5,1,0,2015-04-30 11:12:20,,2008-10-28,100-874,서울특별시 중구 회현동1가 202번지 6호,401,치과,치과의원,PHMA120083010033041100051,3010000,"서울특별시 중구 남대문시장길 73, 6층 (회현동1가, 제왕빌딩)",,03,폐업,0,,,21287778
앤여성의원,의원,2017-09-28,198504.71050756,450963.951884949,2026-04-22 22:30:40,I,03,폐업,342.48,2,0,2020-12-08 15:30:16,,2008-12-22,100-011,서울특별시 중구 충무로1가 24번지 31호 12층,110,산부인과,의원,PHMA120083010033041100054,3010000,"서울특별시 중구 퇴계로 109, 12층 (충무로1가)",04536,03,폐업,0,,,
미담치과의원,치과의원,2014-11-21,196864.942838297,450649.69804319,2026-04-22 22:30:40,I,03,폐업,297.12,3,0,2015-04-09 16:00:32,,2008-12-29,100-727,서울특별시 중구 중림동 200번지 삼성사이버빌리지상가1 302호 302호,401,치과,치과의원,PHMA120083010033041100055,3010000,"서울특별시 중구 중림로 10 (중림동, 삼성사이버빌리지상가1 302호)",,03,폐업,0,,,
명동안과의원,의원,2014-03-04,200573.641273539,451621.036467544,2026-04-22 22:30:40,I,03,폐업,209.25,4,0,2014-05-12 09:10:43,,2008-12-15,100-729,"서울특별시 중구 을지로6가 18번지 21호 굿모닝시티 1505,1506",112 108 114,"성형외과, 안과, 피부과",의원,PHMA120083010033041100056,3010000,"서울특별시 중구 장충단로 247 (을지로6가, 굿모닝시티 1505,1506)",,03,폐업,0,,,21188600
루비의원,의원,2010-03-27,,,2026-04-22 22:30:40,I,03,폐업,66,1,0,2010-03-26 13:40:31,,2008-05-06,100-021,서울특별시 중구 명동1가  59-7 (6층),103 102 114 108,"신경과, 정신건강의학과, 성형외과, 피부과",의원,PHMA120083010033041100057,3010000,,,03,폐업,0,,,
굿모닝가정의학과의원,의원,2012-04-30,200573.641273539,451621.036467544,2026-04-22 22:30:40,I,03,폐업,56.23,1,0,2014-11-20 16:14:44,,2008-11-10,100-851,서울특별시 중구 을지로6가 18-21 굿모닝시티지하3층(16호),122 101 113 114,"내과, 이비인후과, 피부과, 가정의학과",의원,PHMA120083010033041100058,3010000,"서울특별시 중구 장충단로 247 (을지로6가, 굿모닝시티지하3층(16호))",,03,폐업,0,2012-01-12,2013-01-09,
명동퀸의원,의원,2011-07-27,198636.2503948,451005.721641592,2026-04-22 22:30:40,I,03,폐업,216,1,0,2011-07-27 13:42:28,,2009-01-02,100-012,서울특별시 중구 충무로2가 65번지 9호 타비투빌딩 8층,122 101 114 108,"내과, 성형외과, 피부과, 가정의학과",의원,PHMA120093010033041100001,3010000,"서울특별시 중구 퇴계로 123 (충무로2가,타비투빌딩 8층)",,03,폐업,0,,,20790855
이니셜치과의원,치과의원,2012-08-28,198567.716675244,451040.498321504,2026-04-22 22:30:40,I,03,폐업,431.27,3,0,2018-04-19 10:38:52,,2009-01-02,100-011,서울특별시 중구 충무로1가 23번지 10호 4층,201 204 207 210 202 205 208 401 203 206 209,"구강악안면외과, 치과보철과, 치과교정과, 소아치과, 치주과, 치과보존과, 구강내과, 구강악안면방사선과, 구강병리과, 예방치과, 치과",치과의원,PHMA120093010033041100002,3010000,"서울특별시 중구 명동8나길 6 (충무로1가,4층)",,03,폐업,0,,,
훈치과의원,치과의원,2022-04-04,197843.820719318,450717.353642797,2026-04-22 22:30:40,I,03,폐업,41.58,1,0,2022-04-01 09:35:02,,2009-01-14,100-804,서울특별시 중구 남창동 52번지 3호 TRILLION빌딩 10층 1007호,401,치과,치과의원,PHMA120093010033041100005,3010000,"서울특별시 중구 소월로 9, 10층 1007호 (남창동, TRILLION빌딩)",04528,03,폐업,0,,,
코코아늘씬의원,의원,2010-04-10,198606.595092806,451266.280823044,2026-04-22 22:30:40,I,03,폐업,116.5,1,0,2010-04-09 13:20:33,,2009-02-06,100-022,서울특별시 중구 명동2가 33번지 1호 청휘빌딩 7층,114 108,"성형외과, 피부과",의원,PHMA120093010033041100006,3010000,"서울특별시 중구 명동길 48 (명동2가,청휘빌딩 7층)",,03,폐업,0,,,
맑은마음정신과의원,의원,2010-11-01,200834.272541234,450284.36348544,2026-04-22 22:30:40,I,03,폐업,94,2,0,2010-11-01 16:25:08,,2009-02-20,100-841,서울특별시 중구 신당3동 369번지 7호 4층,103,정신건강의학과,의원,PHMA120093010033041100007,3010000,"서울특별시 중구 동호로 189 (신당동,4층)",,03,폐업,0,,,22383680
아이리스치과의원,치과의원,2012-02-07,198680.133680543,450985.94795658,2026-04-22 22:30:40,I,03,폐업,195,2,0,2012-02-07 14:00:18,,2009-02-23,100-861,서울특별시 중구 충무로2가 65번지 6호 2층,401,치과,치과의원,PHMA120093010033041100008,3010000,"서울특별시 중구 퇴계로 127 (충무로2가,2층)",,03,폐업,0,,,
비버리힐의원,의원,2009-10-01,198609.133297534,451076.718300025,2026-04-22 22:30:40,I,03,폐업,54,1,0,2009-10-01 17:20:27,,2009-02-26,100-861,서울특별시 중구 충무로2가 66번지 19호 4층,108 115,"성형외과, 비뇨의학과",의원,PHMA120093010033041100009,3010000,"서울특별시 중구 명동8길 39 (충무로2가,4층)",,03,폐업,0,,,
청계성모의원,의원,2018-02-25,201675.409021013,451958.495584927,2026-04-22 22:30:40,I,03,폐업,132,1,0,2018-06-07 16:20:23,,2009-03-02,100-871,서울특별시 중구 황학동 1781번지 2층,101 113 114 111 115,"내과, 소아청소년과, 이비인후과, 피부과, 비뇨의학과",의원,PHMA120093010033041100010,3010000,"서울특별시 중구 마장로9길 34, 2층 (황학동)",04573,03,폐업,0,,,22990330
지인마취통증의학과의원,의원,2017-04-27,200931.446400556,450131.890199294,2026-04-22 22:30:40,I,03,폐업,246.79,1,3,2017-04-27 14:07:16,,2009-03-12,100-840,서울특별시 중구 신당3동 372번지 3호 2층,109 105 106 120 101,"내과, 정형외과, 신경외과, 마취통증의학과, 재활의학과",의원,PHMA120093010033041100011,3010000,"서울특별시 중구 동호로 171, 2층 (신당동)",04596,03,폐업,6,,,22327577
이화가정의학과의원,의원,2010-08-24,200893.529879802,449989.938509479,2026-04-22 22:30:40,I,03,폐업,115.2,1,0,2010-08-24 13:23:33,,2009-04-06,100-840,서울특별시 중구 신당3동 372번지 95호 2층,101 113 111 114 112,"내과, 소아청소년과, 안과, 이비인후과, 피부과",의원,PHMA120093010033041100013,3010000,"서울특별시 중구 동호로7길 37 (신당동,2층)",,03,폐업,0,,,22377582
강북신광한의원,한의원,2018-04-08,197953.365497851,451330.097303553,2026-04-22 22:30:40,I,03,폐업,289.78,4,0,2018-03-30 15:19:19,,2009-04-13,100-733,서울특별시 중구 태평로2가 43번지 한화금융센터 지하1층 101호,301 304 307 308 302 305 303 306,"한방내과, 한방부인과, 한방소아과, 한방안·이비인후·피부과, 한방신경정신과, 한방재활의학과, 사상체질과, 침구과",한의원,PHMA120093010033041100015,3010000,"서울특별시 중구 세종대로 92, 지하1층 101호 (태평로2가, 한화금융센터)",04525,03,폐업,0,,,37898765
중정한의원,한의원,2013-07-26,198636.142124311,451325.229841133,2026-04-22 22:30:40,I,03,폐업,99.89,1,0,2013-07-26 16:34:30,,2009-04-23,100-021,서울특별시 중구 명동1가 7번지 1호 태흥빌딩6층(603호),301 304 307 308 302 305 303 306,"한방내과, 한방부인과, 한방소아과, 한방안·이비인후·피부과, 한방신경정신과, 한방재활의학과, 사상체질과, 침구과",한의원,PHMA120093010033041100018,3010000,"서울특별시 중구 명동길 55 (명동1가, 태흥빌딩6층(603호))",,03,폐업,0,,,37897017
지앤아이내과의원,의원,2025-03-15,197612.995083649,450539.857693464,2026-04-22 22:30:40,I,03,폐업,263.11,3,0,2025-03-17 10:00:10,,2009-04-24,100-753,서울특별시 중구 남대문로5가 84번지 11호 연세재단세브란스빌딩1층,101 113 114 111,"내과, 소아청소년과, 이비인후과, 피부과",의원,PHMA120093010033041100020,3010000,"서울특별시 중구 통일로 10, 1층 (남대문로5가, 연세재단세브란스빌딩)",04527,03,폐업,0,,,22590075
B&B 치과의원,치과의원,2010-08-05,,,2026-04-22 22:30:40,I,03,폐업,97.2,1,0,2010-08-05 11:01:03,,2009-05-19,100-851,서울특별시 중구 을지로6가 굿모닝시티 8층,401,치과,치과의원,PHMA120093010033041100022,3010000,,,03,폐업,0,,,
경희현한의원,한의원,2011-05-24,201059.027030278,450585.614726154,2026-04-22 22:30:40,I,03,폐업,73.9,1,0,2011-05-24 17:36:29,,2009-05-19,100-826,서울특별시 중구 신당4동 340번지 63호 B&J빌딩 2층,301,한방내과,한의원,PHMA120093010033041100023,3010000,"서울특별시 중구 다산로22길 8 (신당동,B&J빌딩 2층)",,03,폐업,0,,,
우리연세이비인후과의원,의원,2015-06-01,198490.512404745,451316.412077837,2026-04-22 22:30:40,I,03,폐업,363.87,5,1,2015-07-21 10:04:36,,2009-06-04,100-021,서울특별시 중구 명동1가 54번지 8호 개양빌딩 10층,101 113 122 105,"내과, 정형외과, 이비인후과, 가정의학과",의원,PHMA120093010033041100024,3010000,"서울특별시 중구 명동3길 6 (명동1가, 개양빌딩 10층)",,03,폐업,1,,,
조은재활의학과의원,의원,2013-09-27,200800.925470229,450289.83533661,2026-04-22 22:30:40,I,03,폐업,171.33,2,0,2013-09-27 15:22:27,,2009-07-01,100-828,서울특별시 중구 신당2동 360번지 3호 선일빌딩2층,105 102 101 109 120,"내과, 신경과, 정형외과, 마취통증의학과, 재활의학과",의원,PHMA120093010033041100026,3010000,"서울특별시 중구 동호로 191 (신당동,선일빌딩2층)",,03,폐업,0,,,22363114
김연선의원,의원,2011-03-07,200939.621760694,450380.44780687,2026-04-22 22:30:41,I,03,폐업,77.5,1,0,2011-03-07 13:17:44,,2009-07-13,100-454,서울특별시 중구 신당4동 369번지 22호 2층,108,성형외과,의원,PHMA120093010033041100027,3010000,"서울특별시 중구 다산로 134 (신당동,2층)",,03,폐업,0,2010-09-07,2011-03-07,
서울시티치과의원,치과의원,2022-12-22,197633.853821626,450220.266556941,2026-04-22 22:30:41,I,03,폐업,89.1,1,0,2024-12-30 15:11:34,,2009-08-03,100-741,서울특별시 중구 남대문로5가 581번지 서울시티타워빌딩 지하1층 20호,401,치과,치과의원,PHMA120093010033041100029,3010000,"서울특별시 중구 후암로 110, 지하1층 20호 (남대문로5가)",04637,03,폐업,0,,,22886900
연세우리치과의원,치과의원,2013-12-20,,,2026-04-22 22:30:41,I,03,폐업,59.85,1,0,2013-12-20 13:24:28,,2009-09-01,100-722,서울특별시 중구 남대문로5가 GS역전타워,401,치과,치과의원,PHMA120093010033041100031,3010000,,,03,폐업,0,,,02-3789-7520
명동경희한의원,한의원,2013-03-01,198737.553769773,451081.894647871,2026-04-22 22:30:41,I,03,폐업,327.9,3,0,2013-03-05 14:35:20,,2009-09-09,100-860,서울특별시 중구 충무로2가 11번지 1호 선샤인빌딩9층,301 304 307 302 305 308 303 306,"한방내과, 한방부인과, 한방소아과, 한방안·이비인후·피부과, 한방신경정신과, 한방재활의학과, 사상체질과, 침구과",한의원,PHMA120093010033041100032,3010000,"서울특별시 중구 명동8가길 27 (충무로2가, 선샤인빌딩9층)",,03,폐업,0,,,
이은미내추럴한의원,한의원,2019-05-31,198670.8463656,451001.187885886,2026-04-22 22:30:41,I,03,폐업,281.8,1,0,2019-06-03 12:01:41,,2009-10-01,100-861,서울특별시 중구 충무로2가 65번지 5호 신일기업빌딩 3층,301 303 302 308,"한방내과, 한방부인과, 한방소아과, 침구과",한의원,PHMA120093010033041100033,3010000,"서울특별시 중구 명동10길 58, 3층 (충무로2가, 신일기업빌딩)",04536,03,폐업,0,,,34461240
미한의원,한의원,2014-02-25,198495.752148427,451241.680693735,2026-04-22 22:30:41,I,03,폐업,344.9,1,0,2014-02-25 15:19:41,,2009-10-29,100-810,서울특별시 중구 명동2가 50번지 14호 유네스코빌딩 8층,301 304 307 308 305 302 303 306,"한방내과, 한방부인과, 한방소아과, 한방안·이비인후·피부과, 한방신경정신과, 한방재활의학과, 사상체질과, 침구과",한의원,PHMA120093010033041100034,3010000,"서울특별시 중구 명동길 26, 8층 (명동2가, 유네스코빌딩)",,03,폐업,0,,,
구안과의원,의원,2010-04-30,200664.582936542,451781.8683954,2026-04-22 22:30:41,I,03,폐업,18.22,1,0,2010-05-03 09:02:26,,2009-11-03,100-762,서울특별시 중구 을지로6가 18번지 185호 밀리오레 1305호,112,안과,의원,PHMA120093010033041100035,3010000,"서울특별시 중구 장충단로 263 (을지로6가,밀리오레 1305호)",,03,폐업,0,,,
뷔올의원,의원,2011-03-30,198259.65357739,451392.198218657,2026-04-22 22:30:41,I,03,폐업,70.73,2,0,2013-09-11 11:09:21,,2009-11-09,100-070,서울특별시 중구 소공동 1번지 롯데호텔 2층,114,피부과,의원,PHMA120093010033041100037,3010000,,,03,폐업,0,,,
서울수치과의원,치과의원,2015-03-05,200999.416248308,450518.940817637,2026-04-22 22:30:41,I,03,폐업,123.73,1,0,2015-03-05 10:34:46,,2009-11-11,100-893,서울특별시 중구 신당동 370번지 24호 370-24 2층,401,치과,치과의원,PHMA120093010033041100038,3010000,"서울특별시 중구 다산로 150, 2층 (신당동)",,03,폐업,0,,,32982875
경희나비본한의원,한의원,2011-12-14,,,2026-04-22 22:30:41,I,03,폐업,248.97,1,0,2011-12-14 14:47:36,,2009-12-03,100-440,서울특별시 중구 황학동  2545 롯데캐슬베네치아상가 2074~2077,301 307 304 302 305 308 303 306,"한방내과, 한방부인과, 한방소아과, 한방안·이비인후·피부과, 한방신경정신과, 한방재활의학과, 사상체질과, 침구과",한의원,PHMA120093010033041100040,3010000,,,03,폐업,0,,,20486300
스타일미의원,의원,2012-09-04,200649.776732085,451689.785216541,2026-04-22 22:30:41,I,03,폐업,263.6,2,0,2012-09-04 08:24:00,,2009-12-02,100-951,"서울특별시 중구 을지로6가 18번지 35호  헬로우APM 10층(3,4호)",110 114 108 101 115,"내과, 성형외과, 산부인과, 피부과, 비뇨의학과",의원,PHMA120093010033041100041,3010000,"서울특별시 중구 장충단로 253 (을지로6가,  헬로우APM 10층(3,4호))",,03,폐업,0,,,63883476
오스킨 의원,의원,2014-06-16,198636.2503948,451005.721641592,2026-04-22 22:30:41,I,03,폐업,94.79,2,0,2014-06-16 14:41:54,,2010-02-25,100-861,서울특별시 중구 충무로2가 65번지 9호 타비몰 7층,114 108 122 105 101,"내과, 정형외과, 성형외과, 피부과, 가정의학과",의원,PHMA120103010033041100004,3010000,"서울특별시 중구 퇴계로 123 (충무로2가, 타비몰7층)",,03,폐업,0,,,
멘파워비뇨기과의원,의원,2025-01-18,198570.763227981,450918.448606154,2026-04-22 22:30:30,I,03,폐업,142,1,1,2025-01-16 13:46:29,,2005-03-03,,서울특별시 중구 회현동3가 1-5 삼영빌딩,115,비뇨의학과,의원,PHMA120053010033041100015,3010000,"서울특별시 중구 퇴계로 116-1, 삼영빌딩 5층 (회현동3가)",04631,03,폐업,1,,,
명동푸른안과의원,의원,2015-03-29,198701.068936486,450989.452153672,2026-04-22 22:30:31,I,03,폐업,261.01,2,0,2015-03-26 14:14:18,,2005-05-06,100-861,서울특별시 중구 충무로2가 64번지 6호 64-6 화영빌딩3층,112,안과,의원,PHMA120053010033041100029,3010000,"서울특별시 중구 퇴계로 129, 3층 (충무로2가, 화영빌딩)",,03,폐업,0,,,
신세계정치과의원,치과의원,2015-11-06,198263.90839194,450960.762964932,2026-04-22 22:30:34,I,03,폐업,87.11,1,0,2015-11-06 14:45:11,,2005-08-04,100-747,서울특별시 중구 충무로1가 52번지 5호 신세계백화점 13층,401,치과,치과의원,PHMA120053010033041100043,3010000,"서울특별시 중구 소공로 63, 13층 (충무로1가, 신세계백화점)",04530,03,폐업,0,,,
사단법인기독교국제선교협회 서울중앙의원,의원,2013-11-01,198081.615572486,451274.465297044,2026-04-22 22:30:34,I,03,폐업,128.83,1,0,2013-11-01 10:53:57,,2005-09-02,100-070,서울특별시 중구 소공동 112번지 6호 동양빌딩3층,101 111 122,"내과, 소아청소년과, 가정의학과",의원,PHMA120053010033041100050,3010000,"서울특별시 중구 세종대로18길 36 (소공동, 동양빌딩3층)",,03,폐업,0,,,
하워드마취통증의학과의원,의원,2017-04-26,201334.779915273,451413.119285557,2026-04-22 22:30:34,I,03,폐업,68.53,1,0,2017-04-12 11:55:11,,2005-10-31,100-420,서울특별시 중구 무학동 1번지 상민빌딩 4층,109 101 104 105,"내과, 외과, 정형외과, 마취통증의학과",의원,PHMA120053010033041100058,3010000,"서울특별시 중구 다산로 245, 4층 (무학동, 상민빌딩)",04611,03,폐업,0,,,22368188
즐거운이치과의원,치과의원,2013-02-08,199052.003479785,451526.163051448,2026-04-22 22:30:34,I,03,폐업,80.3,2,0,2013-02-08 17:54:49,,2005-11-07,100-846,서울특별시 중구 을지로3가 346번지 1호 2층,401,치과,치과의원,PHMA120053010033041100059,3010000,"서울특별시 중구 을지로 110 (을지로3가, 2층)",,03,폐업,0,,,22682873
일맥한의원,한의원,2019-03-20,198570.763227981,450918.448606154,2026-04-22 22:30:35,I,03,폐업,161.3,1,0,2019-03-19 15:38:55,,2006-01-02,100-053,서울특별시 중구  1번지 5호,301 302 303 308 304 307 305 306,"한방내과, 한방부인과, 한방소아과, 한방안·이비인후·피부과, 한방신경정신과, 한방재활의학과, 사상체질과, 침구과",한의원,PHMA120063010033041100001,3010000,"서울특별시 중구 퇴계로 116-1, 8층 (회현동3가, 삼영빌딩)",04631,03,폐업,0,,,
예스치과의원,치과의원,2022-09-20,201299.711623506,451473.364210853,2026-04-22 22:30:35,I,03,폐업,166.35,1,0,2023-04-03 15:26:17,,2006-02-27,100-880,서울특별시 중구  122번지 1호 일신빌딩3층,401,치과,치과의원,PHMA120063010033041100006,3010000,"서울특별시 중구 퇴계로 395, 3층 (흥인동, 일신빌딩)",04569,03,폐업,0,,,22362882
자연한의원,한의원,2013-02-18,,,2026-04-22 22:30:35,I,03,폐업,95.64,1,0,2013-02-18 10:02:08,,2006-03-09,100-824,서울특별시 중구 신당6동 29467 1층,301 302 303 308,"한방내과, 한방부인과, 한방소아과, 침구과",한의원,PHMA120063010033041100009,3010000,,,03,폐업,0,,,22533175
이현구치과의원,치과의원,2010-10-19,,,2026-04-22 22:30:35,I,03,폐업,73.3,1,0,2010-10-19 14:17:02,,2006-04-03,100-846,서울특별시 중구 을지로3가 95-14 광덕빌딩 4층,401,치과,치과의원,PHMA120063010033041100013,3010000,,,03,폐업,0,,,22852817
리브인뉴욕한의원,한의원,2012-07-31,198274.209368138,451268.05553169,2026-04-22 22:30:35,I,03,폐업,144,1,0,2012-07-31 11:26:01,,2006-04-14,100-070,서울특별시 중구 소공동 28번지 태양빌딩401호,301 302 303 308 304 307 305 306,"한방내과, 한방부인과, 한방소아과, 한방안·이비인후·피부과, 한방신경정신과, 한방재활의학과, 사상체질과, 침구과",한의원,PHMA120063010033041100016,3010000,"서울특별시 중구 남대문로7길 11 (소공동, 태양빌딩401호)",,03,폐업,0,,,
맑은하늘한의원,한의원,2018-05-01,198816.862302246,451046.239894672,2026-04-22 22:30:35,I,03,폐업,89.81,1,0,2018-07-16 13:55:17,,2006-05-03,100-861,서울특별시 중구 충무로2가 62번지 5호 3층,301 302 303 308 305 306 304 307,"한방내과, 한방부인과, 한방소아과, 한방안·이비인후·피부과, 한방신경정신과, 한방재활의학과, 사상체질과, 침구과",한의원,PHMA120063010033041100021,3010000,"서울특별시 중구 명동8가길 42, 3층 (충무로2가)",04537,03,폐업,0,,,
호치과의원,치과의원,2014-09-30,199571.599470393,451124.851387624,2026-04-22 22:30:36,I,03,폐업,57.9,1,0,2015-12-10 16:14:33,,2006-07-10,100-713,서울특별시 중구 충무로4가 120번지 3호,401,치과,치과의원,PHMA120063010033041100033,3010000,"서울특별시 중구 퇴계로 217, 4층 463호 (충무로4가, 진양상가)",,03,폐업,0,,,22755584
재단법인소공의약개발연구원 갱생의원,의원,2015-11-26,198170.661094714,451256.151029714,2026-04-22 22:30:36,I,03,폐업,60.39,1,0,2015-11-26 16:09:40,,2006-08-01,,서울특별시 중구 소공동 79번지 2호,101 104 122,"내과, 외과, 가정의학과",의원,PHMA120063010033041100042,3010000,"서울특별시 중구 소공로 96 (소공동, 지에스지빌딩)",04532,03,폐업,0,2015-09-03,2015-12-02,32725703
서울아트치과의원,치과의원,2021-05-01,201070.979414952,451874.637536958,2026-04-22 22:30:37,I,03,폐업,123.65,1,0,2021-05-07 17:57:06,,2007-03-02,100-887,서울특별시 중구 신당동 213번지 67호 아트프라자 4층,411 410 409 408 407 406 405 404 403 402,"구강악안면외과, 치과보철과, 치과교정과, 소아치과, 치주과, 치과보존과, 구강내과, 영상치의학과, 구강병리과, 예방치과",치과의원,PHMA120073010033041100004,3010000,"서울특별시 중구 마장로1길 28, 4층 (신당동, 아트프라자)",04568,03,폐업,0,,,02-2232-2879
흥인한의원,한의원,2014-11-01,201333.051784092,451598.479736791,2026-04-22 22:30:37,I,03,폐업,70,1,0,2014-10-31 10:11:43,,2007-03-12,100-880,서울특별시 중구  156번지,301 302 303 308,"한방내과, 한방부인과, 한방소아과, 침구과",한의원,PHMA120073010033041100009,3010000,"서울특별시 중구 다산로 265, 2층 (흥인동, 럭키프라자)",,03,폐업,0,,,22563690
미고운의원,의원,2020-02-24,198590.414302969,451038.262729925,2026-04-22 22:30:37,I,03,폐업,81,1,0,2020-02-24 17:24:34,,2007-04-02,100-011,"서울특별시 중구 충무로1가 23번지 8호 삼성빌딩 2,3층",108 104 114 101,"내과, 외과, 성형외과, 피부과",의원,PHMA120073010033041100016,3010000,"서울특별시 중구 명동8나길 2, 2,3층 (충무로1가, 삼성빌딩)",04536,03,폐업,0,,,
소중한몸한의원,한의원,2023-01-20,197503.140313534,450941.074201187,2026-04-22 22:30:37,I,03,폐업,125.3,1,0,2023-01-19 11:09:59,,2007-05-08,100-883,서울특별시 중구 순화동 53번지 아이엔지센터 지하1층,308 307 306 305 304 303 302 301,"한방내과, 한방부인과, 한방소아과, 한방안·이비인후·피부과, 한방신경정신과, 한방재활의학과, 사상체질과, 침구과",한의원,PHMA120073010033041100019,3010000,"서울특별시 중구 세종대로7길 37, 지하1층 (순화동, 아이엔지센터)",04511,03,폐업,0,,,02-779-1075
메이치과의원,치과의원,2023-02-12,197503.140313534,450941.074201187,2026-04-22 22:30:37,I,03,폐업,209.7,1,0,2023-03-23 09:59:25,,2007-05-08,100-883,서울특별시 중구 순화동 53번지 아이엔지센터 지하1층,411 410 409 408 407 406 405 404 403 402,"구강악안면외과, 치과보철과, 치과교정과, 소아치과, 치주과, 치과보존과, 구강내과, 영상치의학과, 구강병리과, 예방치과",치과의원,PHMA120073010033041100020,3010000,"서울특별시 중구 세종대로7길 37, 지하1층 (순화동, 아이엔지센터)",04511,03,폐업,0,,,
송도치과의원,치과의원,2014-06-30,200662.510848873,449859.454550281,2026-04-22 22:30:37,I,03,폐업,212.3,1,0,2015-12-07 10:10:14,,2007-05-28,100-830,서울특별시 중구 신당동 366번지 97호,401,치과,치과의원,PHMA120073010033041100023,3010000,"서울특별시 중구 다산로 78, 지하1층 (신당동)",,03,폐업,0,,,
진의원,의원,2014-07-15,197612.995083649,450539.857693464,2026-04-22 22:30:37,I,03,폐업,150.8,1,0,2014-07-15 14:20:14,,2007-05-31,100-753,서울특별시 중구 남대문로5가 84번지 11호 연세세브란스빌딩1층,108 114,"성형외과, 피부과",의원,PHMA120073010033041100024,3010000,"서울특별시 중구 통일로 10, 1층 (남대문로5가, 연세세브란스빌딩)",,03,폐업,0,,,22591177
에스웰빙의원,의원,2019-05-19,200894.233937202,450392.171235672,2026-04-22 22:30:37,I,03,폐업,118.8,1,0,2019-05-16 15:52:46,,2007-06-04,100-834,서울특별시 중구 신당동 374번지 9호,122 114 115,"피부과, 비뇨의학과, 가정의학과",의원,PHMA120073010033041100026,3010000,"서울특별시 중구 다산로 133, 4층 (신당동)",04607,03,폐업,0,,,22542101
경희을지한의원,한의원,2017-06-08,199846.186904251,451626.31296047,2026-04-22 22:30:42,I,03,폐업,77.74,1,0,2017-06-08 10:13:59,,2012-08-14,100-848,서울특별시 중구  127번지,301 304 307 302 305 308 303 306,"한방내과, 한방부인과, 한방소아과, 한방안·이비인후·피부과, 한방신경정신과, 한방재활의학과, 사상체질과, 침구과",한의원,PHMA120123010033041100015,3010000,"서울특별시 중구 을지로27길 1, 2층 (을지로4가)",04546,03,폐업,0,,,02-2272-1075
한나라한의원,한의원,2014-01-07,200613.510297669,451817.515366883,2026-04-22 22:30:42,I,03,폐업,141.9,1,0,2014-01-07 11:05:50,,2012-09-11,100-726,서울특별시 중구  17번지 2호,301 304 307 308 305 302 303 306,"한방내과, 한방부인과, 한방소아과, 한방안·이비인후·피부과, 한방신경정신과, 한방재활의학과, 사상체질과, 침구과",한의원,PHMA120123010033041100018,3010000,"서울특별시 중구 장충단로13길 20, 3층 (을지로6가, 케레스타빌딩)",,03,폐업,0,,,02-555-4463
구생의원,의원,2013-01-28,,,2026-04-22 22:30:42,I,03,폐업,55,1,0,2013-01-28 16:40:32,,2012-11-16,,,106 120 109,"신경외과, 마취통증의학과, 재활의학과",의원,PHMA120123010033041100021,3010000,"서울특별시 중구 퇴계로 416, 5층 502호 (신당동)",,03,폐업,0,,,
시즈까의원,의원,2014-12-01,198764.134727145,451069.853807055,2026-04-22 22:30:42,I,03,폐업,149.4,1,0,2015-06-30 09:20:55,,2012-11-16,100-860,서울특별시 중구 충무로2가 12번지 19호,114 115,"피부과, 비뇨의학과",의원,PHMA120123010033041100022,3010000,"서울특별시 중구 명동8가길 31, 7층 (충무로2가, 진고개빌딩)",,03,폐업,0,,,
우리연세정형외과의원,의원,2013-08-02,198581.190542256,451262.710046462,2026-04-22 22:30:43,I,03,폐업,277.97,5,0,2013-07-31 17:21:15,,2012-12-05,100-809,서울특별시 중구 명동2가 33번지 2호,113 101 105,"내과, 정형외과, 이비인후과",의원,PHMA120123010033041100023,3010000,"서울특별시 중구 명동길 42, 6층 (명동2가, 우리은행명동지점)",,03,폐업,0,,,02-755-5300
다산한의원,한의원,2024-05-31,200894.233937202,450392.171235672,2026-04-22 22:30:43,I,03,폐업,133,1,0,2024-05-31 10:53:11,,2014-01-28,,,301 302 303 304 305 306 307 308,"한방내과, 한방부인과, 한방소아과, 한방안·이비인후·피부과, 한방신경정신과, 한방재활의학과, 사상체질과, 침구과",한의원,PHMA120133010033041100001,3010000,"서울특별시 중구 다산로 133, 샘클리닉빌딩 4층 (신당동)",04607,03,폐업,0,,,02-2232-3987
덕수한의원 을지로점,한의원,2019-08-01,198537.634392897,451684.504129471,2026-04-22 22:30:43,I,03,폐업,58.54,1,0,2019-07-09 09:25:57,,2013-01-07,,서울특별시 중구 수하동 40번지 2호 502호,301 304 307 302 305 308 303 306,"한방내과, 한방부인과, 한방소아과, 한방안·이비인후·피부과, 한방신경정신과, 한방재활의학과, 사상체질과, 침구과",한의원,PHMA120133010033041100002,3010000,"서울특별시 중구 남대문로10길 28, 5층 502호 (수하동)",04539,03,폐업,0,,,02-318-1073
미앤미의원,의원,2023-03-13,198504.71050756,450963.951884949,2026-04-22 22:30:43,I,03,폐업,342.48,1,0,2023-03-14 10:43:17,,2013-01-11,,서울특별시 중구 충무로1가 24번지 31호 2431빌딩 14층 1401호,101 104 110 122 114 108 115,"내과, 외과, 성형외과, 산부인과, 피부과, 비뇨의학과, 가정의학과",의원,PHMA120133010033041100004,3010000,"서울특별시 중구 퇴계로 109, 14층 1401호 (충무로1가, 2431빌딩)",04536,03,폐업,0,,,02-754-1108
미사랑의원,의원,2013-04-30,200503.947755103,451166.363770873,2026-04-22 22:30:43,I,03,폐업,99.89,1,0,2013-04-30 10:27:01,,2013-01-11,100-391,서울특별시 중구 장충동1가 26번지 16호 지혜빌딩 5층,114 108,"성형외과, 피부과",의원,PHMA120133010033041100005,3010000,"서울특별시 중구 장충단로 201, 5층 (장충동1가, 지혜빌딩)",,03,폐업,0,,,
서소문한의원,한의원,2015-01-20,197772.478513016,451236.839278329,2026-04-22 22:30:43,I,03,폐업,28.6,1,0,2015-01-20 16:39:41,,2013-01-14,,,301 304 307 302 305 308 303 306,"한방내과, 한방부인과, 한방소아과, 한방안·이비인후·피부과, 한방신경정신과, 한방재활의학과, 사상체질과, 침구과",한의원,PHMA120133010033041100006,3010000,"서울특별시 중구 서소문로 130 (서소문동, 대양빌딩502호)",,03,폐업,0,,,
즐거운이치과의원,치과의원,2022-12-31,199052.003479785,451526.163051448,2026-04-22 22:30:43,I,03,폐업,80.3,1,0,2025-03-04 14:01:18,,2013-02-18,100-846,서울특별시 중구 을지로3가 346번지 1호,411 410 409 408 407 406 405 404 403 402,"구강악안면외과, 치과보철과, 치과교정과, 소아치과, 치주과, 치과보존과, 구강내과, 영상치의학과, 구강병리과, 예방치과",치과의원,PHMA120133010033041100009,3010000,"서울특별시 중구 을지로 110, 2층 (을지로3가)",04550,03,폐업,0,,,02-2268-2872
유한의원,한의원,2014-06-24,198636.2503948,451005.721641592,2026-04-22 22:30:43,I,03,폐업,110,1,0,2014-06-24 14:48:25,,2013-03-07,100-861,서울특별시 중구 충무로2가 65번지 9호,301 302 303 306 305 304 307 308,"한방내과, 한방부인과, 한방소아과, 한방안·이비인후·피부과, 한방신경정신과, 한방재활의학과, 사상체질과, 침구과",한의원,PHMA120133010033041100012,3010000,"서울특별시 중구 퇴계로 123, 7층 (충무로2가, 하이헤리엇)",,03,폐업,0,,,02-757-7582
명동남산한의원,한의원,2014-12-05,198737.553769773,451081.894647871,2026-04-22 22:30:43,I,03,폐업,219,1,0,2014-12-05 11:12:38,,2013-03-28,100-860,서울특별시 중구 충무로2가 11번지 1호 선샤인빌딩9층,301 307 304 302 305 308 303 306,"한방내과, 한방부인과, 한방소아과, 한방안·이비인후·피부과, 한방신경정신과, 한방재활의학과, 사상체질과, 침구과",한의원,PHMA120133010033041100014,3010000,"서울특별시 중구 명동8가길 27, 9층 (충무로2가, 선샤인빌딩)",,03,폐업,0,,,02-777-0533
유니퀸의원,의원,2015-04-01,197118.982921493,450533.253226771,2026-04-22 22:30:43,I,03,폐업,127.9,1,0,2015-04-01 13:24:56,,2013-04-22,100-808,서울특별시 중구 만리동1가 51번지 1호,108 114,"성형외과, 피부과",의원,PHMA120133010033041100016,3010000,"서울특별시 중구 중림로 50-1, 2층 (만리동1가, 스카이천사빌딩)",,03,폐업,0,,,
앰앨바이오의원,의원,2013-08-21,199596.408605995,450974.556013244,2026-04-22 22:30:43,I,03,폐업,82.5,2,0,2013-08-21 14:59:49,,2013-05-07,100-272,서울특별시 중구 필동2가 29번지 7호,101 102 114 111 120 109,"내과, 신경과, 마취통증의학과, 소아청소년과, 피부과, 재활의학과",의원,PHMA120133010033041100017,3010000,"서울특별시 중구 필동로 5, 4층 402호 (필동2가)",,03,폐업,0,,,02-2285-6273
봄봄한의원,한의원,2019-07-13,198109.617344821,451640.773996802,2026-04-22 22:30:43,I,03,폐업,99,1,0,2019-06-14 11:37:45,,2013-05-13,,,301 302 303 304 305 306 307 308 309,"한방내과, 한방부인과, 한방소아과, 한방안·이비인후·피부과, 한방신경정신과, 한방재활의학과, 사상체질과, 침구과, 한방응급과",한의원,PHMA120133010033041100018,3010000,"서울특별시 중구 무교로 12, 4층 (무교동, 정오빌딩)",04522,03,폐업,0,,,02-777-7845
생클한의원,한의원,2015-04-30,198564.1795109,451386.874682463,2026-04-22 22:30:43,I,03,폐업,220.77,1,0,2015-04-30 10:04:08,,2013-05-24,100-021,서울특별시 중구 명동1가 38번지 1호,301 304 307 308 305 302 303 306,"한방내과, 한방부인과, 한방소아과, 한방안·이비인후·피부과, 한방신경정신과, 한방재활의학과, 사상체질과, 침구과",한의원,PHMA120133010033041100019,3010000,"서울특별시 중구 명동9길 21, 4층 (명동1가, 포커스빌딩)",,03,폐업,0,,,02-562-5802
유주현치과의원,치과의원,2018-11-22,200041.151368923,451022.370096851,2026-04-22 22:30:43,I,03,폐업,44.27,1,0,2018-11-19 09:36:09,,2013-06-04,,서울특별시 중구 묵정동 24번지 13호,401,치과,치과의원,PHMA120133010033041100020,3010000,"서울특별시 중구 퇴계로50가길 2 (묵정동, 평화빌딩)",04618,03,폐업,0,,,02-2268-2870
예소람의원,의원,2014-03-13,198095.7951961,450940.108370401,2026-04-22 22:30:43,I,03,폐업,82.97,1,0,2014-03-13 14:46:34,,2013-07-03,100-804,서울특별시 중구 남창동 1번지 1호 상동교회,114 122,"피부과, 가정의학과",의원,PHMA120133010033041100021,3010000,"서울특별시 중구 남대문로 30, 5층 (남창동)",,03,폐업,0,,,02-777-1063
더가정의학과의원,의원,2015-11-21,198259.65357739,451392.198218657,2026-04-22 22:30:43,I,03,폐업,168.33,2,0,2015-11-18 13:57:38,,2013-08-16,100-721,서울특별시 중구 소공동 1번지 롯데호텔 본관6층,122,가정의학과,의원,PHMA120133010033041100024,3010000,"서울특별시 중구 을지로 30, 6층 (소공동, 롯데호텔본관)",04533,03,폐업,0,2015-11-21,2025-11-20,
중구홈스천사한의원,한의원,2014-01-09,199549.585021122,450943.470738433,2026-04-22 22:30:43,I,03,폐업,201.97,2,0,2014-01-09 17:41:08,,2013-08-19,100-272,서울특별시 중구 필동2가 19번지 5호 토픽빌딩2층,301 304 307 302 305 308 303 306 309,"한방내과, 한방부인과, 한방소아과, 한방안·이비인후·피부과, 한방신경정신과, 한방재활의학과, 사상체질과, 침구과, 한방응급과",한의원,PHMA120133010033041100025,3010000,"서울특별시 중구 퇴계로 212-13, 2층 (필동2가, 토픽빌딩)",,03,폐업,0,,,
주원의원,의원,2015-03-30,198554.88341859,451001.448149829,2026-04-22 22:30:43,I,03,폐업,216,1,0,2015-03-30 10:59:35,,2013-08-23,,,114 108,"성형외과, 피부과",의원,PHMA120133010033041100026,3010000,"서울특별시 중구 명동8나길 9, 4층 (충무로1가)",,03,폐업,0,,,37897111
리쥬엘의원,의원,2022-11-01,200612.848675101,451299.379284015,2026-04-22 22:30:43,I,03,폐업,436.24,2,0,2022-10-31 13:29:54,,2013-10-18,100-412,서울특별시 중구 광희동2가 266번지 성우빌딩11층,122 113 101 104 114 111,"내과, 외과, 소아청소년과, 이비인후과, 피부과, 가정의학과",의원,PHMA120133010033041100029,3010000,"서울특별시 중구 퇴계로 324, 11층 (광희동2가, 성우빌딩)",04614,03,폐업,0,,,02-862-7546
어뉴의원,의원,2017-09-29,198109.617344821,451640.773996802,2026-04-22 22:30:43,I,03,폐업,121.55,1,0,2017-09-25 10:04:42,,2013-11-04,100-170,서울특별시 중구 무교동 21번지 3호 정오빌딩7층,114 115,"피부과, 비뇨의학과",의원,PHMA120133010033041100031,3010000,"서울특별시 중구 무교로 12, 7층 (무교동, 정오빌딩)",04522,03,폐업,0,,,02-755-1010
한담한의원,한의원,2025-10-10,200971.301073505,450297.873617696,2026-04-22 22:30:43,I,03,폐업,117.8,1,0,2025-10-01 16:09:49,,2013-11-05,100-826,서울특별시 중구 신당동 348번지 135호 광영빌딩 2층,301 304 307 302 305 308 303 306 309,"한방내과, 한방부인과, 한방소아과, 한방안·이비인후·피부과, 한방신경정신과, 한방재활의학과, 사상체질과, 침구과, 한방응급과",한의원,PHMA120133010033041100032,3010000,"서울특별시 중구 동호로10길 21, 2층 (신당동, 광영빌딩)",04590,03,폐업,0,,,02-2238-2992
우리들한의원,한의원,2015-03-25,199549.585021122,450943.470738433,2026-04-22 22:30:43,I,03,폐업,39.6,1,0,2015-03-24 11:37:41,,2014-01-10,100-272,서울특별시 중구 필동2가 19번지 5호,301 304 307 302 305 308 303 306 309,"한방내과, 한방부인과, 한방소아과, 한방안·이비인후·피부과, 한방신경정신과, 한방재활의학과, 사상체질과, 침구과, 한방응급과",한의원,PHMA120143010033041100002,3010000,"서울특별시 중구 퇴계로 212-13, 2층 (필동2가, 토픽빌딩)",,03,폐업,0,,,02-2263-4673
미앤지의원,의원,2014-02-28,201866.039519433,451543.337800303,2026-04-22 22:30:43,I,03,폐업,1082,1,0,2014-08-04 18:44:20,,2014-01-08,100-871,서울특별시 중구 황학동 2523번지,122 114 108 113,"성형외과, 이비인후과, 피부과, 가정의학과",의원,PHMA120143010033041100003,3010000,"서울특별시 중구 퇴계로 447, 3층 (황학동, 아크로타워)",,03,폐업,0,,,02-2252-2990
서울소통의원,의원,2022-03-21,198367.639004526,451720.217970577,2026-04-22 22:30:43,I,03,폐업,308.4,3,5,2022-09-28 10:36:05,,2014-01-21,100-180,서울특별시 중구 다동 88번지,109 106 105 120 101,"내과, 정형외과, 신경외과, 마취통증의학과, 재활의학과",의원,PHMA120143010033041100004,3010000,"서울특별시 중구 남대문로 117, 6층 (다동, 동아빌딩)",04522,03,폐업,15,,,02-772-9791
오지연치과의원,치과의원,2018-12-21,198126.501924718,451827.973207366,2026-04-22 22:30:43,I,03,폐업,54,1,0,2018-12-18 14:37:10,,2014-01-28,,,401,치과,치과의원,PHMA120143010033041100005,3010000,"서울특별시 중구 무교로 32, 4층 401호 (무교동, 효령빌딩)",04521,03,폐업,0,,,02-778-6652
유디치과의원(시청점),치과의원,2015-09-19,197739.803508714,451200.496953953,2026-04-22 22:30:43,I,03,폐업,264.5,1,0,2015-09-18 17:45:31,,2014-02-03,100-765,서울특별시 중구 서소문동 85번지 3호,401 206 407 403 406 402,"치과보존과, 치과, 구강악안면외과, 치과보철과, 치주과, 치과보존과",치과의원,PHMA120143010033041100006,3010000,"서울특별시 중구 서소문로 124, 2층 (서소문동, 알리안츠생명빌딩)",04514,03,폐업,0,,,
소금치과의원,치과의원,2025-07-01,201060.349096937,450611.115437491,2026-04-22 22:30:43,I,03,폐업,206.6,1,0,2025-07-01 17:33:22,,2014-03-04,,,402 403 404 405 406 407 408 409 410 411 412,"구강악안면외과, 치과보철과, 치과교정과, 소아치과, 치주과, 치과보존과, 구강내과, 영상치의학과, 구강병리과, 예방치과, 통합치의학과",치과의원,PHMA120143010033041100007,3010000,"서울특별시 중구 다산로22길 5, 지상1층, 지하1층 (신당동)",04590,03,폐업,0,,,02-2238-2268
미앤지의원,의원,2014-06-23,201866.039519433,451543.337800303,2026-04-22 22:30:43,I,03,폐업,1082,1,0,2014-07-21 11:03:48,,2014-03-07,,,108 113 122 114,"성형외과, 이비인후과, 피부과, 가정의학과",의원,PHMA120143010033041100008,3010000,"서울특별시 중구 퇴계로 447, 3층 (황학동, 아크로타워)",,03,폐업,0,,,22522990
새벽치과의원,치과의원,2018-03-19,201167.336822195,451647.612695653,2026-04-22 22:30:43,I,03,폐업,132.82,1,0,2021-03-29 13:12:13,,2014-05-16,100-889,서울특별시 중구 신당동 251번지 57호,411 408 407 406 402,"구강악안면외과, 치주과, 치과보존과, 구강내과, 예방치과",치과의원,PHMA120143010033041100012,3010000,"서울특별시 중구 퇴계로73길 42, 2층 (신당동, 초양빌딩)",04569,03,폐업,0,,,02-2231-2892
하피스의원,의원,2019-09-16,198259.65357739,451392.198218657,2026-04-22 22:30:43,I,03,폐업,92.23,1,0,2019-09-17 16:45:30,,2014-05-16,,,120 114 108 105,"정형외과, 성형외과, 피부과, 재활의학과",의원,PHMA120143010033041100013,3010000,"서울특별시 중구 을지로 30, 6층 (소공동, 롯데호텔 본관)",04533,03,폐업,0,,,1899-8101
연세뉴라인의원,의원,2017-02-03,198636.2503948,451005.721641592,2026-04-22 22:30:43,I,03,폐업,59.19,1,0,2017-02-03 14:43:08,,2014-06-03,100-861,서울특별시 중구 충무로2가 65번지 9호,104 114 122,"외과, 피부과, 가정의학과",의원,PHMA120143010033041100016,3010000,"서울특별시 중구 퇴계로 123, 7층 (충무로2가, 하이해리엇)",04536,03,폐업,0,,,
명동한솔한의원,한의원,2015-04-27,198636.2503948,451005.721641592,2026-04-22 22:30:43,I,03,폐업,80.32,1,0,2015-04-27 18:19:08,,2014-06-25,100-861,서울특별시 중구 충무로2가 65번지 9호,304 301 307 308 305 302 303 306 309,"한방내과, 한방부인과, 한방소아과, 한방안·이비인후·피부과, 한방신경정신과, 한방재활의학과, 사상체질과, 침구과, 한방응급과",한의원,PHMA120143010033041100017,3010000,"서울특별시 중구 퇴계로 123, 7층 (충무로2가, 하이해리엇)",,03,폐업,0,,,02-757-7582
어진한의원,한의원,2014-10-07,198495.752148427,451241.680693735,2026-04-22 22:30:43,I,03,폐업,49.59,1,0,2014-10-07 10:45:02,,2014-07-08,100-810,서울특별시 중구 명동2가 50번지 14호 유네스코회관 8층,301 307 304 302 305 308 303 306 309,"한방내과, 한방부인과, 한방소아과, 한방안·이비인후·피부과, 한방신경정신과, 한방재활의학과, 사상체질과, 침구과, 한방응급과",한의원,PHMA120143010033041100019,3010000,"서울특별시 중구 명동길 26, 8층 (명동2가, 유네스코회관)",,03,폐업,0,,,02-777-7475
새나눔의료소비자생활협동조합 에이플러스송도치과의원,치과의원,2016-06-01,200649.528636859,449877.44410054,2026-04-22 22:30:43,I,03,폐업,93.06,2,0,2016-05-24 16:40:53,,2014-07-25,100-830,서울특별시 중구 신당동 366번지 144호 6층,401,치과,치과의원,PHMA120143010033041100021,3010000,"서울특별시 중구 다산로 78, 6층 (신당동)",04597,03,폐업,0,,,1661-8227
더드림소아청소년과의원,의원,2025-07-31,201362.695573425,451177.222462071,2026-04-22 22:30:43,I,03,폐업,105,2,0,2025-07-31 09:29:21,,2014-07-30,,서울특별시 중구 신당동 291-48 동산빌딩,101 111 113 114,"내과, 소아청소년과, 이비인후과, 피부과",의원,PHMA120143010033041100022,3010000,"서울특별시 중구 다산로36길 11, 동산빌딩 1층 (신당동)",04585,03,폐업,0,,,070-4817-3346
이상열안과의원,의원,2018-07-25,198504.71050756,450963.951884949,2026-04-22 22:30:43,I,03,폐업,260.57,2,2,2018-07-23 15:06:28,,2014-08-07,100-011,서울특별시 중구 충무로1가 24번지 31호 1301호,112 108,"성형외과, 안과",의원,PHMA120143010033041100023,3010000,"서울특별시 중구 퇴계로 109, 1301호 (충무로1가)",04536,03,폐업,3,,,02-755-5200
올래팝의원,의원,2015-03-13,198578.892249339,451327.490451999,2026-04-22 22:30:43,I,03,폐업,110.7,1,0,2015-03-13 16:06:51,,2014-10-17,100-021,서울특별시 중구 명동1가 53번지 10호 미래빌딩 4층,108 114,"성형외과, 피부과",의원,PHMA120143010033041100025,3010000,"서울특별시 중구 명동7길 8 (명동1가, 미래빌딩 4층)",,03,폐업,0,,,02-319-1122
닥터권치과의원,치과의원,2025-12-02,200851.821156931,450187.924165442,2026-04-22 22:30:43,I,03,폐업,228.84,1,0,2025-12-02 17:06:47,,2014-10-23,,서울특별시 중구 신당동 368-66 3.4층,412 411 410 409 408 407 406 405 404 403 402,"구강악안면외과, 치과보철과, 치과교정과, 소아치과, 치주과, 치과보존과, 구강내과, 영상치의학과, 구강병리과, 예방치과, 통합치의학과",치과의원,PHMA120143010033041100026,3010000,"서울특별시 중구 다산로 114, 3.4층 (신당동)",04597,03,폐업,0,,,02-953-2201
현명엔비유의원,의원,2016-05-28,197638.403594278,451154.232387243,2026-04-22 22:30:43,I,03,폐업,360.66,2,0,2018-01-22 10:25:59,,2014-11-19,100-110,서울특별시 중구 서소문동 75번지 95호,109 114 110 101,"내과, 마취통증의학과, 산부인과, 피부과",의원,PHMA120143010033041100028,3010000,"서울특별시 중구 서소문로 116, 2층 나호 (서소문동, 유원빌딩)",04513,03,폐업,0,,,02-779-7983
제이에스(JS)의원,의원,2015-10-30,198606.595092806,451266.280823044,2026-04-22 22:30:43,I,03,폐업,74.87,2,0,2015-10-30 09:16:25,,2015-01-05,100-809,서울특별시 중구 명동2가 33번지 1호,101 114 115,"내과, 피부과, 비뇨의학과",의원,PHMA120153010033041100001,3010000,"서울특별시 중구 명동길 48, 6층 (명동2가, 청휘빌딩)",04536,03,폐업,0,,,02-779-8828
닥터제이의원,의원,2018-09-30,198455.495014106,451360.795584007,2026-04-22 22:30:43,I,03,폐업,98.6,1,0,2018-10-01 15:57:38,,2015-01-08,100-845,"서울특별시 중구 을지로2가 199번지 58호 4,5층",108 114 107,"심장혈관흉부외과, 성형외과, 피부과",의원,PHMA120153010033041100002,3010000,"서울특별시 중구 명동7가길 20, 4,5층 (을지로2가)",04534,03,폐업,0,,,02-318-0526
라임프로치과의원,치과의원,2017-11-04,198432.295442181,451739.340203358,2026-04-22 22:30:43,I,03,폐업,288.93,1,0,2017-11-03 18:46:56,,2015-02-16,100-091,서울특별시 중구 남대문로1가 18번지 대일빌딩 11층,411 410 409 408 407 406 405 404 403 402,"구강악안면외과, 치과보철과, 치과교정과, 소아치과, 치주과, 치과보존과, 구강내과, 영상치의학과, 구강병리과, 예방치과",치과의원,PHMA120153010033041100004,3010000,"서울특별시 중구 남대문로 120, 11층 (남대문로1가, 대일빌딩)",04540,03,폐업,0,,,
유앤아이의원,의원,2020-11-30,198570.763227981,450918.448606154,2026-04-22 22:30:43,I,03,폐업,282.16,1,0,2020-11-27 14:07:42,,2015-03-16,,서울특별시 중구 회현동3가 1번지 5호 삼영빌딩,114,피부과,의원,PHMA120153010033041100006,3010000,"서울특별시 중구 퇴계로 116-1, 삼영빌딩 9층,10층 (회현동3가)",04631,03,폐업,0,,,070-4652-1357
미플란트치과의원,치과의원,2024-09-10,199492.981109179,450994.468193414,2026-04-22 22:30:43,I,03,폐업,142.08,1,0,2024-09-10 16:43:25,,2015-03-16,,,402 403 406 407,"구강악안면외과, 치과보철과, 치주과, 치과보존과",치과의원,PHMA120153010033041100007,3010000,"서울특별시 중구 퇴계로 210, 4층 (필동2가)",04625,03,폐업,0,,,02-2268-7582
고운미소의원,의원,2015-06-08,198744.433228989,451677.065126229,2026-04-22 22:30:43,I,03,폐업,127,1,0,2015-06-09 17:27:12,,2015-04-27,100-760,서울특별시 중구 장교동 1번지 장교빌딩 2동 8층9호,101 104 111 113 114 105 109 122 115,"내과, 외과, 정형외과, 마취통증의학과, 소아청소년과, 이비인후과, 피부과, 비뇨의학과, 가정의학과",의원,PHMA120153010033041100012,3010000,"서울특별시 중구 삼일대로 363, 2동 8층 9호 (장교동, 장교빌딩 )",,03,폐업,0,,,02-774-7582
탑라인치과의원,치과의원,2024-11-20,198346.53682062,451039.714960122,2026-04-22 22:30:44,I,03,폐업,153.09,1,0,2024-11-19 18:01:33,,2015-09-01,,서울특별시 중구 충무로1가 21-1 서울중앙우체국청사 1층,402 403 404 405 406 407 408 409 410 411 412,"구강악안면외과, 치과보철과, 치과교정과, 소아치과, 치주과, 치과보존과, 구강내과, 영상치의학과, 구강병리과, 예방치과, 통합치의학과",치과의원,PHMA120153010033041100021,3010000,"서울특별시 중구 소공로 70, 서울중앙우체국청사 1층 (충무로1가)",04535,03,폐업,0,,,02-6450-5010
라베르의원,의원,2019-12-11,201229.363855473,451124.289549365,2026-04-22 22:30:44,I,03,폐업,88,1,0,2019-12-12 10:58:57,,2015-09-11,,서울특별시 중구 신당동 292번지 87호 로지텍빌딩,114 108,"성형외과, 피부과",의원,PHMA120153010033041100022,3010000,"서울특별시 중구 다산로 213, 로지텍빌딩 2층 (신당동)",04611,03,폐업,0,2019-07-04,2020-03-01,02-2233-5327
지에스지의원,의원,2017-09-05,198170.661094714,451256.151029714,2026-04-22 22:30:44,I,03,폐업,256.6,1,0,2017-09-05 18:38:08,,2015-11-26,,서울특별시 중구 소공동 79번지 2호 지에스지빌딩 2층,120 105 101,"내과, 정형외과, 재활의학과",의원,PHMA120153010033041100028,3010000,"서울특별시 중구 소공로 96, 2층 (소공동, 지에스지빌딩)",04532,03,폐업,0,,,02-757-4430
서울믿음치과의원,치과의원,2025-06-26,197016.045805141,450958.822397178,2026-04-22 22:30:45,I,03,폐업,74.8,1,0,2025-06-26 15:41:54,,2016-01-08,,서울특별시 중구 중림동 419번지 센트럴플레이스 지하1층 109호,411 410 409 408 407 406 405 404 403 402,"구강악안면외과, 치과보철과, 치과교정과, 소아치과, 치주과, 치과보존과, 구강내과, 영상치의학과, 구강병리과, 예방치과",치과의원,PHMA120163010033041100001,3010000,"서울특별시 중구 서소문로 50, 지하1층 109호 (중림동, 센트럴플레이스)",04505,03,폐업,0,,,02-362-8750
오늘안치과의원,치과의원,2023-11-30,200613.510297669,451817.515366883,2026-04-22 22:30:45,I,03,폐업,198.3,1,0,2023-12-04 13:07:59,,2016-02-19,,서울특별시 중구 을지로6가 17번지 2호,402 403 404 405 406 407 408 409 410 411,"구강악안면외과, 치과보철과, 치과교정과, 소아치과, 치주과, 치과보존과, 구강내과, 영상치의학과, 구강병리과, 예방치과",치과의원,PHMA120163010033041100004,3010000,"서울특별시 중구 장충단로13길 20, B1층 (을지로6가, 케레스타)",04563,03,폐업,0,,,02-2283-2136
연세랑산부인과의원,의원,2020-08-01,197993.969752148,450618.494727133,2026-04-22 22:30:45,I,03,폐업,109.37,1,0,2020-07-27 15:54:14,,2016-02-24,,서울특별시 중구 남창동 167번지 3호 2층,114 110 101,"내과, 산부인과, 피부과",의원,PHMA120163010033041100005,3010000,"서울특별시 중구 퇴계로6길 8, 2층 (남창동)",04634,03,폐업,0,,,02-3789-3075
메이린의원,의원,2017-09-01,200613.510297669,451817.515366883,2026-04-22 22:30:45,I,03,폐업,222.1,1,0,2017-09-05 18:38:08,,2016-02-26,,서울특별시 중구 을지로6가 17번지 2호 현대시티아울렛 지하1층,114 110 108,"성형외과, 산부인과, 피부과",의원,PHMA120163010033041100006,3010000,"서울특별시 중구 장충단로13길 20, 지하1층 (을지로6가, 현대시티아울렛)",04563,03,폐업,0,,,02-2283-2137
이편한치과의원,치과의원,2017-11-30,201156.788779618,450830.319160069,2026-04-22 22:30:45,I,03,폐업,77.53,1,0,2018-01-22 10:23:54,,2016-03-09,,서울특별시 중구 신당동 310번지 7호,411 410 409 408 407 406 405 404 403 402,"구강악안면외과, 치과보철과, 치과교정과, 소아치과, 치주과, 치과보존과, 구강내과, 영상치의학과, 구강병리과, 예방치과",치과의원,PHMA120163010033041100007,3010000,서울특별시 중구 다산로28길 2-1 (신당동),04589,03,폐업,0,,,02-2256-7528
중서한의원,한의원,2025-12-11,198162.211231825,450968.535505767,2026-04-22 22:30:45,I,03,폐업,113.95,1,0,2025-12-12 14:31:16,,2016-06-01,,,301 302 303 304 305 306 307,"한방내과, 한방부인과, 한방소아과, 한방안·이비인후·피부과, 한방신경정신과, 한방재활의학과, 사상체질과",한의원,PHMA120163010033041100010,3010000,"서울특별시 중구 남대문시장길 73-3, 5층 (회현동1가)",04529,03,폐업,0,,,02-730-8875
서울아랑치과의원,치과의원,2019-12-05,199733.225714011,451140.879758189,2026-04-22 22:30:46,I,03,폐업,93.29,1,0,2019-12-05 15:35:35,,2016-08-01,,"서울특별시 중구 충무로4가 306번지 남산 센트럴 자이 , 2층 208호",411 410 409 408 407 406 405 404 403 402,"구강악안면외과, 치과보철과, 치과교정과, 소아치과, 치주과, 치과보존과, 구강내과, 영상치의학과, 구강병리과, 예방치과",치과의원,PHMA120163010033041100016,3010000,"서울특별시 중구 퇴계로 235, 208호 (충무로4가, 남산 센트럴 자이)",04558,03,폐업,0,,,02-2285-4502
타토아의원,의원,2020-08-14,198670.8463656,451001.187885886,2026-04-22 22:30:46,I,03,폐업,230,2,0,2020-08-13 15:32:01,,2016-08-08,,서울특별시 중구 충무로2가 65번지 5호 신일빌딩 2층,114 108,"성형외과, 피부과",의원,PHMA120163010033041100017,3010000,"서울특별시 중구 명동10길 58, 2층 (충무로2가, 신일빌딩)",04536,03,폐업,0,,,02-773-0222
별소아청소년과의원,의원,2018-11-23,200965.777165527,450075.37145899,2026-04-22 22:30:46,I,03,폐업,147,1,0,2018-11-23 15:11:32,,2016-08-08,,서울특별시 중구 신당동 372번지 31호 3층 301-1호,122 114 113 112 111 103 101,"내과, 정신건강의학과, 소아청소년과, 안과, 이비인후과, 피부과, 가정의학과",의원,PHMA120163010033041100018,3010000,"서울특별시 중구 동호로 163, 3층 301-1호 (신당동)",04596,03,폐업,0,2018-11-23,2028-11-23,02-844-7575
100년한의원,한의원,2025-08-08,197604.36730827,451110.547640244,2026-04-22 22:30:46,I,03,폐업,171,1,0,2025-09-24 19:37:47,,2016-08-30,,서울특별시 중구 서소문동 120번지 14호 4층,308 307 306 305 304 303 302 301,"한방내과, 한방부인과, 한방소아과, 한방안·이비인후·피부과, 한방신경정신과, 한방재활의학과, 사상체질과, 침구과",한의원,PHMA120163010033041100021,3010000,"서울특별시 중구 세종대로11길 42, 4층 (서소문동, 부림빌딩)",04513,03,폐업,0,,,02-755-5755
서울은치과의원,치과의원,2021-07-16,197312.655183004,451257.223181993,2026-04-22 22:30:46,I,03,폐업,118.93,2,0,2021-07-16 13:46:14,,2016-10-04,,서울특별시 중구 순화동 217번지 덕수궁롯데캐슬 1층 124호,411 410 409 408 407 406 405 404 403 402,"구강악안면외과, 치과보철과, 치과교정과, 소아치과, 치주과, 치과보존과, 구강내과, 영상치의학과, 구강병리과, 예방치과",치과의원,PHMA120163010033041100023,3010000,"서울특별시 중구 서소문로9길 28, 1층 124호 (순화동)",04516,03,폐업,0,,,02-779-8325
우리가정의학과의원,의원,2017-02-27,201962.76537651,451473.157996425,2026-04-22 22:30:46,I,03,폐업,57,1,0,2017-02-27 10:28:32,,2013-10-16,,,122 114 113 111 101,"내과, 소아청소년과, 이비인후과, 피부과, 가정의학과",의원,PHMA120163010033041100026,3010000,"서울특별시 중구 퇴계로 461, 2층 201호 (황학동, 민족통일대통령빌딩)",04575,03,폐업,0,,,02-2234-7525
경희선한의원,한의원,2018-02-01,198053.591672742,451652.397672222,2026-04-22 22:30:41,I,03,폐업,45,1,0,2018-03-14 10:25:17,,2010-02-26,100-170,서울특별시 중구 무교동 25번지 1호 원창빌딩 6층,301 304 307 302 305 308 303 306,"한방내과, 한방부인과, 한방소아과, 한방안·이비인후·피부과, 한방신경정신과, 한방재활의학과, 사상체질과, 침구과",한의원,PHMA120103010033041100005,3010000,"서울특별시 중구 세종대로20길 23, 6층 (무교동, 원창빌딩)",04520,03,폐업,0,,,02-318-1075
포에버의원,의원,2011-01-03,197620.676444642,450361.506112161,2026-04-22 22:30:41,I,03,폐업,89.29,1,0,2013-04-08 15:31:59,,2011-01-03,100-714,서울특별시 중구 남대문로5가 541번지 서울스퀘어빌딩 지하1층,108 114 122 110 101 113,"내과, 성형외과, 산부인과, 이비인후과, 피부과, 가정의학과",의원,PHMA120103010033041100008,3010000,"서울특별시 중구 한강대로 416 (남대문로5가, 서울스퀘어빌딩 지하2층)",,03,폐업,0,,,
경희화담한의원,한의원,2010-10-13,,,2026-04-22 22:30:41,I,03,폐업,162.75,1,0,2014-01-14 14:28:51,,2010-03-25,100-809,서울특별시 중구 명동2가 33-1 청휘빌딩 9층,301 304 307 308 305 302 303 306,"한방내과, 한방부인과, 한방소아과, 한방안·이비인후·피부과, 한방신경정신과, 한방재활의학과, 사상체질과, 침구과",한의원,PHMA120103010033041100010,3010000,,,03,폐업,0,,,37897510
더봄한의원,한의원,2016-02-20,198505.140766586,451381.113105659,2026-04-22 22:30:41,I,03,폐업,217.5,2,0,2016-02-18 18:07:19,,2010-04-06,100-845,서울특별시 중구 을지로2가 199번지 40호 명동아르누보센텀 404호,301 304 307 308 305 302 303 306,"한방내과, 한방부인과, 한방소아과, 한방안·이비인후·피부과, 한방신경정신과, 한방재활의학과, 사상체질과, 침구과",한의원,PHMA120103010033041100013,3010000,"서울특별시 중구 명동7길 21, 404호 (을지로2가, 명동아르누보센텀)",04534,03,폐업,0,,,34435875
하루미소치과의원,치과의원,2014-11-26,198476.018613104,451280.348378612,2026-04-22 22:30:41,I,03,폐업,177.26,1,0,2014-11-26 10:28:09,,2010-04-14,100-021,"서울특별시 중구 명동1가 59번지 7호 조훈빌딩 (5,6층)",401,치과,치과의원,PHMA120103010033041100015,3010000,"서울특별시 중구 명동3길 2, 5,6층 (명동1가, 조훈빌딩)",,03,폐업,0,,,
유디충무로치과의원,치과의원,2013-05-21,,,2026-04-22 22:30:41,I,03,폐업,365.7,3,0,2013-05-20 15:16:06,,2010-04-28,100-290,서울특별시 중구 예관동 70-27 미디센터2층,401,치과,치과의원,PHMA120103010033041100016,3010000,,,03,폐업,0,,,22778500
코앤이비인후과의원,의원,2013-06-05,,,2026-04-22 22:30:41,I,03,폐업,130.53,2,2,2013-06-05 13:57:39,,2010-04-27,100-809,서울특별시 중구 명동2가 33-1 청휘빌딩7층,113 101 111 108,"내과, 성형외과, 소아청소년과, 이비인후과",의원,PHMA120103010033041100017,3010000,,,03,폐업,2,,,
남대문치과의원,치과의원,2013-01-18,197848.757122264,450946.909092364,2026-04-22 22:30:41,I,03,폐업,124.67,1,0,2013-01-18 17:22:28,,2010-05-04,100-800,서울특별시 중구 남대문로4가 17번지 11호  흥국생명 별관2층,401,치과,치과의원,PHMA120103010033041100020,3010000,"서울특별시 중구 남대문로 5 (남대문로4가,  흥국생명 별관2층)",,03,폐업,0,,,37892228
도인촌한의원,한의원,2012-10-04,,,2026-04-22 22:30:41,I,03,폐업,93.21,2,0,2012-10-04 14:17:43,,2010-06-03,100-300,서울특별시 중구 초동 19-9 (3층),307 304 301 308 305 302 303 306,"한방내과, 한방부인과, 한방소아과, 한방안·이비인후·피부과, 한방신경정신과, 한방재활의학과, 사상체질과, 침구과",한의원,PHMA120103010033041100022,3010000,,,03,폐업,0,,,
황학우리내과의원,의원,2012-01-31,201866.039519433,451543.337800303,2026-04-22 22:30:41,I,03,폐업,126,3,0,2016-11-23 09:50:15,,2010-07-01,100-871,서울특별시 중구 황학동 2523번지 황학아크로타워2층(214~216호),101,내과,의원,PHMA120103010033041100025,3010000,"서울특별시 중구 퇴계로 447 (황학동,황학아크로타워2층(214~216호))",,03,폐업,0,,,22312010
연세스위트치과의원,치과의원,2011-10-26,201866.039519433,451543.337800303,2026-04-22 22:30:41,I,03,폐업,289.06,4,0,2014-12-15 18:08:35,,2010-07-01,100-871,서울특별시 중구 황학동 2523번지 황학아크로타워2층(211~213호),401,치과,치과의원,PHMA120103010033041100026,3010000,"서울특별시 중구 퇴계로 447 (황학동,황학아크로타워2층(211~213호))",,03,폐업,0,,,
유디굿모닝치과의원,치과의원,2020-07-01,200573.641273539,451621.036467544,2026-04-22 22:30:41,I,03,폐업,249.39,1,0,2022-07-11 14:22:24,,2010-09-08,100-729,서울특별시 중구 을지로6가 18번지 21호 굿모닝시티쇼핑몰 14층 1405~6호,411 410 409 408 407 406 405 404 403 402,"구강악안면외과, 치과보철과, 치과교정과, 소아치과, 치주과, 치과보존과, 구강내과, 영상치의학과, 구강병리과, 예방치과",치과의원,PHMA120103010033041100030,3010000,"서울특별시 중구 장충단로 247, 14층 1405,1406호 (을지로6가, 굿모닝시티쇼핑몰)",04564,03,폐업,0,,,21188828
자연방한의원,한의원,2024-10-14,200456.980497325,451537.510921043,2026-04-22 22:30:41,I,03,폐업,82.64,2,0,2024-10-14 11:06:00,,2010-09-29,,,301 302 303 304 308,"한방내과, 한방부인과, 한방소아과, 한방안·이비인후·피부과, 침구과",한의원,PHMA120103010033041100032,3010000,"서울특별시 중구 을지로 252, 2층 (을지로6가)",04561,03,폐업,0,,,02-2266-7777
청림한의원,한의원,2011-05-06,,,2026-04-22 22:30:41,I,03,폐업,142.1,1,0,2011-05-06 15:24:16,,2010-10-04,100-824,서울특별시 중구 신당6동 282-103 (201호),301 304 307 302 305 308 303 306,"한방내과, 한방부인과, 한방소아과, 한방안·이비인후·피부과, 한방신경정신과, 한방재활의학과, 사상체질과, 침구과",한의원,PHMA120103010033041100034,3010000,,,03,폐업,0,,,
서울나무치과의원,치과의원,2020-09-12,199297.876590178,451025.516575091,2026-04-22 22:30:41,I,03,폐업,139.83,3,0,2020-09-02 17:25:58,,2010-10-06,100-271,서울특별시 중구 필동1가 43번지 1호 동화빌딩208호,201 204 207 210 401 205 202 203 206 209 208,"구강악안면외과, 치과보철과, 치과교정과, 소아치과, 치주과, 치과보존과, 구강내과, 구강악안면방사선과, 구강병리과, 예방치과, 치과",치과의원,PHMA120103010033041100036,3010000,"서울특별시 중구 퇴계로 189, 208호 (필동1가, 동화빌딩)",04554,03,폐업,0,,,22741175
김경모한의원,한의원,2013-10-17,,,2026-04-22 22:30:41,I,03,폐업,162.75,1,0,2013-10-17 13:49:29,,2010-10-13,100-809,서울특별시 중구 명동2가 2-20 한송빌딩502호,301 302 303 305,"한방내과, 한방부인과, 한방소아과, 한방신경정신과",한의원,PHMA120103010033041100037,3010000,,,03,폐업,0,,,37897510
더아름다운의원,의원,2014-07-25,198578.892249339,451327.490451999,2026-04-22 22:30:41,I,03,폐업,83,1,0,2014-07-25 15:42:08,,2010-10-13,100-021,서울특별시 중구 명동1가 53번지 10호 미래빌딩4층,122 108 114,"성형외과, 피부과, 가정의학과",의원,PHMA120103010033041100038,3010000,"서울특별시 중구 명동7길 8, 4층 (명동1가, 미래빌딩)",,03,폐업,0,,,
연세엠에스(MS)의원,의원,2011-12-19,,,2026-04-22 22:30:41,I,03,폐업,115.28,1,0,2011-12-19 15:56:18,,2010-10-27,100-840,서울특별시 중구 신당3동 372-95 현진빌딩 2층,101 111 105 114,"내과, 정형외과, 소아청소년과, 피부과",의원,PHMA120103010033041100044,3010000,,,03,폐업,0,,,22330720
김우룡의원,의원,2021-01-29,200957.561612896,450419.355696277,2026-04-22 22:30:41,I,03,폐업,135.9,1,0,2021-01-29 14:36:46,,2010-11-18,,서울특별시 중구 신당동 369-76 3층,101 122,"내과, 가정의학과",의원,PHMA120103010033041100046,3010000,"서울특별시 중구 다산로 138 (신당동, 지우빌딩)",04590,03,폐업,0,,,22569005
포인트치과의원,치과의원,2019-11-30,198455.495014106,451360.795584007,2026-04-22 22:30:41,I,03,폐업,103.8,1,0,2023-10-20 16:22:04,,2010-11-24,100-845,서울특별시 중구 을지로2가 199번지 58호 3층,401,치과,치과의원,PHMA120103010033041100047,3010000,"서울특별시 중구 명동7가길 20, 3층 (을지로2가)",04534,03,폐업,0,,,02-3789-7579
유디시청치과의원,치과의원,2011-08-11,,,2026-04-22 22:30:41,I,03,폐업,257.85,1,0,2011-08-11 16:08:57,,2010-11-26,100-814,서울특별시 중구 서소문동 85-3 알리안츠빌딩2층,401,치과,치과의원,PHMA120103010033041100048,3010000,,,03,폐업,0,,,
남대문연합내과의원,의원,2012-05-01,,,2026-04-22 22:30:41,I,03,폐업,110.8,1,0,2012-05-01 13:53:35,,2010-12-15,100-093,서울특별시 중구 남대문로3가 30-1 3층,101,내과,의원,PHMA120103010033041100050,3010000,,,03,폐업,0,,,37893888
포에버(4-ever)의원,의원,2022-01-11,197620.676444642,450361.506112161,2026-04-22 22:30:41,I,03,폐업,130,1,0,2022-01-11 14:15:34,,2010-12-22,100-714,서울특별시 중구 남대문로5가 541번지 서울스퀘어빌딩 B20,101 108 114 111 122 104,"내과, 외과, 성형외과, 소아청소년과, 피부과, 가정의학과",의원,PHMA120103010033041100053,3010000,"서울특별시 중구 한강대로 416, B20호 (남대문로5가, 서울스퀘어빌딩)",04637,03,폐업,0,,,26447580
서울스퀘어의원,의원,2013-11-28,,,2026-04-22 22:30:41,I,03,폐업,89.29,1,0,2013-11-28 14:59:36,,2011-01-03,100-714,서울특별시 중구 남대문로5가 541 서울스퀘어빌딩 B22,101 111 114 115 108,"내과, 성형외과, 소아청소년과, 피부과, 비뇨의학과",의원,PHMA120113010033041100001,3010000,,,03,폐업,0,,,64568660
늘푸른의원,의원,2011-02-23,,,2026-04-22 22:30:41,I,03,폐업,147,1,0,2011-02-23 14:09:38,,2011-01-25,100-871,서울특별시 중구 황학동 2484 올리브Ⅱ빌딩 2층,101 122 105 114 109,"내과, 정형외과, 마취통증의학과, 피부과, 가정의학과",의원,PHMA120113010033041100003,3010000,,,03,폐업,0,,,22312121
서울아랑치과의원,치과의원,2016-07-06,199733.225714011,451140.879758189,2026-04-22 22:30:42,I,03,폐업,169.4,1,0,2016-07-06 10:10:39,,2011-02-21,100-014,서울특별시 중구 충무로4가 306번지 남산센트럴자이208호,411 410 409 408 407 406 405 404 403 402,"구강악안면외과, 치과보철과, 치과교정과, 소아치과, 치주과, 치과보존과, 구강내과, 영상치의학과, 구강병리과, 예방치과",치과의원,PHMA120113010033041100006,3010000,"서울특별시 중구 퇴계로 235, 208호 (충무로4가, 남산센트럴자이)",04558,03,폐업,0,,,22854502
오동나무한의원,한의원,2012-08-24,198636.2503948,451005.721641592,2026-04-22 22:30:42,I,03,폐업,60,1,0,2012-08-24 14:31:59,,2011-03-03,100-861,서울특별시 중구 충무로2가 65번지 9호 타비몰 7층,301 304 307 308 305 302 303 306,"한방내과, 한방부인과, 한방소아과, 한방안·이비인후·피부과, 한방신경정신과, 한방재활의학과, 사상체질과, 침구과",한의원,PHMA120113010033041100009,3010000,서울특별시 중구 퇴계로 123 (충무로2가),,03,폐업,0,,,
센터원연세내과의원,의원,2021-05-22,198620.934275413,451681.95803574,2026-04-22 22:30:42,I,03,폐업,144.14,3,0,2021-05-21 13:49:09,,2011-03-09,100-210,서울특별시 중구 수하동 67번지 센터원빌딩 지하1층,101 113,"내과, 이비인후과",의원,PHMA120113010033041100010,3010000,"서울특별시 중구 을지로5길 26, 지하1층 (수하동, 센터원빌딩)",04539,03,폐업,0,,,60308966
미플란트치과의원,치과의원,2015-02-10,199492.981109179,450994.468193414,2026-04-22 22:30:42,I,03,폐업,142.08,1,0,2015-03-16 11:53:20,,2011-03-09,100-272,서울특별시 중구 필동2가 14번지 2호,401,치과,치과의원,PHMA120113010033041100011,3010000,"서울특별시 중구 퇴계로 210, 4층 (필동2가)",,03,폐업,0,,,22687582
연제의료생활협동조합 늘푸른의원,의원,2015-03-06,201929.950414626,451483.144422232,2026-04-22 22:30:42,I,03,폐업,147,1,0,2015-03-06 14:40:07,,2011-03-21,100-871,서울특별시 중구 황학동 2484번지 올리브2빌딩 2층,101 122 105 114 109 113,"내과, 정형외과, 마취통증의학과, 이비인후과, 피부과, 가정의학과",의원,PHMA120113010033041100015,3010000,"서울특별시 중구 퇴계로 457 (황학동, 올리브2빌딩 2층)",,03,폐업,0,,,22312121
끌림삼육오(365)의원,의원,2012-02-16,,,2026-04-22 22:30:42,I,03,폐업,342.48,1,0,2012-02-16 14:46:59,,2011-04-13,100-011,서울특별시 중구 충무로1가 24-31 8층,114 108,"성형외과, 피부과",의원,PHMA120113010033041100018,3010000,,,03,폐업,0,,,
온누리한의원,한의원,2015-09-01,197118.982921493,450533.253226771,2026-04-22 22:30:42,I,03,폐업,198.39,1,0,2015-09-01 10:40:13,,2011-04-19,100-808,서울특별시 중구 만리동1가 51번지 1호 SKY1004빌딩 5층,301 304 307 308 305 302 303 306,"한방내과, 한방부인과, 한방소아과, 한방안·이비인후·피부과, 한방신경정신과, 한방재활의학과, 사상체질과, 침구과",한의원,PHMA120113010033041100019,3010000,"서울특별시 중구 중림로 50-1, 5층 (만리동1가, SKY1004빌딩)",04508,03,폐업,0,,,
연세강치과의원,치과의원,2013-03-28,,,2026-04-22 22:30:42,I,03,폐업,92.4,1,0,2013-03-28 16:34:29,,2011-05-02,100-195,서울특별시 중구 을지로5가 20-1 정건빌딩 301호,401,치과,치과의원,PHMA120113010033041100021,3010000,,,03,폐업,0,,,22634141
새고운한의원,한의원,2022-07-01,197916.782601362,450902.982126289,2026-04-22 22:30:42,I,03,폐업,124.99,1,0,2022-07-01 15:52:38,,2011-05-11,100-094,서울특별시 중구 남대문로4가 18번지 2호 3층,301 304 307 308 305 302 303 306,"한방내과, 한방부인과, 한방소아과, 한방안·이비인후·피부과, 한방신경정신과, 한방재활의학과, 사상체질과, 침구과",한의원,PHMA120113010033041100024,3010000,"서울특별시 중구 남대문시장길 25-3, 3층 (남대문로4가)",04528,03,폐업,0,,,02-3789-0022
선이고은S  한의원,한의원,2015-02-13,197903.588492543,451202.050494548,2026-04-22 22:30:42,I,03,폐업,225.19,1,0,2015-02-11 15:19:08,,2014-02-17,100-864,서울특별시 중구 태평로2가 68번지 7호 디지털조선일보빌딩3층,301 304 307 308 305 302 303 306,"한방내과, 한방부인과, 한방소아과, 한방안·이비인후·피부과, 한방신경정신과, 한방재활의학과, 사상체질과, 침구과",한의원,PHMA120113010033041100025,3010000,"서울특별시 중구 세종대로 78 (태평로2가, 디지털조선일보빌딩3층)",,03,폐업,0,,,
명동8층치과의원,치과의원,2015-03-10,198841.348970952,451075.90120027,2026-04-22 22:30:42,I,03,폐업,228.14,2,0,2015-03-20 09:58:04,,2011-05-25,100-860,서울특별시 중구 충무로2가 12번지 27호 동양빌딩8층,401,치과,치과의원,PHMA120113010033041100027,3010000,"서울특별시 중구 명동8가길 47, 8층 (충무로2가, 동양빌딩)",,03,폐업,0,,,
서울중앙치과의원,치과의원,2022-09-13,197249.357745588,451208.560235989,2026-04-22 22:30:42,I,03,폐업,95.7,1,0,2022-09-13 15:32:41,,2011-05-27,100-783,서울특별시 중구 순화동 215번지 바비앵3차 206호,401,치과,치과의원,PHMA120113010033041100028,3010000,"서울특별시 중구 통일로 86, 206호 (순화동, 바비앵3차)",04517,03,폐업,0,2022-07-04,2022-09-30,
네모양한의원,한의원,2012-10-23,,,2026-04-22 22:30:42,I,03,폐업,274,1,0,2012-10-23 11:00:24,,2011-06-03,100-130,서울특별시 중구 순화동 1-5 용진빌딩2층,301 304 307 308 305 302 303 306,"한방내과, 한방부인과, 한방소아과, 한방안·이비인후·피부과, 한방신경정신과, 한방재활의학과, 사상체질과, 침구과",한의원,PHMA120113010033041100029,3010000,,,03,폐업,0,,,37894375
하나로의원,의원,2015-07-01,200653.453828451,451718.128484063,2026-04-22 22:30:42,I,03,폐업,127.8,1,0,2015-07-02 08:54:20,,2011-06-22,100-851,서울특별시 중구 을지로6가 18번지 95호 을호빌딩402호,114 101 105,"내과, 정형외과, 피부과",의원,PHMA120113010033041100032,3010000,"서울특별시 중구 장충단로13길 7 (을지로6가, 을호빌딩402호)",,03,폐업,0,,,22697682
다함(咸)치과의원,치과의원,2015-03-31,198055.210072535,451729.379049848,2026-04-22 22:30:42,I,03,폐업,175.34,2,0,2015-03-30 11:20:47,,2011-08-09,100-772,서울특별시 중구 무교동 45번지 더익스체인지서울몰 7층,401,치과,치과의원,PHMA120113010033041100036,3010000,"서울특별시 중구 무교로 21, 7층 (무교동, 더익스체인지서울몰)",,03,폐업,0,,,22772875
월드의원,의원,2013-07-25,198554.88341859,451001.448149829,2026-04-22 22:30:42,I,03,폐업,83.8,2,0,2013-07-25 11:35:03,,2011-08-26,100-860,서울특별시 중구 충무로1가 24번지 6호 7층,122 114 108,"성형외과, 피부과, 가정의학과",의원,PHMA120113010033041100038,3010000,"서울특별시 중구 명동8나길 9 (충무로1가, 7층)",,03,폐업,0,,,
본점치과의원,치과의원,2024-09-30,198259.65357739,451392.198218657,2026-04-22 22:30:42,I,03,폐업,170.94,2,0,2024-09-30 17:12:41,,2011-09-02,,서울특별시 중구 소공동 1 롯데호텔 6층,402 403 404 406 407 409,"구강악안면외과, 치과보철과, 치과교정과, 치주과, 치과보존과, 영상치의학과",치과의원,PHMA120113010033041100039,3010000,"서울특별시 중구 을지로 30, 롯데호텔 6층 (소공동)",04533,03,폐업,0,,,02-318-4003
스카이쁘티의원,의원,2011-11-17,,,2026-04-22 22:30:42,I,03,폐업,138.6,1,0,2011-11-17 12:05:29,,2011-09-27,100-861,서울특별시 중구 충무로2가 62-9 스카이파크호텔3호점 1층,114 108 122,"성형외과, 피부과, 가정의학과",의원,PHMA120113010033041100041,3010000,,,03,폐업,0,,,
에스앤비안과의원,의원,2011-12-28,200664.582936542,451781.8683954,2026-04-22 22:30:42,I,03,폐업,211,1,0,2011-12-28 17:20:19,,2011-11-01,100-762,서울특별시 중구 을지로6가 18번지 185호,112,안과,의원,PHMA120113010033041100046,3010000,"서울특별시 중구 장충단로 263 (을지로6가, 밀리오레13층)",,03,폐업,0,,,33931001
맨비뇨기과의원,의원,2012-07-28,198358.566988241,451204.171702321,2026-04-22 22:30:42,I,03,폐업,204,4,0,2012-07-25 14:55:55,,2011-10-28,100-810,서울특별시 중구 명동2가 86번지 고려빌딩3층,115,비뇨의학과,의원,PHMA120113010033041100047,3010000,"서울특별시 중구 남대문로 68 (명동2가,고려빌딩3층)",,03,폐업,0,,,
에스메이리의원,의원,2012-02-29,200613.510297669,451817.515366883,2026-04-22 22:30:42,I,03,폐업,184.8,2,0,2012-02-29 17:43:41,,2011-11-17,100-726,서울특별시 중구 을지로6가 17번지 2호 케레스타빌딩3층,108 114 115 101 122 105,"내과, 정형외과, 성형외과, 피부과, 비뇨의학과, 가정의학과",의원,PHMA120113010033041100048,3010000,"서울특별시 중구 장충단로13길 20 (을지로6가, 케레스타빌딩3층)",,03,폐업,0,,,20481700
연세미치과의원,치과의원,2015-09-25,197614.608800998,451032.860087325,2026-04-22 22:30:42,I,03,폐업,134.03,1,0,2015-09-25 09:53:17,,2011-12-20,100-764,서울특별시 중구 서소문동 120번지 23호 부영빌딩1층,401,치과,치과의원,PHMA120113010033041100050,3010000,"서울특별시 중구 세종대로9길 42, 1층 (서소문동, 부영빌딩)",04513,03,폐업,0,,,
미의원,의원,2012-07-30,198695.658587016,451034.509517585,2026-04-22 22:30:42,I,03,폐업,88.1,2,0,2012-07-30 17:59:37,,2011-12-21,100-861,서울특별시 중구 충무로2가 63번지 2호 삼윤빌딩1201호,114 108 122,"성형외과, 피부과, 가정의학과",의원,PHMA120113010033041100051,3010000,"서울특별시 중구 명동10길 51 (충무로2가, 삼윤빌딩1201호)",,03,폐업,0,,,
연세미소의원,의원,2019-05-09,201823.908977364,452076.818664092,2026-04-22 22:30:42,I,03,폐업,103.9,1,0,2023-02-20 09:34:58,,2012-02-16,,,101 105 111 113 114,"내과, 정형외과, 소아청소년과, 이비인후과, 피부과",의원,PHMA120123010033041100002,3010000,"서울특별시 중구 청계천로 400 (황학동, 베네치아메가몰 2층 2086호)",04572,03,폐업,0,,,02-2048-6060
정연의원,의원,2013-07-08,202054.715963905,451407.184134774,2026-04-22 22:30:42,I,03,폐업,100,1,0,2013-07-08 15:56:07,,2012-04-24,100-821,서울특별시 중구 신당동 170번지 30호 3층,101 113 111 104 122,"내과, 외과, 소아청소년과, 이비인후과, 가정의학과",의원,PHMA120123010033041100007,3010000,"서울특별시 중구 왕십리로 415 (신당동, 3층)",,03,폐업,0,2013-06-07,2013-08-07,22324050
새벽치과의원,치과의원,2014-04-25,201167.336822195,451647.612695653,2026-04-22 22:30:42,I,03,폐업,132.82,1,0,2021-03-29 13:16:04,,2012-07-11,100-889,서울특별시 중구 신당동 251번지 57호 2층,201 202 203 204 205 206 207 208 209 210 401,"구강악안면외과, 치과보철과, 치과교정과, 소아치과, 치주과, 치과보존과, 구강내과, 구강악안면방사선과, 구강병리과, 예방치과, 치과",치과의원,PHMA120123010033041100011,3010000,"서울특별시 중구 퇴계로73길 42, 2층 (신당동)",,03,폐업,0,,,
양창순 정신건강의학과의원,의원,2025-01-01,198333.028496101,450665.054323019,2026-04-22 22:30:42,I,03,폐업,84.69,2,0,2024-12-27 16:44:29,,2012-07-26,,서울특별시 중구 회현동1가 208 남산 롯데캐슬,102 103,"신경과, 정신건강의학과",의원,PHMA120123010033041100013,3010000,"서울특별시 중구 소공로 35, 310호 (회현동1가, 남산 롯데캐슬)",04632,03,폐업,0,,,02-517-8202
우리치과의원,치과의원,2025-03-11,200206.487954874,451592.100648227,2026-04-22 22:30:42,I,03,폐업,63.64,2,0,2025-03-11 16:45:45,,2012-08-14,,,402 403 405 406 407 408 409 411,"구강악안면외과, 치과보철과, 소아치과, 치주과, 치과보존과, 구강내과, 영상치의학과, 예방치과",치과의원,PHMA120123010033041100014,3010000,"서울특별시 중구 을지로 226, 5층 (을지로5가, 무궁화빌딩)",04561,03,폐업,0,,,02-2278-1963
다오의원,의원,2018-06-12,198628.773023954,451024.021011648,2026-04-22 22:30:46,I,03,폐업,18.69,1,0,2018-06-12 14:56:54,,2016-12-09,,"서울특별시 중구 충무로2가 65번지 1호 하이헤리엇 7층 12,51,98호",115 114 105,"정형외과, 피부과, 비뇨의학과",의원,PHMA120163010033041100027,3010000,"서울특별시 중구 퇴계로 123, 7층 12,51,98호 (충무로2가, 하이헤리엇)",04536,03,폐업,0,,,02-776-7582
메이드유의원,의원,2018-08-31,198388.365585519,450963.241815173,2026-04-22 22:30:46,I,03,폐업,230,1,0,2018-08-23 14:43:35,,2016-12-22,,서울특별시 중구 충무로1가 25번지 5호 302호,122 114,"피부과, 가정의학과",의원,PHMA120163010033041100028,3010000,"서울특별시 중구 퇴계로 97, 3층 302호 (충무로1가, 고려대연각센터빌딩)",04535,03,폐업,0,,,
청이정한의원,한의원,2019-04-22,198388.365585519,450963.241815173,2026-04-22 22:30:46,I,03,폐업,183.66,1,0,2019-04-22 10:08:49,,2017-01-03,,서울특별시 중구 충무로1가 25번지 5호 3층 301호,308 307 306 305 304 303 302 301,"한방내과, 한방부인과, 한방소아과, 한방안·이비인후·피부과, 한방신경정신과, 한방재활의학과, 사상체질과, 침구과",한의원,PHMA120173010033041100001,3010000,"서울특별시 중구 퇴계로 97, 3층 301호 (충무로1가, 고려대연각센터빌딩)",04535,03,폐업,0,,,02-2088-7664
에스(S)의원,의원,2019-11-18,198427.80416659,450983.789878438,2026-04-22 22:30:46,I,03,폐업,115.5,1,0,2019-11-18 09:23:33,,2017-03-30,,,115 114 108,"성형외과, 피부과, 비뇨의학과",의원,PHMA120173010033041100007,3010000,"서울특별시 중구 명동8나길 35, 3층 (충무로1가)",04535,03,폐업,0,,,02-318-0306
유디서대문치과의원,치과의원,2021-06-13,197174.591536243,451689.373973032,2026-04-22 22:30:46,I,03,폐업,415.97,2,0,2024-10-16 10:09:06,,2010-07-21,,서울특별시 중구 충정로1가 58번지 3호 청양빌딩 2층,411 410 409 408 407 406 405 404 403 402,"구강악안면외과, 치과보철과, 치과교정과, 소아치과, 치주과, 치과보존과, 구강내과, 영상치의학과, 구강병리과, 예방치과",치과의원,PHMA120173010033041100008,3010000,"서울특별시 중구 새문안로 26, 2층 (충정로1가, 청양빌딩)",04516,03,폐업,0,,,02-720-1600
광희치과의원,치과의원,2021-12-16,200437.000174126,451335.718987721,2026-04-22 22:30:46,I,03,폐업,72.1,1,0,2021-12-16 13:54:47,,2017-05-01,,서울특별시 중구 광희동1가 216번지 지하1층,411 410 409 408 407 406 405 404 403 402,"구강악안면외과, 치과보철과, 치과교정과, 소아치과, 치주과, 치과보존과, 구강내과, 영상치의학과, 구강병리과, 예방치과",치과의원,PHMA120173010033041100009,3010000,"서울특별시 중구 퇴계로 307, 지하1층 (광희동1가, 광희빌딩)",04560,03,폐업,0,,,02-2272-8487
유영삼이비인후과의원,의원,2020-04-30,201978.359014791,452005.950500534,2026-04-22 22:30:46,I,03,폐업,108.13,1,1,2020-04-29 13:35:24,,2017-05-04,,,115 114 113 112 111 105 102 101,"내과, 신경과, 정형외과, 소아청소년과, 안과, 이비인후과, 피부과, 비뇨의학과",의원,PHMA120173010033041100010,3010000,"서울특별시 중구 난계로23길 1, 3층 (황학동)",04573,03,폐업,2,,,02-2253-8383
세린산부인과의원,의원,2024-03-31,198636.2503948,451005.721641592,2026-04-22 22:30:46,I,03,폐업,136.9,2,0,2026-04-02 11:03:47,,2017-05-10,,서울특별시 중구 충무로2가 65-9 하이헤리엇 8층,122 115 114 111 110 109 104 101,"내과, 외과, 마취통증의학과, 산부인과, 소아청소년과, 피부과, 비뇨의학과, 가정의학과",의원,PHMA120173010033041100011,3010000,"서울특별시 중구 퇴계로 123, 하이헤리엇 8층 (충무로2가)",04536,03,폐업,0,,,02-6261-3600
동평한의원,한의원,2018-07-10,197871.543555132,451128.052207468,2026-04-22 22:30:46,I,03,폐업,106.25,1,0,2018-07-10 09:33:24,,2017-05-17,,서울특별시 중구 태평로2가 69번지 11호 4층 501호,308 307 306 305 304 303 302 301,"한방내과, 한방부인과, 한방소아과, 한방안·이비인후·피부과, 한방신경정신과, 한방재활의학과, 사상체질과, 침구과",한의원,PHMA120173010033041100014,3010000,"서울특별시 중구 세종대로 70-1, 4층 501호 (태평로2가, 영복빌딩)",04526,03,폐업,0,,,02-779-7677
김명신재활의학과의원,의원,2020-03-15,200463.625303538,450497.460903907,2026-04-22 22:30:48,I,03,폐업,165,2,0,2020-03-03 01:26:45,,2017-12-04,,서울특별시 중구 장충동2가 202번지 신라호텔,120 114 101,"내과, 피부과, 재활의학과",의원,PHMA120173010033041100024,3010000,"서울특별시 중구 동호로 249, 신라호텔 5층 (장충동2가)",04605,03,폐업,0,,,02-2230-3395
체리쉬다오앤셀의원,의원,2023-09-21,198636.2503948,451005.721641592,2026-04-22 22:30:48,I,03,폐업,87.72,1,0,2023-10-24 18:12:01,,2017-12-26,,서울특별시 중구 충무로2가 65-9 하이헤리엇,108 114 122,"성형외과, 피부과, 가정의학과",의원,PHMA120173010033041100027,3010000,"서울특별시 중구 퇴계로 123, 하이헤리엇 9층 9007,9008호 (충무로2가)",04536,03,폐업,0,,,02-1661-5336
경희인한의원,한의원,2019-05-01,198053.591672742,451652.397672222,2026-04-22 22:30:48,I,03,폐업,45,2,0,2019-04-26 12:03:57,,2018-02-23,,서울특별시 중구 무교동 25번지 1호 원창빌딩,308 307 306 305 304 303 302 301,"한방내과, 한방부인과, 한방소아과, 한방안·이비인후·피부과, 한방신경정신과, 한방재활의학과, 사상체질과, 침구과",한의원,PHMA120183010033041100001,3010000,"서울특별시 중구 세종대로20길 23, 원창빌딩 5층 608호 (무교동)",04520,03,폐업,0,,,02-564-1075
명동톡의원,의원,2018-05-09,198668.194726908,450984.373410309,2026-04-22 22:30:48,I,03,폐업,251.64,1,0,2018-05-09 16:59:49,,2018-04-09,,서울특별시 중구 충무로2가 65번지 11호,114 108 105 104,"외과, 정형외과, 성형외과, 피부과",의원,PHMA120183010033041100009,3010000,"서울특별시 중구 퇴계로 125, 2,3층 (충무로2가)",04536,03,폐업,0,,,
봄치과의원,치과의원,2023-12-17,199992.579396897,451139.304001968,2026-04-22 22:30:48,I,03,폐업,66.13,1,0,2023-12-14 14:22:40,,2018-05-21,,서울특별시 중구 묵정동 27번지 10호,411 410 409 408 407 406 405 403 402,"구강악안면외과, 치과보철과, 소아치과, 치주과, 치과보존과, 구강내과, 영상치의학과, 구강병리과, 예방치과",치과의원,PHMA120183010033041100012,3010000,"서울특별시 중구 퇴계로 260, 2층 (묵정동)",04619,03,폐업,0,,,02-2266-3077
다오의원,의원,2022-10-29,198636.2503948,451005.721641592,2026-04-22 22:30:48,I,03,폐업,149,1,0,2022-11-24 14:27:39,,2018-06-22,,서울특별시 중구 충무로2가 65번지 9호 하이헤리엇,114 101,"내과, 피부과",의원,PHMA120183010033041100016,3010000,"서울특별시 중구 퇴계로 123, 하이헤리엇 9층 9011호,9012호 (충무로2가)",04536,03,폐업,0,,,02-3445-8555
동인당한의원,한의원,2021-01-03,200750.455125653,449638.824308081,2026-04-22 22:30:49,I,03,폐업,36.38,1,0,2021-01-06 15:04:27,,2018-08-08,,서울특별시 중구 신당동 844번지 남산타운,308 307 306 305 304 303 302 301,"한방내과, 한방부인과, 한방소아과, 한방안·이비인후·피부과, 한방신경정신과, 한방재활의학과, 사상체질과, 침구과",한의원,PHMA120183010033041100020,3010000,"서울특별시 중구 다산로 32, 5상가 301호 (신당동, 남산타운)",04595,03,폐업,0,,,02-3446-3375
탑의원,의원,2019-04-24,198773.98707315,451070.362775791,2026-04-22 22:30:49,I,03,폐업,158,1,0,2019-04-24 13:03:03,,2018-11-15,,서울특별시 중구 충무로2가 12번지 17호,114 108 104,"외과, 성형외과, 피부과",의원,PHMA120183010033041100028,3010000,"서울특별시 중구 명동8가길 33, 3층 (충무로2가)",04537,03,폐업,0,,,02-318-8803
명동예쁨주의상상의원,의원,2021-04-01,198665.054831863,451059.770866155,2026-04-22 22:30:49,I,03,폐업,352,1,0,2021-03-26 21:51:28,,2018-11-19,,서울특별시 중구 충무로2가 66번지 27호 명동 이화빌딩(A동),122 114 108 101,"내과, 성형외과, 피부과, 가정의학과",의원,PHMA120183010033041100029,3010000,"서울특별시 중구 명동8가길 11, 명동 이화빌딩(A동) 4층 (충무로2가)",04536,03,폐업,0,,,02-753-8886
명동톡의원,의원,2019-03-18,198668.194726908,450984.373410309,2026-04-22 22:30:49,I,03,폐업,125.92,1,0,2019-03-18 18:00:33,,2018-11-22,,서울특별시 중구 충무로2가 65번지 11호,114 108 101,"내과, 성형외과, 피부과",의원,PHMA120183010033041100031,3010000,"서울특별시 중구 퇴계로 125, 2층 (충무로2가)",04536,03,폐업,0,,,
아이차이의원,의원,2019-08-06,198636.2503948,451005.721641592,2026-04-22 22:30:49,I,03,폐업,103.61,1,0,2019-08-05 18:00:31,,2018-11-23,,서울특별시 중구 충무로2가 65번지 9호 하이헤리엇,122 115 114 108,"성형외과, 피부과, 비뇨의학과, 가정의학과",의원,PHMA120183010033041100033,3010000,"서울특별시 중구 퇴계로 123, 하이헤리엇 9층 (충무로2가)",04536,03,폐업,0,,,
명동태조한의원,한의원,2020-07-16,198773.98707315,451070.362775791,2026-04-22 22:30:49,I,03,폐업,141.8,1,0,2020-07-09 17:52:42,,2019-04-17,,서울특별시 중구 충무로2가 12번지 17호,308 307 306 305 304 303 302 301,"한방내과, 한방부인과, 한방소아과, 한방안·이비인후·피부과, 한방신경정신과, 한방재활의학과, 사상체질과, 침구과",한의원,PHMA120193010033041100004,3010000,"서울특별시 중구 명동8가길 33, 2층 (충무로2가)",04537,03,폐업,0,,,02-6925-1275
탑의원,의원,2019-11-12,198773.98707315,451070.362775791,2026-04-22 22:30:49,I,03,폐업,158,1,0,2019-11-12 17:13:14,,2019-05-02,,서울특별시 중구 충무로2가 12번지 17호 3층,114 108,"성형외과, 피부과",의원,PHMA120193010033041100007,3010000,"서울특별시 중구 명동8가길 33, 3층 (충무로2가)",04537,03,폐업,0,,,02-318-8803
광화문허브한의원,한의원,2021-10-05,198055.210072535,451729.379049848,2026-04-22 22:30:49,I,03,폐업,148.68,1,0,2021-09-30 15:18:00,,2019-08-09,,서울특별시 중구 무교동 45번지 더익스체인지서울몰,301 302 303 304 305 306 307 308,"한방내과, 한방부인과, 한방소아과, 한방안·이비인후·피부과, 한방신경정신과, 한방재활의학과, 사상체질과, 침구과",한의원,PHMA120193010033041100020,3010000,"서울특별시 중구 무교로 19, 더익스체인지서울몰 4층 (무교동)",04520,03,폐업,0,,,02-3446-1075
뷰클라인의원,의원,2020-09-01,198773.98707315,451070.362775791,2026-04-22 22:30:49,I,03,폐업,158,1,0,2020-08-31 18:26:41,,2019-11-19,,서울특별시 중구 충무로2가 12번지 17호 3층,114 108,"성형외과, 피부과",의원,PHMA120193010033041100022,3010000,"서울특별시 중구 명동8가길 33, 3층 (충무로2가)",04537,03,폐업,0,,,02-318-8803
서울아랑치과의원,치과의원,2023-02-20,199733.225714011,451140.879758189,2026-04-22 22:30:49,I,03,폐업,87.37,1,0,2023-03-17 17:26:17,,2019-12-10,,서울특별시 중구 충무로4가 306번지 남산 센트럴 자이,412 411 410 409 408 407 406 405 403 402,"구강악안면외과, 치과보철과, 소아치과, 치주과, 치과보존과, 구강내과, 영상치의학과, 구강병리과, 예방치과, 통합치의학과",치과의원,PHMA120193010033041100024,3010000,"서울특별시 중구 퇴계로 235, A동 208호 (충무로4가, 남산 센트럴 자이)",04558,03,폐업,0,,,02-2285-4502
닥터쁘띠의원,의원,2021-01-27,198866.36491721,451021.050960516,2026-04-22 22:30:49,I,03,폐업,434.95,1,0,2021-01-27 16:39:14,,2019-12-18,,서울특별시 중구 충무로2가 61번지 3호 세종호텔 2층,122 114 108,"성형외과, 피부과, 가정의학과",의원,PHMA120193010033041100026,3010000,"서울특별시 중구 퇴계로 145, 세종호텔 2층 (충무로2가)",04537,03,폐업,0,,,02-6261-5200
청명한의원,한의원,2022-12-01,201334.779915273,451413.119285557,2026-04-22 22:30:49,I,03,폐업,129,1,0,2022-12-21 14:05:37,,2019-12-20,,서울특별시 중구 무학동 1번지,301 302 303 304 305 306 307 308,"한방내과, 한방부인과, 한방소아과, 한방안·이비인후·피부과, 한방신경정신과, 한방재활의학과, 사상체질과, 침구과",한의원,PHMA120193010033041100029,3010000,"서울특별시 중구 다산로 245, 4층 (무학동)",04611,03,폐업,0,,,02-2253-5475
유덴치과의원,치과의원,2024-02-08,197772.478513016,451236.839278329,2026-04-22 22:30:49,I,03,폐업,169.38,1,0,2024-08-07 11:11:53,,2020-01-13,,서울특별시 중구 서소문동 90번지 대양빌딩,411 408 407 406 405 404 403 402,"구강악안면외과, 치과보철과, 치과교정과, 소아치과, 치주과, 치과보존과, 구강내과, 예방치과",치과의원,PHMA120203010033041100002,3010000,"서울특별시 중구 서소문로 130, 대양빌딩 4층 (서소문동)",04514,03,폐업,0,2024-03-26,2025-03-25,02-754-7575
리엔장의원,의원,2025-06-01,198418.741655644,451237.168596152,2026-04-22 22:30:49,I,03,폐업,379.7,8,0,2025-05-27 17:09:14,,2020-02-18,,서울특별시 중구 명동2가 83번지 5호 Noon Square 5층,114 108,"성형외과, 피부과",의원,PHMA120203010033041100006,3010000,"서울특별시 중구 명동길 14, Noon Square 5층 (명동2가)",04536,03,폐업,0,,,02-3789-3625
길치과의원,치과의원,2025-09-25,200893.939428042,450192.730603877,2026-04-22 22:30:49,I,03,폐업,88.8,1,0,2025-09-25 17:52:52,,1977-08-19,,서울특별시 중구 신당동 368-2 5층,407 406 405 403 402,"구강악안면외과, 치과보철과, 소아치과, 치주과, 치과보존과",치과의원,PHMA120203010033041100013,3010000,"서울특별시 중구 동호로 177-1, 5층 (신당동)",04597,03,폐업,0,,,02-878-5621
코스무스한의원,한의원,2021-11-23,200946.991356119,450259.293578384,2026-04-22 22:30:49,I,03,폐업,119.65,1,0,2021-11-24 13:26:12,,2020-06-23,,서울특별시 중구 신당동 373번지 71호 MJ빌딩,308 307 306 305 304 303 302 301,"한방내과, 한방부인과, 한방소아과, 한방안·이비인후·피부과, 한방신경정신과, 한방재활의학과, 사상체질과, 침구과",한의원,PHMA120203010033041100021,3010000,"서울특별시 중구 동호로 186-7, MJ빌딩 4층 (신당동)",04590,03,폐업,0,,,02-2233-5788
서울역연세공감의원,의원,2025-01-01,197675.397522479,450448.56432183,2026-04-22 22:30:49,I,03,폐업,343.92,2,0,2025-01-21 16:42:56,,2020-07-02,,"서울특별시 중구 남대문로5가 537 서울로플라자 4,5층",122 120 109 106 105,"정형외과, 신경외과, 마취통증의학과, 재활의학과, 가정의학과",의원,PHMA120203010033041100022,3010000,"서울특별시 중구 퇴계로 10, 서울로플라자 4,5층 (남대문로5가)",04637,03,폐업,0,,,02-6743-0231
제이에이치제일의원,의원,2021-07-05,199842.992753729,451090.793367583,2026-04-22 22:30:50,I,03,폐업,1261.1,2,0,2021-07-05 14:27:23,,2021-07-01,,서울특별시 중구 충무로5가 52-25,122 120 116 113 110 106 105 102 101,"내과, 신경과, 정형외과, 신경외과, 산부인과, 이비인후과, 영상의학과, 재활의학과, 가정의학과",의원,PHMA120213010033041100013,3010000,"서울특별시 중구 퇴계로 244, 1~4층 (충무로5가)",04619,03,폐업,0,,,02-2277-2727
경희보람의원한의원,의원,2024-08-01,198608.22628709,451340.859067863,2026-04-22 22:30:50,I,03,폐업,95.87,1,0,2024-08-01 13:01:15,,2021-09-10,,서울특별시 중구 명동1가 10-5,126 122 120 119 118 115 114 113 111 110 109 108 104 103 102 101,"내과, 신경과, 정신건강의학과, 외과, 성형외과, 마취통증의학과, 산부인과, 소아청소년과, 이비인후과, 피부과, 비뇨의학과, 병리과, 진단검사의학과, 재활의학과, 가정의학과, 예방의학과",의원,PHMA120213010033041100019,3010000,"서울특별시 중구 명동9길 10, 3층 (명동1가)",04538,03,폐업,0,,,02-318-1124
경희보람의원한의원,한의원,2024-08-01,198608.22628709,451340.859067863,2026-04-22 22:30:50,I,03,폐업,95.87,1,0,2024-08-01 11:31:12,,2021-09-10,,서울특별시 중구 명동1가 10-5,307 306 305 304 303 302 301,"한방내과, 한방부인과, 한방소아과, 한방안·이비인후·피부과, 한방신경정신과, 한방재활의학과, 사상체질과",한의원,PHMA120213010033041100020,3010000,"서울특별시 중구 명동9길 10, 3층 (명동1가)",04538,03,폐업,0,,,02-318-1124
필정형외과의원,의원,2024-02-15,199713.338571725,451623.558170741,2026-04-22 22:30:50,I,03,폐업,178.5,1,0,2024-02-15 14:21:20,,2003-06-17,,서울특별시 중구 을지로4가 71-2 일신빌딩,105 120 101 111 116 104 106 114 108 115 119,"내과, 외과, 정형외과, 신경외과, 성형외과, 소아청소년과, 피부과, 비뇨의학과, 영상의학과, 진단검사의학과, 재활의학과",의원,PHMA120223010033041100010,3010000,"서울특별시 중구 을지로 177, 일신빌딩 5층 (을지로4가)",04545,03,폐업,0,2024-01-08,2025-01-07,22731006
21세기한의원,한의원,2023-08-30,198162.211231825,450968.535505767,2026-04-22 22:30:50,I,03,폐업,112,1,0,2023-08-31 10:29:48,,2022-08-18,,서울특별시 중구 회현동1가 202-5,306 305 304 303 302 301,"한방내과, 한방부인과, 한방소아과, 한방안·이비인후·피부과, 한방신경정신과, 한방재활의학과",한의원,PHMA120223010033041100011,3010000,"서울특별시 중구 남대문시장길 73-3, 7층 (회현동1가)",04529,03,폐업,0,,,02-776-8294
케이(K)의원,의원,2023-05-01,198427.80416659,450983.789878438,2026-04-22 22:30:50,I,03,폐업,177.22,1,0,2023-05-01 17:57:55,,2023-04-19,,서울특별시 중구 충무로1가 25-33,115 114,"피부과, 비뇨의학과",의원,PHMA120233010033041100006,3010000,"서울특별시 중구 명동8나길 35, 3층 (충무로1가)",04535,03,폐업,0,,,
케이(K)의원,의원,2025-06-01,198427.80416659,450983.789878438,2026-04-22 22:30:51,I,03,폐업,177.22,1,0,2025-06-02 10:05:28,,2023-09-19,,서울특별시 중구 충무로1가 25-33,114 115,"피부과, 비뇨의학과",의원,PHMA120233010033041100030,3010000,"서울특별시 중구 명동8나길 35, 3층 (충무로1가)",04535,03,폐업,0,,,02-319-8727
명동미래셀의원,의원,2025-02-14,198636.2503948,451005.721641592,2026-04-22 22:30:52,I,03,폐업,185,1,0,2025-02-18 10:14:29,,2018-01-04,,서울특별시 중구 충무로2가 65-9 하이헤리엇,120 114 108 105 102 101,"내과, 신경과, 정형외과, 성형외과, 피부과, 재활의학과",의원,PHMA120243010033041100030,3010000,"서울특별시 중구 퇴계로 123, 하이헤리엇 7층 (충무로2가)",04536,03,폐업,0,,,02-776-8766
종로위브의원,의원,,198324.653631679,452252.812389497,2026-04-22 22:30:27,I,13,영업중,87.2,1,0,2017-09-05 18:39:19,,2006-04-12,110-858,서울특별시 종로구 수송동 58번지 두산위브파빌리온 205호,122 101 113 114 109,"내과, 마취통증의학과, 이비인후과, 피부과, 가정의학과",의원,PHMA120063000034041100018,3000000,"서울특별시 종로구 삼봉로 81, 2층 205호 (수송동, 두산위브파빌리온)",03150,01,영업/정상,0,,,02-723-7585
한빛산부인과의원,의원,,197538.542807564,452679.892786314,2026-04-22 22:30:27,I,13,영업중,101,1,1,2019-02-07 17:17:00,,2006-04-28,,,110 114 122,"산부인과, 피부과, 가정의학과",의원,PHMA120063000034041100021,3000000,"서울특별시 종로구 자하문로2길 4, 201호 (적선동, 경복빌딩)",03044,01,영업/정상,1,,,02-734-7582
참가정의학과의원,의원,,200182.499160172,452111.960195543,2026-04-22 22:30:27,I,13,영업중,105.12,1,0,2020-03-12 22:13:19,,2006-05-12,110-835,서울특별시 종로구 종로5가 58번지 평창빌딩 2층,122 101 111 104 105,"내과, 외과, 정형외과, 소아청소년과, 가정의학과",의원,PHMA120063000034041100024,3000000,"서울특별시 종로구 종로 227-3, 2층 (종로5가, 평창빌딩 )",03126,01,영업/정상,0,,,02-3676-7575
광화문하나이비인후과의원,의원,,197538.542807564,452679.892786314,2026-04-22 22:30:27,I,13,영업중,102.36,1,0,2019-04-01 16:43:12,,2006-06-09,110-052,서울특별시 종로구 적선동 100번지 1호 경복빌딩 5층,113 111,"소아청소년과, 이비인후과",의원,PHMA120063000034041100025,3000000,"서울특별시 종로구 자하문로2길 4, 5층 (적선동, 경복빌딩)",03044,01,영업/정상,0,,,02-722-6087
다스름한의원,한의원,,197348.44253811,452671.549044338,2026-04-22 22:30:27,I,15,전출,102,1,0,2016-08-19 15:55:03,,2006-06-12,110-053,서울특별시 종로구 내자동 26번지 한빛빌딩 (2층),301 304 307 302 305 308 303 306,"한방내과, 한방부인과, 한방소아과, 한방안·이비인후·피부과, 한방신경정신과, 한방재활의학과, 사상체질과, 침구과",한의원,PHMA120063000034041100026,3000000,"서울특별시 종로구 사직로 107, 2층 (내자동, 한빛빌딩)",03041,05,제외/삭제/전출,0,,,02-738-7522
향기나무한의원,한의원,,200182.499160172,452111.960195543,2026-04-22 22:30:27,I,13,영업중,80.86,1,0,2019-03-11 16:12:41,,2006-08-17,110-111,서울특별시 종로구 종로5가 58번지 1층,301 304 307 302 305 308 303 306,"한방내과, 한방부인과, 한방소아과, 한방안·이비인후·피부과, 한방신경정신과, 한방재활의학과, 사상체질과, 침구과",한의원,PHMA120063000034041100028,3000000,"서울특별시 종로구 종로 225-1, 1층 (종로5가)",03126,01,영업/정상,0,,,02-3675-5000
강북서울외과의원,의원,,201282.378349367,452249.643664396,2026-04-22 22:30:27,I,13,영업중,411.75,6,0,2019-12-13 17:49:37,,2006-08-21,110-841,서울특별시 종로구 창신1동 327번지 2호 금호팰리스 501호,104 101,"내과, 외과",의원,PHMA120063000034041100030,3000000,"서울특별시 종로구 지봉로 29, 501호 (창신동)",03121,01,영업/정상,0,,,02-747-0001
기분좋은치과의원,치과의원,,200072.378101828,452291.689518232,2026-04-22 22:30:27,I,13,영업중,218.87,2,0,2025-08-29 02:13:22,,2006-12-08,,,412 402,"구강악안면외과, 통합치의학과",치과의원,PHMA120063000034041100033,3000000,"서울특별시 종로구 대학로 19, 2층 (연지동)",03129,01,영업/정상,0,,,02-744-3050
광화문서울치과의원,치과의원,,197660.370711237,452306.635808312,2026-04-22 22:30:27,I,15,전출,151.78,1,0,2023-10-30 09:43:36,,2013-09-16,110-051,서울특별시 종로구 도렴동 65번지 센터포인트 B 103호,401,치과,치과의원,PHMA120063000034041100036,3000000,"서울특별시 종로구 새문안로5길 31, B103호 (도렴동, 센터포인트)",03173,05,제외/삭제/전출,0,,,02-6031-6789
종로신경외과의원,의원,2026-03-25,200418.229551097,452113.544328769,2026-04-22 22:30:27,I,03,폐업,178,2,0,2026-03-25 14:23:53,,2007-01-02,110-835,서울특별시 종로구 종로5가 12번지 1호 1~2층,101 105 106,"내과, 정형외과, 신경외과",의원,PHMA120073000034041100001,3000000,"서울특별시 종로구 종로 249, 1~2층 (종로5가)",03126,03,폐업,0,,,
평창한의원,한의원,,197013.015233915,455976.172515929,2026-04-22 22:30:27,I,13,영업중,105,1,0,2020-06-19 18:11:15,,2007-01-02,,,301 302 303 304 305 306 307 308,"한방내과, 한방부인과, 한방소아과, 한방안·이비인후·피부과, 한방신경정신과, 한방재활의학과, 사상체질과, 침구과",한의원,PHMA120073000034041100002,3000000,서울특별시 종로구 평창11길 6 (평창동),03009,01,영업/정상,0,,,02-3216-1075
뿌리치과의원,치과의원,,200192.858976446,452053.79706169,2026-04-22 22:30:27,I,13,영업중,99.6,1,0,2024-08-08 17:51:48,,2007-01-05,,,412,통합치의학과,치과의원,PHMA120073000034041100003,3000000,"서울특별시 종로구 종로 226-1 (종로5가,지상2층)",03196,01,영업/정상,0,,,02-2279-2080
메디홈가정의학과의원,의원,,197816.682263356,452024.763264859,2026-04-22 22:30:27,I,13,영업중,109.51,1,0,2024-09-06 03:43:32,,2007-01-11,110-061,서울특별시 종로구 신문로1가 2번지 4층,101 122 113 114 110 111 103 105,"내과, 정신건강의학과, 정형외과, 산부인과, 소아청소년과, 이비인후과, 피부과, 가정의학과",의원,PHMA120073000034041100005,3000000,"서울특별시 종로구 새문안로 103, 4층 (신문로1가)",03183,01,영업/정상,0,,,02-725-7582
안국수치과의원,치과의원,,198742.659391924,452814.32796848,2026-04-22 22:30:27,I,13,영업중,67.26,1,0,2026-02-19 10:23:13,,2007-02-15,,,411 410 409 408 407 406 405 404 403 402,"구강악안면외과, 치과보철과, 치과교정과, 소아치과, 치주과, 치과보존과, 구강내과, 영상치의학과, 구강병리과, 예방치과",치과의원,PHMA120073000034041100009,3000000,"서울특별시 종로구 계동길 5, 3층 (계동)",03059,01,영업/정상,0,,,02-3675-2875
서울남정치과의원,치과의원,,199841.54361709,453469.77332524,2026-04-22 22:30:25,I,13,영업중,0,1,0,2025-05-26 14:51:46,,1971-06-10,,,402 403 404 405 406 407 408 409 410 411 412,"구강악안면외과, 치과보철과, 치과교정과, 소아치과, 치주과, 치과보존과, 구강내과, 영상치의학과, 구강병리과, 예방치과, 통합치의학과",치과의원,PHMA119713000034041100011,3000000,"서울특별시 종로구 창경궁로 243, 2층 (명륜2가)",03074,01,영업/정상,0,,,02-762-2022
김정우치과의원,치과의원,,198324.653631679,452252.812389497,2026-04-22 22:30:25,I,13,영업중,98.42,1,0,2025-10-30 21:43:22,,1971-06-10,,,403 405 406 407 408 411,"치과보철과, 소아치과, 치주과, 치과보존과, 구강내과, 예방치과",치과의원,PHMA119713000034041100020,3000000,"서울특별시 종로구 삼봉로 81, 227호 (수송동,두산위브파빌리온)",03150,01,영업/정상,0,,,02-733-8322
미시간치과의원,치과의원,,201397.028972048,452358.88144457,2026-04-22 22:30:25,I,13,영업중,46.99,1,0,2024-10-04 10:54:47,,1971-06-10,,,402 403 405 406 407 408 409 410 411,"구강악안면외과, 치과보철과, 소아치과, 치주과, 치과보존과, 구강내과, 영상치의학과, 구강병리과, 예방치과",치과의원,PHMA119713000034041100021,3000000,서울특별시 종로구 종로 351-2 (숭인동),03113,01,영업/정상,0,,,02-763-3781
안박치과의원,치과의원,,200269.360372491,452145.668143021,2026-04-22 22:30:25,I,13,영업중,0,1,0,2025-05-26 13:53:39,,1972-10-10,,,402 403 406 407 408 411,"구강악안면외과, 치과보철과, 치주과, 치과보존과, 구강내과, 예방치과",치과의원,PHMA119723000034041100003,3000000,서울특별시 종로구 종로35길 9 (효제동),03126,01,영업/정상,0,,,02-744-2641
중앙치과의원,치과의원,,198706.709025835,452287.356508557,2026-04-22 22:30:25,I,13,영업중,0,1,0,2017-09-05 18:39:17,,1973-03-16,110-290,서울특별시 종로구 인사동 179번지 2호,401,치과,치과의원,PHMA119733000034041100003,3000000,서울특별시 종로구 인사동길 23-1 (인사동),,01,영업/정상,0,,,02-733-4648
조종만치과의원,치과의원,,197629.278951479,452546.62149399,2026-04-22 22:30:25,I,13,영업중,95.86,1,0,2017-09-05 18:39:18,,1971-06-10,,,401,치과,치과의원,PHMA119763000034041100002,3000000,"서울특별시 종로구 새문안로5길 55, B117호 (적선동)",03170,01,영업/정상,0,,,02-736-2828
충신한의원,한의원,,200467.814018087,452134.276328979,2026-04-22 22:30:25,I,13,영업중,0,1,0,2017-09-05 18:39:18,,1977-03-29,110-835,서울특별시 종로구 종로5가 1번지,301 302 303 304 305 306 307 308,"한방내과, 한방부인과, 한방소아과, 한방안·이비인후·피부과, 한방신경정신과, 한방재활의학과, 사상체질과, 침구과",한의원,PHMA119773000034041100001,3000000,서울특별시 종로구 대학로2길 72 (종로5가),,01,영업/정상,0,,,02-762-8188
정치과의원,치과의원,,199967.434464361,452036.57346957,2026-04-22 22:30:25,I,13,영업중,99.9,1,0,2025-05-27 15:45:30,,1977-07-07,,,402 403 404 405 406 407 408 409 410 411,"구강악안면외과, 치과보철과, 치과교정과, 소아치과, 치주과, 치과보존과, 구강내과, 영상치의학과, 구강병리과, 예방치과",치과의원,PHMA119773000034041100006,3000000,서울특별시 종로구 종로32길 2 (종로4가),03195,01,영업/정상,0,,,02-2266-7046
김경진치과의원,치과의원,,199313.425411646,452051.527362128,2026-04-22 22:30:25,I,13,영업중,0,1,0,2025-10-30 20:13:19,,1978-05-09,,,403 406 407 408 409 411,"치과보철과, 치주과, 치과보존과, 구강내과, 영상치의학과, 예방치과",치과의원,PHMA119783000034041100005,3000000,서울특별시 종로구 종로 139 (종로3가),03138,01,영업/정상,0,,,02-764-2975
송달옥비뇨기과의원,의원,,198409.99322661,452157.297921599,2026-04-22 22:30:25,I,13,영업중,55.01,1,0,2017-09-05 18:39:18,,1978-06-01,110-160,서울특별시 종로구 공평동 130번지 1호,114 115,"피부과, 비뇨의학과",의원,PHMA119783000034041100006,3000000,"서울특별시 종로구 종로7길 47, 3층 (공평동)",03158,01,영업/정상,0,,,02-734-8874
서울예안치과의원,치과의원,,197340.059936993,452888.052956148,2026-04-22 22:30:27,I,13,영업중,230,1,0,2026-02-24 13:15:50,,2007-04-03,,서울특별시 종로구 체부동 118-8,402 403 404 405 406 407 408 409 411 412,"구강악안면외과, 치과보철과, 치과교정과, 소아치과, 치주과, 치과보존과, 구강내과, 영상치의학과, 예방치과, 통합치의학과",치과의원,PHMA120073000034041100014,3000000,서울특별시 종로구 자하문로5가길 19 (체부동),03040,01,영업/정상,0,,,02-733-2975
정다운신경외과의원,의원,,197348.44253811,452671.549044338,2026-04-22 22:30:27,I,13,영업중,150.3,1,0,2025-10-16 20:13:21,,2007-04-04,110-053,서울특별시 종로구 내자동 26번지 한빛빌딩 6층,105 106 101 120 116,"내과, 정형외과, 신경외과, 영상의학과, 재활의학과",의원,PHMA120073000034041100015,3000000,"서울특별시 종로구 사직로 107, 6층 (내자동, 한빛빌딩)",03041,01,영업/정상,0,,,02-733-8275
참좋은치과의원,치과의원,,201295.96860092,452326.146822192,2026-04-22 22:30:27,I,13,영업중,198,1,0,2025-08-29 05:43:22,,2007-04-04,,서울특별시 종로구 창신동 267번지 4층,401,치과,치과의원,PHMA120073000034041100016,3000000,"서울특별시 종로구 지봉로 37-1, 4층 (창신동, JS타워)",03104,01,영업/정상,0,,,02-762-7528
세종로한의원,한의원,,197816.682263356,452024.763264859,2026-04-22 22:30:27,I,13,영업중,197.28,1,0,2017-09-05 18:39:19,,2007-04-05,110-061,서울특별시 종로구 신문로1가 2번지 6층,301 304 307 302 305 308 303 306,"한방내과, 한방부인과, 한방소아과, 한방안·이비인후·피부과, 한방신경정신과, 한방재활의학과, 사상체질과, 침구과",한의원,PHMA120073000034041100017,3000000,"서울특별시 종로구 새문안로 103, 6층 (신문로1가)",03183,01,영업/정상,0,,,02-738-5111
우정의원,의원,,196291.961272358,456042.126827596,2026-04-22 22:30:27,I,13,영업중,86.9,1,0,2017-09-05 18:39:19,,2007-07-05,110-803,서울특별시 종로구 구기동 56번지 1호 2층,101 104 111 114 115,"내과, 외과, 소아청소년과, 피부과, 비뇨의학과",의원,PHMA120073000034041100019,3000000,"서울특별시 종로구 진흥로22길 3, 2층 (구기동)",03013,01,영업/정상,0,,,02-3417-0525
평창다인치과의원,치과의원,,196896.329082976,455893.228194817,2026-04-22 22:30:27,I,13,영업중,109.74,1,0,2024-08-26 15:17:32,,2007-07-05,,,412,통합치의학과,치과의원,PHMA120073000034041100020,3000000,"서울특별시 종로구 평창문화로 39 (평창동,백상빌딩 3층)",03008,01,영업/정상,0,,,02-394-5275
종로필선의원,의원,,198882.395618489,452339.533341108,2026-04-22 22:30:27,I,13,영업중,103,1,0,2025-11-06 15:19:45,,2025-08-14,110-320,서울특별시 종로구 낙원동 62번지 2호 2층,122 120 115 114 113 109 105 101,"내과, 정형외과, 마취통증의학과, 이비인후과, 피부과, 비뇨의학과, 재활의학과, 가정의학과",의원,PHMA120073000034041100023,3000000,"서울특별시 종로구 삼일대로 434, 2층 (낙원동)",03133,01,영업/정상,0,,,36753371
바른이치과의원,치과의원,,200419.198768334,452575.447700535,2026-04-22 22:30:27,I,13,영업중,100.63,1,0,2024-08-19 15:39:36,,2007-08-07,,,412 411 409 408 407 406 405 403 402,"구강악안면외과, 치과보철과, 소아치과, 치주과, 치과보존과, 구강내과, 영상치의학과, 예방치과, 통합치의학과",치과의원,PHMA120073000034041100028,3000000,"서울특별시 종로구 율곡로 241-2, 3층 (충신동)",03099,01,영업/정상,0,,,02-762-3487
연세에스웰피부과의원,의원,,198150.300374121,452019.212642931,2026-04-22 22:30:27,I,13,영업중,147,1,0,2025-09-05 05:13:24,,2007-09-19,110-888,서울특별시 종로구 종로1가 24번지 르메이에르종로타운 1동 404호,114,피부과,의원,PHMA120073000034041100031,3000000,"서울특별시 종로구 종로 19, 404호 (종로1가, 르메이에르종로타운1)",03157,01,영업/정상,0,,,20757500
미즈여성산부인과의원,의원,,201238.696068454,452317.86559669,2026-04-22 22:30:27,I,13,영업중,195,3,0,2025-11-28 01:13:23,,2007-12-11,,서울특별시 종로구 창신동 292번지 원풍빌딩 301호,110 122,"산부인과, 가정의학과",의원,PHMA120073000034041100040,3000000,"서울특별시 종로구 종로 335, 원풍빌딩 3층 301호 (창신동)",03104,01,영업/정상,0,,,02-2232-7771
연세자연치과의원,치과의원,,197841.421685319,452035.176830457,2026-04-22 22:30:27,I,13,영업중,91.24,1,0,2024-09-09 17:40:36,,2007-12-12,,서울특별시 종로구 세종로 202-1,402 403 404 405 406 407 408 409 410 411 412,"구강악안면외과, 치과보철과, 치과교정과, 소아치과, 치주과, 치과보존과, 구강내과, 영상치의학과, 구강병리과, 예방치과, 통합치의학과",치과의원,PHMA120073000034041100041,3000000,"서울특별시 종로구 세종대로 159, 8층 (세종로)",03183,01,영업/정상,0,,,02-730-7528
본가한의원,한의원,,196384.538014661,452307.682445954,2026-04-22 22:30:27,I,13,영업중,58.71,1,0,2023-07-07 02:13:22,,2007-12-12,110-090,서울특별시 종로구 교북동 1번지 (2층),301 304 307 308 302 305 303 306,"한방내과, 한방부인과, 한방소아과, 한방안·이비인후·피부과, 한방신경정신과, 한방재활의학과, 사상체질과, 침구과",한의원,PHMA120073000034041100042,3000000,"서울특별시 종로구 통일로12길 4, 2층 (교북동)",03029,01,영업/정상,0,,,02-720-8575
해맑은한의원,한의원,,199718.387464546,453522.218674374,2026-04-22 22:30:27,I,13,영업중,161.88,1,0,2022-11-29 11:36:20,,2007-04-18,,,301 302 303 304 305 306 307 308,"한방내과, 한방부인과, 한방소아과, 한방안·이비인후·피부과, 한방신경정신과, 한방재활의학과, 사상체질과, 침구과",한의원,PHMA120073000034041100043,3000000,서울특별시 종로구 성균관로 13-1 (명륜2가),03073,01,영업/정상,0,,,02-742-8875
이용식이비인후과의원,의원,,201359.53353905,452395.659064842,2026-04-22 22:30:25,I,13,영업중,87,1,1,2023-03-14 15:29:58,,1978-06-13,110-876,서울특별시 종로구 숭인동 76번지 롯데캐슬천지인상가 204호,113,이비인후과,의원,PHMA119783000034041100007,3000000,"서울특별시 종로구 종로 347, 204호 (숭인동, 롯데캐슬상가)",03113,01,영업/정상,1,,,02-763-3426
덕성한의원,한의원,,200497.57023261,452130.338214652,2026-04-22 22:30:25,I,13,영업중,0,1,0,2017-09-05 18:39:18,,1978-10-14,110-126,서울특별시 종로구 종로6가 246번지 1호,301 302 303 304 305 306 307 308,"한방내과, 한방부인과, 한방소아과, 한방안·이비인후·피부과, 한방신경정신과, 한방재활의학과, 사상체질과, 침구과",한의원,PHMA119783000034041100009,3000000,서울특별시 종로구 종로39길 6 (종로6가),,01,영업/정상,0,,,02-762-8222
일등플란트치과의원,치과의원,,200181.146934518,452053.510196786,2026-04-22 22:30:25,I,13,영업중,107.32,1,0,2024-08-21 10:40:03,,1979-05-11,,,412 407 405 403,"치과보철과, 소아치과, 치과보존과, 통합치의학과",치과의원,PHMA119793000034041100003,3000000,"서울특별시 종로구 종로 226, 3층 (종로5가)",03196,01,영업/정상,0,,,02-2268-6868
소명의원,의원,,201223.533789596,452304.752922139,2026-04-22 22:30:25,I,13,영업중,105.13,1,0,2018-12-14 01:43:15,,1980-09-13,110-840,서울특별시 종로구 창신동 303번지 3층,115 114,"피부과, 비뇨의학과",의원,PHMA119803000034041100003,3000000,서울특별시 종로구 종로 335-1 (창신동),03104,01,영업/정상,0,,,02-743-1797
최신경정신과의원,의원,,199321.4036677,451985.646550196,2026-04-22 22:30:25,I,15,전출,0,1,0,2018-08-14 15:39:53,,1981-06-01,110-123,서울특별시 종로구 종로3가 147번지 302호,103,정신건강의학과,의원,PHMA119813000034041100003,3000000,"서울특별시 종로구 종로 140, 302호 (종로3가, 금천빌딩)",03193,05,제외/삭제/전출,0,,,02-2267-3970
종로한의원,한의원,,200616.253151557,452114.699077968,2026-04-22 22:30:25,I,13,영업중,64.14,1,0,2017-09-05 18:39:18,,1981-06-02,110-126,"서울특별시 종로구 종로6가 114번지 1호 1, 2층",301 302 303 304 305 306 307 308,"한방내과, 한방부인과, 한방소아과, 한방안·이비인후·피부과, 한방신경정신과, 한방재활의학과, 사상체질과, 침구과",한의원,PHMA119813000034041100004,3000000,서울특별시 종로구 종로 267-2 (종로6가),03124,01,영업/정상,0,,,02-762-7715
강규욱치과의원,치과의원,,199879.052211717,454155.740224287,2026-04-22 22:30:25,I,13,영업중,94.05,1,0,2024-09-26 18:00:57,,1982-05-07,,,412 411 409 408 407 406 405 403 402,"구강악안면외과, 치과보철과, 소아치과, 치주과, 치과보존과, 구강내과, 영상치의학과, 예방치과, 통합치의학과",치과의원,PHMA119823000034041100002,3000000,"서울특별시 종로구 혜화로 46-1, 3층 (혜화동, 류화빌딩)",03067,01,영업/정상,0,,,02-764-2875
유선재치과의원,치과의원,,200127.51876762,452047.758449913,2026-04-22 22:30:25,I,13,영업중,0,1,0,2025-05-26 14:31:52,,1982-05-20,,,402 403 405 406 407 411,"구강악안면외과, 치과보철과, 소아치과, 치주과, 치과보존과, 예방치과",치과의원,PHMA119823000034041100003,3000000,서울특별시 종로구 동호로 408 (종로5가),03196,01,영업/정상,0,,,02-2266-9828
강현수비뇨기과의원,의원,,197826.356739032,452021.760313896,2026-04-22 22:30:25,I,13,영업중,91.24,1,0,2017-09-05 18:39:18,,1983-03-11,110-061,서울특별시 종로구 신문로1가 1번지 1호 4층,114 115,"피부과, 비뇨의학과",의원,PHMA119833000034041100003,3000000,서울특별시 종로구 새문안로 103-1 (신문로1가),03183,01,영업/정상,0,,,02-736-7366
유일한의원,한의원,,200569.229473916,452206.025158221,2026-04-22 22:30:25,I,13,영업중,0,1,0,2017-12-29 17:33:25,,1983-04-22,110-126,서울특별시 종로구 종로6가 30번지 1호,301 302 303 304 305 306 307 308,"한방내과, 한방부인과, 한방소아과, 한방안·이비인후·피부과, 한방신경정신과, 한방재활의학과, 사상체질과, 침구과",한의원,PHMA119833000034041100005,3000000,서울특별시 종로구 율곡로30길 17-3 (종로6가),03124,01,영업/정상,0,,,02-742-5533
이재홍한의원,한의원,,199190.851137928,452155.029925614,2026-04-22 22:30:26,I,13,영업중,0,1,0,2018-09-14 09:13:12,,1984-11-29,110-370,서울특별시 종로구 묘동 190번지 1호 3층,301 302 303 304 305 306 307 308,"한방내과, 한방부인과, 한방소아과, 한방안·이비인후·피부과, 한방신경정신과, 한방재활의학과, 사상체질과, 침구과",한의원,PHMA119843000034041100004,3000000,서울특별시 종로구 돈화문로 35-1 (묘동),03139,01,영업/정상,0,,,02-764-0406
송치과의원,치과의원,,200497.57023261,452130.338214652,2026-04-22 22:30:26,I,13,영업중,198.05,1,0,2024-08-14 11:04:24,,1984-12-10,,,126 402 403 404 405 406 407 408 409 411 412,"예방의학과, 구강악안면외과, 치과보철과, 치과교정과, 소아치과, 치주과, 치과보존과, 구강내과, 영상치의학과, 예방치과, 통합치의학과",치과의원,PHMA119843000034041100005,3000000,"서울특별시 종로구 종로39길 6, 2층 (종로6가)",03125,01,영업/정상,0,,,02-762-8433
연세고운미소치과의원,치과의원,,198150.300374121,452019.212642931,2026-04-22 22:30:27,I,13,영업중,272,2,0,2025-03-27 20:13:20,,2008-01-08,,,411 410 409 408 407 406 405 404 403 402,"구강악안면외과, 치과보철과, 치과교정과, 소아치과, 치주과, 치과보존과, 구강내과, 영상치의학과, 구강병리과, 예방치과",치과의원,PHMA120083000034041100006,3000000,"서울특별시 종로구 종로 19, 304-1,2,3 305호 (종로1가, 르메이에르종로타운)",03157,01,영업/정상,0,,,02-736-2875
해성한의원,한의원,,197329.971870999,452666.42260926,2026-04-22 22:30:26,I,13,영업중,0,1,0,2024-01-31 09:19:25,,1984-12-21,,,301 302 303 304 305 306 307 308,"한방내과, 한방부인과, 한방소아과, 한방안·이비인후·피부과, 한방신경정신과, 한방재활의학과, 사상체질과, 침구과",한의원,PHMA119843000034041100006,3000000,서울특별시 종로구 사직로 105 (내자동),03041,01,영업/정상,0,,,02-737-1964
박효대내과의원,의원,,197538.542807564,452679.892786314,2026-04-22 22:30:26,I,13,영업중,104.93,1,0,2017-09-05 18:39:18,,1985-11-07,110-052,서울특별시 종로구 적선동 100번지 1호 경복빌딩 2층 203호,101 111 114 112 115 113,"내과, 소아청소년과, 안과, 이비인후과, 피부과, 비뇨의학과",의원,PHMA119853000034041100005,3000000,"서울특별시 종로구 자하문로2길 4, 2층 203호 (적선동, 경복빌딩)",03044,01,영업/정상,0,,,02-733-5956
서울삼성내과의원,의원,,201350.473375538,452279.7442603,2026-04-22 22:30:26,I,13,영업중,125.19,1,0,2024-04-19 03:13:23,,1986-03-17,110-880,서울특별시 종로구 숭인동 310번지,113 101,"내과, 이비인후과",의원,PHMA119863000034041100001,3000000,"서울특별시 종로구 종로 344, 302호 (숭인동, 종로대우디오빌)",03114,01,영업/정상,0,,,02-2234-3546
경희익선한의원,한의원,,199062.7921206,452680.037953364,2026-04-22 22:30:26,I,13,영업중,94.28,1,0,2026-03-06 14:22:30,,1986-05-30,,,301 302 303 304 305 306 307 308,"한방내과, 한방부인과, 한방소아과, 한방안·이비인후·피부과, 한방신경정신과, 한방재활의학과, 사상체질과, 침구과",한의원,PHMA119863000034041100003,3000000,"서울특별시 종로구 돈화문로 89, 3층일부 (와룡동)",03131,01,영업/정상,0,,,02-741-0600
태을한의원,한의원,,199112.274864262,452470.579359832,2026-04-22 22:30:26,I,13,영업중,0,1,0,2019-08-23 03:13:13,,1986-06-18,110-360,서울특별시 종로구 와룡동 171번지 1호,301 302 303 304 305 306 307 308,"한방내과, 한방부인과, 한방소아과, 한방안·이비인후·피부과, 한방신경정신과, 한방재활의학과, 사상체질과, 침구과",한의원,PHMA119863000034041100004,3000000,서울특별시 종로구 돈화문로 67 (와룡동),03132,01,영업/정상,0,,,02-745-7793
문준식치과의원,치과의원,,198284.392181266,451901.406014861,2026-04-22 22:30:26,I,13,영업중,0,1,0,2024-10-15 16:55:17,,1987-09-18,,,403 412,"치과보철과, 통합치의학과",치과의원,PHMA119873000034041100003,3000000,"서울특별시 종로구 청계천로 35, 8호 (서린동, 관정빌딩)",03188,01,영업/정상,0,,,02-733-2053
성혜내과의원,의원,,197631.282164458,452015.754300092,2026-04-22 22:30:27,I,13,영업중,79.34,1,0,2017-09-05 18:39:19,,2008-01-30,110-061,서울특별시 종로구 신문로1가 34번지 3층,101,내과,의원,PHMA120083000034041100011,3000000,"서울특별시 종로구 새문안로 83, 3층 (신문로1가)",03182,01,영업/정상,0,,,02-735-6116
마리앤라인의원,의원,,200117.746969613,453398.707063559,2026-04-22 22:30:27,I,13,영업중,221,2,0,2023-09-22 01:43:25,,2008-02-22,110-809,서울특별시 종로구 동숭동 1번지 34호 5층,114 108 122,"성형외과, 피부과, 가정의학과",의원,PHMA120083000034041100015,3000000,"서울특별시 종로구 대학로 130, 5층 (동숭동)",03086,01,영업/정상,0,,,02-718-8000
리벤스이비인후과의원,의원,,198686.19085244,451852.05285101,2026-04-22 22:30:27,I,15,전출,182,1,2,2020-12-21 16:11:07,,2008-02-25,110-111,서울특별시 종로구 관철동 12번지 13호,113 101 108 111 114,"내과, 성형외과, 소아청소년과, 이비인후과, 피부과",의원,PHMA120083000034041100016,3000000,"서울특별시 종로구 종로12길 23, 3층 (관철동)",03190,05,제외/삭제/전출,2,,,02-737-1555
연세51치과의원,치과의원,,199993.071594105,452126.28569377,2026-04-22 22:30:27,I,15,전출,73,1,0,2020-01-14 10:15:09,,2008-03-06,110-835,서울특별시 종로구 종로5가 98번지,401,치과,치과의원,PHMA120083000034041100018,3000000,"서울특별시 종로구 종로 207, 2층 (종로5가, 금원빌딩)",03129,05,제외/삭제/전출,0,,,02-565-7528
한침한의원,한의원,,199186.353915099,452322.207407211,2026-04-22 22:30:27,I,13,영업중,88.33,1,0,2024-01-04 16:36:51,,2008-03-21,,,301 302 303 304 305 306 307 308,"한방내과, 한방부인과, 한방소아과, 한방안·이비인후·피부과, 한방신경정신과, 한방재활의학과, 사상체질과, 침구과",한의원,PHMA120083000034041100021,3000000,"서울특별시 종로구 돈화문로 52, 2층 (묘동, 동명빌딩)",03134,01,영업/정상,0,,,02-2277-4161
인치과의원,치과의원,,199853.596844429,452093.292447373,2026-04-22 22:30:27,I,13,영업중,138.59,2,0,2024-08-14 10:37:40,,2008-04-01,,서울특별시 종로구 종로4가 9-1 고엔제이빌딩,402 403 405 406 407 408 409 411 412,"구강악안면외과, 치과보철과, 소아치과, 치주과, 치과보존과, 구강내과, 영상치의학과, 예방치과, 통합치의학과",치과의원,PHMA120083000034041100022,3000000,"서울특별시 종로구 종로 193, 고엔제이빌딩 3층 (종로4가)",03130,01,영업/정상,0,,,02-2273-0428
좋은미소치과의원,치과의원,,200162.160792507,452105.858530793,2026-04-22 22:30:27,I,13,영업중,46.86,1,0,2024-08-08 17:38:46,,2008-04-22,,,411 407 406 403,"치과보철과, 치주과, 치과보존과, 예방치과",치과의원,PHMA120083000034041100027,3000000,"서울특별시 종로구 종로 223-1, 지상2층 (종로5가)",03126,01,영업/정상,0,,,02-741-7528
연세이비인후과의원,의원,,200259.754525539,452113.150872578,2026-04-22 22:30:28,I,13,영업중,158,2,0,2025-01-24 01:13:24,,2008-05-08,,,101 108 111 113 114,"내과, 성형외과, 소아청소년과, 이비인후과, 피부과",의원,PHMA120083000034041100031,3000000,"서울특별시 종로구 종로 233-1, 202호 (종로5가)",03126,01,영업/정상,0,,,02-747-4333
종로으뜸한의원,한의원,,201359.53353905,452395.659064842,2026-04-22 22:30:28,I,13,영업중,91.41,2,0,2025-02-12 13:32:14,,2008-05-15,,,301 302 303 304 305 306 307 308,"한방내과, 한방부인과, 한방소아과, 한방안·이비인후·피부과, 한방신경정신과, 한방재활의학과, 사상체질과, 침구과",한의원,PHMA120083000034041100032,3000000,"서울특별시 종로구 종로 347, 상가동 203호 (숭인동, 롯데캐슬 천지인)",03113,01,영업/정상,0,,,02-765-7510
서울도담치과의원,치과의원,,198758.72995572,451810.488000518,2026-04-22 22:30:28,I,13,영업중,130.21,1,0,2024-08-26 14:47:41,,2008-05-27,,,402 403 404 405 406 407 408 409 410 411 412,"구강악안면외과, 치과보철과, 치과교정과, 소아치과, 치주과, 치과보존과, 구강내과, 영상치의학과, 구강병리과, 예방치과, 통합치의학과",치과의원,PHMA120083000034041100033,3000000,"서울특별시 종로구 종로14길 32, 4층 (관철동, 동흥빌딩)",03190,01,영업/정상,0,,,02-725-9200
광화문닥터김이비인후과의원,의원,,197841.421685319,452035.176830457,2026-04-22 22:30:28,I,13,영업중,92.1,1,0,2017-09-05 18:39:20,,2008-05-30,110-822,서울특별시 종로구 세종로 202번지 1호 6층,101 104 113 105 108 111 112 115 114 122,"내과, 외과, 정형외과, 성형외과, 소아청소년과, 안과, 이비인후과, 피부과, 비뇨의학과, 가정의학과",의원,PHMA120083000034041100034,3000000,"서울특별시 종로구 세종대로 159, 6층 (세종로)",03183,01,영업/정상,0,,,02-736-5505
(의) 열린의료재단 동대문열린의원,의원,,201238.696068454,452317.86559669,2026-04-22 22:30:28,I,13,영업중,363.4,8,0,2026-02-27 01:43:30,,2008-06-10,,서울특별시 종로구 창신동 292 원풍빌딩,101 104 111 114 115,"내과, 외과, 소아청소년과, 피부과, 비뇨의학과",의원,PHMA120083000034041100035,3000000,"서울특별시 종로구 종로 335, 원풍빌딩 6층 (창신동)",03104,01,영업/정상,0,,,02-924-0875
동남한의원,한의원,,201356.763573265,452154.498494285,2026-04-22 22:30:26,I,13,영업중,0,1,0,2018-03-29 09:41:27,,1988-04-21,110-826,서울특별시 종로구 숭인2동 317번지 44호,301 302 303 304 305 306 307 308,"한방내과, 한방부인과, 한방소아과, 한방안·이비인후·피부과, 한방신경정신과, 한방재활의학과, 사상체질과, 침구과",한의원,PHMA119883000034041100003,3000000,서울특별시 종로구 종로56길 44 (숭인동),03114,01,영업/정상,0,,,02-2252-0634
연세반디 정신건강의학과의원,의원,,200005.117382494,453610.610906535,2026-04-22 22:30:26,I,13,영업중,101.7,2,0,2017-09-05 18:39:18,,1988-04-29,110-530,서울특별시 종로구 혜화동 133번지 1호 복지빌딩 2층,103 102,"신경과, 정신건강의학과",의원,PHMA119883000034041100004,3000000,"서울특별시 종로구 창경궁로 266, 2층 (혜화동, 복지빌딩)",03077,01,영업/정상,0,,,02-763-0118
세종치과의원,치과의원,,197700.034013631,452022.503467072,2026-04-22 22:30:26,I,13,영업중,106.09,1,0,2025-12-31 15:45:48,,1988-05-11,,서울특별시 종로구 신문로1가 24 광화문 고려빌딩,402 403 404 406 407 408 409 412,"구강악안면외과, 치과보철과, 치과교정과, 치주과, 치과보존과, 구강내과, 영상치의학과, 통합치의학과",치과의원,PHMA119883000034041100005,3000000,"서울특별시 종로구 새문안로 91, 광화문 고려빌딩 504,505호 (신문로1가)",03182,01,영업/정상,0,,,02-730-2877
우창한의원,한의원,,201343.815093206,452556.928593872,2026-04-22 22:30:26,I,13,영업중,0,2,0,2023-09-15 11:16:19,,1988-05-31,110-823,서울특별시 종로구 숭인1동 63번지 17호,301 302 303 304 305 306 307 308,"한방내과, 한방부인과, 한방소아과, 한방안·이비인후·피부과, 한방신경정신과, 한방재활의학과, 사상체질과, 침구과",한의원,PHMA119883000034041100006,3000000,서울특별시 종로구 지봉로8길 3 (숭인동),03109,01,영업/정상,0,,,02-763-3413
동남정신과의원,의원,,198294.00285449,453071.568791498,2026-04-22 22:30:29,I,13,영업중,60,1,0,2017-09-05 18:39:20,,2009-08-13,110-200,서울특별시 종로구 소격동 125번지 3층,103,정신건강의학과,의원,PHMA120093000034041100027,3000000,"서울특별시 종로구 북촌로5길 64, 3층 (소격동)",03053,01,영업/정상,0,,,
해울한의원,한의원,,201299.581078437,452486.465199589,2026-04-22 22:30:29,I,13,영업중,75.88,1,0,2024-05-23 13:31:01,,2009-08-27,,,301 302 303 304 305 306 307 308,"한방내과, 한방부인과, 한방소아과, 한방안·이비인후·피부과, 한방신경정신과, 한방재활의학과, 사상체질과, 침구과",한의원,PHMA120093000034041100030,3000000,"서울특별시 종로구 지봉로 51, 2층,3층 (창신동)",03103,01,영업/정상,0,,,02-764-7728
만다라한의원,한의원,,200336.257161483,452053.439868091,2026-04-22 22:30:29,I,13,영업중,124.87,1,0,2017-09-05 18:39:20,,2009-09-15,110-836,서울특별시 종로구 종로5가 231번지 4호 2층,301 304 307 302 305 308 303 306,"한방내과, 한방부인과, 한방소아과, 한방안·이비인후·피부과, 한방신경정신과, 한방재활의학과, 사상체질과, 침구과",한의원,PHMA120093000034041100031,3000000,"서울특별시 종로구 종로 242, 2층 (종로5가)",03197,01,영업/정상,0,,,02-2266-6654
연세센스의원,의원,,199088.104870893,452035.630756211,2026-04-22 22:30:30,I,13,영업중,112.94,1,0,2021-05-28 02:43:19,,2009-10-12,110-123,서울특별시 종로구 종로3가 10번지 낙원빌딩 4층,113 111 101 114 112,"내과, 소아청소년과, 안과, 이비인후과, 피부과",의원,PHMA120093000034041100032,3000000,"서울특별시 종로구 종로 115, 4층 (종로3가, 낙원빌딩)",03139,01,영업/정상,0,,,
연세다나이비인후과의원,의원,,198150.300374121,452019.212642931,2026-04-22 22:30:30,I,13,영업중,104.3,1,0,2022-09-19 09:45:14,,2009-12-08,110-888,서울특별시 종로구 종로1가 24번지 르메이에르종로타운 322호 323호,113 101 111 102 108,"내과, 신경과, 성형외과, 소아청소년과, 이비인후과",의원,PHMA120093000034041100038,3000000,"서울특별시 종로구 종로 19, 322호,323호 (종로1가, 르메이에르종로타운)",03157,01,영업/정상,0,,,20755075
비앤비의원,의원,,201295.197344796,452425.608757447,2026-04-22 22:30:30,I,13,영업중,198.73,1,0,2023-11-14 14:07:29,,2009-12-24,,,108 114 122,"성형외과, 피부과, 가정의학과",의원,PHMA120093000034041100040,3000000,"서울특별시 종로구 지봉로 43, 4층 (창신동)",03104,01,영업/정상,0,,,02-762-7588
미플란트치과의원,치과의원,,200876.602915538,452108.981034905,2026-04-22 22:30:30,I,13,영업중,123.6,1,0,2025-06-18 09:05:32,,2010-02-01,,,403 405 406 407 408 409 410 411 412,"치과보철과, 소아치과, 치주과, 치과보존과, 구강내과, 영상치의학과, 구강병리과, 예방치과, 통합치의학과",치과의원,PHMA120103000034041100002,3000000,"서울특별시 종로구 종로 294, 5층 505호 (창신동)",03119,01,영업/정상,0,,,02-812-2835
서울미유치과의원,치과의원,,198686.19085244,451852.05285101,2026-04-22 22:30:30,I,13,영업중,182.74,1,0,2024-08-08 15:40:16,,2010-04-22,,,412,통합치의학과,치과의원,PHMA120103000034041100010,3000000,"서울특별시 종로구 종로12길 23, 6층 (관철동)",03190,01,영업/정상,0,,,02-725-2804
한이비인후과의원,의원,,201295.197344796,452425.608757447,2026-04-22 22:30:30,I,13,영업중,198.73,1,1,2017-09-05 18:39:20,,2010-06-04,110-840,서울특별시 종로구 창신동 243번지 5층,113,이비인후과,의원,PHMA120103000034041100015,3000000,"서울특별시 종로구 지봉로 43, 5층 (창신동)",03104,01,영업/정상,1,,,
통인한의원,한의원,,198401.269595527,452259.089626161,2026-04-22 22:30:30,I,13,영업중,249.03,3,0,2026-03-20 01:43:32,,2010-06-28,,,301 302 303 304 305 306 307 308,"한방내과, 한방부인과, 한방소아과, 한방안·이비인후·피부과, 한방신경정신과, 한방재활의학과, 사상체질과, 침구과",한의원,PHMA120103000034041100018,3000000,"서울특별시 종로구 우정국로 39, 2층 (견지동)",03150,01,영업/정상,0,,,02-725-7510
다인치과의원,치과의원,,201326.599610056,452717.098050476,2026-04-22 22:30:30,I,13,영업중,101.87,1,0,2017-09-05 18:39:20,,2010-06-29,,서울특별시 종로구 숭인동 56번지 42호 2층,401,치과,치과의원,PHMA120103000034041100019,3000000,"서울특별시 종로구 지봉로8길 54, 2층 (숭인동, 중앙빌딩)",03109,01,영업/정상,0,,,02-3674-2875
유디종로치과의원,치과의원,,198504.772723631,452018.161511911,2026-04-22 22:30:30,I,15,전출,407.1,2,0,2017-05-08 11:07:48,,2010-07-21,110-789,서울특별시 종로구 종로2가 종로타워 18층,401,치과,치과의원,PHMA120103000034041100021,3000000,"서울특별시 종로구 종로 51, 18층 (종로2가, 종로타워)",03161,05,제외/삭제/전출,0,,,
위강원한의원,한의원,,200127.167638594,452282.023796953,2026-04-22 22:30:26,I,13,영업중,0,1,0,2017-09-05 18:39:18,,1988-12-14,110-480,서울특별시 종로구 효제동 298번지 4호,301 302 303 304 305 306 307 308,"한방내과, 한방부인과, 한방소아과, 한방안·이비인후·피부과, 한방신경정신과, 한방재활의학과, 사상체질과, 침구과",한의원,PHMA119883000034041100011,3000000,서울특별시 종로구 대학로 20 (효제동),,01,영업/정상,0,,,02-762-7770
연세학치과의원,치과의원,,198150.300374121,452019.212642931,2026-04-22 22:30:26,I,13,영업중,99.6,1,0,2024-08-14 10:38:20,,1990-08-10,,,402 403 406 407,"구강악안면외과, 치과보철과, 치주과, 치과보존과",치과의원,PHMA119903000034041100001,3000000,"서울특별시 종로구 종로 19, 4층 F01-2호 (종로1가, 르메이에르종로타운)",03157,01,영업/정상,0,,,02-722-3828
웅선의원,의원,,198655.850411192,452669.099035028,2026-04-22 22:30:26,I,13,영업중,187,1,0,2020-03-19 23:43:20,,1990-12-22,110-310,서울특별시 종로구 경운동 96번지 15호 (5층),108 115 114,"성형외과, 피부과, 비뇨의학과",의원,PHMA119903000034041100002,3000000,"서울특별시 종로구 율곡로 56, 5층 (경운동, 운현하늘빌딩)",03147,01,영업/정상,0,,,36764347
의료법인하나로의료재단하나로의원,의원,,198286.311784052,452091.444332546,2026-04-22 22:30:26,I,13,영업중,4636.93,86,0,2026-04-03 06:43:26,,1991-04-24,,서울특별시 종로구 청진동 70번지 그랑서울,126 124 122 120 119 118 116 115 114 113 112 111 110 107 106 105 104 103 102 101,"내과, 신경과, 정신건강의학과, 외과, 정형외과, 신경외과, 심장혈관흉부외과, 산부인과, 소아청소년과, 안과, 이비인후과, 피부과, 비뇨의학과, 영상의학과, 병리과, 진단검사의학과, 재활의학과, 가정의학과, 직업환경의학과, 예방의학과",의원,PHMA119913000034041100001,3000000,"서울특별시 종로구 종로 33, 그랑서울 501,502,503호 (청진동)",03159,01,영업/정상,0,,,02-732-3030
혜화영상의학과의원,의원,,199775.680076567,453393.463379039,2026-04-22 22:30:26,I,13,영업중,0,2,0,2025-07-01 13:32:58,,1991-05-15,,서울특별시 종로구 명륜4가 195번지 7호,116,영상의학과,의원,PHMA119913000034041100002,3000000,"서울특별시 종로구 창경궁로 233 (명륜4가, 혜화진단방사선과의원)",03073,01,영업/정상,0,,,02-766-6116
원비뇨기과의원,의원,,197656.177872742,452014.977175148,2026-04-22 22:30:26,I,13,영업중,87.3,1,0,2017-09-05 18:39:18,,1991-05-18,110-061,서울특별시 종로구 신문로1가 31번지 3층,115 114,"피부과, 비뇨의학과",의원,PHMA119913000034041100003,3000000,서울특별시 종로구 새문안로 87 (신문로1가),03182,01,영업/정상,0,,,02-735-1214
선치과의원,치과의원,,200127.167638594,452282.023796953,2026-04-22 22:30:26,I,13,영업중,60.65,1,0,2024-08-20 10:46:36,,1992-03-04,,,403 407,"치과보철과, 치과보존과",치과의원,PHMA119923000034041100001,3000000,"서울특별시 종로구 대학로 20, 1층 (효제동, 삼우빌딩)",03126,01,영업/정상,0,,,02-762-8886
양인서치과의원,치과의원,,197329.971870999,452666.42260926,2026-04-22 22:30:26,I,13,영업중,34.78,1,0,2024-08-09 16:54:32,,1992-05-26,110-053,서울특별시 종로구 내자동 29번지 2호 정남빌딩 202호,407,치과보존과,치과의원,PHMA119923000034041100003,3000000,"서울특별시 종로구 사직로 105, 202호 (내자동, 정남빌딩)",03041,01,영업/정상,0,,,02-733-2828
최치원치과의원,치과의원,,199628.248280813,453954.318866659,2026-04-22 22:30:26,I,13,영업중,44.41,1,0,2025-06-02 10:12:27,,1992-06-23,,,402 403 404 405 406 407 408 409 411 412,"구강악안면외과, 치과보철과, 치과교정과, 소아치과, 치주과, 치과보존과, 구강내과, 영상치의학과, 예방치과, 통합치의학과",치과의원,PHMA119923000034041100004,3000000,서울특별시 종로구 명륜길 2 (명륜1가),03070,01,영업/정상,0,,,02-747-2875
의료법인해정의료재단 해정의원,의원,,198658.943470079,452604.254902527,2026-04-22 22:30:33,I,13,영업중,404.15,8,0,2026-03-20 01:43:27,,2013-01-08,,서울특별시 종로구 경운동 89번지 4호 운현궁 에스케이 허브,101 116,"내과, 영상의학과",의원,PHMA120133000034041100002,3000000,"서울특별시 종로구 삼일대로 461, 운현궁 에스케이 허브 2층 (경운동)",03147,01,영업/정상,0,,,02-730-5191
연세하나마취통증의학과의원,의원,,201223.533789596,452304.752922139,2026-04-22 22:30:33,I,13,영업중,137.31,1,0,2020-12-18 13:52:30,,2013-01-10,,서울특별시 종로구 창신동 303 명제빌딩,109 108 105 101,"내과, 정형외과, 성형외과, 마취통증의학과",의원,PHMA120133000034041100003,3000000,"서울특별시 종로구 종로 335-1, 명제빌딩 2층 (창신동)",03104,01,영업/정상,0,,,02-964-9166
장수한의원,한의원,,201276.672713985,452735.604634862,2026-04-22 22:30:33,I,13,영업중,129.76,1,0,2023-03-30 22:13:30,,2013-01-28,,서울특별시 종로구 창신동 23-74,301 304 307 308 305 302 303 306,"한방내과, 한방부인과, 한방소아과, 한방안·이비인후·피부과, 한방신경정신과, 한방재활의학과, 사상체질과, 침구과",한의원,PHMA120133000034041100004,3000000,"서울특별시 종로구 지봉로 77-3, 2층 (창신동)",03095,01,영업/정상,0,,,02-3675-7510
종로연세의원,의원,,200647.01325068,452054.764927519,2026-04-22 22:30:33,I,13,영업중,282,1,0,2026-03-19 22:13:27,,2013-03-18,,,101 104 105 108 109 113 114 116 122,"내과, 외과, 정형외과, 성형외과, 마취통증의학과, 이비인후과, 피부과, 영상의학과, 가정의학과",의원,PHMA120133000034041100008,3000000,"서울특별시 종로구 종로 272, 동대문종합시장 신관 7층 (종로6가)",03198,01,영업/정상,0,,,02-745-3388
위강한의원,한의원,,198127.421580952,452175.453719092,2026-04-22 22:30:33,I,13,영업중,86.94,1,0,2024-08-14 10:36:58,,2013-03-22,110-130,서울특별시 종로구 청진동 184번지 1호 삼송빌딩 303호,301 302 303 304 305 306 307 308,"한방내과, 한방부인과, 한방소아과, 한방안·이비인후·피부과, 한방신경정신과, 한방재활의학과, 사상체질과, 침구과",한의원,PHMA120133000034041100009,3000000,"서울특별시 종로구 종로3길 34, 303호 (청진동, 삼송빌딩)",03156,01,영업/정상,0,,,02-722-1077
세종한의원,한의원,,197618.459740824,452311.285166273,2026-04-22 22:30:33,I,13,영업중,40.31,1,0,2026-02-22 08:44:00,,2013-05-02,,,301 302 303 304 305 306 307 308,"한방내과, 한방부인과, 한방소아과, 한방안·이비인후·피부과, 한방신경정신과, 한방재활의학과, 사상체질과, 침구과",한의원,PHMA120133000034041100016,3000000,"서울특별시 종로구 새문안로5가길 11, 6층 603호 (내수동, 옥빌딩)",03173,01,영업/정상,0,,,02-730-1075
연세필정신건강의학과의원,의원,,198150.300374121,452019.212642931,2026-04-22 22:30:33,I,13,영업중,73.06,1,0,2023-03-17 03:43:22,,2013-05-31,110-888,"서울특별시 종로구 종로1가 24번지 르메이에르종로타운 413-2호, 414-1호",103,정신건강의학과,의원,PHMA120133000034041100021,3000000,"서울특별시 종로구 종로 19, 413-2호, 414-1호 (종로1가, 르메이에르종로타운)",03157,01,영업/정상,0,,,02-723-9114
타워비뇨기과의원,의원,,199135.532973288,451976.436039296,2026-04-22 22:30:33,I,13,영업중,188.8,2,3,2022-04-01 14:09:04,,2013-07-09,,,114 115,"피부과, 비뇨의학과",의원,PHMA120133000034041100024,3000000,"서울특별시 종로구 종로 120, 5층 (종로3가)",03192,01,영업/정상,3,,,02-2277-6699
창덕궁한의원,한의원,,199033.125216414,452715.716354779,2026-04-22 22:30:33,I,15,전출,120.23,1,0,2022-06-28 14:23:28,,2013-09-13,110-350,서울특별시 종로구 운니동 20번지 1층,301 304 307 308 305 302 303 306 309,"한방내과, 한방부인과, 한방소아과, 한방안·이비인후·피부과, 한방신경정신과, 한방재활의학과, 사상체질과, 침구과, 한방응급과",한의원,PHMA120133000034041100028,3000000,"서울특별시 종로구 돈화문로11가길 93, 1층 (운니동, 운니빌딩)",03131,05,제외/삭제/전출,0,,,02-747-7458
삼선당한의원,한의원,,198742.659391924,452814.32796848,2026-04-22 22:30:33,I,13,영업중,53.89,1,0,2025-11-14 10:57:06,,2013-09-17,,,301 302 303 304 305 306 307 308 309,"한방내과, 한방부인과, 한방소아과, 한방안·이비인후·피부과, 한방신경정신과, 한방재활의학과, 사상체질과, 침구과, 한방응급과",한의원,PHMA120133000034041100029,3000000,"서울특별시 종로구 계동길 5, 3층 (계동)",03059,01,영업/정상,0,,,02-733-0013
박강석치과의원,치과의원,,199088.104870893,452035.630756211,2026-04-22 22:30:33,I,13,영업중,209.15,1,0,2021-11-12 09:43:20,,2013-11-05,110-123,서울특별시 종로구 종로3가 10번지 3층,401,치과,치과의원,PHMA120133000034041100031,3000000,"서울특별시 종로구 종로 115, 3층 (종로3가)",03139,01,영업/정상,0,,,02-765-2879
백민의원,의원,,198286.311784052,452091.444332546,2026-04-22 22:30:33,I,13,영업중,133.74,1,0,2025-07-10 22:13:26,,2014-01-24,,서울특별시 종로구 청진동 70 그랑서울,125 122 120 116 114 113 105 104 102 101,"내과, 신경과, 외과, 정형외과, 이비인후과, 피부과, 영상의학과, 재활의학과, 가정의학과, 응급의학과",의원,PHMA120143000034041100002,3000000,"서울특별시 종로구 종로 33, 그랑서울 TOWER2-OA-402 일부호 (청진동)",03159,01,영업/정상,0,,,02-3789-1937
연세김치과의원,치과의원,,201814.568650538,452526.066867265,2026-04-22 22:30:26,I,13,영업중,31.52,1,0,2024-10-02 15:03:56,,1992-09-22,,,402 403 405 406 407 408 409 411,"구강악안면외과, 치과보철과, 소아치과, 치주과, 치과보존과, 구강내과, 영상치의학과, 예방치과",치과의원,PHMA119923000034041100005,3000000,서울특별시 종로구 숭인동길 1 (숭인동),03112,01,영업/정상,0,,,02-928-6764
신현수치과의원,치과의원,,197650.653736722,452368.519288991,2026-04-22 22:30:26,I,13,영업중,32.48,1,0,2024-08-08 11:13:41,,1993-02-11,,,402 403 404 405 406 407 408 409 410 411 412,"구강악안면외과, 치과보철과, 치과교정과, 소아치과, 치주과, 치과보존과, 구강내과, 영상치의학과, 구강병리과, 예방치과, 통합치의학과",치과의원,PHMA119933000034041100001,3000000,서울특별시 종로구 새문안로5길 37 (도렴동),03173,01,영업/정상,0,,,02-725-3289
김현치과의원,치과의원,,200468.97167367,452054.731636945,2026-04-22 22:30:26,I,13,영업중,50.71,1,0,2024-08-28 09:03:23,,1993-04-23,,,403 406 407 408 409 410 411 412,"치과보철과, 치주과, 치과보존과, 구강내과, 영상치의학과, 구강병리과, 예방치과, 통합치의학과",치과의원,PHMA119933000034041100002,3000000,서울특별시 종로구 종로 256 (종로5가),03197,01,영업/정상,0,,,02-2275-2882
옹상욱치과의원,치과의원,,197212.364862058,456055.205802855,2026-04-22 22:30:26,I,13,영업중,91.5,1,0,2024-08-26 15:09:08,,1993-05-14,,,412,통합치의학과,치과의원,PHMA119933000034041100003,3000000,서울특별시 종로구 평창문화로 75 (평창동),03009,01,영업/정상,0,,,02-379-0014
화창한의원,한의원,,199914.775758708,452094.38368523,2026-04-22 22:30:26,I,13,영업중,69.2,1,0,2019-01-31 09:43:14,,1993-06-19,,서울특별시 종로구 종로4가 5번지 지하1층,301 302 303 304 305 306 307 308,"한방내과, 한방부인과, 한방소아과, 한방안·이비인후·피부과, 한방신경정신과, 한방재활의학과, 사상체질과, 침구과",한의원,PHMA119933000034041100004,3000000,"서울특별시 종로구 종로 199, 지하1층 (종로4가, 한일빌딩)",03130,01,영업/정상,0,,,02-765-8900
원치과의원,치과의원,,201143.390545666,452274.980477498,2026-04-22 22:30:26,I,13,영업중,99,1,0,2021-03-31 16:52:08,,1993-09-23,110-541,서울특별시 종로구 창신동 197번지 36호 그라스타워 2층,401,치과,치과의원,PHMA119933000034041100005,3000000,서울특별시 종로구 종로 325 (창신동),03104,01,영업/정상,0,,,02-743-2875
부암치과의원,치과의원,,196668.877563099,455055.264019484,2026-04-22 22:30:26,I,13,영업중,108.9,1,0,2025-05-26 14:48:55,,1993-12-28,,,402 403 404 405 406 407 408 409 411 412,"구강악안면외과, 치과보철과, 치과교정과, 소아치과, 치주과, 치과보존과, 구강내과, 영상치의학과, 예방치과, 통합치의학과",치과의원,PHMA119933000034041100006,3000000,"서울특별시 종로구 자하문로 266, 222호 (부암동,타임730빌딩)",03020,01,영업/정상,0,,,02-394-0028
궁플란트치과의원,치과의원,,198386.829870878,452237.303784872,2026-04-22 22:30:28,I,13,영업중,112.3,1,0,2024-08-14 10:34:48,,2008-07-04,,,402 403 405 406 407 408 409 410 411 412,"구강악안면외과, 치과보철과, 소아치과, 치주과, 치과보존과, 구강내과, 영상치의학과, 구강병리과, 예방치과, 통합치의학과",치과의원,PHMA120083000034041100038,3000000,"서울특별시 종로구 삼봉로 95, 307호 (견지동,대성스키이렉스)",03150,01,영업/정상,0,,,02-722-2870
경희속편한한의원,한의원,,197657.298110478,452243.596729853,2026-04-22 22:30:28,I,13,영업중,85,1,0,2023-01-09 15:21:55,,2008-08-25,,,301 302 303 304 305 306 307 308,"한방내과, 한방부인과, 한방소아과, 한방안·이비인후·피부과, 한방신경정신과, 한방재활의학과, 사상체질과, 침구과",한의원,PHMA120083000034041100044,3000000,"서울특별시 종로구 새문안로5가길 3-1, 5층 (당주동)",03173,01,영업/정상,0,,,02-725-1075
한보한의원,한의원,,200675.416372434,452151.074797571,2026-04-22 22:30:28,I,13,영업중,126.21,2,0,2024-04-16 16:41:59,,2008-12-29,,,308 307 306 305 304 303 302 301,"한방내과, 한방부인과, 한방소아과, 한방안·이비인후·피부과, 한방신경정신과, 한방재활의학과, 사상체질과, 침구과",한의원,PHMA120083000034041100047,3000000,"서울특별시 종로구 율곡로 290, 1층~2층 (종로6가)",03124,01,영업/정상,0,,,02-741-1800
옥토한의원,한의원,,197841.421685319,452035.176830457,2026-04-22 22:30:28,I,13,영업중,124.75,2,0,2026-01-02 01:43:25,,2008-09-22,,,301 302 303 304 305 306 307 308,"한방내과, 한방부인과, 한방소아과, 한방안·이비인후·피부과, 한방신경정신과, 한방재활의학과, 사상체질과, 침구과",한의원,PHMA120083000034041100048,3000000,"서울특별시 종로구 세종대로 159, 7층 (세종로, 세광빌딩)",03183,01,영업/정상,0,,,02-333-8575
마음공간정신건강의학과의원,의원,,197841.421685319,452035.176830457,2026-04-22 22:30:28,I,13,영업중,55.74,2,0,2019-12-04 15:01:46,,2008-12-16,110-822,서울특별시 종로구  202번지 1호 9층,103,정신건강의학과,의원,PHMA120083000034041100050,3000000,"서울특별시 종로구 세종대로 159, 9층 (세종로)",03183,01,영업/정상,0,,,
새얀안과의원,의원,,198814.236220606,451963.438902233,2026-04-22 22:30:29,I,13,영업중,274.24,1,0,2025-07-11 00:43:27,,2009-02-16,110-122,서울특별시 종로구 종로2가 71번지 2호 종로빌딩 3층,112,안과,의원,PHMA120093000034041100003,3000000,"서울특별시 종로구 삼일대로 395, 3층 (종로2가)",03190,01,영업/정상,0,,,
서울새린치과의원,치과의원,,200542.258243379,452057.126859583,2026-04-22 22:30:29,I,13,영업중,129.2,1,0,2025-11-21 03:13:20,,2009-02-24,,,412,통합치의학과,치과의원,PHMA120093000034041100005,3000000,"서울특별시 종로구 종로 266, 동대문종합시장 B동 6층 (종로6가)",03198,01,영업/정상,0,,,02-2263-2875
일세정한의원,한의원,,199085.151069271,452743.138475774,2026-04-22 22:30:29,I,13,영업중,104.26,2,0,2017-09-05 18:39:20,,2009-03-20,110-360,서울특별시 종로구 와룡동 121번지 1호 2층,301 304 307 308 305 302 303 306,"한방내과, 한방부인과, 한방소아과, 한방안·이비인후·피부과, 한방신경정신과, 한방재활의학과, 사상체질과, 침구과",한의원,PHMA120093000034041100008,3000000,"서울특별시 종로구 돈화문로 96, 2층 (와룡동)",03134,01,영업/정상,0,,,
(재)한국의학연구소한국중부의원,의원,,197836.22031212,451932.36673738,2026-04-22 22:30:26,I,13,영업중,12897,90,0,2026-03-20 04:13:30,,1994-01-28,,서울특별시 종로구 세종로 211 광화문빌딩,101 111 118 119 122 116,"내과, 소아청소년과, 영상의학과, 병리과, 진단검사의학과, 가정의학과",의원,PHMA119943000034041100001,3000000,"서울특별시 종로구 세종대로 149, 광화문빌딩 지하1층,3,4층 (세종로)",03186,01,영업/정상,0,,,02-3702-9000
서린치과의원,치과의원,,198261.536982652,451951.026373194,2026-04-22 22:30:26,I,15,전출,65.72,1,0,2022-04-14 16:07:57,,1994-05-10,110-110,서울특별시 종로구 서린동 70번지 광은빌딩,401,치과,치과의원,PHMA119943000034041100002,3000000,"서울특별시 종로구 종로 34 (서린동, 광은빌딩)",03188,05,제외/삭제/전출,0,,,02-399-7783
웅플란트치과의원,치과의원,,199183.407469454,452042.97196024,2026-04-22 22:30:26,I,13,영업중,224.13,1,0,2024-09-02 16:22:13,,1994-06-17,,,402 403 406 407 408,"구강악안면외과, 치과보철과, 치주과, 치과보존과, 구강내과",치과의원,PHMA119943000034041100003,3000000,서울특별시 종로구 종로 125 (종로3가),03139,01,영업/정상,0,,,02-765-0861
제일한의원,한의원,,200349.569785368,452115.859263607,2026-04-22 22:30:26,I,13,영업중,133,1,0,2018-06-19 09:49:43,,1994-07-02,,서울특별시 종로구 종로5가 20번지 2호,301 302 303 304 305 306 307 308,"한방내과, 한방부인과, 한방소아과, 한방안·이비인후·피부과, 한방신경정신과, 한방재활의학과, 사상체질과, 침구과",한의원,PHMA119943000034041100004,3000000,"서울특별시 종로구 종로 241-1, 1,4층 (종로5가)",03126,01,영업/정상,0,,,02-762-0662
새생명한의원,한의원,,200443.502198178,452628.259903874,2026-04-22 22:30:26,I,13,영업중,58.4,1,0,2018-03-28 10:42:29,,1994-09-30,110-844,"서울특별시 종로구 충신동 5번지 37호 38,39",301 302 303 304 305 306 307 308,"한방내과, 한방부인과, 한방소아과, 한방안·이비인후·피부과, 한방신경정신과, 한방재활의학과, 사상체질과, 침구과",한의원,PHMA119943000034041100005,3000000,서울특별시 종로구 율곡로19길 14 (충신동),03099,01,영업/정상,0,,,02-747-1800
이영관치과의원,치과의원,,200324.015386012,452053.296070885,2026-04-22 22:30:26,I,13,영업중,29.75,1,0,2017-09-05 18:39:19,,1994-12-02,110-836,서울특별시 종로구 종로5가 231번지 5호,401,치과,치과의원,PHMA119943000034041100007,3000000,서울특별시 종로구 종로 240-1 (종로5가),,01,영업/정상,0,,,02-2267-7123
장갑성애플치과의원,치과의원,,199248.654624628,452051.924795765,2026-04-22 22:30:26,I,13,영업중,85.44,1,0,2024-08-14 10:33:21,,1994-12-07,,,406,치주과,치과의원,PHMA119943000034041100008,3000000,"서울특별시 종로구 돈화문로 24, 3층 (종로3가)",03138,01,영업/정상,0,,,02-764-4155
연세이엔오치과의원,치과의원,,198565.677043996,452670.232135872,2026-04-22 22:30:32,I,13,영업중,167.65,1,0,2024-09-26 20:07:35,,2012-04-25,,,412 411 409 408 407 406 405 403 402,"구강악안면외과, 치과보철과, 소아치과, 치주과, 치과보존과, 구강내과, 영상치의학과, 예방치과, 통합치의학과",치과의원,PHMA120123000034041100016,3000000,"서울특별시 종로구 율곡로 47, 4층 (안국동)",03060,01,영업/정상,0,,,02-733-2872
대학로 힘정형외과의원,의원,,200219.204004343,452672.446484792,2026-04-22 22:30:32,I,13,영업중,173,1,0,2026-04-17 04:13:25,,2012-05-30,,,101 105 106 109 120,"내과, 정형외과, 신경외과, 마취통증의학과, 재활의학과",의원,PHMA120123000034041100018,3000000,"서울특별시 종로구 율곡로 219-1, 2층 (이화동)",03100,01,영업/정상,0,,,02-742-7711
강남의원,의원,,197387.223410675,453217.903654969,2026-04-22 22:30:32,I,13,영업중,105.18,1,0,2017-09-05 18:39:20,,2012-06-19,110-034,서울특별시 종로구 창성동 158번지 5호 4층,122 104 114 116,"외과, 피부과, 영상의학과, 가정의학과",의원,PHMA120123000034041100019,3000000,"서울특별시 종로구 자하문로 58, 4층 (창성동, 강락빌딩)",03043,01,영업/정상,0,,,02-737-2880
대학로서울정형외과의원,의원,,199997.831784777,453579.072472305,2026-04-22 22:30:32,I,13,영업중,215,1,0,2025-06-13 03:13:24,,2012-06-25,110-522,서울특별시 종로구 명륜2가 17번지 5호 2층,105 120 109 116 101 114 106 108 104,"내과, 외과, 정형외과, 신경외과, 성형외과, 마취통증의학과, 피부과, 영상의학과, 재활의학과",의원,PHMA120123000034041100022,3000000,"서울특별시 종로구 창경궁로 264, 2층 (명륜2가)",03077,01,영업/정상,0,,,02-747-7557
김앤박차이의원,의원,,197541.418168655,452115.300046799,2026-04-22 22:30:32,I,13,영업중,211.57,2,0,2025-04-25 00:13:36,,2012-07-25,,서울특별시 종로구 신문로1가 238번지 신문로빌딩,109 106 105 104 101,"내과, 외과, 정형외과, 신경외과, 마취통증의학과",의원,PHMA120123000034041100025,3000000,"서울특별시 종로구 새문안로3길 12, 신문로빌딩 3층 전면부호 (신문로1가)",03182,01,영업/정상,0,,,02-735-1275
성원의원,의원,,200468.97167367,452054.731636945,2026-04-22 22:30:32,I,13,영업중,175.8,2,0,2018-11-07 09:19:56,,2012-08-01,,서울특별시 종로구 종로5가 271번지 3호,101 102 103 122 114,"내과, 신경과, 정신건강의학과, 피부과, 가정의학과",의원,PHMA120123000034041100026,3000000,"서울특별시 종로구 종로 256, 2층 (종로5가)",03197,01,영업/정상,0,,,02-743-0118
소통한의원,한의원,,201341.677424554,452471.587514595,2026-04-22 22:30:32,I,13,영업중,136.99,4,0,2025-06-06 01:43:24,,2012-07-31,,,301 302 303 304 305 306 307 308,"한방내과, 한방부인과, 한방소아과, 한방안·이비인후·피부과, 한방신경정신과, 한방재활의학과, 사상체질과, 침구과",한의원,PHMA120123000034041100028,3000000,"서울특별시 종로구 지봉로 50, 필빌딩 2층 (숭인동)",03113,01,영업/정상,0,,,02-3675-1075
곽내과의원,의원,,197387.223410675,453217.903654969,2026-04-22 22:30:32,I,13,영업중,119.39,1,0,2017-09-05 18:39:20,,2012-08-08,110-034,서울특별시 종로구 창성동 158번지 5호 3층,101 111 114 105,"내과, 정형외과, 소아청소년과, 피부과",의원,PHMA120123000034041100030,3000000,"서울특별시 종로구 자하문로 58, 3층 (창성동)",03043,01,영업/정상,0,,,02-735-5135
서울삼성재활의학과의원,의원,,200249.235382657,452052.234502185,2026-04-22 22:30:32,I,13,영업중,232.76,1,0,2026-04-03 01:43:35,,2012-08-10,110-836,"서울특별시 종로구 종로5가 214번지 2호 , 214번지 1호 (2층)",120 106 105,"정형외과, 신경외과, 재활의학과",의원,PHMA120123000034041100033,3000000,"서울특별시 종로구 종로 234-1, 2층 (종로5가)",03196,01,영업/정상,0,,,02-2278-1396
공안과의원,의원,,198150.300374121,452019.212642931,2026-04-22 22:30:26,I,13,영업중,759.97,25,0,2026-03-19 20:13:23,,1994-12-31,,서울특별시 종로구 종로1가 24 르메이에르종로타운1,112,안과,의원,PHMA119943000034041100009,3000000,"서울특별시 종로구 종로 19, 르메이에르종로타운1 306,311,312,406,407,506~8,516호 (종로1가)",03157,01,영업/정상,0,,,02-733-5111
방태현치과의원,치과의원,,197475.456683105,452713.481753987,2026-04-22 22:30:26,I,13,영업중,52.12,1,0,2024-08-16 10:07:09,,1995-02-03,,,402 403 405 406 407 408 409 410 411 412,"구강악안면외과, 치과보철과, 소아치과, 치주과, 치과보존과, 구강내과, 영상치의학과, 구강병리과, 예방치과, 통합치의학과",치과의원,PHMA119953000034041100001,3000000,"서울특별시 종로구 자하문로 7, 3층 (체부동, 성명빌딩)",03041,01,영업/정상,0,,,02-732-2890
본치과의원,치과의원,,200163.910704146,453355.106177986,2026-04-22 22:30:26,I,13,영업중,96.9,1,0,2025-05-26 14:52:43,,1995-03-23,,,404,치과교정과,치과의원,PHMA119953000034041100002,3000000,서울특별시 종로구 대학로12길 10 (동숭동),03086,01,영업/정상,0,,,02-741-7492
로뎀치과의원,치과의원,,198658.943470079,452604.254902527,2026-04-22 22:30:26,I,13,영업중,0,1,0,2024-10-15 16:55:58,,1995-10-09,,,403 404 405 406 407 408 409 411 412,"치과보철과, 치과교정과, 소아치과, 치주과, 치과보존과, 구강내과, 영상치의학과, 예방치과, 통합치의학과",치과의원,PHMA119953000034041100003,3000000,"서울특별시 종로구 삼일대로 461, 101동 207호 (경운동)",03147,01,영업/정상,0,,,02-741-2662
성제한의원,한의원,,200331.903493609,452140.9601696,2026-04-22 22:30:26,I,13,영업중,86.2,1,0,2024-06-13 15:30:42,,1995-10-18,,,301 302 303 304 305 306 307 308,"한방내과, 한방부인과, 한방소아과, 한방안·이비인후·피부과, 한방신경정신과, 한방재활의학과, 사상체질과, 침구과",한의원,PHMA119953000034041100004,3000000,"서울특별시 종로구 대학로2길 45 (효제동, 성룡빌딩)",03126,01,영업/정상,0,,,02-762-8107
(재)원불교서울보화당한의원,한의원,,200301.848252162,452108.959329024,2026-04-22 22:30:26,I,13,영업중,100.2,2,0,2022-03-24 09:07:41,,1995-11-23,,서울특별시 종로구 종로5가 33번지 1호 33-1,301 302 303 304 305 306 307 308,"한방내과, 한방부인과, 한방소아과, 한방안·이비인후·피부과, 한방신경정신과, 한방재활의학과, 사상체질과, 침구과",한의원,PHMA119953000034041100005,3000000,"서울특별시 종로구 종로 237 (종로5가, 서울보화당)",03126,01,영업/정상,0,,,02-762-7231
정극모치과의원,치과의원,,199214.548011588,451983.042894684,2026-04-22 22:30:26,I,13,영업중,74.48,2,0,2024-08-08 15:38:45,,1996-01-04,,,403,치과보철과,치과의원,PHMA119963000034041100002,3000000,"서울특별시 종로구 종로 128, 403호 (종로3가, 화영빌딩)",03192,01,영업/정상,0,,,02-2266-6733
웃는치과의원,치과의원,,197662.503910553,452189.09236786,2026-04-22 22:30:26,I,13,영업중,32.4,1,0,2017-09-05 18:39:19,,1996-01-23,110-721,서울특별시 종로구 당주동 5번지 로얄빌딩,401,치과,치과의원,PHMA119963000034041100003,3000000,서울특별시 종로구 새문안로5길 19 (당주동),03173,01,영업/정상,0,,,02-725-7508
구기한의원,한의원,,196243.796881016,456087.178940076,2026-04-22 22:30:30,I,13,영업중,85.8,2,0,2025-06-26 21:43:25,,2010-10-11,,,301 302 303 304 305 306 307 308,"한방내과, 한방부인과, 한방소아과, 한방안·이비인후·피부과, 한방신경정신과, 한방재활의학과, 사상체질과, 침구과",한의원,PHMA120103000034041100025,3000000,"서울특별시 종로구 진흥로 452, 1층 (구기동)",03012,01,영업/정상,0,,,02-396-9114
대나무한의원,한의원,,198709.470348408,452773.623102963,2026-04-22 22:30:30,I,13,영업중,74.44,1,0,2023-03-13 17:40:16,,2010-12-09,110-250,서울특별시 종로구 재동 92번지 2층,303 306 302 305 308 307 304 301,"한방내과, 한방부인과, 한방소아과, 한방안·이비인후·피부과, 한방신경정신과, 한방재활의학과, 사상체질과, 침구과",한의원,PHMA120103000034041100027,3000000,"서울특별시 종로구 북촌로 2, 2층 (재동)",03059,01,영업/정상,0,,,02-743-7533
종로광장정형외과의원,의원,,200150.896125412,452118.162856336,2026-04-22 22:30:31,I,13,영업중,548.05,1,0,2025-01-24 02:13:22,,2011-04-15,,"서울특별시 종로구 종로5가 70 우교빌딩 1,2층",105,정형외과,의원,PHMA120113000034041100007,3000000,"서울특별시 종로구 종로 223, 우교빌딩 1,2층 (종로5가)",03126,01,영업/정상,0,,,36757650
경희스마일한의원,한의원,,198686.19085244,451852.05285101,2026-04-22 22:30:31,I,15,전출,155.66,2,0,2025-02-28 10:40:00,,2011-04-25,,,301 302 303 304 305 306 307 308,"한방내과, 한방부인과, 한방소아과, 한방안·이비인후·피부과, 한방신경정신과, 한방재활의학과, 사상체질과, 침구과",한의원,PHMA120113000034041100008,3000000,"서울특별시 종로구 종로12길 23, 8층 (관철동, 동출빌딩)",03190,05,제외/삭제/전출,0,,,02-734-3999
용화당한의원,한의원,,198509.354710952,452796.844062403,2026-04-22 22:30:31,I,13,영업중,62.82,1,0,2017-09-05 18:39:20,,2011-04-27,110-240,서울특별시 종로구 안국동 59번지,301 304 307 308 305 302 303 306,"한방내과, 한방부인과, 한방소아과, 한방안·이비인후·피부과, 한방신경정신과, 한방재활의학과, 사상체질과, 침구과",한의원,PHMA120113000034041100010,3000000,"서울특별시 종로구 윤보선길 32, 1층 (안국동)",03060,01,영업/정상,0,,,32103226
광화문헬스케어의원,의원,,197993.904628438,452032.958591394,2026-04-22 22:30:31,I,13,영업중,667.7,6,0,2022-12-09 03:43:21,,2011-05-03,110-121,서울특별시 종로구 종로1가 1번지 교보빌딩 2층,122,가정의학과,의원,PHMA120113000034041100011,3000000,"서울특별시 종로구 종로 1, 2층 (종로1가, 교보생명빌딩)",03154,01,영업/정상,0,,,02-721-3791
광화문더블유치과의원,치과의원,,198205.621520751,452254.217603167,2026-04-22 22:30:31,I,13,영업중,188.66,2,0,2024-10-15 16:57:50,,2011-07-01,,,402 403 404 405 406 407 408 409 411 412,"구강악안면외과, 치과보철과, 치과교정과, 소아치과, 치주과, 치과보존과, 구강내과, 영상치의학과, 예방치과, 통합치의학과",치과의원,PHMA120113000034041100020,3000000,"서울특별시 종로구 삼봉로 57, 5층 (수송동)",03151,01,영업/정상,0,,,02-723-0075
대광한의원,한의원,,201866.403298751,452632.758512953,2026-04-22 22:30:31,I,13,영업중,46.28,1,0,2017-12-28 09:13:36,,2011-08-09,,,301 302 303 304 305 306 307 308,"한방내과, 한방부인과, 한방소아과, 한방안·이비인후·피부과, 한방신경정신과, 한방재활의학과, 사상체질과, 침구과",한의원,PHMA120113000034041100023,3000000,"서울특별시 종로구 숭인동길 24, 1층 (숭인동)",03111,01,영업/정상,0,,,02-3012-0551
제중안과의원,의원,,197525.823515748,452685.372401156,2026-04-22 22:30:31,I,13,영업중,113.93,1,0,2017-09-05 18:39:20,,2011-08-23,,서울특별시 종로구 적선동 102번지 1호 경복빌딩 3층 302호,112,안과,의원,PHMA120113000034041100025,3000000,"서울특별시 종로구 자하문로2길 4, 3층 302호 (적선동, 경복빌딩)",03044,01,영업/정상,0,,,
서울미소엔치과의원,치과의원,,197448.620265418,452672.128133671,2026-04-22 22:30:31,I,13,영업중,93.6,1,0,2023-03-17 08:43:22,,2011-11-28,,,412 401,"치과, 통합치의학과",치과의원,PHMA120113000034041100029,3000000,"서울특별시 종로구 사직로 119, 2층 (내자동, 목원빌딩)",03041,01,영업/정상,0,,,02-723-7528
만춘당한의원,한의원,,200540.902878979,452210.315158647,2026-04-22 22:30:26,I,13,영업중,66.32,1,0,2024-05-21 11:05:56,,1996-04-01,,,301 302 303 304 305 306 307 308,"한방내과, 한방부인과, 한방소아과, 한방안·이비인후·피부과, 한방신경정신과, 한방재활의학과, 사상체질과, 침구과",한의원,PHMA119963000034041100004,3000000,서울특별시 종로구 율곡로30길 18 (종로6가),03124,01,영업/정상,0,,,02-762-7118
송신경정신과의원,의원,,198643.543485167,452199.798612424,2026-04-22 22:30:26,I,13,영업중,141.9,1,0,2025-09-19 08:43:24,,1996-05-01,,,103,정신건강의학과,의원,PHMA119963000034041100006,3000000,"서울특별시 종로구 인사동5길 25, 하나로빌딩 401호 (인사동)",03162,01,영업/정상,0,,,02-734-5648
연세신도의원,의원,,201614.44890119,452384.30765435,2026-04-22 22:30:26,I,13,영업중,124.84,1,0,2022-06-17 03:43:21,,1997-02-17,,서울특별시 종로구 숭인동 228-6,114 113 109 105 104 101,"내과, 외과, 정형외과, 마취통증의학과, 이비인후과, 피부과",의원,PHMA119973000034041100003,3000000,"서울특별시 종로구 종로 374, 2층 (숭인동)",03115,01,영업/정상,0,,,02-2234-5004
유정이비인후과의원,의원,,197700.034013631,452022.503467072,2026-04-22 22:30:26,I,13,영업중,115.08,1,0,2025-06-20 02:13:23,,1997-03-03,110-061,서울특별시 종로구 신문로1가 24번지,113,이비인후과,의원,PHMA119973000034041100004,3000000,"서울특별시 종로구 새문안로 91, 5층 (신문로1가)",03182,01,영업/정상,0,,,02-732-7231
신중호내과의원,의원,,201294.370924464,452598.021628354,2026-04-22 22:30:26,I,13,영업중,89.8,1,0,2017-09-05 18:39:19,,1997-04-23,110-541,서울특별시 종로구 창신동 25번지 3호 2층,101 111 113 116 118,"내과, 소아청소년과, 이비인후과, 영상의학과, 병리과",의원,PHMA119973000034041100009,3000000,서울특별시 종로구 지봉로 61-1 (창신동),03103,01,영업/정상,0,,,02-3673-3060
부암한의원,한의원,,196668.877563099,455055.264019484,2026-04-22 22:30:26,I,13,영업중,77.35,1,0,2020-12-09 17:12:57,,1997-04-23,,서울특별시 종로구 부암동 129번지 8호 타임730오피스텔,301 302 303 304 305 306 307 308,"한방내과, 한방부인과, 한방소아과, 한방안·이비인후·피부과, 한방신경정신과, 한방재활의학과, 사상체질과, 침구과",한의원,PHMA119973000034041100010,3000000,"서울특별시 종로구 자하문로 266, 타임730오피스텔 232호 (부암동)",03020,01,영업/정상,0,,,02-394-2723
지앤미치과의원,치과의원,,198614.61995563,451842.501561085,2026-04-22 22:30:26,I,13,영업중,71.24,1,0,2024-09-02 16:19:38,,1997-04-30,,,402 403 406 407 408,"구강악안면외과, 치과보철과, 치주과, 치과보존과, 구강내과",치과의원,PHMA119973000034041100011,3000000,"서울특별시 종로구 청계천로 67, 305호 (관철동)",03189,01,영업/정상,0,,,02-738-2875
동대문치과의원,치과의원,,200647.01325068,452054.764927519,2026-04-22 22:30:26,I,13,영업중,303.6,2,0,2025-04-04 05:43:21,,1997-05-03,,,402 403 404 405 406 407 408 409 410 411 412,"구강악안면외과, 치과보철과, 치과교정과, 소아치과, 치주과, 치과보존과, 구강내과, 영상치의학과, 구강병리과, 예방치과, 통합치의학과",치과의원,PHMA119973000034041100012,3000000,"서울특별시 종로구 종로 272, 동대문종합시장 신관 6층 100호 (종로6가)",03198,01,영업/정상,0,,,02-2268-9529
이성호 가정의학과의원,의원,,201798.834918812,452637.556986205,2026-04-22 22:30:29,I,13,영업중,101.93,1,0,2017-09-05 18:39:20,,2009-04-27,110-827,서울특별시 종로구 숭인2동 766번지 청계현대힐스테이트 상가  가동 201호,101 111 114 113 104 105 115,"내과, 외과, 정형외과, 소아청소년과, 이비인후과, 피부과, 비뇨의학과",의원,PHMA120093000034041100012,3000000,"서울특별시 종로구 숭인동길 21, 가동 201호 (숭인동,청계현대힐스테이트 상가)",03112,01,영업/정상,0,,,
산소의원,의원,,198966.805968344,452027.574753972,2026-04-22 22:30:29,I,13,영업중,274.91,1,0,2025-08-07 20:43:22,,2009-05-01,110-122,서울특별시 종로구 종로2가 40번지 육의전빌딩 3층,114,피부과,의원,PHMA120093000034041100014,3000000,"서울특별시 종로구 수표로 105, 3층 (종로2가, 육의전빌딩)",03140,01,영업/정상,0,,,
리즈산부인과의원,의원,,198696.792161159,451962.68240104,2026-04-22 22:30:29,I,13,영업중,160.73,1,0,2017-09-05 18:39:20,,2009-05-19,110-773,서울특별시 종로구 종로2가 75번지 9호,110,산부인과,의원,PHMA120093000034041100015,3000000,"서울특별시 종로구 종로 78, 3층 (종로2가, 미려빌딩)",03190,01,영업/정상,0,,,
종로구보건소,보건소,,197214.599879748,453280.072118191,2026-04-22 22:30:29,I,13,영업중,1000,4,0,2017-09-05 18:39:20,,2009-05-26,110-035,서울특별시 종로구 옥인동 45번지 30호,601,보건소,보건소,PHMA120093000034041100017,3000000,서울특별시 종로구 자하문로19길 36 (옥인동),,01,영업/정상,0,,,
마로니에이비인후과의원,의원,,200120.54634178,453378.347646612,2026-04-22 22:30:29,I,13,영업중,156.65,1,0,2025-08-22 00:43:31,,2009-07-10,,서울특별시 종로구 동숭동 1-33,101 108 111 113 114,"내과, 성형외과, 소아청소년과, 이비인후과, 피부과",의원,PHMA120093000034041100021,3000000,"서울특별시 종로구 대학로 128, 2층 (동숭동)",03086,01,영업/정상,0,,,02-766-0077
손윤희치과의원,치과의원,,198658.943470079,452604.254902527,2026-04-22 22:30:26,I,13,영업중,60.32,1,0,2024-08-08 09:39:56,,1997-05-19,,,402 403 406 407,"구강악안면외과, 치과보철과, 치주과, 치과보존과",치과의원,PHMA119973000034041100013,3000000,"서울특별시 종로구 삼일대로 461, 101동 116호,117호 (경운동, 운현궁SK허브)",03147,01,영업/정상,0,,,02-725-7222
혜화가정의원,의원,,199673.029847493,453711.269847466,2026-04-22 22:30:26,I,13,영업중,69.68,1,0,2019-04-01 14:28:33,,1998-04-23,,서울특별시 종로구 명륜1가 101번지 1호 혜화가정의원,101 111 104 105 110 113 114 115 112 122,"내과, 외과, 정형외과, 산부인과, 소아청소년과, 안과, 이비인후과, 피부과, 비뇨의학과, 가정의학과",의원,PHMA119983000034041100001,3000000,"서울특별시 종로구 성균관로 34, 혜화가정의원 2층 (명륜1가)",03074,01,영업/정상,0,,,02-744-3832
정이안한의원,한의원,,198130.982574569,451955.795979598,2026-04-22 22:30:26,I,15,전출,48.14,1,0,2023-08-04 15:09:21,,1998-06-29,,,301 302 303 304 305 306 307 308,"한방내과, 한방부인과, 한방소아과, 한방안·이비인후·피부과, 한방신경정신과, 한방재활의학과, 사상체질과, 침구과",한의원,PHMA119983000034041100003,3000000,"서울특별시 종로구 종로 22, 인주빌딩 5층 (서린동)",03188,05,제외/삭제/전출,0,,,02-739-0075
소화연세소아청소년과의원,의원,,201326.599610056,452717.098050476,2026-04-22 22:30:26,I,13,영업중,97.74,1,0,2020-06-23 17:29:57,,1999-02-13,,,101 111 112 113 114,"내과, 소아청소년과, 안과, 이비인후과, 피부과",의원,PHMA119993000034041100001,3000000,"서울특별시 종로구 지봉로8길 54, 2층 (숭인동, 중앙빌딩)",03109,01,영업/정상,0,,,02-744-5885
고은이치과의원,치과의원,,201282.378349367,452249.643664396,2026-04-22 22:30:26,I,13,영업중,71.5,1,0,2024-08-07 17:38:00,,1999-03-04,,,411 410 409 408 407 406 405 404 403 402,"구강악안면외과, 치과보철과, 치과교정과, 소아치과, 치주과, 치과보존과, 구강내과, 영상치의학과, 구강병리과, 예방치과",치과의원,PHMA119993000034041100002,3000000,"서울특별시 종로구 지봉로 29, 301호 (창신동, 금호팰리스빌딩)",03121,01,영업/정상,0,,,02-3675-7528
오거리한의원,한의원,,201282.425102697,452355.560929274,2026-04-22 22:30:26,I,13,영업중,81.5,1,0,2022-07-22 13:43:20,,1999-03-22,110-541,서울특별시 종로구 창신동 273번지,301 302 303 304 305 306 307 308,"한방내과, 한방부인과, 한방소아과, 한방안·이비인후·피부과, 한방신경정신과, 한방재활의학과, 사상체질과, 침구과",한의원,PHMA119993000034041100003,3000000,서울특별시 종로구 지봉로 37-1 (창신동),03104,01,영업/정상,0,,,02-763-3555
벨치과의원,치과의원,,198572.839145325,452022.373156033,2026-04-22 22:30:26,I,13,영업중,47.62,1,0,2017-09-05 18:39:19,,1999-04-19,110-122,서울특별시 종로구 종로2가 8번지 4호 2층,401,치과,치과의원,PHMA119993000034041100005,3000000,"서울특별시 종로구 종로 65, 2층 (종로2가)",03164,01,영업/정상,0,,,02-739-9011
관자재한의원,한의원,,198324.653631679,452252.812389497,2026-04-22 22:30:26,I,13,영업중,127.5,1,0,2025-08-07 10:39:00,,1999-05-27,110-858,서울특별시 종로구 수송동 58번지 두산위브파빌리온 212호,301 302 303 304 305 306 307 308,"한방내과, 한방부인과, 한방소아과, 한방안·이비인후·피부과, 한방신경정신과, 한방재활의학과, 사상체질과, 침구과",한의원,PHMA119993000034041100006,3000000,"서울특별시 종로구 삼봉로 81, 212호 (수송동, 두산위브파빌리온)",03150,01,영업/정상,0,,,02-734-3375
새서울치과의원,치과의원,,198150.300374121,452019.212642931,2026-04-22 22:30:26,I,13,영업중,95.01,1,0,2024-08-14 10:34:11,,1999-09-02,,,402 403 404 405 406 407 408 409 411,"구강악안면외과, 치과보철과, 치과교정과, 소아치과, 치주과, 치과보존과, 구강내과, 영상치의학과, 예방치과",치과의원,PHMA119993000034041100010,3000000,"서울특별시 종로구 종로 19, 르메이에르종로타운1 3층 302-2호 (종로1가)",03157,01,영업/정상,0,,,02-735-2288
광화문광장치과의원,치과의원,,197595.161312175,452460.054621887,2026-04-22 22:30:26,I,13,영업중,89.4,1,0,2022-06-20 16:08:31,,2000-01-11,,서울특별시 종로구 적선동 156 광화문 플래티넘,401,치과,치과의원,PHMA120003000034041100001,3000000,"서울특별시 종로구 새문안로5가길 28, 광화문 플래티넘 B113,B114호 (적선동)",03170,01,영업/정상,0,,,02-3276-2875
동대문한의원,한의원,,200940.565461745,452201.328670919,2026-04-22 22:30:32,I,13,영업중,273,1,0,2026-04-02 11:05:22,,2012-08-14,,,301 302 303 304 305 306 307 308,"한방내과, 한방부인과, 한방소아과, 한방안·이비인후·피부과, 한방신경정신과, 한방재활의학과, 사상체질과, 침구과",한의원,PHMA120123000034041100034,3000000,"서울특별시 종로구 종로 303, 1,2층 (창신동)",03106,01,영업/정상,0,,,02-438-6618
하늘치과의원,치과의원,,197387.223410675,453217.903654969,2026-04-22 22:30:32,I,13,영업중,100.3,1,0,2024-08-20 11:23:56,,2012-09-14,,,412 411 409 408 407 406 405 403 402,"구강악안면외과, 치과보철과, 소아치과, 치주과, 치과보존과, 구강내과, 영상치의학과, 예방치과, 통합치의학과",치과의원,PHMA120123000034041100035,3000000,서울특별시 종로구 자하문로 58 (창성동),03043,01,영업/정상,0,,,02-737-2804
이루미치과의원,치과의원,,198783.190624716,451962.306911298,2026-04-22 22:30:32,I,13,영업중,202.8,1,0,2024-09-12 15:45:41,,2012-09-17,,,403 404 405 406 407 408 411,"치과보철과, 치과교정과, 소아치과, 치주과, 치과보존과, 구강내과, 예방치과",치과의원,PHMA120123000034041100036,3000000,"서울특별시 종로구 종로 86, 5층 (종로2가, 흥민빌딩)",03190,01,영업/정상,0,,,02-3789-8255
채움마취통증의학과의원,의원,,197816.682263356,452024.763264859,2026-04-22 22:30:32,I,13,영업중,151.3,1,0,2025-03-21 01:43:21,,2012-09-24,110-061,서울특별시 종로구 신문로1가 2번지 3층,109 105 120 106 101,"내과, 정형외과, 신경외과, 마취통증의학과, 재활의학과",의원,PHMA120123000034041100037,3000000,"서울특별시 종로구 새문안로 103, 3층 (신문로1가, 선광빌딩)",03183,01,영업/정상,0,,,02-737-8257
스템스치과의원,치과의원,,197025.84989175,455981.012780814,2026-04-22 22:30:32,I,13,영업중,136,1,0,2025-05-26 11:02:55,,2012-12-04,,,402 403 404 405 406 407 408 409 411 412,"구강악안면외과, 치과보철과, 치과교정과, 소아치과, 치주과, 치과보존과, 구강내과, 영상치의학과, 예방치과, 통합치의학과",치과의원,PHMA120123000034041100040,3000000,"서울특별시 종로구 평창12길 3, 301호 302호 (평창동, 나라빌딩)",03009,01,영업/정상,0,,,02-379-2804
일맥한의원 더영의원,한의원,,198659.638808128,451962.091885387,2026-04-22 22:30:32,I,13,영업중,84.57,1,0,2024-11-25 11:43:57,,2012-04-16,,서울특별시 종로구 종로2가 84-1 영안빌딩,308 307 306 305 304 303 302 301,"한방내과, 한방부인과, 한방소아과, 한방안·이비인후·피부과, 한방신경정신과, 한방재활의학과, 사상체질과, 침구과",한의원,PHMA120123000034041100041,3000000,"서울특별시 종로구 종로 74, 영안빌딩 4층 (종로2가)",03189,01,영업/정상,0,,,02-722-1855
신일한의원,한의원,,200257.061566929,452233.907627057,2026-04-22 22:30:32,I,13,영업중,120.63,1,0,2019-06-27 23:43:17,,2013-01-03,110-850,서울특별시 종로구 효제동 221번지 1층 101호,301 304 307 302 305 308 303 306,"한방내과, 한방부인과, 한방소아과, 한방안·이비인후·피부과, 한방신경정신과, 한방재활의학과, 사상체질과, 침구과",한의원,PHMA120133000034041100001,3000000,"서울특별시 종로구 종로35길 25, 1층 101호 (효제동, 자인빌딩)",03126,01,영업/정상,0,,,02-766-1755
두리원비뇨기과의원,의원,,200087.155750956,452120.512420696,2026-04-22 22:30:26,I,13,영업중,83.4,1,0,2017-09-05 18:39:19,,2000-03-20,110-835,서울특별시 종로구 종로5가 85번지 3호,115 114,"피부과, 비뇨의학과",의원,PHMA120003000034041100003,3000000,"서울특별시 종로구 대학로 1, 3층 (종로5가)",03129,01,영업/정상,0,,,02-3674-0021
종로세브란스의원,의원,,200537.031717848,452131.345255265,2026-04-22 22:30:26,I,13,영업중,95.8,2,0,2024-12-20 00:43:23,,2000-04-11,,,101 105 111 113 114 115,"내과, 정형외과, 소아청소년과, 이비인후과, 피부과, 비뇨의학과",의원,PHMA120003000034041100004,3000000,"서울특별시 종로구 종로41길 4, 2층 (종로6가)",03124,01,영업/정상,0,,,02-747-5076
혜화수치과의원,치과의원,,199984.033653033,453695.726399703,2026-04-22 22:30:26,I,13,영업중,0,1,0,2024-08-26 15:13:54,,2000-04-24,,,402 403 404 405 406 407 408 409 411 412,"구강악안면외과, 치과보철과, 치과교정과, 소아치과, 치주과, 치과보존과, 구강내과, 영상치의학과, 예방치과, 통합치의학과",치과의원,PHMA120003000034041100005,3000000,"서울특별시 종로구 창경궁로 271-1, 3층 (혜화동)",03075,01,영업/정상,0,,,02-763-2875
동성한의원,한의원,,199956.743017086,453830.462873607,2026-04-22 22:30:26,I,13,영업중,84,1,0,2017-09-05 18:39:19,,2000-06-15,110-530,서울특별시 종로구 혜화동 74번지 36호 2층,301 302 303 304 305 306 307 308,"한방내과, 한방부인과, 한방소아과, 한방안·이비인후·피부과, 한방신경정신과, 한방재활의학과, 사상체질과, 침구과",한의원,PHMA120003000034041100007,3000000,서울특별시 종로구 혜화로 14 (혜화동),03076,01,영업/정상,0,,,02-765-1075
대학로서울안과의원,의원,,200113.874740135,453549.526436303,2026-04-22 22:30:26,I,13,영업중,216.12,1,0,2017-09-05 18:39:19,,2000-06-30,,서울특별시 종로구 혜화동 90번지 18호 5층,112,안과,의원,PHMA120003000034041100008,3000000,"서울특별시 종로구 대학로 146, 5층 (혜화동)",03084,01,영업/정상,0,,,02-747-7055
명륜신경정신과의원,의원,,200121.813720325,453518.007319338,2026-04-22 22:30:26,I,13,영업중,85,2,0,2024-09-27 11:43:32,,2000-07-03,,서울특별시 종로구 혜화동 185번지 중원빌딩 501호,103,정신건강의학과,의원,PHMA120003000034041100009,3000000,"서울특별시 종로구 대학로 144 (혜화동, 중원빌딩)",03084,01,영업/정상,0,,,02-762-5815
장경호가정의학과의원,의원,,201902.807079609,452577.361167222,2026-04-22 22:30:26,I,13,영업중,257.47,2,0,2024-01-11 20:43:23,,2000-07-10,110-827,서울특별시 종로구 숭인동 1266번지 2층,122 101 104 110 111 113 112 114 115 102 105 103 116 118,"내과, 신경과, 정신건강의학과, 외과, 정형외과, 산부인과, 소아청소년과, 안과, 이비인후과, 피부과, 비뇨의학과, 영상의학과, 병리과, 가정의학과",의원,PHMA120003000034041100010,3000000,"서울특별시 종로구 종로 407, 2,3층 (숭인동)",03111,01,영업/정상,0,,,02-924-8811
평화가정의원,의원,,196092.743907822,456198.595931715,2026-04-22 22:30:26,I,13,영업중,217.81,1,0,2019-08-19 17:31:01,,2000-09-21,110-803,"서울특별시 종로구 구기동 110번지 1호 1층 101호, 2층 205호",101 104 110 111 122 114 115 113 105,"내과, 외과, 정형외과, 산부인과, 소아청소년과, 이비인후과, 피부과, 비뇨의학과, 가정의학과",의원,PHMA120003000034041100013,3000000,"서울특별시 종로구 진흥로 432, 2층 201호 (구기동)",03012,01,영업/정상,0,,,02-3216-3250
에스앤유피부과의원,의원,,198697.706712628,451897.834324531,2026-04-22 22:30:26,I,13,영업중,208.8,2,0,2022-12-16 09:06:08,,2000-11-28,,,114,피부과,의원,PHMA120003000034041100015,3000000,서울특별시 종로구 종로12길 15 (관철동),03190,01,영업/정상,0,,,02-720-7582
김패밀리의원,의원,2026-02-24,199609.815361773,453869.801764414,2026-04-22 22:30:26,I,03,폐업,78,1,0,2026-02-23 15:35:32,,2001-03-22,,서울특별시 종로구 명륜3가 7번지 2호,122 101 111 114 115 105 113,"내과, 정형외과, 소아청소년과, 이비인후과, 피부과, 비뇨의학과, 가정의학과",의원,PHMA120013000034041100002,3000000,서울특별시 종로구 성균관로 49-1 (명륜3가),03071,03,폐업,0,,,02-765-1777
서울훈치과의원,치과의원,,200133.776191654,452108.291497711,2026-04-22 22:30:31,I,13,영업중,150,1,0,2026-01-01 20:43:25,,2011-12-01,,,411 409 408 407 406 405 404 403 402,"구강악안면외과, 치과보철과, 치과교정과, 소아치과, 치주과, 치과보존과, 구강내과, 영상치의학과, 예방치과",치과의원,PHMA120113000034041100030,3000000,"서울특별시 종로구 종로 221, 2층 (종로5가)",03126,01,영업/정상,0,,,02-766-1804
이샘의료생활협동조합 이샘치과의원,치과의원,,200377.764932093,453069.035518994,2026-04-22 22:30:31,I,13,영업중,46.15,2,0,2026-04-17 15:11:12,,2011-12-20,,,402 403 404 405 406 407 408 411 412,"구강악안면외과, 치과보철과, 치과교정과, 소아치과, 치주과, 치과보존과, 구강내과, 예방치과, 통합치의학과",치과의원,PHMA120113000034041100033,3000000,"서울특별시 종로구 동숭1길 12, 2층 (동숭동)",03088,01,영업/정상,0,,,02-763-0657
좋은느낌산부인과의원,의원,,198150.300374121,452019.212642931,2026-04-22 22:30:31,I,15,전출,107,1,0,2019-08-12 13:16:36,,2012-01-16,110-888,"서울특별시 종로구 종로1가 24번지 르메이에르종로타운 408-2, 409호",110,산부인과,의원,PHMA120123000034041100002,3000000,"서울특별시 종로구 종로 19, 408-2, 409호 (종로1가)",03157,05,제외/삭제/전출,0,,,
서울본치과의원,치과의원,,197181.393301659,452458.826651573,2026-04-22 22:30:31,I,13,영업중,84.84,1,0,2025-04-14 11:31:29,,2012-01-31,,,402 403 405 406 407 408 409 411 412,"구강악안면외과, 치과보철과, 소아치과, 치주과, 치과보존과, 구강내과, 영상치의학과, 예방치과, 통합치의학과",치과의원,PHMA120123000034041100003,3000000,"서울특별시 종로구 사직로8길 4, 301동 지하1층 B114호, B115호 (사직동, 광화문풍림스페이스본)",03168,01,영업/정상,0,,,02-723-2080
다연한의원,한의원,,199668.882598508,453996.296932523,2026-04-22 22:30:31,I,13,영업중,72.68,1,0,2024-09-19 08:40:30,,2012-02-13,,,301 302 303 304 305 306 307 308,"한방내과, 한방부인과, 한방소아과, 한방안·이비인후·피부과, 한방신경정신과, 한방재활의학과, 사상체질과, 침구과",한의원,PHMA120123000034041100005,3000000,"서울특별시 종로구 성균관로 64, 1층 (명륜1가)",03069,01,영업/정상,0,,,02-742-8188
임계원정신건강의학과의원,의원,,199977.671430146,453798.839565391,2026-04-22 22:30:31,I,13,영업중,74.45,2,0,2017-09-05 18:39:20,,2012-02-16,110-530,서울특별시 종로구 혜화동 109번지 1호,103,정신건강의학과,의원,PHMA120123000034041100006,3000000,"서울특별시 종로구 혜화로 8, 2층 (혜화동)",03076,01,영업/정상,0,,,
삼성드림이비인후과의원,의원,,198620.301187081,451950.125134119,2026-04-22 22:30:32,I,15,전출,167.1,2,3,2021-06-30 15:02:28,,2012-03-29,110-122,"서울특별시 종로구 관철동 16번지 5호 3, 4층",113 108 114,"성형외과, 이비인후과, 피부과",의원,PHMA120123000034041100010,3000000,"서울특별시 종로구 종로 70, 3층 (관철동)",03189,05,제외/삭제/전출,3,,,02-736-1365
서울듀크의원,의원,,198565.677043996,452670.232135872,2026-04-22 22:30:32,I,13,영업중,168.3,2,0,2022-09-30 12:43:30,,2012-04-09,110-240,서울특별시 종로구 안국동 163번지 걸스카웃회관 3층,122 101 113,"내과, 이비인후과, 가정의학과",의원,PHMA120123000034041100011,3000000,"서울특별시 종로구 율곡로 47, 3층 (안국동, 걸스카웃회관)",03060,01,영업/정상,0,,,02-737-7900
일맥한의원 더영의원,의원,,198659.638808128,451962.091885387,2026-04-22 22:30:32,I,13,영업중,84.57,1,0,2024-11-25 11:43:57,,2012-04-16,,서울특별시 종로구 종로2가 84-1 영안빌딩,114 105 101,"내과, 정형외과, 피부과",의원,PHMA120123000034041100012,3000000,"서울특별시 종로구 종로 74, 영안빌딩 4층 (종로2가)",03189,01,영업/정상,0,,,02-722-1854
종로비뇨기과의원,의원,,200505.808031281,452120.015799543,2026-04-22 22:30:26,I,13,영업중,57.4,1,1,2017-09-05 18:39:19,,2001-03-30,,서울특별시 종로구 종로6가 251번지 1호,115 114,"피부과, 비뇨의학과",의원,PHMA120013000034041100003,3000000,서울특별시 종로구 종로41길 1 (종로6가),03125,01,영업/정상,1,,,02-745-9119
정가정의원,의원,,201016.051671529,452256.135288263,2026-04-22 22:30:26,I,13,영업중,61.73,2,0,2024-03-15 01:13:37,,2001-06-22,,,122 115 114 113 111 110 105 104 101,"내과, 외과, 정형외과, 산부인과, 소아청소년과, 이비인후과, 피부과, 비뇨의학과, 가정의학과",의원,PHMA120013000034041100006,3000000,"서울특별시 종로구 종로51나길 2, 2층 (창신동)",03105,01,영업/정상,0,,,02-762-7511
서울가정의학과의원,의원,,196467.975088253,452566.134030104,2026-04-22 22:30:26,I,13,영업중,77,3,0,2025-11-14 02:43:23,,2001-07-19,110-813,서울특별시 종로구 무악동 82번지 현대아파트상가 308호,101 111 113 114 115 105 112 104 110 102 103 118 116,"내과, 신경과, 정신건강의학과, 외과, 정형외과, 산부인과, 소아청소년과, 안과, 이비인후과, 피부과, 비뇨의학과, 영상의학과, 병리과",의원,PHMA120013000034041100008,3000000,"서울특별시 종로구 통일로12길 23, 308호 (무악동, 무악현대아상가)",03025,01,영업/정상,0,,,02-722-3490
조은치과의원,치과의원,,201350.473375538,452279.7442603,2026-04-22 22:30:26,I,13,영업중,203.39,1,0,2024-10-11 09:22:48,,2001-08-16,,,402 403 405 406 407 408 409 410 411,"구강악안면외과, 치과보철과, 소아치과, 치주과, 치과보존과, 구강내과, 영상치의학과, 구강병리과, 예방치과",치과의원,PHMA120013000034041100009,3000000,"서울특별시 종로구 종로 344, 3층 (숭인동, 종로대우디오빌)",03114,01,영업/정상,0,,,02-2231-2807
박재찬치과의원,치과의원,,199646.735551872,453924.24004175,2026-04-22 22:30:26,I,13,영업중,82,1,0,2024-10-10 10:01:09,,2001-09-14,,,402 403 404 405 406 407 408 409 410 411 412,"구강악안면외과, 치과보철과, 치과교정과, 소아치과, 치주과, 치과보존과, 구강내과, 영상치의학과, 구강병리과, 예방치과, 통합치의학과",치과의원,PHMA120013000034041100010,3000000,서울특별시 종로구 성균관로 56 (명륜1가),03069,01,영업/정상,0,,,02-766-7528
보람연합의원,의원,,199944.142193734,452094.855669249,2026-04-22 22:30:26,I,13,영업중,120.42,2,0,2017-09-05 18:39:19,,2001-09-15,110-853,서울특별시 종로구 종로4가 1번지 1호 3층,122 101 110 111 115 105 114 113,"내과, 정형외과, 산부인과, 소아청소년과, 이비인후과, 피부과, 비뇨의학과, 가정의학과",의원,PHMA120013000034041100011,3000000,서울특별시 종로구 종로 201-1 (종로4가),03130,01,영업/정상,0,,,02-762-6555
이지나치과의원,치과의원,,197993.904628438,452032.958591394,2026-04-22 22:30:26,I,15,전출,126.18,2,0,2018-01-03 17:20:30,,2001-10-16,110-714,서울특별시 종로구 종로1가 1번지 교보생명빌딩,401,치과,치과의원,PHMA120013000034041100012,3000000,"서울특별시 종로구 종로 1, 17층 (종로1가)",03154,05,제외/삭제/전출,0,,,02-735-2851
서울케이(K)내과의원,의원,,200015.817024551,453537.90354109,2026-04-22 22:30:26,I,13,영업중,462.58,17,0,2024-10-18 01:13:22,,2001-11-06,110-522,서울특별시 종로구 명륜2가 22번지 2호 2·3층,101,내과,의원,PHMA120013000034041100016,3000000,"서울특별시 종로구 창경궁로34길 18-5, 2,3층 (명륜2가)",03077,01,영업/정상,0,,,02-743-0875
지인내과의원,의원,,200055.617260646,452600.848170354,2026-04-22 22:30:26,I,13,영업중,375,2,0,2021-07-23 02:13:23,,2002-03-05,,서울특별시 종로구 연건동 198번지 7호 제일빌딩,101 111 113 105,"내과, 정형외과, 소아청소년과, 이비인후과",의원,PHMA120023000034041100002,3000000,"서울특별시 종로구 율곡로 202-7, 제일빌딩 A,B동 3층 (연건동)",03127,01,영업/정상,0,,,02-744-2223
연세메트로비뇨기과의원,의원,,197680.780080175,452016.543891352,2026-04-22 22:30:26,I,13,영업중,94.3,2,0,2022-02-03 18:11:49,,2002-04-01,,,101 104 105 113 114 115 122,"내과, 외과, 정형외과, 이비인후과, 피부과, 비뇨의학과, 가정의학과",의원,PHMA120023000034041100003,3000000,"서울특별시 종로구 새문안로 89, 905호 (신문로1가, 용마빌딩)",03182,01,영업/정상,0,,,02-738-9115
100년한의원,한의원,,197620.261953749,452640.025589865,2026-04-22 22:30:26,I,15,전출,257.66,1,0,2016-08-26 11:24:26,,2002-06-04,110-052,"서울특별시 종로구  11번지 1층, 지하1층",301 303 302 304 305 308,"한방내과, 한방부인과, 한방소아과, 한방안·이비인후·피부과, 한방신경정신과, 침구과",한의원,PHMA120023000034041100004,3000000,"서울특별시 종로구 사직로 137, 1층, 지하1층 (적선동)",03044,05,제외/삭제/전출,0,,,02-733-2299
늘고운한의원,한의원,,198643.496919023,452944.146046449,2026-04-22 22:30:26,I,13,영업중,59.9,1,0,2025-09-12 14:46:39,,2002-06-12,,,301 302 303 304 305 306 307 308,"한방내과, 한방부인과, 한방소아과, 한방안·이비인후·피부과, 한방신경정신과, 한방재활의학과, 사상체질과, 침구과",한의원,PHMA120023000034041100005,3000000,서울특별시 종로구 북촌로 22 (재동),03059,01,영업/정상,0,,,02-766-5447
서울S치과의원,치과의원,,200005.117382494,453610.610906535,2026-04-22 22:30:29,I,13,영업중,80,2,0,2024-10-10 10:04:56,,2009-07-13,,,402 403 404 405 406 407 408 409 410 411 412,"구강악안면외과, 치과보철과, 치과교정과, 소아치과, 치주과, 치과보존과, 구강내과, 영상치의학과, 구강병리과, 예방치과, 통합치의학과",치과의원,PHMA120093000034041100022,3000000,"서울특별시 종로구 창경궁로 266, 3층 (혜화동)",03077,01,영업/정상,0,,,02-745-0051
독립문 약손 한의원,한의원,,196398.294883562,452314.96233387,2026-04-22 22:30:29,I,13,영업중,76.29,1,0,2023-06-23 15:56:10,,2009-07-30,110-091,서울특별시 종로구 행촌동 209번지 76호 2층,301 304 307 308 305 302 303 306,"한방내과, 한방부인과, 한방소아과, 한방안·이비인후·피부과, 한방신경정신과, 한방재활의학과, 사상체질과, 침구과",한의원,PHMA120093000034041100024,3000000,"서울특별시 종로구 통일로12길 6, 2층 (행촌동)",03029,01,영업/정상,0,,,02-722-1075
한솔마취통증의학과의원,의원,,201316.060458185,452794.948641315,2026-04-22 22:30:26,I,13,영업중,87.01,1,0,2017-11-30 16:57:39,,2002-06-14,,서울특별시 종로구 숭인동 55번지 6호 수석빌딩 302호,109,마취통증의학과,의원,PHMA120023000034041100006,3000000,"서울특별시 종로구 지봉로 82 (숭인동, 수석컴비즈텔)",03108,01,영업/정상,0,,,02-3672-7582
우리의원,의원,,200854.03612958,452385.186316144,2026-04-22 22:30:26,I,13,영업중,141.52,2,0,2019-11-13 14:13:14,,2002-06-20,110-843,서울특별시 종로구 창신동 647번지 16호 2층,111 113 114 115 101 104 102,"내과, 신경과, 외과, 소아청소년과, 이비인후과, 피부과, 비뇨의학과",의원,PHMA120023000034041100007,3000000,"서울특별시 종로구 창신길 47, 2층 (창신동)",03097,01,영업/정상,0,,,02-741-7750
광화문한의원,한의원,,198496.065583057,452395.580132727,2026-04-22 22:30:26,I,13,영업중,45.1,1,0,2026-04-03 03:43:24,,2002-08-16,110-170,서울특별시 종로구 견지동 84번지,301 302 303 304 305 306 307 308,"한방내과, 한방부인과, 한방소아과, 한방안·이비인후·피부과, 한방신경정신과, 한방재활의학과, 사상체질과, 침구과",한의원,PHMA120023000034041100010,3000000,서울특별시 종로구 인사동11길 16-1 (견지동),03145,01,영업/정상,0,,,02-720-8610
김성조치과의원,치과의원,,200034.584433852,453577.361028716,2026-04-22 22:30:26,I,13,영업중,100.42,1,0,2024-10-10 09:58:12,,2002-09-13,,,412,통합치의학과,치과의원,PHMA120023000034041100014,3000000,"서울특별시 종로구 대학로 149, 3층 (혜화동)",03077,01,영업/정상,0,,,02-764-2275
서울유니언이비인후과의원,의원,,199088.104870893,452035.630756211,2026-04-22 22:30:26,I,13,영업중,132.36,2,0,2024-09-06 00:43:33,,2002-10-16,,서울특별시 종로구 종로3가 10 낙원빌딩 5층,113,이비인후과,의원,PHMA120023000034041100015,3000000,"서울특별시 종로구 종로 115, 낙원빌딩 5층 (종로3가)",03139,01,영업/정상,0,,,02-764-2233
이선우성형외과의원,의원,,199251.489631791,451988.752769636,2026-04-22 22:30:26,I,13,영업중,148.8,1,2,2017-09-05 18:39:19,,2002-10-23,110-123,서울특별시 종로구 종로3가 137번지 1호 3층,108,성형외과,의원,PHMA120023000034041100016,3000000,"서울특별시 종로구 종로 132, 3층 (종로3가)",03193,01,영업/정상,3,,,02-2271-0020
경희부부한의원,한의원,,199997.299849296,453770.207439777,2026-04-22 22:30:26,I,13,영업중,134.05,1,0,2026-01-06 16:10:12,,2002-10-24,,,301 302 303 304 305 306 307 308,"한방내과, 한방부인과, 한방소아과, 한방안·이비인후·피부과, 한방신경정신과, 한방재활의학과, 사상체질과, 침구과",한의원,PHMA120023000034041100017,3000000,"서울특별시 종로구 혜화로 4, 401호 (혜화동)",03076,01,영업/정상,0,,,02-765-7533
클리오치과의원,치과의원,,197567.849954354,452567.159554494,2026-04-22 22:30:26,I,13,영업중,49,1,0,2025-06-02 15:01:35,,2002-12-05,,,402 403 404 405 406 407 408 409 410 411 412,"구강악안면외과, 치과보철과, 치과교정과, 소아치과, 치주과, 치과보존과, 구강내과, 영상치의학과, 구강병리과, 예방치과, 통합치의학과",치과의원,PHMA120023000034041100018,3000000,"서울특별시 종로구 사직로 130, 지하1층 8호 (적선동, 적선현대빌딩)",03170,01,영업/정상,0,,,02-722-3999
한양한의원,한의원,,200495.702103309,452140.5809745,2026-04-22 22:30:26,I,13,영업중,113,1,0,2018-03-29 09:43:14,,2002-12-09,110-126,서울특별시 종로구 종로6가 245번지 1호 2층,301 302 303 304 305 306 307 308,"한방내과, 한방부인과, 한방소아과, 한방안·이비인후·피부과, 한방신경정신과, 한방재활의학과, 사상체질과, 침구과",한의원,PHMA120023000034041100019,3000000,"서울특별시 종로구 종로39길 8, 2층 (종로6가)",03125,01,영업/정상,0,,,02-765-0056
김치과의원,치과의원,,198979.758847796,451921.59918378,2026-04-22 22:30:26,I,13,영업중,46,1,0,2024-09-02 16:22:50,,2002-12-31,,,401 402 403 405 406 407 408 409 411 412,"치과, 구강악안면외과, 치과보철과, 소아치과, 치주과, 치과보존과, 구강내과, 영상치의학과, 예방치과, 통합치의학과",치과의원,PHMA120023000034041100020,3000000,"서울특별시 종로구 수표로 93-1, 2층 (관수동)",03191,01,영업/정상,0,,,02-2265-7566
연세해맑은치과의원,치과의원,,200085.837802641,452243.108568999,2026-04-22 22:30:27,I,13,영업중,126.72,2,0,2025-05-21 17:24:01,,2003-01-20,,,411 409 408 407 406 405 404 403 402,"구강악안면외과, 치과보철과, 치과교정과, 소아치과, 치주과, 치과보존과, 구강내과, 영상치의학과, 예방치과",치과의원,PHMA120033000034041100002,3000000,"서울특별시 종로구 대학로 13 (효제동,스카이308빌딩 4층)",03129,01,영업/정상,0,,,02-764-2942
삼성화인마취통증의학과의원,의원,,200085.837802641,452243.108568999,2026-04-22 22:30:27,I,13,영업중,134.42,4,0,2023-12-08 16:22:50,,2003-02-15,,,101 105 109,"내과, 정형외과, 마취통증의학과",의원,PHMA120033000034041100004,3000000,"서울특별시 종로구 대학로 13, 3층 (효제동, 스카이빌딩)",03129,01,영업/정상,0,,,02-747-7771
강한치과의원,치과의원,,201238.696068454,452317.86559669,2026-04-22 22:30:27,I,13,영업중,267.43,1,0,2021-08-27 11:47:05,,2003-03-07,110-840,서울특별시 종로구 창신동 292번지 4층,412,통합치의학과,치과의원,PHMA120033000034041100009,3000000,"서울특별시 종로구 종로 335, 4층 (창신동)",03104,01,영업/정상,0,,,02-766-2875
행촌의원,의원,,196378.284984247,452300.06063815,2026-04-22 22:30:27,I,13,영업중,48.51,1,0,2017-09-05 18:39:19,,2003-03-25,,서울특별시 종로구 교북동 1번지 10호,101 111 110 114,"내과, 산부인과, 소아청소년과, 피부과",의원,PHMA120033000034041100010,3000000,서울특별시 종로구 통일로12길 2 (교북동),03029,01,영업/정상,0,,,02-739-5191
청남한의원,한의원,,198584.567356147,453115.149947779,2026-04-22 22:30:27,I,13,영업중,99.81,1,0,2025-04-08 09:31:09,,2003-05-09,,,301 302 303 304 305 306 307 308,"한방내과, 한방부인과, 한방소아과, 한방안·이비인후·피부과, 한방신경정신과, 한방재활의학과, 사상체질과, 침구과",한의원,PHMA120033000034041100013,3000000,"서울특별시 종로구 북촌로 39, 2층 (가회동)",03055,01,영업/정상,0,,,02-763-7510
카라성형외과의원,의원,,200034.584433852,453577.361028716,2026-04-22 22:30:27,I,13,영업중,259.21,4,0,2017-09-05 18:39:19,,2003-06-09,,서울특별시 종로구 혜화동 143번지 2호,108,성형외과,의원,PHMA120033000034041100015,3000000,"서울특별시 종로구 대학로 149, 2층 (혜화동)",03077,01,영업/정상,0,,,02-742-3939
최재성치과의원,치과의원,,198386.829870878,452237.303784872,2026-04-22 22:30:27,I,13,영업중,105.49,1,0,2024-11-19 10:29:27,,2003-06-09,,,403,치과보철과,치과의원,PHMA120033000034041100016,3000000,"서울특별시 종로구 삼봉로 95, 종로1가 대성 스카이렉스 301호 (견지동)",03150,01,영업/정상,0,,,02-720-5156
연세우리소아과의원,의원,,197174.330909636,453120.283745616,2026-04-22 22:30:27,I,13,영업중,101.83,2,0,2017-09-05 18:39:19,,2003-09-01,110-805,서울특별시 종로구 누하동 5번지 2호 2~3층,111 101 114 113 112 104 110 102 105 120 115,"내과, 신경과, 외과, 정형외과, 산부인과, 소아청소년과, 안과, 이비인후과, 피부과, 비뇨의학과, 재활의학과",의원,PHMA120033000034041100017,3000000,"서울특별시 종로구 자하문로7길 73, 2~3층 (누하동)",03036,01,영업/정상,0,,,02-732-5275
예본안과의원,의원,,198696.792161159,451962.68240104,2026-04-22 22:30:27,I,13,영업중,723,6,1,2024-01-05 05:43:24,,2003-11-24,,서울특별시 종로구 종로2가 75번지 9호 미려빌딩,112,안과,의원,PHMA120033000034041100021,3000000,"서울특별시 종로구 종로 78, 미려빌딩 (종로2가)",03190,01,영업/정상,4,,,02-737-0030
광화문믿음치과의원,치과의원,,197673.919714838,452123.434528869,2026-04-22 22:30:27,I,13,영업중,40.3,1,0,2025-06-02 14:57:37,,2004-01-10,,,412,통합치의학과,치과의원,PHMA120043000034041100002,3000000,"서울특별시 종로구 새문안로5길 13, 지하1층 (당주동, 변호사빌딩)",03182,01,영업/정상,0,,,02-732-8525
메이트치과의원,치과의원,,198213.955223154,452045.296742706,2026-04-22 22:30:27,I,13,영업중,163.51,2,0,2023-09-22 14:49:25,,2004-02-02,,,412,통합치의학과,치과의원,PHMA120043000034041100003,3000000,"서울특별시 종로구 종로5길 7, 303호 (청진동)",03157,01,영업/정상,0,,,02-725-7331
한사랑안과의원,의원,,201238.696068454,452317.86559669,2026-04-22 22:30:27,I,13,영업중,142.75,4,0,2025-09-11 20:13:22,,2004-03-31,110-840,서울특별시 종로구 창신동 292번지 4층,112,안과,의원,PHMA120043000034041100007,3000000,"서울특별시 종로구 종로 335, 4층 (창신동)",03104,01,영업/정상,0,,,02-765-1123
늘푸른비뇨기과의원,의원,,199214.548011588,451983.042894684,2026-04-22 22:30:27,I,13,영업중,176.34,1,1,2025-01-17 00:13:36,,2004-04-21,110-123,서울특별시 종로구 종로3가 130번지 화영빌딩 6층,115 114 101,"내과, 피부과, 비뇨의학과",의원,PHMA120043000034041100009,3000000,"서울특별시 종로구 종로 128, 6층 (종로3가, 화영빌딩)",03192,01,영업/정상,1,,,02-2272-5588
라파(Rapha)연세치과의원,치과의원,,197348.44253811,452671.549044338,2026-04-22 22:30:27,I,13,영업중,116.06,1,0,2024-08-07 17:38:20,,2004-05-01,,,402 403 405 406 407 408 409 411 412,"구강악안면외과, 치과보철과, 소아치과, 치주과, 치과보존과, 구강내과, 영상치의학과, 예방치과, 통합치의학과",치과의원,PHMA120043000034041100010,3000000,"서울특별시 종로구 사직로 107, 4층 (내자동, 한빛빌딩)",03041,01,영업/정상,0,,,02-722-7528
자비손한의원,한의원,,198805.255747161,453074.215798429,2026-04-22 22:30:27,I,13,영업중,54.9,1,0,2025-03-12 13:24:57,,2004-05-28,110-801,서울특별시 종로구 계동 125번지 2호,301 302 303 304 305 306 307 308,"한방내과, 한방부인과, 한방소아과, 한방안·이비인후·피부과, 한방신경정신과, 한방재활의학과, 사상체질과, 침구과",한의원,PHMA120043000034041100012,3000000,서울특별시 종로구 계동2길 9 (계동),03057,01,영업/정상,0,,,02-747-3399
세검정한의원,한의원,,196362.38246525,455364.54227727,2026-04-22 22:30:27,I,13,영업중,85.4,1,0,2025-01-10 06:43:22,,2004-06-03,,,301 302 303 304 305 306 307 308,"한방내과, 한방부인과, 한방소아과, 한방안·이비인후·피부과, 한방신경정신과, 한방재활의학과, 사상체질과, 침구과",한의원,PHMA120043000034041100014,3000000,서울특별시 종로구 세검정로6길 8 (홍지동),03017,01,영업/정상,0,,,02-394-7182
종로신진한의원,한의원,,200475.92268236,452176.193241222,2026-04-22 22:30:27,I,13,영업중,79.68,1,0,2025-07-08 10:36:43,,2004-06-07,,,301 302 303 304 305 306 307 308,"한방내과, 한방부인과, 한방소아과, 한방안·이비인후·피부과, 한방신경정신과, 한방재활의학과, 사상체질과, 침구과",한의원,PHMA120043000034041100015,3000000,"서울특별시 종로구 종로39길 14, 신진빌딩 1층,지하1층 (종로6가)",03125,01,영업/정상,0,,,02-3676-7582
백상치과의원,치과의원,,197465.223921125,452366.613899898,2026-04-22 22:30:27,I,13,영업중,63.7,1,0,2022-07-15 03:13:23,,2004-06-11,,서울특별시 종로구 내수동 72번지 경희궁의아침 오피스텔 3단지 3동 302호,409 408 407 406 405 404 403 402,"구강악안면외과, 치과보철과, 치과교정과, 소아치과, 치주과, 치과보존과, 구강내과, 영상치의학과",치과의원,PHMA120043000034041100016,3000000,"서울특별시 종로구 사직로8길 34, 3동 302호 (내수동, 경희궁의아침 3단지오피스텔)",03174,01,영업/정상,0,,,02-730-2203
이플란치과의원,치과의원,,197465.223921125,452366.613899898,2026-04-22 22:30:27,I,13,영업중,74.69,1,0,2025-06-02 15:00:42,,2004-06-29,,,402 403 405 406 407 408 409 411 412,"구강악안면외과, 치과보철과, 소아치과, 치주과, 치과보존과, 구강내과, 영상치의학과, 예방치과, 통합치의학과",치과의원,PHMA120043000034041100017,3000000,"서울특별시 종로구 사직로8길 34, 218호 (내수동, 경희궁의 아침3단지오피스텔)",03174,01,영업/정상,0,,,02-734-0600
경희한의원,한의원,,200056.510139475,452135.101134699,2026-04-22 22:30:27,I,13,영업중,68.72,1,0,2022-07-22 18:43:30,,2004-07-02,,서울특별시 종로구 연지동 275-1 연지드림빌,301 302 303 304 305 306 307 308,"한방내과, 한방부인과, 한방소아과, 한방안·이비인후·피부과, 한방신경정신과, 한방재활의학과, 사상체질과, 침구과",한의원,PHMA120043000034041100019,3000000,"서울특별시 종로구 대학로1길 10, 연지드림빌 2층 (연지동)",03129,01,영업/정상,0,,,02-743-2007
보스톤치과의원,치과의원,,198635.688914101,451847.282077868,2026-04-22 22:30:27,I,13,영업중,194.72,1,0,2025-05-27 15:47:12,,2004-09-21,,,402 403 404 405 406 407 411 412,"구강악안면외과, 치과보철과, 치과교정과, 소아치과, 치주과, 치과보존과, 예방치과, 통합치의학과",치과의원,PHMA120043000034041100022,3000000,"서울특별시 종로구 청계천로 71, 7층 (관철동)",03189,01,영업/정상,0,,,02-720-5673
세인치과의원,치과의원,,200501.050847239,452113.872030129,2026-04-22 22:30:27,I,13,영업중,61.33,1,0,2024-10-07 09:05:19,,2004-09-30,,,403 404 406 407,"치과보철과, 치과교정과, 치주과, 치과보존과",치과의원,PHMA120043000034041100023,3000000,"서울특별시 종로구 종로39길 2, 4층 (종로6가)",03125,01,영업/정상,0,,,02-747-2805
서린연세치과의원,치과의원,,198062.887604585,451944.499629593,2026-04-22 22:30:27,I,13,영업중,93.16,1,0,2024-08-08 15:39:33,,2004-10-25,,,412,통합치의학과,치과의원,PHMA120043000034041100026,3000000,"서울특별시 종로구 종로 14, 지하1층 (서린동)",03187,01,영업/정상,0,,,02-720-2840
금성한의원,한의원,,197193.810953941,453080.665999443,2026-04-22 22:30:27,I,13,영업중,107.6,1,0,2019-11-20 09:11:53,,2004-11-18,110-805,"서울특별시 종로구 누하동 28번지 오리엔트빌 101, 202호",301 302 303 304 305 306 307 308,"한방내과, 한방부인과, 한방소아과, 한방안·이비인후·피부과, 한방신경정신과, 한방재활의학과, 사상체질과, 침구과",한의원,PHMA120043000034041100028,3000000,"서울특별시 종로구 자하문로7길 63, 101,202호 (누하동, 오리엔트빌)",03036,01,영업/정상,0,,,02-723-8275
연세소아청소년과의원,의원,,199997.299849296,453770.207439777,2026-04-22 22:30:27,I,13,영업중,100.56,1,0,2018-01-12 00:13:43,,2004-11-29,110-530,서울특별시 종로구 혜화동 109번지 4호 산곡빌딩 5층,111,소아청소년과,의원,PHMA120043000034041100029,3000000,"서울특별시 종로구 혜화로 4, 5층 (혜화동, 산곡빌딩)",03076,01,영업/정상,0,,,02-765-7582
롯데웰치과의원,치과의원,,201359.53353905,452395.659064842,2026-04-22 22:30:27,I,13,영업중,67.2,1,0,2024-08-09 16:54:11,,2004-12-02,,,406 412,"치주과, 통합치의학과",치과의원,PHMA120043000034041100031,3000000,"서울특별시 종로구 종로 347, 205호 (숭인동, 롯데캐슬 천지인상가)",03113,01,영업/정상,0,,,02-3670-6600
메르덴치과의원,치과의원,,198150.300374121,452019.212642931,2026-04-22 22:30:27,I,13,영업중,136.62,1,0,2024-10-15 16:53:35,,2004-12-09,,,406,치주과,치과의원,PHMA120043000034041100032,3000000,"서울특별시 종로구 종로 19, 405호 (종로1가,르메이에르종로타운1)",03157,01,영업/정상,0,,,02-738-2804
단아치과의원,치과의원,,200067.053022051,452046.21859559,2026-04-22 22:30:27,I,15,전출,100.6,1,0,2024-01-12 15:31:52,,2004-12-13,,,402 403 404 405 406 407 408 409 410 411 412,"구강악안면외과, 치과보철과, 치과교정과, 소아치과, 치주과, 치과보존과, 구강내과, 영상치의학과, 구강병리과, 예방치과, 통합치의학과",치과의원,PHMA120043000034041100033,3000000,"서울특별시 종로구 종로 214, 2층 (종로5가)",03195,05,제외/삭제/전출,0,,,02-2269-2872
세실치과의원,치과의원,,196193.491497926,452516.646583755,2026-04-22 22:30:27,I,13,영업중,72.54,1,0,2025-05-27 13:03:14,,2005-01-03,,,402 403 404 405 406 407 408 409 411,"구강악안면외과, 치과보철과, 치과교정과, 소아치과, 치주과, 치과보존과, 구강내과, 영상치의학과, 예방치과",치과의원,PHMA120053000034041100002,3000000,"서울특별시 종로구 통일로 254, 2층 (무악동)",03030,01,영업/정상,0,,,02-720-2875
서울예다운치과의원,치과의원,,199769.96511678,453520.42735819,2026-04-22 22:30:27,I,13,영업중,100.64,1,0,2024-08-08 17:58:44,,2005-01-17,,,412,통합치의학과,치과의원,PHMA120053000034041100005,3000000,"서울특별시 종로구 성균관로 12, 301호 (명륜2가,유니지오빌딩)",03074,01,영업/정상,0,,,02-745-7582
광화문치과의원,치과의원,,197680.780080175,452016.543891352,2026-04-22 22:30:27,I,13,영업중,189,1,0,2025-06-02 15:03:15,,2005-01-25,,,402 403 406 407 408 409 412,"구강악안면외과, 치과보철과, 치주과, 치과보존과, 구강내과, 영상치의학과, 통합치의학과",치과의원,PHMA120053000034041100007,3000000,"서울특별시 종로구 새문안로 89, 5층 501호 (신문로1가, 정우빌딩)",03182,01,영업/정상,0,,,02-737-2824
우행원신경정신과의원,의원,,201185.963029126,452281.72964337,2026-04-22 22:30:27,I,13,영업중,66.87,1,0,2017-09-05 18:39:19,,2005-02-22,110-840,서울특별시 종로구 창신동 212번지 2층,102 103 101,"내과, 신경과, 정신건강의학과",의원,PHMA120053000034041100008,3000000,"서울특별시 종로구 종로 329-1, 2층 (창신동)",03104,01,영업/정상,0,,,02-742-0002
뽀얀피부과의원,의원,,199214.548011588,451983.042894684,2026-04-22 22:30:27,I,13,영업중,82.52,1,0,2025-03-06 20:43:20,,2005-03-02,110-123,서울특별시 종로구 종로3가 130번지 화영빌딩 5층,114,피부과,의원,PHMA120053000034041100009,3000000,"서울특별시 종로구 종로 128, 5층 (종로3가, 화영빌딩)",03192,01,영업/정상,0,,,22735118
미래의원,의원,,200438.102064147,452339.55653695,2026-04-22 22:30:27,I,13,영업중,87.82,1,0,2017-09-05 18:39:19,,2005-03-08,110-126,서울특별시 종로구 종로6가 215번지 16호 2층,101 113 114 111,"내과, 소아청소년과, 이비인후과, 피부과",의원,PHMA120053000034041100010,3000000,"서울특별시 종로구 종로41길 49, 2층 (종로6가)",03125,01,영업/정상,0,,,02-742-6662
서울봄빛치과의원,치과의원,,199930.122656943,453823.821878719,2026-04-22 22:30:27,I,13,영업중,91.44,1,0,2024-10-10 09:59:59,,2005-03-09,,,402 403 404 405 406 407 408 409 410 411 412,"구강악안면외과, 치과보철과, 치과교정과, 소아치과, 치주과, 치과보존과, 구강내과, 영상치의학과, 구강병리과, 예방치과, 통합치의학과",치과의원,PHMA120053000034041100011,3000000,"서울특별시 종로구 혜화로 13, 2층 (명륜1가, 신한은행)",03068,01,영업/정상,0,,,02-741-2855
경희궁한의원,한의원,,197465.223921125,452366.613899898,2026-04-22 22:30:27,I,13,영업중,75,1,0,2018-07-16 13:26:50,,2005-03-10,110-872,서울특별시 종로구 내수동 72번지 경희궁의아침3단지 상가 145~149호,301 304 307 302 305 308 303 306,"한방내과, 한방부인과, 한방소아과, 한방안·이비인후·피부과, 한방신경정신과, 한방재활의학과, 사상체질과, 침구과",한의원,PHMA120053000034041100013,3000000,"서울특별시 종로구 사직로8길 34, 145호 (내수동, 경희궁의 아침3단지)",03174,01,영업/정상,0,,,02-735-6611
뉴수도정형외과의원,의원,,201341.677424554,452471.587514595,2026-04-22 22:30:27,I,13,영업중,573,1,7,2024-09-06 01:43:24,,2005-04-16,,,101 104 105 106 109 114 115 120,"내과, 외과, 정형외과, 신경외과, 마취통증의학과, 피부과, 비뇨의학과, 재활의학과",의원,PHMA120053000034041100016,3000000,"서울특별시 종로구 지봉로 50, 3~5층 (숭인동)",03113,01,영업/정상,24,,,02-741-2277
사과나무치과의원,치과의원,,201282.378349367,452249.643664396,2026-04-22 22:30:27,I,13,영업중,255.09,5,0,2025-11-20 21:43:24,,2005-04-30,,,412 411 409 408 407 406 405 403 402,"구강악안면외과, 치과보철과, 소아치과, 치주과, 치과보존과, 구강내과, 영상치의학과, 예방치과, 통합치의학과",치과의원,PHMA120053000034041100017,3000000,"서울특별시 종로구 지봉로 29, 4층 (창신동, 금호팔래스빌딩)",03121,01,영업/정상,0,,,02-762-4080
나온치과의원,치과의원,,200289.509574092,452120.645782129,2026-04-22 22:30:27,I,13,영업중,140.08,1,0,2025-06-27 17:04:34,,2005-05-09,,,412,통합치의학과,치과의원,PHMA120053000034041100018,3000000,서울특별시 종로구 종로35길 4 (종로5가),03126,01,영업/정상,0,,,02-747-7522
행복한한의원,한의원,,197620.261953749,452640.025589865,2026-04-22 22:30:27,I,15,전출,124.92,3,0,2022-02-25 13:51:01,,2005-05-26,,서울특별시 종로구 적선동 11번지 통일빌딩 304호,301 304 307 302 305 308 303 306,"한방내과, 한방부인과, 한방소아과, 한방안·이비인후·피부과, 한방신경정신과, 한방재활의학과, 사상체질과, 침구과",한의원,PHMA120053000034041100019,3000000,서울특별시 종로구 사직로 137 (적선동),03044,05,제외/삭제/전출,0,,,02-739-8393
큰나무정형외과의원,의원,,197538.542807564,452679.892786314,2026-04-22 22:30:27,I,13,영업중,233.53,1,0,2022-11-01 17:24:02,,2005-06-30,110-052,서울특별시 종로구 적선동 100번지 1호 경복빌딩 3층,105,정형외과,의원,PHMA120053000034041100021,3000000,"서울특별시 종로구 자하문로2길 4, 3층 (적선동, 경복빌딩)",03044,01,영업/정상,0,,,02-733-0052
메이플치과의원,치과의원,,198594.308614563,452255.899868234,2026-04-22 22:30:27,I,13,영업중,129.8,1,0,2024-12-06 01:43:25,,2005-07-15,,서울특별시 종로구 관훈동 198-1 홍익빌딩,402 403 405 406 407 408,"구강악안면외과, 치과보철과, 소아치과, 치주과, 치과보존과, 구강내과",치과의원,PHMA120053000034041100024,3000000,"서울특별시 종로구 인사동5길 26, 홍익빌딩 4층 (관훈동)",03149,01,영업/정상,0,,,02-733-7528
서울리더스치과의원,치과의원,,197538.542807564,452679.892786314,2026-04-22 22:30:27,I,13,영업중,113.2,1,0,2024-08-09 09:14:23,,2005-07-25,,,402 403 405 406 407 408 409 410 411 412,"구강악안면외과, 치과보철과, 소아치과, 치주과, 치과보존과, 구강내과, 영상치의학과, 구강병리과, 예방치과, 통합치의학과",치과의원,PHMA120053000034041100025,3000000,"서울특별시 종로구 자하문로2길 4 (적선동,경복빌딩 2층)",03044,01,영업/정상,0,,,02-732-2275
한빛내과의원,의원,,197348.44253811,452671.549044338,2026-04-22 22:30:27,I,13,영업중,145.5,1,0,2026-01-08 20:13:22,,2005-08-02,110-053,서울특별시 종로구 내자동 26번지 한빛빌딩 3층,101 111 109,"내과, 마취통증의학과, 소아청소년과",의원,PHMA120053000034041100026,3000000,"서울특별시 종로구 사직로 107, 3층 (내자동, 한빛빌딩)",03041,01,영업/정상,0,,,02-725-4833
권안과의원,의원,,201223.533789596,452304.752922139,2026-04-22 22:30:27,I,13,영업중,247.34,1,0,2022-10-27 20:43:20,,2005-12-29,,,112,안과,의원,PHMA120053000034041100031,3000000,"서울특별시 종로구 종로 335-1, 4,5층 (창신동, 명제빌딩)",03104,01,영업/정상,0,,,02-763-4368
신영연세의원,의원,,196965.164175084,455959.269196762,2026-04-22 22:30:27,I,13,영업중,105.39,1,0,2017-09-05 18:39:19,,2006-01-02,,서울특별시 종로구 평창동 331번지 2층,112 101 122 111 105 113 114 115,"내과, 정형외과, 소아청소년과, 안과, 이비인후과, 피부과, 비뇨의학과, 가정의학과",의원,PHMA120063000034041100001,3000000,서울특별시 종로구 평창11길 3 (평창동),03008,01,영업/정상,0,,,02-379-6713
들꽃한의원,한의원,,200839.314319615,452369.462633178,2026-04-22 22:30:27,I,13,영업중,98.21,1,0,2022-04-18 18:00:10,,2006-01-02,110-855,서울특별시 종로구 창신동 651번지 4호 2층,301 302 303 304 305 306 307 308,"한방내과, 한방부인과, 한방소아과, 한방안·이비인후·피부과, 한방신경정신과, 한방재활의학과, 사상체질과, 침구과",한의원,PHMA120063000034041100002,3000000,"서울특별시 종로구 창신4길 5, 2층 (창신동)",03101,01,영업/정상,0,,,02-742-1075
시중한의원,한의원,,197462.012062658,452761.50288173,2026-04-22 22:30:27,I,13,영업중,36.74,2,0,2024-11-22 00:13:28,,2006-01-11,,,301 302 303 304 305 306 307 308,"한방내과, 한방부인과, 한방소아과, 한방안·이비인후·피부과, 한방신경정신과, 한방재활의학과, 사상체질과, 침구과",한의원,PHMA120063000034041100005,3000000,"서울특별시 종로구 자하문로 11-1, 2층 (체부동)",03041,01,영업/정상,0,,,02-736-3654
입안에행복치과의원,치과의원,,,,2026-04-22 22:30:27,I,13,영업중,215.55,2,0,2025-05-26 13:56:40,,2006-03-10,,,402 403 404 405 406 407 408 409 411 412,"구강악안면외과, 치과보철과, 치과교정과, 소아치과, 치주과, 치과보존과, 구강내과, 영상치의학과, 예방치과, 통합치의학과",치과의원,PHMA120063000034041100008,3000000,"서울특별시 종로구 율곡로 286, 야드인빌딩 4층 401호 (종로6가)",03124,01,영업/정상,0,,,02-745-5138
이편한치과의원,치과의원,,200426.102897113,452114.581580848,2026-04-22 22:30:27,I,13,영업중,85,3,0,2025-05-27 13:12:07,,2006-03-15,,,403 404 405 406 407 408 410 411,"치과보철과, 치과교정과, 소아치과, 치주과, 치과보존과, 구강내과, 구강병리과, 예방치과",치과의원,PHMA120063000034041100010,3000000,"서울특별시 종로구 종로 249-1, 순흥한의원 2층 (종로5가)",03126,01,영업/정상,0,,,02-741-8887
이강한의원,한의원,,198863.14636817,452389.307405288,2026-04-22 22:30:27,I,13,영업중,92.1,1,0,2024-10-07 15:03:29,,2006-03-30,,,301 302 303 304 305 306 307 308,"한방내과, 한방부인과, 한방소아과, 한방안·이비인후·피부과, 한방신경정신과, 한방재활의학과, 사상체질과, 침구과",한의원,PHMA120063000034041100012,3000000,"서울특별시 종로구 삼일대로 438, 202호 (낙원동, 종로빌딩)",03132,01,영업/정상,0,,,02-722-7889
닥터포유의원,의원,,198653.41747785,451836.488124374,2026-04-22 22:30:27,I,13,영업중,142.67,1,0,2017-09-05 18:39:19,,2006-04-12,110-111,서울특별시 종로구 관철동 32번지 7호 계원빌딩 401호,122 114,"피부과, 가정의학과",의원,PHMA120063000034041100017,3000000,"서울특별시 종로구 청계천로 71, 401호 (관철동,계원빌딩)",03189,01,영업/정상,0,,,02-733-7582
종로정형외과의원,의원,,198150.300374121,452019.212642931,2026-04-22 22:30:35,I,13,영업중,380.99,1,8,2025-06-20 03:13:24,,2015-05-14,,"서울특별시 종로구 종로1가 24 르메이에르종로타운1 2층 203-1~2, 222~224호",105 106 120 109,"정형외과, 신경외과, 마취통증의학과, 재활의학과",의원,PHMA120153000034041100012,3000000,"서울특별시 종로구 종로 19, 르메이에르종로타운1 2층 203-1~2, 222~224호 (종로1가)",03157,01,영업/정상,8,,,02-2088-7975
로앤산부인과의원,의원,,198696.792161159,451962.68240104,2026-04-22 22:30:35,I,13,영업중,318.5,3,0,2026-03-27 01:43:26,,2015-06-16,,,110 114 122,"산부인과, 피부과, 가정의학과",의원,PHMA120153000034041100016,3000000,"서울특별시 종로구 종로 78, 4층 (종로2가, 미려빌딩)",03190,01,영업/정상,0,,,02-722-1001
바르다유한의원,한의원,,198205.621520751,452254.217603167,2026-04-22 22:30:35,I,15,전출,188,1,0,2020-11-02 14:48:12,,2015-07-13,110-140,서울특별시 종로구 수송동 68번지 1호 호수빌딩 7층,301 304 307 305 302 308 309 303 306,"한방내과, 한방부인과, 한방소아과, 한방안·이비인후·피부과, 한방신경정신과, 한방재활의학과, 사상체질과, 침구과, 한방응급과",한의원,PHMA120153000034041100018,3000000,"서울특별시 종로구 삼봉로 57, 7층 (수송동, 호수빌딩)",03151,05,제외/삭제/전출,0,,,02-736-7582
이지스로앤산부인과의원,의원,,197573.030749573,452175.335781858,2026-04-22 22:30:35,I,15,전출,435.89,2,4,2017-03-09 16:46:46,,2015-09-11,,,110,산부인과,의원,PHMA120153000034041100020,3000000,"서울특별시 종로구 세종대로23길 54, 10층 10-2호 (당주동, 세종빌딩)",03173,05,제외/삭제/전출,9,,,02-542-0100
빛울림한의원,한의원,,198150.300374121,452019.212642931,2026-04-22 22:30:35,I,13,영업중,126.35,1,0,2023-05-05 03:43:23,,2015-11-25,,서울특별시 종로구 종로1가 24번지 르메이에르종로타운,309 308 307 306 305 304 303 302 301,"한방내과, 한방부인과, 한방소아과, 한방안·이비인후·피부과, 한방신경정신과, 한방재활의학과, 사상체질과, 침구과, 한방응급과",한의원,PHMA120153000034041100025,3000000,"서울특별시 종로구 종로 19, 201-3, 201-4, 비115비-1-호 (종로1가)",03157,01,영업/정상,0,,,02-732-8875
혜원당한의원,한의원,,200529.955216271,452214.275417762,2026-04-22 22:30:35,I,13,영업중,86,1,0,2020-09-16 12:57:09,,2015-12-07,,,308 304 302 301,"한방내과, 한방부인과, 한방안·이비인후·피부과, 침구과",한의원,PHMA120153000034041100026,3000000,"서울특별시 종로구 종로41길 20, 2층 (종로6가)",03124,01,영업/정상,0,,,02-744-3323
이플러스치과의원,치과의원,,197573.030749573,452175.335781858,2026-04-22 22:30:35,I,13,영업중,212.92,1,0,2025-01-16 22:13:27,,2016-01-04,,,402 403 404 405 406 407 408 409 411 412,"구강악안면외과, 치과보철과, 치과교정과, 소아치과, 치주과, 치과보존과, 구강내과, 영상치의학과, 예방치과, 통합치의학과",치과의원,PHMA120163000034041100001,3000000,"서울특별시 종로구 세종대로23길 54, 세종빌딩, 세종아파트 7층 (당주동)",03173,01,영업/정상,0,,,02-722-5750
바이오인프라의원,의원,,199886.047854765,452569.474718211,2026-04-22 22:30:35,I,13,영업중,222.42,2,0,2024-08-07 16:33:24,,2016-03-11,,서울특별시 종로구 연지동 1-1 여전도회관,122 119,"진단검사의학과, 가정의학과",의원,PHMA120163000034041100013,3000000,"서울특별시 종로구 율곡로 190, 여전도회관 11층 1109호 (연지동)",03127,01,영업/정상,0,,,02-6012-0333
평생주치의 딱 좋은 치과의원,치과의원,,197056.75935224,451658.76871749,2026-04-22 22:30:35,I,13,영업중,172.03,1,0,2021-03-12 06:43:19,,2016-03-17,,서울특별시 종로구 평동 169번지,411 410 409 408 407 406 405 404 403 402,"구강악안면외과, 치과보철과, 치과교정과, 소아치과, 치주과, 치과보존과, 구강내과, 영상치의학과, 구강병리과, 예방치과",치과의원,PHMA120163000034041100015,3000000,"서울특별시 종로구 새문안로 15-1, 4층 (평동)",03181,01,영업/정상,0,,,02-735-2804
동묘대찬치과의원,치과의원,,201295.197344796,452425.608757447,2026-04-22 22:30:36,I,13,영업중,198.34,1,0,2020-06-02 10:44:47,,2016-03-18,,,407 406 405 403,"치과보철과, 소아치과, 치주과, 치과보존과",치과의원,PHMA120163000034041100016,3000000,"서울특별시 종로구 지봉로 43-0, 3층 (숭인동)",03108,01,영업/정상,0,,,02-743-2834
예림이비인후과의원,의원,,198286.311784052,452091.444332546,2026-04-22 22:30:33,I,13,영업중,65.19,1,0,2024-08-29 21:43:22,,2014-02-06,110-130,서울특별시 종로구 청진동 119번지 1호,113,이비인후과,의원,PHMA120143000034041100004,3000000,"서울특별시 종로구 종로 33, 301호,302호 (청진동, 그랑서울타워1)",03159,01,영업/정상,0,,,02-2158-7979
경희봄한의원,한의원,,198545.22241783,451854.820889784,2026-04-22 22:30:35,I,13,영업중,122.1,1,0,2019-05-17 02:13:25,,2016-02-22,,서울특별시 종로구 관철동 43번지 8호,309 308 307 306 305 304 303 302 301,"한방내과, 한방부인과, 한방소아과, 한방안·이비인후·피부과, 한방신경정신과, 한방재활의학과, 사상체질과, 침구과, 한방응급과",한의원,PHMA120163000034041100010,3000000,"서울특별시 종로구 청계천로 61, 5층 (관철동)",03189,01,영업/정상,0,,,02-3443-5875
아름턱한의원,한의원,,200114.951195492,453421.325549781,2026-04-22 22:30:35,I,13,영업중,110,1,0,2023-01-04 10:59:31,,2016-02-29,,,301 302 303 304 305 306 307 308 309,"한방내과, 한방부인과, 한방소아과, 한방안·이비인후·피부과, 한방신경정신과, 한방재활의학과, 사상체질과, 침구과, 한방응급과",한의원,PHMA120163000034041100011,3000000,"서울특별시 종로구 대학로 132, 5층 (동숭동, 형원빌딩)",03086,01,영업/정상,0,,,02-953-6551
연세아인의원,의원,,198532.253625035,451961.036941895,2026-04-22 22:30:34,I,13,영업중,205.97,1,0,2024-02-02 14:00:18,,2014-02-19,,서울특별시 종로구 종로2가 102-3,114,피부과,의원,PHMA120143000034041100005,3000000,"서울특별시 종로구 종로 60-1, 3층 (종로2가)",03189,01,영업/정상,0,,,02-723-9889
사단법인 국제굿피플나눔본부 반석샘물치과의원,치과의원,,200259.754525539,452113.150872578,2026-04-22 22:30:35,I,13,영업중,203.24,1,0,2026-03-19 22:13:28,,2016-01-22,,,411 410 409 408 407 406 405 404 403 402,"구강악안면외과, 치과보철과, 치과교정과, 소아치과, 치주과, 치과보존과, 구강내과, 영상치의학과, 구강병리과, 예방치과",치과의원,PHMA120163000034041100006,3000000,"서울특별시 종로구 종로 233-1, 3층 (종로5가, 신화빌딩)",03126,01,영업/정상,0,,,02-742-2828
화인마취통증의학과의원,의원,,197626.497681648,451938.484384565,2026-04-22 22:30:35,I,13,영업중,360.84,1,0,2025-01-10 05:13:23,,2016-01-20,,서울특별시 종로구 신문로1가 116번지 에스타워,105 106 109 120,"정형외과, 신경외과, 마취통증의학과, 재활의학과",의원,PHMA120163000034041100007,3000000,"서울특별시 종로구 새문안로 82, 에스타워 지하동 1층 (신문로1가)",03185,01,영업/정상,0,,,02-6245-2215
대학로메리힐산부인과의원,의원,,200123.437670579,453357.294678965,2026-04-22 22:30:34,I,13,영업중,122.69,1,0,2026-01-08 20:43:22,,2014-02-24,110-809,서울특별시 종로구 동숭동 1번지 31호,110,산부인과,의원,PHMA120143000034041100008,3000000,"서울특별시 종로구 대학로12길 4, 4층 (동숭동, 동덕빌딩 )",03086,01,영업/정상,0,,,02-744-4757
라미에르의원,의원,,198150.300374121,452019.212642931,2026-04-22 22:30:34,I,13,영업중,156,2,0,2024-02-11 23:43:26,,2014-03-11,,서울특별시 종로구 종로1가 24번지 르메이에르종로타운1,114,피부과,의원,PHMA120143000034041100009,3000000,"서울특별시 종로구 종로 19, 르메이에르종로타운1 204,205호 (종로1가)",03157,01,영업/정상,0,,,02-733-5775
동대문경로치과의원,치과의원,,201047.506702961,452179.50932328,2026-04-22 22:30:34,I,13,영업중,83.47,1,0,2024-08-13 16:42:41,,2014-04-15,,,402 403 406 407,"구강악안면외과, 치과보철과, 치주과, 치과보존과",치과의원,PHMA120143000034041100011,3000000,서울특별시 종로구 종로 314 (창신동),03120,01,영업/정상,0,,,02-3676-2828
종로강남한의원,한의원,,200452.553783171,452048.601289635,2026-04-22 22:30:34,I,13,영업중,59.5,1,0,2020-04-24 02:13:24,,2014-06-12,110-836,서울특별시 종로구 종로5가 267번지,301 304 307 308 305 302 303 306 309,"한방내과, 한방부인과, 한방소아과, 한방안·이비인후·피부과, 한방신경정신과, 한방재활의학과, 사상체질과, 침구과, 한방응급과",한의원,PHMA120143000034041100016,3000000,서울특별시 종로구 종로 252-3 (종로5가),03197,01,영업/정상,0,,,02-2263-5700
연세정신건강의학과의원,의원,,201238.696068454,452317.86559669,2026-04-22 22:30:34,I,13,영업중,158.27,2,0,2017-09-05 18:39:20,,2014-07-01,110-840,서울특별시 종로구 창신동 292번지 5층,103,정신건강의학과,의원,PHMA120143000034041100017,3000000,"서울특별시 종로구 종로 335, 5층 (창신동, 원풍빌딩)",03104,01,영업/정상,0,,,02-765-9441
오광한의원,한의원,,199933.543569824,453600.903598962,2026-04-22 22:30:34,I,13,영업중,133.65,1,0,2019-08-12 10:04:35,,2014-07-03,110-522,서울특별시 종로구 명륜2가 8번지 9호,301 304 307 308 305 302 303 306 309,"한방내과, 한방부인과, 한방소아과, 한방안·이비인후·피부과, 한방신경정신과, 한방재활의학과, 사상체질과, 침구과, 한방응급과",한의원,PHMA120143000034041100018,3000000,"서울특별시 종로구 성균관로4길 48, 2층 (명륜2가)",03075,01,영업/정상,0,,,02-764-7550
종로기대찬의원,의원,,198207.279003982,452082.344195698,2026-04-22 22:30:34,I,13,영업중,725.85,4,1,2026-03-27 01:43:26,,2014-10-13,110-130,서울특별시 종로구 청진동 136번지,106 109 105 120 101 122,"내과, 정형외과, 신경외과, 마취통증의학과, 재활의학과, 가정의학과",의원,PHMA120143000034041100024,3000000,"서울특별시 종로구 종로5길 13, 5층,8층 (청진동, 삼공빌딩)",03157,01,영업/정상,2,,,02-6391-2580
강화당한의원,한의원,,198521.961867342,452764.070141493,2026-04-22 22:30:34,I,13,영업중,59.41,1,0,2022-12-30 14:12:04,,2014-10-27,110-240,서울특별시 종로구 안국동 85번지,301 304 307 308 305 302 303 306 309,"한방내과, 한방부인과, 한방소아과, 한방안·이비인후·피부과, 한방신경정신과, 한방재활의학과, 사상체질과, 침구과, 한방응급과",한의원,PHMA120143000034041100025,3000000,"서울특별시 종로구 윤보선길 26, 2층 (안국동)",03060,01,영업/정상,0,,,02-722-0017
학아재의원,의원,,199083.437534141,452755.457393985,2026-04-22 22:30:34,I,15,전출,90,1,0,2019-10-07 08:26:34,,2014-11-07,110-360,서울특별시 종로구 와룡동 122번지 3층,101 114 122,"내과, 피부과, 가정의학과",의원,PHMA120143000034041100026,3000000,"서울특별시 종로구 돈화문로 98, 3층 (와룡동)",03134,05,제외/삭제/전출,0,,,02-515-7647
우주연한의원,한의원,,198722.886883833,453415.919478718,2026-04-22 22:30:34,I,13,영업중,132.19,1,0,2026-03-13 07:43:28,,2015-02-02,,,301 302 303 304 305 306 307 308 309,"한방내과, 한방부인과, 한방소아과, 한방안·이비인후·피부과, 한방신경정신과, 한방재활의학과, 사상체질과, 침구과, 한방응급과",한의원,PHMA120153000034041100003,3000000,"서울특별시 종로구 북촌로12길 41, 1층 (가회동)",03056,01,영업/정상,0,,,02-745-7511
런던치과의원,치과의원,,198082.271192221,452431.827349994,2026-04-22 22:30:34,I,13,영업중,73.16,1,0,2025-10-02 15:43:24,,2015-02-02,,,412,통합치의학과,치과의원,PHMA120153000034041100004,3000000,"서울특별시 종로구 종로5길 97, 2층 (수송동)",03152,01,영업/정상,0,,,02-732-1917
광화문참바른정형외과의원,의원,,198087.676780206,451911.201334206,2026-04-22 22:30:34,I,13,영업중,475.53,1,0,2025-01-17 00:43:29,,2015-02-05,,,122 120 114 113 109 106 105 102 101,"내과, 신경과, 정형외과, 신경외과, 마취통증의학과, 이비인후과, 피부과, 재활의학과, 가정의학과",의원,PHMA120153000034041100005,3000000,"서울특별시 종로구 무교로 39, 3,4,5,6층 (서린동)",03187,01,영업/정상,0,,,02-722-7582
세란통마취통증의학과의원,의원,,200127.51876762,452047.758449913,2026-04-22 22:30:35,I,13,영업중,113.88,1,0,2017-09-05 18:39:20,,2016-01-27,,,114 109 108 105,"정형외과, 성형외과, 마취통증의학과, 피부과",의원,PHMA120163000034041100008,3000000,"서울특별시 종로구 동호로 408, 2층 (종로5가, 흥일빌딩)",03196,01,영업/정상,0,,,02-2271-0075
연세리치과의원,치과의원,,196216.695084581,452495.361879798,2026-04-22 22:30:34,I,13,영업중,120,1,0,2025-11-21 00:43:34,,2015-02-17,,,412 411 409 408 407 406 405 403 402,"구강악안면외과, 치과보철과, 소아치과, 치주과, 치과보존과, 구강내과, 영상치의학과, 예방치과, 통합치의학과",치과의원,PHMA120153000034041100006,3000000,"서울특별시 종로구 통일로 250, 2층 (무악동)",03030,01,영업/정상,0,,,02-725-7528
서울플란트치과의원,치과의원,,199045.043602772,451939.677286976,2026-04-22 22:30:34,I,13,영업중,471.28,2,0,2024-09-02 16:23:29,,2015-03-05,,,402 403 404 406 407,"구강악안면외과, 치과보철과, 치과교정과, 치주과, 치과보존과",치과의원,PHMA120153000034041100008,3000000,"서울특별시 종로구 수표로 96, 14층 (관수동)",03192,01,영업/정상,0,,,02-3298-2875
서울비뇨기과의원,의원,,201284.618587826,452338.089023093,2026-04-22 22:30:35,I,13,영업중,264,1,0,2023-11-17 01:13:34,,2016-02-19,,서울특별시 종로구 창신동 266번지 1호,115 114,"피부과, 비뇨의학과",의원,PHMA120163000034041100009,3000000,"서울특별시 종로구 지봉로 37-1, 7층 (창신동)",03104,01,영업/정상,0,,,02-6932-8080
연세그랑스마일치주과치과의원,치과의원,,198200.215209555,452125.655627275,2026-04-22 22:30:35,I,13,영업중,173.09,1,0,2025-07-21 10:20:49,,2015-03-26,,,402 403 404 406 407 408 410 411,"구강악안면외과, 치과보철과, 치과교정과, 치주과, 치과보존과, 구강내과, 구강병리과, 예방치과",치과의원,PHMA120153000034041100010,3000000,"서울특별시 종로구 종로3길 24-20, 3층 (청진동)",03156,01,영업/정상,0,,,02-6218-2822
정재원더블유(W)산부인과의원,의원,,201359.53353905,452395.659064842,2026-04-22 22:30:35,I,13,영업중,74.93,1,0,2020-03-14 02:43:16,,2015-04-24,110-876,서울특별시 종로구 숭인동 76번지 202호,110,산부인과,의원,PHMA120153000034041100011,3000000,"서울특별시 종로구 종로 347, 202호 (숭인동)",03113,01,영업/정상,0,,,02-763-5838
연세솔이비인후과의원,의원,,201284.618587826,452338.089023093,2026-04-22 22:30:38,I,13,영업중,384.4,4,3,2026-01-16 01:13:37,,2018-05-10,,서울특별시 종로구 창신동 266번지 1호,113 111 101,"내과, 소아청소년과, 이비인후과",의원,PHMA120183000034041100010,3000000,"서울특별시 종로구 지봉로 37-1, 6층 (창신동)",03104,01,영업/정상,3,,,02-6952-0009
밤비의원,의원,,200859.564314933,452177.037254117,2026-04-22 22:30:38,I,13,영업중,196,1,0,2021-10-14 11:32:48,,2018-05-24,,서울특별시 종로구 창신동 562번지 하나저축은행,122 114 108 101,"내과, 성형외과, 피부과, 가정의학과",의원,PHMA120183000034041100011,3000000,"서울특별시 종로구 종로 293, 하나저축은행 2층 (창신동)",03106,01,영업/정상,0,,,02-741-2800
서울제이치과의원,치과의원,,200114.951195492,453421.325549781,2026-04-22 22:30:38,I,13,영업중,187,1,0,2019-01-25 01:13:16,,2018-07-04,,서울특별시 종로구 동숭동 1번지 35호 형원빌딩,411 410 409 408 407 406 405 404 403 402,"구강악안면외과, 치과보철과, 치과교정과, 소아치과, 치주과, 치과보존과, 구강내과, 영상치의학과, 구강병리과, 예방치과",치과의원,PHMA120183000034041100013,3000000,"서울특별시 종로구 대학로 132, 형원빌딩 4층 (동숭동)",03086,01,영업/정상,0,,,02-747-2275
박정형외과의원,의원,,201267.220553388,452320.257853717,2026-04-22 22:30:38,I,13,영업중,175.03,1,0,2025-04-04 01:13:28,,2018-07-30,,서울특별시 종로구 창신동 290번지,122 109 106 105,"정형외과, 신경외과, 마취통증의학과, 가정의학과",의원,PHMA120183000034041100014,3000000,"서울특별시 종로구 종로 339, 3층 (창신동)",03104,01,영업/정상,0,,,02-763-3300
서울락비뇨기과의원,의원,,198150.300374121,452019.212642931,2026-04-22 22:30:38,I,13,영업중,78.23,1,0,2018-12-20 21:43:15,,2018-07-30,,서울특별시 종로구 종로1가 24번지 르메이에르종로타운,115 114,"피부과, 비뇨의학과",의원,PHMA120183000034041100015,3000000,"서울특별시 종로구 종로 19, 르메이에르종로타운 325호 (종로1가)",03157,01,영업/정상,0,,,02-734-7776
시원마취통증의학과 의원,의원,,201350.473375538,452279.7442603,2026-04-22 22:30:36,I,13,영업중,228,1,0,2025-01-10 07:13:23,,2016-03-29,,,109,마취통증의학과,의원,PHMA120163000034041100019,3000000,"서울특별시 종로구 종로 344 (숭인동, 대우디오빌)",03114,01,영업/정상,0,,,02-3474-7588
종로밀레니엄치과의원,치과의원,,198696.792161159,451962.68240104,2026-04-22 22:30:36,I,13,영업중,292,2,0,2022-04-22 19:43:21,,2016-03-31,,서울특별시 종로구 종로2가 75번지 9호 6층,411 410 409 408 407 406 405 404 403 402,"구강악안면외과, 치과보철과, 치과교정과, 소아치과, 치주과, 치과보존과, 구강내과, 영상치의학과, 구강병리과, 예방치과",치과의원,PHMA120163000034041100020,3000000,"서울특별시 종로구 종로 78, 6층 (종로2가, 미려빌딩)",03190,01,영업/정상,0,,,02-732-2875
서울더나은치과의원,치과의원,,196092.743907822,456198.595931715,2026-04-22 22:30:36,I,13,영업중,94.08,1,0,2019-03-29 00:43:27,,2016-04-07,,서울특별시 종로구 구기동 110번지 1호,411 410 409 408 407 406 405 404 403 402,"구강악안면외과, 치과보철과, 치과교정과, 소아치과, 치주과, 치과보존과, 구강내과, 영상치의학과, 구강병리과, 예방치과",치과의원,PHMA120163000034041100021,3000000,"서울특별시 종로구 진흥로 432, 1층 (구기동, 요진오피스텔쉐레이)",03012,01,영업/정상,0,,,02-391-2870
삼성바른내과의원,의원,,201284.618587826,452338.089023093,2026-04-22 22:30:36,I,13,영업중,231.4,3,0,2025-01-16 20:43:23,,2016-04-12,,,101,내과,의원,PHMA120163000034041100023,3000000,"서울특별시 종로구 지봉로 37-1, 2층 (창신동)",03104,01,영업/정상,0,,,02-744-2479
연세베스트안과의원,의원,,201284.618587826,452338.089023093,2026-04-22 22:30:36,I,13,영업중,241.9,1,0,2020-03-20 00:13:20,,2016-05-02,,서울특별시 종로구 창신동 266번지 1호,112,안과,의원,PHMA120163000034041100024,3000000,"서울특별시 종로구 지봉로 37-1, 5층 (창신동, JS TOWER )",03104,01,영업/정상,0,,,
미유치과의원,치과의원,,,,2026-04-22 22:30:36,I,13,영업중,68.08,1,0,2025-09-19 09:43:22,,2017-03-20,,,411 410 409 408 407 406 405 404 403 402,"구강악안면외과, 치과보철과, 치과교정과, 소아치과, 치주과, 치과보존과, 구강내과, 영상치의학과, 구강병리과, 예방치과",치과의원,PHMA120173000034041100005,3000000,"서울특별시 종로구 통일로 168-1, 202동 2220호 (교남동, 경희궁자이아파트 상가)",03181,01,영업/정상,0,,,02-737-2875
화이팅마취통증의학과의원,의원,,198150.300374121,452019.212642931,2026-04-22 22:30:36,I,13,영업중,287.28,4,0,2025-09-19 09:43:22,,2017-03-28,,서울특별시 종로구 종로1가 24번지,120 109 106 105,"정형외과, 신경외과, 마취통증의학과, 재활의학과",의원,PHMA120173000034041100006,3000000,"서울특별시 종로구 종로 19 (종로1가, 르메이에르종로타운)",03157,01,영업/정상,0,,,02-2138-7988
신세계치과의원,치과의원,,196711.256846666,452060.860508565,2026-04-22 22:30:36,I,13,영업중,66.3,1,0,2019-04-12 01:43:24,,2017-04-05,,,411 410 409 408 407 406 405 404 403 402,"구강악안면외과, 치과보철과, 치과교정과, 소아치과, 치주과, 치과보존과, 구강내과, 영상치의학과, 구강병리과, 예방치과",치과의원,PHMA120173000034041100009,3000000,"서울특별시 종로구 송월길 99,  상가동 2층 2216호 (교북동, 경희궁자이아파트)",03165,01,영업/정상,0,,,02-733-7428
경복궁 경희 한의원,한의원,,197538.542807564,452679.892786314,2026-04-22 22:30:36,I,13,영업중,240.54,4,0,2026-01-22 21:43:26,,2017-04-19,,,301 302 303 304 305 306 307 308,"한방내과, 한방부인과, 한방소아과, 한방안·이비인후·피부과, 한방신경정신과, 한방재활의학과, 사상체질과, 침구과",한의원,PHMA120173000034041100010,3000000,"서울특별시 종로구 자하문로2길 4, 경복빌딩 401, 402호 (적선동)",03044,01,영업/정상,0,,,02-738-1075
흥인경희한의원,한의원,,201032.212249687,452228.015852926,2026-04-22 22:30:36,I,13,영업중,144,1,0,2023-01-09 15:19:23,,2017-04-24,,,301 302 303 304 305 306 307 308,"한방내과, 한방부인과, 한방소아과, 한방안·이비인후·피부과, 한방신경정신과, 한방재활의학과, 사상체질과, 침구과",한의원,PHMA120173000034041100011,3000000,"서울특별시 종로구 종로 313 (창신동, 그린약국)",03105,01,영업/정상,0,,,02-743-7114
경희박현준한의원,한의원,,196711.256846666,452060.860508565,2026-04-22 22:30:37,I,13,영업중,68.63,1,0,2026-03-20 12:59:49,,2017-04-27,,,301 302 303 306 308,"한방내과, 한방부인과, 한방소아과, 한방재활의학과, 침구과",한의원,PHMA120173000034041100012,3000000,"서울특별시 종로구 송월길 99, 2215호 (홍파동, 경희궁자이 2단지)",03165,01,영업/정상,0,,,02-720-1075
삼성튼튼소아청소년과의원,의원,,196711.256846666,452060.860508565,2026-04-22 22:30:37,I,13,영업중,82.5,2,0,2026-02-27 04:13:24,,2017-05-02,,,114 113 111 101,"내과, 소아청소년과, 이비인후과, 피부과",의원,PHMA120173000034041100013,3000000,"서울특별시 종로구 송월길 99, 2217호호 (홍파동, 경희궁자이)",03165,01,영업/정상,0,,,02-737-7585
알파스한의원,한의원,,201143.390545666,452274.980477498,2026-04-22 22:30:37,I,13,영업중,100.5,1,0,2024-10-22 10:25:36,,2017-05-08,,,308 307 306 305 304 303 302 301,"한방내과, 한방부인과, 한방소아과, 한방안·이비인후·피부과, 한방신경정신과, 한방재활의학과, 사상체질과, 침구과",한의원,PHMA120173000034041100014,3000000,"서울특별시 종로구 종로 325, 3층 (창신동, 글라스타워)",03104,01,영업/정상,0,,,02-747-1075
서울청춘치과의원,치과의원,,200177.295367099,453309.566117005,2026-04-22 22:30:37,I,13,영업중,137.06,1,0,2023-02-17 01:43:25,,2017-05-04,,,408,구강내과,치과의원,PHMA120173000034041100015,3000000,"서울특별시 종로구 대학로10길 15-7, 2 층 (동숭동)",03086,01,영업/정상,0,,,02-766-5975
다나한의원,한의원,,200508.296314377,452171.567159871,2026-04-22 22:30:37,I,13,영업중,98.33,2,0,2026-01-23 13:56:30,,2017-05-15,,,301 302 303 304 305 306 307 308,"한방내과, 한방부인과, 한방소아과, 한방안·이비인후·피부과, 한방신경정신과, 한방재활의학과, 사상체질과, 침구과",한의원,PHMA120173000034041100016,3000000,"서울특별시 종로구 종로41길 13 (종로6가, 수상빌딩)",03125,01,영업/정상,0,,,02-745-8575
연세광화문정신건강의학과의원,의원,,197700.034013631,452022.503467072,2026-04-22 22:30:37,I,13,영업중,136,1,0,2025-12-25 20:43:21,,2017-05-29,,서울특별시 종로구 신문로1가 24 광화문 고려빌딩,103,정신건강의학과,의원,PHMA120173000034041100019,3000000,"서울특별시 종로구 새문안로 91, 광화문 고려빌딩 3층 (신문로1가)",03182,01,영업/정상,0,,,02-735-0602
연세정인치과의원,치과의원,,197713.264843734,451938.037703258,2026-04-22 22:30:36,I,13,영업중,237.41,4,0,2026-03-13 04:43:33,,2016-05-11,,서울특별시 종로구 신문로1가 163 광화문오피시아빌딩 102호,411 410 409 408 407 406 405 404 403 402,"구강악안면외과, 치과보철과, 치과교정과, 소아치과, 치주과, 치과보존과, 구강내과, 영상치의학과, 구강병리과, 예방치과",치과의원,PHMA120163000034041100025,3000000,"서울특별시 종로구 새문안로 92, 광화문오피시아빌딩 102호 (신문로1가)",03186,01,영업/정상,0,,,02-722-2080
사)한국뇌전증협회우리의원,의원,,196614.878936843,455108.286785524,2026-04-22 22:30:36,I,15,전출,81.3,1,0,2018-06-12 13:11:37,,2016-05-20,,서울특별시 종로구 부암동 177번지 1호,103 102,"신경과, 정신건강의학과",의원,PHMA120163000034041100026,3000000,"서울특별시 종로구 자하문로 276, 302,303호 (부암동, 부원빌딩)",03017,05,제외/삭제/전출,0,,,02-394-2325
동대문미소치과의원,치과의원,,200859.564314933,452177.037254117,2026-04-22 22:30:36,I,13,영업중,231.35,2,0,2023-01-20 01:13:28,,2016-04-21,,,408 407 406 405 404 403,"치과보철과, 치과교정과, 소아치과, 치주과, 치과보존과, 구강내과",치과의원,PHMA120163000034041100027,3000000,"서울특별시 종로구 종로 293, 3층 (창신동)",03106,01,영업/정상,0,,,02-722-2875
고려다온정형외과의원,의원,,200859.564314933,452177.037254117,2026-04-22 22:30:36,I,13,영업중,275.14,1,0,2025-06-13 04:13:24,,2016-06-15,,,120 109 106 105 101,"내과, 정형외과, 신경외과, 마취통증의학과, 재활의학과",의원,PHMA120163000034041100028,3000000,"서울특별시 종로구 종로 293, 4층 (창신동, 하나저축은행)",03106,01,영업/정상,0,,,02-742-3500
창신경희한의원,한의원,,200830.570275099,452174.480627819,2026-04-22 22:30:36,I,13,영업중,109,1,0,2024-06-21 16:12:03,,2016-07-01,,,301 302 303 304 305 306 307 308,"한방내과, 한방부인과, 한방소아과, 한방안·이비인후·피부과, 한방신경정신과, 한방재활의학과, 사상체질과, 침구과",한의원,PHMA120163000034041100029,3000000,"서울특별시 종로구 창신길 1, 2층 (창신동, 영화빌딩)",03101,01,영업/정상,0,,,02-762-1075
단침한의원,한의원,,197680.780080175,452016.543891352,2026-04-22 22:30:36,I,13,영업중,99.97,1,0,2024-04-25 14:24:45,,2016-06-29,,,301 302 303 304 305 306 307 308 309,"한방내과, 한방부인과, 한방소아과, 한방안·이비인후·피부과, 한방신경정신과, 한방재활의학과, 사상체질과, 침구과, 한방응급과",한의원,PHMA120163000034041100032,3000000,"서울특별시 종로구 새문안로 89, 4층 401호 (신문로1가, 정우빌딩)",03182,01,영업/정상,0,,,02-722-6785
튼튼내과의원,의원,,200859.564314933,452177.037254117,2026-04-22 22:30:36,I,13,영업중,188.2,1,0,2023-09-22 01:13:35,,2016-07-13,,서울특별시 종로구 창신동 562번지,101,내과,의원,PHMA120163000034041100033,3000000,"서울특별시 종로구 종로 293, 5층 (창신동, 하나저축은행)",03106,01,영업/정상,0,,,02-3675-7582
혜담한의원,한의원,,199938.394948321,453805.179643767,2026-04-22 22:30:36,I,13,영업중,62.8,1,0,2026-03-25 11:39:56,,2016-09-05,,서울특별시 종로구 명륜1가 46-9 2층,301 302 303 304 305 306 307 308,"한방내과, 한방부인과, 한방소아과, 한방안·이비인후·피부과, 한방신경정신과, 한방재활의학과, 사상체질과, 침구과",한의원,PHMA120163000034041100036,3000000,"서울특별시 종로구 혜화로 11, 2층 (명륜1가)",03068,01,영업/정상,0,,,02-747-1250
더스퀘어치과의원,치과의원,,198068.926781947,452087.030190231,2026-04-22 22:30:37,I,13,영업중,367,4,0,2026-02-06 04:43:28,,2017-10-20,,"서울특별시 종로구 청진동 246번지 D타워 B101,호",412 411 410 409 408 407 406 405 404 403 402,"구강악안면외과, 치과보철과, 치과교정과, 소아치과, 치주과, 치과보존과, 구강내과, 영상치의학과, 구강병리과, 예방치과, 통합치의학과",치과의원,PHMA120173000034041100033,3000000,"서울특별시 종로구 종로3길 17, B101,B204호 (청진동, D타워)",03155,01,영업/정상,0,,,02-723-6000
경희궁삼성정신건강의학과의원,의원,,196711.256846666,452060.860508565,2026-04-22 22:30:37,I,13,영업중,73.79,1,0,2020-03-13 04:13:21,,2017-11-03,,서울특별시 종로구 홍파동 42번지 13호 경희궁자이 2단지,103 102,"신경과, 정신건강의학과",의원,PHMA120173000034041100034,3000000,"서울특별시 종로구 송월길 99, 2207호 (홍파동, 경희궁자이 2단지)",03165,01,영업/정상,0,,,02-737-5577
참다운내과의원,의원,,200542.258243379,452057.126859583,2026-04-22 22:30:37,I,13,영업중,261,1,0,2026-01-23 01:13:32,,2017-12-27,,서울특별시 종로구 종로6가 262번지 1호 동대문종합시장,122 115 114 113 112 111 110 105 103 102 101,"내과, 신경과, 정신건강의학과, 정형외과, 산부인과, 소아청소년과, 안과, 이비인후과, 피부과, 비뇨의학과, 가정의학과",의원,PHMA120173000034041100036,3000000,"서울특별시 종로구 종로 266, 동대문종합시장 A동  7층 703호 (종로6가)",03198,01,영업/정상,0,,,02-2272-9998
고불보서울한의원,한의원,,198150.300374121,452019.212642931,2026-04-22 22:30:37,I,15,전출,85.47,2,0,2026-03-05 09:32:03,,2018-01-03,,서울특별시 종로구 종로1가 24번지 르메이에르종로타운,304 303 302 301,"한방내과, 한방부인과, 한방소아과, 한방안·이비인후·피부과",한의원,PHMA120183000034041100001,3000000,"서울특별시 종로구 종로 19, 르메이에르종로타운 3층 310호 (종로1가)",03157,05,제외/삭제/전출,0,,,02-2075-7510
서울다혜의원,의원,,200363.217845298,452115.190202487,2026-04-22 22:30:37,I,13,영업중,151.88,1,0,2026-01-02 01:43:25,,2018-01-10,,서울특별시 종로구 종로5가 20-1 3층,113 111 101,"내과, 소아청소년과, 이비인후과",의원,PHMA120183000034041100003,3000000,"서울특별시 종로구 종로 243, 3층 (종로5가)",03126,01,영업/정상,0,,,02-2234-6286
트윙클의원,의원,,198207.279003982,452082.344195698,2026-04-22 22:30:37,I,13,영업중,180.27,1,0,2022-12-22 16:56:36,,2018-02-05,,,122 114 108,"성형외과, 피부과, 가정의학과",의원,PHMA120183000034041100004,3000000,"서울특별시 종로구 종로5길 13, 삼공빌딩 3층 (청진동)",03157,01,영업/정상,0,,,02-6931-7555
경희동행한의원,한의원,,196637.952805812,452163.832063735,2026-04-22 22:30:37,I,13,영업중,178.08,2,0,2022-12-29 16:17:17,,2018-04-09,,,301 302 303 304 305 306 307 308,"한방내과, 한방부인과, 한방소아과, 한방안·이비인후·피부과, 한방신경정신과, 한방재활의학과, 사상체질과, 침구과",한의원,PHMA120183000034041100006,3000000,"서울특별시 종로구 송월길 136, 2층 (행촌동)",03166,01,영업/정상,0,,,02-723-7582
안녕한의원,한의원,,198386.829870878,452237.303784872,2026-04-22 22:30:38,I,13,영업중,74.25,1,0,2025-02-27 17:18:55,,2018-05-10,,,301 302 303 304 305 306 307 308,"한방내과, 한방부인과, 한방소아과, 한방안·이비인후·피부과, 한방신경정신과, 한방재활의학과, 사상체질과, 침구과",한의원,PHMA120183000034041100009,3000000,"서울특별시 종로구 삼봉로 95, 종로1가 대성 스카이렉스 3층 (견지동)",03150,01,영업/정상,0,,,02-722-0525
연세마이덴치과의원,치과의원,,198207.279003982,452082.344195698,2026-04-22 22:30:37,I,13,영업중,216.12,3,0,2025-05-23 00:43:24,,2017-06-12,,서울특별시 종로구 청진동 136번지 삼공빌딩5층,411 410 409 408 407 406 405 404 403 402,"구강악안면외과, 치과보철과, 치과교정과, 소아치과, 치주과, 치과보존과, 구강내과, 영상치의학과, 구강병리과, 예방치과",치과의원,PHMA120173000034041100021,3000000,"서울특별시 종로구 종로5길 13, 5층 (청진동, 삼공빌딩)",03157,01,영업/정상,0,,,02-6263-2828
꽃길의원,의원,,200086.963334217,452113.183829343,2026-04-22 22:30:37,I,13,영업중,88.9,1,0,2024-04-19 01:13:26,,2017-06-19,,서울특별시 종로구 종로5가 85번지,122 115 114 113 101,"내과, 이비인후과, 피부과, 비뇨의학과, 가정의학과",의원,PHMA120173000034041100022,3000000,"서울특별시 종로구 대학로 1, 경인빌딩 201호 (종로5가)",03129,01,영업/정상,0,,,02-747-4230
코숨한의원,한의원,,197989.931061954,456763.878954987,2026-04-22 22:30:37,I,13,영업중,96.1,1,0,2025-06-19 10:49:38,,2017-06-19,,서울특별시 종로구 평창동 436-1,308 307 306 305 304 303 302 301,"한방내과, 한방부인과, 한방소아과, 한방안·이비인후·피부과, 한방신경정신과, 한방재활의학과, 사상체질과, 침구과",한의원,PHMA120173000034041100023,3000000,"서울특별시 종로구 평창길 330, 1층 (평창동)",03004,01,영업/정상,0,,,02-391-6030
공명한의원,한의원,,197433.728224877,452996.982975482,2026-04-22 22:30:37,I,13,영업중,59,1,0,2019-10-23 09:15:04,,2006-03-20,,,301 302 303 304 305 306 307 308 309,"한방내과, 한방부인과, 한방소아과, 한방안·이비인후·피부과, 한방신경정신과, 한방재활의학과, 사상체질과, 침구과, 한방응급과",한의원,PHMA120173000034041100024,3000000,서울특별시 종로구 자하문로 36 (통의동),03044,01,영업/정상,0,,,02-736-8875
달과궁한의원,한의원,,196711.256846666,452060.860508565,2026-04-22 22:30:37,I,13,영업중,67.6,1,0,2024-09-26 21:43:20,,2017-07-18,,서울특별시 종로구 홍파동 199 경희궁자이 2단지,301 302 303 304 305 306 307 308,"한방내과, 한방부인과, 한방소아과, 한방안·이비인후·피부과, 한방신경정신과, 한방재활의학과, 사상체질과, 침구과",한의원,PHMA120173000034041100025,3000000,"서울특별시 종로구 송월길 99, 2221호,2222호 (홍파동, 경희궁자이 2단지)",03165,01,영업/정상,0,,,02-725-1030
더프리티영의원,의원,,198130.982574569,451955.795979598,2026-04-22 22:30:37,I,15,전출,135.5,1,0,2022-08-24 17:38:55,,2017-07-26,,,122 114,"피부과, 가정의학과",의원,PHMA120173000034041100026,3000000,"서울특별시 종로구 종로 22, 10층 (서린동, 인주빌딩)",03188,05,제외/삭제/전출,0,,,02-3210-0300
연세종로신경외과의원,의원,,200133.776191654,452108.291497711,2026-04-22 22:30:37,I,13,영업중,323.96,2,0,2025-11-28 02:43:20,,2017-08-31,,,120 109 106 105 104 101,"내과, 외과, 정형외과, 신경외과, 마취통증의학과, 재활의학과",의원,PHMA120173000034041100027,3000000,서울특별시 종로구 종로 221 (종로5가),03126,01,영업/정상,0,,,02-747-7585
미소안과의원,의원,,199993.071594105,452126.28569377,2026-04-22 22:30:37,I,13,영업중,99.11,1,0,2022-04-29 06:13:23,,2017-08-30,,,122 115 114 112 108,"성형외과, 안과, 피부과, 비뇨의학과, 가정의학과",의원,PHMA120173000034041100028,3000000,"서울특별시 종로구 종로 207, 5층 (종로5가, 금원빌딩)",03129,01,영업/정상,0,,,02-333-3334
르미엘성형외과의원,의원,,199135.532973288,451976.436039296,2026-04-22 22:30:37,I,13,영업중,154.06,3,0,2025-11-13 20:56:47,,2017-09-13,,서울특별시 종로구 종로3가 119 동영타워,122 114 108,"성형외과, 피부과, 가정의학과",의원,PHMA120173000034041100029,3000000,"서울특별시 종로구 종로 120, 동영타워 3층 일부호 (종로3가)",03192,01,영업/정상,0,,,02-1800-8204
코코이비인후과의원,의원,,199982.481574081,452096.334234382,2026-04-22 22:30:37,I,13,영업중,118.8,5,0,2026-03-26 21:43:25,,2017-09-19,,,113 111 101,"내과, 소아청소년과, 이비인후과",의원,PHMA120173000034041100030,3000000,서울특별시 종로구 종로 205 (종로5가),03129,01,영업/정상,0,,,02-763-1333
흥인탑이비인후과의원,의원,,200830.570275099,452174.480627819,2026-04-22 22:30:36,I,13,영업중,95.76,1,1,2020-03-12 23:43:20,,2016-09-28,,서울특별시 종로구 창신동 693번지 3호,114 113 111 108 101,"내과, 성형외과, 소아청소년과, 이비인후과, 피부과",의원,PHMA120163000034041100037,3000000,"서울특별시 종로구 창신길 1, 3층 (창신동, 영화빌딩)",03101,01,영업/정상,1,,,02-741-7587
광화문경희한의원,한의원,,197806.301584651,452135.395386305,2026-04-22 22:30:36,I,13,영업중,79.34,1,0,2026-03-20 01:43:33,,2016-10-31,,,301 302 303 304 305 306 307 308,"한방내과, 한방부인과, 한방소아과, 한방안·이비인후·피부과, 한방신경정신과, 한방재활의학과, 사상체질과, 침구과",한의원,PHMA120163000034041100038,3000000,"서울특별시 종로구 세종대로23길 7, 3층 (세종로)",03183,01,영업/정상,0,,,02-737-1025
백보한의원,한의원,,200077.144414946,452023.159595412,2026-04-22 22:30:36,I,13,영업중,108.9,1,0,2026-02-23 11:48:47,,2016-11-08,,,301 302 303 304 305 306 307 308,"한방내과, 한방부인과, 한방소아과, 한방안·이비인후·피부과, 한방신경정신과, 한방재활의학과, 사상체질과, 침구과",한의원,PHMA120163000034041100040,3000000,"서울특별시 종로구 동호로 403, 3층 (종로5가)",03195,01,영업/정상,0,,,02-744-1667
참빛치과의원,치과의원,,198378.31599105,452549.83175845,2026-04-22 22:30:36,I,13,영업중,70.39,1,0,2019-03-08 01:43:17,,2017-01-02,,서울특별시 종로구 수송동 5번지,411 408 407 406 405 404 403 402,"구강악안면외과, 치과보철과, 치과교정과, 소아치과, 치주과, 치과보존과, 구강내과, 예방치과",치과의원,PHMA120173000034041100001,3000000,"서울특별시 종로구 우정국로 69, 5층 (수송동, 동일빌딩)",03144,01,영업/정상,0,,,02-722-2882
약뜸한의원,한의원,,198403.095837898,452374.398898323,2026-04-22 22:30:36,I,13,영업중,72.6,1,0,2025-09-08 11:50:07,,1994-02-04,,,302 303 304 305 306 307 308,"한방부인과, 한방소아과, 한방안·이비인후·피부과, 한방신경정신과, 한방재활의학과, 사상체질과, 침구과",한의원,PHMA120173000034041100002,3000000,"서울특별시 종로구 우정국로 51, 7층 (견지동, 선일빌딩)",03144,01,영업/정상,0,,,02-847-8075
김은의한의원,한의원,,201798.834918812,452637.556986205,2026-04-22 22:30:36,I,13,영업중,115.2,1,0,2026-03-20 01:43:27,,2017-03-20,,,301 302 303 304 305 306 307 308,"한방내과, 한방부인과, 한방소아과, 한방안·이비인후·피부과, 한방신경정신과, 한방재활의학과, 사상체질과, 침구과",한의원,PHMA120173000034041100004,3000000,"서울특별시 종로구 숭인동길 21, 상가 가동 201호 (숭인동, 종로청계힐스테이트)",03112,01,영업/정상,0,,,02-923-5165
박기홍한의원,한의원,2022-03-02,170938.652786429,433755.427480694,2026-04-22 22:31:50,I,03,폐업,0,1,0,2022-03-30 13:21:05,,1994-12-03,406-130,인천광역시 연수구 동춘동,301,한방내과,한의원,PHMA119943520019041100012,3520000,"인천광역시 연수구 앵고개로264번길 41, 2층 204호 (동춘동, 한양2차아파트상가)",21973,03,폐업,0,2021-10-25,2022-02-28,032-816-7001
김성호한의원,한의원,2018-01-25,171311.104751423,434589.058658802,2026-04-22 22:31:51,I,03,폐업,58.92,2,0,2018-01-25 11:46:22,,1995-01-09,406-112,연수동,301 302 303 305 308,"한방내과, 한방부인과, 한방소아과, 한방신경정신과, 침구과",한의원,PHMA119953520019041100001,3520000,"인천광역시 연수구 청능대로 109, 7층 (연수동)",21927,03,폐업,0,,,032-815-8878
한양소아청소년과의원,의원,2018-12-01,168702.004545971,432869.42060143,2026-04-22 22:31:51,I,03,폐업,90,1,0,2018-12-03 11:54:25,,1995-02-09,,인천광역시 연수구 송도동 21번지 4호,101 111 113,"내과, 소아청소년과, 이비인후과",의원,PHMA119953520019041100002,3520000,"인천광역시 연수구 신송로 165-14, 404호 (송도동, 더파라곤)",22002,03,폐업,0,,,032-812-6787
모아이비인후과의원,의원,2009-02-01,,,2026-04-22 22:31:52,I,03,폐업,56.8,1,0,2009-01-30 10:42:12,,1995-05-18,406-132,인천광역시 연수구 동춘2동 932 한양상가 207호,101 111 112 113 114 115,"내과, 소아청소년과, 안과, 이비인후과, 피부과, 비뇨의학과",의원,PHMA119953520019041100007,3520000,,,03,폐업,0,,,032-814-5030
월드치과의원,치과의원,2023-07-26,171580.562919476,434661.949316875,2026-04-22 22:31:52,I,03,폐업,108.38,1,0,2023-07-31 11:07:36,,1995-05-18,406-112,연수동,401,치과,치과의원,PHMA119953520019041100008,3520000,"인천광역시 연수구 샘말로 56, 2층 (연수동)",21929,03,폐업,0,,,032-817-6230
우성치과의원,치과의원,2011-10-24,,,2026-04-22 22:31:52,I,03,폐업,137.6,1,0,2011-10-24 13:44:12,,1995-06-19,406-112,인천광역시 연수구 연수2동 634 우성상가303호,401,치과,치과의원,PHMA119953520019041100011,3520000,,,03,폐업,0,,,032-817-5713
연수산부인과의원,의원,2018-05-01,171890.777956414,435853.736184092,2026-04-22 22:31:53,I,03,폐업,332.08,1,0,2018-05-01 16:24:18,,1996-01-30,406-111,인천광역시 연수구 연수1동 508-14,110 111,"산부인과, 소아청소년과",의원,PHMA119963520019041100002,3520000,인천광역시 연수구 비류대로 437 (연수동),21913,03,폐업,0,,,032-813-7400
메디우먼산부인과의원,의원,2019-12-01,171270.050551518,434664.092693547,2026-04-22 22:31:53,I,03,폐업,148.5,1,0,2020-11-19 09:21:49,,1996-04-13,406-112,연수동,110 122,"산부인과, 가정의학과",의원,PHMA119963520019041100005,3520000,"인천광역시 연수구 청능대로 103, 3층 (연수동, 비와이씨빌딩)",21927,03,폐업,0,,,032-819-9990
혜민한의원,한의원,2010-07-26,,,2026-04-22 22:31:56,I,03,폐업,116,1,0,2010-07-26 15:20:24,,1997-06-02,406-050,인천광역시 연수구 옥련동 462-136,301 302 303 304 305 308,"한방내과, 한방부인과, 한방소아과, 한방안·이비인후·피부과, 한방신경정신과, 침구과",한의원,PHMA119973520019041100007,3520000,,,03,폐업,0,,,032-833-4990
서울외과의원,의원,2014-06-05,168562.992236186,435886.551302529,2026-04-22 22:31:56,I,03,폐업,180.11,1,0,2014-06-05 16:35:28,,1998-01-12,406-050,인천광역시 연수구 옥련동 462-9 4층,104 105 114 115 122,"외과, 정형외과, 피부과, 비뇨의학과, 가정의학과",의원,PHMA119983520019041100001,3520000,인천광역시 연수구 독배로40번길 11 (옥련동),,03,폐업,0,,,032-834-7575
조은산부인과의원,의원,2015-07-15,172820.555,435743.465,2026-04-22 22:31:56,I,03,폐업,129.4,1,0,2015-07-15 14:24:57,,1998-03-05,406-090,인천광역시 연수구 선학동 368-1,110,산부인과,의원,PHMA119983520019041100003,3520000,인천광역시 연수구 학나래로5번길 51 (선학동),,03,폐업,0,,,032-813-0075
수석치과의원,치과의원,2011-05-24,,,2026-04-22 22:31:56,I,03,폐업,57.18,1,0,2011-05-24 13:55:40,,1998-03-09,406-090,인천광역시 연수구 선학동 352 뉴서울@상가,401,치과,치과의원,PHMA119983520019041100004,3520000,,,03,폐업,0,,,032-812-1741
송앤송산부인과,의원,2009-08-21,,,2026-04-22 22:31:56,I,03,폐업,315,1,0,2009-08-21 13:45:23,,1998-09-14,406-050,인천광역시 연수구 옥련동 194-4,110 115,"산부인과, 비뇨의학과",의원,PHMA119983520019041100009,3520000,,,03,폐업,4,,,032-834-1118
이안과의원,의원,2013-09-16,,,2026-04-22 22:31:57,I,03,폐업,73.48,1,0,2013-09-16 14:33:40,,1998-11-17,406-050,인천광역시 연수구 옥련동 462-19,112,안과,의원,PHMA119983520019041100014,3520000,,,03,폐업,0,,,032-833-9806
베스트서울치과의원,치과의원,2010-09-10,,,2026-04-22 22:31:58,I,03,폐업,154.05,2,0,2010-09-10 18:21:59,,1999-01-05,406-050,인천광역시 연수구 옥련동 462-19,401,치과,치과의원,PHMA119993520019041100001,3520000,,,03,폐업,0,,,032-834-7528
의료법인 한국의료재단참조은강의원,의원,2013-10-30,171827.104381647,434646.893066718,2026-04-22 22:31:58,I,03,폐업,137.82,1,0,2013-11-04 13:15:10,,1999-05-28,406-818,인천광역시 연수구 연수2동 633번지,108 111 113,"성형외과, 소아청소년과, 이비인후과",의원,PHMA119993520019041100007,3520000,인천광역시 연수구 용담로 153 (연수동),,03,폐업,1,,,032-817-4133
연수메디칼내과의원,의원,2009-09-07,,,2026-04-22 22:31:59,I,03,폐업,374.39,3,0,2009-09-07 10:01:02,,1999-10-21,406-130,인천광역시 연수구 동춘동 936-1,101 122 109,"내과, 마취통증의학과, 가정의학과",의원,PHMA119993520019041100011,3520000,,,03,폐업,0,,,032-816-7890
연세민치과의원,치과의원,2016-04-21,171612.43511066,434569.306722371,2026-04-22 22:31:59,I,03,폐업,50.25,1,0,2016-04-21 17:24:07,,1999-10-30,406-112,연수동,401,치과,치과의원,PHMA119993520019041100012,3520000,"인천광역시 연수구 청능대로137번길 47, 2층 (연수동)",21929,03,폐업,0,,,032-821-3928
박소아청소년과의원,의원,2025-09-01,170681.89889168,435649.139531741,2026-04-22 22:31:59,I,03,폐업,108.3,1,0,2025-08-22 11:34:44,,2000-08-04,406-120,인천광역시 연수구 청학동,101 111 113,"내과, 소아청소년과, 이비인후과",의원,PHMA120003520019041100004,3520000,"인천광역시 연수구 용담로 11, 2층 (청학동)",21916,03,폐업,0,,,032-817-7932
송도재활의학과의원,의원,2020-01-23,171409.459359248,434826.574789821,2026-04-22 22:32:01,I,03,폐업,50.6,1,0,2020-01-23 16:44:27,,2001-06-07,,인천광역시 연수구 연수동 596번지 7호 파크타워,120 106 105,"정형외과, 신경외과, 재활의학과",의원,PHMA120013520019041100003,3520000,"인천광역시 연수구 용담로 115, 파크타워 (연수동)",21927,03,폐업,0,,,032-831-1607
이나리내과의원,의원,2010-09-20,,,2026-04-22 22:32:02,I,03,폐업,121.03,1,0,2010-09-20 10:30:20,,2001-06-28,406-112,인천광역시 연수구 연수2동 598-2(3층),101,내과,의원,PHMA120013520019041100004,3520000,,,03,폐업,0,,,032-818-1147
예일의원,의원,2010-08-02,,,2026-04-22 22:32:03,I,03,폐업,162.45,1,0,2010-08-02 13:51:58,,2001-10-15,406-120,인천광역시 연수구 청학동503-4두손이리움프라자402호,114 115,"피부과, 비뇨의학과",의원,PHMA120013520019041100008,3520000,,,03,폐업,0,,,032-817-8057
연치과의원,치과의원,2021-04-01,170681.89889168,435649.139531741,2026-04-22 22:32:03,I,03,폐업,232.36,1,0,2021-04-01 20:50:11,,2001-10-23,406-120,인천광역시 연수구 청학동,401,치과,치과의원,PHMA120013520019041100009,3520000,"인천광역시 연수구 용담로 11, 2층 (청학동, 시대아파트상가)",21916,03,폐업,0,,,032-821-2879
연수연세정형외과의원,의원,2019-05-20,171219.186363769,434738.827797912,2026-04-22 22:32:03,I,03,폐업,520.7,1,7,2019-05-20 14:27:27,,2001-10-24,406-120,인천광역시 연수구 청학동,105 106 114 115 120,"정형외과, 신경외과, 피부과, 비뇨의학과, 재활의학과",의원,PHMA120013520019041100010,3520000,"인천광역시 연수구 청능대로 93, 301호 (청학동, 이리옴프라자빌딩)",21926,03,폐업,28,,,032-821-4677
소망메디칼의원,의원,2011-11-11,,,2026-04-22 22:32:03,I,03,폐업,612.22,1,0,2011-11-11 14:30:11,,2001-11-02,406-132,인천광역시 연수구 동춘2동 936-6,101 104 105 106 111 114 115,"내과, 외과, 정형외과, 신경외과, 소아청소년과, 피부과, 비뇨의학과",의원,PHMA120013520019041100011,3520000,,,03,폐업,29,,,032-822-7582
아이조아치과의원,치과의원,2009-01-16,,,2026-04-22 22:32:04,I,03,폐업,130.02,1,0,2009-01-16 11:42:52,,2002-07-11,406-112,"인천광역시 연수구 연수2동 600-6, 2층",401,치과,치과의원,PHMA120023520019041100007,3520000,,,03,폐업,0,,,032-819-2286
(사)누가삼성연합의원,의원,2014-02-28,173203.363666736,436206.625489882,2026-04-22 22:32:04,I,03,폐업,513.22,1,4,2014-02-27 18:56:25,,2002-08-07,406-090,"인천광역시 연수구 선학동 402-3,4(2-3층)",101 104 105 106 108 111 114 115 113 122,"내과, 외과, 정형외과, 신경외과, 성형외과, 소아청소년과, 이비인후과, 피부과, 비뇨의학과, 가정의학과",의원,PHMA120023520019041100008,3520000,인천광역시 연수구 경원대로483번길 14 (선학동),,03,폐업,14,,,032-819-4036
길인행복메디컬의원,의원,2012-09-25,169934.938651593,436264.132745266,2026-04-22 22:32:04,I,03,폐업,598.14,2,11,2012-09-25 17:14:07,,2002-09-17,406-828,"인천광역시 연수구 청학동 63번지 2호 지하1층, 1층, 2층",101 104 105 106 111 113 115,"내과, 외과, 정형외과, 신경외과, 소아청소년과, 이비인후과, 비뇨의학과",의원,PHMA120023520019041100010,3520000,"인천광역시 연수구 청솔로 11 (청학동,지하1층, 1층, 2층)",,03,폐업,29,,,032-833-4124
중국성안한의원,한의원,2009-12-31,,,2026-04-22 22:32:05,I,03,폐업,208.8,1,0,2009-12-31 10:01:38,,2003-06-14,406-050,인천광역시 연수구 옥련동 194-2,301 302 303 304 308,"한방내과, 한방부인과, 한방소아과, 한방안·이비인후·피부과, 침구과",한의원,PHMA120033520019041100007,3520000,,,03,폐업,0,,,032-831-9917
연세i사랑소아청소년과의원,의원,2018-09-30,170840.910015966,434066.85033732,2026-04-22 22:32:05,I,03,폐업,148.78,1,0,2018-09-27 10:18:55,,2004-03-03,406-130,"인천광역시 연수구 동춘동 936-1, 2층",101 113 111,"내과, 소아청소년과, 이비인후과",의원,PHMA120043520019041100001,3520000,인천광역시 연수구 앵고개로 250 (동춘동),21972,03,폐업,0,,,032-817-7400
왕가인한의원,한의원,2013-04-11,,,2026-04-22 22:32:05,I,03,폐업,239.79,1,0,2013-04-11 19:41:43,,2004-03-11,406-840,"인천광역시 연수구 송도동 3-26 세진프라자 4014,2호",301 302 303 305 308,"한방내과, 한방부인과, 한방소아과, 한방신경정신과, 침구과",한의원,PHMA120043520019041100002,3520000,,,03,폐업,0,,,032-851-7888
연수굿모닝치과의원,치과의원,2011-04-29,,,2026-04-22 22:32:05,I,03,폐업,91.32,1,0,2011-04-29 14:54:30,,2004-03-15,406-130,인천광역시 연수구 동춘동 933-4,401,치과,치과의원,PHMA120043520019041100003,3520000,,,03,폐업,0,,,032-814-7528
해강한의원,한의원,2011-01-19,,,2026-04-22 22:32:05,I,03,폐업,119.02,1,0,2011-01-19 16:16:31,,2004-06-08,406-132,"인천광역시 연수구 동춘2동 933-5, 303호",301,한방내과,한의원,PHMA120043520019041100005,3520000,,,03,폐업,0,,,032-812-5003
우리치과의원,치과의원,2019-09-02,171987.637026762,435679.910908695,2026-04-22 22:32:06,I,03,폐업,86.96,1,0,2019-09-02 15:35:23,,2005-02-16,406-111,연수동,401,치과,치과의원,PHMA120053520019041100003,3520000,"인천광역시 연수구 먼우금로 302, 2층 209,210호 (연수동, 유천상가)",21924,03,폐업,0,,,032-813-2875
연세미앤아이의원,의원,2012-09-30,,,2026-04-22 22:32:07,I,03,폐업,97.48,1,0,2012-10-02 10:38:05,,2005-04-26,406-840,인천광역시 연수구 송도동 3-2 드림시티 418호,101 104 108 111 114,"내과, 외과, 성형외과, 소아청소년과, 피부과",의원,PHMA120053520019041100006,3520000,,,03,폐업,0,,,032-858-9388
매직성형외과의원,의원,2011-03-02,,,2026-04-22 22:32:07,I,03,폐업,136.16,1,0,2011-03-02 09:39:05,,2005-05-12,406-840,인천광역시 연수구 송도동 3-4 센타프라자 708호,108,성형외과,의원,PHMA120053520019041100008,3520000,,,03,폐업,1,2011-01-05,2011-02-28,032-818-0713
고려의원,의원,2012-05-11,,,2026-04-22 22:32:07,I,03,폐업,115.64,1,0,2012-05-11 12:56:05,,2005-06-08,406-111,인천광역시 연수구 연수1동 557,101 105 111 113 114 115,"내과, 정형외과, 소아청소년과, 이비인후과, 피부과, 비뇨의학과",의원,PHMA120053520019041100009,3520000,,,03,폐업,0,,,032-816-5822
푸른의원,의원,2014-11-28,168598.724752164,435877.560229194,2026-04-22 22:32:07,I,03,폐업,109.71,1,0,2015-01-07 17:33:25,,2005-08-01,406-050,인천광역시 연수구 옥련동 462-34 301호,101 102 105 111 113 114 122,"내과, 신경과, 정형외과, 소아청소년과, 이비인후과, 피부과, 가정의학과",의원,PHMA120053520019041100011,3520000,인천광역시 연수구 독배로40번길 21 (옥련동),,03,폐업,0,,,032-833-9033
침맥한의원,한의원,2010-11-19,,,2026-04-22 22:32:08,I,03,폐업,72.49,1,0,2010-11-19 14:06:31,,2005-11-25,406-840,인천광역시 연수구 송도동 3-4 센타프라자 401호,301,한방내과,한의원,PHMA120053520019041100017,3520000,,,03,폐업,0,,,032-858-7533
서울메디칼소아청소년과의원,의원,2019-01-31,169154.170122876,432697.860189813,2026-04-22 22:32:08,I,03,폐업,105.18,1,0,2019-01-31 17:36:42,,2005-11-29,406-840,송도동,101 111 113,"내과, 소아청소년과, 이비인후과",의원,PHMA120053520019041100018,3520000,"인천광역시 연수구 신송로 122, 308호 (송도동, 송도프라자)",21994,03,폐업,0,,,032-858-7323
송도한의원,한의원,2016-11-14,169154.170122876,432697.860189813,2026-04-22 22:32:08,I,03,폐업,210.54,1,0,2016-11-14 11:34:47,,2005-12-12,406-840,송도동,301 304 307 308 305 302 303 306,"한방내과, 한방부인과, 한방소아과, 한방안·이비인후·피부과, 한방신경정신과, 한방재활의학과, 사상체질과, 침구과",한의원,PHMA120053520019041100020,3520000,"인천광역시 연수구 신송로 122, 3층 309호 (송도동, 송도프라자)",21994,03,폐업,0,,,032-858-7772
휴의원,의원,2019-06-29,171409.459359248,434826.574789821,2026-04-22 22:32:08,I,03,폐업,100.61,2,0,2019-06-28 17:26:49,,2006-03-28,406-818,인천광역시 연수구 연수동 596번지 7호,108 114 122,"성형외과, 피부과, 가정의학과",의원,PHMA120063520019041100004,3520000,"인천광역시 연수구 용담로 115, 3층 (연수동)",21927,03,폐업,0,,,032-813-2888
22세기서울치과의원,치과의원,2017-09-30,169021.396274426,432677.916267877,2026-04-22 22:32:08,I,03,폐업,644.49,4,0,2017-09-29 13:50:36,,2006-04-04,406-840,송도동,401 201 204 207 210 202 205 208 203 206 209,"구강악안면외과, 치과보철과, 치과교정과, 소아치과, 치주과, 치과보존과, 구강내과, 구강악안면방사선과, 구강병리과, 예방치과, 치과",치과의원,PHMA120063520019041100005,3520000,"인천광역시 연수구 컨벤시아대로 69, 415-419호 (송도동)",21995,03,폐업,0,,,032-858-2080
송도바른내과의원,의원,2016-07-15,168734.276444877,435891.675952773,2026-04-22 22:32:08,I,03,폐업,121.62,1,0,2016-07-15 13:15:30,,2006-11-01,406-050,옥련동,101 110 111 113 114 115 118,"내과, 산부인과, 소아청소년과, 이비인후과, 피부과, 비뇨의학과, 병리과",의원,PHMA120063520019041100012,3520000,"인천광역시 연수구 독배로40번길 47, 303호 (옥련동)",21949,03,폐업,0,,,032-834-9313
허브정형외과의원,의원,2009-06-22,,,2026-04-22 22:32:08,I,03,폐업,464.79,1,0,2009-06-22 14:23:26,,2006-12-01,406-050,인천광역시 연수구 옥련동 194-42외 1필지,101 104 105 106 116 120,"내과, 외과, 정형외과, 신경외과, 영상의학과, 재활의학과",의원,PHMA120063520019041100014,3520000,,,03,폐업,17,2009-03-23,2009-06-20,032-833-1822
송도신경외과의원,의원,2017-03-28,168562.992236186,435886.551302529,2026-04-22 22:32:08,I,03,폐업,397.17,1,0,2017-03-28 10:21:12,,2007-03-12,406-838,"인천광역시 연수구 옥련동 462번지 9호 3층, 6층",101 104 105 106 111 114 115,"내과, 외과, 정형외과, 신경외과, 소아청소년과, 피부과, 비뇨의학과",의원,PHMA120073520019041100002,3520000,"인천광역시 연수구 독배로40번길 11, 3층 (옥련동)",21949,03,폐업,0,,,032-831-6496
둘리옥련한의원,한의원,2022-09-14,168668.458147027,435891.753284698,2026-04-22 22:32:08,I,03,폐업,381.51,1,0,2022-09-14 18:01:40,,2007-05-01,,,301,한방내과,한의원,PHMA120073520019041100003,3520000,"인천광역시 연수구 독배로40번길 35, 5층 (옥련동, 대명상가)",21949,03,폐업,0,,,032-851-2275
무지개한의원,한의원,2019-03-01,169107.945098799,432429.543095986,2026-04-22 22:32:09,I,03,폐업,191.25,1,0,2019-02-28 11:34:19,,2007-10-12,406-840,송도동,301,한방내과,한의원,PHMA120073520019041100006,3520000,"인천광역시 연수구 해돋이로120번길 16, 204,205호 (송도동, 풍림아이원2단지상가)",21995,03,폐업,0,,,032-851-3900
(사)한국기독교선교단체협의회파란메디칼의원,의원,2010-02-13,,,2026-04-22 22:32:09,I,03,폐업,401.02,1,0,2010-12-10 10:22:00,,2007-10-31,406-130,인천광역시 연수구 연수동 568-9,101 104 105 106 109,"내과, 외과, 정형외과, 신경외과, 마취통증의학과",의원,PHMA120073520019041100009,3520000,,,03,폐업,26,,,032-822-2145
수앤미외과의원,의원,2010-10-04,,,2026-04-22 22:32:09,I,03,폐업,194.05,1,0,2010-10-04 13:27:39,,2007-11-01,406-120,인천광역시 연수구 청학동 502-2 IMC-9 201호,101 103 104 105 110 111 114 122,"내과, 정신건강의학과, 외과, 정형외과, 산부인과, 소아청소년과, 피부과, 가정의학과",의원,PHMA120073520019041100010,3520000,,,03,폐업,0,,,032-814-7119
S모아치과의원,치과의원,2015-11-26,171219.186363769,434738.827797912,2026-04-22 22:32:09,I,03,폐업,291.32,2,0,2015-11-24 17:35:59,,2007-12-13,406-120,인천광역시 연수구 청학동,401,치과,치과의원,PHMA120073520019041100012,3520000,"인천광역시 연수구 청능대로 93, 5층 (청학동, 두손빌딩)",21926,03,폐업,0,,,032-821-2875
(사)한국기독교단체협의회중앙성심의원,의원,2010-02-01,,,2026-04-22 22:32:09,I,03,폐업,374.56,1,0,2010-02-01 14:46:51,,2008-03-14,406-050,인천광역시 연수구 옥련동 340-2 3층,101 104 105 111 115,"내과, 외과, 정형외과, 소아청소년과, 비뇨의학과",의원,PHMA120083520019041100005,3520000,,,03,폐업,24,,,032-833-7175
도원한의원,한의원,2010-02-08,,,2026-04-22 22:32:09,I,03,폐업,109.56,1,0,2010-02-08 16:34:14,,2008-04-11,406-120,인천광역시 연수구 청학동 503-1 이리움프라자 204호,301,한방내과,한의원,PHMA120083520019041100006,3520000,,,03,폐업,0,,,032-818-7505
라인의원,의원,2010-02-02,,,2026-04-22 22:32:09,I,03,폐업,352.06,1,0,2013-09-16 14:30:20,,2008-07-07,406-120,인천광역시 연수구 청학동 496-4 광장프라자 303-1호,108 114,"성형외과, 피부과",의원,PHMA120083520019041100008,3520000,,,03,폐업,0,,,032-822-7556
연수경희한의원,한의원,2008-12-11,,,2026-04-22 22:32:09,I,03,폐업,106.7,1,0,2010-03-30 11:18:25,,2008-07-07,406-120,인천광역시 연수구 청학동 496-4 연수광장프라자 303-2호,301 302 303 305 308,"한방내과, 한방부인과, 한방소아과, 한방신경정신과, 침구과",한의원,PHMA120083520019041100009,3520000,,,03,폐업,0,,,032-822-7559
해맑은소아청소년과의원,의원,2012-01-22,,,2026-04-22 22:32:10,I,03,폐업,156.34,1,0,2012-01-20 15:31:58,,2008-07-11,406-112,인천광역시 연수구 연수2동 634 우성2차상가 302호,101 111 112 113 114,"내과, 소아청소년과, 안과, 이비인후과, 피부과",의원,PHMA120083520019041100010,3520000,,,03,폐업,2,,,032-822-8486
웰카운티치과의원,치과의원,2018-08-30,168782.678483579,430669.575289885,2026-04-22 22:32:12,I,03,폐업,22.67,1,0,2018-08-31 09:54:22,,2008-09-18,406-841,인천광역시 연수구 송도동 송도웰카운티1단지아파트 101동,401,치과,치과의원,PHMA120083520019041100013,3520000,"인천광역시 연수구 해송로 143, 136동 1층 4-1호 (송도동, 웰카운티1단지)",22000,03,폐업,0,,,032-833-2827
우리가족의원,의원,2009-08-03,173495.42095172,435734.678413769,2026-04-22 22:32:12,I,03,폐업,126.14,1,0,2009-08-03 17:19:50,,2008-12-15,406-090,인천광역시 연수구 선학동 357번지 1호,109 101 111 113 114 122,"내과, 마취통증의학과, 소아청소년과, 이비인후과, 피부과, 가정의학과",의원,PHMA120083520019041100016,3520000,인천광역시 연수구 비류대로 599 (선학동),,03,폐업,0,,,032-811-2475
우리가족의원,의원,2009-08-03,173495.42095172,435734.678413769,2026-04-22 22:32:13,I,03,폐업,126.14,1,0,2010-06-17 16:01:02,,2008-12-15,406-090,인천광역시 연수구 선학동 357번지 1호,101 109 113 122 114 111,"내과, 마취통증의학과, 소아청소년과, 이비인후과, 피부과, 가정의학과",의원,PHMA120083520019041100017,3520000,인천광역시 연수구 비류대로 599 (선학동),,03,폐업,0,,,
연세송도메디칼의원,의원,2011-09-08,169441.754502675,435926.528991585,2026-04-22 22:32:13,I,03,폐업,196.2,0,0,2011-09-08 17:31:22,,2009-02-03,406-050,인천광역시 연수구 옥련동 351번지 1호 송인빌딩 2층,101 111 113 114 115 104 116 108,"내과, 외과, 성형외과, 소아청소년과, 이비인후과, 피부과, 비뇨의학과, 영상의학과",의원,PHMA120093520019041100001,3520000,,,03,폐업,0,,,032-831-7277
서울헬스케어의원,의원,2011-03-02,168780.099913799,432168.287166052,2026-04-22 22:32:14,I,03,폐업,167.54,3,0,2011-03-02 11:20:14,,2009-03-13,406-840,인천광역시 연수구 송도동 4번지 1호 송도더샾 퍼스트월드 4D동(H동) 73호,101 113 111,"내과, 소아청소년과, 이비인후과",의원,PHMA120093520019041100003,3520000,"인천광역시 연수구 해돋이로 107 (송도동,송도더샾 퍼스트월드 4D동(H동) 73호)",,03,폐업,0,,,
송도정형외과.마취통증의학과의원,의원,2015-07-12,169046.639970428,432223.568219959,2026-04-22 22:32:14,I,03,폐업,618.72,2,5,2015-09-15 11:16:48,,2009-03-24,406-840,인천광역시 연수구 송도동 3번지 22호 자앤갤러리 3층,109 105 106 101 120,"내과, 정형외과, 신경외과, 마취통증의학과, 재활의학과",의원,PHMA120093520019041100005,3520000,"인천광역시 연수구 하모니로36번길 1, 3.4층 (송도동, 자앤갤러리)",,03,폐업,17,,,032-859-8000
송도항맥외과의원,의원,2010-04-05,168837.510927489,435693.955266292,2026-04-22 22:32:14,I,03,폐업,140.98,1,1,2010-04-05 13:54:23,,2009-10-30,406-718,인천광역시 연수구 옥련동 645번지 1호 우성1차아파트 203동 1203호,101 104 105,"내과, 외과, 정형외과",의원,PHMA120093520019041100009,3520000,"인천광역시 연수구 청량로185번길 73, 203동 1203호 (옥련동,우성1차아파트)",,03,폐업,3,,,
송도정형외과의원,의원,2023-12-01,169021.396274426,432677.916267877,2026-04-22 22:32:14,I,03,폐업,248,1,2,2024-01-09 16:01:41,,2009-12-14,406-840,인천광역시 연수구 송도동 3번지 1호 밀레니엄빌딩 4층 406호 407호,105 106 104 120 116 101,"내과, 외과, 정형외과, 신경외과, 영상의학과, 재활의학과",의원,PHMA120093520019041100011,3520000,"인천광역시 연수구 컨벤시아대로 69, 4층 (송도동, 밀레니엄빌딩)",21995,03,폐업,7,,,032-859-7575
정부순의원,의원,2025-04-01,169031.26242054,432204.139478241,2026-04-22 22:32:14,I,03,폐업,226,1,0,2025-07-29 09:17:25,,2009-12-24,406-840,인천광역시 연수구 송도동 3번지 23호,101 111 114,"내과, 소아청소년과, 피부과",의원,PHMA120093520019041100012,3520000,인천광역시 연수구 해돋이로 102 (송도동),21995,03,폐업,0,,,032-872-2754
연수홈닥터의원,의원,2010-02-09,170365.68404651,435891.072312022,2026-04-22 22:32:14,I,03,폐업,178.77,1,0,2010-02-10 10:31:52,,2010-01-06,406-120,인천광역시 연수구 청학동 569번지 9호 2층,105 101 111 114,"내과, 정형외과, 소아청소년과, 피부과",의원,PHMA120103520019041100001,3520000,"인천광역시 연수구 비류대로294번길 32-5 (청학동,2층)",,03,폐업,0,,,
건일메디칼의원,의원,2015-06-30,171498.597874389,435247.954272871,2026-04-22 22:32:14,I,03,폐업,401,1,6,2015-09-18 09:56:43,,2010-01-27,,"인천광역시 연수구 연수동 568번지 9호 동민빌딩 3,4층",101 104 102 105 109 115 113 111 114 122 112,"내과, 신경과, 외과, 정형외과, 마취통증의학과, 소아청소년과, 안과, 이비인후과, 피부과, 비뇨의학과, 가정의학과",의원,PHMA120103520019041100002,3520000,인천광역시 연수구 먼우금로 245 (연수동),21919,03,폐업,23,,,032-818-5656
연수성모의원,의원,2012-04-02,170754.530375736,433990.931235604,2026-04-22 22:32:15,I,03,폐업,145,2,0,2012-04-02 13:13:23,,2010-02-18,406-802,인천광역시 연수구 동춘2동 937번지 6호 금송빌딩 3층,122 101 120 109,"내과, 마취통증의학과, 재활의학과, 가정의학과",의원,PHMA120103520019041100004,3520000,"인천광역시 연수구 먼우금로 96 (동춘동,금송빌딩 3층)",,03,폐업,0,,,
하얀나라피부과의원,의원,2022-12-29,168780.099913799,432168.287166052,2026-04-22 22:32:16,I,03,폐업,161.36,1,0,2022-12-28 13:35:46,,2010-02-24,406-743,"인천광역시 연수구 송도동 4번지 1호 더샵퍼스트월드 H동상가 76호, 77호",101 111 114 115 113 110 108,"내과, 성형외과, 산부인과, 소아청소년과, 이비인후과, 피부과, 비뇨의학과",의원,PHMA120103520019041100005,3520000,"인천광역시 연수구 해돋이로 107, H동 76,77호 (송도동, 더샵퍼스트월드)",21997,03,폐업,0,,,032-835-7590
세원정형외과의원,의원,2025-11-20,168585.747112313,430819.905743666,2026-04-22 22:32:17,I,03,폐업,405.36,1,5,2025-11-19 15:25:29,,2010-06-23,,인천광역시 연수구 송도동 9번지 19호 에몬스프라자,105 101 120,"내과, 정형외과, 재활의학과",의원,PHMA120103520019041100008,3520000,"인천광역시 연수구 인천타워대로54번길 9, 에몬스프라자 505,506호 (송도동)",22000,03,폐업,19,,,032-421-6530
새롬의원,의원,2014-08-26,171537.866847715,434652.649709806,2026-04-22 22:32:18,I,03,폐업,303.83,2,3,2014-08-26 11:10:35,,2010-07-09,406-818,인천광역시 연수구 연수2동 606번지 6호,113 108,"성형외과, 이비인후과",의원,PHMA120103520019041100009,3520000,인천광역시 연수구 용담로 136 (연수동),,03,폐업,3,,,
미앤모의원,의원,2013-04-11,171219.186363769,434738.827797912,2026-04-22 22:32:18,I,03,폐업,162.45,1,0,2013-04-11 17:44:46,,2010-09-07,406-831,인천광역시 연수구 청학동 503번지 4호,104 101 114 115 108,"내과, 외과, 성형외과, 피부과, 비뇨의학과",의원,PHMA120103520019041100011,3520000,인천광역시 연수구 청능대로 93 (청학동),,03,폐업,0,,,
추앤추한의원,한의원,2013-06-04,170787.850905516,434112.743663765,2026-04-22 22:32:18,I,03,폐업,333.9,2,0,2013-06-03 14:34:44,,2010-11-12,406-802,인천광역시 연수구 동춘2동 937번지 연수제일종합상가 7층,301 302 303 306 305 308,"한방내과, 한방부인과, 한방소아과, 한방신경정신과, 한방재활의학과, 침구과",한의원,PHMA120103520019041100015,3520000,"인천광역시 연수구 앵고개로 242 (동춘동,연수제일종합상가 7층)",,03,폐업,0,,,
추＆추신경외과의원,의원,2012-01-17,170787.850905516,434112.743663765,2026-04-22 22:32:19,I,03,폐업,213.4,1,0,2012-01-17 18:07:50,,2010-11-12,406-802,인천광역시 연수구 동춘2동 937번지,106 105 104 102 101 109 111 114 115,"내과, 신경과, 외과, 정형외과, 신경외과, 마취통증의학과, 소아청소년과, 피부과, 비뇨의학과",의원,PHMA120103520019041100016,3520000,인천광역시 연수구 앵고개로 242 (동춘동),,03,폐업,0,,,
조은물한의원,한의원,2018-05-11,167848.405926729,432799.8628413,2026-04-22 22:32:19,I,03,폐업,59.65,1,0,2018-05-11 15:31:03,,2010-11-30,406-082,인천광역시 연수구 송도동 23번지 3호 더샵센트럴파크I E동 211호,304 301 302 303 308 306 307,"한방내과, 한방부인과, 한방소아과, 한방안·이비인후·피부과, 한방재활의학과, 사상체질과, 침구과",한의원,PHMA120103520019041100018,3520000,"인천광역시 연수구 센트럴로 232 (송도동, 더샵센트럴파크I E동 211호)",22003,03,폐업,0,,,032-833-5353
아이사랑소아청소년과의원,의원,2022-03-07,168950.36271031,432597.078074858,2026-04-22 22:32:19,I,03,폐업,148,1,0,2022-03-08 09:15:09,,2011-01-21,406-840,인천광역시 연수구 송도동 3번지 2호 드림시티 3층 302호,111,소아청소년과,의원,PHMA120113520019041100001,3520000,"인천광역시 연수구 컨벤시아대로 81, 302호 (송도동, 드림시티)",21995,03,폐업,0,2021-08-30,2022-03-07,032-851-2525
미그린한의원,한의원,2012-07-11,168447.29523241,435943.685775458,2026-04-22 22:32:20,I,03,폐업,269.2,2,6,2012-07-11 16:16:01,,2011-03-18,406-833,인천광역시 연수구 옥련1동 194번지 42호 럭키빌딩 3층 301호,301 304 307 302 305 308 303 306,"한방내과, 한방부인과, 한방소아과, 한방안·이비인후·피부과, 한방신경정신과, 한방재활의학과, 사상체질과, 침구과",한의원,PHMA120113520019041100003,3520000,"인천광역시 연수구 독배로 49 (옥련동,럭키빌딩 3층 301호)",,03,폐업,22,,,
(사)한국중앙요가협회 송도사랑의원,의원,2012-08-27,169470.059741942,436005.620601388,2026-04-22 22:32:20,I,03,폐업,374.56,1,7,2015-04-17 10:39:08,,2011-03-21,406-713,인천광역시 연수구 옥련1동 340번지 2호 현프라자 3층,101 104 105 114 115 116,"내과, 외과, 정형외과, 피부과, 비뇨의학과, 영상의학과",의원,PHMA120113520019041100005,3520000,"인천광역시 연수구 옥련로 147 (옥련동,현프라자 3층)",,03,폐업,26,2012-07-10,2012-09-30,
참조은연세의원,의원,2011-05-23,169381.874605858,435747.254457414,2026-04-22 22:32:20,I,03,폐업,405,4,0,2011-05-23 18:11:29,,2011-04-06,406-713,인천광역시 연수구 옥련1동 405번지 4호 연수메디컬센터빌딩 1층,101 104 110 111 105 113 109 106 120 122,"내과, 외과, 정형외과, 신경외과, 마취통증의학과, 산부인과, 소아청소년과, 이비인후과, 재활의학과, 가정의학과",의원,PHMA120113520019041100008,3520000,"인천광역시 연수구 한나루로 154 (옥련동,연수메디컬센터빌딩 1층)",,03,폐업,0,,,
의료법인 한국의료재단 연세메디컬의원,의원,2013-04-03,169381.874605858,435747.254457414,2026-04-22 22:32:20,I,03,폐업,810,1,4,2022-09-29 13:27:50,,2011-05-24,,인천광역시 연수구 옥련동 405-4,101 104 110 111 105 113 109 106 120 122,"내과, 외과, 정형외과, 신경외과, 마취통증의학과, 산부인과, 소아청소년과, 이비인후과, 재활의학과, 가정의학과",의원,PHMA120113520019041100011,3520000,"인천광역시 연수구 한나루로 154, 연세메디컬센터빌딩 1층,4층 (옥련동)",21941,03,폐업,29,2013-01-02,2013-03-31,
허브성형외과의원,의원,2011-09-19,169103.386186776,432640.070759202,2026-04-22 22:32:20,I,03,폐업,187,1,0,2011-09-19 14:34:31,,2011-06-10,406-840,인천광역시 연수구 송도동 3번지 4호 센타프라자빌딩 7층 708호,108 114,"성형외과, 피부과",의원,PHMA120113520019041100013,3520000,"인천광역시 연수구 신송로 121 (송도동,센타프라자빌딩 7층 708호)",,03,폐업,0,,,
미애로여성의원,의원,2012-08-02,169154.170122876,432697.860189813,2026-04-22 22:32:20,I,03,폐업,192,1,0,2012-08-02 10:55:00,,2011-09-01,406-840,인천광역시 연수구 송도동 2번지 6호 송도프라자 2층 201호,110 114 101 111,"내과, 산부인과, 소아청소년과, 피부과",의원,PHMA120113520019041100017,3520000,"인천광역시 연수구 신송로 122 (송도동,송도프라자 2층 201호)",,03,폐업,0,,,
송도굿모닝마취통증의학과의원,의원,2013-08-01,169681.97873658,436189.335898009,2026-04-22 22:32:20,I,03,폐업,196,1,0,2013-08-01 13:24:13,,2011-09-16,406-713,인천광역시 연수구 옥련1동 315번지 1호 송인빌딩 2층,109 105 106 101 115 114,"내과, 정형외과, 신경외과, 마취통증의학과, 피부과, 비뇨의학과",의원,PHMA120113520019041100020,3520000,"인천광역시 연수구 비류대로 212 (옥련동,송인빌딩 2층)",,03,폐업,0,,,
허브의원,의원,2014-04-28,169103.386186776,432640.070759202,2026-04-22 22:32:21,I,03,폐업,183,1,0,2014-04-28 14:30:07,,2011-10-28,,,104 115 108 114,"외과, 성형외과, 피부과, 비뇨의학과",의원,PHMA120113520019041100022,3520000,"인천광역시 연수구 신송로 121 (송도동, 센타프라자 708호)",,03,폐업,0,,,
(사)국제환경문화운동본부소망메디칼의원,의원,2012-10-02,170910.965450657,434008.814842807,2026-04-22 22:32:21,I,03,폐업,612,1,7,2012-10-02 14:57:19,,2011-11-28,406-802,인천광역시 연수구 동춘2동 936번지 6호,105 106 104 101 111 114 115 108 120 109 122,"내과, 외과, 정형외과, 신경외과, 성형외과, 마취통증의학과, 소아청소년과, 피부과, 비뇨의학과, 재활의학과, 가정의학과",의원,PHMA120113520019041100024,3520000,인천광역시 연수구 앵고개로 260 (동춘동),,03,폐업,29,,,
김정수가정의학과의원,의원,2019-02-28,172046.025602008,434468.611547525,2026-04-22 22:32:22,I,03,폐업,155,2,0,2019-02-28 12:50:25,,2012-01-26,406-818,인천광역시 연수구 연수동 634번지 우성2차상가 3층 302호,101 111 114 113 105 104 110 112,"내과, 외과, 정형외과, 산부인과, 소아청소년과, 안과, 이비인후과, 피부과",의원,PHMA120123520019041100002,3520000,"인천광역시 연수구 원인재로 180, 302호 (연수동, 연수우성2차상가)",21931,03,폐업,0,,,032-822-8486
송도그린의원,의원,2017-05-17,168780.099913799,432168.287166052,2026-04-22 22:32:22,I,03,폐업,167,1,0,2017-05-17 16:52:23,,2012-05-02,406-743,인천광역시 연수구 송도1동 4번지 1호 더샵퍼스트월드아파트 H동 73호,101 111,"내과, 소아청소년과",의원,PHMA120123520019041100005,3520000,"인천광역시 연수구 해돋이로 107, H동 3층 73호 (송도동, 더샵퍼스트월드)",21997,03,폐업,0,,,032-835-7575
시카고SNC치과의원,치과의원,2015-12-01,172046.025602008,434468.611547525,2026-04-22 22:32:22,I,03,폐업,136,2,0,2015-11-30 18:01:58,,2012-06-13,406-819,인천광역시 연수구 연수동 634번지 우성2차아파트상가 3층 303호,201 204 207 210 401 208 202 205 203 206 209,"구강악안면외과, 치과보철과, 치과교정과, 소아치과, 치주과, 치과보존과, 구강내과, 구강악안면방사선과, 구강병리과, 예방치과, 치과",치과의원,PHMA120123520019041100007,3520000,"인천광역시 연수구 원인재로 180, 3층 303호 (연수동, 우성2차아파트상가)",21931,03,폐업,0,,,032-817-5713
용한의원,한의원,2012-08-31,171399.969906932,434995.898868931,2026-04-22 22:32:22,I,03,폐업,86,1,0,2012-08-31 13:51:01,,2012-08-02,406-818,"인천광역시 연수구 연수동 596번지 연수푸르지오 3단지상가 3층 301호, 302호",301 302 303 306 304 307 308,"한방내과, 한방부인과, 한방소아과, 한방안·이비인후·피부과, 한방재활의학과, 사상체질과, 침구과",한의원,PHMA120123520019041100009,3520000,"인천광역시 연수구 먼우금로 218 (연수동,연수푸르지오 3단지상가 3층 301호, 302호)",,03,폐업,0,,,
용한의원,한의원,2013-02-12,171399.969906932,434995.898868931,2026-04-22 22:32:23,I,03,폐업,86,1,0,2013-02-12 14:34:40,,2012-12-06,406-818,"인천광역시 연수구 연수동 596번지 연수푸르지오 3단지상가 3층 301호, 302호",301 304 307 308 305 302 303 306,"한방내과, 한방부인과, 한방소아과, 한방안·이비인후·피부과, 한방신경정신과, 한방재활의학과, 사상체질과, 침구과",한의원,PHMA120123520019041100016,3520000,"인천광역시 연수구 먼우금로 218 (연수동,연수푸르지오 3단지상가 3층 301호, 302호)",,03,폐업,0,,,032-813-1075
의료법인 화랑의료재단 청솔메디컬의원,의원,2014-09-02,169934.938651593,436264.132745266,2026-04-22 22:32:23,I,03,폐업,582,1,11,2014-09-02 14:37:16,,2013-01-03,406-828,인천광역시 연수구 청학동 63번지 2호,122 101 104 105 111 113 120,"내과, 외과, 정형외과, 소아청소년과, 이비인후과, 재활의학과, 가정의학과",의원,PHMA120133520019041100001,3520000,인천광역시 연수구 청솔로 11 (청학동),,03,폐업,29,2014-03-28,2014-06-27,032-217-7577
행복한치과의원,치과의원,2017-07-20,167679.679013071,432949.982755782,2026-04-22 22:32:23,I,03,폐업,104,1,0,2017-07-21 09:03:40,,2013-01-04,406-082,인천광역시 연수구 송도동 23번지 1호 커넬워크 102동 212호,201 204 207 210 403 406 409 410 407 404 401 208 205 202 203 206 209 402 405 408 411,"구강악안면외과, 치과보철과, 치과교정과, 소아치과, 치주과, 치과보존과, 구강내과, 구강악안면방사선과, 구강병리과, 예방치과, 치과, 구강악안면외과, 치과보철과, 치과교정과, 소아치과, 치주과, 치과보존과, 구강내과, 영상치의학과, 구강병리과, 예방치과",치과의원,PHMA120133520019041100002,3520000,"인천광역시 연수구 아트센터대로 149, 102동 212호 (송도동,커넬워크)",22003,03,폐업,0,,,032-831-2870
준가정의학과의원,의원,2018-05-17,171141.501366693,435619.646292434,2026-04-22 22:32:23,I,03,폐업,100,1,0,2018-05-17 11:02:19,,2013-01-11,406-814,인천광역시 연수구 연수동 557번지,101 111 114 113,"내과, 소아청소년과, 이비인후과, 피부과",의원,PHMA120133520019041100004,3520000,인천광역시 연수구 새말로 32 (연수동),,03,폐업,0,,,
연정한의원,한의원,2013-05-24,170769.619693893,434086.853084875,2026-04-22 22:32:24,I,03,폐업,208,1,0,2013-05-24 10:16:45,,2013-02-25,406-802,인천광역시 연수구 동춘동 937번지 1호 대산프라자 2층 202호,301 304 307 308 305 302 303 306,"한방내과, 한방부인과, 한방소아과, 한방안·이비인후·피부과, 한방신경정신과, 한방재활의학과, 사상체질과, 침구과",한의원,PHMA120133520019041100008,3520000,"인천광역시 연수구 앵고개로246번길 10 (동춘동,대산프라자 2층 202호)",,03,폐업,0,,,
gsw마취통증의학과의원,의원,2022-11-01,168780.099913799,432168.287166052,2026-04-22 22:32:25,I,03,폐업,138,2,0,2022-10-31 12:01:03,,2013-02-28,406-081,인천광역시 연수구 송도동 4번지 1호 더샵퍼스트월드 H동상가 71-72호,109,마취통증의학과,의원,PHMA120133520019041100010,3520000,"인천광역시 연수구 해돋이로 107 (송도동,더샵퍼스트월드 H동상가 71-72호)",21997,03,폐업,0,,,032-835-7331
용한의원,한의원,2013-06-14,171391.425113751,434963.32867153,2026-04-22 22:32:25,I,03,폐업,86,2,0,2013-06-14 17:14:14,,2013-04-10,406-818,인천광역시 연수구 연수동 596번지 1호,301 302 303 304 306 307 308,"한방내과, 한방부인과, 한방소아과, 한방안·이비인후·피부과, 한방재활의학과, 사상체질과, 침구과",한의원,PHMA120133520019041100012,3520000,"인천광역시 연수구 먼우금로 218 (연수동, 푸르지오 3단지 상가 301,302호)",,03,폐업,0,,,032-813-1075
삼대한의원,한의원,2016-12-01,169137.234292049,433028.259599354,2026-04-22 22:32:25,I,03,폐업,62.27,1,0,2016-11-28 16:56:19,,2013-05-31,406-840,인천광역시 연수구 송도동 15번지 12호,301 304 307 302 305 308 303 306,"한방내과, 한방부인과, 한방소아과, 한방안·이비인후·피부과, 한방신경정신과, 한방재활의학과, 사상체질과, 침구과",한의원,PHMA120133520019041100014,3520000,"인천광역시 연수구 컨벤시아대로42번길 8, 102동 210호 (송도동, 코오롱더프라우)",22001,03,폐업,0,,,032-832-1075
사단법인 한국장애인CARE협회 우리들의원,의원,2014-12-01,170872.465015374,434039.804337119,2026-04-22 22:32:26,I,03,폐업,612,1,7,2014-12-01 11:34:29,,2013-06-13,406-802,인천광역시 연수구 동춘동 936번지 3호,120 106 111 101 104 115 113 108 114 109 105,"내과, 외과, 정형외과, 신경외과, 성형외과, 마취통증의학과, 소아청소년과, 이비인후과, 피부과, 비뇨의학과, 재활의학과",의원,PHMA120133520019041100015,3520000,"인천광역시 연수구 앵고개로 260 (동춘동, 맘모스빌딩 3층)",,03,폐업,29,,,032-822-7582
송도단비한의원,한의원,2023-09-18,168141.708728648,432551.899734649,2026-04-22 22:32:26,I,03,폐업,120,1,0,2023-09-19 11:02:01,,2013-08-14,,인천광역시 연수구 송도동 23-4 더샵 센트럴파크2,301 302 303 304 305 306 307 308,"한방내과, 한방부인과, 한방소아과, 한방안·이비인후·피부과, 한방신경정신과, 한방재활의학과, 사상체질과, 침구과",한의원,PHMA120133520019041100019,3520000,"인천광역시 연수구 센트럴로 194, C2동 216,217호 (송도동, 더샵 센트럴파크2)",22003,03,폐업,0,,,032-858-1075
참조은강이비인후과의원,의원,2016-01-04,171827.104381647,434646.893066718,2026-04-22 22:32:27,I,03,폐업,137.82,1,1,2016-01-04 17:14:27,,2013-11-11,406-818,인천광역시 연수구 연수동 633번지,113 111 108,"성형외과, 소아청소년과, 이비인후과",의원,PHMA120133520019041100021,3520000,"인천광역시 연수구 용담로 153, 201호 (연수동, 대동월드스포츠센터)",21930,03,폐업,1,,,032-817-4133
송도미소소아청소년과의원,의원,2021-06-16,168526.624296172,432549.265455257,2026-04-22 22:32:27,I,03,폐업,246.98,1,0,2021-06-17 13:14:07,,2014-01-21,,,101 111 114 113,"내과, 소아청소년과, 이비인후과, 피부과",의원,PHMA120143520019041100001,3520000,"인천광역시 연수구 해돋이로 161, 303, 304호 (송도동, 세종프라자)",22003,03,폐업,0,,,032-832-2552
착한의료소비자협동조합 참사랑의원,의원,2017-03-10,173203.363666736,436206.625489882,2026-04-22 22:32:27,I,03,폐업,513.22,1,4,2017-03-10 17:33:59,,2014-02-27,406-090,인천광역시 연수구 선학동 402번지 3호,122 104 105 106 108 115 101,"내과, 외과, 정형외과, 신경외과, 성형외과, 비뇨의학과, 가정의학과",의원,PHMA120143520019041100002,3520000,"인천광역시 연수구 경원대로483번길 14, 2,4층 (선학동)",21909,03,폐업,14,,,032-819-4037
365+치과의원,치과의원,2016-05-04,171347.052566196,435117.523375376,2026-04-22 22:32:27,I,03,폐업,462,1,0,2016-05-03 13:40:56,,2014-03-14,,,201 204 207 210 403 406 409 202 205 208 401 404 407 410 411 408 405 402 209 206 203,"구강악안면외과, 치과보철과, 치과교정과, 소아치과, 치주과, 치과보존과, 구강내과, 구강악안면방사선과, 구강병리과, 예방치과, 치과, 구강악안면외과, 치과보철과, 치과교정과, 소아치과, 치주과, 치과보존과, 구강내과, 영상치의학과, 구강병리과, 예방치과",치과의원,PHMA120143520019041100003,3520000,"인천광역시 연수구 벚꽃로 106, 6층 602,603-1호 (청학동, 광장프라자)",21926,03,폐업,0,,,1800-5365
송도아이비의원,의원,2021-09-01,169103.386186776,432640.070759202,2026-04-22 22:32:27,I,03,폐업,186.48,1,0,2021-08-30 17:59:24,,2014-05-12,406-840,인천광역시 연수구 송도동 3번지 4호 센타프라자 708호,114 108 104 122,"외과, 성형외과, 피부과, 가정의학과",의원,PHMA120143520019041100008,3520000,"인천광역시 연수구 신송로 121 (송도동, 센타프라자 708호)",21995,03,폐업,0,,,032-834-1116
지씨한의원,한의원,2024-02-08,168537.243343554,432678.937821221,2026-04-22 22:32:28,I,03,폐업,131.39,1,0,2024-02-08 17:20:02,,2014-08-28,,,301 302 303 304 305 306 307 308,"한방내과, 한방부인과, 한방소아과, 한방안·이비인후·피부과, 한방신경정신과, 한방재활의학과, 사상체질과, 침구과",한의원,PHMA120143520019041100017,3520000,"인천광역시 연수구 해돋이로 168-5, 2층 (송도동, 송정프라자)",22002,03,폐업,0,,,032-831-1080
청솔메디칼의원,의원,2015-03-30,169934.938651593,436264.132745266,2026-04-22 22:32:28,I,03,폐업,582,1,0,2015-03-30 15:46:09,,2014-11-14,406-828,인천광역시 연수구 청학동 63번지 2호,101 105 104 106 111 114,"내과, 외과, 정형외과, 신경외과, 소아청소년과, 피부과",의원,PHMA120143520019041100019,3520000,"인천광역시 연수구 청솔로 11 (청학동, (지하1층,1층,2층))",,03,폐업,29,,,032-851-7577
뿌리애치과의원,치과의원,2024-05-30,168498.624341035,431563.608667027,2026-04-22 22:32:28,I,03,폐업,125.18,1,0,2024-05-23 18:50:20,,2014-11-20,,,412 411 410 409 408 407 406 405 404 403 402,"구강악안면외과, 치과보철과, 치과교정과, 소아치과, 치주과, 치과보존과, 구강내과, 영상치의학과, 구강병리과, 예방치과, 통합치의학과",치과의원,PHMA120143520019041100020,3520000,"인천광역시 연수구 하모니로 124, 5층 503호 (송도동, 송도타운)",21998,03,폐업,0,,,032-833-2833
우리들의원,의원,2021-01-29,170910.965450657,434008.814842807,2026-04-22 22:32:28,I,03,폐업,633,1,7,2021-01-30 12:28:19,,2014-12-01,406-132,인천광역시 연수구 동춘동 936번지 6호 맘모스빌딩 3층,101 104 105 106 111 114 115 120 113 109,"내과, 외과, 정형외과, 신경외과, 마취통증의학과, 소아청소년과, 이비인후과, 피부과, 비뇨의학과, 재활의학과",의원,PHMA120143520019041100021,3520000,"인천광역시 연수구 앵고개로 260, 3층 (동춘동, 맘모스빌딩)",21972,03,폐업,23,,,032-822-7582
연세튼튼소아청소년과의원,의원,2021-01-26,169268.772668463,430570.255303601,2026-04-22 22:32:28,I,03,폐업,98.6,1,0,2021-01-26 13:11:07,,2015-02-03,406-083,인천광역시 연수구 송도동 190번지 2호 글로벌캠퍼스 4-201호,101 111 113,"내과, 소아청소년과, 이비인후과",의원,PHMA120153520019041100002,3520000,"인천광역시 연수구 송도문화로28번길 28, 204동 201호 (송도동, 글로벌캠퍼스)",21986,03,폐업,0,,,1800-9754
바른정형외과의원,의원,2015-08-03,169934.938651593,436264.132745266,2026-04-22 22:32:28,I,03,폐업,582,1,0,2015-08-04 10:56:54,,2015-03-31,406-828,인천광역시 연수구 청학동 63번지 2호,104 105 106 101 111 114,"내과, 외과, 정형외과, 신경외과, 소아청소년과, 피부과",의원,PHMA120153520019041100007,3520000,인천광역시 연수구 청솔로 11 (청학동),21903,03,폐업,29,,,032-851-7577
동춘한의원,한의원,2020-08-28,171251.627855215,434354.931922556,2026-04-22 22:32:29,I,03,폐업,33,1,0,2020-08-28 21:10:53,,2015-05-06,406-775,인천광역시 연수구 동춘동 923번지 연수타운상가 109호,301 304 307 302 305 303 306 308,"한방내과, 한방부인과, 한방소아과, 한방안·이비인후·피부과, 한방신경정신과, 한방재활의학과, 사상체질과, 침구과",한의원,PHMA120153520019041100010,3520000,"인천광역시 연수구 청능대로 124 (동춘동, 연수타운상가 109호)",21967,03,폐업,0,,,032-815-0080
단아안약선당부부한의원,한의원,2019-04-01,171310.073077364,434709.663367139,2026-04-22 22:32:30,I,03,폐업,201.31,1,0,2019-03-29 10:58:17,,2015-06-30,,,301 304 302 303,"한방내과, 한방부인과, 한방소아과, 한방안·이비인후·피부과",한의원,PHMA120153520019041100015,3520000,"인천광역시 연수구 먼우금로 190, 2층 (연수동)",21927,03,폐업,0,,,032-816-1075
바른의원,의원,2015-10-08,169934.938651593,436264.132745266,2026-04-22 22:32:31,I,03,폐업,582,1,11,2015-10-08 13:25:57,,2015-08-05,,,101 104 105 106 111 114,"내과, 외과, 정형외과, 신경외과, 소아청소년과, 피부과",의원,PHMA120153520019041100017,3520000,"인천광역시 연수구 청솔로 11 (청학동, 백화빌딩)",21903,03,폐업,29,,,032-851-7577
마음의원,의원,2015-12-21,168435.147081662,431632.6516547,2026-04-22 22:32:31,I,03,폐업,259.3,1,0,2015-12-21 10:30:03,,2015-08-24,,,122 114 108,"성형외과, 피부과, 가정의학과",의원,PHMA120153520019041100018,3520000,"인천광역시 연수구 테크노파크로 113, 5층 (송도동, 프리스페이스)",21998,03,폐업,0,,,032-832-6341
영재소아청소년과의원,의원,2019-10-13,168485.704939563,432383.879171063,2026-04-22 22:32:31,I,03,폐업,138.6,1,0,2019-10-12 16:58:37,,2015-09-30,,,111,소아청소년과,의원,PHMA120153520019041100021,3520000,"인천광역시 연수구 컨벤시아대로130번길 14, 4층 (송도동, 송도 메디컬타워)",22003,03,폐업,0,,,032-832-8575
마에스트로박의원,의원,2019-05-14,168485.704939563,432383.879171063,2026-04-22 22:32:31,I,03,폐업,165,1,0,2019-05-14 17:31:12,,2015-10-21,,,114 108,"성형외과, 피부과",의원,PHMA120153520019041100023,3520000,"인천광역시 연수구 컨벤시아대로130번길 14, 305호 (송도동, 송도 메디컬타워)",22003,03,폐업,0,,,032-859-5353
의료법인 예현의료재단 세종메디컬의원,의원,2018-11-26,169934.938651593,436264.132745266,2026-04-22 22:32:31,I,03,폐업,582,1,11,2018-11-27 11:25:41,,2015-10-29,,,115 114 113 111 106 105 104 101,"내과, 외과, 정형외과, 신경외과, 소아청소년과, 이비인후과, 피부과, 비뇨의학과",의원,PHMA120153520019041100024,3520000,"인천광역시 연수구 청솔로 11 (청학동, 백화빌딩)",21903,03,폐업,29,,,032-851-7577
365굿모닝의원,의원,2018-02-26,171827.104381647,434646.893066718,2026-04-22 22:32:33,I,03,폐업,138.73,1,0,2018-02-26 16:22:25,,2016-02-25,,,122 114 113 112 111 106 105 104 101,"내과, 외과, 정형외과, 신경외과, 소아청소년과, 안과, 이비인후과, 피부과, 가정의학과",의원,PHMA120163520019041100005,3520000,"인천광역시 연수구 용담로 153, 201호 (연수동, 대동월드스포츠센터)",21930,03,폐업,0,,,032-815-7574
사과나무정신건강의학과의원,의원,2021-01-14,168498.624341035,431563.608667027,2026-04-22 22:32:33,I,03,폐업,82.5,1,0,2021-01-13 21:51:38,,2016-02-23,,,103,정신건강의학과,의원,PHMA120163520019041100006,3520000,"인천광역시 연수구 하모니로 124 (송도동, 송도타운 302호 일부)",21998,03,폐업,0,2020-10-21,2020-11-22,032-834-0830
송도연세정형외과의원,의원,2022-03-24,168452.95332042,432581.44247634,2026-04-22 22:32:33,I,03,폐업,873.24,3,0,2022-03-11 17:34:55,,2016-04-04,,,122 115 114 111 109 108 106 105 104 101,"내과, 외과, 정형외과, 신경외과, 성형외과, 마취통증의학과, 소아청소년과, 피부과, 비뇨의학과, 가정의학과",의원,PHMA120163520019041100009,3520000,"인천광역시 연수구 해돋이로 167, 2, 3층 (송도동, 힐링플라자)",22003,03,폐업,0,,,032-832-5488
아주맑은소아청소년과의원,의원,2020-06-05,172046.025602008,434468.611547525,2026-04-22 22:32:33,I,03,폐업,112.44,1,0,2020-06-05 09:49:23,,2016-04-07,,인천광역시 연수구 연수동 634번지 연수우성2차아파트,114 113 111 101,"내과, 소아청소년과, 이비인후과, 피부과",의원,PHMA120163520019041100010,3520000,"인천광역시 연수구 원인재로 180, 254,255-2호 (연수동, 연수우성2차아파트)",21931,03,폐업,0,,,032-821-2123
연수한의원,한의원,2019-08-10,171537.866847715,434652.649709806,2026-04-22 22:32:34,I,03,폐업,91.07,1,0,2019-08-09 15:07:25,,2016-10-18,,,308 307 306 305 304 303 302 301,"한방내과, 한방부인과, 한방소아과, 한방안·이비인후·피부과, 한방신경정신과, 한방재활의학과, 사상체질과, 침구과",한의원,PHMA120163520019041100021,3520000,"인천광역시 연수구 용담로 136, 2층 (연수동, 새롬빌딩)",21929,03,폐업,0,,,032-812-7152
시카고성형외과의원,의원,2016-11-21,168950.36271031,432597.078074858,2026-04-22 22:32:34,I,03,폐업,458.64,1,0,2016-11-21 16:31:05,,2016-11-02,,,114 108,"성형외과, 피부과",의원,PHMA120163520019041100023,3520000,"인천광역시 연수구 컨벤시아대로 81, 704호 (송도동, 드림시티)",21995,03,폐업,0,,,032-834-7577
시카고성형외과의원,의원,2017-04-04,168950.36271031,432597.078074858,2026-04-22 22:32:34,I,03,폐업,292.5,1,0,2020-01-08 15:23:43,,2016-12-01,,,114 108 101,"내과, 성형외과, 피부과",의원,PHMA120163520019041100025,3520000,"인천광역시 연수구 컨벤시아대로 81, 704호 (송도동, 드림시티)",21995,03,폐업,0,,,032-834-7577
송도한의원,한의원,2017-11-30,169154.170122876,432697.860189813,2026-04-22 22:32:34,I,03,폐업,106.08,1,0,2017-11-29 17:44:58,,2017-03-24,,,308 307 306 305 304 303 302 301,"한방내과, 한방부인과, 한방소아과, 한방안·이비인후·피부과, 한방신경정신과, 한방재활의학과, 사상체질과, 침구과",한의원,PHMA120173520019041100002,3520000,"인천광역시 연수구 신송로 122, 309호 (송도동, 송도프라자)",21994,03,폐업,0,,,032-834-9775
연수와이에스케이(YSK)안과의원,의원,2021-12-01,171270.050551518,434664.092693547,2026-04-22 22:32:34,I,03,폐업,667.67,1,0,2021-11-29 20:34:15,,2017-05-19,,,112,안과,의원,PHMA120173520019041100006,3520000,"인천광역시 연수구 청능대로 103, 4층 (연수동)",21927,03,폐업,0,,,032-815-3487
송도서민교치과의원,치과의원,2020-04-17,168516.335138065,432652.616611549,2026-04-22 22:32:34,I,03,폐업,264.97,1,0,2020-04-23 15:25:39,,2017-10-12,,,411 410 409 408 407 406 405 404 403 402,"구강악안면외과, 치과보철과, 치과교정과, 소아치과, 치주과, 치과보존과, 구강내과, 영상치의학과, 구강병리과, 예방치과",치과의원,PHMA120173520019041100014,3520000,"인천광역시 연수구 해돋이로 168, 302호 (송도동, 혜인프라자)",22002,03,폐업,0,,,032-831-2822
송도속내과의원,의원,2021-05-17,168600.456670273,432752.258533519,2026-04-22 22:32:34,I,03,폐업,132.6,1,0,2021-05-18 14:27:37,,2017-10-20,,,101,내과,의원,PHMA120173520019041100015,3520000,"인천광역시 연수구 해돋이로 168-15, 402호 (송도동, 글로벌시티프라자)",22002,03,폐업,0,,,032-868-8575
수한의원,한의원,2020-02-01,169103.386186776,432640.070759202,2026-04-22 22:32:34,I,03,폐업,106,1,0,2020-01-31 10:53:44,,2017-11-29,,인천광역시 연수구 송도동 3번지 4호 송도센타프라자,308 305 304 303 302 301,"한방내과, 한방부인과, 한방소아과, 한방안·이비인후·피부과, 한방신경정신과, 침구과",한의원,PHMA120173520019041100020,3520000,"인천광역시 연수구 신송로 121, 206호 (송도동, 센타프라자)",21995,03,폐업,0,,,032-833-7775
황치일치과교정과치과의원,치과의원,2023-08-31,168388.689313826,431493.027449169,2026-04-22 22:32:34,I,03,폐업,236.3,1,0,2023-08-30 16:26:27,,2017-12-12,,인천광역시 연수구 송도동 8번지 16호 일셋빌딩,404,치과교정과,치과의원,PHMA120173520019041100021,3520000,"인천광역시 연수구 테크노파크로111번길 15, 일셋빌딩 6층 (송도동)",21998,03,폐업,0,,,032-868-2077
퍼스트한의원,한의원,2021-11-19,167592.52558444,431851.075380967,2026-04-22 22:32:35,I,03,폐업,79,1,0,2021-11-19 19:53:35,,2018-01-15,,인천광역시 연수구 송도동 98번지 2호 송도아라플라자,308 307 306 305 304 303 302 301,"한방내과, 한방부인과, 한방소아과, 한방안·이비인후·피부과, 한방신경정신과, 한방재활의학과, 사상체질과, 침구과",한의원,PHMA120183520019041100004,3520000,"인천광역시 연수구 컨벤시아대로230번길 42, 송도아라플라자 205-1호 (송도동)",22009,03,폐업,0,,,032-851-6800
경희다둥이한의원,한의원,2019-08-31,168859.805484289,432863.844462376,2026-04-22 22:32:35,I,03,폐업,89.54,1,0,2019-08-30 11:11:11,,2018-02-12,,인천광역시 연수구 송도동 21번지 38호 더 마란츠타워,308 307 306 305 304 303 302 301,"한방내과, 한방부인과, 한방소아과, 한방안·이비인후·피부과, 한방신경정신과, 한방재활의학과, 사상체질과, 침구과",한의원,PHMA120183520019041100006,3520000,"인천광역시 연수구 신송로 153, 더 마란츠타워 307호 (송도동)",22002,03,폐업,0,,,032-831-8330
디플러스한의원,한의원,2021-01-25,169154.170122876,432697.860189813,2026-04-22 22:32:35,I,03,폐업,31,1,0,2021-01-25 15:24:55,,2018-10-23,,인천광역시 연수구 송도동 2번지 6호 송도프라자,308 307 306 305 304 303 302 301,"한방내과, 한방부인과, 한방소아과, 한방안·이비인후·피부과, 한방신경정신과, 한방재활의학과, 사상체질과, 침구과",한의원,PHMA120183520019041100024,3520000,"인천광역시 연수구 신송로 122, 송도프라자 (송도동)",21994,03,폐업,0,,,032-832-7533
연치과의원,치과의원,2023-02-24,170681.89889168,435649.139531741,2026-04-22 22:32:35,I,03,폐업,139.48,1,0,2023-03-02 13:32:24,,2018-11-27,,인천광역시 연수구 청학동 451 시대아파트,407 406 404 403 402,"구강악안면외과, 치과보철과, 치과교정과, 치주과, 치과보존과",치과의원,PHMA120183520019041100028,3520000,"인천광역시 연수구 용담로 11, 시대아파트 상가 201호 (청학동)",21916,03,폐업,0,,,032-834-0815
송도허브여성의원,의원,2022-11-18,168419.362734095,431613.198839382,2026-04-22 22:32:36,I,03,폐업,2532.55,10,9,2022-11-15 20:29:10,,2019-03-19,,인천광역시 연수구 송도동 8번지 9호 드 메티스 빌딩,122 111 110 104 101,"내과, 외과, 산부인과, 소아청소년과, 가정의학과",의원,PHMA120193520019041100005,3520000,"인천광역시 연수구 테크노파크로111번길 4, 드 메티스 빌딩 2~5층, 8층 (송도동)",21998,03,폐업,16,,,1577-5165
연세엘치과의원,치과의원,2021-02-25,168501.16549013,432572.229218078,2026-04-22 22:32:36,I,03,폐업,94.2,1,0,2021-02-26 11:17:29,,2019-04-05,,인천광역시 연수구 송도동 22번지 4호 차오름 프라자,411 410 409 408 407 406 405 404 403 402,"구강악안면외과, 치과보철과, 치과교정과, 소아치과, 치주과, 치과보존과, 구강내과, 영상치의학과, 구강병리과, 예방치과",치과의원,PHMA120193520019041100006,3520000,"인천광역시 연수구 해돋이로 165, 차오름 프라자 404호 (송도동)",22003,03,폐업,0,,,032-833-7573
조은산부인과의원,의원,2024-07-10,172820.555,435743.465,2026-04-22 22:32:36,I,03,폐업,135.15,1,0,2024-06-28 10:00:10,,2019-12-04,,인천광역시 연수구 선학동 368번지 1호 조은산부인과,110,산부인과,의원,PHMA120193520019041100023,3520000,"인천광역시 연수구 학나래로5번길 51, 조은산부인과 (선학동)",21911,03,폐업,0,,,032-818-5575
편안한한의원,한의원,2025-05-26,169154.170122876,432697.860189813,2026-04-22 22:32:37,I,03,폐업,106.08,1,0,2025-05-26 09:57:30,,2015-11-24,,,301 302 303 304 305 306 307 308 309,"한방내과, 한방부인과, 한방소아과, 한방안·이비인후·피부과, 한방신경정신과, 한방재활의학과, 사상체질과, 침구과, 한방응급과",한의원,PHMA120213520019041100004,3520000,"인천광역시 연수구 신송로 122, 송도프라자 310호 (송도동)",21994,03,폐업,0,,,032-831-2375
세라필의원,의원,2024-12-22,168501.16549013,432572.229218078,2026-04-22 22:32:37,I,03,폐업,239.44,1,0,2024-12-19 13:47:20,,2021-02-09,,"인천광역시 연수구 송도동 22-4 차오름 프라자 501,502호",122 114,"피부과, 가정의학과",의원,PHMA120213520019041100005,3520000,"인천광역시 연수구 해돋이로 165, 차오름 프라자 5층 501,502호 (송도동)",22003,03,폐업,0,,,032-833-1472
소망치과의원,치과의원,2022-03-31,171531.123906211,435221.645659096,2026-04-22 22:32:38,I,03,폐업,214.78,1,0,2022-03-31 08:55:26,,2021-03-09,,인천광역시 연수구 연수동 569,411 410 409 408 407 406 405 404 403 402,"구강악안면외과, 치과보철과, 치과교정과, 소아치과, 치주과, 치과보존과, 구강내과, 영상치의학과, 구강병리과, 예방치과",치과의원,PHMA120213520019041100014,3520000,"인천광역시 연수구 새말로 88, 2층 (연수동)",21925,03,폐업,0,,,032-822-2874
송도웰니스의원,의원,2024-09-15,167094.933098261,433775.888358481,2026-04-22 22:32:38,I,03,폐업,994.62,6,0,2024-09-13 08:43:26,,2021-06-08,,"인천광역시 연수구 송도동 29-1 한라 웨스턴파크 송도, E동 2층 224~234호",122 101,"내과, 가정의학과",의원,PHMA120213520019041100019,3520000,"인천광역시 연수구 아트센터대로168번길 100, 한라 웨스턴파크 송도 2층 224~234호 (송도동)",22006,03,폐업,0,,,032-832-2040
송도연세의원,의원,2023-03-31,168819.45004407,432817.941671748,2026-04-22 22:32:39,I,03,폐업,133.9,1,0,2023-03-22 15:14:26,,2022-03-04,,인천광역시 연수구 송도동 21-40 8층 801호일부 기은빌딩,122 114 113 111 110 103 101,"내과, 정신건강의학과, 산부인과, 소아청소년과, 이비인후과, 피부과, 가정의학과",의원,PHMA120223520019041100011,3520000,"인천광역시 연수구 신송로 157-9, 기은빌딩 8층 801호일부호 (송도동)",22002,03,폐업,0,,,032-719-7997
송도허브여성의원,의원,2023-11-24,168419.362734095,431613.198839382,2026-04-22 22:32:39,I,03,폐업,2532.55,1,9,2023-11-24 18:27:55,,2022-11-17,,인천광역시 연수구 송도동 8-9 드 메티스 빌딩,122 111 110 101,"내과, 산부인과, 소아청소년과, 가정의학과",의원,PHMA120223520019041100035,3520000,"인천광역시 연수구 테크노파크로111번길 4, 드 메티스 빌딩 2~5층, 8층 일부호 (송도동)",21998,03,폐업,16,,,1577-5165
동성한의원,한의원,2014-05-31,,,2026-04-22 23:08:22,I,03,폐업,0,1,0,2015-06-05 11:08:44,,1961-06-20,401-050,인천광역시 동구 창영동 8번지,301 303 302 308,"한방내과, 한방부인과, 한방소아과, 침구과",한의원,PHMA119613500020041100001,3500000,,,03,폐업,0,,,032-763-3636
지성소아청소년과의원,의원,2015-11-14,167801.232860752,441267.871252186,2026-04-22 23:08:23,I,03,폐업,250,2,0,2015-11-13 14:02:56,,1964-06-10,,인천광역시 동구 금곡동 10,111 101,"내과, 소아청소년과",의원,PHMA119643500020041100002,3500000,인천광역시 동구 송림로 14 (금곡동),22554,03,폐업,0,,,032-773-7200
덕성한의원,한의원,2019-06-25,168673.379390537,441721.031163896,2026-04-22 23:08:23,I,03,폐업,89.1,1,0,2019-06-26 13:05:15,,1965-06-08,,인천광역시 동구 송림6동 49-19,301 303 302 308,"한방내과, 한방부인과, 한방소아과, 침구과",한의원,PHMA119653500020041100003,3500000,인천광역시 동구 샛골로162번길 31 (송림동),22538,03,폐업,0,,,032-764-7427
최신한의원,한의원,2015-07-13,,,2026-04-22 23:08:23,I,03,폐업,0,1,0,2015-07-13 14:52:52,,1968-05-20,,인천광역시 동구 송림1동 236,301 303 302 308,"한방내과, 한방부인과, 한방소아과, 침구과",한의원,PHMA119683500020041100004,3500000,,,03,폐업,0,,,032-773-3200
명성한의원,한의원,2010-11-22,,,2026-04-22 23:08:23,I,03,폐업,0,1,0,2010-11-22 13:26:49,,1968-09-29,,"인천광역시 동구 송현1,2동 66",301 303 302 308 304,"한방내과, 한방부인과, 한방소아과, 한방안·이비인후·피부과, 침구과",한의원,PHMA119683500020041100005,3500000,,,03,폐업,0,,,032-773-1477
이정호치과의원,치과의원,2008-12-02,,,2026-04-22 23:08:23,I,03,폐업,0,1,0,2008-12-18 15:51:54,,1971-12-31,,인천광역시 동구 송현1동 99,207,구강내과,치과의원,PHMA119713500020041100001,3500000,,,03,폐업,0,,,032-761-1055
성광의원,의원,2012-11-29,,,2026-04-22 23:08:23,I,03,폐업,0,1,0,2012-11-29 21:08:24,,1971-03-10,,인천광역시 동구 송림4동 31-20,122,가정의학과,의원,PHMA119713500020041100002,3500000,,,03,폐업,0,,,032-766-6244
천수당한의원,한의원,2008-12-15,,,2026-04-22 23:08:24,I,03,폐업,0,1,0,2008-12-18 15:48:10,,1973-06-02,,인천광역시 동구 송림1동 203-6,301 303 302 308,"한방내과, 한방부인과, 한방소아과, 침구과",한의원,PHMA119733500020041100003,3500000,,,03,폐업,0,,,032-773-5041
조문환의원,의원,2018-10-07,167278.309470927,441767.447061527,2026-04-22 23:08:24,I,03,폐업,0,1,0,2018-10-15 15:55:35,,1978-09-06,401-030,인천광역시 동구 화평동 504번지 2호,101 111 122,"내과, 소아청소년과, 가정의학과",의원,PHMA119783500020041100005,3500000,"인천광역시 동구 송화로 1-1, 1층 (화평동)",22519,03,폐업,0,,,032-773-2000
조민형한의원,한의원,2025-04-30,167839.981550286,441325.537291422,2026-04-22 23:08:24,I,03,폐업,0,1,0,2025-04-30 17:00:52,,1981-09-17,,,301 303 302 308,"한방내과, 한방부인과, 한방소아과, 침구과",한의원,PHMA119813500020041100002,3500000,인천광역시 동구 송림로 17 (송림동),22553,03,폐업,0,,,032-766-1010
황인의원,의원,2022-03-02,167079.135987351,441965.073861215,2026-04-22 23:08:26,I,03,폐업,442.84,2,0,2022-03-02 17:02:56,,1991-02-27,,,101 105 111 104 116,"내과, 외과, 정형외과, 소아청소년과, 영상의학과",의원,PHMA119913500020041100003,3500000,인천광역시 동구 화평로 30 (화평동),22519,03,폐업,0,,,032-772-4848
백송치과의원,치과의원,2023-04-28,169653.061072083,442555.053277966,2026-04-22 23:08:29,I,03,폐업,85.72,1,0,2023-04-28 16:02:00,,1997-10-22,,,408,구강내과,치과의원,PHMA119973500020041100001,3500000,"인천광역시 동구 방축로 105, C동 212호 (송림동, 산업유통센터편익상가)",22530,03,폐업,0,,,032-589-2875
인천광역시의료원 부설한의원,한의원,2012-02-16,170618.216753839,441878.52453042,2026-04-22 23:08:31,I,03,폐업,385.93,1,0,2016-01-21 16:45:43,,1997-05-12,,,301 302 304 308,"한방내과, 한방부인과, 한방안·이비인후·피부과, 침구과",한의원,PHMA119973500020041100004,3500000,"인천광역시 동구 방축로 217 (송림동, 인천광역시의료원)",22532,03,폐업,0,,,032-580-6000
보민한의원,한의원,2024-02-02,168435.210376958,441579.499391441,2026-04-22 23:08:32,I,03,폐업,215.11,1,0,2024-02-02 11:42:59,,1998-06-27,401-813,인천광역시 동구 송림동 55번지 16호 2층,301 303 302 308,"한방내과, 한방부인과, 한방소아과, 침구과",한의원,PHMA119983500020041100002,3500000,"인천광역시 동구 송림로 83, 2층 (송림동)",22543,03,폐업,0,,,032-765-9125
동부메디칼의원,의원,2007-10-16,168906.184737036,440965.824217515,2026-04-22 23:08:36,I,03,폐업,0,1,0,2013-11-10 14:36:38,,2000-09-30,401-070,인천광역시 동구 송림동 94번지 2호,104 105 101 122 111,"내과, 외과, 정형외과, 소아청소년과, 가정의학과",의원,PHMA120003500020041100004,3500000,인천광역시 동구 동산로 23 (송림동),,03,폐업,2,,,
동인천정형외과의원,의원,2009-11-02,,,2026-04-22 23:08:39,I,03,폐업,740.08,1,6,2009-11-03 11:48:55,,2001-09-29,,인천광역시 동구 화평동 527-14,105 106 101 111 120 115 114 104,"내과, 외과, 정형외과, 신경외과, 소아청소년과, 피부과, 비뇨의학과, 재활의학과",의원,PHMA120013500020041100005,3500000,,,03,폐업,29,,,032-777-8008
청솔한의원,한의원,2013-01-02,,,2026-04-22 23:08:39,I,03,폐업,144.61,1,0,2013-01-02 14:11:57,,2001-04-10,,인천광역시 동구 송림6동 51-7,301 302 308 305 304,"한방내과, 한방부인과, 한방안·이비인후·피부과, 한방신경정신과, 침구과",한의원,PHMA120013500020041100006,3500000,,,03,폐업,0,,,032-765-1075
성모메디칼의원,의원,2021-07-27,168552.137211319,442055.71619329,2026-04-22 23:08:41,I,03,폐업,522.38,1,13,2021-07-27 16:40:15,,2002-08-05,,인천광역시 동구 송현3동 12-19,105.104 101 111 105 106 104 113,"내과, 외과, 정형외과, 신경외과, 소아청소년과, 이비인후과",의원,PHMA120023500020041100002,3500000,인천광역시 동구 샛골로 199 (송현동),22540,03,폐업,29,,,032-777-9114
송림성모의원,의원,2022-12-01,168459.499515716,441544.083777443,2026-04-22 23:08:42,I,03,폐업,148.98,1,0,2022-12-01 17:43:35,,2002-09-17,,"인천광역시 동구 송림2동 58-1,58-27",101 111 114 113 109 105 120 116 122,"내과, 정형외과, 마취통증의학과, 소아청소년과, 이비인후과, 피부과, 영상의학과, 재활의학과, 가정의학과",의원,PHMA120023500020041100004,3500000,인천광역시 동구 송림로 84 (송림동),22556,03,폐업,0,,,032-766-7585
인선호내과의원,의원,2011-10-24,,,2026-04-22 23:08:46,I,03,폐업,174.42,1,0,2011-10-25 17:35:50,,2003-03-26,,인천광역시 동구 송현2동 56-194,101 111 113 114 122,"내과, 소아청소년과, 이비인후과, 피부과, 가정의학과",의원,PHMA120033500020041100005,3500000,,,03,폐업,0,,,032-765-8275
우리아이소아과,의원,2013-03-25,167752.856366587,441943.71744927,2026-04-22 23:08:47,I,03,폐업,101.55,1,0,2017-06-09 09:25:11,,2003-04-24,,,101 113 111,"내과, 소아청소년과, 이비인후과",의원,PHMA120033500020041100008,3500000,"인천광역시 동구 송현로 38 (송현동, 송현프라자)",22547,03,폐업,0,,,
제중종합한의원,한의원,2015-09-20,168886.354773424,441659.372458155,2026-04-22 23:08:50,I,03,폐업,104.95,1,0,2016-03-10 18:06:27,,2003-11-03,401-070,"인천광역시 동구 송림동 43번지 20호 1층전부, 2층일부",301 302 303 308 304 305,"한방내과, 한방부인과, 한방소아과, 한방안·이비인후·피부과, 한방신경정신과, 침구과",한의원,PHMA120033500020041100012,3500000,인천광역시 동구 새천년로 98 (송림동),22571,03,폐업,0,,,032-773-0052
청아치과의원,치과의원,2010-04-19,167542.943096383,441766.631176199,2026-04-22 23:08:50,I,03,폐업,331.76,3,0,2010-04-19 16:23:16,,2004-10-11,401-040,"인천광역시 동구 송현동 72번지 82호 234,117        (1,2층)",401,치과,치과의원,PHMA120043500020041100002,3500000,"인천광역시 동구 송현로 9 (송현동,234,117        (1,2층))",,03,폐업,0,,,032-773-1269
송림한의원,한의원,2017-10-10,168558.709212438,441568.416283061,2026-04-22 23:08:52,I,03,폐업,103.56,1,0,2017-10-10 13:13:13,,2004-08-02,,인천광역시 동구 송림6동 60-5 송림메디칼빌딩 503호,301 302 303 308,"한방내과, 한방부인과, 한방소아과, 침구과",한의원,PHMA120043500020041100005,3500000,"인천광역시 동구 송림로 96, 503호 (송림동, 송림메디칼센터)",22558,03,폐업,0,,,032-762-3025
신통의원,의원,2009-11-30,,,2026-04-22 23:08:54,I,03,폐업,139.3,1,0,2009-11-30 11:42:07,,2005-08-01,,인천광역시 동구 송림2동 124-2,109 105 120 101 111 114 115 104,"내과, 외과, 정형외과, 마취통증의학과, 소아청소년과, 피부과, 비뇨의학과, 재활의학과",의원,PHMA120053500020041100003,3500000,,,03,폐업,0,,,032-773-4859
고려ABC의원,의원,2011-02-08,167531.496526266,442083.392422904,2026-04-22 23:08:54,I,03,폐업,717,1,10,2011-02-09 09:21:55,,2005-10-07,401-042,인천광역시 동구 송현2동 66번지 283호 지상2.3.4층,105 111 114 115 101 113 110 122 104,"내과, 외과, 정형외과, 산부인과, 소아청소년과, 이비인후과, 피부과, 비뇨의학과, 가정의학과",의원,PHMA120053500020041100004,3500000,"인천광역시 동구 송화로44번길 13-1 (송현동,지상2.3.4층)",,03,폐업,29,,,032-763-3005
박문외과의원,의원,2009-12-05,,,2026-04-22 23:08:57,I,03,폐업,777.11,1,0,2009-12-04 17:50:30,,2008-01-08,,인천광역시 동구 송림동 94-2,104 105 106 101 111,"내과, 외과, 정형외과, 신경외과, 소아청소년과",의원,PHMA120083500020041100001,3500000,,,03,폐업,29,,,032-764-0075
기쁜우리의원,의원,2008-12-08,,,2026-04-22 23:08:57,I,03,폐업,179.01,1,0,2008-12-18 15:50:39,,2008-06-25,,인천광역시 동구 화평동 527-5,101 111 114 105,"내과, 정형외과, 소아청소년과, 피부과",의원,PHMA120083500020041100002,3500000,,,03,폐업,0,,,032-766-8275
이사랑치과의원,치과의원,2010-02-19,168728.876265152,442028.672916812,2026-04-22 23:08:58,I,03,폐업,86.1,1,0,2010-03-03 10:54:00,,2009-02-19,401-076,인천광역시 동구 송림6동 32번지 103호 2층,201 204 207 210 202 205 203 206 208,"구강악안면외과, 치과보철과, 치과교정과, 소아치과, 치주과, 치과보존과, 구강내과, 구강악안면방사선과, 예방치과",치과의원,PHMA120093500020041100001,3500000,"인천광역시 동구 인중로 680 (송림동,2층)",,03,폐업,0,,,032-772-7528
기쁜우리의원,의원,2009-11-16,167369.23489571,441791.102674425,2026-04-22 23:08:59,I,03,폐업,835.36,2,8,2009-11-16 15:01:04,,2009-04-14,401-030,"인천광역시 동구 화평동 527번지 5호 2,3,4,5층",101 105 104 111 113 114 115 108 109,"내과, 외과, 정형외과, 성형외과, 마취통증의학과, 소아청소년과, 이비인후과, 피부과, 비뇨의학과",의원,PHMA120093500020041100002,3500000,"인천광역시 동구 화도진로 63 (화평동,2,3,4,5층)",,03,폐업,27,,,032-766-8275
하나의원,의원,2009-11-20,168610.355242663,441587.223222706,2026-04-22 23:09:00,I,03,폐업,183,1,0,2009-11-20 11:21:48,,2009-09-21,401-076,인천광역시 동구 송림6동 61번지 18호 2층,101 104 122 114,"내과, 외과, 피부과, 가정의학과",의원,PHMA120093500020041100004,3500000,"인천광역시 동구 송림로 100 (송림동,2층)",,03,폐업,1,,,
사단법인기쁜우리의원,의원,2010-06-24,,,2026-04-22 23:09:00,I,03,폐업,831.6,1,8,2010-06-24 17:10:33,,2009-11-20,401-030,"인천광역시 동구 화평동 527번지 2,3,4,5층",101 105 104 111 113 114 115 108 109,"내과, 외과, 정형외과, 성형외과, 마취통증의학과, 소아청소년과, 이비인후과, 피부과, 비뇨의학과",의원,PHMA120093500020041100005,3500000,,,03,폐업,27,,,032-766-8275
신통의원,의원,2010-10-14,168508.604868683,441801.209110274,2026-04-22 23:09:01,I,03,폐업,139.3,1,0,2010-10-15 10:40:09,,2010-03-03,401-072,인천광역시 동구 송림2동 124번지 2호 지상1층,101 104 105 109 111 114 115 120,"내과, 외과, 정형외과, 마취통증의학과, 소아청소년과, 피부과, 비뇨의학과, 재활의학과",의원,PHMA120103500020041100001,3500000,"인천광역시 동구 샛골로 173 (송림동,지상1층)",,03,폐업,0,,,032-773-8275
장수한의원,한의원,2011-02-24,167525.869262705,441665.32154988,2026-04-22 23:09:02,I,03,폐업,95.61,1,0,2011-02-24 11:16:24,,2010-07-16,401-041,인천광역시 동구 송현1동 99번지 15호 지상2층,301 302 303 306 305 304 307 308,"한방내과, 한방부인과, 한방소아과, 한방안·이비인후·피부과, 한방신경정신과, 한방재활의학과, 사상체질과, 침구과",한의원,PHMA120103500020041100003,3500000,"인천광역시 동구 솔빛로 2 (송현동,지상2층)",,03,폐업,0,,,032-422-5911
하나의원,의원,2010-10-04,168610.355242663,441587.223222706,2026-04-22 23:09:03,I,03,폐업,219.74,1,0,2010-10-04 17:46:02,,2010-09-16,401-070,인천광역시 동구 송림동 61번지 18호,114 105 101 110,"내과, 정형외과, 산부인과, 피부과",의원,PHMA120103500020041100004,3500000,인천광역시 동구 송림로 100 (송림동),,03,폐업,0,,,
신통하다신통의원,의원,2012-10-17,168508.604868683,441801.209110274,2026-04-22 23:09:03,I,03,폐업,165,1,0,2014-11-10 10:08:28,,2010-10-25,401-072,인천광역시 동구 송림2동 124번지 2호 지상1층,101 106 104 105 109 111 113 114 115 120 122 108 110,"내과, 외과, 정형외과, 신경외과, 성형외과, 마취통증의학과, 산부인과, 소아청소년과, 이비인후과, 피부과, 비뇨의학과, 재활의학과, 가정의학과",의원,PHMA120103500020041100005,3500000,"인천광역시 동구 샛골로 173 (송림동,지상1층)",,03,폐업,0,,,032-773-8275
연세메디칼의원,의원,2012-05-27,168906.184737036,440965.824217515,2026-04-22 23:09:03,I,03,폐업,777.11,1,11,2012-05-25 13:58:11,,2011-01-14,401-817,인천광역시 동구 송림3.5동 94번지 2호,101 104 107 105 108 111 114 115,"내과, 외과, 정형외과, 심장혈관흉부외과, 성형외과, 소아청소년과, 피부과, 비뇨의학과",의원,PHMA120113500020041100001,3500000,인천광역시 동구 동산로 23 (송림동),,03,폐업,28,,,032-427-7766
행복성심의원,의원,2017-09-27,167531.496526266,442083.392422904,2026-04-22 23:09:04,I,03,폐업,718.15,2,9,2017-09-27 16:52:50,,2011-02-14,401-041,인천광역시 동구 송현1.2동 66번지 283호,101 105 104 111 112 113 114 115 110 122,"내과, 외과, 정형외과, 산부인과, 소아청소년과, 안과, 이비인후과, 피부과, 비뇨의학과, 가정의학과",의원,PHMA120113500020041100002,3500000,인천광역시 동구 송화로44번길 13-1 (송현동),22523,03,폐업,22,,,032-777-7233
서울나무치과의원,치과의원,2022-08-01,167497.434423957,441715.322725845,2026-04-22 23:09:05,I,03,폐업,140,2,0,2024-04-22 10:59:32,,2011-03-02,,인천광역시 동구 송현동 72번지 129호 송현프라자,408 407 406 405 404 403 402,"구강악안면외과, 치과보철과, 치과교정과, 소아치과, 치주과, 치과보존과, 구강내과",치과의원,PHMA120113500020041100003,3500000,"인천광역시 동구 송현로 1 (송현동, 송현프라자)",22549,03,폐업,0,,,032-763-2875
행복치과의원,치과의원,2016-08-30,167531.496526266,442083.392422904,2026-04-22 23:09:07,I,03,폐업,40.15,1,0,2016-09-02 16:12:13,,2012-12-03,401-041,인천광역시 동구 송현1.2동 66번지 283호,401,치과,치과의원,PHMA120123500020041100004,3500000,인천광역시 동구 송화로44번길 13-1 (송현동),22523,03,폐업,0,,,
솔빛소아청소년과의원,의원,2015-10-12,167752.856366587,441943.71744927,2026-04-22 23:09:08,I,03,폐업,101.55,1,0,2015-10-26 14:29:51,,2013-04-11,401-040,인천광역시 동구 송현동 158번지 송현프라자 401호,111,소아청소년과,의원,PHMA120133500020041100001,3500000,"인천광역시 동구 송현로 38, 401호 (송현동, 송현프라자)",22547,03,폐업,0,,,032-777-6242
이승진한의원,한의원,2018-05-12,168573.41040848,441875.116287818,2026-04-22 23:09:09,I,03,폐업,55,1,0,2018-05-16 09:45:48,,2013-07-01,401-823,인천광역시 동구 송림동 51번지 7호,301 303 302 304 307 305 308 306,"한방내과, 한방부인과, 한방소아과, 한방안·이비인후·피부과, 한방신경정신과, 한방재활의학과, 사상체질과, 침구과",한의원,PHMA120133500020041100002,3500000,"인천광역시 동구 샛골로 182, 2층 (송림동)",22544,03,폐업,0,,,
새맑은의원,의원,2017-11-28,167794.894567136,442057.863602865,2026-04-22 23:09:10,I,03,폐업,174.42,1,0,2017-11-28 12:59:03,,2014-09-02,,,101 113 111 112,"내과, 소아청소년과, 안과, 이비인후과",의원,PHMA120143500020041100003,3500000,"인천광역시 동구 송현로 47, 2층 (송현동)",22546,03,폐업,0,,,
한중한의원,한의원,2017-05-02,167479.704369856,441934.224671016,2026-04-22 23:09:11,I,03,폐업,213.33,1,0,2017-05-02 13:28:52,,2015-09-21,,,308 304 303 302 301,"한방내과, 한방부인과, 한방소아과, 한방안·이비인후·피부과, 침구과",한의원,PHMA120153500020041100003,3500000,"인천광역시 동구 수문통로 29, 3층 (화평동)",22520,03,폐업,0,,,032-574-5500
경인한의원,한의원,2025-10-02,167369.23489571,441791.102674425,2026-04-22 23:09:14,I,03,폐업,764.76,2,10,2025-12-10 17:30:28,,2018-06-08,,인천광역시 동구 화평동 527-5,308 307 306 305 304 303 302 301,"한방내과, 한방부인과, 한방소아과, 한방안·이비인후·피부과, 한방신경정신과, 한방재활의학과, 사상체질과, 침구과",한의원,PHMA120183500020041100002,3500000,"인천광역시 동구 화도진로 63, 2,3,4,5층 (화평동)",22519,03,폐업,29,,,032-777-7588
서울100세의원,의원,2024-03-12,168419.081423457,441515.428828747,2026-04-22 23:09:16,I,03,폐업,330,1,6,2024-03-12 13:22:14,,2020-04-09,,인천광역시 동구 송림동 57-1 송림센트럴타워,122 120 114 113 111 108 106 105 104 102 101,"내과, 신경과, 외과, 정형외과, 신경외과, 성형외과, 소아청소년과, 이비인후과, 피부과, 재활의학과, 가정의학과",의원,PHMA120203500020041100001,3500000,"인천광역시 동구 송림로 80, 송림센트럴타워 3층 (송림동)",22556,03,폐업,13,,,032-772-1002
연수의원,의원,2024-12-31,172320.096202512,434792.457143694,2026-04-22 22:31:49,I,03,폐업,0,1,0,2025-04-12 13:48:03,,1993-02-24,406-761,연수동,101 111 113,"내과, 소아청소년과, 이비인후과",의원,PHMA119933520019041100002,3520000,"인천광역시 연수구 원인재로 212 (연수동, 시영1차상가)",21932,03,폐업,0,,,032-812-7575
