사업장명,폐업일자,좌표X,좌표Y,데이터갱신시점,데이터갱신구분,상세영업상태코드,상세영업상태명,최종수정시점,인허가취소일자,인허가일자,소재지우편번호,지번주소,관리번호,개방자치단체코드,도로명주소,도로명우편번호,영업상태구분코드,영업상태명,휴업시작일자,휴업종료일자,소재지전화번호,총규모
투윤컴퍼니,,175449.915234411,447704.980176455,2026-04-22 22:37:56,I,13,영업중,2025-06-18 09:29:39,,2023-02-27,,인천광역시 계양구 작전동 ***-**,PHMG120253550020047000029,3550000,"인천광역시 계양구 계양대로 **, *층 ***호 (작전동)",21091,01,영업/정상,,,,99
감성을입다,,176019.689998955,448532.062945231,2026-04-22 22:37:18,I,13,영업중,2024-11-04 09:12:17,,2024-10-31,,인천광역시 계양구 계산동 **-* 인정프린스아파트,PHMG120243550020047000073,3550000,"인천광역시 계양구 계산새로*번길 **, ***동 ***호 (계산동, 인정프린스아파트)",21059,01,영업/정상,,,,104.55
아시모프랩,,156686.289755756,466769.205029783,2026-04-22 22:32:23,I,13,영업중,2024-09-20 17:46:54,,2024-09-13,,,PHMG120243570013047000010,3570000,"인천광역시 강화군 선원면 연동로**번길  **-* , 아시모프랩",23043,01,영업/정상,,,,117.12
세진컴퍼니,,169520.340450671,440520.137272881,2026-04-22 22:33:09,I,15,전출,2023-12-27 11:30:44,,2022-05-09,,인천광역시 미추홀구 숭의동 **-** 제물포 지하도 상가,PHMG120223510513047000197,3510500,"인천광역시 미추홀구 경인로 지하***, 제물포 지하도 상가 **호 (숭의동)",22106,05,제외/삭제/전출,,,,26.4
해피베이비,,173767.426219215,444794.439991356,2026-04-22 22:32:36,I,13,영업중,2013-10-21 15:28:32,,2011-07-07,403-836,인천광역시 부평구 산곡*동 ***번지 **호 롯데마트 산곡지점 *층,PHMG120113540021047000046,3540000,"인천광역시 부평구 마장로 ***, *층 (산곡동, 룻데마트 산곡지점)",21362,01,영업/정상,,,,
(주)은마 인천지점,,175973.713925042,442929.073592721,2026-04-22 22:32:20,I,13,영업중,2016-11-10 14:14:04,,2007-06-28,403-827,인천광역시 부평구 부평동 ***번지 **호,PHMG120073540021047000013,3540000,인천광역시 부평구 장제로 ** (부평동),21406,01,영업/정상,,,032-556-2923,
(주)수성팜,,173836.212892723,443519.7611855,2026-04-22 22:38:47,I,13,영업중,2022-07-08 16:21:59,,2022-07-07,,인천광역시 부평구 산곡동 ***-** *층 일부(***호),PHMG120223540021047000223,3540000,"인천광역시 부평구 마장로***번길 **, *층 일부(***호) (산곡동)",21382,01,영업/정상,,,,
㈜해피의료기,2006-12-11,,,2026-04-22 22:32:07,I,03,폐업,2009-04-22 11:38:54,,2006-03-08,407-300,인천광역시 계양구 임학동 *-**(*F),PHMG120063550020047000007,3550000,,,03,폐업,,,032-555-7525,
지바프로,,176473.122532504,448843.518393659,2026-04-22 22:38:04,I,13,영업중,2025-08-07 09:02:20,,2025-08-06,,인천광역시 계양구 계산동 ** 계산주공아파트,PHMG120253550020047000044,3550000,"인천광역시 계양구 경명대로****번길 *, ***동 ***호 (계산동, 계산주공아파트)",21057,01,영업/정상,,,,41.3
위사카,2022-01-26,177129.065292383,447809.905922551,2026-04-22 22:32:55,I,03,폐업,2022-01-26 18:27:17,,2021-09-09,,인천광역시 계양구 작전동 ***-* 도두리마을대동아파트,PHMG120213550020047000081,3550000,"인천광역시 계양구 도두리로 **, ***동 ****호 (작전동, 도두리마을대동아파트)",21081,03,폐업,,,,
비엠(BM)헬스케어(브레인온),2022-11-18,175443.600387486,448501.590640248,2026-04-22 22:32:55,I,03,폐업,2022-11-19 11:40:13,,2019-07-26,,인천광역시 계양구 계산동 ***-**,PHMG120213550020047000076,3550000,"인천광역시 계양구 계양대로 ***, *층 (계산동)",21055,03,폐업,,,,154.7
참누리 바이오텍,2017-08-01,175060.590529847,444646.454388293,2026-04-22 22:32:37,I,03,폐업,2017-08-01 10:53:10,,2012-08-30,403-818,인천광역시 부평구 부평*동 **번지 **호 *층,PHMG120123540021047000026,3540000,"인천광역시 부평구 원적로 ***, *층 (부평동)",21365,03,폐업,,,070-8230-6001,
콤마드림컴퍼니,,175038.203391524,446135.088587101,2026-04-22 22:39:24,I,13,영업중,2025-11-17 16:20:59,,2025-11-17,,인천광역시 부평구 청천동 ***-* *층 ***(일부)호,PHMG120253540021047000082,3540000,"인천광역시 부평구 평천로***번길 **, *층 ***(일부)호 (청천동)",21315,01,영업/정상,,,,19.5
(주)케이에스메디케어,,171582.904300544,439879.548598189,2026-04-22 22:32:45,I,13,영업중,2023-07-20 11:31:53,,2017-04-04,,,PHMG120173510021047000008,3510500,"인천광역시 미추홀구 석바위로 **-*, **층 ****호 (주안동, 영빌딩)",22139,01,영업/정상,,,,13.2
이마트24인천코아루점,,176763.216208234,448874.492576232,2026-04-22 22:32:58,I,13,영업중,2022-02-17 14:30:24,,2022-02-17,,인천광역시 계양구 용종동 ***-* 인천 계양 코아루 센트럴파크,PHMG120223550020047000067,3550000,"인천광역시 계양구 계양문화로 ***, ***동 ***호 (용종동, 인천 계양 코아루 센트럴파크)",21060,01,영업/정상,,,,
(주)롯데하이마트 계양점,,176599.816295302,448767.427225648,2026-04-22 22:32:38,I,13,영업중,2020-11-27 10:25:17,,2015-03-16,407-054,인천광역시 계양구 계산동 ****번지 *호 (주)롯데하이마트 계양점 *층,PHMG120153550020047000016,3550000,"인천광역시 계양구 장제로 ***, *층 (계산동, (주)롯데하이마트 계양점 )",21060,01,영업/정상,,,032-552-7200,6987.58
세븐일레븐 도화마이다스점,2019-10-25,171078.113650614,439724.726820274,2026-04-22 22:32:33,I,03,폐업,2019-10-28 09:55:22,,2014-10-27,402-809,인천광역시 미추홀구 도화동 ***-*번지 삼라마이다스빌딩 *층 ***호,PHMG120143510021047000026,3510500,"인천광역시 미추홀구 제일로 **, *층 ***호 (도화동, 삼라마이다스빌딩)",22138,03,폐업,,,,
다미2080,,176537.125,445107.025,2026-04-22 22:38:31,I,13,영업중,2022-02-08 10:22:58,,2022-02-03,,"인천광역시 부평구 삼산동 ***-* SM프라자, ***호 일부(***-*호)",PHMG120223540021047000028,3540000,"인천광역시 부평구 충선로***번길 **, SM프라자 ***호 일부(***-*호)호 (삼산동)",21344,01,영업/정상,,,032-325-0807,
텐텐,,175932.418970463,443140.645035689,2026-04-22 22:32:36,I,13,영업중,2013-10-21 14:58:46,,2011-08-18,403-822,인천광역시 부평구 부평*동 ***번지 **호 *층,PHMG120113540021047000054,3540000,"인천광역시 부평구 광장로**번길 **-*, *층 (부평동)",21404,01,영업/정상,,,,
세븐일레븐계양효성대산점,2019-10-17,174928.08031077,447309.879639644,2026-04-22 22:32:36,I,03,폐업,2019-10-17 20:39:12,,2014-11-06,407-042,인천광역시 계양구 효성동 ***번지 *호,PHMG120143550020047000067,3550000,인천광역시 계양구 새벌로 *** (효성동),21111,03,폐업,,,,72.6
지에스25부개휴먼시아점,2025-12-19,177073.989981764,444250.50275878,2026-04-22 22:37:28,I,03,폐업,2025-12-17 13:21:18,,2021-05-06,,인천광역시 부평구 부개동 ***-* ***호 일부,PHMG120213540021047000040,3540000,"인천광역시 부평구 부흥북로 ***, ***호 일부 (부개동)",21350,03,폐업,,,032-517-5257,104.49
심천식품강화대리점,2020-10-16,156252.32281128,471087.974079484,2026-04-22 22:32:08,I,03,폐업,2020-12-27 16:16:35,,2017-06-30,,인천광역시 강화군 강화읍 갑곳리 ***-**,PHMG120173570013047000006,3570000,인천광역시 강화군 강화읍 강화대로 ***,23025,03,폐업,,,,38
김정문알로에이온수기,,172439.882878687,439715.277481402,2026-04-22 22:32:08,I,13,영업중,2009-01-06 13:47:39,,2009-01-06,402-206,"인천광역시 미추홀구 주안동 ****-*번지 삼미쇼핑*층 **,**호",PHMG120093510021047000001,3510500,"인천광역시 미추홀구 경원대로 ***  (주안동,삼미쇼핑*층 **,**호)",,01,영업/정상,,,032-426-7500,
신이인터내셔널,2009-01-28,,,2026-04-22 22:32:09,I,03,폐업,2009-04-22 10:22:04,,2007-06-19,407-050,인천광역시 계양구 계산동 ***-**(***호),PHMG120073550020047000017,3550000,,,03,폐업,,,032-203-8882,
시즌,,168729.133229086,440227.808449655,2026-04-22 22:33:10,I,13,영업중,2022-05-12 11:37:14,,2021-02-09,,인천광역시 미추홀구 숭의동 ***-* 다우림 ***동,PHMG120223510513047000198,3510500,"인천광역시 미추홀구 경인로 **, 다우림 ***동 ****호 (숭의동)",22169,01,영업/정상,,,,59.94
(주)구들장,2017-03-08,175119.872281497,443502.318221991,2026-04-22 22:32:36,I,03,폐업,2017-03-08 13:15:14,,2011-06-14,403-818,인천광역시 부평구 부평*동 **번지 ***호,PHMG120113540021047000032,3540000,인천광역시 부평구 부평문화로 ** (부평동),21387,03,폐업,,,070-4351-1956,
코레일유통(주) 부평2층맞이방편의점,,175405.11373693,443089.591009306,2026-04-22 22:39:11,I,13,영업중,2025-03-27 10:40:52,,2023-09-08,,인천광역시 부평구 부평동 ***-** 부평민자역사 *층 맞이방,PHMG120233540021047000106,3540000,"인천광역시 부평구 광장로 **, 부평민자역사 *층 맞이방 (부평동)",21404,01,영업/정상,,,02-526-6483,
D.Bridge 코리아,,176607.326609066,448516.12033842,2026-04-22 22:32:47,I,13,영업중,2018-08-23 14:23:17,,2010-10-12,,인천광역시 계양구 계산동 ****번지 하이베라스빌딩 ***-*호,PHMG120183550020047000035,3550000,"인천광역시 계양구 계산새로 **, 하이베라스빌딩 D동 ***-*호 (계산동)",21060,01,영업/정상,,,032-542-7237,40
세븐일레븐 인천작전점,,175621.048417846,447326.150332753,2026-04-22 22:32:54,I,13,영업중,2024-02-19 20:19:29,,2021-05-10,,인천광역시 계양구 작전동 ***-*,PHMG120213550020047000044,3550000,인천광역시 계양구 효서로 *** (작전동),21120,01,영업/정상,,,,49.5
미건의료기,,169510.358938558,440424.47949576,2026-04-22 22:32:46,I,13,영업중,2021-04-06 14:27:30,,2018-10-17,,인천광역시 미추홀구 숭의동 **-**,PHMG120183510513047000027,3510500,"인천광역시 미추홀구 수봉로 *, *층 (숭의동)",22163,01,영업/정상,,,,159.48
슈올즈,,175369.11896004,443767.639717783,2026-04-22 22:39:18,I,13,영업중,2024-11-18 13:49:32,,2024-11-18,,인천광역시 부평구 부평동 ***-** *층 전체,PHMG120243540021047000114,3540000,"인천광역시 부평구 부평대로 **, *층 (부평동)",21388,01,영업/정상,,,,200
CU인천장기점,2016-12-28,176340.631241665,452810.464910566,2026-04-22 22:32:36,I,03,폐업,2016-12-30 15:43:54,,2014-11-03,407-470,인천광역시 계양구 장기동 ***번지 *호,PHMG120143550020047000048,3550000,인천광역시 계양구 장제로 **** (장기동),21007,03,폐업,,,032-545-2058,80
모나카,2025-12-19,177265.294570067,450293.093016292,2026-04-22 22:36:27,I,03,폐업,2025-12-22 10:47:06,,2024-03-13,,인천광역시 계양구 박촌동 *** 계양*차 하우스토리,PHMG120243550020047000023,3550000,"인천광역시 계양구 장제로***번길 **, ***동 ***호 (박촌동, 계양*차 하우스토리)",21021,03,폐업,,,,
주식회사 오스테오 스카폴드(인천지점),2009-01-28,,,2026-04-22 22:32:09,I,03,폐업,2009-04-22 10:19:57,,2007-05-01,407-050,인천광역시 계양구 계산동 ****-*(***호),PHMG120073550020047000013,3550000,,,03,폐업,,,032-547-0738,
주식회사 유레카랩,,168151.355115468,439858.479697042,2026-04-22 22:38:32,I,13,영업중,2025-01-07 14:36:59,,2022-09-07,,인천광역시 미추홀구 숭의동 ***-*,PHMG120253510513047000002,3510500,"인천광역시 미추홀구 인주대로**번길 *, *층 ***호 (숭의동)",22174,01,영업/정상,,,,46.3
다온,,176607.326609066,448516.12033842,2026-04-22 22:35:17,I,13,영업중,2024-06-10 13:36:25,,2020-06-09,,인천광역시 계양구 계산동 **** 하이베라스,PHMG120233550020047000056,3550000,"인천광역시 계양구 계산새로 **, 하이베라스 C동 *층 ***-*호 (계산동)",21060,01,영업/정상,,,,42.84
GS25부평시장점,,175898.232946579,443656.486597314,2026-04-22 22:39:02,I,13,영업중,2022-09-07 15:07:29,,2022-09-06,,인천광역시 부평구 부평동 ***-** *층 일부,PHMG120223540021047000305,3540000,"인천광역시 부평구 부평문화로***번길 **, *층 일부호 (부평동)",21392,01,영업/정상,,,,
주식회사 하해케어솔루션,,170753.264140724,437809.065141609,2026-04-22 22:38:12,I,13,영업중,2025-02-07 16:41:50,,2024-02-05,,인천광역시 미추홀구 학익동 ***-** 선정빌딩 ***호,PHMG120243510513047000011,3510500,"인천광역시 미추홀구 학익소로 **, 선정빌딩 *층 ***호 (학익동)",22221,01,영업/정상,,,,89
오가닉수와,2016-12-12,154000.530198884,471973.522071196,2026-04-22 22:32:04,I,03,폐업,2016-12-12 18:08:17,,2012-12-24,417-803,인천광역시 강화군 강화읍 관청리 ***번지 *호,PHMG120123570013047000005,3570000,인천광역시 강화군 강화읍 강화대로 ***-*,23032,03,폐업,,,,30
GS25학익풍림점,2024-04-22,169720.94924471,437718.066554096,2026-04-22 22:32:57,I,03,폐업,2024-04-22 17:59:52,,2022-02-10,,인천광역시 미추홀구 학익동 *** 학익동풍림아이원아파트,PHMG120223510513047000073,3510500,"인천광역시 미추홀구 매소홀로 ***, 학익동풍림아이원아파트 상가동 *층 ***호 (학익동)",22203,03,폐업,,,,32.73
세븐일레븐 경인교대점,,175128.898252057,448474.690503405,2026-04-22 22:32:54,I,13,영업중,2021-05-10 09:02:46,,2021-05-10,,인천광역시 계양구 계산동 ***-*,PHMG120213550020047000034,3550000,"인천광역시 계양구 계산로 **, *층 (계산동)",21054,01,영업/정상,,,,42.3
딜라이트보청기부평점,,175395.758210316,443497.219258986,2026-04-22 22:36:43,I,13,영업중,2020-12-17 18:00:22,,2020-12-16,,"인천광역시 부평구 부평동 ***-* 금남빌딩, ***호 일부",PHMG120203540021047000089,3540000,"인천광역시 부평구 부평대로 **, 금남빌딩 ***호 일부호 (부평동)",21389,01,영업/정상,,,032-227-7298,83.2
더존의료기,,174157.814602534,442837.507869046,2026-04-22 22:32:23,I,13,영업중,2017-05-29 13:15:18,,2008-05-22,403-839,인천광역시 부평구 산곡동 ***번지 ***호 ***호,PHMG120083540021047000014,3540000,인천광역시 부평구 경원대로 **** (산곡동),21405,01,영업/정상,,,032-515-2060,
세븐일레븐(부평상정로점),2025-02-17,173513.698801979,442110.246566178,2026-04-22 22:38:39,I,03,폐업,2025-02-17 09:38:19,,2022-03-22,,인천광역시 부평구 십정동 ***-** *층 일부,PHMG120223540021047000145,3540000,"인천광역시 부평구 상정로 **, *층 일부 (십정동)",21441,03,폐업,,,,
지에스(GS)25 계양임학점,,176829.556391018,449327.551190311,2026-04-22 22:38:06,I,13,영업중,2025-09-23 09:33:39,,2025-09-22,,인천광역시 계양구 임학동 **-**,PHMG120253550020047000051,3550000,"인천광역시 계양구 장제로***번길 *, *층 (임학동)",21034,01,영업/정상,,,,63.46
코웨이(주) 인천십정지국,2012-12-26,173830.546327063,443196.199658033,2026-04-22 22:32:38,I,03,폐업,2012-12-26 15:33:02,,2012-09-19,403-840,인천광역시 부평구 산곡*동 ***번지 ***호 늘샘프라자  ***호,PHMG120123540021047000030,3540000,"인천광역시 부평구 마장로 ***, ***호 (산곡동, 늘샘프라자)",,03,폐업,,,,
비비하우스,2019-10-21,173499.267314606,437739.32138498,2026-04-22 22:32:08,I,24,직권폐업,2019-11-21 19:59:13,,2009-04-22,,"인천광역시 미추홀구 관교동 **번지 인천종합터미널,롯데백화점",PHMG120093510021047000011,3510500,"인천광역시 미추홀구 연남로 **, 인천종합터미널,롯데백화점 (관교동)",22242,04,취소/말소/만료/정지/중지,,,032-430-1578,54.32
하나메디칼컨설팅,2017-12-12,176997.761331686,446329.664285884,2026-04-22 22:32:37,I,24,직권폐업,2018-01-08 16:54:16,,2011-12-22,403-862,인천광역시 부평구 삼산*동 ***번지 **호 삼산빌딩 ***호,PHMG120113540021047000068,3540000,"인천광역시 부평구 대보로**번길 **-** (삼산동, 삼산빌딩)",21321,04,취소/말소/만료/정지/중지,,,,
해피베이비계양점,2013-10-10,176599.816295302,448767.427225648,2026-04-22 22:32:31,I,03,폐업,2013-10-14 15:31:33,,2012-10-17,407-813,인천광역시 계양구 계산*동 ****번지 *호 롯데마트 계양점 *층,PHMG120123550020047000025,3550000,"인천광역시 계양구 장제로 ***, *층 (계산동, 롯데마트 계양점)",,03,폐업,,,070-4206-0196,
주식회사 제다,,176465.263097413,447989.64173985,2026-04-22 22:32:57,I,13,영업중,2022-02-10 11:48:34,,2022-02-10,,인천광역시 계양구 작전동 ***-* 메카브,PHMG120223550020047000041,3550000,"인천광역시 계양구 장제로 ***, 메카브 *층 **호 (작전동)",21079,01,영업/정상,,,,
렌탈스토어,,173394.312850419,440906.14311472,2026-04-22 22:33:04,I,13,영업중,2020-02-13 13:25:20,,2018-06-20,,인천광역시 부평구 십정동 ***번지 **호 두두빌딩,PHMG120183540021047000037,3540000,"인천광역시 부평구 배곶로 *, 두두빌딩 ***호 (십정동)",21452,01,영업/정상,,,1661-9687,22.9
주식회사나무일렉,2024-05-31,176666.124685741,448105.30740578,2026-04-22 22:34:34,I,03,폐업,2024-05-31 16:21:06,,2023-02-16,,인천광역시 계양구 계산동 ****-**,PHMG120233550020047000020,3550000,"인천광역시 계양구 계양문화로 **, ***-**호 (계산동)",21069,03,폐업,,,,40
세븐일레븐인천삼산로얄점,,177233.68860971,446637.451346413,2026-04-22 22:38:03,I,13,영업중,2024-02-28 13:10:39,,2021-05-14,,인천광역시 부평구 삼산동 ***-* 로얄프라자 ***호,PHMG120213540021047000077,3540000,"인천광역시 부평구 부평북로 ***, 로얄프라자 ***호 (삼산동)",21319,01,영업/정상,,,,
미소케어,,173890.334337223,441170.421904186,2026-04-22 22:33:03,I,15,전출,2018-07-19 09:46:35,,2018-04-11,,인천광역시 부평구 십정동 ***번지 **호 *층,PHMG120183540021047000027,3540000,"인천광역시 부평구 경인로***번길 **, *층 (십정동)",21438,05,제외/삭제/전출,,,,77.63
행복복지용구,,176739.976293095,442570.413034209,2026-04-22 22:39:21,I,13,영업중,2025-04-22 13:08:34,,2025-04-22,,인천광역시 부평구 부개동 ***-** 지하*층 전체,PHMG120253540021047000025,3540000,"인천광역시 부평구 항동로*번길 **, 지하*층 (부개동)",21421,01,영업/정상,,,,78.45
사랑e든 복지용구,2008-08-12,,,2026-04-22 22:32:09,I,03,폐업,2009-01-12 10:09:19,,2007-08-12,407-040,인천광역시 계양구 효성동 ***-*,PHMG120073550020047000022,3550000,,,03,폐업,,,070-7574-5070,
씨유계산안남점,2024-01-25,176298.958014791,448664.373404046,2026-04-22 22:32:59,I,03,폐업,2024-01-25 19:52:03,,2022-02-23,,인천광역시 계양구 계산동 **-*,PHMG120223550020047000080,3550000,"인천광역시 계양구 주부토로***번길 **, *층 ***,***,***호 (계산동)",21058,03,폐업,,,,
제이물류,,176242.497118147,447153.229232487,2026-04-22 22:37:06,I,13,영업중,2024-08-27 09:34:47,,2024-08-27,,인천광역시 계양구 작전동 ***-* 작전*차 동보아파트 ***동 ***호,PHMG120243550020047000060,3550000,"인천광역시 계양구 장제로***번길 **, ***동 *층 ***호 (작전동, 작전*차 동보아파트)",21118,01,영업/정상,,,,234
와이덱스보청기 북인천점,,175386.135904044,443664.07036538,2026-04-22 22:32:04,I,13,영업중,2013-10-23 10:28:20,,1998-09-19,403-012,인천광역시 부평구 부평*동 ***번지**,PHMG119983540021047000002,3540000,인천광역시 부평구 부평대로 **-* (부평동),21388,01,영업/정상,,,032-522-5533,
조엑스포트,,175933.118151215,443984.215965564,2026-04-22 22:39:15,I,13,영업중,2024-05-17 11:59:11,,2024-05-17,,인천광역시 부평구 부평동 ***-* *층 ***호,PHMG120243540021047000057,3540000,"인천광역시 부평구 부흥로***번길 *, *층 ***호 (부평동)",21391,01,영업/정상,,,,
이마트24R인천인하로점,,171342.67736948,438534.820129377,2026-04-22 22:32:53,I,13,영업중,2021-05-07 20:29:38,,2021-05-07,,인천광역시 미추홀구 주안동 ****-**,PHMG120213510513047000044,3510500,"인천광역시 미추홀구 인하로***번길 *, *층 (주안동)",22215,01,영업/정상,,,,153.12
예림나노의료기학익지점,2009-07-01,,,2026-04-22 22:32:07,I,03,폐업,2009-12-14 16:50:28,,2007-08-13,,인천 미추홀구 학익*동 ***-** 동호빌딩*층,PHMG120073510021047000017,3510500,,,03,폐업,,,032-863-0255,
에이에스엔바이오 주식회사,,169169.873759794,438068.204570087,2026-04-22 22:38:33,I,15,전출,2025-12-17 13:56:44,,2025-02-28,,인천광역시 미추홀구 학익동 ***-** B***호,PHMG120253510513047000015,3510500,"인천광역시 미추홀구 매소홀로 ***, B***호 (학익동)",22204,05,제외/삭제/전출,,,,36.33
힐스템생활건강,,174156.960988402,442308.01090871,2026-04-22 22:32:57,I,15,전출,2018-06-14 13:18:06,,2016-07-21,,인천광역시 부평구 십정동 ***번지 ***호 *층,PHMG120163540021047000047,3540000,"인천광역시 부평구 마장로 ** (십정동, *층)",21433,05,제외/삭제/전출,,,,69.44
씨스페이스일신로또점,,177296.742839976,442549.7091675,2026-04-22 22:38:37,I,13,영업중,2022-02-16 18:01:31,,2022-02-15,,인천광역시 부평구 일신동 ***-** 중화연립,PHMG120223540021047000097,3540000,"인천광역시 부평구 경인로 ****, ***호 (일신동, 중화연립)",21419,01,영업/정상,,,,
세븐일레븐 인천계양작전점,2022-12-15,176334.704155028,447885.495253679,2026-04-22 22:33:00,I,03,폐업,2022-12-15 14:06:36,,2022-12-14,,인천광역시 계양구 작전동 ***-*,PHMG120223550020047000104,3550000,"인천광역시 계양구 장제로 ***-**, *층 ***호 (작전동)",21085,03,폐업,,,,142.48
펄스캠의료기,2012-04-05,175561.399421623,443814.935576303,2026-04-22 22:32:27,I,03,폐업,2012-04-05 17:57:52,,2009-01-02,403-014,인천광역시 부평구 부평동 ***번지 *호 *층,PHMG120093540021047000001,3540000,"인천광역시 부평구 대정로 ** (부평동,*층)",,03,폐업,,,032-330-8685,
(YH)컴퍼니,,178435.557295369,450891.194341884,2026-04-22 22:32:55,I,13,영업중,2022-01-06 17:43:06,,2022-01-06,,인천광역시 계양구 동양동 *** 리첸시아,PHMG120223550020047000004,3550000,"인천광역시 계양구 당미*길 *, ***호 (동양동, 리첸시아)",21012,01,영업/정상,,,,
피부&해독센타,2018-05-08,176996.918395394,448689.3189461,2026-04-22 22:32:43,I,03,폐업,2018-05-08 18:08:00,,2016-01-08,,인천광역시 계양구 용종동 ***번지 *호 두산상가 ***호,PHMG120163550020047000001,3550000,"인천광역시 계양구 계양문화로 *** (용종동, 초정마을두산.쌍용아파트)",21064,03,폐업,,,,38.16
푸른사랑,,146542.666087347,476197.124523756,2026-04-22 22:32:14,I,13,영업중,2022-02-15 08:51:56,,2022-02-08,,인천광역시 강화군 양사면 교산리 ****-*,PHMG120223570013047000022,3570000,인천광역시 강화군 양사면 배우개길 **,23011,01,영업/정상,,,,
꿀잼컴퍼니,,176737.188860293,448498.786895427,2026-04-22 22:32:59,I,13,영업중,2022-02-28 16:44:31,,2019-12-05,,인천광역시 계양구 용종동 ***-* 레드몰*차,PHMG120223550020047000082,3550000,"인천광역시 계양구 계산새로**번길 *, 레드몰*차 A동 *층 ***,***,***,***호 (용종동)",21065,01,영업/정상,,,,
세화건강해독센타,2017-02-03,174581.740202107,447158.555486684,2026-04-22 22:32:40,I,03,폐업,2017-02-06 09:42:03,,2015-12-21,,인천광역시 계양구 효성동 ***번지 유승그린 상가동 ***호,PHMG120153550020047000073,3550000,"인천광역시 계양구 아나지로***번길 * (효성동, 유승그린아파트)",21112,03,폐업,,,,32.98
GS25부평우일점,2016-09-20,176265.094165718,443393.917211036,2026-04-22 22:32:52,I,03,폐업,2016-09-20 13:53:13,,2016-09-19,403-824,인천광역시 부평구 부평동 ***번지 *호,PHMG120143540021047000127,3540000,인천광역시 부평구 충선로 ** (부평동),21399,03,폐업,,,032-511-4032,
다모아,2025-09-23,176812.82695191,447454.282333528,2026-04-22 22:34:57,I,03,폐업,2025-09-24 09:26:14,,2023-05-11,,인천광역시 계양구 작전동 *** 현대*차아파트,PHMG120233550020047000040,3550000,"인천광역시 계양구 효서로 ***, ***동 ****호 (작전동, 현대*차아파트)",21125,03,폐업,,,070-8624-4349,
바이오스페이스서부지사,2011-03-24,175361.810738228,444571.002172543,2026-04-22 22:32:08,I,03,폐업,2011-03-24 17:47:31,,2002-12-30,403-826,인천광역시 부평구 부평*동 ***번지 **호 청봉빌딩*층,PHMG120023540021047000024,3540000,"인천광역시 부평구 부평대로 *** (부평동,청봉빌딩*층)",,03,폐업,,,,
부평산곡롯데마트(아가방),,173767.426219215,444794.439991356,2026-04-22 22:35:21,I,13,영업중,2023-12-04 14:47:38,,2020-03-03,,인천광역시 부평구 산곡동 ***번지 **호 롯데마트 부평점,PHMG120203540021047000014,3540000,"인천광역시 부평구 마장로 ***, 롯데마트 부평점 *층 (산곡동)",21362,01,영업/정상,,,,56.63
세븐일레븐S계양역점,2019-10-17,176795.264387762,452249.487468525,2026-04-22 22:32:36,I,03,폐업,2019-10-17 20:20:00,,2014-11-06,407-350,인천광역시 계양구 귤현동 ***번지 **호,PHMG120143550020047000064,3550000,인천광역시 계양구 다남로 ** (귤현동),21015,03,폐업,,,,26.4
(주)디와이인터내셔널인천지사,,172239.893955456,440190.81876194,2026-04-22 22:36:29,I,15,전출,2023-08-23 09:08:19,,2023-02-06,,인천광역시 미추홀구 주안동 **-* 태양빌딩,PHMG120233510513047000023,3510500,"인천광역시 미추홀구 주안로 ***, 태양빌딩 *층 (주안동)",22134,05,제외/삭제/전출,,,,226.26
(주)센트리몰,2015-09-10,173631.873943148,444398.168621056,2026-04-22 22:32:54,I,03,폐업,2015-09-14 19:26:48,,2015-06-04,,,PHMG120153540021047000037,3540000,"인천광역시 부평구 마장로 ***, *층 (산곡동, 삼성빌딩)",21370,03,폐업,,,070-7452-5711,130.29
(주)신세계이마트(부평점),2011-05-13,,,2026-04-22 22:32:05,I,03,폐업,2011-05-13 14:33:32,,2001-09-20,403-080,인천광역시 부평구 갈산동 ***,PHMG120013540021047000019,3540000,,,03,폐업,,,032-500-1234,
지에스25 부평항동로점,,177651.464311986,442207.026358741,2026-04-22 22:39:17,I,13,영업중,2024-08-30 13:31:11,,2024-08-30,,인천광역시 부평구 일신동 **-** *층 일부호,PHMG120243540021047000094,3540000,"인천광역시 부평구 항동로 ***, *층 일부호 (일신동)",21418,01,영업/정상,,,,
포텐투코리아,2024-01-12,177033.221626528,447486.541499484,2026-04-22 22:32:57,I,03,폐업,2024-01-13 12:51:20,,2022-02-10,,인천광역시 계양구 작전동 ***-* 까치마을태화.한진아파트,PHMG120223550020047000040,3550000,"인천광역시 계양구 효서로 ***, ***동 ****호 (작전동, 까치마을태화.한진아파트)",21125,03,폐업,,,,
실버데이통상,,176828.924597791,448564.776721036,2026-04-22 22:35:06,I,13,영업중,2023-06-27 10:25:53,,2023-06-13,,인천광역시 계양구 용종동 ***-* 새롬*차프라자,PHMG120233550020047000047,3550000,"인천광역시 계양구 오조산로 **, 새롬*차프라자 ***-*호 (용종동)",21065,01,영업/정상,,,,
지에스25부평갈산점,2024-10-24,175741.349720915,445476.72089937,2026-04-22 22:38:36,I,03,폐업,2024-10-24 10:17:48,,2022-02-09,,"인천광역시 부평구 갈산동 ***-* ***호, ***호, ***호",PHMG120223540021047000078,3540000,"인천광역시 부평구 굴포로 **-**, ***호, ***호, ***호 (갈산동)",21336,03,폐업,,,,
CU 주안5동점,2016-12-30,171857.366998968,440756.795327667,2026-04-22 22:32:44,I,03,폐업,2016-12-30 14:17:58,,2016-11-16,,,PHMG120163510021047000084,3510500,"인천광역시 미추홀구 주염로**번길 *, *층 (주안동, 미도아파트)",22124,03,폐업,,,032-876-2653,48
더마에스앤비(DermaS&B),2019-10-21,167705.774882431,439451.479273798,2026-04-22 22:32:08,I,24,직권폐업,2019-11-21 19:54:00,,2008-05-23,,인천광역시 미추홀구 용현동 ***번지 *호 세인트재활빌딩,PHMG120083510021047000005,3510500,"인천광역시 미추홀구 아암대로 **, 세인트재활빌딩 (용현동)",22186,04,취소/말소/만료/정지/중지,,,,
지에스(GS)25 뉴인천병방점,,177276.935825539,449707.032159254,2026-04-22 22:38:05,I,13,영업중,2025-09-23 09:30:52,,2025-09-22,,인천광역시 계양구 병방동 **-**,PHMG120253550020047000049,3550000,"인천광역시 계양구 장제로***번길 **, *층 (병방동)",21028,01,영업/정상,,,,132.66
CU도화나비점,,170096.826206586,441289.916939651,2026-04-22 22:32:54,I,13,영업중,2021-07-12 20:13:52,,2021-07-12,,인천광역시 미추홀구 도화동 **** e편한세상도화 *단지,PHMG120213510513047000068,3510500,"인천광역시 미추홀구 숙골로***번길 **, 상가동 ***,***호 (도화동, e편한세상도화 *단지)",22114,01,영업/정상,,,,60.8
종문메디칼,,175478.911233399,444101.721128454,2026-04-22 22:32:18,I,13,영업중,2013-10-31 17:03:49,,2006-03-10,403-826,인천광역시 부평구 부평*동 ***번지 *호,PHMG120063540021047000014,3540000,인천광역시 부평구 부흥로 *** (부평동),21359,01,영업/정상,,,,
아이비즈메디,2015-12-09,177310.587585115,442584.377398412,2026-04-22 22:32:40,I,03,폐업,2015-12-09 13:59:18,,2014-01-16,403-110,인천광역시 부평구 일신동 ***번지 *호 *층일부,PHMG120143540021047000005,3540000,"인천광역시 부평구 경인로 ****-* (일신동, *층일부)",21419,03,폐업,,,,19
해피생활에너지,2017-06-23,174160.47194169,442582.825595184,2026-04-22 22:32:48,I,03,폐업,2017-06-23 17:13:04,,2014-09-01,403-843,인천광역시 부평구 십정동 ***번지 ***호 *층일부,PHMG120143540021047000041,3540000,"인천광역시 부평구 마장로 ** (십정동, *층일부)",21405,03,폐업,,,032-507-7573,79.52
(주)룩포레스트,,177888.924309604,446983.518382571,2026-04-22 22:32:47,I,13,영업중,2019-12-30 09:26:12,,2019-01-11,,인천광역시 계양구 서운동 ***번지 **호 *층 전체,PHMG120193550020047000004,3550000,"인천광역시 계양구 아나지로 ***-*, *층 전체호 (서운동)",21077,01,영업/정상,,,070-4279-6606,405.9
선빛정보통신,,172681.614388391,442034.827521146,2026-04-22 22:34:53,I,15,전출,2019-12-16 10:53:02,,2019-11-27,,인천광역시 부평구 십정동 ***번지 열우물경기장,PHMG120193540021047000068,3540000,"인천광역시 부평구 열우물로 ***, 열우물경기장 지하*층 (십정동)",21447,05,제외/삭제/전출,,,,18
탑메디라인,2016-01-07,176022.427258185,447315.607873384,2026-04-22 22:32:38,I,03,폐업,2016-01-07 16:23:43,,2015-03-25,407-062,인천광역시 계양구 작전동 ***번지 *호 ***호,PHMG120153550020047000020,3550000,"인천광역시 계양구 효서로 ***, ***호 (작전동)",21119,03,폐업,,,032-542-5511,88.55
지앤씨테크(부평점),2025-06-27,175016.793583439,443231.547308962,2026-04-22 22:39:07,I,03,폐업,2025-06-27 11:11:03,,2023-01-10,,인천광역시 부평구 부평동 ***-** 청자빌딩 *층 일부,PHMG120233540021047000009,3540000,"인천광역시 부평구 경원대로 ****, 청자빌딩 *층 일부호 (부평동)",21404,03,폐업,,,,9.9
솔고프라자,,167885.056402556,438911.768575997,2026-04-22 22:35:15,I,15,전출,2023-11-07 09:06:03,,2020-11-30,,인천광역시 미추홀구 용현동 ***-**,PHMG120223510513047000301,3510500,"인천광역시 미추홀구 낙섬중로 **, *층 (용현동)",22187,05,제외/삭제/전출,,,032-656-3336,168.22
주식회사 레베코 인더스트리얼,2024-02-06,169653.061072083,442555.053277966,2026-04-22 22:32:17,I,03,폐업,2024-02-06 10:27:52,,2024-02-06,,인천광역시 동구 송림동 ***번지 인천산업용품유통단지,PHMG120193500020047000021,3500000,"인천광역시 동구 방축로 ***, 인천산업용품유통단지 편익상가 C동 ***호 (송림동)",22530,03,폐업,,,,73.5
주식회사 메디칼브릿지,,177529.774708102,450550.563127122,2026-04-22 22:33:06,I,13,영업중,2022-08-11 13:16:12,,2019-03-22,,인천광역시 계양구 박촌동 *** 박촌 풍림아이원,PHMG120223550020047000176,3550000,"인천광역시 계양구 동양로 **, 상가동 지하*층 ***-*호 (박촌동, 박촌 풍림아이원)",21022,01,영업/정상,,,,6.6
세븐일레븐산곡한화점,,173864.808617679,444998.435632489,2026-04-22 22:38:29,I,13,영업중,2022-02-07 09:47:13,,2022-02-03,,인천광역시 부평구 산곡동 ***-** *층 일부,PHMG120223540021047000012,3540000,"인천광역시 부평구 마장로***번길 **, *층 일부호 (산곡동)",21361,01,영업/정상,,,,
시우사랑,,175192.359659217,444890.967132334,2026-04-22 22:36:53,I,13,영업중,2021-01-21 18:32:54,,2021-01-20,,인천광역시 부평구 부평동 ***-* 그랑시티 ***호,PHMG120213540021047000005,3540000,"인천광역시 부평구 부평대로***번길 **, 그랑시티 ***호 (부평동)",21364,01,영업/정상,,,,
(주)코리아세븐인천병원점,2019-10-18,178160.812854333,441588.947019173,2026-04-22 22:32:58,I,03,폐업,2019-10-18 22:16:45,,2016-12-27,,인천광역시 부평구 구산동 **번지 *호 *동 지하*층,PHMG120163540021047000075,3540000,"인천광역시 부평구 무네미로 *** (구산동, 근로복지공단인천병원 *동 지하*층)",21417,03,폐업,,,,
쓰리엠개발,,176144.667616408,444265.526451571,2026-04-22 22:39:23,I,13,영업중,2025-07-29 10:16:45,,2025-07-29,,인천광역시 부평구 부평동 ***-** 신승캐슬 *층 ***호,PHMG120253540021047000048,3540000,"인천광역시 부평구 장제로 ***, 신승캐슬 *층 ***호 (부평동)",21353,01,영업/정상,,,,54.14
제이앤통상,2021-12-31,173685.18192329,440922.412055148,2026-04-22 22:32:38,I,03,폐업,2022-01-17 10:19:13,,2013-05-03,403-849,인천광역시 부평구 십정*동 ***번지 *호 *층,PHMG120133540021047000016,3540000,"인천광역시 부평구 아트센터로 **, *층 (십정동)",21439,03,폐업,,,,
제이제이하우스,2021-01-21,168735.682070326,440385.535731752,2026-04-22 22:32:50,I,03,폐업,2021-01-21 17:23:49,,2020-03-02,,인천광역시 미추홀구 숭의동 ***번지 **호,PHMG120203510513047000014,3510500,"인천광역시 미추홀구 경인로**번길 **-**, ***동 ***호 (숭의동)",22161,03,폐업,,,,68.3
GS25 숭의오거리점,,168951.392410414,439893.914767217,2026-04-22 22:32:51,I,13,영업중,2020-07-01 15:37:41,,2020-06-30,,인천광역시 미추홀구 숭의동 ***-**,PHMG120203510513047000038,3510500,"인천광역시 미추홀구 경인로**번길 **, *층 (숭의동)",22169,01,영업/정상,,,,58.36
란이상회,,175277.390864763,448249.193948403,2026-04-22 22:33:01,I,15,전출,2024-12-03 15:59:23,,2022-04-19,,인천광역시 계양구 작전동 ***-** 신한아파트,PHMG120223550020047000120,3550000,"인천광역시 계양구 계양대로***번길 *, A동 ***호 (작전동, 신한아파트)",21045,05,제외/삭제/전출,,,,
알찬정보,,176458.840186124,444492.987937841,2026-04-22 22:32:55,I,15,전출,2019-02-25 17:28:27,,2015-07-06,,인천광역시 부평구 부개동 **번지 *호 *층일부,PHMG120153540021047000094,3540000,"인천광역시 부평구 부흥북로***번길 ** (부개동, *층일부)",21352,05,제외/삭제/전출,,,070-4685-6668,27.66
주식회사 에이치티에이치,2019-06-28,171450.30807598,440077.222711546,2026-04-22 22:32:36,I,03,폐업,2019-07-01 10:06:23,,2015-04-07,402-835,인천광역시 미추홀구 주안동 ***-*번지 아리솔오피스텔 ****호,PHMG120153510021047000016,3510500,"인천광역시 미추홀구 주안서로 **, ****호 (주안동, 아리솔오피스텔)",22136,03,폐업,,,032-875-8231,78.66
메디트,2016-11-14,175546.200150686,445968.859786299,2026-04-22 22:32:54,I,03,폐업,2016-11-14 11:02:30,,2015-06-18,,,PHMG120153540021047000038,3540000,"인천광역시 부평구 주부토로***번길 **, 지하*층 (갈산동)",21329,03,폐업,,,,26.4
(주)리스템,2011-07-28,,,2026-04-22 22:32:08,I,03,폐업,2011-12-13 11:15:15,,2002-12-05,403-032,인천광역시 부평구 청천*동 ***번지*,PHMG120023540021047000021,3540000,,,03,폐업,,,032-501-1300,
세븐일레븐 인천주안광명점,,171376.095786403,440673.093660875,2026-04-22 22:38:26,I,13,영업중,2024-07-15 13:16:57,,2024-07-15,,인천광역시 미추홀구 주안동 **-** *층,PHMG120243510513047000055,3510500,"인천광역시 미추홀구 석정로***번길 **, *층 (주안동)",22126,01,영업/정상,,,,33
(주)라파복지의료사업단,,176880.771624478,442861.428826961,2026-04-22 22:32:34,I,13,영업중,2017-07-10 15:13:29,,2010-04-12,403-100,인천광역시 부평구 부개동 ***번지 **호 효정빌딩 *층,PHMG120103540021047000018,3540000,"인천광역시 부평구 수변로*번길 *, *층 (부개동)",21415,01,영업/정상,,,032-502-1118,137.18
세븐일레븐 계양산둘레길점,2023-06-26,175200.190302757,449438.294130161,2026-04-22 22:33:52,I,03,폐업,2023-06-26 13:57:31,,2022-11-17,,인천광역시 계양구 계산동 ***,PHMG120223550020047000220,3550000,"인천광역시 계양구 경명대로****번길 **, *층 (계산동)",21037,03,폐업,,,,68.79
동신의료기,,175545.684602103,442612.967867641,2026-04-22 22:32:02,I,13,영업중,2013-10-23 10:16:50,,1989-01-21,403-016,인천광역시 부평구 부평*동 ***번지**,PHMG119893540021047000001,3540000,인천광역시 부평구 동수로 **-* (부평동),21424,01,영업/정상,,,032-526-8682,
모아베이비,,173767.426219215,444794.439991356,2026-04-22 22:32:36,I,13,영업중,2013-10-21 16:39:38,,2011-07-04,403-836,인천광역시 부평구 산곡*동 ***번지 **호 롯데마트 *층,PHMG120113540021047000038,3540000,"인천광역시 부평구 마장로 ***, *층 (산곡동, 롯데마트)",21362,01,영업/정상,,,,
이노팜코리아,,175592.118421422,444236.591597714,2026-04-22 22:32:38,I,13,영업중,2012-11-16 09:41:46,,2012-11-15,403-826,인천광역시 부평구 부평*동 ***번지 **호   ***호,PHMG120123540021047000041,3540000,"인천광역시 부평구 부흥로***번길 **, ***호 (부평동)",21359,01,영업/정상,,,,
제이메디텍㈜,2013-01-18,175200.081980267,447776.010428013,2026-04-22 22:32:09,I,24,직권폐업,2013-01-25 14:15:16,,2007-08-28,407-816,인천광역시 계양구 작전*동 ***번지 *호,PHMG120073550020047000024,3550000,인천광역시 계양구 가현*길 ** (작전동),,04,취소/말소/만료/정지/중지,,,032-551-2556,
대진,,177074.207057283,448912.773841497,2026-04-22 22:34:35,I,13,영업중,2023-02-21 10:25:50,,2023-02-20,,인천광역시 계양구 용종동 ***-* 용종마을신대진아파트,PHMG120233550020047000021,3550000,"인천광역시 계양구 용종로 **, ***동 ***호 (용종동, 용종마을신대진아파트)",21061,01,영업/정상,,,,
착한보청기 부평센터,2021-04-22,175468.069944803,443395.46064632,2026-04-22 22:32:37,I,03,폐업,2021-04-22 14:48:45,,2012-07-12,403-821,인천광역시 부평구 부평*동 ***번지 **호 *층일부,PHMG120123540021047000020,3540000,"인천광역시 부평구 부평대로 **, *층 (부평동)",21394,03,폐업,,,,
GS25인천송현점,,167747.909254122,442106.937245883,2026-04-22 22:32:23,I,13,영업중,2022-02-09 09:14:38,,2022-02-08,,인천광역시 동구 송현동 **-***,PHMG120223500020047000002,3500000,"인천광역시 동구 화수로 *, *층 (송현동)",22546,01,영업/정상,,,032-263-2532,
e-메디텍,2008-03-25,,,2026-04-22 22:32:13,I,03,폐업,2009-01-12 09:54:21,,2008-03-06,407-050,인천광역시 계양구 계산동 ***-**(*F),PHMG120083550020047000004,3550000,,,03,폐업,,,,
(주)동양상공사,,168219.307887666,440202.776082177,2026-04-22 22:32:54,I,13,영업중,2021-09-07 10:08:14,,2021-09-03,,인천광역시 미추홀구 숭의동 ***-** 금성PVC,PHMG120213510513047000081,3510500,"인천광역시 미추홀구 인중로**번길 **, 금성PVC (숭의동)",22171,01,영업/정상,,,,85.24
이마트24부평해물탕거리점,,176027.097824645,443606.69659846,2026-04-22 22:38:44,I,13,영업중,2022-05-20 14:08:52,,2022-05-20,,인천광역시 부평구 부평동 ***-* 벨라루체 ***호,PHMG120223540021047000195,3540000,"인천광역시 부평구 장제로 **, 벨라루체 ***호 (부평동)",21392,01,영업/정상,,,,
에스티엔스포츠,,174766.801813908,446397.835470465,2026-04-22 22:39:06,I,13,영업중,2023-01-04 17:32:37,,2023-01-03,,인천광역시 부평구 청천동 ***-* 부평테크노타워 ***호,PHMG120233540021047000001,3540000,"인천광역시 부평구 새벌로 **, 부평테크노타워 ***호 (청천동)",21314,01,영업/정상,,,02-1599-1242,
지엔씨홀딩스,,171797.804897155,438543.525201312,2026-04-22 22:38:09,I,13,영업중,2024-01-26 18:08:59,,2023-01-27,,인천광역시 미추홀구 주안동 ****-* 아주아파트 가동 ***호,PHMG120243510513047000008,3510500,"인천광역시 미추홀구 인하로***번길 **, 가동 ***호 (주안동, 아주아파트)",22227,01,영업/정상,,,,
주식회사 풋톨로지,,175699.54264801,443623.175844105,2026-04-22 22:39:14,I,15,전출,2025-03-18 13:33:14,,2024-05-14,,인천광역시 부평구 부평동 ***-* *층 ***호,PHMG120243540021047000056,3540000,"인천광역시 부평구 부평문화로 **, *층 ***호 (부평동)",21393,05,제외/삭제/전출,,,,64.38
한국천기권의료기,,172582.09297773,439707.078912558,2026-04-22 22:37:52,I,15,전출,2025-11-03 16:45:31,,2014-04-08,,인천광역시 미추홀구 주안동 ***-**,PHMG120233510513047000106,3510500,"인천광역시 미추홀구 경원대로***번길 **, *층 (주안동)",22144,05,제외/삭제/전출,,,032-213-9312,127.27
위드,,174965.817679665,444472.094212085,2026-04-22 22:36:02,I,13,영업중,2020-06-18 11:05:51,,2020-06-17,,인천광역시 부평구 부평동 **번지 **호 대림아파트,PHMG120203540021047000049,3540000,"인천광역시 부평구 부영로 ***, 대림아파트 *동 ***호 (부평동, 대림아파트)",21378,01,영업/정상,,,,
세븐일레븐 강화초지점,,158306.413334478,459617.616291466,2026-04-22 22:32:20,I,13,영업중,2022-10-28 09:08:27,,2022-10-27,,,PHMG120223570013047000052,3570000,"인천광역시 강화군 길상면 해안동로 ***, 세븐일레븐 강화초지점",23049,01,영업/정상,,,,
픽미업,,176453.287067857,447501.46012757,2026-04-22 22:38:05,I,13,영업중,2025-08-29 16:43:36,,2025-08-29,,인천광역시 계양구 작전동 ***-* 광명아파트,PHMG120253550020047000046,3550000,"인천광역시 계양구 효서로***번길 *, *동 ***호 (작전동, 광명아파트)",21124,01,영업/정상,,,,
펄스젬 인천작전점,2020-04-07,175330.085844235,447356.710663963,2026-04-22 22:32:28,I,03,폐업,2020-04-07 18:49:04,,2011-10-20,407-824,인천광역시 계양구 작전*동 ***번지 **호   ***호,PHMG120113550020047000040,3550000,"인천광역시 계양구 효서로 ***, ***호 (작전동)",,03,폐업,,,,82
토도스 TODOS,2024-08-31,168715.298575876,441230.55089451,2026-04-22 22:32:27,I,03,폐업,2024-09-03 09:08:57,,2022-02-21,,,PHMG120223500020047000017,3500000,"인천광역시 동구 동산로  **-* , sk하이빌 *동 ***호",22560,03,폐업,,,,
세븐일레븐,,173022.808762635,441350.133205438,2026-04-22 22:38:39,I,13,영업중,2022-03-24 12:23:45,,2022-03-23,,인천광역시 부평구 십정동 ***-** *층 일부,PHMG120223540021047000146,3540000,"인천광역시 부평구 배곶로 **, *층 일부 (십정동)",21450,01,영업/정상,,,,
알뜰공간,,173758.455961488,446126.326834635,2026-04-22 22:32:38,I,15,전출,2023-12-05 11:46:35,,2012-11-09,403-854,인천광역시 부평구 청천*동 **번지 *호,PHMG120123540021047000038,3540000,인천광역시 부평구 마장로 *** (청천동),21305,05,제외/삭제/전출,,,,
럽인브로우 인천점,,169265.365133842,439368.306693127,2026-04-22 22:38:37,I,13,영업중,2025-10-23 17:58:50,,2025-10-23,,인천광역시 미추홀구 용현동 ***-** 효성 해링턴타워 인하,PHMG120253510513047000044,3510500,"인천광역시 미추홀구 인주대로 ***, 효성 해링턴타워 인하 *층 ***호 (용현동)",22182,01,영업/정상,,,,51.3
(주)한성메디칼,2017-08-14,174165.219307888,441233.282983682,2026-04-22 22:32:16,I,03,폐업,2017-08-14 15:03:02,,2006-09-11,403-849,인천광역시 부평구 십정동 ***번지 *호 일신빌딩*층,PHMG120063540021047000004,3540000,"인천광역시 부평구 경인로 ***, *층 (십정동, 일신빌딩)",21436,03,폐업,,,,
GS25부평여산,2023-11-22,175398.883956926,444187.753982559,2026-04-22 22:32:52,I,03,폐업,2023-11-22 13:53:14,,2014-11-21,403-715,인천광역시 부평구 부평동 ***번지 *호 여산빌딩A동***호,PHMG120143540021047000123,3540000,"인천광역시 부평구 부평대로 ** (부평동, 여산빌딩A동***호)",21359,03,폐업,,,032-501-2025,
다현메디팜,,176519.315,442472.535,2026-04-22 22:34:06,I,13,영업중,2021-03-05 17:20:07,,2019-05-14,,인천광역시 부평구 부개동 ***번지 *호,PHMG120193540021047000033,3540000,"인천광역시 부평구 동수로***번길 **, 지하*층 ***호 (부개동)",21458,01,영업/정상,,,,20.46
트레메디,2021-10-22,176480.42152725,445110.580172669,2026-04-22 22:38:17,I,03,폐업,2021-10-22 16:11:47,,2021-07-29,,인천광역시 부평구 삼산동 ***-* 삼성프라자 ***호,PHMG120213540021047000112,3540000,"인천광역시 부평구 길주로***번길 **, 삼성프라자 ***호 (삼산동)",21344,03,폐업,,,032-342-4066,
주식회사 에스에이에스,,175403.356224742,444542.032865035,2026-04-22 22:39:15,I,13,영업중,2024-07-05 10:34:13,,2024-07-05,,"인천광역시 부평구 부평동 *** 상가동 *층 ***, ***호",PHMG120243540021047000068,3540000,"인천광역시 부평구 주부토로**번길 **, 상가동 *층 ***, ***호 (부평동)",21357,01,영업/정상,,,,58
씨유동암그린점,2017-01-25,173177.772856606,441069.663882117,2026-04-22 22:32:54,I,03,폐업,2017-01-25 15:18:38,,2015-07-17,,,PHMG120153540021047000047,3540000,인천광역시 부평구 배곶로 ** (십정동),21452,03,폐업,,,,56.16
지에스25 도화IC점,2023-03-07,170812.432599685,440063.64825582,2026-04-22 22:32:57,I,03,폐업,2023-03-07 16:16:42,,2022-02-09,,인천광역시 미추홀구 도화동 ***-* 해든빌,PHMG120223510513047000065,3510500,"인천광역시 미추홀구 경인로***번길 *, ***호 (도화동, 해든빌)",22165,03,폐업,,,,33
씨유 강화서문점,,153644.121838005,471913.400963759,2026-04-22 22:32:20,I,13,영업중,2022-07-20 18:03:36,,2022-07-19,,인천광역시 강화군 강화읍 국화리 ***-*,PHMG120223570013047000046,3570000,"인천광역시 강화군 강화읍 고비고개로 **-*, *층",23028,01,영업/정상,,,,34
지에스부평부영로점,2024-06-05,174965.817679665,444472.094212085,2026-04-22 22:38:34,I,03,폐업,2024-06-05 17:50:42,,2022-02-09,,"인천광역시 부평구 부평동 **-** 대림아파트, 상가동 ***호, ***호, ***호",PHMG120223540021047000060,3540000,"인천광역시 부평구 부영로 ***, 상가동 ***호, ***호, ***호 (부평동, 대림아파트)",21378,03,폐업,,,,
이덴탈,,170416.543064875,437782.211544992,2026-04-22 22:32:23,I,13,영업중,2012-05-18 11:01:20,,2012-05-16,402-867,인천광역시 미추홀구 학익동 ***-*번지 *층 ***호,PHMG120123510021047000015,3510500,인천광역시 미추홀구 소성로 *** (학익동),22224,01,영업/정상,,,,41.81
세븐일레븐인천부평신복점,2023-02-20,176184.430460142,444882.127565743,2026-04-22 22:37:32,I,03,폐업,2023-02-20 16:00:56,,2021-05-07,,인천광역시 부평구 부개동 *** *층 일부,PHMG120213540021047000045,3540000,"인천광역시 부평구 장제로 ***, *층 일부호 (부개동)",21351,03,폐업,,,,35.03
더드림샵,,169424.109924844,442692.722669138,2026-04-22 22:32:16,I,13,영업중,2026-01-23 13:40:24,,2019-09-26,,,PHMG120193500020047000017,3500000,"인천광역시 동구 방축로**번길 **, 인천산업용품유통단지 **동 ***호 (송림동)",22530,01,영업/정상,,,,33.94
동해건강,2014-01-24,176607.326609066,448516.12033842,2026-04-22 22:32:28,I,03,폐업,2014-01-24 13:03:14,,2012-02-03,407-784,인천광역시 계양구 계산*동 하이베라스빌딩 C동 ***호,PHMG120123550020047000004,3550000,"인천광역시 계양구 계산새로 **, C동 *층 ***호 (계산동)",,03,폐업,,,032-547-1117,97.37
주식회사스토리스토리지,,167852.890771752,439526.253787748,2026-04-22 22:35:52,I,13,영업중,2022-12-21 17:27:05,,2022-12-19,,인천광역시 미추홀구 용현동 *** 인천 용현 엑슬루타워,PHMG120223510513047000332,3510500,"인천광역시 미추홀구 아암대로**번길 **, ***동 ***호 (용현동, 인천 용현 엑슬루타워)",22175,01,영업/정상,,,,49.1
케이티링커스 주식회사 강남본부 인천지사,2017-12-05,172694.051375212,439602.446394917,2026-04-22 22:32:36,I,03,폐업,2017-12-07 16:39:57,,2015-04-09,402-848,인천광역시 미추홀구 주안동 ****-**번지 *층,PHMG120153510021047000017,3510500,"인천광역시 미추홀구 구월로 **, *층 (주안동)",22145,03,폐업,,,032-426-6500,193.93
베이비플러스 부평점,,175318.2805889,444248.26633941,2026-04-22 22:39:03,I,13,영업중,2022-09-27 17:47:15,,2022-09-26,,인천광역시 부평구 부평동 ***-* *층,PHMG120223540021047000320,3540000,"인천광역시 부평구 부평대로**번길 *, *층 (부평동)",21379,01,영업/정상,,,,
CU 도화한나루점,2016-12-30,170924.055726257,439727.189854658,2026-04-22 22:32:36,I,03,폐업,2016-12-30 17:54:47,,2015-01-15,402-809,인천광역시 미추홀구 도화동 ***-*번지 *층,PHMG120153510021047000005,3510500,"인천광역시 미추홀구 한나루로 ***, *층 (도화동)",22137,03,폐업,,,032-862-9935,
에이치에이치컴퍼니,2025-06-10,177323.292249505,442690.415813918,2026-04-22 22:39:16,I,03,폐업,2025-06-10 14:55:02,,2024-07-15,,인천광역시 부평구 일신동 *** 골드캐슬 A동 *층 ***호,PHMG120243540021047000071,3540000,"인천광역시 부평구 서촌로 **, A동 *층 ***호 (일신동, 골드캐슬 A동)",21416,03,폐업,,,,
(주)에스제이네일,,175851.862909315,443209.98724379,2026-04-22 22:38:28,I,13,영업중,2022-01-21 15:55:25,,2022-01-20,,"인천광역시 부평구 부평동 ***-* 노블렌스오피스텔, ***호 일부, ***호",PHMG120223540021047000006,3540000,"인천광역시 부평구 경원대로 ****, 노블렌스오피스텔 ***호 일부, ***호 (부평동)",21404,01,영업/정상,,,032-506-4141,
아름다운노인복지센터,2025-02-05,176137.852610443,449065.153215463,2026-04-22 22:32:38,I,03,폐업,2025-02-06 08:54:32,,2015-06-15,407-052,인천광역시 계양구 계산동 ***번지 *호 인평프라자 ***호,PHMG120153550020047000039,3550000,"인천광역시 계양구 경명대로 ****, ***호 (계산동, 인평프라자)",21030,03,폐업,,,,26.3
지에스25 부평제이타워,,175285.39719887,446652.103596373,2026-04-22 22:39:07,I,13,영업중,2023-01-12 17:28:34,,2023-01-12,,"인천광역시 부평구 청천동 ***-* 부평 제이타워*차 지식산업센터 *층 *-**,*-**호",PHMG120233540021047000011,3540000,"인천광역시 부평구 부평대로 ***, 부평 제이타워*차 지식산업센터 *층 *-**, *-**호 (청천동)",21315,01,영업/정상,,,032-293-5084,
에스앤에스덴탈,,175152.994410778,443310.582404703,2026-04-22 22:32:53,I,13,영업중,2015-05-12 13:21:11,,2015-04-06,403-011,인천광역시 부평구 부평동 ***번지 ***호,PHMG120153540021047000025,3540000,인천광역시 부평구 경원대로****번길 * (부평동),21389,01,영업/정상,,,,42
지에스25 강화풍물시장점,2024-03-30,155017.586018955,471169.36491369,2026-04-22 22:32:20,I,03,폐업,2024-03-20 13:09:19,,2023-03-21,,인천광역시 강화군 강화읍 남산리 **-* 일석빌딩,PHMG120233570013047000004,3570000,"인천광역시 강화군 강화읍 중앙로 **, 일석빌딩",23037,03,폐업,,,,85.8
혜당메디칼 신기지점,2015-08-08,171530.434338026,438457.513901521,2026-04-22 22:32:25,I,03,폐업,2015-08-19 11:32:10,,2012-10-04,402-852,인천광역시 미추홀구 주안동 ****-*번지 *층,PHMG120123510021047000026,3510500,인천광역시 미추홀구 인하로 *** (주안동),22216,03,폐업,,,,152
유니덴트,,176378.53666649,445159.787999837,2026-04-22 22:32:55,I,13,영업중,2016-03-14 16:46:59,,2015-09-04,,"인천광역시 부평구 삼산동 ***번지 *호 ***호일부,대경프라자",PHMG120153540021047000089,3540000,"인천광역시 부평구 체육관로 ** (삼산동, ***호일부,대경프라자)",21344,01,영업/정상,,,032-207-2875,31.27
지에스25 부개하나점,,176879.739179412,442327.383428213,2026-04-22 22:38:55,I,13,영업중,2022-08-12 17:55:16,,2022-08-11,,인천광역시 부평구 부개동 ***-*,PHMG120223540021047000267,3540000,"인천광역시 부평구 항동로**번길 **, *층 (부개동)",21420,01,영업/정상,,,,
신기의료기 인천점,,170360.483931723,439041.200120899,2026-04-22 22:32:55,I,13,영업중,2025-02-11 18:02:05,,2022-01-05,,"인천광역시 미추홀구 주안동 ***-* 금호빌딩, *층",PHMG120223510513047000002,3510500,"인천광역시 미추홀구 인주대로 ***, 금호빌딩 *층 (주안동)",22157,01,영업/정상,,,,79.2
GS25 효성풍림점,2025-06-12,174833.733339838,447274.02805579,2026-04-22 22:33:02,I,03,폐업,2025-06-12 13:40:33,,2022-05-24,,인천광역시 계양구 효성동 ***-* 풍림아파트,PHMG120223550020047000136,3550000,"인천광역시 계양구 효서로 ***, 풍림아파트 상가동 ***-*호 (효성동)",21112,03,폐업,,,,29.25
CU작전점,2016-12-30,175869.087785462,448238.257640553,2026-04-22 22:32:44,I,03,폐업,2017-01-01 17:16:59,,2016-05-03,,인천광역시 계양구 작전동 ***번지 **호,PHMG120163550020047000034,3550000,"인천광역시 계양구 주부토로 ***, *층 (작전동)",21087,03,폐업,,,032-555-6825,79.33
신신의료기,2013-03-25,154298.560733016,471918.1021963,2026-04-22 22:32:04,I,03,폐업,2013-03-25 18:02:37,,2011-10-21,417-803,인천광역시 강화군 강화읍 관청리 ***번지 *호,PHMG120113570013047000003,3570000,인천광역시 강화군 강화읍 강화대로 ***,,03,폐업,,,,139
에스아이덴탈,2025-05-02,176794.468759421,448601.767083185,2026-04-22 22:32:48,I,03,폐업,2025-05-02 14:08:56,,2019-06-19,,인천광역시 계양구 용종동 ***번지 *호 계양신명스카이홈 ***호,PHMG120193550020047000029,3550000,"인천광역시 계양구 계산새로**번길 **, 계양신명스카이홈 ***호 (용종동)",21065,03,폐업,,,,32.3
르켈란,,172377.551852765,440255.652111025,2026-04-22 22:38:31,I,15,전출,2025-10-14 09:07:55,,2024-11-08,,인천광역시 미추홀구 주안동 ***-* 월드빌 ****호,PHMG120243510513047000092,3510500,"인천광역시 미추홀구 주안로 ***, 월드빌 ****호 (주안동)",22133,05,제외/삭제/전출,,,,29.18
씨유인천힐스본점,,172894.096391076,439554.993018069,2026-04-22 22:38:05,I,13,영업중,2023-12-26 09:14:58,,2023-12-21,,인천광역시 미추홀구 주안동 ****-* 동한빌딩,PHMG120233510513047000128,3510500,"인천광역시 미추홀구 구월로**번길 *, 동한빌딩 *층 (주안동)",22145,01,영업/정상,,,,105
펄스앰의료기,2008-12-29,,,2026-04-22 22:32:22,I,03,폐업,2008-12-30 10:44:48,,2007-11-20,403-014,인천광역시 부평구 부평*동 ***번지* *층,PHMG120073540021047000026,3540000,,,03,폐업,,,032-330-8685,
세한의료기,,176669.268230728,447792.256189904,2026-04-22 22:32:47,I,13,영업중,2018-10-01 09:49:39,,2018-09-27,,인천광역시 계양구 작전동 ***번지 Mediplex 세종병원,PHMG120183550020047000041,3550000,"인천광역시 계양구 계양문화로 **, Mediplex 세종병원 *층 (작전동)",21080,01,영업/정상,,,,13.27
글롭마트,,173516.270431136,444640.195974867,2026-04-22 22:39:23,I,13,영업중,2025-07-02 14:09:51,,2025-07-02,,인천광역시 부평구 산곡동 *** 산곡동한양아파트 *동 ***호,PHMG120253540021047000040,3540000,"인천광역시 부평구 마장로 ***, *동 ***호 (산곡동, 산곡동한양아파트)",21370,01,영업/정상,,,,
드림에이앤티,2011-10-19,,,2026-04-22 22:31:53,I,03,폐업,2011-10-20 10:13:19,,2008-01-08,,인천광역시 동구 송현동 산업유통센타 *동 ***호,PHMG120083500020047000001,3500000,,,03,폐업,,,,
G.g food,2010-05-28,,,2026-04-22 22:32:17,I,03,폐업,2010-05-28 16:01:37,,2006-11-22,403-010,인천광역시 부평구 부평동 ***번지**외 *필지,PHMG120063540021047000008,3540000,,,03,폐업,,,032-524-6021,
지구스피루리나,2019-01-17,173927.288038636,442330.377437044,2026-04-22 22:33:04,I,03,폐업,2019-01-17 11:33:35,,2018-07-04,,"인천광역시 부평구 십정동 ***번지 ***호 *층, ***호",PHMG120183540021047000042,3540000,"인천광역시 부평구 이규보로 ***, *층 ***호 (십정동)",21440,03,폐업,,,,11.2
(YH)솔루션,2024-10-23,170074.069879315,441584.928924111,2026-04-22 22:37:39,I,03,폐업,2024-10-25 15:09:11,,2023-09-06,,인천광역시 미추홀구 도화동 *** 도화역 금강펜테리움 센트럴파크,PHMG120233510513047000094,3510500,"인천광역시 미추홀구 송림로***번길 *, ***동 ****호 (도화동, 도화역 금강펜테리움 센트럴파크)",22110,03,폐업,,,070-8983-8793,59.5
지앤지,,174068.852616571,442675.781189282,2026-04-22 22:34:16,I,13,영업중,2019-06-24 08:57:50,,2018-09-05,,인천광역시 부평구 십정동 ***번지 ***호 대경빌딩,PHMG120193540021047000041,3540000,"인천광역시 부평구 경원대로 ****, 대경빌딩 *층 (십정동)",21440,01,영업/정상,,,032-576-6352,217.47
세븐일레븐부평보영점,,175263.936406455,443377.454272443,2026-04-22 22:38:35,I,13,영업중,2022-02-10 10:57:47,,2022-02-07,,인천광역시 부평구 부평동 ***-*** HB엘림캐슬 ***호,PHMG120223540021047000064,3540000,"인천광역시 부평구 경원대로****번길 **-*, HB엘림캐슬 ***호 (부평동)",21389,01,영업/정상,,,,
이마트24 편의점,2024-02-07,178442.838908995,450785.492535807,2026-04-22 22:32:58,I,03,폐업,2024-02-07 15:05:38,,2022-02-17,,인천광역시 계양구 동양동 ***-* 동양타운,PHMG120223550020047000065,3550000,"인천광역시 계양구 동양로 ***, 동양타운 ***,***호 (동양동)",21012,03,폐업,,,,
유니벨테크,,,,2026-04-22 22:39:08,I,13,영업중,2023-02-07 09:44:46,,2022-11-11,,인천광역시 부평구 부평동 ***-*** 부평 SK VIEW 해모로 아파트 ***동 ****호,PHMG120233540021047000025,3540000,"인천광역시 부평구 동수천로 **, ***동 ****호 (부평동, 부평 SK VIEW 해모로 아파트)",21400,01,영업/정상,,,070-7568-7080,
인천중앙센타,2021-01-13,172894.096391076,439554.993018069,2026-04-22 22:32:46,I,03,폐업,2021-01-14 13:14:43,,2018-06-18,,인천광역시 미추홀구 주안동 ****-*번지 동한빌딩,PHMG120183510021047000024,3510500,"인천광역시 미추홀구 구월로**번길 *, 동한빌딩 *층 (주안동)",22145,03,폐업,,,,143
티에스디(TSD)메디칼,,175547.544467951,442893.782213933,2026-04-22 22:39:23,I,13,영업중,2025-08-20 10:30:01,,2012-06-22,,인천광역시 부평구 부평동 ***-** 번성오이코스 *층 ***호 일부(***)호,PHMG120253540021047000060,3540000,"인천광역시 부평구 경인로 ***, 번성오이코스 *층 ***호 일부(***)호 (부평동)",21407,01,영업/정상,,,,34.23
세븐일레븐 숭의센트럴점,,168455.519615112,439912.577793411,2026-04-22 22:33:03,I,13,영업중,2022-03-21 16:48:48,,2022-03-21,,인천광역시 미추홀구 숭의동 ***-**,PHMG120223510513047000159,3510500,"인천광역시 미추홀구 인주대로**번길 **, *층 (숭의동)",22173,01,영업/정상,,,032-887-1951,110.76
주식회사 스핀테크,2015-12-29,171090.52674002,440307.189834037,2026-04-22 22:32:37,I,03,폐업,2015-12-29 16:09:21,,2015-07-16,402-846,인천광역시 미추홀구 주안동 ***-**번지 영타운 **층 ****호,PHMG120153510021047000041,3510500,"인천광역시 미추홀구 주안로 **, **층 ****호 (주안동, 영타운)",22132,03,폐업,,,,27
메디트코리아,,175625.570804475,442634.835781896,2026-04-22 22:32:55,I,15,전출,2019-11-19 13:21:47,,2015-10-13,,인천광역시 부평구 부평동 ***번지 **호 공익스포렉스빌딩 ***호,PHMG120153540021047000072,3540000,"인천광역시 부평구 동수로 **, ***호 (부평동, 공익스포렉스빌딩)",21425,05,제외/삭제/전출,,,032-217-2011,59.52
제이와이헬스케어,2024-09-02,176400.597143979,447315.727881817,2026-04-22 22:32:37,I,03,폐업,2024-09-02 11:39:39,,2014-12-26,407-062,인천광역시 계양구 작전동 ***번지 *호 ***호,PHMG120143550020047000100,3550000,"인천광역시 계양구 장제로 ***, ***호 (작전동)",21127,03,폐업,,,,104.6
복음보청기 남구센터,,169433.401421473,440477.728523491,2026-04-22 22:32:46,I,13,영업중,2018-07-20 13:30:49,,2018-07-20,,인천광역시 미추홀구 숭의동 **번지 **호 *층 ***호,PHMG120183510513047000004,3510500,"인천광역시 미추홀구 경인로***번길 *, *층 ***호 (숭의동)",22163,01,영업/정상,,,,82.5
맥섬석라파건강센타,2024-06-25,176746.82226178,449143.861310997,2026-04-22 22:32:51,I,03,폐업,2024-06-25 15:22:11,,2020-05-08,,인천광역시 계양구 임학동 **번지 **호,PHMG120203550020047000025,3550000,"인천광역시 계양구 장제로 ***, *층 (임학동)",21034,03,폐업,,,,231
장수마을,2017-02-24,175999.835444236,444821.631816628,2026-04-22 22:32:07,I,03,폐업,2017-02-24 13:15:33,,2002-01-28,403-014,인천광역시 부평구 부평*동 ***(*층),PHMG120023540021047000002,3540000,"인천광역시 부평구 장제로***번길 **, *층 (부평동)",21355,03,폐업,,,032-428-0191,
㈜아트맥,2013-01-18,176785.368523779,448494.574806493,2026-04-22 22:32:00,I,24,직권폐업,2013-01-25 14:19:57,,2002-05-04,407-310,인천광역시 계양구 용종동 ***번지 *호 레드몰 *차 ***호,PHMG120023550020047000004,3550000,"인천광역시 계양구 계산새로**번길 *, ***호 (용종동,레드몰 *차)",,04,취소/말소/만료/정지/중지,,,032-555-8750,
플라라,2023-09-22,166963.625103738,442079.994874407,2026-04-22 22:32:08,I,03,폐업,2023-09-22 17:25:11,,2023-09-22,,,PHMG120163500020047000005,3500000,인천광역시 동구 석수로 **-* (만석동),22508,03,폐업,,,1544-4840,45.39
삼성디지털프라자 작전점,2014-04-01,175459.808246217,447449.819843211,2026-04-22 22:32:28,I,03,폐업,2014-04-07 09:21:33,,2014-03-26,407-062,인천광역시 계양구 작전*동 ***번지 **호 *층,PHMG120113550020047000032,3550000,"인천광역시 계양구 계양대로 ** (작전동,*층)",,03,폐업,,,032-547-0700,483.4
세븐일레븐 부평청천점,2019-10-15,175221.017530921,444925.49696202,2026-04-22 22:32:48,I,03,폐업,2019-10-21 11:21:25,,2014-10-30,403-858,인천광역시 부평구 청천동 ***번지 **호,PHMG120143540021047000060,3540000,인천광역시 부평구 부평대로 *** (청천동),21364,03,폐업,,,,66.41
휴마시스(주),,194656.001110915,429057.648135888,2026-04-22 03:03:03,U,13,영업중,2026-04-21 15:29:22,,2015-01-05,,경기도 군포시 금정동 ***-*,PHMG120214020028047000061,4020000,"경기도 군포시 금산로 **, ***호 (금정동)",15827,01,영업/정상,,,,
우진트레이딩,,176676.063656676,448221.382397489,2026-04-22 22:36:52,I,13,영업중,2024-07-24 13:25:22,,2024-07-24,,인천광역시 계양구 계산동 ****-** 명동빌딩 ***호,PHMG120243550020047000047,3550000,"인천광역시 계양구 오조산로**번길 **, 명동빌딩 *층 ***호 (계산동)",21069,01,영업/정상,,,070-8094-2057,8
블루린,,175259.733538542,443287.5084144,2026-04-22 22:32:42,I,13,영업중,2014-06-03 11:40:26,,2014-03-27,403-859,인천광역시 부평구 부평동 ***번지 **호 태광빌딩*층,PHMG120143540021047000013,3540000,"인천광역시 부평구 경원대로 ****, *층 (부평동, 태광빌딩)",21389,01,영업/정상,,,,
더큐브메디텍,,176607.326609066,448516.12033842,2026-04-22 22:32:43,I,13,영업중,2020-08-06 17:05:24,,2018-07-26,,인천광역시 계양구 계산동 ****번지,PHMG120163550020047000012,3550000,"인천광역시 계양구 계산새로 **, D동 ***-*호 (계산동, 하이베라스빌딩)",21060,01,영업/정상,,,032-542-7237,17.1
독일보청기 인천센터,,172404.871083442,439599.167597767,2026-04-22 22:32:12,I,13,영업중,2020-03-03 15:59:24,,2010-04-09,402-206,인천광역시 미추홀구 주안동 ****-*번지,PHMG120103510021047000008,3510500,인천광역시 미추홀구 경인로 ***  (주안동),,01,영업/정상,,,,100.63
고향숯침대 주안점,,172568.389856102,439618.859747044,2026-04-22 22:32:23,I,13,영업중,2012-05-09 13:31:59,,2012-05-07,402-848,인천광역시 미추홀구 주안동 ***-**번지 *층,PHMG120123510021047000014,3510500,인천광역시 미추홀구 경인로 *** (주안동),22144,01,영업/정상,,,,149.75
에스에이치메디케어,,176403.606129616,445115.936486454,2026-04-22 22:38:40,I,13,영업중,2022-04-08 17:22:52,,2022-04-08,,"인천광역시 부평구 삼산동 ***-* 주영이레타운, ***호 일부(***호)",PHMG120223540021047000170,3540000,"인천광역시 부평구 충선로***번길 **, 주영이레타운 ***호 일부(***호)호 (삼산동)",21344,01,영업/정상,,,,0.8
레몬트리 안경콘택트,2020-07-22,171923.902989232,439563.654182858,2026-04-22 22:32:36,I,03,폐업,2020-07-22 14:04:26,,2015-05-15,402-843,"인천광역시 미추홀구 주안동 ***-*번지 경인상가 *층 **호, **호",PHMG120153510021047000027,3510500,"인천광역시 미추홀구 경인로 ***, *층 **호, **호 (주안동, 경인상가)",22148,03,폐업,,,070-8247-8572,69.12
반품마트부개점,,177035.931866027,443466.217578467,2026-04-22 22:34:19,I,13,영업중,2019-06-28 09:54:31,,2019-06-28,,인천광역시 부평구 부개동 ***번지 **호 삼성아파트,PHMG120193540021047000043,3540000,"인천광역시 부평구 수변로 **, *층 ***호 (부개동, 삼성아파트)",21402,01,영업/정상,,,032-505-6009,117.66
제이케이물산,,175580.130764869,449023.210582272,2026-04-22 22:32:59,I,13,영업중,2022-02-22 13:08:32,,2022-02-21,,인천광역시 계양구 계산동 ***-**,PHMG120223550020047000077,3550000,"인천광역시 계양구 경명대로 ****, ***동 ****호 (계산동)",21049,01,영업/정상,,,,
(주)하이프라자 도화점,2018-08-31,170783.187477158,440218.18451974,2026-04-22 22:32:27,I,03,폐업,2018-09-03 15:21:06,,2013-02-07,402-810,"인천광역시 미추홀구 도화동 ***-*번지 *층, *층",PHMG120133510021047000006,3510500,"인천광역시 미추홀구 주안로 * (도화동,*층, *층)",,03,폐업,,,032-751-6520,1198.94
잠언의료기,2017-02-22,175497.316417976,443890.687008456,2026-04-22 22:32:55,I,03,폐업,2017-02-22 14:39:49,,2015-10-13,,인천광역시 부평구 부평동 ***번지 *호 *층,PHMG120153540021047000071,3540000,"인천광역시 부평구 대정로 **, *층 (부평동)",21390,03,폐업,,,032-508-7589,140.9
시원메딕스,,176756.229213241,448136.607677239,2026-04-22 22:32:28,I,15,전출,2024-09-19 14:21:45,,2018-05-08,,인천광역시 계양구 계산동 ****-* 현해아이빌,PHMG120113550020047000043,3550000,"인천광역시 계양구 오조산로**번길 *, 현해아이빌 *층 ***-*호 (계산동)",21069,05,제외/삭제/전출,,,,17.77
(주)아이엠대화,,176179.057868246,447649.301142805,2026-04-22 22:32:35,I,13,영업중,2016-04-28 13:56:19,,2014-06-25,,인천광역시 계양구 작전동 ***번지 *호 ***호,PHMG120143550020047000024,3550000,"인천광역시 계양구 봉오대로 ***, ***호 (작전동)",21085,01,영업/정상,,,,43.44
HY용현점,2025-08-06,169242.496138641,439474.874788409,2026-04-22 22:33:04,I,03,폐업,2025-08-07 09:44:17,,2022-03-25,,인천광역시 미추홀구 용현동 ***-**,PHMG120223510513047000169,3510500,"인천광역시 미추홀구 독정이로*번길 **, *층 (용현동)",22179,03,폐업,,,032-883-4584,192.5
K dental network,2018-03-31,169653.061072083,442555.053277966,2026-04-22 22:32:04,I,03,폐업,2018-03-30 14:55:39,,2013-08-02,401-812,인천광역시 동구 송림*동 인천산업용품유통센터  **동 ***-*호,PHMG120133500020047000008,3500000,"인천광역시 방축로 ***, **동 ***-*호 (인천산업용품유통센터)",22530,03,폐업,,,032-588-2804,26
주식회사 주(JOO Inc.),,,,2026-04-22 22:32:47,I,13,영업중,2023-10-26 09:38:50,,2019-01-23,,인천광역시 미추홀구 용현동 * 엘에이치미추홀*단지,PHMG120193510513047000006,3510500,"인천광역시 미추홀구 낙섬중로 ***, 주민복지관*-***호 (용현동, 엘에이치미추홀*단지)",22176,01,영업/정상,,,,24
미니스톱 계양아주점,2025-04-30,177176.794911531,448272.813386079,2026-04-22 22:33:00,I,03,폐업,2025-04-30 15:15:39,,2022-04-01,,인천광역시 계양구 계산동 ****-* 은행마을아주아파트,PHMG120223550020047000113,3550000,"인천광역시 계양구 용종로 **, 은행마을아주아파트 ***,***,***호 (계산동)",21071,03,폐업,,,,
실버세븐복지용구센터,2008-09-04,,,2026-04-22 22:32:14,I,03,폐업,2009-01-12 09:43:15,,2008-09-04,407-300,인천광역시 계양구 임학동 **-**,PHMG120083550020047000014,3550000,,,03,폐업,,,032-556-7686,
지에스25부평그랑블점,2025-07-30,176881.872908278,445450.366357265,2026-04-22 22:38:33,I,03,폐업,2025-07-30 13:33:15,,2022-02-05,,인천광역시 부평구 삼산동 ***-* 행복한마을서해그랑블 상가동 ***호,PHMG120223540021047000056,3540000,"인천광역시 부평구 굴포로 ***, 상가동 ***호 (삼산동, 행복한마을서해그랑블)",21341,03,폐업,,,,
종로의료기,2019-12-23,171338.828192697,440588.175410691,2026-04-22 22:32:47,I,03,폐업,2019-12-24 13:47:54,,2019-04-12,,인천광역시 미추홀구 주안동 **번지 **호,PHMG120193510513047000020,3510500,"인천광역시 미추홀구 석정로 ***, *일부층 (주안동)",22127,03,폐업,,,,36
이엔아이-지(계양구총판),,176527.452196927,447345.172552755,2026-04-22 22:32:39,I,13,영업중,2015-11-03 10:44:29,,2015-11-02,,인천광역시 계양구 작전동 ***번지 *호 *층,PHMG120153550020047000064,3550000,"인천광역시 계양구 효서로 ***, *층층 (작전동)",21124,01,영업/정상,,,032-552-2820,124.85
칠평상사,,171923.902989232,439563.654182858,2026-04-22 22:37:55,I,13,영업중,2023-10-26 14:19:02,,2023-10-26,,인천광역시 미추홀구 주안동 ***-* 경인상가,PHMG120233510513047000110,3510500,"인천광역시 미추홀구 경인로 ***, 경인상가 *층 ***호 (주안동)",22148,01,영업/정상,,,,24.29
한빛나노메디칼,2014-04-23,168715.356181998,441630.668086085,2026-04-22 22:31:58,I,03,폐업,2014-04-23 17:41:13,,2014-04-23,401-816,인천광역시 동구 송림*.*동 ***번지 **호,PHMG120113500020047000005,3500000,"인천광역시 동구 송림로 ***, *층 (송림동)",,03,폐업,,,032-773-7588,180.55
해피월드,2015-04-27,176441.189524569,447712.239851709,2026-04-22 22:32:35,I,03,폐업,2015-04-27 11:27:38,,2014-09-12,407-060,인천광역시 계양구 작전동 ***번지 *호 세종팰리스 ***호,PHMG120143550020047000031,3550000,"인천광역시 계양구 장제로 ***, *층 ***호 (작전동, 세종팰리스)",,03,폐업,,,,360
에스엠 글로벌,2017-12-31,169226.889631696,442817.65455975,2026-04-22 22:31:59,I,03,폐업,2018-03-14 17:48:04,,2012-01-17,401-704,인천광역시 동구 송현*동 ***번지 산업유통센터 *동 ***호,PHMG120123500020047000003,3500000,"인천광역시 동구 방축로**번길 **, *동 *층 ***호 (송현동, 인천산업용품유통센터)",22530,03,폐업,,,,26
(주)코리아세븐 인천임학역점,2019-10-17,176808.039396009,449253.75886372,2026-04-22 22:32:45,I,03,폐업,2019-10-17 19:44:55,,2016-10-13,,인천광역시 계양구 임학동 **번지 *호,PHMG120163550020047000074,3550000,"인천광역시 계양구 장제로***번길 *, ***호 (임학동, 진빌딩)",21034,03,폐업,,,,42.9
세븐일레븐 부평장제점,2019-10-18,176152.433819889,444361.126289466,2026-04-22 22:32:48,I,03,폐업,2019-10-18 22:34:40,,2014-10-29,403-817,인천광역시 부평구 부평동 **번지 **호,PHMG120143540021047000054,3540000,인천광역시 부평구 부흥북로 ** (부평동),21352,03,폐업,,,,90.24
원대로,2013-08-02,175010.718476744,448746.129391607,2026-04-22 22:32:13,I,03,폐업,2013-09-10 10:41:25,,2008-01-28,407-051,인천광역시 계양구 계산*동 ***번지,PHMG120083550020047000003,3550000,인천광역시 계양구 계산로 **-** (계산동),,03,폐업,,,032-543-7401,
이안메드,,177529.774708102,450550.563127122,2026-04-22 22:36:47,I,13,영업중,2024-05-24 15:26:05,,2024-05-23,,인천광역시 계양구 박촌동 *** 박촌 풍림아이원,PHMG120243550020047000042,3550000,"인천광역시 계양구 동양로 **, 상가동 B***-***호 (박촌동, 박촌 풍림아이원)",21022,01,영업/정상,,,,
애플의료기,2013-06-11,171554.745252521,438596.953704738,2026-04-22 22:32:08,I,03,폐업,2013-06-13 14:26:30,,2008-09-22,402-208,인천광역시 미추홀구 주안동 ****-*번지,PHMG120083510021047000012,3510500,인천광역시 미추홀구 미추홀대로 ***  (주안동),,03,폐업,,,032-862-3378,
3h지압침대,,175896.515646613,448923.098907057,2026-04-22 22:34:07,I,13,영업중,2023-01-02 11:35:27,,2022-12-30,,인천광역시 계양구 계산동 ***-*,PHMG120223550020047000232,3550000,"인천광역시 계양구 주부토로 ***, *층 (계산동)",21050,01,영업/정상,,,,
덴탈투게더,,167518.744776739,439147.961993406,2026-04-22 22:32:38,I,13,영업중,2018-03-06 09:39:45,,2015-09-15,,인천광역시 미추홀구 용현동 ***-*번지 서해관광호텔 ***호,PHMG120153510021047000080,3510500,"인천광역시 미추홀구 아암대로 **, 서해관광호텔 *층 ***호 (용현동)",22186,01,영업/정상,,,,29.34
디아이,,175480.602287624,444012.370127584,2026-04-22 22:39:17,I,13,영업중,2025-08-19 16:47:19,,2024-09-06,,인천광역시 부평구 부평동 ***-* 부평한라비발디 *층 ***호,PHMG120243540021047000097,3540000,"인천광역시 부평구 대정로 *, 부평한라비발디 *층 ***호 (부평동)",21390,01,영업/정상,,,,24.27
동의의료기,2013-02-06,177007.6217513,449574.019485024,2026-04-22 22:32:05,I,24,직권폐업,2013-02-15 10:41:16,,2005-03-23,407-320,인천광역시 계양구 병방동 ***번지,PHMG120053550020047000005,3550000,인천광역시 계양구 계양산로***번길 * (병방동),,04,취소/말소/만료/정지/중지,,,032-544-2589,
한국안전보건협동조합,,174336.502608179,444859.765407744,2026-04-22 22:33:01,I,13,영업중,2017-12-20 08:56:22,,2017-12-15,,인천광역시 부평구 산곡동 ***번지 *호 현대아이파크 ***동 ***호,PHMG120173540021047000061,3540000,"인천광역시 부평구 안남로 ***, ***동 ***호 (산곡동, 현대아파트)",21363,01,영업/정상,,,1661-7210,168.3
지에스25,2022-10-13,177033.221626528,447486.541499484,2026-04-22 22:33:13,I,03,폐업,2022-10-13 20:01:05,,2022-08-30,,인천광역시 계양구 작전동 ***-* 까치마을태화.한진아파트,PHMG120223550020047000188,3550000,"인천광역시 계양구 효서로 ***, 상가동 ***,***호 (작전동, 까치마을태화.한진아파트)",21125,03,폐업,,,,
CU계산태평점,2016-12-13,177161.664901197,448150.522708556,2026-04-22 22:32:36,I,03,폐업,2016-12-13 16:11:39,,2014-11-04,,인천광역시 계양구 계산동 ****번지 *호,PHMG120143550020047000058,3550000,"인천광역시 계양구 용종로 ** (계산동, 은행마을태평아파트)",21071,03,폐업,,,,66
플라나리아,2006-03-15,,,2026-04-22 22:32:07,I,03,폐업,2009-01-12 11:52:10,,2006-03-15,407-040,인천광역시 계양구 효성동 ***-**,PHMG120063550020047000010,3550000,,,03,폐업,,,032-261-6811,
(주)코리아세븐인천삼산사랑점,2019-10-15,177056.549081386,446264.767360694,2026-04-22 22:32:57,I,03,폐업,2019-10-15 18:38:23,,2016-10-05,,인천광역시 부평구 삼산동 ***번지 *호 *층일부,PHMG120163540021047000061,3540000,"인천광역시 부평구 영성중로**번길 ** (삼산동, *층일부)",21321,03,폐업,,,,
승현상사,,175931.092823585,447686.492506421,2026-04-22 22:34:26,I,13,영업중,2023-02-09 11:32:57,,2023-02-09,,인천광역시 계양구 작전동 ***-*,PHMG120233550020047000015,3550000,인천광역시 계양구 봉오대로***번길 *(작전동),21085,01,영업/정상,,,,
진성의료기,2010-10-01,,,2026-04-22 22:32:12,I,03,폐업,2010-10-01 15:47:57,,2005-04-26,403-827,인천광역시 부평구 부평동  ***번지**,PHMG120053540021047000008,3540000,,,03,폐업,,,032-506-1937,
(주)알파라인랩비즈니스,,176500.34428749,449047.418509603,2026-04-22 22:32:53,I,13,영업중,2022-06-16 17:51:34,,2020-12-02,,인천광역시 계양구 임학동 **,PHMG120203550020047000055,3550000,"인천광역시 계양구 경명대로 ****, *층 일부호 (임학동)",21031,01,영업/정상,,,1661-8595,154.18
GM메디칼,,168374.029590012,441495.181609014,2026-04-22 22:32:20,I,13,영업중,2026-01-06 16:00:20,,2020-10-22,,인천광역시 동구 송림동 **-*,PHMG120203500020047000020,3500000,"인천광역시 동구 송림로 **, 굿모닝프라자 *층 ***호 (송림동)",22556,01,영업/정상,,,,26.4
두리,,168198.27376088,441398.721685075,2026-04-22 22:32:31,I,13,영업중,2023-05-22 15:55:27,,2023-05-22,,인천광역시 동구 송림동 ***-* 삼익아파트 *동 ***호,PHMG120233500020047000011,3500000,"인천광역시 동구 송림로 **, *동 ***호 (송림동, 삼익아파트)",22555,01,영업/정상,,,,
복지용구연,,174107.862290339,443710.469668784,2026-04-22 22:39:14,I,13,영업중,2024-04-18 11:31:17,,2024-04-18,,인천광역시 부평구 산곡동 ***-* 우성아파트 ***동 ****호,PHMG120243540021047000048,3540000,"인천광역시 부평구 안남로***번길 **, ***동 ****호 (산곡동, 우성아파트)",21381,01,영업/정상,,,,
이이엠 의료기,2014-11-03,171615.26673762,440737.788393348,2026-04-22 22:32:27,I,03,폐업,2014-11-05 15:23:53,,2013-05-15,,,PHMG120133510021047000014,3510500,인천광역시 미추홀구 길파로 ** (주안동),,03,폐업,,,032-863-1151,
포빌리언,2024-04-18,176607.326609066,448516.12033842,2026-04-22 22:32:53,I,03,폐업,2024-04-18 11:17:30,,2021-01-21,,인천광역시 계양구 계산동 **** 하이베라스,PHMG120213550020047000007,3550000,"인천광역시 계양구 계산새로 **, 하이베라스 D동 ****호 (계산동)",21060,03,폐업,,,070-4686-2728,40
씨유인천남구청점,2025-03-30,169015.156045788,440307.041163419,2026-04-22 22:32:55,I,03,폐업,2025-03-21 15:12:50,,2022-02-04,,인천광역시 미추홀구 숭의동 ***-*,PHMG120223510513047000014,3510500,"인천광역시 미추홀구 독정이로***번길 *, *층 (숭의동)",22163,03,폐업,,,,52.9
금강보청기 주안센터,,171520.592028279,439624.528022026,2026-04-22 22:32:36,I,13,영업중,2015-03-27 10:24:44,,2015-03-27,402-844,인천광역시 미추홀구 주안동 ***-*번지 가동 *층,PHMG120153510021047000013,3510500,"인천광역시 미추홀구 경인로 ***-*, 가동 *층 (주안동)",22154,01,영업/정상,,,032-876-1417,83
(주)대우지피에스,,176051.868504714,445190.775404769,2026-04-22 22:32:34,I,13,영업중,2019-04-18 12:03:16,,2010-09-01,403-081,인천광역시 부평구 갈산*동 ***번지 *층,PHMG120103540021047000037,3540000,"인천광역시 부평구 장제로***번길 **-*, *층 (갈산동)",21337,01,영업/정상,,,032-553-7791,34.8
이마트24 센트럴플라츠점,2023-10-11,178335.996864333,448014.226497816,2026-04-22 22:32:58,I,03,폐업,2023-10-11 16:50:59,,2022-02-17,,인천광역시 계양구 서운동 ***-* 서운센트럴플라츠,PHMG120223550020047000070,3550000,"인천광역시 계양구 서운산단로 **, 서운센트럴플라츠 ***호 (서운동)",21072,03,폐업,,,,
에스바이에스,,186317.207037672,451462.350090067,2026-04-22 22:32:48,I,15,전출,2020-08-09 20:43:00,,2019-04-02,,서울특별시 강서구 가양동 **-* 더리브골드타워,PHMG120193550020047000012,3550000,"서울특별시 강서구 양천로 ***-**, 더리브골드타워 ***호 (가양동)",07573,05,제외/삭제/전출,,,,50
GS(지에스)25남구문학점,2024-04-24,171982.087061817,437397.666051161,2026-04-22 22:36:57,I,03,폐업,2024-04-24 15:01:22,,2023-04-12,,인천광역시 미추홀구 문학동 ***-**,PHMG120233510513047000051,3510500,"인천광역시 미추홀구 매소홀로***번길 *, *층 (문학동)",22235,03,폐업,,,,97.9
뉴프리존,2009-03-27,,,2026-04-22 22:32:07,I,03,폐업,2009-08-06 14:45:08,,2007-07-13,,인천 미추홀구 학익동 ***-* 신세계*층,PHMG120073510021047000015,3510500,,,03,폐업,,,032-876-8111,
제로서울,,175014.645956207,443613.434992806,2026-04-22 22:35:46,I,13,영업중,2020-04-27 16:24:28,,2020-04-26,,인천광역시 부평구 부평동 **번지 *호 부평동아아파트,PHMG120203540021047000035,3540000,"인천광역시 부평구 부평문화로 **, *동 ****호 (부평동, 부평동아아파트)",21387,01,영업/정상,,,,
프라임존,,177560.334743714,451923.524930012,2026-04-22 22:32:39,I,15,전출,2024-04-11 10:50:16,,2015-10-15,,인천광역시 계양구 귤현동 ***번지 A동 ***호,PHMG120153550020047000060,3550000,"인천광역시 계양구 장군봉길 **, A동 ***호 (귤현동, 중앙E클래스*차)",21016,05,제외/삭제/전출,,,,42.59
블루위,2017-03-08,176228.200639163,442879.489271006,2026-04-22 22:32:31,I,03,폐업,2017-03-08 14:45:03,,2009-10-20,403-011,인천광역시 부평구 부평*동 ***번지 **호,PHMG120093540021047000038,3540000,인천광역시 부평구 장제로**번길 ** (부평동),21414,03,폐업,,,,
다루코리아,,169424.109924844,442692.722669138,2026-04-22 22:32:28,I,13,영업중,2023-04-10 17:17:35,,2022-08-08,,인천광역시 동구 송림동 *** 인천산업용품유통단지 **동 ***호,PHMG120223500020047000037,3500000,"인천광역시 동구 방축로**번길 **, 인천산업용품유통단지 **동 ***호 (송림동)",22530,01,영업/정상,,,032-544-5063,26.06
제이에스컴퍼니,,176737.188860293,448498.786895427,2026-04-22 22:32:55,I,15,전출,2022-06-10 17:13:51,,2021-10-21,,인천광역시 계양구 용종동 ***-* 레드몰*차,PHMG120213550020047000088,3550000,"인천광역시 계양구 계산새로**번길 *, 레드몰*차 A동 *층 B*호 (용종동)",21065,05,제외/삭제/전출,,,,
엠제트(MZ)팜,,175754.088026773,443547.360991255,2026-04-22 22:39:12,I,15,전출,2024-10-04 09:29:02,,2022-10-14,,인천광역시 부평구 부평동 ***-* 다운타운일레븐 *층 일부(***-***호),PHMG120233540021047000127,3540000,"인천광역시 부평구 대정로 **, 다운타운일레븐 *층 일부(***-***호)호 (부평동)",21395,05,제외/삭제/전출,,,,8
수연나 글로벌코리아,,176631.834972797,449229.15334347,2026-04-22 22:32:35,I,13,영업중,2022-10-18 09:47:20,,2014-09-26,,인천광역시 계양구 임학동 **-*,PHMG120143550020047000032,3550000,"인천광역시 계양구 임학동로 **, *층 일부호 (임학동)",21033,01,영업/정상,,,032-562-7128,90.72
필링하우스,,176794.468759421,448601.767083185,2026-04-22 22:32:37,I,13,영업중,2014-11-10 16:48:33,,2014-11-07,407-310,인천광역시 계양구 용종동 ***번지 *호 계양신명스카이홈 ***호,PHMG120143550020047000082,3550000,"인천광역시 계양구 계산새로**번길 **, *층 ***호 (용종동, 계양신명스카이홈)",21065,01,영업/정상,,,070-7785-5402,32.3
마니식품,,147597.355706359,459237.010856777,2026-04-22 22:32:07,I,13,영업중,2023-12-06 17:27:47,,2015-07-10,417-861,인천광역시 강화군 화도면 내리 ***번지 *호,PHMG120153570013047000003,3570000,인천광역시 강화군 화도면 마니산로 ***-*,23060,01,영업/정상,,,1577-1490,70.2
지에스에이치(Gsh)더카리스,2024-12-04,168550.927265356,440330.126606616,2026-04-22 22:36:15,I,03,폐업,2024-12-04 17:26:15,,2023-01-17,,인천광역시 미추홀구 숭의동 ***-* 명가타워,PHMG120233510513047000009,3510500,"인천광역시 미추홀구 경인로*번길 **, 명가타워 ****호 (숭의동)",22170,03,폐업,,,,48.39
(주)팩토리온,,177876.643641042,442195.660348286,2026-04-22 22:33:53,I,15,전출,2023-06-27 21:40:38,,2019-04-11,,인천광역시 부평구 일신동 **번지 *호,PHMG120193540021047000022,3540000,"인천광역시 부평구 항동로***번길 **-**, *층 (일신동)",21418,05,제외/삭제/전출,,,,288
명품메디칼,2017-06-27,172507.979320819,439705.568883993,2026-04-22 22:32:36,I,03,폐업,2017-06-27 11:27:15,,2014-12-15,402-848,인천광역시 미추홀구 주안동 ***-*번지 *층,PHMG120143510021047000104,3510500,"인천광역시 미추홀구 경원대로***번길 *, *층 (주안동)",22144,03,폐업,,,032-422-4497,255.16
CU효성해인점,2016-12-28,173539.978583409,447067.516084328,2026-04-22 22:32:38,I,03,폐업,2016-12-30 17:19:44,,2015-03-19,407-042,인천광역시 계양구 효성동 ***번지 *호,PHMG120153550020047000017,3550000,인천광역시 계양구 아나지로 ** (효성동),21104,03,폐업,,,032-552-9695,56.1
유신메디칼,2021-02-16,168952.389177008,440011.855067906,2026-04-22 22:32:44,I,03,폐업,2021-02-16 15:32:37,,2016-09-08,,인천광역시 미추홀구 숭의동 ***-*,PHMG120163510021047000061,3510500,"인천광역시 미추홀구 경인로**번길 **-**, *층 (숭의동)",22169,03,폐업,,,,21.8
가연메디컬,,176403.606129616,445115.936486454,2026-04-22 22:39:10,I,13,영업중,2023-06-28 09:04:58,,2023-06-28,,인천광역시 부평구 삼산동 ***-* 주영이레타운 ***호 일부(***호),PHMG120233540021047000080,3540000,"인천광역시 부평구 충선로***번길 **, 주영이레타운 ***호 일부(***호)호 (삼산동)",21344,01,영업/정상,,,,5.75
씨유 인하헤리움점,,168827.925405046,438441.946560006,2026-04-22 22:33:42,I,13,영업중,2022-07-12 09:49:45,,2022-07-12,,인천광역시 미추홀구 용현동 ***-* 인하대역 헤리움 메트로 타워,PHMG120223510513047000226,3510500,"인천광역시 미추홀구 용정공원로**번길 **, 인하대역 헤리움 메트로 타워 ***~***호 (용현동)",22188,01,영업/정상,,,,75.97
해피계양총판,,175635.829657608,448883.841107651,2026-04-22 22:32:38,I,13,영업중,2015-03-05 11:35:08,,2015-03-05,407-052,인천광역시 계양구 계산동 ***번지 **호,PHMG120153550020047000012,3550000,인천광역시 계양구 어사대로 ** (계산동),21050,01,영업/정상,,,,122.24
씨유인천삼산점,2016-12-29,176320.411870751,445163.557119418,2026-04-22 22:32:51,I,03,폐업,2016-12-29 18:10:08,,2014-11-06,403-866,인천광역시 부평구 삼산동 ***번지 *호 ***호,PHMG120143540021047000106,3540000,인천광역시 부평구 체육관로 ** (삼산동),21344,03,폐업,,,032-503-7172,
더존라이프,2010-10-28,167518.744776739,439147.961993406,2026-04-22 22:32:14,I,03,폐업,2012-04-05 12:55:22,,2010-07-14,402-025,인천광역시 미추홀구 용현동 ***-*번지,PHMG120103510021047000017,3510500,인천광역시 미추홀구 아암대로 **  (용현동),,03,폐업,,,032-885-9043,279.5
닷컴 프라이드,2023-12-11,172978.449583348,440846.539171771,2026-04-22 22:38:54,I,03,폐업,2023-12-11 16:03:42,,2022-08-02,,인천광역시 부평구 십정동 ***-** *층,PHMG120223540021047000258,3540000,"인천광역시 부평구 백범로***번길 **, *층 (십정동)",21454,03,폐업,,,,
위더스메디테크,,169424.109924844,442692.722669138,2026-04-22 22:32:05,I,13,영업중,2026-01-06 16:06:28,,2014-08-22,,,PHMG120143500020047000009,3500000,"인천광역시 동구 방축로**번길 **, **동 ***호 (송림동, 인천산업용품유통단지)",22530,01,영업/정상,,,,27.1
동의메디칼상사,2013-01-18,175449.915234411,447704.980176455,2026-04-22 22:31:59,I,24,직권폐업,2013-01-25 14:12:26,,2000-12-14,407-824,인천광역시 계양구 작전*동 ***번지 **호,PHMG120003550020047000006,3550000,인천광역시 계양구 계양대로 ** (작전동),,04,취소/말소/만료/정지/중지,,,032-553-0243,
웅진코웨이주식회사,2012-02-22,,,2026-04-22 22:32:22,I,03,폐업,2012-02-23 09:04:27,,2010-03-26,407-806,인천광역시 계양구 계산*동 신도브레뉴 상가 ***호,PHMG120103550020047000007,3550000,,,03,폐업,,,,
EYE수 뷰티,2022-12-30,168417.316996324,441208.580750206,2026-04-22 22:32:23,I,03,폐업,2023-02-03 18:05:46,,2021-09-06,,인천광역시 동구 금곡동 **-*,PHMG120213500020047000021,3500000,인천광역시 동구 샛골로 ***(금곡동),22562,03,폐업,,,,11.52
에치와이갈산점,2025-07-08,175857.851172944,445321.194802095,2026-04-22 22:38:40,I,03,폐업,2025-07-09 10:42:40,,2022-03-28,,인천광역시 부평구 갈산동 ***-* *층,PHMG120223540021047000162,3540000,"인천광역시 부평구 갈월동로**번길 **-*, *층 (갈산동)",21336,03,폐업,,,,
라이브차콜의료기 부개지점,2011-10-14,176773.02911805,442731.373408975,2026-04-22 22:32:37,I,03,폐업,2012-09-12 16:23:04,,2011-10-14,403-810,인천광역시 부평구 부개*동 ***번지 *호 *층,PHMG120113540021047000061,3540000,"인천광역시 부평구 경인로 **** (부개동,*층)",,03,폐업,,,070-4177-3689,
라온,,172799.665828016,442294.665868044,2026-04-22 22:33:01,I,13,영업중,2021-01-20 11:12:39,,2018-02-06,,인천광역시 부평구 십정동 **번지 *호 *층,PHMG120183540021047000006,3540000,"인천광역시 부평구 열우물로***번길 ***, *층 (십정동)",21447,01,영업/정상,,,,34.53
안심건강센터,,176314.282864257,449061.900629413,2026-04-22 22:38:14,I,13,영업중,2025-12-01 14:05:39,,2025-11-27,,인천광역시 계양구 계산동 ***-* 스카이포인트,PHMG120253550020047000062,3550000,"인천광역시 계양구 안산로 **, 스카이포인트 ***호 (계산동)",21031,01,영업/정상,,,,84.61
GS25부평힘찬점,2016-12-29,176126.060940321,443437.104312024,2026-04-22 22:32:53,I,03,폐업,2016-12-30 15:43:14,,2015-02-05,403-010,인천광역시 부평구 부평동 ***번지 *호 건영@***호,PHMG120153540021047000008,3540000,"인천광역시 부평구 장제로**번길 ** (부평동, 건영@***호)",21399,03,폐업,,,032-525-9950,
주식회사 사이메딕스트레이딩,2015-07-14,171090.52674002,440307.189834037,2026-04-22 22:32:31,I,03,폐업,2015-07-15 13:33:51,,2014-07-01,402-846,인천광역시 미추홀구 주안동 ***-**번지 영타운 ****호,PHMG120143510021047000013,3510500,"인천광역시 미추홀구 주안로 **, **층 ****호 (주안동, 영타운)",,03,폐업,,,,27
세븐일레븐 인하제일점,2016-09-22,169564.761928687,438917.218074034,2026-04-22 22:32:33,I,03,폐업,2016-09-22 11:21:41,,2014-10-27,402-825,인천광역시 미추홀구 용현동 ***-**번지 *층 *호,PHMG120143510021047000029,3510500,"인천광역시 미추홀구 경인남길**번길 **, *층 *호 (용현동)",22207,03,폐업,,,,
조아국제종합상사,2025-10-22,177034.354040237,444475.355924653,2026-04-22 22:39:13,I,03,폐업,2025-10-22 18:01:07,,2024-01-19,,인천광역시 부평구 부개동 ***-* 푸른마을삼부한신아파트 ***동 ***호,PHMG120243540021047000009,3540000,"인천광역시 부평구 부개로 **, ***동 ***호 (부개동, 푸른마을삼부한신아파트)",21347,03,폐업,,,,
온누리셀파워동인천지점,2015-05-13,168525.833689337,441505.604597402,2026-04-22 22:32:04,I,03,폐업,2015-08-06 11:38:46,,2014-05-07,,,PHMG120143500020047000004,3500000,인천광역시 동구 동산로 **-* (송림동),22557,03,폐업,,,,120
미도파,2025-01-24,175704.930517223,443747.602757893,2026-04-22 22:32:06,I,03,폐업,2025-01-24 17:00:10,,2001-11-14,,인천광역시 부평구 부평동 ***번지 *호,PHMG120013540021047000024,3540000,인천광역시 부평구 부평대로 지하 ** (부평동),21393,03,폐업,,,032-513-2477,
문정메디칼상사,2012-09-21,176524.182651074,447317.232909082,2026-04-22 22:32:07,I,03,폐업,2012-09-24 15:00:29,,2006-04-18,407-821,인천광역시 계양구 작전서운동 ***번지 *호 제일빌딩 나동,PHMG120063550020047000012,3550000,"인천광역시 계양구 효서로 ***, 나동 (작전동,제일빌딩)",,03,폐업,,,032-552-3183,
CU 주안함박점,2016-12-28,171933.257043406,440399.717324345,2026-04-22 22:32:34,I,03,폐업,2016-12-30 08:51:52,,2014-11-06,402-836,인천광역시 미추홀구 주안동 **-**번지,PHMG120143510021047000054,3510500,인천광역시 미추홀구 염창로 **-* (주안동),22129,03,폐업,,,,
GS25 학익위브점,,169451.835770301,437842.053265594,2026-04-22 22:32:34,I,13,영업중,2014-11-06 15:22:58,,2014-11-06,402-040,인천광역시 미추홀구 학익동 ***번지 학익두산위브근린생활동 ***호,PHMG120143510021047000055,3510500,"인천광역시 미추홀구 노적산로 **, ***호 (학익동, 학익두산위브근린생활동)",22203,01,영업/정상,,,,
고리상,,174960.915100717,444872.821236414,2026-04-22 22:38:10,I,13,영업중,2021-06-14 13:08:12,,2021-06-09,,인천광역시 부평구 청천동 *** 삼익아파트 *동 ***호,PHMG120213540021047000094,3540000,"인천광역시 부평구 부평대로***번길 **, *동 ***호 (청천동, 삼익아파트)",21364,01,영업/정상,,,,
지에스25부평부개점,2025-11-19,176327.107751399,444870.981207708,2026-04-22 22:38:39,I,03,폐업,2025-11-19 17:38:50,,2022-02-25,,인천광역시 부평구 부개동 ***-* *층,PHMG120223540021047000124,3540000,"인천광역시 부평구 장제로***번길 **, *층 (부개동)",21351,03,폐업,,,,
에이온,2020-10-19,169226.889631696,442817.65455975,2026-04-22 22:32:13,I,03,폐업,2020-10-20 15:34:44,,2019-01-18,,인천광역시 동구 송현동 ***번지 인천산업용품유통단지,PHMG120193500020047000002,3500000,"인천광역시 동구 방축로**번길 **, 인천산업용품유통단지 **동 *층 ***호 (송현동)",22530,03,폐업,,,,24
에코아이엔티,,175676.403086718,443569.387717134,2026-04-22 22:37:17,I,15,전출,2022-05-30 09:05:46,,2021-04-19,,"인천광역시 부평구 부평동 ***-* 한남시티프라자, ***호 일부(**호)",PHMG120213540021047000029,3540000,"인천광역시 부평구 시장로 **, 한남시티프라자 ***호 일부(**호)호 (부평동)",21394,05,제외/삭제/전출,,,,3.56
이이엠의료기(동암지점),2011-08-05,173066.364973404,441183.366383217,2026-04-22 22:32:28,I,03,폐업,2011-08-05 10:52:55,,2009-09-03,403-845,인천광역시 부평구 십정*동 ***번지 **호 *층,PHMG120093540021047000029,3540000,"인천광역시 부평구 배곶남로 ** (십정동,*층)",,03,폐업,,,,129.22
미건의료기석바위점,,172640.697885289,439505.379986526,2026-04-22 22:32:52,I,13,영업중,2026-03-31 17:46:16,,2016-05-20,,인천광역시 미추홀구 주안동 ****-*,PHMG120213510513047000016,3510500,"인천광역시 미추홀구 구월로*번길 *, *층 (주안동)",22146,01,영업/정상,,,,132.6
YK메디칼,,176670.557328086,448161.309575535,2026-04-22 22:32:47,I,13,영업중,2018-06-12 10:57:48,,2018-06-11,,인천광역시 계양구 계산동 ****번지 *호 대산월드프라자 **층  ***호,PHMG120183550020047000026,3550000,"인천광역시 계양구 계양문화로 **, 대산월드프라자 **층 ***호 (계산동)",21069,01,영업/정상,,,,6.6
CU 주안쌍용점,2016-12-30,171713.403924533,438415.550627431,2026-04-22 22:32:37,I,03,폐업,2016-12-30 14:22:01,,2015-10-15,,,PHMG120153510021047000058,3510500,"인천광역시 미추홀구 인하로 *** (주안동, 쌍용아파트)",22230,03,폐업,,,032-434-2330,57.6
(주)노벨신성,,175902.625958295,443142.79260214,2026-04-22 22:32:56,I,13,영업중,2016-07-06 10:53:54,,2016-07-06,,인천광역시 부평구 부평동 ***번지 *호 중앙아파트B동 B**호,PHMG120163540021047000036,3540000,"인천광역시 부평구 광장로**번길 ** (부평동, 중앙아파트B동 B**호)",21404,01,영업/정상,,,070-7322-7080,86.07
㈜듀존의료기(신기점),2010-01-22,,,2026-04-22 22:32:05,I,03,폐업,2010-01-25 10:53:22,,2006-08-07,,인천 미추홀구 숭의동 ***-* 광해 ***-***,PHMG120063510021047000009,3510500,,,03,폐업,,,,
스타키보청기,,175410.279964334,443445.980187387,2026-04-22 22:32:35,I,13,영업중,2022-09-01 18:02:01,,2011-01-28,,인천광역시 부평구 부평동 ***-** *층 일부,PHMG120113540021047000006,3540000,"인천광역시 부평구 부평대로 **, *층 일부호 (부평동)",21389,01,영업/정상,,,,
지에스25 그랑힐스청천,,173598.128829185,446461.825121456,2026-04-22 22:39:13,I,13,영업중,2024-02-05 17:55:33,,2024-02-05,,"인천광역시 부평구 청천동 **-* e편한세상부평그랑힐스 (단지내상가) *동 ***, ***호",PHMG120243540021047000016,3540000,"인천광역시 부평구 산청로 **, (단지내상가) *동 ***, ***호 (청천동, e편한세상부평그랑힐스)",21303,01,영업/정상,,,,
GS25병방중앙점,2016-07-11,177279.282550538,449463.685066391,2026-04-22 22:32:37,I,03,폐업,2016-07-11 16:35:18,,2014-11-10,407-320,인천광역시 계양구 병방동 ***번지 *호,PHMG120143550020047000083,3550000,인천광역시 계양구 장제로***번길 ** (병방동),21028,03,폐업,,,032-548-6871,
웰테크코리아,2025-12-18,175891.757466625,447146.070622545,2026-04-22 22:33:03,I,03,폐업,2025-12-18 14:35:57,,2021-12-10,,인천광역시 계양구 작전동 ***-* 동보아파트,PHMG120223550020047000149,3550000,"인천광역시 계양구 아나지로 ***, 동보아파트 상가동 ***-*호 (작전동)",21119,03,폐업,,,,
노블덴탈,,176684.418913823,442720.490939948,2026-04-22 22:32:20,I,13,영업중,2015-03-24 09:55:48,,2007-09-17,403-101,인천광역시 부평구 부개동 ***번지 *호 가호 *층,PHMG120073540021047000017,3540000,"인천광역시 부평구 경인로****번길 * (부개동, 가호 *층)",21427,01,영업/정상,,,032-207-4832,
지에스25도화나산점,2024-05-27,170485.392094194,440372.66081765,2026-04-22 22:32:53,I,03,폐업,2024-05-27 11:48:34,,2021-05-10,,인천광역시 미추홀구 도화동 ***-* 나산아파트,PHMG120213510513047000049,3510500,"인천광역시 미추홀구 경인로 ***, ***동 ***호일부호 (도화동, 나산아파트)",22106,03,폐업,,,,85
(주)SK바아오메디텍,,175370.444202068,444917.181953939,2026-04-22 22:32:05,I,13,영업중,2013-10-23 11:10:38,,2001-06-22,403-010,인천광역시 부평구 부평동 ***번지**,PHMG120013540021047000007,3540000,인천광역시 부평구 신트리로*번길 * (부평동),21354,01,영업/정상,,,032-523-8600,
주식회사 토탈실드솔루션,,169119.180898472,438218.418881943,2026-04-22 22:38:31,I,13,영업중,2024-11-18 17:31:24,,2024-11-18,,인천광역시 미추홀구 학익동 ***-** 인하대역시네마타워 ***호,PHMG120243510513047000095,3510500,"인천광역시 미추홀구 매소홀로 ***, 인하대역시네마타워 ***호 (학익동)",22201,01,영업/정상,,,032-884-9314,51.98
미애향연,,171596.63095841,439480.687707099,2026-04-22 22:32:45,I,15,전출,2019-05-20 09:18:16,,2018-01-17,,인천광역시 미추홀구 주안동 ***번지 *호,PHMG120183510021047000002,3510500,"인천광역시 미추홀구 미추홀대로 ***, *층 (주안동)",22154,05,제외/삭제/전출,,,,99
내가보메디텍,2009-07-30,,,2026-04-22 22:32:08,I,03,폐업,2010-01-29 13:44:52,,2002-10-26,403-030,인천광역시 부평구 청천동 ***번지**(경남상가***),PHMG120023540021047000020,3540000,,,03,폐업,,,032-523-8575,
랄츠,,,,2026-04-22 22:36:46,I,13,영업중,2023-04-21 09:39:05,,2023-03-15,,인천광역시 미추홀구 주안동 * 포레나 미추홀,PHMG120233510513047000039,3510500,"인천광역시 미추홀구 경인로 ***, b****-a호 (주안동, 포레나 미추홀)",22148,01,영업/정상,,,032-813-1234,1300
케이로드,,172521.330386724,440159.455093526,2026-04-22 22:38:04,I,13,영업중,2023-12-18 09:37:11,,2023-12-18,,인천광역시 미추홀구 주안동 ***-* 해마루 더펠리체,PHMG120233510513047000126,3510500,"인천광역시 미추홀구 주안로 ***, 해마루 더펠리체 ***호 (주안동)",22143,01,영업/정상,,,,59.13
GS25효성현대점,2016-12-14,174570.657504132,447968.372184034,2026-04-22 22:32:38,I,03,폐업,2016-12-15 10:47:33,,2015-06-04,407-042,인천광역시 계양구 효성동 **번지 **호,PHMG120153550020047000037,3550000,인천광역시 계양구 길마로 ** (효성동),21095,03,폐업,,,,33
에스원 강화영업소,,155181.307315535,471410.631913071,2026-04-22 22:32:18,I,13,영업중,2026-04-09 09:07:11,,2022-04-08,,인천광역시 강화군 강화읍 갑곳리 ***,PHMG120223570013047000038,3570000,"인천광역시 강화군 강화읍 대월로 *, *층",23025,01,영업/정상,,,,69.3
씨유삼산타운점,2016-12-30,176600.119424585,445146.367348796,2026-04-22 22:32:54,I,03,폐업,2017-01-02 09:11:55,,2015-09-08,,인천광역시 부평구 삼산동 ***번지 *호 신영프라자 ***호,PHMG120153540021047000062,3540000,"인천광역시 부평구 체육관로 ** (삼산동, 신영프라자 ***호)",21344,03,폐업,,,,34.46
(주)한빛나노의료기 인천계양지점,2015-08-25,175869.067132611,448339.213862524,2026-04-22 22:32:26,I,03,폐업,2015-08-25 13:43:03,,2011-05-12,407-808,인천광역시 계양구 계산*동 ***번지 **호 축협계산빌딩 ***호,PHMG120113550020047000011,3550000,"인천광역시 계양구 주부토로 ***, ***호 (계산동,축협계산빌딩)",21087,03,폐업,,,032-551-8758,145.8
세븐일레븐인천용현본점,,170477.906904986,438882.03827354,2026-04-22 22:32:53,I,13,영업중,2021-05-14 16:35:55,,2021-05-14,,인천광역시 미추홀구 용현동 *-* 중앙전기공사,PHMG120213510513047000051,3510500,"인천광역시 미추홀구 한나루로***번길 *, 중앙전기공사 *층 (용현동)",22209,01,영업/정상,,,,76.36
헬스샾,,171709.642500623,439999.118285588,2026-04-22 22:32:03,I,13,영업중,2011-05-02 08:59:56,,2004-04-14,402-201,인천광역시 미추홀구 주안동 ***-*번지,PHMG120043510021047000004,3510500,인천광역시 미추홀구 미추홀대로***번길 **  (주안동),,01,영업/정상,,,,
세븐일레븐인천주안대로점,,171716.161434473,440228.330525675,2026-04-22 22:32:53,I,13,영업중,2024-02-19 21:10:07,,2021-05-06,,인천광역시 미추홀구 주안동 ***-*,PHMG120213510513047000037,3510500,"인천광역시 미추홀구 주안로 ***-*, *층일부층 (주안동)",22135,01,영업/정상,,,,62
미앤클,,177594.903780856,448316.083948151,2026-04-22 22:32:55,I,13,영업중,2022-11-24 17:02:27,,2021-10-28,,인천광역시 계양구 서운동 *** 아델라이타운하우스,PHMG120213550020047000090,3550000,"인천광역시 계양구 살라리로 **, ***동 ***호 (서운동, 아델라이타운하우스)",21072,01,영업/정상,,,,
어르신행복한세상,2011-12-01,,,2026-04-22 22:32:08,I,03,폐업,2012-01-17 09:19:07,,2008-06-19,,인천 미추홀구 숭의동 ***-*,PHMG120083510021047000006,3510500,,,03,폐업,,,032-889-1201,
씨제이올리브영(주)인천갈산점,,175692.267024162,446088.959564706,2026-04-22 22:38:41,I,13,영업중,2023-02-14 10:21:01,,2022-05-02,,"인천광역시 부평구 갈산동 *** 부평지웰에스테이트, 트라이앵글*** ***호, ***호, ***호",PHMG120223540021047000181,3540000,"인천광역시 부평구 주부토로***번길 **(갈산동, 부평지웰에스테이트)",21329,01,영업/정상,,,,
세븐일레븐인천남구청점,,171540.372180448,439884.411403201,2026-04-22 22:32:53,I,13,영업중,2021-05-07 10:10:57,,2021-05-06,,인천광역시 미추홀구 주안동 ***-** 주원빌딩,PHMG120213510513047000034,3510500,"인천광역시 미추홀구 석바위로 **, 주원빌딩 *층 (주안동)",22139,01,영업/정상,,,,128.42
큰나무몰,,156275.803157562,471680.74758437,2026-04-22 22:32:16,I,13,영업중,2022-02-21 13:32:54,,2022-02-21,,인천광역시 강화군 강화읍 용정리 ***-* 대흥아이빌,PHMG120223570013047000029,3570000,"인천광역시 강화군 강화읍 갑룡길 ***-*, *동 ***호 (대흥아이빌)",23023,01,영업/정상,,,,
(주)진스텍,,169424.109924844,442692.722669138,2026-04-22 22:32:02,I,15,전출,2026-04-09 16:03:27,,2012-09-12,,인천광역시 동구 송림동 ***번지 인천산업용품유통단지,PHMG120123500020047000012,3500000,"인천광역시 동구 방축로**번길 **, 인천산업용품유통단지 **동 ***, ***호 (송림동)",22530,05,제외/삭제/전출,,,032-777-9305,78.18
미래,2023-03-15,176808.00221837,443781.771878777,2026-04-22 22:38:45,I,03,폐업,2023-03-15 16:02:50,,2022-05-26,,인천광역시 부평구 부개동 ***-* 부개주공*단지아파트 ***동 ***호,PHMG120223540021047000202,3540000,"인천광역시 부평구 동수천로 ***, ***동 ***호 (부개동, 부개주공*단지아파트)",21398,03,폐업,,,,
툴앤세이프티,,169424.109924844,442692.722669138,2026-04-22 22:32:25,I,13,영업중,2022-02-10 17:08:51,,2022-02-10,,인천광역시 동구 송림동 *** 인천산업용품유통단지,PHMG120223500020047000008,3500000,"인천광역시 동구 방축로**번길 **, 인천산업용품유통단지 **동 ***호 (송림동)",22530,01,영업/정상,,,,26.06
씨유(CU)숭의스카이시티점,2025-01-22,169502.605919659,439885.939979266,2026-04-22 22:37:06,I,03,폐업,2025-01-22 17:14:46,,2023-04-28,,인천광역시 미추홀구 숭의동 **-*** 스카이시티 ***동,PHMG120233510513047000059,3510500,"인천광역시 미추홀구 장천로***번길 **, ***호 (숭의동, 스카이시티 ***동)",22168,03,폐업,,,,145
이마트 에브리데이 동양점,2025-09-23,178521.354851485,451014.233068564,2026-04-22 22:37:07,I,03,폐업,2025-09-24 10:44:06,,2024-08-28,,인천광역시 계양구 동양동 ***-* 이마트에브리데이,PHMG120243550020047000061,3550000,"인천광역시 계양구 당미길 **, 이마트에브리데이 *층 (동양동)",21012,03,폐업,,,,854
한양보청기,,172963.279714047,439804.934370907,2026-04-22 22:38:19,I,13,영업중,2024-05-02 16:40:38,,2024-05-02,,인천광역시 미추홀구 주안동 ****-** ***호,PHMG120243510513047000036,3510500,"인천광역시 미추홀구 경인로 ***, ***호 (주안동)",22145,01,영업/정상,,,,35
㈜덴탈가족,2007-05-07,,,2026-04-22 22:31:58,I,03,폐업,2009-04-22 11:32:54,,1998-05-27,407-050,인천광역시 계양구 계산동 ***번지 **호,PHMG119983550020047000001,3550000,,,03,폐업,,,032-554-2828,
JSD(제이에스디),,171863.838330554,437916.269620032,2026-04-22 22:37:36,I,13,영업중,2023-08-31 13:29:25,,2023-09-10,,인천광역시 미추홀구 주안동 ****-** 기아그린빌라,PHMG120233510513047000091,3510500,"인천광역시 미추홀구 승학길**번길 **-**, 기아그린빌라 B동 ***층 (주안동, 기아그린빌라)",22231,01,영업/정상,,,,49.29
비전의료기,2009-02-04,,,2026-04-22 22:32:20,I,03,폐업,2009-02-04 14:17:22,,2007-07-06,403-020,인천광역시 부평구 산곡동 *번지* 지하*층,PHMG120073540021047000014,3540000,,,03,폐업,,,,
천사네일(부평네일센타),,175499.320242462,442998.412448155,2026-04-22 22:32:47,I,15,전출,2016-11-25 13:10:02,,2014-08-21,403-828,인천광역시 부평구 부평동 ***번지 **호 *층,PHMG120143540021047000038,3540000,"인천광역시 부평구 동수북로 *** (부평동, *층)",21407,05,제외/삭제/전출,,,,97
독일명품보청기,,168044.426976266,439229.166497636,2026-04-22 22:37:34,I,13,영업중,2023-09-01 15:06:53,,2023-08-30,,인천광역시 미추홀구 용현동 ***-***,PHMG120233510513047000089,3510500,"인천광역시 미추홀구 낙섬중로 **, *층 (용현동)",22186,01,영업/정상,,,,44
에스앤에스,,176694.119479296,449254.861161551,2026-04-22 22:32:34,I,15,전출,2019-03-11 15:24:26,,2013-04-22,407-814,인천광역시 계양구 임학동 **번지 훼밀리코아(*층)****호,PHMG120133550020047000013,3550000,"인천광역시 계양구 임학동로 ** (임학동, 훼밀리코아(*층)****호)",21034,05,제외/삭제/전출,,,032-299-7000,10.5
GS25열우물동암,,174019.899945794,440847.714056207,2026-04-22 22:39:01,I,13,영업중,2025-06-27 14:44:09,,2022-09-02,,인천광역시 부평구 십정동 ***-** *층 일부,PHMG120223540021047000302,3540000,"인천광역시 부평구 경인로***번길 **, *층 일부호 (십정동)",21439,01,영업/정상,,,,
두시삼십삼분,2024-05-03,175754.088026773,443547.360991255,2026-04-22 22:39:03,I,03,폐업,2024-05-03 16:09:48,,2022-10-07,,인천광역시 부평구 부평동 ***-* 다운타운일레븐 ***호 일부(***호),PHMG120223540021047000328,3540000,"인천광역시 부평구 대정로 **, 다운타운일레븐 ***호 일부(***)호 (부평동)",21395,03,폐업,,,,
부평CU한국점,2016-12-29,176232.866151253,442579.315345515,2026-04-22 22:32:50,I,03,폐업,2016-12-30 15:44:25,,2014-11-05,403-810,인천광역시 부평구 부개동 ***번지 *호,PHMG120143540021047000088,3540000,인천광역시 부평구 동수로 *** (부개동),21426,03,폐업,,,,23.29
신콤주식회사,,175612.534423944,447674.079775965,2026-04-22 22:32:46,I,13,영업중,2021-07-20 11:14:46,,2018-02-28,,인천광역시 계양구 작전동 ***번지 **호,PHMG120183550020047000009,3550000,"인천광역시 계양구 봉오대로 ***, 지층 (작전동)",21091,01,영업/정상,,,,55.05
나드샵,,177660.509649209,446359.586808483,2026-04-22 22:38:29,I,13,영업중,2022-04-22 15:54:00,,2022-01-28,,인천광역시 부평구 삼산동 *** 삼산*휴먼시아 ***동 ****호,PHMG120223540021047000011,3540000,"인천광역시 부평구 영성동로**번길 **, ***동 ****호 (삼산동, 삼산*휴먼시아)",21320,01,영업/정상,,,,
주식회사 한국메디컬,,169424.109924844,442692.722669138,2026-04-22 22:32:05,I,13,영업중,2024-08-23 17:09:58,,2015-07-10,,,PHMG120153500020047000012,3500000,"인천광역시 동구 방축로**번길 **, **동 ***호 (송림동, 산업유통센터)",22530,01,영업/정상,,,,26.06
GS25 계양장제로점,,177484.519823983,450441.897196554,2026-04-22 22:32:56,I,13,영업중,2022-02-08 18:34:39,,2022-02-08,,인천광역시 계양구 박촌동 ***-**,PHMG120223550020047000028,3550000,"인천광역시 계양구 장제로 ****, *층 (박촌동)",21022,01,영업/정상,,,,52.9
CU 월드스테이트점,2017-01-26,172564.972666116,439929.950581426,2026-04-22 22:32:35,I,03,폐업,2017-01-26 16:46:22,,2014-11-11,402-765,인천광역시 미추홀구 주안동 ****번지 더월드스테이트제*단지분산상가 ***호,PHMG120143510021047000077,3510500,"인천광역시 미추홀구 경원대로 ***, ***호 (주안동, 더월드스테이트제*단지분산상가)",22143,03,폐업,,,,
하이스쿨,,176537.125,445107.025,2026-04-22 22:39:10,I,15,전출,2024-03-20 13:09:47,,2023-06-22,,인천광역시 부평구 삼산동 ***-* SM프라자 *층 ***호 일부,PHMG120233540021047000078,3540000,"인천광역시 부평구 충선로***번길 **, SM프라자 *층 ***(일부)호 (삼산동)",21344,05,제외/삭제/전출,,,032-721-3883,38.4
(주)비지에프리테일작전카이저팰리스점,2016-02-01,175857.870524333,446963.151982403,2026-04-22 22:32:37,I,03,폐업,2016-02-02 11:51:34,,2014-11-10,407-728,인천광역시 계양구 작전동 ***번지 *호 우림카이저팰리스 ***동 ***호,PHMG120143550020047000087,3550000,"인천광역시 계양구 아나지로 ***, ***동 ***호 (작전동, 우림카이저팰리스)",21122,03,폐업,,,032-552-2319,50
마리엔스,2010-01-18,168801.555970778,439687.466632228,2026-04-22 22:32:09,I,03,폐업,2010-01-18 11:54:02,,2009-07-21,402-817,인천광역시 미추홀구 숭의동 ***-**번지 동아상가 ***호,PHMG120093510021047000015,3510500,"인천광역시 미추홀구 독배로 ***  (숭의동,동아상가 ***호)",,03,폐업,,,,109
성산메디칼,,177713.733500747,447145.878516825,2026-04-22 22:33:05,I,13,영업중,2022-07-27 14:42:20,,2022-07-27,,인천광역시 계양구 서운동 **-***,PHMG120223550020047000170,3550000,"인천광역시 계양구 봉오대로***번길 **, *층 일부호 (서운동)",21075,01,영업/정상,,,,33
덴탈레이저,2010-01-21,,,2026-04-22 22:32:09,I,03,폐업,2010-01-21 10:49:17,,2007-05-30,407-050,인천광역시 계양구 계산동 ****-*(***호),PHMG120073550020047000014,3550000,,,03,폐업,,,032-548-2840,
파노스의료기,2010-10-25,173672.218791935,445257.108382917,2026-04-22 22:32:33,I,03,폐업,2011-01-17 15:17:08,,2010-01-22,403-832,인천광역시 부평구 산곡*동 **번지 ***호 *층,PHMG120103540021047000001,3540000,"인천광역시 부평구 마장로***번길 * (산곡동,*층)",,03,폐업,,,,
헬스피아,2013-07-04,177137.448257924,442686.51233993,2026-04-22 22:32:37,I,03,폐업,2013-07-04 13:58:16,,2012-03-22,403-110,인천광역시 부평구 일신동 **번지 *호 *층,PHMG120123540021047000008,3540000,"인천광역시 부평구 경인로****번길 *, *층 (일신동)",,03,폐업,,,,
cu 학익동아점,,171265.204935222,437912.79023263,2026-04-22 22:33:45,I,13,영업중,2022-07-21 09:30:58,,2022-07-13,,인천광역시 미추홀구 학익동 *** 주안*차신동아아파트,PHMG120223510513047000229,3510500,"인천광역시 미추홀구 학익소로**번길 ***, 주안*차신동아아파트 상가동 지하층 (학익동)",22222,01,영업/정상,,,,107
가온메드,,171768.261906259,440189.039691925,2026-04-22 22:32:45,I,15,전출,2020-05-14 11:42:14,,2017-11-27,,인천광역시 미추홀구 주안동 ***-*번지 신명프라자 ***호,PHMG120173510021047000043,3510500,"인천광역시 미추홀구 미추홀대로***번길 **-**, *층 ***호 (주안동)",22135,05,제외/삭제/전출,,,,52.8
제이엔핏,2025-04-25,174416.270261948,442354.868158459,2026-04-22 22:33:05,I,03,폐업,2025-04-28 11:21:19,,2018-08-16,,,PHMG120183540021047000051,3540000,인천광역시 부평구 창휘로 ** (십정동),21412,03,폐업,,,,15.17
히바코어,2024-12-18,,,2026-04-22 22:38:06,I,03,폐업,2024-12-18 16:30:38,,2024-01-10,,인천광역시 미추홀구 주안동 **** 주안파크자이더플래티넘 ***동 ***호,PHMG120243510513047000004,3510500,"인천광역시 미추홀구 인하로***번길 **, ***동 ***호 (주안동, 주안파크자이더플래티넘)",22218,03,폐업,,,,36
(주)펄스온,2015-12-22,175706.185191896,445987.995017925,2026-04-22 22:32:42,I,03,폐업,2015-12-22 13:24:14,,2014-03-21,403-801,인천광역시 부평구 갈산동 ***번지 **호 갈산홈프라자 ***호,PHMG120143540021047000012,3540000,"인천광역시 부평구 주부토로 *** (갈산동, 갈산홈프라자 ***호)",21329,03,폐업,,,,
GS25부평경원로,2017-09-25,175224.311282633,443233.018452387,2026-04-22 22:32:58,I,03,폐업,2017-09-25 16:52:56,,2016-12-12,,인천광역시 부평구 부평동 ***번지 **호 ***호,PHMG120163540021047000070,3540000,"인천광역시 부평구 경원대로 ****, ***호 (부평동, 스테이션 타워 )",21404,03,폐업,,,032-362-1688,
해피랜드 작전홈플러스점,2017-02-03,175291.982296046,447141.041163927,2026-04-22 22:32:44,I,03,폐업,2017-02-06 10:17:01,,2016-07-20,,인천광역시 계양구 작전동 ***번지 *호 작전홈플러스,PHMG120163550020047000052,3550000,"인천광역시 계양구 계양대로 **, *층 (작전동, HOMEPLUS작전점)",21111,03,폐업,,,032-543-3839,21.84
(주)아이비랩,2015-03-23,176509.112612227,445108.895705482,2026-04-22 22:32:38,I,03,폐업,2015-03-23 11:05:04,,2013-03-14,403-866,인천광역시 부평구 삼산*동 ***번지 *호 대상프라자***호,PHMG120133540021047000012,3540000,"인천광역시 부평구 충선로***번길 ** (삼산동, 대상프라자***호)",,03,폐업,,,,
세븐일레븐 용현밀레니엄점,,167754.958706087,439381.19560251,2026-04-22 22:35:35,I,13,영업중,2022-11-23 10:16:18,,2022-11-22,,인천광역시 미추홀구 용현동 ***-**,PHMG120223510513047000317,3510500,"인천광역시 미추홀구 토금북로**번길 **, *층 (용현동)",22186,01,영업/정상,,,,69.04
숭이쇼핑,2022-05-18,175089.430888257,442484.310803233,2026-04-22 22:38:38,I,03,폐업,2022-05-18 17:39:19,,2022-02-21,,인천광역시 부평구 부평동 ***-*** 하늘 빌리지 *동 ***호,PHMG120223540021047000113,3540000,"인천광역시 부평구 경인로***번길 **, *동 ***호 (부평동, 하늘 빌리지)",21429,03,폐업,,,,
빅스타홈파티스 스튜디오 동암점,,173032.656603726,441387.113184108,2026-04-22 22:33:42,I,13,영업중,2019-03-07 18:47:36,,2019-03-07,,인천광역시 부평구 십정동 ***번지 **호,PHMG120193540021047000014,3540000,"인천광역시 부평구 배곶로 **-*, *층 일부호 (십정동)",21451,01,영업/정상,,,032-501-0940,25.46
(주)엘리시움파트너스,2024-10-22,171850.12854185,440276.120650381,2026-04-22 22:32:54,I,03,폐업,2024-10-23 15:46:14,,2021-09-28,,인천광역시 미추홀구 주안동 ***-* 우리빌딩,PHMG120213510513047000088,3510500,"인천광역시 미추홀구 주안로 ***, 우리빌딩 *층 *호 (주안동)",22133,03,폐업,,,,158.05
굿데이팜,,176670.557328086,448161.309575535,2026-04-22 22:33:18,I,13,영업중,2024-07-24 17:14:53,,2022-09-05,,인천광역시 계양구 계산동 ****-* 대산월드프라자,PHMG120223550020047000195,3550000,"인천광역시 계양구 계양문화로 **, 대산월드프라자 **층 ***호 (계산동)",21069,01,영업/정상,,,,
휴족시간,,175872.707521697,443085.465095482,2026-04-22 22:39:09,I,13,영업중,2025-12-12 11:42:50,,2023-05-23,,인천광역시 부평구 부평동 ***-* 부평 현대 더로프트 *동 ***-*호,PHMG120233540021047000069,3540000,"인천광역시 부평구 장제로 **, 부평 현대 더로프트 *동 ***-*호 (부평동)",21404,01,영업/정상,,,,42.33
(주)코리아세븐 숭의센트럴점,,168455.519615112,439912.577793411,2026-04-22 22:33:24,I,13,영업중,2022-06-15 17:04:12,,2022-06-14,,인천광역시 미추홀구 숭의동 ***-**,PHMG120223510513047000213,3510500,"인천광역시 미추홀구 인주대로**번길 **, *층 (숭의동)",22173,01,영업/정상,,,,82
씨에스이엔씨,2021-07-22,169953.88832264,440947.53684665,2026-04-22 22:32:50,I,03,폐업,2021-07-23 10:32:26,,2020-03-25,,인천광역시 미추홀구 도화동 ***번지 *호 디프라자*,PHMG120203510513047000019,3510500,"인천광역시 미추홀구 숙골로**번길 **, 디프라자* ***호 (도화동)",22100,03,폐업,,,,7
CU동암비버리씨티점,2016-12-30,173428.597988352,441043.126432677,2026-04-22 22:32:56,I,03,폐업,2016-12-30 18:26:39,,2016-07-11,,인천광역시 부평구 십정동 ***번지 *호 ***호,PHMG120163540021047000040,3540000,"인천광역시 부평구 열우물로**번길 **-*, ***호 (십정동, 동암비버리씨티)",21452,03,폐업,,,,
써지멕스,2015-01-24,168708.726347386,440034.721452787,2026-04-22 22:32:28,I,03,폐업,2015-02-02 18:06:14,,2013-08-29,402-011,인천광역시 미추홀구 숭의동 ***-**번지,PHMG120133510021047000023,3510500,인천광역시 미추홀구 미추로 ** (숭의동),,03,폐업,,,,4.95
세븐일레븐계양동양중앙점,2019-10-17,178442.403546607,450918.362513517,2026-04-22 22:32:37,I,03,폐업,2019-10-17 19:39:26,,2014-11-06,407-340,인천광역시 계양구 동양동 ***번지 *호,PHMG120143550020047000070,3550000,인천광역시 계양구 당미*길 * (동양동),21012,03,폐업,,,,56.1
뉴로케어 삼산,,177662.058393701,446520.545571372,2026-04-22 22:39:03,I,13,영업중,2022-10-26 17:08:57,,2022-10-25,,인천광역시 부평구 삼산동 *** *층 일부,PHMG120223540021047000335,3540000,"인천광역시 부평구 영성로 **, *층 일부호 (삼산동)",21320,01,영업/정상,,,,
셀다방피부관리,2021-08-31,176535.8358216,448625.492358095,2026-04-22 22:32:48,I,03,폐업,2021-09-02 12:59:48,,2019-05-28,,인천광역시 계양구 계산동 ****번지 *호 ***호 일부,PHMG120193550020047000026,3550000,"인천광역시 계양구 계산새로**번길 **, ***호 일부호 (계산동)",21060,03,폐업,,,1668-1656,226
CU 학익대동점,2015-02-28,170421.372309125,437570.680896595,2026-04-22 22:32:35,I,03,폐업,2015-04-28 13:58:54,,2014-11-11,402-040,인천광역시 미추홀구 학익동 ***-*번지,PHMG120143510021047000074,3510500,인천광역시 미추홀구 매소홀로 *** (학익동),,03,폐업,,,,
(주)디디에스 코리아,,176607.917644106,448226.89100407,2026-04-22 22:32:45,I,13,영업중,2021-07-19 14:02:51,,2017-04-17,,인천광역시 계양구 계산동 ****번지 *호 ***-*호,PHMG120173550020047000015,3550000,"인천광역시 계양구 계양문화로**번길 *, *층 ***-*호 (계산동)",21068,01,영업/정상,,,,20
생기쑥뜸방,2016-05-20,168829.066522163,441724.43004193,2026-04-22 22:32:06,I,03,폐업,2016-06-14 18:23:06,,2015-09-14,,,PHMG120153500020047000016,3500000,인천광역시 동구 송림로 *** (송림동),22545,03,폐업,,,,53.58
씨-스타,,170680.682323897,440446.168372157,2026-04-22 22:32:45,I,13,영업중,2017-06-05 15:25:17,,2017-06-05,,,PHMG120173510021047000020,3510500,"인천광역시 미추홀구 숙골로**번길 **, *층 (도화동)",22119,01,영업/정상,,,,30
CU 숭의중앙점,2016-12-30,169661.181609262,440215.394182582,2026-04-22 22:32:37,I,03,폐업,2016-12-30 17:55:24,,2015-06-29,402-812,인천광역시 미추홀구 숭의동 *-**번지 *층,PHMG120153510021047000035,3510500,"인천광역시 미추홀구 경인로***번길 **, *층 (숭의동)",22164,03,폐업,,,032-866-6719,
주식회사 지엔케이,,171639.582162043,439947.418490958,2026-04-22 22:32:39,I,13,영업중,2020-10-05 14:37:25,,2016-07-18,,인천광역시 미추홀구 주안동 *** 주안로 지하상가,PHMG120163510021047000044,3510500,"인천광역시 미추홀구 경인로 지하 ***, 주안로 지하상가 A동 ***호 (주안동)",22139,01,영업/정상,,,,8.3
세븐일레븐 인천학익2호점,2019-10-25,170294.95741726,437567.955115579,2026-04-22 22:32:33,I,03,폐업,2019-10-28 09:57:20,,2014-10-27,402-040,인천광역시 미추홀구 학익동 ***-*번지,PHMG120143510021047000027,3510500,인천광역시 미추홀구 매소홀로 *** (학익동),22225,03,폐업,,,,
씨유(CU)용현원룸점,2023-02-02,170147.918503021,438832.364377708,2026-04-22 22:32:46,I,03,폐업,2023-02-03 09:08:21,,2018-09-17,,인천광역시 미추홀구 용현동 **번지 **호,PHMG120183510513047000020,3510500,"인천광역시 미추홀구 인하로***번길 **, *층 (용현동)",22208,03,폐업,,,032-866-4555,65.23
대경교역,,175914.56326652,443846.408851938,2026-04-22 22:32:05,I,13,영업중,2013-10-23 11:11:42,,2001-06-28,403-014,인천광역시 부평구 부평*동 ***번지**(*층),PHMG120013540021047000009,3540000,"인천광역시 부평구 시장로 **, *층 (부평동)",21391,01,영업/정상,,,,
퍼스트,,175126.717022995,446169.201205367,2026-04-22 22:39:16,I,13,영업중,2025-09-04 11:27:12,,2024-01-29,,인천광역시 부평구 청천동 *** 부평우림라이온스밸리 A동 지하*층 B***-**(P*)호,PHMG120243540021047000078,3540000,"인천광역시 부평구 부평대로 ***, 부평우림라이온스밸리 A동 지하*층 B***-**(P*)호 (청천동)",21315,01,영업/정상,,,,
D & Z,2025-06-26,176753.948371914,442851.679107303,2026-04-22 22:32:08,I,03,폐업,2025-06-26 11:22:26,,2002-10-08,403-810,인천광역시 부평구 부개*동 ***번지 *층,PHMG120023540021047000018,3540000,인천광역시 부평구 수변로*번길 ** (부개동),21415,03,폐업,,,032-215-1717,
CU산곡현대점,2016-12-30,173027.994431975,444797.445535573,2026-04-22 22:32:51,I,03,폐업,2017-01-02 15:44:31,,2014-11-06,403-833,인천광역시 부평구 산곡동 ***번지 ***호 *층,PHMG120143540021047000099,3540000,"인천광역시 부평구 원적로 *** (산곡동, *층)",21368,03,폐업,,,,
부평중앙점 GS25,,175692.598939677,443409.839200373,2026-04-22 22:32:51,I,13,영업중,2025-04-14 16:00:43,,2014-11-10,403-821,인천광역시 부평구 부평동 ***번지 **호 *층,PHMG120143540021047000113,3540000,"인천광역시 부평구 시장로**번길 ** (부평동, *층)",21395,01,영업/정상,,,032-522-1925,
블레스보청기,,175350.509780937,443945.070986594,2026-04-22 22:39:14,I,13,영업중,2024-04-15 13:56:26,,2024-04-15,,인천광역시 부평구 부평동 ***-** *층 ***(일부)호,PHMG120243540021047000044,3540000,"인천광역시 부평구 부평대로 **, *층 ***(일부)호 (부평동)",21388,01,영업/정상,,,,5.51
에스디알(SDR),,176920.313691051,442688.208007974,2026-04-22 22:39:03,I,13,영업중,2022-10-25 14:46:51,,2022-10-25,,인천광역시 부평구 부개동 ***-* *층 일부,PHMG120223540021047000334,3540000,"인천광역시 부평구 경인로 ****-*, *층 일부호 (부개동)",21420,01,영업/정상,,,,55.82
위드메디칼,,171582.904300544,439879.548598189,2026-04-22 22:32:38,I,13,영업중,2020-10-05 14:03:10,,2015-12-15,,인천광역시 미추홀구 주안동 ***-** 영빌딩,PHMG120153510021047000073,3510500,"인천광역시 미추홀구 석바위로 **-*, 영빌딩 *층 (주안동)",22139,01,영업/정상,,,,33
민컴퍼니,,176147.502525969,443588.037362342,2026-04-22 22:32:55,I,13,영업중,2016-10-12 11:24:09,,2015-10-06,,인천광역시 부평구 부평동 ***번지 **호 *층일부,PHMG120153540021047000096,3540000,"인천광역시 부평구 부평문화로 ***-* (부평동, *층일부)",21397,01,영업/정상,,,070-5096-4150,39.55
지에스(gs)25부평고점,,175761.168041512,444393.733333368,2026-04-22 22:38:45,I,13,영업중,2022-06-08 13:47:56,,2022-06-07,,인천광역시 부평구 부평동 ***-*** *층 일부,PHMG120223540021047000205,3540000,"인천광역시 부평구 부흥북로 **, *층 일부호 (부평동)",21356,01,영업/정상,,,,
린느,2022-09-22,169653.061072083,442555.053277966,2026-04-22 22:32:22,I,03,폐업,2022-09-22 16:39:56,,2021-04-28,,인천광역시 동구 송림동 *** 인천산업용품유통단지 **동 ***호,PHMG120213500020047000012,3500000,"인천광역시 동구 방축로 ***, 인천산업용품유통단지 **동 *층 ***호 (송림동)",22530,03,폐업,,,,26.06
태도컴퍼니,,175574.369283876,445603.688666197,2026-04-22 22:38:42,I,13,영업중,2022-05-16 11:50:12,,2022-05-12,,인천광역시 부평구 갈산동 ***-* 대동아파트 ***동 ****호,PHMG120223540021047000190,3540000,"인천광역시 부평구 주부토로 ***, ***동 ****호 (갈산동, 대동아파트)",21332,01,영업/정상,,,,
씨유 계산하나점,,176278.368162051,448852.704909984,2026-04-22 22:33:04,I,13,영업중,2022-07-18 13:35:20,,2022-07-18,,인천광역시 계양구 계산동 **-*,PHMG120223550020047000159,3550000,"인천광역시 계양구 경명대로****번길 **, *층 (계산동)",21057,01,영업/정상,,,,71.68
(주)파코메리,2013-09-23,175728.789732402,443300.821252359,2026-04-22 22:32:27,I,03,폐업,2013-09-23 09:25:59,,2009-04-21,403-821,인천광역시 부평구 부평*동 ***번지 *호 가나파라움빌딩  ***호,PHMG120093540021047000007,3540000,"인천광역시 부평구 경원대로 ****, ***호 (부평동,가나파라움빌딩)",,03,폐업,,,,112.68
오티메드,,176666.124685741,448105.30740578,2026-04-22 22:32:53,I,15,전출,2021-06-04 08:47:41,,2021-01-19,,인천광역시 계양구 계산동 ****-**,PHMG120213550020047000004,3550000,"인천광역시 계양구 계양문화로 **, ***-**호 (계산동)",21069,05,제외/삭제/전출,,,,9.9
(주)힘찬홀딩스,,176066.771862286,443336.473935036,2026-04-22 22:32:28,I,13,영업중,2012-10-25 13:05:07,,2009-08-26,403-011,인천광역시 부평구 부평*동 ***번지 *호,PHMG120093540021047000027,3540000,인천광역시 부평구 장제로 ** (부평동),21399,01,영업/정상,,,,
빛과에너지,2014-10-13,176999.561387648,449562.348100757,2026-04-22 22:32:35,I,03,폐업,2014-10-13 16:59:32,,2014-04-03,407-320,인천광역시 계양구 병방동 ***번지,PHMG120143550020047000012,3550000,인천광역시 계양구 병방시장로 ** (병방동),,03,폐업,,,,187.14
(주)제워디,2017-09-22,176441.189524569,447712.239851709,2026-04-22 22:32:34,I,03,폐업,2017-09-25 10:30:49,,2013-04-03,,인천광역시 계양구 작전동 ***번지 *호 세종팰리스(*층)***호,PHMG120133550020047000010,3550000,"인천광역시 계양구 장제로 *** (작전동, 세종팰리스)",21079,03,폐업,,,032-547-7977,114.18
㈜골드라인코퍼레션,2010-03-21,,,2026-04-22 22:31:59,I,24,직권폐업,2010-04-12 16:59:01,,2002-04-23,,인천 미추홀구 주안*동***-*,PHMG120023510021047000003,3510500,,,04,취소/말소/만료/정지/중지,,,,
주식회사 메디맘플러스,,171250.928601221,438538.624925876,2026-04-22 22:37:14,I,13,영업중,2023-06-15 11:04:46,,2023-06-15,,인천광역시 미추홀구 주안동 ****-**,PHMG120233510513047000068,3510500,"인천광역시 미추홀구 인하로 ***, *층 (주안동)",22214,01,영업/정상,,,032-862-0582,9.9
캐시플로우,2022-05-23,171954.395975608,440068.938977755,2026-04-22 22:32:47,I,03,폐업,2022-05-24 09:38:16,,2019-02-26,,인천광역시 미추홀구 주안동 **번지 *호 올레오 아파트,PHMG120193510513047000010,3510500,"인천광역시 미추홀구 석바위로***번길 **, ***호 (주안동, 올레오 아파트)",22135,03,폐업,,,,65
지에스25주안우리점,,170901.190593174,438849.856350476,2026-04-22 22:34:46,I,13,영업중,2022-09-02 15:00:43,,2022-09-02,,인천광역시 미추홀구 주안동 ****-* 대림이용원,PHMG120223510513047000277,3510500,"인천광역시 미추홀구 인주대로***번길 *, 대림이용원 *층 (주안동)",22213,01,영업/정상,,,032-874-4133,61.1
GS25도화진주점,2024-01-19,170689.721557167,440829.064480074,2026-04-22 22:34:56,I,03,폐업,2024-01-19 15:01:28,,2022-09-13,,인천광역시 미추홀구 도화동 ***-*,PHMG120223510513047000285,3510500,"인천광역시 미추홀구 석정로***번길 **, *층 (도화동)",22116,03,폐업,,,,129.33
트레이더스 홀세일클럽(송림점),,169908.403027925,442376.726872044,2026-04-22 22:31:52,I,13,영업중,2024-04-17 17:28:34,,2000-07-15,,인천광역시 동구 송림동 ***-*,PHMG120003500020047000001,3500000,인천광역시 동구 봉수대로 ** (송림동),22531,01,영업/정상,,,032-722-1055,
봉봉샵,,176828.924597791,448564.776721036,2026-04-22 22:38:05,I,13,영업중,2025-09-09 16:10:30,,2025-09-09,,인천광역시 계양구 용종동 ***-* 새롬*차프라자,PHMG120253550020047000047,3550000,"인천광역시 계양구 오조산로 **, 새롬*차프라자 *층 ***-S*호 (용종동)",21065,01,영업/정상,,,,
주식회사 조흥인터내셔널,2024-06-19,169169.873759794,438068.204570087,2026-04-22 22:32:52,I,03,폐업,2024-06-19 17:59:31,,2021-04-27,,인천광역시 미추홀구 학익동 ***-**,PHMG120213510513047000022,3510500,"인천광역시 미추홀구 매소홀로 ***, *****호 (학익동)",22204,03,폐업,,,,26.91
한빛나노 의료기,,175443.785534814,448514.368301925,2026-04-22 22:32:45,I,15,전출,2018-02-07 17:42:19,,2016-09-21,,인천광역시 계양구 계산동 ***번지 **호,PHMG120163550020047000070,3550000,"인천광역시 계양구 계양대로 ***, *층 (계산동)",21055,05,제외/삭제/전출,,,,276.89
지에스25도화IC점,,170812.432599685,440063.64825582,2026-04-22 22:38:17,I,13,영업중,2024-03-05 15:20:38,,2024-03-05,,인천광역시 미추홀구 도화동 ***-* 해든빌 ***호,PHMG120243510513047000022,3510500,"인천광역시 미추홀구 경인로***번길 *, ***호 (도화동, 해든빌)",22165,01,영업/정상,,,,33
타파웨어 나이스,2018-09-03,175392.101438691,448720.643537961,2026-04-22 22:32:46,I,03,폐업,2018-09-03 16:26:55,,2018-01-03,,인천광역시 계양구 계산동 ***번지 **호,PHMG120183550020047000001,3550000,"인천광역시 계양구 계양대로 ***, *층 (계산동)",21048,03,폐업,,,032-546-1992,201.79
창성텐텍,,174366.708632815,446710.389815993,2026-04-22 22:32:37,I,13,영업중,2012-07-26 11:42:24,,2012-07-26,403-858,인천광역시 부평구 청천*동 ***번지,PHMG120123540021047000023,3540000,인천광역시 부평구 안남로 *** (청천동),21314,01,영업/정상,,,032-324-1113,153.16
대상실업,,176737.188860293,448498.786895427,2026-04-22 22:32:46,I,13,영업중,2018-04-03 10:07:06,,2018-04-02,,인천광역시 계양구 용종동 ***번지 *호 레드몰 ***-*호,PHMG120183550020047000016,3550000,"인천광역시 계양구 계산새로**번길 *, 레드몰 *층 ***-*호 (용종동)",21065,01,영업/정상,,,032-552-2312,12
엠투랩스,2023-12-27,175354.577050503,446142.571446844,2026-04-22 22:37:05,I,03,폐업,2023-12-27 16:17:38,,2021-03-16,,"인천광역시 부평구 갈산동 ***-** 창신빌딩, *층 일부",PHMG120213540021047000017,3540000,"인천광역시 부평구 부평대로 ***, 창신빌딩 *층 일부호 (갈산동)",21316,03,폐업,,,,
베이비헤로스롯데백화점(부평점),2017-02-28,175119.872281497,443502.318221991,2026-04-22 22:32:05,I,03,폐업,2017-02-28 13:22:10,,2001-07-11,403-011,인천광역시 부평구 부평*동 **번지***(*층),PHMG120013540021047000011,3540000,"인천광역시 부평구 부평문화로 **, *층 (부평동)",21387,03,폐업,,,032-513-9587,
씨유산곡한화점,,173737.083522871,444989.638205687,2026-04-22 22:38:35,I,13,영업중,2022-02-10 11:40:58,,2022-02-07,,인천광역시 부평구 산곡동 ***-** 한화프라자 ***호,PHMG120223540021047000065,3540000,"인천광역시 부평구 마장로 ***, 한화프라자 ***호 (산곡동)",21362,01,영업/정상,,,,
코리아에고,,175324.384990281,445755.842508079,2026-04-22 22:36:41,I,13,영업중,2020-12-17 15:44:46,,2020-12-15,,인천광역시 부평구 갈산동 ***-* 삼성홈타운,PHMG120203540021047000087,3540000,"인천광역시 부평구 부평대로***번길 *, 삼성홈타운 ***동 ****호 (갈산동, 삼성홈타운)",21333,01,영업/정상,,,,
주식회사 클라우드텐,2025-04-02,175934.716766003,443218.735526497,2026-04-22 22:39:13,I,03,폐업,2025-04-02 15:11:52,,2024-02-08,,인천광역시 부평구 부평동 ***-** 대영빌딩 *층,PHMG120243540021047000019,3540000,"인천광역시 부평구 경원대로 ****, 대영빌딩 *층 (부평동)",21404,03,폐업,,,070-7537-2440,132
엠알오샵,,169424.109924844,442692.722669138,2026-04-22 22:32:14,I,15,전출,2021-03-09 18:08:41,,2019-02-22,,인천광역시 동구 송림동 ***번지 인천산업용품유통단지,PHMG120193500020047000006,3500000,"인천광역시 동구 방축로**번길 **, 인천산업용품유통단지 **동 ***호 (송림동)",22530,05,제외/삭제/전출,,,,30
(주)코리아세븐 부평부흥제일점,2024-02-02,176377.812345984,443979.256944853,2026-04-22 22:38:59,I,03,폐업,2024-02-02 16:27:39,,2022-08-26,,인천광역시 부평구 부평동 ***-** *층,PHMG120223540021047000291,3540000,"인천광역시 부평구 부흥로 ***, *층 (부평동)",21397,03,폐업,,,,
에이스온컴퍼니,2025-12-09,176607.326609066,448516.12033842,2026-04-22 22:33:55,I,03,폐업,2025-12-09 14:20:44,,2022-11-23,,인천광역시 계양구 계산동 **** 하이베라스,PHMG120223550020047000222,3550000,"인천광역시 계양구 계산새로 **, 하이베라스 c동 ***호 일부호 (계산동)",21060,03,폐업,,,,
삼보별,,173964.655092709,444471.953709726,2026-04-22 22:37:08,I,13,영업중,2021-03-24 09:45:06,,2021-03-23,,인천광역시 부평구 산곡동 ***-* 예향스포츠센타,PHMG120213540021047000020,3540000,"인천광역시 부평구 마장로***번길 **, 예향스포츠센타 A동 B***호 (산곡동)",21376,01,영업/정상,,,,11.53
메디하이,,171518.346106438,440752.802376443,2026-04-22 22:32:55,I,15,전출,2022-02-18 15:39:43,,2021-03-29,,인천광역시 미추홀구 주안동 *-**,PHMG120223510513047000004,3510500,"인천광역시 미추홀구 길파로**번길 **, ***호 (주안동)",22126,05,제외/삭제/전출,,,,35.63
로엔기획,2016-04-15,169760.566205986,440641.379945013,2026-04-22 22:32:23,I,03,폐업,2016-04-19 10:06:48,,2012-07-23,402-062,인천광역시 미추홀구 도화동 **-**번지 *층,PHMG120123510021047000021,3510500,인천광역시 미추홀구 석정로***번길 ** (도화동),22102,03,폐업,,,070-7608-1615,36.24
모아베이비,2017-03-24,175405.11373693,443089.591009306,2026-04-22 22:32:36,I,03,폐업,2017-03-24 11:18:40,,2011-07-07,403-830,인천광역시 부평구 부평*동 ***번지 *호 롯데마트 부평역점 *층,PHMG120113540021047000044,3540000,"인천광역시 부평구 광장로 **, *층 (부평동, 롯데마트 부평역점)",21404,03,폐업,,,,
씨유부평동암남부점,,173998.945589884,440959.293709063,2026-04-22 22:38:31,I,13,영업중,2022-02-07 15:32:54,,2022-02-04,,"인천광역시 부평구 십정동 ***-* 선빌딩, ***호, ***호, ***호(일부)호",PHMG120223540021047000023,3540000,"인천광역시 부평구 동암남로 **, 선빌딩 ***호, ***호, ***호(일부)호 (십정동)",21439,01,영업/정상,,,,
씨유토지금고점,2026-01-21,167940.098139689,439002.265538998,2026-04-22 22:38:04,I,03,폐업,2026-01-22 15:57:34,,2023-12-18,,인천광역시 미추홀구 용현동 ***-*,PHMG120233510513047000125,3510500,"인천광역시 미추홀구 낙섬중로 **, *층 (용현동)",22187,03,폐업,,,,139.48
우노라,,175704.930517223,443747.602757893,2026-04-22 22:39:23,I,13,영업중,2025-07-28 13:48:46,,2025-07-28,,인천광역시 부평구 부평동 ***-** 부평중앙지하상가 지하*층 일부(다*)호,PHMG120253540021047000045,3540000,"인천광역시 부평구 시장로 지하**, 부평중앙지하상가 지하*층 일부(다*)호 (부평동)",21394,01,영업/정상,,,,7.95
세븐일레븐 인천효성백영점,,173995.547316594,448010.740803145,2026-04-22 22:32:54,I,13,영업중,2024-02-19 20:12:45,,2021-05-10,,인천광역시 계양구 효성동 ***-**,PHMG120213550020047000043,3550000,인천광역시 계양구 길마로**번길 * (효성동),21093,01,영업/정상,,,,145
넥스트웨이,,,,2026-04-22 22:39:19,I,13,영업중,2025-03-05 17:27:02,,2025-03-05,,인천광역시 부평구 부평동 *** 부평 SK VIEW 해모로 아파트 ***동 ***호,PHMG120253540021047000012,3540000,"인천광역시 부평구 동수천로 **, ***동 ***호 (부평동, 부평 SK VIEW 해모로 아파트)",21400,01,영업/정상,,,,
에스.리(S.LEE),,177176.794911531,448272.813386079,2026-04-22 22:34:00,I,13,영업중,2022-11-30 15:38:54,,2022-11-30,,인천광역시 계양구 계산동 ****-* 은행마을아주아파트,PHMG120223550020047000226,3550000,"인천광역시 계양구 용종로 **, ***동 ***호 (계산동, 은행마을아주아파트)",21071,01,영업/정상,,,,
부평의료기상사,,175326.40378593,444165.104996234,2026-04-22 22:32:02,I,13,영업중,2025-05-08 16:59:59,,1990-02-02,,인천광역시 부평구 부평동 ***번지 **호,PHMG119903540021047000001,3540000,인천광역시 부평구 부평대로**번길 * (부평동),21379,01,영업/정상,,,032-514-9748,
세븐일레븐산곡오남프라자점,,174549.93104107,444466.74485426,2026-04-22 22:38:41,I,13,영업중,2024-02-21 10:02:19,,2022-04-27,,인천광역시 부평구 산곡동 ***-* 오남프라자 ***호,PHMG120223540021047000179,3540000,"인천광역시 부평구 부영로***번길 **, 오남프라자 ***호 (산곡동)",21377,01,영업/정상,,,,
세븐일레븐 인천교대점,,175388.03600592,448623.345810925,2026-04-22 22:32:54,I,13,영업중,2024-02-20 14:47:34,,2021-05-10,,인천광역시 계양구 계산동 ***-**,PHMG120213550020047000037,3550000,"인천광역시 계양구 계양대로 ***, *층 (계산동)",21054,01,영업/정상,,,,
세븐일레븐인천작전점B,2015-03-02,175621.048417846,447326.150332753,2026-04-22 22:32:37,I,03,폐업,2015-02-27 16:44:37,,2014-11-06,407-062,인천광역시 계양구 작전동 ***번지 *호,PHMG120143550020047000074,3550000,인천광역시 계양구 효서로 *** (작전동),,03,폐업,,,,115.5
모아나눔,2010-04-08,177256.285668109,450536.195842565,2026-04-22 22:32:21,I,03,폐업,2010-04-09 09:41:56,,2010-01-21,407-330,인천광역시 계양구 박촌동 **번지 *호 *층,PHMG120103550020047000002,3550000,"인천광역시 계양구 장제로****번길 ** (박촌동,*층)",,03,폐업,,,,
디어베이비 홈플러스 작전점,2016-05-18,175291.982296046,447141.041163927,2026-04-22 22:32:27,I,03,폐업,2016-05-19 09:32:14,,2014-05-14,407-816,인천광역시 계양구 작전동 ***번지 *호 홈플러스 작전점 *층,PHMG120113550020047000021,3550000,"인천광역시 계양구 계양대로 **, *층 (작전동)",21111,03,폐업,,,032-546-9097,32.34
에이네일,,169169.873759794,438068.204570087,2026-04-22 22:33:20,I,13,영업중,2022-06-10 16:29:20,,2022-06-09,,인천광역시 미추홀구 학익동 ***-**,PHMG120223510513047000210,3510500,"인천광역시 미추홀구 매소홀로 ***, ****호 (학익동)",22204,01,영업/정상,,,,26.74
한방테크,,174106.563351133,444580.707227157,2026-04-22 22:32:43,I,13,영업중,2015-01-13 14:52:50,,2014-04-24,403-771,인천광역시 부평구 산곡동 ***번지 경남*차아파트 상가동 ***호,PHMG120143540021047000021,3540000,"인천광역시 부평구 마장로***번길 **, ***호 (산곡동, 경남*차아파트 상가동)",21376,01,영업/정상,,,,
에이스보청기,,177065.609603073,449693.446931714,2026-04-22 22:32:52,I,13,영업중,2021-06-22 09:23:59,,2020-05-26,,인천광역시 계양구 병방동 ***번지 ***호,PHMG120203550020047000028,3550000,"인천광역시 계양구 계양산로***번길 **, ***호 (병방동)",21027,01,영업/정상,,,,33
송화컴퍼니,2021-02-01,154584.951465767,471831.628800414,2026-04-22 22:32:08,I,03,폐업,2021-02-03 10:42:01,,2017-04-17,,인천광역시 강화군 강화읍 관청리 ***번지 *호,PHMG120173570013047000002,3570000,인천광역시 강화군 강화읍 동문안길 **-*,23031,03,폐업,,,032-932-4901,30
성광테크,2017-06-19,174581.044379231,444751.065357768,2026-04-22 22:32:28,I,03,폐업,2017-06-19 11:22:44,,2009-08-21,403-838,인천광역시 부평구 산곡동 ***번지 **호 *층,PHMG120093540021047000025,3540000,"인천광역시 부평구 원길로**번길 **, *층 (산곡동)",21363,03,폐업,,,,
세계정골협회,2012-12-27,175976.961522002,445149.561415382,2026-04-22 22:32:38,I,03,폐업,2012-12-27 17:58:42,,2012-11-12,403-805,인천광역시 부평구 갈산*동 ***번지 *호,PHMG120123540021047000039,3540000,인천광역시 부평구 갈월동로 **-* (갈산동),,03,폐업,,,,
고운보청기,,174207.324314127,441536.594316468,2026-04-22 22:38:34,I,15,전출,2022-10-13 09:13:06,,2022-02-07,,인천광역시 부평구 십정동 ***-* *층 일부(***호),PHMG120223540021047000062,3540000,"인천광역시 부평구 경인로 ***, *층 일부(***호)호 (십정동)",21436,05,제외/삭제/전출,,,,
백세보청기 인천부평센터,,174697.799163672,444602.527702854,2026-04-22 22:39:10,I,13,영업중,2023-06-20 14:24:05,,2023-06-19,,인천광역시 부평구 산곡동 ***-** 혜성프라자 ***호,PHMG120233540021047000076,3540000,"인천광역시 부평구 원적로 ***, 혜성프라자 ***호 (산곡동)",21377,01,영업/정상,,,,27.6
이마트24 인천관교점,,172695.170015508,438114.873252706,2026-04-22 22:32:58,I,13,영업중,2022-02-14 19:42:30,,2022-02-14,,인천광역시 미추홀구 관교동 ***-**,PHMG120223510513047000099,3510500,"인천광역시 미추홀구 주승로 ***, *층 (관교동)",22240,01,영업/정상,,,,40
새롬 보청기,,175371.818904731,443599.568977339,2026-04-22 22:32:12,I,13,영업중,2018-10-16 13:42:12,,2005-06-01,403-859,인천광역시 부평구 부평동 ***번지 **호 YD타워*층,PHMG120053540021047000009,3540000,"인천광역시 부평구 부평문화로 **, *층 (부평동, YD타워)",21388,01,영업/정상,,,032-511-7800,12.9
(주)하이프라자 갈산점,2017-01-03,175688.792382336,445915.402727992,2026-04-22 22:32:38,I,03,폐업,2017-01-04 14:02:11,,2013-02-15,403-801,"인천광역시 부평구 갈산*동 ***번지 **호 ***호,***호",PHMG120133540021047000007,3540000,"인천광역시 부평구 주부토로 *** (갈산동, ***호,***호)",21329,03,폐업,,,032-521-9600,
씨유 주안사랑병원점,,171680.617897735,440045.861100889,2026-04-22 22:38:33,I,13,영업중,2025-10-01 15:42:04,,2025-01-23,,인천광역시 미추홀구 주안동 ***-* 인천사랑병원 *층일부,PHMG120253510513047000006,3510500,"인천광역시 미추홀구 미추홀대로 ***, 인천사랑병원 *층일부 (주안동)",22135,01,영업/정상,,,,15
CU계양한미리점,2016-08-31,176756.747319404,447695.257642146,2026-04-22 22:32:44,I,03,폐업,2016-08-31 13:32:48,,2016-05-11,,인천광역시 계양구 작전동 ***번지 *호,PHMG120163550020047000035,3550000,"인천광역시 계양구 오조산로 * (작전동, 한미리빌딩)",21080,03,폐업,,,032-547-9170,79.2
이삼메디케어,,175126.717022995,446169.201205367,2026-04-22 22:39:12,I,13,영업중,2025-06-05 16:08:32,,2023-11-06,,인천광역시 부평구 청천동 *** 부평우림라이온스밸리 A동 지하*층 B***-**호 일부(P*),PHMG120233540021047000131,3540000,"인천광역시 부평구 부평대로 ***, 부평우림라이온스밸리 A동 지하*층 B***-**호 일부(P*)호 (청천동)",21315,01,영업/정상,,,,6.3
하이원,,175676.403086718,443569.387717134,2026-04-22 22:32:55,I,15,전출,2016-12-08 17:43:25,,2015-09-23,,인천광역시 부평구 부평동 ***번지 *호 *층한남프라자,PHMG120153540021047000068,3540000,"인천광역시 부평구 시장로 ** (부평동, *층한남프라자)",21394,05,제외/삭제/전출,,,032-545-6790,2.94
일양메디칼,,175436.512519296,447767.151340542,2026-04-22 22:32:45,I,15,전출,2018-08-17 15:16:16,,2017-08-02,,인천광역시 계양구 작전동 ***번지 *호 *층,PHMG120173550020047000037,3550000,"인천광역시 계양구 계양대로 **, *층 (작전동)",21091,05,제외/삭제/전출,,,,158.6
CU SK네트웍스 주안주유소점,2015-06-30,170578.677294057,439110.605438182,2026-04-22 22:32:36,I,03,폐업,2015-07-03 11:55:45,,2015-01-09,402-844,인천광역시 미추홀구 주안동 ***-*번지,PHMG120153510021047000002,3510500,인천광역시 미추홀구 한나루로 *** (주안동),,03,폐업,,,032-874-5151,
(주)하이리빙 경인프라자,,173281.294347422,440826.517324172,2026-04-22 22:32:39,I,15,전출,2018-11-15 11:35:06,,2013-12-27,403-848,인천광역시 부평구 십정동 ***번지 종근당빌딩*층,PHMG120133540021047000043,3540000,"인천광역시 부평구 백범로 ***, *층 (십정동, 종근당빌딩)",21453,05,제외/삭제/전출,,,,
푸른의료기,2016-08-02,175549.13037096,449336.350515397,2026-04-22 22:32:44,I,03,폐업,2016-08-08 14:35:52,,2016-05-26,,인천광역시 계양구 계산동 ***번지 *호 극동아파트 상가 ***호,PHMG120163550020047000037,3550000,"인천광역시 계양구 하느재로**번길 *, *층 ***호 (계산동, 극동아파트)",21038,03,폐업,,,,52
맥진모유수유클럽 인천북부부천,2017-06-20,176600.119424585,445146.367348796,2026-04-22 22:32:36,I,03,폐업,2017-06-20 16:59:46,,2011-06-23,403-866,인천광역시 부평구 삼산*동 ***번지 *호 신영프라자 ***호,PHMG120113540021047000035,3540000,"인천광역시 부평구 체육관로 **, ***호 (삼산동, 신영프라자)",21344,03,폐업,,,,
디케이랩,2017-06-22,173012.293124999,446629.066184827,2026-04-22 22:32:30,I,03,폐업,2017-06-22 16:31:52,,2009-09-28,403-031,인천광역시 부평구 청천*동 ***번지 *호 인향상가 ***호,PHMG120093540021047000034,3540000,"인천광역시 부평구 청안로 *, ***호 (청천동, 인향상가)",21301,03,폐업,,,032-330-3453,
오늘(ONL),,,,2026-04-22 22:38:36,I,13,영업중,2025-06-09 14:34:36,,2025-06-09,,인천광역시 미추홀구 도화동 **** 주안역 미추홀 더리브,PHMG120253510513047000030,3510500,"인천광역시 미추홀구 경인로***번길 **, ***동 ***호 (도화동, 주안역 미추홀 더리브)",22139,01,영업/정상,,,,78.9
세븐일레븐 주안중로점,,171852.186182842,440148.715354249,2026-04-22 22:35:27,I,13,영업중,2024-02-19 21:17:12,,2022-11-14,,인천광역시 미추홀구 주안동 ***-*,PHMG120223510513047000311,3510500,"인천광역시 미추홀구 미추홀대로***번길 **, *층 (주안동)",22135,01,영업/정상,,,,
(주)에스와이에스리테일 주안점,,172440.983133052,438833.871622089,2026-04-22 22:32:08,I,13,영업중,2021-05-18 20:28:49,,2009-03-26,402-859,인천광역시 미추홀구 주안동 ****-*번지 *층,PHMG120093510021047000009,3510500,"인천광역시 미추홀구 경원대로 ***  (주안동,*층)",,01,영업/정상,,,032-426-9933,11.25
(주)코리아세븐 용현굴다리점,,169749.430067202,439101.615430457,2026-04-22 22:33:27,I,13,영업중,2022-06-15 17:06:27,,2022-06-14,,인천광역시 미추홀구 용현동 ***-**,PHMG120223510513047000215,3510500,"인천광역시 미추홀구 경인남길 ***, *층 (용현동)",22207,01,영업/정상,,,,78.79
지에스25 주안리치점,,171117.796402533,438717.070705892,2026-04-22 22:32:56,I,13,영업중,2022-10-06 15:42:37,,2022-02-08,,인천광역시 미추홀구 주안동 ****-**,PHMG120223510513047000048,3510500,"인천광역시 미추홀구 미추홀대로***번길 **, *층 (주안동)",22214,01,영업/정상,,,,76.1
센트리웰봄봄마켓,2021-09-28,176666.124685741,448105.30740578,2026-04-22 22:32:48,I,03,폐업,2021-09-29 10:27:53,,2019-04-09,,인천광역시 계양구 계산동 ****번지 **호 ***-*호,PHMG120193550020047000014,3550000,"인천광역시 계양구 계양문화로 **, *층 ***-*호 (계산동)",21069,03,폐업,,,,32.22
부평역롯데하이마트,,,,2026-04-22 22:32:43,I,13,영업중,2020-11-25 17:52:37,,2014-04-18,,인천광역시 부평구 부평동 ***번지 *호 부평역롯데마트 *층,PHMG120143540021047000018,3540000,"인천광역시 부평구 광장로 지하 ** (부평동, 부평민자역사)",21404,01,영업/정상,,,032-502-6699,
대양,2024-09-27,171496.759734287,438639.047872845,2026-04-22 22:32:54,I,03,폐업,2024-09-30 09:21:14,,2021-07-19,,인천광역시 미추홀구 주안동 ****-** 정우빌라,PHMG120213510513047000070,3510500,"인천광역시 미추홀구 미추홀대로***번길 **-**, *동 ***호 (주안동, 정우빌라)",22215,03,폐업,,,,37.67
세븐일레븐부평부일여중점,,175069.831996789,442566.906777983,2026-04-22 22:38:36,I,13,영업중,2022-02-11 12:35:16,,2022-02-09,,인천광역시 부평구 부평동 ***-** 본시티 B***호,PHMG120223540021047000072,3540000,"인천광역시 부평구 동수로 *, 본시티 B***호 (부평동)",21429,01,영업/정상,,,,
명성스포츠,2011-04-27,171822.184162467,439874.368860222,2026-04-22 22:32:18,I,03,폐업,2011-04-27 15:40:13,,2011-03-23,402-725,인천광역시 미추홀구 주안동 ***번지 신성타워 ***호,PHMG120113510021047000006,3510500,"인천광역시 미추홀구 주안중로 **  (주안동,신성타워 ***호)",,03,폐업,,,032-891-0179,15.12
유진방역,,169760.566205986,440641.379945013,2026-04-22 22:32:55,I,13,영업중,2021-12-03 15:57:12,,2021-12-03,,인천광역시 미추홀구 도화동 **-**,PHMG120213510513047000105,3510500,"인천광역시 미추홀구 석정로***번길 **, 지하*층 (도화동)",22102,01,영업/정상,,,,78.16
인천메디,,176832.873442824,449632.348304302,2026-04-22 22:32:46,I,13,영업중,2017-09-29 10:16:03,,2017-09-28,,인천광역시 계양구 병방동 ***번지 ***호,PHMG120173550020047000049,3550000,"인천광역시 계양구 병방시장로**번길 *, ***호 (병방동)",21027,01,영업/정상,,,,32.9
랜드,2023-03-16,175014.645956207,443613.434992806,2026-04-22 22:39:04,I,03,폐업,2023-03-16 16:29:35,,2022-11-16,,인천광역시 부평구 부평동 **-* 부평동아아파트 *동 ***호,PHMG120223540021047000348,3540000,"인천광역시 부평구 부평문화로 **, *동 ***호 (부평동, 부평동아아파트)",21387,03,폐업,,,,
에이넵(ANAB),,169226.889631696,442817.65455975,2026-04-22 22:32:07,I,13,영업중,2022-05-24 16:21:02,,2022-05-24,,인천광역시 동구 송현동 ***번지 인천산업용품유통단지,PHMG120153500020047000024,3500000,"인천광역시 동구 방축로**번길 **, 인천산업용품유통단지 **동 ***호 (송현동)",22530,01,영업/정상,,,,26.06
GS25 주안용남점,,170403.414436766,439040.420250175,2026-04-22 22:32:46,I,13,영업중,2018-04-05 14:00:23,,2018-04-05,,인천광역시 미추홀구 주안동 ***-*번지,PHMG120183510021047000012,3510500,"인천광역시 미추홀구 인주대로***번길 *, *층 (주안동)",22157,01,영업/정상,,,032-874-8903,69.6
농구연구소,,166058.94037452,442661.718865915,2026-04-22 22:32:27,I,13,영업중,2024-09-06 14:13:51,,2022-04-13,,인천광역시 동구 만석동 *-***,PHMG120223500020047000025,3500000,"인천광역시 동구 보세로 **, B동 (만석동)",22500,01,영업/정상,,,,
(주)펄스젬,2014-03-25,167599.937440601,441765.418241673,2026-04-22 22:32:02,I,03,폐업,2014-03-26 09:27:26,,2012-10-06,401-041,인천광역시 동구 송현*.*동 **번지 **호,PHMG120123500020047000013,3500000,인천광역시 동구 송현로 ** (송현동),,03,폐업,,,032-765-7572,121.24
씨유 화도진유경점,2025-11-28,167201.418357973,442267.837652428,2026-04-22 22:32:31,I,03,폐업,2025-11-28 13:28:48,,2023-09-18,,,PHMG120233500020047000018,3500000,"인천광역시 동구 화도로 **, *층 (화수동)",22517,03,폐업,,,,101.85
코코핫,2024-12-26,172377.551852765,440255.652111025,2026-04-22 22:32:47,I,03,폐업,2024-12-30 11:53:48,,2019-06-10,,인천광역시 미추홀구 주안동 ***번지 *호 월드빌,PHMG120193510513047000028,3510500,"인천광역시 미추홀구 주안로 ***, 월드빌 ***호 (주안동)",22133,03,폐업,,,,29
세븐일레븐 부평센터점,,175934.23463219,444305.969417252,2026-04-22 22:39:24,I,13,영업중,2025-10-20 15:56:01,,2025-10-20,,인천광역시 부평구 부평동 ***-** *층,PHMG120253540021047000073,3540000,"인천광역시 부평구 주부토로**번길 **, *층 (부평동)",21360,01,영업/정상,,,,
어르신이행복한세상,,176378.53666649,445159.787999837,2026-04-22 22:32:23,I,13,영업중,2025-04-07 14:41:19,,2008-05-14,,인천광역시 부평구 삼산동 ***-* 대경프라자 *층 ***호 일부(***-*)호,PHMG120083540021047000012,3540000,"인천광역시 부평구 체육관로 **, 대경프라자 *층 ***호 일부(***-*)호 (삼산동)",21344,01,영업/정상,,,,33
대명렌즈광학,,174308.311323234,441910.557159083,2026-04-22 22:38:23,I,13,영업중,2021-10-14 16:51:14,,2008-10-30,,"인천광역시 부평구 십정동 ***-** 부영빌딩, *층",PHMG120213540021047000125,3540000,"인천광역시 부평구 마장로 *, 부영빌딩 *층 (십정동)",21435,01,영업/정상,,,032-438-6800,
세븐일레븐용현인하대점,2026-02-03,169535.92522576,438990.199287578,2026-04-22 22:33:12,I,03,폐업,2026-02-03 09:33:14,,2022-05-20,,인천광역시 미추홀구 용현동 ***-*,PHMG120223510513047000201,3510500,"인천광역시 미추홀구 인하로**번길 **, *층 (용현동)",22207,03,폐업,,,,125.5
와우9981,2021-09-15,174107.862290339,443710.469668784,2026-04-22 22:36:57,I,03,폐업,2021-09-15 11:33:19,,2021-02-18,,인천광역시 부평구 산곡동 ***-* 우성아파트 ***동 ***호,PHMG120213540021047000009,3540000,"인천광역시 부평구 안남로***번길 **, ***동 ***호 (산곡동, 우성아파트)",21381,03,폐업,,,070-4603-6500,
보테가비노스,,175162.829791522,444894.218457854,2026-04-22 22:38:12,I,15,전출,2021-09-16 11:01:43,,2019-07-04,,인천광역시 부평구 부평동 ***-** *층 일부,PHMG120213540021047000098,3540000,"인천광역시 부평구 부평대로***번길 **, *층 일부호 (부평동)",21364,05,제외/삭제/전출,,,032-505-5698,
보전의료기,2017-07-05,173565.720488987,445672.726784079,2026-04-22 22:32:26,I,03,폐업,2017-07-05 14:11:27,,2008-12-01,403-832,인천광역시 부평구 산곡동 **번지 **호 *층,PHMG120083540021047000031,3540000,"인천광역시 부평구 산청로 **, *층 (산곡동)",21309,03,폐업,,,032-528-0092,
세븐일레븐인천교대점,2019-10-17,175388.03600592,448623.345810925,2026-04-22 22:32:36,I,03,폐업,2019-10-17 19:33:37,,2014-11-06,407-052,인천광역시 계양구 계산동 ***번지 **호,PHMG120143550020047000059,3550000,인천광역시 계양구 계양대로 *** (계산동),21054,03,폐업,,,,82.5
해피인천부평대리점,2016-08-11,173474.35898176,442030.817545749,2026-04-22 22:32:38,I,03,폐업,2016-08-11 17:16:32,,2013-05-30,403-844,인천광역시 부평구 십정*동 ***번지 *층,PHMG120133540021047000019,3540000,"인천광역시 부평구 이규보로**번길 **, *층 (십정동)",21441,03,폐업,,,,32
지에스25갈산역점,2025-05-29,175356.134360027,446012.591489043,2026-04-22 22:38:36,I,03,폐업,2025-05-30 09:55:09,,2022-02-04,,인천광역시 부평구 갈산동 *** *층,PHMG120223540021047000070,3540000,"인천광역시 부평구 부평대로***번길 *, *층 (갈산동)",21333,03,폐업,,,,
제이앤제이(J&J),,177549.463850671,441815.278543361,2026-04-22 22:38:47,I,13,영업중,2022-06-28 11:48:53,,2022-06-27,,인천광역시 부평구 일신동 **-* *층,PHMG120223540021047000216,3540000,"인천광역시 부평구 일신로 **-*, *층 (일신동)",21457,01,영업/정상,,,,
세븐일레븐도화석정로점,2025-07-07,170844.024115511,440643.525726687,2026-04-22 22:32:53,I,03,폐업,2025-07-07 16:31:56,,2021-05-06,,인천광역시 미추홀구 도화동 ***-*,PHMG120213510513047000042,3510500,"인천광역시 미추홀구 석정로***번길 *, *층 (도화동)",22118,03,폐업,,,,124
파우젠,,176752.638687859,442836.213704517,2026-04-22 22:39:12,I,13,영업중,2023-11-29 16:29:28,,2023-11-29,,인천광역시 부평구 부개동 ***-* *층 일부,PHMG120233540021047000136,3540000,"인천광역시 부평구 경인로****번길 **, *층 일부호 (부개동)",21415,01,영업/정상,,,,
리오써플라이,,177111.214551753,446988.956185645,2026-04-22 22:32:46,I,13,영업중,2018-01-18 17:50:08,,2018-01-18,,인천광역시 계양구 작전동 ***번지 *호,PHMG120183550020047000004,3550000,"인천광역시 계양구 대보로 ***-*, *층 일부호 (작전동)",21078,01,영업/정상,,,032-526-9077,14.39
몽느컴퍼니,,175591.536726113,445690.494028239,2026-04-22 22:39:18,I,13,영업중,2024-12-23 15:47:32,,2024-12-23,,인천광역시 부평구 갈산동 ***-* 대동아파트 ***동 ***호,PHMG120243540021047000125,3540000,"인천광역시 부평구 주부토로 ***, ***동 ***호 (갈산동, 대동아파트)",21332,01,영업/정상,,,,
대화기기,2014-04-11,176467.235741764,447870.971864318,2026-04-22 22:32:26,I,03,폐업,2014-04-11 16:21:06,,2011-05-16,407-061,인천광역시 계양구 작전*동 ***번지 *호 창석빌딩 ***호,PHMG120113550020047000012,3550000,"인천광역시 계양구 도두리로*번길 ** (작전동,창석빌딩 ***호)",,03,폐업,,,032-545-5337,65.8
세븐일레븐부평청천점,2022-02-14,175221.017530921,444925.49696202,2026-04-22 22:38:35,I,03,폐업,2022-02-15 09:23:08,,2022-02-07,,"인천광역시 부평구 청천동 ***-** 한성빌딩, *층 일부",PHMG120223540021047000063,3540000,"인천광역시 부평구 부평대로 ***, 한성빌딩 *층 일부호 (청천동)",21364,03,폐업,,,,
씨유부평형제점,,175943.18123841,443131.871465166,2026-04-22 22:38:38,I,13,영업중,2022-02-23 16:36:03,,2022-02-22,,인천광역시 부평구 부평동 ***-* 다빈 아파트 ***호,PHMG120223540021047000116,3540000,"인천광역시 부평구 광장로**번길 **, ***호 (부평동, 다빈 아파트)",21404,01,영업/정상,,,,
목인메디칼의료기,2010-03-24,,,2026-04-22 22:31:59,I,24,직권폐업,2010-04-12 17:03:49,,2002-02-20,,인천 미추홀구 주안*동 ***-*,PHMG120023510021047000001,3510500,,,04,취소/말소/만료/정지/중지,,,,
효월드 코리아,2020-05-01,175351.375234364,448079.369788197,2026-04-22 22:32:26,I,03,폐업,2020-05-01 17:09:29,,2018-04-23,,인천광역시 계양구 작전동 ***번지 **호,PHMG120113550020047000009,3550000,"인천광역시 계양구 계양대로***번길 *, *층 일부 ***호 (작전동)",21045,03,폐업,,,,46
옥시웰메디칼,2024-04-09,176740.68,447754.36,2026-04-22 22:36:26,I,03,폐업,2024-04-09 17:34:30,,2024-03-13,,인천광역시 계양구 작전동 ***-* 유영엠프레스,PHMG120243550020047000022,3550000,"인천광역시 계양구 오조산로*번길 *-*, 유영엠프레스 ***호 (작전동)",21080,03,폐업,,,,42.26
디디에스코리아,2025-10-20,176626.533474848,448224.954262924,2026-04-22 22:32:38,I,03,폐업,2025-10-15 17:11:58,,2015-05-08,,인천광역시 계양구 계산동 ****번지 *호 유니온프라자 ***호,PHMG120153550020047000027,3550000,"인천광역시 계양구 계양문화로**번길 *, ***호 (계산동)",21068,03,폐업,,,,18.2
주식회사 다조아,2023-03-13,175126.717022995,446169.201205367,2026-04-22 22:39:06,I,03,폐업,2023-03-13 15:00:37,,2022-12-14,,인천광역시 부평구 청천동 *** 부평우림라이온스밸리 A동 B***-*호(*호실),PHMG120223540021047000372,3540000,"인천광역시 부평구 부평대로 ***, 부평우림라이온스밸리 A동 B***-*(*호실)호 (청천동)",21315,03,폐업,,,032-715-9455,
(주)하이프라자 작전점,2024-12-04,175459.637229437,447397.511369964,2026-04-22 22:32:52,I,03,폐업,2024-12-04 15:26:41,,2020-06-15,,인천광역시 계양구 작전동 ***번지 **호,PHMG120203550020047000033,3550000,인천광역시 계양구 계양대로 ** (작전동),21115,03,폐업,,,02-2164-0859,653.4
(주)인터비즈넷,,154689.867020511,469704.115678306,2026-04-22 22:32:24,I,13,영업중,2025-03-17 17:00:58,,2004-11-18,,인천광역시 강화군 선원면 창리 ***-*,PHMG120253570013047000002,3570000,"인천광역시 강화군 선원면 중앙로 ***, *층",23041,01,영업/정상,,,,66
씨유삼산엠코타운점,2024-11-15,176428.796867676,446587.317410091,2026-04-22 22:39:04,I,03,폐업,2024-11-15 15:26:33,,2022-11-21,,"인천광역시 부평구 삼산동 *** 부평 삼산 엠코타운 ***동 ***,***호",PHMG120223540021047000351,3540000,"인천광역시 부평구 후정로 *, ***동 ***,***호 (삼산동, 부평 삼산 엠코타운)",21318,03,폐업,,,032-512-0221,
라온우리,2014-08-20,176431.795808499,445078.178562598,2026-04-22 22:32:39,I,03,폐업,2014-08-20 11:28:46,,2013-12-19,403-866,인천광역시 부평구 삼산동 ***번지 *호 C&C로데오* ***호,PHMG120133540021047000042,3540000,인천광역시 부평구 충선로***번길 ** (삼산동),,03,폐업,,,070-8809-2849,
히스톤(HisTone),,169972.059456338,437905.936221986,2026-04-22 22:32:55,I,13,영업중,2021-10-19 10:22:08,,2021-10-15,,"인천광역시 미추홀구 학익동 *** 동아,풍림아파트",PHMG120213510513047000091,3510500,"인천광역시 미추홀구 소성로 ***, ***동 *층 *호 (학익동, 동아,풍림아파트)",22202,01,영업/정상,,,,123.51
덴탈랜드,,176499.073068124,446984.918000685,2026-04-22 22:37:35,I,13,영업중,2025-02-17 16:10:30,,2025-02-17,,인천광역시 계양구 작전동 ***-* 현광아파트,PHMG120253550020047000008,3550000,"인천광역시 계양구 아나지로 ***, 현광아파트 *층 ***호 (작전동)",21128,01,영업/정상,,,,
아씨몰,2019-03-14,176666.124685741,448105.30740578,2026-04-22 22:32:46,I,03,폐업,2019-03-15 08:44:56,,2018-01-29,,인천광역시 계양구 계산동 ****번지 **호,PHMG120183550020047000005,3550000,"인천광역시 계양구 계양문화로 **, *층 ***호 (계산동)",21069,03,폐업,,,,12.1
미니스톱 계산점,2023-10-16,175620.32839438,449025.542799558,2026-04-22 22:33:01,I,03,폐업,2023-10-16 16:37:15,,2022-04-04,,인천광역시 계양구 계산동 ***,PHMG120223550020047000114,3550000,"인천광역시 계양구 경명대로 ****, *층 (계산동)",21050,03,폐업,,,,
해피안 의료기,,174263.241646157,442959.01699249,2026-04-22 22:39:10,I,15,전출,2025-11-25 11:41:11,,2017-08-02,,인천광역시 부평구 부평동 ***-** ***호 일부,PHMG120233540021047000082,3540000,"인천광역시 부평구 경원대로****번길 **, ***호 일부호 (부평동)",21405,05,제외/삭제/전출,,,,138.27
세븐일레븐인천부평본점,,175992.217179216,443793.570998434,2026-04-22 22:38:37,I,13,영업중,2022-02-15 18:26:08,,2022-02-14,,인천광역시 부평구 부평동 ***-**,PHMG120223540021047000090,3540000,"인천광역시 부평구 부평문화로***번길 **, *층 일부호 (부평동)",21392,01,영업/정상,,,,
지에스25부평SK,2024-10-24,176381.089368006,443466.086395184,2026-04-22 22:39:03,I,03,폐업,2024-10-24 15:14:34,,2022-09-28,,인천광역시 부평구 부개동 ***-** *층 일부,PHMG120223540021047000321,3540000,"인천광역시 부평구 부평문화로***번길 **, *층 일부호 (부개동)",21399,03,폐업,,,,
지에스25 강화부근리점,,150853.563037463,474296.354303035,2026-04-22 22:32:20,I,13,영업중,2023-03-14 10:35:58,,2023-03-10,,인천광역시 강화군 하점면 부근리 ***-* 덕수가든,PHMG120233570013047000002,3570000,"인천광역시 강화군 하점면 강화대로 ***, 덕수가든",23014,01,영업/정상,,,,
GS25 도화월드타워점,2018-10-30,170996.996467333,439794.066348297,2026-04-22 22:32:35,I,03,폐업,2018-10-31 10:18:47,,2014-11-26,402-809,인천광역시 미추홀구 도화동 ***-*번지 도화월드타워 ***호,PHMG120143510021047000093,3510500,"인천광역시 미추홀구 한나루로 ***, ***호 (도화동, 도화월드타워)",22138,03,폐업,,,,
세라믹나노레이져 의료기,2012-09-04,177296.162725635,442334.342586081,2026-04-22 22:32:36,I,03,폐업,2012-09-05 10:15:32,,2011-08-16,403-110,인천광역시 부평구 일신동 ***번지 풍림상가 지층B***호,PHMG120113540021047000053,3540000,"인천광역시 부평구 일신로**번길 ** (일신동,풍림상가 지층B***호)",,03,폐업,,,032-505-7588,
디소프,,175462.730408663,444385.040025061,2026-04-22 22:39:24,I,13,영업중,2025-09-24 10:38:10,,2024-06-05,,인천광역시 부평구 부평동 ***-** 카이저 **층 ****호,PHMG120253540021047000067,3540000,"인천광역시 부평구 부흥북로 **, 카이저 **층 ****호 (부평동)",21359,01,영업/정상,,,,70.67
GS25계양구청점,,176820.41215751,448466.884752102,2026-04-22 22:32:37,I,13,영업중,2014-11-06 17:02:34,,2014-11-06,407-310,인천광역시 계양구 용종동 ***번지 *호,PHMG120143550020047000079,3550000,인천광역시 계양구 계산새로 ** (용종동),21065,01,영업/정상,,,032-552-8200,92.4
토르컴퍼니,,168862.508938831,441544.26890841,2026-04-22 22:32:22,I,13,영업중,2021-03-23 17:07:20,,2021-03-23,,인천광역시 동구 송림동 *** 동산휴먼시아 ***동 ***호,PHMG120213500020047000007,3500000,"인천광역시 동구 재능로 ***, ***동 ***호 (송림동, 동산휴먼시아)",22571,01,영업/정상,,,032-282-0110,
다원 인터내셔날,2018-03-30,176772.162126052,446644.76181904,2026-04-22 22:32:43,I,03,폐업,2018-03-30 15:45:53,,2014-04-23,403-861,인천광역시 부평구 삼산동 **번지 **호 *층,PHMG120143540021047000019,3540000,"인천광역시 부평구 후정동로 **, *층 (삼산동)",21318,03,폐업,,,,
주식회사 위더스메디테크,,169424.109924844,442692.722669138,2026-04-22 22:32:20,I,13,영업중,2020-05-11 18:24:40,,2020-05-11,,인천광역시 동구 송림동 ***번지 인천산업용품유통단지,PHMG120203500020047000011,3500000,"인천광역시 동구 방축로**번길 **, 인천산업용품유통단지 **동 ***호 (송림동)",22530,01,영업/정상,,,,26.06
GS25주안서이점,2024-07-08,171344.382701842,440945.534991863,2026-04-22 22:32:56,I,03,폐업,2024-07-08 17:31:05,,2022-02-04,,인천광역시 미추홀구 주안동 *-* 주안 J Tower *차  지식산업센터,PHMG120223510513047000022,3510500,"인천광역시 미추홀구 염전로 ***, *층 ***호 (주안동)",22126,03,폐업,,,032-872-5304,87
브이아이스킨＆뷰티아카데미,2012-07-26,172976.184586048,439798.095759137,2026-04-22 22:32:18,I,03,폐업,2012-07-26 13:43:02,,2011-03-04,402-206,인천광역시 미추홀구 주안동 ****-**번지,PHMG120113510021047000004,3510500,인천광역시 미추홀구 경인로***번길 *-*  (주안동),,03,폐업,,,032-441-5200,91.09
올띵샵,2023-12-19,173006.905639188,441842.822770446,2026-04-22 22:39:07,I,03,폐업,2023-12-19 10:26:46,,2022-11-16,,인천광역시 부평구 십정동 *** 백영아파트 *동 ***호,PHMG120233540021047000013,3540000,"인천광역시 부평구 경원대로 ****, *동 ***호 (십정동, 백영아파트)",21442,03,폐업,,,,
(주)딕스젠,2024-01-19,176710.723522342,448198.017666271,2026-04-22 22:34:02,I,03,폐업,2024-01-19 17:03:51,,2022-03-03,,인천광역시 계양구 계산동 ****-* 강남모던빌,PHMG120223550020047000228,3550000,"인천광역시 계양구 오조산로**번길 **-*, 강남모던빌 ***호 (계산동)",21069,03,폐업,,,,
2A,2015-05-27,176694.119479296,449254.861161551,2026-04-22 22:32:23,I,03,폐업,2015-05-27 16:23:24,,2010-09-13,407-814,인천광역시 계양구 임학동 **번지 훼미리코아빌딩 *층 ****호,PHMG120103550020047000022,3550000,"인천광역시 계양구 임학동로 **, ****호 (임학동)",,03,폐업,,,070-7720-8210,80
GS25부평하정점,,173516.570486113,441368.89751397,2026-04-22 22:38:53,I,13,영업중,2022-07-28 15:54:03,,2022-07-27,,인천광역시 부평구 십정동 *** *층,PHMG120223540021047000255,3540000,"인천광역시 부평구 하정로 **, *층 (십정동)",21445,01,영업/정상,,,032-427-7929,
글로벌아이템,2017-06-13,176334.484112974,446482.453474959,2026-04-22 22:32:47,I,03,폐업,2017-06-13 16:13:58,,2014-07-03,403-863,인천광역시 부평구 삼산동 ***번지 **호,PHMG120143540021047000030,3540000,인천광역시 부평구 후정로 * (삼산동),21318,03,폐업,,,032-330-3365,47.92
솔고바이오(백운지점),2023-06-01,174271.344884011,441940.374508177,2026-04-22 22:35:30,I,03,폐업,2023-06-01 14:40:27,,2020-03-24,,인천광역시 부평구 십정동 ***번지 **호,PHMG120203540021047000022,3540000,"인천광역시 부평구 마장로*번길 *, *층 (십정동)",21435,03,폐업,,,,113.9
인다메디칼(인천광역시내부장애인협회),2018-08-23,171673.903013967,439949.665453185,2026-04-22 22:32:44,I,03,폐업,2018-08-24 08:51:58,,2017-02-07,,,PHMG120173510021047000003,3510500,"인천광역시 미추홀구 미추홀대로 ***, *층 ***호 (주안동, 메인프라자)",22135,03,폐업,,,032-264-2114,98
메디렌탈,2006-12-04,,,2026-04-22 22:32:07,I,03,폐업,2009-04-22 11:41:33,,2006-06-02,407-320,인천광역시 계양구 병방동 ***,PHMG120063550020047000016,3550000,,,03,폐업,,,032-551-3469,
오바이오,,171740.255963863,438970.703204996,2026-04-22 22:32:46,I,15,전출,2024-05-10 09:14:29,,2018-05-28,,인천광역시 미추홀구 주안동 ****-*번지,PHMG120183510021047000019,3510500,"인천광역시 미추홀구 동주길**번길 **-*, *층 (주안동)",22151,05,제외/삭제/전출,,,,24.79
호 덴탈코리아,2013-02-06,175869.330213081,448213.584963306,2026-04-22 22:32:24,I,24,직권폐업,2013-02-15 10:47:19,,2010-12-20,407-823,인천광역시 계양구 작전*동 ***번지 **호,PHMG120103550020047000027,3550000,인천광역시 계양구 주부토로 *** (작전동),,04,취소/말소/만료/정지/중지,,,,
브리드먼,,175076.621528574,443158.920610955,2026-04-22 22:39:24,I,13,영업중,2025-11-17 16:19:39,,2025-11-17,,인천광역시 부평구 부평동 ***-** e편한세상시티부평역 ***동 ***호,PHMG120253540021047000081,3540000,"인천광역시 부평구 경원대로****번길 **, e편한세상시티부평역 ***동 ***호 (부평동)",21404,01,영업/정상,,,,23.13
대광종합기획상사,2012-10-16,176400.597143979,447315.727881817,2026-04-22 22:32:22,I,03,폐업,2012-10-16 13:30:40,,2012-10-16,407-818,인천광역시 계양구 작전*동 ***번지 *호 하나로클럽인천점 지하*층,PHMG120103550020047000010,3550000,"인천광역시 계양구 장제로 *** (작전동,하나로클럽인천점 지하*층)",,03,폐업,,,02-762-3039,
(주)한맥의료기,2017-05-29,174293.884776332,441946.654370482,2026-04-22 22:32:07,I,03,폐업,2017-05-29 15:27:33,,2002-03-18,403-130,인천광역시 부평구 십정동 ***번지**,PHMG120023540021047000004,3540000,인천광역시 부평구 마장로 *-* (십정동),21435,03,폐업,,,032-505-4635,
(주)하이프라자 홈플러스 작전점,2024-04-30,175291.982296046,447141.041163927,2026-04-22 22:32:52,I,03,폐업,2024-04-30 17:11:00,,2020-06-19,,인천광역시 계양구 작전동 ***번지 *호 HOME PLUS 작전점,PHMG120203550020047000035,3550000,"인천광역시 계양구 계양대로 **, HOME PLUS 작전점 *층 (작전동)",21111,03,폐업,,,032-715-7520,
행복한사람들(주),2016-07-01,169653.061072083,442555.053277966,2026-04-22 22:32:04,I,03,폐업,2016-07-01 13:54:03,,2014-01-07,402-060,인천광역시 남구 도화동 ***번지 *호 **통 *반 TS굿모닝아파트 ***동 ***호,PHMG120143500020047000001,3500000,"인천광역시 동구 방축로 ***, **동 *층 ***호 (송림동, 산업유통센터)",22530,03,폐업,,,,54.2
주식회사 하이클래스컴퍼니,,174932.031639815,447244.153966138,2026-04-22 22:32:53,I,13,영업중,2021-01-21 08:51:26,,2021-01-20,,인천광역시 계양구 효성동 ***-* 마스터즈,PHMG120213550020047000005,3550000,"인천광역시 계양구 새벌로 ***, 마스터즈 ***-*(*)호 (효성동)",21111,01,영업/정상,,,,101.12
CU작전2동점,2025-02-03,175517.151333513,448231.966593824,2026-04-22 22:32:57,I,03,폐업,2025-02-03 15:33:32,,2022-02-15,,인천광역시 계양구 작전동 ***-* 한일아파트,PHMG120223550020047000055,3550000,"인천광역시 계양구 계산로***번길 **, ***동 *층 *호 (작전동, 한일아파트)",21088,03,폐업,,,,
골드원컴퍼니,,176378.53666649,445159.787999837,2026-04-22 22:39:10,I,13,영업중,2023-08-17 15:04:10,,2023-08-17,,인천광역시 부평구 삼산동 ***-* 대경프라자 *층 ***호일부(****)호,PHMG120233540021047000092,3540000,"인천광역시 부평구 체육관로 **, 대경프라자 *층 ***호일부(****)호 (삼산동)",21344,01,영업/정상,,,,
현대성모큐,,170116.554083659,437824.840924296,2026-04-22 22:32:46,I,13,영업중,2019-08-01 17:31:50,,2018-04-13,,인천광역시 미추홀구 학익동 ***-**번지 *층,PHMG120183510021047000013,3510500,"인천광역시 미추홀구 매소홀로***번길 **, *층 (학익동)",22202,01,영업/정상,,,032-863-7700,77.88
GS25 송림본점,,168429.769438845,441315.104944083,2026-04-22 22:32:28,I,13,영업중,2022-08-02 15:29:36,,2022-08-02,,인천광역시 동구 송림동 **-**,PHMG120223500020047000036,3500000,"인천광역시 동구 샛골로 ***, 송림*,*동 *층 (송림동)",22556,01,영업/정상,,,,99
준빈종합의료기,,175754.088026773,443547.360991255,2026-04-22 22:32:43,I,13,영업중,2014-06-30 16:20:56,,2014-06-26,403-821,인천광역시 부평구 부평동 ***번지 *호 다운타운빌딩 **층*호일부,PHMG120143540021047000029,3540000,"인천광역시 부평구 대정로 ** (부평동, 다운타운빌딩 **층*호일부)",21395,01,영업/정상,,,070-7620-9028,6.6
세라젬 인천계양점,,176763.216208234,448874.492576232,2026-04-22 22:32:53,I,13,영업중,2022-01-21 14:43:24,,2020-12-01,,인천광역시 계양구 용종동 ***-* 인천 계양 코아루 센트럴파크,PHMG120203550020047000054,3550000,"인천광역시 계양구 계양문화로 ***, ***동 ***~***호 (용종동, 인천 계양 코아루 센트럴파크)",21060,01,영업/정상,,,,74.62
덴탈투게더,,176706.905425779,448586.276518505,2026-04-22 22:32:39,I,15,전출,2018-03-06 08:48:42,,2015-09-14,,인천광역시 계양구 용종동 ***번지 *호 ***호,PHMG120153550020047000057,3550000,"인천광역시 계양구 계양문화로 **, ***호 (용종동, 강북프라자)",21065,05,제외/삭제/전출,,,,45.56
해피랑 힐링센터,,176885.006435992,444628.707060878,2026-04-22 22:32:53,I,15,전출,2021-08-30 10:02:52,,2014-04-09,,인천광역시 부평구 부개동 ***번지 *호 ***호,PHMG120143540021047000144,3540000,"인천광역시 부평구 길주남로 ***, ***호 (부개동, 부개프라자)",21348,05,제외/삭제/전출,,,032-325-3070,87.71
가온헬스케어,2022-11-07,173309.210750542,440945.752944149,2026-04-22 22:38:26,I,03,폐업,2022-11-07 11:54:54,,2021-12-14,,인천광역시 부평구 십정동 ***-* *층,PHMG120213540021047000143,3540000,"인천광역시 부평구 배곶로 **, *층 (십정동)",21452,03,폐업,,,,
네오광학,,175574.001715681,445091.673376257,2026-04-22 22:32:55,I,15,전출,2016-09-05 09:11:43,,2015-12-29,,인천광역시 부평구 갈산동 ***번지 *호 *층,PHMG120153540021047000087,3540000,"인천광역시 부평구 길주로***번길 *-**, *층 (갈산동)",21338,05,제외/삭제/전출,,,,26.42
메디체크,,169226.889631696,442817.65455975,2026-04-22 22:32:13,I,15,전출,2022-03-02 14:44:54,,2019-01-02,,인천광역시 동구 송현동 ***번지 인천산업용품유통단지,PHMG120193500020047000001,3500000,"인천광역시 동구 방축로**번길 **, 인천산업용품유통단지 *동 *층 ***호 (송현동)",22530,05,제외/삭제/전출,,,,26.76
이지스텝코리아,,176849.78261747,444598.247000807,2026-04-22 22:32:20,I,15,전출,2022-06-27 09:50:35,,2007-08-23,,인천광역시 부평구 부개동 ***번지 *호 대현프라자,PHMG120073540021047000016,3540000,"인천광역시 부평구 부개로 **-**, 대현프라자 *층 ***호 (부개동)",21348,05,제외/삭제/전출,,,032-505-1241,
CU작전한화점,2016-12-29,175687.926144102,448114.603310523,2026-04-22 22:32:37,I,03,폐업,2017-01-02 09:18:38,,2014-11-10,407-822,인천광역시 계양구 작전동 ***번지 **호,PHMG120143550020047000088,3550000,인천광역시 계양구 계산로***번길 ** (작전동),21088,03,폐업,,,032-545-8435,60
한신라파,2015-02-27,176080.270661604,449532.648110825,2026-04-22 22:32:35,I,03,폐업,2015-02-27 16:44:09,,2014-04-18,407-814,인천광역시 계양구 임학동 *번지 *호 (*층),PHMG120143550020047000016,3550000,"인천광역시 계양구 계양산로 ***, *층 (임학동)",,03,폐업,,,070-4219-5118,161.16
휴먼테크,2013-11-11,176694.119479296,449254.861161551,2026-04-22 22:32:33,I,03,폐업,2013-11-12 13:10:02,,2013-02-26,407-814,인천광역시 계양구 임학동 **번지 훼미리코아 ****호,PHMG120133550020047000006,3550000,인천광역시 계양구  임학동로  ** (임학동),,03,폐업,,,,4.36
휴먼SI,,176202.624574167,449054.323857245,2026-04-22 22:32:46,I,15,전출,2018-08-10 09:49:52,,2017-09-08,,인천광역시 계양구 계산동 ***번지 **호,PHMG120173550020047000048,3550000,"인천광역시 계양구 경명대로 ****, *층 (계산동)",21030,05,제외/삭제/전출,,,,108.18
엠비젠프렙,,169653.061072083,442555.053277966,2026-04-22 22:31:56,I,13,영업중,2019-06-18 16:13:10,,2010-07-16,,인천광역시 동구 송림동 ***번지 인천산업용품유통단지,PHMG120103500020047000005,3500000,"인천광역시 동구 방축로 ***, 인천산업용품유통단지 **동 ***호 (송림동)",22530,01,영업/정상,,,032-589-3055,26.6
유앤킴몰,2025-06-20,175396.102784921,445417.212479344,2026-04-22 22:39:12,I,03,폐업,2025-06-19 15:21:33,,2023-09-25,,인천광역시 부평구 갈산동 *** 동남아파트 *동 ****호,PHMG120233540021047000117,3540000,"인천광역시 부평구 갈월서로 **, *동 ****호 (갈산동, 동남아파트)",21335,03,폐업,,,,
에치와이 계양점,2025-07-04,177463.963443661,449579.67055176,2026-04-22 22:33:00,I,03,폐업,2025-06-27 13:59:16,,2022-03-30,,인천광역시 계양구 병방동 **-*,PHMG120223550020047000111,3550000,인천광역시 계양구 장제로***번길 **(병방동),21028,03,폐업,,,,
(주)굿모닝바이오,,168557.040552158,440113.599713708,2026-04-22 22:32:28,I,13,영업중,2020-10-05 13:12:59,,2013-06-14,402-011,인천광역시 미추홀구 숭의동 ***-**번지 *층,PHMG120133510021047000017,3510500,"인천광역시 미추홀구 독배로***번길 **, *층 (숭의동)",22172,01,영업/정상,,,032-886-2966,87
두아이메디칼,,176370.746408975,445038.347412109,2026-04-22 22:32:33,I,13,영업중,2022-05-26 10:25:31,,2010-02-22,,"인천광역시 부평구 삼산동 ***-* 현대아이프라자, ****호 일부(****-*호)",PHMG120103540021047000004,3540000,"인천광역시 부평구 길주로 ***, 현대아이프라자, ****호 일부(****-*호) (삼산동)",21344,01,영업/정상,,,032-506-7757,
에스바이에스,,176494.67657054,448184.394717223,2026-04-22 22:33:04,I,13,영업중,2025-12-22 17:36:51,,2019-04-02,,인천광역시 계양구 계산동 ****-* 대주프라자,PHMG120223550020047000156,3550000,"인천광역시 계양구 계양문화로**번길 **, 대주프라자 *층 ***호 (계산동)",21068,01,영업/정상,,,,9.9
위드메디칼,,172842.657539361,439426.619549968,2026-04-22 22:32:22,I,13,영업중,2013-10-07 17:44:20,,2012-03-28,402-206,인천광역시 미추홀구 주안동 ****번지 *층,PHMG120123510021047000009,3510500,"인천광역시 미추홀구 문화로***번길 ***, *층 (주안동)",22146,01,영업/정상,,,,83
GS25 학익타운점,2018-03-20,170047.137641097,437526.117321492,2026-04-22 22:32:34,I,03,폐업,2018-03-22 09:32:10,,2018-03-20,402-040,인천광역시 미추홀구 학익동 ***-*번지,PHMG120143510021047000056,3510500,인천광역시 미추홀구 한나루로 *** (학익동),22225,03,폐업,,,,
수쌤네가게,,177683.19674711,451748.03300759,2026-04-22 22:32:53,I,15,전출,2026-01-13 17:40:17,,2020-12-08,,인천광역시 계양구 귤현동 ***-** 현대렉스힐,PHMG120203550020047000056,3550000,"인천광역시 계양구 굴재길 *-*, *동 ***호 (귤현동, 현대렉스힐)",21016,05,제외/삭제/전출,,,,63.2
주식회사 안영생명건강,,170841.715693433,438068.952326429,2026-04-22 22:32:48,I,13,영업중,2021-09-23 20:32:30,,2019-11-18,,인천광역시 미추홀구 학익동 **-*,PHMG120193510513047000050,3510500,"인천광역시 미추홀구 학익소로**번길 **, *층 ***호 (학익동)",22218,01,영업/정상,,,,50
네온메디칼,2006-12-14,,,2026-04-22 22:32:07,I,03,폐업,2009-04-22 11:37:52,,2006-04-25,407-060,인천광역시 계양구 작전동 ***-*(유영엠프레스***호),PHMG120063550020047000013,3550000,,,03,폐업,,,032-551-6789,
씨유 용현금호2차점,2026-01-29,167493.283392533,438534.535957701,2026-04-22 22:33:47,I,03,폐업,2026-01-29 17:32:11,,2022-07-15,,인천광역시 미추홀구 용현동 *** 용현*단지금호타운,PHMG120223510513047000230,3510500,"인천광역시 미추홀구 매소홀로 **, 용현*단지금호타운 상가동 ***~***호 (용현동)",22192,03,폐업,,,,50
미드브로,,175244.679431842,446320.270927882,2026-04-22 22:33:07,I,13,영업중,2020-07-23 15:41:32,,2017-07-19,,인천광역시 부평구 청천동 ***번지 *호 남광센트렉스,PHMG120183540021047000060,3540000,"인천광역시 부평구 부평대로 ***, 남광센트렉스 **층 ****-*호 (청천동)",21315,01,영업/정상,,,,56.1
플러스컴퍼니,,167669.479561494,441991.641107358,2026-04-22 22:32:20,I,15,전출,2025-09-12 10:22:30,,2020-03-13,,,PHMG120203500020047000008,3500000,"인천광역시 동구 송현로 **, ***동 ****호 (송현동, 솔빛마을 주공*차아파트)",22546,05,제외/삭제/전출,,,,
엠엔엠,2016-06-22,174366.708632815,446710.389815993,2026-04-22 22:32:34,I,03,폐업,2016-06-22 17:57:20,,2010-08-12,403-031,인천광역시 부평구 청천*동 ***번지,PHMG120103540021047000034,3540000,인천광역시 부평구 안남로 *** (청천동),21314,03,폐업,,,032-519-2804,25.6
이마트24 부평산곡화랑점,,173762.096089996,443258.953493996,2026-04-22 22:39:05,I,13,영업중,2022-12-02 15:40:12,,2022-12-02,,인천광역시 부평구 산곡동 ***-** *층,PHMG120223540021047000357,3540000,"인천광역시 부평구 화랑로 **, *층 (산곡동)",21383,01,영업/정상,,,,
겟헬씨비타민,,175754.088026773,443547.360991255,2026-04-22 22:32:53,I,13,영업중,2015-02-03 15:53:03,,2015-02-03,403-794,인천광역시 부평구 부평동 ***번지 *호 다운타운일레븐****호일부,PHMG120153540021047000006,3540000,"인천광역시 부평구 대정로 ** (부평동, 다운타운일레븐****호일부)",21395,01,영업/정상,,,032-219-4919,6.6
조은메디칼,2023-12-08,175754.088026773,443547.360991255,2026-04-22 22:32:50,I,03,폐업,2023-12-08 15:51:47,,2014-11-05,403-794,인천광역시 부평구 부평동 ***번지 *호 외**필지 다운타운일레븐빌딩***호,PHMG120143540021047000085,3540000,"인천광역시 부평구 대정로 ** (부평동, 외**필지 다운타운일레븐빌딩***호)",21395,03,폐업,,,032-527-4634,328.26
하이옥시 파트너스,,176740.68,447754.36,2026-04-22 22:36:18,I,13,영업중,2024-01-30 11:07:26,,2024-01-29,,인천광역시 계양구 작전동 ***-* 유영엠프레스,PHMG120243550020047000013,3550000,"인천광역시 계양구 오조산로*번길 *-*, 유영엠프레스 *층 ***호 (작전동)",21080,01,영업/정상,,,,
디케이메디칼,,168374.029590012,441495.181609014,2026-04-22 22:32:04,I,15,전출,2017-08-01 17:21:49,,2013-07-29,401-072,인천광역시 동구 송림*동 **번지 *호,PHMG120133500020047000007,3500000,인천광역시 동구 송림로 ** (송림동),22556,05,제외/삭제/전출,,,,75.9
이마트24R주안경인로점,,172805.051245625,439704.70980178,2026-04-22 22:32:53,I,13,영업중,2021-05-07 20:31:42,,2021-05-07,,인천광역시 미추홀구 주안동 ****-* 세일빌딩,PHMG120213510513047000046,3510500,"인천광역시 미추홀구 경인로 ***, 세일빌딩 *층일부층 (주안동)",22145,01,영업/정상,,,,165
헤브즈,2026-03-01,174582.696275303,447904.370226827,2026-04-22 22:32:53,I,03,폐업,2026-03-05 10:04:56,,2021-04-26,,인천광역시 계양구 효성동 **-** 현대*차아파트,PHMG120213550020047000026,3550000,"인천광역시 계양구 길마로 **, ***동 ***호 (효성동, 현대*차아파트)",21095,03,폐업,,,,71.17
실로암메디칼,2017-12-12,176583.856897483,444909.738888042,2026-04-22 22:32:04,I,24,직권폐업,2018-01-08 17:19:09,,2000-04-28,403-103,인천광역시 부평구 부개*동 ***번지*,PHMG120003540021047000004,3540000,인천광역시 부평구 충선로 *** (부개동),21351,04,취소/말소/만료/정지/중지,,,,
지에스25 부개행운점,,176698.541114134,443910.670796524,2026-04-22 22:39:12,I,13,영업중,2024-06-03 13:14:08,,2023-10-11,,"인천광역시 부평구 부개동 ***-* 부개빌딩 *층 ***,***호",PHMG120233540021047000120,3540000,"인천광역시 부평구 동수천로 ***, 부개빌딩 *층 ***,***호 (부개동)",21398,01,영업/정상,,,,
효마당복지센터,,175497.538990692,448664.429647946,2026-04-22 22:32:39,I,13,영업중,2018-07-16 09:23:22,,2018-07-13,,인천광역시 계양구 계산동 ***번지,PHMG120153550020047000068,3550000,"인천광역시 계양구 계산천동로*번길 **, *층 (계산동)",21053,01,영업/정상,,,032-545-9988,129
장리프로젝트,2022-01-26,150731.205722726,460815.094234766,2026-04-22 22:32:08,I,03,폐업,2022-01-27 13:52:05,,2019-08-27,,인천광역시 강화군 양도면 도장리 ****번지 **호,PHMG120193570013047000006,3570000,"인천광역시 강화군 양도면 강화남로 ***, *층",23058,03,폐업,,,,30
지에스25,2025-03-20,172600.512931377,446404.2396396,2026-04-22 22:38:37,I,03,폐업,2025-03-20 10:08:14,,2022-02-15,,인천광역시 부평구 청천동 **-*** 청농그린빌 ***호,PHMG120223540021047000098,3540000,"인천광역시 부평구 세월천로 ***, ***호 (청천동, 청농그린빌)",21300,03,폐업,,,,
디엠디케이 복지센터,,172873.85274248,439748.566136493,2026-04-22 22:37:25,I,13,영업중,2023-08-02 17:35:48,,2023-08-02,,인천광역시 미추홀구 주안동 ****,PHMG120233510513047000079,3510500,"인천광역시 미추홀구 구월로**번길 **, *층 (주안동)",22145,01,영업/정상,,,,82.6
녹십초청천지사,2020-01-16,173712.7133118,445479.080578923,2026-04-22 22:33:01,I,03,폐업,2020-01-16 17:56:51,,2018-01-19,,인천광역시 부평구 산곡동 *번지 *호 *층,PHMG120183540021047000003,3540000,"인천광역시 부평구 마장로 ***, *층 (산곡동)",21309,03,폐업,,,032-508-1120,184.8
마녀유통,,171643.360682376,437978.356750553,2026-04-22 22:38:28,I,13,영업중,2024-08-26 17:23:24,,2024-08-26,,인천광역시 미추홀구 주안동 **** 태평아파트 *동 ***호,PHMG120243510513047000071,3510500,"인천광역시 미추홀구 승학길 **, *동 ***호 (주안동, 태평아파트)",22231,01,영업/정상,,,,59.86
필립,,177052.606308537,443064.41794187,2026-04-22 22:35:23,I,13,영업중,2020-03-06 13:57:26,,2020-03-04,,인천광역시 부평구 부개동 ***번지 *호 대동아파트,PHMG120203540021047000016,3540000,"인천광역시 부평구 부일로***번길 **, 대동아파트 ***동 ***호 (부개동, 대동아파트)",21402,01,영업/정상,,,,
씨유청천중앙점,,173400.808308876,446788.856926432,2026-04-22 22:38:38,I,13,영업중,2022-02-23 10:28:37,,2022-02-18,,인천광역시 부평구 청천동 ***-* 더원 스테이트 *동 ***호,PHMG120223540021047000112,3540000,"인천광역시 부평구 부평북로 **, 더원 스테이트 *동 ***호 (청천동)",21302,01,영업/정상,,,,
예스메디컬,,177365.268866165,446434.516659059,2026-04-22 22:32:58,I,13,영업중,2016-12-21 18:35:27,,2016-12-21,,인천광역시 부평구 삼산동 **번지 **호 *층,PHMG120163540021047000073,3540000,"인천광역시 부평구 영성로 **, *층 (삼산동)",21321,01,영업/정상,,,,45.49
주식회사 제이디,,175399.15314185,443310.481101599,2026-04-22 22:35:37,I,13,영업중,2020-03-31 15:41:09,,2020-03-26,,인천광역시 부평구 부평동 ***번지 **호,PHMG120203540021047000027,3540000,"인천광역시 부평구 경원대로 ****, *층 (부평동)",21389,01,영업/정상,,,,35
글로메딕스,2006-05-15,,,2026-04-22 22:32:07,I,03,폐업,2009-01-12 11:48:41,,2006-05-15,407-050,인천광역시 계양구 계산동 ****-*(태흥프라자***호),PHMG120063550020047000015,3550000,,,03,폐업,,,032-555-0627,
제일재가복지센터,2015-11-27,171349.560376397,440247.304620636,2026-04-22 22:32:29,I,03,폐업,2015-12-29 09:05:55,,2014-04-01,402-839,인천광역시 미추홀구 주안동 ***-*번지 *층 ***호,PHMG120143510021047000005,3510500,"인천광역시 미추홀구 주안로 **, *층 ***호 (주안동)",22136,03,폐업,,,,
해독&힐링휴(休),2017-06-02,176849.78261747,444598.247000807,2026-04-22 22:32:55,I,03,폐업,2017-06-02 17:30:24,,2015-09-22,,인천광역시 부평구 부개동 ***번지 *호 대현프라자 ***호일부,PHMG120153540021047000066,3540000,"인천광역시 부평구 부개로 **-** (부개동, 대현프라자 ***호일부)",21348,03,폐업,,,,76.3
더온의료기 부평지점,,175635.447370791,444030.962987295,2026-04-22 22:39:24,I,13,영업중,2025-11-03 14:48:47,,2018-12-24,,인천광역시 부평구 부평동 ***-* *층 일부호,PHMG120253540021047000076,3540000,"인천광역시 부평구 주부토로 **, *층 일부호 (부평동)",21391,01,영업/정상,,,,169.32
GS25산곡월드점,,173964.655092709,444471.953709726,2026-04-22 22:32:52,I,13,영업중,2014-12-03 16:00:28,,2014-12-03,403-020,인천광역시 부평구 산곡동 ***번지 *호 B동상가 ***호,PHMG120143540021047000134,3540000,"인천광역시 부평구 마장로***번길 ** (산곡동, B동상가 ***호)",21376,01,영업/정상,,,032-502-3846,
쿤조하우스,2025-07-25,156324.556868714,460099.561752003,2026-04-22 22:32:19,I,03,폐업,2025-07-28 18:11:11,,2019-10-28,,인천광역시 강화군 길상면 장흥리 ***-**,PHMG120223570013047000044,3570000,"인천광역시 강화군 길상면 길상로***번길 **-**, *동",23049,03,폐업,,,,27
주식회사 하피어,2025-08-28,169424.109924844,442692.722669138,2026-04-22 22:32:19,I,03,폐업,2025-08-25 16:10:32,,2020-02-21,,인천광역시 동구 송림동 ***번지 인천산업용품유통단지,PHMG120203500020047000004,3500000,"인천광역시 동구 방축로**번길 **, 인천산업용품유통단지 **동 ***호 (송림동)",22530,03,폐업,,,,26.06
GS25학익시티점,,,,2026-04-22 22:38:36,I,13,영업중,2025-05-27 11:48:39,,2025-05-27,,인천광역시 미추홀구 학익동 * 시티오씨엘 *단지 ***동 B-***호,PHMG120253510513047000029,3510500,"인천광역시 미추홀구 학익로**번길 **, ***동 B-***호 (학익동, 시티오씨엘 *단지)",22194,01,영업/정상,,,,46.51
독일디지탈보청기,,175441.266576427,447921.482342131,2026-04-22 22:32:20,I,13,영업중,2018-06-11 13:46:34,,2009-10-12,,인천광역시 계양구 작전동 ***번지 **호,PHMG120093550020047000023,3550000,"인천광역시 계양구 계양대로 ***, *층 (작전동)",21089,01,영업/정상,,,,
주안애복지용구,,171546.473690383,439226.356400149,2026-04-22 22:38:36,I,13,영업중,2025-06-27 14:55:38,,2025-06-27,,인천광역시 미추홀구 주안동 ***-* 광도흑판 ***B호,PHMG120253510513047000033,3510500,"인천광역시 미추홀구 경인로***번길 **, 광도흑판 ***B호 (주안동)",22155,01,영업/정상,,,,113.67
3제이3에이치,,175866.947450161,442736.846717241,2026-04-22 22:33:04,I,13,영업중,2018-08-13 13:10:12,,2018-08-10,,인천광역시 부평구 부평동 ***번지 *호 라일실크빌 ***동 ***호,PHMG120183540021047000050,3540000,"인천광역시 부평구 경인로***번길 **, ***동 ***호 (부평동, 라일실크빌)",21425,01,영업/정상,,,,106
웰빙의료기,2011-12-26,176248.379696192,443580.059380378,2026-04-22 22:32:37,I,03,폐업,2011-12-27 10:15:28,,2011-11-01,403-819,인천광역시 부평구 부평*동 ***번지 *호 *층,PHMG120113540021047000062,3540000,인천광역시 부평구 부평문화로 *** (부평동),,03,폐업,,,032-502-2464,
지에스25 인천용현점,,167641.016798258,439290.290176365,2026-04-22 22:32:56,I,13,영업중,2026-01-13 13:12:38,,2022-02-04,,인천광역시 미추홀구 용현동 ***-** 대삼원룸,PHMG120223510513047000021,3510500,"인천광역시 미추홀구 토금중로*번길 **, *층 (용현동, 대삼원룸)",22186,01,영업/정상,,,032-886-8655,121.6
세라젬주안나비엘갤러리,2013-10-18,172507.979320819,439705.568883993,2026-04-22 22:32:17,I,03,폐업,2013-10-18 13:21:10,,2010-12-24,402-206,인천광역시 미추홀구 주안동 ***-*번지,PHMG120103510021047000031,3510500,인천광역시 미추홀구 경원대로***번길 * (주안동),,03,폐업,,,070-4001-9084,255.16
티아라,2010-02-17,169720.94924471,437718.066554096,2026-04-22 22:32:09,I,03,폐업,2010-02-17 17:25:03,,2009-12-10,402-042,인천광역시 미추홀구 학익동 ***번지,PHMG120093510021047000025,3510500,,,03,폐업,,,,30.6
메인메디칼,,175126.717022995,446169.201205367,2026-04-22 22:33:05,I,15,전출,2019-08-14 14:55:01,,2018-08-24,,인천광역시 부평구 청천동 ***번지 부평우림라이온스밸리,PHMG120183540021047000054,3540000,"인천광역시 부평구 부평대로 ***, 부평우림라이온스밸리 A동 지하*층 B-***-**-*호 (청천동)",21315,05,제외/삭제/전출,,,,19.8
CU갈산하나점,,175396.102784921,445417.212479344,2026-04-22 22:39:07,I,13,영업중,2023-01-12 17:27:30,,2023-01-11,,"인천광역시 부평구 갈산동 *** 하나아파트 상가동 **,**호",PHMG120233540021047000010,3540000,"인천광역시 부평구 갈월서로 **, 상가동 **,**호 (갈산동, 하나아파트)",21335,01,영업/정상,,,070-4432-8077,
고은F&P,,169226.889631696,442817.65455975,2026-04-22 22:31:52,I,13,영업중,2016-07-15 08:45:26,,2002-02-01,,인천광역시 동구 송현동 ***  산업유통센타 *동 ***호,PHMG120023500020047000001,3500000,"인천광역시 동구 방축로**번길 **, *동 *층 ***호 (송현동, 산업유통센터)",22530,01,영업/정상,,,032-589-1822,
CU주안원룸점,2022-07-27,171684.520020984,439764.751109871,2026-04-22 22:32:54,I,03,폐업,2022-07-28 09:02:30,,2021-07-12,,인천광역시 미추홀구 주안동 ***-* 귀빈장모텔,PHMG120213510513047000067,3510500,"인천광역시 미추홀구 경인로***번길 **, *층 (주안동)",22140,03,폐업,,,,146.1
CU 인하대점,2016-12-28,169966.924379708,438674.198129451,2026-04-22 22:32:34,I,03,폐업,2016-12-30 08:55:53,,2014-11-05,402-820,인천광역시 미추홀구 용현동 **-**번지,PHMG120143510021047000050,3510500,인천광역시 미추홀구 인하로***번길 * (용현동),22211,03,폐업,,,,
주식회사 동행팜,2022-08-31,175606.581,448952.5655,2026-04-22 22:32:50,I,03,폐업,2022-08-31 14:22:11,,2019-09-17,,"인천광역시 계양구 계산동 ***번지 *호 나성빌딩 지하층, *층",PHMG120193550020047000043,3550000,"인천광역시 계양구 어사대로 *, 나성빌딩 지하층, *층 (계산동)",21050,03,폐업,,,,167.8
쎌앤바이텍,2022-09-22,170780.9896155,437901.632933384,2026-04-22 22:32:54,I,03,폐업,2022-09-26 09:34:01,,2021-09-13,,인천광역시 미추홀구 학익동 **-** 청솔빌딩,PHMG120213510513047000087,3510500,"인천광역시 미추홀구 학익소로 **, 청솔빌딩 *층 ***호호 (학익동)",22222,03,폐업,,,,36
세븐일레븐 숭의타운점,,168830.805052107,440105.739277352,2026-04-22 22:32:57,I,13,영업중,2022-02-09 20:55:41,,2022-02-09,,인천광역시 미추홀구 숭의동 ***-*,PHMG120223510513047000064,3510500,"인천광역시 미추홀구 경인로**번길 **, *층 (숭의동)",22169,01,영업/정상,,,,96.76
GS25 숭의삼거리점,,169208.051979048,440469.381636411,2026-04-22 22:35:04,I,13,영업중,2022-10-04 09:33:05,,2022-10-04,,인천광역시 미추홀구 숭의동 **-** 더봄,PHMG120223510513047000292,3510500,"인천광역시 미추홀구 경인로 **, 더봄 ***~***호 (숭의동)",22163,01,영업/정상,,,032-888-5872,107.64
화수분,,167646.143889177,441898.861358655,2026-04-22 22:32:28,I,13,영업중,2022-12-26 13:20:53,,2022-12-26,,인천광역시 동구 송현동 **-* 동인천역코아루시티,PHMG120223500020047000049,3500000,"인천광역시 동구 송현로 **, 동인천역코아루시티 **층 ****호 (송현동)",22549,01,영업/정상,,,,764.83
케어플러스,,175060.951113275,444938.282275599,2026-04-22 22:33:01,I,13,영업중,2023-01-16 11:55:25,,2018-02-21,,인천광역시 부평구 청천동 ***번지 **호,PHMG120183540021047000011,3540000,"인천광역시 부평구 길주로***번길 **, *층 ***호 (청천동)",21364,01,영업/정상,,,032-524-3949,30.1
씨유 인천계양계산점,,176762.370921744,448208.950873706,2026-04-22 22:32:56,I,13,영업중,2022-02-08 15:47:46,,2022-02-08,,인천광역시 계양구 계산동 ****-* 성림프라자,PHMG120223550020047000024,3550000,"인천광역시 계양구 오조산로**번길 *, 성림프라자 *층 *호 (계산동)",21069,01,영업/정상,,,,
주식회사 리바,,174012.006343785,440999.634757388,2026-04-22 22:35:29,I,15,전출,2023-01-02 09:19:54,,2014-07-22,,인천광역시 부평구 십정동 ***번지 *호 세종빌딩,PHMG120203540021047000021,3540000,"인천광역시 부평구 동암남로 **, 세종빌딩 *층 ***(***)호 (십정동)",21438,05,제외/삭제/전출,,,070-5003-0219,22.89
인천철거폐기물(주),,175545.498253051,448695.552572511,2026-04-22 22:32:55,I,13,영업중,2024-09-11 16:56:40,,2022-01-07,,인천광역시 계양구 계산동 ***-**,PHMG120223550020047000005,3550000,"인천광역시 계양구 계산시장길 **-**, *층 ***호 (계산동)",21053,01,영업/정상,,,,10
마일로 주식회사,,175932.105189782,444075.303644827,2026-04-22 22:39:24,I,13,영업중,2025-10-23 13:11:38,,2025-10-23,,인천광역시 부평구 부평동 ***-* 로얄프라자 *층 ***호,PHMG120253540021047000074,3540000,"인천광역시 부평구 부흥로 ***, 로얄프라자 *층 ***호 (부평동)",21360,01,영업/정상,,,,20.93
피터래빗,2017-03-03,176421.495995063,448278.979288692,2026-04-22 22:32:27,I,03,폐업,2017-03-03 16:54:40,,2011-07-13,407-809,인천광역시 계양구 계산*동 ****번지 *호 계양빌딩 *층,PHMG120113550020047000026,3550000,"인천광역시 계양구 장제로 *** (계산동,계양빌딩 *층)",,03,폐업,,,032-556-1005,75.21
정엔터프라이즈,,167195.913534907,442386.59775199,2026-04-22 22:31:56,I,13,영업중,2016-06-15 17:34:29,,2009-10-27,,인천광역시 동구 화수동 ***번지 *호 *층,PHMG120093500020047000008,3500000,"인천광역시 동구 화도로 **, *층 (화수동)",22517,01,영업/정상,,,,38.46
지에스25 뉴용현어울림점,,168023.722107833,438840.790647972,2026-04-22 22:36:41,I,13,영업중,2023-03-02 17:28:39,,2023-02-28,,인천광역시 미추홀구 용현동 *** 금호 어울림 *단지,PHMG120233510513047000035,3510500,"인천광역시 미추홀구 토금중로 **, 금호 어울림 *단지 ***~***호 (용현동)",22187,01,영업/정상,,,,121.72
(주)엔미디어솔루션,,176670.557328086,448161.309575535,2026-04-22 22:32:44,I,15,전출,2022-12-23 16:23:14,,2016-03-21,,인천광역시 계양구 계산동 ****번지 *호 대산월드프라자 **층 ***호,PHMG120163550020047000019,3550000,"인천광역시 계양구 계양문화로 **, 대산월드프라자 **층 ***호 (계산동)",21069,05,제외/삭제/전출,,,,6.16
아이리스,,176801.651702113,444469.420056303,2026-04-22 22:39:24,I,13,영업중,2025-10-24 10:17:54,,2025-10-24,,인천광역시 부평구 부개동 ***-* 부개주공아파트(*단지) ***동 ****호,PHMG120253540021047000075,3540000,"인천광역시 부평구 길주남로 ***, ***동 ****호 (부개동, 부개주공아파트(*단지))",21348,01,영업/정상,,,,
미추홀대리점,2015-02-12,170639.096338695,438202.366391544,2026-04-22 22:32:22,I,03,폐업,2015-02-13 13:25:12,,2012-03-19,402-042,인천광역시 미추홀구 학익동 **번지 한림법조타운 *층 ***호,PHMG120123510021047000008,3510500,인천광역시 미추홀구 학익소로 ** (학익동),,03,폐업,,,032-814-4444,49.33
(주)왓슨스코리아부평점,2017-06-01,175494.695110457,443419.780741275,2026-04-22 22:32:23,I,03,폐업,2017-06-01 15:32:43,,2008-06-09,403-821,인천광역시 부평구 부평동 ***번지** *층,PHMG120083540021047000017,3540000,"인천광역시 부평구 부평대로**번길 *, *층 (부평동)",21394,03,폐업,,,032-501-9465,
브레인-온,,176794.38,449522.7475,2026-04-22 22:32:49,I,15,전출,2019-11-13 17:31:38,,2019-07-29,,인천광역시 계양구 병방동 ***번지 *호 *층,PHMG120193550020047000038,3550000,"인천광역시 계양구 계양산로 ***-*, *층 (병방동)",21027,05,제외/삭제/전출,,,,105.8
(주)에스진컴퍼니,,,,2026-04-22 22:37:30,I,13,영업중,2024-05-21 14:11:34,,2023-08-16,,인천광역시 미추홀구 주안동 * 포레나 미추홀,PHMG120233510513047000084,3510500,"인천광역시 미추홀구 경인로 ***, ***동 ****~****호 (주안동, 포레나 미추홀)",22148,01,영업/정상,,,,45.74
피부천사,2010-07-05,,,2026-04-22 22:32:19,I,03,폐업,2010-07-05 17:16:14,,2007-01-04,403-010,인천광역시 부평구 부평동 ***번지** ***호,PHMG120073540021047000001,3540000,,,03,폐업,,,032-515-1479,
에이취 아이엠 테크(주),2019-11-26,168823.362722457,442239.066818118,2026-04-22 22:32:09,I,03,폐업,2019-11-26 15:53:55,,2017-04-19,,,PHMG120173500020047000005,3500000,"인천광역시 동구 송미로 **-*, J동 ***,***,***,***호 (송림동)",22534,03,폐업,,,032-764-5257,198
주식회사 제이디온,,176702.155991956,448102.208729334,2026-04-22 22:35:56,I,15,전출,2026-03-31 11:43:46,,2023-11-22,,인천광역시 계양구 계산동 ****-* 한빛프라자,PHMG120233550020047000089,3550000,"인천광역시 계양구 오조산로**번길 **, 한빛프라자 ***-*호 (계산동)",21069,05,제외/삭제/전출,,,,
(주)썬택,2019-05-13,148084.618327934,464665.175722572,2026-04-22 22:32:07,I,03,폐업,2019-05-13 11:39:23,,2016-01-04,,인천광역시 강화군 양도면 삼흥리 ****번지,PHMG120163570013047000001,3570000,인천광역시 강화군 양도면 강화남로***번길 **,23056,03,폐업,,,,10
이에스솔루션,,171496.759700802,439044.001071504,2026-04-22 22:36:22,I,13,영업중,2024-01-26 18:03:27,,2023-01-27,,인천광역시 미추홀구 주안동 ****-* 힐스테이트 푸르지오 주안 ***동 ***호,PHMG120233510513047000016,3510500,"인천광역시 미추홀구 남주길 ***, ***동 ***호 (주안동, 힐스테이트 푸르지오 주안)",22159,01,영업/정상,,,,51.75
(주)지에스리테일 H&B부평3호점,2018-09-17,175389.174147435,443542.60618085,2026-04-22 22:32:59,I,03,폐업,2018-09-18 11:59:04,,2017-06-02,,인천광역시 부평구 부평동 ***번지 **호 *층,PHMG120173540021047000024,3540000,"인천광역시 부평구 부평문화로 **, *층 (부평동)",21389,03,폐업,,,032-518-7534,172.04
GS25 강화도서관점,,154310.308633807,471993.601441534,2026-04-22 22:32:13,I,13,영업중,2022-02-09 14:36:12,,2022-02-09,,인천광역시 강화군 강화읍 관청리 ***-*,PHMG120223570013047000010,3570000,인천광역시 강화군 강화읍 북문길*번길 **,23032,01,영업/정상,,,,80.66
다이소 인천갈산점,,175760.308512863,446174.7243139,2026-04-22 22:39:06,I,13,영업중,2022-12-11 12:26:17,,2022-12-07,,인천광역시 부평구 갈산동 ***-** *층 일부,PHMG120223540021047000364,3540000,"인천광역시 부평구 주부토로 ***, *층 일부호 (갈산동)",21329,01,영업/정상,,,,4.73
(주)코리아세븐 용현센터점,2025-09-01,167985.31944466,439154.345564172,2026-04-22 22:38:32,I,03,폐업,2025-09-01 17:09:18,,2024-12-02,,인천광역시 미추홀구 용현동 ***-* *층,PHMG120243510513047000101,3510500,"인천광역시 미추홀구 낙섬중로 **, *층 (용현동)",22186,03,폐업,,,,
씨유계양벌말로점,2024-08-12,180368.246215749,452966.40327448,2026-04-22 22:33:54,I,03,폐업,2025-01-22 17:17:16,,2022-11-22,,인천광역시 계양구 상야동 ***-**,PHMG120223550020047000221,3550000,"인천광역시 계양구 벌말로 ***, *층 일부호 (상야동)",21009,03,폐업,,,,
센트리웰플러스,2023-12-28,175126.717022995,446169.201205367,2026-04-22 22:33:00,I,03,폐업,2023-12-28 10:46:31,,2017-09-22,,인천광역시 부평구 청천동 ***번지 A동 B***-**(*호실) 우림라이온스벨리,PHMG120173540021047000044,3540000,"인천광역시 부평구 부평대로 ***, A동 B***-**(*호실)호 (청천동, 부평우림라이온스밸리)",21315,03,폐업,,,,2.32
문가네 건강이야기,2012-06-18,173917.050710248,443583.992208138,2026-04-22 22:32:32,I,03,폐업,2012-06-19 10:11:04,,2009-11-24,403-839,인천광역시 부평구 산곡*동 ***번지 **호 *층,PHMG120093540021047000049,3540000,"인천광역시 부평구 화랑남로*번길 ** (산곡동,*층)",,03,폐업,,,032-205-5047,
지앤피코리아,,167204.002639375,442225.066881227,2026-04-22 22:31:55,I,13,영업중,2024-08-23 12:00:20,,2009-01-29,401-020,인천광역시 동구 화수동 ***번지,PHMG120093500020047000001,3500000,"인천광역시 동구 화도로 **, *층 (화수동)",22517,01,영업/정상,,,,
(주)화미화장품부평지점,2010-03-30,175706.680836002,443236.37989084,2026-04-22 22:32:28,I,03,폐업,2010-03-30 10:40:14,,2009-07-31,403-819,인천광역시 부평구 부평*동 ***번지 **호 삼미빌딩 *층,PHMG120093540021047000018,3540000,"인천광역시 부평구 경원대로 **** (부평동,삼미빌딩 *층)",,03,폐업,,,032-507-2624,
씨유 인하대점,2024-12-24,169966.924379708,438674.198129451,2026-04-22 22:33:54,I,03,폐업,2024-12-24 17:19:51,,2022-07-15,,인천광역시 미추홀구 용현동 **-** 주영주택,PHMG120223510513047000235,3510500,"인천광역시 미추홀구 인하로***번길 *, 주영주택 *층 (용현동)",22211,03,폐업,,,032-883-2187,74.68
(주)코리아세븐 인천용종점,2019-10-17,176743.164518527,448571.970253751,2026-04-22 22:32:37,I,03,폐업,2019-10-17 19:51:02,,2014-11-06,407-310,인천광역시 계양구 용종동 ***번지 *호,PHMG120143550020047000075,3550000,인천광역시 계양구 오조산로**번길 ** (용종동),21065,03,폐업,,,,132
테마쇼핑,2017-02-27,146580.381534819,457432.535132855,2026-04-22 22:32:02,I,03,폐업,2017-02-27 17:24:59,,2006-02-21,,인천광역시 화도면 장화리 ***-*,PHMG120063570013047000001,3570000,인천광역시 강화군 화도면 동녘말길 ***-*,23061,03,폐업,,,,
(주)유앤미팜,,,,2026-04-22 22:35:22,I,15,전출,2021-07-08 09:23:33,,2020-03-05,,인천광역시 부평구 부평동 ***번지 *호,PHMG120203540021047000015,3540000,"인천광역시 부평구 부평문화로***번길 **, *층 (부평동)",21399,05,제외/삭제/전출,,,032-328-6800,3.3
에스엘메드 코리아(주),,149140.197859842,474913.708057903,2026-04-22 22:32:08,I,15,전출,2024-12-10 09:49:29,,2019-08-23,,인천광역시 강화군 하점면 장정리 ***번지 *호,PHMG120193570013047000005,3570000,"인천광역시 강화군 하점면 강화대로****번길 **-*, *층",23014,05,제외/삭제/전출,,,032-933-3630,27.8
프라임,,175422.560834757,442810.444071072,2026-04-22 22:35:28,I,13,영업중,2020-03-24 09:24:58,,2020-03-20,,인천광역시 부평구 부평동 ***번지 *호 미진씨밀레,PHMG120203540021047000020,3540000,"인천광역시 부평구 경인로 ***, 미진씨밀레 ***(일부)호 (부평동)",21424,01,영업/정상,,,,
(주)코리아세븐 계양벌말로점,2025-12-15,180440.36658937,452994.666753015,2026-04-22 22:32:54,I,03,폐업,2025-12-15 13:29:30,,2021-05-10,,인천광역시 계양구 상야동 **-*,PHMG120213550020047000036,3550000,인천광역시 계양구 벌말로 *** (상야동),21009,03,폐업,,,,102.3
두리청각재활센터,,174925.899677034,447656.473026628,2026-04-22 22:37:42,I,13,영업중,2025-03-27 17:02:24,,2025-03-27,,인천광역시 계양구 효성동 ***-*,PHMG120253550020047000015,3550000,"인천광역시 계양구 봉오대로 ***, *층 일부호 (효성동)",21096,01,영업/정상,,,,
GS25계양장제로점,2017-08-08,177472.881643773,450440.422887565,2026-04-22 22:32:38,I,03,폐업,2017-08-08 17:40:38,,2015-02-13,407-330,인천광역시 계양구 박촌동 ***번지 **호,PHMG120153550020047000008,3550000,인천광역시 계양구 장제로 **** (박촌동),21022,03,폐업,,,,49.5
세븐일레븐계양한라점,2019-10-17,175887.336959314,448937.760755401,2026-04-22 22:32:36,I,03,폐업,2019-10-17 20:51:07,,2014-11-06,407-051,인천광역시 계양구 계산동 ***번지 *호,PHMG120143550020047000066,3550000,인천광역시 계양구 주부토로 *** (계산동),21050,03,폐업,,,,92.4
블루팝콘,,176264.733506672,444932.185202998,2026-04-22 22:39:08,I,13,영업중,2024-09-02 11:18:39,,2022-03-29,,인천광역시 부평구 부개동 *** 욱일아파트 가동 ***호,PHMG120233540021047000030,3540000,"인천광역시 부평구 장제로 ***, 가동 ***호 (부개동, 욱일아파트)",21351,01,영업/정상,,,,
힐링해독센터,2018-09-17,171853.646682522,438864.232852026,2026-04-22 22:32:38,I,03,폐업,2018-09-18 16:35:26,,2016-03-23,,인천광역시 미추홀구 주안동 ****번지 *호,PHMG120163510021047000017,3510500,인천광역시 미추홀구 인주대로 ***-* (주안동),22151,03,폐업,,,,
이레상사,2016-07-08,172033.709215932,441000.600552552,2026-04-22 22:32:14,I,03,폐업,2016-07-08 17:09:09,,2010-09-06,402-205,인천광역시 미추홀구 주안동 **-*번지 주안시범단지 ***-*호,PHMG120103510021047000019,3510500,"인천광역시 미추홀구 주염로 ** (주안동,주안시범단지 ***-*호)",,03,폐업,,,032-548-6944,165
미건의료기,2009-07-17,,,2026-04-22 22:32:14,I,03,폐업,2009-07-18 13:56:44,,2008-03-27,407-050,인천광역시 계양구 계산동 ***-*(*F),PHMG120083550020047000007,3550000,,,03,폐업,,,032-504-9111,
비전메디칼,2016-02-02,176694.119479296,449254.861161551,2026-04-22 22:32:43,I,03,폐업,2016-02-03 15:12:06,,2016-01-18,,인천광역시 계양구 임학동 **번지 *층  ****호,PHMG120163550020047000006,3550000,"인천광역시 계양구 임학동로 **, *층 ****호 (임학동, 훼밀리코아)",21034,03,폐업,,,,10
비오케이,,176436.78522653,445155.893766162,2026-04-22 22:32:37,I,13,영업중,2013-07-15 13:05:23,,2011-11-24,403-866,인천광역시 부평구 삼산*동 ***번지 *호 청호빌딩***호,PHMG120113540021047000064,3540000,"인천광역시 부평구 체육관로 **, ***호 (삼산동, 청호빌딩)",21344,01,영업/정상,,,,
로뎀메디칼상사,2010-03-24,,,2026-04-22 22:32:04,I,24,직권폐업,2010-04-12 17:10:11,,2005-01-07,,인천 미추홀구 주안*동 ***-*  ***호,PHMG120053510021047000001,3510500,,,04,취소/말소/만료/정지/중지,,,032-438-0647,
씨유 귤현중앙점,2025-02-26,177493.558894028,451698.8364793,2026-04-22 22:32:56,I,03,폐업,2025-02-26 17:37:29,,2022-02-07,,인천광역시 계양구 귤현동 ***-* 호성빌딩,PHMG120223550020047000019,3550000,"인천광역시 계양구 양지로 ***, 호성빌딩 ***,***호 (귤현동)",21016,03,폐업,,,,
아이현쇼핑,2026-03-23,178037.148937995,442464.692824916,2026-04-22 22:35:06,I,03,폐업,2026-03-23 17:05:10,,2020-01-10,,인천광역시 부평구 구산동 *번지 *호,PHMG120203540021047000002,3540000,"인천광역시 부평구 경인로 ****, C동 *층 (구산동)",21416,03,폐업,,,,40
올베이,,175754.088026773,443547.360991255,2026-04-22 22:33:00,I,13,영업중,2017-09-27 09:24:10,,2017-09-25,,"인천광역시 부평구 부평동 ***번지 *호 다운타운일레븐, CAFE**창업센터(**호, *번)",PHMG120173540021047000045,3540000,"인천광역시 부평구 대정로 **, **층 **(*번)호 (부평동, 다운타운일레븐)",21395,01,영업/정상,,,,2.64
다케어(DaCare),,176663.206500677,444766.537503812,2026-04-22 22:39:11,I,15,전출,2023-09-18 09:53:09,,2023-09-05,,인천광역시 부평구 부개동 **-*** *층,PHMG120233540021047000103,3540000,"인천광역시 부평구 충선로 ***-*, *층 (부개동)",21345,05,제외/삭제/전출,,,,52.8
(주)가인메디컬,2018-04-30,169226.889631696,442817.65455975,2026-04-22 22:32:08,I,03,폐업,2018-05-02 17:46:10,,2016-02-18,,,PHMG120163500020047000002,3500000,"인천광역시 동구 방축로**번길 **, *동 ***호 (송현동, 인천산업용품유통단지)",22530,03,폐업,,,032-583-5586,26.06
세븐일레븐 수봉공원점,,170190.416415681,440399.448963004,2026-04-22 22:32:55,I,13,영업중,2022-01-18 09:39:57,,2022-01-17,,인천광역시 미추홀구 도화동 ***-**,PHMG120223510513047000006,3510500,"인천광역시 미추홀구 경인로 ***, *층 (도화동)",22165,01,영업/정상,,,,109.09
태평상사,2022-08-18,176759.9,448182.77,2026-04-22 22:33:01,I,03,폐업,2022-08-22 08:41:23,,2022-05-02,,인천광역시 계양구 계산동 ****-* 미래사랑빌딩,PHMG120223550020047000128,3550000,"인천광역시 계양구 오조산로**번길 *-*, 미래사랑빌딩 ***-*호 (계산동)",21069,03,폐업,,,,
세븐일레븐 인천효성신진점,,174609.085998881,447319.60609102,2026-04-22 22:32:55,I,13,영업중,2021-05-27 13:49:18,,2021-05-27,,인천광역시 계양구 효성동 ***-**,PHMG120213550020047000064,3550000,"인천광역시 계양구 효서로 ***, ***호 (효성동)",21112,01,영업/정상,,,,37.29
해천이엔씨(주),,168844.315486196,443277.700176035,2026-04-22 22:32:33,I,13,영업중,2024-07-01 11:23:23,,2024-06-28,,인천광역시 동구 송현동 ***-** 해천이엔씨(주),PHMG120243500020047000005,3500000,"인천광역시 동구 방축로*번길 **-**, 해천이엔씨(주) (송현동)",22527,01,영업/정상,,,,
누가의료기,2016-09-08,171293.454725761,438436.436033421,2026-04-22 22:32:09,I,03,폐업,2016-09-08 17:15:49,,2009-07-07,402-208,인천광역시 미추홀구 주안동 ****-**번지 신기메디칼빌딩 ***호,PHMG120093510021047000014,3510500,"인천광역시 미추홀구 신기길**번길 *-* (주안동,신기메디칼빌딩 ***호)",,03,폐업,,,,144.34
세븐일레븐 인천의료원점,2019-12-13,170618.216753839,441878.52453042,2026-04-22 22:32:09,I,03,폐업,2019-12-13 15:31:57,,2018-05-18,,인천광역시 동구 송림동 ***번지 *호 인천광역시의료원,PHMG120183500020047000006,3500000,"인천광역시 동구 방축로 ***, 인천광역시의료원 *층 (송림동)",22532,03,폐업,,,,
(주)코리아세븐주안행복점,,171530.208670534,439915.067869041,2026-04-22 22:38:17,I,13,영업중,2024-03-14 10:52:31,,2024-03-14,,인천광역시 미추홀구 주안동 ***-* *층,PHMG120243510513047000025,3510500,"인천광역시 미추홀구 석바위로**번길 *, *층 (주안동)",22136,01,영업/정상,,,,
세광바이오테크,2008-07-24,,,2026-04-22 22:31:59,I,03,폐업,2009-04-22 11:05:44,,2000-11-20,407-040,인천광역시 계양구 효성동 ***-*,PHMG120003550020047000005,3550000,,,03,폐업,,,032-547-1936,
셀러베어,2020-04-17,175126.717022995,446169.201205367,2026-04-22 22:33:02,I,03,폐업,2020-04-17 15:40:39,,2018-03-23,,"인천광역시 부평구 청천동 ***번지 B***-*(*호실), 우림라이온스밸리",PHMG120183540021047000021,3540000,"인천광역시 부평구 부평대로 ***, 부평우림라이온스밸리 A동 B***-*(*호실)호 (청천동)",21315,03,폐업,,,,7
희망메디칼,,169333.884360884,439556.267477253,2026-04-22 22:32:06,I,13,영업중,2020-10-05 11:03:39,,2007-03-16,,인천광역시 미추홀구 용현동 ***-**번지,PHMG120073510021047000007,3510500,인천광역시 미추홀구 독정이로**번길 * (용현동),22179,01,영업/정상,,,032-882-3468,
주식회사캐스팅엔,,175754.088026773,443547.360991255,2026-04-22 22:38:24,I,13,영업중,2025-04-29 11:10:31,,2021-10-15,,"인천광역시 부평구 부평동 ***-* 다운타운일레븐, ***호 일부(**호)",PHMG120213540021047000128,3540000,"인천광역시 부평구 대정로 **, 다운타운일레븐 ***호 일부(**호)호 (부평동)",21395,01,영업/정상,,,02-6925-4932,
이마트24인천정비단지점,,167612.410195284,437746.00839226,2026-04-22 22:33:00,I,13,영업중,2022-02-18 11:26:39,,2022-02-16,,인천광역시 미추홀구 학익동 ***-*** (주)클레슨,PHMG120223510513047000125,3510500,"인천광역시 미추홀구 아암대로***번길 **-*, (주)클레슨 *층 (학익동)",22196,01,영업/정상,,,,80.48
지에스25인하해성점,,169740.354319661,438838.082096669,2026-04-22 22:34:26,I,13,영업중,2022-08-10 10:45:38,,2022-08-10,,인천광역시 미추홀구 용현동 ***-**,PHMG120223510513047000261,3510500,"인천광역시 미추홀구 경인남길**번길 **, *층 (용현동)",22207,01,영업/정상,,,,32.39
독일보청기,,171639.582162043,439947.418490958,2026-04-22 22:32:52,I,13,영업중,2021-02-23 09:27:48,,2021-02-22,,인천광역시 미추홀구 주안동 *** 주안로 지하상가,PHMG120213510513047000009,3510500,"인천광역시 미추홀구 경인로 지하 ***, 주안시민지하도상가 C동 **호 (주안동)",22139,01,영업/정상,,,,8.1
워싱턴,2023-01-27,167573.188128737,438908.297028226,2026-04-22 22:34:58,I,03,폐업,2023-01-30 14:52:02,,2022-09-15,,인천광역시 미추홀구 용현동 ***-** 정우아파텔,PHMG120223510513047000287,3510500,"인천광역시 미추홀구 아암대로***번길 **, 정우아파텔 ***호 (용현동)",22190,03,폐업,,,,84.4
작전홈플러스 해피랜드,2018-12-07,175291.982296046,447141.041163927,2026-04-22 22:32:46,I,03,폐업,2018-12-10 09:21:39,,2018-02-06,,인천광역시 계양구 작전동 ***번지 *호 HOME PLUS 작전점,PHMG120183550020047000006,3550000,"인천광역시 계양구 계양대로 **, HOME PLUS 작전점 *층 (작전동)",21111,03,폐업,,,,34.39
더마젠,,174287.391541164,441806.986728543,2026-04-22 22:32:58,I,15,전출,2021-02-08 09:28:00,,2016-12-15,,인천광역시 부평구 십정동 ***번지 **호 *층,PHMG120163540021047000080,3540000,"인천광역시 부평구 경인로 ***, *층 (십정동)",21435,05,제외/삭제/전출,,,070-8717-0025,118.52
헬시다움,,169890.91483087,440775.975490242,2026-04-22 22:38:21,I,13,영업중,2024-05-03 09:33:11,,2024-05-02,,인천광역시 미추홀구 도화동 **** 행정타운및JST,PHMG120243510513047000038,3510500,"인천광역시 미추홀구 석정로 ***, 행정타운및JST *층 (도화동)",22101,01,영업/정상,,,,668.65
종근당건강의료기,2008-05-26,,,2026-04-22 22:32:09,I,03,폐업,2009-04-22 11:06:35,,2007-08-02,407-320,인천광역시 계양구 병방동 ***(*F),PHMG120073550020047000019,3550000,,,03,폐업,,,032-546-1515,
원메디컬,2019-10-21,172376.100869998,439833.565961559,2026-04-22 22:32:04,I,24,직권폐업,2019-11-21 19:39:41,,2005-02-15,,인천광역시 미추홀구 주안동 ***번지 *호,PHMG120053510021047000002,3510500,인천광역시 미추홀구 주안동로**번길 ** (주안동),22134,04,취소/말소/만료/정지/중지,,,,
GS25부평안다미로,,175360.222866641,442777.869527518,2026-04-22 22:32:52,I,13,영업중,2024-05-24 15:26:41,,2014-12-09,403-828,인천광역시 부평구 부평동 ***번지 *층,PHMG120143540021047000138,3540000,"인천광역시 부평구 경인로 *** (부평동, *층)",21424,01,영업/정상,,,032-506-0107,
히어링케어보청기센터,,176320.411870751,445163.557119418,2026-04-22 22:38:08,I,13,영업중,2021-06-08 16:21:49,,2021-06-04,,"인천광역시 부평구 삼산동 ***-* 삼산지구 복합시설, ***호 일부",PHMG120213540021047000092,3540000,"인천광역시 부평구 체육관로 **, 삼산지구 복합시설 ***호 일부호 (삼산동)",21344,01,영업/정상,,,,130.91
타파웨어 쿠킹스튜디오 계산점,,175626.129229257,448743.471063049,2026-04-22 22:32:52,I,13,영업중,2020-06-22 18:45:51,,2020-06-19,,인천광역시 계양구 계산동 ***번지 *호,PHMG120203550020047000037,3550000,"인천광역시 계양구 주부토로***번길 **, *층 (계산동)",21052,01,영업/정상,,,,65.64
(주)양우디에스 다이소 인천용현5동점,,167670.93885444,438885.216659183,2026-04-22 22:32:37,I,13,영업중,2023-10-12 16:12:59,,2015-07-14,,인천광역시 미추홀구 용현동 ***-**,PHMG120153510021047000040,3510500,"인천광역시 미추홀구 토금남로 **, *~*층 (용현동)",22190,01,영업/정상,,,032-891-6016,
엔조이체인징,,176073.434991256,447410.774096434,2026-04-22 22:35:01,I,13,영업중,2023-05-24 16:34:20,,2023-05-24,,인천광역시 계양구 작전동 ***-* 보광맨션,PHMG120233550020047000043,3550000,"인천광역시 계양구 효서로***번길 *, A동 ***호 (작전동, 보광맨션)",21117,01,영업/정상,,,,
펄스젬(계양점),2013-11-04,176743.164518527,448571.970253751,2026-04-22 22:32:33,I,03,폐업,2013-11-05 09:03:37,,2012-11-08,407-054,인천광역시 계양구 계산*동 ***번지 *호   ***호,PHMG120123550020047000029,3550000,,,03,폐업,,,,95.76
내이브로츄러스&옛날통닭닭강정,,177706.407828863,451662.857771956,2026-04-22 22:34:08,I,13,영업중,2023-01-03 09:05:21,,2023-01-02,,인천광역시 계양구 귤현동 ***-* 세계빌딩,PHMG120233550020047000001,3550000,"인천광역시 계양구 양지로 ***, 세계빌딩 *층 일부호 (귤현동)",21016,01,영업/정상,,,,
CU 계양 미림점,2016-12-30,175298.757661494,448031.288364087,2026-04-22 22:32:44,I,03,폐업,2017-01-01 17:16:24,,2016-03-03,,인천광역시 계양구 작전동 ***번지 *호,PHMG120163550020047000018,3550000,"인천광역시 계양구 계양대로***번길 **, *.*호 (작전동)",21047,03,폐업,,,,66.3
디디인터내셔널,,173203.244129782,441511.67815385,2026-04-22 22:39:08,I,13,영업중,2023-02-18 11:53:39,,2023-01-26,,인천광역시 부평구 십정동 ***-* 더샵부평센트럴시티 ***동 ****호,PHMG120233540021047000034,3540000,"인천광역시 부평구 열우물로 **, ***동 ****호 (십정동, 더샵부평센트럴시티)",21443,01,영업/정상,,,,
대흥메디텍,2010-06-21,,,2026-04-22 22:32:08,I,03,폐업,2010-06-22 09:32:39,,2007-02-21,407-050,인천광역시 계양구 계산동 ****-*(*F),PHMG120073550020047000005,3550000,,,03,폐업,,,032-547-0738,
자연이준 숯 이야기,2018-10-23,175717.453799657,449019.817938523,2026-04-22 22:32:45,I,03,폐업,2018-10-24 08:53:22,,2016-06-23,,인천광역시 계양구 계산동 ***번지 *호 삼환*빌딩 ***호,PHMG120163550020047000084,3550000,"인천광역시 계양구 경명대로 ****, ***호 (계산동, 삼환*빌딩)",21050,03,폐업,,,,132.2
오피스넥스부평점,,175126.717022995,446169.201205367,2026-04-22 22:38:18,I,13,영업중,2021-08-12 11:22:03,,2021-08-03,,인천광역시 부평구 청천동 *** 부평우림라이온스밸리 B동 ***호,PHMG120213540021047000114,3540000,"인천광역시 부평구 부평대로 ***, 부평우림라이온스밸리 B동 ***호 (청천동)",21315,01,영업/정상,,,032-623-7676,
뉴톤보청기 남부지사,,172813.670461729,440242.609558639,2026-04-22 22:32:44,I,15,전출,2020-08-26 16:13:10,,2016-10-28,,인천광역시 미추홀구 주안동 ***-*번지 *층,PHMG120163510021047000075,3510500,"인천광역시 미추홀구 주안로***번길 **-**, *층 (주안동)",22142,05,제외/삭제/전출,,,032-862-6344,124.64
세븐일레븐부평부흥제일점,2022-08-26,176377.812345984,443979.256944853,2026-04-22 22:38:36,I,03,폐업,2022-08-26 11:25:33,,2022-02-09,,인천광역시 부평구 부평동 ***-** *층,PHMG120223540021047000071,3540000,"인천광역시 부평구 부흥로 ***, *층 (부평동)",21397,03,폐업,,,,
부명의료기,,172830.402221385,441060.036882056,2026-04-22 22:32:09,I,13,영업중,2016-01-21 17:38:07,,2004-04-08,,인천광역시 부평구 십정동 ***번지 *호 *층,PHMG120043540021047000011,3540000,"인천광역시 부평구 백범로 ***, *층 (십정동)",21455,01,영업/정상,,,070-8838-6533,48.93
샤인덴탈인천북부점,,175126.717022995,446169.201205367,2026-04-22 22:38:28,I,13,영업중,2022-01-11 15:21:19,,2022-01-10,,"인천광역시 부평구 청천동 *** 부평우림라이온스밸리, A동 B***-*호 일부(**호)",PHMG120223540021047000003,3540000,"인천광역시 부평구 부평대로 ***, 부평우림라이온스밸리 A동 B***-*호 일부(**호)호 (청천동)",21315,01,영업/정상,,,,7.16
(주)한국심리훈련연구소,,176403.606129616,445115.936486454,2026-04-22 22:33:04,I,13,영업중,2018-06-26 11:12:04,,2017-03-03,,인천광역시 부평구 삼산동 ***번지 *호 주영이레타운 ***-*호,PHMG120183540021047000039,3540000,"인천광역시 부평구 충선로***번길 **, 주영이레타운 ***-*호 (삼산동)",21344,01,영업/정상,,,1577-9219,23.2
주식회사비티컴퍼니,,174058.013674101,442533.992735535,2026-04-22 22:32:56,I,13,영업중,2016-05-19 11:49:52,,2016-05-17,,인천광역시 부평구 십정동 ***번지 **호,PHMG120163540021047000027,3540000,"인천광역시 부평구 이규보로 ***, *층 (십정동)",21440,01,영업/정상,,,,19.07
세븐일레븐 계양구청점,,176702.300644972,448531.8190619,2026-04-22 22:32:54,I,13,영업중,2024-02-20 14:49:14,,2021-05-10,,인천광역시 계양구 용종동 ***-* 새롬프라자,PHMG120213550020047000051,3550000,"인천광역시 계양구 계양문화로 **, 새롬프라자 (용종동)",21065,01,영업/정상,,,,49.5
CU부평마이빌,2016-12-30,175389.252420569,444285.341324149,2026-04-22 22:32:51,I,03,폐업,2017-01-02 15:45:19,,2014-11-06,403-826,인천광역시 부평구 부평동 ***번지 **호,PHMG120143540021047000093,3540000,"인천광역시 부평구 부평대로 *** (부평동, 부평대우마이빌 ***호)",21359,03,폐업,,,032-330-9541,
세라젬 웰카페 H 인천강화점,2024-09-30,154702.254171097,471729.550823544,2026-04-22 22:32:20,I,03,폐업,2024-10-01 11:50:31,,2022-12-07,,인천광역시 강화군 강화읍 관청리 ****-**,PHMG120223570013047000058,3570000,인천광역시 강화군 강화읍 강화대로 ***-*,23031,03,폐업,,,,
바이온텍 인천점,,175279.840988212,447299.822484118,2026-04-22 22:33:02,I,13,영업중,2022-06-03 11:40:54,,2022-06-02,,인천광역시 계양구 작전동 ***-* 현대백화점,PHMG120223550020047000140,3550000,"인천광역시 계양구 효서로 ***, 현대백화점 *층 **호 (작전동)",21111,01,영업/정상,,,,6.69
CU 용현원룸점,2016-09-22,170147.918503021,438832.364377708,2026-04-22 22:32:35,I,03,폐업,2016-09-22 11:21:01,,2014-11-14,402-818,인천광역시 미추홀구 용현동 **-**번지,PHMG120143510021047000084,3510500,인천광역시 미추홀구 인하로***번길 ** (용현동),22208,03,폐업,,,,
전부,2024-01-30,169506.665637795,440322.924226392,2026-04-22 22:32:47,I,03,폐업,2024-01-30 11:56:19,,2019-01-28,,인천광역시 미추홀구 숭의동 **번지 *호,PHMG120193510513047000007,3510500,"인천광역시 미추홀구 수봉로 **, *일부층 (숭의동)",22163,03,폐업,,,,54
오마이몰,2013-11-05,176549.307769994,449040.899217794,2026-04-22 22:32:33,I,03,폐업,2013-11-05 15:28:17,,2013-01-07,407-814,인천광역시 계양구 임학동 **번지 *호 두현트리움 ****호,PHMG120133550020047000001,3550000,"인천광역시 계양구 경명대로 ****, ****호 (임학동, 두현트리움)",,03,폐업,,,02-2642-1060,28.98
엠디에스(MDS),,176676.063656676,448221.382397489,2026-04-22 22:36:05,I,13,영업중,2024-01-15 15:52:15,,2024-01-15,,,PHMG120243550020047000001,3550000,"인천광역시 계양구 오조산로**번길 **, 명동빌딩 *층 ***호 (계산동)",21069,01,영업/정상,,,,9
수메디컬,,176666.124685741,448105.30740578,2026-04-22 22:32:53,I,13,영업중,2021-02-04 13:48:17,,2021-02-04,,인천광역시 계양구 계산동 ****-**,PHMG120213550020047000013,3550000,"인천광역시 계양구 계양문화로 **, ***-**호 (계산동)",21069,01,영업/정상,,,,9.9
씨유동암역남부점,,173758.385687941,440994.80292855,2026-04-22 22:39:03,I,13,영업중,2022-09-16 15:44:33,,2022-09-16,,인천광역시 부평구 십정동 ***-* *층 일부,PHMG120223540021047000315,3540000,"인천광역시 부평구 동암남로 *, *층 일부호 (십정동)",21439,01,영업/정상,,,,
롯데씨브이에스711(주) 주안행복점,2024-03-13,171501.390700466,439918.943308452,2026-04-22 22:33:15,I,03,폐업,2024-03-13 17:25:37,,2022-06-02,,인천광역시 미추홀구 주안동 ***-*,PHMG120223510513047000207,3510500,"인천광역시 미추홀구 석바위로**번길 *, *층 (주안동)",22136,03,폐업,,,,165
아이스헌터용현15호점,,167493.283392533,438534.535957701,2026-04-22 22:37:43,I,13,영업중,2023-09-15 10:54:36,,2023-09-15,,인천광역시 미추홀구 용현동 *** 용현*단지금호타운,PHMG120233510513047000098,3510500,"인천광역시 미추홀구 매소홀로 **, 상가동 ***~***호 (용현동, 용현*단지금호타운)",22192,01,영업/정상,,,,15
참좋은보청기,,174211.874816716,441555.310558104,2026-04-22 22:33:01,I,15,전출,2018-03-16 18:04:28,,2018-02-20,,인천광역시 부평구 십정동 ***번지 *호 ***호,PHMG120183540021047000010,3540000,"인천광역시 부평구 경인로 ***, ***호 (십정동)",21436,05,제외/삭제/전출,,,032-511-0213,59.64
토마스101,2026-02-23,171528.816766846,439947.686615258,2026-04-22 22:32:59,I,03,폐업,2026-02-24 13:39:16,,2022-02-16,,인천광역시 미추홀구 주안동 ***-* 토마스빌딩,PHMG120223510513047000114,3510500,"인천광역시 미추홀구 석바위로**번길 *, 토마스빌딩 ***호 (주안동)",22136,03,폐업,,,,99.1
힐링케어,2014-11-13,177127.298339075,449603.6150622,2026-04-22 22:32:34,I,03,폐업,2014-11-14 09:39:07,,2014-02-21,407-320,인천광역시 계양구 병방동 ***번지 **호 지층*호,PHMG120143550020047000005,3550000,"인천광역시 계양구 장제로***번길 *, 지층 *호 (병방동)",,03,폐업,,,,121.92
365플러스 계양이화점,,176588.839301064,453161.323318069,2026-04-22 22:32:39,I,13,영업중,2015-10-13 10:11:49,,2015-10-12,,인천광역시 계양구 이화동 ***번지 *호 ***호,PHMG120153550020047000059,3550000,"인천광역시 계양구 황어로 ***, ***호 (이화동, 이화신동아파밀리에)",21004,01,영업/정상,,,,42.9
에치케이헬스케어,,177418.801792684,442459.187197103,2026-04-22 22:36:35,I,13,영업중,2020-12-08 16:18:04,,2020-09-02,,인천광역시 부평구 일신동 ***-** *층,PHMG120203540021047000081,3540000,"인천광역시 부평구 일신로 **, *층 (일신동)",21419,01,영업/정상,,,,84.03
의료기 백화점 (유한메디케어),2012-10-30,176445.615200023,447763.871895495,2026-04-22 22:32:05,I,03,폐업,2012-10-30 17:37:34,,2012-10-30,407-825,인천광역시 계양구 작전서운동 ***번지 *호   ***호,PHMG120053550020047000010,3550000,인천광역시 계양구 장제로 *** (작전동),,03,폐업,,,032-548-1302,
(주)성창사이언스,,169424.109924844,442692.722669138,2026-04-22 22:32:04,I,15,전출,2016-06-21 19:49:42,,2014-02-04,,,PHMG120143500020047000002,3500000,"인천광역시 동구 방축로**번길 **, **동 *층 ***호 (송림동, 인천산업용품유통센터)",22530,05,제외/삭제/전출,,,,
헬로헬스,2020-12-09,175754.088026773,443547.360991255,2026-04-22 22:32:52,I,03,폐업,2020-12-09 15:43:57,,2020-12-09,403-010,인천광역시 부평구 부평동 ***번지 *호 다운타운일레븐 ****호일부,PHMG120143540021047000128,3540000,"인천광역시 부평구 대정로 ** (부평동, 다운타운일레븐 ****호일부)",21395,03,폐업,,,070-4820-5415,6.6
씨유부평골목길점,2016-12-30,175363.237386239,443430.900222959,2026-04-22 22:32:52,I,03,폐업,2017-01-02 09:14:40,,2014-11-21,,인천광역시 부평구 부평동 ***번지 **호,PHMG120143540021047000125,3540000,인천광역시 부평구 경원대로****번길 ** (부평동),21389,03,폐업,,,,
뷰젬생명공학,2014-03-21,171367.256165432,438525.553357274,2026-04-22 22:32:18,I,03,폐업,2014-03-21 15:39:50,,2014-03-21,402-207,인천광역시 미추홀구 주안동 ****-*번지,PHMG120113510021047000005,3510500,인천광역시 미추홀구 인하로 *** (주안동),,03,폐업,,,032-876-0030,134
씨유십정향기점,2016-12-30,173112.834608467,441388.105754359,2026-04-22 22:32:56,I,03,폐업,2017-01-02 09:06:42,,2016-06-20,,인천광역시 부평구 십정동 ***번지 *층일부,PHMG120163540021047000033,3540000,"인천광역시 부평구 배곶북로 **-** (십정동, *층일부)",21451,03,폐업,,,,
하이케어,,170686.991755472,438178.428256555,2026-04-22 22:32:09,I,13,영업중,2025-08-06 13:24:05,,2009-09-30,,인천광역시 미추홀구 학익동 **-* *층,PHMG120093510021047000018,3510500,"인천광역시 미추홀구 학익소로**번길 *, *층 (학익동)",22218,01,영업/정상,,,032-875-8866,115
덴탈트리,2018-03-26,176785.368523779,448494.574806493,2026-04-22 22:32:38,I,03,폐업,2018-03-26 14:16:06,,2015-04-22,407-310,인천광역시 계양구 용종동 ***번지 *호 레드몰*차 ***호,PHMG120153550020047000026,3550000,"인천광역시 계양구 계산새로**번길 *, ***호 (용종동, 레드몰*차)",21065,03,폐업,,,,76.45
샤인덴탈부천점,,174288.019324482,446542.776749366,2026-04-22 22:32:57,I,13,영업중,2021-03-30 15:07:51,,2020-01-13,,인천광역시 부평구 청천동 ***-** ***호,PHMG120163540021047000055,3540000,"인천광역시 부평구 안남로 ***, ***호 (청천동)",21310,01,영업/정상,,,,20.26
세븐일레븐 인천승기점,,172590.626186805,438711.825187594,2026-04-22 22:32:58,I,13,영업중,2022-02-14 19:42:06,,2022-02-14,,인천광역시 미추홀구 주안동 ****-* 삼우연립,PHMG120223510513047000098,3510500,"인천광역시 미추홀구 경원대로***번길 **, 삼우연립 ***호 (주안동)",22239,01,영업/정상,,,,11.55
(주)햇님,2021-11-30,153642.894056062,467489.391050073,2026-04-22 22:32:05,I,03,폐업,2021-12-01 19:34:16,,2013-09-13,417-824,인천광역시 강화군 선원면 냉정리 ***번지 *호,PHMG120133570013047000003,3570000,인천광역시 강화군 선원면 철종외가길**번길 **,23044,03,폐업,,,032-933-2936,44.44
건강사랑몰,,179759.648994439,452998.702652603,2026-04-22 22:32:47,I,13,영업중,2019-06-13 09:00:15,,2019-06-12,,인천광역시 계양구 상야동 ***번지 *호,PHMG120183550020047000024,3550000,인천광역시 계양구 벌말로***번길 ** (상야동),21008,01,영업/정상,,,032-543-3094,264
홈스리치,,173737.083522871,444989.638205687,2026-04-22 22:39:13,I,13,영업중,2024-01-24 15:32:19,,2024-01-24,,"인천광역시 부평구 산곡동 ***-** 한화프라자 *층 ***,***(L**)호",PHMG120243540021047000011,3540000,"인천광역시 부평구 마장로 ***, 한화프라자 *층 ***,***(L**)호 (산곡동)",21362,01,영업/정상,,,,
씨유 6공단1호점,,170550.092590962,441116.208085962,2026-04-22 22:33:05,I,13,영업중,2022-04-26 15:00:21,,2022-04-25,,인천광역시 미추홀구 도화동 **-*,PHMG120223510513047000185,3510500,"인천광역시 미추홀구 장고개로 **, *층 (도화동)",22117,01,영업/정상,,,,85
에스에이치메디온,,173281.294347422,440826.517324172,2026-04-22 22:39:13,I,13,영업중,2023-12-22 18:01:44,,2021-01-29,,인천광역시 부평구 십정동 *** 종근당빌딩 *층 일부(A*)호,PHMG120233540021047000142,3540000,"인천광역시 부평구 백범로 ***, 종근당빌딩 *층 일부(A*)호 (십정동)",21453,01,영업/정상,,,,4
지에스25 삼산두산2단지점,,176707.124335974,445929.28955778,2026-04-22 22:38:59,I,13,영업중,2022-08-29 17:22:33,,2022-08-26,,인천광역시 부평구 삼산동 ***-* 삼산타운 상가동***호,PHMG120223540021047000290,3540000,"인천광역시 부평구 수변로 ***, 상가동 ***호 (삼산동, 삼산타운)",21324,01,영업/정상,,,,
CH메디케어,,168710.423414293,439826.602521271,2026-04-22 22:32:28,I,13,영업중,2020-10-05 13:13:32,,2013-07-04,402-012,인천광역시 미추홀구 숭의동 ***-*번지,PHMG120133510021047000019,3510500,인천광역시 미추홀구 독배로 *** (숭의동),22173,01,영업/정상,,,032-870-5321,22.75
엔도메디,,171824.738246856,437288.70338637,2026-04-22 22:32:45,I,13,영업중,2022-12-26 16:44:24,,2017-11-07,,인천광역시 미추홀구 문학동 ***-**,PHMG120173510021047000039,3510500,"인천광역시 미추홀구 소성로***번길 **-*, *층 (문학동)",22238,01,영업/정상,,,,36.2
혜당생활과학,2020-12-07,175514.765691371,449105.429360828,2026-04-22 22:32:50,I,03,폐업,2020-12-09 21:04:14,,2019-09-10,,인천광역시 계양구 계산동 ***번지 **호 계림빌딩 *층  ***호,PHMG120193550020047000042,3550000,"인천광역시 계양구 경명대로 ****, 계림빌딩 *층 ***호 (계산동)",21039,03,폐업,,,,135
비비하우스신세계인천점,2009-04-21,,,2026-04-22 22:31:59,I,03,폐업,2009-08-06 15:36:39,,2003-01-18,,인천 미추홀구 관교동 신세계 *층,PHMG120033510021047000001,3510500,,,03,폐업,,,,
이든네이처부평총국,2023-01-18,175549.510281249,444034.183586656,2026-04-22 22:32:56,I,03,폐업,2023-01-18 16:00:54,,2016-07-08,,인천광역시 부평구 부평동 ***번지 **호 추인타워 ***호,PHMG120163540021047000039,3540000,"인천광역시 부평구 부흥로***번길 *, ***호 (부평동, 추인타워)",21390,03,폐업,,,032-517-0902,117.26
샵네일,,168023.722107833,438840.790647972,2026-04-22 22:32:55,I,13,영업중,2021-12-14 10:00:41,,2021-12-13,,인천광역시 미추홀구 용현동 *** 금호 어울림 *단지,PHMG120213510513047000113,3510500,"인천광역시 미추홀구 토금중로 **, 금호 어울림 *단지 ***호 (용현동)",22187,01,영업/정상,,,032-881-4182,40.57
(주)바이오트리온,,174332.16223425,447974.107226309,2026-04-22 22:32:47,I,13,영업중,2020-02-20 14:07:13,,2019-07-17,,인천광역시 계양구 효성동 **번지 *호 *층 ***호,PHMG120183550020047000046,3550000,"인천광역시 계양구 안남로 ***, *층 ***호 (효성동)",21097,01,영업/정상,,,,49.94
제일,,175126.717022995,446169.201205367,2026-04-22 22:39:18,I,13,영업중,2024-09-30 14:27:54,,2023-05-03,,인천광역시 부평구 청천동 *** 부평우림라이온스밸리 A동 *층 ***B호,PHMG120243540021047000104,3540000,"인천광역시 부평구 부평대로 ***, 부평우림라이온스밸리 A동 *층 ***B호 (청천동)",21315,01,영업/정상,,,,49.2
(주)크랙사코리아,,172814.676645982,437926.186547851,2026-04-22 22:33:01,I,13,영업중,2022-02-22 13:28:16,,2022-02-21,,인천광역시 미추홀구 관교동 ***-*,PHMG120223510513047000134,3510500,"인천광역시 미추홀구 경원대로***번길 **-**, *층 ***호 (관교동)",22243,01,영업/정상,,,,53
씨유주안푸르지오점,2026-01-06,171496.759700802,439044.001071504,2026-04-22 22:37:50,I,03,폐업,2026-01-09 09:02:41,,2023-10-16,,인천광역시 미추홀구 주안동 ****-* 힐스테이트 푸르지오 주안,PHMG120233510513047000104,3510500,"인천광역시 미추홀구 남주길 ***, 힐스테이트 푸르지오 주안 ***~***호 (주안동, 힐스테이트 푸르지오 주안)",22159,03,폐업,,,,
CU부개점,2023-12-12,176818.990429591,443935.041965919,2026-04-22 22:39:07,I,03,폐업,2023-12-18 10:49:25,,2023-01-13,,"인천광역시 부평구 부개동 ***-* 주화빌딩 ***,***호",PHMG120233540021047000014,3540000,"인천광역시 부평구 부흥로 ***, 주화빌딩 ***,***호 (부개동)",21398,03,폐업,,,,
국민메디칼,,175775.698049879,444016.536683155,2026-04-22 22:32:52,I,15,전출,2016-10-26 10:58:02,,2014-06-13,,인천광역시 부평구 부평동 ***번지 **호 *층,PHMG120143540021047000142,3540000,"인천광역시 부평구 부흥로***번길 *, *층 (부평동)",21391,05,제외/삭제/전출,,,032-515-9528,123.19
펄스캠생활과학 간석지점,,172421.972407144,439636.393706906,2026-04-22 22:32:12,I,13,영업중,2010-04-26 13:37:05,,2010-04-23,402-206,인천광역시 미추홀구 주안동 ****-*번지,PHMG120103510021047000010,3510500,인천광역시 미추홀구 경원대로 ***  (주안동),22141,01,영업/정상,,,,265.61
CU 작전센터점,,175356.653981322,447528.370529287,2026-04-22 22:32:38,I,13,영업중,2015-07-22 09:05:33,,2015-07-21,407-062,인천광역시 계양구 작전동 ***번지 **호,PHMG120153550020047000041,3550000,인천광역시 계양구 계양대로 ** (작전동),21110,01,영업/정상,,,,46.5
녹십자의료기,2014-01-02,175611.907297718,442626.266511078,2026-04-22 22:32:08,I,03,폐업,2014-01-02 14:12:10,,2003-04-08,403-010,인천광역시 부평구 부평동 ***번지 **호,PHMG120033540021047000003,3540000,인천광역시 부평구 동수로 **-* (부평동),,03,폐업,,,032-515-7177,
CU효성유승점,,173275.006697287,447098.251211934,2026-04-22 22:32:56,I,13,영업중,2022-02-08 15:48:28,,2022-02-08,,인천광역시 계양구 효성동 *** 유승아파트,PHMG120223550020047000025,3550000,"인천광역시 계양구 새풀로 **, *층 ***,***,***호 (효성동, 유승아파트)",21104,01,영업/정상,,,,
제이원 메디케어,2025-04-18,176669.16425764,448141.019175054,2026-04-22 22:32:53,I,03,폐업,2025-04-18 11:46:53,,2020-12-17,,인천광역시 계양구 계산동 ****-* 여흥프라자,PHMG120203550020047000058,3550000,"인천광역시 계양구 오조산로**번길 **, 여흥프라자 ***호 (계산동)",21069,03,폐업,,,,10
마켓-행복,,175723.731322311,444717.072544526,2026-04-22 22:38:26,I,13,영업중,2021-12-22 14:06:22,,2021-12-20,,인천광역시 부평구 부평동 **-*** 명신빌라 ***호,PHMG120213540021047000145,3540000,"인천광역시 부평구 주부토로***번길 **, ***호 (부평동, 명신빌라)",21356,01,영업/정상,,,,
에스앤씨메디칼,,172658.775124312,438148.866665115,2026-04-22 22:38:36,I,13,영업중,2025-05-12 14:00:11,,2024-05-20,,인천광역시 미추홀구 관교동 ***-*,PHMG120253510513047000028,3510500,"인천광역시 미추홀구 주승로 ***, *층 ***호 (관교동)",22240,01,영업/정상,,,,58.69
씨유부평해인점,,175269.367386278,444522.875661372,2026-04-22 22:38:37,I,13,영업중,2022-02-17 12:30:06,,2022-02-15,,"인천광역시 부평구 부평동 ***-** 센트럴뷰*차, ***호, ***호",PHMG120223540021047000099,3540000,"인천광역시 부평구 원적로***번길 **, 센트럴뷰*차 ***호, ***호 (부평동)",21379,01,영업/정상,,,,
조양디엠 용현지점,2018-09-07,168193.973577309,439458.930562173,2026-04-22 22:32:37,I,03,폐업,2018-09-07 17:43:49,,2015-11-13,,인천광역시 미추홀구 용현동 ***번지 *호,PHMG120153510021047000065,3510500,"인천광역시 미추홀구 낙섬중로 *** (용현동, 유원빌딩)",22175,03,폐업,,,,152
씨유 부개코오롱하늘채점,,176998.755241615,443521.296567102,2026-04-22 22:38:53,I,13,영업중,2022-11-08 15:00:41,,2022-07-20,,인천광역시 부평구 부개동 ***-*** *층,PHMG120223540021047000252,3540000,"인천광역시 부평구 부평문화로 ***, *층 (부개동)",21398,01,영업/정상,,,,
CU 인천관교점,2024-06-17,173149.956884245,437831.445350563,2026-04-22 22:34:15,I,03,폐업,2024-06-18 16:25:06,,2022-07-21,,인천광역시 미추홀구 관교동 **-* 성지아파트,PHMG120223510513047000252,3510500,"인천광역시 미추홀구 문화로 **, 성지아파트 지층 *호 (관교동)",22241,03,폐업,,,,68.7
세븐일레븐주안역점,2025-01-16,171671.231000894,440126.528620307,2026-04-22 22:32:53,I,03,폐업,2025-01-16 17:35:42,,2021-05-06,,인천광역시 미추홀구 주안동 ***-*,PHMG120213510513047000026,3510500,"인천광역시 미추홀구 미추홀대로***번길 *, *층 일부층 (주안동)",22135,03,폐업,,,,79
복음의료기기,2009-11-09,,,2026-04-22 22:32:04,I,03,폐업,2009-11-16 10:35:57,,2005-03-09,,인천 미추홀구 주안*동 ***-**,PHMG120053510021047000005,3510500,,,03,폐업,,,,
이마트24 인하대점,2025-02-07,169529.245653113,438868.817241293,2026-04-22 22:33:03,I,03,폐업,2025-02-07 18:05:52,,2022-03-22,,인천광역시 미추홀구 용현동 ***-*,PHMG120223510513047000161,3510500,"인천광역시 미추홀구 인하로 **-*, *층 (용현동)",22207,03,폐업,,,,153.18
힘찬건강케어,2025-02-17,176087.720631144,443393.448467573,2026-04-22 22:35:18,I,03,폐업,2025-02-17 09:25:24,,2020-02-21,,인천광역시 부평구 부평동 ***번지 *호 부평힘찬병원,PHMG120203540021047000012,3540000,"인천광역시 부평구 장제로 **, 부평힘찬병원 *층 (부평동)",21399,03,폐업,,,,33.16
계산아울렛DC백화점,,176137.852610443,449065.153215463,2026-04-22 22:32:35,I,13,영업중,2014-05-08 16:07:29,,2014-05-08,407-053,인천광역시 계양구 계산동 ***번지 *호,PHMG120143550020047000018,3550000,인천광역시 계양구 경명대로 **** (계산동),21030,01,영업/정상,,,,984.75
씨유나눔인천용현점,2025-09-18,168037.483215127,438678.396245915,2026-04-22 22:33:00,I,03,폐업,2025-09-11 11:48:11,,2022-02-17,,인천광역시 미추홀구 용현동 ***-*** 금호아파트,PHMG120223510513047000124,3510500,"인천광역시 미추홀구 토금남로 **, 금호아파트 *층 (용현동)",22189,03,폐업,,,,175
올인원 마켓플레이스,,169002.833758782,439173.553218617,2026-04-22 22:38:26,I,13,영업중,2024-07-09 16:11:28,,2024-07-09,,인천광역시 미추홀구 용현동 ***-* 유한빌라 B동 ***호,PHMG120243510513047000052,3510500,"인천광역시 미추홀구 독배로***번길 **-**, B동 ***호 (용현동, 유한빌라)",22183,01,영업/정상,,,,41.18
이마트24부평래미안점,,175514.889600992,444487.612435768,2026-04-22 22:38:28,I,13,영업중,2022-01-26 09:20:51,,2022-01-24,,인천광역시 부평구 부평동 ***-*** 명승아파트 ***호,PHMG120223540021047000007,3540000,"인천광역시 부평구 부흥북로**번길 **, ***호 (부평동, 명승아파트)",21358,01,영업/정상,,,032-288-6898,
대영해피삽(주) 해피소닉,2018-06-05,154459.224268989,471940.568924205,2026-04-22 22:32:04,I,03,폐업,2018-06-05 09:15:12,,2013-03-15,417-803,인천광역시 강화군 강화읍 관청리 ***번지 *호,PHMG120133570013047000001,3570000,인천광역시 강화군 강화읍 북문길 **,23031,03,폐업,,,,46.2
덴탈메이,,175126.717022995,446169.201205367,2026-04-22 22:33:01,I,13,영업중,2018-02-20 10:06:51,,2018-02-13,,"인천광역시 부평구 청천동 ***번지 A동, B***-**(**호실)호, 우림라이온스밸리",PHMG120183540021047000008,3540000,"인천광역시 부평구 부평대로 ***, 우림라이온스밸리 A동 B***-**(**호실)호 (청천동)",21315,01,영업/정상,,,,3.09
씨유도화풍성점,,170513.475571618,441604.72029932,2026-04-22 22:38:05,I,13,영업중,2024-01-09 10:59:26,,2024-01-09,,인천광역시 미추홀구 도화동 ***-* 풍성프라자,PHMG120243510513047000002,3510500,"인천광역시 미추홀구 송림로 ***, 풍성프라자 ***호 (도화동)",22111,01,영업/정상,,,,69.92
(주)아성다이소 인하대점,,169520.492987503,438871.609818649,2026-04-22 22:36:47,I,13,영업중,2023-12-30 16:19:37,,2023-03-20,,인천광역시 미추홀구 용현동 ***-*,PHMG120233510513047000041,3510500,인천광역시 미추홀구 인하로 **(용현동),22207,01,영업/정상,,,,639.98
혜당메디칼,2018-12-04,175561.399421623,443814.935576303,2026-04-22 22:32:55,I,03,폐업,2018-12-05 14:48:13,,2015-09-30,,인천광역시 부평구 부평동 ***번지 *호 *층,PHMG120153540021047000069,3540000,"인천광역시 부평구 대정로 ** (부평동, *층)",21393,03,폐업,,,,128.9
아가방 갤러리 롯데마트 계양점,,176599.816295302,448767.427225648,2026-04-22 22:32:31,I,13,영업중,2015-08-07 09:17:58,,2012-10-09,,인천광역시 계양구 계산동 ****번지 *호 롯데마트 계양점 *층,PHMG120123550020047000023,3550000,"인천광역시 계양구 장제로 *** (계산동, 롯데마트 계양점)",21060,01,영업/정상,,,032-544-1004,
지니송샵,2024-11-19,156124.329009884,471246.43259301,2026-04-22 22:32:19,I,03,폐업,2024-11-20 17:44:18,,2022-06-15,,,PHMG120223570013047000040,3570000,"인천광역시 강화군 강화읍 강화대로 ***-**, ***동 ***호 (강화베이힐)",23025,03,폐업,,,,
코레일유통(주) 부평지하맞이방편의점,,175405.11373693,443089.591009306,2026-04-22 22:39:11,I,13,영업중,2025-03-27 10:52:05,,2023-09-08,,인천광역시 부평구 부평동 ***-** 부평민자역사 지하*층 지하맞이방,PHMG120233540021047000109,3540000,"인천광역시 부평구 광장로 **, 부평민자역사 지하*층 지하맞이방 (부평동)",21404,01,영업/정상,,,02-526-6483,
라라브로우,,175462.634473627,443520.063822855,2026-04-22 22:39:19,I,13,영업중,2025-03-12 16:23:08,,2025-03-12,,인천광역시 부평구 부평동 ***-** 가나빌딩 *층 ***호,PHMG120253540021047000015,3540000,"인천광역시 부평구 부평대로 **, 가나빌딩 *층 ***호 (부평동)",21394,01,영업/정상,,,,30.95
브라보,2025-03-25,173447.886989487,447673.054479066,2026-04-22 22:34:24,I,03,폐업,2025-03-26 09:45:38,,2025-03-25,,인천광역시 계양구 효성동 ***-** 태산아파트,PHMG120233550020047000013,3550000,"인천광역시 계양구 봉오대로***번길 **, ***동 ****호 (효성동, 태산아파트)",21100,03,폐업,,,,
(주)세라젬 홈플러스작전점,2021-04-30,175291.982296046,447141.041163927,2026-04-22 22:32:52,I,03,폐업,2021-05-27 13:50:07,,2020-06-05,,인천광역시 계양구 작전동 ***번지 *호 HOME PLUS 작전점,PHMG120203550020047000030,3550000,"인천광역시 계양구 계양대로 **, HOME PLUS 작전점 *층 (작전동)",21111,03,폐업,,,,65.6
씨유부평정일점,2023-10-13,175937.231175024,444255.758507678,2026-04-22 22:38:50,I,03,폐업,2023-10-13 15:50:09,,2022-07-19,,"인천광역시 부평구 부평동 ***-** ***,***호",PHMG120223540021047000241,3540000,"인천광역시 부평구 부흥북로**번길 **-*, ***,***호 (부평동)",21360,03,폐업,,,,
이마트24 R서운산업단지점,2023-06-20,178336.650766569,447963.495103823,2026-04-22 22:32:58,I,03,폐업,2023-06-20 13:08:28,,2022-02-17,,인천광역시 계양구 서운동 ***-* SB TOWER,PHMG120223550020047000066,3550000,"인천광역시 계양구 서운산단로*길 *, SB TOWER ***호 (서운동)",21072,03,폐업,,,,
힐링랜드23 인천도화센터,,171122.168045235,439619.092162025,2026-04-22 22:33:04,I,15,전출,2023-05-10 09:02:15,,2022-04-01,,인천광역시 미추홀구 도화동 ***-** 우정빌딩,PHMG120223510513047000176,3510500,"인천광역시 미추홀구 제일로**번길 *, 우정빌딩 *층 (도화동)",22153,05,제외/삭제/전출,,,,199.68
디어베이비(산곡점),2017-06-29,173567.541774178,445689.238722114,2026-04-22 22:32:06,I,03,폐업,2017-06-29 16:29:45,,2001-10-26,403-021,인천광역시 부평구 산곡*동 **번지**.**,PHMG120013540021047000023,3540000,인천광역시 부평구 세월천로 ** (산곡동),21309,03,폐업,,,032-525-1691,
지에스25부평신일,,175368.412805854,444623.664825663,2026-04-22 22:38:37,I,13,영업중,2022-02-15 10:26:12,,2022-02-10,,인천광역시 부평구 부평동 ***-** *층 일부,PHMG120223540021047000084,3540000,"인천광역시 부평구 길주남로*번길 **, *층 일부호 (부평동)",21358,01,영업/정상,,,,
라이프켐,2023-06-28,169424.109924844,442692.722669138,2026-04-22 22:32:23,I,03,폐업,2023-06-28 16:05:24,,2021-10-19,,인천광역시 동구 송림동 *** 인천산업용품유통단지,PHMG120213500020047000024,3500000,"인천광역시 동구 방축로**번길 **, 인천산업용품유통단지 **동 ***호 (송림동)",22530,03,폐업,,,,
다솜메디칼,,168989.887906657,440850.316201708,2026-04-22 22:32:28,I,13,영업중,2020-10-05 13:12:24,,2013-06-10,402-010,인천광역시 미추홀구 숭의동 ***-*번지,PHMG120133510021047000015,3510500,인천광역시 미추홀구 동산로 * (숭의동),22104,01,영업/정상,,,032-777-3516,58.08
세븐일레븐부개주공3단지점,,176904.257054188,444594.342542123,2026-04-22 22:37:42,I,13,영업중,2021-05-10 14:54:42,,2021-05-07,,"인천광역시 부평구 부개동 ***-** 신성프라자, ***호, ***호",PHMG120213540021047000055,3540000,"인천광역시 부평구 부개로 **-*, 신성프라자 ***호, ***호 (부개동)",21348,01,영업/정상,,,,42.1
(주)코리아세븐 인천남구하나점,,170588.042837917,437483.089857308,2026-04-22 22:37:10,I,13,영업중,2023-05-04 13:56:43,,2023-05-04,,인천광역시 미추홀구 학익동 ***-*,PHMG120233510513047000063,3510500,"인천광역시 미추홀구 매소홀로***번길 **, ***호 (학익동)",22226,01,영업/정상,,,,77.56
(주)대경산업,2017-04-14,175119.872281497,443502.318221991,2026-04-22 22:32:20,I,03,폐업,2017-04-14 11:34:59,,2007-10-15,403-011,인천광역시 부평구 부평*동 **번지*** 롯데백화점내 지하*층,PHMG120073540021047000020,3540000,"인천광역시 부평구 부평문화로 **, 지하*층 (부평동, 롯데백화점)",21387,03,폐업,,,,
CU부평북부역점,2015-10-27,175232.710600922,443282.802258486,2026-04-22 22:32:50,I,03,폐업,2015-10-27 16:27:14,,2014-11-04,403-819,인천광역시 부평구 부평동 ***번지 **호,PHMG120143540021047000081,3540000,인천광역시 부평구 경원대로 **** (부평동),21389,03,폐업,,,032-511-2011,27.23
MIT무역,,175126.717022995,446169.201205367,2026-04-22 22:32:39,I,13,영업중,2018-01-30 15:32:46,,2013-11-04,,"인천광역시 부평구 청천동 ***번지 A동, B***-**(*호실)호, 부평우림라이온스밸리",PHMG120133540021047000045,3540000,"인천광역시 부평구 부평대로 ***, 부평우림라이온스밸리 A동 B***-**(*호실)호 (청천동)",21315,01,영업/정상,,,070-8233-8255,2.07
GS25인천경명대로점,2023-04-13,175290.060320259,449203.531011768,2026-04-22 22:33:09,I,03,폐업,2023-04-13 13:23:32,,2022-08-16,,인천광역시 계양구 계산동 ***-*,PHMG120223550020047000181,3550000,"인천광역시 계양구 경명대로****번길 **, *층 (계산동)",21037,03,폐업,,,,
CU숭의장천점,2024-02-14,168728.624159667,439616.494964153,2026-04-22 22:33:01,I,03,폐업,2024-02-08 15:08:17,,2022-02-25,,인천광역시 미추홀구 숭의동 ***-**,PHMG120223510513047000141,3510500,"인천광역시 미추홀구 장천로*번길 **, ***~***호 (숭의동)",22177,03,폐업,,,,63
한마음노인복지센타,,174401.582072319,447781.753713248,2026-04-22 22:32:23,I,13,영업중,2013-09-05 16:05:06,,2010-08-11,407-826,인천광역시 계양구 효성*동 **번지 *호 효성프라자 ***호,PHMG120103550020047000019,3550000,"인천광역시 계양구 안남로 ***, *층 ***호 (효성동, 효성프라자)",21097,01,영업/정상,,,032-553-5885,24.94
주식회사 알티솔루션코리아,,169424.109924844,442692.722669138,2026-04-22 22:32:30,I,13,영업중,2026-01-06 15:56:55,,2023-04-12,,인천광역시 동구 송림동 *** 인천산업용품유통단지 **동 ***호,PHMG120233500020047000008,3500000,"인천광역시 동구 방축로**번길 **, 인천산업용품유통단지 **동 ***호 (송림동)",22530,01,영업/정상,,,,26.06
(주)뉴톤보청기,,177175.269505475,442614.834099624,2026-04-22 22:32:58,I,13,영업중,2017-03-28 14:32:38,,2017-01-11,,인천광역시 부평구 일신동 ***번지 *호 *층일부,PHMG120173540021047000002,3540000,"인천광역시 부평구 경인로 **** (일신동, *층 일부)",21419,01,영업/정상,,,1566-3862,40.76
한잎클로버,,177370.559490381,449588.008959232,2026-04-22 22:33:03,I,13,영업중,2022-06-13 18:00:08,,2022-06-13,,인천광역시 계양구 병방동 **-** 삼성하이츠맨션*차,PHMG120223550020047000141,3550000,"인천광역시 계양구 장제로***번길 **-*, *동 ***호 (병방동, 삼성하이츠맨션*차)",21028,01,영업/정상,,,,
모어,,175664.998653359,442987.327452382,2026-04-22 22:38:27,I,13,영업중,2021-12-27 16:15:23,,2021-12-22,,인천광역시 부평구 부평동 *** *층 일부(***호),PHMG120213540021047000146,3540000,"인천광역시 부평구 동수북로 ***, *층 일부(***호)호 (부평동)",21406,01,영업/정상,,,,
가가호호 방문요양센터,2021-03-26,175776.443717183,447713.99860863,2026-04-22 22:32:48,I,03,폐업,2021-03-26 17:46:50,,2019-03-20,,"인천광역시 계양구 작전동 ***번지 *호 코오롱아파트 상가동 ***,***호",PHMG120193550020047000010,3550000,"인천광역시 계양구 봉오대로***번길 *, 상가동 *층 ***,***호 (작전동, 코오롱아파트)",21090,03,폐업,,,032-542-1472,57.25
코코팜,,171306.463123415,439862.956804531,2026-04-22 22:33:03,I,15,전출,2024-10-14 11:52:02,,2022-03-22,,인천광역시 미추홀구 도화동 ***-* 솔베이,PHMG120223510513047000162,3510500,"인천광역시 미추홀구 경인로***번길 **, 솔베이 ****호 (도화동)",22139,05,제외/삭제/전출,,,,59.62
바디닥터,2023-12-21,172846.340765883,439933.558624542,2026-04-22 22:32:55,I,03,폐업,2023-12-21 13:06:27,,2021-11-22,,인천광역시 미추홀구 주안동 ***-* 예현아트빌,PHMG120213510513047000103,3510500,"인천광역시 미추홀구 경인로***번길 **, 제비*호 (주안동, 예현아트빌)",22144,03,폐업,,,,54.7
(주)분다,2020-08-18,171822.184162467,439874.368860222,2026-04-22 22:32:48,I,03,폐업,2020-08-20 10:38:37,,2019-10-16,,인천광역시 미추홀구 주안동 ***번지 신성쇼핑,PHMG120193510513047000044,3510500,"인천광역시 미추홀구 주안중로 **, 신성쇼핑 *층 (주안동)",22140,03,폐업,,,,50
GS25인천효성점,2016-11-23,173391.084741552,447083.097301408,2026-04-22 22:32:36,I,03,폐업,2016-11-24 13:16:01,,2014-11-04,407-832,인천광역시 계양구 효성동 ***번지 *호 효성다섬프라자 ***호,PHMG120143550020047000052,3550000,"인천광역시 계양구 아나지로 **, ***호 (효성동, 효성다섬프라자)",21104,03,폐업,,,,99.65
생기마을,,174111.328129805,442766.056290266,2026-04-22 22:32:40,I,15,전출,2017-03-31 10:51:25,,2014-02-03,403-839,인천광역시 부평구 산곡동 ***번지 ***호 지하*층,PHMG120143540021047000007,3540000,"인천광역시 부평구 마장로 **, 지하*층 (산곡동)",21405,05,제외/삭제/전출,,,032-511-5488,99.33
예인의료기,,175195.644399922,448572.909742754,2026-04-22 22:32:54,I,13,영업중,2023-05-31 14:47:15,,2021-05-12,,인천광역시 계양구 계산동 ***-**,PHMG120213550020047000057,3550000,"인천광역시 계양구 향교로 **, *층 (계산동)",21054,01,영업/정상,,,,116.97
씨유 부평더샵정문점,,173203.244129782,441511.67815385,2026-04-22 22:38:57,I,13,영업중,2022-08-18 15:50:47,,2022-08-18,,인천광역시 부평구 십정동 ***-* 더샵부평센트럴시티 G동 ***호,PHMG120223540021047000275,3540000,"인천광역시 부평구 열우물로 **, G동 ***호 (십정동, 더샵부평센트럴시티)",21443,01,영업/정상,,,,
하나유통,,175986.41256107,447433.652339971,2026-04-22 22:32:29,I,13,영업중,2018-06-11 13:12:08,,2012-03-20,,인천광역시 계양구 작전동 ***번지 **호,PHMG120123550020047000009,3550000,"인천광역시 계양구 주부토로 ***, *층 (작전동)",21116,01,영업/정상,,,,34.94
올스본코리아,2019-02-27,175913.432299629,448455.116459377,2026-04-22 22:32:46,I,03,폐업,2019-02-27 16:08:53,,2018-05-24,,인천광역시 계양구 계산동 ***번지 *호,PHMG120173550020047000063,3550000,"인천광역시 계양구 주부토로 ***, *층 (계산동)",21059,03,폐업,,,032-584-3080,136.08
마이더스덴탈(주),,176737.188860293,448498.786895427,2026-04-22 22:32:08,I,13,영업중,2020-04-10 15:46:37,,2007-02-12,,인천광역시 계양구 용종동 ***번지 *호 레드몰 A동 ***호,PHMG120073550020047000003,3550000,"인천광역시 계양구 계산새로**번길 *, 레드몰 A동 ***호 (용종동)",21065,01,영업/정상,,,032-548-2840,200.7
(주)동수프라자,2016-11-22,175932.105189782,444075.303644827,2026-04-22 22:32:29,I,03,폐업,2016-11-22 13:01:21,,2009-09-09,403-011,인천광역시 부평구 부평*동 ***번지 *호 *층 ***호,PHMG120093540021047000030,3540000,"인천광역시 부평구 부흥로 ***, *층 ***호 (부평동)",21360,03,폐업,,,032-523-9955,
유명수,2014-05-20,176312.37779868,445042.959140817,2026-04-22 22:32:36,I,03,폐업,2014-05-20 10:55:56,,2011-05-17,403-090,인천광역시 부평구 삼산동 ***번지 *호 메디캐슬 ***호,PHMG120113540021047000028,3540000,"인천광역시 부평구 길주로 ***, ***호 (삼산동, 메디캐슬)",,03,폐업,,,,
폴리코리아,2017-08-07,177155.843010651,442733.344029524,2026-04-22 22:32:13,I,03,폐업,2017-08-07 16:25:45,,2005-06-24,403-110,인천광역시 부평구 일신동 **번지 **호,PHMG120053540021047000013,3540000,인천광역시 부평구 서촌로 ** (일신동),21416,03,폐업,,,032-503-2282,
독일보청기 인천점,,169461.661540968,440474.527076265,2026-04-22 22:32:54,I,13,영업중,2022-11-30 09:15:58,,2020-04-17,,인천광역시 미추홀구 숭의동 **-** 형제빌딩,PHMG120213510513047000058,3510500,"인천광역시 미추홀구 경인로 ***, 형제빌딩 *층일부층 (숭의동)",22163,01,영업/정상,,,,99
팍스덴탈,2012-10-05,175869.330213081,448213.584963306,2026-04-22 22:32:08,I,03,폐업,2012-10-05 16:29:10,,2006-07-07,407-822,인천광역시 계양구 작전*동 ***번지 **호 *층,PHMG120063550020047000024,3550000,"인천광역시 계양구 주부토로 *** (작전동,*층)",,03,폐업,,,032-205-2875,
씨유산곡프리상뜨점,,173931.566475501,443993.910960484,2026-04-22 22:38:32,I,13,영업중,2022-02-08 13:37:11,,2022-02-03,,인천광역시 부평구 산곡동 ***-* *층,PHMG120223540021047000035,3540000,"인천광역시 부평구 마장로***번길 **, *층 (산곡동)",21380,01,영업/정상,,,,
현메드,,176334.984620617,446150.152836152,2026-04-22 22:35:04,I,15,전출,2022-06-13 13:48:34,,2019-12-30,,인천광역시 부평구 삼산동 ***번지 *호,PHMG120193540021047000077,3540000,"인천광역시 부평구 평천로 ***, *층 (삼산동)",21323,05,제외/삭제/전출,,,,197.38
코스모스,,168302.373215861,440325.096476818,2026-04-22 22:33:30,I,13,영업중,2022-06-20 17:58:00,,2022-06-20,,인천광역시 미추홀구 숭의동 ***-**,PHMG120223510513047000217,3510500,"인천광역시 미추홀구 석정로**번길 **, *층 (숭의동)",22171,01,영업/정상,,,,46.94
주식회사원메드텍,,171230.123468387,438744.828138182,2026-04-22 22:32:50,I,13,영업중,2020-04-24 14:01:16,,2009-02-23,,인천광역시 미추홀구 주안동 ****번지 **호 롯데파크빌,PHMG120203510513047000024,3510500,"인천광역시 미추홀구 인주대로***번길 **, *층 ***호 (주안동, 롯데파크빌)",22214,01,영업/정상,,,,22.11
(주)미스비스,2013-10-31,176542.225497693,445150.35217149,2026-04-22 22:32:34,I,03,폐업,2013-10-31 11:50:14,,2010-07-09,403-091,인천광역시 부평구 삼산*동 ***번지 *호 이리옴빌딩 ****호,PHMG120103540021047000028,3540000,"인천광역시 부평구 체육관로 **, ****호 (삼산동, 이리옴빌딩)",,03,폐업,,,070-8242-0744,80
(주)라벡스,2018-11-15,175289.89109366,447915.020255098,2026-04-22 22:32:44,I,03,폐업,2018-11-16 17:45:08,,2016-06-20,,인천광역시 계양구 작전동 ***번지 **호,PHMG120163550020047000041,3550000,"인천광역시 계양구 봉오대로***번길 **, *층 (작전동)",21047,03,폐업,,,,17.85
주식회사제이제이노바,,175126.717022995,446169.201205367,2026-04-22 22:38:40,I,13,영업중,2022-04-01 11:31:46,,2022-03-31,,"인천광역시 부평구 청천동 *** 부평우림라이온스밸리, A동 B***-*호(*호)",PHMG120223540021047000165,3540000,"인천광역시 부평구 부평대로 ***, 부평우림라이온스밸리 A동 B***-*호(*호)호 (청천동)",21315,01,영업/정상,,,,5.19
디자인튜브,,172415.590133914,440042.401564167,2026-04-22 22:32:51,I,13,영업중,2020-06-20 16:51:15,,2020-06-18,,인천광역시 미추홀구 주안동 ***번지 *호,PHMG120203510513047000035,3510500,"인천광역시 미추홀구 주안로***번길 **, ***호 (주안동)",22134,01,영업/정상,,,,99.86
명성기업,2006-03-07,,,2026-04-22 22:32:06,I,03,폐업,2009-01-12 11:55:50,,2006-03-07,407-300,인천광역시 계양구 임학동 **-**,PHMG120063550020047000006,3550000,,,03,폐업,,,032-552-3690,
미몽팩토리,,,,2026-04-22 22:38:16,I,13,영업중,2024-02-23 16:38:55,,2022-10-04,,인천광역시 미추홀구 주안동 * 포레나 미추홀 ***동 ****호,PHMG120243510513047000018,3510500,"인천광역시 미추홀구 경인로 ***, ***동 ****호 (주안동, 포레나 미추홀)",22148,01,영업/정상,,,,
미담,2014-12-05,171450.30807598,440077.222711546,2026-04-22 22:32:31,I,03,폐업,2014-12-10 09:05:34,,2014-08-11,402-835,인천광역시 미추홀구 주안동 ***-*번지 아리솔오피스텔 *층,PHMG120143510021047000016,3510500,"인천광역시 미추홀구 주안서로 **, *층 (주안동, 아리솔오피스텔)",,03,폐업,,,,
우송,2010-06-18,,,2026-04-22 22:32:09,I,03,폐업,2010-06-18 17:13:12,,2005-03-24,403-010,인천광역시 부평구 부평동 ***번지** *층,PHMG120053540021047000003,3540000,,,03,폐업,,,032-507-6263,
주식회사 비즈메드,2026-04-21,211908.858504464,436201.142149618,2026-04-22 03:03:03,U,03,폐업,2026-04-21 14:35:50,,2023-01-05,,경기도 성남시 중원구 하대원동 *,PHMG120233780063047000003,3780000,"경기도 성남시 중원구 마지로 **-**, *층 (하대원동)",13409,03,폐업,,,070-7714-6227,166.5
GS25도화지젤점,2024-11-13,169822.91347425,441687.32697753,2026-04-22 22:32:56,I,03,폐업,2024-11-13 17:31:04,,2022-02-07,,인천광역시 미추홀구 도화동 ***-* 도화 두손지젤시티,PHMG120223510513047000026,3510500,"인천광역시 미추홀구 염전로***번길 **, B동 *층 ***~***호 (도화동)",22110,03,폐업,,,,83.8
씨제이올리브영(주)계양구청점,,176820.41215751,448466.884752102,2026-04-22 22:32:45,I,13,영업중,2023-02-14 13:19:42,,2018-09-11,,인천광역시 계양구 용종동 ***번지 *호 ***호,PHMG120173550020047000031,3550000,"인천광역시 계양구 계산새로 **, *층 ***호 (용종동, 밀레니엄프라자)",21065,01,영업/정상,,,032-552-5290,192.41
주식회사 인사이롭,,176640.736277197,452811.524736327,2026-04-22 22:36:24,I,13,영업중,2026-02-19 09:25:37,,2018-05-04,,인천광역시 계양구 장기동 ***-*,PHMG120243550020047000019,3550000,"인천광역시 계양구 장기로**번길 *, *층 (장기동)",21006,01,영업/정상,,,,44.77
대영보청기,,169108.395841491,439383.244237333,2026-04-22 22:32:47,I,13,영업중,2025-09-25 10:20:40,,2019-03-05,,"인천광역시 미추홀구 용현동 ***-** *,*층",PHMG120193510513047000013,3510500,"인천광역시 미추홀구 인주대로***번길 *, *,*층 (용현동)",22183,01,영업/정상,,,,238.24
씨유 부평뜨란채점,,173622.593528853,441994.401252478,2026-04-22 22:39:04,I,13,영업중,2024-01-08 15:32:13,,2022-11-23,,"인천광역시 부평구 십정동 ***-* 주공뜨란채아파트 상가동 ***,***호",PHMG120223540021047000354,3540000,"인천광역시 부평구 이규보로 **, 상가동 ***,***호 (십정동, 주공뜨란채아파트)",21441,01,영업/정상,,,,
로이팜,,175076.621528574,443158.920610955,2026-04-22 22:39:16,I,13,영업중,2024-07-16 10:56:26,,2024-07-16,,인천광역시 부평구 부평동 ***-** e편한세상시티부평역 *층 ***호,PHMG120243540021047000074,3540000,"인천광역시 부평구 경원대로****번길 **, e편한세상시티부평역 *층 ***호 (부평동)",21404,01,영업/정상,,,,25.35
지니글로벌(genieglobal),,175538.605406589,447944.668477884,2026-04-22 22:36:06,I,13,영업중,2024-01-22 10:23:48,,2024-01-22,,인천광역시 계양구 작전동 ***-**,PHMG120243550020047000002,3550000,"인천광역시 계양구 봉오대로***번길 **, *층 (작전동)",21089,01,영업/정상,,,,
솔고헬스케어 갈산점,,176124.560402775,445064.650769751,2026-04-22 22:39:24,I,13,영업중,2025-10-20 16:46:21,,2022-11-29,,인천광역시 부평구 갈산동 ***-** *층,PHMG120253540021047000072,3540000,"인천광역시 부평구 장제로***번길 *-*, *층 (갈산동)",21337,01,영업/정상,,,,98.79
굿모닝보청기,,175437.489826309,443672.494857462,2026-04-22 22:32:05,I,13,영업중,2014-06-05 10:31:08,,2001-06-22,403-010,인천광역시 부평구 부평동 ***번지**,PHMG120013540021047000008,3540000,인천광역시 부평구 부평대로 ** (부평동),21393,01,영업/정상,,,032-523-3755,
두온,,171822.184162467,439874.368860222,2026-04-22 22:33:02,I,13,영업중,2022-03-03 17:16:45,,2022-03-03,,인천광역시 미추홀구 주안동 *** 신성쇼핑,PHMG120223510513047000150,3510500,"인천광역시 미추홀구 주안중로 **, 신성쇼핑 *층 ***호 (주안동)",22140,01,영업/정상,,,,43.37
GS25열우물공원점,,172983.408599307,441493.409352522,2026-04-22 22:39:02,I,13,영업중,2022-09-05 17:39:33,,2022-09-02,,인천광역시 부평구 십정동 ***-* *층,PHMG120223540021047000304,3540000,"인천광역시 부평구 배곶로**번길 *, *층 (십정동)",21450,01,영업/정상,,,,
세븐일레븐동수역점,2022-12-15,174919.889122391,442528.424798294,2026-04-22 22:38:06,I,03,폐업,2022-12-27 11:56:33,,2021-06-01,,인천광역시 부평구 부평동 ***-*** *층 일부,PHMG120213540021047000090,3540000,"인천광역시 부평구 경인로 ***, *층 일부호 (부평동)",21428,03,폐업,,,,
동양아울렛,2019-11-12,170360.483931723,439041.200120899,2026-04-22 22:32:45,I,24,직권폐업,2019-11-21 20:05:08,,2017-04-12,,인천광역시 미추홀구 주안동 ***-*번지 금호빌딩 가동,PHMG120173510021047000051,3510500,"인천광역시 미추홀구 인주대로 ***, 금호빌딩 가동 *층 (주안동)",22157,04,취소/말소/만료/정지/중지,,,,276.86
세븐일레븐 인천용현점,2019-10-25,167612.963962494,438941.387982272,2026-04-22 22:32:33,I,03,폐업,2019-10-28 09:57:07,,2014-10-27,402-834,인천광역시 미추홀구 용현동 ***-**번지 *층,PHMG120143510021047000035,3510500,"인천광역시 미추홀구 낙섬서로 **, *층 (용현동)",22190,03,폐업,,,,
지에스(GS)25 부평지엠점,2024-11-05,175305.701573372,445799.939730679,2026-04-22 22:39:07,I,03,폐업,2024-11-05 16:00:20,,2023-01-25,,인천광역시 부평구 갈산동 ***-* 대우빌딩 *층,PHMG120233540021047000019,3540000,"인천광역시 부평구 부평대로 ***, 대우빌딩 *층 (갈산동)",21333,03,폐업,,,,
숯이야기,2019-11-12,168011.444616098,438899.169729799,2026-04-22 22:32:38,I,24,직권폐업,2019-11-21 20:03:25,,2015-10-15,,,PHMG120153510021047000077,3510500,"인천광역시 미추홀구 토금중로 **, 지하*층 (용현동)",22187,04,취소/말소/만료/정지/중지,,,,207
씨유(CU) 용현원룸점,2016-12-28,170147.918503021,438832.364377708,2026-04-22 22:32:44,I,03,폐업,2016-12-30 08:51:33,,2016-10-06,,,PHMG120163510021047000066,3510500,"인천광역시 미추홀구 인하로***번길 **, *층 (용현동)",22208,03,폐업,,,032-866-4555,65.23
라스비투비(LAS B to B),2019-01-17,170809.412341229,440272.104078406,2026-04-22 22:32:46,I,03,폐업,2019-01-17 13:16:08,,2018-08-21,,인천광역시 미추홀구 도화동 ***번지 **호,PHMG120183510513047000014,3510500,"인천광역시 미추홀구 주안로 **, *일부층 (도화동)",22119,03,폐업,,,,49.5
칠성메디칼,,174435.879483998,444754.871139857,2026-04-22 22:34:13,I,13,영업중,2019-06-03 17:35:03,,2019-06-03,,인천광역시 부평구 산곡동 ***번지 *호,PHMG120193540021047000039,3540000,"인천광역시 부평구 원길로**번길 **, *층 (산곡동)",21363,01,영업/정상,,,,233.31
W메디칼,2015-08-12,176488.158505266,443491.290706259,2026-04-22 22:32:47,I,03,폐업,2015-08-12 15:39:01,,2014-08-11,403-808,인천광역시 부평구 부개동 ***번지 **호 *층,PHMG120143540021047000037,3540000,"인천광역시 부평구 충선로 ** (부개동, *층)",21400,03,폐업,,,032-208-3588,75.68
늘돌봄재가노인복지센터,,172685.859926529,438289.494942121,2026-04-22 22:32:48,I,13,영업중,2023-08-31 08:54:55,,2019-07-15,,인천광역시 미추홀구 관교동 ***-**,PHMG120193510513047000034,3510500,"인천광역시 미추홀구 인하로***번길 **, *층 (관교동)",22240,01,영업/정상,,,,69.52
메디홈케어,,176531.3758216,448573.682358095,2026-04-22 22:33:23,I,13,영업중,2022-09-07 19:52:09,,2022-09-07,,인천광역시 계양구 계산동 ****-* 두손파스텔,PHMG120223550020047000198,3550000,"인천광역시 계양구 계산새로**번길 *, 두손파스텔 ***호 (계산동)",21060,01,영업/정상,,,,
포도당,2017-07-05,176719.986800357,442441.9055551,2026-04-22 22:32:20,I,03,폐업,2017-07-05 14:12:25,,2007-09-17,403-811,인천광역시 부평구 부개동 ***번지 *호,PHMG120073540021047000018,3540000,인천광역시 부평구 마분로**번길 ** (부개동),21421,03,폐업,,,032-271-2090,
헬스케어,,155015.947922418,471138.637830459,2026-04-22 22:32:09,I,15,전출,2022-04-22 11:09:59,,2018-02-19,,인천광역시 강화군 강화읍 남산리 **-* 우진빌딩,PHMG120213570013047000007,3570000,"인천광역시 강화군 강화읍 중앙로 **, 우진빌딩 지층",23037,05,제외/삭제/전출,2020-07-21,2020-08-19,,330
광은비젼,2009-10-05,,,2026-04-22 22:32:14,I,03,폐업,2009-10-08 13:38:14,,2005-10-06,403-822,인천광역시 부평구 부평동 ***번지**,PHMG120053540021047000023,3540000,,,03,폐업,,,032-502-7660,
연지상사,,169634.867449681,437448.252200503,2026-04-22 22:32:55,I,13,영업중,2021-11-01 13:24:44,,2021-10-28,,인천광역시 미추홀구 학익동 ***-* 대성 빌라뷰 *차,PHMG120213510513047000095,3510500,"인천광역시 미추홀구 한나루로***번길 **-**, *층 ***호 (학익동, 대성 빌라뷰 *차)",22206,01,영업/정상,,,,53.43
(주)에이치플러스몰,,175244.679431842,446320.270927882,2026-04-22 22:32:54,I,15,전출,2018-12-12 08:49:13,,2015-07-06,403-858,인천광역시 부평구 청천동 ***번지 *호,PHMG120153540021047000042,3540000,"인천광역시 부평구 부평대로 ***, *층 ***호 (청천동)",21315,05,제외/삭제/전출,,,070-4603-2480,16.5
주식회사신우메드,2017-06-07,174308.311323234,441910.557159083,2026-04-22 22:32:24,I,03,폐업,2017-06-07 13:42:31,,2008-08-02,403-849,인천광역시 부평구 십정동  ***번지** 부영빌딩 *층일부,PHMG120083540021047000022,3540000,"인천광역시 부평구 마장로 *, *층 (십정동, 부영빌딩)",21435,03,폐업,,,,
뉴욕매니아,,176694.119479296,449254.861161551,2026-04-22 22:32:39,I,13,영업중,2015-08-06 09:45:35,,2015-08-06,,인천광역시 계양구 임학동 **번지 훼밀리코아 ****호,PHMG120153550020047000046,3550000,"인천광역시 계양구 임학동로 **, ****호 (임학동, 훼밀리코아)",21034,01,영업/정상,,,1566-7949,40.99
지에스25 부개행운점,2023-10-06,176698.541114134,443910.670796524,2026-04-22 22:38:58,I,03,폐업,2023-10-06 11:50:54,,2022-08-24,,"인천광역시 부평구 부개동 ***-* ***,***호",PHMG120223540021047000288,3540000,"인천광역시 부평구 동수천로 ***, ***,***호 (부개동)",21398,03,폐업,,,,
GS25,,176372.464477399,448950.097342969,2026-04-22 22:32:59,I,13,영업중,2022-02-24 18:23:25,,2022-02-24,,인천광역시 계양구 계산동 ***-* 팬더아파트,PHMG120223550020047000081,3550000,"인천광역시 계양구 경명대로****번길 *, 팬더아파트 상가*층 *호 (계산동)",21057,01,영업/정상,,,,
씨유 청천장수산,2025-09-29,173096.17443353,446603.784991092,2026-04-22 22:39:06,I,03,폐업,2025-10-01 16:35:18,,2022-12-26,,인천광역시 부평구 청천동 ***-** *층 일부,PHMG120223540021047000381,3540000,"인천광역시 부평구 평천로**번길 *-*, *층 일부호 (청천동)",21301,03,폐업,,,,
(주)지에스리테일 랄라블라계산점,2019-07-09,175862.57463202,449089.368496066,2026-04-22 22:32:45,I,03,폐업,2019-07-09 16:28:34,,2018-03-28,,인천광역시 계양구 계산동 ***번지 *호,PHMG120173550020047000026,3550000,"인천광역시 계양구 경명대로 ****, ***,***호 (계산동, 조흥프라자텔)",21040,03,폐업,,,032-548-7535,111.3
대한의료기,2009-06-10,,,2026-04-22 22:31:59,I,03,폐업,2009-06-11 09:56:28,,2001-01-30,,인천 미추홀구 주안*동 ****-*,PHMG120013510021047000001,3510500,,,03,폐업,,,,
한결메디칼,2013-01-18,175378.59691145,448348.946750072,2026-04-22 22:32:22,I,24,직권폐업,2013-01-25 14:19:17,,2010-02-24,407-808,인천광역시 계양구 계산*동 ***번지 **호 *층,PHMG120103550020047000005,3550000,"인천광역시 계양구 계양대로 *** (계산동,*층)",,04,취소/말소/만료/정지/중지,,,,
GS25효성유승점,,174581.740202107,447158.555486684,2026-04-22 22:33:10,I,13,영업중,2022-08-22 18:37:05,,2022-08-22,,인천광역시 계양구 효성동 *** 유승그린아파트,PHMG120223550020047000184,3550000,"인천광역시 계양구 아나지로***번길 *, 유승그린아파트 상가동 ***호 (효성동)",21112,01,영업/정상,,,032-555-9637,
비엠컴퍼니,2020-05-12,176221.191407819,442452.996571286,2026-04-22 22:34:50,I,03,폐업,2020-05-12 16:26:03,,2019-11-08,,인천광역시 부평구 부개동 ***번지 *호 한국아파트,PHMG120193540021047000065,3540000,"인천광역시 부평구 동수로***번길 **, ***동 *층 ***호 (부개동, 한국아파트)",21458,03,폐업,,,,84.19
주식회사 큐메디케어,,180406.13949519,453116.30350568,2026-04-22 22:32:55,I,13,영업중,2021-06-09 13:11:19,,2021-06-09,,인천광역시 계양구 상야동 **-**,PHMG120213550020047000069,3550000,인천광역시 계양구 벌말로***번길 * (상야동),21009,01,영업/정상,,,,279.68
새로이숲부평,,175857.870524333,446963.151982403,2026-04-22 22:32:55,I,13,영업중,2021-10-22 10:17:26,,2021-10-22,,인천광역시 계양구 작전동 ***-* 계양 우림카이저팰리스,PHMG120213550020047000089,3550000,"인천광역시 계양구 아나지로 ***, ***동 ***호 (작전동, 계양 우림카이저팰리스)",21122,01,영업/정상,,,,75.2
(주)에코매직,,175380.645137658,444362.392491405,2026-04-22 22:32:35,I,13,영업중,2014-02-17 13:40:20,,2011-01-05,403-826,인천광역시 부평구 부평동 ***번지 *호 모아빌딩 *층,PHMG120113540021047000001,3540000,"인천광역시 부평구 부평대로 ***, *층 (부평동, 모아빌딩)",21359,01,영업/정상,,,,479.88
스타일트리,,173413.256168442,440936.101319681,2026-04-22 22:39:23,I,13,영업중,2025-08-07 13:23:59,,2025-08-07,,인천광역시 부평구 십정동 ***-** *층 전체,PHMG120253540021047000057,3540000,"인천광역시 부평구 백범로***번길 **-*, *층 (십정동)",21452,01,영업/정상,,,,75.18
지에스메디칼,,169226.889631696,442817.65455975,2026-04-22 22:31:53,I,13,영업중,2015-11-06 16:01:13,,2006-01-26,,,PHMG120063500020047000001,3500000,"인천광역시 동구 방축로**번길 **, **동 ***호 (송현동, 인천산업용품유통단지)",22530,01,영업/정상,,,032-772-8600,26.06
썬-바이오,2014-12-31,171367.256165432,438525.553357274,2026-04-22 22:32:31,I,03,폐업,2015-01-02 17:00:03,,2014-07-03,402-852,인천광역시 미추홀구 주안동 ****-*번지 신기프라자 *층,PHMG120143510021047000014,3510500,"인천광역시 미추홀구 인하로 ***, *층 (주안동, 신기프라자)",,03,폐업,,,,108
공여사유통,,176264.733506672,444932.185202998,2026-04-22 22:39:24,I,13,영업중,2025-10-13 13:48:04,,2024-05-08,,인천광역시 부평구 부개동 *** 욱일아파트 나동 ***호,PHMG120253540021047000069,3540000,"인천광역시 부평구 장제로 ***, 나동 ***호 (부개동, 욱일아파트)",21351,01,영업/정상,,,,
씨유동암그린점,2025-09-08,173177.772856606,441069.663882117,2026-04-22 22:37:55,I,03,폐업,2025-09-08 17:00:27,,2021-05-07,,인천광역시 부평구 십정동 ***-** *층 일부,PHMG120213540021047000068,3540000,"인천광역시 부평구 배곶로 **, *층 일부호 (십정동)",21452,03,폐업,,,032-429-4113,45.23
영양칠보석건강한세상,,204913.270165215,395066.818839855,2026-04-22 22:32:37,I,15,전출,2017-12-11 17:18:30,,2016-07-07,,경기도 평택시 서정동 ***번지 *호,PHMG120164520031047000051,4520000,"경기도 평택시 서정역로**번길 *, *층 (서정동)",17779,05,제외/삭제/전출,,,041-541-7571,
다비치히어링보청기부평산곡점,,173732.149851639,444884.419122164,2026-04-22 22:32:56,I,13,영업중,2025-02-25 13:42:30,,2016-06-02,,인천광역시 부평구 산곡동 ***번지 ***호 산곡동크리닉센타*층일부,PHMG120163540021047000029,3540000,"인천광역시 부평구 마장로 *** (산곡동, 산곡동크리닉센타*층일부)",21362,01,영업/정상,,,032-501-9001,17.6
SG컴퍼니-SG COMPANY,,176694.119479296,449254.861161551,2026-04-22 22:33:13,I,13,영업중,2022-08-30 18:19:28,,2022-08-30,,인천광역시 계양구 임학동 ** 훼밀리코아,PHMG120223550020047000191,3550000,"인천광역시 계양구 임학동로 **, 훼밀리코아 *층 (임학동)",21034,01,영업/정상,,,032-299-7000,
지에스25주안달님점,,172611.068543223,440108.455386785,2026-04-22 22:35:36,I,13,영업중,2022-11-23 10:17:42,,2022-11-22,,인천광역시 미추홀구 주안동 ***-**,PHMG120223510513047000318,3510500,"인천광역시 미추홀구 주안로***번길 **, *층 ***~***호 (주안동)",22143,01,영업/정상,,,,259.26
거성케어 계양지점,2017-08-07,176812.82695191,447454.282333528,2026-04-22 22:32:38,I,03,폐업,2017-08-07 17:46:55,,2015-03-09,407-816,인천광역시 계양구 작전동 ***번지,PHMG120153550020047000014,3550000,인천광역시 계양구 효서로 *** (작전동),21125,03,폐업,,,,50.22
사랑의뜰안,,168761.005075087,439864.595967143,2026-04-22 22:32:52,I,13,영업중,2021-01-06 17:41:41,,2021-01-06,,인천광역시 미추홀구 숭의동 ***-** SM나르샤,PHMG120213510513047000001,3510500,"인천광역시 미추홀구 독배로 ***, SM나르샤 *층일부층 (숭의동)",22172,01,영업/정상,,,,33
셀루닉하우스 부평점,,176600.119424585,445146.367348796,2026-04-22 22:39:13,I,13,영업중,2024-01-31 10:52:29,,2024-01-31,,인천광역시 부평구 삼산동 ***-* 신영프라자 *층 ***호,PHMG120243540021047000013,3540000,"인천광역시 부평구 체육관로 **, 신영프라자 *층 ***호 (삼산동)",21344,01,영업/정상,,,,103.1
(주)피티파워,,171304.95280228,438485.410477327,2026-04-22 22:32:47,I,15,전출,2019-12-02 09:02:21,,2015-05-18,,인천광역시 미추홀구 주안동 ****번지 **호,PHMG120193510513047000023,3510500,"인천광역시 미추홀구 신기길 *, *층 (주안동)",22217,05,제외/삭제/전출,,,031-977-0704,63
포스코메디칼,2020-04-03,176852.627477068,449305.705251442,2026-04-22 22:32:48,I,03,폐업,2020-04-03 17:55:32,,2019-04-15,,인천광역시 계양구 임학동 **번지 *호 *층,PHMG120193550020047000015,3550000,"인천광역시 계양구 장제로 ***, *층 (임학동)",21034,03,폐업,,,,99
민영하이텍,,173762.334143202,444911.911198632,2026-04-22 22:32:55,I,15,전출,2017-06-02 16:55:24,,2015-03-19,,인천광역시 부평구 산곡동 ***번지 **호 ***호,PHMG120153540021047000090,3540000,"인천광역시 부평구 마장로***번길 *-**, ***호 (산곡동)",21362,05,제외/삭제/전출,,,,130.47
씨유 만석웰카운티점,2016-12-29,166961.6357286,442443.267043646,2026-04-22 22:32:05,I,03,폐업,2016-12-30 09:28:10,,2015-06-16,,,PHMG120153500020047000009,3500000,"인천광역시 동구 화도진로 ***, ***동 비**,비**호 (만석동, 만석웰카운티아파트)",22511,03,폐업,,,,36
미건의료기,,175913.432299629,448455.116459377,2026-04-22 22:32:22,I,13,영업중,2025-06-18 16:10:49,,2019-02-27,,인천광역시 계양구 계산동 ***번지 *호 *층,PHMG120103550020047000014,3550000,"인천광역시 계양구 주부토로 ***, *층 (계산동)",21059,01,영업/정상,,,032-504-9111,141.9
씨유 석모도 민머루점,,141164.499503388,461231.361579482,2026-04-22 22:32:05,I,13,영업중,2020-01-09 16:21:12,,2014-11-07,417-911,인천광역시 강화군 삼산면 매음리 ***번지,PHMG120143570013047000016,3570000,인천광역시 강화군 삼산면 어류정길***번길 *-**,23007,01,영업/정상,,,032-932-8988,3.3
GS25계산브래뉴점,,175325.407392488,449003.639660468,2026-04-22 22:33:27,I,13,영업중,2022-09-22 17:44:33,,2022-09-22,,인천광역시 계양구 계산동 *** 신도브래뉴 아파트,PHMG120223550020047000201,3550000,"인천광역시 계양구 계양대로 ***, ***동 ***호 (계산동, 신도브래뉴 아파트)",21048,01,영업/정상,,,032-542-6871,42.62
씨엘코리아,,175126.717022995,446169.201205367,2026-04-22 22:34:30,I,13,영업중,2019-08-21 16:14:08,,2018-11-01,,인천광역시 부평구 청천동 ***번지 부평우림라이온스밸리,PHMG120193540021047000051,3540000,"인천광역시 부평구 부평대로 ***, 부평우림라이온스밸리 A동 지하*층 B***-*(**호실)호 (청천동)",21315,01,영업/정상,,,,3.3
GS25계산시장점,,175694.285897903,448442.339930584,2026-04-22 22:37:03,I,13,영업중,2024-08-22 11:24:08,,2024-08-22,,인천광역시 계양구 계산동 ***-**,PHMG120243550020047000058,3550000,"인천광역시 계양구 계산천동로 **, *층 (계산동)",21052,01,영업/정상,,,,99
참요양복지센터(복지용구),2019-07-25,173883.303897264,444996.479932309,2026-04-22 22:33:13,I,03,폐업,2019-07-25 17:45:54,,2018-10-31,,인천광역시 부평구 산곡동 ***번지 **호,PHMG120183540021047000070,3540000,"인천광역시 부평구 마장로***번길 **, *층 *호,지하*층 (산곡동)",21361,03,폐업,,,032-505-5953,140.56
한국메디칼부평지사,,175531.077025499,443923.56921189,2026-04-22 22:32:53,I,15,전출,2020-07-01 09:15:54,,2015-02-25,403-819,인천광역시 부평구 부평동 ***번지 *호,PHMG120153540021047000014,3540000,"인천광역시 부평구 대정로 **, *층 (부평동)",21390,05,제외/삭제/전출,,,032-518-1240,210
명성스포애드,2024-08-23,169226.889631696,442817.65455975,2026-04-22 22:31:58,I,03,폐업,2024-08-26 09:45:20,,2011-04-26,,인천광역시 동구 송현동 ***번지 인천산업용품유통센터 **동 ***호,PHMG120113500020047000003,3500000,"인천광역시 동구 방축로**번길 **, **동 ***호 (송현동, 인천산업용품유통단지)",22530,03,폐업,,,032-589-0098,33.94
GS25 학익석목점,2023-06-30,170733.231007457,438128.819261103,2026-04-22 22:33:29,I,03,폐업,2023-06-30 10:32:18,,2022-06-29,,인천광역시 미추홀구 학익동 **-** 석목법조빌딩,PHMG120223510513047000216,3510500,"인천광역시 미추홀구 학익소로 **, 석목법조빌딩 ***호 (학익동)",22218,03,폐업,,,,93.63
아주메디팜,2012-10-09,175883.201418746,445321.869580078,2026-04-22 22:32:37,I,03,폐업,2012-10-10 10:08:12,,2012-03-28,403-805,인천광역시 부평구 갈산*동 ***번지 *호,PHMG120123540021047000010,3540000,인천광역시 부평구 갈월동로**번길 **-** (갈산동),,03,폐업,,,,
두낫두,2025-03-26,174514.236377834,443141.245453521,2026-04-22 22:33:39,I,03,폐업,2025-03-26 13:39:26,,2019-02-27,,인천광역시 부평구 부평동 ***번지 **호,PHMG120193540021047000012,3540000,"인천광역시 부평구 신촌로 **-*, *층 (부평동)",21405,03,폐업,,,,88.02
올리브영 주안역점,,171655.850180091,440422.700708173,2026-04-22 22:32:35,I,13,영업중,2014-11-18 11:19:42,,2014-11-18,402-836,인천광역시 미추홀구 주안동 **-*번지 아이존쇼핑몰 A동 지하*층,PHMG120143510021047000085,3510500,"인천광역시 미추홀구 염창로 **, A동 지하*층 (주안동, 아이존쇼핑몰)",22128,01,영업/정상,,,,
하프월드,2009-08-11,175476.141223395,449024.025322202,2026-04-22 22:32:19,I,03,폐업,2009-08-11 16:52:14,,2009-03-26,407-806,인천광역시 계양구 계산*동 ***번지 *호 동성빌딩 *층,PHMG120093550020047000009,3550000,"인천광역시 계양구 경명대로 **** (계산동,동성빌딩 *층)",,03,폐업,,,,
난청엔보청기,,,,2026-04-22 22:32:47,I,13,영업중,2020-04-03 10:34:19,,2019-01-10,,인천광역시 미추홀구 용현동 *번지 엘에이치미추홀*단지,PHMG120193510513047000003,3510500,"인천광역시 미추홀구 낙섬중로 ***, 상가*동 ***호 (용현동, 엘에이치미추홀*단지)",22176,01,영업/정상,,,032-887-9888,46
올퍼블릭,,175754.088026773,443547.360991255,2026-04-22 22:36:04,I,13,영업중,2020-06-18 11:21:15,,2020-01-09,,인천광역시 부평구 부평동 ***번지 *호 다운타운일레븐,PHMG120203540021047000051,3540000,"인천광역시 부평구 대정로 **, 다운타운일레븐 *층 ***(***)호 (부평동)",21395,01,영업/정상,,,,
힐링샵(의료기체험방),,171237.158017001,438586.770901668,2026-04-22 22:35:22,I,13,영업중,2022-11-09 09:49:08,,2022-11-08,,인천광역시 미추홀구 주안동 ****-*,PHMG120223510513047000307,3510500,"인천광역시 미추홀구 인하로***번길 **, *층 (주안동)",22214,01,영업/정상,,,,25
씨유 숭의일등점,,169859.750525156,440344.262308641,2026-04-22 22:32:57,I,13,영업중,2022-02-09 20:58:48,,2022-02-09,,인천광역시 미추홀구 숭의동 *-***,PHMG120223510513047000070,3510500,"인천광역시 미추홀구 수봉안길**번길 **, *층 (숭의동)",22164,01,영업/정상,,,032-875-2173,32.15
CU관교동아점,,172897.733355514,438065.913697341,2026-04-22 22:33:50,I,13,영업중,2022-07-15 15:13:13,,2022-07-15,,인천광역시 미추홀구 관교동 **-* 동아아파트,PHMG120223510513047000232,3510500,"인천광역시 미추홀구 인하로***번길 *, 동아아파트 상가동 ***호 (관교동)",22241,01,영업/정상,,,032-426-8000,36.25
리더스셀러,,172644.740929594,439710.525629997,2026-04-22 22:32:55,I,13,영업중,2021-11-01 13:28:06,,2021-10-29,,인천광역시 미추홀구 주안동 ***-*,PHMG120213510513047000096,3510500,"인천광역시 미추홀구 경인로***번길 *, *층 ***호 (주안동)",22144,01,영업/정상,,,032-572-0402,247.5
이에스컴퍼니,,175126.717022995,446169.201205367,2026-04-22 22:33:00,I,15,전출,2018-03-16 18:01:51,,2017-08-24,,"인천광역시 부평구 청천동 ***번지 A동 B***-**호(*호실), 우림라이온스밸리",PHMG120173540021047000037,3540000,"인천광역시 부평구 부평대로 ***, A동 지하*층 B***-**(*호실)호 (청천동, 부평우림라이온스밸리)",21315,05,제외/삭제/전출,,,,3.61
포스트젠,,170639.096338695,438202.366391544,2026-04-22 22:32:28,I,13,영업중,2016-04-06 09:36:10,,2014-01-14,,인천광역시 미추홀구 학익동 **번지,PHMG120143510021047000001,3510500,"인천광역시 미추홀구 학익소로 **, ***호 (학익동, 한림법조타운)",22218,01,영업/정상,,,070-4179-2138,49
세븐일레븐 송림오거리점,2025-07-10,168501.035208388,441527.629656156,2026-04-22 22:32:08,I,03,폐업,2025-09-02 17:01:33,,2016-10-11,,,PHMG120163500020047000012,3500000,인천광역시 동구 샛골로 *** (송현동),22534,03,폐업,,,,
CU산곡한화점,2016-12-30,173737.083522871,444989.638205687,2026-04-22 22:32:49,I,03,폐업,2016-12-30 18:14:26,,2014-11-03,403-834,인천광역시 부평구 산곡동 ***번지 **호 한화프라자 ***호,PHMG120143540021047000072,3540000,인천광역시 부평구 마장로 *** (산곡동),21362,03,폐업,,,032-528-9029,44.9
시즌,,168862.508938831,441544.26890841,2026-04-22 22:32:21,I,15,전출,2022-05-12 09:35:55,,2021-02-09,,인천광역시 동구 송림동 *** 동산휴먼시아 ***동 ***호,PHMG120213500020047000005,3500000,"인천광역시 동구 재능로 ***, ***동 *층 ***호 (송림동, 동산휴먼시아)",22571,05,제외/삭제/전출,,,,
상록팜,2023-01-18,177395.488631964,451974.165562774,2026-04-22 22:32:52,I,03,폐업,2023-01-18 17:52:40,,2020-06-25,,인천광역시 계양구 귤현동 ***번지 *호 성도빌딩,PHMG120203550020047000039,3550000,"인천광역시 계양구 만봉길 **, 성도빌딩 *층 (귤현동)",21016,03,폐업,,,,40
신성메디,2015-04-03,176694.119479296,449254.861161551,2026-04-22 22:32:37,I,03,폐업,2015-04-06 12:55:57,,2015-01-05,407-814,인천광역시 계양구 임학동 **번지 훼밀리코아 ****호,PHMG120153550020047000001,3550000,"인천광역시 계양구 임학동로 **, ****호 (임학동, 훼밀리코아)",,03,폐업,,,,6.21
에스에스글로벌,,174462.149942176,444708.857734253,2026-04-22 22:39:12,I,13,영업중,2025-04-16 14:46:21,,2023-11-01,,인천광역시 부평구 산곡동 ***-** 지하*층 B**호,PHMG120233540021047000128,3540000,"인천광역시 부평구 원적로***번길 **-**, 지하*층 B**호 (산곡동)",21363,01,영업/정상,,,,
에치와이상동점,2025-07-04,177034.304273657,446326.992393045,2026-04-22 22:38:40,I,03,폐업,2025-06-24 09:45:36,,2022-03-23,,인천광역시 부평구 삼산동 ***-** *층,PHMG120223540021047000148,3540000,"인천광역시 부평구 대보로**번길 **-**, *층 (삼산동)",21321,03,폐업,,,,
엔아이메디칼,2015-12-17,171476.034223225,438585.732383988,2026-04-22 22:32:22,I,03,폐업,2015-12-17 15:11:05,,2012-01-06,402-852,인천광역시 미추홀구 주안동 ****-*번지 통일상가 A동 ***,PHMG120123510021047000002,3510500,인천광역시 미추홀구 인하로***번길 ** (주안동),22215,03,폐업,,,,21
씨제이올리브영(주)주안역점,2012-09-21,171655.850180091,440422.700708173,2026-04-22 22:32:24,I,03,폐업,2012-09-21 17:36:04,,2012-09-07,402-836,인천광역시 미추홀구 주안동 **-*번지 아이존쇼핑몰 A동 지하*층 ***호,PHMG120123510021047000024,3510500,인천광역시 미추홀구 염창로 ** (주안동),,03,폐업,,,032-875-5290,127
경인메디칼,2020-11-05,170824.845659709,437924.657305194,2026-04-22 22:32:08,I,03,폐업,2020-11-05 15:46:16,,2008-07-16,402-041,인천광역시 미추홀구 학익동 **-**번지,PHMG120083510021047000007,3510500,"인천광역시 미추홀구 학익소로**번길 **-**, *층 ***호 (학익동)",22222,03,폐업,,,032-873-1712,70
세븐일레븐 인천부평동수점,,175211.148914786,442640.434231293,2026-04-22 22:39:04,I,13,영업중,2022-11-10 15:00:42,,2022-11-10,,인천광역시 부평구 부평동 ***-** *층,PHMG120223540021047000343,3540000,"인천광역시 부평구 경인로***번길 **, *층 (부평동)",21424,01,영업/정상,,,,
지프알룩스,2019-10-21,171717.988553574,437539.384812393,2026-04-22 22:32:05,I,24,직권폐업,2019-11-21 19:47:20,,2005-06-27,,인천광역시 미추홀구 문학동 ***번지 **호,PHMG120053510021047000010,3510500,인천광역시 미추홀구 매소홀로***번길 **-** (문학동),22231,04,취소/말소/만료/정지/중지,,,,
나이스베이비,2019-08-08,,,2026-04-22 22:32:05,I,03,폐업,2019-08-09 09:54:28,,2007-01-15,,인천 미추홀구 주안*동 ****-**,PHMG120073510021047000001,3510500,,,03,폐업,,,,
간석베비라,2019-10-21,171800.623963883,439576.225664385,2026-04-22 22:31:59,I,24,직권폐업,2019-11-21 19:33:29,,2001-06-27,,인천광역시 미추홀구 주안동 ***번지 *호,PHMG120013510021047000002,3510500,인천광역시 미추홀구 경인로***번길 * (주안동),22148,04,취소/말소/만료/정지/중지,,,,
유케이메디칼,2015-04-10,176785.252015533,446424.588168213,2026-04-22 22:32:34,I,03,폐업,2015-04-10 13:48:34,,2010-10-14,403-091,인천광역시 부평구 삼산*동 **번지 *호 지층*호,PHMG120103540021047000042,3540000,"인천광역시 부평구 후정동로 **, 지층 *호 (삼산동)",,03,폐업,,,,
한창의료기,2016-02-03,172486.709741299,439685.399078495,2026-04-22 22:32:20,I,03,폐업,2016-02-04 11:32:04,,2011-09-01,402-848,인천광역시 미추홀구 주안동 ***-*번지 ***호,PHMG120113510021047000025,3510500,"인천광역시 미추홀구 경원대로 *** (주안동,***호)",,03,폐업,,,032-427-7589,93.5
에이티아이,2025-02-04,173271.054767748,445821.62858653,2026-04-22 22:39:14,I,03,폐업,2025-02-04 11:05:05,,2024-03-28,,인천광역시 부평구 청천동 **-** 그랜드뷰 ***호,PHMG120243540021047000042,3540000,"인천광역시 부평구 세월천로 ***, ***호 (청천동, 그랜드뷰)",21307,03,폐업,,,,57.93
씨앤케이텍스,,168477.298137636,439783.895697793,2026-04-22 22:32:48,I,13,영업중,2019-08-29 09:43:03,,2018-09-14,,인천광역시 미추홀구 숭의동 ***번지 *호 삼성타워,PHMG120193510513047000039,3510500,"인천광역시 미추홀구 인주대로**번길 **, 삼성타워 ****호 (숭의동)",22173,01,영업/정상,,,,83.15
프로톤,2017-07-04,173337.723864025,441264.946775833,2026-04-22 22:32:23,I,03,폐업,2017-07-04 10:32:29,,2008-05-26,403-130,인천광역시 부평구 십정동 ***번지* *층(일부),PHMG120083540021047000015,3540000,"인천광역시 부평구 열우물로 **, *층 (십정동)",21452,03,폐업,,,032-431-2470,
신화덴탈,2010-04-21,175288.740580827,444431.652331806,2026-04-22 22:32:19,I,03,폐업,2010-04-21 15:05:09,,2007-02-01,403-819,인천광역시 부평구 부평*동 ***번지 **호 *동 *층,PHMG120073540021047000002,3540000,"인천광역시 부평구 부평대로 *** (부평동,*동 *층)",,03,폐업,,,,
메디넥스,,175908.078280783,446410.65035303,2026-04-22 22:39:19,I,13,영업중,2026-04-01 17:29:11,,2025-03-10,,인천광역시 부평구 갈산동 **-* *층 일부(***호)호,PHMG120253540021047000014,3540000,"인천광역시 부평구 주부토로***번길 *, *층 일부(***호)호 (갈산동)",21317,01,영업/정상,,,,28
(주)오케이메디케어,,176502.553281765,446309.70528728,2026-04-22 22:38:10,I,15,전출,2023-06-30 09:09:35,,2021-06-15,,"인천광역시 부평구 삼산동 ***-** 경은교회, *층 일부",PHMG120213540021047000095,3540000,"인천광역시 부평구 장제로***번길 **, 경은교회 *층 일부호 (삼산동)",21318,05,제외/삭제/전출,,,,
숭의홈플러스 해피랜드f&c,,,,2026-04-22 22:32:26,I,13,영업중,2012-11-30 11:28:30,,2012-11-27,402-816,인천광역시 미추홀구 숭의동 ***-*번지 홈플러스숭의점 지하*층,PHMG120123510021047000032,3510500,"인천광역시 미추홀구 석정로 ** (숭의동,홈플러스숭의점 지하*층)",22160,01,영업/정상,,,032-888-9458,55.4
국제의료기,2016-06-21,,,2026-04-22 22:31:52,I,03,폐업,2016-06-21 17:42:58,,2002-05-13,,인천광역시 동구 송현*동 **-**,PHMG120023500020047000004,3500000,,,03,폐업,,,032-765-3883,
지에스25주안뉴미래점,,171874.955738941,439780.032268539,2026-04-22 22:34:42,I,13,영업중,2022-08-26 16:26:44,,2022-08-26,,인천광역시 미추홀구 주안동 **-* 신동아화재 인천지사,PHMG120223510513047000273,3510500,"인천광역시 미추홀구 주안중로 **, 신동아화재 인천지사 *층 (주안동)",22140,01,영업/정상,,,032-446-9550,109.89
글로콘,2024-08-05,176534.72,445071.1,2026-04-22 22:39:15,I,03,폐업,2024-08-05 20:48:37,,2024-05-24,,인천광역시 부평구 삼산동 ***-* 창성프라자 *층 일부(***-***)호,PHMG120243540021047000059,3540000,"인천광역시 부평구 충선로***번길 **, 창성프라자 *층 일부(***-***)호 (삼산동)",21344,03,폐업,,,,
주옥,2025-07-10,167291.286733408,441876.557301771,2026-04-22 22:32:33,I,03,폐업,2025-07-09 16:22:22,,2024-07-29,,인천광역시 동구 화평동 ***,PHMG120243500020047000006,3500000,"인천광역시 동구 화도진로 **, *층 (화평동)",22519,03,폐업,,,,96.31
(주)베프,2019-07-30,,,2026-04-22 22:32:08,I,03,폐업,2019-07-30 11:22:36,,2016-06-30,,,PHMG120163500020047000007,3500000,"인천광역시 동구 방축로**번길 **, *동 ***호 (송현동, 인천산업용품유통단지)",22530,03,폐업,,,1661-8240,26.06
(주)씨앤에스,2012-01-19,,,2026-04-22 22:32:14,I,03,폐업,2012-01-19 17:40:21,,2005-08-29,403-824,인천광역시 부평구 부평동 ***번지*(가동 *층),PHMG120053540021047000019,3540000,,,03,폐업,,,032-525-0040,
펄스온생명공학,2017-05-08,167988.603004123,438953.920270135,2026-04-22 22:32:44,I,03,폐업,2017-05-08 12:59:58,,2016-12-15,,,PHMG120163510021047000087,3510500,"인천광역시 미추홀구 토금중로**번길 *, *층 (용현동)",22187,03,폐업,,,,130.74
탁월한내과의원,,176600.119424585,445146.367348796,2026-04-22 22:35:41,I,13,영업중,2020-04-09 10:26:49,,2020-04-06,,인천광역시 부평구 삼산동 ***번지 *호 신영프라자,PHMG120203540021047000030,3540000,"인천광역시 부평구 체육관로 **, 신영프라자 *층 (삼산동)",21344,01,영업/정상,,,032-710-8575,3.3
에이치아이씨(HIC),,176312.37779868,445042.959140817,2026-04-22 22:36:42,I,13,영업중,2020-12-17 15:47:18,,2020-12-17,,인천광역시 부평구 삼산동 ***-* 삼산메디캐슬 ***호,PHMG120203540021047000088,3540000,"인천광역시 부평구 길주로 ***, 삼산메디캐슬 ***호 (삼산동)",21344,01,영업/정상,,,032-507-4122,113.68
씨유 귤현중앙점,,177493.558894028,451698.8364793,2026-04-22 22:37:38,I,13,영업중,2025-02-27 11:06:27,,2025-02-26,,인천광역시 계양구 귤현동 ***-* 호성빌딩,PHMG120253550020047000012,3550000,"인천광역시 계양구 양지로 ***, 호성빌딩 ***, ***호 (귤현동)",21016,01,영업/정상,,,,
씨유 계산태양점,2019-06-04,175174.233921132,449109.474453915,2026-04-22 22:32:45,I,03,폐업,2019-06-04 17:15:01,,2016-10-19,,,PHMG120163550020047000076,3550000,"인천광역시 계양구 경명대로 ****, *층 (계산동, 창선*빌딩)",21037,03,폐업,,,,50.29
GS25주안월드점,,172716.061935027,439901.100418192,2026-04-22 22:32:55,I,13,영업중,2022-02-04 20:51:00,,2022-02-04,,인천광역시 미추홀구 주안동 ***-**,PHMG120223510513047000019,3510500,"인천광역시 미추홀구 경인로***번길 **, *층 (주안동)",22144,01,영업/정상,,,032-423-1365,79.12
제이케이(JK)메디케어,,175436.153537885,445102.29547521,2026-04-22 22:39:08,I,15,전출,2025-06-05 09:01:31,,2023-02-08,,인천광역시 부평구 갈산동 ***-* 삼희빌딩 ***호 일부,PHMG120233540021047000029,3540000,"인천광역시 부평구 갈월서로 *, 삼희빌딩 ***호 일부호 (갈산동)",21338,05,제외/삭제/전출,,,,
강화 닥터존,,155654.805039988,471416.341840415,2026-04-22 22:32:24,I,13,영업중,2025-07-10 13:20:42,,2025-07-09,,인천광역시 강화군 강화읍 갑곳리 **-* 꼬마베토벤음악학원,PHMG120253570013047000004,3570000,"인천광역시 강화군 강화읍 갑룡길 **, 꼬마베토벤음악학원 *층",23024,01,영업/정상,,,,98.28
준메디텍,,176238.354511773,448990.44142886,2026-04-22 22:32:53,I,13,영업중,2025-03-31 13:00:32,,2021-03-17,,인천광역시 계양구 계산동 **-* 명인프라자*,PHMG120213550020047000020,3550000,"인천광역시 계양구 경명대로 ****, 명인프라자* *층 ***-*호 (계산동)",21056,01,영업/정상,,,,18.18
웰러스코리아,,168153.436391366,439403.748242145,2026-04-22 22:32:07,I,13,영업중,2011-07-19 12:00:17,,2007-06-29,402-022,인천광역시 미추홀구 용현동 ***-*번지 *층,PHMG120073510021047000012,3510500,"인천광역시 미추홀구 아암대로**번길 **  (용현동,*층)",,01,영업/정상,,,032-881-3965,80.77
세븐일레븐 인천효성본점,2017-01-02,174112.754081869,447772.100792065,2026-04-22 22:32:38,I,03,폐업,2017-01-03 13:02:41,,2015-05-20,407-042,인천광역시 계양구 효성동 **번지,PHMG120153550020047000030,3550000,인천광역시 계양구 안남로***번길 ** (효성동),21098,03,폐업,,,,72.6
다온,,176670.557328086,448161.309575535,2026-04-22 22:32:46,I,15,전출,2018-06-26 17:34:03,,2017-11-09,,인천광역시 계양구 계산동 ****번지 *호 대산월드프라자,PHMG120173550020047000055,3550000,"인천광역시 계양구 계양문화로 **, **층 ****호 (계산동)",21069,05,제외/삭제/전출,,,,4.56
대한보청기(주) 부평지사,,175448.940564208,443620.730590249,2026-04-22 22:32:34,I,13,영업중,2016-11-14 16:57:57,,2010-08-02,403-011,인천광역시 부평구 부평*동 ***번지 **호,PHMG120103540021047000032,3540000,인천광역시 부평구 부평대로**번길 * (부평동),21393,01,영업/정상,,,032-516-2200,
그린보청기 전문센터 인천주안점,,171602.158156036,440026.355451727,2026-04-22 22:32:55,I,13,영업중,2025-03-31 17:03:05,,2021-12-07,,인천광역시 미추홀구 주안동 ***-* 부성PINE,PHMG120213510513047000107,3510500,"인천광역시 미추홀구 미추홀대로***번길 *, 부성PINE *층 *호 (주안동)",22136,01,영업/정상,,,032-710-0987,112.15
웰빙스토어,,175354.577050503,446142.571446844,2026-04-22 22:33:00,I,13,영업중,2017-12-07 17:42:06,,2017-12-06,,"인천광역시 부평구 갈산동 ***번지 **호 창신빌딩, *층 **호실",PHMG120173540021047000058,3540000,"인천광역시 부평구 부평대로 ***, *층 **호 (갈산동, 창신빌딩)",21316,01,영업/정상,,,070-4699-3391,14.16
이룸보청기,,168948.120006502,439525.709549062,2026-04-22 22:32:20,I,13,영업중,2020-10-05 11:46:25,,2011-09-29,402-831,인천광역시 미추홀구 용현동 ***-*번지 (독배로 ***),PHMG120113510021047000027,3510500,"인천광역시 미추홀구 독배로 ***  (용현동,(독배로 ***))",,01,영업/정상,,,032-889-2686,10
지구박스,2026-01-13,177184.065896486,449400.5138135,2026-04-22 22:33:01,I,03,폐업,2026-01-13 14:54:33,,2022-05-10,,인천광역시 계양구 병방동 ***-** 대도빌라,PHMG120223550020047000130,3550000,"인천광역시 계양구 병방로 **, ***호 (병방동, 대도빌라)",21028,03,폐업,,,,
사랑복지용구센터,2026-02-27,172105.975995513,440002.867795957,2026-04-22 22:32:41,I,03,폐업,2026-03-03 10:03:59,,2016-08-05,,인천광역시 미추홀구 주안동 **-* 트인자리애,PHMG120163510021047000053,3510500,"인천광역시 미추홀구 주안동로 **-*, ***동 *층 ***호 (주안동, 트인자리애)",22135,03,폐업,,,032-424-5655,18
GS25 인천박촌점,,177438.104092741,450570.107437158,2026-04-22 22:32:57,I,13,영업중,2022-02-15 15:01:36,,2022-02-15,,인천광역시 계양구 박촌동 **-* 킹스빌타운,PHMG120223550020047000059,3550000,"인천광역시 계양구 장제로****번길 *, ***동 ***호 (박촌동, 킹스빌타운)",21020,01,영업/정상,,,,
씨유 계양맘모스점,2024-05-28,176560.040684691,447971.975020819,2026-04-22 22:32:57,I,03,폐업,2024-05-28 17:39:52,,2022-02-10,,인천광역시 계양구 작전동 ***-* 맘모스타운,PHMG120223550020047000046,3550000,"인천광역시 계양구 도두리로 **, 맘모스타운 *층 ***호 (작전동)",21079,03,폐업,,,,
(주)엔에스와이메디컬,2015-10-26,177310.587585115,442584.377398412,2026-04-22 22:32:39,I,03,폐업,2015-10-26 16:39:23,,2014-01-03,403-110,인천광역시 부평구  ***번지 *호 *층,PHMG120143540021047000002,3540000,"인천광역시 부평구 경인로 ****-*, *층 (일신동)",21419,03,폐업,,,,
김정문알로에 부평점,,175549.25407905,443831.741725534,2026-04-22 22:39:08,I,13,영업중,2023-03-17 10:17:23,,2014-02-06,,인천광역시 부평구 부평동 ***-* ***호,PHMG120233540021047000046,3540000,"인천광역시 부평구 대정로 **, ***호 (부평동)",21393,01,영업/정상,,,032-552-3690,38.71
에스앤엠,2018-12-31,171476.034223225,438585.732383988,2026-04-22 22:32:38,I,03,폐업,2019-01-08 15:03:46,,2015-12-17,,인천광역시 미추홀구 주안동 ****-*번지,PHMG120153510021047000074,3510500,"인천광역시 미추홀구 인하로***번길 **, A동 ***호 (주안동, 통일시장)",22215,03,폐업,,,,24.3
(주)큐어시스,2013-08-19,176480.42152725,445110.580172669,2026-04-22 22:32:31,I,03,폐업,2013-08-19 14:56:52,,2009-10-27,403-091,인천광역시 부평구 삼산*동 ***번지 *호,PHMG120093540021047000042,3540000,인천광역시 부평구 길주로***번길 ** (삼산동),,03,폐업,,,032-624-2700,
해피월드멀티샵,2012-05-01,154909.510758865,471418.124660036,2026-04-22 22:32:04,I,03,폐업,2012-05-01 19:08:30,,2012-01-11,417-801,인천광역시 강화군 강화읍 갑곳리 ***번지 *호,PHMG120123570013047000001,3570000,인천광역시 강화군 강화읍 강화대로 ***,,03,폐업,,,070-4245-7711,392.7
씨유 문학허브점,2016-12-28,171988.617584291,437321.530391968,2026-04-22 22:32:38,I,03,폐업,2016-12-30 08:52:27,,2016-04-18,,,PHMG120163510021047000021,3510500,인천광역시 미추홀구 소성로 *** (문학동),22235,03,폐업,,,032-427-2819,
맘메디칼,,175268.158001601,447700.66082697,2026-04-22 22:32:48,I,15,전출,2020-02-17 16:16:52,,2019-04-08,,인천광역시 계양구 작전동 ***번지 부내빌딩 ***호,PHMG120193550020047000013,3550000,"인천광역시 계양구 가현*길 *, 부내빌딩 ***호 (작전동)",21046,05,제외/삭제/전출,,,,85.2
정인기획사,,175443.645845666,448107.715162245,2026-04-22 22:32:55,I,13,영업중,2021-07-26 11:07:25,,2021-07-26,,인천광역시 계양구 작전동 ***-**,PHMG120213550020047000075,3550000,"인천광역시 계양구 계양대로 ***, *층 (작전동)",21088,01,영업/정상,,,032-542-2981,92
렌즈타운,2016-06-16,172851.248553355,441040.515366149,2026-04-22 22:32:35,I,03,폐업,2016-06-16 21:15:29,,2011-01-11,403-131,인천광역시 부평구 십정*동 ***번지 *호 *층,PHMG120113540021047000003,3540000,"인천광역시 부평구 백범로 ***, *층 (십정동)",21455,03,폐업,,,032-428-7300,
부평레푸스,,175224.311282633,443233.018452387,2026-04-22 22:39:06,I,13,영업중,2022-12-19 17:43:47,,2022-12-15,,인천광역시 부평구 부평동 ***-** ***-*호 일부,PHMG120223540021047000374,3540000,"인천광역시 부평구 경원대로 ****, ***-*호 일부호 (부평동)",21404,01,영업/정상,,,032-516-1007,9.56
주식회사 비알피랩스,,175822.304081398,445934.810716632,2026-04-22 22:39:14,I,13,영업중,2025-09-30 15:03:51,,2022-03-29,,인천광역시 부평구 갈산동 ** 인천테크노밸리 U*센터 A동 *층 ***호,PHMG120243540021047000052,3540000,"인천광역시 부평구 주부토로 ***, 인천테크노밸리 U*센터 A동 *층 ***호 (갈산동)",21330,01,영업/정상,,,070-8672-4276,61.98
초이스스킨,2017-07-19,176600.119424585,445146.367348796,2026-04-22 22:32:22,I,03,폐업,2017-07-19 15:18:25,,2008-02-05,403-090,인천광역시 부평구 삼산동 ***번지*  신영프라자 ***호,PHMG120083540021047000003,3540000,"인천광역시 부평구 체육관로 **, ***호 (삼산동, 신영프라자)",21344,03,폐업,,,032-513-1614,
진메디텍,2017-07-04,173864.080121816,441157.163788087,2026-04-22 22:32:43,I,03,폐업,2017-07-04 10:32:46,,2014-06-12,403-849,인천광역시 부평구 십정동 ***번지 *호,PHMG120143540021047000026,3540000,인천광역시 부평구 경인로***번길 ** (십정동),21438,03,폐업,,,,28
성화컴퍼니,,173786.970667674,441718.355563765,2026-04-22 22:39:09,I,13,영업중,2023-05-22 15:42:06,,2023-05-20,,인천광역시 부평구 십정동 *** 동암신동아아파트 ***동 ****호,PHMG120233540021047000066,3540000,"인천광역시 부평구 아트센터로 ***, ***동 ****호 (십정동, 동암신동아아파트)",21434,01,영업/정상,,,,
(주)이코스웨이코리아 부평산곡점,2013-12-27,173631.004087484,445684.139041273,2026-04-22 22:32:35,I,03,폐업,2013-12-27 10:09:38,,2011-02-16,403-021,인천광역시 부평구 산곡*동 **번지 **호,PHMG120113540021047000011,3540000,인천광역시 부평구 세월천로 ** (산곡동),,03,폐업,,,,
범정무역,2010-05-10,168086.192629214,441426.686907203,2026-04-22 22:31:53,I,24,직권폐업,2016-06-09 11:53:39,,2010-05-10,,인천광역시 동구 송림동 ***-**,PHMG120053500020047000003,3500000,인천광역시 동구 송림로 ** (송림동),22542,04,취소/말소/만료/정지/중지,,,032-766-0012,
청도메디컬,,176769.952560994,442381.346290766,2026-04-22 22:32:20,I,13,영업중,2017-07-10 15:15:35,,2007-04-18,403-811,인천광역시 부평구 부개동 ***번지 **호,PHMG120073540021047000008,3540000,인천광역시 부평구 마분로 **-* (부개동),21421,01,영업/정상,,,032-330-8272,
지메디솔루션,2018-08-07,176758.03,448160.85,2026-04-22 22:32:38,I,03,폐업,2018-08-07 15:41:49,,2015-05-20,407-054,인천광역시 계양구 계산동 ****번지 *호 주영빌딩 *층 *호,PHMG120153550020047000031,3550000,"인천광역시 계양구 오조산로**번길 *-*, *층 *호 (계산동, 주영빌딩)",21069,03,폐업,,,,46.27
더온의료기 효성지점,,174381.156665122,446999.405691712,2026-04-22 22:32:52,I,15,전출,2021-10-25 17:14:35,,2020-11-10,,인천광역시 계양구 효성동 ***-**,PHMG120203550020047000048,3550000,"인천광역시 계양구 안남로 ***, *층 (효성동)",21113,05,제외/삭제/전출,,,,197.4
KS메디칼,,175658.268315376,449209.149467316,2026-04-22 22:32:55,I,13,영업중,2021-10-13 10:12:39,,2020-02-03,,인천광역시 계양구 계산동 ***-** 나드리상가,PHMG120213550020047000087,3550000,"인천광역시 계양구 하느재로 **, 나드리상가 *층 ***호 (계산동)",21040,01,영업/정상,,,,
GS25부평엠씨티점,2025-01-08,176115.957227555,443226.336682202,2026-04-22 22:32:54,I,03,폐업,2025-01-08 16:17:32,,2015-04-30,403-015,인천광역시 부평구 부평동 ***번지 *호,PHMG120153540021047000029,3540000,"인천광역시 부평구 장제로 **, *층 (부평동)",21400,03,폐업,,,032-512-1032,42.55
케이앤에이치토목자재,2023-11-10,168551.278828001,440395.73666431,2026-04-22 22:37:20,I,03,폐업,2023-11-13 10:08:32,,2023-07-05,,인천광역시 미추홀구 숭의동 ***-* 광해리드빌,PHMG120233510513047000074,3510500,"인천광역시 미추홀구 미추로 **, ***호 (숭의동, 광해리드빌)",22170,03,폐업,,,,76
브이커머 인터내셔널,,173823.467762646,444234.594012174,2026-04-22 22:33:43,I,13,영업중,2019-03-08 09:16:19,,2019-03-08,,인천광역시 부평구 산곡동 ***번지 *호 산곡우성*차아파트,PHMG120193540021047000015,3540000,"인천광역시 부평구 부흥로***번길 **, ***동 ****호 (산곡동, 산곡우성*차아파트)",21376,01,영업/정상,,,,109.2
모아베이비,2017-07-05,176238.624820895,445107.924835985,2026-04-22 22:32:36,I,03,폐업,2017-07-05 14:11:45,,2011-07-07,403-866,인천광역시 부평구 삼산*동 ***번지 *호 롯데마트 삼산점 지하*층,PHMG120113540021047000045,3540000,"인천광역시 부평구 길주로 ***, 지하*층 (삼산동, 롯데마트 삼산점)",21344,03,폐업,,,,
토브컴퍼니,,154853.063607487,459914.424224821,2026-04-22 22:32:22,I,13,영업중,2023-11-03 09:21:11,,2021-05-14,,인천광역시 강화군 길상면 온수리 ***-* 수현 루비 프라자 가동 ***호,PHMG120233570013047000016,3570000,인천광역시 강화군 길상면 온수길**번길 * (수현 루비 프라자),23050,01,영업/정상,,,,
위더스메디칼,2023-10-13,169653.061072083,442555.053277966,2026-04-22 22:32:08,I,03,폐업,2023-10-13 14:38:38,,2023-10-13,,인천광역시 동구 송림동 ***번지 인천산업용품유통단지,PHMG120163500020047000011,3500000,"인천광역시 동구 방축로 ***, 인천산업용품유통단지 **동 ***호 (송림동)",22530,03,폐업,,,070-4038-6147,26.06
(주)치아세상,,172251.370630009,439900.675176047,2026-04-22 22:37:29,I,13,영업중,2024-11-29 11:27:28,,2014-09-17,,인천광역시 미추홀구 주안동 **-** LG홈타운,PHMG120233510513047000083,3510500,"인천광역시 미추홀구 경원대로***번길 **-**, B**-*호 (주안동, LG홈타운)",22134,01,영업/정상,,,1644-2833,7.5
삼성스토어 부평,2024-09-05,175028.718887604,445052.683762343,2026-04-22 22:39:09,I,03,폐업,2024-09-05 10:53:18,,2023-04-03,,인천광역시 부평구 청천동 ***-* *층 일부,PHMG120233540021047000053,3540000,"인천광역시 부평구 길주로 ***, *층 일부호 (청천동)",21364,03,폐업,,,,45
(주)다산이엔티,2016-07-04,172445.392215734,441705.224536301,2026-04-22 22:32:36,I,03,폐업,2016-07-04 16:03:15,,2011-09-06,403-844,인천광역시 부평구 십정*동 ***번지 *동 *층,PHMG120113540021047000055,3540000,"인천광역시 부평구 가좌로**번길 ** (십정동,*동 *층)",,03,폐업,,,032-715-5900,
디엘코리아,,175842.114452035,444157.698706886,2026-04-22 22:35:15,I,13,영업중,2020-02-14 11:29:24,,2020-02-13,,인천광역시 부평구 부평동 ***번지 **호 현대빌리지,PHMG120203540021047000009,3540000,"인천광역시 부평구 부흥로***번길 **-*, *층 ***호 (부평동, 현대빌리지)",21360,01,영업/정상,,,,100.72
한빛에벤에셀,,175107.6255226,447184.739517242,2026-04-22 22:32:05,I,13,영업중,2018-06-11 14:00:18,,2005-01-17,,인천광역시 계양구 효성동 ***번지 *호 모닝프라자 ***호,PHMG120053550020047000001,3550000,"인천광역시 계양구 아나지로***번길 **, 모닝프라자 *층 ***호 (효성동)",21111,01,영업/정상,,,032-552-7690,
롯데백화점 부평점 BB하우스,,175119.872281497,443502.318221991,2026-04-22 22:32:34,I,13,영업중,2013-10-30 17:09:22,,2010-06-30,403-818,인천광역시 부평구 부평*동 **번지 ***호 *층,PHMG120103540021047000027,3540000,"인천광역시 부평구 부평문화로 **, *층 (부평동)",21387,01,영업/정상,,,,10
세븐일레븐 작전풍림점,2025-07-10,176247.839683636,447280.743896053,2026-04-22 22:33:00,I,03,폐업,2025-07-10 13:58:19,,2022-03-21,,인천광역시 계양구 작전동 *** 작전동풍림아이원아파트,PHMG120223550020047000093,3550000,"인천광역시 계양구 장제로 ***, 작전동풍림아이원아파트 상가동 *층 ***호 (작전동)",21118,03,폐업,,,,32.02
주식회사 원덴탈시스템,,171663.382888161,439762.501409341,2026-04-22 22:32:37,I,13,영업중,2015-08-07 11:11:16,,2015-08-07,,인천광역시 미추홀구 주안동 ***-*번지 *층,PHMG120153510021047000046,3510500,"인천광역시 미추홀구 미추홀대로 ***, *층 (주안동)",22140,01,영업/정상,,,,58.32
아이라나,2024-12-24,176182.809178146,443504.476447433,2026-04-22 22:35:40,I,03,폐업,2024-12-24 10:16:45,,2020-04-02,,인천광역시 부평구 부평동 ***번지 **호 광명아트빌,PHMG120203540021047000029,3540000,"인천광역시 부평구 장제로**번길 **, *동 ***호 (부평동, 광명아트빌)",21399,03,폐업,,,,
이든네이쳐,2021-03-18,172306.536483199,439617.540616179,2026-04-22 22:32:40,I,03,폐업,2021-03-19 09:58:12,,2016-07-29,,인천광역시 미추홀구 주안동 ****-* 양소아과의원,PHMG120163510021047000051,3510500,"인천광역시 미추홀구 경인로 ***, 양소아과의원 *층 (주안동)",22141,03,폐업,,,,150
(주)원삼메디,,172420.982023421,441266.92520377,2026-04-22 22:32:37,I,13,영업중,2023-11-14 11:45:16,,2011-12-15,,인천광역시 부평구 십정동 ***번지 **호 *층일부,PHMG120113540021047000069,3540000,"인천광역시 부평구 가재울로 *** (십정동, *층일부)",21449,01,영업/정상,,,1644-7031,53.97
다산과학,2019-03-04,169245.035900746,442065.538742304,2026-04-22 22:32:38,I,03,폐업,2019-03-05 17:59:01,,2015-11-17,,인천광역시 미추홀구 도화동 **-*번지,PHMG120153510021047000066,3510500,인천광역시 미추홀구 봉수대로**번길 ** (도화동),22109,03,폐업,,,,48
주식회사 린컴퍼니,,175716.917043604,443520.524049796,2026-04-22 22:39:16,I,13,영업중,2024-07-24 10:13:02,,2024-07-24,,인천광역시 부평구 부평동 ***-** *층 ***호,PHMG120243540021047000075,3540000,"인천광역시 부평구 시장로 **, *층 ***호 (부평동)",21395,01,영업/정상,,,,28.75
지에스25계산중앙점,,176436.702417017,448563.702360568,2026-04-22 22:35:13,I,13,영업중,2023-07-24 19:00:55,,2023-07-24,,인천광역시 계양구 계산동 ****-* 정현빌딩,PHMG120233550020047000053,3550000,"인천광역시 계양구 장제로 ***, 정현빌딩 *층 (계산동)",21058,01,영업/정상,,,,
이마트24알동암점,,173624.401645785,441182.1428069,2026-04-22 22:37:54,I,13,영업중,2021-05-12 10:16:55,,2021-05-07,,"인천광역시 부평구 십정동 ***-** 청담빌딩, *층 일부",PHMG120213540021047000067,3540000,"인천광역시 부평구 동암광장로**번길 **, 청담빌딩 *층 일부호 (십정동)",21445,01,영업/정상,,,,118.4
(주)비지에프리테일 계산에이스점,2015-06-30,175454.143729629,449012.969410303,2026-04-22 22:32:37,I,03,폐업,2015-07-01 09:27:25,,2015-02-04,407-806,인천광역시 계양구 계산동 ***번지 에이스타운 *층,PHMG120153550020047000005,3550000,"인천광역시 계양구 계양대로 ***, *층 (계산동, 에이스타운 )",,03,폐업,,,,36.3
세븐일레븐강화삼성점,2022-06-17,151785.590215761,467984.297813169,2026-04-22 22:32:07,I,03,폐업,2022-06-17 18:21:31,,2016-05-23,,인천광역시 강화군 불은면 삼성리 ***번지 **호,PHMG120163570013047000003,3570000,인천광역시 강화군 불은면 중앙로 ***,23038,03,폐업,,,032-937-7097,3.3
와이엠 메디컬,2024-01-04,169226.889631696,442817.65455975,2026-04-22 22:32:29,I,03,폐업,2024-01-04 15:54:48,,2024-01-04,,인천광역시 동구 송현동 *** 인천산업용품유통단지 *동 ***호,PHMG120233500020047000003,3500000,"인천광역시 동구 방축로**번길 **, 인천산업용품유통단지 *동 ***호 (송현동)",22530,03,폐업,,,,
한국천기권,2017-04-03,176718.732385136,449568.041022221,2026-04-22 22:32:45,I,03,폐업,2017-04-05 10:18:08,,2016-11-04,,인천광역시 계양구 병방동 ***번지,PHMG120163550020047000081,3550000,"인천광역시 계양구 병방시장로 **, *층 (병방동)",21025,03,폐업,,,,137.48
필덴트,,175973.713925042,442929.073592721,2026-04-22 22:32:18,I,13,영업중,2008-12-06 11:42:37,,2006-12-28,403-827,인천광역시 부평구 부평동 ***번지 **호,PHMG120063540021047000012,3540000,인천광역시 부평구 장제로 ** (부평동),21406,01,영업/정상,,,032-203-4978,
진현메디칼,2016-05-23,175126.717022995,446169.201205367,2026-04-22 22:32:55,I,03,폐업,2016-05-23 19:15:09,,2016-01-14,,인천광역시 부평구 청천동 ***번지 부평우림라이온스밸리A-B***-*호일부,PHMG120163540021047000003,3540000,"인천광역시 부평구 부평대로 *** (청천동, 부평우림라이온스밸리A-B***-*호일부)",21315,03,폐업,,,,5.55
아이바디 계양,2008-02-14,,,2026-04-22 22:32:09,I,03,폐업,2009-04-22 11:22:35,,2007-04-26,407-050,인천광역시 계양구 계산동 ****(B동 ***호),PHMG120073550020047000012,3550000,,,03,폐업,,,032-556-8170,
이씨몰,2007-01-19,,,2026-04-22 22:32:08,I,03,폐업,2009-01-12 11:07:20,,2007-01-19,407-050,인천광역시 계양구 계산동 ****-*(***호),PHMG120073550020047000001,3550000,,,03,폐업,,,,
이두메디,,176676.063656676,448221.382397489,2026-04-22 22:32:52,I,13,영업중,2020-07-07 13:44:04,,2020-07-07,,인천광역시 계양구 계산동 ****-** 명동빌딩 ****호,PHMG120203550020047000040,3550000,"인천광역시 계양구 오조산로**번길 **, 명동빌딩 ****호 (계산동)",21069,01,영업/정상,,,,10
수,2025-06-26,173539.978583409,447067.516084328,2026-04-22 22:32:55,I,03,폐업,2025-06-26 14:18:44,,2021-06-07,,인천광역시 계양구 효성동 ***-*,PHMG120213550020047000068,3550000,"인천광역시 계양구 아나지로 **, *층 ***호 일부호 (효성동)",21104,03,폐업,,,,69.3
계양의료기,2011-09-14,176016.723650583,448028.609709357,2026-04-22 22:32:27,I,03,폐업,2011-09-15 10:29:27,,2011-06-24,407-060,인천광역시 계양구 작전동 **번지 *호 *층,PHMG120113550020047000015,3550000,"인천광역시 계양구 주부토로***번길 ** (작전동,*층)",,03,폐업,,,,82.28
GS25 갈산사거리점,,175764.061085808,446261.886796056,2026-04-22 22:32:51,I,13,영업중,2022-07-20 17:03:27,,2014-11-10,403-801,인천광역시 부평구 갈산동 ***번지 **호 외*필지 신협빌딩***호,PHMG120143540021047000111,3540000,"인천광역시 부평구 주부토로 *** (갈산동, 외*필지 신협빌딩***호)",21316,01,영업/정상,,,,
슈올즈 인천동구점,,168659.651183791,441660.386373344,2026-04-22 22:32:33,I,15,전출,2026-03-30 10:43:29,,2024-11-14,,인천광역시 동구 송림동 **-**,PHMG120243500020047000010,3500000,"인천광역시 동구 송림로 ***, *,*층 (송림동)",22544,05,제외/삭제/전출,,,,59.2
GS25 월드스테이트점,,172564.972666116,439929.950581426,2026-04-22 22:34:45,I,13,영업중,2022-08-31 17:29:54,,2022-08-31,,인천광역시 미추홀구 주안동 **** 주안더월드스테이트,PHMG120223510513047000276,3510500,"인천광역시 미추홀구 경원대로 ***, 주안더월드스테이트 상가동 ***~***호 (주안동)",22143,01,영업/정상,,,,54.3
(주)알프스상사,2009-01-16,,,2026-04-22 22:32:13,I,03,폐업,2009-01-16 14:46:35,,2005-06-22,403-819,인천광역시 부평구 부평*동 ***번지**,PHMG120053540021047000012,3540000,,,03,폐업,,,032-519-8771,
제이스타,2024-12-06,173228.204338876,441213.094436007,2026-04-22 22:39:13,I,03,폐업,2024-12-06 10:24:24,,2024-01-10,,인천광역시 부평구 십정동 ***-** *층 일부,PHMG120243540021047000003,3540000,"인천광역시 부평구 배곶북로*번길 **-*, *층 일부호 (십정동)",21452,03,폐업,,,,
(주)제이피맥스,,169226.889631696,442817.65455975,2026-04-22 22:32:11,I,13,영업중,2026-01-06 16:04:41,,2018-07-04,,인천광역시 동구 송현동 ***번지 인천산업용품유통단지,PHMG120183500020047000009,3500000,"인천광역시 동구 방축로**번길 **, 인천산업용품유통단지 **동 ***호 (송현동)",22530,01,영업/정상,,,,26.06
하이필정수기 인천지점,,175279.840988212,447299.822484118,2026-04-22 22:33:01,I,13,영업중,2022-05-03 17:51:03,,2022-05-03,,인천광역시 계양구 작전동 ***-* 현대백화점,PHMG120223550020047000129,3550000,"인천광역시 계양구 효서로 ***, 현대백화점 *층 (작전동)",21111,01,영업/정상,,,,125.4
디앤에이마켓,2019-12-30,171958.854116423,438701.976383891,2026-04-22 22:32:46,I,03,폐업,2019-12-31 11:42:39,,2018-10-15,,인천광역시 미추홀구 주안동 ****번지 *호 광명아파트,PHMG120183510513047000026,3510500,"인천광역시 미추홀구 인주대로***번길 **, ***호 (주안동, 광명아파트)",22227,03,폐업,,,,44
씨유도화중앙점,2016-07-22,171248.949989726,439893.867292209,2026-04-22 22:32:37,I,03,폐업,2016-07-22 18:31:45,,2015-09-21,,,PHMG120153510021047000053,3510500,인천광역시 미추홀구 석바위로 ** (도화동),22139,03,폐업,,,032-864-9113,56
롯데하이마트(주) 도화점,2022-08-31,170743.862439391,440212.488365884,2026-04-22 22:32:45,I,03,폐업,2022-09-15 16:04:43,,2018-02-27,,인천광역시 미추홀구 도화동 ***-*번지 송월빌딩,PHMG120183510021047000007,3510500,"인천광역시 미추홀구 경인로 ***, 송월빌딩 *~*층 (도화동)",22120,03,폐업,,,032-868-9070,997.66
청조컴퍼니,,173406.131415167,441874.239810194,2026-04-22 22:38:47,I,13,영업중,2022-07-14 09:50:21,,2022-07-11,,인천광역시 부평구 십정동 *** 서희스타힐스 부평센트럴,PHMG120223540021047000226,3540000,"인천광역시 부평구 상정로 **, ***동 ****호 (십정동, 서희스타힐스 부평센트럴)",21443,01,영업/정상,,,,
락우드바이오,,176403.606129616,445115.936486454,2026-04-22 22:39:14,I,13,영업중,2025-05-15 13:14:17,,2024-03-19,,인천광역시 부평구 삼산동 ***-* 주영이레타운 *층 ***호 일부(***-*)호,PHMG120243540021047000036,3540000,"인천광역시 부평구 충선로***번길 **, 주영이레타운 *층 ***호 일부(***-*)호 (삼산동)",21344,01,영업/정상,,,,
큰언니작은언니샵,,170096.826206586,441289.916939651,2026-04-22 22:32:55,I,13,영업중,2021-11-04 14:11:51,,2021-10-29,,인천광역시 미추홀구 도화동 **** e편한세상도화 *단지,PHMG120213510513047000097,3510500,"인천광역시 미추홀구 숙골로***번길 **, ***동 **층 ****호 (도화동, e편한세상도화 *단지)",22114,01,영업/정상,,,032-572-0402,84.91
해피안힐링센터임학지점,,176652.154650376,449024.826865586,2026-04-22 22:35:21,I,15,전출,2025-09-08 09:23:51,,2023-08-09,,인천광역시 계양구 임학동 **-*,PHMG120233550020047000059,3550000,"인천광역시 계양구 경명대로 ****, *층 (임학동)",21031,05,제외/삭제/전출,,,,227
앨리스네백화점,,168827.925405046,438441.946560006,2026-04-22 22:32:51,I,15,전출,2021-06-17 17:37:56,,2020-07-21,,인천광역시 미추홀구 용현동 ***-* 헤리움메트로타워,PHMG120203510513047000040,3510500,"인천광역시 미추홀구 용정공원로**번길 **, 헤리움메트로타워 ***호 (용현동)",22188,05,제외/삭제/전출,,,,27
(주)대영광학,,176335.351698605,444399.340120921,2026-04-22 22:32:04,I,13,영업중,2013-10-23 10:40:07,,2000-12-15,403-015,인천광역시 부평구 부평*동 **번지***,PHMG120003540021047000009,3540000,인천광역시 부평구 부흥북로**번길 **-* (부평동),21352,01,영업/정상,,,032-505-2271,
다시온라이프동암점,2019-12-06,173687.572584081,440745.304836808,2026-04-22 22:33:01,I,03,폐업,2020-04-22 11:10:10,,2018-02-26,,인천광역시 부평구 십정동 ***번지 *호 *(일부)층,PHMG120183540021047000012,3540000,"인천광역시 부평구 아트센터로 *, *(일부)층 (십정동)",21439,03,폐업,,,,84.41
알퐁소 이마트 계양점,2012-09-19,176674.935225112,447677.795056986,2026-04-22 22:32:27,I,03,폐업,2012-09-24 16:38:14,,2011-07-07,407-825,인천광역시 계양구 작전서운동 ***번지 *호 이마트 계양점 지하*층,PHMG120113550020047000023,3550000,"인천광역시 계양구 봉오대로 *** (작전동,이마트 계양점 지하*층)",,03,폐업,,,032-541-7244,21
보령메디앙스부평롯데점,2009-06-23,,,2026-04-22 22:32:08,I,03,폐업,2009-06-23 15:26:57,,2002-09-09,403-011,인천광역시 부평구 부평*동 **번지***(*층),PHMG120023540021047000015,3540000,,,03,폐업,,,032-515-6763,
지에스(GS)25 계양동양점,2024-12-16,178366.763733758,450881.366003903,2026-04-22 22:33:16,I,03,폐업,2024-12-16 15:17:46,,2022-09-05,,인천광역시 계양구 동양동 ***,PHMG120223550020047000194,3550000,"인천광역시 계양구 당미*길 *, *층 일부호 (동양동)",21012,03,폐업,,,,42.9
현대가전,2011-07-08,,,2026-04-22 22:32:04,I,03,폐업,2011-07-08 17:26:47,,1999-02-24,403-010,인천광역시 부평구 부평동 ***번지*,PHMG119993540021047000001,3540000,,,03,폐업,,,032-522-3659,
세븐일레븐 인천부평동아점,2024-10-24,175014.645956207,443613.434992806,2026-04-22 22:39:08,I,03,폐업,2024-10-24 15:28:16,,2023-02-13,,인천광역시 부평구 부평동 **-* 부평동아아파트 A동 ***호,PHMG120233540021047000031,3540000,"인천광역시 부평구 부평문화로 **, A동 ***호 (부평동, 부평동아아파트)",21387,03,폐업,,,,
Gg food(지지푸드),2025-01-02,176023.13776561,442924.6514284,2026-04-22 22:32:35,I,03,폐업,2025-01-02 16:09:06,,2010-06-01,,인천광역시 부평구 부평동 ***번지 ***호,PHMG120103540021047000054,3540000,"인천광역시 부평구 장제로 **, ***호 (부평동, 동일빌딩)",21414,03,폐업,,,032-525-7531,17.71
GS25 삼산금성점,2017-06-13,176476.084624719,445031.729228073,2026-04-22 22:32:54,I,03,폐업,2017-06-13 17:43:25,,2015-08-17,,,PHMG120153540021047000054,3540000,"인천광역시 부평구 길주로***번길 *, ***호 (삼산동)",21344,03,폐업,,,,49.58
SM메디칼의료기,2009-11-10,,,2026-04-22 22:32:05,I,03,폐업,2009-11-11 17:29:49,,2006-01-02,,인천 미추홀구 주안*동 **-**,PHMG120063510021047000001,3510500,,,03,폐업,,,,
솔고헬스케어인천주안지점,2010-07-13,,,2026-04-22 22:32:07,I,03,폐업,2010-07-14 07:48:01,,2007-08-03,,인천 미추홀구 주안동****-**,PHMG120073510021047000016,3510500,,,03,폐업,,,032-446-0202,
이마트24 R부평한올점,,175902.96632973,444207.479510097,2026-04-22 22:39:06,I,13,영업중,2022-12-16 13:48:40,,2022-12-15,,인천광역시 부평구 부평동 ***-** *층 일부,PHMG120223540021047000371,3540000,"인천광역시 부평구 부흥로***번길 **, *층 일부호 (부평동)",21360,01,영업/정상,,,,
씨유 인하대학교점,,169575.887841576,438852.545637411,2026-04-22 22:32:56,I,13,영업중,2022-02-07 19:36:55,,2022-02-07,,인천광역시 미추홀구 용현동 ***-*,PHMG120223510513047000034,3510500,"인천광역시 미추홀구 인하로 **, *층 (용현동)",22207,01,영업/정상,,,,186.6
힐링 라이브 차콜,2015-12-10,176997.690843937,449537.616361087,2026-04-22 22:32:38,I,03,폐업,2015-12-16 09:50:18,,2015-02-27,407-320,인천광역시 계양구 병방동 ***번지 *호,PHMG120153550020047000011,3550000,인천광역시 계양구 병방시장로 ** (병방동),21027,03,폐업,,,032-556-1350,155.76
고은손길 케어,2015-04-27,170550.092590962,441116.208085962,2026-04-22 22:32:20,I,03,폐업,2015-04-30 09:00:12,,2011-08-25,402-806,인천광역시 미추홀구 도화동 **-*번지 *층,PHMG120113510021047000023,3510500,"인천광역시 미추홀구 장고개로 ** (도화동,*층)",,03,폐업,,,032-875-7433,56.21
GS25주안사거리점,,171616.572649955,439923.897670332,2026-04-22 22:33:02,I,13,영업중,2026-04-13 13:50:58,,2022-03-03,,인천광역시 미추홀구 주안동 ***-**,PHMG120223510513047000147,3510500,"인천광역시 미추홀구 석바위로 **, ***호 (주안동)",22136,01,영업/정상,,,,48
숯드림,,176885.055800665,446707.352187054,2026-04-22 22:39:11,I,15,전출,2023-11-23 11:22:48,,2023-04-21,,인천광역시 부평구 삼산동 **-* *층,PHMG120233540021047000094,3540000,"인천광역시 부평구 부평북로 ***, *층 (삼산동)",21318,05,제외/삭제/전출,,,,162.7
이허체험실,2022-07-01,174263.241646157,442959.01699249,2026-04-22 22:37:11,I,03,폐업,2022-07-04 10:25:21,,2019-11-26,,인천광역시 부평구 부평동 ***-** ***호 일부,PHMG120213540021047000023,3540000,"인천광역시 부평구 경원대로****번길 **, ***호 일부호 (부평동)",21405,03,폐업,,,,135.4
하이원,,167688.085613053,439146.239331465,2026-04-22 22:32:38,I,15,전출,2017-02-20 11:39:24,,2016-01-06,,,PHMG120163510021047000001,3510500,"인천광역시 미추홀구 토금중로 **, ***호 (용현동, 하나로쇼핑센타)",22186,05,제외/삭제/전출,,,,213
영스토어,2024-10-22,172696.281461775,439139.172365615,2026-04-22 22:37:54,I,03,폐업,2024-10-23 15:46:21,,2023-10-20,,인천광역시 미추홀구 주안동 ****-** 주안캐슬앤더샵에듀포레아파트,PHMG120233510513047000109,3510500,"인천광역시 미추홀구 경원대로***번길 **, ***동 ****호 (주안동, 주안캐슬앤더샵에듀포레아파트)",22147,03,폐업,,,,84
cu제물포대로점,2024-03-04,169375.599592163,440480.264269037,2026-04-22 22:32:55,I,03,폐업,2024-02-29 09:47:04,,2022-02-04,,인천광역시 미추홀구 숭의동 **-* 기술계학원,PHMG120223510513047000013,3510500,"인천광역시 미추홀구 경인로 ***, 기술계학원 *층 (숭의동)",22163,03,폐업,,,032-887-7405,192.4
라파의료기,,177086.843263191,449475.826356573,2026-04-22 22:32:34,I,13,영업중,2019-12-31 16:03:00,,2013-04-08,407-320,인천광역시 계양구 병방동 ***번지 *호 ***호,PHMG120133550020047000011,3550000,"인천광역시 계양구 병방로 * (병방동, ***호)",21028,01,영업/정상,,,,42.1
유명,,168491.227730116,437970.426123832,2026-04-22 22:38:24,I,13,영업중,2024-06-19 17:12:08,,2024-06-19,,인천광역시 미추홀구 학익동 ***-** 시티오씨엘 *단지 ***동 ****호,PHMG120243510513047000045,3510500,"인천광역시 미추홀구 학익로 ***, ***동 ****호 (학익동, 시티오씨엘 *단지)",22194,01,영업/정상,,,,84.98
메디넷코리아,2010-04-01,,,2026-04-22 22:32:08,I,03,폐업,2010-08-10 11:08:25,,2006-11-21,407-050,인천광역시 계양구 계산동 ****-*(***호),PHMG120063550020047000028,3550000,,,03,폐업,,,032-549-8333,
씨유(CU)도화드림점,2016-12-30,170631.089853973,440626.953603221,2026-04-22 22:32:39,I,03,폐업,2016-12-30 14:23:11,,2016-06-22,,,PHMG120163510021047000037,3510500,"인천광역시 미추홀구 석정로***번길 **, *층 (도화동)",22118,03,폐업,,,,89.43
세븐일레븐 인천숭의수봉점,2016-04-25,169722.191650028,440010.920016029,2026-04-22 22:32:38,I,03,폐업,2016-04-25 10:22:05,,2016-01-29,,,PHMG120163510021047000007,3510500,인천광역시 미추홀구 수봉안길 * (숭의동),22167,03,폐업,,,,49.5
세븐일레븐인천삼산사랑점,,177056.549081386,446264.767360694,2026-04-22 22:37:38,I,13,영업중,2024-02-28 13:10:08,,2021-05-07,,인천광역시 부평구 삼산동 ***-* *층 일부,PHMG120213540021047000052,3540000,"인천광역시 부평구 영성중로**번길 **, *층 일부호 (삼산동)",21321,01,영업/정상,,,,62.28
지에스25 용현엑슬루타워점,,167852.890771752,439526.253787748,2026-04-22 22:32:57,I,13,영업중,2025-03-24 11:54:10,,2022-02-11,,"인천광역시 미추홀구 용현동 *** 인천 용현 엑슬루타워 ***동 ***,*호",PHMG120223510513047000082,3510500,"인천광역시 미추홀구 아암대로**번길 **, ***동 ***,***,***호 (용현동, 인천 용현 엑슬루타워)",22175,01,영업/정상,,,,63.62
cu인천터미널역점,2023-03-23,173313.926525402,437767.610913384,2026-04-22 22:34:06,I,03,폐업,2023-03-22 16:54:13,,2022-07-19,,인천광역시 미추홀구 관교동 ** 인천터미널역,PHMG120223510513047000245,3510500,"인천광역시 미추홀구 예술로 지하**, 인천터미널역 지하*층 (관교동)",22242,03,폐업,,,,21.4
에스엠케이,,171582.904300544,439879.548598189,2026-04-22 22:32:38,I,13,영업중,2025-02-05 17:29:13,,2015-11-20,,인천광역시 미추홀구 주안동 ***-** 영빌딩,PHMG120153510021047000067,3510500,"인천광역시 미추홀구 석바위로 **-*, 영빌딩 (주안동)",22139,01,영업/정상,,,,15
현광학,2015-02-27,176420.575497967,444469.61543182,2026-04-22 22:32:37,I,03,폐업,2015-02-27 17:00:55,,2012-02-16,403-817,인천광역시 부평구 부평*동 ***번지 **호 *층,PHMG120123540021047000005,3540000,"인천광역시 부평구 부흥북로***번길 **, *층 (부평동)",,03,폐업,,,,
GS25인천상륙작전점,,177033.221626528,447486.541499484,2026-04-22 22:33:39,I,13,영업중,2022-10-04 09:48:54,,2022-09-30,,인천광역시 계양구 작전동 ***-* 까치마을태화.한진아파트,PHMG120223550020047000210,3550000,"인천광역시 계양구 효서로 ***, 상가동 *층 ***호,***호 (작전동, 까치마을태화.한진아파트)",21125,01,영업/정상,,,,59.76
(주)코리아세븐인천계양작전점,,176334.704155028,447885.495253679,2026-04-22 22:34:03,I,13,영업중,2024-02-19 21:15:20,,2022-12-15,,인천광역시 계양구 작전동 ***-*,PHMG120223550020047000229,3550000,"인천광역시 계양구 장제로 ***-**, *층 일부호 (작전동)",21085,01,영업/정상,,,,120
주식회사지엘바이오사이언스,,176787.703,449222.586,2026-04-22 22:38:13,I,13,영업중,2025-11-27 09:06:06,,2025-11-26,,인천광역시 계양구 임학동 **-* 셀파마빌딩,PHMG120253550020047000060,3550000,"인천광역시 계양구 장제로 ***, 셀파마빌딩 *층 일부호 (임학동)",21034,01,영업/정상,,,070-4741-9915,
드림팜,2024-10-24,176630.377843272,449320.799530052,2026-04-22 22:32:55,I,03,폐업,2024-10-23 17:34:49,,2024-10-23,,인천광역시 계양구 임학동 **-**,PHMG120213550020047000080,3550000,"인천광역시 계양구 임학안로**번길 **, *층 *호 (임학동)",21033,03,폐업,,,,26.4
시그니아독일보청기인천점,,171566.69329303,439606.241562848,2026-04-22 22:31:58,I,13,영업중,2020-05-12 17:03:46,,2000-04-12,,인천 미추홀구 주안*동 ***-*,PHMG120003510021047000001,3510500,인천광역시 미추홀구 경인로 *** (주안동),22154,01,영업/정상,,,032-861-9700,
S.K.메디칼(부평점),,175894.865579252,443867.670526293,2026-04-22 22:32:04,I,13,영업중,2013-10-23 10:36:40,,2000-05-08,403-014,인천광역시 부평구 부평*동 ***번지*,PHMG120003540021047000005,3540000,인천광역시 부평구 시장로**번길 * (부평동),21391,01,영업/정상,,,032-505-7582,
한독약국,,167033.128490374,441998.140674853,2026-04-22 22:32:34,I,13,영업중,2025-12-08 14:16:20,,2025-12-07,,인천광역시 동구 화수동 ***-**,PHMG120253500020047000006,3500000,"인천광역시 동구 운교로 *, *층 (화수동)",22508,01,영업/정상,,,032-772-8286,49.5
잘가또와,,174336.502608179,444859.765407744,2026-04-22 22:38:18,I,13,영업중,2021-08-09 16:18:31,,2021-08-04,,인천광역시 부평구 산곡동 ***-* 현대아파트 ***동 ****호,PHMG120213540021047000115,3540000,"인천광역시 부평구 안남로 ***, ***동 ****호 (산곡동, 현대아파트)",21363,01,영업/정상,,,,
CU 갈산역사점,,174857.191580278,446106.286144983,2026-04-22 22:39:03,I,13,영업중,2022-11-03 17:41:44,,2022-11-01,,인천광역시 부평구 청천동 *** 갈산역 지하*층일부,PHMG120223540021047000340,3540000,"인천광역시 부평구 부평대로 지하***, 갈산역 지하*층 일부호 (청천동)",21316,01,영업/정상,,,,
엔제리너스,,177306.393197911,446541.498525944,2026-04-22 22:39:18,I,13,영업중,2025-01-24 16:08:23,,2025-01-24,,인천광역시 부평구 삼산동 ***-* 삼산주공미래타운아파트 ***동 ***호,PHMG120253540021047000003,3540000,"인천광역시 부평구 영성중로 **, ***동 ***호 (삼산동, 삼산주공미래타운아파트)",21319,01,영업/정상,,,,
씨제이올리브영(주)인천시민공원점,,,,2026-04-22 22:36:21,I,13,영업중,2023-02-16 14:15:22,,2023-01-26,,인천광역시 미추홀구 주안동 * 포레나 미추홀,PHMG120233510513047000015,3510500,"인천광역시 미추홀구 경인로 ***, ***동 ****~****호 (주안동, 포레나 미추홀)",22148,01,영업/정상,,,,345.5
세븐일레븐 강화갑룡초교점,2025-12-02,156009.302891125,471252.80266454,2026-04-22 22:32:16,I,03,폐업,2025-12-16 18:05:17,,2022-02-16,,인천광역시 강화군 강화읍 갑곳리 ***-*,PHMG120223570013047000028,3570000,인천광역시 강화군 강화읍 강화대로***번길 **,23025,03,폐업,,,,51.3
펄스젬,2012-03-16,175578.873063967,447839.098223064,2026-04-22 22:32:26,I,03,폐업,2012-03-19 09:44:41,,2011-03-31,407-824,인천광역시 계양구 작전*동 ***번지 *호 *층,PHMG120113550020047000008,3550000,"인천광역시 계양구 작전시장로 ** (작전동,*층)",,03,폐업,,,032-546-9267,88
시원메딕스,,171895.464922851,440149.834702384,2026-04-22 22:38:30,I,13,영업중,2024-09-20 10:47:21,,2018-05-08,,인천광역시 미추홀구 주안동 ***-* 부건프라자 ***-*호,PHMG120243510513047000082,3510500,"인천광역시 미추홀구 주안중로**번길 *, 부건프라자 ***-*호 (주안동)",22135,01,영업/정상,,,,20
나우,,175531.711635908,445869.012330748,2026-04-22 22:38:43,I,13,영업중,2022-05-19 16:23:29,,2022-05-19,,인천광역시 부평구 갈산동 ***-* 한국아파트 ***동 ***호,PHMG120223540021047000193,3540000,"인천광역시 부평구 부평대로***번길 **, ***동 ***호 (갈산동, 한국아파트)",21333,01,영업/정상,,,,
플랜네트워크,,167518.744776739,439147.961993406,2026-04-22 22:32:46,I,13,영업중,2018-08-08 10:58:10,,2018-08-07,,인천광역시 미추홀구 용현동 ***번지 *호 *층 ***-*호,PHMG120183510513047000008,3510500,"인천광역시 미추홀구 아암대로 **, *층 ***-*호 (용현동)",22186,01,영업/정상,,,,49.5
주안보청기,,170429.906211155,439009.396558047,2026-04-22 22:32:47,I,13,영업중,2020-10-12 20:49:33,,2018-12-26,,인천광역시 미추홀구 주안동 ***-*,PHMG120183510513047000038,3510500,"인천광역시 미추홀구 인주대로 ***-*, *층 *호 (주안동)",22157,01,영업/정상,,,,88
JH의료기,,169108.395841491,439383.244237333,2026-04-22 22:32:54,I,13,영업중,2021-06-23 17:12:48,,2021-06-22,,인천광역시 미추홀구 용현동 ***-**,PHMG120213510513047000063,3510500,"인천광역시 미추홀구 인주대로***번길 *, *층 (용현동)",22183,01,영업/정상,,,,82.5
우먼스월드,,175883.83208653,448502.119770048,2026-04-22 22:32:47,I,15,전출,2019-05-29 11:12:41,,2019-01-28,,인천광역시 계양구 계산동 ***번지 **호 대양빌딩 *층,PHMG120193550020047000006,3550000,"인천광역시 계양구 주부토로 ***, 대양빌딩 *층 (계산동)",21052,05,제외/삭제/전출,,,070-5323-3015,230.36
씨유청천우리점,,173950.525790271,446047.635292108,2026-04-22 22:38:38,I,13,영업중,2022-02-22 11:50:36,,2022-02-17,,인천광역시 부평구 청천동 ***-** *층 일부,PHMG120223540021047000110,3540000,"인천광역시 부평구 마장로***번길 **, *층 일부호 (청천동)",21312,01,영업/정상,,,,
스바고,,171882.317277954,439901.387671924,2026-04-22 22:33:06,I,13,영업중,2022-04-29 13:57:31,,2022-04-27,,인천광역시 미추홀구 주안동 **-* 렉스텔*,PHMG120223510513047000190,3510500,"인천광역시 미추홀구 석바위로 **, 렉스텔* ***호 (주안동)",22140,01,영업/정상,,,,52.59
세븐일레븐 인천계양효성점,,174119.859801686,447309.236896504,2026-04-22 22:33:00,I,13,영업중,2022-03-22 17:13:15,,2022-03-22,,인천광역시 계양구 효성동 ***-*,PHMG120223550020047000096,3550000,"인천광역시 계양구 효서로***번길 *, *층 (효성동)",21105,01,영업/정상,,,,
㈜세원메디칼,2013-02-06,176607.326609066,448516.12033842,2026-04-22 22:32:16,I,24,직권폐업,2013-02-15 10:42:01,,2008-11-10,407-813,인천광역시 계양구 계산*동 ****번지,PHMG120083550020047000022,3550000,인천광역시 계양구 계산새로 ** (계산동),,04,취소/말소/만료/정지/중지,,,032-265-3912,
스킨새로이,,173718.604764279,446665.064392477,2026-04-22 22:39:18,I,13,영업중,2024-12-17 13:36:11,,2024-12-17,,인천광역시 부평구 청천동 *** 아이즈빌아울렛 *동 *층 ****호,PHMG120243540021047000124,3540000,"인천광역시 부평구 마장로 ***, 아이즈빌아울렛 *동 *층 ****호 (청천동)",21302,01,영업/정상,,,,65
한톨이네점빵,,176278.159189191,443665.80912283,2026-04-22 22:39:10,I,13,영업중,2023-06-14 10:52:03,,2023-06-12,,인천광역시 부평구 부평동 ***-* 정원빌리지 ***호,PHMG120233540021047000073,3540000,"인천광역시 부평구 부평문화로***번길 **-*, ***호 (부평동, 정원빌리지)",21397,01,영업/정상,,,,
정품의료기,2011-09-16,175360.46945254,443849.753025396,2026-04-22 22:32:34,I,03,폐업,2011-09-16 17:43:00,,2010-06-15,403-011,인천광역시 부평구 부평*동 ***번지 *호 쌍봉빌딩 지하,PHMG120103540021047000026,3540000,"인천광역시 부평구 부평대로 ** (부평동,쌍봉빌딩 지하)",,03,폐업,,,,
CU 숭의2동점,2015-09-18,168687.42606092,440102.24799272,2026-04-22 22:32:35,I,03,폐업,2015-09-18 17:08:24,,2014-11-20,402-817,인천광역시 미추홀구 숭의동 ***-**번지,PHMG120143510021047000086,3510500,인천광역시 미추홀구 미추로 ** (숭의동),22172,03,폐업,,,,
이엠에스,2013-03-11,176019.244861001,443987.25612854,2026-04-22 22:32:37,I,03,폐업,2013-03-11 14:12:27,,2012-07-09,403-820,인천광역시 부평구 부평*동 ***번지 **호 평부빌딩 *-*층,PHMG120123540021047000019,3540000,"인천광역시 부평구 부흥로 *** (부평동, 평부빌딩*,*층)",,03,폐업,,,,
CU동양희망점,2016-12-29,178289.598775508,451005.950463918,2026-04-22 22:32:45,I,03,폐업,2017-01-01 15:23:16,,2016-10-07,,인천광역시 계양구 동양동 ***번지 *호,PHMG120163550020047000073,3550000,"인천광역시 계양구 양지로 **, ***호 (동양동, 호성빌딩)",21018,03,폐업,,,,43.2
부광의료기상사,2009-08-07,,,2026-04-22 22:31:53,I,03,폐업,2009-08-07 15:49:46,,2007-10-09,,인천광역시 동구 송현동 *** 산업유통센타 **동 ***호,PHMG120073500020047000002,3500000,,,03,폐업,,,,
씨유 강화인산점,,149566.266680147,466444.627662112,2026-04-22 22:32:19,I,13,영업중,2022-07-18 10:46:29,,2022-07-14,,인천광역시 강화군 양도면 인산리 ***-*,PHMG120223570013047000042,3570000,"인천광역시 강화군 양도면 중앙로 ***, *층",23055,01,영업/정상,,,,47
(주)하이프라자 도화점,2024-12-04,170765.800918544,440205.617660415,2026-04-22 22:32:51,I,03,폐업,2024-12-04 14:26:33,,2020-06-15,,인천광역시 미추홀구 도화동 ***번지 *호,PHMG120203510513047000031,3510500,"인천광역시 미추홀구 주안로 *, *~*층 (도화동)",22120,03,폐업,,,032-715-6520,950
(주)원창종합상사,,169207.820193656,442551.898713302,2026-04-22 22:32:27,I,13,영업중,2022-03-02 14:49:31,,2022-03-02,,인천광역시 동구 송림동 *-***,PHMG120223500020047000019,3500000,인천광역시 동구 방축로**번길 *(송림동),22529,01,영업/정상,,,,
가인몰,,177416.967243113,446754.087696615,2026-04-22 22:38:47,I,13,영업중,2022-06-28 11:49:42,,2022-06-27,,인천광역시 부평구 삼산동 ***-* 주공미래타운*단지 ***동 ***호,PHMG120223540021047000217,3540000,"인천광역시 부평구 부평북로 ***, ***동 ***호 (삼산동, 주공미래타운*단지)",21319,01,영업/정상,,,,
씨엘로,,176137.852610443,449065.153215463,2026-04-22 22:38:04,I,13,영업중,2025-07-23 17:36:18,,2025-07-23,,인천광역시 계양구 계산동 ***-* 인평프라자,PHMG120253550020047000040,3550000,"인천광역시 계양구 경명대로 ****, 인평프라자 ***호 (계산동)",21030,01,영업/정상,,,,51.51
(주)주인티엠,2011-10-19,169424.109924844,442692.722669138,2026-04-22 22:31:56,I,03,폐업,2011-10-20 15:34:32,,2009-12-17,401-722,인천광역시 동구 송림*동 ***번지 산업유통센터 **동 ***호,PHMG120093500020047000009,3500000,"인천광역시 동구 방축로**번길 **, **동 ***호 (송림동,산업유통센터)",,03,폐업,,,032-542-2030,26
미건의료기,2016-08-11,168525.833689337,441505.604597402,2026-04-22 22:32:05,I,03,폐업,2016-08-16 09:26:50,,2014-08-08,,,PHMG120143500020047000008,3500000,인천광역시 동구 동산로 **-* (송림동),22557,03,폐업,,,032-441-8111,464.5
지에스(GS)25 동암북부점,,173598.69005687,441106.761019842,2026-04-22 22:39:07,I,13,영업중,2023-01-20 15:21:23,,2023-01-20,,인천광역시 부평구 십정동 ***-** 신화빌딩 *층일부,PHMG120233540021047000018,3540000,"인천광역시 부평구 동암광장로**번길 *, 신화빌딩 *층 일부호 (십정동)",21445,01,영업/정상,,,,
세븐일레븐인천주안북부역점,,171585.615,440538.144,2026-04-22 22:32:53,I,13,영업중,2021-05-07 10:06:34,,2021-05-06,,인천광역시 미추홀구 주안동 **-**,PHMG120213510513047000032,3510500,"인천광역시 미추홀구 길파로 **, *층일부층 (주안동)",22128,01,영업/정상,,,,66
큐메디칼,2009-08-21,171210.018941116,440868.480766946,2026-04-22 22:32:08,I,03,폐업,2009-09-18 11:11:24,,2008-12-15,402-205,인천광역시 미추홀구 주안동 **-***번지,PHMG120083510021047000010,3510500,인천광역시 미추홀구 길파로**번길 **  (주안동),,03,폐업,,,,
(주)코리아세븐 주안본점,2019-10-25,171744.911060394,440059.465121776,2026-04-22 22:32:36,I,03,폐업,2019-10-28 09:53:42,,2015-02-02,402-835,인천광역시 미추홀구 주안동 ***-*번지 *층,PHMG120153510021047000007,3510500,"인천광역시 미추홀구 주안로***번길 **, *층 (주안동)",22135,03,폐업,,,,
CU 주안웰가점,2016-12-30,172099.893792863,440203.734849498,2026-04-22 22:32:34,I,03,폐업,2016-12-30 17:55:41,,2014-11-04,402-835,인천광역시 미추홀구 주안동 ***-*번지 주안웰가 ***호,PHMG120143510021047000052,3510500,"인천광역시 미추홀구 주안로 ***, ***호 (주안동, 주안웰가)",22135,03,폐업,,,,
올리브영작전점,2015-10-26,175356.653981322,447528.370529287,2026-04-22 22:32:37,I,03,폐업,2015-10-27 09:00:31,,2015-01-16,407-062,인천광역시 계양구 작전동 ***번지 **호,PHMG120153550020047000003,3550000,인천광역시 계양구 계양대로 ** (작전동),21110,03,폐업,,,,97.54
세븐일레븐 주안석바위로점,2022-03-22,171990.749426837,439901.812798593,2026-04-22 22:32:58,I,24,직권폐업,2022-03-22 14:49:09,,2022-02-11,,인천광역시 미추홀구 주안동 **-*,PHMG120223510513047000088,3510500,"인천광역시 미추홀구 석바위로 **, *층 (주안동)",22135,04,취소/말소/만료/정지/중지,,,,130.11
GS 인천임학점,,176534.648509079,449129.907410452,2026-04-22 22:37:26,I,13,영업중,2024-12-02 13:05:49,,2024-11-29,,인천광역시 계양구 임학동 **-**,PHMG120243550020047000080,3550000,"인천광역시 계양구 임학동로 **, *층 ***호 (임학동)",21033,01,영업/정상,,,,114.5
제이엔에스,,176509.112612227,445108.895705482,2026-04-22 22:33:40,I,13,영업중,2021-08-18 15:02:55,,2019-02-27,,"인천광역시 부평구 삼산동 ***-* 대상프라자, ***호 일부(***-*호)",PHMG120193540021047000013,3540000,"인천광역시 부평구 충선로***번길 **, 대상프라자 ***호 일부(***-*호)호 (삼산동)",21344,01,영업/정상,,,,
물오름달,,176534.72,445071.1,2026-04-22 22:39:08,I,15,전출,2025-11-26 13:08:42,,2023-03-02,,인천광역시 부평구 삼산동 ***-* 창성프라자 ***-***호,PHMG120233540021047000040,3540000,"인천광역시 부평구 충선로***번길 **, 창성프라자 ***-***호 (삼산동)",21344,05,제외/삭제/전출,,,,
주식회사 솔숲,,167816.651034315,441843.07833343,2026-04-22 22:32:14,I,13,영업중,2026-01-06 16:03:08,,2019-04-08,,인천광역시 동구 송현동 *** 솔빛마을 상가C동,PHMG120193500020047000011,3500000,"인천광역시 동구 솔빛로 **, 솔빛마을  상가C동 ***호 (송현동)",22547,01,영업/정상,,,,28.08
씨유 주안쌍용점,2025-12-03,171713.403924533,438415.550627431,2026-04-22 22:32:56,I,03,폐업,2025-12-04 11:11:27,,2022-02-07,,인천광역시 미추홀구 주안동 **** 쌍용아파트,PHMG120223510513047000036,3510500,"인천광역시 미추홀구 인하로 ***, ***~***호 (주안동)",22230,03,폐업,,,,57.6
주성인터내셔널,2022-04-14,176788.938588041,448534.279481577,2026-04-22 22:32:25,I,03,폐업,2022-04-18 17:35:41,,2011-02-22,,인천광역시 계양구 용종동 ***번지 *호 ***호,PHMG120113550020047000004,3550000,"인천광역시 계양구 오조산로**번길 *, ***호 (용종동)",21065,03,폐업,,,,66
오행쑥뜸방,2013-06-17,177472.881643773,450440.422887565,2026-04-22 22:32:33,I,03,폐업,2013-09-06 16:51:07,,2012-12-28,407-330,인천광역시 계양구 박촌동 ***번지 **호 *층,PHMG120123550020047000032,3550000,,,03,폐업,,,032-541-1975,59.71
씨유계양해링턴플레이스점,2025-02-18,177441.43290065,447430.966516735,2026-04-22 22:32:56,I,03,폐업,2025-02-18 16:30:18,,2022-02-07,,인천광역시 계양구 서운동 *** 계양효성해링턴플레이스,PHMG120223550020047000011,3550000,"인천광역시 계양구 서운로 **, 상가동 *,*,*호 (서운동, 계양효성해링턴플레이스)",21074,03,폐업,,,,
(주)정인광학,,175451.146823713,445101.714706428,2026-04-22 22:39:09,I,13,영업중,2023-05-24 09:39:09,,2023-05-23,,인천광역시 부평구 갈산동 ***-* ***호,PHMG120233540021047000068,3540000,"인천광역시 부평구 길주로***번길 *, ***호 (갈산동)",21338,01,영업/정상,,,032-521-0008,133.92
원웨이메디칼,,176759.9,448182.77,2026-04-22 22:32:49,I,15,전출,2020-05-25 15:45:59,,2019-07-16,,인천광역시 계양구 계산동 ****번지 *호 미래사랑빌딩,PHMG120193550020047000033,3550000,"인천광역시 계양구 오조산로**번길 *-*, 미래사랑빌딩 *층 ***호 (계산동)",21069,05,제외/삭제/전출,,,,137.6
건일,2022-12-12,175624.92895316,447865.839520595,2026-04-22 22:32:59,I,03,폐업,2022-12-12 15:55:36,,2022-03-03,,인천광역시 계양구 작전동 ***-***,PHMG120223550020047000085,3550000,"인천광역시 계양구 작전시장로 **, *층 (작전동)",21089,03,폐업,,,,
CU주안석정점,,171164.192315296,440906.911858144,2026-04-22 22:38:36,I,13,영업중,2025-06-19 13:04:31,,2025-06-18,,인천광역시 미추홀구 주안동 **-* *층,PHMG120253510513047000031,3510500,"인천광역시 미추홀구 석정로***번길 **, *층 (주안동)",22126,01,영업/정상,,,,147
SK코스메틱,2015-05-15,172521.406425198,438404.65599055,2026-04-22 22:32:27,I,03,폐업,2015-05-20 11:17:15,,2013-04-26,,,PHMG120133510021047000011,3510500,"인천광역시 미추홀구 경원대로 ***, ***호 (주안동)",,03,폐업,,,070-8683-7387,93.63
비즈통상(주),2015-10-22,167496.476274724,439014.873869004,2026-04-22 22:32:31,I,03,폐업,2015-10-22 10:15:19,,2014-09-18,,,PHMG120143510021047000020,3510500,"인천광역시 미추홀구 토금남로 *, *층 (용현동, 거도빌딩)",22190,03,폐업,,,070-5001-0831,150
파코라반베이비,2017-04-25,175119.872281497,443502.318221991,2026-04-22 22:32:36,I,24,직권폐업,2017-05-08 10:33:04,,2011-07-04,403-818,인천광역시 부평구 부평*동 **번지 ***호 롯데백화점 *층,PHMG120113540021047000040,3540000,"인천광역시 부평구 부평문화로 **, *층 (부평동, 롯데백화점)",21387,04,취소/말소/만료/정지/중지,,,,
에이이에스,,176077.307508697,445435.551884824,2026-04-22 22:36:46,I,13,영업중,2020-12-28 13:25:16,,2020-03-19,,인천광역시 부평구 갈산동 *** 한국아파트 ***동 ***호,PHMG120203540021047000092,3540000,"인천광역시 부평구 갈월동로 **, ***동 ***호 (갈산동, 한국아파트)",21336,01,영업/정상,,,,
(주)뉴로드메디칼,,175580.130764869,449023.210582272,2026-04-22 22:38:02,I,13,영업중,2025-07-02 16:51:50,,2022-06-16,,인천광역시 계양구 계산동 ***-**,PHMG120253550020047000035,3550000,"인천광역시 계양구 경명대로 ****, ***동 ****호 (계산동)",21049,01,영업/정상,,,,
CU주안우리점,2024-06-30,172156.642479297,438718.460133285,2026-04-22 22:32:58,I,03,폐업,2024-06-28 17:02:14,,2022-02-15,,인천광역시 미추홀구 주안동 ****,PHMG120223510513047000102,3510500,"인천광역시 미추홀구 인주대로***번길 **, *층 (주안동)",22228,03,폐업,,,032-446-3119,136.54
현대성모닥터큐(DR. Q),,170116.554083659,437824.840924296,2026-04-22 22:32:45,I,13,영업중,2020-10-05 17:33:02,,2017-10-27,,인천광역시 미추홀구 학익동 ***-**번지 *층,PHMG120173510021047000037,3510500,"인천광역시 미추홀구 매소홀로***번길 **, *층 (학익동)",22202,01,영업/정상,,,,77.88
CU 학익하나점,2016-12-28,170597.426105967,437609.140469835,2026-04-22 22:32:34,I,03,폐업,2016-12-30 08:50:15,,2014-11-04,402-040,인천광역시 미추홀구 학익동 ***-*번지,PHMG120143510021047000043,3510500,인천광역시 미추홀구 매소홀로 *** (학익동),22224,03,폐업,,,,
(주)롯데하이마트 계산점,,176435.217652262,448541.640552993,2026-04-22 22:32:17,I,13,영업중,2020-11-26 17:40:14,,2008-12-16,,인천광역시 계양구 계산동 ****번지 *호,PHMG120083550020047000025,3550000,"인천광역시 계양구 장제로 *** (계산동, 정현빌딩)",21058,01,영업/정상,,,,
네오광학,,174426.086527371,446727.736427821,2026-04-22 22:35:34,I,13,영업중,2020-03-31 10:30:22,,2015-12-29,,인천광역시 부평구 청천동 ***번지 **호 대영빌딩,PHMG120203540021047000025,3540000,"인천광역시 부평구 부평북로 ***, 대영빌딩 *층 (청천동)",21314,01,영업/정상,,,02-3789-7271,60.68
숯의힘,,171545.281878797,438177.326979166,2026-04-22 22:32:54,I,15,전출,2022-08-31 10:04:46,,2018-07-23,,인천광역시 미추홀구 주안동 **** 남신빌딩,PHMG120213510513047000080,3510500,"인천광역시 미추홀구 미추홀대로 ***, 남신빌딩 *층 (주안동)",22230,05,제외/삭제/전출,,,,166.79
주식회사태양상사,,177009.281566394,443306.408695626,2026-04-22 22:38:15,I,13,영업중,2021-07-15 19:47:08,,2021-07-15,,인천광역시 부평구 부개동 ***-* 지하*층,PHMG120213540021047000102,3540000,"인천광역시 부평구 수변로 **, 지하*층 (부개동)",21402,01,영업/정상,,,,
메디월드,,173515.28856238,441618.40989587,2026-04-22 22:32:36,I,15,전출,2017-06-19 11:18:34,,2011-06-10,403-848,인천광역시 부평구 십정*동 ***번지 *호 *층,PHMG120113540021047000031,3540000,"인천광역시 부평구 이규보로 **-**, *층 (십정동)",21444,05,제외/삭제/전출,,,,
빛깔난다,,,,2026-04-22 22:37:16,I,13,영업중,2023-06-21 17:56:42,,2023-06-21,,인천광역시 미추홀구 주안동 * 포레나 미추홀,PHMG120233510513047000070,3510500,"인천광역시 미추홀구 경인로 ***, *층 (주안동, 포레나 미추홀)",22148,01,영업/정상,,,,34.81
인성덴탈,2024-10-22,169424.109924844,442692.722669138,2026-04-22 22:32:22,I,03,폐업,2024-10-22 13:37:39,,2019-02-26,,인천광역시 동구 송림동 *** 인천산업용품유통단지 **동 ***호,PHMG120213500020047000011,3500000,"인천광역시 동구 방축로**번길 **, 인천산업용품유통단지 **동 *층 ***호 (송림동)",22530,03,폐업,,,,26
씨유 부개3단지점,,176791.170043966,444332.930739689,2026-04-22 22:38:48,I,13,영업중,2022-07-15 17:23:00,,2022-07-14,,인천광역시 부평구 부개동 ***-** 부개분양상가,PHMG120223540021047000231,3540000,"인천광역시 부평구 부흥북로 ***, 부개분양상가 ***호 (부개동)",21348,01,영업/정상,,,,
이마트24 부평무지개점,,175135.623633453,442873.74717461,2026-04-22 22:39:10,I,13,영업중,2023-08-08 11:54:56,,2023-08-08,,인천광역시 부평구 부평동 ***-** *층,PHMG120233540021047000089,3540000,"인천광역시 부평구 경인로***번길 **, *층 (부평동)",21408,01,영업/정상,,,032-527-1691,
CU계양한미리점,2016-05-11,176756.747319404,447695.257642146,2026-04-22 22:32:39,I,03,폐업,2016-05-11 16:42:19,,2015-09-03,,인천광역시 계양구 작전동 ***번지 *호 ***호,PHMG120153550020047000056,3550000,"인천광역시 계양구 오조산로 *, ***호 (작전동, 한미리빌딩)",21080,03,폐업,,,,79.2
(주)비지에프리테일 계양박촌점,2015-06-30,177424.723755456,450401.494270039,2026-04-22 22:32:38,I,03,폐업,2015-07-01 09:27:41,,2015-02-12,407-330,인천광역시 계양구 박촌동 **번지,PHMG120153550020047000007,3550000,인천광역시 계양구 장제로****번길 * (박촌동),,03,폐업,,,032-555-2129,74
이서산업,,167903.270144785,439668.482739555,2026-04-22 22:38:35,I,13,영업중,2025-04-04 16:24:20,,2025-04-02,,인천광역시 미추홀구 용현동 ***-* 용현대우아파트 ***동 ****호,PHMG120253510513047000023,3510500,"인천광역시 미추홀구 아암대로**번길 **, ***동 ****호 (용현동, 용현대우아파트)",22175,01,영업/정상,,,,84.97
주식회사 플랜비,,170168.976379611,442029.838818013,2026-04-22 22:32:54,I,13,영업중,2021-09-16 09:05:26,,2021-09-13,,인천광역시 미추홀구 도화동 ***-* (주)피앤알컴퍼니,PHMG120213510513047000086,3510500,"인천광역시 미추홀구 방축로 ***, (주)피앤알컴퍼니 *층 (도화동)",22108,01,영업/정상,,,,33
(주)바이옴,,176537.125,445107.025,2026-04-22 22:32:59,I,15,전출,2018-10-26 09:21:13,,2017-06-07,,인천광역시 부평구 삼산동 ***번지 *호 ***호,PHMG120173540021047000025,3540000,"인천광역시 부평구 충선로***번길 **, ***호 (삼산동, SM프라자)",21344,05,제외/삭제/전출,,,,34.28
유토피아,,172696.281461775,439139.172365615,2026-04-22 22:36:02,I,13,영업중,2022-12-26 13:58:08,,2022-12-26,,인천광역시 미추홀구 주안동 ****-** 주안캐슬앤더샵에듀포레아파트,PHMG120223510513047000341,3510500,"인천광역시 미추홀구 경원대로***번길 **, ***동 ***호 (주안동, 주안캐슬앤더샵에듀포레아파트)",22147,01,영업/정상,,,,
주식회사 가온잡,,171774.061275602,440213.743560844,2026-04-22 22:38:37,I,13,영업중,2025-10-29 17:21:07,,2025-10-27,,인천광역시 미추홀구 주안동 ***-* 경향프라자,PHMG120253510513047000045,3510500,"인천광역시 미추홀구 주안로 ***, 경향프라자 ***호 (주안동)",22135,01,영업/정상,,,,34.8
세븐일레븐부평아울렛점,,174288.181334066,443056.362107924,2026-04-22 22:38:03,I,13,영업중,2024-02-28 13:08:21,,2021-05-14,,인천광역시 부평구 부평동 ***-** *층,PHMG120213540021047000076,3540000,"인천광역시 부평구 경원대로 ****, *층 (부평동)",21405,01,영업/정상,,,,
글로벌보청기,2019-07-02,171420.279446218,440126.090814922,2026-04-22 22:32:38,I,03,폐업,2019-07-02 11:55:23,,2016-01-21,,인천광역시 미추홀구 주안동 ***-*번지,PHMG120163510021047000003,3510500,"인천광역시 미추홀구 주안서로 **, ***호 (주안동)",22136,03,폐업,,,,
희망플러스,2024-09-04,167218.686760649,442202.027326307,2026-04-22 22:32:08,I,03,폐업,2024-09-05 11:18:16,,2016-10-17,,,PHMG120163500020047000013,3500000,인천광역시 동구 화도로 ** (화수동),22517,03,폐업,,,,7
지에스(GS)25 작전광원점,2025-09-30,176520.938807503,447988.103305226,2026-04-22 22:36:10,I,03,폐업,2025-09-22 16:42:09,,2024-01-22,,인천광역시 계양구 작전동 ***-* 광원프라자,PHMG120243550020047000005,3550000,"인천광역시 계양구 도두리로 **, 광원프라자 ***호 (작전동)",21079,03,폐업,,,,50
(주)코리아세븐인천청천쌍용점,2019-10-19,174891.82585552,444949.092604326,2026-04-22 22:32:54,I,03,폐업,2019-10-19 13:25:10,,2015-08-19,,인천광역시 부평구 청천동 ***번지 **호,PHMG120153540021047000056,3540000,인천광역시 부평구 길주로***번길 ** (청천동),21364,03,폐업,,,,47.32
이현메디칼,,174163.2438118,446517.618008076,2026-04-22 22:33:00,I,13,영업중,2023-08-31 15:08:22,,2017-09-20,,"인천광역시 부평구 청천동 ***-** *동, *층 일부",PHMG120173540021047000043,3540000,"인천광역시 부평구 안남로***번길 **, *동, *층 일부 (청천동)",21310,01,영업/정상,,,,25.86
미도기획,,177317.55,448921.8,2026-04-22 22:32:59,I,13,영업중,2022-02-22 14:04:25,,2022-02-22,,인천광역시 계양구 용종동 ***-** 한울주택,PHMG120223550020047000078,3550000,"인천광역시 계양구 용종로**번길 **-*, 한울주택 *층 (용종동)",21062,01,영업/정상,,,,
(주)코리아세븐인천부평문화로점,2019-10-19,175528.295207993,443813.383267079,2026-04-22 22:32:57,I,03,폐업,2019-10-19 14:06:08,,2016-08-16,,인천광역시 부평구 부평동 ***번지 *호 투엠캐슬 ***호,PHMG120163540021047000053,3540000,"인천광역시 부평구 주부토로 **, ***호 (부평동, 투엠캐슬)",21393,03,폐업,,,032-506-0968,
씨유숭의스마트하우스점,,168002.178518945,439850.006485912,2026-04-22 22:35:06,I,13,영업중,2022-10-06 17:07:11,,2022-10-06,,인천광역시 미추홀구 용현동 *** 스마트 하우스K,PHMG120223510513047000294,3510500,"인천광역시 미추홀구 인주대로*번길 **, 스마트 하우스K *층 ***호 (용현동)",22175,01,영업/정상,,,,59.62
지에스25 부평동아점,,175012.272686866,443946.523450184,2026-04-22 22:39:11,I,13,영업중,2023-09-20 11:40:20,,2023-09-20,,"인천광역시 부평구 부평동 **-*** 동아아파트 상가동 지하*층 *,*,*호",PHMG120233540021047000114,3540000,"인천광역시 부평구 부흥로 ***, 상가동 지하*층 *,*,*호 (부평동, 동아아파트)",21387,01,영업/정상,,,,
GS25 산곡뉴서울,,173964.428146516,444177.282126788,2026-04-22 22:39:03,I,13,영업중,2022-09-26 15:29:41,,2022-09-22,,인천광역시 부평구 산곡동 ***-* 뉴서울*차아파트 상가동 ***호,PHMG120223540021047000319,3540000,"인천광역시 부평구 부흥로***번길 **, 상가동 ***호 (산곡동, 뉴서울*차아파트)",21376,01,영업/정상,,,,
효도손노인복지센터,2011-05-02,174163.104362638,448242.120216879,2026-04-22 22:32:23,I,03,폐업,2012-07-27 17:18:09,,2010-07-19,407-782,인천광역시 계양구 효성*동 **번지 *호 두산아파트 상가 ***호,PHMG120103550020047000017,3550000,"인천광역시 계양구 안남로***번길 **, ***호 (효성동, 두산아파트 상가)",,03,폐업,,,,
웅장,2009-09-25,,,2026-04-22 22:32:25,I,03,폐업,2009-10-08 13:38:35,,2008-09-23,403-130,인천광역시 부평구 십정동  ***번지**외*필지 *층,PHMG120083540021047000026,3540000,,,03,폐업,,,,
다시온라이프동구점,2024-09-10,168419.007230917,441609.75399018,2026-04-22 22:32:09,I,03,폐업,2024-09-10 11:40:19,,2018-03-12,,인천광역시 동구 송림동 **번지 ***호,PHMG120183500020047000001,3500000,"인천광역시 동구 솔빛로**번길 *-*, *층 (송림동)",22543,03,폐업,,,,138.24
스마트뷰티센터 비티엘앤웰킨,,176599.816295302,448767.427225648,2026-04-22 22:32:44,I,13,영업중,2016-09-05 13:22:51,,2016-09-01,,인천광역시 계양구 계산동 ****번지 *호 *층,PHMG120163550020047000064,3550000,"인천광역시 계양구 장제로 ***, *층 (계산동, 롯데마트 계양점)",21060,01,영업/정상,,,,119
글라스월드,,175441.988685703,443779.14257644,2026-04-22 22:37:22,I,13,영업중,2021-05-06 15:05:35,,2021-05-03,,인천광역시 부평구 부평동 ***-* *층 일부,PHMG120213540021047000034,3540000,"인천광역시 부평구 부평대로 **, *층 일부호 (부평동)",21393,01,영업/정상,,,,9.42
(주)아성다이소 주안역점,,171867.736380341,440352.155494013,2026-04-22 22:36:46,I,13,영업중,2023-05-15 14:23:35,,2023-03-20,,인천광역시 미추홀구 주안동 *** 주안역사,PHMG120233510513047000040,3510500,"인천광역시 미추홀구 주안로 **-**, 주안역사 (주안동)",22132,01,영업/정상,,,,213.6
뮤리시스,2016-04-28,175857.870524333,446963.151982403,2026-04-22 22:32:34,I,03,폐업,2016-04-29 10:17:44,,2013-07-05,407-728,인천광역시 계양구 작전*동 ***번지 *호 우림카이저팰리스 ***동 ***호,PHMG120133550020047000021,3550000,"인천광역시 계양구 아나지로 *** (작전동, 우림카이저팰리스 ***동 ***호)",21122,03,폐업,,,032-555-1373,29.26
씨유 강화해안남로점,2025-02-10,158703.778904368,458008.26725802,2026-04-22 22:32:17,I,03,폐업,2025-02-11 09:58:42,,2022-03-25,,인천광역시 강화군 길상면 초지리 ****-*** 강화편의점낚시,PHMG120223570013047000032,3570000,"인천광역시 강화군 길상면 해안남로 **, 씨유 강화해안남로점",23052,03,폐업,,,,72
