사업장명,폐업일자,좌표X,좌표Y,데이터갱신시점,데이터갱신구분,상세영업상태코드,상세영업상태명,최종수정시점,인허가취소일자,인허가일자,소재지우편번호,지번주소,관리번호,개방자치단체코드,도로명주소,도로명우편번호,영업상태구분코드,영업상태명,판매점영업면적,휴업시작일자,휴업종료일자,소재지전화번호
(주)바이더웨이 효창공원점,2014-12-30,,,2026-04-22 22:31:01,I,03,폐업,2014-12-30 16:55:42,,2011-11-16,,,PHMH320113020033087500001,3020000,서울특별시 용산구 효창원로76길 150 (효창동),,03,폐업,,,,
GS25동빙고제일점,2016-11-23,199621.359137509,446867.679325885,2026-04-22 22:30:55,I,03,폐업,2016-11-23 14:35:41,,2012-11-08,,,PHMH320123020033087500001,3020000,서울특별시 용산구 서빙고로91나길 72 (동빙고동),04395,03,폐업,,,,02-794-1091
GS25동빙고점,2017-05-02,199608.612935438,447092.209717144,2026-04-22 22:30:55,I,03,폐업,2017-05-10 10:55:50,,2012-11-08,,,PHMH320123020033087500002,3020000,서울특별시 용산구 장문로6길 97 (동빙고동),04393,03,폐업,,,,02-792-1091
GS25원효타운,2014-04-17,196557.682702991,448041.810074053,2026-04-22 22:30:55,I,03,폐업,2014-04-17 15:38:02,,2012-11-08,,,PHMH320123020033087500003,3020000,서울특별시 용산구 새창로 146 (원효로2가),,03,폐업,,,,02-3275-3966
미니스톱용산월드점,2013-04-05,197542.687282146,448325.294355232,2026-04-22 22:31:01,I,03,폐업,2013-08-22 14:05:26,,2012-11-08,,,PHMH320123020033087500005,3020000,"서울특별시 용산구 한강대로 211, 107호 (한강로1가)",,03,폐업,,,,
GS25후암사랑점,2017-03-31,197963.766166909,449528.48631004,2026-04-22 22:30:59,I,03,폐업,2017-03-31 17:06:18,,2012-11-08,,,PHMH320123020033087500006,3020000,서울특별시 용산구 후암로 23-1 (후암동),04332,03,폐업,,,,02-774-4218
CU후암미주점,2018-07-27,197860.587890368,450002.778511517,2026-04-22 22:30:55,I,03,폐업,2018-07-27 16:45:18,,2012-11-08,,,PHMH320123020033087500007,3020000,서울특별시 용산구 후암로 71-2 (후암동),04325,03,폐업,,,,02-3789-1637
CU용산파크자이점,2023-03-16,197514.145785647,448264.322314594,2026-04-22 22:30:55,I,03,폐업,2023-03-16 17:20:21,,2012-11-08,,,PHMH320123020033087500008,3020000,서울특별시 용산구 한강대로 205 (한강로1가),04322,03,폐업,,,,
GS25서울역서부점,2013-11-26,197177.646750244,450239.515008707,2026-04-22 22:30:55,I,03,폐업,2013-11-26 11:12:03,,2012-11-08,,,PHMH320123020033087500010,3020000,서울특별시 용산구 청파로 389 (서계동),,03,폐업,,,,
CU용산민우점,2015-02-12,197835.076211772,449693.147557804,2026-04-22 22:30:55,I,03,폐업,2015-02-12 11:03:49,,2012-11-08,,,PHMH320123020033087500013,3020000,서울특별시 용산구 후암로35길 47 (후암동),,03,폐업,,,,02-318-7922
세븐일레븐 용산용문점,2012-12-28,196469.428322469,448498.841159196,2026-04-22 22:30:55,I,03,폐업,2013-08-22 14:33:17,,2012-11-08,,,PHMH320123020033087500014,3020000,서울특별시 용산구 효창원로 117 (용문동),,03,폐업,,,,
미니스톱 이태원제일점,2019-04-30,199801.957229828,448135.575999176,2026-04-22 22:30:55,I,03,폐업,2019-04-30 13:46:46,,2012-11-08,,,PHMH320123020033087500018,3020000,서울특별시 용산구 이태원로 223 (한남동),04349,03,폐업,,,,
GS25용산청파,2015-01-27,197321.065710824,449090.401637502,2026-04-22 22:30:55,I,03,폐업,2015-01-27 17:13:01,,2012-11-08,,,PHMH320123020033087500020,3020000,서울특별시 용산구 청파로 275 (청파동3가),,03,폐업,,,,
(주)씨스페이시스 원효점,2015-12-30,195544.606275448,447831.138115911,2026-04-22 22:31:00,I,03,폐업,2015-12-30 17:09:12,,2012-11-09,,,PHMH320123020033087500021,3020000,서울특별시 용산구 원효로 64 (원효로4가),04365,03,폐업,,,,
쎼븐일레븐206호점,2012-11-20,199201.263514542,447653.615565873,2026-04-22 22:30:55,I,03,폐업,2013-08-22 15:48:14,,2012-11-09,,,PHMH320123020033087500022,3020000,서울특별시 용산구 녹사평대로26길 30 (이태원동),,03,폐업,,,,
(주)비지에프리테일 남산공원점,2017-11-10,,,2026-04-22 22:30:59,I,03,폐업,2017-11-10 17:48:16,,2012-11-09,,,PHMH320123020033087500023,3020000,서울특별시 용산구 남산공원길 121 (용산동2가),04340,03,폐업,,,,
GS25후암본점,2022-06-02,198299.452296011,449352.510594155,2026-04-22 22:30:55,I,03,폐업,2022-06-02 13:46:43,,2012-11-09,,,PHMH320123020033087500026,3020000,서울특별시 용산구 신흥로 149 (후암동),04337,03,폐업,,,,
GS25용산동자점,2016-07-06,,,2026-04-22 22:30:55,I,03,폐업,2016-07-07 17:12:09,,2012-11-09,,,PHMH320123020033087500029,3020000,서울특별시 용산구 한강대로104길 54 (동자동),04334,03,폐업,,,,02-754-0232
바이더웨이 효창공원점,2012-11-16,196596.438958989,448791.762333138,2026-04-22 22:30:55,I,03,폐업,2013-08-22 16:08:08,,2012-11-09,,,PHMH320123020033087500030,3020000,서울특별시 용산구 효창원로 150 (효창동),,03,폐업,,,,
GS25이태원본점,2015-07-22,199659.057794745,447896.598066061,2026-04-22 22:30:55,I,03,폐업,2015-07-22 17:17:41,,2012-11-09,,,PHMH320123020033087500032,3020000,서울특별시 용산구 우사단로10길 23 (이태원동),,03,폐업,,,,
세븐일레븐용산효창점,2015-12-03,196454.809562287,448821.272622337,2026-04-22 22:30:55,I,03,폐업,2015-12-03 10:09:18,,2012-11-12,,,PHMH320123020033087500033,3020000,서울특별시 용산구 효창원로69나길 13 (효창동),04318,03,폐업,,,,
씨유원효로2가점,2018-03-26,196691.508606508,448080.273354755,2026-04-22 22:30:55,I,03,폐업,2018-03-26 17:26:24,,2012-11-12,,,PHMH320123020033087500034,3020000,서울특별시 용산구 원효로58길 28 (원효로2가),04367,03,폐업,,,,
GS25보광점,2014-10-28,199860.819809374,447348.10086997,2026-04-22 22:30:55,I,03,폐업,2014-10-28 18:01:52,,2012-11-12,,,PHMH320123020033087500036,3020000,서울특별시 용산구 보광로 46 (보광동),,03,폐업,,,,
이마트24 보광사랑점,2024-05-27,199953.701899869,447435.720013697,2026-04-22 22:30:55,I,03,폐업,2024-05-27 15:28:33,,2012-11-12,,,PHMH320123020033087500037,3020000,서울특별시 용산구 장문로45길 73 (보광동),04415,03,폐업,,,,
씨유이태원경리단점,2018-02-13,198790.433934433,448344.026027589,2026-04-22 22:30:55,I,03,폐업,2018-02-13 15:39:01,,2012-11-12,,,PHMH320123020033087500038,3020000,서울특별시 용산구 녹사평대로 222 (이태원동),04345,03,폐업,,,,
씨유용산한남점,2020-06-25,200167.678243408,448907.406473211,2026-04-22 22:30:55,I,03,폐업,2020-06-25 11:23:25,,2012-11-12,,,PHMH320123020033087500040,3020000,서울특별시 용산구 한남대로 158 (한남동),04417,03,폐업,,,,
GS25용산문배점,2014-06-11,197194.757574283,448455.338450919,2026-04-22 22:30:55,I,03,폐업,2014-06-12 09:04:55,,2012-11-12,,,PHMH320123020033087500041,3020000,서울특별시 용산구 백범로90라길 28 (문배동),,03,폐업,,,,
씨유이태원1동점,2015-07-31,199029.343423496,448144.277162924,2026-04-22 22:30:55,I,03,폐업,2015-07-31 16:32:09,,2012-11-13,,,PHMH320123020033087500043,3020000,서울특별시 용산구 녹사평대로40다길 30 (이태원동),,03,폐업,,,,
씨유이태원대림점,2019-03-27,198942.726412646,448717.203676931,2026-04-22 22:30:55,I,03,폐업,2019-03-27 17:14:06,,2012-11-13,,,PHMH320123020033087500044,3020000,서울특별시 용산구 녹사평대로 254 (이태원동),04343,03,폐업,,,,
씨유이태원햇살점,2018-06-20,198934.375408314,448292.621042576,2026-04-22 22:30:55,I,03,폐업,2018-06-20 18:11:53,,2012-11-13,,,PHMH320123020033087500045,3020000,서울특별시 용산구 녹사평대로40나길 53 (이태원동),04345,03,폐업,,,,
이마트24 한남제일점,2022-06-02,199942.258497449,448294.559595048,2026-04-22 22:30:55,I,03,폐업,2022-06-02 14:11:38,,2012-11-13,,서울특별시 용산구 한남동 738번지 24호,PHMH320123020033087500046,3020000,서울특별시 용산구 이태원로 245 (한남동),04348,03,폐업,,,,
CU용산서계점,2018-04-30,196977.458487504,450064.79037152,2026-04-22 22:30:55,I,03,폐업,2018-04-30 17:00:56,,2012-11-13,,,PHMH320123020033087500047,3020000,서울특별시 용산구 청파로85길 46 (서계동),04302,03,폐업,,,,
GS25용산전자회관점,2020-10-12,196727.535753619,447868.128308607,2026-04-22 22:30:55,I,03,폐업,2020-10-12 14:59:03,,2012-11-13,,,PHMH320123020033087500048,3020000,서울특별시 용산구 청파로 112 (한강로3가),04371,03,폐업,,,,
씨유이태원2동점,2016-09-28,199216.466246624,448752.686364144,2026-04-22 22:30:55,I,03,폐업,2016-09-29 17:43:26,,2012-11-14,,,PHMH320123020033087500049,3020000,서울특별시 용산구 회나무로13가길 41 (이태원동),04344,03,폐업,,,,
GS25용산으뜸,2022-06-29,197248.654674623,448360.57465451,2026-04-22 22:30:55,I,03,폐업,2022-06-29 14:11:26,,2012-11-14,,,PHMH320123020033087500050,3020000,서울특별시 용산구 백범로90길 74 (문배동),04315,03,폐업,,,,
GS25효창행복점,2014-10-01,196506.063260624,448846.424790473,2026-04-22 22:30:55,I,03,폐업,2024-09-30 15:29:23,,2012-11-14,,,PHMH320123020033087500051,3020000,서울특별시 용산구 효창원로69길 15 (효창동),04318,03,폐업,,,,
GS25동부이촌점,2014-05-07,197044.277002519,446549.892594467,2026-04-22 22:30:55,I,03,폐업,2014-05-07 14:15:18,,2012-11-14,,,PHMH320123020033087500052,3020000,서울특별시 용산구 이촌로 182 (이촌동),,03,폐업,,,,
CU남산리치빌점,2014-05-13,198101.445232724,449672.909204653,2026-04-22 22:30:55,I,03,폐업,2014-05-13 16:56:25,,2012-11-14,,,PHMH320123020033087500056,3020000,서울특별시 용산구 후암로28길 38 (후암동),,03,폐업,,,,
CU후암중앙점,2018-07-11,198370.485797415,449595.993665149,2026-04-22 22:30:55,I,03,폐업,2018-07-11 17:59:33,,2012-11-14,,,PHMH320123020033087500057,3020000,서울특별시 용산구 두텁바위로 108 (후암동),04328,03,폐업,,,,
세븐일레븐용산후암점,2014-05-01,197935.33476861,449299.69098628,2026-04-22 22:30:55,I,03,폐업,2014-05-01 16:58:12,,2012-11-14,,,PHMH320123020033087500058,3020000,서울특별시 용산구 두텁바위로 47 (후암동),,03,폐업,,,,
CU신용산점,2015-03-18,197351.514465897,447738.540389615,2026-04-22 22:30:55,I,03,폐업,2015-03-18 15:56:09,,2012-11-14,,,PHMH320123020033087500060,3020000,서울특별시 용산구 한강대로 142 (한강로2가),,03,폐업,,,,
CU용산후암점,2016-09-01,198207.867950751,449356.302089952,2026-04-22 22:30:55,I,03,폐업,2016-09-01 17:59:32,,2012-11-14,,,PHMH320123020033087500061,3020000,서울특별시 용산구 두텁바위로 75 (후암동),04336,03,폐업,,,,
GS25한남역점,2015-09-25,200614.319913696,447561.558961093,2026-04-22 22:30:55,I,03,폐업,2015-09-25 10:42:46,,2012-11-14,,,PHMH320123020033087500063,3020000,서울특별시 용산구 독서당로 22 (한남동),04410,03,폐업,,,,
세븐일레븐용산파크타워점,2013-03-06,197338.915067396,446893.484429691,2026-04-22 22:30:59,I,03,폐업,2013-08-27 17:20:14,,2012-11-14,,,PHMH320123020033087500065,3020000,서울특별시 용산구 서빙고로 67 (용산동5가),,03,폐업,,,,
씨유숙대도서관점,2022-02-18,196996.791749979,449101.175256243,2026-04-22 22:30:55,I,03,폐업,2022-02-18 11:50:10,,2012-11-15,,,PHMH320123020033087500066,3020000,서울특별시 용산구 청파로43길 70 (청파동3가),04313,03,폐업,,,,
씨유용산해방촌점,2013-10-24,198796.52499832,448851.858861312,2026-04-22 22:30:55,I,03,폐업,2013-10-25 17:56:28,,2012-11-15,,,PHMH320123020033087500067,3020000,서울특별시 용산구 신흥로7길 1 (용산동2가),,03,폐업,,,,
미니스톱남산소월점,2021-11-30,198612.572,449283.874666667,2026-04-22 22:30:55,I,03,폐업,2021-11-30 14:40:38,,2012-11-15,,,PHMH320123020033087500068,3020000,서울특별시 용산구 신흥로20길 1 (용산동2가),04328,03,폐업,,,,
씨유용산전자랜드점,2018-02-26,196370.746398773,447841.698787531,2026-04-22 22:30:55,I,03,폐업,2018-02-26 17:07:08,,2012-11-15,,,PHMH320123020033087500069,3020000,서울특별시 용산구 청파로 74 (한강로3가),04372,03,폐업,,,,
씨유용산햇살점,2018-02-28,198416.199476575,449159.418773277,2026-04-22 22:30:55,I,03,폐업,2018-02-28 13:47:27,,2012-11-15,,,PHMH320123020033087500070,3020000,서울특별시 용산구 신흥로 117 (용산동2가),04337,03,폐업,,,,
씨유유엔빌리지점,2013-05-16,200806.372578114,447855.635811062,2026-04-22 22:30:55,I,03,폐업,2013-08-27 17:44:49,,2012-11-15,,,PHMH320123020033087500071,3020000,서울특별시 용산구 유엔빌리지1길 2 (한남동),,03,폐업,,,,
씨유용산삼각지점,2015-04-20,197578.141435458,447844.960184765,2026-04-22 22:30:55,I,03,폐업,2015-04-20 11:48:43,,2012-11-15,,,PHMH320123020033087500072,3020000,서울특별시 용산구 한강대로62길 48 (한강로1가),,03,폐업,,,,
씨유용산갈월점,2014-11-25,197464.703927638,449671.839985556,2026-04-22 22:30:55,I,03,폐업,2014-11-26 08:49:34,,2012-11-15,,,PHMH320123020033087500073,3020000,서울특별시 용산구 한강대로 348 (갈월동),,03,폐업,,,,
씨유보광오산점,2015-12-22,199761.407951479,447100.527107187,2026-04-22 22:30:55,I,03,폐업,2015-12-22 16:17:34,,2012-11-15,,,PHMH320123020033087500075,3020000,서울특별시 용산구 장문로19길 10 (보광동),04394,03,폐업,,,,
세븐일레븐이촌무궁화점,2016-12-30,197329.192480831,446114.125235545,2026-04-22 22:31:00,I,03,폐업,2016-12-30 18:19:23,,2012-11-15,,,PHMH320123020033087500076,3020000,서울특별시 용산구 이촌로72길 62 (이촌동),04427,03,폐업,,,,
세븐일레븐이촌진달래점,2016-12-30,198315.331070347,445891.889050955,2026-04-22 22:30:59,I,03,폐업,2016-12-30 18:19:01,,2012-11-15,140-915,서울특별시 용산구 이촌동 362번지 1호,PHMH320123020033087500077,3020000,,,03,폐업,,,,
세븐일레븐 동부이촌본점,2021-07-23,197177.47312335,446543.21624884,2026-04-22 22:30:55,I,03,폐업,2021-07-23 11:29:49,,2012-11-15,,,PHMH320123020033087500079,3020000,서울특별시 용산구 이촌로 196 (이촌동),04427,03,폐업,,,,
(주)비지에프휴먼넷한남리첸시아점,2016-02-29,200628.554655257,448024.720455877,2026-04-22 22:31:01,I,03,폐업,2016-02-29 17:27:51,,2012-11-15,,,PHMH320123020033087500080,3020000,서울특별시 용산구 한남대로 60 (한남동),04419,03,폐업,,,,
GS25삼각지점,2023-10-17,197423.388614339,447712.375925104,2026-04-22 22:30:55,I,03,폐업,2023-10-18 10:10:23,,2012-11-15,140-872,서울특별시 용산구 한강로2가 88번지,PHMH320123020033087500081,3020000,서울특별시 용산구 한강대로48길 17-5 (한강로2가),04382,03,폐업,,,,
씨유숙대입구역점,2014-12-15,197483.880256526,449240.366693278,2026-04-22 22:30:55,I,03,폐업,2014-12-15 13:17:13,,2012-11-16,,,PHMH320123020033087500082,3020000,서울특별시 용산구 한강대로 304 (갈월동),,03,폐업,,,,
씨유용산효창점,2013-08-01,196809.489028379,448526.824252638,2026-04-22 22:30:55,I,03,폐업,2013-09-02 17:45:45,,2012-11-16,,,PHMH320123020033087500083,3020000,서울특별시 용산구 백범로77길 10 (원효로1가),,03,폐업,,,,
세븐일레븐원효점,2013-10-01,196005.836412851,447699.758814725,2026-04-22 22:30:55,I,03,폐업,2013-10-01 09:34:35,,2012-11-16,,,PHMH320123020033087500084,3020000,서울특별시 용산구 이촌로 1 (한강로3가),,03,폐업,,,,
(주)코리아세븐서빙고점,2022-10-06,199162.133975379,446755.668517054,2026-04-22 22:30:59,I,03,폐업,2022-10-06 14:01:48,,2012-11-16,,,PHMH320123020033087500085,3020000,서울특별시 용산구 서빙고로51길 64 (서빙고동),04384,03,폐업,,,,
(주)바이더웨이 용산해방촌점,2019-02-15,198811.66256143,449031.228316372,2026-04-22 22:31:01,I,03,폐업,2019-02-15 16:20:39,,2012-11-16,,,PHMH320123020033087500086,3020000,서울특별시 용산구 신흥로 57 (용산동2가),04338,03,폐업,,,,
(주)코리아세븐 원효점,2015-11-26,196005.836412851,447699.758814725,2026-04-22 22:30:59,I,03,폐업,2015-11-26 14:22:47,,2012-11-16,,,PHMH320123020033087500088,3020000,서울특별시 용산구 이촌로 1 (한강로3가),04373,03,폐업,,,,
(주)코리아세븐 용산리첸시아점,2025-07-22,197045.849468346,448447.558967085,2026-04-22 22:30:59,I,03,폐업,2025-07-22 16:39:50,,2012-11-16,,,PHMH320123020033087500092,3020000,서울특별시 용산구 백범로 341 (원효로1가),04315,03,폐업,,,,
(주)코리아세븐 이촌점,2014-03-06,197679.255159437,446425.373848781,2026-04-22 22:30:59,I,03,폐업,2014-03-06 17:47:51,,2012-11-16,,,PHMH320123020033087500097,3020000,서울특별시 용산구 이촌로 245 (이촌동),,03,폐업,,,,
(주)바이더웨이 이태원본점,2014-12-08,199155.510674512,448589.384221511,2026-04-22 22:31:01,I,03,폐업,2014-12-08 09:41:38,,2012-11-16,,,PHMH320123020033087500098,3020000,서울특별시 용산구 회나무로26길 12 (이태원동),,03,폐업,,,,
(주)바이더웨이 이태원청화점,2016-03-28,199480.972720827,447678.419872848,2026-04-22 22:31:00,I,03,폐업,2016-03-29 15:03:23,,2012-11-16,,,PHMH320123020033087500099,3020000,서울특별시 용산구 보광로 95 (보광동),04396,03,폐업,,,,
(주)바이더웨이 관광특구점,2016-02-04,199678.685128404,448086.564575334,2026-04-22 22:30:59,I,03,폐업,2016-02-04 17:24:14,,2012-11-16,,,PHMH320123020033087500100,3020000,서울특별시 용산구 이태원로 211 (한남동),04349,03,폐업,,,,
세븐일레븐 용산원효점,2014-10-31,,,2026-04-22 22:30:55,I,03,폐업,2014-10-31 17:21:44,,2012-11-23,,,PHMH320123020033087500103,3020000,서울특별시 용산구 원효로19길 55 (원효로4가),,03,폐업,,,,
씨유 용산한강로점,2018-02-05,197197.303144904,447701.927337454,2026-04-22 22:30:55,I,03,폐업,2018-02-05 17:16:49,,2012-11-23,,,PHMH320123020033087500104,3020000,서울특별시 용산구 한강대로43길 13 (한강로2가),04376,03,폐업,,,,
씨유 용산역2호점,2020-08-20,197083.100438264,447552.774477998,2026-04-22 22:30:55,I,03,폐업,2020-08-20 15:33:47,,2012-11-26,,,PHMH320123020033087500105,3020000,서울특별시 용산구 새창로 217 (한강로2가),04376,03,폐업,,,,
미니스톱 용산시티점,2019-01-14,197202.846269061,446986.411557186,2026-04-22 22:30:55,I,03,폐업,2019-01-14 17:47:16,,2012-11-30,,,PHMH320123020033087500110,3020000,서울특별시 용산구 서빙고로 35 (한강로3가),04385,03,폐업,,,,
GS25 숙대제일점,2015-11-18,197221.514134541,449024.821517958,2026-04-22 22:30:55,I,03,폐업,2015-11-18 15:37:20,,2012-12-03,,,PHMH320123020033087500111,3020000,서울특별시 용산구 청파로43길 23 (청파동3가),04313,03,폐업,,,,
GS25 동자제일점,2019-09-30,197515.558871235,449721.082675464,2026-04-22 22:30:55,I,03,폐업,2019-09-30 14:20:56,,2012-12-24,,,PHMH320123020033087500116,3020000,서울특별시 용산구 한강대로102길 12 (갈월동),04334,03,폐업,,,,
홈플러스365 서울효창점,2016-05-13,,,2026-04-22 22:30:55,I,03,폐업,2016-05-13 15:53:11,,2012-12-28,,,PHMH320123020033087500117,3020000,서울특별시 용산구 백범로 315 (효창동),04317,03,폐업,,,,
세븐일레븐 용산후암진흥점,2015-09-01,197947.221892803,449587.403466068,2026-04-22 22:30:55,I,03,폐업,2015-09-01 16:46:20,,2012-12-28,,,PHMH320123020033087500118,3020000,서울특별시 용산구 후암로 29 (후암동),04332,03,폐업,,,,
GS25보광그린점,2017-01-31,199940.114846819,447079.499990337,2026-04-22 22:30:55,I,03,폐업,2017-02-02 15:20:09,,2013-08-22,,서울특별시 용산구 보광동 216번지 12호,PHMH320133020033087500001,3020000,"서울특별시 용산구 장문로 96 (보광동, 그린서적)",04395,03,폐업,50,,,
GS25 서빙고점,2018-05-09,199129.895765208,446500.466782248,2026-04-22 22:30:55,I,03,폐업,2019-10-16 21:01:27,,2013-01-10,,,PHMH320133020033087500003,3020000,서울특별시 용산구 서빙고로51길 10 (서빙고동),04384,03,폐업,,,,
세븐일레븐 용산용문점,2017-03-06,196469.428322469,448498.841159196,2026-04-22 22:30:55,I,03,폐업,2017-03-06 17:21:47,,2013-01-15,,,PHMH320133020033087500005,3020000,서울특별시 용산구 효창원로 117 (용문동),04355,03,폐업,,,,
스마일라운지,2019-06-05,196573.942953979,448560.389167704,2026-04-22 22:30:55,I,03,폐업,2019-06-05 14:49:38,,2013-01-23,,,PHMH320133020033087500007,3020000,서울특별시 용산구 백범로 295 (효창동),04317,03,폐업,,,,
씨유 신한강로벽산점,2018-04-27,197257.765183997,447772.298383734,2026-04-22 22:30:55,I,03,폐업,2018-04-27 17:02:20,,2013-01-23,,,PHMH320133020033087500008,3020000,"서울특별시 용산구 한강대로43길 8, 201호 (한강로2가, 벽산메가트리움)",04376,03,폐업,,,,
GS25 원효로점,2020-12-14,197184.30581248,448684.329156925,2026-04-22 22:30:55,I,03,폐업,2020-12-14 12:46:50,,2013-01-25,,,PHMH320133020033087500009,3020000,서울특별시 용산구 원효로 255 (원효로1가),04314,03,폐업,,,,
씨유 용산보광점,2013-12-13,200151.677652288,447207.599955215,2026-04-22 22:30:55,I,03,폐업,2013-12-13 10:52:51,,2013-01-25,140-822,서울특별시 용산구 보광동 22번지 1호,PHMH320133020033087500010,3020000,서울특별시 용산구 장문로 119 (보광동),,03,폐업,,,,
GS25 서울역점,2014-07-02,197484.876911496,450194.495553339,2026-04-22 22:30:55,I,03,폐업,2014-07-03 09:00:13,,2013-02-01,,,PHMH320133020033087500011,3020000,서울특별시 용산구 한강대로 401 (동자동),,03,폐업,,,,
미니스톱 용산월드점,2014-04-30,197542.687282146,448325.294355232,2026-04-22 22:30:55,I,03,폐업,2014-04-30 17:26:45,,2013-04-05,,,PHMH320133020033087500013,3020000,"서울특별시 용산구 한강대로 211, 1층 107호 (한강로1가)",,03,폐업,,,,
GS25산천리버힐,2022-07-22,195563.535062555,448084.894977065,2026-04-22 22:30:55,I,03,폐업,2022-07-22 17:10:46,,2013-04-19,,,PHMH320133020033087500015,3020000,"서울특별시 용산구 효창원로 17, 102~104호 (산천동, 리버힐삼성아파트)",04358,03,폐업,,,,
이마트24 남산힐튼점,2018-11-29,197884.694316792,450278.758007272,2026-04-22 22:30:55,I,03,폐업,2018-12-03 10:17:06,,2013-06-04,,서울특별시 용산구 후암동 440번지,PHMH320133020033087500018,3020000,"서울특별시 용산구 소월로2길 5, 1층 (후암동)",04326,03,폐업,,,,
씨유 도원삼성점,2020-02-18,196211.287232401,448572.36200051,2026-04-22 22:30:55,I,03,폐업,2020-02-18 17:19:38,,2013-09-26,,서울특별시 용산구 도원동 8번지 24호,PHMH320133020033087500020,3020000,서울특별시 용산구 새창로12길 4 (도원동),04356,03,폐업,45,,,32731364
지에스25 서울역서부,2019-04-01,197177.646750244,450239.515008707,2026-04-22 22:30:55,I,03,폐업,2019-04-01 17:36:18,,2013-11-26,,서울특별시 용산구 서계동 220번지 4호 1층,PHMH320133020033087500022,3020000,서울특별시 용산구 청파로 389 (서계동),04300,03,폐업,40,,,
SK네트웍스 (주)흥국주유소,2017-04-13,200184.397422031,449300.985015883,2026-04-22 22:31:01,I,03,폐업,2017-04-13 10:24:45,,2013-11-27,,서울특별시 용산구 한남동 726번지 370호,PHMH320133020033087500023,3020000,"서울특별시 용산구 한남대로 204 (한남동, SK주유소)",04417,03,폐업,26,,,
세븐일레븐 이태원경리단점,2016-12-12,198995.504644616,448553.941350733,2026-04-22 22:30:55,I,03,폐업,2016-12-12 15:40:44,,2013-12-17,,서울특별시 용산구 이태원동 225번지 67호,PHMH320133020033087500024,3020000,서울특별시 용산구 회나무로 24-1 (이태원동),04345,03,폐업,33,,,
GS25용산삼각지,2019-03-15,197626.808565836,447988.903746818,2026-04-22 22:30:55,I,03,폐업,2019-03-18 13:19:44,,2013-12-24,,서울특별시 용산구 한강로1가 196번지 1호,PHMH320133020033087500025,3020000,"서울특별시 용산구 한강대로62나길 2, 1층 (한강로1가)",04382,03,폐업,40,,,
지에스25 용산전자타운,2014-05-20,196715.897506115,448015.62934736,2026-04-22 22:30:55,I,03,폐업,2014-05-20 12:36:30,,2014-03-20,140-090,서울특별시 용산구 신계동 27번지 20호,PHMH320143020033087500001,3020000,서울특별시 용산구 원효로58길 42 (신계동),,03,폐업,53,,,
CU 원효대로점,2023-01-02,196427.086128322,448029.26057244,2026-04-22 22:30:55,I,03,폐업,2023-01-02 11:21:09,,2014-03-27,140-848,서울특별시 용산구 원효로3가 51번지 7호,PHMH320143020033087500003,3020000,서울특별시 용산구 원효로 154 (원효로3가),04366,03,폐업,132,,,
(주)지에스리테일 GS25원효타운점,2014-09-11,196557.682702991,448041.810074053,2026-04-22 22:30:59,I,03,폐업,2014-09-11 14:10:37,,2014-04-18,140-847,서울특별시 용산구 원효로2가 96번지 1호,PHMH320143020033087500004,3020000,서울특별시 용산구 새창로 146 (원효로2가),,03,폐업,66,,,
씨유 용산아스테리움점,2021-06-15,197563.069805939,449934.157783456,2026-04-22 22:30:55,I,03,폐업,2021-06-15 14:13:40,,2014-04-28,140-170,서울특별시 용산구 동자동 45번지 센트레빌아스테리움 제비동 101호,PHMH320143020033087500005,3020000,서울특별시 용산구 한강대로 372 (동자동),04323,03,폐업,81,,,02-755-4043
씨유 용산지오베르크점,2019-01-09,197045.696579263,448354.777958854,2026-04-22 22:30:55,I,03,폐업,2019-01-09 17:25:06,,2014-05-01,140-100,서울특별시 용산구 문배동 17번지 1호,PHMH320143020033087500007,3020000,서울특별시 용산구 백범로 346 (문배동),04368,03,폐업,33,,,
GS25 용산프라임점,2015-11-16,197287.50506674,448662.153501017,2026-04-22 22:30:55,I,03,폐업,2015-11-16 17:53:44,,2014-05-20,140-845,서울특별시 용산구 원효로1가 41번지,PHMH320143020033087500008,3020000,서울특별시 용산구 원효로90길 11 (원효로1가),04315,03,폐업,58,,,
GS25 동부이촌점,2016-04-21,197044.277002519,446549.892594467,2026-04-22 22:30:55,I,03,폐업,2016-04-22 10:26:34,,2014-05-22,140-854,서울특별시 용산구 이촌동 302번지 68호,PHMH320143020033087500009,3020000,서울특별시 용산구 이촌로 182 (이촌동),04427,03,폐업,33,,,
GS25 이태원제일점,2021-07-01,199884.24876135,448210.426550975,2026-04-22 22:30:55,I,03,폐업,2021-07-01 14:56:31,,2014-06-30,140-893,서울특별시 용산구 한남동 738번지 17호,PHMH320143020033087500011,3020000,서울특별시 용산구 이태원로 235 (한남동),04348,03,폐업,,,,
GS25 용산청파점,2024-10-29,197321.065710824,449090.401637502,2026-04-22 22:30:58,I,03,폐업,2024-10-29 17:32:08,,2020-12-21,,서울특별시 용산구 청파동3가 24-4,PHMH320203020033087500017,3020000,서울특별시 용산구 청파로 275 (청파동3가),04313,03,폐업,53,,,
지에스25 뉴후암사랑점,2024-12-18,197947.221892803,449587.403466068,2026-04-22 22:31:00,I,03,폐업,2024-12-19 09:09:48,,2021-04-21,,서울특별시 용산구 후암동 105-64 은전탕,PHMH320213020033087500008,3020000,"서울특별시 용산구 후암로 29, 은전탕 1층 (후암동)",04332,03,폐업,56,,,
롯데씨브이에스711  숙대입구점,2023-02-24,197300.730494744,449228.571215471,2026-04-22 22:31:01,I,03,폐업,2023-02-24 14:16:19,,2021-04-30,,,PHMH320213020033087500009,3020000,"서울특별시 용산구 청파로 287, 1층 (청파동2가)",04309,03,폐업,76,,,
(주)코라아세븐 남영프라임타워점,2025-02-12,197287.50506674,448662.153501017,2026-04-22 22:30:59,I,03,폐업,2025-02-12 15:21:58,,2021-05-06,,서울특별시 용산구 원효로1가 41 용산더프라임,PHMH320213020033087500010,3020000,"서울특별시 용산구 원효로90길 11, 101호 (원효로1가, 용산더프라임)",04315,03,폐업,,,,02-6362-7994
씨유 한남역점,2025-06-20,200445.904829677,447625.584231827,2026-04-22 22:30:58,I,03,폐업,2025-06-20 15:17:20,,2021-11-12,,서울특별시 용산구 한남동 612-2 서원빌딩,PHMH320213020033087500017,3020000,"서울특별시 용산구 대사관로34길 50, 1층 (한남동)",04409,03,폐업,40,,,
롯데씨브이에스711 남산소월점,2023-02-22,198612.572,449283.874666667,2026-04-22 22:31:01,I,03,폐업,2023-02-22 17:05:55,,2021-12-01,,서울특별시 용산구 용산동2가 1-530,PHMH320213020033087500019,3020000,"서울특별시 용산구 신흥로20길 1, 1층 (용산동2가)",04328,03,폐업,50,,,
(주)코리아세븐 용산만리점,2024-10-21,196736.39750515,449827.847203658,2026-04-22 22:31:01,I,03,폐업,2024-10-21 19:03:37,,2022-04-19,,서울특별시 용산구 서계동 260-18 종로떡집,PHMH320223020033087500005,3020000,"서울특별시 용산구 효창원로 264, 2층 (서계동)",04305,03,폐업,50,,,
(주)코리아세븐 용산루미니점,2024-03-29,197219.559171881,448787.13084274,2026-04-22 22:31:01,I,03,폐업,2024-03-29 15:56:05,,2022-05-19,,서울특별시 용산구 원효로1가 104,PHMH320223020033087500010,3020000,"서울특별시 용산구 원효로97길 15, 지상2층 209,210호 (원효로1가)",04314,03,폐업,90,,,02-3284-8120
씨유 이촌퐁당점,2025-02-04,196014.304367743,447134.712107414,2026-04-22 22:30:58,I,03,폐업,2025-02-04 11:42:01,,2022-05-23,,서울특별시 용산구 이촌동 203-1 열린가정의원,PHMH320223020033087500011,3020000,"서울특별시 용산구 이촌로 60, 열린가정의원 1층 (이촌동)",04374,03,폐업,58,,,
(주)코리아세븐 해방촌하늘계단점,2024-09-12,198476.691507468,449295.91864438,2026-04-22 22:30:59,I,03,폐업,2024-09-12 11:23:34,,2022-10-14,,서울특별시 용산구 용산동2가 1-224,PHMH320223020033087500022,3020000,"서울특별시 용산구 신흥로22가길 14, 1층 (용산동2가)",04337,03,폐업,,,,
세븐일레븐 용산서빙고점,2023-06-08,199162.133975379,446755.668517054,2026-04-22 22:30:59,I,03,폐업,2023-06-08 17:34:41,,2022-11-24,,서울특별시 용산구 서빙고동 293 그린파크아파트,PHMH320223020033087500026,3020000,"서울특별시 용산구 서빙고로51길 64, 101상가동 1층 107호 (서빙고동, 그린파크아파트)",04384,03,폐업,60,,,02-3284-8112
지에스25 UN프리미엄점,2024-11-25,200806.372578114,447855.635811062,2026-04-22 22:30:58,I,03,폐업,2024-11-25 14:25:46,,2023-03-13,,서울특별시 용산구 한남동 312-5,PHMH320233020033087500004,3020000,"서울특별시 용산구 유엔빌리지1길 2, 1층 1호 (한남동)",04420,03,폐업,49,,,
(주)비지에프리테일 용산파크자이점,2024-03-05,197514.145785647,448264.322314594,2026-04-22 22:31:01,I,03,폐업,2024-03-05 15:36:41,,2023-04-05,,서울특별시 용산구 한강로1가 50-1 용산파크자이,PHMH320233020033087500009,3020000,"서울특별시 용산구 한강대로 205, D8전체, D9일부호 (한강로1가, 용산파크자이)",04322,03,폐업,79,,,02-795-3940
지에스25 후암호호점,2024-10-28,198340.792826776,449722.136485832,2026-04-22 22:30:58,I,03,폐업,2024-10-28 17:56:03,,2023-06-01,,서울특별시 용산구 후암동 343-5,PHMH320233020033087500012,3020000,서울특별시 용산구 두텁바위로58길 6 (후암동),04328,03,폐업,53,,,
아벨리아 순천향대 서울병원 편의점,2025-06-20,200310.979917902,447939.994985364,2026-04-22 22:31:01,I,03,폐업,2025-06-20 15:46:35,,2023-08-24,,서울특별시 용산구 한남동 657-58 순천향대학병원,PHMH320233020033087500017,3020000,"서울특별시 용산구 대사관로 59, 순천향대학병원 정문 1층 (한남동)",04401,03,폐업,,,,
GS25 이촌대림점,2020-06-24,196018.516018461,446992.730365646,2026-04-22 22:30:55,I,03,폐업,2020-06-24 16:15:49,,2014-06-30,140-909,서울특별시 용산구 이촌동 199번지 50호,PHMH320143020033087500012,3020000,서울특별시 용산구 이촌로22길 19 (이촌동),04374,03,폐업,115,,,
미니스톱 동부이촌점,2021-08-27,198236.296378418,446262.544080318,2026-04-22 22:30:55,I,03,폐업,2021-08-27 13:35:43,,2014-07-17,140-723,"서울특별시 용산구 이촌동 301번지 160호 21동 104호-나, 105-가호",PHMH320143020033087500013,3020000,서울특별시 용산구 이촌로 303 (이촌동),04424,03,폐업,110,,,1577-9621
365플러스 서부이촌점,2015-01-16,195892.742962389,447202.526570068,2026-04-22 22:30:55,I,03,폐업,2015-01-16 15:02:28,,2014-07-18,,,PHMH320143020033087500014,3020000,서울특별시 용산구 이촌로14길 11-6 (이촌동),,03,폐업,50,,,
365플러스용산후암로점,2017-01-20,198023.050994376,449385.239062626,2026-04-22 22:30:55,I,03,폐업,2017-01-20 17:43:08,,2014-09-25,140-902,서울특별시 용산구 후암동 251번지 15호,PHMH320143020033087500015,3020000,서울특별시 용산구 후암로 8-1 (후암동),04331,03,폐업,60,,,
(주)비지에프리테일 이태원프리덤점,2015-09-22,199494.240629528,448102.144003408,2026-04-22 22:30:59,I,03,폐업,2015-09-22 17:11:00,,2014-10-10,,,PHMH320143020033087500017,3020000,서울특별시 용산구 이태원로27길 13 (이태원동),04350,03,폐업,,,,
GS25 효창행복점,2024-09-30,196506.063260624,448846.424790473,2026-04-22 22:30:55,I,03,폐업,2024-09-30 16:17:18,,2014-10-28,,,PHMH320143020033087500018,3020000,"서울특별시 용산구 효창원로69길 15, 1층 (효창동)",04318,03,폐업,129,,,02-711-8373
지에스25용산보광점,2024-10-31,199860.819809374,447348.10086997,2026-04-22 22:30:55,I,03,폐업,2024-10-31 16:23:02,,2014-10-29,140-823,서울특별시 용산구 보광동 259번지 1호,PHMH320143020033087500019,3020000,서울특별시 용산구 보광로 46 (보광동),04414,03,폐업,33,,,
세븐일레븐 용산원효점,2025-06-20,195556.853873045,447925.908209588,2026-04-22 22:30:55,I,03,폐업,2025-06-20 13:58:33,,2014-11-03,140-851,서울특별시 용산구 원효로4가 142번지 1호,PHMH320143020033087500021,3020000,서울특별시 용산구 원효로 55 (원효로4가),04360,03,폐업,50,,,
(주)코리아세븐 용산아이파크몰점,2020-12-30,196762.077394917,447480.039577359,2026-04-22 22:30:55,I,03,폐업,2020-12-30 15:06:53,,2014-11-03,,,PHMH320143020033087500022,3020000,"서울특별시 용산구 한강대로23길 55 (한강로3가, 용산민자역사)",04377,03,폐업,50,,,
씨유용산갈월점,2018-08-30,197464.703927638,449671.839985556,2026-04-22 22:30:55,I,03,폐업,2018-08-31 09:06:55,,2014-11-26,140-800,서울특별시 용산구 갈월동 3번지 3호,PHMH320143020033087500025,3020000,서울특별시 용산구 한강대로 348 (갈월동),04334,03,폐업,,,,
(주)코리아세븐이태원중앙점,2025-07-22,199195.27292662,448582.522822768,2026-04-22 22:30:55,I,03,폐업,2025-07-22 16:15:24,,2014-12-11,140-857,서울특별시 용산구 이태원동 212번지 24호,PHMH320143020033087500026,3020000,서울특별시 용산구 회나무로26길 3 (이태원동),04346,03,폐업,50,,,
씨유용산신창점,2017-02-01,196010.822884328,448114.607049728,2026-04-22 22:30:55,I,03,폐업,2017-02-02 14:18:09,,2015-02-12,140-060,서울특별시 용산구 신창동 59번지 4호,PHMH320153020033087500005,3020000,서울특별시 용산구 원효로35길 50 (신창동),04363,03,폐업,,,,
씨유용산신창점,2017-02-01,197578.141435458,447844.960184765,2026-04-22 22:30:55,I,03,폐업,2021-03-09 11:15:17,,2015-02-12,140-060,서울특별시 용산구 한강로1가 231번지 6호,PHMH320153020033087500006,3020000,서울특별시 용산구 한강대로62길 48 (한강로1가),04382,03,폐업,,,,02-702-0761
지에스25용산청파점,2020-12-21,197321.065710824,449090.401637502,2026-04-22 22:30:56,I,03,폐업,2020-12-21 14:16:45,,2015-02-27,140-133,서울특별시 용산구 청파동3가 24번지 4호,PHMH320153020033087500008,3020000,서울특별시 용산구 청파로 275 (청파동3가),04313,03,폐업,,,,070-4244-5118
씨유신용산점,2017-11-10,197351.514465897,447738.540389615,2026-04-22 22:30:56,I,03,폐업,2017-11-10 16:51:53,,2015-03-18,140-872,서울특별시 용산구 한강로2가 93번지 4호,PHMH320153020033087500009,3020000,서울특별시 용산구 한강대로 142 (한강로2가),04382,03,폐업,,,,
씨유용문좋아요점,2019-05-30,196200.389689141,448284.223557981,2026-04-22 22:30:56,I,03,폐업,2019-05-30 17:46:30,,2015-03-27,140-832,서울특별시 용산구 용문동 38번지 58호,PHMH320153020033087500010,3020000,서울특별시 용산구 효창원로 79 (용문동),04356,03,폐업,33,,,
지에스25용산캐피탈,2016-05-19,199265.467487878,447341.206833293,2026-04-22 22:30:56,I,03,폐업,2016-05-19 17:05:36,,2015-05-07,140-809,서울특별시 용산구 동빙고동 7번지 46호,PHMH320153020033087500011,3020000,서울특별시 용산구 장문로 20 (동빙고동),04393,03,폐업,67,,,
세븐일레븐용산웰츠타워점,2017-09-08,197174.051386224,448392.25419117,2026-04-22 22:30:56,I,03,폐업,2017-09-08 17:26:47,,2015-05-12,140-100,서울특별시 용산구 문배동 11번지 10호,PHMH320153020033087500013,3020000,서울특별시 용산구 백범로90길 90 (문배동),04315,03,폐업,,,,
365플러스용산서계점,2017-04-24,197098.624526026,449991.611230574,2026-04-22 22:30:56,I,03,폐업,2017-04-24 15:10:21,,2015-05-18,140-827,서울특별시 용산구 서계동 33번지 57호,PHMH320153020033087500014,3020000,서울특별시 용산구 청파로85가길 14 (서계동),04303,03,폐업,50,,,
세븐일레븐용산만리재점,2015-11-26,196820.315516227,450108.517350234,2026-04-22 22:30:56,I,03,폐업,2015-11-26 13:58:16,,2015-06-04,140-140,서울특별시 용산구 서계동 237번지 7호,PHMH320153020033087500015,3020000,서울특별시 용산구 만리재로 164 (서계동),04302,03,폐업,50,,,
365플러스후암남산점,2018-04-24,198067.866959698,449939.940327466,2026-04-22 22:30:56,I,03,폐업,2018-04-24 17:32:52,,2015-06-04,140-190,서울특별시 용산구 후암동 30번지 69호,PHMH320153020033087500016,3020000,서울특별시 용산구 후암로34길 35 (후암동),04327,03,폐업,,,,
지에스25용산후암,2022-05-13,198238.83578897,449921.182467532,2026-04-22 22:30:56,I,03,폐업,2022-05-13 13:38:17,,2015-07-20,140-190,서울특별시 용산구 후암동 43번지 14호,PHMH320153020033087500017,3020000,서울특별시 용산구 두텁바위로 147 (후암동),04330,03,폐업,49,,,
지에스25이태원본점,2025-05-31,199659.057794745,447896.598066061,2026-04-22 22:30:56,I,03,폐업,2025-06-02 17:28:16,,2015-07-23,140-201,서울특별시 용산구 이태원동 137번지 62호,PHMH320153020033087500018,3020000,서울특별시 용산구 우사단로10길 23 (이태원동),04405,03,폐업,116,,,
씨유이태원1동점,2022-09-21,199029.343423496,448144.277162924,2026-04-22 22:30:56,I,03,폐업,2022-09-21 15:23:50,,2015-08-04,,서울특별시 용산구 이태원동 187번지,PHMH320153020033087500019,3020000,서울특별시 용산구 녹사평대로40다길 30 (이태원동),04351,03,폐업,89,,,02-795-2411
gs25 용산 경리단,2017-07-24,198795.436788714,448473.969522698,2026-04-22 22:30:56,I,03,폐업,2017-07-25 09:45:53,,2015-09-15,,,PHMH320153020033087500021,3020000,서울특별시 용산구 녹사평대로 234 (이태원동),04343,03,폐업,,,,
(주)코리아세븐 용산후암진흥점,2022-08-10,197947.221892803,449587.403466068,2026-04-22 22:30:56,I,03,폐업,2022-08-10 16:27:55,,2015-10-12,,,PHMH320153020033087500024,3020000,"서울특별시 용산구 후암로 29 (후암동, 은전탕)",04332,03,폐업,50,,,
에스앤제이파트너스(주) 이태원역점,2016-08-03,199203.936085562,448032.415346308,2026-04-22 22:30:56,I,03,폐업,2016-08-03 17:44:44,,2015-10-12,,,PHMH320153020033087500025,3020000,"서울특별시 용산구 이태원로 161 (이태원동, 인제약국)",04350,03,폐업,30,,,
세븐일레븐 신용산점,2021-07-30,197241.83081055,447570.134512326,2026-04-22 22:30:56,I,03,폐업,2021-07-30 17:16:43,,2015-11-11,,,PHMH320153020033087500026,3020000,"서울특별시 용산구 한강대로40길 5 (한강로2가, 선우약국)",04382,03,폐업,36,,,
(주)지에스리테일 GS25 용산프라임,2016-04-20,197287.50506674,448662.153501017,2026-04-22 22:31:01,I,03,폐업,2016-04-21 10:15:57,,2015-11-18,,,PHMH320153020033087500027,3020000,"서울특별시 용산구 원효로90길 11 (원효로1가, 용산더프라임)",04315,03,폐업,58,,,
365플러스 용산으뜸,2017-04-28,197080.88898576,448684.816830184,2026-04-22 22:30:56,I,03,폐업,2017-04-28 17:33:53,,2015-11-19,,,PHMH320153020033087500028,3020000,서울특별시 용산구 원효로89길 13-12 (원효로1가),04316,03,폐업,,,,
미니스톱 숙대입구점,2019-06-05,197300.730494744,449228.571215471,2026-04-22 22:30:56,I,03,폐업,2019-06-05 14:49:47,,2015-11-25,,,PHMH320153020033087500029,3020000,서울특별시 용산구 청파로 287 (청파동2가),04309,03,폐업,74,,,
(주)코리아세븐 용산만리재점,2020-08-27,196820.315516227,450108.517350234,2026-04-22 22:31:00,I,03,폐업,2020-08-27 16:13:33,,2015-11-26,,,PHMH320153020033087500030,3020000,서울특별시 용산구 만리재로 164 (서계동),04302,03,폐업,50,,,02-702-4958
지에스25 경리단길점,2022-05-02,198935.606742684,448544.650413793,2026-04-22 22:30:56,I,03,폐업,2022-05-02 14:06:19,,2015-12-14,,,PHMH320153020033087500033,3020000,서울특별시 용산구 회나무로 17 (이태원동),04343,03,폐업,42,,,02-795-3803
미니스톱 용산보광점,2022-11-07,199881.303446209,447502.610661052,2026-04-22 22:30:56,I,03,폐업,2022-11-07 17:37:27,,2015-12-21,,,PHMH320153020033087500035,3020000,서울특별시 용산구 우사단로2가길 6 (보광동),04413,03,폐업,40,,,
지에스25용산갈월,2019-09-30,197490.508411068,449477.169284828,2026-04-22 22:30:56,I,03,폐업,2019-09-30 14:42:56,,2015-12-21,,,PHMH320153020033087500036,3020000,서울특별시 용산구 한강대로96길 8 (갈월동),04334,03,폐업,36,,,02-3789-6215
CU 보광오산점,2016-12-30,199761.407951479,447100.527107187,2026-04-22 22:30:56,I,03,폐업,2016-12-30 18:24:20,,2015-12-22,,,PHMH320153020033087500037,3020000,서울특별시 용산구 장문로19길 10 (보광동),04394,03,폐업,60,,,02-790-8188
씨유 용산고리점,2020-12-01,197557.430886852,448906.295603885,2026-04-22 22:30:56,I,03,폐업,2020-12-01 16:07:24,,2016-01-12,,,PHMH320163020033087500001,3020000,서울특별시 용산구 한강대로 270 (남영동),04352,03,폐업,145,,,02-707-1054
GS25 용산효창점,2018-12-20,196676.072158976,448728.785168843,2026-04-22 22:30:56,I,03,폐업,2018-12-20 16:29:13,,2016-02-01,,,PHMH320163020033087500002,3020000,서울특별시 용산구 효창원로66길 22 (효창동),04317,03,폐업,83,,,02-711-7142
씨유 한남샘물,2024-06-13,200286.139492933,447749.412014315,2026-04-22 22:30:56,I,03,폐업,2024-06-13 16:04:47,,2016-03-25,,,PHMH320163020033087500005,3020000,"서울특별시 용산구 대사관로30가길 30, 1층 (한남동)",04402,03,폐업,62,,,02-792-5386
(주)코리아세븐 용문제일점,2021-12-28,196296.919923838,448499.656319385,2026-04-22 22:30:56,I,03,폐업,2021-12-28 14:19:37,,2016-04-01,,,PHMH320163020033087500007,3020000,서울특별시 용산구 새창로14길 17 (용문동),04356,03,폐업,50,,,02-701-6569
GS25 용산한남점,2020-01-07,200731.230309146,448000.590268555,2026-04-22 22:30:56,I,03,폐업,2020-01-07 17:29:30,,2016-04-19,,,PHMH320163020033087500008,3020000,"서울특별시 용산구 독서당로 77, 2층 (한남동)",04419,03,폐업,33,,,
GS25 용산프라임,2023-03-16,197287.50506674,448662.153501017,2026-04-22 22:30:56,I,03,폐업,2023-03-17 13:17:10,,2016-04-21,,,PHMH320163020033087500009,3020000,"서울특별시 용산구 원효로90길 11, 106호 (원효로1가, 용산더프라임)",04315,03,폐업,55,,,02-6362-7993
지에스25 용산원효점,2022-04-04,196261.020327974,448012.140260946,2026-04-22 22:30:56,I,03,폐업,2022-04-04 11:31:46,,2016-04-20,,,PHMH320163020033087500010,3020000,서울특별시 용산구 원효로41길 14 (원효로3가),04363,03,폐업,59,,,02-703-2377
GS25 동부이촌점,2017-10-27,197044.277002519,446549.892594467,2026-04-22 22:30:56,I,03,폐업,2017-10-30 12:52:05,,2016-05-02,,,PHMH320163020033087500011,3020000,"서울특별시 용산구 이촌로 182, 108호 (이촌동, 기업은행)",04427,03,폐업,33,,,02-749-3904
GS25용산캐피탈점,2017-03-23,199265.467487878,447341.206833293,2026-04-22 22:30:56,I,03,폐업,2017-03-23 15:21:33,,2016-05-19,,,PHMH320163020033087500012,3020000,"서울특별시 용산구 장문로 20, 지층 (동빙고동)",04393,03,폐업,74,,,
(주)코리아세븐 청파숙대점,2022-08-10,196902.782851849,449189.836206136,2026-04-22 22:30:56,I,03,폐업,2022-08-10 16:28:09,,2016-06-07,,,PHMH320163020033087500013,3020000,"서울특별시 용산구 청파로47길 83, 1층 (청파동2가, 숙명빌딩)",04312,03,폐업,50,,,
씨유 용산구청점,2017-03-20,199123.713268968,447814.39055583,2026-04-22 22:30:56,I,03,폐업,2017-03-20 17:52:08,,2016-06-10,,,PHMH320163020033087500014,3020000,"서울특별시 용산구 녹사평대로32길 51, 지하1층 (이태원동)",04390,03,폐업,40,,,02-796-9996
이마트24이태원역점,2022-12-19,199203.936085562,448032.415346308,2026-04-22 22:30:56,I,03,폐업,2022-12-19 10:24:29,,2016-08-05,,서울특별시 용산구 이태원동 168번지 12호 인제약국,PHMH320163020033087500018,3020000,"서울특별시 용산구 이태원로 161, 인제약국 1층 (이태원동)",04351,03,폐업,33,,,
씨유 한남역점,2021-11-11,200445.904829677,447625.584231827,2026-04-22 22:30:56,I,03,폐업,2021-11-12 09:08:15,,2016-08-22,,,PHMH320163020033087500020,3020000,"서울특별시 용산구 대사관로34길 50, 101, 102호 (한남동, 서원빌딩)",04409,03,폐업,66,,,02-792-7825
씨유용산후암점,2018-09-20,198207.867950751,449356.302089952,2026-04-22 22:30:56,I,03,폐업,2018-09-20 17:51:42,,2016-09-05,,,PHMH320163020033087500021,3020000,"서울특별시 용산구 두텁바위로 75, 1층 101호 (후암동)",04336,03,폐업,74,,,
씨유 용산남영점,2017-01-12,197569.95430574,449204.971869602,2026-04-22 22:30:56,I,03,폐업,2017-01-12 17:34:00,,2016-09-07,,,PHMH320163020033087500022,3020000,서울특별시 용산구 두텁바위로 10-1 (남영동),04352,03,폐업,101,,,02-794-4640
씨유 이태원프리덤점,2020-02-19,199494.240629528,448102.144003408,2026-04-22 22:30:56,I,03,폐업,2020-02-19 15:53:43,,2016-09-23,,,PHMH320163020033087500024,3020000,서울특별시 용산구 이태원로27길 13 (이태원동),04350,03,폐업,230,,,
씨유 이태원2동점,2024-02-07,199216.466246624,448752.686364144,2026-04-22 22:30:56,I,03,폐업,2024-02-07 16:15:22,,2016-09-29,,,PHMH320163020033087500025,3020000,"서울특별시 용산구 회나무로13가길 41, 1층 (이태원동)",04344,03,폐업,33,,,
(주)코리아세븐 용산서부이촌점,2024-12-10,195892.742962389,447202.526570068,2026-04-22 22:30:56,I,03,폐업,2024-12-11 09:37:01,,2016-10-26,,,PHMH320163020033087500027,3020000,"서울특별시 용산구 이촌로14길 11-6, 제1동 제1층 101호 (이촌동, 시범아파트)",04374,03,폐업,50,,,
GS25동빙고제일점,2022-11-28,199621.359137509,446867.679325885,2026-04-22 22:30:56,I,03,폐업,2022-11-28 14:40:32,,2016-11-23,,,PHMH320163020033087500028,3020000,서울특별시 용산구 서빙고로91나길 72 (동빙고동),04395,03,폐업,,,,
씨유 용산2가점,2018-08-17,198576.717792449,449109.482431651,2026-04-22 22:30:56,I,03,폐업,2018-08-20 15:37:52,,2016-11-28,,,PHMH320163020033087500030,3020000,"서울특별시 용산구 소월로20길 53, 102호 (용산동2가)",04338,03,폐업,56,,,02-790-7200
씨유 보광오산점,2021-12-28,199761.407951479,447100.527107187,2026-04-22 22:30:56,I,03,폐업,2021-12-28 15:01:47,,2017-01-02,,,PHMH320173020033087500001,3020000,서울특별시 용산구 장문로19길 10 (보광동),04394,03,폐업,55,,,
이태원 마트,2021-12-23,199365.013508795,448003.803115814,2026-04-22 22:30:56,I,03,폐업,2021-12-24 15:03:36,,2017-01-05,,,PHMH320173020033087500002,3020000,서울특별시 용산구 이태원로 176-1 (이태원동),04391,03,폐업,30,,,02-796-9026
씨유 용산남영점,2021-11-09,197576.497861033,449207.135984042,2026-04-22 22:30:56,I,03,폐업,2021-11-10 09:12:11,,2017-01-12,,,PHMH320173020033087500003,3020000,서울특별시 용산구 두텁바위로 12 (남영동),04352,03,폐업,66,,,02-794-4640
씨유 용산신창점,2021-03-15,196010.822884328,448114.607049728,2026-04-22 22:30:56,I,03,폐업,2021-03-15 15:03:42,,2017-02-01,,,PHMH320173020033087500004,3020000,서울특별시 용산구 원효로35길 50 (신창동),04363,03,폐업,40,,,
GS25 보광그린점,2023-08-18,199940.114846819,447079.499990337,2026-04-22 22:30:56,I,03,폐업,2023-08-18 16:35:54,,2017-02-02,,,PHMH320173020033087500005,3020000,"서울특별시 용산구 장문로 96 (보광동, 그린서적)",04395,03,폐업,,,,02-790-1091
GS25용산만리재점,2019-04-29,196633.073581701,449914.844200704,2026-04-22 22:30:56,I,03,폐업,2019-04-29 17:35:49,,2017-03-06,,,PHMH320173020033087500006,3020000,"서울특별시 용산구 만리재로 136, 1층 (서계동)",04305,03,폐업,45,,,
CU숙대원룸점,2018-10-02,196835.051710056,449005.589305492,2026-04-22 22:30:56,I,03,폐업,2018-10-02 17:53:44,,2017-03-16,,,PHMH320173020033087500008,3020000,"서울특별시 용산구 백범로79길 106, 1층 (청파동3가)",04314,03,폐업,,,,
씨유 용산삼각지,2018-12-31,197578.141435458,447844.960184765,2026-04-22 22:30:56,I,03,폐업,2018-12-31 16:45:25,,2017-03-21,,,PHMH320173020033087500009,3020000,"서울특별시 용산구 한강대로62길 48, 1층 (용산동3가)",04382,03,폐업,,,,
세븐일레븐서울역고가서계점,2017-08-31,197107.840382552,450290.442701448,2026-04-22 22:30:56,I,03,폐업,2017-09-01 09:58:33,,2017-03-31,,,PHMH320173020033087500010,3020000,"서울특별시 용산구 만리재로 198, 1층 (서계동)",04300,03,폐업,,,,
GS25 후암사랑,2019-03-19,197963.766166909,449528.48631004,2026-04-22 22:30:56,I,03,폐업,2019-04-22 15:42:31,,2017-03-29,,,PHMH320173020033087500011,3020000,"서울특별시 용산구 후암로 23-1, 1층 (동자동)",04324,03,폐업,,,,
지에스25효창리하우스점,2018-04-20,196710.051669979,448848.491055115,2026-04-22 22:30:56,I,03,폐업,2018-04-20 16:20:34,,2017-03-31,,,PHMH320173020033087500012,3020000,"서울특별시 용산구 효창원로70길 25, 1층 101호 (효창동, 리하우스)",04312,03,폐업,,,,
GS25 용산파크자이점,2024-06-14,197514.145785647,448264.322314594,2026-04-22 22:30:56,I,03,폐업,2024-06-14 16:32:13,,2017-04-07,,,PHMH320173020033087500014,3020000,"서울특별시 용산구 한강대로 205, 씨동 씨1,2호 (한강로1가, 용산파크자이)",04322,03,폐업,,,,
GS25 동빙고점,2021-01-04,199608.612935438,447092.209717144,2026-04-22 22:30:56,I,03,폐업,2021-01-04 14:12:07,,2017-05-04,,서울특별시 용산구 동빙고동 1번지 10호,PHMH320173020033087500016,3020000,"서울특별시 용산구 장문로6길 97, 1층 (동빙고동)",04393,03,폐업,,,,
세븐일레븐용산2가동산점,2018-02-12,198530.332362023,449048.271487553,2026-04-22 22:30:56,I,03,폐업,2018-02-12 20:49:55,,2017-05-22,,,PHMH320173020033087500018,3020000,서울특별시 용산구 소월로20길 70 (용산동2가),04337,03,폐업,50,,,
이마트24 용산서계점,2021-11-01,197098.624526026,449991.611230574,2026-04-22 22:30:56,I,03,폐업,2021-11-01 14:26:49,,2017-06-27,,,PHMH320173020033087500019,3020000,"서울특별시 용산구 청파로85가길 14, 2층 (서계동, 동강슈퍼)",04303,03,폐업,62,,,
(주)비지에프리테일 신용산래미안점,2017-11-09,197011.737528847,447430.100250997,2026-04-22 22:31:01,I,03,폐업,2017-11-10 16:53:26,,2017-06-29,,서울특별시 용산구 한강로2가 342번지,PHMH320173020033087500020,3020000,"서울특별시 용산구 한강대로 95, 1층 R108-1호 (한강로2가, 래미안더센트럴)",04382,03,폐업,,,,
CU청파느티나무점,2025-06-30,197005.37157886,449662.318944097,2026-04-22 22:30:56,I,03,폐업,2025-07-23 17:47:46,,2017-07-05,,,PHMH320173020033087500022,3020000,서울특별시 용산구 청파로71길 57 (청파동1가),04307,03,폐업,,,,
GS25용산경리단점,2019-08-30,198795.436788714,448473.969522698,2026-04-22 22:30:56,I,03,폐업,2019-08-30 17:46:25,,2017-07-25,,서울특별시 용산구 이태원동 671번지,PHMH320173020033087500023,3020000,"서울특별시 용산구 녹사평대로 234, 101호 (이태원동)",04343,03,폐업,,,,
씨유 용문좋아요점,2023-08-30,196200.389689141,448284.223557981,2026-04-22 22:30:56,I,03,폐업,2023-08-30 10:35:25,,2017-09-04,,,PHMH320173020033087500027,3020000,"서울특별시 용산구 효창원로 79, 1층 (용문동)",04356,03,폐업,,,,
(주)코리아세븐 서울역고가서계점,2021-11-30,197107.840382552,450290.442701448,2026-04-22 22:30:56,I,03,폐업,2021-12-01 11:24:43,,2017-09-13,,,PHMH320173020033087500028,3020000,"서울특별시 용산구 만리재로 198, 1층 (서계동)",04300,03,폐업,,,,02-712-0711
세븐일레븐 용산웰츠타워점,2023-03-27,,,2026-04-22 22:30:56,I,03,폐업,2023-03-27 15:10:24,,2017-09-15,,,PHMH320173020033087500029,3020000,"서울특별시 용산구 백범로 90, 105,106호 (문배동)",04368,03,폐업,,,,
씨스페이스 한강로3가점,2022-08-26,196715.495754802,447162.128152795,2026-04-22 22:30:56,I,03,폐업,2022-08-26 15:49:11,,2017-10-13,,,PHMH320173020033087500031,3020000,"서울특별시 용산구 한강대로17길 24, 1층 (한강로3가)",04379,03,폐업,30,,,
(주)비지에프휴먼넷 용산앰버서더호텔점,2021-07-15,196610.663839509,447742.348636253,2026-04-22 22:31:00,I,03,폐업,2021-07-15 13:27:25,,2017-10-17,,,PHMH320173020033087500033,3020000,"서울특별시 용산구 청파로20길 95, 2층 (한강로3가, 서울드래곤시티)",04372,03,폐업,,,,
GS25동부이촌점,2022-05-25,197044.277002519,446549.892594467,2026-04-22 22:30:56,I,03,폐업,2022-05-25 15:11:56,,2017-11-02,,,PHMH320173020033087500034,3020000,"서울특별시 용산구 이촌로 182, 108호 (이촌동)",04427,03,폐업,,,,02-749-3904
(주)비지에프리테일 남산공원점,2018-04-16,198994.001920861,449630.953175642,2026-04-22 22:31:01,I,03,폐업,2018-04-16 15:30:13,,2017-11-10,,,PHMH320173020033087500035,3020000,서울특별시 용산구 남산공원길 126 (용산동2가),04340,03,폐업,,,,
(주)비지에프리테일 신용산래미안점,2019-07-02,197011.737528847,447430.100250997,2026-04-22 22:31:01,I,03,폐업,2019-07-02 17:32:14,,2017-11-10,,,PHMH320173020033087500038,3020000,"서울특별시 용산구 한강대로 95, 1층 R108-1호 (한강로2가, 래미안용산)",04378,03,폐업,,,,
씨유이태원힐점,2023-07-28,199642.109859134,447696.766600747,2026-04-22 22:30:57,I,03,폐업,2023-07-28 13:56:23,,2017-11-28,,,PHMH320173020033087500040,3020000,"서울특별시 용산구 우사단로4길 1, 1층 (이태원동)",04407,03,폐업,,,,
이마트24 용산센트럴점,2020-07-30,197011.737528847,447430.100250997,2026-04-22 22:30:57,I,03,폐업,2020-08-04 16:59:33,,2017-12-19,,,PHMH320173020033087500041,3020000,"서울특별시 용산구 한강대로 95, 지하 146호 (한강로2가, 래미안용산)",04378,03,폐업,36,,,
지에스25용산서빙고점,2022-11-01,199134.637185964,446487.361819107,2026-04-22 22:30:57,I,03,폐업,2022-11-01 16:18:15,,2018-01-29,,,PHMH320183020033087500001,3020000,"서울특별시 용산구 서빙고로51길 4, 1층 (서빙고동)",04384,03,폐업,115,,,
씨유이태원경리단점,2018-08-31,198790.433934433,448344.026027589,2026-04-22 22:30:57,I,03,폐업,2018-08-31 17:52:08,,2018-02-13,,서울특별시 용산구 이태원동 557번지,PHMH320183020033087500002,3020000,"서울특별시 용산구 녹사평대로 222, 1층 (이태원동)",04345,03,폐업,17,,,
지에스25 후암호호점,2023-05-31,198340.792826776,449722.136485832,2026-04-22 22:30:57,I,03,폐업,2023-05-31 16:06:18,,2018-02-20,,,PHMH320183020033087500003,3020000,"서울특별시 용산구 두텁바위로58길 6, 2층 (후암동)",04328,03,폐업,,,,
씨유 신한강로벽산점,2019-01-14,197257.765183997,447772.298383734,2026-04-22 22:30:57,I,03,폐업,2019-01-14 17:47:06,,2018-04-27,,,PHMH320183020033087500006,3020000,"서울특별시 용산구 한강대로43길 8, 201호 (한강로2가, 벽산메가트리움)",04376,03,폐업,,,,
씨유 용산서계점,2025-05-09,196977.458487504,450064.79037152,2026-04-22 22:30:57,I,03,폐업,2025-05-09 14:14:16,,2018-05-01,,,PHMH320183020033087500007,3020000,"서울특별시 용산구 청파로85길 46, 1층 107,108호 (서계동)",04302,03,폐업,,,,
이마트24 해방촌점,2020-06-22,198825.342121984,448967.274898651,2026-04-22 22:31:01,I,03,폐업,2020-06-22 15:50:52,,2018-05-25,,,PHMH320183020033087500008,3020000,서울특별시 용산구 신흥로11길 1 (용산동2가),04338,03,폐업,,,,02-6916-1500
씨유이태원햇살점,2023-03-27,198934.375408314,448292.621042576,2026-04-22 22:31:01,I,03,폐업,2023-03-27 17:34:16,,2018-06-21,,,PHMH320183020033087500010,3020000,"서울특별시 용산구 녹사평대로40나길 53, 1층 101호 (이태원동)",04345,03,폐업,56,,,
지에스25 용산포인트점,2024-03-28,197418.169929129,449233.304739157,2026-04-22 22:30:57,I,03,폐업,2024-03-28 17:20:47,,2018-08-22,,서울특별시 용산구 갈월동 69번지 65호,PHMH320183020033087500012,3020000,"서울특별시 용산구 한강대로 303, 1층 (갈월동)",04320,03,폐업,,,,
씨유 용산2가점,2021-12-30,198576.717792449,449109.482431651,2026-04-22 22:30:57,I,03,폐업,2021-12-30 15:41:49,,2018-08-28,,,PHMH320183020033087500013,3020000,"서울특별시 용산구 소월로20길 53, 102호 (용산동2가)",04338,03,폐업,,,,
이마트24 남산힐튼점,2023-02-02,197884.694316792,450278.758007272,2026-04-22 22:30:57,I,03,폐업,2023-02-02 13:13:08,,2018-12-14,,,PHMH320183020033087500018,3020000,"서울특별시 용산구 소월로2길 5, 1층 (후암동)",04326,03,폐업,,,,
씨유 용산삼각지점,2024-01-03,197578.141435458,447844.960184765,2026-04-22 22:30:57,I,03,폐업,2024-01-03 17:20:47,,2018-12-31,,서울특별시 용산구 한강로1가 231번지 6호,PHMH320183020033087500019,3020000,"서울특별시 용산구 한강대로62길 48, 1층 (한강로1가)",04382,03,폐업,,,,
지에스25원효타운점,2020-10-19,196557.682702991,448041.810074053,2026-04-22 22:30:57,I,03,폐업,2020-10-19 11:42:57,,2019-01-10,,,PHMH320193020033087500001,3020000,"서울특별시 용산구 새창로 146, 1층 (원효로2가)",04366,03,폐업,182,,,02-3275-3966
지에스(GS)25 후암사랑점,2021-04-01,197963.766166909,449528.48631004,2026-04-22 22:30:57,I,03,폐업,2021-04-01 15:33:43,,2019-03-07,,,PHMH320193020033087500007,3020000,"서울특별시 용산구 후암로 23-1, 1층 (후암동)",04332,03,폐업,,,,
미니스톱 이태원본점,2021-10-21,199549.746324061,447884.840706788,2026-04-22 22:30:57,I,03,폐업,2021-10-21 16:23:38,,2019-03-27,,,PHMH320193020033087500009,3020000,"서울특별시 용산구 우사단로 34, 1층 (이태원동)",04405,03,폐업,,,,
지에스25 서울역서부점,2021-07-27,197177.646750244,450239.515008707,2026-04-22 22:30:57,I,03,폐업,2021-07-27 15:04:10,,2019-04-02,,,PHMH320193020033087500011,3020000,"서울특별시 용산구 청파로 389, 1층 (서계동)",04300,03,폐업,30,,,
세븐일레븐 후암동종점점,2024-06-03,198285.436767108,449455.304432876,2026-04-22 22:30:57,I,03,폐업,2024-06-03 17:33:26,,2019-05-28,,서울특별시 용산구 후암동 265-11,PHMH320193020033087500013,3020000,"서울특별시 용산구 두텁바위로37길 7-3, 1층 (후암동)",04336,03,폐업,,,,
지에스25  갈월하늘점,2024-04-18,197464.575786085,449478.22899282,2026-04-22 22:30:57,I,03,폐업,2024-04-18 15:47:32,,2019-10-07,,서울특별시 용산구 갈월동 10번지 한성빌딩별관,PHMH320193020033087500020,3020000,"서울특별시 용산구 한강대로 328, 1층 (갈월동)",04334,03,폐업,50,,,
씨유 이태원프리덤점,2022-07-29,199494.240629528,448102.144003408,2026-04-22 22:30:57,I,03,폐업,2022-07-29 16:26:01,,2020-02-20,,,PHMH320203020033087500003,3020000,서울특별시 용산구 이태원로27길 13 (이태원동),04350,03,폐업,232,,,
세븐일레븐 후암광장카페점,2025-06-17,197882.621568784,449867.976662872,2026-04-22 22:30:57,I,03,폐업,2025-06-17 20:51:36,,2020-05-27,,서울특별시 용산구 후암동 79번지,PHMH320203020033087500005,3020000,"서울특별시 용산구 후암로 59, 1층 (후암동)",04325,03,폐업,70,,,
이마트24 R해방촌점,2023-09-08,198825.342121984,448967.274898651,2026-04-22 22:30:57,I,03,폐업,2023-09-08 11:10:26,,2020-06-24,,서울특별시 용산구 용산동2가 37번지 3호,PHMH320203020033087500006,3020000,서울특별시 용산구 신흥로11길 1 (용산동2가),04338,03,폐업,62,,,070-7707-2937
지에스25 이촌대림점,2024-07-19,196018.516018461,446992.730365646,2026-04-22 22:30:57,I,03,폐업,2024-07-19 10:53:30,,2020-06-25,,서울특별시 용산구 이촌동 199번지 50호,PHMH320203020033087500007,3020000,"서울특별시 용산구 이촌로22길 19, 1층 (이촌동)",04374,03,폐업,50,,,02-711-0917
지에스이십오(GS25) 용산전자회관점,2023-12-22,196727.535753619,447868.128308607,2026-04-22 22:30:57,I,03,폐업,2023-12-26 09:34:39,,2020-10-14,,,PHMH320203020033087500009,3020000,"서울특별시 용산구 청파로 112, 15동 1층 가열 28호 (한강로3가)",04371,03,폐업,41,,,
지에스25 푸르지오써밋점,2023-12-12,196861.350875235,447226.720509901,2026-04-22 22:30:57,I,03,폐업,2023-12-12 15:12:40,,2020-11-25,,서울특별시 용산구 한강로2가 420 용산푸르지오써밋,PHMH320203020033087500014,3020000,"서울특별시 용산구 한강대로 69, B106-1호 (한강로2가, 용산푸르지오써밋)",04378,03,폐업,83,,,
GS25 원효로점,2025-05-09,197184.30581248,448684.329156925,2026-04-22 22:30:57,I,03,폐업,2025-05-19 14:49:57,,2020-12-14,,서울특별시 용산구 원효로1가 39-6 통일빌딩,PHMH320203020033087500016,3020000,서울특별시 용산구 원효로 255 (원효로1가),04314,03,폐업,,,,
씨유 상봉점,2018-09-04,207448.561270644,454661.159162853,2026-04-22 22:30:55,I,03,폐업,2018-09-05 08:56:24,,2012-11-06,131-860,서울특별시 중랑구 상봉동 111번지,PHMH320123060034087500001,3060000,서울특별시 중랑구 면목로91길 13 (상봉동),02138,03,폐업,,,,02-432-9948
GS25 상봉행복점,2014-05-14,206819.885453483,454512.847768603,2026-04-22 22:30:55,I,03,폐업,2014-05-14 10:43:38,,2012-11-06,131-861,서울특별시 중랑구 상봉동 129번지 49호,PHMH320123060034087500002,3060000,서울특별시 중랑구 중랑천로10길 93 (상봉동),,03,폐업,,,,02-493-8308
씨유 망우제일점,2016-11-22,209046.874952547,455246.903295599,2026-04-22 22:30:55,I,03,폐업,2016-11-22 16:57:41,,2012-11-15,,,PHMH320123060034087500007,3060000,서울특별시 중랑구 용마산로116길 50 (망우동),02177,03,폐업,,,,02-431-4422
(주)바이더웨이 상봉점,2016-03-18,207821.751921072,454768.652445101,2026-04-22 22:31:08,I,03,폐업,2016-03-18 15:11:47,,2012-11-16,131-859,서울특별시 중랑구 상봉동 88번지 93호,PHMH320123060034087500008,3060000,서울특별시 중랑구 봉우재로33길 72 (상봉동),02151,03,폐업,,,,
(주)바이더웨이 상봉2동,2013-07-23,207821.830190174,454855.431155267,2026-04-22 22:31:08,I,03,폐업,2014-04-10 13:30:59,,2012-11-16,131-859,서울특별시 중랑구 상봉동 89번지 7호,PHMH320123060034087500009,3060000,서울특별시 중랑구 망우로50길 25 (상봉동),,03,폐업,,,,02-434-7485
GS25 먹골보람점,2019-02-26,206848.178144545,456620.084154151,2026-04-22 22:30:55,I,03,폐업,2019-02-26 16:39:29,,2012-11-06,131-848,서울특별시 중랑구 묵동 176번지 1호,PHMH320123060034087500010,3060000,서울특별시 중랑구 공릉로2길 8 (묵동),02037,03,폐업,,,,02-949-0525
GS25 용마산역점,2015-07-03,207461.714560571,452544.850851529,2026-04-22 22:30:55,I,03,폐업,2015-07-03 17:20:38,,2012-11-06,131-830,서울특별시 중랑구 면목동 372번지 20호,PHMH320123060034087500011,3060000,서울특별시 중랑구 면목로 247 (면목동),,03,폐업,,,,02-494-2924
GS25 중화 다미소점,2018-08-03,206994.154050121,455522.929612313,2026-04-22 22:31:08,I,03,폐업,2018-08-03 13:42:47,,2012-11-06,131-876,서울특별시 중랑구 중화동 286번지 22호,PHMH320123060034087500012,3060000,서울특별시 중랑구 동일로136길 10 (중화동),02051,03,폐업,,,,02-2209-4959
세븐일레븐 면목로데오점,2014-06-13,206699.417508254,454450.179550184,2026-04-22 22:30:55,I,03,폐업,2014-06-13 15:27:31,,2012-11-06,131-823,서울특별시 중랑구 면목동 185번지 9호,PHMH320123060034087500013,3060000,서울특별시 중랑구 중랑천로10길 66 (면목동),,03,폐업,145,,,02-432-6217
GS25 상봉역점,2016-02-10,207542.502684761,454699.933274651,2026-04-22 22:30:55,I,03,폐업,2016-02-11 13:32:33,,2012-11-07,131-859,서울특별시 중랑구 상봉동 107번지 28호,PHMH320123060034087500014,3060000,서울특별시 중랑구 면목로 478-1 (상봉동),02154,03,폐업,43,,,02-433-6160
씨유 면목으뜸점,2018-07-05,208001.375458129,453531.598708709,2026-04-22 22:30:55,I,03,폐업,2018-07-05 15:03:08,,2012-11-07,131-814,서울특별시 중랑구 면목동 405번지 11호,PHMH320123060034087500015,3060000,서울특별시 중랑구 겸재로54길 115 (면목동),02208,03,폐업,69,,,02-433-9445
GS25 중화제일점,2015-09-30,206888.682623817,455254.740987472,2026-04-22 22:30:55,I,03,폐업,2015-09-30 16:29:02,,2012-11-08,131-881,서울특별시 중랑구 중화동 304번지 34호,PHMH320123060034087500016,3060000,서울특별시 중랑구 동일로129길 16 (중화동),02102,03,폐업,50,,,02-495-8922
세븐일레븐 상봉동일로점,2016-11-01,206889.293186112,454516.422154096,2026-04-22 22:30:55,I,03,폐업,2016-10-31 10:58:49,,2012-11-09,131-861,서울특별시 중랑구 상봉동 127번지 21호,PHMH320123060034087500017,3060000,서울특별시 중랑구 동일로109가길 22 (상봉동),02123,03,폐업,36,,,070-8851-0357
씨유 망우으뜸점,2016-05-23,209042.420842116,455518.700422732,2026-04-22 22:30:55,I,03,폐업,2016-05-24 09:29:10,,2012-11-08,131-803,서울특별시 중랑구 망우동 343번지 1호,PHMH320123060034087500018,3060000,서울특별시 중랑구 망우로73길 31 (망우동),02060,03,폐업,,,,02-432-7428
미니스톱 중화점,2015-02-27,207159.607466239,455289.523285544,2026-04-22 22:30:55,I,03,폐업,2015-02-27 14:33:03,,2012-11-08,131-877,서울특별시 중랑구 중화동 290번지 7호,PHMH320123060034087500019,3060000,서울특별시 중랑구 동일로130길 31 (중화동),,03,폐업,,,,02-495-4991
(주)비지에프휴먼넷 중랑중화점,2016-06-16,,,2026-04-22 22:31:07,I,03,폐업,2016-06-16 17:06:22,,2012-11-16,131-883,서울특별시 중랑구 중화동 314번지 32호,PHMH320123060034087500020,3060000,서울특별시 중랑구 봉화산로4길 31 (중화동),02104,03,폐업,,,,
세븐일레븐 상봉제일점,2022-10-18,207231.299357379,454784.313223885,2026-04-22 22:30:55,I,03,폐업,2022-10-18 15:03:05,,2012-11-09,131-860,서울특별시 중랑구 상봉동 118번지,PHMH320123060034087500022,3060000,서울특별시 중랑구 망우로 270 (상봉동),02136,03,폐업,116,,,02-2208-4196
씨유 면목시장점,2013-12-18,207335.315375359,452665.433181777,2026-04-22 22:30:55,I,03,폐업,2013-12-19 17:11:09,,2012-11-13,131-826,서울특별시 중랑구 면목동 350번지 8호,PHMH320123060034087500024,3060000,서울특별시 중랑구 면목로31길 26 (면목동),,03,폐업,,,,
GS25 사가정스타점,2013-12-20,207712.435284245,453286.325346393,2026-04-22 22:30:55,I,03,폐업,2013-12-20 15:15:14,,2012-11-09,131-831,서울특별시 중랑구 면목동 497번지 16호,PHMH320123060034087500025,3060000,서울특별시 중랑구 면목로45길 8 (면목동),,03,폐업,59,,,
씨유 망우씨너스빌점,2014-06-09,208267.592391698,455042.983909137,2026-04-22 22:30:55,I,03,폐업,2014-06-09 15:03:19,,2012-11-09,131-809,서울특별시 중랑구 망우동 495번지,PHMH320123060034087500026,3060000,서울특별시 중랑구 용마산로115길 109 (망우동),,03,폐업,50,,,02-492-0707
미니스톱 상봉점,2017-01-31,207894.432405593,454827.71738484,2026-04-22 22:30:55,I,03,폐업,2017-01-31 16:50:12,,2012-11-09,131-859,서울특별시 중랑구 상봉동 88번지 25호,PHMH320123060034087500027,3060000,서울특별시 중랑구 봉우재로33길 92 (상봉동),02151,03,폐업,86,,,02-435-8185
씨유 면목제일점,2018-12-20,207670.466618022,453617.823518929,2026-04-22 22:30:55,I,03,폐업,2018-12-20 13:28:30,,2012-11-12,131-818,서울특별시 중랑구 면목동 502번지 25호,PHMH320123060034087500031,3060000,서울특별시 중랑구 겸재로40길 75 (면목동),02220,03,폐업,73,,,02-493-3403
미니스톱 신내점,2018-04-13,208478.949850502,456167.614560351,2026-04-22 22:30:55,I,03,폐업,2018-04-13 14:53:13,,2012-11-13,131-867,서울특별시 중랑구 신내동 613번지 71호,PHMH320123060034087500032,3060000,서울특별시 중랑구 봉화산로 217 (신내동),02054,03,폐업,116,,,02-3423-2748
씨유 중랑망우점,2014-05-29,208215.46844442,454252.69444618,2026-04-22 22:30:55,I,03,폐업,2014-05-29 14:09:59,,2012-11-13,131-801,서울특별시 중랑구 망우동 523번지 5호,PHMH320123060034087500033,3060000,서울특별시 중랑구 상봉로 52 (망우동),,03,폐업,83,,,02-432-0988
세븐일레븐 면목신화점,2015-11-17,206596.992796882,454251.808629501,2026-04-22 22:30:55,I,03,폐업,2015-11-18 09:47:38,,2012-11-13,131-824,서울특별시 중랑구 면목동 191번지 2호,PHMH320123060034087500034,3060000,서울특별시 중랑구 봉우재로5길 13 (면목동),02127,03,폐업,30,,,02-434-5695
세븐일레븐 면목아름점,2021-03-22,206858.791111224,453702.89360652,2026-04-22 22:30:55,I,03,폐업,2021-03-22 13:50:10,,2012-11-14,131-822,서울특별시 중랑구 면목동 175번지 43호,PHMH320123060034087500038,3060000,서울특별시 중랑구 겸재로10길 13 (면목동),02231,03,폐업,36,,,02-434-1754
씨유 면목장평교점,2015-05-06,207053.593594099,452290.247747455,2026-04-22 22:30:56,I,03,폐업,2015-05-06 16:26:31,,2012-11-14,131-835,서울특별시 중랑구 면목동 715번지,PHMH320123060034087500041,3060000,서울특별시 중랑구 동일로 476 (면목동),,03,폐업,66,,,02-495-9178
씨유 면목희망점,2019-08-30,207237.406241459,452486.203077277,2026-04-22 22:30:56,I,03,폐업,2019-08-30 13:10:08,,2012-11-15,131-830,서울특별시 중랑구 면목동 381번지 1호,PHMH320123060034087500045,3060000,서울특별시 중랑구 면목로27길 49 (면목동),02245,03,폐업,66,,,02-2207-0372
세븐일레븐 사가정중앙점,2022-05-10,207690.048282076,453320.003477621,2026-04-22 22:30:56,I,03,폐업,2022-05-31 19:23:00,,2012-11-15,131-831,서울특별시 중랑구 면목동 596번지 3호,PHMH320123060034087500046,3060000,서울특별시 중랑구 사가정로51길 27 (면목동),02228,03,폐업,43,,,02-493-8789
씨유 상봉중앙점,2013-08-28,206660.122270695,454523.332851537,2026-04-22 22:30:56,I,03,폐업,2014-04-10 13:18:54,,2012-11-15,131-861,서울특별시 중랑구 상봉동 130번지 12호,PHMH320123060034087500047,3060000,서울특별시 중랑구 중랑천로12길 60 (상봉동),,03,폐업,56,,,070-8613-7392
우정마트(고마트),2014-05-09,206927.353091832,454079.297806013,2026-04-22 22:30:56,I,03,폐업,2014-05-09 15:45:20,,2012-11-16,131-202,서울특별시 중랑구 면목동 179번지 46호,PHMH320123060034087500048,3060000,서울특별시 중랑구 동일로101길 11 (면목동),,03,폐업,46,,,
씨유 면목은혜점,2023-05-09,207656.760196534,454186.054604892,2026-04-22 22:30:56,I,03,폐업,2023-05-10 11:17:40,,2012-11-16,131-816,서울특별시 중랑구 면목동 121번지 20호,PHMH320123060034087500049,3060000,서울특별시 중랑구 면목로 426 (면목동),02161,03,폐업,66,,,02-434-6329
미니스톱 망우금란점,2016-02-05,208957.523997995,455417.498695844,2026-04-22 22:30:56,I,03,폐업,2016-02-05 11:18:47,,2012-11-20,131-233,서울특별시 중랑구 망우동 341번지 22호,PHMH320123060034087500050,3060000,서울특별시 중랑구 용마산로118길 31 (망우동),02060,03,폐업,83,,,02-439-6571
세븐일레븐 묵동점,2020-01-31,206838.504669844,457116.696687486,2026-04-22 22:30:56,I,03,폐업,2020-02-01 15:57:41,,2012-11-28,131-757,서울특별시 중랑구 묵동 166번지 6호,PHMH320123060034087500055,3060000,서울특별시 중랑구 중랑역로 271 (묵동),02018,03,폐업,36,,,02-3296-0711
씨유 중화제일점,2017-01-23,206585.00447154,454955.245632824,2026-04-22 22:30:56,I,03,폐업,2017-01-23 14:28:52,,2012-11-28,131-880,서울특별시 중랑구 중화동 318번지 1호,PHMH320123060034087500056,3060000,서울특별시 중랑구 중랑역로13길 2 (중화동),02111,03,폐업,22,,,02-492-7003
GS25 상봉한국점,2016-10-28,207772.520254162,454906.410648202,2026-04-22 22:30:56,I,03,폐업,2016-10-31 10:56:25,,2012-12-03,131-859,서울특별시 중랑구 상봉동 90번지,PHMH320123060034087500057,3060000,서울특별시 중랑구 망우로50길 16 (상봉동),02149,03,폐업,33,,,02-495-4076
GS25 망우제일점,2024-04-16,208988.739192233,455161.186176613,2026-04-22 22:30:57,I,03,폐업,2024-04-16 16:24:47,,2014-09-25,131-233,서울특별시 중랑구 망우동 366번지 4호,PHMH320143060034087500024,3060000,서울특별시 중랑구 용마산로112길 37 (망우동),02176,03,폐업,53,,,02-433-8896
GS25 면목서일,2024-09-02,208639.517255546,454068.638264676,2026-04-22 22:30:57,I,03,폐업,2024-09-02 13:38:09,,2014-09-25,131-811,서울특별시 중랑구 면목동 46번지 12호,PHMH320143060034087500025,3060000,서울특별시 중랑구 용마산로94길 31 (면목동),02189,03,폐업,50,,,
고마트 중화점,2016-05-10,206722.064856303,455847.478816768,2026-04-22 22:30:57,I,03,폐업,2016-05-09 14:57:49,,2014-10-24,131-882,서울특별시 중랑구 중화동 308번지 2호,PHMH320143060034087500027,3060000,서울특별시 중랑구 중랑역로 129 (중화동),02015,03,폐업,33,,,070-8274-5036
미니스톱 상봉건영점,2016-11-04,208190.780255159,455745.397688787,2026-04-22 22:30:57,I,03,폐업,2016-11-04 10:15:55,,2014-10-27,131-771,서울특별시 중랑구 상봉동 1번지 건영아파트 상가 103호,PHMH320143060034087500028,3060000,서울특별시 중랑구 봉화산로48길 62 (상봉동),02077,03,폐업,56,,,
씨유상봉건영점,2017-08-11,208312.725195146,455472.878357232,2026-04-22 22:30:57,I,03,폐업,2017-08-18 13:43:07,,2014-11-05,131-221,서울특별시 중랑구 상봉동 40번지 6호,PHMH320143060034087500029,3060000,서울특별시 중랑구 신내로7나길 20 (상봉동),02084,03,폐업,50,,,
총각편의점,2022-07-11,207338.399972592,454873.867196519,2026-04-22 22:30:57,I,03,폐업,2022-07-11 11:19:02,,2014-11-12,131-857,서울특별시 중랑구 상봉동 116번지 4호,PHMH320143060034087500030,3060000,서울특별시 중랑구 망우로 283 (상봉동),02098,03,폐업,43,,,02-433-7416
세븐일레븐 면목사가정로점,2015-05-26,207958.501976422,453326.73490445,2026-04-22 22:30:57,I,03,폐업,2015-05-26 15:02:59,,2014-11-20,131-813,서울특별시 중랑구 면목동 455번지 33호,PHMH320143060034087500031,3060000,서울특별시 중랑구 면목로48길 39 (면목동),,03,폐업,46,,,02-433-5785
씨유중랑망우점,2025-09-30,208215.46844442,454252.69444618,2026-04-22 22:30:57,I,03,폐업,2025-10-21 14:45:40,,2014-11-28,131-233,서울특별시 중랑구 망우동 523번지 5호,PHMH320143060034087500032,3060000,서울특별시 중랑구 상봉로 52 (망우동),02175,03,폐업,66,,,02-432-0988
칸타타 O.S.C.,2018-07-13,206459.881351271,453970.062548478,2026-04-22 22:30:57,I,03,폐업,2018-07-13 15:51:37,,2015-01-13,131-824,서울특별시 중랑구 면목동 192번지 125호,PHMH320153060034087500001,3060000,서울특별시 중랑구 중랑천로 30 (면목동),02132,03,폐업,,,,02-496-5959
씨유 이화교사거리점,2019-03-20,206812.923378041,455494.623548729,2026-04-22 22:30:57,I,03,폐업,2019-03-21 13:58:30,,2015-02-11,,,PHMH320153060034087500002,3060000,서울특별시 중랑구 봉화산로 31 (중화동),02017,03,폐업,52,,,02-435-0876
GS25 망우미디어점,2023-01-31,209061.905619542,455577.992446458,2026-04-22 22:30:57,I,03,폐업,2023-01-31 15:58:21,,2015-02-12,131-233,서울특별시 중랑구 망우동 342번지 1호,PHMH320153060034087500003,3060000,서울특별시 중랑구 망우로73길 46 (망우동),02066,03,폐업,3,,,02-2207-8790
GS25 중화중앙점,2019-06-12,207157.192115985,455262.351193571,2026-04-22 22:30:57,I,03,폐업,2019-06-12 14:40:53,,2015-03-09,,,PHMH320153060034087500005,3060000,서울특별시 중랑구 동일로130길 32 (중화동),02094,03,폐업,49,,,
지에스25면목금호,2024-02-01,207803.601112801,452852.613431246,2026-04-22 22:30:57,I,03,폐업,2024-02-01 09:53:22,,2015-04-17,131-202,서울특별시 중랑구 면목동 582번지 33호,PHMH320153060034087500006,3060000,"서울특별시 중랑구 면목로40길 44, 1층 (면목동)",02252,03,폐업,66,,,
(주)코리아세븐 중랑면목점,2017-05-08,206426.855476925,454216.081657923,2026-04-22 22:31:08,I,03,폐업,2017-05-08 15:00:05,,2015-04-20,131-202,서울특별시 중랑구 면목동 191번지 93호,PHMH320153060034087500007,3060000,"서울특별시 중랑구 중랑천로 56, 1층 (면목동)",02127,03,폐업,50,,,02-435-0711
세븐일레븐 면목서일점,2020-06-16,208542.85434241,454081.170711796,2026-04-22 22:30:57,I,03,폐업,2020-06-17 10:46:58,,2015-04-30,131-202,서울특별시 중랑구 면목동 14번지 45호,PHMH320153060034087500008,3060000,서울특별시 중랑구 용마산로94길 14 (면목동),02191,03,폐업,50,,,
GS25중화역점,2018-05-25,206871.131075903,455500.499705087,2026-04-22 22:30:57,I,03,폐업,2018-05-28 14:03:11,,2015-05-06,131-881,서울특별시 중랑구 중화동 305번지 45호 1층,PHMH320153060034087500009,3060000,"서울특별시 중랑구 봉화산로 39, 1층 (중화동)",02017,03,폐업,33,,,
(주)코리아세븐 면목사가정로점,2017-08-22,207909.10613591,453102.608672117,2026-04-22 22:31:08,I,03,폐업,2017-08-22 16:40:52,,2015-05-13,131-202,서울특별시 중랑구 면목동 536번지 8호,PHMH320153060034087500010,3060000,서울특별시 중랑구 사가정로 412-6 (면목동),02250,03,폐업,50,,,02-433-5785
씨유 중화장수점,2018-10-29,207223.441469661,455173.030926056,2026-04-22 22:30:57,I,03,폐업,2018-10-29 14:57:25,,2015-05-21,131-121,서울특별시 중랑구 중화동 291번지 10호,PHMH320153060034087500011,3060000,서울특별시 중랑구 동일로126길 43 (중화동),02094,03,폐업,33,,,02-433-0766
365PLUS중랑중화점,2020-10-06,206577.434745025,455220.336652462,2026-04-22 22:30:57,I,03,폐업,2020-10-07 10:44:23,,2015-05-26,131-121,서울특별시 중랑구 중화동 329번지 72호,PHMH320153060034087500012,3060000,서울특별시 중랑구 봉화산로4길 58 (중화동),02100,03,폐업,50,,,
CU 면목장평교점,2017-12-08,207053.593594099,452290.247747455,2026-04-22 22:30:57,I,03,폐업,2017-12-08 18:10:38,,2015-06-04,131-202,서울특별시 중랑구 면목동 715번지 늘푸른동아아파트,PHMH320153060034087500014,3060000,"서울특별시 중랑구 동일로 476 (면목동, 늘푸른동아아파트)",02247,03,폐업,62,,,02-495-9178
GS25 묵동제일점,2019-03-15,206751.143086862,455895.938640456,2026-04-22 22:31:07,I,03,폐업,2019-03-15 18:29:27,,2015-06-30,131-141,서울특별시 중랑구 묵동 250번지 39호,PHMH320153060034087500015,3060000,서울특별시 중랑구 동일로143길 24 (묵동),02013,03,폐업,60,,,
GS25중랑상봉점,2020-06-11,207304.071954576,454547.746788543,2026-04-22 22:30:57,I,03,폐업,2020-06-11 17:50:17,,2015-07-02,131-860,서울특별시 중랑구 상봉동 124번지 5호,PHMH320153060034087500016,3060000,서울특별시 중랑구 봉우재로25길 21 (상봉동),02139,03,폐업,49,,,02-435-1486
GS25 용마산역점,2017-05-24,207461.714560571,452544.850851529,2026-04-22 22:30:57,I,03,폐업,2017-05-24 14:21:35,,2015-07-06,131-830,서울특별시 중랑구 면목동 372번지 20호,PHMH320153060034087500017,3060000,서울특별시 중랑구 면목로 247 (면목동),02244,03,폐업,69,,,02-2494-2924
세븐일레븐 면목제일점,2018-08-14,207162.798828983,453600.450909266,2026-04-22 22:30:57,I,03,폐업,2018-08-14 17:53:06,,2015-07-07,131-202,서울특별시 중랑구 면목동 158번지 1호,PHMH320153060034087500018,3060000,서울특별시 중랑구 사가정로37길 73 (면목동),02224,03,폐업,25,,,02-433-1131
GS25 신내동성,2024-09-10,208428.806767119,456248.420921942,2026-04-22 22:30:57,I,03,폐업,2024-09-10 15:37:29,,2015-08-03,,서울특별시 중랑구 신내동 618번지,PHMH320153060034087500021,3060000,"서울특별시 중랑구 신내로 112, A동 (신내동, 동성아파트)",02054,03,폐업,53,,,
미니스톱 면목대명점,2018-08-13,206566.808435349,454300.894026547,2026-04-22 22:30:57,I,03,폐업,2018-08-13 14:57:30,,2015-08-21,,서울특별시 중랑구 면목동 186번지 11호,PHMH320153060034087500024,3060000,서울특별시 중랑구 동일로109길 90 (면목동),02126,03,폐업,115,,,
세븐일레븐 망우우림점,2018-04-10,208766.199402181,455027.525800011,2026-04-22 22:30:57,I,03,폐업,2018-04-10 14:08:22,,2015-08-24,,서울특별시 중랑구 망우동 466번지 11호,PHMH320153060034087500026,3060000,서울특별시 중랑구 용마산로 521 (망우동),02165,03,폐업,26,,,02-2208-0711
365플러스 망우우림,2018-08-03,208709.463983172,455004.729379312,2026-04-22 22:30:57,I,03,폐업,2018-08-03 15:32:03,,2015-08-24,,서울특별시 중랑구 망우동 464번지 1호,PHMH320153060034087500027,3060000,서울특별시 중랑구 망우로66길 50 (망우동),02166,03,폐업,66,,,02-434-0913
씨유 중랑동부점,2020-01-06,206616.156398756,454422.784821415,2026-04-22 22:30:57,I,03,폐업,2020-01-06 14:21:03,,2015-08-26,,서울특별시 중랑구 면목동,PHMH320153060034087500028,3060000,서울특별시 중랑구 중랑천로10길 48 (면목동),02125,03,폐업,15,,,
GS25 망우한일점,2023-05-17,208301.93546721,454254.813862515,2026-04-22 22:30:57,I,03,폐업,2023-05-18 09:01:07,,2015-09-04,,서울특별시 중랑구 망우동 525번지 1호,PHMH320153060034087500029,3060000,"서울특별시 중랑구 겸재로61길 9 (망우동, 한일슈퍼)",02175,03,폐업,43,,,
GS25사가정스타점,2025-05-13,207712.435284245,453286.325346393,2026-04-22 22:30:57,I,03,폐업,2025-05-13 17:09:48,,2015-09-23,,서울특별시 중랑구 면목동,PHMH320153060034087500030,3060000,서울특별시 중랑구 면목로45길 8 (면목동),02228,03,폐업,66,,,
씨유 면목우리점,2020-07-06,207531.241685417,452739.601195181,2026-04-22 22:30:57,I,03,폐업,2020-07-06 13:12:19,,2015-09-23,,서울특별시 중랑구 면목동,PHMH320153060034087500031,3060000,"서울특별시 중랑구 면목로 270 (면목동, 개미어린이집)",02252,03,폐업,41,,,02-432-1976
GS25중화제일점,2016-10-14,206888.682623817,455254.740987472,2026-04-22 22:30:58,I,03,폐업,2016-10-14 15:15:58,,2015-09-30,,서울특별시 중랑구 중화동,PHMH320153060034087500032,3060000,"서울특별시 중랑구 동일로129길 16 (중화동, lg25시)",02102,03,폐업,50,,,
GS25면목동원,2017-11-03,207221.423595135,453597.718530718,2026-04-22 22:30:58,I,03,폐업,2017-11-03 17:22:38,,2015-10-06,,서울특별시 중랑구 면목동,PHMH320153060034087500033,3060000,"서울특별시 중랑구 동일로96길 46 (면목동, 대화슈퍼)",02223,03,폐업,64,,,
GS25 상봉하나점,2018-10-01,207982.810825453,454980.023827024,2026-04-22 22:30:58,I,03,폐업,2018-10-01 18:04:38,,2015-10-15,,서울특별시 중랑구 상봉동,PHMH320153060034087500034,3060000,"서울특별시 중랑구 망우로 346 (상봉동, 한일써너스빌아파트)",02150,03,폐업,50,,,02-433-0659
미니스톱 면목센터점,2018-01-04,207024.072457716,452449.038404575,2026-04-22 22:30:58,I,03,폐업,2018-01-04 17:02:11,,2015-10-23,,서울특별시 중랑구 면목동,PHMH320153060034087500035,3060000,"서울특별시 중랑구 동일로 492 (면목동, 센타빌딩)",02242,03,폐업,105,,,
GS25 묵동중앙점,2023-10-04,206669.705964675,456177.219537354,2026-04-22 22:30:58,I,03,폐업,2023-10-05 08:49:09,,2015-11-05,,서울특별시 중랑구 묵동,PHMH320153060034087500036,3060000,서울특별시 중랑구 동일로151길 29 (묵동),02011,03,폐업,50,,,02-977-7297
GS25 중랑중화고점,2025-08-26,207192.878063529,455823.130178119,2026-04-22 22:30:58,I,03,폐업,2025-08-26 16:03:54,,2015-11-20,,서울특별시 중랑구 중화동,PHMH320153060034087500037,3060000,서울특별시 중랑구 동일로140길 59 (중화동),02047,03,폐업,50,,,
(주)코리아세븐 면목신화점,2017-06-15,206596.992796882,454251.808629501,2026-04-22 22:31:07,I,03,폐업,2017-06-15 17:45:47,,2015-12-04,,서울특별시 중랑구 면목동,PHMH320153060034087500039,3060000,"서울특별시 중랑구 봉우재로5길 13 (면목동, 팔도수퍼)",02127,03,폐업,33,,,
365PLUS상봉우정,2016-12-28,207073.413844311,454409.245721624,2026-04-22 22:30:58,I,03,폐업,2016-12-28 17:38:31,,2015-12-07,,서울특별시 중랑구 상봉동,PHMH320153060034087500040,3060000,서울특별시 중랑구 봉우재로19길 7 (상봉동),02139,03,폐업,40,,,02-984-7332
(주)코리아세븐 중랑묵동점,2021-08-27,206681.064109756,456873.318730658,2026-04-22 22:31:07,I,03,폐업,2021-08-27 13:53:18,,2015-12-11,,서울특별시 중랑구 묵동,PHMH320153060034087500041,3060000,"서울특별시 중랑구 동일로 939 (묵동, 주사랑교회)",02002,03,폐업,66,,,
씨유묵동위더스빌점,2020-01-28,206741.298813322,456917.283812043,2026-04-22 22:30:58,I,03,폐업,2020-01-29 09:29:26,,2015-12-14,,서울특별시 중랑구 묵동,PHMH320153060034087500043,3060000,"서울특별시 중랑구 동일로 942, 102호 (묵동, 위더스빌)",02033,03,폐업,66,,,02-975-2069
위드미 면목중랑점,2016-09-21,206662.592879914,454172.697825597,2026-04-22 22:30:58,I,03,폐업,2016-09-21 11:10:01,,2015-12-20,,서울특별시 중랑구 면목동,PHMH320153060034087500044,3060000,"서울특별시 중랑구 봉우재로 24 (면목동, 예삐유치원)",02131,03,폐업,36,,,
GS25 면목행운점,2017-06-20,208020.098584415,453927.170888966,2026-04-22 22:30:58,I,03,폐업,2017-06-20 13:40:46,,2015-12-20,,서울특별시 중랑구 면목동,PHMH320153060034087500045,3060000,"서울특별시 중랑구 겸재로54길 38 (면목동, 홈마트)",02198,03,폐업,100,,,
씨유 면목광진점,2017-04-03,207063.171197661,454335.028690129,2026-04-22 22:30:58,I,03,폐업,2017-04-03 14:57:04,,2016-01-05,,서울특별시 중랑구 면목동,PHMH320163060034087500001,3060000,"서울특별시 중랑구 봉우재로 68 (면목동, 광진빌딩)",02140,03,폐업,33,,,02-492-4258
씨유상봉듀오트리스점,2018-05-23,208076.386740844,455017.528646426,2026-04-22 22:30:58,I,03,폐업,2018-05-29 13:26:13,,2016-01-29,,서울특별시 중랑구 상봉동,PHMH320163060034087500004,3060000,"서울특별시 중랑구 상봉로 131 (상봉동, 상봉듀오트리스주상복합)",02150,03,폐업,56,,,02-2273-3551
미니스톱 망우금란점,2019-04-22,208957.523997995,455417.498695844,2026-04-22 22:30:58,I,03,폐업,2019-04-22 16:47:49,,2016-02-05,,서울특별시 중랑구 망우동,PHMH320163060034087500005,3060000,서울특별시 중랑구 용마산로118길 31 (망우동),02060,03,폐업,60,,,
세븐일레븐 용마공원2호점,2019-06-19,208638.730996809,454555.646002178,2026-04-22 22:30:58,I,03,폐업,2019-06-19 16:07:18,,2016-03-03,,서울특별시 중랑구 망우동,PHMH320163060034087500006,3060000,"서울특별시 중랑구 용마산로 471 (망우동, 대광빌딩)",02173,03,폐업,33,,,
씨유 면목시장점,2017-12-11,207335.315375359,452665.433181777,2026-04-22 22:30:58,I,03,폐업,2017-12-11 14:22:28,,2016-03-16,,서울특별시 중랑구 면목동,PHMH320163060034087500007,3060000,"서울특별시 중랑구 면목로31길 26 (면목동, 호돌이마트)",02244,03,폐업,100,,,02-435-8901
GS25 망우상봉중,2016-10-28,207984.458995305,455437.588658023,2026-04-22 22:30:58,I,03,폐업,2016-10-28 09:07:55,,2016-03-24,,서울특별시 중랑구 상봉동,PHMH320163060034087500009,3060000,서울특별시 중랑구 상봉중앙로8나길 35 (상봉동),02081,03,폐업,40,,,
GS25 상봉주한,2018-04-11,207550.019627196,454666.621709646,2026-04-22 22:30:58,I,03,폐업,2018-04-11 15:01:13,,2016-03-29,,서울특별시 중랑구 상봉동,PHMH320163060034087500010,3060000,서울특별시 중랑구 면목로 476 (상봉동),02154,03,폐업,40,,,
씨유 상봉데시앙,2018-11-23,208124.595952118,455569.884613188,2026-04-22 22:30:58,I,03,폐업,2018-11-23 11:51:08,,2016-03-31,,서울특별시 중랑구 상봉동,PHMH320163060034087500011,3060000,서울특별시 중랑구 신내로7가길 54 (상봉동),02079,03,폐업,59,,,02-497-4005
세븐일레븐 중랑태능점,2019-02-01,206646.371514179,454919.551481899,2026-04-22 22:30:58,I,03,폐업,2019-02-07 15:42:29,,2016-04-26,,서울특별시 중랑구 중화동,PHMH320163060034087500012,3060000,서울특별시 중랑구 중랑역로 28 (중화동),02109,03,폐업,50,,,02-433-9004
CU 면목사가정점,2021-05-03,207886.420575928,453337.006204504,2026-04-22 22:30:58,I,03,폐업,2021-05-04 09:35:12,,2016-05-12,,서울특별시 중랑구 면목동,PHMH320163060034087500014,3060000,"서울특별시 중랑구 면목로48길 25 (면목동, 새건명약국)",02210,03,폐업,60,,,02-2207-3570
행복한편의점(고마트),2023-04-04,206722.064856303,455847.478816768,2026-04-22 22:30:58,I,03,폐업,2023-04-05 10:15:23,,2016-06-01,,서울특별시 중랑구 중화동,PHMH320163060034087500015,3060000,"서울특별시 중랑구 중랑역로 129 (중화동, 애니타임24시편의점)",02015,03,폐업,50,,,070-8274-5039
GS25 중랑면목,2017-08-16,207574.017340683,452808.828351677,2026-04-22 22:30:58,I,03,폐업,2017-08-17 11:14:25,,2016-06-07,,서울특별시 중랑구 면목동,PHMH320163060034087500016,3060000,"서울특별시 중랑구 면목로36길 14 (면목동, 원일마트)",02252,03,폐업,59,,,
씨유 중랑중화점,2020-04-02,,,2026-04-22 22:30:58,I,03,폐업,2020-04-02 17:05:11,,2016-07-04,,서울특별시 중랑구 중화동,PHMH320163060034087500021,3060000,"서울특별시 중랑구 봉화산로4길 31 (중화동, 영재어린이집)",02104,03,폐업,50,,,02-2208-3059
씨유 중랑신내점,2023-05-03,208329.316273878,455923.228873371,2026-04-22 22:30:58,I,03,폐업,2023-05-03 14:33:41,,2016-07-04,,서울특별시 중랑구 신내동,PHMH320163060034087500022,3060000,서울특별시 중랑구 신내로 71 (신내동),02076,03,폐업,40,,,
미니스톱 우림오거리점,2018-06-22,208796.830101801,454815.192059726,2026-04-22 22:30:58,I,03,폐업,2018-06-22 13:43:15,,2016-07-05,,서울특별시 중랑구 망우동,PHMH320163060034087500023,3060000,서울특별시 중랑구 용마산로 498 (망우동),02181,03,폐업,50,,,
GS25 동부시장점,2018-07-17,206807.690776656,454279.576512807,2026-04-22 22:30:58,I,03,폐업,2018-07-17 16:55:58,,2016-07-05,,서울특별시 중랑구 면목동 183번지 24호,PHMH320163060034087500025,3060000,"서울특별시 중랑구 봉우재로 41, 1층 (면목동)",02129,03,폐업,42,,,
365플러스 중랑신내,2020-10-06,208674.123712083,455935.105442855,2026-04-22 22:30:58,I,03,폐업,2020-10-07 10:44:13,,2016-07-19,,서울특별시 중랑구 신내동,PHMH320163060034087500026,3060000,서울특별시 중랑구 용마산로129나길 42 (신내동),02068,03,폐업,43,,,02-435-3650
씨유 망우금란점,2017-12-29,209158.629853248,455439.572305693,2026-04-22 22:30:58,I,03,폐업,2017-12-29 16:56:11,,2016-08-26,,서울특별시 중랑구 망우동,PHMH320163060034087500028,3060000,"서울특별시 중랑구 용마산로118길 71 (망우동, 대원카센타)",02066,03,폐업,36,,,02-434-7428
씨유중화점,2021-04-21,206890.050493555,455699.53266546,2026-04-22 22:30:58,I,03,폐업,2021-04-21 17:24:15,,2016-08-29,,서울특별시 중랑구 중화동,PHMH320163060034087500029,3060000,"서울특별시 중랑구 동일로 819 (중화동, 훼미리마트)",02014,03,폐업,163,,,02-439-3125
세븐일레븐 중화그랜드점,2018-11-01,207221.494919814,455388.485087618,2026-04-22 22:31:08,I,03,폐업,2018-11-02 09:43:46,,2016-09-02,,서울특별시 중랑구 중화동,PHMH320163060034087500031,3060000,"서울특별시 중랑구 봉화산로24길 28 (중화동, 진숙로얄빌라)",02089,03,폐업,83,,,02-492-1443
씨유 아남리치점,2017-07-14,207496.514052424,454228.23311017,2026-04-22 22:30:58,I,03,폐업,2017-07-14 16:34:13,,2016-09-07,,서울특별시 중랑구 면목동,PHMH320163060034087500032,3060000,서울특별시 중랑구 겸재로29길 58 (면목동),02146,03,폐업,40,,,
GS25 상봉중화점,2024-03-19,207463.358398029,455401.30745324,2026-04-22 22:30:58,I,03,폐업,2024-03-19 13:27:15,,2016-09-21,,서울특별시 중랑구 중화동,PHMH320163060034087500033,3060000,서울특별시 중랑구 봉화산로30길 31 (중화동),02090,03,폐업,44,,,
이마트24 중랑상봉점,2024-06-20,207915.781082756,455364.178550334,2026-04-22 22:30:58,I,03,폐업,2024-06-20 14:14:19,,2016-09-26,,서울특별시 중랑구 상봉동,PHMH320163060034087500034,3060000,서울특별시 중랑구 상봉중앙로8가길 43 (상봉동),02081,03,폐업,43,,,
이마트24 면목중랑점,2022-06-02,206662.592879914,454172.697825597,2026-04-22 22:30:58,I,03,폐업,2022-06-02 13:45:59,,2016-10-11,,서울특별시 중랑구 면목동,PHMH320163060034087500035,3060000,"서울특별시 중랑구 봉우재로 24 (면목동, 예삐유치원)",02131,03,폐업,33,,,
GS25 중화제일점,2018-06-07,206888.682623817,455254.740987472,2026-04-22 22:30:58,I,03,폐업,2018-06-07 14:18:45,,2016-10-19,,서울특별시 중랑구 중화동,PHMH320163060034087500036,3060000,"서울특별시 중랑구 동일로129길 16 (중화동, lg25시)",02102,03,폐업,50,,,
씨유 면목패션타운점,2019-10-14,207219.468000231,454070.970385267,2026-04-22 22:30:58,I,03,폐업,2019-10-14 16:43:15,,2016-10-24,,서울특별시 중랑구 면목동,PHMH320163060034087500037,3060000,서울특별시 중랑구 겸재로15길 64 (면목동),02147,03,폐업,85,,,
GS25 망우상봉중점,2019-07-03,207984.458995305,455437.588658023,2026-04-22 22:30:58,I,03,폐업,2019-07-03 14:48:19,,2016-10-28,,서울특별시 중랑구 상봉동,PHMH320163060034087500039,3060000,서울특별시 중랑구 상봉중앙로8나길 35 (상봉동),02081,03,폐업,41,,,
미니스톱 상봉건영점,2017-02-28,208190.780255159,455745.397688787,2026-04-22 22:30:58,I,03,폐업,2017-02-28 10:51:51,,2016-11-04,,서울특별시 중랑구 상봉동,PHMH320163060034087500041,3060000,"서울특별시 중랑구 봉화산로48길 62 (상봉동, 건영아파트)",02077,03,폐업,55,,,
위드미 면목늘푸른점,2018-02-06,207124.119148496,453592.300224764,2026-04-22 22:30:58,I,03,폐업,2018-02-06 13:34:21,,2016-11-18,,서울특별시 중랑구 면목동,PHMH320163060034087500043,3060000,"서울특별시 중랑구 동일로96가길 3 (면목동, 하나로마트)",02224,03,폐업,86,,,02-494-8131
GS25 상봉동일로점,2017-03-09,206889.293186112,454516.422154096,2026-04-22 22:30:58,I,03,폐업,2017-03-09 15:49:59,,2016-11-21,,서울특별시 중랑구 상봉동 127번지 21호,PHMH320163060034087500044,3060000,서울특별시 중랑구 동일로109가길 22 (상봉동),02123,03,폐업,73,,,
이마트24 상봉중앙점,2024-11-29,206613.823489061,454510.053360258,2026-04-22 22:30:58,I,03,폐업,2024-11-29 15:16:31,,2016-11-23,,서울특별시 중랑구 상봉동,PHMH320163060034087500046,3060000,서울특별시 중랑구 중랑천로10길 49-13 (상봉동),02120,03,폐업,33,,,
세븐일레븐 이레면목점,2019-05-09,208146.16036031,454599.06189581,2026-04-22 22:31:08,I,03,폐업,2019-05-09 16:35:29,,2016-11-30,,서울특별시 중랑구 면목동,PHMH320163060034087500047,3060000,서울특별시 중랑구 상봉로 87 (면목동),02156,03,폐업,66,,,070-8278-9182
365plus중랑묵동점,2019-04-16,206918.521143662,456888.556229329,2026-04-22 22:30:58,I,03,폐업,2019-04-16 09:44:30,,2017-01-04,,서울특별시 중랑구 묵동,PHMH320173060034087500003,3060000,"서울특별시 중랑구 공릉로2나길 49 (묵동, 좋은이웃마트)",02034,03,폐업,34,,,02-972-4198
365plus 상봉건영,2019-04-16,208006.368720988,455498.537003619,2026-04-22 22:30:58,I,03,폐업,2019-04-16 09:45:38,,2017-01-04,,서울특별시 중랑구 상봉동,PHMH320173060034087500004,3060000,서울특별시 중랑구 신내로7가길 83 (상봉동),02084,03,폐업,43,,,02-435-4198
GS25묵동행복,2022-02-24,206553.957716278,455991.115367555,2026-04-22 22:30:58,I,03,폐업,2022-02-24 14:26:13,,2017-02-09,,서울특별시 중랑구 묵동 248번지 4호,PHMH320173060034087500010,3060000,서울특별시 중랑구 봉화산로3길 103 (묵동),02012,03,폐업,66,,,02-3296-1418
CU 중화제일점,2018-12-18,206585.00447154,454955.245632824,2026-04-22 22:30:58,I,03,폐업,2018-12-18 14:20:58,,2017-02-23,,서울특별시 중랑구 중화동 318번지 1호 1층,PHMH320173060034087500011,3060000,"서울특별시 중랑구 중랑역로13길 2, 1층 (중화동)",02111,03,폐업,27,,,02-492-7003
미니스톱 상봉건영점,2019-11-14,208190.780255159,455745.397688787,2026-04-22 22:30:58,I,03,폐업,2019-11-14 17:08:47,,2017-02-28,,,PHMH320173060034087500012,3060000,서울특별시 중랑구 봉화산로48길 62 (상봉동),02077,03,폐업,53,,,
GS25 면목두성점,2024-06-13,206856.663790759,454062.136548702,2026-04-22 22:30:59,I,03,폐업,2024-06-13 13:48:03,,2017-03-15,,서울특별시 중랑구 면목동 179번지 98호,PHMH320173060034087500015,3060000,서울특별시 중랑구 겸재로9길 54 (면목동),02135,03,폐업,100,,,
GS25 상봉송림점,2025-04-01,208335.490181724,455234.627072326,2026-04-22 22:30:59,I,03,폐업,2025-04-01 15:04:45,,2017-03-15,,서울특별시 중랑구 상봉동 49번지 11호,PHMH320173060034087500016,3060000,서울특별시 중랑구 송림길 5 (상봉동),02086,03,폐업,63,,,
(주)코리아세븐 사가정로점,2024-11-19,207554.956960389,453143.983101414,2026-04-22 22:31:08,I,03,폐업,2024-11-19 14:05:35,,2017-03-23,,서울특별시 중랑구 면목동 637번지 5호,PHMH320173060034087500017,3060000,"서울특별시 중랑구 사가정로50길 6 (면목동, 1층)",02237,03,폐업,97,,,
CU 면목광진점,2020-12-03,207063.171197661,454335.028690129,2026-04-22 22:30:59,I,03,폐업,2020-12-04 15:55:05,,2017-04-03,,서울특별시 중랑구 면목동 144번지 1호,PHMH320173060034087500018,3060000,"서울특별시 중랑구 봉우재로 68 (면목동, 광진빌딩)",02140,03,폐업,33,,,
씨유신내봉실점,2022-01-20,208678.205520678,455835.659124015,2026-04-22 22:30:59,I,03,폐업,2022-01-21 10:44:42,,2017-04-26,,서울특별시 중랑구 신내동 447번지 6호,PHMH320173060034087500021,3060000,"서울특별시 중랑구 용마산로129나길 61 (신내동, 1층)",02070,03,폐업,88,,,
GS25용마산역점,2020-07-03,207461.714560571,452544.850851529,2026-04-22 22:30:59,I,03,폐업,2020-10-08 16:58:17,,2017-05-15,,서울특별시 중랑구 면목동 372번지 20호,PHMH320173060034087500022,3060000,서울특별시 중랑구 면목로 247 (면목동),02244,03,폐업,66,,,02-494-2924
GS25면목리치점,2020-04-01,207436.073968524,454010.757267756,2026-04-22 22:30:59,I,03,폐업,2020-04-01 17:01:15,,2017-05-18,,서울특별시 중랑구 면목동 119번지 28호,PHMH320173060034087500024,3060000,"서울특별시 중랑구 겸재로29길 14 (면목동, 1층)",02145,03,폐업,36,,,
씨유신내IC점,2022-05-16,208867.971587228,456998.820824509,2026-04-22 22:30:59,I,03,폐업,2022-05-16 10:34:35,,2017-05-18,,서울특별시 중랑구 신내동 344번지 1호,PHMH320173060034087500027,3060000,서울특별시 중랑구 용마산로139가길 16 (신내동),02052,03,폐업,76,,,02-6013-4622
세븐일레븐 묵동위더스점,2023-01-27,206840.779774542,456764.37479632,2026-04-22 22:30:59,I,03,폐업,2023-01-27 11:20:26,,2017-05-26,,서울특별시 중랑구 묵동 174번지 9호,PHMH320173060034087500029,3060000,"서울특별시 중랑구 공릉로4길 4 (묵동, 묵동해오름아파트상가101동101호)",02034,03,폐업,57,,,02-3296-5176
씨유망우무지개점,2022-05-16,208756.675519496,454643.711925805,2026-04-22 22:30:59,I,03,폐업,2022-05-16 13:49:39,,2017-06-16,,서울특별시 중랑구 망우동 410번지 5호,PHMH320173060034087500031,3060000,서울특별시 중랑구 용마공원로2길 22 (망우동),02182,03,폐업,90,,,02-433-0211
씨유묵동중앙점,2024-06-03,206950.220791194,456429.165739185,2026-04-22 22:30:59,I,03,폐업,2024-06-03 13:15:08,,2017-06-19,,서울특별시 중랑구 묵동 122번지 150호,PHMH320173060034087500032,3060000,서울특별시 중랑구 동일로156길 30 (묵동),02039,03,폐업,46,,,02-3296-0982
위드미,2020-04-29,208499.929616625,455110.309742294,2026-04-22 22:30:59,I,03,폐업,2020-04-29 13:29:47,,2017-06-26,,서울특별시 중랑구 망우동 491번지 39호,PHMH320173060034087500033,3060000,서울특별시 중랑구 용마산로115길 59 (망우동),02167,03,폐업,50,,,
씨유아남리치점,2019-02-26,207496.514052424,454228.23311017,2026-04-22 22:30:59,I,03,폐업,2019-02-26 14:58:18,,2017-07-18,,서울특별시 중랑구 면목동 129번지 50호 1층,PHMH320173060034087500036,3060000,"서울특별시 중랑구 겸재로29길 58 (면목동, 1층)",02146,03,폐업,60,,,02-432-2460
세븐일레븐묵동화랑점,2021-05-13,207073.722515668,457208.857551996,2026-04-22 22:30:59,I,03,폐업,2021-05-13 16:32:42,,2017-07-26,,서울특별시 중랑구 묵동 156번지 24호,PHMH320173060034087500038,3060000,서울특별시 중랑구 공릉로12가길 27 (묵동),02019,03,폐업,65,,,
GS25 묵동자이점,2023-02-24,206808.914669794,456949.35802282,2026-04-22 22:30:59,I,03,폐업,2023-02-27 10:10:47,,2017-07-28,,서울특별시 중랑구 묵동 164번지 4호 125호,PHMH320173060034087500039,3060000,"서울특별시 중랑구 숙선옹주로 6-9, 1층 125호 (묵동, 묵동자이아파트1단지)",02033,03,폐업,56,,,
세븐일레븐면목패션점,2019-04-10,207182.966980519,453894.884010839,2026-04-22 22:30:59,I,03,폐업,2019-04-10 14:04:08,,2017-08-03,,서울특별시 중랑구 면목동 148번지 9호,PHMH320173060034087500043,3060000,서울특별시 중랑구 겸재로 129 (면목동),02147,03,폐업,60,,,02-432-5330
지에스25면목샘터점,2021-07-23,207285.783335763,452237.321233024,2026-04-22 22:30:59,I,03,폐업,2021-07-23 16:33:43,,2017-08-03,,서울특별시 중랑구 면목동 398번지 1호,PHMH320173060034087500044,3060000,서울특별시 중랑구 면목로21길 9 (면목동),02246,03,폐업,46,,,
씨유망우퍼스트점,2021-02-05,208974.60579352,454355.364233959,2026-04-22 22:30:59,I,03,폐업,2021-02-05 14:23:57,,2017-08-04,,서울특별시 중랑구 망우동 420번지 39호,PHMH320173060034087500045,3060000,서울특별시 중랑구 용마공원로 51 (망우동),02186,03,폐업,37,,,
GS25 중랑면목점,2018-10-31,207574.017340683,452808.828351677,2026-04-22 22:30:59,I,03,폐업,2018-10-31 14:18:43,,2017-08-17,,서울특별시 중랑구 면목동 364번지 1호,PHMH320173060034087500046,3060000,"서울특별시 중랑구 면목로36길 14 (면목동, 원일마트)",02252,03,폐업,66,,,
CU 상봉건영점,2022-06-29,208312.725195146,455472.878357232,2026-04-22 22:30:59,I,03,폐업,2022-06-29 16:59:05,,2017-08-18,,서울특별시 중랑구 상봉동 40번지 6호,PHMH320173060034087500047,3060000,서울특별시 중랑구 신내로7나길 20 (상봉동),02084,03,폐업,53,,,
GS25 묵동공룡점,2022-09-07,206826.69219219,456060.261130323,2026-04-22 22:30:59,I,03,폐업,2022-09-07 16:09:17,,2017-08-18,,서울특별시 중랑구 묵동 245번지 8호,PHMH320173060034087500048,3060000,"서울특별시 중랑구 동일로 855 (묵동, 산성교회)",02010,03,폐업,68,,,
GS25 면목한신점,2014-05-22,206715.887045186,454012.725607131,2026-04-22 22:30:56,I,03,폐업,2014-05-22 17:29:25,,2012-12-03,131-202,서울특별시 중랑구 면목동 178번지 30호,PHMH320123060034087500058,3060000,서울특별시 중랑구 겸재로3길 54 (면목동),,03,폐업,50,,,02-436-6480
GS25 묵동중앙점,2015-11-04,206669.705964675,456177.219537354,2026-04-22 22:30:56,I,03,폐업,2015-11-04 14:19:10,,2012-12-06,131-853,서울특별시 중랑구 묵동 246번지 1호,PHMH320123060034087500060,3060000,서울특별시 중랑구 동일로151길 29 (묵동),02011,03,폐업,66,,,02-975-4153
이마트24 면목점,2019-01-02,,,2026-04-22 22:30:56,I,03,폐업,2019-01-02 14:08:44,,2012-12-17,,서울특별시 중랑구 면목동 23번지 12호 1층,PHMH320123060034087500061,3060000,"서울특별시 중랑구 상봉로 40, 1층 (면목동)",02200,03,폐업,43,,,02-438-3748
씨유 용마산점,2016-06-10,207378.904125417,452296.055921315,2026-04-22 22:30:56,I,03,폐업,2016-06-13 09:33:36,,2012-11-12,131-829,서울특별시 중랑구 면목동 392번지 6호,PHMH320123060034087500062,3060000,서울특별시 중랑구 면목로 224 (면목동),02255,03,폐업,76,,,02-436-0976
세븐일레븐 면목광장점,2022-04-19,207562.458844463,454002.437933163,2026-04-22 22:30:56,I,03,폐업,2022-04-19 13:36:21,,2012-11-13,131-816,서울특별시 중랑구 면목동 120번지 22호,PHMH320123060034087500063,3060000,서울특별시 중랑구 겸재로 169-1 (면목동),02146,03,폐업,46,,,02-432-7101
미니스톱 우림오거리점,2016-06-30,208796.830101801,454815.192059726,2026-04-22 22:30:56,I,03,폐업,2016-07-05 09:50:19,,2012-11-13,131-801,서울특별시 중랑구 망우동 403번지 60호,PHMH320123060034087500064,3060000,서울특별시 중랑구 용마산로 498 (망우동),02181,03,폐업,50,,,02-2208-4503
씨유 중랑면목점,2017-01-16,207696.653850422,453930.081446368,2026-04-22 22:30:56,I,03,폐업,2017-01-23 14:26:59,,2012-11-13,131-815,서울특별시 중랑구 면목동 359번지 5호,PHMH320123060034087500065,3060000,서울특별시 중랑구 면목로 400 (면목동),02197,03,폐업,50,,,02-435-2057
CU 면목사가정점,2016-05-09,207886.420575928,453337.006204504,2026-04-22 22:31:08,I,03,폐업,2016-05-09 14:57:13,,2012-11-13,131-813,서울특별시 중랑구 면목동 456번지 28호,PHMH320123060034087500066,3060000,서울특별시 중랑구 면목로48길 25 (면목동),02210,03,폐업,60,,,02-2207-3570
GS25 상봉써너스점,2019-08-09,208185.587866215,455005.951408018,2026-04-22 22:30:56,I,03,폐업,2019-08-09 16:53:25,,2012-11-14,131-807,서울특별시 중랑구 망우동 479번지,PHMH320123060034087500067,3060000,서울특별시 중랑구 용마산로115길 127 (망우동),02163,03,폐업,60,,,02-432-3233
씨유 면목서일점,2014-07-18,208639.517255546,454068.638264676,2026-04-22 22:30:56,I,03,폐업,2014-07-18 13:22:54,,2012-11-15,131-811,서울특별시 중랑구 면목동 46번지 12호,PHMH320123060034087500068,3060000,서울특별시 중랑구 용마산로94길 31 (면목동),,03,폐업,36,,,070-7786-1415
(주)비지에프휴먼넷 면목중앙점,2016-06-21,207785.947100521,453578.883999095,2026-04-22 22:30:56,I,03,폐업,2016-06-22 09:07:03,,2012-11-16,131-814,서울특별시 중랑구 면목동 409번지 47호,PHMH320123060034087500069,3060000,서울특별시 중랑구 면목로56가길 8 (면목동),02209,03,폐업,76,,,02-2207-6103
GS25 망우동국점,2014-05-20,208420.533744257,455125.798861166,2026-04-22 22:30:56,I,03,폐업,2014-05-20 17:30:16,,2012-11-22,131-233,서울특별시 중랑구 망우동 490번지 31호,PHMH320123060034087500070,3060000,서울특별시 중랑구 용마산로115길 76 (망우동),,03,폐업,66,,,02-434-2460
SK네트웍스(주)중랑교주유소,2020-05-29,206816.639789671,454715.493028179,2026-04-22 22:31:07,I,03,폐업,2020-05-29 14:06:21,,2012-11-22,131-878,서울특별시 중랑구 중화동 207번지 22호,PHMH320123060034087500071,3060000,서울특별시 중랑구 망우로 229 (중화동),02117,03,폐업,30,,,02-493-0115
세븐일레븐 중랑상봉점,2017-03-21,207919.222945012,454604.549841378,2026-04-22 22:30:56,I,03,폐업,2017-03-22 09:20:37,,2012-11-26,131-859,서울특별시 중랑구 상봉동 85번지 41호,PHMH320123060034087500072,3060000,서울특별시 중랑구 봉우재로 157 (상봉동),02152,03,폐업,46,,,02-435-3371
GS25 상봉하나점,2015-06-16,207982.810825453,454980.023827024,2026-04-22 22:30:56,I,03,폐업,2015-06-16 13:13:22,,2012-11-28,131-858,서울특별시 중랑구 상봉동 81번지 5호,PHMH320123060034087500073,3060000,서울특별시 중랑구 망우로 346 (상봉동),,03,폐업,42,,,
씨유 중랑우림점,2017-05-15,208706.754264585,454777.272396908,2026-04-22 22:31:07,I,03,폐업,2017-05-15 11:32:16,,2012-11-28,131-808,서울특별시 중랑구 망우동 458번지 3호,PHMH320123060034087500074,3060000,서울특별시 중랑구 봉우재로 240 (망우동),02173,03,폐업,50,,,02-2209-1510
GS25 중랑신내점,2016-04-27,208594.758,455982.239,2026-04-22 22:30:56,I,03,폐업,2016-05-02 09:37:26,,2012-12-05,131-868,서울특별시 중랑구 신내동 410번지 9호,PHMH320123060034087500075,3060000,서울특별시 중랑구 봉화산로56길 60 (신내동),02067,03,폐업,63,,,02-491-6625
GS25 망우중앙점,2022-06-21,208547.560589346,455271.790327778,2026-04-22 22:30:56,I,03,폐업,2022-06-21 14:40:35,,2012-12-20,131-810,서울특별시 중랑구 망우동 488번지 8호,PHMH320123060034087500076,3060000,서울특별시 중랑구 망우로 411 (망우동),02073,03,폐업,23,,,
파스텔 신내점,2019-04-24,208889.864990793,455878.542779459,2026-04-22 22:30:56,I,03,폐업,2019-04-24 13:37:26,,2012-12-20,131-874,서울특별시 중랑구 신내동 795번지,PHMH320123060034087500077,3060000,서울특별시 중랑구 용마산로 616 (신내동),02058,03,폐업,112,,,02-3422-1952
(주)바이더웨이 중랑점,2013-06-24,207640.87809946,453951.245175582,2026-04-22 22:30:56,I,03,폐업,2014-04-10 13:31:59,,2012-11-16,131-818,서울특별시 중랑구 면목동 115번지 4호,PHMH320123060034087500078,3060000,서울특별시 중랑구 겸재로40길 9 (면목동),,03,폐업,13,,,02-494-6939
(주)코리아세븐 망우2호점,2025-07-31,209434.936710026,455599.021853212,2026-04-22 22:31:08,I,03,폐업,2025-07-31 13:10:31,,2012-11-16,131-802,서울특별시 중랑구 망우동 183번지,PHMH320123060034087500080,3060000,서울특별시 중랑구 양원역로 25 (망우동),02064,03,폐업,30,,,02-495-1613
씨유 망우점,2021-12-30,208551.690202466,455188.037259512,2026-04-22 22:30:56,I,03,폐업,2021-12-30 15:35:22,,2012-11-15,131-810,서울특별시 중랑구 망우동 470번지 10호,PHMH320123060034087500085,3060000,서울특별시 중랑구 망우로 410 (망우동),02164,03,폐업,132,,,02-436-4475
씨유 녹색병원점,2014-06-30,207545.431398092,453474.580080059,2026-04-22 22:30:56,I,03,폐업,2014-06-30 13:39:03,,2012-11-28,131-831,서울특별시 중랑구 면목동 568번지 1호,PHMH320123060034087500086,3060000,서울특별시 중랑구 사가정로49길 53 (면목동),,03,폐업,53,,,02-2209-3883
세븐일레븐 사가정두산점,2023-04-28,207388.672085955,453298.03179542,2026-04-22 22:30:56,I,03,폐업,2023-04-28 17:00:59,,2012-11-12,131-831,서울특별시 중랑구 면목동 607번지 11호,PHMH320123060034087500088,3060000,서울특별시 중랑구 사가정로41길 20-1 (면목동),02227,03,폐업,36,,,070-7646-5737
팝스토어 신내점,2016-10-27,208503.950285653,455678.518199312,2026-04-22 22:30:56,I,03,폐업,2016-10-28 17:02:41,,2012-12-26,131-869,서울특별시 중랑구 신내동 478번지 22호,PHMH320123060034087500090,3060000,서울특별시 중랑구 봉화산로56길 120 (신내동),02069,03,폐업,,,,
세븐일레븐 중화태릉점,2013-06-21,206646.371514179,454919.551481899,2026-04-22 22:30:56,I,03,폐업,2014-04-10 17:22:30,,2012-11-18,,,PHMH320123060034087500091,3060000,서울특별시 중랑구 중랑역로 28 (중화동),,03,폐업,,,,
세븐일레븐 용마공원점,2025-04-09,208812.103286633,454767.531673771,2026-04-22 22:30:56,I,03,폐업,2025-04-09 13:42:58,,2013-06-28,131-805,서울특별시 중랑구 망우동 403번지 46호,PHMH320133060034087500001,3060000,서울특별시 중랑구 용마공원로 3 (망우동),02181,03,폐업,33,,,
GS25면목점,2017-08-01,207729.175659582,453342.232542102,2026-04-22 22:30:56,I,03,폐업,2017-08-01 11:19:44,,2013-06-28,131-831,서울특별시 중랑구 면목동 497번지 7호,PHMH320133060034087500002,3060000,서울특별시 중랑구 면목로 341 (면목동),02228,03,폐업,100,,,
로그인편의점,2015-05-14,206662.592879914,454172.697825597,2026-04-22 22:30:56,I,03,폐업,2015-05-15 12:47:43,,2013-06-28,131-823,서울특별시 중랑구 면목동 181번지 63호 1층,PHMH320133060034087500003,3060000,서울특별시 중랑구 봉우재로 24 (면목동),,03,폐업,33,,,02-496-4009
바이더웨이 상봉2점,2013-10-28,207778.811774353,454861.510993306,2026-04-22 22:30:56,I,03,폐업,2013-10-28 13:11:15,,2013-07-19,131-859,서울특별시 중랑구 상봉동 90번지 3호,PHMH320133060034087500004,3060000,서울특별시 중랑구 망우로50길 22 (상봉동),,03,폐업,72,,,02-434-7845
GS25 중랑동부점,2019-07-03,208198.85960983,455525.574964606,2026-04-22 22:30:56,I,03,폐업,2019-07-03 15:23:56,,2013-08-26,131-774,서울특별시 중랑구 상봉동 495번지 동부건영아파트 제상가 104호,PHMH320133060034087500006,3060000,서울특별시 중랑구 신내로7가길 31 (상봉동),,03,폐업,80,,,02-994-0786
세븐일레븐 망우써너스,2025-03-05,208267.592391698,455042.983909137,2026-04-22 22:30:56,I,03,폐업,2025-03-06 09:06:02,,2013-09-26,131-809,서울특별시 중랑구 망우동 495번지,PHMH320133060034087500008,3060000,서울특별시 중랑구 용마산로115길 109 (망우동),02163,03,폐업,,,,22087370
7-ELEVEN 중화태릉점,2016-04-15,206646.371514179,454919.551481899,2026-04-22 22:30:56,I,03,폐업,2016-04-15 15:20:01,,2013-10-02,131-879,서울특별시 중랑구 중화동 298번지 38호,PHMH320133060034087500010,3060000,서울특별시 중랑구 중랑역로 28 (중화동),02109,03,폐업,,,,02-453-9483
J25시 편의점,2013-10-10,207719.355684718,453613.0274191,2026-04-22 22:30:56,I,03,폐업,2013-10-10 17:14:19,,2013-03-05,,,PHMH320133060034087500011,3060000,서울특별시 중랑구 면목로 365 (면목동),,03,폐업,,,,
세븐일레븐 면목그린점,2014-01-23,207598.090133928,453504.624072371,2026-04-22 22:30:56,I,03,폐업,2014-04-10 17:19:52,,2013-01-02,131-831,서울특별시 중랑구 면목동 566번지 10호,PHMH320133060034087500017,3060000,서울특별시 중랑구 사가정로49길 63 (면목동),,03,폐업,,,,
Q24시 편의점(나들가게),2016-09-30,207073.499281911,453813.827835578,2026-04-22 22:30:56,I,03,폐업,2016-09-30 19:18:48,,2013-01-02,131-821,서울특별시 중랑구 면목동 150번지 7호,PHMH320133060034087500018,3060000,서울특별시 중랑구 겸재로18길 3 (면목동),02215,03,폐업,13,,,02-468-0666
세븐일레븐 중화J점,2014-05-19,206959.961360644,455575.262527889,2026-04-22 22:30:56,I,03,폐업,2014-05-19 16:54:13,,2013-01-11,131-121,서울특별시 중랑구 중화동 285번지 6호,PHMH320133060034087500019,3060000,서울특별시 중랑구 동일로 806 (중화동),,03,폐업,46,,,070-7531-9476
씨유 중랑신내점,2016-06-28,208329.316273878,455923.228873371,2026-04-22 22:30:56,I,03,폐업,2016-07-01 18:16:04,,2013-01-18,131-871,서울특별시 중랑구 신내동 559번지 2호,PHMH320133060034087500020,3060000,서울특별시 중랑구 신내로 71 (신내동),02076,03,폐업,60,,,02-2209-2292
GS25 면목용마점,2019-04-23,208100.06725836,453036.420347121,2026-04-22 22:30:56,I,03,폐업,2019-04-23 18:03:11,,2013-01-24,131-834,서울특별시 중랑구 면목동 527번지 35호,PHMH320133060034087500021,3060000,서울특별시 중랑구 용마산로 308 (면목동),02259,03,폐업,43,,,02-434-6843
할인마트 부흥점(나들가게),2020-10-14,207174.810500583,454200.24716989,2026-04-22 22:30:56,I,03,폐업,2020-10-14 15:28:28,,2013-02-04,131-202,서울특별시 중랑구 면목동 142번지 43호,PHMH320133060034087500022,3060000,서울특별시 중랑구 면목천로23길 51 (면목동),02141,03,폐업,119,,,02-491-3368
GS25 신내중앙,2014-05-12,208691.747128654,455706.66314553,2026-04-22 22:30:56,I,03,폐업,2014-05-12 16:54:35,,2013-03-15,131-131,서울특별시 중랑구 신내동 443번지 5호,PHMH320133060034087500023,3060000,서울특별시 중랑구 용마산로125나길 23 (신내동),,03,폐업,33,,,
채널큐 신내점,2017-10-17,207646.140328058,455607.212185672,2026-04-22 22:30:56,I,03,폐업,2017-10-17 17:27:36,,2013-03-27,131-221,서울특별시 중랑구 상봉동 300번지 2호,PHMH320133060034087500025,3060000,서울특별시 중랑구 상봉중앙로 62 (상봉동),02074,03,폐업,96,,,02-432-7021
세븐일레븐 신내신아점,2023-01-17,208295.099818379,456014.999180519,2026-04-22 22:30:56,I,03,폐업,2023-01-18 11:19:05,,2013-03-28,131-791,서울특별시 중랑구 신내동 666번지,PHMH320133060034087500026,3060000,서울특별시 중랑구 봉화산로 194 (신내동),02076,03,폐업,26,,,02-3423-2288
채널큐 면목점,2016-02-19,208163.101080399,454375.202023593,2026-04-22 22:30:56,I,03,폐업,2016-02-22 13:09:42,,2013-04-01,131-817,서울특별시 중랑구 면목동 87번지 3호,PHMH320133060034087500027,3060000,서울특별시 중랑구 상봉로 63 (면목동),02158,03,폐업,50,,,02-437-9769
GS25 묵동신안점,2015-07-08,207081.5443958,456727.51477426,2026-04-22 22:30:56,I,03,폐업,2015-07-09 13:38:03,,2013-05-07,131-141,서울특별시 중랑구 묵동 381번지,PHMH320133060034087500029,3060000,서울특별시 중랑구 공릉로2길 47 (묵동),,03,폐업,50,,,02-977-9975
세븐일레븐 망우으뜸점,2016-02-26,208638.730996809,454555.646002178,2026-04-22 22:30:56,I,03,폐업,2016-02-26 16:48:54,,2013-05-07,131-807,서울특별시 중랑구 망우동 457번지 21호,PHMH320133060034087500030,3060000,서울특별시 중랑구 용마산로 471 (망우동),02173,03,폐업,50,,,02-432-8669
라이프 샵,2016-05-18,,,2026-04-22 22:30:56,I,03,폐업,2016-05-20 14:06:52,,2013-05-16,131-822,서울특별시 중랑구 면목동 166번지 43호,PHMH320133060034087500031,3060000,서울특별시 중랑구 사가정로 335 (면목동),02226,03,폐업,86,,,02-437-4100
세븐일레븐 면목우리점,2017-12-20,207538.20275012,452884.675867015,2026-04-22 22:30:56,I,03,폐업,2017-12-20 16:52:57,,2013-05-30,131-828,서울특별시 중랑구 면목동 627번지 22호,PHMH320133060034087500033,3060000,서울특별시 중랑구 면목로 286 (면목동),02252,03,폐업,33,,,
GS25 상봉건영점,2017-05-23,207981.146639105,455425.317999314,2026-04-22 22:30:56,I,03,폐업,2017-05-23 16:39:49,,2013-06-07,131-221,서울특별시 중랑구 상봉동 279번지 78호,PHMH320133060034087500034,3060000,서울특별시 중랑구 상봉중앙로8나길 37 (상봉동),02081,03,폐업,26,,,02-2209-4897
GS25 동부시장점,2016-06-30,206807.690776656,454279.576512807,2026-04-22 22:30:56,I,03,폐업,2016-07-01 10:56:26,,2013-12-19,131-202,서울특별시 중랑구 면목동 183번지 24호,PHMH320133060034087500036,3060000,서울특별시 중랑구 봉우재로 41 (면목동),02129,03,폐업,50,,,02-496-2974
씨유 면목시장점,2016-03-04,207335.315375359,452665.433181777,2026-04-22 22:30:56,I,03,폐업,2016-03-07 09:26:53,,2013-12-20,131-826,서울특별시 중랑구 면목동 350번지 8호,PHMH320133060034087500037,3060000,서울특별시 중랑구 면목로31길 26 (면목동),02244,03,폐업,80,,,02-435-8901
GS25 사가정스타점,2015-09-10,207712.435284245,453286.325346393,2026-04-22 22:30:56,I,03,폐업,2015-09-11 10:24:10,,2013-12-20,131-831,서울특별시 중랑구 면목동 497번지 16호,PHMH320133060034087500038,3060000,서울특별시 중랑구 면목로45길 8 (면목동),02228,03,폐업,60,,,02-493-2846
GS25 묵동제일점,2015-04-15,206751.143086862,455895.938640456,2026-04-22 22:30:56,I,03,폐업,2015-04-15 15:48:18,,2013-09-27,131-853,서울특별시 중랑구 묵동 250번지 39호,PHMH320133060034087500039,3060000,서울특별시 중랑구 동일로143길 24 (묵동),,03,폐업,66,,,
씨유 중화점,2016-08-26,206890.050493555,455699.53266546,2026-04-22 22:30:56,I,03,폐업,2016-08-29 10:13:51,,2013-01-24,131-881,서울특별시 중랑구 중화동 307번지 15호,PHMH320133060034087500040,3060000,서울특별시 중랑구 동일로 819 (중화동),02014,03,폐업,112,,,02-439-3125
씨유 중랑경찰서점,2018-03-02,206691.760597615,456039.62716713,2026-04-22 22:31:08,I,03,폐업,2018-03-02 10:51:42,,2013-03-26,131-853,서울특별시 중랑구 묵동 246번지 39호,PHMH320133060034087500041,3060000,서울특별시 중랑구 중랑역로 147 (묵동),02011,03,폐업,56,,,02-949-7392
GS25 상봉태영점,2014-05-20,208119.802959666,455650.82683541,2026-04-22 22:30:56,I,03,폐업,2014-05-20 16:50:45,,2013-04-01,131-776,서울특별시 중랑구 상봉동 497번지,PHMH320133060034087500042,3060000,서울특별시 중랑구 상봉중앙로8길 104 (상봉동),,03,폐업,56,,,
씨유 묵동중앙점,2017-06-16,206950.220791194,456429.165739185,2026-04-22 22:30:56,I,03,폐업,2017-06-19 17:42:30,,2013-04-01,131-141,서울특별시 중랑구 묵동 122번지 150호,PHMH320133060034087500043,3060000,서울특별시 중랑구 동일로156길 30 (묵동),02039,03,폐업,40,,,02-3296-0982
(주)코리아세븐 면목시장점,2019-07-02,207450.883217251,452704.923795909,2026-04-22 22:31:08,I,03,폐업,2019-07-02 13:33:03,,2013-05-27,131-826,서울특별시 중랑구 면목동 369번지 1호,PHMH320133060034087500045,3060000,서울특별시 중랑구 면목로33길 11 (면목동),02244,03,폐업,50,,,02-432-2378
(주)코리아세븐 중랑점,2019-03-13,207645.845911573,453975.70277489,2026-04-22 22:31:07,I,03,폐업,2019-03-13 15:39:51,,2013-06-25,131-818,서울특별시 중랑구 면목동 115번지 1호,PHMH320133060034087500046,3060000,서울특별시 중랑구 겸재로 178 (면목동),02219,03,폐업,50,,,02-3284-8118
베스트올 상봉점,2017-05-10,207695.949393399,454678.964725167,2026-04-22 22:30:56,I,03,폐업,2017-05-10 15:37:46,,2013-12-11,131-859,서울특별시 중랑구 상봉동 104번지 82호,PHMH320133060034087500047,3060000,서울특별시 중랑구 봉우재로33길 41 (상봉동),02154,03,폐업,30,,,02-495-0960
세븐일레븐 중앙면목점,2015-03-18,,,2026-04-22 22:30:56,I,03,폐업,2015-03-18 11:26:26,,2013-05-16,,,PHMH320133060034087500049,3060000,서울특별시 중랑구 중랑천로 56 (면목동),,03,폐업,,,,
세븐일레븐 중화점,2020-06-16,207045.74427447,455795.002056184,2026-04-22 22:30:56,I,03,폐업,2020-06-17 10:46:45,,2014-01-16,131-875,서울특별시 중랑구 중화동 279번지 20호,PHMH320143060034087500001,3060000,서울특별시 중랑구 동일로140길 25 (중화동),02047,03,폐업,46,,,
365PLUS 중랑면목,2021-05-06,206836.542963482,453868.30501247,2026-04-22 22:30:57,I,03,폐업,2021-05-06 16:23:38,,2014-01-24,131-820,서울특별시 중랑구 면목동 177번지 7호,PHMH320143060034087500003,3060000,서울특별시 중랑구 겸재로9길 15 (면목동),02134,03,폐업,66,,,02-432-1260
세븐일레븐 상봉본점,2022-09-06,207438.418411386,454796.07682516,2026-04-22 22:30:57,I,03,폐업,2022-09-06 16:46:17,,2014-03-12,131-860,서울특별시 중랑구 상봉동 113번지 11호,PHMH320143060034087500004,3060000,"서울특별시 중랑구 면목로95길 11, 1층 (상봉동)",02137,03,폐업,33,,,02-433-9001
GS25 용마파크,2021-07-31,207748.076646295,452551.742749755,2026-04-22 22:30:57,I,03,폐업,2021-08-02 13:27:49,,2012-11-06,131-842,서울특별시 중랑구 면목동 1502번지 2호,PHMH320143060034087500007,3060000,서울특별시 중랑구 용마산로 248 (면목동),02257,03,폐업,,,,
씨유중랑본점,2019-06-30,207772.038532953,454713.155015128,2026-04-22 22:30:57,I,03,폐업,2019-07-01 10:16:15,,2014-04-29,131-859,서울특별시 중랑구 상봉동 87번지 18호,PHMH320143060034087500008,3060000,서울특별시 중랑구 봉우재로33길 58 (상봉동),02153,03,폐업,,,,
미니스톱면목대명점,2015-08-20,206566.808435349,454300.894026547,2026-04-22 22:30:57,I,03,폐업,2015-08-21 14:16:44,,2014-05-16,131-823,서울특별시 중랑구 면목동 186번지 11호,PHMH320143060034087500009,3060000,서울특별시 중랑구 동일로109길 90 (면목동),02126,03,폐업,,,,
GS25 면목미래점,2021-05-31,207800.232863249,453821.098986625,2026-04-22 22:30:57,I,03,폐업,2021-05-31 14:12:43,,2014-05-20,131-200,서울특별시 중랑구 면목동 108번지 68호,PHMH320143060034087500010,3060000,서울특별시 중랑구 면목로72가길 19 (면목동),02197,03,폐업,,,,02-435-8483
GS25 면목한신점,2016-06-17,206715.887045186,454012.725607131,2026-04-22 22:31:07,I,03,폐업,2016-06-20 08:48:42,,2014-05-23,131-820,서울특별시 중랑구 면목동 178번지 30호,PHMH320143060034087500011,3060000,서울특별시 중랑구 겸재로3길 54 (면목동),02134,03,폐업,132,,,02-436-6480
씨유 면목두산점,2021-06-08,207272.406804292,452975.468889265,2026-04-22 22:31:08,I,03,폐업,2021-06-11 09:24:15,,2014-05-27,131-827,서울특별시 중랑구 면목동 673번지 1호,PHMH320143060034087500012,3060000,서울특별시 중랑구 면목로35길 51 (면목동),02240,03,폐업,,,,
미니스톱 중화한신점,2019-06-04,207108.063611688,455076.116294269,2026-04-22 22:30:57,I,03,폐업,2019-06-04 13:07:35,,2014-06-05,131-877,서울특별시 중랑구 중화동 195번지 2호,PHMH320143060034087500013,3060000,서울특별시 중랑구 동일로 756 (중화동),02095,03,폐업,,,,
씨유 망우써너스빌점,2017-12-12,208267.592391698,455042.983909137,2026-04-22 22:30:57,I,03,폐업,2017-12-12 10:47:17,,2014-06-09,131-809,서울특별시 중랑구 망우동 495번지,PHMH320143060034087500014,3060000,서울특별시 중랑구 용마산로115길 109 (망우동),02163,03,폐업,50,,,02-492-0707
미니스톱 녹색병원점,2015-02-17,207545.431398092,453474.580080059,2026-04-22 22:30:57,I,03,폐업,2015-02-17 17:00:49,,2014-06-30,131-831,서울특별시 중랑구 면목동 568번지 1호,PHMH320143060034087500019,3060000,서울특별시 중랑구 사가정로49길 53 (면목동),,03,폐업,63,,,
씨유 중화중앙점,2023-07-26,206869.086086064,455026.302218854,2026-04-22 22:30:57,I,03,폐업,2023-07-26 14:44:24,,2014-07-07,131-879,서울특별시 중랑구 중화동 299번지 1호,PHMH320143060034087500020,3060000,서울특별시 중랑구 동일로123길 25 (중화동),02107,03,폐업,50,,,
GS25 중랑우림,2019-08-22,208530.547317689,454914.660184546,2026-04-22 22:30:57,I,03,폐업,2019-08-22 16:30:39,,2014-08-08,131-230,서울특별시 중랑구 망우동 462번지 46호,PHMH320143060034087500023,3060000,서울특별시 중랑구 봉우재로65길 32 (망우동),02172,03,폐업,73,,,22085778
GS25 면목공원점,2022-11-29,206481.025807683,454377.299349687,2026-04-22 22:30:59,I,03,폐업,2022-11-29 16:27:53,,2017-09-15,,서울특별시 중랑구 면목동 186번지 21호,PHMH320173060034087500050,3060000,"서울특별시 중랑구 중랑천로10길 20 (면목동, 우일수퍼)",02126,03,폐업,43,,,
씨유 중화일동점,2021-10-28,207293.160092782,455520.057276823,2026-04-22 22:30:59,I,03,폐업,2021-10-28 18:17:46,,2017-10-11,,서울특별시 중랑구 중화동 118번지 1층,PHMH320173060034087500051,3060000,"서울특별시 중랑구 봉화산로 81, 1층 (중화동)",02049,03,폐업,55,,,
씨유 상봉무지개점,2021-06-30,207646.140328058,455607.212185672,2026-04-22 22:30:59,I,03,폐업,2021-06-30 11:27:39,,2017-10-19,,서울특별시 중랑구 상봉동 300번지 2호 1층,PHMH320173060034087500052,3060000,"서울특별시 중랑구 상봉중앙로 62, 1층 (상봉동)",02074,03,폐업,82,,,
씨유 혜원사랑점,2019-09-02,208572.434402352,454533.263187586,2026-04-22 22:30:59,I,03,폐업,2019-09-02 15:15:52,,2017-10-23,,서울특별시 중랑구 망우동 455번지 1호 1층,PHMH320173060034087500054,3060000,"서울특별시 중랑구 봉우재로70길 56, 1층 (망우동, 서울마트)",02173,03,폐업,84,,,02-436-4466
씨유 망우경남점,2019-01-11,209353.326092817,455724.355960673,2026-04-22 22:31:00,I,03,폐업,2019-01-11 16:55:03,,2017-10-23,,"서울특별시 중랑구 망우동 226번지 경남아파트 상가동 1층 2호,3호",PHMH320173060034087500055,3060000,"서울특별시 중랑구 양원역로 37, 상가동 1층 2호,3호 (망우동, 경남아파트)",02061,03,폐업,52,,,02-436-7433
씨유 혜원사거리점,2022-10-19,208182.238945667,454620.040170074,2026-04-22 22:31:00,I,03,폐업,2022-10-19 15:36:15,,2017-10-26,,서울특별시 중랑구 망우동 517번지 47호 1층,PHMH320173060034087500056,3060000,"서울특별시 중랑구 상봉로 90, 1층 (망우동, 연평도해물탕)",02174,03,폐업,76,,,
씨유 먹골장미점,2021-10-05,206703.796752722,456647.02082076,2026-04-22 22:31:00,I,03,폐업,2021-10-05 14:31:56,,2017-11-09,,서울특별시 중랑구 묵동 238번지 105호 1층,PHMH320173060034087500058,3060000,"서울특별시 중랑구 동일로163길 10, 1층 (묵동)",02005,03,폐업,55,,,
씨유 면목장평교점,2021-07-16,207053.593594099,452290.247747455,2026-04-22 22:31:00,I,03,폐업,2021-07-19 13:42:27,,2017-12-22,,"서울특별시 중랑구 면목동 715번지 늘푸른동아아파트 상가동 1층 6,7호",PHMH320173060034087500062,3060000,"서울특별시 중랑구 동일로 476, 상가동 1층 6,7호 (면목동, 늘푸른동아아파트)",02247,03,폐업,66,,,02-495-9178
세븐일레븐 신내참좋은점,2021-07-15,208756.505922573,455375.57005751,2026-04-22 22:31:00,I,03,폐업,2023-04-25 15:40:35,,2017-12-29,,서울특별시 중랑구 신내동 800번지 동광오뜨빌 1층 102호,PHMH320173060034087500063,3060000,"서울특별시 중랑구 용마산로117길 8, 1층 102호 (신내동, 동광오뜨빌)",02072,03,폐업,65,,,
씨유 망우금란점,2020-09-18,209158.629853248,455439.572305693,2026-04-22 22:31:00,I,03,폐업,2020-09-18 16:54:47,,2018-01-02,,서울특별시 중랑구 망우동 342번지 24호 1층,PHMH320183060034087500001,3060000,"서울특별시 중랑구 용마산로118길 71, 1층 (망우동)",02066,03,폐업,50,,,02-434-7428
세븐일레븐 중화참좋은점,2018-08-16,207240.775398444,455696.935248162,2026-04-22 22:31:00,I,03,폐업,2018-08-16 14:21:45,,2018-01-23,,서울특별시 중랑구 중화동 23번지 2호 1층,PHMH320183060034087500003,3060000,"서울특별시 중랑구 동일로136나길 37, 1층 (중화동)",02050,03,폐업,50,,,
지에스25 신내새한점,2021-01-07,208889.864990793,455878.542779459,2026-04-22 22:31:01,I,03,폐업,2021-01-08 10:39:31,,2018-01-30,,서울특별시 중랑구 신내동 795번지 새한아파트상가동 1층 111호,PHMH320183060034087500004,3060000,"서울특별시 중랑구 용마산로 616, 1층 상가동 111호 (신내동, 새한아파트)",02058,03,폐업,80,,,
GS25묵동사자점,2025-06-02,206567.564599262,456958.8939914,2026-04-22 22:31:01,I,03,폐업,2025-06-02 15:09:28,,2018-02-01,,서울특별시 중랑구 묵동 233번지 106호 1층,PHMH320183060034087500005,3060000,"서울특별시 중랑구 중랑역로 239, 1층 (묵동)",02001,03,폐업,83,,,
지에스25  면목황금점,2020-08-01,208194.78218414,453653.615226756,2026-04-22 22:31:01,I,03,폐업,2020-07-28 15:48:18,,2018-02-22,,서울특별시 중랑구 면목동 64번지 1호 1층,PHMH320183060034087500006,3060000,"서울특별시 중랑구 용마산로81길 13, 1층 (면목동)",02208,03,폐업,53,,,02-433-6280
CU중랑경찰서점,2022-04-01,206691.760597615,456039.62716713,2026-04-22 22:31:01,I,03,폐업,2022-04-01 17:10:55,,2018-03-02,,서울특별시 중랑구 묵동 246번지 39호 1층,PHMH320183060034087500008,3060000,"서울특별시 중랑구 중랑역로 147, 1층 (묵동)",02011,03,폐업,56,,,02-949-7392
GS25상봉주한,2020-06-26,207550.019627196,454666.621709646,2026-04-22 22:31:01,I,03,폐업,2020-06-26 16:10:14,,2018-04-13,,서울특별시 중랑구 상봉동 107번지 26호 1층,PHMH320183060034087500010,3060000,"서울특별시 중랑구 면목로 476, 1층 (상봉동)",02154,03,폐업,43,,,02-433-3014
미니스톱 신내점,2020-04-13,208478.949850502,456167.614560351,2026-04-22 22:31:01,I,03,폐업,2020-04-13 11:13:05,,2018-04-26,,서울특별시 중랑구 신내동 613번지 71호 부영빌딩 1층103호,PHMH320183060034087500013,3060000,"서울특별시 중랑구 봉화산로 217, 부영빌딩 1층103호 (신내동)",02054,03,폐업,109,,,
CU상봉듀오트리스점,2023-11-23,208076.386740844,455017.528646426,2026-04-22 22:31:01,I,03,폐업,2023-11-23 13:04:50,,2018-05-29,,서울특별시 중랑구 상봉동 501번지 상봉 듀오트리스 1층 1호,PHMH320183060034087500014,3060000,"서울특별시 중랑구 상봉로 131, 1층 1호 (상봉동, 상봉 듀오트리스)",02150,03,폐업,30,,,02-435-7162
GS25 동부시장점,2020-07-17,206807.690776656,454279.576512807,2026-04-22 22:31:01,I,03,폐업,2020-07-20 09:52:00,,2018-07-18,,서울특별시 중랑구 면목동 183번지 24호 1층,PHMH320183060034087500020,3060000,"서울특별시 중랑구 봉우재로 41, 1층 (면목동)",02129,03,폐업,42,,,02-496-2974
세븐일레븐 신내중앙점,2021-07-07,208587.223238637,455842.397153561,2026-04-22 22:31:07,I,03,폐업,2021-07-09 15:44:48,,2018-08-01,,서울특별시 중랑구 신내동 473번지 3호 1층,PHMH320183060034087500022,3060000,"서울특별시 중랑구 용마산로125가길 47, 1층 (신내동)",02070,03,폐업,106,,,
세븐일레븐 묵동중앙점,2023-06-13,206616.532700226,456755.261506786,2026-04-22 22:31:01,I,03,폐업,2023-06-13 13:17:06,,2018-08-02,,서울특별시 중랑구 묵동 238번지 29호 1층,PHMH320183060034087500023,3060000,"서울특별시 중랑구 중랑역로 222, 1층 (묵동)",02005,03,폐업,49,,,
지에스(GS)25 중화다미소,2023-08-11,206994.154050121,455522.929612313,2026-04-22 22:31:01,I,03,폐업,2023-08-11 17:13:30,,2018-08-03,,서울특별시 중랑구 중화동 286번지 22호 청원다미소아파트 1층근생102~ 104호,PHMH320183060034087500024,3060000,"서울특별시 중랑구 동일로136길 10, 1층 근생102~104호 (중화동, 청원다미소아파트)",02051,03,폐업,76,,,02-2209-4959
세븐일레븐 중화참좋은점,2020-05-21,207240.775398444,455696.935248162,2026-04-22 22:31:01,I,03,폐업,2020-05-21 15:27:00,,2018-08-16,,서울특별시 중랑구 중화동 23번지 2호 1층,PHMH320183060034087500027,3060000,"서울특별시 중랑구 동일로136나길 37, 1층 (중화동)",02050,03,폐업,33,,,
지에스(GS)25 상봉대광점,2023-10-05,207127.729801437,454555.683097599,2026-04-22 22:31:01,I,03,폐업,2023-10-12 15:57:38,,2018-09-28,,서울특별시 중랑구 상봉동 122번지 43호 1층,PHMH320183060034087500030,3060000,"서울특별시 중랑구 동일로114길 20, 1층 (상봉동)",02139,03,폐업,53,,,
지에스25 상봉하나점,2020-10-05,207982.810825453,454980.023827024,2026-04-22 22:31:01,I,03,폐업,2020-10-06 13:39:46,,2018-10-04,,서울특별시 중랑구 상봉동 81번지 5호 한일써너스빌 101동 1층114호,PHMH320183060034087500031,3060000,"서울특별시 중랑구 망우로 346, 101동 1층 114호 (상봉동, 한일써너스빌아파트)",02150,03,폐업,50,,,
지에스25 중화본점,2024-10-10,207198.660065065,455559.106377456,2026-04-22 22:31:01,I,03,폐업,2024-10-10 15:29:05,,2018-10-25,,서울특별시 중랑구 중화동 87번지 6호 1층,PHMH320183060034087500032,3060000,"서울특별시 중랑구 봉화산로21길 14-8, 1층 (중화동)",02049,03,폐업,83,,,
지에스25(GS25) 화랑대역,2024-04-22,207357.595177869,457462.766652935,2026-04-22 22:31:01,I,03,폐업,2024-04-22 16:17:09,,2018-10-26,,서울특별시 중랑구 묵동 2번지 현동학당 1층107호,PHMH320183060034087500033,3060000,"서울특별시 중랑구 신내로25가길 2, 현동학당 1층 107호 (묵동)",02021,03,폐업,60,,,
지에스(GS)25 중랑면목점,2024-09-27,207574.017340683,452808.828351677,2026-04-22 22:31:01,I,03,폐업,2024-09-27 14:06:59,,2018-10-31,,서울특별시 중랑구 면목동 364번지 1호 1층,PHMH320183060034087500034,3060000,"서울특별시 중랑구 면목로36길 14, 1층 (면목동)",02252,03,폐업,66,,,
지에스(GS)25 면목동일점,2024-03-27,206912.87190594,453607.035882547,2026-04-22 22:31:01,I,03,폐업,2024-03-27 14:12:27,,2019-01-21,,서울특별시 중랑구 면목동 172번지 58호,PHMH320193060034087500002,3060000,"서울특별시 중랑구 동일로95길 9, 1층 (면목동)",02232,03,폐업,84,,,
세븐일레븐중화태릉,2023-07-11,206646.371514179,454919.551481899,2026-04-22 22:31:01,I,03,폐업,2023-07-11 13:20:59,,2019-02-07,,서울특별시 중랑구 중화동 298번지 38호 1층,PHMH320193060034087500004,3060000,"서울특별시 중랑구 중랑역로 28, 1층 (중화동)",02109,03,폐업,50,,,02-433-9004
씨유(CU)중랑퍼스트점,2025-06-09,207029.596728158,455241.564688828,2026-04-22 22:31:01,I,03,폐업,2025-06-09 13:26:53,,2019-02-14,,서울특별시 중랑구 중화동 294번지 1호 1층,PHMH320193060034087500005,3060000,"서울특별시 중랑구 동일로130길 6, 1층 (중화동)",02094,03,폐업,35,,,
지에스25  중화금성점,2020-12-30,206874.701637867,454958.347087094,2026-04-22 22:31:01,I,03,폐업,2021-01-11 13:25:26,,2019-03-15,,서울특별시 중랑구 중화동 296번지 66호 1층,PHMH320193060034087500006,3060000,"서울특별시 중랑구 동일로123나길 15, 1층 (중화동)",02108,03,폐업,,,,02-435-9382
지에스25  면목겸재점,2024-05-07,208167.021532102,454062.858607248,2026-04-22 22:31:01,I,03,폐업,2024-05-07 14:29:22,,2019-04-10,,서울특별시 중랑구 면목동 71번지 23호 1층,PHMH320193060034087500009,3060000,"서울특별시 중랑구 겸재로50길 52, 1층 (면목동)",02202,03,폐업,56,,,
세븐일레븐 면목패션점,2022-08-31,207182.966980519,453894.884010839,2026-04-22 22:31:01,I,03,폐업,2022-08-31 10:06:19,,2019-04-12,,서울특별시 중랑구 면목동 148번지 9호 가나빌딩,PHMH320193060034087500010,3060000,"서울특별시 중랑구 겸재로 129, 가나빌딩 1층 (면목동)",02147,03,폐업,58,,,
(주)코리아세븐 용마공원2호점,2022-10-18,208638.730996809,454555.646002178,2026-04-22 22:31:07,I,03,폐업,2022-10-18 15:25:10,,2019-06-19,,서울특별시 중랑구 망우동 457번지 21호 1층,PHMH320193060034087500017,3060000,"서울특별시 중랑구 용마산로 471, 1층 (망우동)",02173,03,폐업,33,,,02-435-4627
이마트24 중화역점,2020-04-29,206913.279104303,455501.808027921,2026-04-22 22:31:08,I,03,폐업,2020-04-29 13:48:37,,2019-06-28,,서울특별시 중랑구 중화동 305번지 42호 1층,PHMH320193060034087500018,3060000,"서울특별시 중랑구 동일로 799, 1층 (중화동)",02017,03,폐업,66,,,
세븐일레븐 면목늘푸른점,2024-08-07,206949.692364552,453453.28377601,2026-04-22 22:31:01,I,03,폐업,2024-08-08 10:34:34,,2019-07-22,,서울특별시 중랑구 면목동 172번지 93호 1층,PHMH320193060034087500022,3060000,"서울특별시 중랑구 동일로 593, 1층 (면목동)",02232,03,폐업,85,,,
세븐일레븐 동일스타점,2024-05-16,206547.917234175,456181.733649973,2026-04-22 22:31:01,I,03,폐업,2024-05-16 10:54:43,,2019-08-07,,서울특별시 중랑구 묵동 243번지 114호 1층,PHMH320193060034087500023,3060000,"서울특별시 중랑구 동일로151길 56, 1층 (묵동)",02008,03,폐업,80,,,
지에스(GS)25 중랑우림점,2023-12-18,208530.547317689,454914.660184546,2026-04-22 22:31:01,I,03,폐업,2023-12-18 15:11:21,,2019-08-23,,서울특별시 중랑구 망우동 462번지 46호 1층,PHMH320193060034087500025,3060000,"서울특별시 중랑구 봉우재로65길 32, 1층 (망우동)",02172,03,폐업,89,,,02-2208-5778
씨유 중랑행복점,2023-04-25,206922.946360663,453940.431806375,2026-04-22 22:31:01,I,03,폐업,2023-04-25 17:01:27,,2019-10-24,,서울특별시 중랑구 면목동 176번지 29호 1층,PHMH320193060034087500028,3060000,"서울특별시 중랑구 동일로99길 11, 1층 (면목동)",02135,03,폐업,37,,,
이마트24 중랑중화점,2022-06-03,206653.60986453,455139.203337512,2026-04-22 22:31:01,I,03,폐업,2022-06-03 14:39:12,,2019-12-16,,서울특별시 중랑구 중화동 316번지 68호 1층,PHMH320193060034087500030,3060000,"서울특별시 중랑구 동일로123길 73, 1층 (중화동)",02106,03,폐업,46,,,070-4042-1990
미니스톱신내점,2020-12-02,208478.949850502,456167.614560351,2026-04-22 22:31:08,I,03,폐업,2020-12-02 13:39:01,,2020-04-13,,서울특별시 중랑구 신내동 613번지 71호 부영빌딩,PHMH320203060034087500006,3060000,"서울특별시 중랑구 봉화산로 217, 부영빌딩 1층 103호 (신내동)",02054,03,폐업,109,,,
세븐일레븐면목겸재로점,2025-03-10,208051.864935298,454025.638670131,2026-04-22 22:31:01,I,03,폐업,2025-03-10 16:39:51,,2020-04-17,,서울특별시 중랑구 면목동 70번지 70호,PHMH320203060034087500007,3060000,서울특별시 중랑구 겸재로50길 28 (면목동),02202,03,폐업,50,,,
이마트24 중화역점,2025-09-05,206913.279104303,455501.808027921,2026-04-22 22:31:01,I,03,폐업,2025-09-05 16:27:49,,2020-04-29,,서울특별시 중랑구 중화동 305번지 42호,PHMH320203060034087500008,3060000,"서울특별시 중랑구 동일로 799, 1층 (중화동)",02017,03,폐업,61,,,
지에스(GS)우림시장점,2025-05-13,208499.929616625,455110.309742294,2026-04-22 22:31:01,I,03,폐업,2025-05-13 17:13:17,,2020-05-04,,서울특별시 중랑구 망우동 491번지 39호 전원슈퍼,PHMH320203060034087500009,3060000,"서울특별시 중랑구 용마산로115길 59, 1층 (망우동)",02167,03,폐업,50,,,
씨유중랑제일점,2023-09-15,207391.963107816,453831.72531495,2026-04-22 22:31:02,I,03,폐업,2023-09-15 14:48:58,,2020-06-02,,서울특별시 중랑구 면목동 542번지 48호 제일마트,PHMH320203060034087500011,3060000,"서울특별시 중랑구 면목로65길 65,   (면목동)",02218,03,폐업,36,,,
지에스25 망우베스트점,2022-02-10,208880.870010901,455222.55860916,2026-04-22 22:31:02,I,03,폐업,2022-02-10 15:49:01,,2020-06-24,,서울특별시 중랑구 망우동 363번지 8호 24시투모로우마트,PHMH320203060034087500015,3060000,"서울특별시 중랑구 용마산로116길 16, 24시투모로우마트 1층 (망우동)",02176,03,폐업,49,,,
지에스25(GS25) 상봉주한,2024-06-26,207550.019627196,454666.621709646,2026-04-22 22:31:02,I,03,폐업,2024-06-26 17:37:49,,2020-06-26,,서울특별시 중랑구 상봉동 107-26,PHMH320203060034087500016,3060000,"서울특별시 중랑구 면목로 476, 1층 (상봉동)",02154,03,폐업,43,,,
씨유 중랑용마점,2021-02-16,207945.180408209,452802.563188392,2026-04-22 22:31:02,I,03,폐업,2021-02-17 15:12:14,,2020-07-13,,서울특별시 중랑구 면목동 1515 성원아파트,PHMH320203060034087500018,3060000,"서울특별시 중랑구 용마산로 276, 성원아파트 상가동 1층 101호 (면목동)",02258,03,폐업,45,,,
씨유중랑센트럴아이파크점,2023-04-28,207235.576171428,453468.014988068,2026-04-22 22:31:02,I,03,폐업,2023-04-28 17:00:48,,2020-07-13,,서울특별시 중랑구 면목동 156-23,PHMH320203060034087500019,3060000,서울특별시 중랑구 동일로92길 49 (면목동),02223,03,폐업,38,,,
씨유 중랑데시앙플렉스점,2022-07-18,209085.926142332,457283.215342184,2026-04-22 22:31:02,I,03,폐업,2022-07-18 16:40:34,,2020-07-20,,서울특별시 중랑구 신내동 262-1,PHMH320203060034087500022,3060000,"서울특별시 중랑구 신내역로3길 40-36, 신내데시앙플렉스 지하1층 RB123,RB124호 (신내동)",02055,03,폐업,93,,,
지에스25 면목황금점,2023-04-19,208194.78218414,453653.615226756,2026-04-22 22:31:02,I,03,폐업,2023-04-19 14:38:10,,2020-08-01,,서울특별시 중랑구 면목동 64-1,PHMH320203060034087500023,3060000,"서울특별시 중랑구 용마산로81길 13, 1층 (면목동)",02208,03,폐업,53,,,
할인마트부흥점(나들가게),2023-07-24,207174.810500583,454200.24716989,2026-04-22 22:31:02,I,03,폐업,2023-07-24 17:14:41,,2020-10-14,,서울특별시 중랑구 면목동 142-43 제일빌리지,PHMH320203060034087500026,3060000,"서울특별시 중랑구 면목천로23길 51 (면목동, 제일빌리지)",02141,03,폐업,112,,,02-491-3368
씨유중랑호야점,2025-10-27,206465.321541553,454132.874160643,2026-04-22 22:31:02,I,03,폐업,2025-10-27 13:48:27,,2020-10-21,,서울특별시 중랑구 면목동 191-88,PHMH320203060034087500028,3060000,서울특별시 중랑구 봉우재로 5 (면목동),02127,03,폐업,52,,,02-2208-1230
롯데씨브이에스711 면목센터점,2023-07-07,207024.072457716,452449.038404575,2026-04-22 22:31:08,I,03,폐업,2023-07-07 14:32:12,,2020-11-03,,서울특별시 중랑구 면목동 720-6 센타빌딩,PHMH320203060034087500030,3060000,"서울특별시 중랑구 동일로 492, 센타빌딩 1층 (면목동)",02242,03,폐업,99,,,
세븐일레븐 중랑망우점,2024-08-09,208427.897097576,454863.098701765,2026-04-22 22:31:02,I,03,폐업,2024-08-09 16:10:32,,2021-01-06,,서울특별시 중랑구 망우동 509-20,PHMH320213060034087500001,3060000,"서울특별시 중랑구 상봉로26길 55, 1층 (망우동)",02168,03,폐업,43,,,
지에스(GS)25 신내새한점,2024-04-22,208889.864990793,455878.542779459,2026-04-22 22:31:02,I,03,폐업,2024-04-22 13:36:30,,2021-01-07,,서울특별시 중랑구 신내동 795 새한아파트,PHMH320213060034087500002,3060000,"서울특별시 중랑구 용마산로 616, 상가동 111호 (신내동, 새한아파트)",02058,03,폐업,99,,,
씨유 양원역점,2022-05-10,209420.686897408,456112.151908611,2026-04-22 22:31:02,I,03,폐업,2022-05-10 15:26:19,,2021-01-22,,서울특별시 중랑구 망우동 256-14,PHMH320213060034087500003,3060000,"서울특별시 중랑구 양원역로14길 15, 1층 101호 (망우동)",02057,03,폐업,68,,,
세븐일레븐 면목아름점,2023-05-17,206858.791111224,453702.89360652,2026-04-22 22:31:02,I,03,폐업,2023-05-17 15:18:41,,2021-03-22,,서울특별시 중랑구 면목동 175-43,PHMH320213060034087500006,3060000,"서울특별시 중랑구 겸재로10길 13, 1층 (면목동)",02231,03,폐업,76,,,
세븐일레븐 망우역점,2022-06-10,208184.326061834,455200.329632942,2026-04-22 22:31:02,I,03,폐업,2022-06-10 14:53:05,,2021-04-01,,서울특별시 중랑구 상봉동 50-8,PHMH320213060034087500007,3060000,"서울특별시 중랑구 망우로55길 25, 1층 104-105호 (상봉동)",02086,03,폐업,60,,,
CU 중화점,2022-06-02,206890.050493555,455699.53266546,2026-04-22 22:31:08,I,03,폐업,2022-06-02 17:13:40,,2021-04-21,,서울특별시 중랑구 중화동 307-15 훼미리마트,PHMH320213060034087500010,3060000,"서울특별시 중랑구 동일로 819, 훼미리마트 (중화동)",02014,03,폐업,163,,,02-439-3216
(주)코리아세븐 면목시장점,2025-05-23,207450.883217251,452704.923795909,2026-04-22 22:31:08,I,03,폐업,2025-05-23 13:13:00,,2021-05-20,,서울특별시 중랑구 면목동 369-1 협성슈퍼,PHMH320213060034087500014,3060000,"서울특별시 중랑구 면목로33길 11, 협성슈퍼 (면목동)",02244,03,폐업,40,,,02-432-2378
이마트24 면목미래점,2025-05-07,207807.163576692,453830.371127785,2026-04-22 22:31:02,I,03,폐업,2025-05-08 09:31:14,,2021-05-31,,서울특별시 중랑구 면목동 108-67 극동하이츠빌3차,PHMH320213060034087500015,3060000,"서울특별시 중랑구 면목로72가길 19, 1층 101호 (면목동, 극동하이츠빌3차)",02197,03,폐업,30,,,070-4179-8483
(주)코리아세븐 묵동화랑점,2025-05-30,207073.722515668,457208.857551996,2026-04-22 22:31:07,I,03,폐업,2025-06-20 14:10:54,,2021-06-08,,서울특별시 중랑구 묵동 156-24 영광암,PHMH320213060034087500016,3060000,"서울특별시 중랑구 공릉로12가길 27, 영광암 1층 (묵동)",02019,03,폐업,65,,,
씨유 상봉무지개점,2023-02-15,207646.140328058,455607.212185672,2026-04-22 22:31:02,I,03,폐업,2023-02-17 11:05:21,,2021-06-30,,서울특별시 중랑구 상봉동 300-2,PHMH320213060034087500019,3060000,"서울특별시 중랑구 상봉중앙로 62, 1층 (상봉동)",02074,03,폐업,82,,,02-2208-7016
씨유 상봉스타점,2023-06-12,207460.044753955,454490.165376876,2026-04-22 22:31:02,I,03,폐업,2023-06-13 08:40:12,,2021-09-03,,서울특별시 중랑구 상봉동 109-34 역세권청년주택,PHMH320213060034087500027,3060000,"서울특별시 중랑구 봉우재로 111, 1층 101, 102호 (상봉동, 역세권청년주택)",02138,03,폐업,74,,,
지에스(GS)25신내스타점,2025-06-25,209625.385161432,456321.340184911,2026-04-22 22:31:02,I,03,폐업,2025-06-27 09:19:42,,2021-09-24,,서울특별시 중랑구 망우동 0 신내역 금강펜테리움 센트럴파크,PHMH320213060034087500028,3060000,"서울특별시 중랑구 용마산로136길 160, 101동  층 102호 (망우동, 신내역 금강펜테리움 센트럴파크)",02057,03,폐업,56,,,
씨유 망우점,2024-06-13,208551.690202466,455188.037259512,2026-04-22 22:31:02,I,03,폐업,2024-06-13 13:41:59,,2021-12-30,,서울특별시 중랑구 망우동 470-10 삼부빌딩,PHMH320213060034087500035,3060000,"서울특별시 중랑구 망우로 410, 삼부빌딩 1층 (망우동)",02164,03,폐업,140,,,
GS25먹골보람,2023-07-19,206859.335695194,456604.826307224,2026-04-22 22:31:03,I,03,폐업,2023-07-19 13:22:22,,2022-03-21,,서울특별시 중랑구 묵동 176-39 칼튼테라스,PHMH320223060034087500007,3060000,"서울특별시 중랑구 공릉로2길 8-4, 112호 (묵동, 칼튼테라스)",02037,03,폐업,9,,,
씨유면목빌리지점,2022-10-07,207069.730644641,453759.758449003,2026-04-22 22:31:03,I,03,폐업,2022-10-07 15:47:15,,2022-05-09,,서울특별시 중랑구 면목동 152-19 행운마트,PHMH320223060034087500009,3060000,"서울특별시 중랑구 겸재로18길 13, 행운마트 1층 (면목동)",02215,03,폐업,46,,,
씨유신내IC점,2025-09-12,208867.971587228,456998.820824509,2026-04-22 22:31:04,I,03,폐업,2025-09-12 15:16:23,,2022-05-16,,서울특별시 중랑구 신내동 344-1,PHMH320223060034087500013,3060000,"서울특별시 중랑구 용마산로139가길 16, 1층 (신내동)",02052,03,폐업,99,,,
씨유 사가정아이파크점,2025-04-09,207144.00170008,453343.919086938,2026-04-22 22:31:04,I,03,폐업,2025-04-09 14:37:30,,2022-05-31,,서울특별시 중랑구 면목동 1545 사가정 센트럴 아이파크,PHMH320223060034087500016,3060000,"서울특별시 중랑구 동일로92길 40, 2동 104호 (면목동, 사가정 센트럴 아이파크)",02225,03,폐업,53,,,
(주)코리아세븐 중랑신내로점,2024-08-26,208481.796116587,455288.173094563,2026-04-22 22:31:07,I,03,폐업,2024-08-26 15:52:58,,2022-07-27,,서울특별시 중랑구 신내동 495-8,PHMH320223060034087500019,3060000,"서울특별시 중랑구 신내로 7, 1층 (신내동)",02086,03,폐업,50,,,
GS25 망우미디어,2024-12-16,209061.905619542,455577.992446458,2026-04-22 22:31:05,I,03,폐업,2024-12-16 15:19:39,,2023-01-31,,서울특별시 중랑구 망우동 342-1,PHMH320233060034087500003,3060000,"서울특별시 중랑구 망우로73길 46, 1층 (망우동)",02066,03,폐업,9,,,
이마트24 상봉대광점,2025-03-10,207127.729801437,454555.683097599,2026-04-22 22:31:05,I,03,폐업,2025-03-10 17:42:03,,2023-11-14,,서울특별시 중랑구 상봉동 122-43,PHMH320233060034087500023,3060000,"서울특별시 중랑구 동일로114길 20, 1층 (상봉동)",02139,03,폐업,53,,,
씨유송현주공점,2020-02-07,167730.965077057,441981.863326906,2026-04-22 22:30:54,I,03,폐업,2020-02-10 09:43:47,,2012-11-02,401-809,인천광역시 동구 송현동,PHMH320123500020087500001,3500000,인천광역시 동구 송현로 37-1 (송현동),22546,03,폐업,,,,
씨유송현시장점,2025-09-17,167546.829004237,441687.306605061,2026-04-22 22:30:54,I,03,폐업,2025-09-18 10:48:37,,2012-11-09,401-040,인천광역시 동구 송현동,PHMH320123500020087500004,3500000,인천광역시 동구 솔빛로 5 (송현동),22548,03,폐업,,,,
GS25송림아이원점,2014-02-04,168979.055515277,442202.13749831,2026-04-22 22:30:54,I,03,폐업,2014-02-05 09:19:19,,2012-11-26,401-822,인천광역시 동구 송림동,PHMH320123500020087500005,3500000,인천광역시 동구 송미로24번길 17-8 (송림동),,03,폐업,,,,
GS25  동구화평점,2020-08-07,167291.286733408,441876.557301771,2026-04-22 22:30:54,I,03,폐업,2025-08-08 14:55:39,,2012-11-30,,,PHMH320123500020087500006,3500000,인천광역시 동구 화도진로 75 (화평동),22519,03,폐업,,,,
세븐일레븐인천화도진공원점,2015-09-15,166987.840964754,442176.894419225,2026-04-22 22:30:54,I,03,폐업,2015-10-21 17:54:50,,2012-12-20,401-020,인천광역시 동구 화수동,PHMH320123500020087500007,3500000,인천광역시 동구 화도진로 109 (화수동),22510,03,폐업,,,,
Gs25아이원점,2025-10-22,168979.055515277,442202.13749831,2026-04-22 22:30:54,I,03,폐업,2025-10-23 11:35:47,,2014-02-04,,,PHMH320143500020087500001,3500000,"인천광역시 동구 송미로24번길 17-8 (송림동, 송림아이원@상가)",22535,03,폐업,,,,032-777-7754
씨유 동구화도진점,2016-12-30,167186.099024893,442033.234098077,2026-04-22 22:30:54,I,03,폐업,2016-12-30 12:41:55,,2015-01-28,,,PHMH320153500020087500001,3500000,인천광역시 동구 화도진로 96 (화평동),22518,03,폐업,79,,,032-766-3313
GS25 송림오거리점,2019-07-29,168558.709212438,441568.416283061,2026-04-22 22:30:54,I,03,폐업,2019-07-30 09:00:59,,2015-04-24,,,PHMH320153500020087500002,3500000,"인천광역시 동구 송림로 96, 103호 (송림동)",22558,03,폐업,56,,,
위드미 인천화수점,2019-03-04,167480.091165957,442342.368448788,2026-04-22 22:30:54,I,03,폐업,2019-03-05 08:18:01,,2015-06-11,401-803,인천광역시 동구 화수동 275번지 5호,PHMH320153500020087500004,3500000,인천광역시 동구 화수로 43 (화수동),22521,03,폐업,56,,,
세븐일레븐 동구화수점,2019-05-13,167444.04923491,442389.792354832,2026-04-22 22:30:54,I,03,폐업,2019-05-14 08:56:54,,2015-06-12,,,PHMH320153500020087500005,3500000,"인천광역시 동구 화수로 49, 1층 (화수동)",22516,03,폐업,26,,,
에이머스써치,2016-12-31,168650.134781018,441328.743486332,2026-04-22 22:30:54,I,03,폐업,2017-01-03 16:12:41,,2015-10-07,,인천광역시 동구 송림동 71번지 2호,PHMH320153500020087500009,3500000,인천광역시 동구 동산로 69 (송림동),22561,03,폐업,79,,,
세븐일레븐 화도진공원점,2024-09-06,166987.840964754,442176.894419225,2026-04-22 22:30:54,I,03,폐업,2024-09-06 13:19:22,,2015-10-21,,,PHMH320153500020087500010,3500000,"인천광역시 동구 화도진로 109, 105호호 (화수동, 화도진그린빌 상가)",22510,03,폐업,26,,,032-765-9447
세븐일레븐 동인천다인점,2019-12-02,167300.724060015,441742.061766689,2026-04-22 22:30:54,I,03,폐업,2019-12-03 07:49:26,,2016-01-06,,,PHMH320163500020087500001,3500000,인천광역시 동구 송화로 2 (화평동),22519,03,폐업,66,,,032-777-7265
위드미 인천금곡점,2018-03-19,168118.059786252,441294.892191364,2026-04-22 22:30:54,I,03,폐업,2018-03-20 15:58:01,,2016-04-08,,,PHMH320163500020087500003,3500000,"인천광역시 동구 금곡로 42, 1층 (금곡동)",22563,03,폐업,50,,,
CU동구화도진점,2017-06-15,167186.099024893,442033.234098077,2026-04-22 22:30:54,I,03,폐업,2017-06-15 17:54:04,,2017-01-17,,,PHMH320173500020087500001,3500000,"인천광역시 동구 화도진로 96 (화평동, 세진빌딩)",22518,03,폐업,79,,,
씨유 송현공단점,2025-05-10,168740.383271706,442912.658471576,2026-04-22 22:30:54,I,03,폐업,2025-05-02 15:56:22,,2017-04-11,,,PHMH320173500020087500003,3500000,"인천광역시 동구 중봉대로 100, 1층 (송현동, 중앙산업빌딩)",22526,03,폐업,132,,,032-766-3585
씨유동구화도진점,2018-10-29,167186.099024893,442033.234098077,2026-04-22 22:30:54,I,03,폐업,2018-10-29 16:09:41,,2017-06-19,,,PHMH320173500020087500004,3500000,"인천광역시 동구 화도진로 96, 1층 (화평동, 세진빌딩)",22518,03,폐업,79,,,032-766-3313
이마트24 동구동산점,2019-05-03,168970.526335704,441103.709848189,2026-04-22 22:30:54,I,03,폐업,2019-05-07 09:58:43,,2017-08-18,,,PHMH320173500020087500006,3500000,"인천광역시 동구 새천년로 36, 1층 (송림동)",22574,03,폐업,85,,,
세븐일레븐 인천 금곡점,2023-08-02,168118.059786252,441294.892191364,2026-04-22 22:30:54,I,03,폐업,2023-08-02 16:16:10,,2018-03-28,,,PHMH320183500020087500001,3500000,"인천광역시 동구 금곡로 42, 1층 (금곡동)",22563,03,폐업,99,,,
GS25 송림오거리점,2021-10-26,168558.709212438,441568.416283061,2026-04-22 22:30:55,I,03,폐업,2021-10-27 16:49:10,,2019-07-30,,인천광역시 동구 송림동 60번지 5호 송림메디칼,PHMH320193500020087500003,3500000,"인천광역시 동구 송림로 96, 송림메디칼 103호 (송림동)",22558,03,폐업,50,,,
씨유 동구만석부두점,2025-10-13,166438.030530496,442873.944333774,2026-04-22 22:30:55,I,03,폐업,2025-10-13 13:04:50,,2021-02-19,,인천광역시 동구 만석동 9-330,PHMH320213500020087500001,3500000,"인천광역시 동구 보세로 19, 1층 (만석동)",22500,03,폐업,40,,,
씨유송현하늘점,2022-03-25,169101.8,442916.719,2026-04-22 22:30:55,I,03,폐업,2022-03-28 09:00:50,,2021-02-25,,인천광역시 동구 송현동 128-11,PHMH320213500020087500002,3500000,"인천광역시 동구 방축로37번길 37, 102,103호 (송현동)",22527,03,폐업,133,,,
세븐일레븐 송림우정점,2023-04-05,169291.385854123,441913.152427626,2026-04-22 22:30:55,I,03,폐업,2023-04-05 17:25:25,,2022-05-13,,인천광역시 동구 송림동 291-5,PHMH320223500020087500002,3500000,"인천광역시 동구 연송로 4, 1층 (송림동)",22569,03,폐업,,,,
세븐일레븐 편의점(인천송림센터점),2024-08-20,168791.357755007,442316.854219382,2026-04-22 22:30:55,I,03,폐업,2024-08-20 17:14:57,,2022-11-21,,인천광역시 동구 송림동 11-101,PHMH320223500020087500006,3500000,"인천광역시 동구 송미로23번길 21, 102호 (송림동)",22534,03,폐업,,,,
세븐일레븐 송림우정점,2024-08-09,169291.385854123,441913.152427626,2026-04-22 22:30:55,I,03,폐업,2024-08-20 17:37:28,,2023-06-05,,인천광역시 동구 송림동 291-5,PHMH320233500020087500001,3500000,"인천광역시 동구 연송로 4, 1층 (송림동)",22569,03,폐업,,,,
씨유 화도진유경점,2024-08-23,167201.418357973,442267.837652428,2026-04-22 22:30:55,I,03,폐업,2024-08-23 17:42:17,,2023-09-18,,,PHMH320233500020087500004,3500000,"인천광역시 동구 화도로 51, 1층 (화수동)",22517,03,폐업,102,,,
씨유 화도진유경점,2025-11-28,167201.418357973,442267.837652428,2026-04-22 22:30:55,I,03,폐업,2025-11-28 13:14:31,,2024-08-23,,인천광역시 동구 화수동 243,PHMH320243500020087500003,3500000,"인천광역시 동구 화도로 51, 1층 (화수동)",22517,03,폐업,78,,,
