영업장주변구분명,건물소유구분명,사업장명,업태구분명,폐업일자,좌표X,좌표Y,데이터갱신시점,데이터갱신구분,상세영업상태코드,상세영업상태명,시설총규모,공장사무직직원수,공장생산직직원수,공장판매직직원수,여성종사자수,등급구분명,보증액,본사직원수,홈페이지,최종수정시점,인허가일자,소재지면적,소재지우편번호,지번주소,다중이용업소여부,남성종사자수,관리번호,월세액,개방자치단체코드,도로명주소,도로명우편번호,영업상태구분코드,영업상태명,위생업태명,소재지전화번호,전통업소지정번호,전통업소주된음식,급수시설구분명
주택가주변,,곰달래순대국,분식,1998-07-03,185674.843090998,447564.214060938,2026-05-01 22:35:24,I,02,폐업,21.12,,,,2,갑,,,,2001-09-28 00:00:00,1989-10-24,21.12,157-883,서울특별시 강서구 화곡동 357-24,N,0,3150000-101-1989-03050,,3150000,,,03,폐업,분식,02-694-4521,,,상수도전용
기타,,골목집,경양식,2013-09-11,193162.98232838,449834.304291619,2026-05-01 22:42:19,I,02,폐업,63.69,,,,0,기타,,,,2013-09-24 09:30:21,1994-11-29,63.69,121-837,서울특별시 마포구 서교동 361-11,N,0,3130000-101-1994-03095,,3130000,,,03,폐업,경양식,02-333-5318,,,상수도전용
주택가주변,,마리나,정종/대포집/소주방,2001-05-17,193190.814390727,452979.26212935,2026-05-01 22:40:28,I,02,폐업,71.4,,,,0,을,,,,2001-05-18 00:00:00,1998-08-21,71.40,120-807,서울특별시 서대문구 남가좌동 343-8,N,0,3120000-101-1998-08038,,3120000,,,03,폐업,정종/대포집/소주방,02-374-8745,,,상수도전용
유흥업소밀집지역,,춘돈가스점,분식,1999-01-12,193020.653366586,450030.62929666,2026-05-01 22:42:47,I,02,폐업,47,,,,0,기타,,,,2001-10-04 00:00:00,1996-01-13,47.00,121-838,서울특별시 마포구 서교동 358-58,N,0,3130000-101-1996-06869,,3130000,,,03,폐업,분식,,,,상수도전용
기타,,해남집,한식,1995-10-24,195978.95847132,449621.869807568,2026-05-01 22:41:42,I,02,폐업,19.38,,,,0,을,,,,2001-10-04 00:00:00,1987-11-25,19.38,121-801,서울특별시 마포구 공덕동 105-62,N,1,3130000-101-1987-00271,,3130000,,,03,폐업,한식,02-702-1519,,,상수도전용
유흥업소밀집지역,,황소곱창,한식,2013-10-02,186766.283325394,449982.590020084,2026-05-01 22:35:28,I,02,폐업,43.86,,,,2,을,,,,2011-11-07 08:25:51,1989-06-28,43.86,157-928,서울특별시 강서구 화곡동 1118-2 (지상 1층),N,0,3150000-101-1989-06291,,3150000,"서울특별시 강서구 공항대로46길 93, 1층 (화곡동, 6동)",07657,03,폐업,한식,02-2603-0088,,,상수도전용
아파트지역,,25시보석불가마식당,기타,2002-08-08,173383.493477295,435919.616344878,2026-05-01 22:49:54,I,02,폐업,49.15,,,,0,,,,,2002-01-22 00:00:00,2002-01-22,49.15,406-090,인천광역시 연수구 선학동 352 뉴서울상가1-101호 지하1층,N,0,3520000-101-2002-00031,,3520000,,,03,폐업,기타,,,,상수도전용
주택가주변,,돈초랑,한식,2008-10-31,,,2026-05-01 22:44:08,I,02,폐업,30,,,,0,기타,,,,2005-05-24 00:00:00,2000-02-19,30.00,121-858,서울특별시 마포구 아현동 112-2,N,1,3130000-101-2000-08111,,3130000,,,03,폐업,한식,02-393-3987,,,상수도전용
,,순정하이볼,기타,2024-06-27,185127.285385035,450939.221091497,2026-05-01 22:43:36,I,02,폐업,38.49,,,,,,,,,2024-06-27 09:47:17,2019-06-27,38.49,157-210,서울특별시 강서구 마곡동 772-5 리더스퀘어마곡(지상 1층) 104호,N,,3150000-101-2019-00376,,3150000,"서울특별시 강서구 마곡중앙6로 45, 리더스퀘어마곡 1층 104호 (마곡동)",07802,03,폐업,기타,,,,상수도전용
,,별하나치킨,한식,2003-01-22,193353.297229971,453437.94781609,2026-05-01 22:41:09,I,02,폐업,28.05,,,,0,,,,,2002-02-28 00:00:00,2001-08-17,28.05,120-848,서울특별시 서대문구 홍은동 356-39,N,0,3120000-101-2001-10675,,3120000,,,03,폐업,한식,02-0308-4136,,,
주택가주변,,소라분식,분식,2006-04-13,,,2026-05-01 22:38:12,I,02,폐업,16.65,,,,0,을,,,,2001-09-30 00:00:00,1991-03-15,16.65,120-050,서울특별시 서대문구 냉천동 141-0,N,0,3120000-101-1991-07158,,3120000,,,03,폐업,분식,02-0363-2579,,,상수도전용
,,겸사서울,기타,,193382.874474598,451211.507658215,2026-05-01 22:48:08,I,01,영업,54,,,,,,,,,2025-01-23 17:27:44,2025-01-23,54.00,121-865,서울특별시 마포구 연남동 228-8,N,,3130000-101-2025-00046,,3130000,"서울특별시 마포구 성미산로 184, 2층 202호 (연남동)",03982,01,영업/정상,기타,,,,
,,제주돼지로한판,한식,2022-10-31,190772.616091086,452765.26541532,2026-05-01 22:46:45,I,02,폐업,31.86,,,,,,,,,2022-10-31 11:01:56,2014-12-05,31.86,121-830,서울특별시 마포구 상암동 2-112 1층,N,,3130000-101-2014-00984,,3130000,"서울특별시 마포구 성암로15길 40, 1층 (상암동)",03930,03,폐업,한식,,,,
,,그릭팜 디엠씨(dmc),기타,2022-08-01,191301.032746527,452363.073957913,2026-05-01 22:47:46,I,02,폐업,26.56,,,,,,,,,2022-08-01 09:21:58,2022-01-05,26.56,121-877,서울특별시 마포구 중동 82-10,N,,3130000-101-2022-00005,,3130000,"서울특별시 마포구 성암로11길 16, 1층 (중동)",03933,03,폐업,기타,,,,
,,오빠곱창 도안점,기타,2025-09-21,189558.529977293,451137.309212105,2026-05-01 22:48:12,I,02,폐업,0,,,,,,,,,2025-09-22 04:15:20,2025-09-08,,121-832,서울특별시 마포구 상암동 482-476,N,,3130000-101-2025-00666,,3130000,"서울특별시 마포구 마포나루길 256, 난지한강공원 젊음의광장 (상암동)",03900,03,폐업,기타,,,,
,,별난매운탕,한식,2002-02-28,169163.900770404,435404.861887755,2026-05-01 22:49:39,I,02,폐업,109.02,,,,0,,,,,2001-10-17 00:00:00,1996-07-23,109.02,406-050,"인천광역시 연수구 옥련동 522-15 ,18 B동 2층 205,206호(지상2층)",N,0,3520000-101-1996-00014,,3520000,,,03,폐업,한식,032-831-7153,,,
기타,,형어디가,정종/대포집/소주방,2002-03-14,195120.611376966,453979.25311784,2026-05-01 22:40:54,I,02,폐업,118.7,,,,0,기타,,,,2001-06-18 00:00:00,2000-09-20,118.70,120-856,서울특별시 서대문구 홍제동 174-5,N,0,3120000-101-2000-04922,,3120000,,,03,폐업,정종/대포집/소주방,02-723-1750,,,
학교정화(절대),,통돼지식당,한식,1999-05-27,182932.798329095,451716.793108998,2026-05-01 22:38:49,I,02,폐업,11.64,,,,,기타,,,,2001-09-28 00:00:00,1998-11-10,11.64,157-853,서울특별시 강서구 방화동 647-20,N,1,3150000-101-1998-04282,,3150000,,,03,폐업,한식,02-666-2510,,,상수도전용
주택가주변,,와우분식,분식,2006-04-27,194168.661788001,449177.319954632,2026-05-01 22:44:58,I,02,폐업,11.76,,,,0,자율,,,,2002-05-02 00:00:00,2002-05-02,11.76,121-856,서울특별시 마포구 신수동 387-3,N,0,3130000-101-2002-00246,,3130000,,,03,폐업,분식,02-714-9297,,,상수도전용
,,벌집삼겹살,한식,2019-06-14,189857.566447564,453271.198852486,2026-05-01 22:46:11,I,02,폐업,175.04,,,,,,,,,2019-06-18 12:06:11,2010-04-01,175.04,121-835,서울특별시 마포구 상암동 1590 상암 IT Tower,N,,3130000-101-2010-00154,,3130000,"서울특별시 마포구 월드컵북로 434, 상암 IT Tower 1층 114,115,116호 (상암동)",03922,03,폐업,한식,,,,
,,33떡볶이 랜드마크점,분식,,165931.918226271,434824.864470739,2026-05-01 22:50:42,I,01,영업,34.68,,,,,,,,,2024-07-05 14:51:28,2020-04-22,34.68,406-081,인천광역시 연수구 송도동 310-1 송도 오션파크 베르디움,N,,3520000-101-2020-00124,,3520000,"인천광역시 연수구 랜드마크로 110, 근린생활시설1동 104호 (송도동, 송도 오션파크 베르디움)",22018,01,영업/정상,분식,,,,
,,홍화마라탕,기타,2020-12-11,193274.495221727,450630.686068331,2026-05-01 22:47:14,I,02,폐업,56.2,,,,,,,,,2020-12-11 09:27:38,2018-11-30,56.20,121-816,서울특별시 마포구 동교동 155-16 2층,N,,3130000-101-2018-01064,,3130000,"서울특별시 마포구 양화로19길 2, 2층 (동교동)",03994,03,폐업,기타,,,,
,,철판의정석,한식,2019-12-12,184687.894682539,451746.931471859,2026-05-01 22:42:40,I,02,폐업,46.07,,,,,,,,,2019-12-12 17:20:34,2017-07-17,46.07,157-210,서울특별시 강서구 마곡동 760-2 마곡나루역캐슬파크 (지상 1층) 123호,N,,3150000-101-2017-00343,,3150000,"서울특별시 강서구 마곡중앙로 161-1, 1층 123호 (마곡동, 가양 1동 마곡나루역캐슬파크)",07788,03,폐업,한식,,,,상수도전용
주택가주변,,야키토리 잔잔(합정직영점),일식,,192394.53402322,449676.521606917,2026-05-01 22:43:13,I,01,영업,113.7,,,,1,기타,,,,2023-10-19 20:32:10,1997-09-24,113.70,121-883,서울특별시 마포구 합정동 414-13,N,1,3130000-101-1997-07723,,3130000,서울특별시 마포구 양화로6길 10 (합정동),04046,01,영업/정상,일식,,,,상수도전용
기타,,똘레강스,분식,2001-08-01,192947.07403963,449784.094416787,2026-05-01 22:43:01,I,02,폐업,40.75,,,,0,기타,,,,2001-08-01 00:00:00,1997-09-11,40.75,121-895,서울특별시 마포구 서교동 405-14,N,0,3130000-101-1997-06768,,3130000,,,03,폐업,분식,,,,상수도전용
기타,,소소,일식,2002-08-20,192954.402780289,449687.80287661,2026-05-01 22:43:46,I,02,폐업,46.2,,,,0,기타,,,,2002-08-20 00:00:00,1999-04-19,46.20,121-895,서울특별시 마포구 서교동 408-14,N,0,3130000-101-1999-07232,,3130000,,,03,폐업,일식,02-326-3975,,,상수도전용
,,카페애틱,까페,2014-08-27,192860.609979269,450616.717593705,2026-05-01 22:46:25,I,02,폐업,50,,,,,,,,,2013-06-14 12:01:14,2012-03-14,50.00,121-819,서울특별시 마포구 동교동 203-35,N,,3130000-101-2012-00128,,3130000,"서울특별시 마포구 월드컵북로6길 12-9 (동교동, 지하1층 일부)",03992,03,폐업,까페,,,,
,,비에이치씨(bhc) 합정점,기타,,191713.298565681,449969.62187347,2026-05-01 22:47:55,I,01,영업,33,,,,,,,,,2025-06-09 10:13:50,2023-03-30,33.00,121-887,서울특별시 마포구 합정동 433-62,N,,3130000-101-2023-00283,,3130000,"서울특별시 마포구 포은로 50, 1층 일부호 (합정동)",04021,01,영업/정상,기타,,,,
,,광장타운,호프/통닭,2023-06-05,185442.827170157,449408.208571216,2026-05-01 22:41:50,I,02,폐업,178,,,,,,,,,2023-06-05 13:10:54,2011-03-25,178.00,157-918,서울특별시 강서구 화곡동 1013-1 외 1필지 (지하 1층),N,,3150000-101-2011-00081,,3150000,"서울특별시 강서구 강서로 237, 지하 1층 (화곡동, 3동)",07705,03,폐업,호프/통닭,02-2604-1002,,,상수도전용
유흥업소밀집지역,,아이엠에프소주방,정종/대포집/소주방,2000-04-12,,,2026-05-01 22:40:29,I,02,폐업,31.24,,,,1,을,,,,2000-04-17 00:00:00,1998-05-14,31.24,120-020,서울특별시 서대문구 미근동 163-0,N,,3120000-101-1998-08109,,3120000,,,03,폐업,정종/대포집/소주방,02-0393-9422,,,상수도전용
,,원조감자탕부대찌개전문,한식,2010-10-20,195197.248988543,450383.889585475,2026-05-01 22:46:05,I,02,폐업,70,,,,1,,,,,2009-04-02 11:17:43,2009-03-10,70.00,121-808,서울특별시 마포구 대흥동 2-22 1층,N,1,3130000-101-2009-00087,,3130000,,,03,폐업,한식,,,,상수도전용
주택가주변,,투다리,분식,1996-02-27,192959.92415655,451190.312026258,2026-05-01 22:42:37,I,02,폐업,20.16,,,,0,기타,,,,2001-10-04 00:00:00,1995-09-25,20.16,121-869,서울특별시 마포구 연남동 509-14,N,0,3130000-101-1995-05231,,3130000,,,03,폐업,분식,02-325-2992,,,상수도전용
,,송도야시장,정종/대포집/소주방,2021-01-22,169001.240662438,432863.559657123,2026-05-01 22:50:43,I,02,폐업,111.31,,,,,,,,,2021-01-22 14:18:00,2020-05-28,111.31,406-081,"인천광역시 연수구 송도동 20-23 푸르지오월드마크 2단지 135,145호",N,,3520000-101-2020-00165,,3520000,"인천광역시 연수구 컨벤시아대로 60, 135,145호 (송도동, 푸르지오월드마크)",22001,03,폐업,정종/대포집/소주방,,,,
기타,,대흥식당,한식,2003-05-23,195023.653267897,449313.132648721,2026-05-01 22:42:05,I,02,폐업,35.36,,,,3,을,,,,2000-04-18 00:00:00,1993-12-14,35.36,121-811,서울특별시 마포구 대흥동 468-2,N,0,3130000-101-1993-00837,,3130000,,,03,폐업,한식,02-712-8735,,,상수도전용
,,계절밥상 연수스퀘어원점,뷔페식,2020-09-28,171926.076708191,433811.136423145,2026-05-01 22:50:26,I,02,폐업,694.36,,,,,,,,,2020-09-28 16:00:29,2015-04-29,694.36,406-827,"인천광역시 연수구 동춘동 926 스퀘어원, 지상5층",N,,3520000-101-2015-00112,,3520000,"인천광역시 연수구 청능대로 210, 지상5층 (동춘동, 스퀘어원)",21975,03,폐업,뷔페식,032-456-4481,,,
,,오이삼계탕,탕류(보신용),,167769.693076356,431221.03438664,2026-05-01 22:50:50,I,01,영업,301.19,,,,,,,,,2021-06-24 11:42:46,2021-06-01,301.19,406-081,인천광역시 연수구 송도동 10-39,Y,,3520000-101-2021-00298,,3520000,"인천광역시 연수구 벤처로 10, J.SQUARE B동 2층일부(B203)호 (송도동)",22011,01,영업/정상,탕류(보신용),032-834-5278,,,
주택가주변,,호프뱅크,호프/통닭,2013-06-05,196583.868057127,449934.898617239,2026-05-01 22:45:38,I,02,폐업,97.54,,,,2,,,,,2013-09-24 10:05:11,2005-03-24,97.54,121-861,서울특별시 마포구 아현동 395-4 3층,N,1,3130000-101-2005-00095,,3130000,,,03,폐업,호프/통닭,,,,
,,요수정,한식,,194767.21341757,449435.681487692,2026-05-01 22:47:51,I,01,영업,90.51,,,,,,,,,2022-08-16 09:32:18,2022-08-16,90.51,121-809,서울특별시 마포구 대흥동 248-9,N,,3130000-101-2022-00711,,3130000,"서울특별시 마포구 대흥로 80-2, 2층 (대흥동)",04149,01,영업/정상,한식,,,,
기타,,돌하르방,일식,2007-06-04,,,2026-05-01 22:42:50,I,02,폐업,63.24,,,,1,기타,,,,2005-03-19 00:00:00,1997-03-12,63.24,121-805,서울특별시 마포구 공덕동 426-15 1층동,N,1,3130000-101-1997-03877,,3130000,,,03,폐업,일식,02-3273-7711,,,상수도전용
,,닉 하우스 (Nick House),경양식,2025-04-29,193041.153033455,450043.496938045,2026-05-01 22:46:24,I,02,폐업,75.24,,,,,,,,,2025-04-29 13:06:36,2012-01-06,75.24,121-838,서울특별시 마포구 서교동 358-49,N,,3130000-101-2012-00006,,3130000,"서울특별시 마포구 와우산로21길 36-6 (서교동, 1층)",04040,03,폐업,경양식,,,,
,,돈내쟝,식육(숯불구이),2023-07-03,171122.413843144,434882.960698939,2026-05-01 22:50:52,I,02,폐업,18,,,,,,,,,2023-07-03 17:51:36,2022-03-16,18.00,406-831,인천광역시 연수구 청학동 502-2 iMC 9,N,,3520000-101-2022-00084,,3520000,"인천광역시 연수구 청능대로 75, iMC 9 201일부(8)호 (청학동)",21926,03,폐업,식육(숯불구이),,,,
,,봉평메밀국수 공덕점,한식,,195542.119522775,448652.176751796,2026-05-01 22:47:55,I,01,영업,76.44,,,,,,,,,2025-06-09 14:30:11,2023-03-27,76.44,121-815,서울특별시 마포구 도화동 550 삼성아파트,Y,,3130000-101-2023-00262,,3130000,"서울특별시 마포구 도화길 32, 삼성아파트 지1층 120,121,122호 (도화동)",04170,01,영업/정상,한식,,,,
주택가주변,,육도식당,정종/대포집/소주방,2021-08-23,182876.367858149,452247.393831256,2026-05-01 22:41:18,I,02,폐업,114.72,,,,3,,,,,2021-08-23 13:48:35,2008-02-19,114.72,157-850,서울특별시 강서구 방화동 849-0 벽산에어트리움 (지상 1층) 본관동 122~123호,N,1,3150000-101-2008-00042,,3150000,"서울특별시 강서구 양천로 28, 벽산에어트리움 본관동 1층 122~123호 (방화동)",07601,03,폐업,정종/대포집/소주방,02-2662-8833,,,상수도전용
,,해오림,한식,2025-10-30,192344.544098471,452002.278744736,2026-05-01 22:41:58,I,02,폐업,19.44,,,,,,,,,2025-10-30 11:34:27,2008-01-22,19.44,120-805,서울특별시 서대문구 남가좌동 295-5 라동 115호 지상1층,N,,3120000-101-2008-00017,,3120000,"서울특별시 서대문구 수색로 42 (남가좌동,라동 115호 지상1층)",03712,03,폐업,한식,,,,
,,두리족발,한식,2018-04-16,187786.278646737,448166.132916694,2026-05-01 22:42:39,I,02,폐업,33,,,,,,,,,2018-04-16 10:24:48,2017-06-14,33.00,157-837,서울특별시 강서구 등촌동 567-17 (지상 1층),N,,3150000-101-2017-00272,,3150000,"서울특별시 강서구 등촌로13길 12, 1층 (등촌동, 2동)",07733,03,폐업,한식,,,,상수도전용
기타,,햇빛촌,한식,2001-12-07,194715.032290874,449583.354449766,2026-05-01 22:41:40,I,02,폐업,17.41,,,,2,지도,,,,2000-12-02 00:00:00,1986-09-12,17.41,121-809,서울특별시 마포구 대흥동 105-2,N,2,3130000-101-1986-00843,,3130000,,,03,폐업,한식,02-714-0564,,,상수도전용
,,상락푸드(주)강서한강자이,한식,2013-04-01,,,2026-05-01 22:41:50,I,02,폐업,408.2,,,,,,,,,2012-12-21 17:44:13,2011-04-26,408.20,157-801,서울특별시 강서구 가양동 52-1 외 6필지 (지상 1층),N,,3150000-101-2011-00110,,3150000,,,03,폐업,한식,02-2627-5850,,,상수도전용
유흥업소밀집지역,,빌리블루커피호프,경양식,1995-03-07,195124.438236336,450532.009946368,2026-05-01 22:36:27,I,02,폐업,27.88,,,,0,지도,,,,2001-09-30 00:00:00,1980-10-20,27.88,120-808,서울특별시 서대문구 대현동 40-7,N,0,3120000-101-1980-04330,,3120000,,,03,폐업,경양식,02-392-1073,,,상수도전용
,,청양골밥상,한식,2008-10-13,193086.171639658,450993.844393427,2026-05-01 22:45:51,I,02,폐업,30,,,,0,,,,,2006-10-19 00:00:00,2006-10-19,30.00,121-869,서울특별시 마포구 연남동 566-64 1층,N,0,3130000-101-2006-00448,,3130000,,,03,폐업,한식,,,,
유흥업소밀집지역,,몽마르뜨르,경양식,2004-05-01,194601.986089276,450739.794588653,2026-05-01 22:36:48,I,02,폐업,45.63,,,,1,을,,,,2001-09-30 00:00:00,1987-09-04,45.63,120-833,서울특별시 서대문구 창천동 5-23,N,1,3120000-101-1987-01242,,3120000,,,03,폐업,경양식,02-313-6690,,,상수도전용
,,할리우드(Hollywood),뷔페식,,192311.642580307,449855.643910445,2026-05-01 22:48:07,I,01,영업,66.6,,,,,,,,,2024-11-18 13:23:04,2024-11-18,66.60,121-919,서울특별시 마포구 서교동 490 메세나폴리스,N,,3130000-101-2024-00979,,3130000,"서울특별시 마포구 양화로 45, 몰동 1층 173호 (서교동, 메세나폴리스)",04036,01,영업/정상,뷔페식,,,,
기타,,러브보트,경양식,1992-08-01,194280.603052896,450616.091209224,2026-05-01 22:36:40,I,02,폐업,29.84,,,,0,지도,,,,2001-09-30 00:00:00,1985-12-20,29.84,120-834,서울특별시 서대문구 창천동 52-51,N,1,3120000-101-1985-01262,,3120000,,,03,폐업,경양식,02-0323-9257,00032,갈비탕,상수도전용
기타,,짱보고포장마차,분식,1999-07-12,192961.542553116,450401.258351221,2026-05-01 22:43:39,I,02,폐업,114.39,,,,0,기타,,,,2000-03-13 00:00:00,1998-09-24,114.39,121-898,서울특별시 마포구 동교동 161-8,N,0,3130000-101-1998-04921,,3130000,,,03,폐업,분식,,,,상수도전용
주택가주변,,육쌈냉면,한식,2024-04-17,193005.258268135,449943.554260154,2026-05-01 22:45:01,I,02,폐업,54.5,,,,3,,,,,2024-05-17 14:45:55,2002-07-08,54.50,121-893,서울특별시 마포구 서교동 364-18,N,1,3130000-101-2002-00403,,3130000,"서울특별시 마포구 어울마당로 76, 2층 (서교동)",04041,03,폐업,한식,02-334-6392,,,상수도전용
,,미미사천마라탕 아현점,김밥(도시락),,196030.251461454,451095.881544883,2026-05-01 22:41:18,I,01,영업,29.2,,,,0,,,,,2025-12-15 10:44:58,2002-12-13,29.20,120-818,서울특별시 서대문구 북아현동 3-198 (지상1층),N,0,3120000-101-2002-00587,,3120000,"서울특별시 서대문구 북아현로 54 (북아현동,(지상1층))",03750,01,영업/정상,김밥(도시락),02-364-1003,,,
,,진고카레,경양식,2019-12-23,193269.534854976,450194.349248023,2026-05-01 22:47:12,I,02,폐업,22.35,,,,,,,,,2019-12-23 13:13:04,2018-08-13,22.35,121-837,서울특별시 마포구 서교동 342-16 信和빌딩,N,,3130000-101-2018-00728,,3130000,"서울특별시 마포구 와우산로23길 18-7, 信和빌딩 1층 (서교동)",04054,03,폐업,경양식,,,,
,,다모아분식,분식,2006-05-22,192377.125905714,449534.275045822,2026-05-01 22:45:11,I,02,폐업,36.24,,,,1,,,,,2004-11-09 00:00:00,2003-01-13,36.24,121-897,서울특별시 마포구 합정동 372-29 외2필지,N,0,3130000-101-2003-00022,,3130000,,,03,폐업,분식,,,,상수도전용
,,풍천장어,일식,2011-07-21,185477.88942406,448295.581478104,2026-05-01 22:40:43,I,02,폐업,42.18,,,,0,,,,,2010-06-17 16:45:14,2003-10-24,42.18,157-884,서울특별시 강서구 화곡동 372-42 (지상 1층),N,0,3150000-101-2003-00646,,3150000,,,03,폐업,일식,,,,
주택가주변,,타임레스토랑,경양식,2002-10-01,,,2026-05-01 22:40:27,I,02,폐업,36.34,,,,0,을,,,,2002-02-18 00:00:00,1998-05-27,36.34,120-803,서울특별시 서대문구 남가좌동 159-2,N,0,3120000-101-1998-06859,,3120000,,,03,폐업,경양식,02-0373-8709,,,상수도전용
,,광장김밥,한식,,167378.726803622,432459.740386361,2026-05-01 22:50:47,I,01,영업,40.46,,,,,,,,,2020-11-30 15:02:07,2020-11-30,40.46,406-081,인천광역시 연수구 송도동 84-2 아트포레 A동 A-127호,N,,3520000-101-2020-00489,,3520000,"인천광역시 연수구 인천타워대로 257, 아트포레 A동 A-127호 (송도동)",22008,01,영업/정상,한식,,,,
,,좋은날,한식,2021-04-26,183394.032235885,452906.521290095,2026-05-01 22:42:25,I,02,폐업,19.85,,,,,,,,,2021-04-26 10:36:33,2016-02-23,19.85,157-857,서울특별시 강서구 방화동 829-5 106호,N,,3150000-101-2016-00055,,3150000,"서울특별시 강서구 금낭화로 145, 1층 106호 (방화동, 3동 에어뷰21-1오피스텔)",07510,03,폐업,한식,02-2666-0930,,,상수도전용
기타,,리틀프랑스,정종/대포집/소주방,2002-04-24,,,2026-05-01 22:40:03,I,02,폐업,61.62,,,,1,기타,,,,2002-02-15 00:00:00,1996-10-14,61.62,120-080,서울특별시 서대문구 현저동 565-0 우성아파트 8동 1701호,N,1,3120000-101-1996-07927,,3120000,,,03,폐업,정종/대포집/소주방,02-324-7516,,,상수도전용
주택가주변,,청기와먹거리식당,한식,2024-11-28,183001.153395361,452285.628632018,2026-05-01 22:38:55,I,02,폐업,52.55,,,,0,,,,,2024-12-02 15:41:05,1998-12-28,52.55,157-850,서울특별시 강서구 방화동 535-15 (지하 1층),N,0,3150000-101-1998-08707,,3150000,"서울특별시 강서구 양천로 40 (방화동,(지하 1층))",07602,03,폐업,한식,02-665-8999,,,상수도전용
기타,,와바,경양식,2019-01-30,194327.326700863,450575.978918883,2026-05-01 22:40:59,I,02,폐업,132,,,,0,기타,,,,2019-01-30 10:44:30,2000-01-10,132.00,120-180,"서울특별시 서대문구 창천동 31-46 ,49",N,0,3120000-101-2000-10120,,3120000,,,03,폐업,경양식,,,,
주택가주변,,까치식당,한식,,183375.349352452,450439.454423346,2026-05-01 22:40:42,I,01,영업,50.31,,,,1,자율,,,,2014-02-10 14:17:57,2003-10-06,50.31,157-818,서울특별시 강서구 공항동 726-0 (지상 1층),N,2,3150000-101-2003-00609,,3150000,"서울특별시 강서구 방화대로7길 64, 1층 (공항동)",07626,01,영업/정상,한식,02-2661-6731,,,상수도전용
기타,,벡,분식,2003-10-08,,,2026-05-01 22:40:57,I,02,폐업,52.4,,,,0,기타,,,,2002-02-15 00:00:00,2000-03-24,52.40,120-807,서울특별시 서대문구 남가좌동 355-17,N,0,3120000-101-2000-08801,,3120000,,,03,폐업,분식,02-334-4441,,,
,,다이브,경양식,2024-12-10,190655.421130038,452917.024286391,2026-05-01 22:47:52,I,02,폐업,81.75,,,,,,,,,2024-12-10 11:49:17,2022-12-07,81.75,121-830,서울특별시 마포구 상암동 4-2 효인빌딩,N,,3130000-101-2022-01059,,3130000,"서울특별시 마포구 매봉산로2길 15, 효인빌딩 2층 202호 (상암동)",03927,03,폐업,경양식,,,,
,,이지요술(Easy Yosul),기타,,191449.659107879,451077.857787725,2026-05-01 22:47:49,I,01,영업,21.2,,,,,,,,,2026-03-06 09:36:58,2022-06-14,21.20,121-826,서울특별시 마포구 망원동 472-13,N,,3130000-101-2022-00488,,3130000,"서울특별시 마포구 방울내로11길 26, 1층 101호 (망원동)",03962,01,영업/정상,기타,,,,
주택가주변,,대경식당,한식,2005-10-31,,,2026-05-01 22:45:21,I,02,폐업,44,,,,0,자율,,,,2003-11-08 00:00:00,2003-11-08,44.00,121-802,서울특별시 마포구 공덕동 129-2 1층,N,0,3130000-101-2003-00635,,3130000,,,03,폐업,한식,02-703-1678,,,상수도전용
,,스시옥,일식,2022-10-12,169000.787685902,433157.802791843,2026-05-01 22:50:53,I,02,폐업,107.39,,,,,,,,,2022-10-12 13:10:26,2022-05-13,107.39,406-081,인천광역시 연수구 송도동 15-10 송도 더 프라우 3단지 302동 103호,N,,3520000-101-2022-00160,,3520000,"인천광역시 연수구 컨벤시아대로42번길 20, 302동 지상1층 103호 (송도동, 송도 더 프라우 3단지)",22001,03,폐업,일식,,,,
,,춘천닭갈비,한식,2016-12-14,169220.864240145,434981.033999477,2026-05-01 22:50:18,I,02,폐업,73.92,,,,,,,,,2014-01-12 11:51:48,2011-12-22,73.92,406-835,인천광역시 연수구 옥련동 562-5 지상1층,N,,3520000-101-2011-00300,,3520000,"인천광역시 연수구 청량로109번길 46 (옥련동, 지상1층)",21945,03,폐업,한식,,,,
기타,,풍년식당,한식,2002-08-20,192454.979766911,449896.698339922,2026-05-01 22:42:14,I,02,폐업,58.17,,,,0,기타,,,,2002-08-20 00:00:00,1994-11-29,58.17,121-839,서울특별시 마포구 서교동 392-14 1층동,N,0,3130000-101-1994-01441,,3130000,,,03,폐업,한식,02-336-9838,,,상수도전용
,,판다셰프,중국식,2022-09-19,185729.290624774,447764.779091241,2026-05-01 22:44:48,I,02,폐업,25,,,,,,,,,2022-09-19 13:18:40,2022-02-21,25.00,157-883,서울특별시 강서구 화곡동 358-10 1층 101호,N,,3150000-101-2022-00105,,3150000,"서울특별시 강서구 곰달래로15길 43, 1층 101호 (화곡동)",07766,03,폐업,중국식,,,,상수도전용
주택가주변,,김밥천국,한식,,188748.874153488,449791.07522178,2026-05-01 22:40:26,I,01,영업,23.1,,,,2,자율,,,,2021-12-24 16:06:41,2003-02-07,23.10,157-861,서울특별시 강서구 염창동 250-16,N,1,3150000-101-2003-00063,,3150000,서울특별시 강서구 양천로 697 (염창동),07540,01,영업/정상,한식,02-3662-5588,,,
기타,,최가네왕족발,한식,2003-06-23,183419.079766711,450445.213464162,2026-05-01 22:35:59,I,02,폐업,18.64,,,,1,기타,,,,2008-07-11 10:56:09,1992-12-05,18.64,157-818,서울특별시 강서구 공항동 733-0,N,0,3150000-101-1992-06074,,3150000,,,03,폐업,한식,02-0664-0428,,,상수도전용
,,남도식당,탕류(보신용),2025-09-01,171435.195,435338.69,2026-05-01 22:50:07,I,02,폐업,53.56,,,,,,,,,2025-09-01 13:31:00,2007-07-27,53.56,406-814,인천광역시 연수구 연수동 543-17 지상1층,N,,3520000-101-2007-00166,,3520000,"인천광역시 연수구 새말로 73 (연수동, 지상1층)",21921,03,폐업,탕류(보신용),032-818-5335,,,
,,황창배미술관 오묘서울,경양식,,193744.749272759,451575.413875169,2026-05-01 22:42:55,I,01,영업,94.35,,,,,,,,,2024-05-24 14:03:45,2018-08-03,94.35,120-825,서울특별시 서대문구 연희동 188-80 1층,N,,3120000-101-2018-00227,,3120000,"서울특별시 서대문구 연희로 89-8, 1층 (연희동)",03708,01,영업/정상,경양식,,,,
기타,,투다리,분식,1999-10-21,192980.814894771,450022.720414242,2026-05-01 22:43:47,I,02,폐업,23.25,,,,0,기타,,,,1999-10-21 00:00:00,1999-10-21,23.25,121-893,서울특별시 마포구 서교동 369-5,N,0,3130000-101-1999-07497,,3130000,,,03,폐업,분식,02-333-2759,,,상수도전용
,,토속골,한식,2005-09-09,183429.434690008,452409.278569475,2026-05-01 22:41:05,I,02,폐업,76.03,,,,,,,,,2005-06-27 00:00:00,2005-06-27,76.03,157-849,서울특별시 강서구 방화동 451-5,N,,3150000-101-2005-00251,,3150000,,,03,폐업,한식,,,,
,,시골설렁탕,한식,2007-04-13,185326.845129818,448232.848772162,2026-05-01 22:41:07,I,02,폐업,65,,,,,,,,,2005-10-21 00:00:00,2005-10-21,65.00,157-884,서울특별시 강서구 화곡동 376-41,N,,3150000-101-2005-00411,,3150000,,,03,폐업,한식,,,,
유흥업소밀집지역,,스마일,경양식,2011-02-23,195153.212273485,448725.074636557,2026-05-01 22:41:53,I,02,폐업,18.9,,,,1,자율,,,,2010-04-07 16:51:56,1990-07-25,18.90,121-704,서울특별시 마포구 도화동 544-0 고려빌딩 지1-동 22호호,N,0,3130000-101-1990-02657,,3130000,,,03,폐업,경양식,02-3273-0346,,,상수도전용
기타,,아침이슬레스토랑,경양식,1992-11-02,195120.611376966,453979.25311784,2026-05-01 22:36:44,I,02,폐업,108.34,,,,1,지도,,,,2001-09-30 00:00:00,1986-05-22,108.34,120-856,서울특별시 서대문구 홍제동 174-5,N,3,3120000-101-1986-01283,,3120000,,,03,폐업,경양식,02-0738-6821,00032,갈비탕,상수도전용
,,"깡치네(44,45,46,47호)",기타,2023-06-04,167634.902703367,433863.609856745,2026-05-01 22:50:57,I,02,폐업,0,,,,,,,,,2023-06-05 04:15:09,2023-06-01,.00,406-081,인천광역시 연수구 송도동 26-1 달빛축제공원,N,,3520000-101-2023-00279,,3520000,"인천광역시 연수구 센트럴로 350, 달빛축제공원 내 부스 44,45,46,47호 (송도동)",22005,03,폐업,기타,,,,
주택가주변,,하루,한식,,194741.489199569,448780.927866155,2026-05-01 22:45:21,I,01,영업,18,,,,0,자율,,,,2021-01-15 13:54:44,2003-11-15,18.00,121-876,서울특별시 마포구 용강동 122-12,N,0,3130000-101-2003-00656,,3130000,"서울특별시 마포구 토정로 288-1 (용강동, 1층)",04163,01,영업/정상,한식,02-716-2384,,,상수도전용
,,리은푸드,기타,2023-04-16,194265.067639805,450433.691021245,2026-05-01 22:44:23,I,02,폐업,0,,,,,,,,,2023-04-17 04:15:09,2023-04-12,,120-706,서울특별시 서대문구 창천동 30-33 현대백화점신촌점,N,,3120000-101-2023-00127,,3120000,"서울특별시 서대문구 신촌로 83, 현대백화점신촌점 B1층 (창천동)",03789,03,폐업,기타,,,,
주택가주변,,미련,분식,2002-11-08,185738.29504051,448513.564318124,2026-05-01 22:34:53,I,02,폐업,26.6,,,,2,지도,,,,2000-06-05 00:00:00,1987-05-29,26.60,157-887,서울특별시 강서구 화곡동 400-66,N,0,3150000-101-1987-03019,,3150000,,,03,폐업,분식,02-691-8985,,,상수도전용
,,"1,2,3철판",한식,2006-04-12,192353.341253728,451107.792171341,2026-05-01 22:45:22,I,02,폐업,29,,,,1,,,,,2005-01-27 00:00:00,2003-11-26,29.00,121-843,서울특별시 마포구 성산동 41-2 1층,N,0,3130000-101-2003-00678,,3130000,,,03,폐업,한식,,,,상수도전용
,,스시강,기타,,192403.503127666,449640.449096255,2026-05-01 22:46:59,I,01,영업,54.09,,,,,,,,,2024-10-18 16:03:03,2016-10-25,54.09,121-883,서울특별시 마포구 합정동 414-18 합정동주상복합건물,N,,3130000-101-2016-00880,,3130000,"서울특별시 마포구 독막로 11-5, B01호 (합정동, 합정동주상복합건물)",04046,01,영업/정상,기타,,,,
,,수정호프,호프/통닭,,186558.959495943,447598.169042113,2026-05-01 22:44:46,I,01,영업,73.88,,,,,,,,,2024-09-02 11:14:32,2022-01-04,73.88,157-908,서울특별시 강서구 화곡동 897-21 2층,N,,3150000-101-2022-00007,,3150000,"서울특별시 강서구 곰달래로 142, 2층 (화곡동)",07781,01,영업/정상,호프/통닭,,,,상수도전용
기타,,복조리식당,한식,2002-05-02,190631.655203507,452726.740426691,2026-05-01 22:41:42,I,02,폐업,93.22,,,,1,지도,,,,2000-04-24 00:00:00,1987-04-18,93.22,121-830,서울특별시 마포구 상암동 35-1,N,1,3130000-101-1987-02171,,3130000,,,03,폐업,한식,02-305-6955,,,상수도전용
유흥업소밀집지역,,아자부,정종/대포집/소주방,2011-09-22,194340.192266546,450571.066472721,2026-05-01 22:40:06,I,02,폐업,167.65,,,,0,기타,,,,2011-03-10 17:00:02,1997-03-28,167.65,120-834,서울특별시 서대문구 창천동 31-45 (지상2층),N,0,3120000-101-1997-02560,,3120000,,,03,폐업,정종/대포집/소주방,02-0334-0823,,,상수도전용
,,어패가 있네,횟집,,171536.181401026,434987.729370522,2026-05-01 22:51:08,I,01,영업,76.9,,,,,,,,,2025-10-22 15:38:23,2024-09-02,76.90,406-818,"인천광역시 연수구 연수동 593 연수푸르지오2단지 지상1층 B-115,116호",N,,3520000-101-2024-00431,,3520000,"인천광역시 연수구 벚꽃로 130-4, 지상1층 B-115,116호 (연수동, 연수푸르지오2단지)",21927,01,영업/정상,횟집,,,,
,,쭈꾸미일당백,한식,2023-03-03,191406.718345685,451465.793127329,2026-05-01 22:46:45,I,02,폐업,90.13,,,,,,,,,2023-03-03 17:12:39,2014-11-11,90.13,121-850,"서울특별시 마포구 성산동 590-5 상암월드시티 201호, 202호",N,,3130000-101-2014-00905,,3130000,"서울특별시 마포구 월드컵로34길 13 (성산동, 상암월드시티 201호, 202호)",03938,03,폐업,한식,02-303-9883,,,
,,엉클인더키친앤베이글로그,"외국음식전문점(인도,태국등)",,169915.128901097,430902.129367551,2026-05-01 22:51:12,I,01,영업,295,,,,,,,,,2025-08-08 15:03:36,2025-08-08,295.00,406-081,"인천광역시 연수구 송도동 176-1 송도 트리플스트리트 B101,B201호 C동",Y,,3520000-101-2025-00333,,3520000,"인천광역시 연수구 송도과학로16번길 33-3, 송도 트리플스트리트 C동 지하1층 및 지하2층 B101,B201호 (송도동)",21984,01,영업/정상,"외국음식전문점(인도,태국등)",032-833-7707,,,
,,쓰리썸즈,까페,2015-05-15,193197.989037683,449985.377985961,2026-05-01 22:46:00,I,02,폐업,74.58,,,,1,,,,,2013-06-24 12:30:58,2007-11-16,74.58,121-837,서울특별시 마포구 서교동 360-5 3층,N,,3130000-101-2007-09651,,3130000,"서울특별시 마포구 와우산로 88, 3층 (서교동)",04067,03,폐업,까페,,,,상수도전용
,,밭딸기,호프/통닭,2013-01-08,,,2026-05-01 22:45:51,I,02,폐업,12.3,,,,0,,,,,2007-05-28 00:00:00,2006-10-25,12.30,121-805,서울특별시 마포구 공덕동 446-24 지상1층,N,0,3130000-101-2006-00463,,3130000,,,03,폐업,호프/통닭,,,,
기타,,종가집,식육(숯불구이),2008-05-08,171653.333992793,434695.217318662,2026-05-01 22:50:03,I,02,폐업,38.7,,,,0,,,,,2005-10-12 00:00:00,2005-10-12,38.70,406-818,인천광역시 연수구 연수동 621-7 102호,N,0,3520000-101-2005-00215,,3520000,,,03,폐업,식육(숯불구이),032-818-9995,,,상수도전용
기타,,하이트하우스,분식,2007-03-30,186953.788700134,447677.93711652,2026-05-01 22:34:30,I,02,폐업,28.88,,,,0,갑,,,,2006-09-29 00:00:00,1981-02-27,28.88,157-904,서울특별시 강서구 화곡동 871-8 1층,N,0,3150000-101-1981-03257,,3150000,,,03,폐업,분식,,,,상수도전용
,,연희보양원,한식,2007-04-25,194184.968764036,452225.606644356,2026-05-01 22:41:05,I,02,폐업,68.5,,,,0,,,,,2003-12-15 00:00:00,2001-06-07,68.50,120-824,서울특별시 서대문구 연희동 81-36,N,0,3120000-101-2001-05193,,3120000,,,03,폐업,한식,02-3142-9675,,,
유흥업소밀집지역,,로빈,정종/대포집/소주방,2004-01-12,187845.120204964,447896.740476391,2026-05-01 22:38:59,I,02,폐업,102.58,,,,1,자율,,,,2001-05-21 00:00:00,1999-07-05,102.58,157-897,서울특별시 강서구 화곡동 776-2,N,1,3150000-101-1999-07382,,3150000,,,03,폐업,정종/대포집/소주방,02-647-7103,,,상수도전용
기타,,월일식당,분식,1999-04-06,195006.767292504,448533.382459215,2026-05-01 22:42:22,I,02,폐업,43.51,,,,1,을,,,,2001-10-04 00:00:00,1994-04-13,43.51,121-050,서울특별시 마포구 마포동 34-1 신화지12,N,0,3130000-101-1994-04063,,3130000,,,03,폐업,분식,,,,상수도전용
,,늘푸른식당2호점,한식,2022-10-16,190775.217416437,451280.688759395,2026-05-01 22:47:51,I,02,폐업,0,,,,,,,,,2022-10-17 04:15:19,2022-10-11,,121-850,서울특별시 마포구 성산동 390-1 서울시생활체육협의회,N,,3130000-101-2022-00869,,3130000,"서울특별시 마포구 월드컵로 251, 평화의광장 (성산동)",03901,03,폐업,한식,,,,
,,딴따라독두공방,기타,,194204.33728619,450642.757588729,2026-05-01 22:43:40,I,01,영업,59.32,,,,,,,,,2021-11-01 16:23:52,2020-01-02,59.32,120-834,서울특별시 서대문구 창천동 52-75 지하1층,N,,3120000-101-2020-00001,,3120000,"서울특별시 서대문구 연세로7안길 29, 지하1층 (창천동)",03788,01,영업/정상,기타,,,,
,,다시밥,한식,,194850.291513421,453882.809421941,2026-05-01 22:43:38,I,01,영업,15,,,,,,,,,2023-12-14 16:14:49,2019-10-14,15.00,120-858,서울특별시 서대문구 홍제동 307-12 1층,N,,3120000-101-2019-00322,,3120000,"서울특별시 서대문구 통일로39길 43, 1층 (홍제동)",03639,01,영업/정상,한식,,,,상수도전용
,,알레아투고,까페,2019-06-14,192961.998550898,449892.335982526,2026-05-01 22:46:35,I,02,폐업,28.3,,,,,,,,,2019-06-17 10:57:02,2013-12-12,28.30,121-893,서울특별시 마포구 서교동 367-38,N,,3130000-101-2013-00728,,3130000,"서울특별시 마포구 어울마당로 69 (서교동, 2층 일부)",04042,03,폐업,까페,,,,
,,갤러리카페 바이아스,기타,,193559.795186761,450466.118320146,2026-05-01 22:47:42,I,01,영업,107.06,,,,,,,,,2021-08-17 08:18:29,2021-07-13,107.06,121-836,서울특별시 마포구 서교동 330-1 낙원주택,Y,,3130000-101-2021-00630,,3130000,"서울특별시 마포구 와우산로35길 53, 낙원주택 2층 (서교동)",04052,01,영업/정상,기타,,,,
,,네츠라멘,일식,,194935.822832075,454018.760482468,2026-05-01 22:44:06,I,01,영업,47,,,,,,,,,2022-07-07 09:24:55,2022-07-07,47.00,120-859,서울특별시 서대문구 홍제동 330-238,N,,3120000-101-2022-00197,,3120000,"서울특별시 서대문구 통일로39나길 1, 1층 좌측 (홍제동)",03637,01,영업/정상,일식,,,,
,,시골김치삼겹살,한식,2025-12-04,192510.219478049,449906.551472075,2026-05-01 22:46:05,I,02,폐업,66,,,,2,,,,,2025-12-09 14:27:57,2009-03-17,66.00,121-839,서울특별시 마포구 서교동 392-20,N,2,3130000-101-2009-00104,,3130000,"서울특별시 마포구 양화로 73 (서교동, 1층 103호일부,104호)",04037,03,폐업,한식,,,,상수도전용
주택가주변,,홍능갈비,한식,1990-11-15,183331.992987332,452094.582440839,2026-05-01 22:35:37,I,02,폐업,31.45,,,,1,지도,,,,2015-07-23 13:55:03,1990-11-15,31.45,157-850,서울특별시 강서구 방화동 564-44,N,1,3150000-101-1990-05500,,3150000,,,03,폐업,한식,02-0662-3466,,,상수도전용
,,커피메이드(COFFEE MADE),경양식,2020-10-05,183768.696418792,451652.621602431,2026-05-01 22:42:29,I,02,폐업,29.8,,,,,,,,,2020-10-05 10:50:53,2016-05-09,29.80,157-210,서울특별시 강서구 마곡동 739-1 마곡더블유타워 (지상 1층) 124호,N,,3150000-101-2016-00152,,3150000,"서울특별시 강서구 방화대로 294, 1층 124호 (마곡동, 방화 1동 마곡더블유타워)",07599,03,폐업,경양식,,,,상수도전용
주택가주변,,우정식당,한식,2005-04-12,191232.188343291,450816.152721137,2026-05-01 22:41:53,I,02,폐업,21.17,,,,1,지도,,,,2001-03-27 00:00:00,1990-03-13,21.17,121-824,서울특별시 마포구 망원동 436-12,N,1,3130000-101-1990-01885,,3130000,,,03,폐업,한식,02-333-8739,,,상수도전용
주택가주변,,카드맨돈까스,한식,2007-02-20,186687.131804431,451342.773451086,2026-05-01 22:39:48,I,02,폐업,57.5,,,,3,자율,,,,2002-02-01 00:00:00,2000-10-17,57.50,157-800,서울특별시 강서구 가양동 18-24 1층,N,0,3150000-101-2000-09331,,3150000,,,03,폐업,한식,,,,
기타,,예손,한식,2008-07-11,194950.695467582,454004.449855762,2026-05-01 22:40:47,I,02,폐업,48.97,,,,0,기타,,,,2008-03-25 07:35:56,1999-06-22,48.97,120-859,서울특별시 서대문구 홍제동 330-241 (지상1층),N,0,3120000-101-1999-09298,,3120000,,,03,폐업,한식,02-379-7571,,,상수도전용
기타,,경도,일식,1998-05-08,195184.335899857,448780.26877488,2026-05-01 22:41:36,I,02,폐업,66.97,,,,1,지도,,,,2001-10-04 00:00:00,1984-03-31,66.97,121-815,서울특별시 마포구 도화동 538-0 지하1호,N,2,3130000-101-1984-03412,,3130000,,,03,폐업,일식,02-719-1287,,,상수도전용
,,잇쇼노미,일식,,192914.574395312,449736.650932039,2026-05-01 22:48:11,I,01,영업,67.96,,,,,,,,,2026-03-23 17:37:09,2025-06-19,67.96,121-895,서울특별시 마포구 서교동 403-4 DE빌딩,N,,3130000-101-2025-00441,,3130000,"서울특별시 마포구 독막로9길 38, DE빌딩 1층 101호 (서교동)",04048,01,영업/정상,일식,,,,
,,타비카레,일식,2024-07-01,190086.625449279,453231.427685063,2026-05-01 22:47:55,I,02,폐업,80.41,,,,,,,,,2024-07-01 15:16:07,2023-04-14,80.41,121-835,서울특별시 마포구 상암동 1597 사보이시티디엠씨,N,,3130000-101-2023-00346,,3130000,"서울특별시 마포구 월드컵북로54길 17, 사보이시티디엠씨 1층 121호 (상암동)",03924,03,폐업,일식,,,,
주택가주변,,김가네김밥(대흥점),한식,2021-01-26,194604.770204123,449279.58777912,2026-05-01 22:42:48,I,02,폐업,29.6,,,,1,기타,,,,2021-01-26 15:56:17,1997-07-11,29.60,121-810,서울특별시 마포구 대흥동 337-7 1층,N,1,3130000-101-1997-00894,,3130000,"서울특별시 마포구 대흥로 57 (대흥동,1층)",04090,03,폐업,한식,02-716-8469,,,상수도전용
학교정화(절대),,씨제이 푸드빌(주)시젠 이대점,경양식,2007-09-06,195167.242263665,450735.896173027,2026-05-01 22:40:12,I,02,폐업,228.64,,,,0,기타,,,,2007-04-04 00:00:00,1997-03-19,228.64,120-808,서울특별시 서대문구 대현동 60-7,N,0,3120000-101-1997-06790,,3120000,,,03,폐업,경양식,02-313-0463,,,상수도전용
주택가주변,,연희치킨랜드,분식,1993-10-05,193695.186440154,452214.900468512,2026-05-01 22:37:23,I,02,폐업,20.16,,,,1,지도,,,,2001-09-30 00:00:00,1989-10-18,20.16,120-824,서울특별시 서대문구 연희동 100-2,N,1,3120000-101-1989-07483,,3120000,,,03,폐업,분식,02-0338-2203,,,상수도전용
기타,,오비광장,한식,1998-07-02,195781.417843942,449054.532533923,2026-05-01 22:42:49,I,02,폐업,77.8,,,,2,기타,,,,2002-07-25 00:00:00,1997-01-13,77.80,121-851,서울특별시 마포구 신공덕동 27-8 2층,N,,3130000-101-1997-02599,,3130000,,,03,폐업,한식,02-3274-0063,,,상수도전용
,,@닭컴,정종/대포집/소주방,2016-11-29,192874.514454351,452525.219515622,2026-05-01 22:41:56,I,02,폐업,33.8,,,,,,,,,2012-09-28 13:27:16,2007-09-07,33.80,120-120,"서울특별시 서대문구 남가좌동 376 ,376-3 남가좌동현대아파트 상가1동 105호(지상1층)",N,,3120000-101-2007-00182,,3120000,,,03,폐업,정종/대포집/소주방,02-303-7734,,,
주택가주변,,이스타나,정종/대포집/소주방,2000-05-23,185653.737928933,447747.678099783,2026-05-01 22:37:06,I,02,폐업,108.12,,,,1,자율,,,,2000-05-23 00:00:00,1996-12-26,108.12,157-883,서울특별시 강서구 화곡동 358-4,N,2,3150000-101-1996-01070,,3150000,,,03,폐업,정종/대포집/소주방,02-695-5646,,,상수도전용
,,지즐숯불갈비,한식,,192108.605311771,451398.784543169,2026-05-01 22:47:02,I,01,영업,165.4,,,,,,,,,2018-06-07 16:56:46,2017-03-31,165.40,121-843,서울특별시 마포구 성산동 56-1,N,,3130000-101-2017-00252,,3130000,"서울특별시 마포구 월드컵북로 137 (성산동, 1층일부)",03966,01,영업/정상,한식,,,,
주택가주변,,한방전주콩나물국밥,한식,,188182.789386066,449782.328938379,2026-05-01 22:35:53,I,01,영업,39.53,,,,0,기타,,,,2025-12-03 09:52:00,1992-07-06,39.53,157-863,서울특별시 강서구 염창동 272-9 (지상 1층),N,0,3150000-101-1992-03127,,3150000,"서울특별시 강서구 공항대로 549, 1층 (염창동)",07561,01,영업/정상,한식,02-3662-0748,,,상수도전용
,,잔다르크,한식,2005-05-10,194924.288601045,450733.513274328,2026-05-01 22:40:33,I,02,폐업,146.89,,,,1,,,,,2002-02-20 00:00:00,1999-03-08,146.89,120-808,서울특별시 서대문구 대현동 27-33 (6층),N,0,3120000-101-1999-03689,,3120000,,,03,폐업,한식,02-0312-1928,,,
,,풀만먹인소,한식,2012-12-21,195052.277168043,450744.511552874,2026-05-01 22:42:19,I,02,폐업,85.8,,,,,,,,,2012-07-19 14:11:37,2012-07-19,85.80,120-808,서울특별시 서대문구 대현동 56-63,N,,3120000-101-2012-00166,,3120000,"서울특별시 서대문구 이화여대길 65-4, 2층 (대현동)",03766,03,폐업,한식,02-313-5951,,,
,,맘스집밥,한식,2022-10-06,171918.996164955,435898.296161698,2026-05-01 22:50:24,I,02,폐업,24.49,,,,,,,,,2022-10-06 13:43:53,2014-07-18,24.49,406-810,인천광역시 연수구 연수동 510 지상1층,N,,3520000-101-2014-00210,,3520000,"인천광역시 연수구 함박로88번길 45, 지상1층 (연수동)",21913,03,폐업,한식,,,,상수도전용
주택가주변,,교촌치킨 독립문점,호프/통닭,,196794.572693354,451704.945431172,2026-05-01 22:40:59,I,01,영업,62.89,,,,0,을,,,,2024-12-18 14:33:17,2000-02-09,62.89,120-050,서울특별시 서대문구 냉천동 226,N,0,3120000-101-2000-09047,,3120000,"서울특별시 서대문구 통일로 151, 지상1층 (냉천동)",03735,01,영업/정상,호프/통닭,02-392-6668,,,
주택가주변,,송가네설렁탕,한식,2008-05-13,,,2026-05-01 22:41:44,I,02,폐업,53,,,,2,을,,,,2006-04-21 00:00:00,1988-03-19,53.00,121-802,서울특별시 마포구 공덕동 140-22 1층,N,0,3130000-101-1988-00349,,3130000,,,03,폐업,한식,02-701-5504,,,상수도전용
주택가주변,,골목집,분식,1995-08-21,194910.030699029,454222.040227341,2026-05-01 22:38:58,I,02,폐업,9.45,,,,1,을,,,,2001-09-30 00:00:00,1993-07-28,9.45,120-857,서울특별시 서대문구 홍제동 299-23,N,1,3120000-101-1993-06955,,3120000,,,03,폐업,분식,02-725-3319,,,상수도전용
,,아현한곱창,호프/통닭,2024-05-09,195615.541549551,450564.213621292,2026-05-01 22:42:22,I,02,폐업,31,,,,,,,,,2024-05-09 14:55:39,2012-11-26,31.00,120-822,서울특별시 서대문구 북아현동 221-13 1층,N,,3120000-101-2012-00277,,3120000,"서울특별시 서대문구 신촌로 227 (북아현동, 1층)",03774,03,폐업,호프/통닭,,,,
주택가주변,,나드리호프치킨,분식,2002-08-20,191310.753047185,450496.369059761,2026-05-01 22:42:56,I,02,폐업,28.8,,,,1,기타,,,,2002-08-21 00:00:00,1997-12-06,28.80,121-903,서울특별시 마포구 망원동 416-34,N,,3130000-101-1997-05113,,3130000,,,03,폐업,분식,02-3141-7951,,,상수도전용
기타,,홍대간이회집,한식,2019-01-24,193028.99837548,450489.391070594,2026-05-01 22:42:24,I,02,폐업,57.67,,,,0,기타,,,,2019-01-24 14:23:42,1994-05-09,57.67,121-898,서울특별시 마포구 동교동 161-1 지층,N,0,3130000-101-1994-04827,,3130000,"서울특별시 마포구 동교로 182 (동교동,지층)",,03,폐업,한식,,,,상수도전용
기타,,춘천닭갈비,한식,1998-07-07,192046.647667969,450371.539813884,2026-05-01 22:42:06,I,02,폐업,44.66,,,,1,기타,,,,2001-10-04 00:00:00,1993-05-12,44.66,121-896,서울특별시 마포구 서교동 475-37 1층,N,0,3130000-101-1993-01317,,3130000,,,03,폐업,한식,02-325-0771,,,상수도전용
,,토마토,한식,2015-05-14,191908.504642336,449666.791135178,2026-05-01 22:46:31,I,02,폐업,33,,,,,,,,,2013-02-07 15:56:43,2013-02-07,33.00,121-886,서울특별시 마포구 합정동 396-14,N,,3130000-101-2013-00055,,3130000,"서울특별시 마포구 포은로 11, 1층 (합정동)",04020,03,폐업,한식,,,,
기타,,국빈,중국식,,194635.445515705,449379.775375163,2026-05-01 22:41:36,I,01,영업,20.31,,,,0,지도,,,,2025-11-06 16:22:43,1984-01-25,20.31,121-854,서울특별시 마포구 신수동 39-2,N,2,3130000-101-1984-02309,,3130000,서울특별시 마포구 독막로 240 (신수동),04090,01,영업/정상,중국식,02-711-7545,,,상수도전용
,,새벽숯불가든,한식,,192023.193452802,449797.932010094,2026-05-01 22:46:25,I,01,영업,76.56,,,,,,,,,2020-11-16 16:17:37,2012-02-20,76.56,121-885,서울특별시 마포구 합정동 389-16,N,,3130000-101-2012-00078,,3130000,"서울특별시 마포구 양화로1길 38 (합정동, 101호)",04025,01,영업/정상,한식,,,,
기타,,송학,한식,2001-10-09,195590.38713714,450493.587611382,2026-05-01 22:42:12,I,02,폐업,15.34,,,,1,기타,,,,2002-08-09 00:00:00,1994-05-03,15.34,121-859,서울특별시 마포구 아현동 353-29,N,0,3130000-101-1994-00187,,3130000,,,03,폐업,한식,02-392-1527,,,상수도전용
,,스시노칸도 홍대점,일식,,192935.582297634,449989.468293634,2026-05-01 22:47:42,I,01,영업,94.54,,,,,,,,,2025-10-28 15:33:59,2021-06-25,94.54,121-893,서울특별시 마포구 서교동 366-8 서교뉴빌라,N,,3130000-101-2021-00560,,3130000,"서울특별시 마포구 잔다리로6길 30, 2층 (서교동, 서교뉴빌라)",04042,01,영업/정상,일식,,,,
,,가정옥,한식,2006-07-20,,,2026-05-01 22:41:08,I,02,폐업,33.06,,,,0,,,,,2002-02-28 00:00:00,2001-05-29,33.06,120-837,서울특별시 서대문구 충정로3가 120-7,N,0,3120000-101-2001-10590,,3120000,,,03,폐업,한식,02-0363-6645,,,
,,가스트,정종/대포집/소주방,2017-07-13,191894.372402491,452797.987052614,2026-05-01 22:41:18,I,02,폐업,63.84,,,,0,,,,,2017-07-13 10:54:11,2002-12-11,63.84,120-816,서울특별시 서대문구 북가좌동 377-25,N,0,3120000-101-2002-00582,,3120000,서울특별시 서대문구 응암로 43 (북가좌동),03714,03,폐업,정종/대포집/소주방,02-374-7373,,,상수도전용
,,양철통,한식,2008-05-07,193187.802952358,450172.178899424,2026-05-01 22:45:53,I,02,폐업,30,,,,,,,,,2008-01-23 15:09:11,2007-05-11,30.00,121-837,서울특별시 마포구 서교동 486 푸르지오 지하 117호,N,2,3130000-101-2007-00178,,3130000,,,03,폐업,한식,,,,상수도전용
기타,,삼보식당,한식,1999-10-15,185608.5557933,448727.523067778,2026-05-01 22:35:12,I,02,폐업,35.89,,,,1,갑,,,,2001-09-28 00:00:00,1988-03-03,35.89,157-925,서울특별시 강서구 화곡동 1073-11,N,0,3150000-101-1988-05466,,3150000,,,03,폐업,한식,02-691-6057,,,상수도전용
,,엠(M)포차,한식,2009-12-31,186476.810585775,447354.277685527,2026-05-01 22:39:23,I,02,폐업,48.96,,,,0,,,,,2009-12-31 11:17:26,2000-10-31,48.96,157-910,서울특별시 강서구 화곡동 908-30 (지상 1층),N,0,3150000-101-2000-09175,,3150000,,,03,폐업,한식,02-2607-5498,,,상수도전용
,,템테이션,정종/대포집/소주방,2002-10-07,185554.861081,447945.76136117,2026-05-01 22:40:04,I,02,폐업,49.5,,,,0,,,,,2002-07-25 00:00:00,2001-09-25,49.50,157-883,서울특별시 강서구 화곡동 361-1,N,0,3150000-101-2001-09814,,3150000,,,03,폐업,정종/대포집/소주방,,,,
,,육쌈냉면,한식,,185548.355240195,450828.796483554,2026-05-01 22:45:10,I,01,영업,90.09,,,,,,,,,2023-02-09 13:32:29,2023-02-09,90.09,157-210,서울특별시 강서구 마곡동 797-14 힐스테이트에코마곡 218호,N,,3150000-101-2023-00073,,3150000,"서울특별시 강서구 공항대로 269-15, 힐스테이트에코마곡 2층 218호 (마곡동)",07803,01,영업/정상,한식,,,,상수도전용
기타,,카페 설래임,호프/통닭,2022-05-19,192966.636812587,449728.296888593,2026-05-01 22:44:46,I,02,폐업,82.84,,,,0,자율,,,,2022-05-19 13:34:07,2001-12-20,82.84,121-895,서울특별시 마포구 서교동 408-9,N,0,3130000-101-2001-09288,,3130000,"서울특별시 마포구 어울마당로 54 (서교동, 1층)",04049,03,폐업,호프/통닭,02-323-1093,,,
,,까페 모데나,까페,2008-02-29,195030.347997395,450619.877088133,2026-05-01 22:41:57,I,02,폐업,122.84,,,,,,,,,2007-11-09 17:18:32,2007-11-09,122.84,120-809,서울특별시 서대문구 대현동 90-3 (지상3층),N,,3120000-101-2007-00249,,3120000,,,03,폐업,까페,,,,
,,마마공연문화기획(주),호프/통닭,2023-05-09,193006.656439451,449868.786663154,2026-05-01 22:46:40,I,02,폐업,249.58,,,,,,,,,2023-05-09 13:26:38,2014-07-24,249.58,121-837,서울특별시 마포구 서교동 363-14 지1층일부,N,,3130000-101-2014-00587,,3130000,"서울특별시 마포구 잔다리로 14 (서교동, 지1층일부)",04041,03,폐업,호프/통닭,,,,
,,유성안동찜닭,한식,2002-12-20,193154.755261876,453396.506258252,2026-05-01 22:41:09,I,02,폐업,51.7,,,,0,,,,,2002-02-28 00:00:00,2001-08-18,51.70,120-800,서울특별시 서대문구 남가좌동 4-5,N,0,3120000-101-2001-10676,,3120000,,,03,폐업,한식,02-0303-5922,,,
,,당당한가 송도센트럴파크점,한식,,167848.405926729,432799.8628413,2026-05-01 22:51:00,I,01,영업,123.38,,,,,,,,,2024-11-22 17:53:55,2024-02-27,123.38,406-081,"인천광역시 연수구 송도동 23-3 더샵센트럴파크1 E동 1층 116,117,126호",N,,3520000-101-2024-00064,,3520000,"인천광역시 연수구 센트럴로 232, E동 1층 116,117,126호 (송도동, 더샵센트럴파크1)",22003,01,영업/정상,한식,,,,
,,소쿠라멘,기타,2022-04-15,193040.019161257,449655.015204866,2026-05-01 22:47:32,I,02,폐업,48.4,,,,,,,,,2022-04-15 11:36:46,2020-06-01,48.40,121-828,서울특별시 마포구 상수동 92-9,N,,3130000-101-2020-00411,,3130000,"서울특별시 마포구 와우산로13길 25, 지1층 (상수동)",04049,03,폐업,기타,,,,
,,쿡앤북,까페,2015-12-16,193453.413515777,450318.508399816,2026-05-01 22:46:14,I,02,폐업,78.65,,,,,,,,,2016-01-05 17:29:46,2010-08-10,78.65,121-836,서울특별시 마포구 서교동 333-39 지1층,N,,3130000-101-2010-00441,,3130000,"서울특별시 마포구 와우산로29마길 15-8 (서교동,지1층)",04053,03,폐업,까페,02-325-1028,,,상수도전용
,,카페 아르떼,분식,,187172.677610043,447675.454734273,2026-05-01 22:44:26,I,01,영업,53.13,,,,,,,,,2025-10-27 13:41:29,2021-04-01,53.13,157-904,서울특별시 강서구 화곡동 849-16 제이와이펠리스 1층 101호,N,,3150000-101-2021-00217,,3150000,"서울특별시 강서구 곰달래로 204, 1층 101호 (화곡동, 제이와이펠리스)",07783,01,영업/정상,분식,,,,상수도전용
,,착한피자,기타,2020-10-12,192426.185942662,451085.062707209,2026-05-01 22:46:52,I,02,폐업,66,,,,,,,,,2020-10-12 10:52:03,2015-06-23,66.00,121-844,서울특별시 마포구 성산동 114-15 1층일부,N,,3130000-101-2015-00990,,3130000,"서울특별시 마포구 월드컵북로 94 (성산동, 1층일부)",03978,03,폐업,기타,,,,
,,세븐레드,호프/통닭,2024-12-20,193404.355876738,453215.930629822,2026-05-01 22:44:15,I,02,폐업,166.7,,,,,,,,,2024-12-20 14:03:31,2022-09-29,166.70,120-848,서울특별시 서대문구 홍은동 400-37 시루지음,N,,3120000-101-2022-00302,,3120000,"서울특별시 서대문구 거북골로 8, 1,2층 일부 (홍은동)",03675,03,폐업,호프/통닭,,,,
기타,,투다리홍대점,분식,1999-06-24,192980.814894771,450022.720414242,2026-05-01 22:41:37,I,02,폐업,18.34,,,,2,지도,,,,1999-06-24 00:00:00,1984-10-02,18.34,121-893,서울특별시 마포구 서교동 369-5,N,0,3130000-101-1984-04572,,3130000,,,03,폐업,분식,,,,상수도전용
,,소문난 불 떡볶이,분식,2011-07-07,169463.159559538,432238.308588467,2026-05-01 22:50:08,I,02,폐업,26.49,,,,,,,,,2008-08-22 17:01:09,2008-08-19,26.49,406-081,인천광역시 연수구 송도동 3-38 송도금호어울림상가 104호,N,,3520000-101-2008-00177,,3520000,,,03,폐업,분식,,,,상수도전용
,,비비큐(BBQ)치킨선학점,통닭(치킨),2004-12-09,173168.307279257,435932.458304961,2026-05-01 22:49:46,I,02,폐업,32.46,,,,0,,,,,2003-01-13 00:00:00,1997-04-18,32.46,406-808,"인천광역시 연수구 선학동 408-2 (지상1층)지번변경(281-3,1997년12.23)",N,0,3520000-101-1997-00178,,3520000,,,03,폐업,통닭(치킨),032-819-0713,,,
,,고토히라우동,일식,,193674.782498791,450314.449093017,2026-05-01 22:46:33,I,01,영업,35,,,,,,,,,2024-08-14 09:30:31,2013-08-12,35.00,121-836,서울특별시 마포구 서교동 327-20,N,,3130000-101-2013-00472,,3130000,"서울특별시 마포구 와우산로29길 14-8 (서교동, 지하1층 일부)",04052,01,영업/정상,일식,,,,
기타,,연인들,분식,2005-03-17,194934.631045718,453876.320895757,2026-05-01 22:40:54,I,02,폐업,26.4,,,,0,기타,,,,2002-02-26 00:00:00,2000-09-23,26.40,120-859,서울특별시 서대문구 홍제동 314-8,N,0,3120000-101-2000-04924,,3120000,,,03,폐업,분식,02-723-3665,,,상수도전용
,,꽃길(Kkot-gil),기타,2017-11-30,194681.621639638,449212.888142442,2026-05-01 22:46:59,I,02,폐업,22.15,,,,,,,,,2017-11-30 13:28:39,2016-11-11,22.15,121-810,서울특별시 마포구 대흥동 340,N,,3130000-101-2016-00933,,3130000,"서울특별시 마포구 독막로38길 31, 1층 (대흥동)",04150,03,폐업,기타,,,,
,,수카페&쿠킹스튜디오,기타,2024-05-08,193581.029674637,450729.738004529,2026-05-01 22:42:54,I,02,폐업,22.4,,,,,,,,,2024-05-08 12:01:08,2018-06-14,22.40,120-836,서울특별시 서대문구 창천동 510-11,N,,3120000-101-2018-00166,,3120000,"서울특별시 서대문구 신촌로1길 7, 1층 (창천동)",03785,03,폐업,기타,,,,
기타,,장수갈비,한식,1994-06-02,195174.813729421,454242.635597815,2026-05-01 22:38:16,I,02,폐업,62.02,,,,2,기타,,,,2001-09-30 00:00:00,1992-09-17,62.02,120-857,서울특별시 서대문구 홍제동 245-11,N,0,3120000-101-1992-00372,,3120000,,,03,폐업,한식,02-0734-0876,,,상수도전용
주택가주변,,삐삐분식,분식,2003-06-10,185973.598559924,447835.032408626,2026-05-01 22:37:14,I,02,폐업,21.7,,,,2,기타,,,,2000-06-07 00:00:00,1996-12-24,21.70,157-882,서울특별시 강서구 화곡동 354-46,N,,3150000-101-1996-02150,,3150000,,,03,폐업,분식,02-699-3893,,,상수도전용
,,즐거운포차,한식,2019-02-26,187689.160564523,448136.332318855,2026-05-01 22:42:49,I,02,폐업,26.4,,,,,,,,,2019-02-26 14:23:26,2018-06-18,26.40,157-898,서울특별시 강서구 화곡동 808-1 (지상 1층) 103호,N,,3150000-101-2018-00312,,3150000,"서울특별시 강서구 등촌로13길 31, 1층 103호 (화곡동)",07740,03,폐업,한식,02-2643-3576,,,상수도전용
기타,,오진사식당,한식,1996-05-14,182883.282493276,451722.075300964,2026-05-01 22:36:20,I,02,폐업,26.8,,,,0,기타,,,,2001-09-28 00:00:00,1993-12-09,26.80,157-853,서울특별시 강서구 방화동 648-16,N,0,3150000-101-1993-06324,,3150000,,,03,폐업,한식,02-666-2546,,,상수도전용
,,련,한식,2017-12-28,169516.553958844,435709.326377448,2026-05-01 22:50:08,I,02,폐업,95.43,,,,,,,,,2017-12-28 16:13:41,2008-01-07,95.43,406-834,인천광역시 연수구 옥련동 348-120 지상1층 (솔안3가 15),N,,3520000-101-2008-00004,,3520000,"인천광역시 연수구 청룡로50번길 20 (옥련동,지상1층 (솔안3가 15))",21941,03,폐업,한식,032-833-3329,,,
,,정돈(홍대점),일식,,192946.256413832,449646.965551088,2026-05-01 22:47:22,I,01,영업,247.2,,,,,,,,,2020-07-31 11:06:34,2019-11-20,247.20,121-895,서울특별시 마포구 서교동 408-26,Y,,3130000-101-2019-00944,,3130000,"서울특별시 마포구 어울마당로 46, 1,2층 (서교동)",04049,01,영업/정상,일식,,,,
기타,,엄마네손맛,한식,2013-08-30,195184.335899857,448780.26877488,2026-05-01 22:45:50,I,02,폐업,48,,,,0,자율,,,,2013-09-23 14:31:44,2006-08-04,48.00,121-815,서울특별시 마포구 도화동 538 성지빌딩지하층12호,N,1,3130000-101-2006-00353,,3130000,,,03,폐업,한식,,,,
주택가주변,,샤크,경양식,2001-02-01,187738.279717865,449632.241021907,2026-05-01 22:37:55,I,02,폐업,65.21,,,,1,기타,,,,2001-02-21 00:00:00,1996-12-21,65.21,157-836,서울특별시 강서구 등촌동 526-6,N,2,3150000-101-1996-08321,,3150000,,,03,폐업,경양식,02-653-8911,,,상수도전용
기타,,배가네족발치킨,분식,2001-02-09,194807.480465248,449355.15585403,2026-05-01 22:44:15,I,02,폐업,15.19,,,,0,기타,,,,2001-02-09 00:00:00,2000-03-24,15.19,121-811,서울특별시 마포구 대흥동 405-6,N,0,3130000-101-2000-08253,,3130000,,,03,폐업,분식,,,,상수도전용
,,마이고기&하노이식당&남가네 설악추어탕,기타,2022-10-04,171698.988312684,433623.667155133,2026-05-01 22:50:40,I,02,폐업,144.45,,,,,,,,,2022-10-04 16:05:56,2019-07-31,144.45,406-827,인천광역시 연수구 동춘동 926-9 이마트 2층 푸드코트내,Y,,3520000-101-2019-00228,,3520000,"인천광역시 연수구 경원대로 184, 이마트 2층 (동춘동)",21975,03,폐업,기타,,,,
,,고향집,한식,2010-01-13,191537.41389268,450310.428923432,2026-05-01 22:46:02,I,02,폐업,23,,,,1,,,,,2008-05-04 14:48:22,2008-04-16,23.00,121-822,서울특별시 마포구 망원동 404-39 1층,N,,3130000-101-2008-00160,,3130000,,,03,폐업,한식,,,,상수도전용
,,제임스 떡뽀끼,기타,2012-09-06,168708.415000906,435891.78420513,2026-05-01 22:50:09,I,02,폐업,36,,,,,,,,,2011-11-29 17:34:17,2008-12-04,36.00,406-835,인천광역시 연수구 옥련동 462-158 지상1층,N,,3520000-101-2008-00235,,3520000,"인천광역시 연수구 독배로40번길 43 (옥련동, 지상1층)",21949,03,폐업,기타,032-834-5949,,,
기타,,대포차,정종/대포집/소주방,2017-06-22,186783.481260478,450080.448235475,2026-05-01 22:36:34,I,02,폐업,97.81,,,,1,자율,,,,2017-06-22 11:19:37,1994-12-22,97.81,157-928,서울특별시 강서구 화곡동 1117-0 (지상 1층),N,0,3150000-101-1994-05226,,3150000,"서울특별시 강서구 화곡로58길 8, 1층 (화곡동, 6동)",07658,03,폐업,정종/대포집/소주방,02-2608-9696,,,상수도전용
기타,,고향돼지갈비,한식,2000-06-26,186857.088775601,449869.433474683,2026-05-01 22:38:20,I,02,폐업,59,,,,2,기타,,,,2000-06-29 00:00:00,1997-05-27,59.00,157-928,서울특별시 강서구 화곡동 1122-1,N,,3150000-101-1997-08106,,3150000,,,03,폐업,한식,02-605-0712,,,상수도전용
,,모델,기타,2004-03-04,187271.043915924,447694.784631872,2026-05-01 22:40:41,I,02,폐업,0,,,,,,,,,2003-09-18 00:00:00,2003-09-18,,157-904,서울특별시 강서구 화곡동 848-17,N,,3150000-101-2003-00573,,3150000,,,03,폐업,기타,,,,
기타,,진아네식당,한식,1997-01-30,188907.145870979,449738.825007126,2026-05-01 22:36:25,I,02,폐업,28.72,,,,1,기타,,,,2001-09-28 00:00:00,1993-01-14,28.72,157-862,서울특별시 강서구 염창동 252-16,N,0,3150000-101-1993-08476,,3150000,,,03,폐업,한식,02-0652-4878,,,상수도전용
,,남다른감자탕 가양점,한식,,186501.233192961,451485.251875922,2026-05-01 22:42:09,I,01,영업,137.7,,,,,,,,,2025-09-12 11:22:50,2013-11-07,137.70,157-200,서울특별시 강서구 가양동 1498-0 강서한강자이타워 (지상 2층) B동 213호,Y,,3150000-101-2013-00336,,3150000,"서울특별시 강서구 양천로 401, B동 2층 213호 (가양동, 1동 강서한강자이타워)",07528,01,영업/정상,한식,02-2638-5545,,,상수도전용
,,시골밥상,경양식,2019-01-11,,,2026-05-01 22:41:16,I,02,폐업,204.77,,,,0,,,,,2019-01-11 10:47:18,2002-08-10,204.77,120-819,서울특별시 서대문구 북아현동 137-5,N,0,3120000-101-2002-00376,,3120000,,,03,폐업,경양식,,,,
,,한솥도시락 송도타임스페이스점,김밥(도시락),2021-04-13,168216.577756851,431393.9120421,2026-05-01 22:50:48,I,02,폐업,47.2,,,,,,,,,2021-04-13 10:28:39,2021-03-15,47.20,406-081,인천광역시 연수구 송도동 8-21 송도타임스페이스,N,,3520000-101-2021-00128,,3520000,"인천광역시 연수구 하모니로 158, 송도타임스페이스 A-119호 (송도동)",21998,03,폐업,김밥(도시락),,,,
,,빅프라페,기타,2021-06-10,192910.781938563,450930.161588632,2026-05-01 22:47:16,I,02,폐업,33,,,,,,,,,2021-06-10 16:57:03,2019-03-06,33.00,121-869,서울특별시 마포구 연남동 562-37,N,,3130000-101-2019-00148,,3130000,"서울특별시 마포구 연남로3길 40, 1층 103호 (연남동)",03987,03,폐업,기타,,,,
,,붕어유랑단,기타,2024-02-01,183007.220061564,450515.642035894,2026-05-01 22:45:23,I,02,폐업,0,,,,,,,,,2024-02-02 04:15:10,2024-01-04,,157-240,서울특별시 강서구 공항동 1373-5 국내선청사 1층 일반대합실 5번게이트 부근 카운터2개소,N,,3150000-101-2024-00012,,3150000,"서울특별시 강서구 하늘길 112, 국내선청사 1층 일반대합실 5번게이트 부근 카운터2개소 (공항동)",07505,03,폐업,기타,,,,
주택가주변,,맥아더호프,분식,2000-12-20,191624.534699443,450163.389096394,2026-05-01 22:42:46,I,02,폐업,20.5,,,,1,기타,,,,2000-12-20 00:00:00,1996-03-15,20.50,121-822,서울특별시 마포구 망원동 413-42,N,0,3130000-101-1996-05091,,3130000,,,03,폐업,분식,,,,상수도전용
,,원조인천집,한식,2009-11-10,167364.915824814,432354.40433944,2026-05-01 22:50:12,I,02,폐업,0,,,,,,,,,2009-08-12 15:52:37,2009-08-12,,406-081,인천광역시 연수구 송도동 33-1 아름별이장터 내,N,,3520000-101-2009-00218,,3520000,,,03,폐업,한식,,,,
,,달콩콩 탕후루,기타,2024-01-11,192311.642580307,449855.643910445,2026-05-01 22:47:59,I,02,폐업,17.19,,,,,,,,,2024-01-11 14:27:38,2023-09-25,17.19,121-919,서울특별시 마포구 서교동 490 메세나폴리스,N,,3130000-101-2023-00913,,3130000,"서울특별시 마포구 양화로 45, 홈플러스합정점 B2층 D23호 (서교동, 메세나폴리스)",04036,03,폐업,기타,,,,
기타,,동해수산,일식,2005-03-15,186173.681508541,447571.649333861,2026-05-01 22:39:13,I,02,폐업,64.54,,,,0,기타,,,,2001-04-23 00:00:00,2000-08-10,64.54,157-910,서울특별시 강서구 화곡동 918-21,N,0,3150000-101-2000-08968,,3150000,,,03,폐업,일식,,,,상수도전용
기타,,풍천장어,한식,2011-12-26,,,2026-05-01 22:42:48,I,02,폐업,33.02,,,,2,기타,,,,2003-11-12 00:00:00,1997-06-12,33.02,121-875,서울특별시 마포구 용강동 114-20,N,,3130000-101-1997-00814,,3130000,,,03,폐업,한식,02-711-4480,,,상수도전용
,,싸움의고수상암DDMC점,한식,2017-08-02,190471.090857691,452911.904225602,2026-05-01 22:46:56,I,02,폐업,27.44,,,,,,,,,2017-08-02 15:31:34,2016-07-19,27.44,121-904,서울특별시 마포구 상암동 1610 디디엠씨 지1층 B101호일부(푸드코트내12호),N,,3130000-101-2016-00585,,3130000,"서울특별시 마포구 매봉산로 75 (상암동, 디디엠씨 지1층 B101호일부(푸드코트내12호))",03926,03,폐업,한식,,,,
,,더(the) 반빗간,한식,2020-11-30,190733.205324117,452892.537671699,2026-05-01 22:46:53,I,02,폐업,73.44,,,,,,,,,2020-11-30 10:18:32,2016-02-23,73.44,121-830,서울특별시 마포구 상암동 2-67 1층,N,,3130000-101-2016-00113,,3130000,"서울특별시 마포구 성암로 211-8, 1층 (상암동)",03927,03,폐업,한식,,,,
기타,,원할머니보쌈(연수점),한식,,171409.680149628,434637.471676163,2026-05-01 22:49:53,I,01,영업,77.7,,,,0,,,,,2010-02-26 17:37:24,2001-10-12,77.70,406-818,인천광역시 연수구 연수동 604-10 지상1층,N,0,3520000-101-2001-00364,,3520000,"인천광역시 연수구 청능대로113번길 26 (연수동,지상1층)",21929,01,영업/정상,한식,032-822-8282,,,상수도전용
주택가주변,,대길식당,한식,2001-05-29,192621.661077724,450854.99155081,2026-05-01 22:44:05,I,02,폐업,69.6,,,,0,기타,,,,2001-05-29 00:00:00,1999-12-11,69.60,121-846,서울특별시 마포구 성산동 228-6,N,0,3130000-101-1999-08026,,3130000,,,03,폐업,한식,,,,상수도전용
,,카페프랑코,경양식,,190651.519260549,452956.619752385,2026-05-01 22:46:59,I,01,영업,80,,,,,,,,,2019-01-08 11:22:37,2016-12-07,80.00,121-830,"서울특별시 마포구 상암동 3-4 1,2,3층",N,,3130000-101-2016-01013,,3130000,"서울특별시 마포구 성암로 223-2, 1,2,3층 (상암동)",03927,01,영업/정상,경양식,,,,
,,숙성무한통삼,식육(숯불구이),2017-05-12,171373.426075806,434706.039761742,2026-05-01 22:49:53,I,02,폐업,246.52,,,,0,,,,,2017-05-12 17:32:10,2001-06-20,246.52,406-818,인천광역시 연수구 연수동 598-12 지상1층,N,0,3520000-101-2001-00214,,3520000,"인천광역시 연수구 용담로118번길 11, 지상1층 (연수동)",21927,03,폐업,식육(숯불구이),,,,
기타,,천진,중국식,2024-04-02,186724.538307784,450322.630136568,2026-05-01 22:36:51,I,02,폐업,49.5,,,,0,자율,,,,2024-04-02 09:38:39,1995-04-13,49.50,157-916,서울특별시 강서구 화곡동 1096-27 (지상 1층),N,1,3150000-101-1995-07747,,3150000,"서울특별시 강서구 우장산로15길 39-18, 1층 (화곡동, 6동)",07649,03,폐업,중국식,02-2695-3082,,,상수도전용
,,별난주점,호프/통닭,2016-10-21,186195.433730464,447849.034289538,2026-05-01 22:42:11,I,02,폐업,90.08,,,,,,,,,2014-04-09 16:41:47,2014-04-09,90.08,157-881,서울특별시 강서구 화곡동 348-53 (지상 1층),N,,3150000-101-2014-00088,,3150000,"서울특별시 강서구 강서로17길 21, 1층 (화곡동, 1동)",07770,03,폐업,호프/통닭,,,,상수도전용
주택가주변,,호프뱅크,분식,2004-07-26,185401.554988288,448628.890103617,2026-05-01 22:35:42,I,02,폐업,31.21,,,,2,기타,,,,2002-04-15 00:00:00,1991-01-14,31.21,157-925,서울특별시 강서구 화곡동 1070-15,N,0,3150000-101-1991-02911,,3150000,,,03,폐업,분식,02-690-3711,,,상수도전용
,,치킨에게 문어바,통닭(치킨),2017-03-28,168950.36271031,432597.078074858,2026-05-01 22:50:25,I,02,폐업,51.87,,,,,,,,,2017-03-28 15:27:58,2014-11-27,51.87,406-081,인천광역시 연수구 송도동 3-2 드림시티 138호,N,,3520000-101-2014-00397,,3520000,"인천광역시 연수구 컨벤시아대로 81, 지상1층 138호 (송도동, 드림시티)",21995,03,폐업,통닭(치킨),032-834-7576,,,상수도전용
,,로즈(ROSE),감성주점,,168279.441452296,431469.459361061,2026-05-01 22:50:43,I,01,영업,50,,,,,,,,,2024-03-22 13:51:38,2020-06-01,50.00,406-081,인천광역시 연수구 송도동 8-20 송도캐슬센트럴파크,N,,3520000-101-2020-00168,,3520000,"인천광역시 연수구 하모니로138번길 11, 송도캐슬센트럴파크 101동 106호 (송도동)",21998,01,영업/정상,감성주점,,,,
,,짝태앤노가리,호프/통닭,2019-01-07,193079.112447227,449456.503306624,2026-05-01 22:47:03,I,02,폐업,63.15,,,,,,,,,2019-01-07 16:44:11,2017-06-13,63.15,121-829,서울특별시 마포구 상수동 328-4,N,,3130000-101-2017-00497,,3130000,"서울특별시 마포구 와우산로 29-8 (상수동, 지층)",04074,03,폐업,호프/통닭,,,,
,,거북이,까페,,195930.706216537,449522.090042763,2026-05-01 22:46:30,I,01,영업,27.3,,,,,,,,,2016-02-18 11:15:23,2012-11-27,27.30,121-803,서울특별시 마포구 공덕동 242-30,N,,3130000-101-2012-00725,,3130000,서울특별시 마포구 마포대로12길 22 (공덕동),04211,01,영업/정상,까페,,,,
,,군산아구찜,한식,2006-06-20,195146.331205727,454436.709124704,2026-05-01 22:41:02,I,02,폐업,26.4,,,,0,,,,,2002-02-27 00:00:00,2000-11-21,26.40,120-857,서울특별시 서대문구 홍제동 266-251,N,0,3120000-101-2000-10393,,3120000,,,03,폐업,한식,02-391-1915,,,상수도전용
주택가주변,,자전거도둑,분식,2002-06-04,193154.241766348,450243.078896511,2026-05-01 22:42:02,I,02,폐업,77.78,,,,0,을,,,,2000-04-19 00:00:00,1992-01-06,77.78,121-837,서울특별시 마포구 서교동 345-26 지하1층,N,0,3130000-101-1992-04543,,3130000,,,03,폐업,분식,02-334-9895,,,상수도전용
기타,,대송,일식,2005-03-17,194017.556541053,450511.163904995,2026-05-01 22:38:51,I,02,폐업,46.5,,,,1,기타,,,,2001-09-30 00:00:00,1993-05-29,46.50,120-834,서울특별시 서대문구 창천동 72-34,N,1,3120000-101-1993-01550,,3120000,,,03,폐업,일식,02-326-3090,,,상수도전용
,,모노치즈 이대역점,까페,2024-08-29,195214.283269789,450480.133815835,2026-05-01 22:46:24,I,02,폐업,102.3,,,,,,,,,2024-08-29 09:06:22,2012-01-19,102.30,121-870,서울특별시 마포구 염리동 8-31,N,,3130000-101-2012-00027,,3130000,"서울특별시 마포구 신촌로 190 (염리동, 1~2층 일부)",04113,03,폐업,까페,,,,
,,제로통신,기타,2020-07-20,192351.183823129,453240.382636344,2026-05-01 22:42:38,I,02,폐업,33,,,,,,,,,2020-07-20 16:16:34,2015-06-22,33.00,120-812,서울특별시 서대문구 북가좌동 291-2,N,,3120000-101-2015-00179,,3120000,"서울특별시 서대문구 증가로 223, 지상1층 (북가좌동)",03682,03,폐업,기타,,,,
,,붐,한식,2011-11-04,183993.393147385,449605.865701793,2026-05-01 22:40:27,I,02,폐업,0,,,,,,,,,2011-11-04 13:12:42,2003-02-24,,157-290,서울특별시 강서구 외발산동 282-2 (지하 1층),N,,3150000-101-2003-00095,,3150000,"서울특별시 강서구 남부순환로 지하 188, 1층 (외발산동)",,03,폐업,한식,,,,
주택가주변,,돌미네,한식,1989-11-06,186362.826061265,449168.400636929,2026-05-01 22:35:06,I,02,폐업,25.7,,,,0,지도,,,,2002-07-26 00:00:00,1988-12-05,25.70,157-866,서울특별시 강서구 화곡동 24-196,N,1,3150000-101-1988-03151,,3150000,,,03,폐업,한식,02-0699-5527,,,상수도전용
주택가주변,,고향가마솥,한식,2005-03-17,193799.440804278,452050.972571022,2026-05-01 22:40:30,I,02,폐업,28.49,,,,0,기타,,,,2002-02-18 00:00:00,1998-04-14,28.49,120-824,서울특별시 서대문구 연희동 95-36,N,0,3120000-101-1998-09074,,3120000,,,03,폐업,한식,02-0000-0000,,,상수도전용
,,시즈카,일식,2019-01-10,193313.101853171,451123.183073955,2026-05-01 22:47:11,I,02,폐업,29.03,,,,,,,,,2019-01-10 11:24:09,2018-06-26,29.03,121-867,서울특별시 마포구 연남동 390-92 수앤지빌,N,,3130000-101-2018-00568,,3130000,"서울특별시 마포구 동교로38안길 17, 수앤지빌 1층 (연남동)",03982,03,폐업,일식,,,,
,,옛날불고기,한식,2016-11-14,192757.417400734,453357.862166444,2026-05-01 22:42:14,I,02,폐업,92.13,,,,,,,,,2016-11-15 14:19:23,2011-10-26,92.13,120-810,서울특별시 서대문구 북가좌동 3-64 나동 1층,N,,3120000-101-2011-00241,,3120000,"서울특별시 서대문구 증가로20길 75 (북가좌동,나동 1층)",03668,03,폐업,한식,,,,
,,더프리미엄,한식,2023-08-30,194265.067639805,450433.691021245,2026-05-01 22:44:29,I,02,폐업,0,,,,,,,,,2023-08-31 04:15:09,2023-08-03,,120-706,서울특별시 서대문구 창천동 30-33 현대백화점신촌점,N,,3120000-101-2023-00291,,3120000,"서울특별시 서대문구 신촌로 83, 현대백화점신촌점 지하1층 (창천동)",03789,03,폐업,한식,,,,
주택가주변,,감자돈까스,분식,2002-03-18,,,2026-05-01 22:41:11,I,02,폐업,26.4,,,,0,자율,,,,2001-11-16 00:00:00,2001-11-16,26.40,120-100,서울특별시 서대문구 홍은동 446-1,N,0,3120000-101-2001-10826,,3120000,,,03,폐업,분식,,,,상수도전용
,,금덕푸드,기타,2022-10-27,169690.265503087,431199.593676188,2026-05-01 22:50:54,I,02,폐업,0,,,,,,,,,2022-10-28 04:15:09,2022-10-11,,406-081,인천광역시 연수구 송도동 168-1 현대프리미엄 아울렛 송도점,N,,3520000-101-2022-00497,,3520000,"인천광역시 연수구 송도국제대로 123, 현대프리미엄 아울렛 송도점 지상1층 (송도동)",21984,03,폐업,기타,,,,
,,우리곱창,한식,2007-04-18,,,2026-05-01 22:41:23,I,02,폐업,52.79,,,,0,,,,,2006-09-05 00:00:00,2003-11-25,52.79,120-120,"서울특별시 서대문구 남가좌동 258-23 ,24",N,0,3120000-101-2003-00424,,3120000,,,03,폐업,한식,02-374-1643,,,상수도전용
,,명동순대국,한식,2024-10-15,186172.44015429,450730.562048105,2026-05-01 22:44:48,I,02,폐업,20,,,,,,,,,2024-10-15 15:40:35,2022-02-16,20.00,157-930,서울특별시 강서구 등촌동 667-12,N,,3150000-101-2022-00099,,3150000,"서울특별시 강서구 강서로54길 101, 1층 (등촌동)",07591,03,폐업,한식,,,,상수도전용
기타,,연궁복집,한식,2019-04-08,193825.140958963,451724.520781803,2026-05-01 22:40:38,I,02,폐업,129.62,,,,0,기타,,,,2019-04-08 13:27:50,1999-06-05,129.62,120-825,서울특별시 서대문구 연희동 137-13,Y,0,3120000-101-1999-03870,,3120000,서울특별시 서대문구 연희맛로 34 (연희동),03708,03,폐업,한식,02-323-5166,,,상수도전용
기타,,레벤호프치킨,분식,1995-08-30,191324.47820999,450490.080675634,2026-05-01 22:42:11,I,02,폐업,27.74,,,,,기타,,,,2001-10-04 00:00:00,1993-04-29,27.74,121-903,서울특별시 마포구 망원동 416-43,N,,3130000-101-1993-06781,,3130000,,,03,폐업,분식,02-325-2007,,,상수도전용
주택가주변,,프린스치킨남가좌점,분식,2004-04-19,,,2026-05-01 22:36:26,I,02,폐업,33.45,,,,1,을,,,,2001-09-30 00:00:00,1979-02-03,33.45,120-805,서울특별시 서대문구 남가좌동 267-11 지상1층,N,0,3120000-101-1979-04400,,3120000,,,03,폐업,분식,02-374-3845,,,상수도전용
,,연남상회,기타,2025-07-09,193346.584146218,451120.998334039,2026-05-01 22:48:04,I,02,폐업,66.99,,,,,,,,,2025-07-09 17:28:38,2024-04-30,66.99,121-867,서울특별시 마포구 연남동 387-24,N,,3130000-101-2024-00378,,3130000,"서울특별시 마포구 동교로46길 14, 2층 (연남동)",03982,03,폐업,기타,,,,
,,전해주오,한식,2013-01-29,197073.021981074,451336.27707417,2026-05-01 22:41:38,I,02,폐업,35,,,,0,,,,,2012-11-02 15:51:41,2005-04-04,35.00,120-020,서울특별시 서대문구 미근동 198,N,0,3120000-101-2005-00063,,3120000,서울특별시 서대문구 통일로 105 (미근동),03739,03,폐업,한식,02-393-0615,,,상수도전용
,,수염,까페,,193431.975642115,450312.609670449,2026-05-01 22:46:06,I,01,영업,89.37,,,,,,,,,2014-04-01 10:45:26,2009-04-10,89.37,121-836,서울특별시 마포구 서교동 333-43 1층,N,,3130000-101-2009-00140,,3130000,"서울특별시 마포구 와우산로29마길 21, 1층 (서교동)",04053,01,영업/정상,까페,,,,
유흥업소밀집지역,,하우스라운지,정종/대포집/소주방,,194192.793122657,450613.049388449,2026-05-01 22:40:07,I,01,영업,69.86,,,,0,기타,,,,2017-09-13 15:39:00,1997-03-27,69.86,120-834,서울특별시 서대문구 창천동 52-79,N,0,3120000-101-1997-02606,,3120000,서울특별시 서대문구 연세로7길 32 (창천동),03788,01,영업/정상,정종/대포집/소주방,,,,상수도전용
,,꽉찬김밥,경양식,,183768.696418792,451652.621602431,2026-05-01 22:43:39,I,01,영업,22.05,,,,,,,,,2026-03-19 11:35:09,2019-09-23,22.05,157-210,서울특별시 강서구 마곡동 739-1 마곡더블유타워(지상 1층) 125호,N,,3150000-101-2019-00534,,3150000,"서울특별시 강서구 방화대로 294, 마곡더블유타워 1층 125호 (마곡동)",07599,01,영업/정상,경양식,,,,상수도전용
주택가주변,,솔로,분식,1998-12-18,193731.766772402,451735.415921622,2026-05-01 22:40:05,I,02,폐업,25.37,,,,,기타,,,,2001-09-30 00:00:00,1997-05-31,25.37,120-825,서울특별시 서대문구 연희동 132-48,N,,3120000-101-1997-02180,,3120000,,,03,폐업,분식,02-336-2694,,,상수도전용
주택가주변,,인생은아름다워,경양식,2024-11-28,183947.581676571,450289.265147433,2026-05-01 22:39:06,I,02,폐업,86.12,,,,0,,,,,2024-12-02 15:42:13,1999-07-22,86.12,157-816,서울특별시 강서구 공항동 1359-9 (지하 1층),N,2,3150000-101-1999-09117,,3150000,"서울특별시 강서구 방화대로6바길 4 (공항동,(지하 1층))",07645,03,폐업,경양식,02-661-3031,,,상수도전용
,,푸라닭 방화1호점,호프/통닭,2019-09-30,183242.500497164,452392.862590895,2026-05-01 22:43:39,I,02,폐업,42.18,,,,,,,,,2019-09-30 14:26:44,2019-08-30,42.18,157-849,서울특별시 강서구 방화동 483-5 대승프라자 101호,N,,3150000-101-2019-00497,,3150000,"서울특별시 강서구 금낭화로 91-2, 대승프라자 1층 101호 (방화동)",07516,03,폐업,호프/통닭,,,,상수도전용
,,배떡 송도점,경양식,,169064.212582321,432938.067579382,2026-05-01 22:50:38,I,01,영업,18.48,,,,,,,,,2021-07-01 12:42:21,2019-05-13,18.48,406-081,인천광역시 연수구 송도동 20-22 푸르지오월드마크 155호,N,,3520000-101-2019-00109,,3520000,"인천광역시 연수구 컨벤시아대로 50, 푸르지오월드마크 155호 (송도동, 푸르지오월드마크)",22001,01,영업/정상,경양식,032-833-0373,,,
기타,,바글바글캠프,한식,2004-11-15,187801.000416588,447727.963427133,2026-05-01 22:35:46,I,02,폐업,81.74,,,,2,지도,,,,2003-02-17 00:00:00,1991-08-06,81.74,157-897,서울특별시 강서구 화곡동 780-17,N,0,3150000-101-1991-05770,,3150000,,,03,폐업,한식,02-642-8003,,,상수도전용
,,엘리펀트,경양식,,186335.0375624,447888.385595649,2026-05-01 22:44:08,I,01,영업,102.81,,,,,,,,,2020-11-06 15:52:31,2020-11-06,102.81,157-879,서울특별시 강서구 화곡동 340-50,Y,,3150000-101-2020-00741,,3150000,"서울특별시 강서구 강서로 60-1, 지하1층 (화곡동)",07756,01,영업/정상,경양식,,,,상수도전용
,,더(The) 드실랭,경양식,,191263.451931121,452207.500653521,2026-05-01 22:47:03,I,01,영업,32.4,,,,,,,,,2023-07-27 11:39:31,2017-06-27,32.40,121-850,서울특별시 마포구 성산동 446,N,,3130000-101-2017-00548,,3130000,"서울특별시 마포구 월드컵북로 262 (성산동, 제2상가 110호)",03935,01,영업/정상,경양식,,,,
기타,,동해막국수,한식,2014-10-08,168713.710637157,435579.119748933,2026-05-01 22:49:59,I,02,폐업,264.52,,,,0,,,,,2014-05-14 11:23:25,2004-02-10,264.52,406-835,인천광역시 연수구 옥련동 481 (지상1층),N,0,3520000-101-2004-00023,,3520000,"인천광역시 연수구 능허대로151번길 30 (옥련동,(지상1층))",21946,03,폐업,한식,032-833-3539,,,상수도전용
,,보이드(VOID),기타,2023-12-13,192360.255374728,451217.015483813,2026-05-01 22:47:19,I,02,폐업,40.5,,,,,,,,,2023-12-13 16:10:13,2019-06-10,40.50,121-844,서울특별시 마포구 성산동 108-5,N,,3130000-101-2019-00460,,3130000,"서울특별시 마포구 월드컵북로12안길 35, 지1층 (성산동)",03973,03,폐업,기타,,,,
,,장모네 두마리치킨,호프/통닭,2021-03-31,192874.514454351,452525.219515622,2026-05-01 22:43:40,I,02,폐업,33.8,,,,,,,,,2021-03-31 15:13:09,2020-02-04,33.80,120-758,서울특별시 서대문구 남가좌동 376 남가좌동현대아파트 상가1동 1층 105호,N,,3120000-101-2020-00027,,3120000,"서울특별시 서대문구 가재울로 45, 상가1동 1층 105호 (남가좌동, 남가좌동현대아파트)",03710,03,폐업,호프/통닭,02-372-7777,,,
,,힐링,경양식,2019-06-14,195559.825521591,448801.641872705,2026-05-01 22:46:15,I,02,폐업,89.97,,,,,,,,,2019-06-20 09:33:52,2010-11-08,89.97,121-812,서울특별시 마포구 도화동 182-3 2층,N,,3130000-101-2010-00608,,3130000,"서울특별시 마포구 도화4길 7 (도화동, 2층)",04169,03,폐업,경양식,,,,
주택가주변,,속초산오징어,일식,2009-12-21,187857.929156111,449715.588190137,2026-05-01 22:39:44,I,02,폐업,30.8,,,,1,,,,,2009-12-21 10:39:20,2000-11-27,30.80,157-836,서울특별시 강서구 등촌동 507-8 (지상 1층),N,0,3150000-101-2000-09257,,3150000,,,03,폐업,일식,02-2647-1646,,,상수도전용
주택가주변,,청진동해장국,한식,2022-05-26,194722.647685251,450434.656581416,2026-05-01 22:41:59,I,02,폐업,78.6,,,,0,기타,,,,2022-05-26 11:43:59,1992-07-03,78.60,121-806,서울특별시 마포구 노고산동 1-23,N,0,3130000-101-1992-01027,,3130000,"서울특별시 마포구 신촌로 140, 1층 (노고산동)",04104,03,폐업,한식,02-714-8005,,,상수도전용
,,쏙닭쏙닭,호프/통닭,,171251.627855215,434354.931922556,2026-05-01 22:50:29,I,01,영업,21.9,,,,,,,,,2016-05-23 09:10:27,2016-05-20,21.90,406-826,인천광역시 연수구 동춘동 923 동아금호상가 106호,N,,3520000-101-2016-00146,,3520000,"인천광역시 연수구 청능대로 124 (동춘동, 동아금호상가 106호)",21967,01,영업/정상,호프/통닭,,,,
주택가주변,,이모네,한식,2005-12-09,195170.24447122,449277.746115896,2026-05-01 22:45:19,I,02,폐업,13.65,,,,0,자율,,,,2004-12-23 00:00:00,2003-09-04,13.65,121-873,서울특별시 마포구 염리동 159-2 1층,N,0,3130000-101-2003-00507,,3130000,,,03,폐업,한식,,,,상수도전용
,,부자네,분식,2019-06-18,195782.167947617,449467.125357845,2026-05-01 22:46:48,I,02,폐업,31.1,,,,,,,,,2019-06-18 14:17:57,2015-04-14,31.10,,,N,,3130000-101-2015-00252,,3130000,"서울특별시 마포구 마포대로 143, 2층 201호 (공덕동)",04143,03,폐업,분식,,,,
,,민영활어공장,일식,,168780.099913799,432168.287166052,2026-05-01 22:50:48,I,01,영업,155.52,,,,,,,,,2025-01-17 17:23:50,2021-03-03,155.52,406-081,인천광역시 연수구 송도동 4-1 송도 더샵 퍼스트월드,N,,3520000-101-2021-00110,,3520000,"인천광역시 연수구 해돋이로 107, H동 상가3호,상가4호 (송도동, 송도 더샵 퍼스트월드)",21997,01,영업/정상,일식,,,,
,,매반생면,한식,,187645.622009373,450792.695579673,2026-05-01 22:42:01,I,01,영업,68.24,,,,,,,,,2014-12-15 16:34:01,2012-07-04,68.24,157-804,서울특별시 강서구 가양동 449-4 외2필지 한화비즈메트로1차 (지상 1층) 105호,N,,3150000-101-2012-00201,,3150000,"서울특별시 강서구 양천로 551-17, 1층 105호 (가양동, 한화비즈메트로1차)",07532,01,영업/정상,한식,02-6340-6255,,,상수도전용
,,대복장,중국식,2012-12-17,194263.930545592,452290.107238436,2026-05-01 22:36:21,I,02,폐업,69.96,,,,0,,,,,2012-09-09 14:20:35,1976-04-27,69.96,120-829,서울특별시 서대문구 연희동 79-10,N,2,3120000-101-1976-00778,,3120000,,,03,폐업,중국식,02-336-6590,,,
,,무교동낙지생각,한식,2008-05-30,195048.368459856,449214.083650656,2026-05-01 22:45:24,I,02,폐업,71,,,,2,,,,,2004-03-04 00:00:00,2004-03-04,71.00,121-874,서울특별시 마포구 염리동 161-3 별관 1층,N,0,3130000-101-2004-00108,,3130000,,,03,폐업,한식,02-3273-0302,,,상수도전용
주택가주변,,한국관,한식,2015-06-30,189105.07422413,449556.570273852,2026-05-01 22:34:37,I,02,폐업,533.13,,,,9,우수,,,,2010-03-09 08:44:50,1984-08-11,533.13,157-862,서울특별시 강서구 염창동 261-8,N,6,3150000-101-1984-05843,,3150000,서울특별시 강서구 공항대로 653-19 (염창동),07557,03,폐업,한식,02-3664-0534,,,상수도전용
,,냉삼이오,기타,,195471.083449276,448793.836786682,2026-05-01 22:48:05,I,01,영업,49.5,,,,,,,,,2024-07-22 13:03:45,2024-07-05,49.50,121-812,서울특별시 마포구 도화동 179-1,N,,3130000-101-2024-00593,,3130000,"서울특별시 마포구 도화길 35, 1층 (도화동)",04168,01,영업/정상,기타,,,,
,,도토리칼국수,한식,2017-12-20,194825.851170039,449386.127736624,2026-05-01 22:46:23,I,02,폐업,47.47,,,,,,,,,2017-12-20 15:18:48,2011-11-11,47.47,121-809,서울특별시 마포구 대흥동 245-13 1층,N,,3130000-101-2011-00733,,3130000,서울특별시 마포구 백범로16안길 3 (대흥동),04149,03,폐업,한식,,,,
기타,,밀레니엄호프,호프/통닭,2003-10-16,182924.505322144,451175.952498834,2026-05-01 22:39:17,I,02,폐업,77.77,,,,1,,,,,2002-07-24 00:00:00,2000-02-09,77.77,157-853,서울특별시 강서구 방화동 619-7,N,1,3150000-101-2000-09121,,3150000,,,03,폐업,호프/통닭,02-663-1511,,,상수도전용
,,맛술사,정종/대포집/소주방,2020-12-10,185605.353349219,452617.040420089,2026-05-01 22:42:39,I,02,폐업,22.68,,,,,,,,,2020-12-10 16:22:57,2017-06-14,22.68,157-210,서울특별시 강서구 마곡동 429-0 벽산아파트 (지상 1층) 상가동 107호,N,,3150000-101-2017-00274,,3150000,"서울특별시 강서구 양천로47길 118, 상가동 1층 107호 (마곡동, 가양 1동 벽산아파트)",07522,03,폐업,정종/대포집/소주방,,,,상수도전용
유흥업소밀집지역,,하이트클래스,호프/통닭,2009-12-11,171188.905739929,435057.083725333,2026-05-01 22:49:57,I,02,폐업,63,,,,0,,,,,2005-07-27 00:00:00,2003-06-10,63.00,406-831,"인천광역시 연수구 청학동 497-6 101,102호",N,0,3520000-101-2003-00155,,3520000,,,03,폐업,호프/통닭,,,,상수도전용
유흥업소밀집지역,,러브,정종/대포집/소주방,2004-07-02,186573.865161121,447634.245648019,2026-05-01 22:39:53,I,02,폐업,23.04,,,,1,,,,,2001-10-17 00:00:00,2001-10-17,23.04,157-880,서울특별시 강서구 화곡동 342-99,N,0,3150000-101-2001-09151,,3150000,,,03,폐업,정종/대포집/소주방,,,,상수도전용
,,조블라(JOVULAR),기타,,193315.200161457,450387.524618648,2026-05-01 22:47:54,I,01,영업,121.41,,,,,,,,,2026-02-11 15:32:22,2023-02-07,121.41,121-837,서울특별시 마포구 서교동 347-3,N,,3130000-101-2023-00093,,3130000,"서울특별시 마포구 어울마당로 136-10, 1,2층 (서교동)",04053,01,영업/정상,기타,,,,
,,서울컨설팅,한식,2022-02-08,193137.596233063,449928.34896598,2026-05-01 22:47:13,I,02,폐업,82.08,,,,,,,,,2022-02-25 17:23:57,2018-10-05,82.08,121-837,서울특별시 마포구 서교동 362-4,N,,3130000-101-2018-00898,,3130000,"서울특별시 마포구 와우산로 79, 6층 (서교동)",04041,03,폐업,한식,,,,
,,시작,호프/통닭,2024-03-04,193277.521003124,450504.851599878,2026-05-01 22:46:54,I,02,폐업,92.6,,,,,,,,,2024-03-04 14:52:03,2016-03-16,92.60,121-818,서울특별시 마포구 동교동 166-11 2층,N,,3130000-101-2016-00180,,3130000,"서울특별시 마포구 양화로18길 9, 2층 (동교동)",04051,03,폐업,호프/통닭,,,,
기타,,신촌굴다리집,한식,2000-07-13,194764.36556278,450783.521691733,2026-05-01 22:40:08,I,02,폐업,39.73,,,,,기타,,,,2000-07-13 00:00:00,1997-08-06,39.73,120-809,서울특별시 서대문구 대현동 121-24,N,,3120000-101-1997-03739,,3120000,,,03,폐업,한식,02-0363-2193,,,상수도전용
,,자연채 쌈밥,한식,,185932.035421161,451560.536861728,2026-05-01 22:42:27,I,01,영업,82.5,,,,,,,,,2022-05-12 16:03:53,2016-03-24,82.50,157-930,서울특별시 강서구 등촌동 683-0 (지상 1층),N,,3150000-101-2016-00095,,3150000,"서울특별시 강서구 강서로68길 12, 1층 (등촌동, 3동)",07582,01,영업/정상,한식,02-3661-8228,,,
,,예성이네떡볶이,분식,2011-09-26,187080.5779041,450029.839445926,2026-05-01 22:41:39,I,02,폐업,26.4,,,,,,,,,2011-11-02 15:21:33,2010-06-04,26.40,157-928,서울특별시 강서구 화곡동 1129-5 (지상 1층),N,,3150000-101-2010-00176,,3150000,"서울특별시 강서구 화곡로58길 67, 1층 (화곡동, 6동)",07655,03,폐업,분식,,,,상수도전용
주택가주변,,길목주막,정종/대포집/소주방,1995-10-11,192218.08094642,453230.778496617,2026-05-01 22:39:45,I,02,폐업,77.86,,,,1,자율,,,,2001-09-30 00:00:00,1995-06-26,77.86,120-812,서울특별시 서대문구 북가좌동 293-3,N,0,3120000-101-1995-04218,,3120000,,,03,폐업,정종/대포집/소주방,02-304-7150,,,상수도전용
,,구진포 숯불민물장어,한식,,186437.390021875,447472.670706556,2026-05-01 22:45:27,I,01,영업,39.56,,,,,,,,,2024-04-18 10:29:38,2024-04-18,39.56,157-909,서울특별시 강서구 화곡동 903-10,N,,3150000-101-2024-00254,,3150000,"서울특별시 강서구 곰달래로24길 27, 1층 일부호 (화곡동)",07778,01,영업/정상,한식,,,,상수도전용
,,용익진 명장어묵,기타,2019-09-02,169690.265503087,431199.593676188,2026-05-01 22:50:40,I,02,폐업,13.22,,,,,,,,,2019-09-02 19:05:24,2019-08-01,13.22,406-081,인천광역시 연수구 송도동 168-1 현대프리미엄 아울렛 송도점,N,,3520000-101-2019-00231,,3520000,"인천광역시 연수구 송도국제대로 123, 현대프리미엄 아울렛 송도점 지하1층 일부호 (송도동)",21984,03,폐업,기타,,,,
,,뉴신촌회관,한식,2017-08-03,194855.910937446,450573.690449065,2026-05-01 22:42:46,I,02,폐업,454,,,,,,,,,2017-08-03 13:59:50,2016-11-17,454.00,120-809,서울특별시 서대문구 대현동 104-5 3층,Y,,3120000-101-2016-00298,,3120000,"서울특별시 서대문구 신촌역로 7, 3층 (대현동)",03780,03,폐업,한식,,,,
,,철판집,호프/통닭,,192648.168460712,449656.432691948,2026-05-01 22:47:07,I,01,영업,21.87,,,,,,,,,2025-01-10 17:21:33,2017-12-13,21.87,121-840,서울특별시 마포구 서교동 396-21 1층,N,,3130000-101-2017-01052,,3130000,"서울특별시 마포구 독막로3길 24-11, 1층 (서교동)",04047,01,영업/정상,호프/통닭,,,,
기타,,갈곰탕,한식,1997-09-23,185854.00759351,448748.967174211,2026-05-01 22:36:49,I,02,폐업,37.35,,,,0,기타,,,,2001-09-28 00:00:00,1995-11-27,37.35,157-925,서울특별시 강서구 화곡동 1075-25,N,0,3150000-101-1995-04983,,3150000,,,03,폐업,한식,02-693-5705,,,상수도전용
주택가주변,,왕눈이식당,한식,1998-06-19,,,2026-05-01 22:36:37,I,02,폐업,15.83,,,,0,기타,,,,2001-09-28 00:00:00,1994-04-18,15.83,157-909,서울특별시 강서구 화곡동 902-5,N,0,3150000-101-1994-05995,,3150000,,,03,폐업,한식,02-691-3225,,,상수도전용
아파트지역,,흑룡각,중국식,2013-08-21,186336.003796738,450960.614576167,2026-05-01 22:36:48,I,02,폐업,75.48,,,,0,기타,,,,2013-08-22 09:43:36,1995-09-27,75.48,157-930,"서울특별시 강서구 등촌동 697-1 (지상 2층) 201,201-1호",N,0,3150000-101-1995-04124,,3150000,"서울특별시 강서구 공항대로41길 65, 201,201-1호 (등촌동,(지상 2층))",07586,03,폐업,중국식,02-2658-5586,,,상수도전용
,,콩심등촌역점,한식,2023-10-18,187863.894496358,449788.036698656,2026-05-01 22:41:41,I,02,폐업,63.36,,,,,,,,,2023-10-18 16:09:56,2010-08-17,63.36,157-836,서울특별시 강서구 등촌동 507-1 (지상 1층),N,,3150000-101-2010-00268,,3150000,"서울특별시 강서구 등촌로 229-1, 1층 (등촌동, 2동)",,03,폐업,한식,02-2644-5383,,,상수도전용
,,우재카츠,일식,2025-07-01,187312.070179248,450345.904913929,2026-05-01 22:45:37,I,02,폐업,74.47,,,,,,,,,2025-07-01 13:30:10,2024-11-08,74.47,157-842,서울특별시 강서구 등촌동 654-17,N,,3150000-101-2024-00696,,3150000,"서울특별시 강서구 공항대로49길 5-17, 1층 일부호 (등촌동)",07571,03,폐업,일식,,,,상수도전용
,,밀베이스,한식,2022-09-14,186434.993676341,449835.549006483,2026-05-01 22:44:29,I,02,폐업,40,,,,,,,,,2022-09-14 11:38:00,2021-05-14,40.00,157-916,서울특별시 강서구 화곡동 989-6,N,,3150000-101-2021-00325,,3150000,"서울특별시 강서구 화곡로51길 18, 1층 102호 (화곡동)",07688,03,폐업,한식,,,,
,,김명숙원조녹두빈대떡,한식,2009-11-06,167364.915824814,432354.40433944,2026-05-01 22:50:12,I,02,폐업,0,,,,,,,,,2009-08-18 16:45:55,2009-08-18,,406-081,인천광역시 연수구 송도동 33-1 아름별이 장터 내,N,,3520000-101-2009-00250,,3520000,,,03,폐업,한식,,,,
,,곤드레만드레,한식,2012-12-04,192853.039654525,452384.498790879,2026-05-01 22:41:10,I,02,폐업,59.4,,,,0,,,,,2009-03-30 17:17:40,2001-10-20,59.40,120-802,서울특별시 서대문구 남가좌동 124-501,N,0,3120000-101-2001-10760,,3120000,,,03,폐업,한식,02-373-7931,,,상수도전용
,,보리밥,한식,2017-09-01,194927.103464053,454241.939896723,2026-05-01 22:42:41,I,02,폐업,19,,,,,,,,,2017-09-01 14:17:51,2015-10-13,19.00,120-857,서울특별시 서대문구 홍제동 299-49 나동 8호,N,,3120000-101-2015-00298,,3120000,"서울특별시 서대문구 통일로40안길 3-1 (홍제동, 나동 8호)",03628,03,폐업,한식,,,,
,,장수보감,한식,,194436.143669896,450206.007639856,2026-05-01 22:46:12,I,01,영업,95,,,,,,,,,2021-05-12 22:26:42,2010-06-01,95.00,121-806,서울특별시 마포구 노고산동 31-50,N,,3130000-101-2010-00287,,3130000,"서울특별시 마포구 백범로1길 8-7, 1층 (노고산동)",04102,01,영업/정상,한식,02-703-7558,,,
주택가주변,,투다리,분식,1997-11-17,191601.358560563,450913.876657689,2026-05-01 22:41:41,I,02,폐업,21.75,,,,,기타,,,,2001-10-04 00:00:00,1986-10-06,21.75,121-827,서울특별시 마포구 망원동 477-9,N,,3130000-101-1986-05141,,3130000,,,03,폐업,분식,02-324-7592,,,상수도전용
주택가주변,,하이트광장,분식,2013-07-26,195145.69751196,448523.135020422,2026-05-01 22:43:58,I,02,폐업,33.05,,,,0,자율,,,,2013-09-23 14:16:03,1999-11-17,33.05,121-050,서울특별시 마포구 마포동 182-0 1층,N,1,3130000-101-1999-07952,,3130000,,,03,폐업,분식,02-703-0592,,,상수도전용
,,골목갈비,한식,2009-08-27,195669.833758286,448825.65571783,2026-05-01 22:46:02,I,02,폐업,23.17,,,,2,,,,,2008-05-30 11:05:55,2008-05-15,23.17,121-812,서울특별시 마포구 도화동 184-22 1층,N,,3130000-101-2008-00229,,3130000,,,03,폐업,한식,,,,상수도전용
,,페이퍼로빈,까페,2015-10-22,193227.518371856,450310.188279235,2026-05-01 22:46:44,I,02,폐업,25,,,,,,,,,2014-10-08 17:03:38,2014-10-08,25.00,121-837,서울특별시 마포구 서교동 346-50,N,,3130000-101-2014-00807,,3130000,"서울특별시 마포구 홍익로2길 31, 지1층 (서교동)",04055,03,폐업,까페,,,,
,,이케멘,일식,2021-06-30,193278.423430179,450749.537808553,2026-05-01 22:46:35,I,02,폐업,61.93,,,,,,,,,2021-06-30 14:59:42,2013-11-21,61.93,121-816,서울특별시 마포구 동교동 154-29,N,,3130000-101-2013-00666,,3130000,"서울특별시 마포구 양화로19길 22-30 (동교동, 1층)",03994,03,폐업,일식,,,,
,,까페달콤(모아바),기타,2024-04-17,195120.309315767,449572.230729258,2026-05-01 22:47:10,I,02,폐업,59.75,,,,,,,,,2024-04-17 16:16:13,2018-05-03,59.75,121-872,서울특별시 마포구 염리동 98-48,N,,3130000-101-2018-00412,,3130000,"서울특별시 마포구 숭문길 44, 1층일부 (염리동)",04138,03,폐업,기타,,,,
,,난다투어,기타,2017-07-05,192884.18207949,450036.927771003,2026-05-01 22:46:55,I,02,폐업,45,,,,,,,,,2017-07-05 14:54:24,2016-04-25,45.00,121-893,서울특별시 마포구 서교동 369-18 마에스트로 1층일부,N,,3130000-101-2016-00296,,3130000,"서울특별시 마포구 홍익로5안길 55 (서교동, 마에스트로 1층일부)",04039,03,폐업,기타,,,,
,,땡스2,호프/통닭,2014-08-12,193447.881476638,450388.950534041,2026-05-01 22:46:32,I,02,폐업,29.92,,,,,,,,,2013-04-03 16:59:30,2013-04-03,29.92,121-836,서울특별시 마포구 서교동 332-6,N,,3130000-101-2013-00157,,3130000,"서울특별시 마포구 와우산로29마길 8 (서교동, 101호)",04053,03,폐업,호프/통닭,,,,
,,작은마을,한식,2020-10-28,191350.314927154,450549.095136426,2026-05-01 22:47:06,I,02,폐업,41.3,,,,,,,,,2020-10-28 08:59:13,2017-11-16,41.30,121-823,서울특별시 마포구 망원동 421-17,N,,3130000-101-2017-00966,,3130000,"서울특별시 마포구 망원로 55-3, 1층 (망원동, 왼쪽)",03958,03,폐업,한식,,,,
,,매니아,분식,2023-09-15,194438.881682145,450145.748300097,2026-05-01 22:47:22,I,02,폐업,42.95,,,,,,,,,2023-09-15 17:24:39,2019-12-02,42.95,121-806,서울특별시 마포구 노고산동 31-76,N,,3130000-101-2019-00986,,3130000,"서울특별시 마포구 고산길 13, 1층 (노고산동)",04102,03,폐업,분식,,,,
기타,,본동포장마차,분식,1999-01-04,186505.063102511,449383.541650631,2026-05-01 22:38:03,I,02,폐업,16.46,,,,1,기타,,,,2001-09-28 00:00:00,1997-10-21,16.46,157-895,서울특별시 강서구 화곡동 29-173,N,,3150000-101-1997-02021,,3150000,,,03,폐업,분식,02-608-3463,,,상수도전용
,,대왕고추장불고기,기타,,192948.475140664,449982.579592678,2026-05-01 22:48:09,I,01,영업,73.24,,,,,,,,,2026-04-21 11:41:28,2025-04-01,73.24,121-893,서울특별시 마포구 서교동 366-11,N,,3130000-101-2025-00192,,3130000,"서울특별시 마포구 잔다리로6길 34-6, 2층 (서교동)",04042,01,영업/정상,기타,,,,
주택가주변,,비에이치씨까치산역점,통닭(치킨),,186517.683446471,447595.248777457,2026-05-01 22:41:09,I,01,영업,95.42,,,,1,자율,,,,2016-06-02 14:57:41,2006-01-12,95.42,157-908,서울특별시 강서구 화곡동 897-17 (지상 1층),N,3,3150000-101-2006-00014,,3150000,"서울특별시 강서구 곰달래로 138-1, 1층 (화곡동, 8동)",07781,01,영업/정상,통닭(치킨),02-2692-9288,,,상수도전용
주택가주변,,꽁시면관홍대점,호프/통닭,2012-06-18,193111.819258314,450237.849372072,2026-05-01 22:45:27,I,02,폐업,171.22,,,,0,자율,,,,2007-11-12 17:25:33,2004-06-21,171.22,121-837,서울특별시 마포구 서교동 345-30 2층,N,0,3130000-101-2004-00363,,3130000,,,03,폐업,호프/통닭,,,,
주택가주변,,멕시칸치킨,호프/통닭,2003-05-26,191496.491924243,450841.935279353,2026-05-01 22:44:42,I,02,폐업,20.1,,,,1,,,,,2001-11-09 00:00:00,2001-05-08,20.10,121-826,서울특별시 마포구 망원동 476-30,N,0,3130000-101-2001-09151,,3130000,,,03,폐업,호프/통닭,,,,상수도전용
유흥업소밀집지역,,코지,정종/대포집/소주방,2001-02-01,185746.537520618,447523.386758036,2026-05-01 22:37:02,I,02,폐업,23.08,,,,0,자율,,,,2010-05-13 17:14:01,1995-12-26,23.08,157-910,서울특별시 강서구 화곡동 938-7,N,0,3150000-101-1995-08598,,3150000,,,03,폐업,정종/대포집/소주방,02-691-6006,,,상수도전용
,,참맛고을,한식,2011-03-07,185813.15048215,450434.088151226,2026-05-01 22:41:34,I,02,폐업,46.7,,,,,갑,,,,2010-07-09 09:42:09,2009-11-03,46.70,157-280,서울특별시 강서구 내발산동 657-0 우장산힐스테이트  (지상 1층) 상가2동 104호,N,,3150000-101-2009-00387,,3150000,,,03,폐업,한식,,,,상수도전용
,,본동버섯매운탕칼국수,한식,2011-03-22,186182.722373961,448907.62107022,2026-05-01 22:41:23,I,02,폐업,28.11,,,,,,,,,2010-12-15 13:28:05,2009-02-16,28.11,157-871,서울특별시 강서구 화곡동 98-82 (지상1층),N,,3150000-101-2009-00031,,3150000,,,03,폐업,한식,02-2695-1317,,,상수도전용
,,청도미나리식당 발산마곡점,한식,2024-06-27,185292.76664368,450863.026923918,2026-05-01 22:45:25,I,02,폐업,112.88,,,,,,,,,2024-06-27 13:33:55,2024-02-06,112.88,157-210,"서울특별시 강서구 마곡동 797-7 퀸즈파크텐 1층 110,111호",N,,3150000-101-2024-00088,,3150000,"서울특별시 강서구 마곡중앙6로 66, 퀸즈파크텐 1층 110,111호 (마곡동)",07803,03,폐업,한식,02-6411-9685,,,상수도전용
기타,,둥지,한식,1997-09-02,195166.651971699,450351.988433114,2026-05-01 22:41:32,I,02,폐업,16.2,,,,2,지도,,,,2001-10-04 00:00:00,1983-01-05,16.20,121-808,서울특별시 마포구 대흥동 2-48,N,0,3130000-101-1983-00857,,3130000,,,03,폐업,한식,02-712-7748,,,상수도전용
주택가주변,,한밝식당,분식,1999-10-09,193671.180240617,450262.835803692,2026-05-01 22:43:54,I,02,폐업,17.4,,,,0,기타,,,,1999-10-09 00:00:00,1999-09-17,17.40,121-836,서울특별시 마포구 서교동 337-1,N,0,3130000-101-1999-07789,,3130000,,,03,폐업,분식,,,,상수도전용
,,젠또요요,일식,,190877.746293711,452646.57428749,2026-05-01 22:47:54,I,01,영업,43.86,,,,,,,,,2023-02-27 10:24:30,2023-02-27,43.86,121-835,서울특별시 마포구 상암동 1515,N,,3130000-101-2023-00161,,3130000,"서울특별시 마포구 성암로13길 48, 1층 (상암동)",03930,01,영업/정상,일식,,,,
,,메가파티하우스,뷔페식,2021-02-08,185574.937191115,448716.274685045,2026-05-01 22:42:18,I,02,폐업,1485,,,,,,,,,2021-02-08 16:34:13,2015-04-03,"1,485.00",157-925,서울특별시 강서구 화곡동 1073-10 외 12필지 메가박스 (지하 1층),N,,3150000-101-2015-00128,,3150000,"서울특별시 강서구 화곡로 142, 지하 1층 (화곡동, 1동 메가박스)",07715,03,폐업,뷔페식,02-2696-1011,,,상수도전용
,,육회한낙지,한식,2025-08-06,184729.670153955,450716.326229816,2026-05-01 22:45:19,I,02,폐업,53.09,,,,,,,,,2025-08-06 17:27:04,2023-08-28,53.09,157-210,서울특별시 강서구 마곡동 799-7 A동 113호,N,,3150000-101-2023-00551,,3150000,"서울특별시 강서구 마곡중앙4로 10, A동 1층 113호 (마곡동)",07631,03,폐업,한식,,,,상수도전용
,,떼뮤즐레트,경양식,,193775.504052232,451619.244139762,2026-05-01 22:43:46,I,01,영업,36,,,,,,,,,2021-04-16 16:19:55,2021-04-16,36.00,120-825,서울특별시 서대문구 연희동 188-71,N,,3120000-101-2021-00129,,3120000,"서울특별시 서대문구 연희맛로 24, 1층 (연희동)",03708,01,영업/정상,경양식,,,,
,,버거리,한식,,193196.919545861,450391.566827739,2026-05-01 22:44:49,I,01,영업,32.44,,,,2,,,,,2021-04-29 10:56:37,2001-09-25,32.44,121-817,서울특별시 마포구 동교동 164-12,N,1,3130000-101-2001-09400,,3130000,"서울특별시 마포구 어울마당로 123-1 (동교동, 1층 일부)",04050,01,영업/정상,한식,,,,상수도전용
,,미성면가,기타,2024-10-30,190250.875091908,453017.867202928,2026-05-01 22:47:36,I,02,폐업,70.02,,,,,,,,,2024-10-30 13:47:05,2020-10-13,70.02,121-795,서울특별시 마포구 상암동 1605 누리꿈스퀘어,Y,,3130000-101-2020-00834,,3130000,"서울특별시 마포구 월드컵북로 396, 누리꿈스퀘어 지1층 B1079,B1080호 (상암동)",03925,03,폐업,기타,,,,
기타,,마로니에,경양식,1998-09-15,185766.036883246,447358.637705214,2026-05-01 22:35:56,I,02,폐업,62.35,,,,0,기타,,,,2001-09-28 00:00:00,1992-07-24,62.35,157-910,서울특별시 강서구 화곡동 935-14,N,0,3150000-101-1992-04017,,3150000,,,03,폐업,경양식,02-601-1400,,,상수도전용
,,카페 우우크,기타,2026-03-11,192482.264171904,451121.073852412,2026-05-01 22:47:54,I,02,폐업,72.15,,,,,,,,,2026-03-11 14:04:38,2023-03-06,72.15,121-843,서울특별시 마포구 성산동 17-2 인산빌딩,N,,3130000-101-2023-00190,,3130000,"서울특별시 마포구 월드컵북로12길 30, 인산빌딩 1층 (성산동)",03978,03,폐업,기타,,,,
기타,,친친,한식,2001-11-19,186378.231818091,450937.877207072,2026-05-01 22:38:42,I,02,폐업,55.86,,,,,기타,,,,2001-11-22 00:00:00,1998-06-19,55.86,157-930,서울특별시 강서구 등촌동 698-1,N,1,3150000-101-1998-01842,,3150000,,,03,폐업,한식,02-3662-7278,,,상수도전용
기타,,두리아,한식,2006-05-25,185617.497941805,449153.637971735,2026-05-01 22:38:58,I,02,폐업,61.25,,,,0,기타,,,,2002-10-17 00:00:00,1999-03-30,61.25,157-919,서울특별시 강서구 화곡동 1026-12,N,0,3150000-101-1999-06856,,3150000,,,03,폐업,한식,02-693-3158,,,상수도전용
,,등촌골,한식,2018-04-12,187648.510757141,449242.217885552,2026-05-01 22:42:02,I,02,폐업,66.33,,,,,,,,,2018-04-12 11:11:06,2012-09-20,66.33,157-836,서울특별시 강서구 등촌동 514-51 (지상 1층),N,,3150000-101-2012-00281,,3150000,"서울특별시 강서구 등촌로39길 17-8, 1층 (등촌동, 2동)",07668,03,폐업,한식,02-2648-8898,,,상수도전용
기타,,까치내국수집,한식,2012-11-28,,,2026-05-01 22:41:44,I,02,폐업,48.6,,,,,,,,,2011-10-17 15:42:40,2010-11-15,48.60,157-210,서울특별시 강서구 마곡동 1539 (지상1층),N,,3150000-101-2010-00379,,3150000,,,03,폐업,한식,02-2665-3733,,,상수도전용
기타,,본토막갈비,한식,2003-01-06,191226.630677656,450781.44737038,2026-05-01 22:42:42,I,02,폐업,51.29,,,,2,기타,,,,2000-10-02 00:00:00,1996-05-20,51.29,121-825,서울특별시 마포구 망원동 432-57,N,0,3130000-101-1996-01910,,3130000,,,03,폐업,한식,02-3142-8864,,,상수도전용
주택가주변,,신교령사골순대국(망원점),한식,2023-11-16,191732.231117905,450649.396047806,2026-05-01 22:45:40,I,02,폐업,52.8,,,,1,자율,,,,2023-11-16 16:28:13,2005-06-03,52.80,121-827,서울특별시 마포구 망원동 483-5,N,1,3130000-101-2005-00226,,3130000,"서울특별시 마포구 망원로11길 3 (망원동, 1층)",03964,03,폐업,한식,,,,
주택가주변,,마포닭곰탕,한식,2016-09-29,194388.04451418,448897.594572661,2026-05-01 22:45:34,I,02,폐업,39.6,,,,0,자율,,,,2013-07-30 16:42:59,2004-12-07,39.60,121-876,서울특별시 마포구 용강동 494-128,N,0,3130000-101-2004-00710,,3130000,"서울특별시 마포구 대흥로 14 (용강동, 1층)",04162,03,폐업,한식,02-2697-1989,,,상수도전용
,,스코프서울,호프/통닭,2019-03-19,193679.138046611,450563.583585719,2026-05-01 22:46:40,I,02,폐업,101.22,,,,,,,,,2019-03-20 09:18:27,2014-07-08,101.22,121-818,서울특별시 마포구 동교동 179-20,N,,3130000-101-2014-00536,,3130000,"서울특별시 마포구 신촌로4길 5-13, 1층 (동교동)",04056,03,폐업,호프/통닭,,,,
,,굴천지옥련점,기타,,168891.623556585,436243.609955904,2026-05-01 22:50:21,I,01,영업,140.3,,,,,,,,,2018-11-06 16:04:13,2013-04-30,140.30,406-838,인천광역시 연수구 옥련동 133-1 1층,N,,3520000-101-2013-00083,,3520000,"인천광역시 연수구 독배로90번길 70-4 (옥련동, 1층)",21948,01,영업/정상,기타,032-832-0900,,,
주택가주변,,정읍집,분식,2010-04-20,195271.097751667,450405.491625552,2026-05-01 22:46:03,I,02,폐업,16.5,,,,1,,,,,2009-05-13 13:24:52,2008-07-30,16.50,121-870,서울특별시 마포구 염리동 9-107 1층,N,1,3130000-101-2008-00379,,3130000,,,03,폐업,분식,,,,상수도전용
주택가주변,,시애틀,경양식,2011-10-17,192122.904806181,450277.896012461,2026-05-01 22:44:52,I,02,폐업,155.12,,,,4,,,,,2007-01-25 00:00:00,2002-01-08,155.12,121-896,서울특별시 마포구 서교동 476-20 3층,N,1,3130000-101-2002-00013,,3130000,,,03,폐업,경양식,02-335-5735,,,상수도전용
,,홍반장찹쌀순대,한식,2019-09-05,190896.536094037,452647.463621987,2026-05-01 22:46:07,I,02,폐업,139.43,,,,2,,,,,2019-09-05 17:26:57,2009-06-29,139.43,121-835,서울특별시 마포구 상암동 1286 1층,N,,3130000-101-2009-00289,,3130000,"서울특별시 마포구 성암로13길 47 (상암동,1층)",03930,03,폐업,한식,,,,상수도전용
주택가주변,,산호,호프/통닭,2013-04-17,,,2026-05-01 22:45:59,I,02,폐업,7,,,,1,,,,,2008-01-23 09:53:13,2007-10-25,7.00,121-873,서울특별시 마포구 염리동 160-63 1층,N,,3130000-101-2007-09599,,3130000,,,03,폐업,호프/통닭,,,,상수도전용
기타,,화화낙지,한식,2017-09-18,193166.430144679,450425.852790862,2026-05-01 22:45:50,I,02,폐업,24.97,,,,1,자율,,,,2017-09-18 10:50:15,2006-08-28,24.97,121-817,서울특별시 마포구 동교동 165-8 LG펠리스빌딩B1층129호,N,0,3130000-101-2006-00378,,3130000,"서울특별시 마포구 양화로 156, B1층 129호 (동교동, LG펠리스빌딩)",04050,03,폐업,한식,63830144,,,상수도전용
,,스시코미치,기타,2022-08-16,193087.827106561,450649.854969347,2026-05-01 22:47:32,I,02,폐업,86.59,,,,,,,,,2022-08-16 15:30:26,2020-06-22,86.59,121-819,서울특별시 마포구 동교동 200-33,N,,3130000-101-2020-00470,,3130000,"서울특별시 마포구 동교로27길 3-14, 1층 (동교동)",03993,03,폐업,기타,,,,
,,바라던밥,한식,2024-03-20,186361.031405789,448595.210427224,2026-05-01 22:42:33,I,02,폐업,26.7,,,,,,,,,2024-03-20 17:22:01,2016-11-16,26.70,157-872,서울특별시 강서구 화곡동 102-65 제선주택 (지상 1층) 101호,N,,3150000-101-2016-00405,,3150000,"서울특별시 강서구 강서로24길 69, 1층 101호 (화곡동, 제선주택)",07730,03,폐업,한식,02-2697-9292,,,상수도전용
,,이층집,한식,2020-12-29,186298.581244342,447851.931181373,2026-05-01 22:42:49,I,02,폐업,82,,,,,,,,,2020-12-29 17:01:23,2018-07-03,82.00,157-881,서울특별시 강서구 화곡동 348-30 (지상 1층),N,,3150000-101-2018-00343,,3150000,"서울특별시 강서구 강서로 57, 1층 (화곡동)",,03,폐업,한식,,,,상수도전용
주택가주변,,명가네감자탕,한식,2008-05-26,,,2026-05-01 22:41:59,I,02,폐업,63.96,,,,3,자율,,,,2005-05-20 00:00:00,1992-05-12,63.96,121-802,서울특별시 마포구 공덕동 173-32,N,0,3130000-101-1992-00342,,3130000,,,03,폐업,한식,02-716-3596,,,상수도전용
기타,,버드네,분식,2000-07-04,193046.952464579,450118.717769315,2026-05-01 22:44:09,I,02,폐업,61.5,,,,0,기타,,,,2000-07-04 00:00:00,2000-02-09,61.50,121-838,서울특별시 마포구 서교동 358-114,N,0,3130000-101-2000-08140,,3130000,,,03,폐업,분식,02-338-2759,,,상수도전용
,,컴포즈커피 홍대 서교점,기타,,193168.052327746,450267.576222732,2026-05-01 22:47:53,I,01,영업,45,,,,,,,,,2024-07-29 16:30:25,2022-12-26,45.00,121-837,서울특별시 마포구 서교동 345-17,N,,3130000-101-2022-01112,,3130000,"서울특별시 마포구 와우산로23길 41, 1층 (서교동)",04055,01,영업/정상,기타,,,,
주택가주변,,자매식당,분식,2013-07-18,191757.010116511,451292.217618274,2026-05-01 22:42:46,I,02,폐업,26.64,,,,1,기타,,,,2013-10-15 12:05:32,1996-01-10,26.64,121-848,서울특별시 마포구 성산동 275-1,N,0,3130000-101-1996-05274,,3130000,,,03,폐업,분식,02-325-6375,,,상수도전용
,,숯불왕소금구이,한식,2007-10-17,191503.88681299,450301.645465496,2026-05-01 22:45:59,I,02,폐업,0,,,,,,,,,2007-10-05 14:25:12,2007-10-05,,121-822,서울특별시 마포구 망원동 404-37 1층,N,,3130000-101-2007-09547,,3130000,,,03,폐업,한식,,,,
,,마룡요리주점 마곡발산점,"외국음식전문점(인도,태국등)",,185581.018019101,450935.144044218,2026-05-01 22:42:40,I,01,영업,42.05,,,,,,,,,2025-08-22 14:51:46,2017-07-25,42.05,157-210,서울특별시 강서구 마곡동 795-2 마곡아이파크 1층 113호,N,,3150000-101-2017-00363,,3150000,"서울특별시 강서구 마곡중앙8로 90, 마곡아이파크 1층 113호 (마곡동)",07803,01,영업/정상,"외국음식전문점(인도,태국등)",02-2662-8822,,,상수도전용
,,쌀베베 공덕점,기타,,195331.885613245,449180.427006045,2026-05-01 22:48:10,I,01,영업,33.41,,,,,,,,,2025-06-05 17:11:06,2025-06-04,33.41,121-805,서울특별시 마포구 공덕동 476 공덕파크자이,N,,3130000-101-2025-00399,,3130000,"서울특별시 마포구 백범로 152, 201동 1층 11호 (공덕동, 공덕파크자이)",04148,01,영업/정상,기타,,,,
기타,,소망분식,한식,2006-05-29,194973.434171925,450585.419699447,2026-05-01 22:39:55,I,02,폐업,24,,,,0,자율,,,,2003-07-05 00:00:00,1996-08-02,24.00,120-809,서울특별시 서대문구 대현동 90-47 (지상1층),N,0,3120000-101-1996-00556,,3120000,,,03,폐업,한식,02-365-2275,,,상수도전용
,,바로커치킨,통닭(치킨),2019-03-29,172320.096202512,434792.457143694,2026-05-01 22:49:53,I,02,폐업,30.12,,,,0,,,,,2019-03-29 13:34:00,2001-06-16,30.12,406-110,인천광역시 연수구 연수동 582-2 연수1차시영상가 208동 지상1층 101호,N,0,3520000-101-2001-00213,,3520000,"인천광역시 연수구 원인재로 212, 208동 지상1층 101호 (연수동, 연수1차아파트 상가)",21932,03,폐업,통닭(치킨),032-813-0204,,,
유흥업소밀집지역,,미인촌,경양식,2018-01-08,193983.907459539,451832.625155137,2026-05-01 22:36:46,I,02,폐업,84.58,,,,0,갑,,,,2018-01-05 18:42:07,1986-07-18,84.58,120-829,서울특별시 서대문구 연희동 88-13,N,1,3120000-101-1986-06190,,3120000,서울특별시 서대문구 연희로 126 (연희동),03724,03,폐업,경양식,02-332-1112,,,상수도전용
유흥업소밀집지역,,혜원분식,분식,2006-01-10,194973.434171925,450585.419699447,2026-05-01 22:38:59,I,02,폐업,32.49,,,,0,기타,,,,2002-01-18 00:00:00,1993-08-21,32.49,120-809,서울특별시 서대문구 대현동 90-47,N,0,3120000-101-1993-06964,,3120000,,,03,폐업,분식,02-0000-0000,,,상수도전용
,,김밥나라,한식,2011-04-18,170938.652786429,433755.427480694,2026-05-01 22:49:48,I,02,폐업,28.81,,,,0,,,,,2007-10-31 14:55:08,1999-09-16,28.81,406-130,인천광역시 연수구 동춘동 932 한양상가 106호 2동(지상1층),N,0,3520000-101-1999-00134,,3520000,,,03,폐업,한식,032-1814-6587,,,
,,아망레스토랑,경양식,2009-11-18,169157.541936838,435069.21730391,2026-05-01 22:49:47,I,02,폐업,161.64,,,,0,,,,,2009-11-18 09:19:33,1998-05-29,161.64,406-835,인천광역시 연수구 옥련동 561-4 (지상2층),N,0,3520000-101-1998-00072,,3520000,,,03,폐업,경양식,,,,
,,설리반,경양식,2020-06-04,196739.979206517,451617.88218634,2026-05-01 22:42:52,I,02,폐업,32.63,,,,,,,,,2020-06-04 10:15:47,2018-05-25,32.63,120-050,서울특별시 서대문구 냉천동 261-2 1층 103호 전체,N,,3120000-101-2018-00134,,3120000,"서울특별시 서대문구 독립문로14길 3, 1층 103호 (냉천동)",03746,03,폐업,경양식,02-393-2846,,,상수도전용
주택가주변,,안산식당,한식,1999-07-23,195620.18510822,453144.13652023,2026-05-01 22:38:56,I,02,폐업,22.32,,,,1,을,,,,2001-09-30 00:00:00,1993-06-09,22.32,120-853,서울특별시 서대문구 홍제동 59-10,N,0,3120000-101-1993-05386,,3120000,,,03,폐업,한식,02-0735-6231,,,상수도전용
기타,,제이디,경양식,1998-11-17,194435.406385144,450570.993352161,2026-05-01 22:39:12,I,02,폐업,51.4,,,,1,기타,,,,2001-09-30 00:00:00,1994-03-19,51.40,120-833,서울특별시 서대문구 창천동 13-33,N,1,3120000-101-1994-09486,,3120000,,,03,폐업,경양식,02-333-2349,,,상수도전용
주택가주변,,시골보리밥,정종/대포집/소주방,2022-09-23,195286.958912427,454577.867564659,2026-05-01 22:40:04,I,02,폐업,25.4,,,,0,기타,,,,2022-09-23 10:33:22,1996-10-24,25.40,120-090,"서울특별시 서대문구 홍제동 266-190 ,208",N,0,3120000-101-1996-09921,,3120000,"서울특별시 서대문구 세검정로3길 72-14 (홍제동,,208)",03623,03,폐업,정종/대포집/소주방,02-391-5689,,,상수도전용
,,치킨플러스 북아현점,호프/통닭,2024-10-04,195811.225733969,450579.266650458,2026-05-01 22:43:52,I,02,폐업,60,,,,,,,,,2024-10-04 10:19:15,2021-10-27,60.00,120-821,서울특별시 서대문구 북아현동 156-36,N,,3120000-101-2021-00351,,3120000,"서울특별시 서대문구 신촌로 245, 지하1층 (북아현동)",03774,03,폐업,호프/통닭,,,,
기타,,엄마손닭한마리칼국수,경양식,2021-11-01,194192.071063989,450752.179311099,2026-05-01 22:38:51,I,02,폐업,27.3,,,,1,기타,,,,2021-11-01 15:28:50,1993-11-12,27.30,120-834,서울특별시 서대문구 창천동 52-16,N,1,3120000-101-1993-00997,,3120000,서울특별시 서대문구 연세로11길 32 (창천동),03788,03,폐업,경양식,02-0333-1647,,,상수도전용
,,명태공,한식,,191604.109906369,451023.788057188,2026-05-01 22:46:01,I,01,영업,158.63,,,,5,,,,,2025-03-11 10:31:49,2008-03-11,158.63,121-848,서울특별시 마포구 성산동 266-16 1층,N,,3130000-101-2008-00091,,3130000,"서울특별시 마포구 월드컵로30길 5 (성산동,1층)",03965,01,영업/정상,한식,02-336-5288,,,상수도전용
,,김밥마을,분식,2002-04-11,171700.763608892,435978.19569008,2026-05-01 22:49:52,I,02,폐업,29.44,,,,0,,,,,2001-08-08 00:00:00,2001-02-15,29.44,406-810,인천광역시 연수구 연수동 495-6 1동(지상1층),N,0,3520000-101-2001-00057,,3520000,,,03,폐업,분식,032-816-6779,,,
,,달그락,분식,,186298.712029304,447490.504198119,2026-05-01 22:45:17,I,01,영업,28.1,,,,,,,,,2026-03-04 11:25:14,2023-07-07,28.10,157-909,서울특별시 강서구 화곡동 900-25 1층,N,,3150000-101-2023-00438,,3150000,"서울특별시 강서구 강서로7길 34-1, 1층 (화곡동)",07777,01,영업/정상,분식,,,,상수도전용
,,백령해송,한식,2012-01-06,168424.793747553,435805.561577663,2026-05-01 22:50:08,I,02,폐업,59.81,,,,,,,,,2008-07-07 19:00:17,2008-07-01,59.81,406-838,인천광역시 연수구 옥련동 194-95 지상1층(능허대2로 38),N,,3520000-101-2008-00141,,3520000,,,03,폐업,한식,,,,
,,만복래,중국식,2023-09-15,193154.300895269,452834.506364021,2026-05-01 22:42:45,I,02,폐업,20,,,,,,,,,2023-09-15 10:21:21,2016-09-01,20.00,120-807,서울특별시 서대문구 남가좌동 341-9 1층,N,,3120000-101-2016-00233,,3120000,"서울특별시 서대문구 증가로10길 6, 1층 (남가좌동)",03665,03,폐업,중국식,,,,
,,커피지향,기타,2020-07-14,194291.742971883,452281.285300441,2026-05-01 22:42:48,I,02,폐업,80,,,,,,,,,2020-07-14 17:26:53,2017-03-27,80.00,120-829,서울특별시 서대문구 연희동 79-8 2층 황제빌딩,N,,3120000-101-2017-00082,,3120000,"서울특별시 서대문구 연희로26길 10, 2층 (연희동, 황제빌딩)",03723,03,폐업,기타,,,,
,,뻘다방,기타,2024-03-10,168586.793115425,431839.387665384,2026-05-01 22:51:00,I,02,폐업,0,,,,,,,,,2024-03-11 04:15:09,2024-03-05,.00,406-081,인천광역시 연수구 송도동 6-1 송도컨벤시아,N,,3520000-101-2024-00077,,3520000,"인천광역시 연수구 센트럴로 123, 송도컨벤시아 3홀 일부(부스5)호 (송도동)",21998,03,폐업,기타,,,,
,,송도시티(SONGDO CITY),경양식,,168560.099440134,432352.509119,2026-05-01 22:50:56,I,01,영업,95.3,,,,,,,,,2025-07-21 11:49:02,2023-02-03,95.30,406-081,인천광역시 연수구 송도동 22-22 푸르지오월드마크 8단지동 201호,N,,3520000-101-2023-00050,,3520000,"인천광역시 연수구 컨벤시아대로 126, 지상2층 201호 (송도동, 푸르지오월드마크)",22003,01,영업/정상,경양식,,,,
,,토담옛날통닭 선학점,호프/통닭,,173017.188399319,435781.003238889,2026-05-01 22:50:51,I,01,영업,42.32,,,,,,,,,2023-11-17 19:53:34,2021-09-14,42.32,406-807,인천광역시 연수구 선학동 364-9 1층일부호,N,,3520000-101-2021-00490,,3520000,"인천광역시 연수구 학나래로5번길 10, 1층 일부호 (선학동)",21911,01,영업/정상,호프/통닭,,,,
,,카츠륜,일식,,184749.475457317,450917.336925196,2026-05-01 22:45:49,I,01,영업,36.42,,,,,,,,,2025-12-17 15:38:37,2025-11-26,36.42,157-210,서울특별시 강서구 마곡동 773-1 마곡역센트럴푸르지오시티 1층 101호,N,,3150000-101-2025-00686,,3150000,"서울특별시 강서구 마곡중앙6로 10, 마곡역센트럴푸르지오시티 1층 101호 (마곡동)",07801,01,영업/정상,일식,070-4607-5408,,,상수도전용
,,맵스떡볶이,분식,2020-08-04,192082.978897736,451682.625773821,2026-05-01 22:46:54,I,02,폐업,38.65,,,,,,,,,2020-08-04 11:51:43,2016-03-31,38.65,121-849,서울특별시 마포구 성산동 137-4 1층일부,N,,3130000-101-2016-00220,,3130000,"서울특별시 마포구 월드컵북로26길 17 (성산동, 1층일부)",03949,03,폐업,분식,,,,
,,나카메구로히쯔지,일식,2019-07-12,192627.903106218,449703.876402515,2026-05-01 22:47:05,I,02,폐업,49.81,,,,,,,,,2019-07-12 11:10:49,2017-09-18,49.81,121-840,서울특별시 마포구 서교동 396-46 5층,N,,3130000-101-2017-00793,,3130000,"서울특별시 마포구 독막로3길 30 (서교동, 5층)",04047,03,폐업,일식,,,,
,,하노이엔,"외국음식전문점(인도,태국등)",,191546.230921422,450961.399357398,2026-05-01 22:47:41,I,01,영업,40,,,,,,,,,2025-12-09 15:52:59,2021-05-10,40.00,121-827,서울특별시 마포구 망원동 477-1,N,,3130000-101-2021-00399,,3130000,"서울특별시 마포구 방울내로 90, 1층 102호 (망원동)",03963,01,영업/정상,"외국음식전문점(인도,태국등)",,,,
주택가주변,,황토방,분식,2001-02-01,183167.693658057,451500.647067722,2026-05-01 22:38:33,I,02,폐업,20.53,,,,,기타,,,,2010-05-17 14:02:19,1998-08-19,20.53,157-853,서울특별시 강서구 방화동 614-131,N,2,3150000-101-1998-01775,,3150000,,,03,폐업,분식,02-663-1094,,,상수도전용
,,대박맛집,기타,2025-10-19,190931.000875925,451427.722144609,2026-05-01 22:48:13,I,02,폐업,0,,,,,,,,,2025-10-20 04:15:23,2025-10-02,,121-849,"서울특별시 마포구 성산동 533-1 마포농수산물시장,마포구시설관리공단",N,,3130000-101-2025-00757,,3130000,"서울특별시 마포구 월드컵로 235, 마포농수산물시장 (성산동)",03901,03,폐업,기타,,,,
,,레이브 에스프레소 바 상수,기타,,193193.119950474,449630.126681254,2026-05-01 22:48:13,I,01,영업,36.9,,,,,,,,,2025-10-02 14:18:28,2025-10-02,36.90,121-828,서울특별시 마포구 상수동 93-28,N,,3130000-101-2025-00755,,3130000,"서울특별시 마포구 독막로19길 43, 1층 우측호 (상수동)",04068,01,영업/정상,기타,,,,
기타,,비어아지트(BEER AZIT),분식,2014-07-29,185796.522248947,450735.884713387,2026-05-01 22:40:46,I,02,폐업,221.61,,,,4,자율,,,,2012-11-19 08:14:01,2004-01-16,221.61,157-930,서울특별시 강서구 등촌동 673-6 성원쌍떼뷰오피스텔 201~202호,N,1,3150000-101-2004-00032,,3150000,"서울특별시 강서구 공항대로 291, 2층 201~202호 (등촌동, 3동)",07591,03,폐업,분식,,,,상수도전용
,,너를응원해,한식,2020-10-07,185483.471726936,449088.9995649,2026-05-01 22:43:44,I,02,폐업,30.86,,,,,,,,,2020-10-07 13:57:17,2020-01-17,30.86,157-922,서울특별시 강서구 화곡동 1034-1 (지상 1층),N,,3150000-101-2020-00031,,3150000,"서울특별시 강서구 화곡로21길 72, 1층 (화곡동)",07707,03,폐업,한식,,,,상수도전용
,,뉴올 재즈 라운지,경양식,,192936.801025414,450512.815656812,2026-05-01 22:48:04,I,01,영업,120,,,,,,,,,2024-05-30 10:06:48,2024-05-03,120.00,121-819,서울특별시 마포구 동교동 201-16 국제빌딩,Y,,3130000-101-2024-00398,,3130000,"서울특별시 마포구 동교로23길 14, 국제빌딩 지층 (동교동)",03992,01,영업/정상,경양식,,,,
,,아틀란티스(ATLANTIS),호프/통닭,,193713.330438911,450322.961262428,2026-05-01 22:46:40,I,01,영업,28.33,,,,,,,,,2014-07-23 15:48:12,2014-07-23,28.33,121-836,서울특별시 마포구 서교동 327-27 지층일부(우측),N,,3130000-101-2014-00585,,3130000,"서울특별시 마포구 와우산로29길 4-36 (서교동, 지층일부(우측))",04052,01,영업/정상,호프/통닭,,,,
,,아민연남,"외국음식전문점(인도,태국등)",,193471.019566464,451271.923133734,2026-05-01 22:47:49,I,01,영업,67.31,,,,,,,,,2025-12-08 17:23:25,2022-07-12,67.31,121-865,서울특별시 마포구 연남동 224-5,N,,3130000-101-2022-00596,,3130000,"서울특별시 마포구 동교로52길 10-7, 1층 (연남동)",03981,01,영업/정상,"외국음식전문점(인도,태국등)",,,,
기타,,비에이치씨(BHC)치킨 연수선학점,통닭(치킨),,173383.493477295,435919.616344878,2026-05-01 22:49:59,I,01,영업,19.16,,,,0,,,,,2022-03-10 14:08:12,2004-04-27,19.16,406-090,인천광역시 연수구 선학동 352 뉴서울상가 117호,N,0,3520000-101-2004-00073,,3520000,"인천광역시 연수구 선학로 101 (선학동,뉴서울상가 117호)",21910,01,영업/정상,통닭(치킨),032-815-0302,,,상수도전용
,,어우러기,한식,,170648.212125202,436149.6135324,2026-05-01 22:50:16,I,01,영업,99.47,,,,,,,,,2024-04-19 13:52:01,2010-09-10,99.47,406-829,인천광역시 연수구 청학동 551-14 지상1층,N,,3520000-101-2010-00196,,3520000,"인천광역시 연수구 계림로112번길 16 (청학동,지상1층)",21906,01,영업/정상,한식,,,,상수도전용
,,주식회사 케이스톰(한류스톰),기타,,192716.491596712,449982.653532805,2026-05-01 22:48:13,I,01,영업,194.51,,,,,,,,,2025-09-25 16:04:47,2025-09-25,194.51,121-893,서울특별시 마포구 서교동 373-6,N,,3130000-101-2025-00726,,3130000,"서울특별시 마포구 양화로12길 23, 1층 (서교동)",04043,01,영업/정상,기타,,,,
기타,,주락,한식,,192098.051816578,453232.178212674,2026-05-01 22:43:22,I,01,영업,25.9,,,,,기타,,,,2019-06-03 15:22:11,2018-08-14,25.90,120-814,서울특별시 서대문구 북가좌동 324-25 1층 전면 우측,N,,3120000-101-2018-00397,,3120000,"서울특별시 서대문구 응암로1길 8, 1층 (북가좌동)",03678,01,영업/정상,한식,,,,상수도전용
주택가주변,,샛별식당,한식,2005-03-17,193024.636927574,453307.392569099,2026-05-01 22:40:43,I,02,폐업,22.5,,,,0,자율,,,,2002-02-22 00:00:00,1999-11-26,22.50,120-800,서울특별시 서대문구 남가좌동 5-92,N,0,3120000-101-1999-04613,,3120000,,,03,폐업,한식,02-303-6806,,,상수도전용
,,명가김밥,한식,2013-06-18,173135.20819497,436148.126199161,2026-05-01 22:50:17,I,02,폐업,26.98,,,,,,,,,2013-03-22 14:43:38,2011-06-24,26.98,406-808,인천광역시 연수구 선학동 403-6 지상1층,N,,3520000-101-2011-00115,,3520000,"인천광역시 연수구 학나래로 88, 지상1층 (선학동)",21909,03,폐업,한식,,,,상수도전용
유흥업소밀집지역,,무진기행2,정종/대포집/소주방,2001-03-26,194815.268719241,450740.944498133,2026-05-01 22:40:07,I,02,폐업,48.51,,,,,기타,,,,2001-03-28 00:00:00,1997-10-30,48.51,120-809,서울특별시 서대문구 대현동 110-2,N,,3120000-101-1997-02620,,3120000,,,03,폐업,정종/대포집/소주방,02-0392-9386,,,상수도전용
주택가주변,,토마토김밥집,분식,2000-05-04,193095.175841622,453324.436720411,2026-05-01 22:40:19,I,02,폐업,11.52,,,,,을,,,,2001-03-16 00:00:00,1998-07-11,11.52,120-800,서울특별시 서대문구 남가좌동 5-139,N,,3120000-101-1998-02274,,3120000,,,03,폐업,분식,02-0302-9111,,,상수도전용
,,골목집,한식,,186577.123805849,447531.8801577,2026-05-01 22:41:29,I,01,영업,35.52,,,,,갑,,,,2025-03-12 09:00:40,2009-07-30,35.52,157-908,서울특별시 강서구 화곡동 894-6 1층,N,,3150000-101-2009-00255,,3150000,"서울특별시 강서구 강서로8길 15, 1층 (화곡동)",07781,01,영업/정상,한식,02-2601-8600,,,상수도전용
,,656포차,호프/통닭,,187061.739884688,450426.970845876,2026-05-01 22:45:32,I,01,영업,89.1,,,,,,,,,2024-08-23 10:13:50,2024-08-23,89.10,157-842,서울특별시 강서구 등촌동 656-48 태영빌딩,N,,3150000-101-2024-00530,,3150000,"서울특별시 강서구 공항대로45길 11, 태영빌딩 3층 (등촌동)",07572,01,영업/정상,호프/통닭,02-2063-3655,,,상수도전용
기타,,홍제회관,한식,1995-11-30,195024.356116131,453992.743836303,2026-05-01 22:37:05,I,02,폐업,211.32,,,,0,지도,,,,2001-09-30 00:00:00,1988-11-03,211.32,120-859,서울특별시 서대문구 홍제동 173-2,N,0,3120000-101-1988-03573,,3120000,,,03,폐업,한식,,,,상수도전용
,,아지아(AZIA),"외국음식전문점(인도,태국등)",2022-06-24,171285.024951961,435488.291676344,2026-05-01 22:50:53,I,02,폐업,40,,,,,,,,,2022-06-24 15:49:58,2022-06-02,40.00,406-814,인천광역시 연수구 연수동 551-6 일부호,N,,3520000-101-2022-00188,,3520000,"인천광역시 연수구 새말로 51, 지상1층 일부호 (연수동)",21921,03,폐업,"외국음식전문점(인도,태국등)",,,,
,,꼭시넬,경양식,,193847.387973446,452749.47986283,2026-05-01 22:44:49,I,01,영업,33,,,,,,,,,2025-04-02 11:28:44,2025-04-02,33.00,120-827,서울특별시 서대문구 연희동 719-19,N,,3120000-101-2025-00102,,3120000,"서울특별시 서대문구 홍제천로 156-7, 1층 (연희동)",03696,01,영업/정상,경양식,,,,
,,발산)낙지보쌈&낙지수제비,한식,,185550.853784183,450482.868069557,2026-05-01 22:45:16,I,01,영업,78.68,,,,,,,,,2026-03-27 14:32:38,2023-06-27,78.68,157-834,"서울특별시 강서구 내발산동 655-6 1층 2,3호",N,,3150000-101-2023-00412,,3150000,"서울특별시 강서구 강서로 341, 1층 2,3호 (내발산동)",07632,01,영업/정상,한식,,,,상수도전용
,,오늘의 식탁,한식,2023-04-05,195215.782584886,454320.765225854,2026-05-01 22:43:29,I,02,폐업,66.12,,,,,,,,,2023-04-05 16:47:38,2019-04-19,66.12,120-857,서울특별시 서대문구 홍제동 266-24,N,,3120000-101-2019-00102,,3120000,"서울특별시 서대문구 세무서길 73, 2층 203호 (홍제동)",03624,03,폐업,한식,,,,
,,바다네 생선구이,기타,2021-06-04,190125.564768858,453090.149821248,2026-05-01 22:47:25,I,02,폐업,39.34,,,,,,,,,2021-06-04 11:27:07,2020-03-04,39.34,121-904,서울특별시 마포구 상암동 1601 케이지아이티센터,N,,3130000-101-2020-00182,,3130000,"서울특별시 마포구 월드컵북로 402, 케이지아이티센터 지1층 B118호 (상암동)",03925,03,폐업,기타,,,,
,,신수돈가스,한식,2024-04-17,194263.705216307,449254.001560924,2026-05-01 22:47:43,I,02,폐업,26.4,,,,,,,,,2024-05-16 15:54:00,2021-07-22,26.40,121-856,서울특별시 마포구 신수동 264-3,N,,3130000-101-2021-00660,,3130000,"서울특별시 마포구 토정로17길 20, 1층 3호 (신수동)",04088,03,폐업,한식,,,,
,,순살베스트치킨,통닭(치킨),2007-02-08,171022.476403852,434139.008471616,2026-05-01 22:49:51,I,02,폐업,18.61,,,,0,,,,,2005-04-14 00:00:00,2000-08-18,18.61,406-130,인천광역시 연수구 동춘동 924 현대.대림2차상가 (지하10호),N,0,3520000-101-2000-00221,,3520000,,,03,폐업,통닭(치킨),032-815-4489,,,
,,수정,한식,2023-11-30,,,2026-05-01 22:41:04,I,02,폐업,49.5,,,,0,,,,,2023-11-30 11:01:36,2001-04-09,49.50,120-120,"서울특별시 서대문구 남가좌동 272 , 273-12",N,0,3120000-101-2001-05113,,3120000,,,03,폐업,한식,02-372-3627,,,
유흥업소밀집지역,,누님네,경양식,1999-02-24,194501.815568994,450433.80817938,2026-05-01 22:39:49,I,02,폐업,34.5,,,,0,기타,,,,2001-09-30 00:00:00,1995-01-14,34.50,120-833,서울특별시 서대문구 창천동 29-74,N,0,3120000-101-1995-06671,,3120000,,,03,폐업,경양식,02-0000-0000,,,상수도전용
,,쭈노치킨(옥련점),통닭(치킨),2009-06-23,168420.638068605,436015.156283761,2026-05-01 22:49:45,I,02,폐업,36.72,,,,0,,,,,2008-07-25 11:47:47,1997-09-04,36.72,406-838,인천광역시 연수구 옥련동 194-107 지상1층(인송길22),N,0,3520000-101-1997-00109,,3520000,,,03,폐업,통닭(치킨),032-833-9524,,,
기타,,훼미리레스토랑,경양식,1995-03-20,187841.42609226,448281.701838775,2026-05-01 22:36:32,I,02,폐업,95.26,,,,2,자율,,,,2001-09-28 00:00:00,1994-06-09,95.26,157-837,서울특별시 강서구 등촌동 566-1,N,1,3150000-101-1994-03870,,3150000,,,03,폐업,경양식,02-0651-9041,,,상수도전용
주택가주변,,탈무드치킨,분식,1997-01-30,185710.575684167,448940.767124943,2026-05-01 22:35:53,I,02,폐업,27.75,,,,0,기타,,,,2001-09-28 00:00:00,1992-12-26,27.75,157-922,서울특별시 강서구 화곡동 1051-17,N,0,3150000-101-1992-02937,,3150000,,,03,폐업,분식,02-690-6198,,,상수도전용
기타,,예굴레스토랑,경양식,1993-08-25,185704.908830802,447566.530950317,2026-05-01 22:35:43,I,02,폐업,119.2,,,,0,지도,,,,2001-09-28 00:00:00,1991-12-31,119.20,157-883,서울특별시 강서구 화곡동 357-22,N,0,3150000-101-1991-03712,,3150000,,,03,폐업,경양식,02-0601-1138,,,상수도전용
,,반달가족,한식,,191705.251436204,452577.650186442,2026-05-01 22:42:48,I,01,영업,33,,,,,,,,,2017-04-21 14:51:24,2017-04-21,33.00,120-816,서울특별시 서대문구 북가좌동 385-8 가호 지상1층,N,,3120000-101-2017-00117,,3120000,"서울특별시 서대문구 응암로 11, 가호 지상1층 (북가좌동)",03714,01,영업/정상,한식,02-309-0888,,,
,,동대문엽기떡볶이 가양점,한식,,187160.665637183,450873.017067141,2026-05-01 22:41:10,I,01,영업,64.85,,,,,,,,,2025-07-30 14:51:06,2006-04-24,64.85,157-838,서울특별시 강서구 등촌동 628-9 가양역 더스카이밸리5차 지식산업센터,N,,3150000-101-2006-00139,,3150000,"서울특별시 강서구 화곡로 416, 가양역 더스카이밸리5차 지식산업센터 1층 118호 (등촌동)",07548,01,영업/정상,한식,02-2659-8592,,,간이상수도
,,대한수제버거,경양식,2023-12-22,193072.019261422,450026.42453291,2026-05-01 22:47:53,I,02,폐업,63.96,,,,,,,,,2023-12-22 15:24:57,2023-01-11,63.96,121-838,서울특별시 마포구 서교동 358-38,N,,3130000-101-2023-00024,,3130000,"서울특별시 마포구 와우산로21길 28, 1층 좌측호 (서교동)",04040,03,폐업,경양식,,,,
,,백반이 맛있는 집,패밀리레스트랑,2023-08-14,191937.475145786,450398.225722741,2026-05-01 22:47:42,I,02,폐업,33.84,,,,,,,,,2024-05-17 10:00:11,2021-06-21,33.84,121-820,서울특별시 마포구 망원동 377-16,N,,3130000-101-2021-00544,,3130000,"서울특별시 마포구 동교로9길 44, 1,2층 103호 (망원동)",04012,03,폐업,패밀리레스트랑,02-326-2264,,,
,,레체(Leche),기타,2024-01-29,193374.408494407,451157.193748146,2026-05-01 22:47:46,I,02,폐업,69.27,,,,,,,,,2024-01-29 10:42:33,2022-02-10,69.27,121-867,서울특별시 마포구 연남동 387-8,N,,3130000-101-2022-00083,,3130000,"서울특별시 마포구 동교로 262-13, 2층일부, 3층 (연남동)",03982,03,폐업,기타,,,,
,,호랑이카레,일식,2025-05-09,185095.247005248,450885.058431205,2026-05-01 22:43:47,I,02,폐업,60.27,,,,,,,,,2025-05-09 15:28:15,2020-06-09,60.27,157-210,서울특별시 강서구 마곡동 774-9 사이언스타 1층 101호,N,,3150000-101-2020-00316,,3150000,"서울특별시 강서구 마곡중앙6로 42, 사이언스타 1층 101호 (마곡동)",07802,03,폐업,일식,,,,상수도전용
기타,,용궁,중국식,2003-10-10,192920.537855245,449589.550729975,2026-05-01 22:42:07,I,02,폐업,29.21,,,,0,기타,,,,2000-04-18 00:00:00,1993-12-24,29.21,121-895,서울특별시 마포구 서교동 411-15 1층동,N,0,3130000-101-1993-02326,,3130000,,,03,폐업,중국식,02-336-9606,,,상수도전용
기타,,현대감자탕,한식,1994-06-29,195771.292,449054.649,2026-05-01 22:42:12,I,02,폐업,12.77,,,,0,기타,,,,2002-04-09 00:00:00,1994-03-14,12.77,121-851,서울특별시 마포구 신공덕동 27-9,N,1,3130000-101-1994-00465,,3130000,,,03,폐업,한식,02-0000-0000,,,상수도전용
학교정화(상대),,부뚜막,한식,2005-08-10,195114.949470486,449684.477718518,2026-05-01 22:43:44,I,02,폐업,19.6,,,,0,기타,,,,2004-11-11 00:00:00,1999-02-11,19.60,121-872,서울특별시 마포구 염리동 81-1,N,0,3130000-101-1999-06993,,3130000,,,03,폐업,한식,02-711-1467,,,상수도전용
,,모던진진,중국식,,187727.758706201,450500.126506809,2026-05-01 22:45:09,I,01,영업,108.88,,,,,,,,,2023-01-02 10:51:28,2023-01-02,108.88,157-839,서울특별시 강서구 등촌동 631-5 NH서울축산농협 NH서울타워,Y,,3150000-101-2023-00003,,3150000,"서울특별시 강서구 양천로 570, NH서울축산농협 NH서울타워 2층 214호 (등촌동)",07551,01,영업/정상,중국식,,,,상수도전용
,,금돼지 은돼지,식육(숯불구이),,171709.479556435,434704.214942585,2026-05-01 22:49:47,I,01,영업,104.02,,,,0,,,,,2025-04-28 14:39:48,1998-05-14,104.02,406-818,인천광역시 연수구 연수동 620-14 지상1층,N,0,3520000-101-1998-00158,,3520000,"인천광역시 연수구 벚꽃로158번길 33, 지상1층 (연수동)",21929,01,영업/정상,식육(숯불구이),032-817-7506,,,
,,송화 진순대국,한식,,185416.011575597,449621.753840161,2026-05-01 22:42:12,I,01,영업,33,,,,,,,,,2024-03-08 11:51:24,2014-05-27,33.00,157-835,서울특별시 강서구 내발산동 723-10,N,,3150000-101-2014-00150,,3150000,"서울특별시 강서구 강서로45나길 16, 1층 5호 (내발산동)",07639,01,영업/정상,한식,,,,상수도전용
,,선칼국수,한식,,195197.290496367,450330.699970455,2026-05-01 22:46:20,I,01,영업,18,,,,,,,,,2011-08-30 11:38:17,2011-08-30,18.00,121-808,서울특별시 마포구 대흥동 3-14 1층 일부,N,,3130000-101-2011-00555,,3130000,"서울특별시 마포구 대흥로28길 8 (대흥동,1층 일부)",04112,01,영업/정상,한식,,,,
,,THEBOOTH(더부스),기타,2022-09-03,167634.902703367,433863.609856745,2026-05-01 22:50:53,I,02,폐업,25,,,,,,,,,2022-09-04 04:15:09,2022-08-19,25.00,406-081,인천광역시 연수구 송도동 26-1 달빛축제공원,N,,3520000-101-2022-00339,,3520000,"인천광역시 연수구 센트럴로 350, 달빛축제공원 A존 가-4 (송도동)",22005,03,폐업,기타,,,,
기타,,우정감자탕,한식,,186060.178827078,448951.886728104,2026-05-01 22:35:04,I,01,영업,24.5,,,,0,지도,,,,2021-12-28 09:25:27,1988-11-24,24.50,157-871,서울특별시 강서구 화곡동 98-59,N,1,3150000-101-1988-01703,,3150000,서울특별시 강서구 화곡로 194-48 (화곡동),07727,01,영업/정상,한식,02-2696-6533,,,상수도전용
,,옛날통닭,통닭(치킨),2012-08-29,193745.025968088,451598.168232248,2026-05-01 22:42:09,I,02,폐업,26.26,,,,,,,,,2010-05-14 15:45:29,2010-05-14,26.26,120-825,서울특별시 서대문구 연희동 188-66 외1필지(188-60) (지상1층),N,,3120000-101-2010-00086,,3120000,,,03,폐업,통닭(치킨),02-323-3395,,,
기타,,에쿠스,정종/대포집/소주방,2008-06-30,185541.756668597,448401.661453174,2026-05-01 22:40:21,I,02,폐업,26.88,,,,1,,,,,2024-11-17 10:03:23,2002-11-07,26.88,157-884,서울특별시 강서구 화곡동 379-50,N,1,3150000-101-2002-00683,,3150000,서울특별시 강서구 화곡로20길 59 (화곡동),07719,03,폐업,정종/대포집/소주방,,,,상수도전용
,,일미식당,한식,2003-03-11,185442.784096371,449128.302704289,2026-05-01 22:40:21,I,02,폐업,25.8,,,,1,,,,,2002-11-12 00:00:00,2002-11-12,25.80,157-918,서울특별시 강서구 화곡동 1021-4,N,1,3150000-101-2002-00696,,3150000,,,03,폐업,한식,,,,
기타,,아테네,정종/대포집/소주방,2001-02-01,183104.921767715,450886.638672351,2026-05-01 22:36:41,I,02,폐업,177.69,,,,1,기타,,,,2001-02-21 00:00:00,1995-11-03,177.69,157-812,서울특별시 강서구 공항동 52-25,N,1,3150000-101-1995-01222,,3150000,,,03,폐업,정종/대포집/소주방,02-607-3567,,,상수도전용
주택가주변,,압구정김밥,한식,2000-05-19,186607.523841627,447600.715924168,2026-05-01 22:38:15,I,02,폐업,19.52,,,,2,자율,,,,2001-09-28 00:00:00,1997-05-08,19.52,157-908,서울특별시 강서구 화곡동 896-13,N,,3150000-101-1997-04557,,3150000,,,03,폐업,한식,02-695-7335,,,상수도전용
유흥업소밀집지역,,모비딕,분식,2000-05-08,193159.925191415,450034.574644267,2026-05-01 22:42:45,I,02,폐업,142.14,,,,,기타,,,,2002-06-14 00:00:00,1996-12-06,142.14,121-838,서울특별시 마포구 서교동 358-34,N,,3130000-101-1996-04694,,3130000,,,03,폐업,분식,02-326-3837,,,상수도전용
,,마이스톤,식육(숯불구이),2015-04-28,171926.076708191,433811.136423145,2026-05-01 22:50:24,I,02,폐업,320.6,,,,,,,,,2014-08-05 18:35:28,2014-07-18,320.60,406-827,인천광역시 연수구 동춘동 926 스퀘어원점 지상5층,N,,3520000-101-2014-00211,,3520000,"인천광역시 연수구 청능대로 210, 지상5층 (동춘동, 스퀘어원점)",21975,03,폐업,식육(숯불구이),032-456-4459,,,상수도전용
,,돈마실,식육(숯불구이),2018-11-07,168839.684913757,432963.517377783,2026-05-01 22:50:26,I,02,폐업,139.16,,,,,,,,,2018-11-07 15:54:13,2015-05-13,139.16,406-081,"인천광역시 연수구 송도동 20-18 아데니움플라자108호,109호,110호",N,,3520000-101-2015-00122,,3520000,"인천광역시 연수구 신송로 164 (송도동, 아데니움플라자108호,109호,110호)",22001,03,폐업,식육(숯불구이),032-834-3512,,,
,,황소곱창,한식,2021-05-21,194952.282611139,450563.25807895,2026-05-01 22:41:12,I,02,폐업,16.5,,,,0,,,,,2021-05-24 10:56:46,2001-07-19,16.50,120-809,서울특별시 서대문구 대현동 90-58,N,0,3120000-101-2001-10939,,3120000,,,03,폐업,한식,,,,
주택가주변,,실내포장마차,정종/대포집/소주방,1994-06-29,,,2026-05-01 22:39:01,I,02,폐업,9.12,,,,0,을,,,,2001-09-30 00:00:00,1993-10-11,9.12,120-050,서울특별시 서대문구 냉천동 98-0,N,0,3120000-101-1993-10240,,3120000,,,03,폐업,정종/대포집/소주방,02-0000-0000,,,상수도전용
